basin_id,date,streamflow_mm_day,quality_flag
12375900,2006-10-01,0.99253549695740373,A
12375900,2006-10-02,1.0049421906693712,A
12375900,2006-10-03,0.98012880324543628,A
12375900,2006-10-04,0.98012880324543628,A
12375900,2006-10-05,0.98012880324543628,A
12375900,2006-10-06,0.96772210953346871,A
12375900,2006-10-07,0.90568864097363089,A
12375900,2006-10-08,0.89328194726166332,A
12375900,2006-10-09,0.91809533468559856,A
12375900,2006-10-10,0.90568864097363089,A
12375900,2006-10-11,0.89328194726166332,A
12375900,2006-10-12,0.89328194726166332,A
12375900,2006-10-13,0.8684685598377283,A
12375900,2006-10-14,0.88087525354969576,A
12375900,2006-10-15,0.90568864097363089,A
12375900,2006-10-16,1.0297555780933065,A
12375900,2006-10-17,1.0173488843813387,A
12375900,2006-10-18,0.95531541582150115,A
12375900,2006-10-19,1.0049421906693712,A
12375900,2006-10-20,1.203449290060852,A
12375900,2006-10-21,1.203449290060852,A
12375900,2006-10-22,1.0917890466531441,A
12375900,2006-10-23,1.0173488843813387,A
12375900,2006-10-24,0.98012880324543628,A
12375900,2006-10-25,0.94290872210953347,A
12375900,2006-10-26,0.89328194726166332,A
12375900,2006-10-27,0.89328194726166332,A
12375900,2006-10-28,0.88087525354969576,A
12375900,2006-10-29,0.88087525354969576,A
12375900,2006-10-30,0.8684685598377283,A:e
12375900,2006-10-31,0.80643509127789059,A:e
12375900,2006-11-01,0.84365517241379318,A:e
12375900,2006-11-02,0.89328194726166332,A
12375900,2006-11-03,0.95531541582150115,A
12375900,2006-11-04,0.95531541582150115,A
12375900,2006-11-05,1.0297555780933065,A
12375900,2006-11-06,1.1166024340770793,A
12375900,2006-11-07,1.9850709939148075,A
12375900,2006-11-08,2.3572718052738337,A
12375900,2006-11-09,1.8610040567951318,A
12375900,2006-11-10,1.4888032454361055,A
12375900,2006-11-11,1.3647363083164301,A
12375900,2006-11-12,1.3647363083164301,A
12375900,2006-11-13,1.203449290060852,A
12375900,2006-11-14,1.1290091277890468,A
12375900,2006-11-15,1.0793823529411763,A
12375900,2006-11-16,1.0421622718052741,A
12375900,2006-11-17,0.99253549695740373,A
12375900,2006-11-18,0.95531541582150115,A
12375900,2006-11-19,0.93050202839756591,A
12375900,2006-11-20,0.96772210953346871,A
12375900,2006-11-21,1.0917890466531441,A
12375900,2006-11-22,1.1166024340770793,A
12375900,2006-11-23,1.1041957403651117,A
12375900,2006-11-24,1.0545689655172417,A
12375900,2006-11-25,1.0297555780933065,A
12375900,2006-11-26,1.0049421906693712,A
12375900,2006-11-27,1.0297555780933065,A
12375900,2006-11-28,0.99253549695740373,A
12375900,2006-11-29,0.93050202839756591,A:e
12375900,2006-11-30,0.89328194726166332,A:e
12375900,2006-12-01,0.89328194726166332,A
12375900,2006-12-02,0.90568864097363089,A
12375900,2006-12-03,0.89328194726166332,A
12375900,2006-12-04,0.89328194726166332,A
12375900,2006-12-05,0.91809533468559856,A
12375900,2006-12-06,0.89328194726166332,A
12375900,2006-12-07,0.89328194726166332,A
12375900,2006-12-08,0.8684685598377283,A
12375900,2006-12-09,0.84365517241379318,A
12375900,2006-12-10,0.83124847870182572,A
12375900,2006-12-11,0.83124847870182572,A
12375900,2006-12-12,0.83124847870182572,A
12375900,2006-12-13,0.83124847870182572,A
12375900,2006-12-14,0.83124847870182572,A
12375900,2006-12-15,0.85606186612576074,A
12375900,2006-12-16,0.8684685598377283,A
12375900,2006-12-17,0.84365517241379318,A
12375900,2006-12-18,0.74440162271805277,A:e
12375900,2006-12-19,0.76921501014198801,A:e
12375900,2006-12-20,0.79402839756592303,A:e
12375900,2006-12-21,0.79402839756592303,A
12375900,2006-12-22,0.79402839756592303,A
12375900,2006-12-23,0.78162170385395535,A
12375900,2006-12-24,0.78162170385395535,A
12375900,2006-12-25,0.78162170385395535,A
12375900,2006-12-26,0.80643509127789059,A
12375900,2006-12-27,0.81884178498985793,A
12375900,2006-12-28,0.81884178498985793,A
12375900,2006-12-29,0.80643509127789059,A
12375900,2006-12-30,0.78162170385395535,A
12375900,2006-12-31,0.78162170385395535,A
12375900,2007-01-01,0.78162170385395535,A
12375900,2007-01-02,0.78162170385395535,A
12375900,2007-01-03,0.79402839756592303,A
12375900,2007-01-04,0.79402839756592303,A
12375900,2007-01-05,0.80643509127789059,A
12375900,2007-01-06,0.80643509127789059,A
12375900,2007-01-07,0.79402839756592303,A
12375900,2007-01-08,0.78162170385395535,A
12375900,2007-01-09,0.78162170385395535,A
12375900,2007-01-10,0.78162170385395535,A
12375900,2007-01-11,0.62033468559837734,A:e
12375900,2007-01-12,0.55830121703853963,A:e
12375900,2007-01-13,0.58311460446247476,A:e
12375900,2007-01-14,0.62033468559837734,A:e
12375900,2007-01-15,0.62033468559837734,A:e
12375900,2007-01-16,0.64514807302231247,A:e
12375900,2007-01-17,0.6699614604462476,A:e
12375900,2007-01-18,0.69477484787018262,A:e
12375900,2007-01-19,0.73199492900608532,A
12375900,2007-01-20,0.75680831643002033,A
12375900,2007-01-21,0.74440162271805277,A
12375900,2007-01-22,0.73199492900608532,A
12375900,2007-01-23,0.75680831643002033,A
12375900,2007-01-24,0.78162170385395535,A
12375900,2007-01-25,0.78162170385395535,A
12375900,2007-01-26,0.76921501014198801,A
12375900,2007-01-27,0.75680831643002033,A
12375900,2007-01-28,0.73199492900608532,A
12375900,2007-01-29,0.73199492900608532,A
12375900,2007-01-30,0.73199492900608532,A
12375900,2007-01-31,0.71958823529411764,A
12375900,2007-02-01,0.71958823529411764,A
12375900,2007-02-02,0.70718154158215019,A
12375900,2007-02-03,0.70718154158215019,A
12375900,2007-02-04,0.71958823529411764,A
12375900,2007-02-05,0.75680831643002033,A
12375900,2007-02-06,0.76921501014198801,A
12375900,2007-02-07,0.78162170385395535,A
12375900,2007-02-08,0.79402839756592303,A
12375900,2007-02-09,0.81884178498985793,A
12375900,2007-02-10,0.83124847870182572,A
12375900,2007-02-11,0.80643509127789059,A
12375900,2007-02-12,0.80643509127789059,A
12375900,2007-02-13,0.80643509127789059,A
12375900,2007-02-14,0.79402839756592303,A
12375900,2007-02-15,0.78162170385395535,A
12375900,2007-02-16,0.78162170385395535,A
12375900,2007-02-17,0.76921501014198801,A
12375900,2007-02-18,0.75680831643002033,A
12375900,2007-02-19,0.75680831643002033,A
12375900,2007-02-20,0.73199492900608532,A
12375900,2007-02-21,0.73199492900608532,A
12375900,2007-02-22,0.73199492900608532,A
12375900,2007-02-23,0.73199492900608532,A
12375900,2007-02-24,0.70718154158215019,A
12375900,2007-02-25,0.70718154158215019,A
12375900,2007-02-26,0.69477484787018262,A
12375900,2007-02-27,0.68236815415821506,A
12375900,2007-02-28,0.68236815415821506,A
12375900,2007-03-01,0.68236815415821506,A
12375900,2007-03-02,0.65755476673427993,A
12375900,2007-03-03,0.65755476673427993,A
12375900,2007-03-04,0.65755476673427993,A
12375900,2007-03-05,0.65755476673427993,A
12375900,2007-03-06,0.6699614604462476,A
12375900,2007-03-07,0.69477484787018262,A
12375900,2007-03-08,0.83124847870182572,A
12375900,2007-03-09,0.85606186612576074,A
12375900,2007-03-10,0.83124847870182572,A
12375900,2007-03-11,0.83124847870182572,A
12375900,2007-03-12,1.0421622718052741,A
12375900,2007-03-13,1.9850709939148075,A
12375900,2007-03-14,1.4888032454361055,A
12375900,2007-03-15,1.2406693711967547,A
12375900,2007-03-16,1.1786359026369169,A
12375900,2007-03-17,1.1290091277890468,A
12375900,2007-03-18,1.203449290060852,A
12375900,2007-03-19,1.4888032454361055,A
12375900,2007-03-20,1.6128701825557812,A
12375900,2007-03-21,1.4888032454361055,A
12375900,2007-03-22,1.2406693711967547,A
12375900,2007-03-23,1.1910425963488844,A
12375900,2007-03-24,1.1290091277890468,A
12375900,2007-03-25,1.1910425963488844,A
12375900,2007-03-26,1.4888032454361055,A
12375900,2007-03-27,1.3647363083164301,A
12375900,2007-03-28,1.3647363083164301,A
12375900,2007-03-29,1.203449290060852,A
12375900,2007-03-30,1.1414158215010142,A
12375900,2007-03-31,1.1166024340770793,A
12375900,2007-04-01,1.1414158215010142,A
12375900,2007-04-02,1.1041957403651117,A
12375900,2007-04-03,1.066975659229209,A
12375900,2007-04-04,1.0297555780933065,A
12375900,2007-04-05,1.0173488843813387,A
12375900,2007-04-06,0.99253549695740373,A
12375900,2007-04-07,0.95531541582150115,A
12375900,2007-04-08,0.95531541582150115,A
12375900,2007-04-09,1.2406693711967547,A
12375900,2007-04-10,1.4888032454361055,A
12375900,2007-04-11,1.3647363083164301,A
12375900,2007-04-12,1.203449290060852,A
12375900,2007-04-13,1.1290091277890468,A
12375900,2007-04-14,1.0917890466531441,A
12375900,2007-04-15,1.2282626774847871,A
12375900,2007-04-16,1.3647363083164301,A
12375900,2007-04-17,1.4888032454361055,A
12375900,2007-04-18,1.6128701825557812,A
12375900,2007-04-19,1.6128701825557812,A
12375900,2007-04-20,1.4888032454361055,A
12375900,2007-04-21,1.4888032454361055,A
12375900,2007-04-22,1.4888032454361055,A
12375900,2007-04-23,1.6128701825557812,A
12375900,2007-04-24,1.8610040567951318,A
12375900,2007-04-25,1.9850709939148075,A
12375900,2007-04-26,1.9850709939148075,A
12375900,2007-04-27,1.8610040567951318,A
12375900,2007-04-28,2.1091379310344833,A
12375900,2007-04-29,2.8535395537525354,A
12375900,2007-04-30,2.7294726166328602,A
12375900,2007-05-01,3.2257403651115624,A
12375900,2007-05-02,4.0942089249492906,A
12375900,2007-05-03,5.21081135902637,A
12375900,2007-05-04,4.342342799188641,A
12375900,2007-05-05,3.8460750507099393,A
12375900,2007-05-06,3.3498073022312376,A
12375900,2007-05-07,3.1016734279918867,A
12375900,2007-05-08,3.3498073022312376,A
12375900,2007-05-09,4.5904766734279923,A
12375900,2007-05-10,5.4589452332657205,A
12375900,2007-05-11,6.0792799188640982,A
12375900,2007-05-12,6.6996146044624751,A
12375900,2007-05-13,7.1958823529411777,A
12375900,2007-05-14,7.1958823529411777,A
12375900,2007-05-15,7.3199492900608529,A
12375900,2007-05-16,6.5755476673427999,A
12375900,2007-05-17,6.6996146044624751,A
12375900,2007-05-18,7.4440162271805272,A
12375900,2007-05-19,8.4365517241379333,A
12375900,2007-05-20,8.1884178498985811,A
12375900,2007-05-21,7.3199492900608529,A
12375900,2007-05-22,6.2033468559837734,A
12375900,2007-05-23,5.21081135902637,A
12375900,2007-05-24,4.5904766734279923,A
12375900,2007-05-25,4.5904766734279923,A
12375900,2007-05-26,4.2182758620689667,A
12375900,2007-05-27,4.342342799188641,A
12375900,2007-05-28,5.4589452332657205,A
12375900,2007-05-29,5.4589452332657205,A
12375900,2007-05-30,5.3348782961460453,A
12375900,2007-05-31,5.4589452332657205,A
12375900,2007-06-01,6.0792799188640982,A
12375900,2007-06-02,7.1958823529411777,A
12375900,2007-06-03,8.0643509127789041,A
12375900,2007-06-04,8.9328194726166341,A
12375900,2007-06-05,10.17348884381339,A
12375900,2007-06-06,14.515831643002031,A
12375900,2007-06-07,12.158559837728196,A
12375900,2007-06-08,8.9328194726166341,A
12375900,2007-06-09,7.8162170385395555,A
12375900,2007-06-10,9.1809533468559845,A
12375900,2007-06-11,11.662292089249494,A
12375900,2007-06-12,9.3050202839756597,A
12375900,2007-06-13,7.8162170385395555,A
12375900,2007-06-14,7.0718154158215007,A
12375900,2007-06-15,6.3274137931034486,A
12375900,2007-06-16,5.8311460446247469,A
12375900,2007-06-17,5.9552129817444222,A
12375900,2007-06-18,6.3274137931034486,A
12375900,2007-06-19,5.8311460446247469,A
12375900,2007-06-20,5.3348782961460453,A
12375900,2007-06-21,5.3348782961460453,A
12375900,2007-06-22,5.4589452332657205,A
12375900,2007-06-23,5.5830121703853965,A
12375900,2007-06-24,5.21081135902637,A
12375900,2007-06-25,5.0867444219066948,A
12375900,2007-06-26,4.7145436105476675,A
12375900,2007-06-27,4.342342799188641,A
12375900,2007-06-28,3.9701419878296149,A
12375900,2007-06-29,3.8460750507099393,A
12375900,2007-06-30,3.7220081135902636,A
12375900,2007-07-01,3.7220081135902636,A
12375900,2007-07-02,3.5979411764705889,A
12375900,2007-07-03,3.3498073022312376,A
12375900,2007-07-04,3.2257403651115624,A
12375900,2007-07-05,2.9776064908722111,A
12375900,2007-07-06,2.8535395537525354,A
12375900,2007-07-07,2.8535395537525354,A
12375900,2007-07-08,2.7294726166328602,A
12375900,2007-07-09,2.605405679513185,A
12375900,2007-07-10,2.3572718052738337,A
12375900,2007-07-11,2.3572718052738337,A
12375900,2007-07-12,2.2332048681541585,A
12375900,2007-07-13,2.2332048681541585,A
12375900,2007-07-14,2.1091379310344833,A
12375900,2007-07-15,2.1091379310344833,A
12375900,2007-07-16,2.1091379310344833,A
12375900,2007-07-17,1.9850709939148075,A
12375900,2007-07-18,2.1091379310344833,A
12375900,2007-07-19,1.9850709939148075,A
12375900,2007-07-20,1.9850709939148075,A
12375900,2007-07-21,1.8610040567951318,A
12375900,2007-07-22,1.8610040567951318,A
12375900,2007-07-23,1.7369371196754566,A
12375900,2007-07-24,1.7369371196754566,A
12375900,2007-07-25,1.6128701825557812,A
12375900,2007-07-26,1.6128701825557812,A
12375900,2007-07-27,1.6128701825557812,A
12375900,2007-07-28,1.4888032454361055,A
12375900,2007-07-29,1.4888032454361055,A
12375900,2007-07-30,1.4888032454361055,A
12375900,2007-07-31,1.3647363083164301,A
12375900,2007-08-01,1.3647363083164301,A
12375900,2007-08-02,1.3647363083164301,A
12375900,2007-08-03,1.3647363083164301,A
12375900,2007-08-04,1.2406693711967547,A
12375900,2007-08-05,1.2406693711967547,A
12375900,2007-08-06,1.2406693711967547,A
12375900,2007-08-07,1.2282626774847871,A
12375900,2007-08-08,1.2282626774847871,A
12375900,2007-08-09,1.203449290060852,A
12375900,2007-08-10,1.2158559837728196,A
12375900,2007-08-11,1.1662292089249495,A
12375900,2007-08-12,1.1662292089249495,A
12375900,2007-08-13,1.153822515212982,A
12375900,2007-08-14,1.1414158215010142,A
12375900,2007-08-15,1.1166024340770793,A
12375900,2007-08-16,1.1166024340770793,A
12375900,2007-08-17,1.1786359026369169,A
12375900,2007-08-18,1.153822515212982,A
12375900,2007-08-19,1.0917890466531441,A
12375900,2007-08-20,1.1414158215010142,A
12375900,2007-08-21,1.153822515212982,A
12375900,2007-08-22,1.1041957403651117,A
12375900,2007-08-23,1.0793823529411763,A
12375900,2007-08-24,1.0421622718052741,A
12375900,2007-08-25,1.0297555780933065,A
12375900,2007-08-26,1.0297555780933065,A
12375900,2007-08-27,1.0421622718052741,A
12375900,2007-08-28,1.0173488843813387,A
12375900,2007-08-29,1.0173488843813387,A
12375900,2007-08-30,1.0049421906693712,A
12375900,2007-08-31,0.99253549695740373,A
12375900,2007-09-01,0.95531541582150115,A
12375900,2007-09-02,0.96772210953346871,A
12375900,2007-09-03,0.95531541582150115,A
12375900,2007-09-04,0.95531541582150115,A
12375900,2007-09-05,0.95531541582150115,A
12375900,2007-09-06,0.93050202839756591,A
12375900,2007-09-07,0.93050202839756591,A
12375900,2007-09-08,0.93050202839756591,A
12375900,2007-09-09,0.93050202839756591,A
12375900,2007-09-10,0.91809533468559856,A
12375900,2007-09-11,0.91809533468559856,A
12375900,2007-09-12,0.89328194726166332,A
12375900,2007-09-13,0.84365517241379318,A
12375900,2007-09-14,0.88087525354969576,A
12375900,2007-09-15,0.89328194726166332,A
12375900,2007-09-16,0.89328194726166332,A
12375900,2007-09-17,0.90568864097363089,A
12375900,2007-09-18,0.93050202839756591,A
12375900,2007-09-19,0.93050202839756591,A
12375900,2007-09-20,0.95531541582150115,A
12375900,2007-09-21,0.95531541582150115,A
12375900,2007-09-22,0.91809533468559856,A
12375900,2007-09-23,0.95531541582150115,A
12375900,2007-09-24,0.98012880324543628,A
12375900,2007-09-25,0.94290872210953347,A
12375900,2007-09-26,0.91809533468559856,A
12375900,2007-09-27,0.89328194726166332,A
12375900,2007-09-28,0.88087525354969576,A
12375900,2007-09-29,0.95531541582150115,A
12375900,2007-09-30,0.95531541582150115,A
12375900,2007-10-01,0.88087525354969576,A
12375900,2007-10-02,0.8684685598377283,A
12375900,2007-10-03,0.8684685598377283,A
12375900,2007-10-04,0.85606186612576074,A
12375900,2007-10-05,0.83124847870182572,A
12375900,2007-10-06,0.84365517241379318,A
12375900,2007-10-07,0.84365517241379318,A
12375900,2007-10-08,0.84365517241379318,A
12375900,2007-10-09,0.84365517241379318,A
12375900,2007-10-10,0.83124847870182572,A
12375900,2007-10-11,0.81884178498985793,A
12375900,2007-10-12,0.81884178498985793,A
12375900,2007-10-13,0.81884178498985793,A
12375900,2007-10-14,0.80643509127789059,A
12375900,2007-10-15,0.79402839756592303,A
12375900,2007-10-16,0.79402839756592303,A
12375900,2007-10-17,0.85606186612576074,A
12375900,2007-10-18,0.8684685598377283,A
12375900,2007-10-19,0.84365517241379318,A
12375900,2007-10-20,0.83124847870182572,A
12375900,2007-10-21,0.81884178498985793,A
12375900,2007-10-22,0.81884178498985793,A
12375900,2007-10-23,0.81884178498985793,A
12375900,2007-10-24,0.83124847870182572,A
12375900,2007-10-25,0.84365517241379318,A
12375900,2007-10-26,0.84365517241379318,A
12375900,2007-10-27,0.81884178498985793,A
12375900,2007-10-28,0.79402839756592303,A
12375900,2007-10-29,0.78162170385395535,A
12375900,2007-10-30,0.78162170385395535,A
12375900,2007-10-31,0.78162170385395535,A
12375900,2007-11-01,0.75680831643002033,A
12375900,2007-11-02,0.73199492900608532,A
12375900,2007-11-03,0.75680831643002033,A
12375900,2007-11-04,0.76921501014198801,A
12375900,2007-11-05,0.78162170385395535,A
12375900,2007-11-06,0.76921501014198801,A
12375900,2007-11-07,0.76921501014198801,A
12375900,2007-11-08,0.78162170385395535,A
12375900,2007-11-09,0.78162170385395535,A
12375900,2007-11-10,0.78162170385395535,A
12375900,2007-11-11,0.75680831643002033,A
12375900,2007-11-12,0.75680831643002033,A
12375900,2007-11-13,0.75680831643002033,A
12375900,2007-11-14,0.75680831643002033,A
12375900,2007-11-15,0.75680831643002033,A
12375900,2007-11-16,0.78162170385395535,A
12375900,2007-11-17,0.80643509127789059,A
12375900,2007-11-18,0.83124847870182572,A
12375900,2007-11-19,0.8684685598377283,A
12375900,2007-11-20,0.85606186612576074,A
12375900,2007-11-21,0.83124847870182572,A
12375900,2007-11-22,0.80643509127789059,A
12375900,2007-11-23,0.78162170385395535,A
12375900,2007-11-24,0.78162170385395535,A
12375900,2007-11-25,0.76921501014198801,A
12375900,2007-11-26,0.75680831643002033,A
12375900,2007-11-27,0.75680831643002033,A
12375900,2007-11-28,0.75680831643002033,A
12375900,2007-11-29,0.75680831643002033,A
12375900,2007-11-30,0.75680831643002033,A
12375900,2007-12-01,0.74440162271805277,A
12375900,2007-12-02,0.73199492900608532,A
12375900,2007-12-03,0.76921501014198801,A
12375900,2007-12-04,0.83124847870182572,A
12375900,2007-12-05,0.89328194726166332,A
12375900,2007-12-06,0.88087525354969576,A
12375900,2007-12-07,0.83124847870182572,A
12375900,2007-12-08,0.79402839756592303,A
12375900,2007-12-09,0.75680831643002033,A
12375900,2007-12-10,0.74440162271805277,A
12375900,2007-12-11,0.73199492900608532,A
12375900,2007-12-12,0.74440162271805277,A
12375900,2007-12-13,0.75680831643002033,A
12375900,2007-12-14,0.74440162271805277,A
12375900,2007-12-15,0.74440162271805277,A
12375900,2007-12-16,0.73199492900608532,A
12375900,2007-12-17,0.73199492900608532,A
12375900,2007-12-18,0.73199492900608532,A
12375900,2007-12-19,0.73199492900608532,A
12375900,2007-12-20,0.73199492900608532,A
12375900,2007-12-21,0.70718154158215019,A
12375900,2007-12-22,0.70718154158215019,A
12375900,2007-12-23,0.70718154158215019,A
12375900,2007-12-24,0.70718154158215019,A
12375900,2007-12-25,0.70718154158215019,A
12375900,2007-12-26,0.70718154158215019,A
12375900,2007-12-27,0.70718154158215019,A
12375900,2007-12-28,0.70718154158215019,A
12375900,2007-12-29,0.70718154158215019,A
12375900,2007-12-30,0.70718154158215019,A
12375900,2007-12-31,0.69477484787018262,A
12375900,2008-01-01,0.6699614604462476,A
12375900,2008-01-02,0.68236815415821506,A:e
12375900,2008-01-03,0.69477484787018262,A
12375900,2008-01-04,0.70718154158215019,A
12375900,2008-01-05,0.73199492900608532,A
12375900,2008-01-06,0.71958823529411764,A
12375900,2008-01-07,0.70718154158215019,A
12375900,2008-01-08,0.70718154158215019,A
12375900,2008-01-09,0.70718154158215019,A
12375900,2008-01-10,0.70718154158215019,A
12375900,2008-01-11,0.73199492900608532,A
12375900,2008-01-12,0.73199492900608532,A
12375900,2008-01-13,0.75680831643002033,A
12375900,2008-01-14,0.75680831643002033,A
12375900,2008-01-15,0.75680831643002033,A
12375900,2008-01-16,0.75680831643002033,A
12375900,2008-01-17,0.75680831643002033,A
12375900,2008-01-18,0.75680831643002033,A
12375900,2008-01-19,0.78162170385395535,A
12375900,2008-01-20,0.62033468559837734,A:e
12375900,2008-01-21,0.55830121703853963,A:e
12375900,2008-01-22,0.55830121703853963,A:e
12375900,2008-01-23,0.58311460446247476,A:e
12375900,2008-01-24,0.58311460446247476,A:e
12375900,2008-01-25,0.59552129817444222,A:e
12375900,2008-01-26,0.62033468559837734,A:e
12375900,2008-01-27,0.62033468559837734,A:e
12375900,2008-01-28,0.59552129817444222,A:e
12375900,2008-01-29,0.59552129817444222,A
12375900,2008-01-30,0.59552129817444222,A
12375900,2008-01-31,0.59552129817444222,A
12375900,2008-02-01,0.59552129817444222,A
12375900,2008-02-02,0.59552129817444222,A
12375900,2008-02-03,0.59552129817444222,A
12375900,2008-02-04,0.59552129817444222,A
12375900,2008-02-05,0.59552129817444222,A
12375900,2008-02-06,0.58311460446247476,A
12375900,2008-02-07,0.58311460446247476,A
12375900,2008-02-08,0.59552129817444222,A
12375900,2008-02-09,0.59552129817444222,A
12375900,2008-02-10,0.59552129817444222,A
12375900,2008-02-11,0.59552129817444222,A
12375900,2008-02-12,0.60792799188640978,A
12375900,2008-02-13,0.62033468559837734,A
12375900,2008-02-14,0.62033468559837734,A
12375900,2008-02-15,0.62033468559837734,A
12375900,2008-02-16,0.65755476673427993,A
12375900,2008-02-17,0.64514807302231247,A
12375900,2008-02-18,0.63274137931034491,A
12375900,2008-02-19,0.62033468559837734,A
12375900,2008-02-20,0.62033468559837734,A
12375900,2008-02-21,0.62033468559837734,A
12375900,2008-02-22,0.62033468559837734,A
12375900,2008-02-23,0.62033468559837734,A
12375900,2008-02-24,0.62033468559837734,A
12375900,2008-02-25,0.62033468559837734,A
12375900,2008-02-26,0.62033468559837734,A
12375900,2008-02-27,0.62033468559837734,A
12375900,2008-02-28,0.62033468559837734,A
12375900,2008-02-29,0.59552129817444222,A
12375900,2008-03-01,0.59552129817444222,A
12375900,2008-03-02,0.58311460446247476,A
12375900,2008-03-03,0.57070791075050709,A
12375900,2008-03-04,0.58311460446247476,A
12375900,2008-03-05,0.59552129817444222,A
12375900,2008-03-06,0.59552129817444222,A
12375900,2008-03-07,0.60792799188640978,A
12375900,2008-03-08,0.62033468559837734,A
12375900,2008-03-09,0.63274137931034491,A
12375900,2008-03-10,0.64514807302231247,A
12375900,2008-03-11,0.64514807302231247,A
12375900,2008-03-12,0.64514807302231247,A
12375900,2008-03-13,0.63274137931034491,A
12375900,2008-03-14,0.63274137931034491,A
12375900,2008-03-15,0.62033468559837734,A
12375900,2008-03-16,0.60792799188640978,A
12375900,2008-03-17,0.59552129817444222,A
12375900,2008-03-18,0.59552129817444222,A
12375900,2008-03-19,0.59552129817444222,A
12375900,2008-03-20,0.59552129817444222,A
12375900,2008-03-21,0.59552129817444222,A
12375900,2008-03-22,0.59552129817444222,A
12375900,2008-03-23,0.59552129817444222,A
12375900,2008-03-24,0.58311460446247476,A
12375900,2008-03-25,0.57070791075050709,A
12375900,2008-03-26,0.57070791075050709,A
12375900,2008-03-27,0.57070791075050709,A
12375900,2008-03-28,0.55830121703853963,A
12375900,2008-03-29,0.55830121703853963,A
12375900,2008-03-30,0.54589452332657207,A
12375900,2008-03-31,0.54589452332657207,A
12375900,2008-04-01,0.54589452332657207,A
12375900,2008-04-02,0.5334878296146045,A
12375900,2008-04-03,0.52108113590263705,A
12375900,2008-04-04,0.5334878296146045,A
12375900,2008-04-05,0.57070791075050709,A
12375900,2008-04-06,0.55830121703853963,A
12375900,2008-04-07,0.57070791075050709,A
12375900,2008-04-08,0.57070791075050709,A
12375900,2008-04-09,0.57070791075050709,A
12375900,2008-04-10,0.59552129817444222,A
12375900,2008-04-11,0.59552129817444222,A
12375900,2008-04-12,0.62033468559837734,A
12375900,2008-04-13,0.69477484787018262,A
12375900,2008-04-14,0.91809533468559856,A
12375900,2008-04-15,1.3647363083164301,A
12375900,2008-04-16,1.2158559837728196,A
12375900,2008-04-17,1.0421622718052741,A
12375900,2008-04-18,0.98012880324543628,A
12375900,2008-04-19,0.98012880324543628,A
12375900,2008-04-20,0.96772210953346871,A
12375900,2008-04-21,0.90568864097363089,A
12375900,2008-04-22,0.8684685598377283,A
12375900,2008-04-23,0.85606186612576074,A
12375900,2008-04-24,0.84365517241379318,A
12375900,2008-04-25,0.81884178498985793,A
12375900,2008-04-26,0.78162170385395535,A
12375900,2008-04-27,0.78162170385395535,A
12375900,2008-04-28,0.81884178498985793,A
12375900,2008-04-29,1.4888032454361055,A
12375900,2008-04-30,1.6128701825557812,A
12375900,2008-05-01,1.2406693711967547,A
12375900,2008-05-02,1.1414158215010142,A
12375900,2008-05-03,1.1786359026369169,A
12375900,2008-05-04,1.3647363083164301,A
12375900,2008-05-05,1.8610040567951318,A
12375900,2008-05-06,2.3572718052738337,A
12375900,2008-05-07,2.9776064908722111,A
12375900,2008-05-08,2.4813387423935094,A
12375900,2008-05-09,1.8610040567951318,A
12375900,2008-05-10,1.6128701825557812,A
12375900,2008-05-11,1.4888032454361055,A
12375900,2008-05-12,1.4888032454361055,A
12375900,2008-05-13,1.3647363083164301,A
12375900,2008-05-14,1.6128701825557812,A
12375900,2008-05-15,2.4813387423935094,A
12375900,2008-05-16,3.8460750507099393,A
12375900,2008-05-17,4.9626774847870188,A
12375900,2008-05-18,6.9477484787018264,A
12375900,2008-05-19,10.17348884381339,A
12375900,2008-05-20,9.6772210953346871,A
12375900,2008-05-21,17.369371196754564,A
12375900,2008-05-22,15.756501014198784,A
12375900,2008-05-23,9.8012880324543623,A
12375900,2008-05-24,6.2033468559837734,A
12375900,2008-05-25,5.5830121703853965,A
12375900,2008-05-26,5.4589452332657205,A
12375900,2008-05-27,10.049421906693713,A
12375900,2008-05-28,5.8311460446247469,A
12375900,2008-05-29,6.0792799188640982,A
12375900,2008-05-30,6.3274137931034486,A
12375900,2008-05-31,6.9477484787018264,A
12375900,2008-06-01,11.290091277890468,A
12375900,2008-06-02,12.902961460446249,A
12375900,2008-06-03,11.538225152129819,A
12375900,2008-06-04,10.297555780933063,A
12375900,2008-06-05,8.1884178498985811,A
12375900,2008-06-06,8.0643509127789041,A
12375900,2008-06-07,6.8236815415821512,A
12375900,2008-06-08,9.4290872210953349,A
12375900,2008-06-09,7.4440162271805272,A
12375900,2008-06-10,7.9402839756592298,A
12375900,2008-06-11,7.1958823529411777,A
12375900,2008-06-12,7.3199492900608529,A
12375900,2008-06-13,7.8162170385395555,A
12375900,2008-06-14,9.9253549695740375,A
12375900,2008-06-15,9.3050202839756597,A
12375900,2008-06-16,8.9328194726166341,A
12375900,2008-06-17,9.5531541582150119,A
12375900,2008-06-18,10.793823529411766,A
12375900,2008-06-19,10.42162271805274,A
12375900,2008-06-20,11.166024340770793,A
12375900,2008-06-21,11.662292089249494,A
12375900,2008-06-22,16.624969574036513,A
12375900,2008-06-23,17.617505070993918,A
12375900,2008-06-24,18.610040567951319,A
12375900,2008-06-25,17.865638945233268,A
12375900,2008-06-26,16.749036511156188,A
12375900,2008-06-27,16.749036511156188,A
12375900,2008-06-28,17.245304259634889,A
12375900,2008-06-29,17.865638945233268,A
12375900,2008-06-30,16.624969574036513,A
12375900,2008-07-01,17.617505070993918,A
12375900,2008-07-02,16.004634888438137,A
12375900,2008-07-03,13.523296146044625,A
12375900,2008-07-04,13.027028397565925,A
12375900,2008-07-05,13.647363083164302,A
12375900,2008-07-06,12.406693711967547,A
12375900,2008-07-07,10.049421906693713,A
12375900,2008-07-08,8.5606186612576067,A
12375900,2008-07-09,8.0643509127789041,A
12375900,2008-07-10,7.4440162271805272,A
12375900,2008-07-11,6.6996146044624751,A
12375900,2008-07-12,6.0792799188640982,A
12375900,2008-07-13,5.5830121703853965,A
12375900,2008-07-14,5.3348782961460453,A
12375900,2008-07-15,5.21081135902637,A
12375900,2008-07-16,4.9626774847870188,A
12375900,2008-07-17,4.7145436105476675,A
12375900,2008-07-18,4.4664097363083171,A
12375900,2008-07-19,4.2182758620689667,A
12375900,2008-07-20,4.0942089249492906,A
12375900,2008-07-21,3.8460750507099393,A
12375900,2008-07-22,3.7220081135902636,A
12375900,2008-07-23,3.9701419878296149,A
12375900,2008-07-24,3.8460750507099393,A
12375900,2008-07-25,3.5979411764705889,A
12375900,2008-07-26,3.3498073022312376,A
12375900,2008-07-27,3.2257403651115624,A
12375900,2008-07-28,2.9776064908722111,A
12375900,2008-07-29,2.8535395537525354,A
12375900,2008-07-30,2.7294726166328602,A
12375900,2008-07-31,2.605405679513185,A
12375900,2008-08-01,2.605405679513185,A
12375900,2008-08-02,2.4813387423935094,A
12375900,2008-08-03,2.3572718052738337,A
12375900,2008-08-04,2.3572718052738337,A
12375900,2008-08-05,2.2332048681541585,A
12375900,2008-08-06,2.1091379310344833,A
12375900,2008-08-07,2.1091379310344833,A
12375900,2008-08-08,1.9850709939148075,A
12375900,2008-08-09,1.9850709939148075,A
12375900,2008-08-10,1.9850709939148075,A
12375900,2008-08-11,1.8610040567951318,A
12375900,2008-08-12,1.8610040567951318,A
12375900,2008-08-13,1.7369371196754566,A
12375900,2008-08-14,1.7369371196754566,A
12375900,2008-08-15,1.7369371196754566,A
12375900,2008-08-16,1.6128701825557812,A
12375900,2008-08-17,1.6128701825557812,A
12375900,2008-08-18,1.6128701825557812,A
12375900,2008-08-19,1.4888032454361055,A
12375900,2008-08-20,1.7369371196754566,A
12375900,2008-08-21,1.9850709939148075,A
12375900,2008-08-22,1.8610040567951318,A
12375900,2008-08-23,1.7369371196754566,A
12375900,2008-08-24,1.7369371196754566,A
12375900,2008-08-25,1.6128701825557812,A
12375900,2008-08-26,1.6128701825557812,A
12375900,2008-08-27,1.6128701825557812,A
12375900,2008-08-28,1.6128701825557812,A
12375900,2008-08-29,1.6128701825557812,A
12375900,2008-08-30,1.4888032454361055,A
12375900,2008-08-31,1.4888032454361055,A
12375900,2008-09-01,1.4888032454361055,A
12375900,2008-09-02,1.4888032454361055,A
12375900,2008-09-03,1.4888032454361055,A
12375900,2008-09-04,1.4888032454361055,A
12375900,2008-09-05,1.3647363083164301,A
12375900,2008-09-06,1.3647363083164301,A
12375900,2008-09-07,1.3647363083164301,A
12375900,2008-09-08,1.3647363083164301,A
12375900,2008-09-09,1.3647363083164301,A
12375900,2008-09-10,1.3647363083164301,A
12375900,2008-09-11,1.2406693711967547,A
12375900,2008-09-12,1.2406693711967547,A
12375900,2008-09-13,1.2282626774847871,A
12375900,2008-09-14,1.2158559837728196,A
12375900,2008-09-15,1.1910425963488844,A
12375900,2008-09-16,1.1910425963488844,A
12375900,2008-09-17,1.153822515212982,A
12375900,2008-09-18,1.153822515212982,A
12375900,2008-09-19,1.1414158215010142,A
12375900,2008-09-20,1.1166024340770793,A
12375900,2008-09-21,1.3647363083164301,A
12375900,2008-09-22,2.3572718052738337,A
12375900,2008-09-23,2.7294726166328602,A
12375900,2008-09-24,2.3572718052738337,A
12375900,2008-09-25,2.1091379310344833,A
12375900,2008-09-26,1.9850709939148075,A
12375900,2008-09-27,1.8610040567951318,A
12375900,2008-09-28,1.7369371196754566,A
12375900,2008-09-29,1.6128701825557812,A
12375900,2008-09-30,1.6128701825557812,A
09035800,2006-10-01,0.38394768962510895,A
09035800,2006-10-02,0.38394768962510895,A
09035800,2006-10-03,0.3946129032258065,A
09035800,2006-10-04,0.3732824760244115,A
09035800,2006-10-05,0.3946129032258065,A
09035800,2006-10-06,0.3946129032258065,A
09035800,2006-10-07,0.36261726242371406,A
09035800,2006-10-08,0.35195204882301651,A
09035800,2006-10-09,0.34128683522231912,A
09035800,2006-10-10,0.34128683522231912,A
09035800,2006-10-11,0.33062162162162162,A
09035800,2006-10-12,0.33062162162162162,A
09035800,2006-10-13,0.31995640802092412,A
09035800,2006-10-14,0.31995640802092412,A
09035800,2006-10-15,0.35195204882301651,A
09035800,2006-10-16,0.33062162162162162,A
09035800,2006-10-17,0.33062162162162162,A
09035800,2006-10-18,0.29862598081952918,A
09035800,2006-10-19,0.29862598081952918,A
09035800,2006-10-20,0.31995640802092412,A
09035800,2006-10-21,0.31995640802092412,A
09035800,2006-10-22,0.30929119442022668,A:e
09035800,2006-10-23,0.30929119442022668,A:e
09035800,2006-10-24,0.34128683522231912,A:e
09035800,2006-10-25,0.33062162162162162,A:e
09035800,2006-10-26,0.31995640802092412,A:e
09035800,2006-10-27,0.35195204882301651,A:e
09035800,2006-10-28,0.35195204882301651,A:e
09035800,2006-10-29,0.34128683522231912,A:e
09035800,2006-10-30,0.3732824760244115,A:e
09035800,2006-10-31,0.36261726242371406,A:e
09035800,2006-11-01,0.35195204882301651,A:e
09035800,2006-11-02,0.35195204882301651,A:e
09035800,2006-11-03,0.36261726242371406,A:e
09035800,2006-11-04,0.3732824760244115,A:e
09035800,2006-11-05,0.35195204882301651,A:e
09035800,2006-11-06,0.35195204882301651,A:e
09035800,2006-11-07,0.35195204882301651,A:e
09035800,2006-11-08,0.36261726242371406,A:e
09035800,2006-11-09,0.36261726242371406,A:e
09035800,2006-11-10,0.33062162162162162,A:e
09035800,2006-11-11,0.30929119442022668,A:e
09035800,2006-11-12,0.33062162162162162,A:e
09035800,2006-11-13,0.28796076721883174,A:e
09035800,2006-11-14,0.31995640802092412,A:e
09035800,2006-11-15,0.29862598081952918,A:e
09035800,2006-11-16,0.31995640802092412,A:e
09035800,2006-11-17,0.33062162162162162,A:e
09035800,2006-11-18,0.31995640802092412,A:e
09035800,2006-11-19,0.29862598081952918,A:e
09035800,2006-11-20,0.30929119442022668,A:e
09035800,2006-11-21,0.30929119442022668,A:e
09035800,2006-11-22,0.30929119442022668,A:e
09035800,2006-11-23,0.30929119442022668,A:e
09035800,2006-11-24,0.29862598081952918,A:e
09035800,2006-11-25,0.29862598081952918,A:e
09035800,2006-11-26,0.27729555361813429,A:e
09035800,2006-11-27,0.27729555361813429,A:e
09035800,2006-11-28,0.28796076721883174,A:e
09035800,2006-11-29,0.27729555361813429,A:e
09035800,2006-11-30,0.2666303400174368,A:e
09035800,2006-12-01,0.28796076721883174,A:e
09035800,2006-12-02,0.28796076721883174,A:e
09035800,2006-12-03,0.27729555361813429,A:e
09035800,2006-12-04,0.27729555361813429,A:e
09035800,2006-12-05,0.27729555361813429,A:e
09035800,2006-12-06,0.27729555361813429,A:e
09035800,2006-12-07,0.27729555361813429,A:e
09035800,2006-12-08,0.27729555361813429,A:e
09035800,2006-12-09,0.27729555361813429,A:e
09035800,2006-12-10,0.27729555361813429,A:e
09035800,2006-12-11,0.2666303400174368,A:e
09035800,2006-12-12,0.2666303400174368,A:e
09035800,2006-12-13,0.27729555361813429,A:e
09035800,2006-12-14,0.2559651264167393,A:e
09035800,2006-12-15,0.24529991281604183,A:e
09035800,2006-12-16,0.24529991281604183,A:e
09035800,2006-12-17,0.24529991281604183,A:e
09035800,2006-12-18,0.24529991281604183,A:e
09035800,2006-12-19,0.23463469921534438,A:e
09035800,2006-12-20,0.23463469921534438,A:e
09035800,2006-12-21,0.24529991281604183,A:e
09035800,2006-12-22,0.23463469921534438,A:e
09035800,2006-12-23,0.23463469921534438,A:e
09035800,2006-12-24,0.24529991281604183,A:e
09035800,2006-12-25,0.24529991281604183,A:e
09035800,2006-12-26,0.2559651264167393,A:e
09035800,2006-12-27,0.2559651264167393,A:e
09035800,2006-12-28,0.24529991281604183,A:e
09035800,2006-12-29,0.22396948561464691,A:e
09035800,2006-12-30,0.23463469921534438,A:e
09035800,2006-12-31,0.22396948561464691,A:e
09035800,2007-01-01,0.22396948561464691,A:e
09035800,2007-01-02,0.22396948561464691,A:e
09035800,2007-01-03,0.22396948561464691,A:e
09035800,2007-01-04,0.23463469921534438,A:e
09035800,2007-01-05,0.23463469921534438,A:e
09035800,2007-01-06,0.22396948561464691,A:e
09035800,2007-01-07,0.22396948561464691,A:e
09035800,2007-01-08,0.22396948561464691,A:e
09035800,2007-01-09,0.22396948561464691,A:e
09035800,2007-01-10,0.23463469921534438,A:e
09035800,2007-01-11,0.23463469921534438,A:e
09035800,2007-01-12,0.23463469921534438,A:e
09035800,2007-01-13,0.23463469921534438,A:e
09035800,2007-01-14,0.23463469921534438,A:e
09035800,2007-01-15,0.23463469921534438,A:e
09035800,2007-01-16,0.23463469921534438,A:e
09035800,2007-01-17,0.23463469921534438,A:e
09035800,2007-01-18,0.23463469921534438,A:e
09035800,2007-01-19,0.23463469921534438,A:e
09035800,2007-01-20,0.23463469921534438,A:e
09035800,2007-01-21,0.23463469921534438,A:e
09035800,2007-01-22,0.23463469921534438,A:e
09035800,2007-01-23,0.23463469921534438,A:e
09035800,2007-01-24,0.23463469921534438,A:e
09035800,2007-01-25,0.23463469921534438,A:e
09035800,2007-01-26,0.23463469921534438,A:e
09035800,2007-01-27,0.23463469921534438,A:e
09035800,2007-01-28,0.23463469921534438,A:e
09035800,2007-01-29,0.23463469921534438,A:e
09035800,2007-01-30,0.23463469921534438,A:e
09035800,2007-01-31,0.23463469921534438,A:e
09035800,2007-02-01,0.23463469921534438,A:e
09035800,2007-02-02,0.23463469921534438,A:e
09035800,2007-02-03,0.23463469921534438,A:e
09035800,2007-02-04,0.23463469921534438,A:e
09035800,2007-02-05,0.23463469921534438,A:e
09035800,2007-02-06,0.23463469921534438,A:e
09035800,2007-02-07,0.23463469921534438,A:e
09035800,2007-02-08,0.23463469921534438,A:e
09035800,2007-02-09,0.23463469921534438,A:e
09035800,2007-02-10,0.23463469921534438,A:e
09035800,2007-02-11,0.23463469921534438,A:e
09035800,2007-02-12,0.23463469921534438,A:e
09035800,2007-02-13,0.20263905841325194,A:e
09035800,2007-02-14,0.19197384481255447,A:e
09035800,2007-02-15,0.17064341761115956,A:e
09035800,2007-02-16,0.18130863121185703,A:e
09035800,2007-02-17,0.18130863121185703,A:e
09035800,2007-02-18,0.19197384481255447,A:e
09035800,2007-02-19,0.20263905841325194,A:e
09035800,2007-02-20,0.20263905841325194,A:e
09035800,2007-02-21,0.20263905841325194,A:e
09035800,2007-02-22,0.21330427201394944,A:e
09035800,2007-02-23,0.21330427201394944,A:e
09035800,2007-02-24,0.21330427201394944,A:e
09035800,2007-02-25,0.22396948561464691,A:e
09035800,2007-02-26,0.21330427201394944,A:e
09035800,2007-02-27,0.21330427201394944,A:e
09035800,2007-02-28,0.23463469921534438,A:e
09035800,2007-03-01,0.23463469921534438,A:e
09035800,2007-03-02,0.24529991281604183,A:e
09035800,2007-03-03,0.24529991281604183,A:e
09035800,2007-03-04,0.22396948561464691,A:e
09035800,2007-03-05,0.24529991281604183,A:e
09035800,2007-03-06,0.24529991281604183,A:e
09035800,2007-03-07,0.24529991281604183,A:e
09035800,2007-03-08,0.24529991281604183,A:e
09035800,2007-03-09,0.24529991281604183,A:e
09035800,2007-03-10,0.24529991281604183,A:e
09035800,2007-03-11,0.24529991281604183,A:e
09035800,2007-03-12,0.24529991281604183,A:e
09035800,2007-03-13,0.24529991281604183,A:e
09035800,2007-03-14,0.24529991281604183,A:e
09035800,2007-03-15,0.24529991281604183,A:e
09035800,2007-03-16,0.24529991281604183,A:e
09035800,2007-03-17,0.24529991281604183,A:e
09035800,2007-03-18,0.24529991281604183,A:e
09035800,2007-03-19,0.24529991281604183,A:e
09035800,2007-03-20,0.24529991281604183,A:e
09035800,2007-03-21,0.24529991281604183,A:e
09035800,2007-03-22,0.24529991281604183,A:e
09035800,2007-03-23,0.24529991281604183,A:e
09035800,2007-03-24,0.24529991281604183,A:e
09035800,2007-03-25,0.24529991281604183,A:e
09035800,2007-03-26,0.24529991281604183,A:e
09035800,2007-03-27,0.24529991281604183,A:e
09035800,2007-03-28,0.24529991281604183,A:e
09035800,2007-03-29,0.24529991281604183,A:e
09035800,2007-03-30,0.24529991281604183,A:e
09035800,2007-03-31,0.24529991281604183,A:e
09035800,2007-04-01,0.24529991281604183,A:e
09035800,2007-04-02,0.2559651264167393,A:e
09035800,2007-04-03,0.27729555361813429,A
09035800,2007-04-04,0.27729555361813429,A
09035800,2007-04-05,0.29862598081952918,A
09035800,2007-04-06,0.29862598081952918,A
09035800,2007-04-07,0.30929119442022668,A
09035800,2007-04-08,0.29862598081952918,A
09035800,2007-04-09,0.29862598081952918,A
09035800,2007-04-10,0.28796076721883174,A:e
09035800,2007-04-11,0.2666303400174368,A:e
09035800,2007-04-12,0.28796076721883174,A:e
09035800,2007-04-13,0.2666303400174368,A:e
09035800,2007-04-14,0.2559651264167393,A:e
09035800,2007-04-15,0.27729555361813429,A:e
09035800,2007-04-16,0.28796076721883174,A:e
09035800,2007-04-17,0.28796076721883174,A:e
09035800,2007-04-18,0.28796076721883174,A
09035800,2007-04-19,0.33062162162162162,A
09035800,2007-04-20,0.35195204882301651,A
09035800,2007-04-21,0.38394768962510895,A
09035800,2007-04-22,0.35195204882301651,A
09035800,2007-04-23,0.36261726242371406,A
09035800,2007-04-24,0.43727375762859633,A
09035800,2007-04-25,0.3732824760244115,A
09035800,2007-04-26,0.34128683522231912,A
09035800,2007-04-27,0.38394768962510895,A
09035800,2007-04-28,0.49059982563208365,A
09035800,2007-04-29,0.71456931124673062,A
09035800,2007-04-30,0.97053443766346992,A
09035800,2007-05-01,1.0131952920662597,A
09035800,2007-05-02,1.1731734960767219,A
09035800,2007-05-03,1.2798256320836965,A
09035800,2007-05-04,1.2798256320836965,A
09035800,2007-05-05,1.0451909328683522,A
09035800,2007-05-06,0.93853879686137753,A
09035800,2007-05-07,0.85321708805579777,A
09035800,2007-05-08,0.86388230165649516,A
09035800,2007-05-09,0.91720836965998243,A
09035800,2007-05-10,1.0345257192676547,A
09035800,2007-05-11,1.2798256320836965,A
09035800,2007-05-12,1.5997820401046206,A
09035800,2007-05-13,1.8130863121185703,A
09035800,2007-05-14,2.0263905841325194,A
09035800,2007-05-15,2.3463469921534439,A
09035800,2007-05-16,2.559651264167393,A
09035800,2007-05-17,2.559651264167393,A
09035800,2007-05-18,2.559651264167393,A
09035800,2007-05-19,2.7729555361813425,A
09035800,2007-05-20,2.986259808195292,A
09035800,2007-05-21,2.879607672188317,A
09035800,2007-05-22,2.666303400174368,A
09035800,2007-05-23,2.2396948561464693,A
09035800,2007-05-24,2.0263905841325194,A
09035800,2007-05-25,1.9197384481255448,A
09035800,2007-05-26,1.9197384481255448,A
09035800,2007-05-27,2.1330427201394944,A
09035800,2007-05-28,2.3463469921534439,A
09035800,2007-05-29,2.4529991281604184,A
09035800,2007-05-30,2.2396948561464693,A
09035800,2007-05-31,2.1330427201394944,A
09035800,2007-06-01,2.0263905841325194,A
09035800,2007-06-02,2.2396948561464693,A
09035800,2007-06-03,2.4529991281604184,A
09035800,2007-06-04,2.666303400174368,A
09035800,2007-06-05,2.986259808195292,A
09035800,2007-06-06,2.879607672188317,A
09035800,2007-06-07,2.4529991281604184,A
09035800,2007-06-08,2.3463469921534439,A
09035800,2007-06-09,2.3463469921534439,A
09035800,2007-06-10,2.559651264167393,A
09035800,2007-06-11,2.7729555361813425,A
09035800,2007-06-12,3.1995640802092411,A
09035800,2007-06-13,3.1995640802092411,A
09035800,2007-06-14,3.3062162162162161,A
09035800,2007-06-15,3.6261726242371406,A
09035800,2007-06-16,3.5195204882301656,A
09035800,2007-06-17,3.7328247602441147,A
09035800,2007-06-18,3.4128683522231911,A
09035800,2007-06-19,3.092911944202267,A
09035800,2007-06-20,2.986259808195292,A
09035800,2007-06-21,2.879607672188317,A
09035800,2007-06-22,2.666303400174368,A
09035800,2007-06-23,2.559651264167393,A
09035800,2007-06-24,2.4529991281604184,A
09035800,2007-06-25,2.2396948561464693,A
09035800,2007-06-26,2.0263905841325194,A
09035800,2007-06-27,1.9197384481255448,A
09035800,2007-06-28,1.7064341761115955,A
09035800,2007-06-29,1.5997820401046206,A
09035800,2007-06-30,1.493129904097646,A
09035800,2007-07-01,1.493129904097646,A
09035800,2007-07-02,1.3864777680906712,A
09035800,2007-07-03,1.2798256320836965,A
09035800,2007-07-04,1.2798256320836965,A
09035800,2007-07-05,1.1731734960767219,A
09035800,2007-07-06,1.1731734960767219,A
09035800,2007-07-07,1.0665213600697472,A
09035800,2007-07-08,1.0665213600697472,A
09035800,2007-07-09,0.98119965126416731,A
09035800,2007-07-10,0.87454751525719265,A
09035800,2007-07-11,0.86388230165649516,A
09035800,2007-07-12,0.83188666085440277,A
09035800,2007-07-13,0.789225806451613,A
09035800,2007-07-14,0.76789537925021789,A
09035800,2007-07-15,0.72523452484742812,A
09035800,2007-07-16,0.73589973844812551,A
09035800,2007-07-17,0.73589973844812551,A
09035800,2007-07-18,0.71456931124673062,A
09035800,2007-07-19,0.68257367044463824,A
09035800,2007-07-20,0.67190845684394063,A
09035800,2007-07-21,0.68257367044463824,A
09035800,2007-07-22,0.59725196163905836,A
09035800,2007-07-23,0.56525632083696598,A
09035800,2007-07-24,0.54392589363557098,A
09035800,2007-07-25,0.53326068003487359,A
09035800,2007-07-26,0.55459110723626859,A
09035800,2007-07-27,0.56525632083696598,A
09035800,2007-07-28,0.54392589363557098,A
09035800,2007-07-29,0.50126503923278121,A
09035800,2007-07-30,0.44793897122929383,A
09035800,2007-07-31,0.43727375762859633,A
09035800,2007-08-01,0.41594333042720139,A
09035800,2007-08-02,0.38394768962510895,A
09035800,2007-08-03,0.38394768962510895,A
09035800,2007-08-04,0.38394768962510895,A
09035800,2007-08-05,0.45860418482999121,A
09035800,2007-08-06,0.56525632083696598,A
09035800,2007-08-07,0.49059982563208365,A
09035800,2007-08-08,0.43727375762859633,A
09035800,2007-08-09,0.3732824760244115,A
09035800,2007-08-10,0.34128683522231912,A
09035800,2007-08-11,0.33062162162162162,A
09035800,2007-08-12,0.30929119442022668,A
09035800,2007-08-13,0.29862598081952918,A
09035800,2007-08-14,0.36261726242371406,A
09035800,2007-08-15,0.35195204882301651,A
09035800,2007-08-16,0.33062162162162162,A
09035800,2007-08-17,0.30929119442022668,A
09035800,2007-08-18,0.28796076721883174,A
09035800,2007-08-19,0.33062162162162162,A
09035800,2007-08-20,0.28796076721883174,A
09035800,2007-08-21,0.2559651264167393,A
09035800,2007-08-22,0.24529991281604183,A
09035800,2007-08-23,0.23463469921534438,A
09035800,2007-08-24,0.30929119442022668,A
09035800,2007-08-25,0.24529991281604183,A
09035800,2007-08-26,0.22396948561464691,A
09035800,2007-08-27,0.24529991281604183,A
09035800,2007-08-28,0.28796076721883174,A
09035800,2007-08-29,0.24529991281604183,A
09035800,2007-08-30,0.23463469921534438,A
09035800,2007-08-31,0.22396948561464691,A
09035800,2007-09-01,0.23463469921534438,A
09035800,2007-09-02,0.22396948561464691,A
09035800,2007-09-03,0.21330427201394944,A
09035800,2007-09-04,0.22396948561464691,A
09035800,2007-09-05,0.2559651264167393,A
09035800,2007-09-06,0.44793897122929383,A
09035800,2007-09-07,0.2666303400174368,A
09035800,2007-09-08,0.24529991281604183,A
09035800,2007-09-09,0.23463469921534438,A
09035800,2007-09-10,0.2559651264167393,A
09035800,2007-09-11,0.24529991281604183,A
09035800,2007-09-12,0.24529991281604183,A
09035800,2007-09-13,0.2559651264167393,A
09035800,2007-09-14,0.24529991281604183,A
09035800,2007-09-15,0.2559651264167393,A
09035800,2007-09-16,0.28796076721883174,A
09035800,2007-09-17,0.47993461203138621,A
09035800,2007-09-18,0.31995640802092412,A
09035800,2007-09-19,0.2666303400174368,A
09035800,2007-09-20,0.24529991281604183,A
09035800,2007-09-21,0.23463469921534438,A
09035800,2007-09-22,0.22396948561464691,A
09035800,2007-09-23,0.23463469921534438,A
09035800,2007-09-24,0.27729555361813429,A
09035800,2007-09-25,0.27729555361813429,A
09035800,2007-09-26,0.2666303400174368,A
09035800,2007-09-27,0.2559651264167393,A
09035800,2007-09-28,0.24529991281604183,A
09035800,2007-09-29,0.24529991281604183,A
09035800,2007-09-30,0.28796076721883174,A
09035800,2007-10-01,0.2666303400174368,A
09035800,2007-10-02,0.31995640802092412,A
09035800,2007-10-03,0.27729555361813429,A
09035800,2007-10-04,0.2559651264167393,A
09035800,2007-10-05,0.24529991281604183,A
09035800,2007-10-06,0.23463469921534438,A
09035800,2007-10-07,0.22396948561464691,A
09035800,2007-10-08,0.22396948561464691,A
09035800,2007-10-09,0.21330427201394944,A
09035800,2007-10-10,0.21330427201394944,A
09035800,2007-10-11,0.21330427201394944,A
09035800,2007-10-12,0.21330427201394944,A
09035800,2007-10-13,0.21330427201394944,A
09035800,2007-10-14,0.23463469921534438,A
09035800,2007-10-15,0.24529991281604183,A
09035800,2007-10-16,0.22396948561464691,A
09035800,2007-10-17,0.22396948561464691,A
09035800,2007-10-18,0.20263905841325194,A
09035800,2007-10-19,0.22396948561464691,A
09035800,2007-10-20,0.24529991281604183,A
09035800,2007-10-21,0.21330427201394944,A
09035800,2007-10-22,0.22396948561464691,A
09035800,2007-10-23,0.23463469921534438,A
09035800,2007-10-24,0.2559651264167393,A
09035800,2007-10-25,0.2666303400174368,A
09035800,2007-10-26,0.2559651264167393,A
09035800,2007-10-27,0.2559651264167393,A
09035800,2007-10-28,0.24529991281604183,A
09035800,2007-10-29,0.24529991281604183,A
09035800,2007-10-30,0.24529991281604183,A
09035800,2007-10-31,0.24529991281604183,A
09035800,2007-11-01,0.22396948561464691,A
09035800,2007-11-02,0.23463469921534438,A
09035800,2007-11-03,0.21330427201394944,A
09035800,2007-11-04,0.2666303400174368,A
09035800,2007-11-05,0.23463469921534438,A
09035800,2007-11-06,0.23463469921534438,A
09035800,2007-11-07,0.23463469921534438,A:e
09035800,2007-11-08,0.21330427201394944,A:e
09035800,2007-11-09,0.19197384481255447,A:e
09035800,2007-11-10,0.22396948561464691,A:e
09035800,2007-11-11,0.22396948561464691,A:e
09035800,2007-11-12,0.22396948561464691,A:e
09035800,2007-11-13,0.22396948561464691,A:e
09035800,2007-11-14,0.22396948561464691,A:e
09035800,2007-11-15,0.18130863121185703,A:e
09035800,2007-11-16,0.21330427201394944,A:e
09035800,2007-11-17,0.22396948561464691,A:e
09035800,2007-11-18,0.21330427201394944,A:e
09035800,2007-11-19,0.21330427201394944,A:e
09035800,2007-11-20,0.20263905841325194,A:e
09035800,2007-11-21,0.19197384481255447,A:e
09035800,2007-11-22,0.18130863121185703,A:e
09035800,2007-11-23,0.18130863121185703,A:e
09035800,2007-11-24,0.18130863121185703,A:e
09035800,2007-11-25,0.18130863121185703,A:e
09035800,2007-11-26,0.18130863121185703,A:e
09035800,2007-11-27,0.18130863121185703,A:e
09035800,2007-11-28,0.19197384481255447,A:e
09035800,2007-11-29,0.19197384481255447,A:e
09035800,2007-11-30,0.19197384481255447,A:e
09035800,2007-12-01,0.19197384481255447,A:e
09035800,2007-12-02,0.19197384481255447,A:e
09035800,2007-12-03,0.19197384481255447,A:e
09035800,2007-12-04,0.19197384481255447,A:e
09035800,2007-12-05,0.20263905841325194,A:e
09035800,2007-12-06,0.20263905841325194,A:e
09035800,2007-12-07,0.20263905841325194,A:e
09035800,2007-12-08,0.20263905841325194,A:e
09035800,2007-12-09,0.20263905841325194,A:e
09035800,2007-12-10,0.19197384481255447,A:e
09035800,2007-12-11,0.19197384481255447,A:e
09035800,2007-12-12,0.19197384481255447,A:e
09035800,2007-12-13,0.18130863121185703,A:e
09035800,2007-12-14,0.18130863121185703,A:e
09035800,2007-12-15,0.18130863121185703,A:e
09035800,2007-12-16,0.18130863121185703,A:e
09035800,2007-12-17,0.17064341761115956,A:e
09035800,2007-12-18,0.18130863121185703,A:e
09035800,2007-12-19,0.18130863121185703,A:e
09035800,2007-12-20,0.18130863121185703,A:e
09035800,2007-12-21,0.18130863121185703,A:e
09035800,2007-12-22,0.18130863121185703,A:e
09035800,2007-12-23,0.18130863121185703,A:e
09035800,2007-12-24,0.18130863121185703,A:e
09035800,2007-12-25,0.18130863121185703,A:e
09035800,2007-12-26,0.15997820401046206,A:e
09035800,2007-12-27,0.15997820401046206,A:e
09035800,2007-12-28,0.15997820401046206,A:e
09035800,2007-12-29,0.15997820401046206,A:e
09035800,2007-12-30,0.15997820401046206,A:e
09035800,2007-12-31,0.15997820401046206,A:e
09035800,2008-01-01,0.15997820401046206,A:e
09035800,2008-01-02,0.15997820401046206,A:e
09035800,2008-01-03,0.15997820401046206,A:e
09035800,2008-01-04,0.17064341761115956,A:e
09035800,2008-01-05,0.15997820401046206,A:e
09035800,2008-01-06,0.13864777680906715,A:e
09035800,2008-01-07,0.14931299040976459,A:e
09035800,2008-01-08,0.14931299040976459,A:e
09035800,2008-01-09,0.17064341761115956,A:e
09035800,2008-01-10,0.17064341761115956,A:e
09035800,2008-01-11,0.15997820401046206,A:e
09035800,2008-01-12,0.15997820401046206,A:e
09035800,2008-01-13,0.15997820401046206,A:e
09035800,2008-01-14,0.15997820401046206,A:e
09035800,2008-01-15,0.15997820401046206,A:e
09035800,2008-01-16,0.15997820401046206,A:e
09035800,2008-01-17,0.15997820401046206,A:e
09035800,2008-01-18,0.15997820401046206,A:e
09035800,2008-01-19,0.15997820401046206,A:e
09035800,2008-01-20,0.15997820401046206,A:e
09035800,2008-01-21,0.17064341761115956,A:e
09035800,2008-01-22,0.17064341761115956,A:e
09035800,2008-01-23,0.17064341761115956,A:e
09035800,2008-01-24,0.15997820401046206,A:e
09035800,2008-01-25,0.15997820401046206,A:e
09035800,2008-01-26,0.15997820401046206,A:e
09035800,2008-01-27,0.15997820401046206,A:e
09035800,2008-01-28,0.15997820401046206,A:e
09035800,2008-01-29,0.15997820401046206,A:e
09035800,2008-01-30,0.15997820401046206,A:e
09035800,2008-01-31,0.15997820401046206,A:e
09035800,2008-02-01,0.15997820401046206,A:e
09035800,2008-02-02,0.15997820401046206,A:e
09035800,2008-02-03,0.15997820401046206,A:e
09035800,2008-02-04,0.15997820401046206,A:e
09035800,2008-02-05,0.15997820401046206,A:e
09035800,2008-02-06,0.15997820401046206,A:e
09035800,2008-02-07,0.15997820401046206,A:e
09035800,2008-02-08,0.15997820401046206,A:e
09035800,2008-02-09,0.14931299040976459,A:e
09035800,2008-02-10,0.14931299040976459,A:e
09035800,2008-02-11,0.14931299040976459,A:e
09035800,2008-02-12,0.14931299040976459,A:e
09035800,2008-02-13,0.14931299040976459,A:e
09035800,2008-02-14,0.15997820401046206,A:e
09035800,2008-02-15,0.14931299040976459,A:e
09035800,2008-02-16,0.13864777680906715,A:e
09035800,2008-02-17,0.14931299040976459,A:e
09035800,2008-02-18,0.14931299040976459,A:e
09035800,2008-02-19,0.14931299040976459,A:e
09035800,2008-02-20,0.14931299040976459,A:e
09035800,2008-02-21,0.14931299040976459,A:e
09035800,2008-02-22,0.15997820401046206,A:e
09035800,2008-02-23,0.15997820401046206,A:e
09035800,2008-02-24,0.15997820401046206,A:e
09035800,2008-02-25,0.15997820401046206,A:e
09035800,2008-02-26,0.15997820401046206,A:e
09035800,2008-02-27,0.13864777680906715,A:e
09035800,2008-02-28,0.14931299040976459,A:e
09035800,2008-02-29,0.13864777680906715,A:e
09035800,2008-03-01,0.13864777680906715,A:e
09035800,2008-03-02,0.14931299040976459,A:e
09035800,2008-03-03,0.13864777680906715,A:e
09035800,2008-03-04,0.13864777680906715,A:e
09035800,2008-03-05,0.13864777680906715,A:e
09035800,2008-03-06,0.13864777680906715,A:e
09035800,2008-03-07,0.14931299040976459,A:e
09035800,2008-03-08,0.14931299040976459,A:e
09035800,2008-03-09,0.14931299040976459,A:e
09035800,2008-03-10,0.13864777680906715,A:e
09035800,2008-03-11,0.13864777680906715,A:e
09035800,2008-03-12,0.13864777680906715,A:e
09035800,2008-03-13,0.14931299040976459,A:e
09035800,2008-03-14,0.14931299040976459,A:e
09035800,2008-03-15,0.14931299040976459,A:e
09035800,2008-03-16,0.14931299040976459,A:e
09035800,2008-03-17,0.14931299040976459,A:e
09035800,2008-03-18,0.14931299040976459,A:e
09035800,2008-03-19,0.14931299040976459,A:e
09035800,2008-03-20,0.14931299040976459,A:e
09035800,2008-03-21,0.14931299040976459,A:e
09035800,2008-03-22,0.14931299040976459,A:e
09035800,2008-03-23,0.13864777680906715,A:e
09035800,2008-03-24,0.14931299040976459,A:e
09035800,2008-03-25,0.14931299040976459,A:e
09035800,2008-03-26,0.14931299040976459,A:e
09035800,2008-03-27,0.14931299040976459,A:e
09035800,2008-03-28,0.14931299040976459,A:e
09035800,2008-03-29,0.14931299040976459,A:e
09035800,2008-03-30,0.14931299040976459,A:e
09035800,2008-03-31,0.14931299040976459,A:e
09035800,2008-04-01,0.14931299040976459,A:e
09035800,2008-04-02,0.14931299040976459,A:e
09035800,2008-04-03,0.14931299040976459,A:e
09035800,2008-04-04,0.14931299040976459,A:e
09035800,2008-04-05,0.14931299040976459,A:e
09035800,2008-04-06,0.14931299040976459,A:e
09035800,2008-04-07,0.15997820401046206,A:e
09035800,2008-04-08,0.15997820401046206,A:e
09035800,2008-04-09,0.15997820401046206,A:e
09035800,2008-04-10,0.15997820401046206,A:e
09035800,2008-04-11,0.15997820401046206,A:e
09035800,2008-04-12,0.15997820401046206,A:e
09035800,2008-04-13,0.17064341761115956,A:e
09035800,2008-04-14,0.19197384481255447,A:e
09035800,2008-04-15,0.19197384481255447,A:e
09035800,2008-04-16,0.20263905841325194,A:e
09035800,2008-04-17,0.20263905841325194,A:e
09035800,2008-04-18,0.21330427201394944,A:e
09035800,2008-04-19,0.21330427201394944,A:e
09035800,2008-04-20,0.22396948561464691,A:e
09035800,2008-04-21,0.22396948561464691,A:e
09035800,2008-04-22,0.23463469921534438,A:e
09035800,2008-04-23,0.27729555361813429,A:e
09035800,2008-04-24,0.33062162162162162,A:e
09035800,2008-04-25,0.30929119442022668,A:e
09035800,2008-04-26,0.28796076721883174,A:e
09035800,2008-04-27,0.2666303400174368,A:e
09035800,2008-04-28,0.28796076721883174,A:e
09035800,2008-04-29,0.33062162162162162,A:e
09035800,2008-04-30,0.35195204882301651,A:e
09035800,2008-05-01,0.3946129032258065,A:e
09035800,2008-05-02,0.36261726242371406,A
09035800,2008-05-03,0.34128683522231912,A
09035800,2008-05-04,0.35195204882301651,A
09035800,2008-05-05,0.42660854402789888,A
09035800,2008-05-06,0.61858238884045336,A
09035800,2008-05-07,0.71456931124673062,A
09035800,2008-05-08,0.77856059285091539,A
09035800,2008-05-09,0.66124324324324324,A
09035800,2008-05-10,0.62924760244115086,A
09035800,2008-05-11,0.60791717523975597,A
09035800,2008-05-12,0.67190845684394063,A
09035800,2008-05-13,0.72523452484742812,A
09035800,2008-05-14,0.62924760244115086,A
09035800,2008-05-15,0.58658674803836097,A
09035800,2008-05-16,0.55459110723626859,A
09035800,2008-05-17,0.60791717523975597,A
09035800,2008-05-18,0.84255187445510027,A
09035800,2008-05-19,1.2798256320836965,A
09035800,2008-05-20,1.9197384481255448,A
09035800,2008-05-21,2.3463469921534439,A
09035800,2008-05-22,2.2396948561464693,A
09035800,2008-05-23,1.7064341761115955,A
09035800,2008-05-24,1.493129904097646,A
09035800,2008-05-25,1.493129904097646,A
09035800,2008-05-26,1.8130863121185703,A
09035800,2008-05-27,2.1330427201394944,A
09035800,2008-05-28,2.559651264167393,A
09035800,2008-05-29,2.986259808195292,A
09035800,2008-05-30,3.092911944202267,A
09035800,2008-05-31,3.4128683522231911,A
09035800,2008-06-01,3.9461290322580647,A
09035800,2008-06-02,4.5860418482999128,A
09035800,2008-06-03,4.6926939843068878,A
09035800,2008-06-04,4.2660854402789887,A
09035800,2008-06-05,3.8394768962510897,A
09035800,2008-06-06,3.4128683522231911,A
09035800,2008-06-07,3.5195204882301656,A
09035800,2008-06-08,3.6261726242371406,A
09035800,2008-06-09,3.4128683522231911,A
09035800,2008-06-10,3.7328247602441147,A
09035800,2008-06-11,3.8394768962510897,A
09035800,2008-06-12,3.3062162162162161,A
09035800,2008-06-13,3.3062162162162161,A
09035800,2008-06-14,3.6261726242371406,A
09035800,2008-06-15,3.9461290322580647,A
09035800,2008-06-16,4.1594333042720137,A
09035800,2008-06-17,4.4793897122929387,A
09035800,2008-06-18,4.9059982563208369,A
09035800,2008-06-19,5.3326068003487359,A
09035800,2008-06-20,5.65256320836966,A
09035800,2008-06-21,5.7592153443766341,A
09035800,2008-06-22,5.7592153443766341,A
09035800,2008-06-23,5.545911072362685,A
09035800,2008-06-24,5.545911072362685,A
09035800,2008-06-25,5.545911072362685,A
09035800,2008-06-26,5.8658674803836099,A
09035800,2008-06-27,5.7592153443766341,A
09035800,2008-06-28,5.7592153443766341,A
09035800,2008-06-29,5.7592153443766341,A
09035800,2008-06-30,5.65256320836966,A
09035800,2008-07-01,5.3326068003487359,A
09035800,2008-07-02,5.1193025283347859,A
09035800,2008-07-03,4.7993461203138628,A
09035800,2008-07-04,4.4793897122929387,A
09035800,2008-07-05,4.1594333042720137,A
09035800,2008-07-06,3.8394768962510897,A
09035800,2008-07-07,3.7328247602441147,A
09035800,2008-07-08,3.4128683522231911,A
09035800,2008-07-09,3.1995640802092411,A
09035800,2008-07-10,2.986259808195292,A
09035800,2008-07-11,2.7729555361813425,A
09035800,2008-07-12,2.559651264167393,A
09035800,2008-07-13,2.4529991281604184,A
09035800,2008-07-14,2.2396948561464693,A
09035800,2008-07-15,2.1330427201394944,A
09035800,2008-07-16,2.0263905841325194,A
09035800,2008-07-17,1.9197384481255448,A
09035800,2008-07-18,1.8130863121185703,A
09035800,2008-07-19,1.7064341761115955,A
09035800,2008-07-20,1.5997820401046206,A
09035800,2008-07-21,1.493129904097646,A
09035800,2008-07-22,1.3864777680906712,A
09035800,2008-07-23,1.3864777680906712,A
09035800,2008-07-24,1.2798256320836965,A
09035800,2008-07-25,1.1731734960767219,A
09035800,2008-07-26,1.1731734960767219,A
09035800,2008-07-27,1.1731734960767219,A
09035800,2008-07-28,1.2798256320836965,A
09035800,2008-07-29,1.1731734960767219,A
09035800,2008-07-30,1.0238605056669572,A
09035800,2008-07-31,0.97053443766346992,A
09035800,2008-08-01,0.92787358326067992,A
09035800,2008-08-02,0.88521272885789026,A
09035800,2008-08-03,0.87454751525719265,A
09035800,2008-08-04,0.84255187445510027,A
09035800,2008-08-05,0.82122144725370538,A
09035800,2008-08-06,0.79989102005231028,A
09035800,2008-08-07,0.76789537925021789,A
09035800,2008-08-08,0.77856059285091539,A
09035800,2008-08-09,0.79989102005231028,A
09035800,2008-08-10,0.789225806451613,A
09035800,2008-08-11,0.98119965126416731,A
09035800,2008-08-12,0.789225806451613,A
09035800,2008-08-13,0.71456931124673062,A
09035800,2008-08-14,0.67190845684394063,A
09035800,2008-08-15,0.70390409764603301,A
09035800,2008-08-16,0.95986922406277242,A
09035800,2008-08-17,0.95986922406277242,A
09035800,2008-08-18,0.789225806451613,A
09035800,2008-08-19,0.71456931124673062,A
09035800,2008-08-20,0.66124324324324324,A
09035800,2008-08-21,0.62924760244115086,A
09035800,2008-08-22,0.59725196163905836,A
09035800,2008-08-23,0.58658674803836097,A
09035800,2008-08-24,0.56525632083696598,A
09035800,2008-08-25,0.54392589363557098,A
09035800,2008-08-26,0.54392589363557098,A
09035800,2008-08-27,0.52259546643417609,A
09035800,2008-08-28,0.49059982563208365,A
09035800,2008-08-29,0.47993461203138621,A
09035800,2008-08-30,0.47993461203138621,A
09035800,2008-08-31,0.47993461203138621,A
09035800,2008-09-01,0.46926939843068877,A
09035800,2008-09-02,0.45860418482999121,A
09035800,2008-09-03,0.43727375762859633,A
09035800,2008-09-04,0.42660854402789888,A
09035800,2008-09-05,0.41594333042720139,A
09035800,2008-09-06,0.41594333042720139,A
09035800,2008-09-07,0.40527811682650389,A
09035800,2008-09-08,0.38394768962510895,A
09035800,2008-09-09,0.3732824760244115,A
09035800,2008-09-10,0.3946129032258065,A
09035800,2008-09-11,0.41594333042720139,A
09035800,2008-09-12,0.72523452484742812,A
09035800,2008-09-13,0.57592153443766347,A
09035800,2008-09-14,0.47993461203138621,A
09035800,2008-09-15,0.3946129032258065,A
09035800,2008-09-16,0.36261726242371406,A
09035800,2008-09-17,0.36261726242371406,A
09035800,2008-09-18,0.43727375762859633,A
09035800,2008-09-19,0.3946129032258065,A
09035800,2008-09-20,0.3732824760244115,A
09035800,2008-09-21,0.40527811682650389,A
09035800,2008-09-22,0.34128683522231912,A
09035800,2008-09-23,0.33062162162162162,A
09035800,2008-09-24,0.31995640802092412,A
09035800,2008-09-25,0.29862598081952918,A
09035800,2008-09-26,0.29862598081952918,A
09035800,2008-09-27,0.29862598081952918,A
09035800,2008-09-28,0.27729555361813429,A
09035800,2008-09-29,0.28796076721883174,A
09035800,2008-09-30,0.27729555361813429,A
01580000,2006-10-01,0.80094938003846627,A
01580000,2006-10-02,0.71084257478413881,A
01580000,2006-10-03,0.66078323853173471,A
01580000,2006-10-04,0.64075950403077298,A
01580000,2006-10-05,0.6107239022793306,A
01580000,2006-10-06,1.0011867250480828,A
01580000,2006-10-07,0.91107991979375536,A
01580000,2006-10-08,0.7408781765355813,A
01580000,2006-10-09,0.68080697303269644,A
01580000,2006-10-10,0.65077137128125384,A
01580000,2006-10-11,0.64075950403077298,A
01580000,2006-10-12,0.64075950403077298,A
01580000,2006-10-13,0.59070016777836887,A
01580000,2006-10-14,0.6107239022793306,A
01580000,2006-10-15,0.59070016777836887,A
01580000,2006-10-16,0.59070016777836887,A
01580000,2006-10-17,1.0412341940500061,A
01580000,2006-10-18,1.5117919548226051,A
01580000,2006-10-19,0.86102058354135125,A
01580000,2006-10-20,1.2514834063101035,A
01580000,2006-10-21,0.91107991979375536,A
01580000,2006-10-22,0.80094938003846627,A
01580000,2006-10-23,0.75089004378606217,A
01580000,2006-10-24,0.70083070753365795,A
01580000,2006-10-25,0.68080697303269644,A
01580000,2006-10-26,0.65077137128125384,A
01580000,2006-10-27,0.67079510578221546,A
01580000,2006-10-28,3.7444383516798299,A
01580000,2006-10-29,1.581875025575971,A
01580000,2006-10-30,1.0812816630519295,A
01580000,2006-10-31,0.93110365429471709,A
01580000,2006-11-01,0.87103245079183211,A
01580000,2006-11-02,1.111317264803372,A
01580000,2006-11-03,0.92109178704423611,A
01580000,2006-11-04,0.82097311453942801,A
01580000,2006-11-05,0.78092564553750454,A
01580000,2006-11-06,0.76090191103654292,A
01580000,2006-11-07,0.75089004378606217,A
01580000,2006-11-08,6.848117199328887,A
01580000,2006-11-09,2.4529074763678032,A
01580000,2006-11-10,1.5418275565740476,A
01580000,2006-11-11,1.3015427425625077,A
01580000,2006-11-12,1.2214478045586612,A
01580000,2006-11-13,1.3816376805663544,A
01580000,2006-11-14,1.2614952735605844,A
01580000,2006-11-15,1.1013053975528913,A
01580000,2006-11-16,16.519580963293368,A
01580000,2006-11-17,8.4500159594058193,A
01580000,2006-11-18,2.8033228301346318,A
01580000,2006-11-19,2.0824683881000121,A
01580000,2006-11-20,1.7721005033351065,A
01580000,2006-11-21,1.5618512910750091,A
01580000,2006-11-22,1.5318156893235668,A
01580000,2006-11-23,2.4529074763678032,A
01580000,2006-11-24,1.7620886360846257,A
01580000,2006-11-25,1.5218038220730858,A
01580000,2006-11-26,1.4216851495682776,A
01580000,2006-11-27,1.3616139460653929,A
01580000,2006-11-28,1.3215664770634694,A
01580000,2006-11-29,1.2915308753120269,A
01580000,2006-11-30,1.2715071408110652,A
01580000,2006-12-01,1.2915308753120269,A
01580000,2006-12-02,1.2614952735605844,A
01580000,2006-12-03,1.1413528665548143,A
01580000,2006-12-04,1.1213291320538528,A
01580000,2006-12-05,1.0712697958014485,A
01580000,2006-12-06,1.051246061300487,A
01580000,2006-12-07,1.0812816630519295,A
01580000,2006-12-08,1.0011867250480828,A
01580000,2006-12-09,0.97115112329664033,A
01580000,2006-12-10,0.99117485779760206,A
01580000,2006-12-11,0.99117485779760206,A
01580000,2006-12-12,0.98116299054712119,A
01580000,2006-12-13,1.0312223267995253,A
01580000,2006-12-14,1.0212104595490445,A
01580000,2006-12-15,0.99117485779760206,A
01580000,2006-12-16,0.95112738879567871,A
01580000,2006-12-17,0.93110365429471709,A
01580000,2006-12-18,0.92109178704423611,A
01580000,2006-12-19,0.9010680525432746,A
01580000,2006-12-20,0.89105618529279373,A
01580000,2006-12-21,0.9010680525432746,A
01580000,2006-12-22,1.0212104595490445,A
01580000,2006-12-23,3.7144027499283876,A
01580000,2006-12-24,1.5518394238245283,A
01580000,2006-12-25,1.5418275565740476,A
01580000,2006-12-26,2.2526701313581863,A
01580000,2006-12-27,1.5218038220730858,A
01580000,2006-12-28,1.3415902115644309,A
01580000,2006-12-29,1.2614952735605844,A
01580000,2006-12-30,1.1914122028072185,A
01580000,2006-12-31,1.1513647338052955,A
01580000,2007-01-01,6.3275001023038842,A
01580000,2007-01-02,2.4529074763678032,A
01580000,2007-01-03,1.8622073085894342,A
01580000,2007-01-04,1.6619699635798175,A
01580000,2007-01-05,1.7821123705855875,A
01580000,2007-01-06,1.8722191758399149,A
01580000,2007-01-07,1.641946229078856,A
01580000,2007-01-08,4.2850791832057942,A
01580000,2007-01-09,2.4529074763678032,A
01580000,2007-01-10,2.0223971845971276,A
01580000,2007-01-11,1.7921242378360684,A
01580000,2007-01-12,1.7320530343331833,A
01580000,2007-01-13,1.69200556533126,A
01580000,2007-01-14,1.6519580963293368,A
01580000,2007-01-15,1.6219224945778941,A
01580000,2007-01-16,1.5518394238245283,A
01580000,2007-01-17,1.4617326185702009,A
01580000,2007-01-18,1.4316970168187586,A
01580000,2007-01-19,1.4216851495682776,A
01580000,2007-01-20,1.3516020788149117,A
01580000,2007-01-21,1.3015427425625077,A
01580000,2007-01-22,1.3315783443139502,A
01580000,2007-01-23,1.3415902115644309,A
01580000,2007-01-24,1.3115546098129887,A
01580000,2007-01-25,1.2915308753120269,A
01580000,2007-01-26,1.2014240700576992,A:e
01580000,2007-01-27,1.1814003355567377,A:e
01580000,2007-01-28,1.2614952735605844,A
01580000,2007-01-29,1.171388468306257,A
01580000,2007-01-30,1.1213291320538528,A
01580000,2007-01-31,1.1013053975528913,A:e
01580000,2007-02-01,1.0912935303024103,A
01580000,2007-02-02,1.1413528665548143,A
01580000,2007-02-03,1.1313409993043335,A
01580000,2007-02-04,1.1213291320538528,A:e
01580000,2007-02-05,1.1213291320538528,A:e
01580000,2007-02-06,1.1213291320538528,A:e
01580000,2007-02-07,1.111317264803372,A:e
01580000,2007-02-08,1.111317264803372,A:e
01580000,2007-02-09,1.1013053975528913,A:e
01580000,2007-02-10,1.1013053975528913,A:e
01580000,2007-02-11,1.0912935303024103,A:e
01580000,2007-02-12,1.0912935303024103,A:e
01580000,2007-02-13,1.0812816630519295,A
01580000,2007-02-14,1.1213291320538528,A:e
01580000,2007-02-15,1.1013053975528913,A:e
01580000,2007-02-16,1.0812816630519295,A:e
01580000,2007-02-17,1.1013053975528913,A:e
01580000,2007-02-18,1.1213291320538528,A:e
01580000,2007-02-19,1.1013053975528913,A:e
01580000,2007-02-20,1.051246061300487,A
01580000,2007-02-21,1.4517207513197201,A
01580000,2007-02-22,2.9234652371404017,A
01580000,2007-02-23,2.4028481401153985,A
01580000,2007-02-24,1.3716258133158736,A
01580000,2007-02-25,1.3215664770634694,A
01580000,2007-02-26,2.3527888038629947,A
01580000,2007-02-27,3.0536195113966529,A
01580000,2007-02-28,2.3527888038629947,A
01580000,2007-03-01,2.162563326103859,A
01580000,2007-03-02,12.614952735605845,A
01580000,2007-03-03,3.283892458157712,A
01580000,2007-03-04,2.2526701313581863,A
01580000,2007-03-05,1.81214797233703,A
01580000,2007-03-06,1.5418275565740476,A
01580000,2007-03-07,1.4617326185702009,A
01580000,2007-03-08,1.4216851495682776,A:e
01580000,2007-03-09,1.3716258133158736,A:e
01580000,2007-03-10,1.3516020788149117,A
01580000,2007-03-11,1.5918868928264518,A
01580000,2007-03-12,1.3916495478168351,A
01580000,2007-03-13,1.3315783443139502,A
01580000,2007-03-14,1.3115546098129887,A
01580000,2007-03-15,1.3716258133158736,A
01580000,2007-03-16,4.5854352007202186,A
01580000,2007-03-17,3.0235839096452102,A
01580000,2007-03-18,2.2426582641077055,A
01580000,2007-03-19,2.1825870606048206,A
01580000,2007-03-20,2.5530261488726111,A
01580000,2007-03-21,2.2927176003601093,A
01580000,2007-03-22,2.0524327863485698,A
01580000,2007-03-23,2.1024921226009741,A
01580000,2007-03-24,2.6931922903793426,A
01580000,2007-03-25,2.2126226623562633,A
01580000,2007-03-26,1.9623259810942424,A
01580000,2007-03-27,1.9022547775913574,A
01580000,2007-03-28,1.8021361050865492,A
01580000,2007-03-29,1.6519580963293368,A
01580000,2007-03-30,1.5918868928264518,A
01580000,2007-03-31,1.5618512910750091,A
01580000,2007-04-01,1.5418275565740476,A
01580000,2007-04-02,1.5518394238245283,A
01580000,2007-04-03,1.4717444858206818,A
01580000,2007-04-04,1.6319343618283753,A
01580000,2007-04-05,1.5318156893235668,A
01580000,2007-04-06,1.4316970168187586,A
01580000,2007-04-07,1.4016614150673159,A
01580000,2007-04-08,1.3616139460653929,A
01580000,2007-04-09,1.3516020788149117,A
01580000,2007-04-10,1.3315783443139502,A
01580000,2007-04-11,1.3115546098129887,A
01580000,2007-04-12,2.4028481401153985,A
01580000,2007-04-13,1.702017432581741,A
01580000,2007-04-14,1.4717444858206818,A
01580000,2007-04-15,9.441190817203422,A
01580000,2007-04-16,5.7167762000245537,A
01580000,2007-04-17,3.2538568564062689,A
01580000,2007-04-18,2.6831804231288618,A
01580000,2007-04-19,2.4228718746163604,A
01580000,2007-04-20,2.2126226623562633,A
01580000,2007-04-21,2.0524327863485698,A
01580000,2007-04-22,1.9623259810942424,A
01580000,2007-04-23,1.8922429103408764,A
01580000,2007-04-24,1.8421835740884722,A
01580000,2007-04-25,1.81214797233703,A
01580000,2007-04-26,1.7921242378360684,A
01580000,2007-04-27,8.3999566231534146,A
01580000,2007-04-28,3.0235839096452102,A
01580000,2007-04-29,2.4629193436182839,A
01580000,2007-04-30,2.2026107951057825,A
01580000,2007-05-01,2.0223971845971276,A
01580000,2007-05-02,1.9322903793427999,A
01580000,2007-05-03,1.81214797233703,A
01580000,2007-05-04,1.7320530343331833,A
01580000,2007-05-05,1.6819936980807793,A
01580000,2007-05-06,1.6219224945778941,A
01580000,2007-05-07,1.5518394238245283,A
01580000,2007-05-08,1.5418275565740476,A
01580000,2007-05-09,1.5318156893235668,A
01580000,2007-05-10,1.5318156893235668,A
01580000,2007-05-11,1.5518394238245283,A
01580000,2007-05-12,1.6119106273274133,A
01580000,2007-05-13,2.0424209190980891,A
01580000,2007-05-14,1.4717444858206818,A
01580000,2007-05-15,1.4216851495682776,A
01580000,2007-05-16,1.8221598395875107,A
01580000,2007-05-17,1.8521954413389534,A
01580000,2007-05-18,1.4417088840692394,A
01580000,2007-05-19,1.4016614150673159,A
01580000,2007-05-20,1.3616139460653929,A
01580000,2007-05-21,1.2715071408110652,A
01580000,2007-05-22,1.2214478045586612,A
01580000,2007-05-23,1.2014240700576992,A
01580000,2007-05-24,1.1914122028072185,A
01580000,2007-05-25,1.1814003355567377,A
01580000,2007-05-26,1.171388468306257,A
01580000,2007-05-27,1.2715071408110652,A
01580000,2007-05-28,1.5218038220730858,A
01580000,2007-05-29,1.1814003355567377,A
01580000,2007-05-30,1.111317264803372,A
01580000,2007-05-31,1.0712697958014485,A
01580000,2007-06-01,1.0412341940500061,A
01580000,2007-06-02,1.1513647338052955,A
01580000,2007-06-03,1.4316970168187586,A
01580000,2007-06-04,1.8221598395875107,A
01580000,2007-06-05,1.2114359373081802,A
01580000,2007-06-06,1.0812816630519295,A
01580000,2007-06-07,1.0312223267995253,A
01580000,2007-06-08,1.0111985922985638,A
01580000,2007-06-09,0.98116299054712119,A
01580000,2007-06-10,0.96113925604615957,A
01580000,2007-06-11,0.98116299054712119,A
01580000,2007-06-12,0.93110365429471709,A
01580000,2007-06-13,2.0924802553504933,A
01580000,2007-06-14,1.5318156893235668,A
01580000,2007-06-15,1.0212104595490445,A
01580000,2007-06-16,0.97115112329664033,A
01580000,2007-06-17,0.91107991979375536,A
01580000,2007-06-18,0.88104431804231287,A
01580000,2007-06-19,0.89105618529279373,A
01580000,2007-06-20,0.99117485779760206,A
01580000,2007-06-21,0.86102058354135125,A
01580000,2007-06-22,0.81096124728894703,A
01580000,2007-06-23,0.79093751278798552,A
01580000,2007-06-24,0.77091377828702379,A
01580000,2007-06-25,1.0011867250480828,A
01580000,2007-06-26,0.85100871629087049,A
01580000,2007-06-27,0.80094938003846627,A
01580000,2007-06-28,0.82097311453942801,A
01580000,2007-06-29,1.0812816630519295,A
01580000,2007-06-30,0.94111552154519784,A
01580000,2007-07-01,0.84099684904038963,A
01580000,2007-07-02,0.80094938003846627,A
01580000,2007-07-03,0.77091377828702379,A
01580000,2007-07-04,0.81096124728894703,A
01580000,2007-07-05,1.0612579285509678,A
01580000,2007-07-06,0.86102058354135125,A
01580000,2007-07-07,0.77091377828702379,A
01580000,2007-07-08,0.73086630928510044,A
01580000,2007-07-09,0.70083070753365795,A
01580000,2007-07-10,1.6018987600769325,A
01580000,2007-07-11,1.1013053975528913,A
01580000,2007-07-12,0.94111552154519784,A
01580000,2007-07-13,0.85100871629087049,A
01580000,2007-07-14,0.72085444203461968,A
01580000,2007-07-15,0.68080697303269644,A
01580000,2007-07-16,0.71084257478413881,A
01580000,2007-07-17,0.81096124728894703,A
01580000,2007-07-18,0.71084257478413881,A
01580000,2007-07-19,0.77091377828702379,A
01580000,2007-07-20,0.7408781765355813,A
01580000,2007-07-21,0.63074763678029222,A
01580000,2007-07-22,0.59070016777836887,A
01580000,2007-07-23,0.58068830052788811,A
01580000,2007-07-24,0.57067643327740714,A
01580000,2007-07-25,0.6107239022793306,A
01580000,2007-07-26,0.58068830052788811,A
01580000,2007-07-27,0.58068830052788811,A
01580000,2007-07-28,0.73086630928510044,A
01580000,2007-07-29,0.76090191103654292,A
01580000,2007-07-30,0.68080697303269644,A
01580000,2007-07-31,0.60071203502884962,A
01580000,2007-08-01,0.55065269877644563,A
01580000,2007-08-02,0.53062896427548389,A
01580000,2007-08-03,0.52061709702500303,A
01580000,2007-08-04,0.51060522977452227,A
01580000,2007-08-05,0.4905814952735606,A
01580000,2007-08-06,0.57067643327740714,A
01580000,2007-08-07,0.55065269877644563,A
01580000,2007-08-08,0.52061709702500303,A
01580000,2007-08-09,0.99117485779760206,A
01580000,2007-08-10,1.4316970168187586,A
01580000,2007-08-11,0.68080697303269644,A
01580000,2007-08-12,0.58068830052788811,A
01580000,2007-08-13,0.56066456602692638,A
01580000,2007-08-14,0.52061709702500303,A
01580000,2007-08-15,0.50059336252404141,A
01580000,2007-08-16,0.52061709702500303,A
01580000,2007-08-17,0.54064083152596476,A
01580000,2007-08-18,0.48056962802307979,A
01580000,2007-08-19,0.48056962802307979,A
01580000,2007-08-20,0.63074763678029222,A
01580000,2007-08-21,1.2114359373081802,A
01580000,2007-08-22,0.86102058354135125,A
01580000,2007-08-23,0.67079510578221546,A
01580000,2007-08-24,0.62073576952981135,A
01580000,2007-08-25,0.58068830052788811,A
01580000,2007-08-26,0.62073576952981135,A
01580000,2007-08-27,0.56066456602692638,A
01580000,2007-08-28,0.52061709702500303,A
01580000,2007-08-29,0.51060522977452227,A
01580000,2007-08-30,0.50059336252404141,A
01580000,2007-08-31,0.48056962802307979,A
01580000,2007-09-01,0.46054589352211805,A
01580000,2007-09-02,0.46054589352211805,A
01580000,2007-09-03,0.4505340262716373,A
01580000,2007-09-04,0.44052215902115643,A
01580000,2007-09-05,0.42049842452019481,A
01580000,2007-09-06,0.410486557269714,A
01580000,2007-09-07,0.410486557269714,A
01580000,2007-09-08,0.40047469001923314,A
01580000,2007-09-09,0.39046282276875227,A
01580000,2007-09-10,0.39046282276875227,A
01580000,2007-09-11,0.42049842452019481,A
01580000,2007-09-12,0.4505340262716373,A
01580000,2007-09-13,0.40047469001923314,A
01580000,2007-09-14,0.39046282276875227,A
01580000,2007-09-15,0.410486557269714,A
01580000,2007-09-16,0.37043908826779065,A
01580000,2007-09-17,0.37043908826779065,A
01580000,2007-09-18,0.37043908826779065,A
01580000,2007-09-19,0.37043908826779065,A
01580000,2007-09-20,0.37043908826779065,A
01580000,2007-09-21,0.36042722101730984,A
01580000,2007-09-22,0.36042722101730984,A
01580000,2007-09-23,0.35041535376682897,A
01580000,2007-09-24,0.33039161926586735,A
01580000,2007-09-25,0.32037975201538649,A
01580000,2007-09-26,0.32037975201538649,A
01580000,2007-09-27,0.33039161926586735,A
01580000,2007-09-28,0.37043908826779065,A
01580000,2007-09-29,0.32037975201538649,A
01580000,2007-09-30,0.32037975201538649,A
01580000,2007-10-01,0.32037975201538649,A:e
01580000,2007-10-02,0.32037975201538649,A
01580000,2007-10-03,0.32037975201538649,A
01580000,2007-10-04,0.33039161926586735,A
01580000,2007-10-05,0.33039161926586735,A
01580000,2007-10-06,0.32037975201538649,A:e
01580000,2007-10-07,0.32037975201538649,A:e
01580000,2007-10-08,0.32037975201538649,A
01580000,2007-10-09,0.32037975201538649,A
01580000,2007-10-10,0.32037975201538649,A
01580000,2007-10-11,0.44052215902115643,A
01580000,2007-10-12,0.43051029177067562,A
01580000,2007-10-13,0.39046282276875227,A
01580000,2007-10-14,0.36042722101730984,A
01580000,2007-10-15,0.34040348651634822,A:e
01580000,2007-10-16,0.34040348651634822,A
01580000,2007-10-17,0.34040348651634822,A
01580000,2007-10-18,0.35041535376682897,A
01580000,2007-10-19,0.37043908826779065,A
01580000,2007-10-20,0.42049842452019481,A
01580000,2007-10-21,0.36042722101730984,A
01580000,2007-10-22,0.35041535376682897,A
01580000,2007-10-23,0.33039161926586735,A
01580000,2007-10-24,0.39046282276875227,A
01580000,2007-10-25,0.57067643327740714,A
01580000,2007-10-26,0.72085444203461968,A
01580000,2007-10-27,5.7768474035274382,A
01580000,2007-10-28,1.2214478045586612,A
01580000,2007-10-29,0.70083070753365795,A
01580000,2007-10-30,0.58068830052788811,A
01580000,2007-10-31,0.53062896427548389,A
01580000,2007-11-01,0.51060522977452227,A
01580000,2007-11-02,0.48056962802307979,A
01580000,2007-11-03,0.47055776077259892,A
01580000,2007-11-04,0.46054589352211805,A
01580000,2007-11-05,0.4505340262716373,A
01580000,2007-11-06,0.47055776077259892,A
01580000,2007-11-07,0.4505340262716373,A
01580000,2007-11-08,0.43051029177067562,A
01580000,2007-11-09,0.44052215902115643,A
01580000,2007-11-10,0.46054589352211805,A
01580000,2007-11-11,0.4505340262716373,A
01580000,2007-11-12,0.46054589352211805,A
01580000,2007-11-13,0.4905814952735606,A
01580000,2007-11-14,0.50059336252404141,A
01580000,2007-11-15,0.65077137128125384,A
01580000,2007-11-16,0.7408781765355813,A
01580000,2007-11-17,0.53062896427548389,A
01580000,2007-11-18,0.50059336252404141,A
01580000,2007-11-19,0.88104431804231287,A
01580000,2007-11-20,0.72085444203461968,A
01580000,2007-11-21,0.6107239022793306,A
01580000,2007-11-22,0.56066456602692638,A
01580000,2007-11-23,0.52061709702500303,A
01580000,2007-11-24,0.4905814952735606,A
01580000,2007-11-25,0.4905814952735606,A
01580000,2007-11-26,0.52061709702500303,A
01580000,2007-11-27,0.65077137128125384,A
01580000,2007-11-28,0.55065269877644563,A
01580000,2007-11-29,0.52061709702500303,A
01580000,2007-11-30,0.50059336252404141,A
01580000,2007-12-01,0.48056962802307979,A
01580000,2007-12-02,0.52061709702500303,A
01580000,2007-12-03,1.5418275565740476,A
01580000,2007-12-04,0.80094938003846627,A
01580000,2007-12-05,0.66078323853173471,A
01580000,2007-12-06,0.60071203502884962,A:e
01580000,2007-12-07,0.55065269877644563,A:e
01580000,2007-12-08,0.67079510578221546,A
01580000,2007-12-09,0.77091377828702379,A
01580000,2007-12-10,0.84099684904038963,A
01580000,2007-12-11,0.79093751278798552,A
01580000,2007-12-12,0.71084257478413881,A
01580000,2007-12-13,0.73086630928510044,A
01580000,2007-12-14,0.84099684904038963,A
01580000,2007-12-15,0.70083070753365795,A
01580000,2007-12-16,3.1036788476490567,A
01580000,2007-12-17,1.5918868928264518,A
01580000,2007-12-18,1.0111985922985638,A
01580000,2007-12-19,0.85100871629087049,A
01580000,2007-12-20,0.77091377828702379,A
01580000,2007-12-21,0.71084257478413881,A
01580000,2007-12-22,0.68080697303269644,A
01580000,2007-12-23,0.72085444203461968,A
01580000,2007-12-24,1.1213291320538528,A
01580000,2007-12-25,0.78092564553750454,A
01580000,2007-12-26,0.77091377828702379,A
01580000,2007-12-27,0.88104431804231287,A
01580000,2007-12-28,0.76090191103654292,A
01580000,2007-12-29,1.1613766010557762,A
01580000,2007-12-30,0.93110365429471709,A
01580000,2007-12-31,1.4216851495682776,A
01580000,2008-01-01,1.051246061300487,A
01580000,2008-01-02,0.89105618529279373,A
01580000,2008-01-03,0.77091377828702379,A:e
01580000,2008-01-04,0.67079510578221546,A:e
01580000,2008-01-05,0.76090191103654292,A
01580000,2008-01-06,0.7408781765355813,A
01580000,2008-01-07,0.72085444203461968,A
01580000,2008-01-08,0.69081884028317719,A
01580000,2008-01-09,0.71084257478413881,A
01580000,2008-01-10,0.71084257478413881,A
01580000,2008-01-11,0.76090191103654292,A
01580000,2008-01-12,0.73086630928510044,A
01580000,2008-01-13,0.67079510578221546,A
01580000,2008-01-14,0.81096124728894703,A
01580000,2008-01-15,1.0111985922985638,A
01580000,2008-01-16,0.79093751278798552,A
01580000,2008-01-17,0.65077137128125384,A
01580000,2008-01-18,0.87103245079183211,A
01580000,2008-01-19,0.9010680525432746,A
01580000,2008-01-20,0.75089004378606217,A
01580000,2008-01-21,0.60071203502884962,A:e
01580000,2008-01-22,0.50059336252404141,A:e
01580000,2008-01-23,0.67079510578221546,A
01580000,2008-01-24,0.60071203502884962,A:e
01580000,2008-01-25,0.55065269877644563,A:e
01580000,2008-01-26,0.50059336252404141,A:e
01580000,2008-01-27,0.59070016777836887,A
01580000,2008-01-28,0.55065269877644563,A:e
01580000,2008-01-29,0.58068830052788811,A
01580000,2008-01-30,0.65077137128125384,A
01580000,2008-01-31,0.6107239022793306,A
01580000,2008-02-01,6.3174882350534034,A
01580000,2008-02-02,4.3751859884601219,A
01580000,2008-02-03,1.6018987600769325,A
01580000,2008-02-04,1.2915308753120269,A
01580000,2008-02-05,1.1513647338052955,A
01580000,2008-02-06,1.0412341940500061,A
01580000,2008-02-07,1.0312223267995253,A
01580000,2008-02-08,0.91107991979375536,A
01580000,2008-02-09,0.86102058354135125,A
01580000,2008-02-10,0.83098498178990876,A
01580000,2008-02-11,0.75089004378606217,A:e
01580000,2008-02-12,0.77091377828702379,A
01580000,2008-02-13,4.4953283954658918,A
01580000,2008-02-14,2.5530261488726111,A
01580000,2008-02-15,1.5718631583254901,A
01580000,2008-02-16,1.3516020788149117,A
01580000,2008-02-17,1.2114359373081802,A
01580000,2008-02-18,1.3916495478168351,A
01580000,2008-02-19,1.2514834063101035,A
01580000,2008-02-20,1.1013053975528913,A
01580000,2008-02-21,1.0412341940500061,A
01580000,2008-02-22,1.1013053975528913,A
01580000,2008-02-23,1.1013053975528913,A
01580000,2008-02-24,1.051246061300487,A
01580000,2008-02-25,1.051246061300487,A
01580000,2008-02-26,1.1013053975528913,A
01580000,2008-02-27,1.2915308753120269,A
01580000,2008-02-28,1.0412341940500061,A
01580000,2008-02-29,0.97115112329664033,A
01580000,2008-03-01,0.98116299054712119,A
01580000,2008-03-02,0.94111552154519784,A
01580000,2008-03-03,0.92109178704423611,A
01580000,2008-03-04,0.94111552154519784,A
01580000,2008-03-05,2.2326463968572248,A
01580000,2008-03-06,1.4216851495682776,A
01580000,2008-03-07,1.3215664770634694,A
01580000,2008-03-08,2.0023734500961656,A
01580000,2008-03-09,1.5918868928264518,A
01580000,2008-03-10,1.3315783443139502,A
01580000,2008-03-11,1.2715071408110652,A
01580000,2008-03-12,1.231459671809142,A
01580000,2008-03-13,1.171388468306257,A
01580000,2008-03-14,1.1413528665548143,A
01580000,2008-03-15,1.1413528665548143,A
01580000,2008-03-16,1.2214478045586612,A
01580000,2008-03-17,1.1213291320538528,A
01580000,2008-03-18,1.051246061300487,A
01580000,2008-03-19,1.5017800875721243,A
01580000,2008-03-20,2.5129786798706881,A
01580000,2008-03-21,1.4417088840692394,A
01580000,2008-03-22,1.3015427425625077,A
01580000,2008-03-23,1.231459671809142,A
01580000,2008-03-24,1.171388468306257,A
01580000,2008-03-25,1.1313409993043335,A
01580000,2008-03-26,1.111317264803372,A
01580000,2008-03-27,1.0912935303024103,A
01580000,2008-03-28,1.1013053975528913,A
01580000,2008-03-29,1.0312223267995253,A
01580000,2008-03-30,0.98116299054712119,A
01580000,2008-03-31,0.98116299054712119,A
01580000,2008-04-01,1.1013053975528913,A
01580000,2008-04-02,0.99117485779760206,A
01580000,2008-04-03,0.95112738879567871,A
01580000,2008-04-04,1.3916495478168351,A
01580000,2008-04-05,1.1313409993043335,A
01580000,2008-04-06,1.1013053975528913,A
01580000,2008-04-07,1.0212104595490445,A
01580000,2008-04-08,0.99117485779760206,A
01580000,2008-04-09,0.97115112329664033,A
01580000,2008-04-10,0.95112738879567871,A
01580000,2008-04-11,0.96113925604615957,A
01580000,2008-04-12,1.6319343618283753,A
01580000,2008-04-13,1.1213291320538528,A
01580000,2008-04-14,1.0312223267995253,A
01580000,2008-04-15,0.96113925604615957,A
01580000,2008-04-16,0.92109178704423611,A
01580000,2008-04-17,0.9010680525432746,A
01580000,2008-04-18,0.88104431804231287,A
01580000,2008-04-19,0.87103245079183211,A
01580000,2008-04-20,1.3616139460653929,A
01580000,2008-04-21,2.1525514588533778,A
01580000,2008-04-22,1.231459671809142,A
01580000,2008-04-23,1.0812816630519295,A
01580000,2008-04-24,1.0111985922985638,A
01580000,2008-04-25,1.0212104595490445,A
01580000,2008-04-26,1.1814003355567377,A
01580000,2008-04-27,1.4517207513197201,A
01580000,2008-04-28,2.3527888038629947,A
01580000,2008-04-29,2.1925989278553017,A
01580000,2008-04-30,1.3616139460653929,A
01580000,2008-05-01,1.2214478045586612,A
01580000,2008-05-02,1.1613766010557762,A
01580000,2008-05-03,1.1013053975528913,A
01580000,2008-05-04,1.051246061300487,A
01580000,2008-05-05,0.98116299054712119,A
01580000,2008-05-06,0.94111552154519784,A
01580000,2008-05-07,0.9010680525432746,A
01580000,2008-05-08,0.94111552154519784,A
01580000,2008-05-09,1.9122666448418384,A
01580000,2008-05-10,1.4817563530711626,A
01580000,2008-05-11,1.2114359373081802,A
01580000,2008-05-12,6.1773220935466711,A
01580000,2008-05-13,3.0135720423947294,A
01580000,2008-05-14,1.9923615828456849,A
01580000,2008-05-15,1.6519580963293368,A
01580000,2008-05-16,2.7232278921307858,A
01580000,2008-05-17,2.1225158571019356,A
01580000,2008-05-18,1.8321717068379915,A
01580000,2008-05-19,1.7721005033351065,A
01580000,2008-05-20,2.0524327863485698,A
01580000,2008-05-21,2.0724565208495314,A
01580000,2008-05-22,1.6119106273274133,A
01580000,2008-05-23,1.4517207513197201,A
01580000,2008-05-24,1.3516020788149117,A
01580000,2008-05-25,1.281519008061546,A
01580000,2008-05-26,1.2414715390596227,A
01580000,2008-05-27,1.2214478045586612,A
01580000,2008-05-28,1.3716258133158736,A
01580000,2008-05-29,1.1613766010557762,A
01580000,2008-05-30,1.1313409993043335,A
01580000,2008-05-31,1.2715071408110652,A
01580000,2008-06-01,1.2715071408110652,A
01580000,2008-06-02,1.0712697958014485,A
01580000,2008-06-03,0.98116299054712119,A
01580000,2008-06-04,2.222634529606744,A
01580000,2008-06-05,1.4617326185702009,A
01580000,2008-06-06,1.1513647338052955,A
01580000,2008-06-07,1.0612579285509678,A
01580000,2008-06-08,0.98116299054712119,A
01580000,2008-06-09,0.9010680525432746,A
01580000,2008-06-10,0.91107991979375536,A
01580000,2008-06-11,0.98116299054712119,A
01580000,2008-06-12,0.91107991979375536,A
01580000,2008-06-13,0.9010680525432746,A
01580000,2008-06-14,0.95112738879567871,A
01580000,2008-06-15,1.0312223267995253,A
01580000,2008-06-16,0.91107991979375536,A
01580000,2008-06-17,0.9010680525432746,A
01580000,2008-06-18,0.89105618529279373,A
01580000,2008-06-19,0.88104431804231287,A
01580000,2008-06-20,0.85100871629087049,A
01580000,2008-06-21,0.83098498178990876,A
01580000,2008-06-22,0.81096124728894703,A
01580000,2008-06-23,0.79093751278798552,A
01580000,2008-06-24,0.77091377828702379,A
01580000,2008-06-25,0.75089004378606217,A
01580000,2008-06-26,0.7408781765355813,A
01580000,2008-06-27,0.7408781765355813,A
01580000,2008-06-28,0.87103245079183211,A
01580000,2008-06-29,0.78092564553750454,A
01580000,2008-06-30,0.75089004378606217,A
01580000,2008-07-01,0.82097311453942801,A
01580000,2008-07-02,0.96113925604615957,A
01580000,2008-07-03,0.85100871629087049,A
01580000,2008-07-04,0.78092564553750454,A
01580000,2008-07-05,0.78092564553750454,A
01580000,2008-07-06,0.80094938003846627,A
01580000,2008-07-07,0.79093751278798552,A
01580000,2008-07-08,0.77091377828702379,A
01580000,2008-07-09,0.81096124728894703,A
01580000,2008-07-10,0.92109178704423611,A
01580000,2008-07-11,0.70083070753365795,A
01580000,2008-07-12,0.66078323853173471,A
01580000,2008-07-13,0.65077137128125384,A
01580000,2008-07-14,1.8021361050865492,A
01580000,2008-07-15,0.84099684904038963,A
01580000,2008-07-16,0.69081884028317719,A
01580000,2008-07-17,0.65077137128125384,A
01580000,2008-07-18,0.62073576952981135,A
01580000,2008-07-19,0.60071203502884962,A
01580000,2008-07-20,0.58068830052788811,A
01580000,2008-07-21,0.55065269877644563,A
01580000,2008-07-22,0.53062896427548389,A
01580000,2008-07-23,0.63074763678029222,A
01580000,2008-07-24,1.4417088840692394,A
01580000,2008-07-25,0.69081884028317719,A
01580000,2008-07-26,0.59070016777836887,A
01580000,2008-07-27,0.62073576952981135,A
01580000,2008-07-28,0.72085444203461968,A
01580000,2008-07-29,0.57067643327740714,A
01580000,2008-07-30,0.54064083152596476,A
01580000,2008-07-31,0.60071203502884962,A
01580000,2008-08-01,0.54064083152596476,A
01580000,2008-08-02,0.53062896427548389,A
01580000,2008-08-03,0.78092564553750454,A
01580000,2008-08-04,0.54064083152596476,A
01580000,2008-08-05,0.4905814952735606,A
01580000,2008-08-06,0.50059336252404141,A
01580000,2008-08-07,0.48056962802307979,A
01580000,2008-08-08,0.4905814952735606,A
01580000,2008-08-09,0.47055776077259892,A
01580000,2008-08-10,0.4505340262716373,A
01580000,2008-08-11,0.44052215902115643,A
01580000,2008-08-12,0.43051029177067562,A
01580000,2008-08-13,0.42049842452019481,A
01580000,2008-08-14,0.43051029177067562,A
01580000,2008-08-15,0.73086630928510044,A
01580000,2008-08-16,0.48056962802307979,A
01580000,2008-08-17,0.44052215902115643,A
01580000,2008-08-18,0.410486557269714,A
01580000,2008-08-19,0.39046282276875227,A
01580000,2008-08-20,0.38045095551827146,A
01580000,2008-08-21,0.37043908826779065,A
01580000,2008-08-22,0.37043908826779065,A
01580000,2008-08-23,0.36042722101730984,A
01580000,2008-08-24,0.36042722101730984,A
01580000,2008-08-25,0.36042722101730984,A
01580000,2008-08-26,0.36042722101730984,A
01580000,2008-08-27,0.34040348651634822,A
01580000,2008-08-28,0.35041535376682897,A
01580000,2008-08-29,0.59070016777836887,A
01580000,2008-08-30,0.87103245079183211,A
01580000,2008-08-31,0.54064083152596476,A
01580000,2008-09-01,0.48056962802307979,A
01580000,2008-09-02,0.46054589352211805,A
01580000,2008-09-03,0.44052215902115643,A
01580000,2008-09-04,0.43051029177067562,A
01580000,2008-09-05,0.42049842452019481,A
01580000,2008-09-06,4.9658861562384908,A
01580000,2008-09-07,2.162563326103859,A
01580000,2008-09-08,0.79093751278798552,A
01580000,2008-09-09,1.2114359373081802,A
01580000,2008-09-10,0.94111552154519784,A
01580000,2008-09-11,0.64075950403077298,A
01580000,2008-09-12,0.64075950403077298,A
01580000,2008-09-13,0.81096124728894703,A
01580000,2008-09-14,0.62073576952981135,A
01580000,2008-09-15,0.54064083152596476,A
01580000,2008-09-16,0.4905814952735606,A
01580000,2008-09-17,0.4905814952735606,A
01580000,2008-09-18,0.4905814952735606,A
01580000,2008-09-19,0.48056962802307979,A
01580000,2008-09-20,0.47055776077259892,A
01580000,2008-09-21,0.46054589352211805,A
01580000,2008-09-22,0.4505340262716373,A
01580000,2008-09-23,0.4505340262716373,A
01580000,2008-09-24,0.44052215902115643,A
01580000,2008-09-25,0.44052215902115643,A
01580000,2008-09-26,0.53062896427548389,A
01580000,2008-09-27,2.4428956091173224,A
01580000,2008-09-28,2.4529074763678032,A
01580000,2008-09-29,0.99117485779760206,A
01580000,2008-09-30,0.75089004378606217,A
11481200,2006-10-01,0.10909886148007591,A
11481200,2006-10-02,0.12070512333965845,A
11481200,2006-10-03,0.12070512333965845,A
11481200,2006-10-04,0.13463263757115748,A
11481200,2006-10-05,0.14391764705882354,A
11481200,2006-10-06,0.14623889943074003,A
11481200,2006-10-07,0.13463263757115748,A
11481200,2006-10-08,0.12999013282732447,A
11481200,2006-10-09,0.12070512333965845,A
11481200,2006-10-10,0.10677760910815939,A
11481200,2006-10-11,0.095171347248576843,A
11481200,2006-10-12,0.088207590132827307,A
11481200,2006-10-13,0.088207590132827307,A
11481200,2006-10-14,0.099813851992409858,A
11481200,2006-10-15,0.12070512333965845,A
11481200,2006-10-16,0.20194895635673621,A
11481200,2006-10-17,0.22748273244781783,A
11481200,2006-10-18,0.17641518026565461,A
11481200,2006-10-19,0.15320265654648954,A
11481200,2006-10-20,0.13463263757115748,A
11481200,2006-10-21,0.12302637571157495,A
11481200,2006-10-22,0.11142011385199239,A
11481200,2006-10-23,0.10909886148007591,A
11481200,2006-10-24,0.10909886148007591,A
11481200,2006-10-25,0.10909886148007591,A
11481200,2006-10-26,0.10909886148007591,A
11481200,2006-10-27,0.10677760910815939,A
11481200,2006-10-28,0.099813851992409858,A
11481200,2006-10-29,0.099813851992409858,A
11481200,2006-10-30,0.10213510436432638,A
11481200,2006-10-31,0.099813851992409858,A
11481200,2006-11-01,0.10445635673624289,A
11481200,2006-11-02,0.17409392789373812,A
11481200,2006-11-03,1.1606261859582543,A
11481200,2006-11-04,1.2302637571157495,A
11481200,2006-11-05,0.3946129032258065,A
11481200,2006-11-06,0.27855028462998105,A
11481200,2006-11-07,0.69637571157495248,A
11481200,2006-11-08,2.2284022770398484,A
11481200,2006-11-09,0.81243833017077793,A
11481200,2006-11-10,0.51067552182163189,A
11481200,2006-11-11,1.9034269449715371,A
11481200,2006-11-12,0.95171347248576854,A
11481200,2006-11-13,4.0157666034155595,A
11481200,2006-11-14,5.1996053130929791,A
11481200,2006-11-15,1.6713017077798862,A
11481200,2006-11-16,5.4317305502846303,A
11481200,2006-11-17,2.5069525616698289,A
11481200,2006-11-18,1.3231138519924097,A
11481200,2006-11-19,0.85886337760910814,A
11481200,2006-11-20,3.9693415559772296,A
11481200,2006-11-21,3.3426034155597724,A
11481200,2006-11-22,8.9368216318785585,A
11481200,2006-11-23,9.0528842504743832,A
11481200,2006-11-24,4.3175294117647063,A
11481200,2006-11-25,3.0176280834914611,A
11481200,2006-11-26,5.8727685009487667,A
11481200,2006-11-27,8.7511214421252372,A
11481200,2006-11-28,6.2905939278937373,A
11481200,2006-11-29,4.5728671726755215,A
11481200,2006-11-30,3.3658159392789373,A
11481200,2006-12-01,2.6462277039848194,A
11481200,2006-12-02,2.1587647058823531,A
11481200,2006-12-03,1.7409392789373814,A
11481200,2006-12-04,1.4623889943074004,A
11481200,2006-12-05,1.2534762808349145,A
11481200,2006-12-06,1.1142011385199242,A
11481200,2006-12-07,0.9749259962049337,A
11481200,2006-12-08,0.90528842504743834,A
11481200,2006-12-09,1.7641518026565464,A
11481200,2006-12-10,11.420561669829222,A
11481200,2006-12-11,8.008320683111954,A
11481200,2006-12-12,19.544944971537003,A
11481200,2006-12-13,38.300664136622395,A
11481200,2006-12-14,24.605275142314991,A
11481200,2006-12-15,18.593231499051235,A
11481200,2006-12-16,9.3314345351043642,A
11481200,2006-12-17,6.1281062618595827,A
11481200,2006-12-18,4.5728671726755215,A
11481200,2006-12-19,3.7140037950664135,A
11481200,2006-12-20,3.1104781783681212,A
11481200,2006-12-21,6.6619943074003798,A
11481200,2006-12-22,6.7548444022770395,A
11481200,2006-12-23,4.8514174573055024,A
11481200,2006-12-24,4.0621916508538902,A
11481200,2006-12-25,11.652686907020874,A
11481200,2006-12-26,26.230151802656543,A
11481200,2006-12-27,22.957185958254271,A
11481200,2006-12-28,11.04916129032258,A
11481200,2006-12-29,6.9637571157495257,A
11481200,2006-12-30,5.2924554079696389,A
11481200,2006-12-31,4.2711043643263755,A
11481200,2007-01-01,3.574728652751423,A
11481200,2007-01-02,3.0872656546489563,A
11481200,2007-01-03,25.765901328273245,A
11481200,2007-01-04,23.212523719165084,A
11481200,2007-01-05,12.720462998102468,A
11481200,2007-01-06,8.7046963946869074,A
11481200,2007-01-07,7.1030322580645162,A
11481200,2007-01-08,5.7334933586337762,A
11481200,2007-01-09,4.8514174573055024,A
11481200,2007-01-10,4.1782542694497158,A
11481200,2007-01-11,3.6675787476280837,A
11481200,2007-01-12,3.2265407969639468,A
11481200,2007-01-13,2.8783529411764706,A
11481200,2007-01-14,2.6230151802656545,A
11481200,2007-01-15,2.3676774193548384,A
11481200,2007-01-16,2.2284022770398484,A
11481200,2007-01-17,2.1123396584440228,A
11481200,2007-01-18,1.926639468690702,A
11481200,2007-01-19,1.8105768500948767,A
11481200,2007-01-20,1.7177267552182163,A
11481200,2007-01-21,1.6016641366223909,A
11481200,2007-01-22,1.5088140417457305,A
11481200,2007-01-23,1.4391764705882353,A
11481200,2007-01-24,1.392751423149905,A
11481200,2007-01-25,1.3231138519924097,A
11481200,2007-01-26,1.2766888045540798,A
11481200,2007-01-27,1.2302637571157495,A
11481200,2007-01-28,1.1838387096774192,A
11481200,2007-01-29,1.1142011385199242,A
11481200,2007-01-30,1.0677760910815939,A
11481200,2007-01-31,1.0445635673624289,A
11481200,2007-02-01,0.99813851992409863,A
11481200,2007-02-02,0.9749259962049337,A
11481200,2007-02-03,0.92850094876660338,A
11481200,2007-02-04,0.88207590132827318,A
11481200,2007-02-05,0.85886337760910814,A
11481200,2007-02-06,0.83565085388994309,A
11481200,2007-02-07,1.4159639468690701,A
11481200,2007-02-08,2.483740037950664,A
11481200,2007-02-09,4.6657172675521821,A
11481200,2007-02-10,7.7065578747628081,A
11481200,2007-02-11,18.175406072106263,A
11481200,2007-02-12,7.4280075901328271,A
11481200,2007-02-13,5.3388804554079696,A
11481200,2007-02-14,4.131829222011385,A
11481200,2007-02-15,9.67962239089184,A
11481200,2007-02-16,6.89411954459203,A
11481200,2007-02-17,5.1067552182163194,A
11481200,2007-02-18,4.1550417457305509,A
11481200,2007-02-19,3.4818785578747629,A
11481200,2007-02-20,3.853278937381404,A
11481200,2007-02-21,26.4622770398482,A
11481200,2007-02-22,29.944155597722958,A
11481200,2007-02-23,14.298914611005692,A
11481200,2007-02-24,10.863461100569261,A
11481200,2007-02-25,23.676774193548386,A
11481200,2007-02-26,17.98970588235294,A
11481200,2007-02-27,24.605275142314991,A
11481200,2007-02-28,18.709294117647058,A
11481200,2007-03-01,18.128981024667933,A
11481200,2007-03-02,18.732506641366225,A
11481200,2007-03-03,13.579326375711574,A
11481200,2007-03-04,9.377859582542694,A
11481200,2007-03-05,7.1494573055028461,A
11481200,2007-03-06,5.9656185958254264,A
11481200,2007-03-07,5.5477931688804549,A
11481200,2007-03-08,5.1531802656546493,A
11481200,2007-03-09,4.5728671726755215,A
11481200,2007-03-10,4.131829222011385,A
11481200,2007-03-11,3.7372163187855785,A
11481200,2007-03-12,3.4586660341555979,A
11481200,2007-03-13,3.2265407969639468,A
11481200,2007-03-14,3.0176280834914611,A
11481200,2007-03-15,2.762290322580645,A
11481200,2007-03-16,2.5765901328273246,A
11481200,2007-03-17,2.4141024667931688,A
11481200,2007-03-18,2.2748273244781783,A
11481200,2007-03-19,2.3676774193548384,A
11481200,2007-03-20,4.0389791271347253,A
11481200,2007-03-21,2.9479905123339658,A
11481200,2007-03-22,2.5533776091081597,A
11481200,2007-03-23,2.3212523719165086,A
11481200,2007-03-24,2.1587647058823531,A
11481200,2007-03-25,2.6230151802656545,A
11481200,2007-03-26,3.0872656546489563,A
11481200,2007-03-27,9.934960151802656,A
11481200,2007-03-28,6.8244819734345352,A
11481200,2007-03-29,4.5264421252371916,A
11481200,2007-03-30,3.5515161290322581,A
11481200,2007-03-31,3.0640531309297914,A
11481200,2007-04-01,2.762290322580645,A
11481200,2007-04-02,2.4373149905123341,A
11481200,2007-04-03,2.205189753320683,A
11481200,2007-04-04,1.9962770398481973,A
11481200,2007-04-05,1.8337893738140418,A
11481200,2007-04-06,1.7177267552182163,A
11481200,2007-04-07,1.9730645161290323,A
11481200,2007-04-08,1.8337893738140418,A
11481200,2007-04-09,2.1355521821631878,A
11481200,2007-04-10,1.8337893738140418,A
11481200,2007-04-11,2.8551404174573056,A
11481200,2007-04-12,4.6425047438330171,A
11481200,2007-04-13,3.3658159392789373,A
11481200,2007-04-14,5.2924554079696389,A
11481200,2007-04-15,4.6192922201138522,A
11481200,2007-04-16,3.4818785578747629,A
11481200,2007-04-17,2.9944155597722957,A
11481200,2007-04-18,3.6907912713472486,A
11481200,2007-04-19,3.2497533206831117,A
11481200,2007-04-20,2.8783529411764706,A
11481200,2007-04-21,2.9712030360531307,A
11481200,2007-04-22,7.5208576850094868,A
11481200,2007-04-23,5.52458064516129,A
11481200,2007-04-24,4.2246793168880457,A
11481200,2007-04-25,3.5050910815939278,A
11481200,2007-04-26,3.0408406072106264,A
11481200,2007-04-27,2.6926527514231502,A
11481200,2007-04-28,2.3908899430740038,A
11481200,2007-04-29,2.1819772296015181,A
11481200,2007-04-30,2.0194895635673626,A
11481200,2007-05-01,1.926639468690702,A
11481200,2007-05-02,2.2284022770398484,A
11481200,2007-05-03,2.0427020872865276,A
11481200,2007-05-04,2.0427020872865276,A
11481200,2007-05-05,1.7409392789373814,A
11481200,2007-05-06,1.578451612903226,A
11481200,2007-05-07,1.4623889943074004,A
11481200,2007-05-08,1.36953889943074,A
11481200,2007-05-09,1.2999013282732448,A
11481200,2007-05-10,1.2534762808349145,A
11481200,2007-05-11,1.2070512333965844,A
11481200,2007-05-12,1.1838387096774192,A
11481200,2007-05-13,1.1374136622390891,A
11481200,2007-05-14,1.0677760910815939,A
11481200,2007-05-15,1.0213510436432638,A
11481200,2007-05-16,0.99813851992409863,A
11481200,2007-05-17,0.95171347248576854,A
11481200,2007-05-18,0.90528842504743834,A
11481200,2007-05-19,0.88207590132827318,A
11481200,2007-05-20,0.85886337760910814,A
11481200,2007-05-21,0.85886337760910814,A
11481200,2007-05-22,0.81243833017077793,A
11481200,2007-05-23,0.76601328273244784,A
11481200,2007-05-24,0.74280075901328269,A
11481200,2007-05-25,0.71958823529411764,A
11481200,2007-05-26,0.71958823529411764,A
11481200,2007-05-27,0.69637571157495248,A
11481200,2007-05-28,0.67316318785578755,A
11481200,2007-05-29,0.64995066413662239,A
11481200,2007-05-30,0.62673814041745723,A
11481200,2007-05-31,0.62673814041745723,A
11481200,2007-06-01,0.60352561669829219,A
11481200,2007-06-02,0.60352561669829219,A
11481200,2007-06-03,0.58031309297912714,A
11481200,2007-06-04,0.58031309297912714,A
11481200,2007-06-05,0.64995066413662239,A
11481200,2007-06-06,0.62673814041745723,A
11481200,2007-06-07,0.5571005692599621,A
11481200,2007-06-08,0.53388804554079694,A
11481200,2007-06-09,0.51067552182163189,A
11481200,2007-06-10,0.53388804554079694,A
11481200,2007-06-11,0.51067552182163189,A
11481200,2007-06-12,0.46425047438330169,A
11481200,2007-06-13,0.44103795066413659,A
11481200,2007-06-14,0.44103795066413659,A
11481200,2007-06-15,0.41782542694497155,A
11481200,2007-06-16,0.41782542694497155,A
11481200,2007-06-17,0.41782542694497155,A
11481200,2007-06-18,0.3946129032258065,A
11481200,2007-06-19,0.37140037950664134,A
11481200,2007-06-20,0.37140037950664134,A
11481200,2007-06-21,0.3946129032258065,A
11481200,2007-06-22,0.37140037950664134,A
11481200,2007-06-23,0.34818785578747624,A
11481200,2007-06-24,0.3249753320683112,A
11481200,2007-06-25,0.3249753320683112,A
11481200,2007-06-26,0.3249753320683112,A
11481200,2007-06-27,0.3249753320683112,A
11481200,2007-06-28,0.30176280834914609,A
11481200,2007-06-29,0.3946129032258065,A
11481200,2007-06-30,0.34818785578747624,A
11481200,2007-07-01,0.3249753320683112,A
11481200,2007-07-02,0.30176280834914609,A
11481200,2007-07-03,0.27855028462998105,A
11481200,2007-07-04,0.27855028462998105,A
11481200,2007-07-05,0.27855028462998105,A
11481200,2007-07-06,0.25533776091081595,A
11481200,2007-07-07,0.25533776091081595,A
11481200,2007-07-08,0.25533776091081595,A
11481200,2007-07-09,0.25533776091081595,A
11481200,2007-07-10,0.23212523719165085,A
11481200,2007-07-11,0.23212523719165085,A
11481200,2007-07-12,0.25533776091081595,A
11481200,2007-07-13,0.23212523719165085,A
11481200,2007-07-14,0.22748273244781783,A
11481200,2007-07-15,0.2205189753320683,A
11481200,2007-07-16,0.2205189753320683,A
11481200,2007-07-17,0.22748273244781783,A
11481200,2007-07-18,0.48746299810246685,A
11481200,2007-07-19,0.34818785578747624,A
11481200,2007-07-20,0.27855028462998105,A
11481200,2007-07-21,0.25533776091081595,A
11481200,2007-07-22,0.23212523719165085,A
11481200,2007-07-23,0.2205189753320683,A
11481200,2007-07-24,0.20891271347248577,A
11481200,2007-07-25,0.21587647058823531,A
11481200,2007-07-26,0.22516148007590131,A
11481200,2007-07-27,0.23212523719165085,A
11481200,2007-07-28,0.2205189753320683,A
11481200,2007-07-29,0.20194895635673621,A
11481200,2007-07-30,0.19730645161290325,A
11481200,2007-07-31,0.19034269449715369,A
11481200,2007-08-01,0.17873643263757116,A
11481200,2007-08-02,0.16713017077798861,A
11481200,2007-08-03,0.15784516129032258,A
11481200,2007-08-04,0.15784516129032258,A
11481200,2007-08-05,0.15552390891840609,A
11481200,2007-08-06,0.16480891840607209,A:e
11481200,2007-08-07,0.1624876660341556,A:e
11481200,2007-08-08,0.1601664136622391,A:e
11481200,2007-08-09,0.15784516129032258,A
11481200,2007-08-10,0.15088140417457305,A
11481200,2007-08-11,0.14623889943074003,A
11481200,2007-08-12,0.14159639468690702,A
11481200,2007-08-13,0.13927514231499052,A
11481200,2007-08-14,0.136953889943074,A
11481200,2007-08-15,0.136953889943074,A
11481200,2007-08-16,0.13463263757115748,A
11481200,2007-08-17,0.12999013282732447,A
11481200,2007-08-18,0.12766888045540797,A
11481200,2007-08-19,0.136953889943074,A
11481200,2007-08-20,0.14159639468690702,A
11481200,2007-08-21,0.14159639468690702,A
11481200,2007-08-22,0.13927514231499052,A
11481200,2007-08-23,0.13231138519924099,A
11481200,2007-08-24,0.12766888045540797,A
11481200,2007-08-25,0.12534762808349145,A
11481200,2007-08-26,0.11838387096774193,A
11481200,2007-08-27,0.11838387096774193,A
11481200,2007-08-28,0.11142011385199239,A
11481200,2007-08-29,0.10445635673624289,A
11481200,2007-08-30,0.097492599620493364,A
11481200,2007-08-31,0.095171347248576843,A
11481200,2007-09-01,0.092850094876660336,A
11481200,2007-09-02,0.092850094876660336,A
11481200,2007-09-03,0.090528842504743842,A
11481200,2007-09-04,0.11142011385199239,A
11481200,2007-09-05,0.11142011385199239,A
11481200,2007-09-06,0.10213510436432638,A
11481200,2007-09-07,0.095171347248576843,A
11481200,2007-09-08,0.090528842504743842,A
11481200,2007-09-09,0.092850094876660336,A
11481200,2007-09-10,0.095171347248576843,A
11481200,2007-09-11,0.099813851992409858,A
11481200,2007-09-12,0.10677760910815939,A
11481200,2007-09-13,0.11374136622390892,A
11481200,2007-09-14,0.10909886148007591,A
11481200,2007-09-15,0.10445635673624289,A
11481200,2007-09-16,0.097492599620493364,A
11481200,2007-09-17,0.095171347248576843,A
11481200,2007-09-18,0.090528842504743842,A
11481200,2007-09-19,0.088207590132827307,A
11481200,2007-09-20,0.088207590132827307,A
11481200,2007-09-21,0.088207590132827307,A
11481200,2007-09-22,0.085886337760910827,A
11481200,2007-09-23,0.085886337760910827,A
11481200,2007-09-24,0.088207590132827307,A
11481200,2007-09-25,0.085886337760910827,A
11481200,2007-09-26,0.085886337760910827,A
11481200,2007-09-27,0.081243833017077799,A
11481200,2007-09-28,0.092850094876660336,A
11481200,2007-09-29,0.10445635673624289,A
11481200,2007-09-30,0.12070512333965845,A
11481200,2007-10-01,0.22748273244781783,A
11481200,2007-10-02,0.16945142314990511,A
11481200,2007-10-03,0.12534762808349145,A
11481200,2007-10-04,0.14856015180265655,A
11481200,2007-10-05,0.16945142314990511,A
11481200,2007-10-06,0.13231138519924099,A
11481200,2007-10-07,0.11374136622390892,A
11481200,2007-10-08,0.10445635673624289,A
11481200,2007-10-09,0.17641518026565461,A
11481200,2007-10-10,1.0445635673624289,A
11481200,2007-10-11,0.48746299810246685,A
11481200,2007-10-12,0.27855028462998105,A
11481200,2007-10-13,0.19962770398481972,A
11481200,2007-10-14,0.16713017077798861,A
11481200,2007-10-15,0.19266394686907024,A
11481200,2007-10-16,0.37140037950664134,A
11481200,2007-10-17,0.69637571157495248,A
11481200,2007-10-18,0.5571005692599621,A
11481200,2007-10-19,26.926527514231498,A
11481200,2007-10-20,5.9424060721062615,A
11481200,2007-10-21,2.8783529411764706,A
11481200,2007-10-22,1.6713017077798862,A
11481200,2007-10-23,1.1374136622390891,A
11481200,2007-10-24,0.88207590132827318,A
11481200,2007-10-25,0.74280075901328269,A
11481200,2007-10-26,0.64995066413662239,A
11481200,2007-10-27,0.5571005692599621,A
11481200,2007-10-28,0.48746299810246685,A
11481200,2007-10-29,0.46425047438330169,A
11481200,2007-10-30,0.51067552182163189,A
11481200,2007-10-31,0.44103795066413659,A
11481200,2007-11-01,0.41782542694497155,A
11481200,2007-11-02,0.3946129032258065,A
11481200,2007-11-03,0.37140037950664134,A
11481200,2007-11-04,0.34818785578747624,A
11481200,2007-11-05,0.3249753320683112,A
11481200,2007-11-06,0.30176280834914609,A
11481200,2007-11-07,0.30176280834914609,A
11481200,2007-11-08,0.30176280834914609,A
11481200,2007-11-09,0.30176280834914609,A
11481200,2007-11-10,0.34818785578747624,A
11481200,2007-11-11,0.64995066413662239,A
11481200,2007-11-12,1.090988614800759,A
11481200,2007-11-13,3.6211537001897534,A
11481200,2007-11-14,2.0891271347248579,A
11481200,2007-11-15,1.4391764705882353,A
11481200,2007-11-16,1.5088140417457305,A
11481200,2007-11-17,2.6694402277039848,A
11481200,2007-11-18,3.7372163187855785,A
11481200,2007-11-19,9.9581726755218209,A
11481200,2007-11-20,4.688929791271347,A
11481200,2007-11-21,2.8551404174573056,A
11481200,2007-11-22,2.0659146110056925,A
11481200,2007-11-23,1.6016641366223909,A
11481200,2007-11-24,1.3231138519924097,A
11481200,2007-11-25,1.1606261859582543,A
11481200,2007-11-26,1.0213510436432638,A
11481200,2007-11-27,1.2070512333965844,A
11481200,2007-11-28,1.0213510436432638,A
11481200,2007-11-29,0.90528842504743834,A
11481200,2007-11-30,0.85886337760910814,A
11481200,2007-12-01,0.81243833017077793,A
11481200,2007-12-02,0.76601328273244784,A
11481200,2007-12-03,2.5069525616698289,A
11481200,2007-12-04,5.7334933586337762,A
11481200,2007-12-05,3.0176280834914611,A
11481200,2007-12-06,4.0854041745730552,A
11481200,2007-12-07,6.313806451612904,A
11481200,2007-12-08,3.6443662239089183,A
11481200,2007-12-09,2.6462277039848194,A
11481200,2007-12-10,2.1123396584440228,A
11481200,2007-12-11,1.7641518026565464,A
11481200,2007-12-12,1.4856015180265654,A
11481200,2007-12-13,1.3231138519924097,A
11481200,2007-12-14,1.2070512333965844,A
11481200,2007-12-15,1.2766888045540798,A
11481200,2007-12-16,1.2999013282732448,A
11481200,2007-12-17,2.9944155597722957,A
11481200,2007-12-18,4.6425047438330171,A
11481200,2007-12-19,8.820759013282732,A
11481200,2007-12-20,20.68235863377609,A
11481200,2007-12-21,8.0547457305502856,A
11481200,2007-12-22,5.6174307400379506,A
11481200,2007-12-23,8.3797210626185965,A
11481200,2007-12-24,16.736229601518026,A
11481200,2007-12-25,7.8922580645161293,A
11481200,2007-12-26,5.7567058823529411,A
11481200,2007-12-27,4.9210550284629981,A
11481200,2007-12-28,5.1996053130929791,A
11481200,2007-12-29,8.286870967741935,A
11481200,2007-12-30,8.3565085388994316,A
11481200,2007-12-31,5.8727685009487667,A
11481200,2008-01-01,4.5960796963946864,A
11481200,2008-01-02,3.7836413662239092,A
11481200,2008-01-03,4.131829222011385,A
11481200,2008-01-04,12.859738140417457,A
11481200,2008-01-05,21.262671726755215,A
11481200,2008-01-06,20.77520872865275,A
11481200,2008-01-07,19.057481973434534,A
11481200,2008-01-08,16.782654648956356,A
11481200,2008-01-09,13.997151802656546,A
11481200,2008-01-10,13.27756356736243,A
11481200,2008-01-11,9.1689468690702078,A
11481200,2008-01-12,7.0566072106261855,A
11481200,2008-01-13,5.9888311195445914,A
11481200,2008-01-14,4.9906925996204929,A
11481200,2008-01-15,4.3175294117647063,A
11481200,2008-01-16,3.7604288425047434,A
11481200,2008-01-17,3.2961783681214425,A
11481200,2008-01-18,2.9479905123339658,A
11481200,2008-01-19,2.6462277039848194,A
11481200,2008-01-20,2.5069525616698289,A
11481200,2008-01-21,2.3676774193548384,A
11481200,2008-01-22,2.1355521821631878,A
11481200,2008-01-23,1.9498519924098674,A
11481200,2008-01-24,1.8570018975332068,A
11481200,2008-01-25,1.7409392789373814,A
11481200,2008-01-26,1.9962770398481973,A
11481200,2008-01-27,3.9461290322580647,A
11481200,2008-01-28,5.6638557874762805,A
11481200,2008-01-29,10.213510436432639,A
11481200,2008-01-30,9.099309297912713,A
11481200,2008-01-31,43.871669829222014,A
11481200,2008-02-01,20.821633776091083,A
11481200,2008-02-02,25.998026565464894,A
11481200,2008-02-03,34.122409867172671,A
11481200,2008-02-04,17.107629981024669,A
11481200,2008-02-05,10.492060721062618,A
11481200,2008-02-06,8.0547457305502856,A
11481200,2008-02-07,6.5227191650853884,A
11481200,2008-02-08,5.6870683111954463,A
11481200,2008-02-09,4.8514174573055024,A
11481200,2008-02-10,4.2246793168880457,A
11481200,2008-02-11,3.7372163187855785,A
11481200,2008-02-12,3.4122409867172676,A
11481200,2008-02-13,3.1336907020872862,A
11481200,2008-02-14,2.8783529411764706,A
11481200,2008-02-15,2.6230151802656545,A
11481200,2008-02-16,2.4141024667931688,A
11481200,2008-02-17,2.2748273244781783,A
11481200,2008-02-18,2.1587647058823531,A
11481200,2008-02-19,2.3212523719165086,A
11481200,2008-02-20,2.205189753320683,A
11481200,2008-02-21,2.0194895635673626,A
11481200,2008-02-22,2.1355521821631878,A
11481200,2008-02-23,2.2748273244781783,A
11481200,2008-02-24,5.8727685009487667,A
11481200,2008-02-25,13.022225806451612,A
11481200,2008-02-26,5.9424060721062615,A
11481200,2008-02-27,4.2711043643263755,A
11481200,2008-02-28,3.4818785578747629,A
11481200,2008-02-29,3.0872656546489563,A
11481200,2008-03-01,3.4818785578747629,A
11481200,2008-03-02,3.0176280834914611,A
11481200,2008-03-03,2.5998026565464896,A
11481200,2008-03-04,2.3676774193548384,A
11481200,2008-03-05,2.1819772296015181,A
11481200,2008-03-06,1.9730645161290323,A
11481200,2008-03-07,1.8105768500948767,A
11481200,2008-03-08,1.7873643263757115,A
11481200,2008-03-09,1.6480891840607212,A
11481200,2008-03-10,1.5320265654648957,A
11481200,2008-03-11,1.6248766603415559,A
11481200,2008-03-12,1.5088140417457305,A
11481200,2008-03-13,4.9906925996204929,A
11481200,2008-03-14,5.3156679316888038,A
11481200,2008-03-15,9.3314345351043642,A
11481200,2008-03-16,6.2673814041745723,A
11481200,2008-03-17,4.3175294117647063,A
11481200,2008-03-18,3.5050910815939278,A
11481200,2008-03-19,5.3388804554079696,A
11481200,2008-03-20,5.2692428842504739,A
11481200,2008-03-21,4.0389791271347253,A
11481200,2008-03-22,3.4122409867172676,A
11481200,2008-03-23,2.9712030360531307,A
11481200,2008-03-24,2.7855028462998099,A
11481200,2008-03-25,2.483740037950664,A
11481200,2008-03-26,4.688929791271347,A
11481200,2008-03-27,5.0603301707779877,A
11481200,2008-03-28,4.7817798861480076,A
11481200,2008-03-29,5.3853055028463004,A
11481200,2008-03-30,4.1550417457305509,A
11481200,2008-03-31,3.4354535104364325,A
11481200,2008-04-01,2.9712030360531307,A
11481200,2008-04-02,2.5533776091081597,A
11481200,2008-04-03,2.2516148007590133,A
11481200,2008-04-04,2.0659146110056925,A
11481200,2008-04-05,1.926639468690702,A
11481200,2008-04-06,1.9498519924098674,A
11481200,2008-04-07,1.8105768500948767,A
11481200,2008-04-08,1.6480891840607212,A
11481200,2008-04-09,1.5552390891840606,A
11481200,2008-04-10,1.4391764705882353,A
11481200,2008-04-11,1.3231138519924097,A
11481200,2008-04-12,1.2302637571157495,A
11481200,2008-04-13,1.1606261859582543,A
11481200,2008-04-14,1.1374136622390891,A
11481200,2008-04-15,1.1838387096774192,A
11481200,2008-04-16,1.0677760910815939,A
11481200,2008-04-17,1.0213510436432638,A
11481200,2008-04-18,0.9749259962049337,A
11481200,2008-04-19,0.95171347248576854,A
11481200,2008-04-20,1.0213510436432638,A
11481200,2008-04-21,0.99813851992409863,A
11481200,2008-04-22,2.9015654648956355,A
11481200,2008-04-23,5.8959810246679316,A
11481200,2008-04-24,3.6211537001897534,A
11481200,2008-04-25,2.5765901328273246,A
11481200,2008-04-26,2.0427020872865276,A
11481200,2008-04-27,1.7641518026565464,A
11481200,2008-04-28,1.6016641366223909,A
11481200,2008-04-29,1.5552390891840606,A
11481200,2008-04-30,1.4856015180265654,A
11481200,2008-05-01,1.2999013282732448,A
11481200,2008-05-02,1.2070512333965844,A
11481200,2008-05-03,1.1374136622390891,A
11481200,2008-05-04,1.0677760910815939,A
11481200,2008-05-05,1.0213510436432638,A
11481200,2008-05-06,0.9749259962049337,A
11481200,2008-05-07,0.92850094876660338,A
11481200,2008-05-08,0.90528842504743834,A
11481200,2008-05-09,0.85886337760910814,A
11481200,2008-05-10,0.81243833017077793,A
11481200,2008-05-11,0.789225806451613,A
11481200,2008-05-12,0.74280075901328269,A
11481200,2008-05-13,0.71958823529411764,A
11481200,2008-05-14,0.69637571157495248,A
11481200,2008-05-15,0.64995066413662239,A
11481200,2008-05-16,0.60352561669829219,A
11481200,2008-05-17,0.5571005692599621,A
11481200,2008-05-18,0.53388804554079694,A
11481200,2008-05-19,0.53388804554079694,A
11481200,2008-05-20,0.51067552182163189,A
11481200,2008-05-21,0.53388804554079694,A
11481200,2008-05-22,0.51067552182163189,A
11481200,2008-05-23,0.51067552182163189,A
11481200,2008-05-24,0.51067552182163189,A
11481200,2008-05-25,0.51067552182163189,A
11481200,2008-05-26,0.48746299810246685,A
11481200,2008-05-27,0.51067552182163189,A
11481200,2008-05-28,0.48746299810246685,A
11481200,2008-05-29,0.46425047438330169,A
11481200,2008-05-30,0.44103795066413659,A
11481200,2008-05-31,0.44103795066413659,A
11481200,2008-06-01,0.44103795066413659,A
11481200,2008-06-02,0.41782542694497155,A
11481200,2008-06-03,0.58031309297912714,A
11481200,2008-06-04,0.5571005692599621,A
11481200,2008-06-05,0.46425047438330169,A
11481200,2008-06-06,0.46425047438330169,A
11481200,2008-06-07,0.44103795066413659,A
11481200,2008-06-08,0.41782542694497155,A
11481200,2008-06-09,0.3946129032258065,A
11481200,2008-06-10,0.37140037950664134,A
11481200,2008-06-11,0.37140037950664134,A
11481200,2008-06-12,0.34818785578747624,A
11481200,2008-06-13,0.34818785578747624,A
11481200,2008-06-14,0.34818785578747624,A
11481200,2008-06-15,0.34818785578747624,A
11481200,2008-06-16,0.34818785578747624,A
11481200,2008-06-17,0.34818785578747624,A
11481200,2008-06-18,0.3249753320683112,A
11481200,2008-06-19,0.30176280834914609,A
11481200,2008-06-20,0.30176280834914609,A
11481200,2008-06-21,0.27855028462998105,A
11481200,2008-06-22,0.27855028462998105,A
11481200,2008-06-23,0.27855028462998105,A
11481200,2008-06-24,0.27855028462998105,A
11481200,2008-06-25,0.25533776091081595,A
11481200,2008-06-26,0.25533776091081595,A
11481200,2008-06-27,0.25533776091081595,A
11481200,2008-06-28,0.23212523719165085,A
11481200,2008-06-29,0.25533776091081595,A
11481200,2008-06-30,0.25533776091081595,A
11481200,2008-07-01,0.25533776091081595,A
11481200,2008-07-02,0.25533776091081595,A
11481200,2008-07-03,0.23212523719165085,A
11481200,2008-07-04,0.23212523719165085,A
11481200,2008-07-05,0.22748273244781783,A
11481200,2008-07-06,0.2205189753320683,A
11481200,2008-07-07,0.21355521821631879,A
11481200,2008-07-08,0.20194895635673621,A
11481200,2008-07-09,0.18105768500948768,A
11481200,2008-07-10,0.16713017077798861,A
11481200,2008-07-11,0.1601664136622391,A
11481200,2008-07-12,0.1624876660341556,A
11481200,2008-07-13,0.17177267552182165,A
11481200,2008-07-14,0.16945142314990511,A
11481200,2008-07-15,0.16713017077798861,A
11481200,2008-07-16,0.17873643263757116,A
11481200,2008-07-17,0.17873643263757116,A
11481200,2008-07-18,0.17873643263757116,A
11481200,2008-07-19,0.17641518026565461,A
11481200,2008-07-20,0.17177267552182165,A
11481200,2008-07-21,0.17177267552182165,A
11481200,2008-07-22,0.17177267552182165,A
11481200,2008-07-23,0.16945142314990511,A
11481200,2008-07-24,0.15784516129032258,A
11481200,2008-07-25,0.15320265654648954,A
11481200,2008-07-26,0.14856015180265655,A
11481200,2008-07-27,0.14391764705882354,A
11481200,2008-07-28,0.15320265654648954,A
11481200,2008-07-29,0.14856015180265655,A
11481200,2008-07-30,0.13927514231499052,A
11481200,2008-07-31,0.136953889943074,A
11481200,2008-08-01,0.13231138519924099,A
11481200,2008-08-02,0.12766888045540797,A
11481200,2008-08-03,0.12766888045540797,A
11481200,2008-08-04,0.12999013282732447,A
11481200,2008-08-05,0.12999013282732447,A
11481200,2008-08-06,0.12766888045540797,A
11481200,2008-08-07,0.12534762808349145,A
11481200,2008-08-08,0.13231138519924099,A
11481200,2008-08-09,0.12999013282732447,A
11481200,2008-08-10,0.12766888045540797,A
11481200,2008-08-11,0.12070512333965845,A
11481200,2008-08-12,0.11838387096774193,A
11481200,2008-08-13,0.12070512333965845,A
11481200,2008-08-14,0.11606261859582542,A
11481200,2008-08-15,0.11142011385199239,A
11481200,2008-08-16,0.10909886148007591,A
11481200,2008-08-17,0.10909886148007591,A
11481200,2008-08-18,0.10909886148007591,A
11481200,2008-08-19,0.12766888045540797,A
11481200,2008-08-20,0.1601664136622391,A
11481200,2008-08-21,0.3946129032258065,A
11481200,2008-08-22,0.23212523719165085,A
11481200,2008-08-23,0.17641518026565461,A
11481200,2008-08-24,0.14856015180265655,A
11481200,2008-08-25,0.136953889943074,A
11481200,2008-08-26,0.12766888045540797,A
11481200,2008-08-27,0.11838387096774193,A
11481200,2008-08-28,0.11374136622390892,A
11481200,2008-08-29,0.10677760910815939,A
11481200,2008-08-30,0.10445635673624289,A
11481200,2008-08-31,0.10677760910815939,A
11481200,2008-09-01,0.10445635673624289,A
11481200,2008-09-02,0.097492599620493364,A
11481200,2008-09-03,0.095171347248576843,A
11481200,2008-09-04,0.095171347248576843,A
11481200,2008-09-05,0.090528842504743842,A
11481200,2008-09-06,0.085886337760910827,A
11481200,2008-09-07,0.083565085388994306,A
11481200,2008-09-08,0.078922580645161292,A
11481200,2008-09-09,0.085886337760910827,A
11481200,2008-09-10,0.085886337760910827,A
11481200,2008-09-11,0.090528842504743842,A
11481200,2008-09-12,0.085886337760910827,A
11481200,2008-09-13,0.085886337760910827,A
11481200,2008-09-14,0.085886337760910827,A
11481200,2008-09-15,0.085886337760910827,A
11481200,2008-09-16,0.085886337760910827,A
11481200,2008-09-17,0.088207590132827307,A
11481200,2008-09-18,0.095171347248576843,A
11481200,2008-09-19,0.099813851992409858,A
11481200,2008-09-20,0.10445635673624289,A
11481200,2008-09-21,0.097492599620493364,A
11481200,2008-09-22,0.092850094876660336,A
11481200,2008-09-23,0.085886337760910827,A
11481200,2008-09-24,0.085886337760910827,A
11481200,2008-09-25,0.078922580645161292,A
11481200,2008-09-26,0.07660132827324477,A
11481200,2008-09-27,0.07660132827324477,A
11481200,2008-09-28,0.078922580645161292,A
11481200,2008-09-29,0.078922580645161292,A
11481200,2008-09-30,0.07660132827324477,A
08109700,2006-10-01,0.024059790536443054,A
08109700,2006-10-02,0.021653811482798751,A
08109700,2006-10-03,0.020450821955976594,A
08109700,2006-10-04,0.018846835920213727,A
08109700,2006-10-05,0.016440856866569421,A
08109700,2006-10-06,0.015638863848687987,A
08109700,2006-10-07,0.017242849884450854,A
08109700,2006-10-08,0.015638863848687987,A
08109700,2006-10-09,0.018044842902332291,A
08109700,2006-10-10,0.026866766099028078,A
08109700,2006-10-11,0.038495664858308881,A
08109700,2006-10-12,0.12430891777162244,A
08109700,2006-10-13,0.08821923196695787,A
08109700,2006-10-14,0.044109615983478935,A
08109700,2006-10-15,0.028470752134790948,A
08109700,2006-10-16,0.53332535689115435,A
08109700,2006-10-17,1.5277966990641341,A
08109700,2006-10-18,1.3914578860242901,A
08109700,2006-10-19,4.1703636929834627,A
08109700,2006-10-20,3.8214967302050384,A
08109700,2006-10-21,2.4741484601642276,A
08109700,2006-10-22,2.9152446199990165,A
08109700,2006-10-23,1.2430891777162245,A
08109700,2006-10-24,0.20851818464917313,A
08109700,2006-10-25,0.14836870830806551,A
08109700,2006-10-26,0.18846835920213725,A
08109700,2006-10-27,0.41703636929834625,A
08109700,2006-10-28,0.50525560126530422,A
08109700,2006-10-29,0.22455804500680185,A
08109700,2006-10-30,0.12430891777162244,A
08109700,2006-10-31,0.096239162145772217,A
08109700,2006-11-01,0.080199301788143509,A
08109700,2006-11-02,0.072179371609329163,A
08109700,2006-11-03,0.068169406519921996,A
08109700,2006-11-04,0.068169406519921996,A
08109700,2006-11-05,0.08821923196695787,A
08109700,2006-11-06,0.08420926687755069,A
08109700,2006-11-07,0.076189336698736329,A
08109700,2006-11-08,0.068169406519921996,A
08109700,2006-11-09,0.056139511251700462,A
08109700,2006-11-10,0.039698654385131038,A
08109700,2006-11-11,0.044109615983478935,A
08109700,2006-11-12,0.048119581072886108,A
08109700,2006-11-13,0.052129546162293282,A
08109700,2006-11-14,0.052129546162293282,A
08109700,2006-11-15,0.052129546162293282,A
08109700,2006-11-16,0.052129546162293282,A
08109700,2006-11-17,0.044109615983478935,A
08109700,2006-11-18,0.044109615983478935,A
08109700,2006-11-19,0.044109615983478935,A
08109700,2006-11-20,0.048119581072886108,A
08109700,2006-11-21,0.052129546162293282,A
08109700,2006-11-22,0.048119581072886108,A
08109700,2006-11-23,0.048119581072886108,A
08109700,2006-11-24,0.044109615983478935,A
08109700,2006-11-25,0.044109615983478935,A
08109700,2006-11-26,0.052129546162293282,A
08109700,2006-11-27,0.056139511251700462,A
08109700,2006-11-28,0.060149476341107629,A
08109700,2006-11-29,0.060149476341107629,A
08109700,2006-11-30,0.064159441430514816,A
08109700,2006-12-01,0.064159441430514816,A
08109700,2006-12-02,0.064159441430514816,A
08109700,2006-12-03,0.064159441430514816,A
08109700,2006-12-04,0.056139511251700462,A
08109700,2006-12-05,0.060149476341107629,A
08109700,2006-12-06,0.060149476341107629,A
08109700,2006-12-07,0.056139511251700462,A
08109700,2006-12-08,0.056139511251700462,A
08109700,2006-12-09,0.056139511251700462,A
08109700,2006-12-10,0.068169406519921996,A
08109700,2006-12-11,0.068169406519921996,A
08109700,2006-12-12,0.068169406519921996,A
08109700,2006-12-13,0.068169406519921996,A
08109700,2006-12-14,0.072179371609329163,A
08109700,2006-12-15,0.068169406519921996,A
08109700,2006-12-16,0.068169406519921996,A
08109700,2006-12-17,0.072179371609329163,A
08109700,2006-12-18,0.068169406519921996,A
08109700,2006-12-19,0.068169406519921996,A
08109700,2006-12-20,0.076189336698736329,A
08109700,2006-12-21,0.068169406519921996,A
08109700,2006-12-22,0.068169406519921996,A
08109700,2006-12-23,0.068169406519921996,A
08109700,2006-12-24,0.17643846393391574,A
08109700,2006-12-25,0.45312605510301085,A
08109700,2006-12-26,0.46515595037123242,A
08109700,2006-12-27,0.32079720715257404,A
08109700,2006-12-28,0.16841853375510138,A
08109700,2006-12-29,0.13232884795043681,A
08109700,2006-12-30,0.32480717224198119,A
08109700,2006-12-31,0.4932257059970826,A
08109700,2007-01-01,0.52129546162293283,A
08109700,2007-01-02,0.24059790536443051,A
08109700,2007-01-03,0.15638863848687984,A
08109700,2007-01-04,0.66966416993099831,A
08109700,2007-01-05,1.1027403995869733,A
08109700,2007-01-06,0.78996312261321366,A
08109700,2007-01-07,0.73783357645092029,A
08109700,2007-01-08,0.34485699768901712,A
08109700,2007-01-09,0.2205480799173947,A
08109700,2007-01-10,0.17643846393391574,A
08109700,2007-01-11,0.15638863848687984,A
08109700,2007-01-12,0.13633881303984399,A
08109700,2007-01-13,0.15638863848687984,A
08109700,2007-01-14,0.60951469358989063,A
08109700,2007-01-15,1.166899841017488,A
08109700,2007-01-16,1.6160159310310918,A
08109700,2007-01-17,2.5743975873994067,A
08109700,2007-01-18,3.2560916525986268,A
08109700,2007-01-19,3.2320318620621835,A
08109700,2007-01-20,1.5719063150476129,A
08109700,2007-01-21,0.68169406519921993,A
08109700,2007-01-22,0.52530542671234004,A
08109700,2007-01-23,0.39297657876190323,A
08109700,2007-01-24,0.34485699768901712,A
08109700,2007-01-25,0.48119581072886103,A
08109700,2007-01-26,0.50525560126530422,A
08109700,2007-01-27,0.35287692786783148,A
08109700,2007-01-28,0.26465769590087362,A
08109700,2007-01-29,0.19247832429154443,A
08109700,2007-01-30,0.15237867339747266,A
08109700,2007-01-31,0.13232884795043681,A
08109700,2007-02-01,0.14435874321865833,A
08109700,2007-02-02,0.1644085686656942,A
08109700,2007-02-03,0.14836870830806551,A
08109700,2007-02-04,0.12430891777162244,A
08109700,2007-02-05,0.11227902250340092,A
08109700,2007-02-06,0.10425909232458656,A
08109700,2007-02-07,0.1162889875928081,A
08109700,2007-02-08,0.1162889875928081,A
08109700,2007-02-09,0.11227902250340092,A
08109700,2007-02-10,0.10425909232458656,A
08109700,2007-02-11,0.096239162145772217,A
08109700,2007-02-12,0.1002491272351794,A
08109700,2007-02-13,0.1002491272351794,A
08109700,2007-02-14,0.092229197056365037,A
08109700,2007-02-15,0.08420926687755069,A
08109700,2007-02-16,0.080199301788143509,A
08109700,2007-02-17,0.076189336698736329,A
08109700,2007-02-18,0.072179371609329163,A
08109700,2007-02-19,0.072179371609329163,A
08109700,2007-02-20,0.076189336698736329,A
08109700,2007-02-21,0.076189336698736329,A
08109700,2007-02-22,0.076189336698736329,A
08109700,2007-02-23,0.076189336698736329,A
08109700,2007-02-24,0.076189336698736329,A
08109700,2007-02-25,0.076189336698736329,A
08109700,2007-02-26,0.076189336698736329,A
08109700,2007-02-27,0.072179371609329163,A
08109700,2007-02-28,0.072179371609329163,A:e
08109700,2007-03-01,0.072179371609329163,A:e
08109700,2007-03-02,0.068169406519921996,A:e
08109700,2007-03-03,0.068169406519921996,A:e
08109700,2007-03-04,0.072179371609329163,A:e
08109700,2007-03-05,0.08420926687755069,A:e
08109700,2007-03-06,0.076189336698736329,A:e
08109700,2007-03-07,0.060149476341107629,A:e
08109700,2007-03-08,0.044109615983478935,A:e
08109700,2007-03-09,0.044109615983478935,A
08109700,2007-03-10,0.048119581072886108,A
08109700,2007-03-11,0.056139511251700462,A
08109700,2007-03-12,0.228568010096209,A
08109700,2007-03-13,1.0706606788717159,A
08109700,2007-03-14,6.7768410010981261,A
08109700,2007-03-15,9.3031190074246481,A
08109700,2007-03-16,8.2204284332847113,A
08109700,2007-03-17,5.4535525215937595,A
08109700,2007-03-18,2.9152446199990165,A
08109700,2007-03-19,0.38495664858308887,A
08109700,2007-03-20,0.24059790536443051,A
08109700,2007-03-21,0.20049825447035879,A
08109700,2007-03-22,0.17242849884450856,A
08109700,2007-03-23,0.16039860357628702,A
08109700,2007-03-24,0.15638863848687984,A
08109700,2007-03-25,0.12831888286102963,A
08109700,2007-03-26,0.14034877812925114,A
08109700,2007-03-27,0.57342500778522609,A
08109700,2007-03-28,0.70976382082507006,A
08109700,2007-03-29,0.80199301788143518,A
08109700,2007-03-30,0.80199301788143518,A
08109700,2007-03-31,0.47718584563945388,A
08109700,2007-04-01,0.54535525215937597,A
08109700,2007-04-02,0.55738514742759737,A
08109700,2007-04-03,0.33683706751020276,A
08109700,2007-04-04,0.17643846393391574,A
08109700,2007-04-05,0.13232884795043681,A
08109700,2007-04-06,0.1162889875928081,A
08109700,2007-04-07,0.092229197056365037,A
08109700,2007-04-08,0.096239162145772217,A
08109700,2007-04-09,0.096239162145772217,A
08109700,2007-04-10,0.092229197056365037,A
08109700,2007-04-11,0.08821923196695787,A
08109700,2007-04-12,0.08821923196695787,A
08109700,2007-04-13,0.08821923196695787,A
08109700,2007-04-14,0.080199301788143509,A
08109700,2007-04-15,0.068169406519921996,A
08109700,2007-04-16,0.064159441430514816,A
08109700,2007-04-17,0.060149476341107629,A
08109700,2007-04-18,0.080199301788143509,A
08109700,2007-04-19,0.076189336698736329,A
08109700,2007-04-20,0.072179371609329163,A
08109700,2007-04-21,0.064159441430514816,A
08109700,2007-04-22,0.056139511251700462,A
08109700,2007-04-23,0.056139511251700462,A
08109700,2007-04-24,0.052129546162293282,A
08109700,2007-04-25,0.457136020192418,A
08109700,2007-04-26,0.68570403028862703,A
08109700,2007-04-27,0.52530542671234004,A
08109700,2007-04-28,0.2205480799173947,A
08109700,2007-04-29,0.12831888286102963,A
08109700,2007-04-30,0.10425909232458656,A
08109700,2007-05-01,0.08821923196695787,A
08109700,2007-05-02,0.096239162145772217,A
08109700,2007-05-03,0.71377378591447727,A
08109700,2007-05-04,0.76590333207677053,A
08109700,2007-05-05,0.78595315752380646,A
08109700,2007-05-06,0.92229197056365053,A
08109700,2007-05-07,0.42505629947716062,A
08109700,2007-05-08,0.19247832429154443,A
08109700,2007-05-09,0.14435874321865833,A
08109700,2007-05-10,0.12029895268221526,A
08109700,2007-05-11,0.10425909232458656,A
08109700,2007-05-12,0.096239162145772217,A
08109700,2007-05-13,0.092229197056365037,A
08109700,2007-05-14,0.08821923196695787,A
08109700,2007-05-15,0.080199301788143509,A
08109700,2007-05-16,0.076189336698736329,A
08109700,2007-05-17,0.072179371609329163,A
08109700,2007-05-18,0.096239162145772217,A
08109700,2007-05-19,0.10425909232458656,A
08109700,2007-05-20,0.092229197056365037,A
08109700,2007-05-21,0.076189336698736329,A
08109700,2007-05-22,0.08420926687755069,A
08109700,2007-05-23,0.080199301788143509,A
08109700,2007-05-24,0.068169406519921996,A
08109700,2007-05-25,0.40500647403012474,A
08109700,2007-05-26,1.1588799108386738,A
08109700,2007-05-27,3.0114837821447891,A
08109700,2007-05-28,4.771858456394539,A
08109700,2007-05-29,11.348201203022308,A
08109700,2007-05-30,14.15517676560733,A
08109700,2007-05-31,8.6615245931194984,A
08109700,2007-06-01,6.0951469358989074,A
08109700,2007-06-02,3.8776362414567389,A
08109700,2007-06-03,0.55337518233819027,A
08109700,2007-06-04,0.36490682313605299,A
08109700,2007-06-05,0.51728549653352562,A
08109700,2007-06-06,0.6536243095733697,A
08109700,2007-06-07,0.52931539180174725,A
08109700,2007-06-08,0.24059790536443051,A
08109700,2007-06-09,0.17643846393391574,A
08109700,2007-06-10,0.14836870830806551,A
08109700,2007-06-11,0.13633881303984399,A
08109700,2007-06-12,0.12029895268221526,A
08109700,2007-06-13,0.1002491272351794,A
08109700,2007-06-14,0.080199301788143509,A
08109700,2007-06-15,0.064159441430514816,A
08109700,2007-06-16,0.060149476341107629,A
08109700,2007-06-17,0.19247832429154443,A
08109700,2007-06-18,0.1162889875928081,A
08109700,2007-06-19,0.1162889875928081,A
08109700,2007-06-20,0.10425909232458656,A
08109700,2007-06-21,0.4932257059970826,A
08109700,2007-06-22,0.7418435415403275,A
08109700,2007-06-23,1.2310592824480029,A
08109700,2007-06-24,1.5117568387065052,A
08109700,2007-06-25,0.83407273859669251,A
08109700,2007-06-26,0.47317588055004672,A
08109700,2007-06-27,0.61753462376870505,A
08109700,2007-06-28,0.6536243095733697,A
08109700,2007-06-29,0.92630193565305763,A
08109700,2007-06-30,1.5839362103158343,A
08109700,2007-07-01,3.8976860669037752,A
08109700,2007-07-02,4.6515595037123241,A
08109700,2007-07-03,1.7804244996967862,A
08109700,2007-07-04,0.36891678822546015,A
08109700,2007-07-05,0.74986347171914181,A
08109700,2007-07-06,2.4460787045383774,A
08109700,2007-07-07,14.796771179912477,A
08109700,2007-07-08,10.345709930670512,A
08109700,2007-07-09,7.4986347171914183,A
08109700,2007-07-10,5.3332535689115437,A
08109700,2007-07-11,3.0435635028600467,A
08109700,2007-07-12,0.42505629947716062,A
08109700,2007-07-13,0.25663776572205926,A
08109700,2007-07-14,0.21653811482798749,A
08109700,2007-07-15,0.39297657876190323,A
08109700,2007-07-16,0.76991329716617773,A
08109700,2007-07-17,1.5398265943323555,A
08109700,2007-07-18,2.9553442708930886,A
08109700,2007-07-19,2.6225171684722932,A
08109700,2007-07-20,0.63758444921574098,A
08109700,2007-07-21,0.58144493796404051,A
08109700,2007-07-22,1.0987304344975661,A
08109700,2007-07-23,1.2230393522691887,A
08109700,2007-07-24,1.5398265943323555,A
08109700,2007-07-25,1.7724045695179718,A
08109700,2007-07-26,1.4876970481700622,A
08109700,2007-07-27,1.0024912723517938,A
08109700,2007-07-28,0.95036172618950066,A
08109700,2007-07-29,1.3553682002196255,A
08109700,2007-07-30,1.7323049186238999,A
08109700,2007-07-31,1.4315575369183617,A
08109700,2007-08-01,0.30876731188435252,A
08109700,2007-08-02,0.19247832429154443,A
08109700,2007-08-03,0.30074738170553816,A
08109700,2007-08-04,0.4130264042089391,A
08109700,2007-08-05,0.2205480799173947,A
08109700,2007-08-06,0.17242849884450856,A
08109700,2007-08-07,0.14034877812925114,A
08109700,2007-08-08,0.12029895268221526,A
08109700,2007-08-09,0.10425909232458656,A
08109700,2007-08-10,0.092229197056365037,A
08109700,2007-08-11,0.080199301788143509,A
08109700,2007-08-12,0.072179371609329163,A
08109700,2007-08-13,0.064159441430514816,A
08109700,2007-08-14,0.060149476341107629,A
08109700,2007-08-15,0.056139511251700462,A
08109700,2007-08-16,0.056139511251700462,A
08109700,2007-08-17,0.064159441430514816,A
08109700,2007-08-18,0.068169406519921996,A
08109700,2007-08-19,0.068169406519921996,A
08109700,2007-08-20,0.060149476341107629,A
08109700,2007-08-21,0.052129546162293282,A
08109700,2007-08-22,0.044109615983478935,A
08109700,2007-08-23,0.044109615983478935,A
08109700,2007-08-24,0.044109615983478935,A
08109700,2007-08-25,0.040099650894071755,A
08109700,2007-08-26,0.036490682313605298,A
08109700,2007-08-27,0.031678724206316691,A
08109700,2007-08-28,0.033282710242079565,A
08109700,2007-08-29,0.030876731188435255,A
08109700,2007-08-30,0.031277727697375975,A
08109700,2007-08-31,0.035287692786783148,A
08109700,2007-09-01,0.072179371609329163,A
08109700,2007-09-02,0.068169406519921996,A
08109700,2007-09-03,0.048119581072886108,A
08109700,2007-09-04,0.037292675331486738,A
08109700,2007-09-05,0.030475734679494531,A
08109700,2007-09-06,0.028069755625850231,A
08109700,2007-09-07,0.036490682313605298,A
08109700,2007-09-08,0.040099650894071755,A
08109700,2007-09-09,0.036490682313605298,A
08109700,2007-09-10,0.032480717224198125,A
08109700,2007-09-11,0.029272745152672381,A
08109700,2007-09-12,0.025663776572205924,A
08109700,2007-09-13,0.023257797518561617,A
08109700,2007-09-14,0.022054807991739468,A
08109700,2007-09-15,0.021252814973858031,A
08109700,2007-09-16,0.017242849884450854,A
08109700,2007-09-17,0.016039860357628704,A
08109700,2007-09-18,0.014836870830806552,A
08109700,2007-09-19,0.014435874321865832,A
08109700,2007-09-20,0.014034877812925116,A
08109700,2007-09-21,0.017242849884450854,A
08109700,2007-09-22,0.023658794027502338,A
08109700,2007-09-23,0.023257797518561617,A
08109700,2007-09-24,0.026064773081146641,A
08109700,2007-09-25,0.026064773081146641,A
08109700,2007-09-26,0.023658794027502338,A
08109700,2007-09-27,0.019247832429154441,A
08109700,2007-09-28,0.014435874321865832,A
08109700,2007-09-29,0.014034877812925116,A
08109700,2007-09-30,0.020049825447035877,A
08109700,2007-10-01,0.034084703259960998,A
08109700,2007-10-02,0.016841853375510141,A
08109700,2007-10-03,0.014435874321865832,A
08109700,2007-10-04,0.014435874321865832,A
08109700,2007-10-05,0.014836870830806552,A
08109700,2007-10-06,0.011628898759280809,A
08109700,2007-10-07,0.010024912723517939,A
08109700,2007-10-08,0.0096239162145772203,A
08109700,2007-10-09,0.008019930178814352,A
08109700,2007-10-10,0.0064159441430514811,A
08109700,2007-10-11,0.0084209266877550704,A
08109700,2007-10-12,0.021252814973858031,A
08109700,2007-10-13,0.020450821955976594,A
08109700,2007-10-14,0.021252814973858031,A
08109700,2007-10-15,0.029272745152672381,A
08109700,2007-10-16,0.026866766099028078,A
08109700,2007-10-17,0.024059790536443054,A
08109700,2007-10-18,0.022455804500680184,A
08109700,2007-10-19,0.020049825447035877,A
08109700,2007-10-20,0.018445839411273007,A
08109700,2007-10-21,0.016440856866569421,A
08109700,2007-10-22,0.018445839411273007,A
08109700,2007-10-23,0.039698654385131038,A
08109700,2007-10-24,0.080199301788143509,A
08109700,2007-10-25,0.080199301788143509,A
08109700,2007-10-26,0.060149476341107629,A
08109700,2007-10-27,0.048119581072886108,A
08109700,2007-10-28,0.038896661367249598,A
08109700,2007-10-29,0.040099650894071755,A
08109700,2007-10-30,0.048119581072886108,A
08109700,2007-10-31,0.048119581072886108,A
08109700,2007-11-01,0.056139511251700462,A
08109700,2007-11-02,0.048119581072886108,A
08109700,2007-11-03,0.040099650894071755,A
08109700,2007-11-04,0.040099650894071755,A
08109700,2007-11-05,0.036089685804664581,A
08109700,2007-11-06,0.037693671840427455,A
08109700,2007-11-07,0.034485699768901708,A
08109700,2007-11-08,0.033282710242079565,A
08109700,2007-11-09,0.033282710242079565,A
08109700,2007-11-10,0.035688689295723865,A
08109700,2007-11-11,0.033282710242079565,A
08109700,2007-11-12,0.032480717224198125,A
08109700,2007-11-13,0.034886696277842424,A
08109700,2007-11-14,0.035688689295723865,A
08109700,2007-11-15,0.034084703259960998,A
08109700,2007-11-16,0.029272745152672381,A
08109700,2007-11-17,0.036089685804664581,A
08109700,2007-11-18,0.33683706751020276,A
08109700,2007-11-19,0.19247832429154443,A
08109700,2007-11-20,0.31277727697375968,A
08109700,2007-11-21,0.20450821955976595,A
08109700,2007-11-22,0.13633881303984399,A
08109700,2007-11-23,0.12029895268221526,A
08109700,2007-11-24,0.11227902250340092,A
08109700,2007-11-25,0.12831888286102963,A
08109700,2007-11-26,0.13633881303984399,A
08109700,2007-11-27,0.12430891777162244,A
08109700,2007-11-28,0.11227902250340092,A
08109700,2007-11-29,0.092229197056365037,A
08109700,2007-11-30,0.076189336698736329,A
08109700,2007-12-01,0.064159441430514816,A
08109700,2007-12-02,0.056139511251700462,A
08109700,2007-12-03,0.048119581072886108,A
08109700,2007-12-04,0.048119581072886108,A
08109700,2007-12-05,0.044109615983478935,A
08109700,2007-12-06,0.048119581072886108,A
08109700,2007-12-07,0.068169406519921996,A
08109700,2007-12-08,0.076189336698736329,A
08109700,2007-12-09,0.068169406519921996,A
08109700,2007-12-10,0.064159441430514816,A
08109700,2007-12-11,0.064159441430514816,A
08109700,2007-12-12,0.068169406519921996,A:e
08109700,2007-12-13,0.068169406519921996,A:e
08109700,2007-12-14,0.068169406519921996,A:e
08109700,2007-12-15,0.28871748643731665,A
08109700,2007-12-16,0.24460787045383772,A
08109700,2007-12-17,0.26465769590087362,A
08109700,2007-12-18,0.18044842902332292,A
08109700,2007-12-19,0.12831888286102963,A
08109700,2007-12-20,0.10425909232458656,A
08109700,2007-12-21,0.08821923196695787,A
08109700,2007-12-22,0.076189336698736329,A
08109700,2007-12-23,0.064159441430514816,A
08109700,2007-12-24,0.056139511251700462,A
08109700,2007-12-25,0.052129546162293282,A
08109700,2007-12-26,0.048119581072886108,A
08109700,2007-12-27,0.048119581072886108,A:e
08109700,2007-12-28,0.048119581072886108,A:e
08109700,2007-12-29,0.052129546162293282,A:e
08109700,2007-12-30,0.052129546162293282,A:e
08109700,2007-12-31,0.048119581072886108,A:e
08109700,2008-01-01,0.048119581072886108,A:e
08109700,2008-01-02,0.044109615983478935,A:e
08109700,2008-01-03,0.044109615983478935,A:e
08109700,2008-01-04,0.044109615983478935,A:e
08109700,2008-01-05,0.044109615983478935,A:e
08109700,2008-01-06,0.044109615983478935,A:e
08109700,2008-01-07,0.048119581072886108,A:e
08109700,2008-01-08,0.052129546162293282,A:e
08109700,2008-01-09,0.052129546162293282,A:e
08109700,2008-01-10,0.048119581072886108,A:e
08109700,2008-01-11,0.048119581072886108,A:e
08109700,2008-01-12,0.048119581072886108,A:e
08109700,2008-01-13,0.048119581072886108,A:e
08109700,2008-01-14,0.044109615983478935,A:e
08109700,2008-01-15,0.044109615983478935,A:e
08109700,2008-01-16,0.044109615983478935,A:e
08109700,2008-01-17,0.044109615983478935,A:e
08109700,2008-01-18,0.048119581072886108,A:e
08109700,2008-01-19,0.056139511251700462,A:e
08109700,2008-01-20,0.056139511251700462,A:e
08109700,2008-01-21,0.060149476341107629,A:e
08109700,2008-01-22,0.060149476341107629,A:e
08109700,2008-01-23,0.056139511251700462,A:e
08109700,2008-01-24,0.060149476341107629,A
08109700,2008-01-25,0.060149476341107629,A
08109700,2008-01-26,0.064159441430514816,A
08109700,2008-01-27,0.060149476341107629,A
08109700,2008-01-28,0.064159441430514816,A
08109700,2008-01-29,0.060149476341107629,A
08109700,2008-01-30,0.052129546162293282,A
08109700,2008-01-31,0.056139511251700462,A
08109700,2008-02-01,0.052129546162293282,A
08109700,2008-02-02,0.052129546162293282,A
08109700,2008-02-03,0.048119581072886108,A
08109700,2008-02-04,0.048119581072886108,A
08109700,2008-02-05,0.048119581072886108,A
08109700,2008-02-06,0.056139511251700462,A
08109700,2008-02-07,0.052129546162293282,A
08109700,2008-02-08,0.048119581072886108,A
08109700,2008-02-09,0.044109615983478935,A
08109700,2008-02-10,0.040099650894071755,A
08109700,2008-02-11,0.044109615983478935,A
08109700,2008-02-12,0.044109615983478935,A
08109700,2008-02-13,0.040099650894071755,A
08109700,2008-02-14,0.039698654385131038,A
08109700,2008-02-15,0.044109615983478935,A:e
08109700,2008-02-16,0.21252814973858031,A:e
08109700,2008-02-17,0.92229197056365053,A:e
08109700,2008-02-18,0.53733532198056155,A:e
08109700,2008-02-19,0.30475734679494532,A:e
08109700,2008-02-20,0.19648828938095161,A
08109700,2008-02-21,0.14836870830806551,A
08109700,2008-02-22,0.1162889875928081,A:e
08109700,2008-02-23,0.10425909232458656,A:e
08109700,2008-02-24,0.08420926687755069,A:e
08109700,2008-02-25,0.072179371609329163,A:e
08109700,2008-02-26,0.056139511251700462,A
08109700,2008-02-27,0.052129546162293282,A
08109700,2008-02-28,0.048119581072886108,A
08109700,2008-02-29,0.048119581072886108,A
08109700,2008-03-01,0.044109615983478935,A
08109700,2008-03-02,0.040099650894071755,A
08109700,2008-03-03,0.044109615983478935,A
08109700,2008-03-04,0.044109615983478935,A
08109700,2008-03-05,0.048119581072886108,A
08109700,2008-03-06,0.052129546162293282,A
08109700,2008-03-07,0.052129546162293282,A
08109700,2008-03-08,0.056139511251700462,A
08109700,2008-03-09,0.056139511251700462,A
08109700,2008-03-10,0.24460787045383772,A
08109700,2008-03-11,0.60550472850048354,A
08109700,2008-03-12,0.71377378591447727,A
08109700,2008-03-13,0.59347483323226202,A
08109700,2008-03-14,0.2927274515267238,A
08109700,2008-03-15,0.18445839411273007,A
08109700,2008-03-16,0.13633881303984399,A
08109700,2008-03-17,0.12029895268221526,A
08109700,2008-03-18,0.1162889875928081,A
08109700,2008-03-19,0.1644085686656942,A
08109700,2008-03-20,0.19247832429154443,A
08109700,2008-03-21,0.17242849884450856,A
08109700,2008-03-22,0.13633881303984399,A
08109700,2008-03-23,0.10425909232458656,A
08109700,2008-03-24,0.080199301788143509,A
08109700,2008-03-25,0.064159441430514816,A
08109700,2008-03-26,0.056139511251700462,A
08109700,2008-03-27,0.052129546162293282,A
08109700,2008-03-28,0.052129546162293282,A
08109700,2008-03-29,0.052129546162293282,A
08109700,2008-03-30,0.056139511251700462,A
08109700,2008-03-31,0.060149476341107629,A
08109700,2008-04-01,0.056139511251700462,A
08109700,2008-04-02,0.044109615983478935,A
08109700,2008-04-03,0.040099650894071755,A
08109700,2008-04-04,0.052129546162293282,A
08109700,2008-04-05,0.068169406519921996,A
08109700,2008-04-06,0.072179371609329163,A
08109700,2008-04-07,0.080199301788143509,A
08109700,2008-04-08,0.072179371609329163,A
08109700,2008-04-09,0.060149476341107629,A
08109700,2008-04-10,0.052129546162293282,A
08109700,2008-04-11,0.044109615983478935,A
08109700,2008-04-12,0.044109615983478935,A
08109700,2008-04-13,0.039297657876190321,A
08109700,2008-04-14,0.036089685804664581,A
08109700,2008-04-15,0.032480717224198125,A
08109700,2008-04-16,0.029673741661613105,A
08109700,2008-04-17,0.027267762607968798,A
08109700,2008-04-18,0.052129546162293282,A
08109700,2008-04-19,0.060149476341107629,A
08109700,2008-04-20,0.072179371609329163,A
08109700,2008-04-21,0.064159441430514816,A
08109700,2008-04-22,0.052129546162293282,A
08109700,2008-04-23,0.044109615983478935,A
08109700,2008-04-24,0.039698654385131038,A
08109700,2008-04-25,0.037693671840427455,A
08109700,2008-04-26,0.10826905741399374,A
08109700,2008-04-27,0.30074738170553816,A
08109700,2008-04-28,0.30876731188435252,A
08109700,2008-04-29,0.16039860357628702,A
08109700,2008-04-30,0.10425909232458656,A
08109700,2008-05-01,0.076189336698736329,A
08109700,2008-05-02,0.060149476341107629,A
08109700,2008-05-03,0.048119581072886108,A
08109700,2008-05-04,0.039698654385131038,A
08109700,2008-05-05,0.13633881303984399,A
08109700,2008-05-06,0.27267762607968798,A
08109700,2008-05-07,0.26465769590087362,A
08109700,2008-05-08,0.17242849884450856,A
08109700,2008-05-09,0.10826905741399374,A
08109700,2008-05-10,0.080199301788143509,A
08109700,2008-05-11,0.060149476341107629,A
08109700,2008-05-12,0.044109615983478935,A
08109700,2008-05-13,0.037693671840427455,A
08109700,2008-05-14,0.072179371609329163,A
08109700,2008-05-15,0.15237867339747266,A
08109700,2008-05-16,0.27668759116909514,A
08109700,2008-05-17,0.457136020192418,A
08109700,2008-05-18,0.33282710242079561,A
08109700,2008-05-19,0.14034877812925114,A
08109700,2008-05-20,0.08420926687755069,A
08109700,2008-05-21,0.060149476341107629,A
08109700,2008-05-22,0.048119581072886108,A
08109700,2008-05-23,0.040099650894071755,A
08109700,2008-05-24,0.035287692786783148,A
08109700,2008-05-25,0.033683706751020281,A
08109700,2008-05-26,0.033282710242079565,A
08109700,2008-05-27,0.032480717224198125,A
08109700,2008-05-28,0.027668759116909514,A
08109700,2008-05-29,0.024059790536443054,A
08109700,2008-05-30,0.021653811482798751,A
08109700,2008-05-31,0.020450821955976594,A
08109700,2008-06-01,0.020851818464917314,A
08109700,2008-06-02,0.020049825447035877,A
08109700,2008-06-03,0.019247832429154441,A
08109700,2008-06-04,0.018044842902332291,A
08109700,2008-06-05,0.016039860357628704,A
08109700,2008-06-06,0.015237867339747265,A
08109700,2008-06-07,0.014034877812925116,A
08109700,2008-06-08,0.012430891777162245,A
08109700,2008-06-09,0.012029895268221527,A
08109700,2008-06-10,0.010826905741399375,A
08109700,2008-06-11,0.0092229197056365037,A
08109700,2008-06-12,0.0092229197056365037,A
08109700,2008-06-13,0.008821923196695787,A
08109700,2008-06-14,0.008821923196695787,A
08109700,2008-06-15,0.0084209266877550704,A
08109700,2008-06-16,0.0076189336698736327,A
08109700,2008-06-17,0.0076189336698736327,A
08109700,2008-06-18,0.0076189336698736327,A
08109700,2008-06-19,0.0072179371609329161,A
08109700,2008-06-20,0.0068169406519921994,A
08109700,2008-06-21,0.0064159441430514811,A
08109700,2008-06-22,0.0064159441430514811,A
08109700,2008-06-23,0.0060149476341107636,A
08109700,2008-06-24,0.005613951125170046,A
08109700,2008-06-25,0.005613951125170046,A
08109700,2008-06-26,0.005613951125170046,A
08109700,2008-06-27,0.0052129546162293285,A
08109700,2008-06-28,0.0044109615983478935,A
08109700,2008-06-29,0.0038094668349368164,A
08109700,2008-06-30,0.0033683706751020271,A
08109700,2008-07-01,0.0029272745152672383,A
08109700,2008-07-02,0.0030074738170553818,A
08109700,2008-07-03,0.0028871748643731665,A
08109700,2008-07-04,0.0037292675331486733,A
08109700,2008-07-05,0.0044109615983478935,A
08109700,2008-07-06,0.0044109615983478935,A
08109700,2008-07-07,0.0048119581072886101,A
08109700,2008-07-08,0.0064159441430514811,A
08109700,2008-07-09,0.0068169406519921994,A
08109700,2008-07-10,0.0072179371609329161,A
08109700,2008-07-11,0.0064159441430514811,A
08109700,2008-07-12,0.0068169406519921994,A
08109700,2008-07-13,0.0096239162145772203,A
08109700,2008-07-14,0.008821923196695787,A
08109700,2008-07-15,0.010024912723517939,A
08109700,2008-07-16,0.010826905741399375,A
08109700,2008-07-17,0.011227902250340092,A
08109700,2008-07-18,0.012831888286102962,A
08109700,2008-07-19,0.011227902250340092,A
08109700,2008-07-20,0.010826905741399375,A
08109700,2008-07-21,0.015638863848687987,A
08109700,2008-07-22,0.018445839411273007,A
08109700,2008-07-23,0.016039860357628704,A
08109700,2008-07-24,0.013232884795043679,A
08109700,2008-07-25,0.021653811482798751,A
08109700,2008-07-26,0.040099650894071755,A
08109700,2008-07-27,0.030876731188435255,A
08109700,2008-07-28,0.021653811482798751,A
08109700,2008-07-29,0.018445839411273007,A
08109700,2008-07-30,0.015638863848687987,A
08109700,2008-07-31,0.016039860357628704,A
08109700,2008-08-01,0.013633881303984399,A
08109700,2008-08-02,0.026064773081146641,A
08109700,2008-08-03,0.032079720715257408,A
08109700,2008-08-04,0.025262780063265204,A
08109700,2008-08-05,0.019648828938095161,A
08109700,2008-08-06,0.016440856866569421,A
08109700,2008-08-07,0.014435874321865832,A
08109700,2008-08-08,0.010425909232458657,A
08109700,2008-08-09,0.0076189336698736327,A
08109700,2008-08-10,0.0035688689295723863,A
08109700,2008-08-11,0.0015638863848687985,A
08109700,2008-08-12,0.00080199301788143513,A
08109700,2008-08-13,0.00088219231966957874,A
08109700,2008-08-14,0.0014034877812925115,A
08109700,2008-08-15,0.0015237867339747268,A
08109700,2008-08-16,0.0019648828938095158,A
08109700,2008-08-17,0.003528769278678315,A
08109700,2008-08-18,0.0068169406519921994,A
08109700,2008-08-19,0.005613951125170046,A
08109700,2008-08-20,0.0048119581072886101,A
08109700,2008-08-21,0.0068169406519921994,A
08109700,2008-08-22,0.008821923196695787,A
08109700,2008-08-23,0.008821923196695787,A
08109700,2008-08-24,0.0072179371609329161,A
08109700,2008-08-25,0.0064159441430514811,A
08109700,2008-08-26,0.0072179371609329161,A
08109700,2008-08-27,0.016841853375510141,A
08109700,2008-08-28,0.017242849884450854,A
08109700,2008-08-29,0.014435874321865832,A
08109700,2008-08-30,0.010826905741399375,A
08109700,2008-08-31,0.0084209266877550704,A
08109700,2008-09-01,0.0072179371609329161,A
08109700,2008-09-02,0.0064159441430514811,A
08109700,2008-09-03,0.0044109615983478935,A
08109700,2008-09-04,0.0021252814973858032,A
08109700,2008-09-05,0.0014034877812925115,A
08109700,2008-09-06,0.001483687083080655,A
08109700,2008-09-07,0.0011628898759280808,A
08109700,2008-09-08,0.00088219231966957874,A
08109700,2008-09-09,0.00080199301788143513,A
08109700,2008-09-10,0.00076189336698736338,A
08109700,2008-09-11,0.0017242849884450855,A
08109700,2008-09-12,0.0033282710242079558,A
08109700,2008-09-13,0.003608968580466458,A
08109700,2008-09-14,0.0037292675331486733,A
08109700,2008-09-15,0.0030475734679494535,A
08109700,2008-09-16,0.002486178355432449,A
08109700,2008-09-17,0.0023257797518561616,A
08109700,2008-09-18,0.0038896661367249603,A
08109700,2008-09-19,0.0064159441430514811,A
08109700,2008-09-20,0.0064159441430514811,A
08109700,2008-09-21,0.005613951125170046,A
08109700,2008-09-22,0.0044109615983478935,A
08109700,2008-09-23,0.0036490682313605302,A
08109700,2008-09-24,0.0027668759116909508,A
08109700,2008-09-25,0.0019247832429154445,A
08109700,2008-09-26,0.0015237867339747268,A
08109700,2008-09-27,0.0012430891777162245,A
08109700,2008-09-28,0.0012029895268221525,A
08109700,2008-09-29,0.001002491272351794,A
08109700,2008-09-30,0.00096239162145772225,A
04015330,2006-10-01,0.094875952752395812,A
04015330,2006-10-02,0.085061199019389355,A
04015330,2006-10-03,0.090513839982170732,A
04015330,2006-10-04,0.207200356585692,A
04015330,2006-10-05,0.23991620236238023,A
04015330,2006-10-06,0.16357922888344104,A
04015330,2006-10-07,0.13086338310675286,A
04015330,2006-10-08,0.11995810118119012,A
04015330,2006-10-09,0.099238065522620905,A
04015330,2006-10-10,0.085061199019389355,A
04015330,2006-10-11,0.099238065522620905,A
04015330,2006-10-12,0.14176866503231558,A
04015330,2006-10-13,0.14176866503231558,A
04015330,2006-10-14,0.14176866503231558,A
04015330,2006-10-15,0.14176866503231558,A
04015330,2006-10-16,0.15267394695787834,A
04015330,2006-10-17,0.29444261199019389,A
04015330,2006-10-18,0.50164296857588586,A
04015330,2006-10-19,0.39259014932025854,A
04015330,2006-10-20,0.29444261199019389,A
04015330,2006-10-21,0.25082148428794293,A
04015330,2006-10-22,0.207200356585692,A
04015330,2006-10-23,0.18538979273456654,A
04015330,2006-10-24,0.17448451080900379,A
04015330,2006-10-25,0.15267394695787834,A
04015330,2006-10-26,0.16357922888344104,A
04015330,2006-10-27,0.16357922888344104,A
04015330,2006-10-28,0.15267394695787834,A
04015330,2006-10-29,0.14176866503231558,A
04015330,2006-10-30,0.14176866503231558,A
04015330,2006-10-31,0.14176866503231558,A
04015330,2006-11-01,0.21810563851125475,A
04015330,2006-11-02,0.17448451080900379,A
04015330,2006-11-03,0.18538979273456654,A
04015330,2006-11-04,0.19629507466012927,A
04015330,2006-11-05,0.15267394695787834,A
04015330,2006-11-06,0.13086338310675286,A
04015330,2006-11-07,0.14176866503231558,A
04015330,2006-11-08,0.207200356585692,A
04015330,2006-11-09,0.28353733006463117,A
04015330,2006-11-10,0.25082148428794293,A
04015330,2006-11-11,0.21810563851125475,A
04015330,2006-11-12,0.19629507466012927,A
04015330,2006-11-13,0.19629507466012927,A
04015330,2006-11-14,0.19629507466012927,A
04015330,2006-11-15,0.21810563851125475,A
04015330,2006-11-16,0.207200356585692,A
04015330,2006-11-17,0.19629507466012927,A
04015330,2006-11-18,0.17448451080900379,A
04015330,2006-11-19,0.15267394695787834,A
04015330,2006-11-20,0.15267394695787834,A:e
04015330,2006-11-21,0.18538979273456654,A
04015330,2006-11-22,0.17448451080900379,A
04015330,2006-11-23,0.17448451080900379,A:e
04015330,2006-11-24,0.16357922888344104,A:e
04015330,2006-11-25,0.15267394695787834,A
04015330,2006-11-26,0.15267394695787834,A:e
04015330,2006-11-27,0.15267394695787834,A:e
04015330,2006-11-28,0.5125482505014487,A
04015330,2006-11-29,1.2868232672164031,A:e
04015330,2006-11-30,0.61069578783151335,A:e
04015330,2006-12-01,0.44711655894807223,A:e
04015330,2006-12-02,0.37077958546913309,A:e
04015330,2006-12-03,0.3162531758413194,A:e
04015330,2006-12-04,0.27263204813906844,A:e
04015330,2006-12-05,0.23991620236238023,A:e
04015330,2006-12-06,0.22901092043681751,A:e
04015330,2006-12-07,0.21810563851125475,A:e
04015330,2006-12-08,0.207200356585692,A:e
04015330,2006-12-09,0.21810563851125475,A:e
04015330,2006-12-10,0.22901092043681751,A:e
04015330,2006-12-11,0.26172676621350571,A:e
04015330,2006-12-12,0.32715845776688207,A:e
04015330,2006-12-13,0.29444261199019389,A:e
04015330,2006-12-14,0.27263204813906844,A:e
04015330,2006-12-15,0.25082148428794293,A:e
04015330,2006-12-16,0.22901092043681751,A:e
04015330,2006-12-17,0.21810563851125475,A:e
04015330,2006-12-18,0.207200356585692,A:e
04015330,2006-12-19,0.19629507466012927,A:e
04015330,2006-12-20,0.17448451080900379,A:e
04015330,2006-12-21,0.16357922888344104,A:e
04015330,2006-12-22,0.15267394695787834,A
04015330,2006-12-23,0.14176866503231558,A:e
04015330,2006-12-24,0.14176866503231558,A:e
04015330,2006-12-25,0.13086338310675286,A
04015330,2006-12-26,0.11995810118119012,A:e
04015330,2006-12-27,0.11995810118119012,A:e
04015330,2006-12-28,0.10905281925562738,A:e
04015330,2006-12-29,0.10905281925562738,A:e
04015330,2006-12-30,0.10905281925562738,A
04015330,2006-12-31,0.26172676621350571,A:e
04015330,2007-01-01,0.28353733006463117,A:e
04015330,2007-01-02,0.19629507466012927,A:e
04015330,2007-01-03,0.15267394695787834,A:e
04015330,2007-01-04,0.11995810118119012,A:e
04015330,2007-01-05,0.10250965010028974,A:e
04015330,2007-01-06,0.089423311789614449,A:e
04015330,2007-01-07,0.079608558056607978,A:e
04015330,2007-01-08,0.069793804323601522,A:e
04015330,2007-01-09,0.059979050590595058,A:e
04015330,2007-01-10,0.053435881435257418,A:e
04015330,2007-01-11,0.049073768665032318,A:e
04015330,2007-01-12,0.043621127702250947,A:e
04015330,2007-01-13,0.040349543124582131,A:e
04015330,2007-01-14,0.035987430354357031,A:e
04015330,2007-01-15,0.032715845776688214,A:e
04015330,2007-01-16,0.030534789391575664,A:e
04015330,2007-01-17,0.028353733006463121,A:e
04015330,2007-01-18,0.026172676621350567,A:e
04015330,2007-01-19,0.023991620236238024,A:e
04015330,2007-01-20,0.022901092043681751,A:e
04015330,2007-01-21,0.0207200356585692,A:e
04015330,2007-01-22,0.019629507466012927,A:e
04015330,2007-01-23,0.018538979273456654,A:e
04015330,2007-01-24,0.01744845108090038,A:e
04015330,2007-01-25,0.016357922888344107,A:e
04015330,2007-01-26,0.015267394695787832,A:e
04015330,2007-01-27,0.01417686650323156,A:e
04015330,2007-01-28,0.01417686650323156,A:e
04015330,2007-01-29,0.013086338310675284,A:e
04015330,2007-01-30,0.013086338310675284,A:e
04015330,2007-01-31,0.011995810118119012,A:e
04015330,2007-02-01,0.010905281925562737,A:e
04015330,2007-02-02,0.0103600178292846,A:e
04015330,2007-02-03,0.0090513839982170712,A:e
04015330,2007-02-04,0.007633697347893916,A:e
04015330,2007-02-05,0.0065431691553376418,A:e
04015330,2007-02-06,0.0049073768665032318,A:e
04015330,2007-02-07,0.0035987430354357036,A:e
04015330,2007-02-08,0.0027263204813906842,A:e
04015330,2007-02-09,0.0021810563851125475,A:e
04015330,2007-02-10,0.0017448451080900381,A:e
04015330,2007-02-11,0.0013086338310675286,A:e
04015330,2007-02-12,0,A:e
04015330,2007-02-13,0,A:e
04015330,2007-02-14,0,A:e
04015330,2007-02-15,0,A:e
04015330,2007-02-16,0,A:e
04015330,2007-02-17,0,A:e
04015330,2007-02-18,0,A:e
04015330,2007-02-19,0,A:e
04015330,2007-02-20,0,A:e
04015330,2007-02-21,0,A:e
04015330,2007-02-22,0,A:e
04015330,2007-02-23,0,A:e
04015330,2007-02-24,0,A:e
04015330,2007-02-25,0,A:e
04015330,2007-02-26,0,A:e
04015330,2007-02-27,0,A:e
04015330,2007-02-28,0,A:e
04015330,2007-03-01,0,A:e
04015330,2007-03-02,0,A:e
04015330,2007-03-03,0,A:e
04015330,2007-03-04,0,A:e
04015330,2007-03-05,0,A:e
04015330,2007-03-06,0,A:e
04015330,2007-03-07,0,A:e
04015330,2007-03-08,0,A:e
04015330,2007-03-09,0.0010905281925562738,A:e
04015330,2007-03-10,0.0027263204813906842,A:e
04015330,2007-03-11,0.0054526409627813684,A:e
04015330,2007-03-12,0.010905281925562737,A:e
04015330,2007-03-13,0.022901092043681751,A:e
04015330,2007-03-14,0.032715845776688214,A:e
04015330,2007-03-15,0.011995810118119012,A:e
04015330,2007-03-16,0.0103600178292846,A:e
04015330,2007-03-17,0.010032859371517719,A:e
04015330,2007-03-18,0.0098147537330064635,A:e
04015330,2007-03-19,0.0098147537330064635,A:e
04015330,2007-03-20,0.0098147537330064635,A:e
04015330,2007-03-21,0.038168486739469584,A:e
04015330,2007-03-22,0.11995810118119012,A:e
04015330,2007-03-23,0.54526409627813688,A:e
04015330,2007-03-24,1.9629507466012928,A:e
04015330,2007-03-25,8.3970670826833071,A:e
04015330,2007-03-26,13.086338310675284,A:e
04015330,2007-03-27,10.905281925562736,A:e
04015330,2007-03-28,8.9968575885892594,A:e
04015330,2007-03-29,6.3468740806775132,A
04015330,2007-03-30,5.8670416759527528,A
04015330,2007-03-31,4.5147867171829734,A
04015330,2007-04-01,14.613077780254068,A
04015330,2007-04-02,8.3316353911299323,A
04015330,2007-04-03,3.271584577668821,A:e
04015330,2007-04-04,1.3086338310675283,A:e
04015330,2007-04-05,1.0469070648540229,A:e
04015330,2007-04-06,0.87242255404501901,A:e
04015330,2007-04-07,0.78518029864051708,A:e
04015330,2007-04-08,0.71974860708714072,A:e
04015330,2007-04-09,0.68703276131045254,A:e
04015330,2007-04-10,0.66522219745932698,A:e
04015330,2007-04-11,0.65431691553376414,A
04015330,2007-04-12,0.81789614441720526,A
04015330,2007-04-13,1.7884662357922889,A
04015330,2007-04-14,3.1843423222643192,A
04015330,2007-04-15,4.0458595943837761,A
04015330,2007-04-16,4.2966810786717184,A
04015330,2007-04-17,5.8670416759527528,A
04015330,2007-04-18,4.7874187653220419,A
04015330,2007-04-19,3.5442166258078895,A
04015330,2007-04-20,2.9226155560508138,A
04015330,2007-04-21,2.780846891018498,A
04015330,2007-04-22,4.809229329173168,A
04015330,2007-04-23,13.413496768442167,A
04015330,2007-04-24,6.2814423891241367,A
04015330,2007-04-25,3.4460690884778251,A
04015330,2007-04-26,2.2682986405170493,A
04015330,2007-04-27,1.7230345442389126,A
04015330,2007-04-28,1.4613077780254069,A
04015330,2007-04-29,1.2977285491419657,A
04015330,2007-04-30,1.1341493202585247,A
04015330,2007-05-01,1.0141912190773346,A
04015330,2007-05-02,0.90513839982170718,A
04015330,2007-05-03,0.81789614441720526,A
04015330,2007-05-04,0.73065388901270345,A
04015330,2007-05-05,0.74155917093826618,A
04015330,2007-05-06,0.71974860708714072,A
04015330,2007-05-07,0.64341163360820153,A
04015330,2007-05-08,0.64341163360820153,A
04015330,2007-05-09,0.62160106975707596,A
04015330,2007-05-10,0.58888522398038778,A
04015330,2007-05-11,0.54526409627813688,A
04015330,2007-05-12,0.47983240472476046,A
04015330,2007-05-13,0.4362112770225095,A
04015330,2007-05-14,0.39259014932025854,A
04015330,2007-05-15,0.4362112770225095,A
04015330,2007-05-16,0.74155917093826618,A
04015330,2007-05-17,1.657602852685536,A
04015330,2007-05-18,1.2977285491419657,A
04015330,2007-05-19,1.1341493202585247,A
04015330,2007-05-20,1.0032859371517717,A
04015330,2007-05-21,0.91604368174727002,A
04015330,2007-05-22,0.95966480944952093,A
04015330,2007-05-23,0.91604368174727002,A
04015330,2007-05-24,1.5376447515043459,A
04015330,2007-05-25,2.1156246935591709,A
04015330,2007-05-26,1.4722130599509695,A
04015330,2007-05-27,1.254107421439715,A
04015330,2007-05-28,0.99238065522620911,A
04015330,2007-05-29,0.80699086249164265,A
04015330,2007-05-30,1.5267394695787833,A
04015330,2007-05-31,2.3664461778471138,A
04015330,2007-06-01,1.7121292623133497,A
04015330,2007-06-02,1.2432021395141519,A
04015330,2007-06-03,1.4176866503231558,A
04015330,2007-06-04,1.2322968575885893,A
04015330,2007-06-05,0.97057009137508354,A
04015330,2007-06-06,0.74155917093826618,A
04015330,2007-06-07,0.67612747938488971,A
04015330,2007-06-08,0.86151727211945628,A
04015330,2007-06-09,0.73065388901270345,A
04015330,2007-06-10,0.57797994205482506,A
04015330,2007-06-11,0.4362112770225095,A
04015330,2007-06-12,0.33806373969244485,A
04015330,2007-06-13,0.27263204813906844,A
04015330,2007-06-14,0.23991620236238023,A
04015330,2007-06-15,0.207200356585692,A
04015330,2007-06-16,0.57797994205482506,A
04015330,2007-06-17,2.0174771562291065,A
04015330,2007-06-18,10.250965010028974,A
04015330,2007-06-19,11.668651660352129,A
04015330,2007-06-20,4.6456501002897266,A
04015330,2007-06-21,1.9629507466012928,A
04015330,2007-06-22,1.0687176287051483,A
04015330,2007-06-23,0.69793804323601516,A
04015330,2007-06-24,0.53435881435257415,A
04015330,2007-06-25,0.39259014932025854,A
04015330,2007-06-26,0.38168486739469581,A
04015330,2007-06-27,0.71974860708714072,A
04015330,2007-06-28,0.45802184087363501,A
04015330,2007-06-29,0.32715845776688207,A
04015330,2007-06-30,0.23991620236238023,A
04015330,2007-07-01,0.18538979273456654,A
04015330,2007-07-02,0.17448451080900379,A
04015330,2007-07-03,0.19629507466012927,A
04015330,2007-07-04,0.18538979273456654,A
04015330,2007-07-05,0.15267394695787834,A
04015330,2007-07-06,0.13086338310675286,A
04015330,2007-07-07,0.10905281925562738,A
04015330,2007-07-08,0.099238065522620905,A
04015330,2007-07-09,0.093785424559839528,A
04015330,2007-07-10,0.087242255404501895,A
04015330,2007-07-11,0.099238065522620905,A
04015330,2007-07-12,0.10578123467795854,A
04015330,2007-07-13,0.099238065522620905,A
04015330,2007-07-14,0.15267394695787834,A
04015330,2007-07-15,0.207200356585692,A
04015330,2007-07-16,0.16357922888344104,A
04015330,2007-07-17,0.10905281925562738,A
04015330,2007-07-18,0.091604368174727002,A
04015330,2007-07-19,0.085061199019389355,A
04015330,2007-07-20,0.075246445286382885,A
04015330,2007-07-21,0.067612747938488982,A
04015330,2007-07-22,0.062160106975707612,A
04015330,2007-07-23,0.065431691553376428,A
04015330,2007-07-24,0.067612747938488982,A
04015330,2007-07-25,0.062160106975707612,A
04015330,2007-07-26,0.058888522398038781,A
04015330,2007-07-27,0.10905281925562738,A
04015330,2007-07-28,0.13086338310675286,A
04015330,2007-07-29,0.086151727211945625,A
04015330,2007-07-30,0.068703276131045238,A
04015330,2007-07-31,0.057797994205482504,A
04015330,2007-08-01,0.051254825050144871,A
04015330,2007-08-02,0.047983240472476048,A
04015330,2007-08-03,0.053435881435257418,A
04015330,2007-08-04,0.047983240472476048,A
04015330,2007-08-05,0.042530599509694678,A
04015330,2007-08-06,0.043621127702250947,A
04015330,2007-08-07,0.044711655894807224,A
04015330,2007-08-08,0.042530599509694678,A
04015330,2007-08-09,0.041440071317138401,A
04015330,2007-08-10,0.053435881435257418,A
04015330,2007-08-11,0.061069578783151328,A
04015330,2007-08-12,0.047983240472476048,A
04015330,2007-08-13,0.041440071317138401,A
04015330,2007-08-14,0.039259014932025854,A
04015330,2007-08-15,0.035987430354357031,A
04015330,2007-08-16,0.033806373969244491,A
04015330,2007-08-17,0.030534789391575664,A
04015330,2007-08-18,0.028353733006463121,A
04015330,2007-08-19,0.028353733006463121,A
04015330,2007-08-20,0.029444261199019391,A
04015330,2007-08-21,0.039259014932025854,A
04015330,2007-08-22,0.047983240472476048,A
04015330,2007-08-23,0.050164296857588594,A
04015330,2007-08-24,0.042530599509694678,A
04015330,2007-08-25,0.039259014932025854,A
04015330,2007-08-26,0.035987430354357031,A
04015330,2007-08-27,0.037077958546913307,A
04015330,2007-08-28,0.066522219745932698,A
04015330,2007-08-29,0.14176866503231558,A
04015330,2007-08-30,0.086151727211945625,A
04015330,2007-08-31,0.062160106975707612,A
04015330,2007-09-01,0.052345353242701134,A
04015330,2007-09-02,0.047983240472476048,A
04015330,2007-09-03,0.042530599509694678,A
04015330,2007-09-04,0.037077958546913307,A
04015330,2007-09-05,0.039259014932025854,A
04015330,2007-09-06,0.045802184087363501,A
04015330,2007-09-07,0.078518029864051708,A
04015330,2007-09-08,0.13086338310675286,A
04015330,2007-09-09,0.089423311789614449,A
04015330,2007-09-10,0.070884332516157791,A
04015330,2007-09-11,0.059979050590595058,A
04015330,2007-09-12,0.053435881435257418,A
04015330,2007-09-13,0.052345353242701134,A
04015330,2007-09-14,0.049073768665032318,A
04015330,2007-09-15,0.046892712279919764,A
04015330,2007-09-16,0.044711655894807224,A
04015330,2007-09-17,0.045802184087363501,A
04015330,2007-09-18,0.086151727211945625,A
04015330,2007-09-19,1.1014334744818366,A
04015330,2007-09-20,0.67612747938488971,A
04015330,2007-09-21,1.9847613104524182,A
04015330,2007-09-22,1.9193296188990419,A
04015330,2007-09-23,0.93785424559839536,A
04015330,2007-09-24,0.62160106975707596,A
04015330,2007-09-25,0.88332783597058173,A
04015330,2007-09-26,0.81789614441720526,A
04015330,2007-09-27,0.77427501671495447,A
04015330,2007-09-28,0.70884332516157789,A
04015330,2007-09-29,0.57797994205482506,A
04015330,2007-09-30,0.68703276131045254,A
04015330,2007-10-01,0.92694896367283275,A
04015330,2007-10-02,0.82880142634276799,A
04015330,2007-10-03,3.6968905727657679,A
04015330,2007-10-04,1.9629507466012928,A
04015330,2007-10-05,1.3413496768442168,A
04015330,2007-10-06,2.2682986405170493,A
04015330,2007-10-07,2.1156246935591709,A
04015330,2007-10-08,16.030764430577225,A
04015330,2007-10-09,8.2989195453532432,A
04015330,2007-10-10,4.7656082014709158,A
04015330,2007-10-11,2.7699416090929354,A
04015330,2007-10-12,1.8975190550479164,A
04015330,2007-10-13,1.4394972141742814,A
04015330,2007-10-14,1.1450546021840875,A
04015330,2007-10-15,0.97057009137508354,A
04015330,2007-10-16,1.744845108090038,A
04015330,2007-10-17,4.2203441051927797,A
04015330,2007-10-18,13.849708045464677,A
04015330,2007-10-19,15.267394695787832,A
04015330,2007-10-20,7.3283494539781602,A
04015330,2007-10-21,4.02404903053265,A
04015330,2007-10-22,2.4100673055493651,A
04015330,2007-10-23,1.744845108090038,A
04015330,2007-10-24,1.3740655226209051,A
04015330,2007-10-25,1.1341493202585247,A
04015330,2007-10-26,0.98147537330064638,A
04015330,2007-10-27,0.86151727211945628,A
04015330,2007-10-28,0.7524644528638289,A
04015330,2007-10-29,0.68703276131045254,A
04015330,2007-10-30,0.65431691553376414,A
04015330,2007-10-31,0.61069578783151335,A
04015330,2007-11-01,0.56707466012926233,A
04015330,2007-11-02,0.53435881435257415,A
04015330,2007-11-03,0.5125482505014487,A
04015330,2007-11-04,0.47983240472476046,A
04015330,2007-11-05,0.46892712279919768,A
04015330,2007-11-06,0.45802184087363501,A
04015330,2007-11-07,0.41440071317138399,A
04015330,2007-11-08,0.39259014932025854,A
04015330,2007-11-09,0.39259014932025854,A
04015330,2007-11-10,0.41440071317138399,A
04015330,2007-11-11,0.44711655894807223,A
04015330,2007-11-12,0.52345353242701143,A
04015330,2007-11-13,0.54526409627813688,A
04015330,2007-11-14,0.57797994205482506,A
04015330,2007-11-15,0.5561693782036996,A
04015330,2007-11-16,0.49073768665032319,A
04015330,2007-11-17,0.44711655894807223,A
04015330,2007-11-18,0.41440071317138399,A
04015330,2007-11-19,0.40349543124582132,A
04015330,2007-11-20,0.39259014932025854,A:e
04015330,2007-11-21,0.38168486739469581,A:e
04015330,2007-11-22,0.37077958546913309,A:e
04015330,2007-11-23,0.35987430354357036,A:e
04015330,2007-11-24,0.34896902161800758,A:e
04015330,2007-11-25,0.34896902161800758,A:e
04015330,2007-11-26,0.33806373969244485,A:e
04015330,2007-11-27,0.32715845776688207,A:e
04015330,2007-11-28,0.3162531758413194,A:e
04015330,2007-11-29,0.30534789391575667,A:e
04015330,2007-11-30,0.29444261199019389,A:e
04015330,2007-12-01,0.29444261199019389,A:e
04015330,2007-12-02,0.28353733006463117,A:e
04015330,2007-12-03,0.27263204813906844,A:e
04015330,2007-12-04,0.26172676621350571,A:e
04015330,2007-12-05,0.26172676621350571,A:e
04015330,2007-12-06,0.25082148428794293,A:e
04015330,2007-12-07,0.23991620236238023,A:e
04015330,2007-12-08,0.22901092043681751,A:e
04015330,2007-12-09,0.22901092043681751,A:e
04015330,2007-12-10,0.21810563851125475,A:e
04015330,2007-12-11,0.207200356585692,A:e
04015330,2007-12-12,0.207200356585692,A:e
04015330,2007-12-13,0.19629507466012927,A:e
04015330,2007-12-14,0.19629507466012927,A:e
04015330,2007-12-15,0.19629507466012927,A:e
04015330,2007-12-16,0.19629507466012927,A:e
04015330,2007-12-17,0.19629507466012927,A:e
04015330,2007-12-18,0.18538979273456654,A:e
04015330,2007-12-19,0.18538979273456654,A:e
04015330,2007-12-20,0.18538979273456654,A:e
04015330,2007-12-21,0.17448451080900379,A:e
04015330,2007-12-22,0.17448451080900379,A:e
04015330,2007-12-23,0.16357922888344104,A:e
04015330,2007-12-24,0.15267394695787834,A:e
04015330,2007-12-25,0.14176866503231558,A:e
04015330,2007-12-26,0.13086338310675286,A:e
04015330,2007-12-27,0.13086338310675286,A:e
04015330,2007-12-28,0.11995810118119012,A:e
04015330,2007-12-29,0.10905281925562738,A:e
04015330,2007-12-30,0.10687176287051484,A:e
04015330,2007-12-31,0.10032859371517719,A:e
04015330,2008-01-01,0.093785424559839528,A:e
04015330,2008-01-02,0.088332783597058179,A:e
04015330,2008-01-03,0.083970670826833085,A:e
04015330,2008-01-04,0.079608558056607978,A:e
04015330,2008-01-05,0.075246445286382885,A:e
04015330,2008-01-06,0.071974860708714061,A:e
04015330,2008-01-07,0.067612747938488982,A:e
04015330,2008-01-08,0.062160106975707612,A:e
04015330,2008-01-09,0.056707466012926241,A:e
04015330,2008-01-10,0.052345353242701134,A:e
04015330,2008-01-11,0.046892712279919764,A:e
04015330,2008-01-12,0.041440071317138401,A:e
04015330,2008-01-13,0.035987430354357031,A:e
04015330,2008-01-14,0.030534789391575664,A:e
04015330,2008-01-15,0.025082148428794297,A:e
04015330,2008-01-16,0.0207200356585692,A:e
04015330,2008-01-17,0.01744845108090038,A:e
04015330,2008-01-18,0.015267394695787832,A:e
04015330,2008-01-19,0.013086338310675284,A:e
04015330,2008-01-20,0.010905281925562737,A:e
04015330,2008-01-21,0.010141912190773346,A:e
04015330,2008-01-22,0.0090513839982170712,A:e
04015330,2008-01-23,0.0079608558056607978,A:e
04015330,2008-01-24,0.0069793804323601523,A:e
04015330,2008-01-25,0.005997905059059506,A:e
04015330,2008-01-26,0.0052345353242701145,A:e
04015330,2008-01-27,0.0045802184087363491,A:e
04015330,2008-01-28,0.0040349543124582124,A:e
04015330,2008-01-29,0.0035987430354357036,A:e
04015330,2008-01-30,0.0033806373969244487,A:e
04015330,2008-01-31,0.0031625317584131935,A:e
04015330,2008-02-01,0.0029444261199019395,A:e
04015330,2008-02-02,0.0026172676621350572,A:e
04015330,2008-02-03,0.0025082148428794298,A:e
04015330,2008-02-04,0.0022901092043681745,A:e
04015330,2008-02-05,0.0020720035658569201,A:e
04015330,2008-02-06,0.0019629507466012927,A:e
04015330,2008-02-07,0.0019629507466012927,A:e
04015330,2008-02-08,0.0018538979273456657,A:e
04015330,2008-02-09,0.0017448451080900381,A:e
04015330,2008-02-10,0.0016357922888344104,A:e
04015330,2008-02-11,0.0015267394695787835,A:e
04015330,2008-02-12,0.0014176866503231558,A:e
04015330,2008-02-13,0.0014176866503231558,A:e
04015330,2008-02-14,0.0014176866503231558,A:e
04015330,2008-02-15,0.0013086338310675286,A:e
04015330,2008-02-16,0.0013086338310675286,A:e
04015330,2008-02-17,0.0013086338310675286,A:e
04015330,2008-02-18,0.0011995810118119012,A:e
04015330,2008-02-19,0.0011995810118119012,A:e
04015330,2008-02-20,0.0011995810118119012,A:e
04015330,2008-02-21,0.0011995810118119012,A:e
04015330,2008-02-22,0.0011995810118119012,A:e
04015330,2008-02-23,0.0011995810118119012,A:e
04015330,2008-02-24,0.0010905281925562738,A:e
04015330,2008-02-25,0.0010905281925562738,A:e
04015330,2008-02-26,0.0010905281925562738,A:e
04015330,2008-02-27,0.0010905281925562738,A:e
04015330,2008-02-28,0.0010905281925562738,A:e
04015330,2008-02-29,0.0010905281925562738,A:e
04015330,2008-03-01,0.0010905281925562738,A:e
04015330,2008-03-02,0.0010905281925562738,A:e
04015330,2008-03-03,0.0010905281925562738,A:e
04015330,2008-03-04,0.0010905281925562738,A:e
04015330,2008-03-05,0.0010905281925562738,A:e
04015330,2008-03-06,0.0010905281925562738,A:e
04015330,2008-03-07,0.0010905281925562738,A:e
04015330,2008-03-08,0.0010905281925562738,A:e
04015330,2008-03-09,0.0010905281925562738,A:e
04015330,2008-03-10,0.0010905281925562738,A:e
04015330,2008-03-11,0.0010905281925562738,A:e
04015330,2008-03-12,0.0010905281925562738,A:e
04015330,2008-03-13,0.0010905281925562738,A:e
04015330,2008-03-14,0.0010905281925562738,A:e
04015330,2008-03-15,0.0010905281925562738,A:e
04015330,2008-03-16,0.0010905281925562738,A:e
04015330,2008-03-17,0.0010905281925562738,A:e
04015330,2008-03-18,0.0010905281925562738,A:e
04015330,2008-03-19,0.0010905281925562738,A:e
04015330,2008-03-20,0.0011995810118119012,A:e
04015330,2008-03-21,0.0011995810118119012,A:e
04015330,2008-03-22,0.0013086338310675286,A:e
04015330,2008-03-23,0.0015267394695787835,A:e
04015330,2008-03-24,0.0017448451080900381,A:e
04015330,2008-03-25,0.0019629507466012927,A:e
04015330,2008-03-26,0.0025082148428794298,A:e
04015330,2008-03-27,0.0030534789391575669,A:e
04015330,2008-03-28,0.0063250635168263869,A:e
04015330,2008-03-29,0.037077958546913307,A:e
04015330,2008-03-30,0.21810563851125475,A:e
04015330,2008-03-31,0.78518029864051708,A:e
04015330,2008-04-01,1.2977285491419657,A:e
04015330,2008-04-02,1.8866137731223536,A:e
04015330,2008-04-03,2.5518359705816804,A:e
04015330,2008-04-04,3.653269445063517,A:e
04015330,2008-04-05,5.997905059059506,A:e
04015330,2008-04-06,10.905281925562736,A:e
04015330,2008-04-07,6.1832948517940727,A:e
04015330,2008-04-08,3.7187011366168936,A:e
04015330,2008-04-09,2.606362380209494,A:e
04015330,2008-04-10,2.1156246935591709,A:e
04015330,2008-04-11,1.8538979273456655,A:e
04015330,2008-04-12,1.8866137731223536,A:e
04015330,2008-04-13,2.1592458212614218,A
04015330,2008-04-14,2.780846891018498,A
04015330,2008-04-15,4.7765134833964797,A
04015330,2008-04-16,8.5388357477156234,A
04015330,2008-04-17,8.2662036995765558,A
04015330,2008-04-18,7.2411071985736575,A
04015330,2008-04-19,6.4232110541564529,A
04015330,2008-04-20,6.1287684421662583,A
04015330,2008-04-21,5.4744515266324951,A
04015330,2008-04-22,12.213915756630266,A
04015330,2008-04-23,6.8921381769556502,A
04015330,2008-04-24,4.8637557388009807,A
04015330,2008-04-25,7.2302019166480953,A
04015330,2008-04-26,12.432021395141522,A
04015330,2008-04-27,6.4777374637842664,A
04015330,2008-04-28,4.2094388232672166,A
04015330,2008-04-29,2.9880472476041904,A
04015330,2008-04-30,2.3010144862937376,A
04015330,2008-05-01,1.8648032092712281,A
04015330,2008-05-02,2.1047194116336083,A
04015330,2008-05-03,7.1211490973924683,A
04015330,2008-05-04,4.351207488299532,A
04015330,2008-05-05,2.8135627367951863,A
04015330,2008-05-06,2.0829088477824831,A
04015330,2008-05-07,2.0938141297080457,A
04015330,2008-05-08,1.821182081568977,A
04015330,2008-05-09,1.4394972141742814,A
04015330,2008-05-10,1.2104862937374639,A
04015330,2008-05-11,1.3413496768442168,A
04015330,2008-05-12,1.2759179852908402,A
04015330,2008-05-13,1.1341493202585247,A
04015330,2008-05-14,1.2432021395141519,A
04015330,2008-05-15,1.0796229106307109,A
04015330,2008-05-16,0.93785424559839536,A
04015330,2008-05-17,0.89423311789614446,A
04015330,2008-05-18,0.82880142634276799,A
04015330,2008-05-19,0.74155917093826618,A
04015330,2008-05-20,0.66522219745932698,A
04015330,2008-05-21,0.58888522398038778,A
04015330,2008-05-22,0.5125482505014487,A
04015330,2008-05-23,0.45802184087363501,A
04015330,2008-05-24,0.42530599509694678,A
04015330,2008-05-25,0.46892712279919768,A
04015330,2008-05-26,0.64341163360820153,A
04015330,2008-05-27,0.67612747938488971,A
04015330,2008-05-28,0.56707466012926233,A
04015330,2008-05-29,0.47983240472476046,A
04015330,2008-05-30,0.78518029864051708,A
04015330,2008-05-31,0.90513839982170718,A
04015330,2008-06-01,0.69793804323601516,A
04015330,2008-06-02,0.56707466012926233,A
04015330,2008-06-03,0.49073768665032319,A
04015330,2008-06-04,0.41440071317138399,A
04015330,2008-06-05,0.44711655894807223,A
04015330,2008-06-06,17.012239803877872,A
04015330,2008-06-07,6.7721800757744601,A
04015330,2008-06-08,3.5660271896590152,A
04015330,2008-06-09,4.253059950969468,A
04015330,2008-06-10,2.9771419656786278,A
04015330,2008-06-11,2.3882567416982399,A
04015330,2008-06-12,5.9760944952083808,A
04015330,2008-06-13,3.9149962112770229,A
04015330,2008-06-14,2.4864042790283039,A
04015330,2008-06-15,1.6139817249832853,A
04015330,2008-06-16,1.1341493202585247,A
04015330,2008-06-17,0.86151727211945628,A
04015330,2008-06-18,0.69793804323601516,A
04015330,2008-06-19,0.56707466012926233,A
04015330,2008-06-20,0.5125482505014487,A
04015330,2008-06-21,0.47983240472476046,A
04015330,2008-06-22,0.44711655894807223,A
04015330,2008-06-23,0.59979050590595062,A
04015330,2008-06-24,0.53435881435257415,A
04015330,2008-06-25,0.42530599509694678,A
04015330,2008-06-26,0.37077958546913309,A
04015330,2008-06-27,0.33806373969244485,A
04015330,2008-06-28,0.61069578783151335,A
04015330,2008-06-29,0.47983240472476046,A
04015330,2008-06-30,0.34896902161800758,A
04015330,2008-07-01,0.27263204813906844,A
04015330,2008-07-02,0.22901092043681751,A
04015330,2008-07-03,0.19629507466012927,A
04015330,2008-07-04,0.17448451080900379,A
04015330,2008-07-05,0.15267394695787834,A
04015330,2008-07-06,0.14176866503231558,A
04015330,2008-07-07,0.14176866503231558,A
04015330,2008-07-08,0.11995810118119012,A
04015330,2008-07-09,0.11995810118119012,A
04015330,2008-07-10,0.11995810118119012,A
04015330,2008-07-11,0.13086338310675286,A
04015330,2008-07-12,0.18538979273456654,A
04015330,2008-07-13,0.16357922888344104,A
04015330,2008-07-14,0.13086338310675286,A
04015330,2008-07-15,0.29444261199019389,A
04015330,2008-07-16,0.37077958546913309,A
04015330,2008-07-17,0.26172676621350571,A
04015330,2008-07-18,0.19629507466012927,A
04015330,2008-07-19,0.16357922888344104,A
04015330,2008-07-20,0.15267394695787834,A
04015330,2008-07-21,0.18538979273456654,A
04015330,2008-07-22,0.18538979273456654,A
04015330,2008-07-23,0.14176866503231558,A
04015330,2008-07-24,0.13086338310675286,A
04015330,2008-07-25,0.16357922888344104,A
04015330,2008-07-26,0.17448451080900379,A
04015330,2008-07-27,0.13086338310675286,A
04015330,2008-07-28,0.10905281925562738,A
04015330,2008-07-29,0.10250965010028974,A
04015330,2008-07-30,0.10032859371517719,A
04015330,2008-07-31,0.093785424559839528,A
04015330,2008-08-01,0.087242255404501895,A
04015330,2008-08-02,0.082880142634276802,A
04015330,2008-08-03,0.078518029864051708,A
04015330,2008-08-04,0.077427501671495438,A
04015330,2008-08-05,0.077427501671495438,A
04015330,2008-08-06,0.074155917093826615,A
04015330,2008-08-07,0.073065388901270345,A
04015330,2008-08-08,0.071974860708714061,A
04015330,2008-08-09,0.068703276131045238,A
04015330,2008-08-10,0.064341163360820158,A
04015330,2008-08-11,0.064341163360820158,A
04015330,2008-08-12,0.064341163360820158,A
04015330,2008-08-13,0.070884332516157791,A
04015330,2008-08-14,0.085061199019389355,A
04015330,2008-08-15,0.083970670826833085,A
04015330,2008-08-16,0.073065388901270345,A
04015330,2008-08-17,0.065431691553376428,A
04015330,2008-08-18,0.062160106975707612,A
04015330,2008-08-19,0.057797994205482504,A
04015330,2008-08-20,0.058888522398038781,A
04015330,2008-08-21,0.059979050590595058,A
04015330,2008-08-22,0.059979050590595058,A
04015330,2008-08-23,0.058888522398038781,A
04015330,2008-08-24,0.063250635168263875,A
04015330,2008-08-25,0.061069578783151328,A
04015330,2008-08-26,0.054526409627813688,A
04015330,2008-08-27,0.055616937820369958,A
04015330,2008-08-28,0.50164296857588586,A
04015330,2008-08-29,0.40349543124582132,A
04015330,2008-08-30,0.19629507466012927,A
04015330,2008-08-31,0.11995810118119012,A
04015330,2008-09-01,0.090513839982170732,A
04015330,2008-09-02,0.090513839982170732,A
04015330,2008-09-03,0.16357922888344104,A
04015330,2008-09-04,0.13086338310675286,A
04015330,2008-09-05,0.087242255404501895,A
04015330,2008-09-06,0.075246445286382885,A
04015330,2008-09-07,0.076336973478939169,A
04015330,2008-09-08,0.074155917093826615,A
04015330,2008-09-09,0.070884332516157791,A
04015330,2008-09-10,0.059979050590595058,A
04015330,2008-09-11,0.080699086249164262,A
04015330,2008-09-12,0.25082148428794293,A
04015330,2008-09-13,0.17448451080900379,A
04015330,2008-09-14,0.19629507466012927,A
04015330,2008-09-15,0.21810563851125475,A
04015330,2008-09-16,0.15267394695787834,A
04015330,2008-09-17,0.10905281925562738,A
04015330,2008-09-18,0.081789614441720518,A
04015330,2008-09-19,0.070884332516157791,A
04015330,2008-09-20,0.063250635168263875,A
04015330,2008-09-21,0.057797994205482504,A
04015330,2008-09-22,0.054526409627813688,A
04015330,2008-09-23,0.079608558056607978,A
04015330,2008-09-24,1.0250965010028974,A
04015330,2008-09-25,0.65431691553376414,A
04015330,2008-09-26,0.44711655894807223,A
04015330,2008-09-27,2.8571838644974377,A
04015330,2008-09-28,1.6248870069088479,A
04015330,2008-09-29,1.1777704479607756,A
04015330,2008-09-30,0.85061199019389355,A
12143600,2006-10-01,0.9192727713471911,A
12143600,2006-10-02,0.8896188109811527,A
12143600,2006-10-03,0.8747918307981335,A
12143600,2006-10-04,0.85996485061511441,A
12143600,2006-10-05,0.8451378704320951,A
12143600,2006-10-06,0.83031089024907589,A
12143600,2006-10-07,0.83031089024907589,A
12143600,2006-10-08,0.81548391006605669,A
12143600,2006-10-09,0.81548391006605669,A
12143600,2006-10-10,0.81548391006605669,A
12143600,2006-10-11,0.80065692988303738,A
12143600,2006-10-12,0.80065692988303738,A
12143600,2006-10-13,0.78582994970001829,A
12143600,2006-10-14,0.77100296951699909,A
12143600,2006-10-15,0.90444579116417201,A
12143600,2006-10-16,1.6606217804981518,A
12143600,2006-10-17,1.4233900975698444,A
12143600,2006-10-18,1.1565044542754985,A
12143600,2006-10-19,2.7429913338585545,A
12143600,2006-10-20,3.9439767286831104,A
12143600,2006-10-21,2.2685279680019397,A
12143600,2006-10-22,1.6457948003151326,A
12143600,2006-10-23,1.4233900975698444,A
12143600,2006-10-24,1.7051027210472096,A
12143600,2006-10-25,3.0395309375189385,A
12143600,2006-10-26,2.1054311859887282,A
12143600,2006-10-27,2.5947215320283621,A
12143600,2006-10-28,2.6243754923944005,A
12143600,2006-10-29,3.2471086600812078,A
12143600,2006-10-30,3.0098769771529001,A
12143600,2006-10-31,2.3130089085509971,A
12143600,2006-11-01,1.942334403975517,A
12143600,2006-11-02,1.942334403975517,A
12143600,2006-11-03,9.2372086540209697,A
12143600,2006-11-04,35.733022241076306,A
12143600,2006-11-05,30.395309375189388,A
12143600,2006-11-06,152.71789588509787,A
12143600,2006-11-07,107.6438761287195,A
12143600,2006-11-08,32.915896006302653,A
12143600,2006-11-09,17.347566814132477,A
12143600,2006-11-10,15.568329192170173,A
12143600,2006-11-11,14.367343797345617,A
12143600,2006-11-12,15.568329192170173,A
12143600,2006-11-13,20.757772256226897,A
12143600,2006-11-14,13.640821768377677,A
12143600,2006-11-15,13.107050481788985,A
12143600,2006-11-16,22.240470274528818,A
12143600,2006-11-17,12.543625234834254,A
12143600,2006-11-18,10.215789346100237,A
12143600,2006-11-19,10.230616326283256,A
12143600,2006-11-20,11.401947760741773,A
12143600,2006-11-21,10.675425731773833,A
12143600,2006-11-22,9.6671910793285267,A
12143600,2006-11-23,9.2520356342039882,A
12143600,2006-11-24,8.3772438034058538,A
12143600,2006-11-25,7.265220289679414,A
12143600,2006-11-26,6.2125046966850501,A
12143600,2006-11-27,5.6194254893642821,A
12143600,2006-11-28,4.8632495000303022,A
12143600,2006-11-29,4.3146512332585907,A
12143600,2006-11-30,4.3443051936246286,A
12143600,2006-12-01,4.1367274710623603,A
12143600,2006-12-02,3.6770910853887644,A
12143600,2006-12-03,3.4102054420944192,A
12143600,2006-12-04,3.4695133628264956,A
12143600,2006-12-05,4.5074019756378405,A
12143600,2006-12-06,4.1812084116114177,A
12143600,2006-12-07,3.9439767286831104,A
12143600,2006-12-08,3.7363990061208416,A
12143600,2006-12-09,3.76605296648688,A
12143600,2006-12-10,4.0922465305133029,A
12143600,2006-12-11,8.8961881098115274,A
12143600,2006-12-12,12.336047512271985,A
12143600,2006-12-13,15.716598994000366,A
12143600,2006-12-14,18.978534634264591,A
12143600,2006-12-15,18.08891582328344,A
12143600,2006-12-16,10.616117811041757,A
12143600,2006-12-17,7.7396836555360284,A
12143600,2006-12-18,6.242158657051089,A
12143600,2006-12-19,5.4266747469850314,A
12143600,2006-12-20,4.8335955396642634,A
12143600,2006-12-21,4.7149796982001098,A
12143600,2006-12-22,4.3146512332585907,A
12143600,2006-12-23,4.2405163323434945,A
12143600,2006-12-24,4.3146512332585907,A
12143600,2006-12-25,5.115308163141628,A
12143600,2006-12-26,4.5074019756378405,A
12143600,2006-12-27,4.4036131143567063,A
12143600,2006-12-28,3.7957069268529184,A
12143600,2006-12-29,3.5139943033755534,A
12143600,2006-12-30,3.2915896006302652,A
12143600,2006-12-31,3.1136658384340348,A
12143600,2007-01-01,3.1878007393491306,A
12143600,2007-01-02,21.647391067208048,A
12143600,2007-01-03,32.767626204472457,A
12143600,2007-01-04,17.940646021453247,A
12143600,2007-01-05,12.736375977213504,A
12143600,2007-01-06,14.041150233319195,A
12143600,2007-01-07,19.571613841585361,A
12143600,2007-01-08,19.868153445245742,A
12143600,2007-01-09,16.309678201321134,A
12143600,2007-01-10,14.426651718077693,A
12143600,2007-01-11,11.060927216532333,A
12143600,2007-01-12,9.0592848918247402,A
12143600,2007-01-13,7.9769153384643356,A
12143600,2007-01-14,7.0279886067511068,A
12143600,2007-01-15,6.1976777165020307,A
12143600,2007-01-16,5.7973492515605125,A
12143600,2007-01-17,5.5304636082661665,A
12143600,2007-01-18,5.1301351433246474,A
12143600,2007-01-19,5.115308163141628,A
12143600,2007-01-20,5.2784049451548389,A
12143600,2007-01-21,4.5963638567359562,A
12143600,2007-01-22,4.6853257378340718,A
12143600,2007-01-23,5.2042700442397436,A
12143600,2007-01-24,5.4563287073510702,A
12143600,2007-01-25,5.248750984788801,A
12143600,2007-01-26,4.8780764802133207,A
12143600,2007-01-27,4.4777480152718017,A
12143600,2007-01-28,4.1812084116114177,A
12143600,2007-01-29,3.914322768317072,A
12143600,2007-01-30,3.7363990061208416,A
12143600,2007-01-31,3.484340343009515,A
12143600,2007-02-01,3.2915896006302652,A
12143600,2007-02-02,3.0988388582510153,A
12143600,2007-02-03,2.9653960366038428,A
12143600,2007-02-04,2.8764341555057271,A
12143600,2007-02-05,3.217454699715169,A
12143600,2007-02-06,4.2998242530755713,A
12143600,2007-02-07,5.4415017271680508,A
12143600,2007-02-08,5.7232143506454163,A
12143600,2007-02-09,5.352539846069936,A
12143600,2007-02-10,4.9077304405793596,A
12143600,2007-02-11,5.545290588449185,A
12143600,2007-02-12,5.515636628083147,A
12143600,2007-02-13,4.9818653414944558,A
12143600,2007-02-14,4.8484225198472828,A
12143600,2007-02-15,16.013138597660749,A
12143600,2007-02-16,22.833549481849587,A
12143600,2007-02-17,14.041150233319195,A
12143600,2007-02-18,12.380528452821043,A
12143600,2007-02-19,11.846757166232351,A
12143600,2007-02-20,16.754487606811708,A
12143600,2007-02-21,10.289924247015334,A
12143600,2007-02-22,7.8582994970001829,A
12143600,2007-02-23,6.4793903399793953,A
12143600,2007-02-24,5.6639064299133395,A
12143600,2007-02-25,5.0708272225925706,A
12143600,2007-02-26,4.5963638567359562,A
12143600,2007-02-27,3.9439767286831104,A
12143600,2007-02-28,3.8698418277680142,A
12143600,2007-03-01,3.6029561844736686,A
12143600,2007-03-02,3.2471086600812078,A
12143600,2007-03-03,3.3360705411793226,A
12143600,2007-03-04,3.76605296648688,A
12143600,2007-03-05,4.0922465305133029,A
12143600,2007-03-06,4.7742876189321866,A
12143600,2007-03-07,6.0494079146718382,A
12143600,2007-03-08,7.4727980122416833,A
12143600,2007-03-09,6.7462759832737413,A
12143600,2007-03-10,6.6573141021756266,A
12143600,2007-03-11,24.909326707472278,A
12143600,2007-03-12,51.597891036906852,A
12143600,2007-03-13,22.833549481849587,A
12143600,2007-03-14,13.729783649475792,A
12143600,2007-03-15,9.934076722622871,A
12143600,2007-03-16,8.7182643476152979,A
12143600,2007-03-17,9.9785576631719302,A
12143600,2007-03-18,18.830264832434402,A
12143600,2007-03-19,16.606217804981519,A
12143600,2007-03-20,15.568329192170173,A
12143600,2007-03-21,11.29815889946064,A
12143600,2007-03-22,9.3409975153021048,A
12143600,2007-03-23,9.8006339009756989,A
12143600,2007-03-24,48.632495000303017,A
12143600,2007-03-25,47.594606387491673,A
12143600,2007-03-26,21.202581661717474,A
12143600,2007-03-27,14.975249984849405,A
12143600,2007-03-28,11.47608266165687,A
12143600,2007-03-29,9.4744403369492769,A
12143600,2007-03-30,8.4662056845039704,A
12143600,2007-03-31,8.6293024665171814,A
12143600,2007-04-01,8.4513787043209518,A
12143600,2007-04-02,7.3393551905945102,A
12143600,2007-04-03,6.538698260711473,A
12143600,2007-04-04,5.7825222713774931,A
12143600,2007-04-05,5.4859826677171091,A
12143600,2007-04-06,6.1235428155869354,A
12143600,2007-04-07,9.177900733288892,A
12143600,2007-04-08,11.357466820192716,A
12143600,2007-04-09,13.566686867462579,A
12143600,2007-04-10,10.467848009211563,A
12143600,2007-04-11,8.0658772195624522,A
12143600,2007-04-12,6.805583904005819,A
12143600,2007-04-13,6.242158657051089,A
12143600,2007-04-14,6.538698260711473,A
12143600,2007-04-15,6.538698260711473,A
12143600,2007-04-16,6.0345809344888197,A
12143600,2007-04-17,6.6276601418095877,A
12143600,2007-04-18,6.1531967759529733,A
12143600,2007-04-19,5.6342524695473006,A
12143600,2007-04-20,5.248750984788801,A
12143600,2007-04-21,4.952211381128417,A
12143600,2007-04-22,5.0115193018604938,A
12143600,2007-04-23,5.3228858857038972,A
12143600,2007-04-24,6.1087158354039159,A
12143600,2007-04-25,6.96868068601903,A
12143600,2007-04-26,7.4431440518756453,A
12143600,2007-04-27,7.3986631113265862,A
12143600,2007-04-28,10.200962365917217,A
12143600,2007-04-29,10.126827465002123,A
12143600,2007-04-30,7.9917423186473551,A
12143600,2007-05-01,7.7545106357190488,A
12143600,2007-05-02,8.8072262287134127,A
12143600,2007-05-03,8.7034373674322776,A
12143600,2007-05-04,7.6358947942548943,A
12143600,2007-05-05,6.6573141021756266,A
12143600,2007-05-06,6.1235428155869354,A
12143600,2007-05-07,7.428317071692625,A
12143600,2007-05-08,12.098815829343676,A
12143600,2007-05-09,13.1960123628871,A
12143600,2007-05-10,10.497501969577602,A
12143600,2007-05-11,9.7116720198775841,A
12143600,2007-05-12,9.8006339009756989,A
12143600,2007-05-13,9.9933846433549505,A
12143600,2007-05-14,7.9769153384643356,A
12143600,2007-05-15,9.5189212774983343,A
12143600,2007-05-16,12.4250093933701,A
12143600,2007-05-17,11.120235137264409,A
12143600,2007-05-18,9.8599418217077766,A
12143600,2007-05-19,9.8747688018907951,A
12143600,2007-05-20,9.415132416217201,A
12143600,2007-05-21,9.8895957820738136,A
12143600,2007-05-22,8.7034373674322776,A
12143600,2007-05-23,8.1103581601115096,A
12143600,2007-05-24,8.2734549421247205,A
12143600,2007-05-25,9.0592848918247402,A
12143600,2007-05-26,9.4299593964002195,A
12143600,2007-05-27,9.7858069207926803,A
12143600,2007-05-28,8.0065692988303745,A
12143600,2007-05-29,7.3690091509605482,A
12143600,2007-05-30,9.2816895945700271,A
12143600,2007-05-31,10.690252711956852,A
12143600,2007-06-01,10.705079692139872,A
12143600,2007-06-02,10.957138355251198,A
12143600,2007-06-03,11.935719047330466,A
12143600,2007-06-04,12.736375977213504,A
12143600,2007-06-05,10.008211623537969,A
12143600,2007-06-06,9.2223816738379494,A
12143600,2007-06-07,7.5024519726077221,A
12143600,2007-06-08,6.6721410823586451,A
12143600,2007-06-09,6.2718126174171269,A
12143600,2007-06-10,9.0592848918247402,A
12143600,2007-06-11,9.2965165747530456,A
12143600,2007-06-12,7.0279886067511068,A
12143600,2007-06-13,6.4793903399793953,A
12143600,2007-06-14,5.6490794497303201,A
12143600,2007-06-15,5.678733410096358,A
12143600,2007-06-16,5.5008096479001276,A
12143600,2007-06-17,7.2503933094963946,A
12143600,2007-06-18,6.7166220229077025,A
12143600,2007-06-19,5.7528683110114542,A
12143600,2007-06-20,5.6490794497303201,A
12143600,2007-06-21,5.6342524695473006,A
12143600,2007-06-22,5.0115193018604938,A
12143600,2007-06-23,4.3739591539906675,A
12143600,2007-06-24,4.2701702927095333,A
12143600,2007-06-25,5.1449621235076668,A
12143600,2007-06-26,4.1812084116114177,A
12143600,2007-06-27,4.0774195503302835,A
12143600,2007-06-28,4.0032846494151872,A
12143600,2007-06-29,4.062592570147264,A
12143600,2007-06-30,3.9291497485000915,A
12143600,2007-07-01,3.617783164656688,A
12143600,2007-07-02,3.4398594024604576,A
12143600,2007-07-03,3.2767626204472462,A
12143600,2007-07-04,3.2471086600812078,A
12143600,2007-07-05,3.3064165808132846,A
12143600,2007-07-06,3.1284928186170542,A
12143600,2007-07-07,2.7874722744076119,A
12143600,2007-07-08,2.5205866311132663,A
12143600,2007-07-09,2.3723168292830739,A
12143600,2007-07-10,2.3871438094660933,A
12143600,2007-07-11,2.2240470274528819,A
12143600,2007-07-12,2.1202581661717472,A
12143600,2007-07-13,2.0906042058057088,A
12143600,2007-07-14,2.0016423247075936,A
12143600,2007-07-15,1.8533725228774014,A
12143600,2007-07-16,1.7792376219623054,A
12143600,2007-07-17,1.7792376219623054,A
12143600,2007-07-18,1.749583661596267,A
12143600,2007-07-19,1.7792376219623054,A
12143600,2007-07-20,1.7199297012302288,A
12143600,2007-07-21,1.6902757408641902,A
12143600,2007-07-22,1.6457948003151326,A
12143600,2007-07-23,1.6013138597660748,A
12143600,2007-07-24,1.5568329192170174,A
12143600,2007-07-25,1.4530440579358828,A
12143600,2007-07-26,1.393736137203806,A
12143600,2007-07-27,1.3640821768377676,A
12143600,2007-07-28,1.3047742561056908,A
12143600,2007-07-29,1.2899472759226716,A
12143600,2007-07-30,1.2602933155566332,A
12143600,2007-07-31,1.245466335373614,A
12143600,2007-08-01,1.2158123750075756,A
12143600,2007-08-02,1.171331434458518,A
12143600,2007-08-03,1.1268504939094601,A
12143600,2007-08-04,1.1120235137264409,A
12143600,2007-08-05,1.0971965335434217,A
12143600,2007-08-06,1.0675425731773833,A
12143600,2007-08-07,1.0675425731773833,A
12143600,2007-08-08,1.171331434458518,A
12143600,2007-08-09,1.1268504939094601,A
12143600,2007-08-10,1.0675425731773833,A
12143600,2007-08-11,1.0230616326283257,A
12143600,2007-08-12,1.0082346524453065,A
12143600,2007-08-13,0.99340767226228721,A
12143600,2007-08-14,0.97858069207926801,A
12143600,2007-08-15,0.94892673171322961,A
12143600,2007-08-16,0.93409975153021041,A
12143600,2007-08-17,0.90444579116417201,A
12143600,2007-08-18,0.90444579116417201,A
12143600,2007-08-19,0.93409975153021041,A
12143600,2007-08-20,1.1268504939094601,A
12143600,2007-08-21,1.393736137203806,A
12143600,2007-08-22,1.2306393551905945,A
12143600,2007-08-23,1.0378886128113449,A
12143600,2007-08-24,0.94892673171322961,A
12143600,2007-08-25,0.90444579116417201,A
12143600,2007-08-26,0.93409975153021041,A
12143600,2007-08-27,0.93409975153021041,A
12143600,2007-08-28,0.8896188109811527,A
12143600,2007-08-29,0.85996485061511441,A
12143600,2007-08-30,0.83031089024907589,A
12143600,2007-08-31,0.78582994970001829,A
12143600,2007-09-01,0.78582994970001829,A
12143600,2007-09-02,0.77100296951699909,A
12143600,2007-09-03,0.75617598933397978,A
12143600,2007-09-04,0.81548391006605669,A
12143600,2007-09-05,0.81548391006605669,A
12143600,2007-09-06,0.75617598933397978,A
12143600,2007-09-07,0.72652202896794138,A
12143600,2007-09-08,0.71169504878492218,A
12143600,2007-09-09,0.69686806860190298,A
12143600,2007-09-10,0.68204108841888378,A
12143600,2007-09-11,0.65238712805284538,A
12143600,2007-09-12,0.63756014786982607,A
12143600,2007-09-13,0.63756014786982607,A
12143600,2007-09-14,0.63756014786982607,A
12143600,2007-09-15,0.63756014786982607,A
12143600,2007-09-16,0.65238712805284538,A
12143600,2007-09-17,0.8451378704320951,A
12143600,2007-09-18,0.99340767226228721,A
12143600,2007-09-19,0.83031089024907589,A
12143600,2007-09-20,0.74134900915096069,A
12143600,2007-09-21,0.72652202896794138,A
12143600,2007-09-22,0.71169504878492218,A
12143600,2007-09-23,0.69686806860190298,A
12143600,2007-09-24,0.66721410823586458,A
12143600,2007-09-25,0.65238712805284538,A
12143600,2007-09-26,0.65238712805284538,A
12143600,2007-09-27,0.63756014786982607,A
12143600,2007-09-28,0.8747918307981335,A
12143600,2007-09-29,0.9192727713471911,A
12143600,2007-09-30,1.0675425731773833,A
12143600,2007-10-01,2.9357420762378039,A
12143600,2007-10-02,8.1400121204775484,A
12143600,2007-10-03,14.782499242470156,A
12143600,2007-10-04,6.6424871219926072,A
12143600,2007-10-05,3.9884576692321678,A
12143600,2007-10-06,2.9802230167868617,A
12143600,2007-10-07,6.4052554390642991,A
12143600,2007-10-08,8.3327628628567965,A
12143600,2007-10-09,4.9966923216774752,A
12143600,2007-10-10,3.7957069268529184,A
12143600,2007-10-11,3.4695133628264956,A
12143600,2007-10-12,2.9653960366038428,A
12143600,2007-10-13,2.6095485122113815,A
12143600,2007-10-14,2.3426628689170359,A
12143600,2007-10-15,2.1202581661717472,A
12143600,2007-10-16,2.1647391067208051,A
12143600,2007-10-17,2.1350851463547666,A
12143600,2007-10-18,2.3130089085509971,A
12143600,2007-10-19,5.1746160838737056,A
12143600,2007-10-20,7.6655487546209322,A
12143600,2007-10-21,9.9192497424398525,A
12143600,2007-10-22,12.558452215017272,A
12143600,2007-10-23,10.794041573237987,A
12143600,2007-10-24,8.6441294467001999,A
12143600,2007-10-25,7.7693376159020682,A
12143600,2007-10-26,5.6639064299133395,A
12143600,2007-10-27,4.5815368765529367,A
12143600,2007-10-28,3.8994957881340531,A
12143600,2007-10-29,3.4546863826434766,A
12143600,2007-10-30,3.1136658384340348,A
12143600,2007-10-31,2.8319532149566697,A
12143600,2007-11-01,2.6243754923944005,A
12143600,2007-11-02,2.4612787103811891,A
12143600,2007-11-03,2.3574898491000549,A
12143600,2007-11-04,2.3723168292830739,A
12143600,2007-11-05,2.3723168292830739,A
12143600,2007-11-06,2.1647391067208051,A
12143600,2007-11-07,2.016469304890613,A
12143600,2007-11-08,1.9868153445245744,A
12143600,2007-11-09,1.957161384158536,A
12143600,2007-11-10,3.8994957881340531,A
12143600,2007-11-11,3.2619356402642268,A
12143600,2007-11-12,4.8187685594812439,A
12143600,2007-11-13,6.1087158354039159,A
12143600,2007-11-14,4.3591321738076489,A
12143600,2007-11-15,4.2998242530755713,A
12143600,2007-11-16,14.159766074783349,A
12143600,2007-11-17,12.276739591539908,A
12143600,2007-11-18,12.098815829343676,A
12143600,2007-11-19,7.9917423186473551,A
12143600,2007-11-20,6.2273316768680695,A
12143600,2007-11-21,5.1894430640567242,A
12143600,2007-11-22,4.4629210350887831,A
12143600,2007-11-23,3.9736306890491488,A
12143600,2007-11-24,3.6622641052057454,A
12143600,2007-11-25,3.4102054420944192,A
12143600,2007-11-26,3.1878007393491306,A
12143600,2007-11-27,3.1581467789830922,A
12143600,2007-11-28,2.9950499969698812,A
12143600,2007-11-29,2.8171262347736503,A
12143600,2007-11-30,2.6243754923944005,A
12143600,2007-12-01,2.5650675716623237,A
12143600,2007-12-02,2.6540294527604393,A
12143600,2007-12-03,26.243754923944003,A
12143600,2007-12-04,45.222289558208594,A
12143600,2007-12-05,21.943930670868436,A
12143600,2007-12-06,11.935719047330466,A
12143600,2007-12-07,8.4662056845039704,A
12143600,2007-12-08,6.6128331616265692,A
12143600,2007-12-09,5.5304636082661665,A
12143600,2007-12-10,4.8484225198472828,A
12143600,2007-12-11,4.2701702927095333,A
12143600,2007-12-12,3.914322768317072,A
12143600,2007-12-13,3.6919180655717838,A
12143600,2007-12-14,3.5881292042906496,A
12143600,2007-12-15,3.5584752439246108,A
12143600,2007-12-16,3.4398594024604576,A
12143600,2007-12-17,3.2471086600812078,A
12143600,2007-12-18,3.4102054420944192,A
12143600,2007-12-19,4.6408447972850135,A
12143600,2007-12-20,5.1746160838737056,A
12143600,2007-12-21,3.9884576692321678,A
12143600,2007-12-22,3.6029561844736686,A
12143600,2007-12-23,4.7446336585661477,A
12143600,2007-12-24,6.8500648445548764,A
12143600,2007-12-25,4.8187685594812439,A
12143600,2007-12-26,4.1070735106963214,A
12143600,2007-12-27,3.617783164656688,A
12143600,2007-12-28,3.4102054420944192,A
12143600,2007-12-29,3.2026277195321495,A
12143600,2007-12-30,2.9950499969698812,A
12143600,2007-12-31,2.7726452942245925,A
12143600,2008-01-01,2.5947215320283621,A
12143600,2008-01-02,2.5205866311132663,A
12143600,2008-01-03,2.4909326707472279,A
12143600,2008-01-04,2.5947215320283621,A
12143600,2008-01-05,2.5947215320283621,A
12143600,2008-01-06,2.4019707896491123,A
12143600,2008-01-07,2.2833549481849587,A
12143600,2008-01-08,2.2240470274528819,A
12143600,2008-01-09,2.1943930670868435,A
12143600,2008-01-10,2.7578183140415735,A
12143600,2008-01-11,5.7973492515605125,A
12143600,2008-01-12,5.6639064299133395,A
12143600,2008-01-13,5.7232143506454163,A
12143600,2008-01-14,5.1894430640567242,A
12143600,2008-01-15,5.0560002424095511,A
12143600,2008-01-16,4.0922465305133029,A
12143600,2008-01-17,3.5881292042906496,A
12143600,2008-01-18,3.2322816798981879,A
12143600,2008-01-19,3.1284928186170542,A
12143600,2008-01-20,2.9802230167868617,A
12143600,2008-01-21,2.5205866311132663,A
12143600,2008-01-22,2.4464517301981701,A
12143600,2008-01-23,2.2833549481849587,A
12143600,2008-01-24,2.2685279680019397,A
12143600,2008-01-25,2.2092200472698629,A
12143600,2008-01-26,2.1202581661717472,A
12143600,2008-01-27,2.1202581661717472,A
12143600,2008-01-28,2.031296285073632,A
12143600,2008-01-29,2.0609502454396704,A
12143600,2008-01-30,2.016469304890613,A
12143600,2008-01-31,2.1054311859887282,A
12143600,2008-02-01,2.0757772256226898,A
12143600,2008-02-02,1.942334403975517,A
12143600,2008-02-03,1.8681995030604208,A
12143600,2008-02-04,1.7792376219623054,A
12143600,2008-02-05,1.9868153445245744,A
12143600,2008-02-06,1.957161384158536,A
12143600,2008-02-07,2.3426628689170359,A
12143600,2008-02-08,3.0691848978849769,A
12143600,2008-02-09,5.6045985091812618,A
12143600,2008-02-10,7.3690091509605482,A
12143600,2008-02-11,7.9769153384643356,A
12143600,2008-02-12,6.4645633597963759,A
12143600,2008-02-13,6.2125046966850501,A
12143600,2008-02-14,5.1004811829586085,A
12143600,2008-02-15,4.4332670747227443,A
12143600,2008-02-16,4.6556717774680321,A
12143600,2008-02-17,4.3739591539906675,A
12143600,2008-02-18,4.062592570147264,A
12143600,2008-02-19,3.9736306890491488,A
12143600,2008-02-20,3.8105339070359374,A
12143600,2008-02-21,3.7512259863038611,A
12143600,2008-02-22,3.780879946669899,A
12143600,2008-02-23,3.780879946669899,A
12143600,2008-02-24,3.8253608872189568,A
12143600,2008-02-25,3.9736306890491488,A
12143600,2008-02-26,4.062592570147264,A
12143600,2008-02-27,4.1960353917944371,A
12143600,2008-02-28,4.6260178171019941,A
12143600,2008-02-29,5.9011381128416467,A
12143600,2008-03-01,8.7923992485303941,A
12143600,2008-03-02,7.1614314283982798,A
12143600,2008-03-03,6.1087158354039159,A
12143600,2008-03-04,6.0642348948548577,A
12143600,2008-03-05,5.2042700442397436,A
12143600,2008-03-06,4.5667098963699173,A
12143600,2008-03-07,4.2256893521604759,A
12143600,2008-03-08,4.4036131143567063,A
12143600,2008-03-09,4.6111908369189747,A
12143600,2008-03-10,4.8039415792982245,A
12143600,2008-03-11,7.2059123689473372,A
12143600,2008-03-12,6.805583904005819,A
12143600,2008-03-13,5.8863111326586273,A
12143600,2008-03-14,5.7973492515605125,A
12143600,2008-03-15,5.5601175686322044,A
12143600,2008-03-16,4.9373844009453975,A
12143600,2008-03-17,4.7149796982001098,A
12143600,2008-03-18,4.8335955396642634,A
12143600,2008-03-19,4.5370559360038794,A
12143600,2008-03-20,4.3591321738076489,A
12143600,2008-03-21,4.0329386097812261,A
12143600,2008-03-22,3.6622641052057454,A
12143600,2008-03-23,3.8994957881340531,A
12143600,2008-03-24,4.2405163323434945,A
12143600,2008-03-25,3.7512259863038611,A
12143600,2008-03-26,3.6474371250227264,A
12143600,2008-03-27,3.4695133628264956,A
12143600,2008-03-28,3.2471086600812078,A
12143600,2008-03-29,3.2026277195321495,A
12143600,2008-03-30,3.0247039573359191,A
12143600,2008-03-31,2.8467801951396887,A
12143600,2008-04-01,2.7726452942245925,A
12143600,2008-04-02,2.6688564329434583,A
12143600,2008-04-03,2.6095485122113815,A
12143600,2008-04-04,2.7133373734925157,A
12143600,2008-04-05,2.8022992545906309,A
12143600,2008-04-06,2.9505690564208233,A
12143600,2008-04-07,3.7215720259378227,A
12143600,2008-04-08,3.9736306890491488,A
12143600,2008-04-09,3.4398594024604576,A
12143600,2008-04-10,3.365724501545361,A
12143600,2008-04-11,3.5139943033755534,A
12143600,2008-04-12,4.2998242530755713,A
12143600,2008-04-13,7.3838361311435676,A
12143600,2008-04-14,8.6441294467001999,A
12143600,2008-04-15,7.3838361311435676,A
12143600,2008-04-16,6.3014665777831658,A
12143600,2008-04-17,5.5749445488152238,A
12143600,2008-04-18,5.6639064299133395,A
12143600,2008-04-19,5.1746160838737056,A
12143600,2008-04-20,4.5518829161868988,A
12143600,2008-04-21,4.1070735106963214,A
12143600,2008-04-22,3.7215720259378227,A
12143600,2008-04-23,3.6622641052057454,A
12143600,2008-04-24,3.6770910853887644,A
12143600,2008-04-25,3.5881292042906496,A
12143600,2008-04-26,3.484340343009515,A
12143600,2008-04-27,4.062592570147264,A
12143600,2008-04-28,6.5831792012605304,A
12143600,2008-04-29,10.541982910126659,A
12143600,2008-04-30,8.6441294467001999,A
12143600,2008-05-01,7.1317774680322419,A
12143600,2008-05-02,6.3014665777831658,A
12143600,2008-05-03,6.0494079146718382,A
12143600,2008-05-04,6.4052554390642991,A
12143600,2008-05-05,9.5485752378643731,A
12143600,2008-05-06,12.261912611356889,A
12143600,2008-05-07,12.128469789709715,A
12143600,2008-05-08,10.660598751590815,A
12143600,2008-05-09,8.8072262287134127,A
12143600,2008-05-10,8.6144754863341628,A
12143600,2008-05-11,10.91265741470214,A
12143600,2008-05-12,9.741325980243623,A
12143600,2008-05-13,8.8665341494454886,A
12143600,2008-05-14,21.054311859887282,A
12143600,2008-05-15,31.878007393491309,A
12143600,2008-05-16,42.553433125265137,A:e
12143600,2008-05-17,54.859826677171085,A:e
12143600,2008-05-18,51.44962123507667,A:e
12143600,2008-05-19,41.367274710623605,A:e
12143600,2008-05-20,33.064165808132849,A:e
12143600,2008-05-21,28.616071753227079,A:e
12143600,2008-05-22,21.79566086903824,A:e
12143600,2008-05-23,16.013138597660749,A:e
12143600,2008-05-24,15.716598994000366,A:e
12143600,2008-05-25,20.461232652566512,A:e
12143600,2008-05-26,22.98181928367978,A:e
12143600,2008-05-27,23.723168292830742,A:e
12143600,2008-05-28,22.833549481849587,A:e
12143600,2008-05-29,21.202581661717474,A:e
12143600,2008-05-30,17.347566814132477,A:e
12143600,2008-05-31,16.161408399490941,A:e
12143600,2008-06-01,15.271789588509789,A:e
12143600,2008-06-02,13.774264590024847,A:e
12143600,2008-06-03,13.93736137203806,A:e
12143600,2008-06-04,17.792376219623055,A:e
12143600,2008-06-05,14.263554936064484,A:e
12143600,2008-06-06,18.385455426943825,A:e
12143600,2008-06-07,20.16469304890613,A:e
12143600,2008-06-08,17.051027210472096,A:e
12143600,2008-06-09,16.013138597660749,A:e
12143600,2008-06-10,21.647391067208048,A:e
12143600,2008-06-11,18.533725228774014,A:e
12143600,2008-06-12,15.420059390339979,A:e
12143600,2008-06-13,14.589748500090906,A
12143600,2008-06-14,15.271789588509789,A
12143600,2008-06-15,15.123519786679596,A
12143600,2008-06-16,15.271789588509789,A
12143600,2008-06-17,15.123519786679596,A
12143600,2008-06-18,12.069161868977639,A
12143600,2008-06-19,11.535390582388947,A
12143600,2008-06-20,13.15153142233804,A
12143600,2008-06-21,17.49583661596267,A
12143600,2008-06-22,16.309678201321134,A
12143600,2008-06-23,13.284974243985214,A
12143600,2008-06-24,12.217431670807832,A
12143600,2008-06-25,12.039507908611601,A
12143600,2008-06-26,12.158123750075754,A
12143600,2008-06-27,12.024680928428582,A
12143600,2008-06-28,16.754487606811708,A
12143600,2008-06-29,19.868153445245742,A
12143600,2008-06-30,20.312962850736319,A
12143600,2008-07-01,17.792376219623055,A
12143600,2008-07-02,15.271789588509789,A
12143600,2008-07-03,17.792376219623055,A
12143600,2008-07-04,12.751202957396522,A
12143600,2008-07-05,10.037865583904008,A
12143600,2008-07-06,10.556809890309678,A
12143600,2008-07-07,8.3920707835888741,A
12143600,2008-07-08,7.9769153384643356,A
12143600,2008-07-09,7.9324343979152783,A
12143600,2008-07-10,7.3393551905945102,A
12143600,2008-07-11,6.0938888552208965,A
12143600,2008-07-12,5.6045985091812618,A
12143600,2008-07-13,5.6342524695473006,A
12143600,2008-07-14,5.5304636082661665,A
12143600,2008-07-15,5.1597891036906862,A
12143600,2008-07-16,4.7891145991152051,A
12143600,2008-07-17,4.5074019756378405,A
12143600,2008-07-18,4.2108623719774565,A
12143600,2008-07-19,3.8253608872189568,A
12143600,2008-07-20,3.6919180655717838,A
12143600,2008-07-21,3.5436482637415914,A
12143600,2008-07-22,3.4250324222774382,A
12143600,2008-07-23,3.1284928186170542,A
12143600,2008-07-24,2.8912611356887465,A
12143600,2008-07-25,2.8467801951396887,A
12143600,2008-07-26,2.7578183140415735,A
12143600,2008-07-27,2.6836834131264773,A
12143600,2008-07-28,2.5650675716623237,A
12143600,2008-07-29,2.4464517301981701,A
12143600,2008-07-30,2.9950499969698812,A
12143600,2008-07-31,2.4464517301981701,A
12143600,2008-08-01,2.8171262347736503,A
12143600,2008-08-02,2.5798945518453431,A
12143600,2008-08-03,2.2537009878189203,A
12143600,2008-08-04,2.0906042058057088,A
12143600,2008-08-05,2.1202581661717472,A
12143600,2008-08-06,2.016469304890613,A
12143600,2008-08-07,1.9275074237924974,A
12143600,2008-08-08,1.8533725228774014,A
12143600,2008-08-09,1.808891582328344,A
12143600,2008-08-10,2.0609502454396704,A
12143600,2008-08-11,1.7940646021453248,A
12143600,2008-08-12,1.6606217804981518,A
12143600,2008-08-13,1.6309678201321134,A
12143600,2008-08-14,1.6013138597660748,A
12143600,2008-08-15,1.5420059390339982,A
12143600,2008-08-16,1.5123519786679596,A
12143600,2008-08-17,1.4826980183019214,A
12143600,2008-08-18,1.467871038118902,A
12143600,2008-08-19,1.467871038118902,A
12143600,2008-08-20,3.054357917701958,A
12143600,2008-08-21,5.3377128658869166,A
12143600,2008-08-22,3.76605296648688,A
12143600,2008-08-23,2.6095485122113815,A
12143600,2008-08-24,2.2092200472698629,A
12143600,2008-08-25,2.0906042058057088,A
12143600,2008-08-26,2.1202581661717472,A
12143600,2008-08-27,3.499167323192534,A
12143600,2008-08-28,3.365724501545361,A
12143600,2008-08-29,3.7363990061208416,A
12143600,2008-08-30,3.365724501545361,A
12143600,2008-08-31,2.9060881158717655,A
12143600,2008-09-01,2.6392024725774195,A
12143600,2008-09-02,2.3426628689170359,A
12143600,2008-09-03,2.1499121265377856,A
12143600,2008-09-04,1.9868153445245744,A
12143600,2008-09-05,1.9126804436094784,A
12143600,2008-09-06,1.8237185625113632,A
12143600,2008-09-07,1.749583661596267,A
12143600,2008-09-08,1.6457948003151326,A
12143600,2008-09-09,1.5864868795830558,A
12143600,2008-09-10,1.5568329192170174,A
12143600,2008-09-11,1.4826980183019214,A
12143600,2008-09-12,1.4530440579358828,A
12143600,2008-09-13,1.4085631173868252,A
12143600,2008-09-14,1.393736137203806,A
12143600,2008-09-15,1.3196012362887097,A
12143600,2008-09-16,1.245466335373614,A
12143600,2008-09-17,1.2158123750075756,A
12143600,2008-09-18,1.2009853948245561,A
12143600,2008-09-19,1.2009853948245561,A
12143600,2008-09-20,1.245466335373614,A
12143600,2008-09-21,1.467871038118902,A
12143600,2008-09-22,1.5864868795830558,A
12143600,2008-09-23,1.4975249984849406,A
12143600,2008-09-24,1.2899472759226716,A
12143600,2008-09-25,1.3789091570207868,A
12143600,2008-09-26,1.4530440579358828,A
12143600,2008-09-27,1.3492551966547484,A
12143600,2008-09-28,1.2158123750075756,A
12143600,2008-09-29,1.1416774740924793,A
12143600,2008-09-30,1.1120235137264409,A
04127918,2006-10-01,0.5042327965127944,A
04127918,2006-10-02,0.44622371372813663,A
04127918,2006-10-03,0.39713910521804158,A
04127918,2006-10-04,0.40160134235532297,A
04127918,2006-10-05,0.41945029090444841,A
04127918,2006-10-06,0.3748279195316348,A
04127918,2006-10-07,0.34359225957066519,A
04127918,2006-10-08,0.32128107388425836,A
04127918,2006-10-09,0.31235659960969564,A
04127918,2006-10-10,0.30789436247241425,A
04127918,2006-10-11,0.32574331102153969,A
04127918,2006-10-12,0.4239125280417298,A
04127918,2006-10-13,0.43729923945357391,A
04127918,2006-10-14,0.44622371372813663,A
04127918,2006-10-15,0.47299713655182485,A
04127918,2006-10-16,0.44176147659085524,A
04127918,2006-10-17,0.62917543635667261,A
04127918,2006-10-18,0.88352295318171048,A
04127918,2006-10-19,0.78535373616152049,A
04127918,2006-10-20,0.69164675627861172,A
04127918,2006-10-21,0.59793977639570306,A
04127918,2006-10-22,0.56670411643473351,A
04127918,2006-10-23,0.55777964216017073,A
04127918,2006-10-24,0.51761950792463851,A
04127918,2006-10-25,0.49977055937551301,A
04127918,2006-10-26,0.47299713655182485,A
04127918,2006-10-27,0.44622371372813663,A
04127918,2006-10-28,0.46407266227726207,A
04127918,2006-10-29,0.68272228200404905,A
04127918,2006-10-30,0.64256214776851672,A
04127918,2006-10-31,0.57562859070929617,A
04127918,2006-11-01,0.52208174506191984,A
04127918,2006-11-02,0.47745937368910618,A
04127918,2006-11-03,0.45961042513998074,A
04127918,2006-11-04,0.44622371372813663,A
04127918,2006-11-05,0.44176147659085524,A
04127918,2006-11-06,0.46407266227726207,A
04127918,2006-11-07,0.43729923945357391,A
04127918,2006-11-08,0.4239125280417298,A
04127918,2006-11-09,0.65148662204307939,A
04127918,2006-11-10,0.70949570482773727,A
04127918,2006-11-11,0.70949570482773727,A
04127918,2006-11-12,0.69164675627861172,A
04127918,2006-11-13,0.66041109631764228,A
04127918,2006-11-14,0.71842017910229994,A
04127918,2006-11-15,0.82551387039705282,A
04127918,2006-11-16,0.78089149902423916,A
04127918,2006-11-17,0.69164675627861172,A
04127918,2006-11-18,0.6157887249448285,A
04127918,2006-11-19,0.56224187929745217,A
04127918,2006-11-20,0.52654398219920118,A
04127918,2006-11-21,0.49977055937551301,A
04127918,2006-11-22,0.47745937368910618,A
04127918,2006-11-23,0.45961042513998074,A
04127918,2006-11-24,0.44176147659085524,A
04127918,2006-11-25,0.44176147659085524,A
04127918,2006-11-26,0.43283700231629252,A
04127918,2006-11-27,0.43283700231629252,A
04127918,2006-11-28,0.72734465337686272,A
04127918,2006-11-29,1.4903872038519763,A
04127918,2006-11-30,1.3431333783216912,A
04127918,2006-12-01,0.98169217020190069,A
04127918,2006-12-02,0.8121271589852086,A
04127918,2006-12-03,0.75858031333783227,A:e
04127918,2006-12-04,0.71395794196501861,A:e
04127918,2006-12-05,0.66933557059220494,A:e
04127918,2006-12-06,0.64702438490579806,A:e
04127918,2006-12-07,0.62471319921939128,A:e
04127918,2006-12-08,0.62471319921939128,A:e
04127918,2006-12-09,0.62471319921939128,A:e
04127918,2006-12-10,0.88798519031899181,A:e
04127918,2006-12-11,1.8072060405989534,A
04127918,2006-12-12,4.0294001349650737,A
04127918,2006-12-13,6.8718451914133043,A
04127918,2006-12-14,3.7036568239435339,A
04127918,2006-12-15,3.0610946761750171,A
04127918,2006-12-16,2.3069765999744662,A
04127918,2006-12-17,1.865215123383611,A
04127918,2006-12-18,1.5439340494993525,A
04127918,2006-12-19,1.1869550785168435,A
04127918,2006-12-20,1.1512571814185923,A
04127918,2006-12-21,1.0530879643984024,A
04127918,2006-12-22,1.0263145415747144,A
04127918,2006-12-23,2.2043451458169949,A
04127918,2006-12-24,1.9410731547173941,A
04127918,2006-12-25,1.4234536467927559,A
04127918,2006-12-26,1.2271152127523757,A
04127918,2006-12-27,1.0263145415747144,A
04127918,2006-12-28,0.82105163325977137,A
04127918,2006-12-29,0.7987404475733646,A:e
04127918,2006-12-30,0.7987404475733646,A:e
04127918,2006-12-31,0.99954111875102603,A
04127918,2007-01-01,3.0075478305276411,A
04127918,2007-01-02,1.8562906491090483,A
04127918,2007-01-03,1.4502270696164439,A
04127918,2007-01-04,1.2851242955370334,A
04127918,2007-01-05,1.3208221926352846,A
04127918,2007-01-06,1.3074354812234401,A
04127918,2007-01-07,1.1824928413795621,A
04127918,2007-01-08,1.0664746758102464,A
04127918,2007-01-09,0.87459847890714781,A
04127918,2007-01-10,0.69610899341589305,A
04127918,2007-01-11,0.58009082784657762,A:e
04127918,2007-01-12,0.48192161082638751,A:e
04127918,2007-01-13,0.48192161082638751,A:e
04127918,2007-01-14,0.44176147659085524,A:e
04127918,2007-01-15,0.41945029090444841,A:e
04127918,2007-01-16,0.37929015666891613,A:e
04127918,2007-01-17,0.37929015666891613,A:e
04127918,2007-01-18,0.36144120811979064,A:e
04127918,2007-01-19,0.3391300224333838,A:e
04127918,2007-01-20,0.3391300224333838,A:e
04127918,2007-01-21,0.33020554815882114,A:e
04127918,2007-01-22,0.31235659960969564,A:e
04127918,2007-01-23,0.33020554815882114,A:e
04127918,2007-01-24,0.34805449670794653,A:e
04127918,2007-01-25,0.34805449670794653,A:e
04127918,2007-01-26,0.34805449670794653,A:e
04127918,2007-01-27,0.3391300224333838,A:e
04127918,2007-01-28,0.3391300224333838,A:e
04127918,2007-01-29,0.32574331102153969,A:e
04127918,2007-01-30,0.31235659960969564,A:e
04127918,2007-01-31,0.30343212533513292,A:e
04127918,2007-02-01,0.2945076510605702,A:e
04127918,2007-02-02,0.30343212533513292,A:e
04127918,2007-02-03,0.31235659960969564,A:e
04127918,2007-02-04,0.28558317678600742,A:e
04127918,2007-02-05,0.2766587025114447,A:e
04127918,2007-02-06,0.28558317678600742,A:e
04127918,2007-02-07,0.26773422823688192,A:e
04127918,2007-02-08,0.26773422823688192,A:e
04127918,2007-02-09,0.26773422823688192,A:e
04127918,2007-02-10,0.26773422823688192,A:e
04127918,2007-02-11,0.26327199109960059,A:e
04127918,2007-02-12,0.26773422823688192,A:e
04127918,2007-02-13,0.26773422823688192,A:e
04127918,2007-02-14,0.26773422823688192,A:e
04127918,2007-02-15,0.26773422823688192,A:e
04127918,2007-02-16,0.27219646537416337,A:e
04127918,2007-02-17,0.27219646537416337,A:e
04127918,2007-02-18,0.27219646537416337,A:e
04127918,2007-02-19,0.25434751682503787,A:e
04127918,2007-02-20,0.24988527968775651,A:e
04127918,2007-02-21,0.24096080541319376,A:e
04127918,2007-02-22,0.24096080541319376,A:e
04127918,2007-02-23,0.24988527968775651,A:e
04127918,2007-02-24,0.24988527968775651,A:e
04127918,2007-02-25,0.25434751682503787,A:e
04127918,2007-02-26,0.25434751682503787,A:e
04127918,2007-02-27,0.25880975396231926,A:e
04127918,2007-02-28,0.25880975396231926,A:e
04127918,2007-03-01,0.25880975396231926,A:e
04127918,2007-03-02,0.25880975396231926,A:e
04127918,2007-03-03,0.26327199109960059,A:e
04127918,2007-03-04,0.25880975396231926,A:e
04127918,2007-03-05,0.25434751682503787,A:e
04127918,2007-03-06,0.25880975396231926,A:e
04127918,2007-03-07,0.25434751682503787,A:e
04127918,2007-03-08,0.25880975396231926,A:e
04127918,2007-03-09,0.26773422823688192,A:e
04127918,2007-03-10,0.30789436247241425,A:e
04127918,2007-03-11,0.33466778529610247,A:e
04127918,2007-03-12,0.4060635794926043,A:e
04127918,2007-03-13,0.49977055937551301,A:e
04127918,2007-03-14,0.59347753925842173,A:e
04127918,2007-03-15,0.58901530212114039,A:e
04127918,2007-03-16,0.54885516788560806,A:e
04127918,2007-03-17,0.52208174506191984,A:e
04127918,2007-03-18,0.52208174506191984,A:e
04127918,2007-03-19,0.53100621933648251,A:e
04127918,2007-03-20,0.53993069361104529,A:e
04127918,2007-03-21,0.62917543635667261,A:e
04127918,2007-03-22,0.76750478761239493,A:e
04127918,2007-03-23,1.1512571814185923,A:e
04127918,2007-03-24,1.5394718123620712,A:e
04127918,2007-03-25,2.1998829086797134,A:e
04127918,2007-03-26,3.4314603585693706,A:e
04127918,2007-03-27,4.1454183005343888,A:e
04127918,2007-03-28,3.7705903810027541,A:e
04127918,2007-03-29,3.3689890386474315,A
04127918,2007-03-30,2.6594933338196944,A
04127918,2007-03-31,2.1463360630323374,A
04127918,2007-04-01,2.4988527968775651,A
04127918,2007-04-02,3.2529708730781159,A
04127918,2007-04-03,2.3962213427200938,A
04127918,2007-04-04,2.7487380765653215,A:e
04127918,2007-04-05,2.4229947655437818,A
04127918,2007-04-06,1.8072060405989534,A
04127918,2007-04-07,1.6287165551076985,A
04127918,2007-04-08,1.4591515438910068,A
04127918,2007-04-09,1.2985110069488774,A
04127918,2007-04-10,1.1691061299677181,A
04127918,2007-04-11,1.1244837585949043,A
04127918,2007-04-12,1.0753991500848092,A
04127918,2007-04-13,1.0530879643984024,A
04127918,2007-04-14,1.2672753469879081,A
04127918,2007-04-15,2.1909584344051507,A
04127918,2007-04-16,2.8290583450363864,A
04127918,2007-04-17,2.463154899779314,A
04127918,2007-04-18,2.1552605373069,A
04127918,2007-04-19,1.9366109175801127,A
04127918,2007-04-20,1.668876689343231,A
04127918,2007-04-21,1.4680760181655694,A
04127918,2007-04-22,1.316359955498003,A
04127918,2007-04-23,1.2360396870269383,A
04127918,2007-04-24,1.1691061299677181,A
04127918,2007-04-25,1.0397012529865584,A
04127918,2007-04-26,0.94153203596636836,A
04127918,2007-04-27,0.9593809845154937,A
04127918,2007-04-28,0.9102963760053987,A
04127918,2007-04-29,0.82997610753433415,A
04127918,2007-04-30,0.76750478761239493,A
04127918,2007-05-01,0.70949570482773727,A
04127918,2007-05-02,0.69164675627861172,A
04127918,2007-05-03,0.65148662204307939,A
04127918,2007-05-04,0.59793977639570306,A
04127918,2007-05-05,0.55777964216017073,A
04127918,2007-05-06,0.51761950792463851,A
04127918,2007-05-07,0.48638384796366885,A
04127918,2007-05-08,0.46853489941454346,A
04127918,2007-05-09,0.46853489941454346,A
04127918,2007-05-10,0.46853489941454346,A
04127918,2007-05-11,0.44622371372813663,A
04127918,2007-05-12,0.43729923945357391,A
04127918,2007-05-13,0.39267686808076024,A
04127918,2007-05-14,0.41052581662988569,A
04127918,2007-05-15,0.53100621933648251,A
04127918,2007-05-16,0.56224187929745217,A
04127918,2007-05-17,0.63809991063123539,A
04127918,2007-05-18,0.56670411643473351,A
04127918,2007-05-19,0.50869503365007573,A
04127918,2007-05-20,0.47299713655182485,A
04127918,2007-05-21,0.44622371372813663,A
04127918,2007-05-22,0.4239125280417298,A
04127918,2007-05-23,0.4060635794926043,A
04127918,2007-05-24,0.38821463094347886,A
04127918,2007-05-25,0.37036568239435341,A
04127918,2007-05-26,0.35251673384522797,A
04127918,2007-05-27,0.34359225957066519,A
04127918,2007-05-28,0.34805449670794653,A
04127918,2007-05-29,0.33466778529610247,A
04127918,2007-05-30,0.32574331102153969,A
04127918,2007-05-31,0.32128107388425836,A
04127918,2007-06-01,0.31235659960969564,A
04127918,2007-06-02,0.30789436247241425,A
04127918,2007-06-03,0.30343212533513292,A
04127918,2007-06-04,0.33466778529610247,A
04127918,2007-06-05,0.47299713655182485,A
04127918,2007-06-06,0.43729923945357391,A
04127918,2007-06-07,0.40160134235532297,A
04127918,2007-06-08,0.38375239380619747,A
04127918,2007-06-09,0.36590344525707202,A
04127918,2007-06-10,0.3391300224333838,A
04127918,2007-06-11,0.31681883674697703,A
04127918,2007-06-12,0.30343212533513292,A
04127918,2007-06-13,0.28558317678600742,A
04127918,2007-06-14,0.27219646537416337,A
04127918,2007-06-15,0.26327199109960059,A
04127918,2007-06-16,0.25880975396231926,A
04127918,2007-06-17,0.25880975396231926,A
04127918,2007-06-18,0.25880975396231926,A
04127918,2007-06-19,0.3569789709825093,A
04127918,2007-06-20,0.39713910521804158,A
04127918,2007-06-21,0.34359225957066519,A
04127918,2007-06-22,0.30789436247241425,A
04127918,2007-06-23,0.28112093964872609,A
04127918,2007-06-24,0.26327199109960059,A
04127918,2007-06-25,0.25434751682503787,A
04127918,2007-06-26,0.24988527968775651,A
04127918,2007-06-27,0.23649856827591242,A
04127918,2007-06-28,0.22757409400134967,A
04127918,2007-06-29,0.22311185686406831,A
04127918,2007-06-30,0.21864961972678695,A
04127918,2007-07-01,0.21418738258950556,A
04127918,2007-07-02,0.21418738258950556,A
04127918,2007-07-03,0.21864961972678695,A
04127918,2007-07-04,0.23649856827591242,A
04127918,2007-07-05,0.26327199109960059,A
04127918,2007-07-06,0.25434751682503787,A
04127918,2007-07-07,0.22757409400134967,A
04127918,2007-07-08,0.23203633113863104,A
04127918,2007-07-09,0.31681883674697703,A
04127918,2007-07-10,0.30789436247241425,A
04127918,2007-07-11,0.26773422823688192,A
04127918,2007-07-12,0.26773422823688192,A
04127918,2007-07-13,0.29004541392328881,A
04127918,2007-07-14,0.31681883674697703,A
04127918,2007-07-15,0.37036568239435341,A
04127918,2007-07-16,0.32574331102153969,A
04127918,2007-07-17,0.28558317678600742,A
04127918,2007-07-18,0.25434751682503787,A
04127918,2007-07-19,0.24096080541319376,A
04127918,2007-07-20,0.23649856827591242,A
04127918,2007-07-21,0.22757409400134967,A
04127918,2007-07-22,0.21864961972678695,A
04127918,2007-07-23,0.21418738258950556,A
04127918,2007-07-24,0.2097251454522242,A
04127918,2007-07-25,0.2097251454522242,A
04127918,2007-07-26,0.2097251454522242,A
04127918,2007-07-27,0.2097251454522242,A
04127918,2007-07-28,0.22311185686406831,A
04127918,2007-07-29,0.21864961972678695,A
04127918,2007-07-30,0.21418738258950556,A
04127918,2007-07-31,0.20080067117766148,A
04127918,2007-08-01,0.19633843404038012,A
04127918,2007-08-02,0.19187619690309873,A
04127918,2007-08-03,0.19187619690309873,A
04127918,2007-08-04,0.1874139597658174,A
04127918,2007-08-05,0.1874139597658174,A
04127918,2007-08-06,0.1874139597658174,A
04127918,2007-08-07,0.1874139597658174,A
04127918,2007-08-08,0.20526290831494284,A
04127918,2007-08-09,0.21418738258950556,A
04127918,2007-08-10,0.20080067117766148,A
04127918,2007-08-11,0.20080067117766148,A
04127918,2007-08-12,0.20080067117766148,A
04127918,2007-08-13,0.19187619690309873,A
04127918,2007-08-14,0.1874139597658174,A
04127918,2007-08-15,0.1874139597658174,A
04127918,2007-08-16,0.1874139597658174,A
04127918,2007-08-17,0.18295172262853601,A
04127918,2007-08-18,0.18295172262853601,A
04127918,2007-08-19,0.18295172262853601,A
04127918,2007-08-20,0.1874139597658174,A
04127918,2007-08-21,0.18295172262853601,A
04127918,2007-08-22,0.18295172262853601,A
04127918,2007-08-23,0.19633843404038012,A
04127918,2007-08-24,0.2097251454522242,A
04127918,2007-08-25,0.21418738258950556,A
04127918,2007-08-26,0.20526290831494284,A
04127918,2007-08-27,0.20080067117766148,A
04127918,2007-08-28,0.21418738258950556,A
04127918,2007-08-29,0.29004541392328881,A
04127918,2007-08-30,0.2945076510605702,A
04127918,2007-08-31,0.24542304255047517,A
04127918,2007-09-01,0.22311185686406831,A
04127918,2007-09-02,0.21418738258950556,A
04127918,2007-09-03,0.20526290831494284,A
04127918,2007-09-04,0.22757409400134967,A
04127918,2007-09-05,0.32128107388425836,A
04127918,2007-09-06,0.29004541392328881,A
04127918,2007-09-07,0.29896988819785153,A
04127918,2007-09-08,0.45514818800269935,A
04127918,2007-09-09,0.39267686808076024,A
04127918,2007-09-10,0.33466778529610247,A
04127918,2007-09-11,0.30343212533513292,A
04127918,2007-09-12,0.32128107388425836,A
04127918,2007-09-13,0.33466778529610247,A
04127918,2007-09-14,0.32128107388425836,A
04127918,2007-09-15,0.35251673384522797,A
04127918,2007-09-16,0.34359225957066519,A
04127918,2007-09-17,0.30343212533513292,A
04127918,2007-09-18,0.2766587025114447,A
04127918,2007-09-19,0.26327199109960059,A
04127918,2007-09-20,0.24988527968775651,A
04127918,2007-09-21,0.24988527968775651,A
04127918,2007-09-22,0.45068595086541802,A
04127918,2007-09-23,0.53546845647376384,A
04127918,2007-09-24,0.46853489941454346,A
04127918,2007-09-25,0.4060635794926043,A
04127918,2007-09-26,0.38821463094347886,A
04127918,2007-09-27,0.37929015666891613,A
04127918,2007-09-28,0.4239125280417298,A
04127918,2007-09-29,0.45068595086541802,A
04127918,2007-09-30,0.40160134235532297,A
04127918,2007-10-01,0.37036568239435341,A
04127918,2007-10-02,0.34805449670794653,A
04127918,2007-10-03,0.3391300224333838,A
04127918,2007-10-04,0.34359225957066519,A
04127918,2007-10-05,0.32574331102153969,A
04127918,2007-10-06,0.38821463094347886,A
04127918,2007-10-07,0.73626912765142538,A
04127918,2007-10-08,0.7005712305531745,A
04127918,2007-10-09,0.67379780772948628,A
04127918,2007-10-10,0.66487333345492361,A
04127918,2007-10-11,0.68718451914133039,A
04127918,2007-10-12,0.62471319921939128,A
04127918,2007-10-13,0.54439293074832673,A
04127918,2007-10-14,0.49084608510095035,A
04127918,2007-10-15,0.44622371372813663,A
04127918,2007-10-16,0.41945029090444841,A
04127918,2007-10-17,0.5533174050228894,A
04127918,2007-10-18,0.79427821043608315,A
04127918,2007-10-19,1.3788312754199421,A
04127918,2007-10-20,1.4279158839300372,A
04127918,2007-10-21,1.1780306042422808,A
04127918,2007-10-22,0.98169217020190069,A
04127918,2007-10-23,0.85228729322074093,A
04127918,2007-10-24,0.7987404475733646,A
04127918,2007-10-25,0.74519360192598816,A
04127918,2007-10-26,0.67379780772948628,A
04127918,2007-10-27,0.65148662204307939,A
04127918,2007-10-28,0.66041109631764228,A
04127918,2007-10-29,0.6157887249448285,A
04127918,2007-10-30,0.58009082784657762,A
04127918,2007-10-31,0.55777964216017073,A
04127918,2007-11-01,0.59793977639570306,A
04127918,2007-11-02,0.58455306498385906,A
04127918,2007-11-03,0.5533174050228894,A
04127918,2007-11-04,0.52654398219920118,A
04127918,2007-11-05,0.57116635357201484,A
04127918,2007-11-06,0.91922085027996148,A
04127918,2007-11-07,0.98615440733918203,A
04127918,2007-11-08,0.94153203596636836,A
04127918,2007-11-09,0.97276769592733769,A
04127918,2007-11-10,0.90137190173083603,A
04127918,2007-11-11,0.82105163325977137,A
04127918,2007-11-12,0.75858031333783227,A
04127918,2007-11-13,0.7005712305531745,A
04127918,2007-11-14,0.65594885918036083,A
04127918,2007-11-15,0.62917543635667261,A
04127918,2007-11-16,0.63809991063123539,A
04127918,2007-11-17,0.60240201353298439,A
04127918,2007-11-18,0.5533174050228894,A
04127918,2007-11-19,0.5533174050228894,A
04127918,2007-11-20,0.66487333345492361,A
04127918,2007-11-21,0.67379780772948628,A
04127918,2007-11-22,0.62917543635667261,A
04127918,2007-11-23,0.51315727078735718,A
04127918,2007-11-24,0.49977055937551301,A:e
04127918,2007-11-25,0.49530832223823168,A:e
04127918,2007-11-26,0.49084608510095035,A:e
04127918,2007-11-27,0.49084608510095035,A:e
04127918,2007-11-28,0.49977055937551301,A:e
04127918,2007-11-29,0.51761950792463851,A:e
04127918,2007-11-30,0.52654398219920118,A:e
04127918,2007-12-01,0.52654398219920118,A:e
04127918,2007-12-02,0.53546845647376384,A:e
04127918,2007-12-03,0.52654398219920118,A:e
04127918,2007-12-04,0.52208174506191984,A:e
04127918,2007-12-05,0.52208174506191984,A:e
04127918,2007-12-06,0.52208174506191984,A:e
04127918,2007-12-07,0.51315727078735718,A:e
04127918,2007-12-08,0.49977055937551301,A:e
04127918,2007-12-09,0.47745937368910618,A:e
04127918,2007-12-10,0.45961042513998074,A:e
04127918,2007-12-11,0.44176147659085524,A:e
04127918,2007-12-12,0.44622371372813663,A:e
04127918,2007-12-13,0.42837476517901113,A:e
04127918,2007-12-14,0.41945029090444841,A:e
04127918,2007-12-15,0.38821463094347886,A:e
04127918,2007-12-16,0.40160134235532297,A:e
04127918,2007-12-17,0.41945029090444841,A:e
04127918,2007-12-18,0.4239125280417298,A:e
04127918,2007-12-19,0.4239125280417298,A:e
04127918,2007-12-20,0.43283700231629252,A:e
04127918,2007-12-21,0.44622371372813663,A:e
04127918,2007-12-22,0.46407266227726207,A:e
04127918,2007-12-23,1.2360396870269383,A:e
04127918,2007-12-24,1.6956501121669192,A:e
04127918,2007-12-25,1.4770004924401321,A:e
04127918,2007-12-26,1.2806620583997521,A:e
04127918,2007-12-27,1.146794944281311,A:e
04127918,2007-12-28,1.0129278301628701,A:e
04127918,2007-12-29,0.90583413886811737,A:e
04127918,2007-12-30,0.87459847890714781,A:e
04127918,2007-12-31,0.7987404475733646,A:e
04127918,2008-01-01,0.69164675627861172,A:e
04127918,2008-01-02,0.61132648780754717,A:e
04127918,2008-01-03,0.57562859070929617,A:e
04127918,2008-01-04,0.56670411643473351,A:e
04127918,2008-01-05,0.57562859070929617,A:e
04127918,2008-01-06,0.60240201353298439,A:e
04127918,2008-01-07,1.1824928413795621,A:e
04127918,2008-01-08,2.0258556603257403,A:e
04127918,2008-01-09,2.7041157051925078,A:e
04127918,2008-01-10,2.6014842510350364,A:e
04127918,2008-01-11,2.3649856827591242,A:e
04127918,2008-01-12,2.1061759287968047,A:e
04127918,2008-01-13,1.9812332889529267,A:e
04127918,2008-01-14,1.6733389264805123,A:e
04127918,2008-01-15,1.4903872038519763,A:e
04127918,2008-01-16,1.3208221926352846,A:e
04127918,2008-01-17,1.2048040270659688,A:e
04127918,2008-01-18,1.0530879643984024,A:e
04127918,2008-01-19,1.0129278301628701,A:e
04127918,2008-01-20,1.0129278301628701,A:e
04127918,2008-01-21,0.99507888161374469,A:e
04127918,2008-01-22,0.97722993306461925,A:e
04127918,2008-01-23,0.92814532455452414,A:e
04127918,2008-01-24,0.84336281894617815,A:e
04127918,2008-01-25,0.8121271589852086,A:e
04127918,2008-01-26,0.80320268471064593,A:e
04127918,2008-01-27,0.77642926188695771,A:e
04127918,2008-01-28,0.77642926188695771,A:e
04127918,2008-01-29,0.85674953035802226,A:e
04127918,2008-01-30,1.1021725729084975,A:e
04127918,2008-01-31,1.2003417899286875,A:e
04127918,2008-02-01,1.2092662642032501,A:e
04127918,2008-02-02,1.1378704700067483,A:e
04127918,2008-02-03,1.062012438672965,A:e
04127918,2008-02-04,1.0084655930255888,A:e
04127918,2008-02-05,0.97722993306461925,A:e
04127918,2008-02-06,0.95045651024093103,A:e
04127918,2008-02-07,0.84782505608345959,A:e
04127918,2008-02-08,0.78535373616152049,A:e
04127918,2008-02-09,0.72734465337686272,A:e
04127918,2008-02-10,0.66041109631764228,A:e
04127918,2008-02-11,0.59793977639570306,A:e
04127918,2008-02-12,0.57562859070929617,A:e
04127918,2008-02-13,0.57562859070929617,A:e
04127918,2008-02-14,0.57562859070929617,A:e
04127918,2008-02-15,0.60240201353298439,A:e
04127918,2008-02-16,0.62917543635667261,A:e
04127918,2008-02-17,0.59793977639570306,A:e
04127918,2008-02-18,0.58009082784657762,A:e
04127918,2008-02-19,0.54885516788560806,A:e
04127918,2008-02-20,0.54885516788560806,A:e
04127918,2008-02-21,0.5533174050228894,A:e
04127918,2008-02-22,0.5533174050228894,A:e
04127918,2008-02-23,0.54885516788560806,A:e
04127918,2008-02-24,0.53993069361104529,A:e
04127918,2008-02-25,0.5533174050228894,A:e
04127918,2008-02-26,0.5533174050228894,A:e
04127918,2008-02-27,0.56224187929745217,A:e
04127918,2008-02-28,0.57562859070929617,A:e
04127918,2008-02-29,0.57562859070929617,A:e
04127918,2008-03-01,0.58009082784657762,A:e
04127918,2008-03-02,0.58901530212114039,A:e
04127918,2008-03-03,0.65148662204307939,A:e
04127918,2008-03-04,0.69164675627861172,A:e
04127918,2008-03-05,0.72288241623958127,A:e
04127918,2008-03-06,0.75858031333783227,A:e
04127918,2008-03-07,0.77642926188695771,A:e
04127918,2008-03-08,0.77642926188695771,A:e
04127918,2008-03-09,0.77642926188695771,A:e
04127918,2008-03-10,0.77642926188695771,A:e
04127918,2008-03-11,0.77642926188695771,A:e
04127918,2008-03-12,0.7496558390632696,A:e
04127918,2008-03-13,0.74073136478870683,A:e
04127918,2008-03-14,0.72288241623958127,A:e
04127918,2008-03-15,0.73180689051414405,A:e
04127918,2008-03-16,0.71395794196501861,A:e
04127918,2008-03-17,0.69610899341589305,A:e
04127918,2008-03-18,0.72288241623958127,A:e
04127918,2008-03-19,0.73180689051414405,A:e
04127918,2008-03-20,0.7496558390632696,A:e
04127918,2008-03-21,0.7496558390632696,A:e
04127918,2008-03-22,0.7496558390632696,A:e
04127918,2008-03-23,0.7496558390632696,A:e
04127918,2008-03-24,0.7496558390632696,A:e
04127918,2008-03-25,0.7496558390632696,A:e
04127918,2008-03-26,0.7630425504751136,A:e
04127918,2008-03-27,0.84782505608345959,A:e
04127918,2008-03-28,0.84782505608345959,A:e
04127918,2008-03-29,0.84782505608345959,A:e
04127918,2008-03-30,0.87906071604442915,A:e
04127918,2008-03-31,0.9459942731036497,A:e
04127918,2008-04-01,1.0441634901238397,A:e
04127918,2008-04-02,1.1735683671049995,A:e
04127918,2008-04-03,1.3386711411844099,A:e
04127918,2008-04-04,1.7134990607160445,A:e
04127918,2008-04-05,2.1106381659340863,A:e
04127918,2008-04-06,2.6550310966824129,A:e
04127918,2008-04-07,3.3957624614711199,A:e
04127918,2008-04-08,4.0294001349650737,A:e
04127918,2008-04-09,4.5961042513998072,A:e
04127918,2008-04-10,4.8638384796366898,A:e
04127918,2008-04-11,5.0869503365007578,A:e
04127918,2008-04-12,5.0869503365007578,A:e
04127918,2008-04-13,5.1315727078735716,A:e
04127918,2008-04-14,5.1761950792463844,A:e
04127918,2008-04-15,5.1315727078735716,A
04127918,2008-04-16,5.6224187929745222,A
04127918,2008-04-17,7.1842017910229998,A
04127918,2008-04-18,6.6041109631764225,A
04127918,2008-04-19,5.5331740502288937,A
04127918,2008-04-20,4.4443881887322405,A
04127918,2008-04-21,3.6813456382571275,A
04127918,2008-04-22,3.0387834904886106,A
04127918,2008-04-23,2.4854660854657209,A
04127918,2008-04-24,2.0035444746393334,A
04127918,2008-04-25,1.7179612978533261,A
04127918,2008-04-26,3.5653274726878115,A
04127918,2008-04-27,2.6059464881723176,A
04127918,2008-04-28,1.9499976289919567,A
04127918,2008-04-29,1.570707472323041,A
04127918,2008-04-30,1.3654445640080981,A
04127918,2008-05-01,1.2449641613015012,A
04127918,2008-05-02,1.1557194185558737,A
04127918,2008-05-03,1.5394718123620712,A
04127918,2008-05-04,1.3788312754199421,A
04127918,2008-05-05,1.1824928413795621,A
04127918,2008-05-06,1.0397012529865584,A
04127918,2008-05-07,1.0843236243593721,A
04127918,2008-05-08,1.1869550785168435,A
04127918,2008-05-09,1.0664746758102464,A
04127918,2008-05-10,0.96830545879005636,A
04127918,2008-05-11,0.88352295318171048,A
04127918,2008-05-12,0.82551387039705282,A
04127918,2008-05-13,0.77196702474967627,A
04127918,2008-05-14,0.90583413886811737,A
04127918,2008-05-15,0.96830545879005636,A
04127918,2008-05-16,0.85674953035802226,A
04127918,2008-05-17,1.0084655930255888,A
04127918,2008-05-18,1.0307767787119957,A
04127918,2008-05-19,0.92814532455452414,A
04127918,2008-05-20,0.82105163325977137,A
04127918,2008-05-21,0.78089149902423916,A
04127918,2008-05-22,0.82997610753433415,A
04127918,2008-05-23,0.76750478761239493,A
04127918,2008-05-24,0.70503346769045594,A
04127918,2008-05-25,0.65594885918036083,A
04127918,2008-05-26,0.98615440733918203,A
04127918,2008-05-27,0.96830545879005636,A
04127918,2008-05-28,0.82105163325977137,A
04127918,2008-05-29,0.72288241623958127,A
04127918,2008-05-30,0.69610899341589305,A
04127918,2008-05-31,0.87013624176986648,A
04127918,2008-06-01,0.83890058180889682,A
04127918,2008-06-02,0.7496558390632696,A
04127918,2008-06-03,0.65594885918036083,A
04127918,2008-06-04,0.60240201353298439,A
04127918,2008-06-05,0.58009082784657762,A
04127918,2008-06-06,0.70503346769045594,A
04127918,2008-06-07,0.87013624176986648,A
04127918,2008-06-08,0.7496558390632696,A
04127918,2008-06-09,0.7005712305531745,A
04127918,2008-06-10,0.69164675627861172,A
04127918,2008-06-11,0.92368308741724281,A
04127918,2008-06-12,0.84782505608345959,A
04127918,2008-06-13,1.2003417899286875,A
04127918,2008-06-14,1.1914173156541248,A
04127918,2008-06-15,0.98615440733918203,A
04127918,2008-06-16,0.82997610753433415,A
04127918,2008-06-17,0.71842017910229994,A
04127918,2008-06-18,0.68272228200404905,A
04127918,2008-06-19,0.64702438490579806,A
04127918,2008-06-20,0.62025096208210995,A
04127918,2008-06-21,0.57116635357201484,A
04127918,2008-06-22,0.53993069361104529,A
04127918,2008-06-23,0.53546845647376384,A
04127918,2008-06-24,0.49977055937551301,A
04127918,2008-06-25,0.46407266227726207,A
04127918,2008-06-26,0.44176147659085524,A
04127918,2008-06-27,0.42837476517901113,A
04127918,2008-06-28,0.57116635357201484,A
04127918,2008-06-29,0.56224187929745217,A
04127918,2008-06-30,0.53546845647376384,A
04127918,2008-07-01,0.48192161082638751,A
04127918,2008-07-02,0.49530832223823168,A
04127918,2008-07-03,0.77196702474967627,A
04127918,2008-07-04,0.64702438490579806,A
04127918,2008-07-05,0.54439293074832673,A
04127918,2008-07-06,0.48638384796366885,A
04127918,2008-07-07,0.45068595086541802,A
04127918,2008-07-08,0.53100621933648251,A
04127918,2008-07-09,1.146794944281311,A
04127918,2008-07-10,1.0575502015356837,A
04127918,2008-07-11,1.1066348100457788,A
04127918,2008-07-12,0.93706979882908692,A
04127918,2008-07-13,0.78089149902423916,A
04127918,2008-07-14,0.68718451914133039,A
04127918,2008-07-15,0.62471319921939128,A
04127918,2008-07-16,0.58009082784657762,A
04127918,2008-07-17,0.53546845647376384,A
04127918,2008-07-18,0.54885516788560806,A
04127918,2008-07-19,0.53546845647376384,A
04127918,2008-07-20,0.75858031333783227,A
04127918,2008-07-21,3.4582337813930586,A
04127918,2008-07-22,4.3105210746138001,A
04127918,2008-07-23,2.2980521256999036,A
04127918,2008-07-24,1.2538886355760639,A
04127918,2008-07-25,0.97276769592733769,A
04127918,2008-07-26,1.2226529756150943,A
04127918,2008-07-27,0.99061664447646336,A
04127918,2008-07-28,0.82105163325977137,A
04127918,2008-07-29,0.71842017910229994,A
04127918,2008-07-30,0.68718451914133039,A
04127918,2008-07-31,0.63809991063123539,A
04127918,2008-08-01,0.59347753925842173,A
04127918,2008-08-02,0.55777964216017073,A
04127918,2008-08-03,0.50869503365007573,A
04127918,2008-08-04,0.47299713655182485,A
04127918,2008-08-05,0.44622371372813663,A
04127918,2008-08-06,0.41945029090444841,A
04127918,2008-08-07,0.39713910521804158,A
04127918,2008-08-08,0.37929015666891613,A
04127918,2008-08-09,0.38375239380619747,A
04127918,2008-08-10,0.38821463094347886,A
04127918,2008-08-11,0.36590344525707202,A
04127918,2008-08-12,0.34805449670794653,A
04127918,2008-08-13,0.3391300224333838,A
04127918,2008-08-14,0.33466778529610247,A
04127918,2008-08-15,0.31681883674697703,A
04127918,2008-08-16,0.30789436247241425,A
04127918,2008-08-17,0.29896988819785153,A
04127918,2008-08-18,0.30343212533513292,A
04127918,2008-08-19,0.29004541392328881,A
04127918,2008-08-20,0.28558317678600742,A
04127918,2008-08-21,0.28112093964872609,A
04127918,2008-08-22,0.28558317678600742,A
04127918,2008-08-23,0.32128107388425836,A
04127918,2008-08-24,0.4060635794926043,A
04127918,2008-08-25,0.35251673384522797,A
04127918,2008-08-26,0.32128107388425836,A
04127918,2008-08-27,0.30343212533513292,A
04127918,2008-08-28,0.2945076510605702,A
04127918,2008-08-29,0.33466778529610247,A
04127918,2008-08-30,0.35251673384522797,A
04127918,2008-08-31,0.32128107388425836,A
04127918,2008-09-01,0.30343212533513292,A
04127918,2008-09-02,0.29004541392328881,A
04127918,2008-09-03,0.28112093964872609,A
04127918,2008-09-04,0.27219646537416337,A
04127918,2008-09-05,0.35251673384522797,A
04127918,2008-09-06,0.38821463094347886,A
04127918,2008-09-07,0.37036568239435341,A
04127918,2008-09-08,0.38375239380619747,A
04127918,2008-09-09,0.3748279195316348,A
04127918,2008-09-10,0.35251673384522797,A
04127918,2008-09-11,0.33466778529610247,A
04127918,2008-09-12,0.33466778529610247,A
04127918,2008-09-13,0.34359225957066519,A
04127918,2008-09-14,0.51315727078735718,A
04127918,2008-09-15,0.53546845647376384,A
04127918,2008-09-16,0.44176147659085524,A
04127918,2008-09-17,0.39267686808076024,A
04127918,2008-09-18,0.36144120811979064,A
04127918,2008-09-19,0.33020554815882114,A
04127918,2008-09-20,0.31681883674697703,A
04127918,2008-09-21,0.31235659960969564,A
04127918,2008-09-22,0.29896988819785153,A
04127918,2008-09-23,0.2945076510605702,A
04127918,2008-09-24,0.28558317678600742,A
04127918,2008-09-25,0.28112093964872609,A
04127918,2008-09-26,0.28112093964872609,A
04127918,2008-09-27,0.28112093964872609,A
04127918,2008-09-28,0.28558317678600742,A
04127918,2008-09-29,0.28558317678600742,A
04127918,2008-09-30,0.30789436247241425,A
09066000,2006-10-01,0.35479851897562487,A
09066000,2006-10-02,0.33970070965751314,A
09066000,2006-10-03,0.38499413761184825,A
09066000,2006-10-04,0.3623474236346807,A
09066000,2006-10-05,0.35479851897562487,A
09066000,2006-10-06,0.34724961431656898,A
09066000,2006-10-07,0.33215180499845731,A
09066000,2006-10-08,0.32460290033940142,A
09066000,2006-10-09,0.30950509102128976,A
09066000,2006-10-10,0.32460290033940142,A
09066000,2006-10-11,0.31705399568034565,A
09066000,2006-10-12,0.30950509102128976,A
09066000,2006-10-13,0.30195618636223392,A
09066000,2006-10-14,0.32460290033940142,A
09066000,2006-10-15,0.34724961431656898,A
09066000,2006-10-16,0.33215180499845731,A
09066000,2006-10-17,0.38499413761184825,A
09066000,2006-10-18,0.3623474236346807,A
09066000,2006-10-19,0.3623474236346807,A
09066000,2006-10-20,0.35479851897562487,A
09066000,2006-10-21,0.40009194692995992,A
09066000,2006-10-22,0.40764085158901581,A
09066000,2006-10-23,0.42273866090712747,A:e
09066000,2006-10-24,0.44538537488429503,A
09066000,2006-10-25,0.36989632829373659,A
09066000,2006-10-26,0.32460290033940142,A:e
09066000,2006-10-27,0.32460290033940142,A:e
09066000,2006-10-28,0.32460290033940142,A:e
09066000,2006-10-29,0.32460290033940142,A:e
09066000,2006-10-30,0.32460290033940142,A:e
09066000,2006-10-31,0.30950509102128976,A:e
09066000,2006-11-01,0.29440728170317809,A:e
09066000,2006-11-02,0.2868583770441222,A:e
09066000,2006-11-03,0.2868583770441222,A:e
09066000,2006-11-04,0.26421166306695471,A:e
09066000,2006-11-05,0.26421166306695471,A:e
09066000,2006-11-06,0.24911385374884296,A:e
09066000,2006-11-07,0.26421166306695471,A:e
09066000,2006-11-08,0.27930947238506643,A:e
09066000,2006-11-09,0.2868583770441222,A:e
09066000,2006-11-10,0.27176056772601054,A:e
09066000,2006-11-11,0.27176056772601054,A:e
09066000,2006-11-12,0.27930947238506643,A:e
09066000,2006-11-13,0.27176056772601054,A:e
09066000,2006-11-14,0.2868583770441222,A:e
09066000,2006-11-15,0.30195618636223392,A:e
09066000,2006-11-16,0.31705399568034565,A:e
09066000,2006-11-17,0.30950509102128976,A:e
09066000,2006-11-18,0.31705399568034565,A:e
09066000,2006-11-19,0.30195618636223392,A:e
09066000,2006-11-20,0.27930947238506643,A:e
09066000,2006-11-21,0.26421166306695471,A:e
09066000,2006-11-22,0.26421166306695471,A:e
09066000,2006-11-23,0.25666275840789887,A:e
09066000,2006-11-24,0.25666275840789887,A:e
09066000,2006-11-25,0.24911385374884296,A:e
09066000,2006-11-26,0.22646713977167543,A:e
09066000,2006-11-27,0.21891823511261957,A:e
09066000,2006-11-28,0.21891823511261957,A:e
09066000,2006-11-29,0.21136933045356374,A:e
09066000,2006-11-30,0.18872261647639621,A:e
09066000,2006-12-01,0.22646713977167543,A:e
09066000,2006-12-02,0.21891823511261957,A:e
09066000,2006-12-03,0.21891823511261957,A:e
09066000,2006-12-04,0.21136933045356374,A:e
09066000,2006-12-05,0.21136933045356374,A:e
09066000,2006-12-06,0.21891823511261957,A:e
09066000,2006-12-07,0.21891823511261957,A:e
09066000,2006-12-08,0.21136933045356374,A:e
09066000,2006-12-09,0.2038204257945079,A:e
09066000,2006-12-10,0.2038204257945079,A:e
09066000,2006-12-11,0.21136933045356374,A:e
09066000,2006-12-12,0.2038204257945079,A:e
09066000,2006-12-13,0.19627152113545207,A:e
09066000,2006-12-14,0.21136933045356374,A:e
09066000,2006-12-15,0.21891823511261957,A:e
09066000,2006-12-16,0.21891823511261957,A:e
09066000,2006-12-17,0.2038204257945079,A:e
09066000,2006-12-18,0.19627152113545207,A:e
09066000,2006-12-19,0.18872261647639621,A:e
09066000,2006-12-20,0.18117371181734035,A:e
09066000,2006-12-21,0.16607590249922866,A:e
09066000,2006-12-22,0.15097809318111696,A:e
09066000,2006-12-23,0.18117371181734035,A:e
09066000,2006-12-24,0.18872261647639621,A:e
09066000,2006-12-25,0.2038204257945079,A:e
09066000,2006-12-26,0.21136933045356374,A:e
09066000,2006-12-27,0.18872261647639621,A:e
09066000,2006-12-28,0.18117371181734035,A:e
09066000,2006-12-29,0.15852699784017282,A:e
09066000,2006-12-30,0.15097809318111696,A:e
09066000,2006-12-31,0.1434291885220611,A:e
09066000,2007-01-01,0.13588028386300527,A:e
09066000,2007-01-02,0.13588028386300527,A:e
09066000,2007-01-03,0.12833137920394944,A:e
09066000,2007-01-04,0.1434291885220611,A:e
09066000,2007-01-05,0.15852699784017282,A:e
09066000,2007-01-06,0.18872261647639621,A:e
09066000,2007-01-07,0.21136933045356374,A:e
09066000,2007-01-08,0.23401604443073132,A:e
09066000,2007-01-09,0.2868583770441222,A:e
09066000,2007-01-10,0.2868583770441222,A:e
09066000,2007-01-11,0.2868583770441222,A:e
09066000,2007-01-12,0.2868583770441222,A:e
09066000,2007-01-13,0.2868583770441222,A:e
09066000,2007-01-14,0.2868583770441222,A:e
09066000,2007-01-15,0.2868583770441222,A:e
09066000,2007-01-16,0.2868583770441222,A:e
09066000,2007-01-17,0.2868583770441222,A:e
09066000,2007-01-18,0.2868583770441222,A:e
09066000,2007-01-19,0.2868583770441222,A:e
09066000,2007-01-20,0.27930947238506643,A:e
09066000,2007-01-21,0.27930947238506643,A:e
09066000,2007-01-22,0.27930947238506643,A:e
09066000,2007-01-23,0.2868583770441222,A:e
09066000,2007-01-24,0.2868583770441222,A:e
09066000,2007-01-25,0.2868583770441222,A:e
09066000,2007-01-26,0.2868583770441222,A:e
09066000,2007-01-27,0.2868583770441222,A:e
09066000,2007-01-28,0.29440728170317809,A:e
09066000,2007-01-29,0.29440728170317809,A:e
09066000,2007-01-30,0.29440728170317809,A:e
09066000,2007-01-31,0.29440728170317809,A:e
09066000,2007-02-01,0.30195618636223392,A:e
09066000,2007-02-02,0.30195618636223392,A:e
09066000,2007-02-03,0.30950509102128976,A:e
09066000,2007-02-04,0.30950509102128976,A:e
09066000,2007-02-05,0.30950509102128976,A:e
09066000,2007-02-06,0.31705399568034565,A:e
09066000,2007-02-07,0.31705399568034565,A:e
09066000,2007-02-08,0.31705399568034565,A:e
09066000,2007-02-09,0.31705399568034565,A:e
09066000,2007-02-10,0.31705399568034565,A:e
09066000,2007-02-11,0.31705399568034565,A:e
09066000,2007-02-12,0.31705399568034565,A:e
09066000,2007-02-13,0.32460290033940142,A:e
09066000,2007-02-14,0.32460290033940142,A:e
09066000,2007-02-15,0.33215180499845731,A:e
09066000,2007-02-16,0.33215180499845731,A:e
09066000,2007-02-17,0.33970070965751314,A:e
09066000,2007-02-18,0.34724961431656898,A:e
09066000,2007-02-19,0.34724961431656898,A:e
09066000,2007-02-20,0.34724961431656898,A:e
09066000,2007-02-21,0.33215180499845731,A:e
09066000,2007-02-22,0.32460290033940142,A:e
09066000,2007-02-23,0.33215180499845731,A:e
09066000,2007-02-24,0.33970070965751314,A:e
09066000,2007-02-25,0.32460290033940142,A:e
09066000,2007-02-26,0.31705399568034565,A:e
09066000,2007-02-27,0.33215180499845731,A:e
09066000,2007-02-28,0.32460290033940142,A:e
09066000,2007-03-01,0.30950509102128976,A:e
09066000,2007-03-02,0.32460290033940142,A:e
09066000,2007-03-03,0.30950509102128976,A:e
09066000,2007-03-04,0.32460290033940142,A:e
09066000,2007-03-05,0.30950509102128976,A:e
09066000,2007-03-06,0.30950509102128976,A:e
09066000,2007-03-07,0.33215180499845731,A:e
09066000,2007-03-08,0.32460290033940142,A:e
09066000,2007-03-09,0.30950509102128976,A:e
09066000,2007-03-10,0.31705399568034565,A:e
09066000,2007-03-11,0.33215180499845731,A:e
09066000,2007-03-12,0.33215180499845731,A:e
09066000,2007-03-13,0.33215180499845731,A:e
09066000,2007-03-14,0.35479851897562487,A:e
09066000,2007-03-15,0.37744523295279242,A:e
09066000,2007-03-16,0.36989632829373659,A:e
09066000,2007-03-17,0.37744523295279242,A:e
09066000,2007-03-18,0.40764085158901581,A:e
09066000,2007-03-19,0.40764085158901581,A:e
09066000,2007-03-20,0.40764085158901581,A:e
09066000,2007-03-21,0.40764085158901581,A:e
09066000,2007-03-22,0.40764085158901581,A:e
09066000,2007-03-23,0.40009194692995992,A:e
09066000,2007-03-24,0.41518975624807164,A:e
09066000,2007-03-25,0.40764085158901581,A:e
09066000,2007-03-26,0.42273866090712747,A:e
09066000,2007-03-27,0.43783647022523914,A
09066000,2007-03-28,0.46048318420240675,A
09066000,2007-03-29,0.44538537488429503,A
09066000,2007-03-30,0.43783647022523914,A:e
09066000,2007-03-31,0.43783647022523914,A:e
09066000,2007-04-01,0.40009194692995992,A:e
09066000,2007-04-02,0.38499413761184825,A
09066000,2007-04-03,0.40009194692995992,A
09066000,2007-04-04,0.43028756556618336,A
09066000,2007-04-05,0.4831298981795743,A
09066000,2007-04-06,0.47558099352051841,A
09066000,2007-04-07,0.47558099352051841,A
09066000,2007-04-08,0.47558099352051841,A
09066000,2007-04-09,0.49067880283863013,A
09066000,2007-04-10,0.54352113545202108,A
09066000,2007-04-11,0.46048318420240675,A:e
09066000,2007-04-12,0.43783647022523914,A:e
09066000,2007-04-13,0.41518975624807164,A:e
09066000,2007-04-14,0.40009194692995992,A:e
09066000,2007-04-15,0.45293427954335086,A
09066000,2007-04-16,0.51332551681579774,A
09066000,2007-04-17,0.53597223079296519,A
09066000,2007-04-18,0.55107004011107685,A
09066000,2007-04-19,0.61901018204257952,A
09066000,2007-04-20,0.66430360999691462,A
09066000,2007-04-21,0.70204813329219395,A
09066000,2007-04-22,0.67185251465597051,A
09066000,2007-04-23,0.70204813329219395,A
09066000,2007-04-24,0.7246948472693614,A
09066000,2007-04-25,0.67185251465597051,A
09066000,2007-04-26,0.66430360999691462,A
09066000,2007-04-27,0.75489046590558484,A
09066000,2007-04-28,1.0568466522678188,A
09066000,2007-04-29,1.5097809318111697,A
09066000,2007-04-30,2.038204257945079,A
09066000,2007-05-01,2.1136933045356376,A
09066000,2007-05-02,2.1891823511261959,A
09066000,2007-05-03,2.4911385374884301,A
09066000,2007-05-04,2.6421166306695469,A
09066000,2007-05-05,2.1891823511261959,A
09066000,2007-05-06,1.8872261647639621,A
09066000,2007-05-07,1.6607590249922866,A
09066000,2007-05-08,1.5852699784017281,A
09066000,2007-05-09,1.8117371181734034,A
09066000,2007-05-10,2.2646713977167541,A
09066000,2007-05-11,3.095050910212898,A
09066000,2007-05-12,3.6989632829373655,A
09066000,2007-05-13,4.5293427954335082,A
09066000,2007-05-14,6.3410799136069125,A
09066000,2007-05-15,6.8695032397408218,A
09066000,2007-05-16,7.3979265658747311,A
09066000,2007-05-17,7.0959703795124973,A
09066000,2007-05-18,6.94499228633138,A
09066000,2007-05-19,7.6243937056464066,A
09066000,2007-05-20,8.0773279851897577,A
09066000,2007-05-21,7.7753717988275239,A
09066000,2007-05-22,7.0204813329219391,A
09066000,2007-05-23,5.4352113545202103,A
09066000,2007-05-24,4.5293427954335082,A
09066000,2007-05-25,4.0009194692995997,A
09066000,2007-05-26,4.0009194692995997,A
09066000,2007-05-27,4.5293427954335082,A
09066000,2007-05-28,5.2087442147485357,A
09066000,2007-05-29,5.5107004011107685,A
09066000,2007-05-30,4.9822770749768601,A
09066000,2007-05-31,4.8312989817957428,A
09066000,2007-06-01,5.0577661215674183,A
09066000,2007-06-02,5.0577661215674183,A
09066000,2007-06-03,5.2087442147485357,A
09066000,2007-06-04,4.6803208886146255,A
09066000,2007-06-05,5.0577661215674183,A:e
09066000,2007-06-06,5.3597223079296521,A:e
09066000,2007-06-07,4.3028756556618335,A:e
09066000,2007-06-08,4.076408515890158,A:e
09066000,2007-06-09,4.4538537488429499,A:e
09066000,2007-06-10,4.906788028386301,A:e
09066000,2007-06-11,5.3597223079296521,A:e
09066000,2007-06-12,4.9822770749768601,A:e
09066000,2007-06-13,4.6803208886146255,A:e
09066000,2007-06-14,4.6803208886146255,A
09066000,2007-06-15,4.6048318420240673,A
09066000,2007-06-16,4.5293427954335082,A
09066000,2007-06-17,4.4538537488429499,A
09066000,2007-06-18,4.2273866090712753,A
09066000,2007-06-19,3.8499413761184824,A
09066000,2007-06-20,3.5479851897562487,A
09066000,2007-06-21,3.3215180499845731,A
09066000,2007-06-22,3.0195618636223394,A
09066000,2007-06-23,2.7930947238506638,A
09066000,2007-06-24,2.5666275840789887,A
09066000,2007-06-25,2.3401604443073127,A
09066000,2007-06-26,2.1891823511261959,A
09066000,2007-06-27,2.038204257945079,A
09066000,2007-06-28,1.8117371181734034,A
09066000,2007-06-29,1.6607590249922866,A
09066000,2007-06-30,1.5852699784017281,A
09066000,2007-07-01,1.434291885220611,A
09066000,2007-07-02,1.3588028386300526,A
09066000,2007-07-03,1.2078247454489357,A
09066000,2007-07-04,1.132335698858377,A
09066000,2007-07-05,1.132335698858377,A
09066000,2007-07-06,1.0568466522678188,A
09066000,2007-07-07,0.98135760567726027,A
09066000,2007-07-08,0.98135760567726027,A
09066000,2007-07-09,0.90586855908670172,A
09066000,2007-07-10,0.90586855908670172,A
09066000,2007-07-11,0.83037951249614328,A
09066000,2007-07-12,0.83037951249614328,A
09066000,2007-07-13,0.75489046590558484,A
09066000,2007-07-14,0.71714594261030551,A
09066000,2007-07-15,0.68695032397408218,A
09066000,2007-07-16,0.67940141931502629,A
09066000,2007-07-17,0.66430360999691462,A
09066000,2007-07-18,0.66430360999691462,A
09066000,2007-07-19,0.67940141931502629,A
09066000,2007-07-20,0.68695032397408218,A
09066000,2007-07-21,0.68695032397408218,A
09066000,2007-07-22,0.61146127738352374,A
09066000,2007-07-23,0.57371675408824441,A
09066000,2007-07-24,0.55861894477013285,A
09066000,2007-07-25,0.56616784942918852,A
09066000,2007-07-26,0.54352113545202108,A
09066000,2007-07-27,0.61146127738352374,A
09066000,2007-07-28,0.61901018204257952,A
09066000,2007-07-29,0.54352113545202108,A
09066000,2007-07-30,0.49822770749768591,A
09066000,2007-07-31,0.46048318420240675,A
09066000,2007-08-01,0.44538537488429503,A
09066000,2007-08-02,0.4831298981795743,A
09066000,2007-08-03,0.63410799136069129,A
09066000,2007-08-04,0.49822770749768591,A
09066000,2007-08-05,0.55107004011107685,A
09066000,2007-08-06,0.73224375192841717,A
09066000,2007-08-07,0.59636346806541196,A
09066000,2007-08-08,0.52842332613390941,A
09066000,2007-08-09,0.46048318420240675,A
09066000,2007-08-10,0.42273866090712747,A
09066000,2007-08-11,0.40009194692995992,A
09066000,2007-08-12,0.38499413761184825,A
09066000,2007-08-13,0.37744523295279242,A
09066000,2007-08-14,0.36989632829373659,A
09066000,2007-08-15,0.36989632829373659,A
09066000,2007-08-16,0.39254304227090414,A
09066000,2007-08-17,0.40764085158901581,A
09066000,2007-08-18,0.37744523295279242,A
09066000,2007-08-19,0.39254304227090414,A
09066000,2007-08-20,0.35479851897562487,A
09066000,2007-08-21,0.32460290033940142,A
09066000,2007-08-22,0.31705399568034565,A
09066000,2007-08-23,0.30195618636223392,A
09066000,2007-08-24,0.43783647022523914,A
09066000,2007-08-25,0.32460290033940142,A
09066000,2007-08-26,0.30950509102128976,A
09066000,2007-08-27,0.33970070965751314,A
09066000,2007-08-28,0.43028756556618336,A
09066000,2007-08-29,0.33215180499845731,A
09066000,2007-08-30,0.31705399568034565,A
09066000,2007-08-31,0.30950509102128976,A
09066000,2007-09-01,0.29440728170317809,A
09066000,2007-09-02,0.2868583770441222,A
09066000,2007-09-03,0.2868583770441222,A
09066000,2007-09-04,0.2868583770441222,A
09066000,2007-09-05,0.2868583770441222,A
09066000,2007-09-06,0.32460290033940142,A
09066000,2007-09-07,0.27930947238506643,A
09066000,2007-09-08,0.26421166306695471,A
09066000,2007-09-09,0.26421166306695471,A
09066000,2007-09-10,0.27176056772601054,A
09066000,2007-09-11,0.25666275840789887,A
09066000,2007-09-12,0.24911385374884296,A
09066000,2007-09-13,0.24156494908978715,A
09066000,2007-09-14,0.24156494908978715,A
09066000,2007-09-15,0.26421166306695471,A
09066000,2007-09-16,0.27930947238506643,A
09066000,2007-09-17,0.67940141931502629,A
09066000,2007-09-18,0.38499413761184825,A
09066000,2007-09-19,0.30950509102128976,A
09066000,2007-09-20,0.27930947238506643,A
09066000,2007-09-21,0.25666275840789887,A
09066000,2007-09-22,0.24911385374884296,A
09066000,2007-09-23,0.25666275840789887,A
09066000,2007-09-24,0.2868583770441222,A
09066000,2007-09-25,0.25666275840789887,A
09066000,2007-09-26,0.24156494908978715,A
09066000,2007-09-27,0.23401604443073132,A
09066000,2007-09-28,0.22646713977167543,A
09066000,2007-09-29,0.22646713977167543,A
09066000,2007-09-30,0.24911385374884296,A
09066000,2007-10-01,0.24156494908978715,A
09066000,2007-10-02,0.29440728170317809,A
09066000,2007-10-03,0.25666275840789887,A
09066000,2007-10-04,0.24156494908978715,A
09066000,2007-10-05,0.23401604443073132,A
09066000,2007-10-06,0.22646713977167543,A
09066000,2007-10-07,0.23401604443073132,A
09066000,2007-10-08,0.22646713977167543,A
09066000,2007-10-09,0.21891823511261957,A
09066000,2007-10-10,0.21136933045356374,A
09066000,2007-10-11,0.21136933045356374,A
09066000,2007-10-12,0.2038204257945079,A
09066000,2007-10-13,0.2038204257945079,A
09066000,2007-10-14,0.27176056772601054,A
09066000,2007-10-15,0.25666275840789887,A
09066000,2007-10-16,0.25666275840789887,A
09066000,2007-10-17,0.27930947238506643,A
09066000,2007-10-18,0.27176056772601054,A
09066000,2007-10-19,0.30195618636223392,A
09066000,2007-10-20,0.30195618636223392,A
09066000,2007-10-21,0.29440728170317809,A
09066000,2007-10-22,0.27930947238506643,A
09066000,2007-10-23,0.27930947238506643,A
09066000,2007-10-24,0.27176056772601054,A
09066000,2007-10-25,0.27930947238506643,A
09066000,2007-10-26,0.2868583770441222,A
09066000,2007-10-27,0.27930947238506643,A
09066000,2007-10-28,0.27176056772601054,A
09066000,2007-10-29,0.26421166306695471,A
09066000,2007-10-30,0.26421166306695471,A
09066000,2007-10-31,0.27176056772601054,A
09066000,2007-11-01,0.24911385374884296,A
09066000,2007-11-02,0.24156494908978715,A
09066000,2007-11-03,0.27930947238506643,A
09066000,2007-11-04,0.30195618636223392,A:e
09066000,2007-11-05,0.2868583770441222,A:e
09066000,2007-11-06,0.26421166306695471,A:e
09066000,2007-11-07,0.26421166306695471,A:e
09066000,2007-11-08,0.24911385374884296,A:e
09066000,2007-11-09,0.23401604443073132,A:e
09066000,2007-11-10,0.23401604443073132,A:e
09066000,2007-11-11,0.21136933045356374,A
09066000,2007-11-12,0.2038204257945079,A
09066000,2007-11-13,0.21136933045356374,A
09066000,2007-11-14,0.19627152113545207,A:e
09066000,2007-11-15,0.2038204257945079,A:e
09066000,2007-11-16,0.2038204257945079,A:e
09066000,2007-11-17,0.2038204257945079,A:e
09066000,2007-11-18,0.2038204257945079,A:e
09066000,2007-11-19,0.21136933045356374,A:e
09066000,2007-11-20,0.21136933045356374,A:e
09066000,2007-11-21,0.21136933045356374,A:e
09066000,2007-11-22,0.21891823511261957,A:e
09066000,2007-11-23,0.21891823511261957,A:e
09066000,2007-11-24,0.21891823511261957,A:e
09066000,2007-11-25,0.22646713977167543,A:e
09066000,2007-11-26,0.22646713977167543,A:e
09066000,2007-11-27,0.22646713977167543,A:e
09066000,2007-11-28,0.22646713977167543,A:e
09066000,2007-11-29,0.22646713977167543,A:e
09066000,2007-11-30,0.23401604443073132,A:e
09066000,2007-12-01,0.23401604443073132,A:e
09066000,2007-12-02,0.23401604443073132,A:e
09066000,2007-12-03,0.23401604443073132,A:e
09066000,2007-12-04,0.23401604443073132,A:e
09066000,2007-12-05,0.23401604443073132,A:e
09066000,2007-12-06,0.23401604443073132,A:e
09066000,2007-12-07,0.24156494908978715,A:e
09066000,2007-12-08,0.24156494908978715,A:e
09066000,2007-12-09,0.24156494908978715,A:e
09066000,2007-12-10,0.24156494908978715,A:e
09066000,2007-12-11,0.24156494908978715,A:e
09066000,2007-12-12,0.24911385374884296,A:e
09066000,2007-12-13,0.24911385374884296,A:e
09066000,2007-12-14,0.24911385374884296,A:e
09066000,2007-12-15,0.24911385374884296,A:e
09066000,2007-12-16,0.24911385374884296,A:e
09066000,2007-12-17,0.25666275840789887,A:e
09066000,2007-12-18,0.25666275840789887,A:e
09066000,2007-12-19,0.26421166306695471,A:e
09066000,2007-12-20,0.27176056772601054,A:e
09066000,2007-12-21,0.27930947238506643,A:e
09066000,2007-12-22,0.27930947238506643,A:e
09066000,2007-12-23,0.2868583770441222,A:e
09066000,2007-12-24,0.2868583770441222,A:e
09066000,2007-12-25,0.29440728170317809,A:e
09066000,2007-12-26,0.30195618636223392,A:e
09066000,2007-12-27,0.30195618636223392,A:e
09066000,2007-12-28,0.30195618636223392,A:e
09066000,2007-12-29,0.30950509102128976,A:e
09066000,2007-12-30,0.30950509102128976,A:e
09066000,2007-12-31,0.32460290033940142,A:e
09066000,2008-01-01,0.33215180499845731,A:e
09066000,2008-01-02,0.33970070965751314,A:e
09066000,2008-01-03,0.33970070965751314,A:e
09066000,2008-01-04,0.33970070965751314,A:e
09066000,2008-01-05,0.33970070965751314,A:e
09066000,2008-01-06,0.35479851897562487,A:e
09066000,2008-01-07,0.3623474236346807,A:e
09066000,2008-01-08,0.35479851897562487,A:e
09066000,2008-01-09,0.35479851897562487,A:e
09066000,2008-01-10,0.3623474236346807,A:e
09066000,2008-01-11,0.3623474236346807,A:e
09066000,2008-01-12,0.3623474236346807,A:e
09066000,2008-01-13,0.3623474236346807,A:e
09066000,2008-01-14,0.37744523295279242,A:e
09066000,2008-01-15,0.37744523295279242,A:e
09066000,2008-01-16,0.3623474236346807,A:e
09066000,2008-01-17,0.3623474236346807,A:e
09066000,2008-01-18,0.37744523295279242,A:e
09066000,2008-01-19,0.3623474236346807,A:e
09066000,2008-01-20,0.3623474236346807,A:e
09066000,2008-01-21,0.3623474236346807,A:e
09066000,2008-01-22,0.35479851897562487,A:e
09066000,2008-01-23,0.35479851897562487,A:e
09066000,2008-01-24,0.3623474236346807,A:e
09066000,2008-01-25,0.3623474236346807,A:e
09066000,2008-01-26,0.3623474236346807,A:e
09066000,2008-01-27,0.36989632829373659,A:e
09066000,2008-01-28,0.36989632829373659,A:e
09066000,2008-01-29,0.36989632829373659,A:e
09066000,2008-01-30,0.36989632829373659,A:e
09066000,2008-01-31,0.36989632829373659,A:e
09066000,2008-02-01,0.36989632829373659,A:e
09066000,2008-02-02,0.36989632829373659,A:e
09066000,2008-02-03,0.36989632829373659,A:e
09066000,2008-02-04,0.36989632829373659,A:e
09066000,2008-02-05,0.36989632829373659,A:e
09066000,2008-02-06,0.36989632829373659,A:e
09066000,2008-02-07,0.37744523295279242,A:e
09066000,2008-02-08,0.37744523295279242,A:e
09066000,2008-02-09,0.37744523295279242,A:e
09066000,2008-02-10,0.37744523295279242,A:e
09066000,2008-02-11,0.38499413761184825,A:e
09066000,2008-02-12,0.38499413761184825,A:e
09066000,2008-02-13,0.38499413761184825,A:e
09066000,2008-02-14,0.38499413761184825,A:e
09066000,2008-02-15,0.38499413761184825,A:e
09066000,2008-02-16,0.38499413761184825,A:e
09066000,2008-02-17,0.38499413761184825,A:e
09066000,2008-02-18,0.38499413761184825,A:e
09066000,2008-02-19,0.38499413761184825,A:e
09066000,2008-02-20,0.38499413761184825,A:e
09066000,2008-02-21,0.38499413761184825,A:e
09066000,2008-02-22,0.38499413761184825,A:e
09066000,2008-02-23,0.38499413761184825,A:e
09066000,2008-02-24,0.38499413761184825,A:e
09066000,2008-02-25,0.38499413761184825,A:e
09066000,2008-02-26,0.38499413761184825,A:e
09066000,2008-02-27,0.38499413761184825,A:e
09066000,2008-02-28,0.39254304227090414,A:e
09066000,2008-02-29,0.39254304227090414,A:e
09066000,2008-03-01,0.39254304227090414,A:e
09066000,2008-03-02,0.40009194692995992,A:e
09066000,2008-03-03,0.40009194692995992,A:e
09066000,2008-03-04,0.40009194692995992,A:e
09066000,2008-03-05,0.40764085158901581,A:e
09066000,2008-03-06,0.40764085158901581,A:e
09066000,2008-03-07,0.41518975624807164,A:e
09066000,2008-03-08,0.41518975624807164,A:e
09066000,2008-03-09,0.42273866090712747,A:e
09066000,2008-03-10,0.42273866090712747,A:e
09066000,2008-03-11,0.43028756556618336,A:e
09066000,2008-03-12,0.43028756556618336,A:e
09066000,2008-03-13,0.43028756556618336,A:e
09066000,2008-03-14,0.43783647022523914,A:e
09066000,2008-03-15,0.43783647022523914,A:e
09066000,2008-03-16,0.43783647022523914,A:e
09066000,2008-03-17,0.44538537488429503,A:e
09066000,2008-03-18,0.44538537488429503,A:e
09066000,2008-03-19,0.44538537488429503,A:e
09066000,2008-03-20,0.45293427954335086,A:e
09066000,2008-03-21,0.45293427954335086,A:e
09066000,2008-03-22,0.46048318420240675,A:e
09066000,2008-03-23,0.46048318420240675,A:e
09066000,2008-03-24,0.46803208886146264,A:e
09066000,2008-03-25,0.46803208886146264,A:e
09066000,2008-03-26,0.47558099352051841,A:e
09066000,2008-03-27,0.47558099352051841,A:e
09066000,2008-03-28,0.4831298981795743,A:e
09066000,2008-03-29,0.4831298981795743,A:e
09066000,2008-03-30,0.4831298981795743,A:e
09066000,2008-03-31,0.49067880283863013,A:e
09066000,2008-04-01,0.49067880283863013,A:e
09066000,2008-04-02,0.49822770749768591,A:e
09066000,2008-04-03,0.50577661215674186,A:e
09066000,2008-04-04,0.50577661215674186,A:e
09066000,2008-04-05,0.51332551681579774,A:e
09066000,2008-04-06,0.52087442147485352,A:e
09066000,2008-04-07,0.52842332613390941,A:e
09066000,2008-04-08,0.52842332613390941,A:e
09066000,2008-04-09,0.52842332613390941,A:e
09066000,2008-04-10,0.53597223079296519,A:e
09066000,2008-04-11,0.53597223079296519,A:e
09066000,2008-04-12,0.53597223079296519,A:e
09066000,2008-04-13,0.54352113545202108,A:e
09066000,2008-04-14,0.54352113545202108,A:e
09066000,2008-04-15,0.55107004011107685,A:e
09066000,2008-04-16,0.55861894477013285,A:e
09066000,2008-04-17,0.55861894477013285,A:e
09066000,2008-04-18,0.56616784942918852,A:e
09066000,2008-04-19,0.57371675408824441,A:e
09066000,2008-04-20,0.5812656587473003,A:e
09066000,2008-04-21,0.59636346806541196,A:e
09066000,2008-04-22,0.67185251465597051,A
09066000,2008-04-23,0.83037951249614328,A
09066000,2008-04-24,0.83037951249614328,A
09066000,2008-04-25,0.71714594261030551,A
09066000,2008-04-26,0.58881456340635618,A
09066000,2008-04-27,0.58881456340635618,A
09066000,2008-04-28,0.73979265658747317,A
09066000,2008-04-29,0.90586855908670172,A
09066000,2008-04-30,1.132335698858377,A
09066000,2008-05-01,1.0568466522678188,A
09066000,2008-05-02,0.75489046590558484,A
09066000,2008-05-03,0.69449922863313795,A
09066000,2008-05-04,0.67940141931502629,A
09066000,2008-05-05,0.75489046590558484,A
09066000,2008-05-06,0.98135760567726027,A
09066000,2008-05-07,1.2078247454489357,A
09066000,2008-05-08,1.3588028386300526,A
09066000,2008-05-09,1.0568466522678188,A
09066000,2008-05-10,0.98135760567726027,A
09066000,2008-05-11,0.98135760567726027,A
09066000,2008-05-12,1.132335698858377,A
09066000,2008-05-13,1.132335698858377,A
09066000,2008-05-14,0.98135760567726027,A
09066000,2008-05-15,0.90586855908670172,A
09066000,2008-05-16,0.90586855908670172,A
09066000,2008-05-17,1.2833137920394944,A
09066000,2008-05-18,1.9627152113545205,A
09066000,2008-05-19,3.0195618636223394,A
09066000,2008-05-20,4.3783647022523917,A
09066000,2008-05-21,5.1332551681579774,A
09066000,2008-05-22,4.5293427954335082,A
09066000,2008-05-23,3.0195618636223394,A
09066000,2008-05-24,2.6421166306695469,A
09066000,2008-05-25,2.868583770441222,A
09066000,2008-05-26,3.3970070965751318,A
09066000,2008-05-27,4.8312989817957428,A
09066000,2008-05-28,7.4734156124652893,A
09066000,2008-05-29,8.1528170317803159,A
09066000,2008-05-30,8.2283060783708741,A
09066000,2008-05-31,8.605751311323667,A
09066000,2008-06-01,9.6625979635914856,A
09066000,2008-06-02,11.021400802221537,A
09066000,2008-06-03,12.229225547670474,A
09066000,2008-06-04,11.247867941993213,A
09066000,2008-06-05,9.5871089170009274,A
09066000,2008-06-06,8.605751311323667,A
09066000,2008-06-07,10.040043196544278,A
09066000,2008-06-08,10.266510336315955,A
09066000,2008-06-09,8.9831965442764581,A
09066000,2008-06-10,9.813576056772602,A
09066000,2008-06-11,9.813576056772602,A
09066000,2008-06-12,7.8508608454180822,A
09066000,2008-06-13,7.0959703795124973,A
09066000,2008-06-14,7.7753717988275239,A
09066000,2008-06-15,8.7567294045047834,A
09066000,2008-06-16,9.4361308238198092,A
09066000,2008-06-17,10.341999382906513,A
09066000,2008-06-18,11.172378895402655,A
09066000,2008-06-19,11.851780314717681,A
09066000,2008-06-20,11.39884603517433,A
09066000,2008-06-21,10.643955569268744,A
09066000,2008-06-22,10.191021289725395,A
09066000,2008-06-23,9.6625979635914856,A
09066000,2008-06-24,9.3606417772292509,A
09066000,2008-06-25,8.7567294045047834,A
09066000,2008-06-26,8.3792841715519923,A
09066000,2008-06-27,7.8508608454180822,A
09066000,2008-06-28,7.322437519284172,A
09066000,2008-06-29,6.94499228633138,A
09066000,2008-06-30,6.7185251465597045,A
09066000,2008-07-01,6.567547053378588,A
09066000,2008-07-02,5.6616784942918859,A
09066000,2008-07-03,4.9822770749768601,A
09066000,2008-07-04,4.6048318420240673,A
09066000,2008-07-05,4.2273866090712753,A
09066000,2008-07-06,3.8499413761184824,A
09066000,2008-07-07,3.6989632829373655,A
09066000,2008-07-08,3.3215180499845731,A
09066000,2008-07-09,2.9440728170317807,A
09066000,2008-07-10,2.6421166306695469,A
09066000,2008-07-11,2.3401604443073127,A
09066000,2008-07-12,2.1136933045356376,A
09066000,2008-07-13,2.038204257945079,A
09066000,2008-07-14,1.8872261647639621,A
09066000,2008-07-15,1.736248071582845,A
09066000,2008-07-16,1.5852699784017281,A
09066000,2008-07-17,1.5852699784017281,A
09066000,2008-07-18,1.5097809318111697,A
09066000,2008-07-19,1.3588028386300526,A
09066000,2008-07-20,1.2833137920394944,A
09066000,2008-07-21,1.5852699784017281,A
09066000,2008-07-22,1.3588028386300526,A
09066000,2008-07-23,1.2833137920394944,A
09066000,2008-07-24,1.2078247454489357,A
09066000,2008-07-25,1.132335698858377,A
09066000,2008-07-26,1.0568466522678188,A
09066000,2008-07-27,1.0568466522678188,A
09066000,2008-07-28,0.98135760567726027,A
09066000,2008-07-29,0.90586855908670172,A
09066000,2008-07-30,0.90586855908670172,A
09066000,2008-07-31,0.83037951249614328,A
09066000,2008-08-01,0.75489046590558484,A
09066000,2008-08-02,0.74734156124652895,A
09066000,2008-08-03,0.7246948472693614,A
09066000,2008-08-04,0.69449922863313795,A
09066000,2008-08-05,0.67940141931502629,A
09066000,2008-08-06,0.67185251465597051,A
09066000,2008-08-07,0.69449922863313795,A
09066000,2008-08-08,0.7246948472693614,A
09066000,2008-08-09,0.7246948472693614,A
09066000,2008-08-10,0.70959703795124973,A
09066000,2008-08-11,0.69449922863313795,A
09066000,2008-08-12,0.59636346806541196,A
09066000,2008-08-13,0.55107004011107685,A
09066000,2008-08-14,0.52087442147485352,A
09066000,2008-08-15,0.50577661215674186,A
09066000,2008-08-16,0.83037951249614328,A
09066000,2008-08-17,0.90586855908670172,A
09066000,2008-08-18,0.66430360999691462,A
09066000,2008-08-19,0.56616784942918852,A
09066000,2008-08-20,0.49822770749768591,A
09066000,2008-08-21,0.46803208886146264,A
09066000,2008-08-22,0.43783647022523914,A
09066000,2008-08-23,0.42273866090712747,A
09066000,2008-08-24,0.40764085158901581,A
09066000,2008-08-25,0.41518975624807164,A
09066000,2008-08-26,0.41518975624807164,A
09066000,2008-08-27,0.38499413761184825,A
09066000,2008-08-28,0.3623474236346807,A
09066000,2008-08-29,0.34724961431656898,A
09066000,2008-08-30,0.33215180499845731,A
09066000,2008-08-31,0.34724961431656898,A
09066000,2008-09-01,0.35479851897562487,A
09066000,2008-09-02,0.33215180499845731,A
09066000,2008-09-03,0.31705399568034565,A
09066000,2008-09-04,0.30195618636223392,A
09066000,2008-09-05,0.2868583770441222,A
09066000,2008-09-06,0.27930947238506643,A
09066000,2008-09-07,0.27176056772601054,A
09066000,2008-09-08,0.26421166306695471,A
09066000,2008-09-09,0.25666275840789887,A
09066000,2008-09-10,0.29440728170317809,A
09066000,2008-09-11,0.37744523295279242,A
09066000,2008-09-12,0.64920580067880285,A
09066000,2008-09-13,0.66430360999691462,A
09066000,2008-09-14,0.64165689601974718,A
09066000,2008-09-15,0.52842332613390941,A
09066000,2008-09-16,0.30950509102128976,A
09066000,2008-09-17,0.27176056772601054,A
09066000,2008-09-18,0.27930947238506643,A
09066000,2008-09-19,0.27930947238506643,A
09066000,2008-09-20,0.27176056772601054,A
09066000,2008-09-21,0.2868583770441222,A
09066000,2008-09-22,0.25666275840789887,A
09066000,2008-09-23,0.24156494908978715,A
09066000,2008-09-24,0.23401604443073132,A
09066000,2008-09-25,0.22646713977167543,A
09066000,2008-09-26,0.21891823511261957,A
09066000,2008-09-27,0.21891823511261957,A
09066000,2008-09-28,0.22646713977167543,A
09066000,2008-09-29,0.21891823511261957,A
09066000,2008-09-30,0.21891823511261957,A
06431500,2006-10-01,0.30933364551627252,A
06431500,2006-10-02,0.30360524467337863,A
06431500,2006-10-03,0.29787684383048468,A
06431500,2006-10-04,0.29787684383048468,A
06431500,2006-10-05,0.2864200421446968,A
06431500,2006-10-06,0.29214844298759074,A
06431500,2006-10-07,0.29214844298759074,A
06431500,2006-10-08,0.29787684383048468,A
06431500,2006-10-09,0.29787684383048468,A:e
06431500,2006-10-10,0.29214844298759074,A
06431500,2006-10-11,0.29787684383048468,A
06431500,2006-10-12,0.29214844298759074,A
06431500,2006-10-13,0.29214844298759074,A
06431500,2006-10-14,0.29214844298759074,A
06431500,2006-10-15,0.29214844298759074,A
06431500,2006-10-16,0.29214844298759074,A
06431500,2006-10-17,0.29787684383048468,A
06431500,2006-10-18,0.29214844298759074,A
06431500,2006-10-19,0.2864200421446968,A
06431500,2006-10-20,0.29214844298759074,A
06431500,2006-10-21,0.2864200421446968,A
06431500,2006-10-22,0.2864200421446968,A
06431500,2006-10-23,0.28069164130180285,A
06431500,2006-10-24,0.28069164130180285,A
06431500,2006-10-25,0.2864200421446968,A
06431500,2006-10-26,0.2864200421446968,A
06431500,2006-10-27,0.28069164130180285,A
06431500,2006-10-28,0.28069164130180285,A
06431500,2006-10-29,0.28069164130180285,A
06431500,2006-10-30,0.28069164130180285,A
06431500,2006-10-31,0.26350643877312102,A
06431500,2006-11-01,0.26923483961601496,A
06431500,2006-11-02,0.26350643877312102,A
06431500,2006-11-03,0.26923483961601496,A
06431500,2006-11-04,0.26923483961601496,A
06431500,2006-11-05,0.25777803793022713,A
06431500,2006-11-06,0.25204963708733319,A
06431500,2006-11-07,0.25777803793022713,A
06431500,2006-11-08,0.25777803793022713,A
06431500,2006-11-09,0.25777803793022713,A
06431500,2006-11-10,0.26350643877312102,A
06431500,2006-11-11,0.25204963708733319,A
06431500,2006-11-12,0.25777803793022713,A
06431500,2006-11-13,0.25204963708733319,A
06431500,2006-11-14,0.25777803793022713,A
06431500,2006-11-15,0.25204963708733319,A
06431500,2006-11-16,0.25204963708733319,A
06431500,2006-11-17,0.25204963708733319,A
06431500,2006-11-18,0.25204963708733319,A
06431500,2006-11-19,0.25204963708733319,A
06431500,2006-11-20,0.26350643877312102,A
06431500,2006-11-21,0.26350643877312102,A
06431500,2006-11-22,0.26350643877312102,A
06431500,2006-11-23,0.26350643877312102,A
06431500,2006-11-24,0.26350643877312102,A
06431500,2006-11-25,0.25777803793022713,A
06431500,2006-11-26,0.25777803793022713,A
06431500,2006-11-27,0.26350643877312102,A
06431500,2006-11-28,0.26350643877312102,A
06431500,2006-11-29,0.24632123624443922,A
06431500,2006-11-30,0.24059283540154533,A:e
06431500,2006-12-01,0.24059283540154533,A:e
06431500,2006-12-02,0.24059283540154533,A:e
06431500,2006-12-03,0.23486443455865139,A:e
06431500,2006-12-04,0.23486443455865139,A:e
06431500,2006-12-05,0.23486443455865139,A:e
06431500,2006-12-06,0.23486443455865139,A:e
06431500,2006-12-07,0.22913603371575744,A:e
06431500,2006-12-08,0.24059283540154533,A
06431500,2006-12-09,0.24632123624443922,A
06431500,2006-12-10,0.24632123624443922,A
06431500,2006-12-11,0.24059283540154533,A
06431500,2006-12-12,0.24632123624443922,A
06431500,2006-12-13,0.24059283540154533,A:e
06431500,2006-12-14,0.24059283540154533,A:e
06431500,2006-12-15,0.24632123624443922,A
06431500,2006-12-16,0.24059283540154533,A
06431500,2006-12-17,0.24059283540154533,A
06431500,2006-12-18,0.2234076328728635,A:e
06431500,2006-12-19,0.22913603371575744,A:e
06431500,2006-12-20,0.22913603371575744,A:e
06431500,2006-12-21,0.2234076328728635,A:e
06431500,2006-12-22,0.2234076328728635,A:e
06431500,2006-12-23,0.2234076328728635,A:e
06431500,2006-12-24,0.2234076328728635,A:e
06431500,2006-12-25,0.2234076328728635,A:e
06431500,2006-12-26,0.22913603371575744,A:e
06431500,2006-12-27,0.24059283540154533,A:e
06431500,2006-12-28,0.23486443455865139,A:e
06431500,2006-12-29,0.2234076328728635,A:e
06431500,2006-12-30,0.21767923202996955,A:e
06431500,2006-12-31,0.24059283540154533,A:e
06431500,2007-01-01,0.24059283540154533,A:e
06431500,2007-01-02,0.24632123624443922,A:e
06431500,2007-01-03,0.25204963708733319,A
06431500,2007-01-04,0.25204963708733319,A
06431500,2007-01-05,0.25204963708733319,A
06431500,2007-01-06,0.23486443455865139,A
06431500,2007-01-07,0.25204963708733319,A
06431500,2007-01-08,0.25777803793022713,A
06431500,2007-01-09,0.25777803793022713,A
06431500,2007-01-10,0.25777803793022713,A
06431500,2007-01-11,0.25204963708733319,A:e
06431500,2007-01-12,0.24632123624443922,A:e
06431500,2007-01-13,0.24059283540154533,A:e
06431500,2007-01-14,0.23486443455865139,A:e
06431500,2007-01-15,0.22913603371575744,A:e
06431500,2007-01-16,0.2234076328728635,A:e
06431500,2007-01-17,0.2234076328728635,A:e
06431500,2007-01-18,0.2234076328728635,A:e
06431500,2007-01-19,0.22913603371575744,A:e
06431500,2007-01-20,0.23486443455865139,A:e
06431500,2007-01-21,0.23486443455865139,A:e
06431500,2007-01-22,0.23486443455865139,A:e
06431500,2007-01-23,0.24632123624443922,A:e
06431500,2007-01-24,0.25204963708733319,A:e
06431500,2007-01-25,0.25777803793022713,A:e
06431500,2007-01-26,0.25777803793022713,A:e
06431500,2007-01-27,0.25777803793022713,A:e
06431500,2007-01-28,0.25777803793022713,A:e
06431500,2007-01-29,0.25777803793022713,A:e
06431500,2007-01-30,0.24632123624443922,A:e
06431500,2007-01-31,0.22913603371575744,A:e
06431500,2007-02-01,0.20049402950128775,A:e
06431500,2007-02-02,0.12602481854366659,A:e
06431500,2007-02-03,0.13175321938656051,A:e
06431500,2007-02-04,0.13748162022945445,A:e
06431500,2007-02-05,0.1432100210723484,A:e
06431500,2007-02-06,0.14893842191524234,A:e
06431500,2007-02-07,0.16612362444392414,A:e
06431500,2007-02-08,0.18330882697260595,A:e
06431500,2007-02-09,0.19476562865839384,A:e
06431500,2007-02-10,0.19476562865839384,A:e
06431500,2007-02-11,0.20049402950128775,A:e
06431500,2007-02-12,0.2062224303441817,A:e
06431500,2007-02-13,0.17185202528681806,A:e
06431500,2007-02-14,0.14893842191524234,A:e
06431500,2007-02-15,0.13175321938656051,A:e
06431500,2007-02-16,0.17185202528681806,A:e
06431500,2007-02-17,0.18330882697260595,A:e
06431500,2007-02-18,0.19476562865839384,A:e
06431500,2007-02-19,0.2062224303441817,A:e
06431500,2007-02-20,0.21767923202996955,A:e
06431500,2007-02-21,0.22913603371575744,A:e
06431500,2007-02-22,0.24059283540154533,A:e
06431500,2007-02-23,0.25204963708733319,A:e
06431500,2007-02-24,0.25777803793022713,A:e
06431500,2007-02-25,0.25777803793022713,A:e
06431500,2007-02-26,0.26350643877312102,A:e
06431500,2007-02-27,0.26350643877312102,A
06431500,2007-02-28,0.26350643877312102,A
06431500,2007-03-01,0.25204963708733319,A
06431500,2007-03-02,0.24059283540154533,A:e
06431500,2007-03-03,0.24632123624443922,A:e
06431500,2007-03-04,0.25204963708733319,A:e
06431500,2007-03-05,0.26350643877312102,A:e
06431500,2007-03-06,0.26923483961601496,A
06431500,2007-03-07,0.27496324045890891,A
06431500,2007-03-08,0.28069164130180285,A
06431500,2007-03-09,0.28069164130180285,A
06431500,2007-03-10,0.28069164130180285,A
06431500,2007-03-11,0.28069164130180285,A
06431500,2007-03-12,0.30933364551627252,A:e
06431500,2007-03-13,0.34370405057363612,A
06431500,2007-03-14,0.33797564973074218,A
06431500,2007-03-15,0.31506204635916651,A
06431500,2007-03-16,0.30360524467337863,A
06431500,2007-03-17,0.30933364551627252,A
06431500,2007-03-18,0.34370405057363612,A
06431500,2007-03-19,0.36088925310231795,A
06431500,2007-03-20,0.37807445563099978,A
06431500,2007-03-21,0.38953125731678767,A
06431500,2007-03-22,0.3666176539452119,A
06431500,2007-03-23,0.3666176539452119,A
06431500,2007-03-24,0.36088925310231795,A
06431500,2007-03-25,0.35516085225942401,A
06431500,2007-03-26,0.35516085225942401,A
06431500,2007-03-27,0.36088925310231795,A
06431500,2007-03-28,0.38380285647389367,A
06431500,2007-03-29,0.38953125731678767,A
06431500,2007-03-30,0.37807445563099978,A
06431500,2007-03-31,0.36088925310231795,A
06431500,2007-04-01,0.34943245141653007,A
06431500,2007-04-02,0.34370405057363612,A
06431500,2007-04-03,0.38380285647389367,A
06431500,2007-04-04,0.3666176539452119,A
06431500,2007-04-05,0.36088925310231795,A
06431500,2007-04-06,0.34943245141653007,A
06431500,2007-04-07,0.33797564973074218,A
06431500,2007-04-08,0.34370405057363612,A
06431500,2007-04-09,0.34370405057363612,A
06431500,2007-04-10,0.33797564973074218,A
06431500,2007-04-11,0.33224724888784829,A
06431500,2007-04-12,0.3207904472020604,A
06431500,2007-04-13,0.3207904472020604,A
06431500,2007-04-14,0.31506204635916651,A
06431500,2007-04-15,0.3207904472020604,A
06431500,2007-04-16,0.33797564973074218,A
06431500,2007-04-17,0.35516085225942401,A
06431500,2007-04-18,0.37807445563099978,A
06431500,2007-04-19,0.43535846405993911,A
06431500,2007-04-20,0.446815265745727,A
06431500,2007-04-21,0.41817326153125728,A
06431500,2007-04-22,0.4009880590025755,A
06431500,2007-04-23,0.39525965815968156,A
06431500,2007-04-24,0.38953125731678767,A
06431500,2007-04-25,0.38380285647389367,A
06431500,2007-04-26,0.37807445563099978,A
06431500,2007-04-27,0.37807445563099978,A
06431500,2007-04-28,0.3666176539452119,A
06431500,2007-04-29,0.35516085225942401,A
06431500,2007-04-30,0.34943245141653007,A
06431500,2007-05-01,0.34370405057363612,A
06431500,2007-05-02,0.33797564973074218,A
06431500,2007-05-03,0.33797564973074218,A
06431500,2007-05-04,0.34370405057363612,A
06431500,2007-05-05,0.41817326153125728,A
06431500,2007-05-06,0.52701287754624204,A
06431500,2007-05-07,0.56711168344649965,A
06431500,2007-05-08,0.57284008428939359,A
06431500,2007-05-09,0.53274127838913599,A
06431500,2007-05-10,0.49264247248887844,A
06431500,2007-05-11,0.45254366658862094,A
06431500,2007-05-12,0.42390166237415128,A
06431500,2007-05-13,0.4009880590025755,A
06431500,2007-05-14,0.38380285647389367,A
06431500,2007-05-15,0.37234605478810578,A
06431500,2007-05-16,0.36088925310231795,A
06431500,2007-05-17,0.34943245141653007,A
06431500,2007-05-18,0.33797564973074218,A
06431500,2007-05-19,0.37234605478810578,A
06431500,2007-05-20,0.35516085225942401,A
06431500,2007-05-21,0.33797564973074218,A
06431500,2007-05-22,0.33797564973074218,A
06431500,2007-05-23,0.33224724888784829,A
06431500,2007-05-24,0.32651884804495429,A
06431500,2007-05-25,0.3207904472020604,A
06431500,2007-05-26,0.31506204635916651,A
06431500,2007-05-27,0.30933364551627252,A
06431500,2007-05-28,0.33224724888784829,A
06431500,2007-05-29,0.446815265745727,A
06431500,2007-05-30,0.4009880590025755,A
06431500,2007-05-31,0.48691407164598455,A
06431500,2007-06-01,2.4975827675017559,A
06431500,2007-06-02,3.8265717630531491,A
06431500,2007-06-03,2.067952704284711,A
06431500,2007-06-04,1.4091866073519081,A
06431500,2007-06-05,1.0998529618356356,A
06431500,2007-06-06,0.91654413486302977,A
06431500,2007-06-07,0.97955654413486304,A
06431500,2007-06-08,0.88217372980566611,A
06431500,2007-06-09,0.78479091547646929,A
06431500,2007-06-10,0.70459330367595407,A
06431500,2007-06-11,0.64730929524701475,A
06431500,2007-06-12,0.61293889018965109,A
06431500,2007-06-13,0.57856848513228754,A
06431500,2007-06-14,0.55565488176071176,A
06431500,2007-06-15,0.54419808007492387,A
06431500,2007-06-16,0.57856848513228754,A
06431500,2007-06-17,0.59575368766096937,A
06431500,2007-06-18,0.54992648091781782,A
06431500,2007-06-19,0.51555607586045427,A
06431500,2007-06-20,0.49264247248887844,A
06431500,2007-06-21,0.48118567080309066,A
06431500,2007-06-22,0.46972886911730277,A
06431500,2007-06-23,0.46400046827440877,A
06431500,2007-06-24,0.45827206743151488,A
06431500,2007-06-25,0.45254366658862094,A
06431500,2007-06-26,0.43535846405993911,A
06431500,2007-06-27,0.42963006321704517,A
06431500,2007-06-28,0.42963006321704517,A
06431500,2007-06-29,0.42963006321704517,A
06431500,2007-06-30,0.40671645984546945,A
06431500,2007-07-01,0.39525965815968156,A
06431500,2007-07-02,0.38953125731678767,A
06431500,2007-07-03,0.39525965815968156,A
06431500,2007-07-04,0.38380285647389367,A
06431500,2007-07-05,0.37807445563099978,A
06431500,2007-07-06,0.3666176539452119,A
06431500,2007-07-07,0.35516085225942401,A
06431500,2007-07-08,0.37234605478810578,A
06431500,2007-07-09,0.35516085225942401,A
06431500,2007-07-10,0.35516085225942401,A
06431500,2007-07-11,0.36088925310231795,A
06431500,2007-07-12,0.35516085225942401,A
06431500,2007-07-13,0.35516085225942401,A
06431500,2007-07-14,0.34370405057363612,A
06431500,2007-07-15,0.33797564973074218,A
06431500,2007-07-16,0.33797564973074218,A
06431500,2007-07-17,0.33224724888784829,A
06431500,2007-07-18,0.33797564973074218,A
06431500,2007-07-19,0.32651884804495429,A
06431500,2007-07-20,0.3207904472020604,A
06431500,2007-07-21,0.31506204635916651,A
06431500,2007-07-22,0.31506204635916651,A
06431500,2007-07-23,0.30933364551627252,A
06431500,2007-07-24,0.30360524467337863,A
06431500,2007-07-25,0.30360524467337863,A
06431500,2007-07-26,0.33797564973074218,A
06431500,2007-07-27,0.31506204635916651,A
06431500,2007-07-28,0.31506204635916651,A
06431500,2007-07-29,0.31506204635916651,A
06431500,2007-07-30,0.30360524467337863,A
06431500,2007-07-31,0.30360524467337863,A
06431500,2007-08-01,0.29787684383048468,A
06431500,2007-08-02,0.30360524467337863,A
06431500,2007-08-03,0.30360524467337863,A
06431500,2007-08-04,0.30360524467337863,A
06431500,2007-08-05,0.29214844298759074,A
06431500,2007-08-06,0.2864200421446968,A
06431500,2007-08-07,0.28069164130180285,A
06431500,2007-08-08,0.28069164130180285,A
06431500,2007-08-09,0.28069164130180285,A
06431500,2007-08-10,0.27496324045890891,A
06431500,2007-08-11,0.27496324045890891,A
06431500,2007-08-12,0.27496324045890891,A
06431500,2007-08-13,0.27496324045890891,A
06431500,2007-08-14,0.26923483961601496,A
06431500,2007-08-15,0.26923483961601496,A
06431500,2007-08-16,0.26923483961601496,A
06431500,2007-08-17,0.30360524467337863,A
06431500,2007-08-18,0.29787684383048468,A
06431500,2007-08-19,0.2864200421446968,A
06431500,2007-08-20,0.29214844298759074,A
06431500,2007-08-21,0.28069164130180285,A
06431500,2007-08-22,0.2864200421446968,A
06431500,2007-08-23,0.31506204635916651,A
06431500,2007-08-24,0.30360524467337863,A
06431500,2007-08-25,0.29214844298759074,A
06431500,2007-08-26,0.2864200421446968,A
06431500,2007-08-27,0.28069164130180285,A
06431500,2007-08-28,0.2864200421446968,A
06431500,2007-08-29,0.28069164130180285,A
06431500,2007-08-30,0.28069164130180285,A
06431500,2007-08-31,0.28069164130180285,A
06431500,2007-09-01,0.28069164130180285,A
06431500,2007-09-02,0.28069164130180285,A
06431500,2007-09-03,0.28069164130180285,A
06431500,2007-09-04,0.28069164130180285,A
06431500,2007-09-05,0.2864200421446968,A
06431500,2007-09-06,0.29214844298759074,A
06431500,2007-09-07,0.30360524467337863,A
06431500,2007-09-08,0.29787684383048468,A
06431500,2007-09-09,0.29214844298759074,A
06431500,2007-09-10,0.29214844298759074,A
06431500,2007-09-11,0.29214844298759074,A
06431500,2007-09-12,0.29214844298759074,A
06431500,2007-09-13,0.2864200421446968,A
06431500,2007-09-14,0.2864200421446968,A
06431500,2007-09-15,0.2864200421446968,A
06431500,2007-09-16,0.2864200421446968,A
06431500,2007-09-17,0.2864200421446968,A
06431500,2007-09-18,0.2864200421446968,A
06431500,2007-09-19,0.2864200421446968,A
06431500,2007-09-20,0.2864200421446968,A
06431500,2007-09-21,0.2864200421446968,A
06431500,2007-09-22,0.28069164130180285,A
06431500,2007-09-23,0.2864200421446968,A
06431500,2007-09-24,0.2864200421446968,A
06431500,2007-09-25,0.29787684383048468,A
06431500,2007-09-26,0.24059283540154533,A
06431500,2007-09-27,0.28069164130180285,A
06431500,2007-09-28,0.29214844298759074,A
06431500,2007-09-29,0.29214844298759074,A
06431500,2007-09-30,0.29787684383048468,A
06431500,2007-10-01,0.29214844298759074,A
06431500,2007-10-02,0.26923483961601496,A
06431500,2007-10-03,0.25777803793022713,A
06431500,2007-10-04,0.2234076328728635,A
06431500,2007-10-05,0.2062224303441817,A
06431500,2007-10-06,0.29787684383048468,A
06431500,2007-10-07,0.3207904472020604,A
06431500,2007-10-08,0.30933364551627252,A
06431500,2007-10-09,0.30360524467337863,A
06431500,2007-10-10,0.30360524467337863,A
06431500,2007-10-11,0.30360524467337863,A
06431500,2007-10-12,0.30933364551627252,A
06431500,2007-10-13,0.30360524467337863,A
06431500,2007-10-14,0.30360524467337863,A
06431500,2007-10-15,0.30360524467337863,A
06431500,2007-10-16,0.30360524467337863,A
06431500,2007-10-17,0.30360524467337863,A
06431500,2007-10-18,0.32651884804495429,A
06431500,2007-10-19,0.31506204635916651,A
06431500,2007-10-20,0.31506204635916651,A
06431500,2007-10-21,0.30933364551627252,A
06431500,2007-10-22,0.30360524467337863,A
06431500,2007-10-23,0.30360524467337863,A
06431500,2007-10-24,0.29787684383048468,A
06431500,2007-10-25,0.29214844298759074,A
06431500,2007-10-26,0.29214844298759074,A
06431500,2007-10-27,0.29214844298759074,A
06431500,2007-10-28,0.29214844298759074,A
06431500,2007-10-29,0.2864200421446968,A
06431500,2007-10-30,0.2864200421446968,A
06431500,2007-10-31,0.2864200421446968,A
06431500,2007-11-01,0.2864200421446968,A
06431500,2007-11-02,0.2864200421446968,A
06431500,2007-11-03,0.2864200421446968,A
06431500,2007-11-04,0.2864200421446968,A
06431500,2007-11-05,0.28069164130180285,A
06431500,2007-11-06,0.28069164130180285,A
06431500,2007-11-07,0.28069164130180285,A
06431500,2007-11-08,0.27496324045890891,A
06431500,2007-11-09,0.27496324045890891,A
06431500,2007-11-10,0.27496324045890891,A
06431500,2007-11-11,0.27496324045890891,A
06431500,2007-11-12,0.27496324045890891,A
06431500,2007-11-13,0.27496324045890891,A
06431500,2007-11-14,0.26923483961601496,A
06431500,2007-11-15,0.26923483961601496,A
06431500,2007-11-16,0.27496324045890891,A
06431500,2007-11-17,0.27496324045890891,A
06431500,2007-11-18,0.26923483961601496,A
06431500,2007-11-19,0.26923483961601496,A
06431500,2007-11-20,0.27496324045890891,A
06431500,2007-11-21,0.27496324045890891,A
06431500,2007-11-22,0.26923483961601496,A
06431500,2007-11-23,0.26350643877312102,A
06431500,2007-11-24,0.26923483961601496,A
06431500,2007-11-25,0.27496324045890891,A
06431500,2007-11-26,0.27496324045890891,A
06431500,2007-11-27,0.26923483961601496,A
06431500,2007-11-28,0.26923483961601496,A
06431500,2007-11-29,0.26350643877312102,A
06431500,2007-11-30,0.26350643877312102,A
06431500,2007-12-01,0.26923483961601496,A
06431500,2007-12-02,0.26350643877312102,A:e
06431500,2007-12-03,0.28069164130180285,A
06431500,2007-12-04,0.27496324045890891,A
06431500,2007-12-05,0.28069164130180285,A
06431500,2007-12-06,0.27496324045890891,A
06431500,2007-12-07,0.27496324045890891,A
06431500,2007-12-08,0.27496324045890891,A
06431500,2007-12-09,0.27496324045890891,A
06431500,2007-12-10,0.26350643877312102,A
06431500,2007-12-11,0.26350643877312102,A:e
06431500,2007-12-12,0.22913603371575744,A:e
06431500,2007-12-13,0.23486443455865139,A:e
06431500,2007-12-14,0.24632123624443922,A:e
06431500,2007-12-15,0.25204963708733319,A:e
06431500,2007-12-16,0.26350643877312102,A:e
06431500,2007-12-17,0.26923483961601496,A:e
06431500,2007-12-18,0.26350643877312102,A:e
06431500,2007-12-19,0.26350643877312102,A:e
06431500,2007-12-20,0.26350643877312102,A:e
06431500,2007-12-21,0.27496324045890891,A:e
06431500,2007-12-22,0.25204963708733319,A:e
06431500,2007-12-23,0.22913603371575744,A:e
06431500,2007-12-24,0.22913603371575744,A:e
06431500,2007-12-25,0.22913603371575744,A:e
06431500,2007-12-26,0.23486443455865139,A:e
06431500,2007-12-27,0.23486443455865139,A:e
06431500,2007-12-28,0.24059283540154533,A:e
06431500,2007-12-29,0.24632123624443922,A:e
06431500,2007-12-30,0.26350643877312102,A:e
06431500,2007-12-31,0.26923483961601496,A:e
06431500,2008-01-01,0.28069164130180285,A:e
06431500,2008-01-02,0.2864200421446968,A:e
06431500,2008-01-03,0.29214844298759074,A
06431500,2008-01-04,0.2864200421446968,A
06431500,2008-01-05,0.28069164130180285,A
06431500,2008-01-06,0.26923483961601496,A
06431500,2008-01-07,0.26923483961601496,A
06431500,2008-01-08,0.26350643877312102,A:e
06431500,2008-01-09,0.25777803793022713,A:e
06431500,2008-01-10,0.25204963708733319,A:e
06431500,2008-01-11,0.26350643877312102,A:e
06431500,2008-01-12,0.26923483961601496,A:e
06431500,2008-01-13,0.26923483961601496,A:e
06431500,2008-01-14,0.26923483961601496,A:e
06431500,2008-01-15,0.26923483961601496,A:e
06431500,2008-01-16,0.26350643877312102,A:e
06431500,2008-01-17,0.24059283540154533,A:e
06431500,2008-01-18,0.23486443455865139,A:e
06431500,2008-01-19,0.22913603371575744,A:e
06431500,2008-01-20,0.2234076328728635,A:e
06431500,2008-01-21,0.2234076328728635,A:e
06431500,2008-01-22,0.22913603371575744,A:e
06431500,2008-01-23,0.24059283540154533,A:e
06431500,2008-01-24,0.2864200421446968,A:e
06431500,2008-01-25,0.31506204635916651,A
06431500,2008-01-26,0.31506204635916651,A
06431500,2008-01-27,0.29787684383048468,A
06431500,2008-01-28,0.30933364551627252,A
06431500,2008-01-29,0.29214844298759074,A:e
06431500,2008-01-30,0.2864200421446968,A:e
06431500,2008-01-31,0.24059283540154533,A:e
06431500,2008-02-01,0.25204963708733319,A:e
06431500,2008-02-02,0.26350643877312102,A:e
06431500,2008-02-03,0.26923483961601496,A
06431500,2008-02-04,0.26923483961601496,A
06431500,2008-02-05,0.26350643877312102,A
06431500,2008-02-06,0.26923483961601496,A
06431500,2008-02-07,0.27496324045890891,A
06431500,2008-02-08,0.27496324045890891,A
06431500,2008-02-09,0.26350643877312102,A
06431500,2008-02-10,0.26923483961601496,A:e
06431500,2008-02-11,0.27496324045890891,A
06431500,2008-02-12,0.26350643877312102,A
06431500,2008-02-13,0.26350643877312102,A
06431500,2008-02-14,0.25777803793022713,A
06431500,2008-02-15,0.26350643877312102,A
06431500,2008-02-16,0.26350643877312102,A
06431500,2008-02-17,0.26350643877312102,A
06431500,2008-02-18,0.25777803793022713,A
06431500,2008-02-19,0.26350643877312102,A
06431500,2008-02-20,0.26350643877312102,A
06431500,2008-02-21,0.26923483961601496,A
06431500,2008-02-22,0.26923483961601496,A
06431500,2008-02-23,0.26923483961601496,A
06431500,2008-02-24,0.26923483961601496,A
06431500,2008-02-25,0.26923483961601496,A
06431500,2008-02-26,0.25777803793022713,A
06431500,2008-02-27,0.26923483961601496,A
06431500,2008-02-28,0.26923483961601496,A
06431500,2008-02-29,0.26923483961601496,A
06431500,2008-03-01,0.27496324045890891,A
06431500,2008-03-02,0.2864200421446968,A
06431500,2008-03-03,0.28069164130180285,A
06431500,2008-03-04,0.28069164130180285,A
06431500,2008-03-05,0.28069164130180285,A
06431500,2008-03-06,0.27496324045890891,A
06431500,2008-03-07,0.28069164130180285,A
06431500,2008-03-08,0.28069164130180285,A
06431500,2008-03-09,0.27496324045890891,A
06431500,2008-03-10,0.27496324045890891,A
06431500,2008-03-11,0.28069164130180285,A
06431500,2008-03-12,0.2864200421446968,A
06431500,2008-03-13,0.28069164130180285,A
06431500,2008-03-14,0.28069164130180285,A
06431500,2008-03-15,0.27496324045890891,A
06431500,2008-03-16,0.27496324045890891,A
06431500,2008-03-17,0.27496324045890891,A
06431500,2008-03-18,0.27496324045890891,A
06431500,2008-03-19,0.27496324045890891,A
06431500,2008-03-20,0.27496324045890891,A
06431500,2008-03-21,0.27496324045890891,A
06431500,2008-03-22,0.27496324045890891,A
06431500,2008-03-23,0.27496324045890891,A
06431500,2008-03-24,0.27496324045890891,A
06431500,2008-03-25,0.28069164130180285,A
06431500,2008-03-26,0.28069164130180285,A
06431500,2008-03-27,0.28069164130180285,A
06431500,2008-03-28,0.2864200421446968,A
06431500,2008-03-29,0.2864200421446968,A
06431500,2008-03-30,0.2864200421446968,A
06431500,2008-03-31,0.28069164130180285,A
06431500,2008-04-01,0.28069164130180285,A
06431500,2008-04-02,0.27496324045890891,A
06431500,2008-04-03,0.28069164130180285,A
06431500,2008-04-04,0.2864200421446968,A
06431500,2008-04-05,0.29214844298759074,A
06431500,2008-04-06,0.30360524467337863,A
06431500,2008-04-07,0.29214844298759074,A
06431500,2008-04-08,0.29214844298759074,A
06431500,2008-04-09,0.29214844298759074,A
06431500,2008-04-10,0.29787684383048468,A
06431500,2008-04-11,0.30360524467337863,A
06431500,2008-04-12,0.29787684383048468,A
06431500,2008-04-13,0.29787684383048468,A
06431500,2008-04-14,0.33797564973074218,A
06431500,2008-04-15,0.42390166237415128,A
06431500,2008-04-16,0.42390166237415128,A
06431500,2008-04-17,0.38380285647389367,A
06431500,2008-04-18,0.39525965815968156,A
06431500,2008-04-19,0.42963006321704517,A
06431500,2008-04-20,0.47545726996019666,A
06431500,2008-04-21,0.46400046827440877,A
06431500,2008-04-22,0.45254366658862094,A
06431500,2008-04-23,0.45254366658862094,A
06431500,2008-04-24,0.46400046827440877,A
06431500,2008-04-25,0.45254366658862094,A
06431500,2008-04-26,0.42390166237415128,A
06431500,2008-04-27,0.42390166237415128,A
06431500,2008-04-28,0.42390166237415128,A
06431500,2008-04-29,0.48118567080309066,A
06431500,2008-04-30,0.57284008428939359,A
06431500,2008-05-01,0.63012409271833303,A
06431500,2008-05-02,0.42963006321704517,A
06431500,2008-05-03,0.46972886911730277,A
06431500,2008-05-04,0.56711168344649965,A
06431500,2008-05-05,0.62439569187543897,A
06431500,2008-05-06,0.74469210957621157,A
06431500,2008-05-07,0.77906251463357534,A
06431500,2008-05-08,1.8903722781549988,A
06431500,2008-05-09,1.5867670334816202,A
06431500,2008-05-10,1.3920014048232265,A
06431500,2008-05-11,1.2144209786935145,A
06431500,2008-05-12,1.2487913837508779,A
06431500,2008-05-13,1.2029641770077266,A
06431500,2008-05-14,1.1227665652072114,A
06431500,2008-05-15,1.2487913837508779,A
06431500,2008-05-16,1.4664706157808476,A
06431500,2008-05-17,1.6440510419105596,A
06431500,2008-05-18,1.6268658393818778,A
06431500,2008-05-19,1.4721990166237415,A
06431500,2008-05-20,1.2774333879653477,A
06431500,2008-05-21,1.0941245609927417,A
06431500,2008-05-22,0.94518613907749938,A
06431500,2008-05-23,0.9222725357059236,A
06431500,2008-05-24,1.0196553500351204,A
06431500,2008-05-25,1.0024701475064388,A
06431500,2008-05-26,0.91654413486302977,A
06431500,2008-05-27,0.89935893233434783,A
06431500,2008-05-28,0.85353172559119639,A
06431500,2008-05-29,0.86498852727698428,A
06431500,2008-05-30,0.85353172559119639,A
06431500,2008-05-31,0.81916132053383284,A
06431500,2008-06-01,0.80197611800515101,A
06431500,2008-06-02,0.83061812221962061,A
06431500,2008-06-03,1.0425689534066962,A
06431500,2008-06-04,1.0482973542495901,A
06431500,2008-06-05,3.6547197377663312,A
06431500,2008-06-06,3.8036581596815733,A
06431500,2008-06-07,1.9820266916413016,A
06431500,2008-06-08,1.3690878014516505,A
06431500,2008-06-09,1.0769393584640599,A
06431500,2008-06-10,1.0024701475064388,A
06431500,2008-06-11,1.0139269491922267,A
06431500,2008-06-12,0.9337293373917116,A
06431500,2008-06-13,0.87071692811987822,A
06431500,2008-06-14,0.81916132053383284,A
06431500,2008-06-15,0.77333411379068129,A
06431500,2008-06-16,0.74469210957621157,A
06431500,2008-06-17,0.69886490283306013,A
06431500,2008-06-18,0.65876609693280264,A
06431500,2008-06-19,0.70459330367595407,A
06431500,2008-06-20,0.65303769608990858,A
06431500,2008-06-21,0.63012409271833303,A
06431500,2008-06-22,0.60721048934675725,A
06431500,2008-06-23,0.61293889018965109,A
06431500,2008-06-24,0.60721048934675725,A
06431500,2008-06-25,0.59002528681807542,A
06431500,2008-06-26,0.59002528681807542,A
06431500,2008-06-27,0.58429688597518148,A
06431500,2008-06-28,0.56711168344649965,A
06431500,2008-06-29,0.54419808007492387,A
06431500,2008-06-30,0.52701287754624204,A
06431500,2008-07-01,0.50982767501756021,A
06431500,2008-07-02,0.50982767501756021,A
06431500,2008-07-03,0.51555607586045427,A
06431500,2008-07-04,0.50409927417466638,A
06431500,2008-07-05,0.49264247248887844,A
06431500,2008-07-06,0.50982767501756021,A
06431500,2008-07-07,0.53274127838913599,A
06431500,2008-07-08,0.52701287754624204,A
06431500,2008-07-09,0.51555607586045427,A
06431500,2008-07-10,0.49837087333177243,A
06431500,2008-07-11,0.49264247248887844,A
06431500,2008-07-12,0.48118567080309066,A
06431500,2008-07-13,0.47545726996019666,A
06431500,2008-07-14,0.46972886911730277,A
06431500,2008-07-15,0.46400046827440877,A
06431500,2008-07-16,0.45827206743151488,A
06431500,2008-07-17,0.45254366658862094,A
06431500,2008-07-18,0.50409927417466638,A
06431500,2008-07-19,0.46400046827440877,A
06431500,2008-07-20,0.45254366658862094,A
06431500,2008-07-21,0.446815265745727,A
06431500,2008-07-22,0.44108686490283305,A
06431500,2008-07-23,0.43535846405993911,A
06431500,2008-07-24,0.44108686490283305,A
06431500,2008-07-25,0.44108686490283305,A
06431500,2008-07-26,0.43535846405993911,A
06431500,2008-07-27,0.42963006321704517,A
06431500,2008-07-28,0.42390166237415128,A
06431500,2008-07-29,0.42963006321704517,A
06431500,2008-07-30,0.42390166237415128,A
06431500,2008-07-31,0.41817326153125728,A
06431500,2008-08-01,0.41817326153125728,A
06431500,2008-08-02,0.41817326153125728,A
06431500,2008-08-03,0.41244486068836339,A
06431500,2008-08-04,0.4009880590025755,A
06431500,2008-08-05,0.42390166237415128,A
06431500,2008-08-06,0.50409927417466638,A
06431500,2008-08-07,0.43535846405993911,A
06431500,2008-08-08,0.42390166237415128,A
06431500,2008-08-09,0.42963006321704517,A
06431500,2008-08-10,0.42963006321704517,A
06431500,2008-08-11,0.42390166237415128,A
06431500,2008-08-12,0.41244486068836339,A
06431500,2008-08-13,0.4009880590025755,A
06431500,2008-08-14,0.40671645984546945,A
06431500,2008-08-15,0.40671645984546945,A
06431500,2008-08-16,0.4009880590025755,A
06431500,2008-08-17,0.39525965815968156,A
06431500,2008-08-18,0.38953125731678767,A
06431500,2008-08-19,0.38380285647389367,A
06431500,2008-08-20,0.38380285647389367,A
06431500,2008-08-21,0.38380285647389367,A
06431500,2008-08-22,0.37807445563099978,A
06431500,2008-08-23,0.37234605478810578,A
06431500,2008-08-24,0.37234605478810578,A
06431500,2008-08-25,0.3666176539452119,A
06431500,2008-08-26,0.37234605478810578,A
06431500,2008-08-27,0.37234605478810578,A
06431500,2008-08-28,0.37807445563099978,A
06431500,2008-08-29,0.37807445563099978,A
06431500,2008-08-30,0.37807445563099978,A
06431500,2008-08-31,0.3666176539452119,A
06431500,2008-09-01,0.3666176539452119,A
06431500,2008-09-02,0.37234605478810578,A
06431500,2008-09-03,0.37234605478810578,A
06431500,2008-09-04,0.38380285647389367,A
06431500,2008-09-05,0.37234605478810578,A
06431500,2008-09-06,0.37234605478810578,A
06431500,2008-09-07,0.37807445563099978,A
06431500,2008-09-08,0.37234605478810578,A
06431500,2008-09-09,0.3666176539452119,A
06431500,2008-09-10,0.36088925310231795,A
06431500,2008-09-11,0.3666176539452119,A
06431500,2008-09-12,0.37234605478810578,A
06431500,2008-09-13,0.39525965815968156,A
06431500,2008-09-14,0.37234605478810578,A
06431500,2008-09-15,0.3666176539452119,A
06431500,2008-09-16,0.36088925310231795,A
06431500,2008-09-17,0.36088925310231795,A
06431500,2008-09-18,0.36088925310231795,A
06431500,2008-09-19,0.35516085225942401,A
06431500,2008-09-20,0.34943245141653007,A
06431500,2008-09-21,0.34943245141653007,A
06431500,2008-09-22,0.34943245141653007,A
06431500,2008-09-23,0.35516085225942401,A:e
06431500,2008-09-24,0.35516085225942401,A
06431500,2008-09-25,0.35516085225942401,A
06431500,2008-09-26,0.35516085225942401,A
06431500,2008-09-27,0.35516085225942401,A
06431500,2008-09-28,0.36088925310231795,A
06431500,2008-09-29,0.36088925310231795,A
06431500,2008-09-30,0.36088925310231795,A
03479000,2006-10-01,0.63345755517826829,A
03479000,2006-10-02,0.55038115449915115,A
03479000,2006-10-03,0.52961205432937186,A
03479000,2006-10-04,0.49845840407470293,A
03479000,2006-10-05,0.48807385398981323,A
03479000,2006-10-06,0.74768760611205443,A
03479000,2006-10-07,0.57115025466893043,A
03479000,2006-10-08,0.59191935483870972,A
03479000,2006-10-09,0.58153480475382002,A
03479000,2006-10-10,0.51922750424448227,A
03479000,2006-10-11,0.50884295415959258,A
03479000,2006-10-12,0.56076570458404074,A
03479000,2006-10-13,0.50884295415959258,A
03479000,2006-10-14,0.47768930390492359,A
03479000,2006-10-15,0.45692020373514436,A
03479000,2006-10-16,0.467304753820034,A
03479000,2006-10-17,1.7030662139219017,A
03479000,2006-10-18,1.4642215619694396,A
03479000,2006-10-19,0.95537860780984718,A
03479000,2006-10-20,1.2149923599320884,A
03479000,2006-10-21,1.0280704584040747,A
03479000,2006-10-22,0.89307130730050932,A
03479000,2006-10-23,0.79961035653650259,A
03479000,2006-10-24,0.72691850594227503,A
03479000,2006-10-25,0.69576485568760615,A
03479000,2006-10-26,0.67499575551782687,A
03479000,2006-10-27,0.79961035653650259,A
03479000,2006-10-28,1.7238353140916809,A
03479000,2006-10-29,1.1423005093378609,A
03479000,2006-10-30,0.96576315789473688,A
03479000,2006-10-31,0.89307130730050932,A
03479000,2006-11-01,0.86191765704584045,A
03479000,2006-11-02,1.2149923599320884,A
03479000,2006-11-03,0.97614770797962647,A
03479000,2006-11-04,0.89307130730050932,A
03479000,2006-11-05,0.85153310696095086,A
03479000,2006-11-06,0.80999490662139217,A
03479000,2006-11-07,1.6096052631578948,A
03479000,2006-11-08,11.734541595925297,A
03479000,2006-11-09,4.0292054329371814,A
03479000,2006-11-10,2.5545993208828524,A
03479000,2006-11-11,2.513061120543294,A
03479000,2006-11-12,3.7799762308998304,A
03479000,2006-11-13,2.6480602716468593,A
03479000,2006-11-14,2.1911400679117152,A
03479000,2006-11-15,1.9730645161290326,A
03479000,2006-11-16,13.811451612903227,A
03479000,2006-11-17,6.2411146010186762,A
03479000,2006-11-18,3.831898981324279,A
03479000,2006-11-19,2.9076740237691001,A
03479000,2006-11-20,2.3469083191850597,A
03479000,2006-11-21,1.9834490662139221,A
03479000,2006-11-22,1.838065365025467,A
03479000,2006-11-23,1.7030662139219017,A
03479000,2006-11-24,1.516144312393888,A
03479000,2006-11-25,1.4019142614601019,A
03479000,2006-11-26,1.3084533106960952,A
03479000,2006-11-27,1.2357614601018676,A
03479000,2006-11-28,1.1838387096774194,A
03479000,2006-11-29,1.1526850594227505,A
03479000,2006-11-30,1.869219015280136,A
03479000,2006-12-01,6.3553446519524623,A
03479000,2006-12-02,3.4892088285229206,A
03479000,2006-12-03,2.419600169779287,A
03479000,2006-12-04,2.0353718166383703,A
03479000,2006-12-05,1.7861426146010186,A
03479000,2006-12-06,1.6303743633276739,A
03479000,2006-12-07,1.5369134125636674,A
03479000,2006-12-08,1.3915297113752123,A
03479000,2006-12-09,1.3292224108658746,A:e
03479000,2006-12-10,1.2669151103565366,A:e
03479000,2006-12-11,1.1942232597623093,A
03479000,2006-12-12,1.1423005093378609,A
03479000,2006-12-13,1.1319159592529711,A
03479000,2006-12-14,1.0903777589134127,A
03479000,2006-12-15,1.0488395585738541,A
03479000,2006-12-16,1.0073013582342953,A
03479000,2006-12-17,0.96576315789473688,A
03479000,2006-12-18,0.94499405772495759,A
03479000,2006-12-19,0.934609507640068,A
03479000,2006-12-20,0.91384040747028872,A
03479000,2006-12-21,0.90345585738539913,A
03479000,2006-12-22,5.6595797962648566,A
03479000,2006-12-23,4.3095882852292027,A
03479000,2006-12-24,2.3884465195246185,A
03479000,2006-12-25,2.7726748726655348,A
03479000,2006-12-26,3.0530577249575557,A
03479000,2006-12-27,2.4092156196943977,A
03479000,2006-12-28,2.0665254668930393,A
03479000,2006-12-29,1.869219015280136,A
03479000,2006-12-30,1.7238353140916809,A
03479000,2006-12-31,2.0042181663837013,A
03479000,2007-01-01,13.39606960950764,A
03479000,2007-01-02,5.2441977928692705,A
03479000,2007-01-03,3.5203624787775896,A
03479000,2007-01-04,2.793443972835314,A
03479000,2007-01-05,2.793443972835314,A
03479000,2007-01-06,3.2088259762309002,A
03479000,2007-01-07,2.6169066213921903,A
03479000,2007-01-08,5.2130441426146019,A
03479000,2007-01-09,4.2368964346349749,A
03479000,2007-01-10,3.2607487266553479,A
03479000,2007-01-11,2.6376757215619695,A
03479000,2007-01-12,2.4092156196943977,A
03479000,2007-01-13,2.2742164685908324,A
03479000,2007-01-14,2.0976791171477083,A
03479000,2007-01-15,1.9730645161290326,A
03479000,2007-01-16,1.869219015280136,A
03479000,2007-01-17,1.6719125636672327,A
03479000,2007-01-18,1.5784516129032258,A
03479000,2007-01-19,1.547297962648557,A
03479000,2007-01-20,1.4434524617996605,A
03479000,2007-01-21,1.5784516129032258,A
03479000,2007-01-22,2.0249872665534809,A
03479000,2007-01-23,1.7134507640067913,A
03479000,2007-01-24,1.5888361629881156,A
03479000,2007-01-25,1.5057597623089984,A
03479000,2007-01-26,1.4330679117147709,A
03479000,2007-01-27,1.3603760611205435,A
03479000,2007-01-28,1.3396069609507641,A
03479000,2007-01-29,1.2876842105263158,A:e
03479000,2007-01-30,1.2461460101867572,A:e
03479000,2007-01-31,1.2149923599320884,A:e
03479000,2007-02-01,1.1734541595925299,A:e
03479000,2007-02-02,1.1319159592529711,A:e
03479000,2007-02-03,1.1111468590831919,A:e
03479000,2007-02-04,1.0799932088285229,A:e
03479000,2007-02-05,1.0488395585738541,A:e
03479000,2007-02-06,1.0176859083191852,A:e
03479000,2007-02-07,1.0073013582342953,A:e
03479000,2007-02-08,0.99691680814940586,A:e
03479000,2007-02-09,0.97614770797962647,A:e
03479000,2007-02-10,0.95537860780984718,A:e
03479000,2007-02-11,0.934609507640068,A:e
03479000,2007-02-12,0.92422495755517831,A:e
03479000,2007-02-13,0.90345585738539913,A
03479000,2007-02-14,1.1007623089983023,A
03479000,2007-02-15,0.89307130730050932,A
03479000,2007-02-16,0.89307130730050932,A:e
03479000,2007-02-17,0.88268675721561973,A:e
03479000,2007-02-18,1.2876842105263158,A
03479000,2007-02-19,0.95537860780984718,A
03479000,2007-02-20,0.86191765704584045,A
03479000,2007-02-21,1.7653735144312395,A
03479000,2007-02-22,1.3603760611205435,A
03479000,2007-02-23,1.1319159592529711,A
03479000,2007-02-24,1.0280704584040747,A
03479000,2007-02-25,1.3396069609507641,A
03479000,2007-02-26,1.3707606112054331,A
03479000,2007-02-27,1.2149923599320884,A
03479000,2007-02-28,1.1319159592529711,A
03479000,2007-03-01,1.6303743633276739,A
03479000,2007-03-02,6.749957555178268,A
03479000,2007-03-03,3.2607487266553479,A
03479000,2007-03-04,2.3053701188455009,A
03479000,2007-03-05,1.8899881154499152,A
03479000,2007-03-06,1.6615280135823431,A
03479000,2007-03-07,1.516144312393888,A
03479000,2007-03-08,1.4122988115449917,A
03479000,2007-03-09,1.3084533106960952,A
03479000,2007-03-10,1.256530560271647,A
03479000,2007-03-11,1.2461460101867572,A
03479000,2007-03-12,1.1526850594227505,A
03479000,2007-03-13,1.1111468590831919,A
03479000,2007-03-14,1.0799932088285229,A
03479000,2007-03-15,1.1215314091680815,A
03479000,2007-03-16,4.9638149405772491,A
03479000,2007-03-17,4.1226663837011888,A
03479000,2007-03-18,2.6376757215619695,A
03479000,2007-03-19,2.0976791171477083,A
03479000,2007-03-20,1.8484499151103566,A
03479000,2007-03-21,1.7446044142614603,A
03479000,2007-03-22,1.5992207130730052,A
03479000,2007-03-23,1.4953752122241089,A
03479000,2007-03-24,1.4122988115449917,A
03479000,2007-03-25,1.3292224108658746,A
03479000,2007-03-26,1.3292224108658746,A
03479000,2007-03-27,1.2669151103565366,A
03479000,2007-03-28,1.2876842105263158,A
03479000,2007-03-29,2.7415212224108663,A
03479000,2007-03-30,1.7446044142614603,A
03479000,2007-03-31,1.547297962648557,A
03479000,2007-04-01,1.4849906621392193,A
03479000,2007-04-02,1.4538370118845501,A
03479000,2007-04-03,1.3188378607809847,A
03479000,2007-04-04,1.2980687606112054,A
03479000,2007-04-05,1.1942232597623093,A
03479000,2007-04-06,1.1526850594227505,A
03479000,2007-04-07,1.1942232597623093,A
03479000,2007-04-08,1.1215314091680815,A
03479000,2007-04-09,1.1007623089983023,A
03479000,2007-04-10,1.0488395585738541,A
03479000,2007-04-11,1.0592241086587437,A
03479000,2007-04-12,1.256530560271647,A
03479000,2007-04-13,1.0384550084889645,A
03479000,2007-04-14,1.0280704584040747,A
03479000,2007-04-15,1.5784516129032258,A
03479000,2007-04-16,1.6096052631578948,A
03479000,2007-04-17,1.4122988115449917,A
03479000,2007-04-18,1.3084533106960952,A
03479000,2007-04-19,1.4746061120543295,A
03479000,2007-04-20,1.6615280135823431,A
03479000,2007-04-21,1.4642215619694396,A
03479000,2007-04-22,1.3499915110356537,A
03479000,2007-04-23,1.256530560271647,A
03479000,2007-04-24,1.2046078098471988,A
03479000,2007-04-25,1.1526850594227505,A
03479000,2007-04-26,1.1215314091680815,A
03479000,2007-04-27,1.1007623089983023,A
03479000,2007-04-28,1.0176859083191852,A
03479000,2007-04-29,0.97614770797962647,A
03479000,2007-04-30,0.92422495755517831,A
03479000,2007-05-01,0.89307130730050932,A
03479000,2007-05-02,0.86191765704584045,A
03479000,2007-05-03,0.91384040747028872,A
03479000,2007-05-04,1.16306960950764,A
03479000,2007-05-05,1.0592241086587437,A
03479000,2007-05-06,0.99691680814940586,A
03479000,2007-05-07,0.87230220713073015,A
03479000,2007-05-08,0.83076400679117157,A
03479000,2007-05-09,0.82037945670628198,A
03479000,2007-05-10,0.79961035653650259,A
03479000,2007-05-11,0.934609507640068,A
03479000,2007-05-12,0.79961035653650259,A
03479000,2007-05-13,0.76845670628183371,A
03479000,2007-05-14,0.69576485568760615,A
03479000,2007-05-15,0.67499575551782687,A
03479000,2007-05-16,0.68538030560271657,A
03479000,2007-05-17,0.69576485568760615,A
03479000,2007-05-18,0.63345755517826829,A
03479000,2007-05-19,0.61268845500848901,A
03479000,2007-05-20,0.58153480475382002,A
03479000,2007-05-21,0.56076570458404074,A
03479000,2007-05-22,0.53999660441426145,A
03479000,2007-05-23,0.51922750424448227,A
03479000,2007-05-24,0.51922750424448227,A
03479000,2007-05-25,0.50884295415959258,A
03479000,2007-05-26,0.57115025466893043,A
03479000,2007-05-27,0.55038115449915115,A
03479000,2007-05-28,0.50884295415959258,A
03479000,2007-05-29,0.49845840407470293,A
03479000,2007-05-30,0.43615110356536507,A
03479000,2007-05-31,0.41538200339558579,A
03479000,2007-06-01,0.48807385398981323,A
03479000,2007-06-02,0.60230390492359942,A
03479000,2007-06-03,0.53999660441426145,A
03479000,2007-06-04,0.51922750424448227,A
03479000,2007-06-05,0.48807385398981323,A
03479000,2007-06-06,0.6230730050933786,A
03479000,2007-06-07,0.43615110356536507,A
03479000,2007-06-08,0.39461290322580644,A
03479000,2007-06-09,0.37384380305602721,A
03479000,2007-06-10,0.34269015280135828,A
03479000,2007-06-11,0.33230560271646864,A
03479000,2007-06-12,0.33230560271646864,A
03479000,2007-06-13,0.35307470288624793,A
03479000,2007-06-14,0.49845840407470293,A
03479000,2007-06-15,0.60230390492359942,A
03479000,2007-06-16,0.47768930390492359,A
03479000,2007-06-17,0.39461290322580644,A
03479000,2007-06-18,0.34269015280135828,A
03479000,2007-06-19,0.32192105263157894,A
03479000,2007-06-20,0.51922750424448227,A
03479000,2007-06-21,0.34269015280135828,A
03479000,2007-06-22,0.29076740237691001,A
03479000,2007-06-23,0.28038285229202037,A
03479000,2007-06-24,0.89307130730050932,A
03479000,2007-06-25,1.1734541595925299,A
03479000,2007-06-26,0.95537860780984718,A
03479000,2007-06-27,0.73730305602716473,A
03479000,2007-06-28,1.7757580645161291,A
03479000,2007-06-29,1.3188378607809847,A
03479000,2007-06-30,1.6615280135823431,A
03479000,2007-07-01,1.0073013582342953,A
03479000,2007-07-02,0.75807215619694401,A
03479000,2007-07-03,0.65422665534804758,A
03479000,2007-07-04,0.74768760611205443,A
03479000,2007-07-05,0.84114855687606116,A
03479000,2007-07-06,1.0592241086587437,A
03479000,2007-07-07,0.74768760611205443,A
03479000,2007-07-08,0.6230730050933786,A
03479000,2007-07-09,0.55038115449915115,A
03479000,2007-07-10,0.48807385398981323,A
03479000,2007-07-11,0.57115025466893043,A
03479000,2007-07-12,0.55038115449915115,A
03479000,2007-07-13,0.45692020373514436,A
03479000,2007-07-14,0.45692020373514436,A
03479000,2007-07-15,0.41538200339558579,A
03479000,2007-07-16,0.40499745331069609,A
03479000,2007-07-17,0.74768760611205443,A
03479000,2007-07-18,0.96576315789473688,A
03479000,2007-07-19,0.6230730050933786,A
03479000,2007-07-20,0.58153480475382002,A
03479000,2007-07-21,0.53999660441426145,A
03479000,2007-07-22,0.43615110356536507,A
03479000,2007-07-23,0.47768930390492359,A
03479000,2007-07-24,1.3603760611205435,A
03479000,2007-07-25,1.8796035653650256,A
03479000,2007-07-26,2.2742164685908324,A
03479000,2007-07-27,1.640758913412564,A
03479000,2007-07-28,1.1838387096774194,A
03479000,2007-07-29,0.96576315789473688,A
03479000,2007-07-30,0.934609507640068,A
03479000,2007-07-31,0.99691680814940586,A
03479000,2007-08-01,0.80999490662139217,A
03479000,2007-08-02,0.83076400679117157,A
03479000,2007-08-03,0.68538030560271657,A
03479000,2007-08-04,0.59191935483870972,A
03479000,2007-08-05,0.53999660441426145,A
03479000,2007-08-06,0.51922750424448227,A
03479000,2007-08-07,0.47768930390492359,A
03479000,2007-08-08,0.44653565365025466,A
03479000,2007-08-09,0.41538200339558579,A
03479000,2007-08-10,0.40499745331069609,A
03479000,2007-08-11,0.40499745331069609,A
03479000,2007-08-12,0.37384380305602721,A
03479000,2007-08-13,0.38422835314091686,A
03479000,2007-08-14,0.34269015280135828,A
03479000,2007-08-15,0.3115365025466893,A
03479000,2007-08-16,0.29076740237691001,A
03479000,2007-08-17,0.28038285229202037,A
03479000,2007-08-18,0.25961375212224114,A
03479000,2007-08-19,0.2388446519524618,A
03479000,2007-08-20,0.2388446519524618,A
03479000,2007-08-21,0.26999830220713072,A
03479000,2007-08-22,0.35307470288624793,A
03479000,2007-08-23,0.26999830220713072,A
03479000,2007-08-24,0.26999830220713072,A
03479000,2007-08-25,0.24922920203735147,A
03479000,2007-08-26,0.3115365025466893,A
03479000,2007-08-27,0.2388446519524618,A
03479000,2007-08-28,0.22846010186757218,A
03479000,2007-08-29,0.35307470288624793,A
03479000,2007-08-30,0.42576655348047543,A
03479000,2007-08-31,0.64384210526315788,A
03479000,2007-09-01,0.86191765704584045,A
03479000,2007-09-02,0.49845840407470293,A
03479000,2007-09-03,0.35307470288624793,A
03479000,2007-09-04,0.30115195246179971,A
03479000,2007-09-05,0.26999830220713072,A
03479000,2007-09-06,0.2388446519524618,A
03479000,2007-09-07,0.21807555178268254,A
03479000,2007-09-08,0.20769100169779289,A
03479000,2007-09-09,0.19730645161290322,A
03479000,2007-09-10,0.18692190152801361,A
03479000,2007-09-11,0.19730645161290322,A
03479000,2007-09-12,0.20769100169779289,A
03479000,2007-09-13,0.18692190152801361,A
03479000,2007-09-14,0.74768760611205443,A
03479000,2007-09-15,1.0799932088285229,A
03479000,2007-09-16,0.49845840407470293,A
03479000,2007-09-17,0.36345925297113751,A
03479000,2007-09-18,0.32192105263157894,A
03479000,2007-09-19,0.29076740237691001,A
03479000,2007-09-20,0.26999830220713072,A
03479000,2007-09-21,0.25961375212224114,A
03479000,2007-09-22,0.26999830220713072,A
03479000,2007-09-23,0.24922920203735147,A
03479000,2007-09-24,0.22846010186757218,A
03479000,2007-09-25,0.21807555178268254,A
03479000,2007-09-26,0.20769100169779289,A
03479000,2007-09-27,0.19730645161290322,A
03479000,2007-09-28,0.19730645161290322,A
03479000,2007-09-29,0.17653735144312396,A
03479000,2007-09-30,0.16615280135823432,A
03479000,2007-10-01,0.15576825127334465,A
03479000,2007-10-02,0.15576825127334465,A
03479000,2007-10-03,0.17653735144312396,A
03479000,2007-10-04,0.49845840407470293,A
03479000,2007-10-05,1.1319159592529711,A
03479000,2007-10-06,0.78922580645161289,A
03479000,2007-10-07,0.43615110356536507,A
03479000,2007-10-08,0.34269015280135828,A
03479000,2007-10-09,0.30115195246179971,A
03479000,2007-10-10,0.30115195246179971,A
03479000,2007-10-11,0.25961375212224114,A
03479000,2007-10-12,0.2388446519524618,A
03479000,2007-10-13,0.2388446519524618,A
03479000,2007-10-14,0.22846010186757218,A
03479000,2007-10-15,0.22846010186757218,A
03479000,2007-10-16,0.21807555178268254,A
03479000,2007-10-17,0.21807555178268254,A
03479000,2007-10-18,0.21807555178268254,A
03479000,2007-10-19,0.38422835314091686,A
03479000,2007-10-20,0.72691850594227503,A
03479000,2007-10-21,0.37384380305602721,A
03479000,2007-10-22,0.32192105263157894,A
03479000,2007-10-23,0.72691850594227503,A
03479000,2007-10-24,2.6792139219015283,A
03479000,2007-10-25,4.1538200339558582,A
03479000,2007-10-26,2.3780619694397283,A
03479000,2007-10-27,1.5265288624787778,A
03479000,2007-10-28,1.1007623089983023,A
03479000,2007-10-29,0.90345585738539913,A
03479000,2007-10-30,0.7788412563667233,A
03479000,2007-10-31,0.70614940577249585,A
03479000,2007-11-01,0.64384210526315788,A
03479000,2007-11-02,0.59191935483870972,A
03479000,2007-11-03,0.55038115449915115,A
03479000,2007-11-04,0.50884295415959258,A
03479000,2007-11-05,0.47768930390492359,A
03479000,2007-11-06,0.53999660441426145,A
03479000,2007-11-07,0.47768930390492359,A
03479000,2007-11-08,0.44653565365025466,A
03479000,2007-11-09,0.44653565365025466,A
03479000,2007-11-10,0.45692020373514436,A
03479000,2007-11-11,0.42576655348047543,A
03479000,2007-11-12,0.41538200339558579,A
03479000,2007-11-13,0.41538200339558579,A
03479000,2007-11-14,0.41538200339558579,A
03479000,2007-11-15,0.52961205432937186,A
03479000,2007-11-16,0.467304753820034,A
03479000,2007-11-17,0.41538200339558579,A
03479000,2007-11-18,0.39461290322580644,A
03479000,2007-11-19,0.39461290322580644,A
03479000,2007-11-20,0.39461290322580644,A
03479000,2007-11-21,0.39461290322580644,A
03479000,2007-11-22,0.38422835314091686,A
03479000,2007-11-23,0.37384380305602721,A
03479000,2007-11-24,0.35307470288624793,A
03479000,2007-11-25,0.35307470288624793,A
03479000,2007-11-26,0.40499745331069609,A
03479000,2007-11-27,0.49845840407470293,A
03479000,2007-11-28,0.42576655348047543,A
03479000,2007-11-29,0.38422835314091686,A
03479000,2007-11-30,0.37384380305602721,A
03479000,2007-12-01,0.36345925297113751,A
03479000,2007-12-02,0.35307470288624793,A
03479000,2007-12-03,0.45692020373514436,A
03479000,2007-12-04,0.38422835314091686,A
03479000,2007-12-05,0.37384380305602721,A
03479000,2007-12-06,0.44653565365025466,A
03479000,2007-12-07,0.38422835314091686,A
03479000,2007-12-08,0.38422835314091686,A
03479000,2007-12-09,0.39461290322580644,A
03479000,2007-12-10,0.39461290322580644,A
03479000,2007-12-11,0.38422835314091686,A
03479000,2007-12-12,0.37384380305602721,A
03479000,2007-12-13,0.38422835314091686,A
03479000,2007-12-14,0.38422835314091686,A
03479000,2007-12-15,0.37384380305602721,A
03479000,2007-12-16,0.85153310696095086,A
03479000,2007-12-17,0.67499575551782687,A
03479000,2007-12-18,0.52961205432937186,A:e
03479000,2007-12-19,0.49845840407470293,A
03479000,2007-12-20,0.48807385398981323,A
03479000,2007-12-21,0.63345755517826829,A
03479000,2007-12-22,0.69576485568760615,A
03479000,2007-12-23,2.1807555178268254,A
03479000,2007-12-24,1.7238353140916809,A
03479000,2007-12-25,1.16306960950764,A
03479000,2007-12-26,1.0280704584040747,A
03479000,2007-12-27,0.95537860780984718,A
03479000,2007-12-28,1.0488395585738541,A
03479000,2007-12-29,1.7134507640067913,A
03479000,2007-12-30,1.5057597623089984,A
03479000,2007-12-31,1.640758913412564,A
03479000,2008-01-01,1.3396069609507641,A
03479000,2008-01-02,1.1734541595925299,A:e
03479000,2008-01-03,1.0592241086587437,A:e
03479000,2008-01-04,0.98653225806451628,A:e
03479000,2008-01-05,0.92422495755517831,A:e
03479000,2008-01-06,0.88268675721561973,A
03479000,2008-01-07,0.82037945670628198,A
03479000,2008-01-08,0.7788412563667233,A
03479000,2008-01-09,0.76845670628183371,A
03479000,2008-01-10,0.7788412563667233,A
03479000,2008-01-11,1.2772996604414262,A
03479000,2008-01-12,1.1007623089983023,A
03479000,2008-01-13,0.96576315789473688,A
03479000,2008-01-14,0.91384040747028872,A
03479000,2008-01-15,0.83076400679117157,A
03479000,2008-01-16,0.7788412563667233,A:e
03479000,2008-01-17,0.86191765704584045,A
03479000,2008-01-18,0.934609507640068,A
03479000,2008-01-19,0.88268675721561973,A
03479000,2008-01-20,0.84114855687606116,A:e
03479000,2008-01-21,0.80999490662139217,A:e
03479000,2008-01-22,0.78922580645161289,A:e
03479000,2008-01-23,0.76845670628183371,A
03479000,2008-01-24,0.71653395585738544,A
03479000,2008-01-25,0.67499575551782687,A:e
03479000,2008-01-26,0.64384210526315788,A:e
03479000,2008-01-27,0.6230730050933786,A
03479000,2008-01-28,0.60230390492359942,A
03479000,2008-01-29,0.61268845500848901,A
03479000,2008-01-30,0.71653395585738544,A
03479000,2008-01-31,0.64384210526315788,A
03479000,2008-02-01,1.547297962648557,A
03479000,2008-02-02,1.640758913412564,A
03479000,2008-02-03,1.2669151103565366,A
03479000,2008-02-04,1.516144312393888,A
03479000,2008-02-05,2.1807555178268254,A
03479000,2008-02-06,2.1080636672325976,A
03479000,2008-02-07,2.1288327674023768,A
03479000,2008-02-08,1.7134507640067913,A
03479000,2008-02-09,1.4849906621392193,A
03479000,2008-02-10,1.2980687606112054,A
03479000,2008-02-11,1.1423005093378609,A
03479000,2008-02-12,1.0903777589134127,A
03479000,2008-02-13,1.1319159592529711,A
03479000,2008-02-14,1.0176859083191852,A
03479000,2008-02-15,0.934609507640068,A
03479000,2008-02-16,0.89307130730050932,A
03479000,2008-02-17,0.91384040747028872,A
03479000,2008-02-18,2.4611383701188454,A
03479000,2008-02-19,1.5888361629881156,A
03479000,2008-02-20,1.3603760611205435,A
03479000,2008-02-21,1.2461460101867572,A
03479000,2008-02-22,1.1838387096774194,A
03479000,2008-02-23,1.1319159592529711,A
03479000,2008-02-24,1.0488395585738541,A
03479000,2008-02-25,1.0280704584040747,A
03479000,2008-02-26,1.1526850594227505,A
03479000,2008-02-27,1.2461460101867572,A
03479000,2008-02-28,1.0903777589134127,A
03479000,2008-02-29,1.0488395585738541,A
03479000,2008-03-01,1.1734541595925299,A
03479000,2008-03-02,1.1526850594227505,A
03479000,2008-03-03,1.1007623089983023,A
03479000,2008-03-04,22.638319185059427,A
03479000,2008-03-05,16.822971137521222,A
03479000,2008-03-06,5.8153480475382002,A
03479000,2008-03-07,4.9222767402376908,A
03479000,2008-03-08,4.7561239388794565,A
03479000,2008-03-09,3.5307470288624789,A
03479000,2008-03-10,2.8453667232597626,A
03479000,2008-03-11,2.4092156196943977,A
03479000,2008-03-12,2.1184482173174874,A
03479000,2008-03-13,1.8588344651952464,A
03479000,2008-03-14,1.6511434634974536,A
03479000,2008-03-15,1.838065365025467,A
03479000,2008-03-16,2.2430628183361629,A
03479000,2008-03-17,1.7965271646859082,A
03479000,2008-03-18,1.6719125636672327,A
03479000,2008-03-19,1.9211417657045842,A
03479000,2008-03-20,2.7622903225806454,A
03479000,2008-03-21,2.4403692699490662,A
03479000,2008-03-22,1.9730645161290326,A
03479000,2008-03-23,1.7757580645161291,A
03479000,2008-03-24,1.6199898132427843,A
03479000,2008-03-25,1.4849906621392193,A
03479000,2008-03-26,1.3915297113752123,A
03479000,2008-03-27,1.3188378607809847,A
03479000,2008-03-28,1.256530560271647,A
03479000,2008-03-29,1.256530560271647,A
03479000,2008-03-30,1.16306960950764,A
03479000,2008-03-31,1.0799932088285229,A
03479000,2008-04-01,1.0488395585738541,A
03479000,2008-04-02,1.0176859083191852,A
03479000,2008-04-03,1.2046078098471988,A
03479000,2008-04-04,1.225376910016978,A
03479000,2008-04-05,1.1111468590831919,A
03479000,2008-04-06,2.450753820033956,A
03479000,2008-04-07,1.6822971137521223,A
03479000,2008-04-08,1.6096052631578948,A
03479000,2008-04-09,1.5369134125636674,A
03479000,2008-04-10,1.2669151103565366,A
03479000,2008-04-11,1.1942232597623093,A
03479000,2008-04-12,1.2046078098471988,A
03479000,2008-04-13,1.1007623089983023,A
03479000,2008-04-14,1.0696086587436333,A
03479000,2008-04-15,1.0176859083191852,A
03479000,2008-04-16,0.94499405772495759,A
03479000,2008-04-17,0.90345585738539913,A
03479000,2008-04-18,0.87230220713073015,A
03479000,2008-04-19,0.92422495755517831,A
03479000,2008-04-20,1.3499915110356537,A
03479000,2008-04-21,0.97614770797962647,A
03479000,2008-04-22,0.92422495755517831,A
03479000,2008-04-23,0.88268675721561973,A
03479000,2008-04-24,0.86191765704584045,A
03479000,2008-04-25,0.82037945670628198,A
03479000,2008-04-26,0.80999490662139217,A
03479000,2008-04-27,0.80999490662139217,A
03479000,2008-04-28,1.1838387096774194,A
03479000,2008-04-29,1.0488395585738541,A
03479000,2008-04-30,0.89307130730050932,A
03479000,2008-05-01,0.84114855687606116,A
03479000,2008-05-02,0.79961035653650259,A
03479000,2008-05-03,0.79961035653650259,A
03479000,2008-05-04,0.78922580645161289,A
03479000,2008-05-05,0.74768760611205443,A
03479000,2008-05-06,0.71653395585738544,A
03479000,2008-05-07,0.67499575551782687,A
03479000,2008-05-08,0.67499575551782687,A
03479000,2008-05-09,0.82037945670628198,A
03479000,2008-05-10,0.68538030560271657,A
03479000,2008-05-11,0.68538030560271657,A
03479000,2008-05-12,0.95537860780984718,A
03479000,2008-05-13,0.75807215619694401,A
03479000,2008-05-14,0.68538030560271657,A
03479000,2008-05-15,0.68538030560271657,A
03479000,2008-05-16,0.7788412563667233,A
03479000,2008-05-17,0.70614940577249585,A
03479000,2008-05-18,0.68538030560271657,A
03479000,2008-05-19,0.79961035653650259,A
03479000,2008-05-20,0.68538030560271657,A
03479000,2008-05-21,0.69576485568760615,A
03479000,2008-05-22,0.59191935483870972,A
03479000,2008-05-23,0.56076570458404074,A
03479000,2008-05-24,0.58153480475382002,A
03479000,2008-05-25,0.53999660441426145,A
03479000,2008-05-26,0.50884295415959258,A
03479000,2008-05-27,0.50884295415959258,A
03479000,2008-05-28,0.6230730050933786,A
03479000,2008-05-29,0.74768760611205443,A
03479000,2008-05-30,0.57115025466893043,A
03479000,2008-05-31,0.65422665534804758,A
03479000,2008-06-01,0.55038115449915115,A
03479000,2008-06-02,0.51922750424448227,A
03479000,2008-06-03,0.47768930390492359,A
03479000,2008-06-04,0.467304753820034,A
03479000,2008-06-05,0.43615110356536507,A
03479000,2008-06-06,0.40499745331069609,A
03479000,2008-06-07,0.38422835314091686,A
03479000,2008-06-08,0.53999660441426145,A
03479000,2008-06-09,0.59191935483870972,A
03479000,2008-06-10,1.5784516129032258,A
03479000,2008-06-11,1.4538370118845501,A
03479000,2008-06-12,0.82037945670628198,A
03479000,2008-06-13,0.60230390492359942,A
03479000,2008-06-14,0.80999490662139217,A
03479000,2008-06-15,1.1734541595925299,A
03479000,2008-06-16,0.72691850594227503,A
03479000,2008-06-17,0.59191935483870972,A
03479000,2008-06-18,0.51922750424448227,A
03479000,2008-06-19,0.467304753820034,A
03479000,2008-06-20,0.43615110356536507,A
03479000,2008-06-21,0.42576655348047543,A
03479000,2008-06-22,0.71653395585738544,A
03479000,2008-06-23,0.92422495755517831,A
03479000,2008-06-24,0.57115025466893043,A
03479000,2008-06-25,0.467304753820034,A
03479000,2008-06-26,0.43615110356536507,A
03479000,2008-06-27,0.64384210526315788,A
03479000,2008-06-28,0.47768930390492359,A
03479000,2008-06-29,0.57115025466893043,A
03479000,2008-06-30,0.6230730050933786,A
03479000,2008-07-01,0.467304753820034,A
03479000,2008-07-02,0.39461290322580644,A
03479000,2008-07-03,0.36345925297113751,A
03479000,2008-07-04,0.35307470288624793,A
03479000,2008-07-05,0.86191765704584045,A
03479000,2008-07-06,1.3396069609507641,A
03479000,2008-07-07,1.5057597623089984,A
03479000,2008-07-08,0.86191765704584045,A
03479000,2008-07-09,1.0280704584040747,A
03479000,2008-07-10,1.4434524617996605,A
03479000,2008-07-11,1.4953752122241089,A
03479000,2008-07-12,0.934609507640068,A
03479000,2008-07-13,1.1215314091680815,A
03479000,2008-07-14,2.0353718166383703,A
03479000,2008-07-15,0.99691680814940586,A
03479000,2008-07-16,0.7788412563667233,A
03479000,2008-07-17,0.67499575551782687,A
03479000,2008-07-18,0.59191935483870972,A
03479000,2008-07-19,0.53999660441426145,A
03479000,2008-07-20,0.48807385398981323,A
03479000,2008-07-21,0.467304753820034,A
03479000,2008-07-22,0.44653565365025466,A
03479000,2008-07-23,0.49845840407470293,A
03479000,2008-07-24,0.45692020373514436,A
03479000,2008-07-25,0.40499745331069609,A
03479000,2008-07-26,0.39461290322580644,A
03479000,2008-07-27,0.39461290322580644,A
03479000,2008-07-28,0.37384380305602721,A
03479000,2008-07-29,0.49845840407470293,A
03479000,2008-07-30,0.37384380305602721,A
03479000,2008-07-31,0.43615110356536507,A
03479000,2008-08-01,0.51922750424448227,A
03479000,2008-08-02,0.41538200339558579,A
03479000,2008-08-03,0.43615110356536507,A
03479000,2008-08-04,0.32192105263157894,A
03479000,2008-08-05,0.28038285229202037,A
03479000,2008-08-06,0.30115195246179971,A
03479000,2008-08-07,0.33230560271646864,A
03479000,2008-08-08,0.33230560271646864,A
03479000,2008-08-09,0.26999830220713072,A
03479000,2008-08-10,0.24922920203735147,A
03479000,2008-08-11,0.2388446519524618,A
03479000,2008-08-12,0.21807555178268254,A
03479000,2008-08-13,0.22846010186757218,A
03479000,2008-08-14,0.24922920203735147,A
03479000,2008-08-15,0.22846010186757218,A
03479000,2008-08-16,0.20769100169779289,A
03479000,2008-08-17,0.19730645161290322,A
03479000,2008-08-18,0.19730645161290322,A
03479000,2008-08-19,0.18692190152801361,A
03479000,2008-08-20,0.17653735144312396,A
03479000,2008-08-21,0.16615280135823432,A
03479000,2008-08-22,0.16615280135823432,A
03479000,2008-08-23,0.15576825127334465,A
03479000,2008-08-24,0.15576825127334465,A
03479000,2008-08-25,0.20769100169779289,A
03479000,2008-08-26,0.74768760611205443,A
03479000,2008-08-27,9.8860916808149408,A
03479000,2008-08-28,2.9388276740237695,A
03479000,2008-08-29,1.6511434634974536,A
03479000,2008-08-30,1.1007623089983023,A
03479000,2008-08-31,0.89307130730050932,A
03479000,2008-09-01,0.934609507640068,A
03479000,2008-09-02,0.79961035653650259,A
03479000,2008-09-03,0.65422665534804758,A
03479000,2008-09-04,0.56076570458404074,A
03479000,2008-09-05,0.50884295415959258,A
03479000,2008-09-06,0.467304753820034,A
03479000,2008-09-07,0.45692020373514436,A
03479000,2008-09-08,0.41538200339558579,A
03479000,2008-09-09,1.6719125636672327,A
03479000,2008-09-10,1.2149923599320884,A
03479000,2008-09-11,1.0280704584040747,A
03479000,2008-09-12,0.90345585738539913,A
03479000,2008-09-13,0.78922580645161289,A
03479000,2008-09-14,0.66461120543293728,A
03479000,2008-09-15,0.59191935483870972,A
03479000,2008-09-16,0.61268845500848901,A
03479000,2008-09-17,0.60230390492359942,A
03479000,2008-09-18,0.51922750424448227,A
03479000,2008-09-19,0.467304753820034,A
03479000,2008-09-20,0.44653565365025466,A
03479000,2008-09-21,0.42576655348047543,A
03479000,2008-09-22,0.40499745331069609,A
03479000,2008-09-23,0.37384380305602721,A
03479000,2008-09-24,0.37384380305602721,A
03479000,2008-09-25,0.35307470288624793,A
03479000,2008-09-26,0.55038115449915115,A
03479000,2008-09-27,1.7549889643463499,A
03479000,2008-09-28,1.1423005093378609,A
03479000,2008-09-29,0.76845670628183371,A
03479000,2008-09-30,0.6230730050933786,A
02296500,2006-10-01,0.36986055956678704,A
02296500,2006-10-02,0.32569810469314081,A
02296500,2006-10-03,0.28705595667870037,A
02296500,2006-10-04,0.25669426895306863,A
02296500,2006-10-05,0.22909273465703972,A
02296500,2006-10-06,0.2097716606498195,A
02296500,2006-10-07,0.19045058664259928,A
02296500,2006-10-08,0.17388966606498196,A
02296500,2006-10-09,0.16008889891696754,A
02296500,2006-10-10,0.14628813176895308,A
02296500,2006-10-11,0.13800767148014442,A
02296500,2006-10-12,0.12972721119133573,A
02296500,2006-10-13,0.12144675090252709,A
02296500,2006-10-14,0.11316629061371843,A
02296500,2006-10-15,0.10764598375451263,A
02296500,2006-10-16,0.10212567689530687,A
02296500,2006-10-17,0.09660537003610109,A
02296500,2006-10-18,0.093845216606498208,A
02296500,2006-10-19,0.088324909747292429,A
02296500,2006-10-20,0.085564756317689533,A
02296500,2006-10-21,0.082804602888086637,A
02296500,2006-10-22,0.080044449458483768,A
02296500,2006-10-23,0.077284296028880872,A
02296500,2006-10-24,0.074524142599277976,A
02296500,2006-10-25,0.069003835740072211,A
02296500,2006-10-26,0.069003835740072211,A
02296500,2006-10-27,0.066243682310469315,A
02296500,2006-10-28,0.11040613718411553,A
02296500,2006-10-29,0.16560920577617327,A
02296500,2006-10-30,0.13800767148014442,A
02296500,2006-10-31,0.12696705776173287,A
02296500,2006-11-01,0.12420690433212998,A
02296500,2006-11-02,0.11316629061371843,A
02296500,2006-11-03,0.099365523465703973,A
02296500,2006-11-04,0.088324909747292429,A
02296500,2006-11-05,0.077284296028880872,A
02296500,2006-11-06,0.071763989169675094,A
02296500,2006-11-07,0.066243682310469315,A
02296500,2006-11-08,0.066243682310469315,A
02296500,2006-11-09,0.060723375451263543,A
02296500,2006-11-10,0.057963222021660661,A
02296500,2006-11-11,0.055203068592057765,A
02296500,2006-11-12,0.052442915162454876,A
02296500,2006-11-13,0.049682761732851986,A
02296500,2006-11-14,0.046922608303249104,A
02296500,2006-11-15,0.046922608303249104,A
02296500,2006-11-16,0.049682761732851986,A
02296500,2006-11-17,0.055203068592057765,A
02296500,2006-11-18,0.055203068592057765,A
02296500,2006-11-19,0.049682761732851986,A
02296500,2006-11-20,0.046922608303249104,A
02296500,2006-11-21,0.044162454873646215,A
02296500,2006-11-22,0.041402301444043318,A
02296500,2006-11-23,0.038642148014440436,A
02296500,2006-11-24,0.038642148014440436,A
02296500,2006-11-25,0.035881994584837547,A
02296500,2006-11-26,0.035881994584837547,A
02296500,2006-11-27,0.035881994584837547,A
02296500,2006-11-28,0.035881994584837547,A
02296500,2006-11-29,0.033121841155234658,A
02296500,2006-11-30,0.033121841155234658,A
02296500,2006-12-01,0.033121841155234658,A
02296500,2006-12-02,0.033121841155234658,A
02296500,2006-12-03,0.030361687725631772,A
02296500,2006-12-04,0.030361687725631772,A
02296500,2006-12-05,0.030361687725631772,A
02296500,2006-12-06,0.027601534296028882,A
02296500,2006-12-07,0.027325518953068593,A
02296500,2006-12-08,0.026497472924187724,A
02296500,2006-12-09,0.025669426895306865,A
02296500,2006-12-10,0.024841380866425993,A
02296500,2006-12-11,0.024289350180505417,A
02296500,2006-12-12,0.024013334837545124,A
02296500,2006-12-13,0.024013334837545124,A
02296500,2006-12-14,0.025945442238267152,A
02296500,2006-12-15,0.027601534296028882,A
02296500,2006-12-16,0.027601534296028882,A
02296500,2006-12-17,0.027601534296028882,A
02296500,2006-12-18,0.027601534296028882,A
02296500,2006-12-19,0.026497472924187724,A
02296500,2006-12-20,0.025393411552346572,A
02296500,2006-12-21,0.024565365523465707,A
02296500,2006-12-22,0.024841380866425993,A
02296500,2006-12-23,0.027049503610108307,A
02296500,2006-12-24,0.027601534296028882,A
02296500,2006-12-25,0.035881994584837547,A
02296500,2006-12-26,0.066243682310469315,A
02296500,2006-12-27,0.080044449458483768,A
02296500,2006-12-28,0.071763989169675094,A
02296500,2006-12-29,0.066243682310469315,A
02296500,2006-12-30,0.063483528880866433,A
02296500,2006-12-31,0.060723375451263543,A
02296500,2007-01-01,0.057963222021660661,A
02296500,2007-01-02,0.066243682310469315,A
02296500,2007-01-03,0.066243682310469315,A
02296500,2007-01-04,0.063483528880866433,A
02296500,2007-01-05,0.057963222021660661,A
02296500,2007-01-06,0.055203068592057765,A
02296500,2007-01-07,0.052442915162454876,A
02296500,2007-01-08,0.049682761732851986,A
02296500,2007-01-09,0.046922608303249104,A
02296500,2007-01-10,0.044162454873646215,A
02296500,2007-01-11,0.041402301444043318,A
02296500,2007-01-12,0.038642148014440436,A
02296500,2007-01-13,0.038642148014440436,A
02296500,2007-01-14,0.038642148014440436,A
02296500,2007-01-15,0.035881994584837547,A
02296500,2007-01-16,0.035881994584837547,A
02296500,2007-01-17,0.033121841155234658,A
02296500,2007-01-18,0.033121841155234658,A
02296500,2007-01-19,0.033121841155234658,A
02296500,2007-01-20,0.030361687725631772,A
02296500,2007-01-21,0.030361687725631772,A
02296500,2007-01-22,0.030361687725631772,A
02296500,2007-01-23,0.033121841155234658,A
02296500,2007-01-24,0.033121841155234658,A
02296500,2007-01-25,0.038642148014440436,A
02296500,2007-01-26,0.046922608303249104,A
02296500,2007-01-27,0.049682761732851986,A
02296500,2007-01-28,0.049682761732851986,A
02296500,2007-01-29,0.052442915162454876,A
02296500,2007-01-30,0.052442915162454876,A
02296500,2007-01-31,0.052442915162454876,A
02296500,2007-02-01,0.049682761732851986,A
02296500,2007-02-02,0.057963222021660661,A
02296500,2007-02-03,0.080044449458483768,A
02296500,2007-02-04,0.091085063176895312,A
02296500,2007-02-05,0.093845216606498208,A
02296500,2007-02-06,0.091085063176895312,A
02296500,2007-02-07,0.085564756317689533,A
02296500,2007-02-08,0.080044449458483768,A
02296500,2007-02-09,0.074524142599277976,A
02296500,2007-02-10,0.069003835740072211,A
02296500,2007-02-11,0.063483528880866433,A
02296500,2007-02-12,0.063483528880866433,A
02296500,2007-02-13,0.071763989169675094,A
02296500,2007-02-14,0.088324909747292429,A
02296500,2007-02-15,0.091085063176895312,A
02296500,2007-02-16,0.085564756317689533,A
02296500,2007-02-17,0.080044449458483768,A
02296500,2007-02-18,0.080044449458483768,A
02296500,2007-02-19,0.080044449458483768,A
02296500,2007-02-20,0.080044449458483768,A
02296500,2007-02-21,0.080044449458483768,A
02296500,2007-02-22,0.077284296028880872,A
02296500,2007-02-23,0.071763989169675094,A
02296500,2007-02-24,0.066243682310469315,A
02296500,2007-02-25,0.060723375451263543,A
02296500,2007-02-26,0.057963222021660661,A
02296500,2007-02-27,0.055203068592057765,A
02296500,2007-02-28,0.052442915162454876,A
02296500,2007-03-01,0.046922608303249104,A
02296500,2007-03-02,0.044162454873646215,A
02296500,2007-03-03,0.044162454873646215,A
02296500,2007-03-04,0.038642148014440436,A
02296500,2007-03-05,0.035881994584837547,A
02296500,2007-03-06,0.033121841155234658,A
02296500,2007-03-07,0.033121841155234658,A
02296500,2007-03-08,0.030361687725631772,A
02296500,2007-03-09,0.030361687725631772,A
02296500,2007-03-10,0.030361687725631772,A
02296500,2007-03-11,0.027601534296028882,A
02296500,2007-03-12,0.027049503610108307,A
02296500,2007-03-13,0.025945442238267152,A
02296500,2007-03-14,0.025117396209386283,A
02296500,2007-03-15,0.024289350180505417,A
02296500,2007-03-16,0.026221457581227438,A
02296500,2007-03-17,0.035881994584837547,A
02296500,2007-03-18,0.046922608303249104,A
02296500,2007-03-19,0.041402301444043318,A
02296500,2007-03-20,0.038642148014440436,A
02296500,2007-03-21,0.038642148014440436,A
02296500,2007-03-22,0.038642148014440436,A
02296500,2007-03-23,0.038642148014440436,A
02296500,2007-03-24,0.035881994584837547,A
02296500,2007-03-25,0.030361687725631772,A
02296500,2007-03-26,0.027601534296028882,A
02296500,2007-03-27,0.026773488267148014,A
02296500,2007-03-28,0.024841380866425993,A
02296500,2007-03-29,0.023461304151624552,A
02296500,2007-03-30,0.022081227436823107,A
02296500,2007-03-31,0.020149120036101083,A
02296500,2007-04-01,0.019321074007220218,A
02296500,2007-04-02,0.018769043321299642,A
02296500,2007-04-03,0.017940997292418773,A
02296500,2007-04-04,0.016836935920577618,A
02296500,2007-04-05,0.016284905234657043,A
02296500,2007-04-06,0.016284905234657043,A
02296500,2007-04-07,0.015456859205776174,A
02296500,2007-04-08,0.014904828519855596,A
02296500,2007-04-09,0.014628813176895307,A
02296500,2007-04-10,0.01600888989169675,A
02296500,2007-04-11,0.020977166064981949,A
02296500,2007-04-12,0.030361687725631772,A
02296500,2007-04-13,0.030361687725631772,A
02296500,2007-04-14,0.033121841155234658,A
02296500,2007-04-15,0.033121841155234658,A
02296500,2007-04-16,0.033121841155234658,A
02296500,2007-04-17,0.038642148014440436,A
02296500,2007-04-18,0.038642148014440436,A
02296500,2007-04-19,0.035881994584837547,A
02296500,2007-04-20,0.030361687725631772,A
02296500,2007-04-21,0.027601534296028882,A
02296500,2007-04-22,0.024841380866425993,A
02296500,2007-04-23,0.022357242779783393,A
02296500,2007-04-24,0.020149120036101083,A
02296500,2007-04-25,0.018769043321299642,A
02296500,2007-04-26,0.017388966606498194,A
02296500,2007-04-27,0.016560920577617329,A
02296500,2007-04-28,0.015732874548736463,A
02296500,2007-04-29,0.014628813176895307,A
02296500,2007-04-30,0.014076782490974729,A
02296500,2007-05-01,0.013800767148014441,A
02296500,2007-05-02,0.013248736462093862,A
02296500,2007-05-03,0.013248736462093862,A
02296500,2007-05-04,0.012696705776173286,A
02296500,2007-05-05,0.012420690433212997,A
02296500,2007-05-06,0.012144675090252709,A
02296500,2007-05-07,0.013800767148014441,A
02296500,2007-05-08,0.015732874548736463,A
02296500,2007-05-09,0.016560920577617329,A
02296500,2007-05-10,0.01435279783393502,A
02296500,2007-05-11,0.012972721119133576,A
02296500,2007-05-12,0.012144675090252709,A
02296500,2007-05-13,0.012696705776173286,A
02296500,2007-05-14,0.012696705776173286,A
02296500,2007-05-15,0.012972721119133576,A
02296500,2007-05-16,0.012420690433212997,A
02296500,2007-05-17,0.025393411552346572,A
02296500,2007-05-18,0.055203068592057765,A
02296500,2007-05-19,0.033121841155234658,A
02296500,2007-05-20,0.022357242779783393,A
02296500,2007-05-21,0.017664981949458484,A
02296500,2007-05-22,0.014904828519855596,A
02296500,2007-05-23,0.012696705776173286,A
02296500,2007-05-24,0.011592644404332131,A
02296500,2007-05-25,0.011040613718411554,A
02296500,2007-05-26,0.010488583032490974,A
02296500,2007-05-27,0.010212567689530688,A
02296500,2007-05-28,0.009660537003610109,A
02296500,2007-05-29,0.0093845216606498211,A
02296500,2007-05-30,0.0093845216606498211,A
02296500,2007-05-31,0.0093845216606498211,A
02296500,2007-06-01,0.009660537003610109,A
02296500,2007-06-02,0.014628813176895307,A
02296500,2007-06-03,0.020977166064981949,A
02296500,2007-06-04,0.022633258122743683,A
02296500,2007-06-05,0.01600888989169675,A
02296500,2007-06-06,0.013524751805054153,A
02296500,2007-06-07,0.01435279783393502,A
02296500,2007-06-08,0.017940997292418773,A
02296500,2007-06-09,0.020701150722021659,A
02296500,2007-06-10,0.023737319494584838,A
02296500,2007-06-11,0.019045058664259928,A
02296500,2007-06-12,0.015180843862815886,A
02296500,2007-06-13,0.014904828519855596,A
02296500,2007-06-14,0.015456859205776174,A
02296500,2007-06-15,0.01600888989169675,A
02296500,2007-06-16,0.015456859205776174,A
02296500,2007-06-17,0.013248736462093862,A
02296500,2007-06-18,0.012144675090252709,A
02296500,2007-06-19,0.011868659747292419,A
02296500,2007-06-20,0.011040613718411554,A
02296500,2007-06-21,0.011040613718411554,A
02296500,2007-06-22,0.011040613718411554,A
02296500,2007-06-23,0.010488583032490974,A
02296500,2007-06-24,0.0099365523465703969,A
02296500,2007-06-25,0.009660537003610109,A
02296500,2007-06-26,0.0091085063176895298,A
02296500,2007-06-27,0.0091085063176895298,A
02296500,2007-06-28,0.0093845216606498211,A
02296500,2007-06-29,0.0093845216606498211,A
02296500,2007-06-30,0.0093845216606498211,A
02296500,2007-07-01,0.0093845216606498211,A
02296500,2007-07-02,0.010212567689530688,A
02296500,2007-07-03,0.023185288808664262,A
02296500,2007-07-04,0.038642148014440436,A
02296500,2007-07-05,0.082804602888086637,A
02296500,2007-07-06,0.13248736462093863,A
02296500,2007-07-07,0.17112951263537907,A
02296500,2007-07-08,0.15732874548736461,A
02296500,2007-07-09,0.17112951263537907,A
02296500,2007-07-10,0.19873104693140795,A
02296500,2007-07-11,0.22909273465703972,A
02296500,2007-07-12,0.22909273465703972,A
02296500,2007-07-13,0.20425135379061374,A
02296500,2007-07-14,0.19597089350180508,A
02296500,2007-07-15,0.2125318140794224,A
02296500,2007-07-16,0.16008889891696754,A
02296500,2007-07-17,0.14352797833935019,A
02296500,2007-07-18,0.13524751805054153,A
02296500,2007-07-19,0.12420690433212998,A
02296500,2007-07-20,0.11316629061371843,A
02296500,2007-07-21,0.099365523465703973,A
02296500,2007-07-22,0.085564756317689533,A
02296500,2007-07-23,0.085564756317689533,A
02296500,2007-07-24,0.11040613718411553,A
02296500,2007-07-25,0.14352797833935019,A
02296500,2007-07-26,0.11040613718411553,A
02296500,2007-07-27,0.16284905234657041,A
02296500,2007-07-28,0.32569810469314081,A
02296500,2007-07-29,0.32017779783393507,A
02296500,2007-07-30,0.3339785649819495,A
02296500,2007-07-31,0.30913718411552349,A
02296500,2007-08-01,0.32569810469314081,A
02296500,2007-08-02,0.37814101985559573,A
02296500,2007-08-03,0.54927053249097479,A
02296500,2007-08-04,0.55203068592057769,A
02296500,2007-08-05,0.41678316787003611,A
02296500,2007-08-06,0.31465749097472923,A
02296500,2007-08-07,0.24013334837545131,A
02296500,2007-08-08,0.18769043321299642,A
02296500,2007-08-09,0.19873104693140795,A
02296500,2007-08-10,0.24565365523465704,A
02296500,2007-08-11,0.15732874548736461,A
02296500,2007-08-12,0.12972721119133573,A
02296500,2007-08-13,0.19597089350180508,A
02296500,2007-08-14,0.14904828519855595,A
02296500,2007-08-15,0.16008889891696754,A
02296500,2007-08-16,0.2097716606498195,A
02296500,2007-08-17,0.22357242779783393,A
02296500,2007-08-18,0.24289350180505417,A
02296500,2007-08-19,0.28153564981949458,A
02296500,2007-08-20,0.28705595667870037,A
02296500,2007-08-21,0.25117396209386283,A
02296500,2007-08-22,0.19045058664259928,A
02296500,2007-08-23,0.13800767148014442,A
02296500,2007-08-24,0.10212567689530687,A
02296500,2007-08-25,0.099365523465703973,A
02296500,2007-08-26,0.3891816335740072,A
02296500,2007-08-27,0.51614869133574015,A
02296500,2007-08-28,0.46922608303249103,A
02296500,2007-08-29,0.3367387184115524,A
02296500,2007-08-30,0.26773488267148016,A
02296500,2007-08-31,0.19597089350180508,A
02296500,2007-09-01,0.14904828519855595,A
02296500,2007-09-02,0.14352797833935019,A
02296500,2007-09-03,0.3008567238267148,A
02296500,2007-09-04,0.4526651624548737,A
02296500,2007-09-05,0.36986055956678704,A
02296500,2007-09-06,0.42782378158844769,A
02296500,2007-09-07,0.44162454873646212,A
02296500,2007-09-08,0.37538086642599283,A
02296500,2007-09-09,0.3008567238267148,A
02296500,2007-09-10,0.24841380866425997,A
02296500,2007-09-11,0.21529196750902527,A
02296500,2007-09-12,0.19873104693140795,A
02296500,2007-09-13,0.18217012635379062,A
02296500,2007-09-14,0.16284905234657041,A
02296500,2007-09-15,0.15180843862815888,A
02296500,2007-09-16,0.14076782490974729,A
02296500,2007-09-17,0.12972721119133573,A
02296500,2007-09-18,0.11868659747292419,A
02296500,2007-09-19,0.10764598375451263,A
02296500,2007-09-20,0.10488583032490975,A
02296500,2007-09-21,0.099365523465703973,A
02296500,2007-09-22,0.09660537003610109,A
02296500,2007-09-23,0.14904828519855595,A
02296500,2007-09-24,0.22357242779783393,A
02296500,2007-09-25,0.23737319494584838,A
02296500,2007-09-26,0.27049503610108305,A
02296500,2007-09-27,0.26497472924187726,A
02296500,2007-09-28,0.24841380866425997,A
02296500,2007-09-29,0.22357242779783393,A
02296500,2007-09-30,0.20149120036101084,A
02296500,2007-10-01,0.18217012635379062,A
02296500,2007-10-02,0.18217012635379062,A
02296500,2007-10-03,0.19321074007220218,A
02296500,2007-10-04,0.23737319494584838,A
02296500,2007-10-05,0.39470194043321305,A
02296500,2007-10-06,0.43886439530685922,A
02296500,2007-10-07,0.47474638989169676,A
02296500,2007-10-08,0.41402301444043321,A
02296500,2007-10-09,0.35053948555956682,A
02296500,2007-10-10,0.29257626353790617,A
02296500,2007-10-11,0.24289350180505417,A
02296500,2007-10-12,0.20149120036101084,A
02296500,2007-10-13,0.17388966606498196,A
02296500,2007-10-14,0.15180843862815888,A
02296500,2007-10-15,0.13524751805054153,A
02296500,2007-10-16,0.11868659747292419,A
02296500,2007-10-17,0.11040613718411553,A
02296500,2007-10-18,0.099365523465703973,A
02296500,2007-10-19,0.093845216606498208,A
02296500,2007-10-20,0.093845216606498208,A
02296500,2007-10-21,0.091085063176895312,A
02296500,2007-10-22,0.093845216606498208,A
02296500,2007-10-23,0.091085063176895312,A
02296500,2007-10-24,0.091085063176895312,A
02296500,2007-10-25,0.085564756317689533,A
02296500,2007-10-26,0.082804602888086637,A
02296500,2007-10-27,0.077284296028880872,A
02296500,2007-10-28,0.080044449458483768,A
02296500,2007-10-29,0.080044449458483768,A
02296500,2007-10-30,0.080044449458483768,A
02296500,2007-10-31,0.082804602888086637,A
02296500,2007-11-01,0.085564756317689533,A
02296500,2007-11-02,0.085564756317689533,A
02296500,2007-11-03,0.080044449458483768,A
02296500,2007-11-04,0.071763989169675094,A
02296500,2007-11-05,0.066243682310469315,A
02296500,2007-11-06,0.060723375451263543,A
02296500,2007-11-07,0.057963222021660661,A
02296500,2007-11-08,0.052442915162454876,A
02296500,2007-11-09,0.049682761732851986,A
02296500,2007-11-10,0.046922608303249104,A
02296500,2007-11-11,0.041402301444043318,A
02296500,2007-11-12,0.041402301444043318,A
02296500,2007-11-13,0.038642148014440436,A
02296500,2007-11-14,0.035881994584837547,A
02296500,2007-11-15,0.035881994584837547,A
02296500,2007-11-16,0.033121841155234658,A
02296500,2007-11-17,0.030361687725631772,A
02296500,2007-11-18,0.027601534296028882,A
02296500,2007-11-19,0.027601534296028882,A
02296500,2007-11-20,0.026773488267148014,A
02296500,2007-11-21,0.025945442238267152,A
02296500,2007-11-22,0.025393411552346572,A
02296500,2007-11-23,0.024841380866425993,A
02296500,2007-11-24,0.024013334837545124,A
02296500,2007-11-25,0.023461304151624552,A
02296500,2007-11-26,0.022909273465703976,A
02296500,2007-11-27,0.022357242779783393,A
02296500,2007-11-28,0.021529196750902528,A
02296500,2007-11-29,0.020977166064981949,A
02296500,2007-11-30,0.020701150722021659,A
02296500,2007-12-01,0.022357242779783393,A
02296500,2007-12-02,0.021253181407942242,A
02296500,2007-12-03,0.020149120036101083,A
02296500,2007-12-04,0.019321074007220218,A
02296500,2007-12-05,0.01821701263537906,A
02296500,2007-12-06,0.017664981949458484,A
02296500,2007-12-07,0.017388966606498194,A
02296500,2007-12-08,0.017112951263537908,A
02296500,2007-12-09,0.016836935920577618,A
02296500,2007-12-10,0.016560920577617329,A
02296500,2007-12-11,0.016560920577617329,A
02296500,2007-12-12,0.016284905234657043,A
02296500,2007-12-13,0.01600888989169675,A
02296500,2007-12-14,0.016284905234657043,A
02296500,2007-12-15,0.017664981949458484,A
02296500,2007-12-16,0.019597089350180508,A
02296500,2007-12-17,0.019873104693140794,A
02296500,2007-12-18,0.019321074007220218,A
02296500,2007-12-19,0.018493027978339353,A
02296500,2007-12-20,0.017940997292418773,A
02296500,2007-12-21,0.01821701263537906,A
02296500,2007-12-22,0.01821701263537906,A
02296500,2007-12-23,0.01821701263537906,A
02296500,2007-12-24,0.018493027978339353,A
02296500,2007-12-25,0.018493027978339353,A
02296500,2007-12-26,0.01821701263537906,A
02296500,2007-12-27,0.01821701263537906,A
02296500,2007-12-28,0.017940997292418773,A
02296500,2007-12-29,0.017664981949458484,A
02296500,2007-12-30,0.017388966606498194,A
02296500,2007-12-31,0.017112951263537908,A
02296500,2008-01-01,0.019597089350180508,A
02296500,2008-01-02,0.030361687725631772,A
02296500,2008-01-03,0.035881994584837547,A
02296500,2008-01-04,0.030361687725631772,A
02296500,2008-01-05,0.033121841155234658,A
02296500,2008-01-06,0.027601534296028882,A
02296500,2008-01-07,0.024841380866425993,A
02296500,2008-01-08,0.023185288808664262,A
02296500,2008-01-09,0.021805212093862818,A
02296500,2008-01-10,0.020701150722021659,A
02296500,2008-01-11,0.019597089350180508,A
02296500,2008-01-12,0.018493027978339353,A
02296500,2008-01-13,0.017664981949458484,A
02296500,2008-01-14,0.017112951263537908,A
02296500,2008-01-15,0.015732874548736463,A
02296500,2008-01-16,0.015180843862815886,A
02296500,2008-01-17,0.014904828519855596,A
02296500,2008-01-18,0.015180843862815886,A
02296500,2008-01-19,0.015456859205776174,A
02296500,2008-01-20,0.018493027978339353,A
02296500,2008-01-21,0.022909273465703976,A
02296500,2008-01-22,0.024289350180505417,A
02296500,2008-01-23,0.023737319494584838,A
02296500,2008-01-24,0.022909273465703976,A
02296500,2008-01-25,0.022357242779783393,A
02296500,2008-01-26,0.021529196750902528,A
02296500,2008-01-27,0.020701150722021659,A
02296500,2008-01-28,0.019873104693140794,A
02296500,2008-01-29,0.019045058664259928,A
02296500,2008-01-30,0.018493027978339353,A
02296500,2008-01-31,0.017940997292418773,A
02296500,2008-02-01,0.017388966606498194,A
02296500,2008-02-02,0.017388966606498194,A
02296500,2008-02-03,0.017112951263537908,A
02296500,2008-02-04,0.017112951263537908,A
02296500,2008-02-05,0.016560920577617329,A
02296500,2008-02-06,0.016284905234657043,A
02296500,2008-02-07,0.015732874548736463,A
02296500,2008-02-08,0.015732874548736463,A
02296500,2008-02-09,0.015732874548736463,A
02296500,2008-02-10,0.015732874548736463,A
02296500,2008-02-11,0.015180843862815886,A
02296500,2008-02-12,0.015180843862815886,A
02296500,2008-02-13,0.019597089350180508,A
02296500,2008-02-14,0.026221457581227438,A
02296500,2008-02-15,0.030361687725631772,A
02296500,2008-02-16,0.026773488267148014,A
02296500,2008-02-17,0.024289350180505417,A
02296500,2008-02-18,0.024289350180505417,A
02296500,2008-02-19,0.033121841155234658,A
02296500,2008-02-20,0.035881994584837547,A
02296500,2008-02-21,0.033121841155234658,A
02296500,2008-02-22,0.033121841155234658,A
02296500,2008-02-23,0.030361687725631772,A
02296500,2008-02-24,0.030361687725631772,A
02296500,2008-02-25,0.030361687725631772,A
02296500,2008-02-26,0.030361687725631772,A
02296500,2008-02-27,0.027601534296028882,A
02296500,2008-02-28,0.025945442238267152,A
02296500,2008-02-29,0.024841380866425993,A
02296500,2008-03-01,0.024565365523465707,A
02296500,2008-03-02,0.025117396209386283,A
02296500,2008-03-03,0.024841380866425993,A
02296500,2008-03-04,0.024289350180505417,A
02296500,2008-03-05,0.023185288808664262,A
02296500,2008-03-06,0.024013334837545124,A
02296500,2008-03-07,0.026221457581227438,A
02296500,2008-03-08,0.033121841155234658,A
02296500,2008-03-09,0.046922608303249104,A
02296500,2008-03-10,0.052442915162454876,A
02296500,2008-03-11,0.052442915162454876,A
02296500,2008-03-12,0.052442915162454876,A
02296500,2008-03-13,0.049682761732851986,A
02296500,2008-03-14,0.046922608303249104,A
02296500,2008-03-15,0.044162454873646215,A
02296500,2008-03-16,0.044162454873646215,A
02296500,2008-03-17,0.041402301444043318,A
02296500,2008-03-18,0.035881994584837547,A
02296500,2008-03-19,0.033121841155234658,A
02296500,2008-03-20,0.030361687725631772,A
02296500,2008-03-21,0.027601534296028882,A
02296500,2008-03-22,0.027601534296028882,A
02296500,2008-03-23,0.041402301444043318,A
02296500,2008-03-24,0.069003835740072211,A
02296500,2008-03-25,0.057963222021660661,A
02296500,2008-03-26,0.049682761732851986,A
02296500,2008-03-27,0.044162454873646215,A
02296500,2008-03-28,0.041402301444043318,A
02296500,2008-03-29,0.041402301444043318,A
02296500,2008-03-30,0.035881994584837547,A
02296500,2008-03-31,0.033121841155234658,A
02296500,2008-04-01,0.033121841155234658,A
02296500,2008-04-02,0.041402301444043318,A
02296500,2008-04-03,0.099365523465703973,A
02296500,2008-04-04,0.2097716606498195,A
02296500,2008-04-05,0.25393411552346573,A
02296500,2008-04-06,0.2980965703971119,A
02296500,2008-04-07,0.43058393501805053,A
02296500,2008-04-08,0.49406746389891704,A
02296500,2008-04-09,0.46646592960288813,A
02296500,2008-04-10,0.39194178700361015,A
02296500,2008-04-11,0.32293795126353791,A
02296500,2008-04-12,0.26773488267148016,A
02296500,2008-04-13,0.22081227436823106,A
02296500,2008-04-14,0.19045058664259928,A
02296500,2008-04-15,0.16560920577617327,A
02296500,2008-04-16,0.14628813176895308,A
02296500,2008-04-17,0.12972721119133573,A
02296500,2008-04-18,0.11316629061371843,A
02296500,2008-04-19,0.099365523465703973,A
02296500,2008-04-20,0.088324909747292429,A
02296500,2008-04-21,0.080044449458483768,A
02296500,2008-04-22,0.071763989169675094,A
02296500,2008-04-23,0.063483528880866433,A
02296500,2008-04-24,0.057963222021660661,A
02296500,2008-04-25,0.052442915162454876,A
02296500,2008-04-26,0.046922608303249104,A
02296500,2008-04-27,0.044162454873646215,A
02296500,2008-04-28,0.038642148014440436,A
02296500,2008-04-29,0.035881994584837547,A
02296500,2008-04-30,0.033121841155234658,A
02296500,2008-05-01,0.030361687725631772,A
02296500,2008-05-02,0.027601534296028882,A
02296500,2008-05-03,0.026497472924187724,A
02296500,2008-05-04,0.024841380866425993,A
02296500,2008-05-05,0.023185288808664262,A
02296500,2008-05-06,0.021253181407942242,A
02296500,2008-05-07,0.019873104693140794,A
02296500,2008-05-08,0.018493027978339353,A
02296500,2008-05-09,0.017388966606498194,A
02296500,2008-05-10,0.016560920577617329,A
02296500,2008-05-11,0.015732874548736463,A
02296500,2008-05-12,0.014904828519855596,A
02296500,2008-05-13,0.013800767148014441,A
02296500,2008-05-14,0.012972721119133576,A
02296500,2008-05-15,0.012144675090252709,A
02296500,2008-05-16,0.011868659747292419,A
02296500,2008-05-17,0.011316629061371842,A
02296500,2008-05-18,0.011040613718411554,A
02296500,2008-05-19,0.012144675090252709,A
02296500,2008-05-20,0.011868659747292419,A
02296500,2008-05-21,0.012420690433212997,A
02296500,2008-05-22,0.011868659747292419,A
02296500,2008-05-23,0.012972721119133576,A
02296500,2008-05-24,0.012144675090252709,A
02296500,2008-05-25,0.011316629061371842,A
02296500,2008-05-26,0.010488583032490974,A
02296500,2008-05-27,0.0099365523465703969,A
02296500,2008-05-28,0.0091085063176895298,A
02296500,2008-05-29,0.008556475631768954,A
02296500,2008-05-30,0.0080044449458483748,A
02296500,2008-05-31,0.0077284296028880869,A
02296500,2008-06-01,0.0074524142599277981,A
02296500,2008-06-02,0.008556475631768954,A
02296500,2008-06-03,0.010488583032490974,A
02296500,2008-06-04,0.0093845216606498211,A
02296500,2008-06-05,0.014628813176895307,A
02296500,2008-06-06,0.014628813176895307,A
02296500,2008-06-07,0.012420690433212997,A
02296500,2008-06-08,0.011592644404332131,A
02296500,2008-06-09,0.011868659747292419,A
02296500,2008-06-10,0.011868659747292419,A
02296500,2008-06-11,0.013524751805054153,A
02296500,2008-06-12,0.012972721119133576,A
02296500,2008-06-13,0.022909273465703976,A
02296500,2008-06-14,0.021805212093862818,A
02296500,2008-06-15,0.026221457581227438,A
02296500,2008-06-16,0.019045058664259928,A
02296500,2008-06-17,0.015180843862815886,A
02296500,2008-06-18,0.014076782490974729,A
02296500,2008-06-19,0.013800767148014441,A
02296500,2008-06-20,0.014904828519855596,A
02296500,2008-06-21,0.016284905234657043,A
02296500,2008-06-22,0.015456859205776174,A
02296500,2008-06-23,0.016836935920577618,A
02296500,2008-06-24,0.020977166064981949,A
02296500,2008-06-25,0.020425135379061377,A
02296500,2008-06-26,0.023737319494584838,A
02296500,2008-06-27,0.030361687725631772,A
02296500,2008-06-28,0.046922608303249104,A
02296500,2008-06-29,0.20149120036101084,A
02296500,2008-06-30,0.20425135379061374,A
02296500,2008-07-01,0.24565365523465704,A
02296500,2008-07-02,0.22081227436823106,A
02296500,2008-07-03,0.15732874548736461,A
02296500,2008-07-04,0.13800767148014442,A
02296500,2008-07-05,0.14904828519855595,A
02296500,2008-07-06,0.24013334837545131,A
02296500,2008-07-07,0.33121841155234655,A
02296500,2008-07-08,0.35881994584837545,A
02296500,2008-07-09,0.44714485559566786,A
02296500,2008-07-10,0.44162454873646212,A
02296500,2008-07-11,0.35605979241877256,A
02296500,2008-07-12,0.29257626353790617,A
02296500,2008-07-13,0.25945442238267147,A
02296500,2008-07-14,0.24013334837545131,A
02296500,2008-07-15,0.22909273465703972,A
02296500,2008-07-16,0.38366132671480146,A
02296500,2008-07-17,0.58791268050541523,A
02296500,2008-07-18,0.56859160649819496,A
02296500,2008-07-19,0.53546976534296031,A
02296500,2008-07-20,0.4250636281588448,A
02296500,2008-07-21,0.32293795126353791,A
02296500,2008-07-22,0.24565365523465704,A
02296500,2008-07-23,0.20149120036101084,A
02296500,2008-07-24,0.44438470216606502,A
02296500,2008-07-25,0.63483528880866436,A
02296500,2008-07-26,0.48578700361010835,A
02296500,2008-07-27,0.419543321299639,A
02296500,2008-07-28,0.59343298736462091,A
02296500,2008-07-29,0.91913109205776178,A
02296500,2008-07-30,1.382836868231047,A
02296500,2008-07-31,1.9348675541516247,A
02296500,2008-08-01,1.8824246389891699,A
02296500,2008-08-02,1.7085349729241879,A
02296500,2008-08-03,1.531885153429603,A
02296500,2008-08-04,1.335914259927798,A
02296500,2008-08-05,1.1427035198555957,A
02296500,2008-08-06,0.9660537003610109,A
02296500,2008-08-07,0.80872495487364615,A
02296500,2008-08-08,0.71763989169675091,A
02296500,2008-08-09,0.68175789711191337,A
02296500,2008-08-10,0.58515252707581233,A
02296500,2008-08-11,0.50510807761732857,A
02296500,2008-08-12,0.42782378158844769,A
02296500,2008-08-13,0.36986055956678704,A
02296500,2008-08-14,0.32293795126353791,A
02296500,2008-08-15,0.28705595667870037,A
02296500,2008-08-16,0.25669426895306863,A
02296500,2008-08-17,0.24013334837545131,A
02296500,2008-08-18,0.6072337545126355,A
02296500,2008-08-19,1.2503495036101084,A
02296500,2008-08-20,3.3673871841155241,A
02296500,2008-08-21,3.9194178700361011,A
02296500,2008-08-22,4.1678316787003613,A
02296500,2008-08-23,4.6370577617328523,A
02296500,2008-08-24,5.0786823104693148,A
02296500,2008-08-25,5.1614869133574004,A
02296500,2008-08-26,5.1062838447653434,A
02296500,2008-08-27,4.8854715703971117,A
02296500,2008-08-28,4.4714485559566794,A
02296500,2008-08-29,4.0022224729241884,A
02296500,2008-08-30,3.5881994584837544,A
02296500,2008-08-31,3.2845825812274372,A
02296500,2008-09-01,3.0361687725631774,A
02296500,2008-09-02,2.7877549638989172,A
02296500,2008-09-03,2.5172599277978338,A
02296500,2008-09-04,2.2992078068592061,A
02296500,2008-09-05,2.0921962996389896,A
02296500,2008-09-06,1.8603434115523467,A
02296500,2008-09-07,1.631250676895307,A
02296500,2008-09-08,1.4159587093862818,A
02296500,2008-09-09,1.2310284296028882,A
02296500,2008-09-10,1.0792199909747293,A
02296500,2008-09-11,0.93569201263537916,A
02296500,2008-09-12,0.81148510830324916,A
02296500,2008-09-13,0.69279851083032506,A
02296500,2008-09-14,0.5989532942238267,A
02296500,2008-09-15,0.543750225631769,A
02296500,2008-09-16,0.50234792418772567,A
02296500,2008-09-17,0.4526651624548737,A
02296500,2008-09-18,0.40298240072202168,A
02296500,2008-09-19,0.36986055956678704,A
02296500,2008-09-20,0.3367387184115524,A
02296500,2008-09-21,0.32569810469314081,A
02296500,2008-09-22,0.34225902527075813,A
02296500,2008-09-23,0.43058393501805053,A
02296500,2008-09-24,0.65139620938628162,A
02296500,2008-09-25,0.80320464801444047,A
02296500,2008-09-26,0.83080618231046932,A
02296500,2008-09-27,0.79768434115523468,A
02296500,2008-09-28,0.74800157942238266,A
02296500,2008-09-29,0.69555866425992785,A
02296500,2008-09-30,0.64035559566787015,A
02015700,2006-10-01,0.56576714200623668,A
02015700,2006-10-02,0.47147261833853055,A
02015700,2006-10-03,0.39432255351949824,A
02015700,2006-10-04,0.36860586524648747,A
02015700,2006-10-05,0.36860586524648747,A
02015700,2006-10-06,1.3115511019235486,A
02015700,2006-10-07,2.4345131565116849,A
02015700,2006-10-08,1.371556707893907,A
02015700,2006-10-09,0.9258007778283871,A
02015700,2006-10-10,0.72863950106863806,A
02015700,2006-10-11,0.62577274797659499,A
02015700,2006-10-12,0.63434497740093199,A
02015700,2006-10-13,0.58291160085491045,A
02015700,2006-10-14,0.51433376546021503,A
02015700,2006-10-15,0.48004484776286743,A
02015700,2006-10-16,0.46290038891419355,A
02015700,2006-10-17,2.0144739147191757,A
02015700,2006-10-18,2.6316744332714341,A
02015700,2006-10-19,1.4487067727129392,A
02015700,2006-10-20,1.2772621842262009,A
02015700,2006-10-21,1.0286675309204301,A
02015700,2006-10-22,0.86579517185802879,A
02015700,2006-10-23,0.7800728776146596,A
02015700,2006-10-24,0.71149504221996418,A
02015700,2006-10-25,0.64291720682526887,A
02015700,2006-10-26,0.60005605970358422,A
02015700,2006-10-27,0.64291720682526887,A
02015700,2006-10-28,7.2178171752916853,A
02015700,2006-10-29,2.9231302336988891,A
02015700,2006-10-30,1.8258848673837635,A
02015700,2006-10-31,1.4058456255912546,A
02015700,2006-11-01,1.1743954311341578,A
02015700,2006-11-02,1.2001121194071684,A
02015700,2006-11-03,1.0029508426474194,A
02015700,2006-11-04,0.88293963070670267,A
02015700,2006-11-05,0.81436179531200725,A
02015700,2006-11-06,0.77150064819032271,A
02015700,2006-11-07,0.80578956588767026,A
02015700,2006-11-08,1.8516015556567742,A
02015700,2006-11-09,1.7744514908377422,A
02015700,2006-11-10,1.4058456255912546,A
02015700,2006-11-11,1.2172565782558424,A
02015700,2006-11-12,1.6887291965943729,A
02015700,2006-11-13,1.4315623138642652,A
02015700,2006-11-14,1.3029788724992115,A
02015700,2006-11-15,1.1829676605584947,A
02015700,2006-11-16,21.944907326302513,A
02015700,2006-11-17,9.9437861322308247,A
02015700,2006-11-18,4.7061539539609685,A
02015700,2006-11-19,2.9917080690935847,A
02015700,2006-11-20,2.2802130268736205,A
02015700,2006-11-21,1.8258848673837635,A
02015700,2006-11-22,1.5687179846536561,A
02015700,2006-11-23,1.8430293262324373,A
02015700,2006-11-24,1.5344290669563085,A
02015700,2006-11-25,1.3286955607722224,A
02015700,2006-11-26,1.2086843488315053,A
02015700,2006-11-27,1.1143898251637994,A
02015700,2006-11-28,1.0372397603447672,A
02015700,2006-11-29,0.97723415437440864,A
02015700,2006-11-30,0.93437300725272399,A
02015700,2006-12-01,0.96866192495007175,A
02015700,2006-12-02,0.96008969552573487,A
02015700,2006-12-03,0.84007848358501802,A
02015700,2006-12-04,0.80578956588767026,A
02015700,2006-12-05,0.77150064819032271,A
02015700,2006-12-06,0.73721173049297495,A
02015700,2006-12-07,0.73721173049297495,A
02015700,2006-12-08,0.66863389509827964,A
02015700,2006-12-09,0.60862828912792122,A
02015700,2006-12-10,0.65148943624960576,A
02015700,2006-12-11,0.64291720682526887,A
02015700,2006-12-12,0.62577274797659499,A
02015700,2006-12-13,0.66863389509827964,A
02015700,2006-12-14,0.66863389509827964,A
02015700,2006-12-15,0.63434497740093199,A
02015700,2006-12-16,0.60862828912792122,A
02015700,2006-12-17,0.58291160085491045,A
02015700,2006-12-18,0.57433937143057356,A
02015700,2006-12-19,0.55719491258189968,A
02015700,2006-12-20,0.54005045373322591,A
02015700,2006-12-21,0.53147822430888891,A
02015700,2006-12-22,1.8858904733541222,A
02015700,2006-12-23,5.7776826320030832,A
02015700,2006-12-24,2.7173967275148034,A
02015700,2006-12-25,2.4430853859360218,A
02015700,2006-12-26,3.077430363336954,A
02015700,2006-12-27,2.3745075505413262,A
02015700,2006-12-28,1.8944627027784591,A
02015700,2006-12-29,1.6201513611996774,A
02015700,2006-12-30,1.4229900844399284,A
02015700,2006-12-31,1.3115511019235486,A
02015700,2007-01-01,4.9461763778424022,A
02015700,2007-01-02,3.1974415752776708,A
02015700,2007-01-03,2.4002242388143369,A
02015700,2007-01-04,2.0316183735678495,A
02015700,2007-01-05,4.4832759889282086,A
02015700,2007-01-06,4.9204596895693911,A
02015700,2007-01-07,3.9003643880732977,A
02015700,2007-01-08,8.5722294243369177,A
02015700,2007-01-09,5.2633488665428683,A
02015700,2007-01-10,3.4888973757051258,A
02015700,2007-01-11,2.5973855155740861,A
02015700,2007-01-12,2.2459241091762729,A
02015700,2007-01-13,2.0059016852948388,A
02015700,2007-01-14,1.791595949686416,A
02015700,2007-01-15,1.6372958200483514,A
02015700,2007-01-16,1.5515735258049823,A
02015700,2007-01-17,1.3286955607722224,A
02015700,2007-01-18,1.2258288076801793,A
02015700,2007-01-19,1.2172565782558424,A
02015700,2007-01-20,1.1229620545881365,A
02015700,2007-01-21,1.0715286780421147,A
02015700,2007-01-22,1.0886731368907887,A
02015700,2007-01-23,1.0886731368907887,A
02015700,2007-01-24,1.0115230720717563,A
02015700,2007-01-25,0.96008969552573487,A
02015700,2007-01-26,0.84007848358501802,A:e
02015700,2007-01-27,0.82293402473634414,A:e
02015700,2007-01-28,0.80578956588767026,A:e
02015700,2007-01-29,0.78864510703899648,A:e
02015700,2007-01-30,0.75435618934164883,A:e
02015700,2007-01-31,0.72006727164430118,A:e
02015700,2007-02-01,0.68577835394695352,A:e
02015700,2007-02-02,0.65148943624960576,A:e
02015700,2007-02-03,0.6172005185522581,A:e
02015700,2007-02-04,0.58291160085491045,A:e
02015700,2007-02-05,0.55719491258189968,A:e
02015700,2007-02-06,0.77150064819032271,A
02015700,2007-02-07,0.70292281279562729,A
02015700,2007-02-08,0.66006166567394275,A:e
02015700,2007-02-09,0.65148943624960576,A:e
02015700,2007-02-10,0.64291720682526887,A:e
02015700,2007-02-11,0.60005605970358422,A:e
02015700,2007-02-12,0.66006166567394275,A
02015700,2007-02-13,0.70292281279562729,A
02015700,2007-02-14,1.663012508321362,A
02015700,2007-02-15,0.94294523667706109,A:e
02015700,2007-02-16,0.78864510703899648,A:e
02015700,2007-02-17,0.75435618934164883,A:e
02015700,2007-02-18,0.77150064819032271,A:e
02015700,2007-02-19,0.67720612452261664,A:e
02015700,2007-02-20,0.74578395991731194,A
02015700,2007-02-21,2.5888132861497493,A
02015700,2007-02-22,2.0401906029921864,A
02015700,2007-02-23,1.6115791317753405,A
02015700,2007-02-24,1.2858344136505377,A
02015700,2007-02-25,1.2944066430748746,A
02015700,2007-02-26,1.2858344136505377,A
02015700,2007-02-27,1.4829956904102868,A
02015700,2007-02-28,1.868746014505448,A
02015700,2007-03-01,3.6174808170701795,A
02015700,2007-03-02,30.860025927612906,A
02015700,2007-03-03,8.7436740128236572,A
02015700,2007-03-04,4.7661595599313262,A
02015700,2007-03-05,3.1717248870046602,A
02015700,2007-03-06,2.5116632213307168,A
02015700,2007-03-07,2.1602018149329036,A
02015700,2007-03-08,1.9373238499001435,A
02015700,2007-03-09,1.6887291965943729,A
02015700,2007-03-10,1.5430012963806454,A
02015700,2007-03-11,1.594434672926667,A
02015700,2007-03-12,1.465851231561613,A
02015700,2007-03-13,1.4229900844399284,A
02015700,2007-03-14,1.465851231561613,A
02015700,2007-03-15,1.7744514908377422,A
02015700,2007-03-16,8.5036515889422226,A
02015700,2007-03-17,6.3434497740093203,A
02015700,2007-03-18,3.9775144528923305,A
02015700,2007-03-19,3.0945748221856277,A
02015700,2007-03-20,3.2917360989453766,A
02015700,2007-03-21,2.9917080690935847,A
02015700,2007-03-22,2.6488188921201079,A
02015700,2007-03-23,2.3402186328439787,A
02015700,2007-03-24,2.0401906029921864,A
02015700,2007-03-25,1.8087404085350898,A
02015700,2007-03-26,1.6115791317753405,A
02015700,2007-03-27,1.5001401492589608,A
02015700,2007-03-28,3.6003363582215062,A
02015700,2007-03-29,14.915679198346236,A
02015700,2007-03-30,5.8976938439437996,A
02015700,2007-03-31,3.9003643880732977,A
02015700,2007-04-01,2.9659913808205736,A
02015700,2007-04-02,2.50309099190638,A
02015700,2007-04-03,2.0744795206895343,A
02015700,2007-04-04,1.8773182439297853,A
02015700,2007-04-05,1.663012508321362,A
02015700,2007-04-06,1.5087123786832977,A
02015700,2007-04-07,1.4058456255912546,A
02015700,2007-04-08,1.2944066430748746,A
02015700,2007-04-09,1.1915398899828316,A
02015700,2007-04-10,1.1229620545881365,A
02015700,2007-04-11,1.0972453663151256,A
02015700,2007-04-12,3.1202915104586384,A
02015700,2007-04-13,2.1259128972355557,A
02015700,2007-04-14,2.2030629620545881,A
02015700,2007-04-15,18.601737850811112,A
02015700,2007-04-16,10.458119897691041,A
02015700,2007-04-17,5.4947990609999646,A
02015700,2007-04-18,3.6431975053431902,A
02015700,2007-04-19,2.8802690865772047,A
02015700,2007-04-20,2.425940927087348,A
02015700,2007-04-21,2.0573350618408601,A
02015700,2007-04-22,1.8173126379594267,A
02015700,2007-04-23,1.6372958200483514,A
02015700,2007-04-24,1.5258568375319714,A
02015700,2007-04-25,1.4229900844399284,A
02015700,2007-04-26,1.3458400196208962,A
02015700,2007-04-27,1.8344570968081004,A
02015700,2007-04-28,1.6201513611996774,A
02015700,2007-04-29,1.4229900844399284,A
02015700,2007-04-30,1.3201233313478855,A:e
02015700,2007-05-01,1.2258288076801793,A:e
02015700,2007-05-02,1.2001121194071684,A
02015700,2007-05-03,1.3544122490452333,A
02015700,2007-05-04,1.371556707893907,A
02015700,2007-05-05,1.268689954801864,A
02015700,2007-05-06,1.2858344136505377,A
02015700,2007-05-07,1.1486787428611471,A
02015700,2007-05-08,1.1058175957394625,A
02015700,2007-05-09,1.0886731368907887,A
02015700,2007-05-10,1.0458119897691041,A
02015700,2007-05-11,1.0200953014960932,A
02015700,2007-05-12,0.96866192495007175,A
02015700,2007-05-13,0.96866192495007175,A
02015700,2007-05-14,0.86579517185802879,A
02015700,2007-05-15,0.82293402473634414,A
02015700,2007-05-16,0.83150625416068102,A
02015700,2007-05-17,0.88293963070670267,A
02015700,2007-05-18,0.90865631897971333,A
02015700,2007-05-19,0.95151746610139798,A
02015700,2007-05-20,0.84007848358501802,A
02015700,2007-05-21,0.79721733646333348,A
02015700,2007-05-22,0.76292841876598572,A
02015700,2007-05-23,0.88293963070670267,A
02015700,2007-05-24,1.157250972285484,A
02015700,2007-05-25,0.90008408955537655,A
02015700,2007-05-26,0.81436179531200725,A
02015700,2007-05-27,0.75435618934164883,A
02015700,2007-05-28,0.74578395991731194,A
02015700,2007-05-29,0.67720612452261664,A
02015700,2007-05-30,0.65148943624960576,A
02015700,2007-05-31,1.0629564486177778,A
02015700,2007-06-01,1.3458400196208962,A
02015700,2007-06-02,1.1486787428611471,A
02015700,2007-06-03,2.1173406678112188,A
02015700,2007-06-04,2.4345131565116849,A
02015700,2007-06-05,1.5515735258049823,A
02015700,2007-06-06,1.1743954311341578,A
02015700,2007-06-07,0.96008969552573487,A
02015700,2007-06-08,0.84007848358501802,A
02015700,2007-06-09,0.8572229424336919,A
02015700,2007-06-10,0.72006727164430118,A
02015700,2007-06-11,0.66006166567394275,A
02015700,2007-06-12,0.62577274797659499,A
02015700,2007-06-13,0.70292281279562729,A
02015700,2007-06-14,0.73721173049297495,A
02015700,2007-06-15,0.66006166567394275,A
02015700,2007-06-16,0.60862828912792122,A
02015700,2007-06-17,0.56576714200623668,A
02015700,2007-06-18,0.54005045373322591,A
02015700,2007-06-19,0.52290599488455203,A
02015700,2007-06-20,0.67720612452261664,A
02015700,2007-06-21,0.5486226831575628,A
02015700,2007-06-22,0.49718930661154132,A
02015700,2007-06-23,0.48004484776286743,A
02015700,2007-06-24,0.47147261833853055,A
02015700,2007-06-25,0.48861707718720432,A
02015700,2007-06-26,0.52290599488455203,A
02015700,2007-06-27,0.52290599488455203,A
02015700,2007-06-28,0.59148383027924734,A
02015700,2007-06-29,0.57433937143057356,A
02015700,2007-06-30,0.5486226831575628,A
02015700,2007-07-01,0.48861707718720432,A
02015700,2007-07-02,0.44575593006551978,A
02015700,2007-07-03,0.42861147121684595,A
02015700,2007-07-04,0.42861147121684595,A
02015700,2007-07-05,0.42861147121684595,A
02015700,2007-07-06,0.42861147121684595,A
02015700,2007-07-07,0.41146701236817207,A
02015700,2007-07-08,0.39432255351949824,A
02015700,2007-07-09,0.38575032409516136,A
02015700,2007-07-10,0.40289478294383513,A
02015700,2007-07-11,0.48004484776286743,A
02015700,2007-07-12,0.51433376546021503,A
02015700,2007-07-13,0.42003924179250901,A
02015700,2007-07-14,0.39432255351949824,A
02015700,2007-07-15,0.38575032409516136,A
02015700,2007-07-16,0.37717809467082442,A
02015700,2007-07-17,0.36860586524648747,A
02015700,2007-07-18,0.45432815948985666,A
02015700,2007-07-19,0.40289478294383513,A
02015700,2007-07-20,0.46290038891419355,A
02015700,2007-07-21,0.39432255351949824,A
02015700,2007-07-22,0.36860586524648747,A
02015700,2007-07-23,0.36003363582215059,A
02015700,2007-07-24,0.36003363582215059,A
02015700,2007-07-25,0.37717809467082442,A
02015700,2007-07-26,0.42861147121684595,A
02015700,2007-07-27,0.42861147121684595,A
02015700,2007-07-28,0.48004484776286743,A
02015700,2007-07-29,0.39432255351949824,A
02015700,2007-07-30,0.37717809467082442,A
02015700,2007-07-31,0.38575032409516136,A
02015700,2007-08-01,0.36003363582215059,A
02015700,2007-08-02,0.34288917697347676,A
02015700,2007-08-03,0.35146140639781365,A
02015700,2007-08-04,0.45432815948985666,A
02015700,2007-08-05,0.38575032409516136,A
02015700,2007-08-06,0.37717809467082442,A
02015700,2007-08-07,0.36860586524648747,A
02015700,2007-08-08,0.35146140639781365,A
02015700,2007-08-09,0.34288917697347676,A
02015700,2007-08-10,0.35146140639781365,A
02015700,2007-08-11,0.32574471812480288,A
02015700,2007-08-12,0.31717248870046599,A
02015700,2007-08-13,0.31717248870046599,A
02015700,2007-08-14,0.30860025927612905,A
02015700,2007-08-15,0.30860025927612905,A
02015700,2007-08-16,0.30860025927612905,A
02015700,2007-08-17,0.30860025927612905,A
02015700,2007-08-18,0.30860025927612905,A
02015700,2007-08-19,0.30002802985179211,A
02015700,2007-08-20,0.38575032409516136,A
02015700,2007-08-21,0.36860586524648747,A
02015700,2007-08-22,0.40289478294383513,A
02015700,2007-08-23,0.35146140639781365,A
02015700,2007-08-24,0.42861147121684595,A
02015700,2007-08-25,0.38575032409516136,A
02015700,2007-08-26,0.38575032409516136,A
02015700,2007-08-27,0.36003363582215059,A
02015700,2007-08-28,0.32574471812480288,A
02015700,2007-08-29,0.36003363582215059,A
02015700,2007-08-30,0.35146140639781365,A
02015700,2007-08-31,0.44575593006551978,A
02015700,2007-09-01,0.32574471812480288,A
02015700,2007-09-02,0.28288357100311834,A
02015700,2007-09-03,0.28288357100311834,A
02015700,2007-09-04,0.2743113415787814,A
02015700,2007-09-05,0.26573911215444446,A
02015700,2007-09-06,0.25716688273010752,A
02015700,2007-09-07,0.25716688273010752,A
02015700,2007-09-08,0.25716688273010752,A
02015700,2007-09-09,0.25716688273010752,A
02015700,2007-09-10,0.25716688273010752,A
02015700,2007-09-11,0.36003363582215059,A
02015700,2007-09-12,0.39432255351949824,A
02015700,2007-09-13,0.29145580042745522,A
02015700,2007-09-14,0.30002802985179211,A
02015700,2007-09-15,0.40289478294383513,A
02015700,2007-09-16,0.32574471812480288,A
02015700,2007-09-17,0.29145580042745522,A
02015700,2007-09-18,0.28288357100311834,A
02015700,2007-09-19,0.2743113415787814,A
02015700,2007-09-20,0.2743113415787814,A
02015700,2007-09-21,0.26573911215444446,A
02015700,2007-09-22,0.2743113415787814,A
02015700,2007-09-23,0.26573911215444446,A
02015700,2007-09-24,0.25716688273010752,A
02015700,2007-09-25,0.25716688273010752,A
02015700,2007-09-26,0.25716688273010752,A
02015700,2007-09-27,0.2743113415787814,A
02015700,2007-09-28,0.30002802985179211,A
02015700,2007-09-29,0.26573911215444446,A
02015700,2007-09-30,0.25716688273010752,A
02015700,2007-10-01,0.25716688273010752,A
02015700,2007-10-02,0.25716688273010752,A
02015700,2007-10-03,0.25716688273010752,A
02015700,2007-10-04,0.25716688273010752,A
02015700,2007-10-05,0.25716688273010752,A
02015700,2007-10-06,0.24859465330577066,A
02015700,2007-10-07,0.24859465330577066,A
02015700,2007-10-08,0.24859465330577066,A
02015700,2007-10-09,0.24859465330577066,A
02015700,2007-10-10,0.24859465330577066,A
02015700,2007-10-11,0.24859465330577066,A
02015700,2007-10-12,0.24859465330577066,A
02015700,2007-10-13,0.25716688273010752,A
02015700,2007-10-14,0.25716688273010752,A
02015700,2007-10-15,0.25716688273010752,A
02015700,2007-10-16,0.25716688273010752,A
02015700,2007-10-17,0.24859465330577066,A
02015700,2007-10-18,0.24859465330577066,A
02015700,2007-10-19,0.2743113415787814,A
02015700,2007-10-20,0.30860025927612905,A
02015700,2007-10-21,0.28288357100311834,A
02015700,2007-10-22,0.25716688273010752,A
02015700,2007-10-23,0.25716688273010752,A
02015700,2007-10-24,0.34288917697347676,A
02015700,2007-10-25,1.0886731368907887,A
02015700,2007-10-26,2.3402186328439787,A
02015700,2007-10-27,2.2544963386006098,A
02015700,2007-10-28,0.95151746610139798,A
02015700,2007-10-29,0.60862828912792122,A
02015700,2007-10-30,0.48004484776286743,A
02015700,2007-10-31,0.41146701236817207,A
02015700,2007-11-01,0.37717809467082442,A
02015700,2007-11-02,0.35146140639781365,A
02015700,2007-11-03,0.33431694754913982,A
02015700,2007-11-04,0.33431694754913982,A
02015700,2007-11-05,0.32574471812480288,A
02015700,2007-11-06,0.34288917697347676,A
02015700,2007-11-07,0.33431694754913982,A
02015700,2007-11-08,0.31717248870046599,A
02015700,2007-11-09,0.31717248870046599,A
02015700,2007-11-10,0.34288917697347676,A
02015700,2007-11-11,0.33431694754913982,A
02015700,2007-11-12,0.32574471812480288,A
02015700,2007-11-13,0.32574471812480288,A
02015700,2007-11-14,0.33431694754913982,A
02015700,2007-11-15,2.0573350618408601,A
02015700,2007-11-16,1.2172565782558424,A
02015700,2007-11-17,0.79721733646333348,A
02015700,2007-11-18,0.63434497740093199,A
02015700,2007-11-19,0.54005045373322591,A
02015700,2007-11-20,0.48861707718720432,A
02015700,2007-11-21,0.46290038891419355,A
02015700,2007-11-22,0.43718370064118284,A
02015700,2007-11-23,0.41146701236817207,A
02015700,2007-11-24,0.38575032409516136,A
02015700,2007-11-25,0.37717809467082442,A
02015700,2007-11-26,0.38575032409516136,A
02015700,2007-11-27,0.51433376546021503,A
02015700,2007-11-28,0.48004484776286743,A
02015700,2007-11-29,0.43718370064118284,A
02015700,2007-11-30,0.42003924179250901,A
02015700,2007-12-01,0.40289478294383513,A
02015700,2007-12-02,0.40289478294383513,A
02015700,2007-12-03,0.55719491258189968,A
02015700,2007-12-04,0.53147822430888891,A
02015700,2007-12-05,0.49718930661154132,A:e
02015700,2007-12-06,0.45432815948985666,A:e
02015700,2007-12-07,0.42003924179250901,A:e
02015700,2007-12-08,0.48861707718720432,A
02015700,2007-12-09,0.66006166567394275,A
02015700,2007-12-10,1.2001121194071684,A
02015700,2007-12-11,1.1486787428611471,A
02015700,2007-12-12,0.95151746610139798,A
02015700,2007-12-13,0.91722854840405021,A
02015700,2007-12-14,0.96008969552573487,A
02015700,2007-12-15,0.84007848358501802,A
02015700,2007-12-16,5.0490431309344457,A
02015700,2007-12-17,2.931702463123226,A
02015700,2007-12-18,1.6973014260187098,A
02015700,2007-12-19,1.3115511019235486,A
02015700,2007-12-20,1.0886731368907887,A
02015700,2007-12-21,0.93437300725272399,A
02015700,2007-12-22,0.82293402473634414,A
02015700,2007-12-23,1.4144178550155915,A
02015700,2007-12-24,2.3573630916926525,A
02015700,2007-12-25,1.680156967170036,A
02015700,2007-12-26,1.3458400196208962,A
02015700,2007-12-27,1.157250972285484,A
02015700,2007-12-28,1.0629564486177778,A
02015700,2007-12-29,2.8459801688798567,A
02015700,2007-12-30,2.0659072912651975,A
02015700,2007-12-31,1.8944627027784591,A
02015700,2008-01-01,1.5172846081076345,A
02015700,2008-01-02,1.268689954801864,A
02015700,2008-01-03,0.94294523667706109,A:e
02015700,2008-01-04,0.79721733646333348,A:e
02015700,2008-01-05,0.8572229424336919,A:e
02015700,2008-01-06,0.89151186013103956,A
02015700,2008-01-07,0.8572229424336919,A
02015700,2008-01-08,0.77150064819032271,A
02015700,2008-01-09,0.75435618934164883,A
02015700,2008-01-10,0.71149504221996418,A
02015700,2008-01-11,4.5089926772012197,A
02015700,2008-01-12,3.3517417049157352,A
02015700,2008-01-13,2.2544963386006098,A
02015700,2008-01-14,1.791595949686416,A
02015700,2008-01-15,1.4487067727129392,A
02015700,2008-01-16,1.2086843488315053,A
02015700,2008-01-17,1.1143898251637994,A
02015700,2008-01-18,1.0458119897691041,A
02015700,2008-01-19,0.97723415437440864,A
02015700,2008-01-20,0.82293402473634414,A
02015700,2008-01-21,0.60005605970358422,A:e
02015700,2008-01-22,0.64291720682526887,A:e
02015700,2008-01-23,0.71149504221996418,A:e
02015700,2008-01-24,0.63434497740093199,A:e
02015700,2008-01-25,0.51433376546021503,A:e
02015700,2008-01-26,0.47147261833853055,A:e
02015700,2008-01-27,0.60862828912792122,A
02015700,2008-01-28,0.58291160085491045,A
02015700,2008-01-29,0.60862828912792122,A
02015700,2008-01-30,1.0029508426474194,A
02015700,2008-01-31,0.83150625416068102,A
02015700,2008-02-01,4.3632647769874913,A
02015700,2008-02-02,4.3375480887144811,A
02015700,2008-02-03,2.6231022038470972,A
02015700,2008-02-04,2.605957744998423,A
02015700,2008-02-05,2.7945467923338354,A
02015700,2008-02-06,2.5202354507550542,A
02015700,2008-02-07,3.4117473108860934,A
02015700,2008-02-08,2.4602298447846955,A
02015700,2008-02-09,2.0316183735678495,A
02015700,2008-02-10,1.6887291965943729,A
02015700,2008-02-11,1.371556707893907,A
02015700,2008-02-12,1.2944066430748746,A
02015700,2008-02-13,1.9458960793244804,A
02015700,2008-02-14,1.9973294558705021,A
02015700,2008-02-15,1.6458680494726883,A
02015700,2008-02-16,1.4744234609859499,A
02015700,2008-02-17,1.3458400196208962,A
02015700,2008-02-18,1.8258848673837635,A
02015700,2008-02-19,1.6372958200483514,A
02015700,2008-02-20,1.4487067727129392,A
02015700,2008-02-21,1.3115511019235486,A
02015700,2008-02-22,1.268689954801864,A
02015700,2008-02-23,1.3201233313478855,A
02015700,2008-02-24,1.2172565782558424,A
02015700,2008-02-25,1.157250972285484,A
02015700,2008-02-26,1.1743954311341578,A
02015700,2008-02-27,1.1829676605584947,A
02015700,2008-02-28,1.0200953014960932,A
02015700,2008-02-29,0.95151746610139798,A
02015700,2008-03-01,1.0372397603447672,A
02015700,2008-03-02,1.0458119897691041,A
02015700,2008-03-03,1.0372397603447672,A
02015700,2008-03-04,4.1318145825303949,A
02015700,2008-03-05,15.001401492589608,A
02015700,2008-03-06,5.2290599488455207,A
02015700,2008-03-07,3.4631806874321152,A
02015700,2008-03-08,3.3774583931887459,A
02015700,2008-03-09,2.8031190217581723,A
02015700,2008-03-10,2.3316464034196418,A
02015700,2008-03-11,2.1344851266598925,A
02015700,2008-03-12,1.8944627027784591,A
02015700,2008-03-13,1.6544402788970252,A
02015700,2008-03-14,1.4915679198346239,A
02015700,2008-03-15,1.4744234609859499,A
02015700,2008-03-16,2.6831078098174554,A
02015700,2008-03-17,2.0573350618408601,A
02015700,2008-03-18,1.8087404085350898,A
02015700,2008-03-19,1.9716127675974915,A
02015700,2008-03-20,5.3576433902105736,A
02015700,2008-03-21,3.180297116428997,A
02015700,2008-03-22,2.605957744998423,A
02015700,2008-03-23,2.1344851266598925,A
02015700,2008-03-24,1.8087404085350898,A
02015700,2008-03-25,1.5687179846536561,A
02015700,2008-03-26,1.4144178550155915,A
02015700,2008-03-27,1.3629844784695702,A
02015700,2008-03-28,1.3458400196208962,A
02015700,2008-03-29,1.157250972285484,A
02015700,2008-03-30,1.0458119897691041,A
02015700,2008-03-31,1.0029508426474194,A
02015700,2008-04-01,1.0115230720717563,A
02015700,2008-04-02,0.94294523667706109,A
02015700,2008-04-03,0.94294523667706109,A
02015700,2008-04-04,2.0487628324165232,A
02015700,2008-04-05,1.6372958200483514,A
02015700,2008-04-06,2.425940927087348,A
02015700,2008-04-07,2.5202354507550542,A
02015700,2008-04-08,2.1344851266598925,A
02015700,2008-04-09,1.8430293262324373,A
02015700,2008-04-10,1.6287235906240145,A
02015700,2008-04-11,1.4915679198346239,A
02015700,2008-04-12,2.0144739147191757,A
02015700,2008-04-13,1.6115791317753405,A
02015700,2008-04-14,1.4487067727129392,A
02015700,2008-04-15,1.3115511019235486,A
02015700,2008-04-16,1.1829676605584947,A
02015700,2008-04-17,1.0972453663151256,A
02015700,2008-04-18,1.0286675309204301,A
02015700,2008-04-19,0.98580638379874574,A
02015700,2008-04-20,1.8173126379594267,A
02015700,2008-04-21,2.2202074209032618,A
02015700,2008-04-22,2.0487628324165232,A
02015700,2008-04-23,1.8516015556567742,A
02015700,2008-04-24,1.663012508321362,A
02015700,2008-04-25,1.5172846081076345,A
02015700,2008-04-26,1.5001401492589608,A
02015700,2008-04-27,1.4829956904102868,A
02015700,2008-04-28,3.1717248870046602,A
02015700,2008-04-29,3.4374639991591045,A
02015700,2008-04-30,2.5716688273010755,A
02015700,2008-05-01,2.1173406678112188,A
02015700,2008-05-02,1.8173126379594267,A
02015700,2008-05-03,1.5858624435023301,A
02015700,2008-05-04,1.4144178550155915,A
02015700,2008-05-05,1.2429732665288531,A
02015700,2008-05-06,1.1401065134368102,A
02015700,2008-05-07,1.0543842191934409,A
02015700,2008-05-08,1.1658232017098209,A
02015700,2008-05-09,7.2263894047160218,A
02015700,2008-05-10,7.0035114396832618,A
02015700,2008-05-11,5.3919323079079211,A
02015700,2008-05-12,6.1462884972495706,A
02015700,2008-05-13,4.2775424827441224,A
02015700,2008-05-14,3.2060138047020073,A
02015700,2008-05-15,2.6573911215444448,A
02015700,2008-05-16,3.4288917697347676,A
02015700,2008-05-17,2.6573911215444448,A
02015700,2008-05-18,2.3573630916926525,A
02015700,2008-05-19,2.0830517501138712,A
02015700,2008-05-20,2.9917080690935847,A
02015700,2008-05-21,2.7774023334851616,A
02015700,2008-05-22,2.3402186328439787,A
02015700,2008-05-23,1.9458960793244804,A
02015700,2008-05-24,1.663012508321362,A
02015700,2008-05-25,1.4487067727129392,A
02015700,2008-05-26,1.3201233313478855,A
02015700,2008-05-27,1.3372677901965593,A
02015700,2008-05-28,1.25154549595319,A
02015700,2008-05-29,1.0629564486177778,A
02015700,2008-05-30,0.96866192495007175,A
02015700,2008-05-31,0.90865631897971333,A
02015700,2008-06-01,0.88293963070670267,A
02015700,2008-06-02,0.82293402473634414,A
02015700,2008-06-03,0.75435618934164883,A
02015700,2008-06-04,0.84007848358501802,A
02015700,2008-06-05,0.93437300725272399,A
02015700,2008-06-06,0.72863950106863806,A
02015700,2008-06-07,0.65148943624960576,A
02015700,2008-06-08,0.60862828912792122,A
02015700,2008-06-09,0.58291160085491045,A
02015700,2008-06-10,0.55719491258189968,A
02015700,2008-06-11,0.58291160085491045,A
02015700,2008-06-12,0.53147822430888891,A
02015700,2008-06-13,0.50576153603587815,A
02015700,2008-06-14,0.52290599488455203,A
02015700,2008-06-15,0.65148943624960576,A
02015700,2008-06-16,0.52290599488455203,A
02015700,2008-06-17,0.64291720682526887,A
02015700,2008-06-18,0.51433376546021503,A
02015700,2008-06-19,0.48004484776286743,A
02015700,2008-06-20,0.48004484776286743,A
02015700,2008-06-21,0.48861707718720432,A
02015700,2008-06-22,0.5486226831575628,A
02015700,2008-06-23,0.55719491258189968,A
02015700,2008-06-24,0.47147261833853055,A
02015700,2008-06-25,0.44575593006551978,A
02015700,2008-06-26,0.42861147121684595,A
02015700,2008-06-27,0.41146701236817207,A
02015700,2008-06-28,0.40289478294383513,A
02015700,2008-06-29,0.43718370064118284,A
02015700,2008-06-30,0.47147261833853055,A
02015700,2008-07-01,0.44575593006551978,A
02015700,2008-07-02,0.41146701236817207,A
02015700,2008-07-03,0.38575032409516136,A
02015700,2008-07-04,0.37717809467082442,A
02015700,2008-07-05,0.44575593006551978,A
02015700,2008-07-06,0.77150064819032271,A
02015700,2008-07-07,0.90865631897971333,A
02015700,2008-07-08,0.88293963070670267,A
02015700,2008-07-09,0.59148383027924734,A
02015700,2008-07-10,0.52290599488455203,A
02015700,2008-07-11,0.45432815948985666,A
02015700,2008-07-12,0.41146701236817207,A
02015700,2008-07-13,0.43718370064118284,A
02015700,2008-07-14,1.4487067727129392,A
02015700,2008-07-15,0.64291720682526887,A
02015700,2008-07-16,0.49718930661154132,A
02015700,2008-07-17,0.43718370064118284,A
02015700,2008-07-18,0.40289478294383513,A
02015700,2008-07-19,0.38575032409516136,A
02015700,2008-07-20,0.36860586524648747,A
02015700,2008-07-21,0.36003363582215059,A
02015700,2008-07-22,0.35146140639781365,A
02015700,2008-07-23,0.50576153603587815,A
02015700,2008-07-24,0.54005045373322591,A
02015700,2008-07-25,0.40289478294383513,A
02015700,2008-07-26,0.36860586524648747,A
02015700,2008-07-27,0.35146140639781365,A
02015700,2008-07-28,0.34288917697347676,A
02015700,2008-07-29,0.34288917697347676,A
02015700,2008-07-30,0.33431694754913982,A
02015700,2008-07-31,0.33431694754913982,A
02015700,2008-08-01,0.34288917697347676,A
02015700,2008-08-02,0.34288917697347676,A
02015700,2008-08-03,0.34288917697347676,A
02015700,2008-08-04,0.31717248870046599,A
02015700,2008-08-05,0.30860025927612905,A
02015700,2008-08-06,0.31717248870046599,A
02015700,2008-08-07,0.30860025927612905,A
02015700,2008-08-08,0.30860025927612905,A
02015700,2008-08-09,0.30860025927612905,A
02015700,2008-08-10,0.31717248870046599,A
02015700,2008-08-11,0.33431694754913982,A
02015700,2008-08-12,0.33431694754913982,A
02015700,2008-08-13,0.32574471812480288,A
02015700,2008-08-14,0.33431694754913982,A
02015700,2008-08-15,0.34288917697347676,A
02015700,2008-08-16,0.37717809467082442,A
02015700,2008-08-17,0.34288917697347676,A
02015700,2008-08-18,0.33431694754913982,A
02015700,2008-08-19,0.33431694754913982,A
02015700,2008-08-20,0.32574471812480288,A
02015700,2008-08-21,0.32574471812480288,A
02015700,2008-08-22,0.32574471812480288,A
02015700,2008-08-23,0.31717248870046599,A
02015700,2008-08-24,0.32574471812480288,A
02015700,2008-08-25,0.32574471812480288,A
02015700,2008-08-26,0.47147261833853055,A
02015700,2008-08-27,0.44575593006551978,A
02015700,2008-08-28,0.96008969552573487,A
02015700,2008-08-29,0.74578395991731194,A
02015700,2008-08-30,0.55719491258189968,A
02015700,2008-08-31,0.73721173049297495,A
02015700,2008-09-01,0.48861707718720432,A:e
02015700,2008-09-02,0.36003363582215059,A:e
02015700,2008-09-03,0.34288917697347676,A
02015700,2008-09-04,0.32574471812480288,A
02015700,2008-09-05,0.30860025927612905,A
02015700,2008-09-06,0.33431694754913982,A
02015700,2008-09-07,0.34288917697347676,A
02015700,2008-09-08,0.30860025927612905,A
02015700,2008-09-09,0.32574471812480288,A
02015700,2008-09-10,0.35146140639781365,A
02015700,2008-09-11,0.32574471812480288,A
02015700,2008-09-12,0.31717248870046599,A
02015700,2008-09-13,0.32574471812480288,A
02015700,2008-09-14,0.31717248870046599,A
02015700,2008-09-15,0.30002802985179211,A
02015700,2008-09-16,0.29145580042745522,A
02015700,2008-09-17,0.29145580042745522,A
02015700,2008-09-18,0.29145580042745522,A
02015700,2008-09-19,0.29145580042745522,A
02015700,2008-09-20,0.29145580042745522,A
02015700,2008-09-21,0.29145580042745522,A
02015700,2008-09-22,0.29145580042745522,A
02015700,2008-09-23,0.28288357100311834,A
02015700,2008-09-24,0.28288357100311834,A
02015700,2008-09-25,0.28288357100311834,A
02015700,2008-09-26,0.30002802985179211,A
02015700,2008-09-27,0.38575032409516136,A
02015700,2008-09-28,0.53147822430888891,A
02015700,2008-09-29,0.37717809467082442,A
02015700,2008-09-30,0.33431694754913982,A
06892000,2006-10-01,0.01253839959001391,A:e
06892000,2006-10-02,0.011642799619298632,A:e
06892000,2006-10-03,0.010523299655904534,A:e
06892000,2006-10-04,0.010523299655904534,A:e
06892000,2006-10-05,0.0096276996851892525,A:e
06892000,2006-10-06,0.0091798996998316128,A:e
06892000,2006-10-07,0.0076125997510798748,A:e
06892000,2006-10-08,0.0085081997217951524,A:e
06892000,2006-10-09,0.0085081997217951524,A:e
06892000,2006-10-10,0.0080603997364375127,A:e
06892000,2006-10-11,0.0080603997364375127,A:e
06892000,2006-10-12,0.0071647997657222351,A:e
06892000,2006-10-13,0.0067169997803645945,A:e
06892000,2006-10-14,0.0071647997657222351,A:e
06892000,2006-10-15,0.033584998901822968,A:e
06892000,2006-10-16,0.024628999194670181,A:e
06892000,2006-10-17,0.018807599385020867,A:e
06892000,2006-10-18,0.014105699538765648,A:e
06892000,2006-10-19,0.012986199575371549,A:e
06892000,2006-10-20,0.014105699538765648,A:e
06892000,2006-10-21,0.022389999267881985,A:e
06892000,2006-10-22,0.022389999267881985,A:e
06892000,2006-10-23,0.019927099348414964,A:e
06892000,2006-10-24,0.017016399443590305,A:e
06892000,2006-10-25,0.014105699538765648,A:e
06892000,2006-10-26,0.073886997584010544,A:e
06892000,2006-10-27,0.47690698440588625,A:e
06892000,2006-10-28,0.19479299363057326,A:e
06892000,2006-10-29,0.078364997437586931,A:e
06892000,2006-10-30,0.049257998389340363,A:e
06892000,2006-10-31,0.035823998828611175,A:e
06892000,2006-11-01,0.033584998901822968,A:e
06892000,2006-11-02,0.031345998975034775,A:e
06892000,2006-11-03,0.029106999048246578,A:e
06892000,2006-11-04,0.024628999194670181,A:e
06892000,2006-11-05,0.022389999267881985,A:e
06892000,2006-11-06,0.022389999267881985,A:e
06892000,2006-11-07,0.020822699319130247,A:e
06892000,2006-11-08,0.020822699319130247,A:e
06892000,2006-11-09,0.019703199355736147,A:e
06892000,2006-11-10,0.019703199355736147,A:e
06892000,2006-11-11,0.017240299436269129,A:e
06892000,2006-11-12,0.017911999414305588,A:e
06892000,2006-11-13,0.017911999414305588,A:e
06892000,2006-11-14,0.019031499377699688,A:e
06892000,2006-11-15,0.020374899333772605,A:e
06892000,2006-11-16,0.019927099348414964,A:e
06892000,2006-11-17,0.019927099348414964,A:e
06892000,2006-11-18,0.019031499377699688,A:e
06892000,2006-11-19,0.019255399370378505,A:e
06892000,2006-11-20,0.019479299363057322,A:e
06892000,2006-11-21,0.019031499377699688,A:e
06892000,2006-11-22,0.019927099348414964,A:e
06892000,2006-11-23,0.020822699319130247,A:e
06892000,2006-11-24,0.022389999267881985,A:e
06892000,2006-11-25,0.022389999267881985,A:e
06892000,2006-11-26,0.024628999194670181,A:e
06892000,2006-11-27,0.026867999121458378,A:e
06892000,2006-11-28,0.11194999633940993,A:e
06892000,2006-11-29,0.24628999194670184,A:e
06892000,2006-11-30,0.21270499304487886,A
06892000,2006-12-01,0.11418899626619811,A
06892000,2006-12-02,0.078364997437586931,A
06892000,2006-12-03,0.06045299802328135,A
06892000,2006-12-04,0.053735998242916756,A
06892000,2006-12-05,0.051496998316128556,A
06892000,2006-12-06,0.053735998242916756,A
06892000,2006-12-07,0.04701899846255217,A
06892000,2006-12-08,0.038062998755399376,A
06892000,2006-12-09,0.040301998682187569,A
06892000,2006-12-10,0.04701899846255217,A
06892000,2006-12-11,0.049257998389340363,A
06892000,2006-12-12,0.053735998242916756,A
06892000,2006-12-13,0.053735998242916756,A
06892000,2006-12-14,0.051496998316128556,A
06892000,2006-12-15,0.053735998242916756,A
06892000,2006-12-16,0.051496998316128556,A
06892000,2006-12-17,0.049257998389340363,A
06892000,2006-12-18,0.04701899846255217,A
06892000,2006-12-19,0.044779998535763969,A
06892000,2006-12-20,0.32017698953071239,A
06892000,2006-12-21,0.42093198623618128,A
06892000,2006-12-22,0.29330899040925401,A
06892000,2006-12-23,0.23285599238597263,A
06892000,2006-12-24,0.1209059960465627,A
06892000,2006-12-25,0.082842997291163345,A
06892000,2006-12-26,0.067169997803645937,A
06892000,2006-12-27,0.058213998096493157,A
06892000,2006-12-28,0.053735998242916756,A
06892000,2006-12-29,0.051496998316128556,A
06892000,2006-12-30,0.16792499450911486,A
06892000,2006-12-31,0.57094498133099059,A
06892000,2007-01-01,0.36719598799326453,A
06892000,2007-01-02,0.38958598726114652,A
06892000,2007-01-03,0.17016399443590305,A
06892000,2007-01-04,0.11418899626619811,A
06892000,2007-01-05,0.096276996851892518,A
06892000,2007-01-06,0.082842997291163345,A
06892000,2007-01-07,0.071647997657222351,A:e
06892000,2007-01-08,0.064930997876857757,A
06892000,2007-01-09,0.06045299802328135,A:e
06892000,2007-01-10,0.058213998096493157,A:e
06892000,2007-01-11,0.055974998169704963,A:e
06892000,2007-01-12,0.044779998535763969,A:e
06892000,2007-01-13,0.040301998682187569,A:e
06892000,2007-01-14,0.035823998828611175,A:e
06892000,2007-01-15,0.033584998901822968,A:e
06892000,2007-01-16,0.033584998901822968,A:e
06892000,2007-01-17,0.040301998682187569,A:e
06892000,2007-01-18,0.038062998755399376,A:e
06892000,2007-01-19,0.040301998682187569,A:e
06892000,2007-01-20,0.040301998682187569,A:e
06892000,2007-01-21,0.042540998608975762,A:e
06892000,2007-01-22,0.044779998535763969,A:e
06892000,2007-01-23,0.044779998535763969,A:e
06892000,2007-01-24,0.04701899846255217,A:e
06892000,2007-01-25,0.06269199795006955,A:e
06892000,2007-01-26,0.082842997291163345,A:e
06892000,2007-01-27,0.15001299509480928,A
06892000,2007-01-28,0.13210099568050371,A:e
06892000,2007-01-29,0.10075499670546893,A:e
06892000,2007-01-30,0.080603997364375138,A:e
06892000,2007-01-31,0.069408997730434144,A:e
06892000,2007-02-01,0.067169997803645937,A:e
06892000,2007-02-02,0.06269199795006955,A:e
06892000,2007-02-03,0.058213998096493157,A:e
06892000,2007-02-04,0.053735998242916756,A:e
06892000,2007-02-05,0.044779998535763969,A:e
06892000,2007-02-06,0.040301998682187569,A:e
06892000,2007-02-07,0.038062998755399376,A:e
06892000,2007-02-08,0.035823998828611175,A:e
06892000,2007-02-09,0.035823998828611175,A:e
06892000,2007-02-10,0.040301998682187569,A:e
06892000,2007-02-11,0.053735998242916756,A:e
06892000,2007-02-12,0.06269199795006955,A:e
06892000,2007-02-13,0.067169997803645937,A:e
06892000,2007-02-14,0.067169997803645937,A:e
06892000,2007-02-15,0.06269199795006955,A:e
06892000,2007-02-16,0.067169997803645937,A:e
06892000,2007-02-17,0.069408997730434144,A:e
06892000,2007-02-18,0.071647997657222351,A:e
06892000,2007-02-19,0.64930997876857743,A
06892000,2007-02-20,1.7217909437001244,A
06892000,2007-02-21,2.2613899260560806,A
06892000,2007-02-22,0.96948696829928982,A
06892000,2007-02-23,0.62915897942748367,A
06892000,2007-02-24,0.92694596969031406,A
06892000,2007-02-25,1.1821919613441687,A
06892000,2007-02-26,0.76573797496156382,A
06892000,2007-02-27,0.38958598726114652,A
06892000,2007-02-28,0.26644099128779558,A
06892000,2007-03-01,0.27091899114137202,A
06892000,2007-03-02,0.21270499304487886,A:e
06892000,2007-03-03,0.17016399443590305,A
06892000,2007-03-04,0.13657899553408009,A
06892000,2007-03-05,0.11866699611977451,A
06892000,2007-03-06,0.11194999633940993,A
06892000,2007-03-07,0.10523299655904532,A
06892000,2007-03-08,0.098515996778680726,A
06892000,2007-03-09,0.10075499670546893,A
06892000,2007-03-10,0.10971099641262172,A
06892000,2007-03-11,0.10747199648583351,A
06892000,2007-03-12,0.10971099641262172,A
06892000,2007-03-13,0.10299399663225711,A
06892000,2007-03-14,0.096276996851892518,A
06892000,2007-03-15,0.089559997071527939,A
06892000,2007-03-16,0.078364997437586931,A
06892000,2007-03-17,0.073886997584010544,A
06892000,2007-03-18,0.069408997730434144,A
06892000,2007-03-19,0.067169997803645937,A
06892000,2007-03-20,0.064930997876857757,A
06892000,2007-03-21,0.067169997803645937,A
06892000,2007-03-22,0.089559997071527939,A
06892000,2007-03-23,0.10299399663225711,A
06892000,2007-03-24,0.098515996778680726,A
06892000,2007-03-25,0.091798996998316132,A
06892000,2007-03-26,0.085081997217951524,A
06892000,2007-03-27,0.12314499597335092,A
06892000,2007-03-28,0.19479299363057326,A
06892000,2007-03-29,0.18135899406984404,A
06892000,2007-03-30,2.6196299143421919,A
06892000,2007-03-31,5.8213998096493151,A
06892000,2007-04-01,3.0898198989677135,A
06892000,2007-04-02,1.074719964858335,A
06892000,2007-04-03,0.83738597261878611,A
06892000,2007-04-04,0.66050497840251854,A
06892000,2007-04-05,0.49034098396661546,A
06892000,2007-04-06,0.34256698879859437,A
06892000,2007-04-07,0.26644099128779558,A
06892000,2007-04-08,0.22837799253239621,A
06892000,2007-04-09,0.20598799326451422,A
06892000,2007-04-10,0.20822699319130245,A
06892000,2007-04-11,1.24264495936745,A
06892000,2007-04-12,1.3837019547551066,A
06892000,2007-04-13,0.9426189691778315,A
06892000,2007-04-14,2.0061439344022256,A
06892000,2007-04-15,1.2336889596602973,A
06892000,2007-04-16,0.83738597261878611,A
06892000,2007-04-17,0.53959898235595583,A
06892000,2007-04-18,0.41197598652902845,A
06892000,2007-04-19,0.33137198916465338,A
06892000,2007-04-20,0.27539699099494841,A
06892000,2007-04-21,0.23733399223954901,A
06892000,2007-04-22,0.20822699319130245,A
06892000,2007-04-23,0.18807599385020868,A
06892000,2007-04-24,0.17240299436269127,A
06892000,2007-04-25,0.21046599311809064,A
06892000,2007-04-26,0.31569898967713594,A
06892000,2007-04-27,0.32241598945750055,A
06892000,2007-04-28,0.48586298411303902,A
06892000,2007-04-29,0.32241598945750055,A
06892000,2007-04-30,0.23733399223954901,A
06892000,2007-05-01,0.19927099348414964,A
06892000,2007-05-02,1.3613119554872244,A
06892000,2007-05-03,0.96948696829928982,A
06892000,2007-05-04,0.69856797715791785,A
06892000,2007-05-05,0.50601398345413284,A
06892000,2007-05-06,5.5974998169704957,A
06892000,2007-05-07,31.793798960392415,A
06892000,2007-05-08,37.391298777362913,A
06892000,2007-05-09,19.053889376967568,A
06892000,2007-05-10,4.0525898674866392,A
06892000,2007-05-11,1.3859409546818948,A
06892000,2007-05-12,0.93590196939746684,A
06892000,2007-05-13,0.70976297679185885,A
06892000,2007-05-14,0.5955739805256608,A
06892000,2007-05-15,0.52168698294165017,A
06892000,2007-05-16,0.47242898455230986,A
06892000,2007-05-17,0.4052589867486639,A
06892000,2007-05-18,0.32913298923786516,A
06892000,2007-05-19,0.2865919906288894,A
06892000,2007-05-20,0.25524599165385459,A
06892000,2007-05-21,0.23285599238597263,A
06892000,2007-05-22,0.20598799326451422,A
06892000,2007-05-23,0.19031499377699687,A
06892000,2007-05-24,0.17911999414305588,A
06892000,2007-05-25,0.18135899406984404,A
06892000,2007-05-26,0.19703199355736145,A
06892000,2007-05-27,0.20598799326451422,A
06892000,2007-05-28,0.29330899040925401,A
06892000,2007-05-29,0.25300699172706642,A
06892000,2007-05-30,0.20822699319130245,A
06892000,2007-05-31,0.19255399370378504,A
06892000,2007-06-01,0.42764898601654588,A
06892000,2007-06-02,1.0097889669814775,A
06892000,2007-06-03,0.70976297679185885,A
06892000,2007-06-04,0.34928398857895893,A
06892000,2007-06-05,0.21942199282524344,A
06892000,2007-06-06,0.16344699465553847,A
06892000,2007-06-07,0.13433999560729187,A
06892000,2007-06-08,0.14105699538765651,A
06892000,2007-06-09,0.10971099641262172,A
06892000,2007-06-10,0.13657899553408009,A
06892000,2007-06-11,0.60676898015960168,A
06892000,2007-06-12,0.28211399077531302,A
06892000,2007-06-13,0.17016399443590305,A
06892000,2007-06-14,0.13210099568050371,A
06892000,2007-06-15,0.10971099641262172,A
06892000,2007-06-16,0.094037996925104339,A
06892000,2007-06-17,0.078364997437586931,A
06892000,2007-06-18,0.076125997510798751,A
06892000,2007-06-19,0.31345998975034772,A
06892000,2007-06-20,0.21718299289845522,A
06892000,2007-06-21,0.14105699538765651,A
06892000,2007-06-22,0.10075499670546893,A
06892000,2007-06-23,0.094037996925104339,A
06892000,2007-06-24,0.10523299655904532,A
06892000,2007-06-25,0.082842997291163345,A
06892000,2007-06-26,0.067169997803645937,A
06892000,2007-06-27,0.06045299802328135,A
06892000,2007-06-28,0.096276996851892518,A
06892000,2007-06-29,0.97172596822607804,A
06892000,2007-06-30,0.2418119920931254,A
06892000,2007-07-01,0.14105699538765651,A
06892000,2007-07-02,0.10299399663225711,A
06892000,2007-07-03,0.082842997291163345,A
06892000,2007-07-04,0.087320997144739732,A
06892000,2007-07-05,0.85753697195987999,A
06892000,2007-07-06,0.20150999341093787,A
06892000,2007-07-07,0.12986199575371551,A
06892000,2007-07-08,0.098515996778680726,A
06892000,2007-07-09,0.069408997730434144,A
06892000,2007-07-10,0.051496998316128556,A
06892000,2007-07-11,0.04701899846255217,A
06892000,2007-07-12,0.040301998682187569,A
06892000,2007-07-13,0.038062998755399376,A
06892000,2007-07-14,0.033584998901822968,A
06892000,2007-07-15,0.031345998975034775,A
06892000,2007-07-16,0.029106999048246578,A
06892000,2007-07-17,0.026867999121458378,A
06892000,2007-07-18,0.026867999121458378,A
06892000,2007-07-19,0.024628999194670181,A
06892000,2007-07-20,0.022389999267881985,A
06892000,2007-07-21,0.021046599311809067,A
06892000,2007-07-22,0.021494399297166702,A
06892000,2007-07-23,0.029106999048246578,A
06892000,2007-07-24,0.06269199795006955,A
06892000,2007-07-25,0.040301998682187569,A
06892000,2007-07-26,0.026867999121458378,A
06892000,2007-07-27,0.024628999194670181,A
06892000,2007-07-28,0.021942199282524343,A
06892000,2007-07-29,0.018359799399663226,A
06892000,2007-07-30,0.019031499377699688,A
06892000,2007-07-31,0.021270499304487881,A
06892000,2007-08-01,0.021270499304487881,A
06892000,2007-08-02,0.021270499304487881,A
06892000,2007-08-03,0.029106999048246578,A
06892000,2007-08-04,0.035823998828611175,A
06892000,2007-08-05,0.020598799326451422,A
06892000,2007-08-06,0.015672999487517388,A
06892000,2007-08-07,0.012762299582692732,A
06892000,2007-08-08,0.012986199575371549,A
06892000,2007-08-09,0.17688099421626768,A
06892000,2007-08-10,0.13210099568050371,A
06892000,2007-08-11,0.094037996925104339,A
06892000,2007-08-12,0.053735998242916756,A
06892000,2007-08-13,0.031345998975034775,A
06892000,2007-08-14,0.021942199282524343,A
06892000,2007-08-15,0.016120799472875025,A
06892000,2007-08-16,0.013433999560729189,A
06892000,2007-08-17,0.012762299582692732,A
06892000,2007-08-18,0.01432959953144447,A
06892000,2007-08-19,0.019703199355736147,A
06892000,2007-08-20,0.067169997803645937,A
06892000,2007-08-21,0.04701899846255217,A
06892000,2007-08-22,0.042540998608975762,A
06892000,2007-08-23,0.029106999048246578,A
06892000,2007-08-24,0.021718299289845523,A
06892000,2007-08-25,0.022389999267881985,A
06892000,2007-08-26,0.01656859945823267,A
06892000,2007-08-27,0.044779998535763969,A
06892000,2007-08-28,0.040301998682187569,A
06892000,2007-08-29,0.026867999121458378,A
06892000,2007-08-30,0.017911999414305588,A
06892000,2007-08-31,0.014777399516802106,A
06892000,2007-09-01,0.012762299582692732,A
06892000,2007-09-02,0.014105699538765648,A
06892000,2007-09-03,0.016344699465553846,A
06892000,2007-09-04,0.017911999414305588,A
06892000,2007-09-05,0.018359799399663226,A
06892000,2007-09-06,0.018135899406984405,A
06892000,2007-09-07,0.076125997510798751,A
06892000,2007-09-08,0.23509499231276085,A
06892000,2007-09-09,0.26196299143421919,A
06892000,2007-09-10,0.067169997803645937,A
06892000,2007-09-11,0.029106999048246578,A
06892000,2007-09-12,0.016120799472875025,A
06892000,2007-09-13,0.0094037996925104336,A
06892000,2007-09-14,0.0062691997950069548,A
06892000,2007-09-15,0.0055974998169704962,A:e
06892000,2007-09-16,0.0051496998316128556,A:e
06892000,2007-09-17,0.0049257998389340366,A:e
06892000,2007-09-18,0.0078364997437586938,A:e
06892000,2007-09-19,0.024628999194670181,A:e
06892000,2007-09-20,0.012314499597335091,A:e
06892000,2007-09-21,0.011194999633940992,A:e
06892000,2007-09-22,0.010075499670546892,A:e
06892000,2007-09-23,0.0067169997803645945,A:e
06892000,2007-09-24,0.0067169997803645945,A:e
06892000,2007-09-25,0.0062691997950069548,A:e
06892000,2007-09-26,0.0055974998169704962,A:e
06892000,2007-09-27,0.0053735998242916755,A:e
06892000,2007-09-28,0.0049257998389340366,A:e
06892000,2007-09-29,0.0044779998535763969,A:e
06892000,2007-09-30,0.0044779998535763969,A:e
06892000,2007-10-01,0.0044779998535763969,A:e
06892000,2007-10-02,0.022389999267881985,A:e
06892000,2007-10-03,0.035823998828611175,A
06892000,2007-10-04,0.053735998242916756,A
06892000,2007-10-05,0.031345998975034775,A:e
06892000,2007-10-06,0.021046599311809067,A:e
06892000,2007-10-07,0.021718299289845523,A
06892000,2007-10-08,0.031345998975034775,A
06892000,2007-10-09,0.04701899846255217,A
06892000,2007-10-10,0.055974998169704963,A
06892000,2007-10-11,0.051496998316128556,A
06892000,2007-10-12,0.067169997803645937,A
06892000,2007-10-13,1.8494139395270519,A
06892000,2007-10-14,3.9182498718793468,A
06892000,2007-10-15,2.9330899040925398,A
06892000,2007-10-16,1.1486069624423456,A
06892000,2007-10-17,2.1337669302291529,A
06892000,2007-10-18,4.8362398418625077,A
06892000,2007-10-19,4.321269858701223,A
06892000,2007-10-20,0.68065597774361219,A
06892000,2007-10-21,0.2977869902628304,A
06892000,2007-10-22,0.46123398491836887,A
06892000,2007-10-23,1.8829989384288748,A
06892000,2007-10-24,0.81947397320448057,A
06892000,2007-10-25,0.30674298996998317,A
06892000,2007-10-26,0.18583699392342046,A
06892000,2007-10-27,0.13881799546086829,A
06892000,2007-10-28,0.10747199648583351,A
06892000,2007-10-29,0.091798996998316132,A
06892000,2007-10-30,0.080603997364375138,A
06892000,2007-10-31,0.073886997584010544,A
06892000,2007-11-01,0.069408997730434144,A
06892000,2007-11-02,0.06045299802328135,A
06892000,2007-11-03,0.055974998169704963,A
06892000,2007-11-04,0.055974998169704963,A:e
06892000,2007-11-05,0.055974998169704963,A:e
06892000,2007-11-06,0.053735998242916756,A
06892000,2007-11-07,0.051496998316128556,A
06892000,2007-11-08,0.049257998389340363,A
06892000,2007-11-09,0.049257998389340363,A
06892000,2007-11-10,0.051496998316128556,A
06892000,2007-11-11,0.051496998316128556,A
06892000,2007-11-12,0.053735998242916756,A
06892000,2007-11-13,0.058213998096493157,A
06892000,2007-11-14,0.053735998242916756,A
06892000,2007-11-15,0.049257998389340363,A
06892000,2007-11-16,0.049257998389340363,A:e
06892000,2007-11-17,0.049257998389340363,A
06892000,2007-11-18,0.049257998389340363,A
06892000,2007-11-19,0.051496998316128556,A:e
06892000,2007-11-20,0.053735998242916756,A:e
06892000,2007-11-21,0.064930997876857757,A
06892000,2007-11-22,0.049257998389340363,A
06892000,2007-11-23,0.044779998535763969,A
06892000,2007-11-24,0.042540998608975762,A
06892000,2007-11-25,0.044779998535763969,A
06892000,2007-11-26,0.044779998535763969,A
06892000,2007-11-27,0.044779998535763969,A
06892000,2007-11-28,0.044779998535763969,A:e
06892000,2007-11-29,0.044779998535763969,A:e
06892000,2007-11-30,0.042540998608975762,A
06892000,2007-12-01,0.04701899846255217,A:e
06892000,2007-12-02,0.058213998096493157,A:e
06892000,2007-12-03,0.06045299802328135,A:e
06892000,2007-12-04,0.076125997510798751,A
06892000,2007-12-05,0.067169997803645937,A:e
06892000,2007-12-06,0.055974998169704963,A
06892000,2007-12-07,0.051496998316128556,A
06892000,2007-12-08,0.049257998389340363,A
06892000,2007-12-09,0.042540998608975762,A
06892000,2007-12-10,0.044779998535763969,A:e
06892000,2007-12-11,1.1598019620762867,A:e
06892000,2007-12-12,5.7318398125777881,A
06892000,2007-12-13,5.6646698147741414,A
06892000,2007-12-14,1.4307209532176588,A
06892000,2007-12-15,1.1575629621494985,A
06892000,2007-12-16,0.62691997950069545,A
06892000,2007-12-17,0.43212698587012227,A
06892000,2007-12-18,0.40749798667545206,A:e
06892000,2007-12-19,0.39182498718793474,A:e
06892000,2007-12-20,0.38510798740757007,A:e
06892000,2007-12-21,0.36495698806647636,A:e
06892000,2007-12-22,0.34704498865217076,A:e
06892000,2007-12-23,0.33584998901822971,A:e
06892000,2007-12-24,0.32913298923786516,A:e
06892000,2007-12-25,0.32465498938428872,A:e
06892000,2007-12-26,0.31793798960392416,A:e
06892000,2007-12-27,0.31345998975034772,A:e
06892000,2007-12-28,0.30898198989677139,A:e
06892000,2007-12-29,0.29554799033604218,A:e
06892000,2007-12-30,0.28435299070210118,A:e
06892000,2007-12-31,0.26420199136100742,A:e
06892000,2008-01-01,0.23509499231276085,A:e
06892000,2008-01-02,0.21046599311809064,A:e
06892000,2008-01-03,0.18583699392342046,A:e
06892000,2008-01-04,0.17016399443590305,A:e
06892000,2008-01-05,0.25748499158064281,A:e
06892000,2008-01-06,1.502368950874881,A:e
06892000,2008-01-07,3.2913298923786511,A
06892000,2008-01-08,1.974797935427191,A
06892000,2008-01-09,1.2807079581228495,A
06892000,2008-01-10,1.0702419650047588,A
06892000,2008-01-11,0.99635496742074825,A
06892000,2008-01-12,0.71200197671864707,A
06892000,2008-01-13,0.51049198330770917,A
06892000,2008-01-14,0.36495698806647636,A
06892000,2008-01-15,0.23061699245918443,A:e
06892000,2008-01-16,0.20598799326451422,A:e
06892000,2008-01-17,0.22613899260560802,A:e
06892000,2008-01-18,0.20150999341093787,A:e
06892000,2008-01-19,0.19255399370378504,A:e
06892000,2008-01-20,0.18135899406984404,A:e
06892000,2008-01-21,0.16568599458232669,A:e
06892000,2008-01-22,0.18359799399663226,A:e
06892000,2008-01-23,0.16344699465553847,A:e
06892000,2008-01-24,0.13433999560729187,A:e
06892000,2008-01-25,0.11194999633940993,A:e
06892000,2008-01-26,0.15672999487517386,A
06892000,2008-01-27,0.18359799399663226,A
06892000,2008-01-28,0.26196299143421919,A
06892000,2008-01-29,0.43436598579691044,A
06892000,2008-01-30,0.41645398638260489,A
06892000,2008-01-31,0.30226499011640673,A
06892000,2008-02-01,0.23733399223954901,A
06892000,2008-02-02,0.19703199355736145,A
06892000,2008-02-03,0.18807599385020868,A
06892000,2008-02-04,0.23285599238597263,A
06892000,2008-02-05,1.4956519510945163,A
06892000,2008-02-06,2.0621189325719307,A
06892000,2008-02-07,0.99187696756717192,A:e
06892000,2008-02-08,0.7993229738633868,A:e
06892000,2008-02-09,0.72543597627937617,A:e
06892000,2008-02-10,0.63587597920784833,A:e
06892000,2008-02-11,0.46795098469873342,A:e
06892000,2008-02-12,0.36047898821289992,A:e
06892000,2008-02-13,0.33584998901822971,A:e
06892000,2008-02-14,0.25748499158064281,A:e
06892000,2008-02-15,0.22389999267881985,A:e
06892000,2008-02-16,0.31345998975034772,A:e
06892000,2008-02-17,5.4855498206310855,A
06892000,2008-02-18,5.5079398198989677,A
06892000,2008-02-19,2.3957299216633721,A
06892000,2008-02-20,1.1083049637601581,A:e
06892000,2008-02-21,0.62691997950069545,A:e
06892000,2008-02-22,0.52168698294165017,A:e
06892000,2008-02-23,0.45003898528442787,A:e
06892000,2008-02-24,0.46795098469873342,A:e
06892000,2008-02-25,1.0523299655904532,A
06892000,2008-02-26,1.6456649461893256,A
06892000,2008-02-27,1.3613119554872244,A
06892000,2008-02-28,0.88888297093491475,A
06892000,2008-02-29,0.96948696829928982,A
06892000,2008-03-01,1.4374379529980232,A
06892000,2008-03-02,2.3285599238597259,A
06892000,2008-03-03,5.5527198184347322,A:e
06892000,2008-03-04,2.9778699026283038,A:e
06892000,2008-03-05,1.4217649535105059,A:e
06892000,2008-03-06,0.91351197012958485,A
06892000,2008-03-07,0.70976297679185885,A
06892000,2008-03-08,0.56422798155062603,A
06892000,2008-03-09,0.51944798301486206,A:e
06892000,2008-03-10,0.4836239841862508,A
06892000,2008-03-11,0.40973698660224028,A
06892000,2008-03-12,0.39182498718793474,A
06892000,2008-03-13,0.36943498792005275,A
06892000,2008-03-14,0.34256698879859437,A
06892000,2008-03-15,0.37615198770041736,A
06892000,2008-03-16,0.38958598726114652,A
06892000,2008-03-17,2.2389999267881979,A
06892000,2008-03-18,4.0525898674866392,A
06892000,2008-03-19,1.8113509407716524,A
06892000,2008-03-20,0.94709696903140794,A
06892000,2008-03-21,0.69408997730434152,A
06892000,2008-03-22,0.55303298191668493,A
06892000,2008-03-23,0.46571198477194525,A
06892000,2008-03-24,0.41197598652902845,A:e
06892000,2008-03-25,0.38734698733435829,A:e
06892000,2008-03-26,0.35600098835932353,A
06892000,2008-03-27,0.34256698879859437,A
06892000,2008-03-28,0.33584998901822971,A
06892000,2008-03-29,0.30226499011640673,A
06892000,2008-03-30,0.29106999048246573,A
06892000,2008-03-31,0.29330899040925401,A
06892000,2008-04-01,0.2865919906288894,A
06892000,2008-04-02,0.25300699172706642,A
06892000,2008-04-03,0.25300699172706642,A
06892000,2008-04-04,0.31793798960392416,A
06892000,2008-04-05,0.32241598945750055,A
06892000,2008-04-06,0.28435299070210118,A
06892000,2008-04-07,0.24628999194670184,A
06892000,2008-04-08,1.9143449374039097,A
06892000,2008-04-09,3.4032798887180618,A
06892000,2008-04-10,1.5001299509480928,A
06892000,2008-04-11,1.21801596017278,A
06892000,2008-04-12,1.1441289625887694,A
06892000,2008-04-13,0.72319697635258806,A
06892000,2008-04-14,0.5485549820631086,A
06892000,2008-04-15,0.46795098469873342,A
06892000,2008-04-16,0.41197598652902845,A
06892000,2008-04-17,0.41869298630939306,A
06892000,2008-04-18,1.2739909583424849,A
06892000,2008-04-19,0.93142396954389051,A
06892000,2008-04-20,0.65154897869536565,A
06892000,2008-04-21,0.51496998316128562,A
06892000,2008-04-22,1.0881539644190643,A
06892000,2008-04-23,0.56646698147741414,A
06892000,2008-04-24,1.0008329672743246,A
06892000,2008-04-25,0.60229098030602535,A
06892000,2008-04-26,0.51049198330770917,A
06892000,2008-04-27,0.47690698440588625,A
06892000,2008-04-28,0.45899498499158065,A
06892000,2008-04-29,0.3940639871147229,A
06892000,2008-04-30,0.34480598872538254,A
06892000,2008-05-01,0.32465498938428872,A
06892000,2008-05-02,2.2613899260560806,A
06892000,2008-05-03,2.120332930668424,A
06892000,2008-05-04,0.80603997364375146,A
06892000,2008-05-05,0.54407698220953216,A
06892000,2008-05-06,0.44779998535763971,A
06892000,2008-05-07,0.41645398638260489,A
06892000,2008-05-08,0.39854198696829929,A
06892000,2008-05-09,0.55303298191668493,A
06892000,2008-05-10,2.3957299216633721,A
06892000,2008-05-11,2.9330899040925398,A
06892000,2008-05-12,1.840457939819899,A
06892000,2008-05-13,0.80827897357053957,A
06892000,2008-05-14,0.58885698074529624,A
06892000,2008-05-15,0.46795098469873342,A
06892000,2008-05-16,0.39854198696829929,A
06892000,2008-05-17,0.34704498865217076,A
06892000,2008-05-18,0.31569898967713594,A
06892000,2008-05-19,0.27987499084852474,A
06892000,2008-05-20,0.24628999194670184,A
06892000,2008-05-21,0.21494399297166703,A
06892000,2008-05-22,2.574849915806428,A
06892000,2008-05-23,6.8065597774361235,A
06892000,2008-05-24,4.9929698367376822,A
06892000,2008-05-25,6.3811497913463651,A
06892000,2008-05-26,1.8247849403323815,A
06892000,2008-05-27,1.0030719672011128,A
06892000,2008-05-28,0.7388699758401055,A
06892000,2008-05-29,0.67617797789003586,A
06892000,2008-05-30,0.70528497693828252,A
06892000,2008-05-31,0.45675598506479242,A
06892000,2008-06-01,0.36719598799326453,A
06892000,2008-06-02,0.31345998975034772,A
06892000,2008-06-03,0.29554799033604218,A
06892000,2008-06-04,0.27987499084852474,A
06892000,2008-06-05,0.24405099201991359,A
06892000,2008-06-06,0.82619097298484523,A
06892000,2008-06-07,0.66946097810967131,A
06892000,2008-06-08,0.49705798374698007,A
06892000,2008-06-09,1.3277269565854017,A
06892000,2008-06-10,1.2292109598067209,A
06892000,2008-06-11,0.52840398272201483,A
06892000,2008-06-12,2.3285599238597259,A
06892000,2008-06-13,7.9036697415623394,A
06892000,2008-06-14,4.0973698660224027,A
06892000,2008-06-15,0.90231697049564397,A
06892000,2008-06-16,0.82619097298484523,A
06892000,2008-06-17,0.56646698147741414,A
06892000,2008-06-18,0.42317098616296944,A
06892000,2008-06-19,0.34928398857895893,A
06892000,2008-06-20,0.30674298996998317,A
06892000,2008-06-21,0.27091899114137202,A
06892000,2008-06-22,0.23285599238597263,A
06892000,2008-06-23,0.20374899333772603,A
06892000,2008-06-24,0.18135899406984404,A
06892000,2008-06-25,0.20150999341093787,A
06892000,2008-06-26,0.17688099421626768,A
06892000,2008-06-27,0.1544909949483857,A
06892000,2008-06-28,0.1432959953144447,A
06892000,2008-06-29,0.12986199575371551,A
06892000,2008-06-30,0.11194999633940993,A
06892000,2008-07-01,0.10075499670546893,A
06892000,2008-07-02,0.096276996851892518,A
06892000,2008-07-03,0.93590196939746684,A
06892000,2008-07-04,0.45675598506479242,A
06892000,2008-07-05,0.20822699319130245,A
06892000,2008-07-06,0.1432959953144447,A
06892000,2008-07-07,0.11642799619298631,A
06892000,2008-07-08,0.10075499670546893,A
06892000,2008-07-09,0.60676898015960168,A
06892000,2008-07-10,0.25300699172706642,A
06892000,2008-07-11,0.14777399516802109,A
06892000,2008-07-12,0.18807599385020868,A
06892000,2008-07-13,0.52168698294165017,A
06892000,2008-07-14,0.19479299363057326,A
06892000,2008-07-15,0.11642799619298631,A
06892000,2008-07-16,0.082842997291163345,A
06892000,2008-07-17,0.067169997803645937,A
06892000,2008-07-18,0.06045299802328135,A
06892000,2008-07-19,0.078364997437586931,A
06892000,2008-07-20,0.091798996998316132,A
06892000,2008-07-21,0.069408997730434144,A
06892000,2008-07-22,0.053735998242916756,A
06892000,2008-07-23,0.044779998535763969,A
06892000,2008-07-24,0.040301998682187569,A
06892000,2008-07-25,0.040301998682187569,A
06892000,2008-07-26,0.042540998608975762,A
06892000,2008-07-27,0.04701899846255217,A
06892000,2008-07-28,0.044779998535763969,A
06892000,2008-07-29,0.042540998608975762,A
06892000,2008-07-30,0.20374899333772603,A:e
06892000,2008-07-31,0.13210099568050371,A:e
06892000,2008-08-01,0.082842997291163345,A
06892000,2008-08-02,0.076125997510798751,A:e
06892000,2008-08-03,0.053735998242916756,A:e
06892000,2008-08-04,0.044779998535763969,A:e
06892000,2008-08-05,0.042540998608975762,A:e
06892000,2008-08-06,0.035823998828611175,A:e
06892000,2008-08-07,0.035823998828611175,A:e
06892000,2008-08-08,0.031345998975034775,A:e
06892000,2008-08-09,0.031345998975034775,A:e
06892000,2008-08-10,0.029106999048246578,A:e
06892000,2008-08-11,0.024628999194670181,A:e
06892000,2008-08-12,0.024628999194670181,A:e
06892000,2008-08-13,0.024628999194670181,A
06892000,2008-08-14,0.026867999121458378,A
06892000,2008-08-15,0.026867999121458378,A
06892000,2008-08-16,0.026867999121458378,A
06892000,2008-08-17,0.029106999048246578,A
06892000,2008-08-18,0.026867999121458378,A
06892000,2008-08-19,0.026867999121458378,A
06892000,2008-08-20,0.026867999121458378,A
06892000,2008-08-21,0.024628999194670181,A
06892000,2008-08-22,0.024628999194670181,A:e
06892000,2008-08-23,0.038062998755399376,A
06892000,2008-08-24,0.12762299582692729,A:e
06892000,2008-08-25,0.17688099421626768,A
06892000,2008-08-26,0.06045299802328135,A:e
06892000,2008-08-27,0.035823998828611175,A:e
06892000,2008-08-28,0.026867999121458378,A:e
06892000,2008-08-29,0.021718299289845523,A:e
06892000,2008-08-30,0.020374899333772605,A:e
06892000,2008-08-31,0.019927099348414964,A:e
06892000,2008-09-01,0.018807599385020867,A:e
06892000,2008-09-02,0.022389999267881985,A:e
06892000,2008-09-03,0.031345998975034775,A:e
06892000,2008-09-04,0.067169997803645937,A:e
06892000,2008-09-05,0.04701899846255217,A
06892000,2008-09-06,0.033584998901822968,A:e
06892000,2008-09-07,0.029106999048246578,A:e
06892000,2008-09-08,0.72095797642579984,A
06892000,2008-09-09,0.11642799619298631,A
06892000,2008-09-10,0.12762299582692729,A:e
06892000,2008-09-11,0.076125997510798751,A
06892000,2008-09-12,1.0769589647851234,A
06892000,2008-09-13,12.135379603192034,A
06892000,2008-09-14,8.1723497327769241,A
06892000,2008-09-15,7.3439197598652903,A
06892000,2008-09-16,1.5269979500695512,A
06892000,2008-09-17,0.4052589867486639,A:e
06892000,2008-09-18,0.24405099201991359,A:e
06892000,2008-09-19,0.17688099421626768,A:e
06892000,2008-09-20,0.14105699538765651,A:e
06892000,2008-09-21,0.11866699611977451,A:e
06892000,2008-09-22,0.10523299655904532,A:e
06892000,2008-09-23,0.094037996925104339,A:e
06892000,2008-09-24,0.087320997144739732,A
06892000,2008-09-25,0.20598799326451422,A
06892000,2008-09-26,0.35600098835932353,A
06892000,2008-09-27,0.13210099568050371,A:e
06892000,2008-09-28,0.094037996925104339,A:e
06892000,2008-09-29,0.080603997364375138,A:e
06892000,2008-09-30,0.071647997657222351,A:e
05507600,2006-10-01,0,A
05507600,2006-10-02,0,A
05507600,2006-10-03,0,A
05507600,2006-10-04,0,A
05507600,2006-10-05,0,A
05507600,2006-10-06,0,A
05507600,2006-10-07,0,A
05507600,2006-10-08,0,A
05507600,2006-10-09,0,A
05507600,2006-10-10,0,A
05507600,2006-10-11,8.8844505773839793e-05,A
05507600,2006-10-12,0,A
05507600,2006-10-13,0,A
05507600,2006-10-14,0,A
05507600,2006-10-15,0,A
05507600,2006-10-16,0,A
05507600,2006-10-17,8.8844505773839793e-05,A
05507600,2006-10-18,0,A
05507600,2006-10-19,0,A
05507600,2006-10-20,0,A
05507600,2006-10-21,0,A
05507600,2006-10-22,0,A
05507600,2006-10-23,0,A
05507600,2006-10-24,0,A
05507600,2006-10-25,0,A
05507600,2006-10-26,0,A
05507600,2006-10-27,0,A
05507600,2006-10-28,0,A
05507600,2006-10-29,0,A
05507600,2006-10-30,0,A
05507600,2006-10-31,0,A
05507600,2006-11-01,0,A
05507600,2006-11-02,0,A
05507600,2006-11-03,0,A
05507600,2006-11-04,0,A
05507600,2006-11-05,0,A
05507600,2006-11-06,0,A
05507600,2006-11-07,0,A
05507600,2006-11-08,0,A
05507600,2006-11-09,0,A
05507600,2006-11-10,0,A
05507600,2006-11-11,0,A
05507600,2006-11-12,0,A
05507600,2006-11-13,0,A
05507600,2006-11-14,0,A
05507600,2006-11-15,0,A
05507600,2006-11-16,0,A
05507600,2006-11-17,0,A
05507600,2006-11-18,0,A
05507600,2006-11-19,0,A
05507600,2006-11-20,0,A
05507600,2006-11-21,0,A
05507600,2006-11-22,0,A
05507600,2006-11-23,0,A
05507600,2006-11-24,0,A
05507600,2006-11-25,0,A
05507600,2006-11-26,0,A
05507600,2006-11-27,0,A
05507600,2006-11-28,0,A
05507600,2006-11-29,0.0014215120923814367,A
05507600,2006-11-30,0.041756917713704704,A
05507600,2006-12-01,0.24876461616675141,A
05507600,2006-12-02,0.13326675866075968,A
05507600,2006-12-03,0.063079599099426245,A
05507600,2006-12-04,0.035537802309535918,A
05507600,2006-12-05,0.023099571501198346,A
05507600,2006-12-06,0.019545791270244754,A
05507600,2006-12-07,0.017768901154767959,A
05507600,2006-12-08,0.015103565981552766,A
05507600,2006-12-09,0.013326675866075969,A
05507600,2006-12-10,0.01243823080833757,A
05507600,2006-12-11,0.057748928752995865,A
05507600,2006-12-12,1.7946590166315637,A
05507600,2006-12-13,0.79960055196455815,A
05507600,2006-12-14,0.29318686905367131,A
05507600,2006-12-15,0.13326675866075968,A
05507600,2006-12-16,0.074629384850025432,A
05507600,2006-12-17,0.042645362771443096,A
05507600,2006-12-18,0.035537802309535918,A
05507600,2006-12-19,0.025764906674413536,A
05507600,2006-12-20,0.022211126443459947,A
05507600,2006-12-21,0.097728956351223764,A
05507600,2006-12-22,0.2221112644345995,A
05507600,2006-12-23,0.15103565981552766,A
05507600,2006-12-24,0.075517829907763831,A
05507600,2006-12-25,0.043533807829181502,A
05507600,2006-12-26,0.029318686905367129,A
05507600,2006-12-27,0.020434236327983153,A
05507600,2006-12-28,0.016880456097029557,A
05507600,2006-12-29,0.014215120923814367,A
05507600,2006-12-30,0.01243823080833757,A
05507600,2006-12-31,0.020434236327983153,A
05507600,2007-01-01,0.054195148522042269,A
05507600,2007-01-02,0.061302708983949454,A
05507600,2007-01-03,0.050641368291088687,A
05507600,2007-01-04,0.040868472655966305,A
05507600,2007-01-05,0.058637373810734257,A
05507600,2007-01-06,0.065744934272641456,A
05507600,2007-01-07,0.04797603311787349,A
05507600,2007-01-08,0.035537802309535918,A
05507600,2007-01-09,0.031095577020843927,A
05507600,2007-01-10,0.023988016558936745,A
05507600,2007-01-11,0.020434236327983153,A
05507600,2007-01-12,0.020434236327983153,A
05507600,2007-01-13,0.031095577020843927,A
05507600,2007-01-14,0.039091582540489507,A
05507600,2007-01-15,0.72852494734548634,A
05507600,2007-01-16,0.67521824388118235,A
05507600,2007-01-17,0.26653351732151936,A
05507600,2007-01-18,0.088844505773839788,A
05507600,2007-01-19,0.051529813348827072,A
05507600,2007-01-20,0.037314692425012716,A
05507600,2007-01-21,0.037314692425012716,A
05507600,2007-01-22,0.031095577020843927,A
05507600,2007-01-23,0.027541796789890337,A
05507600,2007-01-24,0.030207131963105531,A
05507600,2007-01-25,0.032872467136320728,A
05507600,2007-01-26,0.057748928752995865,A
05507600,2007-01-27,0.52418258406565477,A
05507600,2007-01-28,0.39091582540489506,A
05507600,2007-01-29,0.20434236327983152,A
05507600,2007-01-30,0.10661340692860775,A
05507600,2007-01-31,0.049752923233350281,A
05507600,2007-02-01,0.03642624736727431,A
05507600,2007-02-02,0.030207131963105531,A
05507600,2007-02-03,0.023099571501198346,A
05507600,2007-02-04,0.017768901154767959,A
05507600,2007-02-05,0.014215120923814367,A
05507600,2007-02-06,0.01243823080833757,A
05507600,2007-02-07,0.013326675866075969,A
05507600,2007-02-08,0.01243823080833757,A
05507600,2007-02-09,0.011549785750599173,A
05507600,2007-02-10,0.011549785750599173,A
05507600,2007-02-11,0.01243823080833757,A
05507600,2007-02-12,0.041756917713704704,A
05507600,2007-02-13,0.37314692425012713,A
05507600,2007-02-14,0.39091582540489506,A
05507600,2007-02-15,0.32872467136320721,A
05507600,2007-02-16,0.13326675866075968,A
05507600,2007-02-17,0.069298714503595038,A
05507600,2007-02-18,0.046199143002396692,A
05507600,2007-02-19,0.087956060716101389,A
05507600,2007-02-20,1.4215120923814366,A
05507600,2007-02-21,5.4905904568232993,A
05507600,2007-02-22,7.5873207930859179,A
05507600,2007-02-23,3.0562509986200888,A
05507600,2007-02-24,18.035434672089476,A
05507600,2007-02-25,11.194407727503814,A
05507600,2007-02-26,1.1283252233277654,A
05507600,2007-02-27,0.52418258406565477,A
05507600,2007-02-28,0.417569177137047,A
05507600,2007-03-01,7.3563250780739349,A
05507600,2007-03-02,2.0789614351078511,A
05507600,2007-03-03,0.5152981334882708,A
05507600,2007-03-04,0.28430241847628734,A
05507600,2007-03-05,0.20434236327983152,A
05507600,2007-03-06,0.15992011039291162,A
05507600,2007-03-07,0.13326675866075968,A
05507600,2007-03-08,0.12438230808337571,A
05507600,2007-03-09,0.11549785750599173,A
05507600,2007-03-10,0.12438230808337571,A
05507600,2007-03-11,0.12438230808337571,A
05507600,2007-03-12,0.11549785750599173,A
05507600,2007-03-13,0.10661340692860775,A
05507600,2007-03-14,0.088844505773839788,A
05507600,2007-03-15,0.079071610138717413,A
05507600,2007-03-16,0.063968044157164644,A
05507600,2007-03-17,0.056860483695257466,A
05507600,2007-03-18,0.054195148522042269,A
05507600,2007-03-19,0.051529813348827072,A
05507600,2007-03-20,0.053306703464303877,A
05507600,2007-03-21,0.056860483695257466,A
05507600,2007-03-22,0.085290725542886192,A
05507600,2007-03-23,0.27541796789890333,A
05507600,2007-03-24,0.33760912194059117,A
05507600,2007-03-25,0.23988016558936742,A
05507600,2007-03-26,0.15992011039291162,A
05507600,2007-03-27,0.15103565981552766,A
05507600,2007-03-28,0.13326675866075968,A
05507600,2007-03-29,0.088844505773839788,A
05507600,2007-03-30,0.079071610138717413,A
05507600,2007-03-31,0.087067615658363004,A
05507600,2007-04-01,0.14215120923814367,A
05507600,2007-04-02,0.12438230808337571,A
05507600,2007-04-03,0.11549785750599173,A
05507600,2007-04-04,0.11549785750599173,A
05507600,2007-04-05,0.074629384850025432,A
05507600,2007-04-06,0.056860483695257466,A
05507600,2007-04-07,0.04797603311787349,A
05507600,2007-04-08,0.041756917713704704,A
05507600,2007-04-09,0.038203137482751108,A
05507600,2007-04-10,0.039980027598227906,A
05507600,2007-04-11,1.1549785750599173,A
05507600,2007-04-12,0.86179170600624588,A
05507600,2007-04-13,0.31984022078582325,A
05507600,2007-04-14,0.27541796789890333,A
05507600,2007-04-15,0.52418258406565477,A
05507600,2007-04-16,0.29318686905367131,A
05507600,2007-04-17,0.16880456097029559,A
05507600,2007-04-18,0.11549785750599173,A
05507600,2007-04-19,0.087067615658363004,A
05507600,2007-04-20,0.069298714503595038,A
05507600,2007-04-21,0.060414263926211062,A
05507600,2007-04-22,0.051529813348827072,A
05507600,2007-04-23,0.041756917713704704,A
05507600,2007-04-24,0.035537802309535918,A
05507600,2007-04-25,0.080848500254194211,A
05507600,2007-04-26,1.5725477521969642,A
05507600,2007-04-27,0.93286731062531791,A
05507600,2007-04-28,0.32872467136320721,A
05507600,2007-04-29,0.15992011039291162,A
05507600,2007-04-30,0.097728956351223764,A
05507600,2007-05-01,0.068410269445856639,A
05507600,2007-05-02,0.057748928752995865,A
05507600,2007-05-03,0.063079599099426245,A
05507600,2007-05-04,1.5814322027743482,A
05507600,2007-05-05,1.0305962669765416,A
05507600,2007-05-06,0.36426247367274317,A
05507600,2007-05-07,0.17768901154767958,A
05507600,2007-05-08,0.097728956351223764,A
05507600,2007-05-09,0.068410269445856639,A
05507600,2007-05-10,0.053306703464303877,A
05507600,2007-05-11,0.050641368291088687,A
05507600,2007-05-12,0.059525818868472663,A
05507600,2007-05-13,0.034649357251797519,A
05507600,2007-05-14,0.025764906674413536,A
05507600,2007-05-15,0.021322681385721548,A
05507600,2007-05-16,0.017768901154767959,A
05507600,2007-05-17,0.015103565981552766,A
05507600,2007-05-18,0.013326675866075969,A
05507600,2007-05-19,0.01243823080833757,A
05507600,2007-05-20,0.011549785750599173,A
05507600,2007-05-21,0.0097728956351223768,A
05507600,2007-05-22,0.0088844505773839795,A
05507600,2007-05-23,0.0082625390369671006,A
05507600,2007-05-24,0.0064856489214903052,A
05507600,2007-05-25,0.005952581886847266,A
05507600,2007-05-26,0.0072852494734548627,A
05507600,2007-05-27,0.0097728956351223768,A
05507600,2007-05-28,0.011549785750599173,A
05507600,2007-05-29,0.0097728956351223768,A
05507600,2007-05-30,0.0097728956351223768,A
05507600,2007-05-31,0.024876461616675141,A
05507600,2007-06-01,0.023099571501198346,A
05507600,2007-06-02,0.016880456097029557,A
05507600,2007-06-03,0.013326675866075969,A
05507600,2007-06-04,0.013326675866075969,A
05507600,2007-06-05,0.011549785750599173,A
05507600,2007-06-06,0.0087067615658362983,A
05507600,2007-06-07,0.0073740939792287024,A
05507600,2007-06-08,0.0083513835427409394,A
05507600,2007-06-09,0.0068410269445856641,A
05507600,2007-06-10,0.0079071610138717417,A
05507600,2007-06-11,0.0082625390369671006,A
05507600,2007-06-12,0.0071964049676810238,A
05507600,2007-06-13,0.0057748928752995865,A
05507600,2007-06-14,0.0048864478175611884,A
05507600,2007-06-15,0.0044422252886919898,A
05507600,2007-06-16,0.0036426247367274314,A
05507600,2007-06-17,0.0031984022078582323,A
05507600,2007-06-18,0.0025764906674413538,A
05507600,2007-06-19,0.0023988016558936748,A
05507600,2007-06-20,0.0022211126443459949,A
05507600,2007-06-21,0.0015103565981552766,A
05507600,2007-06-22,0.00097728956351223785,A
05507600,2007-06-23,0.00071075604619071835,A
05507600,2007-06-24,0.00071075604619071835,A
05507600,2007-06-25,0.00071075604619071835,A
05507600,2007-06-26,0.00062191154041687862,A
05507600,2007-06-27,0.0012438230808337572,A
05507600,2007-06-28,2.2477659960781469,A
05507600,2007-06-29,4.1490384196383179,A
05507600,2007-06-30,2.1411525891495393,A
05507600,2007-07-01,0.47976033117873484,A
05507600,2007-07-02,0.19545791270244753,A
05507600,2007-07-03,0.088844505773839788,A
05507600,2007-07-04,0.053306703464303877,A
05507600,2007-07-05,0.032872467136320728,A
05507600,2007-07-06,0.022211126443459947,A
05507600,2007-07-07,0.015103565981552766,A
05507600,2007-07-08,0.010661340692860774,A
05507600,2007-07-09,0.0074629384850025413,A
05507600,2007-07-10,0.031984022078582322,A
05507600,2007-07-11,0.11549785750599173,A
05507600,2007-07-12,0.026653351732151939,A
05507600,2007-07-13,0.015103565981552766,A
05507600,2007-07-14,0.010661340692860774,A
05507600,2007-07-15,0.0085290725542886206,A
05507600,2007-07-16,0.0067521824388118244,A
05507600,2007-07-17,0.0066633379330379846,A
05507600,2007-07-18,0.005952581886847266,A
05507600,2007-07-19,0.0051529813348827076,A
05507600,2007-07-20,0.005330670346430387,A
05507600,2007-07-21,0.0039091582540489514,A
05507600,2007-07-22,0.0033760912194059122,A
05507600,2007-07-23,0.0017768901154767958,A
05507600,2007-07-24,0.0014215120923814367,A
05507600,2007-07-25,0.0013326675866075968,A
05507600,2007-07-26,0.0010661340692860776,A
05507600,2007-07-27,0.00088844505773839791,A
05507600,2007-07-28,0.00062191154041687862,A
05507600,2007-07-29,0.00044422252886919895,A
05507600,2007-07-30,0.00044422252886919895,A
05507600,2007-07-31,0.00044422252886919895,A
05507600,2007-08-01,0.00026653351732151939,A
05507600,2007-08-02,0.00026653351732151939,A
05507600,2007-08-03,0.00017768901154767959,A
05507600,2007-08-04,0.00017768901154767959,A
05507600,2007-08-05,8.8844505773839793e-05,A
05507600,2007-08-06,0.00017768901154767959,A
05507600,2007-08-07,0.00017768901154767959,A
05507600,2007-08-08,8.8844505773839793e-05,A
05507600,2007-08-09,8.8844505773839793e-05,A
05507600,2007-08-10,0,A
05507600,2007-08-11,0,A
05507600,2007-08-12,0,A
05507600,2007-08-13,8.8844505773839793e-05,A
05507600,2007-08-14,8.8844505773839793e-05,A
05507600,2007-08-15,0,A
05507600,2007-08-16,0,A
05507600,2007-08-17,0,A
05507600,2007-08-18,0,A
05507600,2007-08-19,0,A
05507600,2007-08-20,0,A
05507600,2007-08-21,8.8844505773839793e-05,A
05507600,2007-08-22,0,A
05507600,2007-08-23,0,A
05507600,2007-08-24,0,A
05507600,2007-08-25,8.8844505773839793e-05,A
05507600,2007-08-26,0,A
05507600,2007-08-27,0,A
05507600,2007-08-28,0,A
05507600,2007-08-29,0,A
05507600,2007-08-30,0,A
05507600,2007-08-31,0,A
05507600,2007-09-01,0,A
05507600,2007-09-02,0,A
05507600,2007-09-03,0,A
05507600,2007-09-04,0,A
05507600,2007-09-05,0,A
05507600,2007-09-06,8.8844505773839793e-05,A
05507600,2007-09-07,8.8844505773839793e-05,A
05507600,2007-09-08,8.8844505773839793e-05,A
05507600,2007-09-09,0,A
05507600,2007-09-10,0,A
05507600,2007-09-11,0,A
05507600,2007-09-12,0,A
05507600,2007-09-13,0,A
05507600,2007-09-14,0,A
05507600,2007-09-15,0,A
05507600,2007-09-16,0,A
05507600,2007-09-17,0,A
05507600,2007-09-18,0,A
05507600,2007-09-19,0,A
05507600,2007-09-20,0,A
05507600,2007-09-21,0,A
05507600,2007-09-22,0,A
05507600,2007-09-23,0,A
05507600,2007-09-24,0,A
05507600,2007-09-25,0,A
05507600,2007-09-26,0,A
05507600,2007-09-27,0,A
05507600,2007-09-28,0,A
05507600,2007-09-29,0,A
05507600,2007-09-30,0,A
05507600,2007-10-01,0,A
05507600,2007-10-02,0.00026653351732151939,A
05507600,2007-10-03,8.8844505773839793e-05,A
05507600,2007-10-04,0,A
05507600,2007-10-05,0,A
05507600,2007-10-06,0,A
05507600,2007-10-07,0,A
05507600,2007-10-08,0,A
05507600,2007-10-09,0,A
05507600,2007-10-10,0,A
05507600,2007-10-11,0,A
05507600,2007-10-12,0,A
05507600,2007-10-13,0,A
05507600,2007-10-14,0,A
05507600,2007-10-15,0,A
05507600,2007-10-16,0,A
05507600,2007-10-17,0,A
05507600,2007-10-18,0,A
05507600,2007-10-19,0,A
05507600,2007-10-20,0,A
05507600,2007-10-21,0,A
05507600,2007-10-22,0,A
05507600,2007-10-23,0,A
05507600,2007-10-24,0,A
05507600,2007-10-25,0,A
05507600,2007-10-26,0,A
05507600,2007-10-27,0,A
05507600,2007-10-28,0,A
05507600,2007-10-29,0,A
05507600,2007-10-30,0,A
05507600,2007-10-31,0,A
05507600,2007-11-01,0,A
05507600,2007-11-02,0,A
05507600,2007-11-03,0,A
05507600,2007-11-04,0,A
05507600,2007-11-05,0,A
05507600,2007-11-06,0,A
05507600,2007-11-07,0,A
05507600,2007-11-08,0,A
05507600,2007-11-09,0,A
05507600,2007-11-10,0,A
05507600,2007-11-11,0,A
05507600,2007-11-12,8.8844505773839793e-05,A
05507600,2007-11-13,8.8844505773839793e-05,A
05507600,2007-11-14,0,A
05507600,2007-11-15,0,A
05507600,2007-11-16,0,A
05507600,2007-11-17,0,A
05507600,2007-11-18,0,A
05507600,2007-11-19,0,A
05507600,2007-11-20,0,A
05507600,2007-11-21,0.00017768901154767959,A
05507600,2007-11-22,0,A
05507600,2007-11-23,0,A
05507600,2007-11-24,0,A
05507600,2007-11-25,0,A
05507600,2007-11-26,0,A
05507600,2007-11-27,0,A
05507600,2007-11-28,0,A
05507600,2007-11-29,0,A
05507600,2007-11-30,0,A
05507600,2007-12-01,0,A
05507600,2007-12-02,0.00017768901154767959,A
05507600,2007-12-03,8.8844505773839793e-05,A
05507600,2007-12-04,0,A
05507600,2007-12-05,0,A
05507600,2007-12-06,0,A
05507600,2007-12-07,0,A
05507600,2007-12-08,0,A
05507600,2007-12-09,0.00017768901154767959,A
05507600,2007-12-10,0.00062191154041687862,A
05507600,2007-12-11,0.022211126443459947,A
05507600,2007-12-12,0.10661340692860775,A
05507600,2007-12-13,0.047087588060135084,A
05507600,2007-12-14,0.028430241847628733,A
05507600,2007-12-15,0.017768901154767959,A
05507600,2007-12-16,0.010661340692860774,A
05507600,2007-12-17,0.0060414263926211065,A
05507600,2007-12-18,0.0039091582540489514,A
05507600,2007-12-19,0.003287246713632072,A
05507600,2007-12-20,0.0031095577020843926,A
05507600,2007-12-21,0.004975292323335029,A
05507600,2007-12-22,0.23988016558936742,A
05507600,2007-12-23,0.66633379330379838,A
05507600,2007-12-24,0.21322681385721551,A
05507600,2007-12-25,0.065744934272641456,A
05507600,2007-12-26,0.034649357251797519,A
05507600,2007-12-27,0.032872467136320728,A
05507600,2007-12-28,0.039980027598227906,A
05507600,2007-12-29,0.03642624736727431,A
05507600,2007-12-30,0.026653351732151939,A
05507600,2007-12-31,0.018657346212506358,A
05507600,2008-01-01,0.014215120923814367,A
05507600,2008-01-02,0.0086179170600624595,A
05507600,2008-01-03,0.005330670346430387,A
05507600,2008-01-04,0.0039091582540489514,A
05507600,2008-01-05,0.0047087588060135089,A
05507600,2008-01-06,0.0097728956351223768,A
05507600,2008-01-07,0.039980027598227906,A
05507600,2008-01-08,17.146989614351078,A
05507600,2008-01-09,1.5814322027743482,A
05507600,2008-01-10,0.4531069794465829,A
05507600,2008-01-11,0.26653351732151936,A
05507600,2008-01-12,0.18657346212506357,A
05507600,2008-01-13,0.12438230808337571,A
05507600,2008-01-14,0.083513835427409408,A
05507600,2008-01-15,0.055083593579780675,A
05507600,2008-01-16,0.044422252886919894,A
05507600,2008-01-17,0.038203137482751108,A
05507600,2008-01-18,0.030207131963105531,A
05507600,2008-01-19,0.023099571501198346,A
05507600,2008-01-20,0.017768901154767959,A
05507600,2008-01-21,0.015992011039291161,A
05507600,2008-01-22,0.015103565981552766,A
05507600,2008-01-23,0.015103565981552766,A
05507600,2008-01-24,0.015103565981552766,A
05507600,2008-01-25,0.01243823080833757,A
05507600,2008-01-26,0.01243823080833757,A
05507600,2008-01-27,0.015992011039291161,A
05507600,2008-01-28,0.018657346212506358,A
05507600,2008-01-29,0.026653351732151939,A
05507600,2008-01-30,0.023099571501198346,A
05507600,2008-01-31,0.020434236327983153,A
05507600,2008-02-01,0.020434236327983153,A
05507600,2008-02-02,0.018657346212506358,A
05507600,2008-02-03,0.018657346212506358,A
05507600,2008-02-04,0.023099571501198346,A
05507600,2008-02-05,4.9486389716028762,A
05507600,2008-02-06,7.4096317815382386,A
05507600,2008-02-07,1.2349386302563732,A
05507600,2008-02-08,0.47087588060135088,A
05507600,2008-02-09,0.31095577020843923,A
05507600,2008-02-10,0.20434236327983152,A
05507600,2008-02-11,0.11549785750599173,A
05507600,2008-02-12,0.077294720023240615,A
05507600,2008-02-13,0.054195148522042269,A
05507600,2008-02-14,0.045310697944658293,A
05507600,2008-02-15,0.044422252886919894,A
05507600,2008-02-16,0.039980027598227906,A
05507600,2008-02-17,13.415520371849807,A
05507600,2008-02-18,2.9496375916914812,A
05507600,2008-02-19,0.55972038637519073,A
05507600,2008-02-20,0.35537802309535915,A
05507600,2008-02-21,0.20434236327983152,A
05507600,2008-02-22,0.12438230808337571,A
05507600,2008-02-23,0.088844505773839788,A
05507600,2008-02-24,0.083513835427409408,A
05507600,2008-02-25,0.088844505773839788,A
05507600,2008-02-26,0.13326675866075968,A
05507600,2008-02-27,0.15992011039291162,A
05507600,2008-02-28,0.13326675866075968,A
05507600,2008-02-29,0.10661340692860775,A
05507600,2008-03-01,0.097728956351223764,A
05507600,2008-03-02,0.10661340692860775,A
05507600,2008-03-03,6.3879199651390808,A
05507600,2008-03-04,1.714698961435108,A
05507600,2008-03-05,0.46199143002396692,A
05507600,2008-03-06,0.31984022078582325,A
05507600,2008-03-07,0.23988016558936742,A
05507600,2008-03-08,0.17768901154767958,A
05507600,2008-03-09,0.13326675866075968,A
05507600,2008-03-10,0.10661340692860775,A
05507600,2008-03-11,0.084402280485147793,A
05507600,2008-03-12,0.080848500254194211,A
05507600,2008-03-13,0.076406274965502216,A
05507600,2008-03-14,0.16880456097029559,A
05507600,2008-03-15,1.5458944004648125,A
05507600,2008-03-16,1.8479657200958677,A
05507600,2008-03-17,10.750185198634615,A
05507600,2008-03-18,17.857745660541799,A
05507600,2008-03-19,4.7976033117873484,A
05507600,2008-03-20,1.0305962669765416,A
05507600,2008-03-21,0.55083593579780665,A
05507600,2008-03-22,0.32872467136320721,A
05507600,2008-03-23,0.21322681385721551,A
05507600,2008-03-24,0.17768901154767958,A
05507600,2008-03-25,0.15992011039291162,A
05507600,2008-03-26,0.14215120923814367,A
05507600,2008-03-27,0.15103565981552766,A
05507600,2008-03-28,0.15992011039291162,A
05507600,2008-03-29,0.15103565981552766,A
05507600,2008-03-30,0.13326675866075968,A
05507600,2008-03-31,0.12438230808337571,A
05507600,2008-04-01,0.33760912194059117,A
05507600,2008-04-02,0.37314692425012713,A
05507600,2008-04-03,0.19545791270244753,A
05507600,2008-04-04,0.18657346212506357,A
05507600,2008-04-05,0.17768901154767958,A
05507600,2008-04-06,0.15992011039291162,A
05507600,2008-04-07,0.12438230808337571,A
05507600,2008-04-08,0.29318686905367131,A
05507600,2008-04-09,0.68410269445856642,A
05507600,2008-04-10,14.215120923814368,A
05507600,2008-04-11,5.7837773258769705,A
05507600,2008-04-12,0.7374093979228703,A
05507600,2008-04-13,0.37314692425012713,A
05507600,2008-04-14,0.24876461616675141,A
05507600,2008-04-15,0.18657346212506357,A
05507600,2008-04-16,0.15103565981552766,A
05507600,2008-04-17,0.12438230808337571,A
05507600,2008-04-18,0.14215120923814367,A
05507600,2008-04-19,0.23988016558936742,A
05507600,2008-04-20,0.19545791270244753,A
05507600,2008-04-21,0.15103565981552766,A
05507600,2008-04-22,0.12438230808337571,A
05507600,2008-04-23,0.14215120923814367,A
05507600,2008-04-24,0.95952066235746969,A
05507600,2008-04-25,1.3326675866075968,A
05507600,2008-04-26,1.1105563221729973,A
05507600,2008-04-27,0.39091582540489506,A
05507600,2008-04-28,0.2221112644345995,A
05507600,2008-04-29,0.16880456097029559,A
05507600,2008-04-30,0.12438230808337571,A
05507600,2008-05-01,0.10661340692860775,A
05507600,2008-05-02,0.19545791270244753,A
05507600,2008-05-03,0.32872467136320721,A
05507600,2008-05-04,0.20434236327983152,A
05507600,2008-05-05,0.12438230808337571,A
05507600,2008-05-06,0.097728956351223764,A
05507600,2008-05-07,0.097728956351223764,A
05507600,2008-05-08,0.16880456097029559,A
05507600,2008-05-09,0.42645362771443102,A
05507600,2008-05-10,0.28430241847628734,A
05507600,2008-05-11,8.9732950831578187,A
05507600,2008-05-12,1.9101568741375554,A
05507600,2008-05-13,0.53306703464303873,A
05507600,2008-05-14,0.31095577020843923,A
05507600,2008-05-15,0.20434236327983152,A
05507600,2008-05-16,0.15992011039291162,A
05507600,2008-05-17,0.13326675866075968,A
05507600,2008-05-18,0.10661340692860775,A
05507600,2008-05-19,0.088844505773839788,A
05507600,2008-05-20,0.071964049676810235,A
05507600,2008-05-21,0.062191154041687853,A
05507600,2008-05-22,0.059525818868472663,A
05507600,2008-05-23,0.061302708983949454,A
05507600,2008-05-24,0.073740939792287033,A
05507600,2008-05-25,4.4599941898467579,A
05507600,2008-05-26,12.704764325659092,A
05507600,2008-05-27,1.7502367637446439,A
05507600,2008-05-28,0.61302708983949461,A
05507600,2008-05-29,0.34649357251797519,A
05507600,2008-05-30,0.80848500254194211,A
05507600,2008-05-31,10.839029704408455,A
05507600,2008-06-01,1.714698961435108,A
05507600,2008-06-02,0.5152981334882708,A
05507600,2008-06-03,0.29318686905367131,A
05507600,2008-06-04,0.23099571501198346,A
05507600,2008-06-05,0.15103565981552766,A
05507600,2008-06-06,0.11549785750599173,A
05507600,2008-06-07,0.088844505773839788,A
05507600,2008-06-08,0.069298714503595038,A
05507600,2008-06-09,1.3504364877623647,A
05507600,2008-06-10,1.1372096739051494,A
05507600,2008-06-11,0.32872467136320721,A
05507600,2008-06-12,0.16880456097029559,A
05507600,2008-06-13,3.5448957803762076,A
05507600,2008-06-14,1.7235834120124918,A
05507600,2008-06-15,0.46199143002396692,A
05507600,2008-06-16,0.2221112644345995,A
05507600,2008-06-17,0.12438230808337571,A
05507600,2008-06-18,0.080848500254194211,A
05507600,2008-06-19,0.063079599099426245,A
05507600,2008-06-20,0.38203137482751109,A
05507600,2008-06-21,0.11549785750599173,A
05507600,2008-06-22,0.061302708983949454,A
05507600,2008-06-23,0.042645362771443096,A
05507600,2008-06-24,0.039091582540489507,A
05507600,2008-06-25,0.36426247367274317,A
05507600,2008-06-26,1.8835035224054035,A
05507600,2008-06-27,1.6169700050838842,A
05507600,2008-06-28,0.34649357251797519,A
05507600,2008-06-29,0.16880456097029559,A
05507600,2008-06-30,0.097728956351223764,A
05507600,2008-07-01,0.056860483695257466,A
05507600,2008-07-02,0.61302708983949461,A
05507600,2008-07-03,31.895177572808482,A
05507600,2008-07-04,2.6919885249473454,A
05507600,2008-07-05,0.75517829907763823,A
05507600,2008-07-06,0.39980027598227907,A
05507600,2008-07-07,0.23099571501198346,A
05507600,2008-07-08,1.4303965429588206,A
05507600,2008-07-09,2.2566504466555308,A
05507600,2008-07-10,1.1283252233277654,A
05507600,2008-07-11,0.39091582540489506,A
05507600,2008-07-12,4.1579228702157023,A
05507600,2008-07-13,7.631743045972839,A
05507600,2008-07-14,0.89732950831578184,A
05507600,2008-07-15,0.38203137482751109,A
05507600,2008-07-16,0.21322681385721551,A
05507600,2008-07-17,0.14215120923814367,A
05507600,2008-07-18,0.10661340692860775,A
05507600,2008-07-19,0.28430241847628734,A
05507600,2008-07-20,0.23099571501198346,A
05507600,2008-07-21,0.10661340692860775,A
05507600,2008-07-22,18.923879729827874,A
05507600,2008-07-23,1.8835035224054035,A
05507600,2008-07-24,12.43823080833757,A
05507600,2008-07-25,87.334149175684516,A
05507600,2008-07-26,16.969300602803401,A
05507600,2008-07-27,3.8558515505846467,A
05507600,2008-07-28,21.056147868400028,A
05507600,2008-07-29,6.6100312295736803,A
05507600,2008-07-30,20.345391822209312,A
05507600,2008-07-31,9.6840511293485374,A:e
05507600,2008-08-01,4.095731716174015,A:e
05507600,2008-08-02,1.5725477521969642,A:e
05507600,2008-08-03,0.78183165080979011,A:e
05507600,2008-08-04,0.59525818868472657,A:e
05507600,2008-08-05,0.86179170600624588,A:e
05507600,2008-08-06,1.9279257752923233,A
05507600,2008-08-07,0.4531069794465829,A
05507600,2008-08-08,0.28430241847628734,A
05507600,2008-08-09,0.21322681385721551,A
05507600,2008-08-10,0.16880456097029559,A
05507600,2008-08-11,0.13326675866075968,A
05507600,2008-08-12,0.11549785750599173,A
05507600,2008-08-13,0.10661340692860775,A
05507600,2008-08-14,0.097728956351223764,A
05507600,2008-08-15,0.088844505773839788,A
05507600,2008-08-16,0.082625390369671009,A
05507600,2008-08-17,0.07285249473454862,A
05507600,2008-08-18,0.067521824388118226,A
05507600,2008-08-19,0.063079599099426245,A
05507600,2008-08-20,0.058637373810734257,A
05507600,2008-08-21,0.082625390369671009,A
05507600,2008-08-22,0.10661340692860775,A
05507600,2008-08-23,0.097728956351223764,A
05507600,2008-08-24,0.080848500254194211,A
05507600,2008-08-25,0.069298714503595038,A
05507600,2008-08-26,0.069298714503595038,A
05507600,2008-08-27,0.063079599099426245,A
05507600,2008-08-28,0.071075604619071836,A
05507600,2008-08-29,0.097728956351223764,A
05507600,2008-08-30,0.097728956351223764,A
05507600,2008-08-31,0.097728956351223764,A
05507600,2008-09-01,0.097728956351223764,A
05507600,2008-09-02,0.097728956351223764,A
05507600,2008-09-03,1.1460941244825333,A
05507600,2008-09-04,31.984022078582324,A
05507600,2008-09-05,15.458944004648123,A
05507600,2008-09-06,1.4481654441135887,A
05507600,2008-09-07,1.0572496187086935,A
05507600,2008-09-08,0.58637373810734261,A
05507600,2008-09-09,0.32872467136320721,A
05507600,2008-09-10,0.19545791270244753,A
05507600,2008-09-11,0.14215120923814367,A
05507600,2008-09-12,15.903166533517322,A
05507600,2008-09-13,23.188416006972187,A
05507600,2008-09-14,82.09232333502797,A
05507600,2008-09-15,13.770898394945167,A
05507600,2008-09-16,1.5192410487326604,A
05507600,2008-09-17,0.81736945311932607,A
05507600,2008-09-18,0.5152981334882708,A
05507600,2008-09-19,0.32872467136320721,A
05507600,2008-09-20,0.21322681385721551,A
05507600,2008-09-21,0.14215120923814367,A
05507600,2008-09-22,0.097728956351223764,A
05507600,2008-09-23,0.079071610138717413,A
05507600,2008-09-24,0.065744934272641456,A
05507600,2008-09-25,0.444222528869199,A
05507600,2008-09-26,0.26653351732151936,A
05507600,2008-09-27,0.12438230808337571,A
05507600,2008-09-28,0.076406274965502216,A
05507600,2008-09-29,0.29318686905367131,A
05507600,2008-09-30,0.37314692425012713,A
06477500,2006-10-01,9.7059056888207138e-05,A
06477500,2006-10-02,3.2353018962735713e-05,A
06477500,2006-10-03,4.8529528444103569e-05,A
06477500,2006-10-04,3.2353018962735713e-05,A
06477500,2006-10-05,3.2353018962735713e-05,A
06477500,2006-10-06,4.8529528444103569e-05,A
06477500,2006-10-07,1.6176509481367856e-05,A
06477500,2006-10-08,0,A
06477500,2006-10-09,0,A
06477500,2006-10-10,0,A
06477500,2006-10-11,0,A
06477500,2006-10-12,1.6176509481367856e-05,A
06477500,2006-10-13,0,A
06477500,2006-10-14,3.2353018962735713e-05,A
06477500,2006-10-15,0,A
06477500,2006-10-16,4.8529528444103569e-05,A
06477500,2006-10-17,1.6176509481367856e-05,A
06477500,2006-10-18,6.4706037925471425e-05,A
06477500,2006-10-19,6.4706037925471425e-05,A
06477500,2006-10-20,8.0882547406839288e-05,A
06477500,2006-10-21,9.7059056888207138e-05,A
06477500,2006-10-22,9.7059056888207138e-05,A
06477500,2006-10-23,0.00016176509481367858,A
06477500,2006-10-24,0.00012941207585094285,A
06477500,2006-10-25,8.0882547406839288e-05,A
06477500,2006-10-26,9.7059056888207138e-05,A
06477500,2006-10-27,9.7059056888207138e-05,A
06477500,2006-10-28,9.7059056888207138e-05,A
06477500,2006-10-29,3.2353018962735713e-05,A
06477500,2006-10-30,3.2353018962735713e-05,A:e
06477500,2006-10-31,1.6176509481367856e-05,A:e
06477500,2006-11-01,1.6176509481367856e-05,A:e
06477500,2006-11-02,1.6176509481367856e-05,A:e
06477500,2006-11-03,3.2353018962735713e-05,A
06477500,2006-11-04,8.0882547406839288e-05,A
06477500,2006-11-05,9.7059056888207138e-05,A
06477500,2006-11-06,0.000113235566369575,A
06477500,2006-11-07,0.00012941207585094285,A
06477500,2006-11-08,0.00012941207585094285,A
06477500,2006-11-09,9.7059056888207138e-05,A
06477500,2006-11-10,6.4706037925471425e-05,A:e
06477500,2006-11-11,4.8529528444103569e-05,A:e
06477500,2006-11-12,3.2353018962735713e-05,A:e
06477500,2006-11-13,4.8529528444103569e-05,A:e
06477500,2006-11-14,4.8529528444103569e-05,A:e
06477500,2006-11-15,6.4706037925471425e-05,A:e
06477500,2006-11-16,6.4706037925471425e-05,A:e
06477500,2006-11-17,6.4706037925471425e-05,A:e
06477500,2006-11-18,8.0882547406839288e-05,A:e
06477500,2006-11-19,9.7059056888207138e-05,A
06477500,2006-11-20,0.000113235566369575,A
06477500,2006-11-21,0.000113235566369575,A
06477500,2006-11-22,0.00014558858533231069,A
06477500,2006-11-23,0.00014558858533231069,A
06477500,2006-11-24,0.00012941207585094285,A
06477500,2006-11-25,0.000113235566369575,A
06477500,2006-11-26,9.7059056888207138e-05,A:e
06477500,2006-11-27,8.0882547406839288e-05,A:e
06477500,2006-11-28,4.8529528444103569e-05,A:e
06477500,2006-11-29,3.2353018962735713e-05,A:e
06477500,2006-11-30,1.6176509481367856e-05,A:e
06477500,2006-12-01,0,A:e
06477500,2006-12-02,0,A:e
06477500,2006-12-03,0,A:e
06477500,2006-12-04,0,A:e
06477500,2006-12-05,1.6176509481367856e-05,A:e
06477500,2006-12-06,0,A:e
06477500,2006-12-07,0,A:e
06477500,2006-12-08,1.6176509481367856e-05,A:e
06477500,2006-12-09,1.6176509481367856e-05,A:e
06477500,2006-12-10,0,A:e
06477500,2006-12-11,0,A:e
06477500,2006-12-12,0,A:e
06477500,2006-12-13,0,A:e
06477500,2006-12-14,1.6176509481367856e-05,A:e
06477500,2006-12-15,0,A:e
06477500,2006-12-16,0,A:e
06477500,2006-12-17,0,A:e
06477500,2006-12-18,0,A:e
06477500,2006-12-19,0,A:e
06477500,2006-12-20,0,A:e
06477500,2006-12-21,0,A:e
06477500,2006-12-22,0,A:e
06477500,2006-12-23,0,A:e
06477500,2006-12-24,0,A:e
06477500,2006-12-25,0,A:e
06477500,2006-12-26,0,A:e
06477500,2006-12-27,0,A:e
06477500,2006-12-28,0,A
06477500,2006-12-29,0,A
06477500,2006-12-30,0,A
06477500,2006-12-31,0,A
06477500,2007-01-01,0,A
06477500,2007-01-02,0,A
06477500,2007-01-03,0,A
06477500,2007-01-04,0,A
06477500,2007-01-05,0,A
06477500,2007-01-06,0,A
06477500,2007-01-07,0,A
06477500,2007-01-08,0,A
06477500,2007-01-09,0,A
06477500,2007-01-10,0,A
06477500,2007-01-11,0,A
06477500,2007-01-12,0,A
06477500,2007-01-13,0,A
06477500,2007-01-14,0,A
06477500,2007-01-15,0,A
06477500,2007-01-16,0,A
06477500,2007-01-17,0,A
06477500,2007-01-18,0,A
06477500,2007-01-19,0,A
06477500,2007-01-20,0,A
06477500,2007-01-21,0,A
06477500,2007-01-22,0,A
06477500,2007-01-23,0,A
06477500,2007-01-24,0,A
06477500,2007-01-25,0,A
06477500,2007-01-26,0,A
06477500,2007-01-27,0,A
06477500,2007-01-28,0,A
06477500,2007-01-29,0,A
06477500,2007-01-30,0,A
06477500,2007-01-31,0,A
06477500,2007-02-01,0,A
06477500,2007-02-02,0,A
06477500,2007-02-03,0,A
06477500,2007-02-04,0,A
06477500,2007-02-05,0,A
06477500,2007-02-06,0,A
06477500,2007-02-07,0,A
06477500,2007-02-08,0,A
06477500,2007-02-09,0,A
06477500,2007-02-10,0,A
06477500,2007-02-11,0,A
06477500,2007-02-12,0,A
06477500,2007-02-13,0,A
06477500,2007-02-14,0,A:e
06477500,2007-02-15,0,A:e
06477500,2007-02-16,1.6176509481367856e-05,A:e
06477500,2007-02-17,3.2353018962735713e-05,A:e
06477500,2007-02-18,6.4706037925471425e-05,A:e
06477500,2007-02-19,9.7059056888207138e-05,A:e
06477500,2007-02-20,0.000113235566369575,A:e
06477500,2007-02-21,0.00014558858533231069,A:e
06477500,2007-02-22,0.00014558858533231069,A:e
06477500,2007-02-23,0.00012941207585094285,A:e
06477500,2007-02-24,0.000113235566369575,A:e
06477500,2007-02-25,9.7059056888207138e-05,A:e
06477500,2007-02-26,8.0882547406839288e-05,A:e
06477500,2007-02-27,4.8529528444103569e-05,A:e
06477500,2007-02-28,3.2353018962735713e-05,A:e
06477500,2007-03-01,3.2353018962735713e-05,A:e
06477500,2007-03-02,3.2353018962735713e-05,A:e
06477500,2007-03-03,3.2353018962735713e-05,A:e
06477500,2007-03-04,6.4706037925471425e-05,A:e
06477500,2007-03-05,9.7059056888207138e-05,A:e
06477500,2007-03-06,0.00012941207585094285,A:e
06477500,2007-03-07,0.00016176509481367858,A:e
06477500,2007-03-08,0.00024264764222051781,A:e
06477500,2007-03-09,0.0016176509481367857,A:e
06477500,2007-03-10,0.0097059056888207131,A:e
06477500,2007-03-11,0.080882547406839284,A:e
06477500,2007-03-12,0.97059056888207129,A:e
06477500,2007-03-13,1.9411811377641426,A:e
06477500,2007-03-14,1.1323556636957499,A:e
06477500,2007-03-15,0.7991195683795721,A
06477500,2007-03-16,0.56456018089973825,A
06477500,2007-03-17,0.36882441617518708,A
06477500,2007-03-18,0.27014770833884316,A
06477500,2007-03-19,0.21191227420591893,A
06477500,2007-03-20,0.16985334955436249,A
06477500,2007-03-21,0.1342650286953532,A
06477500,2007-03-22,0.11161791542143822,A
06477500,2007-03-23,0.095441405940070348,A
06477500,2007-03-24,0.080882547406839284,A
06477500,2007-03-25,0.076029594562428915,A
06477500,2007-03-26,0.067941339821744995,A
06477500,2007-03-27,0.059853085081061068,A
06477500,2007-03-28,0.051764830340377141,A
06477500,2007-03-29,0.045294226547829997,A
06477500,2007-03-30,0.046911877495966786,A
06477500,2007-03-31,0.050147179392240351,A
06477500,2007-04-01,0.058235434132924278,A
06477500,2007-04-02,0.059853085081061068,A
06477500,2007-04-03,0.05338248128851393,A
06477500,2007-04-04,0.051764830340377141,A
06477500,2007-04-05,0.048529528444103562,A:e
06477500,2007-04-06,0.042058924651556424,A:e
06477500,2007-04-07,0.038823622755282852,A:e
06477500,2007-04-08,0.03720597180714607,A:e
06477500,2007-04-09,0.03558832085900928,A:e
06477500,2007-04-10,0.033970669910872497,A
06477500,2007-04-11,0.03558832085900928,A
06477500,2007-04-12,0.03558832085900928,A
06477500,2007-04-13,0.033970669910872497,A
06477500,2007-04-14,0.032353018962735715,A
06477500,2007-04-15,0.029117717066462139,A
06477500,2007-04-16,0.024264764222051781,A
06477500,2007-04-17,0.022647113273914998,A
06477500,2007-04-18,0.021029462325778212,A
06477500,2007-04-19,0.01779416042950464,A
06477500,2007-04-20,0.016176509481367857,A
06477500,2007-04-21,0.016176509481367857,A
06477500,2007-04-22,0.01779416042950464,A
06477500,2007-04-23,0.093823754991933572,A
06477500,2007-04-24,0.51764830340377144,A
06477500,2007-04-25,0.49985414297426678,A
06477500,2007-04-26,0.31544193488667321,A
06477500,2007-04-27,0.1908828118801407,A
06477500,2007-04-28,0.1229414720583957,A
06477500,2007-04-29,0.095441405940070348,A
06477500,2007-04-30,0.077647245510565704,A
06477500,2007-05-01,0.06470603792547143,A
06477500,2007-05-02,0.05338248128851393,A
06477500,2007-05-03,0.045294226547829997,A
06477500,2007-05-04,0.040441273703419642,A
06477500,2007-05-05,0.058235434132924278,A
06477500,2007-05-06,0.87676681389013778,A
06477500,2007-05-07,3.8014797281214463,A
06477500,2007-05-08,2.9764777445716857,A
06477500,2007-05-09,1.8764750998386712,A
06477500,2007-05-10,1.2973560604057022,A
06477500,2007-05-11,0.92529634233424141,A
06477500,2007-05-12,0.70206051149136495,A
06477500,2007-05-13,0.48205998254476212,A
06477500,2007-05-14,0.2798536140276639,A
06477500,2007-05-15,0.18764750998386714,A
06477500,2007-05-16,0.13911798153976357,A
06477500,2007-05-17,0.10838261352516464,A
06477500,2007-05-18,0.088970802147523217,A
06477500,2007-05-19,0.074411943614292139,A
06477500,2007-05-20,0.06308838697733464,A
06477500,2007-05-21,0.05338248128851393,A
06477500,2007-05-22,0.045294226547829997,A
06477500,2007-05-23,0.042058924651556424,A
06477500,2007-05-24,0.033970669910872497,A
06477500,2007-05-25,0.029117717066462139,A
06477500,2007-05-26,0.02588241517018857,A
06477500,2007-05-27,0.024264764222051781,A
06477500,2007-05-28,0.022647113273914998,A
06477500,2007-05-29,0.021029462325778212,A
06477500,2007-05-30,0.029117717066462139,A
06477500,2007-05-31,0.03720597180714607,A
06477500,2007-06-01,0.074411943614292139,A
06477500,2007-06-02,0.1342650286953532,A
06477500,2007-06-03,0.47235407685594138,A
06477500,2007-06-04,0.32029488773108356,A
06477500,2007-06-05,0.24426529316865461,A
06477500,2007-06-06,0.19250046282827749,A
06477500,2007-06-07,0.14882388722858428,A
06477500,2007-06-08,0.11647086826584856,A
06477500,2007-06-09,0.093823754991933572,A
06477500,2007-06-10,0.076029594562428915,A
06477500,2007-06-11,0.06308838697733464,A
06477500,2007-06-12,0.05338248128851393,A
06477500,2007-06-13,0.07279429266615535,A
06477500,2007-06-14,0.27176535928697998,A
06477500,2007-06-15,0.5030894448705403,A
06477500,2007-06-16,0.44485401073761605,A
06477500,2007-06-17,0.39147152944910213,A
06477500,2007-06-18,0.36882441617518708,A
06477500,2007-06-19,0.33161844436804105,A
06477500,2007-06-20,0.28470656687207424,A
06477500,2007-06-21,0.23294173653169711,A
06477500,2007-06-22,0.19573576472455106,A
06477500,2007-06-23,0.17147100050249928,A
06477500,2007-06-24,0.1569121419692682,A
06477500,2007-06-25,0.13911798153976357,A
06477500,2007-06-26,0.12455912300653249,A
06477500,2007-06-27,0.10838261352516464,A
06477500,2007-06-28,0.092206104043796769,A
06477500,2007-06-29,0.077647245510565704,A
06477500,2007-06-30,0.066323688873608205,A
06477500,2007-07-01,0.056617783184787496,A
06477500,2007-07-02,0.048529528444103562,A
06477500,2007-07-03,0.042058924651556424,A
06477500,2007-07-04,0.03558832085900928,A
06477500,2007-07-05,0.030735368014598925,A
06477500,2007-07-06,0.02588241517018857,A
06477500,2007-07-07,0.021029462325778212,A
06477500,2007-07-08,0.01779416042950464,A
06477500,2007-07-09,0.014720623628044749,A
06477500,2007-07-10,0.01245591230065325,A
06477500,2007-07-11,0.010029435878448071,A
06477500,2007-07-12,0.0084117849303112866,A
06477500,2007-07-13,0.0074411943614292137,A
06477500,2007-07-14,0.0061470736029197847,A
06477500,2007-07-15,0.0050147179392240355,A
06477500,2007-07-16,0.0042058924651556433,A
06477500,2007-07-17,0.0037205971807146069,A
06477500,2007-07-18,0.0033970669910872503,A
06477500,2007-07-19,0.0030735368014598924,A
06477500,2007-07-20,0.0025882415170188572,A
06477500,2007-07-21,0.0022647113273914997,A
06477500,2007-07-22,0.0017794160429504642,A
06477500,2007-07-23,0.0013588267964348998,A
06477500,2007-07-24,0.0011647086826584855,A
06477500,2007-07-25,0.00090588453095660001,A
06477500,2007-07-26,0.00080882547406839283,A
06477500,2007-07-27,0.00071176641718018576,A
06477500,2007-07-28,0.00058235434132924274,A
06477500,2007-07-29,0.0005176483034037714,A
06477500,2007-07-30,0.00050147179392240359,A
06477500,2007-07-31,0.0004529422654783,A
06477500,2007-08-01,0.00038823622755282855,A
06477500,2007-08-02,0.00042058924651556422,A
06477500,2007-08-03,0.00033970669910872496,A
06477500,2007-08-04,0.0011808851921398535,A
06477500,2007-08-05,0.0013588267964348998,A
06477500,2007-08-06,0.0011970617016212213,A
06477500,2007-08-07,0.0012779442490280608,A
06477500,2007-08-08,0.00097059056888207124,A
06477500,2007-08-09,0.00079264896458702491,A
06477500,2007-08-10,0.00069558990769881784,A
06477500,2007-08-11,0.00053382481288513921,A
06477500,2007-08-12,0.00040441273703419641,A
06477500,2007-08-13,0.00037205971807146069,A
06477500,2007-08-14,0.00032353018962735715,A
06477500,2007-08-15,0.00072794292666155346,A
06477500,2007-08-16,0.00050147179392240359,A
06477500,2007-08-17,0.00035588320859009288,A
06477500,2007-08-18,0.00056617783184787494,A
06477500,2007-08-19,0.0004529422654783,A
06477500,2007-08-20,0.00050147179392240359,A
06477500,2007-08-21,0.00048529528444103562,A
06477500,2007-08-22,0.0005176483034037714,A
06477500,2007-08-23,0.0012617677395466928,A
06477500,2007-08-24,0.0010514731162889108,A
06477500,2007-08-25,0.00090588453095660001,A
06477500,2007-08-26,0.00069558990769881784,A
06477500,2007-08-27,0.00074411943614292137,A
06477500,2007-08-28,0.00098676707836343916,A
06477500,2007-08-29,0.00092206104043796771,A
06477500,2007-08-30,0.00072794292666155346,A
06477500,2007-08-31,0.00061470736029197858,A
06477500,2007-09-01,0.00053382481288513921,A
06477500,2007-09-02,0.00048529528444103562,A
06477500,2007-09-03,0.00043676575599693219,A
06477500,2007-09-04,0.00033970669910872496,A
06477500,2007-09-05,0.00022647113273915,A
06477500,2007-09-06,0.00038823622755282855,A
06477500,2007-09-07,0.00067941339821744992,A
06477500,2007-09-08,0.00038823622755282855,A
06477500,2007-09-09,0.00027500066118325356,A
06477500,2007-09-10,0.00050147179392240359,A
06477500,2007-09-11,0.0004529422654783,A
06477500,2007-09-12,0.00038823622755282855,A
06477500,2007-09-13,0.00024264764222051781,A
06477500,2007-09-14,0.00016176509481367858,A
06477500,2007-09-15,0.00017794160429504644,A
06477500,2007-09-16,0.00021029462325778211,A
06477500,2007-09-17,0.00017794160429504644,A
06477500,2007-09-18,0.00014558858533231069,A
06477500,2007-09-19,0.000113235566369575,A
06477500,2007-09-20,0.00012941207585094285,A
06477500,2007-09-21,8.0882547406839288e-05,A
06477500,2007-09-22,0,A
06477500,2007-09-23,0,A
06477500,2007-09-24,0,A
06477500,2007-09-25,0,A
06477500,2007-09-26,0,A
06477500,2007-09-27,0,A
06477500,2007-09-28,0,A
06477500,2007-09-29,0,A
06477500,2007-09-30,0.00090588453095660001,A
06477500,2007-10-01,0.00032353018962735715,A
06477500,2007-10-02,0.00029117717066462137,A
06477500,2007-10-03,0.0002588241517018857,A
06477500,2007-10-04,9.7059056888207138e-05,A
06477500,2007-10-05,0.00019411811377641428,A
06477500,2007-10-06,0.00017794160429504644,A
06477500,2007-10-07,0.00014558858533231069,A
06477500,2007-10-08,0.00022647113273915,A
06477500,2007-10-09,0.00016176509481367858,A
06477500,2007-10-10,9.7059056888207138e-05,A
06477500,2007-10-11,9.7059056888207138e-05,A
06477500,2007-10-12,8.0882547406839288e-05,A
06477500,2007-10-13,0.00012941207585094285,A
06477500,2007-10-14,0.00093823754991933562,A
06477500,2007-10-15,0.0017794160429504642,A
06477500,2007-10-16,0.0032353018962735713,A
06477500,2007-10-17,0.0061470736029197847,A
06477500,2007-10-18,0.013750033059162678,A
06477500,2007-10-19,0.016176509481367857,A
06477500,2007-10-20,0.024264764222051781,A
06477500,2007-10-21,0.019411811377641426,A
06477500,2007-10-22,0.01779416042950464,A
06477500,2007-10-23,0.01213238211102589,A
06477500,2007-10-24,0.0074411943614292137,A
06477500,2007-10-25,0.0061470736029197847,A
06477500,2007-10-26,0.0059853085081061075,A
06477500,2007-10-27,0.0055000132236650715,A
06477500,2007-10-28,0.0053382481288513917,A
06477500,2007-10-29,0.0069558990769881777,A
06477500,2007-10-30,0.0076029594562428927,A
06477500,2007-10-31,0.0074411943614292137,A
06477500,2007-11-01,0.0067941339821745005,A
06477500,2007-11-02,0.0061470736029197847,A
06477500,2007-11-03,0.0056617783184787496,A
06477500,2007-11-04,0.0050147179392240355,A
06477500,2007-11-05,0.0043676575599693214,A
06477500,2007-11-06,0.0042058924651556433,A
06477500,2007-11-07,0.003882362275528285,A
06477500,2007-11-08,0.0035588320859009284,A
06477500,2007-11-09,0.0033970669910872503,A
06477500,2007-11-10,0.0030735368014598924,A
06477500,2007-11-11,0.0029117717066462138,A
06477500,2007-11-12,0.0029117717066462138,A
06477500,2007-11-13,0.0029117717066462138,A
06477500,2007-11-14,0.0025882415170188572,A
06477500,2007-11-15,0.0025882415170188572,A
06477500,2007-11-16,0.0024264764222051783,A
06477500,2007-11-17,0.0024264764222051783,A
06477500,2007-11-18,0.0022647113273914997,A
06477500,2007-11-19,0.0021029462325778217,A
06477500,2007-11-20,0.0021029462325778217,A:e
06477500,2007-11-21,0.0021029462325778217,A:e
06477500,2007-11-22,0.0021029462325778217,A:e
06477500,2007-11-23,0.0021029462325778217,A
06477500,2007-11-24,0.0021029462325778217,A
06477500,2007-11-25,0.0021029462325778217,A
06477500,2007-11-26,0.0022647113273914997,A
06477500,2007-11-27,0.0021029462325778217,A:e
06477500,2007-11-28,0.0021029462325778217,A:e
06477500,2007-11-29,0.0021029462325778217,A:e
06477500,2007-11-30,0.0019411811377641425,A:e
06477500,2007-12-01,0.0019411811377641425,A:e
06477500,2007-12-02,0.0017794160429504642,A:e
06477500,2007-12-03,0.0014558858533231069,A:e
06477500,2007-12-04,0.0016176509481367857,A:e
06477500,2007-12-05,0.0016176509481367857,A:e
06477500,2007-12-06,0.0016176509481367857,A:e
06477500,2007-12-07,0.0016176509481367857,A:e
06477500,2007-12-08,0.0015367684007299462,A:e
06477500,2007-12-09,0.0014558858533231069,A:e
06477500,2007-12-10,0.0014558858533231069,A:e
06477500,2007-12-11,0.0015367684007299462,A:e
06477500,2007-12-12,0.0015367684007299462,A:e
06477500,2007-12-13,0.0016176509481367857,A:e
06477500,2007-12-14,0.0014558858533231069,A:e
06477500,2007-12-15,0.0014558858533231069,A:e
06477500,2007-12-16,0.0015367684007299462,A:e
06477500,2007-12-17,0.0014558858533231069,A:e
06477500,2007-12-18,0.0014558858533231069,A:e
06477500,2007-12-19,0.0015367684007299462,A:e
06477500,2007-12-20,0.0015367684007299462,A:e
06477500,2007-12-21,0.0015852979291740498,A:e
06477500,2007-12-22,0.0015367684007299462,A:e
06477500,2007-12-23,0.0013750033059162679,A:e
06477500,2007-12-24,0.0012941207585094286,A:e
06477500,2007-12-25,0.0012132382111025891,A:e
06477500,2007-12-26,0.0012132382111025891,A:e
06477500,2007-12-27,0.0010514731162889108,A:e
06477500,2007-12-28,0.0010514731162889108,A:e
06477500,2007-12-29,0.0010514731162889108,A:e
06477500,2007-12-30,0.00097059056888207124,A:e
06477500,2007-12-31,0.00088970802147523209,A:e
06477500,2008-01-01,0.00084117849303112844,A:e
06477500,2008-01-02,0.00072794292666155346,A:e
06477500,2008-01-03,0.0006470603792547143,A:e
06477500,2008-01-04,0.0006470603792547143,A:e
06477500,2008-01-05,0.0006470603792547143,A:e
06477500,2008-01-06,0.00072794292666155346,A:e
06477500,2008-01-07,0.00072794292666155346,A:e
06477500,2008-01-08,0.0006470603792547143,A:e
06477500,2008-01-09,0.0006470603792547143,A:e
06477500,2008-01-10,0.0006470603792547143,A:e
06477500,2008-01-11,0.0006470603792547143,A:e
06477500,2008-01-12,0.0006470603792547143,A:e
06477500,2008-01-13,0.0006470603792547143,A:e
06477500,2008-01-14,0.00061470736029197858,A:e
06477500,2008-01-15,0.00061470736029197858,A:e
06477500,2008-01-16,0.00059853085081061066,A:e
06477500,2008-01-17,0.00059853085081061066,A:e
06477500,2008-01-18,0.00059853085081061066,A:e
06477500,2008-01-19,0.00058235434132924274,A:e
06477500,2008-01-20,0.00058235434132924274,A:e
06477500,2008-01-21,0.00055000132236650713,A:e
06477500,2008-01-22,0.00055000132236650713,A:e
06477500,2008-01-23,0.00055000132236650713,A:e
06477500,2008-01-24,0.0005176483034037714,A:e
06477500,2008-01-25,0.00055000132236650713,A:e
06477500,2008-01-26,0.00061470736029197858,A:e
06477500,2008-01-27,0.00067941339821744992,A:e
06477500,2008-01-28,0.0007764724551056571,A:e
06477500,2008-01-29,0.0007764724551056571,A:e
06477500,2008-01-30,0.00074411943614292137,A:e
06477500,2008-01-31,0.00074411943614292137,A:e
06477500,2008-02-01,0.00080882547406839283,A:e
06477500,2008-02-02,0.00088970802147523209,A:e
06477500,2008-02-03,0.00092206104043796771,A:e
06477500,2008-02-04,0.00097059056888207124,A:e
06477500,2008-02-05,0.00095441405940070354,A:e
06477500,2008-02-06,0.00088970802147523209,A:e
06477500,2008-02-07,0.00082500198354976074,A:e
06477500,2008-02-08,0.00085735500251249647,A:e
06477500,2008-02-09,0.00080882547406839283,A:e
06477500,2008-02-10,0.0007764724551056571,A:e
06477500,2008-02-11,0.00079264896458702491,A:e
06477500,2008-02-12,0.00080882547406839283,A:e
06477500,2008-02-13,0.00080882547406839283,A:e
06477500,2008-02-14,0.00079264896458702491,A:e
06477500,2008-02-15,0.00080882547406839283,A:e
06477500,2008-02-16,0.00085735500251249647,A:e
06477500,2008-02-17,0.00084117849303112844,A:e
06477500,2008-02-18,0.00080882547406839283,A:e
06477500,2008-02-19,0.0007764724551056571,A:e
06477500,2008-02-20,0.00074411943614292137,A:e
06477500,2008-02-21,0.0007764724551056571,A:e
06477500,2008-02-22,0.00088970802147523209,A:e
06477500,2008-02-23,0.00097059056888207124,A:e
06477500,2008-02-24,0.0010514731162889108,A:e
06477500,2008-02-25,0.0010838261352516464,A:e
06477500,2008-02-26,0.0011323556636957499,A:e
06477500,2008-02-27,0.001245591230065325,A:e
06477500,2008-02-28,0.0016176509481367857,A:e
06477500,2008-02-29,0.0017794160429504642,A:e
06477500,2008-03-01,0.0019411811377641425,A:e
06477500,2008-03-02,0.0017794160429504642,A:e
06477500,2008-03-03,0.0017794160429504642,A:e
06477500,2008-03-04,0.0019411811377641425,A:e
06477500,2008-03-05,0.0017794160429504642,A:e
06477500,2008-03-06,0.0017794160429504642,A:e
06477500,2008-03-07,0.0016176509481367857,A:e
06477500,2008-03-08,0.0017794160429504642,A:e
06477500,2008-03-09,0.0019411811377641425,A:e
06477500,2008-03-10,0.0024264764222051783,A:e
06477500,2008-03-11,0.0030735368014598924,A:e
06477500,2008-03-12,0.0040441273703419644,A:e
06477500,2008-03-13,0.0048529528444103565,A:e
06477500,2008-03-14,0.0079264896458702497,A
06477500,2008-03-15,0.0085735500251249638,A
06477500,2008-03-16,0.00889708021475232,A
06477500,2008-03-17,0.009058845309565999,A:e
06477500,2008-03-18,0.0093823754991933551,A
06477500,2008-03-19,0.009058845309565999,A
06477500,2008-03-20,0.0087353151199386428,A
06477500,2008-03-21,0.0085735500251249638,A
06477500,2008-03-22,0.0085735500251249638,A:e
06477500,2008-03-23,0.0080882547406839287,A:e
06477500,2008-03-24,0.0080882547406839287,A:e
06477500,2008-03-25,0.0080882547406839287,A
06477500,2008-03-26,0.0072794292666155348,A
06477500,2008-03-27,0.0069558990769881777,A
06477500,2008-03-28,0.0067941339821745005,A
06477500,2008-03-29,0.0069558990769881777,A
06477500,2008-03-30,0.0064706037925471426,A
06477500,2008-03-31,0.0072794292666155348,A:e
06477500,2008-04-01,0.0076029594562428927,A
06477500,2008-04-02,0.0076029594562428927,A
06477500,2008-04-03,0.0080882547406839287,A
06477500,2008-04-04,0.0082500198354976059,A
06477500,2008-04-05,0.0076029594562428927,A
06477500,2008-04-06,0.0077647245510565699,A
06477500,2008-04-07,0.0072794292666155348,A
06477500,2008-04-08,0.0067941339821745005,A
06477500,2008-04-09,0.0071176641718018567,A
06477500,2008-04-10,0.0082500198354976059,A
06477500,2008-04-11,0.00889708021475232,A:e
06477500,2008-04-12,0.010514731162889106,A
06477500,2008-04-13,0.012617677395466927,A
06477500,2008-04-14,0.030735368014598925,A
06477500,2008-04-15,0.027500066118325357,A
06477500,2008-04-16,0.038823622755282852,A
06477500,2008-04-17,0.043676575599693207,A
06477500,2008-04-18,0.043676575599693207,A
06477500,2008-04-19,0.046911877495966786,A
06477500,2008-04-20,0.045294226547829997,A
06477500,2008-04-21,0.042058924651556424,A
06477500,2008-04-22,0.03558832085900928,A
06477500,2008-04-23,0.029117717066462139,A
06477500,2008-04-24,0.02588241517018857,A
06477500,2008-04-25,0.027500066118325357,A:e
06477500,2008-04-26,0.029117717066462139,A:e
06477500,2008-04-27,0.032353018962735715,A:e
06477500,2008-04-28,0.043676575599693207,A
06477500,2008-04-29,0.048529528444103562,A
06477500,2008-04-30,0.048529528444103562,A
06477500,2008-05-01,0.045294226547829997,A
06477500,2008-05-02,0.045294226547829997,A
06477500,2008-05-03,0.040441273703419642,A
06477500,2008-05-04,0.03720597180714607,A
06477500,2008-05-05,0.03558832085900928,A
06477500,2008-05-06,0.027500066118325357,A
06477500,2008-05-07,0.027500066118325357,A
06477500,2008-05-08,0.02588241517018857,A
06477500,2008-05-09,0.02588241517018857,A
06477500,2008-05-10,0.02588241517018857,A
06477500,2008-05-11,0.024264764222051781,A
06477500,2008-05-12,0.024264764222051781,A
06477500,2008-05-13,0.02588241517018857,A
06477500,2008-05-14,0.024264764222051781,A
06477500,2008-05-15,0.022647113273914998,A
06477500,2008-05-16,0.02588241517018857,A
06477500,2008-05-17,0.03558832085900928,A
06477500,2008-05-18,0.03720597180714607,A
06477500,2008-05-19,0.033970669910872497,A
06477500,2008-05-20,0.027500066118325357,A
06477500,2008-05-21,0.024264764222051781,A
06477500,2008-05-22,0.021029462325778212,A
06477500,2008-05-23,0.01779416042950464,A
06477500,2008-05-24,0.01779416042950464,A
06477500,2008-05-25,0.01779416042950464,A
06477500,2008-05-26,0.016176509481367857,A
06477500,2008-05-27,0.015044153817672108,A
06477500,2008-05-28,0.014397093438417392,A
06477500,2008-05-29,0.013264737774721641,A
06477500,2008-05-30,0.013102972679907962,A
06477500,2008-05-31,0.011647086826584855,A
06477500,2008-06-01,0.0093823754991933551,A
06477500,2008-06-02,0.00889708021475232,A
06477500,2008-06-03,0.058235434132924278,A
06477500,2008-06-04,0.43514810504879531,A
06477500,2008-06-05,0.48853058633730922,A
06477500,2008-06-06,1.0401495596519532,A
06477500,2008-06-07,2.1838287799846605,A
06477500,2008-06-08,1.6661804765808892,A
06477500,2008-06-09,1.116179154214382,A
06477500,2008-06-10,0.81529607786094005,A
06477500,2008-06-11,0.57588373753669564,A
06477500,2008-06-12,0.39308918039723889,A
06477500,2008-06-13,0.27500066118325356,A
06477500,2008-06-14,0.20382401946523501,A
06477500,2008-06-15,0.16338274576181536,A
06477500,2008-06-16,0.1455885853323107,A
06477500,2008-06-17,0.12132382111025891,A
06477500,2008-06-18,0.11000026447330143,A
06477500,2008-06-19,0.093823754991933572,A
06477500,2008-06-20,0.080882547406839284,A
06477500,2008-06-21,0.07279429266615535,A
06477500,2008-06-22,0.066323688873608205,A
06477500,2008-06-23,0.056617783184787496,A
06477500,2008-06-24,0.050147179392240351,A
06477500,2008-06-25,0.045294226547829997,A
06477500,2008-06-26,0.040441273703419642,A
06477500,2008-06-27,0.045294226547829997,A
06477500,2008-06-28,0.092206104043796769,A
06477500,2008-06-29,0.10838261352516464,A
06477500,2008-06-30,0.10514731162889106,A
06477500,2008-07-01,0.093823754991933572,A
06477500,2008-07-02,0.079264896458702494,A
06477500,2008-07-03,0.06470603792547143,A
06477500,2008-07-04,0.046911877495966786,A
06477500,2008-07-05,0.03558832085900928,A
06477500,2008-07-06,0.029117717066462139,A
06477500,2008-07-07,0.024264764222051781,A
06477500,2008-07-08,0.019411811377641426,A
06477500,2008-07-09,0.01779416042950464,A
06477500,2008-07-10,0.015367684007299463,A
06477500,2008-07-11,0.013750033059162678,A
06477500,2008-07-12,0.011485321731771178,A
06477500,2008-07-13,0.009867670783634392,A
06477500,2008-07-14,0.0082500198354976059,A
06477500,2008-07-15,0.0076029594562428927,A
06477500,2008-07-16,0.0072794292666155348,A
06477500,2008-07-17,0.0076029594562428927,A
06477500,2008-07-18,0.0076029594562428927,A
06477500,2008-07-19,0.010029435878448071,A
06477500,2008-07-20,0.0093823754991933551,A
06477500,2008-07-21,0.0087353151199386428,A
06477500,2008-07-22,0.0077647245510565699,A
06477500,2008-07-23,0.0076029594562428927,A
06477500,2008-07-24,0.0079264896458702497,A
06477500,2008-07-25,0.0074411943614292137,A
06477500,2008-07-26,0.0066323688873608207,A
06477500,2008-07-27,0.0064706037925471426,A
06477500,2008-07-28,0.0063088386977334637,A
06477500,2008-07-29,0.0061470736029197847,A
06477500,2008-07-30,0.0056617783184787496,A
06477500,2008-07-31,0.0056617783184787496,A
06477500,2008-08-01,0.0053382481288513917,A
06477500,2008-08-02,0.0045294226547829995,A
06477500,2008-08-03,0.0042058924651556433,A
06477500,2008-08-04,0.0040441273703419644,A
06477500,2008-08-05,0.003882362275528285,A
06477500,2008-08-06,0.0042058924651556433,A
06477500,2008-08-07,0.0035588320859009284,A
06477500,2008-08-08,0.0033970669910872503,A
06477500,2008-08-09,0.0030735368014598924,A
06477500,2008-08-10,0.0027500066118325357,A
06477500,2008-08-11,0.0027500066118325357,A
06477500,2008-08-12,0.0030735368014598924,A
06477500,2008-08-13,0.0029117717066462138,A
06477500,2008-08-14,0.0025882415170188572,A
06477500,2008-08-15,0.0025882415170188572,A
06477500,2008-08-16,0.0024264764222051783,A
06477500,2008-08-17,0.0021029462325778217,A
06477500,2008-08-18,0.0019411811377641425,A
06477500,2008-08-19,0.0019411811377641425,A
06477500,2008-08-20,0.0017794160429504642,A
06477500,2008-08-21,0.0016176509481367857,A
06477500,2008-08-22,0.0014720623628044752,A
06477500,2008-08-23,0.0012294147205839572,A
06477500,2008-08-24,0.0011970617016212213,A
06477500,2008-08-25,0.0012941207585094286,A
06477500,2008-08-26,0.00088970802147523209,A
06477500,2008-08-27,0.00072794292666155346,A
06477500,2008-08-28,0.00072794292666155346,A
06477500,2008-08-29,0.00050147179392240359,A
06477500,2008-08-30,0.00033970669910872496,A
06477500,2008-08-31,0.00021029462325778211,A
06477500,2008-09-01,0.00012941207585094285,A
06477500,2008-09-02,0.00042058924651556422,A
06477500,2008-09-03,0.00042058924651556422,A
06477500,2008-09-04,0.00029117717066462137,A
06477500,2008-09-05,0.00029117717066462137,A
06477500,2008-09-06,0.00037205971807146069,A
06477500,2008-09-07,0.00048529528444103562,A
06477500,2008-09-08,0.0005176483034037714,A
06477500,2008-09-09,0.00042058924651556422,A
06477500,2008-09-10,0.00035588320859009288,A
06477500,2008-09-11,0.00043676575599693219,A
06477500,2008-09-12,0.00053382481288513921,A
06477500,2008-09-13,0.00050147179392240359,A
06477500,2008-09-14,0.00046911877495966781,A
06477500,2008-09-15,0.00037205971807146069,A
06477500,2008-09-16,0.00030735368014598929,A
06477500,2008-09-17,0.00021029462325778211,A
06477500,2008-09-18,0.00017794160429504644,A
06477500,2008-09-19,0.00016176509481367858,A
06477500,2008-09-20,0.00019411811377641428,A
06477500,2008-09-21,0.00016176509481367858,A
06477500,2008-09-22,0.00012941207585094285,A
06477500,2008-09-23,0.00040441273703419641,A
06477500,2008-09-24,0.00040441273703419641,A
06477500,2008-09-25,0.00029117717066462137,A
06477500,2008-09-26,0.00021029462325778211,A
06477500,2008-09-27,0.00019411811377641428,A
06477500,2008-09-28,0.00014558858533231069,A
06477500,2008-09-29,8.0882547406839288e-05,A
06477500,2008-09-30,8.0882547406839288e-05,A
08158700,2006-10-01,0,A
08158700,2006-10-02,0,A
08158700,2006-10-03,0,A
08158700,2006-10-04,0,A
08158700,2006-10-05,0,A
08158700,2006-10-06,0,A
08158700,2006-10-07,0,A
08158700,2006-10-08,0,A
08158700,2006-10-09,0,A
08158700,2006-10-10,0,A
08158700,2006-10-11,0,A
08158700,2006-10-12,0,A
08158700,2006-10-13,0,A
08158700,2006-10-14,0,A
08158700,2006-10-15,0,A
08158700,2006-10-16,0,A
08158700,2006-10-17,0,A
08158700,2006-10-18,0,A
08158700,2006-10-19,0,A
08158700,2006-10-20,0,A
08158700,2006-10-21,0,A
08158700,2006-10-22,0,A
08158700,2006-10-23,0,A
08158700,2006-10-24,0,A
08158700,2006-10-25,0,A
08158700,2006-10-26,0,A
08158700,2006-10-27,0,A
08158700,2006-10-28,0,A
08158700,2006-10-29,0,A
08158700,2006-10-30,0,A
08158700,2006-10-31,0,A
08158700,2006-11-01,0,A
08158700,2006-11-02,0,A
08158700,2006-11-03,0,A
08158700,2006-11-04,0,A
08158700,2006-11-05,0,A
08158700,2006-11-06,0,A
08158700,2006-11-07,0,A
08158700,2006-11-08,0,A
08158700,2006-11-09,0,A
08158700,2006-11-10,0,A
08158700,2006-11-11,0,A
08158700,2006-11-12,0,A
08158700,2006-11-13,0,A
08158700,2006-11-14,0,A
08158700,2006-11-15,0,A
08158700,2006-11-16,0,A
08158700,2006-11-17,0,A
08158700,2006-11-18,0,A
08158700,2006-11-19,0,A
08158700,2006-11-20,0,A
08158700,2006-11-21,0,A
08158700,2006-11-22,0,A
08158700,2006-11-23,0,A
08158700,2006-11-24,0,A
08158700,2006-11-25,0,A
08158700,2006-11-26,0,A
08158700,2006-11-27,0,A
08158700,2006-11-28,0,A
08158700,2006-11-29,0,A
08158700,2006-11-30,0,A
08158700,2006-12-01,0,A
08158700,2006-12-02,0,A
08158700,2006-12-03,0,A
08158700,2006-12-04,0,A
08158700,2006-12-05,0,A
08158700,2006-12-06,0,A
08158700,2006-12-07,0,A
08158700,2006-12-08,0,A
08158700,2006-12-09,0,A
08158700,2006-12-10,0,A
08158700,2006-12-11,0,A
08158700,2006-12-12,0,A
08158700,2006-12-13,0,A
08158700,2006-12-14,0,A
08158700,2006-12-15,0,A
08158700,2006-12-16,0,A
08158700,2006-12-17,0,A
08158700,2006-12-18,0,A
08158700,2006-12-19,0,A
08158700,2006-12-20,0,A
08158700,2006-12-21,0,A
08158700,2006-12-22,0,A
08158700,2006-12-23,0,A
08158700,2006-12-24,0,A
08158700,2006-12-25,0,A
08158700,2006-12-26,0,A
08158700,2006-12-27,0,A
08158700,2006-12-28,0,A
08158700,2006-12-29,0,A
08158700,2006-12-30,0,A
08158700,2006-12-31,0,A
08158700,2007-01-01,0,A
08158700,2007-01-02,0,A
08158700,2007-01-03,0,A
08158700,2007-01-04,0,A
08158700,2007-01-05,0,A
08158700,2007-01-06,0,A
08158700,2007-01-07,0,A
08158700,2007-01-08,0,A
08158700,2007-01-09,0,A
08158700,2007-01-10,0,A
08158700,2007-01-11,0,A
08158700,2007-01-12,0,A
08158700,2007-01-13,0.39715052756446279,A
08158700,2007-01-14,0.33605044640069931,A
08158700,2007-01-15,0.25967534494599492,A
08158700,2007-01-16,0.24440032465505404,A
08158700,2007-01-17,0.22912530436411313,A:e
08158700,2007-01-18,0.21385028407317228,A:e
08158700,2007-01-19,0.19857526378223139,A:e
08158700,2007-01-20,0.19093775363676097,A
08158700,2007-01-21,0.16802522320034965,A
08158700,2007-01-22,0.12983767247299746,A
08158700,2007-01-23,0.10692514203658614,A
08158700,2007-01-24,0.16038771305487923,A
08158700,2007-01-25,0.19857526378223139,A
08158700,2007-01-26,0.18330024349129054,A
08158700,2007-01-27,0.16802522320034965,A
08158700,2007-01-28,0.13747518261846789,A
08158700,2007-01-29,0.12220016232752702,A
08158700,2007-01-30,0.11456265218205657,A
08158700,2007-01-31,0.091650121745645269,A
08158700,2007-02-01,0.091650121745645269,A
08158700,2007-02-02,0.074083848411063247,A
08158700,2007-02-03,0.060336330149216466,A
08158700,2007-02-04,0.059572579134669422,A
08158700,2007-02-05,0.052698820003746025,A
08158700,2007-02-06,0.049643815945557848,A
08158700,2007-02-07,0.051935068989198988,A
08158700,2007-02-08,0.04811631391646376,A
08158700,2007-02-09,0.044297558843728539,A
08158700,2007-02-10,0.04124255478554037,A
08158700,2007-02-11,0.040478803770993319,A
08158700,2007-02-12,0.042770056814634458,A
08158700,2007-02-13,0.044297558843728539,A
08158700,2007-02-14,0.040478803770993319,A
08158700,2007-02-15,0.04124255478554037,A
08158700,2007-02-16,0.04124255478554037,A
08158700,2007-02-17,0.04124255478554037,A
08158700,2007-02-18,0.040478803770993319,A
08158700,2007-02-19,0.042006305800087414,A
08158700,2007-02-20,0.039715052756446281,A
08158700,2007-02-21,0.038187550727352193,A
08158700,2007-02-22,0.036660048698258105,A
08158700,2007-02-23,0.035896297683711068,A
08158700,2007-02-24,0.033605044640069928,A
08158700,2007-02-25,0.026731285509146534,A
08158700,2007-02-26,0.026731285509146534,A
08158700,2007-02-27,0.024440032465505405,A
08158700,2007-02-28,0.024440032465505405,A
08158700,2007-03-01,0.022912530436411317,A
08158700,2007-03-02,0.017566273334582008,A
08158700,2007-03-03,0.014511269276393832,A
08158700,2007-03-04,0.012983767247299747,A
08158700,2007-03-05,0.012220016232752703,A
08158700,2007-03-06,0.012220016232752703,A
08158700,2007-03-07,0.010692514203658614,A
08158700,2007-03-08,0.0091650121745645262,A
08158700,2007-03-09,0.008401261160017482,A
08158700,2007-03-10,0.0064918836236498734,A
08158700,2007-03-11,0.0064918836236498734,A
08158700,2007-03-12,6.9883217831054516,A
08158700,2007-03-13,1.2907392145845042,A
08158700,2007-03-14,1.6649772117125554,A
08158700,2007-03-15,0.99287631891115691,A
08158700,2007-03-16,0.74847599425610301,A
08158700,2007-03-17,0.64155085221951691,A
08158700,2007-03-18,0.58045077105575327,A
08158700,2007-03-19,0.50407566960104899,A
08158700,2007-03-20,0.45061309858275589,A
08158700,2007-03-21,0.41242554785540364,A
08158700,2007-03-22,0.3742379971280515,A
08158700,2007-03-23,0.35132546669164016,A
08158700,2007-03-24,0.31313791596428797,A
08158700,2007-03-25,0.27495036523693578,A
08158700,2007-03-26,2.016302678404196,A
08158700,2007-03-27,4.055517887244803,A
08158700,2007-03-28,1.8024523943310236,A
08158700,2007-03-29,1.4816769682212649,A
08158700,2007-03-30,7.8666354498345514,A
08158700,2007-03-31,3.2612168321158772,A
08158700,2007-04-01,2.1690528813136045,A
08158700,2007-04-02,1.8941025160766687,A
08158700,2007-04-03,1.7031647624399078,A
08158700,2007-04-04,1.5275020290940877,A
08158700,2007-04-05,1.3594768058937381,A
08158700,2007-04-06,1.2449141537116815,A
08158700,2007-04-07,1.1990890928388587,A
08158700,2007-04-08,1.6344271711306739,A
08158700,2007-04-09,1.4358519073484424,A
08158700,2007-04-10,1.3136517450209153,A
08158700,2007-04-11,1.183814072547918,A
08158700,2007-04-12,1.0157888493475684,A
08158700,2007-04-13,0.96232627832927531,A
08158700,2007-04-14,0.99287631891115691,A
08158700,2007-04-15,0.83248860585627771,A
08158700,2007-04-16,0.77902603483798472,A
08158700,2007-04-17,0.78666354498345525,A
08158700,2007-04-18,0.84012611600174836,A
08158700,2007-04-19,0.73320097396516215,A
08158700,2007-04-20,0.67973840294686905,A
08158700,2007-04-21,0.61863832178310552,A
08158700,2007-04-22,0.60336330149216466,A
08158700,2007-04-23,0.59572579134669423,A
08158700,2007-04-24,0.58808828120122381,A
08158700,2007-04-25,0.63391334207404637,A
08158700,2007-04-26,0.52698820003746027,A
08158700,2007-04-27,0.45825060872822626,A
08158700,2007-04-28,0.42770056814634455,A
08158700,2007-04-29,0.42006305800087418,A
08158700,2007-04-30,0.42770056814634455,A
08158700,2007-05-01,0.45825060872822626,A
08158700,2007-05-02,0.54990073047387156,A
08158700,2007-05-03,6.2474832989948181,A
08158700,2007-05-04,1.9017400262221391,A
08158700,2007-05-05,1.5886021102578511,A
08158700,2007-05-06,1.4282143972029719,A
08158700,2007-05-07,1.2907392145845042,A
08158700,2007-05-08,1.1609015421115065,A
08158700,2007-05-09,1.0539764000749205,A
08158700,2007-05-10,1.0463388899294501,A
08158700,2007-05-11,0.92413872760192317,A
08158700,2007-05-12,0.82485109571080728,A
08158700,2007-05-13,0.77138852469251429,A
08158700,2007-05-14,0.77138852469251429,A
08158700,2007-05-15,0.68737591309233947,A
08158700,2007-05-16,2.9709914465880005,A
08158700,2007-05-17,1.2907392145845042,A
08158700,2007-05-18,1.008151339202098,A
08158700,2007-05-19,0.8783136667291005,A
08158700,2007-05-20,0.81721358556533696,A
08158700,2007-05-21,0.80957607541986654,A
08158700,2007-05-22,0.90886370731098209,A
08158700,2007-05-23,0.78666354498345525,A
08158700,2007-05-24,0.73320097396516215,A
08158700,2007-05-25,1.2983767247299747,A
08158700,2007-05-26,1.3747518261846789,A
08158700,2007-05-27,1.0692514203658614,A
08158700,2007-05-28,2.9404414060061188,A
08158700,2007-05-29,1.7260772928763191,A
08158700,2007-05-30,1.5275020290940877,A
08158700,2007-05-31,5.2698820003746025,A
08158700,2007-06-01,2.1996029218954862,A
08158700,2007-06-02,1.863552475494787,A
08158700,2007-06-03,1.7031647624399078,A
08158700,2007-06-04,1.9933901479677842,A
08158700,2007-06-05,1.657339701567085,A
08158700,2007-06-06,1.5045894986576764,A
08158700,2007-06-07,1.3671143160392085,A
08158700,2007-06-08,1.2220016232752702,A
08158700,2007-06-09,1.0998014609477431,A
08158700,2007-06-10,1.0005138290566276,A
08158700,2007-06-11,0.90886370731098209,A
08158700,2007-06-12,0.82485109571080728,A
08158700,2007-06-13,0.75611350440157343,A
08158700,2007-06-14,0.6950134232378099,A
08158700,2007-06-15,0.64918836236498734,A
08158700,2007-06-16,0.73320097396516215,A
08158700,2007-06-17,0.72556346381969172,A
08158700,2007-06-18,0.62627583192857594,A
08158700,2007-06-19,0.5346257101829307,A
08158700,2007-06-20,0.65682587251045765,A
08158700,2007-06-21,0.95468876818380477,A
08158700,2007-06-22,1.1074389710932135,A
08158700,2007-06-23,0.67973840294686905,A
08158700,2007-06-24,0.59572579134669423,A
08158700,2007-06-25,0.66446338265592819,A
08158700,2007-06-26,0.68737591309233947,A
08158700,2007-06-27,0.60336330149216466,A
08158700,2007-06-28,0.60336330149216466,A
08158700,2007-06-29,0.68737591309233947,A
08158700,2007-06-30,0.58045077105575327,A
08158700,2007-07-01,0.54226322032840113,A
08158700,2007-07-02,1.183814072547918,A
08158700,2007-07-03,4.4373933945183248,A
08158700,2007-07-04,2.3141655740775429,A
08158700,2007-07-05,1.6726147218580263,A
08158700,2007-07-06,1.5275020290940877,A
08158700,2007-07-07,1.9093775363676095,A
08158700,2007-07-08,1.5656895798214399,A
08158700,2007-07-09,1.4205768870575015,A
08158700,2007-07-10,1.2525516638571519,A
08158700,2007-07-11,1.0921639508022727,A
08158700,2007-07-12,0.99287631891115691,A
08158700,2007-07-13,0.90886370731098209,A
08158700,2007-07-14,0.98523880876568659,A
08158700,2007-07-15,0.90122619716551178,A
08158700,2007-07-16,0.78666354498345525,A
08158700,2007-07-17,0.76375101454704386,A
08158700,2007-07-18,0.84776362614721867,A
08158700,2007-07-19,0.8554011362926891,A
08158700,2007-07-20,2.5662034088780676,A
08158700,2007-07-21,11.227139913841544,A
08158700,2007-07-22,3.5208921770618726,A
08158700,2007-07-23,4.1700805394268601,A
08158700,2007-07-24,3.4292420553162271,A
08158700,2007-07-25,3.0168165074608231,A
08158700,2007-07-26,2.7876912030967098,A
08158700,2007-07-27,2.4058156958231884,A
08158700,2007-07-28,2.3141655740775429,A
08158700,2007-07-29,3.4445170756071679,A
08158700,2007-07-30,2.4821907972778923,A
08158700,2007-07-31,2.123227820440782,A
08158700,2007-08-01,1.9857526378223138,A
08158700,2007-08-02,1.863552475494787,A
08158700,2007-08-03,1.8864650059311983,A
08158700,2007-08-04,1.7031647624399078,A
08158700,2007-08-05,1.5733270899669105,A
08158700,2007-08-06,1.4587644377848539,A
08158700,2007-08-07,1.3365642754573268,A
08158700,2007-08-08,1.237276643566211,A
08158700,2007-08-09,1.1227139913841546,A
08158700,2007-08-10,1.031063869638509,A
08158700,2007-08-11,0.92413872760192317,A
08158700,2007-08-12,0.82485109571080728,A
08158700,2007-08-13,0.76375101454704386,A
08158700,2007-08-14,0.6950134232378099,A
08158700,2007-08-15,0.64155085221951691,A
08158700,2007-08-16,0.96996378847474574,A
08158700,2007-08-17,2.08504026971343,A
08158700,2007-08-18,1.3747518261846789,A
08158700,2007-08-19,1.031063869638509,A
08158700,2007-08-20,0.83248860585627771,A
08158700,2007-08-21,0.71792595367422118,A
08158700,2007-08-22,0.66446338265592819,A
08158700,2007-08-23,0.63391334207404637,A
08158700,2007-08-24,0.56517575076481252,A
08158700,2007-08-25,0.51935068989198985,A
08158700,2007-08-26,0.52698820003746027,A
08158700,2007-08-27,0.47352562901916717,A
08158700,2007-08-28,0.41242554785540364,A
08158700,2007-08-29,0.39715052756446279,A
08158700,2007-08-30,0.91650121745645252,A
08158700,2007-08-31,0.55753824061934198,A
08158700,2007-09-01,0.50407566960104899,A
08158700,2007-09-02,0.48116313916463765,A
08158700,2007-09-03,0.68737591309233947,A
08158700,2007-09-04,0.5346257101829307,A
08158700,2007-09-05,0.95468876818380477,A
08158700,2007-09-06,0.82485109571080728,A
08158700,2007-09-07,0.64918836236498734,A
08158700,2007-09-08,0.5346257101829307,A
08158700,2007-09-09,0.55753824061934198,A
08158700,2007-09-10,0.49643815945557845,A
08158700,2007-09-11,0.57281326091028284,A
08158700,2007-09-12,0.55753824061934198,A
08158700,2007-09-13,0.46588811887369674,A
08158700,2007-09-14,0.44297558843728546,A
08158700,2007-09-15,0.41242554785540364,A
08158700,2007-09-16,0.38951301741899236,A
08158700,2007-09-17,0.36660048698258108,A
08158700,2007-09-18,0.35896297683711059,A
08158700,2007-09-19,0.32841293625522883,A
08158700,2007-09-20,0.33605044640069931,A
08158700,2007-09-21,0.31313791596428797,A
08158700,2007-09-22,0.29022538552787663,A
08158700,2007-09-23,0.25967534494599492,A
08158700,2007-09-24,0.24440032465505404,A
08158700,2007-09-25,0.22912530436411313,A
08158700,2007-09-26,0.21385028407317228,A
08158700,2007-09-27,0.20621277392770182,A
08158700,2007-09-28,0.16802522320034965,A
08158700,2007-09-29,0.18330024349129054,A
08158700,2007-09-30,0.18330024349129054,A
08158700,2007-10-01,0.16802522320034965,A
08158700,2007-10-02,0.16038771305487923,A
08158700,2007-10-03,0.14511269276393832,A
08158700,2007-10-04,0.13747518261846789,A
08158700,2007-10-05,0.12983767247299746,A
08158700,2007-10-06,0.12220016232752702,A
08158700,2007-10-07,0.11456265218205657,A
08158700,2007-10-08,0.11456265218205657,A
08158700,2007-10-09,0.12220016232752702,A
08158700,2007-10-10,0.11456265218205657,A
08158700,2007-10-11,0.11456265218205657,A
08158700,2007-10-12,0.11456265218205657,A
08158700,2007-10-13,0.099287631891115696,A
08158700,2007-10-14,0.099287631891115696,A
08158700,2007-10-15,0.091650121745645269,A
08158700,2007-10-16,0.076375101454704386,A
08158700,2007-10-17,0.084012611600174827,A
08158700,2007-10-18,0.069501342323780996,A
08158700,2007-10-19,0.055753824061934201,A
08158700,2007-10-20,0.053462571018293069,A
08158700,2007-10-21,0.052698820003746025,A
08158700,2007-10-22,0.084012611600174827,A
08158700,2007-10-23,0.067973840294686907,A
08158700,2007-10-24,0.069501342323780996,A
08158700,2007-10-25,0.064155085221951694,A
08158700,2007-10-26,0.058045077105575327,A
08158700,2007-10-27,0.053462571018293069,A
08158700,2007-10-28,0.051935068989198988,A
08158700,2007-10-29,0.046588811887369672,A
08158700,2007-10-30,0.046588811887369672,A
08158700,2007-10-31,0.04506130985827559,A
08158700,2007-11-01,0.042770056814634458,A
08158700,2007-11-02,0.043533807829181502,A
08158700,2007-11-03,0.044297558843728539,A
08158700,2007-11-04,0.042770056814634458,A
08158700,2007-11-05,0.04506130985827559,A
08158700,2007-11-06,0.044297558843728539,A
08158700,2007-11-07,0.044297558843728539,A
08158700,2007-11-08,0.04811631391646376,A
08158700,2007-11-09,0.04811631391646376,A
08158700,2007-11-10,0.044297558843728539,A
08158700,2007-11-11,0.04124255478554037,A
08158700,2007-11-12,0.040478803770993319,A
08158700,2007-11-13,0.04124255478554037,A
08158700,2007-11-14,0.039715052756446281,A
08158700,2007-11-15,0.030550040581881755,A
08158700,2007-11-16,0.035132546669164016,A
08158700,2007-11-17,0.044297558843728539,A
08158700,2007-11-18,0.045825060872822634,A
08158700,2007-11-19,0.046588811887369672,A
08158700,2007-11-20,0.04811631391646376,A
08158700,2007-11-21,0.04506130985827559,A
08158700,2007-11-22,0.036660048698258105,A
08158700,2007-11-23,0.038951301741899237,A
08158700,2007-11-24,0.056517575076481252,A
08158700,2007-11-25,0.061863832178310554,A
08158700,2007-11-26,0.054226322032840113,A
08158700,2007-11-27,0.051171317974651943,A
08158700,2007-11-28,0.056517575076481252,A
08158700,2007-11-29,0.060336330149216466,A
08158700,2007-11-30,0.062627583192857592,A
08158700,2007-12-01,0.073320097396516209,A
08158700,2007-12-02,0.055753824061934201,A
08158700,2007-12-03,0.040478803770993319,A
08158700,2007-12-04,0.048880064931010811,A
08158700,2007-12-05,0.053462571018293069,A
08158700,2007-12-06,0.047352562901916723,A
08158700,2007-12-07,0.051171317974651943,A
08158700,2007-12-08,0.051171317974651943,A
08158700,2007-12-09,0.045825060872822634,A
08158700,2007-12-10,0.042006305800087414,A
08158700,2007-12-11,0.046588811887369672,A
08158700,2007-12-12,0.043533807829181502,A
08158700,2007-12-13,0.042770056814634458,A
08158700,2007-12-14,0.044297558843728539,A
08158700,2007-12-15,0.045825060872822634,A
08158700,2007-12-16,0.04124255478554037,A
08158700,2007-12-17,0.042770056814634458,A
08158700,2007-12-18,0.048880064931010811,A
08158700,2007-12-19,0.054226322032840113,A
08158700,2007-12-20,0.054226322032840113,A
08158700,2007-12-21,0.053462571018293069,A
08158700,2007-12-22,0.057281326091028283,A
08158700,2007-12-23,0.046588811887369672,A
08158700,2007-12-24,0.047352562901916723,A
08158700,2007-12-25,0.048880064931010811,A
08158700,2007-12-26,0.046588811887369672,A
08158700,2007-12-27,0.042006305800087414,A
08158700,2007-12-28,0.042006305800087414,A
08158700,2007-12-29,0.038951301741899237,A
08158700,2007-12-30,0.04124255478554037,A
08158700,2007-12-31,0.038951301741899237,A
08158700,2008-01-01,0.035896297683711068,A
08158700,2008-01-02,0.034368795654616972,A
08158700,2008-01-03,0.035132546669164016,A
08158700,2008-01-04,0.038187550727352193,A
08158700,2008-01-05,0.039715052756446281,A
08158700,2008-01-06,0.040478803770993319,A
08158700,2008-01-07,0.04124255478554037,A
08158700,2008-01-08,0.039715052756446281,A
08158700,2008-01-09,0.038187550727352193,A
08158700,2008-01-10,0.039715052756446281,A
08158700,2008-01-11,0.039715052756446281,A
08158700,2008-01-12,0.039715052756446281,A
08158700,2008-01-13,0.037423799712805149,A
08158700,2008-01-14,0.036660048698258105,A
08158700,2008-01-15,0.037423799712805149,A
08158700,2008-01-16,0.039715052756446281,A
08158700,2008-01-17,0.037423799712805149,A
08158700,2008-01-18,0.037423799712805149,A
08158700,2008-01-19,0.035132546669164016,A
08158700,2008-01-20,0.031313791596428796,A
08158700,2008-01-21,0.033605044640069928,A
08158700,2008-01-22,0.035896297683711068,A
08158700,2008-01-23,0.032077542610975847,A
08158700,2008-01-24,0.031313791596428796,A
08158700,2008-01-25,0.032077542610975847,A
08158700,2008-01-26,0.033605044640069928,A
08158700,2008-01-27,0.032077542610975847,A
08158700,2008-01-28,0.033605044640069928,A
08158700,2008-01-29,0.032841293625522884,A
08158700,2008-01-30,0.026731285509146534,A
08158700,2008-01-31,0.029786289567334711,A
08158700,2008-02-01,0.025967534494599494,A
08158700,2008-02-02,0.025967534494599494,A
08158700,2008-02-03,0.027495036523693579,A
08158700,2008-02-04,0.030550040581881755,A
08158700,2008-02-05,0.028258787538240626,A
08158700,2008-02-06,0.022912530436411317,A
08158700,2008-02-07,0.023676281450958361,A
08158700,2008-02-08,0.023676281450958361,A
08158700,2008-02-09,0.025203783480052443,A
08158700,2008-02-10,0.025203783480052443,A
08158700,2008-02-11,0.027495036523693579,A
08158700,2008-02-12,0.028258787538240626,A
08158700,2008-02-13,0.024440032465505405,A
08158700,2008-02-14,0.025203783480052443,A
08158700,2008-02-15,0.029786289567334711,A
08158700,2008-02-16,0.032841293625522884,A
08158700,2008-02-17,0.029022538552787663,A
08158700,2008-02-18,0.023676281450958361,A
08158700,2008-02-19,0.022912530436411317,A
08158700,2008-02-20,0.025203783480052443,A
08158700,2008-02-21,0.025967534494599494,A
08158700,2008-02-22,0.023676281450958361,A
08158700,2008-02-23,0.02214877942186427,A
08158700,2008-02-24,0.024440032465505405,A
08158700,2008-02-25,0.02214877942186427,A
08158700,2008-02-26,0.022912530436411317,A
08158700,2008-02-27,0.017566273334582008,A
08158700,2008-02-28,0.019857526378223141,A
08158700,2008-02-29,0.021385028407317229,A
08158700,2008-03-01,0.02214877942186427,A
08158700,2008-03-02,0.022912530436411317,A
08158700,2008-03-03,0.025967534494599494,A
08158700,2008-03-04,0.020621277392770185,A
08158700,2008-03-05,0.019857526378223141,A
08158700,2008-03-06,0.02214877942186427,A
08158700,2008-03-07,0.019093775363676097,A
08158700,2008-03-08,0.019093775363676097,A
08158700,2008-03-09,0.021385028407317229,A
08158700,2008-03-10,0.042770056814634458,A
08158700,2008-03-11,0.028258787538240626,A
08158700,2008-03-12,0.021385028407317229,A
08158700,2008-03-13,0.02214877942186427,A:e
08158700,2008-03-14,0.02214877942186427,A
08158700,2008-03-15,0.019857526378223141,A
08158700,2008-03-16,0.019093775363676097,A
08158700,2008-03-17,0.02214877942186427,A
08158700,2008-03-18,0.032841293625522884,A
08158700,2008-03-19,0.029022538552787663,A
08158700,2008-03-20,0.020621277392770185,A
08158700,2008-03-21,0.022912530436411317,A
08158700,2008-03-22,0.02214877942186427,A
08158700,2008-03-23,0.021385028407317229,A
08158700,2008-03-24,0.019857526378223141,A
08158700,2008-03-25,0.021385028407317229,A
08158700,2008-03-26,0.022912530436411317,A
08158700,2008-03-27,0.024440032465505405,A
08158700,2008-03-28,0.024440032465505405,A
08158700,2008-03-29,0.022912530436411317,A
08158700,2008-03-30,0.024440032465505405,A
08158700,2008-03-31,0.022912530436411317,A
08158700,2008-04-01,0.02214877942186427,A
08158700,2008-04-02,0.019857526378223141,A
08158700,2008-04-03,0.021385028407317229,A
08158700,2008-04-04,0.019857526378223141,A
08158700,2008-04-05,0.018330024349129052,A
08158700,2008-04-06,0.018330024349129052,A
08158700,2008-04-07,0.019857526378223141,A
08158700,2008-04-08,0.021385028407317229,A
08158700,2008-04-09,0.021385028407317229,A
08158700,2008-04-10,0.024440032465505405,A
08158700,2008-04-11,0.018330024349129052,A
08158700,2008-04-12,0.016038771305487923,A
08158700,2008-04-13,0.017566273334582008,A
08158700,2008-04-14,0.018330024349129052,A
08158700,2008-04-15,0.019857526378223141,A
08158700,2008-04-16,0.019857526378223141,A
08158700,2008-04-17,0.021385028407317229,A
08158700,2008-04-18,0.031313791596428796,A
08158700,2008-04-19,0.019857526378223141,A
08158700,2008-04-20,0.019857526378223141,A
08158700,2008-04-21,0.021385028407317229,A
08158700,2008-04-22,0.021385028407317229,A
08158700,2008-04-23,0.020621277392770185,A
08158700,2008-04-24,0.019857526378223141,A
08158700,2008-04-25,0.020621277392770185,A
08158700,2008-04-26,0.038951301741899237,A
08158700,2008-04-27,0.029022538552787663,A
08158700,2008-04-28,0.026731285509146534,A
08158700,2008-04-29,0.025203783480052443,A
08158700,2008-04-30,0.024440032465505405,A
08158700,2008-05-01,0.025203783480052443,A
08158700,2008-05-02,0.023676281450958361,A
08158700,2008-05-03,0.02214877942186427,A
08158700,2008-05-04,0.02214877942186427,A
08158700,2008-05-05,0.029022538552787663,A
08158700,2008-05-06,0.028258787538240626,A
08158700,2008-05-07,0.025967534494599494,A
08158700,2008-05-08,0.023676281450958361,A
08158700,2008-05-09,0.02214877942186427,A
08158700,2008-05-10,0.019093775363676097,A
08158700,2008-05-11,0.012983767247299747,A
08158700,2008-05-12,0.014511269276393832,A
08158700,2008-05-13,0.017566273334582008,A
08158700,2008-05-14,0.024440032465505405,A
08158700,2008-05-15,0.019857526378223141,A
08158700,2008-05-16,0.017566273334582008,A
08158700,2008-05-17,0.015275020290940878,A
08158700,2008-05-18,0.016038771305487923,A
08158700,2008-05-19,0.015275020290940878,A
08158700,2008-05-20,0.011456265218205659,A
08158700,2008-05-21,0.0076375101454704388,A
08158700,2008-05-22,0.008401261160017482,A
08158700,2008-05-23,0.0076375101454704388,A
08158700,2008-05-24,0.0072556346381969158,A
08158700,2008-05-25,0.0064155085221951676,A
08158700,2008-05-26,0.0054226322032840113,A
08158700,2008-05-27,0.004506130985827559,A
08158700,2008-05-28,0.0036660048698258108,A
08158700,2008-05-29,0.0029022538552787667,A
08158700,2008-05-30,0.0025203783480052446,A
08158700,2008-05-31,0.0016038771305487919,A
08158700,2008-06-01,0.0014511269276393833,A
08158700,2008-06-02,0.00099287631891115699,A
08158700,2008-06-03,0.00099287631891115699,A
08158700,2008-06-04,0.00038187550727352196,A
08158700,2008-06-05,7.6375101454704392e-05,A
08158700,2008-06-06,0,A
08158700,2008-06-07,0,A
08158700,2008-06-08,0.00022912530436411318,A
08158700,2008-06-09,7.6375101454704392e-05,A
08158700,2008-06-10,0,A
08158700,2008-06-11,0,A
08158700,2008-06-12,0,A
08158700,2008-06-13,0,A
08158700,2008-06-14,0,A
08158700,2008-06-15,0,A
08158700,2008-06-16,0,A
08158700,2008-06-17,0,A
08158700,2008-06-18,0,A
08158700,2008-06-19,0,A
08158700,2008-06-20,0,A
08158700,2008-06-21,0,A
08158700,2008-06-22,0,A
08158700,2008-06-23,0,A
08158700,2008-06-24,0,A
08158700,2008-06-25,0,A
08158700,2008-06-26,0,A
08158700,2008-06-27,0,A
08158700,2008-06-28,0,A
08158700,2008-06-29,0,A
08158700,2008-06-30,0,A
08158700,2008-07-01,0,A
08158700,2008-07-02,0,A
08158700,2008-07-03,0,A
08158700,2008-07-04,0,A
08158700,2008-07-05,0,A
08158700,2008-07-06,0,A
08158700,2008-07-07,0,A
08158700,2008-07-08,0.00022912530436411318,A
08158700,2008-07-09,7.6375101454704392e-05,A
08158700,2008-07-10,0.00022912530436411318,A
08158700,2008-07-11,7.6375101454704392e-05,A
08158700,2008-07-12,0,A
08158700,2008-07-13,0,A
08158700,2008-07-14,0,A
08158700,2008-07-15,0,A
08158700,2008-07-16,0,A
08158700,2008-07-17,0,A
08158700,2008-07-18,0,A
08158700,2008-07-19,0,A
08158700,2008-07-20,0,A
08158700,2008-07-21,0,A
08158700,2008-07-22,0,A
08158700,2008-07-23,0,A
08158700,2008-07-24,0,A
08158700,2008-07-25,0,A
08158700,2008-07-26,0,A
08158700,2008-07-27,0,A
08158700,2008-07-28,0,A
08158700,2008-07-29,0,A
08158700,2008-07-30,0,A
08158700,2008-07-31,0,A
08158700,2008-08-01,0,A
08158700,2008-08-02,0,A
08158700,2008-08-03,0,A
08158700,2008-08-04,0,A
08158700,2008-08-05,0,A
08158700,2008-08-06,0,A
08158700,2008-08-07,0,A
08158700,2008-08-08,0,A
08158700,2008-08-09,0,A
08158700,2008-08-10,0,A
08158700,2008-08-11,0,A
08158700,2008-08-12,0,A
08158700,2008-08-13,0,A
08158700,2008-08-14,0,A
08158700,2008-08-15,0,A
08158700,2008-08-16,0,A
08158700,2008-08-17,0,A
08158700,2008-08-18,0,A
08158700,2008-08-19,0,A
08158700,2008-08-20,0,A
08158700,2008-08-21,0,A
08158700,2008-08-22,0,A
08158700,2008-08-23,0,A
08158700,2008-08-24,0,A
08158700,2008-08-25,0,A
08158700,2008-08-26,0,A
08158700,2008-08-27,0,A
08158700,2008-08-28,0,A
08158700,2008-08-29,0,A
08158700,2008-08-30,0,A
08158700,2008-08-31,0,A
08158700,2008-09-01,0,A
08158700,2008-09-02,0,A
08158700,2008-09-03,0,A
08158700,2008-09-04,0,A
08158700,2008-09-05,0,A
08158700,2008-09-06,0,A
08158700,2008-09-07,0,A
08158700,2008-09-08,0,A
08158700,2008-09-09,0,A
08158700,2008-09-10,0,A
08158700,2008-09-11,0,A
08158700,2008-09-12,0,A
08158700,2008-09-13,0,A
08158700,2008-09-14,0,A
08158700,2008-09-15,0,A
08158700,2008-09-16,0,A
08158700,2008-09-17,0,A
08158700,2008-09-18,0,A
08158700,2008-09-19,0,A
08158700,2008-09-20,0,A
08158700,2008-09-21,0,A
08158700,2008-09-22,0,A
08158700,2008-09-23,0,A
08158700,2008-09-24,0,A
08158700,2008-09-25,0,A
08158700,2008-09-26,0,A
08158700,2008-09-27,0,A
08158700,2008-09-28,0,A
08158700,2008-09-29,0,A
08158700,2008-09-30,0,A
11148900,2006-10-01,0,A
11148900,2006-10-02,0,A
11148900,2006-10-03,0,A
11148900,2006-10-04,0,A
11148900,2006-10-05,0,A
11148900,2006-10-06,0,A
11148900,2006-10-07,0,A
11148900,2006-10-08,0,A
11148900,2006-10-09,0,A
11148900,2006-10-10,0,A
11148900,2006-10-11,0,A
11148900,2006-10-12,0,A
11148900,2006-10-13,6.0641963068533902e-05,A
11148900,2006-10-14,0.00048513570454827121,A
11148900,2006-10-15,0.00078834551989094071,A
11148900,2006-10-16,0.00097027140909654243,A
11148900,2006-10-17,0.0010309133721650764,A
11148900,2006-10-18,0.0010309133721650764,A
11148900,2006-10-19,0.0010309133721650764,A
11148900,2006-10-20,0.0010309133721650764,A
11148900,2006-10-21,0.00097027140909654243,A
11148900,2006-10-22,0.00090962944602800838,A
11148900,2006-10-23,0.00090962944602800838,A
11148900,2006-10-24,0.00090962944602800838,A
11148900,2006-10-25,0.00084898748295947465,A
11148900,2006-10-26,0.00084898748295947465,A
11148900,2006-10-27,0.00090962944602800838,A
11148900,2006-10-28,0.00097027140909654243,A
11148900,2006-10-29,0.0010309133721650764,A
11148900,2006-10-30,0.0011521972983021443,A
11148900,2006-10-31,0.001212839261370678,A
11148900,2006-11-01,0.0013947651505762798,A
11148900,2006-11-02,0.0015160490767133475,A
11148900,2006-11-03,0.0015160490767133475,A
11148900,2006-11-04,0.0015160490767133475,A
11148900,2006-11-05,0.0015160490767133475,A
11148900,2006-11-06,0.0015160490767133475,A
11148900,2006-11-07,0.0015160490767133475,A
11148900,2006-11-08,0.0015160490767133475,A
11148900,2006-11-09,0.0015160490767133475,A
11148900,2006-11-10,0.0015160490767133475,A
11148900,2006-11-11,0.0019405428181930849,A
11148900,2006-11-12,0.0021224687073986863,A
11148900,2006-11-13,0.0021224687073986863,A
11148900,2006-11-14,0.0021224687073986863,A
11148900,2006-11-15,0.0021224687073986863,A
11148900,2006-11-16,0.0021224687073986863,A
11148900,2006-11-17,0.0021224687073986863,A
11148900,2006-11-18,0.0021224687073986863,A
11148900,2006-11-19,0.0021224687073986863,A
11148900,2006-11-20,0.0021224687073986863,A
11148900,2006-11-21,0.0021831106704672202,A
11148900,2006-11-22,0.0023043945966042885,A
11148900,2006-11-23,0.0023043945966042885,A
11148900,2006-11-24,0.0022437526335357541,A
11148900,2006-11-25,0.002425678522741356,A
11148900,2006-11-26,0.0025469624488784234,A
11148900,2006-11-27,0.0031533820795637628,A
11148900,2006-11-28,0.0028501722642210931,A
11148900,2006-11-29,0.0027895303011525596,A
11148900,2006-11-30,0.0028501722642210931,A
11148900,2006-12-01,0.0029108142272896271,A
11148900,2006-12-02,0.0029108142272896271,A
11148900,2006-12-03,0.0029108142272896271,A
11148900,2006-12-04,0.0029108142272896271,A
11148900,2006-12-05,0.0029108142272896271,A
11148900,2006-12-06,0.0035778758210435,A
11148900,2006-12-07,0.0036991597471805679,A
11148900,2006-12-08,0.0044875052670715083,A
11148900,2006-12-09,0.014554071136448134,A
11148900,2006-12-10,0.46694311562771101,A
11148900,2006-12-11,0.8004739125046475,A
11148900,2006-12-12,0.2850172264221093,A
11148900,2006-12-13,0.18799008551245508,A
11148900,2006-12-14,0.14554071136448135,A
11148900,2006-12-15,0.12734812244392119,A
11148900,2006-12-16,0.10915553352336102,A
11148900,2006-12-17,0.10309133721650764,A
11148900,2006-12-18,0.090962944602800841,A
11148900,2006-12-19,0.084898748295947457,A
11148900,2006-12-20,0.084898748295947457,A
11148900,2006-12-21,0.078834551989094073,A
11148900,2006-12-22,0.078834551989094073,A
11148900,2006-12-23,0.090962944602800841,A
11148900,2006-12-24,0.097027140909654239,A
11148900,2006-12-25,0.090962944602800841,A
11148900,2006-12-26,0.084898748295947457,A
11148900,2006-12-27,0.20011847812616188,A
11148900,2006-12-28,0.37598017102491016,A
11148900,2006-12-29,0.25469624488784237,A
11148900,2006-12-30,0.19405428181930848,A
11148900,2006-12-31,0.16373330028504152,A
11148900,2007-01-01,0.14554071136448135,A
11148900,2007-01-02,0.13341231875077458,A
11148900,2007-01-03,0.1212839261370678,A
11148900,2007-01-04,0.1152197298302144,A
11148900,2007-01-05,0.10309133721650764,A
11148900,2007-01-06,0.10309133721650764,A
11148900,2007-01-07,0.097027140909654239,A
11148900,2007-01-08,0.090962944602800841,A
11148900,2007-01-09,0.090962944602800841,A
11148900,2007-01-10,0.090962944602800841,A
11148900,2007-01-11,0.084898748295947457,A
11148900,2007-01-12,0.084898748295947457,A
11148900,2007-01-13,0.078834551989094073,A
11148900,2007-01-14,0.072770355682240676,A
11148900,2007-01-15,0.072770355682240676,A
11148900,2007-01-16,0.072770355682240676,A
11148900,2007-01-17,0.072770355682240676,A
11148900,2007-01-18,0.072770355682240676,A
11148900,2007-01-19,0.072770355682240676,A
11148900,2007-01-20,0.072770355682240676,A
11148900,2007-01-21,0.072770355682240676,A
11148900,2007-01-22,0.066706159375387292,A
11148900,2007-01-23,0.066706159375387292,A
11148900,2007-01-24,0.066706159375387292,A
11148900,2007-01-25,0.066706159375387292,A
11148900,2007-01-26,0.066706159375387292,A
11148900,2007-01-27,0.078834551989094073,A
11148900,2007-01-28,0.14554071136448135,A
11148900,2007-01-29,0.21831106704672204,A
11148900,2007-01-30,0.20618267443301527,A
11148900,2007-01-31,0.17586169289874831,A
11148900,2007-02-01,0.15160490767133475,A
11148900,2007-02-02,0.13341231875077458,A
11148900,2007-02-03,0.1212839261370678,A
11148900,2007-02-04,0.1152197298302144,A
11148900,2007-02-05,0.10915553352336102,A
11148900,2007-02-06,0.10309133721650764,A
11148900,2007-02-07,0.097027140909654239,A
11148900,2007-02-08,0.097027140909654239,A
11148900,2007-02-09,0.10915553352336102,A
11148900,2007-02-10,0.2425678522741356,A
11148900,2007-02-11,4.9423199900855126,A
11148900,2007-02-12,1.4311503284174001,A
11148900,2007-02-13,0.66706159375387297,A
11148900,2007-02-14,0.44875052670715088,A
11148900,2007-02-15,0.34565918949064323,A
11148900,2007-02-16,0.2971456190358161,A
11148900,2007-02-17,0.25469624488784237,A
11148900,2007-02-18,0.23043945966042881,A
11148900,2007-02-19,0.20618267443301527,A
11148900,2007-02-20,0.18799008551245508,A
11148900,2007-02-21,0.17586169289874831,A
11148900,2007-02-22,0.3941727599454703,A
11148900,2007-02-23,0.73983194943611363,A
11148900,2007-02-24,0.49119990085512455,A
11148900,2007-02-25,0.55184186392365853,A
11148900,2007-02-26,0.64886900483331267,A
11148900,2007-02-27,2.1649180815466602,A
11148900,2007-02-28,2.1042761184781265,A
11148900,2007-03-01,1.4614713099516672,A
11148900,2007-03-02,0.96420721278968902,A
11148900,2007-03-03,0.70344677159499325,A
11148900,2007-03-04,0.54577766761680513,A
11148900,2007-03-05,0.45481472301400422,A
11148900,2007-03-06,0.3941727599454703,A
11148900,2007-03-07,0.34565918949064323,A
11148900,2007-03-08,0.31533820795637629,A
11148900,2007-03-09,0.2850172264221093,A
11148900,2007-03-10,0.26682463750154917,A
11148900,2007-03-11,0.2425678522741356,A
11148900,2007-03-12,0.22437526335357544,A
11148900,2007-03-13,0.21224687073986864,A
11148900,2007-03-14,0.20011847812616188,A
11148900,2007-03-15,0.18799008551245508,A
11148900,2007-03-16,0.17586169289874831,A
11148900,2007-03-17,0.16979749659189491,A
11148900,2007-03-18,0.16373330028504152,A
11148900,2007-03-19,0.15160490767133475,A
11148900,2007-03-20,0.15160490767133475,A
11148900,2007-03-21,0.14554071136448135,A
11148900,2007-03-22,0.14554071136448135,A
11148900,2007-03-23,0.13947651505762795,A
11148900,2007-03-24,0.12734812244392119,A
11148900,2007-03-25,0.1212839261370678,A
11148900,2007-03-26,0.1152197298302144,A
11148900,2007-03-27,0.1152197298302144,A
11148900,2007-03-28,0.1152197298302144,A
11148900,2007-03-29,0.10915553352336102,A
11148900,2007-03-30,0.10309133721650764,A
11148900,2007-03-31,0.097027140909654239,A
11148900,2007-04-01,0.090962944602800841,A
11148900,2007-04-02,0.084898748295947457,A
11148900,2007-04-03,0.084898748295947457,A
11148900,2007-04-04,0.078834551989094073,A
11148900,2007-04-05,0.078834551989094073,A
11148900,2007-04-06,0.072770355682240676,A
11148900,2007-04-07,0.072770355682240676,A
11148900,2007-04-08,0.066706159375387292,A
11148900,2007-04-09,0.060641963068533901,A
11148900,2007-04-10,0.06003554343784856,A
11148900,2007-04-11,0.057609864915107202,A
11148900,2007-04-12,0.055184186392365844,A
11148900,2007-04-13,0.055790606023051185,A
11148900,2007-04-14,0.056397025653736534,A
11148900,2007-04-15,0.057003445284421868,A
11148900,2007-04-16,0.060641963068533901,A
11148900,2007-04-17,0.059429123807163226,A
11148900,2007-04-18,0.05457776676168051,A
11148900,2007-04-19,0.052758507869624487,A
11148900,2007-04-20,0.066706159375387292,A
11148900,2007-04-21,0.084898748295947457,A
11148900,2007-04-22,0.090962944602800841,A
11148900,2007-04-23,0.10915553352336102,A
11148900,2007-04-24,0.10309133721650764,A
11148900,2007-04-25,0.078834551989094073,A
11148900,2007-04-26,0.066706159375387292,A
11148900,2007-04-27,0.060641963068533901,A
11148900,2007-04-28,0.056397025653736534,A
11148900,2007-04-29,0.050332829346883143,A
11148900,2007-04-30,0.047300731193456444,A
11148900,2007-05-01,0.044268633040029745,A
11148900,2007-05-02,0.041236534886603053,A
11148900,2007-05-03,0.038810856363861695,A
11148900,2007-05-04,0.036991597471805679,A
11148900,2007-05-05,0.036385177841120338,A
11148900,2007-05-06,0.036385177841120338,A
11148900,2007-05-07,0.034565918949064328,A
11148900,2007-05-08,0.031533820795637629,A
11148900,2007-05-09,0.028501722642210934,A
11148900,2007-05-10,0.025469624488784242,A
11148900,2007-05-11,0.023043945966042881,A
11148900,2007-05-12,0.020618267443301527,A
11148900,2007-05-13,0.019405428181930848,A
11148900,2007-05-14,0.019405428181930848,A
11148900,2007-05-15,0.01879900855124551,A
11148900,2007-05-16,0.01879900855124551,A
11148900,2007-05-17,0.016373330028504152,A
11148900,2007-05-18,0.014554071136448134,A
11148900,2007-05-19,0.013947651505762796,A
11148900,2007-05-20,0.012734812244392121,A
11148900,2007-05-21,0.01152197298302144,A
11148900,2007-05-22,0.010915553352336101,A
11148900,2007-05-23,0.0097027140909654239,A
11148900,2007-05-24,0.008489874829594745,A
11148900,2007-05-25,0.0078834551989094073,A
11148900,2007-05-26,0.0066706159375387293,A
11148900,2007-05-27,0.0058822704176477881,A
11148900,2007-05-28,0.0054577766761680505,A
11148900,2007-05-29,0.0045481472301400422,A
11148900,2007-05-30,0.0038810856363861697,A
11148900,2007-05-31,0.0032746660057008312,A
11148900,2007-06-01,0.0029108142272896271,A
11148900,2007-06-02,0.0027288883380840252,A
11148900,2007-06-03,0.002365036559672822,A
11148900,2007-06-04,0.0020618267443301527,A
11148900,2007-06-05,0.001758616928987483,A
11148900,2007-06-06,0.0015160490767133475,A
11148900,2007-06-07,0.0012734812244392117,A
11148900,2007-06-08,0.0011521972983021443,A
11148900,2007-06-09,0.0010915553352336101,A
11148900,2007-06-10,0.00097027140909654243,A
11148900,2007-06-11,0.00084898748295947465,A
11148900,2007-06-12,0.00072770355682240677,A
11148900,2007-06-13,0.00048513570454827121,A
11148900,2007-06-14,0.00018192588920560169,A
11148900,2007-06-15,0,A
11148900,2007-06-16,0,A
11148900,2007-06-17,0,A
11148900,2007-06-18,0,A
11148900,2007-06-19,0,A
11148900,2007-06-20,0,A
11148900,2007-06-21,0,A
11148900,2007-06-22,0,A
11148900,2007-06-23,0,A
11148900,2007-06-24,0,A
11148900,2007-06-25,0,A
11148900,2007-06-26,0,A
11148900,2007-06-27,0,A
11148900,2007-06-28,0,A
11148900,2007-06-29,0,A
11148900,2007-06-30,0,A
11148900,2007-07-01,0,A
11148900,2007-07-02,0,A
11148900,2007-07-03,0,A
11148900,2007-07-04,0,A
11148900,2007-07-05,0,A
11148900,2007-07-06,0,A
11148900,2007-07-07,0,A
11148900,2007-07-08,0,A
11148900,2007-07-09,0,A
11148900,2007-07-10,0,A
11148900,2007-07-11,0,A
11148900,2007-07-12,0,A
11148900,2007-07-13,0,A
11148900,2007-07-14,0,A
11148900,2007-07-15,0,A
11148900,2007-07-16,0,A
11148900,2007-07-17,0,A
11148900,2007-07-18,0,A
11148900,2007-07-19,0,A
11148900,2007-07-20,0,A
11148900,2007-07-21,0,A
11148900,2007-07-22,0,A
11148900,2007-07-23,0,A
11148900,2007-07-24,0,A
11148900,2007-07-25,0,A
11148900,2007-07-26,0,A
11148900,2007-07-27,0,A
11148900,2007-07-28,0,A
11148900,2007-07-29,0,A
11148900,2007-07-30,0,A
11148900,2007-07-31,0,A
11148900,2007-08-01,0,A
11148900,2007-08-02,0,A
11148900,2007-08-03,0,A
11148900,2007-08-04,0,A
11148900,2007-08-05,0,A
11148900,2007-08-06,0,A
11148900,2007-08-07,0,A
11148900,2007-08-08,0,A
11148900,2007-08-09,0,A
11148900,2007-08-10,0,A
11148900,2007-08-11,0,A
11148900,2007-08-12,0,A
11148900,2007-08-13,0,A
11148900,2007-08-14,0,A
11148900,2007-08-15,0,A
11148900,2007-08-16,0,A
11148900,2007-08-17,0,A
11148900,2007-08-18,0,A
11148900,2007-08-19,0,A
11148900,2007-08-20,0,A
11148900,2007-08-21,0,A
11148900,2007-08-22,0,A
11148900,2007-08-23,0,A
11148900,2007-08-24,0,A
11148900,2007-08-25,0,A
11148900,2007-08-26,0,A
11148900,2007-08-27,0,A
11148900,2007-08-28,0,A
11148900,2007-08-29,0,A
11148900,2007-08-30,0,A
11148900,2007-08-31,0,A
11148900,2007-09-01,0,A
11148900,2007-09-02,0,A
11148900,2007-09-03,0,A
11148900,2007-09-04,0,A
11148900,2007-09-05,0,A
11148900,2007-09-06,0,A
11148900,2007-09-07,0,A
11148900,2007-09-08,0,A
11148900,2007-09-09,0,A
11148900,2007-09-10,0,A
11148900,2007-09-11,0,A
11148900,2007-09-12,0,A
11148900,2007-09-13,0,A
11148900,2007-09-14,0,A
11148900,2007-09-15,0,A
11148900,2007-09-16,0,A
11148900,2007-09-17,0,A
11148900,2007-09-18,0,A
11148900,2007-09-19,0,A
11148900,2007-09-20,0,A
11148900,2007-09-21,0,A
11148900,2007-09-22,0,A
11148900,2007-09-23,0,A
11148900,2007-09-24,0,A
11148900,2007-09-25,0,A
11148900,2007-09-26,0,A
11148900,2007-09-27,0,A
11148900,2007-09-28,0,A
11148900,2007-09-29,0,A
11148900,2007-09-30,0,A
11148900,2007-10-01,0,A
11148900,2007-10-02,0,A
11148900,2007-10-03,0,A
11148900,2007-10-04,0,A
11148900,2007-10-05,0,A
11148900,2007-10-06,0,A
11148900,2007-10-07,0,A
11148900,2007-10-08,0,A
11148900,2007-10-09,0,A
11148900,2007-10-10,0,A
11148900,2007-10-11,0,A
11148900,2007-10-12,0,A
11148900,2007-10-13,0,A
11148900,2007-10-14,0,A
11148900,2007-10-15,0,A
11148900,2007-10-16,0,A
11148900,2007-10-17,0,A
11148900,2007-10-18,0,A
11148900,2007-10-19,0,A
11148900,2007-10-20,0,A
11148900,2007-10-21,0,A
11148900,2007-10-22,0,A
11148900,2007-10-23,0,A
11148900,2007-10-24,0,A
11148900,2007-10-25,0,A
11148900,2007-10-26,0,A
11148900,2007-10-27,0,A
11148900,2007-10-28,0,A
11148900,2007-10-29,0,A
11148900,2007-10-30,0,A
11148900,2007-10-31,0,A
11148900,2007-11-01,0,A
11148900,2007-11-02,0,A
11148900,2007-11-03,0,A
11148900,2007-11-04,0,A
11148900,2007-11-05,0,A
11148900,2007-11-06,0,A
11148900,2007-11-07,0,A
11148900,2007-11-08,0,A
11148900,2007-11-09,0,A
11148900,2007-11-10,0,A
11148900,2007-11-11,0,A
11148900,2007-11-12,0,A
11148900,2007-11-13,0,A
11148900,2007-11-14,0,A
11148900,2007-11-15,0,A
11148900,2007-11-16,0,A
11148900,2007-11-17,0,A
11148900,2007-11-18,0,A
11148900,2007-11-19,0,A
11148900,2007-11-20,0,A
11148900,2007-11-21,0,A
11148900,2007-11-22,0,A
11148900,2007-11-23,0,A
11148900,2007-11-24,0,A
11148900,2007-11-25,0,A
11148900,2007-11-26,0,A
11148900,2007-11-27,0,A
11148900,2007-11-28,0,A
11148900,2007-11-29,0,A
11148900,2007-11-30,0,A
11148900,2007-12-01,0,A
11148900,2007-12-02,0,A
11148900,2007-12-03,0,A
11148900,2007-12-04,0,A
11148900,2007-12-05,0,A
11148900,2007-12-06,0,A
11148900,2007-12-07,0,A
11148900,2007-12-08,0,A
11148900,2007-12-09,0,A
11148900,2007-12-10,0,A
11148900,2007-12-11,0,A
11148900,2007-12-12,0,A
11148900,2007-12-13,0,A
11148900,2007-12-14,0,A
11148900,2007-12-15,0,A
11148900,2007-12-16,0,A
11148900,2007-12-17,0,A
11148900,2007-12-18,0.0011521972983021443,A
11148900,2007-12-19,0.15160490767133475,A
11148900,2007-12-20,0.14554071136448135,A
11148900,2007-12-21,0.090962944602800841,A
11148900,2007-12-22,0.072770355682240676,A
11148900,2007-12-23,0.055790606023051185,A
11148900,2007-12-24,0.046087891932085762,A
11148900,2007-12-25,0.038204436733176354,A
11148900,2007-12-26,0.034565918949064328,A
11148900,2007-12-27,0.031533820795637629,A
11148900,2007-12-28,0.03032098153426695,A
11148900,2007-12-29,0.029108142272896268,A
11148900,2007-12-30,0.027895303011525593,A
11148900,2007-12-31,0.026682463750154917,A
11148900,2008-01-01,0.026682463750154917,A
11148900,2008-01-02,0.025469624488784242,A
11148900,2008-01-03,0.024863204858098897,A
11148900,2008-01-04,35.778758210435001,A
11148900,2008-01-05,13.82636757962573,A
11148900,2008-01-06,5.6942803321353335,A
11148900,2008-01-07,2.4317427190482093,A
11148900,2008-01-08,1.4250861321105466,A
11148900,2008-01-09,1.2310318502912381,A
11148900,2008-01-10,1.0005923906308094,A
11148900,2008-01-11,0.85505167926632797,A
11148900,2008-01-12,0.73983194943611363,A
11148900,2008-01-13,0.64886900483331267,A
11148900,2008-01-14,0.5821628454579254,A
11148900,2008-01-15,0.53364927500309833,A
11148900,2008-01-16,0.497264097161978,A
11148900,2008-01-17,0.45481472301400422,A
11148900,2008-01-18,0.42449374147973729,A
11148900,2008-01-19,0.40630115255917709,A
11148900,2008-01-20,0.38810856363861695,A
11148900,2008-01-21,0.37598017102491016,A
11148900,2008-01-22,1.8799008551245509,A
11148900,2008-01-23,3.2564734167802705,A
11148900,2008-01-24,6.3674061221960603,A
11148900,2008-01-25,17.646811252943365,A
11148900,2008-01-26,17.161675548395095,A
11148900,2008-01-27,22.740736150700211,A
11148900,2008-01-28,16.130762176230018,A
11148900,2008-01-29,6.4886900483331269,A
11148900,2008-01-30,3.8992782253067295,A
11148900,2008-01-31,2.7410167306977322,A
11148900,2008-02-01,2.2498168298426076,A
11148900,2008-02-02,1.837451480976577,A
11148900,2008-02-03,9.0962944602800846,A
11148900,2008-02-04,5.3850063204858101,A
11148900,2008-02-05,3.4141425207584581,A
11148900,2008-02-06,2.5772834304126908,A
11148900,2008-02-07,2.0739551369438591,A
11148900,2008-02-08,1.740424340066923,A
11148900,2008-02-09,1.4614713099516672,A
11148900,2008-02-10,1.2674170281323585,A
11148900,2008-02-11,1.0976195315404635,A
11148900,2008-02-12,0.97027140909654241,A
11148900,2008-02-13,0.87324426818688816,A
11148900,2008-02-14,0.78228132358408731,A
11148900,2008-02-15,0.69131837898128645,A
11148900,2008-02-16,0.63674061221960598,A
11148900,2008-02-17,0.5942912380716322,A
11148900,2008-02-18,0.55790606023051181,A
11148900,2008-02-19,0.53364927500309833,A
11148900,2008-02-20,0.56397025653736532,A
11148900,2008-02-21,0.55790606023051181,A
11148900,2008-02-22,1.0187849795513695,A
11148900,2008-02-23,2.8501722642210932,A
11148900,2008-02-24,32.989227909282441,A
11148900,2008-02-25,11.94646672450118,A
11148900,2008-02-26,5.5123544429297313,A
11148900,2008-02-27,3.7173523361011283,A
11148900,2008-02-28,2.8623006568348002,A
11148900,2008-02-29,2.2983304002974347,A
11148900,2008-03-01,1.9223502292725247,A
11148900,2008-03-02,1.6433971991572687,A
11148900,2008-03-03,1.4311503284174001,A
11148900,2008-03-04,1.2674170281323585,A
11148900,2008-03-05,1.1400689056884372,A
11148900,2008-03-06,1.0187849795513695,A
11148900,2008-03-07,0.92782203494856874,A
11148900,2008-03-08,0.86111587557318148,A
11148900,2008-03-09,0.8004739125046475,A
11148900,2008-03-10,0.73376775312926024,A
11148900,2008-03-11,0.67312579006072626,A
11148900,2008-03-12,0.63067641591275259,A
11148900,2008-03-13,0.5942912380716322,A
11148900,2008-03-14,0.55790606023051181,A
11148900,2008-03-15,0.53971347130995173,A
11148900,2008-03-16,0.53971347130995173,A
11148900,2008-03-17,0.48513570454827121,A
11148900,2008-03-18,0.44875052670715088,A
11148900,2008-03-19,0.43055793778659074,A
11148900,2008-03-20,0.40630115255917709,A
11148900,2008-03-21,0.38204436733176361,A
11148900,2008-03-22,0.36385177841120336,A
11148900,2008-03-23,0.35172338579749662,A
11148900,2008-03-24,0.33353079687693649,A
11148900,2008-03-25,0.32140240426322969,A
11148900,2008-03-26,0.3092740116495229,A
11148900,2008-03-27,0.2910814227289627,A
11148900,2008-03-28,0.2850172264221093,A
11148900,2008-03-29,0.27895303011525591,A
11148900,2008-03-30,0.26682463750154917,A
11148900,2008-03-31,0.26076044119469577,A
11148900,2008-04-01,0.25469624488784237,A
11148900,2008-04-02,0.26076044119469577,A
11148900,2008-04-03,0.34565918949064323,A
11148900,2008-04-04,0.2910814227289627,A
11148900,2008-04-05,0.25469624488784237,A
11148900,2008-04-06,0.23650365596728221,A
11148900,2008-04-07,0.21831106704672204,A
11148900,2008-04-08,0.21224687073986864,A
11148900,2008-04-09,0.20618267443301527,A
11148900,2008-04-10,0.20011847812616188,A
11148900,2008-04-11,0.18799008551245508,A
11148900,2008-04-12,0.18192588920560168,A
11148900,2008-04-13,0.16979749659189491,A
11148900,2008-04-14,0.15766910397818815,A
11148900,2008-04-15,0.15160490767133475,A
11148900,2008-04-16,0.14554071136448135,A
11148900,2008-04-17,0.14554071136448135,A
11148900,2008-04-18,0.13947651505762795,A
11148900,2008-04-19,0.13341231875077458,A
11148900,2008-04-20,0.13341231875077458,A
11148900,2008-04-21,0.13341231875077458,A
11148900,2008-04-22,0.13341231875077458,A
11148900,2008-04-23,0.13341231875077458,A
11148900,2008-04-24,0.12734812244392119,A
11148900,2008-04-25,0.12734812244392119,A
11148900,2008-04-26,0.1212839261370678,A
11148900,2008-04-27,0.1152197298302144,A
11148900,2008-04-28,0.10915553352336102,A
11148900,2008-04-29,0.097027140909654239,A
11148900,2008-04-30,0.090962944602800841,A
11148900,2008-05-01,0.090962944602800841,A
11148900,2008-05-02,0.090962944602800841,A
11148900,2008-05-03,0.090962944602800841,A
11148900,2008-05-04,0.084898748295947457,A
11148900,2008-05-05,0.084898748295947457,A
11148900,2008-05-06,0.084898748295947457,A
11148900,2008-05-07,0.078834551989094073,A
11148900,2008-05-08,0.078834551989094073,A
11148900,2008-05-09,0.078834551989094073,A
11148900,2008-05-10,0.072770355682240676,A
11148900,2008-05-11,0.072770355682240676,A
11148900,2008-05-12,0.066706159375387292,A
11148900,2008-05-13,0.066706159375387292,A
11148900,2008-05-14,0.060641963068533901,A
11148900,2008-05-15,0.058216284545792536,A
11148900,2008-05-16,0.05457776676168051,A
11148900,2008-05-17,0.050332829346883143,A
11148900,2008-05-18,0.046694311562771103,A
11148900,2008-05-19,0.04305579377865907,A
11148900,2008-05-20,0.040023695625232371,A
11148900,2008-05-21,0.036991597471805679,A
11148900,2008-05-22,0.035172338579749662,A
11148900,2008-05-23,0.03395949931837898,A
11148900,2008-05-24,0.033353079687693646,A
11148900,2008-05-25,0.034565918949064328,A
11148900,2008-05-26,0.036385177841120338,A
11148900,2008-05-27,0.036385177841120338,A
11148900,2008-05-28,0.036991597471805679,A
11148900,2008-05-29,0.034565918949064328,A
11148900,2008-05-30,0.033353079687693646,A
11148900,2008-05-31,0.031533820795637629,A
11148900,2008-06-01,0.03032098153426695,A
11148900,2008-06-02,0.027288883380840255,A
11148900,2008-06-03,0.025469624488784242,A
11148900,2008-06-04,0.022437526335357547,A
11148900,2008-06-05,0.020618267443301527,A
11148900,2008-06-06,0.018192588920560169,A
11148900,2008-06-07,0.016373330028504152,A
11148900,2008-06-08,0.013947651505762796,A
11148900,2008-06-09,0.01212839261370678,A
11148900,2008-06-10,0.010309133721650763,A
11148900,2008-06-11,0.0078834551989094073,A
11148900,2008-06-12,0.0066706159375387293,A
11148900,2008-06-13,0.0056397025653736523,A
11148900,2008-06-14,0.0043662213409344404,A
11148900,2008-06-15,0.0033353079687693647,A
11148900,2008-06-16,0.0025469624488784234,A
11148900,2008-06-17,0.0018799008551245509,A
11148900,2008-06-18,0.0015766910397818814,A
11148900,2008-06-19,0.0011521972983021443,A
11148900,2008-06-20,0.0010309133721650764,A
11148900,2008-06-21,0.00084898748295947465,A
11148900,2008-06-22,0.00066706159375387293,A
11148900,2008-06-23,0.00054577766761680505,A
11148900,2008-06-24,0.00054577766761680505,A
11148900,2008-06-25,0.00048513570454827121,A
11148900,2008-06-26,0.00042449374147973733,A
11148900,2008-06-27,0.00036385177841120338,A
11148900,2008-06-28,0.00018192588920560169,A
11148900,2008-06-29,0,A
11148900,2008-06-30,0,A
11148900,2008-07-01,0,A
11148900,2008-07-02,0,A
11148900,2008-07-03,0,A
11148900,2008-07-04,0,A
11148900,2008-07-05,0,A
11148900,2008-07-06,0,A
11148900,2008-07-07,0,A
11148900,2008-07-08,0,A
11148900,2008-07-09,0,A
11148900,2008-07-10,0,A
11148900,2008-07-11,0,A
11148900,2008-07-12,0,A
11148900,2008-07-13,0,A
11148900,2008-07-14,0,A
11148900,2008-07-15,0,A
11148900,2008-07-16,0,A
11148900,2008-07-17,0,A
11148900,2008-07-18,0,A
11148900,2008-07-19,0,A
11148900,2008-07-20,0,A
11148900,2008-07-21,0,A
11148900,2008-07-22,0,A
11148900,2008-07-23,0,A
11148900,2008-07-24,0,A
11148900,2008-07-25,0,A
11148900,2008-07-26,0,A
11148900,2008-07-27,0,A
11148900,2008-07-28,0,A
11148900,2008-07-29,0,A
11148900,2008-07-30,0,A
11148900,2008-07-31,0,A
11148900,2008-08-01,0,A
11148900,2008-08-02,0,A
11148900,2008-08-03,0,A
11148900,2008-08-04,0,A
11148900,2008-08-05,0,A
11148900,2008-08-06,0,A
11148900,2008-08-07,0,A
11148900,2008-08-08,0,A
11148900,2008-08-09,0,A
11148900,2008-08-10,0,A
11148900,2008-08-11,0,A
11148900,2008-08-12,0,A
11148900,2008-08-13,0,A
11148900,2008-08-14,0,A
11148900,2008-08-15,0,A
11148900,2008-08-16,0,A
11148900,2008-08-17,0,A
11148900,2008-08-18,0,A
11148900,2008-08-19,0,A
11148900,2008-08-20,0,A
11148900,2008-08-21,0,A
11148900,2008-08-22,0,A
11148900,2008-08-23,0,A
11148900,2008-08-24,0,A
11148900,2008-08-25,0,A
11148900,2008-08-26,0,A
11148900,2008-08-27,0,A
11148900,2008-08-28,0,A
11148900,2008-08-29,0,A
11148900,2008-08-30,0,A
11148900,2008-08-31,0,A
11148900,2008-09-01,0,A
11148900,2008-09-02,0,A
11148900,2008-09-03,0,A
11148900,2008-09-04,0,A
11148900,2008-09-05,0,A
11148900,2008-09-06,0,A
11148900,2008-09-07,0,A
11148900,2008-09-08,0,A
11148900,2008-09-09,0,A
11148900,2008-09-10,0,A
11148900,2008-09-11,0,A
11148900,2008-09-12,0,A
11148900,2008-09-13,0,A
11148900,2008-09-14,0,A
11148900,2008-09-15,0,A
11148900,2008-09-16,0,A
11148900,2008-09-17,0,A
11148900,2008-09-18,0,A
11148900,2008-09-19,0,A
11148900,2008-09-20,0,A
11148900,2008-09-21,0,A
11148900,2008-09-22,0,A
11148900,2008-09-23,0,A
11148900,2008-09-24,0,A
11148900,2008-09-25,0,A
11148900,2008-09-26,0,A
11148900,2008-09-27,0,A
11148900,2008-09-28,0,A
11148900,2008-09-29,0,A
11148900,2008-09-30,0,A
06404000,2006-10-01,0.0059622077323322129,A
06404000,2006-10-02,0.0056399262332872289,A
06404000,2006-10-03,0.0061233484818547061,A
06404000,2006-10-04,0.0035450964894948298,A
06404000,2006-10-05,0.0038673779885398142,A
06404000,2006-10-06,0.0040285187380623066,A
06404000,2006-10-07,0.0040285187380623066,A
06404000,2006-10-08,0.003383955739972337,A
06404000,2006-10-09,0.0037062372390173222,A
06404000,2006-10-10,0.0043508002371072914,A
06404000,2006-10-11,0.0085404597246920896,A
06404000,2006-10-12,0.00789589672660212,A
06404000,2006-10-13,0.0041896594875847981,A
06404000,2006-10-14,0.0035450964894948298,A
06404000,2006-10-15,0.003383955739972337,A
06404000,2006-10-16,0.0043508002371072914,A
06404000,2006-10-17,0.0054787854837647374,A
06404000,2006-10-18,0.0058010669828097213,A
06404000,2006-10-19,0.0056399262332872289,A
06404000,2006-10-20,0.0072513337285121512,A
06404000,2006-10-21,0.013052400711321873,A
06404000,2006-10-22,0.010957570967529475,A
06404000,2006-10-23,0.0095073042218270423,A
06404000,2006-10-24,0.0083793189751695963,A
06404000,2006-10-25,0.006767911479944674,A
06404000,2006-10-26,0.0066067707304221825,A
06404000,2006-10-27,0.0072513337285121512,A
06404000,2006-10-28,0.00789589672660212,A
06404000,2006-10-29,0.0072513337285121512,A
06404000,2006-10-30,0.0059622077323322129,A
06404000,2006-10-31,0.0053176447342422441,A
06404000,2006-11-01,0.0051565039847197526,A
06404000,2006-11-02,0.0046730817361522754,A
06404000,2006-11-03,0.0051565039847197526,A
06404000,2006-11-04,0.006767911479944674,A
06404000,2006-11-05,0.0072513337285121512,A
06404000,2006-11-06,0.0080570374761246132,A
06404000,2006-11-07,0.0095073042218270423,A
06404000,2006-11-08,0.00789589672660212,A
06404000,2006-11-09,0.0077347559770796284,A
06404000,2006-11-10,0.013374682210366856,A
06404000,2006-11-11,0.013535822959889348,A
06404000,2006-11-12,0.01514723045511427,A
06404000,2006-11-13,0.015469511954159257,A
06404000,2006-11-14,0.015630652703681747,A
06404000,2006-11-15,0.013696963709411843,A
06404000,2006-11-16,0.013696963709411843,A
06404000,2006-11-17,0.013858104458934335,A
06404000,2006-11-18,0.012407837713231904,A
06404000,2006-11-19,0.011440993216096949,A
06404000,2006-11-20,0.012246696963709412,A
06404000,2006-11-21,0.011602133965619443,A
06404000,2006-11-22,0.011924415464664426,A
06404000,2006-11-23,0.011602133965619443,A
06404000,2006-11-24,0.011118711717051965,A
06404000,2006-11-25,0.0096684449713495338,A
06404000,2006-11-26,0.0083793189751695963,A
06404000,2006-11-27,0.0059622077323322129,A:e
06404000,2006-11-28,0.0045119409866297838,A:e
06404000,2006-11-29,0.0030616742409273531,A:e
06404000,2006-11-30,0.0020948297437923991,A:e
06404000,2006-12-01,0.0016114074952249225,A:e
06404000,2006-12-02,0.0014502667457024303,A:e
06404000,2006-12-03,0.0012891259961799381,A:e
06404000,2006-12-04,0.0012891259961799381,A:e
06404000,2006-12-05,0.0012891259961799381,A:e
06404000,2006-12-06,0.0012891259961799381,A:e
06404000,2006-12-07,0.0012891259961799381,A:e
06404000,2006-12-08,0.0024171112428373834,A:e
06404000,2006-12-09,0.0025782519923598763,A:e
06404000,2006-12-10,0.0024171112428373834,A:e
06404000,2006-12-11,0.0022559704933148919,A:e
06404000,2006-12-12,0.0020948297437923991,A:e
06404000,2006-12-13,0.0024171112428373834,A:e
06404000,2006-12-14,0.0024171112428373834,A:e
06404000,2006-12-15,0.0029005334914048607,A:e
06404000,2006-12-16,0.0020948297437923991,A:e
06404000,2006-12-17,0.0019336889942699071,A:e
06404000,2006-12-18,0.0017725482447474149,A:e
06404000,2006-12-19,0.0017725482447474149,A:e
06404000,2006-12-20,0.0020948297437923991,A:e
06404000,2006-12-21,0.0020948297437923991,A:e
06404000,2006-12-22,0.0020948297437923991,A:e
06404000,2006-12-23,0.0020948297437923991,A:e
06404000,2006-12-24,0.0020948297437923991,A:e
06404000,2006-12-25,0.0022559704933148919,A:e
06404000,2006-12-26,0.0025782519923598763,A:e
06404000,2006-12-27,0.003222814990449845,A:e
06404000,2006-12-28,0.003222814990449845,A:e
06404000,2006-12-29,0.0029005334914048607,A:e
06404000,2006-12-30,0.0024171112428373834,A:e
06404000,2006-12-31,0.0022559704933148919,A:e
06404000,2007-01-01,0.0022559704933148919,A:e
06404000,2007-01-02,0.0025782519923598763,A:e
06404000,2007-01-03,0.003222814990449845,A:e
06404000,2007-01-04,0.0043508002371072914,A:e
06404000,2007-01-05,0.0038673779885398142,A:e
06404000,2007-01-06,0.0030616742409273531,A:e
06404000,2007-01-07,0.0024171112428373834,A:e
06404000,2007-01-08,0.0020948297437923991,A:e
06404000,2007-01-09,0.003222814990449845,A:e
06404000,2007-01-10,0.0029005334914048607,A:e
06404000,2007-01-11,0.0019336889942699071,A:e
06404000,2007-01-12,0.0012891259961799381,A:e
06404000,2007-01-13,0.00080570374761246126,A:e
06404000,2007-01-14,0.00048342224856747678,A:e
06404000,2007-01-15,0.00032228149904498454,A:e
06404000,2007-01-16,0,A
06404000,2007-01-17,0,A
06404000,2007-01-18,0,A
06404000,2007-01-19,0,A
06404000,2007-01-20,0,A
06404000,2007-01-21,0,A
06404000,2007-01-22,0,A
06404000,2007-01-23,0,A
06404000,2007-01-24,0,A
06404000,2007-01-25,0,A
06404000,2007-01-26,0,A
06404000,2007-01-27,0,A
06404000,2007-01-28,0,A
06404000,2007-01-29,0,A
06404000,2007-01-30,0,A
06404000,2007-01-31,0,A
06404000,2007-02-01,0,A
06404000,2007-02-02,0,A
06404000,2007-02-03,0,A
06404000,2007-02-04,0,A
06404000,2007-02-05,0,A
06404000,2007-02-06,0,A
06404000,2007-02-07,0,A
06404000,2007-02-08,0,A
06404000,2007-02-09,0,A:e
06404000,2007-02-10,0,A:e
06404000,2007-02-11,0,A:e
06404000,2007-02-12,0,A:e
06404000,2007-02-13,0,A:e
06404000,2007-02-14,0,A:e
06404000,2007-02-15,0,A:e
06404000,2007-02-16,0,A:e
06404000,2007-02-17,0,A:e
06404000,2007-02-18,0.0017725482447474149,A
06404000,2007-02-19,0.00032228149904498454,A
06404000,2007-02-20,0.00016114074952249227,A
06404000,2007-02-21,0,A
06404000,2007-02-22,0,A
06404000,2007-02-23,0,A
06404000,2007-02-24,0,A:e
06404000,2007-02-25,0.0012891259961799381,A
06404000,2007-02-26,0.00032228149904498454,A
06404000,2007-02-27,0,A
06404000,2007-02-28,0.00080570374761246126,A
06404000,2007-03-01,0.003222814990449845,A:e
06404000,2007-03-02,0.0083793189751695963,A
06404000,2007-03-03,0.0020948297437923991,A
06404000,2007-03-04,0.00064456299808996907,A
06404000,2007-03-05,0.0024171112428373834,A
06404000,2007-03-06,0.0056399262332872289,A
06404000,2007-03-07,0.0096684449713495338,A
06404000,2007-03-08,0.012730119212276889,A
06404000,2007-03-09,0.013052400711321873,A
06404000,2007-03-10,0.011924415464664426,A
06404000,2007-03-11,0.014019245208456824,A
06404000,2007-03-12,0.020948297437923993,A
06404000,2007-03-13,0.035450964894948298,A
06404000,2007-03-14,0.04673081736152275,A
06404000,2007-03-15,0.043508002371072912,A
06404000,2007-03-16,0.035450964894948298,A
06404000,2007-03-17,0.038673779885398135,A
06404000,2007-03-18,0.054787854837647372,A
06404000,2007-03-19,0.059622077323322142,A
06404000,2007-03-20,0.054787854837647372,A
06404000,2007-03-21,0.06284489231377198,A
06404000,2007-03-22,0.054787854837647372,A
06404000,2007-03-23,0.053176447342422439,A
06404000,2007-03-24,0.067679114799446757,A
06404000,2007-03-25,0.061233484818547047,A
06404000,2007-03-26,0.056399262332872291,A
06404000,2007-03-27,0.040285187380623061,A
06404000,2007-03-28,0.056399262332872291,A
06404000,2007-03-29,0.05801066982809721,A
06404000,2007-03-30,0.05801066982809721,A
06404000,2007-03-31,0.05801066982809721,A
06404000,2007-04-01,0.054787854837647372,A
06404000,2007-04-02,0.053176447342422439,A
06404000,2007-04-03,0.061233484818547047,A
06404000,2007-04-04,0.05801066982809721,A
06404000,2007-04-05,0.05156503984719752,A
06404000,2007-04-06,0.045119409866297831,A
06404000,2007-04-07,0.038673779885398135,A
06404000,2007-04-08,0.035450964894948298,A
06404000,2007-04-09,0.037062372390173216,A
06404000,2007-04-10,0.038673779885398135,A
06404000,2007-04-11,0.037062372390173216,A
06404000,2007-04-12,0.035450964894948298,A
06404000,2007-04-13,0.033839557399723379,A
06404000,2007-04-14,0.033839557399723379,A
06404000,2007-04-15,0.038673779885398135,A
06404000,2007-04-16,0.041896594875847987,A
06404000,2007-04-17,0.041896594875847987,A
06404000,2007-04-18,0.038673779885398135,A
06404000,2007-04-19,0.13213541460844364,A
06404000,2007-04-20,0.13374682210366859,A
06404000,2007-04-21,0.12568978462754396,A
06404000,2007-04-22,0.10151867219917012,A
06404000,2007-04-23,0.082181782256471048,A
06404000,2007-04-24,0.10796430218006982,A
06404000,2007-04-25,0.091850227227820588,A
06404000,2007-04-26,0.096684449713495352,A
06404000,2007-04-27,0.082181782256471048,A
06404000,2007-04-28,0.10635289468484488,A
06404000,2007-04-29,0.11118711717051966,A
06404000,2007-04-30,0.083793189751695973,A
06404000,2007-05-01,0.085404597246920885,A
06404000,2007-05-02,0.083793189751695973,A
06404000,2007-05-03,0.07895896726602121,A
06404000,2007-05-04,0.096684449713495352,A
06404000,2007-05-05,0.25782519923598762,A
06404000,2007-05-06,0.72513337285121515,A
06404000,2007-05-07,0.38673779885398141,A
06404000,2007-05-08,0.29005334914048608,A
06404000,2007-05-09,0.24171112428373837,A
06404000,2007-05-10,0.1933688994269907,A
06404000,2007-05-11,0.14824948956069287,A
06404000,2007-05-12,0.10957570967529474,A
06404000,2007-05-13,0.056399262332872291,A
06404000,2007-05-14,0.038673779885398135,A
06404000,2007-05-15,0.038673779885398135,A
06404000,2007-05-16,0.035450964894948298,A
06404000,2007-05-17,0.037062372390173216,A
06404000,2007-05-18,0.035450964894948298,A
06404000,2007-05-19,0.029005334914048605,A
06404000,2007-05-20,0.024171112428373838,A
06404000,2007-05-21,0.032228149904498453,A
06404000,2007-05-22,0.07895896726602121,A
06404000,2007-05-23,0.066067707304221818,A
06404000,2007-05-24,0.053176447342422439,A
06404000,2007-05-25,0.043508002371072912,A
06404000,2007-05-26,0.037062372390173216,A
06404000,2007-05-27,0.033839557399723379,A
06404000,2007-05-28,0.037062372390173216,A
06404000,2007-05-29,0.098295857208720278,A
06404000,2007-05-30,0.080570374761246122,A
06404000,2007-05-31,0.075736152275571372,A
06404000,2007-06-01,0.070901929789896595,A
06404000,2007-06-02,0.085404597246920885,A
06404000,2007-06-03,0.059622077323322142,A
06404000,2007-06-04,0.05156503984719752,A
06404000,2007-06-05,0.04673081736152275,A
06404000,2007-06-06,0.045119409866297831,A
06404000,2007-06-07,0.045119409866297831,A
06404000,2007-06-08,0.038673779885398135,A
06404000,2007-06-09,0.032228149904498453,A
06404000,2007-06-10,0.029005334914048605,A
06404000,2007-06-11,0.022559704933148916,A
06404000,2007-06-12,0.020948297437923993,A
06404000,2007-06-13,0.020948297437923993,A
06404000,2007-06-14,0.019336889942699068,A
06404000,2007-06-15,0.016114074952249226,A
06404000,2007-06-16,0.019336889942699068,A
06404000,2007-06-17,0.019336889942699068,A
06404000,2007-06-18,0.016114074952249226,A
06404000,2007-06-19,0.017725482447474149,A
06404000,2007-06-20,0.020948297437923993,A
06404000,2007-06-21,0.019336889942699068,A
06404000,2007-06-22,0.02578251992359876,A
06404000,2007-06-23,0.020948297437923993,A
06404000,2007-06-24,0.016114074952249226,A
06404000,2007-06-25,0.010635289468484488,A
06404000,2007-06-26,0.0072513337285121512,A
06404000,2007-06-27,0.00789589672660212,A
06404000,2007-06-28,0.0061233484818547061,A
06404000,2007-06-29,0.0040285187380623066,A
06404000,2007-06-30,0.00096684449713495355,A
06404000,2007-07-01,0,A
06404000,2007-07-02,0,A
06404000,2007-07-03,0,A
06404000,2007-07-04,0,A
06404000,2007-07-05,0,A
06404000,2007-07-06,0,A
06404000,2007-07-07,0,A
06404000,2007-07-08,0,A
06404000,2007-07-09,0,A
06404000,2007-07-10,0,A
06404000,2007-07-11,0,A
06404000,2007-07-12,0,A
06404000,2007-07-13,0,A
06404000,2007-07-14,0,A
06404000,2007-07-15,0,A
06404000,2007-07-16,0,A
06404000,2007-07-17,0,A
06404000,2007-07-18,0,A
06404000,2007-07-19,0,A
06404000,2007-07-20,0,A
06404000,2007-07-21,0,A
06404000,2007-07-22,0,A
06404000,2007-07-23,0,A
06404000,2007-07-24,0,A
06404000,2007-07-25,0,A
06404000,2007-07-26,0,A
06404000,2007-07-27,0,A
06404000,2007-07-28,0,A
06404000,2007-07-29,0,A
06404000,2007-07-30,0,A
06404000,2007-07-31,0,A
06404000,2007-08-01,0,A
06404000,2007-08-02,0,A
06404000,2007-08-03,0,A
06404000,2007-08-04,0,A
06404000,2007-08-05,0,A
06404000,2007-08-06,0,A
06404000,2007-08-07,0,A
06404000,2007-08-08,0,A
06404000,2007-08-09,0,A
06404000,2007-08-10,0,A
06404000,2007-08-11,0,A
06404000,2007-08-12,0,A
06404000,2007-08-13,0,A
06404000,2007-08-14,0,A
06404000,2007-08-15,0,A
06404000,2007-08-16,0,A
06404000,2007-08-17,0,A
06404000,2007-08-18,0.016114074952249226,A
06404000,2007-08-19,0.006767911479944674,A
06404000,2007-08-20,0.014824948956069289,A
06404000,2007-08-21,0.0083793189751695963,A
06404000,2007-08-22,0.0048342224856747669,A
06404000,2007-08-23,0.019336889942699068,A
06404000,2007-08-24,0.020948297437923993,A
06404000,2007-08-25,0.027393927418823686,A
06404000,2007-08-26,0.029005334914048605,A
06404000,2007-08-27,0.024171112428373838,A
06404000,2007-08-28,0.020948297437923993,A
06404000,2007-08-29,0.016114074952249226,A
06404000,2007-08-30,0.010957570967529475,A
06404000,2007-08-31,0.0075736152275571351,A
06404000,2007-09-01,0.0045119409866297838,A
06404000,2007-09-02,0.0025782519923598763,A
06404000,2007-09-03,0.0014502667457024303,A
06404000,2007-09-04,0.00064456299808996907,A
06404000,2007-09-05,0.00032228149904498454,A
06404000,2007-09-06,0.00016114074952249227,A
06404000,2007-09-07,0.00032228149904498454,A
06404000,2007-09-08,0.00016114074952249227,A
06404000,2007-09-09,0,A
06404000,2007-09-10,0.0024171112428373834,A
06404000,2007-09-11,0.0037062372390173222,A
06404000,2007-09-12,0.0016114074952249225,A
06404000,2007-09-13,0.00080570374761246126,A
06404000,2007-09-14,0.00048342224856747678,A
06404000,2007-09-15,0.00048342224856747678,A
06404000,2007-09-16,0.00032228149904498454,A
06404000,2007-09-17,0.00016114074952249227,A
06404000,2007-09-18,0,A
06404000,2007-09-19,0,A
06404000,2007-09-20,0,A
06404000,2007-09-21,0,A
06404000,2007-09-22,0,A
06404000,2007-09-23,0,A
06404000,2007-09-24,0,A
06404000,2007-09-25,0,A
06404000,2007-09-26,0,A
06404000,2007-09-27,0,A
06404000,2007-09-28,0,A
06404000,2007-09-29,0,A
06404000,2007-09-30,0,A
06404000,2007-10-01,0,A
06404000,2007-10-02,0,A
06404000,2007-10-03,0,A
06404000,2007-10-04,0,A
06404000,2007-10-05,0,A
06404000,2007-10-06,0,A
06404000,2007-10-07,0,A
06404000,2007-10-08,0,A
06404000,2007-10-09,0,A
06404000,2007-10-10,0,A
06404000,2007-10-11,0,A
06404000,2007-10-12,0,A
06404000,2007-10-13,0,A
06404000,2007-10-14,0.0022559704933148919,A
06404000,2007-10-15,0.0041896594875847981,A
06404000,2007-10-16,0.0024171112428373834,A
06404000,2007-10-17,0.0025782519923598763,A
06404000,2007-10-18,0.0022559704933148919,A
06404000,2007-10-19,0.0016114074952249225,A
06404000,2007-10-20,0.0014502667457024303,A
06404000,2007-10-21,0.001127985246657446,A
06404000,2007-10-22,0.0012891259961799381,A
06404000,2007-10-23,0.0014502667457024303,A
06404000,2007-10-24,0.0014502667457024303,A
06404000,2007-10-25,0.0014502667457024303,A
06404000,2007-10-26,0.0014502667457024303,A
06404000,2007-10-27,0.0014502667457024303,A
06404000,2007-10-28,0.0014502667457024303,A
06404000,2007-10-29,0.0017725482447474149,A
06404000,2007-10-30,0.0017725482447474149,A
06404000,2007-10-31,0.0017725482447474149,A
06404000,2007-11-01,0.0019336889942699071,A
06404000,2007-11-02,0.0019336889942699071,A
06404000,2007-11-03,0.0022559704933148919,A
06404000,2007-11-04,0.0025782519923598763,A
06404000,2007-11-05,0.0022559704933148919,A
06404000,2007-11-06,0.0022559704933148919,A
06404000,2007-11-07,0.0025782519923598763,A
06404000,2007-11-08,0.0029005334914048607,A
06404000,2007-11-09,0.003383955739972337,A
06404000,2007-11-10,0.0037062372390173222,A
06404000,2007-11-11,0.0035450964894948298,A
06404000,2007-11-12,0.0040285187380623066,A
06404000,2007-11-13,0.0045119409866297838,A
06404000,2007-11-14,0.0038673779885398142,A
06404000,2007-11-15,0.0035450964894948298,A
06404000,2007-11-16,0.003383955739972337,A
06404000,2007-11-17,0.0035450964894948298,A
06404000,2007-11-18,0.0040285187380623066,A
06404000,2007-11-19,0.0043508002371072914,A
06404000,2007-11-20,0.0048342224856747669,A
06404000,2007-11-21,0.0058010669828097213,A
06404000,2007-11-22,0.0043508002371072914,A
06404000,2007-11-23,0.0029005334914048607,A
06404000,2007-11-24,0.0030616742409273531,A
06404000,2007-11-25,0.0029005334914048607,A
06404000,2007-11-26,0.0038673779885398142,A
06404000,2007-11-27,0.0041896594875847981,A:e
06404000,2007-11-28,0.0043508002371072914,A:e
06404000,2007-11-29,0.003222814990449845,A
06404000,2007-11-30,0.0027393927418823687,A
06404000,2007-12-01,0.0017725482447474149,A:e
06404000,2007-12-02,0.0014502667457024303,A:e
06404000,2007-12-03,0.0012891259961799381,A:e
06404000,2007-12-04,0.0012891259961799381,A:e
06404000,2007-12-05,0.001127985246657446,A:e
06404000,2007-12-06,0.001127985246657446,A:e
06404000,2007-12-07,0.00096684449713495355,A:e
06404000,2007-12-08,0.00096684449713495355,A:e
06404000,2007-12-09,0.00080570374761246126,A:e
06404000,2007-12-10,0.00080570374761246126,A:e
06404000,2007-12-11,0.00080570374761246126,A:e
06404000,2007-12-12,0.00080570374761246126,A:e
06404000,2007-12-13,0.00096684449713495355,A:e
06404000,2007-12-14,0.00080570374761246126,A:e
06404000,2007-12-15,0.00064456299808996907,A:e
06404000,2007-12-16,0.00064456299808996907,A:e
06404000,2007-12-17,0.00080570374761246126,A:e
06404000,2007-12-18,0.00080570374761246126,A:e
06404000,2007-12-19,0.00096684449713495355,A:e
06404000,2007-12-20,0.00096684449713495355,A:e
06404000,2007-12-21,0.00080570374761246126,A:e
06404000,2007-12-22,0.00064456299808996907,A:e
06404000,2007-12-23,0.00064456299808996907,A:e
06404000,2007-12-24,0.00064456299808996907,A:e
06404000,2007-12-25,0.00048342224856747678,A:e
06404000,2007-12-26,0.00032228149904498454,A:e
06404000,2007-12-27,0.00016114074952249227,A:e
06404000,2007-12-28,0,A:e
06404000,2007-12-29,0,A:e
06404000,2007-12-30,0,A:e
06404000,2007-12-31,0,A
06404000,2008-01-01,0,A
06404000,2008-01-02,0,A
06404000,2008-01-03,0,A
06404000,2008-01-04,0,A
06404000,2008-01-05,0,A
06404000,2008-01-06,0,A
06404000,2008-01-07,0,A
06404000,2008-01-08,0,A:e
06404000,2008-01-09,0.00016114074952249227,A:e
06404000,2008-01-10,0.00016114074952249227,A:e
06404000,2008-01-11,0.00016114074952249227,A:e
06404000,2008-01-12,0.00016114074952249227,A:e
06404000,2008-01-13,0.00016114074952249227,A:e
06404000,2008-01-14,0.00016114074952249227,A:e
06404000,2008-01-15,0.00016114074952249227,A:e
06404000,2008-01-16,0.00016114074952249227,A:e
06404000,2008-01-17,0.00016114074952249227,A:e
06404000,2008-01-18,0,A
06404000,2008-01-19,0,A
06404000,2008-01-20,0,A
06404000,2008-01-21,0,A
06404000,2008-01-22,0,A
06404000,2008-01-23,0,A
06404000,2008-01-24,0,A
06404000,2008-01-25,0,A
06404000,2008-01-26,0,A
06404000,2008-01-27,0.00016114074952249227,A:e
06404000,2008-01-28,0.00016114074952249227,A:e
06404000,2008-01-29,0.00016114074952249227,A:e
06404000,2008-01-30,0,A:e
06404000,2008-01-31,0,A:e
06404000,2008-02-01,0,A:e
06404000,2008-02-02,0,A:e
06404000,2008-02-03,0,A:e
06404000,2008-02-04,0,A:e
06404000,2008-02-05,0,A:e
06404000,2008-02-06,0,A:e
06404000,2008-02-07,0,A:e
06404000,2008-02-08,0,A:e
06404000,2008-02-09,0,A
06404000,2008-02-10,0,A
06404000,2008-02-11,0,A
06404000,2008-02-12,0,A
06404000,2008-02-13,0.0082181782256471065,A:e
06404000,2008-02-14,0.00789589672660212,A:e
06404000,2008-02-15,0.0066067707304221825,A:e
06404000,2008-02-16,0.0064456299808996901,A:e
06404000,2008-02-17,0.0062844892313771985,A:e
06404000,2008-02-18,0.0058010669828097213,A:e
06404000,2008-02-19,0.006767911479944674,A:e
06404000,2008-02-20,0.0080570374761246132,A:e
06404000,2008-02-21,0.0098295857208720271,A:e
06404000,2008-02-22,0.01289125996179938,A:e
06404000,2008-02-23,0.010474148718961997,A
06404000,2008-02-24,0.0058010669828097213,A
06404000,2008-02-25,0.0040285187380623066,A
06404000,2008-02-26,0,A
06404000,2008-02-27,0,A
06404000,2008-02-28,0,A
06404000,2008-02-29,0.012568978462754397,A
06404000,2008-03-01,0.019336889942699068,A
06404000,2008-03-02,0.013052400711321873,A
06404000,2008-03-03,0.0096684449713495338,A:e
06404000,2008-03-04,0.0074124744780346445,A:e
06404000,2008-03-05,0.0066067707304221825,A:e
06404000,2008-03-06,0.0064456299808996901,A:e
06404000,2008-03-07,0.0056399262332872289,A:e
06404000,2008-03-08,0.0064456299808996901,A:e
06404000,2008-03-09,0.0080570374761246132,A:e
06404000,2008-03-10,0.0096684449713495338,A:e
06404000,2008-03-11,0.013374682210366856,A
06404000,2008-03-12,0.019336889942699068,A
06404000,2008-03-13,0.019336889942699068,A
06404000,2008-03-14,0.017725482447474149,A
06404000,2008-03-15,0.017725482447474149,A
06404000,2008-03-16,0.016114074952249226,A
06404000,2008-03-17,0.019336889942699068,A
06404000,2008-03-18,0.020948297437923993,A
06404000,2008-03-19,0.020948297437923993,A
06404000,2008-03-20,0.024171112428373838,A
06404000,2008-03-21,0.022559704933148916,A
06404000,2008-03-22,0.020948297437923993,A
06404000,2008-03-23,0.020948297437923993,A
06404000,2008-03-24,0.024171112428373838,A
06404000,2008-03-25,0.02578251992359876,A
06404000,2008-03-26,0.024171112428373838,A
06404000,2008-03-27,0.022559704933148916,A
06404000,2008-03-28,0.022559704933148916,A
06404000,2008-03-29,0.027393927418823686,A
06404000,2008-03-30,0.024171112428373838,A
06404000,2008-03-31,0.022559704933148916,A
06404000,2008-04-01,0.022559704933148916,A
06404000,2008-04-02,0.027393927418823686,A
06404000,2008-04-03,0.029005334914048605,A
06404000,2008-04-04,0.030616742409273524,A
06404000,2008-04-05,0.035450964894948298,A
06404000,2008-04-06,0.041896594875847987,A
06404000,2008-04-07,0.035450964894948298,A
06404000,2008-04-08,0.041896594875847987,A
06404000,2008-04-09,0.066067707304221818,A
06404000,2008-04-10,0.091850227227820588,A
06404000,2008-04-11,0.072513337285121521,A
06404000,2008-04-12,0.064456299808996906,A
06404000,2008-04-13,0.056399262332872291,A
06404000,2008-04-14,0.067679114799446757,A
06404000,2008-04-15,0.10474148718961997,A
06404000,2008-04-16,0.11279852466574458,A
06404000,2008-04-17,0.075736152275571372,A
06404000,2008-04-18,0.05801066982809721,A
06404000,2008-04-19,0.053176447342422439,A
06404000,2008-04-20,0.056399262332872291,A
06404000,2008-04-21,0.053176447342422439,A
06404000,2008-04-22,0.048342224856747676,A
06404000,2008-04-23,0.037062372390173216,A
06404000,2008-04-24,0.037062372390173216,A
06404000,2008-04-25,0.033839557399723379,A
06404000,2008-04-26,0.030616742409273524,A
06404000,2008-04-27,0.027393927418823686,A
06404000,2008-04-28,0.02578251992359876,A
06404000,2008-04-29,0.024171112428373838,A
06404000,2008-04-30,0.022559704933148916,A
06404000,2008-05-01,0.10635289468484488,A
06404000,2008-05-02,0.1933688994269907,A
06404000,2008-05-03,0.15469511954159254,A
06404000,2008-05-04,0.15952934202726735,A
06404000,2008-05-05,0.15308371204636764,A
06404000,2008-05-06,0.14341526707501812,A
06404000,2008-05-07,0.13374682210366859,A
06404000,2008-05-08,0.20948297437923993,A
06404000,2008-05-09,0.24171112428373837,A
06404000,2008-05-10,0.35450964894948295,A
06404000,2008-05-11,0.32228149904498449,A
06404000,2008-05-12,0.25782519923598762,A
06404000,2008-05-13,0.20948297437923993,A
06404000,2008-05-14,0.1933688994269907,A
06404000,2008-05-15,0.17725482447474147,A
06404000,2008-05-16,0.14986089705591782,A
06404000,2008-05-17,0.13535822959889351,A
06404000,2008-05-18,0.11602133965619442,A
06404000,2008-05-19,0.10313007969439504,A
06404000,2008-05-20,0.095073042218270426,A
06404000,2008-05-21,0.088627412237370737,A
06404000,2008-05-22,0.24171112428373837,A
06404000,2008-05-23,2.7232786669301192,A
06404000,2008-05-24,6.8807100046104193,A
06404000,2008-05-25,2.191514193505895,A
06404000,2008-05-26,1.2568978462754394,A
06404000,2008-05-27,1.1763274715141934,A
06404000,2008-05-28,1.0151867219917012,A
06404000,2008-05-29,0.87016004742145814,A
06404000,2008-05-30,0.7412474478034643,A
06404000,2008-05-31,0.66067707304221823,A
06404000,2008-06-01,0.61233484818547057,A
06404000,2008-06-02,0.69290522294671664,A
06404000,2008-06-03,0.66067707304221823,A
06404000,2008-06-04,0.58010669828097217,A
06404000,2008-06-05,0.5317644734242245,A
06404000,2008-06-06,0.54787854837647376,A
06404000,2008-06-07,0.48342224856747673,A
06404000,2008-06-08,0.45119409866297833,A
06404000,2008-06-09,0.41896594875847987,A
06404000,2008-06-10,0.38673779885398141,A
06404000,2008-06-11,0.35450964894948295,A
06404000,2008-06-12,0.33839557399723375,A
06404000,2008-06-13,0.30616742409273529,A
06404000,2008-06-14,0.27393927418823688,A
06404000,2008-06-15,0.25782519923598762,A
06404000,2008-06-16,0.29005334914048608,A
06404000,2008-06-17,0.29005334914048608,A
06404000,2008-06-18,0.27393927418823688,A
06404000,2008-06-19,0.41896594875847987,A
06404000,2008-06-20,0.54787854837647376,A
06404000,2008-06-21,0.67679114799446749,A
06404000,2008-06-22,0.46730817361522758,A
06404000,2008-06-23,0.41896594875847987,A
06404000,2008-06-24,0.43508002371072907,A
06404000,2008-06-25,0.38673779885398141,A
06404000,2008-06-26,0.33839557399723375,A
06404000,2008-06-27,0.32228149904498449,A
06404000,2008-06-28,0.27393927418823688,A
06404000,2008-06-29,0.25782519923598762,A
06404000,2008-06-30,0.24171112428373837,A
06404000,2008-07-01,0.22559704933148916,A
06404000,2008-07-02,0.22559704933148916,A
06404000,2008-07-03,0.20948297437923993,A
06404000,2008-07-04,0.1933688994269907,A
06404000,2008-07-05,0.17725482447474147,A
06404000,2008-07-06,0.20948297437923993,A
06404000,2008-07-07,0.22559704933148916,A
06404000,2008-07-08,0.22559704933148916,A
06404000,2008-07-09,0.20948297437923993,A
06404000,2008-07-10,0.16114074952249224,A
06404000,2008-07-11,0.12891259961799381,A
06404000,2008-07-12,0.10957570967529474,A
06404000,2008-07-13,0.10151867219917012,A
06404000,2008-07-14,0.095073042218270426,A
06404000,2008-07-15,0.088627412237370737,A
06404000,2008-07-16,0.085404597246920885,A
06404000,2008-07-17,0.088627412237370737,A
06404000,2008-07-18,0.14502667457024304,A
06404000,2008-07-19,0.14824948956069287,A
06404000,2008-07-20,0.10474148718961997,A
06404000,2008-07-21,0.085404597246920885,A
06404000,2008-07-22,0.082181782256471048,A
06404000,2008-07-23,0.14180385957979319,A
06404000,2008-07-24,0.20948297437923993,A
06404000,2008-07-25,0.15469511954159254,A
06404000,2008-07-26,0.11279852466574458,A
06404000,2008-07-27,0.091850227227820588,A
06404000,2008-07-28,0.07734755977079627,A
06404000,2008-07-29,0.067679114799446757,A
06404000,2008-07-30,0.06284489231377198,A
06404000,2008-07-31,0.059622077323322142,A
06404000,2008-08-01,0.053176447342422439,A
06404000,2008-08-02,0.05156503984719752,A
06404000,2008-08-03,0.05156503984719752,A
06404000,2008-08-04,0.053176447342422439,A
06404000,2008-08-05,0.06284489231377198,A
06404000,2008-08-06,0.088627412237370737,A
06404000,2008-08-07,0.06284489231377198,A
06404000,2008-08-08,0.040285187380623061,A
06404000,2008-08-09,0.035450964894948298,A
06404000,2008-08-10,0.035450964894948298,A
06404000,2008-08-11,0.13374682210366859,A
06404000,2008-08-12,0.14341526707501812,A
06404000,2008-08-13,0.067679114799446757,A
06404000,2008-08-14,0.066067707304221818,A
06404000,2008-08-15,0.12407837713231905,A
06404000,2008-08-16,0.083793189751695973,A
06404000,2008-08-17,0.06284489231377198,A
06404000,2008-08-18,0.048342224856747676,A
06404000,2008-08-19,0.041896594875847987,A
06404000,2008-08-20,0.037062372390173216,A
06404000,2008-08-21,0.033839557399723379,A
06404000,2008-08-22,0.029005334914048605,A
06404000,2008-08-23,0.02578251992359876,A
06404000,2008-08-24,0.02578251992359876,A
06404000,2008-08-25,0.027393927418823686,A
06404000,2008-08-26,0.02578251992359876,A
06404000,2008-08-27,0.020948297437923993,A
06404000,2008-08-28,0.019336889942699068,A
06404000,2008-08-29,0.017725482447474149,A
06404000,2008-08-30,0.015308371204636762,A
06404000,2008-08-31,0.014824948956069289,A
06404000,2008-09-01,0.01579179345320424,A
06404000,2008-09-02,0.016114074952249226,A
06404000,2008-09-03,0.013696963709411843,A
06404000,2008-09-04,0.022559704933148916,A
06404000,2008-09-05,0.020948297437923993,A
06404000,2008-09-06,0.029005334914048605,A
06404000,2008-09-07,0.035450964894948298,A
06404000,2008-09-08,0.035450964894948298,A
06404000,2008-09-09,0.027393927418823686,A
06404000,2008-09-10,0.022559704933148916,A
06404000,2008-09-11,0.019336889942699068,A
06404000,2008-09-12,0.019336889942699068,A
06404000,2008-09-13,0.027393927418823686,A
06404000,2008-09-14,0.020948297437923993,A
06404000,2008-09-15,0.017725482447474149,A
06404000,2008-09-16,0.015308371204636762,A
06404000,2008-09-17,0.014019245208456824,A
06404000,2008-09-18,0.012730119212276889,A
06404000,2008-09-19,0.011924415464664426,A
06404000,2008-09-20,0.012085556214186919,A
06404000,2008-09-21,0.012246696963709412,A
06404000,2008-09-22,0.011763274715141934,A
06404000,2008-09-23,0.01289125996179938,A
06404000,2008-09-24,0.011602133965619443,A
06404000,2008-09-25,0.011602133965619443,A
06404000,2008-09-26,0.011602133965619443,A
06404000,2008-09-27,0.011763274715141934,A
06404000,2008-09-28,0.012085556214186919,A
06404000,2008-09-29,0.011279852466574458,A
06404000,2008-09-30,0.012085556214186919,A
08189500,2006-10-01,0.039236737470206666,A
08189500,2006-10-02,0.036530755575709652,A
08189500,2006-10-03,0.033824773681212644,A
08189500,2006-10-04,0.032471782733964137,A
08189500,2006-10-05,0.031118791786715626,A
08189500,2006-10-06,0.029765800839467123,A
08189500,2006-10-07,0.028412809892218619,A
08189500,2006-10-08,0.028412809892218619,A
08189500,2006-10-09,0.028412809892218619,A
08189500,2006-10-10,0.031118791786715626,A
08189500,2006-10-11,0.028412809892218619,A
08189500,2006-10-12,0.027059818944970112,A
08189500,2006-10-13,0.028412809892218619,A
08189500,2006-10-14,0.032471782733964137,A
08189500,2006-10-15,0.035177764628461144,A
08189500,2006-10-16,0.040589728417455166,A
08189500,2006-10-17,0.043295710311952181,A
08189500,2006-10-18,0.037883746522958159,A
08189500,2006-10-19,0.032471782733964137,A
08189500,2006-10-20,0.029765800839467123,A
08189500,2006-10-21,0.027059818944970112,A
08189500,2006-10-22,0.028412809892218619,A
08189500,2006-10-23,0.046001692206449195,A
08189500,2006-10-24,0.054119637889940224,A
08189500,2006-10-25,0.039236737470206666,A
08189500,2006-10-26,0.032471782733964137,A
08189500,2006-10-27,0.028412809892218619,A
08189500,2006-10-28,0.027059818944970112,A
08189500,2006-10-29,0.025706827997721605,A
08189500,2006-10-30,0.024353837050473101,A
08189500,2006-10-31,0.024353837050473101,A
08189500,2006-11-01,0.024353837050473101,A
08189500,2006-11-02,0.025706827997721605,A
08189500,2006-11-03,0.024353837050473101,A
08189500,2006-11-04,0.024353837050473101,A
08189500,2006-11-05,0.024353837050473101,A
08189500,2006-11-06,0.024353837050473101,A
08189500,2006-11-07,0.023000846103224597,A
08189500,2006-11-08,0.023000846103224597,A
08189500,2006-11-09,0.023000846103224597,A
08189500,2006-11-10,0.023000846103224597,A
08189500,2006-11-11,0.023000846103224597,A
08189500,2006-11-12,0.023000846103224597,A
08189500,2006-11-13,0.023000846103224597,A
08189500,2006-11-14,0.023000846103224597,A
08189500,2006-11-15,0.024353837050473101,A
08189500,2006-11-16,0.024353837050473101,A
08189500,2006-11-17,0.024353837050473101,A
08189500,2006-11-18,0.024353837050473101,A
08189500,2006-11-19,0.024353837050473101,A
08189500,2006-11-20,0.025706827997721605,A
08189500,2006-11-21,0.025706827997721605,A
08189500,2006-11-22,0.025706827997721605,A
08189500,2006-11-23,0.025706827997721605,A
08189500,2006-11-24,0.025706827997721605,A
08189500,2006-11-25,0.025706827997721605,A
08189500,2006-11-26,0.027059818944970112,A
08189500,2006-11-27,0.028412809892218619,A
08189500,2006-11-28,0.028412809892218619,A
08189500,2006-11-29,0.029765800839467123,A
08189500,2006-11-30,0.032471782733964137,A
08189500,2006-12-01,0.032471782733964137,A
08189500,2006-12-02,0.032471782733964137,A
08189500,2006-12-03,0.031118791786715626,A
08189500,2006-12-04,0.029765800839467123,A
08189500,2006-12-05,0.029765800839467123,A
08189500,2006-12-06,0.029765800839467123,A
08189500,2006-12-07,0.029765800839467123,A
08189500,2006-12-08,0.029765800839467123,A
08189500,2006-12-09,0.028412809892218619,A
08189500,2006-12-10,0.028412809892218619,A
08189500,2006-12-11,0.028412809892218619,A
08189500,2006-12-12,0.028412809892218619,A
08189500,2006-12-13,0.027059818944970112,A
08189500,2006-12-14,0.027059818944970112,A
08189500,2006-12-15,0.027059818944970112,A
08189500,2006-12-16,0.027059818944970112,A
08189500,2006-12-17,0.027059818944970112,A
08189500,2006-12-18,0.025706827997721605,A
08189500,2006-12-19,0.025706827997721605,A
08189500,2006-12-20,0.025706827997721605,A
08189500,2006-12-21,0.025706827997721605,A
08189500,2006-12-22,0.024353837050473101,A
08189500,2006-12-23,0.024353837050473101,A
08189500,2006-12-24,0.029765800839467123,A
08189500,2006-12-25,0.028412809892218619,A
08189500,2006-12-26,0.028412809892218619,A
08189500,2006-12-27,0.029765800839467123,A:e
08189500,2006-12-28,0.028412809892218619,A:e
08189500,2006-12-29,0.027059818944970112,A:e
08189500,2006-12-30,0.025706827997721605,A:e
08189500,2006-12-31,0.024353837050473101,A:e
08189500,2007-01-01,0.02164785515597609,A:e
08189500,2007-01-02,0.020294864208727583,A:e
08189500,2007-01-03,0.020294864208727583,A:e
08189500,2007-01-04,0.052766646942691717,A:e
08189500,2007-01-05,0.19618368735103331,A
08189500,2007-01-06,0.16235891366982066,A
08189500,2007-01-07,0.062237583573431253,A
08189500,2007-01-08,0.039236737470206666,A
08189500,2007-01-09,0.032471782733964137,A
08189500,2007-01-10,0.028412809892218619,A
08189500,2007-01-11,0.025706827997721605,A
08189500,2007-01-12,0.024353837050473101,A
08189500,2007-01-13,0.023000846103224597,A
08189500,2007-01-14,0.02164785515597609,A
08189500,2007-01-15,0.02164785515597609,A
08189500,2007-01-16,0.02164785515597609,A
08189500,2007-01-17,0.02164785515597609,A
08189500,2007-01-18,0.020294864208727583,A
08189500,2007-01-19,0.02164785515597609,A
08189500,2007-01-20,0.024353837050473101,A
08189500,2007-01-21,0.025706827997721605,A
08189500,2007-01-22,0.031118791786715626,A
08189500,2007-01-23,0.033824773681212644,A
08189500,2007-01-24,0.28412809892218621,A
08189500,2007-01-25,2.895400627111802,A
08189500,2007-01-26,3.3283577302313239,A
08189500,2007-01-27,1.5965293177532367,A
08189500,2007-01-28,4.5460495827549794,A
08189500,2007-01-29,3.8019045617683003,A
08189500,2007-01-30,0.82667746876883696,A
08189500,2007-01-31,0.29630501744742277,A
08189500,2007-02-01,0.17859480503680275,A
08189500,2007-02-02,0.13935806756659608,A
08189500,2007-02-03,0.10282731199088642,A
08189500,2007-02-04,0.075767493045916318,A
08189500,2007-02-05,0.062237583573431253,A
08189500,2007-02-06,0.055472628837188731,A
08189500,2007-02-07,0.05141365599544321,A
08189500,2007-02-08,0.048707674100946202,A
08189500,2007-02-09,0.046001692206449195,A
08189500,2007-02-10,0.044648701259200688,A
08189500,2007-02-11,0.041942719364703673,A
08189500,2007-02-12,0.040589728417455166,A
08189500,2007-02-13,0.039236737470206666,A
08189500,2007-02-14,0.037883746522958159,A
08189500,2007-02-15,0.036530755575709652,A
08189500,2007-02-16,0.036530755575709652,A
08189500,2007-02-17,0.035177764628461144,A
08189500,2007-02-18,0.035177764628461144,A
08189500,2007-02-19,0.035177764628461144,A
08189500,2007-02-20,0.033824773681212644,A
08189500,2007-02-21,0.033824773681212644,A
08189500,2007-02-22,0.032471782733964137,A
08189500,2007-02-23,0.032471782733964137,A
08189500,2007-02-24,0.032471782733964137,A
08189500,2007-02-25,0.032471782733964137,A
08189500,2007-02-26,0.031118791786715626,A
08189500,2007-02-27,0.031118791786715626,A
08189500,2007-02-28,0.031118791786715626,A
08189500,2007-03-01,0.029765800839467123,A
08189500,2007-03-02,0.029765800839467123,A
08189500,2007-03-03,0.029765800839467123,A
08189500,2007-03-04,0.029765800839467123,A
08189500,2007-03-05,0.028412809892218619,A
08189500,2007-03-06,0.028412809892218619,A
08189500,2007-03-07,0.028412809892218619,A
08189500,2007-03-08,0.028412809892218619,A
08189500,2007-03-09,0.028412809892218619,A
08189500,2007-03-10,0.028412809892218619,A
08189500,2007-03-11,0.028412809892218619,A
08189500,2007-03-12,0.040589728417455166,A
08189500,2007-03-13,0.036530755575709652,A
08189500,2007-03-14,1.2745174723080923,A
08189500,2007-03-15,5.3713740605765672,A
08189500,2007-03-16,4.8978272290395903,A
08189500,2007-03-17,1.0702158392735679,A
08189500,2007-03-18,0.31659988165615033,A
08189500,2007-03-19,0.19483069640378481,A
08189500,2007-03-20,0.13665208567209908,A
08189500,2007-03-21,0.10823927577988045,A
08189500,2007-03-22,0.089297402518401375,A
08189500,2007-03-23,0.079826465887661832,A
08189500,2007-03-24,0.073061511151419303,A
08189500,2007-03-25,0.064943565467928274,A
08189500,2007-03-26,0.060884592626182753,A
08189500,2007-03-27,0.059531601678934246,A
08189500,2007-03-28,0.081179456834910332,A
08189500,2007-03-29,0.14882900419733563,A
08189500,2007-03-30,0.10147432104363792,A
08189500,2007-03-31,0.12582815809411102,A
08189500,2007-04-01,2.6653921660795561,A
08189500,2007-04-02,5.0195964142919554,A
08189500,2007-04-03,1.6641788651156619,A
08189500,2007-04-04,0.363954564809848,A
08189500,2007-04-05,0.31659988165615033,A
08189500,2007-04-06,0.17047685935331172,A
08189500,2007-04-07,0.13259311283035355,A
08189500,2007-04-08,0.43566308501401879,A
08189500,2007-04-09,2.2730247913774897,A
08189500,2007-04-10,1.7047685935331172,A
08189500,2007-04-11,0.47219384058972846,A
08189500,2007-04-12,0.2191845334542579,A
08189500,2007-04-13,0.14206404946109311,A
08189500,2007-04-14,0.10147432104363792,A
08189500,2007-04-15,0.078473474940413332,A
08189500,2007-04-16,0.069002538309673789,A
08189500,2007-04-17,0.062237583573431253,A
08189500,2007-04-18,0.056825619784437238,A
08189500,2007-04-19,0.055472628837188731,A
08189500,2007-04-20,0.052766646942691717,A
08189500,2007-04-21,0.050060665048194709,A
08189500,2007-04-22,0.048707674100946202,A
08189500,2007-04-23,0.047354683153697695,A
08189500,2007-04-24,0.047354683153697695,A
08189500,2007-04-25,0.05141365599544321,A
08189500,2007-04-26,0.18806574166754228,A
08189500,2007-04-27,0.18265377787854825,A
08189500,2007-04-28,0.089297402518401375,A
08189500,2007-04-29,0.062237583573431253,A
08189500,2007-04-30,0.052766646942691717,A
08189500,2007-05-01,0.047354683153697695,A
08189500,2007-05-02,0.044648701259200688,A
08189500,2007-05-03,0.041942719364703673,A
08189500,2007-05-04,0.041942719364703673,A
08189500,2007-05-05,0.040589728417455166,A
08189500,2007-05-06,0.040589728417455166,A
08189500,2007-05-07,0.039236737470206666,A
08189500,2007-05-08,0.036530755575709652,A
08189500,2007-05-09,0.035177764628461144,A
08189500,2007-05-10,0.035177764628461144,A
08189500,2007-05-11,0.033824773681212644,A
08189500,2007-05-12,0.033824773681212644,A
08189500,2007-05-13,0.033824773681212644,A
08189500,2007-05-14,0.032471782733964137,A
08189500,2007-05-15,0.031118791786715626,A
08189500,2007-05-16,0.031118791786715626,A
08189500,2007-05-17,0.029765800839467123,A
08189500,2007-05-18,0.029765800839467123,A
08189500,2007-05-19,0.028412809892218619,A
08189500,2007-05-20,0.028412809892218619,A
08189500,2007-05-21,0.028412809892218619,A
08189500,2007-05-22,0.028412809892218619,A
08189500,2007-05-23,0.028412809892218619,A
08189500,2007-05-24,0.028412809892218619,A
08189500,2007-05-25,0.031118791786715626,A
08189500,2007-05-26,0.064943565467928274,A
08189500,2007-05-27,0.12718114904135952,A
08189500,2007-05-28,0.29089305365842871,A
08189500,2007-05-29,0.48707674100946202,A
08189500,2007-05-30,0.3571896100736055,A
08189500,2007-05-31,0.19483069640378481,A
08189500,2007-06-01,0.09200338441289839,A
08189500,2007-06-02,0.060884592626182753,A
08189500,2007-06-03,0.048707674100946202,A
08189500,2007-06-04,0.043295710311952181,A
08189500,2007-06-05,0.041942719364703673,A
08189500,2007-06-06,0.039236737470206666,A
08189500,2007-06-07,0.039236737470206666,A
08189500,2007-06-08,0.036530755575709652,A
08189500,2007-06-09,0.033824773681212644,A
08189500,2007-06-10,0.032471782733964137,A
08189500,2007-06-11,0.029765800839467123,A
08189500,2007-06-12,0.028412809892218619,A
08189500,2007-06-13,0.027059818944970112,A
08189500,2007-06-14,0.027059818944970112,A
08189500,2007-06-15,0.025706827997721605,A
08189500,2007-06-16,0.025706827997721605,A
08189500,2007-06-17,0.028412809892218619,A
08189500,2007-06-18,0.052766646942691717,A
08189500,2007-06-19,0.040589728417455166,A
08189500,2007-06-20,0.031118791786715626,A
08189500,2007-06-21,0.028412809892218619,A
08189500,2007-06-22,0.027059818944970112,A
08189500,2007-06-23,0.031118791786715626,A
08189500,2007-06-24,0.037883746522958159,A
08189500,2007-06-25,0.24218537955748251,A
08189500,2007-06-26,0.28818707176393171,A
08189500,2007-06-27,0.070355529256922289,A
08189500,2007-06-28,0.044648701259200688,A
08189500,2007-06-29,0.036530755575709652,A
08189500,2007-06-30,0.032471782733964137,A
08189500,2007-07-01,0.032471782733964137,A
08189500,2007-07-02,2.0700761492902138,A
08189500,2007-07-03,6.02080971525585,A
08189500,2007-07-04,8.3344242350507951,A
08189500,2007-07-05,12.420456895741282,A
08189500,2007-07-06,17.04768593533117,A
08189500,2007-07-07,12.136328796819095,A
08189500,2007-07-08,6.6837752794076168,A
08189500,2007-07-09,2.7601015323869516,A
08189500,2007-07-10,1.0796867759043074,A
08189500,2007-07-11,0.55202030647739031,A
08189500,2007-07-12,0.35042465533736294,A
08189500,2007-07-13,0.2665392166079556,A
08189500,2007-07-14,0.22053752440150642,A
08189500,2007-07-15,0.19077172356203928,A
08189500,2007-07-16,0.17453583219505722,A
08189500,2007-07-17,0.16641788651156619,A
08189500,2007-07-18,0.15829994082807516,A
08189500,2007-07-19,0.14747601325008711,A
08189500,2007-07-20,0.16641788651156619,A
08189500,2007-07-21,0.27601015323869516,A
08189500,2007-07-22,0.38289643807132712,A
08189500,2007-07-23,0.2624802437662101,A
08189500,2007-07-24,0.25165631618822204,A
08189500,2007-07-25,0.77526381277339373,A
08189500,2007-07-26,3.1389389976165329,A
08189500,2007-07-27,5.1413655995443213,A
08189500,2007-07-28,3.5989559196810248,A
08189500,2007-07-29,1.3015772912530625,A
08189500,2007-07-30,0.69137837404398639,A
08189500,2007-07-31,0.8821500976060257,A
08189500,2007-08-01,0.73738006625043562,A
08189500,2007-08-02,0.41266223891079423,A
08189500,2007-08-03,0.27330417134419815,A
08189500,2007-08-04,0.19888966924553034,A
08189500,2007-08-05,0.23406743387399145,A
08189500,2007-08-06,0.27330417134419815,A
08189500,2007-08-07,0.18400676882579678,A
08189500,2007-08-08,0.14341704040834161,A
08189500,2007-08-09,0.12447516714686251,A
08189500,2007-08-10,0.11094525767437746,A
08189500,2007-08-11,0.10012133009638942,A
08189500,2007-08-12,0.10147432104363792,A
08189500,2007-08-13,0.09200338441289839,A
08189500,2007-08-14,0.085238429676655861,A
08189500,2007-08-15,0.078473474940413332,A
08189500,2007-08-16,0.082532447782158846,A
08189500,2007-08-17,0.082532447782158846,A
08189500,2007-08-18,0.081179456834910332,A
08189500,2007-08-19,0.17318284124780872,A
08189500,2007-08-20,0.17724181408955425,A
08189500,2007-08-21,0.13124012188310505,A
08189500,2007-08-22,0.10418030293813493,A
08189500,2007-08-23,0.090650393465649876,A
08189500,2007-08-24,0.075767493045916318,A
08189500,2007-08-25,0.069002538309673789,A
08189500,2007-08-26,0.071708520204170803,A
08189500,2007-08-27,0.073061511151419303,A
08189500,2007-08-28,0.075767493045916318,A
08189500,2007-08-29,0.7130262291999625,A
08189500,2007-08-30,1.9347770545653631,A
08189500,2007-08-31,1.3002243003058138,A
08189500,2007-09-01,1.6641788651156619,A
08189500,2007-09-02,0.66567154604626477,A
08189500,2007-09-03,0.57772713447511193,A
08189500,2007-09-04,1.8941873261479079,A
08189500,2007-09-05,1.5153498609183262,A
08189500,2007-09-06,0.56690320689712392,A
08189500,2007-09-07,0.33012979112863539,A
08189500,2007-09-08,0.2191845334542579,A
08189500,2007-09-09,0.38289643807132712,A
08189500,2007-09-10,0.23136145197949445,A
08189500,2007-09-11,0.17994779598405125,A
08189500,2007-09-12,0.13665208567209908,A
08189500,2007-09-13,0.10959226672712895,A
08189500,2007-09-14,0.090650393465649876,A
08189500,2007-09-15,0.079826465887661832,A
08189500,2007-09-16,0.073061511151419303,A
08189500,2007-09-17,0.071708520204170803,A
08189500,2007-09-18,0.066296556415176774,A
08189500,2007-09-19,0.06359057452067976,A
08189500,2007-09-20,0.059531601678934246,A
08189500,2007-09-21,0.056825619784437238,A
08189500,2007-09-22,0.054119637889940224,A
08189500,2007-09-23,0.05141365599544321,A
08189500,2007-09-24,0.050060665048194709,A
08189500,2007-09-25,0.048707674100946202,A
08189500,2007-09-26,0.047354683153697695,A
08189500,2007-09-27,0.046001692206449195,A
08189500,2007-09-28,0.044648701259200688,A
08189500,2007-09-29,0.046001692206449195,A
08189500,2007-09-30,0.044648701259200688,A
08189500,2007-10-01,0.043295710311952181,A
08189500,2007-10-02,0.043295710311952181,A
08189500,2007-10-03,0.041942719364703673,A
08189500,2007-10-04,0.040589728417455166,A
08189500,2007-10-05,0.040589728417455166,A
08189500,2007-10-06,0.039236737470206666,A
08189500,2007-10-07,0.039236737470206666,A
08189500,2007-10-08,0.044648701259200688,A
08189500,2007-10-09,0.040589728417455166,A
08189500,2007-10-10,0.040589728417455166,A
08189500,2007-10-11,0.039236737470206666,A
08189500,2007-10-12,0.037883746522958159,A
08189500,2007-10-13,0.036530755575709652,A
08189500,2007-10-14,0.035177764628461144,A
08189500,2007-10-15,0.036530755575709652,A
08189500,2007-10-16,0.035177764628461144,A
08189500,2007-10-17,0.033824773681212644,A
08189500,2007-10-18,0.033824773681212644,A
08189500,2007-10-19,0.033824773681212644,A
08189500,2007-10-20,0.032471782733964137,A
08189500,2007-10-21,0.031118791786715626,A
08189500,2007-10-22,0.031118791786715626,A
08189500,2007-10-23,0.031118791786715626,A
08189500,2007-10-24,0.031118791786715626,A
08189500,2007-10-25,0.031118791786715626,A
08189500,2007-10-26,0.029765800839467123,A
08189500,2007-10-27,0.029765800839467123,A
08189500,2007-10-28,0.028412809892218619,A
08189500,2007-10-29,0.028412809892218619,A
08189500,2007-10-30,0.028412809892218619,A
08189500,2007-10-31,0.028412809892218619,A
08189500,2007-11-01,0.028412809892218619,A
08189500,2007-11-02,0.027059818944970112,A
08189500,2007-11-03,0.027059818944970112,A
08189500,2007-11-04,0.027059818944970112,A
08189500,2007-11-05,0.025706827997721605,A
08189500,2007-11-06,0.025706827997721605,A
08189500,2007-11-07,0.025706827997721605,A
08189500,2007-11-08,0.025706827997721605,A
08189500,2007-11-09,0.025706827997721605,A
08189500,2007-11-10,0.025706827997721605,A
08189500,2007-11-11,0.025706827997721605,A
08189500,2007-11-12,0.025706827997721605,A
08189500,2007-11-13,0.024353837050473101,A
08189500,2007-11-14,0.024353837050473101,A
08189500,2007-11-15,0.024353837050473101,A
08189500,2007-11-16,0.024353837050473101,A
08189500,2007-11-17,0.024353837050473101,A
08189500,2007-11-18,0.024353837050473101,A
08189500,2007-11-19,0.024353837050473101,A
08189500,2007-11-20,0.024353837050473101,A
08189500,2007-11-21,0.024353837050473101,A
08189500,2007-11-22,0.024353837050473101,A
08189500,2007-11-23,0.023000846103224597,A
08189500,2007-11-24,0.025706827997721605,A
08189500,2007-11-25,0.024353837050473101,A
08189500,2007-11-26,0.024353837050473101,A
08189500,2007-11-27,0.025706827997721605,A
08189500,2007-11-28,0.024353837050473101,A
08189500,2007-11-29,0.023000846103224597,A
08189500,2007-11-30,0.02164785515597609,A
08189500,2007-12-01,0.023000846103224597,A
08189500,2007-12-02,0.024353837050473101,A
08189500,2007-12-03,0.023000846103224597,A
08189500,2007-12-04,0.02164785515597609,A
08189500,2007-12-05,0.02164785515597609,A
08189500,2007-12-06,0.02164785515597609,A
08189500,2007-12-07,0.02164785515597609,A
08189500,2007-12-08,0.02164785515597609,A
08189500,2007-12-09,0.02164785515597609,A
08189500,2007-12-10,0.02164785515597609,A
08189500,2007-12-11,0.02164785515597609,A
08189500,2007-12-12,0.020294864208727583,A
08189500,2007-12-13,0.020294864208727583,A
08189500,2007-12-14,0.02164785515597609,A
08189500,2007-12-15,0.02164785515597609,A
08189500,2007-12-16,0.020294864208727583,A
08189500,2007-12-17,0.018941873261479079,A
08189500,2007-12-18,0.020294864208727583,A
08189500,2007-12-19,0.018941873261479079,A
08189500,2007-12-20,0.018941873261479079,A
08189500,2007-12-21,0.018941873261479079,A
08189500,2007-12-22,0.018941873261479079,A
08189500,2007-12-23,0.018941873261479079,A
08189500,2007-12-24,0.018941873261479079,A
08189500,2007-12-25,0.018941873261479079,A
08189500,2007-12-26,0.020294864208727583,A
08189500,2007-12-27,0.020294864208727583,A
08189500,2007-12-28,0.020294864208727583,A
08189500,2007-12-29,0.020294864208727583,A
08189500,2007-12-30,0.020294864208727583,A
08189500,2007-12-31,0.018941873261479079,A
08189500,2008-01-01,0.018941873261479079,A
08189500,2008-01-02,0.018941873261479079,A
08189500,2008-01-03,0.018941873261479079,A
08189500,2008-01-04,0.018941873261479079,A
08189500,2008-01-05,0.018941873261479079,A
08189500,2008-01-06,0.020294864208727583,A
08189500,2008-01-07,0.020294864208727583,A
08189500,2008-01-08,0.020294864208727583,A
08189500,2008-01-09,0.020294864208727583,A
08189500,2008-01-10,0.020294864208727583,A
08189500,2008-01-11,0.020294864208727583,A
08189500,2008-01-12,0.020294864208727583,A
08189500,2008-01-13,0.018941873261479079,A
08189500,2008-01-14,0.018941873261479079,A
08189500,2008-01-15,0.018941873261479079,A
08189500,2008-01-16,0.024353837050473101,A
08189500,2008-01-17,0.023000846103224597,A
08189500,2008-01-18,0.024353837050473101,A
08189500,2008-01-19,0.028412809892218619,A
08189500,2008-01-20,0.02164785515597609,A
08189500,2008-01-21,0.02164785515597609,A
08189500,2008-01-22,0.020294864208727583,A
08189500,2008-01-23,0.02164785515597609,A
08189500,2008-01-24,0.020294864208727583,A
08189500,2008-01-25,0.020294864208727583,A
08189500,2008-01-26,0.018941873261479079,A
08189500,2008-01-27,0.018941873261479079,A
08189500,2008-01-28,0.017588882314230572,A
08189500,2008-01-29,0.017588882314230572,A
08189500,2008-01-30,0.016235891366982069,A
08189500,2008-01-31,0.016235891366982069,A
08189500,2008-02-01,0.016235891366982069,A
08189500,2008-02-02,0.016235891366982069,A
08189500,2008-02-03,0.016235891366982069,A
08189500,2008-02-04,0.016235891366982069,A
08189500,2008-02-05,0.016235891366982069,A
08189500,2008-02-06,0.016235891366982069,A
08189500,2008-02-07,0.014882900419733561,A
08189500,2008-02-08,0.014882900419733561,A
08189500,2008-02-09,0.014882900419733561,A
08189500,2008-02-10,0.013529909472485056,A
08189500,2008-02-11,0.014882900419733561,A
08189500,2008-02-12,0.014882900419733561,A
08189500,2008-02-13,0.014882900419733561,A
08189500,2008-02-14,0.014882900419733561,A
08189500,2008-02-15,0.014882900419733561,A
08189500,2008-02-16,0.014882900419733561,A
08189500,2008-02-17,0.014882900419733561,A
08189500,2008-02-18,0.016235891366982069,A
08189500,2008-02-19,0.016235891366982069,A
08189500,2008-02-20,0.016235891366982069,A
08189500,2008-02-21,0.016235891366982069,A
08189500,2008-02-22,0.016235891366982069,A
08189500,2008-02-23,0.016235891366982069,A
08189500,2008-02-24,0.016235891366982069,A
08189500,2008-02-25,0.014882900419733561,A
08189500,2008-02-26,0.016235891366982069,A
08189500,2008-02-27,0.014882900419733561,A
08189500,2008-02-28,0.013529909472485056,A
08189500,2008-02-29,0.014882900419733561,A
08189500,2008-03-01,0.013529909472485056,A
08189500,2008-03-02,0.013529909472485056,A
08189500,2008-03-03,0.014882900419733561,A
08189500,2008-03-04,0.013529909472485056,A
08189500,2008-03-05,0.013529909472485056,A
08189500,2008-03-06,0.018941873261479079,A
08189500,2008-03-07,0.027059818944970112,A
08189500,2008-03-08,0.023000846103224597,A
08189500,2008-03-09,0.016235891366982069,A
08189500,2008-03-10,0.018941873261479079,A
08189500,2008-03-11,0.079826465887661832,A
08189500,2008-03-12,0.056825619784437238,A
08189500,2008-03-13,0.033824773681212644,A
08189500,2008-03-14,0.025706827997721605,A
08189500,2008-03-15,0.023000846103224597,A
08189500,2008-03-16,0.020294864208727583,A
08189500,2008-03-17,0.018941873261479079,A
08189500,2008-03-18,0.020294864208727583,A
08189500,2008-03-19,0.018941873261479079,A
08189500,2008-03-20,0.017588882314230572,A
08189500,2008-03-21,0.017588882314230572,A
08189500,2008-03-22,0.016235891366982069,A
08189500,2008-03-23,0.014882900419733561,A
08189500,2008-03-24,0.014882900419733561,A
08189500,2008-03-25,0.014882900419733561,A
08189500,2008-03-26,0.014882900419733561,A
08189500,2008-03-27,0.014882900419733561,A
08189500,2008-03-28,0.013529909472485056,A
08189500,2008-03-29,0.013529909472485056,A
08189500,2008-03-30,0.013529909472485056,A
08189500,2008-03-31,0.013529909472485056,A
08189500,2008-04-01,0.013529909472485056,A
08189500,2008-04-02,0.013394610377760206,A
08189500,2008-04-03,0.013394610377760206,A
08189500,2008-04-04,0.013529909472485056,A
08189500,2008-04-05,0.013259311283035355,A
08189500,2008-04-06,0.012582815809411103,A
08189500,2008-04-07,0.012447516714686252,A
08189500,2008-04-08,0.012041619430511699,A
08189500,2008-04-09,0.012041619430511699,A
08189500,2008-04-10,0.012041619430511699,A
08189500,2008-04-11,0.011094525767437746,A
08189500,2008-04-12,0.010959226672712895,A
08189500,2008-04-13,0.010282731199088641,A
08189500,2008-04-14,0.010012133009638942,A
08189500,2008-04-15,0.0096062357254643894,A
08189500,2008-04-16,0.0096062357254643894,A
08189500,2008-04-17,0.0097415348201892391,A
08189500,2008-04-18,0.010959226672712895,A
08189500,2008-04-19,0.010823927577988045,A
08189500,2008-04-20,0.010012133009638942,A
08189500,2008-04-21,0.0097415348201892391,A
08189500,2008-04-22,0.010012133009638942,A
08189500,2008-04-23,0.0094709366307395397,A
08189500,2008-04-24,0.008523842967665585,A
08189500,2008-04-25,0.0086591420623904364,A
08189500,2008-04-26,0.0098768339149140905,A
08189500,2008-04-27,0.010147432104363792,A
08189500,2008-04-28,0.0090650393465649872,A
08189500,2008-04-29,0.0087944411571152861,A
08189500,2008-04-30,0.0089297402518401358,A
08189500,2008-05-01,0.0089297402518401358,A
08189500,2008-05-02,0.0089297402518401358,A
08189500,2008-05-03,0.0086591420623904364,A
08189500,2008-05-04,0.0078473474940413315,A
08189500,2008-05-05,0.008253244778215884,A
08189500,2008-05-06,0.0094709366307395397,A
08189500,2008-05-07,0.0096062357254643894,A
08189500,2008-05-08,0.008253244778215884,A
08189500,2008-05-09,0.0081179456834910343,A
08189500,2008-05-10,0.0077120483993164827,A
08189500,2008-05-11,0.0071708520204170787,A
08189500,2008-05-12,0.006764954736242528,A
08189500,2008-05-13,0.0073061511151419302,A
08189500,2008-05-14,0.0074414502098667807,A
08189500,2008-05-15,0.0073061511151419302,A
08189500,2008-05-16,0.0077120483993164827,A
08189500,2008-05-17,0.0069002538309673785,A
08189500,2008-05-18,0.006764954736242528,A
08189500,2008-05-19,0.0062237583573431258,A
08189500,2008-05-20,0.0056825619784437236,A
08189500,2008-05-21,0.0056825619784437236,A
08189500,2008-05-22,0.0056825619784437236,A
08189500,2008-05-23,0.0056825619784437236,A
08189500,2008-05-24,0.0054119637889940226,A
08189500,2008-05-25,0.0050060665048194709,A
08189500,2008-05-26,0.0050060665048194709,A
08189500,2008-05-27,0.0047354683153697699,A
08189500,2008-05-28,0.0043295710311952182,A
08189500,2008-05-29,0.0041942719364703677,A
08189500,2008-05-30,0.0039236737470206657,A
08189500,2008-05-31,0.003517776462846115,A
08189500,2008-06-01,0.0037883746522958156,A
08189500,2008-06-02,0.003517776462846115,A
08189500,2008-06-03,0.0036530755575709651,A
08189500,2008-06-04,0.003517776462846115,A
08189500,2008-06-05,0.003517776462846115,A
08189500,2008-06-06,0.0039236737470206657,A
08189500,2008-06-07,0.0040589728417455171,A
08189500,2008-06-08,0.003382477368121264,A
08189500,2008-06-09,0.003382477368121264,A
08189500,2008-06-10,0.003247178273396413,A
08189500,2008-06-11,0.003247178273396413,A
08189500,2008-06-12,0.003247178273396413,A
08189500,2008-06-13,0.0031118791786715629,A
08189500,2008-06-14,0.0031118791786715629,A
08189500,2008-06-15,0.0029765800839467124,A
08189500,2008-06-16,0.0028412809892218618,A
08189500,2008-06-17,0.0029765800839467124,A
08189500,2008-06-18,0.0025706827997721603,A
08189500,2008-06-19,0.0025706827997721603,A
08189500,2008-06-20,0.0027059818944970113,A
08189500,2008-06-21,0.0024353837050473098,A
08189500,2008-06-22,0.0056825619784437236,A
08189500,2008-06-23,0.0048707674100946195,A
08189500,2008-06-24,0.0037883746522958156,A
08189500,2008-06-25,0.0036530755575709651,A
08189500,2008-06-26,0.0029765800839467124,A
08189500,2008-06-27,0.0027059818944970113,A
08189500,2008-06-28,0.0024353837050473098,A
08189500,2008-06-29,0.0020294864208727586,A
08189500,2008-06-30,0.0018941873261479078,A
08189500,2008-07-01,0.0017588882314230575,A
08189500,2008-07-02,0.003517776462846115,A
08189500,2008-07-03,0.003247178273396413,A
08189500,2008-07-04,0.0036530755575709651,A
08189500,2008-07-05,0.0037883746522958156,A
08189500,2008-07-06,0.0044648701259200679,A
08189500,2008-07-07,0.0041942719364703677,A
08189500,2008-07-08,0.003382477368121264,A
08189500,2008-07-09,0.003247178273396413,A
08189500,2008-07-10,0.0024353837050473098,A
08189500,2008-07-11,0.0017588882314230575,A
08189500,2008-07-12,0.0016235891366982065,A
08189500,2008-07-13,0.0012988713093585653,A
08189500,2008-07-14,0.0010282731199088642,A
08189500,2008-07-15,0.00092003384412898395,A
08189500,2008-07-16,0.00079826465887661833,A
08189500,2008-07-17,0.00081179456834910325,A
08189500,2008-07-18,0.00069002538309673785,A
08189500,2008-07-19,0.00066296556415176768,A
08189500,2008-07-20,0.00081179456834910325,A
08189500,2008-07-21,0.00058178610731685738,A
08189500,2008-07-22,0.00036530755575709653,A
08189500,2008-07-23,0.0011094525767437746,A
08189500,2008-07-24,0.05141365599544321,A
08189500,2008-07-25,0.0031118791786715629,A
08189500,2008-07-26,0.0025706827997721603,A
08189500,2008-07-27,0.0023000846103224597,A
08189500,2008-07-28,0.0018941873261479078,A
08189500,2008-07-29,0.0017588882314230575,A
08189500,2008-07-30,0.0013529909472485056,A
08189500,2008-07-31,0.0013529909472485056,A
08189500,2008-08-01,0.0016235891366982065,A
08189500,2008-08-02,0.0018941873261479078,A
08189500,2008-08-03,0.0017588882314230575,A
08189500,2008-08-04,0.0020294864208727586,A
08189500,2008-08-05,0.0028412809892218618,A
08189500,2008-08-06,0.0021647855155976091,A
08189500,2008-08-07,0.0021647855155976091,A
08189500,2008-08-08,0.0020294864208727586,A
08189500,2008-08-09,0.0014882900419733562,A
08189500,2008-08-10,0.0010418030293813493,A
08189500,2008-08-11,0.00078473474940413319,A
08189500,2008-08-12,0.00069002538309673785,A
08189500,2008-08-13,0.0021647855155976091,A
08189500,2008-08-14,0.003382477368121264,A
08189500,2008-08-15,0.0027059818944970113,A
08189500,2008-08-16,0.028412809892218619,A
08189500,2008-08-17,0.020294864208727583,A
08189500,2008-08-18,0.013529909472485056,A
08189500,2008-08-19,0.0087944411571152861,A
08189500,2008-08-20,0.010418030293813494,A
08189500,2008-08-21,0.17859480503680275,A
08189500,2008-08-22,0.086591420623904361,A
08189500,2008-08-23,0.039236737470206666,A
08189500,2008-08-24,0.024353837050473101,A
08189500,2008-08-25,0.018941873261479079,A
08189500,2008-08-26,0.013394610377760206,A
08189500,2008-08-27,0.0092003384412898386,A
08189500,2008-08-28,0.0071708520204170787,A
08189500,2008-08-29,0.0059531601678934247,A
08189500,2008-08-30,0.0055472628837188731,A
08189500,2008-08-31,0.0051413655995443206,A
08189500,2008-09-01,0.0046001692206449193,A
08189500,2008-09-02,0.0044648701259200679,A
08189500,2008-09-03,0.0043295710311952182,A
08189500,2008-09-04,0.0036530755575709651,A
08189500,2008-09-05,0.0031118791786715629,A
08189500,2008-09-06,0.0029765800839467124,A
08189500,2008-09-07,0.0027059818944970113,A
08189500,2008-09-08,0.0025706827997721603,A
08189500,2008-09-09,0.0036530755575709651,A
08189500,2008-09-10,0.0056825619784437236,A
08189500,2008-09-11,0.0050060665048194709,A
08189500,2008-09-12,0.0075767493045916312,A
08189500,2008-09-13,0.085238429676655861,A
08189500,2008-09-14,0.027059818944970112,A
08189500,2008-09-15,0.0020294864208727586,A
08189500,2008-09-16,0.0010959226672712897,A
08189500,2008-09-17,0.0008659142062390436,A
08189500,2008-09-18,0.0008253244778215884,A
08189500,2008-09-19,0.0011229824862162595,A
08189500,2008-09-20,0.0010959226672712897,A
08189500,2008-09-21,0.0012312217619961402,A
08189500,2008-09-22,0.0017588882314230575,A
08189500,2008-09-23,0.0021647855155976091,A
08189500,2008-09-24,0.003247178273396413,A
08189500,2008-09-25,0.0024353837050473098,A
08189500,2008-09-26,0.0014882900419733562,A
08189500,2008-09-27,0.0014882900419733562,A
08189500,2008-09-28,0.0014882900419733562,A
08189500,2008-09-29,0.0013529909472485056,A
08189500,2008-09-30,0.0014882900419733562,A
09505350,2006-10-01,0,A
09505350,2006-10-02,0,A
09505350,2006-10-03,0,A
09505350,2006-10-04,0,A
09505350,2006-10-05,0,A
09505350,2006-10-06,0,A
09505350,2006-10-07,0,A
09505350,2006-10-08,0,A
09505350,2006-10-09,0,A
09505350,2006-10-10,0,A
09505350,2006-10-11,0,A
09505350,2006-10-12,0,A
09505350,2006-10-13,0,A
09505350,2006-10-14,0,A
09505350,2006-10-15,0,A
09505350,2006-10-16,0,A
09505350,2006-10-17,0,A
09505350,2006-10-18,0,A
09505350,2006-10-19,0,A
09505350,2006-10-20,0,A
09505350,2006-10-21,0,A
09505350,2006-10-22,0,A
09505350,2006-10-23,0,A
09505350,2006-10-24,0,A
09505350,2006-10-25,0,A
09505350,2006-10-26,0,A
09505350,2006-10-27,0,A
09505350,2006-10-28,0,A
09505350,2006-10-29,0,A
09505350,2006-10-30,0,A
09505350,2006-10-31,0,A
09505350,2006-11-01,0,A
09505350,2006-11-02,0,A
09505350,2006-11-03,0,A
09505350,2006-11-04,0,A
09505350,2006-11-05,0,A
09505350,2006-11-06,0,A
09505350,2006-11-07,0,A
09505350,2006-11-08,0,A
09505350,2006-11-09,0,A
09505350,2006-11-10,0,A
09505350,2006-11-11,0,A
09505350,2006-11-12,0,A
09505350,2006-11-13,0,A
09505350,2006-11-14,0,A
09505350,2006-11-15,0,A
09505350,2006-11-16,0,A
09505350,2006-11-17,0,A
09505350,2006-11-18,0,A
09505350,2006-11-19,0,A
09505350,2006-11-20,0,A
09505350,2006-11-21,0,A
09505350,2006-11-22,0,A
09505350,2006-11-23,0,A
09505350,2006-11-24,0,A
09505350,2006-11-25,0,A
09505350,2006-11-26,0,A
09505350,2006-11-27,0,A
09505350,2006-11-28,0,A
09505350,2006-11-29,0,A
09505350,2006-11-30,0,A
09505350,2006-12-01,0,A
09505350,2006-12-02,0,A
09505350,2006-12-03,0,A
09505350,2006-12-04,0,A
09505350,2006-12-05,0,A
09505350,2006-12-06,0,A
09505350,2006-12-07,0,A
09505350,2006-12-08,0,A
09505350,2006-12-09,0,A
09505350,2006-12-10,0,A
09505350,2006-12-11,0,A
09505350,2006-12-12,0,A
09505350,2006-12-13,0,A
09505350,2006-12-14,0,A
09505350,2006-12-15,0,A
09505350,2006-12-16,0,A
09505350,2006-12-17,0,A
09505350,2006-12-18,0,A
09505350,2006-12-19,0,A
09505350,2006-12-20,0,A
09505350,2006-12-21,0,A
09505350,2006-12-22,0,A
09505350,2006-12-23,0,A
09505350,2006-12-24,0,A
09505350,2006-12-25,0,A
09505350,2006-12-26,0,A
09505350,2006-12-27,0,A
09505350,2006-12-28,0,A
09505350,2006-12-29,0,A
09505350,2006-12-30,0,A
09505350,2006-12-31,0,A
09505350,2007-01-01,0,A
09505350,2007-01-02,0,A
09505350,2007-01-03,0,A
09505350,2007-01-04,0,A
09505350,2007-01-05,0,A
09505350,2007-01-06,0,A
09505350,2007-01-07,0,A
09505350,2007-01-08,0,A
09505350,2007-01-09,0,A
09505350,2007-01-10,0,A
09505350,2007-01-11,0,A
09505350,2007-01-12,0,A
09505350,2007-01-13,0,A
09505350,2007-01-14,0,A
09505350,2007-01-15,0,A
09505350,2007-01-16,0,A
09505350,2007-01-17,0,A
09505350,2007-01-18,0,A
09505350,2007-01-19,0,A
09505350,2007-01-20,0,A
09505350,2007-01-21,0,A
09505350,2007-01-22,0,A
09505350,2007-01-23,0,A
09505350,2007-01-24,0,A
09505350,2007-01-25,0,A
09505350,2007-01-26,0,A
09505350,2007-01-27,0,A
09505350,2007-01-28,0,A
09505350,2007-01-29,0,A
09505350,2007-01-30,0,A
09505350,2007-01-31,0,A
09505350,2007-02-01,0,A
09505350,2007-02-02,0,A
09505350,2007-02-03,0,A
09505350,2007-02-04,0,A
09505350,2007-02-05,0,A
09505350,2007-02-06,0,A
09505350,2007-02-07,0,A
09505350,2007-02-08,0,A
09505350,2007-02-09,0,A
09505350,2007-02-10,0,A
09505350,2007-02-11,0,A
09505350,2007-02-12,0.0029440026253897064,A
09505350,2007-02-13,0.0013381830115407757,A
09505350,2007-02-14,0.00026763660230815509,A
09505350,2007-02-15,6.6909150577038772e-05,A
09505350,2007-02-16,6.6909150577038772e-05,A
09505350,2007-02-17,0,A
09505350,2007-02-18,0,A
09505350,2007-02-19,0.066240059071268384,A
09505350,2007-02-20,0.086981895750150418,A
09505350,2007-02-21,0.020741836678882023,A
09505350,2007-02-22,0.093672810807854293,A
09505350,2007-02-23,0.44829130886615981,A
09505350,2007-02-24,0.19403653667341247,A
09505350,2007-02-25,0.086981895750150418,A
09505350,2007-02-26,0.044829130886615984,A
09505350,2007-02-27,0.022749111196193186,A
09505350,2007-02-28,0.01806547065580047,A
09505350,2007-03-01,0.037469124323141714,A
09505350,2007-03-02,0.019403653667341245,A
09505350,2007-03-03,0.0080290980692446518,A
09505350,2007-03-04,0.0034123666794289779,A
09505350,2007-03-05,0.0014720013126948532,A
09505350,2007-03-06,0.00060218235519334895,A
09505350,2007-03-07,0.00026763660230815509,A
09505350,2007-03-08,0.00020072745173111634,A
09505350,2007-03-09,0.12712738609637367,A
09505350,2007-03-10,0.25425477219274734,A
09505350,2007-03-11,0.23418202701963572,A
09505350,2007-03-12,0.24087294207733959,A
09505350,2007-03-13,0.28101843242356289,A
09505350,2007-03-14,0.24087294207733959,A
09505350,2007-03-15,0.1806547065580047,A
09505350,2007-03-16,0.12712738609637367,A
09505350,2007-03-17,0.080290980692446529,A
09505350,2007-03-18,0.039476398840452877,A
09505350,2007-03-19,0.018734562161570857,A
09505350,2007-03-20,0.010036372586555816,A
09505350,2007-03-21,0.00548655034731718,A
09505350,2007-03-22,0.0036130941311600944,A
09505350,2007-03-23,0.025425477219274732,A
09505350,2007-03-24,0.007360006563474266,A
09505350,2007-03-25,0.0030109117759667451,A
09505350,2007-03-26,0.0013381830115407757,A
09505350,2007-03-27,0.00066909150577038783,A
09505350,2007-03-28,0.00040145490346223269,A
09505350,2007-03-29,0.00026763660230815509,A
09505350,2007-03-30,0.00026763660230815509,A
09505350,2007-03-31,0.00026763660230815509,A
09505350,2007-04-01,0.00046836405403927152,A
09505350,2007-04-02,0.00040145490346223269,A
09505350,2007-04-03,0.00040145490346223269,A
09505350,2007-04-04,0.00033454575288519392,A
09505350,2007-04-05,0.00033454575288519392,A
09505350,2007-04-06,0.00026763660230815509,A
09505350,2007-04-07,0.00020072745173111634,A
09505350,2007-04-08,0.00013381830115407754,A
09505350,2007-04-09,0.00013381830115407754,A
09505350,2007-04-10,0.00013381830115407754,A
09505350,2007-04-11,6.6909150577038772e-05,A
09505350,2007-04-12,0,A
09505350,2007-04-13,0,A
09505350,2007-04-14,0,A
09505350,2007-04-15,0,A
09505350,2007-04-16,0,A
09505350,2007-04-17,0,A
09505350,2007-04-18,0,A
09505350,2007-04-19,0,A
09505350,2007-04-20,0,A
09505350,2007-04-21,0,A
09505350,2007-04-22,0,A
09505350,2007-04-23,0,A
09505350,2007-04-24,0,A
09505350,2007-04-25,0,A
09505350,2007-04-26,0,A
09505350,2007-04-27,0,A
09505350,2007-04-28,0,A
09505350,2007-04-29,0,A
09505350,2007-04-30,0,A
09505350,2007-05-01,0,A
09505350,2007-05-02,0,A
09505350,2007-05-03,0,A
09505350,2007-05-04,0,A
09505350,2007-05-05,0,A
09505350,2007-05-06,0,A
09505350,2007-05-07,0,A
09505350,2007-05-08,0,A
09505350,2007-05-09,0,A
09505350,2007-05-10,0,A
09505350,2007-05-11,0,A
09505350,2007-05-12,0,A
09505350,2007-05-13,0,A
09505350,2007-05-14,0,A
09505350,2007-05-15,0,A
09505350,2007-05-16,0,A
09505350,2007-05-17,0,A
09505350,2007-05-18,0,A
09505350,2007-05-19,0,A
09505350,2007-05-20,0,A
09505350,2007-05-21,0,A
09505350,2007-05-22,0,A
09505350,2007-05-23,0,A
09505350,2007-05-24,0,A
09505350,2007-05-25,0,A
09505350,2007-05-26,0,A
09505350,2007-05-27,0,A
09505350,2007-05-28,0,A
09505350,2007-05-29,0,A
09505350,2007-05-30,0,A
09505350,2007-05-31,0,A
09505350,2007-06-01,0,A
09505350,2007-06-02,0,A
09505350,2007-06-03,0,A
09505350,2007-06-04,0,A
09505350,2007-06-05,0,A
09505350,2007-06-06,0,A
09505350,2007-06-07,0,A
09505350,2007-06-08,0,A
09505350,2007-06-09,0,A
09505350,2007-06-10,0,A
09505350,2007-06-11,0,A
09505350,2007-06-12,0,A
09505350,2007-06-13,0,A
09505350,2007-06-14,0,A
09505350,2007-06-15,0,A
09505350,2007-06-16,0,A
09505350,2007-06-17,0,A
09505350,2007-06-18,0,A
09505350,2007-06-19,0,A
09505350,2007-06-20,0,A
09505350,2007-06-21,0,A
09505350,2007-06-22,0,A
09505350,2007-06-23,0,A
09505350,2007-06-24,0,A
09505350,2007-06-25,0,A
09505350,2007-06-26,0,A
09505350,2007-06-27,0,A
09505350,2007-06-28,0,A
09505350,2007-06-29,0,A
09505350,2007-06-30,0,A
09505350,2007-07-01,0,A
09505350,2007-07-02,0,A
09505350,2007-07-03,0,A
09505350,2007-07-04,0,A
09505350,2007-07-05,0,A
09505350,2007-07-06,0,A
09505350,2007-07-07,0,A
09505350,2007-07-08,0,A
09505350,2007-07-09,0,A
09505350,2007-07-10,0,A
09505350,2007-07-11,0,A
09505350,2007-07-12,0,A
09505350,2007-07-13,0,A
09505350,2007-07-14,0,A
09505350,2007-07-15,0,A
09505350,2007-07-16,0,A
09505350,2007-07-17,0,A
09505350,2007-07-18,0,A
09505350,2007-07-19,0,A
09505350,2007-07-20,0,A
09505350,2007-07-21,0,A
09505350,2007-07-22,0,A
09505350,2007-07-23,0,A
09505350,2007-07-24,0,A
09505350,2007-07-25,0.028101843242356289,A
09505350,2007-07-26,0.021410928184652411,A
09505350,2007-07-27,0.066909150577038778,A
09505350,2007-07-28,0.0036130941311600944,A
09505350,2007-07-29,6.6909150577038772e-05,A
09505350,2007-07-30,0,A
09505350,2007-07-31,0.22749111196193186,A
09505350,2007-08-01,0.0086981895750150411,A
09505350,2007-08-02,0.00040145490346223269,A
09505350,2007-08-03,0.0086981895750150411,A
09505350,2007-08-04,0.00086981895750150404,A
09505350,2007-08-05,0.066240059071268384,A
09505350,2007-08-06,0.040814581851993652,A
09505350,2007-08-07,0.0013381830115407757,A
09505350,2007-08-08,0.00013381830115407754,A
09505350,2007-08-09,0,A
09505350,2007-08-10,0,A
09505350,2007-08-11,0,A
09505350,2007-08-12,0,A
09505350,2007-08-13,0.023418202701963573,A
09505350,2007-08-14,0.0024087294207733958,A
09505350,2007-08-15,0.00013381830115407754,A
09505350,2007-08-16,6.6909150577038772e-05,A
09505350,2007-08-17,0,A
09505350,2007-08-18,0,A
09505350,2007-08-19,0,A
09505350,2007-08-20,0,A
09505350,2007-08-21,0,A
09505350,2007-08-22,0,A
09505350,2007-08-23,0,A
09505350,2007-08-24,0,A
09505350,2007-08-25,0,A
09505350,2007-08-26,0,A
09505350,2007-08-27,0,A
09505350,2007-08-28,0,A
09505350,2007-08-29,0,A
09505350,2007-08-30,0,A
09505350,2007-08-31,0.086981895750150418,A
09505350,2007-09-01,0.0058210961002023729,A
09505350,2007-09-02,0,A
09505350,2007-09-03,0,A
09505350,2007-09-04,0,A
09505350,2007-09-05,0,A
09505350,2007-09-06,0,A
09505350,2007-09-07,0,A
09505350,2007-09-08,0,A
09505350,2007-09-09,0,A
09505350,2007-09-10,0,A
09505350,2007-09-11,0,A
09505350,2007-09-12,0,A
09505350,2007-09-13,0,A
09505350,2007-09-14,0,A
09505350,2007-09-15,0,A
09505350,2007-09-16,0,A
09505350,2007-09-17,0,A
09505350,2007-09-18,0,A
09505350,2007-09-19,0,A
09505350,2007-09-20,0,A
09505350,2007-09-21,0,A
09505350,2007-09-22,0.044829130886615984,A
09505350,2007-09-23,0.041483673357764046,A
09505350,2007-09-24,0.0010036372586555815,A
09505350,2007-09-25,0,A
09505350,2007-09-26,0,A
09505350,2007-09-27,0,A
09505350,2007-09-28,0,A
09505350,2007-09-29,0,A
09505350,2007-09-30,0,A
09505350,2007-10-01,0,A
09505350,2007-10-02,0,A
09505350,2007-10-03,0,A
09505350,2007-10-04,0,A
09505350,2007-10-05,0,A
09505350,2007-10-06,0,A
09505350,2007-10-07,0,A
09505350,2007-10-08,0,A
09505350,2007-10-09,0,A
09505350,2007-10-10,0,A
09505350,2007-10-11,0,A
09505350,2007-10-12,0,A
09505350,2007-10-13,0,A
09505350,2007-10-14,0,A
09505350,2007-10-15,0,A
09505350,2007-10-16,0,A
09505350,2007-10-17,0,A
09505350,2007-10-18,0,A
09505350,2007-10-19,0,A
09505350,2007-10-20,0,A
09505350,2007-10-21,0,A
09505350,2007-10-22,0,A
09505350,2007-10-23,0,A
09505350,2007-10-24,0,A
09505350,2007-10-25,0,A
09505350,2007-10-26,0,A
09505350,2007-10-27,0,A
09505350,2007-10-28,0,A
09505350,2007-10-29,0,A
09505350,2007-10-30,0,A
09505350,2007-10-31,0,A
09505350,2007-11-01,0,A
09505350,2007-11-02,0,A
09505350,2007-11-03,0,A
09505350,2007-11-04,0,A
09505350,2007-11-05,0,A
09505350,2007-11-06,0,A
09505350,2007-11-07,0,A
09505350,2007-11-08,0,A
09505350,2007-11-09,0,A
09505350,2007-11-10,0,A
09505350,2007-11-11,0,A
09505350,2007-11-12,0,A
09505350,2007-11-13,0,A
09505350,2007-11-14,0,A
09505350,2007-11-15,0,A
09505350,2007-11-16,0,A
09505350,2007-11-17,0,A
09505350,2007-11-18,0,A
09505350,2007-11-19,0,A
09505350,2007-11-20,0,A
09505350,2007-11-21,0,A
09505350,2007-11-22,0,A
09505350,2007-11-23,0,A
09505350,2007-11-24,0,A
09505350,2007-11-25,0,A
09505350,2007-11-26,0,A
09505350,2007-11-27,0,A
09505350,2007-11-28,0,A
09505350,2007-11-29,0,A
09505350,2007-11-30,0.066909150577038778,A
09505350,2007-12-01,5.9749871465295623,A
09505350,2007-12-02,1.1040009845211398,A
09505350,2007-12-03,0.17396379150030084,A
09505350,2007-12-04,0.063563693048186834,A
09505350,2007-12-05,0.017396379150030082,A
09505350,2007-12-06,0.0086981895750150411,A
09505350,2007-12-07,9.634917683093585,A
09505350,2007-12-08,17.128742547721927,A
09505350,2007-12-09,1.2712738609637368,A:e
09505350,2007-12-10,0.60887327025105287,A:e
09505350,2007-12-11,0.56203686484712578,A:e
09505350,2007-12-12,0.37469124323141717,A:e
09505350,2007-12-13,0.25425477219274734,A
09505350,2007-12-14,0.1806547065580047,A
09505350,2007-12-15,0.11374555598096593,A
09505350,2007-12-16,0.057541869496253339,A
09505350,2007-12-17,0.031447300771208227,A
09505350,2007-12-18,0.016058196138489304,A
09505350,2007-12-19,0.014720013126948532,A
09505350,2007-12-20,0.013381830115407755,A
09505350,2007-12-21,0.010705464092326205,A
09505350,2007-12-22,0.007360006563474266,A
09505350,2007-12-23,0.0060887327025105293,A
09505350,2007-12-24,0.0066909150577038777,A
09505350,2007-12-25,0.0042821856369304814,A
09505350,2007-12-26,0.0022080019690422798,A
09505350,2007-12-27,0.0012712738609637368,A
09505350,2007-12-28,0.00086981895750150404,A
09505350,2007-12-29,0.00060218235519334895,A
09505350,2007-12-30,0.00040145490346223269,A
09505350,2007-12-31,0.00033454575288519392,A
09505350,2008-01-01,0.00026763660230815509,A
09505350,2008-01-02,0.00020072745173111634,A
09505350,2008-01-03,0.00013381830115407754,A
09505350,2008-01-04,0.00013381830115407754,A
09505350,2008-01-05,0.00013381830115407754,A
09505350,2008-01-06,6.4032057102226112,A
09505350,2008-01-07,4.6635677952196026,A
09505350,2008-01-08,1.0638554941749165,A
09505350,2008-01-09,0.90996444784772745,A
09505350,2008-01-10,0.7761461466936499,A
09505350,2008-01-11,0.55534594978942187,A
09505350,2008-01-12,0.53527320461631023,A
09505350,2008-01-13,0.42821856369304817,A
09505350,2008-01-14,0.28770934748126675,A
09505350,2008-01-15,0.2074183667888202,A
09505350,2008-01-16,0.16727287644259695,A
09505350,2008-01-17,0.10705464092326204,A
09505350,2008-01-18,0.080290980692446529,A
09505350,2008-01-19,0.057541869496253339,A
09505350,2008-01-20,0.034792758300060164,A
09505350,2008-01-21,0.024087294207733961,A
09505350,2008-01-22,0.022080019690422795,A
09505350,2008-01-23,0.015389104632718918,A
09505350,2008-01-24,0.010705464092326205,A
09505350,2008-01-25,0.0080290980692446518,A
09505350,2008-01-26,0.0056872777990482964,A
09505350,2008-01-27,9.634917683093585,A
09505350,2008-01-28,13.381830115407755,A
09505350,2008-01-29,2.9573844555051143,A
09505350,2008-01-30,1.4519285675217413,A
09505350,2008-01-31,0.66240059071268387,A
09505350,2008-02-01,0.59549144013564514,A
09505350,2008-02-02,0.52858228955860642,A
09505350,2008-02-03,0.46167313898156759,A
09505350,2008-02-04,1.150837389925067,A
09505350,2008-02-05,0.55534594978942187,A
09505350,2008-02-06,0.34123666794289775,A
09505350,2008-02-07,0.31447300771208225,A
09505350,2008-02-08,0.54865503473171795,A
09505350,2008-02-09,0.73600065634742662,A
09505350,2008-02-10,1.0304009188863972,A
09505350,2008-02-11,1.2110556254444018,A
09505350,2008-02-12,1.425164907290926,A
09505350,2008-02-13,1.7061833397144888,A
09505350,2008-02-14,1.6861105945413772,A
09505350,2008-02-15,0.90996444784772745,A
09505350,2008-02-16,0.60887327025105287,A
09505350,2008-02-17,1.1909828802712903,A
09505350,2008-02-18,1.3850194169447028,A
09505350,2008-02-19,1.3181102663676638,A
09505350,2008-02-20,1.4987649729256687,A
09505350,2008-02-21,1.3716375868292949,A
09505350,2008-02-22,1.1776010501558825,A
09505350,2008-02-23,1.6058196138489305,A
09505350,2008-02-24,1.1374555598096592,A
09505350,2008-02-25,1.1776010501558825,A
09505350,2008-02-26,1.5121468030410763,A
09505350,2008-02-27,1.6058196138489305,A
09505350,2008-02-28,2.2481474593885031,A
09505350,2008-02-29,2.7633479188317014,A
09505350,2008-03-01,3.2852392933326038,A
09505350,2008-03-02,3.1112755018323033,A
09505350,2008-03-03,1.4653103976371493,A
09505350,2008-03-04,1.0839282393480281,A
09505350,2008-03-05,1.1976737953289942,A
09505350,2008-03-06,1.1040009845211398,A
09505350,2008-03-07,0.84974621232839254,A
09505350,2008-03-08,1.0772373242903244,A
09505350,2008-03-09,1.3582557567138871,A
09505350,2008-03-10,1.5188377180987802,A
09505350,2008-03-11,1.7128742547721927,A
09505350,2008-03-12,2.1678564786960561,A
09505350,2008-03-13,2.3618930153694686,A
09505350,2008-03-14,2.455565826177323,A
09505350,2008-03-15,1.9537471968495321,A
09505350,2008-03-16,1.1441464748673631,A
09505350,2008-03-17,0.56872777990482959,A
09505350,2008-03-18,0.43490947875075203,A
09505350,2008-03-19,0.58880052507794123,A
09505350,2008-03-20,0.79621889186676142,A
09505350,2008-03-21,1.3181102663676638,A
09505350,2008-03-22,1.4117830771755182,A
09505350,2008-03-23,1.257892030848329,A
09505350,2008-03-24,1.0036372586555817,A
09505350,2008-03-25,1.1575283049827707,A
09505350,2008-03-26,1.2110556254444018,A
09505350,2008-03-27,1.1909828802712903,A
09505350,2008-03-28,1.0170190887709893,A
09505350,2008-03-29,0.80290980692446523,A
09505350,2008-03-30,0.62225510036646059,A
09505350,2008-03-31,0.39476398840452875,A
09505350,2008-04-01,0.24087294207733959,A
09505350,2008-04-02,0.16727287644259695,A
09505350,2008-04-03,0.12712738609637367,A
09505350,2008-04-04,0.10036372586555815,A
09505350,2008-04-05,0.065570967565498003,A
09505350,2008-04-06,0.039476398840452877,A
09505350,2008-04-07,0.02877093474812667,A
09505350,2008-04-08,0.022080019690422795,A
09505350,2008-04-09,0.014720013126948532,A
09505350,2008-04-10,0.0093672810807854286,A
09505350,2008-04-11,0.0062894601542416448,A
09505350,2008-04-12,0.0036130941311600944,A
09505350,2008-04-13,0.0020741836678882021,A
09505350,2008-04-14,0.0014720013126948532,A
09505350,2008-04-15,0.0010705464092326204,A
09505350,2008-04-16,0.00060218235519334895,A
09505350,2008-04-17,0.00046836405403927152,A
09505350,2008-04-18,0.00033454575288519392,A
09505350,2008-04-19,0.00020072745173111634,A
09505350,2008-04-20,0.00020072745173111634,A
09505350,2008-04-21,0.00020072745173111634,A
09505350,2008-04-22,0.00013381830115407754,A
09505350,2008-04-23,0.00013381830115407754,A
09505350,2008-04-24,0.00013381830115407754,A
09505350,2008-04-25,0.00013381830115407754,A
09505350,2008-04-26,6.6909150577038772e-05,A
09505350,2008-04-27,6.6909150577038772e-05,A
09505350,2008-04-28,6.6909150577038772e-05,A
09505350,2008-04-29,6.6909150577038772e-05,A
09505350,2008-04-30,0,A
09505350,2008-05-01,0,A
09505350,2008-05-02,0,A
09505350,2008-05-03,0,A
09505350,2008-05-04,0,A
09505350,2008-05-05,0,A
09505350,2008-05-06,0,A
09505350,2008-05-07,0,A
09505350,2008-05-08,0,A
09505350,2008-05-09,0,A
09505350,2008-05-10,0,A
09505350,2008-05-11,0,A
09505350,2008-05-12,0,A
09505350,2008-05-13,0,A
09505350,2008-05-14,0,A
09505350,2008-05-15,0,A
09505350,2008-05-16,0,A
09505350,2008-05-17,0,A
09505350,2008-05-18,0,A
09505350,2008-05-19,0,A
09505350,2008-05-20,0,A
09505350,2008-05-21,0,A
09505350,2008-05-22,0,A
09505350,2008-05-23,0,A
09505350,2008-05-24,0,A
09505350,2008-05-25,0,A
09505350,2008-05-26,0,A
09505350,2008-05-27,0,A
09505350,2008-05-28,0,A
09505350,2008-05-29,0,A
09505350,2008-05-30,0,A
09505350,2008-05-31,0,A
09505350,2008-06-01,0,A
09505350,2008-06-02,0,A
09505350,2008-06-03,0,A
09505350,2008-06-04,0,A
09505350,2008-06-05,0,A
09505350,2008-06-06,0,A
09505350,2008-06-07,0,A
09505350,2008-06-08,0,A
09505350,2008-06-09,0,A
09505350,2008-06-10,0,A
09505350,2008-06-11,0,A
09505350,2008-06-12,0,A
09505350,2008-06-13,0,A
09505350,2008-06-14,0,A
09505350,2008-06-15,0,A
09505350,2008-06-16,0,A
09505350,2008-06-17,0,A
09505350,2008-06-18,0,A
09505350,2008-06-19,0,A
09505350,2008-06-20,0,A
09505350,2008-06-21,0,A
09505350,2008-06-22,0,A
09505350,2008-06-23,0,A
09505350,2008-06-24,0,A
09505350,2008-06-25,0,A
09505350,2008-06-26,0,A
09505350,2008-06-27,0,A
09505350,2008-06-28,0,A
09505350,2008-06-29,0,A
09505350,2008-06-30,0,A
09505350,2008-07-01,0,A
09505350,2008-07-02,0,A
09505350,2008-07-03,0,A
09505350,2008-07-04,0,A
09505350,2008-07-05,0,A
09505350,2008-07-06,0,A
09505350,2008-07-07,0,A
09505350,2008-07-08,0,A
09505350,2008-07-09,0,A
09505350,2008-07-10,0,A
09505350,2008-07-11,0,A
09505350,2008-07-12,0,A
09505350,2008-07-13,0,A
09505350,2008-07-14,0,A
09505350,2008-07-15,0,A
09505350,2008-07-16,0,A
09505350,2008-07-17,0,A
09505350,2008-07-18,0,A
09505350,2008-07-19,0,A
09505350,2008-07-20,0.007360006563474266,A
09505350,2008-07-21,0.010705464092326205,A
09505350,2008-07-22,6.6909150577038772e-05,A
09505350,2008-07-23,0,A
09505350,2008-07-24,0,A
09505350,2008-07-25,0,A
09505350,2008-07-26,0,A
09505350,2008-07-27,0,A
09505350,2008-07-28,0,A
09505350,2008-07-29,0,A
09505350,2008-07-30,0,A
09505350,2008-07-31,0,A
09505350,2008-08-01,0,A
09505350,2008-08-02,0,A
09505350,2008-08-03,0,A
09505350,2008-08-04,0,A
09505350,2008-08-05,0,A
09505350,2008-08-06,0,A
09505350,2008-08-07,0,A
09505350,2008-08-08,0,A
09505350,2008-08-09,0,A
09505350,2008-08-10,0,A
09505350,2008-08-11,0,A
09505350,2008-08-12,0,A
09505350,2008-08-13,0,A
09505350,2008-08-14,0,A
09505350,2008-08-15,0,A
09505350,2008-08-16,0,A
09505350,2008-08-17,0.0054196411967401418,A
09505350,2008-08-18,0.0048174588415467916,A
09505350,2008-08-19,0,A
09505350,2008-08-20,0,A
09505350,2008-08-21,0,A
09505350,2008-08-22,0,A
09505350,2008-08-23,0,A
09505350,2008-08-24,0.0080290980692446518,A
09505350,2008-08-25,0.0042821856369304814,A
09505350,2008-08-26,0.0020741836678882021,A
09505350,2008-08-27,6.6909150577038772e-05,A
09505350,2008-08-28,0,A
09505350,2008-08-29,0,A
09505350,2008-08-30,0.004081458185199365,A
09505350,2008-08-31,0.24087294207733959,A
09505350,2008-09-01,0.0093672810807854286,A
09505350,2008-09-02,0.00086981895750150404,A
09505350,2008-09-03,6.6909150577038772e-05,A
09505350,2008-09-04,0,A
09505350,2008-09-05,0,A
09505350,2008-09-06,0,A
09505350,2008-09-07,0,A
09505350,2008-09-08,0,A
09505350,2008-09-09,0,A
09505350,2008-09-10,0.00026763660230815509,A
09505350,2008-09-11,0.0018734562161570861,A
09505350,2008-09-12,6.6909150577038772e-05,A
09505350,2008-09-13,0,A
09505350,2008-09-14,0,A
09505350,2008-09-15,0,A
09505350,2008-09-16,0,A
09505350,2008-09-17,0,A
09505350,2008-09-18,0,A
09505350,2008-09-19,0,A
09505350,2008-09-20,0,A
09505350,2008-09-21,0,A
09505350,2008-09-22,0,A
09505350,2008-09-23,0,A
09505350,2008-09-24,0,A
09505350,2008-09-25,0,A
09505350,2008-09-26,0,A
09505350,2008-09-27,0,A
09505350,2008-09-28,0,A
09505350,2008-09-29,0,A
09505350,2008-09-30,0,A
09447800,2006-10-01,0.0059447286306204914,A
09447800,2006-10-02,0.0056318481763773078,A
09447800,2006-10-03,0.0059447286306204914,A:e
09447800,2006-10-04,0.005318967722134125,A:e
09447800,2006-10-05,0.005318967722134125,A:e
09447800,2006-10-06,0.0056318481763773078,A:e
09447800,2006-10-07,0.0059447286306204914,A:e
09447800,2006-10-08,0.0056318481763773078,A
09447800,2006-10-09,0.0059447286306204914,A:e
09447800,2006-10-10,0.0059447286306204914,A:e
09447800,2006-10-11,0.0059447286306204914,A:e
09447800,2006-10-12,0.0059447286306204914,A:e
09447800,2006-10-13,0.0059447286306204914,A:e
09447800,2006-10-14,0.0059447286306204914,A:e
09447800,2006-10-15,0.0059447286306204914,A:e
09447800,2006-10-16,0.0059447286306204914,A:e
09447800,2006-10-17,0.0059447286306204914,A:e
09447800,2006-10-18,0.0059447286306204914,A
09447800,2006-10-19,0.0059447286306204914,A
09447800,2006-10-20,0.0059447286306204914,A
09447800,2006-10-21,0.0059447286306204914,A
09447800,2006-10-22,0.0059447286306204914,A
09447800,2006-10-23,0.0059447286306204914,A
09447800,2006-10-24,0.0059447286306204914,A
09447800,2006-10-25,0.0059447286306204914,A
09447800,2006-10-26,0.0059447286306204914,A
09447800,2006-10-27,0.0062576090848636759,A
09447800,2006-10-28,0.0059447286306204914,A
09447800,2006-10-29,0.0059447286306204914,A
09447800,2006-10-30,0.0059447286306204914,A
09447800,2006-10-31,0.0059447286306204914,A
09447800,2006-11-01,0.0059447286306204914,A
09447800,2006-11-02,0.0059447286306204914,A
09447800,2006-11-03,0.0059447286306204914,A
09447800,2006-11-04,0.0059447286306204914,A
09447800,2006-11-05,0.0059447286306204914,A
09447800,2006-11-06,0.0059447286306204914,A
09447800,2006-11-07,0.0059447286306204914,A
09447800,2006-11-08,0.0059447286306204914,A
09447800,2006-11-09,0.0059447286306204914,A
09447800,2006-11-10,0.0059447286306204914,A
09447800,2006-11-11,0.0059447286306204914,A
09447800,2006-11-12,0.0059447286306204914,A
09447800,2006-11-13,0.0062576090848636759,A
09447800,2006-11-14,0.0062576090848636759,A
09447800,2006-11-15,0.0062576090848636759,A
09447800,2006-11-16,0.0062576090848636759,A
09447800,2006-11-17,0.0062576090848636759,A
09447800,2006-11-18,0.0065704895391068604,A
09447800,2006-11-19,0.0065704895391068604,A
09447800,2006-11-20,0.0065704895391068604,A
09447800,2006-11-21,0.0065704895391068604,A
09447800,2006-11-22,0.0065704895391068604,A
09447800,2006-11-23,0.0065704895391068604,A
09447800,2006-11-24,0.0065704895391068604,A
09447800,2006-11-25,0.006883369993350044,A
09447800,2006-11-26,0.006883369993350044,A
09447800,2006-11-27,0.006883369993350044,A
09447800,2006-11-28,0.006883369993350044,A
09447800,2006-11-29,0.006883369993350044,A
09447800,2006-11-30,0.0071962504475932268,A
09447800,2006-12-01,0.0075091309018364104,A
09447800,2006-12-02,0.0075091309018364104,A
09447800,2006-12-03,0.0078220113560795949,A
09447800,2006-12-04,0.0078220113560795949,A
09447800,2006-12-05,0.0078220113560795949,A
09447800,2006-12-06,0.0078220113560795949,A
09447800,2006-12-07,0.0075091309018364104,A
09447800,2006-12-08,0.0078220113560795949,A
09447800,2006-12-09,0.0081348918103227794,A
09447800,2006-12-10,0.0081348918103227794,A
09447800,2006-12-11,0.0087606527188091466,A
09447800,2006-12-12,0.0087606527188091466,A
09447800,2006-12-13,0.0087606527188091466,A
09447800,2006-12-14,0.0087606527188091466,A
09447800,2006-12-15,0.0090735331730523294,A
09447800,2006-12-16,0.0096992940815386983,A
09447800,2006-12-17,0.0096992940815386983,A
09447800,2006-12-18,0.010012174535781881,A
09447800,2006-12-19,0.010012174535781881,A
09447800,2006-12-20,0.0096992940815386983,A
09447800,2006-12-21,0.010012174535781881,A
09447800,2006-12-22,0.010012174535781881,A
09447800,2006-12-23,0.010012174535781881,A
09447800,2006-12-24,0.010012174535781881,A
09447800,2006-12-25,0.0096992940815386983,A
09447800,2006-12-26,0.0096992940815386983,A
09447800,2006-12-27,0.0096992940815386983,A
09447800,2006-12-28,0.010325054990025064,A
09447800,2006-12-29,0.01063793544426825,A
09447800,2006-12-30,0.01063793544426825,A
09447800,2006-12-31,0.01063793544426825,A
09447800,2007-01-01,0.01063793544426825,A
09447800,2007-01-02,0.01063793544426825,A
09447800,2007-01-03,0.01063793544426825,A
09447800,2007-01-04,0.01063793544426825,A
09447800,2007-01-05,0.010325054990025064,A
09447800,2007-01-06,0.01063793544426825,A
09447800,2007-01-07,0.010325054990025064,A
09447800,2007-01-08,0.01063793544426825,A
09447800,2007-01-09,0.010950815898511433,A
09447800,2007-01-10,0.010950815898511433,A
09447800,2007-01-11,0.010950815898511433,A
09447800,2007-01-12,0.011263696352754616,A
09447800,2007-01-13,0.011576576806997802,A
09447800,2007-01-14,0.011889457261240983,A
09447800,2007-01-15,0.011889457261240983,A
09447800,2007-01-16,0.011576576806997802,A
09447800,2007-01-17,0.011889457261240983,A
09447800,2007-01-18,0.011576576806997802,A
09447800,2007-01-19,0.011889457261240983,A
09447800,2007-01-20,0.011576576806997802,A
09447800,2007-01-21,0.010950815898511433,A
09447800,2007-01-22,0.012202337715484169,A
09447800,2007-01-23,0.011889457261240983,A
09447800,2007-01-24,0.011576576806997802,A
09447800,2007-01-25,0.010950815898511433,A
09447800,2007-01-26,0.010950815898511433,A
09447800,2007-01-27,0.01063793544426825,A
09447800,2007-01-28,0.010012174535781881,A
09447800,2007-01-29,0.0096992940815386983,A
09447800,2007-01-30,0.0096992940815386983,A
09447800,2007-01-31,0.0096992940815386983,A
09447800,2007-02-01,0.010012174535781881,A
09447800,2007-02-02,0.010012174535781881,A
09447800,2007-02-03,0.0096992940815386983,A
09447800,2007-02-04,0.0096992940815386983,A
09447800,2007-02-05,0.0096992940815386983,A
09447800,2007-02-06,0.010012174535781881,A
09447800,2007-02-07,0.010012174535781881,A
09447800,2007-02-08,0.010012174535781881,A
09447800,2007-02-09,0.010012174535781881,A
09447800,2007-02-10,0.010012174535781881,A
09447800,2007-02-11,0.010325054990025064,A
09447800,2007-02-12,0.01063793544426825,A
09447800,2007-02-13,0.01063793544426825,A
09447800,2007-02-14,0.010950815898511433,A
09447800,2007-02-15,0.010950815898511433,A
09447800,2007-02-16,0.011576576806997802,A
09447800,2007-02-17,0.011889457261240983,A
09447800,2007-02-18,0.011889457261240983,A
09447800,2007-02-19,0.011576576806997802,A
09447800,2007-02-20,0.011889457261240983,A
09447800,2007-02-21,0.011889457261240983,A
09447800,2007-02-22,0.011263696352754616,A
09447800,2007-02-23,0.011263696352754616,A
09447800,2007-02-24,0.011263696352754616,A
09447800,2007-02-25,0.011576576806997802,A
09447800,2007-02-26,0.011263696352754616,A
09447800,2007-02-27,0.01063793544426825,A
09447800,2007-02-28,0.01063793544426825,A
09447800,2007-03-01,0.010325054990025064,A
09447800,2007-03-02,0.010325054990025064,A
09447800,2007-03-03,0.010012174535781881,A
09447800,2007-03-04,0.0096992940815386983,A
09447800,2007-03-05,0.0093864136272955138,A
09447800,2007-03-06,0.0093864136272955138,A
09447800,2007-03-07,0.0093864136272955138,A
09447800,2007-03-08,0.0090735331730523294,A
09447800,2007-03-09,0.0087606527188091466,A
09447800,2007-03-10,0.0084477722645659621,A
09447800,2007-03-11,0.0084477722645659621,A
09447800,2007-03-12,0.0084477722645659621,A
09447800,2007-03-13,0.0084477722645659621,A
09447800,2007-03-14,0.0084477722645659621,A
09447800,2007-03-15,0.0087606527188091466,A
09447800,2007-03-16,0.0081348918103227794,A
09447800,2007-03-17,0.0081348918103227794,A
09447800,2007-03-18,0.0081348918103227794,A
09447800,2007-03-19,0.0078220113560795949,A
09447800,2007-03-20,0.0081348918103227794,A
09447800,2007-03-21,0.0081348918103227794,A
09447800,2007-03-22,0.0084477722645659621,A
09447800,2007-03-23,0.0096992940815386983,A
09447800,2007-03-24,0.01063793544426825,A
09447800,2007-03-25,0.010012174535781881,A
09447800,2007-03-26,0.0093864136272955138,A
09447800,2007-03-27,0.0087606527188091466,A
09447800,2007-03-28,0.0084477722645659621,A
09447800,2007-03-29,0.0087606527188091466,A
09447800,2007-03-30,0.0084477722645659621,A
09447800,2007-03-31,0.0084477722645659621,A
09447800,2007-04-01,0.0084477722645659621,A
09447800,2007-04-02,0.0078220113560795949,A
09447800,2007-04-03,0.0078220113560795949,A
09447800,2007-04-04,0.0078220113560795949,A
09447800,2007-04-05,0.0078220113560795949,A
09447800,2007-04-06,0.0075091309018364104,A
09447800,2007-04-07,0.0078220113560795949,A
09447800,2007-04-08,0.0078220113560795949,A
09447800,2007-04-09,0.0078220113560795949,A
09447800,2007-04-10,0.0078220113560795949,A
09447800,2007-04-11,0.0081348918103227794,A
09447800,2007-04-12,0.0084477722645659621,A
09447800,2007-04-13,0.0093864136272955138,A
09447800,2007-04-14,0.0093864136272955138,A
09447800,2007-04-15,0.0090735331730523294,A
09447800,2007-04-16,0.0087606527188091466,A
09447800,2007-04-17,0.0087606527188091466,A
09447800,2007-04-18,0.0090735331730523294,A
09447800,2007-04-19,0.0090735331730523294,A
09447800,2007-04-20,0.0087606527188091466,A
09447800,2007-04-21,0.0090735331730523294,A
09447800,2007-04-22,0.0090735331730523294,A
09447800,2007-04-23,0.0093864136272955138,A
09447800,2007-04-24,0.0090735331730523294,A
09447800,2007-04-25,0.0087606527188091466,A
09447800,2007-04-26,0.0084477722645659621,A
09447800,2007-04-27,0.0084477722645659621,A
09447800,2007-04-28,0.0084477722645659621,A
09447800,2007-04-29,0.0084477722645659621,A
09447800,2007-04-30,0.0084477722645659621,A
09447800,2007-05-01,0.0081348918103227794,A
09447800,2007-05-02,0.0078220113560795949,A
09447800,2007-05-03,0.0075091309018364104,A
09447800,2007-05-04,0.0075091309018364104,A
09447800,2007-05-05,0.0075091309018364104,A
09447800,2007-05-06,0.0081348918103227794,A
09447800,2007-05-07,0.0078220113560795949,A
09447800,2007-05-08,0.0078220113560795949,A
09447800,2007-05-09,0.0084477722645659621,A
09447800,2007-05-10,0.0093864136272955138,A
09447800,2007-05-11,0.0093864136272955138,A
09447800,2007-05-12,0.0093864136272955138,A
09447800,2007-05-13,0.0090735331730523294,A
09447800,2007-05-14,0.0084477722645659621,A
09447800,2007-05-15,0.0081348918103227794,A
09447800,2007-05-16,0.0087606527188091466,A
09447800,2007-05-17,0.0087606527188091466,A
09447800,2007-05-18,0.0087606527188091466,A
09447800,2007-05-19,0.0084477722645659621,A
09447800,2007-05-20,0.0084477722645659621,A
09447800,2007-05-21,0.0084477722645659621,A
09447800,2007-05-22,0.0084477722645659621,A
09447800,2007-05-23,0.0087606527188091466,A
09447800,2007-05-24,0.0087606527188091466,A
09447800,2007-05-25,0.0084477722645659621,A
09447800,2007-05-26,0.0084477722645659621,A
09447800,2007-05-27,0.0084477722645659621,A
09447800,2007-05-28,0.0084477722645659621,A
09447800,2007-05-29,0.0081348918103227794,A
09447800,2007-05-30,0.0081348918103227794,A
09447800,2007-05-31,0.0078220113560795949,A
09447800,2007-06-01,0.0078220113560795949,A
09447800,2007-06-02,0.0078220113560795949,A
09447800,2007-06-03,0.0078220113560795949,A
09447800,2007-06-04,0.0075091309018364104,A
09447800,2007-06-05,0.0075091309018364104,A
09447800,2007-06-06,0.0075091309018364104,A
09447800,2007-06-07,0.0075091309018364104,A
09447800,2007-06-08,0.0075091309018364104,A
09447800,2007-06-09,0.0071962504475932268,A
09447800,2007-06-10,0.0071962504475932268,A
09447800,2007-06-11,0.0071962504475932268,A
09447800,2007-06-12,0.0071962504475932268,A
09447800,2007-06-13,0.0071962504475932268,A
09447800,2007-06-14,0.0071962504475932268,A
09447800,2007-06-15,0.006883369993350044,A
09447800,2007-06-16,0.006883369993350044,A
09447800,2007-06-17,0.006883369993350044,A
09447800,2007-06-18,0.0062576090848636759,A
09447800,2007-06-19,0.0062576090848636759,A
09447800,2007-06-20,0.0059447286306204914,A
09447800,2007-06-21,0.0059447286306204914,A
09447800,2007-06-22,0.0056318481763773078,A
09447800,2007-06-23,0.0056318481763773078,A
09447800,2007-06-24,0.0056318481763773078,A
09447800,2007-06-25,0.0059447286306204914,A
09447800,2007-06-26,0.0056318481763773078,A
09447800,2007-06-27,0.0056318481763773078,A
09447800,2007-06-28,0.005318967722134125,A
09447800,2007-06-29,0.005318967722134125,A
09447800,2007-06-30,0.0050060872678909405,A
09447800,2007-07-01,0.0050060872678909405,A
09447800,2007-07-02,0.0050060872678909405,A
09447800,2007-07-03,0.0050060872678909405,A
09447800,2007-07-04,0.005318967722134125,A
09447800,2007-07-05,0.0056318481763773078,A
09447800,2007-07-06,0.0059447286306204914,A
09447800,2007-07-07,0.0059447286306204914,A
09447800,2007-07-08,0.006883369993350044,A
09447800,2007-07-09,0.006883369993350044,A
09447800,2007-07-10,0.0071962504475932268,A
09447800,2007-07-11,0.0078220113560795949,A
09447800,2007-07-12,0.0090735331730523294,A
09447800,2007-07-13,0.0090735331730523294,A
09447800,2007-07-14,0.010012174535781881,A
09447800,2007-07-15,0.011263696352754616,A
09447800,2007-07-16,0.012202337715484169,A
09447800,2007-07-17,0.012202337715484169,A
09447800,2007-07-18,0.012515218169727352,A
09447800,2007-07-19,0.012515218169727352,A
09447800,2007-07-20,0.013140979078213721,A
09447800,2007-07-21,0.014079620440943271,A
09447800,2007-07-22,0.015018261803672821,A
09447800,2007-07-23,0.014392500895186454,A
09447800,2007-07-24,0.013766739986700088,A
09447800,2007-07-25,0.015018261803672821,A
09447800,2007-07-26,0.015018261803672821,A
09447800,2007-07-27,0.015956903166402372,A
09447800,2007-07-28,0.015956903166402372,A
09447800,2007-07-29,0.014079620440943271,A
09447800,2007-07-30,0.014392500895186454,A
09447800,2007-07-31,0.01564402271215919,A
09447800,2007-08-01,0.014392500895186454,A
09447800,2007-08-02,0.015331142257916007,A
09447800,2007-08-03,0.053189677221341249,A
09447800,2007-08-04,0.10950815898511432,A
09447800,2007-08-05,0.027846360427643359,A
09447800,2007-08-06,0.13453859532456902,A
09447800,2007-08-07,0.046932068136477566,A
09447800,2007-08-08,0.016895544529131924,A
09447800,2007-08-09,0.010950815898511433,A
09447800,2007-08-10,0.0087606527188091466,A
09447800,2007-08-11,0.013766739986700088,A
09447800,2007-08-12,0.011263696352754616,A
09447800,2007-08-13,0.0090735331730523294,A
09447800,2007-08-14,0.0081348918103227794,A
09447800,2007-08-15,0.0075091309018364104,A
09447800,2007-08-16,0.0071962504475932268,A
09447800,2007-08-17,0.0071962504475932268,A
09447800,2007-08-18,0.006883369993350044,A
09447800,2007-08-19,0.006883369993350044,A
09447800,2007-08-20,0.006883369993350044,A
09447800,2007-08-21,0.0065704895391068604,A
09447800,2007-08-22,0.0065704895391068604,A
09447800,2007-08-23,0.0065704895391068604,A
09447800,2007-08-24,0.006883369993350044,A
09447800,2007-08-25,0.0096992940815386983,A
09447800,2007-08-26,0.011576576806997802,A
09447800,2007-08-27,0.0084477722645659621,A
09447800,2007-08-28,0.0075091309018364104,A
09447800,2007-08-29,0.0078220113560795949,A
09447800,2007-08-30,0.012828098623970535,A
09447800,2007-08-31,0.0096992940815386983,A
09447800,2007-09-01,0.016269783620645559,A
09447800,2007-09-02,0.024404675430968338,A
09447800,2007-09-03,0.013766739986700088,A
09447800,2007-09-04,0.012202337715484169,A
09447800,2007-09-05,0.011263696352754616,A
09447800,2007-09-06,0.010950815898511433,A
09447800,2007-09-07,0.01470538134942964,A
09447800,2007-09-08,0.011889457261240983,A
09447800,2007-09-09,0.010950815898511433,A
09447800,2007-09-10,0.010325054990025064,A
09447800,2007-09-11,0.010012174535781881,A
09447800,2007-09-12,0.011263696352754616,A
09447800,2007-09-13,0.012515218169727352,A
09447800,2007-09-14,0.010325054990025064,A
09447800,2007-09-15,0.010012174535781881,A
09447800,2007-09-16,0.0096992940815386983,A
09447800,2007-09-17,0.0096992940815386983,A
09447800,2007-09-18,0.010012174535781881,A
09447800,2007-09-19,0.0096992940815386983,A
09447800,2007-09-20,0.0096992940815386983,A
09447800,2007-09-21,0.010012174535781881,A
09447800,2007-09-22,0.0096992940815386983,A
09447800,2007-09-23,0.010325054990025064,A
09447800,2007-09-24,0.010325054990025064,A
09447800,2007-09-25,0.010012174535781881,A
09447800,2007-09-26,0.010012174535781881,A
09447800,2007-09-27,0.0096992940815386983,A
09447800,2007-09-28,0.0096992940815386983,A
09447800,2007-09-29,0.010012174535781881,A
09447800,2007-09-30,0.010012174535781881,A
09447800,2007-10-01,0.010325054990025064,A
09447800,2007-10-02,0.010950815898511433,A
09447800,2007-10-03,0.01063793544426825,A
09447800,2007-10-04,0.010950815898511433,A
09447800,2007-10-05,0.011576576806997802,A
09447800,2007-10-06,0.010950815898511433,A
09447800,2007-10-07,0.011576576806997802,A
09447800,2007-10-08,0.011263696352754616,A
09447800,2007-10-09,0.01063793544426825,A
09447800,2007-10-10,0.01063793544426825,A
09447800,2007-10-11,0.01063793544426825,A
09447800,2007-10-12,0.01063793544426825,A
09447800,2007-10-13,0.01063793544426825,A
09447800,2007-10-14,0.01063793544426825,A
09447800,2007-10-15,0.010012174535781881,A
09447800,2007-10-16,0.010012174535781881,A
09447800,2007-10-17,0.010012174535781881,A
09447800,2007-10-18,0.010012174535781881,A
09447800,2007-10-19,0.0093864136272955138,A
09447800,2007-10-20,0.0096992940815386983,A
09447800,2007-10-21,0.0096992940815386983,A
09447800,2007-10-22,0.0096992940815386983,A
09447800,2007-10-23,0.010012174535781881,A
09447800,2007-10-24,0.0096992940815386983,A
09447800,2007-10-25,0.0096992940815386983,A
09447800,2007-10-26,0.0096992940815386983,A
09447800,2007-10-27,0.0096992940815386983,A
09447800,2007-10-28,0.0093864136272955138,A
09447800,2007-10-29,0.0093864136272955138,A
09447800,2007-10-30,0.0093864136272955138,A
09447800,2007-10-31,0.0093864136272955138,A
09447800,2007-11-01,0.0093864136272955138,A
09447800,2007-11-02,0.0093864136272955138,A
09447800,2007-11-03,0.0093864136272955138,A
09447800,2007-11-04,0.0090735331730523294,A
09447800,2007-11-05,0.0090735331730523294,A
09447800,2007-11-06,0.0090735331730523294,A
09447800,2007-11-07,0.0090735331730523294,A
09447800,2007-11-08,0.0090735331730523294,A
09447800,2007-11-09,0.0090735331730523294,A
09447800,2007-11-10,0.0090735331730523294,A
09447800,2007-11-11,0.0090735331730523294,A
09447800,2007-11-12,0.0090735331730523294,A
09447800,2007-11-13,0.0090735331730523294,A
09447800,2007-11-14,0.0090735331730523294,A
09447800,2007-11-15,0.0093864136272955138,A
09447800,2007-11-16,0.0093864136272955138,A
09447800,2007-11-17,0.0096992940815386983,A
09447800,2007-11-18,0.0096992940815386983,A
09447800,2007-11-19,0.010012174535781881,A
09447800,2007-11-20,0.010012174535781881,A
09447800,2007-11-21,0.010012174535781881,A
09447800,2007-11-22,0.010012174535781881,A
09447800,2007-11-23,0.010325054990025064,A
09447800,2007-11-24,0.01063793544426825,A
09447800,2007-11-25,0.010950815898511433,A
09447800,2007-11-26,0.010950815898511433,A
09447800,2007-11-27,0.010950815898511433,A
09447800,2007-11-28,0.010950815898511433,A
09447800,2007-11-29,0.010950815898511433,A
09447800,2007-11-30,0.011576576806997802,A
09447800,2007-12-01,0.013766739986700088,A
09447800,2007-12-02,0.012828098623970535,A
09447800,2007-12-03,0.012828098623970535,A
09447800,2007-12-04,0.012828098623970535,A
09447800,2007-12-05,0.012828098623970535,A
09447800,2007-12-06,0.012828098623970535,A
09447800,2007-12-07,0.012515218169727352,A
09447800,2007-12-08,0.012515218169727352,A
09447800,2007-12-09,0.013453859532456902,A
09447800,2007-12-10,0.013453859532456902,A
09447800,2007-12-11,0.013453859532456902,A
09447800,2007-12-12,0.013453859532456902,A
09447800,2007-12-13,0.013766739986700088,A
09447800,2007-12-14,0.013766739986700088,A
09447800,2007-12-15,0.014079620440943271,A
09447800,2007-12-16,0.014392500895186454,A
09447800,2007-12-17,0.014392500895186454,A
09447800,2007-12-18,0.014392500895186454,A
09447800,2007-12-19,0.014392500895186454,A
09447800,2007-12-20,0.014079620440943271,A
09447800,2007-12-21,0.014392500895186454,A
09447800,2007-12-22,0.014392500895186454,A
09447800,2007-12-23,0.014392500895186454,A
09447800,2007-12-24,0.014392500895186454,A
09447800,2007-12-25,0.014392500895186454,A
09447800,2007-12-26,0.014392500895186454,A
09447800,2007-12-27,0.01470538134942964,A
09447800,2007-12-28,0.015018261803672821,A
09447800,2007-12-29,0.015018261803672821,A
09447800,2007-12-30,0.015018261803672821,A
09447800,2007-12-31,0.015018261803672821,A
09447800,2008-01-01,0.015018261803672821,A
09447800,2008-01-02,0.015018261803672821,A
09447800,2008-01-03,0.01470538134942964,A
09447800,2008-01-04,0.013766739986700088,A
09447800,2008-01-05,0.013453859532456902,A
09447800,2008-01-06,0.013453859532456902,A
09447800,2008-01-07,0.016895544529131924,A
09447800,2008-01-08,0.40987339505857079,A
09447800,2008-01-09,0.071962504475932262,A
09447800,2008-01-10,0.037545654509182055,A
09447800,2008-01-11,0.031288045424318379,A
09447800,2008-01-12,0.028785001790372907,A
09447800,2008-01-13,0.027220599519156986,A
09447800,2008-01-14,0.025656197247941069,A
09447800,2008-01-15,0.024717555885211521,A
09447800,2008-01-16,0.024404675430968338,A
09447800,2008-01-17,0.023778914522481966,A
09447800,2008-01-18,0.023153153613995604,A
09447800,2008-01-19,0.022840273159752414,A
09447800,2008-01-20,0.022214512251266048,A
09447800,2008-01-21,0.022214512251266048,A
09447800,2008-01-22,0.0212758708885365,A
09447800,2008-01-23,0.0212758708885365,A
09447800,2008-01-24,0.0212758708885365,A
09447800,2008-01-25,0.020650109980050128,A
09447800,2008-01-26,0.020650109980050128,A
09447800,2008-01-27,0.020962990434293314,A
09447800,2008-01-28,0.19085707708834213,A
09447800,2008-01-29,0.078220113560795959,A
09447800,2008-01-30,0.031288045424318379,A
09447800,2008-01-31,0.024404675430968338,A
09447800,2008-02-01,0.021901631797022866,A
09447800,2008-02-02,0.020650109980050128,A
09447800,2008-02-03,0.019398588163077397,A
09447800,2008-02-04,0.018459946800347845,A
09447800,2008-02-05,0.018459946800347845,A
09447800,2008-02-06,0.017834185891861476,A
09447800,2008-02-07,0.017834185891861476,A
09447800,2008-02-08,0.017208424983375107,A
09447800,2008-02-09,0.016582664074888738,A
09447800,2008-02-10,0.016582664074888738,A
09447800,2008-02-11,0.015956903166402372,A
09447800,2008-02-12,0.015956903166402372,A
09447800,2008-02-13,0.015956903166402372,A
09447800,2008-02-14,0.015956903166402372,A
09447800,2008-02-15,0.016269783620645559,A
09447800,2008-02-16,0.017521305437618293,A
09447800,2008-02-17,0.016582664074888738,A
09447800,2008-02-18,0.015956903166402372,A
09447800,2008-02-19,0.015956903166402372,A
09447800,2008-02-20,0.015956903166402372,A
09447800,2008-02-21,0.015956903166402372,A
09447800,2008-02-22,0.015956903166402372,A
09447800,2008-02-23,0.015956903166402372,A
09447800,2008-02-24,0.015018261803672821,A
09447800,2008-02-25,0.01470538134942964,A
09447800,2008-02-26,0.014392500895186454,A
09447800,2008-02-27,0.01470538134942964,A
09447800,2008-02-28,0.014392500895186454,A
09447800,2008-02-29,0.013766739986700088,A
09447800,2008-03-01,0.013766739986700088,A
09447800,2008-03-02,0.013766739986700088,A
09447800,2008-03-03,0.014392500895186454,A
09447800,2008-03-04,0.015018261803672821,A
09447800,2008-03-05,0.01470538134942964,A
09447800,2008-03-06,0.014392500895186454,A
09447800,2008-03-07,0.014392500895186454,A
09447800,2008-03-08,0.014079620440943271,A
09447800,2008-03-09,0.015018261803672821,A
09447800,2008-03-10,0.015956903166402372,A
09447800,2008-03-11,0.01564402271215919,A
09447800,2008-03-12,0.015331142257916007,A
09447800,2008-03-13,0.01470538134942964,A
09447800,2008-03-14,0.01470538134942964,A
09447800,2008-03-15,0.015956903166402372,A
09447800,2008-03-16,0.016582664074888738,A
09447800,2008-03-17,0.016582664074888738,A
09447800,2008-03-18,0.016582664074888738,A
09447800,2008-03-19,0.016269783620645559,A
09447800,2008-03-20,0.015956903166402372,A
09447800,2008-03-21,0.01564402271215919,A
09447800,2008-03-22,0.015331142257916007,A
09447800,2008-03-23,0.015018261803672821,A
09447800,2008-03-24,0.014392500895186454,A
09447800,2008-03-25,0.013766739986700088,A
09447800,2008-03-26,0.013140979078213721,A
09447800,2008-03-27,0.013140979078213721,A
09447800,2008-03-28,0.013140979078213721,A
09447800,2008-03-29,0.012515218169727352,A
09447800,2008-03-30,0.012202337715484169,A
09447800,2008-03-31,0.012202337715484169,A
09447800,2008-04-01,0.011889457261240983,A
09447800,2008-04-02,0.011889457261240983,A
09447800,2008-04-03,0.011889457261240983,A
09447800,2008-04-04,0.011889457261240983,A
09447800,2008-04-05,0.011263696352754616,A
09447800,2008-04-06,0.011263696352754616,A
09447800,2008-04-07,0.011263696352754616,A
09447800,2008-04-08,0.010950815898511433,A
09447800,2008-04-09,0.010950815898511433,A
09447800,2008-04-10,0.011263696352754616,A
09447800,2008-04-11,0.01063793544426825,A
09447800,2008-04-12,0.01063793544426825,A
09447800,2008-04-13,0.010325054990025064,A
09447800,2008-04-14,0.0096992940815386983,A
09447800,2008-04-15,0.0093864136272955138,A
09447800,2008-04-16,0.0093864136272955138,A
09447800,2008-04-17,0.010012174535781881,A
09447800,2008-04-18,0.010012174535781881,A
09447800,2008-04-19,0.0096992940815386983,A
09447800,2008-04-20,0.0093864136272955138,A
09447800,2008-04-21,0.0093864136272955138,A
09447800,2008-04-22,0.0093864136272955138,A
09447800,2008-04-23,0.0093864136272955138,A
09447800,2008-04-24,0.0093864136272955138,A
09447800,2008-04-25,0.0093864136272955138,A
09447800,2008-04-26,0.0090735331730523294,A
09447800,2008-04-27,0.0087606527188091466,A
09447800,2008-04-28,0.0087606527188091466,A
09447800,2008-04-29,0.0081348918103227794,A
09447800,2008-04-30,0.0081348918103227794,A
09447800,2008-05-01,0.0078220113560795949,A
09447800,2008-05-02,0.0078220113560795949,A
09447800,2008-05-03,0.0078220113560795949,A
09447800,2008-05-04,0.0078220113560795949,A
09447800,2008-05-05,0.0078220113560795949,A
09447800,2008-05-06,0.0075091309018364104,A
09447800,2008-05-07,0.0075091309018364104,A
09447800,2008-05-08,0.0075091309018364104,A
09447800,2008-05-09,0.0075091309018364104,A
09447800,2008-05-10,0.0075091309018364104,A
09447800,2008-05-11,0.0071962504475932268,A
09447800,2008-05-12,0.0071962504475932268,A
09447800,2008-05-13,0.006883369993350044,A
09447800,2008-05-14,0.0071962504475932268,A
09447800,2008-05-15,0.0071962504475932268,A
09447800,2008-05-16,0.0071962504475932268,A
09447800,2008-05-17,0.0071962504475932268,A
09447800,2008-05-18,0.0071962504475932268,A
09447800,2008-05-19,0.0071962504475932268,A
09447800,2008-05-20,0.006883369993350044,A
09447800,2008-05-21,0.006883369993350044,A
09447800,2008-05-22,0.006883369993350044,A
09447800,2008-05-23,0.0075091309018364104,A
09447800,2008-05-24,0.0075091309018364104,A
09447800,2008-05-25,0.0071962504475932268,A
09447800,2008-05-26,0.0071962504475932268,A
09447800,2008-05-27,0.0071962504475932268,A
09447800,2008-05-28,0.006883369993350044,A
09447800,2008-05-29,0.0065704895391068604,A
09447800,2008-05-30,0.0071962504475932268,A
09447800,2008-05-31,0.0071962504475932268,A
09447800,2008-06-01,0.006883369993350044,A
09447800,2008-06-02,0.0065704895391068604,A
09447800,2008-06-03,0.0065704895391068604,A
09447800,2008-06-04,0.0062576090848636759,A
09447800,2008-06-05,0.0059447286306204914,A
09447800,2008-06-06,0.0062576090848636759,A
09447800,2008-06-07,0.0059447286306204914,A
09447800,2008-06-08,0.0056318481763773078,A
09447800,2008-06-09,0.0059447286306204914,A
09447800,2008-06-10,0.0056318481763773078,A
09447800,2008-06-11,0.0056318481763773078,A
09447800,2008-06-12,0.005318967722134125,A
09447800,2008-06-13,0.0050060872678909405,A
09447800,2008-06-14,0.0046932068136477569,A
09447800,2008-06-15,0.0046932068136477569,A
09447800,2008-06-16,0.0043803263594045733,A
09447800,2008-06-17,0.0040674459051613897,A
09447800,2008-06-18,0.0040674459051613897,A
09447800,2008-06-19,0.003441684996675022,A
09447800,2008-06-20,0.003441684996675022,A
09447800,2008-06-21,0.003441684996675022,A
09447800,2008-06-22,0.0040674459051613897,A
09447800,2008-06-23,0.0040674459051613897,A
09447800,2008-06-24,0.0043803263594045733,A
09447800,2008-06-25,0.0037545654509182052,A
09447800,2008-06-26,0.0043803263594045733,A
09447800,2008-06-27,0.0043803263594045733,A
09447800,2008-06-28,0.0043803263594045733,A
09447800,2008-06-29,0.0046932068136477569,A
09447800,2008-06-30,0.0043803263594045733,A
09447800,2008-07-01,0.0037545654509182052,A
09447800,2008-07-02,0.003441684996675022,A
09447800,2008-07-03,0.0031288045424318379,A
09447800,2008-07-04,0.0031288045424318379,A
09447800,2008-07-05,0.0031288045424318379,A
09447800,2008-07-06,0.0031288045424318379,A
09447800,2008-07-07,0.0031288045424318379,A
09447800,2008-07-08,0.0031288045424318379,A
09447800,2008-07-09,0.0028159240881886539,A
09447800,2008-07-10,0.016269783620645559,A
09447800,2008-07-11,0.006883369993350044,A:e
09447800,2008-07-12,0.0081348918103227794,A:e
09447800,2008-07-13,0.0075091309018364104,A:e
09447800,2008-07-14,0.0084477722645659621,A:e
09447800,2008-07-15,0.0059447286306204914,A:e
09447800,2008-07-16,0.005318967722134125,A:e
09447800,2008-07-17,0.0050060872678909405,A
09447800,2008-07-18,0.0050060872678909405,A
09447800,2008-07-19,0.005318967722134125,A
09447800,2008-07-20,0.0056318481763773078,A
09447800,2008-07-21,0.0059447286306204914,A
09447800,2008-07-22,0.0065704895391068604,A
09447800,2008-07-23,0.0065704895391068604,A
09447800,2008-07-24,0.0071962504475932268,A
09447800,2008-07-25,0.0071962504475932268,A
09447800,2008-07-26,0.0075091309018364104,A
09447800,2008-07-27,0.0084477722645659621,A
09447800,2008-07-28,0.0071962504475932268,A
09447800,2008-07-29,0.0071962504475932268,A
09447800,2008-07-30,0.0071962504475932268,A
09447800,2008-07-31,0.0078220113560795949,A
09447800,2008-08-01,0.0087606527188091466,A
09447800,2008-08-02,0.0084477722645659621,A
09447800,2008-08-03,0.0090735331730523294,A
09447800,2008-08-04,0.010012174535781881,A
09447800,2008-08-05,0.010012174535781881,A
09447800,2008-08-06,0.01063793544426825,A
09447800,2008-08-07,0.011889457261240983,A
09447800,2008-08-08,0.011889457261240983,A
09447800,2008-08-09,0.014079620440943271,A
09447800,2008-08-10,0.011889457261240983,A
09447800,2008-08-11,0.01063793544426825,A
09447800,2008-08-12,0.01063793544426825,A
09447800,2008-08-13,0.010012174535781881,A
09447800,2008-08-14,0.010325054990025064,A
09447800,2008-08-15,0.010325054990025064,A
09447800,2008-08-16,0.0025030436339454703,A
09447800,2008-08-17,0.0018772827254591026,A
09447800,2008-08-18,0.0018772827254591026,A
09447800,2008-08-19,0.0018772827254591026,A
09447800,2008-08-20,0.0021901631797022867,A
09447800,2008-08-21,0.0021901631797022867,A
09447800,2008-08-22,0.0018772827254591026,A
09447800,2008-08-23,0.001564402271215919,A
09447800,2008-08-24,0.001564402271215919,A
09447800,2008-08-25,0.0012515218169727351,A
09447800,2008-08-26,0.0025030436339454703,A
09447800,2008-08-27,0.0021901631797022867,A
09447800,2008-08-28,0.0021901631797022867,A
09447800,2008-08-29,0.003441684996675022,A
09447800,2008-08-30,0.0028159240881886539,A
09447800,2008-08-31,0.003441684996675022,A
09447800,2008-09-01,0.0040674459051613897,A
09447800,2008-09-02,0.0028159240881886539,A
09447800,2008-09-03,0.0028159240881886539,A
09447800,2008-09-04,0.0031288045424318379,A
09447800,2008-09-05,0.0028159240881886539,A
09447800,2008-09-06,0.0028159240881886539,A
09447800,2008-09-07,0.0028159240881886539,A
09447800,2008-09-08,0.0031288045424318379,A
09447800,2008-09-09,0.003441684996675022,A
09447800,2008-09-10,0.0040674459051613897,A
09447800,2008-09-11,0.0040674459051613897,A
09447800,2008-09-12,0.0056318481763773078,A
09447800,2008-09-13,0.0046932068136477569,A
09447800,2008-09-14,0.0046932068136477569,A
09447800,2008-09-15,0.0043803263594045733,A
09447800,2008-09-16,0.0043803263594045733,A
09447800,2008-09-17,0.0043803263594045733,A
09447800,2008-09-18,0.0043803263594045733,A
09447800,2008-09-19,0.0043803263594045733,A
09447800,2008-09-20,0.0043803263594045733,A
09447800,2008-09-21,0.0040674459051613897,A
09447800,2008-09-22,0.0040674459051613897,A
09447800,2008-09-23,0.0040674459051613897,A
09447800,2008-09-24,0.0040674459051613897,A
09447800,2008-09-25,0.0037545654509182052,A
09447800,2008-09-26,0.0040674459051613897,A
09447800,2008-09-27,0.0040674459051613897,A
09447800,2008-09-28,0.0040674459051613897,A
09447800,2008-09-29,0.0043803263594045733,A
09447800,2008-09-30,0.0040674459051613897,A
