basin_id,model,period,nse,kge,bias,peak_bias,lowflow_bias,parameter_count,solver_name,family,run_status,error_message,_elapsed_s,_cal_nse,p_parTT,p_parCFMAX,p_parCFR,p_parCWH,p_parFC,p_parBETA,p_parLP,p_parK0,p_parK1,p_parUZL,p_parPERC,p_parK2,p_lag_time,state_SNOWPACK,state_MELTWATER,state_SM,state_SUZ,state_SLZ,state_init_mode
01022500,hbv_lite_cma,evaluation,0.731585,0.784973,-0.020297,-0.148923,0.785377,13,explicit_euler_dt1,hbv,success,,45.4,0.8048,-2.5,1.1803656739892148,0.0004915127962102,1.840811087202708e-12,380.2080867998697,2.9479958788174616,0.9999999999738304,0.6166245745927282,0.3239452156451503,136.4100558371388,4.34118673827749,0.0613187688959574,3.388251189931702,0.0,0.0,340.90546953606406,8.126057681863045,27.352723338796405,cal_final_2008-09-30
01031500,hbv_lite_cma,evaluation,0.722364,0.788045,-0.041696,-0.145872,1.414093,13,explicit_euler_dt1,hbv,success,,33.22,0.6704,-2.4882341365447784,1.647851215520345,0.0409073646265633,4.0178153782154507e-17,436.0905806309405,4.441435785731359,0.9999999999998296,0.6111893869335518,0.4118276102301411,92.16525096273926,4.493735181665782,0.1703274723226056,2.6785302559609816,0.0,0.0,383.6648951665395,0.0,12.057447808674349,cal_final_2008-09-30
01047000,hbv_lite_cma,evaluation,0.66867,0.705134,-0.10534,-0.196317,0.762682,13,explicit_euler_dt1,hbv,success,,29.17,0.6474,-2.4900049949346723,1.462917043641858,0.0776268647955368,1.3627135951366364e-11,316.85985475809514,3.1126831242441595,0.9999999958357256,0.4952752078737656,0.3045302530601466,71.04181231543446,1.6525916194509354,0.069884915955262,1.945132454342968,0.0,0.0,280.74287479218805,6.9816585321934825,12.74468433311943,cal_final_2008-09-30
01052500,hbv_lite_cma,evaluation,0.729421,0.77641,-0.135498,-0.207369,0.698389,13,explicit_euler_dt1,hbv,success,,28.46,0.7524,-0.0499999997486728,4.135348247464753,0.0197298328605584,3.1919073447599765e-16,267.4944470303602,1.9780460208777493,0.9999999999991238,0.3697326972416161,0.4999999983929185,140.6629729255363,5.547323814139829,0.159388442462673,1.824976238325413,0.0,0.0,209.8634022092924,0.0,10.768117731068063,cal_final_2008-09-30
01054200,hbv_lite_cma,evaluation,0.579586,0.619019,-0.041339,-0.219462,2.60622,13,explicit_euler_dt1,hbv,success,,28.33,0.5364,-0.940008507744339,1.772909746498721,0.0115576083165099,7.150875668715414e-07,534.1407283180048,1.6250564045852562,0.8928206614948746,0.8504684277724914,0.0818230363198517,16.108912502191785,1.2719014634213786,0.0589150525954727,1.9462776953855248,0.0,0.0,408.58766668869873,13.37913642656046,16.722660192213795,cal_final_2008-09-30
01055000,hbv_lite_cma,evaluation,0.520358,0.603217,-0.137889,-0.181755,0.557151,13,explicit_euler_dt1,hbv,success,,28.99,0.5772,-2.369999668709033,1.9116402440469549,0.0326054569189135,9.408594950051818e-10,397.36177970231296,3.162928775875933,0.9429576025295532,0.661060646895211,0.0100000000465268,49.194768807654334,29.9999862328204,0.4999999997890282,1.0012987165368492,0.0,0.0,342.4036285789764,0.0,3.755141749389945,cal_final_2008-09-30
01057000,hbv_lite_cma,evaluation,0.645521,0.698257,-0.021485,-0.176868,1.301184,13,explicit_euler_dt1,hbv,success,,29.76,0.7054,-1.980109364161709,1.836903776840544,0.0426155031850869,5.3645220009462575e-08,231.7880698383316,1.4375047404992474,0.2004185653688888,0.186214730464171,0.2512651636463359,13.98867431402986,3.730143503128778,0.0613779505816602,1.970980325321632,0.0,0.0,183.6850635703788,11.497832598053638,27.95398497759666,cal_final_2008-09-30
01073000,hbv_lite_cma,evaluation,0.763524,0.724515,-0.12334,-0.201764,0.467357,13,explicit_euler_dt1,hbv,success,,27.38,0.8486,-0.8000027744676239,1.4771865170454048,0.0662197076463022,9.382316587173388e-09,349.63717174441086,1.528642166135286,0.2000000249331514,0.9899999831635938,0.4224093885985754,15.103478000061568,5.500424519710627,0.1504900289109338,1.112807380881217,0.0,0.0,273.240397095147,1.1804471841681263,19.071013558282885,cal_final_2008-09-30
01078000,hbv_lite_cma,evaluation,0.75259,0.80395,0.003884,-0.157896,2.020111,13,explicit_euler_dt1,hbv,success,,33.09,0.7076,-1.0000001613809182,2.0762770127152272,0.0422010557068059,3.3210955001578515e-10,485.5359790305375,2.385052527537664,0.999999974901432,0.61604060966982,0.2743905997772212,21.41484493108057,3.260495657874688,0.08035015738161,2.177751854355656,0.0,0.0,383.4600488661381,0.0,19.44644716759148,cal_final_2008-09-30
01123000,hbv_lite_cma,evaluation,0.646486,0.791609,0.031177,-0.112261,0.625878,13,explicit_euler_dt1,hbv,success,,27.77,0.739,-2.1299476667921486,1.034308624405322,0.0219581779985419,8.736485882931344e-06,420.767489215615,1.7521460107889617,0.2321077662118653,0.3745090768757739,0.3023511818436137,8.736173780049498,4.734976652561199,0.0707765029946419,1.993124493513342,0.0,0.0,282.670066309664,0.0,27.23332613107708,cal_final_2008-09-30
01134500,hbv_lite_cma,evaluation,0.654579,0.736689,-0.067476,-0.17422,0.978565,13,explicit_euler_dt1,hbv,success,,29.25,0.6861,-1.6600004007165676,1.8446875305106576,6.155697632770919e-08,5.834686717770397e-07,230.4770423961337,1.9545558792883693,0.999999974941744,0.2548066700146345,0.1644597591755952,8.71133349427436,1.229248971546589,0.0706571651932689,1.968928448677215,0.0,0.0,165.94842494008049,1.2132135158637425,10.119774159689491,cal_final_2008-09-30
01137500,hbv_lite_cma,evaluation,0.558072,0.602408,0.332832,0.048263,1.279467,13,explicit_euler_dt1,hbv,success,,29.7,0.5998,-2.340000000030149,1.627953442060952,0.0027162713600649,2.1510911978310086e-10,490.2851264286981,1.000000000547716,0.2034140512445468,0.2959388342287861,0.337249102022217,1.1771146140764793e-08,8.85746628568569,0.0624559448415425,1.0000030021805106,0.0,0.0,297.7854177157263,0.0,40.62513869653677,cal_final_2008-09-30
01139000,hbv_lite_cma,evaluation,0.648774,0.732683,-0.088004,-0.202409,0.666327,13,explicit_euler_dt1,hbv,success,,52.02,0.7429,-1.410000154775766,1.85035539711336,0.0360063072808087,3.55781892469616e-09,646.7369757405215,5.0166564762216455,0.9607659309563804,0.8437834255202817,0.295848725449964,44.50426036252794,4.5519728132137525,0.0671377559016259,1.1963501383941595,0.0,0.0,543.7716353612042,0.0,12.001186968406955,cal_final_2008-09-30
01139800,hbv_lite_cma,evaluation,0.615634,0.70233,-0.181879,-0.22283,0.399226,13,explicit_euler_dt1,hbv,success,,43.1,0.7392,-1.070000333870449,1.903410395207917,0.0527440012032325,5.4077236508041394e-09,212.6699550886757,1.025535135263036,0.2000002945615678,0.0928377915007275,0.339484366155885,196.7377416104366,8.624993265668774,0.0724563370846039,1.086049949557923,0.0,0.0,77.130604418678,0.0,9.881499098896612,cal_final_2008-09-30
01142500,hbv_lite_cma,evaluation,0.638626,0.736314,-0.002095,-0.128558,0.904945,13,explicit_euler_dt1,hbv,success,,55.33,0.7087,-0.6899998983467865,3.651075910661724,0.0709748821244821,3.51237488885974e-10,254.1786947122755,1.138949609943126,0.3095607255190724,0.1850383403509314,0.287815685736198,108.57567254312656,8.94530501070119,0.0917935678318632,1.0973928535654145,0.0,0.0,105.3365108980177,0.0,8.75493275727874,cal_final_2008-09-30
01144000,hbv_lite_cma,evaluation,0.71151,0.806465,-0.002235,-0.113632,0.63362,13,explicit_euler_dt1,hbv,success,,61.67,0.7109,-1.150000032715906,2.973100383092059,0.0682300044667016,6.166214938920575e-10,208.6003974328497,1.0000150311218137,0.2000068930608279,0.1438371162167595,0.3145727231058308,141.82233670370255,8.15515576549159,0.0939044471546495,1.0706953020979173,0.0,0.0,81.22656077398258,0.0,9.460284023794175,cal_final_2008-09-30
01162500,hbv_lite_cma,evaluation,0.652676,0.70273,-0.02293,-0.214921,2.459958,13,explicit_euler_dt1,hbv,success,,48.66,0.6923,-2.340000009098639,1.440655353928567,0.0029091051950101,4.6469527414001036e-10,469.0049903380207,3.799263858783768,0.9999999991489336,0.0512622846827939,0.2863444721470581,102.22791195762082,4.115936106432592,0.0917328399862292,3.7752645267669536,0.0,0.0,417.5176859329201,0.0,19.4701860424961,cal_final_2008-09-30
01169000,hbv_lite_cma,evaluation,0.485244,0.709191,0.131384,-0.08535,2.415953,13,explicit_euler_dt1,hbv,success,,28.2,0.6365,-2.4900042406737564,1.3783271760148734,0.0111680417560236,0.0796138427629492,150.358114898748,1.9334501270554427,0.9999998670430832,0.692104348821529,0.2168198537511764,16.871105847095794,3.1201320447964163,0.0660191083680637,1.6609874424870257,0.0,0.0,132.04061227894294,2.563932676335555,26.716759211948585,cal_final_2008-09-30
01170100,hbv_lite_cma,evaluation,0.543692,0.695616,0.109423,-0.118875,2.754168,13,explicit_euler_dt1,hbv,success,,27.01,0.6346,-1.8299900956059272,1.6039578938879488,0.0095931276354504,3.332612772657391e-08,279.9820064442353,1.9737564013835152,0.9999998645177436,0.5939215619507275,0.2001577420354477,17.90267090763758,3.484254154004132,0.0661711660338945,1.2190006041442365,0.0,0.0,232.5116195278607,2.509040453813188,29.20168772360214,cal_final_2008-09-30
01181000,hbv_lite_cma,evaluation,0.5617,0.757525,0.053194,-0.117429,2.100367,13,explicit_euler_dt1,hbv,success,,27.86,0.6062,-1.4099991442294253,1.9174035282939867,0.0048299468502099,4.996187555935564e-11,199.4845068056605,2.3092122447939034,0.9999999999041608,0.6771115319870278,0.3069022575704792,22.74633213293684,3.0594584815189507,0.0934234516024772,1.0326873253977495,0.0,0.0,176.93569634690004,0.968581788163974,18.495294914381205,cal_final_2008-09-30
01187300,hbv_lite_cma,evaluation,0.633079,0.681734,-0.026408,-0.18028,3.640869,13,explicit_euler_dt1,hbv,success,,27.72,0.6774,-1.901798131189398,1.200594283658543,0.0891590831727887,0.0231392810344012,796.7250542292843,5.433670380723829,0.9969091700416386,0.4969898050608168,0.3467055482494986,14.092193598703412,2.17978082549649,0.0863753020791745,1.6542875058399131,0.0,0.0,730.4689334604914,1.66610750582973,14.433723501536967,cal_final_2008-09-30
01195100,hbv_lite_cma,evaluation,0.541083,0.710601,0.006728,-0.15354,3.139419,13,explicit_euler_dt1,hbv,success,,27.5,0.7728,-0.7599192509552701,1.2549904073835298,2.26995488271066e-05,0.199994454198436,515.0183157514184,2.601079823456068,0.4429930002540931,0.9899924587440424,0.4769547959173619,16.299869690556765,4.9343103260369,0.1074003834947921,1.001616586961969,0.0,0.0,398.1659100040418,0.0,17.13632353094543,cal_final_2008-09-30
01333000,hbv_lite_cma,evaluation,0.647265,0.730472,-0.030262,-0.19765,1.160897,13,explicit_euler_dt1,hbv,success,,30.75,0.6528,-2.290002120499502,1.694365808828772,0.0446279417763084,0.0662448528855512,173.91607055611024,1.585411762235546,0.5449234417869697,0.25192661359291,0.0696050884393961,4.0872008397664324e-07,5.955765091643078,0.105221237283195,1.9095320542970904,0.0,0.0,116.31653257321902,0.0,15.367341704965346,cal_final_2008-09-30
01350000,hbv_lite_cma,evaluation,0.597497,0.606274,-0.010822,-0.24279,2.350111,13,explicit_euler_dt1,hbv,success,,27.81,0.6616,-2.450000614166567,1.976587544836716,0.0846506497523435,2.895708816183065e-09,494.31491337624766,4.518665943173813,0.999999804064857,0.050379764546035,0.4915475481484864,152.34010170110557,7.287622822349075,0.1205551103580509,1.0773183185560051,0.0,0.0,432.01043830813376,0.0,18.25108547502732,cal_final_2008-09-30
01350080,hbv_lite_cma,evaluation,0.445688,0.365489,-0.253367,-0.428598,0.67883,13,explicit_euler_dt1,hbv,success,,28.93,0.6447,-1.4701800412466692,2.3880811487060805,0.0117430037786324,2.0849864141447445e-05,378.5996283280456,2.4059445818488543,0.2000197493192845,0.8896700786944663,0.3140743121111446,60.6465352385124,7.520950796287064,0.1051731462921435,1.5760293990031689,0.0,0.0,213.1163247915053,0.0,7.464727941932083,cal_final_2008-09-30
01350140,hbv_lite_cma,evaluation,0.463452,0.44862,-0.186512,-0.324286,3.882858,13,explicit_euler_dt1,hbv,success,,28.24,0.5313,-0.9600091538737704,2.461863169898341,0.0126024881278493,0.0215011469870616,717.3986672354782,5.729904857396941,0.613693694451666,0.6741396114384638,0.4428548943655393,60.54494672992013,3.801935873750044,0.1703594832026906,1.885071466086771,0.0,0.0,542.3820330021637,0.0,3.915689553826153,cal_final_2008-09-30
01365000,hbv_lite_cma,evaluation,0.649085,0.737795,-0.027156,-0.159678,0.770724,13,explicit_euler_dt1,hbv,success,,27.8,0.7228,-2.23038072686704,1.5318541898216602,0.062379066367793,0.054621091109872,235.7664709321928,3.379890890838533,0.9999970615473572,0.9899900661475148,0.3930358025216919,54.493721213893295,7.905442941944678,0.0868104384066576,1.3743135801352957,0.0,0.0,212.41368897882623,0.0,30.05449370247981,cal_final_2008-09-30
01411300,hbv_lite_cma,evaluation,0.626768,0.575816,-0.171723,-0.279405,0.131077,13,explicit_euler_dt1,hbv,success,,34.14,0.6685,-2.3500122501554133,1.2754891755444389,0.0710693970467777,0.1569626082468596,808.1627830681274,1.78782567906589,0.2182055474293123,0.6217830346693094,0.1488183910092527,106.43280803972084,3.0678170177917288,0.0385868289008538,2.1492850055739017,0.0,0.0,299.8060119397849,0.0,11.569061499365295,cal_final_2008-09-30
01413500,hbv_lite_cma,evaluation,0.557525,0.478441,-0.171495,-0.34482,1.081729,13,explicit_euler_dt1,hbv,success,,35.83,0.6694,-2.14000215877293,1.9909702396904168,0.0140439524429795,0.0001997248547382,605.2567986886844,4.199217649410924,0.2940092674560485,0.4629905713963639,0.32360786415348,89.9283368859659,7.322733055433823,0.100019438763435,1.4143101116212,0.0,0.0,493.6209508190533,0.0,17.008758433525898,cal_final_2008-09-30
01414500,hbv_lite_cma,evaluation,0.587092,0.546078,-0.168258,-0.30499,0.797559,13,explicit_euler_dt1,hbv,success,,27.73,0.6065,-2.460044609256552,2.2779351055633263,0.0578717053327285,0.0301747939607216,605.3109085522235,5.282784547254134,0.7231777659833638,0.9899998794117416,0.395179844218178,42.39074525736664,9.833061526010171,0.1182742413304439,1.027586488237723,0.0,0.0,530.278772285644,0.0,18.50424494578064,cal_final_2008-09-30
01415000,hbv_lite_cma,evaluation,0.661611,0.598086,-0.066313,-0.272727,1.856041,13,explicit_euler_dt1,hbv,success,,28.0,0.6796,-2.0800085900138283,2.103856482815269,0.0004906864563936,1.3373451578919496e-08,735.2055335652412,5.999941249240144,0.9568138409354644,0.5015853974807173,0.2206810088313968,24.7486365573914,3.6592403088985135,0.1046330526158856,1.2716502804710306,0.0,0.0,634.9455003325619,0.0,13.970085073081568,cal_final_2008-09-30
01423000,hbv_lite_cma,evaluation,0.718241,0.680018,-0.178509,-0.227684,-0.566128,13,explicit_euler_dt1,hbv,success,,28.22,0.748,-0.6600001482316569,3.062553742815875,0.0319845221669894,2.489382891732654e-06,174.40242456295823,5.641216804731888,0.2000373909557279,0.6685109907126432,0.1962760943384996,42.40940180767858,2.214334075468482,0.0583217150220328,1.8837029635633324,0.0,0.0,142.00014469878613,0.0,7.386491554995124,cal_final_2008-09-30
01434025,hbv_lite_cma,evaluation,0.565085,0.711104,-0.002183,-0.171263,1.234341,13,explicit_euler_dt1,hbv,success,,27.8,0.6417,-2.342097635364589,1.963900398371032,0.0722901143475622,0.1488965110351905,295.50938649205426,1.1012622267422487,0.2822299342766383,0.989977715099244,0.3382691313420757,38.40342672880436,7.117754934972734,0.0732114604431998,1.0110381684682308,0.0,0.0,177.72134514033758,0.0,36.54807349704053,cal_final_2008-09-30
01435000,hbv_lite_cma,evaluation,0.662424,0.706079,-0.084075,-0.219567,0.55618,13,explicit_euler_dt1,hbv,success,,27.49,0.6978,-2.049990608201838,1.87935523971496,0.0238077775298583,0.0049066579690759,158.31335723057674,3.452147845889506,0.9999999597033908,0.7480838243364745,0.2589806309481396,22.24688883887163,5.256414866008148,0.0606320781104162,1.0404355439893544,0.0,0.0,147.01258881464958,1.7204153710598926,37.412734305398864,cal_final_2008-09-30
01439500,hbv_lite_cma,evaluation,0.719341,0.666361,-0.079514,-0.241122,1.909989,13,explicit_euler_dt1,hbv,success,,30.27,0.7906,-2.3000001214191337,1.1812004938880611,0.0277027756871668,1.5988178494377223e-08,542.1193360978414,3.765377314080421,0.9999999867762202,0.8319570499991572,0.1723829714684251,31.08353556226116,3.151189914806625,0.0892269703369699,1.6276689272092524,0.0,0.0,450.194086169905,9.627180260695742,17.035530483745795,cal_final_2008-09-30
01440000,hbv_lite_cma,evaluation,0.556106,0.615671,-0.132865,-0.262213,0.908505,13,explicit_euler_dt1,hbv,success,,30.22,0.7108,-0.7600387246747204,4.083170976573552,0.0229160885942187,4.6289347727462084e-07,346.0825885739953,1.0000179428847773,0.249549476578503,0.563917728468345,0.1641958376379863,18.692772105320486,3.0177350125119577,0.077614044102602,1.7671030797666032,0.0,0.0,122.7593705443741,0.0,16.024697095863672,cal_final_2008-09-30
01440400,hbv_lite_cma,evaluation,0.656917,0.764978,-0.018057,-0.143245,1.541511,13,explicit_euler_dt1,hbv,success,,27.91,0.6716,-1.4800013020971483,1.160465367700481,0.0444632412548157,9.045882710032607e-10,470.5085341591874,3.350741275598327,0.9999996399412904,0.9899996946417252,0.2523915917123852,18.018007454528195,3.381768754135054,0.1077206435777395,1.6424946621446233,0.0,0.0,386.7925723342297,8.612055454900723,15.170706460936266,cal_final_2008-09-30
01451800,hbv_lite_cma,evaluation,0.641748,0.73229,0.045018,-0.159837,1.057826,13,explicit_euler_dt1,hbv,success,,28.0,0.7476,-2.4999999968019364,2.17755538117993,0.0096127667096676,1.008077155028544e-10,213.1254574142289,3.504809372637222,0.9999999993871956,0.9899999973292624,0.2583653365180018,20.483059192138448,3.613861590636605,0.0934146566803755,1.1896236943488456,0.0,0.0,185.39658965320265,3.0365327429515068,15.066744160821631,cal_final_2008-09-30
01466500,hbv_lite_cma,evaluation,-0.008974,0.478288,0.197638,0.117816,0.3359,13,explicit_euler_dt1,hbv,success,,39.11,0.4815,-2.499278774588741,5.448250514624173,0.089105137435698,0.1701822273133132,630.6718148670964,1.4156150109003347,0.2001870688600826,0.9810240435309472,0.020360380627498,108.04957517726814,0.949489091628091,0.0002457705426486,1.8389038962076103,0.0,0.0,236.71060292677683,9.129202333742366,1900.7770219312315,cal_final_2008-09-30
01484100,hbv_lite_cma,evaluation,0.575397,0.65576,0.181368,-0.067018,0.952023,13,explicit_euler_dt1,hbv,success,,28.2,0.5018,-2.3700913177162737,1.0595868379669835,0.0944214056794942,0.0718463090472904,883.8364902250356,3.550878200921872,0.4252885210874517,0.9899992749677003,0.4999999720603692,18.77459691268353,9.58669109118273,0.0336492503716581,1.055856536850069,0.0,0.0,455.3316780544753,0.0,8.059638130079435,cal_final_2008-09-30
01487000,hbv_lite_cma,evaluation,0.72799,0.779729,0.151129,0.046759,0.439086,13,explicit_euler_dt1,hbv,success,,29.09,0.8142,-2.499974758919432,1.028871317303422,5.864730660361112e-07,0.0268063480373725,894.8809992787496,4.84175277340637,0.9015303201729764,0.9899986715149132,0.3520361570067779,22.642648995652426,8.686395979298572,0.0468256833470916,1.1239604483064884,0.0,0.0,610.8941712045132,0.0,8.753091966377674,cal_final_2008-09-30
01491000,hbv_lite_cma,evaluation,0.688211,0.66618,-0.027508,-0.137012,0.557279,13,explicit_euler_dt1,hbv,success,,30.25,0.7012,-0.9592861208960372,2.274322771304988,0.0999997266960235,0.1409863524756398,578.0751956559274,2.840537100074716,0.4377915376144702,0.8635512189897856,0.4999999011050485,198.93253050737343,3.5204022496848624,0.0993201453966408,2.219138774260116,0.0,0.0,246.2155426867126,0.0,2.2610614575146664,cal_final_2008-09-30
01510000,hbv_lite_cma,evaluation,0.681065,0.653755,-0.129858,-0.280137,0.795139,13,explicit_euler_dt1,hbv,success,,29.11,0.7715,-2.49000368310833,1.62677395821682,0.0018732417307919,0.0593257141497467,338.25179809709573,2.506007443819433,0.4662253155207676,0.9899997236990457,0.3880472859356697,17.607836060378368,3.823008998034108,0.1277944201691985,1.0171510977831282,0.0,0.0,178.51171435955052,0.0,3.747803662073937,cal_final_2008-09-30
01516500,hbv_lite_cma,evaluation,0.496469,0.506886,0.105059,-0.178467,4.863254,13,explicit_euler_dt1,hbv,success,,25.21,0.6758,-2.219975303179599,1.4483016639332775,0.0519058305754475,8.41536892225651e-08,651.988917742898,5.999999999559395,0.9438669125756384,0.96815789754701,0.2974872215381421,9.27848547022328,3.364455172309296,0.0852364959128567,1.511157333934978,0.0,0.0,465.7121117932184,0.0,3.4184846285324126,cal_final_2008-09-30
01518862,hbv_lite_cma,evaluation,0.612733,0.607918,-0.029928,-0.233528,3.555684,13,explicit_euler_dt1,hbv,success,,27.81,0.6786,-1.5501638556616153,2.0109026732492463,0.0252524862308536,0.0186892664143188,532.9338126972305,5.998515482710911,0.999998431665944,0.8170035503135423,0.3894807262004915,12.468863150720816,2.8300879220551014,0.113523476712571,1.0334202435915083,0.0,0.0,412.0046840881571,0.0,4.588161649733515,cal_final_2008-09-30
01532000,hbv_lite_cma,evaluation,0.509827,0.496934,-0.050854,-0.226077,1.214403,13,explicit_euler_dt1,hbv,success,,27.79,0.6631,-2.13000175492812,1.6241256746812824,0.0857907521193662,2.191801396543165e-08,325.2453507850417,5.811294958129812,0.9999999619034856,0.4999923626518135,0.3169977981435865,11.098646341349072,2.8239712666580936,0.1174081381615548,1.0011287132575009,0.0,0.0,248.29825593695708,0.0,3.813316271114142,cal_final_2008-09-30
01539000,hbv_lite_cma,evaluation,0.661887,0.738267,-0.042248,-0.182785,1.187635,13,explicit_euler_dt1,hbv,success,,27.61,0.6629,-1.8265616750523264,1.5404776265732298,0.0324287302560488,8.76460515125023e-10,249.0326837807341,5.999950101075827,0.9999999982089528,0.6312470517288505,0.1606979749392708,24.031324223812835,0.9822177878968747,0.0251818536380749,1.4420281854902304,0.0,0.0,231.3971305580944,10.54570111209874,22.44692420049957,cal_final_2008-09-30
01542810,hbv_lite_cma,evaluation,0.61878,0.671613,-0.000845,-0.209155,3.802937,13,explicit_euler_dt1,hbv,success,,27.42,0.6704,-0.5091136800031109,3.0827195444002653,0.0157658936528792,2.333971838039402e-06,383.5161594073945,5.827889733060146,0.9999955699681616,0.4901971500450388,0.1549984143841186,15.038260620373851,0.2991536049156493,0.0049382262714441,1.0164855352786206,0.0,0.0,289.51936728332134,1.30494808572081,52.68621665907755,cal_final_2008-09-30
01543000,hbv_lite_cma,evaluation,0.676947,0.735821,-0.014896,-0.173434,2.316835,13,explicit_euler_dt1,hbv,success,,28.07,0.7407,-0.8099732921006417,2.764258666342045,0.0252315164575511,5.485997477715576e-10,382.41009826377416,5.999986269245471,0.9999989652505769,0.3436138235423752,0.2035497957573653,17.2994320863502,0.8562045060591448,0.067423947383261,1.6056316991346682,0.0,0.0,290.4734088925932,0.0,4.629556332483795,cal_final_2008-09-30
01543500,hbv_lite_cma,evaluation,0.696357,0.707964,-0.017386,-0.206404,2.072726,13,explicit_euler_dt1,hbv,success,,30.49,0.7533,-2.450378562761213,1.549371349984907,0.0017126134286813,0.1009698990755145,507.0844909234315,5.9997379873528205,0.9918865743603292,0.6024796040329586,0.2275603635372781,15.356545610633182,2.3158405026296194,0.1383439993149828,2.45230548780733,0.0,0.0,385.7313078310107,0.0,2.7072946120442447,cal_final_2008-09-30
01544500,hbv_lite_cma,evaluation,0.721287,0.67171,-0.115957,-0.233338,0.807386,13,explicit_euler_dt1,hbv,success,,35.65,0.7294,-0.670001117974306,2.555642944542792,0.0745537860958913,1.3408168772538485e-08,373.4901499623367,5.999960756081531,0.9999997518537962,0.5121354356585986,0.1778469450563362,13.47108381881757,3.842676769630309,0.137163946558124,2.651017234725586,0.0,0.0,276.2110002847035,0.0,2.724459504547498,cal_final_2008-09-30
01545600,hbv_lite_cma,evaluation,0.666936,0.64168,-0.129859,-0.245091,0.583093,13,explicit_euler_dt1,hbv,success,,38.5,0.7006,-0.5500000683500987,2.463485470044227,0.0344133770476454,1.605080406202954e-09,390.9954157196364,5.999999989947061,0.9999999999946764,0.5622947301873892,0.4858606371447621,80.3039823871394,8.564753300806192,0.1164336984842007,2.9325349768683058,0.0,0.0,283.66027872224646,0.0,2.527217660025946,cal_final_2008-09-30
01547700,hbv_lite_cma,evaluation,0.674412,0.70115,-0.177435,-0.217138,-0.898248,13,explicit_euler_dt1,hbv,success,,28.01,0.6495,-1.2900000440015431,1.6440303143028347,0.0741128203255088,3.6507530747167715e-09,224.36206515895265,5.999999998901571,0.200000000539691,0.4608807150010148,0.328233558472251,9.493689928564558,3.147432473092659,0.1928231307754506,1.7769669082595183,0.0,0.0,82.81567133079767,0.0,0.0138309878320362,cal_final_2008-09-30
01548500,hbv_lite_cma,evaluation,0.718943,0.673493,-0.142763,-0.229612,0.587461,13,explicit_euler_dt1,hbv,success,,32.47,0.7563,-0.720000014906053,2.6143088901988585,0.0611016101671444,7.45901023583095e-10,417.4040198113959,5.999999968246192,0.9872824326196028,0.3238366812302954,0.4999999848862119,59.948206667579626,8.68960892775164,0.1669814583768361,2.7545894050532613,0.0,0.0,313.4452392158149,0.0,2.987678664100204,cal_final_2008-09-30
01549500,hbv_lite_cma,evaluation,0.627751,0.53405,-0.202091,-0.336148,1.421764,13,explicit_euler_dt1,hbv,success,,28.18,0.7431,-1.4500022830989296,1.7936381282748102,0.0017334549221784,4.665389321029172e-08,468.3661917286701,5.99999737311535,0.9269065353222417,0.6043491124957894,0.2141676682706582,10.437842285159707,3.755774316333164,0.1326107590985809,1.9767000403777424,0.0,0.0,362.9948837211106,0.0,4.8011844204774,cal_final_2008-09-30
01550000,hbv_lite_cma,evaluation,0.618841,0.572051,-0.150486,-0.280272,0.782799,13,explicit_euler_dt1,hbv,success,,28.13,0.7025,-1.700017424761826,1.6499138384621057,0.0111938267634275,9.764014118822328e-08,417.4971646468898,5.942140830951009,0.999958542568055,0.3110229358653431,0.4900636584537073,83.54832203104901,7.188837112931395,0.1466429882828246,1.999812142183797,0.0,0.0,331.1289919110945,0.0,4.918219268130162,cal_final_2008-09-30
01552000,hbv_lite_cma,evaluation,0.642137,0.633486,-0.134193,-0.280614,1.053975,13,explicit_euler_dt1,hbv,success,,27.45,0.7077,-1.1599999201617084,2.120192111635552,0.0041940011818873,7.678735639631924e-11,182.12112388222545,4.387358867879577,0.9999999986112412,0.4369035987521914,0.2176094447729916,13.415455840396964,3.412813573074188,0.0844220345527109,1.002343245873487,0.0,0.0,161.55168801486937,0.0557644072670485,15.038112651908149,cal_final_2008-09-30
01552500,hbv_lite_cma,evaluation,0.584372,0.613622,-0.138209,-0.245865,1.348441,13,explicit_euler_dt1,hbv,success,,27.79,0.6691,-2.1600006952171134,1.518496956063015,0.0751737701715988,7.122165114229811e-08,187.18744312882464,4.018571628968566,0.9999996628605295,0.7329195615263906,0.2168539890078276,15.751084782612502,1.203753761832182,0.059843693539699,1.2730327583003846,0.0,0.0,172.60650958783134,9.800339080803765,11.47346669805138,cal_final_2008-09-30
01557500,hbv_lite_cma,evaluation,0.660646,0.74262,-0.022446,-0.198977,1.59592,13,explicit_euler_dt1,hbv,success,,27.98,0.745,-1.490961822740679,1.3853811111784209,0.0867550114821593,1.1890085380857011e-11,328.6547424419824,3.5341629594020096,0.9999999999759102,0.4640214618823007,0.2675210025948307,10.73827102031327,3.19887631813728,0.1211230731696063,1.0000051024583414,0.0,0.0,248.9339392320561,0.0,7.796385554031538,cal_final_2008-09-30
01567500,hbv_lite_cma,evaluation,0.457264,0.523074,-0.065454,-0.232347,0.309671,13,explicit_euler_dt1,hbv,success,,27.71,0.5657,-1.679865223145911,2.538776346059041,0.0012204764670942,9.796983354232167e-07,514.0137853976721,2.168587300716494,0.4228843604094857,0.6829438023621979,0.2489104084478158,12.966177817594742,1.8774034456256163,0.0869659117919155,1.9766117458816013,0.0,0.0,279.1381039327805,1.261108502246551,9.282635141551744,cal_final_2008-09-30
01568000,hbv_lite_cma,evaluation,0.501167,0.699562,0.043163,-0.147431,0.872127,13,explicit_euler_dt1,hbv,success,,28.02,0.6878,-1.4899995532287624,2.2042324092698604,0.0997349291608739,0.0543078565545363,300.11600195459147,5.999999236550802,0.9495706399158316,0.7319945457695567,0.1980738083893638,21.6731420654778,1.8833774601108308,0.0270573180102287,1.0045256431355098,0.0,0.0,280.4875929367502,9.837553546810923,19.81912888155222,cal_final_2008-09-30
01580000,hbv_lite_cma,evaluation,0.531204,0.516857,-0.063733,-0.26209,0.232708,13,explicit_euler_dt1,hbv,success,,26.65,0.611,-2.290001079527133,2.128498559612749,0.096862696540332,0.0021460842617636,771.1202453086081,1.0411707363226776,0.2000017973401226,0.8016932708774852,0.3579279133305463,2.444130757550537e-09,9.514376926534286,0.0305718477215173,1.0084255738286625,0.0,0.0,275.4906173068682,0.0,41.344296502127385,cal_final_2008-09-30
01583500,hbv_lite_cma,evaluation,0.522182,0.622117,-0.009595,-0.178136,0.223898,13,explicit_euler_dt1,hbv,success,,28.24,0.5295,-2.499999724683392,0.9482076812561888,0.0170225697389067,0.1603357213934724,705.7365061544359,1.62568877913451,0.2279302429207702,0.8960039442453115,0.3756935397649274,2.574163725956228e-07,7.755513885684136,0.0277390164302289,1.000104693925459,0.0,0.0,355.83712413153347,0.0,39.6306554121752,cal_final_2008-09-30
01586610,hbv_lite_cma,evaluation,0.487538,0.675778,-0.069118,-0.12985,-0.084736,13,explicit_euler_dt1,hbv,success,,28.4,0.5871,-1.0900013914815354,1.746368937470605,0.000715724838397,0.1999918476811295,987.008810935709,5.999565245483836,0.7072440724860858,0.989999862171955,0.4987390535164569,6.602936294097757e-07,6.482140118554405,0.0456225550549192,1.9201800434468288,0.0,0.0,791.0460616957009,0.0,21.079857284447485,cal_final_2008-09-30
01591400,hbv_lite_cma,evaluation,0.494293,0.610426,0.149475,-0.003877,1.254849,13,explicit_euler_dt1,hbv,success,,27.6,0.5179,-0.9204329678399108,1.827269710203684,0.0140790664489693,0.072655682050986,1225.0107673431146,4.44999284821629,0.8361233608537759,0.9899974188434764,0.4592611922078413,5.241790495415147,2.8238392031347184,0.0174376509320056,1.4582148621778357,0.0,0.0,935.5596611050466,0.0,48.713973394239744,cal_final_2008-09-30
01594950,hbv_lite_cma,evaluation,0.582192,0.73454,-0.037375,-0.171323,3.807782,13,explicit_euler_dt1,hbv,success,,27.75,0.648,-2.050233553195671,1.2414252825761865,0.0251793423272242,8.915578133179287e-07,460.7136755014693,5.999761774856293,0.2404983064171301,0.7609357132926485,0.474502574537388,9.229440711410984,4.503598086987147,0.1906992580803808,1.0943041759567658,0.0,0.0,327.4102792372352,0.0,0.9472723439494196,cal_final_2008-09-30
01596500,hbv_lite_cma,evaluation,0.579052,0.66179,-0.079135,-0.231474,1.826919,13,explicit_euler_dt1,hbv,success,,30.48,0.7138,-1.83449429215363,2.091659394160804,0.0021300829125827,0.0858573979142573,508.3361565906616,5.999927010334687,0.9994141895064406,0.8405540905382675,0.4997030942327445,197.0249702806518,2.8881672321842924,0.1963784947094296,2.012016168362788,0.0,0.0,421.4847506886176,0.0,3.7680813935383015,cal_final_2008-09-30
01605500,hbv_lite_cma,evaluation,0.542136,0.649221,0.120041,-0.083942,0.294617,13,explicit_euler_dt1,hbv,success,,27.94,0.629,-2.49999998115386,1.907985350093785,0.0198231848573904,3.871367695483285e-11,626.3904822713884,5.321393301114849,0.8988056132299962,0.7750063979775702,0.1732609424661629,12.422579775960156,1.3245002958054406,0.0681830691898802,1.932716335472559,0.0,0.0,432.42055405332695,0.0,3.567677561885022,cal_final_2008-09-30
01606500,hbv_lite_cma,evaluation,0.588663,0.623752,-0.043595,-0.233984,0.212698,13,explicit_euler_dt1,hbv,success,,28.38,0.6516,-2.499996034720203,1.935745041333872,0.0004082870906091,3.9575653729292425e-08,219.00331614385223,1.2758739850236005,0.2084865303526182,0.6111977788650442,0.2151182197410203,11.944824685795323,1.2243660630545303,0.1018487487355221,1.2260291249378232,0.0,0.0,40.770074419276966,0.0,1.593247796697661,cal_final_2008-09-30
01632000,hbv_lite_cma,evaluation,0.558139,0.565889,0.240917,-0.071733,4.471876,13,explicit_euler_dt1,hbv,success,,27.76,0.5475,-2.049994084651887,1.509253359054579,0.0482142172493371,0.0575164045606594,199.14946082745132,1.349873897041937,0.2000004902594278,0.9899977501783436,0.2578082943694529,2.2482645367256424,3.4981801932674115,0.158114598066373,1.147227515845926,0.0,0.0,51.62594168731144,0.0,1.7763849388224429,cal_final_2008-09-30
01632900,hbv_lite_cma,evaluation,0.480613,0.686339,0.176501,0.02328,0.208876,13,explicit_euler_dt1,hbv,success,,27.96,0.5898,-1.156044469017341,1.3525768722751783,0.0686983506830529,4.115647640758343e-06,966.08824292314,5.999217811573613,0.7217929883949641,0.9899999428311034,0.3785237110851701,7.287168754454067,2.9935959710290376,0.0962686440077033,1.8868519947704048,0.0,0.0,682.1726128771787,0.0,2.957614090428014,cal_final_2008-09-30
01634500,hbv_lite_cma,evaluation,0.545876,0.564137,-0.072172,-0.226946,0.10029,13,explicit_euler_dt1,hbv,success,,28.0,0.63,-1.0899977321159868,3.7103451970176495,0.015436727665302,1.4886870780693416e-08,428.429660324397,3.79654359252526,0.7418691074776944,0.7706083108857398,0.4062207047306973,12.046098890724554,2.565434013628761,0.1398390216051569,1.0924357985996231,0.0,0.0,282.3220424219068,0.0,4.895136689972867,cal_final_2008-09-30
01638480,hbv_lite_cma,evaluation,0.526555,0.552024,0.076972,-0.220174,3.651857,13,explicit_euler_dt1,hbv,success,,27.92,0.5299,-0.3100006219551927,5.116166358908646,0.0976912798039557,0.1187850540004156,402.1905378856391,1.2850641579655917,0.2000130015462999,0.9899999478396708,0.4999958650395727,9.676674279130568e-07,4.678748756611211,0.0849979768343844,1.9178424035331605,0.0,0.0,187.6210965532724,0.0,14.040556330129384,cal_final_2008-09-30
01639500,hbv_lite_cma,evaluation,0.640094,0.762242,0.093,-0.085421,0.398212,13,explicit_euler_dt1,hbv,success,,28.09,0.6529,-1.371366437718248,2.0778605309570075,0.0963621747070486,0.0362544368879179,761.1058332661668,5.996700459873052,0.8940847076765295,0.9899993222238138,0.4996218158691267,7.609337679309657e-05,6.153766962523673,0.0520898679274078,1.8982802916519703,0.0,0.0,636.0566603976998,0.0,22.610450786553063,cal_final_2008-09-30
01644000,hbv_lite_cma,evaluation,0.587159,0.722058,-0.016848,-0.178773,1.781296,13,explicit_euler_dt1,hbv,success,,27.38,0.6536,0.0200001222490637,4.6828621975222005,0.0858462208093082,6.609306316049973e-08,454.1712750010759,2.9952741802173453,0.3320259762787171,0.9899999767329644,0.1595851559153188,14.00377251076714,0.9204642610280976,0.041822171058069,1.1229524512441604,0.0,0.0,267.497333852851,1.7993605407364717,8.979602679958631,cal_final_2008-09-30
01664000,hbv_lite_cma,evaluation,0.604696,0.700512,0.128051,-0.006649,1.202585,13,explicit_euler_dt1,hbv,success,,32.66,0.6579,-2.499999990898785,0.590966564366543,0.0724066960640722,3.860848003728162e-12,641.7587269707947,4.410503533032515,0.7730017624381793,0.0525289056455276,0.4128547358674546,41.9300445416986,3.5486356939190973,0.105152029468573,2.91997128608548,0.0,0.0,445.461796844566,0.0,5.815364834418223,cal_final_2008-09-30
01666500,hbv_lite_cma,evaluation,0.570994,0.61233,0.130409,-0.087499,1.068478,13,explicit_euler_dt1,hbv,success,,27.53,0.5388,-2.4999999999524847,13.755980668812294,0.0988305350430106,0.0001029645364362,1114.4397067839595,5.576187376881077,0.9911174794924074,0.6053633864456094,0.2006690019554491,12.000143329885262,2.411869697264637,0.0727433436606835,1.0038160432783756,0.0,0.0,898.735043432752,0.0,10.448583523652486,cal_final_2008-09-30
01667500,hbv_lite_cma,evaluation,0.547124,0.579254,0.11725,-0.045056,0.773563,13,explicit_euler_dt1,hbv,success,,26.85,0.6163,-0.7999957790492107,2.700361596512624,0.0370960937317417,9.696782239847335e-07,901.6646181205564,5.999916901554771,0.906028885354348,0.1369093886737246,0.3784163690157574,146.03623669751087,4.448051674932131,0.1141896330007266,1.0869797271789288,0.0,0.0,717.1281969804234,0.0,5.713848250070771,cal_final_2008-09-30
01669000,hbv_lite_cma,evaluation,0.580587,0.473298,-0.157048,-0.416947,2.768774,13,explicit_euler_dt1,hbv,success,,27.99,0.6997,-2.1844104267937743,0.503323343560537,0.0040054471750485,0.0433009322434908,1346.023357672379,1.166099059761259,0.200000004502248,0.7869815933002321,0.2025519944332392,11.89528279761154,2.547546731263811,0.0173006739683194,1.0499979548053926,0.0,0.0,335.10151751858393,0.0,37.29663676938354,cal_final_2008-09-30
01669520,hbv_lite_cma,evaluation,0.607029,0.549008,0.059965,-0.189399,5.949279,13,explicit_euler_dt1,hbv,success,,57.98,0.6876,-0.1495457324816924,2.3033447848366686,0.0040910584500306,0.0442681965821353,911.781310641105,2.776077893040074,0.7925121482451791,0.369222558173932,0.0671825099862885,15.41189730017244,0.8731583044468046,0.0490513855861654,4.898225926272263,0.0,0.0,563.1913721163118,8.508859563058708,9.233896544235062,cal_final_2008-09-30
02011400,hbv_lite_cma,evaluation,0.531737,0.564752,-0.105622,-0.210914,-0.336081,13,explicit_euler_dt1,hbv,success,,32.34,0.6734,-2.399999314979119,1.3892269828597907,0.0169220906236649,2.8176789634017878e-09,818.3448553750501,5.846449027652485,0.2077608271697241,0.4568740803444909,0.4871143776087064,114.22031174444572,3.73565759176496,0.1469075625501033,2.4855767420381034,0.0,0.0,537.482950771347,0.0,1.0896290170103522,cal_final_2008-09-30
02013000,hbv_lite_cma,evaluation,0.560093,0.536103,-0.108797,-0.270878,-0.006346,13,explicit_euler_dt1,hbv,success,,27.81,0.6806,-1.379986191174378,5.613954346852623,0.0999995296561031,0.0900300419858383,645.379325095242,5.293035740318154,0.7790242860117649,0.2506093767533607,0.4999999932866517,173.6767206128404,2.8636979783322207,0.1543461896664186,1.05092533878174,0.0,0.0,402.8099331086302,0.0,1.0831736128171068,cal_final_2008-09-30
02014000,hbv_lite_cma,evaluation,0.601999,0.686136,0.089689,-0.154469,1.073665,13,explicit_euler_dt1,hbv,success,,30.41,0.7306,-1.4999942146318577,2.3433563103889203,0.0499712646831095,5.92423674125674e-08,389.6853940156842,2.754084307902472,0.8858376364273783,0.8677643282018271,0.1570890832032258,12.35213503366525,1.5818942637071016,0.0545686388655103,1.057258382795104,0.0,0.0,212.96255906361185,0.0,6.126688716937322,cal_final_2008-09-30
02015700,hbv_lite_cma,evaluation,0.555708,0.578385,-0.043174,-0.181708,-0.244203,13,explicit_euler_dt1,hbv,success,,28.27,0.6338,-2.059999886923275,1.507021433911949,0.0976781732337076,1.6036248836919518e-10,524.7402770049762,4.699037525451372,0.9999994902687112,0.6021541188937326,0.4436782827262021,199.29597176640635,3.616343384228601,0.1198900046054969,1.0444740801440808,0.0,0.0,368.6782327262615,0.0,2.702045912523522,cal_final_2008-09-30
02016000,hbv_lite_cma,evaluation,0.57575,0.656023,0.127492,-0.074946,0.269704,13,explicit_euler_dt1,hbv,success,,32.82,0.6552,-1.8700000905309304,0.945568764185375,0.0653797793315407,7.070245705535724e-08,163.0625341705629,1.0000000043052228,0.2206834845301654,0.8943938835069577,0.4999999793227764,73.35122148162812,3.1294356601459943,0.1296527894703651,2.384666926162323,0.0,0.0,40.935874406120114,0.0,3.4011097298214565,cal_final_2008-09-30
02017500,hbv_lite_cma,evaluation,0.666087,0.690887,-0.075078,-0.252116,0.919586,13,explicit_euler_dt1,hbv,success,,28.23,0.744,-1.729999961488305,1.589505232610169,0.0001901418298067,5.8542591252558056e-08,388.3409217148224,4.124694454072575,0.9999999891140896,0.9899999923131618,0.2262028590160052,17.752432716634075,1.1582345911162917,0.0874040763677477,1.9980776542889176,0.0,0.0,243.2259112773635,0.0,2.7284126210112567,cal_final_2008-09-30
02018000,hbv_lite_cma,evaluation,0.639264,0.651423,-0.037518,-0.204228,0.135382,13,explicit_euler_dt1,hbv,success,,35.04,0.7037,-1.4259834835925165,1.352639379918907,0.062827258861196,0.0337047241351657,457.6632310258095,4.988752349611921,0.9999271772283842,0.2001644336255567,0.4745749041614658,4.644507399803417,3.376455191680345,0.1419885227326367,2.39113778468844,0.0,0.0,310.00440349622994,0.0,2.01689099219675,cal_final_2008-09-30
02027000,hbv_lite_cma,evaluation,0.433501,0.714682,-0.058394,-0.151452,0.2804,13,explicit_euler_dt1,hbv,success,,28.05,0.601,-1.999996572647696,0.5066783918436322,0.0566526727116997,1.3499216131116849e-08,212.104472143932,4.343202347953356,0.9999999793638834,0.9899999971796524,0.2552489738895915,21.447116140286315,2.7188614660730708,0.0507309158771323,1.025996006843119,0.0,0.0,160.14845477128006,0.0,9.64794562334169,cal_final_2008-09-30
02027500,hbv_lite_cma,evaluation,0.480486,0.482736,-0.169099,-0.291115,0.756535,13,explicit_euler_dt1,hbv,success,,28.15,0.5773,-1.8100000041864128,0.5485100235970661,0.0415679308082242,2.0082300862371715e-09,226.34881896032948,2.957938610330096,0.9999999995236116,0.5623763963143092,0.4999999997262304,139.1162450032573,8.34385197471794,0.1258037989935222,1.679453217476382,0.0,0.0,155.3885252053432,0.0,5.189353774721387,cal_final_2008-09-30
02028500,hbv_lite_cma,evaluation,0.577941,0.638953,0.037376,-0.152325,0.907518,13,explicit_euler_dt1,hbv,success,,27.84,0.6308,-0.8199999497577841,0.8230753549119254,0.0492668500404123,5.318869156252889e-10,697.744978265713,5.99999983498453,0.967132667639338,0.2251114117230862,0.3747075097939107,86.72973492942604,5.52998489990675,0.0990116528396233,1.0406169842871749,0.0,0.0,564.5901889396483,0.0,8.525086451182519,cal_final_2008-09-30
02038850,hbv_lite_cma,evaluation,0.497334,0.530991,0.104735,-0.157401,2.124266,13,explicit_euler_dt1,hbv,success,,27.87,0.631,0.4306473918371862,5.505737439452108,0.0453618474477866,0.0459323046859491,535.660857482578,2.9655618899633343,0.9982476114137822,0.9660816418311274,0.2246320513987119,19.5441481040284,3.675021679341865,0.0002362960730024,1.9677208893568323,0.0,0.0,385.4308057607295,0.0,2373.958307265568,cal_final_2008-09-30
02046000,hbv_lite_cma,evaluation,0.572501,0.637007,0.242033,-0.092393,14.427336,13,explicit_euler_dt1,hbv,success,,32.23,0.6834,-2.4999997113729853,13.25712194825967,0.0130999250264849,0.1153845018931493,289.7652912256757,5.999999426865772,0.200000016272097,0.8836454133239974,0.3741169940007021,25.38026550245627,2.627483313344833,0.0074768403797948,2.0510837930352186,0.0,0.0,213.22895140491,0.0,48.8626496274348,cal_final_2008-09-30
02051500,hbv_lite_cma,evaluation,0.601421,0.580171,0.127164,-0.146533,1.521669,13,explicit_euler_dt1,hbv,success,,37.89,0.6234,-2.2666578123693,8.184477775985112,0.037174159555305,9.689083908007194e-07,638.6079301806112,1.787889997919191,0.2000075536980413,0.8325245215966851,0.4883946225780611,113.03237041778496,1.458286815486872,0.0898912294274226,3.7707579858046048,0.0,0.0,221.45069497409057,0.0,4.638258945838976,cal_final_2008-09-30
02053200,hbv_lite_cma,evaluation,0.572442,0.569748,0.082718,-0.142541,4.199827,13,explicit_euler_dt1,hbv,success,,83.6,0.6871,-1.4499989980782404,11.169489136266614,0.0650390924407737,0.1193460417449111,566.0865024841838,5.9999998980584,0.5464317877792515,0.9517670889870984,0.0100000180577605,113.8361807390976,28.49720160189239,0.3078598424698026,8.583557875739908,0.0,0.0,365.4603266052069,0.0,0.4570197252603456,cal_final_2008-09-30
02053800,hbv_lite_cma,evaluation,0.51884,0.705527,0.093107,-0.080902,1.542099,13,explicit_euler_dt1,hbv,success,,28.19,0.7674,-2.211778122187992,0.5032698762296687,0.0265009044557458,0.0092656150174154,677.2764358929164,5.909040708838052,0.9966299875056706,0.9899948100087548,0.1569539840170102,25.00649710734945,1.5758252395222214,0.0002800080226236,1.6926176981839998,0.0,0.0,517.2304491501449,0.0,1707.3501864846023,cal_final_2008-09-30
02055100,hbv_lite_cma,evaluation,0.644733,0.686444,0.229686,-0.015968,1.001183,13,explicit_euler_dt1,hbv,success,,26.51,0.6919,0.1329261557748129,1.9201949742578093,0.0052282232131972,0.0165086338959589,714.4782284634892,4.189289310465249,0.9994872637607732,0.9899999306692362,0.183616443422579,11.372089674920645,3.223757159310331,0.0453567439447031,1.9981420226878048,0.0,0.0,504.9304127810357,0.0,11.165223078182766,cal_final_2008-09-30
02056900,hbv_lite_cma,evaluation,0.609116,0.633514,0.047894,-0.141891,0.31587,13,explicit_euler_dt1,hbv,success,,27.93,0.6317,-2.26000923755797,5.6666807503305305,0.0789856978197695,0.1985622472714956,815.7791697267025,2.085218396189678,0.3376190885478939,0.7507083497382219,0.1314681916737705,14.45132548354394,2.0438608417164144,0.0520859946012111,1.8940637523251616,0.0,0.0,315.56573268859165,0.0,7.683310206998116,cal_final_2008-09-30
02059500,hbv_lite_cma,evaluation,0.487736,0.500888,-0.084207,-0.233598,-0.193323,13,explicit_euler_dt1,hbv,success,,27.69,0.5933,-0.1999988153356837,2.104699113104316,4.3425525729130354e-08,0.1999982726492124,660.8526812194729,1.7213723279285182,0.2782767748433048,0.5797436704175657,0.4999999763007454,145.13177832905083,2.8844704072031004,0.0785558870317744,1.711785452582098,0.0,0.0,159.2909948357795,0.0,2.2552253654401366,cal_final_2008-09-30
02064000,hbv_lite_cma,evaluation,0.382276,0.374072,-0.013026,-0.140248,-0.006218,13,explicit_euler_dt1,hbv,success,,27.56,0.6189,-1.5294562376382457,1.160792119498579,0.0001001476257444,0.1999846994875249,765.8361988867341,2.148857169484863,0.5160549982275573,0.0709964663689129,0.4999997647402958,69.78700457878969,2.9056890740150885,0.0862515007014879,1.9047907908817585,0.0,0.0,338.5937277336908,0.0,4.454627677254341,cal_final_2008-09-30
02065500,hbv_lite_cma,evaluation,0.397315,0.380237,-0.030432,-0.275268,1.358739,13,explicit_euler_dt1,hbv,success,,38.0,0.5059,-0.2500747035087927,1.7344149456714504,0.0969951900437298,0.063183976870778,605.2826201364237,1.199449730331113,0.2751651001540758,0.1652022701099739,0.3556628239371927,106.7423133079076,2.338097126200134,0.0004902408937936,2.265506130102406,0.0,0.0,161.13997697906714,0.0,1183.3779522645816,cal_final_2008-09-30
02069700,hbv_lite_cma,evaluation,0.605734,0.658852,-0.123127,-0.249285,-0.001256,13,explicit_euler_dt1,hbv,success,,28.18,0.613,-1.95171506518018,4.668695100405644,0.0205205939236023,0.0031456126397076,838.9336438906411,1.2174037368997717,0.2353050774051006,0.4417786966202875,0.2975860947980367,18.85770682541088,4.023402253988059,0.0427951015709156,1.791179866648979,0.0,0.0,235.45731511573263,0.0,15.012729610966067,cal_final_2008-09-30
02070000,hbv_lite_cma,evaluation,0.535669,0.675699,0.003044,-0.101755,0.057913,13,explicit_euler_dt1,hbv,success,,27.75,0.5622,-0.3899723229007872,1.666496191196669,0.0255410416573759,2.534284324530192e-06,864.1281362162499,1.0000049676683942,0.2195585327892013,0.526457562437731,0.4557045730201443,120.30387120878758,3.2722072034021106,0.0543092090232942,1.1620187725602675,0.0,0.0,203.64388069026697,0.0,13.479058837506516,cal_final_2008-09-30
02074500,hbv_lite_cma,evaluation,0.568845,0.513337,0.293968,-0.040933,1.824535,13,explicit_euler_dt1,hbv,success,,27.83,0.5021,-0.5799244065765776,1.5709477148635955,0.0653340438937811,0.0203311204082265,561.0276417477933,3.426866971589611,0.9999489121842704,0.5374823203574272,0.49999121071212,142.31072914506194,4.525171717085147,0.0003757686354383,1.1223524561285665,0.0,0.0,438.1961835064381,0.0,1984.9300100491444,cal_final_2008-09-30
02077200,hbv_lite_cma,evaluation,0.315962,0.346157,0.163573,-0.09882,19.462041,13,explicit_euler_dt1,hbv,success,,27.5,0.6238,-2.4851120414475507,14.865528111829809,0.0486880728586741,0.1553344370465519,410.7096473082808,4.023844840292025,0.9999999999579854,0.6133025038641595,0.1116483521019741,13.957336754487978,1.2970072760307692,0.0001050175670654,1.803773109499809,0.0,0.0,360.85182751042726,8.80825767733332,2090.2711816593924,cal_final_2008-09-30
02081500,hbv_lite_cma,evaluation,0.525515,0.468867,0.275154,-0.015962,7.411649,13,explicit_euler_dt1,hbv,success,,34.86,0.5735,-2.409996839232777,14.99998369746528,0.0358492427707041,0.0867975547180942,398.0788215123433,2.046080304228215,0.3351011528261922,0.1769947979288693,0.0863948204498507,160.17679027844383,29.6165200427585,0.4999999420121482,2.4008108560066086,0.0,0.0,250.6923023788989,0.0,1.595819806592708,cal_final_2008-09-30
02082950,hbv_lite_cma,evaluation,0.472854,0.393813,0.099467,-0.182197,2.93462,13,explicit_euler_dt1,hbv,success,,37.99,0.6244,-1.339519538901686,14.9910927501001,0.0097070446094964,0.0029711546312381,680.584933588571,2.8111267874305743,0.4738053874876443,0.233260355277201,0.3705604376845922,150.6633196803138,1.547118598695307,0.0996990387466986,3.4591842067082395,0.0,0.0,357.0046314736393,0.0,5.004376967994679,cal_final_2008-09-30
02092500,hbv_lite_cma,evaluation,0.789537,0.744137,0.232667,0.001215,12.839504,13,explicit_euler_dt1,hbv,success,,55.54,0.7997,-1.4684100458587517,0.5000292518111165,0.0903295082087701,0.1856111927079621,177.06804606682584,5.99999999812147,0.2000000427270492,0.2630477477410416,0.1329886694895168,33.24190751893239,1.578090376824271,0.0002412989318389,4.01410085599452,0.0,0.0,163.22675585728047,6.276280888590206,1591.7151434041532,cal_final_2008-09-30
02096846,hbv_lite_cma,evaluation,0.562293,0.623254,0.069222,-0.184658,30.787697,13,explicit_euler_dt1,hbv,success,,27.72,0.6169,-2.202390665916458,6.6968268639139685,0.0662242691912218,0.1745346376039821,441.3376079630952,2.6415932710346777,0.7252436558706736,0.9511565614151432,0.144612479792802,11.68967253556762,1.7544237366422244,0.0001000000272474,1.5116710390966597,0.0,0.0,338.93965723410474,2.0689719610142907,2223.4135319094594,cal_final_2008-09-30
02102908,hbv_lite_cma,evaluation,0.478814,0.637707,-0.087408,-0.225741,0.421693,13,explicit_euler_dt1,hbv,success,,30.62,0.5751,-0.8556277475099576,0.9853002698749362,0.0238234682991644,0.1999992998855553,830.0656940080016,1.0000000905810698,0.4620457790334894,0.989999810194701,0.198163277118174,25.342516908095583,2.8915544989965305,0.0046490640033056,1.5603875732786523,0.0,0.0,365.9450603732533,0.0,231.68304146417373,cal_final_2008-09-30
02108000,hbv_lite_cma,evaluation,0.819866,0.694644,0.216052,-0.020453,4.349104,13,explicit_euler_dt1,hbv,success,,78.4,0.7035,-0.4299761591796609,14.854785391090648,0.0752999565998543,0.0909130065463875,510.82515115619873,2.206809654085391,0.2000240806742243,0.8038216348597282,0.31798180983954,132.07099998223634,1.7644025921052604,0.1038906430928096,8.312679214228723,0.0,0.0,342.9854035104484,0.9052962046379456,10.715670418986114,cal_final_2008-09-30
02111180,hbv_lite_cma,evaluation,0.56805,0.576206,-0.014214,-0.164378,0.279175,13,explicit_euler_dt1,hbv,success,,27.81,0.6891,-0.0999992761800534,5.9604229635515695,0.0998494017710863,2.7716044659118667e-08,442.6492489111554,1.000000006500005,0.2941536883933818,0.9899999328223088,0.1771154560214392,25.59162710967933,2.3452613632042216,0.0313424180290415,1.5068595959332325,0.0,0.0,213.8026933277688,2.0144876608069366,38.32545182038928,cal_final_2008-09-30
02111500,hbv_lite_cma,evaluation,0.600373,0.724567,0.066506,-0.06512,0.375062,13,explicit_euler_dt1,hbv,success,,28.83,0.7015,-2.4965713089124093,4.0610361844076985,0.0437826187257966,0.0003067142604377,1440.5977336884075,3.1964462905988005,0.7707244623734546,0.7005669710966688,0.1411787683425004,15.254831073805992,2.782690686394215,0.0204414551396621,1.840464154644652,0.0,0.0,980.7802921706236,0.0,43.28653569539151,cal_final_2008-09-30
02112120,hbv_lite_cma,evaluation,0.569087,0.627636,0.069976,-0.120323,0.426409,13,explicit_euler_dt1,hbv,success,,28.25,0.5216,-2.343873483072961,14.998970727869237,0.0856411325784388,0.0866770981229941,902.2466911997054,2.6239076588404213,0.5892853442880781,0.7957368555917952,0.160951207619575,27.191309260444303,3.494257067998732,0.0146099469135014,1.0602272965724064,0.0,0.0,569.8223462760134,0.0,62.38417110373373,cal_final_2008-09-30
02112360,hbv_lite_cma,evaluation,0.592157,0.704607,-0.040684,-0.158048,0.078279,13,explicit_euler_dt1,hbv,success,,28.25,0.5731,-2.499999192097534,5.141673012190995,0.0091893658401708,0.0496926132420314,948.5057437987466,1.0000000000110707,0.2666551091437713,0.9899886761910404,0.335699858687687,30.036197921196862,5.189026047431233,0.0293860024873659,1.5366347856085838,0.0,0.0,286.5328452574803,0.0,37.04837357890183,cal_final_2008-09-30
02118500,hbv_lite_cma,evaluation,0.548691,0.558561,-0.065529,-0.241775,0.483405,13,explicit_euler_dt1,hbv,success,,26.09,0.4853,-1.7100025962130374,0.5000002712390642,0.0466548731007955,1.248377750014171e-07,948.652985867895,1.189331358366174,0.2155970480066456,0.3167789595213767,0.4999999932816117,193.44094360733607,3.5297286451613843,0.096795002375628,1.6624549722894573,0.0,0.0,254.53934392648185,0.0,7.828105710615217,cal_final_2008-09-30
02125000,hbv_lite_cma,evaluation,0.554093,0.643227,0.043518,-0.169292,43.266177,13,explicit_euler_dt1,hbv,success,,27.47,0.6072,-1.9602173720149472,8.634946817576157,0.0351836461656505,0.0592318041008513,277.3977617012948,4.735996519731272,0.9999999999999624,0.9899999999999864,0.1216894791560836,12.544637058502456,1.2912792046239634,0.0001,1.2955075269419516,0.0,0.0,250.96025201346544,7.913095233042803,1939.773265662679,cal_final_2008-09-30
02128000,hbv_lite_cma,evaluation,0.516122,0.504505,0.070091,-0.166118,4.403217,13,explicit_euler_dt1,hbv,success,,27.99,0.6453,-0.4399901488086239,13.492885241265068,0.0121531245617358,0.0040747406416408,392.9773999792464,2.4463353391999685,0.9999975479933618,0.989999135230476,0.1711604304441572,15.450392244221778,1.680632405856313,0.0001229895024043,1.0235142721382853,0.0,0.0,305.6865423242481,5.053570903734824,2320.5721677365696,cal_final_2008-09-30
02137727,hbv_lite_cma,evaluation,0.641287,0.739637,0.058329,-0.141144,0.602977,13,explicit_euler_dt1,hbv,success,,27.6,0.7456,-1.153577726364602,14.244613943898468,0.0833437976375345,0.0467150965705543,112.26530972703787,1.2627039165493197,0.2000000111253653,0.9899999997592924,0.4148472892261324,38.60056132757315,8.660356381352894,0.0115623837974264,1.6873820977136718,0.0,0.0,73.06455521686362,0.0,105.8776638497628,cal_final_2008-09-30
02140991,hbv_lite_cma,evaluation,0.707705,0.708387,0.123741,-0.010946,0.764364,13,explicit_euler_dt1,hbv,success,,28.2,0.7034,-1.5107630012725457,4.462185410435216,0.0271221190220815,0.1081285565186691,384.4483689255395,4.36072104556796,0.9824908793602514,0.8228854516157085,0.162543432991039,26.47680747009908,2.913831852536712,0.0097501637351841,1.2729630887449863,0.0,0.0,348.0293723621299,3.759770619561349,117.997981130149,cal_final_2008-09-30
02143000,hbv_lite_cma,evaluation,0.579207,0.74332,0.045051,-0.13174,0.482401,13,explicit_euler_dt1,hbv,success,,28.01,0.7056,0.2200657888884016,0.6863020069193639,0.0256996835103487,0.0001956270812668,252.5552491327069,5.370523144758013,0.92586794954229,0.989999706038638,0.2661242387049062,22.451193322335232,5.49887116750296,0.0080089281310893,1.3108518572529355,0.0,0.0,210.2571304291313,0.0,74.02915287087515,cal_final_2008-09-30
02143040,hbv_lite_cma,evaluation,0.579966,0.762673,0.019614,-0.067596,0.343492,13,explicit_euler_dt1,hbv,success,,27.76,0.6929,-0.5804189302751994,7.863279439814523,0.0825380413692562,0.0493113720729033,329.30533516259425,2.6446794791017547,0.9507817025901776,0.8861159557548207,0.2823822578219358,18.00921112729722,3.090942848334241,0.0225458689507091,1.0699837953687394,0.0,0.0,239.92470376618965,0.0,40.34723224535684,cal_final_2008-09-30
02149000,hbv_lite_cma,evaluation,0.648991,0.826981,-0.003811,-0.041686,0.210426,13,explicit_euler_dt1,hbv,success,,27.61,0.7151,-0.9957221977619128,6.380430325669162,0.0097081727575783,0.0295580858277749,1340.2986365339,3.561132664629659,0.9999999985311604,0.9735569385753532,0.2605241316252067,22.193763561700084,2.6968395157229303,0.0325217852280511,1.8146425674064288,0.0,0.0,957.7076674530744,0.0,24.49153190338648,cal_final_2008-09-30
02152100,hbv_lite_cma,evaluation,0.536132,0.698924,0.20758,0.018061,0.703641,13,explicit_euler_dt1,hbv,success,,27.44,0.5952,-2.13920176806208,10.035364228021017,0.0505389442209385,0.1713759937404172,553.0266543026826,5.999999999449635,0.9292410190074922,0.9899999999564292,0.3189255983235486,26.74697096695601,4.778117184827409,0.0075648758785453,1.0393631536629635,0.0,0.0,435.7082535039,0.0,66.86588598681679,cal_final_2008-09-30
02177000,hbv_lite_cma,evaluation,0.753086,0.870346,-0.00939,-0.087439,0.180916,13,explicit_euler_dt1,hbv,success,,30.53,0.7017,0.7636341807184053,1.9005826264362504,0.0129776247978698,0.1736906376887448,872.8970299156773,1.528709949024975,0.2020787667830261,0.5397710260738948,0.1277794348790697,37.314999713133815,5.83818696184426,0.0405023599256344,1.9888190009668627,0.0,0.0,402.8510450620039,0.0,18.92251388634645,cal_final_2008-09-30
02178400,hbv_lite_cma,evaluation,0.731011,0.840076,0.096282,-0.009354,0.411256,13,explicit_euler_dt1,hbv,success,,28.09,0.7799,-0.8013392666787276,14.78786192623663,0.0013572358016313,0.0438165009757309,1081.1756904739707,2.4641733834006785,0.6053651493393973,0.8542673766726022,0.1300588022559583,43.59193796359715,5.344264435574895,0.0292797237440349,1.94864521900986,0.0,0.0,697.0180959575054,0.0,33.10793150249875,cal_final_2008-09-30
02193340,hbv_lite_cma,evaluation,0.571817,0.66332,0.075625,-0.06828,2.388065,13,explicit_euler_dt1,hbv,success,,27.5,0.6457,-2.31022145772922,12.107250617401109,0.0458922163221857,0.1656174680838951,524.3467294839021,2.9759142013375426,0.9999999999999912,0.733050485338682,0.1243561604879423,11.610946974748694,2.335618275341191,0.0001,1.0693487885833168,0.0,0.0,329.400060049726,0.0,2345.354268210521,cal_final_2008-09-30
02196000,hbv_lite_cma,evaluation,0.608569,0.615142,-0.093187,-0.247162,7.50443,13,explicit_euler_dt1,hbv,success,,35.69,0.6488,1.8313774487122032,10.228354089577625,0.0019383751691425,0.0252086573867714,356.97186084114,1.7109371330956709,0.2001216044363602,0.4533730982304676,0.1344725815857007,7.268663645426919,1.8392073672496403,0.0001000000541345,2.2734238790057315,0.0,0.0,54.54896534846847,0.0,1601.3717081567002,cal_final_2008-09-30
02198100,hbv_lite_cma,evaluation,0.469573,0.443468,-0.109069,-0.32879,2.812013,13,explicit_euler_dt1,hbv,success,,28.91,0.6645,1.6957266425343374,12.120173710448526,0.0265659076700825,0.008323958824427,443.210426241877,4.433033859919108,0.6194899684821666,0.6115883976609053,0.0690004397946661,34.136559477908435,1.280409561852594,0.0002290896275808,1.4642412571234973,0.0,0.0,255.38119617171924,0.0,1228.5685697535894,cal_final_2008-09-30
02202600,hbv_lite_cma,evaluation,0.647662,0.702168,0.101063,-0.109094,17.69825,13,explicit_euler_dt1,hbv,success,,66.59,0.695,2.4398945088289805,0.5000003982529062,0.0275238996034143,4.715716237967042e-08,646.7494053268846,5.999999999993295,0.4655677237713428,0.1796367998587866,0.4012315558563011,197.45198597302172,5.061945238361783,0.2255024491846591,6.172991334411884,0.0,0.0,320.6067667410233,0.0,0.0107965131676219,cal_final_2008-09-30
02212600,hbv_lite_cma,evaluation,0.672055,0.70943,-0.009569,-0.250413,7.590202,13,explicit_euler_dt1,hbv,success,,27.97,0.7233,1.9793031575539104,1.2036770983005338,0.0066424629255523,0.0177268865697737,400.1727492446554,1.9157806317414685,0.9079456180900748,0.989928309489409,0.1807173859634629,15.798505969276476,3.616992626329377,0.0001000001627435,1.6811946791842425,0.0,0.0,212.67158809156533,0.0,3020.469876104205,cal_final_2008-09-30
02215100,hbv_lite_cma,evaluation,0.654494,0.733412,0.00617,-0.197134,4.460472,13,explicit_euler_dt1,hbv,success,,33.2,0.7589,2.0716057396409955,7.044053641247016,0.0021485330459201,0.0031787644903931,553.230026619316,5.999998971191642,0.9999999828538296,0.6469577316641338,0.1307214154934121,38.19662861488589,1.925832694391148,0.0001746884421878,2.4832008624058384,0.0,0.0,374.0083722656483,0.0,1823.947881214213,cal_final_2008-09-30
02216180,hbv_lite_cma,evaluation,0.688518,0.657668,-0.124605,-0.247383,,13,explicit_euler_dt1,hbv,success,,30.81,0.7536,-2.091138082051782,11.644827850458224,0.0687658611169531,0.0605187485907309,481.085115568694,5.439751641876445,0.5751091046023906,0.3171759616786398,0.2521226912697381,19.068090861540146,2.176784753815121,0.0869476617824533,2.117445355574916,0.0,0.0,218.95139312596248,0.0,0.2498186560177994,cal_final_2008-09-30
02221525,hbv_lite_cma,evaluation,0.742417,0.700932,-0.034555,-0.266654,2.76411,13,explicit_euler_dt1,hbv,success,,26.38,0.6457,-1.213700195271443,1.869156452478788,0.0366096586262404,0.1407372739190164,434.9698579120341,1.0959599991462257,0.2000000001883426,0.6847909601625913,0.3700895539626267,79.57667789651788,3.841091583800928,0.0002199594711487,1.7485083927952867,0.0,0.0,50.469941793316295,0.0,1926.0326233030737,cal_final_2008-09-30
02231000,hbv_lite_cma,evaluation,0.747765,0.750262,0.187619,-0.015515,0.324577,13,explicit_euler_dt1,hbv,success,,64.7,0.8162,1.5871907294250418,11.796109771575232,0.0320021891001271,0.1583629321614255,551.9501062703068,5.999999999998429,0.2000000000003584,0.354747114254305,0.2672655582721884,193.74483586363823,6.367035113044714,0.0990117163915599,6.431009601428094,0.0,0.0,446.8273456916677,0.0,5.399733993695554,cal_final_2008-09-30
02245500,hbv_lite_cma,evaluation,0.465027,0.514282,0.097318,-0.26385,3.006241,13,explicit_euler_dt1,hbv,success,,33.19,0.7068,-2.10930920544017,4.492491093164061,0.0263362076802087,0.0194269934703107,519.1748199876397,5.999999957485283,0.2000000399492089,0.4158279072525184,0.1196527199554827,46.71673702175415,1.9060198613436168,0.0003469876842001,1.4256482464742877,0.0,0.0,443.4012047384343,0.0,1293.957997637349,cal_final_2008-09-30
02246000,hbv_lite_cma,evaluation,0.651382,0.662253,0.113608,-0.257253,5.040299,13,explicit_euler_dt1,hbv,success,,43.97,0.7258,-1.158096950002898,10.654216675030554,0.0704774470126602,0.0065693365941659,280.97833135197214,5.903344925134904,0.2000000010604824,0.3558196529395275,0.1189106880773922,32.73116192307116,2.6970220531768243,0.0005376970211357,3.949090308514555,0.0,0.0,205.09129603462577,0.0,1144.0922368073852,cal_final_2008-09-30
02296500,hbv_lite_cma,evaluation,0.686329,0.576848,0.387555,0.203617,1.489345,13,explicit_euler_dt1,hbv,success,,87.23,0.9134,2.2419493250727447,4.835479103236685,0.0390446232197749,0.1586251712817552,344.10839784942334,4.8690233608070885,0.200000000021731,0.9148046432444652,0.2226025564534875,127.46177135659671,1.3002202443493205,0.1303571400521124,8.054319874522877,0.0,0.0,278.1872423979928,2.5705417016390424,6.091672450167256,cal_final_2008-09-30
02297155,hbv_lite_cma,evaluation,0.428087,0.549877,-0.057046,-0.486387,35.761755,13,explicit_euler_dt1,hbv,success,,41.39,0.6498,0.7870034629011498,5.865573565732014,0.0595298731426873,0.1421507286781896,514.6835281931354,4.6428110970111085,0.2000000000069473,0.9899999999992166,0.4999999999985544,14.882965169273826,6.234668684547014,0.0001766155122019,4.304702525263058,0.0,0.0,417.8608462543392,0.0,2458.859967240185,cal_final_2008-09-30
02297310,hbv_lite_cma,evaluation,0.713833,0.770209,0.109814,-0.113507,3.971204,13,explicit_euler_dt1,hbv,success,,67.32,0.7599,-1.5416998261643682,5.403075458627469,0.0081920309901582,0.1211276151927401,267.11444170664026,5.999999999032917,0.2000000400505805,0.3913202861948895,0.2415401673652125,42.12663632512399,2.0814054767706462,0.0337229617701614,6.60079390703763,0.0,0.0,213.7581772944592,0.0,35.67247432838023,cal_final_2008-09-30
02298123,hbv_lite_cma,evaluation,0.683802,0.742114,0.072865,-0.150329,1.002281,13,explicit_euler_dt1,hbv,success,,120.35,0.8141,-0.217083338725093,14.481204422631317,0.094848876339569,0.1117720177483915,662.7006966549544,5.999999999989892,0.8500691554823614,0.6427212413090461,0.0100000000350935,137.9006831337247,17.007760895685916,0.4154697837476998,14.626369416253528,0.0,0.0,575.3020949069819,0.0,3.78594804094199,cal_final_2008-09-30
02298608,hbv_lite_cma,evaluation,0.734191,0.695804,-0.115857,-0.267849,2.741027,13,explicit_euler_dt1,hbv,success,,51.7,0.7497,1.6395999608255964,1.2715490957653717,0.0502889558942733,0.0831122601290584,180.0498163347138,3.567799455314913,0.9356835544072432,0.4388589020824502,0.0869998535170339,39.658777648908455,1.2612903610221986,0.0001000000017012,4.031715722708139,0.0,0.0,129.33244455153917,0.0,1895.399888120528,cal_final_2008-09-30
02299950,hbv_lite_cma,evaluation,0.656067,0.718489,-0.029445,-0.310115,6.666347,13,explicit_euler_dt1,hbv,success,,26.47,0.7641,1.1105569748200943,8.867666784791908,0.0544315127762183,0.1124819138381716,397.6671949994542,5.999999995737444,0.9607323634276972,0.6001109347280654,0.2349873923965894,40.05814276061063,3.523478070412984,0.0001780692031339,1.5131043891139506,0.0,0.0,334.2720061590037,0.0,2676.947675533972,cal_final_2008-09-30
02300700,hbv_lite_cma,evaluation,0.585309,0.504902,-0.247325,-0.284661,-0.157294,13,explicit_euler_dt1,hbv,success,,34.81,0.5718,0.1850069667821587,12.922235278870648,0.0015987651382777,0.0942449116301534,376.5216109820172,4.788137444715858,0.6855243778671234,0.412055129169306,0.4999999157598397,18.76435793104085,1.633196738159163,0.3348498177323978,2.7742659859679364,0.0,0.0,260.3911068846035,0.0,0.9516199665160088,cal_final_2008-09-30
02342933,hbv_lite_cma,evaluation,0.62415,0.678606,0.081072,-0.122987,11.871743,13,explicit_euler_dt1,hbv,success,,27.87,0.5745,2.1684228075205256,11.462716194560858,0.0004656324553339,0.1087393027741978,905.861791650198,5.999649214946548,0.9998834418974748,0.8146999576989554,0.4512766398220182,28.862076813858696,2.810552991104065,0.0001311516279669,1.2123251326215991,0.0,0.0,752.4885390410129,0.0,2114.767703373592,cal_final_2008-09-30
02349900,hbv_lite_cma,evaluation,0.626805,0.666249,0.159084,-0.119845,2.075378,13,explicit_euler_dt1,hbv,success,,27.84,0.7518,0.138776819661901,14.979741031365414,0.0780385480396775,0.0072912905305119,733.0988331957126,3.5664573343584216,0.6718978286968966,0.6295400703271696,0.2405363573754508,15.196188924140696,2.566867762808384,0.0522815486963614,1.003864094556158,0.0,0.0,394.5003727681209,0.0,3.652853603869915,cal_final_2008-09-30
02350900,hbv_lite_cma,evaluation,0.728459,0.654338,-0.036567,-0.207128,0.907405,13,explicit_euler_dt1,hbv,success,,56.2,0.6864,-2.3500520652038364,13.515747451479532,0.0428310305644327,0.0492582254677287,1387.7359115777224,1.339234836295248,0.2000000046737726,0.3717541444031817,0.1657195091626567,28.600378088457543,1.6257469044003714,0.0492714688679612,5.352906793700344,0.0,0.0,361.9184804665455,0.0,6.217712907652737,cal_final_2008-09-30
02361000,hbv_lite_cma,evaluation,0.631514,0.554499,0.026489,-0.126694,0.788434,13,explicit_euler_dt1,hbv,success,,49.99,0.7023,0.8126797229149636,0.6237876205421968,0.0859892130569862,0.0112906133726772,562.8398010321343,1.456748604113666,0.2000154906350156,0.2023348683907482,0.1877567397987824,14.248040694091396,2.301961697033013,0.0315014951053583,3.1383324473494785,0.0,0.0,198.97803755697493,0.0,16.191192500165613,cal_final_2008-09-30
02363000,hbv_lite_cma,evaluation,0.704335,0.698504,0.011443,-0.081559,4.832431,13,explicit_euler_dt1,hbv,success,,55.97,0.7663,1.8002882055345737,11.820767114919692,0.0512799300876428,0.1042723600316099,571.1932446531921,2.6759969354548274,0.5545882651503535,0.4332200448526326,0.2596984925757795,119.61950445975371,1.6832667088984523,0.0002395803280305,5.940580884972241,0.0,0.0,339.8565097102339,0.0,1506.6872333165445,cal_final_2008-09-30
02369800,hbv_lite_cma,evaluation,0.505223,0.43393,0.139362,-0.119677,0.745182,13,explicit_euler_dt1,hbv,success,,31.76,0.5295,-1.9204934744591304,0.541279262824093,0.072551384031537,0.1087469524084594,1671.2002662239336,4.27752891791007,0.6678430955070578,0.1768629040231546,0.2621400469319933,163.19274222126415,4.3295043599529786,0.0547397615031533,2.556757336569492,0.0,0.0,1237.1321557936842,0.0,9.394754678474545,cal_final_2008-09-30
02371500,hbv_lite_cma,evaluation,0.835983,0.832739,0.050552,-0.035584,1.404011,13,explicit_euler_dt1,hbv,success,,72.83,0.7826,-1.87919282829668,7.221240617782426,0.0904988754172746,0.1980059066869156,679.305909357891,3.9233558835188,0.922251912121368,0.3010164818291592,0.1363270317052834,43.86892499991712,1.1594563119633383,0.0001000000000494,6.1302666266965575,0.0,0.0,502.066737068326,0.0,1926.9335157213168,cal_final_2008-09-30
02372250,hbv_lite_cma,evaluation,0.701835,0.700838,0.050491,-0.02629,0.862421,13,explicit_euler_dt1,hbv,success,,56.54,0.7362,2.4332964370294885,12.037623014299946,0.0391696776848769,0.1136814039663408,470.82768061026735,2.1896426524332355,0.200000447189258,0.3983687509801147,0.2070578386600131,39.236347632898095,0.6418926909572287,0.0002531359161337,5.137744493280179,0.0,0.0,208.23367508391587,0.0,840.8110087222258,cal_final_2008-09-30
02374500,hbv_lite_cma,evaluation,0.71035,0.752783,0.205789,0.08834,0.861732,13,explicit_euler_dt1,hbv,success,,34.4,0.6915,-1.983762169208368,5.800484683154445,0.0192353323697525,0.1999679106188865,620.4923327494972,1.4343152917057016,0.2000000021442938,0.4549118087321105,0.1882469525079639,39.60700955233967,2.149176509868893,0.0035875315516383,2.002766440743968,0.0,0.0,210.0167972675708,0.0,238.69060122252856,cal_final_2008-09-30
02381600,hbv_lite_cma,evaluation,0.471462,0.420299,-0.320089,-0.433892,0.023337,13,explicit_euler_dt1,hbv,success,,27.56,0.4855,0.5200086246611617,0.530602190065519,0.0214199966765027,0.1999928703800504,62.08935240853109,1.3968082511586166,0.9999999980728392,0.9899999997237424,0.2835694737506831,26.966556627199257,4.544617301051609,0.0212499383547846,1.3333463037406896,0.0,0.0,14.91693239273568,0.0,38.02053029141774,cal_final_2008-09-30
02384540,hbv_lite_cma,evaluation,0.593555,0.69485,0.069578,-0.197685,2.554679,13,explicit_euler_dt1,hbv,success,,27.74,0.6363,-0.2351256551423248,2.4163075839142447,0.0251533250949052,0.0488890511003916,75.57263656861171,5.41737304633094,0.2000187493524916,0.5054997202936796,0.2535333145261494,32.86425101016421,5.44287730223436,0.0126596234108483,1.0348299460698356,0.0,0.0,8.725700646619593,0.0,41.47405281648596,cal_final_2008-09-30
02395120,hbv_lite_cma,evaluation,0.594462,0.6271,-0.179364,-0.261251,0.637116,13,explicit_euler_dt1,hbv,success,,27.48,0.6801,-2.269866775506808,2.98467136848713,0.0561047222778482,0.0349808103060029,408.9237363607047,3.406113231600182,0.2000000444580455,0.8205636621355811,0.1549866718518731,17.161427739484086,1.561988302076289,0.0011168060789413,1.9062728778265143,0.0,0.0,103.73055963895862,0.0,437.1816719794088,cal_final_2008-09-30
02415000,hbv_lite_cma,evaluation,0.70702,0.685489,0.049274,-0.162342,1.526699,13,explicit_euler_dt1,hbv,success,,27.5,0.6949,0.6267281813464569,10.503238887607164,0.0423908131813903,0.1117323002285429,771.7671383274608,2.0356434748932752,0.5634522637080437,0.4700153213801051,0.2056571360166436,10.986869907925106,3.214140129188112,0.0453299580362311,1.110338530579285,0.0,0.0,381.54573423408266,0.0,8.829533518114488,cal_final_2008-09-30
02427250,hbv_lite_cma,evaluation,0.774831,0.800796,0.131529,0.002661,1.696489,13,explicit_euler_dt1,hbv,success,,35.14,0.6967,0.1874996003478974,7.593164303028637,0.082309955060273,0.0017254249310437,678.1117894010191,4.895612350134054,0.9999999999991503,0.5495996677695293,0.0888548366641236,16.105645758441398,1.6425802824048288,0.0001000000018202,2.7904237875105213,0.0,0.0,545.5998488270544,0.0,2629.495692732106,cal_final_2008-09-30
02430085,hbv_lite_cma,evaluation,0.558928,0.75053,-0.070382,-0.204773,0.783367,13,explicit_euler_dt1,hbv,success,,27.17,0.7157,0.3898426417016392,8.601526006491973,0.0358258004608386,0.1999999200866624,507.50347726291886,1.1023598780975534,0.200001477935382,0.9899999541263368,0.4999999788275434,27.60037429282678,4.032197147222585,0.0733267671882421,1.963681832920129,0.0,0.0,75.40963285872735,0.0,3.218644810062479,cal_final_2008-09-30
02450250,hbv_lite_cma,evaluation,0.709451,0.736011,0.13684,-0.034428,2.983079,13,explicit_euler_dt1,hbv,success,,27.75,0.7378,-1.688000523800253,0.915709586170714,0.05386302812922,0.0039890445836302,305.5429488428773,3.500014570632744,0.200001866389869,0.8301221810462779,0.2667332898786447,18.345306029811542,0.9756616466241386,0.0230298669437206,1.315792735810824,0.0,0.0,77.17437442427958,0.0,4.132398956879409,cal_final_2008-09-30
02464000,hbv_lite_cma,evaluation,0.773061,0.782182,0.135781,-0.032562,1.443328,13,explicit_euler_dt1,hbv,success,,30.42,0.6704,-1.1997370490861947,11.60933837810904,0.0284012715785244,0.0694806215221618,600.0385244696008,5.999999999999277,0.8246591391811828,0.9793581259861834,0.4999999999888184,154.800859115384,2.801208231963481,0.1383350687880717,2.925791852214769,0.0,0.0,385.9138675623098,0.0,0.2958959082488719,cal_final_2008-09-30
02464360,hbv_lite_cma,evaluation,0.678707,0.795198,0.06882,-0.068382,0.188699,13,explicit_euler_dt1,hbv,success,,26.65,0.5775,0.1282283627945735,11.804385171987915,0.0217075179006749,0.0946005218071298,758.6889639841997,3.428944441636103,0.7403842031315722,0.982146589232922,0.4863943435247196,37.81562222745023,3.873025365869912,0.071209598062289,1.666707797606527,0.0,0.0,417.7576238522898,0.0,2.278381928243688,cal_final_2008-09-30
02465493,hbv_lite_cma,evaluation,0.563992,0.511506,0.197694,-0.098281,0.951074,13,explicit_euler_dt1,hbv,success,,28.49,0.5374,2.4353448429093927,3.503680743933327,0.0265170343607943,0.0810736068423392,1862.119054848356,1.059267722498615,0.2000865628424724,0.98861399726529,0.2191161595315458,28.22080989601725,2.8906760334041213,0.0376316875728988,1.5850338411504814,0.0,0.0,374.89040884370087,0.0,10.104495701022694,cal_final_2008-09-30
02469800,hbv_lite_cma,evaluation,0.713517,0.749809,0.142918,-0.022624,1.178713,13,explicit_euler_dt1,hbv,success,,35.87,0.7145,-2.3314305957562373,13.765359026641072,0.0745831074436522,0.0430157637290631,563.151366536616,3.395211758702787,0.5446843376266843,0.9899999999251808,0.3882756925971729,50.53500565746955,2.3053082440975023,0.0919043482071377,2.5908437312321646,0.0,0.0,311.5530997116572,0.0,1.365424253444936,cal_final_2008-09-30
02472000,hbv_lite_cma,evaluation,0.73758,0.751028,0.040021,-0.064742,1.248183,13,explicit_euler_dt1,hbv,success,,52.51,0.7618,-2.499694143340597,10.787865560709609,0.0111989724378848,0.0237423124144665,545.6937734620094,4.738632611730799,0.818546558654188,0.0823108070362515,0.3192391645838061,199.9056106888893,1.3611723393138164,0.0001562073311092,4.677482635541218,0.0,0.0,433.328758714098,0.0,1602.4227610298738,cal_final_2008-09-30
02472500,hbv_lite_cma,evaluation,0.725789,0.724567,0.133213,-0.001352,0.839098,13,explicit_euler_dt1,hbv,success,,48.79,0.7877,2.469735146098425,2.5368417550867384,0.0159460913003328,0.1429330780088374,700.6464917678121,3.66199791314198,0.8568886748424767,0.3704268750194367,0.1155825806709991,13.759415416496006,2.395672583434573,0.0002573785152084,3.6391378592141854,0.0,0.0,525.6302610527382,0.0,2455.420206435096,cal_final_2008-09-30
02479155,hbv_lite_cma,evaluation,0.615519,0.583208,0.103717,-0.181608,3.384539,13,explicit_euler_dt1,hbv,success,,25.7,0.6376,-2.238434898195198,9.834643772931123,0.0535053893320313,0.0053669358414181,1120.6882298068483,5.3094547524510105,0.999999999997212,0.7020932088161549,0.2178080776751644,26.11927359660229,2.03419425927625,0.0002393721920531,1.0014785590660784,0.0,0.0,941.8040747660842,0.0,2390.5821953728623,cal_final_2008-09-30
02479300,hbv_lite_cma,evaluation,0.706021,0.731393,0.081401,-0.104465,1.306887,13,explicit_euler_dt1,hbv,success,,49.81,0.7348,-1.19628350345224,5.704764179206309,0.0119892740392822,0.0938234640015647,475.80508536194094,1.6319984401535947,0.2000035984371838,0.9895716554609726,0.3480347421871874,69.62211378668121,1.739830316019642,0.0007887706079638,5.137920638894671,0.0,0.0,234.34086229326195,0.0,974.6267165037171,cal_final_2008-09-30
02479560,hbv_lite_cma,evaluation,0.825158,0.817444,0.068192,-0.062397,1.472219,13,explicit_euler_dt1,hbv,success,,54.6,0.8341,-1.9111003710970924,3.955680702163672,0.0771815383150114,0.1954679866770998,536.4330126126583,2.477160755879688,0.7042409129834779,0.9079836345016254,0.3508953929015954,168.81316754553163,1.7458362945073669,0.0003347519949077,6.110681614564682,0.0,0.0,354.901396671442,0.0,1786.327360194785,cal_final_2008-09-30
02481000,hbv_lite_cma,evaluation,0.742794,0.730993,0.220964,0.020009,8.154411,13,explicit_euler_dt1,hbv,success,,26.64,0.7871,-2.010241492635383,11.121748720853953,0.0814625364609249,0.0363506390272094,534.8388262226445,5.999999995212806,0.9999999891249484,0.7627309669243656,0.4413185476115322,45.93665289730213,1.8294243194413773,0.0003771083635919,1.0079612803445908,0.0,0.0,467.8036994640947,0.0,1629.8133851168825,cal_final_2008-09-30
02481510,hbv_lite_cma,evaluation,0.706182,0.759271,0.135745,-0.084158,3.024155,13,explicit_euler_dt1,hbv,success,,35.58,0.7663,1.1011384615067916,6.083319559684273,0.0569909604505424,0.0652000698737537,309.06610114960773,5.999997363022654,0.2000005233557044,0.2477347714416435,0.2938861297494493,17.334552841441393,2.8897418136832123,0.0047417166280132,2.1625390058652503,0.0,0.0,254.1296257050889,0.0,202.999490331176,cal_final_2008-09-30
03010655,hbv_lite_cma,evaluation,0.596059,0.637294,-0.082464,-0.258548,2.012822,13,explicit_euler_dt1,hbv,success,,35.85,0.7574,-1.0200016215425975,2.7921063682216505,0.098688985928386,0.0884163195985928,441.8498656905103,5.99997640568499,0.9999997603611032,0.4132231172579886,0.2036683995175692,14.28539498274734,2.1031867307697567,0.1182602249357209,2.9806676859804084,0.0,0.0,354.4518066488025,0.0,4.777863742555363,cal_final_2008-09-30
03011800,hbv_lite_cma,evaluation,0.64986,0.811676,0.030246,-0.068822,1.296929,13,explicit_euler_dt1,hbv,success,,28.8,0.7274,-1.6600024035113514,1.823658873278486,0.0999990495966113,0.1380208028415225,315.20597455357154,4.026706386376596,0.9999993807657216,0.5300617592225061,0.2778166377235937,18.040131686716208,3.402710193314111,0.1391821458146886,1.6907543430877712,0.0,0.0,225.78368815591435,0.0,2.4977123184491647,cal_final_2008-09-30
03015500,hbv_lite_cma,evaluation,0.708976,0.682284,-0.111693,-0.247822,0.835585,13,explicit_euler_dt1,hbv,success,,32.21,0.7601,-1.0399991338159629,2.678198753290689,0.0997243997020053,8.813667881220505e-11,427.90089635932776,4.761580688681974,0.9999999954493536,0.6641007523774092,0.3321345852488772,15.07926517125962,1.5995799486951636,0.103534647238911,2.493499073444781,0.0,0.0,327.9159730562066,0.6348481985920416,3.49015257966608,cal_final_2008-09-30
03021350,hbv_lite_cma,evaluation,0.579203,0.622841,-0.17203,-0.305863,1.756726,13,explicit_euler_dt1,hbv,success,,27.73,0.5789,-0.3954555517842872,2.9173385832039145,0.0022169427358437,0.0587863545774394,381.91294766833823,5.998886717304367,0.9999996511964568,0.4843462671877012,0.459978888685123,8.14353789955549,0.4583674120976651,0.1765641391560122,1.8661029616883464,0.0,0.0,297.95251933335715,0.7758277277062401,0.7514051301339677,cal_final_2008-09-30
03026500,hbv_lite_cma,evaluation,0.554871,0.71728,0.130961,-0.05501,2.589862,13,explicit_euler_dt1,hbv,success,,27.82,0.7665,-1.6900013125924311,2.39321808721874,0.0999989542947808,0.1409629089682043,412.535927349833,5.250763999609254,0.9999999580558716,0.626530695059965,0.3227733857292046,19.25891544824617,5.26027644714967,0.1509260561415535,1.7972924639399854,0.0,0.0,309.06471662022955,0.0,1.9818037210393813,cal_final_2008-09-30
03028000,hbv_lite_cma,evaluation,0.659256,0.684442,-0.062797,-0.220725,1.004378,13,explicit_euler_dt1,hbv,success,,28.18,0.748,-1.0700000729785588,3.361602922745161,0.0649179053767761,1.5815961461261575e-09,321.5408652080596,3.9958931699489137,0.99999997273649,0.9899902052254616,0.3232188123438835,36.43499695088765,5.291348258450107,0.1433523379261458,1.0093956247709646,0.0,0.0,226.07629976811253,0.0,2.158055300238136,cal_final_2008-09-30
03049000,hbv_lite_cma,evaluation,0.604671,0.651853,-0.12237,-0.247957,0.062495,13,explicit_euler_dt1,hbv,success,,27.7,0.7864,-2.4000003714934257,1.5289479708555995,0.0598053538775259,8.781816539311967e-10,433.8070424721716,5.999995833430145,0.7426215905417042,0.652166450250642,0.3228629966732979,18.096372045876286,2.875216545016756,0.189035877448277,1.8607406329865648,0.0,0.0,262.97351863306386,0.0,0.3675374511711714,cal_final_2008-09-30
03049800,hbv_lite_cma,evaluation,0.124604,0.445435,0.287596,-0.213318,8.919315,13,explicit_euler_dt1,hbv,success,,27.63,0.7277,-2.359999484090073,1.3535595174096584,0.093347531131259,2.5100829509477503e-06,290.8622125163114,5.999957253175969,0.9999999124391494,0.9899999953425224,0.4999888429129085,7.748864992863032,3.5583011569505443,0.0162923747030029,1.978169427095568,0.0,0.0,203.20318801534663,0.0,23.636632128450326,cal_final_2008-09-30
03050000,hbv_lite_cma,evaluation,0.657054,0.634431,-0.034696,-0.218766,2.764069,13,explicit_euler_dt1,hbv,success,,29.94,0.6633,-2.3799982487192173,3.138194937505858,0.0572650771586824,2.742996122114247e-09,226.1815113080136,1.4344167268906969,0.2000001956221186,0.6546020426552407,0.2134372160648212,12.49048612111704,0.0081131191486072,0.4111560381167382,2.9585346585967933,0.0,0.0,37.02415913203355,0.3753902454805264,0.0116193385960695,cal_final_2008-09-30
03069500,hbv_lite_cma,evaluation,0.657162,0.630599,-0.078606,-0.228438,1.411024,13,explicit_euler_dt1,hbv,success,,27.6,0.6711,-2.4153828626274576,1.142504316109362,0.0890299689526494,1.8062651158106552e-10,222.5458105250342,2.4775623934066173,0.9999999991611392,0.6645419768600683,0.4868762305070402,163.8627071515104,4.227026232086954,0.2631887852867505,1.3497069358589444,0.0,0.0,129.6273952471136,0.0,1.255925662023048,cal_final_2008-09-30
03070500,hbv_lite_cma,evaluation,0.720102,0.69899,-0.136428,-0.217363,0.583375,13,explicit_euler_dt1,hbv,success,,27.59,0.6941,-1.459999997431579,1.783140295481166,0.0817002243947685,2.17260253168823e-12,191.23838213986448,1.7143602172844488,0.2000000001813981,0.1187781677557029,0.4999999998778179,197.2103190634351,2.950088205914036,0.2485397348842539,1.81784960687786,0.0,0.0,58.92038841111104,0.0,0.3966746109946872,cal_final_2008-09-30
03076600,hbv_lite_cma,evaluation,0.54963,0.626975,-0.190981,-0.288114,-0.030096,13,explicit_euler_dt1,hbv,success,,27.98,0.713,-1.839999775964411,2.2691130599305023,0.07106984166465,3.2097633474270503e-10,229.3669224807589,2.580012142978576,0.3912076591328837,0.0867565423963578,0.4999999980172196,145.14045639798206,3.899868323278717,0.2049217519542349,1.2655592438189545,0.0,0.0,112.86153533004996,0.0,0.9874337617739228,cal_final_2008-09-30
03078000,hbv_lite_cma,evaluation,0.540418,0.618543,-0.199239,-0.268511,0.872928,13,explicit_euler_dt1,hbv,success,,27.99,0.7026,-1.885555096138668,2.29471954632906,0.0836314102047969,1.7416157778215496e-08,436.8445108588184,5.475626888733626,0.9999246236316834,0.3262224764606142,0.4921896421102649,119.67837576289966,3.245918875956602,0.2049176087992256,1.0057097257530698,0.0,0.0,356.2980057515507,0.0,3.1070061679349323,cal_final_2008-09-30
03140000,hbv_lite_cma,evaluation,0.651606,0.66071,0.122924,-0.141216,3.915286,13,explicit_euler_dt1,hbv,success,,27.73,0.6937,-1.629979090918242,14.99997649755458,0.0200177584743728,0.0002326097472956,672.5793464333856,5.871532829163011,0.9123421792251276,0.6035974106738542,0.1377435549034928,14.628222044421326,0.0020604880067051,0.161691877138641,1.287486173221532,0.0,0.0,474.1460415120172,1.1195751623590076,0.0106828114290382,cal_final_2008-09-30
03144000,hbv_lite_cma,evaluation,0.661292,0.620514,0.08747,-0.140343,2.314475,13,explicit_euler_dt1,hbv,success,,27.39,0.6976,-2.4999999871885765,1.2445097785955608,0.0040697110757639,9.300367600457218e-08,420.6797972221466,5.999792017767641,0.9096195486827432,0.6659506667174492,0.1239703422992691,9.26272058637518,0.6465165896956717,0.0224609879812024,2.808232218033996,0.0,0.0,261.52561722642764,0.0,8.022266189207079,cal_final_2008-09-30
03170000,hbv_lite_cma,evaluation,0.562579,0.646556,0.023717,-0.214624,1.085641,13,explicit_euler_dt1,hbv,success,,27.8,0.697,-1.54407403116874,6.658093493171538,0.088466728827325,0.188579077092707,617.731622553085,1.0712863607332772,0.2000041086817485,0.98999385022282,0.1755695283856227,23.2313096085708,2.3281399217958536,0.0031346575325478,1.1119319377513923,0.0,0.0,120.30443927281036,0.0,205.8661095915076,cal_final_2008-09-30
03173000,hbv_lite_cma,evaluation,0.599788,0.619218,-0.026327,-0.181092,-0.095343,13,explicit_euler_dt1,hbv,success,,30.67,0.7009,-1.2999999990304691,3.285354235150425,0.0045779236106308,1.2528686649475948e-09,618.0768237831971,5.706888337579077,0.8772622508188992,0.2683075517330216,0.4199445399039088,180.3225727983132,3.05167851581632,0.137771631141591,2.415126734881513,0.0,0.0,440.3498998188575,0.0,2.0861516400936457,cal_final_2008-09-30
03180500,hbv_lite_cma,evaluation,0.610656,0.617331,-0.01818,-0.20042,1.676479,13,explicit_euler_dt1,hbv,success,,27.88,0.7206,-2.429782737776822,1.344440467072635,0.0715223028243655,3.1602968764858953e-09,189.63569169261143,1.2631287739938004,0.2000194577515263,0.4514139797259244,0.4149653480402466,25.85352809072176,4.526705568864028,0.2365780118074043,1.5934822713857133,0.0,0.0,33.11661807132252,0.0,0.5497087713443868,cal_final_2008-09-30
03182500,hbv_lite_cma,evaluation,0.643745,0.650739,-0.006348,-0.194399,1.880675,13,explicit_euler_dt1,hbv,success,,30.22,0.7192,-2.42999125230413,1.3581229860737405,0.0196986683682769,8.71719641894474e-08,189.88048250662865,1.1619970315746986,0.2000000137107729,0.669134349411244,0.2067240441763581,13.10240799977109,0.4567482492236365,0.0465474964887812,2.986668474292576,0.0,0.0,37.24674218459784,0.0,4.281442122444991,cal_final_2008-09-30
03186500,hbv_lite_cma,evaluation,0.601208,0.653472,-0.134941,-0.275754,2.890063,13,explicit_euler_dt1,hbv,success,,27.75,0.6862,-2.4999999979926124,0.8867701749347316,0.0426866634023182,1.4946466574602818e-11,138.3272342113633,3.406439508490492,0.9999999999903022,0.9899999999841956,0.424346969530637,17.849516157939078,2.458134258844278,0.1831358401397826,1.0316501570793657,0.0,0.0,95.07285502419064,0.0,2.357904155436878,cal_final_2008-09-30
03237280,hbv_lite_cma,evaluation,0.430702,0.570752,0.004211,-0.211105,30.145456,13,explicit_euler_dt1,hbv,success,,27.61,0.5149,-1.4299957159581855,14.998986663682448,0.0110534297923597,0.1857154386552212,571.5272036877034,5.9999997688552,0.916220954338716,0.059097103618217,0.4999998817510869,112.39085534101672,20.203802614473823,0.4999999998522061,1.327301736882396,0.0,0.0,336.0446695305636,0.0,0.0534958183394071,cal_final_2008-09-30
03237500,hbv_lite_cma,evaluation,0.644297,0.60697,0.027246,-0.241348,16.714933,13,explicit_euler_dt1,hbv,success,,27.49,0.5859,-2.2996515320840087,14.999677824283651,0.0753526304281006,0.0012184163052777,420.2155043754146,3.797589712841472,0.9994430992692728,0.6428300085676033,0.1861097212036067,10.890314973430032,0.631156078047916,0.0001000016242611,1.8175126555769576,0.0,0.0,243.363865604248,0.0,1347.5269874228927,cal_final_2008-09-30
03238500,hbv_lite_cma,evaluation,0.593844,0.564639,0.200453,-0.191001,18.715727,13,explicit_euler_dt1,hbv,success,,27.44,0.5695,-1.869861431447167,14.719433427895543,0.02105850817141,1.902081148414388e-08,334.2660543918057,3.999502880088584,0.999999983411157,0.6568714098146307,0.146538892076842,8.348723333067952,0.0035994355223085,0.2448704814626439,1.1569141550921775,0.0,0.0,183.9167283171141,0.4856226603257922,0.0110999088037558,cal_final_2008-09-30
03241500,hbv_lite_cma,evaluation,0.753354,0.772664,0.076489,-0.103735,1.230632,13,explicit_euler_dt1,hbv,success,,27.53,0.7537,-2.4997821160571845,2.029442478166464,0.0238618630978021,6.237227186648322e-05,331.52779382140545,2.2402345718382906,0.5382503649307413,0.5891399827252841,0.184355947249514,12.11323291078286,0.0042176324315859,0.2184052068821798,1.8884382152331225,0.0,0.0,99.92236243031492,0.1562504186534827,0.0150934109807682,cal_final_2008-09-30
03280700,hbv_lite_cma,evaluation,0.503001,0.675274,0.164115,0.002523,0.911308,13,explicit_euler_dt1,hbv,success,,27.77,0.6258,-2.498461809102089,4.639324008556323,0.0808955954394048,0.1567937243006975,428.54390787823047,5.978931048088271,0.2054337811558431,0.7435510065094891,0.305221564055446,11.117805310848262,0.9494091859077084,0.1506222530437941,1.007977621954506,0.0,0.0,193.6672437793355,0.0,0.089716917735669,cal_final_2008-09-30
03281500,hbv_lite_cma,evaluation,0.639616,0.715904,0.048969,-0.127409,1.03343,13,explicit_euler_dt1,hbv,success,,35.59,0.741,-0.8495952501006392,1.8784554659152424,0.0503400174557632,6.006870513584592e-08,311.0593488348625,3.134141650423661,0.2000004009391834,0.428692917511369,0.1993715538378324,9.305234168559352,0.4434629304227703,0.1245777362558124,2.9451449051394145,0.0,0.0,29.75805161822488,0.0,0.0068224251454596,cal_final_2008-09-30
03285000,hbv_lite_cma,evaluation,0.54525,0.576744,0.002334,-0.241398,5.922507,13,explicit_euler_dt1,hbv,success,,27.9,0.6979,-1.2806496753695278,0.6559606296366673,0.0625426042186297,0.0001588889418408,387.2177143923335,4.055609779631537,0.7713462674780382,0.5828932472670515,0.4969889109232542,4.888826806722225,2.789777987639277,0.2205742259838888,1.8227363178942104,0.0,0.0,148.73165061639085,0.0,0.0809558952568022,cal_final_2008-09-30
03291780,hbv_lite_cma,evaluation,0.608393,0.561358,0.129155,-0.202975,85.13688,13,explicit_euler_dt1,hbv,success,,27.79,0.6055,-2.3900141290190366,1.6005428795292993,0.0999796051054261,0.0788443530754894,370.35615010956855,2.918622599493805,0.8536518815030434,0.989999980621706,0.4999995925729987,0.2004985293485917,2.585519470821704,0.1119614824032356,1.976148032864816,0.0,0.0,208.18925262481852,0.0,1.576903596700603,cal_final_2008-09-30
03338780,hbv_lite_cma,evaluation,0.667048,0.589606,0.110833,-0.228959,4.384727,13,explicit_euler_dt1,hbv,success,,32.27,0.7132,-1.0524950972189364,1.7184245272606655,0.0594452375174178,0.1709265996126867,250.1276640930184,5.993890984513189,0.9997391666443064,0.9899990026259964,0.3754502484591021,26.219770601736258,3.0593441765575937,0.0573312178605559,2.6158154496327373,0.0,0.0,214.42420987037983,0.0,12.16823376803898,cal_final_2008-09-30
03340800,hbv_lite_cma,evaluation,0.682227,0.739896,0.107761,-0.047984,4.064142,13,explicit_euler_dt1,hbv,success,,27.79,0.6929,-1.2099998708762456,5.120460581796636,0.000219751221513,0.0008726634323111,176.2252901833363,5.999992458504395,0.2000075974005342,0.5197738837456424,0.2141396106197836,12.763646095787305,1.0386900174004432,0.0149410922021031,1.3229265970314117,0.0,0.0,44.652594304499495,0.0,19.636507749271136,cal_final_2008-09-30
03346000,hbv_lite_cma,evaluation,0.673519,0.677939,0.020103,-0.181659,21.878375,13,explicit_euler_dt1,hbv,success,,35.53,0.6847,-0.7301362065125574,2.621542987082526,0.0454384366558001,9.910201373013033e-08,244.00326675681487,5.999972371140808,0.2000005605723314,0.9899976270929162,0.4540819013713285,35.84835376746849,0.8458722923146677,0.0003655919216709,2.087492509306088,0.0,0.0,149.42679738567838,0.0,627.2075330587055,cal_final_2008-09-30
03364500,hbv_lite_cma,evaluation,0.641051,0.692602,0.047444,-0.128985,10.014558,13,explicit_euler_dt1,hbv,success,,26.43,0.6514,-2.498080005206968,0.932539365918174,0.0648750973457281,5.89561843998884e-07,186.3437160442152,5.999999798292499,0.200013755867055,0.7154185502448415,0.2762362171934106,19.73766749198532,1.0344707751885829,0.0157114443661363,1.1571532646689815,0.0,0.0,26.56748343901051,0.0,18.235011124507484,cal_final_2008-09-30
03366500,hbv_lite_cma,evaluation,0.691765,0.648067,-0.006072,-0.219366,13.52952,13,explicit_euler_dt1,hbv,success,,27.74,0.7297,-2.4761697683267494,1.993746719561152,0.0635855833816048,0.0003353024392806,523.981722074906,5.099130835147739,0.9999997001101972,0.9899922742021532,0.2205107155732791,11.32169062084573,0.939789689833024,0.0001004443111945,1.4005545457045037,0.0,0.0,367.90552790831737,0.0,1884.545290417384,cal_final_2008-09-30
03368000,hbv_lite_cma,evaluation,0.525578,0.47362,0.186542,-0.20724,56.657257,13,explicit_euler_dt1,hbv,success,,27.8,0.5818,-0.3099997194413646,6.604312629646353,0.0073550365135287,1.2026762028766337e-08,555.3900792908221,5.687663845142887,0.999999993150843,0.9899999771193464,0.499999594978405,0.4708322224437279,1.894917420385252,0.0443563389552258,1.6061913878443184,0.0,0.0,396.538206224953,0.0,5.390862185402296,cal_final_2008-09-30
03384450,hbv_lite_cma,evaluation,0.63624,0.598587,0.208812,-0.140977,69.660009,13,explicit_euler_dt1,hbv,success,,27.69,0.6854,-0.6999964214498497,6.410360346967149,0.0075481009529772,1.347102184581805e-07,219.80493604725729,1.51491568218577,0.2000000001086022,0.989999999991618,0.127285184864827,9.818549230973654,1.015830780263407,0.0240183910016415,1.0885492967500083,0.0,0.0,16.509854849695497,0.0,9.644738154390952,cal_final_2008-09-30
03439000,hbv_lite_cma,evaluation,0.743236,0.766286,0.075314,-0.086312,0.558199,13,explicit_euler_dt1,hbv,success,,28.42,0.6675,-2.480503836797197,0.8272423485100096,0.0027255616835845,0.1278897325670179,480.4039536678938,1.0000002621785586,0.2000007392415307,0.9899880503637744,0.1331417169985979,75.67043090624206,7.005473975539944,0.0158673904052767,1.1890455892029836,0.0,0.0,164.116650388329,0.0,73.63623703956038,cal_final_2008-09-30
03455500,hbv_lite_cma,evaluation,0.576383,0.654524,0.140973,-0.175888,1.594856,13,explicit_euler_dt1,hbv,success,,27.69,0.7025,-1.919910506919977,1.1009671411982869,0.046042808718565,1.583364958394534e-06,121.3507599548123,5.9970717037646,0.2923319336475833,0.9899986330382572,0.2443066100066021,93.99415856078484,13.640300687894031,0.0106801222010616,1.9992076288963083,0.0,0.0,82.24172512943952,0.0,120.56690807186963,cal_final_2008-09-30
03456500,hbv_lite_cma,evaluation,0.571352,0.700911,0.150418,-0.176555,2.663315,13,explicit_euler_dt1,hbv,success,,28.04,0.6898,-2.391905769579877,14.095498607785464,0.0511843228894323,0.1918784137010615,181.0949865488559,4.9131188998852044,0.3288205537409392,0.9193934259222628,0.2018769489944512,78.71062029714355,7.54299729880395,0.0007909616710115,1.0004556600495704,0.0,0.0,137.30081558698495,0.0,2679.848212641568,cal_final_2008-09-30
03460000,hbv_lite_cma,evaluation,0.658691,0.819824,0.062081,-0.046455,0.118805,13,explicit_euler_dt1,hbv,success,,29.44,0.7609,-1.9299937148058088,4.866442180837196,0.0010265392977116,6.377277107210274e-08,408.42206889766,1.9260387328837336,0.2001970669673937,0.9899999735473864,0.1888768008763411,25.74452884366927,4.748202262464095,0.0599705827936385,1.7660555379642455,0.0,0.0,156.6241126716945,0.0,5.55089619750061,cal_final_2008-09-30
03463300,hbv_lite_cma,evaluation,0.723449,0.790763,-0.039835,-0.173374,0.551818,13,explicit_euler_dt1,hbv,success,,27.67,0.7889,-2.400126803780378,1.5780761638459115,0.0581173960273045,0.1680825103006972,107.3797198679641,1.0000002138448554,0.9964978280845442,0.9899995044737584,0.1438313493962565,33.75828343360837,3.571079271267126,0.042062061437243,1.0224070257702296,0.0,0.0,82.66271643708912,10.580554851085376,45.28669736322154,cal_final_2008-09-30
03471500,hbv_lite_cma,evaluation,0.597245,0.69107,0.038825,-0.123681,0.107669,13,explicit_euler_dt1,hbv,success,,35.49,0.6103,-1.1399999584194682,2.462101362617899,0.036154366240068,1.0868763507443874e-12,798.5328323433919,5.191412359078372,0.9117170144385816,0.5802775317652465,0.4549357517410509,180.29354754542467,4.9082432337641055,0.0931567023531791,2.935608287476722,0.0,0.0,603.2962853575585,0.0,7.177852041203902,cal_final_2008-09-30
03473000,hbv_lite_cma,evaluation,0.687381,0.820975,0.07618,-0.060467,0.283683,13,explicit_euler_dt1,hbv,success,,35.9,0.7333,-2.001714836486998,0.9643007381811785,0.0273118103818391,2.359296387013653e-05,578.3085890453609,4.916625465175479,0.9396885277605688,0.7803625912909227,0.185316753375618,17.38846048623471,1.892220452154243,0.0554672811507321,2.9390449978023163,0.0,0.0,426.13009833309263,0.0,8.636822746621638,cal_final_2008-09-30
03479000,hbv_lite_cma,evaluation,0.704675,0.674986,0.128327,-0.090187,0.922899,13,explicit_euler_dt1,hbv,success,,27.79,0.7125,-2.391241897033685,2.9184416466754715,0.0358502256177629,0.0386565113401701,472.6205983647956,4.768253289672382,0.7372917386275877,0.9899999585162562,0.1995058674186599,42.09433747085539,3.4767001767555,0.0198774607129129,1.220310288423646,0.0,0.0,410.2231320450973,0.0,60.23178762069433,cal_final_2008-09-30
03488000,hbv_lite_cma,evaluation,0.521882,0.689614,-0.108629,-0.237722,0.627042,13,explicit_euler_dt1,hbv,success,,28.36,0.6387,-1.4799878863762488,3.5237801855989423,1.828161678350504e-06,0.1462324295484871,193.7183399323542,5.999997569704038,0.2000000106492835,0.6621559345114377,0.1986463145004165,19.78804742553257,1.3832703931614652,0.0125033434081785,1.0875889271984598,0.0,0.0,65.20994432535475,0.0,13.225267436981117,cal_final_2008-09-30
03498500,hbv_lite_cma,evaluation,0.753199,0.822086,0.111373,-0.003663,0.370694,13,explicit_euler_dt1,hbv,success,,27.74,0.8104,-1.2099987965379346,0.5447622152933269,0.0914019826230328,0.1751309713398636,280.25206262309337,1.8457838188974227,0.3207585166628696,0.9899998826106104,0.232681004870776,18.863720032564547,2.147371385533699,0.0693475679412415,1.855631935748104,0.0,0.0,77.29456028365804,0.0,2.814069150422151,cal_final_2008-09-30
03500000,hbv_lite_cma,evaluation,0.710777,0.763439,0.208473,0.063515,0.525357,13,explicit_euler_dt1,hbv,success,,28.42,0.7026,-0.9425401178946882,11.76936350737843,0.0694612273901986,5.715732228086807e-07,1421.6103880261833,4.211655095074745,0.7038337085387605,0.5116661605833762,0.1324944462686176,49.41281641555359,6.900850802841711,0.0289041472164049,1.060153370781236,0.0,0.0,1057.4311277210666,0.0,29.30901331694671,cal_final_2008-09-30
03500240,hbv_lite_cma,evaluation,0.661072,0.746548,0.208949,0.018001,0.753226,13,explicit_euler_dt1,hbv,success,,27.96,0.594,-2.495112749156688,8.898995657356437,0.0732658698161663,0.0572656163113067,1847.4407889327265,3.1244403527199243,0.6846213633129961,0.4184017458519843,0.1020199950958175,24.933154348293296,4.692985289038734,0.030769092397919,1.2368459606290652,0.0,0.0,1305.68257734703,0.0,29.400688417318666,cal_final_2008-09-30
03504000,hbv_lite_cma,evaluation,0.743193,0.848346,0.073404,-0.0134,0.391226,13,explicit_euler_dt1,hbv,success,,28.64,0.7665,-2.4199580931813256,12.882408411083524,0.0494158340376202,5.707845381015956e-06,1245.3806700285925,3.4920784141141263,0.9197920966359778,0.4743403668033026,0.1467262247290215,47.15119215492367,8.344596700530063,0.0351462736690855,1.435992231182919,0.0,0.0,949.1719542796834,0.0,29.446282595769173,cal_final_2008-09-30
03574500,hbv_lite_cma,evaluation,0.662933,0.640716,-0.097724,-0.170574,-0.613961,13,explicit_euler_dt1,hbv,success,,42.55,0.7276,-1.069972692533865,10.25804420778154,0.0479816834669569,0.0036059410870563,277.66721333641647,5.999997503187744,0.2000016938846323,0.4777169367996386,0.2108772300789704,8.478896490388463,0.4449045641536184,0.4999999275240282,3.810023537787202,0.0,0.0,70.44544529372848,0.0,9.971572136280958e-07,cal_final_2008-09-30
03592718,hbv_lite_cma,evaluation,0.46119,0.609847,0.297591,0.039503,3.303683,13,explicit_euler_dt1,hbv,success,,27.57,0.6865,-1.750984318144563,12.841641597744976,0.0730952027447024,0.0632808841753142,696.5462758468387,3.15768545789405,0.9999997236095004,0.7896028770791923,0.1461653010487597,18.4792719596861,2.1676673687939965,0.000221570488121,1.5929773584717704,0.0,0.0,480.13167582506463,0.0,2678.980913028025,cal_final_2008-09-30
03604000,hbv_lite_cma,evaluation,0.613579,0.613561,0.080116,-0.042324,0.234291,13,explicit_euler_dt1,hbv,success,,27.69,0.7345,0.1513645354766812,12.445565192076163,0.0009216549932214,0.0674105786020966,365.2228563227618,1.0001227294473158,0.5022271448698576,0.6418308925669489,0.1193807500507297,35.5760582123066,1.3711831935913794,0.0001748655679761,1.4880869665498966,0.0,0.0,87.32392395067731,0.0,2518.2583686112284,cal_final_2008-09-30
04015330,hbv_lite_cma,evaluation,0.539747,0.631434,0.012684,-0.20053,2.176262,13,explicit_euler_dt1,hbv,success,,28.13,0.7291,-0.060000001717122,3.111048181045039,0.0321277425062817,0.0985525436762498,440.99873985836166,5.643073549531492,0.999999996866028,0.6145766654462788,0.4999999959012358,135.93279597662792,1.5523548798057856,0.1533282854502436,1.673708993169726,0.0,0.0,387.4472443056069,0.1626785268008521,6.865428061614352,cal_final_2008-09-30
04024430,hbv_lite_cma,evaluation,0.628348,0.683929,-0.13791,-0.23849,-0.23155,13,explicit_euler_dt1,hbv,success,,39.16,0.7485,-0.0899998784288391,2.674182797300288,0.0451972591320205,0.18320785207432,462.8737872723983,5.566896797668602,0.8483113892579388,0.9714916958809348,0.3468421141069576,180.5630456430545,4.410282507534137,0.183967234247028,1.0444360392290664,0.0,0.0,389.9710077253292,0.0,7.135306205633811,cal_final_2008-09-30
04027000,hbv_lite_cma,evaluation,0.674441,0.755007,-0.142274,-0.161983,-0.326958,13,explicit_euler_dt1,hbv,success,,38.79,0.7806,0.3200000005014973,4.027692636810782,0.0524305161640935,9.489148188884295e-11,358.90360089894614,2.580150786488512,0.2000000026027384,0.5157950947860861,0.3786240312106312,172.44888882328132,2.998391369790032,0.1602769417493153,2.107601920256543,0.0,0.0,153.30804085827668,0.0,1.8864075048963007,cal_final_2008-09-30
04040500,hbv_lite_cma,evaluation,0.40953,0.383029,-0.389445,-0.480109,0.005811,13,explicit_euler_dt1,hbv,success,,31.12,0.8084,-1.119988041960191,2.568921109321645,0.0186883867279103,0.1462237175552572,438.262195098384,3.0870526422690423,0.6574201377447646,0.6768662108669287,0.4999953094005132,59.53351267079302,19.079008519924948,0.1713595936924924,1.2322173251431563,0.0,0.0,286.4716980382065,0.0,3.9941138192934655,cal_final_2008-09-30
04043050,hbv_lite_cma,evaluation,-0.280345,0.433559,-0.155911,-0.031138,-0.111783,13,explicit_euler_dt1,hbv,success,,29.08,0.5387,1.6600000097402736,2.359795102126184,0.0999999942792097,0.1999999999882994,228.37151380387544,2.192635143698637,0.9999999994140228,0.9400740757364616,0.4971014936880736,0.0069254069832119,29.966117995274576,0.3898588731273457,1.6920052063464763,0.0,0.0,138.4291065722925,0.0,1.684350652479982,cal_final_2008-09-30
04045500,hbv_lite_cma,evaluation,0.581917,0.727526,-0.16994,-0.241127,0.22885,13,explicit_euler_dt1,hbv,success,,99.43,0.8493,1.500000323251311,7.808164632913228,0.0821118965684127,1.318219804442323e-09,140.07604537268872,5.896017375430541,0.7384788154035167,0.0500000024654033,0.0100000006508197,2.3698841118681903e-09,2.4385942666287805,0.0119065870973601,11.357457201920406,0.0,0.0,109.30940372574015,0.0,30.655510574317887,cal_final_2008-09-30
04057510,hbv_lite_cma,evaluation,0.622689,0.596397,-0.208221,-0.330875,-0.090775,13,explicit_euler_dt1,hbv,success,,39.97,0.7884,-2.3298833009612894,1.2970458562811014,0.0230360252017499,9.522005643309337e-09,446.9605343968404,1.9980626593541808,0.4246042265765975,0.7707854449080587,0.1516020962812953,199.2511145931339,3.5087415740302,0.0693819612708207,1.600910902645281,0.0,0.0,179.59006292139583,0.0,3.6982367871682618,cal_final_2008-09-30
04057800,hbv_lite_cma,evaluation,0.482283,0.43451,-0.292106,-0.447137,0.279174,13,explicit_euler_dt1,hbv,success,,48.69,0.8034,-1.3921943371986023,2.853012028622875,6.950181935352476e-05,3.975031927821564e-07,512.209379165419,2.683145005257876,0.6774495888679684,0.9899978916926868,0.1441304777091049,50.11148819078729,1.5951892521837592,0.0374003504984865,4.98843707086693,0.0,0.0,282.3716273940898,0.0,8.551908189917265,cal_final_2008-09-30
04059500,hbv_lite_cma,evaluation,0.750974,0.763768,-0.152915,-0.222797,0.191249,13,explicit_euler_dt1,hbv,success,,70.68,0.8603,-1.3699826695804551,2.393761398647261,0.02388355071283,0.1795277275191227,424.7835511524141,3.184837010789478,0.2000000403446054,0.4916706092223763,0.0102366685760878,81.8412154648299,13.716301310363765,0.1110488362477898,2.6963023480823054,0.0,0.0,167.67029492902358,0.0,0.53356923495034,cal_final_2008-09-30
04063700,hbv_lite_cma,evaluation,0.65146,0.592489,-0.263054,-0.339707,0.213076,13,explicit_euler_dt1,hbv,success,,109.87,0.8663,0.1401403012689339,2.5112941067004533,0.00974054389193,0.0447976017966912,401.8115362151164,2.412071971582225,0.2684589323933674,0.5866852611562438,0.268328545722336,193.89399004497852,0.7409224224936362,0.0020382777689341,12.296724631401656,0.0,0.0,124.03883017673226,0.0,119.43959220832969,cal_final_2008-09-30
04074950,hbv_lite_cma,evaluation,0.693602,0.773525,-0.166902,-0.149059,-0.027503,13,explicit_euler_dt1,hbv,success,,45.38,0.8382,-0.8799879323739996,1.8680015669866528,0.0334695904960603,2.9415425004031234e-06,306.30600191386134,1.0111443733712655,0.2000081296417258,0.5737068000781033,0.0545424707756181,86.43648966360664,1.0949375295130404,0.0032786302375094,2.288363789586449,0.0,0.0,48.26162229699333,0.0,149.24962580978473,cal_final_2008-09-30
04105700,hbv_lite_cma,evaluation,0.497504,0.730776,-0.120565,-0.166957,0.184993,13,explicit_euler_dt1,hbv,success,,32.16,0.6093,-0.2196253939668668,2.4971139311700754,0.0747188023142312,9.403897774994315e-05,427.0182020431178,1.2745043655245365,0.4058306202389039,0.1711670695587283,0.0767427396548166,36.80218278902097,2.0590230746165576,0.0023279335259671,1.0697527662227433,0.0,0.0,247.9937651748696,2.550719359486596,351.9373878169076,cal_final_2008-09-30
04115265,hbv_lite_cma,evaluation,0.362443,0.649095,-0.129952,-0.168798,0.075614,13,explicit_euler_dt1,hbv,success,,47.57,0.5896,-1.6999998937876497,2.228932013702946,0.0648715590952492,1.0540814433185704e-11,1213.0688086836728,3.058148683090793,0.7026638047005427,0.1332567590533465,0.2181172413240343,151.7634706820121,2.098474131409647,0.0419895948037437,1.250159152059698,0.0,0.0,770.6355151474556,0.0,14.243434534682168,cal_final_2008-09-30
04122200,hbv_lite_cma,evaluation,0.388525,0.571604,-0.123852,-0.263175,0.205069,13,explicit_euler_dt1,hbv,success,,70.83,0.691,-1.8578500925428167,2.5151932900148624,0.0576739605151525,0.0455999042014063,480.527326280509,1.2545648435513297,0.490741858408648,0.4894966526188854,0.3037466704241185,18.691841434030223,2.952659827249698,0.0038559255389451,14.042202379571473,0.0,0.0,180.08425847926867,0.0,195.65472681865367,cal_final_2008-09-30
04122500,hbv_lite_cma,evaluation,0.539014,0.657591,-0.044929,-0.172445,0.265046,13,explicit_euler_dt1,hbv,success,,101.19,0.6392,-0.9699973131825635,3.8555092072047934,0.0308535643655118,1.3422834467669344e-08,277.4356786239797,1.5924220756877336,0.6099553374955731,0.4607703804386006,0.0475933212153752,184.11755147271649,2.212574239674285,0.0031000875473948,4.876972856488701,0.0,0.0,129.0945191887723,0.0,261.88435288366856,cal_final_2008-09-30
04127918,hbv_lite_cma,evaluation,0.478003,0.505015,-0.286287,-0.341049,-0.432039,13,explicit_euler_dt1,hbv,success,,74.87,0.6664,-1.5800000865772783,1.3971440830943862,0.065584132633987,6.231216558914582e-09,452.1979319332726,1.291081426233524,0.2000005355595405,0.3100556316803233,0.3665643200737108,182.39425891653724,22.326104464975305,0.1569034543471438,1.4572849119759503,0.0,0.0,141.28325625571637,0.0,2.686385483808751,cal_final_2008-09-30
04127997,hbv_lite_cma,evaluation,-0.130472,0.049771,-0.130696,-0.356271,0.058102,13,explicit_euler_dt1,hbv,success,,43.02,-0.0277,-2.4199996884758352,6.436624350372051,0.0236526579342641,6.212473354676303e-08,752.8017934119553,1.0000000013625368,0.5032740847699735,0.366324403228622,0.2037927957973475,0.9885514902745096,25.559550383800406,0.0058813593814051,1.3733137834909526,0.0,0.0,258.4420910694018,0.0,173.57445242091154,cal_final_2008-09-30
04161580,hbv_lite_cma,evaluation,0.5031,0.54777,-0.14495,-0.335597,1.316379,13,explicit_euler_dt1,hbv,success,,66.36,0.6226,-1.60135511028115,2.4385667380750595,0.0663198399172019,6.529124314311718e-07,386.41081126871416,1.9046399571551185,0.2000129761666361,0.4466833591007269,0.4125965498416926,0.0001250948402742,1.1465940154894927,0.0009303439522838,14.746758732866526,0.0,0.0,165.5605961544809,0.0,353.95349926929003,cal_final_2008-09-30
04185000,hbv_lite_cma,evaluation,0.773948,0.708034,-0.088578,-0.236897,0.468417,13,explicit_euler_dt1,hbv,success,,62.66,0.8199,-0.4805906344559392,8.706143522686384,0.0525547367225512,0.1999990965638249,331.9102703916054,3.4339978811251544,0.6570595521078639,0.0565921394105242,0.2038311133417983,167.05503147387816,4.787929309242021,0.2661823969458982,5.838899800444344,0.0,0.0,186.45799752148292,0.0,0.4582121316979759,cal_final_2008-09-30
04196800,hbv_lite_cma,evaluation,0.644257,0.651215,0.141989,-0.140487,13.222335,13,explicit_euler_dt1,hbv,success,,48.6,0.7243,-0.0099855049298214,3.663038418129253,1.945215799222646e-05,0.0006452152698805,328.66661005736347,5.999996745692481,0.8759185751888543,0.3013456247194722,0.4178240576968636,14.912474636171048,0.6527596453203709,0.1793216295614358,4.472446445378428,0.0,0.0,184.14962291530068,0.0,0.1608529825139169,cal_final_2008-09-30
04197100,hbv_lite_cma,evaluation,0.639502,0.680812,0.046143,-0.182185,5.07314,13,explicit_euler_dt1,hbv,success,,35.92,0.7433,0.8400000370720822,4.918153557714524,0.0581717184624547,2.0015219314237983e-10,421.5353440583221,5.999999940467343,0.768794963557188,0.610348489704809,0.4419877316500705,143.0770924651402,0.9874223658128564,0.2193777966967623,2.389472645733134,0.0,0.0,270.7251765717566,0.0,0.4016278700403206,cal_final_2008-09-30
04197170,hbv_lite_cma,evaluation,0.526603,0.520463,0.081832,-0.205742,5.831865,13,explicit_euler_dt1,hbv,success,,27.93,0.6176,0.1453711968435787,4.136586301742684,0.0287616582368464,0.035238495294678,315.63029630655325,4.04145785973453,0.82663480373889,0.7091043741367883,0.4999964030700389,198.2048837009782,0.8826019274310536,0.0001784128845457,1.178660390633268,0.0,0.0,198.67336284930693,0.0,976.3701699161056,cal_final_2008-09-30
04213000,hbv_lite_cma,evaluation,0.039496,-0.111228,0.136461,-0.651234,29.533019,13,explicit_euler_dt1,hbv,success,,44.0,0.0966,-2.49999914780102,0.7439824437151208,0.076424382129935,8.89763144637398e-10,50.00014440102058,1.855126209713492,0.9999997125488038,0.6972961582796708,0.4999999867778824,89.88793216786205,10.37622327489218,0.001446208077921,3.704400897961378,0.0,0.0,36.35649732141155,0.0,1357.41426547051,cal_final_2008-09-30
04213075,hbv_lite_cma,evaluation,-0.284965,-0.698977,-0.999727,-0.999909,-0.998039,13,explicit_euler_dt1,hbv,success,,66.12,-0.3637,-0.8514850559004585,12.236559291276086,0.0933016759580525,0.1082905786187179,849.7512498912128,4.17045738029617,0.8505653117054528,0.7395408559343442,0.4557131371847167,0.0090453957080331,15.093746048516651,0.000699743392274,14.400487979504522,8144.8400000000065,0.0,167.49416797681562,0.0,1.5015359968700506,cal_final_2008-09-30
04216418,hbv_lite_cma,evaluation,0.650692,0.723084,0.043119,-0.163139,1.161717,13,explicit_euler_dt1,hbv,success,,27.89,0.6526,-1.5108160262922306,1.986467788960645,0.0561115383381419,1.6263622758735693e-05,289.1065827416939,1.967254539545692,0.3256881224935303,0.6834931433495104,0.499975658089346,9.893453949438182,3.415334300777258,0.1208103321410947,1.776016912427644,0.0,0.0,165.5597637245491,0.0,4.021971155952541,cal_final_2008-09-30
04221000,hbv_lite_cma,evaluation,0.632626,0.673545,-0.040016,-0.199099,1.577239,13,explicit_euler_dt1,hbv,success,,28.16,0.7707,-1.5800017627836171,1.910186954721663,0.002711238998819,0.199999907596986,495.645277657154,5.999996114884182,0.999998489090948,0.5462934197403118,0.3261219151462757,17.6374265264795,2.974044607224145,0.1196917502129768,1.0006788330297292,0.0,0.0,409.6297268642127,0.0,5.900520458178725,cal_final_2008-09-30
04224775,hbv_lite_cma,evaluation,0.564591,0.547838,-0.166889,-0.324112,0.989553,13,explicit_euler_dt1,hbv,success,,28.31,0.6322,1.4300000480268764,5.7331363906986175,0.0630356527127565,5.858051529306114e-09,685.1431857184804,5.99988211522753,0.9380741525077968,0.2928083627430037,0.4999993440108247,179.78114569625902,5.018985503510117,0.1418952497902178,1.4522710594426864,0.0,0.0,566.5423141281153,0.0,4.434743134062617,cal_final_2008-09-30
04233000,hbv_lite_cma,evaluation,0.570508,0.56072,-0.189206,-0.264312,-0.060237,13,explicit_euler_dt1,hbv,success,,27.79,0.6938,-1.7500008581703963,1.286434251200809,8.545571527668102e-11,4.211125885844963e-07,339.2884175186293,2.198100929628013,0.3406974392901193,0.851275168048894,0.4999999720887998,109.90205831333748,3.964620067718397,0.122596536455133,1.0775338521441171,0.0,0.0,133.98441167752526,0.0,2.217446094057909,cal_final_2008-09-30
04256000,hbv_lite_cma,evaluation,0.734299,0.785218,-0.053226,-0.178344,0.698006,13,explicit_euler_dt1,hbv,success,,29.6,0.769,-2.000001516840713,1.7532345890153382,0.0089484028785637,0.045078662417682,251.5010715507777,1.069669014484578,0.5837124074614899,0.4378877634336026,0.2743698105767702,19.323864271498906,2.4276023969768894,0.074141618680213,1.4465371460478464,0.0,0.0,127.23255736641649,0.0,11.634347346280215,cal_final_2008-09-30
04296000,hbv_lite_cma,evaluation,0.708217,0.803916,-0.056954,-0.176835,0.359658,13,explicit_euler_dt1,hbv,success,,28.58,0.7297,-1.7800006311980394,1.9560423132333056,0.0080988868533785,1.7557558661762879e-09,282.3175350754647,1.2787062186878837,0.2000000171948646,0.847914992838778,0.4335171973268868,136.89690478684597,7.933735544982013,0.1667150416114705,1.9382402268167145,0.0,0.0,149.12584825738764,0.0,4.657399064910299,cal_final_2008-09-30
05057200,hbv_lite_cma,evaluation,-0.107857,0.487769,0.037116,-0.098468,6.64339,13,explicit_euler_dt1,hbv,success,,57.58,0.3549,0.6357217765102039,5.203032379602712,0.0244697112776086,0.0883361065511774,410.1574923320414,2.757978697396215,0.2586736191940323,0.8626126743695177,0.0201081866334014,127.02824621482438,13.983617451136386,0.4177021742002221,4.169971439333703,0.0,0.0,108.62994485375556,0.0,0.0069754263056708,cal_final_2008-09-30
05120500,hbv_lite_cma,evaluation,0.170732,-0.069607,-0.620908,-0.752656,20.739074,13,explicit_euler_dt1,hbv,success,,98.99,0.2767,-0.2799999797968415,3.264116600008676,0.0012020483659167,0.1999997334253053,1420.4542472432458,2.428351358665097,0.2000000024593088,0.9707866856059884,0.1995232841565632,138.06891324609194,11.48500139258178,0.1137599787486337,11.021744204019695,0.0,0.0,247.08820431879835,0.0,0.1213447143524891,cal_final_2008-09-30
05291000,hbv_lite_cma,evaluation,0.559029,0.474044,-0.172358,-0.342448,1.720525,13,explicit_euler_dt1,hbv,success,,37.8,0.4458,0.7100000826661548,13.148102463403037,0.0018471048040343,0.1634451520442578,411.86623776202896,1.671018344420127,0.200000001596192,0.0504294488842344,0.2901429242028756,143.77772918136287,19.282729551726423,0.3263300983649167,2.396539965676604,0.0,0.0,82.11598685076784,0.0,0.1026802103544889,cal_final_2008-09-30
05362000,hbv_lite_cma,evaluation,0.599552,0.661588,-0.21124,-0.226601,-0.595764,13,explicit_euler_dt1,hbv,success,,36.94,0.8372,0.7000000090779466,4.581197068481922,0.0043841325201844,0.1488184066739667,377.7014541130362,5.999998753960674,0.7445304043110637,0.529479190187241,0.3181586509939091,178.77352365197373,4.424415415851955,0.225929929893142,2.06149928592272,0.0,0.0,222.82224895056828,0.0,0.2812860727520849,cal_final_2008-09-30
05393500,hbv_lite_cma,evaluation,0.625488,0.703867,-0.159397,-0.213931,-0.238654,13,explicit_euler_dt1,hbv,success,,29.26,0.7658,0.930005113760016,4.890970351526241,0.0076498211738588,0.1702262307409157,458.8932210850192,5.9685734529615,0.999999893984422,0.1258675873784653,0.304456962415202,151.54643402606908,5.286852060680444,0.2029946104728478,1.994741235442825,0.0,0.0,295.21485059170186,0.0,0.3485481345342454,cal_final_2008-09-30
05399500,hbv_lite_cma,evaluation,0.496813,0.579491,0.227109,-0.129173,4.614762,13,explicit_euler_dt1,hbv,success,,28.48,0.5514,1.9499998634581024,11.567421638392451,0.0341336457165991,3.745835461017164e-09,348.07452363639084,4.585836181011894,0.999999980014772,0.0563817080031175,0.4999999631856862,134.82847312138333,2.09360463560001,0.1710537701182438,1.2735950341837992,0.0,0.0,216.0291517447921,0.0,0.8235322595393564,cal_final_2008-09-30
05408000,hbv_lite_cma,evaluation,0.114838,0.191927,0.146188,-0.2935,0.841785,13,explicit_euler_dt1,hbv,success,,27.74,0.8352,-1.958307824890583,2.8341572022785737,0.0609289653677814,0.1961608986078654,228.6855675741996,4.341492740774672,0.2021422198785898,0.4107191709104643,0.342635506474733,18.025052661786304,8.601706897557868,0.0023401552280677,1.4914045585128994,0.0,0.0,102.63205430835797,0.0,421.5049489712382,cal_final_2008-09-30
05413500,hbv_lite_cma,evaluation,0.304905,0.48186,0.297081,-0.060728,1.518234,13,explicit_euler_dt1,hbv,success,,27.91,0.7651,-1.22970254609561,3.811342224059796,0.050333386103555,0.1067526792281713,722.5923177558622,1.39126425625564,0.3413413634749077,0.8591413792698748,0.1766958109940663,21.92539337750021,3.3849495088280688,0.0054434582612113,1.6778231409247495,0.0,0.0,325.56956076588284,0.0,221.83034619915,cal_final_2008-09-30
05414000,hbv_lite_cma,evaluation,0.34455,0.484084,0.253905,-0.038491,1.272418,13,explicit_euler_dt1,hbv,success,,26.27,0.8348,-1.7199969464412992,3.1146471965754694,0.0841471622109951,7.64038165168127e-08,599.8196577584583,2.811916973687535,0.4578072544640887,0.9899999971120496,0.1034833865966935,26.84359769082904,2.2776211699936426,0.008789324242423,1.466487634036474,0.0,0.0,360.8740763036747,0.0,121.33351409435964,cal_final_2008-09-30
05444000,hbv_lite_cma,evaluation,0.416225,0.518903,-0.016056,-0.235318,0.993062,13,explicit_euler_dt1,hbv,success,,27.93,0.7854,-0.4258204233501681,14.929056682817562,0.0872057605395651,0.1251120464450212,328.1536762212464,5.999981224620189,0.2000003828861823,0.9587810866499696,0.048224123134362,30.53538305431589,1.4462475439343871,0.0037221383947105,1.1676525755938427,0.0,0.0,275.01554900079896,0.423775803295753,216.8498500401209,cal_final_2008-09-30
05454000,hbv_lite_cma,evaluation,0.371446,0.454724,0.207939,0.041046,8.61036,13,explicit_euler_dt1,hbv,success,,27.63,0.6076,-0.9899999893933332,4.523893634890842,0.082097281302169,4.290064077630166e-09,589.2329863042146,5.999999943962596,0.7827654192707716,0.8986971319479977,0.4999999998565289,163.12476053163718,2.813402941333419,0.1245944075176947,1.010637836344234,0.0,0.0,482.98234985245386,0.0,5.320540257759365,cal_final_2008-09-30
05458000,hbv_lite_cma,evaluation,0.433293,0.696983,0.068851,-0.095327,0.622091,13,explicit_euler_dt1,hbv,success,,36.06,0.7174,-2.1694218847709497,1.9817808990798529,6.919367531729281e-06,6.2541971658283e-09,187.899877578186,5.999775442959839,0.2043210155138826,0.5791527774641654,0.213387618086743,18.98699686910956,1.7911074848129491,0.0298337853925646,2.039792038521874,0.0,0.0,54.98556634804039,0.0,3.1222978841069526,cal_final_2008-09-30
05466500,hbv_lite_cma,evaluation,0.605477,0.778612,-0.055917,-0.050471,-0.292061,13,explicit_euler_dt1,hbv,success,,42.2,0.7102,-0.7610520555861258,8.974038519659485,0.0999823883313797,0.1512899923213981,374.943421378097,5.701863711126983,0.2000002648649882,0.9899951485305684,0.0332562101604226,7.056330669484721,6.979492149618439,0.2365843048677028,3.939036344735616,0.0,0.0,338.5653140447779,0.0,3.823107998523613,cal_final_2008-09-30
05487980,hbv_lite_cma,evaluation,0.577964,0.48666,0.162072,-0.167121,11.525794,13,explicit_euler_dt1,hbv,success,,28.33,0.5714,-2.49999999999923,3.351936250919879,0.0980172397877823,2.091465659731936e-18,535.4391163976136,5.999999999999593,0.8247035383841541,0.3929779640401328,0.4999999999999978,199.4080104402176,0.9662273457165153,0.113996140853756,2.804026998599083,0.0,0.0,461.3564350552665,0.0487156281001143,4.604429984415395,cal_final_2008-09-30
05488200,hbv_lite_cma,evaluation,0.545856,0.521622,-0.034165,-0.211203,6.131195,13,explicit_euler_dt1,hbv,success,,27.55,0.4956,-0.0499856887596821,9.852584558360215,0.0217072371580365,6.339400285938716e-08,335.14127734843004,5.9999999580004015,0.2000005760298746,0.5857434802246442,0.1829157121221974,5.996042589048005,0.12394405160006,0.4996970578477875,1.0476522878042105,0.0,0.0,288.840653484033,3.9531238060573135,0.124094334150325,cal_final_2008-09-30
05489000,hbv_lite_cma,evaluation,0.599801,0.633909,0.072795,-0.084642,3.177909,13,explicit_euler_dt1,hbv,success,,27.74,0.5368,-2.499999999999756,4.223323171607508,0.0551347308032947,2.9503557361189068e-12,209.69591270389387,5.999999999975083,0.2000000000292004,0.2259322468786533,0.1499628545418924,191.2663935342176,21.007571432243505,0.4999999999925262,1.5008914035069405,0.0,0.0,180.40582971889745,0.0,0.7967482910409199,cal_final_2008-09-30
05495000,hbv_lite_cma,evaluation,0.622273,0.63908,0.157318,-0.128995,9.436007,13,explicit_euler_dt1,hbv,success,,35.89,0.599,-2.499999884519643,1.647589189903132,0.0207436210668729,3.313901204334621e-09,260.0905320619743,5.999999958331388,0.752437100122304,0.0521731585398071,0.0100004560235773,180.2300527377132,29.99999999662444,0.4845594383870962,2.227700355581009,0.0,0.0,230.31656663176813,0.0,0.9049304545390812,cal_final_2008-09-30
05495500,hbv_lite_cma,evaluation,0.603743,0.557993,0.089586,-0.19765,28.278573,13,explicit_euler_dt1,hbv,success,,30.05,0.6643,-2.49999993099011,14.999999926811586,0.0003720812482146,9.923540527124989e-09,386.892357433619,2.799639973576055,0.99999999551929,0.8251223563059806,0.0215595205183099,11.877911064112697,0.9084466836919636,0.0001000000015746,2.296221210349602,0.0,0.0,306.44587139455314,3.944724760035273,1847.9638356644853,cal_final_2008-09-30
05501000,hbv_lite_cma,evaluation,0.48099,0.467997,-0.022519,-0.302251,13.633334,13,explicit_euler_dt1,hbv,success,,24.54,0.6561,-2.4899999183236616,0.6842739851627325,0.0267058581784286,3.05168277682509e-08,210.7508855861746,5.999999992878096,0.2000000032422266,0.3640133104185252,0.499999999283302,68.56484936216039,1.090257637431287,0.0084810210387171,1.3003977824550192,0.0,0.0,179.09227682622452,0.0,65.80968996747447,cal_final_2008-09-30
05503800,hbv_lite_cma,evaluation,0.495567,0.474072,-0.056405,-0.404817,550.489485,13,explicit_euler_dt1,hbv,success,,27.55,0.6327,-2.4999999956029897,14.99999974380448,0.0006817979218406,1.0614635062980202e-08,187.682393465678,5.999999946559976,0.2000000012032892,0.4947172019131426,0.202184126084824,3.9128206300631048,1.9479447747639167,0.0002807739357214,1.000004262094646,0.0,0.0,155.25572728131192,0.0,948.173474383632,cal_final_2008-09-30
05507600,hbv_lite_cma,evaluation,0.485653,0.51525,0.270874,-0.081612,49.584964,13,explicit_euler_dt1,hbv,success,,25.81,0.6419,-2.499999998981959,14.999999886764956,0.0383067713915147,8.287458227784443e-09,232.7397869761205,5.999999808532874,0.2000000412510507,0.8003744871428222,0.1735455599764485,4.701804495145707,0.0206671210767487,0.4997421636956866,1.0071497148869968,0.0,0.0,198.87517907606664,2.797671654873806,0.0206884470104254,cal_final_2008-09-30
05508805,hbv_lite_cma,evaluation,0.509665,0.542672,0.13074,-0.089114,3.944615,13,explicit_euler_dt1,hbv,success,,26.93,0.5493,-2.499999999171619,0.5692546584936635,0.057442050283861,3.020458597836029e-12,229.52965473102768,5.99999999963911,0.2000000000510366,0.5057514494666914,0.4999999999901166,188.20002613397844,26.938646316240607,0.4999999999995453,1.5836119220125626,0.0,0.0,196.0923191060929,0.0,0.8873324392007714,cal_final_2008-09-30
05525500,hbv_lite_cma,evaluation,0.668882,0.654601,0.234021,-0.024852,6.182296,13,explicit_euler_dt1,hbv,success,,43.37,0.7531,-0.7902303430149762,4.599437125820142,0.0414018047821168,0.1983249530125179,465.1347917811685,5.999958651031126,0.9590247033670032,0.252535450831082,0.3627910423500027,19.19465743741474,1.375731150627186,0.0877522687668297,3.5637860385338698,0.0,0.0,406.8412565110975,0.0,4.986309006485449,cal_final_2008-09-30
05556500,hbv_lite_cma,evaluation,0.493348,0.568154,-0.07272,-0.209062,1.243858,13,explicit_euler_dt1,hbv,success,,27.82,0.6218,-1.060000031635155,6.216813957453304,0.083049095194966,1.6851896771232123e-09,280.37863893932695,5.999999994991614,0.2000000016763277,0.6858685796186685,0.4999999999839334,94.85384698517994,5.811026199287423,0.1476714515093624,1.0365427825675342,0.0,0.0,254.2946597389804,0.0,8.828044944613389,cal_final_2008-09-30
05584500,hbv_lite_cma,evaluation,0.685775,0.71944,0.088618,-0.095854,5.341975,13,explicit_euler_dt1,hbv,success,,44.35,0.6175,0.290005514870149,12.742352124777526,0.0228181208581755,3.6630272818789364e-09,301.9989064691854,5.999993801546769,0.2000000005680158,0.5756071213891653,0.3452587708654473,29.186687285297296,1.1946931581606302,0.0829999134380413,3.477858543023077,0.0,0.0,261.93467781647803,0.0,7.0206483037147445,cal_final_2008-09-30
05591550,hbv_lite_cma,evaluation,0.684865,0.582414,0.354269,0.031601,61.693594,13,explicit_euler_dt1,hbv,success,,27.42,0.7102,-1.659994488681095,1.3096818681439184,0.0853361822274139,5.454752611747773e-07,676.7189601525608,5.999999890121344,0.9551522342896372,0.9899999811679824,0.4999999932147547,1.7688770123171608e-05,4.7029543213553175,0.1607569448011217,1.997418193610412,0.0,0.0,559.4507451610843,0.0,2.5649176326581684,cal_final_2008-09-30
05592050,hbv_lite_cma,evaluation,0.563994,0.543103,0.061214,-0.188931,14.070294,13,explicit_euler_dt1,hbv,success,,27.71,0.7111,-1.3675930071746576,1.2984686833597032,2.010616399206184e-06,9.19201319081525e-06,332.073525493914,3.8758725044164817,0.2213424126952732,0.7620471473619679,0.1574209131276889,9.012339054556834,0.6229131800162939,0.0870182610354282,1.661415415598852,0.0,0.0,255.8912463671581,1.34962713672975,4.147569690432795,cal_final_2008-09-30
05592575,hbv_lite_cma,evaluation,0.640886,0.629112,0.13062,-0.120871,49225.048518,13,explicit_euler_dt1,hbv,success,,27.82,0.6501,-1.910331156568237,0.6100941301019344,0.0412690424949468,0.0084610795083978,601.8421517160174,5.992364756899079,0.999999964864186,0.9899995239889064,0.0574620715988714,4.813811934783025,1.019369752103029,0.0001000401786171,1.9356585359554683,0.0,0.0,489.74512430621184,0.0,1587.9159897563577,cal_final_2008-09-30
05593575,hbv_lite_cma,evaluation,0.672468,0.587949,0.103264,-0.14965,31.116501,13,explicit_euler_dt1,hbv,success,,27.9,0.6933,-2.010274324502417,1.4072434890306915,0.0803449841906716,0.0430849068629665,398.1468677664848,5.120395588188791,0.9999956646579709,0.5743385985403826,0.4486084559024655,25.167479990981693,1.173633196029271,0.000100052930204,1.0083314900633236,0.0,0.0,302.5336266268109,0.0,1333.0128382680064,cal_final_2008-09-30
05593900,hbv_lite_cma,evaluation,0.493058,0.269339,0.642597,-0.024488,161.360698,13,explicit_euler_dt1,hbv,success,,27.73,0.6595,-1.0149027659322305,11.411940779732031,0.0575232141572785,0.1287457340580951,211.048901253427,5.999963821339009,0.9999745248739512,0.7646723133919084,0.0100001802246553,90.76280282639075,0.039407922712344,0.496291933987785,1.389576668181018,0.0,0.0,182.21377291953544,83.43159758904754,0.0399967986090263,cal_final_2008-09-30
05595730,hbv_lite_cma,evaluation,0.643661,0.548514,0.121734,-0.081636,27.714833,13,explicit_euler_dt1,hbv,success,,27.57,0.6156,-1.9200187144433087,1.7909942193111947,0.0310214718403113,0.0953787600722393,268.2061446158205,5.999999999582424,0.2000000892347,0.551218334995424,0.4999999999707794,17.218938104693944,8.37779610063776e-07,0.3239701470814344,1.8476470734586323,0.0,0.0,135.1160029824567,0.0282791858414109,1.7481981956418472e-06,cal_final_2008-09-30
06221400,hbv_lite_cma,evaluation,0.695135,0.81606,-0.066658,-0.171252,0.727834,13,explicit_euler_dt1,hbv,success,,66.94,0.6713,2.499999970042025,13.222182250096823,0.0489030395642003,0.1350855748541838,50.00000062833711,1.000000000048667,0.9999999999438516,0.3625224609460443,0.0210378048503943,196.5149069464742,29.99995698703352,0.018735303219136,1.4836364838053675,0.0,0.0,16.734906324114434,0.0,60.68790982374677,cal_final_2008-09-30
06224000,hbv_lite_cma,evaluation,0.783606,0.738622,-0.163029,-0.201824,-0.417604,13,explicit_euler_dt1,hbv,success,,33.6,0.8402,1.7799997457464023,7.84147693674276,0.0459874810079346,0.0115115717942094,50.00007624887991,1.000001591813743,0.9999999991490004,0.8193987637141262,0.0445296361707391,188.0017439053678,20.58610599470513,0.0234003740990693,1.026176433139778,0.0,0.0,14.959632672987611,0.0,33.3061828556505,cal_final_2008-09-30
06278300,hbv_lite_cma,evaluation,0.780957,0.854032,-0.078811,-0.054923,-0.936193,13,explicit_euler_dt1,hbv,success,,32.3,0.8198,1.5000002268314798,6.19474076660373,0.0030162878775965,2.2733782086315666e-12,131.09831123816872,1.000000000408067,0.8832664629514009,0.5227846336324685,0.2956685928448536,3.966196978979905e-09,21.07025207025702,0.0643808447470205,1.0209878438248143,0.0,0.0,44.761766640820426,0.0,5.450328781759348,cal_final_2008-09-30
06280300,hbv_lite_cma,evaluation,0.59926,0.727872,0.080033,0.104798,-0.856177,13,explicit_euler_dt1,hbv,success,,35.95,0.783,2.2600001940448786,4.279143064355722,5.117287276342584e-06,1.0545381704037636e-10,202.84513102858628,1.0000000144410228,0.9999999998896872,0.2562839652707961,0.2464611777027583,9.175915134727246e-07,21.401303014076888,0.0390321163079618,1.0480233583640124,0.0,0.0,71.31415933655943,0.0,15.31384414770804,cal_final_2008-09-30
06289000,hbv_lite_cma,evaluation,0.828895,0.909934,0.018127,0.036817,0.024781,13,explicit_euler_dt1,hbv,success,,78.87,0.7297,2.299998956609977,4.419530743168748,1.2899426308974452e-08,8.164861599596463e-06,516.4845432215609,1.496475922363834,0.9999978868443462,0.0527798324207787,0.0290634767043104,106.91940355175342,0.7111360739758567,0.0036713147323642,1.5642480191440131,0.0,0.0,219.665163449758,0.0,110.45743172422586,cal_final_2008-09-30
06291500,hbv_lite_cma,evaluation,0.451785,0.72119,-0.096626,-0.023446,-0.668269,13,explicit_euler_dt1,hbv,success,,90.65,0.7577,2.499999965996821,0.5371483784677625,0.0170973352552801,0.109375255911231,440.4814016208443,2.007654791075695,0.9999996670268444,0.2575829875330184,0.1733246628926523,15.225257968294445,13.460723548277162,0.0688543765176565,1.066475684492414,0.0,0.0,199.65203259526984,0.0,2.1880906921900607,cal_final_2008-09-30
06311000,hbv_lite_cma,evaluation,0.733638,0.699205,-0.207533,-0.206496,-0.785775,13,explicit_euler_dt1,hbv,success,,38.4,0.7457,2.4400000056170814,13.587155293759585,0.0999999995672294,0.1999999999965381,304.5306365711158,2.23073476101862,0.9999999888239024,0.4408503925779078,0.0100000026608786,134.03683496223994,26.783994419115256,0.0635739845878683,1.5343688684548489,0.0,0.0,130.0794424375541,0.0,1.935520560496765,cal_final_2008-09-30
06332515,hbv_lite_cma,evaluation,0.198343,0.32851,-0.041189,-0.317923,9.103086,13,explicit_euler_dt1,hbv,success,,29.23,0.2296,0.6400000517021365,2.785532278949107,0.0386834865313343,6.645488668874459e-12,254.43554368066245,3.65724479301484,0.5312836947042698,0.1727731825573117,0.4216148833906594,17.724111165300727,7.458942038233578,0.4999999999481223,1.072977614404536,0.0,0.0,76.02104758824987,0.0,0.0004869580668666,cal_final_2008-09-30
06339100,hbv_lite_cma,evaluation,0.074833,0.014346,0.018737,-0.344376,35.091779,13,explicit_euler_dt1,hbv,success,,28.03,0.1781,0.9761467269916384,14.999999999699073,0.0641116076491542,0.1583488036852379,528.2253888436087,1.5514207891051988,0.2000000000023466,0.3614887602846247,0.1678415510795169,177.53484982899238,27.60448693138488,0.4999999999987167,1.472708434319661,0.0,0.0,44.75574049899959,0.0,0.0006911446698141,cal_final_2008-09-30
06344600,hbv_lite_cma,evaluation,0.072409,0.084136,0.319178,-0.283701,42.474361,13,explicit_euler_dt1,hbv,success,,29.08,0.1518,1.192543145603457,13.01874063368797,0.0587764315887438,0.199918659840957,2499.841241996011,1.6792220973208845,0.3451640709273824,0.9898666258625404,0.1751742783448955,1.2790579392940409,0.0958513285237005,0.4537684040009052,1.8710840978703065,0.0,0.0,391.1659473343392,0.0,0.0048677858661636,cal_final_2008-09-30
06350000,hbv_lite_cma,evaluation,0.093798,-0.112673,-0.407175,-0.651405,1.42472,13,explicit_euler_dt1,hbv,success,,65.57,0.1665,2.499999999830208,12.53079951482382,0.0376035472041206,0.1999999243641725,2499.999956130909,1.7539924065016297,0.2000000033522241,0.4458636897775697,0.1253095310969102,9.890852507798224,0.3446440751648241,0.4999999987647988,6.482966607119269,0.0,0.0,196.8909680108393,0.0,0.0003196430044754,cal_final_2008-09-30
06352000,hbv_lite_cma,evaluation,-0.727062,0.136755,0.452639,0.124458,-0.610449,13,explicit_euler_dt1,hbv,success,,61.94,0.2992,-0.3237969566163334,2.09351157525738,0.0999973192434428,0.0406480204471182,112.7719804492996,5.99998283678565,0.4315787749267583,0.8918673723697735,0.2853448284494329,159.2026906782304,21.8157081949052,0.3335521165419786,4.875102418176786,0.0,0.0,12.432599457746075,0.0,4.0263277315676986e-07,cal_final_2008-09-30
06404000,hbv_lite_cma,evaluation,0.609217,0.529282,-0.281527,-0.259991,-0.717026,13,explicit_euler_dt1,hbv,success,,28.44,0.6352,2.2800015668877665,0.5003344203816988,0.0947872948112762,0.0785173784027464,437.2143399418114,1.8561551400365768,0.2000000063172735,0.0849490891721154,0.2025912796686515,153.7221948031213,9.529239155972734,0.499999999979293,1.3148550222571047,0.0,0.0,42.62230247564614,0.0,1.2712787149661153e-06,cal_final_2008-09-30
06406000,hbv_lite_cma,evaluation,0.38362,0.263683,-0.342017,-0.571935,3.494551,13,explicit_euler_dt1,hbv,success,,62.53,0.1482,2.3799561831534133,0.5000003068992382,0.0996414973879468,0.0905124666173791,1974.199909219454,1.495571443285853,0.2000001580890935,0.0559519734349567,0.4999827656273375,53.76258361970108,0.3921184679429516,0.0041695428244539,2.31380199939416,0.0,0.0,257.9127288737272,0.0,17.659358065030517,cal_final_2008-09-30
06409000,hbv_lite_cma,evaluation,0.395608,0.398173,-0.026245,-0.327241,0.649204,13,explicit_euler_dt1,hbv,success,,55.83,0.1538,-2.479993307074557,14.999960542510612,0.0146745007461855,3.334928826039953e-06,2499.999999999682,1.2476531549779948,0.200000000103001,0.1751087909355701,0.2492284489178983,123.89565574525324,28.89139280943281,0.0031203078977566,1.0838545599729903,0.0,0.0,359.2660882163694,0.0,54.42841729187918,cal_final_2008-09-30
06431500,hbv_lite_cma,evaluation,0.47592,0.691729,0.196338,0.040979,0.619935,13,explicit_euler_dt1,hbv,success,,89.77,0.4359,-0.0499093104393466,1.2476255437447108,0.075524869755111,0.1987321706419481,1619.2011115235407,1.0001049231598895,0.2290297706497468,0.7416049871057621,0.4336202783987325,151.96502340944406,2.342737628936126,0.0029897673782043,14.75720751493012,0.0,0.0,284.2498891104705,0.0,131.33238633153525,cal_final_2008-09-30
06440200,hbv_lite_cma,evaluation,0.103058,0.455193,0.014158,-0.240721,1828.868458,13,explicit_euler_dt1,hbv,success,,29.45,0.6082,-0.2799984753734601,7.737756849438046,0.0999982354030878,0.0176774797661432,106.2944593289636,4.7274117404135705,0.29628453781253,0.578707779752565,0.3568766600723109,31.377712693652025,24.566635067949804,0.4999999922607691,1.9180070037887256,0.0,0.0,20.76042963671712,0.0,6.744083663402694e-05,cal_final_2008-09-30
06447500,hbv_lite_cma,evaluation,0.078594,0.139676,-0.344995,-0.507565,-0.104358,13,explicit_euler_dt1,hbv,success,,98.83,-0.0096,1.4240336632563206,14.999999999955596,0.0483010660684963,1.882380718466615e-13,2499.999999999988,1.7579693796129616,0.200000000000042,0.7365195449126863,0.0826526626228988,180.5591713062659,15.252792734440565,0.1348338460740708,4.636128123866332,0.0,0.0,302.4216548446374,0.0,0.1013697533472184,cal_final_2008-09-30
06470800,hbv_lite_cma,evaluation,0.22724,0.157024,-0.33561,-0.504672,55.030048,13,explicit_euler_dt1,hbv,success,,94.07,0.5903,0.6500004656374831,2.55330205814466,0.0137411260667844,0.1999997412117973,592.096593144745,5.031415348105648,0.5190555830919656,0.7057178401127033,0.0202078097998174,61.82489426673968,5.995632307075585,0.1516967304382131,3.742822520166669,0.0,0.0,269.3472600095248,0.0,0.1254075195006591,cal_final_2008-09-30
06477500,hbv_lite_cma,evaluation,0.506204,0.422331,-0.17996,-0.337649,158.028352,13,explicit_euler_dt1,hbv,success,,59.06,0.5474,1.5298449515510706,4.557885648830791,0.0856206819499769,0.1518509457979088,492.7177089889922,2.722585642569434,0.2000001194710692,0.3582202412531465,0.0100000889287957,74.17685393946225,3.177513267357809,0.4076055028901625,5.021646362292205,0.0,0.0,67.04066409040374,0.0,0.0013136472722667,cal_final_2008-09-30
06479215,hbv_lite_cma,evaluation,0.295403,0.271755,-0.038275,-0.39304,18.812116,13,explicit_euler_dt1,hbv,success,,42.9,0.4367,0.4729292536650571,14.529127530792634,0.0299829481806056,0.0879894961032124,605.255449203894,1.2579868854263676,0.2000726013266655,0.9896735579892224,0.0993282113300751,7.597512778283807,0.4481732895753278,0.1276656675514469,3.6207190211913294,0.0,0.0,106.97712982438637,0.0,1.0464680916981934,cal_final_2008-09-30
06601000,hbv_lite_cma,evaluation,0.357425,0.317546,-0.172048,-0.342136,0.914336,13,explicit_euler_dt1,hbv,success,,25.74,0.3367,-0.2273170212279804,7.900326204494281,6.029653879942341e-06,0.199985002181434,2485.3027874277,1.1344696941599983,0.2000171523964473,0.989600157383386,0.489023959066537,0.0242747141737556,2.385612064119073,0.0313995723307359,1.767441309843244,0.0,0.0,447.2688822588029,0.0,10.979818490235608,cal_final_2008-09-30
06614800,hbv_lite_cma,evaluation,0.813633,0.713092,-0.184194,-0.174032,-0.918627,13,explicit_euler_dt1,hbv,success,,34.43,0.8785,2.4999999863964444,6.361933723845971,0.0388394998405606,0.0041742009523993,885.7539431251628,1.0000000041890886,0.9999999996344332,0.8820304141421297,0.1404571284396669,189.74878852209656,14.10115553241392,0.0618682780391446,1.2120017922091657,0.0,0.0,476.16611033103806,0.0,19.85321210967013,cal_final_2008-09-30
06622700,hbv_lite_cma,evaluation,0.741198,0.855982,0.0417,-0.03063,-0.156278,13,explicit_euler_dt1,hbv,success,,67.2,0.7285,0.4000044307485151,3.6469495402480776,0.0221729828697713,3.6224700319812545e-10,156.4387252338985,1.8192970225339224,0.8504595801633645,0.8603857822853226,0.322177535114262,53.14804957500128,15.981944634219182,0.0317682277112983,1.0000191741390596,0.0,0.0,45.74031502450801,0.0,9.323803109057302,cal_final_2008-09-30
06623800,hbv_lite_cma,evaluation,0.813086,0.860357,0.088082,0.060337,-0.455115,13,explicit_euler_dt1,hbv,success,,75.66,0.8837,1.0799934998772236,3.654399215216349,0.0998287374953412,1.0356055572893976e-09,2499.999979580779,1.0000000001005844,0.7025473197014935,0.7764223598861469,0.499999463209137,87.14547330087461,11.872100581176756,0.0603869568751019,1.4268216949149417,0.0,0.0,1203.8055098587813,0.0,13.322098848465911,cal_final_2008-09-30
06632400,hbv_lite_cma,evaluation,0.759426,0.837966,0.093325,-0.049379,-0.521419,13,explicit_euler_dt1,hbv,success,,73.23,0.7031,-1.26998421694759,5.22480140634562,0.0248048153792094,0.1573294076924706,107.65732361671112,1.5914965900952085,0.9591090291030178,0.851592436992553,0.4604378150939087,192.2782591950632,28.041712456075377,0.0293603957218019,8.155157510968616,0.0,0.0,32.728007839277886,0.0,10.04908128943077,cal_final_2008-09-30
06746095,hbv_lite_cma,evaluation,0.728932,0.57216,-0.352121,-0.286056,-0.852595,13,explicit_euler_dt1,hbv,success,,50.47,0.8224,2.489998849873328,4.649156860028409,0.0915230725989145,0.1210448701513831,50.00051514046848,1.0000012921967314,0.999999638225743,0.989955904351535,0.4994382015635063,0.0008634140361241,24.24912408831623,0.0682053226244493,5.253963309828725,0.0,0.0,21.006025419966253,0.0,15.899149191857662,cal_final_2008-09-30
06803510,hbv_lite_cma,evaluation,0.565404,0.465469,-0.075144,-0.296477,1.482747,13,explicit_euler_dt1,hbv,success,,26.07,0.756,-1.0988018570207692,2.8546080962122904,0.0410919025804397,0.1397929036353266,250.61537747824605,5.748649838402534,0.4142215200046729,0.9899845716791564,0.4026805664436742,2.41445320402051,1.7757952356878548,0.0021995077552002,1.1649129164496486,0.0,0.0,127.1262104347098,0.0,133.36094204437345,cal_final_2008-09-30
06803530,hbv_lite_cma,evaluation,0.516459,0.542495,-0.09914,-0.0664,-0.763481,13,explicit_euler_dt1,hbv,success,,27.83,0.6878,0.100004974364686,5.42661301883458,0.040410062233501,4.530654790448432e-07,402.9841670259258,5.999993672149551,0.566239927374149,0.9899999615067324,0.3186168797024085,5.404636568403857,2.7768996675323377e-05,0.3373024381813324,1.9715378143238047,0.0,0.0,244.31470166375183,0.1346355020536739,5.455770343703951e-05,cal_final_2008-09-30
06814000,hbv_lite_cma,evaluation,0.619001,0.637009,0.13421,-0.158693,12.354331,13,explicit_euler_dt1,hbv,success,,28.07,0.6122,-2.499999992084128,11.864204826806423,0.0604298680816124,1.1094660881582712e-08,300.7985278837608,3.734624734511897,0.9999999999897866,0.628756489999894,0.1164463504023184,8.690934193557727,1.449826518742524,0.000125957690116,1.2030128170059784,0.0,0.0,198.735452093405,0.0,1323.9889097072105,cal_final_2008-09-30
06847900,hbv_lite_cma,evaluation,-0.082648,-0.28361,1.032368,0.513073,28.605187,13,explicit_euler_dt1,hbv,success,,28.73,0.1421,0.5444150980954863,14.999999999964343,0.0360344845387368,0.1999999999995779,2499.999999999792,5.999999999999999,0.7292980872793244,0.111007454027298,0.0615849066301971,114.42720481718337,7.394477532695352,0.4999999999999641,2.0240535738753795,0.0,0.0,1137.791917968775,0.0,0.000702440755409,cal_final_2008-09-30
06853800,hbv_lite_cma,evaluation,0.429113,0.455555,-0.163926,-0.221235,2.433497,13,explicit_euler_dt1,hbv,success,,35.31,0.2983,0.8600000444571894,9.52043522032153,0.0600160458250563,2.320957894488137e-09,729.9694231600581,2.02359067429689,0.2000000556444039,0.0815322587474061,0.2901795395941966,27.38211080304243,20.34783642832475,0.4999999987331106,2.0486415423867586,0.0,0.0,183.6727396990896,0.0,0.0004185184901838,cal_final_2008-09-30
06876700,hbv_lite_cma,evaluation,0.705133,0.542018,0.350621,-0.24824,28.375458,13,explicit_euler_dt1,hbv,success,,60.11,0.6317,-2.016357071428285,0.5007478886468503,0.0267502535020627,0.0344223210850682,172.75211987691688,1.0471201946612223,0.3851157464365326,0.8114580731964884,0.2464840227226913,30.369837743688088,3.680411525633126,0.000100076477885,6.781632436896663,0.0,0.0,42.55205339395334,0.0,1337.9478662682238,cal_final_2008-09-30
06878000,hbv_lite_cma,evaluation,0.423209,0.653139,-0.059991,-0.060361,-0.565481,13,explicit_euler_dt1,hbv,success,,28.55,0.5872,-2.09933092648952,1.2540994902318927,0.0060379147698197,1.4070940915836686e-07,210.8669078962577,5.9999989133573175,0.2000012702332189,0.7573381436047626,0.0311816545755836,190.30245714586232,21.07452431157711,0.4999999298389141,1.4289353136805598,0.0,0.0,92.67684786495204,0.0,0.0002997514947493,cal_final_2008-09-30
06879650,hbv_lite_cma,evaluation,0.407006,0.388477,0.046149,-0.449188,,13,explicit_euler_dt1,hbv,success,,27.93,0.4746,-1.933290718179686,1.1450166634673358,0.0244717300358826,0.0002860362478501,320.9744493379148,1.7567186594176183,0.9985333557704152,0.9899997527651384,0.0936817246203399,19.55613227112049,3.0998475529166547,0.0001002751776902,1.1693916459097244,0.0,0.0,218.84996339653844,0.0,2469.0217117991856,cal_final_2008-09-30
06885500,hbv_lite_cma,evaluation,0.625281,0.645542,0.280081,-0.140258,11.151188,13,explicit_euler_dt1,hbv,success,,28.09,0.6278,-2.15274070850318,10.382202535529236,0.0512729015839897,3.224936716941145e-06,155.51009905328812,5.361942184426116,0.9998470195261322,0.6393471785226515,0.4935477833537767,168.26923599672813,3.5094180530018644,0.000196860603068,1.901276765568897,0.0,0.0,119.41495495388595,0.0,1201.7896694365595,cal_final_2008-09-30
06888500,hbv_lite_cma,evaluation,0.570092,0.537107,0.100445,-0.168205,3.286623,13,explicit_euler_dt1,hbv,success,,26.83,0.525,-1.7100082754305197,0.5000000243481957,0.0989038766889386,5.3570199392461625e-05,436.7900536094069,4.002951974452195,0.7916736313012056,0.6451429498563452,0.1175090537510456,3.5214507537572928,0.9932156791438476,0.0321071182716566,1.8171400645217104,0.0,0.0,323.99768262499504,0.0,13.62174009650301,cal_final_2008-09-30
06889200,hbv_lite_cma,evaluation,0.556554,0.548878,0.267347,-0.175108,19.009178,13,explicit_euler_dt1,hbv,success,,28.35,0.3101,-1.2102876962023896,0.5182054712641918,0.0587200831444484,0.0864080438762089,114.1347052248164,5.999942461347263,0.999995048393715,0.5402670620580661,0.2539402634616504,6.912568729183807,3.562953854400964,0.0002584447176412,1.563351305944184,0.0,0.0,83.11518863126427,0.0,1269.216008033611,cal_final_2008-09-30
06889500,hbv_lite_cma,evaluation,0.668772,0.629769,0.181063,-0.173728,10.501879,13,explicit_euler_dt1,hbv,success,,27.95,0.4736,-1.266217190815904,0.5162989406831779,0.0852880998095558,0.1999864138183366,178.57786561511014,5.999687298645418,0.9990258910356916,0.5303624116923995,0.2885282457665332,6.211497139021087,2.494531766405059,0.0002114086217254,1.0475151851105644,0.0,0.0,144.54120394485224,0.0,1235.3418857094284,cal_final_2008-09-30
06892000,hbv_lite_cma,evaluation,0.694617,0.671423,0.043524,-0.193801,16.823919,13,explicit_euler_dt1,hbv,success,,34.89,0.6943,0.1399893662581064,0.5422057432743606,0.0375427055827042,6.597868977332286e-11,242.0074250689402,5.999999996226633,0.9999999999922446,0.2754393483438014,0.4999999998699522,113.32378461896216,2.121505465961925,0.0001035884068087,3.757501988394988,0.0,0.0,211.394177429315,0.0,1500.4894843999675,cal_final_2008-09-30
06903400,hbv_lite_cma,evaluation,0.476161,0.515188,0.072206,-0.135892,15.193098,13,explicit_euler_dt1,hbv,success,,36.27,0.6583,-1.559996931277754,7.366129030792953,6.818354781152267e-08,0.0973342609656843,210.5945623810676,5.999999705349453,0.2000000396564731,0.6321009822227083,0.0100259684976577,61.11584978888573,29.99997683400085,0.4852922563319542,2.4819341261550774,0.0,0.0,180.85968178553824,0.0,0.7963729731152109,cal_final_2008-09-30
06906800,hbv_lite_cma,evaluation,0.661074,0.661435,0.010546,-0.17452,7.011785,13,explicit_euler_dt1,hbv,success,,27.85,0.6435,-2.097189867319299,14.839169600236596,0.0175215538994378,0.0990600841839607,191.92591249125184,3.789825041214024,0.2053648534133518,0.5471113334323933,0.224473428326731,6.474637371504521,0.7987815904064095,0.0001139876780698,1.4314225329377286,0.0,0.0,148.09659933578746,0.0,952.9433390196068,cal_final_2008-09-30
06910800,hbv_lite_cma,evaluation,0.59643,0.597006,0.228935,-0.079386,104.364885,13,explicit_euler_dt1,hbv,success,,27.95,0.6064,1.1699003185206005,0.5000050071384601,0.0175209370250364,0.0028130282856011,276.16400183714944,5.9996731853877865,0.9999999871372725,0.739173311322213,0.1642672524339728,7.874959772323351,1.3233659887171996,0.0001540489867898,1.7458815174234432,0.0,0.0,236.91576331665053,0.0,1214.884827827258,cal_final_2008-09-30
06911900,hbv_lite_cma,evaluation,0.594928,0.638076,0.054701,-0.086171,46.285557,13,explicit_euler_dt1,hbv,success,,27.9,0.5494,-2.4299174494169686,14.998265088364372,0.0145075692505094,0.1998542898338754,224.28159156116564,5.9999940394934725,0.2775546961281036,0.7075501579796939,0.4147099412844078,5.135695668962511,0.2559376759581031,0.0189578605458363,1.117911175413523,0.0,0.0,173.38967785744563,0.0,6.15082042453117,cal_final_2008-09-30
06917000,hbv_lite_cma,evaluation,0.621229,0.598612,-0.077256,-0.212336,55.569188,13,explicit_euler_dt1,hbv,success,,35.45,0.7065,-2.2101091525414422,1.1037246418277975,0.0788238296718952,0.0004827184054154,256.49980536791963,5.999999818408965,0.8500945682316963,0.4267585660453946,0.4999999924924544,104.70706291814784,1.2376373362598854,0.0001104481343584,2.036759612867622,0.0,0.0,203.7246718117092,0.0,1050.2621672975797,cal_final_2008-09-30
06918460,hbv_lite_cma,evaluation,0.586843,0.576037,0.035253,-0.114514,0.199454,13,explicit_euler_dt1,hbv,success,,35.04,0.5326,-2.110008219157356,7.708363302584992,0.0945583096157045,0.1636682491884795,665.0105559215708,5.999716053762705,0.7668249446467761,0.9899973473594558,0.3946990822975776,48.18054587007735,6.361997408283591,0.1062220475189326,2.841916315977681,0.0,0.0,525.8774181905342,0.0,3.233116713235332,cal_final_2008-09-30
06919500,hbv_lite_cma,evaluation,0.754926,0.775789,0.152106,-0.037631,33.197136,13,explicit_euler_dt1,hbv,success,,38.15,0.7228,-0.419993124314769,14.998629291994728,0.0410606507428748,0.028800747746457,227.2580830639,5.999849717509502,0.2000290971719739,0.6038869852483993,0.4999599902071392,106.4449347703624,1.6217508376016336,0.0002140676334412,3.001951941279013,0.0,0.0,164.25661395052532,0.0,899.7755971904242,cal_final_2008-09-30
06921070,hbv_lite_cma,evaluation,0.708364,0.738395,0.004425,-0.126297,-0.059956,13,explicit_euler_dt1,hbv,success,,27.79,0.643,-2.1032767921840225,2.433806141156186,0.0206566033057015,0.1982931235172778,341.6523308678416,5.999568847579309,0.2000872895980371,0.6768474947086582,0.1939493137834723,11.733846215026276,0.0296936654795288,0.4079082709967501,1.0008692053609107,0.0,0.0,273.39871985727376,0.3793617549391853,0.0431012840555304,cal_final_2008-09-30
06921200,hbv_lite_cma,evaluation,0.646643,0.719114,0.037254,-0.103168,20.831353,13,explicit_euler_dt1,hbv,success,,27.45,0.6839,-1.879818647994837,10.496713625587972,0.0500461700536942,0.009703442000244,246.89134424318613,5.999935373218258,0.2000002331936583,0.9221012357866928,0.1853132391175448,12.86682123613501,0.7393354091013734,0.0002485484323964,1.2342653915158364,0.0,0.0,198.4580955741484,0.0,682.9337775531659,cal_final_2008-09-30
07057500,hbv_lite_cma,evaluation,0.517305,0.471566,-0.126063,-0.231139,0.115808,13,explicit_euler_dt1,hbv,success,,30.61,0.7629,-1.5119583332669342,9.700506557421855,0.0554824217311046,0.158975399157743,344.96070144210603,1.4332220279660743,0.2044471180974953,0.7298966929445504,0.1122028368960443,33.23490864738229,1.64222435162872,0.0070761266546741,2.89905686511084,0.0,0.0,131.86976362254302,0.0,119.09672043355852,cal_final_2008-09-30
07060710,hbv_lite_cma,evaluation,0.497867,0.561816,0.221734,-0.157828,5.904543,13,explicit_euler_dt1,hbv,success,,27.51,0.662,2.4999729386173843,0.5141612921662134,0.0055452630709178,0.032076061116602,288.2600864711817,5.12036843671739,0.2000110672067076,0.9899999389434532,0.1463155051978658,27.613878998309826,2.395155240621724,0.00017317209545,1.0021655792375417,0.0,0.0,228.8648126347516,0.0,1767.7890996035576,cal_final_2008-09-30
07066000,hbv_lite_cma,evaluation,0.559417,0.574194,0.082303,-0.095841,0.538042,13,explicit_euler_dt1,hbv,success,,35.23,0.7183,-1.009954881151217,7.7091246491440275,0.0986806291346547,0.0684655390855658,646.7248905503595,3.4973922948959406,0.9999489069098916,0.5147890438801608,0.1015381190887285,24.425236863724034,1.006027760360658,0.0003706370667477,2.944367896956802,0.0,0.0,507.6211518037709,0.0,1326.02911157867,cal_final_2008-09-30
07083000,hbv_lite_cma,evaluation,0.756401,0.708513,-0.235345,-0.182582,-0.995205,13,explicit_euler_dt1,hbv,success,,36.76,0.8478,2.4199999655180635,6.2701054354067365,0.0058744773719738,4.1110537054135547e-11,371.64333827970745,1.0000000032383514,0.9999999987270878,0.6580762501802253,0.0302049011164811,194.7713804898917,2.890442994564322,0.0905340288760868,1.5532020727765323,0.0,0.0,134.21974613593008,0.0,3.651458338135572,cal_final_2008-09-30
07142300,hbv_lite_cma,evaluation,0.178477,0.053735,-0.414124,-0.419118,5.312079,13,explicit_euler_dt1,hbv,success,,70.55,0.4547,-2.4600000260133,0.5000000013540831,0.0516573811771735,8.526191802812646e-08,1191.7613944565178,4.737336390218211,0.4314693744075688,0.3773836007373669,0.4381032598594567,11.40934409069006,11.69199711593303,0.274878813011065,6.106965533573051,0.0,0.0,314.5798919759404,0.0,0.0001573727167816,cal_final_2008-09-30
07145700,hbv_lite_cma,evaluation,0.542806,0.658644,0.187169,-0.10909,18.791878,13,explicit_euler_dt1,hbv,success,,28.11,0.7012,-1.8120429711768435,0.811812618983585,0.0020257539236331,0.0299762462780971,135.45098805573048,3.412337585624438,0.9998117250614436,0.4697097529273638,0.2807045663197214,5.36029971272816,2.192705119428793,0.0001001614748597,1.841590556749156,0.0,0.0,92.15833944063164,0.0,1601.382128397853,cal_final_2008-09-30
07167500,hbv_lite_cma,evaluation,0.418165,0.331796,0.399842,-0.051266,57.10701,13,explicit_euler_dt1,hbv,success,,27.96,0.6333,-1.9600081769721336,3.098997997388881,0.0193941130118575,0.0134447473940897,223.4971975131663,5.999999857363029,0.9999994704822652,0.8507051939192327,0.2013369413268547,8.951903779805873,0.9416180335857666,0.022351083867395,1.2756260145174303,0.0,0.0,177.5525337089015,0.0,21.60233130918176,cal_final_2008-09-30
07180500,hbv_lite_cma,evaluation,0.558136,0.653671,0.103803,-0.180324,8.906684,13,explicit_euler_dt1,hbv,success,,27.8,0.5971,-2.200095723342381,10.242177880511449,0.089801584258983,0.1795166386121422,319.73945477827965,5.999996999393749,0.9999999957870576,0.989999609655458,0.1213509991930391,8.510586269460003,0.8112512836861021,0.0004531712052166,1.130752808230936,0.0,0.0,273.4656586635255,0.0,563.7622004840708,cal_final_2008-09-30
07184000,hbv_lite_cma,evaluation,0.549716,0.492846,0.163391,-0.129681,87.168931,13,explicit_euler_dt1,hbv,success,,35.15,0.5275,-0.9001475761912434,12.102762542544266,0.0286202576936117,0.1442721568166426,164.77002382334626,5.999999792549389,0.2000221257561513,0.9898989095057892,0.4999966711815874,50.00698019677745,1.0443445136900913,0.0093131435187645,2.965225761611758,0.0,0.0,113.76618203143497,0.0,36.76126276421779,cal_final_2008-09-30
07195800,hbv_lite_cma,evaluation,0.476364,0.5087,-0.017809,-0.090114,-0.297085,13,explicit_euler_dt1,hbv,success,,27.86,0.5715,-2.2500192619521906,11.75716300444003,0.0663041735594807,0.1372132313235512,534.0759212184789,2.9934196348508872,0.2000011334781621,0.9899999802481056,0.2185423965959345,15.992015572912798,7.0778900372743765,0.1357808900633473,1.48455892819652,0.0,0.0,370.7640943581349,0.0,3.1047816609119767,cal_final_2008-09-30
07196900,hbv_lite_cma,evaluation,0.476912,0.510162,0.158366,-0.201857,15.786542,13,explicit_euler_dt1,hbv,success,,27.82,0.7166,1.4856371691796806,14.935689080866606,0.0964750677965537,0.1302891426845347,368.8840626306111,3.5002619477607446,0.9999985468448992,0.9899976639010196,0.0766900197553534,32.62576719786763,1.6014758533775872,0.0001597966627984,1.0490845651545362,0.0,0.0,294.45460449467254,0.0,2512.949345569086,cal_final_2008-09-30
07197000,hbv_lite_cma,evaluation,0.685384,0.717893,0.067272,-0.171323,2.556951,13,explicit_euler_dt1,hbv,success,,27.94,0.7681,-2.3245968102773653,0.6664708688918408,0.0423916597166971,0.118456930889125,384.24652964808473,2.557762744559888,0.999999948696504,0.5955612839200581,0.058657755990404,38.53907832797535,1.5390446326419185,0.0001000004197254,1.1768702325580702,0.0,0.0,292.3819944002518,0.1761448120626881,2995.7984791635567,cal_final_2008-09-30
07208500,hbv_lite_cma,evaluation,0.468194,0.47602,-0.137996,-0.304597,0.193871,13,explicit_euler_dt1,hbv,success,,122.29,0.762,-0.0299982441533042,14.99998691665602,0.0368653907582217,0.1999999749151542,971.7687700566396,4.17100753918163,0.8320964795470964,0.1734005607906847,0.4999773430840573,98.0076969693026,10.375302260764393,0.0552711496301678,14.850567151078264,0.0,0.0,453.2583194317392,0.0,0.9349595294591708,cal_final_2008-09-30
07261000,hbv_lite_cma,evaluation,0.52859,0.644343,-0.015174,-0.217628,50.414284,13,explicit_euler_dt1,hbv,success,,28.04,0.766,-0.7898921648352659,14.02272614561577,0.0063155892054639,0.1988924460105043,233.06074960967968,5.999999302562308,0.2000001466550825,0.52986057820461,0.2014414718565201,35.51685896876563,1.1558534426557026,0.0124645747081986,1.0064744077507664,0.0,0.0,176.08848709722938,0.0,52.52765935308975,cal_final_2008-09-30
07263295,hbv_lite_cma,evaluation,0.65716,0.688895,0.264508,-0.009726,293.784494,13,explicit_euler_dt1,hbv,success,,27.78,0.7121,-1.8899997490407965,1.3543837723229308,0.0998855972703993,3.267008049436914e-07,234.8675385637197,5.999999994511953,0.2000000003937858,0.989999999956795,0.3034215900521238,10.108614768623507,2.423666390645921,0.0265695885704513,1.5440319406005767,0.0,0.0,181.46752413563587,0.0,27.031276672520104,cal_final_2008-09-30
07291000,hbv_lite_cma,evaluation,0.61579,0.672401,0.098591,-0.141837,2.054999,13,explicit_euler_dt1,hbv,success,,25.56,0.635,-0.7439973583318518,6.3501704509286725,0.0003917386784178,0.1641127435297439,380.3062422454703,5.999999997949624,0.2000000000753005,0.9899999999968456,0.2390456340496461,17.310500396637387,3.4808638223461763,0.0002971884248789,1.0154862353696266,0.0,0.0,308.6267074639814,0.0,1814.896000368132,cal_final_2008-09-30
07299670,hbv_lite_cma,evaluation,0.506255,0.410309,0.535081,-0.079766,2.969668,13,explicit_euler_dt1,hbv,success,,31.75,0.3432,-0.5825179883708205,2.1828653460622576,0.0245223347937485,0.0406808047428443,191.84536977574564,3.460651696158169,0.9791437838137244,0.984631863808739,0.427696499544361,31.82591674250093,14.550822754605106,0.000103298592119,2.184533507701423,0.0,0.0,132.99968731343634,0.0,924.2923126279876,cal_final_2008-09-30
07301410,hbv_lite_cma,evaluation,0.394487,0.307407,-0.391749,-0.415461,1.785917,13,explicit_euler_dt1,hbv,success,,29.15,0.116,-2.379998458311092,14.999983709087154,0.0544141045934253,2.19961198645728e-07,2138.8161439238047,2.0627144682326746,0.2000000035320742,0.556899836839191,0.1260711876116421,163.94176040969134,16.921453331183333,0.139800666863907,1.6219542068551158,0.0,0.0,302.30097944577744,0.0,0.0775007178416041,cal_final_2008-09-30
07315200,hbv_lite_cma,evaluation,0.403464,0.335663,-0.074645,-0.259176,341.530731,13,explicit_euler_dt1,hbv,success,,31.42,0.4833,-2.493485758830929,11.54493081040305,0.0642222206223772,0.00119181974652,431.2131804707488,3.5787214434305703,0.2427485795572417,0.5523885980947383,0.1367034737019833,192.6604880682885,29.99893659362553,0.4999999999999845,2.62024590962319,0.0,0.0,91.4498038735397,0.0,1.6657921932610303e-06,cal_final_2008-09-30
07315700,hbv_lite_cma,evaluation,0.506058,0.396841,0.059964,-0.38657,141.990471,13,explicit_euler_dt1,hbv,success,,51.6,0.6973,-2.354850195202748,10.753956828221884,0.0462650873130214,0.0960783857590749,517.1883358941136,2.481130390044443,0.99926449940614,0.4338466290584645,0.0487867692343245,9.195099792014362,1.9735957812732403,0.0001000503332733,4.986525721059188,0.0,0.0,295.063821018085,0.0,1647.5360551659833,cal_final_2008-09-30
07335700,hbv_lite_cma,evaluation,0.548798,0.55962,-0.130044,-0.258443,2.912865,13,explicit_euler_dt1,hbv,success,,27.68,0.6352,-2.467329151961676,2.562015591954148,0.0459692858334278,0.1998111953111364,327.5905871974962,5.999998949388134,0.2000000001751916,0.989999987789558,0.3538120065335231,17.388210656424985,2.38447503474857,0.193338807373866,1.1142887583513528,0.0,0.0,269.2755967967939,0.0,0.5747562245036679,cal_final_2008-09-30
07340300,hbv_lite_cma,evaluation,0.587086,0.630096,-0.009746,-0.197257,1.305407,13,explicit_euler_dt1,hbv,success,,27.68,0.7336,-2.3560374612292523,0.5024068833568393,0.089166840203522,5.714071683357122e-05,274.9890496382088,1.0754063971057897,0.5115185390827597,0.7696230149161221,0.1239559713969133,20.373810020953687,1.0837113617329883,0.0001000367181521,1.0109436910679328,0.0,0.0,167.633439497926,0.0,2209.655071712544,cal_final_2008-09-30
07346045,hbv_lite_cma,evaluation,0.753102,0.770634,-0.027364,-0.152352,10.527903,13,explicit_euler_dt1,hbv,success,,77.29,0.8396,0.7300087296000886,14.999735150877976,0.0809186135893013,0.020869388083053,339.6412959028055,1.7433929712226282,0.2000003582333728,0.2459401486498286,0.0656415249332079,42.5429074135455,0.9846874602285872,0.000100000005553,6.432496935093657,0.0,0.0,119.42252373424556,0.0,1551.0161583916367,cal_final_2008-09-30
07359610,hbv_lite_cma,evaluation,0.538005,0.534096,0.154092,-0.062557,1.296939,13,explicit_euler_dt1,hbv,success,,28.27,0.6726,-2.4100002385238004,8.318757316906959,0.0095009037497581,0.0175366316562364,288.6071117663273,5.4926888676761285,0.999999995086333,0.6372962319769431,0.2426967504498332,17.3622341221346,1.9115473824650464,0.0135045970079246,1.1967591691117443,0.0,0.0,240.41229587957085,0.0,76.02283128341155,cal_final_2008-09-30
07362100,hbv_lite_cma,evaluation,0.607029,0.578493,0.219424,-0.008932,2.70402,13,explicit_euler_dt1,hbv,success,,49.93,0.6372,-0.9808719737708438,12.300472776046783,0.0523451463544596,0.0364169480261781,452.8828900724484,2.574094208038416,0.2058526158357413,0.9899999863554392,0.3104862038145488,58.39734131651161,1.070529883337801,0.1264860333601318,4.079085725478315,0.0,0.0,257.33527874133665,0.0,1.0902832288187243,cal_final_2008-09-30
07362587,hbv_lite_cma,evaluation,0.548821,0.543092,0.14836,-0.190702,115.608007,13,explicit_euler_dt1,hbv,success,,27.88,0.5886,0.179780815794972,0.5242672385301705,0.083957797582966,0.1110188355148177,144.33659461958644,5.99999958016525,0.2451048874849148,0.989999989410033,0.499999999625575,2.0799033414192005e-05,5.806035385288599,0.0193206688933608,1.265742713611872,0.0,0.0,94.11385577572518,0.0,43.56663010670801,cal_final_2008-09-30
07375000,hbv_lite_cma,evaluation,0.639359,0.545141,0.008477,-0.209157,1.082364,13,explicit_euler_dt1,hbv,success,,38.28,0.5948,0.1999818181503299,0.5000009716787844,0.0074281620739728,0.1965339782085225,414.5184720346798,5.999988533857338,0.2000009595193483,0.5427909784433833,0.2162563620682948,35.379389575071166,3.233687735990697,0.0004104634974866,2.737968488924394,0.0,0.0,353.94803073611763,0.0,1864.707173457482,cal_final_2008-09-30
08013000,hbv_lite_cma,evaluation,0.702807,0.658574,-0.074473,-0.269339,6.072964,13,explicit_euler_dt1,hbv,success,,67.9,0.7508,1.5601758107693158,1.714803200864772,0.0092957181329384,0.0723278653966539,218.87633114129247,5.999998081966589,0.2000017414654242,0.2688369607172192,0.1640427929476101,40.3279827293739,1.774416980333229,0.0002283168532222,6.128688624999144,0.0,0.0,148.80777474524095,0.0,1586.7847297648634,cal_final_2008-09-30
08014500,hbv_lite_cma,evaluation,0.709685,0.721075,0.071339,-0.121988,1.406175,13,explicit_euler_dt1,hbv,success,,59.55,0.6827,0.8011920578282341,4.651615412191036,0.0035765501186229,0.1999961401658826,330.54377738491354,2.657086586724144,0.3375491867196047,0.989999987020026,0.2742951244117007,86.98452560214332,3.0969061055338005,0.0002935972648488,5.987789044617353,0.0,0.0,171.32724857970743,0.0,2193.4334665528504,cal_final_2008-09-30
08023080,hbv_lite_cma,evaluation,0.616278,0.694512,0.116603,-0.072601,142.300711,13,explicit_euler_dt1,hbv,success,,32.7,0.6728,-0.480715244780125,4.818002949520023,0.0736611420216369,0.1320900599767008,351.08995048413,5.999999999987825,0.3322633145722207,0.4951315985699115,0.478647541388666,199.364504646286,1.0047725895592905,0.0001000000000362,2.532767852247032,0.0,0.0,89.42903029003494,0.0,818.9429186874308,cal_final_2008-09-30
08050800,hbv_lite_cma,evaluation,0.304628,0.173929,-0.383562,-0.66283,,13,explicit_euler_dt1,hbv,success,,27.69,0.5196,-0.2892486542641905,9.78308667168518,0.088790664976856,0.1976881423382335,199.6799673973408,5.999999992477352,0.2000000008076851,0.9325861298640415,0.3230209371541367,29.058274695343805,9.002555534870584,0.0001000000011068,1.1313753483847775,0.0,0.0,64.39095734829658,0.0,1601.1545447598887,cal_final_2008-09-30
08066200,hbv_lite_cma,evaluation,0.567082,0.506428,0.067365,-0.217963,21.241273,13,explicit_euler_dt1,hbv,success,,27.73,0.6453,-1.7885643045750084,1.3929818319620564,0.0351560877546318,0.099849215640269,359.8201947662665,1.0394606661274142,0.2910261616783695,0.8716712757928851,0.1676878897382747,17.49243227041059,2.157279276957341,0.0001000000001057,1.0688304236504105,0.0,0.0,173.39233556360338,0.0,2355.890104056208,cal_final_2008-09-30
08066300,hbv_lite_cma,evaluation,0.514723,0.549677,0.165298,-0.252263,4.584141,13,explicit_euler_dt1,hbv,success,,53.18,0.6788,-0.6694422555148647,0.898159944450158,0.0916033424429439,0.0914303391349671,523.8978759232856,3.255908164511901,0.6961262676334008,0.7468075016546838,0.4999999999818848,131.8023136865815,6.029417984293025,0.0002418419554072,5.525901498526341,0.0,0.0,397.94507533018543,0.0,2328.995397993681,cal_final_2008-09-30
08070000,hbv_lite_cma,evaluation,0.507278,0.455008,0.052154,-0.148074,3.338182,13,explicit_euler_dt1,hbv,success,,52.08,0.6149,-1.510895073018965,6.590022008374928,0.0027966208801422,0.0143652445113127,821.2835993067475,5.999999999805601,0.9159211339847037,0.0842280788490837,0.3809331455791082,198.7646542584291,2.089993748928804,0.0001000000000059,5.545829961650201,0.0,0.0,677.4831824188861,0.0,1875.813449761819,cal_final_2008-09-30
08070200,hbv_lite_cma,evaluation,0.40606,0.365982,0.262021,0.010611,0.187254,13,explicit_euler_dt1,hbv,success,,60.43,0.601,-1.0032182938009155,5.506536173132101,0.0776750560131893,0.1863615853537486,994.100297395228,5.999999999990525,0.6910509947895327,0.0510531482029761,0.211198743317314,179.77364655148838,12.482153380978795,0.2946195227868419,5.291849873769877,0.0,0.0,749.493302120005,0.0,0.0508842355416935,cal_final_2008-09-30
08082700,hbv_lite_cma,evaluation,0.185291,-1.663099,2.535961,0.216601,,13,explicit_euler_dt1,hbv,success,,31.61,0.6023,1.4934782317190365,12.615644800708957,0.0525026096737558,0.0748746830301409,117.58441931400591,2.164113099022223,0.8029088524397638,0.5855005262405362,0.0484267461767527,34.77605053542055,2.5790216662958456,0.0001000000004314,2.9612486914936933,0.0,0.0,49.38223673366906,0.0,1261.9045580360005,cal_final_2008-09-30
08086212,hbv_lite_cma,evaluation,0.549761,-0.157176,1.029783,-0.231703,124411.67374,13,explicit_euler_dt1,hbv,success,,27.97,0.7003,0.7330244479995147,8.094407144364734,0.0999998582374481,0.1576886889279732,484.0464388435264,2.985047532080338,0.9999999946018006,0.987866178999163,0.4999999958421433,97.71478487567836,5.89966502076815,0.0001000000060596,1.4810133916302397,0.0,0.0,241.8659700572205,0.0,1288.003020627552,cal_final_2008-09-30
08086290,hbv_lite_cma,evaluation,0.499148,0.353466,0.453052,-0.3131,11648.920717,13,explicit_euler_dt1,hbv,success,,27.95,0.7085,1.4605420323937608,2.011033967342084,0.0843251929847141,0.1729594715916689,515.0924532367209,4.184363266764306,0.8535195833135976,0.8367816805977016,0.0273950729576026,0.0003754419331368,4.026270599146582,0.0001000109398387,1.1836647099326745,0.0,0.0,238.4612827382164,0.0,842.5867941124803,cal_final_2008-09-30
08101000,hbv_lite_cma,evaluation,0.61448,0.598825,0.150843,0.006939,9.82917,13,explicit_euler_dt1,hbv,success,,24.85,0.5472,-2.0371184473156188,14.999284370236994,0.0383046378807895,0.125857825501286,378.5472712910683,3.068750238616763,0.3195680457783947,0.4491859444381706,0.4029151002337752,8.925229665450875,2.0467371655645383,0.2780552650551656,1.9081246367646565,0.0,0.0,41.58757151332886,0.0,9.116958268408144e-05,cal_final_2008-09-30
08103900,hbv_lite_cma,evaluation,0.481702,0.643299,0.253162,-0.100492,,13,explicit_euler_dt1,hbv,success,,27.67,0.5166,2.047149276367371,1.9463711523975609,0.0013419438869143,0.1092736701557811,306.11082683142314,5.221403519701529,0.37365536751304,0.989999471565498,0.1719831767270696,16.017678518410875,1.453930846716604,0.0009949686798139,1.0211591325051452,0.0,0.0,27.53130992533645,0.0,172.17349477440348,cal_final_2008-09-30
08104900,hbv_lite_cma,evaluation,0.648526,0.528259,0.353025,-0.298049,134.360193,13,explicit_euler_dt1,hbv,success,,26.38,0.4491,-1.1448889365706545,0.5032009248991385,0.0167664902154066,0.0240817830476624,452.54621712762975,1.000001268614499,0.9999994985088644,0.9899999874713552,0.022095682362195,26.408276752639487,2.181476920644882,0.0001000009527182,1.3923896732147472,0.0,0.0,112.50811472835912,0.0,2670.254954162165,cal_final_2008-09-30
08109700,hbv_lite_cma,evaluation,0.59953,0.063318,0.917158,0.21282,522.281306,13,explicit_euler_dt1,hbv,success,,47.56,0.713,2.4959044377995987,13.88598016167806,0.0785384334649246,0.0892497513269352,393.83941604586926,3.0576160032684365,0.9999920760894438,0.5897614260682732,0.1378480333153588,27.450231987455552,2.709186066458006,0.0001000063515054,4.877388589961377,0.0,0.0,121.14256829041462,0.0,2064.0398929878147,cal_final_2008-09-30
08150800,hbv_lite_cma,evaluation,0.265377,-0.4633,1.287686,-0.135407,121.314458,13,explicit_euler_dt1,hbv,success,,26.17,0.4439,-1.2949686234462805,0.6988687501552892,0.0044063066772206,0.167142056050238,2499.999999890448,1.021193673641445,0.366744879956486,0.1272598806738175,0.4999999999873525,83.91400808586565,5.185571418225258,0.0001000000000013,1.297605315253739,0.0,0.0,418.35930765261617,0.0,1318.7688692145375,cal_final_2008-09-30
08158700,hbv_lite_cma,evaluation,0.713521,0.588163,0.334429,-0.076441,41.683835,13,explicit_euler_dt1,hbv,success,,25.01,0.6094,0.5671517710608232,0.5016411211310993,0.0352078753788594,4.834130361420904e-05,675.809388237868,2.204101230159271,0.6233556470046527,0.7003730256145955,0.1530598583091983,8.14660710881398,3.162224734168265,0.0561983716777879,1.965314979958748,0.0,0.0,160.2147313700018,0.0,0.5809072033075785,cal_final_2008-09-30
08158810,hbv_lite_cma,evaluation,0.620155,0.242761,0.737227,0.240559,485.429798,13,explicit_euler_dt1,hbv,success,,28.05,0.632,1.4605838598337546,2.714276951556428,0.0395076276221967,0.1291358337334654,321.1809393034597,2.607481670248232,0.861222395596891,0.989999976295118,0.4709444886053496,11.413927738796732,7.729863573310821,0.0492850552949346,1.6090474299715771,0.0,0.0,79.8236414576815,0.0,0.5002201427324251,cal_final_2008-09-30
08164300,hbv_lite_cma,evaluation,0.470843,0.432668,0.316303,0.178253,1.061143,13,explicit_euler_dt1,hbv,success,,35.08,0.5391,0.4395572091432425,2.8516603044627744,0.0426611461890879,0.1692023122150325,494.5327733395851,5.999999581139216,0.7144705662195583,0.9899893043059844,0.0100035812347254,11.61677169175106,29.51796597343404,0.4999999758560697,2.4164412519754714,0.0,0.0,119.62074895639222,0.0,1.9076195553234826e-08,cal_final_2008-09-30
08164600,hbv_lite_cma,evaluation,0.692409,0.639144,0.17907,-0.178813,298.617391,13,explicit_euler_dt1,hbv,success,,27.94,0.6478,2.1888543888468384,5.889764250395019,0.0332821080694984,0.1097225484465439,120.09258785003398,5.632794017902081,0.3308586392774155,0.6631434201796271,0.4906577647098501,160.20012069132764,5.569813718954504,0.0001692259749392,1.0602570380876126,0.0,0.0,10.488445077351765,0.0,1491.8648113620711,cal_final_2008-09-30
08165300,hbv_lite_cma,evaluation,0.155706,0.166367,-0.250448,-0.172766,-0.311542,13,explicit_euler_dt1,hbv,success,,21.5,0.0639,-1.999193589139156,13.021344271956876,0.0900656737642034,0.0209315516309027,2499.999999999586,1.5142835168711613,0.2000000000005312,0.8235280913465463,0.0424484077196351,177.37312175621608,13.83375766807119,0.4999999999998762,1.2277876677886432,0.0,0.0,228.50462561283712,0.0,9.055773515951402e-06,cal_final_2008-09-30
08171300,hbv_lite_cma,evaluation,0.69193,0.587338,0.352588,-0.106487,28.812578,13,explicit_euler_dt1,hbv,success,,27.86,0.7026,2.284628752159864,2.4313516879038524,0.0691222219570168,0.1969734384806672,423.123310232701,1.9728555665409988,0.9999997458136572,0.6658772822892689,0.0689758151504092,38.73445308794944,1.902031882087443,0.0001072112178483,1.7789887926131345,0.0,0.0,151.4739424737279,0.0,1880.6611616204063,cal_final_2008-09-30
08175000,hbv_lite_cma,evaluation,0.456803,0.339342,0.428143,-0.224662,54.570201,13,explicit_euler_dt1,hbv,success,,48.48,0.5809,-2.172655649854105,12.134200126616632,0.0199272012624132,0.001675368496039,143.85363342430418,1.3689253664003884,0.2044057014179247,0.7316471369965999,0.3455055006156137,49.51141314631205,6.131472069984267,0.0001001145901787,4.0127201797871,0.0,0.0,1.5736556767474186,0.0,1792.8022808592073,cal_final_2008-09-30
08176900,hbv_lite_cma,evaluation,0.388864,0.090603,0.751292,0.022192,158.075383,13,explicit_euler_dt1,hbv,success,,29.21,0.6215,0.1977237266152851,3.49649004264207,0.0680335775905321,0.0432040509121546,256.91782681324685,4.332499831365077,0.9999960373708836,0.9899998022160732,0.1388137204755711,31.74156173515952,3.3006718867627343,0.0001000015550689,1.8550886803311133,0.0,0.0,104.70603916272589,0.0,1744.3039673214807,cal_final_2008-09-30
08178880,hbv_lite_cma,evaluation,-0.163472,-0.137085,0.99417,0.505123,5.24633,13,explicit_euler_dt1,hbv,success,,45.26,0.293,2.465387409843646,0.5006439740483775,0.0695120373070525,0.1595402606717412,50.16411138123787,4.497500419058806,0.2229256966312005,0.8173796452402349,0.0530212440876708,38.7039790449639,1.8507544606164568,0.0023094214788576,4.107066471188263,0.0,0.0,0.0146282553475524,0.0,130.8493859917907,cal_final_2008-09-30
08189500,hbv_lite_cma,evaluation,0.696097,0.331496,0.638783,0.016536,43.920171,13,explicit_euler_dt1,hbv,success,,36.71,0.705,2.4956017697325263,14.975423896030652,0.0623531198805654,0.1014798917863776,192.2238085637523,1.578553626161619,0.2000000912364717,0.5209555883261149,0.2576965371366831,24.882179129147563,3.3993373316337614,0.0001000001113604,2.538374317100818,0.0,0.0,6.933883784584023,0.0,1350.1072292640629,cal_final_2008-09-30
08190000,hbv_lite_cma,evaluation,0.477104,0.333382,0.40472,-0.144606,4.692595,13,explicit_euler_dt1,hbv,success,,28.31,0.6273,-0.266956129767486,11.563353535536104,0.0842269163317583,0.1030937521927104,2020.0031364395725,1.000000032272235,0.6768525478873684,0.9899999919202974,0.0427906368246975,28.06670365017284,1.2666925837803185,0.0001333303675721,1.0574691038033075,0.0,0.0,539.7300028497601,0.0,1374.844788883845,cal_final_2008-09-30
08190500,hbv_lite_cma,evaluation,0.073911,-0.106311,-0.271323,-0.636741,59.766903,13,explicit_euler_dt1,hbv,success,,28.27,0.195,1.6099233196940237,4.237532158005712,0.0133242058462823,0.0573796820343519,2498.4853418968046,1.854489990942498,0.2001298181723573,0.4456631960359032,0.1778186939109182,44.671333810675605,16.013395602610746,0.4999337052163877,1.0092429209111458,0.0,0.0,224.753386687353,0.0,3.21229120045465e-06,cal_final_2008-09-30
08194200,hbv_lite_cma,evaluation,-0.503413,-1.193764,2.089333,1.16412,,13,explicit_euler_dt1,hbv,success,,31.51,0.2398,2.473853097672592,8.139246484391219,0.0702697657449917,0.1675309441736925,235.59125559023536,1.5051526244920468,0.2000000052399537,0.9899908230738428,0.0100000548091549,3.310429059102351,9.65344223138204,0.4997850631494894,2.894874065851136,0.0,0.0,81.20617737302456,0.0,0.0349607733178105,cal_final_2008-09-30
08195000,hbv_lite_cma,evaluation,0.393359,0.380682,0.240886,-0.045872,1.219472,13,explicit_euler_dt1,hbv,success,,28.53,0.2245,1.647859430059226,0.7467421480055046,0.0739987806552285,0.0059850848167472,2499.9493767068025,1.0000201745036632,0.3572906078649888,0.6988640603167824,0.0100277771900449,3.106428186071573,1.9445478149399456,0.0477720243548422,1.8099529259333027,0.0,0.0,381.7806694638695,0.0,3.6671292672191145,cal_final_2008-09-30
08196000,hbv_lite_cma,evaluation,0.305345,0.2903,0.213258,-0.185829,4.154325,13,explicit_euler_dt1,hbv,success,,27.96,0.1365,-0.8458016570166689,4.340166054378603,0.0668944031188429,0.0347797005698597,2499.9998482150363,1.4260674469670596,0.510566196332991,0.9899999995404082,0.1057813286337756,6.754696218150645,0.3071160540695689,0.0233427082795438,1.2875503294001165,0.0,0.0,604.6394838297232,0.0,6.281836129855247,cal_final_2008-09-30
08198500,hbv_lite_cma,evaluation,0.218133,-0.426724,1.267955,0.052768,77.482466,13,explicit_euler_dt1,hbv,success,,32.27,0.0687,0.7446967896295957,14.758822489188432,0.0013442130543654,0.1781079823430283,2211.250213492709,1.0307911613707543,0.4183949023390861,0.983134834986894,0.3625604390272673,7.369325160950739,0.6814202895779259,0.0001127810242147,6.870477084569727,0.0,0.0,416.8297386008384,0.0,600.6906536299488,cal_final_2008-09-30
08200000,hbv_lite_cma,evaluation,0.01098,0.293747,0.439575,0.227217,8.136987,13,explicit_euler_dt1,hbv,success,,48.31,0.1798,-1.764595020220058,7.023500772562045,0.0402285006258868,0.1570578512320976,75.23431719296099,2.4819573171931792,0.24576687165689,0.1643390635152579,0.0100000005159345,78.92987192848017,28.467444872032285,0.499999999823167,3.835977279152053,0.0,0.0,0.3311102152186922,0.0,1.637520276552039e-07,cal_final_2008-09-30
08202700,hbv_lite_cma,evaluation,-0.331715,-2.535685,3.387389,3.387389,,13,explicit_euler_dt1,hbv,success,,24.53,0.2775,1.909172515390713,3.680149225052269,0.0150792590010164,0.1577116862841743,225.61583992581944,5.999999999186144,0.2000000048228716,0.9899999910741984,0.0100000015399626,115.10884471306666,0.000334095191081,0.3460330107451223,1.3588012848964164,0.0,0.0,9.707046923161224,2.242261668078741,0.0006314057313934,cal_final_2008-09-30
08267500,hbv_lite_cma,evaluation,0.569429,0.787236,0.016701,-0.078024,0.645165,13,explicit_euler_dt1,hbv,success,,92.99,0.7635,1.703750839643546,4.728821242042974,1.1802479118757834e-05,0.1997002921711406,85.92329643641833,1.0016855404911378,0.5792515409231527,0.071469836299668,0.0200677400357538,199.313918162196,0.9387365010751032,0.0008682721889667,5.089768885760613,0.0,0.0,8.874074328106612,0.0,529.481794461464,cal_final_2008-09-30
08269000,hbv_lite_cma,evaluation,0.519762,0.553299,-0.268817,-0.320461,-0.533263,13,explicit_euler_dt1,hbv,success,,114.12,0.6534,2.48999999970354,8.335860234291243,0.0935440589774627,3.8850264631350656e-10,401.9772553969363,3.810264583561394,0.999999999830726,0.1489614883677737,0.3819583042006341,8.063769099786327,24.89381569987026,0.0453444041390822,14.348342916043467,0.0,0.0,205.86271182028835,0.0,2.167798745602883,cal_final_2008-09-30
08271000,hbv_lite_cma,evaluation,0.669038,0.674034,-0.266367,-0.230278,-0.784632,13,explicit_euler_dt1,hbv,success,,92.73,0.7507,0.9198997445853424,3.765452090567888,0.069949735966447,0.0302623939828891,147.4173108004463,1.7632012165902948,0.9999977449530784,0.3914880651877852,0.3425715234795186,58.43496214892754,26.62558458154417,0.0303896743949485,1.414799391587549,0.0,0.0,50.682440814317744,0.0,13.227516943384725,cal_final_2008-09-30
08324000,hbv_lite_cma,evaluation,0.678909,0.767015,-0.124593,-0.208611,-0.130001,13,explicit_euler_dt1,hbv,success,,48.3,0.7647,0.4611356367012198,5.091778661545234,5.262699687894452e-05,0.0004892085867013,502.4331743893327,2.9438695239826416,0.5103665533119104,0.2511735296183895,0.2784531024136496,158.05846215306127,4.962022052237289,0.0354304772189922,1.0029608518405322,0.0,0.0,137.15187306141016,0.0,1.0120307547862502,cal_final_2008-09-30
08377900,hbv_lite_cma,evaluation,0.515872,0.516488,-0.161041,-0.351328,-0.12909,13,explicit_euler_dt1,hbv,success,,80.69,0.7528,0.9600046431139092,5.2149831616211735,0.0318823131822075,5.601804337400149e-06,841.3169990273309,2.484895212092963,0.6448214987894143,0.7644219342435111,0.4544851912743995,0.3728845332726268,17.633095097967573,0.0555372414039906,3.0148596996868307,0.0,0.0,428.2176105960355,0.0,6.331109316523656,cal_final_2008-09-30
08378500,hbv_lite_cma,evaluation,0.499415,0.517057,-0.228133,-0.343435,-0.525457,13,explicit_euler_dt1,hbv,success,,78.96,0.7333,1.7700044392707444,6.0903411334342845,0.0742547161845157,4.251483661599008e-08,860.3922617276995,3.136375396568785,0.7860227158124438,0.7721816190484029,0.4993722501438208,151.32768729034157,19.00112802566694,0.0506781956256946,6.698240710262527,0.0,0.0,489.0330057284225,0.0,6.066605446236394,cal_final_2008-09-30
08380500,hbv_lite_cma,evaluation,0.357551,0.348577,-0.227098,-0.439071,0.215122,13,explicit_euler_dt1,hbv,success,,72.21,0.5863,0.5000006583710253,0.7925351876238935,0.0462504468178202,4.703654335326195e-10,236.1350051001623,2.6551892580518794,0.713841974738747,0.1732365506612016,0.4999997970315395,71.92318352512207,1.2142229692240984,0.0429760114146804,5.029510665968332,0.0,0.0,104.9262219700898,0.0,4.831700809038945,cal_final_2008-09-30
09035800,hbv_lite_cma,evaluation,0.869741,0.827681,-0.091738,-0.111691,0.054642,13,explicit_euler_dt1,hbv,success,,36.86,0.8474,-1.2500922304491335,1.333809235736545,0.0997292926842954,0.0352132839526079,93.86967223690247,1.029854196488699,0.7903033925474645,0.221608633883624,0.0446536175696328,160.75760838192664,0.46738801619454,0.0041321838999958,1.5338367289663857,0.0,0.0,25.20022047715802,0.0,74.31983311138985,cal_final_2008-09-30
09035900,hbv_lite_cma,evaluation,0.85991,0.82754,-0.159447,-0.047379,-0.96654,13,explicit_euler_dt1,hbv,success,,70.84,0.8126,1.8100005204467904,2.976805398644248,0.0009964926627344,1.0400965545551717e-08,50.00002994950453,1.000000053787711,0.9778419448617236,0.1830791918342525,0.1408770268542826,4.085193967110868e-06,18.973852735458657,0.0478759182970906,1.6448152631915751,0.0,0.0,15.659984878223582,0.0,11.567716992733663,cal_final_2008-09-30
09047700,hbv_lite_cma,evaluation,0.780049,0.657062,-0.268047,-0.142149,-0.837772,13,explicit_euler_dt1,hbv,success,,87.85,0.7715,1.0600007641421412,7.232604112937172,3.4161157141049285e-05,2.296645729343988e-11,862.3357757208497,1.0000000176825805,0.2288252026740823,0.3148924015008337,0.0182517076697843,195.13955999039524,6.801166198157349,0.0356800125130699,1.001075397513793,0.0,0.0,128.4730036944852,0.0,10.5245888181131,cal_final_2008-09-30
09065500,hbv_lite_cma,evaluation,0.75594,0.723931,-0.242272,-0.188904,-0.930643,13,explicit_euler_dt1,hbv,success,,32.09,0.8298,1.020000050819669,4.581494693368888,0.0512483181357614,4.937774925393712e-09,50.00002352429672,1.000000126589632,0.9999999966803494,0.7003627522031454,0.380044632608682,82.46552949183969,19.72743990326449,0.0568967868745293,1.173431362339532,0.0,0.0,16.31637694794771,0.0,9.68768081177734,cal_final_2008-09-30
09066000,hbv_lite_cma,evaluation,0.822999,0.715734,-0.226992,-0.215654,-0.63993,13,explicit_euler_dt1,hbv,success,,34.95,0.8893,0.4500963247207998,5.958326322423119,8.863407507570485e-06,1.591132689378747e-05,461.58801376991744,1.0007254121709792,0.6080230430658868,0.0515447574961819,0.0903155040027068,49.939435167094736,13.53802880488746,0.0587829264173649,1.9463013714268853,0.0,0.0,139.9517212743484,0.0,7.945940924514489,cal_final_2008-09-30
09066200,hbv_lite_cma,evaluation,0.67302,0.648697,-0.240728,-0.267174,-0.692732,13,explicit_euler_dt1,hbv,success,,52.85,0.7626,-2.1800003626567337,3.681582821234288,0.0756602582643341,4.147669049245769e-07,462.4710776140872,4.312955611713934,0.9999903920646644,0.0503206020789825,0.3100603836321781,7.580074109743797,29.999926527540723,0.0360803763924303,1.5646456334691257,0.0,0.0,265.8766428958843,0.0,13.161000272392284,cal_final_2008-09-30
09066300,hbv_lite_cma,evaluation,0.697257,0.698145,-0.153248,-0.260621,-0.107517,13,explicit_euler_dt1,hbv,success,,67.18,0.8521,-0.1900065133074724,5.451268318123671,0.0999748998128494,0.0238969551577824,1619.7791084841251,3.752819615304922,0.7192012664242184,0.9899958126568568,0.1640148064262548,49.33439729589273,17.581032055040183,0.0421289346683698,1.7933289316646452,0.0,0.0,1079.8627095760617,0.0,11.083449789051286,cal_final_2008-09-30
09081600,hbv_lite_cma,evaluation,0.803435,0.886171,0.007489,-0.010797,-0.483558,13,explicit_euler_dt1,hbv,success,,49.08,0.8287,0.6200002889314966,4.031601259885807,0.0817040321950903,1.2704888612932805e-08,141.0444359296629,1.151090489495577,0.8735734692056549,0.9501915027530684,0.1496974849898235,83.07665227443684,24.26530838771227,0.0286948352787228,1.0378227150826205,0.0,0.0,33.91784659365381,0.0,28.964228887263964,cal_final_2008-09-30
09107000,hbv_lite_cma,evaluation,0.784444,0.846841,-0.091443,-0.020424,-0.879882,13,explicit_euler_dt1,hbv,success,,35.23,0.8459,-0.3999987145231927,3.620935158935208,0.0230056918288357,3.404545905738126e-09,2499.988084263897,1.3721103606229903,0.8126292424925083,0.7003557051500507,0.1163547216038377,30.993531571009186,7.890722077799194,0.0412837623906072,1.96567459052856,0.0,0.0,1179.9883187033029,0.0,11.128304072928026,cal_final_2008-09-30
09210500,hbv_lite_cma,evaluation,0.574319,0.768867,0.003675,-0.070081,0.057604,13,explicit_euler_dt1,hbv,success,,53.6,0.7391,-0.1199992922796866,1.9183093392356745,0.0922507900197804,1.001244752593236e-09,1426.45310742904,1.243745670026548,0.9839403214285696,0.4413823088427404,0.1134039793084791,80.60181118534331,24.70936386776896,0.0378733109702209,1.0551043525857595,0.0,0.0,470.3667221867298,0.0,5.19921311244754,cal_final_2008-09-30
09223000,hbv_lite_cma,evaluation,0.697724,0.751357,-0.083966,-0.13628,0.106892,13,explicit_euler_dt1,hbv,success,,100.0,0.8548,0.8500562619596153,5.687927551303536,0.0001811417028533,1.8032142088608866e-08,1646.6354088266787,1.7430783054345491,0.9972316244810384,0.1798727350389213,0.4993827619441919,139.64924094020031,18.97757730297411,0.0482509505574654,1.8610883893051784,0.0,0.0,744.280910117671,0.0,4.4314465471695055,cal_final_2008-09-30
09306242,hbv_lite_cma,evaluation,0.455734,0.478305,-0.066698,-0.286756,1.136719,13,explicit_euler_dt1,hbv,success,,89.87,0.5644,0.0300001688674953,1.3661698873532535,0.0999999882274825,0.1074250092438659,1916.079509142231,5.064680200307355,0.99999999990902,0.4334986798963805,0.402171388927356,8.114918243167711,20.1415754227814,0.049661701366778,14.894525983858932,0.0,0.0,870.1220120827289,0.0,0.2824784972875221,cal_final_2008-09-30
09312600,hbv_lite_cma,evaluation,0.533406,0.647588,-0.117035,-0.236212,-0.32318,13,explicit_euler_dt1,hbv,success,,119.52,0.908,-1.9927229893382576,1.760989315090164,0.0328610419137616,0.0449514973372705,758.4104404142117,5.385983520655421,0.973248674948239,0.0525519396457786,0.0463820479648367,11.282226481504694,0.0325597398576139,0.3878651239427289,14.513502575656672,0.0,0.0,364.11656925180256,0.0,0.000316306640278,cal_final_2008-09-30
09352900,hbv_lite_cma,evaluation,0.65473,0.732666,-0.198518,-0.220509,-0.79157,13,explicit_euler_dt1,hbv,success,,30.28,0.6738,-0.0099993676338727,6.188186964409715,0.0727669676841074,3.9983872318670045e-11,1353.0207990017943,1.0000000026141516,0.9999999698626952,0.7476077245230145,0.4999982119215692,199.4614549941205,16.189883467645316,0.0455740056307034,1.0063073899551382,0.0,0.0,715.9155272015666,0.0,17.964183294982128,cal_final_2008-09-30
09378170,hbv_lite_cma,evaluation,0.514634,0.621629,-0.295116,-0.245313,-0.662218,13,explicit_euler_dt1,hbv,success,,115.1,0.9616,-0.3899990510811193,1.5361337702364142,0.0003633571865273,6.941303388467707e-11,380.997152997372,5.999983996621765,0.3983323870363565,0.7998067840648063,0.0713292729428582,48.660906756985966,26.839007501922435,0.0988461293034628,13.957263902281523,0.0,0.0,36.32369608845822,0.0,2.4249795952566523e-05,cal_final_2008-09-30
09386900,hbv_lite_cma,evaluation,0.203017,-0.04727,-0.574923,-0.676499,7.089464,13,explicit_euler_dt1,hbv,success,,85.95,0.1591,-1.4737707729981344,1.7465100214672482,0.0576184666503548,0.0206124563883412,425.6057757426765,3.538047341056668,0.4379751328793556,0.9613462067472122,0.0295789277872768,165.8933412362122,0.7583123332591003,0.4999934068190383,12.168575780868633,0.0,0.0,52.09238458992869,0.0,5.753093602613074e-08,cal_final_2008-09-30
09404450,hbv_lite_cma,evaluation,0.167486,0.463921,-0.354296,-0.266257,-0.403395,13,explicit_euler_dt1,hbv,success,,49.0,0.744,1.1800002897116038,1.8148353639883648,0.0903899592766177,7.0425734158822e-08,896.6371989500288,2.397608479769813,0.7520754088147297,0.0844202067831164,0.307124548350711,44.06666067134739,11.031113821572504,0.0402018990719276,1.2935104010142848,0.0,0.0,196.60164739041764,0.0,0.3767912241539552,cal_final_2008-09-30
09430600,hbv_lite_cma,evaluation,-0.485212,0.238138,-0.299412,-0.240183,-0.178588,13,explicit_euler_dt1,hbv,success,,27.87,0.4694,1.5798899856894275,7.653148575014216,0.0164484784554469,0.1995297932900292,108.7240272440659,5.988895680075165,0.200000626181045,0.9899927958410202,0.476182426507884,0.0016668358864313,5.161009545597017,0.0357129660053035,1.0197608263368203,0.0,0.0,7.506352234049787,0.0,0.0535859036851588,cal_final_2008-09-30
09447800,hbv_lite_cma,evaluation,0.090193,-0.261911,-0.772651,-0.7908,-0.621692,13,explicit_euler_dt1,hbv,success,,28.38,0.2483,0.7514295225471983,14.55649062548932,0.0999983617785109,0.1229282968247895,713.861850353676,2.533297406152466,0.2000002811515093,0.6047798125069914,0.455351723576508,13.246676521878076,1.2775668812977776,0.4999792183918309,1.6031973553169585,0.0,0.0,80.17503883970686,0.0,0.0001299023534948,cal_final_2008-09-30
09484600,hbv_lite_cma,evaluation,-1.090359,-1.754223,2.651934,1.138776,17.533455,13,explicit_euler_dt1,hbv,success,,28.8,0.1429,-0.6502446378944406,0.633290036168843,0.0636745357736058,0.1306614647820806,2499.99945966698,4.50813589930244,0.99999768827811,0.9354961301501764,0.0100027485748851,11.120540982805402,0.2311139001148718,0.4999999967727323,1.0775742995533348,0.0,0.0,1059.4974583179935,0.0,0.0068536421575218,cal_final_2008-09-30
09492400,hbv_lite_cma,evaluation,0.409952,0.32747,-0.371379,-0.545743,-0.005844,13,explicit_euler_dt1,hbv,success,,55.69,0.5838,2.499999794350641,1.7481212145199172,0.0429561404444579,1.7608896450949937e-08,308.5405287197788,1.8011697041015045,0.9999997128113975,0.050554602819552,0.15466842988823,14.039045665778415,6.611165593866311,0.038454059587416,1.030461367630099,0.0,0.0,154.11806006574758,0.0,13.000657985388656,cal_final_2008-09-30
09494000,hbv_lite_cma,evaluation,0.330205,0.613421,-0.111434,-0.332093,0.836133,13,explicit_euler_dt1,hbv,success,,45.1,0.5334,0.9099888652994652,13.64455481465606,5.135018381854244e-06,0.1720155295405218,433.71013031421234,3.793124004778055,0.9999981397673784,0.1525745982816385,0.4999999970282848,199.866172073215,6.379013241374151,0.0136916916757187,1.1510553944954889,0.0,0.0,224.05207463377224,0.0,9.871224754130536,cal_final_2008-09-30
09497980,hbv_lite_cma,evaluation,0.554524,0.527442,-0.20605,-0.232032,-0.561425,13,explicit_euler_dt1,hbv,success,,27.88,0.4292,0.2995391463258863,0.7218899530601539,0.0522133261934403,1.3475332227397467e-10,1106.05627432083,1.726182609584714,0.2000000008840223,0.2545221952897262,0.4997123851730712,5.3989274236213625,28.774972763248226,0.4999999999709745,1.8451021150333224,0.0,0.0,188.37017945156305,0.0,1.356316716253272e-06,cal_final_2008-09-30
09505350,hbv_lite_cma,evaluation,0.509832,0.454952,0.12743,-0.251559,,13,explicit_euler_dt1,hbv,success,,27.92,0.5792,0.2555885180027371,0.503951646445472,0.0673312025248195,2.9744866425699245e-06,1076.1020684891828,1.0952301223568697,0.2000159295279996,0.9766634562160424,0.0465987579717643,4.2407912984493095,0.1329070070659198,0.4087110487181155,1.5051617794136782,0.0,0.0,87.75231362849345,0.0,0.0664748686472951,cal_final_2008-09-30
09505800,hbv_lite_cma,evaluation,0.354961,0.442118,-0.056062,-0.029196,-0.764489,13,explicit_euler_dt1,hbv,success,,28.31,0.5155,-0.6099396436916891,0.5025608752171336,0.0371034826820731,1.0470986206968028e-07,657.9210225432857,1.7428805431941372,0.224074510698353,0.4534403242321296,0.0100027642560306,31.93884653977407,15.488674359645016,0.4999999999066084,1.0737831976306766,0.0,0.0,63.5270262916924,0.0,0.0040823425384156,cal_final_2008-09-30
09508300,hbv_lite_cma,evaluation,0.644719,0.594224,0.275372,0.000851,24568.17479,13,explicit_euler_dt1,hbv,success,,28.05,0.6597,2.335359905114257,0.9339429922747272,0.0409234985056683,0.0027894677661832,50.00240921754498,1.6734736539761026,0.2000006813738261,0.9899956077236262,0.161711002136671,9.726183040396366,0.8397611966843616,0.0002791229317541,1.211850412331459,0.0,0.0,0.0804009209235642,0.0,343.69870640122883,cal_final_2008-09-30
09510200,hbv_lite_cma,evaluation,0.664151,0.733194,0.123975,-0.278518,3790.507392,13,explicit_euler_dt1,hbv,success,,29.87,0.7714,0.8660393546807157,11.58145600012556,0.0838162267863838,0.1101449083964987,94.1634827534518,2.4995919610584263,0.2000011721031171,0.9594840347009468,0.0810879156673925,38.01967276317987,2.6878089579857614,0.0001164528551227,1.1225225002803985,0.0,0.0,0.6778664803825547,0.0,476.7741117742036,cal_final_2008-09-30
09512280,hbv_lite_cma,evaluation,0.376202,0.305405,0.055549,-0.254224,,13,explicit_euler_dt1,hbv,success,,22.61,0.2568,-1.2968658889043303,2.139902331078788,0.0061780459995048,0.1582177980642749,1843.8096394724653,1.4106803538059998,0.411648480610072,0.9577675910222028,0.2369306240086987,1.1292790486188635,0.0916146030702128,0.4818537902325371,1.021015979439649,0.0,0.0,227.6711802686989,0.0,0.0042310722381784,cal_final_2008-09-30
09513780,hbv_lite_cma,evaluation,0.53012,0.372522,0.267107,-0.293088,,13,explicit_euler_dt1,hbv,success,,26.16,0.5952,1.7904151799659402,9.85487006231445,0.0502983807955918,0.1328359154549564,376.56541082639217,1.0000000000000036,0.9999999999999528,0.9899999999999956,0.2427572466124154,4.1704162224993695,3.616380000675036,0.0001166549429551,1.0094578445861015,0.0,0.0,83.00748175141167,0.0,726.3792640169411,cal_final_2008-09-30
10234500,hbv_lite_cma,evaluation,0.730618,0.731445,-0.216148,-0.121099,-0.699149,13,explicit_euler_dt1,hbv,success,,107.04,0.9044,1.500007201694168,2.2405447157751786,0.0534785034705202,0.0002002973361851,393.9212787872229,1.2611969813038026,0.3048101693822869,0.1343930561181966,0.1235786868569519,36.76399933201552,6.923901912315835,0.0251035984365927,7.96585292635595,0.0,0.0,21.35462659887456,0.0,1.9830212901661304,cal_final_2008-09-30
10244950,hbv_lite_cma,evaluation,0.693216,0.806071,-0.060657,-0.148969,-0.036899,13,explicit_euler_dt1,hbv,success,,117.14,0.877,0.6400586937401709,2.9314521639077804,0.0969447162989887,4.6587066338472096e-08,240.8994889518532,2.1077927126502662,0.9999998504543256,0.0500000141466401,0.0133574917640506,199.9990105746466,1.691838832894901,0.0062162400430921,14.79324438720297,0.0,0.0,38.48179779512125,0.0,25.193327860940844,cal_final_2008-09-30
10259000,hbv_lite_cma,evaluation,0.463022,0.654109,-0.21621,-0.12498,-0.40313,13,explicit_euler_dt1,hbv,success,,28.52,0.9142,0.3010632711357757,11.720873647985282,0.0770697343513706,0.1189226888632479,111.15647451333297,2.8402007521225348,0.8695449529813575,0.9899999997083556,0.1110187112754673,6.407455330368098,8.952206481440289,0.0092290202010557,1.6733394445203968,0.0,0.0,0.9138055944878318,0.0,9.206306584230845,cal_final_2008-09-30
10336645,hbv_lite_cma,evaluation,0.700283,0.759663,-0.171016,-0.247445,0.351903,13,explicit_euler_dt1,hbv,success,,36.01,0.7021,0.8997556057680143,3.190578555177584,0.0201299079912153,2.0633041979551368e-08,140.39929402809068,1.826100927363568,0.9918720434041146,0.9899857984893988,0.3720736164351466,34.520630180862,11.071081298734732,0.0489572233652311,1.1129023551753925,0.0,0.0,1.7661144036434169,0.0,0.1879996711950155,cal_final_2008-09-30
10336660,hbv_lite_cma,evaluation,0.542352,0.424052,-0.362567,-0.374787,0.151953,13,explicit_euler_dt1,hbv,success,,84.84,0.6132,1.3893942374188928,2.151653557979465,0.0290633945832757,0.0215035861913232,86.48227295647418,1.0000034164768197,0.999963524727151,0.989397875164676,0.2944633502276793,4.266576817428244,3.105488184502568,0.070737747510601,11.993262073372096,0.0,0.0,0.1836950006881638,0.0,0.0059924421797392,cal_final_2008-09-30
10343500,hbv_lite_cma,evaluation,0.565283,0.558199,-0.185611,-0.198147,-0.536226,13,explicit_euler_dt1,hbv,success,,70.09,0.8402,-0.9300285414283582,2.4096902998486147,0.0226435540843587,0.116104380217315,1268.8587009425953,1.101977904510928,0.2015468500677687,0.9899977983848144,0.194575614926761,8.371391217737695,15.038466057797438,0.0572952666020665,1.907303851239179,0.0,0.0,33.53075605098719,0.0,0.0249413075204121,cal_final_2008-09-30
11124500,hbv_lite_cma,evaluation,0.597755,0.774748,0.046341,-0.054509,,13,explicit_euler_dt1,hbv,success,,24.97,0.6674,2.138167370745986,6.5324966853900825,0.044811166778509,0.1999967000456042,1553.7496099024224,1.4208982105939627,0.2000009114099991,0.7310628548408379,0.2699392510776622,8.861850261633133,10.015190121356008,0.0394845010857921,1.063862641861308,0.0,0.0,72.4488187108011,0.0,0.0139561713616119,cal_final_2008-09-30
11141280,hbv_lite_cma,evaluation,0.623939,0.780209,-0.12159,-0.24755,0.79092,13,explicit_euler_dt1,hbv,success,,23.29,0.7569,-0.9966181721450194,3.739587238809744,0.0103816602156996,0.1706597665558446,1596.113185219133,1.000000001845733,0.2788508284566257,0.989999999766772,0.0831237375017589,21.113857973545223,1.164487279313427,0.0072157841868302,1.6613902302454862,0.0,0.0,85.08453333277967,0.0,12.24258508812038,cal_final_2008-09-30
11143000,hbv_lite_cma,evaluation,0.856854,0.875048,-0.068904,-0.057767,-0.475577,13,explicit_euler_dt1,hbv,success,,21.3,0.7917,-2.2124972656425506,12.602629747151758,0.0269509365591077,0.157455583263115,634.7161878371401,1.7953970323544786,0.7908934184399579,0.7300961406944003,0.470109726427325,95.09060573618152,12.32093752683586,0.077797913906353,1.0424777410907224,0.0,0.0,136.32384492615572,0.0,0.000879961268918,cal_final_2008-09-30
11148900,hbv_lite_cma,evaluation,0.744227,0.704197,-0.003307,-0.064441,,13,explicit_euler_dt1,hbv,success,,25.21,0.727,1.5259313637861125,13.932351688407334,0.0365795347827828,0.0109733414367829,211.0223350090374,1.3269864264185074,0.9999999999798408,0.9899999999743956,0.4999999999068464,1.6446217224152992e-10,4.815651215593146,0.1671885700105728,1.5260065182174478,0.0,0.0,3.153513914130154,0.0,1.6485108784573694e-08,cal_final_2008-09-30
11151300,hbv_lite_cma,evaluation,0.369854,0.244281,-0.298588,-0.341384,4.768392,13,explicit_euler_dt1,hbv,success,,22.8,0.3661,0.6156995899082922,14.808807715959231,0.0802881618839728,0.0143161117349435,2499.9813658632943,1.593862933578153,0.2000000487986956,0.0510270351732086,0.2450187048580946,115.4787795367808,27.3743379709376,0.4999999687988017,1.2523125937841864,0.0,0.0,67.2671005257105,0.0,2.8172960207305263e-40,cal_final_2008-09-30
11176400,hbv_lite_cma,evaluation,0.481858,0.378155,-0.158678,-0.31009,,13,explicit_euler_dt1,hbv,success,,24.9,0.5137,2.499864485052957,10.802372742426918,0.0211568974334387,0.0015602070073439,1500.0293727734852,1.000002434188556,0.2000008216475457,0.4025446449014473,0.4999984301013406,63.48962888490542,0.9531359654671993,0.1163837969457125,1.0102873034794706,0.0,0.0,25.82401834065089,0.0,9.204037225619883e-10,cal_final_2008-09-30
11230500,hbv_lite_cma,evaluation,0.590253,0.411651,-0.408018,-0.449293,-0.17282,13,explicit_euler_dt1,hbv,success,,59.14,0.6633,-2.330005614386966,3.789824777490321,0.0920369713998839,6.803236457486334e-10,2499.999998214657,1.0000000111377594,0.4728385753831147,0.9361138550470816,0.0100000030791515,135.04281918194857,20.433067142370103,0.044838823563338,1.2776071092898835,0.0,0.0,673.0662733880134,0.0,1.681829873568132,cal_final_2008-09-30
11237500,hbv_lite_cma,evaluation,0.529221,0.637416,0.137383,-0.173781,7.594748,13,explicit_euler_dt1,hbv,success,,84.72,0.8169,1.2799987770068897,2.7381955785407923,0.016696328888612,0.0065241125600534,355.24367651460267,1.0093859257654003,0.9999970299184984,0.9899995094793198,0.0209648971074759,67.65632880234772,2.3770205635753374,0.0441430771586999,10.21740975496244,0.0,0.0,57.98617668159318,0.0,0.8259211866217273,cal_final_2008-09-30
11264500,hbv_lite_cma,evaluation,0.74407,0.857812,-0.035893,-0.095003,1.464357,13,explicit_euler_dt1,hbv,success,,36.16,0.8141,-1.890030490746221,2.2762419930720914,0.0961950766593776,0.0048526776139891,219.0839337577544,1.1406148036668404,0.9999218878061924,0.3112148466949613,0.1722956326187195,30.55842681021624,11.453511778219562,0.0378281779376546,1.1412822965056086,0.0,0.0,10.166462838808023,0.0,1.466001886056868,cal_final_2008-09-30
11266500,hbv_lite_cma,evaluation,0.698908,0.848352,0.009527,-0.047123,1.392199,13,explicit_euler_dt1,hbv,success,,50.2,0.8297,-1.3298630649717167,2.0650760954787444,0.0159404692816352,0.0005260104894486,250.0422916093224,1.0587594312073292,0.99984051032563,0.5025511598782297,0.0976239634750287,49.77626067746772,7.804946262006468,0.0373392945391375,1.1379721433369612,0.0,0.0,15.178410365748988,0.0,1.4305080461336424,cal_final_2008-09-30
11284400,hbv_lite_cma,evaluation,0.609433,0.711888,0.102752,-0.166593,,13,explicit_euler_dt1,hbv,success,,27.91,0.7493,0.3701234237165773,5.362325008357848,0.0151862363963906,0.198619347620798,621.4693647949656,1.244167399584711,0.2005009969192226,0.9899100097533032,0.1109374224827215,40.36324655920384,3.5942276769858403,0.0001000563404846,1.979823521153804,0.0,0.0,1.4409800516306746,0.0,1908.7911386277904,cal_final_2008-09-30
11381500,hbv_lite_cma,evaluation,0.752378,0.812222,0.130414,0.030672,0.198502,13,explicit_euler_dt1,hbv,success,,28.32,0.7736,-2.2595970509627614,0.5000148922478512,0.0349005524441377,0.1999988821904525,769.0607371534666,1.1900782384585349,0.9999999842682484,0.989999958223314,0.199068259066736,37.37048895781128,9.561395649291136,0.0118011296319067,1.7572753759316693,0.0,0.0,209.3889388005596,0.0,24.2413868864518,cal_final_2008-09-30
11451100,hbv_lite_cma,evaluation,0.617863,0.696759,-0.110492,-0.208052,1.285414,13,explicit_euler_dt1,hbv,success,,28.07,0.7484,-1.4300645857918186,0.5207500716415764,0.0640078973212587,0.1985309984168835,190.15995260102443,1.0000002692365662,0.5914428145813757,0.7297752524931448,0.1382794177264606,29.30642563927785,5.068826646498711,0.0612328816103369,1.0257857396938292,0.0,0.0,4.575783848117307,0.0,0.0210035795654683,cal_final_2008-09-30
11468500,hbv_lite_cma,evaluation,0.805884,0.825539,0.072401,-0.017313,6.245482,13,explicit_euler_dt1,hbv,success,,27.54,0.8337,1.209972028106154,0.9094491758560096,0.094509442816862,0.0019526011332098,447.264850063706,2.0734797225580706,0.9999999997837792,0.6716606965088471,0.14983436274952,50.55196355766958,2.17777149418092,0.0001486093984847,1.480266537806913,0.0,0.0,99.58459457254256,0.0,2103.384709767934,cal_final_2008-09-30
11473900,hbv_lite_cma,evaluation,0.782365,0.80067,0.078122,-0.041286,2.655741,13,explicit_euler_dt1,hbv,success,,27.54,0.7915,-0.010000032728759,0.5000000074766727,0.0007309963820745,4.323990353134049e-11,1640.8868698353515,1.0000000008091028,0.2000000054031994,0.9899999995081892,0.396217607642802,20.179667813812006,7.641596392985353,0.0775591010802398,1.0005572866827588,0.0,0.0,170.15526207337237,0.0,0.3636186831837052,cal_final_2008-09-30
11475560,hbv_lite_cma,evaluation,0.808211,0.780643,-0.020218,-0.06903,-0.549518,13,explicit_euler_dt1,hbv,success,,27.11,0.8335,0.2500830565077745,4.70122593675164,0.0832383263058993,0.0642949443890134,619.7010391580704,2.43703951570259,0.9999996131890992,0.6925579227733276,0.2420474331107486,52.86873333377766,6.368592179203066,0.0992342899315221,1.631821603328109,0.0,0.0,202.2835264095348,0.0,0.0805016842927901,cal_final_2008-09-30
11476600,hbv_lite_cma,evaluation,0.800715,0.792659,-0.02195,-0.080593,-0.911341,13,explicit_euler_dt1,hbv,success,,27.71,0.8623,2.130204279141098,1.3620087394420504,0.0158119985514914,5.369389840300288e-06,419.13031884564526,5.580452105907989,0.9999989618374912,0.73384633631359,0.3971982827306889,59.15028472243951,19.627499343928843,0.1905591157989724,1.1635103624324394,0.0,0.0,115.4697674637216,0.0,9.394756268184548e-05,cal_final_2008-09-30
11478500,hbv_lite_cma,evaluation,0.724291,0.777738,-0.014254,-0.120671,-0.515674,13,explicit_euler_dt1,hbv,success,,27.81,0.7912,0.7300000170514638,5.702565221220078,0.0230779533963724,1.5969624077962267e-09,119.31304581066452,1.28715508583272,0.999999914630177,0.7634779535696644,0.2840436730255564,36.2475684132058,5.003867242716817,0.0822994927783443,1.6123223694975115,0.0,0.0,2.929378367783529,0.0,0.0040870319698249,cal_final_2008-09-30
11480390,hbv_lite_cma,evaluation,0.741868,0.666511,0.296371,0.062237,214.439865,13,explicit_euler_dt1,hbv,success,,27.59,0.7732,-0.7199987494988145,6.340371465500668,0.0406255647310393,4.426546083311364e-08,1283.9503453695982,1.837026878694832,0.9115727581757718,0.8987747575980368,0.4705603923542573,39.02534186644612,12.906670812161948,0.0901097235537684,1.0178986297124295,0.0,0.0,593.2410586947909,0.0,0.2138086430931173,cal_final_2008-09-30
11481200,hbv_lite_cma,evaluation,0.766442,0.786673,0.039186,-0.067261,0.051533,13,explicit_euler_dt1,hbv,success,,27.56,0.8353,-0.2807968047734968,10.09423650345207,0.0177921008098829,0.0216670484692062,636.7326555075513,1.00000000014364,0.719068522919325,0.9899999999979188,0.2627399775405691,29.13798110016604,4.990808163332085,0.0766544768513045,1.0841964215538609,0.0,0.0,163.7210795757216,0.0,0.2374813290711754,cal_final_2008-09-30
11482500,hbv_lite_cma,evaluation,0.826064,0.857765,0.08045,0.025697,-0.449135,13,explicit_euler_dt1,hbv,success,,27.43,0.8443,0.4000030912640895,5.832152248055045,0.0715000178787326,3.054066054360638e-09,412.56975998715546,2.766072300518973,0.9939031358921966,0.9899980949213664,0.3507781863125135,98.00085382499906,10.80707184396302,0.0953442047476002,1.60919043799091,0.0,0.0,100.389256824238,0.0,0.014226680205925,cal_final_2008-09-30
11522500,hbv_lite_cma,evaluation,0.758379,0.774592,-0.034099,-0.16923,0.767957,13,explicit_euler_dt1,hbv,success,,32.99,0.7795,-1.1896519416028783,1.76503909547897,0.0186129952375012,0.0200758108274903,97.65410915225772,1.0000337589670552,0.9999757451397736,0.6489845825754689,0.1704253038484292,103.0248884990547,9.07133677550794,0.0166105258188701,1.0698025010579757,0.0,0.0,0.7084272235957776,0.0,14.221356349487014,cal_final_2008-09-30
11523200,hbv_lite_cma,evaluation,0.67942,0.795852,-0.018589,-0.114095,-0.264232,13,explicit_euler_dt1,hbv,success,,34.76,0.7538,1.2300000038198349,2.752369543770489,0.0998404289053756,2.1961777223557917e-10,95.40345256784838,1.0000000082663978,0.9999999807510992,0.0878122987478978,0.2419840499834115,105.92192925854742,9.88836435294724,0.0341806055692937,1.4468579522822242,0.0,0.0,0.6146167549607714,0.0,1.9374257927629284,cal_final_2008-09-30
11528700,hbv_lite_cma,evaluation,0.774791,0.756239,0.170495,-0.018969,0.060306,13,explicit_euler_dt1,hbv,success,,28.56,0.8012,-1.739286621936642,0.6428254552863135,0.0999291006228837,0.054700180059604,786.3056143228148,1.0002708404158556,0.4540424217059059,0.9889707431152658,0.44528527807042,55.27559992145679,11.249890993049156,0.0524470333403404,1.3934859336894605,0.0,0.0,79.3756031989228,0.0,0.0632758598836875,cal_final_2008-09-30
11532500,hbv_lite_cma,evaluation,0.84309,0.889649,0.073378,-0.005197,-0.331874,13,explicit_euler_dt1,hbv,success,,27.51,0.8826,-0.0299991089640965,5.800881940587822,0.0156370252757337,1.4623379271339e-08,271.32312755464886,1.000000297439804,0.9999852894823248,0.9899985942821306,0.2840792440600009,53.91910456673629,11.07537079461034,0.0495266083728254,1.001288790419096,0.0,0.0,41.51112100700567,0.0,0.5265890677377933,cal_final_2008-09-30
12010000,hbv_lite_cma,evaluation,0.853245,0.823092,-0.016441,-0.069687,-0.130973,13,explicit_euler_dt1,hbv,success,,35.11,0.8613,-0.4799809441177576,14.999239625857244,0.045959605670997,0.0964742881794996,135.15816870621296,2.843445167654343,0.9566109464324042,0.5202908539880406,0.1777861436691898,64.5580127286901,4.254532107704347,0.0315299862087887,2.657522492287145,0.0,0.0,103.787797107173,0.0,25.718150435044056,cal_final_2008-09-30
12013500,hbv_lite_cma,evaluation,0.802731,0.615119,0.37757,0.135875,2.855163,13,explicit_euler_dt1,hbv,success,,38.23,0.8027,-1.5699513827653746,12.80944491178786,0.0833669874665406,0.0007283202818355,2252.140213275119,1.6869671234543444,0.2776368521112872,0.5035465354992074,0.1833119599787928,36.16291585202867,6.709527177916322,0.0591595349110277,3.465093032245497,0.0,0.0,1789.4312550479035,0.0,23.674256657039468,cal_final_2008-09-30
12020000,hbv_lite_cma,evaluation,0.779945,0.825141,0.043454,-0.012449,-0.790973,13,explicit_euler_dt1,hbv,success,,27.68,0.4763,-0.2399952393872184,10.459507690710735,3.277481839241937e-06,0.1698933777140592,196.5651814291936,3.7628826492378513,0.6347040550356386,0.9899999883896896,0.4086009470587505,43.239494227613406,7.488817591555033,0.1302558107524264,1.2033443700856392,0.0,0.0,103.63160425887844,0.0,0.7285967533602149,cal_final_2008-09-30
12025700,hbv_lite_cma,evaluation,0.837379,0.882945,-0.030914,-0.071309,-0.470773,13,explicit_euler_dt1,hbv,success,,27.76,0.8288,-2.4500000388629104,12.815879492139103,0.0305122991778342,1.090673307656935e-09,292.33791437032096,1.8367912367488008,0.9999999950865026,0.9899999930618866,0.4003034614256237,36.529569283601695,7.418380927835727,0.1045535941241703,1.1160734743852687,0.0,0.0,129.14404219067578,0.0,1.2188523600898404,cal_final_2008-09-30
12035000,hbv_lite_cma,evaluation,0.836466,0.798589,-0.07745,-0.121159,-0.347811,13,explicit_euler_dt1,hbv,success,,30.12,0.8745,0.7299999706549141,10.848016960232547,0.0086909652348938,1.8471794244268681e-09,214.8816968045708,1.0000014773579742,0.9999998697595338,0.8345683641826541,0.2345866966008093,72.94061837030675,7.5878565739872785,0.0804220850859953,1.2071701090643314,0.0,0.0,106.53277455260688,0.0,7.870887302244667,cal_final_2008-09-30
12040500,hbv_lite_cma,evaluation,0.754327,0.670962,-0.170624,-0.192698,-0.401558,13,explicit_euler_dt1,hbv,success,,25.45,0.805,-2.180002337621044,1.9297937741598568,0.0394715670807779,2.367652811261236e-08,72.14044204206255,1.0000000004421197,0.9999999907049012,0.9899999999595472,0.3050944170440905,45.222068375085485,4.308840981786428,0.0468206501756339,1.1790638094444628,0.0,0.0,51.06901645425654,0.0,28.27518057248477,cal_final_2008-09-30
12041200,hbv_lite_cma,evaluation,0.641348,0.806177,-0.066365,-0.037631,-0.213647,13,explicit_euler_dt1,hbv,success,,26.97,0.7477,-6.893617587877543e-08,0.500000005960757,0.0193809585542116,2.2328029718478e-10,50.000002047503855,1.0000000329370766,0.9999999962981844,0.9899999607753472,0.357926358767605,46.12230953344926,10.704554373775084,0.047633840683905,1.0565847259218266,185.33498390430108,4.138165010658668e-08,44.98842866688277,0.0,119.19885077227906,cal_final_2008-09-30
12048000,hbv_lite_cma,evaluation,-0.015573,0.300237,0.482023,-0.12455,3.432617,13,explicit_euler_dt1,hbv,success,,53.7,0.2806,-2.48006165932704,5.094492990655665,0.0999999832351788,0.0124302712481726,111.40465379792695,5.976578040350891,0.3969771777583415,0.569022850465383,0.1171643570481055,156.5889823832977,29.999518256079725,0.0002992686464823,1.7755347419898797,0.0,0.0,34.03012189021145,0.0,9063.645000220988,cal_final_2008-09-30
12054000,hbv_lite_cma,evaluation,0.587539,0.78196,-0.089916,-0.173403,0.35425,13,explicit_euler_dt1,hbv,success,,27.91,0.6458,-1.963080494350836,2.406920185978392,0.0999775355249618,0.0099998147320739,50.000000606264805,1.0000714240118809,0.999999148688944,0.9204426653695024,0.2489516815194274,0.0002528363515565,16.843536845660026,0.0139536505607317,1.731214643414364,0.0,0.0,21.29803827424949,0.0,153.46714463158466,cal_final_2008-09-30
12056500,hbv_lite_cma,evaluation,0.655845,0.810323,-0.058779,-0.150891,0.21096,13,explicit_euler_dt1,hbv,success,,27.62,0.5828,-1.82000012474842,0.6859815522927943,0.0189867607037699,1.7711115695119806e-10,837.3013544310412,1.0000000206196142,0.9999999613951512,0.989999999971365,0.4999996022108626,1.7945631156421782e-08,23.4364297008902,0.1370429585065756,1.8436605247818287,115.95275365123788,2.0536526257330934e-08,634.283245282492,0.0,34.69774518987644,cal_final_2008-09-30
12073500,hbv_lite_cma,evaluation,0.773761,0.731125,0.208383,-0.051748,1.411094,13,explicit_euler_dt1,hbv,success,,28.38,0.8272,-2.0434796158458046,1.1087775424377977,0.0796161972046437,0.0001737196812189,307.3918194104119,2.048440165486199,0.3461770261527919,0.989933941213935,0.180000666983777,50.19867127444629,5.980656284413585,0.0005387661567781,1.3591915814039377,0.0,0.0,59.05507183977,0.0,2419.0188334356176,cal_final_2008-09-30
12082500,hbv_lite_cma,evaluation,0.698545,0.810031,0.046534,-0.095156,0.482822,13,explicit_euler_dt1,hbv,success,,28.94,0.6972,-1.9199973263999568,2.05329336337564,0.0152667920167851,0.0004853601842099,920.3620405975656,1.0000000376694278,0.9999999095389144,0.9899999833331212,0.2587418597363908,64.20153578551539,13.125458770764425,0.010046237494872,1.8153852029466315,0.0,0.0,595.0819240333087,0.0,327.91967097857133,cal_final_2008-09-30
12092000,hbv_lite_cma,evaluation,0.505873,0.73041,0.116489,-0.129014,0.925417,13,explicit_euler_dt1,hbv,success,,31.98,0.5652,-2.430009621499966,2.1094194342587564,0.0999756201971893,0.0351172130436061,1626.408703579791,1.0001020182326503,0.9999984268019356,0.5459590275335882,0.3034332616117661,48.36243323587027,15.781466853683243,0.0048650310725234,1.8400192740567205,0.0,0.0,1144.962029742409,0.0,843.3377954962692,cal_final_2008-09-30
12114500,hbv_lite_cma,evaluation,0.630182,0.658967,-0.10876,-0.242084,0.529347,13,explicit_euler_dt1,hbv,success,,29.54,0.7381,0.4300007341213332,2.757129679351736,0.0155327002255855,5.6514066088385905e-09,1372.7446773789502,1.609301142204548,0.9999993929773536,0.989999564353349,0.4180774874316602,38.90941116461211,15.03469616113328,0.043508904513659,1.633188979771269,0.0,0.0,1090.756100809352,0.0,39.76174001611434,cal_final_2008-09-30
12115000,hbv_lite_cma,evaluation,0.681972,0.66536,-0.073091,-0.242984,0.596607,13,explicit_euler_dt1,hbv,success,,28.34,0.7629,0.0899999965293751,2.3484889946246565,0.0857954121792498,3.101195437230888e-11,475.5535264016708,1.000000001310284,0.999999996426754,0.9899999763684596,0.3797568533409817,40.13049920937892,14.003692504120496,0.0338863415100147,1.775865595795728,0.0,0.0,302.9187804770512,0.0,55.79777154263653,cal_final_2008-09-30
12117000,hbv_lite_cma,evaluation,0.836055,0.805467,-0.060115,-0.168975,0.091077,13,explicit_euler_dt1,hbv,success,,29.26,0.8559,-2.3412619096455685,0.5993149661113345,0.024268798049721,0.0157477459208336,1165.3439263866867,2.1964987387848858,0.9999161045873068,0.9435921895286116,0.2578751822347739,54.516248413114766,10.285543650886645,0.0293675914937352,1.8303417893346423,0.0,0.0,920.1697689865036,0.0,66.93354781166173,cal_final_2008-09-30
12143600,hbv_lite_cma,evaluation,0.678733,0.679569,-0.115783,-0.247659,0.506871,13,explicit_euler_dt1,hbv,success,,27.88,0.7067,-0.0400000182407458,2.06050355531026,0.0713442514990318,3.1833856443020224e-13,1663.5276375738954,1.000000002000708,0.9999999996680492,0.9899999999869032,0.3956122836351623,30.121190243848456,10.089440611762411,0.034204864326305,1.312532608524016,0.0,0.0,1295.0596273642382,0.0,70.5713299046186,cal_final_2008-09-30
12144000,hbv_lite_cma,evaluation,0.692421,0.731112,-0.120048,-0.224847,0.104411,13,explicit_euler_dt1,hbv,success,,28.14,0.7364,0.2499999011854505,1.8919583173271608,0.0844288023675178,0.0015707215847514,974.1875736145556,1.000000506489484,0.9999998581748706,0.9899973666342006,0.3539008407864927,38.80756724166322,11.58446097405133,0.0282493683637006,1.2063386480222826,0.0,0.0,711.1246713410704,0.0,89.84919966931504,cal_final_2008-09-30
12145500,hbv_lite_cma,evaluation,0.842828,0.805277,0.032274,-0.082869,0.106298,13,explicit_euler_dt1,hbv,success,,27.81,0.8909,-0.9400012212059488,0.6750198834504981,0.0582288541812189,1.1864668261105154e-09,210.7530579309937,1.0093730435569546,0.6020779211495239,0.9899999736834824,0.2583916754984161,37.7250248613468,3.970008420737683,0.0606841252195852,1.2889973562267532,0.0,0.0,101.23800016160791,0.0,16.862395029905038,cal_final_2008-09-30
12147500,hbv_lite_cma,evaluation,0.662001,0.612842,-0.289633,-0.282588,-0.405602,13,explicit_euler_dt1,hbv,success,,27.92,0.6417,0.2399931419538239,1.0039657439328686,0.0999795354761921,0.082681176770359,50.00144231149312,1.0000031437457857,0.9999999603423572,0.989999997280634,0.4999613093004837,14.183342465905149,8.30074190342161,0.0377001559469026,1.004612709988952,0.0,0.0,39.58493881242053,0.0,53.568861280451536,cal_final_2008-09-30
12167000,hbv_lite_cma,evaluation,0.623381,0.545423,-0.2274,-0.321126,-0.020564,13,explicit_euler_dt1,hbv,success,,27.89,0.6702,-1.0100003333181848,0.6291856329117401,0.0609261888030461,1.1286094603673097e-07,50.000020254922894,1.000000383570059,0.9999998374812868,0.5699013950539156,0.232721090229047,30.50564424588917,6.251303594261614,0.0255432307644691,1.033527531535661,0.0,0.0,31.19099717153831,0.0,46.35153003002927,cal_final_2008-09-30
12175500,hbv_lite_cma,evaluation,0.493252,0.697483,-0.116592,-0.230287,0.418785,13,explicit_euler_dt1,hbv,success,,28.93,0.5761,-2.47001491616781,1.8517027281240064,0.0177185426379452,0.0059098655845258,236.7999652080188,1.0000000437492669,0.9999998482159602,0.9440232848616108,0.2284611182510798,67.59451554779933,15.055102945589104,0.0149324229915339,1.813133046339643,0.0,0.0,125.4379111310358,0.0,256.20176497671446,cal_final_2008-09-30
12178100,hbv_lite_cma,evaluation,0.47222,0.652277,-0.150598,-0.240648,0.190126,13,explicit_euler_dt1,hbv,success,,29.98,0.5576,-2.1400005239575903,1.8458541875458607,0.0827727832188858,2.49140933307648e-09,2260.653663547551,1.000000424327685,0.9999999882635642,0.9899996596245032,0.4999999965130648,67.02284956041777,12.271541597821722,0.0240926004521313,1.6513596697491035,0.0,0.0,1646.6190083969798,0.0,113.20655616969628,cal_final_2008-09-30
12186000,hbv_lite_cma,evaluation,0.576583,0.720031,-0.177049,-0.205222,-0.003361,13,explicit_euler_dt1,hbv,success,,28.98,0.5716,-1.140931387442314,1.6640744999562027,0.0986978819260854,0.0003193592495662,64.91473649152519,1.000174799087019,0.9997386480323536,0.9899929232201368,0.0583716473319955,4.153349317583572,11.955583954702965,0.0275737425092491,1.136781853036377,0.0,0.0,39.42439386516515,0.0,69.52956339329606,cal_final_2008-09-30
12189500,hbv_lite_cma,evaluation,0.479163,0.672306,-0.054119,-0.227807,0.33137,13,explicit_euler_dt1,hbv,success,,30.13,0.6169,-1.7000117146208775,1.969729955501118,0.000237490523843,0.0539921500963046,134.97481798930323,1.0000012598685224,0.9999878255886434,0.9899667246464198,0.4999988259341286,75.96531143575892,20.25791557619307,0.0152219959033055,1.648033047111614,0.0,0.0,64.5039943581177,0.0,171.9375557929998,cal_final_2008-09-30
12375900,hbv_lite_cma,evaluation,0.57553,0.730217,0.03015,0.124937,-0.725403,13,explicit_euler_dt1,hbv,success,,53.7,0.7877,0.7599961287311863,2.1391343290261178,0.0932911924067571,0.0135850565885395,2499.9761124672905,1.000000021675726,0.9999976105252536,0.1039694962405413,0.2827280415973132,59.667510450015705,9.382247157203194,0.0416401552110134,3.683285419169066,0.0,0.0,1474.9752937365097,0.0,40.93548789022581,cal_final_2008-09-30
12377150,hbv_lite_cma,evaluation,0.73167,0.697784,-0.276043,-0.161653,-0.856634,13,explicit_euler_dt1,hbv,success,,35.77,0.7625,2.4999999552188905,3.4670034708389728,0.0821649258094933,0.0295089065571037,50.000000420395125,1.00000000042736,0.9999999992890394,0.0503439063430924,0.3637198770018931,67.90232044396657,18.173396370965584,0.0318449263812274,1.4452708601386917,0.0,0.0,25.95423304147489,0.0,50.69284183507118,cal_final_2008-09-30
12381400,hbv_lite_cma,evaluation,0.367648,0.519438,0.300453,0.306064,-0.66558,13,explicit_euler_dt1,hbv,success,,40.44,0.8704,1.4898693484485834,3.454417316637473,0.0999106651476786,0.0263169781898973,932.6881442837722,1.0000001881974694,0.3464727603689773,0.9250223695905014,0.1052518234958918,135.0188020591712,18.53057252943457,0.0374190799321439,1.4603666866347609,0.0,0.0,238.2325680519339,0.0,13.126050688438829,cal_final_2008-09-30
12383500,hbv_lite_cma,evaluation,0.392134,0.572149,0.125629,0.213577,-0.45311,13,explicit_euler_dt1,hbv,success,,45.14,0.7444,2.499996039915496,2.0175310212145856,0.0999991095539182,0.1216554396839132,1838.328150508824,1.0000000261009363,0.927994848627962,0.0684214182095475,0.160159271580948,169.72228456561118,14.058755685924591,0.0164075748725492,1.8521918455256248,0.0,0.0,960.2334431332024,0.0,90.98954565323317,cal_final_2008-09-30
12390700,hbv_lite_cma,evaluation,0.594239,0.737012,0.181043,-0.064087,0.78308,13,explicit_euler_dt1,hbv,success,,34.36,0.7729,-0.941441210989782,1.7547853325409708,0.0828095882977922,2.271651478015213e-06,494.5436103262407,1.233615554265929,0.2000043751181834,0.7450522928494913,0.3762639250098792,3.436845979288193,9.92665907027326,0.0282065142125773,2.969012551477777,0.0,0.0,81.40835755134444,0.0,12.455630521366842,cal_final_2008-09-30
12411000,hbv_lite_cma,evaluation,0.699784,0.840755,-0.049164,-0.067525,-0.57193,13,explicit_euler_dt1,hbv,success,,43.65,0.7676,-0.6199999496701865,2.529643917409538,0.0785403666622692,3.151408160159709e-09,199.15878096807265,5.999994710354075,0.2000000525842109,0.4608062069804882,0.4720473844860679,142.048184066252,11.41932432159624,0.0388950329501575,2.112690385595023,0.0,0.0,56.30265866869776,0.0,1.4393737269040237,cal_final_2008-09-30
12447390,hbv_lite_cma,evaluation,0.616784,0.545484,-0.270731,-0.35296,-0.791092,13,explicit_euler_dt1,hbv,success,,31.21,0.6606,0.963701403648515,14.34843557487859,0.0302730445531548,3.865807760960081e-12,2499.999999987864,1.0000000000565086,0.5153650273433726,0.2698453171187178,0.1717460459433588,147.0033111120795,29.99999995657235,0.0374700006740475,1.00124543815794,0.0,0.0,1006.4154419719196,0.0,9.79758342513317,cal_final_2008-09-30
12451000,hbv_lite_cma,evaluation,0.632117,0.793257,-0.108427,-0.095064,-0.042524,13,explicit_euler_dt1,hbv,success,,67.68,0.7463,-2.079931395216621,2.999498905864613,0.0910281415670862,8.081927764630964e-07,1191.6452614466025,1.0000119780308403,0.9999993622464028,0.7995175831520309,0.4995047611421609,19.35478787009584,22.458920299195945,0.0257384784287851,1.7792581061614856,0.0,0.0,696.073403819177,0.0,56.833718163705775,cal_final_2008-09-30
12488500,hbv_lite_cma,evaluation,0.71793,0.751354,0.15926,-0.098714,1.129308,13,explicit_euler_dt1,hbv,success,,65.76,0.6549,-1.250001216856091,2.998102256739139,0.0864904262394813,5.0568557338123604e-08,2499.980423792732,1.1645368718572626,0.2000014120657848,0.4412398013715228,0.1514559268066662,131.97522602486725,13.311649540509505,0.0246526779031819,1.2462707394932109,0.0,0.0,1552.257966186366,0.0,47.87788333197725,cal_final_2008-09-30
13011500,hbv_lite_cma,evaluation,0.77492,0.875013,0.039829,-0.008021,-0.203929,13,explicit_euler_dt1,hbv,success,,73.37,0.8501,-1.459999961342899,3.310142523622263,0.0589526056775623,0.0076517386106131,357.3873342677397,1.2863820746701995,0.999991987658566,0.5821846187209024,0.4353513503839485,152.54458219555863,15.29780852658539,0.0495368020434282,1.7350368915087575,0.0,0.0,108.34864487144888,0.0,4.25402763867931,cal_final_2008-09-30
13011900,hbv_lite_cma,evaluation,0.759101,0.770094,0.076159,0.130466,-0.804566,13,explicit_euler_dt1,hbv,success,,37.13,0.8652,-0.3899996070710001,2.469579854824997,0.06948615559287,1.3002106784365099e-09,2499.99935790491,1.0000000167243162,0.8528048171799494,0.757496081144377,0.4006853319961168,54.64590487589992,7.436349484019651,0.0469153541954026,2.026264948710048,0.0,0.0,1212.726322155507,0.0,11.923604949369777,cal_final_2008-09-30
13018300,hbv_lite_cma,evaluation,0.713719,0.732457,-0.231571,-0.154621,-0.70103,13,explicit_euler_dt1,hbv,success,,46.32,0.6563,0.4099988445084519,1.9329359436067608,0.0999862671672574,0.042409037196184,2499.99999526134,1.236739996586235,0.5225641938409505,0.4208189990367775,0.281767672488638,154.22742200925455,4.864832513737881,0.0283185899090813,2.0146113175685336,0.0,0.0,786.377398479465,0.0,10.833809306121132,cal_final_2008-09-30
13023000,hbv_lite_cma,evaluation,0.798345,0.709089,-0.207963,-0.226635,-0.507441,13,explicit_euler_dt1,hbv,success,,67.13,0.7979,-1.9599998647438728,4.019914026837244,0.0016367042155468,6.539956658342067e-11,2499.99997346634,1.0000000550300756,0.4922065102402171,0.1719136802367128,0.0637154013869176,48.19311710746423,16.24329954316175,0.0233536501772533,1.3578663652868563,0.0,0.0,787.4206089647117,0.0,24.298022631196005,cal_final_2008-09-30
13161500,hbv_lite_cma,evaluation,0.70179,0.80371,-0.111672,-0.107823,0.092333,13,explicit_euler_dt1,hbv,success,,92.91,0.8383,1.3100001699199595,14.999999993051183,0.0648227567968196,1.9548168434243827e-10,430.26535863964114,1.9369932360812887,0.5590050593443048,0.3371004143632573,0.2754764244949567,133.03208804786516,27.228840109730577,0.0334522958156817,1.7082834006922518,0.0,0.0,31.79937761215277,0.0,0.3380066645442296,cal_final_2008-09-30
13235000,hbv_lite_cma,evaluation,0.776026,0.841778,-0.035205,0.032989,-0.462938,13,explicit_euler_dt1,hbv,success,,32.9,0.6668,-0.8399999610130284,2.8344787692272084,0.0012206243481227,1.9113652232774283e-11,50.000002419969086,1.000000008991066,0.9999999405837008,0.9555877971858204,0.1563374118870854,162.8591921832306,20.86989824389555,0.0214204220080322,1.3375443991965428,0.0,0.0,12.326793774905523,0.0,17.14724957906724,cal_final_2008-09-30
13240000,hbv_lite_cma,evaluation,0.790195,0.795675,-0.175365,-0.166297,0.135523,13,explicit_euler_dt1,hbv,success,,54.06,0.8334,0.1900002516215169,4.323367538574253,0.0505655056610413,2.8709275811185386e-12,2085.2977269453454,1.000000000778971,0.9999999999051268,0.6959908722252441,0.499999999956127,31.88832960394832,14.964354466074203,0.0713101960087755,1.207680487566677,0.0,0.0,1165.0662060750867,0.0,9.658816515931685,cal_final_2008-09-30
13313000,hbv_lite_cma,evaluation,0.702895,0.636634,0.133536,0.199775,-0.21255,13,explicit_euler_dt1,hbv,success,,36.86,0.8415,2.220000074952954,14.999999985345536,0.0610981192648939,5.756268901855248e-09,2499.9999642565504,1.000000094223965,0.8352214813257277,0.05031317587309,0.0112344215524218,2.2080447211042534e-07,29.999994734997934,0.0416512615496534,1.0677369816000186,0.0,0.0,1128.2989804714002,0.0,11.841481085864544,cal_final_2008-09-30
13331500,hbv_lite_cma,evaluation,0.691706,0.775647,-0.119792,0.030635,-0.00527,13,explicit_euler_dt1,hbv,success,,40.89,0.7633,2.1000000170024187,1.6704267783396327,0.0316191956501954,8.76281711556558e-13,1725.2973654517657,1.000000000004034,0.9999999987738044,0.7052732931756008,0.3206919376308311,145.9160410847653,5.719908104176266,0.0810781259411923,1.0964913504684832,0.0,0.0,794.0526689661241,0.0,6.651460524451412,cal_final_2008-09-30
14020000,hbv_lite_cma,evaluation,0.415822,0.691843,-0.052776,-0.145976,-0.58106,13,explicit_euler_dt1,hbv,success,,29.41,0.5132,1.249999998843187,0.9320024873797386,0.0824860795496792,1.8760029364481746e-12,68.48834806045741,1.0000000001097902,0.9999999998238996,0.9737554978248444,0.2844900898725747,107.47980730629784,3.519014994244582,0.0716880380558268,1.6705981240191865,0.0,0.0,11.404846766260048,0.0,0.6136188061203702,cal_final_2008-09-30
14096850,hbv_lite_cma,evaluation,0.571492,0.466295,-0.160821,-0.332234,-0.212525,13,explicit_euler_dt1,hbv,success,,34.37,0.6076,-1.249778872108024,1.1048813592482647,0.0355132501211528,0.0591600189314624,1565.4866282744824,1.0011858989320397,0.2880210870259188,0.8433449700109072,0.316406049887306,180.87872670112824,1.7414172446982734,0.0142418727953414,1.696302960378491,0.0,0.0,269.8135963855869,0.0,16.384765167874402,cal_final_2008-09-30
14137000,hbv_lite_cma,evaluation,0.769819,0.731319,-0.052604,-0.176278,0.040448,13,explicit_euler_dt1,hbv,success,,29.01,0.7995,-1.0007137367551169,1.3990432362241454,0.0700390904200025,1.8800210517159548e-07,948.9000559000516,1.0000000034719354,0.9999999989724726,0.8805054529299947,0.2461367582913194,54.43845328104801,8.051063641647103,0.0241622215262402,1.7882453104462588,0.0,0.0,596.5280158251925,0.0,56.1209390127255,cal_final_2008-09-30
14138800,hbv_lite_cma,evaluation,0.689309,0.714697,-0.038346,-0.229969,1.380753,13,explicit_euler_dt1,hbv,success,,27.91,0.7208,-0.9400001674579525,1.6196603164781902,0.0999964246807706,0.1917155961871848,122.15942874779826,1.000000291931082,0.999999935626078,0.9899999658254978,0.4551405493974962,22.350373205923663,8.195534728515725,0.0290603591671919,1.4545013402752074,0.0,0.0,60.87896868828204,0.0,34.072961728581525,cal_final_2008-09-30
14138870,hbv_lite_cma,evaluation,0.758196,0.799653,-0.077951,-0.178195,0.62605,13,explicit_euler_dt1,hbv,success,,27.79,0.8,-0.3600016721638468,1.272989425602633,0.066708814280829,7.37352650000361e-07,1024.9997304331885,1.0000000305625256,0.999999984577429,0.9899999956274352,0.3609676388571146,21.58506588447877,6.3451635891252165,0.0468186499020262,1.950240479421398,0.0,0.0,695.4195687229825,0.0,30.685515529795392,cal_final_2008-09-30
14138900,hbv_lite_cma,evaluation,0.653773,0.695204,-0.180705,-0.187464,-0.562947,13,explicit_euler_dt1,hbv,success,,27.68,0.7074,-0.4700044457745185,0.5873518894290101,0.0775469292736007,0.199999102669188,237.1526789798544,1.0000013469045002,0.9999999798887886,0.9899864297304084,0.4096405642318287,30.440792529044792,5.0672390463966,0.0477272291625062,1.5023082978090594,0.0,0.0,108.99113337368358,0.0,14.929264007563054,cal_final_2008-09-30
14139800,hbv_lite_cma,evaluation,0.787069,0.780249,-0.140155,-0.14613,-0.358747,13,explicit_euler_dt1,hbv,success,,27.87,0.795,0.0499899750173455,1.002513617978375,0.0604345052453757,5.478546229463449e-07,184.3230787903752,1.0000118721543128,0.9999941278668796,0.9899869856868034,0.3702884452004639,31.21461732386436,5.4737110641546005,0.0559230671065135,1.2011557082028177,0.0,0.0,93.69241557736594,0.0,18.28971454693824,cal_final_2008-09-30
14141500,hbv_lite_cma,evaluation,0.804772,0.853519,-0.032389,-0.116252,0.276136,13,explicit_euler_dt1,hbv,success,,27.84,0.8048,0.4299971781663156,0.8891498022520556,0.0877768226041286,2.3158182603013957e-09,959.7002560958364,1.0717927389100617,0.9877691390552436,0.989999482862326,0.3744403839929357,27.71742138930742,6.3774728330684045,0.053796585922069,1.4268998596997722,0.0,0.0,644.5338018450825,0.0,27.716846010959124,cal_final_2008-09-30
14154500,hbv_lite_cma,evaluation,0.757994,0.769836,0.044864,-0.166891,1.09991,13,explicit_euler_dt1,hbv,success,,27.63,0.7955,-1.2900000269050311,0.5000000063565084,0.030618069500765,1.5260895640613562e-08,900.7850380000592,1.0000000188384768,0.4032877397355878,0.8990206810334824,0.3334246427178269,20.91486444580969,5.259861528398746,0.0859561301245211,1.266527692870303,0.0,0.0,275.9077583043706,0.0,0.7259117516397414,cal_final_2008-09-30
14158790,hbv_lite_cma,evaluation,0.71421,0.71436,-0.081033,-0.254875,0.447293,13,explicit_euler_dt1,hbv,success,,28.87,0.6888,-1.6300024308449683,1.911558643159984,0.0408990635221748,0.0001506329250267,190.71772221611124,1.791787492878394,0.9999998342025624,0.7780604896025224,0.4999999666260629,177.54762036231597,13.064990528416832,0.0361912035395012,1.849612245103996,0.0,0.0,57.04986254342996,0.0,6.041620794097814,cal_final_2008-09-30
14166500,hbv_lite_cma,evaluation,0.823386,0.808473,0.169131,0.111567,-0.909147,13,explicit_euler_dt1,hbv,success,,42.73,0.8789,0.2395996573257059,1.941079641288628,0.0133876194702769,0.0008493017582318,266.1904517662921,1.9352296999750127,0.2000021982041291,0.3445916632714499,0.4999998105406474,141.43370034087596,6.989825378742808,0.0849633045143671,3.540367927751756,0.0,0.0,10.37082794489464,0.0,0.0062044815497347,cal_final_2008-09-30
14182500,hbv_lite_cma,evaluation,0.722444,0.689249,-0.088168,-0.178582,0.204754,13,explicit_euler_dt1,hbv,success,,28.02,0.7518,-0.7800000033934533,1.176568599153621,0.031842495751265,5.272036408969241e-10,93.05800283111152,1.0000000026444549,0.9999999997999762,0.9899999947270536,0.3422674281054813,46.18986411234488,7.248668481347429,0.0452924902391399,1.2459402079673798,0.0,0.0,31.0310813066838,0.0,6.76982482296617,cal_final_2008-09-30
14185000,hbv_lite_cma,evaluation,0.808172,0.830623,0.082703,-0.059524,0.761994,13,explicit_euler_dt1,hbv,success,,27.88,0.8196,-2.070000033264435,0.5000001727784075,0.0336928915471197,1.2618875795414558e-08,717.3007778018498,1.0000001449978655,0.6418707665629598,0.6550954914114012,0.2050240933167894,31.38171122791852,5.799780906828841,0.0560937056728806,1.6153804761707335,0.0,0.0,284.5536703638143,0.0,5.275541519566215,cal_final_2008-09-30
14185900,hbv_lite_cma,evaluation,0.791531,0.766721,-0.134374,-0.193637,-0.273414,13,explicit_euler_dt1,hbv,success,,27.77,0.7754,-0.8800000002317054,1.7893994260853483,0.0694103475045035,6.313368181885878e-11,219.6244522328255,1.2031633557274375,0.9999999998379768,0.7684857567736137,0.2089230626198266,50.38434272461172,7.836108624659955e-05,0.4363060986811404,1.0088859104199308,0.0,0.0,68.28035354205224,0.4460047076469691,0.000101240084774,cal_final_2008-09-30
14187000,hbv_lite_cma,evaluation,0.837069,0.820892,0.067727,-0.075311,0.290288,13,explicit_euler_dt1,hbv,success,,27.64,0.8329,-1.9200011323358408,0.7259096251043292,0.0817976797866185,3.1334212903325615e-08,487.232730397491,1.0000000017746142,0.3086450987347158,0.3548158514404206,0.2156699718774914,18.76308181271148,5.886260716638144,0.0945090100818124,1.4338873889670078,0.0,0.0,70.8012013293619,0.0,1.1264619191172611,cal_final_2008-09-30
14216500,hbv_lite_cma,evaluation,0.661392,0.676792,-0.104456,-0.222106,-0.209665,13,explicit_euler_dt1,hbv,success,,31.85,0.706,-1.4999965745645685,1.688983174474947,0.0950650470479557,0.0001728188962451,402.1871025356751,1.5211949985775268,0.999999408305861,0.810417170621519,0.2018380268056652,168.07929180039346,10.660381532830971,0.0269778708611255,1.014611701495197,0.0,0.0,183.9920039866279,0.0,25.2851072477984,cal_final_2008-09-30
14222500,hbv_lite_cma,evaluation,0.771042,0.790822,0.006914,-0.100412,0.329752,13,explicit_euler_dt1,hbv,success,,26.89,0.8589,-0.6699999626233499,3.27254400238868,0.0275303915691376,1.8072656557713047e-08,448.1075079196715,1.3179107267199452,0.9999999313912324,0.8280329013242917,0.2224650356585481,73.4108996965057,6.031362743147629,0.0396444914382694,1.0790390193030082,0.0,0.0,212.6284594239889,0.0,10.228264017192446,cal_final_2008-09-30
14236200,hbv_lite_cma,evaluation,0.735878,0.683202,-0.137209,-0.221892,-0.348632,13,explicit_euler_dt1,hbv,success,,27.56,0.8025,0.389999944910099,0.8900042678518773,0.0768678183937044,2.096354929167213e-09,206.63188739867536,1.0916189586003449,0.9999999961796986,0.9899999766149196,0.344423284602635,64.57866588977032,7.654684372434138,0.0740058177296951,1.8699415109605664,0.0,0.0,87.26707337298622,0.0,5.174150023728959,cal_final_2008-09-30
14301000,hbv_lite_cma,evaluation,0.892994,0.744246,0.250116,0.047592,2.623571,13,explicit_euler_dt1,hbv,success,,46.09,0.8651,-2.1701742895587945,8.487218034140756,0.0608134745016974,0.1999979929106716,1354.9210112442656,1.0000000611371012,0.5310019402323909,0.4191360225308835,0.1654735791941619,39.05466786947221,4.6411554415470935,0.0484663418310645,3.953983060782783,0.0,0.0,778.3975440003161,0.0,12.103994848636932,cal_final_2008-09-30
14303200,hbv_lite_cma,evaluation,0.802232,0.757405,0.088536,-0.13338,0.884002,13,explicit_euler_dt1,hbv,success,,28.38,0.8401,1.1199994815405565,3.6715858628755207,0.0638006877541533,8.550969995550156e-08,2499.999988935798,1.000000004515983,0.6766264654831202,0.967742982769496,0.1469946784585455,90.39793686228845,7.338489637836039,0.0426855877213421,1.0343977832689928,0.0,0.0,1786.544962901765,0.0,15.109077902166051,cal_final_2008-09-30
14305500,hbv_lite_cma,evaluation,0.848552,0.920386,0.024883,0.00768,-0.677304,13,explicit_euler_dt1,hbv,success,,27.29,0.8862,0.7400000747854136,2.025391779161384,0.0001064697484864,1.1541154043591277e-08,377.55302060907815,2.4536819673305263,0.9999985580533266,0.9899999907480896,0.3967666820750664,69.91054859562011,14.517198536783091,0.1035045918911183,1.0525724076631815,0.0,0.0,176.04534632908565,0.0,0.809606135914181,cal_final_2008-09-30
14306340,hbv_lite_cma,evaluation,0.815481,0.832572,0.118351,0.002033,-0.641963,13,explicit_euler_dt1,hbv,success,,40.36,0.8103,-2.4999999097574293,7.653696129305091,0.0983145091784561,5.730253151564518e-09,279.54027027146736,1.4011388207944269,0.2000000009026291,0.5908044625417166,0.2477949715123375,34.97039358426639,8.316876010197761,0.094092997162537,3.938861939979944,0.0,0.0,18.588223338093258,0.0,0.1210751055707241,cal_final_2008-09-30
14306500,hbv_lite_cma,evaluation,0.836857,0.84057,0.137189,0.056446,0.965957,13,explicit_euler_dt1,hbv,success,,49.09,0.8602,-2.449970048226461,14.99867616198856,0.0838487724822062,0.0308695444117214,544.2793322451727,1.0000036052770147,0.904380696054356,0.2887313229342149,0.0704436924574598,86.11620405559468,1.7090714564947451,0.0001000000771749,3.886989667195367,0.0,0.0,214.8837106515076,0.1154415776641814,3471.5250194546734,cal_final_2008-09-30
14308990,hbv_lite_cma,evaluation,0.674272,0.60844,0.052825,-0.18598,0.230602,13,explicit_euler_dt1,hbv,success,,28.26,0.7762,-0.5700002225775087,1.9277912773385784,0.0897707250969667,0.0016624590235575,1229.6720704166237,1.0000000354745606,0.2535090186011142,0.4821332796395802,0.3756944379569682,12.75557855648674,4.370212256109989,0.0644098490257213,1.1436934458446737,0.0,0.0,192.4475715862009,0.0,0.1223437101363525,cal_final_2008-09-30
14309500,hbv_lite_cma,evaluation,0.708609,0.655197,0.316183,0.022812,2.590794,13,explicit_euler_dt1,hbv,success,,27.88,0.7689,0.2300000472587471,4.582512069407957,0.0144712857795887,5.6401576333661905e-09,1299.132000075221,1.0000000079553968,0.5416337991582698,0.6415850274355508,0.1797870229989673,24.63914351883592,4.568115892428506,0.0624533890644657,1.0236602159765518,0.0,0.0,478.13135177060326,0.0,0.3246191274339005,cal_final_2008-09-30
14316700,hbv_lite_cma,evaluation,0.782587,0.804222,-0.003805,-0.155423,-0.469728,13,explicit_euler_dt1,hbv,success,,27.81,0.814,-1.3999962192409918,0.903336925858762,0.0512210416097317,4.940585456663828e-09,346.29231572231447,1.0000000288544015,0.2000017302281485,0.9899997486485556,0.3638837472852382,22.19655772913629,6.88240158182134,0.0811501931313525,1.9795720788190347,0.0,0.0,7.58622116371464,0.0,0.0457718837075234,cal_final_2008-09-30
14325000,hbv_lite_cma,evaluation,0.764754,0.718757,0.233504,-0.050728,3.263593,13,explicit_euler_dt1,hbv,success,,27.6,0.7548,0.429999910632866,1.776396629370622,0.0542671399689756,0.199999883815683,2192.3215806419007,1.000001672168284,0.2939450598100024,0.7340962515097356,0.154194034163473,47.24756017390364,7.371867481346801,0.0506528588302033,1.0414156634098262,0.0,0.0,1384.1494508868475,0.0,5.669688811792256,cal_final_2008-09-30
14362250,hbv_lite_cma,evaluation,0.413591,0.123006,0.831176,0.449825,14.933924,13,explicit_euler_dt1,hbv,success,,34.05,0.6273,0.7402907079175898,4.033518787188708,0.004775046838752,0.0002346979268405,1777.6983280667366,1.51122938491707,0.2000015104614372,0.6637637317783965,0.1056710420425112,10.02606533844367,1.144542969174309,0.0361184242568669,2.9151193023998085,0.0,0.0,233.2263553742356,0.0,0.2275097518260076,cal_final_2008-09-30
14400000,hbv_lite_cma,evaluation,0.841217,0.895045,0.005543,-0.079347,-0.421655,13,explicit_euler_dt1,hbv,success,,26.15,0.871,-1.8090602783720624,12.485996909392355,0.0794274549391404,0.16424381708194,197.20163464544063,1.903961953752697,0.9722334660189492,0.9899999999690136,0.4999999999902812,32.131810739588,23.391293289953968,0.1266835976398676,1.4724843720350784,0.0,0.0,32.297063346293314,0.0,0.0315255744432797,cal_final_2008-09-30
