basin,D_record,D_exp2,D_abs_diff_vs_exp2,whole_mean_abs_max,whole_std_rel_max,whole_corr_abs_max,whole_corr_abs_median,delta_abs_p50,delta_abs_p90,delta_abs_p99,rolling_mean_abs_p50,rolling_mean_abs_p90,rolling_mean_abs_p99,rolling_mean_abs_max,rolling_std_rel_p50,rolling_std_rel_p90,rolling_std_rel_p99,rolling_std_rel_max,rolling_corr_abs_p50,rolling_corr_abs_p90,rolling_corr_abs_p99,rolling_corr_abs_max
01022500,0.32549113035202026,0.3253735899925232,0.00011754035949707031,0.010787995931666534,0.006297618530205911,0.016232770027840904,0.01014810748320741,0.09514862298965454,0.10000002384185791,0.10000002384185791,0.032552058415280416,0.05626525495891218,0.0712293157307086,0.07926917026440303,0.021295979205437642,0.042541131150849336,0.05755764089546024,0.0666183582674315,0.02359701099460084,0.06912654798300112,0.10087399224900336,0.12098526182498842
01031500,0.3478161096572876,0.34786009788513184,4.398822784423828e-05,0.01597433590354648,0.005158466359811101,0.030321862458364185,0.0059789849042675355,0.08318307995796204,0.10000002384185791,0.10000002384185791,0.021603593430309383,0.03946443539526723,0.053372588444915055,0.06559185534715656,0.009868334248024802,0.03188975357195064,0.05037442622613837,0.06123442471226976,0.013271303087237354,0.04479356960200313,0.0736752420147185,0.09473153158381176
01047000,0.31609630584716797,0.3160017728805542,9.453296661376953e-05,0.014569155450029599,0.0042847374964970495,0.007211501965156741,0.0033643496053465394,0.08434689044952393,0.10000002384185791,0.10000002384185791,0.022298420703521483,0.05059634682687898,0.06899942071349534,0.07848525000391182,0.013872902217578347,0.03704157141429493,0.05281035127937083,0.06724164543994542,0.012967380993417932,0.039472834798553944,0.060920869312760535,0.08012741815617919
01052500,0.5136899948120117,0.5136989951133728,9.000301361083984e-06,0.012282913049088696,0.00698775929837892,0.014415225230586137,0.007041093093467815,0.09806419163942337,0.10000002384185791,0.10000002384185791,0.025078922165212847,0.04859208056220303,0.0702644994446525,0.08201580607780706,0.01612585363164481,0.037822061705984004,0.05649890790138624,0.0811715018809554,0.016378571763844718,0.05002415064872162,0.07451083515852047,0.09947792837036559
01054200,0.2612329125404358,0.2601056694984436,0.0011272430419921875,0.013215027797517806,0.0025477156343356832,0.013179674272369102,0.004225464079497913,0.08334457874298096,0.10000002384185791,0.10000002384185791,0.01778834481137219,0.04349904980027575,0.05280699911520438,0.06149090683018721,0.010439366133341392,0.03182708829167157,0.051639774607514066,0.07298796946072678,0.011689917857206189,0.042180234892903956,0.06994023969383528,0.08262989403638572
01055000,0.3154997229576111,0.3166731595993042,0.0011734366416931152,0.013177869908437535,0.0032243558252624217,0.011356240483565538,0.006054752742935515,0.08578282594680786,0.10000002384185791,0.10000002384185791,0.022007300276999105,0.04405942138974316,0.05457401871681214,0.06886800897342188,0.012172833763576803,0.030061055111039497,0.04595130709529562,0.0954082099264518,0.012023497107100795,0.03698532230231659,0.060202743067076216,0.08390417947479009
01057000,0.4206428527832031,0.4204598069190979,0.0001830458641052246,0.01334100925201848,0.004729699163098549,0.015157846225058745,0.0115814655195976,0.09720475971698761,0.10000002384185791,0.10000002384185791,0.026887728411842275,0.05533458121396878,0.07575420268155919,0.08163924206186222,0.019051969918477345,0.046868674467655254,0.07304342253703418,0.07844817162528087,0.019530009824685786,0.0537444316713675,0.08020389313874103,0.10318625793987449
01073000,0.2906654477119446,0.2906332015991211,3.224611282348633e-05,0.0123273456795533,0.00509658844219405,0.009315850902395617,0.008312545186094441,0.09607326984405518,0.10000002384185791,0.10000002384185791,0.024015692869822178,0.05690883687524886,0.07948206520770436,0.09112726852849679,0.017847000621929968,0.0439959260093795,0.07136566361965707,0.11504074700011395,0.014512395036006761,0.042688392417357335,0.07624319037953876,0.12098261155430665
01078000,0.37505102157592773,0.37506622076034546,1.519918441772461e-05,0.01653964450410421,0.0032974432486061072,0.025498340077711817,0.010955285795145264,0.08961713314056396,0.10000002384185791,0.10000002384185791,0.020844265432269485,0.045162441167566514,0.06625809583950928,0.07205625192986595,0.01397630595385026,0.04595954566679648,0.06810790823338267,0.08218414905679448,0.016452998191958848,0.04839341626628202,0.07916809191548793,0.09947009051486394
01123000,0.3173617124557495,0.3171376585960388,0.00022405385971069336,0.015699814400333773,0.002452474844420913,0.015052622048398134,0.005860704746428049,0.07835447788238525,0.10000002384185791,0.10000002384185791,0.02915954116593908,0.04866271071411945,0.07379805129269759,0.08459723853954565,0.013681154817251337,0.037015703319688883,0.05360137765274877,0.06261796810540243,0.014554161736981847,0.04305141825792055,0.06669030011843753,0.09025029464513457
01134500,0.4560396671295166,0.45589888095855713,0.00014078617095947266,0.01416254292216814,0.0038198563965291246,0.027120404255476904,0.00985578904904194,0.0860244631767273,0.10000002384185791,0.10000002384185791,0.021102203787476848,0.0434208047086442,0.06387353566178568,0.07677596310774487,0.011998887240419668,0.03857262975382682,0.06345368741483176,0.09013442762608086,0.016347798295054505,0.05096401907683912,0.08050747939306052,0.08957597095198366
01137500,0.3949218988418579,0.39490193128585815,1.996755599975586e-05,0.009359687505001546,0.004531092830938782,0.009041107266245962,0.005775330768814174,0.09559357166290283,0.10000002384185791,0.10000002384185791,0.02354616721126218,0.049307219049444906,0.07049847718300645,0.08180934430824385,0.013231543951655942,0.0378213609984605,0.0603561733807337,0.09081115269590605,0.01428374788141712,0.04456437750902302,0.07082740756655802,0.10849231206088536
01139000,0.47236543893814087,0.4723469614982605,1.8477439880371094e-05,0.009011449071406955,0.0057497467984256164,0.04294606593162184,0.029972740956063393,0.09246611595153809,0.10000002384185791,0.10000002384185791,0.021023155652262544,0.05238529316805024,0.06644132981780504,0.07202153840550671,0.018486927545432887,0.04670407977224684,0.06611471127736196,0.08599673389013052,0.024867310784752503,0.07486143390358337,0.10937846484286275,0.12631331026618278
01139800,0.38912391662597656,0.38915449380874634,3.057718276977539e-05,0.009527605351415011,0.0034504311789387673,0.01999271763285196,0.01190414853948453,0.08813446760177612,0.10000002384185791,0.10000002384185791,0.017528938267518,0.040584603575644744,0.0553319263720402,0.060225007434686006,0.020618485556244456,0.04063490765188519,0.06783070067752293,0.08434472088734088,0.018023086059266474,0.05297815425189049,0.09449661322626346,0.11225535331779803
01142500,0.4253876209259033,0.4253085255622864,7.909536361694336e-05,0.009929727467698074,0.004795210009530442,0.00833392706590208,0.004531411582027842,0.09801070392131805,0.10000002384185791,0.10000002384185791,0.03003131062896161,0.06430699505739744,0.08331524907549223,0.08997720317156227,0.01769446515567062,0.04781922434770267,0.06665617384109931,0.09215946094312592,0.01692981068559079,0.055807152763818944,0.07940451853722563,0.10207937608859097
01144000,0.3621188998222351,0.36197006702423096,0.0001488327980041504,0.015634410407273508,0.006562292028547925,0.023828348913276398,0.009932620560213379,0.08427989482879639,0.10000002384185791,0.10000002384185791,0.020751607480148468,0.044103482889908285,0.06894171173484237,0.08669020053413182,0.013127936591608026,0.04432281651625487,0.0731756853770034,0.0946170906318178,0.01476389477329787,0.042928673521415314,0.0692625492738429,0.08789158041457677
01162500,0.4072641134262085,0.4071148633956909,0.00014925003051757812,0.010633656832996876,0.005473339397137011,0.021920677378639675,0.011976362157165285,0.09210753440856934,0.10000002384185791,0.10000002384185791,0.027478022418088374,0.05712755637036432,0.08276561057126086,0.08672252355350396,0.01733166516909034,0.0403659851409794,0.06421818396836006,0.0853780514169625,0.019711178111267387,0.04635704905819352,0.07184390062624696,0.1051972278840379
01169000,0.41202062368392944,0.41198331117630005,3.731250762939453e-05,0.01583264470271418,0.0025968030033086615,0.02220962218164424,0.007593326744797388,0.07631462812423706,0.10000002384185791,0.10000002384185791,0.022477306335888514,0.0429963512691083,0.07887790423852427,0.0844034702689559,0.009298126069938769,0.029928544773294256,0.052104375869234,0.08380813914094924,0.01125164971974362,0.043487383489452136,0.06819818178659615,0.08888616865612498
01170100,0.4353260397911072,0.43536800146102905,4.1961669921875e-05,0.014925771718524113,0.002520922549829446,0.019648373358684412,0.009106361200230673,0.09343170374631882,0.10000002384185791,0.10000002384185791,0.02651525208795512,0.04869675119993866,0.0734150388174587,0.07463933494355945,0.012468854298603758,0.04054385593193173,0.06362025588477149,0.09226830709593214,0.013570164959592443,0.04614029349071376,0.06921879089135263,0.08356219350472915
01181000,0.3964574337005615,0.39641129970550537,4.6133995056152344e-05,0.015020355486278482,0.003513918891790475,0.04507466278638972,0.0060279623262988885,0.06874215602874756,0.10000002384185791,0.10000002384185791,0.017943119395662233,0.04242035586248941,0.06366303664763216,0.07639504322023304,0.011216746412605762,0.03603537148337542,0.06081292933352162,0.07274553938881702,0.012324733543092662,0.05966870140988778,0.0851582262521131,0.11275367713676696
01187300,0.30755746364593506,0.3074790835380554,7.838010787963867e-05,0.008563384325123588,0.00525597917284928,0.013737859287482453,0.006082071563780572,0.08972609043121338,0.10000002384185791,0.10000002384185791,0.029122476804035652,0.057315482971844856,0.07481331662447363,0.07882222489074425,0.012901414430754665,0.04273808347391191,0.06259504273714692,0.0681495896841612,0.014259997434280705,0.040772009465512626,0.06665309268463543,0.08177319993106703
01195100,0.27854347229003906,0.2785191535949707,2.4318695068359375e-05,0.010440631212609144,0.0030481179606448574,0.027094685073559326,0.012340686206113005,0.09377351403236389,0.10000002384185791,0.10000002384185791,0.024099802474180858,0.05747935964553446,0.0709324528638411,0.08184688723197689,0.016858781595336082,0.040211295766157944,0.058984393320864685,0.07454317524689352,0.017829211780690402,0.05041648389006355,0.07623035051451298,0.11524723575208437
01333000,0.4530530571937561,0.4529457688331604,0.00010728836059570312,0.015272993953540842,0.003312010324076411,0.01611348618466618,0.005857036562400705,0.07452505826950073,0.10000002384185791,0.10000002384185791,0.020480420923343415,0.043251105701481836,0.06248294501392937,0.07457759194076062,0.0132475097983267,0.03476584510149279,0.05333931669701575,0.06441740445679309,0.01214947456081062,0.037902579263806566,0.05601808256482061,0.07693041874262099
01350000,0.3281477689743042,0.32804030179977417,0.0001074671745300293,0.007331259372422995,0.005579654660069232,0.020891714752511677,0.012938326438132634,0.0933106541633606,0.10000002384185791,0.10000002384185791,0.027330331666464047,0.054442903374632236,0.07011405533110654,0.07450716412729687,0.01730339976530388,0.04556227143569777,0.07029128746220954,0.1020986564331221,0.01827971277930332,0.05307524366668223,0.07973730738449826,0.09617790656813091
01350080,0.30721718072891235,0.30725497007369995,3.7789344787597656e-05,0.010529694602262055,0.006465645112416989,0.00952987250260938,0.0080639980216195,0.095833420753479,0.10000002384185791,0.10000002384185791,0.02708796996071383,0.05281257493076504,0.06784527079816219,0.0785523173985658,0.020215772852187182,0.052702435429451626,0.06581485744670694,0.07443426709614083,0.019267287869002947,0.0552294623506599,0.08261564466549326,0.12216179532729549
01350140,0.47550147771835327,0.47542107105255127,8.040666580200195e-05,0.014901185649556638,0.004466799985045415,0.00933984903887039,0.0057421014262813985,0.07696357369422913,0.10000002384185791,0.10000002384185791,0.02474250558901714,0.047043164929857995,0.058915105727811654,0.07723228180849998,0.015734201494173032,0.04323757058074087,0.056888695450882515,0.06446758440817776,0.014067871696654508,0.047334786905030846,0.06621585674671066,0.08079458016322208
01365000,0.272710382938385,0.2727392911911011,2.8908252716064453e-05,0.01539428436497331,0.0031092756090754254,0.015515130264818211,0.007885283961088785,0.07989007234573364,0.10000002384185791,0.10000002384185791,0.023333660547656045,0.04103194348376107,0.052642362473187626,0.07249007968714943,0.012926195157444913,0.03987636622593434,0.05759313761032091,0.07575134686179252,0.011793116910239668,0.03843886605467299,0.05915461947554353,0.0704017108341014
01411300,0.19159919023513794,0.1915401816368103,5.900859832763672e-05,0.01218936538090512,0.005844602670659691,0.020331071020583735,0.007857187907003944,0.05055224895477295,0.10000002384185791,0.10000002384185791,0.030414364597311727,0.05875944248642087,0.09477251094800454,0.09736412291725477,0.00566908587879343,0.025604111991561953,0.0468777052638636,0.05798495264529595,0.014697788990870708,0.038232299441419856,0.06056467806617384,0.0853787066677276
01413500,0.34445714950561523,0.34446632862091064,9.179115295410156e-06,0.007462371253303745,0.0026197979718394705,0.009580623923883813,0.0055174205257921966,0.09748852252960205,0.10000002384185791,0.10000002384185791,0.021009502559900278,0.048292292022594774,0.08156854157646498,0.0846225423393426,0.019676596882284368,0.05637991432657164,0.075101260117846,0.09147407487513709,0.014915379984087276,0.04738889165870013,0.0700810273085755,0.09429061020478356
01414500,0.3427712321281433,0.3426189422607422,0.00015228986740112305,0.010290189299165246,0.0024487924514515233,0.00848564561612622,0.0032039106089980507,0.09496000409126282,0.10000002384185791,0.10000002384185791,0.02940387957625923,0.053640862090720075,0.07774574045947305,0.08454395179395323,0.015397429551371612,0.04636106103149401,0.06829819541932962,0.07630548930439324,0.013945594492478425,0.04339808143986791,0.06582047653474549,0.08476595563536676
01415000,0.3633463382720947,0.363486647605896,0.00014030933380126953,0.006628471955270332,0.005150821236638858,0.018984650101323663,0.007150740150839829,0.09320049732923508,0.10000002384185791,0.10000002384185791,0.025305079861923502,0.05782995871923588,0.06874369509794094,0.07175043548146881,0.0185372727693913,0.04406264310969988,0.06668632225507355,0.07614285358784734,0.0195979979982622,0.05415632674479362,0.0815498873817501,0.13918243921691995
01423000,0.3299170136451721,0.32992058992385864,3.5762786865234375e-06,0.007157189583890888,0.005806006852000174,0.03615705973843453,0.004982776902746663,0.09029754996299744,0.10000002384185791,0.10000002384185791,0.021711772790661582,0.04991789857546486,0.07159597201065886,0.0771839624546744,0.015857929753173208,0.03739513756096234,0.05636574867351219,0.07235845826625893,0.018200213643653207,0.061145300437859235,0.08684990466861131,0.10644768086767324
01434025,0.3035650849342346,0.30496054887771606,0.0013954639434814453,0.01003082267307287,0.0026817626712965937,0.007873952834035247,0.005319999264149236,0.09507507085800171,0.10000002384185791,0.10000002384185791,0.025358015933522472,0.05399441220970069,0.07113172527816558,0.07659142039440296,0.01479993181751044,0.041681393492536384,0.05734968021247615,0.07022106284962076,0.01154010010652858,0.038411018520756665,0.06933976298648402,0.08956148098525768
01435000,0.24419164657592773,0.24419325590133667,1.6093254089355469e-06,0.0072431258363917644,0.004463340639495781,0.012873823929208994,0.009191920320930518,0.0922389030456543,0.10000002384185791,0.10000002384185791,0.021907530380068003,0.05046997617309293,0.07164318702563091,0.075485461536381,0.01484358087102938,0.044130846662816005,0.06417205562519443,0.07959107878162075,0.010935299254988512,0.03671492308116221,0.06694240843918187,0.08558810742685144
01439500,0.5136145949363708,0.5137041807174683,8.958578109741211e-05,0.009532954368537952,0.004621841799199856,0.006862973149185936,0.004139786300105433,0.0985417366027832,0.10000002384185791,0.10000002384185791,0.024957173276278694,0.05631596428790578,0.08217881931750863,0.08706344015620372,0.018822155548871247,0.04492050393187379,0.06632672297915783,0.07189279652338318,0.015848364231795503,0.049403331931913826,0.07785914885982531,0.1059277422229833
01440000,0.4155815839767456,0.415610134601593,2.855062484741211e-05,0.005852239395025521,0.004024041793017925,0.023740236922241642,0.010619334046879446,0.09494543075561523,0.10000002384185791,0.10000002384185791,0.030621262460395142,0.06500755854502871,0.08146732785194005,0.08661796205021717,0.018110349866494874,0.04283573227479674,0.05559554906163111,0.07783375180063665,0.01737626585133839,0.05109936732803533,0.07604970957136022,0.0873511038321981
01440400,0.5366278886795044,0.536547839641571,8.004903793334961e-05,0.014048665378587614,0.00298856555253464,0.008339971219226167,0.003740116409923555,0.08540189266204834,0.10000002384185791,0.10000002384185791,0.02190773387749989,0.042403093265300534,0.057871779914255496,0.06553636662386082,0.01688817511731776,0.04087044998048035,0.057924497320325695,0.07030702757781362,0.011380930772001585,0.048280302835050797,0.07410315028033738,0.09304218074193128
01451800,0.2521439790725708,0.2521411180496216,2.86102294921875e-06,0.005872518893020623,0.006367736839543213,0.03141318791166314,0.01295906663875511,0.0919179916381836,0.10000002384185791,0.10000002384185791,0.02716050957915961,0.05922368732453498,0.08924960648130487,0.09609415837460097,0.015329107214381786,0.03485637484382787,0.05297466613125468,0.06505656458983566,0.017906173034849426,0.05561110244365536,0.08284412148236113,0.1110512046539433
01466500,0.3718709349632263,0.37175965309143066,0.0001112818717956543,0.013149082039318288,0.00511157957480442,0.0174827813566176,0.006179586194861343,0.09698522090911865,0.10000002384185791,0.10000002384185791,0.04778540348289191,0.0736010293828117,0.088988996066429,0.09192407431977767,0.011580624792990997,0.035011425376985775,0.06109746799994923,0.06760507818243422,0.023104039513039965,0.05753870850339018,0.0878420093101093,0.11128077516723751
01484100,0.24601835012435913,0.24594110250473022,7.724761962890625e-05,0.016176176377855008,0.0037958829362389856,0.016587862175662736,0.009190439547368534,0.09271466732025146,0.10000002384185791,0.10000002384185791,0.038255129754543316,0.05986630132904769,0.08024544842817163,0.09060993591944377,0.011791734832567817,0.035041912387704634,0.06249464244897195,0.07751098811906133,0.01572961296931543,0.04663470370593468,0.07392581622689016,0.09997921819490926
01487000,0.2592506408691406,0.2591589689254761,9.167194366455078e-05,0.017878081995373444,0.0032307329599302556,0.016451679842323097,0.005589096867282928,0.0588778555393219,0.10000002384185791,0.10000002384185791,0.028367803535527654,0.03748371069629986,0.07089540096068823,0.08409928231051676,0.0051602330409650865,0.02490123780043024,0.05396405906633049,0.05727375107684786,0.01010750780895428,0.0351614344202833,0.05655095163676794,0.07005239020616144
01491000,0.29220515489578247,0.2923058867454529,0.00010073184967041016,0.015471234398418257,0.004746038296186118,0.00950625015758428,0.004924982089086946,0.09041056036949158,0.10000002384185791,0.10000002384185791,0.041712158663129356,0.0702189189416391,0.08837803639692288,0.09817224936904731,0.011375982407397837,0.03651768137358459,0.06980323047578728,0.08056906728823149,0.01090345848192728,0.04031253274848157,0.0680275225857453,0.08207824566807814
01510000,0.4507877826690674,0.4507196545600891,6.812810897827148e-05,0.010662617989870638,0.004343028902177806,0.01717221371336547,0.005597458201702682,0.09765994548797607,0.10000002384185791,0.10000002384185791,0.03343717679381371,0.05872825304115259,0.07454514332667544,0.0832723014884525,0.022257589556092014,0.05089725041679208,0.06919207131497425,0.08363196350973826,0.020187538856752507,0.05718026691344034,0.08556570981277305,0.10921052476816903
01516500,0.27055948972702026,0.270629346370697,6.985664367675781e-05,0.012616246713534875,0.004436574174672795,0.010648568570268857,0.007303036806762128,0.09469079971313477,0.10000002384185791,0.10000002384185791,0.02496426311080103,0.054120619437760885,0.0685041262463287,0.07743096743468884,0.02172737841136018,0.05228620240765857,0.06570145908195882,0.08497260692250955,0.018480012078921304,0.05217439874960324,0.08428437917241251,0.12760206139327213
01518862,0.3369573950767517,0.336911678314209,4.571676254272461e-05,0.008400860013812211,0.006351370062366961,0.03335666550700264,0.012279610639519378,0.09436309337615967,0.10000002384185791,0.10000002384185791,0.02697663685237919,0.05656652112387955,0.07435748185272562,0.08075448009702894,0.021331211679674188,0.053982101625484794,0.08385406800456412,0.10100914828911552,0.022166648897269003,0.06041779197862149,0.08639564209938205,0.11291170824055292
01532000,0.25387096405029297,0.25395238399505615,8.14199447631836e-05,0.010615695103550711,0.007237572897606064,0.02146094547200811,0.00405211708876918,0.09273064136505127,0.10000002384185791,0.10000002384185791,0.02689146720976738,0.05792621414970471,0.07515723258256914,0.08373698934360786,0.019570514053445048,0.04733865177798413,0.06708338135076153,0.07336501440344724,0.01997728116542017,0.05399645012263016,0.08448578440039117,0.11024170789630511
01539000,0.4046592712402344,0.40466630458831787,7.033348083496094e-06,0.013722960505367572,0.0034733728242247945,0.0107551039068014,0.0073818348418969865,0.09174299240112305,0.10000002384185791,0.10000002384185791,0.027295133802625864,0.05387684223276598,0.07138908223973381,0.07936808064028068,0.02146512625417122,0.05029464326524984,0.06948605656472187,0.07840230120823195,0.016696995471995157,0.05883986362443217,0.08172390525941614,0.13334965593668868
01542810,0.4442096948623657,0.4441012144088745,0.00010848045349121094,0.015126262968883501,0.0037509301656043267,0.013377000721909615,0.007810691576512235,0.09190738201141357,0.10000002384185791,0.10000002384185791,0.022962513014122277,0.044303211578064536,0.05903525482173319,0.0666685958703359,0.01353641441692707,0.03343662099028059,0.055889702237953746,0.07409116626112501,0.016877803642378786,0.046069193330519634,0.07001629409930044,0.08948462298094637
01543000,0.36981284618377686,0.36984485387802124,3.2007694244384766e-05,0.014362000674769393,0.004680356542818551,0.015542624875650501,0.004556300551783354,0.0912441611289978,0.10000002384185791,0.10000002384185791,0.026674581181119983,0.049639887507591,0.06436340467907763,0.07127799791870294,0.01570144136020487,0.03770454879280351,0.058785616976462306,0.07552484539699261,0.015074736771889058,0.04470637657782499,0.07449253843221496,0.09614685083193987
01543500,0.38651418685913086,0.386516809463501,2.6226043701171875e-06,0.01077227914756702,0.00650674323758804,0.008297165730364653,0.0010169077774573043,0.09849818050861359,0.10000002384185791,0.10000002384185791,0.029651795244879188,0.062234026000455564,0.07471121316596312,0.07912092909768775,0.019634778078671512,0.04841959584810195,0.06596934917620151,0.08495039578408992,0.018698389224249407,0.05795889216039237,0.08128711506588003,0.09887138060649642
01544500,0.30940312147140503,0.3093875050544739,1.5616416931152344e-05,0.006222150675920132,0.006673137150206308,0.019186444790518856,0.009760073830518329,0.09587940573692322,0.10000002384185791,0.10000002384185791,0.02450120214510848,0.05817947947868596,0.07635033238265249,0.0840641102305165,0.01799435724101118,0.04517248002724154,0.06426502965035165,0.08458082537636324,0.017123331188225066,0.055576020642269894,0.07561536034827684,0.09606475194617747
01545600,0.3736373782157898,0.37357014417648315,6.723403930664062e-05,0.010958376176440576,0.006214988763760384,0.014887003124165202,0.004964823177840083,0.0945638120174408,0.10000002384185791,0.10000002384185791,0.02295681216098644,0.05859552608044058,0.07554140902227827,0.08239549047969005,0.020499909888113465,0.048993874115797,0.07245591482333857,0.08664592052467684,0.016718020887754315,0.05320387670641935,0.08022284520082772,0.1080586012168413
01547700,0.41720718145370483,0.4172523021697998,4.51207160949707e-05,0.01630210168460169,0.0038713574710999097,0.019338326659681104,0.009204825893690517,0.08286741375923157,0.10000002384185791,0.10000002384185791,0.023179557745310456,0.04942540627110889,0.07093943580102036,0.0803791062699424,0.01165955056293275,0.036425867370468816,0.061667471003984085,0.07145313554862638,0.014282912599245065,0.04750363140795676,0.07603199147462288,0.10896098218198452
01548500,0.35671567916870117,0.3567241430282593,8.463859558105469e-06,0.006949654110279563,0.006264081481770858,0.009245452273046337,0.008224913974238024,0.09478592872619629,0.10000002384185791,0.10000002384185791,0.03810188204601958,0.06479374162024922,0.07574380611407536,0.08464952025700498,0.0160538600277338,0.047461863650177245,0.06757536799169346,0.07772138140479658,0.019904438420710546,0.05360339775984546,0.07729177243853212,0.1014147370827746
01549500,0.3084595203399658,0.3085249066352844,6.538629531860352e-05,0.007228294941835384,0.005193123884015743,0.015302906037208075,0.005812547576582575,0.09445834159851074,0.10000002384185791,0.10000002384185791,0.026519594479490205,0.053633968476895943,0.07536728812588586,0.08223440873402135,0.016395165863547355,0.04489529811879003,0.06178332477706508,0.06635347154577699,0.019836418223439706,0.05592349407811097,0.08357013203454855,0.09934469946761951
01550000,0.26503264904022217,0.264942467212677,9.018182754516602e-05,0.0064246963231699185,0.005599835712193255,0.017084896424010787,0.011840447292830111,0.09199404716491699,0.10000002384185791,0.10000002384185791,0.026301450868723562,0.060669140939911256,0.08042423319485453,0.08546194232724331,0.018259376449961576,0.04148471846382895,0.0602687786704869,0.06399925231523598,0.021418381801482367,0.061066281547644444,0.0898861761203113,0.10616274060931163
01552000,0.31405889987945557,0.31406164169311523,2.7418136596679688e-06,0.010035293079386304,0.0064271953796896635,0.03139253985223231,0.009133754854146553,0.09300410747528076,0.10000002384185791,0.10000002384185791,0.020123679225367536,0.04436562838929678,0.06589046520767389,0.07171736022940389,0.015208786545730567,0.04022597391496192,0.07173943488654058,0.08722755661650655,0.018889415459305392,0.0597383718335624,0.08774367343922818,0.10129062616808239
01552500,0.3314695358276367,0.3315146565437317,4.51207160949707e-05,0.007194070137412051,0.00520402735705187,0.027648308769921137,0.011895047017330074,0.09627902507781982,0.10000002384185791,0.10000002384185791,0.020738871236918158,0.048731097763887184,0.06137191055935841,0.0755811662585647,0.016048519470152477,0.05052357260348936,0.06960136622634025,0.08743641338766035,0.0232967631634437,0.05811869034073917,0.08046561382661914,0.09623190388899888
01557500,0.5129647850990295,0.512830376625061,0.00013440847396850586,0.01049474141546481,0.004527795286534521,0.0123674066019559,0.0060242648409079,0.0981588065624237,0.10000002384185791,0.10000002384185791,0.02745960644549794,0.0629182004376694,0.08034754864126441,0.08384526534764855,0.016175556472470324,0.04648463763835602,0.06949897078797794,0.08782803480495699,0.012073959725521444,0.042319477895891446,0.07313257128760935,0.0864701256680942
01567500,0.3623407483100891,0.36243265867233276,9.191036224365234e-05,0.012979405372764832,0.00654986733659287,0.0060335919120259734,0.003894139080951445,0.08950069546699524,0.10000002384185791,0.10000002384185791,0.02818728207989975,0.06378797566725147,0.08587388663932127,0.09309146757479064,0.015336667250096648,0.036156091729630746,0.05071847732128407,0.06944998933509833,0.014017350887924745,0.04564130172321412,0.06648957840630709,0.09007885170601276
01568000,0.37406623363494873,0.3742179274559021,0.00015169382095336914,0.014800484891951434,0.004545528722010763,0.013533582639458808,0.00555473224637789,0.08495324850082397,0.10000002384185791,0.10000002384185791,0.027468668158959465,0.05686946770659199,0.08208719305942457,0.08834335050649113,0.013727743199254187,0.036759672271496215,0.05655569041057182,0.06441940714665537,0.01324997716846294,0.04585189597060192,0.06765765305036395,0.08092084942327854
01580000,0.30772316455841064,0.30770671367645264,1.6450881958007812e-05,0.006642915567849184,0.004780986804600951,0.02256784136202498,0.010433337084078093,0.09102201461791992,0.10000002384185791,0.10000002384185791,0.0331041833454812,0.06018443279244278,0.08198330768501315,0.09703082251879905,0.015116001056599637,0.04108881497040629,0.06527959213404959,0.08661219248926268,0.016750233969858058,0.04672599633262671,0.07823829466690868,0.1116398028934073
01583500,0.2545408606529236,0.2545604109764099,1.9550323486328125e-05,0.011067964069144343,0.005445535879475956,0.017487564986471762,0.006172875901106191,0.07606136798858643,0.10000002384185791,0.10000002384185791,0.028766141859469605,0.049323032574245196,0.08087657724293294,0.09897743201366177,0.011604045799802221,0.033510736614856804,0.05125491363212521,0.08128994075501794,0.013810908092714791,0.04235352742243666,0.06526977996346732,0.07936704722530209
01586610,0.37403714656829834,0.3740144968032837,2.2649765014648438e-05,0.008850952933878026,0.006397455835452657,0.014910744371604001,0.007534411251424011,0.09260186553001404,0.10000002384185791,0.10000002384185791,0.032901923358440444,0.0652647682389728,0.08623069135127244,0.09247013509825423,0.012683977402010375,0.040045441409567076,0.05880250663670897,0.08976942267402324,0.01993846141964062,0.05247056559546997,0.07546769428727958,0.10188902475479993
01591400,0.2994615435600281,0.2994577884674072,3.7550926208496094e-06,0.01566483853235214,0.007657016310808015,0.01906607441996022,0.0010943658357860375,0.08858537673950195,0.10000002384185791,0.10000002384185791,0.03510171145338702,0.06454772778959189,0.08230327643730022,0.09407416424817511,0.011388925320971808,0.04121600364403577,0.05707968797984968,0.06953212380438784,0.013671566576956784,0.046171931515620254,0.07326930814360273,0.09739950077384789
01594950,0.37501174211502075,0.37496811151504517,4.363059997558594e-05,0.005995498739754898,0.006566977988286706,0.018690713683775506,0.010259064120882705,0.09411259740591049,0.10000002384185791,0.10000002384185791,0.017839888897207053,0.047332121332486536,0.07710644630563476,0.08146709170606403,0.014469984005131085,0.0407672207914448,0.06477664221433646,0.08706513609387209,0.014579060769382451,0.04658756194134446,0.08247749779756253,0.10861545970622097
01596500,0.41513222455978394,0.4151201844215393,1.2040138244628906e-05,0.012796265754095301,0.00494889653811841,0.01045447259132476,0.005587485546803439,0.09759700298309326,0.10000002384185791,0.10000002384185791,0.025408795193113662,0.05477714301811325,0.08088107696837846,0.08739403740123466,0.016747307595517614,0.04376429795399972,0.061069138629804044,0.08212655742824769,0.013204062181549014,0.04534949352196724,0.07985710733815088,0.10980389004725066
01605500,0.3745834231376648,0.3746698498725891,8.64267349243164e-05,0.013706779446157377,0.005080864853768622,0.025355486084457646,0.007447883854048265,0.05917823314666748,0.10000002384185791,0.10000002384185791,0.017130681934456035,0.033990838916765354,0.04671059865973613,0.0598617752117139,0.010703642371152615,0.032756909368467924,0.04877527326030669,0.08726647946434381,0.01115731147577495,0.04059431775765354,0.0636394264818218,0.07901786273740383
01606500,0.3303547501564026,0.3301866054534912,0.00016814470291137695,0.012725966330546408,0.0044405993649671805,0.008867904558514383,0.0044643589601008615,0.08781161159276962,0.10000002384185791,0.10000002384185791,0.0334569276344997,0.05566851737046685,0.06988814027510856,0.0766223422355122,0.015122112125312377,0.03597495581455032,0.05672822406252411,0.06920258633580961,0.014757984080133674,0.04617204679785885,0.07034495737551869,0.09173216974433615
01632000,0.3421124219894409,0.342019259929657,9.316205978393555e-05,0.01376525434368242,0.0031245732421887676,0.015568196344024038,0.010808605402649135,0.08335816860198975,0.10000002384185791,0.10000002384185791,0.024788075616514256,0.05380634264813528,0.07171786187602965,0.08571736335202501,0.01645649330506355,0.037658960265279456,0.052772365728718365,0.07273224677057151,0.013619084943258752,0.04525723910836762,0.084875469399485,0.11051125073218208
01632900,0.620335578918457,0.6208162307739258,0.00048065185546875,0.014483456389427003,0.005164074524804876,0.015337533488232913,0.0036968708025534314,0.08661746978759766,0.10000002384185791,0.10000002384185791,0.043059855252849284,0.07103664663016664,0.08720770310555342,0.0972148203187519,0.011294049538304991,0.04259752999459857,0.06708001910204506,0.07471317479814098,0.016603166442005386,0.050089615294632045,0.0874477730338671,0.10257129932934625
01634500,0.4416986107826233,0.4417364001274109,3.7789344787597656e-05,0.014655707616361847,0.004445772133686431,0.016894549328152098,0.007941262651377415,0.08622562885284424,0.10000002384185791,0.10000002384185791,0.02589580325616732,0.06330683797045994,0.08032049424697958,0.09396931266895046,0.01305537674181619,0.04194361499886707,0.08454569922732907,0.08856605420229631,0.011418939038750353,0.03908354869374275,0.06412791704126389,0.08322749372373517
01638480,0.2751913070678711,0.2751421332359314,4.9173831939697266e-05,0.007281001488132096,0.007689697833998294,0.011764313727274489,0.0041692861279616356,0.09350596368312836,0.10000002384185791,0.10000002384185791,0.03197776383409899,0.06641266927123074,0.08209751322865483,0.08945612065770009,0.01200838760860903,0.03987484495132693,0.061916293639092984,0.07204048879897598,0.01862541100169042,0.05749115054891862,0.0981167150294556,0.11557613670793462
01639500,0.43124276399612427,0.43114614486694336,9.66191291809082e-05,0.00568295658695032,0.004073163978916225,0.02247351150315746,0.0082297379280943,0.09534883499145508,0.10000002384185791,0.10000002384185791,0.023697238429277033,0.059149692809485205,0.07562961833234186,0.08147807380667438,0.014765204217800495,0.038027133686916854,0.059294745520372394,0.06835535653234218,0.015570855630533564,0.05417794123268075,0.08217844635886239,0.10052502270784375
01644000,0.3031309247016907,0.30313634872436523,5.424022674560547e-06,0.015484009212649195,0.005597342161041914,0.013074363913644416,0.004487206228967977,0.08884698152542114,0.10000002384185791,0.10000002384185791,0.035499307899563404,0.05645084527355654,0.08386934478636142,0.09548174369114416,0.01258194724415506,0.038456182534935525,0.06494922229480754,0.06930801318169783,0.015301012783775728,0.04892132157261258,0.08455006263048515,0.1123068692656943
01664000,0.33737850189208984,0.33730024099349976,7.826089859008789e-05,0.013172454210898459,0.005108023210965967,0.008731333494321092,0.006400540134028243,0.09706461429595947,0.10000002384185791,0.10000002384185791,0.026464884259082652,0.06418790661626393,0.08524732494906143,0.09596037889520326,0.018440939756800532,0.04692485105670356,0.06266410302336008,0.08430697622204447,0.01132716820667859,0.0409722391051585,0.06338630234256398,0.09252456449381122
01666500,0.32656604051589966,0.32662761211395264,6.157159805297852e-05,0.01449357529732075,0.004289963825630413,0.01386080643138847,0.004150214126476204,0.086997389793396,0.10000002384185791,0.10000002384185791,0.0242540573908223,0.05351018447566913,0.06669521560823477,0.07075848993327882,0.014514289040903943,0.04090068200003622,0.06565591349422585,0.0743430157281981,0.012277702162129589,0.04651728163185832,0.07142628096445452,0.10341065491477236
01667500,0.26925522089004517,0.2690904140472412,0.00016480684280395508,0.01471903952666613,0.004733560536804412,0.012724007331935933,0.003684531393469352,0.07898283004760742,0.10000002384185791,0.10000002384185791,0.02404305221581901,0.049013459792843564,0.06642614240102747,0.07211423825334619,0.01475926716324281,0.04333808246578977,0.0602706421597154,0.06758820540019869,0.012119877654017258,0.04651161375581915,0.07131829460992685,0.0988944579956102
01669000,0.30299586057662964,0.30298763513565063,8.225440979003906e-06,0.008448243238083158,0.006139652625360499,0.0169724321255742,0.010690523221314752,0.08699071407318115,0.10000002384185791,0.10000002384185791,0.044925581567265366,0.07816775181779156,0.09001264227788756,0.09456461673533476,0.010317347054006526,0.02602726934185616,0.05692385886871898,0.06334409907428479,0.023355923131119075,0.048741957063265964,0.07019890977520044,0.09629265274631561
01669520,0.2890034317970276,0.2889255881309509,7.784366607666016e-05,0.00664434341243017,0.004345840325600955,0.014150505585058579,0.005745241415726882,0.09321045875549316,0.10000002384185791,0.10000002384185791,0.03830653818807114,0.07357131460750543,0.09037478425050223,0.09342610325526313,0.010265573919275007,0.02927505206379745,0.042625588574182284,0.061341220331072706,0.01735640025324564,0.04771789890305306,0.06713720780306819,0.09601282720733355
02011400,0.35021841526031494,0.3501861095428467,3.230571746826172e-05,0.007472162460350118,0.004839016681348295,0.014685055944541371,0.006915534694613867,0.09823322296142578,0.10000002384185791,0.10000002384185791,0.035408868985595504,0.0727663621803126,0.08811465212040476,0.09143037368301993,0.02150256654691361,0.05003196134870998,0.07862278936728496,0.09038426451456308,0.016190005535464444,0.05140736061081747,0.08075570220701908,0.12131885236135531
02013000,0.3498886823654175,0.3498499393463135,3.8743019104003906e-05,0.009810128372620519,0.0053595218505036535,0.01325118280008697,0.004846679318505437,0.09765487909317017,0.10000002384185791,0.10000002384185791,0.028366188718764868,0.07262836515351578,0.08592955181112995,0.09261109208067259,0.016999164146625285,0.04599769012728869,0.06711614107016446,0.07091433150254393,0.014830325834174263,0.042862616758995074,0.0689939450777148,0.09965480888537337
02014000,0.4295032024383545,0.42942267656326294,8.052587509155273e-05,0.009299368807298744,0.0060144333447288215,0.017663943841946445,0.007880130677967764,0.0945466160774231,0.10000002384185791,0.10000002384185791,0.029698302210481087,0.06467188627079683,0.07894742919339076,0.08527616129981147,0.01989320013373376,0.052049130848010466,0.07760577950111146,0.08171983439626074,0.015944831161880953,0.04992024278380837,0.07608244685133485,0.08921320527561834
02015700,0.24814176559448242,0.24802708625793457,0.00011467933654785156,0.012734331490813515,0.0065962961475342944,0.014340583712212612,0.010505991755093896,0.09366172552108765,0.10000002384185791,0.10000002384185791,0.027437697709710506,0.05949332557342674,0.07557691836246738,0.07972654738911872,0.019252445808429657,0.05070785118939069,0.06790820078724548,0.09224936381660623,0.014800628508291044,0.04685861830531345,0.07974837788019401,0.10871490681706072
02016000,0.28702396154403687,0.28690606355667114,0.00011789798736572266,0.0128413457734602,0.005629915747001951,0.013083665596827124,0.006005711099375158,0.08923184871673584,0.10000002384185791,0.10000002384185791,0.02756280988730766,0.05361113236458212,0.07461360483533806,0.08516447149493073,0.01482566792389583,0.040415496458210534,0.06025360833188326,0.07519124755596597,0.012558397623652684,0.03833793614398819,0.06028322767436658,0.07867937890727195
02017500,0.3638058304786682,0.36373937129974365,6.645917892456055e-05,0.005681433302351055,0.007538638729311773,0.018823885147220998,0.0038286655431139516,0.0952405110001564,0.10000002384185791,0.10000002384185791,0.029934734382011274,0.07767760651531047,0.09023674392589817,0.09310464155342846,0.013498563078257388,0.03735679286084986,0.08601598936097635,0.09727877146319755,0.014405651984896295,0.04651693674758265,0.07736567081872076,0.09546416824867682
02018000,0.25366395711898804,0.25364136695861816,2.2590160369873047e-05,0.00850106264708967,0.0071294363257206495,0.02346181981903578,0.009365822512099303,0.09194698929786682,0.10000002384185791,0.10000002384185791,0.028146995272901328,0.060579486802496293,0.08299393558005491,0.09064770793473279,0.01285731300245568,0.03526824206322958,0.06050325267456134,0.09429423636946412,0.012213233912626742,0.043448172503548904,0.06588966193671254,0.10293042658137368
02027000,0.5236005783081055,0.5236035585403442,2.9802322387695312e-06,0.011353309623264321,0.0044492749032022,0.010723495037124789,0.004026744751079184,0.09449192881584167,0.10000002384185791,0.10000002384185791,0.027456370575560468,0.06542340166590832,0.08114941490110418,0.0899062165507564,0.01698867941733207,0.0506817737540912,0.07315159028320564,0.10777917083115564,0.013588191352593787,0.043784706471042475,0.06256174440778692,0.08655521439027919
02027500,0.33879005908966064,0.3388329744338989,4.291534423828125e-05,0.0075366274011671695,0.0033793796601395906,0.020392943025701868,0.006694280027984112,0.098460853099823,0.10000002384185791,0.10000002384185791,0.02525517047831307,0.06625766629146206,0.08144727538802007,0.08621073326578847,0.01845225148667859,0.047247297883539714,0.07277388640343484,0.08841295775978929,0.014957464078351005,0.04351100718217659,0.06835507439099925,0.09901229230706907
02028500,0.32070112228393555,0.3206641674041748,3.695487976074219e-05,0.00895452607557029,0.0036980381978896503,0.011791483951063775,0.0034199754116561176,0.09257206320762634,0.10000002384185791,0.10000002384185791,0.028715720000090424,0.0604355990583146,0.0896415188467061,0.09616025766288792,0.016144412849823566,0.042973283666594704,0.06489366277751805,0.07333260402732328,0.01347451710879466,0.04154654146480652,0.06383732338480001,0.08927484489107071
02038850,0.3302134871482849,0.33029401302337646,8.052587509155273e-05,0.012477420353575557,0.006864073317236851,0.018694086163585588,0.005843982600465446,0.09681621193885803,0.10000002384185791,0.10000002384185791,0.028911699872050018,0.058863153380376336,0.08643939554167016,0.09616040833018444,0.014385420860353514,0.042442307280862575,0.06548034680532117,0.07496238470872214,0.017781277753507796,0.04884478039510051,0.07896941299601323,0.10601226396272279
02046000,0.4200948476791382,0.42018455266952515,8.970499038696289e-05,0.01723082945177375,0.003453765080718571,0.008325541344708094,0.005121249271551859,0.07299578189849854,0.10000002384185791,0.10000002384185791,0.033811350815274116,0.054959314896000803,0.07596679254372915,0.08485357811053595,0.009263294632406601,0.03899251668777951,0.06246813017970309,0.06552323199445495,0.014592412653232079,0.0417371086351994,0.07011602949454548,0.09331118869857044
02051500,0.21210163831710815,0.21207857131958008,2.3066997528076172e-05,0.0073787901646490146,0.005351999447374097,0.006717794544008206,0.005788464122934711,0.09653234481811523,0.10000002384185791,0.10000002384185791,0.03275939569705062,0.0653393978432373,0.08195935438076662,0.09259278898437819,0.01679982895236668,0.03871412736659181,0.06150805415667937,0.07016752910016358,0.014489112444137439,0.0471032741759358,0.08220791783947382,0.11496963778014929
02053200,0.2754669785499573,0.27545952796936035,7.450580596923828e-06,0.0103172413668472,0.005787444993326075,0.00817375782158647,0.0026875549704185597,0.09889876842498779,0.10000002384185791,0.10000002384185791,0.0330810984665597,0.06562071394313267,0.07358084516420409,0.0802103040670907,0.017277080315990886,0.043460263762534895,0.07575215049868288,0.08601341776533192,0.020919502313223412,0.054313377458309976,0.07790523122194054,0.10249919579281801
02053800,0.465498149394989,0.4653173089027405,0.00018084049224853516,0.008019068899491527,0.006447966046458393,0.01825144823110772,0.010285867166368923,0.09172247350215912,0.10000002384185791,0.10000002384185791,0.041087572994055584,0.07842832542679926,0.08858745796261008,0.09608962944260349,0.01148487188013992,0.03817843246431628,0.0662224501849703,0.08626194485124766,0.011914217677819923,0.040704644831898285,0.06654818866027977,0.09037333851344592
02055100,0.3944166302680969,0.39436399936676025,5.263090133666992e-05,0.01591223242648233,0.0051965352716729155,0.013228658328555853,0.0049995022926552085,0.08625084161758423,0.10000002384185791,0.10000002384185791,0.02983431519802522,0.05572771146341609,0.08230570869313346,0.0911208679554639,0.012595309079007022,0.0421351998776117,0.06557972835913661,0.0690559797485212,0.013391120540075865,0.0398022274852019,0.06572633652940461,0.08229626813783086
02056900,0.32852935791015625,0.32855862379074097,2.9265880584716797e-05,0.014245098259597373,0.004499243099509334,0.017428262714351217,0.0026443927144153834,0.08003216981887817,0.10000002384185791,0.10000002384185791,0.03470429584935861,0.0631107714441087,0.08258422657295508,0.09531248242214874,0.012255717868452998,0.04465478850983894,0.0634709798837585,0.06900563260986528,0.013152129064454295,0.04362273778954565,0.08395351769927392,0.10823424128868075
02059500,0.32220005989074707,0.32232004404067993,0.00011998414993286133,0.012386117796528798,0.004712421060531279,0.010006959088240508,0.005628928946295408,0.09459610283374786,0.10000002384185791,0.10000002384185791,0.03733610171410772,0.06988181869464895,0.08515865285115108,0.0913029644224379,0.014446794441627032,0.04164900575310658,0.07361228982006594,0.0808632143050534,0.011643087317946901,0.0399480097564363,0.07208446961995041,0.09409353196268001
02064000,0.19916534423828125,0.19922316074371338,5.7816505432128906e-05,0.01342044253490373,0.006421294451534518,0.017301465315423495,0.0022528819851413973,0.0911567211151123,0.10000002384185791,0.10000002384185791,0.032029357048924324,0.061902213342211874,0.08058145319670437,0.08701604392241549,0.013814307017860551,0.03630182747550139,0.060433887665664085,0.07317653996270847,0.011946966294990268,0.03866440489024525,0.05742515489846517,0.10031554521244407
02065500,0.44917845726013184,0.44913816452026367,4.029273986816406e-05,0.01263152232958449,0.004119181044289571,0.009549728632414212,0.006326535725100946,0.09476852416992188,0.10000002384185791,0.10000002384185791,0.024850557178810784,0.05958634673445314,0.07420261156558987,0.08199448665535009,0.01397223124003318,0.04502247919646823,0.07015141335425766,0.08389920748360548,0.01201626380820825,0.04353284458198747,0.07003702306713872,0.09843487623466368
02069700,0.29395002126693726,0.2938784956932068,7.152557373046875e-05,0.007924072789320391,0.005763028879057536,0.021761614122577114,0.009191618079044533,0.09407389163970947,0.10000002384185791,0.10000002384185791,0.03008929656611553,0.07381148120871298,0.08613547011492428,0.09145888826913304,0.01370928440656417,0.043765886584133155,0.07169057465372343,0.08194733870444817,0.013318313761663522,0.04734109965550976,0.07175365385583213,0.0846314162875228
02070000,0.43499672412872314,0.4350965619087219,9.98377799987793e-05,0.014028562410043174,0.007608329093273748,0.018495492015815962,0.011287177487506461,0.09437000751495361,0.10000002384185791,0.10000002384185791,0.03210465821127095,0.06635158914658758,0.08637834394088496,0.09026971042708115,0.01483450025613545,0.0423908612625844,0.05774515845594968,0.0683666045624955,0.017681342048401466,0.05234224089680849,0.07848322289918545,0.0964346977449991
02074500,0.23429322242736816,0.23440730571746826,0.00011408329010009766,0.014964937920535104,0.005559669469505398,0.015055054126933504,0.004919070519545765,0.09110021591186523,0.10000002384185791,0.10000002384185791,0.027586275387417383,0.05769079872579486,0.07397305208334216,0.08872496115940588,0.014473316260391663,0.032912019026174084,0.05550699971249552,0.06160709430066991,0.015040987276441875,0.047443373016926894,0.07108175885599324,0.08953739792976062
02077200,0.1908929944038391,0.19086599349975586,2.7000904083251953e-05,0.011344161779125471,0.00462830947560517,0.013025563854384914,0.006198345115931508,0.096005380153656,0.10000002384185791,0.10000002384185791,0.031215684791957896,0.0617679596305998,0.07922522962810818,0.08280666771310352,0.015207007049158866,0.043242171482972463,0.05431284035680542,0.06165578103207629,0.015911216029003944,0.048655628183077275,0.07932368633637236,0.13243817944780067
02081500,0.27433133125305176,0.274259090423584,7.224082946777344e-05,0.009846265174095054,0.005462011611430271,0.019504994980660273,0.0075497783515403975,0.0947645902633667,0.10000002384185791,0.10000002384185791,0.035947766430951905,0.062135943511018144,0.07476541848756647,0.08521714166358665,0.01564979900997695,0.04084654962105508,0.06483338871810852,0.07836418402681568,0.014549083376368007,0.04677782196206138,0.07225994964342554,0.09259988168133165
02082950,0.1581665277481079,0.15818935632705688,2.282857894897461e-05,0.011129726445574566,0.005604326819544017,0.010123114610198436,0.006261753688221822,0.08997577428817749,0.10000002384185791,0.10000002384185791,0.03922263428706813,0.06437430057812622,0.07783740677243028,0.08378449614953112,0.012102684143370002,0.03386556110830141,0.050215202301655264,0.0637738111181416,0.012744189575849857,0.03965581723259674,0.0692925936178081,0.10124425172035854
02092500,0.18036723136901855,0.1804082989692688,4.106760025024414e-05,0.014196891241674364,0.0018970503333732847,0.020680130427275234,0.007014056351900763,0.08388016372919083,0.10000002384185791,0.10000002384185791,0.024787658425392926,0.05068341802667689,0.07332305681926232,0.07831666977317245,0.014629307525855397,0.041967204744485294,0.06277668664748517,0.07600016202846362,0.014663152567497117,0.049940286749092934,0.07677091965684363,0.08959337179406787
02096846,0.40146416425704956,0.40158945322036743,0.0001252889633178711,0.011253685838438603,0.0055215504823361815,0.012318896831351456,0.00766536076044666,0.09460580348968506,0.10000002384185791,0.10000002384185791,0.036351473684664126,0.06667746061528172,0.07552972849872375,0.08019884860625975,0.012682226015048308,0.03702625720946768,0.05631937329690929,0.07485805367652149,0.0133961417788712,0.04198638960817877,0.06420834275302437,0.07680294204963393
02102908,0.35693424940109253,0.3567931652069092,0.0001410841941833496,0.010709802813218025,0.0045193737606741965,0.012907321981072223,0.006501797902008166,0.07175517082214355,0.10000002384185791,0.10000002384185791,0.033658299319170144,0.05677440139982435,0.08337522507817656,0.09213791674485915,0.009947786352517172,0.03603045157207023,0.0517333821673835,0.058999874713029456,0.018078558127587012,0.04880518176401871,0.07484201508190694,0.092398352614108
02108000,0.10572826862335205,0.10565978288650513,6.848573684692383e-05,0.01517336083458748,0.0025961714557142953,0.027174058340536877,0.010865991682120303,0.07493990659713745,0.10000002384185791,0.10000002384185791,0.03246433718336955,0.054851193681911194,0.07941862253679166,0.0914519274952235,0.010840786467068547,0.044082824459211176,0.06317074375518682,0.0804478501947793,0.01760806839744497,0.05262380957480922,0.07755955563145726,0.09600325187280655
02111180,0.21730774641036987,0.2172703742980957,3.737211227416992e-05,0.011536851665919542,0.004695869319240974,0.01749239066860997,0.014580772450057185,0.09498119354248047,0.10000002384185791,0.10000002384185791,0.03539777170452806,0.06684066504791938,0.08535983096118333,0.08749964946398028,0.014587850561253581,0.04078574381555909,0.07182111485137582,0.07806018699004331,0.016109346489382517,0.05650053169180734,0.09522611311118619,0.12904321138260721
02111500,0.5074381828308105,0.5073273777961731,0.00011080503463745117,0.007749420002357482,0.005092145963970816,0.0243793927158769,0.019060193278836617,0.09345275163650513,0.10000002384185791,0.10000002384185791,0.04580026251022464,0.07883271831329225,0.09128004597017059,0.09516409263014791,0.013256608952949202,0.04356971331318255,0.06809549175202141,0.07411104245278453,0.01461161948925798,0.04941770075552836,0.09022592805655749,0.11499013472140053
02112120,0.3152897357940674,0.31536293029785156,7.319450378417969e-05,0.009635636954929597,0.004340556324073781,0.03339519251737929,0.019332395823379853,0.08240687847137451,0.10000002384185791,0.10000002384185791,0.02948601243120652,0.052260400912276024,0.08106011816307349,0.09083557088893873,0.016695077788884703,0.038095761181355256,0.06731652407039507,0.08180086010265931,0.017831190794684648,0.048686005415860066,0.07109163637661642,0.0936542483922804
02112360,0.38283753395080566,0.38279932737350464,3.820657730102539e-05,0.01044924385908367,0.004564333313672588,0.027022950777502948,0.018854214875302255,0.08513802289962769,0.10000002384185791,0.10000002384185791,0.034362620791351356,0.07323692409528627,0.0887596805614454,0.09544563997122978,0.012117197335301816,0.03608905150004617,0.0792811527257763,0.09196155329293196,0.017942581783413222,0.04571701905666854,0.06776541370719644,0.09638692566091137
02118500,0.2770269513130188,0.27706050872802734,3.355741500854492e-05,0.01388032064654144,0.00626583735420812,0.020620233452729925,0.004158721383614505,0.09175074100494385,0.10000002384185791,0.10000002384185791,0.04050900872658802,0.07470080226107878,0.08867836066225061,0.08980428306040938,0.012783063560993204,0.034385006286899195,0.06041631963301271,0.06867853016079603,0.012461256084504935,0.0357262316229588,0.06716286775554346,0.09829309023810287
02125000,0.363711416721344,0.3638114333152771,0.00010001659393310547,0.0049587859166702886,0.003573747014694629,0.017881270951686734,0.00732472186708473,0.09463441371917725,0.10000002384185791,0.10000002384185791,0.017128422745951895,0.048014389971892,0.07765688449006389,0.08482218467526965,0.01688018495125379,0.0431854039614668,0.07331004477158089,0.07905306537086133,0.015567227832861706,0.050668101976125354,0.08341610449073385,0.09799669534990446
02128000,0.23292887210845947,0.2329537272453308,2.485513687133789e-05,0.011046945083448396,0.0044617425334070576,0.010064470295623879,0.004023205261094176,0.09674461930990219,0.10000002384185791,0.10000002384185791,0.028297489936705,0.057411872333398596,0.06868258631201808,0.07288202458509693,0.015263128838761002,0.045802934653624304,0.07456782542245767,0.08448855068960953,0.01316355027200633,0.04367238951740629,0.0710477445892953,0.09543460433840892
02137727,0.26632195711135864,0.2662951946258545,2.676248550415039e-05,0.009215389943432989,0.00417869811521204,0.026141311080045068,0.01579052236672744,0.08957183361053467,0.10000002384185791,0.10000002384185791,0.03419752359666206,0.06288516589888819,0.09561366042101548,0.09949350243917218,0.010505915101590397,0.0423837739856085,0.06218381189595133,0.07705753635768613,0.01925929948651295,0.05510955470578571,0.08755468878493197,0.10179399433766306
02140991,0.20311033725738525,0.2030842900276184,2.6047229766845703e-05,0.008043799240563004,0.0076712584107297066,0.026695048874545955,0.014264672369589518,0.09012330323457718,0.10000002384185791,0.10000002384185791,0.04503648085174737,0.07784045400580877,0.08951308143249265,0.0930600000752343,0.010949140762712117,0.03422373058737155,0.06116016284438371,0.07833423320026404,0.012651202213334881,0.05449703141068796,0.08934028763599093,0.10156702621121239
02143000,0.20419782400131226,0.20415985584259033,3.796815872192383e-05,0.01006030490314571,0.004128487694207564,0.024234659616011147,0.01606169089774239,0.0842057466506958,0.10000002384185791,0.10000002384185791,0.03292550139681055,0.06599354104587325,0.0825036566014643,0.09151286471773074,0.013241732744190032,0.033132566516028146,0.057488188196960006,0.0641179690155229,0.013790722006145173,0.042482990772397554,0.07038878367590151,0.0925591292535172
02143040,0.22218382358551025,0.2221921682357788,8.344650268554688e-06,0.01189490380010277,0.0044042685141997325,0.014808838258112099,0.010962250668369644,0.07806533575057983,0.10000002384185791,0.10000002384185791,0.027982579033683848,0.04999612597679649,0.07879772358249736,0.08360026402881851,0.010818041897141108,0.03562181720071298,0.056367852445947754,0.06137245557776281,0.015310456883140006,0.04393521296460233,0.06604512782525818,0.08187089336713219
02149000,0.3459901809692383,0.3458772301673889,0.00011295080184936523,0.006395908070215617,0.00716291082189011,0.028084384943085454,0.022210610475718984,0.09520973265171051,0.10000002384185791,0.10000002384185791,0.047278861977435915,0.07750141457827009,0.08857786789288125,0.09731935375818501,0.014007219109730778,0.038989976815161656,0.06288371799670071,0.06982715932503894,0.023170043929860246,0.05795640352985626,0.09392053981813223,0.13311271425146806
02152100,0.40711158514022827,0.4066624045372009,0.00044918060302734375,0.01307722201033594,0.007426735686253012,0.016045576797737104,0.010645506530316262,0.09225647151470184,0.10000002384185791,0.10000002384185791,0.03020863853119038,0.06165383778236533,0.08597746470211833,0.08943754533926646,0.012190011528081324,0.036564109140085406,0.058721645106805505,0.07432519320166549,0.015431809262942825,0.043265842311581294,0.07292964901194085,0.0897795806739511
02177000,0.19413477182388306,0.19398796558380127,0.0001468062400817871,0.008340523208880332,0.00447255615693596,0.01675628175686316,0.009946089154420468,0.08439010381698608,0.10000002384185791,0.10000002384185791,0.027229462308740154,0.05231484070696214,0.08712067494789759,0.09271678565828889,0.012489155679544946,0.04136210236325104,0.058548061562352614,0.06857094023727674,0.02023368203788356,0.05362761263900108,0.07540024043556026,0.08428781003725386
02178400,0.13955801725387573,0.13952946662902832,2.855062484741211e-05,0.01024592990752569,0.00455791586378257,0.027574360512304906,0.013249274827453347,0.0846872329711914,0.10000002384185791,0.10000002384185791,0.02001600828435686,0.05273600767056147,0.07653035020717865,0.08799094825431153,0.013439561985439226,0.03626373381022312,0.06026300287998142,0.08940171170361558,0.01681182653010238,0.04634095108674989,0.08712315944803894,0.11494749132434813
02193340,0.20391350984573364,0.20384424924850464,6.92605972290039e-05,0.007854633782894083,0.005919733342328167,0.020223570825202097,0.006795462876812208,0.08539605140686035,0.10000002384185791,0.10000002384185791,0.03702479749917986,0.07316716432019517,0.08606813627260701,0.08867283339301746,0.01239622463129404,0.03598083272315029,0.07643434119930831,0.08211118694076056,0.012721939043322639,0.04383761757046114,0.06165717512468405,0.08061282315481078
02196000,0.16028201580047607,0.16024941205978394,3.260374069213867e-05,0.011967778433892406,0.006429822940124016,0.029943789475043336,0.009992317203572909,0.07761645317077637,0.10000002384185791,0.10000002384185791,0.02110955110164703,0.041155952763640244,0.08234619278184793,0.08632246366943472,0.012148422591440099,0.031538535238849745,0.05849058337139931,0.06820002504349044,0.012542174273657624,0.04307455917369702,0.06775908124750014,0.08714246275117266
02198100,0.1961238980293274,0.19612127542495728,2.6226043701171875e-06,0.007298190089679357,0.005148400539139257,0.025983367492818432,0.015651024708228142,0.08640754222869873,0.10000002384185791,0.10000002384185791,0.030622155219316438,0.05862498524840231,0.07797704752948553,0.08375067971646785,0.013625036135855327,0.04234598694728569,0.07105673878305958,0.0804088355279037,0.018734955286426797,0.054018038139171554,0.07729549380334916,0.10714648587289083
02202600,0.2498629093170166,0.2498968243598938,3.3915042877197266e-05,0.006288819419763066,0.005379314029681049,0.01719086795031617,0.012532286010690619,0.09270979464054108,0.10000002384185791,0.10000002384185791,0.02952027963819328,0.06440197301683605,0.08210411353243718,0.08708554986450406,0.012712402966021092,0.04287253639185272,0.07478699100264115,0.08345108154194335,0.01837188746635858,0.05387306011829496,0.1009462210047272,0.12107555466554176
02212600,0.17503225803375244,0.1750093698501587,2.288818359375e-05,0.008645156744247151,0.006239454254642372,0.012561504517131061,0.009141636899197225,0.08638738095760345,0.10000002384185791,0.10000002384185791,0.03162766689503638,0.06151448131435454,0.08269461462343175,0.08887206823737531,0.014954013409562393,0.044185315049136455,0.07138613866066904,0.07843794654998598,0.01331004404657693,0.044442227314834985,0.07251858415216912,0.09053485618211762
02215100,0.18707120418548584,0.1869901418685913,8.106231689453125e-05,0.01195990261440072,0.006959435476800798,0.020164298720577067,0.007905849615502107,0.05230283737182617,0.10000002384185791,0.10000002384185791,0.02248151953573574,0.038556457653089814,0.05699451146302392,0.06370150681447106,0.009559813370627071,0.03447004448354569,0.05487519139313937,0.06005224387935308,0.011443321042468882,0.041494865928881415,0.05898121344128382,0.07296883325596554
02216180,0.11686259508132935,0.1168622374534607,3.5762786865234375e-07,0.011382524726935683,0.0059435753794917015,0.024887877747977127,0.015952160223702362,0.07120239734649658,0.10000002384185791,0.10000002384185791,0.021080189060281827,0.03870783509065706,0.06329367593869013,0.07149112155592,0.011913148967208426,0.028983543420197527,0.05077891533695817,0.06781386358252421,0.015796788798175275,0.042875232921804535,0.0653324761179176,0.08698461984973227
02221525,0.15876561403274536,0.15869122743606567,7.43865966796875e-05,0.00989508962658208,0.006659391387323246,0.02428911217863816,0.009255864229664238,0.08635492622852325,0.10000002384185791,0.10000002384185791,0.02454028906024716,0.05395792877232586,0.07089525495545457,0.07818362249268429,0.0171474238742649,0.04810339337829796,0.0655207657242795,0.07443422900827151,0.014476810748623399,0.0492375033648515,0.071034272265915,0.10392920344534066
02231000,0.15491920709609985,0.15505993366241455,0.00014072656631469727,0.011822468596416766,0.005477766743180635,0.03212857036651594,0.0227036706510437,0.0749732255935669,0.10000002384185791,0.10000002384185791,0.026735431859614703,0.04739540661374729,0.07823804808049291,0.08343163828055064,0.010357648921501823,0.03869324294966978,0.06508928048616053,0.07302438538834989,0.02764623243774461,0.0635382202001498,0.10156414722225153,0.1324927181983115
02245500,0.21397602558135986,0.21394282579421997,3.319978713989258e-05,0.010496696614981215,0.006995518223090753,0.037363147410706066,0.01222748916540467,0.08171004056930542,0.10000002384185791,0.10000002384185791,0.030733378824812422,0.052342435855556445,0.08473978908084057,0.09285854675151684,0.018625853098003044,0.045904276243766494,0.08090038866939676,0.10095563633029424,0.02650039361639414,0.07769472258584126,0.11885654519595092,0.15042244187268478
02246000,0.18189561367034912,0.18189668655395508,1.0728836059570312e-06,0.008238284198058499,0.007930640663365386,0.03336374416976917,0.023421857101707855,0.08660292625427246,0.10000002384185791,0.10000002384185791,0.03254167244390205,0.06462867030666938,0.08387254338159605,0.08903765794303681,0.021806470082718188,0.0501283588036738,0.07501896293719124,0.08463165864349775,0.030153657997103546,0.08307333391226035,0.1312302629834421,0.160609465321166
02296500,0.38902920484542847,0.3886447548866272,0.00038444995880126953,0.01332608684878421,0.008076076809071025,0.02113027755249386,0.017769848327052043,0.09632349014282227,0.10000002384185791,0.10000002384185791,0.038581085867352094,0.06686824620321952,0.07961830048621803,0.0832695105837451,0.02212092396982522,0.07149528498467886,0.12424160939564544,0.13778100766338958,0.028501941473844737,0.10183460213031789,0.18892006357569824,0.23271351335834506
02297155,0.3376618027687073,0.33735191822052,0.00030988454818725586,0.009302569285806597,0.009273143630481118,0.03320048354408775,0.01877124629229579,0.09057044982910156,0.10000002384185791,0.10000002384185791,0.03515385015419237,0.06672695422614061,0.08259682609306442,0.08795676336244301,0.022691428844303245,0.057895338160723266,0.12772586661541338,0.18891609701240222,0.025508881468945838,0.09216946367433697,0.1490649436734163,0.17896382019879825
02297310,0.3636353611946106,0.363349974155426,0.0002853870391845703,0.009642157983913671,0.009736935680833338,0.03556591316075427,0.024511189319182614,0.08972048759460449,0.10000002384185791,0.10000002384185791,0.02955868251069822,0.06472860480900167,0.08814101160566012,0.09474749703098226,0.02454802223161239,0.06458085107118935,0.10333600642853197,0.13191339144826006,0.03191751779423595,0.10482301452160792,0.16250723873137035,0.207794617925096
02298123,0.37320297956466675,0.3731731176376343,2.9861927032470703e-05,0.009475964673758469,0.010494847311054167,0.047181170435027536,0.02612069279417098,0.08501072227954865,0.10000002384185791,0.10000002384185791,0.03910004772521833,0.06486637346860435,0.08108494822736134,0.08774125606373503,0.02862128843624028,0.05794145873753253,0.10463646934394467,0.10991224353990997,0.03529632093604307,0.10292214884912948,0.1704943483320963,0.23023700769337233
02298608,0.15196317434310913,0.15206682682037354,0.0001036524772644043,0.011632342072993573,0.00992359884669936,0.06629499823788895,0.02866732116739626,0.061487019062042236,0.10000002384185791,0.10000002384185791,0.02138908454389485,0.03698885211514106,0.05274942364640258,0.06184118715701281,0.022498827725516996,0.046008380010385964,0.09545031401950835,0.11161273942536014,0.031187758824547607,0.09480787510697547,0.12899403349522556,0.19821656766491288
02299950,0.19525682926177979,0.19524645805358887,1.0371208190917969e-05,0.01077102555199086,0.006495068648966596,0.056318446982803784,0.024454256174875094,0.07130247354507446,0.10000002384185791,0.10000002384185791,0.02793199960832249,0.0469594142779155,0.07761920762282837,0.09088536986598261,0.018012400800853423,0.05362228417679296,0.09255283125256482,0.11547878298810581,0.027669298429013764,0.07196507581862585,0.11698531883137807,0.13388612918204876
02300700,0.23109859228134155,0.23097866773605347,0.00011992454528808594,0.009004434877073116,0.006981954788836103,0.056236992850601186,0.031949477569949494,0.09180474281311035,0.10000002384185791,0.10000002384185791,0.026637374037117786,0.04752241520280087,0.06767951686073237,0.07813301345816359,0.02666262956796475,0.057933881215339156,0.09045987620544504,0.13771734929836218,0.023138307933130098,0.09315319300579424,0.13189658075130095,0.17361545474274084
02342933,0.1337262988090515,0.13361448049545288,0.00011181831359863281,0.012301074358516129,0.0050442591087323605,0.01692975764183663,0.012086650957285942,0.09969481825828552,0.10000002384185791,0.10000002384185791,0.027742091528381453,0.06377220871030462,0.08163271935449701,0.08489967314181512,0.01835814114098734,0.049902214189514627,0.07695697087835392,0.10640238319239,0.015411694010974641,0.04935324431263505,0.0896633764457325,0.11430542411019602
02349900,0.15464568138122559,0.15451312065124512,0.00013256072998046875,0.012206310315831415,0.007463164181781565,0.023952538653810362,0.005330440083750387,0.06182244420051575,0.10000002384185791,0.10000002384185791,0.01938508568952483,0.03772362709045411,0.07311220269001742,0.08750475244941536,0.00982968572180078,0.03231692548589686,0.06248663788745265,0.07177745087821853,0.012641267165556152,0.03589448609599534,0.06324600759431716,0.08497621161009394
02350900,0.09913307428359985,0.09934234619140625,0.00020927190780639648,0.011352459270411175,0.004450186614863765,0.027629291900878206,0.022685126666145305,0.03943922370672226,0.10000000149011612,0.10000002384185791,0.017073275907723978,0.025775004401803015,0.06401119720604681,0.07759241265831168,0.00781503886986605,0.017966698934640077,0.045321576014245905,0.05426521975524493,0.019228456906403117,0.04092152562563506,0.05922918423161183,0.08381430647848008
02361000,0.04911959171295166,0.049056172370910645,6.341934204101562e-05,0.011966622698918128,0.005362634107527031,0.028320791138774115,0.021316156999060948,0.06216466426849365,0.10000002384185791,0.10000002384185791,0.028701331845864042,0.03958101500446597,0.0719658215121814,0.08171772730571258,0.010670648419206206,0.03306471245207353,0.060217805982450766,0.06690559185388319,0.021357890612062364,0.049138477459222764,0.0651801226638791,0.07966420897427329
02363000,0.08949923515319824,0.08948016166687012,1.9073486328125e-05,0.011243497235028377,0.004816360836826365,0.02979876659036363,0.01904252436837968,0.055739402770996094,0.10000002384185791,0.10000002384185791,0.017932590787057556,0.030936857768230963,0.07190763635767827,0.0819077120886908,0.009624587565834009,0.022759507646262937,0.04781709732927528,0.06291787684119217,0.017433844517439567,0.04137857454223809,0.06269602731668336,0.08050992712454183
02369800,0.08578658103942871,0.08574408292770386,4.2498111724853516e-05,0.010260256899445236,0.004815957913593931,0.03290997117069411,0.02491870461867706,0.08598560094833374,0.10000002384185791,0.10000002384185791,0.023307513859536888,0.04510367669992976,0.058027662805936964,0.0631608282664308,0.014799334559941351,0.03552186068053435,0.06724028678188172,0.07867945932626431,0.021540661181837693,0.05994911378225863,0.09175045205419013,0.12056686289279123
02371500,0.15046852827072144,0.15039324760437012,7.528066635131836e-05,0.007199075692460366,0.0032349700164206623,0.01613645902370981,0.009287693512093124,0.09202611446380615,0.10000002384185791,0.10000002384185791,0.043765513378161036,0.06601151422769937,0.08165019187731322,0.08831712206204731,0.011340747476840296,0.038775105666735865,0.08116098291977489,0.09517950270580411,0.02056301329376807,0.05829553653112401,0.08850158365468863,0.10236764429984249
02372250,0.14303690195083618,0.1429552435874939,8.165836334228516e-05,0.008260257988674108,0.005386549915352209,0.01827627712028662,0.01257152076347473,0.09589949250221252,0.10000002384185791,0.10000002384185791,0.044480210032176094,0.07168744847178458,0.08497964920379497,0.092049122174029,0.012588051294676137,0.041914495107849725,0.08004798777387857,0.09719699345712614,0.02349187397530217,0.05883154688176683,0.09020162017155674,0.11112151355680344
02374500,0.2983585596084595,0.2979879379272461,0.0003706216812133789,0.013627931393456832,0.004108203766940545,0.011718805820561784,0.008206026407001105,0.09573554992675781,0.10000002384185791,0.10000002384185791,0.03651639130656366,0.06751108108571283,0.09007000906103187,0.09446602044282135,0.011197795526331078,0.03998870694504981,0.07364928931378985,0.11303155664547514,0.018813890304306424,0.06639667417231793,0.10073422289218122,0.11601100696780942
02381600,0.28478389978408813,0.28471535444259644,6.854534149169922e-05,0.015337622200263079,0.008169716003815454,0.010502692915532012,0.004705444616490362,0.08096611499786377,0.10000002384185791,0.10000002384185791,0.030689774150097833,0.055871257001051264,0.08087240899050677,0.08296466847812689,0.014349111756766036,0.035995223350512355,0.05376398651574308,0.06504598731795325,0.01223877789625561,0.036962657026310686,0.05581044466744576,0.07298778528209207
02384540,0.21368777751922607,0.21361792087554932,6.985664367675781e-05,0.007312333550483718,0.004998252273806226,0.011243186621699153,0.004325708511267734,0.0943613052368164,0.10000002384185791,0.10000002384185791,0.020948094736646716,0.04675058718080875,0.05841617406132042,0.065135452206488,0.016660149706297436,0.038384603236915366,0.06570975290030695,0.08732896360706593,0.011459170859413559,0.04002808394171471,0.06778050162466698,0.09894075173617035
02395120,0.24223315715789795,0.24224364757537842,1.049041748046875e-05,0.007028030886679915,0.0052690279357088,0.025551691962441447,0.019136212178341924,0.08904552459716797,0.10000002384185791,0.10000002384185791,0.028131229637397677,0.06043751936267922,0.07559042123539579,0.0843915395990566,0.01404993178752123,0.03308850957382057,0.0581645641516394,0.07053911206392124,0.016866628873753772,0.04673709205674258,0.07125128691345013,0.09708772054528256
02415000,0.09295523166656494,0.09301602840423584,6.079673767089844e-05,0.011964900876582807,0.004599399249801189,0.01973980514512888,0.0119949154687892,0.0833972692489624,0.10000002384185791,0.10000002384185791,0.0338890906837252,0.05751271581760159,0.09120287163445244,0.09412273138209623,0.011836580600938056,0.027574118310282447,0.04688815746529536,0.06338263008357138,0.01515273689126126,0.03766325190220664,0.05701766396723068,0.0710186002509023
02427250,0.23783326148986816,0.237840473651886,7.212162017822266e-06,0.010848365518868003,0.0052115436884941,0.012926288912237627,0.007895891216092132,0.09461236000061035,0.10000002384185791,0.10000002384185791,0.027991223100710796,0.05924626158343421,0.07392086858550706,0.078797519400164,0.015051596007645785,0.03539542213439892,0.06568523439003317,0.07989677706281811,0.013330378237434062,0.04835598919144751,0.0785794441327381,0.09899085928989075
02430085,0.20333164930343628,0.2033076286315918,2.4020671844482422e-05,0.010881661131761394,0.004915808516550276,0.019709460858751332,0.006927905653470921,0.09440524131059647,0.10000002384185791,0.10000002384185791,0.035410693370633635,0.06907264455601023,0.08694787775476771,0.09507260030066526,0.013764759141534338,0.03956791274080336,0.05599776326971863,0.06225979641512469,0.012344003601548414,0.04491628924899754,0.07117118289839125,0.09254325509230849
02450250,0.16182005405426025,0.16174042224884033,7.963180541992188e-05,0.014843781295573816,0.002151308525571836,0.02475853404419981,0.007584200788051564,0.07317890226840973,0.10000002384185791,0.10000002384185791,0.021169900080120124,0.041153687017935314,0.05063152953430461,0.05462780843178433,0.009485089690176838,0.030950068647395294,0.04510193768649811,0.059629933571041724,0.011171705494862683,0.035119893329886354,0.06498816977184863,0.07736143997994634
02464000,0.18989938497543335,0.1899915337562561,9.21487808227539e-05,0.010723126496387153,0.003167782935246713,0.007916451372500743,0.004808766443246272,0.09176445007324219,0.10000002384185791,0.10000002384185791,0.030774345945704884,0.05812760401931079,0.07640401596686353,0.08333436465925637,0.012528871790597048,0.03378513891721737,0.053331906843842716,0.06668199756081847,0.012886418099865238,0.04241766051634904,0.06593161530719935,0.09211506886265822
02464360,0.2063007354736328,0.2062622308731079,3.8504600524902344e-05,0.010810466603421345,0.006885494607707076,0.020517553423604618,0.017389178163980445,0.09425908327102661,0.10000002384185791,0.10000002384185791,0.039345369156863985,0.06438321971231037,0.07790785076413995,0.08192063338226743,0.012781753792013732,0.034155009988448115,0.055527627728758765,0.06615722186767284,0.015606241339679,0.050649611979234885,0.07997084763937674,0.10358231170406207
02465493,0.21342843770980835,0.21344321966171265,1.4781951904296875e-05,0.009708833192384636,0.004971883653016375,0.025102110492991832,0.009677511357053581,0.09246587753295898,0.10000002384185791,0.10000002384185791,0.037113952112418636,0.06654217337016699,0.072612030831752,0.07812500008278422,0.013302578521491184,0.036211706212824026,0.06490431108254165,0.08021648816329682,0.017816108706296324,0.055006745984439984,0.08527020705990443,0.10443798504031483
02469800,0.18585801124572754,0.1858525276184082,5.4836273193359375e-06,0.009479395014838854,0.004593883032288236,0.007830573483094683,0.005697308010937027,0.09041702747344971,0.10000002384185791,0.10000002384185791,0.030266313696349134,0.06234769059552092,0.07387147649625936,0.07954620505096732,0.01461060664476677,0.05479965941632348,0.07954255137353913,0.08922491259473339,0.016452007310384487,0.05502475000335377,0.09773501904130724,0.12598684507400898
02472000,0.16066336631774902,0.1606963872909546,3.3020973205566406e-05,0.00898206162389234,0.004545051943762035,0.014071161918101802,0.0072023637058887535,0.09483970701694489,0.10000002384185791,0.10000002384185791,0.034767830896156815,0.059531272147540726,0.0726665731494625,0.07972685635365823,0.012552696652211254,0.03796435285992881,0.06833595818062707,0.07523564773688966,0.015093655999064908,0.0512997490110905,0.08096465015178139,0.11178366385347954
02472500,0.16218799352645874,0.1621454954147339,4.2498111724853516e-05,0.0085350910904258,0.005483042803780965,0.02128381132088114,0.016812404755027443,0.0918840765953064,0.10000002384185791,0.10000002384185791,0.026307654491177335,0.055105831060144606,0.06558291848610948,0.07739224257292576,0.015011522936171712,0.04154008881591291,0.07619860095796421,0.10503735183662964,0.013872549395750776,0.046893776271689704,0.08450221371287994,0.09632988654002805
02479155,0.11701160669326782,0.1170092225074768,2.384185791015625e-06,0.008311963856060589,0.005774387456949777,0.019949108803499677,0.010362166843818743,0.08967495709657669,0.10000002384185791,0.10000002384185791,0.029188825659177853,0.054113444945326605,0.0744516980148576,0.08101980366088726,0.009045771894790462,0.026083412457279395,0.04331885589243538,0.07355952586390013,0.01909718550674211,0.05306681065172164,0.08102269740181005,0.10165081603741756
02479300,0.13055813312530518,0.13050901889801025,4.9114227294921875e-05,0.008148762968232748,0.005469607496057928,0.014557057042548782,0.009609357296255672,0.0975010097026825,0.10000002384185791,0.10000002384185791,0.037807496706092805,0.06540533388654393,0.07410283362203174,0.08400298980651077,0.011800041987357596,0.03432506933183138,0.07586059410415155,0.08941627338650009,0.017468801191624236,0.05680645582451305,0.09870471243747207,0.14142065160990325
02479560,0.1186596155166626,0.11869430541992188,3.4689903259277344e-05,0.0057641210082469,0.005242470709071977,0.016208486293070142,0.011740722842143697,0.09769093990325928,0.10000002384185791,0.10000002384185791,0.023555009536169184,0.05392803974725591,0.07022426958382129,0.076100828498602,0.013699466428297741,0.039480199199813826,0.062255772468742095,0.09346766092727953,0.015695421588778662,0.0541945003427224,0.08328592861319202,0.1010246671763133
02481000,0.1634417176246643,0.16352486610412598,8.314847946166992e-05,0.015384228388453214,0.0022240295960664347,0.031053629316165537,0.013230420331620148,0.08208835124969482,0.10000002384185791,0.10000002384185791,0.020688047894725115,0.04490188194093883,0.07529811630094484,0.08924930873844358,0.010386704823939472,0.029179425933797416,0.06312454928828287,0.06977516049167104,0.014624397270282995,0.05791463362753428,0.10009835349789827,0.11948672625579165
02481510,0.10245615243911743,0.10241931676864624,3.6835670471191406e-05,0.01404845964441917,0.004528888571459037,0.010103685539324336,0.005652098766633459,0.09392595291137695,0.10000002384185791,0.10000002384185791,0.02353927730410188,0.04632094207185287,0.05964156812567402,0.06561137355036206,0.01089936177430041,0.03540927889569652,0.0686293578226795,0.08624439989137991,0.013627053072336165,0.053826138149357515,0.09467837816617149,0.1164636843902787
03010655,0.36631762981414795,0.3663429617881775,2.5331974029541016e-05,0.012623218083656802,0.00496344184553537,0.00823888029179154,0.0042660498248100615,0.09134781360626221,0.10000002384185791,0.10000002384185791,0.031174938725652513,0.05746236225521123,0.07113412598630897,0.08306899266662424,0.016494717152020062,0.03966756370830299,0.061703002249828866,0.0736680018049071,0.01856916987743805,0.057502703964028914,0.08140968744015578,0.10074180079321984
03011800,0.45821601152420044,0.45811909437179565,9.691715240478516e-05,0.012206044001279129,0.0029499660168126047,0.013956868347845791,0.005195895876150547,0.08683043718338013,0.10000002384185791,0.10000002384185791,0.028589531934509676,0.048146152252124416,0.0711442494753886,0.07809020021447428,0.015056746686665642,0.03779632529332615,0.0548001106283382,0.06764127508454984,0.013319292065890248,0.05148809993650943,0.07825856438226811,0.11128689457531926
03015500,0.3273972272872925,0.3274182677268982,2.104043960571289e-05,0.01274585770621223,0.005353042817982536,0.02276510075563659,0.01011528342494697,0.08745336532592773,0.10000002384185791,0.10000002384185791,0.021937168155003475,0.05598469490254368,0.07622910503546397,0.08465649816724989,0.012445451058356939,0.031131763505455264,0.04531114872492627,0.06870682870208948,0.01679028946403907,0.052319702457495273,0.07386943703138539,0.10369300828038981
03021350,0.49223971366882324,0.49237191677093506,0.0001322031021118164,0.01244892408366837,0.006142835468443067,0.016393342552700807,0.005532331586485917,0.08980900049209595,0.10000002384185791,0.10000002384185791,0.025866124047725286,0.04643463590906729,0.07163838784838163,0.08722097859890371,0.016863557894123707,0.04086647932099437,0.060057935231282084,0.08050593669112527,0.01334649858727388,0.04686962181346289,0.07680785457335007,0.11452051396503535
03026500,0.4843955636024475,0.48453694581985474,0.00014138221740722656,0.013641347267584925,0.0036653471139931264,0.014304565376626166,0.008459899826792905,0.09687438607215881,0.10000002384185791,0.10000002384185791,0.028504762839939857,0.05775446748292005,0.07531957622093183,0.08578966894635445,0.017003999667162487,0.03974002983664638,0.05418068706021617,0.06207017798473066,0.017737555631216873,0.05428081964829668,0.0831943894458766,0.10109953338530184
03028000,0.4017777442932129,0.4017755389213562,2.205371856689453e-06,0.009612926278900837,0.005281198172127787,0.027433862068691278,0.008650852403840448,0.09417235851287842,0.10000002384185791,0.10000002384185791,0.029391977604892518,0.05756376151133469,0.0771686329372503,0.0881531481389646,0.014932732994271508,0.04188678367652918,0.06416158290933704,0.07398316760279153,0.018998865772047818,0.06344940584346517,0.08916650350541355,0.12001215012897136
03049000,0.4051879644393921,0.405176043510437,1.1920928955078125e-05,0.008277936063533956,0.007217671456583855,0.008100690812401279,0.004939280559247097,0.09211504459381104,0.10000002384185791,0.10000002384185791,0.039711384792570706,0.06928793088153559,0.08221040521700071,0.08495826671520873,0.014431544083656605,0.03538250338847715,0.04794455323121241,0.05394752298462798,0.013901364585896532,0.0467189624293094,0.0663041612893488,0.08283248736491702
03049800,0.4772552251815796,0.47719109058380127,6.413459777832031e-05,0.015064635839207807,0.00504152559906642,0.009890470863004042,0.0048716382307819606,0.08989787101745605,0.10000002384185791,0.10000002384185791,0.03606255402167638,0.06413859966866399,0.07866912522801647,0.08406287842878589,0.011994596368500846,0.032998172673098826,0.06324354178196528,0.07000217925266626,0.014113756167457941,0.04763954917487898,0.07183717867454881,0.09114291495590617
03050000,0.28435075283050537,0.28425151109695435,9.924173355102539e-05,0.010381628896730416,0.005140321574524541,0.0107522180963176,0.006519218544711589,0.09402427077293396,0.10000002384185791,0.10000002384185791,0.027315260756208947,0.05926911521565035,0.07413130112599443,0.09022072327357752,0.014938112138652943,0.039957043067190307,0.06269349688782272,0.07731270659739735,0.01772383709638815,0.04998386991681212,0.06925697942421126,0.08592250318860695
03069500,0.20803868770599365,0.20803064107894897,8.046627044677734e-06,0.005860081090487579,0.006844525833848323,0.023378898744658844,0.011370981620972054,0.09388220310211182,0.10000002384185791,0.10000002384185791,0.0214743493883698,0.04867188431046629,0.06404715079924574,0.07006304175765427,0.018658387450031764,0.04715313574371261,0.06594938870769494,0.07793964590870947,0.019145801292177404,0.05411186549961272,0.07933908886440354,0.09284569297421785
03070500,0.3297843337059021,0.32969069480895996,9.363889694213867e-05,0.011774245448632835,0.006031103379021685,0.011180418135447123,0.005101256294130191,0.08641290664672852,0.10000002384185791,0.10000002384185791,0.02050774769374615,0.05164294455614355,0.07816322264737553,0.09313625191096908,0.01663916091137326,0.04057311888432725,0.057236913825070165,0.07127938782941796,0.014884422225942995,0.045677835019308895,0.07990962274704926,0.10488034474942315
03076600,0.4257206916809082,0.4255267381668091,0.0001939535140991211,0.010072467531329576,0.005457814516407492,0.012637779559966963,0.005134133406013708,0.098960280418396,0.10000002384185791,0.10000002384185791,0.02941508138621296,0.0604588709164549,0.07802168355937357,0.08665183255517923,0.014841356236674931,0.03823684702645572,0.05436623860106161,0.08888035842528488,0.01790955620322021,0.049017073705094165,0.0707038687542213,0.09501302429608738
03078000,0.4175199866294861,0.4174480438232422,7.194280624389648e-05,0.008672252988114523,0.006085435475190688,0.016247539501131766,0.010035192403590798,0.09602123498916626,0.10000002384185791,0.10000002384185791,0.020007871643260677,0.054009931236505555,0.08162134929939552,0.0866293427568895,0.0173541720884881,0.042953138701596366,0.061257277165089045,0.07686843174909751,0.015856128478324794,0.04932200029716022,0.07975079080743971,0.10842765022757143
03140000,0.39072245359420776,0.3907961845397949,7.37309455871582e-05,0.010015711743642075,0.006262539065958264,0.012229657564103213,0.006973334596232367,0.09591355919837952,0.10000002384185791,0.10000002384185791,0.03204627626196101,0.07068119262931527,0.08310419354063493,0.08687095909758857,0.01503523346653518,0.04280479459390785,0.06157767895285558,0.0721164848523854,0.014918646530050164,0.04764182782682623,0.08062662911332293,0.11771585379455374
03144000,0.300614595413208,0.3006168007850647,2.205371856689453e-06,0.013863594388815854,0.005017210018691496,0.007692524552454616,0.004311470949262028,0.09692394733428955,0.10000002384185791,0.10000002384185791,0.036238632778878566,0.06797838671891779,0.08843719194222381,0.09431134073270694,0.01380394113962714,0.03912398866302539,0.05900150478281132,0.09576782233658489,0.012857804151737345,0.04693472821140509,0.08365455613778516,0.10174130379008466
03170000,0.4924306869506836,0.49231117963790894,0.0001195073127746582,0.006033793303643339,0.004733723175295369,0.0194932797567971,0.008420273410096546,0.09414637088775635,0.10000002384185791,0.10000002384185791,0.041587376622138204,0.07776836980272224,0.08778572500331533,0.09217284959223535,0.010903678266526723,0.04409592035495233,0.07457568335640127,0.09328673875925064,0.01483988720395384,0.04176201820267395,0.07269854884811729,0.10432458651668941
03173000,0.5160520672798157,0.5161688327789307,0.00011676549911499023,0.006235158115575977,0.007242398486104355,0.012002338789930511,0.007378767566759453,0.09626227617263794,0.10000002384185791,0.10000002384185791,0.037466347231357194,0.0747508775304865,0.08633680266362648,0.09136457241795684,0.01814950373410087,0.04732078567107485,0.07759853598270632,0.082029860882832,0.014624967868819241,0.04415089062481077,0.07524765459921244,0.10070315621895073
03180500,0.32223135232925415,0.3222419023513794,1.055002212524414e-05,0.009189434098713978,0.003223992109357522,0.01358277899415633,0.007385856288293732,0.09874093532562256,0.10000002384185791,0.10000002384185791,0.030126694907192837,0.05862458408430771,0.07732601813254533,0.08970294782408961,0.014848839696766654,0.037668500547449996,0.05693101500780954,0.06804085307447717,0.01589822384183133,0.056489731291165864,0.08822668682532392,0.10670646280781929
03182500,0.3166332244873047,0.3165935277938843,3.9696693420410156e-05,0.010655748152673561,0.003431426121826228,0.019961064371902565,0.011062783125937004,0.09765642881393433,0.10000002384185791,0.10000002384185791,0.028809258355586634,0.05314467077040015,0.08148624619676004,0.09110226111003646,0.017896580340046653,0.04048226989649229,0.060582863446573154,0.06782676107957952,0.01630210359287533,0.05247538395762219,0.07442864646924734,0.10140831894897517
03186500,0.3397347331047058,0.3397095799446106,2.5153160095214844e-05,0.006236939083664156,0.00611577297622864,0.03002145334542572,0.0150830180359195,0.09258460998535156,0.10000002384185791,0.10000002384185791,0.01922354940669957,0.04364837568115304,0.05897679748565511,0.07581939112257075,0.014157496747775566,0.035970527859424506,0.05751930436263037,0.0924223917843704,0.015363061585973115,0.04608877650875648,0.07302126613892779,0.10838790310309629
03237280,0.5896850228309631,0.5898445248603821,0.0001595020294189453,0.015559222198618036,0.00405615254867073,0.011397264954289998,0.006855225281074455,0.08236241340637207,0.10000002384185791,0.10000002384185791,0.04125009271557684,0.06459218484384038,0.08422016039380317,0.09596013412983331,0.010096853965413238,0.032143792270311645,0.0609187629962889,0.06580998341830016,0.01793091189738502,0.043861602484351433,0.0744327552251949,0.11182622931657302
03237500,0.16380906105041504,0.1638643741607666,5.53131103515625e-05,0.01439412313664759,0.003829347599093919,0.020233195268370252,0.00865057229981639,0.09340071678161621,0.10000002384185791,0.10000002384185791,0.02801895712812738,0.05769927306859581,0.07203263725036826,0.08400138404082369,0.011764949238073606,0.03177172696809673,0.0467680955098017,0.0588732336079541,0.012521255839467102,0.042000302983169674,0.06428915775028929,0.07717282255059572
03238500,0.18431448936462402,0.1843382716178894,2.378225326538086e-05,0.015195459655674402,0.00494163898180963,0.008885283256811968,0.0057080350127873825,0.08594167232513428,0.10000002384185791,0.10000002384185791,0.023124263021681024,0.050481487457399096,0.07013776624202729,0.07940497243845905,0.011080041552110134,0.030088894424621666,0.04549252695478296,0.05462802377252519,0.013510748168215625,0.040123732844754886,0.06664176399775273,0.08286968022683183
03241500,0.33808010816574097,0.33782052993774414,0.00025957822799682617,0.015798834684805828,0.00517356197064773,0.009364903306778888,0.004234574747198044,0.08679097890853882,0.10000002384185791,0.10000002384185791,0.03161423589896273,0.05636430532292084,0.07624026464367353,0.08781228531841881,0.011869408491267077,0.03269450908722645,0.0512668403451181,0.058429361537580306,0.01414058399173862,0.045687524855200154,0.06913747206204808,0.09157471817646956
03280700,0.3561397194862366,0.35530567169189453,0.000834047794342041,0.01556745476049752,0.00315457849085616,0.01683938580092198,0.005149311904994042,0.06809455156326294,0.10000002384185791,0.10000002384185791,0.02390490174293517,0.04199516390208844,0.05437083718953309,0.06176255124586601,0.008868124589322953,0.02668517146739125,0.04978236915750188,0.056271124196670644,0.010868654865546529,0.03205832699113276,0.05155769034732695,0.06646514665766401
03281500,0.20379579067230225,0.20379579067230225,0.0,0.013320551754788496,0.003478417639103545,0.024888211611366617,0.009339840177863469,0.0810001790523529,0.10000002384185791,0.10000002384185791,0.02188649482473179,0.039331056983382615,0.061656005023806186,0.07050944732295142,0.009522720444489778,0.027681643705081718,0.046347365225645566,0.06042134819089207,0.011892218941587455,0.0347008844207493,0.05687802354718957,0.0693429398826893
03285000,0.26356059312820435,0.263441264629364,0.00011932849884033203,0.01304947179370436,0.004253804285976515,0.012688205193526703,0.004455381701840455,0.08917444944381714,0.10000002384185791,0.10000002384185791,0.03125273872994715,0.05803913937674626,0.07726809653667388,0.08359194621443748,0.011519988057470466,0.031125805003361245,0.04651324138723218,0.05580037987369996,0.013649372229772638,0.043974777685944655,0.06034063681852575,0.0806563012562935
03291780,0.27168768644332886,0.271697998046875,1.0311603546142578e-05,0.013438795027920437,0.003893885093002662,0.007117379710788907,0.004672228182211913,0.09398543834686279,0.10000002384185791,0.10000002384185791,0.02557492234088754,0.04947584068057714,0.06943383307920559,0.0758839924854261,0.011517583600051414,0.02991339552147477,0.051294499219907766,0.0614146771482201,0.01435631727272832,0.04446726587348626,0.0646616430296525,0.09188192352624766
03338780,0.16564637422561646,0.16562557220458984,2.0802021026611328e-05,0.012136629636066196,0.006790914696111385,0.029643882008152378,0.001089029248881282,0.05495023727416992,0.10000002384185791,0.10000002384185791,0.02130514856565883,0.03553609566694056,0.04459988796324643,0.05861700593873306,0.00989972933339229,0.028601279111462544,0.043998786099134164,0.05157457800299332,0.008663172382773032,0.038042631324290914,0.06621985978609625,0.08983794997211733
03340800,0.22706079483032227,0.22705429792404175,6.496906280517578e-06,0.015407822212905976,0.004605645649853287,0.012402320638510822,0.0029618300816323107,0.09136325120925903,0.10000002384185791,0.10000002384185791,0.033879945661734655,0.07278447773169588,0.08438769272632068,0.09289661803179317,0.01100017135777657,0.03804418048948534,0.058935706441474875,0.07157757431766865,0.011150212292135253,0.039906167776082004,0.06778483621576964,0.09704587805993499
03346000,0.23751401901245117,0.2375016212463379,1.239776611328125e-05,0.014987332821918428,0.005178108251625338,0.010964679514943343,0.004081880262432724,0.09573525190353394,0.10000002384185791,0.10000002384185791,0.0316668934982132,0.06597098874825019,0.08030853227332786,0.08924044229918054,0.013835718462463661,0.040466374058421295,0.06501759285121814,0.0747165700142931,0.016191763961300953,0.04552536850686661,0.08141737529296489,0.11203269280764772
03364500,0.2986510992050171,0.2986282706260681,2.282857894897461e-05,0.010591224260633924,0.005110695210652767,0.0057029308469667694,0.00399898981224063,0.09794950485229492,0.10000002384185791,0.10000002384185791,0.04025642084026779,0.06889149819811188,0.08404738400986898,0.08983860813357208,0.013010511678241847,0.03799388823470231,0.06352357567987538,0.07287638590156449,0.01792906126238794,0.04968306476943096,0.08144117911664703,0.10388519237257648
03366500,0.25086867809295654,0.25092917680740356,6.0498714447021484e-05,0.007678593262826744,0.006096582679569867,0.017643783160565307,0.009120360747361916,0.09431076049804688,0.10000002384185791,0.10000002384185791,0.022046553757455616,0.05367797578926439,0.06837030268239752,0.07424051002771767,0.013464254817752219,0.03548982356337173,0.052442924739846346,0.0606243444889195,0.013684036191356268,0.045376279212217076,0.06396903428271729,0.07374001635483984
03368000,0.16812515258789062,0.1681193709373474,5.781650543212891e-06,0.014929833770885182,0.003267990095531217,0.015477500986996018,0.007576308530516579,0.08571183681488037,0.10000002384185791,0.10000002384185791,0.03364301490838881,0.052383948525896805,0.06542062804171885,0.07276404751119797,0.008719520893248593,0.02540541955368763,0.04928604687082014,0.06320654707155994,0.012829513713872837,0.03808995225082324,0.06209805933877212,0.08465718921280405
03384450,0.21059554815292358,0.2106195092201233,2.396106719970703e-05,0.01713276607927635,0.0036879910826505204,0.010370150963590882,0.007272119073213679,0.0737069845199585,0.10000002384185791,0.10000002384185791,0.0228450294997957,0.04169875358265863,0.07088620889573186,0.07974505123716813,0.00902493038452669,0.025964909515735695,0.04331578750641477,0.06677042529422095,0.009313691692717299,0.03298650816469299,0.05252174947568376,0.07354396868363877
03439000,0.10926473140716553,0.10929626226425171,3.153085708618164e-05,0.008792484408585086,0.004039304995377124,0.027389054624430198,0.023475361829588225,0.07793083786964417,0.10000002384185791,0.10000002384185791,0.02069489419184349,0.04086479776021506,0.06019988264584982,0.07049297483430972,0.01144990292474111,0.036342558396041606,0.08677543751036051,0.09910114997752813,0.016381306202772117,0.05092861471602478,0.07977640368962995,0.10104108367480827
03455500,0.15893292427062988,0.1589418649673462,8.940696716308594e-06,0.0030497631185883445,0.005721328298618448,0.016349450722077774,0.010397631934404905,0.09856092929840088,0.10000002384185791,0.10000002384185791,0.02007691596669181,0.05733164789224112,0.07896149965154903,0.08757684319107628,0.01672101757099153,0.05978088087522736,0.08049855422697808,0.11387539893744487,0.014309398252074584,0.0439770699151372,0.06726217435047249,0.09169080878876645
03456500,0.20029950141906738,0.2003745436668396,7.50422477722168e-05,0.007411404193355953,0.005354239868275966,0.012173989523247775,0.0024582608993650445,0.09776437282562256,0.10000002384185791,0.10000002384185791,0.02601543162707929,0.06856423547422444,0.08652314240181888,0.09019139318002595,0.01709141862783544,0.05446962618891849,0.08215957762299185,0.09474854710181098,0.016123803000740802,0.051571640704785836,0.08693827533195471,0.1105404220283745
03460000,0.26331013441085815,0.2633175849914551,7.450580596923828e-06,0.0018957599558580285,0.004722017103999455,0.019528025398210858,0.009293189596438281,0.09751412272453308,0.10000002384185791,0.10000002384185791,0.030386527124102475,0.06361478525731297,0.08715166134028522,0.09335903953070994,0.015218885071651617,0.047591332970546324,0.0836378833885075,0.10730499224511998,0.01805300330703537,0.05423638279561213,0.09360046036121673,0.12539105630422337
03463300,0.14990997314453125,0.149958074092865,4.8100948333740234e-05,0.010704154073165953,0.00315903642782949,0.02669015316159204,0.02324506559219569,0.08118641376495361,0.10000002384185791,0.10000002384185791,0.01869802952364638,0.03857757770076945,0.05373960103784447,0.071337418920464,0.012262975239015182,0.03178547626196052,0.060304499751107556,0.07034110504227757,0.02024884372223401,0.0470583777043203,0.07214275294389003,0.08581680530835348
03471500,0.5922712087631226,0.5922502875328064,2.092123031616211e-05,0.010732877092686305,0.004333348739802861,0.016486158510866655,0.013692169495949327,0.09741687774658203,0.10000002384185791,0.10000002384185791,0.032541277204398755,0.06916071962289236,0.08303310902568478,0.09261477288824543,0.017272548238917898,0.04821057567883822,0.07074551741255161,0.08665972367274556,0.018422994761548656,0.056827498761819924,0.0816207411822411,0.12084056555139001
03473000,0.41468632221221924,0.4147816300392151,9.530782699584961e-05,0.008556182800039926,0.005415467269689476,0.011310636797093099,0.007132817750770529,0.09660673141479492,0.10000002384185791,0.10000002384185791,0.029901744825420552,0.07364066327887564,0.09012905767670386,0.09316660966034289,0.015657353544946278,0.04379565730770365,0.07139590928352865,0.08263300758369851,0.015443439745913978,0.04765014847627912,0.08339137654013404,0.1095796964485887
03479000,0.21715617179870605,0.2171844244003296,2.8252601623535156e-05,0.006748081969457809,0.003179591777539365,0.021754520120971912,0.011953685558165561,0.09713923931121826,0.10000002384185791,0.10000002384185791,0.027685618855886995,0.05568405737755476,0.08542497315340572,0.09613475407715197,0.017856374643631517,0.04890790403649218,0.0993956155365105,0.10708495937182758,0.01703914098012227,0.0541117031868715,0.09387682414889784,0.10853324462514002
03488000,0.602634072303772,0.602180540561676,0.00045353174209594727,0.0077555668814636505,0.004640472047238317,0.01517549122675349,0.006236161138764906,0.09740161895751953,0.10000002384185791,0.10000002384185791,0.03283322373474086,0.065616776275414,0.07930566974812084,0.09060898326613287,0.015881092860360813,0.037254156169117626,0.07787652598257076,0.08498300119371373,0.013303319535161624,0.04595283765796397,0.07258363647911656,0.09933560582983786
03498500,0.18288207054138184,0.18286752700805664,1.4543533325195312e-05,0.01038216752848345,0.0031520670191455247,0.023418866498087,0.005734740062113275,0.09550829231739044,0.10000002384185791,0.10000002384185791,0.02705090354990075,0.05368452453226955,0.06615189610642415,0.07044141030421963,0.014653963066034536,0.040578423147363755,0.06518807761687913,0.06970464227870608,0.01074931830948489,0.04020016370176832,0.06218262177739908,0.10158295665856946
03500000,0.190698504447937,0.19063490629196167,6.35981559753418e-05,0.0034303431273517704,0.003138821977384877,0.009836081010358266,0.00224435651940047,0.09743189811706543,0.10000002384185791,0.10000002384185791,0.025367446657684103,0.06773574650287628,0.0877416681550719,0.09305278741651113,0.017626593628555697,0.047478109949411075,0.07470932204363716,0.09183872474383065,0.017252307889105256,0.04861454801434213,0.0774353658893032,0.10030027192470722
03500240,0.2222614288330078,0.22229045629501343,2.9027462005615234e-05,0.007522068608973115,0.00434245546674513,0.011028097095274567,0.0058794961997810195,0.09505581855773926,0.10000002384185791,0.10000002384185791,0.025772080418688295,0.055701051572406755,0.0718955252126411,0.08205578881833292,0.013451086048041936,0.04201526154541161,0.08287532417264713,0.10137173401806389,0.012911592748130786,0.05151211690163371,0.07920246048900553,0.09994111455238919
03504000,0.21463274955749512,0.2146652340888977,3.248453140258789e-05,0.0037266498897580947,0.00594041450748804,0.02285710666335422,0.011564625308420324,0.0972839966416359,0.10000002384185791,0.10000002384185791,0.029490712423015555,0.0651098009033336,0.08206761709573092,0.08667564265154024,0.01770024157597643,0.0465337912873104,0.06414086563385657,0.08047986347565338,0.014953180800713284,0.04881805500034225,0.09733079702066376,0.11272828576632779
03574500,0.15781891345977783,0.15781450271606445,4.410743713378906e-06,0.013569321549167151,0.003410175355502753,0.014020033859165781,0.007584802076471747,0.09133130311965942,0.10000002384185791,0.10000002384185791,0.03879925318890147,0.06779331650446963,0.08825212247945645,0.09139565499844376,0.015104560039505584,0.04331140656214543,0.05666439316678629,0.06280537280756335,0.01488938538595208,0.049400530200264,0.0684795893144651,0.0799736599117454
03592718,0.23157286643981934,0.2317211627960205,0.00014829635620117188,0.015116406067848587,0.0018966078254363367,0.022017215255414557,0.008679473842662426,0.0736127495765686,0.10000002384185791,0.10000002384185791,0.028764155410506094,0.04734324291348458,0.06535258540124803,0.07536953196481422,0.007749235029728607,0.03211645768423741,0.05295594792615672,0.06236433027002531,0.01147556276605264,0.040025756794364764,0.06513587577212729,0.08687514445996011
03604000,0.13193416595458984,0.1319284439086914,5.7220458984375e-06,0.011050100800992418,0.0038247664587900024,0.018871471500575707,0.0055745714086255505,0.09590063989162445,0.10000002384185791,0.10000002384185791,0.028566940832469186,0.05939563855528832,0.07962155002686713,0.08575981212434945,0.012113017229834828,0.030090016911839716,0.05636715486776762,0.060601699311004543,0.010803297099407833,0.035022430685064346,0.06539932656245674,0.08552789793495641
04015330,0.39026159048080444,0.39026087522506714,7.152557373046875e-07,0.013718308100428872,0.00793195948003849,0.020616937942209285,0.007575165473799994,0.09763050079345703,0.10000002384185791,0.10000002384185791,0.019443233049026246,0.04684556626749259,0.0649883143372006,0.07832690907849205,0.020459148871976328,0.047225022526039155,0.07499561538953005,0.09753846049871248,0.018493849590724754,0.052828745180027725,0.0755736461049179,0.11877814322426447
04024430,0.41188061237335205,0.4118311405181885,4.947185516357422e-05,0.013756034947557436,0.009884024835488009,0.02513777688573776,0.012088173082630382,0.09417146444320679,0.10000002384185791,0.10000002384185791,0.024395249783992767,0.05432150940652247,0.06470047063104531,0.07255030495149117,0.018460268725789583,0.04410454132510947,0.06466048528638818,0.09833649425010976,0.01800010159847129,0.057572330022572026,0.0875492482831492,0.1125979014688222
04027000,0.5419344305992126,0.5420025587081909,6.812810897827148e-05,0.008791391456295872,0.008554524450319779,0.032588016603011,0.00648798383612581,0.08972692489624023,0.10000002384185791,0.10000002384185791,0.031865674836768054,0.05909415679466394,0.07425262684347453,0.07765243464597948,0.01491809964960706,0.03426002363363896,0.05284441081190649,0.06845751149913859,0.01955343526255096,0.06799595922684855,0.12076494729926611,0.1598237368608801
04040500,0.464410662651062,0.4643644690513611,4.6193599700927734e-05,0.011409235683532748,0.007942589805822048,0.013400090661512709,0.005425714291542039,0.0971982479095459,0.10000002384185791,0.10000002384185791,0.030081386284695755,0.05914151245245227,0.0756335172018519,0.08834942800027352,0.02102910998720124,0.04388526544648214,0.06504815994263011,0.08409715669690712,0.02100272098444976,0.07178654317211111,0.1032390355448393,0.1696394821572822
04043050,0.5811828970909119,0.5810467600822449,0.0001361370086669922,0.010235608477469432,0.006238538173413632,0.029702928985922805,0.008592975378165404,0.09358520805835724,0.10000002384185791,0.10000002384185791,0.020604731639226256,0.0546374451341452,0.07349700077816293,0.09051414192826657,0.019722164423852682,0.04458700066531692,0.0857621870646545,0.1083206929287756,0.013919339635265274,0.06066847562357112,0.1027323802375086,0.15260791099539342
04045500,0.458530068397522,0.458316445350647,0.000213623046875,0.009787848121416531,0.011013304486499391,0.026374620765558632,0.009046669607268853,0.09140467643737793,0.10000002384185791,0.10000002384185791,0.027397768337417583,0.0577558292144979,0.0742317552108455,0.08466393530920699,0.021397692860780276,0.05300633026988416,0.06808037093941732,0.08454059012403316,0.022423035299303444,0.0808756658495638,0.12427098348432847,0.17936344244122715
04057510,0.527086079120636,0.5268527865409851,0.0002332925796508789,0.007643137700063363,0.0071824807250789775,0.014748010999932615,0.010207186607549823,0.08802175521850586,0.10000002384185791,0.10000002384185791,0.03462310078795308,0.07037718577793356,0.08629128520577042,0.08777179135768509,0.020095848718674827,0.04822264946398948,0.07934038649765665,0.12447991794358412,0.021257794093827612,0.08488385106286603,0.1678916827556571,0.22267524406569453
04057800,0.3574602007865906,0.35742563009262085,3.457069396972656e-05,0.009277229183784597,0.009006406814184045,0.03283717437309072,0.008038489778570558,0.07832002639770508,0.10000002384185791,0.10000002384185791,0.028844750258657667,0.05640132537594548,0.0867988249582273,0.09203677621704554,0.013670960196577391,0.036613597991309796,0.05871127868774472,0.07523172897901798,0.016693114806559967,0.055773430078435826,0.09189523091607224,0.1380325531796085
04059500,0.3857499361038208,0.3856942057609558,5.5730342864990234e-05,0.013390964393529381,0.0077442907969746885,0.021934125985036662,0.004999349615435911,0.09467560052871704,0.10000002384185791,0.10000002384185791,0.032471781079139936,0.06419810696884443,0.08028022067414387,0.08602488915677425,0.02056168267741137,0.048306151819986425,0.06681360538137278,0.07827845263236097,0.02674401830154277,0.0703004782486013,0.10671366553797894,0.13704358875484018
04063700,0.6053908467292786,0.6053075194358826,8.33272933959961e-05,0.007739501124786163,0.008569584606823754,0.0388173362998567,0.017539412245260427,0.09168532490730286,0.10000002384185791,0.10000002384185791,0.03222296992661776,0.0664755998110329,0.08657846001011352,0.09249115807038766,0.017211817080340298,0.03650439230047422,0.05837043637957117,0.0793823289622297,0.023173205600180644,0.07237644914609802,0.1062871093719607,0.1460041638108539
04074950,0.3783698081970215,0.3783344030380249,3.540515899658203e-05,0.011745996186089291,0.00895617837668494,0.03890447679507952,0.015081690343273557,0.08721745014190674,0.10000002384185791,0.10000002384185791,0.031185385860778667,0.06073345387699429,0.09359470526018629,0.09875842029297793,0.01691808262969642,0.03917938261896778,0.06559842337537054,0.09104589536216663,0.02477591245308885,0.06776117527201793,0.11297420863019557,0.17320799914041568
04105700,0.41189998388290405,0.4119364023208618,3.641843795776367e-05,0.009376291425039318,0.006029684805211982,0.04554773131372292,0.01127183408529403,0.07929623126983643,0.10000002384185791,0.10000002384185791,0.02512386739253998,0.04980369279230079,0.09775780754729554,0.0982799625783055,0.01322777271184038,0.032037838379081196,0.04768160646268243,0.07716578485374634,0.01754889117143862,0.05431877393876232,0.10134256307536636,0.13299044313038494
04115265,0.4545172452926636,0.454478919506073,3.832578659057617e-05,0.008132983918770376,0.005850336900338977,0.022408158545727752,0.005259748833951028,0.09303414821624756,0.10000002384185791,0.10000002384185791,0.04725717794564033,0.0751046831133189,0.09276500688989957,0.09539865462316405,0.013118520113768302,0.037346329011302706,0.06681282141285669,0.08348513172333415,0.018108729027383974,0.06110123239684869,0.10290808480499099,0.13284451449914214
04122200,0.718674898147583,0.7186874151229858,1.2516975402832031e-05,0.01118011442857475,0.006833674643498168,0.02472785723879173,0.004985706412822477,0.07733094692230225,0.10000002384185791,0.10000002384185791,0.0465521678052567,0.07994891656217754,0.09620197972765676,0.099387755603702,0.00920411980539158,0.02955744637115295,0.046992873756519234,0.07519870284206842,0.017591014640952696,0.05454612492346147,0.09492790136466374,0.13151541479412976
04122500,0.7092678546905518,0.7092868685722351,1.901388168334961e-05,0.010639941018170673,0.0064116779949508354,0.02724687661646441,0.007015432173020281,0.07535991072654724,0.10000002384185791,0.10000002384185791,0.04108159147478918,0.07410687829609267,0.0943477706796041,0.09815941847584869,0.01163218480611228,0.03141539062789931,0.044846098887110136,0.07273810089684779,0.01837050303077503,0.05861888392974572,0.0959219237294055,0.13254956404090892
04127918,0.3135983943939209,0.3136674165725708,6.902217864990234e-05,0.007885053350065951,0.004916511340688768,0.04365004593200092,0.010468473311931237,0.09085538983345032,0.10000002384185791,0.10000002384185791,0.024135044023946506,0.05529528868971048,0.07812447169285129,0.088339476176986,0.01535628179539542,0.039334043374162776,0.056704237334122415,0.07497304467072784,0.020468845702253647,0.07850049848764437,0.12046886703743089,0.16389321807128024
04127997,0.3616541624069214,0.36147254705429077,0.00018161535263061523,0.010485270105015432,0.0027150048779328436,0.04375187472004821,0.012999982642584798,0.056374724954366684,0.10000002384185791,0.10000002384185791,0.018598736712226144,0.03860731779011312,0.08668224914261585,0.09467744319527238,0.009526062174579158,0.029759933063214145,0.045969533418995075,0.0651619534380518,0.01301593631367226,0.046895455108307345,0.075716387136567,0.12067556386640738
04161580,0.42935609817504883,0.4293174743652344,3.8623809814453125e-05,0.012438887068505378,0.008077795054825608,0.025212099676490907,0.0009725992500650843,0.06386268138885498,0.10000002384185791,0.10000002384185791,0.035502709227579615,0.049933044663457965,0.08781828218036228,0.09465779968433907,0.007462597066058324,0.03561809006174218,0.056287066045911195,0.06480151734147808,0.011431630214403299,0.04874673428265855,0.07909897983553786,0.09604377749260415
04185000,0.4108433723449707,0.41088640689849854,4.303455352783203e-05,0.01041595434812266,0.008770520877785728,0.02154037900210054,0.007744619134190112,0.08772119879722595,0.10000002384185791,0.10000002384185791,0.028634026246490307,0.06958878081705838,0.0826124093874737,0.08510238787642233,0.013176724898315187,0.04314896476590895,0.06141179957316914,0.08024081562139147,0.014698503379642347,0.053843354069179394,0.0937901622525447,0.11590553036664697
04196800,0.4771351218223572,0.4771420955657959,6.973743438720703e-06,0.0112941574283444,0.006958610695235094,0.007702308402690872,0.00305748184928073,0.09912717342376709,0.10000002384185791,0.10000002384185791,0.03646461628377437,0.07298925116106314,0.08723351259915918,0.09503801763057707,0.01318315311114601,0.03465406855603837,0.048318552676854254,0.06630550158097788,0.019025471029837857,0.05258781814659802,0.07996635138201108,0.1020767980926594
04197100,0.45888471603393555,0.45882898569107056,5.5730342864990234e-05,0.009424453689124132,0.00786327917077298,0.015243978699025357,0.0038559756038923365,0.09423545002937317,0.10000002384185791,0.10000002384185791,0.03240869519887146,0.06806307656345546,0.07812410902894205,0.08991037372637678,0.018829455327546842,0.04434866801387082,0.06034919734820072,0.06831766916782271,0.016458902224312566,0.05943713206543769,0.09533749138160534,0.11188278853025593
04197170,0.3182550072669983,0.3182503581047058,4.649162292480469e-06,0.015742366530668128,0.005779488316204234,0.009921483170747203,0.004091723226109789,0.0878211259841919,0.10000002384185791,0.10000002384185791,0.023039639961940278,0.05889281425763062,0.07926253689218449,0.09172994820056138,0.014693004993871429,0.038904459574672354,0.06129599706881733,0.06993050291419055,0.01717329585715409,0.05022926341547164,0.07411272231178193,0.09868402680728487
04213000,0.40241122245788574,0.4024409055709839,2.968311309814453e-05,0.009885940051385107,0.003033110941188417,0.00940666124744638,0.002310582560660482,0.09073278307914734,0.10000002384185791,0.10000002384185791,0.016932226689877306,0.04589237634230536,0.05512053246299442,0.05839203905176233,0.016260265716692555,0.04321719537021331,0.06609011792322901,0.08689568634882158,0.015937606036633634,0.05146217406468453,0.07539122327999584,0.0867765120598469
04213075,0.24882549047470093,0.2489246129989624,9.912252426147461e-05,0.015377741540741535,0.006594462318962707,0.013531437926328826,0.005673077011803335,0.08586931228637695,0.10000000894069672,0.10000002384185791,0.02868284881114952,0.055643354775728994,0.07763953562136017,0.08561929307050176,0.019145438836078152,0.05205301370094647,0.08528413701707313,0.1051640406106047,0.014703463609159861,0.05211682362686414,0.08007171114664409,0.09834228459521013
04216418,0.37311244010925293,0.37313252687454224,2.008676528930664e-05,0.015248654834456787,0.006529878886360734,0.029585871894208526,0.017774019669789365,0.07571929693222046,0.10000002384185791,0.10000002384185791,0.019634828550948003,0.039182714815768946,0.06894872450718173,0.08527595754022951,0.011221185698725777,0.032607336362282774,0.05403217161828255,0.06984034882115552,0.014187407765225368,0.04737203988889882,0.06928608401001651,0.0852312742903871
04221000,0.3810895085334778,0.381000280380249,8.922815322875977e-05,0.008922855946686889,0.0069726864804272645,0.017517514521768057,0.009225553453028112,0.09543848037719727,0.10000002384185791,0.10000002384185791,0.03190594783259763,0.05979265136851208,0.08217689726087783,0.08665465221360878,0.016222483765874693,0.041305760956917535,0.06417844474649886,0.07237084745315829,0.01774357406474461,0.05842183297822322,0.08332125620161142,0.12377070585173684
04224775,0.43290823698043823,0.4329214096069336,1.3172626495361328e-05,0.007663047940177414,0.008151881126488672,0.03531299012228306,0.009160739043377775,0.09036576747894287,0.10000002384185791,0.10000002384185791,0.032904272388528874,0.06384819630119537,0.07482660933335623,0.08227574356176234,0.016067950066764366,0.038407206579476355,0.07070839861362496,0.0817730289650558,0.016794919326770463,0.05851118939217065,0.09337737934319622,0.11933002615530666
04233000,0.4857141375541687,0.48575925827026367,4.51207160949707e-05,0.011016167859905251,0.0055312530554068986,0.016064285749637586,0.00600001504350578,0.09613507986068726,0.10000002384185791,0.10000002384185791,0.03535391431715751,0.06316781700485284,0.0780642888901962,0.08660779446363448,0.01710923007315826,0.04387964709607478,0.06502137897062885,0.08841726862932199,0.014831651826854489,0.0439619966911716,0.07446994298905767,0.10896844490796073
04256000,0.41357219219207764,0.41347259283065796,9.959936141967773e-05,0.009866542278584006,0.0028823598088905883,0.01051096540852628,0.0066113112140933905,0.09514105319976807,0.10000002384185791,0.10000002384185791,0.02913758707603581,0.06538225602634529,0.08167595322485323,0.0867819225070653,0.014037635783985196,0.03395205112497456,0.04737702980162968,0.07769693314159701,0.016103855548438517,0.05499109213469334,0.07776380106689117,0.09757299323354207
04296000,0.48087096214294434,0.48084914684295654,2.181529998779297e-05,0.00951300279157285,0.0038846937207906588,0.031513504242487694,0.0160945356013949,0.09760762751102448,0.10000002384185791,0.10000002384185791,0.02675907384190296,0.06076344910595157,0.08370778585473698,0.09461744132417227,0.01897986164669673,0.04183454935012042,0.06170514811474352,0.07541408073096757,0.019160299180524448,0.06813947422803418,0.09498278415748017,0.11198594396298106
05057200,0.32985401153564453,0.329759418964386,9.459257125854492e-05,0.012133343194180773,0.014599088492427794,0.02158498723222764,0.003618432641583541,0.09730464220046997,0.10000002384185791,0.10000002384185791,0.04023091107330942,0.07892430441523048,0.0926045938498444,0.09537376995991781,0.017790966252961248,0.046179196544448416,0.07448958930730418,0.12195569815416574,0.01775475331121551,0.06251159108328369,0.10855027757468466,0.1498864867205156
05120500,0.4827805757522583,0.48264604806900024,0.00013452768325805664,0.016022313355799067,0.011705705656667734,0.0126765773603143,0.0040777228103768826,0.09946316480636597,0.10000002384185791,0.10000002384185791,0.05343229163576055,0.08494079597018384,0.09409449138133613,0.0992498779462444,0.012856182843781316,0.04272850483849719,0.08321449797263449,0.12119686086037475,0.015499097908932308,0.06851217437336549,0.11264598289821093,0.15184843517071778
05291000,0.6025392413139343,0.6025446057319641,5.364418029785156e-06,0.015202759826131618,0.011771242477730414,0.027000044870543888,0.012211818488636311,0.09450876712799072,0.10000002384185791,0.10000002384185791,0.03154002171423699,0.07078875333622647,0.09262812859361506,0.09927677799154211,0.015442261335102975,0.043427622152069946,0.06259502045347402,0.07509864946785016,0.016773186073153257,0.05691532579929315,0.08338855187264442,0.11924373801114901
05362000,0.4306923747062683,0.4307509660720825,5.8591365814208984e-05,0.011458910243513018,0.011770984276018021,0.04257076791981523,0.003323933933714357,0.09411928057670593,0.10000002384185791,0.10000002384185791,0.03155576014132412,0.06338304148504029,0.07486870262247541,0.0822121488827246,0.020124969777622945,0.04684501226356869,0.07385387814941775,0.09226599972110598,0.023317306677746008,0.07936572245844442,0.11240919504384585,0.15221610731251137
05393500,0.47113293409347534,0.4710903763771057,4.2557716369628906e-05,0.009801080220969649,0.010452614468746698,0.04290794831378303,0.007050201199658157,0.08198428153991699,0.10000002384185791,0.10000002384185791,0.026096413174161198,0.05813015553410407,0.07505586062896033,0.0851517840943955,0.01797134299842592,0.036835633368353424,0.05463771989550432,0.07599085743380614,0.015286766330958879,0.06530965784668681,0.11345998784558371,0.1574442818351482
05399500,0.5963553786277771,0.5962156057357788,0.00013977289199829102,0.015917320119858816,0.006143956241713911,0.019625824980118944,0.00859027064147136,0.0924978256225586,0.10000002384185791,0.10000002384185791,0.024468568671080743,0.05125720967297209,0.07256502282840235,0.09313855375404712,0.013225900851339683,0.036136582867463234,0.055291574133100645,0.06332148958758584,0.012720117862454194,0.04459703646193527,0.07443360088358995,0.09817939066986198
05408000,0.66996169090271,0.6701216697692871,0.00015997886657714844,0.016262178621602827,0.0069804317966013964,0.028370929355317098,0.010121400187761143,0.09365442395210266,0.10000002384185791,0.10000002384185791,0.03211515639667156,0.06411659461480611,0.09129135571282221,0.09384190895491173,0.016299412758100026,0.044056739851744235,0.06639790116372651,0.07142361851948184,0.017502981748283852,0.056193175442595986,0.08930892446566698,0.10140826382488097
05413500,0.6000245809555054,0.6001894474029541,0.00016486644744873047,0.0170354819007444,0.004492847833417597,0.011405229027148966,0.004308976341189624,0.09689711034297943,0.10000002384185791,0.10000002384185791,0.0425043472537288,0.07862241751065961,0.09758922366632355,0.09958142166336381,0.012811000127578378,0.03543604180488464,0.05362493585484346,0.10193418288742813,0.016286538464663047,0.04373409642329983,0.0790698961926959,0.09502071946415086
05414000,0.6172510981559753,0.6173598170280457,0.0001087188720703125,0.01711879278994191,0.004035869484994281,0.011377747646043712,0.004060402975789731,0.07700014114379883,0.10000002384185791,0.10000002384185791,0.020430527489494366,0.0460864085207383,0.0621574806670348,0.07277663441167936,0.013036630932239031,0.03594165800788159,0.05327732286651428,0.06027781192348548,0.01387156907933862,0.0467855807175148,0.06675241344811417,0.0890789116372113
05444000,0.4288478493690491,0.42887747287750244,2.962350845336914e-05,0.00803006770556236,0.007594119283638128,0.02576108540198338,0.008024410118982916,0.09325379133224487,0.10000002384185791,0.10000002384185791,0.03262700606827382,0.06347203566520301,0.07874476963612768,0.08782259717031762,0.0159870806654537,0.041529568681551686,0.056988390719921476,0.07204715605197391,0.017453839507888286,0.05319609376349742,0.08598001600289835,0.10076872018377064
05454000,0.43525218963623047,0.43553322553634644,0.0002810359001159668,0.011005201782424118,0.0024865086980201804,0.008157706355823385,0.0032326214709635093,0.09757697582244873,0.10000002384185791,0.10000002384185791,0.03339208198918231,0.06419111034936376,0.08495611303961938,0.08952072251726079,0.012790678030977451,0.033727696509335985,0.05058795226327069,0.06144633442981555,0.01074733495728708,0.0365130032094035,0.05752267955766812,0.0685626072483046
05458000,0.4303104877471924,0.43025320768356323,5.728006362915039e-05,0.015180502778541008,0.0042613204004141566,0.02355037775140345,0.00653335703737809,0.09381091594696045,0.10000002384185791,0.10000002384185791,0.02524132229111814,0.07203945909937234,0.09377168000241123,0.0981846265770771,0.017930966263989635,0.049186739146439284,0.06310300264411024,0.07316918167717355,0.014356274625830251,0.05057542739076937,0.08144570772447958,0.10453144465574049
05466500,0.41072720289230347,0.41093283891677856,0.00020563602447509766,0.016574286595195935,0.00431007001255785,0.012980234365526366,0.001715138685191353,0.08184169977903366,0.10000002384185791,0.10000002384185791,0.031546835187408584,0.05855809778526977,0.0817057485933657,0.09529554981876304,0.01614637377331867,0.04040771748968653,0.055662140953233824,0.07005452841802848,0.013785562985758643,0.046188441559912724,0.06295506496218031,0.08743405153432102
05487980,0.18546676635742188,0.18554651737213135,7.975101470947266e-05,0.015375221807968548,0.005385838508714336,0.009880381540097322,0.006369580774571976,0.0890812873840332,0.10000002384185791,0.10000002384185791,0.032102678371248444,0.06843197116697275,0.08501520978162685,0.09414262335609508,0.01216003050686696,0.03955075776280995,0.0604161116273439,0.08555569914688477,0.013712451191197586,0.046788092692273256,0.07373916738277043,0.08808293879358761
05488200,0.28950488567352295,0.2895715832710266,6.669759750366211e-05,0.015768053175896232,0.0060517940704480685,0.0170015603684725,0.0023178282900039315,0.09303396940231323,0.10000002384185791,0.10000002384185791,0.03194946384540308,0.0808927120599482,0.08936607760411722,0.09216264687754488,0.01394429999588315,0.04286915515149154,0.06569806872470663,0.07440396360163846,0.013681397637049036,0.051121014262133196,0.08541824389749557,0.10452808493318977
05489000,0.23496121168136597,0.23499536514282227,3.415346145629883e-05,0.010230289432496875,0.008208326929216634,0.0095931014165761,0.005670181549564932,0.09323979914188385,0.10000002384185791,0.10000002384185791,0.03764326677278235,0.07230695856390176,0.08797714414971847,0.0907991643305178,0.014271636068625018,0.03787095886502867,0.05555960461908394,0.07187814787184188,0.012310952011051063,0.043212120398569136,0.06674964832902724,0.07880243634227546
05495000,0.23636382818222046,0.23637813329696655,1.430511474609375e-05,0.011093908841551897,0.007171693795710491,0.00814067374396188,0.0032378917120149675,0.08044564723968506,0.10000002384185791,0.10000002384185791,0.026221633123026944,0.05954121001892619,0.07872332195330549,0.08288033204498113,0.01180981591127278,0.037871710598872295,0.05543936106165425,0.06073864763920474,0.009982042702536331,0.039810987839519085,0.057702007365154184,0.0709890615810006
05495500,0.22838705778121948,0.22832167148590088,6.538629531860352e-05,0.007103856589319273,0.006284517393489154,0.014295114349968885,0.003063270909706109,0.0853453278541565,0.10000002384185791,0.10000002384185791,0.032886377811707834,0.06483687900834616,0.08209584662580377,0.08713802656641711,0.01136897937315291,0.035496857569711306,0.051755556340688506,0.07542670374279908,0.010976232631265098,0.03590277979585398,0.06102405078533638,0.08288601388974681
05501000,0.27584022283554077,0.275873064994812,3.2842159271240234e-05,0.008323695495899494,0.00817743882895254,0.01597797672485632,0.0025309923813316426,0.08931726217269897,0.10000002384185791,0.10000002384185791,0.027014076985694746,0.06819935437981738,0.08558833888835377,0.09133070668688525,0.01385213190229061,0.038248296342717585,0.05876234005578685,0.07164232896063735,0.0112197434742288,0.043332627649321935,0.08476368477850721,0.11147443649442934
05503800,0.19725418090820312,0.19728583097457886,3.165006637573242e-05,0.009083490969802738,0.005951670150340002,0.009300050023962059,0.0027359324287121872,0.08668804168701172,0.10000002384185791,0.10000002384185791,0.031690276662508676,0.05716179843854022,0.07163361713069459,0.07762427835000885,0.010063826883720072,0.03315803550307531,0.05838328944779043,0.07037421914762866,0.009458888585183164,0.035182447197543036,0.06470137461520414,0.0951695250315722
05507600,0.3435845971107483,0.34355878829956055,2.580881118774414e-05,0.014653137911874038,0.005612000306451728,0.007078751921927751,0.0016798561348648766,0.0988290011882782,0.10000002384185791,0.10000002384185791,0.04070185220765847,0.07236371871221951,0.08079319057282475,0.0972338720328278,0.009974267541544726,0.03280624449956987,0.04525159380963249,0.057736317819316936,0.012221663074701003,0.04366458811584207,0.06674212575680577,0.08339481141724234
05508805,0.287026047706604,0.287168025970459,0.00014197826385498047,0.00830802439387296,0.0052482449907263785,0.011630479097981677,0.002294297234376172,0.0854872465133667,0.10000002384185791,0.10000002384185791,0.03956863877397997,0.05997725050758436,0.06976582302746397,0.07455246075987816,0.010437189008799093,0.03214356150786959,0.04607983071263664,0.05347777866509556,0.01110798068971064,0.040252808022673434,0.06239039410228758,0.08222733332222323
05525500,0.3042786121368408,0.3043525815010071,7.396936416625977e-05,0.013462892762254437,0.004462878547701435,0.01534028031550444,0.003637929349094071,0.09248757362365723,0.10000002384185791,0.10000002384185791,0.03981413031341852,0.08012342130696334,0.09065324822537323,0.09620961370291536,0.011137950375243956,0.04130821045731985,0.06312534660216591,0.07467425683212019,0.010560719455400089,0.052484451303830996,0.07231998082184452,0.09971681362577234
05556500,0.4767764210700989,0.47679781913757324,2.1398067474365234e-05,0.008451347912689533,0.005516496094362002,0.01602584697638426,0.00411406000988658,0.09657526016235352,0.10000002384185791,0.10000002384185791,0.03167854147376836,0.0687258466360746,0.08593715861356917,0.09421049309549508,0.017333109017154662,0.036653213957781566,0.050241574226754626,0.06763228890413939,0.018192513356792894,0.04880432605384159,0.07482286232617288,0.1051954595933759
05584500,0.33814871311187744,0.33803093433380127,0.00011777877807617188,0.01451398012601457,0.006149907194304303,0.017453114028278288,0.007557431981727952,0.09656167030334473,0.10000002384185791,0.10000002384185791,0.03424594887980709,0.07140061218429496,0.08493475030307418,0.09193141148598105,0.01388167435912018,0.036488732799517656,0.05679026727392242,0.0690629905214949,0.014304458302102308,0.04325345742292893,0.06650469004804505,0.09136577098009081
05591550,0.4579680562019348,0.45794016122817993,2.7894973754882812e-05,0.0161771241055782,0.0037470248190975275,0.010714417845107405,0.002237931272019808,0.08024171739816666,0.10000002384185791,0.10000002384185791,0.03042224394502463,0.06199628772283043,0.0802815062400919,0.08722907384788542,0.010129434116253623,0.030969666357635733,0.04694320967659314,0.06511977743581439,0.009355044539444968,0.03367900169408583,0.05016140825436724,0.07595117829159062
05592050,0.2816092371940613,0.28176575899124146,0.00015652179718017578,0.010148244099755649,0.010397313181258756,0.02143860981616988,0.0036571901083570224,0.08402766287326813,0.10000002384185791,0.10000002384185791,0.037177930965467745,0.0744886837899685,0.08526551401615143,0.09111478709512286,0.009711142544824712,0.03080406310475968,0.051052593072028425,0.06756345499325248,0.010619487551629326,0.039354214747052786,0.06453275550323254,0.09905040114526059
05592575,0.32035601139068604,0.32045936584472656,0.00010335445404052734,0.012517859476403036,0.0046845638758706044,0.009747082740352964,0.003388363115275489,0.09901416301727295,0.10000002384185791,0.10000002384185791,0.032876124895281286,0.06592513860927687,0.0795231544510634,0.08702885439550435,0.012812767703462218,0.042357500263008614,0.06443916980584748,0.06853728676689927,0.016322232801302586,0.05070639884688413,0.0859825125403347,0.11856940672066843
05593575,0.1601041555404663,0.16018682718276978,8.26716423034668e-05,0.010026511150723179,0.007303451086356009,0.015775079417235743,0.00581752938856922,0.09413987398147583,0.10000002384185791,0.10000002384185791,0.032116086156693875,0.06371311433337355,0.0767375354413633,0.08357190023417826,0.013775685442423954,0.03495974885698994,0.060891424698479746,0.07664152358457979,0.014100139295099678,0.041409647830082275,0.06881793799103321,0.08097803196434201
05593900,0.30993473529815674,0.31007057428359985,0.00013583898544311523,0.017584867949306096,0.004357895827740217,0.010298061086462751,0.004930120902788493,0.07614660263061523,0.10000002384185791,0.10000002384185791,0.02526438897130666,0.047359826250208736,0.06818621445585181,0.07578608929007141,0.009736259460608656,0.029441653223070133,0.056109765487646755,0.06973432063213889,0.011803274187517171,0.03617494636755994,0.055072517513178466,0.08553346314099917
05595730,0.19272828102111816,0.19280767440795898,7.939338684082031e-05,0.013017665834238076,0.005456491518048084,0.014876471105837452,0.006492059139090664,0.0977008044719696,0.10000002384185791,0.10000002384185791,0.036733854217109854,0.06664520535204145,0.07678557208677134,0.08660065730412801,0.011904217694605604,0.03750367295388609,0.06597327418192482,0.07512236188069596,0.012735520556550719,0.04360452033936929,0.07458700201481551,0.09467317068204789
06221400,0.23890691995620728,0.23890650272369385,4.172325134277344e-07,0.013665434557377343,0.0119233826090044,0.08527922986639802,0.01369697193157915,0.09075766801834106,0.10000002384185791,0.10000002384185791,0.03375545088891618,0.06643089392670887,0.08636699217447524,0.09790032668798054,0.028448735161803764,0.08356089511749215,0.24960646410523857,0.403240614314366,0.022233290543524853,0.08851890089244674,0.2407820865893205,0.4480714702426895
06224000,0.3085346817970276,0.30858200788497925,4.7326087951660156e-05,0.0078360138998268,0.007476060542270799,0.05382156943805305,0.011850107459234704,0.09286043047904968,0.10000002384185791,0.10000002384185791,0.02285682274787515,0.06213531342369538,0.08297785960965687,0.09643705754920295,0.023829552035269132,0.07531999837577616,0.21855130367944,0.3274797431494376,0.02354973873634225,0.07980112498855807,0.19274105347346684,0.43765292847682835
06278300,0.4006754159927368,0.4006645083427429,1.0907649993896484e-05,0.00746381699799481,0.009007696299431623,0.03196657084769594,0.012515071602446186,0.09398946166038513,0.10000002384185791,0.10000002384185791,0.02013870801914619,0.04549477731740039,0.08653351631429461,0.09432316083047125,0.020349529737295806,0.0682740989313088,0.2167307529080256,0.3378494856990132,0.026135397940394045,0.06803778589910298,0.13291465191008353,0.3188789614262009
06280300,0.4530021548271179,0.4530150890350342,1.2934207916259766e-05,0.014861682799018436,0.009353087904179892,0.04995349757854173,0.006700293176646867,0.09242594242095947,0.10000002384185791,0.10000002384185791,0.03197597124510343,0.056578042129123686,0.06966757224086252,0.08410880135165322,0.023149139407671968,0.0762087282131544,0.22445537037056862,0.3953744512789518,0.023072438277382742,0.07299142847529216,0.1459133081251637,0.24518323048207022
06289000,0.5143656730651855,0.5143183469772339,4.7326087951660156e-05,0.011032916157506678,0.013138648020239618,0.04997815970114883,0.006640414212806589,0.08356273174285889,0.10000002384185791,0.10000002384185791,0.020662370110275552,0.0450151871751856,0.07432853818933167,0.09530847972189938,0.017370098741157122,0.057567275893676675,0.14492126609896938,0.2214467018880556,0.015540049698787084,0.06961586418367637,0.13216943813446377,0.24756783286450948
06291500,1.163329005241394,1.1632285714149475,0.0001004338264465332,0.004164625224304608,0.00908928893836127,0.03651832626051152,0.012072913438063503,0.09495627880096436,0.10000002384185791,0.10000002384185791,0.026807594796021794,0.055184661569418925,0.08589206003259725,0.09690108652468081,0.02316272171041787,0.08351649384835926,0.1753030901597967,0.30016938970031315,0.02263532937538914,0.08762486098385834,0.1433265028198764,0.25589529088490914
06311000,0.4776451587677002,0.47760361433029175,4.1544437408447266e-05,0.012196700910742375,0.01573294736929985,0.03446787240464838,0.01131509328686745,0.09295642375946045,0.10000002384185791,0.10000002384185791,0.018124852522655735,0.0441017542282741,0.0850334510596262,0.10000001015486537,0.017766100175822336,0.05178890016995031,0.1323261340564094,0.24007005243987378,0.020683701087327255,0.05677887242574047,0.1019646385933957,0.2526764918550761
06332515,0.6310976147651672,0.6312506794929504,0.00015306472778320312,0.01721525697991938,0.007545473848370882,0.025908535962511914,0.007649872069406927,0.08319205045700073,0.10000002384185791,0.10000002384185791,0.03509788518702543,0.06918061270482011,0.08656340695365705,0.09718144500145204,0.013044041116726197,0.046151510291628825,0.0794026738344748,0.14560119565875176,0.017473912088944332,0.05678418833999918,0.10714995374024358,0.2154560829539056
06339100,0.7915083169937134,0.79118812084198,0.00032019615173339844,0.013258478693802755,0.01601102526516717,0.015217371096215349,0.008020304336522954,0.09808433055877686,0.10000002384185791,0.10000002384185791,0.031164899689179903,0.07753605768360473,0.0926814297172758,0.0986182472496121,0.024517827600428935,0.05526635651767472,0.07901297674035486,0.17646738652144567,0.018260535223461827,0.07724378537923018,0.13966182864692026,0.24371263108313912
06344600,0.9807604551315308,0.9809738397598267,0.00021338462829589844,0.017196252953486313,0.01166209348004046,0.03636725831206161,0.01708942904040786,0.08709096908569336,0.10000002384185791,0.10000002384185791,0.024463114114823187,0.04998278256367754,0.07658389047892006,0.09281215521472472,0.01862696993857702,0.050235268201091525,0.09914595750533237,0.12534598267019584,0.023606578180005278,0.07418588305542823,0.12918309912677423,0.1910518991614116
06350000,1.06601881980896,1.0654509663581848,0.0005678534507751465,0.016915133626249412,0.012580990261766465,0.02485856065373676,0.011480172200459271,0.09362483024597168,0.10000002384185791,0.10000002384185791,0.030042829226564427,0.07651232026517395,0.09210779101208405,0.09497951774133578,0.019327138571389943,0.0475352572502915,0.08857251569833312,0.12237055336885753,0.020681832834394377,0.07766828539335524,0.11971990381441981,0.1709399770691466
06352000,0.9023375511169434,0.9024311304092407,9.357929229736328e-05,0.016555763112209576,0.008521992357346578,0.05070917865123714,0.023740518431322133,0.06992601603269577,0.10000002384185791,0.10000002384185791,0.025859289754320003,0.054247819190775926,0.0923797422537097,0.09824128007447275,0.013412097248720764,0.036768119558785145,0.07834447547993452,0.14151878160093123,0.024882167110436504,0.09613725679162227,0.1434712176790668,0.18743432873097532
06404000,0.24385690689086914,0.2438843846321106,2.7477741241455078e-05,0.010940022583698389,0.007300814133248944,0.012715112364770062,0.00716870692026933,0.06896555423736572,0.10000002384185791,0.10000002384185791,0.03752873691695707,0.05594247308594209,0.08843096217099158,0.09674166476836915,0.013536140174266666,0.04688654353402987,0.09250713457960606,0.10584518438375719,0.014211519200642009,0.04973271477479366,0.09874146595093877,0.15233676557294135
06406000,0.3269440531730652,0.32686567306518555,7.838010787963867e-05,0.011950119001635562,0.00901050164478814,0.01818433956230374,0.0052853141870176715,0.07778596878051758,0.10000002384185791,0.10000002384185791,0.03237800264248142,0.060935383806074134,0.09560639858245851,0.0993941163023313,0.014624180970836956,0.042762210895386746,0.09053915369999546,0.13515959872513786,0.014707184831018648,0.061555547918164394,0.12721813011210803,0.1892591866458234
06409000,0.8150139451026917,0.814314603805542,0.0006993412971496582,0.015151362753102915,0.014394615548034364,0.025094981075728467,0.01161807675841231,0.08888256549835205,0.10000002384185791,0.10000002384185791,0.03775209398181345,0.06353452304171192,0.0734477919469829,0.08022104010537819,0.028572175708493425,0.0631515882101805,0.08981748276767948,0.13267721476201016,0.029568112129325974,0.08607125375982955,0.14953179255022073,0.22749408273626665
06431500,0.5844098329544067,0.58447265625,6.282329559326172e-05,0.015021433301784959,0.007671022702401491,0.02185212119758556,0.0037699488971998686,0.09174147248268127,0.10000002384185791,0.10000002384185791,0.04984760830799739,0.07085042010854795,0.09258327722880574,0.09769099180897073,0.022683577118733936,0.06036679850134396,0.09772865723055879,0.1440679761157722,0.02366744847990715,0.06567720117203131,0.1408981921575948,0.18441722600925192
06440200,0.40107494592666626,0.4010623097419739,1.2636184692382812e-05,0.010648208200262688,0.017331092855710137,0.026587648157529786,0.01076319708565382,0.08939298987388611,0.10000002384185791,0.10000002384185791,0.030684521173437417,0.07096158949037396,0.09116588648822574,0.09715675132142174,0.019333348408853576,0.05072739031176486,0.07328351281745102,0.12157400003364525,0.016213068790180307,0.07250439362735285,0.11885651523376455,0.17229688367476803
06447500,0.20072072744369507,0.2008681297302246,0.00014740228652954102,0.01101665613705849,0.016698723656310893,0.023825910361854025,0.003686587187687884,0.07804286479949951,0.10000002384185791,0.10000002384185791,0.03448652049733533,0.06414285580869078,0.09202011486087686,0.09646799649905276,0.012066398071027756,0.042953016057883334,0.07032582749456656,0.09742829208716454,0.015607056901682154,0.07078379462735546,0.11308242158693313,0.1518905798968408
06470800,0.3548275828361511,0.3549760580062866,0.00014847517013549805,0.013446241339777398,0.011287291506235878,0.014828771447026615,0.0046332924021038335,0.09313797950744629,0.10000002384185791,0.10000002384185791,0.043935877940169114,0.07946111266811691,0.09198136302690815,0.09864939823746681,0.013595343526233258,0.0416123647499659,0.0659904019743058,0.07990327082264624,0.014867186702259866,0.049571693174974917,0.08206374838156366,0.11252356763302507
06477500,0.30947721004486084,0.3094453811645508,3.1828880310058594e-05,0.013843707516086379,0.012871678409033069,0.014210439500475736,0.0014257496100663902,0.09063887596130371,0.10000002384185791,0.10000002384185791,0.03732279285926507,0.06963075576557055,0.08665510140083452,0.08934554857788263,0.016213115926039363,0.04261169276316922,0.061791100913783134,0.09523290552503635,0.011463670245104661,0.045266910404154134,0.07817258411021161,0.11123003594568773
06479215,0.5419629216194153,0.5419370532035828,2.586841583251953e-05,0.012408571480731823,0.011247476985093801,0.02808213692349157,0.005276369501997266,0.09532773494720459,0.10000002384185791,0.10000002384185791,0.029464213743253982,0.07987433820962905,0.08685300452731272,0.09109745939020758,0.019387109245848435,0.05063754697526759,0.06594810483448381,0.11969910524135442,0.014813997269757809,0.05806044999722851,0.09019955110485602,0.12815274255135253
06601000,0.3208426833152771,0.32086241245269775,1.9729137420654297e-05,0.014721919872480449,0.006495811823392707,0.012504679620634063,0.006263360076470811,0.09645798057317734,0.10000002384185791,0.10000002384185791,0.04890104958580601,0.07931227479819902,0.09047253790166646,0.09624016569168481,0.011921822837796213,0.04253348702133427,0.05758317181923976,0.07615800011095411,0.013646269848930248,0.041245186540249605,0.064183326731667,0.08259106010325784
06614800,0.3714742660522461,0.371406614780426,6.765127182006836e-05,0.007550937632605663,0.01035522060472788,0.04934648618888171,0.004600030533553345,0.09084230661392212,0.10000002384185791,0.10000002384185791,0.023513621892090174,0.058782666082735406,0.07450600133919051,0.08409654928578271,0.02325019541259416,0.06357573082003493,0.1452273440397081,0.28319945829756926,0.029995643230942337,0.08555259193720807,0.15619984836921308,0.2288687293455206
06622700,0.5144517421722412,0.5144858360290527,3.409385681152344e-05,0.014615918354085433,0.009317145915446228,0.030595429797597884,0.008507221818733424,0.09667778015136719,0.10000002384185791,0.10000002384185791,0.029763622747527196,0.054089269701529455,0.06897950123967946,0.07680919087595406,0.02026225665483842,0.07654017286058659,0.19981179586744596,0.30100516312926323,0.02260705391836334,0.07446457643554297,0.14058343290364186,0.2176270711441886
06623800,0.4842035174369812,0.4841759204864502,2.759695053100586e-05,0.011266307669219783,0.01026357289450306,0.04825197687743954,0.007675077982292666,0.09645012021064758,0.10000002384185791,0.10000002384185791,0.0267025400091101,0.056279665921573296,0.07138556088258823,0.07640569061040878,0.019906702790167097,0.0699586107618284,0.13224976698670984,0.19990541836530265,0.02351345684558799,0.06581897234029849,0.12570098174168662,0.21067687998237178
06632400,0.3326696753501892,0.3326019048690796,6.777048110961914e-05,0.016762996260129018,0.006297574235239775,0.05453112188153447,0.011801837872007004,0.09623825550079346,0.10000002384185791,0.10000002384185791,0.028981414492483537,0.05405880615667069,0.07205232703465003,0.08598992498936475,0.020119293563459664,0.07098579273194862,0.19001282682722695,0.31526378251619425,0.02047469315990738,0.09234260328151628,0.20528938214451145,0.34955127569139915
06746095,0.6754451990127563,0.6755543947219849,0.00010919570922851562,0.006166061167470982,0.009020602880501551,0.02971380592416739,0.0043068981669756035,0.09651196002960205,0.10000002384185791,0.10000002384185791,0.024217934809901087,0.0499814499031615,0.08009178335467974,0.089506602232103,0.021323148533275736,0.06795504499220344,0.1560766939833151,0.2571178002329871,0.024703482115469633,0.06904270349419905,0.11528531284352823,0.1832156947782238
06803510,0.16890376806259155,0.16890323162078857,5.364418029785156e-07,0.012711654314844945,0.0038478118113349797,0.009517959743026161,0.0017985384774678037,0.09366178512573242,0.10000002384185791,0.10000002384185791,0.035736763532514926,0.06554282289688237,0.08336687456126567,0.092632675971146,0.017974802194385534,0.04814024740291523,0.06201558569210598,0.07263001022228469,0.014935609003327466,0.04579396886262663,0.0824259919417794,0.11874621407932709
06803530,0.16931110620498657,0.16930139064788818,9.715557098388672e-06,0.006793289584290818,0.006000423676469294,0.017469350592573346,0.0055884709919565845,0.08756488561630249,0.10000002384185791,0.10000002384185791,0.032413869006214326,0.06161696805446239,0.0753295706378089,0.0877952602174547,0.014741102093062577,0.03856206136887913,0.06010539651002573,0.08915572827122853,0.012240810984612403,0.039492087262399556,0.0646596859189001,0.10562624656996997
06814000,0.21528226137161255,0.21520769596099854,7.456541061401367e-05,0.015120086699792604,0.006670151163519026,0.0037829529845170573,0.0016039929761230143,0.09645211696624756,0.10000002384185791,0.10000002384185791,0.03179624083417432,0.07756720511449709,0.09067585821504946,0.09687781543643387,0.016284844959898702,0.048126464285435974,0.06368526812448223,0.07617897618083941,0.013041361647139982,0.049377225693078904,0.08184308759096745,0.1076786249110043
06847900,0.2850751280784607,0.2848665118217468,0.0002086162567138672,0.012552614323557337,0.005304712115770092,0.00886794285835163,0.006812698717576837,0.09639433026313782,0.10000002384185791,0.10000002384185791,0.0246195950993785,0.06552100001109973,0.08707689747766212,0.0909014082065335,0.016497060174595176,0.03570347883263155,0.05556256214097766,0.09639807286868632,0.010001351403167824,0.034394008817077805,0.06111417901537244,0.11079755807733982
06853800,0.3212987184524536,0.3213457465171814,4.70280647277832e-05,0.014186623256612713,0.008019441085211576,0.009530521506417783,0.0026032611119545246,0.09256523847579956,0.10000002384185791,0.10000002384185791,0.0321686965378898,0.07222497477023687,0.08255457167934488,0.09082357287406921,0.016654035169557237,0.0429909729260713,0.055262823744860974,0.10045363910794314,0.011092387431715034,0.04342659839274401,0.07263850881556208,0.1337456228233407
06876700,0.20869946479797363,0.20872235298156738,2.288818359375e-05,0.0173744152033323,0.005348917113837028,0.012075623629664078,0.0039004980357782437,0.08791244029998779,0.10000002384185791,0.10000002384185791,0.029829934253184892,0.06904973969967276,0.08190648599907205,0.08902848989323336,0.014874033346647188,0.03777126130301224,0.0625177324626605,0.08480310853349356,0.010158540003344735,0.037306320712588256,0.06011220062047862,0.0858264376120271
06878000,0.14573466777801514,0.14570438861846924,3.0279159545898438e-05,0.010864400071845137,0.008998335940197194,0.032884770644040495,0.004718015913879325,0.07631504535675049,0.10000002384185791,0.10000002384185791,0.02584419437442665,0.050513484054417544,0.08251728735588215,0.08985185860483735,0.013833111352946058,0.03567526200667442,0.055768027361471836,0.06976108631625852,0.0104661200744523,0.04053150952066764,0.06715326967276056,0.09712025141102829
06879650,0.21418720483779907,0.21476733684539795,0.000580132007598877,0.00860916304923888,0.0023442247459073725,0.008183913832131018,0.0036196461607670982,0.09742319583892822,0.10000002384185791,0.10000002384185791,0.0334401778186913,0.07100421020002277,0.09440207698389336,0.0962847643704326,0.014481347906992334,0.03409272013436076,0.055335764398174316,0.06512639532217576,0.010633031417683347,0.03893042816464169,0.06962473788887662,0.11363814031429972
06885500,0.24466681480407715,0.24447619915008545,0.00019061565399169922,0.015185162822177481,0.004321989310748355,0.0189918994106259,0.0045222653217767,0.09500205516815186,0.10000002384185791,0.10000002384185791,0.03227288691602924,0.07948553938280653,0.08946677510992246,0.09260615985150689,0.016284072332252163,0.041410909065667155,0.062397438297348624,0.07277981056760856,0.010807125662188641,0.04133587407542025,0.08555073771519538,0.1128112387553096
06888500,0.18364310264587402,0.18334543704986572,0.0002976655960083008,0.014375022223451564,0.004854793902660019,0.011982322366784565,0.006812980705404814,0.090401291847229,0.10000002384185791,0.10000002384185791,0.027474541458542702,0.05986019710147828,0.08594983469584473,0.09084645694604626,0.015025299474798713,0.039173644419656165,0.0628978740069022,0.09293134694845634,0.011246903150455456,0.03492703289635691,0.06411130332102677,0.11622812685119137
06889200,0.21077311038970947,0.21078795194625854,1.4841556549072266e-05,0.014491161098050556,0.006383109645163987,0.0075878708610553625,0.00515487346340468,0.09339940547943115,0.10000002384185791,0.10000002384185791,0.024890392073602607,0.055882414861202795,0.08507574200630191,0.08948125695740736,0.014196093128038465,0.03980107544104015,0.06077624652122357,0.0642506734419532,0.011720927197402128,0.03583453694241826,0.06164996068494695,0.08560048804866482
06889500,0.20395886898040771,0.20390093326568604,5.793571472167969e-05,0.011267366843073383,0.00531886371485977,0.009822770862447427,0.004063928134977801,0.0965796709060669,0.10000002384185791,0.10000002384185791,0.022074294048878885,0.07181357084601014,0.08709971202496025,0.0926094562091209,0.01685450207120069,0.035204235823581356,0.051807759850163566,0.07060176509582627,0.01387532534165159,0.040071716839068294,0.06643875316745014,0.09670544323894792
06892000,0.1786898374557495,0.17871761322021484,2.777576446533203e-05,0.016012485073278432,0.003921739385741913,0.01184955507321811,0.005755136312694364,0.07898169755935669,0.10000002384185791,0.10000002384185791,0.019181342657517524,0.04381463319063188,0.05808981816284357,0.06375211239964876,0.014448804799936345,0.038755272555702026,0.05594643404559604,0.06991421413926939,0.011606065539033109,0.03913718532107753,0.06657742079323004,0.08647464526720833
06903400,0.22070777416229248,0.2208176851272583,0.00010991096496582031,0.011533057855361892,0.005635339170436437,0.009931582045434983,0.003725789268881785,0.0947539210319519,0.10000002384185791,0.10000002384185791,0.04549043633871608,0.07805832296057984,0.08622743876664724,0.09109749592564725,0.013717680025029906,0.03734303390708583,0.0623286464947637,0.06820295404327244,0.009042222306000769,0.03849757763510953,0.07226002569800583,0.10274663102452417
06906800,0.11940842866897583,0.11938714981079102,2.1278858184814453e-05,0.010079490140107054,0.005905730148189913,0.017296844256726784,0.009795686915790414,0.08977043628692627,0.10000002384185791,0.10000002384185791,0.031558270780024704,0.06329445968899465,0.0781153067118592,0.08158090456768319,0.011625025339557556,0.03269288923334565,0.052264358861393946,0.08032967423084551,0.012304659413768931,0.045340236047093745,0.07071827015780101,0.09582385396219383
06910800,0.21351981163024902,0.2133725881576538,0.00014722347259521484,0.016274183500226552,0.004523575088973003,0.0066723615454024054,0.003468002820951374,0.0887686014175415,0.10000002384185791,0.10000002384185791,0.03125159921193564,0.06420835144541884,0.086264627288889,0.08762867892230003,0.012598626706769462,0.04023792489509384,0.05770037555526758,0.08308028814579511,0.008863423985087548,0.0349154126699579,0.058439857713982746,0.07545224337189965
06911900,0.1601371169090271,0.17091727256774902,0.010780155658721924,0.016236223080911605,0.003121979243286322,0.012222990286489432,0.0026056883105087802,0.07138478755950928,0.10000002384185791,0.10000002384185791,0.02510440931138065,0.050851180699688414,0.08349093894163766,0.0886092915855072,0.010114454708019322,0.030769200664422135,0.051159139714786986,0.05851273216508325,0.008698489684533822,0.031120966981398605,0.04941298169334779,0.06577197526027762
06917000,0.16146600246429443,0.1613733172416687,9.268522262573242e-05,0.01473067553670689,0.006615807203005264,0.012687632278564343,0.007364123383408666,0.09707319736480713,0.10000002384185791,0.10000002384185791,0.035188279839025616,0.07217869518807646,0.08371434365212915,0.0925766179131137,0.01333618162683408,0.0401006130050589,0.06426767024385172,0.0710675840071727,0.011979049062521868,0.0427121849425372,0.07565511858286393,0.09851291626203998
06918460,0.19673174619674683,0.19676750898361206,3.5762786865234375e-05,0.017496095015079514,0.004701500985166642,0.015024757046443238,0.004657957081618411,0.07194837927818298,0.10000002384185791,0.10000002384185791,0.027848514479895434,0.04695378744491823,0.06299324380578819,0.07897222958229205,0.010826944979896419,0.0325224318208936,0.04704408519264655,0.05347978642359996,0.008398810821552138,0.03140674932787324,0.05065316145234796,0.0636672998471001
06919500,0.200888991355896,0.20070314407348633,0.00018584728240966797,0.01611685591306394,0.005011614780968776,0.02294899333859257,0.006078680922261853,0.08980405330657959,0.10000002384185791,0.10000002384185791,0.02365321158259004,0.05628581124875281,0.08283845580838343,0.0923585874338945,0.01290213498397775,0.03090709936742156,0.04856537365467293,0.054804133126047996,0.009718865007764116,0.04131485839142057,0.06552012350510192,0.07734772206991702
06921070,0.22725260257720947,0.22718381881713867,6.878376007080078e-05,0.015189918694773999,0.004537355902370203,0.021737444214098456,0.010413874142157296,0.09799131751060486,0.10000002384185791,0.10000002384185791,0.03195440937523486,0.0722376644887306,0.08103861614620245,0.08418884776808597,0.012091374559196653,0.034802653422129806,0.049504398983662816,0.05721457463932934,0.012231751856406459,0.04091318100640702,0.07930267778001944,0.11329971282355891
06921200,0.28551018238067627,0.28556329011917114,5.310773849487305e-05,0.009576816629600355,0.005106960401333901,0.01111988260816299,0.0046271841969141025,0.09279811382293701,0.10000002384185791,0.10000002384185791,0.029763415207465487,0.06235336779996204,0.07539035505332325,0.07833892322248881,0.014863997615513201,0.03820364395929241,0.06004947660475577,0.06881144669270083,0.014468843584708013,0.05334951167333356,0.07883028880380699,0.09619897655126464
07057500,0.15056514739990234,0.15065449476242065,8.934736251831055e-05,0.011026876019226084,0.006733411906500662,0.03211689847728355,0.00723118178588357,0.047135770320892334,0.10000002384185791,0.10000002384185791,0.0200633898032484,0.030600824008385284,0.0794417097099401,0.08495389885372584,0.007489258495202801,0.022396824404210116,0.0460630018336838,0.048326513196458816,0.011781992307357016,0.03689530789005443,0.05872290068197754,0.07614389141150207
07060710,0.39061057567596436,0.39060014486312866,1.043081283569336e-05,0.017566930944443476,0.003388522464147926,0.012898321107680577,0.00635256868001341,0.06308716535568237,0.10000002384185791,0.10000002384185791,0.028605805427111962,0.04515502205739427,0.07838983924852477,0.0844536868234475,0.0077627668331602786,0.023489811288172444,0.0448797328232547,0.048461270059302314,0.011360659210804092,0.0340171576400436,0.05043686288143578,0.06553548940027054
07066000,0.17609930038452148,0.1760689616203308,3.0338764190673828e-05,0.00876011593788445,0.0073065350809967565,0.028322913300580344,0.02070314762481939,0.08157634735107422,0.10000002384185791,0.10000002384185791,0.02770651516815026,0.04595840998269894,0.07006742532164963,0.0754617131418652,0.013957215665918656,0.03247272548062737,0.04529051051897672,0.0541991468845903,0.015262420967114956,0.04482511801797221,0.07675895689755177,0.09648160895404298
07083000,0.3288165330886841,0.3287658095359802,5.072355270385742e-05,0.008511668993210098,0.006817991501689814,0.026945263141172127,0.015879650677805585,0.08888810873031616,0.10000002384185791,0.10000002384185791,0.0236312637036597,0.054796084538102245,0.07358986496428649,0.08331240277599407,0.024405510874265957,0.06859419979351779,0.1361669760721605,0.21435617288311837,0.02376706511655391,0.07729501526425817,0.11310442454070166,0.13350632767790815
07142300,0.1373000144958496,0.13731509447097778,1.5079975128173828e-05,0.014241199000807198,0.00858458826822363,0.009030199231044006,0.005999272527087096,0.0937199592590332,0.10000002384185791,0.10000002384185791,0.030756672940872337,0.07399584785655694,0.08694052588608531,0.09316150695085529,0.02045492711843394,0.045985430793309245,0.07327414243915983,0.10037289447896391,0.012562164744296764,0.048220951240509305,0.08058098928846572,0.1099159965138074
07145700,0.27513039112091064,0.2751975655555725,6.717443466186523e-05,0.010928129740021372,0.008555702581128012,0.01939487154920458,0.004906202929566228,0.09471869468688965,0.10000002384185791,0.10000002384185791,0.04238397207249091,0.07517068051905544,0.08670011295212637,0.09350725266116638,0.01740597904688954,0.04530851137311992,0.07478177462093474,0.10454044368627823,0.010355598791678938,0.05029265570326215,0.0821116625241568,0.12378994047650044
07167500,0.16374576091766357,0.16369116306304932,5.459785461425781e-05,0.01747994391056188,0.004122703588496391,0.0107780874769417,0.005840690092264719,0.0815349817276001,0.10000002384185791,0.10000002384185791,0.0245921104249579,0.06514202492104643,0.0828115764970857,0.08961482837244311,0.012401800515718313,0.0363646616362214,0.05273730888447143,0.05807839344194741,0.01011104126764279,0.0351891358422677,0.06881524236613401,0.10312041175817871
07180500,0.2719293236732483,0.27205270528793335,0.0001233816146850586,0.01742040836987402,0.003562475273063414,0.008734384939137141,0.005445590199868011,0.08152198791503906,0.10000002384185791,0.10000002384185791,0.020483974974464525,0.05532274614329696,0.07184328309225815,0.0877559307548735,0.013995423896148917,0.036417176433518966,0.058187107826256856,0.06656810231133614,0.009732618907431378,0.03280647454347146,0.06220409554682002,0.10265057898630507
07184000,0.14265477657318115,0.1426328420639038,2.193450927734375e-05,0.01748097163416755,0.0028447604242377465,0.014852642470398913,0.0026203545823170193,0.07868623733520508,0.10000002384185791,0.10000002384185791,0.026527506768427557,0.05076630954389216,0.0745995078649786,0.07972782061055855,0.012106101650778044,0.04398031836397287,0.06196590448523736,0.08336256409054886,0.009458507909689495,0.03244828200113459,0.05862669486421341,0.08226286624964546
07195800,0.3786153793334961,0.3786790370941162,6.365776062011719e-05,0.010870195120987278,0.0062836118215585214,0.011732079931573935,0.003290216171054492,0.09551309049129486,0.10000002384185791,0.10000002384185791,0.028045662478716288,0.06236906275153159,0.07736533428976933,0.08244466431162978,0.014501943747815433,0.04308256035138872,0.06141165710938003,0.06654480448031483,0.011638099122146604,0.041448525550364566,0.06349961661118987,0.08532044192931337
07196900,0.22601449489593506,0.22600752115249634,6.973743438720703e-06,0.012536232155676216,0.002731961251811207,0.013063700674095235,0.0033821358896641077,0.09795725345611572,0.10000002384185791,0.10000002384185791,0.028884130192023738,0.060789041428102375,0.08140867339833469,0.0872455997047601,0.014163302496949748,0.04003770985089439,0.06004246851878489,0.06690520056613136,0.012212846621115936,0.03525724540233226,0.06503956350224877,0.08496376977341041
07197000,0.20742130279541016,0.20740097761154175,2.0325183868408203e-05,0.014878621231313255,0.006071432213690613,0.008188021655878674,0.004785955858943675,0.0950390100479126,0.10000002384185791,0.10000002384185791,0.03147858124640253,0.06497183734620054,0.07986636407838926,0.08835259173755292,0.013593153071064616,0.039652426602621305,0.059761454910409524,0.07722244171953146,0.012064796420877322,0.03461170623477425,0.05817815129095313,0.07221102753030723
07208500,1.0358095169067383,1.0356627702713013,0.00014674663543701172,0.008622637622816676,0.00960358660533407,0.020989731613616863,0.008992624079411052,0.08605140447616577,0.10000002384185791,0.10000002384185791,0.03876276644015757,0.06525172633705315,0.08849850441543049,0.09308542639569001,0.020997020418087237,0.05787226298735395,0.11595484781131275,0.17054218322328635,0.02135246004022666,0.0638431898549534,0.10807561822241538,0.1491254377680413
07261000,0.205552875995636,0.20589596033096313,0.00034308433532714844,0.013473036785692442,0.005969176053435171,0.016310375884865835,0.009212655939903176,0.09622001647949219,0.10000002384185791,0.10000002384185791,0.02954826056267376,0.07261238283029309,0.08299106868356468,0.08810308721882326,0.015077977032430735,0.04164141520430182,0.060177167118443634,0.07689683632979068,0.013671053616753519,0.04436300579311814,0.07673082530842235,0.11647054942558695
07263295,0.32190972566604614,0.3218943476676941,1.537799835205078e-05,0.014986800016572627,0.0030022621537744696,0.018291954472903826,0.006343495076293351,0.06880173087120056,0.10000002384185791,0.10000002384185791,0.02830140430618211,0.04996458184387942,0.08724476971008166,0.09142897854800569,0.008825648802672155,0.02630229211656616,0.045101320844755856,0.050092648781185495,0.009728038741513512,0.02981193689047265,0.04867870648730456,0.057649396441965595
07291000,0.3660888671875,0.36601126194000244,7.76052474975586e-05,0.01347732030233384,0.004307991058474141,0.016634484221931686,0.00835291083306472,0.09412628412246704,0.10000002384185791,0.10000002384185791,0.03160628756439243,0.05235586483445437,0.07567283446424537,0.08104812547012608,0.011824460960849914,0.03590886214846968,0.054402159831657616,0.06904478383470979,0.016447875393132617,0.04776848708369963,0.06933407822444185,0.08437588347407234
07299670,0.4209057092666626,0.4213651418685913,0.00045943260192871094,0.017529945846222333,0.006598792669777413,0.013685650387146503,0.005293109274930985,0.09372299909591675,0.10000002384185791,0.10000002384185791,0.036540111899375914,0.07034101318705976,0.08413876364876828,0.09542719901159957,0.019083968901304385,0.05745700226761603,0.07978937501086221,0.08915415356115688,0.011489333811080426,0.03846571111420688,0.0694944522349089,0.11049700646547303
07301410,0.11949002742767334,0.11946225166320801,2.777576446533203e-05,0.011990167935932522,0.012158510880909947,0.026356567210653714,0.006813303534819126,0.08020997047424316,0.10000002384185791,0.10000002384185791,0.019741747804262022,0.053427871264241415,0.06384211300354861,0.08538382235500547,0.016955896330649745,0.04361518526899117,0.0728927154940852,0.10121791800695473,0.012457171558012764,0.04171639400142818,0.08108095359009522,0.10935378903935411
07315200,0.2559974789619446,0.255972683429718,2.47955322265625e-05,0.01033047667721862,0.005814965797979561,0.019430809508086788,0.001686372383596424,0.09806448221206665,0.10000002384185791,0.10000002384185791,0.04025991714249054,0.07923986670043752,0.0884406981871084,0.09982592228938031,0.017196851899115562,0.047447188812952915,0.07340551029868433,0.08268684501486177,0.010557217793745466,0.04317695942050147,0.07617289608125181,0.11757586317595421
07315700,0.15445494651794434,0.15453535318374634,8.040666580200195e-05,0.012220418642663877,0.010145712112530908,0.03242109513721109,0.0014578056506454676,0.06901651620864868,0.10000002384185791,0.10000002384185791,0.026195861426768483,0.04890821000492135,0.08331691555513271,0.09685320429227971,0.008473835807193613,0.029089038383322992,0.05253866676317445,0.06392869648025472,0.007661388479746352,0.03379933583325736,0.06130403504468265,0.08107768472256743
07335700,0.21527189016342163,0.2151673436164856,0.00010454654693603516,0.01079496850364825,0.0028862131684401103,0.009045691218330265,0.005339923076685148,0.09643542766571045,0.10000002384185791,0.10000002384185791,0.01530050130354034,0.04318081088088177,0.06041177787162644,0.06288601582249005,0.014693573335815146,0.03933713221563962,0.07226623429039483,0.08237133767466341,0.01003748638493518,0.03351129650477714,0.05584251954413252,0.07588179167540238
07340300,0.20448118448257446,0.2045632004737854,8.20159912109375e-05,0.012617125543339353,0.007091513544174527,0.015792915695121007,0.008755117438097454,0.09145568311214447,0.10000002384185791,0.10000002384185791,0.016283728775602774,0.044455926589391875,0.06661027807990709,0.07188922395860707,0.01256813223030067,0.031070018624676666,0.05566852833080817,0.07534503620733521,0.011348283664158118,0.03212498814217231,0.05912037306192991,0.07012429294375642
07346045,0.22693854570388794,0.22687256336212158,6.598234176635742e-05,0.012186849037091732,0.0028365080672859136,0.005330061685333787,0.0027691550719308074,0.09183239936828613,0.10000002384185791,0.10000002384185791,0.035847419845285236,0.07176568987468879,0.08245838185151422,0.08452391698956485,0.0121240549020184,0.041007729439629645,0.08186935017182445,0.10070226108700638,0.01122016033217476,0.03976811320405982,0.06753365685014817,0.0937872335381292
07359610,0.15950042009353638,0.1594272255897522,7.319450378417969e-05,0.0096830145649002,0.006773651900701144,0.011990486876194223,0.007240614096238052,0.09550273418426514,0.10000002384185791,0.10000002384185791,0.02267219476677753,0.05538670093648966,0.0705123741141072,0.07639262389253687,0.012597145565024816,0.03370947765278856,0.04799730091692863,0.05647539348222738,0.011006927898961572,0.043973203430279384,0.06941698893160314,0.08852501695388754
07362100,0.14211618900299072,0.14215296506881714,3.6776065826416016e-05,0.012429242461038104,0.0061125753584008735,0.006315474219842021,0.004782067495453529,0.09826195240020752,0.10000002384185791,0.10000002384185791,0.03457203639878165,0.06336424532794846,0.07349759685944904,0.07882944466201244,0.013428962295254296,0.040334624537483946,0.07298298119328642,0.0820871362594988,0.018029404866718654,0.05097987171032764,0.08595350220524026,0.10963047863956002
07362587,0.23631387948989868,0.23632031679153442,6.4373016357421875e-06,0.013648435468691655,0.003742215892955178,0.008589981290429427,0.003234351703147866,0.09689179062843323,0.10000002384185791,0.10000002384185791,0.03309182949640134,0.06383192521140534,0.07992863947594608,0.08351329112494443,0.012187791763935104,0.03410658934127789,0.06117446370800862,0.08265765103784624,0.009698895168763724,0.031051733477791936,0.05618693941846552,0.08696409747737949
07375000,0.14092016220092773,0.14095377922058105,3.361701965332031e-05,0.009985707802861905,0.004812489489035686,0.029605084309907603,0.016976781796769758,0.07982707023620605,0.10000002384185791,0.10000002384185791,0.01403953877312165,0.03562526670043111,0.04757364481742735,0.05266471789390953,0.014156666609644031,0.03157105214026881,0.052443849905176525,0.05826121141492737,0.013018844546988248,0.04230139808481535,0.06434093898892396,0.08180575211150128
08013000,0.167771577835083,0.16781365871429443,4.208087921142578e-05,0.010193520417264512,0.0058020397690043005,0.014292685152613394,0.0059558227433345184,0.08626389503479004,0.10000002384185791,0.10000002384185791,0.025179886376416216,0.0429063828013561,0.05981332899188552,0.07596847395654077,0.012841650311560916,0.038161949386645244,0.05884541622010778,0.07154402628080558,0.013841696470663419,0.04412461787643479,0.07187964274787491,0.09238508940950674
08014500,0.21999961137771606,0.22017669677734375,0.00017708539962768555,0.006196455877047204,0.002969530445295922,0.014934122259532445,0.007914251876974447,0.090293288230896,0.10000002384185791,0.10000002384185791,0.02527511404068382,0.05448807313762332,0.06677715144102914,0.07538452904533458,0.01482829006589369,0.04233602086952482,0.06907101101475245,0.08520585415861584,0.015450264613838364,0.04710275481036127,0.0732465235671678,0.09013221060015975
08023080,0.19877523183822632,0.19875168800354004,2.3543834686279297e-05,0.016398476059074713,0.0023397390646879633,0.018265865031143965,0.006258613299993346,0.06629657745361328,0.10000002384185791,0.10000002384185791,0.019843245608111237,0.03445733772935693,0.046101980865001675,0.05340961245474993,0.008972574253586205,0.025317001768172493,0.03976806405034861,0.045119642261369185,0.009945961546997957,0.0335861717726878,0.05173228556918567,0.07544931296632985
08050800,0.13159048557281494,0.1316041350364685,1.3649463653564453e-05,0.011767674937703587,0.0065219553380632634,0.016915724465280835,0.0036338135115496824,0.06613564491271973,0.10000002384185791,0.10000002384185791,0.02632392912551207,0.048083907705214354,0.06686123413620171,0.07028430330532565,0.012286260047819223,0.03810544103294198,0.057629760994408204,0.07892297340413619,0.01000445014169149,0.031087194089828567,0.052033911767904985,0.0719180455481897
08066200,0.12888437509536743,0.12856578826904297,0.0003185868263244629,0.00730238431526431,0.0038212873770082823,0.011968797065008197,0.0048160143489657595,0.08680844306945801,0.10000002384185791,0.10000002384185791,0.01572497404283947,0.04712109185410326,0.05734243828941277,0.06536300289962027,0.013982456046828568,0.038964044285178454,0.06317637638543883,0.07369852445874404,0.012811717769419473,0.03924398024716968,0.06753870370097284,0.08911960295234697
08066300,0.2216166853904724,0.22151589393615723,0.00010079145431518555,0.010326427510409623,0.003871857726501654,0.014704533168108894,0.007676414531187059,0.07578277587890625,0.10000002384185791,0.10000002384185791,0.021118453448569337,0.04493099721493543,0.07670851554031721,0.08357157709973828,0.013404151175040142,0.03473231495680024,0.06452690875480746,0.07343135197162626,0.012309548916001948,0.03815461276508883,0.060081380329798546,0.08260782618872808
08070000,0.1613166332244873,0.1613091230392456,7.510185241699219e-06,0.008942625992469533,0.005017191864713382,0.01779654143254722,0.01019312208614945,0.07836848497390747,0.10000002384185791,0.10000002384185791,0.030179271119198315,0.05667882632602144,0.07424629929440996,0.07641023300864092,0.01315420031007453,0.03220640960696369,0.05518023130030824,0.06939574647564609,0.015602045305208912,0.041993440695962135,0.06950089141898039,0.09698593633240539
08070200,0.1650604009628296,0.16506075859069824,3.5762786865234375e-07,0.010785394840111581,0.0035061422816816006,0.010450837026647813,0.008838406907756335,0.08415287733078003,0.10000002384185791,0.10000002384185791,0.030013256133706312,0.058507278809944774,0.07351532291482987,0.08429648478825888,0.014170360874119999,0.04076574532935871,0.07222737298120192,0.08179607802755931,0.013901217839396851,0.04310040474292421,0.07407069963188373,0.1053065994806553
08082700,0.14170074462890625,0.1416621208190918,3.8623809814453125e-05,0.02013792409386997,0.005406160297329023,0.016047571961777696,0.00465881132862378,0.06680530309677124,0.10000002384185791,0.10000002384185791,0.028133943221635316,0.04957520826547233,0.0786066565404612,0.0927973269864365,0.014074048259904175,0.045979279336393765,0.07974571514598318,0.08914883902245685,0.011625973644684689,0.03299527720919316,0.05927959735468959,0.09495937279373753
08086212,0.1060178279876709,0.1061251163482666,0.00010728836059570312,0.013759079405663122,0.012279367816492416,0.027176157639921483,0.003557228907968918,0.07129666209220886,0.10000002384185791,0.10000002384185791,0.02899921695115397,0.052296620488718734,0.08247815089093319,0.09674350359925518,0.016244495774068026,0.045501977434795164,0.07148696453729356,0.07509651644967395,0.010283259929789408,0.03664593432578952,0.07940797105789779,0.11756624913166047
08086290,0.23757189512252808,0.23765796422958374,8.606910705566406e-05,0.01302684357475789,0.008505601443202046,0.032292478260503354,0.01611530491999809,0.09508407115936279,0.10000002384185791,0.10000002384185791,0.027837598682553713,0.07564316510602281,0.09304573432162956,0.0967976296665492,0.01614785393661599,0.05269190181141941,0.08439165199921975,0.09071121641078041,0.014965442140491919,0.05427755672247444,0.09532622423155054,0.11176846199829972
08101000,0.19124245643615723,0.19127815961837769,3.5703182220458984e-05,0.014289172743920983,0.008782346097293735,0.017934021807286704,0.006652867615772717,0.09650778770446777,0.10000002384185791,0.10000002384185791,0.03548612508370921,0.08277120910308977,0.08954459049359514,0.09319054292583909,0.016052410088312423,0.06345162895921642,0.10189043455288359,0.11080579075527994,0.015629595797743034,0.04742615782504032,0.08218127046281477,0.10177421358255706
08103900,0.46096622943878174,0.4609226584434509,4.357099533081055e-05,0.0188182925045855,0.004310892770324907,0.013397313327803723,0.0019382826428687716,0.058352142572402954,0.10000002384185791,0.10000002384185791,0.03078962002225496,0.047106631180202516,0.058268358424305895,0.07756720039027704,0.012758499451599147,0.032843651509729406,0.046477652709436566,0.06089572456720727,0.008858570346443398,0.030944025079234484,0.05661909083720466,0.08336693626193983
08104900,0.17938369512557983,0.17934739589691162,3.629922866821289e-05,0.015620092826913706,0.006167257144899994,0.011434961816704434,0.0054402707168156594,0.08867646753787994,0.10000002384185791,0.10000002384185791,0.02494932869104323,0.06680059490932355,0.08685430834525158,0.09975563831351421,0.018359735938681346,0.04534171254641849,0.07415744729730377,0.09767179800323678,0.012227933285256828,0.039722024621421444,0.06738198612111462,0.10068434030248845
08109700,0.26963484287261963,0.2695666551589966,6.818771362304688e-05,0.013903829692137298,0.003836284201412787,0.028746617384199286,0.007507129223414994,0.09729170799255371,0.10000002384185791,0.10000002384185791,0.032702411669823836,0.06799298280091201,0.08938719718544569,0.0966880553022579,0.01706432954755346,0.047561560339811404,0.06997358134303006,0.08034627941398952,0.014077863304583937,0.041558089593668884,0.06532323239306138,0.09764353315570676
08150800,0.16476023197174072,0.16470617055892944,5.40614128112793e-05,0.019644931030479415,0.0037621863809404834,0.01569617920191435,0.005603639297067878,0.05170723795890808,0.10000002384185791,0.10000002384185791,0.030387014033341847,0.04508235574320511,0.08306248654369952,0.09330773448778518,0.006579559754647337,0.03238804834131119,0.06633522222384701,0.07545148446586661,0.008981669777522683,0.030602593370974117,0.06152284551582989,0.08689952586775937
08158700,0.3730320334434509,0.3731892704963684,0.00015723705291748047,0.017591696030188814,0.003115959089445786,0.005977440114619148,0.00218001788336622,0.08470869064331055,0.10000002384185791,0.10000002384185791,0.029504690816005152,0.0609644692529131,0.08062984435701807,0.08981871626995228,0.014129093597068524,0.04035573869634278,0.06879566441359589,0.08177140651666992,0.012688697941650617,0.03795752782229822,0.05997967487598084,0.07345457251223965
08158810,0.4076586961746216,0.40712839365005493,0.0005303025245666504,0.01671021339003527,0.003270421635865909,0.012254213086326127,0.0062971310033663325,0.08883160352706909,0.10000002384185791,0.10000002384185791,0.02295520376000134,0.062398574893121346,0.08131530563588485,0.08549888048458998,0.015119120342923441,0.04222990776850652,0.07197219333440806,0.07747073201535537,0.013631103486920693,0.040030094171548965,0.06950134132372031,0.11241189674080258
08164300,0.11350268125534058,0.11352747678756714,2.47955322265625e-05,0.013976182877918616,0.005422842226948273,0.012231616225440944,0.004765186204308491,0.09497344493865967,0.10000002384185791,0.10000002384185791,0.03761648190794167,0.06987499997571667,0.09325163351882387,0.09684103829441246,0.017630580646282642,0.04970095088312959,0.07878180719466865,0.09404654998743109,0.014923250312639164,0.04338835464482478,0.07167744033683277,0.10654897413570306
08164600,0.12483417987823486,0.12478268146514893,5.14984130859375e-05,0.014105544555946535,0.004210396073969594,0.015123542104729382,0.008102833841158223,0.09796571731567383,0.10000002384185791,0.10000002384185791,0.035311838377405085,0.07146846850713096,0.08536431499184279,0.09616297135750451,0.016095464675391424,0.04327854658210698,0.07193959681650791,0.09707989838734483,0.01633926388944009,0.05515972701589936,0.10113981365274095,0.1398690210936377
08165300,0.8502851724624634,0.8490809798240662,0.0012041926383972168,0.012502987427055995,0.005671805375237102,0.012866250281751784,0.0073085719101982916,0.09406250715255737,0.10000002384185791,0.10000002384185791,0.03611996099352837,0.0750065552967566,0.08805053239398533,0.0930047444999218,0.01588573500021337,0.04348070791607172,0.09170096551006422,0.0973717853708297,0.011802896723080152,0.0421873658927282,0.07493795691545721,0.1065883933649786
08171300,0.18896496295928955,0.18923795223236084,0.00027298927307128906,0.016282608522136907,0.003525567056450525,0.009880305221188657,0.0028041694417091367,0.09417176246643066,0.10000002384185791,0.10000002384185791,0.0379168353422924,0.07390666176323535,0.08180852313394898,0.08544355735734654,0.013308503157773603,0.04911227412477317,0.07941886011081829,0.09652936708078726,0.01309375176602079,0.0357943055979152,0.06451982274435172,0.08572007981848218
08175000,0.15540039539337158,0.15543091297149658,3.0517578125e-05,0.016219161118332506,0.004673296208326126,0.01712336529202052,0.010469298861916304,0.09686112403869629,0.10000002384185791,0.10000002384185791,0.03554940483084432,0.07973324932433945,0.09141680237899225,0.09419982369851182,0.01612559336891759,0.05274496270749285,0.08267394860541774,0.0900227810958901,0.0125124631585532,0.041095237513769145,0.09222092816870618,0.11947837987155825
08176900,0.1636432409286499,0.1636689305305481,2.568960189819336e-05,0.013609153173675767,0.00625842127753884,0.019219374464080174,0.008760230846510675,0.09636974334716797,0.10000002384185791,0.10000002384185791,0.026944518710176155,0.0659796130326058,0.08328157483979515,0.09054866358637814,0.02019399434612915,0.06423657906959432,0.09507830903378359,0.11371385915436184,0.01803054892424638,0.05304521713522796,0.08346296962266009,0.10903383879735389
08178880,0.6401590704917908,0.639883279800415,0.0002757906913757324,0.017496001367756253,0.004068608066246709,0.00940080284256603,0.0045254773729801745,0.08957374095916748,0.10000002384185791,0.10000002384185791,0.024693185855048115,0.05501251279479922,0.07591503701276248,0.08535856800498787,0.01244727358401019,0.05175087397292311,0.07710387124459182,0.09834694926491686,0.010978490028749663,0.036079594452962584,0.06714886917239601,0.08844027294242132
08189500,0.15928322076797485,0.15928113460540771,2.086162567138672e-06,0.01790577780718526,0.004398256044512922,0.022672550749301135,0.005207130428743767,0.08503913879394531,0.10000002384185791,0.10000002384185791,0.03235331547481046,0.06787054544245763,0.08852306763800201,0.09784525773591465,0.01708288043900174,0.055083150024398536,0.10329875819957804,0.12056521419679661,0.01638457187145053,0.051780336130981874,0.08950645931787962,0.1161908541711051
08190000,0.15298372507095337,0.15292930603027344,5.441904067993164e-05,0.018512272625378717,0.006431820362390657,0.011633149857012526,0.0022333222034953554,0.08905029296875,0.10000002384185791,0.10000002384185791,0.031230752280464888,0.06421700945055042,0.086883291243403,0.09307066632641692,0.017450925273952318,0.05138731686436556,0.09572953509565611,0.10170107295039674,0.015306700508620062,0.04868685171662168,0.09589202495226268,0.12901558585959
08190500,0.07575374841690063,0.07573175430297852,2.199411392211914e-05,0.019344222443774484,0.0044231762688980575,0.011510638934760231,0.004784235540243133,0.08087211847305298,0.10000002384185791,0.10000002384185791,0.02562713333302069,0.060558065468514305,0.07271763693072177,0.08208254062467149,0.018317265753836763,0.04940691363272058,0.09148186605467323,0.1189942638191781,0.01349240994510098,0.04401315120535081,0.06901458847045891,0.10452213295226004
08194200,0.1803067922592163,0.18001723289489746,0.00028955936431884766,0.018018401142621154,0.007807750502075834,0.024085901180769753,0.014858548353934516,0.06881904602050781,0.10000002384185791,0.10000002384185791,0.022042252137153273,0.042375795097538735,0.06416582672242761,0.06973363177643876,0.013964939750194218,0.03304279433791878,0.05522369023180992,0.07221651331375244,0.016662606595499577,0.043281775049740685,0.07159776437066091,0.09784125195003113
08195000,0.40225452184677124,0.40155458450317383,0.0006999373435974121,0.01725222238759183,0.0035849450855295313,0.01842963880298891,0.004508576557131695,0.09228870272636414,0.10000002384185791,0.10000002384185791,0.029494130804582852,0.06112943799407389,0.08195039072522414,0.08821639482069898,0.015992206653603003,0.0468653191846321,0.07419875486270196,0.08283251924527828,0.011746710886538822,0.04612491472552621,0.08328057602366623,0.11543925508238936
08196000,0.3106480836868286,0.31056922674179077,7.88569450378418e-05,0.012816265869213028,0.006695027143465512,0.006163201608768765,0.0036674145996024032,0.08678838610649109,0.10000002384185791,0.10000002384185791,0.024976094950128536,0.06234575297269563,0.0883515957902979,0.09269315070576145,0.016454594306904307,0.04722772903976671,0.07458062542735241,0.09197298596403122,0.010450836958750376,0.0370984148541072,0.06475389469514865,0.09208123242172372
08198500,0.31905144453048706,0.3189311623573303,0.00012028217315673828,0.01911421894867546,0.0034364496530790226,0.01476757759365066,0.005033166991991467,0.05394107103347778,0.10000002384185791,0.10000002384185791,0.021490130200982116,0.03870144994170579,0.051115501459963915,0.060328169787923436,0.010821932557997313,0.0396918873835449,0.06067639428083067,0.07177881289156851,0.010489359314170332,0.03171669724595608,0.07470666542571774,0.12574238793528927
08200000,0.21370601654052734,0.2137945294380188,8.851289749145508e-05,0.016852832422348307,0.00474029802751612,0.018147472820023686,0.002600147937557293,0.09804588556289673,0.10000002384185791,0.10000002384185791,0.022763942554593075,0.055441890999122924,0.07307588424450827,0.08450320746611673,0.01637349718563821,0.04515815897533259,0.09286757884756353,0.10340985411125474,0.013456373141258401,0.04258830287648154,0.09913577500960909,0.1358860904323686
08202700,0.4431285262107849,0.4430426359176636,8.589029312133789e-05,0.018641692842529062,0.003995456496639508,0.01744285704743452,0.006540979959035312,0.06491947174072266,0.10000002384185791,0.10000002384185791,0.02431259267032146,0.04903364666910083,0.07430754359121672,0.08034431669447162,0.015204070327655788,0.0427835880246163,0.07639053639404951,0.0841358058812316,0.01381601805007282,0.03787970908613441,0.08300813619648385,0.11920214927049338
08267500,0.7627910375595093,0.7628105878829956,1.9550323486328125e-05,0.010175599087883902,0.01353831147029238,0.03618894804172956,0.010826980637479349,0.08820879459381104,0.10000002384185791,0.10000002384185791,0.026134978041604695,0.057273426905826263,0.08615610671264151,0.09227545672544735,0.022987078211036953,0.06056916711507993,0.11332827110434411,0.1683788658330396,0.027873562266961804,0.07860688332969108,0.12967990100876248,0.1787890748546413
08269000,1.2213951349258423,1.2211259603500366,0.00026917457580566406,0.010608934435126005,0.008888180956794847,0.0557297621362387,0.012894369154527505,0.09027528762817383,0.10000002384185791,0.10000002384185791,0.0391198738305657,0.06109979384751233,0.0878251086959132,0.09047003164887435,0.017968681850659522,0.07798058401494949,0.16211645723956483,0.27434626663206063,0.03570035954902445,0.10038163011358123,0.17189156172575626,0.3814661331047849
08271000,0.6058545708656311,0.6059141159057617,5.9545040130615234e-05,0.008902562345603493,0.009567118649559765,0.02212698642224531,0.010206499255265978,0.08990827202796936,0.10000002384185791,0.10000002384185791,0.038079023664748246,0.06343223426629001,0.07683637048359271,0.08528370131497032,0.018765145586463056,0.06452991164296122,0.13668706902161742,0.22755550176130068,0.030105808932422984,0.08845407144143644,0.17872872386497404,0.3084951194889386
08324000,0.7177060842514038,0.7175227403640747,0.00018334388732910156,0.014183181816143392,0.013294666354212021,0.030779129772697443,0.013738054283365553,0.09429311752319336,0.10000002384185791,0.10000002384185791,0.037020005920418986,0.07036361115674176,0.08006762017033718,0.08405740846086432,0.021188670751161626,0.07568947998301616,0.1694471209395371,0.21937885932265283,0.026669105442718447,0.07056749973006096,0.13202853113125096,0.16317963918539033
08377900,0.6628556847572327,0.6626393795013428,0.00021630525588989258,0.011837171635300008,0.005356357247608095,0.06338981718728501,0.013745100680090883,0.09755335748195648,0.10000002384185791,0.10000002384185791,0.020926484465599027,0.04973953435266465,0.07027375278649506,0.0776675055976267,0.019728101202185634,0.06271073873544973,0.1282735929248147,0.19847217313044463,0.027045329115663153,0.08311177471886591,0.1537665074292403,0.2656881954001453
08378500,0.6323338747024536,0.6322106122970581,0.0001232624053955078,0.004626231511745543,0.008368324659728517,0.039453725342167845,0.009284413881980286,0.09758609533309937,0.10000002384185791,0.10000002384185791,0.02094907657139833,0.05467706482719492,0.07711944395193349,0.08692179962440771,0.022352236915380283,0.055949643349480854,0.1355175477142729,0.1620816689075705,0.028457163983383382,0.0734548985735477,0.13645717172502134,0.16403845359700814
08380500,0.8706871867179871,0.8708570003509521,0.0001698136329650879,0.016857651310044852,0.011600315541713563,0.058032538151624645,0.01712871007865141,0.08298098295927048,0.10000002384185791,0.10000002384185791,0.031551966926565866,0.05767301271635085,0.0732761530931349,0.08329252139837662,0.016579181812328668,0.05431005359006673,0.11108962249115213,0.17259692572360186,0.03380237978277756,0.0777202121873437,0.1395628517376965,0.2424896605506937
09035800,0.42471688985824585,0.42475080490112305,3.3915042877197266e-05,0.01021342898807609,0.010054721835508873,0.040975875883609625,0.005927978030940622,0.09416890144348145,0.10000002384185791,0.10000002384185791,0.023061172043283784,0.05143822812095844,0.08455560894476044,0.08980848273193394,0.025087374252926363,0.06360769366119735,0.1336368771395688,0.15958331001152132,0.034319997059588714,0.09170379849329578,0.20936657712951248,0.2789076743907189
09035900,0.47289884090423584,0.4729717969894409,7.295608520507812e-05,0.013448582746960702,0.012332928281897297,0.042526679890087626,0.013672101325653219,0.08987092971801758,0.10000002384185791,0.10000002384185791,0.022453274991777183,0.05718112268933544,0.06853718593661429,0.08639326810284897,0.030383511757089084,0.09650388633356707,0.2164936865509185,0.3538317292957222,0.034632699531821375,0.08160080759890845,0.15000775860914395,0.3156337882187018
09047700,0.5537421703338623,0.5538504123687744,0.00010824203491210938,0.012146549320736277,0.008110490288390513,0.0540179282728368,0.013358477336482738,0.09596133232116699,0.10000002384185791,0.10000002384185791,0.03776954104778946,0.06746449008584023,0.08730339492029614,0.09261082060359138,0.02947278970873973,0.11759545903038347,0.23841121980666344,0.308546724691916,0.028837469163839113,0.07857683366758006,0.16937261305122017,0.274380533637098
09065500,0.3145875930786133,0.3145362138748169,5.137920379638672e-05,0.009182452403998953,0.02023872794664965,0.02615695096711812,0.013732460163230237,0.09640008211135864,0.10000002384185791,0.10000002384185791,0.027061395733444682,0.05190669967068569,0.07813849469357066,0.08694111771053739,0.02447826077971644,0.0711876634045671,0.18157313528616595,0.26493920763975287,0.024021605390252762,0.07349774088393381,0.12180747809569693,0.17416968494801688
09066000,0.29265159368515015,0.29267948865890503,2.7894973754882812e-05,0.010836287978556847,0.011855876037367954,0.034330173834623445,0.015050023966744513,0.09170940518379211,0.10000002384185791,0.10000002384185791,0.022242808769698474,0.046839763535945586,0.0730959227294833,0.09714921958468578,0.022814350719226714,0.059662829720694595,0.14497314524782703,0.240472280168812,0.02311323321043923,0.06288137847257268,0.11167323508825286,0.20164697653191208
09066200,0.2960745692253113,0.2960914373397827,1.6868114471435547e-05,0.006857340031457139,0.011246796900738695,0.06168045844005787,0.0066554518702123255,0.09830629825592041,0.10000002384185791,0.10000002384185791,0.029913395477665805,0.05711086104037588,0.0713841187208891,0.07729112000928985,0.024388643602934145,0.08221873331455125,0.18086073525821822,0.2491428725180275,0.023724887399097505,0.08479531452414646,0.16976127147605732,0.22306705807008842
09066300,0.373556911945343,0.3736203908920288,6.347894668579102e-05,0.007041863486450091,0.011293603552826924,0.04237522654752405,0.008265838087890512,0.0938042402267456,0.10000002384185791,0.10000002384185791,0.026495493851877994,0.05819901238988945,0.0752898007026977,0.08474478186280639,0.02418601120099578,0.060160192997938206,0.1498209661337784,0.2656072659129471,0.022252038820605446,0.07033881679674552,0.12026632919863985,0.17763411003613738
09081600,0.25321388244628906,0.25327956676483154,6.568431854248047e-05,0.016035940355600613,0.004215760319264814,0.05657398116526441,0.017899211566637693,0.08131694793701172,0.10000002384185791,0.10000002384185791,0.026747695425594353,0.047716105267129556,0.06271396874470848,0.07937116435280556,0.023578932692805428,0.09346929750234137,0.22230848604747608,0.3097372950080814,0.029744115124833326,0.0797771868511107,0.15775807922614338,0.2589646400380343
09107000,0.324440598487854,0.32441550493240356,2.5093555450439453e-05,0.014459144123595946,0.010727567003433587,0.051516642091627485,0.006290872354186239,0.0917062759399414,0.10000002384185791,0.10000002384185791,0.03183208788158717,0.0634983086696378,0.08346650855188013,0.0964994789549598,0.025232332930609513,0.1298909671208334,0.24843953968511423,0.3950214633458881,0.02493293866777624,0.09140254767797606,0.18578637552760396,0.2858535716933594
09210500,1.1354433298110962,1.1352965235710144,0.0001468062400817871,0.015106515827318201,0.010445538646546376,0.0699205933935822,0.006503582008955316,0.0922243595123291,0.10000002384185791,0.10000002384185791,0.02422256003375406,0.05511063462606194,0.0759836475606318,0.0882495543471089,0.027803865632891202,0.0879439455014338,0.21009617268326097,0.256477339190313,0.03143539103960071,0.11913432489341291,0.22745997044161878,0.3425908522429909
09223000,0.7233761548995972,0.7236935496330261,0.0003173947334289551,0.013548322856137412,0.011301018427327178,0.052952096330520004,0.011157575470151615,0.09376326203346252,0.10000002384185791,0.10000002384185791,0.019923842491375146,0.0451511932633541,0.06996680594704774,0.07583187931665669,0.026359583530894015,0.11313032383291993,0.22475363304681237,0.2731172911730932,0.027210920324774533,0.0998623487066845,0.20542553876543446,0.3022014950148029
09306242,1.5486404299736023,1.549426794052124,0.0007863640785217285,0.016461931062623336,0.020067139603671052,0.02339188015890792,0.006972000683872239,0.09541384875774384,0.10000002384185791,0.10000002384185791,0.04168521323137814,0.0934832301791068,0.09795638631891321,0.09917622832236467,0.022983632308308966,0.0748836185722799,0.15583338448502917,0.19695814047310434,0.03752563534361658,0.10379641591844026,0.14675739806387028,0.18730836897060812
09312600,0.5500198006629944,0.5501007437705994,8.094310760498047e-05,0.008557232197025422,0.02218632236593914,0.06012563115292496,0.021264885863338967,0.09280598163604736,0.10000002384185791,0.10000002384185791,0.03225772026236409,0.06442171150611516,0.08355387410079987,0.09664026749906718,0.022047590038211246,0.08168266704658725,0.2170671071928838,0.32518392882135855,0.03410794377772582,0.10217151841615635,0.1705441070642711,0.3229766399366282
09352900,0.4344860315322876,0.43439435958862305,9.167194366455078e-05,0.01538126748668026,0.0133778175358215,0.03907558652329579,0.011947162433726288,0.09086114168167114,0.10000002384185791,0.10000002384185791,0.02364331652168876,0.05281994753965624,0.08297657361295488,0.09193866975881426,0.021042057160352783,0.06869001946012214,0.19831029088133464,0.2908352879693522,0.02756765939267123,0.0759014939415028,0.13388925452555667,0.17533574639621957
09378170,0.6991978883743286,0.6993669271469116,0.0001690387725830078,0.018092200274987064,0.00827987877172886,0.03226409698418564,0.006361784405682969,0.09266999363899231,0.10000002384185791,0.10000002384185791,0.033693636871046484,0.07511403427631771,0.08432641476392744,0.08776219920427719,0.021407623979538805,0.057094180575635235,0.1030083004841619,0.19297696796037297,0.0285080477608175,0.06738810813583081,0.1283533708687901,0.18351427804185894
09386900,0.10946041345596313,0.1094403862953186,2.002716064453125e-05,0.016921978368804186,0.02145168888169696,0.031750345717549366,0.018362608960349247,0.07778966426849365,0.10000002384185791,0.10000002384185791,0.03557465524861109,0.06576982437736457,0.089230820481424,0.09555566062529885,0.020205979966477872,0.06034357295022683,0.10984445707751486,0.15203354776189362,0.024315772714850057,0.06816481886867466,0.12408484659854621,0.19737893076239615
09404450,0.380321204662323,0.3803563714027405,3.516674041748047e-05,0.0141479763468631,0.021710640324118142,0.040568411481047784,0.009527354201380255,0.07358822226524353,0.10000002384185791,0.10000002384185791,0.038050816097745174,0.07537283742869338,0.09493618301219414,0.1000000150391348,0.01702603062265458,0.06517073341363815,0.14147204596771362,0.24533642095930627,0.02926219406958014,0.08962510737802587,0.15379842896666082,0.20491248740658094
09430600,0.9916272163391113,0.9899698495864868,0.0016573667526245117,0.017445188436112785,0.008692046522666861,0.01481954386486505,0.008376993329548874,0.08119481801986694,0.10000002384185791,0.10000002384185791,0.019805907202815554,0.049530971996762166,0.06732120578432525,0.08132286165599467,0.028186110873214175,0.07795614973663192,0.1091945445667152,0.1737477690368211,0.0229767942947951,0.07761864005495477,0.14992417284823908,0.28593397214109434
09447800,0.07586091756820679,0.07583147287368774,2.944469451904297e-05,0.014595358068390907,0.025233953067434256,0.07536509967405736,0.01251847608120761,0.06182140111923218,0.10000002384185791,0.10000002384185791,0.01905159076882733,0.041184788235911575,0.061834909450952644,0.08504328374509462,0.019997531242022557,0.045960673768483944,0.08887873769159221,0.16466906755808314,0.025855494478794205,0.08447928254790392,0.13263515052451388,0.19561688412525444
09484600,1.0077999830245972,1.0086740255355835,0.0008740425109863281,0.016076696990544703,0.00990367573093156,0.03825945109207407,0.02080000561215216,0.09395867586135864,0.10000002384185791,0.10000002384185791,0.022023062808094157,0.0488915463454194,0.07573002169502001,0.08184301226779267,0.02336581109241101,0.054270431253748516,0.08441202732905743,0.12808728540716424,0.027084291148826434,0.07462028348886526,0.11491406772705448,0.13944740561710772
09492400,0.22720134258270264,0.22721201181411743,1.0669231414794922e-05,0.010825947149390891,0.011026442104100287,0.07055512146998444,0.016998921823986476,0.057950109243392944,0.10000002384185791,0.10000002384185791,0.016015594369835323,0.031135866223938005,0.0412806157712583,0.05497536833087602,0.01452751909932558,0.05657848343439751,0.10113027250416044,0.15640229485817425,0.022595751536186127,0.08653673232674722,0.14736153707635674,0.2055064888266444
09494000,0.3845207095146179,0.3843390941619873,0.00018161535263061523,0.015382480007391786,0.008272377687060874,0.049300259684446734,0.009290782545386178,0.0974322110414505,0.10000002384185791,0.10000002384185791,0.03720028166555696,0.07163522563598773,0.08882175598348732,0.09333594317237537,0.024214358489896372,0.07219809851186153,0.11384425348249172,0.13254562295467726,0.02997964312194379,0.09641882757497477,0.16433968298245244,0.23038834672903558
09497980,0.43511444330215454,0.43522292375564575,0.00010848045349121094,0.01727400288827577,0.007856468827191074,0.032785278054204,0.009354321710763114,0.08387930691242218,0.10000002384185791,0.10000002384185791,0.030173490431021743,0.06388831659599593,0.07999725058923163,0.08837637517739222,0.02365012207304678,0.07076728774524679,0.09085778823365612,0.15157377845720504,0.021868542245745276,0.06353988774968998,0.11373709547207755,0.2428585889373769
09505350,0.26576536893844604,0.26582860946655273,6.324052810668945e-05,0.01765814464604848,0.007690788074386595,0.02788725202798445,0.0033996068879280014,0.09077149629592896,0.10000002384185791,0.10000002384185791,0.03230641812637999,0.06300351325284553,0.07897165348408401,0.09299425827684227,0.028168225632296602,0.06658760760137651,0.10647026204947942,0.2289354872320709,0.02495394831775466,0.07876815358792116,0.16083772792649795,0.2898191984724901
09505800,0.3821668028831482,0.3820829391479492,8.386373519897461e-05,0.018333293767387043,0.005598352394477574,0.03001503956482654,0.004428697492254045,0.08020994067192078,0.10000002384185791,0.10000002384185791,0.02964076576409519,0.057731042145579003,0.08597077239332374,0.09123195889923306,0.01777797248506948,0.06046205018307956,0.11294903707335602,0.1660342893481036,0.022437603578690436,0.06453044004068767,0.12457163231280334,0.19739545180298418
09508300,0.21658742427825928,0.21659857034683228,1.1146068572998047e-05,0.01688129764674451,0.005822287537584994,0.006992631148040496,0.005047180097100458,0.08745431900024414,0.10000002384185791,0.10000002384185791,0.02154114393310414,0.05385767610536682,0.07311135673964464,0.08203377494657482,0.0216009210272934,0.06396362422682587,0.10202714184782372,0.13364626291438483,0.018648417218420324,0.06413048191597297,0.11899512276625927,0.19163261309923219
09510200,0.1645432710647583,0.16463875770568848,9.548664093017578e-05,0.018198618395037836,0.006123021057269072,0.022600196514479698,0.012468201148663025,0.09312200546264648,0.10000002384185791,0.10000002384185791,0.021151086163741506,0.04592660004617995,0.06689241648520589,0.07973078894946306,0.02933307072945269,0.06932175076381379,0.09372732043808285,0.12238998727493881,0.01956435930490208,0.060643657945434526,0.11157579584323621,0.15137844737330947
09512280,0.14569085836410522,0.145696759223938,5.900859832763672e-06,0.018956445243035747,0.012072556146201655,0.02508368298890451,0.008469534966094608,0.09389474987983704,0.10000002384185791,0.10000002384185791,0.023803785112169074,0.05384547608318152,0.07225040631851669,0.07496763001437534,0.027960877021004155,0.06704883682259373,0.08933802549138878,0.11390336607820843,0.0200757525578263,0.056554873755740524,0.10303345958631276,0.1322001051726957
09513780,0.09775608777999878,0.0976594090461731,9.66787338256836e-05,0.019124533311273673,0.014358080282146446,0.01872990411202846,0.005621013594157898,0.09294769167900085,0.10000002384185791,0.10000002384185791,0.02796276644976048,0.06566648189944255,0.09147988949660912,0.09335678727538488,0.034052180077549114,0.0638842149616833,0.0841420592698685,0.11369381056265992,0.022145518105808754,0.059815480659334064,0.10403494431160062,0.17411940053184555
10234500,0.7941709160804749,0.7941011190414429,6.979703903198242e-05,0.009846688251779923,0.011917044837651183,0.05066308584395608,0.020192212666113367,0.08428454399108887,0.10000002384185791,0.10000002384185791,0.024192592515437678,0.05398029890463305,0.07603457937086078,0.07960018990216433,0.019084205732957396,0.07038464490396766,0.18109093661499176,0.33231628998756224,0.02678597224589938,0.09244493630466065,0.17267575618910624,0.26961784883727447
10244950,0.7411874532699585,0.7415103912353516,0.0003229379653930664,0.013200322260618902,0.01986357984559526,0.04217667111465784,0.003278515591011169,0.0895346999168396,0.10000002384185791,0.10000002384185791,0.03545877276747314,0.06777234061448677,0.08407591231056932,0.09667002812579828,0.026618728855836882,0.09138078871266553,0.1714106144914822,0.31041145398614134,0.029568915784621785,0.07914155880876075,0.1420591058245568,0.23526942084350355
10259000,0.13133764266967773,0.1309417486190796,0.00039589405059814453,0.018886234369000665,0.014290002930320381,0.024107921032069546,0.00951320520313459,0.0774613618850708,0.10000002384185791,0.10000002384185791,0.03499367678606946,0.06725858717328972,0.08833330530259348,0.09630917054083615,0.03978661104646987,0.09680834414686508,0.19726177391959168,0.23359892344490477,0.026520754451233086,0.11983538424349449,0.23861751588816352,0.4039278457141039
10336645,0.2423127293586731,0.24236249923706055,4.976987838745117e-05,0.015767222383904905,0.010873336458854852,0.043237222320446134,0.0062097613336655755,0.09343957901000977,0.10000002384185791,0.10000002384185791,0.023719827002949195,0.053779212578579205,0.07143965112390338,0.09329031785881081,0.0280734324734565,0.10310104027168324,0.1928952021200882,0.2752530490074596,0.022173348643633295,0.09378542305017204,0.22659689701865687,0.3313021782927779
10336660,0.21633225679397583,0.2155492901802063,0.0007829666137695312,0.016257679903653167,0.008466174984241254,0.022670452091550608,0.013326428764631304,0.09438436478376389,0.10000002384185791,0.10000002384185791,0.023146856469274696,0.05300514506245102,0.06987952303003386,0.08326660836184463,0.027088590753997582,0.0819461568526876,0.17552870798690698,0.21831885867362438,0.023110213017525694,0.07089519678068831,0.12997982447672315,0.19078816692161227
10343500,0.33347374200820923,0.3334001302719116,7.361173629760742e-05,0.01712837621324511,0.01642349596194354,0.050459478286093984,0.008230873980831055,0.09014856815338135,0.10000002384185791,0.10000002384185791,0.019530185684561746,0.04414651775801632,0.07683490905938327,0.09032484889030445,0.020521254483087448,0.08109353209593882,0.23528840228305603,0.27667187252669817,0.025059855963085936,0.11902031354249382,0.2140261033704961,0.3323747711434998
11124500,0.30212658643722534,0.3018912672996521,0.0002353191375732422,0.016698182820589727,0.004809956976444179,0.02456497088976295,0.009510219496715891,0.09480059146881104,0.10000002384185791,0.10000002384185791,0.028436710561315193,0.05960793157418565,0.08902967311717844,0.0933395645684667,0.03720250501501676,0.11724002397811624,0.23620784707495662,0.41495485724612197,0.030915258251974994,0.11999377722867194,0.2950089088416058,0.4673208170247188
11141280,0.3309864401817322,0.33080053329467773,0.00018590688705444336,0.0206677100410482,0.009316164523885147,0.04528400068041927,0.02303125506430581,0.07787007093429565,0.10000002384185791,0.10000002384185791,0.03537777354595839,0.07044167634513643,0.08850341182616026,0.0954372260305617,0.03571114026878555,0.11126833581902305,0.1914121614340124,2.213054748760855,0.03965716809128192,0.09362767677650086,0.1608759756719227,0.89323757166882
11143000,0.10912805795669556,0.10907292366027832,5.513429641723633e-05,0.019584865060137777,0.014014230168170279,0.06590062398435119,0.022091281986471367,0.0817524790763855,0.10000000894069672,0.10000002384185791,0.02391444283916995,0.050805531414570615,0.07334518343568953,0.08159156375461163,0.03298886877856359,0.09999688955328846,0.1533227342218281,0.20726851253962653,0.03399569563945797,0.1254429770049477,0.21975885017755997,0.3671987168300498
11148900,0.11215394735336304,0.1121794581413269,2.5510787963867188e-05,0.02056170876397523,0.007212838031747731,0.033390216585122756,0.01631517034606808,0.059761226177215576,0.10000002384185791,0.10000002384185791,0.025633242271012727,0.04732633671688812,0.08505135780890226,0.09824354761728532,0.017660588335348486,0.06543580249222239,0.16730528750216062,0.20211130710537495,0.02090145977880957,0.07317771272261134,0.14325192251030372,0.28647935877789665
11151300,0.10917139053344727,0.10925406217575073,8.26716423034668e-05,0.018931275812704235,0.008912638103858091,0.019435918686403153,0.011000136895612647,0.08496564626693726,0.10000002384185791,0.10000002384185791,0.03142488880289926,0.07331518116924497,0.08857405472684793,0.0922094978392124,0.031239895942590683,0.09941178672813519,0.15112951846027742,0.23697604032995787,0.02791660539417065,0.10508281920549423,0.17946172112555858,0.8516982369843401
11176400,0.15894722938537598,0.1589508056640625,3.5762786865234375e-06,0.017863298326662336,0.013190814226774305,0.029554544565807035,0.007829178327229791,0.09553325176239014,0.10000002384185791,0.10000002384185791,0.041885100939759445,0.0758628629837875,0.08996109044689822,0.09454569634464051,0.03073086346278353,0.07134113504866978,0.12552209174311008,0.1891377724261312,0.028786625226645796,0.08899987858187332,0.15894639865346596,0.2078284238197104
11230500,0.19762855768203735,0.19760847091674805,2.008676528930664e-05,0.008081895866220101,0.013396832362844174,0.08416424814766654,0.013221348265836416,0.08617711067199707,0.10000002384185791,0.10000002384185791,0.017260635685589554,0.043533613897032065,0.06286940511178096,0.07790851572321521,0.02066828708906524,0.08182812171140569,0.32548078614805803,0.38732780002773076,0.02632510397830856,0.11762720995468734,0.24466511301856553,0.38205316098602293
11237500,0.351815402507782,0.35180139541625977,1.4007091522216797e-05,0.02036498472934413,0.0037270908333592633,0.04602883801463453,0.022536445316595377,0.08362233638763428,0.10000002384185791,0.10000002384185791,0.023448857754744867,0.047671699247978386,0.06413817456557791,0.07367547430374,0.019492621099113615,0.06315763753649033,0.15013906592234205,0.22455129409600388,0.026361651248542117,0.09594679815648684,0.17117638586891304,0.24445578537180174
11264500,0.2869189977645874,0.2868753671646118,4.363059997558594e-05,0.01603737747397875,0.009025972874170863,0.05445193621613986,0.02099197506926742,0.09163069725036621,0.10000002384185791,0.10000002384185791,0.019720780739077876,0.046366166832546345,0.06571508550257588,0.08234010794096536,0.023740545431491254,0.10048576265811951,0.2562922731726473,0.3241186482698872,0.026585524220251594,0.0887836478553343,0.32192189000941623,0.5333267691969844
11266500,0.27339816093444824,0.27333760261535645,6.0558319091796875e-05,0.01745115730078267,0.00937425559870255,0.05771124817144779,0.013702087187153711,0.08267581462860107,0.10000002384185791,0.10000002384185791,0.020059153009895924,0.043732651919126585,0.05915277969174913,0.0667678754638742,0.017493969907420033,0.07595219674654236,0.24494338048091022,0.378352395577125,0.022850142214355662,0.09082520509142078,0.23847541572524383,0.4371742362520457
11284400,0.13736271858215332,0.1372583508491516,0.00010436773300170898,0.017708754317549466,0.005244738175897872,0.02228138161102544,0.01728410546067094,0.09878993034362793,0.10000002384185791,0.10000002384185791,0.03745763794415526,0.06997122813706047,0.08223691197981435,0.08747933951240994,0.025612244696192263,0.06417053578257431,0.09726300223565233,0.14441254382046703,0.02607954437858595,0.09370876808085751,0.19456753365114848,0.2685272552722186
11381500,0.11514151096343994,0.11521553993225098,7.402896881103516e-05,0.0191046123047761,0.012344397212444484,0.07068278606093481,0.02139863260263508,0.06750178337097168,0.10000002384185791,0.10000002384185791,0.029990004223805905,0.05223427754309443,0.06514530619896121,0.07456096272777628,0.01755888179901564,0.05179027026561487,0.09752991749329461,0.14377885104344745,0.0312313266337354,0.10349578181319,0.22714641336859037,0.28475788867101814
11451100,0.1444838047027588,0.14444643259048462,3.737211227416992e-05,0.015487175333168512,0.014650830445545946,0.013687676477334987,0.009113155733018408,0.09175008535385132,0.10000002384185791,0.10000002384185791,0.039014539936626354,0.06828712674754638,0.0809340096808694,0.09411904003333163,0.02454911607128924,0.07422778558385225,0.14782021492608266,0.19375391777671083,0.02274037650619872,0.08989055712586032,0.16751992202472774,0.23021719615743752
11468500,0.11776059865951538,0.11764925718307495,0.00011134147644042969,0.012502853362209417,0.006898679069845149,0.020393749076992387,0.005299737918239733,0.0926453173160553,0.10000002384185791,0.10000002384185791,0.036876381957834534,0.06599727709812152,0.08211165015344266,0.0872373924487167,0.03497541385835388,0.10295319820650224,0.13340370388421688,0.16320856065291353,0.03047491335403396,0.08464833253690643,0.14872478393083577,0.18832633589090406
11473900,0.14343535900115967,0.14341747760772705,1.7881393432617188e-05,0.01788064174580195,0.0032966309833879145,0.04097689044585462,0.018422200086763763,0.07579827308654785,0.10000002384185791,0.10000002384185791,0.02682072157385173,0.0498630595731515,0.06919910414130602,0.07817861506784407,0.018850538319647683,0.06033552213007501,0.10803742297884086,0.14778741757449942,0.023749565623228497,0.07875081509910231,0.15819737365902892,0.225384822949614
11475560,0.11575829982757568,0.1157611608505249,2.86102294921875e-06,0.015407125394552912,0.013687626292444067,0.05076191533739535,0.026713839542096246,0.0790489912033081,0.10000002384185791,0.10000002384185791,0.02545317076146604,0.052061505381155934,0.07300066038690231,0.08058856852628571,0.020769003023422508,0.07317408089876838,0.1423653245158205,0.18676681878887091,0.03278092312512332,0.10481310315538633,0.16742200995525772,0.193286980843136
11476600,0.09416919946670532,0.09418129920959473,1.2099742889404297e-05,0.01840897435662059,0.013553893977349777,0.029703407214441466,0.01826986182723346,0.0789424479007721,0.10000000894069672,0.10000002384185791,0.02701314981612893,0.05633591925656356,0.07649491843001709,0.0824602552862079,0.03247646517374683,0.09716481910802875,0.1420595868560299,0.1764657976711462,0.038331185808100146,0.1188475504962081,0.1797075181707191,0.21215788588658446
11478500,0.15328729152679443,0.15336716175079346,7.987022399902344e-05,0.01818461110874786,0.012532361334464946,0.022122639993981452,0.018663659238039587,0.07634371519088745,0.10000002384185791,0.10000002384185791,0.01894918034474058,0.03749698377179877,0.0519322025842137,0.06289226559025268,0.026230565971734163,0.0806865773022471,0.12325779494538841,0.16304157564112093,0.02161155020067318,0.08029328521592946,0.1482440285236493,0.19469825029685808
11480390,0.14357733726501465,0.14357179403305054,5.543231964111328e-06,0.018081132904953,0.00773652098497886,0.016364723940611614,0.006877188051979767,0.07827135920524597,0.10000002384185791,0.10000002384185791,0.029758956655859925,0.05339392407072907,0.07171918938722874,0.08176775607797832,0.03148222502851832,0.07283639309764452,0.12249277796812874,0.15939925570025407,0.019999945532024027,0.07390649138774896,0.1485994155909028,0.18862093747015748
11481200,0.10337984561920166,0.10338884592056274,9.000301361083984e-06,0.009368561428193228,0.008191601907486966,0.025132732338517677,0.007472480282002036,0.0938328430056572,0.10000002384185791,0.10000002384185791,0.025028688350209494,0.051496388294078696,0.0707580175112795,0.07984168212170953,0.033350661891225125,0.10361573323329265,0.1537082864018046,0.17477533202425083,0.02597696975258068,0.09317123203813872,0.1851766758834318,0.2533479052780611
11482500,0.12652504444122314,0.12648272514343262,4.2319297790527344e-05,0.015021692039870221,0.012876058422563367,0.021622274237212108,0.01509099885989329,0.09106211364269257,0.10000002384185791,0.10000002384185791,0.024693003731469307,0.05541417190874065,0.0766364712406088,0.08185172699115895,0.028041449481293515,0.0884696369734957,0.1333283688068218,0.148063938143559,0.023729937586214,0.07202657414899853,0.16056528221387198,0.20126223585857833
11522500,0.22547316551208496,0.22545486688613892,1.8298625946044922e-05,0.014480197514072188,0.003362519386142911,0.0398633641037508,0.009283827361322161,0.07777249813079834,0.10000002384185791,0.10000002384185791,0.01891371160745619,0.04355089572982659,0.05691527861356735,0.08020696838696806,0.01819071845748657,0.0736825024214531,0.14835288862305593,0.24438508255024746,0.020455044693298036,0.07976796320720003,0.1722604201522977,0.2569855276595313
11523200,0.32807183265686035,0.32808178663253784,9.953975677490234e-06,0.017228717260391425,0.008992172026842316,0.05086251087606497,0.013742660529035056,0.0858568549156189,0.10000002384185791,0.10000002384185791,0.024675010055027605,0.04801363831592923,0.0650164832781862,0.07598433133076732,0.02515503402538119,0.09032082651843147,0.19081739321782942,0.24598155729287802,0.017501873695319525,0.06832751848597741,0.1347684285610883,0.22328229655762505
11528700,0.15714609622955322,0.15709620714187622,4.988908767700195e-05,0.009880446285214603,0.010629460485283395,0.013612037110626266,0.007964847349259951,0.09195326268672943,0.10000002384185791,0.10000002384185791,0.04213856668383989,0.0682627630951228,0.08500024966095336,0.09228889577918581,0.028642094759665997,0.08023626482359662,0.12187406479166817,0.15151440943615635,0.018757999443655915,0.08273516174332134,0.18238199058875726,0.2507090509745258
11532500,0.10742229223251343,0.10766148567199707,0.00023919343948364258,0.011346423953345952,0.00953409354116503,0.04208450739366734,0.004582799043651442,0.08963567018508911,0.10000002384185791,0.10000002384185791,0.017185375511784257,0.040684057865636815,0.06439705198561704,0.07236820346227399,0.029902748543937447,0.095259100598354,0.12657242232125523,0.19062059034216206,0.023807708379478487,0.080182386564358,0.15856767569677005,0.26362160257447437
12010000,0.08521854877471924,0.08521097898483276,7.569789886474609e-06,0.007690457187762179,0.00505971856299701,0.03193120984770259,0.00866701209762294,0.09072667360305786,0.10000002384185791,0.10000002384185791,0.018114099672271164,0.04227162630883642,0.0595564626255245,0.06838010873783518,0.02515778174261105,0.07712891360062733,0.10521105668405233,0.1248103837857291,0.021514628405481018,0.06038946752050922,0.12377549499005167,0.1499802187065715
12013500,0.08146733045578003,0.08144140243530273,2.5928020477294922e-05,0.014903379997081356,0.013817154374834922,0.02931952024105322,0.010989866463441578,0.07648228108882904,0.10000000894069672,0.10000002384185791,0.018779080664670027,0.03606351582540406,0.04728532295536112,0.05169276410230884,0.0191256695055503,0.06328534463117408,0.10421248768369325,0.12362380895008945,0.02476569196288675,0.06092236297359355,0.09372996125307397,0.17263956764543714
12020000,0.1786988377571106,0.1786642074584961,3.463029861450195e-05,0.009443623502376541,0.007921327133939435,0.026210572920100317,0.006038349624446104,0.09730340540409088,0.10000002384185791,0.10000002384185791,0.0210906207975414,0.04494525682595041,0.06256125030583805,0.06780512763394247,0.029327425756162973,0.08094675511083442,0.11982463747166025,0.15157952275286107,0.02511870791589832,0.06887285585550046,0.12578546817807534,0.16935376447383033
12025700,0.19383162260055542,0.1938248872756958,6.735324859619141e-06,0.014070208835943065,0.007576701998756121,0.020289436138633987,0.015528377328680287,0.0694614052772522,0.10000002384185791,0.10000002384185791,0.023394852324768345,0.04576018304460576,0.06142032649450832,0.08381169570816888,0.018411936980758895,0.0619662890964332,0.09961507386748246,0.1388064528474377,0.01773966605577626,0.049729746320156365,0.0920629489150523,0.13048898479306079
12035000,0.0711933970451355,0.07116329669952393,3.0100345611572266e-05,0.009070121602185344,0.009384871310327827,0.026000242032042986,0.005078426892184684,0.09578137844800949,0.10000002384185791,0.10000002384185791,0.026438826060405513,0.05168952188833999,0.06462376647194225,0.06850222263623168,0.023602176749394205,0.06967865603976266,0.09403753655653127,0.11546418715043003,0.019024472247384305,0.05157109292146196,0.08852360319271046,0.12712591548838698
12040500,0.12132704257965088,0.12134408950805664,1.704692840576172e-05,0.002916740686332242,0.007996490643559435,0.021936152805298703,0.00832390925676163,0.09433364868164062,0.10000002384185791,0.10000002384185791,0.014360581607454348,0.03739040061279581,0.05867808505975544,0.06843547936942851,0.020761055681878676,0.06576277351373815,0.10760543603365182,0.12933451177253977,0.013859010589488463,0.044085347937656234,0.07739766775761503,0.12537402186337057
12041200,0.21314525604248047,0.21310245990753174,4.279613494873047e-05,0.009118463316762804,0.010045803965452271,0.054241413540720484,0.029636230486530635,0.09269636869430542,0.10000002384185791,0.10000002384185791,0.016297467190910297,0.03662429435799523,0.05745441611718247,0.06475858015042762,0.015907397155633912,0.07411617167803944,0.1352272661105505,0.1789958426979992,0.02572650581302631,0.07217517629458005,0.1356026621506505,0.18917934992341912
12048000,0.6163015961647034,0.616547167301178,0.0002455711364746094,0.00699002063887566,0.011894750474539658,0.030276497993537987,0.01715182377109631,0.09160470962524414,0.10000002384185791,0.10000002384185791,0.02336543419708806,0.04650626322185551,0.06551287600204898,0.076524945376096,0.026197703584417087,0.07927694988357743,0.21991306672010474,0.2763958596405226,0.025781696383849223,0.07557307318683268,0.14027413132097682,0.18290191003552803
12054000,0.4517841339111328,0.4518657922744751,8.165836334228516e-05,0.00977012773242264,0.009310508292424377,0.033513253844080326,0.01783188298567434,0.09502384811639786,0.10000002384185791,0.10000002384185791,0.019179105503415617,0.0444652557373047,0.06713070356183581,0.07486395929698592,0.0200627362281795,0.08142533796771531,0.16865221277504455,0.2027803360993079,0.021142617991316004,0.0617250399580851,0.12226446313347779,0.2336193201773738
12056500,0.29070204496383667,0.29099369049072266,0.00029164552688598633,0.007965832776243964,0.008675023134185805,0.014496703902782015,0.006131009496008949,0.09352034330368042,0.10000002384185791,0.10000002384185791,0.019987820240634446,0.04308961031889469,0.0574699739063228,0.06820515578405728,0.025596450046532528,0.08752796215257626,0.15560839581039818,0.20676863111962832,0.015809770643272325,0.04806266859782765,0.09894445261622195,0.21813509450883645
12073500,0.17781174182891846,0.1777217984199524,8.994340896606445e-05,0.007905862918582023,0.008970119419131303,0.028610996151335333,0.006222037504089062,0.0937337875366211,0.10000002384185791,0.10000002384185791,0.0241883313904206,0.053725759011727804,0.0775087656522239,0.08640353111205279,0.02919383223597543,0.07810161578101744,0.11331445547721726,0.13002597941041302,0.02896554303179158,0.07345505670157734,0.11935814051373059,0.1915379214131547
12082500,0.3160238265991211,0.31604593992233276,2.2113323211669922e-05,0.009074456134211983,0.005168245212748275,0.027581476197966914,0.009058244002595917,0.08489638566970825,0.10000002384185791,0.10000002384185791,0.018584353449168034,0.043860977126492395,0.0602552404547179,0.07132496328817473,0.020188997368039384,0.0649221077319389,0.1304677744427544,0.1943484475122689,0.016954908523933332,0.052148842356160435,0.10753176756343216,0.17869816424197202
12092000,0.363344669342041,0.3632928729057312,5.179643630981445e-05,0.009050575461931332,0.006015801165059119,0.02274436477991884,0.008992183870769554,0.09328487515449524,0.10000002384185791,0.10000002384185791,0.021128882688504658,0.04579732544996118,0.06421472054140438,0.07031122951043983,0.020850823462685138,0.07625879001869361,0.17002102804432281,0.21257303572587086,0.015653862795987628,0.04460931243250771,0.08527239670634887,0.12537113786108375
12114500,0.3204510807991028,0.32048147916793823,3.039836883544922e-05,0.008809054806710737,0.007025492836574097,0.02634075073835862,0.007243450749366304,0.08736011385917664,0.10000002384185791,0.10000002384185791,0.019830112504186453,0.040417846678583724,0.05759843386433744,0.06861692150985754,0.018709012420478732,0.06204702871544667,0.10488812871348052,0.1465975532222638,0.012832631165414221,0.041478181252380356,0.07970217513681771,0.11960874579999786
12115000,0.26575928926467896,0.26577240228652954,1.3113021850585938e-05,0.008855941930813793,0.005238796183323815,0.03462798729898686,0.008807427288459624,0.08695650100708008,0.10000002384185791,0.10000002384185791,0.02167583434946005,0.044362159307908176,0.061818360426911634,0.07413538258384778,0.01974943265565654,0.06721969322572066,0.1111929796472866,0.14497813058637177,0.014557269320343735,0.04424091763711182,0.08524562130846686,0.15115724158176572
12117000,0.1454257369041443,0.14544397592544556,1.823902130126953e-05,0.0028645949795921832,0.009405889337805139,0.01789214334145872,0.006701934012612432,0.0963810533285141,0.10000002384185791,0.10000002384185791,0.03115334095502341,0.06258268723333335,0.07472490470470097,0.07795799457364612,0.023388620766784104,0.06980925583716403,0.12085469004531205,0.15644934023326754,0.016188101060970184,0.04479410658122841,0.09074892437272808,0.14623371427193632
12143600,0.20544016361236572,0.2054135799407959,2.658367156982422e-05,0.008169138702893819,0.005674366855543096,0.02120845940743843,0.007162952342662343,0.09475072473287582,0.10000002384185791,0.10000002384185791,0.022317155685137827,0.0439217540125052,0.07396857879228064,0.08453687410111782,0.018200667200262623,0.057015515611757654,0.0942398762057404,0.1049987462806077,0.014630083762591672,0.040613215216853925,0.079485998454675,0.14308541613903641
12144000,0.20526427030563354,0.20523357391357422,3.069639205932617e-05,0.008063457165178534,0.014617049307068967,0.013626915900359582,0.005439076183735139,0.09490740299224854,0.10000002384185791,0.10000002384185791,0.027357039407447534,0.05288655615515185,0.0718440101963502,0.0848136051385491,0.0185188655549444,0.0693996022672026,0.10505174664595164,0.1346285981473173,0.015563666468090931,0.039425746791815874,0.07315154552801238,0.12321937545714076
12145500,0.10957890748977661,0.10949981212615967,7.909536361694336e-05,0.0035211054973534606,0.008586740739462266,0.022164868991518705,0.0029347659656641795,0.09456229209899902,0.10000002384185791,0.10000002384185791,0.035235037157932914,0.06132048603837138,0.07154897351066272,0.08187565591048312,0.026391526901309935,0.08110421785407548,0.12176709283309967,0.20788632145824215,0.018510368316117187,0.04908769651809888,0.07773307091759732,0.09913918417242748
12147500,0.2520672082901001,0.25201094150543213,5.626678466796875e-05,0.007840666546562514,0.008326993914233935,0.022904970329472918,0.010168467554437954,0.09211564064025879,0.10000002384185791,0.10000002384185791,0.021606160445069855,0.045862304019155344,0.06534773485417718,0.08007756016320655,0.019680018217333825,0.0681633221746664,0.09979940025704503,0.13479499737677222,0.015832902404281535,0.04254395892481382,0.07982139479862771,0.1356229610275217
12167000,0.15378952026367188,0.1537991762161255,9.655952453613281e-06,0.008017464286513065,0.004049983335027861,0.02393310891004885,0.011002610157409748,0.0922737717628479,0.10000002384185791,0.10000002384185791,0.019259227136219026,0.039683204698893845,0.05810447920251775,0.06259186863899231,0.01826487433538144,0.07342122226655079,0.11754650435302916,0.15021431647460542,0.014849425298249577,0.04644240095187441,0.09194093942432637,0.1267784217864979
12175500,0.28811919689178467,0.2880290150642395,9.018182754516602e-05,0.012904833991330411,0.009523105952429603,0.05922508773886215,0.020625256157822167,0.09517157077789307,0.10000002384185791,0.10000002384185791,0.01901608818659075,0.043754305883690225,0.06722721426961606,0.07787396744997399,0.022499328294819237,0.07877665250754307,0.14012087981773091,0.2282637324542802,0.02022399856223195,0.06117099754203499,0.11432519638236338,0.17020341348523826
12178100,0.29490482807159424,0.29495084285736084,4.601478576660156e-05,0.009256323323022342,0.004657809372319612,0.019050258984250057,0.012253622623204341,0.08550457656383514,0.10000002384185791,0.10000002384185791,0.013677569851279214,0.034603931042883125,0.05242159126533397,0.06745713019260655,0.015480359644406846,0.060310213623744974,0.12751847270830946,0.1614258466948898,0.014901685270345397,0.0462153472001897,0.07490200741369125,0.14914713221065135
12186000,0.37170088291168213,0.3716728687286377,2.8014183044433594e-05,0.00935890678163398,0.0012154491790585967,0.047032465276550584,0.014491800280205136,0.08600512146949768,0.10000002384185791,0.10000002384185791,0.017906989102010384,0.03917377351472779,0.06180809492866195,0.07923012282009478,0.01656868140394692,0.07137012685577682,0.1312826363320246,0.1637286738512078,0.01755847591143342,0.05415898693987158,0.10390782163481634,0.15552952902220424
12189500,0.38162291049957275,0.381592333316803,3.057718276977539e-05,0.008169836621447435,0.0036987388110045166,0.031943595534237534,0.011027912960142189,0.09651616215705872,0.10000002384185791,0.10000002384185791,0.024588782492059258,0.05157329845759606,0.07692768162599317,0.08769601153002837,0.01854903670505275,0.06892768760100226,0.11409246821516908,0.16178319442231917,0.015101102437764191,0.041994345720438565,0.08037005114973106,0.12883270177042133
12375900,0.5316302180290222,0.5314056277275085,0.00022459030151367188,0.009794728584859289,0.004049585700633798,0.040157857699612776,0.021622975783196052,0.09676244109869003,0.10000002384185791,0.10000002384185791,0.027219290438073696,0.050822874268999785,0.07345055601111183,0.08540283322886177,0.01861978849077413,0.05309223409149228,0.0994737744080392,0.16676020698437322,0.021096979076418637,0.056433820745488396,0.10508555578077439,0.17129161159193315
12377150,0.23913174867630005,0.2391558289527893,2.4080276489257812e-05,0.011161575401218468,0.0074694668166298646,0.025127652739178497,0.0058664326258179855,0.09776592254638672,0.10000002384185791,0.10000002384185791,0.020218666077212056,0.04708483710781573,0.061693172027667366,0.06892211588996427,0.018179547922288312,0.05194264791595908,0.11520048504683891,0.19435502988463063,0.01698109722479943,0.049629486411847806,0.12378461199428359,0.20220663109817222
12381400,0.5284410715103149,0.5284383893013,2.682209014892578e-06,0.015346816187267007,0.018414349187500192,0.08044457457137605,0.021725665857481376,0.0914263129234314,0.10000002384185791,0.10000002384185791,0.02439643254986512,0.045186731826376,0.06234591707476863,0.07162701321972742,0.016958254014446842,0.04905477034998647,0.12070741137825895,0.1497164381971948,0.026418715988530517,0.08624515741825474,0.1725111086842541,0.2875978097956886
12383500,1.0188154578208923,1.0187618732452393,5.358457565307617e-05,0.01395104822741422,0.0061935911489035414,0.04446242762750874,0.013503523871981813,0.09850770235061646,0.10000002384185791,0.10000002384185791,0.02495540236985261,0.057718251237162836,0.07171716505068318,0.07658285666947007,0.022130189757916634,0.06900860971482381,0.11357042874716528,0.18063783393172178,0.02318412709122264,0.07450873658998665,0.1355096577486979,0.2204211636667114
12390700,0.7787200808525085,0.7784664034843445,0.0002536773681640625,0.014640108080572752,0.005000445632743328,0.0286398030306535,0.01079926406964864,0.09309431910514832,0.10000002384185791,0.10000002384185791,0.02555454932843093,0.0559711027862849,0.08079651690053724,0.08822513493122885,0.016290145415679892,0.05489341268734784,0.09964794942333191,0.15080658027155552,0.020453358679877964,0.07102485972257648,0.13449372552878194,0.1963562170503215
12411000,0.7350749969482422,0.7350702285766602,4.76837158203125e-06,0.010863139266535371,0.004540598373177942,0.035868754266638825,0.012451143207134252,0.09896832704544067,0.10000002384185791,0.10000002384185791,0.027486437303876392,0.06027695494669453,0.08968165279538548,0.09704263006095537,0.02243891726493972,0.06342117919039135,0.1163361649620769,0.1507465476767983,0.020547451707245812,0.06213062950164226,0.12091073307088203,0.23988697386518076
12447390,0.5525028705596924,0.5525063276290894,3.4570693969726562e-06,0.011257397739163955,0.009189370661124982,0.03647741689690098,0.017364452929385238,0.0969306230545044,0.10000002384185791,0.10000002384185791,0.021894499017960478,0.045700808895958726,0.06689510670249109,0.07488509965715584,0.021618463929768496,0.053569184504691954,0.14551706604263542,0.33768074720297675,0.024056310743890696,0.07086645232727462,0.16791265665101673,0.36450345982586974
12451000,0.2782112956047058,0.278262734413147,5.143880844116211e-05,0.012829578626265326,0.007593612304228778,0.04391125056539369,0.01782797590809934,0.0938904881477356,0.10000002384185791,0.10000002384185791,0.027917452073759452,0.052966677149136915,0.07593950248426862,0.08675880801898461,0.022835448850357064,0.07461472981678141,0.16428395688561673,0.24077778246434947,0.017937324120888762,0.0513030912551532,0.1007430724319667,0.16020502214868337
12488500,0.48854297399520874,0.48844683170318604,9.614229202270508e-05,0.010196339639245322,0.00416328392976394,0.045828929756857595,0.011660990009464411,0.09939563274383545,0.10000002384185791,0.10000002384185791,0.01973397396504878,0.045359358743385036,0.07311101544786391,0.078427133736787,0.025209352994422035,0.0779359924198086,0.13822322339652363,0.22292072529711188,0.023129624296470197,0.0669223576481055,0.12848697947370752,0.19861232485391905
13011500,0.48144519329071045,0.48129743337631226,0.00014775991439819336,0.009317135476801536,0.005606130984940833,0.03545931759415921,0.006584456274222571,0.09189212322235107,0.10000002384185791,0.10000002384185791,0.018672889788393654,0.045512258214531136,0.06720299808032534,0.07412158507439826,0.01779115732087381,0.0489798944530404,0.115538682077274,0.19125111900366112,0.02385760145969419,0.05829511926428668,0.10666178911603055,0.1555737521378808
13011900,0.32786762714385986,0.3278689384460449,1.3113021850585938e-06,0.010654799898602288,0.006852286938929613,0.057741401422193306,0.008483988891275662,0.09920841455459595,0.10000002384185791,0.10000002384185791,0.026643169478133943,0.05352414438707953,0.06746432381206088,0.07411154660361785,0.019980732771260848,0.09335539416370826,0.24708351652021707,0.366926063662788,0.024082590490305693,0.07810210527119778,0.1637539427093265,0.23353565265052978
13018300,0.694922924041748,0.6950028538703918,7.992982864379883e-05,0.011841164218265171,0.00578973598726963,0.03833162018062386,0.013055871645857073,0.0952690839767456,0.10000002384185791,0.10000002384185791,0.020950293127033448,0.045419897828940924,0.07962293850492544,0.09064239856821521,0.026958575272114225,0.06699015963448972,0.1599620116569398,0.23986298615063836,0.024064104757100246,0.06848528734784738,0.15677168328544341,0.307846371299357
13023000,0.20326519012451172,0.20325905084609985,6.139278411865234e-06,0.007757296801388813,0.010335822425247715,0.05189860157787812,0.016058210419892027,0.08749282360076904,0.10000002384185791,0.10000002384185791,0.02331853147458146,0.05390652665937388,0.07454504253798061,0.0787400865720378,0.019800556785247656,0.06940936049426905,0.2037036881961782,0.41306284555881706,0.02528813525207191,0.08646324619981671,0.1391798617249407,0.20163971908102513
13161500,0.7188146114349365,0.7186557054519653,0.0001589059829711914,0.012962343426337175,0.019600001579794645,0.0350490110419871,0.006570707348022148,0.09598002582788467,0.10000002384185791,0.10000002384185791,0.045646402377773204,0.07111897493678111,0.08420906307382717,0.09021652247066847,0.0224668458041688,0.08798554203769215,0.262278950744159,0.3474280546315966,0.034195730345855324,0.12491188823748675,0.2094650004883194,0.3183439601725172
13235000,0.35411936044692993,0.35399800539016724,0.00012135505676269531,0.016758104766800036,0.017847722574983862,0.042350438957533876,0.009611305666245518,0.08105184882879257,0.10000002384185791,0.10000002384185791,0.02168524339795108,0.046881368259588774,0.06721377830814435,0.07150416939898774,0.019837269360011484,0.06841781334181658,0.15026006851515608,0.28716490538083966,0.022331548590955846,0.07714101796729193,0.15340705116890335,0.22403054714887455
13240000,0.22787797451019287,0.227847158908844,3.081560134887695e-05,0.007358017129820205,0.008428743196121469,0.03033469333892591,0.011559140516443911,0.09093144536018372,0.10000002384185791,0.10000002384185791,0.018900622758600494,0.044726676894006896,0.06679595104411797,0.0735842199789154,0.020355240055909773,0.06191715107688412,0.1402873983229866,0.26585590225399824,0.02103506866012972,0.04993823808676289,0.10195634103872551,0.15254479248589373
13313000,0.27205199003219604,0.2721036672592163,5.167722702026367e-05,0.016491193599852638,0.003626756996093083,0.0523052261635778,0.015317992981239145,0.09112389385700226,0.10000002384185791,0.10000002384185791,0.024782011975292798,0.04701900016102528,0.06752440918374947,0.0812239324329076,0.02443944249756969,0.07469764885321238,0.16014446926868017,0.20516963553749115,0.024112775266820985,0.08800612876911522,0.16855580038749798,0.24766791933605453
13331500,0.5792332291603088,0.5790373682975769,0.0001958608627319336,0.01077509966831644,0.008283672621293906,0.03300210826147826,0.011698591428283764,0.09454464912414551,0.10000002384185791,0.10000002384185791,0.027744883202292292,0.0581875210558927,0.08014025834423524,0.08819923356727319,0.022801220571067687,0.07033153624874,0.12565823252767955,0.1959275357552695,0.019008255996675223,0.056806549690551746,0.12026414092902121,0.20739077371046724
14020000,0.5619724988937378,0.5619161128997803,5.638599395751953e-05,0.013237751844474219,0.005633243869737569,0.043121982213834176,0.00771656988883862,0.08461976051330566,0.10000002384185791,0.10000002384185791,0.02485887869778606,0.0528288456852789,0.07294556653058087,0.0797349904422407,0.023640449962214358,0.05949056594567711,0.10885703746328199,0.15912758265079535,0.02381318532904482,0.0636565367218192,0.12188282092754125,0.25399901594863833
14096850,0.24783414602279663,0.24776417016983032,6.99758529663086e-05,0.011262100167122174,0.012542256407370373,0.05207699803452759,0.020729327647042682,0.08205348253250122,0.10000002384185791,0.10000002384185791,0.036957069624353356,0.07169938038344749,0.09081862088210053,0.09572584154429259,0.020411070095646258,0.0756194349968792,0.14744329777155357,0.19553887420571558,0.03286537787874849,0.11954068591787412,0.20690546118927997,0.26193838591969454
14137000,0.19471395015716553,0.19477367401123047,5.9723854064941406e-05,0.00962095165084137,0.007279466835012571,0.01720226064184671,0.004538009530600906,0.09334832429885864,0.10000002384185791,0.10000002384185791,0.02252341804129107,0.04455457703244909,0.06143319493283828,0.07265321566826766,0.02165113599186691,0.07217350856365098,0.09873663659183383,0.13014249585164514,0.01608324498192612,0.04418522846205556,0.08057654487066401,0.1512732171327155
14138800,0.33962351083755493,0.33963072299957275,7.212162017822266e-06,0.009587073182267702,0.0035156208367787384,0.02768684312869918,0.0075104504954674745,0.09107255935668945,0.10000002384185791,0.10000002384185791,0.01487829379599405,0.03579153693108646,0.05012329371659845,0.05426172175341182,0.01639175179656796,0.059596759522117876,0.10353864337048639,0.13654446437778042,0.011605113796411604,0.03622049203820821,0.07498222336719504,0.11522911461580979
14138870,0.23042809963226318,0.23045730590820312,2.9206275939941406e-05,0.006160892070658508,0.009492047752792724,0.022568345900114917,0.003452632152061319,0.09643840789794922,0.10000002384185791,0.10000002384185791,0.019048370648589386,0.04891946916226988,0.06350323898648774,0.0751704252704426,0.020416326757306768,0.06069229815070561,0.10323150610008948,0.12235543172021522,0.014435793123469737,0.04469683376411129,0.07836169935162703,0.11723031598055125
14138900,0.2474193572998047,0.24754852056503296,0.00012916326522827148,0.009264358522423133,0.008405905319330994,0.009427983375493498,0.005579549553540203,0.08587098121643066,0.10000002384185791,0.10000002384185791,0.021063826184857783,0.04686093794526877,0.06412236464879027,0.0696816411835176,0.015239551485484025,0.05435463000457761,0.09829028257859797,0.13364460424102867,0.012607158259615614,0.04008809136122804,0.07118575926189179,0.10669391865320405
14139800,0.2546193599700928,0.2545030117034912,0.0001163482666015625,0.007511990152211934,0.008143916467051088,0.01820450966074072,0.0022751686625187006,0.0889585018157959,0.10000002384185791,0.10000002384185791,0.017716136436771446,0.03891741410449701,0.05974674412497768,0.06711548332262922,0.015914992356418807,0.0570348812592569,0.09755368991989215,0.11040147047013979,0.012231608597241372,0.04278248998342138,0.07903735504470466,0.12468913559924649
14141500,0.22349023818969727,0.22345978021621704,3.045797348022461e-05,0.009148609424254661,0.009026501650695623,0.008012608584280101,0.005985327589938347,0.0953490138053894,0.10000002384185791,0.10000002384185791,0.025618918046907125,0.05266727170734494,0.06835738974644079,0.0779803294274542,0.01801874450653651,0.0665177908562568,0.10376656936488472,0.17358598708426737,0.013181868603384828,0.03752156559056329,0.07149873926328777,0.11937590086284496
14154500,0.16249465942382812,0.16243857145309448,5.608797073364258e-05,0.01058551309322922,0.01090583657371978,0.03285945116212041,0.015389242928843722,0.09533452987670898,0.10000002384185791,0.10000002384185791,0.02329750550841844,0.047604271339045635,0.06327921830421246,0.08204101089526106,0.022259779597657167,0.061428458979678253,0.09956065748433451,0.11589048589011573,0.02058884803417993,0.06126725560436411,0.12452710621516938,0.16998362641488451
14158790,0.33010977506637573,0.33002769947052,8.207559585571289e-05,0.01009194747238662,0.007672296279896424,0.014752088700604071,0.008558585050080808,0.09836374223232269,0.10000002384185791,0.10000002384185791,0.020520780787423806,0.04664588857028226,0.05949473492028532,0.06596279354007156,0.024190272271921668,0.06225868673977347,0.1094832936420415,0.1564546063795563,0.01614179802848792,0.04715155755855724,0.0895933216146232,0.1691710032587523
14166500,0.13393539190292358,0.13394975662231445,1.436471939086914e-05,0.01667157264064842,0.011047036918807188,0.0219120185816436,0.01163379555306221,0.07481445372104645,0.10000002384185791,0.10000002384185791,0.02792595493848675,0.04738337610054902,0.07516888357533344,0.0832296762753416,0.02094980990083188,0.054676696859408326,0.10149776962537946,0.14822646424003666,0.021584099200118917,0.05678076614012086,0.11474775870291513,0.15015467846939626
14182500,0.19238096475601196,0.19238972663879395,8.761882781982422e-06,0.014332966610135611,0.013671758819986838,0.014669015093650817,0.010280784654248837,0.08570098876953125,0.10000002384185791,0.10000002384185791,0.019629012255205053,0.03665508225008293,0.050554084962164916,0.0550433848743086,0.017792968379344416,0.04866742890732749,0.10309124864871784,0.17395609309788418,0.01475543155787662,0.04493510191571351,0.08385718209230192,0.12847740575228433
14185000,0.2106032371520996,0.21065306663513184,4.982948303222656e-05,0.01473805942524914,0.012695963785253655,0.01709644411846689,0.011462219676701926,0.08818399906158447,0.10000002384185791,0.10000002384185791,0.02192099469334438,0.040835549347792544,0.06466495780039717,0.06829927077999823,0.017804711190175473,0.0649414390798185,0.12797733211325013,0.21221749947745494,0.01698661797586115,0.043669764816954545,0.07318711511135256,0.15116094996943544
14185900,0.19980847835540771,0.1997675895690918,4.088878631591797e-05,0.008917372769708665,0.006912655753369245,0.023526386844714753,0.014480204831224669,0.08255201578140259,0.10000002384185791,0.10000002384185791,0.017191666675110656,0.043493265528922104,0.07249500061957918,0.08117851907456362,0.018561824156707638,0.05844291714389078,0.1148420042404715,0.1779712215521018,0.018124584577436154,0.050505733707177924,0.0854992548167034,0.136509782227699
14187000,0.15090084075927734,0.15087956190109253,2.1278858184814453e-05,0.010513465175083503,0.00897990061137264,0.03987462788367058,0.006644966865500087,0.0965232104063034,0.10000002384185791,0.10000002384185791,0.025396838439283552,0.052198174551681256,0.06838117521311403,0.07645704925612162,0.022806483708231275,0.07561620264390481,0.1453347223407451,0.17503542938052893,0.03050047236084541,0.07793788226663527,0.13206311486423994,0.19744224304872965
14216500,0.22305238246917725,0.2230914831161499,3.910064697265625e-05,0.012745388184247308,0.004902024164985866,0.02640110920412908,0.007473762693729236,0.08094833046197891,0.10000002384185791,0.10000002384185791,0.019927273666555112,0.04431393324225037,0.06401231426000595,0.07584121859184018,0.0182991194174331,0.05613270903819999,0.09077570218814421,0.13891490615213561,0.014191810119487447,0.0522866934388686,0.10156184911051991,0.17357165954274736
14222500,0.15643882751464844,0.15649861097335815,5.97834587097168e-05,0.0123700705451667,0.008291781588410775,0.021779966404069095,0.0067109847206450746,0.08306288719177246,0.10000002384185791,0.10000002384185791,0.020283696345157094,0.04269299378549611,0.05673543727618676,0.06651456038709039,0.01808219087169436,0.05606683055477732,0.1091314262018427,0.19280605454059502,0.016915554163470514,0.055287438404621754,0.10187777532097117,0.17638942809981795
14236200,0.18970787525177002,0.18968665599822998,2.1219253540039062e-05,0.00900101038140172,0.01132565282938565,0.012872587193594909,0.003778549040922452,0.09376704692840576,0.10000002384185791,0.10000002384185791,0.024462755183102924,0.05030234077186495,0.06278462223763817,0.07179151064267866,0.025400180129317385,0.06610303854683408,0.10083994850355732,0.11814072495926642,0.02039160624435654,0.05925792022763093,0.10046167080511213,0.14668850678689582
14301000,0.06299477815628052,0.06297868490219116,1.609325408935547e-05,0.005962871417433679,0.00986532044376609,0.023963434223252533,0.006985513794203757,0.09250903129577637,0.10000002384185791,0.10000002384185791,0.020796773279154752,0.04525756606901134,0.06094710819726738,0.06810056131195139,0.01971264948297048,0.0639900833270852,0.10032536010745353,0.13238430909375293,0.024293167089830453,0.0629379054173024,0.12399328029793964,0.17140708469731503
14303200,0.10901057720184326,0.10902214050292969,1.1563301086425781e-05,0.0058286128068298915,0.00793850807710579,0.011487807339934264,0.008943309343774797,0.09772419929504395,0.10000002384185791,0.10000002384185791,0.024033542005000297,0.051807631041716644,0.07138436789865849,0.07720093484278076,0.02307809720021213,0.07214753869506725,0.12096693602362978,0.16591368756255093,0.030563881042757063,0.07351317929777153,0.11796352671019028,0.1656888936066554
14305500,0.1053236722946167,0.10533398389816284,1.0311603546142578e-05,0.010536964671594595,0.0072628431487411875,0.03373758761251944,0.012817468061540882,0.09403201937675476,0.10000002384185791,0.10000002384185791,0.030168190294945676,0.052329861814225165,0.07823614146974352,0.09038985206021204,0.02592435745330758,0.07458813312126676,0.11508698676682626,0.14944347512812778,0.02367554810032141,0.05467919836074054,0.08341751904772143,0.11693516960213013
14306340,0.09024298191070557,0.09021246433258057,3.0517578125e-05,0.007675404756600002,0.010452277437968045,0.01739169379355565,0.007288787626594018,0.09794571995735168,0.10000002384185791,0.10000002384185791,0.025524114789786168,0.05438380528241401,0.07188994480227984,0.07890162136819628,0.032354113186874964,0.06988565361493584,0.1267088093185724,0.18236145341246754,0.01934122291093393,0.05857161984919705,0.11093350008197313,0.19841665112410545
14306500,0.07872986793518066,0.07871752977371216,1.233816146850586e-05,0.010188069833963698,0.009735574674486274,0.014916928297951104,0.009474687633522771,0.09524011611938477,0.10000002384185791,0.10000002384185791,0.02556813048129833,0.05197973241408669,0.07070749672474685,0.08625828896959631,0.03146099223168153,0.08102000361365218,0.1201160712897365,0.14909858973928136,0.02232522376923493,0.05961769431841235,0.0961867910047798,0.13250970626293423
14308990,0.1507142186164856,0.15053033828735352,0.00018388032913208008,0.009227926991319385,0.008906741061247489,0.04919890831471335,0.014733872107829643,0.09203249216079712,0.10000002384185791,0.10000002384185791,0.021332273473618213,0.04669989487363234,0.07641128615179546,0.08541742894384596,0.02528208907392166,0.06797533125494383,0.13142509161177238,0.18700379202548842,0.01923400428187405,0.07109276530673804,0.12929092037303425,0.22065785173224467
14309500,0.1594887375831604,0.1594529151916504,3.5822391510009766e-05,0.01329748093743649,0.013014793488691093,0.02089143239326824,0.010949839246211346,0.09244465827941895,0.10000002384185791,0.10000002384185791,0.029892948656170454,0.058425152834366875,0.075585769702163,0.08681266997699386,0.02977975059603441,0.07223852890765543,0.13733286927735594,0.17881085607108163,0.021547358747860623,0.0595301613885921,0.11598061383178704,0.16626603367370213
14316700,0.19649863243103027,0.19648218154907227,1.6450881958007812e-05,0.008621063213572144,0.0066846859336164525,0.018376767896188362,0.011016031056581055,0.09824573993682861,0.10000002384185791,0.10000002384185791,0.022189696340097348,0.0497784642130137,0.06720919152983913,0.07973581157900667,0.026279384832510723,0.06527472746154495,0.10549887855623404,0.12924101967697188,0.0173897071064128,0.05085188202933266,0.10415756725213071,0.13966471384625967
14325000,0.11692291498184204,0.11689764261245728,2.5272369384765625e-05,0.008033351531383848,0.010050200908682555,0.04673682244455546,0.0055331323520329545,0.09799644351005554,0.10000002384185791,0.10000002384185791,0.029377009319486433,0.05987122025202828,0.07189613170839018,0.07701046902824327,0.025257091695479683,0.08479318850896796,0.13435742900946687,0.16368353621416284,0.02150772914379051,0.07846527492147504,0.20900353756812384,0.28356526465679477
14362250,0.4350835084915161,0.4346874952316284,0.0003960132598876953,0.016482972114084934,0.0064215150875441655,0.041160742238043,0.008264390667023131,0.08661007881164551,0.10000002384185791,0.10000002384185791,0.026921177269132013,0.05048775583505634,0.06750039885055135,0.08545392152542872,0.01806903156068241,0.055821666475860704,0.13279623310077354,0.2423141495409925,0.01790061967350398,0.08172098782242332,0.15041154499221146,0.2271678512211413
14400000,0.1077987551689148,0.1078072190284729,8.463859558105469e-06,0.012973048369614215,0.014320878456294877,0.0391456703947467,0.016582799065268633,0.0994061827659607,0.10000002384185791,0.10000002384185791,0.02452638888110717,0.05407517008759355,0.06967154523288761,0.07680387334139259,0.038997843611622146,0.1037971205352808,0.15407203243892484,0.1921108999136104,0.023692457448636767,0.07374164029907714,0.126648155960156,0.1638111476251487
