==========================================
[Sat Sep  5 21:07:14 CST 2026] mailbox runner v2 started
[INFO] dir=/data1/home/sunyiq/hpc_mailbox staging=/data1/home/sunyiq/.hpc_mailbox_staging
[INFO] host=login4 pid=39454 workers<=16 interval=20s
[INFO] running from detached copy: /data1/home/sunyiq/.hpc_runner_active.sh
==========================================
[Sat Sep  5 21:07:28 CST 2026] --- retry push only: channel=a02 seq=18 ---
[Sat Sep  5 21:07:28 CST 2026] --- start channel=id29-nearing2022-da seq=499 ---
# On branch hpc-mailbox
# Your branch is ahead of 'origin/hpc-mailbox' by 1 commit.
#   (use "git push" to publish your local commits)
#
# Untracked files:
#   (use "git add <file>..." to include in what will be committed)
#
#	inbox/autoresearch-64/hbv_lite_64_prospective_seq62.slurm
#	inbox/gpucheck_ngu009.slurm
#	inbox/gpucheck_ngu101.slurm
#	payload/id29-nearing2022-da/closure_v12.tar.gz
#	payload/id29-nearing2022-da/closure_v13.tar.gz
#	payload/id29-nearing2022-da/gate_preflight_v1.tar.gz
#	runner.log
#	runner2.log
nothing added to commit but untracked files present (use "git add" to track)
[ERROR] push failed: a02/18 (result kept in staging, will retry push only)
[Sat Sep  5 21:09:10 CST 2026] done channel=id29-nearing2022-da seq=499 rc=0
[Sat Sep  5 21:09:10 CST 2026] --- retry push only: channel=a02 seq=18 ---
# On branch hpc-mailbox
# Your branch is ahead of 'origin/hpc-mailbox' by 1 commit.
#   (use "git push" to publish your local commits)
#
# Untracked files:
#   (use "git add <file>..." to include in what will be committed)
#
#	inbox/autoresearch-64/hbv_lite_64_prospective_seq62.slurm
#	inbox/gpucheck_ngu009.slurm
#	inbox/gpucheck_ngu101.slurm
#	payload/id29-nearing2022-da/closure_v12.tar.gz
#	payload/id29-nearing2022-da/closure_v13.tar.gz
#	payload/id29-nearing2022-da/gate_preflight_v1.tar.gz
#	runner.log
#	runner2.log
nothing added to commit but untracked files present (use "git add" to track)
[ERROR] push failed: a02/18 (result kept in staging, will retry push only)
[Sat Sep  5 21:10:53 CST 2026] --- retry push only: channel=a02 seq=18 ---
[Sat Sep  5 21:10:53 CST 2026] --- start channel=id29-nearing2022-da seq=500 ---
# On branch hpc-mailbox
# Your branch is ahead of 'origin/hpc-mailbox' by 1 commit.
#   (use "git push" to publish your local commits)
#
# Untracked files:
#   (use "git add <file>..." to include in what will be committed)
#
#	inbox/autoresearch-64/hbv_lite_64_prospective_seq62.slurm
#	inbox/gpucheck_ngu009.slurm
#	inbox/gpucheck_ngu101.slurm
#	payload/id29-nearing2022-da/closure_v12.tar.gz
#	payload/id29-nearing2022-da/closure_v13.tar.gz
#	payload/id29-nearing2022-da/gate_preflight_v1.tar.gz
#	runner.log
#	runner2.log
nothing added to commit but untracked files present (use "git add" to track)
[ERROR] push failed: a02/18 (result kept in staging, will retry push only)
[Sat Sep  5 21:12:34 CST 2026] --- retry push only: channel=a02 seq=18 ---
[Sat Sep  5 21:12:34 CST 2026] done channel=id29-nearing2022-da seq=500 rc=0
# On branch hpc-mailbox
# Your branch is ahead of 'origin/hpc-mailbox' by 1 commit.
#   (use "git push" to publish your local commits)
#
# Untracked files:
#   (use "git add <file>..." to include in what will be committed)
#
#	inbox/autoresearch-64/hbv_lite_64_prospective_seq62.slurm
#	inbox/gpucheck_ngu009.slurm
#	inbox/gpucheck_ngu101.slurm
#	payload/id29-nearing2022-da/closure_v12.tar.gz
#	payload/id29-nearing2022-da/closure_v13.tar.gz
#	payload/id29-nearing2022-da/gate_preflight_v1.tar.gz
#	runner.log
#	runner2.log
nothing added to commit but untracked files present (use "git add" to track)
[ERROR] push failed: a02/18 (result kept in staging, will retry push only)
[Sat Sep  5 21:14:15 CST 2026] --- retry push only: channel=a02 seq=18 ---
# On branch hpc-mailbox
# Your branch is ahead of 'origin/hpc-mailbox' by 1 commit.
#   (use "git push" to publish your local commits)
#
# Untracked files:
#   (use "git add <file>..." to include in what will be committed)
#
#	inbox/autoresearch-64/hbv_lite_64_prospective_seq62.slurm
#	inbox/gpucheck_ngu009.slurm
#	inbox/gpucheck_ngu101.slurm
#	payload/id29-nearing2022-da/closure_v12.tar.gz
#	payload/id29-nearing2022-da/closure_v13.tar.gz
#	payload/id29-nearing2022-da/gate_preflight_v1.tar.gz
#	runner.log
#	runner2.log
nothing added to commit but untracked files present (use "git add" to track)
[ERROR] push failed: a02/18 (result kept in staging, will retry push only)
[Sat Sep  5 21:15:56 CST 2026] --- retry push only: channel=a02 seq=18 ---
# On branch hpc-mailbox
# Your branch is ahead of 'origin/hpc-mailbox' by 1 commit.
#   (use "git push" to publish your local commits)
#
# Untracked files:
#   (use "git add <file>..." to include in what will be committed)
#
#	inbox/autoresearch-64/hbv_lite_64_prospective_seq62.slurm
#	inbox/gpucheck_ngu009.slurm
#	inbox/gpucheck_ngu101.slurm
#	payload/id29-nearing2022-da/closure_v12.tar.gz
#	payload/id29-nearing2022-da/closure_v13.tar.gz
#	payload/id29-nearing2022-da/gate_preflight_v1.tar.gz
#	runner.log
#	runner2.log
nothing added to commit but untracked files present (use "git add" to track)
[ERROR] push failed: a02/18 (result kept in staging, will retry push only)
[Sat Sep  5 21:17:37 CST 2026] --- retry push only: channel=a02 seq=18 ---
# On branch hpc-mailbox
# Your branch is ahead of 'origin/hpc-mailbox' by 1 commit.
#   (use "git push" to publish your local commits)
#
# Untracked files:
#   (use "git add <file>..." to include in what will be committed)
#
#	inbox/autoresearch-64/hbv_lite_64_prospective_seq62.slurm
#	inbox/gpucheck_ngu009.slurm
#	inbox/gpucheck_ngu101.slurm
#	payload/id29-nearing2022-da/closure_v12.tar.gz
#	payload/id29-nearing2022-da/closure_v13.tar.gz
#	payload/id29-nearing2022-da/gate_preflight_v1.tar.gz
#	runner.log
#	runner2.log
nothing added to commit but untracked files present (use "git add" to track)
[ERROR] push failed: a02/18 (result kept in staging, will retry push only)
[Sat Sep  5 21:19:19 CST 2026] --- retry push only: channel=a02 seq=18 ---
# On branch hpc-mailbox
# Your branch is ahead of 'origin/hpc-mailbox' by 1 commit.
#   (use "git push" to publish your local commits)
#
# Untracked files:
#   (use "git add <file>..." to include in what will be committed)
#
#	inbox/autoresearch-64/hbv_lite_64_prospective_seq62.slurm
#	inbox/gpucheck_ngu009.slurm
#	inbox/gpucheck_ngu101.slurm
#	payload/id29-nearing2022-da/closure_v12.tar.gz
#	payload/id29-nearing2022-da/closure_v13.tar.gz
#	payload/id29-nearing2022-da/gate_preflight_v1.tar.gz
#	runner.log
#	runner2.log
nothing added to commit but untracked files present (use "git add" to track)
[ERROR] push failed: a02/18 (result kept in staging, will retry push only)
[Sat Sep  5 21:21:02 CST 2026] --- retry push only: channel=a02 seq=18 ---
[Sat Sep  5 21:21:02 CST 2026] --- start channel=id33-transformer-recipe-repair seq=22 ---
# On branch hpc-mailbox
# Your branch is ahead of 'origin/hpc-mailbox' by 1 commit.
#   (use "git push" to publish your local commits)
#
# Untracked files:
#   (use "git add <file>..." to include in what will be committed)
#
#	inbox/autoresearch-64/hbv_lite_64_prospective_seq62.slurm
#	inbox/gpucheck_ngu009.slurm
#	inbox/gpucheck_ngu101.slurm
#	payload/id29-nearing2022-da/closure_v12.tar.gz
#	payload/id29-nearing2022-da/closure_v13.tar.gz
#	payload/id29-nearing2022-da/gate_preflight_v1.tar.gz
#	runner.log
#	runner2.log
nothing added to commit but untracked files present (use "git add" to track)
[ERROR] push failed: a02/18 (result kept in staging, will retry push only)
[Sat Sep  5 21:22:44 CST 2026] --- retry push only: channel=a02 seq=18 ---
[Sat Sep  5 21:22:45 CST 2026] done channel=id33-transformer-recipe-repair seq=22 rc=0
# On branch hpc-mailbox
# Your branch is ahead of 'origin/hpc-mailbox' by 1 commit.
#   (use "git push" to publish your local commits)
#
# Untracked files:
#   (use "git add <file>..." to include in what will be committed)
#
#	inbox/autoresearch-64/hbv_lite_64_prospective_seq62.slurm
#	inbox/gpucheck_ngu009.slurm
#	inbox/gpucheck_ngu101.slurm
#	payload/id29-nearing2022-da/closure_v12.tar.gz
#	payload/id29-nearing2022-da/closure_v13.tar.gz
#	payload/id29-nearing2022-da/gate_preflight_v1.tar.gz
#	runner.log
#	runner2.log
nothing added to commit but untracked files present (use "git add" to track)
[ERROR] push failed: a02/18 (result kept in staging, will retry push only)
[Sat Sep  5 21:24:26 CST 2026] --- retry push only: channel=a02 seq=18 ---
[Sat Sep  5 21:25:00 CST 2026] --- start channel=zhenjiang-six-source-four-target-ukf seq=74 ---
# On branch hpc-mailbox
# Your branch is ahead of 'origin/hpc-mailbox' by 1 commit.
#   (use "git push" to publish your local commits)
#
# Untracked files:
#   (use "git add <file>..." to include in what will be committed)
#
#	inbox/autoresearch-64/hbv_lite_64_prospective_seq62.slurm
#	inbox/gpucheck_ngu009.slurm
#	inbox/gpucheck_ngu101.slurm
#	payload/id29-nearing2022-da/closure_v12.tar.gz
#	payload/id29-nearing2022-da/closure_v13.tar.gz
#	payload/id29-nearing2022-da/gate_preflight_v1.tar.gz
#	runner.log
#	runner2.log
nothing added to commit but untracked files present (use "git add" to track)
[ERROR] push failed: a02/18 (result kept in staging, will retry push only)
[Sat Sep  5 21:26:09 CST 2026] --- retry push only: channel=a02 seq=18 ---
# On branch hpc-mailbox
# Your branch and 'origin/hpc-mailbox' have diverged,
# and have 1 and 1 different commit each, respectively.
#   (use "git pull" to merge the remote branch into yours)
#
# Untracked files:
#   (use "git add <file>..." to include in what will be committed)
#
#	inbox/autoresearch-64/hbv_lite_64_prospective_seq62.slurm
#	inbox/gpucheck_ngu009.slurm
#	inbox/gpucheck_ngu101.slurm
#	payload/id29-nearing2022-da/closure_v12.tar.gz
#	payload/id29-nearing2022-da/closure_v13.tar.gz
#	payload/id29-nearing2022-da/gate_preflight_v1.tar.gz
#	runner.log
#	runner2.log
nothing added to commit but untracked files present (use "git add" to track)
[Sat Sep  5 21:26:41 CST 2026] done channel=zhenjiang-six-source-four-target-ukf seq=74 rc=0
[Sat Sep  5 21:26:43 CST 2026] --- start channel=id33-transformer-recipe-repair seq=23 ---
# On branch hpc-mailbox
# Your branch is ahead of 'origin/hpc-mailbox' by 1 commit.
#   (use "git push" to publish your local commits)
#
# Untracked files:
#   (use "git add <file>..." to include in what will be committed)
#
#	inbox/autoresearch-64/hbv_lite_64_prospective_seq62.slurm
#	inbox/gpucheck_ngu009.slurm
#	inbox/gpucheck_ngu101.slurm
#	payload/id29-nearing2022-da/closure_v12.tar.gz
#	payload/id29-nearing2022-da/closure_v13.tar.gz
#	payload/id29-nearing2022-da/gate_preflight_v1.tar.gz
#	runner.log
#	runner2.log
nothing added to commit but untracked files present (use "git add" to track)
[ERROR] push failed: a02/18 (result kept in staging, will retry push only)
[Sat Sep  5 21:28:24 CST 2026] --- retry push only: channel=a02 seq=18 ---
[Sat Sep  5 21:28:26 CST 2026] done channel=id33-transformer-recipe-repair seq=23 rc=0
# On branch hpc-mailbox
# Your branch is ahead of 'origin/hpc-mailbox' by 1 commit.
#   (use "git push" to publish your local commits)
#
# Untracked files:
#   (use "git add <file>..." to include in what will be committed)
#
#	inbox/autoresearch-64/hbv_lite_64_prospective_seq62.slurm
#	inbox/gpucheck_ngu009.slurm
#	inbox/gpucheck_ngu101.slurm
#	payload/id29-nearing2022-da/closure_v12.tar.gz
#	payload/id29-nearing2022-da/closure_v13.tar.gz
#	payload/id29-nearing2022-da/gate_preflight_v1.tar.gz
#	runner.log
#	runner2.log
nothing added to commit but untracked files present (use "git add" to track)
[ERROR] push failed: a02/18 (result kept in staging, will retry push only)
[Sat Sep  5 21:30:07 CST 2026] --- retry push only: channel=a02 seq=18 ---
[Sat Sep  5 21:30:07 CST 2026] --- start channel=kalmannet-wrr-hp-extension seq=18 ---
[Sat Sep  5 21:30:07 CST 2026] --- start channel=zhenjiang-six-source-four-target-ukf seq=75 ---
# On branch hpc-mailbox
# Your branch is ahead of 'origin/hpc-mailbox' by 1 commit.
#   (use "git push" to publish your local commits)
#
# Untracked files:
#   (use "git add <file>..." to include in what will be committed)
#
#	inbox/autoresearch-64/hbv_lite_64_prospective_seq62.slurm
#	inbox/gpucheck_ngu009.slurm
#	inbox/gpucheck_ngu101.slurm
#	payload/id29-nearing2022-da/closure_v12.tar.gz
#	payload/id29-nearing2022-da/closure_v13.tar.gz
#	payload/id29-nearing2022-da/gate_preflight_v1.tar.gz
#	runner.log
#	runner2.log
nothing added to commit but untracked files present (use "git add" to track)
[ERROR] push failed: a02/18 (result kept in staging, will retry push only)
[Sat Sep  5 21:31:38 CST 2026] done channel=kalmannet-wrr-hp-extension seq=18 rc=0
[Sat Sep  5 21:31:50 CST 2026] --- retry push only: channel=a02 seq=18 ---
[Sat Sep  5 21:31:50 CST 2026] --- start channel=kalmannet-daily-perbasin seq=33 ---
[Sat Sep  5 21:32:07 CST 2026] done channel=zhenjiang-six-source-four-target-ukf seq=75 rc=0
# On branch hpc-mailbox
# Your branch is ahead of 'origin/hpc-mailbox' by 1 commit.
#   (use "git push" to publish your local commits)
#
# Untracked files:
#   (use "git add <file>..." to include in what will be committed)
#
#	inbox/autoresearch-64/hbv_lite_64_prospective_seq62.slurm
#	inbox/gpucheck_ngu009.slurm
#	inbox/gpucheck_ngu101.slurm
#	payload/id29-nearing2022-da/closure_v12.tar.gz
#	payload/id29-nearing2022-da/closure_v13.tar.gz
#	payload/id29-nearing2022-da/gate_preflight_v1.tar.gz
#	runner.log
#	runner2.log
nothing added to commit but untracked files present (use "git add" to track)
[ERROR] push failed: a02/18 (result kept in staging, will retry push only)
[Sat Sep  5 21:33:49 CST 2026] done channel=kalmannet-daily-perbasin seq=33 rc=0
[Sat Sep  5 21:34:05 CST 2026] --- retry push only: channel=a02 seq=18 ---
# On branch hpc-mailbox
# Your branch is ahead of 'origin/hpc-mailbox' by 1 commit.
#   (use "git push" to publish your local commits)
#
# Untracked files:
#   (use "git add <file>..." to include in what will be committed)
#
#	inbox/autoresearch-64/hbv_lite_64_prospective_seq62.slurm
#	inbox/gpucheck_ngu009.slurm
#	inbox/gpucheck_ngu101.slurm
#	payload/id29-nearing2022-da/closure_v12.tar.gz
#	payload/id29-nearing2022-da/closure_v13.tar.gz
#	payload/id29-nearing2022-da/gate_preflight_v1.tar.gz
#	runner.log
#	runner2.log
nothing added to commit but untracked files present (use "git add" to track)
[ERROR] push failed: a02/18 (result kept in staging, will retry push only)
[Sat Sep  5 21:35:46 CST 2026] --- retry push only: channel=a02 seq=18 ---
# On branch hpc-mailbox
# Your branch is ahead of 'origin/hpc-mailbox' by 1 commit.
#   (use "git push" to publish your local commits)
#
# Untracked files:
#   (use "git add <file>..." to include in what will be committed)
#
#	inbox/autoresearch-64/hbv_lite_64_prospective_seq62.slurm
#	inbox/gpucheck_ngu009.slurm
#	inbox/gpucheck_ngu101.slurm
#	payload/id29-nearing2022-da/closure_v12.tar.gz
#	payload/id29-nearing2022-da/closure_v13.tar.gz
#	payload/id29-nearing2022-da/gate_preflight_v1.tar.gz
#	runner.log
#	runner2.log
nothing added to commit but untracked files present (use "git add" to track)
[ERROR] push failed: a02/18 (result kept in staging, will retry push only)
[Sat Sep  5 21:37:29 CST 2026] --- retry push only: channel=a02 seq=18 ---
# On branch hpc-mailbox
# Your branch is ahead of 'origin/hpc-mailbox' by 1 commit.
#   (use "git push" to publish your local commits)
#
# Untracked files:
#   (use "git add <file>..." to include in what will be committed)
#
#	inbox/autoresearch-64/hbv_lite_64_prospective_seq62.slurm
#	inbox/gpucheck_ngu009.slurm
#	inbox/gpucheck_ngu101.slurm
#	payload/id29-nearing2022-da/closure_v12.tar.gz
#	payload/id29-nearing2022-da/closure_v13.tar.gz
#	payload/id29-nearing2022-da/gate_preflight_v1.tar.gz
#	runner.log
#	runner2.log
nothing added to commit but untracked files present (use "git add" to track)
[ERROR] push failed: a02/18 (result kept in staging, will retry push only)
[Sat Sep  5 21:39:11 CST 2026] --- retry push only: channel=a02 seq=18 ---
# On branch hpc-mailbox
# Your branch is ahead of 'origin/hpc-mailbox' by 1 commit.
#   (use "git push" to publish your local commits)
#
# Untracked files:
#   (use "git add <file>..." to include in what will be committed)
#
#	inbox/autoresearch-64/hbv_lite_64_prospective_seq62.slurm
#	inbox/gpucheck_ngu009.slurm
#	inbox/gpucheck_ngu101.slurm
#	payload/id29-nearing2022-da/closure_v12.tar.gz
#	payload/id29-nearing2022-da/closure_v13.tar.gz
#	payload/id29-nearing2022-da/gate_preflight_v1.tar.gz
#	runner.log
#	runner2.log
nothing added to commit but untracked files present (use "git add" to track)
[ERROR] push failed: a02/18 (result kept in staging, will retry push only)
[Sat Sep  5 21:40:54 CST 2026] --- retry push only: channel=a02 seq=18 ---
# On branch hpc-mailbox
# Your branch is ahead of 'origin/hpc-mailbox' by 1 commit.
#   (use "git push" to publish your local commits)
#
# Untracked files:
#   (use "git add <file>..." to include in what will be committed)
#
#	inbox/autoresearch-64/hbv_lite_64_prospective_seq62.slurm
#	inbox/gpucheck_ngu009.slurm
#	inbox/gpucheck_ngu101.slurm
#	payload/id29-nearing2022-da/closure_v12.tar.gz
#	payload/id29-nearing2022-da/closure_v13.tar.gz
#	payload/id29-nearing2022-da/gate_preflight_v1.tar.gz
#	runner.log
#	runner2.log
nothing added to commit but untracked files present (use "git add" to track)
[ERROR] push failed: a02/18 (result kept in staging, will retry push only)
[Sat Sep  5 21:42:36 CST 2026] --- retry push only: channel=a02 seq=18 ---
[Sat Sep  5 21:42:36 CST 2026] --- start channel=id33-transformer-recipe-repair seq=24 ---
[Sat Sep  5 21:42:36 CST 2026] --- start channel=zhenjiang-six-source-four-target-ukf seq=76 ---
# On branch hpc-mailbox
# Your branch is ahead of 'origin/hpc-mailbox' by 1 commit.
#   (use "git push" to publish your local commits)
#
# Untracked files:
#   (use "git add <file>..." to include in what will be committed)
#
#	inbox/autoresearch-64/hbv_lite_64_prospective_seq62.slurm
#	inbox/gpucheck_ngu009.slurm
#	inbox/gpucheck_ngu101.slurm
#	payload/id29-nearing2022-da/closure_v12.tar.gz
#	payload/id29-nearing2022-da/closure_v13.tar.gz
#	payload/id29-nearing2022-da/gate_preflight_v1.tar.gz
#	runner.log
#	runner2.log
nothing added to commit but untracked files present (use "git add" to track)
[ERROR] push failed: a02/18 (result kept in staging, will retry push only)
[Sat Sep  5 21:44:16 CST 2026] done channel=zhenjiang-six-source-four-target-ukf seq=76 rc=0
[Sat Sep  5 21:44:17 CST 2026] --- retry push only: channel=a02 seq=18 ---
[Sat Sep  5 21:44:46 CST 2026] done channel=id33-transformer-recipe-repair seq=24 rc=0
# On branch hpc-mailbox
# Your branch is ahead of 'origin/hpc-mailbox' by 1 commit.
#   (use "git push" to publish your local commits)
#
# Untracked files:
#   (use "git add <file>..." to include in what will be committed)
#
#	inbox/autoresearch-64/hbv_lite_64_prospective_seq62.slurm
#	inbox/gpucheck_ngu009.slurm
#	inbox/gpucheck_ngu101.slurm
#	payload/id29-nearing2022-da/closure_v12.tar.gz
#	payload/id29-nearing2022-da/closure_v13.tar.gz
#	payload/id29-nearing2022-da/gate_preflight_v1.tar.gz
#	runner.log
#	runner2.log
nothing added to commit but untracked files present (use "git add" to track)
[ERROR] push failed: a02/18 (result kept in staging, will retry push only)
[Sat Sep  5 21:46:33 CST 2026] --- retry push only: channel=a02 seq=18 ---
# On branch hpc-mailbox
# Your branch is ahead of 'origin/hpc-mailbox' by 1 commit.
#   (use "git push" to publish your local commits)
#
# Untracked files:
#   (use "git add <file>..." to include in what will be committed)
#
#	inbox/autoresearch-64/hbv_lite_64_prospective_seq62.slurm
#	inbox/gpucheck_ngu009.slurm
#	inbox/gpucheck_ngu101.slurm
#	payload/id29-nearing2022-da/closure_v12.tar.gz
#	payload/id29-nearing2022-da/closure_v13.tar.gz
#	payload/id29-nearing2022-da/gate_preflight_v1.tar.gz
#	runner.log
#	runner2.log
nothing added to commit but untracked files present (use "git add" to track)
[ERROR] push failed: a02/18 (result kept in staging, will retry push only)
[Sat Sep  5 21:48:15 CST 2026] --- retry push only: channel=a02 seq=18 ---
# On branch hpc-mailbox
# Your branch is ahead of 'origin/hpc-mailbox' by 1 commit.
#   (use "git push" to publish your local commits)
#
# Untracked files:
#   (use "git add <file>..." to include in what will be committed)
#
#	inbox/autoresearch-64/hbv_lite_64_prospective_seq62.slurm
#	inbox/gpucheck_ngu009.slurm
#	inbox/gpucheck_ngu101.slurm
#	payload/id29-nearing2022-da/closure_v12.tar.gz
#	payload/id29-nearing2022-da/closure_v13.tar.gz
#	payload/id29-nearing2022-da/gate_preflight_v1.tar.gz
#	runner.log
#	runner2.log
nothing added to commit but untracked files present (use "git add" to track)
[ERROR] push failed: a02/18 (result kept in staging, will retry push only)
[Sat Sep  5 21:49:56 CST 2026] --- retry push only: channel=a02 seq=18 ---
# On branch hpc-mailbox
# Your branch is ahead of 'origin/hpc-mailbox' by 1 commit.
#   (use "git push" to publish your local commits)
#
# Untracked files:
#   (use "git add <file>..." to include in what will be committed)
#
#	inbox/autoresearch-64/hbv_lite_64_prospective_seq62.slurm
#	inbox/gpucheck_ngu009.slurm
#	inbox/gpucheck_ngu101.slurm
#	payload/id29-nearing2022-da/closure_v12.tar.gz
#	payload/id29-nearing2022-da/closure_v13.tar.gz
#	payload/id29-nearing2022-da/gate_preflight_v1.tar.gz
#	runner.log
#	runner2.log
nothing added to commit but untracked files present (use "git add" to track)
[ERROR] push failed: a02/18 (result kept in staging, will retry push only)
[Sat Sep  5 21:51:37 CST 2026] --- retry push only: channel=a02 seq=18 ---
# On branch hpc-mailbox
# Your branch is ahead of 'origin/hpc-mailbox' by 1 commit.
#   (use "git push" to publish your local commits)
#
# Untracked files:
#   (use "git add <file>..." to include in what will be committed)
#
#	inbox/autoresearch-64/hbv_lite_64_prospective_seq62.slurm
#	inbox/gpucheck_ngu009.slurm
#	inbox/gpucheck_ngu101.slurm
#	payload/id29-nearing2022-da/closure_v12.tar.gz
#	payload/id29-nearing2022-da/closure_v13.tar.gz
#	payload/id29-nearing2022-da/gate_preflight_v1.tar.gz
#	runner.log
#	runner2.log
nothing added to commit but untracked files present (use "git add" to track)
[ERROR] push failed: a02/18 (result kept in staging, will retry push only)
[Sat Sep  5 21:53:19 CST 2026] --- retry push only: channel=a02 seq=18 ---
# On branch hpc-mailbox
# Your branch is ahead of 'origin/hpc-mailbox' by 1 commit.
#   (use "git push" to publish your local commits)
#
# Untracked files:
#   (use "git add <file>..." to include in what will be committed)
#
#	inbox/autoresearch-64/hbv_lite_64_prospective_seq62.slurm
#	inbox/gpucheck_ngu009.slurm
#	inbox/gpucheck_ngu101.slurm
#	payload/id29-nearing2022-da/closure_v12.tar.gz
#	payload/id29-nearing2022-da/closure_v13.tar.gz
#	payload/id29-nearing2022-da/gate_preflight_v1.tar.gz
#	runner.log
#	runner2.log
nothing added to commit but untracked files present (use "git add" to track)
[ERROR] push failed: a02/18 (result kept in staging, will retry push only)
[Sat Sep  5 21:55:02 CST 2026] --- retry push only: channel=a02 seq=18 ---
# On branch hpc-mailbox
# Your branch is ahead of 'origin/hpc-mailbox' by 1 commit.
#   (use "git push" to publish your local commits)
#
# Untracked files:
#   (use "git add <file>..." to include in what will be committed)
#
#	inbox/autoresearch-64/hbv_lite_64_prospective_seq62.slurm
#	inbox/gpucheck_ngu009.slurm
#	inbox/gpucheck_ngu101.slurm
#	payload/id29-nearing2022-da/closure_v12.tar.gz
#	payload/id29-nearing2022-da/closure_v13.tar.gz
#	payload/id29-nearing2022-da/gate_preflight_v1.tar.gz
#	runner.log
#	runner2.log
nothing added to commit but untracked files present (use "git add" to track)
[ERROR] push failed: a02/18 (result kept in staging, will retry push only)
[Sat Sep  5 21:56:44 CST 2026] --- retry push only: channel=a02 seq=18 ---
# On branch hpc-mailbox
# Your branch is ahead of 'origin/hpc-mailbox' by 1 commit.
#   (use "git push" to publish your local commits)
#
# Untracked files:
#   (use "git add <file>..." to include in what will be committed)
#
#	inbox/autoresearch-64/hbv_lite_64_prospective_seq62.slurm
#	inbox/gpucheck_ngu009.slurm
#	inbox/gpucheck_ngu101.slurm
#	payload/id29-nearing2022-da/closure_v12.tar.gz
#	payload/id29-nearing2022-da/closure_v13.tar.gz
#	payload/id29-nearing2022-da/gate_preflight_v1.tar.gz
#	runner.log
#	runner2.log
nothing added to commit but untracked files present (use "git add" to track)
[ERROR] push failed: a02/18 (result kept in staging, will retry push only)
[Sat Sep  5 21:58:26 CST 2026] --- retry push only: channel=a02 seq=18 ---
[Sat Sep  5 21:58:26 CST 2026] --- start channel=attrswap-daily seq=1 ---
[Sat Sep  5 21:58:26 CST 2026] --- start channel=kalmannet-wrr-hp-extension seq=19 ---
# On branch hpc-mailbox
# Your branch is ahead of 'origin/hpc-mailbox' by 1 commit.
#   (use "git push" to publish your local commits)
#
# Untracked files:
#   (use "git add <file>..." to include in what will be committed)
#
#	inbox/autoresearch-64/hbv_lite_64_prospective_seq62.slurm
#	inbox/gpucheck_ngu009.slurm
#	inbox/gpucheck_ngu101.slurm
#	payload/id29-nearing2022-da/closure_v12.tar.gz
#	payload/id29-nearing2022-da/closure_v13.tar.gz
#	payload/id29-nearing2022-da/gate_preflight_v1.tar.gz
#	runner.log
#	runner2.log
nothing added to commit but untracked files present (use "git add" to track)
[ERROR] push failed: a02/18 (result kept in staging, will retry push only)
[Sat Sep  5 22:00:06 CST 2026] done channel=kalmannet-wrr-hp-extension seq=19 rc=0
[Sat Sep  5 22:00:07 CST 2026] --- retry push only: channel=a02 seq=18 ---
[Sat Sep  5 22:00:36 CST 2026] done channel=attrswap-daily seq=1 rc=0
# On branch hpc-mailbox
# Your branch is ahead of 'origin/hpc-mailbox' by 1 commit.
#   (use "git push" to publish your local commits)
#
# Untracked files:
#   (use "git add <file>..." to include in what will be committed)
#
#	inbox/autoresearch-64/hbv_lite_64_prospective_seq62.slurm
#	inbox/gpucheck_ngu009.slurm
#	inbox/gpucheck_ngu101.slurm
#	payload/id29-nearing2022-da/closure_v12.tar.gz
#	payload/id29-nearing2022-da/closure_v13.tar.gz
#	payload/id29-nearing2022-da/gate_preflight_v1.tar.gz
#	runner.log
#	runner2.log
nothing added to commit but untracked files present (use "git add" to track)
[ERROR] push failed: a02/18 (result kept in staging, will retry push only)
[Sat Sep  5 22:02:25 CST 2026] --- retry push only: channel=a02 seq=18 ---
# On branch hpc-mailbox
# Your branch is ahead of 'origin/hpc-mailbox' by 1 commit.
#   (use "git push" to publish your local commits)
#
# Untracked files:
#   (use "git add <file>..." to include in what will be committed)
#
#	inbox/autoresearch-64/hbv_lite_64_prospective_seq62.slurm
#	inbox/gpucheck_ngu009.slurm
#	inbox/gpucheck_ngu101.slurm
#	payload/id29-nearing2022-da/closure_v12.tar.gz
#	payload/id29-nearing2022-da/closure_v13.tar.gz
#	payload/id29-nearing2022-da/gate_preflight_v1.tar.gz
#	runner.log
#	runner2.log
nothing added to commit but untracked files present (use "git add" to track)
[ERROR] push failed: a02/18 (result kept in staging, will retry push only)
[Sat Sep  5 22:04:07 CST 2026] --- retry push only: channel=a02 seq=18 ---
# On branch hpc-mailbox
# Your branch is ahead of 'origin/hpc-mailbox' by 1 commit.
#   (use "git push" to publish your local commits)
#
# Untracked files:
#   (use "git add <file>..." to include in what will be committed)
#
#	inbox/autoresearch-64/hbv_lite_64_prospective_seq62.slurm
#	inbox/gpucheck_ngu009.slurm
#	inbox/gpucheck_ngu101.slurm
#	payload/id29-nearing2022-da/closure_v12.tar.gz
#	payload/id29-nearing2022-da/closure_v13.tar.gz
#	payload/id29-nearing2022-da/gate_preflight_v1.tar.gz
#	runner.log
#	runner2.log
nothing added to commit but untracked files present (use "git add" to track)
[ERROR] push failed: a02/18 (result kept in staging, will retry push only)
[Sat Sep  5 22:05:48 CST 2026] --- retry push only: channel=a02 seq=18 ---
# On branch hpc-mailbox
# Your branch is ahead of 'origin/hpc-mailbox' by 1 commit.
#   (use "git push" to publish your local commits)
#
# Untracked files:
#   (use "git add <file>..." to include in what will be committed)
#
#	inbox/autoresearch-64/hbv_lite_64_prospective_seq62.slurm
#	inbox/gpucheck_ngu009.slurm
#	inbox/gpucheck_ngu101.slurm
#	payload/id29-nearing2022-da/closure_v12.tar.gz
#	payload/id29-nearing2022-da/closure_v13.tar.gz
#	payload/id29-nearing2022-da/gate_preflight_v1.tar.gz
#	runner.log
#	runner2.log
nothing added to commit but untracked files present (use "git add" to track)
[ERROR] push failed: a02/18 (result kept in staging, will retry push only)
[Sat Sep  5 22:07:30 CST 2026] --- retry push only: channel=a02 seq=18 ---
# On branch hpc-mailbox
# Your branch is ahead of 'origin/hpc-mailbox' by 1 commit.
#   (use "git push" to publish your local commits)
#
# Untracked files:
#   (use "git add <file>..." to include in what will be committed)
#
#	inbox/autoresearch-64/hbv_lite_64_prospective_seq62.slurm
#	inbox/gpucheck_ngu009.slurm
#	inbox/gpucheck_ngu101.slurm
#	payload/id29-nearing2022-da/closure_v12.tar.gz
#	payload/id29-nearing2022-da/closure_v13.tar.gz
#	payload/id29-nearing2022-da/gate_preflight_v1.tar.gz
#	runner.log
#	runner2.log
nothing added to commit but untracked files present (use "git add" to track)
[ERROR] push failed: a02/18 (result kept in staging, will retry push only)
[Sat Sep  5 22:09:11 CST 2026] --- retry push only: channel=a02 seq=18 ---
# On branch hpc-mailbox
# Your branch is ahead of 'origin/hpc-mailbox' by 1 commit.
#   (use "git push" to publish your local commits)
#
# Untracked files:
#   (use "git add <file>..." to include in what will be committed)
#
#	inbox/autoresearch-64/hbv_lite_64_prospective_seq62.slurm
#	inbox/gpucheck_ngu009.slurm
#	inbox/gpucheck_ngu101.slurm
#	payload/id29-nearing2022-da/closure_v12.tar.gz
#	payload/id29-nearing2022-da/closure_v13.tar.gz
#	payload/id29-nearing2022-da/gate_preflight_v1.tar.gz
#	runner.log
#	runner2.log
nothing added to commit but untracked files present (use "git add" to track)
[ERROR] push failed: a02/18 (result kept in staging, will retry push only)
[Sat Sep  5 22:10:53 CST 2026] --- retry push only: channel=a02 seq=18 ---
# On branch hpc-mailbox
# Your branch is ahead of 'origin/hpc-mailbox' by 1 commit.
#   (use "git push" to publish your local commits)
#
# Untracked files:
#   (use "git add <file>..." to include in what will be committed)
#
#	inbox/autoresearch-64/hbv_lite_64_prospective_seq62.slurm
#	inbox/gpucheck_ngu009.slurm
#	inbox/gpucheck_ngu101.slurm
#	payload/id29-nearing2022-da/closure_v12.tar.gz
#	payload/id29-nearing2022-da/closure_v13.tar.gz
#	payload/id29-nearing2022-da/gate_preflight_v1.tar.gz
#	runner.log
#	runner2.log
nothing added to commit but untracked files present (use "git add" to track)
[ERROR] push failed: a02/18 (result kept in staging, will retry push only)
[Sat Sep  5 22:12:35 CST 2026] --- retry push only: channel=a02 seq=18 ---
# On branch hpc-mailbox
# Your branch is ahead of 'origin/hpc-mailbox' by 1 commit.
#   (use "git push" to publish your local commits)
#
# Untracked files:
#   (use "git add <file>..." to include in what will be committed)
#
#	inbox/autoresearch-64/hbv_lite_64_prospective_seq62.slurm
#	inbox/gpucheck_ngu009.slurm
#	inbox/gpucheck_ngu101.slurm
#	payload/id29-nearing2022-da/closure_v12.tar.gz
#	payload/id29-nearing2022-da/closure_v13.tar.gz
#	payload/id29-nearing2022-da/gate_preflight_v1.tar.gz
#	runner.log
#	runner2.log
nothing added to commit but untracked files present (use "git add" to track)
[ERROR] push failed: a02/18 (result kept in staging, will retry push only)
[Sat Sep  5 22:14:17 CST 2026] --- retry push only: channel=a02 seq=18 ---
# On branch hpc-mailbox
# Your branch is ahead of 'origin/hpc-mailbox' by 1 commit.
#   (use "git push" to publish your local commits)
#
# Untracked files:
#   (use "git add <file>..." to include in what will be committed)
#
#	inbox/autoresearch-64/hbv_lite_64_prospective_seq62.slurm
#	inbox/gpucheck_ngu009.slurm
#	inbox/gpucheck_ngu101.slurm
#	payload/id29-nearing2022-da/closure_v12.tar.gz
#	payload/id29-nearing2022-da/closure_v13.tar.gz
#	payload/id29-nearing2022-da/gate_preflight_v1.tar.gz
#	runner.log
#	runner2.log
nothing added to commit but untracked files present (use "git add" to track)
[ERROR] push failed: a02/18 (result kept in staging, will retry push only)
[Sat Sep  5 22:15:59 CST 2026] --- retry push only: channel=a02 seq=18 ---
# On branch hpc-mailbox
# Your branch is ahead of 'origin/hpc-mailbox' by 1 commit.
#   (use "git push" to publish your local commits)
#
# Untracked files:
#   (use "git add <file>..." to include in what will be committed)
#
#	inbox/autoresearch-64/hbv_lite_64_prospective_seq62.slurm
#	inbox/gpucheck_ngu009.slurm
#	inbox/gpucheck_ngu101.slurm
#	payload/id29-nearing2022-da/closure_v12.tar.gz
#	payload/id29-nearing2022-da/closure_v13.tar.gz
#	payload/id29-nearing2022-da/gate_preflight_v1.tar.gz
#	runner.log
#	runner2.log
nothing added to commit but untracked files present (use "git add" to track)
[ERROR] push failed: a02/18 (result kept in staging, will retry push only)
[Sat Sep  5 22:17:43 CST 2026] --- retry push only: channel=a02 seq=18 ---
[Sat Sep  5 22:17:43 CST 2026] --- start channel=zhenjiang-six-source-four-target-ukf seq=77 ---
# On branch hpc-mailbox
# Your branch is ahead of 'origin/hpc-mailbox' by 1 commit.
#   (use "git push" to publish your local commits)
#
# Untracked files:
#   (use "git add <file>..." to include in what will be committed)
#
#	inbox/autoresearch-64/hbv_lite_64_prospective_seq62.slurm
#	inbox/gpucheck_ngu009.slurm
#	inbox/gpucheck_ngu101.slurm
#	payload/id29-nearing2022-da/closure_v12.tar.gz
#	payload/id29-nearing2022-da/closure_v13.tar.gz
#	payload/id29-nearing2022-da/gate_preflight_v1.tar.gz
#	runner.log
#	runner2.log
nothing added to commit but untracked files present (use "git add" to track)
[ERROR] push failed: a02/18 (result kept in staging, will retry push only)
[Sat Sep  5 22:19:24 CST 2026] done channel=zhenjiang-six-source-four-target-ukf seq=77 rc=0
[Sat Sep  5 22:19:25 CST 2026] --- retry push only: channel=a02 seq=18 ---
# On branch hpc-mailbox
# Your branch is ahead of 'origin/hpc-mailbox' by 1 commit.
#   (use "git push" to publish your local commits)
#
# Untracked files:
#   (use "git add <file>..." to include in what will be committed)
#
#	inbox/autoresearch-64/hbv_lite_64_prospective_seq62.slurm
#	inbox/gpucheck_ngu009.slurm
#	inbox/gpucheck_ngu101.slurm
#	payload/id29-nearing2022-da/closure_v12.tar.gz
#	payload/id29-nearing2022-da/closure_v13.tar.gz
#	payload/id29-nearing2022-da/gate_preflight_v1.tar.gz
#	runner.log
#	runner2.log
nothing added to commit but untracked files present (use "git add" to track)
[ERROR] push failed: a02/18 (result kept in staging, will retry push only)
[Sat Sep  5 22:21:06 CST 2026] --- retry push only: channel=a02 seq=18 ---
# On branch hpc-mailbox
# Your branch is ahead of 'origin/hpc-mailbox' by 1 commit.
#   (use "git push" to publish your local commits)
#
# Untracked files:
#   (use "git add <file>..." to include in what will be committed)
#
#	inbox/autoresearch-64/hbv_lite_64_prospective_seq62.slurm
#	inbox/gpucheck_ngu009.slurm
#	inbox/gpucheck_ngu101.slurm
#	payload/id29-nearing2022-da/closure_v12.tar.gz
#	payload/id29-nearing2022-da/closure_v13.tar.gz
#	payload/id29-nearing2022-da/gate_preflight_v1.tar.gz
#	runner.log
#	runner2.log
nothing added to commit but untracked files present (use "git add" to track)
[ERROR] push failed: a02/18 (result kept in staging, will retry push only)
[Sat Sep  5 22:22:48 CST 2026] --- retry push only: channel=a02 seq=18 ---
# On branch hpc-mailbox
# Your branch is ahead of 'origin/hpc-mailbox' by 1 commit.
#   (use "git push" to publish your local commits)
#
# Untracked files:
#   (use "git add <file>..." to include in what will be committed)
#
#	inbox/autoresearch-64/hbv_lite_64_prospective_seq62.slurm
#	inbox/gpucheck_ngu009.slurm
#	inbox/gpucheck_ngu101.slurm
#	payload/id29-nearing2022-da/closure_v12.tar.gz
#	payload/id29-nearing2022-da/closure_v13.tar.gz
#	payload/id29-nearing2022-da/gate_preflight_v1.tar.gz
#	runner.log
#	runner2.log
nothing added to commit but untracked files present (use "git add" to track)
[ERROR] push failed: a02/18 (result kept in staging, will retry push only)
[Sat Sep  5 22:24:32 CST 2026] --- retry push only: channel=a02 seq=18 ---
# On branch hpc-mailbox
# Your branch is ahead of 'origin/hpc-mailbox' by 1 commit.
#   (use "git push" to publish your local commits)
#
# Untracked files:
#   (use "git add <file>..." to include in what will be committed)
#
#	inbox/autoresearch-64/hbv_lite_64_prospective_seq62.slurm
#	inbox/gpucheck_ngu009.slurm
#	inbox/gpucheck_ngu101.slurm
#	payload/id29-nearing2022-da/closure_v12.tar.gz
#	payload/id29-nearing2022-da/closure_v13.tar.gz
#	payload/id29-nearing2022-da/gate_preflight_v1.tar.gz
#	runner.log
#	runner2.log
nothing added to commit but untracked files present (use "git add" to track)
[ERROR] push failed: a02/18 (result kept in staging, will retry push only)
[Sat Sep  5 22:26:16 CST 2026] --- retry push only: channel=a02 seq=18 ---
[Sat Sep  5 22:26:16 CST 2026] --- start channel=zhenjiang-six-source-four-target-ukf seq=78 ---
# On branch hpc-mailbox
# Your branch is ahead of 'origin/hpc-mailbox' by 1 commit.
#   (use "git push" to publish your local commits)
#
# Untracked files:
#   (use "git add <file>..." to include in what will be committed)
#
#	inbox/autoresearch-64/hbv_lite_64_prospective_seq62.slurm
#	inbox/gpucheck_ngu009.slurm
#	inbox/gpucheck_ngu101.slurm
#	payload/id29-nearing2022-da/closure_v12.tar.gz
#	payload/id29-nearing2022-da/closure_v13.tar.gz
#	payload/id29-nearing2022-da/gate_preflight_v1.tar.gz
#	runner.log
#	runner2.log
nothing added to commit but untracked files present (use "git add" to track)
[ERROR] push failed: a02/18 (result kept in staging, will retry push only)
[Sat Sep  5 22:27:57 CST 2026] done channel=zhenjiang-six-source-four-target-ukf seq=78 rc=0
[Sat Sep  5 22:27:58 CST 2026] --- retry push only: channel=a02 seq=18 ---
# On branch hpc-mailbox
# Your branch is ahead of 'origin/hpc-mailbox' by 1 commit.
#   (use "git push" to publish your local commits)
#
# Untracked files:
#   (use "git add <file>..." to include in what will be committed)
#
#	inbox/autoresearch-64/hbv_lite_64_prospective_seq62.slurm
#	inbox/gpucheck_ngu009.slurm
#	inbox/gpucheck_ngu101.slurm
#	payload/id29-nearing2022-da/closure_v12.tar.gz
#	payload/id29-nearing2022-da/closure_v13.tar.gz
#	payload/id29-nearing2022-da/gate_preflight_v1.tar.gz
#	runner.log
#	runner2.log
nothing added to commit but untracked files present (use "git add" to track)
[ERROR] push failed: a02/18 (result kept in staging, will retry push only)
[Sat Sep  5 22:29:41 CST 2026] --- retry push only: channel=a02 seq=18 ---
# On branch hpc-mailbox
# Your branch is ahead of 'origin/hpc-mailbox' by 1 commit.
#   (use "git push" to publish your local commits)
#
# Untracked files:
#   (use "git add <file>..." to include in what will be committed)
#
#	inbox/autoresearch-64/hbv_lite_64_prospective_seq62.slurm
#	inbox/gpucheck_ngu009.slurm
#	inbox/gpucheck_ngu101.slurm
#	payload/id29-nearing2022-da/closure_v12.tar.gz
#	payload/id29-nearing2022-da/closure_v13.tar.gz
#	payload/id29-nearing2022-da/gate_preflight_v1.tar.gz
#	runner.log
#	runner2.log
nothing added to commit but untracked files present (use "git add" to track)
[ERROR] push failed: a02/18 (result kept in staging, will retry push only)
[Sat Sep  5 22:31:22 CST 2026] --- retry push only: channel=a02 seq=18 ---
# On branch hpc-mailbox
# Your branch is ahead of 'origin/hpc-mailbox' by 1 commit.
#   (use "git push" to publish your local commits)
#
# Untracked files:
#   (use "git add <file>..." to include in what will be committed)
#
#	inbox/autoresearch-64/hbv_lite_64_prospective_seq62.slurm
#	inbox/gpucheck_ngu009.slurm
#	inbox/gpucheck_ngu101.slurm
#	payload/id29-nearing2022-da/closure_v12.tar.gz
#	payload/id29-nearing2022-da/closure_v13.tar.gz
#	payload/id29-nearing2022-da/gate_preflight_v1.tar.gz
#	runner.log
#	runner2.log
nothing added to commit but untracked files present (use "git add" to track)
[ERROR] push failed: a02/18 (result kept in staging, will retry push only)
[Sat Sep  5 22:33:04 CST 2026] --- retry push only: channel=a02 seq=18 ---
# On branch hpc-mailbox
# Your branch is ahead of 'origin/hpc-mailbox' by 1 commit.
#   (use "git push" to publish your local commits)
#
# Untracked files:
#   (use "git add <file>..." to include in what will be committed)
#
#	inbox/autoresearch-64/hbv_lite_64_prospective_seq62.slurm
#	inbox/gpucheck_ngu009.slurm
#	inbox/gpucheck_ngu101.slurm
#	payload/id29-nearing2022-da/closure_v12.tar.gz
#	payload/id29-nearing2022-da/closure_v13.tar.gz
#	payload/id29-nearing2022-da/gate_preflight_v1.tar.gz
#	runner.log
#	runner2.log
nothing added to commit but untracked files present (use "git add" to track)
[ERROR] push failed: a02/18 (result kept in staging, will retry push only)
[Sat Sep  5 22:34:46 CST 2026] --- retry push only: channel=a02 seq=18 ---
# On branch hpc-mailbox
# Your branch is ahead of 'origin/hpc-mailbox' by 1 commit.
#   (use "git push" to publish your local commits)
#
# Untracked files:
#   (use "git add <file>..." to include in what will be committed)
#
#	inbox/autoresearch-64/hbv_lite_64_prospective_seq62.slurm
#	inbox/gpucheck_ngu009.slurm
#	inbox/gpucheck_ngu101.slurm
#	payload/id29-nearing2022-da/closure_v12.tar.gz
#	payload/id29-nearing2022-da/closure_v13.tar.gz
#	payload/id29-nearing2022-da/gate_preflight_v1.tar.gz
#	runner.log
#	runner2.log
nothing added to commit but untracked files present (use "git add" to track)
[ERROR] push failed: a02/18 (result kept in staging, will retry push only)
[Sat Sep  5 22:36:31 CST 2026] --- retry push only: channel=a02 seq=18 ---
[Sat Sep  5 22:36:31 CST 2026] --- start channel=attrswap-daily seq=2 ---
# On branch hpc-mailbox
# Your branch is ahead of 'origin/hpc-mailbox' by 1 commit.
#   (use "git push" to publish your local commits)
#
# Untracked files:
#   (use "git add <file>..." to include in what will be committed)
#
#	inbox/autoresearch-64/hbv_lite_64_prospective_seq62.slurm
#	inbox/gpucheck_ngu009.slurm
#	inbox/gpucheck_ngu101.slurm
#	payload/id29-nearing2022-da/closure_v12.tar.gz
#	payload/id29-nearing2022-da/closure_v13.tar.gz
#	payload/id29-nearing2022-da/gate_preflight_v1.tar.gz
#	runner.log
#	runner2.log
nothing added to commit but untracked files present (use "git add" to track)
[ERROR] push failed: a02/18 (result kept in staging, will retry push only)
[Sat Sep  5 22:38:11 CST 2026] done channel=attrswap-daily seq=2 rc=0
[Sat Sep  5 22:38:13 CST 2026] --- retry push only: channel=a02 seq=18 ---
# On branch hpc-mailbox
# Your branch is ahead of 'origin/hpc-mailbox' by 1 commit.
#   (use "git push" to publish your local commits)
#
# Untracked files:
#   (use "git add <file>..." to include in what will be committed)
#
#	inbox/autoresearch-64/hbv_lite_64_prospective_seq62.slurm
#	inbox/gpucheck_ngu009.slurm
#	inbox/gpucheck_ngu101.slurm
#	payload/id29-nearing2022-da/closure_v12.tar.gz
#	payload/id29-nearing2022-da/closure_v13.tar.gz
#	payload/id29-nearing2022-da/gate_preflight_v1.tar.gz
#	runner.log
#	runner2.log
nothing added to commit but untracked files present (use "git add" to track)
[ERROR] push failed: a02/18 (result kept in staging, will retry push only)
[Sat Sep  5 22:39:54 CST 2026] --- retry push only: channel=a02 seq=18 ---
# On branch hpc-mailbox
# Your branch is ahead of 'origin/hpc-mailbox' by 1 commit.
#   (use "git push" to publish your local commits)
#
# Untracked files:
#   (use "git add <file>..." to include in what will be committed)
#
#	inbox/autoresearch-64/hbv_lite_64_prospective_seq62.slurm
#	inbox/gpucheck_ngu009.slurm
#	inbox/gpucheck_ngu101.slurm
#	payload/id29-nearing2022-da/closure_v12.tar.gz
#	payload/id29-nearing2022-da/closure_v13.tar.gz
#	payload/id29-nearing2022-da/gate_preflight_v1.tar.gz
#	runner.log
#	runner2.log
nothing added to commit but untracked files present (use "git add" to track)
[ERROR] push failed: a02/18 (result kept in staging, will retry push only)
[Sat Sep  5 22:41:36 CST 2026] --- retry push only: channel=a02 seq=18 ---
# On branch hpc-mailbox
# Your branch is ahead of 'origin/hpc-mailbox' by 1 commit.
#   (use "git push" to publish your local commits)
#
# Untracked files:
#   (use "git add <file>..." to include in what will be committed)
#
#	inbox/autoresearch-64/hbv_lite_64_prospective_seq62.slurm
#	inbox/gpucheck_ngu009.slurm
#	inbox/gpucheck_ngu101.slurm
#	payload/id29-nearing2022-da/closure_v12.tar.gz
#	payload/id29-nearing2022-da/closure_v13.tar.gz
#	payload/id29-nearing2022-da/gate_preflight_v1.tar.gz
#	runner.log
#	runner2.log
nothing added to commit but untracked files present (use "git add" to track)
[Sat Sep  5 22:42:49 CST 2026] --- start channel=kalmannet-daily-perbasin seq=34 ---
[ERROR] push failed: a02/18 (result kept in staging, will retry push only)
[Sat Sep  5 22:43:23 CST 2026] --- retry push only: channel=a02 seq=18 ---
[Sat Sep  5 22:43:27 CST 2026] done channel=kalmannet-daily-perbasin seq=34 rc=0
# On branch hpc-mailbox
# Your branch is ahead of 'origin/hpc-mailbox' by 1 commit.
#   (use "git push" to publish your local commits)
#
# Untracked files:
#   (use "git add <file>..." to include in what will be committed)
#
#	inbox/autoresearch-64/hbv_lite_64_prospective_seq62.slurm
#	inbox/gpucheck_ngu009.slurm
#	inbox/gpucheck_ngu101.slurm
#	payload/id29-nearing2022-da/closure_v12.tar.gz
#	payload/id29-nearing2022-da/closure_v13.tar.gz
#	payload/id29-nearing2022-da/gate_preflight_v1.tar.gz
#	runner.log
#	runner2.log
nothing added to commit but untracked files present (use "git add" to track)
[ERROR] push failed: a02/18 (result kept in staging, will retry push only)
[Sat Sep  5 22:45:07 CST 2026] --- retry push only: channel=a02 seq=18 ---
# On branch hpc-mailbox
# Your branch is ahead of 'origin/hpc-mailbox' by 1 commit.
#   (use "git push" to publish your local commits)
#
# Untracked files:
#   (use "git add <file>..." to include in what will be committed)
#
#	inbox/autoresearch-64/hbv_lite_64_prospective_seq62.slurm
#	inbox/gpucheck_ngu009.slurm
#	inbox/gpucheck_ngu101.slurm
#	payload/id29-nearing2022-da/closure_v12.tar.gz
#	payload/id29-nearing2022-da/closure_v13.tar.gz
#	payload/id29-nearing2022-da/gate_preflight_v1.tar.gz
#	runner.log
#	runner2.log
nothing added to commit but untracked files present (use "git add" to track)
[ERROR] push failed: a02/18 (result kept in staging, will retry push only)
[Sat Sep  5 22:46:48 CST 2026] --- retry push only: channel=a02 seq=18 ---
# On branch hpc-mailbox
# Your branch is ahead of 'origin/hpc-mailbox' by 1 commit.
#   (use "git push" to publish your local commits)
#
# Untracked files:
#   (use "git add <file>..." to include in what will be committed)
#
#	inbox/autoresearch-64/hbv_lite_64_prospective_seq62.slurm
#	inbox/gpucheck_ngu009.slurm
#	inbox/gpucheck_ngu101.slurm
#	payload/id29-nearing2022-da/closure_v12.tar.gz
#	payload/id29-nearing2022-da/closure_v13.tar.gz
#	payload/id29-nearing2022-da/gate_preflight_v1.tar.gz
#	runner.log
#	runner2.log
nothing added to commit but untracked files present (use "git add" to track)
[ERROR] push failed: a02/18 (result kept in staging, will retry push only)
[Sat Sep  5 22:48:30 CST 2026] --- retry push only: channel=a02 seq=18 ---
# On branch hpc-mailbox
# Your branch is ahead of 'origin/hpc-mailbox' by 1 commit.
#   (use "git push" to publish your local commits)
#
# Untracked files:
#   (use "git add <file>..." to include in what will be committed)
#
#	inbox/autoresearch-64/hbv_lite_64_prospective_seq62.slurm
#	inbox/gpucheck_ngu009.slurm
#	inbox/gpucheck_ngu101.slurm
#	payload/id29-nearing2022-da/closure_v12.tar.gz
#	payload/id29-nearing2022-da/closure_v13.tar.gz
#	payload/id29-nearing2022-da/gate_preflight_v1.tar.gz
#	runner.log
#	runner2.log
nothing added to commit but untracked files present (use "git add" to track)
[ERROR] push failed: a02/18 (result kept in staging, will retry push only)
[Sat Sep  5 22:50:11 CST 2026] --- retry push only: channel=a02 seq=18 ---
# On branch hpc-mailbox
# Your branch is ahead of 'origin/hpc-mailbox' by 1 commit.
#   (use "git push" to publish your local commits)
#
# Untracked files:
#   (use "git add <file>..." to include in what will be committed)
#
#	inbox/autoresearch-64/hbv_lite_64_prospective_seq62.slurm
#	inbox/gpucheck_ngu009.slurm
#	inbox/gpucheck_ngu101.slurm
#	payload/id29-nearing2022-da/closure_v12.tar.gz
#	payload/id29-nearing2022-da/closure_v13.tar.gz
#	payload/id29-nearing2022-da/gate_preflight_v1.tar.gz
#	runner.log
#	runner2.log
nothing added to commit but untracked files present (use "git add" to track)
[ERROR] push failed: a02/18 (result kept in staging, will retry push only)
[Sat Sep  5 22:51:53 CST 2026] --- retry push only: channel=a02 seq=18 ---
# On branch hpc-mailbox
# Your branch is ahead of 'origin/hpc-mailbox' by 1 commit.
#   (use "git push" to publish your local commits)
#
# Untracked files:
#   (use "git add <file>..." to include in what will be committed)
#
#	inbox/autoresearch-64/hbv_lite_64_prospective_seq62.slurm
#	inbox/gpucheck_ngu009.slurm
#	inbox/gpucheck_ngu101.slurm
#	payload/id29-nearing2022-da/closure_v12.tar.gz
#	payload/id29-nearing2022-da/closure_v13.tar.gz
#	payload/id29-nearing2022-da/gate_preflight_v1.tar.gz
#	runner.log
#	runner2.log
nothing added to commit but untracked files present (use "git add" to track)
[ERROR] push failed: a02/18 (result kept in staging, will retry push only)
[Sat Sep  5 22:53:36 CST 2026] --- retry push only: channel=a02 seq=18 ---
[Sat Sep  5 22:53:36 CST 2026] --- start channel=attrswap-daily seq=3 ---
# On branch hpc-mailbox
# Your branch is ahead of 'origin/hpc-mailbox' by 1 commit.
#   (use "git push" to publish your local commits)
#
# Untracked files:
#   (use "git add <file>..." to include in what will be committed)
#
#	inbox/autoresearch-64/hbv_lite_64_prospective_seq62.slurm
#	inbox/gpucheck_ngu009.slurm
#	inbox/gpucheck_ngu101.slurm
#	payload/id29-nearing2022-da/closure_v12.tar.gz
#	payload/id29-nearing2022-da/closure_v13.tar.gz
#	payload/id29-nearing2022-da/gate_preflight_v1.tar.gz
#	runner.log
#	runner2.log
nothing added to commit but untracked files present (use "git add" to track)
[ERROR] push failed: a02/18 (result kept in staging, will retry push only)
[Sat Sep  5 22:55:17 CST 2026] --- retry push only: channel=a02 seq=18 ---
[Sat Sep  5 22:55:18 CST 2026] done channel=attrswap-daily seq=3 rc=0
# On branch hpc-mailbox
# Your branch is ahead of 'origin/hpc-mailbox' by 1 commit.
#   (use "git push" to publish your local commits)
#
# Untracked files:
#   (use "git add <file>..." to include in what will be committed)
#
#	inbox/autoresearch-64/hbv_lite_64_prospective_seq62.slurm
#	inbox/gpucheck_ngu009.slurm
#	inbox/gpucheck_ngu101.slurm
#	payload/id29-nearing2022-da/closure_v12.tar.gz
#	payload/id29-nearing2022-da/closure_v13.tar.gz
#	payload/id29-nearing2022-da/gate_preflight_v1.tar.gz
#	runner.log
#	runner2.log
nothing added to commit but untracked files present (use "git add" to track)
[ERROR] push failed: a02/18 (result kept in staging, will retry push only)
[Sat Sep  5 22:57:00 CST 2026] --- retry push only: channel=a02 seq=18 ---
# On branch hpc-mailbox
# Your branch is ahead of 'origin/hpc-mailbox' by 1 commit.
#   (use "git push" to publish your local commits)
#
# Untracked files:
#   (use "git add <file>..." to include in what will be committed)
#
#	inbox/autoresearch-64/hbv_lite_64_prospective_seq62.slurm
#	inbox/gpucheck_ngu009.slurm
#	inbox/gpucheck_ngu101.slurm
#	payload/id29-nearing2022-da/closure_v12.tar.gz
#	payload/id29-nearing2022-da/closure_v13.tar.gz
#	payload/id29-nearing2022-da/gate_preflight_v1.tar.gz
#	runner.log
#	runner2.log
nothing added to commit but untracked files present (use "git add" to track)
[ERROR] push failed: a02/18 (result kept in staging, will retry push only)
[Sat Sep  5 22:58:41 CST 2026] --- retry push only: channel=a02 seq=18 ---
# On branch hpc-mailbox
# Your branch is ahead of 'origin/hpc-mailbox' by 1 commit.
#   (use "git push" to publish your local commits)
#
# Untracked files:
#   (use "git add <file>..." to include in what will be committed)
#
#	inbox/autoresearch-64/hbv_lite_64_prospective_seq62.slurm
#	inbox/gpucheck_ngu009.slurm
#	inbox/gpucheck_ngu101.slurm
#	payload/id29-nearing2022-da/closure_v12.tar.gz
#	payload/id29-nearing2022-da/closure_v13.tar.gz
#	payload/id29-nearing2022-da/gate_preflight_v1.tar.gz
#	runner.log
#	runner2.log
nothing added to commit but untracked files present (use "git add" to track)
[ERROR] push failed: a02/18 (result kept in staging, will retry push only)
[Sat Sep  5 23:00:23 CST 2026] --- retry push only: channel=a02 seq=18 ---
# On branch hpc-mailbox
# Your branch is ahead of 'origin/hpc-mailbox' by 1 commit.
#   (use "git push" to publish your local commits)
#
# Untracked files:
#   (use "git add <file>..." to include in what will be committed)
#
#	inbox/autoresearch-64/hbv_lite_64_prospective_seq62.slurm
#	inbox/gpucheck_ngu009.slurm
#	inbox/gpucheck_ngu101.slurm
#	payload/id29-nearing2022-da/closure_v12.tar.gz
#	payload/id29-nearing2022-da/closure_v13.tar.gz
#	payload/id29-nearing2022-da/gate_preflight_v1.tar.gz
#	runner.log
#	runner2.log
nothing added to commit but untracked files present (use "git add" to track)
[ERROR] push failed: a02/18 (result kept in staging, will retry push only)
[Sat Sep  5 23:02:06 CST 2026] --- retry push only: channel=a02 seq=18 ---
# On branch hpc-mailbox
# Your branch is ahead of 'origin/hpc-mailbox' by 1 commit.
#   (use "git push" to publish your local commits)
#
# Untracked files:
#   (use "git add <file>..." to include in what will be committed)
#
#	inbox/autoresearch-64/hbv_lite_64_prospective_seq62.slurm
#	inbox/gpucheck_ngu009.slurm
#	inbox/gpucheck_ngu101.slurm
#	payload/id29-nearing2022-da/closure_v12.tar.gz
#	payload/id29-nearing2022-da/closure_v13.tar.gz
#	payload/id29-nearing2022-da/gate_preflight_v1.tar.gz
#	runner.log
#	runner2.log
nothing added to commit but untracked files present (use "git add" to track)
[ERROR] push failed: a02/18 (result kept in staging, will retry push only)
[Sat Sep  5 23:03:47 CST 2026] --- retry push only: channel=a02 seq=18 ---
# On branch hpc-mailbox
# Your branch is ahead of 'origin/hpc-mailbox' by 1 commit.
#   (use "git push" to publish your local commits)
#
# Untracked files:
#   (use "git add <file>..." to include in what will be committed)
#
#	inbox/autoresearch-64/hbv_lite_64_prospective_seq62.slurm
#	inbox/gpucheck_ngu009.slurm
#	inbox/gpucheck_ngu101.slurm
#	payload/id29-nearing2022-da/closure_v12.tar.gz
#	payload/id29-nearing2022-da/closure_v13.tar.gz
#	payload/id29-nearing2022-da/gate_preflight_v1.tar.gz
#	runner.log
#	runner2.log
nothing added to commit but untracked files present (use "git add" to track)
[ERROR] push failed: a02/18 (result kept in staging, will retry push only)
[Sat Sep  5 23:05:29 CST 2026] --- retry push only: channel=a02 seq=18 ---
# On branch hpc-mailbox
# Your branch is ahead of 'origin/hpc-mailbox' by 1 commit.
#   (use "git push" to publish your local commits)
#
# Untracked files:
#   (use "git add <file>..." to include in what will be committed)
#
#	inbox/autoresearch-64/hbv_lite_64_prospective_seq62.slurm
#	inbox/gpucheck_ngu009.slurm
#	inbox/gpucheck_ngu101.slurm
#	payload/id29-nearing2022-da/closure_v12.tar.gz
#	payload/id29-nearing2022-da/closure_v13.tar.gz
#	payload/id29-nearing2022-da/gate_preflight_v1.tar.gz
#	runner.log
#	runner2.log
nothing added to commit but untracked files present (use "git add" to track)
[ERROR] push failed: a02/18 (result kept in staging, will retry push only)
[Sat Sep  5 23:07:11 CST 2026] --- retry push only: channel=a02 seq=18 ---
# On branch hpc-mailbox
# Your branch is ahead of 'origin/hpc-mailbox' by 1 commit.
#   (use "git push" to publish your local commits)
#
# Untracked files:
#   (use "git add <file>..." to include in what will be committed)
#
#	inbox/autoresearch-64/hbv_lite_64_prospective_seq62.slurm
#	inbox/gpucheck_ngu009.slurm
#	inbox/gpucheck_ngu101.slurm
#	payload/id29-nearing2022-da/closure_v12.tar.gz
#	payload/id29-nearing2022-da/closure_v13.tar.gz
#	payload/id29-nearing2022-da/gate_preflight_v1.tar.gz
#	runner.log
#	runner2.log
nothing added to commit but untracked files present (use "git add" to track)
[ERROR] push failed: a02/18 (result kept in staging, will retry push only)
[Sat Sep  5 23:08:52 CST 2026] --- retry push only: channel=a02 seq=18 ---
# On branch hpc-mailbox
# Your branch is ahead of 'origin/hpc-mailbox' by 1 commit.
#   (use "git push" to publish your local commits)
#
# Untracked files:
#   (use "git add <file>..." to include in what will be committed)
#
#	inbox/autoresearch-64/hbv_lite_64_prospective_seq62.slurm
#	inbox/gpucheck_ngu009.slurm
#	inbox/gpucheck_ngu101.slurm
#	payload/id29-nearing2022-da/closure_v12.tar.gz
#	payload/id29-nearing2022-da/closure_v13.tar.gz
#	payload/id29-nearing2022-da/gate_preflight_v1.tar.gz
#	runner.log
#	runner2.log
nothing added to commit but untracked files present (use "git add" to track)
[ERROR] push failed: a02/18 (result kept in staging, will retry push only)
[Sat Sep  5 23:10:33 CST 2026] --- retry push only: channel=a02 seq=18 ---
# On branch hpc-mailbox
# Your branch is ahead of 'origin/hpc-mailbox' by 1 commit.
#   (use "git push" to publish your local commits)
#
# Untracked files:
#   (use "git add <file>..." to include in what will be committed)
#
#	inbox/autoresearch-64/hbv_lite_64_prospective_seq62.slurm
#	inbox/gpucheck_ngu009.slurm
#	inbox/gpucheck_ngu101.slurm
#	payload/id29-nearing2022-da/closure_v12.tar.gz
#	payload/id29-nearing2022-da/closure_v13.tar.gz
#	payload/id29-nearing2022-da/gate_preflight_v1.tar.gz
#	runner.log
#	runner2.log
nothing added to commit but untracked files present (use "git add" to track)
[ERROR] push failed: a02/18 (result kept in staging, will retry push only)
[Sat Sep  5 23:12:14 CST 2026] --- retry push only: channel=a02 seq=18 ---
# On branch hpc-mailbox
# Your branch is ahead of 'origin/hpc-mailbox' by 1 commit.
#   (use "git push" to publish your local commits)
#
# Untracked files:
#   (use "git add <file>..." to include in what will be committed)
#
#	inbox/autoresearch-64/hbv_lite_64_prospective_seq62.slurm
#	inbox/gpucheck_ngu009.slurm
#	inbox/gpucheck_ngu101.slurm
#	payload/id29-nearing2022-da/closure_v12.tar.gz
#	payload/id29-nearing2022-da/closure_v13.tar.gz
#	payload/id29-nearing2022-da/gate_preflight_v1.tar.gz
#	runner.log
#	runner2.log
nothing added to commit but untracked files present (use "git add" to track)
[ERROR] push failed: a02/18 (result kept in staging, will retry push only)
[Sat Sep  5 23:13:56 CST 2026] --- retry push only: channel=a02 seq=18 ---
# On branch hpc-mailbox
# Your branch is ahead of 'origin/hpc-mailbox' by 1 commit.
#   (use "git push" to publish your local commits)
#
# Untracked files:
#   (use "git add <file>..." to include in what will be committed)
#
#	inbox/autoresearch-64/hbv_lite_64_prospective_seq62.slurm
#	inbox/gpucheck_ngu009.slurm
#	inbox/gpucheck_ngu101.slurm
#	payload/id29-nearing2022-da/closure_v12.tar.gz
#	payload/id29-nearing2022-da/closure_v13.tar.gz
#	payload/id29-nearing2022-da/gate_preflight_v1.tar.gz
#	runner.log
#	runner2.log
nothing added to commit but untracked files present (use "git add" to track)
[ERROR] push failed: a02/18 (result kept in staging, will retry push only)
[Sat Sep  5 23:15:37 CST 2026] --- retry push only: channel=a02 seq=18 ---
# On branch hpc-mailbox
# Your branch is ahead of 'origin/hpc-mailbox' by 1 commit.
#   (use "git push" to publish your local commits)
#
# Untracked files:
#   (use "git add <file>..." to include in what will be committed)
#
#	inbox/autoresearch-64/hbv_lite_64_prospective_seq62.slurm
#	inbox/gpucheck_ngu009.slurm
#	inbox/gpucheck_ngu101.slurm
#	payload/id29-nearing2022-da/closure_v12.tar.gz
#	payload/id29-nearing2022-da/closure_v13.tar.gz
#	payload/id29-nearing2022-da/gate_preflight_v1.tar.gz
#	runner.log
#	runner2.log
nothing added to commit but untracked files present (use "git add" to track)
[ERROR] push failed: a02/18 (result kept in staging, will retry push only)
[Sat Sep  5 23:17:18 CST 2026] --- retry push only: channel=a02 seq=18 ---
# On branch hpc-mailbox
# Your branch is ahead of 'origin/hpc-mailbox' by 1 commit.
#   (use "git push" to publish your local commits)
#
# Untracked files:
#   (use "git add <file>..." to include in what will be committed)
#
#	inbox/autoresearch-64/hbv_lite_64_prospective_seq62.slurm
#	inbox/gpucheck_ngu009.slurm
#	inbox/gpucheck_ngu101.slurm
#	payload/id29-nearing2022-da/closure_v12.tar.gz
#	payload/id29-nearing2022-da/closure_v13.tar.gz
#	payload/id29-nearing2022-da/gate_preflight_v1.tar.gz
#	runner.log
#	runner2.log
nothing added to commit but untracked files present (use "git add" to track)
[ERROR] push failed: a02/18 (result kept in staging, will retry push only)
[Sat Sep  5 23:19:00 CST 2026] --- retry push only: channel=a02 seq=18 ---
# On branch hpc-mailbox
# Your branch is ahead of 'origin/hpc-mailbox' by 1 commit.
#   (use "git push" to publish your local commits)
#
# Untracked files:
#   (use "git add <file>..." to include in what will be committed)
#
#	inbox/autoresearch-64/hbv_lite_64_prospective_seq62.slurm
#	inbox/gpucheck_ngu009.slurm
#	inbox/gpucheck_ngu101.slurm
#	payload/id29-nearing2022-da/closure_v12.tar.gz
#	payload/id29-nearing2022-da/closure_v13.tar.gz
#	payload/id29-nearing2022-da/gate_preflight_v1.tar.gz
#	runner.log
#	runner2.log
nothing added to commit but untracked files present (use "git add" to track)
[ERROR] push failed: a02/18 (result kept in staging, will retry push only)
[Sat Sep  5 23:20:41 CST 2026] --- retry push only: channel=a02 seq=18 ---
# On branch hpc-mailbox
# Your branch is ahead of 'origin/hpc-mailbox' by 1 commit.
#   (use "git push" to publish your local commits)
#
# Untracked files:
#   (use "git add <file>..." to include in what will be committed)
#
#	inbox/autoresearch-64/hbv_lite_64_prospective_seq62.slurm
#	inbox/gpucheck_ngu009.slurm
#	inbox/gpucheck_ngu101.slurm
#	payload/id29-nearing2022-da/closure_v12.tar.gz
#	payload/id29-nearing2022-da/closure_v13.tar.gz
#	payload/id29-nearing2022-da/gate_preflight_v1.tar.gz
#	runner.log
#	runner2.log
nothing added to commit but untracked files present (use "git add" to track)
[ERROR] push failed: a02/18 (result kept in staging, will retry push only)
[Sat Sep  5 23:22:24 CST 2026] --- retry push only: channel=a02 seq=18 ---
# On branch hpc-mailbox
# Your branch is ahead of 'origin/hpc-mailbox' by 1 commit.
#   (use "git push" to publish your local commits)
#
# Untracked files:
#   (use "git add <file>..." to include in what will be committed)
#
#	inbox/autoresearch-64/hbv_lite_64_prospective_seq62.slurm
#	inbox/gpucheck_ngu009.slurm
#	inbox/gpucheck_ngu101.slurm
#	payload/id29-nearing2022-da/closure_v12.tar.gz
#	payload/id29-nearing2022-da/closure_v13.tar.gz
#	payload/id29-nearing2022-da/gate_preflight_v1.tar.gz
#	runner.log
#	runner2.log
nothing added to commit but untracked files present (use "git add" to track)
[ERROR] push failed: a02/18 (result kept in staging, will retry push only)
[Sat Sep  5 23:24:06 CST 2026] --- retry push only: channel=a02 seq=18 ---
# On branch hpc-mailbox
# Your branch is ahead of 'origin/hpc-mailbox' by 1 commit.
#   (use "git push" to publish your local commits)
#
# Untracked files:
#   (use "git add <file>..." to include in what will be committed)
#
#	inbox/autoresearch-64/hbv_lite_64_prospective_seq62.slurm
#	inbox/gpucheck_ngu009.slurm
#	inbox/gpucheck_ngu101.slurm
#	payload/id29-nearing2022-da/closure_v12.tar.gz
#	payload/id29-nearing2022-da/closure_v13.tar.gz
#	payload/id29-nearing2022-da/gate_preflight_v1.tar.gz
#	runner.log
#	runner2.log
nothing added to commit but untracked files present (use "git add" to track)
[ERROR] push failed: a02/18 (result kept in staging, will retry push only)
[Sat Sep  5 23:25:47 CST 2026] --- retry push only: channel=a02 seq=18 ---
# On branch hpc-mailbox
# Your branch is ahead of 'origin/hpc-mailbox' by 1 commit.
#   (use "git push" to publish your local commits)
#
# Untracked files:
#   (use "git add <file>..." to include in what will be committed)
#
#	inbox/autoresearch-64/hbv_lite_64_prospective_seq62.slurm
#	inbox/gpucheck_ngu009.slurm
#	inbox/gpucheck_ngu101.slurm
#	payload/id29-nearing2022-da/closure_v12.tar.gz
#	payload/id29-nearing2022-da/closure_v13.tar.gz
#	payload/id29-nearing2022-da/gate_preflight_v1.tar.gz
#	runner.log
#	runner2.log
nothing added to commit but untracked files present (use "git add" to track)
[ERROR] push failed: a02/18 (result kept in staging, will retry push only)
[Sat Sep  5 23:27:29 CST 2026] --- retry push only: channel=a02 seq=18 ---
# On branch hpc-mailbox
# Your branch is ahead of 'origin/hpc-mailbox' by 1 commit.
#   (use "git push" to publish your local commits)
#
# Untracked files:
#   (use "git add <file>..." to include in what will be committed)
#
#	inbox/autoresearch-64/hbv_lite_64_prospective_seq62.slurm
#	inbox/gpucheck_ngu009.slurm
#	inbox/gpucheck_ngu101.slurm
#	payload/id29-nearing2022-da/closure_v12.tar.gz
#	payload/id29-nearing2022-da/closure_v13.tar.gz
#	payload/id29-nearing2022-da/gate_preflight_v1.tar.gz
#	runner.log
#	runner2.log
nothing added to commit but untracked files present (use "git add" to track)
[ERROR] push failed: a02/18 (result kept in staging, will retry push only)
[Sat Sep  5 23:29:14 CST 2026] --- retry push only: channel=a02 seq=18 ---
# On branch hpc-mailbox
# Your branch is ahead of 'origin/hpc-mailbox' by 1 commit.
#   (use "git push" to publish your local commits)
#
# Untracked files:
#   (use "git add <file>..." to include in what will be committed)
#
#	inbox/autoresearch-64/hbv_lite_64_prospective_seq62.slurm
#	inbox/gpucheck_ngu009.slurm
#	inbox/gpucheck_ngu101.slurm
#	payload/id29-nearing2022-da/closure_v12.tar.gz
#	payload/id29-nearing2022-da/closure_v13.tar.gz
#	payload/id29-nearing2022-da/gate_preflight_v1.tar.gz
#	runner.log
#	runner2.log
nothing added to commit but untracked files present (use "git add" to track)
[ERROR] push failed: a02/18 (result kept in staging, will retry push only)
[Sat Sep  5 23:30:55 CST 2026] --- retry push only: channel=a02 seq=18 ---
# On branch hpc-mailbox
# Your branch is ahead of 'origin/hpc-mailbox' by 1 commit.
#   (use "git push" to publish your local commits)
#
# Untracked files:
#   (use "git add <file>..." to include in what will be committed)
#
#	inbox/autoresearch-64/hbv_lite_64_prospective_seq62.slurm
#	inbox/gpucheck_ngu009.slurm
#	inbox/gpucheck_ngu101.slurm
#	payload/id29-nearing2022-da/closure_v12.tar.gz
#	payload/id29-nearing2022-da/closure_v13.tar.gz
#	payload/id29-nearing2022-da/gate_preflight_v1.tar.gz
#	runner.log
#	runner2.log
nothing added to commit but untracked files present (use "git add" to track)
[ERROR] push failed: a02/18 (result kept in staging, will retry push only)
[Sat Sep  5 23:32:38 CST 2026] --- retry push only: channel=a02 seq=18 ---
# On branch hpc-mailbox
# Your branch is ahead of 'origin/hpc-mailbox' by 1 commit.
#   (use "git push" to publish your local commits)
#
# Untracked files:
#   (use "git add <file>..." to include in what will be committed)
#
#	inbox/autoresearch-64/hbv_lite_64_prospective_seq62.slurm
#	inbox/gpucheck_ngu009.slurm
#	inbox/gpucheck_ngu101.slurm
#	payload/id29-nearing2022-da/closure_v12.tar.gz
#	payload/id29-nearing2022-da/closure_v13.tar.gz
#	payload/id29-nearing2022-da/gate_preflight_v1.tar.gz
#	runner.log
#	runner2.log
nothing added to commit but untracked files present (use "git add" to track)
[ERROR] push failed: a02/18 (result kept in staging, will retry push only)
[Sat Sep  5 23:34:20 CST 2026] --- retry push only: channel=a02 seq=18 ---
# On branch hpc-mailbox
# Your branch is ahead of 'origin/hpc-mailbox' by 1 commit.
#   (use "git push" to publish your local commits)
#
# Untracked files:
#   (use "git add <file>..." to include in what will be committed)
#
#	inbox/autoresearch-64/hbv_lite_64_prospective_seq62.slurm
#	inbox/gpucheck_ngu009.slurm
#	inbox/gpucheck_ngu101.slurm
#	payload/id29-nearing2022-da/closure_v12.tar.gz
#	payload/id29-nearing2022-da/closure_v13.tar.gz
#	payload/id29-nearing2022-da/gate_preflight_v1.tar.gz
#	runner.log
#	runner2.log
nothing added to commit but untracked files present (use "git add" to track)
[ERROR] push failed: a02/18 (result kept in staging, will retry push only)
[Sat Sep  5 23:36:02 CST 2026] --- retry push only: channel=a02 seq=18 ---
# On branch hpc-mailbox
# Your branch is ahead of 'origin/hpc-mailbox' by 1 commit.
#   (use "git push" to publish your local commits)
#
# Untracked files:
#   (use "git add <file>..." to include in what will be committed)
#
#	inbox/autoresearch-64/hbv_lite_64_prospective_seq62.slurm
#	inbox/gpucheck_ngu009.slurm
#	inbox/gpucheck_ngu101.slurm
#	payload/id29-nearing2022-da/closure_v12.tar.gz
#	payload/id29-nearing2022-da/closure_v13.tar.gz
#	payload/id29-nearing2022-da/gate_preflight_v1.tar.gz
#	runner.log
#	runner2.log
nothing added to commit but untracked files present (use "git add" to track)
[ERROR] push failed: a02/18 (result kept in staging, will retry push only)
[Sat Sep  5 23:37:44 CST 2026] --- retry push only: channel=a02 seq=18 ---
# On branch hpc-mailbox
# Your branch is ahead of 'origin/hpc-mailbox' by 1 commit.
#   (use "git push" to publish your local commits)
#
# Untracked files:
#   (use "git add <file>..." to include in what will be committed)
#
#	inbox/autoresearch-64/hbv_lite_64_prospective_seq62.slurm
#	inbox/gpucheck_ngu009.slurm
#	inbox/gpucheck_ngu101.slurm
#	payload/id29-nearing2022-da/closure_v12.tar.gz
#	payload/id29-nearing2022-da/closure_v13.tar.gz
#	payload/id29-nearing2022-da/gate_preflight_v1.tar.gz
#	runner.log
#	runner2.log
nothing added to commit but untracked files present (use "git add" to track)
[ERROR] push failed: a02/18 (result kept in staging, will retry push only)
[Sat Sep  5 23:39:25 CST 2026] --- retry push only: channel=a02 seq=18 ---
# On branch hpc-mailbox
# Your branch is ahead of 'origin/hpc-mailbox' by 1 commit.
#   (use "git push" to publish your local commits)
#
# Untracked files:
#   (use "git add <file>..." to include in what will be committed)
#
#	inbox/autoresearch-64/hbv_lite_64_prospective_seq62.slurm
#	inbox/gpucheck_ngu009.slurm
#	inbox/gpucheck_ngu101.slurm
#	payload/id29-nearing2022-da/closure_v12.tar.gz
#	payload/id29-nearing2022-da/closure_v13.tar.gz
#	payload/id29-nearing2022-da/gate_preflight_v1.tar.gz
#	runner.log
#	runner2.log
nothing added to commit but untracked files present (use "git add" to track)
[ERROR] push failed: a02/18 (result kept in staging, will retry push only)
[Sat Sep  5 23:41:07 CST 2026] --- retry push only: channel=a02 seq=18 ---
# On branch hpc-mailbox
# Your branch is ahead of 'origin/hpc-mailbox' by 1 commit.
#   (use "git push" to publish your local commits)
#
# Untracked files:
#   (use "git add <file>..." to include in what will be committed)
#
#	inbox/autoresearch-64/hbv_lite_64_prospective_seq62.slurm
#	inbox/gpucheck_ngu009.slurm
#	inbox/gpucheck_ngu101.slurm
#	payload/id29-nearing2022-da/closure_v12.tar.gz
#	payload/id29-nearing2022-da/closure_v13.tar.gz
#	payload/id29-nearing2022-da/gate_preflight_v1.tar.gz
#	runner.log
#	runner2.log
nothing added to commit but untracked files present (use "git add" to track)
[ERROR] push failed: a02/18 (result kept in staging, will retry push only)
[Sat Sep  5 23:42:50 CST 2026] --- retry push only: channel=a02 seq=18 ---
# On branch hpc-mailbox
# Your branch is ahead of 'origin/hpc-mailbox' by 1 commit.
#   (use "git push" to publish your local commits)
#
# Untracked files:
#   (use "git add <file>..." to include in what will be committed)
#
#	inbox/autoresearch-64/hbv_lite_64_prospective_seq62.slurm
#	inbox/gpucheck_ngu009.slurm
#	inbox/gpucheck_ngu101.slurm
#	payload/id29-nearing2022-da/closure_v12.tar.gz
#	payload/id29-nearing2022-da/closure_v13.tar.gz
#	payload/id29-nearing2022-da/gate_preflight_v1.tar.gz
#	runner.log
#	runner2.log
nothing added to commit but untracked files present (use "git add" to track)
[ERROR] push failed: a02/18 (result kept in staging, will retry push only)
[Sat Sep  5 23:44:32 CST 2026] --- retry push only: channel=a02 seq=18 ---
# On branch hpc-mailbox
# Your branch is ahead of 'origin/hpc-mailbox' by 1 commit.
#   (use "git push" to publish your local commits)
#
# Untracked files:
#   (use "git add <file>..." to include in what will be committed)
#
#	inbox/autoresearch-64/hbv_lite_64_prospective_seq62.slurm
#	inbox/gpucheck_ngu009.slurm
#	inbox/gpucheck_ngu101.slurm
#	payload/id29-nearing2022-da/closure_v12.tar.gz
#	payload/id29-nearing2022-da/closure_v13.tar.gz
#	payload/id29-nearing2022-da/gate_preflight_v1.tar.gz
#	runner.log
#	runner2.log
nothing added to commit but untracked files present (use "git add" to track)
[ERROR] push failed: a02/18 (result kept in staging, will retry push only)
[Sat Sep  5 23:46:14 CST 2026] --- retry push only: channel=a02 seq=18 ---
# On branch hpc-mailbox
# Your branch is ahead of 'origin/hpc-mailbox' by 1 commit.
#   (use "git push" to publish your local commits)
#
# Untracked files:
#   (use "git add <file>..." to include in what will be committed)
#
#	inbox/autoresearch-64/hbv_lite_64_prospective_seq62.slurm
#	inbox/gpucheck_ngu009.slurm
#	inbox/gpucheck_ngu101.slurm
#	payload/id29-nearing2022-da/closure_v12.tar.gz
#	payload/id29-nearing2022-da/closure_v13.tar.gz
#	payload/id29-nearing2022-da/gate_preflight_v1.tar.gz
#	runner.log
#	runner2.log
nothing added to commit but untracked files present (use "git add" to track)
[ERROR] push failed: a02/18 (result kept in staging, will retry push only)
[Sat Sep  5 23:47:56 CST 2026] --- retry push only: channel=a02 seq=18 ---
# On branch hpc-mailbox
# Your branch is ahead of 'origin/hpc-mailbox' by 1 commit.
#   (use "git push" to publish your local commits)
#
# Untracked files:
#   (use "git add <file>..." to include in what will be committed)
#
#	inbox/autoresearch-64/hbv_lite_64_prospective_seq62.slurm
#	inbox/gpucheck_ngu009.slurm
#	inbox/gpucheck_ngu101.slurm
#	payload/id29-nearing2022-da/closure_v12.tar.gz
#	payload/id29-nearing2022-da/closure_v13.tar.gz
#	payload/id29-nearing2022-da/gate_preflight_v1.tar.gz
#	runner.log
#	runner2.log
nothing added to commit but untracked files present (use "git add" to track)
[ERROR] push failed: a02/18 (result kept in staging, will retry push only)
[Sat Sep  5 23:49:38 CST 2026] --- retry push only: channel=a02 seq=18 ---
# On branch hpc-mailbox
# Your branch is ahead of 'origin/hpc-mailbox' by 1 commit.
#   (use "git push" to publish your local commits)
#
# Untracked files:
#   (use "git add <file>..." to include in what will be committed)
#
#	inbox/autoresearch-64/hbv_lite_64_prospective_seq62.slurm
#	inbox/gpucheck_ngu009.slurm
#	inbox/gpucheck_ngu101.slurm
#	payload/id29-nearing2022-da/closure_v12.tar.gz
#	payload/id29-nearing2022-da/closure_v13.tar.gz
#	payload/id29-nearing2022-da/gate_preflight_v1.tar.gz
#	runner.log
#	runner2.log
nothing added to commit but untracked files present (use "git add" to track)
[ERROR] push failed: a02/18 (result kept in staging, will retry push only)
[Sat Sep  5 23:51:20 CST 2026] --- retry push only: channel=a02 seq=18 ---
# On branch hpc-mailbox
# Your branch is ahead of 'origin/hpc-mailbox' by 1 commit.
#   (use "git push" to publish your local commits)
#
# Untracked files:
#   (use "git add <file>..." to include in what will be committed)
#
#	inbox/autoresearch-64/hbv_lite_64_prospective_seq62.slurm
#	inbox/gpucheck_ngu009.slurm
#	inbox/gpucheck_ngu101.slurm
#	payload/id29-nearing2022-da/closure_v12.tar.gz
#	payload/id29-nearing2022-da/closure_v13.tar.gz
#	payload/id29-nearing2022-da/gate_preflight_v1.tar.gz
#	runner.log
#	runner2.log
nothing added to commit but untracked files present (use "git add" to track)
[ERROR] push failed: a02/18 (result kept in staging, will retry push only)
[Sat Sep  5 23:53:03 CST 2026] --- retry push only: channel=a02 seq=18 ---
# On branch hpc-mailbox
# Your branch is ahead of 'origin/hpc-mailbox' by 1 commit.
#   (use "git push" to publish your local commits)
#
# Untracked files:
#   (use "git add <file>..." to include in what will be committed)
#
#	inbox/autoresearch-64/hbv_lite_64_prospective_seq62.slurm
#	inbox/gpucheck_ngu009.slurm
#	inbox/gpucheck_ngu101.slurm
#	payload/id29-nearing2022-da/closure_v12.tar.gz
#	payload/id29-nearing2022-da/closure_v13.tar.gz
#	payload/id29-nearing2022-da/gate_preflight_v1.tar.gz
#	runner.log
#	runner2.log
nothing added to commit but untracked files present (use "git add" to track)
[ERROR] push failed: a02/18 (result kept in staging, will retry push only)
[Sat Sep  5 23:54:44 CST 2026] --- retry push only: channel=a02 seq=18 ---
# On branch hpc-mailbox
# Your branch is ahead of 'origin/hpc-mailbox' by 1 commit.
#   (use "git push" to publish your local commits)
#
# Untracked files:
#   (use "git add <file>..." to include in what will be committed)
#
#	inbox/autoresearch-64/hbv_lite_64_prospective_seq62.slurm
#	inbox/gpucheck_ngu009.slurm
#	inbox/gpucheck_ngu101.slurm
#	payload/id29-nearing2022-da/closure_v12.tar.gz
#	payload/id29-nearing2022-da/closure_v13.tar.gz
#	payload/id29-nearing2022-da/gate_preflight_v1.tar.gz
#	runner.log
#	runner2.log
nothing added to commit but untracked files present (use "git add" to track)
[ERROR] push failed: a02/18 (result kept in staging, will retry push only)
[Sat Sep  5 23:56:26 CST 2026] --- retry push only: channel=a02 seq=18 ---
# On branch hpc-mailbox
# Your branch is ahead of 'origin/hpc-mailbox' by 1 commit.
#   (use "git push" to publish your local commits)
#
# Untracked files:
#   (use "git add <file>..." to include in what will be committed)
#
#	inbox/autoresearch-64/hbv_lite_64_prospective_seq62.slurm
#	inbox/gpucheck_ngu009.slurm
#	inbox/gpucheck_ngu101.slurm
#	payload/id29-nearing2022-da/closure_v12.tar.gz
#	payload/id29-nearing2022-da/closure_v13.tar.gz
#	payload/id29-nearing2022-da/gate_preflight_v1.tar.gz
#	runner.log
#	runner2.log
nothing added to commit but untracked files present (use "git add" to track)
[ERROR] push failed: a02/18 (result kept in staging, will retry push only)
[Sat Sep  5 23:58:07 CST 2026] --- retry push only: channel=a02 seq=18 ---
# On branch hpc-mailbox
# Your branch is ahead of 'origin/hpc-mailbox' by 1 commit.
#   (use "git push" to publish your local commits)
#
# Untracked files:
#   (use "git add <file>..." to include in what will be committed)
#
#	inbox/autoresearch-64/hbv_lite_64_prospective_seq62.slurm
#	inbox/gpucheck_ngu009.slurm
#	inbox/gpucheck_ngu101.slurm
#	payload/id29-nearing2022-da/closure_v12.tar.gz
#	payload/id29-nearing2022-da/closure_v13.tar.gz
#	payload/id29-nearing2022-da/gate_preflight_v1.tar.gz
#	runner.log
#	runner2.log
nothing added to commit but untracked files present (use "git add" to track)
[ERROR] push failed: a02/18 (result kept in staging, will retry push only)
[Sat Sep  5 23:59:50 CST 2026] --- retry push only: channel=a02 seq=18 ---
# On branch hpc-mailbox
# Your branch is ahead of 'origin/hpc-mailbox' by 1 commit.
#   (use "git push" to publish your local commits)
#
# Untracked files:
#   (use "git add <file>..." to include in what will be committed)
#
#	inbox/autoresearch-64/hbv_lite_64_prospective_seq62.slurm
#	inbox/gpucheck_ngu009.slurm
#	inbox/gpucheck_ngu101.slurm
#	payload/id29-nearing2022-da/closure_v12.tar.gz
#	payload/id29-nearing2022-da/closure_v13.tar.gz
#	payload/id29-nearing2022-da/gate_preflight_v1.tar.gz
#	runner.log
#	runner2.log
nothing added to commit but untracked files present (use "git add" to track)
[ERROR] push failed: a02/18 (result kept in staging, will retry push only)
[Sun Sep  6 00:01:31 CST 2026] --- retry push only: channel=a02 seq=18 ---
# On branch hpc-mailbox
# Your branch is ahead of 'origin/hpc-mailbox' by 1 commit.
#   (use "git push" to publish your local commits)
#
# Untracked files:
#   (use "git add <file>..." to include in what will be committed)
#
#	inbox/autoresearch-64/hbv_lite_64_prospective_seq62.slurm
#	inbox/gpucheck_ngu009.slurm
#	inbox/gpucheck_ngu101.slurm
#	payload/id29-nearing2022-da/closure_v12.tar.gz
#	payload/id29-nearing2022-da/closure_v13.tar.gz
#	payload/id29-nearing2022-da/gate_preflight_v1.tar.gz
#	runner.log
#	runner2.log
nothing added to commit but untracked files present (use "git add" to track)
[ERROR] push failed: a02/18 (result kept in staging, will retry push only)
[Sun Sep  6 00:03:13 CST 2026] --- retry push only: channel=a02 seq=18 ---
# On branch hpc-mailbox
# Your branch is ahead of 'origin/hpc-mailbox' by 1 commit.
#   (use "git push" to publish your local commits)
#
# Untracked files:
#   (use "git add <file>..." to include in what will be committed)
#
#	inbox/autoresearch-64/hbv_lite_64_prospective_seq62.slurm
#	inbox/gpucheck_ngu009.slurm
#	inbox/gpucheck_ngu101.slurm
#	payload/id29-nearing2022-da/closure_v12.tar.gz
#	payload/id29-nearing2022-da/closure_v13.tar.gz
#	payload/id29-nearing2022-da/gate_preflight_v1.tar.gz
#	runner.log
#	runner2.log
nothing added to commit but untracked files present (use "git add" to track)
[ERROR] push failed: a02/18 (result kept in staging, will retry push only)
[Sun Sep  6 00:04:55 CST 2026] --- retry push only: channel=a02 seq=18 ---
# On branch hpc-mailbox
# Your branch is ahead of 'origin/hpc-mailbox' by 1 commit.
#   (use "git push" to publish your local commits)
#
# Untracked files:
#   (use "git add <file>..." to include in what will be committed)
#
#	inbox/autoresearch-64/hbv_lite_64_prospective_seq62.slurm
#	inbox/gpucheck_ngu009.slurm
#	inbox/gpucheck_ngu101.slurm
#	payload/id29-nearing2022-da/closure_v12.tar.gz
#	payload/id29-nearing2022-da/closure_v13.tar.gz
#	payload/id29-nearing2022-da/gate_preflight_v1.tar.gz
#	runner.log
#	runner2.log
nothing added to commit but untracked files present (use "git add" to track)
[ERROR] push failed: a02/18 (result kept in staging, will retry push only)
[Sun Sep  6 00:06:37 CST 2026] --- retry push only: channel=a02 seq=18 ---
# On branch hpc-mailbox
# Your branch is ahead of 'origin/hpc-mailbox' by 1 commit.
#   (use "git push" to publish your local commits)
#
# Untracked files:
#   (use "git add <file>..." to include in what will be committed)
#
#	inbox/autoresearch-64/hbv_lite_64_prospective_seq62.slurm
#	inbox/gpucheck_ngu009.slurm
#	inbox/gpucheck_ngu101.slurm
#	payload/id29-nearing2022-da/closure_v12.tar.gz
#	payload/id29-nearing2022-da/closure_v13.tar.gz
#	payload/id29-nearing2022-da/gate_preflight_v1.tar.gz
#	runner.log
#	runner2.log
nothing added to commit but untracked files present (use "git add" to track)
[ERROR] push failed: a02/18 (result kept in staging, will retry push only)
[Sun Sep  6 00:08:19 CST 2026] --- retry push only: channel=a02 seq=18 ---
# On branch hpc-mailbox
# Your branch is ahead of 'origin/hpc-mailbox' by 1 commit.
#   (use "git push" to publish your local commits)
#
# Untracked files:
#   (use "git add <file>..." to include in what will be committed)
#
#	inbox/autoresearch-64/hbv_lite_64_prospective_seq62.slurm
#	inbox/gpucheck_ngu009.slurm
#	inbox/gpucheck_ngu101.slurm
#	payload/id29-nearing2022-da/closure_v12.tar.gz
#	payload/id29-nearing2022-da/closure_v13.tar.gz
#	payload/id29-nearing2022-da/gate_preflight_v1.tar.gz
#	runner.log
#	runner2.log
nothing added to commit but untracked files present (use "git add" to track)
[ERROR] push failed: a02/18 (result kept in staging, will retry push only)
[Sun Sep  6 00:10:00 CST 2026] --- retry push only: channel=a02 seq=18 ---
# On branch hpc-mailbox
# Your branch is ahead of 'origin/hpc-mailbox' by 1 commit.
#   (use "git push" to publish your local commits)
#
# Untracked files:
#   (use "git add <file>..." to include in what will be committed)
#
#	inbox/autoresearch-64/hbv_lite_64_prospective_seq62.slurm
#	inbox/gpucheck_ngu009.slurm
#	inbox/gpucheck_ngu101.slurm
#	payload/id29-nearing2022-da/closure_v12.tar.gz
#	payload/id29-nearing2022-da/closure_v13.tar.gz
#	payload/id29-nearing2022-da/gate_preflight_v1.tar.gz
#	runner.log
#	runner2.log
nothing added to commit but untracked files present (use "git add" to track)
[ERROR] push failed: a02/18 (result kept in staging, will retry push only)
[Sun Sep  6 00:11:42 CST 2026] --- retry push only: channel=a02 seq=18 ---
# On branch hpc-mailbox
# Your branch is ahead of 'origin/hpc-mailbox' by 1 commit.
#   (use "git push" to publish your local commits)
#
# Untracked files:
#   (use "git add <file>..." to include in what will be committed)
#
#	inbox/autoresearch-64/hbv_lite_64_prospective_seq62.slurm
#	inbox/gpucheck_ngu009.slurm
#	inbox/gpucheck_ngu101.slurm
#	payload/id29-nearing2022-da/closure_v12.tar.gz
#	payload/id29-nearing2022-da/closure_v13.tar.gz
#	payload/id29-nearing2022-da/gate_preflight_v1.tar.gz
#	runner.log
#	runner2.log
nothing added to commit but untracked files present (use "git add" to track)
[ERROR] push failed: a02/18 (result kept in staging, will retry push only)
[Sun Sep  6 00:13:23 CST 2026] --- retry push only: channel=a02 seq=18 ---
# On branch hpc-mailbox
# Your branch is ahead of 'origin/hpc-mailbox' by 1 commit.
#   (use "git push" to publish your local commits)
#
# Untracked files:
#   (use "git add <file>..." to include in what will be committed)
#
#	inbox/autoresearch-64/hbv_lite_64_prospective_seq62.slurm
#	inbox/gpucheck_ngu009.slurm
#	inbox/gpucheck_ngu101.slurm
#	payload/id29-nearing2022-da/closure_v12.tar.gz
#	payload/id29-nearing2022-da/closure_v13.tar.gz
#	payload/id29-nearing2022-da/gate_preflight_v1.tar.gz
#	runner.log
#	runner2.log
nothing added to commit but untracked files present (use "git add" to track)
[ERROR] push failed: a02/18 (result kept in staging, will retry push only)
[Sun Sep  6 00:15:04 CST 2026] --- retry push only: channel=a02 seq=18 ---
# On branch hpc-mailbox
# Your branch is ahead of 'origin/hpc-mailbox' by 1 commit.
#   (use "git push" to publish your local commits)
#
# Untracked files:
#   (use "git add <file>..." to include in what will be committed)
#
#	inbox/autoresearch-64/hbv_lite_64_prospective_seq62.slurm
#	inbox/gpucheck_ngu009.slurm
#	inbox/gpucheck_ngu101.slurm
#	payload/id29-nearing2022-da/closure_v12.tar.gz
#	payload/id29-nearing2022-da/closure_v13.tar.gz
#	payload/id29-nearing2022-da/gate_preflight_v1.tar.gz
#	runner.log
#	runner2.log
nothing added to commit but untracked files present (use "git add" to track)
[ERROR] push failed: a02/18 (result kept in staging, will retry push only)
[Sun Sep  6 00:16:46 CST 2026] --- retry push only: channel=a02 seq=18 ---
# On branch hpc-mailbox
# Your branch is ahead of 'origin/hpc-mailbox' by 1 commit.
#   (use "git push" to publish your local commits)
#
# Untracked files:
#   (use "git add <file>..." to include in what will be committed)
#
#	inbox/autoresearch-64/hbv_lite_64_prospective_seq62.slurm
#	inbox/gpucheck_ngu009.slurm
#	inbox/gpucheck_ngu101.slurm
#	payload/id29-nearing2022-da/closure_v12.tar.gz
#	payload/id29-nearing2022-da/closure_v13.tar.gz
#	payload/id29-nearing2022-da/gate_preflight_v1.tar.gz
#	runner.log
#	runner2.log
nothing added to commit but untracked files present (use "git add" to track)
[ERROR] push failed: a02/18 (result kept in staging, will retry push only)
[Sun Sep  6 00:18:27 CST 2026] --- retry push only: channel=a02 seq=18 ---
# On branch hpc-mailbox
# Your branch is ahead of 'origin/hpc-mailbox' by 1 commit.
#   (use "git push" to publish your local commits)
#
# Untracked files:
#   (use "git add <file>..." to include in what will be committed)
#
#	inbox/autoresearch-64/hbv_lite_64_prospective_seq62.slurm
#	inbox/gpucheck_ngu009.slurm
#	inbox/gpucheck_ngu101.slurm
#	payload/id29-nearing2022-da/closure_v12.tar.gz
#	payload/id29-nearing2022-da/closure_v13.tar.gz
#	payload/id29-nearing2022-da/gate_preflight_v1.tar.gz
#	runner.log
#	runner2.log
nothing added to commit but untracked files present (use "git add" to track)
[ERROR] push failed: a02/18 (result kept in staging, will retry push only)
[Sun Sep  6 00:20:09 CST 2026] --- retry push only: channel=a02 seq=18 ---
# On branch hpc-mailbox
# Your branch is ahead of 'origin/hpc-mailbox' by 1 commit.
#   (use "git push" to publish your local commits)
#
# Untracked files:
#   (use "git add <file>..." to include in what will be committed)
#
#	inbox/autoresearch-64/hbv_lite_64_prospective_seq62.slurm
#	inbox/gpucheck_ngu009.slurm
#	inbox/gpucheck_ngu101.slurm
#	payload/id29-nearing2022-da/closure_v12.tar.gz
#	payload/id29-nearing2022-da/closure_v13.tar.gz
#	payload/id29-nearing2022-da/gate_preflight_v1.tar.gz
#	runner.log
#	runner2.log
nothing added to commit but untracked files present (use "git add" to track)
[ERROR] push failed: a02/18 (result kept in staging, will retry push only)
[Sun Sep  6 00:21:50 CST 2026] --- retry push only: channel=a02 seq=18 ---
# On branch hpc-mailbox
# Your branch is ahead of 'origin/hpc-mailbox' by 1 commit.
#   (use "git push" to publish your local commits)
#
# Untracked files:
#   (use "git add <file>..." to include in what will be committed)
#
#	inbox/autoresearch-64/hbv_lite_64_prospective_seq62.slurm
#	inbox/gpucheck_ngu009.slurm
#	inbox/gpucheck_ngu101.slurm
#	payload/id29-nearing2022-da/closure_v12.tar.gz
#	payload/id29-nearing2022-da/closure_v13.tar.gz
#	payload/id29-nearing2022-da/gate_preflight_v1.tar.gz
#	runner.log
#	runner2.log
nothing added to commit but untracked files present (use "git add" to track)
[ERROR] push failed: a02/18 (result kept in staging, will retry push only)
[Sun Sep  6 00:23:32 CST 2026] --- retry push only: channel=a02 seq=18 ---
# On branch hpc-mailbox
# Your branch is ahead of 'origin/hpc-mailbox' by 1 commit.
#   (use "git push" to publish your local commits)
#
# Untracked files:
#   (use "git add <file>..." to include in what will be committed)
#
#	inbox/autoresearch-64/hbv_lite_64_prospective_seq62.slurm
#	inbox/gpucheck_ngu009.slurm
#	inbox/gpucheck_ngu101.slurm
#	payload/id29-nearing2022-da/closure_v12.tar.gz
#	payload/id29-nearing2022-da/closure_v13.tar.gz
#	payload/id29-nearing2022-da/gate_preflight_v1.tar.gz
#	runner.log
#	runner2.log
nothing added to commit but untracked files present (use "git add" to track)
[ERROR] push failed: a02/18 (result kept in staging, will retry push only)
[Sun Sep  6 00:25:13 CST 2026] --- retry push only: channel=a02 seq=18 ---
# On branch hpc-mailbox
# Your branch is ahead of 'origin/hpc-mailbox' by 1 commit.
#   (use "git push" to publish your local commits)
#
# Untracked files:
#   (use "git add <file>..." to include in what will be committed)
#
#	inbox/autoresearch-64/hbv_lite_64_prospective_seq62.slurm
#	inbox/gpucheck_ngu009.slurm
#	inbox/gpucheck_ngu101.slurm
#	payload/id29-nearing2022-da/closure_v12.tar.gz
#	payload/id29-nearing2022-da/closure_v13.tar.gz
#	payload/id29-nearing2022-da/gate_preflight_v1.tar.gz
#	runner.log
#	runner2.log
nothing added to commit but untracked files present (use "git add" to track)
[ERROR] push failed: a02/18 (result kept in staging, will retry push only)
[Sun Sep  6 00:26:55 CST 2026] --- retry push only: channel=a02 seq=18 ---
# On branch hpc-mailbox
# Your branch is ahead of 'origin/hpc-mailbox' by 1 commit.
#   (use "git push" to publish your local commits)
#
# Untracked files:
#   (use "git add <file>..." to include in what will be committed)
#
#	inbox/autoresearch-64/hbv_lite_64_prospective_seq62.slurm
#	inbox/gpucheck_ngu009.slurm
#	inbox/gpucheck_ngu101.slurm
#	payload/id29-nearing2022-da/closure_v12.tar.gz
#	payload/id29-nearing2022-da/closure_v13.tar.gz
#	payload/id29-nearing2022-da/gate_preflight_v1.tar.gz
#	runner.log
#	runner2.log
nothing added to commit but untracked files present (use "git add" to track)
[ERROR] push failed: a02/18 (result kept in staging, will retry push only)
[Sun Sep  6 00:28:37 CST 2026] --- retry push only: channel=a02 seq=18 ---
# On branch hpc-mailbox
# Your branch is ahead of 'origin/hpc-mailbox' by 1 commit.
#   (use "git push" to publish your local commits)
#
# Untracked files:
#   (use "git add <file>..." to include in what will be committed)
#
#	inbox/autoresearch-64/hbv_lite_64_prospective_seq62.slurm
#	inbox/gpucheck_ngu009.slurm
#	inbox/gpucheck_ngu101.slurm
#	payload/id29-nearing2022-da/closure_v12.tar.gz
#	payload/id29-nearing2022-da/closure_v13.tar.gz
#	payload/id29-nearing2022-da/gate_preflight_v1.tar.gz
#	runner.log
#	runner2.log
nothing added to commit but untracked files present (use "git add" to track)
[ERROR] push failed: a02/18 (result kept in staging, will retry push only)
[Sun Sep  6 00:30:19 CST 2026] --- retry push only: channel=a02 seq=18 ---
# On branch hpc-mailbox
# Your branch is ahead of 'origin/hpc-mailbox' by 1 commit.
#   (use "git push" to publish your local commits)
#
# Untracked files:
#   (use "git add <file>..." to include in what will be committed)
#
#	inbox/autoresearch-64/hbv_lite_64_prospective_seq62.slurm
#	inbox/gpucheck_ngu009.slurm
#	inbox/gpucheck_ngu101.slurm
#	payload/id29-nearing2022-da/closure_v12.tar.gz
#	payload/id29-nearing2022-da/closure_v13.tar.gz
#	payload/id29-nearing2022-da/gate_preflight_v1.tar.gz
#	runner.log
#	runner2.log
nothing added to commit but untracked files present (use "git add" to track)
[ERROR] push failed: a02/18 (result kept in staging, will retry push only)
[Sun Sep  6 00:32:37 CST 2026] --- retry push only: channel=a02 seq=18 ---
# On branch hpc-mailbox
# Your branch is ahead of 'origin/hpc-mailbox' by 1 commit.
#   (use "git push" to publish your local commits)
#
# Untracked files:
#   (use "git add <file>..." to include in what will be committed)
#
#	inbox/autoresearch-64/hbv_lite_64_prospective_seq62.slurm
#	inbox/gpucheck_ngu009.slurm
#	inbox/gpucheck_ngu101.slurm
#	payload/id29-nearing2022-da/closure_v12.tar.gz
#	payload/id29-nearing2022-da/closure_v13.tar.gz
#	payload/id29-nearing2022-da/gate_preflight_v1.tar.gz
#	runner.log
#	runner2.log
nothing added to commit but untracked files present (use "git add" to track)
[ERROR] push failed: a02/18 (result kept in staging, will retry push only)
[Sun Sep  6 00:34:19 CST 2026] --- retry push only: channel=a02 seq=18 ---
# On branch hpc-mailbox
# Your branch is ahead of 'origin/hpc-mailbox' by 1 commit.
#   (use "git push" to publish your local commits)
#
# Untracked files:
#   (use "git add <file>..." to include in what will be committed)
#
#	inbox/autoresearch-64/hbv_lite_64_prospective_seq62.slurm
#	inbox/gpucheck_ngu009.slurm
#	inbox/gpucheck_ngu101.slurm
#	payload/id29-nearing2022-da/closure_v12.tar.gz
#	payload/id29-nearing2022-da/closure_v13.tar.gz
#	payload/id29-nearing2022-da/gate_preflight_v1.tar.gz
#	runner.log
#	runner2.log
nothing added to commit but untracked files present (use "git add" to track)
[ERROR] push failed: a02/18 (result kept in staging, will retry push only)
[Sun Sep  6 00:36:00 CST 2026] --- retry push only: channel=a02 seq=18 ---
# On branch hpc-mailbox
# Your branch is ahead of 'origin/hpc-mailbox' by 1 commit.
#   (use "git push" to publish your local commits)
#
# Untracked files:
#   (use "git add <file>..." to include in what will be committed)
#
#	inbox/autoresearch-64/hbv_lite_64_prospective_seq62.slurm
#	inbox/gpucheck_ngu009.slurm
#	inbox/gpucheck_ngu101.slurm
#	payload/id29-nearing2022-da/closure_v12.tar.gz
#	payload/id29-nearing2022-da/closure_v13.tar.gz
#	payload/id29-nearing2022-da/gate_preflight_v1.tar.gz
#	runner.log
#	runner2.log
nothing added to commit but untracked files present (use "git add" to track)
[ERROR] push failed: a02/18 (result kept in staging, will retry push only)
[Sun Sep  6 00:37:48 CST 2026] --- retry push only: channel=a02 seq=18 ---
# On branch hpc-mailbox
# Your branch is ahead of 'origin/hpc-mailbox' by 1 commit.
#   (use "git push" to publish your local commits)
#
# Untracked files:
#   (use "git add <file>..." to include in what will be committed)
#
#	inbox/autoresearch-64/hbv_lite_64_prospective_seq62.slurm
#	inbox/gpucheck_ngu009.slurm
#	inbox/gpucheck_ngu101.slurm
#	payload/id29-nearing2022-da/closure_v12.tar.gz
#	payload/id29-nearing2022-da/closure_v13.tar.gz
#	payload/id29-nearing2022-da/gate_preflight_v1.tar.gz
#	runner.log
#	runner2.log
nothing added to commit but untracked files present (use "git add" to track)
[ERROR] push failed: a02/18 (result kept in staging, will retry push only)
[Sun Sep  6 00:40:04 CST 2026] --- retry push only: channel=a02 seq=18 ---
# On branch hpc-mailbox
# Your branch is ahead of 'origin/hpc-mailbox' by 1 commit.
#   (use "git push" to publish your local commits)
#
# Untracked files:
#   (use "git add <file>..." to include in what will be committed)
#
#	inbox/autoresearch-64/hbv_lite_64_prospective_seq62.slurm
#	inbox/gpucheck_ngu009.slurm
#	inbox/gpucheck_ngu101.slurm
#	payload/id29-nearing2022-da/closure_v12.tar.gz
#	payload/id29-nearing2022-da/closure_v13.tar.gz
#	payload/id29-nearing2022-da/gate_preflight_v1.tar.gz
#	runner.log
#	runner2.log
nothing added to commit but untracked files present (use "git add" to track)
[ERROR] push failed: a02/18 (result kept in staging, will retry push only)
[Sun Sep  6 00:42:20 CST 2026] --- retry push only: channel=a02 seq=18 ---
# On branch hpc-mailbox
# Your branch is ahead of 'origin/hpc-mailbox' by 1 commit.
#   (use "git push" to publish your local commits)
#
# Untracked files:
#   (use "git add <file>..." to include in what will be committed)
#
#	inbox/autoresearch-64/hbv_lite_64_prospective_seq62.slurm
#	inbox/gpucheck_ngu009.slurm
#	inbox/gpucheck_ngu101.slurm
#	payload/id29-nearing2022-da/closure_v12.tar.gz
#	payload/id29-nearing2022-da/closure_v13.tar.gz
#	payload/id29-nearing2022-da/gate_preflight_v1.tar.gz
#	runner.log
#	runner2.log
nothing added to commit but untracked files present (use "git add" to track)
[ERROR] push failed: a02/18 (result kept in staging, will retry push only)
[Sun Sep  6 00:44:02 CST 2026] --- retry push only: channel=a02 seq=18 ---
# On branch hpc-mailbox
# Your branch is ahead of 'origin/hpc-mailbox' by 1 commit.
#   (use "git push" to publish your local commits)
#
# Untracked files:
#   (use "git add <file>..." to include in what will be committed)
#
#	inbox/autoresearch-64/hbv_lite_64_prospective_seq62.slurm
#	inbox/gpucheck_ngu009.slurm
#	inbox/gpucheck_ngu101.slurm
#	payload/id29-nearing2022-da/closure_v12.tar.gz
#	payload/id29-nearing2022-da/closure_v13.tar.gz
#	payload/id29-nearing2022-da/gate_preflight_v1.tar.gz
#	runner.log
#	runner2.log
nothing added to commit but untracked files present (use "git add" to track)
[ERROR] push failed: a02/18 (result kept in staging, will retry push only)
[Sun Sep  6 00:45:48 CST 2026] --- retry push only: channel=a02 seq=18 ---
# On branch hpc-mailbox
# Your branch is ahead of 'origin/hpc-mailbox' by 1 commit.
#   (use "git push" to publish your local commits)
#
# Untracked files:
#   (use "git add <file>..." to include in what will be committed)
#
#	inbox/autoresearch-64/hbv_lite_64_prospective_seq62.slurm
#	inbox/gpucheck_ngu009.slurm
#	inbox/gpucheck_ngu101.slurm
#	payload/id29-nearing2022-da/closure_v12.tar.gz
#	payload/id29-nearing2022-da/closure_v13.tar.gz
#	payload/id29-nearing2022-da/gate_preflight_v1.tar.gz
#	runner.log
#	runner2.log
nothing added to commit but untracked files present (use "git add" to track)
[ERROR] push failed: a02/18 (result kept in staging, will retry push only)
[Sun Sep  6 00:47:36 CST 2026] --- retry push only: channel=a02 seq=18 ---
[Sun Sep  6 00:47:36 CST 2026] --- start channel=attrswap-daily seq=4 ---
# On branch hpc-mailbox
# Your branch is ahead of 'origin/hpc-mailbox' by 1 commit.
#   (use "git push" to publish your local commits)
#
# Untracked files:
#   (use "git add <file>..." to include in what will be committed)
#
#	inbox/autoresearch-64/hbv_lite_64_prospective_seq62.slurm
#	inbox/gpucheck_ngu009.slurm
#	inbox/gpucheck_ngu101.slurm
#	payload/id29-nearing2022-da/closure_v12.tar.gz
#	payload/id29-nearing2022-da/closure_v13.tar.gz
#	payload/id29-nearing2022-da/gate_preflight_v1.tar.gz
#	runner.log
#	runner2.log
nothing added to commit but untracked files present (use "git add" to track)
[ERROR] push failed: a02/18 (result kept in staging, will retry push only)
[Sun Sep  6 00:49:16 CST 2026] done channel=attrswap-daily seq=4 rc=0
[Sun Sep  6 00:49:19 CST 2026] --- retry push only: channel=a02 seq=18 ---
# On branch hpc-mailbox
# Your branch is ahead of 'origin/hpc-mailbox' by 1 commit.
#   (use "git push" to publish your local commits)
#
# Untracked files:
#   (use "git add <file>..." to include in what will be committed)
#
#	inbox/autoresearch-64/hbv_lite_64_prospective_seq62.slurm
#	inbox/gpucheck_ngu009.slurm
#	inbox/gpucheck_ngu101.slurm
#	payload/id29-nearing2022-da/closure_v12.tar.gz
#	payload/id29-nearing2022-da/closure_v13.tar.gz
#	payload/id29-nearing2022-da/gate_preflight_v1.tar.gz
#	runner.log
#	runner2.log
nothing added to commit but untracked files present (use "git add" to track)
[ERROR] push failed: a02/18 (result kept in staging, will retry push only)
[Sun Sep  6 00:51:00 CST 2026] --- retry push only: channel=a02 seq=18 ---
# On branch hpc-mailbox
# Your branch is ahead of 'origin/hpc-mailbox' by 1 commit.
#   (use "git push" to publish your local commits)
#
# Untracked files:
#   (use "git add <file>..." to include in what will be committed)
#
#	inbox/autoresearch-64/hbv_lite_64_prospective_seq62.slurm
#	inbox/gpucheck_ngu009.slurm
#	inbox/gpucheck_ngu101.slurm
#	payload/id29-nearing2022-da/closure_v12.tar.gz
#	payload/id29-nearing2022-da/closure_v13.tar.gz
#	payload/id29-nearing2022-da/gate_preflight_v1.tar.gz
#	runner.log
#	runner2.log
nothing added to commit but untracked files present (use "git add" to track)
[ERROR] push failed: a02/18 (result kept in staging, will retry push only)
[Sun Sep  6 00:52:43 CST 2026] --- retry push only: channel=a02 seq=18 ---
# On branch hpc-mailbox
# Your branch is ahead of 'origin/hpc-mailbox' by 1 commit.
#   (use "git push" to publish your local commits)
#
# Untracked files:
#   (use "git add <file>..." to include in what will be committed)
#
#	inbox/autoresearch-64/hbv_lite_64_prospective_seq62.slurm
#	inbox/gpucheck_ngu009.slurm
#	inbox/gpucheck_ngu101.slurm
#	payload/id29-nearing2022-da/closure_v12.tar.gz
#	payload/id29-nearing2022-da/closure_v13.tar.gz
#	payload/id29-nearing2022-da/gate_preflight_v1.tar.gz
#	runner.log
#	runner2.log
nothing added to commit but untracked files present (use "git add" to track)
[ERROR] push failed: a02/18 (result kept in staging, will retry push only)
[Sun Sep  6 00:54:25 CST 2026] --- retry push only: channel=a02 seq=18 ---
# On branch hpc-mailbox
# Your branch is ahead of 'origin/hpc-mailbox' by 1 commit.
#   (use "git push" to publish your local commits)
#
# Untracked files:
#   (use "git add <file>..." to include in what will be committed)
#
#	inbox/autoresearch-64/hbv_lite_64_prospective_seq62.slurm
#	inbox/gpucheck_ngu009.slurm
#	inbox/gpucheck_ngu101.slurm
#	payload/id29-nearing2022-da/closure_v12.tar.gz
#	payload/id29-nearing2022-da/closure_v13.tar.gz
#	payload/id29-nearing2022-da/gate_preflight_v1.tar.gz
#	runner.log
#	runner2.log
nothing added to commit but untracked files present (use "git add" to track)
[ERROR] push failed: a02/18 (result kept in staging, will retry push only)
[Sun Sep  6 00:56:06 CST 2026] --- retry push only: channel=a02 seq=18 ---
# On branch hpc-mailbox
# Your branch is ahead of 'origin/hpc-mailbox' by 1 commit.
#   (use "git push" to publish your local commits)
#
# Untracked files:
#   (use "git add <file>..." to include in what will be committed)
#
#	inbox/autoresearch-64/hbv_lite_64_prospective_seq62.slurm
#	inbox/gpucheck_ngu009.slurm
#	inbox/gpucheck_ngu101.slurm
#	payload/id29-nearing2022-da/closure_v12.tar.gz
#	payload/id29-nearing2022-da/closure_v13.tar.gz
#	payload/id29-nearing2022-da/gate_preflight_v1.tar.gz
#	runner.log
#	runner2.log
nothing added to commit but untracked files present (use "git add" to track)
[ERROR] push failed: a02/18 (result kept in staging, will retry push only)
[Sun Sep  6 00:57:49 CST 2026] --- retry push only: channel=a02 seq=18 ---
# On branch hpc-mailbox
# Your branch is ahead of 'origin/hpc-mailbox' by 1 commit.
#   (use "git push" to publish your local commits)
#
# Untracked files:
#   (use "git add <file>..." to include in what will be committed)
#
#	inbox/autoresearch-64/hbv_lite_64_prospective_seq62.slurm
#	inbox/gpucheck_ngu009.slurm
#	inbox/gpucheck_ngu101.slurm
#	payload/id29-nearing2022-da/closure_v12.tar.gz
#	payload/id29-nearing2022-da/closure_v13.tar.gz
#	payload/id29-nearing2022-da/gate_preflight_v1.tar.gz
#	runner.log
#	runner2.log
nothing added to commit but untracked files present (use "git add" to track)
[ERROR] push failed: a02/18 (result kept in staging, will retry push only)
[Sun Sep  6 00:59:31 CST 2026] --- retry push only: channel=a02 seq=18 ---
# On branch hpc-mailbox
# Your branch is ahead of 'origin/hpc-mailbox' by 1 commit.
#   (use "git push" to publish your local commits)
#
# Untracked files:
#   (use "git add <file>..." to include in what will be committed)
#
#	inbox/autoresearch-64/hbv_lite_64_prospective_seq62.slurm
#	inbox/gpucheck_ngu009.slurm
#	inbox/gpucheck_ngu101.slurm
#	payload/id29-nearing2022-da/closure_v12.tar.gz
#	payload/id29-nearing2022-da/closure_v13.tar.gz
#	payload/id29-nearing2022-da/gate_preflight_v1.tar.gz
#	runner.log
#	runner2.log
nothing added to commit but untracked files present (use "git add" to track)
[ERROR] push failed: a02/18 (result kept in staging, will retry push only)
[Sun Sep  6 01:01:13 CST 2026] --- retry push only: channel=a02 seq=18 ---
# On branch hpc-mailbox
# Your branch is ahead of 'origin/hpc-mailbox' by 1 commit.
#   (use "git push" to publish your local commits)
#
# Untracked files:
#   (use "git add <file>..." to include in what will be committed)
#
#	inbox/autoresearch-64/hbv_lite_64_prospective_seq62.slurm
#	inbox/gpucheck_ngu009.slurm
#	inbox/gpucheck_ngu101.slurm
#	payload/id29-nearing2022-da/closure_v12.tar.gz
#	payload/id29-nearing2022-da/closure_v13.tar.gz
#	payload/id29-nearing2022-da/gate_preflight_v1.tar.gz
#	runner.log
#	runner2.log
nothing added to commit but untracked files present (use "git add" to track)
[ERROR] push failed: a02/18 (result kept in staging, will retry push only)
[Sun Sep  6 01:02:56 CST 2026] --- retry push only: channel=a02 seq=18 ---
# On branch hpc-mailbox
# Your branch is ahead of 'origin/hpc-mailbox' by 1 commit.
#   (use "git push" to publish your local commits)
#
# Untracked files:
#   (use "git add <file>..." to include in what will be committed)
#
#	inbox/autoresearch-64/hbv_lite_64_prospective_seq62.slurm
#	inbox/gpucheck_ngu009.slurm
#	inbox/gpucheck_ngu101.slurm
#	payload/id29-nearing2022-da/closure_v12.tar.gz
#	payload/id29-nearing2022-da/closure_v13.tar.gz
#	payload/id29-nearing2022-da/gate_preflight_v1.tar.gz
#	runner.log
#	runner2.log
nothing added to commit but untracked files present (use "git add" to track)
[ERROR] push failed: a02/18 (result kept in staging, will retry push only)
[Sun Sep  6 01:05:13 CST 2026] --- retry push only: channel=a02 seq=18 ---
# On branch hpc-mailbox
# Your branch is ahead of 'origin/hpc-mailbox' by 1 commit.
#   (use "git push" to publish your local commits)
#
# Untracked files:
#   (use "git add <file>..." to include in what will be committed)
#
#	inbox/autoresearch-64/hbv_lite_64_prospective_seq62.slurm
#	inbox/gpucheck_ngu009.slurm
#	inbox/gpucheck_ngu101.slurm
#	payload/id29-nearing2022-da/closure_v12.tar.gz
#	payload/id29-nearing2022-da/closure_v13.tar.gz
#	payload/id29-nearing2022-da/gate_preflight_v1.tar.gz
#	runner.log
#	runner2.log
nothing added to commit but untracked files present (use "git add" to track)
[ERROR] push failed: a02/18 (result kept in staging, will retry push only)
[Sun Sep  6 01:07:28 CST 2026] --- retry push only: channel=a02 seq=18 ---
# On branch hpc-mailbox
# Your branch is ahead of 'origin/hpc-mailbox' by 1 commit.
#   (use "git push" to publish your local commits)
#
# Untracked files:
#   (use "git add <file>..." to include in what will be committed)
#
#	inbox/autoresearch-64/hbv_lite_64_prospective_seq62.slurm
#	inbox/gpucheck_ngu009.slurm
#	inbox/gpucheck_ngu101.slurm
#	payload/id29-nearing2022-da/closure_v12.tar.gz
#	payload/id29-nearing2022-da/closure_v13.tar.gz
#	payload/id29-nearing2022-da/gate_preflight_v1.tar.gz
#	runner.log
#	runner2.log
nothing added to commit but untracked files present (use "git add" to track)
[ERROR] push failed: a02/18 (result kept in staging, will retry push only)
[Sun Sep  6 01:09:09 CST 2026] --- retry push only: channel=a02 seq=18 ---
# On branch hpc-mailbox
# Your branch is ahead of 'origin/hpc-mailbox' by 1 commit.
#   (use "git push" to publish your local commits)
#
# Untracked files:
#   (use "git add <file>..." to include in what will be committed)
#
#	inbox/autoresearch-64/hbv_lite_64_prospective_seq62.slurm
#	inbox/gpucheck_ngu009.slurm
#	inbox/gpucheck_ngu101.slurm
#	payload/id29-nearing2022-da/closure_v12.tar.gz
#	payload/id29-nearing2022-da/closure_v13.tar.gz
#	payload/id29-nearing2022-da/gate_preflight_v1.tar.gz
#	runner.log
#	runner2.log
nothing added to commit but untracked files present (use "git add" to track)
[ERROR] push failed: a02/18 (result kept in staging, will retry push only)
[Sun Sep  6 01:10:51 CST 2026] --- retry push only: channel=a02 seq=18 ---
# On branch hpc-mailbox
# Your branch is ahead of 'origin/hpc-mailbox' by 1 commit.
#   (use "git push" to publish your local commits)
#
# Untracked files:
#   (use "git add <file>..." to include in what will be committed)
#
#	inbox/autoresearch-64/hbv_lite_64_prospective_seq62.slurm
#	inbox/gpucheck_ngu009.slurm
#	inbox/gpucheck_ngu101.slurm
#	payload/id29-nearing2022-da/closure_v12.tar.gz
#	payload/id29-nearing2022-da/closure_v13.tar.gz
#	payload/id29-nearing2022-da/gate_preflight_v1.tar.gz
#	runner.log
#	runner2.log
nothing added to commit but untracked files present (use "git add" to track)
[ERROR] push failed: a02/18 (result kept in staging, will retry push only)
[Sun Sep  6 01:12:32 CST 2026] --- retry push only: channel=a02 seq=18 ---
# On branch hpc-mailbox
# Your branch is ahead of 'origin/hpc-mailbox' by 1 commit.
#   (use "git push" to publish your local commits)
#
# Untracked files:
#   (use "git add <file>..." to include in what will be committed)
#
#	inbox/autoresearch-64/hbv_lite_64_prospective_seq62.slurm
#	inbox/gpucheck_ngu009.slurm
#	inbox/gpucheck_ngu101.slurm
#	payload/id29-nearing2022-da/closure_v12.tar.gz
#	payload/id29-nearing2022-da/closure_v13.tar.gz
#	payload/id29-nearing2022-da/gate_preflight_v1.tar.gz
#	runner.log
#	runner2.log
nothing added to commit but untracked files present (use "git add" to track)
[ERROR] push failed: a02/18 (result kept in staging, will retry push only)
[Sun Sep  6 01:14:14 CST 2026] --- retry push only: channel=a02 seq=18 ---
# On branch hpc-mailbox
# Your branch is ahead of 'origin/hpc-mailbox' by 1 commit.
#   (use "git push" to publish your local commits)
#
# Untracked files:
#   (use "git add <file>..." to include in what will be committed)
#
#	inbox/autoresearch-64/hbv_lite_64_prospective_seq62.slurm
#	inbox/gpucheck_ngu009.slurm
#	inbox/gpucheck_ngu101.slurm
#	payload/id29-nearing2022-da/closure_v12.tar.gz
#	payload/id29-nearing2022-da/closure_v13.tar.gz
#	payload/id29-nearing2022-da/gate_preflight_v1.tar.gz
#	runner.log
#	runner2.log
nothing added to commit but untracked files present (use "git add" to track)
[ERROR] push failed: a02/18 (result kept in staging, will retry push only)
[Sun Sep  6 01:15:56 CST 2026] --- retry push only: channel=a02 seq=18 ---
# On branch hpc-mailbox
# Your branch is ahead of 'origin/hpc-mailbox' by 1 commit.
#   (use "git push" to publish your local commits)
#
# Untracked files:
#   (use "git add <file>..." to include in what will be committed)
#
#	inbox/autoresearch-64/hbv_lite_64_prospective_seq62.slurm
#	inbox/gpucheck_ngu009.slurm
#	inbox/gpucheck_ngu101.slurm
#	payload/id29-nearing2022-da/closure_v12.tar.gz
#	payload/id29-nearing2022-da/closure_v13.tar.gz
#	payload/id29-nearing2022-da/gate_preflight_v1.tar.gz
#	runner.log
#	runner2.log
nothing added to commit but untracked files present (use "git add" to track)
[ERROR] push failed: a02/18 (result kept in staging, will retry push only)
[Sun Sep  6 01:17:37 CST 2026] --- retry push only: channel=a02 seq=18 ---
# On branch hpc-mailbox
# Your branch is ahead of 'origin/hpc-mailbox' by 1 commit.
#   (use "git push" to publish your local commits)
#
# Untracked files:
#   (use "git add <file>..." to include in what will be committed)
#
#	inbox/autoresearch-64/hbv_lite_64_prospective_seq62.slurm
#	inbox/gpucheck_ngu009.slurm
#	inbox/gpucheck_ngu101.slurm
#	payload/id29-nearing2022-da/closure_v12.tar.gz
#	payload/id29-nearing2022-da/closure_v13.tar.gz
#	payload/id29-nearing2022-da/gate_preflight_v1.tar.gz
#	runner.log
#	runner2.log
nothing added to commit but untracked files present (use "git add" to track)
[ERROR] push failed: a02/18 (result kept in staging, will retry push only)
[Sun Sep  6 01:19:19 CST 2026] --- retry push only: channel=a02 seq=18 ---
# On branch hpc-mailbox
# Your branch is ahead of 'origin/hpc-mailbox' by 1 commit.
#   (use "git push" to publish your local commits)
#
# Untracked files:
#   (use "git add <file>..." to include in what will be committed)
#
#	inbox/autoresearch-64/hbv_lite_64_prospective_seq62.slurm
#	inbox/gpucheck_ngu009.slurm
#	inbox/gpucheck_ngu101.slurm
#	payload/id29-nearing2022-da/closure_v12.tar.gz
#	payload/id29-nearing2022-da/closure_v13.tar.gz
#	payload/id29-nearing2022-da/gate_preflight_v1.tar.gz
#	runner.log
#	runner2.log
nothing added to commit but untracked files present (use "git add" to track)
[ERROR] push failed: a02/18 (result kept in staging, will retry push only)
[Sun Sep  6 01:21:00 CST 2026] --- retry push only: channel=a02 seq=18 ---
# On branch hpc-mailbox
# Your branch is ahead of 'origin/hpc-mailbox' by 1 commit.
#   (use "git push" to publish your local commits)
#
# Untracked files:
#   (use "git add <file>..." to include in what will be committed)
#
#	inbox/autoresearch-64/hbv_lite_64_prospective_seq62.slurm
#	inbox/gpucheck_ngu009.slurm
#	inbox/gpucheck_ngu101.slurm
#	payload/id29-nearing2022-da/closure_v12.tar.gz
#	payload/id29-nearing2022-da/closure_v13.tar.gz
#	payload/id29-nearing2022-da/gate_preflight_v1.tar.gz
#	runner.log
#	runner2.log
nothing added to commit but untracked files present (use "git add" to track)
[ERROR] push failed: a02/18 (result kept in staging, will retry push only)
[Sun Sep  6 01:22:43 CST 2026] --- retry push only: channel=a02 seq=18 ---
# On branch hpc-mailbox
# Your branch is ahead of 'origin/hpc-mailbox' by 1 commit.
#   (use "git push" to publish your local commits)
#
# Untracked files:
#   (use "git add <file>..." to include in what will be committed)
#
#	inbox/autoresearch-64/hbv_lite_64_prospective_seq62.slurm
#	inbox/gpucheck_ngu009.slurm
#	inbox/gpucheck_ngu101.slurm
#	payload/id29-nearing2022-da/closure_v12.tar.gz
#	payload/id29-nearing2022-da/closure_v13.tar.gz
#	payload/id29-nearing2022-da/gate_preflight_v1.tar.gz
#	runner.log
#	runner2.log
nothing added to commit but untracked files present (use "git add" to track)
[ERROR] push failed: a02/18 (result kept in staging, will retry push only)
[Sun Sep  6 01:24:25 CST 2026] --- retry push only: channel=a02 seq=18 ---
# On branch hpc-mailbox
# Your branch is ahead of 'origin/hpc-mailbox' by 1 commit.
#   (use "git push" to publish your local commits)
#
# Untracked files:
#   (use "git add <file>..." to include in what will be committed)
#
#	inbox/autoresearch-64/hbv_lite_64_prospective_seq62.slurm
#	inbox/gpucheck_ngu009.slurm
#	inbox/gpucheck_ngu101.slurm
#	payload/id29-nearing2022-da/closure_v12.tar.gz
#	payload/id29-nearing2022-da/closure_v13.tar.gz
#	payload/id29-nearing2022-da/gate_preflight_v1.tar.gz
#	runner.log
#	runner2.log
nothing added to commit but untracked files present (use "git add" to track)
[ERROR] push failed: a02/18 (result kept in staging, will retry push only)
[Sun Sep  6 01:26:07 CST 2026] --- retry push only: channel=a02 seq=18 ---
# On branch hpc-mailbox
# Your branch is ahead of 'origin/hpc-mailbox' by 1 commit.
#   (use "git push" to publish your local commits)
#
# Untracked files:
#   (use "git add <file>..." to include in what will be committed)
#
#	inbox/autoresearch-64/hbv_lite_64_prospective_seq62.slurm
#	inbox/gpucheck_ngu009.slurm
#	inbox/gpucheck_ngu101.slurm
#	payload/id29-nearing2022-da/closure_v12.tar.gz
#	payload/id29-nearing2022-da/closure_v13.tar.gz
#	payload/id29-nearing2022-da/gate_preflight_v1.tar.gz
#	runner.log
#	runner2.log
nothing added to commit but untracked files present (use "git add" to track)
[ERROR] push failed: a02/18 (result kept in staging, will retry push only)
[Sun Sep  6 01:27:49 CST 2026] --- retry push only: channel=a02 seq=18 ---
# On branch hpc-mailbox
# Your branch is ahead of 'origin/hpc-mailbox' by 1 commit.
#   (use "git push" to publish your local commits)
#
# Untracked files:
#   (use "git add <file>..." to include in what will be committed)
#
#	inbox/autoresearch-64/hbv_lite_64_prospective_seq62.slurm
#	inbox/gpucheck_ngu009.slurm
#	inbox/gpucheck_ngu101.slurm
#	payload/id29-nearing2022-da/closure_v12.tar.gz
#	payload/id29-nearing2022-da/closure_v13.tar.gz
#	payload/id29-nearing2022-da/gate_preflight_v1.tar.gz
#	runner.log
#	runner2.log
nothing added to commit but untracked files present (use "git add" to track)
[ERROR] push failed: a02/18 (result kept in staging, will retry push only)
[Sun Sep  6 01:29:31 CST 2026] --- retry push only: channel=a02 seq=18 ---
# On branch hpc-mailbox
# Your branch is ahead of 'origin/hpc-mailbox' by 1 commit.
#   (use "git push" to publish your local commits)
#
# Untracked files:
#   (use "git add <file>..." to include in what will be committed)
#
#	inbox/autoresearch-64/hbv_lite_64_prospective_seq62.slurm
#	inbox/gpucheck_ngu009.slurm
#	inbox/gpucheck_ngu101.slurm
#	payload/id29-nearing2022-da/closure_v12.tar.gz
#	payload/id29-nearing2022-da/closure_v13.tar.gz
#	payload/id29-nearing2022-da/gate_preflight_v1.tar.gz
#	runner.log
#	runner2.log
nothing added to commit but untracked files present (use "git add" to track)
[ERROR] push failed: a02/18 (result kept in staging, will retry push only)
[Sun Sep  6 01:31:47 CST 2026] --- retry push only: channel=a02 seq=18 ---
# On branch hpc-mailbox
# Your branch is ahead of 'origin/hpc-mailbox' by 1 commit.
#   (use "git push" to publish your local commits)
#
# Untracked files:
#   (use "git add <file>..." to include in what will be committed)
#
#	inbox/autoresearch-64/hbv_lite_64_prospective_seq62.slurm
#	inbox/gpucheck_ngu009.slurm
#	inbox/gpucheck_ngu101.slurm
#	payload/id29-nearing2022-da/closure_v12.tar.gz
#	payload/id29-nearing2022-da/closure_v13.tar.gz
#	payload/id29-nearing2022-da/gate_preflight_v1.tar.gz
#	runner.log
#	runner2.log
nothing added to commit but untracked files present (use "git add" to track)
[ERROR] push failed: a02/18 (result kept in staging, will retry push only)
[Sun Sep  6 01:33:33 CST 2026] --- retry push only: channel=a02 seq=18 ---
# On branch hpc-mailbox
# Your branch is ahead of 'origin/hpc-mailbox' by 1 commit.
#   (use "git push" to publish your local commits)
#
# Untracked files:
#   (use "git add <file>..." to include in what will be committed)
#
#	inbox/autoresearch-64/hbv_lite_64_prospective_seq62.slurm
#	inbox/gpucheck_ngu009.slurm
#	inbox/gpucheck_ngu101.slurm
#	payload/id29-nearing2022-da/closure_v12.tar.gz
#	payload/id29-nearing2022-da/closure_v13.tar.gz
#	payload/id29-nearing2022-da/gate_preflight_v1.tar.gz
#	runner.log
#	runner2.log
nothing added to commit but untracked files present (use "git add" to track)
[ERROR] push failed: a02/18 (result kept in staging, will retry push only)
[Sun Sep  6 01:35:15 CST 2026] --- retry push only: channel=a02 seq=18 ---
# On branch hpc-mailbox
# Your branch is ahead of 'origin/hpc-mailbox' by 1 commit.
#   (use "git push" to publish your local commits)
#
# Untracked files:
#   (use "git add <file>..." to include in what will be committed)
#
#	inbox/autoresearch-64/hbv_lite_64_prospective_seq62.slurm
#	inbox/gpucheck_ngu009.slurm
#	inbox/gpucheck_ngu101.slurm
#	payload/id29-nearing2022-da/closure_v12.tar.gz
#	payload/id29-nearing2022-da/closure_v13.tar.gz
#	payload/id29-nearing2022-da/gate_preflight_v1.tar.gz
#	runner.log
#	runner2.log
nothing added to commit but untracked files present (use "git add" to track)
[ERROR] push failed: a02/18 (result kept in staging, will retry push only)
[Sun Sep  6 01:36:57 CST 2026] --- retry push only: channel=a02 seq=18 ---
# On branch hpc-mailbox
# Your branch is ahead of 'origin/hpc-mailbox' by 1 commit.
#   (use "git push" to publish your local commits)
#
# Untracked files:
#   (use "git add <file>..." to include in what will be committed)
#
#	inbox/autoresearch-64/hbv_lite_64_prospective_seq62.slurm
#	inbox/gpucheck_ngu009.slurm
#	inbox/gpucheck_ngu101.slurm
#	payload/id29-nearing2022-da/closure_v12.tar.gz
#	payload/id29-nearing2022-da/closure_v13.tar.gz
#	payload/id29-nearing2022-da/gate_preflight_v1.tar.gz
#	runner.log
#	runner2.log
nothing added to commit but untracked files present (use "git add" to track)
[ERROR] push failed: a02/18 (result kept in staging, will retry push only)
[Sun Sep  6 01:38:38 CST 2026] --- retry push only: channel=a02 seq=18 ---
# On branch hpc-mailbox
# Your branch is ahead of 'origin/hpc-mailbox' by 1 commit.
#   (use "git push" to publish your local commits)
#
# Untracked files:
#   (use "git add <file>..." to include in what will be committed)
#
#	inbox/autoresearch-64/hbv_lite_64_prospective_seq62.slurm
#	inbox/gpucheck_ngu009.slurm
#	inbox/gpucheck_ngu101.slurm
#	payload/id29-nearing2022-da/closure_v12.tar.gz
#	payload/id29-nearing2022-da/closure_v13.tar.gz
#	payload/id29-nearing2022-da/gate_preflight_v1.tar.gz
#	runner.log
#	runner2.log
nothing added to commit but untracked files present (use "git add" to track)
[ERROR] push failed: a02/18 (result kept in staging, will retry push only)
[Sun Sep  6 01:40:20 CST 2026] --- retry push only: channel=a02 seq=18 ---
# On branch hpc-mailbox
# Your branch is ahead of 'origin/hpc-mailbox' by 1 commit.
#   (use "git push" to publish your local commits)
#
# Untracked files:
#   (use "git add <file>..." to include in what will be committed)
#
#	inbox/autoresearch-64/hbv_lite_64_prospective_seq62.slurm
#	inbox/gpucheck_ngu009.slurm
#	inbox/gpucheck_ngu101.slurm
#	payload/id29-nearing2022-da/closure_v12.tar.gz
#	payload/id29-nearing2022-da/closure_v13.tar.gz
#	payload/id29-nearing2022-da/gate_preflight_v1.tar.gz
#	runner.log
#	runner2.log
nothing added to commit but untracked files present (use "git add" to track)
[ERROR] push failed: a02/18 (result kept in staging, will retry push only)
[Sun Sep  6 01:42:02 CST 2026] --- retry push only: channel=a02 seq=18 ---
# On branch hpc-mailbox
# Your branch is ahead of 'origin/hpc-mailbox' by 1 commit.
#   (use "git push" to publish your local commits)
#
# Untracked files:
#   (use "git add <file>..." to include in what will be committed)
#
#	inbox/autoresearch-64/hbv_lite_64_prospective_seq62.slurm
#	inbox/gpucheck_ngu009.slurm
#	inbox/gpucheck_ngu101.slurm
#	payload/id29-nearing2022-da/closure_v12.tar.gz
#	payload/id29-nearing2022-da/closure_v13.tar.gz
#	payload/id29-nearing2022-da/gate_preflight_v1.tar.gz
#	runner.log
#	runner2.log
nothing added to commit but untracked files present (use "git add" to track)
[ERROR] push failed: a02/18 (result kept in staging, will retry push only)
[Sun Sep  6 01:43:44 CST 2026] --- retry push only: channel=a02 seq=18 ---
# On branch hpc-mailbox
# Your branch is ahead of 'origin/hpc-mailbox' by 1 commit.
#   (use "git push" to publish your local commits)
#
# Untracked files:
#   (use "git add <file>..." to include in what will be committed)
#
#	inbox/autoresearch-64/hbv_lite_64_prospective_seq62.slurm
#	inbox/gpucheck_ngu009.slurm
#	inbox/gpucheck_ngu101.slurm
#	payload/id29-nearing2022-da/closure_v12.tar.gz
#	payload/id29-nearing2022-da/closure_v13.tar.gz
#	payload/id29-nearing2022-da/gate_preflight_v1.tar.gz
#	runner.log
#	runner2.log
nothing added to commit but untracked files present (use "git add" to track)
[ERROR] push failed: a02/18 (result kept in staging, will retry push only)
[Sun Sep  6 01:45:27 CST 2026] --- retry push only: channel=a02 seq=18 ---
# On branch hpc-mailbox
# Your branch is ahead of 'origin/hpc-mailbox' by 1 commit.
#   (use "git push" to publish your local commits)
#
# Untracked files:
#   (use "git add <file>..." to include in what will be committed)
#
#	inbox/autoresearch-64/hbv_lite_64_prospective_seq62.slurm
#	inbox/gpucheck_ngu009.slurm
#	inbox/gpucheck_ngu101.slurm
#	payload/id29-nearing2022-da/closure_v12.tar.gz
#	payload/id29-nearing2022-da/closure_v13.tar.gz
#	payload/id29-nearing2022-da/gate_preflight_v1.tar.gz
#	runner.log
#	runner2.log
nothing added to commit but untracked files present (use "git add" to track)
[ERROR] push failed: a02/18 (result kept in staging, will retry push only)
[Sun Sep  6 01:47:08 CST 2026] --- retry push only: channel=a02 seq=18 ---
# On branch hpc-mailbox
# Your branch is ahead of 'origin/hpc-mailbox' by 1 commit.
#   (use "git push" to publish your local commits)
#
# Untracked files:
#   (use "git add <file>..." to include in what will be committed)
#
#	inbox/autoresearch-64/hbv_lite_64_prospective_seq62.slurm
#	inbox/gpucheck_ngu009.slurm
#	inbox/gpucheck_ngu101.slurm
#	payload/id29-nearing2022-da/closure_v12.tar.gz
#	payload/id29-nearing2022-da/closure_v13.tar.gz
#	payload/id29-nearing2022-da/gate_preflight_v1.tar.gz
#	runner.log
#	runner2.log
nothing added to commit but untracked files present (use "git add" to track)
[ERROR] push failed: a02/18 (result kept in staging, will retry push only)
[Sun Sep  6 01:48:50 CST 2026] --- retry push only: channel=a02 seq=18 ---
# On branch hpc-mailbox
# Your branch is ahead of 'origin/hpc-mailbox' by 1 commit.
#   (use "git push" to publish your local commits)
#
# Untracked files:
#   (use "git add <file>..." to include in what will be committed)
#
#	inbox/autoresearch-64/hbv_lite_64_prospective_seq62.slurm
#	inbox/gpucheck_ngu009.slurm
#	inbox/gpucheck_ngu101.slurm
#	payload/id29-nearing2022-da/closure_v12.tar.gz
#	payload/id29-nearing2022-da/closure_v13.tar.gz
#	payload/id29-nearing2022-da/gate_preflight_v1.tar.gz
#	runner.log
#	runner2.log
nothing added to commit but untracked files present (use "git add" to track)
[ERROR] push failed: a02/18 (result kept in staging, will retry push only)
[Sun Sep  6 01:50:33 CST 2026] --- retry push only: channel=a02 seq=18 ---
# On branch hpc-mailbox
# Your branch and 'origin/hpc-mailbox' have diverged,
# and have 1 and 1 different commit each, respectively.
#   (use "git pull" to merge the remote branch into yours)
#
# Untracked files:
#   (use "git add <file>..." to include in what will be committed)
#
#	inbox/autoresearch-64/hbv_lite_64_prospective_seq62.slurm
#	inbox/gpucheck_ngu009.slurm
#	inbox/gpucheck_ngu101.slurm
#	payload/id29-nearing2022-da/closure_v12.tar.gz
#	payload/id29-nearing2022-da/closure_v13.tar.gz
#	payload/id29-nearing2022-da/gate_preflight_v1.tar.gz
#	runner.log
#	runner2.log
nothing added to commit but untracked files present (use "git add" to track)
[Sun Sep  6 01:51:44 CST 2026] --- start channel=attrswap-daily seq=5 ---
[ERROR] push failed: a02/18 (result kept in staging, will retry push only)
[Sun Sep  6 01:52:17 CST 2026] --- retry push only: channel=a02 seq=18 ---
[Sun Sep  6 01:52:21 CST 2026] done channel=attrswap-daily seq=5 rc=0
# On branch hpc-mailbox
# Your branch is ahead of 'origin/hpc-mailbox' by 1 commit.
#   (use "git push" to publish your local commits)
#
# Untracked files:
#   (use "git add <file>..." to include in what will be committed)
#
#	inbox/autoresearch-64/hbv_lite_64_prospective_seq62.slurm
#	inbox/gpucheck_ngu009.slurm
#	inbox/gpucheck_ngu101.slurm
#	payload/id29-nearing2022-da/closure_v12.tar.gz
#	payload/id29-nearing2022-da/closure_v13.tar.gz
#	payload/id29-nearing2022-da/gate_preflight_v1.tar.gz
#	runner.log
#	runner2.log
nothing added to commit but untracked files present (use "git add" to track)
[ERROR] push failed: a02/18 (result kept in staging, will retry push only)
[Sun Sep  6 01:54:00 CST 2026] --- retry push only: channel=a02 seq=18 ---
# On branch hpc-mailbox
# Your branch is ahead of 'origin/hpc-mailbox' by 1 commit.
#   (use "git push" to publish your local commits)
#
# Untracked files:
#   (use "git add <file>..." to include in what will be committed)
#
#	inbox/autoresearch-64/hbv_lite_64_prospective_seq62.slurm
#	inbox/gpucheck_ngu009.slurm
#	inbox/gpucheck_ngu101.slurm
#	payload/id29-nearing2022-da/closure_v12.tar.gz
#	payload/id29-nearing2022-da/closure_v13.tar.gz
#	payload/id29-nearing2022-da/gate_preflight_v1.tar.gz
#	runner.log
#	runner2.log
nothing added to commit but untracked files present (use "git add" to track)
[ERROR] push failed: a02/18 (result kept in staging, will retry push only)
[Sun Sep  6 01:55:42 CST 2026] --- retry push only: channel=a02 seq=18 ---
# On branch hpc-mailbox
# Your branch is ahead of 'origin/hpc-mailbox' by 1 commit.
#   (use "git push" to publish your local commits)
#
# Untracked files:
#   (use "git add <file>..." to include in what will be committed)
#
#	inbox/autoresearch-64/hbv_lite_64_prospective_seq62.slurm
#	inbox/gpucheck_ngu009.slurm
#	inbox/gpucheck_ngu101.slurm
#	payload/id29-nearing2022-da/closure_v12.tar.gz
#	payload/id29-nearing2022-da/closure_v13.tar.gz
#	payload/id29-nearing2022-da/gate_preflight_v1.tar.gz
#	runner.log
#	runner2.log
nothing added to commit but untracked files present (use "git add" to track)
[ERROR] push failed: a02/18 (result kept in staging, will retry push only)
[Sun Sep  6 01:57:24 CST 2026] --- retry push only: channel=a02 seq=18 ---
# On branch hpc-mailbox
# Your branch is ahead of 'origin/hpc-mailbox' by 1 commit.
#   (use "git push" to publish your local commits)
#
# Untracked files:
#   (use "git add <file>..." to include in what will be committed)
#
#	inbox/autoresearch-64/hbv_lite_64_prospective_seq62.slurm
#	inbox/gpucheck_ngu009.slurm
#	inbox/gpucheck_ngu101.slurm
#	payload/id29-nearing2022-da/closure_v12.tar.gz
#	payload/id29-nearing2022-da/closure_v13.tar.gz
#	payload/id29-nearing2022-da/gate_preflight_v1.tar.gz
#	runner.log
#	runner2.log
nothing added to commit but untracked files present (use "git add" to track)
[ERROR] push failed: a02/18 (result kept in staging, will retry push only)
[Sun Sep  6 01:59:06 CST 2026] --- retry push only: channel=a02 seq=18 ---
# On branch hpc-mailbox
# Your branch is ahead of 'origin/hpc-mailbox' by 1 commit.
#   (use "git push" to publish your local commits)
#
# Untracked files:
#   (use "git add <file>..." to include in what will be committed)
#
#	inbox/autoresearch-64/hbv_lite_64_prospective_seq62.slurm
#	inbox/gpucheck_ngu009.slurm
#	inbox/gpucheck_ngu101.slurm
#	payload/id29-nearing2022-da/closure_v12.tar.gz
#	payload/id29-nearing2022-da/closure_v13.tar.gz
#	payload/id29-nearing2022-da/gate_preflight_v1.tar.gz
#	runner.log
#	runner2.log
nothing added to commit but untracked files present (use "git add" to track)
[ERROR] push failed: a02/18 (result kept in staging, will retry push only)
[Sun Sep  6 02:00:47 CST 2026] --- retry push only: channel=a02 seq=18 ---
# On branch hpc-mailbox
# Your branch is ahead of 'origin/hpc-mailbox' by 1 commit.
#   (use "git push" to publish your local commits)
#
# Untracked files:
#   (use "git add <file>..." to include in what will be committed)
#
#	inbox/autoresearch-64/hbv_lite_64_prospective_seq62.slurm
#	inbox/gpucheck_ngu009.slurm
#	inbox/gpucheck_ngu101.slurm
#	payload/id29-nearing2022-da/closure_v12.tar.gz
#	payload/id29-nearing2022-da/closure_v13.tar.gz
#	payload/id29-nearing2022-da/gate_preflight_v1.tar.gz
#	runner.log
#	runner2.log
nothing added to commit but untracked files present (use "git add" to track)
[ERROR] push failed: a02/18 (result kept in staging, will retry push only)
[Sun Sep  6 02:02:29 CST 2026] --- retry push only: channel=a02 seq=18 ---
# On branch hpc-mailbox
# Your branch is ahead of 'origin/hpc-mailbox' by 1 commit.
#   (use "git push" to publish your local commits)
#
# Untracked files:
#   (use "git add <file>..." to include in what will be committed)
#
#	inbox/autoresearch-64/hbv_lite_64_prospective_seq62.slurm
#	inbox/gpucheck_ngu009.slurm
#	inbox/gpucheck_ngu101.slurm
#	payload/id29-nearing2022-da/closure_v12.tar.gz
#	payload/id29-nearing2022-da/closure_v13.tar.gz
#	payload/id29-nearing2022-da/gate_preflight_v1.tar.gz
#	runner.log
#	runner2.log
nothing added to commit but untracked files present (use "git add" to track)
[ERROR] push failed: a02/18 (result kept in staging, will retry push only)
[Sun Sep  6 02:04:12 CST 2026] --- retry push only: channel=a02 seq=18 ---
# On branch hpc-mailbox
# Your branch is ahead of 'origin/hpc-mailbox' by 1 commit.
#   (use "git push" to publish your local commits)
#
# Untracked files:
#   (use "git add <file>..." to include in what will be committed)
#
#	inbox/autoresearch-64/hbv_lite_64_prospective_seq62.slurm
#	inbox/gpucheck_ngu009.slurm
#	inbox/gpucheck_ngu101.slurm
#	payload/id29-nearing2022-da/closure_v12.tar.gz
#	payload/id29-nearing2022-da/closure_v13.tar.gz
#	payload/id29-nearing2022-da/gate_preflight_v1.tar.gz
#	runner.log
#	runner2.log
nothing added to commit but untracked files present (use "git add" to track)
[ERROR] push failed: a02/18 (result kept in staging, will retry push only)
[Sun Sep  6 02:05:54 CST 2026] --- retry push only: channel=a02 seq=18 ---
# On branch hpc-mailbox
# Your branch is ahead of 'origin/hpc-mailbox' by 1 commit.
#   (use "git push" to publish your local commits)
#
# Untracked files:
#   (use "git add <file>..." to include in what will be committed)
#
#	inbox/autoresearch-64/hbv_lite_64_prospective_seq62.slurm
#	inbox/gpucheck_ngu009.slurm
#	inbox/gpucheck_ngu101.slurm
#	payload/id29-nearing2022-da/closure_v12.tar.gz
#	payload/id29-nearing2022-da/closure_v13.tar.gz
#	payload/id29-nearing2022-da/gate_preflight_v1.tar.gz
#	runner.log
#	runner2.log
nothing added to commit but untracked files present (use "git add" to track)
[ERROR] push failed: a02/18 (result kept in staging, will retry push only)
[Sun Sep  6 02:07:38 CST 2026] --- retry push only: channel=a02 seq=18 ---
# On branch hpc-mailbox
# Your branch is ahead of 'origin/hpc-mailbox' by 1 commit.
#   (use "git push" to publish your local commits)
#
# Untracked files:
#   (use "git add <file>..." to include in what will be committed)
#
#	inbox/autoresearch-64/hbv_lite_64_prospective_seq62.slurm
#	inbox/gpucheck_ngu009.slurm
#	inbox/gpucheck_ngu101.slurm
#	payload/id29-nearing2022-da/closure_v12.tar.gz
#	payload/id29-nearing2022-da/closure_v13.tar.gz
#	payload/id29-nearing2022-da/gate_preflight_v1.tar.gz
#	runner.log
#	runner2.log
nothing added to commit but untracked files present (use "git add" to track)
[ERROR] push failed: a02/18 (result kept in staging, will retry push only)
[Sun Sep  6 02:09:22 CST 2026] --- retry push only: channel=a02 seq=18 ---
# On branch hpc-mailbox
# Your branch is ahead of 'origin/hpc-mailbox' by 1 commit.
#   (use "git push" to publish your local commits)
#
# Untracked files:
#   (use "git add <file>..." to include in what will be committed)
#
#	inbox/autoresearch-64/hbv_lite_64_prospective_seq62.slurm
#	inbox/gpucheck_ngu009.slurm
#	inbox/gpucheck_ngu101.slurm
#	payload/id29-nearing2022-da/closure_v12.tar.gz
#	payload/id29-nearing2022-da/closure_v13.tar.gz
#	payload/id29-nearing2022-da/gate_preflight_v1.tar.gz
#	runner.log
#	runner2.log
nothing added to commit but untracked files present (use "git add" to track)
[ERROR] push failed: a02/18 (result kept in staging, will retry push only)
[Sun Sep  6 02:11:38 CST 2026] --- retry push only: channel=a02 seq=18 ---
# On branch hpc-mailbox
# Your branch is ahead of 'origin/hpc-mailbox' by 1 commit.
#   (use "git push" to publish your local commits)
#
# Untracked files:
#   (use "git add <file>..." to include in what will be committed)
#
#	inbox/autoresearch-64/hbv_lite_64_prospective_seq62.slurm
#	inbox/gpucheck_ngu009.slurm
#	inbox/gpucheck_ngu101.slurm
#	payload/id29-nearing2022-da/closure_v12.tar.gz
#	payload/id29-nearing2022-da/closure_v13.tar.gz
#	payload/id29-nearing2022-da/gate_preflight_v1.tar.gz
#	runner.log
#	runner2.log
nothing added to commit but untracked files present (use "git add" to track)
[ERROR] push failed: a02/18 (result kept in staging, will retry push only)
[Sun Sep  6 02:13:19 CST 2026] --- retry push only: channel=a02 seq=18 ---
# On branch hpc-mailbox
# Your branch is ahead of 'origin/hpc-mailbox' by 1 commit.
#   (use "git push" to publish your local commits)
#
# Untracked files:
#   (use "git add <file>..." to include in what will be committed)
#
#	inbox/autoresearch-64/hbv_lite_64_prospective_seq62.slurm
#	inbox/gpucheck_ngu009.slurm
#	inbox/gpucheck_ngu101.slurm
#	payload/id29-nearing2022-da/closure_v12.tar.gz
#	payload/id29-nearing2022-da/closure_v13.tar.gz
#	payload/id29-nearing2022-da/gate_preflight_v1.tar.gz
#	runner.log
#	runner2.log
nothing added to commit but untracked files present (use "git add" to track)
[ERROR] push failed: a02/18 (result kept in staging, will retry push only)
[Sun Sep  6 02:15:01 CST 2026] --- retry push only: channel=a02 seq=18 ---
# On branch hpc-mailbox
# Your branch is ahead of 'origin/hpc-mailbox' by 1 commit.
#   (use "git push" to publish your local commits)
#
# Untracked files:
#   (use "git add <file>..." to include in what will be committed)
#
#	inbox/autoresearch-64/hbv_lite_64_prospective_seq62.slurm
#	inbox/gpucheck_ngu009.slurm
#	inbox/gpucheck_ngu101.slurm
#	payload/id29-nearing2022-da/closure_v12.tar.gz
#	payload/id29-nearing2022-da/closure_v13.tar.gz
#	payload/id29-nearing2022-da/gate_preflight_v1.tar.gz
#	runner.log
#	runner2.log
nothing added to commit but untracked files present (use "git add" to track)
[ERROR] push failed: a02/18 (result kept in staging, will retry push only)
[Sun Sep  6 02:16:44 CST 2026] --- retry push only: channel=a02 seq=18 ---
# On branch hpc-mailbox
# Your branch is ahead of 'origin/hpc-mailbox' by 1 commit.
#   (use "git push" to publish your local commits)
#
# Untracked files:
#   (use "git add <file>..." to include in what will be committed)
#
#	inbox/autoresearch-64/hbv_lite_64_prospective_seq62.slurm
#	inbox/gpucheck_ngu009.slurm
#	inbox/gpucheck_ngu101.slurm
#	payload/id29-nearing2022-da/closure_v12.tar.gz
#	payload/id29-nearing2022-da/closure_v13.tar.gz
#	payload/id29-nearing2022-da/gate_preflight_v1.tar.gz
#	runner.log
#	runner2.log
nothing added to commit but untracked files present (use "git add" to track)
[ERROR] push failed: a02/18 (result kept in staging, will retry push only)
[Sun Sep  6 02:18:26 CST 2026] --- retry push only: channel=a02 seq=18 ---
# On branch hpc-mailbox
# Your branch is ahead of 'origin/hpc-mailbox' by 1 commit.
#   (use "git push" to publish your local commits)
#
# Untracked files:
#   (use "git add <file>..." to include in what will be committed)
#
#	inbox/autoresearch-64/hbv_lite_64_prospective_seq62.slurm
#	inbox/gpucheck_ngu009.slurm
#	inbox/gpucheck_ngu101.slurm
#	payload/id29-nearing2022-da/closure_v12.tar.gz
#	payload/id29-nearing2022-da/closure_v13.tar.gz
#	payload/id29-nearing2022-da/gate_preflight_v1.tar.gz
#	runner.log
#	runner2.log
nothing added to commit but untracked files present (use "git add" to track)
[ERROR] push failed: a02/18 (result kept in staging, will retry push only)
[Sun Sep  6 02:20:08 CST 2026] --- retry push only: channel=a02 seq=18 ---
# On branch hpc-mailbox
# Your branch is ahead of 'origin/hpc-mailbox' by 1 commit.
#   (use "git push" to publish your local commits)
#
# Untracked files:
#   (use "git add <file>..." to include in what will be committed)
#
#	inbox/autoresearch-64/hbv_lite_64_prospective_seq62.slurm
#	inbox/gpucheck_ngu009.slurm
#	inbox/gpucheck_ngu101.slurm
#	payload/id29-nearing2022-da/closure_v12.tar.gz
#	payload/id29-nearing2022-da/closure_v13.tar.gz
#	payload/id29-nearing2022-da/gate_preflight_v1.tar.gz
#	runner.log
#	runner2.log
nothing added to commit but untracked files present (use "git add" to track)
[ERROR] push failed: a02/18 (result kept in staging, will retry push only)
[Sun Sep  6 02:21:49 CST 2026] --- retry push only: channel=a02 seq=18 ---
# On branch hpc-mailbox
# Your branch is ahead of 'origin/hpc-mailbox' by 1 commit.
#   (use "git push" to publish your local commits)
#
# Untracked files:
#   (use "git add <file>..." to include in what will be committed)
#
#	inbox/autoresearch-64/hbv_lite_64_prospective_seq62.slurm
#	inbox/gpucheck_ngu009.slurm
#	inbox/gpucheck_ngu101.slurm
#	payload/id29-nearing2022-da/closure_v12.tar.gz
#	payload/id29-nearing2022-da/closure_v13.tar.gz
#	payload/id29-nearing2022-da/gate_preflight_v1.tar.gz
#	runner.log
#	runner2.log
nothing added to commit but untracked files present (use "git add" to track)
[ERROR] push failed: a02/18 (result kept in staging, will retry push only)
[Sun Sep  6 02:23:31 CST 2026] --- retry push only: channel=a02 seq=18 ---
# On branch hpc-mailbox
# Your branch is ahead of 'origin/hpc-mailbox' by 1 commit.
#   (use "git push" to publish your local commits)
#
# Untracked files:
#   (use "git add <file>..." to include in what will be committed)
#
#	inbox/autoresearch-64/hbv_lite_64_prospective_seq62.slurm
#	inbox/gpucheck_ngu009.slurm
#	inbox/gpucheck_ngu101.slurm
#	payload/id29-nearing2022-da/closure_v12.tar.gz
#	payload/id29-nearing2022-da/closure_v13.tar.gz
#	payload/id29-nearing2022-da/gate_preflight_v1.tar.gz
#	runner.log
#	runner2.log
nothing added to commit but untracked files present (use "git add" to track)
[ERROR] push failed: a02/18 (result kept in staging, will retry push only)
[Sun Sep  6 02:25:13 CST 2026] --- retry push only: channel=a02 seq=18 ---
# On branch hpc-mailbox
# Your branch is ahead of 'origin/hpc-mailbox' by 1 commit.
#   (use "git push" to publish your local commits)
#
# Untracked files:
#   (use "git add <file>..." to include in what will be committed)
#
#	inbox/autoresearch-64/hbv_lite_64_prospective_seq62.slurm
#	inbox/gpucheck_ngu009.slurm
#	inbox/gpucheck_ngu101.slurm
#	payload/id29-nearing2022-da/closure_v12.tar.gz
#	payload/id29-nearing2022-da/closure_v13.tar.gz
#	payload/id29-nearing2022-da/gate_preflight_v1.tar.gz
#	runner.log
#	runner2.log
nothing added to commit but untracked files present (use "git add" to track)
[ERROR] push failed: a02/18 (result kept in staging, will retry push only)
[Sun Sep  6 02:26:55 CST 2026] --- retry push only: channel=a02 seq=18 ---
# On branch hpc-mailbox
# Your branch is ahead of 'origin/hpc-mailbox' by 1 commit.
#   (use "git push" to publish your local commits)
#
# Untracked files:
#   (use "git add <file>..." to include in what will be committed)
#
#	inbox/autoresearch-64/hbv_lite_64_prospective_seq62.slurm
#	inbox/gpucheck_ngu009.slurm
#	inbox/gpucheck_ngu101.slurm
#	payload/id29-nearing2022-da/closure_v12.tar.gz
#	payload/id29-nearing2022-da/closure_v13.tar.gz
#	payload/id29-nearing2022-da/gate_preflight_v1.tar.gz
#	runner.log
#	runner2.log
nothing added to commit but untracked files present (use "git add" to track)
[ERROR] push failed: a02/18 (result kept in staging, will retry push only)
[Sun Sep  6 02:28:38 CST 2026] --- retry push only: channel=a02 seq=18 ---
# On branch hpc-mailbox
# Your branch is ahead of 'origin/hpc-mailbox' by 1 commit.
#   (use "git push" to publish your local commits)
#
# Untracked files:
#   (use "git add <file>..." to include in what will be committed)
#
#	inbox/autoresearch-64/hbv_lite_64_prospective_seq62.slurm
#	inbox/gpucheck_ngu009.slurm
#	inbox/gpucheck_ngu101.slurm
#	payload/id29-nearing2022-da/closure_v12.tar.gz
#	payload/id29-nearing2022-da/closure_v13.tar.gz
#	payload/id29-nearing2022-da/gate_preflight_v1.tar.gz
#	runner.log
#	runner2.log
nothing added to commit but untracked files present (use "git add" to track)
[ERROR] push failed: a02/18 (result kept in staging, will retry push only)
[Sun Sep  6 02:30:21 CST 2026] --- retry push only: channel=a02 seq=18 ---
# On branch hpc-mailbox
# Your branch is ahead of 'origin/hpc-mailbox' by 1 commit.
#   (use "git push" to publish your local commits)
#
# Untracked files:
#   (use "git add <file>..." to include in what will be committed)
#
#	inbox/autoresearch-64/hbv_lite_64_prospective_seq62.slurm
#	inbox/gpucheck_ngu009.slurm
#	inbox/gpucheck_ngu101.slurm
#	payload/id29-nearing2022-da/closure_v12.tar.gz
#	payload/id29-nearing2022-da/closure_v13.tar.gz
#	payload/id29-nearing2022-da/gate_preflight_v1.tar.gz
#	runner.log
#	runner2.log
nothing added to commit but untracked files present (use "git add" to track)
[ERROR] push failed: a02/18 (result kept in staging, will retry push only)
[Sun Sep  6 02:32:02 CST 2026] --- retry push only: channel=a02 seq=18 ---
# On branch hpc-mailbox
# Your branch is ahead of 'origin/hpc-mailbox' by 1 commit.
#   (use "git push" to publish your local commits)
#
# Untracked files:
#   (use "git add <file>..." to include in what will be committed)
#
#	inbox/autoresearch-64/hbv_lite_64_prospective_seq62.slurm
#	inbox/gpucheck_ngu009.slurm
#	inbox/gpucheck_ngu101.slurm
#	payload/id29-nearing2022-da/closure_v12.tar.gz
#	payload/id29-nearing2022-da/closure_v13.tar.gz
#	payload/id29-nearing2022-da/gate_preflight_v1.tar.gz
#	runner.log
#	runner2.log
nothing added to commit but untracked files present (use "git add" to track)
[ERROR] push failed: a02/18 (result kept in staging, will retry push only)
[Sun Sep  6 02:33:45 CST 2026] --- retry push only: channel=a02 seq=18 ---
# On branch hpc-mailbox
# Your branch is ahead of 'origin/hpc-mailbox' by 1 commit.
#   (use "git push" to publish your local commits)
#
# Untracked files:
#   (use "git add <file>..." to include in what will be committed)
#
#	inbox/autoresearch-64/hbv_lite_64_prospective_seq62.slurm
#	inbox/gpucheck_ngu009.slurm
#	inbox/gpucheck_ngu101.slurm
#	payload/id29-nearing2022-da/closure_v12.tar.gz
#	payload/id29-nearing2022-da/closure_v13.tar.gz
#	payload/id29-nearing2022-da/gate_preflight_v1.tar.gz
#	runner.log
#	runner2.log
nothing added to commit but untracked files present (use "git add" to track)
[ERROR] push failed: a02/18 (result kept in staging, will retry push only)
[Sun Sep  6 02:35:29 CST 2026] --- retry push only: channel=a02 seq=18 ---
# On branch hpc-mailbox
# Your branch is ahead of 'origin/hpc-mailbox' by 1 commit.
#   (use "git push" to publish your local commits)
#
# Untracked files:
#   (use "git add <file>..." to include in what will be committed)
#
#	inbox/autoresearch-64/hbv_lite_64_prospective_seq62.slurm
#	inbox/gpucheck_ngu009.slurm
#	inbox/gpucheck_ngu101.slurm
#	payload/id29-nearing2022-da/closure_v12.tar.gz
#	payload/id29-nearing2022-da/closure_v13.tar.gz
#	payload/id29-nearing2022-da/gate_preflight_v1.tar.gz
#	runner.log
#	runner2.log
nothing added to commit but untracked files present (use "git add" to track)
[ERROR] push failed: a02/18 (result kept in staging, will retry push only)
[Sun Sep  6 02:37:11 CST 2026] --- retry push only: channel=a02 seq=18 ---
# On branch hpc-mailbox
# Your branch is ahead of 'origin/hpc-mailbox' by 1 commit.
#   (use "git push" to publish your local commits)
#
# Untracked files:
#   (use "git add <file>..." to include in what will be committed)
#
#	inbox/autoresearch-64/hbv_lite_64_prospective_seq62.slurm
#	inbox/gpucheck_ngu009.slurm
#	inbox/gpucheck_ngu101.slurm
#	payload/id29-nearing2022-da/closure_v12.tar.gz
#	payload/id29-nearing2022-da/closure_v13.tar.gz
#	payload/id29-nearing2022-da/gate_preflight_v1.tar.gz
#	runner.log
#	runner2.log
nothing added to commit but untracked files present (use "git add" to track)
[ERROR] push failed: a02/18 (result kept in staging, will retry push only)
[Sun Sep  6 02:38:53 CST 2026] --- retry push only: channel=a02 seq=18 ---
# On branch hpc-mailbox
# Your branch is ahead of 'origin/hpc-mailbox' by 1 commit.
#   (use "git push" to publish your local commits)
#
# Untracked files:
#   (use "git add <file>..." to include in what will be committed)
#
#	inbox/autoresearch-64/hbv_lite_64_prospective_seq62.slurm
#	inbox/gpucheck_ngu009.slurm
#	inbox/gpucheck_ngu101.slurm
#	payload/id29-nearing2022-da/closure_v12.tar.gz
#	payload/id29-nearing2022-da/closure_v13.tar.gz
#	payload/id29-nearing2022-da/gate_preflight_v1.tar.gz
#	runner.log
#	runner2.log
nothing added to commit but untracked files present (use "git add" to track)
[ERROR] push failed: a02/18 (result kept in staging, will retry push only)
[Sun Sep  6 02:40:34 CST 2026] --- retry push only: channel=a02 seq=18 ---
# On branch hpc-mailbox
# Your branch is ahead of 'origin/hpc-mailbox' by 1 commit.
#   (use "git push" to publish your local commits)
#
# Untracked files:
#   (use "git add <file>..." to include in what will be committed)
#
#	inbox/autoresearch-64/hbv_lite_64_prospective_seq62.slurm
#	inbox/gpucheck_ngu009.slurm
#	inbox/gpucheck_ngu101.slurm
#	payload/id29-nearing2022-da/closure_v12.tar.gz
#	payload/id29-nearing2022-da/closure_v13.tar.gz
#	payload/id29-nearing2022-da/gate_preflight_v1.tar.gz
#	runner.log
#	runner2.log
nothing added to commit but untracked files present (use "git add" to track)
[ERROR] push failed: a02/18 (result kept in staging, will retry push only)
[Sun Sep  6 02:42:16 CST 2026] --- retry push only: channel=a02 seq=18 ---
# On branch hpc-mailbox
# Your branch is ahead of 'origin/hpc-mailbox' by 1 commit.
#   (use "git push" to publish your local commits)
#
# Untracked files:
#   (use "git add <file>..." to include in what will be committed)
#
#	inbox/autoresearch-64/hbv_lite_64_prospective_seq62.slurm
#	inbox/gpucheck_ngu009.slurm
#	inbox/gpucheck_ngu101.slurm
#	payload/id29-nearing2022-da/closure_v12.tar.gz
#	payload/id29-nearing2022-da/closure_v13.tar.gz
#	payload/id29-nearing2022-da/gate_preflight_v1.tar.gz
#	runner.log
#	runner2.log
nothing added to commit but untracked files present (use "git add" to track)
[ERROR] push failed: a02/18 (result kept in staging, will retry push only)
[Sun Sep  6 02:43:58 CST 2026] --- retry push only: channel=a02 seq=18 ---
# On branch hpc-mailbox
# Your branch is ahead of 'origin/hpc-mailbox' by 1 commit.
#   (use "git push" to publish your local commits)
#
# Untracked files:
#   (use "git add <file>..." to include in what will be committed)
#
#	inbox/autoresearch-64/hbv_lite_64_prospective_seq62.slurm
#	inbox/gpucheck_ngu009.slurm
#	inbox/gpucheck_ngu101.slurm
#	payload/id29-nearing2022-da/closure_v12.tar.gz
#	payload/id29-nearing2022-da/closure_v13.tar.gz
#	payload/id29-nearing2022-da/gate_preflight_v1.tar.gz
#	runner.log
#	runner2.log
nothing added to commit but untracked files present (use "git add" to track)
[ERROR] push failed: a02/18 (result kept in staging, will retry push only)
[Sun Sep  6 02:45:40 CST 2026] --- retry push only: channel=a02 seq=18 ---
# On branch hpc-mailbox
# Your branch is ahead of 'origin/hpc-mailbox' by 1 commit.
#   (use "git push" to publish your local commits)
#
# Untracked files:
#   (use "git add <file>..." to include in what will be committed)
#
#	inbox/autoresearch-64/hbv_lite_64_prospective_seq62.slurm
#	inbox/gpucheck_ngu009.slurm
#	inbox/gpucheck_ngu101.slurm
#	payload/id29-nearing2022-da/closure_v12.tar.gz
#	payload/id29-nearing2022-da/closure_v13.tar.gz
#	payload/id29-nearing2022-da/gate_preflight_v1.tar.gz
#	runner.log
#	runner2.log
nothing added to commit but untracked files present (use "git add" to track)
[ERROR] push failed: a02/18 (result kept in staging, will retry push only)
[Sun Sep  6 02:47:22 CST 2026] --- retry push only: channel=a02 seq=18 ---
# On branch hpc-mailbox
# Your branch is ahead of 'origin/hpc-mailbox' by 1 commit.
#   (use "git push" to publish your local commits)
#
# Untracked files:
#   (use "git add <file>..." to include in what will be committed)
#
#	inbox/autoresearch-64/hbv_lite_64_prospective_seq62.slurm
#	inbox/gpucheck_ngu009.slurm
#	inbox/gpucheck_ngu101.slurm
#	payload/id29-nearing2022-da/closure_v12.tar.gz
#	payload/id29-nearing2022-da/closure_v13.tar.gz
#	payload/id29-nearing2022-da/gate_preflight_v1.tar.gz
#	runner.log
#	runner2.log
nothing added to commit but untracked files present (use "git add" to track)
[ERROR] push failed: a02/18 (result kept in staging, will retry push only)
[Sun Sep  6 02:49:04 CST 2026] --- retry push only: channel=a02 seq=18 ---
# On branch hpc-mailbox
# Your branch is ahead of 'origin/hpc-mailbox' by 1 commit.
#   (use "git push" to publish your local commits)
#
# Untracked files:
#   (use "git add <file>..." to include in what will be committed)
#
#	inbox/autoresearch-64/hbv_lite_64_prospective_seq62.slurm
#	inbox/gpucheck_ngu009.slurm
#	inbox/gpucheck_ngu101.slurm
#	payload/id29-nearing2022-da/closure_v12.tar.gz
#	payload/id29-nearing2022-da/closure_v13.tar.gz
#	payload/id29-nearing2022-da/gate_preflight_v1.tar.gz
#	runner.log
#	runner2.log
nothing added to commit but untracked files present (use "git add" to track)
[ERROR] push failed: a02/18 (result kept in staging, will retry push only)
[Sun Sep  6 02:50:45 CST 2026] --- retry push only: channel=a02 seq=18 ---
# On branch hpc-mailbox
# Your branch is ahead of 'origin/hpc-mailbox' by 1 commit.
#   (use "git push" to publish your local commits)
#
# Untracked files:
#   (use "git add <file>..." to include in what will be committed)
#
#	inbox/autoresearch-64/hbv_lite_64_prospective_seq62.slurm
#	inbox/gpucheck_ngu009.slurm
#	inbox/gpucheck_ngu101.slurm
#	payload/id29-nearing2022-da/closure_v12.tar.gz
#	payload/id29-nearing2022-da/closure_v13.tar.gz
#	payload/id29-nearing2022-da/gate_preflight_v1.tar.gz
#	runner.log
#	runner2.log
nothing added to commit but untracked files present (use "git add" to track)
[ERROR] push failed: a02/18 (result kept in staging, will retry push only)
[Sun Sep  6 02:52:27 CST 2026] --- retry push only: channel=a02 seq=18 ---
# On branch hpc-mailbox
# Your branch is ahead of 'origin/hpc-mailbox' by 1 commit.
#   (use "git push" to publish your local commits)
#
# Untracked files:
#   (use "git add <file>..." to include in what will be committed)
#
#	inbox/autoresearch-64/hbv_lite_64_prospective_seq62.slurm
#	inbox/gpucheck_ngu009.slurm
#	inbox/gpucheck_ngu101.slurm
#	payload/id29-nearing2022-da/closure_v12.tar.gz
#	payload/id29-nearing2022-da/closure_v13.tar.gz
#	payload/id29-nearing2022-da/gate_preflight_v1.tar.gz
#	runner.log
#	runner2.log
nothing added to commit but untracked files present (use "git add" to track)
[ERROR] push failed: a02/18 (result kept in staging, will retry push only)
[Sun Sep  6 02:54:13 CST 2026] --- retry push only: channel=a02 seq=18 ---
[Sun Sep  6 02:54:13 CST 2026] --- start channel=attrswap-daily seq=6 ---
# On branch hpc-mailbox
# Your branch is ahead of 'origin/hpc-mailbox' by 1 commit.
#   (use "git push" to publish your local commits)
#
# Untracked files:
#   (use "git add <file>..." to include in what will be committed)
#
#	inbox/autoresearch-64/hbv_lite_64_prospective_seq62.slurm
#	inbox/gpucheck_ngu009.slurm
#	inbox/gpucheck_ngu101.slurm
#	payload/id29-nearing2022-da/closure_v12.tar.gz
#	payload/id29-nearing2022-da/closure_v13.tar.gz
#	payload/id29-nearing2022-da/gate_preflight_v1.tar.gz
#	runner.log
#	runner2.log
nothing added to commit but untracked files present (use "git add" to track)
[ERROR] push failed: a02/18 (result kept in staging, will retry push only)
[Sun Sep  6 02:55:55 CST 2026] --- retry push only: channel=a02 seq=18 ---
[Sun Sep  6 02:55:57 CST 2026] done channel=attrswap-daily seq=6 rc=0
# On branch hpc-mailbox
# Your branch is ahead of 'origin/hpc-mailbox' by 1 commit.
#   (use "git push" to publish your local commits)
#
# Untracked files:
#   (use "git add <file>..." to include in what will be committed)
#
#	inbox/autoresearch-64/hbv_lite_64_prospective_seq62.slurm
#	inbox/gpucheck_ngu009.slurm
#	inbox/gpucheck_ngu101.slurm
#	payload/id29-nearing2022-da/closure_v12.tar.gz
#	payload/id29-nearing2022-da/closure_v13.tar.gz
#	payload/id29-nearing2022-da/gate_preflight_v1.tar.gz
#	runner.log
#	runner2.log
nothing added to commit but untracked files present (use "git add" to track)
[ERROR] push failed: a02/18 (result kept in staging, will retry push only)
[Sun Sep  6 02:57:37 CST 2026] --- retry push only: channel=a02 seq=18 ---
# On branch hpc-mailbox
# Your branch is ahead of 'origin/hpc-mailbox' by 1 commit.
#   (use "git push" to publish your local commits)
#
# Untracked files:
#   (use "git add <file>..." to include in what will be committed)
#
#	inbox/autoresearch-64/hbv_lite_64_prospective_seq62.slurm
#	inbox/gpucheck_ngu009.slurm
#	inbox/gpucheck_ngu101.slurm
#	payload/id29-nearing2022-da/closure_v12.tar.gz
#	payload/id29-nearing2022-da/closure_v13.tar.gz
#	payload/id29-nearing2022-da/gate_preflight_v1.tar.gz
#	runner.log
#	runner2.log
nothing added to commit but untracked files present (use "git add" to track)
[ERROR] push failed: a02/18 (result kept in staging, will retry push only)
[Sun Sep  6 02:59:19 CST 2026] --- retry push only: channel=a02 seq=18 ---
[Sun Sep  6 02:59:19 CST 2026] --- start channel=attrswap-daily seq=7 ---
# On branch hpc-mailbox
# Your branch is ahead of 'origin/hpc-mailbox' by 1 commit.
#   (use "git push" to publish your local commits)
#
# Untracked files:
#   (use "git add <file>..." to include in what will be committed)
#
#	inbox/autoresearch-64/hbv_lite_64_prospective_seq62.slurm
#	inbox/gpucheck_ngu009.slurm
#	inbox/gpucheck_ngu101.slurm
#	payload/id29-nearing2022-da/closure_v12.tar.gz
#	payload/id29-nearing2022-da/closure_v13.tar.gz
#	payload/id29-nearing2022-da/gate_preflight_v1.tar.gz
#	runner.log
#	runner2.log
nothing added to commit but untracked files present (use "git add" to track)
[ERROR] push failed: a02/18 (result kept in staging, will retry push only)
[Sun Sep  6 03:01:00 CST 2026] --- retry push only: channel=a02 seq=18 ---
[Sun Sep  6 03:01:01 CST 2026] done channel=attrswap-daily seq=7 rc=0
# On branch hpc-mailbox
# Your branch is ahead of 'origin/hpc-mailbox' by 1 commit.
#   (use "git push" to publish your local commits)
#
# Untracked files:
#   (use "git add <file>..." to include in what will be committed)
#
#	inbox/autoresearch-64/hbv_lite_64_prospective_seq62.slurm
#	inbox/gpucheck_ngu009.slurm
#	inbox/gpucheck_ngu101.slurm
#	payload/id29-nearing2022-da/closure_v12.tar.gz
#	payload/id29-nearing2022-da/closure_v13.tar.gz
#	payload/id29-nearing2022-da/gate_preflight_v1.tar.gz
#	runner.log
#	runner2.log
nothing added to commit but untracked files present (use "git add" to track)
[ERROR] push failed: a02/18 (result kept in staging, will retry push only)
[Sun Sep  6 03:02:42 CST 2026] --- retry push only: channel=a02 seq=18 ---
# On branch hpc-mailbox
# Your branch is ahead of 'origin/hpc-mailbox' by 1 commit.
#   (use "git push" to publish your local commits)
#
# Untracked files:
#   (use "git add <file>..." to include in what will be committed)
#
#	inbox/autoresearch-64/hbv_lite_64_prospective_seq62.slurm
#	inbox/gpucheck_ngu009.slurm
#	inbox/gpucheck_ngu101.slurm
#	payload/id29-nearing2022-da/closure_v12.tar.gz
#	payload/id29-nearing2022-da/closure_v13.tar.gz
#	payload/id29-nearing2022-da/gate_preflight_v1.tar.gz
#	runner.log
#	runner2.log
nothing added to commit but untracked files present (use "git add" to track)
[ERROR] push failed: a02/18 (result kept in staging, will retry push only)
[Sun Sep  6 03:04:24 CST 2026] --- retry push only: channel=a02 seq=18 ---
[Sun Sep  6 03:04:25 CST 2026] --- start channel=id29-nearing2022-da seq=501 ---
# On branch hpc-mailbox
# Your branch is ahead of 'origin/hpc-mailbox' by 1 commit.
#   (use "git push" to publish your local commits)
#
# Untracked files:
#   (use "git add <file>..." to include in what will be committed)
#
#	inbox/autoresearch-64/hbv_lite_64_prospective_seq62.slurm
#	inbox/gpucheck_ngu009.slurm
#	inbox/gpucheck_ngu101.slurm
#	payload/id29-nearing2022-da/closure_v12.tar.gz
#	payload/id29-nearing2022-da/closure_v13.tar.gz
#	payload/id29-nearing2022-da/gate_preflight_v1.tar.gz
#	runner.log
#	runner2.log
nothing added to commit but untracked files present (use "git add" to track)
[ERROR] push failed: a02/18 (result kept in staging, will retry push only)
[Sun Sep  6 03:06:06 CST 2026] --- retry push only: channel=a02 seq=18 ---
[Sun Sep  6 03:06:10 CST 2026] done channel=id29-nearing2022-da seq=501 rc=0
# On branch hpc-mailbox
# Your branch is ahead of 'origin/hpc-mailbox' by 1 commit.
#   (use "git push" to publish your local commits)
#
# Untracked files:
#   (use "git add <file>..." to include in what will be committed)
#
#	inbox/autoresearch-64/hbv_lite_64_prospective_seq62.slurm
#	inbox/gpucheck_ngu009.slurm
#	inbox/gpucheck_ngu101.slurm
#	payload/id29-nearing2022-da/closure_v12.tar.gz
#	payload/id29-nearing2022-da/closure_v13.tar.gz
#	payload/id29-nearing2022-da/gate_preflight_v1.tar.gz
#	runner.log
#	runner2.log
nothing added to commit but untracked files present (use "git add" to track)
[Sun Sep  6 03:07:19 CST 2026] --- start channel=id29-nearing2022-da seq=502 ---
[ERROR] push failed: a02/18 (result kept in staging, will retry push only)
[Sun Sep  6 03:07:53 CST 2026] --- retry push only: channel=a02 seq=18 ---
[Sun Sep  6 03:07:53 CST 2026] --- start channel=id33-transformer-recipe-repair seq=25 ---
[Sun Sep  6 03:08:05 CST 2026] done channel=id29-nearing2022-da seq=502 rc=0
[Sun Sep  6 03:08:35 CST 2026] done channel=id33-transformer-recipe-repair seq=25 rc=0
# On branch hpc-mailbox
# Your branch and 'origin/hpc-mailbox' have diverged,
# and have 1 and 1 different commit each, respectively.
#   (use "git pull" to merge the remote branch into yours)
#
# Untracked files:
#   (use "git add <file>..." to include in what will be committed)
#
#	inbox/autoresearch-64/hbv_lite_64_prospective_seq62.slurm
#	inbox/gpucheck_ngu009.slurm
#	inbox/gpucheck_ngu101.slurm
#	payload/id29-nearing2022-da/closure_v12.tar.gz
#	payload/id29-nearing2022-da/closure_v13.tar.gz
#	payload/id29-nearing2022-da/gate_preflight_v1.tar.gz
#	runner.log
#	runner2.log
nothing added to commit but untracked files present (use "git add" to track)
[Sun Sep  6 03:09:37 CST 2026] --- start channel=id29-nearing2022-da seq=503 ---
[ERROR] push failed: a02/18 (result kept in staging, will retry push only)
[Sun Sep  6 03:10:11 CST 2026] --- retry push only: channel=a02 seq=18 ---
[Sun Sep  6 03:10:17 CST 2026] done channel=id29-nearing2022-da seq=503 rc=0
# On branch hpc-mailbox
# Your branch is ahead of 'origin/hpc-mailbox' by 1 commit.
#   (use "git push" to publish your local commits)
#
# Untracked files:
#   (use "git add <file>..." to include in what will be committed)
#
#	inbox/autoresearch-64/hbv_lite_64_prospective_seq62.slurm
#	inbox/gpucheck_ngu009.slurm
#	inbox/gpucheck_ngu101.slurm
#	payload/id29-nearing2022-da/closure_v12.tar.gz
#	payload/id29-nearing2022-da/closure_v13.tar.gz
#	payload/id29-nearing2022-da/gate_preflight_v1.tar.gz
#	runner.log
#	runner2.log
nothing added to commit but untracked files present (use "git add" to track)
[Sun Sep  6 03:11:23 CST 2026] --- start channel=id29-nearing2022-da seq=504 ---
[ERROR] push failed: a02/18 (result kept in staging, will retry push only)
[Sun Sep  6 03:11:57 CST 2026] --- retry push only: channel=a02 seq=18 ---
[Sun Sep  6 03:12:06 CST 2026] done channel=id29-nearing2022-da seq=504 rc=0
# On branch hpc-mailbox
# Your branch is ahead of 'origin/hpc-mailbox' by 1 commit.
#   (use "git push" to publish your local commits)
#
# Untracked files:
#   (use "git add <file>..." to include in what will be committed)
#
#	inbox/autoresearch-64/hbv_lite_64_prospective_seq62.slurm
#	inbox/gpucheck_ngu009.slurm
#	inbox/gpucheck_ngu101.slurm
#	payload/id29-nearing2022-da/closure_v12.tar.gz
#	payload/id29-nearing2022-da/closure_v13.tar.gz
#	payload/id29-nearing2022-da/gate_preflight_v1.tar.gz
#	runner.log
#	runner2.log
nothing added to commit but untracked files present (use "git add" to track)
[ERROR] push failed: a02/18 (result kept in staging, will retry push only)
[Sun Sep  6 03:13:39 CST 2026] --- retry push only: channel=a02 seq=18 ---
# On branch hpc-mailbox
# Your branch is ahead of 'origin/hpc-mailbox' by 1 commit.
#   (use "git push" to publish your local commits)
#
# Untracked files:
#   (use "git add <file>..." to include in what will be committed)
#
#	inbox/autoresearch-64/hbv_lite_64_prospective_seq62.slurm
#	inbox/gpucheck_ngu009.slurm
#	inbox/gpucheck_ngu101.slurm
#	payload/id29-nearing2022-da/closure_v12.tar.gz
#	payload/id29-nearing2022-da/closure_v13.tar.gz
#	payload/id29-nearing2022-da/gate_preflight_v1.tar.gz
#	runner.log
#	runner2.log
nothing added to commit but untracked files present (use "git add" to track)
[ERROR] push failed: a02/18 (result kept in staging, will retry push only)
[Sun Sep  6 03:15:21 CST 2026] --- retry push only: channel=a02 seq=18 ---
# On branch hpc-mailbox
# Your branch is ahead of 'origin/hpc-mailbox' by 1 commit.
#   (use "git push" to publish your local commits)
#
# Untracked files:
#   (use "git add <file>..." to include in what will be committed)
#
#	inbox/autoresearch-64/hbv_lite_64_prospective_seq62.slurm
#	inbox/gpucheck_ngu009.slurm
#	inbox/gpucheck_ngu101.slurm
#	payload/id29-nearing2022-da/closure_v12.tar.gz
#	payload/id29-nearing2022-da/closure_v13.tar.gz
#	payload/id29-nearing2022-da/gate_preflight_v1.tar.gz
#	runner.log
#	runner2.log
nothing added to commit but untracked files present (use "git add" to track)
[ERROR] push failed: a02/18 (result kept in staging, will retry push only)
[Sun Sep  6 03:17:03 CST 2026] --- retry push only: channel=a02 seq=18 ---
# On branch hpc-mailbox
# Your branch is ahead of 'origin/hpc-mailbox' by 1 commit.
#   (use "git push" to publish your local commits)
#
# Untracked files:
#   (use "git add <file>..." to include in what will be committed)
#
#	inbox/autoresearch-64/hbv_lite_64_prospective_seq62.slurm
#	inbox/gpucheck_ngu009.slurm
#	inbox/gpucheck_ngu101.slurm
#	payload/id29-nearing2022-da/closure_v12.tar.gz
#	payload/id29-nearing2022-da/closure_v13.tar.gz
#	payload/id29-nearing2022-da/gate_preflight_v1.tar.gz
#	runner.log
#	runner2.log
nothing added to commit but untracked files present (use "git add" to track)
[ERROR] push failed: a02/18 (result kept in staging, will retry push only)
[Sun Sep  6 03:18:56 CST 2026] --- retry push only: channel=a02 seq=18 ---
# On branch hpc-mailbox
# Your branch is ahead of 'origin/hpc-mailbox' by 1 commit.
#   (use "git push" to publish your local commits)
#
# Untracked files:
#   (use "git add <file>..." to include in what will be committed)
#
#	inbox/autoresearch-64/hbv_lite_64_prospective_seq62.slurm
#	inbox/gpucheck_ngu009.slurm
#	inbox/gpucheck_ngu101.slurm
#	payload/id29-nearing2022-da/closure_v12.tar.gz
#	payload/id29-nearing2022-da/closure_v13.tar.gz
#	payload/id29-nearing2022-da/gate_preflight_v1.tar.gz
#	runner.log
#	runner2.log
nothing added to commit but untracked files present (use "git add" to track)
[ERROR] push failed: a02/18 (result kept in staging, will retry push only)
[Sun Sep  6 03:20:37 CST 2026] --- retry push only: channel=a02 seq=18 ---
# On branch hpc-mailbox
# Your branch is ahead of 'origin/hpc-mailbox' by 1 commit.
#   (use "git push" to publish your local commits)
#
# Untracked files:
#   (use "git add <file>..." to include in what will be committed)
#
#	inbox/autoresearch-64/hbv_lite_64_prospective_seq62.slurm
#	inbox/gpucheck_ngu009.slurm
#	inbox/gpucheck_ngu101.slurm
#	payload/id29-nearing2022-da/closure_v12.tar.gz
#	payload/id29-nearing2022-da/closure_v13.tar.gz
#	payload/id29-nearing2022-da/gate_preflight_v1.tar.gz
#	runner.log
#	runner2.log
nothing added to commit but untracked files present (use "git add" to track)
[ERROR] push failed: a02/18 (result kept in staging, will retry push only)
[Sun Sep  6 03:22:20 CST 2026] --- retry push only: channel=a02 seq=18 ---
# On branch hpc-mailbox
# Your branch is ahead of 'origin/hpc-mailbox' by 1 commit.
#   (use "git push" to publish your local commits)
#
# Untracked files:
#   (use "git add <file>..." to include in what will be committed)
#
#	inbox/autoresearch-64/hbv_lite_64_prospective_seq62.slurm
#	inbox/gpucheck_ngu009.slurm
#	inbox/gpucheck_ngu101.slurm
#	payload/id29-nearing2022-da/closure_v12.tar.gz
#	payload/id29-nearing2022-da/closure_v13.tar.gz
#	payload/id29-nearing2022-da/gate_preflight_v1.tar.gz
#	runner.log
#	runner2.log
nothing added to commit but untracked files present (use "git add" to track)
[ERROR] push failed: a02/18 (result kept in staging, will retry push only)
[Sun Sep  6 03:24:04 CST 2026] --- retry push only: channel=a02 seq=18 ---
# On branch hpc-mailbox
# Your branch is ahead of 'origin/hpc-mailbox' by 1 commit.
#   (use "git push" to publish your local commits)
#
# Untracked files:
#   (use "git add <file>..." to include in what will be committed)
#
#	inbox/autoresearch-64/hbv_lite_64_prospective_seq62.slurm
#	inbox/gpucheck_ngu009.slurm
#	inbox/gpucheck_ngu101.slurm
#	payload/id29-nearing2022-da/closure_v12.tar.gz
#	payload/id29-nearing2022-da/closure_v13.tar.gz
#	payload/id29-nearing2022-da/gate_preflight_v1.tar.gz
#	runner.log
#	runner2.log
nothing added to commit but untracked files present (use "git add" to track)
[ERROR] push failed: a02/18 (result kept in staging, will retry push only)
[Sun Sep  6 03:25:46 CST 2026] --- retry push only: channel=a02 seq=18 ---
# On branch hpc-mailbox
# Your branch is ahead of 'origin/hpc-mailbox' by 1 commit.
#   (use "git push" to publish your local commits)
#
# Untracked files:
#   (use "git add <file>..." to include in what will be committed)
#
#	inbox/autoresearch-64/hbv_lite_64_prospective_seq62.slurm
#	inbox/gpucheck_ngu009.slurm
#	inbox/gpucheck_ngu101.slurm
#	payload/id29-nearing2022-da/closure_v12.tar.gz
#	payload/id29-nearing2022-da/closure_v13.tar.gz
#	payload/id29-nearing2022-da/gate_preflight_v1.tar.gz
#	runner.log
#	runner2.log
nothing added to commit but untracked files present (use "git add" to track)
[ERROR] push failed: a02/18 (result kept in staging, will retry push only)
[Sun Sep  6 03:27:31 CST 2026] --- retry push only: channel=a02 seq=18 ---
# On branch hpc-mailbox
# Your branch is ahead of 'origin/hpc-mailbox' by 1 commit.
#   (use "git push" to publish your local commits)
#
# Untracked files:
#   (use "git add <file>..." to include in what will be committed)
#
#	inbox/autoresearch-64/hbv_lite_64_prospective_seq62.slurm
#	inbox/gpucheck_ngu009.slurm
#	inbox/gpucheck_ngu101.slurm
#	payload/id29-nearing2022-da/closure_v12.tar.gz
#	payload/id29-nearing2022-da/closure_v13.tar.gz
#	payload/id29-nearing2022-da/gate_preflight_v1.tar.gz
#	runner.log
#	runner2.log
nothing added to commit but untracked files present (use "git add" to track)
[ERROR] push failed: a02/18 (result kept in staging, will retry push only)
[Sun Sep  6 03:29:13 CST 2026] --- retry push only: channel=a02 seq=18 ---
# On branch hpc-mailbox
# Your branch is ahead of 'origin/hpc-mailbox' by 1 commit.
#   (use "git push" to publish your local commits)
#
# Untracked files:
#   (use "git add <file>..." to include in what will be committed)
#
#	inbox/autoresearch-64/hbv_lite_64_prospective_seq62.slurm
#	inbox/gpucheck_ngu009.slurm
#	inbox/gpucheck_ngu101.slurm
#	payload/id29-nearing2022-da/closure_v12.tar.gz
#	payload/id29-nearing2022-da/closure_v13.tar.gz
#	payload/id29-nearing2022-da/gate_preflight_v1.tar.gz
#	runner.log
#	runner2.log
nothing added to commit but untracked files present (use "git add" to track)
[ERROR] push failed: a02/18 (result kept in staging, will retry push only)
[Sun Sep  6 03:30:57 CST 2026] --- retry push only: channel=a02 seq=18 ---
# On branch hpc-mailbox
# Your branch is ahead of 'origin/hpc-mailbox' by 1 commit.
#   (use "git push" to publish your local commits)
#
# Untracked files:
#   (use "git add <file>..." to include in what will be committed)
#
#	inbox/autoresearch-64/hbv_lite_64_prospective_seq62.slurm
#	inbox/gpucheck_ngu009.slurm
#	inbox/gpucheck_ngu101.slurm
#	payload/id29-nearing2022-da/closure_v12.tar.gz
#	payload/id29-nearing2022-da/closure_v13.tar.gz
#	payload/id29-nearing2022-da/gate_preflight_v1.tar.gz
#	runner.log
#	runner2.log
nothing added to commit but untracked files present (use "git add" to track)
[ERROR] push failed: a02/18 (result kept in staging, will retry push only)
[Sun Sep  6 03:32:38 CST 2026] --- retry push only: channel=a02 seq=18 ---
# On branch hpc-mailbox
# Your branch is ahead of 'origin/hpc-mailbox' by 1 commit.
#   (use "git push" to publish your local commits)
#
# Untracked files:
#   (use "git add <file>..." to include in what will be committed)
#
#	inbox/autoresearch-64/hbv_lite_64_prospective_seq62.slurm
#	inbox/gpucheck_ngu009.slurm
#	inbox/gpucheck_ngu101.slurm
#	payload/id29-nearing2022-da/closure_v12.tar.gz
#	payload/id29-nearing2022-da/closure_v13.tar.gz
#	payload/id29-nearing2022-da/gate_preflight_v1.tar.gz
#	runner.log
#	runner2.log
nothing added to commit but untracked files present (use "git add" to track)
[ERROR] push failed: a02/18 (result kept in staging, will retry push only)
[Sun Sep  6 03:34:20 CST 2026] --- retry push only: channel=a02 seq=18 ---
# On branch hpc-mailbox
# Your branch is ahead of 'origin/hpc-mailbox' by 1 commit.
#   (use "git push" to publish your local commits)
#
# Untracked files:
#   (use "git add <file>..." to include in what will be committed)
#
#	inbox/autoresearch-64/hbv_lite_64_prospective_seq62.slurm
#	inbox/gpucheck_ngu009.slurm
#	inbox/gpucheck_ngu101.slurm
#	payload/id29-nearing2022-da/closure_v12.tar.gz
#	payload/id29-nearing2022-da/closure_v13.tar.gz
#	payload/id29-nearing2022-da/gate_preflight_v1.tar.gz
#	runner.log
#	runner2.log
nothing added to commit but untracked files present (use "git add" to track)
[ERROR] push failed: a02/18 (result kept in staging, will retry push only)
[Sun Sep  6 03:36:01 CST 2026] --- retry push only: channel=a02 seq=18 ---
# On branch hpc-mailbox
# Your branch is ahead of 'origin/hpc-mailbox' by 1 commit.
#   (use "git push" to publish your local commits)
#
# Untracked files:
#   (use "git add <file>..." to include in what will be committed)
#
#	inbox/autoresearch-64/hbv_lite_64_prospective_seq62.slurm
#	inbox/gpucheck_ngu009.slurm
#	inbox/gpucheck_ngu101.slurm
#	payload/id29-nearing2022-da/closure_v12.tar.gz
#	payload/id29-nearing2022-da/closure_v13.tar.gz
#	payload/id29-nearing2022-da/gate_preflight_v1.tar.gz
#	runner.log
#	runner2.log
nothing added to commit but untracked files present (use "git add" to track)
[ERROR] push failed: a02/18 (result kept in staging, will retry push only)
[Sun Sep  6 03:37:43 CST 2026] --- retry push only: channel=a02 seq=18 ---
# On branch hpc-mailbox
# Your branch is ahead of 'origin/hpc-mailbox' by 1 commit.
#   (use "git push" to publish your local commits)
#
# Untracked files:
#   (use "git add <file>..." to include in what will be committed)
#
#	inbox/autoresearch-64/hbv_lite_64_prospective_seq62.slurm
#	inbox/gpucheck_ngu009.slurm
#	inbox/gpucheck_ngu101.slurm
#	payload/id29-nearing2022-da/closure_v12.tar.gz
#	payload/id29-nearing2022-da/closure_v13.tar.gz
#	payload/id29-nearing2022-da/gate_preflight_v1.tar.gz
#	runner.log
#	runner2.log
nothing added to commit but untracked files present (use "git add" to track)
[ERROR] push failed: a02/18 (result kept in staging, will retry push only)
[Sun Sep  6 03:39:25 CST 2026] --- retry push only: channel=a02 seq=18 ---
# On branch hpc-mailbox
# Your branch is ahead of 'origin/hpc-mailbox' by 1 commit.
#   (use "git push" to publish your local commits)
#
# Untracked files:
#   (use "git add <file>..." to include in what will be committed)
#
#	inbox/autoresearch-64/hbv_lite_64_prospective_seq62.slurm
#	inbox/gpucheck_ngu009.slurm
#	inbox/gpucheck_ngu101.slurm
#	payload/id29-nearing2022-da/closure_v12.tar.gz
#	payload/id29-nearing2022-da/closure_v13.tar.gz
#	payload/id29-nearing2022-da/gate_preflight_v1.tar.gz
#	runner.log
#	runner2.log
nothing added to commit but untracked files present (use "git add" to track)
[ERROR] push failed: a02/18 (result kept in staging, will retry push only)
[Sun Sep  6 03:41:09 CST 2026] --- retry push only: channel=a02 seq=18 ---
# On branch hpc-mailbox
# Your branch is ahead of 'origin/hpc-mailbox' by 1 commit.
#   (use "git push" to publish your local commits)
#
# Untracked files:
#   (use "git add <file>..." to include in what will be committed)
#
#	inbox/autoresearch-64/hbv_lite_64_prospective_seq62.slurm
#	inbox/gpucheck_ngu009.slurm
#	inbox/gpucheck_ngu101.slurm
#	payload/id29-nearing2022-da/closure_v12.tar.gz
#	payload/id29-nearing2022-da/closure_v13.tar.gz
#	payload/id29-nearing2022-da/gate_preflight_v1.tar.gz
#	runner.log
#	runner2.log
nothing added to commit but untracked files present (use "git add" to track)
[ERROR] push failed: a02/18 (result kept in staging, will retry push only)
[Sun Sep  6 03:42:50 CST 2026] --- retry push only: channel=a02 seq=18 ---
# On branch hpc-mailbox
# Your branch is ahead of 'origin/hpc-mailbox' by 1 commit.
#   (use "git push" to publish your local commits)
#
# Untracked files:
#   (use "git add <file>..." to include in what will be committed)
#
#	inbox/autoresearch-64/hbv_lite_64_prospective_seq62.slurm
#	inbox/gpucheck_ngu009.slurm
#	inbox/gpucheck_ngu101.slurm
#	payload/id29-nearing2022-da/closure_v12.tar.gz
#	payload/id29-nearing2022-da/closure_v13.tar.gz
#	payload/id29-nearing2022-da/gate_preflight_v1.tar.gz
#	runner.log
#	runner2.log
nothing added to commit but untracked files present (use "git add" to track)
[ERROR] push failed: a02/18 (result kept in staging, will retry push only)
[Sun Sep  6 03:44:33 CST 2026] --- retry push only: channel=a02 seq=18 ---
# On branch hpc-mailbox
# Your branch is ahead of 'origin/hpc-mailbox' by 1 commit.
#   (use "git push" to publish your local commits)
#
# Untracked files:
#   (use "git add <file>..." to include in what will be committed)
#
#	inbox/autoresearch-64/hbv_lite_64_prospective_seq62.slurm
#	inbox/gpucheck_ngu009.slurm
#	inbox/gpucheck_ngu101.slurm
#	payload/id29-nearing2022-da/closure_v12.tar.gz
#	payload/id29-nearing2022-da/closure_v13.tar.gz
#	payload/id29-nearing2022-da/gate_preflight_v1.tar.gz
#	runner.log
#	runner2.log
nothing added to commit but untracked files present (use "git add" to track)
[ERROR] push failed: a02/18 (result kept in staging, will retry push only)
[Sun Sep  6 03:46:14 CST 2026] --- retry push only: channel=a02 seq=18 ---
# On branch hpc-mailbox
# Your branch is ahead of 'origin/hpc-mailbox' by 1 commit.
#   (use "git push" to publish your local commits)
#
# Untracked files:
#   (use "git add <file>..." to include in what will be committed)
#
#	inbox/autoresearch-64/hbv_lite_64_prospective_seq62.slurm
#	inbox/gpucheck_ngu009.slurm
#	inbox/gpucheck_ngu101.slurm
#	payload/id29-nearing2022-da/closure_v12.tar.gz
#	payload/id29-nearing2022-da/closure_v13.tar.gz
#	payload/id29-nearing2022-da/gate_preflight_v1.tar.gz
#	runner.log
#	runner2.log
nothing added to commit but untracked files present (use "git add" to track)
[ERROR] push failed: a02/18 (result kept in staging, will retry push only)
[Sun Sep  6 03:47:58 CST 2026] --- retry push only: channel=a02 seq=18 ---
# On branch hpc-mailbox
# Your branch is ahead of 'origin/hpc-mailbox' by 1 commit.
#   (use "git push" to publish your local commits)
#
# Untracked files:
#   (use "git add <file>..." to include in what will be committed)
#
#	inbox/autoresearch-64/hbv_lite_64_prospective_seq62.slurm
#	inbox/gpucheck_ngu009.slurm
#	inbox/gpucheck_ngu101.slurm
#	payload/id29-nearing2022-da/closure_v12.tar.gz
#	payload/id29-nearing2022-da/closure_v13.tar.gz
#	payload/id29-nearing2022-da/gate_preflight_v1.tar.gz
#	runner.log
#	runner2.log
nothing added to commit but untracked files present (use "git add" to track)
[ERROR] push failed: a02/18 (result kept in staging, will retry push only)
[Sun Sep  6 03:49:40 CST 2026] --- retry push only: channel=a02 seq=18 ---
# On branch hpc-mailbox
# Your branch is ahead of 'origin/hpc-mailbox' by 1 commit.
#   (use "git push" to publish your local commits)
#
# Untracked files:
#   (use "git add <file>..." to include in what will be committed)
#
#	inbox/autoresearch-64/hbv_lite_64_prospective_seq62.slurm
#	inbox/gpucheck_ngu009.slurm
#	inbox/gpucheck_ngu101.slurm
#	payload/id29-nearing2022-da/closure_v12.tar.gz
#	payload/id29-nearing2022-da/closure_v13.tar.gz
#	payload/id29-nearing2022-da/gate_preflight_v1.tar.gz
#	runner.log
#	runner2.log
nothing added to commit but untracked files present (use "git add" to track)
[ERROR] push failed: a02/18 (result kept in staging, will retry push only)
[Sun Sep  6 03:51:22 CST 2026] --- retry push only: channel=a02 seq=18 ---
# On branch hpc-mailbox
# Your branch is ahead of 'origin/hpc-mailbox' by 1 commit.
#   (use "git push" to publish your local commits)
#
# Untracked files:
#   (use "git add <file>..." to include in what will be committed)
#
#	inbox/autoresearch-64/hbv_lite_64_prospective_seq62.slurm
#	inbox/gpucheck_ngu009.slurm
#	inbox/gpucheck_ngu101.slurm
#	payload/id29-nearing2022-da/closure_v12.tar.gz
#	payload/id29-nearing2022-da/closure_v13.tar.gz
#	payload/id29-nearing2022-da/gate_preflight_v1.tar.gz
#	runner.log
#	runner2.log
nothing added to commit but untracked files present (use "git add" to track)
[ERROR] push failed: a02/18 (result kept in staging, will retry push only)
[Sun Sep  6 03:53:03 CST 2026] --- retry push only: channel=a02 seq=18 ---
# On branch hpc-mailbox
# Your branch is ahead of 'origin/hpc-mailbox' by 1 commit.
#   (use "git push" to publish your local commits)
#
# Untracked files:
#   (use "git add <file>..." to include in what will be committed)
#
#	inbox/autoresearch-64/hbv_lite_64_prospective_seq62.slurm
#	inbox/gpucheck_ngu009.slurm
#	inbox/gpucheck_ngu101.slurm
#	payload/id29-nearing2022-da/closure_v12.tar.gz
#	payload/id29-nearing2022-da/closure_v13.tar.gz
#	payload/id29-nearing2022-da/gate_preflight_v1.tar.gz
#	runner.log
#	runner2.log
nothing added to commit but untracked files present (use "git add" to track)
[ERROR] push failed: a02/18 (result kept in staging, will retry push only)
[Sun Sep  6 03:54:46 CST 2026] --- retry push only: channel=a02 seq=18 ---
# On branch hpc-mailbox
# Your branch is ahead of 'origin/hpc-mailbox' by 1 commit.
#   (use "git push" to publish your local commits)
#
# Untracked files:
#   (use "git add <file>..." to include in what will be committed)
#
#	inbox/autoresearch-64/hbv_lite_64_prospective_seq62.slurm
#	inbox/gpucheck_ngu009.slurm
#	inbox/gpucheck_ngu101.slurm
#	payload/id29-nearing2022-da/closure_v12.tar.gz
#	payload/id29-nearing2022-da/closure_v13.tar.gz
#	payload/id29-nearing2022-da/gate_preflight_v1.tar.gz
#	runner.log
#	runner2.log
nothing added to commit but untracked files present (use "git add" to track)
[ERROR] push failed: a02/18 (result kept in staging, will retry push only)
[Sun Sep  6 03:56:28 CST 2026] --- retry push only: channel=a02 seq=18 ---
# On branch hpc-mailbox
# Your branch is ahead of 'origin/hpc-mailbox' by 1 commit.
#   (use "git push" to publish your local commits)
#
# Untracked files:
#   (use "git add <file>..." to include in what will be committed)
#
#	inbox/autoresearch-64/hbv_lite_64_prospective_seq62.slurm
#	inbox/gpucheck_ngu009.slurm
#	inbox/gpucheck_ngu101.slurm
#	payload/id29-nearing2022-da/closure_v12.tar.gz
#	payload/id29-nearing2022-da/closure_v13.tar.gz
#	payload/id29-nearing2022-da/gate_preflight_v1.tar.gz
#	runner.log
#	runner2.log
nothing added to commit but untracked files present (use "git add" to track)
[ERROR] push failed: a02/18 (result kept in staging, will retry push only)
[Sun Sep  6 03:58:10 CST 2026] --- retry push only: channel=a02 seq=18 ---
# On branch hpc-mailbox
# Your branch is ahead of 'origin/hpc-mailbox' by 1 commit.
#   (use "git push" to publish your local commits)
#
# Untracked files:
#   (use "git add <file>..." to include in what will be committed)
#
#	inbox/autoresearch-64/hbv_lite_64_prospective_seq62.slurm
#	inbox/gpucheck_ngu009.slurm
#	inbox/gpucheck_ngu101.slurm
#	payload/id29-nearing2022-da/closure_v12.tar.gz
#	payload/id29-nearing2022-da/closure_v13.tar.gz
#	payload/id29-nearing2022-da/gate_preflight_v1.tar.gz
#	runner.log
#	runner2.log
nothing added to commit but untracked files present (use "git add" to track)
[ERROR] push failed: a02/18 (result kept in staging, will retry push only)
[Sun Sep  6 03:59:52 CST 2026] --- retry push only: channel=a02 seq=18 ---
# On branch hpc-mailbox
# Your branch is ahead of 'origin/hpc-mailbox' by 1 commit.
#   (use "git push" to publish your local commits)
#
# Untracked files:
#   (use "git add <file>..." to include in what will be committed)
#
#	inbox/autoresearch-64/hbv_lite_64_prospective_seq62.slurm
#	inbox/gpucheck_ngu009.slurm
#	inbox/gpucheck_ngu101.slurm
#	payload/id29-nearing2022-da/closure_v12.tar.gz
#	payload/id29-nearing2022-da/closure_v13.tar.gz
#	payload/id29-nearing2022-da/gate_preflight_v1.tar.gz
#	runner.log
#	runner2.log
nothing added to commit but untracked files present (use "git add" to track)
[ERROR] push failed: a02/18 (result kept in staging, will retry push only)
[Sun Sep  6 04:01:35 CST 2026] --- retry push only: channel=a02 seq=18 ---
# On branch hpc-mailbox
# Your branch is ahead of 'origin/hpc-mailbox' by 1 commit.
#   (use "git push" to publish your local commits)
#
# Untracked files:
#   (use "git add <file>..." to include in what will be committed)
#
#	inbox/autoresearch-64/hbv_lite_64_prospective_seq62.slurm
#	inbox/gpucheck_ngu009.slurm
#	inbox/gpucheck_ngu101.slurm
#	payload/id29-nearing2022-da/closure_v12.tar.gz
#	payload/id29-nearing2022-da/closure_v13.tar.gz
#	payload/id29-nearing2022-da/gate_preflight_v1.tar.gz
#	runner.log
#	runner2.log
nothing added to commit but untracked files present (use "git add" to track)
[ERROR] push failed: a02/18 (result kept in staging, will retry push only)
[Sun Sep  6 04:03:17 CST 2026] --- retry push only: channel=a02 seq=18 ---
# On branch hpc-mailbox
# Your branch is ahead of 'origin/hpc-mailbox' by 1 commit.
#   (use "git push" to publish your local commits)
#
# Untracked files:
#   (use "git add <file>..." to include in what will be committed)
#
#	inbox/autoresearch-64/hbv_lite_64_prospective_seq62.slurm
#	inbox/gpucheck_ngu009.slurm
#	inbox/gpucheck_ngu101.slurm
#	payload/id29-nearing2022-da/closure_v12.tar.gz
#	payload/id29-nearing2022-da/closure_v13.tar.gz
#	payload/id29-nearing2022-da/gate_preflight_v1.tar.gz
#	runner.log
#	runner2.log
nothing added to commit but untracked files present (use "git add" to track)
[ERROR] push failed: a02/18 (result kept in staging, will retry push only)
[Sun Sep  6 04:04:59 CST 2026] --- retry push only: channel=a02 seq=18 ---
# On branch hpc-mailbox
# Your branch is ahead of 'origin/hpc-mailbox' by 1 commit.
#   (use "git push" to publish your local commits)
#
# Untracked files:
#   (use "git add <file>..." to include in what will be committed)
#
#	inbox/autoresearch-64/hbv_lite_64_prospective_seq62.slurm
#	inbox/gpucheck_ngu009.slurm
#	inbox/gpucheck_ngu101.slurm
#	payload/id29-nearing2022-da/closure_v12.tar.gz
#	payload/id29-nearing2022-da/closure_v13.tar.gz
#	payload/id29-nearing2022-da/gate_preflight_v1.tar.gz
#	runner.log
#	runner2.log
nothing added to commit but untracked files present (use "git add" to track)
[ERROR] push failed: a02/18 (result kept in staging, will retry push only)
[Sun Sep  6 04:06:41 CST 2026] --- retry push only: channel=a02 seq=18 ---
# On branch hpc-mailbox
# Your branch is ahead of 'origin/hpc-mailbox' by 1 commit.
#   (use "git push" to publish your local commits)
#
# Untracked files:
#   (use "git add <file>..." to include in what will be committed)
#
#	inbox/autoresearch-64/hbv_lite_64_prospective_seq62.slurm
#	inbox/gpucheck_ngu009.slurm
#	inbox/gpucheck_ngu101.slurm
#	payload/id29-nearing2022-da/closure_v12.tar.gz
#	payload/id29-nearing2022-da/closure_v13.tar.gz
#	payload/id29-nearing2022-da/gate_preflight_v1.tar.gz
#	runner.log
#	runner2.log
nothing added to commit but untracked files present (use "git add" to track)
[ERROR] push failed: a02/18 (result kept in staging, will retry push only)
[Sun Sep  6 04:08:23 CST 2026] --- retry push only: channel=a02 seq=18 ---
# On branch hpc-mailbox
# Your branch is ahead of 'origin/hpc-mailbox' by 1 commit.
#   (use "git push" to publish your local commits)
#
# Untracked files:
#   (use "git add <file>..." to include in what will be committed)
#
#	inbox/autoresearch-64/hbv_lite_64_prospective_seq62.slurm
#	inbox/gpucheck_ngu009.slurm
#	inbox/gpucheck_ngu101.slurm
#	payload/id29-nearing2022-da/closure_v12.tar.gz
#	payload/id29-nearing2022-da/closure_v13.tar.gz
#	payload/id29-nearing2022-da/gate_preflight_v1.tar.gz
#	runner.log
#	runner2.log
nothing added to commit but untracked files present (use "git add" to track)
[ERROR] push failed: a02/18 (result kept in staging, will retry push only)
[Sun Sep  6 04:10:04 CST 2026] --- retry push only: channel=a02 seq=18 ---
# On branch hpc-mailbox
# Your branch is ahead of 'origin/hpc-mailbox' by 1 commit.
#   (use "git push" to publish your local commits)
#
# Untracked files:
#   (use "git add <file>..." to include in what will be committed)
#
#	inbox/autoresearch-64/hbv_lite_64_prospective_seq62.slurm
#	inbox/gpucheck_ngu009.slurm
#	inbox/gpucheck_ngu101.slurm
#	payload/id29-nearing2022-da/closure_v12.tar.gz
#	payload/id29-nearing2022-da/closure_v13.tar.gz
#	payload/id29-nearing2022-da/gate_preflight_v1.tar.gz
#	runner.log
#	runner2.log
nothing added to commit but untracked files present (use "git add" to track)
[ERROR] push failed: a02/18 (result kept in staging, will retry push only)
[Sun Sep  6 04:11:46 CST 2026] --- retry push only: channel=a02 seq=18 ---
# On branch hpc-mailbox
# Your branch is ahead of 'origin/hpc-mailbox' by 1 commit.
#   (use "git push" to publish your local commits)
#
# Untracked files:
#   (use "git add <file>..." to include in what will be committed)
#
#	inbox/autoresearch-64/hbv_lite_64_prospective_seq62.slurm
#	inbox/gpucheck_ngu009.slurm
#	inbox/gpucheck_ngu101.slurm
#	payload/id29-nearing2022-da/closure_v12.tar.gz
#	payload/id29-nearing2022-da/closure_v13.tar.gz
#	payload/id29-nearing2022-da/gate_preflight_v1.tar.gz
#	runner.log
#	runner2.log
nothing added to commit but untracked files present (use "git add" to track)
[ERROR] push failed: a02/18 (result kept in staging, will retry push only)
[Sun Sep  6 04:13:28 CST 2026] --- retry push only: channel=a02 seq=18 ---
# On branch hpc-mailbox
# Your branch is ahead of 'origin/hpc-mailbox' by 1 commit.
#   (use "git push" to publish your local commits)
#
# Untracked files:
#   (use "git add <file>..." to include in what will be committed)
#
#	inbox/autoresearch-64/hbv_lite_64_prospective_seq62.slurm
#	inbox/gpucheck_ngu009.slurm
#	inbox/gpucheck_ngu101.slurm
#	payload/id29-nearing2022-da/closure_v12.tar.gz
#	payload/id29-nearing2022-da/closure_v13.tar.gz
#	payload/id29-nearing2022-da/gate_preflight_v1.tar.gz
#	runner.log
#	runner2.log
nothing added to commit but untracked files present (use "git add" to track)
[ERROR] push failed: a02/18 (result kept in staging, will retry push only)
[Sun Sep  6 04:15:09 CST 2026] --- retry push only: channel=a02 seq=18 ---
# On branch hpc-mailbox
# Your branch is ahead of 'origin/hpc-mailbox' by 1 commit.
#   (use "git push" to publish your local commits)
#
# Untracked files:
#   (use "git add <file>..." to include in what will be committed)
#
#	inbox/autoresearch-64/hbv_lite_64_prospective_seq62.slurm
#	inbox/gpucheck_ngu009.slurm
#	inbox/gpucheck_ngu101.slurm
#	payload/id29-nearing2022-da/closure_v12.tar.gz
#	payload/id29-nearing2022-da/closure_v13.tar.gz
#	payload/id29-nearing2022-da/gate_preflight_v1.tar.gz
#	runner.log
#	runner2.log
nothing added to commit but untracked files present (use "git add" to track)
[ERROR] push failed: a02/18 (result kept in staging, will retry push only)
[Sun Sep  6 04:16:51 CST 2026] --- retry push only: channel=a02 seq=18 ---
# On branch hpc-mailbox
# Your branch is ahead of 'origin/hpc-mailbox' by 1 commit.
#   (use "git push" to publish your local commits)
#
# Untracked files:
#   (use "git add <file>..." to include in what will be committed)
#
#	inbox/autoresearch-64/hbv_lite_64_prospective_seq62.slurm
#	inbox/gpucheck_ngu009.slurm
#	inbox/gpucheck_ngu101.slurm
#	payload/id29-nearing2022-da/closure_v12.tar.gz
#	payload/id29-nearing2022-da/closure_v13.tar.gz
#	payload/id29-nearing2022-da/gate_preflight_v1.tar.gz
#	runner.log
#	runner2.log
nothing added to commit but untracked files present (use "git add" to track)
[ERROR] push failed: a02/18 (result kept in staging, will retry push only)
[Sun Sep  6 04:18:32 CST 2026] --- retry push only: channel=a02 seq=18 ---
# On branch hpc-mailbox
# Your branch is ahead of 'origin/hpc-mailbox' by 1 commit.
#   (use "git push" to publish your local commits)
#
# Untracked files:
#   (use "git add <file>..." to include in what will be committed)
#
#	inbox/autoresearch-64/hbv_lite_64_prospective_seq62.slurm
#	inbox/gpucheck_ngu009.slurm
#	inbox/gpucheck_ngu101.slurm
#	payload/id29-nearing2022-da/closure_v12.tar.gz
#	payload/id29-nearing2022-da/closure_v13.tar.gz
#	payload/id29-nearing2022-da/gate_preflight_v1.tar.gz
#	runner.log
#	runner2.log
nothing added to commit but untracked files present (use "git add" to track)
[ERROR] push failed: a02/18 (result kept in staging, will retry push only)
[Sun Sep  6 04:20:13 CST 2026] --- retry push only: channel=a02 seq=18 ---
# On branch hpc-mailbox
# Your branch is ahead of 'origin/hpc-mailbox' by 1 commit.
#   (use "git push" to publish your local commits)
#
# Untracked files:
#   (use "git add <file>..." to include in what will be committed)
#
#	inbox/autoresearch-64/hbv_lite_64_prospective_seq62.slurm
#	inbox/gpucheck_ngu009.slurm
#	inbox/gpucheck_ngu101.slurm
#	payload/id29-nearing2022-da/closure_v12.tar.gz
#	payload/id29-nearing2022-da/closure_v13.tar.gz
#	payload/id29-nearing2022-da/gate_preflight_v1.tar.gz
#	runner.log
#	runner2.log
nothing added to commit but untracked files present (use "git add" to track)
[ERROR] push failed: a02/18 (result kept in staging, will retry push only)
[Sun Sep  6 04:21:55 CST 2026] --- retry push only: channel=a02 seq=18 ---
# On branch hpc-mailbox
# Your branch is ahead of 'origin/hpc-mailbox' by 1 commit.
#   (use "git push" to publish your local commits)
#
# Untracked files:
#   (use "git add <file>..." to include in what will be committed)
#
#	inbox/autoresearch-64/hbv_lite_64_prospective_seq62.slurm
#	inbox/gpucheck_ngu009.slurm
#	inbox/gpucheck_ngu101.slurm
#	payload/id29-nearing2022-da/closure_v12.tar.gz
#	payload/id29-nearing2022-da/closure_v13.tar.gz
#	payload/id29-nearing2022-da/gate_preflight_v1.tar.gz
#	runner.log
#	runner2.log
nothing added to commit but untracked files present (use "git add" to track)
[ERROR] push failed: a02/18 (result kept in staging, will retry push only)
[Sun Sep  6 04:23:36 CST 2026] --- retry push only: channel=a02 seq=18 ---
# On branch hpc-mailbox
# Your branch is ahead of 'origin/hpc-mailbox' by 1 commit.
#   (use "git push" to publish your local commits)
#
# Untracked files:
#   (use "git add <file>..." to include in what will be committed)
#
#	inbox/autoresearch-64/hbv_lite_64_prospective_seq62.slurm
#	inbox/gpucheck_ngu009.slurm
#	inbox/gpucheck_ngu101.slurm
#	payload/id29-nearing2022-da/closure_v12.tar.gz
#	payload/id29-nearing2022-da/closure_v13.tar.gz
#	payload/id29-nearing2022-da/gate_preflight_v1.tar.gz
#	runner.log
#	runner2.log
nothing added to commit but untracked files present (use "git add" to track)
[ERROR] push failed: a02/18 (result kept in staging, will retry push only)
[Sun Sep  6 04:25:18 CST 2026] --- retry push only: channel=a02 seq=18 ---
# On branch hpc-mailbox
# Your branch is ahead of 'origin/hpc-mailbox' by 1 commit.
#   (use "git push" to publish your local commits)
#
# Untracked files:
#   (use "git add <file>..." to include in what will be committed)
#
#	inbox/autoresearch-64/hbv_lite_64_prospective_seq62.slurm
#	inbox/gpucheck_ngu009.slurm
#	inbox/gpucheck_ngu101.slurm
#	payload/id29-nearing2022-da/closure_v12.tar.gz
#	payload/id29-nearing2022-da/closure_v13.tar.gz
#	payload/id29-nearing2022-da/gate_preflight_v1.tar.gz
#	runner.log
#	runner2.log
nothing added to commit but untracked files present (use "git add" to track)
[ERROR] push failed: a02/18 (result kept in staging, will retry push only)
[Sun Sep  6 04:27:00 CST 2026] --- retry push only: channel=a02 seq=18 ---
# On branch hpc-mailbox
# Your branch is ahead of 'origin/hpc-mailbox' by 1 commit.
#   (use "git push" to publish your local commits)
#
# Untracked files:
#   (use "git add <file>..." to include in what will be committed)
#
#	inbox/autoresearch-64/hbv_lite_64_prospective_seq62.slurm
#	inbox/gpucheck_ngu009.slurm
#	inbox/gpucheck_ngu101.slurm
#	payload/id29-nearing2022-da/closure_v12.tar.gz
#	payload/id29-nearing2022-da/closure_v13.tar.gz
#	payload/id29-nearing2022-da/gate_preflight_v1.tar.gz
#	runner.log
#	runner2.log
nothing added to commit but untracked files present (use "git add" to track)
[ERROR] push failed: a02/18 (result kept in staging, will retry push only)
[Sun Sep  6 04:28:43 CST 2026] --- retry push only: channel=a02 seq=18 ---
# On branch hpc-mailbox
# Your branch is ahead of 'origin/hpc-mailbox' by 1 commit.
#   (use "git push" to publish your local commits)
#
# Untracked files:
#   (use "git add <file>..." to include in what will be committed)
#
#	inbox/autoresearch-64/hbv_lite_64_prospective_seq62.slurm
#	inbox/gpucheck_ngu009.slurm
#	inbox/gpucheck_ngu101.slurm
#	payload/id29-nearing2022-da/closure_v12.tar.gz
#	payload/id29-nearing2022-da/closure_v13.tar.gz
#	payload/id29-nearing2022-da/gate_preflight_v1.tar.gz
#	runner.log
#	runner2.log
nothing added to commit but untracked files present (use "git add" to track)
[ERROR] push failed: a02/18 (result kept in staging, will retry push only)
[Sun Sep  6 04:30:25 CST 2026] --- retry push only: channel=a02 seq=18 ---
# On branch hpc-mailbox
# Your branch is ahead of 'origin/hpc-mailbox' by 1 commit.
#   (use "git push" to publish your local commits)
#
# Untracked files:
#   (use "git add <file>..." to include in what will be committed)
#
#	inbox/autoresearch-64/hbv_lite_64_prospective_seq62.slurm
#	inbox/gpucheck_ngu009.slurm
#	inbox/gpucheck_ngu101.slurm
#	payload/id29-nearing2022-da/closure_v12.tar.gz
#	payload/id29-nearing2022-da/closure_v13.tar.gz
#	payload/id29-nearing2022-da/gate_preflight_v1.tar.gz
#	runner.log
#	runner2.log
nothing added to commit but untracked files present (use "git add" to track)
[ERROR] push failed: a02/18 (result kept in staging, will retry push only)
[Sun Sep  6 04:32:07 CST 2026] --- retry push only: channel=a02 seq=18 ---
# On branch hpc-mailbox
# Your branch is ahead of 'origin/hpc-mailbox' by 1 commit.
#   (use "git push" to publish your local commits)
#
# Untracked files:
#   (use "git add <file>..." to include in what will be committed)
#
#	inbox/autoresearch-64/hbv_lite_64_prospective_seq62.slurm
#	inbox/gpucheck_ngu009.slurm
#	inbox/gpucheck_ngu101.slurm
#	payload/id29-nearing2022-da/closure_v12.tar.gz
#	payload/id29-nearing2022-da/closure_v13.tar.gz
#	payload/id29-nearing2022-da/gate_preflight_v1.tar.gz
#	runner.log
#	runner2.log
nothing added to commit but untracked files present (use "git add" to track)
[ERROR] push failed: a02/18 (result kept in staging, will retry push only)
[Sun Sep  6 04:33:48 CST 2026] --- retry push only: channel=a02 seq=18 ---
# On branch hpc-mailbox
# Your branch is ahead of 'origin/hpc-mailbox' by 1 commit.
#   (use "git push" to publish your local commits)
#
# Untracked files:
#   (use "git add <file>..." to include in what will be committed)
#
#	inbox/autoresearch-64/hbv_lite_64_prospective_seq62.slurm
#	inbox/gpucheck_ngu009.slurm
#	inbox/gpucheck_ngu101.slurm
#	payload/id29-nearing2022-da/closure_v12.tar.gz
#	payload/id29-nearing2022-da/closure_v13.tar.gz
#	payload/id29-nearing2022-da/gate_preflight_v1.tar.gz
#	runner.log
#	runner2.log
nothing added to commit but untracked files present (use "git add" to track)
[ERROR] push failed: a02/18 (result kept in staging, will retry push only)
[Sun Sep  6 04:35:30 CST 2026] --- retry push only: channel=a02 seq=18 ---
# On branch hpc-mailbox
# Your branch is ahead of 'origin/hpc-mailbox' by 1 commit.
#   (use "git push" to publish your local commits)
#
# Untracked files:
#   (use "git add <file>..." to include in what will be committed)
#
#	inbox/autoresearch-64/hbv_lite_64_prospective_seq62.slurm
#	inbox/gpucheck_ngu009.slurm
#	inbox/gpucheck_ngu101.slurm
#	payload/id29-nearing2022-da/closure_v12.tar.gz
#	payload/id29-nearing2022-da/closure_v13.tar.gz
#	payload/id29-nearing2022-da/gate_preflight_v1.tar.gz
#	runner.log
#	runner2.log
nothing added to commit but untracked files present (use "git add" to track)
[ERROR] push failed: a02/18 (result kept in staging, will retry push only)
[Sun Sep  6 04:37:11 CST 2026] --- retry push only: channel=a02 seq=18 ---
# On branch hpc-mailbox
# Your branch is ahead of 'origin/hpc-mailbox' by 1 commit.
#   (use "git push" to publish your local commits)
#
# Untracked files:
#   (use "git add <file>..." to include in what will be committed)
#
#	inbox/autoresearch-64/hbv_lite_64_prospective_seq62.slurm
#	inbox/gpucheck_ngu009.slurm
#	inbox/gpucheck_ngu101.slurm
#	payload/id29-nearing2022-da/closure_v12.tar.gz
#	payload/id29-nearing2022-da/closure_v13.tar.gz
#	payload/id29-nearing2022-da/gate_preflight_v1.tar.gz
#	runner.log
#	runner2.log
nothing added to commit but untracked files present (use "git add" to track)
[ERROR] push failed: a02/18 (result kept in staging, will retry push only)
[Sun Sep  6 04:38:53 CST 2026] --- retry push only: channel=a02 seq=18 ---
# On branch hpc-mailbox
# Your branch is ahead of 'origin/hpc-mailbox' by 1 commit.
#   (use "git push" to publish your local commits)
#
# Untracked files:
#   (use "git add <file>..." to include in what will be committed)
#
#	inbox/autoresearch-64/hbv_lite_64_prospective_seq62.slurm
#	inbox/gpucheck_ngu009.slurm
#	inbox/gpucheck_ngu101.slurm
#	payload/id29-nearing2022-da/closure_v12.tar.gz
#	payload/id29-nearing2022-da/closure_v13.tar.gz
#	payload/id29-nearing2022-da/gate_preflight_v1.tar.gz
#	runner.log
#	runner2.log
nothing added to commit but untracked files present (use "git add" to track)
[ERROR] push failed: a02/18 (result kept in staging, will retry push only)
[Sun Sep  6 04:40:35 CST 2026] --- retry push only: channel=a02 seq=18 ---
# On branch hpc-mailbox
# Your branch is ahead of 'origin/hpc-mailbox' by 1 commit.
#   (use "git push" to publish your local commits)
#
# Untracked files:
#   (use "git add <file>..." to include in what will be committed)
#
#	inbox/autoresearch-64/hbv_lite_64_prospective_seq62.slurm
#	inbox/gpucheck_ngu009.slurm
#	inbox/gpucheck_ngu101.slurm
#	payload/id29-nearing2022-da/closure_v12.tar.gz
#	payload/id29-nearing2022-da/closure_v13.tar.gz
#	payload/id29-nearing2022-da/gate_preflight_v1.tar.gz
#	runner.log
#	runner2.log
nothing added to commit but untracked files present (use "git add" to track)
[ERROR] push failed: a02/18 (result kept in staging, will retry push only)
[Sun Sep  6 04:42:18 CST 2026] --- retry push only: channel=a02 seq=18 ---
# On branch hpc-mailbox
# Your branch is ahead of 'origin/hpc-mailbox' by 1 commit.
#   (use "git push" to publish your local commits)
#
# Untracked files:
#   (use "git add <file>..." to include in what will be committed)
#
#	inbox/autoresearch-64/hbv_lite_64_prospective_seq62.slurm
#	inbox/gpucheck_ngu009.slurm
#	inbox/gpucheck_ngu101.slurm
#	payload/id29-nearing2022-da/closure_v12.tar.gz
#	payload/id29-nearing2022-da/closure_v13.tar.gz
#	payload/id29-nearing2022-da/gate_preflight_v1.tar.gz
#	runner.log
#	runner2.log
nothing added to commit but untracked files present (use "git add" to track)
[ERROR] push failed: a02/18 (result kept in staging, will retry push only)
[Sun Sep  6 04:44:00 CST 2026] --- retry push only: channel=a02 seq=18 ---
# On branch hpc-mailbox
# Your branch is ahead of 'origin/hpc-mailbox' by 1 commit.
#   (use "git push" to publish your local commits)
#
# Untracked files:
#   (use "git add <file>..." to include in what will be committed)
#
#	inbox/autoresearch-64/hbv_lite_64_prospective_seq62.slurm
#	inbox/gpucheck_ngu009.slurm
#	inbox/gpucheck_ngu101.slurm
#	payload/id29-nearing2022-da/closure_v12.tar.gz
#	payload/id29-nearing2022-da/closure_v13.tar.gz
#	payload/id29-nearing2022-da/gate_preflight_v1.tar.gz
#	runner.log
#	runner2.log
nothing added to commit but untracked files present (use "git add" to track)
[ERROR] push failed: a02/18 (result kept in staging, will retry push only)
[Sun Sep  6 04:45:42 CST 2026] --- retry push only: channel=a02 seq=18 ---
# On branch hpc-mailbox
# Your branch is ahead of 'origin/hpc-mailbox' by 1 commit.
#   (use "git push" to publish your local commits)
#
# Untracked files:
#   (use "git add <file>..." to include in what will be committed)
#
#	inbox/autoresearch-64/hbv_lite_64_prospective_seq62.slurm
#	inbox/gpucheck_ngu009.slurm
#	inbox/gpucheck_ngu101.slurm
#	payload/id29-nearing2022-da/closure_v12.tar.gz
#	payload/id29-nearing2022-da/closure_v13.tar.gz
#	payload/id29-nearing2022-da/gate_preflight_v1.tar.gz
#	runner.log
#	runner2.log
nothing added to commit but untracked files present (use "git add" to track)
[ERROR] push failed: a02/18 (result kept in staging, will retry push only)
[Sun Sep  6 04:47:24 CST 2026] --- retry push only: channel=a02 seq=18 ---
# On branch hpc-mailbox
# Your branch is ahead of 'origin/hpc-mailbox' by 1 commit.
#   (use "git push" to publish your local commits)
#
# Untracked files:
#   (use "git add <file>..." to include in what will be committed)
#
#	inbox/autoresearch-64/hbv_lite_64_prospective_seq62.slurm
#	inbox/gpucheck_ngu009.slurm
#	inbox/gpucheck_ngu101.slurm
#	payload/id29-nearing2022-da/closure_v12.tar.gz
#	payload/id29-nearing2022-da/closure_v13.tar.gz
#	payload/id29-nearing2022-da/gate_preflight_v1.tar.gz
#	runner.log
#	runner2.log
nothing added to commit but untracked files present (use "git add" to track)
[ERROR] push failed: a02/18 (result kept in staging, will retry push only)
[Sun Sep  6 04:49:06 CST 2026] --- retry push only: channel=a02 seq=18 ---
# On branch hpc-mailbox
# Your branch is ahead of 'origin/hpc-mailbox' by 1 commit.
#   (use "git push" to publish your local commits)
#
# Untracked files:
#   (use "git add <file>..." to include in what will be committed)
#
#	inbox/autoresearch-64/hbv_lite_64_prospective_seq62.slurm
#	inbox/gpucheck_ngu009.slurm
#	inbox/gpucheck_ngu101.slurm
#	payload/id29-nearing2022-da/closure_v12.tar.gz
#	payload/id29-nearing2022-da/closure_v13.tar.gz
#	payload/id29-nearing2022-da/gate_preflight_v1.tar.gz
#	runner.log
#	runner2.log
nothing added to commit but untracked files present (use "git add" to track)
[ERROR] push failed: a02/18 (result kept in staging, will retry push only)
[Sun Sep  6 04:50:47 CST 2026] --- retry push only: channel=a02 seq=18 ---
# On branch hpc-mailbox
# Your branch is ahead of 'origin/hpc-mailbox' by 1 commit.
#   (use "git push" to publish your local commits)
#
# Untracked files:
#   (use "git add <file>..." to include in what will be committed)
#
#	inbox/autoresearch-64/hbv_lite_64_prospective_seq62.slurm
#	inbox/gpucheck_ngu009.slurm
#	inbox/gpucheck_ngu101.slurm
#	payload/id29-nearing2022-da/closure_v12.tar.gz
#	payload/id29-nearing2022-da/closure_v13.tar.gz
#	payload/id29-nearing2022-da/gate_preflight_v1.tar.gz
#	runner.log
#	runner2.log
nothing added to commit but untracked files present (use "git add" to track)
[ERROR] push failed: a02/18 (result kept in staging, will retry push only)
[Sun Sep  6 04:52:29 CST 2026] --- retry push only: channel=a02 seq=18 ---
# On branch hpc-mailbox
# Your branch is ahead of 'origin/hpc-mailbox' by 1 commit.
#   (use "git push" to publish your local commits)
#
# Untracked files:
#   (use "git add <file>..." to include in what will be committed)
#
#	inbox/autoresearch-64/hbv_lite_64_prospective_seq62.slurm
#	inbox/gpucheck_ngu009.slurm
#	inbox/gpucheck_ngu101.slurm
#	payload/id29-nearing2022-da/closure_v12.tar.gz
#	payload/id29-nearing2022-da/closure_v13.tar.gz
#	payload/id29-nearing2022-da/gate_preflight_v1.tar.gz
#	runner.log
#	runner2.log
nothing added to commit but untracked files present (use "git add" to track)
[ERROR] push failed: a02/18 (result kept in staging, will retry push only)
[Sun Sep  6 04:54:11 CST 2026] --- retry push only: channel=a02 seq=18 ---
# On branch hpc-mailbox
# Your branch is ahead of 'origin/hpc-mailbox' by 1 commit.
#   (use "git push" to publish your local commits)
#
# Untracked files:
#   (use "git add <file>..." to include in what will be committed)
#
#	inbox/autoresearch-64/hbv_lite_64_prospective_seq62.slurm
#	inbox/gpucheck_ngu009.slurm
#	inbox/gpucheck_ngu101.slurm
#	payload/id29-nearing2022-da/closure_v12.tar.gz
#	payload/id29-nearing2022-da/closure_v13.tar.gz
#	payload/id29-nearing2022-da/gate_preflight_v1.tar.gz
#	runner.log
#	runner2.log
nothing added to commit but untracked files present (use "git add" to track)
[ERROR] push failed: a02/18 (result kept in staging, will retry push only)
[Sun Sep  6 04:55:54 CST 2026] --- retry push only: channel=a02 seq=18 ---
# On branch hpc-mailbox
# Your branch is ahead of 'origin/hpc-mailbox' by 1 commit.
#   (use "git push" to publish your local commits)
#
# Untracked files:
#   (use "git add <file>..." to include in what will be committed)
#
#	inbox/autoresearch-64/hbv_lite_64_prospective_seq62.slurm
#	inbox/gpucheck_ngu009.slurm
#	inbox/gpucheck_ngu101.slurm
#	payload/id29-nearing2022-da/closure_v12.tar.gz
#	payload/id29-nearing2022-da/closure_v13.tar.gz
#	payload/id29-nearing2022-da/gate_preflight_v1.tar.gz
#	runner.log
#	runner2.log
nothing added to commit but untracked files present (use "git add" to track)
[ERROR] push failed: a02/18 (result kept in staging, will retry push only)
[Sun Sep  6 04:57:36 CST 2026] --- retry push only: channel=a02 seq=18 ---
# On branch hpc-mailbox
# Your branch is ahead of 'origin/hpc-mailbox' by 1 commit.
#   (use "git push" to publish your local commits)
#
# Untracked files:
#   (use "git add <file>..." to include in what will be committed)
#
#	inbox/autoresearch-64/hbv_lite_64_prospective_seq62.slurm
#	inbox/gpucheck_ngu009.slurm
#	inbox/gpucheck_ngu101.slurm
#	payload/id29-nearing2022-da/closure_v12.tar.gz
#	payload/id29-nearing2022-da/closure_v13.tar.gz
#	payload/id29-nearing2022-da/gate_preflight_v1.tar.gz
#	runner.log
#	runner2.log
nothing added to commit but untracked files present (use "git add" to track)
[ERROR] push failed: a02/18 (result kept in staging, will retry push only)
[Sun Sep  6 04:59:20 CST 2026] --- retry push only: channel=a02 seq=18 ---
# On branch hpc-mailbox
# Your branch is ahead of 'origin/hpc-mailbox' by 1 commit.
#   (use "git push" to publish your local commits)
#
# Untracked files:
#   (use "git add <file>..." to include in what will be committed)
#
#	inbox/autoresearch-64/hbv_lite_64_prospective_seq62.slurm
#	inbox/gpucheck_ngu009.slurm
#	inbox/gpucheck_ngu101.slurm
#	payload/id29-nearing2022-da/closure_v12.tar.gz
#	payload/id29-nearing2022-da/closure_v13.tar.gz
#	payload/id29-nearing2022-da/gate_preflight_v1.tar.gz
#	runner.log
#	runner2.log
nothing added to commit but untracked files present (use "git add" to track)
[ERROR] push failed: a02/18 (result kept in staging, will retry push only)
[Sun Sep  6 05:01:01 CST 2026] --- retry push only: channel=a02 seq=18 ---
# On branch hpc-mailbox
# Your branch is ahead of 'origin/hpc-mailbox' by 1 commit.
#   (use "git push" to publish your local commits)
#
# Untracked files:
#   (use "git add <file>..." to include in what will be committed)
#
#	inbox/autoresearch-64/hbv_lite_64_prospective_seq62.slurm
#	inbox/gpucheck_ngu009.slurm
#	inbox/gpucheck_ngu101.slurm
#	payload/id29-nearing2022-da/closure_v12.tar.gz
#	payload/id29-nearing2022-da/closure_v13.tar.gz
#	payload/id29-nearing2022-da/gate_preflight_v1.tar.gz
#	runner.log
#	runner2.log
nothing added to commit but untracked files present (use "git add" to track)
[ERROR] push failed: a02/18 (result kept in staging, will retry push only)
[Sun Sep  6 05:02:43 CST 2026] --- retry push only: channel=a02 seq=18 ---
# On branch hpc-mailbox
# Your branch is ahead of 'origin/hpc-mailbox' by 1 commit.
#   (use "git push" to publish your local commits)
#
# Untracked files:
#   (use "git add <file>..." to include in what will be committed)
#
#	inbox/autoresearch-64/hbv_lite_64_prospective_seq62.slurm
#	inbox/gpucheck_ngu009.slurm
#	inbox/gpucheck_ngu101.slurm
#	payload/id29-nearing2022-da/closure_v12.tar.gz
#	payload/id29-nearing2022-da/closure_v13.tar.gz
#	payload/id29-nearing2022-da/gate_preflight_v1.tar.gz
#	runner.log
#	runner2.log
nothing added to commit but untracked files present (use "git add" to track)
[ERROR] push failed: a02/18 (result kept in staging, will retry push only)
[Sun Sep  6 05:04:25 CST 2026] --- retry push only: channel=a02 seq=18 ---
# On branch hpc-mailbox
# Your branch is ahead of 'origin/hpc-mailbox' by 1 commit.
#   (use "git push" to publish your local commits)
#
# Untracked files:
#   (use "git add <file>..." to include in what will be committed)
#
#	inbox/autoresearch-64/hbv_lite_64_prospective_seq62.slurm
#	inbox/gpucheck_ngu009.slurm
#	inbox/gpucheck_ngu101.slurm
#	payload/id29-nearing2022-da/closure_v12.tar.gz
#	payload/id29-nearing2022-da/closure_v13.tar.gz
#	payload/id29-nearing2022-da/gate_preflight_v1.tar.gz
#	runner.log
#	runner2.log
nothing added to commit but untracked files present (use "git add" to track)
[ERROR] push failed: a02/18 (result kept in staging, will retry push only)
[Sun Sep  6 05:06:06 CST 2026] --- retry push only: channel=a02 seq=18 ---
# On branch hpc-mailbox
# Your branch is ahead of 'origin/hpc-mailbox' by 1 commit.
#   (use "git push" to publish your local commits)
#
# Untracked files:
#   (use "git add <file>..." to include in what will be committed)
#
#	inbox/autoresearch-64/hbv_lite_64_prospective_seq62.slurm
#	inbox/gpucheck_ngu009.slurm
#	inbox/gpucheck_ngu101.slurm
#	payload/id29-nearing2022-da/closure_v12.tar.gz
#	payload/id29-nearing2022-da/closure_v13.tar.gz
#	payload/id29-nearing2022-da/gate_preflight_v1.tar.gz
#	runner.log
#	runner2.log
nothing added to commit but untracked files present (use "git add" to track)
[ERROR] push failed: a02/18 (result kept in staging, will retry push only)
[Sun Sep  6 05:07:48 CST 2026] --- retry push only: channel=a02 seq=18 ---
# On branch hpc-mailbox
# Your branch is ahead of 'origin/hpc-mailbox' by 1 commit.
#   (use "git push" to publish your local commits)
#
# Untracked files:
#   (use "git add <file>..." to include in what will be committed)
#
#	inbox/autoresearch-64/hbv_lite_64_prospective_seq62.slurm
#	inbox/gpucheck_ngu009.slurm
#	inbox/gpucheck_ngu101.slurm
#	payload/id29-nearing2022-da/closure_v12.tar.gz
#	payload/id29-nearing2022-da/closure_v13.tar.gz
#	payload/id29-nearing2022-da/gate_preflight_v1.tar.gz
#	runner.log
#	runner2.log
nothing added to commit but untracked files present (use "git add" to track)
[ERROR] push failed: a02/18 (result kept in staging, will retry push only)
[Sun Sep  6 05:09:30 CST 2026] --- retry push only: channel=a02 seq=18 ---
# On branch hpc-mailbox
# Your branch is ahead of 'origin/hpc-mailbox' by 1 commit.
#   (use "git push" to publish your local commits)
#
# Untracked files:
#   (use "git add <file>..." to include in what will be committed)
#
#	inbox/autoresearch-64/hbv_lite_64_prospective_seq62.slurm
#	inbox/gpucheck_ngu009.slurm
#	inbox/gpucheck_ngu101.slurm
#	payload/id29-nearing2022-da/closure_v12.tar.gz
#	payload/id29-nearing2022-da/closure_v13.tar.gz
#	payload/id29-nearing2022-da/gate_preflight_v1.tar.gz
#	runner.log
#	runner2.log
nothing added to commit but untracked files present (use "git add" to track)
[ERROR] push failed: a02/18 (result kept in staging, will retry push only)
[Sun Sep  6 05:11:12 CST 2026] --- retry push only: channel=a02 seq=18 ---
# On branch hpc-mailbox
# Your branch is ahead of 'origin/hpc-mailbox' by 1 commit.
#   (use "git push" to publish your local commits)
#
# Untracked files:
#   (use "git add <file>..." to include in what will be committed)
#
#	inbox/autoresearch-64/hbv_lite_64_prospective_seq62.slurm
#	inbox/gpucheck_ngu009.slurm
#	inbox/gpucheck_ngu101.slurm
#	payload/id29-nearing2022-da/closure_v12.tar.gz
#	payload/id29-nearing2022-da/closure_v13.tar.gz
#	payload/id29-nearing2022-da/gate_preflight_v1.tar.gz
#	runner.log
#	runner2.log
nothing added to commit but untracked files present (use "git add" to track)
[ERROR] push failed: a02/18 (result kept in staging, will retry push only)
[Sun Sep  6 05:12:54 CST 2026] --- retry push only: channel=a02 seq=18 ---
# On branch hpc-mailbox
# Your branch is ahead of 'origin/hpc-mailbox' by 1 commit.
#   (use "git push" to publish your local commits)
#
# Untracked files:
#   (use "git add <file>..." to include in what will be committed)
#
#	inbox/autoresearch-64/hbv_lite_64_prospective_seq62.slurm
#	inbox/gpucheck_ngu009.slurm
#	inbox/gpucheck_ngu101.slurm
#	payload/id29-nearing2022-da/closure_v12.tar.gz
#	payload/id29-nearing2022-da/closure_v13.tar.gz
#	payload/id29-nearing2022-da/gate_preflight_v1.tar.gz
#	runner.log
#	runner2.log
nothing added to commit but untracked files present (use "git add" to track)
[ERROR] push failed: a02/18 (result kept in staging, will retry push only)
[Sun Sep  6 05:14:35 CST 2026] --- retry push only: channel=a02 seq=18 ---
# On branch hpc-mailbox
# Your branch is ahead of 'origin/hpc-mailbox' by 1 commit.
#   (use "git push" to publish your local commits)
#
# Untracked files:
#   (use "git add <file>..." to include in what will be committed)
#
#	inbox/autoresearch-64/hbv_lite_64_prospective_seq62.slurm
#	inbox/gpucheck_ngu009.slurm
#	inbox/gpucheck_ngu101.slurm
#	payload/id29-nearing2022-da/closure_v12.tar.gz
#	payload/id29-nearing2022-da/closure_v13.tar.gz
#	payload/id29-nearing2022-da/gate_preflight_v1.tar.gz
#	runner.log
#	runner2.log
nothing added to commit but untracked files present (use "git add" to track)
[ERROR] push failed: a02/18 (result kept in staging, will retry push only)
[Sun Sep  6 05:16:17 CST 2026] --- retry push only: channel=a02 seq=18 ---
# On branch hpc-mailbox
# Your branch is ahead of 'origin/hpc-mailbox' by 1 commit.
#   (use "git push" to publish your local commits)
#
# Untracked files:
#   (use "git add <file>..." to include in what will be committed)
#
#	inbox/autoresearch-64/hbv_lite_64_prospective_seq62.slurm
#	inbox/gpucheck_ngu009.slurm
#	inbox/gpucheck_ngu101.slurm
#	payload/id29-nearing2022-da/closure_v12.tar.gz
#	payload/id29-nearing2022-da/closure_v13.tar.gz
#	payload/id29-nearing2022-da/gate_preflight_v1.tar.gz
#	runner.log
#	runner2.log
nothing added to commit but untracked files present (use "git add" to track)
[ERROR] push failed: a02/18 (result kept in staging, will retry push only)
[Sun Sep  6 05:17:59 CST 2026] --- retry push only: channel=a02 seq=18 ---
# On branch hpc-mailbox
# Your branch is ahead of 'origin/hpc-mailbox' by 1 commit.
#   (use "git push" to publish your local commits)
#
# Untracked files:
#   (use "git add <file>..." to include in what will be committed)
#
#	inbox/autoresearch-64/hbv_lite_64_prospective_seq62.slurm
#	inbox/gpucheck_ngu009.slurm
#	inbox/gpucheck_ngu101.slurm
#	payload/id29-nearing2022-da/closure_v12.tar.gz
#	payload/id29-nearing2022-da/closure_v13.tar.gz
#	payload/id29-nearing2022-da/gate_preflight_v1.tar.gz
#	runner.log
#	runner2.log
nothing added to commit but untracked files present (use "git add" to track)
[ERROR] push failed: a02/18 (result kept in staging, will retry push only)
[Sun Sep  6 05:19:40 CST 2026] --- retry push only: channel=a02 seq=18 ---
# On branch hpc-mailbox
# Your branch is ahead of 'origin/hpc-mailbox' by 1 commit.
#   (use "git push" to publish your local commits)
#
# Untracked files:
#   (use "git add <file>..." to include in what will be committed)
#
#	inbox/autoresearch-64/hbv_lite_64_prospective_seq62.slurm
#	inbox/gpucheck_ngu009.slurm
#	inbox/gpucheck_ngu101.slurm
#	payload/id29-nearing2022-da/closure_v12.tar.gz
#	payload/id29-nearing2022-da/closure_v13.tar.gz
#	payload/id29-nearing2022-da/gate_preflight_v1.tar.gz
#	runner.log
#	runner2.log
nothing added to commit but untracked files present (use "git add" to track)
[ERROR] push failed: a02/18 (result kept in staging, will retry push only)
[Sun Sep  6 05:21:22 CST 2026] --- retry push only: channel=a02 seq=18 ---
# On branch hpc-mailbox
# Your branch is ahead of 'origin/hpc-mailbox' by 1 commit.
#   (use "git push" to publish your local commits)
#
# Untracked files:
#   (use "git add <file>..." to include in what will be committed)
#
#	inbox/autoresearch-64/hbv_lite_64_prospective_seq62.slurm
#	inbox/gpucheck_ngu009.slurm
#	inbox/gpucheck_ngu101.slurm
#	payload/id29-nearing2022-da/closure_v12.tar.gz
#	payload/id29-nearing2022-da/closure_v13.tar.gz
#	payload/id29-nearing2022-da/gate_preflight_v1.tar.gz
#	runner.log
#	runner2.log
nothing added to commit but untracked files present (use "git add" to track)
[ERROR] push failed: a02/18 (result kept in staging, will retry push only)
[Sun Sep  6 05:23:04 CST 2026] --- retry push only: channel=a02 seq=18 ---
# On branch hpc-mailbox
# Your branch is ahead of 'origin/hpc-mailbox' by 1 commit.
#   (use "git push" to publish your local commits)
#
# Untracked files:
#   (use "git add <file>..." to include in what will be committed)
#
#	inbox/autoresearch-64/hbv_lite_64_prospective_seq62.slurm
#	inbox/gpucheck_ngu009.slurm
#	inbox/gpucheck_ngu101.slurm
#	payload/id29-nearing2022-da/closure_v12.tar.gz
#	payload/id29-nearing2022-da/closure_v13.tar.gz
#	payload/id29-nearing2022-da/gate_preflight_v1.tar.gz
#	runner.log
#	runner2.log
nothing added to commit but untracked files present (use "git add" to track)
[ERROR] push failed: a02/18 (result kept in staging, will retry push only)
[Sun Sep  6 05:24:45 CST 2026] --- retry push only: channel=a02 seq=18 ---
# On branch hpc-mailbox
# Your branch is ahead of 'origin/hpc-mailbox' by 1 commit.
#   (use "git push" to publish your local commits)
#
# Untracked files:
#   (use "git add <file>..." to include in what will be committed)
#
#	inbox/autoresearch-64/hbv_lite_64_prospective_seq62.slurm
#	inbox/gpucheck_ngu009.slurm
#	inbox/gpucheck_ngu101.slurm
#	payload/id29-nearing2022-da/closure_v12.tar.gz
#	payload/id29-nearing2022-da/closure_v13.tar.gz
#	payload/id29-nearing2022-da/gate_preflight_v1.tar.gz
#	runner.log
#	runner2.log
nothing added to commit but untracked files present (use "git add" to track)
[ERROR] push failed: a02/18 (result kept in staging, will retry push only)
[Sun Sep  6 05:26:27 CST 2026] --- retry push only: channel=a02 seq=18 ---
# On branch hpc-mailbox
# Your branch is ahead of 'origin/hpc-mailbox' by 1 commit.
#   (use "git push" to publish your local commits)
#
# Untracked files:
#   (use "git add <file>..." to include in what will be committed)
#
#	inbox/autoresearch-64/hbv_lite_64_prospective_seq62.slurm
#	inbox/gpucheck_ngu009.slurm
#	inbox/gpucheck_ngu101.slurm
#	payload/id29-nearing2022-da/closure_v12.tar.gz
#	payload/id29-nearing2022-da/closure_v13.tar.gz
#	payload/id29-nearing2022-da/gate_preflight_v1.tar.gz
#	runner.log
#	runner2.log
nothing added to commit but untracked files present (use "git add" to track)
[ERROR] push failed: a02/18 (result kept in staging, will retry push only)
[Sun Sep  6 05:28:09 CST 2026] --- retry push only: channel=a02 seq=18 ---
# On branch hpc-mailbox
# Your branch is ahead of 'origin/hpc-mailbox' by 1 commit.
#   (use "git push" to publish your local commits)
#
# Untracked files:
#   (use "git add <file>..." to include in what will be committed)
#
#	inbox/autoresearch-64/hbv_lite_64_prospective_seq62.slurm
#	inbox/gpucheck_ngu009.slurm
#	inbox/gpucheck_ngu101.slurm
#	payload/id29-nearing2022-da/closure_v12.tar.gz
#	payload/id29-nearing2022-da/closure_v13.tar.gz
#	payload/id29-nearing2022-da/gate_preflight_v1.tar.gz
#	runner.log
#	runner2.log
nothing added to commit but untracked files present (use "git add" to track)
[ERROR] push failed: a02/18 (result kept in staging, will retry push only)
[Sun Sep  6 05:29:51 CST 2026] --- retry push only: channel=a02 seq=18 ---
# On branch hpc-mailbox
# Your branch is ahead of 'origin/hpc-mailbox' by 1 commit.
#   (use "git push" to publish your local commits)
#
# Untracked files:
#   (use "git add <file>..." to include in what will be committed)
#
#	inbox/autoresearch-64/hbv_lite_64_prospective_seq62.slurm
#	inbox/gpucheck_ngu009.slurm
#	inbox/gpucheck_ngu101.slurm
#	payload/id29-nearing2022-da/closure_v12.tar.gz
#	payload/id29-nearing2022-da/closure_v13.tar.gz
#	payload/id29-nearing2022-da/gate_preflight_v1.tar.gz
#	runner.log
#	runner2.log
nothing added to commit but untracked files present (use "git add" to track)
[ERROR] push failed: a02/18 (result kept in staging, will retry push only)
[Sun Sep  6 05:31:33 CST 2026] --- retry push only: channel=a02 seq=18 ---
# On branch hpc-mailbox
# Your branch is ahead of 'origin/hpc-mailbox' by 1 commit.
#   (use "git push" to publish your local commits)
#
# Untracked files:
#   (use "git add <file>..." to include in what will be committed)
#
#	inbox/autoresearch-64/hbv_lite_64_prospective_seq62.slurm
#	inbox/gpucheck_ngu009.slurm
#	inbox/gpucheck_ngu101.slurm
#	payload/id29-nearing2022-da/closure_v12.tar.gz
#	payload/id29-nearing2022-da/closure_v13.tar.gz
#	payload/id29-nearing2022-da/gate_preflight_v1.tar.gz
#	runner.log
#	runner2.log
nothing added to commit but untracked files present (use "git add" to track)
[ERROR] push failed: a02/18 (result kept in staging, will retry push only)
[Sun Sep  6 05:33:14 CST 2026] --- retry push only: channel=a02 seq=18 ---
# On branch hpc-mailbox
# Your branch is ahead of 'origin/hpc-mailbox' by 1 commit.
#   (use "git push" to publish your local commits)
#
# Untracked files:
#   (use "git add <file>..." to include in what will be committed)
#
#	inbox/autoresearch-64/hbv_lite_64_prospective_seq62.slurm
#	inbox/gpucheck_ngu009.slurm
#	inbox/gpucheck_ngu101.slurm
#	payload/id29-nearing2022-da/closure_v12.tar.gz
#	payload/id29-nearing2022-da/closure_v13.tar.gz
#	payload/id29-nearing2022-da/gate_preflight_v1.tar.gz
#	runner.log
#	runner2.log
nothing added to commit but untracked files present (use "git add" to track)
[ERROR] push failed: a02/18 (result kept in staging, will retry push only)
[Sun Sep  6 05:34:56 CST 2026] --- retry push only: channel=a02 seq=18 ---
# On branch hpc-mailbox
# Your branch is ahead of 'origin/hpc-mailbox' by 1 commit.
#   (use "git push" to publish your local commits)
#
# Untracked files:
#   (use "git add <file>..." to include in what will be committed)
#
#	inbox/autoresearch-64/hbv_lite_64_prospective_seq62.slurm
#	inbox/gpucheck_ngu009.slurm
#	inbox/gpucheck_ngu101.slurm
#	payload/id29-nearing2022-da/closure_v12.tar.gz
#	payload/id29-nearing2022-da/closure_v13.tar.gz
#	payload/id29-nearing2022-da/gate_preflight_v1.tar.gz
#	runner.log
#	runner2.log
nothing added to commit but untracked files present (use "git add" to track)
[ERROR] push failed: a02/18 (result kept in staging, will retry push only)
[Sun Sep  6 05:36:39 CST 2026] --- retry push only: channel=a02 seq=18 ---
# On branch hpc-mailbox
# Your branch is ahead of 'origin/hpc-mailbox' by 1 commit.
#   (use "git push" to publish your local commits)
#
# Untracked files:
#   (use "git add <file>..." to include in what will be committed)
#
#	inbox/autoresearch-64/hbv_lite_64_prospective_seq62.slurm
#	inbox/gpucheck_ngu009.slurm
#	inbox/gpucheck_ngu101.slurm
#	payload/id29-nearing2022-da/closure_v12.tar.gz
#	payload/id29-nearing2022-da/closure_v13.tar.gz
#	payload/id29-nearing2022-da/gate_preflight_v1.tar.gz
#	runner.log
#	runner2.log
nothing added to commit but untracked files present (use "git add" to track)
[ERROR] push failed: a02/18 (result kept in staging, will retry push only)
[Sun Sep  6 05:38:20 CST 2026] --- retry push only: channel=a02 seq=18 ---
# On branch hpc-mailbox
# Your branch is ahead of 'origin/hpc-mailbox' by 1 commit.
#   (use "git push" to publish your local commits)
#
# Untracked files:
#   (use "git add <file>..." to include in what will be committed)
#
#	inbox/autoresearch-64/hbv_lite_64_prospective_seq62.slurm
#	inbox/gpucheck_ngu009.slurm
#	inbox/gpucheck_ngu101.slurm
#	payload/id29-nearing2022-da/closure_v12.tar.gz
#	payload/id29-nearing2022-da/closure_v13.tar.gz
#	payload/id29-nearing2022-da/gate_preflight_v1.tar.gz
#	runner.log
#	runner2.log
nothing added to commit but untracked files present (use "git add" to track)
[ERROR] push failed: a02/18 (result kept in staging, will retry push only)
[Sun Sep  6 05:40:02 CST 2026] --- retry push only: channel=a02 seq=18 ---
# On branch hpc-mailbox
# Your branch is ahead of 'origin/hpc-mailbox' by 1 commit.
#   (use "git push" to publish your local commits)
#
# Untracked files:
#   (use "git add <file>..." to include in what will be committed)
#
#	inbox/autoresearch-64/hbv_lite_64_prospective_seq62.slurm
#	inbox/gpucheck_ngu009.slurm
#	inbox/gpucheck_ngu101.slurm
#	payload/id29-nearing2022-da/closure_v12.tar.gz
#	payload/id29-nearing2022-da/closure_v13.tar.gz
#	payload/id29-nearing2022-da/gate_preflight_v1.tar.gz
#	runner.log
#	runner2.log
nothing added to commit but untracked files present (use "git add" to track)
[ERROR] push failed: a02/18 (result kept in staging, will retry push only)
[Sun Sep  6 05:41:44 CST 2026] --- retry push only: channel=a02 seq=18 ---
# On branch hpc-mailbox
# Your branch is ahead of 'origin/hpc-mailbox' by 1 commit.
#   (use "git push" to publish your local commits)
#
# Untracked files:
#   (use "git add <file>..." to include in what will be committed)
#
#	inbox/autoresearch-64/hbv_lite_64_prospective_seq62.slurm
#	inbox/gpucheck_ngu009.slurm
#	inbox/gpucheck_ngu101.slurm
#	payload/id29-nearing2022-da/closure_v12.tar.gz
#	payload/id29-nearing2022-da/closure_v13.tar.gz
#	payload/id29-nearing2022-da/gate_preflight_v1.tar.gz
#	runner.log
#	runner2.log
nothing added to commit but untracked files present (use "git add" to track)
[ERROR] push failed: a02/18 (result kept in staging, will retry push only)
[Sun Sep  6 05:43:26 CST 2026] --- retry push only: channel=a02 seq=18 ---
# On branch hpc-mailbox
# Your branch is ahead of 'origin/hpc-mailbox' by 1 commit.
#   (use "git push" to publish your local commits)
#
# Untracked files:
#   (use "git add <file>..." to include in what will be committed)
#
#	inbox/autoresearch-64/hbv_lite_64_prospective_seq62.slurm
#	inbox/gpucheck_ngu009.slurm
#	inbox/gpucheck_ngu101.slurm
#	payload/id29-nearing2022-da/closure_v12.tar.gz
#	payload/id29-nearing2022-da/closure_v13.tar.gz
#	payload/id29-nearing2022-da/gate_preflight_v1.tar.gz
#	runner.log
#	runner2.log
nothing added to commit but untracked files present (use "git add" to track)
[ERROR] push failed: a02/18 (result kept in staging, will retry push only)
[Sun Sep  6 05:45:08 CST 2026] --- retry push only: channel=a02 seq=18 ---
# On branch hpc-mailbox
# Your branch is ahead of 'origin/hpc-mailbox' by 1 commit.
#   (use "git push" to publish your local commits)
#
# Untracked files:
#   (use "git add <file>..." to include in what will be committed)
#
#	inbox/autoresearch-64/hbv_lite_64_prospective_seq62.slurm
#	inbox/gpucheck_ngu009.slurm
#	inbox/gpucheck_ngu101.slurm
#	payload/id29-nearing2022-da/closure_v12.tar.gz
#	payload/id29-nearing2022-da/closure_v13.tar.gz
#	payload/id29-nearing2022-da/gate_preflight_v1.tar.gz
#	runner.log
#	runner2.log
nothing added to commit but untracked files present (use "git add" to track)
[ERROR] push failed: a02/18 (result kept in staging, will retry push only)
[Sun Sep  6 05:46:51 CST 2026] --- retry push only: channel=a02 seq=18 ---
# On branch hpc-mailbox
# Your branch is ahead of 'origin/hpc-mailbox' by 1 commit.
#   (use "git push" to publish your local commits)
#
# Untracked files:
#   (use "git add <file>..." to include in what will be committed)
#
#	inbox/autoresearch-64/hbv_lite_64_prospective_seq62.slurm
#	inbox/gpucheck_ngu009.slurm
#	inbox/gpucheck_ngu101.slurm
#	payload/id29-nearing2022-da/closure_v12.tar.gz
#	payload/id29-nearing2022-da/closure_v13.tar.gz
#	payload/id29-nearing2022-da/gate_preflight_v1.tar.gz
#	runner.log
#	runner2.log
nothing added to commit but untracked files present (use "git add" to track)
[ERROR] push failed: a02/18 (result kept in staging, will retry push only)
[Sun Sep  6 05:48:33 CST 2026] --- retry push only: channel=a02 seq=18 ---
# On branch hpc-mailbox
# Your branch is ahead of 'origin/hpc-mailbox' by 1 commit.
#   (use "git push" to publish your local commits)
#
# Untracked files:
#   (use "git add <file>..." to include in what will be committed)
#
#	inbox/autoresearch-64/hbv_lite_64_prospective_seq62.slurm
#	inbox/gpucheck_ngu009.slurm
#	inbox/gpucheck_ngu101.slurm
#	payload/id29-nearing2022-da/closure_v12.tar.gz
#	payload/id29-nearing2022-da/closure_v13.tar.gz
#	payload/id29-nearing2022-da/gate_preflight_v1.tar.gz
#	runner.log
#	runner2.log
nothing added to commit but untracked files present (use "git add" to track)
[ERROR] push failed: a02/18 (result kept in staging, will retry push only)
[Sun Sep  6 05:50:15 CST 2026] --- retry push only: channel=a02 seq=18 ---
# On branch hpc-mailbox
# Your branch is ahead of 'origin/hpc-mailbox' by 1 commit.
#   (use "git push" to publish your local commits)
#
# Untracked files:
#   (use "git add <file>..." to include in what will be committed)
#
#	inbox/autoresearch-64/hbv_lite_64_prospective_seq62.slurm
#	inbox/gpucheck_ngu009.slurm
#	inbox/gpucheck_ngu101.slurm
#	payload/id29-nearing2022-da/closure_v12.tar.gz
#	payload/id29-nearing2022-da/closure_v13.tar.gz
#	payload/id29-nearing2022-da/gate_preflight_v1.tar.gz
#	runner.log
#	runner2.log
nothing added to commit but untracked files present (use "git add" to track)
[ERROR] push failed: a02/18 (result kept in staging, will retry push only)
[Sun Sep  6 05:52:00 CST 2026] --- retry push only: channel=a02 seq=18 ---
# On branch hpc-mailbox
# Your branch is ahead of 'origin/hpc-mailbox' by 1 commit.
#   (use "git push" to publish your local commits)
#
# Untracked files:
#   (use "git add <file>..." to include in what will be committed)
#
#	inbox/autoresearch-64/hbv_lite_64_prospective_seq62.slurm
#	inbox/gpucheck_ngu009.slurm
#	inbox/gpucheck_ngu101.slurm
#	payload/id29-nearing2022-da/closure_v12.tar.gz
#	payload/id29-nearing2022-da/closure_v13.tar.gz
#	payload/id29-nearing2022-da/gate_preflight_v1.tar.gz
#	runner.log
#	runner2.log
nothing added to commit but untracked files present (use "git add" to track)
[ERROR] push failed: a02/18 (result kept in staging, will retry push only)
[Sun Sep  6 05:53:42 CST 2026] --- retry push only: channel=a02 seq=18 ---
# On branch hpc-mailbox
# Your branch is ahead of 'origin/hpc-mailbox' by 1 commit.
#   (use "git push" to publish your local commits)
#
# Untracked files:
#   (use "git add <file>..." to include in what will be committed)
#
#	inbox/autoresearch-64/hbv_lite_64_prospective_seq62.slurm
#	inbox/gpucheck_ngu009.slurm
#	inbox/gpucheck_ngu101.slurm
#	payload/id29-nearing2022-da/closure_v12.tar.gz
#	payload/id29-nearing2022-da/closure_v13.tar.gz
#	payload/id29-nearing2022-da/gate_preflight_v1.tar.gz
#	runner.log
#	runner2.log
nothing added to commit but untracked files present (use "git add" to track)
[ERROR] push failed: a02/18 (result kept in staging, will retry push only)
[Sun Sep  6 05:55:24 CST 2026] --- retry push only: channel=a02 seq=18 ---
# On branch hpc-mailbox
# Your branch is ahead of 'origin/hpc-mailbox' by 1 commit.
#   (use "git push" to publish your local commits)
#
# Untracked files:
#   (use "git add <file>..." to include in what will be committed)
#
#	inbox/autoresearch-64/hbv_lite_64_prospective_seq62.slurm
#	inbox/gpucheck_ngu009.slurm
#	inbox/gpucheck_ngu101.slurm
#	payload/id29-nearing2022-da/closure_v12.tar.gz
#	payload/id29-nearing2022-da/closure_v13.tar.gz
#	payload/id29-nearing2022-da/gate_preflight_v1.tar.gz
#	runner.log
#	runner2.log
nothing added to commit but untracked files present (use "git add" to track)
[ERROR] push failed: a02/18 (result kept in staging, will retry push only)
[Sun Sep  6 05:57:09 CST 2026] --- retry push only: channel=a02 seq=18 ---
# On branch hpc-mailbox
# Your branch is ahead of 'origin/hpc-mailbox' by 1 commit.
#   (use "git push" to publish your local commits)
#
# Untracked files:
#   (use "git add <file>..." to include in what will be committed)
#
#	inbox/autoresearch-64/hbv_lite_64_prospective_seq62.slurm
#	inbox/gpucheck_ngu009.slurm
#	inbox/gpucheck_ngu101.slurm
#	payload/id29-nearing2022-da/closure_v12.tar.gz
#	payload/id29-nearing2022-da/closure_v13.tar.gz
#	payload/id29-nearing2022-da/gate_preflight_v1.tar.gz
#	runner.log
#	runner2.log
nothing added to commit but untracked files present (use "git add" to track)
[ERROR] push failed: a02/18 (result kept in staging, will retry push only)
[Sun Sep  6 05:58:53 CST 2026] --- retry push only: channel=a02 seq=18 ---
# On branch hpc-mailbox
# Your branch is ahead of 'origin/hpc-mailbox' by 1 commit.
#   (use "git push" to publish your local commits)
#
# Untracked files:
#   (use "git add <file>..." to include in what will be committed)
#
#	inbox/autoresearch-64/hbv_lite_64_prospective_seq62.slurm
#	inbox/gpucheck_ngu009.slurm
#	inbox/gpucheck_ngu101.slurm
#	payload/id29-nearing2022-da/closure_v12.tar.gz
#	payload/id29-nearing2022-da/closure_v13.tar.gz
#	payload/id29-nearing2022-da/gate_preflight_v1.tar.gz
#	runner.log
#	runner2.log
nothing added to commit but untracked files present (use "git add" to track)
[ERROR] push failed: a02/18 (result kept in staging, will retry push only)
[Sun Sep  6 06:00:36 CST 2026] --- retry push only: channel=a02 seq=18 ---
# On branch hpc-mailbox
# Your branch is ahead of 'origin/hpc-mailbox' by 1 commit.
#   (use "git push" to publish your local commits)
#
# Untracked files:
#   (use "git add <file>..." to include in what will be committed)
#
#	inbox/autoresearch-64/hbv_lite_64_prospective_seq62.slurm
#	inbox/gpucheck_ngu009.slurm
#	inbox/gpucheck_ngu101.slurm
#	payload/id29-nearing2022-da/closure_v12.tar.gz
#	payload/id29-nearing2022-da/closure_v13.tar.gz
#	payload/id29-nearing2022-da/gate_preflight_v1.tar.gz
#	runner.log
#	runner2.log
nothing added to commit but untracked files present (use "git add" to track)
[ERROR] push failed: a02/18 (result kept in staging, will retry push only)
[Sun Sep  6 06:02:17 CST 2026] --- retry push only: channel=a02 seq=18 ---
# On branch hpc-mailbox
# Your branch is ahead of 'origin/hpc-mailbox' by 1 commit.
#   (use "git push" to publish your local commits)
#
# Untracked files:
#   (use "git add <file>..." to include in what will be committed)
#
#	inbox/autoresearch-64/hbv_lite_64_prospective_seq62.slurm
#	inbox/gpucheck_ngu009.slurm
#	inbox/gpucheck_ngu101.slurm
#	payload/id29-nearing2022-da/closure_v12.tar.gz
#	payload/id29-nearing2022-da/closure_v13.tar.gz
#	payload/id29-nearing2022-da/gate_preflight_v1.tar.gz
#	runner.log
#	runner2.log
nothing added to commit but untracked files present (use "git add" to track)
[ERROR] push failed: a02/18 (result kept in staging, will retry push only)
[Sun Sep  6 06:04:00 CST 2026] --- retry push only: channel=a02 seq=18 ---
[Sun Sep  6 06:04:00 CST 2026] --- start channel=id29-nearing2022-da seq=505 ---
# On branch hpc-mailbox
# Your branch is ahead of 'origin/hpc-mailbox' by 1 commit.
#   (use "git push" to publish your local commits)
#
# Untracked files:
#   (use "git add <file>..." to include in what will be committed)
#
#	inbox/autoresearch-64/hbv_lite_64_prospective_seq62.slurm
#	inbox/gpucheck_ngu009.slurm
#	inbox/gpucheck_ngu101.slurm
#	payload/id29-nearing2022-da/closure_v12.tar.gz
#	payload/id29-nearing2022-da/closure_v13.tar.gz
#	payload/id29-nearing2022-da/gate_preflight_v1.tar.gz
#	runner.log
#	runner2.log
nothing added to commit but untracked files present (use "git add" to track)
[ERROR] push failed: a02/18 (result kept in staging, will retry push only)
[Sun Sep  6 06:05:41 CST 2026] --- retry push only: channel=a02 seq=18 ---
[Sun Sep  6 06:05:42 CST 2026] done channel=id29-nearing2022-da seq=505 rc=0
# On branch hpc-mailbox
# Your branch is ahead of 'origin/hpc-mailbox' by 1 commit.
#   (use "git push" to publish your local commits)
#
# Untracked files:
#   (use "git add <file>..." to include in what will be committed)
#
#	inbox/autoresearch-64/hbv_lite_64_prospective_seq62.slurm
#	inbox/gpucheck_ngu009.slurm
#	inbox/gpucheck_ngu101.slurm
#	payload/id29-nearing2022-da/closure_v12.tar.gz
#	payload/id29-nearing2022-da/closure_v13.tar.gz
#	payload/id29-nearing2022-da/gate_preflight_v1.tar.gz
#	runner.log
#	runner2.log
nothing added to commit but untracked files present (use "git add" to track)
[Sun Sep  6 06:06:54 CST 2026] --- start channel=id29-nearing2022-da seq=506 ---
[ERROR] push failed: a02/18 (result kept in staging, will retry push only)
[Sun Sep  6 06:07:30 CST 2026] --- retry push only: channel=a02 seq=18 ---
# On branch hpc-mailbox
# Your branch and 'origin/hpc-mailbox' have diverged,
# and have 1 and 1 different commit each, respectively.
#   (use "git pull" to merge the remote branch into yours)
#
# Untracked files:
#   (use "git add <file>..." to include in what will be committed)
#
#	inbox/autoresearch-64/hbv_lite_64_prospective_seq62.slurm
#	inbox/gpucheck_ngu009.slurm
#	inbox/gpucheck_ngu101.slurm
#	payload/id29-nearing2022-da/closure_v12.tar.gz
#	payload/id29-nearing2022-da/closure_v13.tar.gz
#	payload/id29-nearing2022-da/gate_preflight_v1.tar.gz
#	runner.log
#	runner2.log
nothing added to commit but untracked files present (use "git add" to track)
[Sun Sep  6 06:08:04 CST 2026] --- start channel=id33-transformer-recipe-repair seq=26 ---
[Sun Sep  6 06:08:06 CST 2026] done channel=id29-nearing2022-da seq=506 rc=0
[Sun Sep  6 06:08:35 CST 2026] done channel=id33-transformer-recipe-repair seq=26 rc=0
# On branch hpc-mailbox
# Your branch is ahead of 'origin/hpc-mailbox' by 1 commit.
#   (use "git push" to publish your local commits)
#
# Untracked files:
#   (use "git add <file>..." to include in what will be committed)
#
#	inbox/autoresearch-64/hbv_lite_64_prospective_seq62.slurm
#	inbox/gpucheck_ngu009.slurm
#	inbox/gpucheck_ngu101.slurm
#	payload/id29-nearing2022-da/closure_v12.tar.gz
#	payload/id29-nearing2022-da/closure_v13.tar.gz
#	payload/id29-nearing2022-da/gate_preflight_v1.tar.gz
#	runner.log
#	runner2.log
nothing added to commit but untracked files present (use "git add" to track)
[Sun Sep  6 06:09:51 CST 2026] --- start channel=id29-nearing2022-da seq=507 ---
[ERROR] push failed: a02/18 (result kept in staging, will retry push only)
[Sun Sep  6 06:10:25 CST 2026] --- retry push only: channel=a02 seq=18 ---
[Sun Sep  6 06:10:26 CST 2026] done channel=id29-nearing2022-da seq=507 rc=0
# On branch hpc-mailbox
# Your branch is ahead of 'origin/hpc-mailbox' by 1 commit.
#   (use "git push" to publish your local commits)
#
# Untracked files:
#   (use "git add <file>..." to include in what will be committed)
#
#	inbox/autoresearch-64/hbv_lite_64_prospective_seq62.slurm
#	inbox/gpucheck_ngu009.slurm
#	inbox/gpucheck_ngu101.slurm
#	payload/id29-nearing2022-da/closure_v12.tar.gz
#	payload/id29-nearing2022-da/closure_v13.tar.gz
#	payload/id29-nearing2022-da/gate_preflight_v1.tar.gz
#	runner.log
#	runner2.log
nothing added to commit but untracked files present (use "git add" to track)
[ERROR] push failed: a02/18 (result kept in staging, will retry push only)
[Sun Sep  6 06:12:07 CST 2026] --- retry push only: channel=a02 seq=18 ---
[Sun Sep  6 06:12:07 CST 2026] --- start channel=id29-nearing2022-da seq=508 ---
# On branch hpc-mailbox
# Your branch is ahead of 'origin/hpc-mailbox' by 1 commit.
#   (use "git push" to publish your local commits)
#
# Untracked files:
#   (use "git add <file>..." to include in what will be committed)
#
#	inbox/autoresearch-64/hbv_lite_64_prospective_seq62.slurm
#	inbox/gpucheck_ngu009.slurm
#	inbox/gpucheck_ngu101.slurm
#	payload/id29-nearing2022-da/closure_v12.tar.gz
#	payload/id29-nearing2022-da/closure_v13.tar.gz
#	payload/id29-nearing2022-da/gate_preflight_v1.tar.gz
#	runner.log
#	runner2.log
nothing added to commit but untracked files present (use "git add" to track)
[ERROR] push failed: a02/18 (result kept in staging, will retry push only)
# On branch hpc-mailbox
# Your branch is ahead of 'origin/hpc-mailbox' by 1 commit.
#   (use "git push" to publish your local commits)
#
# Untracked files:
#   (use "git add <file>..." to include in what will be committed)
#
#	inbox/autoresearch-64/hbv_lite_64_prospective_seq62.slurm
#	inbox/gpucheck_ngu009.slurm
#	inbox/gpucheck_ngu101.slurm
#	payload/id29-nearing2022-da/closure_v12.tar.gz
#	payload/id29-nearing2022-da/closure_v13.tar.gz
#	payload/id29-nearing2022-da/gate_preflight_v1.tar.gz
#	runner.log
#	runner2.log
nothing added to commit but untracked files present (use "git add" to track)
[Sun Sep  6 06:13:53 CST 2026] --- retry push only: channel=a02 seq=18 ---
[Sun Sep  6 06:14:17 CST 2026] done channel=id29-nearing2022-da seq=508 rc=0
# On branch hpc-mailbox
# Your branch is ahead of 'origin/hpc-mailbox' by 1 commit.
#   (use "git push" to publish your local commits)
#
# Untracked files:
#   (use "git add <file>..." to include in what will be committed)
#
#	inbox/autoresearch-64/hbv_lite_64_prospective_seq62.slurm
#	inbox/gpucheck_ngu009.slurm
#	inbox/gpucheck_ngu101.slurm
#	payload/id29-nearing2022-da/closure_v12.tar.gz
#	payload/id29-nearing2022-da/closure_v13.tar.gz
#	payload/id29-nearing2022-da/gate_preflight_v1.tar.gz
#	runner.log
#	runner2.log
nothing added to commit but untracked files present (use "git add" to track)
[ERROR] push failed: a02/18 (result kept in staging, will retry push only)
[Sun Sep  6 06:16:08 CST 2026] --- retry push only: channel=a02 seq=18 ---
# On branch hpc-mailbox
# Your branch is ahead of 'origin/hpc-mailbox' by 1 commit.
#   (use "git push" to publish your local commits)
#
# Untracked files:
#   (use "git add <file>..." to include in what will be committed)
#
#	inbox/autoresearch-64/hbv_lite_64_prospective_seq62.slurm
#	inbox/gpucheck_ngu009.slurm
#	inbox/gpucheck_ngu101.slurm
#	payload/id29-nearing2022-da/closure_v12.tar.gz
#	payload/id29-nearing2022-da/closure_v13.tar.gz
#	payload/id29-nearing2022-da/gate_preflight_v1.tar.gz
#	runner.log
#	runner2.log
nothing added to commit but untracked files present (use "git add" to track)
[ERROR] push failed: a02/18 (result kept in staging, will retry push only)
[Sun Sep  6 06:17:51 CST 2026] --- retry push only: channel=a02 seq=18 ---
# On branch hpc-mailbox
# Your branch is ahead of 'origin/hpc-mailbox' by 1 commit.
#   (use "git push" to publish your local commits)
#
# Untracked files:
#   (use "git add <file>..." to include in what will be committed)
#
#	inbox/autoresearch-64/hbv_lite_64_prospective_seq62.slurm
#	inbox/gpucheck_ngu009.slurm
#	inbox/gpucheck_ngu101.slurm
#	payload/id29-nearing2022-da/closure_v12.tar.gz
#	payload/id29-nearing2022-da/closure_v13.tar.gz
#	payload/id29-nearing2022-da/gate_preflight_v1.tar.gz
#	runner.log
#	runner2.log
nothing added to commit but untracked files present (use "git add" to track)
[ERROR] push failed: a02/18 (result kept in staging, will retry push only)
[Sun Sep  6 06:19:33 CST 2026] --- retry push only: channel=a02 seq=18 ---
# On branch hpc-mailbox
# Your branch is ahead of 'origin/hpc-mailbox' by 1 commit.
#   (use "git push" to publish your local commits)
#
# Untracked files:
#   (use "git add <file>..." to include in what will be committed)
#
#	inbox/autoresearch-64/hbv_lite_64_prospective_seq62.slurm
#	inbox/gpucheck_ngu009.slurm
#	inbox/gpucheck_ngu101.slurm
#	payload/id29-nearing2022-da/closure_v12.tar.gz
#	payload/id29-nearing2022-da/closure_v13.tar.gz
#	payload/id29-nearing2022-da/gate_preflight_v1.tar.gz
#	runner.log
#	runner2.log
nothing added to commit but untracked files present (use "git add" to track)
[ERROR] push failed: a02/18 (result kept in staging, will retry push only)
[Sun Sep  6 06:21:14 CST 2026] --- retry push only: channel=a02 seq=18 ---
# On branch hpc-mailbox
# Your branch is ahead of 'origin/hpc-mailbox' by 1 commit.
#   (use "git push" to publish your local commits)
#
# Untracked files:
#   (use "git add <file>..." to include in what will be committed)
#
#	inbox/autoresearch-64/hbv_lite_64_prospective_seq62.slurm
#	inbox/gpucheck_ngu009.slurm
#	inbox/gpucheck_ngu101.slurm
#	payload/id29-nearing2022-da/closure_v12.tar.gz
#	payload/id29-nearing2022-da/closure_v13.tar.gz
#	payload/id29-nearing2022-da/gate_preflight_v1.tar.gz
#	runner.log
#	runner2.log
nothing added to commit but untracked files present (use "git add" to track)
[ERROR] push failed: a02/18 (result kept in staging, will retry push only)
[Sun Sep  6 06:22:56 CST 2026] --- retry push only: channel=a02 seq=18 ---
# On branch hpc-mailbox
# Your branch is ahead of 'origin/hpc-mailbox' by 1 commit.
#   (use "git push" to publish your local commits)
#
# Untracked files:
#   (use "git add <file>..." to include in what will be committed)
#
#	inbox/autoresearch-64/hbv_lite_64_prospective_seq62.slurm
#	inbox/gpucheck_ngu009.slurm
#	inbox/gpucheck_ngu101.slurm
#	payload/id29-nearing2022-da/closure_v12.tar.gz
#	payload/id29-nearing2022-da/closure_v13.tar.gz
#	payload/id29-nearing2022-da/gate_preflight_v1.tar.gz
#	runner.log
#	runner2.log
nothing added to commit but untracked files present (use "git add" to track)
[ERROR] push failed: a02/18 (result kept in staging, will retry push only)
[Sun Sep  6 06:24:38 CST 2026] --- retry push only: channel=a02 seq=18 ---
# On branch hpc-mailbox
# Your branch is ahead of 'origin/hpc-mailbox' by 1 commit.
#   (use "git push" to publish your local commits)
#
# Untracked files:
#   (use "git add <file>..." to include in what will be committed)
#
#	inbox/autoresearch-64/hbv_lite_64_prospective_seq62.slurm
#	inbox/gpucheck_ngu009.slurm
#	inbox/gpucheck_ngu101.slurm
#	payload/id29-nearing2022-da/closure_v12.tar.gz
#	payload/id29-nearing2022-da/closure_v13.tar.gz
#	payload/id29-nearing2022-da/gate_preflight_v1.tar.gz
#	runner.log
#	runner2.log
nothing added to commit but untracked files present (use "git add" to track)
[ERROR] push failed: a02/18 (result kept in staging, will retry push only)
[Sun Sep  6 06:26:21 CST 2026] --- retry push only: channel=a02 seq=18 ---
# On branch hpc-mailbox
# Your branch is ahead of 'origin/hpc-mailbox' by 1 commit.
#   (use "git push" to publish your local commits)
#
# Untracked files:
#   (use "git add <file>..." to include in what will be committed)
#
#	inbox/autoresearch-64/hbv_lite_64_prospective_seq62.slurm
#	inbox/gpucheck_ngu009.slurm
#	inbox/gpucheck_ngu101.slurm
#	payload/id29-nearing2022-da/closure_v12.tar.gz
#	payload/id29-nearing2022-da/closure_v13.tar.gz
#	payload/id29-nearing2022-da/gate_preflight_v1.tar.gz
#	runner.log
#	runner2.log
nothing added to commit but untracked files present (use "git add" to track)
[ERROR] push failed: a02/18 (result kept in staging, will retry push only)
[Sun Sep  6 06:28:03 CST 2026] --- retry push only: channel=a02 seq=18 ---
# On branch hpc-mailbox
# Your branch is ahead of 'origin/hpc-mailbox' by 1 commit.
#   (use "git push" to publish your local commits)
#
# Untracked files:
#   (use "git add <file>..." to include in what will be committed)
#
#	inbox/autoresearch-64/hbv_lite_64_prospective_seq62.slurm
#	inbox/gpucheck_ngu009.slurm
#	inbox/gpucheck_ngu101.slurm
#	payload/id29-nearing2022-da/closure_v12.tar.gz
#	payload/id29-nearing2022-da/closure_v13.tar.gz
#	payload/id29-nearing2022-da/gate_preflight_v1.tar.gz
#	runner.log
#	runner2.log
nothing added to commit but untracked files present (use "git add" to track)
[ERROR] push failed: a02/18 (result kept in staging, will retry push only)
[Sun Sep  6 06:29:45 CST 2026] --- retry push only: channel=a02 seq=18 ---
# On branch hpc-mailbox
# Your branch is ahead of 'origin/hpc-mailbox' by 1 commit.
#   (use "git push" to publish your local commits)
#
# Untracked files:
#   (use "git add <file>..." to include in what will be committed)
#
#	inbox/autoresearch-64/hbv_lite_64_prospective_seq62.slurm
#	inbox/gpucheck_ngu009.slurm
#	inbox/gpucheck_ngu101.slurm
#	payload/id29-nearing2022-da/closure_v12.tar.gz
#	payload/id29-nearing2022-da/closure_v13.tar.gz
#	payload/id29-nearing2022-da/gate_preflight_v1.tar.gz
#	runner.log
#	runner2.log
nothing added to commit but untracked files present (use "git add" to track)
[ERROR] push failed: a02/18 (result kept in staging, will retry push only)
[Sun Sep  6 06:31:29 CST 2026] --- retry push only: channel=a02 seq=18 ---
# On branch hpc-mailbox
# Your branch is ahead of 'origin/hpc-mailbox' by 1 commit.
#   (use "git push" to publish your local commits)
#
# Untracked files:
#   (use "git add <file>..." to include in what will be committed)
#
#	inbox/autoresearch-64/hbv_lite_64_prospective_seq62.slurm
#	inbox/gpucheck_ngu009.slurm
#	inbox/gpucheck_ngu101.slurm
#	payload/id29-nearing2022-da/closure_v12.tar.gz
#	payload/id29-nearing2022-da/closure_v13.tar.gz
#	payload/id29-nearing2022-da/gate_preflight_v1.tar.gz
#	runner.log
#	runner2.log
nothing added to commit but untracked files present (use "git add" to track)
[ERROR] push failed: a02/18 (result kept in staging, will retry push only)
[Sun Sep  6 06:33:12 CST 2026] --- retry push only: channel=a02 seq=18 ---
# On branch hpc-mailbox
# Your branch is ahead of 'origin/hpc-mailbox' by 1 commit.
#   (use "git push" to publish your local commits)
#
# Untracked files:
#   (use "git add <file>..." to include in what will be committed)
#
#	inbox/autoresearch-64/hbv_lite_64_prospective_seq62.slurm
#	inbox/gpucheck_ngu009.slurm
#	inbox/gpucheck_ngu101.slurm
#	payload/id29-nearing2022-da/closure_v12.tar.gz
#	payload/id29-nearing2022-da/closure_v13.tar.gz
#	payload/id29-nearing2022-da/gate_preflight_v1.tar.gz
#	runner.log
#	runner2.log
nothing added to commit but untracked files present (use "git add" to track)
[ERROR] push failed: a02/18 (result kept in staging, will retry push only)
[Sun Sep  6 06:34:53 CST 2026] --- retry push only: channel=a02 seq=18 ---
# On branch hpc-mailbox
# Your branch is ahead of 'origin/hpc-mailbox' by 1 commit.
#   (use "git push" to publish your local commits)
#
# Untracked files:
#   (use "git add <file>..." to include in what will be committed)
#
#	inbox/autoresearch-64/hbv_lite_64_prospective_seq62.slurm
#	inbox/gpucheck_ngu009.slurm
#	inbox/gpucheck_ngu101.slurm
#	payload/id29-nearing2022-da/closure_v12.tar.gz
#	payload/id29-nearing2022-da/closure_v13.tar.gz
#	payload/id29-nearing2022-da/gate_preflight_v1.tar.gz
#	runner.log
#	runner2.log
nothing added to commit but untracked files present (use "git add" to track)
[ERROR] push failed: a02/18 (result kept in staging, will retry push only)
[Sun Sep  6 06:36:37 CST 2026] --- retry push only: channel=a02 seq=18 ---
# On branch hpc-mailbox
# Your branch is ahead of 'origin/hpc-mailbox' by 1 commit.
#   (use "git push" to publish your local commits)
#
# Untracked files:
#   (use "git add <file>..." to include in what will be committed)
#
#	inbox/autoresearch-64/hbv_lite_64_prospective_seq62.slurm
#	inbox/gpucheck_ngu009.slurm
#	inbox/gpucheck_ngu101.slurm
#	payload/id29-nearing2022-da/closure_v12.tar.gz
#	payload/id29-nearing2022-da/closure_v13.tar.gz
#	payload/id29-nearing2022-da/gate_preflight_v1.tar.gz
#	runner.log
#	runner2.log
nothing added to commit but untracked files present (use "git add" to track)
[ERROR] push failed: a02/18 (result kept in staging, will retry push only)
[Sun Sep  6 06:38:21 CST 2026] --- retry push only: channel=a02 seq=18 ---
# On branch hpc-mailbox
# Your branch is ahead of 'origin/hpc-mailbox' by 1 commit.
#   (use "git push" to publish your local commits)
#
# Untracked files:
#   (use "git add <file>..." to include in what will be committed)
#
#	inbox/autoresearch-64/hbv_lite_64_prospective_seq62.slurm
#	inbox/gpucheck_ngu009.slurm
#	inbox/gpucheck_ngu101.slurm
#	payload/id29-nearing2022-da/closure_v12.tar.gz
#	payload/id29-nearing2022-da/closure_v13.tar.gz
#	payload/id29-nearing2022-da/gate_preflight_v1.tar.gz
#	runner.log
#	runner2.log
nothing added to commit but untracked files present (use "git add" to track)
[ERROR] push failed: a02/18 (result kept in staging, will retry push only)
[Sun Sep  6 06:40:03 CST 2026] --- retry push only: channel=a02 seq=18 ---
# On branch hpc-mailbox
# Your branch is ahead of 'origin/hpc-mailbox' by 1 commit.
#   (use "git push" to publish your local commits)
#
# Untracked files:
#   (use "git add <file>..." to include in what will be committed)
#
#	inbox/autoresearch-64/hbv_lite_64_prospective_seq62.slurm
#	inbox/gpucheck_ngu009.slurm
#	inbox/gpucheck_ngu101.slurm
#	payload/id29-nearing2022-da/closure_v12.tar.gz
#	payload/id29-nearing2022-da/closure_v13.tar.gz
#	payload/id29-nearing2022-da/gate_preflight_v1.tar.gz
#	runner.log
#	runner2.log
nothing added to commit but untracked files present (use "git add" to track)
[ERROR] push failed: a02/18 (result kept in staging, will retry push only)
[Sun Sep  6 06:41:45 CST 2026] --- retry push only: channel=a02 seq=18 ---
# On branch hpc-mailbox
# Your branch is ahead of 'origin/hpc-mailbox' by 1 commit.
#   (use "git push" to publish your local commits)
#
# Untracked files:
#   (use "git add <file>..." to include in what will be committed)
#
#	inbox/autoresearch-64/hbv_lite_64_prospective_seq62.slurm
#	inbox/gpucheck_ngu009.slurm
#	inbox/gpucheck_ngu101.slurm
#	payload/id29-nearing2022-da/closure_v12.tar.gz
#	payload/id29-nearing2022-da/closure_v13.tar.gz
#	payload/id29-nearing2022-da/gate_preflight_v1.tar.gz
#	runner.log
#	runner2.log
nothing added to commit but untracked files present (use "git add" to track)
[ERROR] push failed: a02/18 (result kept in staging, will retry push only)
[Sun Sep  6 06:43:27 CST 2026] --- retry push only: channel=a02 seq=18 ---
# On branch hpc-mailbox
# Your branch is ahead of 'origin/hpc-mailbox' by 1 commit.
#   (use "git push" to publish your local commits)
#
# Untracked files:
#   (use "git add <file>..." to include in what will be committed)
#
#	inbox/autoresearch-64/hbv_lite_64_prospective_seq62.slurm
#	inbox/gpucheck_ngu009.slurm
#	inbox/gpucheck_ngu101.slurm
#	payload/id29-nearing2022-da/closure_v12.tar.gz
#	payload/id29-nearing2022-da/closure_v13.tar.gz
#	payload/id29-nearing2022-da/gate_preflight_v1.tar.gz
#	runner.log
#	runner2.log
nothing added to commit but untracked files present (use "git add" to track)
[ERROR] push failed: a02/18 (result kept in staging, will retry push only)
[Sun Sep  6 06:45:09 CST 2026] --- retry push only: channel=a02 seq=18 ---
# On branch hpc-mailbox
# Your branch is ahead of 'origin/hpc-mailbox' by 1 commit.
#   (use "git push" to publish your local commits)
#
# Untracked files:
#   (use "git add <file>..." to include in what will be committed)
#
#	inbox/autoresearch-64/hbv_lite_64_prospective_seq62.slurm
#	inbox/gpucheck_ngu009.slurm
#	inbox/gpucheck_ngu101.slurm
#	payload/id29-nearing2022-da/closure_v12.tar.gz
#	payload/id29-nearing2022-da/closure_v13.tar.gz
#	payload/id29-nearing2022-da/gate_preflight_v1.tar.gz
#	runner.log
#	runner2.log
nothing added to commit but untracked files present (use "git add" to track)
[ERROR] push failed: a02/18 (result kept in staging, will retry push only)
[Sun Sep  6 06:46:51 CST 2026] --- retry push only: channel=a02 seq=18 ---
# On branch hpc-mailbox
# Your branch is ahead of 'origin/hpc-mailbox' by 1 commit.
#   (use "git push" to publish your local commits)
#
# Untracked files:
#   (use "git add <file>..." to include in what will be committed)
#
#	inbox/autoresearch-64/hbv_lite_64_prospective_seq62.slurm
#	inbox/gpucheck_ngu009.slurm
#	inbox/gpucheck_ngu101.slurm
#	payload/id29-nearing2022-da/closure_v12.tar.gz
#	payload/id29-nearing2022-da/closure_v13.tar.gz
#	payload/id29-nearing2022-da/gate_preflight_v1.tar.gz
#	runner.log
#	runner2.log
nothing added to commit but untracked files present (use "git add" to track)
[ERROR] push failed: a02/18 (result kept in staging, will retry push only)
[Sun Sep  6 06:48:32 CST 2026] --- retry push only: channel=a02 seq=18 ---
# On branch hpc-mailbox
# Your branch is ahead of 'origin/hpc-mailbox' by 1 commit.
#   (use "git push" to publish your local commits)
#
# Untracked files:
#   (use "git add <file>..." to include in what will be committed)
#
#	inbox/autoresearch-64/hbv_lite_64_prospective_seq62.slurm
#	inbox/gpucheck_ngu009.slurm
#	inbox/gpucheck_ngu101.slurm
#	payload/id29-nearing2022-da/closure_v12.tar.gz
#	payload/id29-nearing2022-da/closure_v13.tar.gz
#	payload/id29-nearing2022-da/gate_preflight_v1.tar.gz
#	runner.log
#	runner2.log
nothing added to commit but untracked files present (use "git add" to track)
[ERROR] push failed: a02/18 (result kept in staging, will retry push only)
[Sun Sep  6 06:50:14 CST 2026] --- retry push only: channel=a02 seq=18 ---
# On branch hpc-mailbox
# Your branch is ahead of 'origin/hpc-mailbox' by 1 commit.
#   (use "git push" to publish your local commits)
#
# Untracked files:
#   (use "git add <file>..." to include in what will be committed)
#
#	inbox/autoresearch-64/hbv_lite_64_prospective_seq62.slurm
#	inbox/gpucheck_ngu009.slurm
#	inbox/gpucheck_ngu101.slurm
#	payload/id29-nearing2022-da/closure_v12.tar.gz
#	payload/id29-nearing2022-da/closure_v13.tar.gz
#	payload/id29-nearing2022-da/gate_preflight_v1.tar.gz
#	runner.log
#	runner2.log
nothing added to commit but untracked files present (use "git add" to track)
[ERROR] push failed: a02/18 (result kept in staging, will retry push only)
[Sun Sep  6 06:51:55 CST 2026] --- retry push only: channel=a02 seq=18 ---
# On branch hpc-mailbox
# Your branch is ahead of 'origin/hpc-mailbox' by 1 commit.
#   (use "git push" to publish your local commits)
#
# Untracked files:
#   (use "git add <file>..." to include in what will be committed)
#
#	inbox/autoresearch-64/hbv_lite_64_prospective_seq62.slurm
#	inbox/gpucheck_ngu009.slurm
#	inbox/gpucheck_ngu101.slurm
#	payload/id29-nearing2022-da/closure_v12.tar.gz
#	payload/id29-nearing2022-da/closure_v13.tar.gz
#	payload/id29-nearing2022-da/gate_preflight_v1.tar.gz
#	runner.log
#	runner2.log
nothing added to commit but untracked files present (use "git add" to track)
[ERROR] push failed: a02/18 (result kept in staging, will retry push only)
[Sun Sep  6 06:53:37 CST 2026] --- retry push only: channel=a02 seq=18 ---
# On branch hpc-mailbox
# Your branch is ahead of 'origin/hpc-mailbox' by 1 commit.
#   (use "git push" to publish your local commits)
#
# Untracked files:
#   (use "git add <file>..." to include in what will be committed)
#
#	inbox/autoresearch-64/hbv_lite_64_prospective_seq62.slurm
#	inbox/gpucheck_ngu009.slurm
#	inbox/gpucheck_ngu101.slurm
#	payload/id29-nearing2022-da/closure_v12.tar.gz
#	payload/id29-nearing2022-da/closure_v13.tar.gz
#	payload/id29-nearing2022-da/gate_preflight_v1.tar.gz
#	runner.log
#	runner2.log
nothing added to commit but untracked files present (use "git add" to track)
[ERROR] push failed: a02/18 (result kept in staging, will retry push only)
[Sun Sep  6 06:55:20 CST 2026] --- retry push only: channel=a02 seq=18 ---
# On branch hpc-mailbox
# Your branch is ahead of 'origin/hpc-mailbox' by 1 commit.
#   (use "git push" to publish your local commits)
#
# Untracked files:
#   (use "git add <file>..." to include in what will be committed)
#
#	inbox/autoresearch-64/hbv_lite_64_prospective_seq62.slurm
#	inbox/gpucheck_ngu009.slurm
#	inbox/gpucheck_ngu101.slurm
#	payload/id29-nearing2022-da/closure_v12.tar.gz
#	payload/id29-nearing2022-da/closure_v13.tar.gz
#	payload/id29-nearing2022-da/gate_preflight_v1.tar.gz
#	runner.log
#	runner2.log
nothing added to commit but untracked files present (use "git add" to track)
[ERROR] push failed: a02/18 (result kept in staging, will retry push only)
[Sun Sep  6 06:57:01 CST 2026] --- retry push only: channel=a02 seq=18 ---
# On branch hpc-mailbox
# Your branch is ahead of 'origin/hpc-mailbox' by 1 commit.
#   (use "git push" to publish your local commits)
#
# Untracked files:
#   (use "git add <file>..." to include in what will be committed)
#
#	inbox/autoresearch-64/hbv_lite_64_prospective_seq62.slurm
#	inbox/gpucheck_ngu009.slurm
#	inbox/gpucheck_ngu101.slurm
#	payload/id29-nearing2022-da/closure_v12.tar.gz
#	payload/id29-nearing2022-da/closure_v13.tar.gz
#	payload/id29-nearing2022-da/gate_preflight_v1.tar.gz
#	runner.log
#	runner2.log
nothing added to commit but untracked files present (use "git add" to track)
[ERROR] push failed: a02/18 (result kept in staging, will retry push only)
[Sun Sep  6 06:58:44 CST 2026] --- retry push only: channel=a02 seq=18 ---
# On branch hpc-mailbox
# Your branch is ahead of 'origin/hpc-mailbox' by 1 commit.
#   (use "git push" to publish your local commits)
#
# Untracked files:
#   (use "git add <file>..." to include in what will be committed)
#
#	inbox/autoresearch-64/hbv_lite_64_prospective_seq62.slurm
#	inbox/gpucheck_ngu009.slurm
#	inbox/gpucheck_ngu101.slurm
#	payload/id29-nearing2022-da/closure_v12.tar.gz
#	payload/id29-nearing2022-da/closure_v13.tar.gz
#	payload/id29-nearing2022-da/gate_preflight_v1.tar.gz
#	runner.log
#	runner2.log
nothing added to commit but untracked files present (use "git add" to track)
[ERROR] push failed: a02/18 (result kept in staging, will retry push only)
[Sun Sep  6 07:00:25 CST 2026] --- retry push only: channel=a02 seq=18 ---
# On branch hpc-mailbox
# Your branch is ahead of 'origin/hpc-mailbox' by 1 commit.
#   (use "git push" to publish your local commits)
#
# Untracked files:
#   (use "git add <file>..." to include in what will be committed)
#
#	inbox/autoresearch-64/hbv_lite_64_prospective_seq62.slurm
#	inbox/gpucheck_ngu009.slurm
#	inbox/gpucheck_ngu101.slurm
#	payload/id29-nearing2022-da/closure_v12.tar.gz
#	payload/id29-nearing2022-da/closure_v13.tar.gz
#	payload/id29-nearing2022-da/gate_preflight_v1.tar.gz
#	runner.log
#	runner2.log
nothing added to commit but untracked files present (use "git add" to track)
[ERROR] push failed: a02/18 (result kept in staging, will retry push only)
[Sun Sep  6 07:02:07 CST 2026] --- retry push only: channel=a02 seq=18 ---
# On branch hpc-mailbox
# Your branch is ahead of 'origin/hpc-mailbox' by 1 commit.
#   (use "git push" to publish your local commits)
#
# Untracked files:
#   (use "git add <file>..." to include in what will be committed)
#
#	inbox/autoresearch-64/hbv_lite_64_prospective_seq62.slurm
#	inbox/gpucheck_ngu009.slurm
#	inbox/gpucheck_ngu101.slurm
#	payload/id29-nearing2022-da/closure_v12.tar.gz
#	payload/id29-nearing2022-da/closure_v13.tar.gz
#	payload/id29-nearing2022-da/gate_preflight_v1.tar.gz
#	runner.log
#	runner2.log
nothing added to commit but untracked files present (use "git add" to track)
[ERROR] push failed: a02/18 (result kept in staging, will retry push only)
[Sun Sep  6 07:03:48 CST 2026] --- retry push only: channel=a02 seq=18 ---
# On branch hpc-mailbox
# Your branch is ahead of 'origin/hpc-mailbox' by 1 commit.
#   (use "git push" to publish your local commits)
#
# Untracked files:
#   (use "git add <file>..." to include in what will be committed)
#
#	inbox/autoresearch-64/hbv_lite_64_prospective_seq62.slurm
#	inbox/gpucheck_ngu009.slurm
#	inbox/gpucheck_ngu101.slurm
#	payload/id29-nearing2022-da/closure_v12.tar.gz
#	payload/id29-nearing2022-da/closure_v13.tar.gz
#	payload/id29-nearing2022-da/gate_preflight_v1.tar.gz
#	runner.log
#	runner2.log
nothing added to commit but untracked files present (use "git add" to track)
[ERROR] push failed: a02/18 (result kept in staging, will retry push only)
[Sun Sep  6 07:05:30 CST 2026] --- retry push only: channel=a02 seq=18 ---
# On branch hpc-mailbox
# Your branch is ahead of 'origin/hpc-mailbox' by 1 commit.
#   (use "git push" to publish your local commits)
#
# Untracked files:
#   (use "git add <file>..." to include in what will be committed)
#
#	inbox/autoresearch-64/hbv_lite_64_prospective_seq62.slurm
#	inbox/gpucheck_ngu009.slurm
#	inbox/gpucheck_ngu101.slurm
#	payload/id29-nearing2022-da/closure_v12.tar.gz
#	payload/id29-nearing2022-da/closure_v13.tar.gz
#	payload/id29-nearing2022-da/gate_preflight_v1.tar.gz
#	runner.log
#	runner2.log
nothing added to commit but untracked files present (use "git add" to track)
[ERROR] push failed: a02/18 (result kept in staging, will retry push only)
[Sun Sep  6 07:07:12 CST 2026] --- retry push only: channel=a02 seq=18 ---
# On branch hpc-mailbox
# Your branch is ahead of 'origin/hpc-mailbox' by 1 commit.
#   (use "git push" to publish your local commits)
#
# Untracked files:
#   (use "git add <file>..." to include in what will be committed)
#
#	inbox/autoresearch-64/hbv_lite_64_prospective_seq62.slurm
#	inbox/gpucheck_ngu009.slurm
#	inbox/gpucheck_ngu101.slurm
#	payload/id29-nearing2022-da/closure_v12.tar.gz
#	payload/id29-nearing2022-da/closure_v13.tar.gz
#	payload/id29-nearing2022-da/gate_preflight_v1.tar.gz
#	runner.log
#	runner2.log
nothing added to commit but untracked files present (use "git add" to track)
[ERROR] push failed: a02/18 (result kept in staging, will retry push only)
[Sun Sep  6 07:08:54 CST 2026] --- retry push only: channel=a02 seq=18 ---
# On branch hpc-mailbox
# Your branch is ahead of 'origin/hpc-mailbox' by 1 commit.
#   (use "git push" to publish your local commits)
#
# Untracked files:
#   (use "git add <file>..." to include in what will be committed)
#
#	inbox/autoresearch-64/hbv_lite_64_prospective_seq62.slurm
#	inbox/gpucheck_ngu009.slurm
#	inbox/gpucheck_ngu101.slurm
#	payload/id29-nearing2022-da/closure_v12.tar.gz
#	payload/id29-nearing2022-da/closure_v13.tar.gz
#	payload/id29-nearing2022-da/gate_preflight_v1.tar.gz
#	runner.log
#	runner2.log
nothing added to commit but untracked files present (use "git add" to track)
[ERROR] push failed: a02/18 (result kept in staging, will retry push only)
[Sun Sep  6 07:10:36 CST 2026] --- retry push only: channel=a02 seq=18 ---
# On branch hpc-mailbox
# Your branch is ahead of 'origin/hpc-mailbox' by 1 commit.
#   (use "git push" to publish your local commits)
#
# Untracked files:
#   (use "git add <file>..." to include in what will be committed)
#
#	inbox/autoresearch-64/hbv_lite_64_prospective_seq62.slurm
#	inbox/gpucheck_ngu009.slurm
#	inbox/gpucheck_ngu101.slurm
#	payload/id29-nearing2022-da/closure_v12.tar.gz
#	payload/id29-nearing2022-da/closure_v13.tar.gz
#	payload/id29-nearing2022-da/gate_preflight_v1.tar.gz
#	runner.log
#	runner2.log
nothing added to commit but untracked files present (use "git add" to track)
[ERROR] push failed: a02/18 (result kept in staging, will retry push only)
[Sun Sep  6 07:12:18 CST 2026] --- retry push only: channel=a02 seq=18 ---
# On branch hpc-mailbox
# Your branch is ahead of 'origin/hpc-mailbox' by 1 commit.
#   (use "git push" to publish your local commits)
#
# Untracked files:
#   (use "git add <file>..." to include in what will be committed)
#
#	inbox/autoresearch-64/hbv_lite_64_prospective_seq62.slurm
#	inbox/gpucheck_ngu009.slurm
#	inbox/gpucheck_ngu101.slurm
#	payload/id29-nearing2022-da/closure_v12.tar.gz
#	payload/id29-nearing2022-da/closure_v13.tar.gz
#	payload/id29-nearing2022-da/gate_preflight_v1.tar.gz
#	runner.log
#	runner2.log
nothing added to commit but untracked files present (use "git add" to track)
[ERROR] push failed: a02/18 (result kept in staging, will retry push only)
[Sun Sep  6 07:14:00 CST 2026] --- retry push only: channel=a02 seq=18 ---
# On branch hpc-mailbox
# Your branch is ahead of 'origin/hpc-mailbox' by 1 commit.
#   (use "git push" to publish your local commits)
#
# Untracked files:
#   (use "git add <file>..." to include in what will be committed)
#
#	inbox/autoresearch-64/hbv_lite_64_prospective_seq62.slurm
#	inbox/gpucheck_ngu009.slurm
#	inbox/gpucheck_ngu101.slurm
#	payload/id29-nearing2022-da/closure_v12.tar.gz
#	payload/id29-nearing2022-da/closure_v13.tar.gz
#	payload/id29-nearing2022-da/gate_preflight_v1.tar.gz
#	runner.log
#	runner2.log
nothing added to commit but untracked files present (use "git add" to track)
[ERROR] push failed: a02/18 (result kept in staging, will retry push only)
[Sun Sep  6 07:15:41 CST 2026] --- retry push only: channel=a02 seq=18 ---
# On branch hpc-mailbox
# Your branch is ahead of 'origin/hpc-mailbox' by 1 commit.
#   (use "git push" to publish your local commits)
#
# Untracked files:
#   (use "git add <file>..." to include in what will be committed)
#
#	inbox/autoresearch-64/hbv_lite_64_prospective_seq62.slurm
#	inbox/gpucheck_ngu009.slurm
#	inbox/gpucheck_ngu101.slurm
#	payload/id29-nearing2022-da/closure_v12.tar.gz
#	payload/id29-nearing2022-da/closure_v13.tar.gz
#	payload/id29-nearing2022-da/gate_preflight_v1.tar.gz
#	runner.log
#	runner2.log
nothing added to commit but untracked files present (use "git add" to track)
[ERROR] push failed: a02/18 (result kept in staging, will retry push only)
[Sun Sep  6 07:17:24 CST 2026] --- retry push only: channel=a02 seq=18 ---
# On branch hpc-mailbox
# Your branch is ahead of 'origin/hpc-mailbox' by 1 commit.
#   (use "git push" to publish your local commits)
#
# Untracked files:
#   (use "git add <file>..." to include in what will be committed)
#
#	inbox/autoresearch-64/hbv_lite_64_prospective_seq62.slurm
#	inbox/gpucheck_ngu009.slurm
#	inbox/gpucheck_ngu101.slurm
#	payload/id29-nearing2022-da/closure_v12.tar.gz
#	payload/id29-nearing2022-da/closure_v13.tar.gz
#	payload/id29-nearing2022-da/gate_preflight_v1.tar.gz
#	runner.log
#	runner2.log
nothing added to commit but untracked files present (use "git add" to track)
[ERROR] push failed: a02/18 (result kept in staging, will retry push only)
[Sun Sep  6 07:19:05 CST 2026] --- retry push only: channel=a02 seq=18 ---
# On branch hpc-mailbox
# Your branch is ahead of 'origin/hpc-mailbox' by 1 commit.
#   (use "git push" to publish your local commits)
#
# Untracked files:
#   (use "git add <file>..." to include in what will be committed)
#
#	inbox/autoresearch-64/hbv_lite_64_prospective_seq62.slurm
#	inbox/gpucheck_ngu009.slurm
#	inbox/gpucheck_ngu101.slurm
#	payload/id29-nearing2022-da/closure_v12.tar.gz
#	payload/id29-nearing2022-da/closure_v13.tar.gz
#	payload/id29-nearing2022-da/gate_preflight_v1.tar.gz
#	runner.log
#	runner2.log
nothing added to commit but untracked files present (use "git add" to track)
[ERROR] push failed: a02/18 (result kept in staging, will retry push only)
[Sun Sep  6 07:20:47 CST 2026] --- retry push only: channel=a02 seq=18 ---
# On branch hpc-mailbox
# Your branch is ahead of 'origin/hpc-mailbox' by 1 commit.
#   (use "git push" to publish your local commits)
#
# Untracked files:
#   (use "git add <file>..." to include in what will be committed)
#
#	inbox/autoresearch-64/hbv_lite_64_prospective_seq62.slurm
#	inbox/gpucheck_ngu009.slurm
#	inbox/gpucheck_ngu101.slurm
#	payload/id29-nearing2022-da/closure_v12.tar.gz
#	payload/id29-nearing2022-da/closure_v13.tar.gz
#	payload/id29-nearing2022-da/gate_preflight_v1.tar.gz
#	runner.log
#	runner2.log
nothing added to commit but untracked files present (use "git add" to track)
[ERROR] push failed: a02/18 (result kept in staging, will retry push only)
[Sun Sep  6 07:22:29 CST 2026] --- retry push only: channel=a02 seq=18 ---
# On branch hpc-mailbox
# Your branch is ahead of 'origin/hpc-mailbox' by 1 commit.
#   (use "git push" to publish your local commits)
#
# Untracked files:
#   (use "git add <file>..." to include in what will be committed)
#
#	inbox/autoresearch-64/hbv_lite_64_prospective_seq62.slurm
#	inbox/gpucheck_ngu009.slurm
#	inbox/gpucheck_ngu101.slurm
#	payload/id29-nearing2022-da/closure_v12.tar.gz
#	payload/id29-nearing2022-da/closure_v13.tar.gz
#	payload/id29-nearing2022-da/gate_preflight_v1.tar.gz
#	runner.log
#	runner2.log
nothing added to commit but untracked files present (use "git add" to track)
[ERROR] push failed: a02/18 (result kept in staging, will retry push only)
[Sun Sep  6 07:24:11 CST 2026] --- retry push only: channel=a02 seq=18 ---
# On branch hpc-mailbox
# Your branch is ahead of 'origin/hpc-mailbox' by 1 commit.
#   (use "git push" to publish your local commits)
#
# Untracked files:
#   (use "git add <file>..." to include in what will be committed)
#
#	inbox/autoresearch-64/hbv_lite_64_prospective_seq62.slurm
#	inbox/gpucheck_ngu009.slurm
#	inbox/gpucheck_ngu101.slurm
#	payload/id29-nearing2022-da/closure_v12.tar.gz
#	payload/id29-nearing2022-da/closure_v13.tar.gz
#	payload/id29-nearing2022-da/gate_preflight_v1.tar.gz
#	runner.log
#	runner2.log
nothing added to commit but untracked files present (use "git add" to track)
[ERROR] push failed: a02/18 (result kept in staging, will retry push only)
[Sun Sep  6 07:25:52 CST 2026] --- retry push only: channel=a02 seq=18 ---
# On branch hpc-mailbox
# Your branch is ahead of 'origin/hpc-mailbox' by 1 commit.
#   (use "git push" to publish your local commits)
#
# Untracked files:
#   (use "git add <file>..." to include in what will be committed)
#
#	inbox/autoresearch-64/hbv_lite_64_prospective_seq62.slurm
#	inbox/gpucheck_ngu009.slurm
#	inbox/gpucheck_ngu101.slurm
#	payload/id29-nearing2022-da/closure_v12.tar.gz
#	payload/id29-nearing2022-da/closure_v13.tar.gz
#	payload/id29-nearing2022-da/gate_preflight_v1.tar.gz
#	runner.log
#	runner2.log
nothing added to commit but untracked files present (use "git add" to track)
[ERROR] push failed: a02/18 (result kept in staging, will retry push only)
[Sun Sep  6 07:27:34 CST 2026] --- retry push only: channel=a02 seq=18 ---
# On branch hpc-mailbox
# Your branch is ahead of 'origin/hpc-mailbox' by 1 commit.
#   (use "git push" to publish your local commits)
#
# Untracked files:
#   (use "git add <file>..." to include in what will be committed)
#
#	inbox/autoresearch-64/hbv_lite_64_prospective_seq62.slurm
#	inbox/gpucheck_ngu009.slurm
#	inbox/gpucheck_ngu101.slurm
#	payload/id29-nearing2022-da/closure_v12.tar.gz
#	payload/id29-nearing2022-da/closure_v13.tar.gz
#	payload/id29-nearing2022-da/gate_preflight_v1.tar.gz
#	runner.log
#	runner2.log
nothing added to commit but untracked files present (use "git add" to track)
[ERROR] push failed: a02/18 (result kept in staging, will retry push only)
[Sun Sep  6 07:29:16 CST 2026] --- retry push only: channel=a02 seq=18 ---
# On branch hpc-mailbox
# Your branch is ahead of 'origin/hpc-mailbox' by 1 commit.
#   (use "git push" to publish your local commits)
#
# Untracked files:
#   (use "git add <file>..." to include in what will be committed)
#
#	inbox/autoresearch-64/hbv_lite_64_prospective_seq62.slurm
#	inbox/gpucheck_ngu009.slurm
#	inbox/gpucheck_ngu101.slurm
#	payload/id29-nearing2022-da/closure_v12.tar.gz
#	payload/id29-nearing2022-da/closure_v13.tar.gz
#	payload/id29-nearing2022-da/gate_preflight_v1.tar.gz
#	runner.log
#	runner2.log
nothing added to commit but untracked files present (use "git add" to track)
[ERROR] push failed: a02/18 (result kept in staging, will retry push only)
[Sun Sep  6 07:30:59 CST 2026] --- retry push only: channel=a02 seq=18 ---
# On branch hpc-mailbox
# Your branch is ahead of 'origin/hpc-mailbox' by 1 commit.
#   (use "git push" to publish your local commits)
#
# Untracked files:
#   (use "git add <file>..." to include in what will be committed)
#
#	inbox/autoresearch-64/hbv_lite_64_prospective_seq62.slurm
#	inbox/gpucheck_ngu009.slurm
#	inbox/gpucheck_ngu101.slurm
#	payload/id29-nearing2022-da/closure_v12.tar.gz
#	payload/id29-nearing2022-da/closure_v13.tar.gz
#	payload/id29-nearing2022-da/gate_preflight_v1.tar.gz
#	runner.log
#	runner2.log
nothing added to commit but untracked files present (use "git add" to track)
[ERROR] push failed: a02/18 (result kept in staging, will retry push only)
[Sun Sep  6 07:32:40 CST 2026] --- retry push only: channel=a02 seq=18 ---
# On branch hpc-mailbox
# Your branch is ahead of 'origin/hpc-mailbox' by 1 commit.
#   (use "git push" to publish your local commits)
#
# Untracked files:
#   (use "git add <file>..." to include in what will be committed)
#
#	inbox/autoresearch-64/hbv_lite_64_prospective_seq62.slurm
#	inbox/gpucheck_ngu009.slurm
#	inbox/gpucheck_ngu101.slurm
#	payload/id29-nearing2022-da/closure_v12.tar.gz
#	payload/id29-nearing2022-da/closure_v13.tar.gz
#	payload/id29-nearing2022-da/gate_preflight_v1.tar.gz
#	runner.log
#	runner2.log
nothing added to commit but untracked files present (use "git add" to track)
[ERROR] push failed: a02/18 (result kept in staging, will retry push only)
[Sun Sep  6 07:34:22 CST 2026] --- retry push only: channel=a02 seq=18 ---
# On branch hpc-mailbox
# Your branch is ahead of 'origin/hpc-mailbox' by 1 commit.
#   (use "git push" to publish your local commits)
#
# Untracked files:
#   (use "git add <file>..." to include in what will be committed)
#
#	inbox/autoresearch-64/hbv_lite_64_prospective_seq62.slurm
#	inbox/gpucheck_ngu009.slurm
#	inbox/gpucheck_ngu101.slurm
#	payload/id29-nearing2022-da/closure_v12.tar.gz
#	payload/id29-nearing2022-da/closure_v13.tar.gz
#	payload/id29-nearing2022-da/gate_preflight_v1.tar.gz
#	runner.log
#	runner2.log
nothing added to commit but untracked files present (use "git add" to track)
[ERROR] push failed: a02/18 (result kept in staging, will retry push only)
[Sun Sep  6 07:36:04 CST 2026] --- retry push only: channel=a02 seq=18 ---
# On branch hpc-mailbox
# Your branch is ahead of 'origin/hpc-mailbox' by 1 commit.
#   (use "git push" to publish your local commits)
#
# Untracked files:
#   (use "git add <file>..." to include in what will be committed)
#
#	inbox/autoresearch-64/hbv_lite_64_prospective_seq62.slurm
#	inbox/gpucheck_ngu009.slurm
#	inbox/gpucheck_ngu101.slurm
#	payload/id29-nearing2022-da/closure_v12.tar.gz
#	payload/id29-nearing2022-da/closure_v13.tar.gz
#	payload/id29-nearing2022-da/gate_preflight_v1.tar.gz
#	runner.log
#	runner2.log
nothing added to commit but untracked files present (use "git add" to track)
[ERROR] push failed: a02/18 (result kept in staging, will retry push only)
[Sun Sep  6 07:37:46 CST 2026] --- retry push only: channel=a02 seq=18 ---
# On branch hpc-mailbox
# Your branch is ahead of 'origin/hpc-mailbox' by 1 commit.
#   (use "git push" to publish your local commits)
#
# Untracked files:
#   (use "git add <file>..." to include in what will be committed)
#
#	inbox/autoresearch-64/hbv_lite_64_prospective_seq62.slurm
#	inbox/gpucheck_ngu009.slurm
#	inbox/gpucheck_ngu101.slurm
#	payload/id29-nearing2022-da/closure_v12.tar.gz
#	payload/id29-nearing2022-da/closure_v13.tar.gz
#	payload/id29-nearing2022-da/gate_preflight_v1.tar.gz
#	runner.log
#	runner2.log
nothing added to commit but untracked files present (use "git add" to track)
[ERROR] push failed: a02/18 (result kept in staging, will retry push only)
[Sun Sep  6 07:39:32 CST 2026] --- retry push only: channel=a02 seq=18 ---
# On branch hpc-mailbox
# Your branch is ahead of 'origin/hpc-mailbox' by 1 commit.
#   (use "git push" to publish your local commits)
#
# Untracked files:
#   (use "git add <file>..." to include in what will be committed)
#
#	inbox/autoresearch-64/hbv_lite_64_prospective_seq62.slurm
#	inbox/gpucheck_ngu009.slurm
#	inbox/gpucheck_ngu101.slurm
#	payload/id29-nearing2022-da/closure_v12.tar.gz
#	payload/id29-nearing2022-da/closure_v13.tar.gz
#	payload/id29-nearing2022-da/gate_preflight_v1.tar.gz
#	runner.log
#	runner2.log
nothing added to commit but untracked files present (use "git add" to track)
[ERROR] push failed: a02/18 (result kept in staging, will retry push only)
[Sun Sep  6 07:41:14 CST 2026] --- retry push only: channel=a02 seq=18 ---
# On branch hpc-mailbox
# Your branch is ahead of 'origin/hpc-mailbox' by 1 commit.
#   (use "git push" to publish your local commits)
#
# Untracked files:
#   (use "git add <file>..." to include in what will be committed)
#
#	inbox/autoresearch-64/hbv_lite_64_prospective_seq62.slurm
#	inbox/gpucheck_ngu009.slurm
#	inbox/gpucheck_ngu101.slurm
#	payload/id29-nearing2022-da/closure_v12.tar.gz
#	payload/id29-nearing2022-da/closure_v13.tar.gz
#	payload/id29-nearing2022-da/gate_preflight_v1.tar.gz
#	runner.log
#	runner2.log
nothing added to commit but untracked files present (use "git add" to track)
[ERROR] push failed: a02/18 (result kept in staging, will retry push only)
[Sun Sep  6 07:42:56 CST 2026] --- retry push only: channel=a02 seq=18 ---
# On branch hpc-mailbox
# Your branch is ahead of 'origin/hpc-mailbox' by 1 commit.
#   (use "git push" to publish your local commits)
#
# Untracked files:
#   (use "git add <file>..." to include in what will be committed)
#
#	inbox/autoresearch-64/hbv_lite_64_prospective_seq62.slurm
#	inbox/gpucheck_ngu009.slurm
#	inbox/gpucheck_ngu101.slurm
#	payload/id29-nearing2022-da/closure_v12.tar.gz
#	payload/id29-nearing2022-da/closure_v13.tar.gz
#	payload/id29-nearing2022-da/gate_preflight_v1.tar.gz
#	runner.log
#	runner2.log
nothing added to commit but untracked files present (use "git add" to track)
[ERROR] push failed: a02/18 (result kept in staging, will retry push only)
[Sun Sep  6 07:44:38 CST 2026] --- retry push only: channel=a02 seq=18 ---
# On branch hpc-mailbox
# Your branch is ahead of 'origin/hpc-mailbox' by 1 commit.
#   (use "git push" to publish your local commits)
#
# Untracked files:
#   (use "git add <file>..." to include in what will be committed)
#
#	inbox/autoresearch-64/hbv_lite_64_prospective_seq62.slurm
#	inbox/gpucheck_ngu009.slurm
#	inbox/gpucheck_ngu101.slurm
#	payload/id29-nearing2022-da/closure_v12.tar.gz
#	payload/id29-nearing2022-da/closure_v13.tar.gz
#	payload/id29-nearing2022-da/gate_preflight_v1.tar.gz
#	runner.log
#	runner2.log
nothing added to commit but untracked files present (use "git add" to track)
[ERROR] push failed: a02/18 (result kept in staging, will retry push only)
[Sun Sep  6 07:46:21 CST 2026] --- retry push only: channel=a02 seq=18 ---
# On branch hpc-mailbox
# Your branch is ahead of 'origin/hpc-mailbox' by 1 commit.
#   (use "git push" to publish your local commits)
#
# Untracked files:
#   (use "git add <file>..." to include in what will be committed)
#
#	inbox/autoresearch-64/hbv_lite_64_prospective_seq62.slurm
#	inbox/gpucheck_ngu009.slurm
#	inbox/gpucheck_ngu101.slurm
#	payload/id29-nearing2022-da/closure_v12.tar.gz
#	payload/id29-nearing2022-da/closure_v13.tar.gz
#	payload/id29-nearing2022-da/gate_preflight_v1.tar.gz
#	runner.log
#	runner2.log
nothing added to commit but untracked files present (use "git add" to track)
[ERROR] push failed: a02/18 (result kept in staging, will retry push only)
[Sun Sep  6 07:48:03 CST 2026] --- retry push only: channel=a02 seq=18 ---
# On branch hpc-mailbox
# Your branch is ahead of 'origin/hpc-mailbox' by 1 commit.
#   (use "git push" to publish your local commits)
#
# Untracked files:
#   (use "git add <file>..." to include in what will be committed)
#
#	inbox/autoresearch-64/hbv_lite_64_prospective_seq62.slurm
#	inbox/gpucheck_ngu009.slurm
#	inbox/gpucheck_ngu101.slurm
#	payload/id29-nearing2022-da/closure_v12.tar.gz
#	payload/id29-nearing2022-da/closure_v13.tar.gz
#	payload/id29-nearing2022-da/gate_preflight_v1.tar.gz
#	runner.log
#	runner2.log
nothing added to commit but untracked files present (use "git add" to track)
[ERROR] push failed: a02/18 (result kept in staging, will retry push only)
[Sun Sep  6 07:49:45 CST 2026] --- retry push only: channel=a02 seq=18 ---
# On branch hpc-mailbox
# Your branch is ahead of 'origin/hpc-mailbox' by 1 commit.
#   (use "git push" to publish your local commits)
#
# Untracked files:
#   (use "git add <file>..." to include in what will be committed)
#
#	inbox/autoresearch-64/hbv_lite_64_prospective_seq62.slurm
#	inbox/gpucheck_ngu009.slurm
#	inbox/gpucheck_ngu101.slurm
#	payload/id29-nearing2022-da/closure_v12.tar.gz
#	payload/id29-nearing2022-da/closure_v13.tar.gz
#	payload/id29-nearing2022-da/gate_preflight_v1.tar.gz
#	runner.log
#	runner2.log
nothing added to commit but untracked files present (use "git add" to track)
[ERROR] push failed: a02/18 (result kept in staging, will retry push only)
[Sun Sep  6 07:51:27 CST 2026] --- retry push only: channel=a02 seq=18 ---
# On branch hpc-mailbox
# Your branch is ahead of 'origin/hpc-mailbox' by 1 commit.
#   (use "git push" to publish your local commits)
#
# Untracked files:
#   (use "git add <file>..." to include in what will be committed)
#
#	inbox/autoresearch-64/hbv_lite_64_prospective_seq62.slurm
#	inbox/gpucheck_ngu009.slurm
#	inbox/gpucheck_ngu101.slurm
#	payload/id29-nearing2022-da/closure_v12.tar.gz
#	payload/id29-nearing2022-da/closure_v13.tar.gz
#	payload/id29-nearing2022-da/gate_preflight_v1.tar.gz
#	runner.log
#	runner2.log
nothing added to commit but untracked files present (use "git add" to track)
[ERROR] push failed: a02/18 (result kept in staging, will retry push only)
[Sun Sep  6 07:53:09 CST 2026] --- retry push only: channel=a02 seq=18 ---
# On branch hpc-mailbox
# Your branch is ahead of 'origin/hpc-mailbox' by 1 commit.
#   (use "git push" to publish your local commits)
#
# Untracked files:
#   (use "git add <file>..." to include in what will be committed)
#
#	inbox/autoresearch-64/hbv_lite_64_prospective_seq62.slurm
#	inbox/gpucheck_ngu009.slurm
#	inbox/gpucheck_ngu101.slurm
#	payload/id29-nearing2022-da/closure_v12.tar.gz
#	payload/id29-nearing2022-da/closure_v13.tar.gz
#	payload/id29-nearing2022-da/gate_preflight_v1.tar.gz
#	runner.log
#	runner2.log
nothing added to commit but untracked files present (use "git add" to track)
[ERROR] push failed: a02/18 (result kept in staging, will retry push only)
[Sun Sep  6 07:54:51 CST 2026] --- retry push only: channel=a02 seq=18 ---
# On branch hpc-mailbox
# Your branch is ahead of 'origin/hpc-mailbox' by 1 commit.
#   (use "git push" to publish your local commits)
#
# Untracked files:
#   (use "git add <file>..." to include in what will be committed)
#
#	inbox/autoresearch-64/hbv_lite_64_prospective_seq62.slurm
#	inbox/gpucheck_ngu009.slurm
#	inbox/gpucheck_ngu101.slurm
#	payload/id29-nearing2022-da/closure_v12.tar.gz
#	payload/id29-nearing2022-da/closure_v13.tar.gz
#	payload/id29-nearing2022-da/gate_preflight_v1.tar.gz
#	runner.log
#	runner2.log
nothing added to commit but untracked files present (use "git add" to track)
[ERROR] push failed: a02/18 (result kept in staging, will retry push only)
[Sun Sep  6 07:56:33 CST 2026] --- retry push only: channel=a02 seq=18 ---
# On branch hpc-mailbox
# Your branch is ahead of 'origin/hpc-mailbox' by 1 commit.
#   (use "git push" to publish your local commits)
#
# Untracked files:
#   (use "git add <file>..." to include in what will be committed)
#
#	inbox/autoresearch-64/hbv_lite_64_prospective_seq62.slurm
#	inbox/gpucheck_ngu009.slurm
#	inbox/gpucheck_ngu101.slurm
#	payload/id29-nearing2022-da/closure_v12.tar.gz
#	payload/id29-nearing2022-da/closure_v13.tar.gz
#	payload/id29-nearing2022-da/gate_preflight_v1.tar.gz
#	runner.log
#	runner2.log
nothing added to commit but untracked files present (use "git add" to track)
[ERROR] push failed: a02/18 (result kept in staging, will retry push only)
[Sun Sep  6 07:58:21 CST 2026] --- retry push only: channel=a02 seq=18 ---
# On branch hpc-mailbox
# Your branch is ahead of 'origin/hpc-mailbox' by 1 commit.
#   (use "git push" to publish your local commits)
#
# Untracked files:
#   (use "git add <file>..." to include in what will be committed)
#
#	inbox/autoresearch-64/hbv_lite_64_prospective_seq62.slurm
#	inbox/gpucheck_ngu009.slurm
#	inbox/gpucheck_ngu101.slurm
#	payload/id29-nearing2022-da/closure_v12.tar.gz
#	payload/id29-nearing2022-da/closure_v13.tar.gz
#	payload/id29-nearing2022-da/gate_preflight_v1.tar.gz
#	runner.log
#	runner2.log
nothing added to commit but untracked files present (use "git add" to track)
[ERROR] push failed: a02/18 (result kept in staging, will retry push only)
[Sun Sep  6 08:00:04 CST 2026] --- retry push only: channel=a02 seq=18 ---
# On branch hpc-mailbox
# Your branch is ahead of 'origin/hpc-mailbox' by 1 commit.
#   (use "git push" to publish your local commits)
#
# Untracked files:
#   (use "git add <file>..." to include in what will be committed)
#
#	inbox/autoresearch-64/hbv_lite_64_prospective_seq62.slurm
#	inbox/gpucheck_ngu009.slurm
#	inbox/gpucheck_ngu101.slurm
#	payload/id29-nearing2022-da/closure_v12.tar.gz
#	payload/id29-nearing2022-da/closure_v13.tar.gz
#	payload/id29-nearing2022-da/gate_preflight_v1.tar.gz
#	runner.log
#	runner2.log
nothing added to commit but untracked files present (use "git add" to track)
[ERROR] push failed: a02/18 (result kept in staging, will retry push only)
[Sun Sep  6 08:01:46 CST 2026] --- retry push only: channel=a02 seq=18 ---
# On branch hpc-mailbox
# Your branch is ahead of 'origin/hpc-mailbox' by 1 commit.
#   (use "git push" to publish your local commits)
#
# Untracked files:
#   (use "git add <file>..." to include in what will be committed)
#
#	inbox/autoresearch-64/hbv_lite_64_prospective_seq62.slurm
#	inbox/gpucheck_ngu009.slurm
#	inbox/gpucheck_ngu101.slurm
#	payload/id29-nearing2022-da/closure_v12.tar.gz
#	payload/id29-nearing2022-da/closure_v13.tar.gz
#	payload/id29-nearing2022-da/gate_preflight_v1.tar.gz
#	runner.log
#	runner2.log
nothing added to commit but untracked files present (use "git add" to track)
[ERROR] push failed: a02/18 (result kept in staging, will retry push only)
[Sun Sep  6 08:03:28 CST 2026] --- retry push only: channel=a02 seq=18 ---
# On branch hpc-mailbox
# Your branch is ahead of 'origin/hpc-mailbox' by 1 commit.
#   (use "git push" to publish your local commits)
#
# Untracked files:
#   (use "git add <file>..." to include in what will be committed)
#
#	inbox/autoresearch-64/hbv_lite_64_prospective_seq62.slurm
#	inbox/gpucheck_ngu009.slurm
#	inbox/gpucheck_ngu101.slurm
#	payload/id29-nearing2022-da/closure_v12.tar.gz
#	payload/id29-nearing2022-da/closure_v13.tar.gz
#	payload/id29-nearing2022-da/gate_preflight_v1.tar.gz
#	runner.log
#	runner2.log
nothing added to commit but untracked files present (use "git add" to track)
[ERROR] push failed: a02/18 (result kept in staging, will retry push only)
[Sun Sep  6 08:05:10 CST 2026] --- retry push only: channel=a02 seq=18 ---
# On branch hpc-mailbox
# Your branch is ahead of 'origin/hpc-mailbox' by 1 commit.
#   (use "git push" to publish your local commits)
#
# Untracked files:
#   (use "git add <file>..." to include in what will be committed)
#
#	inbox/autoresearch-64/hbv_lite_64_prospective_seq62.slurm
#	inbox/gpucheck_ngu009.slurm
#	inbox/gpucheck_ngu101.slurm
#	payload/id29-nearing2022-da/closure_v12.tar.gz
#	payload/id29-nearing2022-da/closure_v13.tar.gz
#	payload/id29-nearing2022-da/gate_preflight_v1.tar.gz
#	runner.log
#	runner2.log
nothing added to commit but untracked files present (use "git add" to track)
[ERROR] push failed: a02/18 (result kept in staging, will retry push only)
[Sun Sep  6 08:06:51 CST 2026] --- retry push only: channel=a02 seq=18 ---
# On branch hpc-mailbox
# Your branch is ahead of 'origin/hpc-mailbox' by 1 commit.
#   (use "git push" to publish your local commits)
#
# Untracked files:
#   (use "git add <file>..." to include in what will be committed)
#
#	inbox/autoresearch-64/hbv_lite_64_prospective_seq62.slurm
#	inbox/gpucheck_ngu009.slurm
#	inbox/gpucheck_ngu101.slurm
#	payload/id29-nearing2022-da/closure_v12.tar.gz
#	payload/id29-nearing2022-da/closure_v13.tar.gz
#	payload/id29-nearing2022-da/gate_preflight_v1.tar.gz
#	runner.log
#	runner2.log
nothing added to commit but untracked files present (use "git add" to track)
[ERROR] push failed: a02/18 (result kept in staging, will retry push only)
[Sun Sep  6 08:08:33 CST 2026] --- retry push only: channel=a02 seq=18 ---
# On branch hpc-mailbox
# Your branch is ahead of 'origin/hpc-mailbox' by 1 commit.
#   (use "git push" to publish your local commits)
#
# Untracked files:
#   (use "git add <file>..." to include in what will be committed)
#
#	inbox/autoresearch-64/hbv_lite_64_prospective_seq62.slurm
#	inbox/gpucheck_ngu009.slurm
#	inbox/gpucheck_ngu101.slurm
#	payload/id29-nearing2022-da/closure_v12.tar.gz
#	payload/id29-nearing2022-da/closure_v13.tar.gz
#	payload/id29-nearing2022-da/gate_preflight_v1.tar.gz
#	runner.log
#	runner2.log
nothing added to commit but untracked files present (use "git add" to track)
[ERROR] push failed: a02/18 (result kept in staging, will retry push only)
[Sun Sep  6 08:10:15 CST 2026] --- retry push only: channel=a02 seq=18 ---
# On branch hpc-mailbox
# Your branch is ahead of 'origin/hpc-mailbox' by 1 commit.
#   (use "git push" to publish your local commits)
#
# Untracked files:
#   (use "git add <file>..." to include in what will be committed)
#
#	inbox/autoresearch-64/hbv_lite_64_prospective_seq62.slurm
#	inbox/gpucheck_ngu009.slurm
#	inbox/gpucheck_ngu101.slurm
#	payload/id29-nearing2022-da/closure_v12.tar.gz
#	payload/id29-nearing2022-da/closure_v13.tar.gz
#	payload/id29-nearing2022-da/gate_preflight_v1.tar.gz
#	runner.log
#	runner2.log
nothing added to commit but untracked files present (use "git add" to track)
[ERROR] push failed: a02/18 (result kept in staging, will retry push only)
[Sun Sep  6 08:11:58 CST 2026] --- retry push only: channel=a02 seq=18 ---
# On branch hpc-mailbox
# Your branch is ahead of 'origin/hpc-mailbox' by 1 commit.
#   (use "git push" to publish your local commits)
#
# Untracked files:
#   (use "git add <file>..." to include in what will be committed)
#
#	inbox/autoresearch-64/hbv_lite_64_prospective_seq62.slurm
#	inbox/gpucheck_ngu009.slurm
#	inbox/gpucheck_ngu101.slurm
#	payload/id29-nearing2022-da/closure_v12.tar.gz
#	payload/id29-nearing2022-da/closure_v13.tar.gz
#	payload/id29-nearing2022-da/gate_preflight_v1.tar.gz
#	runner.log
#	runner2.log
nothing added to commit but untracked files present (use "git add" to track)
[ERROR] push failed: a02/18 (result kept in staging, will retry push only)
[Sun Sep  6 08:13:39 CST 2026] --- retry push only: channel=a02 seq=18 ---
# On branch hpc-mailbox
# Your branch is ahead of 'origin/hpc-mailbox' by 1 commit.
#   (use "git push" to publish your local commits)
#
# Untracked files:
#   (use "git add <file>..." to include in what will be committed)
#
#	inbox/autoresearch-64/hbv_lite_64_prospective_seq62.slurm
#	inbox/gpucheck_ngu009.slurm
#	inbox/gpucheck_ngu101.slurm
#	payload/id29-nearing2022-da/closure_v12.tar.gz
#	payload/id29-nearing2022-da/closure_v13.tar.gz
#	payload/id29-nearing2022-da/gate_preflight_v1.tar.gz
#	runner.log
#	runner2.log
nothing added to commit but untracked files present (use "git add" to track)
[ERROR] push failed: a02/18 (result kept in staging, will retry push only)
[Sun Sep  6 08:15:20 CST 2026] --- retry push only: channel=a02 seq=18 ---
# On branch hpc-mailbox
# Your branch is ahead of 'origin/hpc-mailbox' by 1 commit.
#   (use "git push" to publish your local commits)
#
# Untracked files:
#   (use "git add <file>..." to include in what will be committed)
#
#	inbox/autoresearch-64/hbv_lite_64_prospective_seq62.slurm
#	inbox/gpucheck_ngu009.slurm
#	inbox/gpucheck_ngu101.slurm
#	payload/id29-nearing2022-da/closure_v12.tar.gz
#	payload/id29-nearing2022-da/closure_v13.tar.gz
#	payload/id29-nearing2022-da/gate_preflight_v1.tar.gz
#	runner.log
#	runner2.log
nothing added to commit but untracked files present (use "git add" to track)
[ERROR] push failed: a02/18 (result kept in staging, will retry push only)
[Sun Sep  6 08:17:02 CST 2026] --- retry push only: channel=a02 seq=18 ---
# On branch hpc-mailbox
# Your branch is ahead of 'origin/hpc-mailbox' by 1 commit.
#   (use "git push" to publish your local commits)
#
# Untracked files:
#   (use "git add <file>..." to include in what will be committed)
#
#	inbox/autoresearch-64/hbv_lite_64_prospective_seq62.slurm
#	inbox/gpucheck_ngu009.slurm
#	inbox/gpucheck_ngu101.slurm
#	payload/id29-nearing2022-da/closure_v12.tar.gz
#	payload/id29-nearing2022-da/closure_v13.tar.gz
#	payload/id29-nearing2022-da/gate_preflight_v1.tar.gz
#	runner.log
#	runner2.log
nothing added to commit but untracked files present (use "git add" to track)
[ERROR] push failed: a02/18 (result kept in staging, will retry push only)
[Sun Sep  6 08:18:44 CST 2026] --- retry push only: channel=a02 seq=18 ---
# On branch hpc-mailbox
# Your branch is ahead of 'origin/hpc-mailbox' by 1 commit.
#   (use "git push" to publish your local commits)
#
# Untracked files:
#   (use "git add <file>..." to include in what will be committed)
#
#	inbox/autoresearch-64/hbv_lite_64_prospective_seq62.slurm
#	inbox/gpucheck_ngu009.slurm
#	inbox/gpucheck_ngu101.slurm
#	payload/id29-nearing2022-da/closure_v12.tar.gz
#	payload/id29-nearing2022-da/closure_v13.tar.gz
#	payload/id29-nearing2022-da/gate_preflight_v1.tar.gz
#	runner.log
#	runner2.log
nothing added to commit but untracked files present (use "git add" to track)
[ERROR] push failed: a02/18 (result kept in staging, will retry push only)
[Sun Sep  6 08:20:27 CST 2026] --- retry push only: channel=a02 seq=18 ---
# On branch hpc-mailbox
# Your branch is ahead of 'origin/hpc-mailbox' by 1 commit.
#   (use "git push" to publish your local commits)
#
# Untracked files:
#   (use "git add <file>..." to include in what will be committed)
#
#	inbox/autoresearch-64/hbv_lite_64_prospective_seq62.slurm
#	inbox/gpucheck_ngu009.slurm
#	inbox/gpucheck_ngu101.slurm
#	payload/id29-nearing2022-da/closure_v12.tar.gz
#	payload/id29-nearing2022-da/closure_v13.tar.gz
#	payload/id29-nearing2022-da/gate_preflight_v1.tar.gz
#	runner.log
#	runner2.log
nothing added to commit but untracked files present (use "git add" to track)
[ERROR] push failed: a02/18 (result kept in staging, will retry push only)
[Sun Sep  6 08:22:09 CST 2026] --- retry push only: channel=a02 seq=18 ---
# On branch hpc-mailbox
# Your branch is ahead of 'origin/hpc-mailbox' by 1 commit.
#   (use "git push" to publish your local commits)
#
# Untracked files:
#   (use "git add <file>..." to include in what will be committed)
#
#	inbox/autoresearch-64/hbv_lite_64_prospective_seq62.slurm
#	inbox/gpucheck_ngu009.slurm
#	inbox/gpucheck_ngu101.slurm
#	payload/id29-nearing2022-da/closure_v12.tar.gz
#	payload/id29-nearing2022-da/closure_v13.tar.gz
#	payload/id29-nearing2022-da/gate_preflight_v1.tar.gz
#	runner.log
#	runner2.log
nothing added to commit but untracked files present (use "git add" to track)
[ERROR] push failed: a02/18 (result kept in staging, will retry push only)
[Sun Sep  6 08:23:51 CST 2026] --- retry push only: channel=a02 seq=18 ---
# On branch hpc-mailbox
# Your branch is ahead of 'origin/hpc-mailbox' by 1 commit.
#   (use "git push" to publish your local commits)
#
# Untracked files:
#   (use "git add <file>..." to include in what will be committed)
#
#	inbox/autoresearch-64/hbv_lite_64_prospective_seq62.slurm
#	inbox/gpucheck_ngu009.slurm
#	inbox/gpucheck_ngu101.slurm
#	payload/id29-nearing2022-da/closure_v12.tar.gz
#	payload/id29-nearing2022-da/closure_v13.tar.gz
#	payload/id29-nearing2022-da/gate_preflight_v1.tar.gz
#	runner.log
#	runner2.log
nothing added to commit but untracked files present (use "git add" to track)
[ERROR] push failed: a02/18 (result kept in staging, will retry push only)
[Sun Sep  6 08:25:34 CST 2026] --- retry push only: channel=a02 seq=18 ---
# On branch hpc-mailbox
# Your branch is ahead of 'origin/hpc-mailbox' by 1 commit.
#   (use "git push" to publish your local commits)
#
# Untracked files:
#   (use "git add <file>..." to include in what will be committed)
#
#	inbox/autoresearch-64/hbv_lite_64_prospective_seq62.slurm
#	inbox/gpucheck_ngu009.slurm
#	inbox/gpucheck_ngu101.slurm
#	payload/id29-nearing2022-da/closure_v12.tar.gz
#	payload/id29-nearing2022-da/closure_v13.tar.gz
#	payload/id29-nearing2022-da/gate_preflight_v1.tar.gz
#	runner.log
#	runner2.log
nothing added to commit but untracked files present (use "git add" to track)
[ERROR] push failed: a02/18 (result kept in staging, will retry push only)
[Sun Sep  6 08:27:16 CST 2026] --- retry push only: channel=a02 seq=18 ---
# On branch hpc-mailbox
# Your branch is ahead of 'origin/hpc-mailbox' by 1 commit.
#   (use "git push" to publish your local commits)
#
# Untracked files:
#   (use "git add <file>..." to include in what will be committed)
#
#	inbox/autoresearch-64/hbv_lite_64_prospective_seq62.slurm
#	inbox/gpucheck_ngu009.slurm
#	inbox/gpucheck_ngu101.slurm
#	payload/id29-nearing2022-da/closure_v12.tar.gz
#	payload/id29-nearing2022-da/closure_v13.tar.gz
#	payload/id29-nearing2022-da/gate_preflight_v1.tar.gz
#	runner.log
#	runner2.log
nothing added to commit but untracked files present (use "git add" to track)
[ERROR] push failed: a02/18 (result kept in staging, will retry push only)
[Sun Sep  6 08:28:57 CST 2026] --- retry push only: channel=a02 seq=18 ---
# On branch hpc-mailbox
# Your branch is ahead of 'origin/hpc-mailbox' by 1 commit.
#   (use "git push" to publish your local commits)
#
# Untracked files:
#   (use "git add <file>..." to include in what will be committed)
#
#	inbox/autoresearch-64/hbv_lite_64_prospective_seq62.slurm
#	inbox/gpucheck_ngu009.slurm
#	inbox/gpucheck_ngu101.slurm
#	payload/id29-nearing2022-da/closure_v12.tar.gz
#	payload/id29-nearing2022-da/closure_v13.tar.gz
#	payload/id29-nearing2022-da/gate_preflight_v1.tar.gz
#	runner.log
#	runner2.log
nothing added to commit but untracked files present (use "git add" to track)
[ERROR] push failed: a02/18 (result kept in staging, will retry push only)
[Sun Sep  6 08:30:40 CST 2026] --- retry push only: channel=a02 seq=18 ---
# On branch hpc-mailbox
# Your branch is ahead of 'origin/hpc-mailbox' by 1 commit.
#   (use "git push" to publish your local commits)
#
# Untracked files:
#   (use "git add <file>..." to include in what will be committed)
#
#	inbox/autoresearch-64/hbv_lite_64_prospective_seq62.slurm
#	inbox/gpucheck_ngu009.slurm
#	inbox/gpucheck_ngu101.slurm
#	payload/id29-nearing2022-da/closure_v12.tar.gz
#	payload/id29-nearing2022-da/closure_v13.tar.gz
#	payload/id29-nearing2022-da/gate_preflight_v1.tar.gz
#	runner.log
#	runner2.log
nothing added to commit but untracked files present (use "git add" to track)
[ERROR] push failed: a02/18 (result kept in staging, will retry push only)
[Sun Sep  6 08:32:22 CST 2026] --- retry push only: channel=a02 seq=18 ---
# On branch hpc-mailbox
# Your branch is ahead of 'origin/hpc-mailbox' by 1 commit.
#   (use "git push" to publish your local commits)
#
# Untracked files:
#   (use "git add <file>..." to include in what will be committed)
#
#	inbox/autoresearch-64/hbv_lite_64_prospective_seq62.slurm
#	inbox/gpucheck_ngu009.slurm
#	inbox/gpucheck_ngu101.slurm
#	payload/id29-nearing2022-da/closure_v12.tar.gz
#	payload/id29-nearing2022-da/closure_v13.tar.gz
#	payload/id29-nearing2022-da/gate_preflight_v1.tar.gz
#	runner.log
#	runner2.log
nothing added to commit but untracked files present (use "git add" to track)
[ERROR] push failed: a02/18 (result kept in staging, will retry push only)
[Sun Sep  6 08:34:04 CST 2026] --- retry push only: channel=a02 seq=18 ---
# On branch hpc-mailbox
# Your branch is ahead of 'origin/hpc-mailbox' by 1 commit.
#   (use "git push" to publish your local commits)
#
# Untracked files:
#   (use "git add <file>..." to include in what will be committed)
#
#	inbox/autoresearch-64/hbv_lite_64_prospective_seq62.slurm
#	inbox/gpucheck_ngu009.slurm
#	inbox/gpucheck_ngu101.slurm
#	payload/id29-nearing2022-da/closure_v12.tar.gz
#	payload/id29-nearing2022-da/closure_v13.tar.gz
#	payload/id29-nearing2022-da/gate_preflight_v1.tar.gz
#	runner.log
#	runner2.log
nothing added to commit but untracked files present (use "git add" to track)
[ERROR] push failed: a02/18 (result kept in staging, will retry push only)
[Sun Sep  6 08:35:46 CST 2026] --- retry push only: channel=a02 seq=18 ---
# On branch hpc-mailbox
# Your branch is ahead of 'origin/hpc-mailbox' by 1 commit.
#   (use "git push" to publish your local commits)
#
# Untracked files:
#   (use "git add <file>..." to include in what will be committed)
#
#	inbox/autoresearch-64/hbv_lite_64_prospective_seq62.slurm
#	inbox/gpucheck_ngu009.slurm
#	inbox/gpucheck_ngu101.slurm
#	payload/id29-nearing2022-da/closure_v12.tar.gz
#	payload/id29-nearing2022-da/closure_v13.tar.gz
#	payload/id29-nearing2022-da/gate_preflight_v1.tar.gz
#	runner.log
#	runner2.log
nothing added to commit but untracked files present (use "git add" to track)
[ERROR] push failed: a02/18 (result kept in staging, will retry push only)
[Sun Sep  6 08:37:28 CST 2026] --- retry push only: channel=a02 seq=18 ---
# On branch hpc-mailbox
# Your branch is ahead of 'origin/hpc-mailbox' by 1 commit.
#   (use "git push" to publish your local commits)
#
# Untracked files:
#   (use "git add <file>..." to include in what will be committed)
#
#	inbox/autoresearch-64/hbv_lite_64_prospective_seq62.slurm
#	inbox/gpucheck_ngu009.slurm
#	inbox/gpucheck_ngu101.slurm
#	payload/id29-nearing2022-da/closure_v12.tar.gz
#	payload/id29-nearing2022-da/closure_v13.tar.gz
#	payload/id29-nearing2022-da/gate_preflight_v1.tar.gz
#	runner.log
#	runner2.log
nothing added to commit but untracked files present (use "git add" to track)
[ERROR] push failed: a02/18 (result kept in staging, will retry push only)
[Sun Sep  6 08:39:10 CST 2026] --- retry push only: channel=a02 seq=18 ---
# On branch hpc-mailbox
# Your branch is ahead of 'origin/hpc-mailbox' by 1 commit.
#   (use "git push" to publish your local commits)
#
# Untracked files:
#   (use "git add <file>..." to include in what will be committed)
#
#	inbox/autoresearch-64/hbv_lite_64_prospective_seq62.slurm
#	inbox/gpucheck_ngu009.slurm
#	inbox/gpucheck_ngu101.slurm
#	payload/id29-nearing2022-da/closure_v12.tar.gz
#	payload/id29-nearing2022-da/closure_v13.tar.gz
#	payload/id29-nearing2022-da/gate_preflight_v1.tar.gz
#	runner.log
#	runner2.log
nothing added to commit but untracked files present (use "git add" to track)
[ERROR] push failed: a02/18 (result kept in staging, will retry push only)
[Sun Sep  6 08:40:52 CST 2026] --- retry push only: channel=a02 seq=18 ---
# On branch hpc-mailbox
# Your branch is ahead of 'origin/hpc-mailbox' by 1 commit.
#   (use "git push" to publish your local commits)
#
# Untracked files:
#   (use "git add <file>..." to include in what will be committed)
#
#	inbox/autoresearch-64/hbv_lite_64_prospective_seq62.slurm
#	inbox/gpucheck_ngu009.slurm
#	inbox/gpucheck_ngu101.slurm
#	payload/id29-nearing2022-da/closure_v12.tar.gz
#	payload/id29-nearing2022-da/closure_v13.tar.gz
#	payload/id29-nearing2022-da/gate_preflight_v1.tar.gz
#	runner.log
#	runner2.log
nothing added to commit but untracked files present (use "git add" to track)
[ERROR] push failed: a02/18 (result kept in staging, will retry push only)
[Sun Sep  6 08:42:35 CST 2026] --- retry push only: channel=a02 seq=18 ---
# On branch hpc-mailbox
# Your branch is ahead of 'origin/hpc-mailbox' by 1 commit.
#   (use "git push" to publish your local commits)
#
# Untracked files:
#   (use "git add <file>..." to include in what will be committed)
#
#	inbox/autoresearch-64/hbv_lite_64_prospective_seq62.slurm
#	inbox/gpucheck_ngu009.slurm
#	inbox/gpucheck_ngu101.slurm
#	payload/id29-nearing2022-da/closure_v12.tar.gz
#	payload/id29-nearing2022-da/closure_v13.tar.gz
#	payload/id29-nearing2022-da/gate_preflight_v1.tar.gz
#	runner.log
#	runner2.log
nothing added to commit but untracked files present (use "git add" to track)
[ERROR] push failed: a02/18 (result kept in staging, will retry push only)
[Sun Sep  6 08:44:17 CST 2026] --- retry push only: channel=a02 seq=18 ---
# On branch hpc-mailbox
# Your branch is ahead of 'origin/hpc-mailbox' by 1 commit.
#   (use "git push" to publish your local commits)
#
# Untracked files:
#   (use "git add <file>..." to include in what will be committed)
#
#	inbox/autoresearch-64/hbv_lite_64_prospective_seq62.slurm
#	inbox/gpucheck_ngu009.slurm
#	inbox/gpucheck_ngu101.slurm
#	payload/id29-nearing2022-da/closure_v12.tar.gz
#	payload/id29-nearing2022-da/closure_v13.tar.gz
#	payload/id29-nearing2022-da/gate_preflight_v1.tar.gz
#	runner.log
#	runner2.log
nothing added to commit but untracked files present (use "git add" to track)
[ERROR] push failed: a02/18 (result kept in staging, will retry push only)
[Sun Sep  6 08:45:59 CST 2026] --- retry push only: channel=a02 seq=18 ---
# On branch hpc-mailbox
# Your branch is ahead of 'origin/hpc-mailbox' by 1 commit.
#   (use "git push" to publish your local commits)
#
# Untracked files:
#   (use "git add <file>..." to include in what will be committed)
#
#	inbox/autoresearch-64/hbv_lite_64_prospective_seq62.slurm
#	inbox/gpucheck_ngu009.slurm
#	inbox/gpucheck_ngu101.slurm
#	payload/id29-nearing2022-da/closure_v12.tar.gz
#	payload/id29-nearing2022-da/closure_v13.tar.gz
#	payload/id29-nearing2022-da/gate_preflight_v1.tar.gz
#	runner.log
#	runner2.log
nothing added to commit but untracked files present (use "git add" to track)
[ERROR] push failed: a02/18 (result kept in staging, will retry push only)
[Sun Sep  6 08:47:43 CST 2026] --- retry push only: channel=a02 seq=18 ---
# On branch hpc-mailbox
# Your branch is ahead of 'origin/hpc-mailbox' by 1 commit.
#   (use "git push" to publish your local commits)
#
# Untracked files:
#   (use "git add <file>..." to include in what will be committed)
#
#	inbox/autoresearch-64/hbv_lite_64_prospective_seq62.slurm
#	inbox/gpucheck_ngu009.slurm
#	inbox/gpucheck_ngu101.slurm
#	payload/id29-nearing2022-da/closure_v12.tar.gz
#	payload/id29-nearing2022-da/closure_v13.tar.gz
#	payload/id29-nearing2022-da/gate_preflight_v1.tar.gz
#	runner.log
#	runner2.log
nothing added to commit but untracked files present (use "git add" to track)
[ERROR] push failed: a02/18 (result kept in staging, will retry push only)
[Sun Sep  6 08:49:29 CST 2026] --- retry push only: channel=a02 seq=18 ---
# On branch hpc-mailbox
# Your branch is ahead of 'origin/hpc-mailbox' by 1 commit.
#   (use "git push" to publish your local commits)
#
# Untracked files:
#   (use "git add <file>..." to include in what will be committed)
#
#	inbox/autoresearch-64/hbv_lite_64_prospective_seq62.slurm
#	inbox/gpucheck_ngu009.slurm
#	inbox/gpucheck_ngu101.slurm
#	payload/id29-nearing2022-da/closure_v12.tar.gz
#	payload/id29-nearing2022-da/closure_v13.tar.gz
#	payload/id29-nearing2022-da/gate_preflight_v1.tar.gz
#	runner.log
#	runner2.log
nothing added to commit but untracked files present (use "git add" to track)
[ERROR] push failed: a02/18 (result kept in staging, will retry push only)
[Sun Sep  6 08:51:10 CST 2026] --- retry push only: channel=a02 seq=18 ---
# On branch hpc-mailbox
# Your branch is ahead of 'origin/hpc-mailbox' by 1 commit.
#   (use "git push" to publish your local commits)
#
# Untracked files:
#   (use "git add <file>..." to include in what will be committed)
#
#	inbox/autoresearch-64/hbv_lite_64_prospective_seq62.slurm
#	inbox/gpucheck_ngu009.slurm
#	inbox/gpucheck_ngu101.slurm
#	payload/id29-nearing2022-da/closure_v12.tar.gz
#	payload/id29-nearing2022-da/closure_v13.tar.gz
#	payload/id29-nearing2022-da/gate_preflight_v1.tar.gz
#	runner.log
#	runner2.log
nothing added to commit but untracked files present (use "git add" to track)
[ERROR] push failed: a02/18 (result kept in staging, will retry push only)
[Sun Sep  6 08:52:52 CST 2026] --- retry push only: channel=a02 seq=18 ---
# On branch hpc-mailbox
# Your branch is ahead of 'origin/hpc-mailbox' by 1 commit.
#   (use "git push" to publish your local commits)
#
# Untracked files:
#   (use "git add <file>..." to include in what will be committed)
#
#	inbox/autoresearch-64/hbv_lite_64_prospective_seq62.slurm
#	inbox/gpucheck_ngu009.slurm
#	inbox/gpucheck_ngu101.slurm
#	payload/id29-nearing2022-da/closure_v12.tar.gz
#	payload/id29-nearing2022-da/closure_v13.tar.gz
#	payload/id29-nearing2022-da/gate_preflight_v1.tar.gz
#	runner.log
#	runner2.log
nothing added to commit but untracked files present (use "git add" to track)
[ERROR] push failed: a02/18 (result kept in staging, will retry push only)
[Sun Sep  6 08:54:34 CST 2026] --- retry push only: channel=a02 seq=18 ---
# On branch hpc-mailbox
# Your branch is ahead of 'origin/hpc-mailbox' by 1 commit.
#   (use "git push" to publish your local commits)
#
# Untracked files:
#   (use "git add <file>..." to include in what will be committed)
#
#	inbox/autoresearch-64/hbv_lite_64_prospective_seq62.slurm
#	inbox/gpucheck_ngu009.slurm
#	inbox/gpucheck_ngu101.slurm
#	payload/id29-nearing2022-da/closure_v12.tar.gz
#	payload/id29-nearing2022-da/closure_v13.tar.gz
#	payload/id29-nearing2022-da/gate_preflight_v1.tar.gz
#	runner.log
#	runner2.log
nothing added to commit but untracked files present (use "git add" to track)
[ERROR] push failed: a02/18 (result kept in staging, will retry push only)
[Sun Sep  6 08:56:16 CST 2026] --- retry push only: channel=a02 seq=18 ---
# On branch hpc-mailbox
# Your branch is ahead of 'origin/hpc-mailbox' by 1 commit.
#   (use "git push" to publish your local commits)
#
# Untracked files:
#   (use "git add <file>..." to include in what will be committed)
#
#	inbox/autoresearch-64/hbv_lite_64_prospective_seq62.slurm
#	inbox/gpucheck_ngu009.slurm
#	inbox/gpucheck_ngu101.slurm
#	payload/id29-nearing2022-da/closure_v12.tar.gz
#	payload/id29-nearing2022-da/closure_v13.tar.gz
#	payload/id29-nearing2022-da/gate_preflight_v1.tar.gz
#	runner.log
#	runner2.log
nothing added to commit but untracked files present (use "git add" to track)
[ERROR] push failed: a02/18 (result kept in staging, will retry push only)
[Sun Sep  6 08:57:57 CST 2026] --- retry push only: channel=a02 seq=18 ---
# On branch hpc-mailbox
# Your branch is ahead of 'origin/hpc-mailbox' by 1 commit.
#   (use "git push" to publish your local commits)
#
# Untracked files:
#   (use "git add <file>..." to include in what will be committed)
#
#	inbox/autoresearch-64/hbv_lite_64_prospective_seq62.slurm
#	inbox/gpucheck_ngu009.slurm
#	inbox/gpucheck_ngu101.slurm
#	payload/id29-nearing2022-da/closure_v12.tar.gz
#	payload/id29-nearing2022-da/closure_v13.tar.gz
#	payload/id29-nearing2022-da/gate_preflight_v1.tar.gz
#	runner.log
#	runner2.log
nothing added to commit but untracked files present (use "git add" to track)
[ERROR] push failed: a02/18 (result kept in staging, will retry push only)
[Sun Sep  6 08:59:39 CST 2026] --- retry push only: channel=a02 seq=18 ---
# On branch hpc-mailbox
# Your branch is ahead of 'origin/hpc-mailbox' by 1 commit.
#   (use "git push" to publish your local commits)
#
# Untracked files:
#   (use "git add <file>..." to include in what will be committed)
#
#	inbox/autoresearch-64/hbv_lite_64_prospective_seq62.slurm
#	inbox/gpucheck_ngu009.slurm
#	inbox/gpucheck_ngu101.slurm
#	payload/id29-nearing2022-da/closure_v12.tar.gz
#	payload/id29-nearing2022-da/closure_v13.tar.gz
#	payload/id29-nearing2022-da/gate_preflight_v1.tar.gz
#	runner.log
#	runner2.log
nothing added to commit but untracked files present (use "git add" to track)
[ERROR] push failed: a02/18 (result kept in staging, will retry push only)
[Sun Sep  6 09:01:21 CST 2026] --- retry push only: channel=a02 seq=18 ---
# On branch hpc-mailbox
# Your branch is ahead of 'origin/hpc-mailbox' by 1 commit.
#   (use "git push" to publish your local commits)
#
# Untracked files:
#   (use "git add <file>..." to include in what will be committed)
#
#	inbox/autoresearch-64/hbv_lite_64_prospective_seq62.slurm
#	inbox/gpucheck_ngu009.slurm
#	inbox/gpucheck_ngu101.slurm
#	payload/id29-nearing2022-da/closure_v12.tar.gz
#	payload/id29-nearing2022-da/closure_v13.tar.gz
#	payload/id29-nearing2022-da/gate_preflight_v1.tar.gz
#	runner.log
#	runner2.log
nothing added to commit but untracked files present (use "git add" to track)
[ERROR] push failed: a02/18 (result kept in staging, will retry push only)
[Sun Sep  6 09:03:03 CST 2026] --- retry push only: channel=a02 seq=18 ---
# On branch hpc-mailbox
# Your branch is ahead of 'origin/hpc-mailbox' by 1 commit.
#   (use "git push" to publish your local commits)
#
# Untracked files:
#   (use "git add <file>..." to include in what will be committed)
#
#	inbox/autoresearch-64/hbv_lite_64_prospective_seq62.slurm
#	inbox/gpucheck_ngu009.slurm
#	inbox/gpucheck_ngu101.slurm
#	payload/id29-nearing2022-da/closure_v12.tar.gz
#	payload/id29-nearing2022-da/closure_v13.tar.gz
#	payload/id29-nearing2022-da/gate_preflight_v1.tar.gz
#	runner.log
#	runner2.log
nothing added to commit but untracked files present (use "git add" to track)
[Sun Sep  6 09:04:16 CST 2026] --- start channel=id29-nearing2022-da seq=509 ---
[ERROR] push failed: a02/18 (result kept in staging, will retry push only)
[Sun Sep  6 09:05:23 CST 2026] --- retry push only: channel=a02 seq=18 ---
[Sun Sep  6 09:05:27 CST 2026] done channel=id29-nearing2022-da seq=509 rc=0
# On branch hpc-mailbox
# Your branch is ahead of 'origin/hpc-mailbox' by 1 commit.
#   (use "git push" to publish your local commits)
#
# Untracked files:
#   (use "git add <file>..." to include in what will be committed)
#
#	inbox/autoresearch-64/hbv_lite_64_prospective_seq62.slurm
#	inbox/gpucheck_ngu009.slurm
#	inbox/gpucheck_ngu101.slurm
#	payload/id29-nearing2022-da/closure_v12.tar.gz
#	payload/id29-nearing2022-da/closure_v13.tar.gz
#	payload/id29-nearing2022-da/gate_preflight_v1.tar.gz
#	runner.log
#	runner2.log
nothing added to commit but untracked files present (use "git add" to track)
[ERROR] push failed: a02/18 (result kept in staging, will retry push only)
[Sun Sep  6 09:07:07 CST 2026] --- retry push only: channel=a02 seq=18 ---
[Sun Sep  6 09:07:07 CST 2026] --- start channel=id29-nearing2022-da seq=510 ---
[Sun Sep  6 09:07:42 CST 2026] --- start channel=id33-transformer-recipe-repair seq=27 ---
# On branch hpc-mailbox
# Your branch is ahead of 'origin/hpc-mailbox' by 1 commit.
#   (use "git push" to publish your local commits)
#
# Untracked files:
#   (use "git add <file>..." to include in what will be committed)
#
#	inbox/autoresearch-64/hbv_lite_64_prospective_seq62.slurm
#	inbox/gpucheck_ngu009.slurm
#	inbox/gpucheck_ngu101.slurm
#	payload/id29-nearing2022-da/closure_v12.tar.gz
#	payload/id29-nearing2022-da/closure_v13.tar.gz
#	payload/id29-nearing2022-da/gate_preflight_v1.tar.gz
#	runner.log
#	runner2.log
nothing added to commit but untracked files present (use "git add" to track)
[ERROR] push failed: a02/18 (result kept in staging, will retry push only)
[Sun Sep  6 09:08:49 CST 2026] --- retry push only: channel=a02 seq=18 ---
[Sun Sep  6 09:08:50 CST 2026] done channel=id33-transformer-recipe-repair seq=27 rc=0
[Sun Sep  6 09:09:18 CST 2026] done channel=id29-nearing2022-da seq=510 rc=0
# On branch hpc-mailbox
# Your branch is ahead of 'origin/hpc-mailbox' by 1 commit.
#   (use "git push" to publish your local commits)
#
# Untracked files:
#   (use "git add <file>..." to include in what will be committed)
#
#	inbox/autoresearch-64/hbv_lite_64_prospective_seq62.slurm
#	inbox/gpucheck_ngu009.slurm
#	inbox/gpucheck_ngu101.slurm
#	payload/id29-nearing2022-da/closure_v12.tar.gz
#	payload/id29-nearing2022-da/closure_v13.tar.gz
#	payload/id29-nearing2022-da/gate_preflight_v1.tar.gz
#	runner.log
#	runner2.log
nothing added to commit but untracked files present (use "git add" to track)
[ERROR] push failed: a02/18 (result kept in staging, will retry push only)
[Sun Sep  6 09:11:05 CST 2026] --- retry push only: channel=a02 seq=18 ---
# On branch hpc-mailbox
# Your branch is ahead of 'origin/hpc-mailbox' by 1 commit.
#   (use "git push" to publish your local commits)
#
# Untracked files:
#   (use "git add <file>..." to include in what will be committed)
#
#	inbox/autoresearch-64/hbv_lite_64_prospective_seq62.slurm
#	inbox/gpucheck_ngu009.slurm
#	inbox/gpucheck_ngu101.slurm
#	payload/id29-nearing2022-da/closure_v12.tar.gz
#	payload/id29-nearing2022-da/closure_v13.tar.gz
#	payload/id29-nearing2022-da/gate_preflight_v1.tar.gz
#	runner.log
#	runner2.log
nothing added to commit but untracked files present (use "git add" to track)
[ERROR] push failed: a02/18 (result kept in staging, will retry push only)
[Sun Sep  6 09:12:48 CST 2026] --- retry push only: channel=a02 seq=18 ---
# On branch hpc-mailbox
# Your branch is ahead of 'origin/hpc-mailbox' by 1 commit.
#   (use "git push" to publish your local commits)
#
# Untracked files:
#   (use "git add <file>..." to include in what will be committed)
#
#	inbox/autoresearch-64/hbv_lite_64_prospective_seq62.slurm
#	inbox/gpucheck_ngu009.slurm
#	inbox/gpucheck_ngu101.slurm
#	payload/id29-nearing2022-da/closure_v12.tar.gz
#	payload/id29-nearing2022-da/closure_v13.tar.gz
#	payload/id29-nearing2022-da/gate_preflight_v1.tar.gz
#	runner.log
#	runner2.log
nothing added to commit but untracked files present (use "git add" to track)
[ERROR] push failed: a02/18 (result kept in staging, will retry push only)
[Sun Sep  6 09:14:29 CST 2026] --- retry push only: channel=a02 seq=18 ---
# On branch hpc-mailbox
# Your branch is ahead of 'origin/hpc-mailbox' by 1 commit.
#   (use "git push" to publish your local commits)
#
# Untracked files:
#   (use "git add <file>..." to include in what will be committed)
#
#	inbox/autoresearch-64/hbv_lite_64_prospective_seq62.slurm
#	inbox/gpucheck_ngu009.slurm
#	inbox/gpucheck_ngu101.slurm
#	payload/id29-nearing2022-da/closure_v12.tar.gz
#	payload/id29-nearing2022-da/closure_v13.tar.gz
#	payload/id29-nearing2022-da/gate_preflight_v1.tar.gz
#	runner.log
#	runner2.log
nothing added to commit but untracked files present (use "git add" to track)
[ERROR] push failed: a02/18 (result kept in staging, will retry push only)
[Sun Sep  6 09:16:10 CST 2026] --- retry push only: channel=a02 seq=18 ---
# On branch hpc-mailbox
# Your branch is ahead of 'origin/hpc-mailbox' by 1 commit.
#   (use "git push" to publish your local commits)
#
# Untracked files:
#   (use "git add <file>..." to include in what will be committed)
#
#	inbox/autoresearch-64/hbv_lite_64_prospective_seq62.slurm
#	inbox/gpucheck_ngu009.slurm
#	inbox/gpucheck_ngu101.slurm
#	payload/id29-nearing2022-da/closure_v12.tar.gz
#	payload/id29-nearing2022-da/closure_v13.tar.gz
#	payload/id29-nearing2022-da/gate_preflight_v1.tar.gz
#	runner.log
#	runner2.log
nothing added to commit but untracked files present (use "git add" to track)
[ERROR] push failed: a02/18 (result kept in staging, will retry push only)
[Sun Sep  6 09:17:53 CST 2026] --- retry push only: channel=a02 seq=18 ---
# On branch hpc-mailbox
# Your branch is ahead of 'origin/hpc-mailbox' by 1 commit.
#   (use "git push" to publish your local commits)
#
# Untracked files:
#   (use "git add <file>..." to include in what will be committed)
#
#	inbox/autoresearch-64/hbv_lite_64_prospective_seq62.slurm
#	inbox/gpucheck_ngu009.slurm
#	inbox/gpucheck_ngu101.slurm
#	payload/id29-nearing2022-da/closure_v12.tar.gz
#	payload/id29-nearing2022-da/closure_v13.tar.gz
#	payload/id29-nearing2022-da/gate_preflight_v1.tar.gz
#	runner.log
#	runner2.log
nothing added to commit but untracked files present (use "git add" to track)
[ERROR] push failed: a02/18 (result kept in staging, will retry push only)
[Sun Sep  6 09:19:34 CST 2026] --- retry push only: channel=a02 seq=18 ---
# On branch hpc-mailbox
# Your branch is ahead of 'origin/hpc-mailbox' by 1 commit.
#   (use "git push" to publish your local commits)
#
# Untracked files:
#   (use "git add <file>..." to include in what will be committed)
#
#	inbox/autoresearch-64/hbv_lite_64_prospective_seq62.slurm
#	inbox/gpucheck_ngu009.slurm
#	inbox/gpucheck_ngu101.slurm
#	payload/id29-nearing2022-da/closure_v12.tar.gz
#	payload/id29-nearing2022-da/closure_v13.tar.gz
#	payload/id29-nearing2022-da/gate_preflight_v1.tar.gz
#	runner.log
#	runner2.log
nothing added to commit but untracked files present (use "git add" to track)
[ERROR] push failed: a02/18 (result kept in staging, will retry push only)
[Sun Sep  6 09:21:16 CST 2026] --- retry push only: channel=a02 seq=18 ---
# On branch hpc-mailbox
# Your branch is ahead of 'origin/hpc-mailbox' by 1 commit.
#   (use "git push" to publish your local commits)
#
# Untracked files:
#   (use "git add <file>..." to include in what will be committed)
#
#	inbox/autoresearch-64/hbv_lite_64_prospective_seq62.slurm
#	inbox/gpucheck_ngu009.slurm
#	inbox/gpucheck_ngu101.slurm
#	payload/id29-nearing2022-da/closure_v12.tar.gz
#	payload/id29-nearing2022-da/closure_v13.tar.gz
#	payload/id29-nearing2022-da/gate_preflight_v1.tar.gz
#	runner.log
#	runner2.log
nothing added to commit but untracked files present (use "git add" to track)
[ERROR] push failed: a02/18 (result kept in staging, will retry push only)
[Sun Sep  6 09:23:00 CST 2026] --- retry push only: channel=a02 seq=18 ---
# On branch hpc-mailbox
# Your branch is ahead of 'origin/hpc-mailbox' by 1 commit.
#   (use "git push" to publish your local commits)
#
# Untracked files:
#   (use "git add <file>..." to include in what will be committed)
#
#	inbox/autoresearch-64/hbv_lite_64_prospective_seq62.slurm
#	inbox/gpucheck_ngu009.slurm
#	inbox/gpucheck_ngu101.slurm
#	payload/id29-nearing2022-da/closure_v12.tar.gz
#	payload/id29-nearing2022-da/closure_v13.tar.gz
#	payload/id29-nearing2022-da/gate_preflight_v1.tar.gz
#	runner.log
#	runner2.log
nothing added to commit but untracked files present (use "git add" to track)
[ERROR] push failed: a02/18 (result kept in staging, will retry push only)
[Sun Sep  6 09:24:43 CST 2026] --- retry push only: channel=a02 seq=18 ---
# On branch hpc-mailbox
# Your branch is ahead of 'origin/hpc-mailbox' by 1 commit.
#   (use "git push" to publish your local commits)
#
# Untracked files:
#   (use "git add <file>..." to include in what will be committed)
#
#	inbox/autoresearch-64/hbv_lite_64_prospective_seq62.slurm
#	inbox/gpucheck_ngu009.slurm
#	inbox/gpucheck_ngu101.slurm
#	payload/id29-nearing2022-da/closure_v12.tar.gz
#	payload/id29-nearing2022-da/closure_v13.tar.gz
#	payload/id29-nearing2022-da/gate_preflight_v1.tar.gz
#	runner.log
#	runner2.log
nothing added to commit but untracked files present (use "git add" to track)
[ERROR] push failed: a02/18 (result kept in staging, will retry push only)
[Sun Sep  6 09:26:25 CST 2026] --- retry push only: channel=a02 seq=18 ---
# On branch hpc-mailbox
# Your branch is ahead of 'origin/hpc-mailbox' by 1 commit.
#   (use "git push" to publish your local commits)
#
# Untracked files:
#   (use "git add <file>..." to include in what will be committed)
#
#	inbox/autoresearch-64/hbv_lite_64_prospective_seq62.slurm
#	inbox/gpucheck_ngu009.slurm
#	inbox/gpucheck_ngu101.slurm
#	payload/id29-nearing2022-da/closure_v12.tar.gz
#	payload/id29-nearing2022-da/closure_v13.tar.gz
#	payload/id29-nearing2022-da/gate_preflight_v1.tar.gz
#	runner.log
#	runner2.log
nothing added to commit but untracked files present (use "git add" to track)
[ERROR] push failed: a02/18 (result kept in staging, will retry push only)
[Sun Sep  6 09:28:07 CST 2026] --- retry push only: channel=a02 seq=18 ---
# On branch hpc-mailbox
# Your branch is ahead of 'origin/hpc-mailbox' by 1 commit.
#   (use "git push" to publish your local commits)
#
# Untracked files:
#   (use "git add <file>..." to include in what will be committed)
#
#	inbox/autoresearch-64/hbv_lite_64_prospective_seq62.slurm
#	inbox/gpucheck_ngu009.slurm
#	inbox/gpucheck_ngu101.slurm
#	payload/id29-nearing2022-da/closure_v12.tar.gz
#	payload/id29-nearing2022-da/closure_v13.tar.gz
#	payload/id29-nearing2022-da/gate_preflight_v1.tar.gz
#	runner.log
#	runner2.log
nothing added to commit but untracked files present (use "git add" to track)
[ERROR] push failed: a02/18 (result kept in staging, will retry push only)
[Sun Sep  6 09:29:49 CST 2026] --- retry push only: channel=a02 seq=18 ---
# On branch hpc-mailbox
# Your branch is ahead of 'origin/hpc-mailbox' by 1 commit.
#   (use "git push" to publish your local commits)
#
# Untracked files:
#   (use "git add <file>..." to include in what will be committed)
#
#	inbox/autoresearch-64/hbv_lite_64_prospective_seq62.slurm
#	inbox/gpucheck_ngu009.slurm
#	inbox/gpucheck_ngu101.slurm
#	payload/id29-nearing2022-da/closure_v12.tar.gz
#	payload/id29-nearing2022-da/closure_v13.tar.gz
#	payload/id29-nearing2022-da/gate_preflight_v1.tar.gz
#	runner.log
#	runner2.log
nothing added to commit but untracked files present (use "git add" to track)
[ERROR] push failed: a02/18 (result kept in staging, will retry push only)
[Sun Sep  6 09:31:31 CST 2026] --- retry push only: channel=a02 seq=18 ---
# On branch hpc-mailbox
# Your branch is ahead of 'origin/hpc-mailbox' by 1 commit.
#   (use "git push" to publish your local commits)
#
# Untracked files:
#   (use "git add <file>..." to include in what will be committed)
#
#	inbox/autoresearch-64/hbv_lite_64_prospective_seq62.slurm
#	inbox/gpucheck_ngu009.slurm
#	inbox/gpucheck_ngu101.slurm
#	payload/id29-nearing2022-da/closure_v12.tar.gz
#	payload/id29-nearing2022-da/closure_v13.tar.gz
#	payload/id29-nearing2022-da/gate_preflight_v1.tar.gz
#	runner.log
#	runner2.log
nothing added to commit but untracked files present (use "git add" to track)
[ERROR] push failed: a02/18 (result kept in staging, will retry push only)
[Sun Sep  6 09:33:12 CST 2026] --- retry push only: channel=a02 seq=18 ---
# On branch hpc-mailbox
# Your branch is ahead of 'origin/hpc-mailbox' by 1 commit.
#   (use "git push" to publish your local commits)
#
# Untracked files:
#   (use "git add <file>..." to include in what will be committed)
#
#	inbox/autoresearch-64/hbv_lite_64_prospective_seq62.slurm
#	inbox/gpucheck_ngu009.slurm
#	inbox/gpucheck_ngu101.slurm
#	payload/id29-nearing2022-da/closure_v12.tar.gz
#	payload/id29-nearing2022-da/closure_v13.tar.gz
#	payload/id29-nearing2022-da/gate_preflight_v1.tar.gz
#	runner.log
#	runner2.log
nothing added to commit but untracked files present (use "git add" to track)
[ERROR] push failed: a02/18 (result kept in staging, will retry push only)
[Sun Sep  6 09:34:54 CST 2026] --- retry push only: channel=a02 seq=18 ---
# On branch hpc-mailbox
# Your branch is ahead of 'origin/hpc-mailbox' by 1 commit.
#   (use "git push" to publish your local commits)
#
# Untracked files:
#   (use "git add <file>..." to include in what will be committed)
#
#	inbox/autoresearch-64/hbv_lite_64_prospective_seq62.slurm
#	inbox/gpucheck_ngu009.slurm
#	inbox/gpucheck_ngu101.slurm
#	payload/id29-nearing2022-da/closure_v12.tar.gz
#	payload/id29-nearing2022-da/closure_v13.tar.gz
#	payload/id29-nearing2022-da/gate_preflight_v1.tar.gz
#	runner.log
#	runner2.log
nothing added to commit but untracked files present (use "git add" to track)
[ERROR] push failed: a02/18 (result kept in staging, will retry push only)
[Sun Sep  6 09:36:35 CST 2026] --- retry push only: channel=a02 seq=18 ---
# On branch hpc-mailbox
# Your branch is ahead of 'origin/hpc-mailbox' by 1 commit.
#   (use "git push" to publish your local commits)
#
# Untracked files:
#   (use "git add <file>..." to include in what will be committed)
#
#	inbox/autoresearch-64/hbv_lite_64_prospective_seq62.slurm
#	inbox/gpucheck_ngu009.slurm
#	inbox/gpucheck_ngu101.slurm
#	payload/id29-nearing2022-da/closure_v12.tar.gz
#	payload/id29-nearing2022-da/closure_v13.tar.gz
#	payload/id29-nearing2022-da/gate_preflight_v1.tar.gz
#	runner.log
#	runner2.log
nothing added to commit but untracked files present (use "git add" to track)
[ERROR] push failed: a02/18 (result kept in staging, will retry push only)
[Sun Sep  6 09:38:18 CST 2026] --- retry push only: channel=a02 seq=18 ---
# On branch hpc-mailbox
# Your branch is ahead of 'origin/hpc-mailbox' by 1 commit.
#   (use "git push" to publish your local commits)
#
# Untracked files:
#   (use "git add <file>..." to include in what will be committed)
#
#	inbox/autoresearch-64/hbv_lite_64_prospective_seq62.slurm
#	inbox/gpucheck_ngu009.slurm
#	inbox/gpucheck_ngu101.slurm
#	payload/id29-nearing2022-da/closure_v12.tar.gz
#	payload/id29-nearing2022-da/closure_v13.tar.gz
#	payload/id29-nearing2022-da/gate_preflight_v1.tar.gz
#	runner.log
#	runner2.log
nothing added to commit but untracked files present (use "git add" to track)
[ERROR] push failed: a02/18 (result kept in staging, will retry push only)
[Sun Sep  6 09:40:00 CST 2026] --- retry push only: channel=a02 seq=18 ---
# On branch hpc-mailbox
# Your branch is ahead of 'origin/hpc-mailbox' by 1 commit.
#   (use "git push" to publish your local commits)
#
# Untracked files:
#   (use "git add <file>..." to include in what will be committed)
#
#	inbox/autoresearch-64/hbv_lite_64_prospective_seq62.slurm
#	inbox/gpucheck_ngu009.slurm
#	inbox/gpucheck_ngu101.slurm
#	payload/id29-nearing2022-da/closure_v12.tar.gz
#	payload/id29-nearing2022-da/closure_v13.tar.gz
#	payload/id29-nearing2022-da/gate_preflight_v1.tar.gz
#	runner.log
#	runner2.log
nothing added to commit but untracked files present (use "git add" to track)
[ERROR] push failed: a02/18 (result kept in staging, will retry push only)
[Sun Sep  6 09:41:42 CST 2026] --- retry push only: channel=a02 seq=18 ---
# On branch hpc-mailbox
# Your branch is ahead of 'origin/hpc-mailbox' by 1 commit.
#   (use "git push" to publish your local commits)
#
# Untracked files:
#   (use "git add <file>..." to include in what will be committed)
#
#	inbox/autoresearch-64/hbv_lite_64_prospective_seq62.slurm
#	inbox/gpucheck_ngu009.slurm
#	inbox/gpucheck_ngu101.slurm
#	payload/id29-nearing2022-da/closure_v12.tar.gz
#	payload/id29-nearing2022-da/closure_v13.tar.gz
#	payload/id29-nearing2022-da/gate_preflight_v1.tar.gz
#	runner.log
#	runner2.log
nothing added to commit but untracked files present (use "git add" to track)
[ERROR] push failed: a02/18 (result kept in staging, will retry push only)
[Sun Sep  6 09:43:24 CST 2026] --- retry push only: channel=a02 seq=18 ---
# On branch hpc-mailbox
# Your branch is ahead of 'origin/hpc-mailbox' by 1 commit.
#   (use "git push" to publish your local commits)
#
# Untracked files:
#   (use "git add <file>..." to include in what will be committed)
#
#	inbox/autoresearch-64/hbv_lite_64_prospective_seq62.slurm
#	inbox/gpucheck_ngu009.slurm
#	inbox/gpucheck_ngu101.slurm
#	payload/id29-nearing2022-da/closure_v12.tar.gz
#	payload/id29-nearing2022-da/closure_v13.tar.gz
#	payload/id29-nearing2022-da/gate_preflight_v1.tar.gz
#	runner.log
#	runner2.log
nothing added to commit but untracked files present (use "git add" to track)
[ERROR] push failed: a02/18 (result kept in staging, will retry push only)
[Sun Sep  6 09:45:06 CST 2026] --- retry push only: channel=a02 seq=18 ---
# On branch hpc-mailbox
# Your branch is ahead of 'origin/hpc-mailbox' by 1 commit.
#   (use "git push" to publish your local commits)
#
# Untracked files:
#   (use "git add <file>..." to include in what will be committed)
#
#	inbox/autoresearch-64/hbv_lite_64_prospective_seq62.slurm
#	inbox/gpucheck_ngu009.slurm
#	inbox/gpucheck_ngu101.slurm
#	payload/id29-nearing2022-da/closure_v12.tar.gz
#	payload/id29-nearing2022-da/closure_v13.tar.gz
#	payload/id29-nearing2022-da/gate_preflight_v1.tar.gz
#	runner.log
#	runner2.log
nothing added to commit but untracked files present (use "git add" to track)
[ERROR] push failed: a02/18 (result kept in staging, will retry push only)
[Sun Sep  6 09:46:51 CST 2026] --- retry push only: channel=a02 seq=18 ---
# On branch hpc-mailbox
# Your branch is ahead of 'origin/hpc-mailbox' by 1 commit.
#   (use "git push" to publish your local commits)
#
# Untracked files:
#   (use "git add <file>..." to include in what will be committed)
#
#	inbox/autoresearch-64/hbv_lite_64_prospective_seq62.slurm
#	inbox/gpucheck_ngu009.slurm
#	inbox/gpucheck_ngu101.slurm
#	payload/id29-nearing2022-da/closure_v12.tar.gz
#	payload/id29-nearing2022-da/closure_v13.tar.gz
#	payload/id29-nearing2022-da/gate_preflight_v1.tar.gz
#	runner.log
#	runner2.log
nothing added to commit but untracked files present (use "git add" to track)
[ERROR] push failed: a02/18 (result kept in staging, will retry push only)
[Sun Sep  6 09:48:34 CST 2026] --- retry push only: channel=a02 seq=18 ---
# On branch hpc-mailbox
# Your branch is ahead of 'origin/hpc-mailbox' by 1 commit.
#   (use "git push" to publish your local commits)
#
# Untracked files:
#   (use "git add <file>..." to include in what will be committed)
#
#	inbox/autoresearch-64/hbv_lite_64_prospective_seq62.slurm
#	inbox/gpucheck_ngu009.slurm
#	inbox/gpucheck_ngu101.slurm
#	payload/id29-nearing2022-da/closure_v12.tar.gz
#	payload/id29-nearing2022-da/closure_v13.tar.gz
#	payload/id29-nearing2022-da/gate_preflight_v1.tar.gz
#	runner.log
#	runner2.log
nothing added to commit but untracked files present (use "git add" to track)
[ERROR] push failed: a02/18 (result kept in staging, will retry push only)
[Sun Sep  6 09:50:15 CST 2026] --- retry push only: channel=a02 seq=18 ---
# On branch hpc-mailbox
# Your branch is ahead of 'origin/hpc-mailbox' by 1 commit.
#   (use "git push" to publish your local commits)
#
# Untracked files:
#   (use "git add <file>..." to include in what will be committed)
#
#	inbox/autoresearch-64/hbv_lite_64_prospective_seq62.slurm
#	inbox/gpucheck_ngu009.slurm
#	inbox/gpucheck_ngu101.slurm
#	payload/id29-nearing2022-da/closure_v12.tar.gz
#	payload/id29-nearing2022-da/closure_v13.tar.gz
#	payload/id29-nearing2022-da/gate_preflight_v1.tar.gz
#	runner.log
#	runner2.log
nothing added to commit but untracked files present (use "git add" to track)
[ERROR] push failed: a02/18 (result kept in staging, will retry push only)
[Sun Sep  6 09:51:57 CST 2026] --- retry push only: channel=a02 seq=18 ---
# On branch hpc-mailbox
# Your branch is ahead of 'origin/hpc-mailbox' by 1 commit.
#   (use "git push" to publish your local commits)
#
# Untracked files:
#   (use "git add <file>..." to include in what will be committed)
#
#	inbox/autoresearch-64/hbv_lite_64_prospective_seq62.slurm
#	inbox/gpucheck_ngu009.slurm
#	inbox/gpucheck_ngu101.slurm
#	payload/id29-nearing2022-da/closure_v12.tar.gz
#	payload/id29-nearing2022-da/closure_v13.tar.gz
#	payload/id29-nearing2022-da/gate_preflight_v1.tar.gz
#	runner.log
#	runner2.log
nothing added to commit but untracked files present (use "git add" to track)
[ERROR] push failed: a02/18 (result kept in staging, will retry push only)
[Sun Sep  6 09:53:39 CST 2026] --- retry push only: channel=a02 seq=18 ---
# On branch hpc-mailbox
# Your branch is ahead of 'origin/hpc-mailbox' by 1 commit.
#   (use "git push" to publish your local commits)
#
# Untracked files:
#   (use "git add <file>..." to include in what will be committed)
#
#	inbox/autoresearch-64/hbv_lite_64_prospective_seq62.slurm
#	inbox/gpucheck_ngu009.slurm
#	inbox/gpucheck_ngu101.slurm
#	payload/id29-nearing2022-da/closure_v12.tar.gz
#	payload/id29-nearing2022-da/closure_v13.tar.gz
#	payload/id29-nearing2022-da/gate_preflight_v1.tar.gz
#	runner.log
#	runner2.log
nothing added to commit but untracked files present (use "git add" to track)
[ERROR] push failed: a02/18 (result kept in staging, will retry push only)
[Sun Sep  6 09:55:21 CST 2026] --- retry push only: channel=a02 seq=18 ---
# On branch hpc-mailbox
# Your branch is ahead of 'origin/hpc-mailbox' by 1 commit.
#   (use "git push" to publish your local commits)
#
# Untracked files:
#   (use "git add <file>..." to include in what will be committed)
#
#	inbox/autoresearch-64/hbv_lite_64_prospective_seq62.slurm
#	inbox/gpucheck_ngu009.slurm
#	inbox/gpucheck_ngu101.slurm
#	payload/id29-nearing2022-da/closure_v12.tar.gz
#	payload/id29-nearing2022-da/closure_v13.tar.gz
#	payload/id29-nearing2022-da/gate_preflight_v1.tar.gz
#	runner.log
#	runner2.log
nothing added to commit but untracked files present (use "git add" to track)
[ERROR] push failed: a02/18 (result kept in staging, will retry push only)
[Sun Sep  6 09:57:03 CST 2026] --- retry push only: channel=a02 seq=18 ---
# On branch hpc-mailbox
# Your branch is ahead of 'origin/hpc-mailbox' by 1 commit.
#   (use "git push" to publish your local commits)
#
# Untracked files:
#   (use "git add <file>..." to include in what will be committed)
#
#	inbox/autoresearch-64/hbv_lite_64_prospective_seq62.slurm
#	inbox/gpucheck_ngu009.slurm
#	inbox/gpucheck_ngu101.slurm
#	payload/id29-nearing2022-da/closure_v12.tar.gz
#	payload/id29-nearing2022-da/closure_v13.tar.gz
#	payload/id29-nearing2022-da/gate_preflight_v1.tar.gz
#	runner.log
#	runner2.log
nothing added to commit but untracked files present (use "git add" to track)
[ERROR] push failed: a02/18 (result kept in staging, will retry push only)
[Sun Sep  6 09:58:45 CST 2026] --- retry push only: channel=a02 seq=18 ---
# On branch hpc-mailbox
# Your branch is ahead of 'origin/hpc-mailbox' by 1 commit.
#   (use "git push" to publish your local commits)
#
# Untracked files:
#   (use "git add <file>..." to include in what will be committed)
#
#	inbox/autoresearch-64/hbv_lite_64_prospective_seq62.slurm
#	inbox/gpucheck_ngu009.slurm
#	inbox/gpucheck_ngu101.slurm
#	payload/id29-nearing2022-da/closure_v12.tar.gz
#	payload/id29-nearing2022-da/closure_v13.tar.gz
#	payload/id29-nearing2022-da/gate_preflight_v1.tar.gz
#	runner.log
#	runner2.log
nothing added to commit but untracked files present (use "git add" to track)
[ERROR] push failed: a02/18 (result kept in staging, will retry push only)
[Sun Sep  6 10:00:26 CST 2026] --- retry push only: channel=a02 seq=18 ---
# On branch hpc-mailbox
# Your branch is ahead of 'origin/hpc-mailbox' by 1 commit.
#   (use "git push" to publish your local commits)
#
# Untracked files:
#   (use "git add <file>..." to include in what will be committed)
#
#	inbox/autoresearch-64/hbv_lite_64_prospective_seq62.slurm
#	inbox/gpucheck_ngu009.slurm
#	inbox/gpucheck_ngu101.slurm
#	payload/id29-nearing2022-da/closure_v12.tar.gz
#	payload/id29-nearing2022-da/closure_v13.tar.gz
#	payload/id29-nearing2022-da/gate_preflight_v1.tar.gz
#	runner.log
#	runner2.log
nothing added to commit but untracked files present (use "git add" to track)
[ERROR] push failed: a02/18 (result kept in staging, will retry push only)
[Sun Sep  6 10:02:07 CST 2026] --- retry push only: channel=a02 seq=18 ---
# On branch hpc-mailbox
# Your branch is ahead of 'origin/hpc-mailbox' by 1 commit.
#   (use "git push" to publish your local commits)
#
# Untracked files:
#   (use "git add <file>..." to include in what will be committed)
#
#	inbox/autoresearch-64/hbv_lite_64_prospective_seq62.slurm
#	inbox/gpucheck_ngu009.slurm
#	inbox/gpucheck_ngu101.slurm
#	payload/id29-nearing2022-da/closure_v12.tar.gz
#	payload/id29-nearing2022-da/closure_v13.tar.gz
#	payload/id29-nearing2022-da/gate_preflight_v1.tar.gz
#	runner.log
#	runner2.log
nothing added to commit but untracked files present (use "git add" to track)
[ERROR] push failed: a02/18 (result kept in staging, will retry push only)
[Sun Sep  6 10:03:49 CST 2026] --- retry push only: channel=a02 seq=18 ---
# On branch hpc-mailbox
# Your branch is ahead of 'origin/hpc-mailbox' by 1 commit.
#   (use "git push" to publish your local commits)
#
# Untracked files:
#   (use "git add <file>..." to include in what will be committed)
#
#	inbox/autoresearch-64/hbv_lite_64_prospective_seq62.slurm
#	inbox/gpucheck_ngu009.slurm
#	inbox/gpucheck_ngu101.slurm
#	payload/id29-nearing2022-da/closure_v12.tar.gz
#	payload/id29-nearing2022-da/closure_v13.tar.gz
#	payload/id29-nearing2022-da/gate_preflight_v1.tar.gz
#	runner.log
#	runner2.log
nothing added to commit but untracked files present (use "git add" to track)
[ERROR] push failed: a02/18 (result kept in staging, will retry push only)
[Sun Sep  6 10:05:30 CST 2026] --- retry push only: channel=a02 seq=18 ---
# On branch hpc-mailbox
# Your branch is ahead of 'origin/hpc-mailbox' by 1 commit.
#   (use "git push" to publish your local commits)
#
# Untracked files:
#   (use "git add <file>..." to include in what will be committed)
#
#	inbox/autoresearch-64/hbv_lite_64_prospective_seq62.slurm
#	inbox/gpucheck_ngu009.slurm
#	inbox/gpucheck_ngu101.slurm
#	payload/id29-nearing2022-da/closure_v12.tar.gz
#	payload/id29-nearing2022-da/closure_v13.tar.gz
#	payload/id29-nearing2022-da/gate_preflight_v1.tar.gz
#	runner.log
#	runner2.log
nothing added to commit but untracked files present (use "git add" to track)
[ERROR] push failed: a02/18 (result kept in staging, will retry push only)
[Sun Sep  6 10:07:12 CST 2026] --- retry push only: channel=a02 seq=18 ---
# On branch hpc-mailbox
# Your branch is ahead of 'origin/hpc-mailbox' by 1 commit.
#   (use "git push" to publish your local commits)
#
# Untracked files:
#   (use "git add <file>..." to include in what will be committed)
#
#	inbox/autoresearch-64/hbv_lite_64_prospective_seq62.slurm
#	inbox/gpucheck_ngu009.slurm
#	inbox/gpucheck_ngu101.slurm
#	payload/id29-nearing2022-da/closure_v12.tar.gz
#	payload/id29-nearing2022-da/closure_v13.tar.gz
#	payload/id29-nearing2022-da/gate_preflight_v1.tar.gz
#	runner.log
#	runner2.log
nothing added to commit but untracked files present (use "git add" to track)
[ERROR] push failed: a02/18 (result kept in staging, will retry push only)
[Sun Sep  6 10:08:54 CST 2026] --- retry push only: channel=a02 seq=18 ---
# On branch hpc-mailbox
# Your branch is ahead of 'origin/hpc-mailbox' by 1 commit.
#   (use "git push" to publish your local commits)
#
# Untracked files:
#   (use "git add <file>..." to include in what will be committed)
#
#	inbox/autoresearch-64/hbv_lite_64_prospective_seq62.slurm
#	inbox/gpucheck_ngu009.slurm
#	inbox/gpucheck_ngu101.slurm
#	payload/id29-nearing2022-da/closure_v12.tar.gz
#	payload/id29-nearing2022-da/closure_v13.tar.gz
#	payload/id29-nearing2022-da/gate_preflight_v1.tar.gz
#	runner.log
#	runner2.log
nothing added to commit but untracked files present (use "git add" to track)
[ERROR] push failed: a02/18 (result kept in staging, will retry push only)
[Sun Sep  6 10:10:35 CST 2026] --- retry push only: channel=a02 seq=18 ---
# On branch hpc-mailbox
# Your branch is ahead of 'origin/hpc-mailbox' by 1 commit.
#   (use "git push" to publish your local commits)
#
# Untracked files:
#   (use "git add <file>..." to include in what will be committed)
#
#	inbox/autoresearch-64/hbv_lite_64_prospective_seq62.slurm
#	inbox/gpucheck_ngu009.slurm
#	inbox/gpucheck_ngu101.slurm
#	payload/id29-nearing2022-da/closure_v12.tar.gz
#	payload/id29-nearing2022-da/closure_v13.tar.gz
#	payload/id29-nearing2022-da/gate_preflight_v1.tar.gz
#	runner.log
#	runner2.log
nothing added to commit but untracked files present (use "git add" to track)
[ERROR] push failed: a02/18 (result kept in staging, will retry push only)
[Sun Sep  6 10:12:17 CST 2026] --- retry push only: channel=a02 seq=18 ---
# On branch hpc-mailbox
# Your branch is ahead of 'origin/hpc-mailbox' by 1 commit.
#   (use "git push" to publish your local commits)
#
# Untracked files:
#   (use "git add <file>..." to include in what will be committed)
#
#	inbox/autoresearch-64/hbv_lite_64_prospective_seq62.slurm
#	inbox/gpucheck_ngu009.slurm
#	inbox/gpucheck_ngu101.slurm
#	payload/id29-nearing2022-da/closure_v12.tar.gz
#	payload/id29-nearing2022-da/closure_v13.tar.gz
#	payload/id29-nearing2022-da/gate_preflight_v1.tar.gz
#	runner.log
#	runner2.log
nothing added to commit but untracked files present (use "git add" to track)
[ERROR] push failed: a02/18 (result kept in staging, will retry push only)
[Sun Sep  6 10:13:59 CST 2026] --- retry push only: channel=a02 seq=18 ---
# On branch hpc-mailbox
# Your branch is ahead of 'origin/hpc-mailbox' by 1 commit.
#   (use "git push" to publish your local commits)
#
# Untracked files:
#   (use "git add <file>..." to include in what will be committed)
#
#	inbox/autoresearch-64/hbv_lite_64_prospective_seq62.slurm
#	inbox/gpucheck_ngu009.slurm
#	inbox/gpucheck_ngu101.slurm
#	payload/id29-nearing2022-da/closure_v12.tar.gz
#	payload/id29-nearing2022-da/closure_v13.tar.gz
#	payload/id29-nearing2022-da/gate_preflight_v1.tar.gz
#	runner.log
#	runner2.log
nothing added to commit but untracked files present (use "git add" to track)
[ERROR] push failed: a02/18 (result kept in staging, will retry push only)
[Sun Sep  6 10:15:40 CST 2026] --- retry push only: channel=a02 seq=18 ---
# On branch hpc-mailbox
# Your branch is ahead of 'origin/hpc-mailbox' by 1 commit.
#   (use "git push" to publish your local commits)
#
# Untracked files:
#   (use "git add <file>..." to include in what will be committed)
#
#	inbox/autoresearch-64/hbv_lite_64_prospective_seq62.slurm
#	inbox/gpucheck_ngu009.slurm
#	inbox/gpucheck_ngu101.slurm
#	payload/id29-nearing2022-da/closure_v12.tar.gz
#	payload/id29-nearing2022-da/closure_v13.tar.gz
#	payload/id29-nearing2022-da/gate_preflight_v1.tar.gz
#	runner.log
#	runner2.log
nothing added to commit but untracked files present (use "git add" to track)
[ERROR] push failed: a02/18 (result kept in staging, will retry push only)
[Sun Sep  6 10:17:22 CST 2026] --- retry push only: channel=a02 seq=18 ---
# On branch hpc-mailbox
# Your branch is ahead of 'origin/hpc-mailbox' by 1 commit.
#   (use "git push" to publish your local commits)
#
# Untracked files:
#   (use "git add <file>..." to include in what will be committed)
#
#	inbox/autoresearch-64/hbv_lite_64_prospective_seq62.slurm
#	inbox/gpucheck_ngu009.slurm
#	inbox/gpucheck_ngu101.slurm
#	payload/id29-nearing2022-da/closure_v12.tar.gz
#	payload/id29-nearing2022-da/closure_v13.tar.gz
#	payload/id29-nearing2022-da/gate_preflight_v1.tar.gz
#	runner.log
#	runner2.log
nothing added to commit but untracked files present (use "git add" to track)
[ERROR] push failed: a02/18 (result kept in staging, will retry push only)
[Sun Sep  6 10:19:04 CST 2026] --- retry push only: channel=a02 seq=18 ---
# On branch hpc-mailbox
# Your branch is ahead of 'origin/hpc-mailbox' by 1 commit.
#   (use "git push" to publish your local commits)
#
# Untracked files:
#   (use "git add <file>..." to include in what will be committed)
#
#	inbox/autoresearch-64/hbv_lite_64_prospective_seq62.slurm
#	inbox/gpucheck_ngu009.slurm
#	inbox/gpucheck_ngu101.slurm
#	payload/id29-nearing2022-da/closure_v12.tar.gz
#	payload/id29-nearing2022-da/closure_v13.tar.gz
#	payload/id29-nearing2022-da/gate_preflight_v1.tar.gz
#	runner.log
#	runner2.log
nothing added to commit but untracked files present (use "git add" to track)
[ERROR] push failed: a02/18 (result kept in staging, will retry push only)
[Sun Sep  6 10:20:46 CST 2026] --- retry push only: channel=a02 seq=18 ---
# On branch hpc-mailbox
# Your branch is ahead of 'origin/hpc-mailbox' by 1 commit.
#   (use "git push" to publish your local commits)
#
# Untracked files:
#   (use "git add <file>..." to include in what will be committed)
#
#	inbox/autoresearch-64/hbv_lite_64_prospective_seq62.slurm
#	inbox/gpucheck_ngu009.slurm
#	inbox/gpucheck_ngu101.slurm
#	payload/id29-nearing2022-da/closure_v12.tar.gz
#	payload/id29-nearing2022-da/closure_v13.tar.gz
#	payload/id29-nearing2022-da/gate_preflight_v1.tar.gz
#	runner.log
#	runner2.log
nothing added to commit but untracked files present (use "git add" to track)
[ERROR] push failed: a02/18 (result kept in staging, will retry push only)
[Sun Sep  6 10:22:29 CST 2026] --- retry push only: channel=a02 seq=18 ---
# On branch hpc-mailbox
# Your branch is ahead of 'origin/hpc-mailbox' by 1 commit.
#   (use "git push" to publish your local commits)
#
# Untracked files:
#   (use "git add <file>..." to include in what will be committed)
#
#	inbox/autoresearch-64/hbv_lite_64_prospective_seq62.slurm
#	inbox/gpucheck_ngu009.slurm
#	inbox/gpucheck_ngu101.slurm
#	payload/id29-nearing2022-da/closure_v12.tar.gz
#	payload/id29-nearing2022-da/closure_v13.tar.gz
#	payload/id29-nearing2022-da/gate_preflight_v1.tar.gz
#	runner.log
#	runner2.log
nothing added to commit but untracked files present (use "git add" to track)
[ERROR] push failed: a02/18 (result kept in staging, will retry push only)
[Sun Sep  6 10:24:10 CST 2026] --- retry push only: channel=a02 seq=18 ---
# On branch hpc-mailbox
# Your branch is ahead of 'origin/hpc-mailbox' by 1 commit.
#   (use "git push" to publish your local commits)
#
# Untracked files:
#   (use "git add <file>..." to include in what will be committed)
#
#	inbox/autoresearch-64/hbv_lite_64_prospective_seq62.slurm
#	inbox/gpucheck_ngu009.slurm
#	inbox/gpucheck_ngu101.slurm
#	payload/id29-nearing2022-da/closure_v12.tar.gz
#	payload/id29-nearing2022-da/closure_v13.tar.gz
#	payload/id29-nearing2022-da/gate_preflight_v1.tar.gz
#	runner.log
#	runner2.log
nothing added to commit but untracked files present (use "git add" to track)
[ERROR] push failed: a02/18 (result kept in staging, will retry push only)
[Sun Sep  6 10:25:53 CST 2026] --- retry push only: channel=a02 seq=18 ---
# On branch hpc-mailbox
# Your branch is ahead of 'origin/hpc-mailbox' by 1 commit.
#   (use "git push" to publish your local commits)
#
# Untracked files:
#   (use "git add <file>..." to include in what will be committed)
#
#	inbox/autoresearch-64/hbv_lite_64_prospective_seq62.slurm
#	inbox/gpucheck_ngu009.slurm
#	inbox/gpucheck_ngu101.slurm
#	payload/id29-nearing2022-da/closure_v12.tar.gz
#	payload/id29-nearing2022-da/closure_v13.tar.gz
#	payload/id29-nearing2022-da/gate_preflight_v1.tar.gz
#	runner.log
#	runner2.log
nothing added to commit but untracked files present (use "git add" to track)
[ERROR] push failed: a02/18 (result kept in staging, will retry push only)
[Sun Sep  6 10:27:37 CST 2026] --- retry push only: channel=a02 seq=18 ---
# On branch hpc-mailbox
# Your branch is ahead of 'origin/hpc-mailbox' by 1 commit.
#   (use "git push" to publish your local commits)
#
# Untracked files:
#   (use "git add <file>..." to include in what will be committed)
#
#	inbox/autoresearch-64/hbv_lite_64_prospective_seq62.slurm
#	inbox/gpucheck_ngu009.slurm
#	inbox/gpucheck_ngu101.slurm
#	payload/id29-nearing2022-da/closure_v12.tar.gz
#	payload/id29-nearing2022-da/closure_v13.tar.gz
#	payload/id29-nearing2022-da/gate_preflight_v1.tar.gz
#	runner.log
#	runner2.log
nothing added to commit but untracked files present (use "git add" to track)
[ERROR] push failed: a02/18 (result kept in staging, will retry push only)
[Sun Sep  6 10:29:18 CST 2026] --- retry push only: channel=a02 seq=18 ---
# On branch hpc-mailbox
# Your branch is ahead of 'origin/hpc-mailbox' by 1 commit.
#   (use "git push" to publish your local commits)
#
# Untracked files:
#   (use "git add <file>..." to include in what will be committed)
#
#	inbox/autoresearch-64/hbv_lite_64_prospective_seq62.slurm
#	inbox/gpucheck_ngu009.slurm
#	inbox/gpucheck_ngu101.slurm
#	payload/id29-nearing2022-da/closure_v12.tar.gz
#	payload/id29-nearing2022-da/closure_v13.tar.gz
#	payload/id29-nearing2022-da/gate_preflight_v1.tar.gz
#	runner.log
#	runner2.log
nothing added to commit but untracked files present (use "git add" to track)
[ERROR] push failed: a02/18 (result kept in staging, will retry push only)
[Sun Sep  6 10:31:00 CST 2026] --- retry push only: channel=a02 seq=18 ---
# On branch hpc-mailbox
# Your branch is ahead of 'origin/hpc-mailbox' by 1 commit.
#   (use "git push" to publish your local commits)
#
# Untracked files:
#   (use "git add <file>..." to include in what will be committed)
#
#	inbox/autoresearch-64/hbv_lite_64_prospective_seq62.slurm
#	inbox/gpucheck_ngu009.slurm
#	inbox/gpucheck_ngu101.slurm
#	payload/id29-nearing2022-da/closure_v12.tar.gz
#	payload/id29-nearing2022-da/closure_v13.tar.gz
#	payload/id29-nearing2022-da/gate_preflight_v1.tar.gz
#	runner.log
#	runner2.log
nothing added to commit but untracked files present (use "git add" to track)
[ERROR] push failed: a02/18 (result kept in staging, will retry push only)
[Sun Sep  6 10:32:42 CST 2026] --- retry push only: channel=a02 seq=18 ---
# On branch hpc-mailbox
# Your branch is ahead of 'origin/hpc-mailbox' by 1 commit.
#   (use "git push" to publish your local commits)
#
# Untracked files:
#   (use "git add <file>..." to include in what will be committed)
#
#	inbox/autoresearch-64/hbv_lite_64_prospective_seq62.slurm
#	inbox/gpucheck_ngu009.slurm
#	inbox/gpucheck_ngu101.slurm
#	payload/id29-nearing2022-da/closure_v12.tar.gz
#	payload/id29-nearing2022-da/closure_v13.tar.gz
#	payload/id29-nearing2022-da/gate_preflight_v1.tar.gz
#	runner.log
#	runner2.log
nothing added to commit but untracked files present (use "git add" to track)
[ERROR] push failed: a02/18 (result kept in staging, will retry push only)
[Sun Sep  6 10:34:23 CST 2026] --- retry push only: channel=a02 seq=18 ---
# On branch hpc-mailbox
# Your branch is ahead of 'origin/hpc-mailbox' by 1 commit.
#   (use "git push" to publish your local commits)
#
# Untracked files:
#   (use "git add <file>..." to include in what will be committed)
#
#	inbox/autoresearch-64/hbv_lite_64_prospective_seq62.slurm
#	inbox/gpucheck_ngu009.slurm
#	inbox/gpucheck_ngu101.slurm
#	payload/id29-nearing2022-da/closure_v12.tar.gz
#	payload/id29-nearing2022-da/closure_v13.tar.gz
#	payload/id29-nearing2022-da/gate_preflight_v1.tar.gz
#	runner.log
#	runner2.log
nothing added to commit but untracked files present (use "git add" to track)
[ERROR] push failed: a02/18 (result kept in staging, will retry push only)
[Sun Sep  6 10:36:05 CST 2026] --- retry push only: channel=a02 seq=18 ---
# On branch hpc-mailbox
# Your branch is ahead of 'origin/hpc-mailbox' by 1 commit.
#   (use "git push" to publish your local commits)
#
# Untracked files:
#   (use "git add <file>..." to include in what will be committed)
#
#	inbox/autoresearch-64/hbv_lite_64_prospective_seq62.slurm
#	inbox/gpucheck_ngu009.slurm
#	inbox/gpucheck_ngu101.slurm
#	payload/id29-nearing2022-da/closure_v12.tar.gz
#	payload/id29-nearing2022-da/closure_v13.tar.gz
#	payload/id29-nearing2022-da/gate_preflight_v1.tar.gz
#	runner.log
#	runner2.log
nothing added to commit but untracked files present (use "git add" to track)
[ERROR] push failed: a02/18 (result kept in staging, will retry push only)
[Sun Sep  6 10:37:48 CST 2026] --- retry push only: channel=a02 seq=18 ---
# On branch hpc-mailbox
# Your branch is ahead of 'origin/hpc-mailbox' by 1 commit.
#   (use "git push" to publish your local commits)
#
# Untracked files:
#   (use "git add <file>..." to include in what will be committed)
#
#	inbox/autoresearch-64/hbv_lite_64_prospective_seq62.slurm
#	inbox/gpucheck_ngu009.slurm
#	inbox/gpucheck_ngu101.slurm
#	payload/id29-nearing2022-da/closure_v12.tar.gz
#	payload/id29-nearing2022-da/closure_v13.tar.gz
#	payload/id29-nearing2022-da/gate_preflight_v1.tar.gz
#	runner.log
#	runner2.log
nothing added to commit but untracked files present (use "git add" to track)
[ERROR] push failed: a02/18 (result kept in staging, will retry push only)
[Sun Sep  6 10:40:04 CST 2026] --- retry push only: channel=a02 seq=18 ---
# On branch hpc-mailbox
# Your branch is ahead of 'origin/hpc-mailbox' by 1 commit.
#   (use "git push" to publish your local commits)
#
# Untracked files:
#   (use "git add <file>..." to include in what will be committed)
#
#	inbox/autoresearch-64/hbv_lite_64_prospective_seq62.slurm
#	inbox/gpucheck_ngu009.slurm
#	inbox/gpucheck_ngu101.slurm
#	payload/id29-nearing2022-da/closure_v12.tar.gz
#	payload/id29-nearing2022-da/closure_v13.tar.gz
#	payload/id29-nearing2022-da/gate_preflight_v1.tar.gz
#	runner.log
#	runner2.log
nothing added to commit but untracked files present (use "git add" to track)
[ERROR] push failed: a02/18 (result kept in staging, will retry push only)
[Sun Sep  6 10:41:45 CST 2026] --- retry push only: channel=a02 seq=18 ---
# On branch hpc-mailbox
# Your branch is ahead of 'origin/hpc-mailbox' by 1 commit.
#   (use "git push" to publish your local commits)
#
# Untracked files:
#   (use "git add <file>..." to include in what will be committed)
#
#	inbox/autoresearch-64/hbv_lite_64_prospective_seq62.slurm
#	inbox/gpucheck_ngu009.slurm
#	inbox/gpucheck_ngu101.slurm
#	payload/id29-nearing2022-da/closure_v12.tar.gz
#	payload/id29-nearing2022-da/closure_v13.tar.gz
#	payload/id29-nearing2022-da/gate_preflight_v1.tar.gz
#	runner.log
#	runner2.log
nothing added to commit but untracked files present (use "git add" to track)
[ERROR] push failed: a02/18 (result kept in staging, will retry push only)
[Sun Sep  6 10:43:27 CST 2026] --- retry push only: channel=a02 seq=18 ---
# On branch hpc-mailbox
# Your branch is ahead of 'origin/hpc-mailbox' by 1 commit.
#   (use "git push" to publish your local commits)
#
# Untracked files:
#   (use "git add <file>..." to include in what will be committed)
#
#	inbox/autoresearch-64/hbv_lite_64_prospective_seq62.slurm
#	inbox/gpucheck_ngu009.slurm
#	inbox/gpucheck_ngu101.slurm
#	payload/id29-nearing2022-da/closure_v12.tar.gz
#	payload/id29-nearing2022-da/closure_v13.tar.gz
#	payload/id29-nearing2022-da/gate_preflight_v1.tar.gz
#	runner.log
#	runner2.log
nothing added to commit but untracked files present (use "git add" to track)
[ERROR] push failed: a02/18 (result kept in staging, will retry push only)
[Sun Sep  6 10:45:08 CST 2026] --- retry push only: channel=a02 seq=18 ---
# On branch hpc-mailbox
# Your branch is ahead of 'origin/hpc-mailbox' by 1 commit.
#   (use "git push" to publish your local commits)
#
# Untracked files:
#   (use "git add <file>..." to include in what will be committed)
#
#	inbox/autoresearch-64/hbv_lite_64_prospective_seq62.slurm
#	inbox/gpucheck_ngu009.slurm
#	inbox/gpucheck_ngu101.slurm
#	payload/id29-nearing2022-da/closure_v12.tar.gz
#	payload/id29-nearing2022-da/closure_v13.tar.gz
#	payload/id29-nearing2022-da/gate_preflight_v1.tar.gz
#	runner.log
#	runner2.log
nothing added to commit but untracked files present (use "git add" to track)
[ERROR] push failed: a02/18 (result kept in staging, will retry push only)
[Sun Sep  6 10:46:50 CST 2026] --- retry push only: channel=a02 seq=18 ---
# On branch hpc-mailbox
# Your branch is ahead of 'origin/hpc-mailbox' by 1 commit.
#   (use "git push" to publish your local commits)
#
# Untracked files:
#   (use "git add <file>..." to include in what will be committed)
#
#	inbox/autoresearch-64/hbv_lite_64_prospective_seq62.slurm
#	inbox/gpucheck_ngu009.slurm
#	inbox/gpucheck_ngu101.slurm
#	payload/id29-nearing2022-da/closure_v12.tar.gz
#	payload/id29-nearing2022-da/closure_v13.tar.gz
#	payload/id29-nearing2022-da/gate_preflight_v1.tar.gz
#	runner.log
#	runner2.log
nothing added to commit but untracked files present (use "git add" to track)
[ERROR] push failed: a02/18 (result kept in staging, will retry push only)
[Sun Sep  6 10:48:32 CST 2026] --- retry push only: channel=a02 seq=18 ---
# On branch hpc-mailbox
# Your branch is ahead of 'origin/hpc-mailbox' by 1 commit.
#   (use "git push" to publish your local commits)
#
# Untracked files:
#   (use "git add <file>..." to include in what will be committed)
#
#	inbox/autoresearch-64/hbv_lite_64_prospective_seq62.slurm
#	inbox/gpucheck_ngu009.slurm
#	inbox/gpucheck_ngu101.slurm
#	payload/id29-nearing2022-da/closure_v12.tar.gz
#	payload/id29-nearing2022-da/closure_v13.tar.gz
#	payload/id29-nearing2022-da/gate_preflight_v1.tar.gz
#	runner.log
#	runner2.log
nothing added to commit but untracked files present (use "git add" to track)
[ERROR] push failed: a02/18 (result kept in staging, will retry push only)
[Sun Sep  6 10:50:14 CST 2026] --- retry push only: channel=a02 seq=18 ---
# On branch hpc-mailbox
# Your branch is ahead of 'origin/hpc-mailbox' by 1 commit.
#   (use "git push" to publish your local commits)
#
# Untracked files:
#   (use "git add <file>..." to include in what will be committed)
#
#	inbox/autoresearch-64/hbv_lite_64_prospective_seq62.slurm
#	inbox/gpucheck_ngu009.slurm
#	inbox/gpucheck_ngu101.slurm
#	payload/id29-nearing2022-da/closure_v12.tar.gz
#	payload/id29-nearing2022-da/closure_v13.tar.gz
#	payload/id29-nearing2022-da/gate_preflight_v1.tar.gz
#	runner.log
#	runner2.log
nothing added to commit but untracked files present (use "git add" to track)
[ERROR] push failed: a02/18 (result kept in staging, will retry push only)
[Sun Sep  6 10:51:55 CST 2026] --- retry push only: channel=a02 seq=18 ---
# On branch hpc-mailbox
# Your branch is ahead of 'origin/hpc-mailbox' by 1 commit.
#   (use "git push" to publish your local commits)
#
# Untracked files:
#   (use "git add <file>..." to include in what will be committed)
#
#	inbox/autoresearch-64/hbv_lite_64_prospective_seq62.slurm
#	inbox/gpucheck_ngu009.slurm
#	inbox/gpucheck_ngu101.slurm
#	payload/id29-nearing2022-da/closure_v12.tar.gz
#	payload/id29-nearing2022-da/closure_v13.tar.gz
#	payload/id29-nearing2022-da/gate_preflight_v1.tar.gz
#	runner.log
#	runner2.log
nothing added to commit but untracked files present (use "git add" to track)
[ERROR] push failed: a02/18 (result kept in staging, will retry push only)
[Sun Sep  6 10:53:37 CST 2026] --- retry push only: channel=a02 seq=18 ---
# On branch hpc-mailbox
# Your branch is ahead of 'origin/hpc-mailbox' by 1 commit.
#   (use "git push" to publish your local commits)
#
# Untracked files:
#   (use "git add <file>..." to include in what will be committed)
#
#	inbox/autoresearch-64/hbv_lite_64_prospective_seq62.slurm
#	inbox/gpucheck_ngu009.slurm
#	inbox/gpucheck_ngu101.slurm
#	payload/id29-nearing2022-da/closure_v12.tar.gz
#	payload/id29-nearing2022-da/closure_v13.tar.gz
#	payload/id29-nearing2022-da/gate_preflight_v1.tar.gz
#	runner.log
#	runner2.log
nothing added to commit but untracked files present (use "git add" to track)
[ERROR] push failed: a02/18 (result kept in staging, will retry push only)
[Sun Sep  6 10:55:19 CST 2026] --- retry push only: channel=a02 seq=18 ---
# On branch hpc-mailbox
# Your branch is ahead of 'origin/hpc-mailbox' by 1 commit.
#   (use "git push" to publish your local commits)
#
# Untracked files:
#   (use "git add <file>..." to include in what will be committed)
#
#	inbox/autoresearch-64/hbv_lite_64_prospective_seq62.slurm
#	inbox/gpucheck_ngu009.slurm
#	inbox/gpucheck_ngu101.slurm
#	payload/id29-nearing2022-da/closure_v12.tar.gz
#	payload/id29-nearing2022-da/closure_v13.tar.gz
#	payload/id29-nearing2022-da/gate_preflight_v1.tar.gz
#	runner.log
#	runner2.log
nothing added to commit but untracked files present (use "git add" to track)
[ERROR] push failed: a02/18 (result kept in staging, will retry push only)
[Sun Sep  6 10:57:00 CST 2026] --- retry push only: channel=a02 seq=18 ---
# On branch hpc-mailbox
# Your branch is ahead of 'origin/hpc-mailbox' by 1 commit.
#   (use "git push" to publish your local commits)
#
# Untracked files:
#   (use "git add <file>..." to include in what will be committed)
#
#	inbox/autoresearch-64/hbv_lite_64_prospective_seq62.slurm
#	inbox/gpucheck_ngu009.slurm
#	inbox/gpucheck_ngu101.slurm
#	payload/id29-nearing2022-da/closure_v12.tar.gz
#	payload/id29-nearing2022-da/closure_v13.tar.gz
#	payload/id29-nearing2022-da/gate_preflight_v1.tar.gz
#	runner.log
#	runner2.log
nothing added to commit but untracked files present (use "git add" to track)
[ERROR] push failed: a02/18 (result kept in staging, will retry push only)
[Sun Sep  6 10:58:42 CST 2026] --- retry push only: channel=a02 seq=18 ---
# On branch hpc-mailbox
# Your branch is ahead of 'origin/hpc-mailbox' by 1 commit.
#   (use "git push" to publish your local commits)
#
# Untracked files:
#   (use "git add <file>..." to include in what will be committed)
#
#	inbox/autoresearch-64/hbv_lite_64_prospective_seq62.slurm
#	inbox/gpucheck_ngu009.slurm
#	inbox/gpucheck_ngu101.slurm
#	payload/id29-nearing2022-da/closure_v12.tar.gz
#	payload/id29-nearing2022-da/closure_v13.tar.gz
#	payload/id29-nearing2022-da/gate_preflight_v1.tar.gz
#	runner.log
#	runner2.log
nothing added to commit but untracked files present (use "git add" to track)
[ERROR] push failed: a02/18 (result kept in staging, will retry push only)
[Sun Sep  6 11:00:24 CST 2026] --- retry push only: channel=a02 seq=18 ---
# On branch hpc-mailbox
# Your branch is ahead of 'origin/hpc-mailbox' by 1 commit.
#   (use "git push" to publish your local commits)
#
# Untracked files:
#   (use "git add <file>..." to include in what will be committed)
#
#	inbox/autoresearch-64/hbv_lite_64_prospective_seq62.slurm
#	inbox/gpucheck_ngu009.slurm
#	inbox/gpucheck_ngu101.slurm
#	payload/id29-nearing2022-da/closure_v12.tar.gz
#	payload/id29-nearing2022-da/closure_v13.tar.gz
#	payload/id29-nearing2022-da/gate_preflight_v1.tar.gz
#	runner.log
#	runner2.log
nothing added to commit but untracked files present (use "git add" to track)
[ERROR] push failed: a02/18 (result kept in staging, will retry push only)
[Sun Sep  6 11:02:05 CST 2026] --- retry push only: channel=a02 seq=18 ---
# On branch hpc-mailbox
# Your branch is ahead of 'origin/hpc-mailbox' by 1 commit.
#   (use "git push" to publish your local commits)
#
# Untracked files:
#   (use "git add <file>..." to include in what will be committed)
#
#	inbox/autoresearch-64/hbv_lite_64_prospective_seq62.slurm
#	inbox/gpucheck_ngu009.slurm
#	inbox/gpucheck_ngu101.slurm
#	payload/id29-nearing2022-da/closure_v12.tar.gz
#	payload/id29-nearing2022-da/closure_v13.tar.gz
#	payload/id29-nearing2022-da/gate_preflight_v1.tar.gz
#	runner.log
#	runner2.log
nothing added to commit but untracked files present (use "git add" to track)
[ERROR] push failed: a02/18 (result kept in staging, will retry push only)
[Sun Sep  6 11:03:48 CST 2026] --- retry push only: channel=a02 seq=18 ---
# On branch hpc-mailbox
# Your branch is ahead of 'origin/hpc-mailbox' by 1 commit.
#   (use "git push" to publish your local commits)
#
# Untracked files:
#   (use "git add <file>..." to include in what will be committed)
#
#	inbox/autoresearch-64/hbv_lite_64_prospective_seq62.slurm
#	inbox/gpucheck_ngu009.slurm
#	inbox/gpucheck_ngu101.slurm
#	payload/id29-nearing2022-da/closure_v12.tar.gz
#	payload/id29-nearing2022-da/closure_v13.tar.gz
#	payload/id29-nearing2022-da/gate_preflight_v1.tar.gz
#	runner.log
#	runner2.log
nothing added to commit but untracked files present (use "git add" to track)
[ERROR] push failed: a02/18 (result kept in staging, will retry push only)
[Sun Sep  6 11:05:30 CST 2026] --- retry push only: channel=a02 seq=18 ---
# On branch hpc-mailbox
# Your branch is ahead of 'origin/hpc-mailbox' by 1 commit.
#   (use "git push" to publish your local commits)
#
# Untracked files:
#   (use "git add <file>..." to include in what will be committed)
#
#	inbox/autoresearch-64/hbv_lite_64_prospective_seq62.slurm
#	inbox/gpucheck_ngu009.slurm
#	inbox/gpucheck_ngu101.slurm
#	payload/id29-nearing2022-da/closure_v12.tar.gz
#	payload/id29-nearing2022-da/closure_v13.tar.gz
#	payload/id29-nearing2022-da/gate_preflight_v1.tar.gz
#	runner.log
#	runner2.log
nothing added to commit but untracked files present (use "git add" to track)
[ERROR] push failed: a02/18 (result kept in staging, will retry push only)
[Sun Sep  6 11:07:11 CST 2026] --- retry push only: channel=a02 seq=18 ---
# On branch hpc-mailbox
# Your branch is ahead of 'origin/hpc-mailbox' by 1 commit.
#   (use "git push" to publish your local commits)
#
# Untracked files:
#   (use "git add <file>..." to include in what will be committed)
#
#	inbox/autoresearch-64/hbv_lite_64_prospective_seq62.slurm
#	inbox/gpucheck_ngu009.slurm
#	inbox/gpucheck_ngu101.slurm
#	payload/id29-nearing2022-da/closure_v12.tar.gz
#	payload/id29-nearing2022-da/closure_v13.tar.gz
#	payload/id29-nearing2022-da/gate_preflight_v1.tar.gz
#	runner.log
#	runner2.log
nothing added to commit but untracked files present (use "git add" to track)
[ERROR] push failed: a02/18 (result kept in staging, will retry push only)
[Sun Sep  6 11:08:53 CST 2026] --- retry push only: channel=a02 seq=18 ---
# On branch hpc-mailbox
# Your branch is ahead of 'origin/hpc-mailbox' by 1 commit.
#   (use "git push" to publish your local commits)
#
# Untracked files:
#   (use "git add <file>..." to include in what will be committed)
#
#	inbox/autoresearch-64/hbv_lite_64_prospective_seq62.slurm
#	inbox/gpucheck_ngu009.slurm
#	inbox/gpucheck_ngu101.slurm
#	payload/id29-nearing2022-da/closure_v12.tar.gz
#	payload/id29-nearing2022-da/closure_v13.tar.gz
#	payload/id29-nearing2022-da/gate_preflight_v1.tar.gz
#	runner.log
#	runner2.log
nothing added to commit but untracked files present (use "git add" to track)
[ERROR] push failed: a02/18 (result kept in staging, will retry push only)
[Sun Sep  6 11:10:34 CST 2026] --- retry push only: channel=a02 seq=18 ---
# On branch hpc-mailbox
# Your branch is ahead of 'origin/hpc-mailbox' by 1 commit.
#   (use "git push" to publish your local commits)
#
# Untracked files:
#   (use "git add <file>..." to include in what will be committed)
#
#	inbox/autoresearch-64/hbv_lite_64_prospective_seq62.slurm
#	inbox/gpucheck_ngu009.slurm
#	inbox/gpucheck_ngu101.slurm
#	payload/id29-nearing2022-da/closure_v12.tar.gz
#	payload/id29-nearing2022-da/closure_v13.tar.gz
#	payload/id29-nearing2022-da/gate_preflight_v1.tar.gz
#	runner.log
#	runner2.log
nothing added to commit but untracked files present (use "git add" to track)
[ERROR] push failed: a02/18 (result kept in staging, will retry push only)
[Sun Sep  6 11:12:17 CST 2026] --- retry push only: channel=a02 seq=18 ---
# On branch hpc-mailbox
# Your branch is ahead of 'origin/hpc-mailbox' by 1 commit.
#   (use "git push" to publish your local commits)
#
# Untracked files:
#   (use "git add <file>..." to include in what will be committed)
#
#	inbox/autoresearch-64/hbv_lite_64_prospective_seq62.slurm
#	inbox/gpucheck_ngu009.slurm
#	inbox/gpucheck_ngu101.slurm
#	payload/id29-nearing2022-da/closure_v12.tar.gz
#	payload/id29-nearing2022-da/closure_v13.tar.gz
#	payload/id29-nearing2022-da/gate_preflight_v1.tar.gz
#	runner.log
#	runner2.log
nothing added to commit but untracked files present (use "git add" to track)
[ERROR] push failed: a02/18 (result kept in staging, will retry push only)
[Sun Sep  6 11:14:00 CST 2026] --- retry push only: channel=a02 seq=18 ---
# On branch hpc-mailbox
# Your branch is ahead of 'origin/hpc-mailbox' by 1 commit.
#   (use "git push" to publish your local commits)
#
# Untracked files:
#   (use "git add <file>..." to include in what will be committed)
#
#	inbox/autoresearch-64/hbv_lite_64_prospective_seq62.slurm
#	inbox/gpucheck_ngu009.slurm
#	inbox/gpucheck_ngu101.slurm
#	payload/id29-nearing2022-da/closure_v12.tar.gz
#	payload/id29-nearing2022-da/closure_v13.tar.gz
#	payload/id29-nearing2022-da/gate_preflight_v1.tar.gz
#	runner.log
#	runner2.log
nothing added to commit but untracked files present (use "git add" to track)
[ERROR] push failed: a02/18 (result kept in staging, will retry push only)
[Sun Sep  6 11:15:41 CST 2026] --- retry push only: channel=a02 seq=18 ---
# On branch hpc-mailbox
# Your branch is ahead of 'origin/hpc-mailbox' by 1 commit.
#   (use "git push" to publish your local commits)
#
# Untracked files:
#   (use "git add <file>..." to include in what will be committed)
#
#	inbox/autoresearch-64/hbv_lite_64_prospective_seq62.slurm
#	inbox/gpucheck_ngu009.slurm
#	inbox/gpucheck_ngu101.slurm
#	payload/id29-nearing2022-da/closure_v12.tar.gz
#	payload/id29-nearing2022-da/closure_v13.tar.gz
#	payload/id29-nearing2022-da/gate_preflight_v1.tar.gz
#	runner.log
#	runner2.log
nothing added to commit but untracked files present (use "git add" to track)
[ERROR] push failed: a02/18 (result kept in staging, will retry push only)
[Sun Sep  6 11:17:25 CST 2026] --- retry push only: channel=a02 seq=18 ---
# On branch hpc-mailbox
# Your branch is ahead of 'origin/hpc-mailbox' by 1 commit.
#   (use "git push" to publish your local commits)
#
# Untracked files:
#   (use "git add <file>..." to include in what will be committed)
#
#	inbox/autoresearch-64/hbv_lite_64_prospective_seq62.slurm
#	inbox/gpucheck_ngu009.slurm
#	inbox/gpucheck_ngu101.slurm
#	payload/id29-nearing2022-da/closure_v12.tar.gz
#	payload/id29-nearing2022-da/closure_v13.tar.gz
#	payload/id29-nearing2022-da/gate_preflight_v1.tar.gz
#	runner.log
#	runner2.log
nothing added to commit but untracked files present (use "git add" to track)
[ERROR] push failed: a02/18 (result kept in staging, will retry push only)
[Sun Sep  6 11:19:06 CST 2026] --- retry push only: channel=a02 seq=18 ---
# On branch hpc-mailbox
# Your branch is ahead of 'origin/hpc-mailbox' by 1 commit.
#   (use "git push" to publish your local commits)
#
# Untracked files:
#   (use "git add <file>..." to include in what will be committed)
#
#	inbox/autoresearch-64/hbv_lite_64_prospective_seq62.slurm
#	inbox/gpucheck_ngu009.slurm
#	inbox/gpucheck_ngu101.slurm
#	payload/id29-nearing2022-da/closure_v12.tar.gz
#	payload/id29-nearing2022-da/closure_v13.tar.gz
#	payload/id29-nearing2022-da/gate_preflight_v1.tar.gz
#	runner.log
#	runner2.log
nothing added to commit but untracked files present (use "git add" to track)
[ERROR] push failed: a02/18 (result kept in staging, will retry push only)
[Sun Sep  6 11:20:48 CST 2026] --- retry push only: channel=a02 seq=18 ---
# On branch hpc-mailbox
# Your branch is ahead of 'origin/hpc-mailbox' by 1 commit.
#   (use "git push" to publish your local commits)
#
# Untracked files:
#   (use "git add <file>..." to include in what will be committed)
#
#	inbox/autoresearch-64/hbv_lite_64_prospective_seq62.slurm
#	inbox/gpucheck_ngu009.slurm
#	inbox/gpucheck_ngu101.slurm
#	payload/id29-nearing2022-da/closure_v12.tar.gz
#	payload/id29-nearing2022-da/closure_v13.tar.gz
#	payload/id29-nearing2022-da/gate_preflight_v1.tar.gz
#	runner.log
#	runner2.log
nothing added to commit but untracked files present (use "git add" to track)
[ERROR] push failed: a02/18 (result kept in staging, will retry push only)
[Sun Sep  6 11:22:29 CST 2026] --- retry push only: channel=a02 seq=18 ---
# On branch hpc-mailbox
# Your branch is ahead of 'origin/hpc-mailbox' by 1 commit.
#   (use "git push" to publish your local commits)
#
# Untracked files:
#   (use "git add <file>..." to include in what will be committed)
#
#	inbox/autoresearch-64/hbv_lite_64_prospective_seq62.slurm
#	inbox/gpucheck_ngu009.slurm
#	inbox/gpucheck_ngu101.slurm
#	payload/id29-nearing2022-da/closure_v12.tar.gz
#	payload/id29-nearing2022-da/closure_v13.tar.gz
#	payload/id29-nearing2022-da/gate_preflight_v1.tar.gz
#	runner.log
#	runner2.log
nothing added to commit but untracked files present (use "git add" to track)
[ERROR] push failed: a02/18 (result kept in staging, will retry push only)
[Sun Sep  6 11:24:11 CST 2026] --- retry push only: channel=a02 seq=18 ---
# On branch hpc-mailbox
# Your branch is ahead of 'origin/hpc-mailbox' by 1 commit.
#   (use "git push" to publish your local commits)
#
# Untracked files:
#   (use "git add <file>..." to include in what will be committed)
#
#	inbox/autoresearch-64/hbv_lite_64_prospective_seq62.slurm
#	inbox/gpucheck_ngu009.slurm
#	inbox/gpucheck_ngu101.slurm
#	payload/id29-nearing2022-da/closure_v12.tar.gz
#	payload/id29-nearing2022-da/closure_v13.tar.gz
#	payload/id29-nearing2022-da/gate_preflight_v1.tar.gz
#	runner.log
#	runner2.log
nothing added to commit but untracked files present (use "git add" to track)
[ERROR] push failed: a02/18 (result kept in staging, will retry push only)
[Sun Sep  6 11:25:52 CST 2026] --- retry push only: channel=a02 seq=18 ---
# On branch hpc-mailbox
# Your branch is ahead of 'origin/hpc-mailbox' by 1 commit.
#   (use "git push" to publish your local commits)
#
# Untracked files:
#   (use "git add <file>..." to include in what will be committed)
#
#	inbox/autoresearch-64/hbv_lite_64_prospective_seq62.slurm
#	inbox/gpucheck_ngu009.slurm
#	inbox/gpucheck_ngu101.slurm
#	payload/id29-nearing2022-da/closure_v12.tar.gz
#	payload/id29-nearing2022-da/closure_v13.tar.gz
#	payload/id29-nearing2022-da/gate_preflight_v1.tar.gz
#	runner.log
#	runner2.log
nothing added to commit but untracked files present (use "git add" to track)
[ERROR] push failed: a02/18 (result kept in staging, will retry push only)
[Sun Sep  6 11:27:34 CST 2026] --- retry push only: channel=a02 seq=18 ---
# On branch hpc-mailbox
# Your branch is ahead of 'origin/hpc-mailbox' by 1 commit.
#   (use "git push" to publish your local commits)
#
# Untracked files:
#   (use "git add <file>..." to include in what will be committed)
#
#	inbox/autoresearch-64/hbv_lite_64_prospective_seq62.slurm
#	inbox/gpucheck_ngu009.slurm
#	inbox/gpucheck_ngu101.slurm
#	payload/id29-nearing2022-da/closure_v12.tar.gz
#	payload/id29-nearing2022-da/closure_v13.tar.gz
#	payload/id29-nearing2022-da/gate_preflight_v1.tar.gz
#	runner.log
#	runner2.log
nothing added to commit but untracked files present (use "git add" to track)
[ERROR] push failed: a02/18 (result kept in staging, will retry push only)
[Sun Sep  6 11:29:15 CST 2026] --- retry push only: channel=a02 seq=18 ---
# On branch hpc-mailbox
# Your branch is ahead of 'origin/hpc-mailbox' by 1 commit.
#   (use "git push" to publish your local commits)
#
# Untracked files:
#   (use "git add <file>..." to include in what will be committed)
#
#	inbox/autoresearch-64/hbv_lite_64_prospective_seq62.slurm
#	inbox/gpucheck_ngu009.slurm
#	inbox/gpucheck_ngu101.slurm
#	payload/id29-nearing2022-da/closure_v12.tar.gz
#	payload/id29-nearing2022-da/closure_v13.tar.gz
#	payload/id29-nearing2022-da/gate_preflight_v1.tar.gz
#	runner.log
#	runner2.log
nothing added to commit but untracked files present (use "git add" to track)
[ERROR] push failed: a02/18 (result kept in staging, will retry push only)
[Sun Sep  6 11:30:57 CST 2026] --- retry push only: channel=a02 seq=18 ---
# On branch hpc-mailbox
# Your branch is ahead of 'origin/hpc-mailbox' by 1 commit.
#   (use "git push" to publish your local commits)
#
# Untracked files:
#   (use "git add <file>..." to include in what will be committed)
#
#	inbox/autoresearch-64/hbv_lite_64_prospective_seq62.slurm
#	inbox/gpucheck_ngu009.slurm
#	inbox/gpucheck_ngu101.slurm
#	payload/id29-nearing2022-da/closure_v12.tar.gz
#	payload/id29-nearing2022-da/closure_v13.tar.gz
#	payload/id29-nearing2022-da/gate_preflight_v1.tar.gz
#	runner.log
#	runner2.log
nothing added to commit but untracked files present (use "git add" to track)
[ERROR] push failed: a02/18 (result kept in staging, will retry push only)
[Sun Sep  6 11:32:41 CST 2026] --- retry push only: channel=a02 seq=18 ---
# On branch hpc-mailbox
# Your branch is ahead of 'origin/hpc-mailbox' by 1 commit.
#   (use "git push" to publish your local commits)
#
# Untracked files:
#   (use "git add <file>..." to include in what will be committed)
#
#	inbox/autoresearch-64/hbv_lite_64_prospective_seq62.slurm
#	inbox/gpucheck_ngu009.slurm
#	inbox/gpucheck_ngu101.slurm
#	payload/id29-nearing2022-da/closure_v12.tar.gz
#	payload/id29-nearing2022-da/closure_v13.tar.gz
#	payload/id29-nearing2022-da/gate_preflight_v1.tar.gz
#	runner.log
#	runner2.log
nothing added to commit but untracked files present (use "git add" to track)
[ERROR] push failed: a02/18 (result kept in staging, will retry push only)
[Sun Sep  6 11:34:57 CST 2026] --- retry push only: channel=a02 seq=18 ---
# On branch hpc-mailbox
# Your branch is ahead of 'origin/hpc-mailbox' by 1 commit.
#   (use "git push" to publish your local commits)
#
# Untracked files:
#   (use "git add <file>..." to include in what will be committed)
#
#	inbox/autoresearch-64/hbv_lite_64_prospective_seq62.slurm
#	inbox/gpucheck_ngu009.slurm
#	inbox/gpucheck_ngu101.slurm
#	payload/id29-nearing2022-da/closure_v12.tar.gz
#	payload/id29-nearing2022-da/closure_v13.tar.gz
#	payload/id29-nearing2022-da/gate_preflight_v1.tar.gz
#	runner.log
#	runner2.log
nothing added to commit but untracked files present (use "git add" to track)
[ERROR] push failed: a02/18 (result kept in staging, will retry push only)
[Sun Sep  6 11:36:40 CST 2026] --- retry push only: channel=a02 seq=18 ---
# On branch hpc-mailbox
# Your branch is ahead of 'origin/hpc-mailbox' by 1 commit.
#   (use "git push" to publish your local commits)
#
# Untracked files:
#   (use "git add <file>..." to include in what will be committed)
#
#	inbox/autoresearch-64/hbv_lite_64_prospective_seq62.slurm
#	inbox/gpucheck_ngu009.slurm
#	inbox/gpucheck_ngu101.slurm
#	payload/id29-nearing2022-da/closure_v12.tar.gz
#	payload/id29-nearing2022-da/closure_v13.tar.gz
#	payload/id29-nearing2022-da/gate_preflight_v1.tar.gz
#	runner.log
#	runner2.log
nothing added to commit but untracked files present (use "git add" to track)
[ERROR] push failed: a02/18 (result kept in staging, will retry push only)
[Sun Sep  6 11:38:56 CST 2026] --- retry push only: channel=a02 seq=18 ---
# On branch hpc-mailbox
# Your branch is ahead of 'origin/hpc-mailbox' by 1 commit.
#   (use "git push" to publish your local commits)
#
# Untracked files:
#   (use "git add <file>..." to include in what will be committed)
#
#	inbox/autoresearch-64/hbv_lite_64_prospective_seq62.slurm
#	inbox/gpucheck_ngu009.slurm
#	inbox/gpucheck_ngu101.slurm
#	payload/id29-nearing2022-da/closure_v12.tar.gz
#	payload/id29-nearing2022-da/closure_v13.tar.gz
#	payload/id29-nearing2022-da/gate_preflight_v1.tar.gz
#	runner.log
#	runner2.log
nothing added to commit but untracked files present (use "git add" to track)
[ERROR] push failed: a02/18 (result kept in staging, will retry push only)
[Sun Sep  6 11:41:12 CST 2026] --- retry push only: channel=a02 seq=18 ---
# On branch hpc-mailbox
# Your branch is ahead of 'origin/hpc-mailbox' by 1 commit.
#   (use "git push" to publish your local commits)
#
# Untracked files:
#   (use "git add <file>..." to include in what will be committed)
#
#	inbox/autoresearch-64/hbv_lite_64_prospective_seq62.slurm
#	inbox/gpucheck_ngu009.slurm
#	inbox/gpucheck_ngu101.slurm
#	payload/id29-nearing2022-da/closure_v12.tar.gz
#	payload/id29-nearing2022-da/closure_v13.tar.gz
#	payload/id29-nearing2022-da/gate_preflight_v1.tar.gz
#	runner.log
#	runner2.log
nothing added to commit but untracked files present (use "git add" to track)
[ERROR] push failed: a02/18 (result kept in staging, will retry push only)
[Sun Sep  6 11:42:54 CST 2026] --- retry push only: channel=a02 seq=18 ---
# On branch hpc-mailbox
# Your branch is ahead of 'origin/hpc-mailbox' by 1 commit.
#   (use "git push" to publish your local commits)
#
# Untracked files:
#   (use "git add <file>..." to include in what will be committed)
#
#	inbox/autoresearch-64/hbv_lite_64_prospective_seq62.slurm
#	inbox/gpucheck_ngu009.slurm
#	inbox/gpucheck_ngu101.slurm
#	payload/id29-nearing2022-da/closure_v12.tar.gz
#	payload/id29-nearing2022-da/closure_v13.tar.gz
#	payload/id29-nearing2022-da/gate_preflight_v1.tar.gz
#	runner.log
#	runner2.log
nothing added to commit but untracked files present (use "git add" to track)
[ERROR] push failed: a02/18 (result kept in staging, will retry push only)
[Sun Sep  6 11:44:36 CST 2026] --- retry push only: channel=a02 seq=18 ---
# On branch hpc-mailbox
# Your branch is ahead of 'origin/hpc-mailbox' by 1 commit.
#   (use "git push" to publish your local commits)
#
# Untracked files:
#   (use "git add <file>..." to include in what will be committed)
#
#	inbox/autoresearch-64/hbv_lite_64_prospective_seq62.slurm
#	inbox/gpucheck_ngu009.slurm
#	inbox/gpucheck_ngu101.slurm
#	payload/id29-nearing2022-da/closure_v12.tar.gz
#	payload/id29-nearing2022-da/closure_v13.tar.gz
#	payload/id29-nearing2022-da/gate_preflight_v1.tar.gz
#	runner.log
#	runner2.log
nothing added to commit but untracked files present (use "git add" to track)
[ERROR] push failed: a02/18 (result kept in staging, will retry push only)
[Sun Sep  6 11:46:19 CST 2026] --- retry push only: channel=a02 seq=18 ---
# On branch hpc-mailbox
# Your branch is ahead of 'origin/hpc-mailbox' by 1 commit.
#   (use "git push" to publish your local commits)
#
# Untracked files:
#   (use "git add <file>..." to include in what will be committed)
#
#	inbox/autoresearch-64/hbv_lite_64_prospective_seq62.slurm
#	inbox/gpucheck_ngu009.slurm
#	inbox/gpucheck_ngu101.slurm
#	payload/id29-nearing2022-da/closure_v12.tar.gz
#	payload/id29-nearing2022-da/closure_v13.tar.gz
#	payload/id29-nearing2022-da/gate_preflight_v1.tar.gz
#	runner.log
#	runner2.log
nothing added to commit but untracked files present (use "git add" to track)
[ERROR] push failed: a02/18 (result kept in staging, will retry push only)
[Sun Sep  6 11:48:02 CST 2026] --- retry push only: channel=a02 seq=18 ---
# On branch hpc-mailbox
# Your branch is ahead of 'origin/hpc-mailbox' by 1 commit.
#   (use "git push" to publish your local commits)
#
# Untracked files:
#   (use "git add <file>..." to include in what will be committed)
#
#	inbox/autoresearch-64/hbv_lite_64_prospective_seq62.slurm
#	inbox/gpucheck_ngu009.slurm
#	inbox/gpucheck_ngu101.slurm
#	payload/id29-nearing2022-da/closure_v12.tar.gz
#	payload/id29-nearing2022-da/closure_v13.tar.gz
#	payload/id29-nearing2022-da/gate_preflight_v1.tar.gz
#	runner.log
#	runner2.log
nothing added to commit but untracked files present (use "git add" to track)
[ERROR] push failed: a02/18 (result kept in staging, will retry push only)
[Sun Sep  6 11:49:44 CST 2026] --- retry push only: channel=a02 seq=18 ---
# On branch hpc-mailbox
# Your branch is ahead of 'origin/hpc-mailbox' by 1 commit.
#   (use "git push" to publish your local commits)
#
# Untracked files:
#   (use "git add <file>..." to include in what will be committed)
#
#	inbox/autoresearch-64/hbv_lite_64_prospective_seq62.slurm
#	inbox/gpucheck_ngu009.slurm
#	inbox/gpucheck_ngu101.slurm
#	payload/id29-nearing2022-da/closure_v12.tar.gz
#	payload/id29-nearing2022-da/closure_v13.tar.gz
#	payload/id29-nearing2022-da/gate_preflight_v1.tar.gz
#	runner.log
#	runner2.log
nothing added to commit but untracked files present (use "git add" to track)
[ERROR] push failed: a02/18 (result kept in staging, will retry push only)
[Sun Sep  6 11:51:26 CST 2026] --- retry push only: channel=a02 seq=18 ---
# On branch hpc-mailbox
# Your branch is ahead of 'origin/hpc-mailbox' by 1 commit.
#   (use "git push" to publish your local commits)
#
# Untracked files:
#   (use "git add <file>..." to include in what will be committed)
#
#	inbox/autoresearch-64/hbv_lite_64_prospective_seq62.slurm
#	inbox/gpucheck_ngu009.slurm
#	inbox/gpucheck_ngu101.slurm
#	payload/id29-nearing2022-da/closure_v12.tar.gz
#	payload/id29-nearing2022-da/closure_v13.tar.gz
#	payload/id29-nearing2022-da/gate_preflight_v1.tar.gz
#	runner.log
#	runner2.log
nothing added to commit but untracked files present (use "git add" to track)
[ERROR] push failed: a02/18 (result kept in staging, will retry push only)
[Sun Sep  6 11:53:08 CST 2026] --- retry push only: channel=a02 seq=18 ---
# On branch hpc-mailbox
# Your branch is ahead of 'origin/hpc-mailbox' by 1 commit.
#   (use "git push" to publish your local commits)
#
# Untracked files:
#   (use "git add <file>..." to include in what will be committed)
#
#	inbox/autoresearch-64/hbv_lite_64_prospective_seq62.slurm
#	inbox/gpucheck_ngu009.slurm
#	inbox/gpucheck_ngu101.slurm
#	payload/id29-nearing2022-da/closure_v12.tar.gz
#	payload/id29-nearing2022-da/closure_v13.tar.gz
#	payload/id29-nearing2022-da/gate_preflight_v1.tar.gz
#	runner.log
#	runner2.log
nothing added to commit but untracked files present (use "git add" to track)
[ERROR] push failed: a02/18 (result kept in staging, will retry push only)
[Sun Sep  6 11:54:50 CST 2026] --- retry push only: channel=a02 seq=18 ---
# On branch hpc-mailbox
# Your branch is ahead of 'origin/hpc-mailbox' by 1 commit.
#   (use "git push" to publish your local commits)
#
# Untracked files:
#   (use "git add <file>..." to include in what will be committed)
#
#	inbox/autoresearch-64/hbv_lite_64_prospective_seq62.slurm
#	inbox/gpucheck_ngu009.slurm
#	inbox/gpucheck_ngu101.slurm
#	payload/id29-nearing2022-da/closure_v12.tar.gz
#	payload/id29-nearing2022-da/closure_v13.tar.gz
#	payload/id29-nearing2022-da/gate_preflight_v1.tar.gz
#	runner.log
#	runner2.log
nothing added to commit but untracked files present (use "git add" to track)
[ERROR] push failed: a02/18 (result kept in staging, will retry push only)
[Sun Sep  6 11:56:33 CST 2026] --- retry push only: channel=a02 seq=18 ---
# On branch hpc-mailbox
# Your branch is ahead of 'origin/hpc-mailbox' by 1 commit.
#   (use "git push" to publish your local commits)
#
# Untracked files:
#   (use "git add <file>..." to include in what will be committed)
#
#	inbox/autoresearch-64/hbv_lite_64_prospective_seq62.slurm
#	inbox/gpucheck_ngu009.slurm
#	inbox/gpucheck_ngu101.slurm
#	payload/id29-nearing2022-da/closure_v12.tar.gz
#	payload/id29-nearing2022-da/closure_v13.tar.gz
#	payload/id29-nearing2022-da/gate_preflight_v1.tar.gz
#	runner.log
#	runner2.log
nothing added to commit but untracked files present (use "git add" to track)
[ERROR] push failed: a02/18 (result kept in staging, will retry push only)
[Sun Sep  6 11:58:16 CST 2026] --- retry push only: channel=a02 seq=18 ---
# On branch hpc-mailbox
# Your branch is ahead of 'origin/hpc-mailbox' by 1 commit.
#   (use "git push" to publish your local commits)
#
# Untracked files:
#   (use "git add <file>..." to include in what will be committed)
#
#	inbox/autoresearch-64/hbv_lite_64_prospective_seq62.slurm
#	inbox/gpucheck_ngu009.slurm
#	inbox/gpucheck_ngu101.slurm
#	payload/id29-nearing2022-da/closure_v12.tar.gz
#	payload/id29-nearing2022-da/closure_v13.tar.gz
#	payload/id29-nearing2022-da/gate_preflight_v1.tar.gz
#	runner.log
#	runner2.log
nothing added to commit but untracked files present (use "git add" to track)
[ERROR] push failed: a02/18 (result kept in staging, will retry push only)
[Sun Sep  6 12:00:32 CST 2026] --- retry push only: channel=a02 seq=18 ---
# On branch hpc-mailbox
# Your branch is ahead of 'origin/hpc-mailbox' by 1 commit.
#   (use "git push" to publish your local commits)
#
# Untracked files:
#   (use "git add <file>..." to include in what will be committed)
#
#	inbox/autoresearch-64/hbv_lite_64_prospective_seq62.slurm
#	inbox/gpucheck_ngu009.slurm
#	inbox/gpucheck_ngu101.slurm
#	payload/id29-nearing2022-da/closure_v12.tar.gz
#	payload/id29-nearing2022-da/closure_v13.tar.gz
#	payload/id29-nearing2022-da/gate_preflight_v1.tar.gz
#	runner.log
#	runner2.log
nothing added to commit but untracked files present (use "git add" to track)
[ERROR] push failed: a02/18 (result kept in staging, will retry push only)
[Sun Sep  6 12:02:13 CST 2026] --- retry push only: channel=a02 seq=18 ---
# On branch hpc-mailbox
# Your branch is ahead of 'origin/hpc-mailbox' by 1 commit.
#   (use "git push" to publish your local commits)
#
# Untracked files:
#   (use "git add <file>..." to include in what will be committed)
#
#	inbox/autoresearch-64/hbv_lite_64_prospective_seq62.slurm
#	inbox/gpucheck_ngu009.slurm
#	inbox/gpucheck_ngu101.slurm
#	payload/id29-nearing2022-da/closure_v12.tar.gz
#	payload/id29-nearing2022-da/closure_v13.tar.gz
#	payload/id29-nearing2022-da/gate_preflight_v1.tar.gz
#	runner.log
#	runner2.log
nothing added to commit but untracked files present (use "git add" to track)
[ERROR] push failed: a02/18 (result kept in staging, will retry push only)
[Sun Sep  6 12:03:57 CST 2026] --- retry push only: channel=a02 seq=18 ---
[Sun Sep  6 12:03:57 CST 2026] --- start channel=id29-nearing2022-da seq=511 ---
# On branch hpc-mailbox
# Your branch is ahead of 'origin/hpc-mailbox' by 1 commit.
#   (use "git push" to publish your local commits)
#
# Untracked files:
#   (use "git add <file>..." to include in what will be committed)
#
#	inbox/autoresearch-64/hbv_lite_64_prospective_seq62.slurm
#	inbox/gpucheck_ngu009.slurm
#	inbox/gpucheck_ngu101.slurm
#	payload/id29-nearing2022-da/closure_v12.tar.gz
#	payload/id29-nearing2022-da/closure_v13.tar.gz
#	payload/id29-nearing2022-da/gate_preflight_v1.tar.gz
#	runner.log
#	runner2.log
nothing added to commit but untracked files present (use "git add" to track)
[ERROR] push failed: a02/18 (result kept in staging, will retry push only)
[Sun Sep  6 12:05:38 CST 2026] done channel=id29-nearing2022-da seq=511 rc=0
[Sun Sep  6 12:05:38 CST 2026] --- retry push only: channel=a02 seq=18 ---
# On branch hpc-mailbox
# Your branch is ahead of 'origin/hpc-mailbox' by 1 commit.
#   (use "git push" to publish your local commits)
#
# Untracked files:
#   (use "git add <file>..." to include in what will be committed)
#
#	inbox/autoresearch-64/hbv_lite_64_prospective_seq62.slurm
#	inbox/gpucheck_ngu009.slurm
#	inbox/gpucheck_ngu101.slurm
#	payload/id29-nearing2022-da/closure_v12.tar.gz
#	payload/id29-nearing2022-da/closure_v13.tar.gz
#	payload/id29-nearing2022-da/gate_preflight_v1.tar.gz
#	runner.log
#	runner2.log
nothing added to commit but untracked files present (use "git add" to track)
[Sun Sep  6 12:06:55 CST 2026] --- start channel=id29-nearing2022-da seq=512 ---
[ERROR] push failed: a02/18 (result kept in staging, will retry push only)
[Sun Sep  6 12:07:28 CST 2026] done channel=id29-nearing2022-da seq=512 rc=0
[Sun Sep  6 12:07:29 CST 2026] --- retry push only: channel=a02 seq=18 ---
# On branch hpc-mailbox
# Your branch is ahead of 'origin/hpc-mailbox' by 1 commit.
#   (use "git push" to publish your local commits)
#
# Untracked files:
#   (use "git add <file>..." to include in what will be committed)
#
#	inbox/autoresearch-64/hbv_lite_64_prospective_seq62.slurm
#	inbox/gpucheck_ngu009.slurm
#	inbox/gpucheck_ngu101.slurm
#	payload/id29-nearing2022-da/closure_v12.tar.gz
#	payload/id29-nearing2022-da/closure_v13.tar.gz
#	payload/id29-nearing2022-da/gate_preflight_v1.tar.gz
#	runner.log
#	runner2.log
nothing added to commit but untracked files present (use "git add" to track)
[ERROR] push failed: a02/18 (result kept in staging, will retry push only)
[Sun Sep  6 12:09:18 CST 2026] --- retry push only: channel=a02 seq=18 ---
[Sun Sep  6 12:09:18 CST 2026] --- start channel=id33-transformer-recipe-repair seq=28 ---
# On branch hpc-mailbox
# Your branch is ahead of 'origin/hpc-mailbox' by 1 commit.
#   (use "git push" to publish your local commits)
#
# Untracked files:
#   (use "git add <file>..." to include in what will be committed)
#
#	inbox/autoresearch-64/hbv_lite_64_prospective_seq62.slurm
#	inbox/gpucheck_ngu009.slurm
#	inbox/gpucheck_ngu101.slurm
#	payload/id29-nearing2022-da/closure_v12.tar.gz
#	payload/id29-nearing2022-da/closure_v13.tar.gz
#	payload/id29-nearing2022-da/gate_preflight_v1.tar.gz
#	runner.log
#	runner2.log
nothing added to commit but untracked files present (use "git add" to track)
[ERROR] push failed: a02/18 (result kept in staging, will retry push only)
[Sun Sep  6 12:11:00 CST 2026] --- retry push only: channel=a02 seq=18 ---
[Sun Sep  6 12:11:03 CST 2026] done channel=id33-transformer-recipe-repair seq=28 rc=0
# On branch hpc-mailbox
# Your branch is ahead of 'origin/hpc-mailbox' by 1 commit.
#   (use "git push" to publish your local commits)
#
# Untracked files:
#   (use "git add <file>..." to include in what will be committed)
#
#	inbox/autoresearch-64/hbv_lite_64_prospective_seq62.slurm
#	inbox/gpucheck_ngu009.slurm
#	inbox/gpucheck_ngu101.slurm
#	payload/id29-nearing2022-da/closure_v12.tar.gz
#	payload/id29-nearing2022-da/closure_v13.tar.gz
#	payload/id29-nearing2022-da/gate_preflight_v1.tar.gz
#	runner.log
#	runner2.log
nothing added to commit but untracked files present (use "git add" to track)
[ERROR] push failed: a02/18 (result kept in staging, will retry push only)
[Sun Sep  6 12:12:43 CST 2026] --- retry push only: channel=a02 seq=18 ---
# On branch hpc-mailbox
# Your branch is ahead of 'origin/hpc-mailbox' by 1 commit.
#   (use "git push" to publish your local commits)
#
# Untracked files:
#   (use "git add <file>..." to include in what will be committed)
#
#	inbox/autoresearch-64/hbv_lite_64_prospective_seq62.slurm
#	inbox/gpucheck_ngu009.slurm
#	inbox/gpucheck_ngu101.slurm
#	payload/id29-nearing2022-da/closure_v12.tar.gz
#	payload/id29-nearing2022-da/closure_v13.tar.gz
#	payload/id29-nearing2022-da/gate_preflight_v1.tar.gz
#	runner.log
#	runner2.log
nothing added to commit but untracked files present (use "git add" to track)
[ERROR] push failed: a02/18 (result kept in staging, will retry push only)
[Sun Sep  6 12:14:27 CST 2026] --- retry push only: channel=a02 seq=18 ---
[Sun Sep  6 12:14:27 CST 2026] --- start channel=id33-transformer-recipe-repair seq=29 ---
# On branch hpc-mailbox
# Your branch is ahead of 'origin/hpc-mailbox' by 1 commit.
#   (use "git push" to publish your local commits)
#
# Untracked files:
#   (use "git add <file>..." to include in what will be committed)
#
#	inbox/autoresearch-64/hbv_lite_64_prospective_seq62.slurm
#	inbox/gpucheck_ngu009.slurm
#	inbox/gpucheck_ngu101.slurm
#	payload/id29-nearing2022-da/closure_v12.tar.gz
#	payload/id29-nearing2022-da/closure_v13.tar.gz
#	payload/id29-nearing2022-da/gate_preflight_v1.tar.gz
#	runner.log
#	runner2.log
nothing added to commit but untracked files present (use "git add" to track)
[ERROR] push failed: a02/18 (result kept in staging, will retry push only)
[Sun Sep  6 12:16:09 CST 2026] --- retry push only: channel=a02 seq=18 ---
[Sun Sep  6 12:16:11 CST 2026] done channel=id33-transformer-recipe-repair seq=29 rc=0
# On branch hpc-mailbox
# Your branch is ahead of 'origin/hpc-mailbox' by 1 commit.
#   (use "git push" to publish your local commits)
#
# Untracked files:
#   (use "git add <file>..." to include in what will be committed)
#
#	inbox/autoresearch-64/hbv_lite_64_prospective_seq62.slurm
#	inbox/gpucheck_ngu009.slurm
#	inbox/gpucheck_ngu101.slurm
#	payload/id29-nearing2022-da/closure_v12.tar.gz
#	payload/id29-nearing2022-da/closure_v13.tar.gz
#	payload/id29-nearing2022-da/gate_preflight_v1.tar.gz
#	runner.log
#	runner2.log
nothing added to commit but untracked files present (use "git add" to track)
[ERROR] push failed: a02/18 (result kept in staging, will retry push only)
[Sun Sep  6 12:18:26 CST 2026] --- retry push only: channel=a02 seq=18 ---
[Sun Sep  6 12:18:26 CST 2026] --- start channel=id33-transformer-recipe-repair seq=30 ---
# On branch hpc-mailbox
# Your branch is ahead of 'origin/hpc-mailbox' by 1 commit.
#   (use "git push" to publish your local commits)
#
# Untracked files:
#   (use "git add <file>..." to include in what will be committed)
#
#	inbox/autoresearch-64/hbv_lite_64_prospective_seq62.slurm
#	inbox/gpucheck_ngu009.slurm
#	inbox/gpucheck_ngu101.slurm
#	payload/id29-nearing2022-da/closure_v12.tar.gz
#	payload/id29-nearing2022-da/closure_v13.tar.gz
#	payload/id29-nearing2022-da/gate_preflight_v1.tar.gz
#	runner.log
#	runner2.log
nothing added to commit but untracked files present (use "git add" to track)
[ERROR] push failed: a02/18 (result kept in staging, will retry push only)
[Sun Sep  6 12:20:08 CST 2026] --- retry push only: channel=a02 seq=18 ---
[Sun Sep  6 12:20:10 CST 2026] done channel=id33-transformer-recipe-repair seq=30 rc=0
# On branch hpc-mailbox
# Your branch is ahead of 'origin/hpc-mailbox' by 1 commit.
#   (use "git push" to publish your local commits)
#
# Untracked files:
#   (use "git add <file>..." to include in what will be committed)
#
#	inbox/autoresearch-64/hbv_lite_64_prospective_seq62.slurm
#	inbox/gpucheck_ngu009.slurm
#	inbox/gpucheck_ngu101.slurm
#	payload/id29-nearing2022-da/closure_v12.tar.gz
#	payload/id29-nearing2022-da/closure_v13.tar.gz
#	payload/id29-nearing2022-da/gate_preflight_v1.tar.gz
#	runner.log
#	runner2.log
nothing added to commit but untracked files present (use "git add" to track)
[ERROR] push failed: a02/18 (result kept in staging, will retry push only)
[Sun Sep  6 12:21:51 CST 2026] --- retry push only: channel=a02 seq=18 ---
# On branch hpc-mailbox
# Your branch is ahead of 'origin/hpc-mailbox' by 1 commit.
#   (use "git push" to publish your local commits)
#
# Untracked files:
#   (use "git add <file>..." to include in what will be committed)
#
#	inbox/autoresearch-64/hbv_lite_64_prospective_seq62.slurm
#	inbox/gpucheck_ngu009.slurm
#	inbox/gpucheck_ngu101.slurm
#	payload/id29-nearing2022-da/closure_v12.tar.gz
#	payload/id29-nearing2022-da/closure_v13.tar.gz
#	payload/id29-nearing2022-da/gate_preflight_v1.tar.gz
#	runner.log
#	runner2.log
nothing added to commit but untracked files present (use "git add" to track)
[ERROR] push failed: a02/18 (result kept in staging, will retry push only)
[Sun Sep  6 12:23:35 CST 2026] --- retry push only: channel=a02 seq=18 ---
# On branch hpc-mailbox
# Your branch is ahead of 'origin/hpc-mailbox' by 1 commit.
#   (use "git push" to publish your local commits)
#
# Untracked files:
#   (use "git add <file>..." to include in what will be committed)
#
#	inbox/autoresearch-64/hbv_lite_64_prospective_seq62.slurm
#	inbox/gpucheck_ngu009.slurm
#	inbox/gpucheck_ngu101.slurm
#	payload/id29-nearing2022-da/closure_v12.tar.gz
#	payload/id29-nearing2022-da/closure_v13.tar.gz
#	payload/id29-nearing2022-da/gate_preflight_v1.tar.gz
#	runner.log
#	runner2.log
nothing added to commit but untracked files present (use "git add" to track)
[ERROR] push failed: a02/18 (result kept in staging, will retry push only)
[Sun Sep  6 12:25:17 CST 2026] --- retry push only: channel=a02 seq=18 ---
# On branch hpc-mailbox
# Your branch is ahead of 'origin/hpc-mailbox' by 1 commit.
#   (use "git push" to publish your local commits)
#
# Untracked files:
#   (use "git add <file>..." to include in what will be committed)
#
#	inbox/autoresearch-64/hbv_lite_64_prospective_seq62.slurm
#	inbox/gpucheck_ngu009.slurm
#	inbox/gpucheck_ngu101.slurm
#	payload/id29-nearing2022-da/closure_v12.tar.gz
#	payload/id29-nearing2022-da/closure_v13.tar.gz
#	payload/id29-nearing2022-da/gate_preflight_v1.tar.gz
#	runner.log
#	runner2.log
nothing added to commit but untracked files present (use "git add" to track)
[ERROR] push failed: a02/18 (result kept in staging, will retry push only)
[Sun Sep  6 12:26:59 CST 2026] --- retry push only: channel=a02 seq=18 ---
# On branch hpc-mailbox
# Your branch is ahead of 'origin/hpc-mailbox' by 1 commit.
#   (use "git push" to publish your local commits)
#
# Untracked files:
#   (use "git add <file>..." to include in what will be committed)
#
#	inbox/autoresearch-64/hbv_lite_64_prospective_seq62.slurm
#	inbox/gpucheck_ngu009.slurm
#	inbox/gpucheck_ngu101.slurm
#	payload/id29-nearing2022-da/closure_v12.tar.gz
#	payload/id29-nearing2022-da/closure_v13.tar.gz
#	payload/id29-nearing2022-da/gate_preflight_v1.tar.gz
#	runner.log
#	runner2.log
nothing added to commit but untracked files present (use "git add" to track)
[ERROR] push failed: a02/18 (result kept in staging, will retry push only)
[Sun Sep  6 12:28:41 CST 2026] --- retry push only: channel=a02 seq=18 ---
# On branch hpc-mailbox
# Your branch is ahead of 'origin/hpc-mailbox' by 1 commit.
#   (use "git push" to publish your local commits)
#
# Untracked files:
#   (use "git add <file>..." to include in what will be committed)
#
#	inbox/autoresearch-64/hbv_lite_64_prospective_seq62.slurm
#	inbox/gpucheck_ngu009.slurm
#	inbox/gpucheck_ngu101.slurm
#	payload/id29-nearing2022-da/closure_v12.tar.gz
#	payload/id29-nearing2022-da/closure_v13.tar.gz
#	payload/id29-nearing2022-da/gate_preflight_v1.tar.gz
#	runner.log
#	runner2.log
nothing added to commit but untracked files present (use "git add" to track)
[ERROR] push failed: a02/18 (result kept in staging, will retry push only)
[Sun Sep  6 12:30:23 CST 2026] --- retry push only: channel=a02 seq=18 ---
# On branch hpc-mailbox
# Your branch is ahead of 'origin/hpc-mailbox' by 1 commit.
#   (use "git push" to publish your local commits)
#
# Untracked files:
#   (use "git add <file>..." to include in what will be committed)
#
#	inbox/autoresearch-64/hbv_lite_64_prospective_seq62.slurm
#	inbox/gpucheck_ngu009.slurm
#	inbox/gpucheck_ngu101.slurm
#	payload/id29-nearing2022-da/closure_v12.tar.gz
#	payload/id29-nearing2022-da/closure_v13.tar.gz
#	payload/id29-nearing2022-da/gate_preflight_v1.tar.gz
#	runner.log
#	runner2.log
nothing added to commit but untracked files present (use "git add" to track)
[ERROR] push failed: a02/18 (result kept in staging, will retry push only)
[Sun Sep  6 12:32:05 CST 2026] --- retry push only: channel=a02 seq=18 ---
# On branch hpc-mailbox
# Your branch is ahead of 'origin/hpc-mailbox' by 1 commit.
#   (use "git push" to publish your local commits)
#
# Untracked files:
#   (use "git add <file>..." to include in what will be committed)
#
#	inbox/autoresearch-64/hbv_lite_64_prospective_seq62.slurm
#	inbox/gpucheck_ngu009.slurm
#	inbox/gpucheck_ngu101.slurm
#	payload/id29-nearing2022-da/closure_v12.tar.gz
#	payload/id29-nearing2022-da/closure_v13.tar.gz
#	payload/id29-nearing2022-da/gate_preflight_v1.tar.gz
#	runner.log
#	runner2.log
nothing added to commit but untracked files present (use "git add" to track)
[ERROR] push failed: a02/18 (result kept in staging, will retry push only)
[Sun Sep  6 12:33:46 CST 2026] --- retry push only: channel=a02 seq=18 ---
# On branch hpc-mailbox
# Your branch is ahead of 'origin/hpc-mailbox' by 1 commit.
#   (use "git push" to publish your local commits)
#
# Untracked files:
#   (use "git add <file>..." to include in what will be committed)
#
#	inbox/autoresearch-64/hbv_lite_64_prospective_seq62.slurm
#	inbox/gpucheck_ngu009.slurm
#	inbox/gpucheck_ngu101.slurm
#	payload/id29-nearing2022-da/closure_v12.tar.gz
#	payload/id29-nearing2022-da/closure_v13.tar.gz
#	payload/id29-nearing2022-da/gate_preflight_v1.tar.gz
#	runner.log
#	runner2.log
nothing added to commit but untracked files present (use "git add" to track)
[ERROR] push failed: a02/18 (result kept in staging, will retry push only)
[Sun Sep  6 12:35:28 CST 2026] --- retry push only: channel=a02 seq=18 ---
# On branch hpc-mailbox
# Your branch is ahead of 'origin/hpc-mailbox' by 1 commit.
#   (use "git push" to publish your local commits)
#
# Untracked files:
#   (use "git add <file>..." to include in what will be committed)
#
#	inbox/autoresearch-64/hbv_lite_64_prospective_seq62.slurm
#	inbox/gpucheck_ngu009.slurm
#	inbox/gpucheck_ngu101.slurm
#	payload/id29-nearing2022-da/closure_v12.tar.gz
#	payload/id29-nearing2022-da/closure_v13.tar.gz
#	payload/id29-nearing2022-da/gate_preflight_v1.tar.gz
#	runner.log
#	runner2.log
nothing added to commit but untracked files present (use "git add" to track)
[ERROR] push failed: a02/18 (result kept in staging, will retry push only)
[Sun Sep  6 12:37:10 CST 2026] --- retry push only: channel=a02 seq=18 ---
# On branch hpc-mailbox
# Your branch is ahead of 'origin/hpc-mailbox' by 1 commit.
#   (use "git push" to publish your local commits)
#
# Untracked files:
#   (use "git add <file>..." to include in what will be committed)
#
#	inbox/autoresearch-64/hbv_lite_64_prospective_seq62.slurm
#	inbox/gpucheck_ngu009.slurm
#	inbox/gpucheck_ngu101.slurm
#	payload/id29-nearing2022-da/closure_v12.tar.gz
#	payload/id29-nearing2022-da/closure_v13.tar.gz
#	payload/id29-nearing2022-da/gate_preflight_v1.tar.gz
#	runner.log
#	runner2.log
nothing added to commit but untracked files present (use "git add" to track)
[ERROR] push failed: a02/18 (result kept in staging, will retry push only)
[Sun Sep  6 12:38:52 CST 2026] --- retry push only: channel=a02 seq=18 ---
# On branch hpc-mailbox
# Your branch is ahead of 'origin/hpc-mailbox' by 1 commit.
#   (use "git push" to publish your local commits)
#
# Untracked files:
#   (use "git add <file>..." to include in what will be committed)
#
#	inbox/autoresearch-64/hbv_lite_64_prospective_seq62.slurm
#	inbox/gpucheck_ngu009.slurm
#	inbox/gpucheck_ngu101.slurm
#	payload/id29-nearing2022-da/closure_v12.tar.gz
#	payload/id29-nearing2022-da/closure_v13.tar.gz
#	payload/id29-nearing2022-da/gate_preflight_v1.tar.gz
#	runner.log
#	runner2.log
nothing added to commit but untracked files present (use "git add" to track)
[ERROR] push failed: a02/18 (result kept in staging, will retry push only)
[Sun Sep  6 12:40:36 CST 2026] --- retry push only: channel=a02 seq=18 ---
# On branch hpc-mailbox
# Your branch is ahead of 'origin/hpc-mailbox' by 1 commit.
#   (use "git push" to publish your local commits)
#
# Untracked files:
#   (use "git add <file>..." to include in what will be committed)
#
#	inbox/autoresearch-64/hbv_lite_64_prospective_seq62.slurm
#	inbox/gpucheck_ngu009.slurm
#	inbox/gpucheck_ngu101.slurm
#	payload/id29-nearing2022-da/closure_v12.tar.gz
#	payload/id29-nearing2022-da/closure_v13.tar.gz
#	payload/id29-nearing2022-da/gate_preflight_v1.tar.gz
#	runner.log
#	runner2.log
nothing added to commit but untracked files present (use "git add" to track)
[ERROR] push failed: a02/18 (result kept in staging, will retry push only)
[Sun Sep  6 12:42:17 CST 2026] --- retry push only: channel=a02 seq=18 ---
# On branch hpc-mailbox
# Your branch is ahead of 'origin/hpc-mailbox' by 1 commit.
#   (use "git push" to publish your local commits)
#
# Untracked files:
#   (use "git add <file>..." to include in what will be committed)
#
#	inbox/autoresearch-64/hbv_lite_64_prospective_seq62.slurm
#	inbox/gpucheck_ngu009.slurm
#	inbox/gpucheck_ngu101.slurm
#	payload/id29-nearing2022-da/closure_v12.tar.gz
#	payload/id29-nearing2022-da/closure_v13.tar.gz
#	payload/id29-nearing2022-da/gate_preflight_v1.tar.gz
#	runner.log
#	runner2.log
nothing added to commit but untracked files present (use "git add" to track)
[ERROR] push failed: a02/18 (result kept in staging, will retry push only)
[Sun Sep  6 12:43:59 CST 2026] --- retry push only: channel=a02 seq=18 ---
# On branch hpc-mailbox
# Your branch is ahead of 'origin/hpc-mailbox' by 1 commit.
#   (use "git push" to publish your local commits)
#
# Untracked files:
#   (use "git add <file>..." to include in what will be committed)
#
#	inbox/autoresearch-64/hbv_lite_64_prospective_seq62.slurm
#	inbox/gpucheck_ngu009.slurm
#	inbox/gpucheck_ngu101.slurm
#	payload/id29-nearing2022-da/closure_v12.tar.gz
#	payload/id29-nearing2022-da/closure_v13.tar.gz
#	payload/id29-nearing2022-da/gate_preflight_v1.tar.gz
#	runner.log
#	runner2.log
nothing added to commit but untracked files present (use "git add" to track)
[ERROR] push failed: a02/18 (result kept in staging, will retry push only)
[Sun Sep  6 12:45:43 CST 2026] --- retry push only: channel=a02 seq=18 ---
# On branch hpc-mailbox
# Your branch is ahead of 'origin/hpc-mailbox' by 1 commit.
#   (use "git push" to publish your local commits)
#
# Untracked files:
#   (use "git add <file>..." to include in what will be committed)
#
#	inbox/autoresearch-64/hbv_lite_64_prospective_seq62.slurm
#	inbox/gpucheck_ngu009.slurm
#	inbox/gpucheck_ngu101.slurm
#	payload/id29-nearing2022-da/closure_v12.tar.gz
#	payload/id29-nearing2022-da/closure_v13.tar.gz
#	payload/id29-nearing2022-da/gate_preflight_v1.tar.gz
#	runner.log
#	runner2.log
nothing added to commit but untracked files present (use "git add" to track)
[ERROR] push failed: a02/18 (result kept in staging, will retry push only)
[Sun Sep  6 12:47:25 CST 2026] --- retry push only: channel=a02 seq=18 ---
# On branch hpc-mailbox
# Your branch is ahead of 'origin/hpc-mailbox' by 1 commit.
#   (use "git push" to publish your local commits)
#
# Untracked files:
#   (use "git add <file>..." to include in what will be committed)
#
#	inbox/autoresearch-64/hbv_lite_64_prospective_seq62.slurm
#	inbox/gpucheck_ngu009.slurm
#	inbox/gpucheck_ngu101.slurm
#	payload/id29-nearing2022-da/closure_v12.tar.gz
#	payload/id29-nearing2022-da/closure_v13.tar.gz
#	payload/id29-nearing2022-da/gate_preflight_v1.tar.gz
#	runner.log
#	runner2.log
nothing added to commit but untracked files present (use "git add" to track)
[ERROR] push failed: a02/18 (result kept in staging, will retry push only)
[Sun Sep  6 12:49:08 CST 2026] --- retry push only: channel=a02 seq=18 ---
# On branch hpc-mailbox
# Your branch is ahead of 'origin/hpc-mailbox' by 1 commit.
#   (use "git push" to publish your local commits)
#
# Untracked files:
#   (use "git add <file>..." to include in what will be committed)
#
#	inbox/autoresearch-64/hbv_lite_64_prospective_seq62.slurm
#	inbox/gpucheck_ngu009.slurm
#	inbox/gpucheck_ngu101.slurm
#	payload/id29-nearing2022-da/closure_v12.tar.gz
#	payload/id29-nearing2022-da/closure_v13.tar.gz
#	payload/id29-nearing2022-da/gate_preflight_v1.tar.gz
#	runner.log
#	runner2.log
nothing added to commit but untracked files present (use "git add" to track)
[ERROR] push failed: a02/18 (result kept in staging, will retry push only)
[Sun Sep  6 12:51:24 CST 2026] --- retry push only: channel=a02 seq=18 ---
# On branch hpc-mailbox
# Your branch is ahead of 'origin/hpc-mailbox' by 1 commit.
#   (use "git push" to publish your local commits)
#
# Untracked files:
#   (use "git add <file>..." to include in what will be committed)
#
#	inbox/autoresearch-64/hbv_lite_64_prospective_seq62.slurm
#	inbox/gpucheck_ngu009.slurm
#	inbox/gpucheck_ngu101.slurm
#	payload/id29-nearing2022-da/closure_v12.tar.gz
#	payload/id29-nearing2022-da/closure_v13.tar.gz
#	payload/id29-nearing2022-da/gate_preflight_v1.tar.gz
#	runner.log
#	runner2.log
nothing added to commit but untracked files present (use "git add" to track)
[ERROR] push failed: a02/18 (result kept in staging, will retry push only)
[Sun Sep  6 12:53:43 CST 2026] --- retry push only: channel=a02 seq=18 ---
# On branch hpc-mailbox
# Your branch is ahead of 'origin/hpc-mailbox' by 1 commit.
#   (use "git push" to publish your local commits)
#
# Untracked files:
#   (use "git add <file>..." to include in what will be committed)
#
#	inbox/autoresearch-64/hbv_lite_64_prospective_seq62.slurm
#	inbox/gpucheck_ngu009.slurm
#	inbox/gpucheck_ngu101.slurm
#	payload/id29-nearing2022-da/closure_v12.tar.gz
#	payload/id29-nearing2022-da/closure_v13.tar.gz
#	payload/id29-nearing2022-da/gate_preflight_v1.tar.gz
#	runner.log
#	runner2.log
nothing added to commit but untracked files present (use "git add" to track)
[ERROR] push failed: a02/18 (result kept in staging, will retry push only)
[Sun Sep  6 12:56:00 CST 2026] --- retry push only: channel=a02 seq=18 ---
# On branch hpc-mailbox
# Your branch is ahead of 'origin/hpc-mailbox' by 1 commit.
#   (use "git push" to publish your local commits)
#
# Untracked files:
#   (use "git add <file>..." to include in what will be committed)
#
#	inbox/autoresearch-64/hbv_lite_64_prospective_seq62.slurm
#	inbox/gpucheck_ngu009.slurm
#	inbox/gpucheck_ngu101.slurm
#	payload/id29-nearing2022-da/closure_v12.tar.gz
#	payload/id29-nearing2022-da/closure_v13.tar.gz
#	payload/id29-nearing2022-da/gate_preflight_v1.tar.gz
#	runner.log
#	runner2.log
nothing added to commit but untracked files present (use "git add" to track)
[ERROR] push failed: a02/18 (result kept in staging, will retry push only)
[Sun Sep  6 12:58:17 CST 2026] --- retry push only: channel=a02 seq=18 ---
# On branch hpc-mailbox
# Your branch is ahead of 'origin/hpc-mailbox' by 1 commit.
#   (use "git push" to publish your local commits)
#
# Untracked files:
#   (use "git add <file>..." to include in what will be committed)
#
#	inbox/autoresearch-64/hbv_lite_64_prospective_seq62.slurm
#	inbox/gpucheck_ngu009.slurm
#	inbox/gpucheck_ngu101.slurm
#	payload/id29-nearing2022-da/closure_v12.tar.gz
#	payload/id29-nearing2022-da/closure_v13.tar.gz
#	payload/id29-nearing2022-da/gate_preflight_v1.tar.gz
#	runner.log
#	runner2.log
nothing added to commit but untracked files present (use "git add" to track)
[ERROR] push failed: a02/18 (result kept in staging, will retry push only)
[Sun Sep  6 13:00:33 CST 2026] --- retry push only: channel=a02 seq=18 ---
# On branch hpc-mailbox
# Your branch is ahead of 'origin/hpc-mailbox' by 1 commit.
#   (use "git push" to publish your local commits)
#
# Untracked files:
#   (use "git add <file>..." to include in what will be committed)
#
#	inbox/autoresearch-64/hbv_lite_64_prospective_seq62.slurm
#	inbox/gpucheck_ngu009.slurm
#	inbox/gpucheck_ngu101.slurm
#	payload/id29-nearing2022-da/closure_v12.tar.gz
#	payload/id29-nearing2022-da/closure_v13.tar.gz
#	payload/id29-nearing2022-da/gate_preflight_v1.tar.gz
#	runner.log
#	runner2.log
nothing added to commit but untracked files present (use "git add" to track)
[ERROR] push failed: a02/18 (result kept in staging, will retry push only)
[Sun Sep  6 13:02:15 CST 2026] --- retry push only: channel=a02 seq=18 ---
# On branch hpc-mailbox
# Your branch is ahead of 'origin/hpc-mailbox' by 1 commit.
#   (use "git push" to publish your local commits)
#
# Untracked files:
#   (use "git add <file>..." to include in what will be committed)
#
#	inbox/autoresearch-64/hbv_lite_64_prospective_seq62.slurm
#	inbox/gpucheck_ngu009.slurm
#	inbox/gpucheck_ngu101.slurm
#	payload/id29-nearing2022-da/closure_v12.tar.gz
#	payload/id29-nearing2022-da/closure_v13.tar.gz
#	payload/id29-nearing2022-da/gate_preflight_v1.tar.gz
#	runner.log
#	runner2.log
nothing added to commit but untracked files present (use "git add" to track)
[ERROR] push failed: a02/18 (result kept in staging, will retry push only)
[Sun Sep  6 13:03:56 CST 2026] --- retry push only: channel=a02 seq=18 ---
# On branch hpc-mailbox
# Your branch is ahead of 'origin/hpc-mailbox' by 1 commit.
#   (use "git push" to publish your local commits)
#
# Untracked files:
#   (use "git add <file>..." to include in what will be committed)
#
#	inbox/autoresearch-64/hbv_lite_64_prospective_seq62.slurm
#	inbox/gpucheck_ngu009.slurm
#	inbox/gpucheck_ngu101.slurm
#	payload/id29-nearing2022-da/closure_v12.tar.gz
#	payload/id29-nearing2022-da/closure_v13.tar.gz
#	payload/id29-nearing2022-da/gate_preflight_v1.tar.gz
#	runner.log
#	runner2.log
nothing added to commit but untracked files present (use "git add" to track)
[ERROR] push failed: a02/18 (result kept in staging, will retry push only)
[Sun Sep  6 13:05:37 CST 2026] --- retry push only: channel=a02 seq=18 ---
# On branch hpc-mailbox
# Your branch is ahead of 'origin/hpc-mailbox' by 1 commit.
#   (use "git push" to publish your local commits)
#
# Untracked files:
#   (use "git add <file>..." to include in what will be committed)
#
#	inbox/autoresearch-64/hbv_lite_64_prospective_seq62.slurm
#	inbox/gpucheck_ngu009.slurm
#	inbox/gpucheck_ngu101.slurm
#	payload/id29-nearing2022-da/closure_v12.tar.gz
#	payload/id29-nearing2022-da/closure_v13.tar.gz
#	payload/id29-nearing2022-da/gate_preflight_v1.tar.gz
#	runner.log
#	runner2.log
nothing added to commit but untracked files present (use "git add" to track)
[ERROR] push failed: a02/18 (result kept in staging, will retry push only)
[Sun Sep  6 13:07:20 CST 2026] --- retry push only: channel=a02 seq=18 ---
# On branch hpc-mailbox
# Your branch is ahead of 'origin/hpc-mailbox' by 1 commit.
#   (use "git push" to publish your local commits)
#
# Untracked files:
#   (use "git add <file>..." to include in what will be committed)
#
#	inbox/autoresearch-64/hbv_lite_64_prospective_seq62.slurm
#	inbox/gpucheck_ngu009.slurm
#	inbox/gpucheck_ngu101.slurm
#	payload/id29-nearing2022-da/closure_v12.tar.gz
#	payload/id29-nearing2022-da/closure_v13.tar.gz
#	payload/id29-nearing2022-da/gate_preflight_v1.tar.gz
#	runner.log
#	runner2.log
nothing added to commit but untracked files present (use "git add" to track)
[ERROR] push failed: a02/18 (result kept in staging, will retry push only)
[Sun Sep  6 13:09:02 CST 2026] --- retry push only: channel=a02 seq=18 ---
# On branch hpc-mailbox
# Your branch is ahead of 'origin/hpc-mailbox' by 1 commit.
#   (use "git push" to publish your local commits)
#
# Untracked files:
#   (use "git add <file>..." to include in what will be committed)
#
#	inbox/autoresearch-64/hbv_lite_64_prospective_seq62.slurm
#	inbox/gpucheck_ngu009.slurm
#	inbox/gpucheck_ngu101.slurm
#	payload/id29-nearing2022-da/closure_v12.tar.gz
#	payload/id29-nearing2022-da/closure_v13.tar.gz
#	payload/id29-nearing2022-da/gate_preflight_v1.tar.gz
#	runner.log
#	runner2.log
nothing added to commit but untracked files present (use "git add" to track)
[ERROR] push failed: a02/18 (result kept in staging, will retry push only)
[Sun Sep  6 13:10:43 CST 2026] --- retry push only: channel=a02 seq=18 ---
# On branch hpc-mailbox
# Your branch is ahead of 'origin/hpc-mailbox' by 1 commit.
#   (use "git push" to publish your local commits)
#
# Untracked files:
#   (use "git add <file>..." to include in what will be committed)
#
#	inbox/autoresearch-64/hbv_lite_64_prospective_seq62.slurm
#	inbox/gpucheck_ngu009.slurm
#	inbox/gpucheck_ngu101.slurm
#	payload/id29-nearing2022-da/closure_v12.tar.gz
#	payload/id29-nearing2022-da/closure_v13.tar.gz
#	payload/id29-nearing2022-da/gate_preflight_v1.tar.gz
#	runner.log
#	runner2.log
nothing added to commit but untracked files present (use "git add" to track)
[ERROR] push failed: a02/18 (result kept in staging, will retry push only)
[Sun Sep  6 13:12:25 CST 2026] --- retry push only: channel=a02 seq=18 ---
# On branch hpc-mailbox
# Your branch is ahead of 'origin/hpc-mailbox' by 1 commit.
#   (use "git push" to publish your local commits)
#
# Untracked files:
#   (use "git add <file>..." to include in what will be committed)
#
#	inbox/autoresearch-64/hbv_lite_64_prospective_seq62.slurm
#	inbox/gpucheck_ngu009.slurm
#	inbox/gpucheck_ngu101.slurm
#	payload/id29-nearing2022-da/closure_v12.tar.gz
#	payload/id29-nearing2022-da/closure_v13.tar.gz
#	payload/id29-nearing2022-da/gate_preflight_v1.tar.gz
#	runner.log
#	runner2.log
nothing added to commit but untracked files present (use "git add" to track)
[ERROR] push failed: a02/18 (result kept in staging, will retry push only)
[Sun Sep  6 13:14:08 CST 2026] --- retry push only: channel=a02 seq=18 ---
# On branch hpc-mailbox
# Your branch is ahead of 'origin/hpc-mailbox' by 1 commit.
#   (use "git push" to publish your local commits)
#
# Untracked files:
#   (use "git add <file>..." to include in what will be committed)
#
#	inbox/autoresearch-64/hbv_lite_64_prospective_seq62.slurm
#	inbox/gpucheck_ngu009.slurm
#	inbox/gpucheck_ngu101.slurm
#	payload/id29-nearing2022-da/closure_v12.tar.gz
#	payload/id29-nearing2022-da/closure_v13.tar.gz
#	payload/id29-nearing2022-da/gate_preflight_v1.tar.gz
#	runner.log
#	runner2.log
nothing added to commit but untracked files present (use "git add" to track)
[ERROR] push failed: a02/18 (result kept in staging, will retry push only)
[Sun Sep  6 13:15:49 CST 2026] --- retry push only: channel=a02 seq=18 ---
# On branch hpc-mailbox
# Your branch is ahead of 'origin/hpc-mailbox' by 1 commit.
#   (use "git push" to publish your local commits)
#
# Untracked files:
#   (use "git add <file>..." to include in what will be committed)
#
#	inbox/autoresearch-64/hbv_lite_64_prospective_seq62.slurm
#	inbox/gpucheck_ngu009.slurm
#	inbox/gpucheck_ngu101.slurm
#	payload/id29-nearing2022-da/closure_v12.tar.gz
#	payload/id29-nearing2022-da/closure_v13.tar.gz
#	payload/id29-nearing2022-da/gate_preflight_v1.tar.gz
#	runner.log
#	runner2.log
nothing added to commit but untracked files present (use "git add" to track)
[ERROR] push failed: a02/18 (result kept in staging, will retry push only)
[Sun Sep  6 13:17:31 CST 2026] --- retry push only: channel=a02 seq=18 ---
# On branch hpc-mailbox
# Your branch is ahead of 'origin/hpc-mailbox' by 1 commit.
#   (use "git push" to publish your local commits)
#
# Untracked files:
#   (use "git add <file>..." to include in what will be committed)
#
#	inbox/autoresearch-64/hbv_lite_64_prospective_seq62.slurm
#	inbox/gpucheck_ngu009.slurm
#	inbox/gpucheck_ngu101.slurm
#	payload/id29-nearing2022-da/closure_v12.tar.gz
#	payload/id29-nearing2022-da/closure_v13.tar.gz
#	payload/id29-nearing2022-da/gate_preflight_v1.tar.gz
#	runner.log
#	runner2.log
nothing added to commit but untracked files present (use "git add" to track)
[ERROR] push failed: a02/18 (result kept in staging, will retry push only)
[Sun Sep  6 13:19:13 CST 2026] --- retry push only: channel=a02 seq=18 ---
# On branch hpc-mailbox
# Your branch is ahead of 'origin/hpc-mailbox' by 1 commit.
#   (use "git push" to publish your local commits)
#
# Untracked files:
#   (use "git add <file>..." to include in what will be committed)
#
#	inbox/autoresearch-64/hbv_lite_64_prospective_seq62.slurm
#	inbox/gpucheck_ngu009.slurm
#	inbox/gpucheck_ngu101.slurm
#	payload/id29-nearing2022-da/closure_v12.tar.gz
#	payload/id29-nearing2022-da/closure_v13.tar.gz
#	payload/id29-nearing2022-da/gate_preflight_v1.tar.gz
#	runner.log
#	runner2.log
nothing added to commit but untracked files present (use "git add" to track)
[ERROR] push failed: a02/18 (result kept in staging, will retry push only)
[Sun Sep  6 13:20:54 CST 2026] --- retry push only: channel=a02 seq=18 ---
# On branch hpc-mailbox
# Your branch is ahead of 'origin/hpc-mailbox' by 1 commit.
#   (use "git push" to publish your local commits)
#
# Untracked files:
#   (use "git add <file>..." to include in what will be committed)
#
#	inbox/autoresearch-64/hbv_lite_64_prospective_seq62.slurm
#	inbox/gpucheck_ngu009.slurm
#	inbox/gpucheck_ngu101.slurm
#	payload/id29-nearing2022-da/closure_v12.tar.gz
#	payload/id29-nearing2022-da/closure_v13.tar.gz
#	payload/id29-nearing2022-da/gate_preflight_v1.tar.gz
#	runner.log
#	runner2.log
nothing added to commit but untracked files present (use "git add" to track)
[ERROR] push failed: a02/18 (result kept in staging, will retry push only)
[Sun Sep  6 13:22:37 CST 2026] --- retry push only: channel=a02 seq=18 ---
# On branch hpc-mailbox
# Your branch is ahead of 'origin/hpc-mailbox' by 1 commit.
#   (use "git push" to publish your local commits)
#
# Untracked files:
#   (use "git add <file>..." to include in what will be committed)
#
#	inbox/autoresearch-64/hbv_lite_64_prospective_seq62.slurm
#	inbox/gpucheck_ngu009.slurm
#	inbox/gpucheck_ngu101.slurm
#	payload/id29-nearing2022-da/closure_v12.tar.gz
#	payload/id29-nearing2022-da/closure_v13.tar.gz
#	payload/id29-nearing2022-da/gate_preflight_v1.tar.gz
#	runner.log
#	runner2.log
nothing added to commit but untracked files present (use "git add" to track)
[ERROR] push failed: a02/18 (result kept in staging, will retry push only)
[Sun Sep  6 13:24:19 CST 2026] --- retry push only: channel=a02 seq=18 ---
# On branch hpc-mailbox
# Your branch is ahead of 'origin/hpc-mailbox' by 1 commit.
#   (use "git push" to publish your local commits)
#
# Untracked files:
#   (use "git add <file>..." to include in what will be committed)
#
#	inbox/autoresearch-64/hbv_lite_64_prospective_seq62.slurm
#	inbox/gpucheck_ngu009.slurm
#	inbox/gpucheck_ngu101.slurm
#	payload/id29-nearing2022-da/closure_v12.tar.gz
#	payload/id29-nearing2022-da/closure_v13.tar.gz
#	payload/id29-nearing2022-da/gate_preflight_v1.tar.gz
#	runner.log
#	runner2.log
nothing added to commit but untracked files present (use "git add" to track)
[ERROR] push failed: a02/18 (result kept in staging, will retry push only)
[Sun Sep  6 13:26:00 CST 2026] --- retry push only: channel=a02 seq=18 ---
# On branch hpc-mailbox
# Your branch is ahead of 'origin/hpc-mailbox' by 1 commit.
#   (use "git push" to publish your local commits)
#
# Untracked files:
#   (use "git add <file>..." to include in what will be committed)
#
#	inbox/autoresearch-64/hbv_lite_64_prospective_seq62.slurm
#	inbox/gpucheck_ngu009.slurm
#	inbox/gpucheck_ngu101.slurm
#	payload/id29-nearing2022-da/closure_v12.tar.gz
#	payload/id29-nearing2022-da/closure_v13.tar.gz
#	payload/id29-nearing2022-da/gate_preflight_v1.tar.gz
#	runner.log
#	runner2.log
nothing added to commit but untracked files present (use "git add" to track)
[ERROR] push failed: a02/18 (result kept in staging, will retry push only)
[Sun Sep  6 13:27:42 CST 2026] --- retry push only: channel=a02 seq=18 ---
# On branch hpc-mailbox
# Your branch is ahead of 'origin/hpc-mailbox' by 1 commit.
#   (use "git push" to publish your local commits)
#
# Untracked files:
#   (use "git add <file>..." to include in what will be committed)
#
#	inbox/autoresearch-64/hbv_lite_64_prospective_seq62.slurm
#	inbox/gpucheck_ngu009.slurm
#	inbox/gpucheck_ngu101.slurm
#	payload/id29-nearing2022-da/closure_v12.tar.gz
#	payload/id29-nearing2022-da/closure_v13.tar.gz
#	payload/id29-nearing2022-da/gate_preflight_v1.tar.gz
#	runner.log
#	runner2.log
nothing added to commit but untracked files present (use "git add" to track)
[ERROR] push failed: a02/18 (result kept in staging, will retry push only)
[Sun Sep  6 13:29:26 CST 2026] --- retry push only: channel=a02 seq=18 ---
# On branch hpc-mailbox
# Your branch is ahead of 'origin/hpc-mailbox' by 1 commit.
#   (use "git push" to publish your local commits)
#
# Untracked files:
#   (use "git add <file>..." to include in what will be committed)
#
#	inbox/autoresearch-64/hbv_lite_64_prospective_seq62.slurm
#	inbox/gpucheck_ngu009.slurm
#	inbox/gpucheck_ngu101.slurm
#	payload/id29-nearing2022-da/closure_v12.tar.gz
#	payload/id29-nearing2022-da/closure_v13.tar.gz
#	payload/id29-nearing2022-da/gate_preflight_v1.tar.gz
#	runner.log
#	runner2.log
nothing added to commit but untracked files present (use "git add" to track)
[ERROR] push failed: a02/18 (result kept in staging, will retry push only)
[Sun Sep  6 13:31:07 CST 2026] --- retry push only: channel=a02 seq=18 ---
# On branch hpc-mailbox
# Your branch is ahead of 'origin/hpc-mailbox' by 1 commit.
#   (use "git push" to publish your local commits)
#
# Untracked files:
#   (use "git add <file>..." to include in what will be committed)
#
#	inbox/autoresearch-64/hbv_lite_64_prospective_seq62.slurm
#	inbox/gpucheck_ngu009.slurm
#	inbox/gpucheck_ngu101.slurm
#	payload/id29-nearing2022-da/closure_v12.tar.gz
#	payload/id29-nearing2022-da/closure_v13.tar.gz
#	payload/id29-nearing2022-da/gate_preflight_v1.tar.gz
#	runner.log
#	runner2.log
nothing added to commit but untracked files present (use "git add" to track)
[ERROR] push failed: a02/18 (result kept in staging, will retry push only)
[Sun Sep  6 13:32:49 CST 2026] --- retry push only: channel=a02 seq=18 ---
# On branch hpc-mailbox
# Your branch is ahead of 'origin/hpc-mailbox' by 1 commit.
#   (use "git push" to publish your local commits)
#
# Untracked files:
#   (use "git add <file>..." to include in what will be committed)
#
#	inbox/autoresearch-64/hbv_lite_64_prospective_seq62.slurm
#	inbox/gpucheck_ngu009.slurm
#	inbox/gpucheck_ngu101.slurm
#	payload/id29-nearing2022-da/closure_v12.tar.gz
#	payload/id29-nearing2022-da/closure_v13.tar.gz
#	payload/id29-nearing2022-da/gate_preflight_v1.tar.gz
#	runner.log
#	runner2.log
nothing added to commit but untracked files present (use "git add" to track)
[ERROR] push failed: a02/18 (result kept in staging, will retry push only)
[Sun Sep  6 13:34:32 CST 2026] --- retry push only: channel=a02 seq=18 ---
# On branch hpc-mailbox
# Your branch is ahead of 'origin/hpc-mailbox' by 1 commit.
#   (use "git push" to publish your local commits)
#
# Untracked files:
#   (use "git add <file>..." to include in what will be committed)
#
#	inbox/autoresearch-64/hbv_lite_64_prospective_seq62.slurm
#	inbox/gpucheck_ngu009.slurm
#	inbox/gpucheck_ngu101.slurm
#	payload/id29-nearing2022-da/closure_v12.tar.gz
#	payload/id29-nearing2022-da/closure_v13.tar.gz
#	payload/id29-nearing2022-da/gate_preflight_v1.tar.gz
#	runner.log
#	runner2.log
nothing added to commit but untracked files present (use "git add" to track)
[ERROR] push failed: a02/18 (result kept in staging, will retry push only)
[Sun Sep  6 13:36:13 CST 2026] --- retry push only: channel=a02 seq=18 ---
# On branch hpc-mailbox
# Your branch is ahead of 'origin/hpc-mailbox' by 1 commit.
#   (use "git push" to publish your local commits)
#
# Untracked files:
#   (use "git add <file>..." to include in what will be committed)
#
#	inbox/autoresearch-64/hbv_lite_64_prospective_seq62.slurm
#	inbox/gpucheck_ngu009.slurm
#	inbox/gpucheck_ngu101.slurm
#	payload/id29-nearing2022-da/closure_v12.tar.gz
#	payload/id29-nearing2022-da/closure_v13.tar.gz
#	payload/id29-nearing2022-da/gate_preflight_v1.tar.gz
#	runner.log
#	runner2.log
nothing added to commit but untracked files present (use "git add" to track)
[ERROR] push failed: a02/18 (result kept in staging, will retry push only)
[Sun Sep  6 13:37:56 CST 2026] --- retry push only: channel=a02 seq=18 ---
# On branch hpc-mailbox
# Your branch is ahead of 'origin/hpc-mailbox' by 1 commit.
#   (use "git push" to publish your local commits)
#
# Untracked files:
#   (use "git add <file>..." to include in what will be committed)
#
#	inbox/autoresearch-64/hbv_lite_64_prospective_seq62.slurm
#	inbox/gpucheck_ngu009.slurm
#	inbox/gpucheck_ngu101.slurm
#	payload/id29-nearing2022-da/closure_v12.tar.gz
#	payload/id29-nearing2022-da/closure_v13.tar.gz
#	payload/id29-nearing2022-da/gate_preflight_v1.tar.gz
#	runner.log
#	runner2.log
nothing added to commit but untracked files present (use "git add" to track)
[ERROR] push failed: a02/18 (result kept in staging, will retry push only)
[Sun Sep  6 13:39:38 CST 2026] --- retry push only: channel=a02 seq=18 ---
# On branch hpc-mailbox
# Your branch is ahead of 'origin/hpc-mailbox' by 1 commit.
#   (use "git push" to publish your local commits)
#
# Untracked files:
#   (use "git add <file>..." to include in what will be committed)
#
#	inbox/autoresearch-64/hbv_lite_64_prospective_seq62.slurm
#	inbox/gpucheck_ngu009.slurm
#	inbox/gpucheck_ngu101.slurm
#	payload/id29-nearing2022-da/closure_v12.tar.gz
#	payload/id29-nearing2022-da/closure_v13.tar.gz
#	payload/id29-nearing2022-da/gate_preflight_v1.tar.gz
#	runner.log
#	runner2.log
nothing added to commit but untracked files present (use "git add" to track)
[ERROR] push failed: a02/18 (result kept in staging, will retry push only)
[Sun Sep  6 13:41:20 CST 2026] --- retry push only: channel=a02 seq=18 ---
# On branch hpc-mailbox
# Your branch is ahead of 'origin/hpc-mailbox' by 1 commit.
#   (use "git push" to publish your local commits)
#
# Untracked files:
#   (use "git add <file>..." to include in what will be committed)
#
#	inbox/autoresearch-64/hbv_lite_64_prospective_seq62.slurm
#	inbox/gpucheck_ngu009.slurm
#	inbox/gpucheck_ngu101.slurm
#	payload/id29-nearing2022-da/closure_v12.tar.gz
#	payload/id29-nearing2022-da/closure_v13.tar.gz
#	payload/id29-nearing2022-da/gate_preflight_v1.tar.gz
#	runner.log
#	runner2.log
nothing added to commit but untracked files present (use "git add" to track)
[ERROR] push failed: a02/18 (result kept in staging, will retry push only)
[Sun Sep  6 13:43:03 CST 2026] --- retry push only: channel=a02 seq=18 ---
# On branch hpc-mailbox
# Your branch is ahead of 'origin/hpc-mailbox' by 1 commit.
#   (use "git push" to publish your local commits)
#
# Untracked files:
#   (use "git add <file>..." to include in what will be committed)
#
#	inbox/autoresearch-64/hbv_lite_64_prospective_seq62.slurm
#	inbox/gpucheck_ngu009.slurm
#	inbox/gpucheck_ngu101.slurm
#	payload/id29-nearing2022-da/closure_v12.tar.gz
#	payload/id29-nearing2022-da/closure_v13.tar.gz
#	payload/id29-nearing2022-da/gate_preflight_v1.tar.gz
#	runner.log
#	runner2.log
nothing added to commit but untracked files present (use "git add" to track)
[ERROR] push failed: a02/18 (result kept in staging, will retry push only)
[Sun Sep  6 13:44:46 CST 2026] --- retry push only: channel=a02 seq=18 ---
# On branch hpc-mailbox
# Your branch is ahead of 'origin/hpc-mailbox' by 1 commit.
#   (use "git push" to publish your local commits)
#
# Untracked files:
#   (use "git add <file>..." to include in what will be committed)
#
#	inbox/autoresearch-64/hbv_lite_64_prospective_seq62.slurm
#	inbox/gpucheck_ngu009.slurm
#	inbox/gpucheck_ngu101.slurm
#	payload/id29-nearing2022-da/closure_v12.tar.gz
#	payload/id29-nearing2022-da/closure_v13.tar.gz
#	payload/id29-nearing2022-da/gate_preflight_v1.tar.gz
#	runner.log
#	runner2.log
nothing added to commit but untracked files present (use "git add" to track)
[ERROR] push failed: a02/18 (result kept in staging, will retry push only)
[Sun Sep  6 13:46:29 CST 2026] --- retry push only: channel=a02 seq=18 ---
# On branch hpc-mailbox
# Your branch is ahead of 'origin/hpc-mailbox' by 1 commit.
#   (use "git push" to publish your local commits)
#
# Untracked files:
#   (use "git add <file>..." to include in what will be committed)
#
#	inbox/autoresearch-64/hbv_lite_64_prospective_seq62.slurm
#	inbox/gpucheck_ngu009.slurm
#	inbox/gpucheck_ngu101.slurm
#	payload/id29-nearing2022-da/closure_v12.tar.gz
#	payload/id29-nearing2022-da/closure_v13.tar.gz
#	payload/id29-nearing2022-da/gate_preflight_v1.tar.gz
#	runner.log
#	runner2.log
nothing added to commit but untracked files present (use "git add" to track)
[ERROR] push failed: a02/18 (result kept in staging, will retry push only)
[Sun Sep  6 13:48:11 CST 2026] --- retry push only: channel=a02 seq=18 ---
# On branch hpc-mailbox
# Your branch is ahead of 'origin/hpc-mailbox' by 1 commit.
#   (use "git push" to publish your local commits)
#
# Untracked files:
#   (use "git add <file>..." to include in what will be committed)
#
#	inbox/autoresearch-64/hbv_lite_64_prospective_seq62.slurm
#	inbox/gpucheck_ngu009.slurm
#	inbox/gpucheck_ngu101.slurm
#	payload/id29-nearing2022-da/closure_v12.tar.gz
#	payload/id29-nearing2022-da/closure_v13.tar.gz
#	payload/id29-nearing2022-da/gate_preflight_v1.tar.gz
#	runner.log
#	runner2.log
nothing added to commit but untracked files present (use "git add" to track)
[ERROR] push failed: a02/18 (result kept in staging, will retry push only)
[Sun Sep  6 13:49:52 CST 2026] --- retry push only: channel=a02 seq=18 ---
# On branch hpc-mailbox
# Your branch is ahead of 'origin/hpc-mailbox' by 1 commit.
#   (use "git push" to publish your local commits)
#
# Untracked files:
#   (use "git add <file>..." to include in what will be committed)
#
#	inbox/autoresearch-64/hbv_lite_64_prospective_seq62.slurm
#	inbox/gpucheck_ngu009.slurm
#	inbox/gpucheck_ngu101.slurm
#	payload/id29-nearing2022-da/closure_v12.tar.gz
#	payload/id29-nearing2022-da/closure_v13.tar.gz
#	payload/id29-nearing2022-da/gate_preflight_v1.tar.gz
#	runner.log
#	runner2.log
nothing added to commit but untracked files present (use "git add" to track)
[ERROR] push failed: a02/18 (result kept in staging, will retry push only)
[Sun Sep  6 13:51:34 CST 2026] --- retry push only: channel=a02 seq=18 ---
# On branch hpc-mailbox
# Your branch is ahead of 'origin/hpc-mailbox' by 1 commit.
#   (use "git push" to publish your local commits)
#
# Untracked files:
#   (use "git add <file>..." to include in what will be committed)
#
#	inbox/autoresearch-64/hbv_lite_64_prospective_seq62.slurm
#	inbox/gpucheck_ngu009.slurm
#	inbox/gpucheck_ngu101.slurm
#	payload/id29-nearing2022-da/closure_v12.tar.gz
#	payload/id29-nearing2022-da/closure_v13.tar.gz
#	payload/id29-nearing2022-da/gate_preflight_v1.tar.gz
#	runner.log
#	runner2.log
nothing added to commit but untracked files present (use "git add" to track)
[ERROR] push failed: a02/18 (result kept in staging, will retry push only)
[Sun Sep  6 13:53:16 CST 2026] --- retry push only: channel=a02 seq=18 ---
# On branch hpc-mailbox
# Your branch is ahead of 'origin/hpc-mailbox' by 1 commit.
#   (use "git push" to publish your local commits)
#
# Untracked files:
#   (use "git add <file>..." to include in what will be committed)
#
#	inbox/autoresearch-64/hbv_lite_64_prospective_seq62.slurm
#	inbox/gpucheck_ngu009.slurm
#	inbox/gpucheck_ngu101.slurm
#	payload/id29-nearing2022-da/closure_v12.tar.gz
#	payload/id29-nearing2022-da/closure_v13.tar.gz
#	payload/id29-nearing2022-da/gate_preflight_v1.tar.gz
#	runner.log
#	runner2.log
nothing added to commit but untracked files present (use "git add" to track)
[ERROR] push failed: a02/18 (result kept in staging, will retry push only)
[Sun Sep  6 13:54:58 CST 2026] --- retry push only: channel=a02 seq=18 ---
# On branch hpc-mailbox
# Your branch is ahead of 'origin/hpc-mailbox' by 1 commit.
#   (use "git push" to publish your local commits)
#
# Untracked files:
#   (use "git add <file>..." to include in what will be committed)
#
#	inbox/autoresearch-64/hbv_lite_64_prospective_seq62.slurm
#	inbox/gpucheck_ngu009.slurm
#	inbox/gpucheck_ngu101.slurm
#	payload/id29-nearing2022-da/closure_v12.tar.gz
#	payload/id29-nearing2022-da/closure_v13.tar.gz
#	payload/id29-nearing2022-da/gate_preflight_v1.tar.gz
#	runner.log
#	runner2.log
nothing added to commit but untracked files present (use "git add" to track)
[ERROR] push failed: a02/18 (result kept in staging, will retry push only)
[Sun Sep  6 13:56:40 CST 2026] --- retry push only: channel=a02 seq=18 ---
# On branch hpc-mailbox
# Your branch is ahead of 'origin/hpc-mailbox' by 1 commit.
#   (use "git push" to publish your local commits)
#
# Untracked files:
#   (use "git add <file>..." to include in what will be committed)
#
#	inbox/autoresearch-64/hbv_lite_64_prospective_seq62.slurm
#	inbox/gpucheck_ngu009.slurm
#	inbox/gpucheck_ngu101.slurm
#	payload/id29-nearing2022-da/closure_v12.tar.gz
#	payload/id29-nearing2022-da/closure_v13.tar.gz
#	payload/id29-nearing2022-da/gate_preflight_v1.tar.gz
#	runner.log
#	runner2.log
nothing added to commit but untracked files present (use "git add" to track)
[ERROR] push failed: a02/18 (result kept in staging, will retry push only)
[Sun Sep  6 13:58:23 CST 2026] --- retry push only: channel=a02 seq=18 ---
# On branch hpc-mailbox
# Your branch is ahead of 'origin/hpc-mailbox' by 1 commit.
#   (use "git push" to publish your local commits)
#
# Untracked files:
#   (use "git add <file>..." to include in what will be committed)
#
#	inbox/autoresearch-64/hbv_lite_64_prospective_seq62.slurm
#	inbox/gpucheck_ngu009.slurm
#	inbox/gpucheck_ngu101.slurm
#	payload/id29-nearing2022-da/closure_v12.tar.gz
#	payload/id29-nearing2022-da/closure_v13.tar.gz
#	payload/id29-nearing2022-da/gate_preflight_v1.tar.gz
#	runner.log
#	runner2.log
nothing added to commit but untracked files present (use "git add" to track)
[ERROR] push failed: a02/18 (result kept in staging, will retry push only)
[Sun Sep  6 14:00:05 CST 2026] --- retry push only: channel=a02 seq=18 ---
# On branch hpc-mailbox
# Your branch is ahead of 'origin/hpc-mailbox' by 1 commit.
#   (use "git push" to publish your local commits)
#
# Untracked files:
#   (use "git add <file>..." to include in what will be committed)
#
#	inbox/autoresearch-64/hbv_lite_64_prospective_seq62.slurm
#	inbox/gpucheck_ngu009.slurm
#	inbox/gpucheck_ngu101.slurm
#	payload/id29-nearing2022-da/closure_v12.tar.gz
#	payload/id29-nearing2022-da/closure_v13.tar.gz
#	payload/id29-nearing2022-da/gate_preflight_v1.tar.gz
#	runner.log
#	runner2.log
nothing added to commit but untracked files present (use "git add" to track)
[ERROR] push failed: a02/18 (result kept in staging, will retry push only)
[Sun Sep  6 14:01:47 CST 2026] --- retry push only: channel=a02 seq=18 ---
# On branch hpc-mailbox
# Your branch is ahead of 'origin/hpc-mailbox' by 1 commit.
#   (use "git push" to publish your local commits)
#
# Untracked files:
#   (use "git add <file>..." to include in what will be committed)
#
#	inbox/autoresearch-64/hbv_lite_64_prospective_seq62.slurm
#	inbox/gpucheck_ngu009.slurm
#	inbox/gpucheck_ngu101.slurm
#	payload/id29-nearing2022-da/closure_v12.tar.gz
#	payload/id29-nearing2022-da/closure_v13.tar.gz
#	payload/id29-nearing2022-da/gate_preflight_v1.tar.gz
#	runner.log
#	runner2.log
nothing added to commit but untracked files present (use "git add" to track)
[ERROR] push failed: a02/18 (result kept in staging, will retry push only)
[Sun Sep  6 14:03:30 CST 2026] --- retry push only: channel=a02 seq=18 ---
# On branch hpc-mailbox
# Your branch is ahead of 'origin/hpc-mailbox' by 1 commit.
#   (use "git push" to publish your local commits)
#
# Untracked files:
#   (use "git add <file>..." to include in what will be committed)
#
#	inbox/autoresearch-64/hbv_lite_64_prospective_seq62.slurm
#	inbox/gpucheck_ngu009.slurm
#	inbox/gpucheck_ngu101.slurm
#	payload/id29-nearing2022-da/closure_v12.tar.gz
#	payload/id29-nearing2022-da/closure_v13.tar.gz
#	payload/id29-nearing2022-da/gate_preflight_v1.tar.gz
#	runner.log
#	runner2.log
nothing added to commit but untracked files present (use "git add" to track)
[ERROR] push failed: a02/18 (result kept in staging, will retry push only)
[Sun Sep  6 14:05:11 CST 2026] --- retry push only: channel=a02 seq=18 ---
# On branch hpc-mailbox
# Your branch is ahead of 'origin/hpc-mailbox' by 1 commit.
#   (use "git push" to publish your local commits)
#
# Untracked files:
#   (use "git add <file>..." to include in what will be committed)
#
#	inbox/autoresearch-64/hbv_lite_64_prospective_seq62.slurm
#	inbox/gpucheck_ngu009.slurm
#	inbox/gpucheck_ngu101.slurm
#	payload/id29-nearing2022-da/closure_v12.tar.gz
#	payload/id29-nearing2022-da/closure_v13.tar.gz
#	payload/id29-nearing2022-da/gate_preflight_v1.tar.gz
#	runner.log
#	runner2.log
nothing added to commit but untracked files present (use "git add" to track)
[ERROR] push failed: a02/18 (result kept in staging, will retry push only)
[Sun Sep  6 14:06:53 CST 2026] --- retry push only: channel=a02 seq=18 ---
# On branch hpc-mailbox
# Your branch is ahead of 'origin/hpc-mailbox' by 1 commit.
#   (use "git push" to publish your local commits)
#
# Untracked files:
#   (use "git add <file>..." to include in what will be committed)
#
#	inbox/autoresearch-64/hbv_lite_64_prospective_seq62.slurm
#	inbox/gpucheck_ngu009.slurm
#	inbox/gpucheck_ngu101.slurm
#	payload/id29-nearing2022-da/closure_v12.tar.gz
#	payload/id29-nearing2022-da/closure_v13.tar.gz
#	payload/id29-nearing2022-da/gate_preflight_v1.tar.gz
#	runner.log
#	runner2.log
nothing added to commit but untracked files present (use "git add" to track)
[ERROR] push failed: a02/18 (result kept in staging, will retry push only)
[Sun Sep  6 14:08:35 CST 2026] --- retry push only: channel=a02 seq=18 ---
# On branch hpc-mailbox
# Your branch is ahead of 'origin/hpc-mailbox' by 1 commit.
#   (use "git push" to publish your local commits)
#
# Untracked files:
#   (use "git add <file>..." to include in what will be committed)
#
#	inbox/autoresearch-64/hbv_lite_64_prospective_seq62.slurm
#	inbox/gpucheck_ngu009.slurm
#	inbox/gpucheck_ngu101.slurm
#	payload/id29-nearing2022-da/closure_v12.tar.gz
#	payload/id29-nearing2022-da/closure_v13.tar.gz
#	payload/id29-nearing2022-da/gate_preflight_v1.tar.gz
#	runner.log
#	runner2.log
nothing added to commit but untracked files present (use "git add" to track)
[ERROR] push failed: a02/18 (result kept in staging, will retry push only)
[Sun Sep  6 14:10:16 CST 2026] --- retry push only: channel=a02 seq=18 ---
# On branch hpc-mailbox
# Your branch is ahead of 'origin/hpc-mailbox' by 1 commit.
#   (use "git push" to publish your local commits)
#
# Untracked files:
#   (use "git add <file>..." to include in what will be committed)
#
#	inbox/autoresearch-64/hbv_lite_64_prospective_seq62.slurm
#	inbox/gpucheck_ngu009.slurm
#	inbox/gpucheck_ngu101.slurm
#	payload/id29-nearing2022-da/closure_v12.tar.gz
#	payload/id29-nearing2022-da/closure_v13.tar.gz
#	payload/id29-nearing2022-da/gate_preflight_v1.tar.gz
#	runner.log
#	runner2.log
nothing added to commit but untracked files present (use "git add" to track)
[ERROR] push failed: a02/18 (result kept in staging, will retry push only)
[Sun Sep  6 14:11:57 CST 2026] --- retry push only: channel=a02 seq=18 ---
# On branch hpc-mailbox
# Your branch is ahead of 'origin/hpc-mailbox' by 1 commit.
#   (use "git push" to publish your local commits)
#
# Untracked files:
#   (use "git add <file>..." to include in what will be committed)
#
#	inbox/autoresearch-64/hbv_lite_64_prospective_seq62.slurm
#	inbox/gpucheck_ngu009.slurm
#	inbox/gpucheck_ngu101.slurm
#	payload/id29-nearing2022-da/closure_v12.tar.gz
#	payload/id29-nearing2022-da/closure_v13.tar.gz
#	payload/id29-nearing2022-da/gate_preflight_v1.tar.gz
#	runner.log
#	runner2.log
nothing added to commit but untracked files present (use "git add" to track)
[ERROR] push failed: a02/18 (result kept in staging, will retry push only)
[Sun Sep  6 14:13:39 CST 2026] --- retry push only: channel=a02 seq=18 ---
# On branch hpc-mailbox
# Your branch is ahead of 'origin/hpc-mailbox' by 1 commit.
#   (use "git push" to publish your local commits)
#
# Untracked files:
#   (use "git add <file>..." to include in what will be committed)
#
#	inbox/autoresearch-64/hbv_lite_64_prospective_seq62.slurm
#	inbox/gpucheck_ngu009.slurm
#	inbox/gpucheck_ngu101.slurm
#	payload/id29-nearing2022-da/closure_v12.tar.gz
#	payload/id29-nearing2022-da/closure_v13.tar.gz
#	payload/id29-nearing2022-da/gate_preflight_v1.tar.gz
#	runner.log
#	runner2.log
nothing added to commit but untracked files present (use "git add" to track)
[ERROR] push failed: a02/18 (result kept in staging, will retry push only)
[Sun Sep  6 14:15:22 CST 2026] --- retry push only: channel=a02 seq=18 ---
# On branch hpc-mailbox
# Your branch is ahead of 'origin/hpc-mailbox' by 1 commit.
#   (use "git push" to publish your local commits)
#
# Untracked files:
#   (use "git add <file>..." to include in what will be committed)
#
#	inbox/autoresearch-64/hbv_lite_64_prospective_seq62.slurm
#	inbox/gpucheck_ngu009.slurm
#	inbox/gpucheck_ngu101.slurm
#	payload/id29-nearing2022-da/closure_v12.tar.gz
#	payload/id29-nearing2022-da/closure_v13.tar.gz
#	payload/id29-nearing2022-da/gate_preflight_v1.tar.gz
#	runner.log
#	runner2.log
nothing added to commit but untracked files present (use "git add" to track)
[ERROR] push failed: a02/18 (result kept in staging, will retry push only)
[Sun Sep  6 14:17:03 CST 2026] --- retry push only: channel=a02 seq=18 ---
# On branch hpc-mailbox
# Your branch is ahead of 'origin/hpc-mailbox' by 1 commit.
#   (use "git push" to publish your local commits)
#
# Untracked files:
#   (use "git add <file>..." to include in what will be committed)
#
#	inbox/autoresearch-64/hbv_lite_64_prospective_seq62.slurm
#	inbox/gpucheck_ngu009.slurm
#	inbox/gpucheck_ngu101.slurm
#	payload/id29-nearing2022-da/closure_v12.tar.gz
#	payload/id29-nearing2022-da/closure_v13.tar.gz
#	payload/id29-nearing2022-da/gate_preflight_v1.tar.gz
#	runner.log
#	runner2.log
nothing added to commit but untracked files present (use "git add" to track)
[ERROR] push failed: a02/18 (result kept in staging, will retry push only)
[Sun Sep  6 14:18:46 CST 2026] --- retry push only: channel=a02 seq=18 ---
# On branch hpc-mailbox
# Your branch is ahead of 'origin/hpc-mailbox' by 1 commit.
#   (use "git push" to publish your local commits)
#
# Untracked files:
#   (use "git add <file>..." to include in what will be committed)
#
#	inbox/autoresearch-64/hbv_lite_64_prospective_seq62.slurm
#	inbox/gpucheck_ngu009.slurm
#	inbox/gpucheck_ngu101.slurm
#	payload/id29-nearing2022-da/closure_v12.tar.gz
#	payload/id29-nearing2022-da/closure_v13.tar.gz
#	payload/id29-nearing2022-da/gate_preflight_v1.tar.gz
#	runner.log
#	runner2.log
nothing added to commit but untracked files present (use "git add" to track)
[ERROR] push failed: a02/18 (result kept in staging, will retry push only)
[Sun Sep  6 14:20:28 CST 2026] --- retry push only: channel=a02 seq=18 ---
# On branch hpc-mailbox
# Your branch is ahead of 'origin/hpc-mailbox' by 1 commit.
#   (use "git push" to publish your local commits)
#
# Untracked files:
#   (use "git add <file>..." to include in what will be committed)
#
#	inbox/autoresearch-64/hbv_lite_64_prospective_seq62.slurm
#	inbox/gpucheck_ngu009.slurm
#	inbox/gpucheck_ngu101.slurm
#	payload/id29-nearing2022-da/closure_v12.tar.gz
#	payload/id29-nearing2022-da/closure_v13.tar.gz
#	payload/id29-nearing2022-da/gate_preflight_v1.tar.gz
#	runner.log
#	runner2.log
nothing added to commit but untracked files present (use "git add" to track)
[ERROR] push failed: a02/18 (result kept in staging, will retry push only)
[Sun Sep  6 14:22:10 CST 2026] --- retry push only: channel=a02 seq=18 ---
# On branch hpc-mailbox
# Your branch is ahead of 'origin/hpc-mailbox' by 1 commit.
#   (use "git push" to publish your local commits)
#
# Untracked files:
#   (use "git add <file>..." to include in what will be committed)
#
#	inbox/autoresearch-64/hbv_lite_64_prospective_seq62.slurm
#	inbox/gpucheck_ngu009.slurm
#	inbox/gpucheck_ngu101.slurm
#	payload/id29-nearing2022-da/closure_v12.tar.gz
#	payload/id29-nearing2022-da/closure_v13.tar.gz
#	payload/id29-nearing2022-da/gate_preflight_v1.tar.gz
#	runner.log
#	runner2.log
nothing added to commit but untracked files present (use "git add" to track)
[ERROR] push failed: a02/18 (result kept in staging, will retry push only)
[Sun Sep  6 14:23:54 CST 2026] --- retry push only: channel=a02 seq=18 ---
# On branch hpc-mailbox
# Your branch is ahead of 'origin/hpc-mailbox' by 1 commit.
#   (use "git push" to publish your local commits)
#
# Untracked files:
#   (use "git add <file>..." to include in what will be committed)
#
#	inbox/autoresearch-64/hbv_lite_64_prospective_seq62.slurm
#	inbox/gpucheck_ngu009.slurm
#	inbox/gpucheck_ngu101.slurm
#	payload/id29-nearing2022-da/closure_v12.tar.gz
#	payload/id29-nearing2022-da/closure_v13.tar.gz
#	payload/id29-nearing2022-da/gate_preflight_v1.tar.gz
#	runner.log
#	runner2.log
nothing added to commit but untracked files present (use "git add" to track)
[ERROR] push failed: a02/18 (result kept in staging, will retry push only)
[Sun Sep  6 14:25:36 CST 2026] --- retry push only: channel=a02 seq=18 ---
# On branch hpc-mailbox
# Your branch is ahead of 'origin/hpc-mailbox' by 1 commit.
#   (use "git push" to publish your local commits)
#
# Untracked files:
#   (use "git add <file>..." to include in what will be committed)
#
#	inbox/autoresearch-64/hbv_lite_64_prospective_seq62.slurm
#	inbox/gpucheck_ngu009.slurm
#	inbox/gpucheck_ngu101.slurm
#	payload/id29-nearing2022-da/closure_v12.tar.gz
#	payload/id29-nearing2022-da/closure_v13.tar.gz
#	payload/id29-nearing2022-da/gate_preflight_v1.tar.gz
#	runner.log
#	runner2.log
nothing added to commit but untracked files present (use "git add" to track)
[ERROR] push failed: a02/18 (result kept in staging, will retry push only)
[Sun Sep  6 14:27:19 CST 2026] --- retry push only: channel=a02 seq=18 ---
# On branch hpc-mailbox
# Your branch is ahead of 'origin/hpc-mailbox' by 1 commit.
#   (use "git push" to publish your local commits)
#
# Untracked files:
#   (use "git add <file>..." to include in what will be committed)
#
#	inbox/autoresearch-64/hbv_lite_64_prospective_seq62.slurm
#	inbox/gpucheck_ngu009.slurm
#	inbox/gpucheck_ngu101.slurm
#	payload/id29-nearing2022-da/closure_v12.tar.gz
#	payload/id29-nearing2022-da/closure_v13.tar.gz
#	payload/id29-nearing2022-da/gate_preflight_v1.tar.gz
#	runner.log
#	runner2.log
nothing added to commit but untracked files present (use "git add" to track)
[ERROR] push failed: a02/18 (result kept in staging, will retry push only)
[Sun Sep  6 14:29:02 CST 2026] --- retry push only: channel=a02 seq=18 ---
# On branch hpc-mailbox
# Your branch is ahead of 'origin/hpc-mailbox' by 1 commit.
#   (use "git push" to publish your local commits)
#
# Untracked files:
#   (use "git add <file>..." to include in what will be committed)
#
#	inbox/autoresearch-64/hbv_lite_64_prospective_seq62.slurm
#	inbox/gpucheck_ngu009.slurm
#	inbox/gpucheck_ngu101.slurm
#	payload/id29-nearing2022-da/closure_v12.tar.gz
#	payload/id29-nearing2022-da/closure_v13.tar.gz
#	payload/id29-nearing2022-da/gate_preflight_v1.tar.gz
#	runner.log
#	runner2.log
nothing added to commit but untracked files present (use "git add" to track)
[ERROR] push failed: a02/18 (result kept in staging, will retry push only)
[Sun Sep  6 14:30:44 CST 2026] --- retry push only: channel=a02 seq=18 ---
# On branch hpc-mailbox
# Your branch is ahead of 'origin/hpc-mailbox' by 1 commit.
#   (use "git push" to publish your local commits)
#
# Untracked files:
#   (use "git add <file>..." to include in what will be committed)
#
#	inbox/autoresearch-64/hbv_lite_64_prospective_seq62.slurm
#	inbox/gpucheck_ngu009.slurm
#	inbox/gpucheck_ngu101.slurm
#	payload/id29-nearing2022-da/closure_v12.tar.gz
#	payload/id29-nearing2022-da/closure_v13.tar.gz
#	payload/id29-nearing2022-da/gate_preflight_v1.tar.gz
#	runner.log
#	runner2.log
nothing added to commit but untracked files present (use "git add" to track)
[ERROR] push failed: a02/18 (result kept in staging, will retry push only)
[Sun Sep  6 14:32:25 CST 2026] --- retry push only: channel=a02 seq=18 ---
# On branch hpc-mailbox
# Your branch is ahead of 'origin/hpc-mailbox' by 1 commit.
#   (use "git push" to publish your local commits)
#
# Untracked files:
#   (use "git add <file>..." to include in what will be committed)
#
#	inbox/autoresearch-64/hbv_lite_64_prospective_seq62.slurm
#	inbox/gpucheck_ngu009.slurm
#	inbox/gpucheck_ngu101.slurm
#	payload/id29-nearing2022-da/closure_v12.tar.gz
#	payload/id29-nearing2022-da/closure_v13.tar.gz
#	payload/id29-nearing2022-da/gate_preflight_v1.tar.gz
#	runner.log
#	runner2.log
nothing added to commit but untracked files present (use "git add" to track)
[ERROR] push failed: a02/18 (result kept in staging, will retry push only)
[Sun Sep  6 14:34:08 CST 2026] --- retry push only: channel=a02 seq=18 ---
# On branch hpc-mailbox
# Your branch is ahead of 'origin/hpc-mailbox' by 1 commit.
#   (use "git push" to publish your local commits)
#
# Untracked files:
#   (use "git add <file>..." to include in what will be committed)
#
#	inbox/autoresearch-64/hbv_lite_64_prospective_seq62.slurm
#	inbox/gpucheck_ngu009.slurm
#	inbox/gpucheck_ngu101.slurm
#	payload/id29-nearing2022-da/closure_v12.tar.gz
#	payload/id29-nearing2022-da/closure_v13.tar.gz
#	payload/id29-nearing2022-da/gate_preflight_v1.tar.gz
#	runner.log
#	runner2.log
nothing added to commit but untracked files present (use "git add" to track)
[ERROR] push failed: a02/18 (result kept in staging, will retry push only)
[Sun Sep  6 14:35:50 CST 2026] --- retry push only: channel=a02 seq=18 ---
# On branch hpc-mailbox
# Your branch is ahead of 'origin/hpc-mailbox' by 1 commit.
#   (use "git push" to publish your local commits)
#
# Untracked files:
#   (use "git add <file>..." to include in what will be committed)
#
#	inbox/autoresearch-64/hbv_lite_64_prospective_seq62.slurm
#	inbox/gpucheck_ngu009.slurm
#	inbox/gpucheck_ngu101.slurm
#	payload/id29-nearing2022-da/closure_v12.tar.gz
#	payload/id29-nearing2022-da/closure_v13.tar.gz
#	payload/id29-nearing2022-da/gate_preflight_v1.tar.gz
#	runner.log
#	runner2.log
nothing added to commit but untracked files present (use "git add" to track)
[ERROR] push failed: a02/18 (result kept in staging, will retry push only)
[Sun Sep  6 14:37:32 CST 2026] --- retry push only: channel=a02 seq=18 ---
# On branch hpc-mailbox
# Your branch is ahead of 'origin/hpc-mailbox' by 1 commit.
#   (use "git push" to publish your local commits)
#
# Untracked files:
#   (use "git add <file>..." to include in what will be committed)
#
#	inbox/autoresearch-64/hbv_lite_64_prospective_seq62.slurm
#	inbox/gpucheck_ngu009.slurm
#	inbox/gpucheck_ngu101.slurm
#	payload/id29-nearing2022-da/closure_v12.tar.gz
#	payload/id29-nearing2022-da/closure_v13.tar.gz
#	payload/id29-nearing2022-da/gate_preflight_v1.tar.gz
#	runner.log
#	runner2.log
nothing added to commit but untracked files present (use "git add" to track)
[ERROR] push failed: a02/18 (result kept in staging, will retry push only)
[Sun Sep  6 14:39:17 CST 2026] --- retry push only: channel=a02 seq=18 ---
# On branch hpc-mailbox
# Your branch is ahead of 'origin/hpc-mailbox' by 1 commit.
#   (use "git push" to publish your local commits)
#
# Untracked files:
#   (use "git add <file>..." to include in what will be committed)
#
#	inbox/autoresearch-64/hbv_lite_64_prospective_seq62.slurm
#	inbox/gpucheck_ngu009.slurm
#	inbox/gpucheck_ngu101.slurm
#	payload/id29-nearing2022-da/closure_v12.tar.gz
#	payload/id29-nearing2022-da/closure_v13.tar.gz
#	payload/id29-nearing2022-da/gate_preflight_v1.tar.gz
#	runner.log
#	runner2.log
nothing added to commit but untracked files present (use "git add" to track)
[ERROR] push failed: a02/18 (result kept in staging, will retry push only)
[Sun Sep  6 14:41:00 CST 2026] --- retry push only: channel=a02 seq=18 ---
# On branch hpc-mailbox
# Your branch is ahead of 'origin/hpc-mailbox' by 1 commit.
#   (use "git push" to publish your local commits)
#
# Untracked files:
#   (use "git add <file>..." to include in what will be committed)
#
#	inbox/autoresearch-64/hbv_lite_64_prospective_seq62.slurm
#	inbox/gpucheck_ngu009.slurm
#	inbox/gpucheck_ngu101.slurm
#	payload/id29-nearing2022-da/closure_v12.tar.gz
#	payload/id29-nearing2022-da/closure_v13.tar.gz
#	payload/id29-nearing2022-da/gate_preflight_v1.tar.gz
#	runner.log
#	runner2.log
nothing added to commit but untracked files present (use "git add" to track)
[ERROR] push failed: a02/18 (result kept in staging, will retry push only)
[Sun Sep  6 14:42:42 CST 2026] --- retry push only: channel=a02 seq=18 ---
# On branch hpc-mailbox
# Your branch is ahead of 'origin/hpc-mailbox' by 1 commit.
#   (use "git push" to publish your local commits)
#
# Untracked files:
#   (use "git add <file>..." to include in what will be committed)
#
#	inbox/autoresearch-64/hbv_lite_64_prospective_seq62.slurm
#	inbox/gpucheck_ngu009.slurm
#	inbox/gpucheck_ngu101.slurm
#	payload/id29-nearing2022-da/closure_v12.tar.gz
#	payload/id29-nearing2022-da/closure_v13.tar.gz
#	payload/id29-nearing2022-da/gate_preflight_v1.tar.gz
#	runner.log
#	runner2.log
nothing added to commit but untracked files present (use "git add" to track)
[ERROR] push failed: a02/18 (result kept in staging, will retry push only)
[Sun Sep  6 14:44:24 CST 2026] --- retry push only: channel=a02 seq=18 ---
# On branch hpc-mailbox
# Your branch is ahead of 'origin/hpc-mailbox' by 1 commit.
#   (use "git push" to publish your local commits)
#
# Untracked files:
#   (use "git add <file>..." to include in what will be committed)
#
#	inbox/autoresearch-64/hbv_lite_64_prospective_seq62.slurm
#	inbox/gpucheck_ngu009.slurm
#	inbox/gpucheck_ngu101.slurm
#	payload/id29-nearing2022-da/closure_v12.tar.gz
#	payload/id29-nearing2022-da/closure_v13.tar.gz
#	payload/id29-nearing2022-da/gate_preflight_v1.tar.gz
#	runner.log
#	runner2.log
nothing added to commit but untracked files present (use "git add" to track)
[ERROR] push failed: a02/18 (result kept in staging, will retry push only)
[Sun Sep  6 14:46:07 CST 2026] --- retry push only: channel=a02 seq=18 ---
# On branch hpc-mailbox
# Your branch is ahead of 'origin/hpc-mailbox' by 1 commit.
#   (use "git push" to publish your local commits)
#
# Untracked files:
#   (use "git add <file>..." to include in what will be committed)
#
#	inbox/autoresearch-64/hbv_lite_64_prospective_seq62.slurm
#	inbox/gpucheck_ngu009.slurm
#	inbox/gpucheck_ngu101.slurm
#	payload/id29-nearing2022-da/closure_v12.tar.gz
#	payload/id29-nearing2022-da/closure_v13.tar.gz
#	payload/id29-nearing2022-da/gate_preflight_v1.tar.gz
#	runner.log
#	runner2.log
nothing added to commit but untracked files present (use "git add" to track)
[ERROR] push failed: a02/18 (result kept in staging, will retry push only)
[Sun Sep  6 14:47:49 CST 2026] --- retry push only: channel=a02 seq=18 ---
# On branch hpc-mailbox
# Your branch is ahead of 'origin/hpc-mailbox' by 1 commit.
#   (use "git push" to publish your local commits)
#
# Untracked files:
#   (use "git add <file>..." to include in what will be committed)
#
#	inbox/autoresearch-64/hbv_lite_64_prospective_seq62.slurm
#	inbox/gpucheck_ngu009.slurm
#	inbox/gpucheck_ngu101.slurm
#	payload/id29-nearing2022-da/closure_v12.tar.gz
#	payload/id29-nearing2022-da/closure_v13.tar.gz
#	payload/id29-nearing2022-da/gate_preflight_v1.tar.gz
#	runner.log
#	runner2.log
nothing added to commit but untracked files present (use "git add" to track)
[ERROR] push failed: a02/18 (result kept in staging, will retry push only)
[Sun Sep  6 14:49:32 CST 2026] --- retry push only: channel=a02 seq=18 ---
# On branch hpc-mailbox
# Your branch is ahead of 'origin/hpc-mailbox' by 1 commit.
#   (use "git push" to publish your local commits)
#
# Untracked files:
#   (use "git add <file>..." to include in what will be committed)
#
#	inbox/autoresearch-64/hbv_lite_64_prospective_seq62.slurm
#	inbox/gpucheck_ngu009.slurm
#	inbox/gpucheck_ngu101.slurm
#	payload/id29-nearing2022-da/closure_v12.tar.gz
#	payload/id29-nearing2022-da/closure_v13.tar.gz
#	payload/id29-nearing2022-da/gate_preflight_v1.tar.gz
#	runner.log
#	runner2.log
nothing added to commit but untracked files present (use "git add" to track)
[ERROR] push failed: a02/18 (result kept in staging, will retry push only)
[Sun Sep  6 14:51:14 CST 2026] --- retry push only: channel=a02 seq=18 ---
# On branch hpc-mailbox
# Your branch is ahead of 'origin/hpc-mailbox' by 1 commit.
#   (use "git push" to publish your local commits)
#
# Untracked files:
#   (use "git add <file>..." to include in what will be committed)
#
#	inbox/autoresearch-64/hbv_lite_64_prospective_seq62.slurm
#	inbox/gpucheck_ngu009.slurm
#	inbox/gpucheck_ngu101.slurm
#	payload/id29-nearing2022-da/closure_v12.tar.gz
#	payload/id29-nearing2022-da/closure_v13.tar.gz
#	payload/id29-nearing2022-da/gate_preflight_v1.tar.gz
#	runner.log
#	runner2.log
nothing added to commit but untracked files present (use "git add" to track)
[ERROR] push failed: a02/18 (result kept in staging, will retry push only)
[Sun Sep  6 14:52:56 CST 2026] --- retry push only: channel=a02 seq=18 ---
# On branch hpc-mailbox
# Your branch is ahead of 'origin/hpc-mailbox' by 1 commit.
#   (use "git push" to publish your local commits)
#
# Untracked files:
#   (use "git add <file>..." to include in what will be committed)
#
#	inbox/autoresearch-64/hbv_lite_64_prospective_seq62.slurm
#	inbox/gpucheck_ngu009.slurm
#	inbox/gpucheck_ngu101.slurm
#	payload/id29-nearing2022-da/closure_v12.tar.gz
#	payload/id29-nearing2022-da/closure_v13.tar.gz
#	payload/id29-nearing2022-da/gate_preflight_v1.tar.gz
#	runner.log
#	runner2.log
nothing added to commit but untracked files present (use "git add" to track)
[ERROR] push failed: a02/18 (result kept in staging, will retry push only)
[Sun Sep  6 14:54:38 CST 2026] --- retry push only: channel=a02 seq=18 ---
# On branch hpc-mailbox
# Your branch is ahead of 'origin/hpc-mailbox' by 1 commit.
#   (use "git push" to publish your local commits)
#
# Untracked files:
#   (use "git add <file>..." to include in what will be committed)
#
#	inbox/autoresearch-64/hbv_lite_64_prospective_seq62.slurm
#	inbox/gpucheck_ngu009.slurm
#	inbox/gpucheck_ngu101.slurm
#	payload/id29-nearing2022-da/closure_v12.tar.gz
#	payload/id29-nearing2022-da/closure_v13.tar.gz
#	payload/id29-nearing2022-da/gate_preflight_v1.tar.gz
#	runner.log
#	runner2.log
nothing added to commit but untracked files present (use "git add" to track)
[ERROR] push failed: a02/18 (result kept in staging, will retry push only)
[Sun Sep  6 14:56:20 CST 2026] --- retry push only: channel=a02 seq=18 ---
# On branch hpc-mailbox
# Your branch is ahead of 'origin/hpc-mailbox' by 1 commit.
#   (use "git push" to publish your local commits)
#
# Untracked files:
#   (use "git add <file>..." to include in what will be committed)
#
#	inbox/autoresearch-64/hbv_lite_64_prospective_seq62.slurm
#	inbox/gpucheck_ngu009.slurm
#	inbox/gpucheck_ngu101.slurm
#	payload/id29-nearing2022-da/closure_v12.tar.gz
#	payload/id29-nearing2022-da/closure_v13.tar.gz
#	payload/id29-nearing2022-da/gate_preflight_v1.tar.gz
#	runner.log
#	runner2.log
nothing added to commit but untracked files present (use "git add" to track)
[ERROR] push failed: a02/18 (result kept in staging, will retry push only)
[Sun Sep  6 14:58:02 CST 2026] --- retry push only: channel=a02 seq=18 ---
# On branch hpc-mailbox
# Your branch is ahead of 'origin/hpc-mailbox' by 1 commit.
#   (use "git push" to publish your local commits)
#
# Untracked files:
#   (use "git add <file>..." to include in what will be committed)
#
#	inbox/autoresearch-64/hbv_lite_64_prospective_seq62.slurm
#	inbox/gpucheck_ngu009.slurm
#	inbox/gpucheck_ngu101.slurm
#	payload/id29-nearing2022-da/closure_v12.tar.gz
#	payload/id29-nearing2022-da/closure_v13.tar.gz
#	payload/id29-nearing2022-da/gate_preflight_v1.tar.gz
#	runner.log
#	runner2.log
nothing added to commit but untracked files present (use "git add" to track)
[ERROR] push failed: a02/18 (result kept in staging, will retry push only)
[Sun Sep  6 14:59:45 CST 2026] --- retry push only: channel=a02 seq=18 ---
# On branch hpc-mailbox
# Your branch is ahead of 'origin/hpc-mailbox' by 1 commit.
#   (use "git push" to publish your local commits)
#
# Untracked files:
#   (use "git add <file>..." to include in what will be committed)
#
#	inbox/autoresearch-64/hbv_lite_64_prospective_seq62.slurm
#	inbox/gpucheck_ngu009.slurm
#	inbox/gpucheck_ngu101.slurm
#	payload/id29-nearing2022-da/closure_v12.tar.gz
#	payload/id29-nearing2022-da/closure_v13.tar.gz
#	payload/id29-nearing2022-da/gate_preflight_v1.tar.gz
#	runner.log
#	runner2.log
nothing added to commit but untracked files present (use "git add" to track)
[ERROR] push failed: a02/18 (result kept in staging, will retry push only)
[Sun Sep  6 15:01:27 CST 2026] --- retry push only: channel=a02 seq=18 ---
# On branch hpc-mailbox
# Your branch is ahead of 'origin/hpc-mailbox' by 1 commit.
#   (use "git push" to publish your local commits)
#
# Untracked files:
#   (use "git add <file>..." to include in what will be committed)
#
#	inbox/autoresearch-64/hbv_lite_64_prospective_seq62.slurm
#	inbox/gpucheck_ngu009.slurm
#	inbox/gpucheck_ngu101.slurm
#	payload/id29-nearing2022-da/closure_v12.tar.gz
#	payload/id29-nearing2022-da/closure_v13.tar.gz
#	payload/id29-nearing2022-da/gate_preflight_v1.tar.gz
#	runner.log
#	runner2.log
nothing added to commit but untracked files present (use "git add" to track)
[ERROR] push failed: a02/18 (result kept in staging, will retry push only)
[Sun Sep  6 15:03:11 CST 2026] --- retry push only: channel=a02 seq=18 ---
# On branch hpc-mailbox
# Your branch is ahead of 'origin/hpc-mailbox' by 1 commit.
#   (use "git push" to publish your local commits)
#
# Untracked files:
#   (use "git add <file>..." to include in what will be committed)
#
#	inbox/autoresearch-64/hbv_lite_64_prospective_seq62.slurm
#	inbox/gpucheck_ngu009.slurm
#	inbox/gpucheck_ngu101.slurm
#	payload/id29-nearing2022-da/closure_v12.tar.gz
#	payload/id29-nearing2022-da/closure_v13.tar.gz
#	payload/id29-nearing2022-da/gate_preflight_v1.tar.gz
#	runner.log
#	runner2.log
nothing added to commit but untracked files present (use "git add" to track)
[Sun Sep  6 15:04:24 CST 2026] --- start channel=id29-nearing2022-da seq=513 ---
[ERROR] push failed: a02/18 (result kept in staging, will retry push only)
[Sun Sep  6 15:05:32 CST 2026] --- retry push only: channel=a02 seq=18 ---
[Sun Sep  6 15:05:36 CST 2026] done channel=id29-nearing2022-da seq=513 rc=0
# On branch hpc-mailbox
# Your branch is ahead of 'origin/hpc-mailbox' by 1 commit.
#   (use "git push" to publish your local commits)
#
# Untracked files:
#   (use "git add <file>..." to include in what will be committed)
#
#	inbox/autoresearch-64/hbv_lite_64_prospective_seq62.slurm
#	inbox/gpucheck_ngu009.slurm
#	inbox/gpucheck_ngu101.slurm
#	payload/id29-nearing2022-da/closure_v12.tar.gz
#	payload/id29-nearing2022-da/closure_v13.tar.gz
#	payload/id29-nearing2022-da/gate_preflight_v1.tar.gz
#	runner.log
#	runner2.log
nothing added to commit but untracked files present (use "git add" to track)
[Sun Sep  6 15:06:46 CST 2026] --- start channel=id29-nearing2022-da seq=514 ---
[ERROR] push failed: a02/18 (result kept in staging, will retry push only)
[Sun Sep  6 15:07:21 CST 2026] --- retry push only: channel=a02 seq=18 ---
[Sun Sep  6 15:07:31 CST 2026] done channel=id29-nearing2022-da seq=514 rc=0
# On branch hpc-mailbox
# Your branch is ahead of 'origin/hpc-mailbox' by 1 commit.
#   (use "git push" to publish your local commits)
#
# Untracked files:
#   (use "git add <file>..." to include in what will be committed)
#
#	inbox/autoresearch-64/hbv_lite_64_prospective_seq62.slurm
#	inbox/gpucheck_ngu009.slurm
#	inbox/gpucheck_ngu101.slurm
#	payload/id29-nearing2022-da/closure_v12.tar.gz
#	payload/id29-nearing2022-da/closure_v13.tar.gz
#	payload/id29-nearing2022-da/gate_preflight_v1.tar.gz
#	runner.log
#	runner2.log
nothing added to commit but untracked files present (use "git add" to track)
[Sun Sep  6 15:08:34 CST 2026] --- start channel=id29-nearing2022-da seq=515 ---
[ERROR] push failed: a02/18 (result kept in staging, will retry push only)
[Sun Sep  6 15:09:43 CST 2026] --- retry push only: channel=a02 seq=18 ---
[Sun Sep  6 15:09:53 CST 2026] done channel=id29-nearing2022-da seq=515 rc=0
# On branch hpc-mailbox
# Your branch is ahead of 'origin/hpc-mailbox' by 1 commit.
#   (use "git push" to publish your local commits)
#
# Untracked files:
#   (use "git add <file>..." to include in what will be committed)
#
#	inbox/autoresearch-64/hbv_lite_64_prospective_seq62.slurm
#	inbox/gpucheck_ngu009.slurm
#	inbox/gpucheck_ngu101.slurm
#	payload/id29-nearing2022-da/closure_v12.tar.gz
#	payload/id29-nearing2022-da/closure_v13.tar.gz
#	payload/id29-nearing2022-da/gate_preflight_v1.tar.gz
#	runner.log
#	runner2.log
nothing added to commit but untracked files present (use "git add" to track)
[ERROR] push failed: a02/18 (result kept in staging, will retry push only)
[Sun Sep  6 15:11:26 CST 2026] --- retry push only: channel=a02 seq=18 ---
[Sun Sep  6 15:11:26 CST 2026] --- start channel=id29-nearing2022-da seq=516 ---
# On branch hpc-mailbox
# Your branch is ahead of 'origin/hpc-mailbox' by 1 commit.
#   (use "git push" to publish your local commits)
#
# Untracked files:
#   (use "git add <file>..." to include in what will be committed)
#
#	inbox/autoresearch-64/hbv_lite_64_prospective_seq62.slurm
#	inbox/gpucheck_ngu009.slurm
#	inbox/gpucheck_ngu101.slurm
#	payload/id29-nearing2022-da/closure_v12.tar.gz
#	payload/id29-nearing2022-da/closure_v13.tar.gz
#	payload/id29-nearing2022-da/gate_preflight_v1.tar.gz
#	runner.log
#	runner2.log
nothing added to commit but untracked files present (use "git add" to track)
[ERROR] push failed: a02/18 (result kept in staging, will retry push only)
[Sun Sep  6 15:13:07 CST 2026] --- retry push only: channel=a02 seq=18 ---
[Sun Sep  6 15:13:10 CST 2026] done channel=id29-nearing2022-da seq=516 rc=0
# On branch hpc-mailbox
# Your branch is ahead of 'origin/hpc-mailbox' by 1 commit.
#   (use "git push" to publish your local commits)
#
# Untracked files:
#   (use "git add <file>..." to include in what will be committed)
#
#	inbox/autoresearch-64/hbv_lite_64_prospective_seq62.slurm
#	inbox/gpucheck_ngu009.slurm
#	inbox/gpucheck_ngu101.slurm
#	payload/id29-nearing2022-da/closure_v12.tar.gz
#	payload/id29-nearing2022-da/closure_v13.tar.gz
#	payload/id29-nearing2022-da/gate_preflight_v1.tar.gz
#	runner.log
#	runner2.log
nothing added to commit but untracked files present (use "git add" to track)
[ERROR] push failed: a02/18 (result kept in staging, will retry push only)
[Sun Sep  6 15:14:48 CST 2026] --- retry push only: channel=a02 seq=18 ---
# On branch hpc-mailbox
# Your branch is ahead of 'origin/hpc-mailbox' by 1 commit.
#   (use "git push" to publish your local commits)
#
# Untracked files:
#   (use "git add <file>..." to include in what will be committed)
#
#	inbox/autoresearch-64/hbv_lite_64_prospective_seq62.slurm
#	inbox/gpucheck_ngu009.slurm
#	inbox/gpucheck_ngu101.slurm
#	payload/id29-nearing2022-da/closure_v12.tar.gz
#	payload/id29-nearing2022-da/closure_v13.tar.gz
#	payload/id29-nearing2022-da/gate_preflight_v1.tar.gz
#	runner.log
#	runner2.log
nothing added to commit but untracked files present (use "git add" to track)
[ERROR] push failed: a02/18 (result kept in staging, will retry push only)
[Sun Sep  6 15:16:31 CST 2026] --- retry push only: channel=a02 seq=18 ---
# On branch hpc-mailbox
# Your branch is ahead of 'origin/hpc-mailbox' by 1 commit.
#   (use "git push" to publish your local commits)
#
# Untracked files:
#   (use "git add <file>..." to include in what will be committed)
#
#	inbox/autoresearch-64/hbv_lite_64_prospective_seq62.slurm
#	inbox/gpucheck_ngu009.slurm
#	inbox/gpucheck_ngu101.slurm
#	payload/id29-nearing2022-da/closure_v12.tar.gz
#	payload/id29-nearing2022-da/closure_v13.tar.gz
#	payload/id29-nearing2022-da/gate_preflight_v1.tar.gz
#	runner.log
#	runner2.log
nothing added to commit but untracked files present (use "git add" to track)
[ERROR] push failed: a02/18 (result kept in staging, will retry push only)
[Sun Sep  6 15:18:12 CST 2026] --- retry push only: channel=a02 seq=18 ---
# On branch hpc-mailbox
# Your branch is ahead of 'origin/hpc-mailbox' by 1 commit.
#   (use "git push" to publish your local commits)
#
# Untracked files:
#   (use "git add <file>..." to include in what will be committed)
#
#	inbox/autoresearch-64/hbv_lite_64_prospective_seq62.slurm
#	inbox/gpucheck_ngu009.slurm
#	inbox/gpucheck_ngu101.slurm
#	payload/id29-nearing2022-da/closure_v12.tar.gz
#	payload/id29-nearing2022-da/closure_v13.tar.gz
#	payload/id29-nearing2022-da/gate_preflight_v1.tar.gz
#	runner.log
#	runner2.log
nothing added to commit but untracked files present (use "git add" to track)
[ERROR] push failed: a02/18 (result kept in staging, will retry push only)
[Sun Sep  6 15:19:54 CST 2026] --- retry push only: channel=a02 seq=18 ---
# On branch hpc-mailbox
# Your branch is ahead of 'origin/hpc-mailbox' by 1 commit.
#   (use "git push" to publish your local commits)
#
# Untracked files:
#   (use "git add <file>..." to include in what will be committed)
#
#	inbox/autoresearch-64/hbv_lite_64_prospective_seq62.slurm
#	inbox/gpucheck_ngu009.slurm
#	inbox/gpucheck_ngu101.slurm
#	payload/id29-nearing2022-da/closure_v12.tar.gz
#	payload/id29-nearing2022-da/closure_v13.tar.gz
#	payload/id29-nearing2022-da/gate_preflight_v1.tar.gz
#	runner.log
#	runner2.log
nothing added to commit but untracked files present (use "git add" to track)
[ERROR] push failed: a02/18 (result kept in staging, will retry push only)
[Sun Sep  6 15:21:37 CST 2026] --- retry push only: channel=a02 seq=18 ---
# On branch hpc-mailbox
# Your branch is ahead of 'origin/hpc-mailbox' by 1 commit.
#   (use "git push" to publish your local commits)
#
# Untracked files:
#   (use "git add <file>..." to include in what will be committed)
#
#	inbox/autoresearch-64/hbv_lite_64_prospective_seq62.slurm
#	inbox/gpucheck_ngu009.slurm
#	inbox/gpucheck_ngu101.slurm
#	payload/id29-nearing2022-da/closure_v12.tar.gz
#	payload/id29-nearing2022-da/closure_v13.tar.gz
#	payload/id29-nearing2022-da/gate_preflight_v1.tar.gz
#	runner.log
#	runner2.log
nothing added to commit but untracked files present (use "git add" to track)
[ERROR] push failed: a02/18 (result kept in staging, will retry push only)
[Sun Sep  6 15:23:19 CST 2026] --- retry push only: channel=a02 seq=18 ---
# On branch hpc-mailbox
# Your branch is ahead of 'origin/hpc-mailbox' by 1 commit.
#   (use "git push" to publish your local commits)
#
# Untracked files:
#   (use "git add <file>..." to include in what will be committed)
#
#	inbox/autoresearch-64/hbv_lite_64_prospective_seq62.slurm
#	inbox/gpucheck_ngu009.slurm
#	inbox/gpucheck_ngu101.slurm
#	payload/id29-nearing2022-da/closure_v12.tar.gz
#	payload/id29-nearing2022-da/closure_v13.tar.gz
#	payload/id29-nearing2022-da/gate_preflight_v1.tar.gz
#	runner.log
#	runner2.log
nothing added to commit but untracked files present (use "git add" to track)
[ERROR] push failed: a02/18 (result kept in staging, will retry push only)
[Sun Sep  6 15:25:01 CST 2026] --- retry push only: channel=a02 seq=18 ---
# On branch hpc-mailbox
# Your branch is ahead of 'origin/hpc-mailbox' by 1 commit.
#   (use "git push" to publish your local commits)
#
# Untracked files:
#   (use "git add <file>..." to include in what will be committed)
#
#	inbox/autoresearch-64/hbv_lite_64_prospective_seq62.slurm
#	inbox/gpucheck_ngu009.slurm
#	inbox/gpucheck_ngu101.slurm
#	payload/id29-nearing2022-da/closure_v12.tar.gz
#	payload/id29-nearing2022-da/closure_v13.tar.gz
#	payload/id29-nearing2022-da/gate_preflight_v1.tar.gz
#	runner.log
#	runner2.log
nothing added to commit but untracked files present (use "git add" to track)
[ERROR] push failed: a02/18 (result kept in staging, will retry push only)
[Sun Sep  6 15:26:43 CST 2026] --- retry push only: channel=a02 seq=18 ---
# On branch hpc-mailbox
# Your branch is ahead of 'origin/hpc-mailbox' by 1 commit.
#   (use "git push" to publish your local commits)
#
# Untracked files:
#   (use "git add <file>..." to include in what will be committed)
#
#	inbox/autoresearch-64/hbv_lite_64_prospective_seq62.slurm
#	inbox/gpucheck_ngu009.slurm
#	inbox/gpucheck_ngu101.slurm
#	payload/id29-nearing2022-da/closure_v12.tar.gz
#	payload/id29-nearing2022-da/closure_v13.tar.gz
#	payload/id29-nearing2022-da/gate_preflight_v1.tar.gz
#	runner.log
#	runner2.log
nothing added to commit but untracked files present (use "git add" to track)
[ERROR] push failed: a02/18 (result kept in staging, will retry push only)
[Sun Sep  6 15:28:26 CST 2026] --- retry push only: channel=a02 seq=18 ---
# On branch hpc-mailbox
# Your branch is ahead of 'origin/hpc-mailbox' by 1 commit.
#   (use "git push" to publish your local commits)
#
# Untracked files:
#   (use "git add <file>..." to include in what will be committed)
#
#	inbox/autoresearch-64/hbv_lite_64_prospective_seq62.slurm
#	inbox/gpucheck_ngu009.slurm
#	inbox/gpucheck_ngu101.slurm
#	payload/id29-nearing2022-da/closure_v12.tar.gz
#	payload/id29-nearing2022-da/closure_v13.tar.gz
#	payload/id29-nearing2022-da/gate_preflight_v1.tar.gz
#	runner.log
#	runner2.log
nothing added to commit but untracked files present (use "git add" to track)
[ERROR] push failed: a02/18 (result kept in staging, will retry push only)
[Sun Sep  6 15:30:08 CST 2026] --- retry push only: channel=a02 seq=18 ---
# On branch hpc-mailbox
# Your branch is ahead of 'origin/hpc-mailbox' by 1 commit.
#   (use "git push" to publish your local commits)
#
# Untracked files:
#   (use "git add <file>..." to include in what will be committed)
#
#	inbox/autoresearch-64/hbv_lite_64_prospective_seq62.slurm
#	inbox/gpucheck_ngu009.slurm
#	inbox/gpucheck_ngu101.slurm
#	payload/id29-nearing2022-da/closure_v12.tar.gz
#	payload/id29-nearing2022-da/closure_v13.tar.gz
#	payload/id29-nearing2022-da/gate_preflight_v1.tar.gz
#	runner.log
#	runner2.log
nothing added to commit but untracked files present (use "git add" to track)
[ERROR] push failed: a02/18 (result kept in staging, will retry push only)
[Sun Sep  6 15:31:50 CST 2026] --- retry push only: channel=a02 seq=18 ---
# On branch hpc-mailbox
# Your branch is ahead of 'origin/hpc-mailbox' by 1 commit.
#   (use "git push" to publish your local commits)
#
# Untracked files:
#   (use "git add <file>..." to include in what will be committed)
#
#	inbox/autoresearch-64/hbv_lite_64_prospective_seq62.slurm
#	inbox/gpucheck_ngu009.slurm
#	inbox/gpucheck_ngu101.slurm
#	payload/id29-nearing2022-da/closure_v12.tar.gz
#	payload/id29-nearing2022-da/closure_v13.tar.gz
#	payload/id29-nearing2022-da/gate_preflight_v1.tar.gz
#	runner.log
#	runner2.log
nothing added to commit but untracked files present (use "git add" to track)
[ERROR] push failed: a02/18 (result kept in staging, will retry push only)
[Sun Sep  6 15:33:32 CST 2026] --- retry push only: channel=a02 seq=18 ---
# On branch hpc-mailbox
# Your branch is ahead of 'origin/hpc-mailbox' by 1 commit.
#   (use "git push" to publish your local commits)
#
# Untracked files:
#   (use "git add <file>..." to include in what will be committed)
#
#	inbox/autoresearch-64/hbv_lite_64_prospective_seq62.slurm
#	inbox/gpucheck_ngu009.slurm
#	inbox/gpucheck_ngu101.slurm
#	payload/id29-nearing2022-da/closure_v12.tar.gz
#	payload/id29-nearing2022-da/closure_v13.tar.gz
#	payload/id29-nearing2022-da/gate_preflight_v1.tar.gz
#	runner.log
#	runner2.log
nothing added to commit but untracked files present (use "git add" to track)
[ERROR] push failed: a02/18 (result kept in staging, will retry push only)
[Sun Sep  6 15:35:42 CST 2026] --- retry push only: channel=a02 seq=18 ---
# On branch hpc-mailbox
# Your branch is ahead of 'origin/hpc-mailbox' by 1 commit.
#   (use "git push" to publish your local commits)
#
# Untracked files:
#   (use "git add <file>..." to include in what will be committed)
#
#	inbox/autoresearch-64/hbv_lite_64_prospective_seq62.slurm
#	inbox/gpucheck_ngu009.slurm
#	inbox/gpucheck_ngu101.slurm
#	payload/id29-nearing2022-da/closure_v12.tar.gz
#	payload/id29-nearing2022-da/closure_v13.tar.gz
#	payload/id29-nearing2022-da/gate_preflight_v1.tar.gz
#	runner.log
#	runner2.log
nothing added to commit but untracked files present (use "git add" to track)
[ERROR] push failed: a02/18 (result kept in staging, will retry push only)
[Sun Sep  6 15:37:24 CST 2026] --- retry push only: channel=a02 seq=18 ---
# On branch hpc-mailbox
# Your branch is ahead of 'origin/hpc-mailbox' by 1 commit.
#   (use "git push" to publish your local commits)
#
# Untracked files:
#   (use "git add <file>..." to include in what will be committed)
#
#	inbox/autoresearch-64/hbv_lite_64_prospective_seq62.slurm
#	inbox/gpucheck_ngu009.slurm
#	inbox/gpucheck_ngu101.slurm
#	payload/id29-nearing2022-da/closure_v12.tar.gz
#	payload/id29-nearing2022-da/closure_v13.tar.gz
#	payload/id29-nearing2022-da/gate_preflight_v1.tar.gz
#	runner.log
#	runner2.log
nothing added to commit but untracked files present (use "git add" to track)
[ERROR] push failed: a02/18 (result kept in staging, will retry push only)
[Sun Sep  6 15:39:06 CST 2026] --- retry push only: channel=a02 seq=18 ---
# On branch hpc-mailbox
# Your branch is ahead of 'origin/hpc-mailbox' by 1 commit.
#   (use "git push" to publish your local commits)
#
# Untracked files:
#   (use "git add <file>..." to include in what will be committed)
#
#	inbox/autoresearch-64/hbv_lite_64_prospective_seq62.slurm
#	inbox/gpucheck_ngu009.slurm
#	inbox/gpucheck_ngu101.slurm
#	payload/id29-nearing2022-da/closure_v12.tar.gz
#	payload/id29-nearing2022-da/closure_v13.tar.gz
#	payload/id29-nearing2022-da/gate_preflight_v1.tar.gz
#	runner.log
#	runner2.log
nothing added to commit but untracked files present (use "git add" to track)
[ERROR] push failed: a02/18 (result kept in staging, will retry push only)
[Sun Sep  6 15:40:48 CST 2026] --- retry push only: channel=a02 seq=18 ---
# On branch hpc-mailbox
# Your branch is ahead of 'origin/hpc-mailbox' by 1 commit.
#   (use "git push" to publish your local commits)
#
# Untracked files:
#   (use "git add <file>..." to include in what will be committed)
#
#	inbox/autoresearch-64/hbv_lite_64_prospective_seq62.slurm
#	inbox/gpucheck_ngu009.slurm
#	inbox/gpucheck_ngu101.slurm
#	payload/id29-nearing2022-da/closure_v12.tar.gz
#	payload/id29-nearing2022-da/closure_v13.tar.gz
#	payload/id29-nearing2022-da/gate_preflight_v1.tar.gz
#	runner.log
#	runner2.log
nothing added to commit but untracked files present (use "git add" to track)
[ERROR] push failed: a02/18 (result kept in staging, will retry push only)
[Sun Sep  6 15:42:30 CST 2026] --- retry push only: channel=a02 seq=18 ---
# On branch hpc-mailbox
# Your branch is ahead of 'origin/hpc-mailbox' by 1 commit.
#   (use "git push" to publish your local commits)
#
# Untracked files:
#   (use "git add <file>..." to include in what will be committed)
#
#	inbox/autoresearch-64/hbv_lite_64_prospective_seq62.slurm
#	inbox/gpucheck_ngu009.slurm
#	inbox/gpucheck_ngu101.slurm
#	payload/id29-nearing2022-da/closure_v12.tar.gz
#	payload/id29-nearing2022-da/closure_v13.tar.gz
#	payload/id29-nearing2022-da/gate_preflight_v1.tar.gz
#	runner.log
#	runner2.log
nothing added to commit but untracked files present (use "git add" to track)
[ERROR] push failed: a02/18 (result kept in staging, will retry push only)
[Sun Sep  6 15:44:12 CST 2026] --- retry push only: channel=a02 seq=18 ---
# On branch hpc-mailbox
# Your branch is ahead of 'origin/hpc-mailbox' by 1 commit.
#   (use "git push" to publish your local commits)
#
# Untracked files:
#   (use "git add <file>..." to include in what will be committed)
#
#	inbox/autoresearch-64/hbv_lite_64_prospective_seq62.slurm
#	inbox/gpucheck_ngu009.slurm
#	inbox/gpucheck_ngu101.slurm
#	payload/id29-nearing2022-da/closure_v12.tar.gz
#	payload/id29-nearing2022-da/closure_v13.tar.gz
#	payload/id29-nearing2022-da/gate_preflight_v1.tar.gz
#	runner.log
#	runner2.log
nothing added to commit but untracked files present (use "git add" to track)
[ERROR] push failed: a02/18 (result kept in staging, will retry push only)
[Sun Sep  6 15:45:56 CST 2026] --- retry push only: channel=a02 seq=18 ---
# On branch hpc-mailbox
# Your branch is ahead of 'origin/hpc-mailbox' by 1 commit.
#   (use "git push" to publish your local commits)
#
# Untracked files:
#   (use "git add <file>..." to include in what will be committed)
#
#	inbox/autoresearch-64/hbv_lite_64_prospective_seq62.slurm
#	inbox/gpucheck_ngu009.slurm
#	inbox/gpucheck_ngu101.slurm
#	payload/id29-nearing2022-da/closure_v12.tar.gz
#	payload/id29-nearing2022-da/closure_v13.tar.gz
#	payload/id29-nearing2022-da/gate_preflight_v1.tar.gz
#	runner.log
#	runner2.log
nothing added to commit but untracked files present (use "git add" to track)
[ERROR] push failed: a02/18 (result kept in staging, will retry push only)
[Sun Sep  6 15:47:39 CST 2026] --- retry push only: channel=a02 seq=18 ---
# On branch hpc-mailbox
# Your branch is ahead of 'origin/hpc-mailbox' by 1 commit.
#   (use "git push" to publish your local commits)
#
# Untracked files:
#   (use "git add <file>..." to include in what will be committed)
#
#	inbox/autoresearch-64/hbv_lite_64_prospective_seq62.slurm
#	inbox/gpucheck_ngu009.slurm
#	inbox/gpucheck_ngu101.slurm
#	payload/id29-nearing2022-da/closure_v12.tar.gz
#	payload/id29-nearing2022-da/closure_v13.tar.gz
#	payload/id29-nearing2022-da/gate_preflight_v1.tar.gz
#	runner.log
#	runner2.log
nothing added to commit but untracked files present (use "git add" to track)
[ERROR] push failed: a02/18 (result kept in staging, will retry push only)
[Sun Sep  6 15:49:20 CST 2026] --- retry push only: channel=a02 seq=18 ---
# On branch hpc-mailbox
# Your branch is ahead of 'origin/hpc-mailbox' by 1 commit.
#   (use "git push" to publish your local commits)
#
# Untracked files:
#   (use "git add <file>..." to include in what will be committed)
#
#	inbox/autoresearch-64/hbv_lite_64_prospective_seq62.slurm
#	inbox/gpucheck_ngu009.slurm
#	inbox/gpucheck_ngu101.slurm
#	payload/id29-nearing2022-da/closure_v12.tar.gz
#	payload/id29-nearing2022-da/closure_v13.tar.gz
#	payload/id29-nearing2022-da/gate_preflight_v1.tar.gz
#	runner.log
#	runner2.log
nothing added to commit but untracked files present (use "git add" to track)
[ERROR] push failed: a02/18 (result kept in staging, will retry push only)
[Sun Sep  6 15:51:02 CST 2026] --- retry push only: channel=a02 seq=18 ---
# On branch hpc-mailbox
# Your branch is ahead of 'origin/hpc-mailbox' by 1 commit.
#   (use "git push" to publish your local commits)
#
# Untracked files:
#   (use "git add <file>..." to include in what will be committed)
#
#	inbox/autoresearch-64/hbv_lite_64_prospective_seq62.slurm
#	inbox/gpucheck_ngu009.slurm
#	inbox/gpucheck_ngu101.slurm
#	payload/id29-nearing2022-da/closure_v12.tar.gz
#	payload/id29-nearing2022-da/closure_v13.tar.gz
#	payload/id29-nearing2022-da/gate_preflight_v1.tar.gz
#	runner.log
#	runner2.log
nothing added to commit but untracked files present (use "git add" to track)
[ERROR] push failed: a02/18 (result kept in staging, will retry push only)
[Sun Sep  6 15:52:44 CST 2026] --- retry push only: channel=a02 seq=18 ---
# On branch hpc-mailbox
# Your branch is ahead of 'origin/hpc-mailbox' by 1 commit.
#   (use "git push" to publish your local commits)
#
# Untracked files:
#   (use "git add <file>..." to include in what will be committed)
#
#	inbox/autoresearch-64/hbv_lite_64_prospective_seq62.slurm
#	inbox/gpucheck_ngu009.slurm
#	inbox/gpucheck_ngu101.slurm
#	payload/id29-nearing2022-da/closure_v12.tar.gz
#	payload/id29-nearing2022-da/closure_v13.tar.gz
#	payload/id29-nearing2022-da/gate_preflight_v1.tar.gz
#	runner.log
#	runner2.log
nothing added to commit but untracked files present (use "git add" to track)
[ERROR] push failed: a02/18 (result kept in staging, will retry push only)
[Sun Sep  6 15:54:28 CST 2026] --- retry push only: channel=a02 seq=18 ---
# On branch hpc-mailbox
# Your branch is ahead of 'origin/hpc-mailbox' by 1 commit.
#   (use "git push" to publish your local commits)
#
# Untracked files:
#   (use "git add <file>..." to include in what will be committed)
#
#	inbox/autoresearch-64/hbv_lite_64_prospective_seq62.slurm
#	inbox/gpucheck_ngu009.slurm
#	inbox/gpucheck_ngu101.slurm
#	payload/id29-nearing2022-da/closure_v12.tar.gz
#	payload/id29-nearing2022-da/closure_v13.tar.gz
#	payload/id29-nearing2022-da/gate_preflight_v1.tar.gz
#	runner.log
#	runner2.log
nothing added to commit but untracked files present (use "git add" to track)
[ERROR] push failed: a02/18 (result kept in staging, will retry push only)
[Sun Sep  6 15:56:10 CST 2026] --- retry push only: channel=a02 seq=18 ---
# On branch hpc-mailbox
# Your branch is ahead of 'origin/hpc-mailbox' by 1 commit.
#   (use "git push" to publish your local commits)
#
# Untracked files:
#   (use "git add <file>..." to include in what will be committed)
#
#	inbox/autoresearch-64/hbv_lite_64_prospective_seq62.slurm
#	inbox/gpucheck_ngu009.slurm
#	inbox/gpucheck_ngu101.slurm
#	payload/id29-nearing2022-da/closure_v12.tar.gz
#	payload/id29-nearing2022-da/closure_v13.tar.gz
#	payload/id29-nearing2022-da/gate_preflight_v1.tar.gz
#	runner.log
#	runner2.log
nothing added to commit but untracked files present (use "git add" to track)
[ERROR] push failed: a02/18 (result kept in staging, will retry push only)
[Sun Sep  6 15:57:52 CST 2026] --- retry push only: channel=a02 seq=18 ---
# On branch hpc-mailbox
# Your branch is ahead of 'origin/hpc-mailbox' by 1 commit.
#   (use "git push" to publish your local commits)
#
# Untracked files:
#   (use "git add <file>..." to include in what will be committed)
#
#	inbox/autoresearch-64/hbv_lite_64_prospective_seq62.slurm
#	inbox/gpucheck_ngu009.slurm
#	inbox/gpucheck_ngu101.slurm
#	payload/id29-nearing2022-da/closure_v12.tar.gz
#	payload/id29-nearing2022-da/closure_v13.tar.gz
#	payload/id29-nearing2022-da/gate_preflight_v1.tar.gz
#	runner.log
#	runner2.log
nothing added to commit but untracked files present (use "git add" to track)
[ERROR] push failed: a02/18 (result kept in staging, will retry push only)
[Sun Sep  6 15:59:35 CST 2026] --- retry push only: channel=a02 seq=18 ---
# On branch hpc-mailbox
# Your branch is ahead of 'origin/hpc-mailbox' by 1 commit.
#   (use "git push" to publish your local commits)
#
# Untracked files:
#   (use "git add <file>..." to include in what will be committed)
#
#	inbox/autoresearch-64/hbv_lite_64_prospective_seq62.slurm
#	inbox/gpucheck_ngu009.slurm
#	inbox/gpucheck_ngu101.slurm
#	payload/id29-nearing2022-da/closure_v12.tar.gz
#	payload/id29-nearing2022-da/closure_v13.tar.gz
#	payload/id29-nearing2022-da/gate_preflight_v1.tar.gz
#	runner.log
#	runner2.log
nothing added to commit but untracked files present (use "git add" to track)
[ERROR] push failed: a02/18 (result kept in staging, will retry push only)
[Sun Sep  6 16:01:17 CST 2026] --- retry push only: channel=a02 seq=18 ---
# On branch hpc-mailbox
# Your branch is ahead of 'origin/hpc-mailbox' by 1 commit.
#   (use "git push" to publish your local commits)
#
# Untracked files:
#   (use "git add <file>..." to include in what will be committed)
#
#	inbox/autoresearch-64/hbv_lite_64_prospective_seq62.slurm
#	inbox/gpucheck_ngu009.slurm
#	inbox/gpucheck_ngu101.slurm
#	payload/id29-nearing2022-da/closure_v12.tar.gz
#	payload/id29-nearing2022-da/closure_v13.tar.gz
#	payload/id29-nearing2022-da/gate_preflight_v1.tar.gz
#	runner.log
#	runner2.log
nothing added to commit but untracked files present (use "git add" to track)
[ERROR] push failed: a02/18 (result kept in staging, will retry push only)
[Sun Sep  6 16:02:59 CST 2026] --- retry push only: channel=a02 seq=18 ---
# On branch hpc-mailbox
# Your branch is ahead of 'origin/hpc-mailbox' by 1 commit.
#   (use "git push" to publish your local commits)
#
# Untracked files:
#   (use "git add <file>..." to include in what will be committed)
#
#	inbox/autoresearch-64/hbv_lite_64_prospective_seq62.slurm
#	inbox/gpucheck_ngu009.slurm
#	inbox/gpucheck_ngu101.slurm
#	payload/id29-nearing2022-da/closure_v12.tar.gz
#	payload/id29-nearing2022-da/closure_v13.tar.gz
#	payload/id29-nearing2022-da/gate_preflight_v1.tar.gz
#	runner.log
#	runner2.log
nothing added to commit but untracked files present (use "git add" to track)
[ERROR] push failed: a02/18 (result kept in staging, will retry push only)
[Sun Sep  6 16:04:41 CST 2026] --- retry push only: channel=a02 seq=18 ---
# On branch hpc-mailbox
# Your branch is ahead of 'origin/hpc-mailbox' by 1 commit.
#   (use "git push" to publish your local commits)
#
# Untracked files:
#   (use "git add <file>..." to include in what will be committed)
#
#	inbox/autoresearch-64/hbv_lite_64_prospective_seq62.slurm
#	inbox/gpucheck_ngu009.slurm
#	inbox/gpucheck_ngu101.slurm
#	payload/id29-nearing2022-da/closure_v12.tar.gz
#	payload/id29-nearing2022-da/closure_v13.tar.gz
#	payload/id29-nearing2022-da/gate_preflight_v1.tar.gz
#	runner.log
#	runner2.log
nothing added to commit but untracked files present (use "git add" to track)
[ERROR] push failed: a02/18 (result kept in staging, will retry push only)
[Sun Sep  6 16:06:23 CST 2026] --- retry push only: channel=a02 seq=18 ---
# On branch hpc-mailbox
# Your branch is ahead of 'origin/hpc-mailbox' by 1 commit.
#   (use "git push" to publish your local commits)
#
# Untracked files:
#   (use "git add <file>..." to include in what will be committed)
#
#	inbox/autoresearch-64/hbv_lite_64_prospective_seq62.slurm
#	inbox/gpucheck_ngu009.slurm
#	inbox/gpucheck_ngu101.slurm
#	payload/id29-nearing2022-da/closure_v12.tar.gz
#	payload/id29-nearing2022-da/closure_v13.tar.gz
#	payload/id29-nearing2022-da/gate_preflight_v1.tar.gz
#	runner.log
#	runner2.log
nothing added to commit but untracked files present (use "git add" to track)
[ERROR] push failed: a02/18 (result kept in staging, will retry push only)
[Sun Sep  6 16:08:04 CST 2026] --- retry push only: channel=a02 seq=18 ---
# On branch hpc-mailbox
# Your branch is ahead of 'origin/hpc-mailbox' by 1 commit.
#   (use "git push" to publish your local commits)
#
# Untracked files:
#   (use "git add <file>..." to include in what will be committed)
#
#	inbox/autoresearch-64/hbv_lite_64_prospective_seq62.slurm
#	inbox/gpucheck_ngu009.slurm
#	inbox/gpucheck_ngu101.slurm
#	payload/id29-nearing2022-da/closure_v12.tar.gz
#	payload/id29-nearing2022-da/closure_v13.tar.gz
#	payload/id29-nearing2022-da/gate_preflight_v1.tar.gz
#	runner.log
#	runner2.log
nothing added to commit but untracked files present (use "git add" to track)
[ERROR] push failed: a02/18 (result kept in staging, will retry push only)
[Sun Sep  6 16:09:46 CST 2026] --- retry push only: channel=a02 seq=18 ---
# On branch hpc-mailbox
# Your branch is ahead of 'origin/hpc-mailbox' by 1 commit.
#   (use "git push" to publish your local commits)
#
# Untracked files:
#   (use "git add <file>..." to include in what will be committed)
#
#	inbox/autoresearch-64/hbv_lite_64_prospective_seq62.slurm
#	inbox/gpucheck_ngu009.slurm
#	inbox/gpucheck_ngu101.slurm
#	payload/id29-nearing2022-da/closure_v12.tar.gz
#	payload/id29-nearing2022-da/closure_v13.tar.gz
#	payload/id29-nearing2022-da/gate_preflight_v1.tar.gz
#	runner.log
#	runner2.log
nothing added to commit but untracked files present (use "git add" to track)
[ERROR] push failed: a02/18 (result kept in staging, will retry push only)
[Sun Sep  6 16:11:29 CST 2026] --- retry push only: channel=a02 seq=18 ---
# On branch hpc-mailbox
# Your branch is ahead of 'origin/hpc-mailbox' by 1 commit.
#   (use "git push" to publish your local commits)
#
# Untracked files:
#   (use "git add <file>..." to include in what will be committed)
#
#	inbox/autoresearch-64/hbv_lite_64_prospective_seq62.slurm
#	inbox/gpucheck_ngu009.slurm
#	inbox/gpucheck_ngu101.slurm
#	payload/id29-nearing2022-da/closure_v12.tar.gz
#	payload/id29-nearing2022-da/closure_v13.tar.gz
#	payload/id29-nearing2022-da/gate_preflight_v1.tar.gz
#	runner.log
#	runner2.log
nothing added to commit but untracked files present (use "git add" to track)
[ERROR] push failed: a02/18 (result kept in staging, will retry push only)
[Sun Sep  6 16:13:11 CST 2026] --- retry push only: channel=a02 seq=18 ---
# On branch hpc-mailbox
# Your branch is ahead of 'origin/hpc-mailbox' by 1 commit.
#   (use "git push" to publish your local commits)
#
# Untracked files:
#   (use "git add <file>..." to include in what will be committed)
#
#	inbox/autoresearch-64/hbv_lite_64_prospective_seq62.slurm
#	inbox/gpucheck_ngu009.slurm
#	inbox/gpucheck_ngu101.slurm
#	payload/id29-nearing2022-da/closure_v12.tar.gz
#	payload/id29-nearing2022-da/closure_v13.tar.gz
#	payload/id29-nearing2022-da/gate_preflight_v1.tar.gz
#	runner.log
#	runner2.log
nothing added to commit but untracked files present (use "git add" to track)
[ERROR] push failed: a02/18 (result kept in staging, will retry push only)
[Sun Sep  6 16:14:52 CST 2026] --- retry push only: channel=a02 seq=18 ---
# On branch hpc-mailbox
# Your branch is ahead of 'origin/hpc-mailbox' by 1 commit.
#   (use "git push" to publish your local commits)
#
# Untracked files:
#   (use "git add <file>..." to include in what will be committed)
#
#	inbox/autoresearch-64/hbv_lite_64_prospective_seq62.slurm
#	inbox/gpucheck_ngu009.slurm
#	inbox/gpucheck_ngu101.slurm
#	payload/id29-nearing2022-da/closure_v12.tar.gz
#	payload/id29-nearing2022-da/closure_v13.tar.gz
#	payload/id29-nearing2022-da/gate_preflight_v1.tar.gz
#	runner.log
#	runner2.log
nothing added to commit but untracked files present (use "git add" to track)
[ERROR] push failed: a02/18 (result kept in staging, will retry push only)
[Sun Sep  6 16:16:37 CST 2026] --- retry push only: channel=a02 seq=18 ---
# On branch hpc-mailbox
# Your branch is ahead of 'origin/hpc-mailbox' by 1 commit.
#   (use "git push" to publish your local commits)
#
# Untracked files:
#   (use "git add <file>..." to include in what will be committed)
#
#	inbox/autoresearch-64/hbv_lite_64_prospective_seq62.slurm
#	inbox/gpucheck_ngu009.slurm
#	inbox/gpucheck_ngu101.slurm
#	payload/id29-nearing2022-da/closure_v12.tar.gz
#	payload/id29-nearing2022-da/closure_v13.tar.gz
#	payload/id29-nearing2022-da/gate_preflight_v1.tar.gz
#	runner.log
#	runner2.log
nothing added to commit but untracked files present (use "git add" to track)
[ERROR] push failed: a02/18 (result kept in staging, will retry push only)
[Sun Sep  6 16:18:18 CST 2026] --- retry push only: channel=a02 seq=18 ---
# On branch hpc-mailbox
# Your branch is ahead of 'origin/hpc-mailbox' by 1 commit.
#   (use "git push" to publish your local commits)
#
# Untracked files:
#   (use "git add <file>..." to include in what will be committed)
#
#	inbox/autoresearch-64/hbv_lite_64_prospective_seq62.slurm
#	inbox/gpucheck_ngu009.slurm
#	inbox/gpucheck_ngu101.slurm
#	payload/id29-nearing2022-da/closure_v12.tar.gz
#	payload/id29-nearing2022-da/closure_v13.tar.gz
#	payload/id29-nearing2022-da/gate_preflight_v1.tar.gz
#	runner.log
#	runner2.log
nothing added to commit but untracked files present (use "git add" to track)
[ERROR] push failed: a02/18 (result kept in staging, will retry push only)
[Sun Sep  6 16:20:28 CST 2026] --- retry push only: channel=a02 seq=18 ---
# On branch hpc-mailbox
# Your branch is ahead of 'origin/hpc-mailbox' by 1 commit.
#   (use "git push" to publish your local commits)
#
# Untracked files:
#   (use "git add <file>..." to include in what will be committed)
#
#	inbox/autoresearch-64/hbv_lite_64_prospective_seq62.slurm
#	inbox/gpucheck_ngu009.slurm
#	inbox/gpucheck_ngu101.slurm
#	payload/id29-nearing2022-da/closure_v12.tar.gz
#	payload/id29-nearing2022-da/closure_v13.tar.gz
#	payload/id29-nearing2022-da/gate_preflight_v1.tar.gz
#	runner.log
#	runner2.log
nothing added to commit but untracked files present (use "git add" to track)
[ERROR] push failed: a02/18 (result kept in staging, will retry push only)
[Sun Sep  6 16:22:10 CST 2026] --- retry push only: channel=a02 seq=18 ---
# On branch hpc-mailbox
# Your branch is ahead of 'origin/hpc-mailbox' by 1 commit.
#   (use "git push" to publish your local commits)
#
# Untracked files:
#   (use "git add <file>..." to include in what will be committed)
#
#	inbox/autoresearch-64/hbv_lite_64_prospective_seq62.slurm
#	inbox/gpucheck_ngu009.slurm
#	inbox/gpucheck_ngu101.slurm
#	payload/id29-nearing2022-da/closure_v12.tar.gz
#	payload/id29-nearing2022-da/closure_v13.tar.gz
#	payload/id29-nearing2022-da/gate_preflight_v1.tar.gz
#	runner.log
#	runner2.log
nothing added to commit but untracked files present (use "git add" to track)
[ERROR] push failed: a02/18 (result kept in staging, will retry push only)
[Sun Sep  6 16:23:52 CST 2026] --- retry push only: channel=a02 seq=18 ---
# On branch hpc-mailbox
# Your branch is ahead of 'origin/hpc-mailbox' by 1 commit.
#   (use "git push" to publish your local commits)
#
# Untracked files:
#   (use "git add <file>..." to include in what will be committed)
#
#	inbox/autoresearch-64/hbv_lite_64_prospective_seq62.slurm
#	inbox/gpucheck_ngu009.slurm
#	inbox/gpucheck_ngu101.slurm
#	payload/id29-nearing2022-da/closure_v12.tar.gz
#	payload/id29-nearing2022-da/closure_v13.tar.gz
#	payload/id29-nearing2022-da/gate_preflight_v1.tar.gz
#	runner.log
#	runner2.log
nothing added to commit but untracked files present (use "git add" to track)
[ERROR] push failed: a02/18 (result kept in staging, will retry push only)
[Sun Sep  6 16:25:33 CST 2026] --- retry push only: channel=a02 seq=18 ---
# On branch hpc-mailbox
# Your branch is ahead of 'origin/hpc-mailbox' by 1 commit.
#   (use "git push" to publish your local commits)
#
# Untracked files:
#   (use "git add <file>..." to include in what will be committed)
#
#	inbox/autoresearch-64/hbv_lite_64_prospective_seq62.slurm
#	inbox/gpucheck_ngu009.slurm
#	inbox/gpucheck_ngu101.slurm
#	payload/id29-nearing2022-da/closure_v12.tar.gz
#	payload/id29-nearing2022-da/closure_v13.tar.gz
#	payload/id29-nearing2022-da/gate_preflight_v1.tar.gz
#	runner.log
#	runner2.log
nothing added to commit but untracked files present (use "git add" to track)
[ERROR] push failed: a02/18 (result kept in staging, will retry push only)
[Sun Sep  6 16:27:15 CST 2026] --- retry push only: channel=a02 seq=18 ---
# On branch hpc-mailbox
# Your branch is ahead of 'origin/hpc-mailbox' by 1 commit.
#   (use "git push" to publish your local commits)
#
# Untracked files:
#   (use "git add <file>..." to include in what will be committed)
#
#	inbox/autoresearch-64/hbv_lite_64_prospective_seq62.slurm
#	inbox/gpucheck_ngu009.slurm
#	inbox/gpucheck_ngu101.slurm
#	payload/id29-nearing2022-da/closure_v12.tar.gz
#	payload/id29-nearing2022-da/closure_v13.tar.gz
#	payload/id29-nearing2022-da/gate_preflight_v1.tar.gz
#	runner.log
#	runner2.log
nothing added to commit but untracked files present (use "git add" to track)
[ERROR] push failed: a02/18 (result kept in staging, will retry push only)
[Sun Sep  6 16:28:57 CST 2026] --- retry push only: channel=a02 seq=18 ---
# On branch hpc-mailbox
# Your branch is ahead of 'origin/hpc-mailbox' by 1 commit.
#   (use "git push" to publish your local commits)
#
# Untracked files:
#   (use "git add <file>..." to include in what will be committed)
#
#	inbox/autoresearch-64/hbv_lite_64_prospective_seq62.slurm
#	inbox/gpucheck_ngu009.slurm
#	inbox/gpucheck_ngu101.slurm
#	payload/id29-nearing2022-da/closure_v12.tar.gz
#	payload/id29-nearing2022-da/closure_v13.tar.gz
#	payload/id29-nearing2022-da/gate_preflight_v1.tar.gz
#	runner.log
#	runner2.log
nothing added to commit but untracked files present (use "git add" to track)
[ERROR] push failed: a02/18 (result kept in staging, will retry push only)
[Sun Sep  6 16:30:38 CST 2026] --- retry push only: channel=a02 seq=18 ---
# On branch hpc-mailbox
# Your branch is ahead of 'origin/hpc-mailbox' by 1 commit.
#   (use "git push" to publish your local commits)
#
# Untracked files:
#   (use "git add <file>..." to include in what will be committed)
#
#	inbox/autoresearch-64/hbv_lite_64_prospective_seq62.slurm
#	inbox/gpucheck_ngu009.slurm
#	inbox/gpucheck_ngu101.slurm
#	payload/id29-nearing2022-da/closure_v12.tar.gz
#	payload/id29-nearing2022-da/closure_v13.tar.gz
#	payload/id29-nearing2022-da/gate_preflight_v1.tar.gz
#	runner.log
#	runner2.log
nothing added to commit but untracked files present (use "git add" to track)
[ERROR] push failed: a02/18 (result kept in staging, will retry push only)
[Sun Sep  6 16:32:21 CST 2026] --- retry push only: channel=a02 seq=18 ---
# On branch hpc-mailbox
# Your branch is ahead of 'origin/hpc-mailbox' by 1 commit.
#   (use "git push" to publish your local commits)
#
# Untracked files:
#   (use "git add <file>..." to include in what will be committed)
#
#	inbox/autoresearch-64/hbv_lite_64_prospective_seq62.slurm
#	inbox/gpucheck_ngu009.slurm
#	inbox/gpucheck_ngu101.slurm
#	payload/id29-nearing2022-da/closure_v12.tar.gz
#	payload/id29-nearing2022-da/closure_v13.tar.gz
#	payload/id29-nearing2022-da/gate_preflight_v1.tar.gz
#	runner.log
#	runner2.log
nothing added to commit but untracked files present (use "git add" to track)
[ERROR] push failed: a02/18 (result kept in staging, will retry push only)
[Sun Sep  6 16:34:02 CST 2026] --- retry push only: channel=a02 seq=18 ---
# On branch hpc-mailbox
# Your branch is ahead of 'origin/hpc-mailbox' by 1 commit.
#   (use "git push" to publish your local commits)
#
# Untracked files:
#   (use "git add <file>..." to include in what will be committed)
#
#	inbox/autoresearch-64/hbv_lite_64_prospective_seq62.slurm
#	inbox/gpucheck_ngu009.slurm
#	inbox/gpucheck_ngu101.slurm
#	payload/id29-nearing2022-da/closure_v12.tar.gz
#	payload/id29-nearing2022-da/closure_v13.tar.gz
#	payload/id29-nearing2022-da/gate_preflight_v1.tar.gz
#	runner.log
#	runner2.log
nothing added to commit but untracked files present (use "git add" to track)
[ERROR] push failed: a02/18 (result kept in staging, will retry push only)
[Sun Sep  6 16:35:44 CST 2026] --- retry push only: channel=a02 seq=18 ---
# On branch hpc-mailbox
# Your branch is ahead of 'origin/hpc-mailbox' by 1 commit.
#   (use "git push" to publish your local commits)
#
# Untracked files:
#   (use "git add <file>..." to include in what will be committed)
#
#	inbox/autoresearch-64/hbv_lite_64_prospective_seq62.slurm
#	inbox/gpucheck_ngu009.slurm
#	inbox/gpucheck_ngu101.slurm
#	payload/id29-nearing2022-da/closure_v12.tar.gz
#	payload/id29-nearing2022-da/closure_v13.tar.gz
#	payload/id29-nearing2022-da/gate_preflight_v1.tar.gz
#	runner.log
#	runner2.log
nothing added to commit but untracked files present (use "git add" to track)
[ERROR] push failed: a02/18 (result kept in staging, will retry push only)
[Sun Sep  6 16:37:26 CST 2026] --- retry push only: channel=a02 seq=18 ---
# On branch hpc-mailbox
# Your branch is ahead of 'origin/hpc-mailbox' by 1 commit.
#   (use "git push" to publish your local commits)
#
# Untracked files:
#   (use "git add <file>..." to include in what will be committed)
#
#	inbox/autoresearch-64/hbv_lite_64_prospective_seq62.slurm
#	inbox/gpucheck_ngu009.slurm
#	inbox/gpucheck_ngu101.slurm
#	payload/id29-nearing2022-da/closure_v12.tar.gz
#	payload/id29-nearing2022-da/closure_v13.tar.gz
#	payload/id29-nearing2022-da/gate_preflight_v1.tar.gz
#	runner.log
#	runner2.log
nothing added to commit but untracked files present (use "git add" to track)
[ERROR] push failed: a02/18 (result kept in staging, will retry push only)
[Sun Sep  6 16:39:07 CST 2026] --- retry push only: channel=a02 seq=18 ---
# On branch hpc-mailbox
# Your branch is ahead of 'origin/hpc-mailbox' by 1 commit.
#   (use "git push" to publish your local commits)
#
# Untracked files:
#   (use "git add <file>..." to include in what will be committed)
#
#	inbox/autoresearch-64/hbv_lite_64_prospective_seq62.slurm
#	inbox/gpucheck_ngu009.slurm
#	inbox/gpucheck_ngu101.slurm
#	payload/id29-nearing2022-da/closure_v12.tar.gz
#	payload/id29-nearing2022-da/closure_v13.tar.gz
#	payload/id29-nearing2022-da/gate_preflight_v1.tar.gz
#	runner.log
#	runner2.log
nothing added to commit but untracked files present (use "git add" to track)
[ERROR] push failed: a02/18 (result kept in staging, will retry push only)
[Sun Sep  6 16:40:49 CST 2026] --- retry push only: channel=a02 seq=18 ---
# On branch hpc-mailbox
# Your branch is ahead of 'origin/hpc-mailbox' by 1 commit.
#   (use "git push" to publish your local commits)
#
# Untracked files:
#   (use "git add <file>..." to include in what will be committed)
#
#	inbox/autoresearch-64/hbv_lite_64_prospective_seq62.slurm
#	inbox/gpucheck_ngu009.slurm
#	inbox/gpucheck_ngu101.slurm
#	payload/id29-nearing2022-da/closure_v12.tar.gz
#	payload/id29-nearing2022-da/closure_v13.tar.gz
#	payload/id29-nearing2022-da/gate_preflight_v1.tar.gz
#	runner.log
#	runner2.log
nothing added to commit but untracked files present (use "git add" to track)
[ERROR] push failed: a02/18 (result kept in staging, will retry push only)
[Sun Sep  6 16:42:32 CST 2026] --- retry push only: channel=a02 seq=18 ---
# On branch hpc-mailbox
# Your branch is ahead of 'origin/hpc-mailbox' by 1 commit.
#   (use "git push" to publish your local commits)
#
# Untracked files:
#   (use "git add <file>..." to include in what will be committed)
#
#	inbox/autoresearch-64/hbv_lite_64_prospective_seq62.slurm
#	inbox/gpucheck_ngu009.slurm
#	inbox/gpucheck_ngu101.slurm
#	payload/id29-nearing2022-da/closure_v12.tar.gz
#	payload/id29-nearing2022-da/closure_v13.tar.gz
#	payload/id29-nearing2022-da/gate_preflight_v1.tar.gz
#	runner.log
#	runner2.log
nothing added to commit but untracked files present (use "git add" to track)
[ERROR] push failed: a02/18 (result kept in staging, will retry push only)
[Sun Sep  6 16:44:16 CST 2026] --- retry push only: channel=a02 seq=18 ---
# On branch hpc-mailbox
# Your branch is ahead of 'origin/hpc-mailbox' by 1 commit.
#   (use "git push" to publish your local commits)
#
# Untracked files:
#   (use "git add <file>..." to include in what will be committed)
#
#	inbox/autoresearch-64/hbv_lite_64_prospective_seq62.slurm
#	inbox/gpucheck_ngu009.slurm
#	inbox/gpucheck_ngu101.slurm
#	payload/id29-nearing2022-da/closure_v12.tar.gz
#	payload/id29-nearing2022-da/closure_v13.tar.gz
#	payload/id29-nearing2022-da/gate_preflight_v1.tar.gz
#	runner.log
#	runner2.log
nothing added to commit but untracked files present (use "git add" to track)
[ERROR] push failed: a02/18 (result kept in staging, will retry push only)
[Sun Sep  6 16:45:58 CST 2026] --- retry push only: channel=a02 seq=18 ---
# On branch hpc-mailbox
# Your branch is ahead of 'origin/hpc-mailbox' by 1 commit.
#   (use "git push" to publish your local commits)
#
# Untracked files:
#   (use "git add <file>..." to include in what will be committed)
#
#	inbox/autoresearch-64/hbv_lite_64_prospective_seq62.slurm
#	inbox/gpucheck_ngu009.slurm
#	inbox/gpucheck_ngu101.slurm
#	payload/id29-nearing2022-da/closure_v12.tar.gz
#	payload/id29-nearing2022-da/closure_v13.tar.gz
#	payload/id29-nearing2022-da/gate_preflight_v1.tar.gz
#	runner.log
#	runner2.log
nothing added to commit but untracked files present (use "git add" to track)
[ERROR] push failed: a02/18 (result kept in staging, will retry push only)
[Sun Sep  6 16:47:39 CST 2026] --- retry push only: channel=a02 seq=18 ---
# On branch hpc-mailbox
# Your branch is ahead of 'origin/hpc-mailbox' by 1 commit.
#   (use "git push" to publish your local commits)
#
# Untracked files:
#   (use "git add <file>..." to include in what will be committed)
#
#	inbox/autoresearch-64/hbv_lite_64_prospective_seq62.slurm
#	inbox/gpucheck_ngu009.slurm
#	inbox/gpucheck_ngu101.slurm
#	payload/id29-nearing2022-da/closure_v12.tar.gz
#	payload/id29-nearing2022-da/closure_v13.tar.gz
#	payload/id29-nearing2022-da/gate_preflight_v1.tar.gz
#	runner.log
#	runner2.log
nothing added to commit but untracked files present (use "git add" to track)
[ERROR] push failed: a02/18 (result kept in staging, will retry push only)
[Sun Sep  6 16:49:23 CST 2026] --- retry push only: channel=a02 seq=18 ---
# On branch hpc-mailbox
# Your branch is ahead of 'origin/hpc-mailbox' by 1 commit.
#   (use "git push" to publish your local commits)
#
# Untracked files:
#   (use "git add <file>..." to include in what will be committed)
#
#	inbox/autoresearch-64/hbv_lite_64_prospective_seq62.slurm
#	inbox/gpucheck_ngu009.slurm
#	inbox/gpucheck_ngu101.slurm
#	payload/id29-nearing2022-da/closure_v12.tar.gz
#	payload/id29-nearing2022-da/closure_v13.tar.gz
#	payload/id29-nearing2022-da/gate_preflight_v1.tar.gz
#	runner.log
#	runner2.log
nothing added to commit but untracked files present (use "git add" to track)
[ERROR] push failed: a02/18 (result kept in staging, will retry push only)
[Sun Sep  6 16:51:05 CST 2026] --- retry push only: channel=a02 seq=18 ---
# On branch hpc-mailbox
# Your branch is ahead of 'origin/hpc-mailbox' by 1 commit.
#   (use "git push" to publish your local commits)
#
# Untracked files:
#   (use "git add <file>..." to include in what will be committed)
#
#	inbox/autoresearch-64/hbv_lite_64_prospective_seq62.slurm
#	inbox/gpucheck_ngu009.slurm
#	inbox/gpucheck_ngu101.slurm
#	payload/id29-nearing2022-da/closure_v12.tar.gz
#	payload/id29-nearing2022-da/closure_v13.tar.gz
#	payload/id29-nearing2022-da/gate_preflight_v1.tar.gz
#	runner.log
#	runner2.log
nothing added to commit but untracked files present (use "git add" to track)
[ERROR] push failed: a02/18 (result kept in staging, will retry push only)
[Sun Sep  6 16:52:47 CST 2026] --- retry push only: channel=a02 seq=18 ---
# On branch hpc-mailbox
# Your branch is ahead of 'origin/hpc-mailbox' by 1 commit.
#   (use "git push" to publish your local commits)
#
# Untracked files:
#   (use "git add <file>..." to include in what will be committed)
#
#	inbox/autoresearch-64/hbv_lite_64_prospective_seq62.slurm
#	inbox/gpucheck_ngu009.slurm
#	inbox/gpucheck_ngu101.slurm
#	payload/id29-nearing2022-da/closure_v12.tar.gz
#	payload/id29-nearing2022-da/closure_v13.tar.gz
#	payload/id29-nearing2022-da/gate_preflight_v1.tar.gz
#	runner.log
#	runner2.log
nothing added to commit but untracked files present (use "git add" to track)
[ERROR] push failed: a02/18 (result kept in staging, will retry push only)
[Sun Sep  6 16:54:29 CST 2026] --- retry push only: channel=a02 seq=18 ---
# On branch hpc-mailbox
# Your branch is ahead of 'origin/hpc-mailbox' by 1 commit.
#   (use "git push" to publish your local commits)
#
# Untracked files:
#   (use "git add <file>..." to include in what will be committed)
#
#	inbox/autoresearch-64/hbv_lite_64_prospective_seq62.slurm
#	inbox/gpucheck_ngu009.slurm
#	inbox/gpucheck_ngu101.slurm
#	payload/id29-nearing2022-da/closure_v12.tar.gz
#	payload/id29-nearing2022-da/closure_v13.tar.gz
#	payload/id29-nearing2022-da/gate_preflight_v1.tar.gz
#	runner.log
#	runner2.log
nothing added to commit but untracked files present (use "git add" to track)
[ERROR] push failed: a02/18 (result kept in staging, will retry push only)
[Sun Sep  6 16:56:11 CST 2026] --- retry push only: channel=a02 seq=18 ---
# On branch hpc-mailbox
# Your branch is ahead of 'origin/hpc-mailbox' by 1 commit.
#   (use "git push" to publish your local commits)
#
# Untracked files:
#   (use "git add <file>..." to include in what will be committed)
#
#	inbox/autoresearch-64/hbv_lite_64_prospective_seq62.slurm
#	inbox/gpucheck_ngu009.slurm
#	inbox/gpucheck_ngu101.slurm
#	payload/id29-nearing2022-da/closure_v12.tar.gz
#	payload/id29-nearing2022-da/closure_v13.tar.gz
#	payload/id29-nearing2022-da/gate_preflight_v1.tar.gz
#	runner.log
#	runner2.log
nothing added to commit but untracked files present (use "git add" to track)
[ERROR] push failed: a02/18 (result kept in staging, will retry push only)
[Sun Sep  6 16:57:53 CST 2026] --- retry push only: channel=a02 seq=18 ---
# On branch hpc-mailbox
# Your branch is ahead of 'origin/hpc-mailbox' by 1 commit.
#   (use "git push" to publish your local commits)
#
# Untracked files:
#   (use "git add <file>..." to include in what will be committed)
#
#	inbox/autoresearch-64/hbv_lite_64_prospective_seq62.slurm
#	inbox/gpucheck_ngu009.slurm
#	inbox/gpucheck_ngu101.slurm
#	payload/id29-nearing2022-da/closure_v12.tar.gz
#	payload/id29-nearing2022-da/closure_v13.tar.gz
#	payload/id29-nearing2022-da/gate_preflight_v1.tar.gz
#	runner.log
#	runner2.log
nothing added to commit but untracked files present (use "git add" to track)
[ERROR] push failed: a02/18 (result kept in staging, will retry push only)
[Sun Sep  6 16:59:34 CST 2026] --- retry push only: channel=a02 seq=18 ---
# On branch hpc-mailbox
# Your branch is ahead of 'origin/hpc-mailbox' by 1 commit.
#   (use "git push" to publish your local commits)
#
# Untracked files:
#   (use "git add <file>..." to include in what will be committed)
#
#	inbox/autoresearch-64/hbv_lite_64_prospective_seq62.slurm
#	inbox/gpucheck_ngu009.slurm
#	inbox/gpucheck_ngu101.slurm
#	payload/id29-nearing2022-da/closure_v12.tar.gz
#	payload/id29-nearing2022-da/closure_v13.tar.gz
#	payload/id29-nearing2022-da/gate_preflight_v1.tar.gz
#	runner.log
#	runner2.log
nothing added to commit but untracked files present (use "git add" to track)
[ERROR] push failed: a02/18 (result kept in staging, will retry push only)
[Sun Sep  6 17:01:16 CST 2026] --- retry push only: channel=a02 seq=18 ---
# On branch hpc-mailbox
# Your branch is ahead of 'origin/hpc-mailbox' by 1 commit.
#   (use "git push" to publish your local commits)
#
# Untracked files:
#   (use "git add <file>..." to include in what will be committed)
#
#	inbox/autoresearch-64/hbv_lite_64_prospective_seq62.slurm
#	inbox/gpucheck_ngu009.slurm
#	inbox/gpucheck_ngu101.slurm
#	payload/id29-nearing2022-da/closure_v12.tar.gz
#	payload/id29-nearing2022-da/closure_v13.tar.gz
#	payload/id29-nearing2022-da/gate_preflight_v1.tar.gz
#	runner.log
#	runner2.log
nothing added to commit but untracked files present (use "git add" to track)
[ERROR] push failed: a02/18 (result kept in staging, will retry push only)
[Sun Sep  6 17:02:58 CST 2026] --- retry push only: channel=a02 seq=18 ---
# On branch hpc-mailbox
# Your branch is ahead of 'origin/hpc-mailbox' by 1 commit.
#   (use "git push" to publish your local commits)
#
# Untracked files:
#   (use "git add <file>..." to include in what will be committed)
#
#	inbox/autoresearch-64/hbv_lite_64_prospective_seq62.slurm
#	inbox/gpucheck_ngu009.slurm
#	inbox/gpucheck_ngu101.slurm
#	payload/id29-nearing2022-da/closure_v12.tar.gz
#	payload/id29-nearing2022-da/closure_v13.tar.gz
#	payload/id29-nearing2022-da/gate_preflight_v1.tar.gz
#	runner.log
#	runner2.log
nothing added to commit but untracked files present (use "git add" to track)
[ERROR] push failed: a02/18 (result kept in staging, will retry push only)
[Sun Sep  6 17:04:40 CST 2026] --- retry push only: channel=a02 seq=18 ---
# On branch hpc-mailbox
# Your branch is ahead of 'origin/hpc-mailbox' by 1 commit.
#   (use "git push" to publish your local commits)
#
# Untracked files:
#   (use "git add <file>..." to include in what will be committed)
#
#	inbox/autoresearch-64/hbv_lite_64_prospective_seq62.slurm
#	inbox/gpucheck_ngu009.slurm
#	inbox/gpucheck_ngu101.slurm
#	payload/id29-nearing2022-da/closure_v12.tar.gz
#	payload/id29-nearing2022-da/closure_v13.tar.gz
#	payload/id29-nearing2022-da/gate_preflight_v1.tar.gz
#	runner.log
#	runner2.log
nothing added to commit but untracked files present (use "git add" to track)
[ERROR] push failed: a02/18 (result kept in staging, will retry push only)
[Sun Sep  6 17:06:23 CST 2026] --- retry push only: channel=a02 seq=18 ---
# On branch hpc-mailbox
# Your branch is ahead of 'origin/hpc-mailbox' by 1 commit.
#   (use "git push" to publish your local commits)
#
# Untracked files:
#   (use "git add <file>..." to include in what will be committed)
#
#	inbox/autoresearch-64/hbv_lite_64_prospective_seq62.slurm
#	inbox/gpucheck_ngu009.slurm
#	inbox/gpucheck_ngu101.slurm
#	payload/id29-nearing2022-da/closure_v12.tar.gz
#	payload/id29-nearing2022-da/closure_v13.tar.gz
#	payload/id29-nearing2022-da/gate_preflight_v1.tar.gz
#	runner.log
#	runner2.log
nothing added to commit but untracked files present (use "git add" to track)
[ERROR] push failed: a02/18 (result kept in staging, will retry push only)
[Sun Sep  6 17:08:05 CST 2026] --- retry push only: channel=a02 seq=18 ---
# On branch hpc-mailbox
# Your branch is ahead of 'origin/hpc-mailbox' by 1 commit.
#   (use "git push" to publish your local commits)
#
# Untracked files:
#   (use "git add <file>..." to include in what will be committed)
#
#	inbox/autoresearch-64/hbv_lite_64_prospective_seq62.slurm
#	inbox/gpucheck_ngu009.slurm
#	inbox/gpucheck_ngu101.slurm
#	payload/id29-nearing2022-da/closure_v12.tar.gz
#	payload/id29-nearing2022-da/closure_v13.tar.gz
#	payload/id29-nearing2022-da/gate_preflight_v1.tar.gz
#	runner.log
#	runner2.log
nothing added to commit but untracked files present (use "git add" to track)
[ERROR] push failed: a02/18 (result kept in staging, will retry push only)
[Sun Sep  6 17:09:46 CST 2026] --- retry push only: channel=a02 seq=18 ---
# On branch hpc-mailbox
# Your branch is ahead of 'origin/hpc-mailbox' by 1 commit.
#   (use "git push" to publish your local commits)
#
# Untracked files:
#   (use "git add <file>..." to include in what will be committed)
#
#	inbox/autoresearch-64/hbv_lite_64_prospective_seq62.slurm
#	inbox/gpucheck_ngu009.slurm
#	inbox/gpucheck_ngu101.slurm
#	payload/id29-nearing2022-da/closure_v12.tar.gz
#	payload/id29-nearing2022-da/closure_v13.tar.gz
#	payload/id29-nearing2022-da/gate_preflight_v1.tar.gz
#	runner.log
#	runner2.log
nothing added to commit but untracked files present (use "git add" to track)
[ERROR] push failed: a02/18 (result kept in staging, will retry push only)
[Sun Sep  6 17:11:28 CST 2026] --- retry push only: channel=a02 seq=18 ---
# On branch hpc-mailbox
# Your branch is ahead of 'origin/hpc-mailbox' by 1 commit.
#   (use "git push" to publish your local commits)
#
# Untracked files:
#   (use "git add <file>..." to include in what will be committed)
#
#	inbox/autoresearch-64/hbv_lite_64_prospective_seq62.slurm
#	inbox/gpucheck_ngu009.slurm
#	inbox/gpucheck_ngu101.slurm
#	payload/id29-nearing2022-da/closure_v12.tar.gz
#	payload/id29-nearing2022-da/closure_v13.tar.gz
#	payload/id29-nearing2022-da/gate_preflight_v1.tar.gz
#	runner.log
#	runner2.log
nothing added to commit but untracked files present (use "git add" to track)
[ERROR] push failed: a02/18 (result kept in staging, will retry push only)
[Sun Sep  6 17:13:10 CST 2026] --- retry push only: channel=a02 seq=18 ---
# On branch hpc-mailbox
# Your branch is ahead of 'origin/hpc-mailbox' by 1 commit.
#   (use "git push" to publish your local commits)
#
# Untracked files:
#   (use "git add <file>..." to include in what will be committed)
#
#	inbox/autoresearch-64/hbv_lite_64_prospective_seq62.slurm
#	inbox/gpucheck_ngu009.slurm
#	inbox/gpucheck_ngu101.slurm
#	payload/id29-nearing2022-da/closure_v12.tar.gz
#	payload/id29-nearing2022-da/closure_v13.tar.gz
#	payload/id29-nearing2022-da/gate_preflight_v1.tar.gz
#	runner.log
#	runner2.log
nothing added to commit but untracked files present (use "git add" to track)
[ERROR] push failed: a02/18 (result kept in staging, will retry push only)
[Sun Sep  6 17:14:53 CST 2026] --- retry push only: channel=a02 seq=18 ---
# On branch hpc-mailbox
# Your branch is ahead of 'origin/hpc-mailbox' by 1 commit.
#   (use "git push" to publish your local commits)
#
# Untracked files:
#   (use "git add <file>..." to include in what will be committed)
#
#	inbox/autoresearch-64/hbv_lite_64_prospective_seq62.slurm
#	inbox/gpucheck_ngu009.slurm
#	inbox/gpucheck_ngu101.slurm
#	payload/id29-nearing2022-da/closure_v12.tar.gz
#	payload/id29-nearing2022-da/closure_v13.tar.gz
#	payload/id29-nearing2022-da/gate_preflight_v1.tar.gz
#	runner.log
#	runner2.log
nothing added to commit but untracked files present (use "git add" to track)
[ERROR] push failed: a02/18 (result kept in staging, will retry push only)
[Sun Sep  6 17:16:35 CST 2026] --- retry push only: channel=a02 seq=18 ---
# On branch hpc-mailbox
# Your branch is ahead of 'origin/hpc-mailbox' by 1 commit.
#   (use "git push" to publish your local commits)
#
# Untracked files:
#   (use "git add <file>..." to include in what will be committed)
#
#	inbox/autoresearch-64/hbv_lite_64_prospective_seq62.slurm
#	inbox/gpucheck_ngu009.slurm
#	inbox/gpucheck_ngu101.slurm
#	payload/id29-nearing2022-da/closure_v12.tar.gz
#	payload/id29-nearing2022-da/closure_v13.tar.gz
#	payload/id29-nearing2022-da/gate_preflight_v1.tar.gz
#	runner.log
#	runner2.log
nothing added to commit but untracked files present (use "git add" to track)
[ERROR] push failed: a02/18 (result kept in staging, will retry push only)
[Sun Sep  6 17:18:17 CST 2026] --- retry push only: channel=a02 seq=18 ---
# On branch hpc-mailbox
# Your branch is ahead of 'origin/hpc-mailbox' by 1 commit.
#   (use "git push" to publish your local commits)
#
# Untracked files:
#   (use "git add <file>..." to include in what will be committed)
#
#	inbox/autoresearch-64/hbv_lite_64_prospective_seq62.slurm
#	inbox/gpucheck_ngu009.slurm
#	inbox/gpucheck_ngu101.slurm
#	payload/id29-nearing2022-da/closure_v12.tar.gz
#	payload/id29-nearing2022-da/closure_v13.tar.gz
#	payload/id29-nearing2022-da/gate_preflight_v1.tar.gz
#	runner.log
#	runner2.log
nothing added to commit but untracked files present (use "git add" to track)
[ERROR] push failed: a02/18 (result kept in staging, will retry push only)
[Sun Sep  6 17:19:58 CST 2026] --- retry push only: channel=a02 seq=18 ---
# On branch hpc-mailbox
# Your branch is ahead of 'origin/hpc-mailbox' by 1 commit.
#   (use "git push" to publish your local commits)
#
# Untracked files:
#   (use "git add <file>..." to include in what will be committed)
#
#	inbox/autoresearch-64/hbv_lite_64_prospective_seq62.slurm
#	inbox/gpucheck_ngu009.slurm
#	inbox/gpucheck_ngu101.slurm
#	payload/id29-nearing2022-da/closure_v12.tar.gz
#	payload/id29-nearing2022-da/closure_v13.tar.gz
#	payload/id29-nearing2022-da/gate_preflight_v1.tar.gz
#	runner.log
#	runner2.log
nothing added to commit but untracked files present (use "git add" to track)
[ERROR] push failed: a02/18 (result kept in staging, will retry push only)
[Sun Sep  6 17:21:41 CST 2026] --- retry push only: channel=a02 seq=18 ---
# On branch hpc-mailbox
# Your branch is ahead of 'origin/hpc-mailbox' by 1 commit.
#   (use "git push" to publish your local commits)
#
# Untracked files:
#   (use "git add <file>..." to include in what will be committed)
#
#	inbox/autoresearch-64/hbv_lite_64_prospective_seq62.slurm
#	inbox/gpucheck_ngu009.slurm
#	inbox/gpucheck_ngu101.slurm
#	payload/id29-nearing2022-da/closure_v12.tar.gz
#	payload/id29-nearing2022-da/closure_v13.tar.gz
#	payload/id29-nearing2022-da/gate_preflight_v1.tar.gz
#	runner.log
#	runner2.log
nothing added to commit but untracked files present (use "git add" to track)
[ERROR] push failed: a02/18 (result kept in staging, will retry push only)
[Sun Sep  6 17:23:27 CST 2026] --- retry push only: channel=a02 seq=18 ---
# On branch hpc-mailbox
# Your branch is ahead of 'origin/hpc-mailbox' by 1 commit.
#   (use "git push" to publish your local commits)
#
# Untracked files:
#   (use "git add <file>..." to include in what will be committed)
#
#	inbox/autoresearch-64/hbv_lite_64_prospective_seq62.slurm
#	inbox/gpucheck_ngu009.slurm
#	inbox/gpucheck_ngu101.slurm
#	payload/id29-nearing2022-da/closure_v12.tar.gz
#	payload/id29-nearing2022-da/closure_v13.tar.gz
#	payload/id29-nearing2022-da/gate_preflight_v1.tar.gz
#	runner.log
#	runner2.log
nothing added to commit but untracked files present (use "git add" to track)
[ERROR] push failed: a02/18 (result kept in staging, will retry push only)
[Sun Sep  6 17:25:10 CST 2026] --- retry push only: channel=a02 seq=18 ---
# On branch hpc-mailbox
# Your branch is ahead of 'origin/hpc-mailbox' by 1 commit.
#   (use "git push" to publish your local commits)
#
# Untracked files:
#   (use "git add <file>..." to include in what will be committed)
#
#	inbox/autoresearch-64/hbv_lite_64_prospective_seq62.slurm
#	inbox/gpucheck_ngu009.slurm
#	inbox/gpucheck_ngu101.slurm
#	payload/id29-nearing2022-da/closure_v12.tar.gz
#	payload/id29-nearing2022-da/closure_v13.tar.gz
#	payload/id29-nearing2022-da/gate_preflight_v1.tar.gz
#	runner.log
#	runner2.log
nothing added to commit but untracked files present (use "git add" to track)
[ERROR] push failed: a02/18 (result kept in staging, will retry push only)
[Sun Sep  6 17:26:51 CST 2026] --- retry push only: channel=a02 seq=18 ---
# On branch hpc-mailbox
# Your branch is ahead of 'origin/hpc-mailbox' by 1 commit.
#   (use "git push" to publish your local commits)
#
# Untracked files:
#   (use "git add <file>..." to include in what will be committed)
#
#	inbox/autoresearch-64/hbv_lite_64_prospective_seq62.slurm
#	inbox/gpucheck_ngu009.slurm
#	inbox/gpucheck_ngu101.slurm
#	payload/id29-nearing2022-da/closure_v12.tar.gz
#	payload/id29-nearing2022-da/closure_v13.tar.gz
#	payload/id29-nearing2022-da/gate_preflight_v1.tar.gz
#	runner.log
#	runner2.log
nothing added to commit but untracked files present (use "git add" to track)
[ERROR] push failed: a02/18 (result kept in staging, will retry push only)
[Sun Sep  6 17:28:34 CST 2026] --- retry push only: channel=a02 seq=18 ---
# On branch hpc-mailbox
# Your branch is ahead of 'origin/hpc-mailbox' by 1 commit.
#   (use "git push" to publish your local commits)
#
# Untracked files:
#   (use "git add <file>..." to include in what will be committed)
#
#	inbox/autoresearch-64/hbv_lite_64_prospective_seq62.slurm
#	inbox/gpucheck_ngu009.slurm
#	inbox/gpucheck_ngu101.slurm
#	payload/id29-nearing2022-da/closure_v12.tar.gz
#	payload/id29-nearing2022-da/closure_v13.tar.gz
#	payload/id29-nearing2022-da/gate_preflight_v1.tar.gz
#	runner.log
#	runner2.log
nothing added to commit but untracked files present (use "git add" to track)
[ERROR] push failed: a02/18 (result kept in staging, will retry push only)
[Sun Sep  6 17:30:16 CST 2026] --- retry push only: channel=a02 seq=18 ---
# On branch hpc-mailbox
# Your branch is ahead of 'origin/hpc-mailbox' by 1 commit.
#   (use "git push" to publish your local commits)
#
# Untracked files:
#   (use "git add <file>..." to include in what will be committed)
#
#	inbox/autoresearch-64/hbv_lite_64_prospective_seq62.slurm
#	inbox/gpucheck_ngu009.slurm
#	inbox/gpucheck_ngu101.slurm
#	payload/id29-nearing2022-da/closure_v12.tar.gz
#	payload/id29-nearing2022-da/closure_v13.tar.gz
#	payload/id29-nearing2022-da/gate_preflight_v1.tar.gz
#	runner.log
#	runner2.log
nothing added to commit but untracked files present (use "git add" to track)
[ERROR] push failed: a02/18 (result kept in staging, will retry push only)
[Sun Sep  6 17:31:57 CST 2026] --- retry push only: channel=a02 seq=18 ---
# On branch hpc-mailbox
# Your branch is ahead of 'origin/hpc-mailbox' by 1 commit.
#   (use "git push" to publish your local commits)
#
# Untracked files:
#   (use "git add <file>..." to include in what will be committed)
#
#	inbox/autoresearch-64/hbv_lite_64_prospective_seq62.slurm
#	inbox/gpucheck_ngu009.slurm
#	inbox/gpucheck_ngu101.slurm
#	payload/id29-nearing2022-da/closure_v12.tar.gz
#	payload/id29-nearing2022-da/closure_v13.tar.gz
#	payload/id29-nearing2022-da/gate_preflight_v1.tar.gz
#	runner.log
#	runner2.log
nothing added to commit but untracked files present (use "git add" to track)
[ERROR] push failed: a02/18 (result kept in staging, will retry push only)
[Sun Sep  6 17:33:39 CST 2026] --- retry push only: channel=a02 seq=18 ---
# On branch hpc-mailbox
# Your branch is ahead of 'origin/hpc-mailbox' by 1 commit.
#   (use "git push" to publish your local commits)
#
# Untracked files:
#   (use "git add <file>..." to include in what will be committed)
#
#	inbox/autoresearch-64/hbv_lite_64_prospective_seq62.slurm
#	inbox/gpucheck_ngu009.slurm
#	inbox/gpucheck_ngu101.slurm
#	payload/id29-nearing2022-da/closure_v12.tar.gz
#	payload/id29-nearing2022-da/closure_v13.tar.gz
#	payload/id29-nearing2022-da/gate_preflight_v1.tar.gz
#	runner.log
#	runner2.log
nothing added to commit but untracked files present (use "git add" to track)
[ERROR] push failed: a02/18 (result kept in staging, will retry push only)
[Sun Sep  6 17:35:23 CST 2026] --- retry push only: channel=a02 seq=18 ---
# On branch hpc-mailbox
# Your branch is ahead of 'origin/hpc-mailbox' by 1 commit.
#   (use "git push" to publish your local commits)
#
# Untracked files:
#   (use "git add <file>..." to include in what will be committed)
#
#	inbox/autoresearch-64/hbv_lite_64_prospective_seq62.slurm
#	inbox/gpucheck_ngu009.slurm
#	inbox/gpucheck_ngu101.slurm
#	payload/id29-nearing2022-da/closure_v12.tar.gz
#	payload/id29-nearing2022-da/closure_v13.tar.gz
#	payload/id29-nearing2022-da/gate_preflight_v1.tar.gz
#	runner.log
#	runner2.log
nothing added to commit but untracked files present (use "git add" to track)
[ERROR] push failed: a02/18 (result kept in staging, will retry push only)
[Sun Sep  6 17:37:05 CST 2026] --- retry push only: channel=a02 seq=18 ---
# On branch hpc-mailbox
# Your branch is ahead of 'origin/hpc-mailbox' by 1 commit.
#   (use "git push" to publish your local commits)
#
# Untracked files:
#   (use "git add <file>..." to include in what will be committed)
#
#	inbox/autoresearch-64/hbv_lite_64_prospective_seq62.slurm
#	inbox/gpucheck_ngu009.slurm
#	inbox/gpucheck_ngu101.slurm
#	payload/id29-nearing2022-da/closure_v12.tar.gz
#	payload/id29-nearing2022-da/closure_v13.tar.gz
#	payload/id29-nearing2022-da/gate_preflight_v1.tar.gz
#	runner.log
#	runner2.log
nothing added to commit but untracked files present (use "git add" to track)
[ERROR] push failed: a02/18 (result kept in staging, will retry push only)
[Sun Sep  6 17:38:46 CST 2026] --- retry push only: channel=a02 seq=18 ---
# On branch hpc-mailbox
# Your branch is ahead of 'origin/hpc-mailbox' by 1 commit.
#   (use "git push" to publish your local commits)
#
# Untracked files:
#   (use "git add <file>..." to include in what will be committed)
#
#	inbox/autoresearch-64/hbv_lite_64_prospective_seq62.slurm
#	inbox/gpucheck_ngu009.slurm
#	inbox/gpucheck_ngu101.slurm
#	payload/id29-nearing2022-da/closure_v12.tar.gz
#	payload/id29-nearing2022-da/closure_v13.tar.gz
#	payload/id29-nearing2022-da/gate_preflight_v1.tar.gz
#	runner.log
#	runner2.log
nothing added to commit but untracked files present (use "git add" to track)
[ERROR] push failed: a02/18 (result kept in staging, will retry push only)
[Sun Sep  6 17:40:30 CST 2026] --- retry push only: channel=a02 seq=18 ---
# On branch hpc-mailbox
# Your branch is ahead of 'origin/hpc-mailbox' by 1 commit.
#   (use "git push" to publish your local commits)
#
# Untracked files:
#   (use "git add <file>..." to include in what will be committed)
#
#	inbox/autoresearch-64/hbv_lite_64_prospective_seq62.slurm
#	inbox/gpucheck_ngu009.slurm
#	inbox/gpucheck_ngu101.slurm
#	payload/id29-nearing2022-da/closure_v12.tar.gz
#	payload/id29-nearing2022-da/closure_v13.tar.gz
#	payload/id29-nearing2022-da/gate_preflight_v1.tar.gz
#	runner.log
#	runner2.log
nothing added to commit but untracked files present (use "git add" to track)
[ERROR] push failed: a02/18 (result kept in staging, will retry push only)
[Sun Sep  6 17:42:11 CST 2026] --- retry push only: channel=a02 seq=18 ---
# On branch hpc-mailbox
# Your branch is ahead of 'origin/hpc-mailbox' by 1 commit.
#   (use "git push" to publish your local commits)
#
# Untracked files:
#   (use "git add <file>..." to include in what will be committed)
#
#	inbox/autoresearch-64/hbv_lite_64_prospective_seq62.slurm
#	inbox/gpucheck_ngu009.slurm
#	inbox/gpucheck_ngu101.slurm
#	payload/id29-nearing2022-da/closure_v12.tar.gz
#	payload/id29-nearing2022-da/closure_v13.tar.gz
#	payload/id29-nearing2022-da/gate_preflight_v1.tar.gz
#	runner.log
#	runner2.log
nothing added to commit but untracked files present (use "git add" to track)
[ERROR] push failed: a02/18 (result kept in staging, will retry push only)
[Sun Sep  6 17:43:53 CST 2026] --- retry push only: channel=a02 seq=18 ---
# On branch hpc-mailbox
# Your branch is ahead of 'origin/hpc-mailbox' by 1 commit.
#   (use "git push" to publish your local commits)
#
# Untracked files:
#   (use "git add <file>..." to include in what will be committed)
#
#	inbox/autoresearch-64/hbv_lite_64_prospective_seq62.slurm
#	inbox/gpucheck_ngu009.slurm
#	inbox/gpucheck_ngu101.slurm
#	payload/id29-nearing2022-da/closure_v12.tar.gz
#	payload/id29-nearing2022-da/closure_v13.tar.gz
#	payload/id29-nearing2022-da/gate_preflight_v1.tar.gz
#	runner.log
#	runner2.log
nothing added to commit but untracked files present (use "git add" to track)
[ERROR] push failed: a02/18 (result kept in staging, will retry push only)
[Sun Sep  6 17:45:35 CST 2026] --- retry push only: channel=a02 seq=18 ---
# On branch hpc-mailbox
# Your branch is ahead of 'origin/hpc-mailbox' by 1 commit.
#   (use "git push" to publish your local commits)
#
# Untracked files:
#   (use "git add <file>..." to include in what will be committed)
#
#	inbox/autoresearch-64/hbv_lite_64_prospective_seq62.slurm
#	inbox/gpucheck_ngu009.slurm
#	inbox/gpucheck_ngu101.slurm
#	payload/id29-nearing2022-da/closure_v12.tar.gz
#	payload/id29-nearing2022-da/closure_v13.tar.gz
#	payload/id29-nearing2022-da/gate_preflight_v1.tar.gz
#	runner.log
#	runner2.log
nothing added to commit but untracked files present (use "git add" to track)
[ERROR] push failed: a02/18 (result kept in staging, will retry push only)
[Sun Sep  6 17:47:17 CST 2026] --- retry push only: channel=a02 seq=18 ---
# On branch hpc-mailbox
# Your branch is ahead of 'origin/hpc-mailbox' by 1 commit.
#   (use "git push" to publish your local commits)
#
# Untracked files:
#   (use "git add <file>..." to include in what will be committed)
#
#	inbox/autoresearch-64/hbv_lite_64_prospective_seq62.slurm
#	inbox/gpucheck_ngu009.slurm
#	inbox/gpucheck_ngu101.slurm
#	payload/id29-nearing2022-da/closure_v12.tar.gz
#	payload/id29-nearing2022-da/closure_v13.tar.gz
#	payload/id29-nearing2022-da/gate_preflight_v1.tar.gz
#	runner.log
#	runner2.log
nothing added to commit but untracked files present (use "git add" to track)
[ERROR] push failed: a02/18 (result kept in staging, will retry push only)
[Sun Sep  6 17:48:59 CST 2026] --- retry push only: channel=a02 seq=18 ---
# On branch hpc-mailbox
# Your branch is ahead of 'origin/hpc-mailbox' by 1 commit.
#   (use "git push" to publish your local commits)
#
# Untracked files:
#   (use "git add <file>..." to include in what will be committed)
#
#	inbox/autoresearch-64/hbv_lite_64_prospective_seq62.slurm
#	inbox/gpucheck_ngu009.slurm
#	inbox/gpucheck_ngu101.slurm
#	payload/id29-nearing2022-da/closure_v12.tar.gz
#	payload/id29-nearing2022-da/closure_v13.tar.gz
#	payload/id29-nearing2022-da/gate_preflight_v1.tar.gz
#	runner.log
#	runner2.log
nothing added to commit but untracked files present (use "git add" to track)
[ERROR] push failed: a02/18 (result kept in staging, will retry push only)
[Sun Sep  6 17:50:42 CST 2026] --- retry push only: channel=a02 seq=18 ---
# On branch hpc-mailbox
# Your branch is ahead of 'origin/hpc-mailbox' by 1 commit.
#   (use "git push" to publish your local commits)
#
# Untracked files:
#   (use "git add <file>..." to include in what will be committed)
#
#	inbox/autoresearch-64/hbv_lite_64_prospective_seq62.slurm
#	inbox/gpucheck_ngu009.slurm
#	inbox/gpucheck_ngu101.slurm
#	payload/id29-nearing2022-da/closure_v12.tar.gz
#	payload/id29-nearing2022-da/closure_v13.tar.gz
#	payload/id29-nearing2022-da/gate_preflight_v1.tar.gz
#	runner.log
#	runner2.log
nothing added to commit but untracked files present (use "git add" to track)
[ERROR] push failed: a02/18 (result kept in staging, will retry push only)
[Sun Sep  6 17:52:24 CST 2026] --- retry push only: channel=a02 seq=18 ---
# On branch hpc-mailbox
# Your branch is ahead of 'origin/hpc-mailbox' by 1 commit.
#   (use "git push" to publish your local commits)
#
# Untracked files:
#   (use "git add <file>..." to include in what will be committed)
#
#	inbox/autoresearch-64/hbv_lite_64_prospective_seq62.slurm
#	inbox/gpucheck_ngu009.slurm
#	inbox/gpucheck_ngu101.slurm
#	payload/id29-nearing2022-da/closure_v12.tar.gz
#	payload/id29-nearing2022-da/closure_v13.tar.gz
#	payload/id29-nearing2022-da/gate_preflight_v1.tar.gz
#	runner.log
#	runner2.log
nothing added to commit but untracked files present (use "git add" to track)
[ERROR] push failed: a02/18 (result kept in staging, will retry push only)
[Sun Sep  6 17:54:07 CST 2026] --- retry push only: channel=a02 seq=18 ---
# On branch hpc-mailbox
# Your branch is ahead of 'origin/hpc-mailbox' by 1 commit.
#   (use "git push" to publish your local commits)
#
# Untracked files:
#   (use "git add <file>..." to include in what will be committed)
#
#	inbox/autoresearch-64/hbv_lite_64_prospective_seq62.slurm
#	inbox/gpucheck_ngu009.slurm
#	inbox/gpucheck_ngu101.slurm
#	payload/id29-nearing2022-da/closure_v12.tar.gz
#	payload/id29-nearing2022-da/closure_v13.tar.gz
#	payload/id29-nearing2022-da/gate_preflight_v1.tar.gz
#	runner.log
#	runner2.log
nothing added to commit but untracked files present (use "git add" to track)
[ERROR] push failed: a02/18 (result kept in staging, will retry push only)
[Sun Sep  6 17:55:48 CST 2026] --- retry push only: channel=a02 seq=18 ---
# On branch hpc-mailbox
# Your branch is ahead of 'origin/hpc-mailbox' by 1 commit.
#   (use "git push" to publish your local commits)
#
# Untracked files:
#   (use "git add <file>..." to include in what will be committed)
#
#	inbox/autoresearch-64/hbv_lite_64_prospective_seq62.slurm
#	inbox/gpucheck_ngu009.slurm
#	inbox/gpucheck_ngu101.slurm
#	payload/id29-nearing2022-da/closure_v12.tar.gz
#	payload/id29-nearing2022-da/closure_v13.tar.gz
#	payload/id29-nearing2022-da/gate_preflight_v1.tar.gz
#	runner.log
#	runner2.log
nothing added to commit but untracked files present (use "git add" to track)
[ERROR] push failed: a02/18 (result kept in staging, will retry push only)
[Sun Sep  6 17:57:30 CST 2026] --- retry push only: channel=a02 seq=18 ---
# On branch hpc-mailbox
# Your branch is ahead of 'origin/hpc-mailbox' by 1 commit.
#   (use "git push" to publish your local commits)
#
# Untracked files:
#   (use "git add <file>..." to include in what will be committed)
#
#	inbox/autoresearch-64/hbv_lite_64_prospective_seq62.slurm
#	inbox/gpucheck_ngu009.slurm
#	inbox/gpucheck_ngu101.slurm
#	payload/id29-nearing2022-da/closure_v12.tar.gz
#	payload/id29-nearing2022-da/closure_v13.tar.gz
#	payload/id29-nearing2022-da/gate_preflight_v1.tar.gz
#	runner.log
#	runner2.log
nothing added to commit but untracked files present (use "git add" to track)
[ERROR] push failed: a02/18 (result kept in staging, will retry push only)
[Sun Sep  6 17:59:12 CST 2026] --- retry push only: channel=a02 seq=18 ---
# On branch hpc-mailbox
# Your branch is ahead of 'origin/hpc-mailbox' by 1 commit.
#   (use "git push" to publish your local commits)
#
# Untracked files:
#   (use "git add <file>..." to include in what will be committed)
#
#	inbox/autoresearch-64/hbv_lite_64_prospective_seq62.slurm
#	inbox/gpucheck_ngu009.slurm
#	inbox/gpucheck_ngu101.slurm
#	payload/id29-nearing2022-da/closure_v12.tar.gz
#	payload/id29-nearing2022-da/closure_v13.tar.gz
#	payload/id29-nearing2022-da/gate_preflight_v1.tar.gz
#	runner.log
#	runner2.log
nothing added to commit but untracked files present (use "git add" to track)
[ERROR] push failed: a02/18 (result kept in staging, will retry push only)
[Sun Sep  6 18:00:56 CST 2026] --- retry push only: channel=a02 seq=18 ---
# On branch hpc-mailbox
# Your branch is ahead of 'origin/hpc-mailbox' by 1 commit.
#   (use "git push" to publish your local commits)
#
# Untracked files:
#   (use "git add <file>..." to include in what will be committed)
#
#	inbox/autoresearch-64/hbv_lite_64_prospective_seq62.slurm
#	inbox/gpucheck_ngu009.slurm
#	inbox/gpucheck_ngu101.slurm
#	payload/id29-nearing2022-da/closure_v12.tar.gz
#	payload/id29-nearing2022-da/closure_v13.tar.gz
#	payload/id29-nearing2022-da/gate_preflight_v1.tar.gz
#	runner.log
#	runner2.log
nothing added to commit but untracked files present (use "git add" to track)
[ERROR] push failed: a02/18 (result kept in staging, will retry push only)
[Sun Sep  6 18:02:37 CST 2026] --- retry push only: channel=a02 seq=18 ---
# On branch hpc-mailbox
# Your branch is ahead of 'origin/hpc-mailbox' by 1 commit.
#   (use "git push" to publish your local commits)
#
# Untracked files:
#   (use "git add <file>..." to include in what will be committed)
#
#	inbox/autoresearch-64/hbv_lite_64_prospective_seq62.slurm
#	inbox/gpucheck_ngu009.slurm
#	inbox/gpucheck_ngu101.slurm
#	payload/id29-nearing2022-da/closure_v12.tar.gz
#	payload/id29-nearing2022-da/closure_v13.tar.gz
#	payload/id29-nearing2022-da/gate_preflight_v1.tar.gz
#	runner.log
#	runner2.log
nothing added to commit but untracked files present (use "git add" to track)
[ERROR] push failed: a02/18 (result kept in staging, will retry push only)
[Sun Sep  6 18:04:19 CST 2026] --- retry push only: channel=a02 seq=18 ---
[Sun Sep  6 18:04:53 CST 2026] --- start channel=id29-nearing2022-da seq=517 ---
# On branch hpc-mailbox
# Your branch is ahead of 'origin/hpc-mailbox' by 1 commit.
#   (use "git push" to publish your local commits)
#
# Untracked files:
#   (use "git add <file>..." to include in what will be committed)
#
#	inbox/autoresearch-64/hbv_lite_64_prospective_seq62.slurm
#	inbox/gpucheck_ngu009.slurm
#	inbox/gpucheck_ngu101.slurm
#	payload/id29-nearing2022-da/closure_v12.tar.gz
#	payload/id29-nearing2022-da/closure_v13.tar.gz
#	payload/id29-nearing2022-da/gate_preflight_v1.tar.gz
#	runner.log
#	runner2.log
nothing added to commit but untracked files present (use "git add" to track)
[ERROR] push failed: a02/18 (result kept in staging, will retry push only)
[Sun Sep  6 18:06:01 CST 2026] --- retry push only: channel=a02 seq=18 ---
[Sun Sep  6 18:06:05 CST 2026] done channel=id29-nearing2022-da seq=517 rc=0
# On branch hpc-mailbox
# Your branch is ahead of 'origin/hpc-mailbox' by 1 commit.
#   (use "git push" to publish your local commits)
#
# Untracked files:
#   (use "git add <file>..." to include in what will be committed)
#
#	inbox/autoresearch-64/hbv_lite_64_prospective_seq62.slurm
#	inbox/gpucheck_ngu009.slurm
#	inbox/gpucheck_ngu101.slurm
#	payload/id29-nearing2022-da/closure_v12.tar.gz
#	payload/id29-nearing2022-da/closure_v13.tar.gz
#	payload/id29-nearing2022-da/gate_preflight_v1.tar.gz
#	runner.log
#	runner2.log
nothing added to commit but untracked files present (use "git add" to track)
[ERROR] push failed: a02/18 (result kept in staging, will retry push only)
[Sun Sep  6 18:07:46 CST 2026] --- retry push only: channel=a02 seq=18 ---
[Sun Sep  6 18:07:46 CST 2026] --- start channel=id29-nearing2022-da seq=518 ---
# On branch hpc-mailbox
# Your branch is ahead of 'origin/hpc-mailbox' by 1 commit.
#   (use "git push" to publish your local commits)
#
# Untracked files:
#   (use "git add <file>..." to include in what will be committed)
#
#	inbox/autoresearch-64/hbv_lite_64_prospective_seq62.slurm
#	inbox/gpucheck_ngu009.slurm
#	inbox/gpucheck_ngu101.slurm
#	payload/id29-nearing2022-da/closure_v12.tar.gz
#	payload/id29-nearing2022-da/closure_v13.tar.gz
#	payload/id29-nearing2022-da/gate_preflight_v1.tar.gz
#	runner.log
#	runner2.log
nothing added to commit but untracked files present (use "git add" to track)
[ERROR] push failed: a02/18 (result kept in staging, will retry push only)
[Sun Sep  6 18:09:27 CST 2026] done channel=id29-nearing2022-da seq=518 rc=0
[Sun Sep  6 18:09:28 CST 2026] --- retry push only: channel=a02 seq=18 ---
# On branch hpc-mailbox
# Your branch is ahead of 'origin/hpc-mailbox' by 1 commit.
#   (use "git push" to publish your local commits)
#
# Untracked files:
#   (use "git add <file>..." to include in what will be committed)
#
#	inbox/autoresearch-64/hbv_lite_64_prospective_seq62.slurm
#	inbox/gpucheck_ngu009.slurm
#	inbox/gpucheck_ngu101.slurm
#	payload/id29-nearing2022-da/closure_v12.tar.gz
#	payload/id29-nearing2022-da/closure_v13.tar.gz
#	payload/id29-nearing2022-da/gate_preflight_v1.tar.gz
#	runner.log
#	runner2.log
nothing added to commit but untracked files present (use "git add" to track)
[ERROR] push failed: a02/18 (result kept in staging, will retry push only)
[Sun Sep  6 18:11:09 CST 2026] --- retry push only: channel=a02 seq=18 ---
# On branch hpc-mailbox
# Your branch is ahead of 'origin/hpc-mailbox' by 1 commit.
#   (use "git push" to publish your local commits)
#
# Untracked files:
#   (use "git add <file>..." to include in what will be committed)
#
#	inbox/autoresearch-64/hbv_lite_64_prospective_seq62.slurm
#	inbox/gpucheck_ngu009.slurm
#	inbox/gpucheck_ngu101.slurm
#	payload/id29-nearing2022-da/closure_v12.tar.gz
#	payload/id29-nearing2022-da/closure_v13.tar.gz
#	payload/id29-nearing2022-da/gate_preflight_v1.tar.gz
#	runner.log
#	runner2.log
nothing added to commit but untracked files present (use "git add" to track)
[ERROR] push failed: a02/18 (result kept in staging, will retry push only)
[Sun Sep  6 18:12:51 CST 2026] --- retry push only: channel=a02 seq=18 ---
# On branch hpc-mailbox
# Your branch is ahead of 'origin/hpc-mailbox' by 1 commit.
#   (use "git push" to publish your local commits)
#
# Untracked files:
#   (use "git add <file>..." to include in what will be committed)
#
#	inbox/autoresearch-64/hbv_lite_64_prospective_seq62.slurm
#	inbox/gpucheck_ngu009.slurm
#	inbox/gpucheck_ngu101.slurm
#	payload/id29-nearing2022-da/closure_v12.tar.gz
#	payload/id29-nearing2022-da/closure_v13.tar.gz
#	payload/id29-nearing2022-da/gate_preflight_v1.tar.gz
#	runner.log
#	runner2.log
nothing added to commit but untracked files present (use "git add" to track)
[ERROR] push failed: a02/18 (result kept in staging, will retry push only)
[Sun Sep  6 18:14:34 CST 2026] --- retry push only: channel=a02 seq=18 ---
# On branch hpc-mailbox
# Your branch is ahead of 'origin/hpc-mailbox' by 1 commit.
#   (use "git push" to publish your local commits)
#
# Untracked files:
#   (use "git add <file>..." to include in what will be committed)
#
#	inbox/autoresearch-64/hbv_lite_64_prospective_seq62.slurm
#	inbox/gpucheck_ngu009.slurm
#	inbox/gpucheck_ngu101.slurm
#	payload/id29-nearing2022-da/closure_v12.tar.gz
#	payload/id29-nearing2022-da/closure_v13.tar.gz
#	payload/id29-nearing2022-da/gate_preflight_v1.tar.gz
#	runner.log
#	runner2.log
nothing added to commit but untracked files present (use "git add" to track)
[ERROR] push failed: a02/18 (result kept in staging, will retry push only)
[Sun Sep  6 18:16:17 CST 2026] --- retry push only: channel=a02 seq=18 ---
# On branch hpc-mailbox
# Your branch is ahead of 'origin/hpc-mailbox' by 1 commit.
#   (use "git push" to publish your local commits)
#
# Untracked files:
#   (use "git add <file>..." to include in what will be committed)
#
#	inbox/autoresearch-64/hbv_lite_64_prospective_seq62.slurm
#	inbox/gpucheck_ngu009.slurm
#	inbox/gpucheck_ngu101.slurm
#	payload/id29-nearing2022-da/closure_v12.tar.gz
#	payload/id29-nearing2022-da/closure_v13.tar.gz
#	payload/id29-nearing2022-da/gate_preflight_v1.tar.gz
#	runner.log
#	runner2.log
nothing added to commit but untracked files present (use "git add" to track)
[ERROR] push failed: a02/18 (result kept in staging, will retry push only)
[Sun Sep  6 18:17:59 CST 2026] --- retry push only: channel=a02 seq=18 ---
# On branch hpc-mailbox
# Your branch is ahead of 'origin/hpc-mailbox' by 1 commit.
#   (use "git push" to publish your local commits)
#
# Untracked files:
#   (use "git add <file>..." to include in what will be committed)
#
#	inbox/autoresearch-64/hbv_lite_64_prospective_seq62.slurm
#	inbox/gpucheck_ngu009.slurm
#	inbox/gpucheck_ngu101.slurm
#	payload/id29-nearing2022-da/closure_v12.tar.gz
#	payload/id29-nearing2022-da/closure_v13.tar.gz
#	payload/id29-nearing2022-da/gate_preflight_v1.tar.gz
#	runner.log
#	runner2.log
nothing added to commit but untracked files present (use "git add" to track)
[ERROR] push failed: a02/18 (result kept in staging, will retry push only)
[Sun Sep  6 18:19:40 CST 2026] --- retry push only: channel=a02 seq=18 ---
# On branch hpc-mailbox
# Your branch is ahead of 'origin/hpc-mailbox' by 1 commit.
#   (use "git push" to publish your local commits)
#
# Untracked files:
#   (use "git add <file>..." to include in what will be committed)
#
#	inbox/autoresearch-64/hbv_lite_64_prospective_seq62.slurm
#	inbox/gpucheck_ngu009.slurm
#	inbox/gpucheck_ngu101.slurm
#	payload/id29-nearing2022-da/closure_v12.tar.gz
#	payload/id29-nearing2022-da/closure_v13.tar.gz
#	payload/id29-nearing2022-da/gate_preflight_v1.tar.gz
#	runner.log
#	runner2.log
nothing added to commit but untracked files present (use "git add" to track)
[ERROR] push failed: a02/18 (result kept in staging, will retry push only)
[Sun Sep  6 18:21:22 CST 2026] --- retry push only: channel=a02 seq=18 ---
# On branch hpc-mailbox
# Your branch is ahead of 'origin/hpc-mailbox' by 1 commit.
#   (use "git push" to publish your local commits)
#
# Untracked files:
#   (use "git add <file>..." to include in what will be committed)
#
#	inbox/autoresearch-64/hbv_lite_64_prospective_seq62.slurm
#	inbox/gpucheck_ngu009.slurm
#	inbox/gpucheck_ngu101.slurm
#	payload/id29-nearing2022-da/closure_v12.tar.gz
#	payload/id29-nearing2022-da/closure_v13.tar.gz
#	payload/id29-nearing2022-da/gate_preflight_v1.tar.gz
#	runner.log
#	runner2.log
nothing added to commit but untracked files present (use "git add" to track)
[ERROR] push failed: a02/18 (result kept in staging, will retry push only)
[Sun Sep  6 18:23:03 CST 2026] --- retry push only: channel=a02 seq=18 ---
# On branch hpc-mailbox
# Your branch is ahead of 'origin/hpc-mailbox' by 1 commit.
#   (use "git push" to publish your local commits)
#
# Untracked files:
#   (use "git add <file>..." to include in what will be committed)
#
#	inbox/autoresearch-64/hbv_lite_64_prospective_seq62.slurm
#	inbox/gpucheck_ngu009.slurm
#	inbox/gpucheck_ngu101.slurm
#	payload/id29-nearing2022-da/closure_v12.tar.gz
#	payload/id29-nearing2022-da/closure_v13.tar.gz
#	payload/id29-nearing2022-da/gate_preflight_v1.tar.gz
#	runner.log
#	runner2.log
nothing added to commit but untracked files present (use "git add" to track)
[ERROR] push failed: a02/18 (result kept in staging, will retry push only)
[Sun Sep  6 18:24:46 CST 2026] --- retry push only: channel=a02 seq=18 ---
# On branch hpc-mailbox
# Your branch is ahead of 'origin/hpc-mailbox' by 1 commit.
#   (use "git push" to publish your local commits)
#
# Untracked files:
#   (use "git add <file>..." to include in what will be committed)
#
#	inbox/autoresearch-64/hbv_lite_64_prospective_seq62.slurm
#	inbox/gpucheck_ngu009.slurm
#	inbox/gpucheck_ngu101.slurm
#	payload/id29-nearing2022-da/closure_v12.tar.gz
#	payload/id29-nearing2022-da/closure_v13.tar.gz
#	payload/id29-nearing2022-da/gate_preflight_v1.tar.gz
#	runner.log
#	runner2.log
nothing added to commit but untracked files present (use "git add" to track)
[ERROR] push failed: a02/18 (result kept in staging, will retry push only)
[Sun Sep  6 18:26:29 CST 2026] --- retry push only: channel=a02 seq=18 ---
# On branch hpc-mailbox
# Your branch is ahead of 'origin/hpc-mailbox' by 1 commit.
#   (use "git push" to publish your local commits)
#
# Untracked files:
#   (use "git add <file>..." to include in what will be committed)
#
#	inbox/autoresearch-64/hbv_lite_64_prospective_seq62.slurm
#	inbox/gpucheck_ngu009.slurm
#	inbox/gpucheck_ngu101.slurm
#	payload/id29-nearing2022-da/closure_v12.tar.gz
#	payload/id29-nearing2022-da/closure_v13.tar.gz
#	payload/id29-nearing2022-da/gate_preflight_v1.tar.gz
#	runner.log
#	runner2.log
nothing added to commit but untracked files present (use "git add" to track)
[ERROR] push failed: a02/18 (result kept in staging, will retry push only)
[Sun Sep  6 18:28:11 CST 2026] --- retry push only: channel=a02 seq=18 ---
# On branch hpc-mailbox
# Your branch is ahead of 'origin/hpc-mailbox' by 1 commit.
#   (use "git push" to publish your local commits)
#
# Untracked files:
#   (use "git add <file>..." to include in what will be committed)
#
#	inbox/autoresearch-64/hbv_lite_64_prospective_seq62.slurm
#	inbox/gpucheck_ngu009.slurm
#	inbox/gpucheck_ngu101.slurm
#	payload/id29-nearing2022-da/closure_v12.tar.gz
#	payload/id29-nearing2022-da/closure_v13.tar.gz
#	payload/id29-nearing2022-da/gate_preflight_v1.tar.gz
#	runner.log
#	runner2.log
nothing added to commit but untracked files present (use "git add" to track)
[ERROR] push failed: a02/18 (result kept in staging, will retry push only)
[Sun Sep  6 18:29:52 CST 2026] --- retry push only: channel=a02 seq=18 ---
# On branch hpc-mailbox
# Your branch is ahead of 'origin/hpc-mailbox' by 1 commit.
#   (use "git push" to publish your local commits)
#
# Untracked files:
#   (use "git add <file>..." to include in what will be committed)
#
#	inbox/autoresearch-64/hbv_lite_64_prospective_seq62.slurm
#	inbox/gpucheck_ngu009.slurm
#	inbox/gpucheck_ngu101.slurm
#	payload/id29-nearing2022-da/closure_v12.tar.gz
#	payload/id29-nearing2022-da/closure_v13.tar.gz
#	payload/id29-nearing2022-da/gate_preflight_v1.tar.gz
#	runner.log
#	runner2.log
nothing added to commit but untracked files present (use "git add" to track)
[ERROR] push failed: a02/18 (result kept in staging, will retry push only)
[Sun Sep  6 18:31:34 CST 2026] --- retry push only: channel=a02 seq=18 ---
# On branch hpc-mailbox
# Your branch is ahead of 'origin/hpc-mailbox' by 1 commit.
#   (use "git push" to publish your local commits)
#
# Untracked files:
#   (use "git add <file>..." to include in what will be committed)
#
#	inbox/autoresearch-64/hbv_lite_64_prospective_seq62.slurm
#	inbox/gpucheck_ngu009.slurm
#	inbox/gpucheck_ngu101.slurm
#	payload/id29-nearing2022-da/closure_v12.tar.gz
#	payload/id29-nearing2022-da/closure_v13.tar.gz
#	payload/id29-nearing2022-da/gate_preflight_v1.tar.gz
#	runner.log
#	runner2.log
nothing added to commit but untracked files present (use "git add" to track)
[ERROR] push failed: a02/18 (result kept in staging, will retry push only)
[Sun Sep  6 18:33:17 CST 2026] --- retry push only: channel=a02 seq=18 ---
# On branch hpc-mailbox
# Your branch is ahead of 'origin/hpc-mailbox' by 1 commit.
#   (use "git push" to publish your local commits)
#
# Untracked files:
#   (use "git add <file>..." to include in what will be committed)
#
#	inbox/autoresearch-64/hbv_lite_64_prospective_seq62.slurm
#	inbox/gpucheck_ngu009.slurm
#	inbox/gpucheck_ngu101.slurm
#	payload/id29-nearing2022-da/closure_v12.tar.gz
#	payload/id29-nearing2022-da/closure_v13.tar.gz
#	payload/id29-nearing2022-da/gate_preflight_v1.tar.gz
#	runner.log
#	runner2.log
nothing added to commit but untracked files present (use "git add" to track)
[ERROR] push failed: a02/18 (result kept in staging, will retry push only)
[Sun Sep  6 18:34:58 CST 2026] --- retry push only: channel=a02 seq=18 ---
# On branch hpc-mailbox
# Your branch is ahead of 'origin/hpc-mailbox' by 1 commit.
#   (use "git push" to publish your local commits)
#
# Untracked files:
#   (use "git add <file>..." to include in what will be committed)
#
#	inbox/autoresearch-64/hbv_lite_64_prospective_seq62.slurm
#	inbox/gpucheck_ngu009.slurm
#	inbox/gpucheck_ngu101.slurm
#	payload/id29-nearing2022-da/closure_v12.tar.gz
#	payload/id29-nearing2022-da/closure_v13.tar.gz
#	payload/id29-nearing2022-da/gate_preflight_v1.tar.gz
#	runner.log
#	runner2.log
nothing added to commit but untracked files present (use "git add" to track)
[ERROR] push failed: a02/18 (result kept in staging, will retry push only)
[Sun Sep  6 18:36:40 CST 2026] --- retry push only: channel=a02 seq=18 ---
# On branch hpc-mailbox
# Your branch is ahead of 'origin/hpc-mailbox' by 1 commit.
#   (use "git push" to publish your local commits)
#
# Untracked files:
#   (use "git add <file>..." to include in what will be committed)
#
#	inbox/autoresearch-64/hbv_lite_64_prospective_seq62.slurm
#	inbox/gpucheck_ngu009.slurm
#	inbox/gpucheck_ngu101.slurm
#	payload/id29-nearing2022-da/closure_v12.tar.gz
#	payload/id29-nearing2022-da/closure_v13.tar.gz
#	payload/id29-nearing2022-da/gate_preflight_v1.tar.gz
#	runner.log
#	runner2.log
nothing added to commit but untracked files present (use "git add" to track)
[ERROR] push failed: a02/18 (result kept in staging, will retry push only)
[Sun Sep  6 18:38:22 CST 2026] --- retry push only: channel=a02 seq=18 ---
# On branch hpc-mailbox
# Your branch is ahead of 'origin/hpc-mailbox' by 1 commit.
#   (use "git push" to publish your local commits)
#
# Untracked files:
#   (use "git add <file>..." to include in what will be committed)
#
#	inbox/autoresearch-64/hbv_lite_64_prospective_seq62.slurm
#	inbox/gpucheck_ngu009.slurm
#	inbox/gpucheck_ngu101.slurm
#	payload/id29-nearing2022-da/closure_v12.tar.gz
#	payload/id29-nearing2022-da/closure_v13.tar.gz
#	payload/id29-nearing2022-da/gate_preflight_v1.tar.gz
#	runner.log
#	runner2.log
nothing added to commit but untracked files present (use "git add" to track)
[ERROR] push failed: a02/18 (result kept in staging, will retry push only)
[Sun Sep  6 18:40:04 CST 2026] --- retry push only: channel=a02 seq=18 ---
# On branch hpc-mailbox
# Your branch is ahead of 'origin/hpc-mailbox' by 1 commit.
#   (use "git push" to publish your local commits)
#
# Untracked files:
#   (use "git add <file>..." to include in what will be committed)
#
#	inbox/autoresearch-64/hbv_lite_64_prospective_seq62.slurm
#	inbox/gpucheck_ngu009.slurm
#	inbox/gpucheck_ngu101.slurm
#	payload/id29-nearing2022-da/closure_v12.tar.gz
#	payload/id29-nearing2022-da/closure_v13.tar.gz
#	payload/id29-nearing2022-da/gate_preflight_v1.tar.gz
#	runner.log
#	runner2.log
nothing added to commit but untracked files present (use "git add" to track)
[ERROR] push failed: a02/18 (result kept in staging, will retry push only)
[Sun Sep  6 18:41:47 CST 2026] --- retry push only: channel=a02 seq=18 ---
# On branch hpc-mailbox
# Your branch is ahead of 'origin/hpc-mailbox' by 1 commit.
#   (use "git push" to publish your local commits)
#
# Untracked files:
#   (use "git add <file>..." to include in what will be committed)
#
#	inbox/autoresearch-64/hbv_lite_64_prospective_seq62.slurm
#	inbox/gpucheck_ngu009.slurm
#	inbox/gpucheck_ngu101.slurm
#	payload/id29-nearing2022-da/closure_v12.tar.gz
#	payload/id29-nearing2022-da/closure_v13.tar.gz
#	payload/id29-nearing2022-da/gate_preflight_v1.tar.gz
#	runner.log
#	runner2.log
nothing added to commit but untracked files present (use "git add" to track)
[ERROR] push failed: a02/18 (result kept in staging, will retry push only)
[Sun Sep  6 18:43:29 CST 2026] --- retry push only: channel=a02 seq=18 ---
# On branch hpc-mailbox
# Your branch is ahead of 'origin/hpc-mailbox' by 1 commit.
#   (use "git push" to publish your local commits)
#
# Untracked files:
#   (use "git add <file>..." to include in what will be committed)
#
#	inbox/autoresearch-64/hbv_lite_64_prospective_seq62.slurm
#	inbox/gpucheck_ngu009.slurm
#	inbox/gpucheck_ngu101.slurm
#	payload/id29-nearing2022-da/closure_v12.tar.gz
#	payload/id29-nearing2022-da/closure_v13.tar.gz
#	payload/id29-nearing2022-da/gate_preflight_v1.tar.gz
#	runner.log
#	runner2.log
nothing added to commit but untracked files present (use "git add" to track)
[ERROR] push failed: a02/18 (result kept in staging, will retry push only)
[Sun Sep  6 18:45:10 CST 2026] --- retry push only: channel=a02 seq=18 ---
# On branch hpc-mailbox
# Your branch is ahead of 'origin/hpc-mailbox' by 1 commit.
#   (use "git push" to publish your local commits)
#
# Untracked files:
#   (use "git add <file>..." to include in what will be committed)
#
#	inbox/autoresearch-64/hbv_lite_64_prospective_seq62.slurm
#	inbox/gpucheck_ngu009.slurm
#	inbox/gpucheck_ngu101.slurm
#	payload/id29-nearing2022-da/closure_v12.tar.gz
#	payload/id29-nearing2022-da/closure_v13.tar.gz
#	payload/id29-nearing2022-da/gate_preflight_v1.tar.gz
#	runner.log
#	runner2.log
nothing added to commit but untracked files present (use "git add" to track)
[ERROR] push failed: a02/18 (result kept in staging, will retry push only)
[Sun Sep  6 18:46:53 CST 2026] --- retry push only: channel=a02 seq=18 ---
# On branch hpc-mailbox
# Your branch is ahead of 'origin/hpc-mailbox' by 1 commit.
#   (use "git push" to publish your local commits)
#
# Untracked files:
#   (use "git add <file>..." to include in what will be committed)
#
#	inbox/autoresearch-64/hbv_lite_64_prospective_seq62.slurm
#	inbox/gpucheck_ngu009.slurm
#	inbox/gpucheck_ngu101.slurm
#	payload/id29-nearing2022-da/closure_v12.tar.gz
#	payload/id29-nearing2022-da/closure_v13.tar.gz
#	payload/id29-nearing2022-da/gate_preflight_v1.tar.gz
#	runner.log
#	runner2.log
nothing added to commit but untracked files present (use "git add" to track)
[ERROR] push failed: a02/18 (result kept in staging, will retry push only)
[Sun Sep  6 18:48:35 CST 2026] --- retry push only: channel=a02 seq=18 ---
# On branch hpc-mailbox
# Your branch is ahead of 'origin/hpc-mailbox' by 1 commit.
#   (use "git push" to publish your local commits)
#
# Untracked files:
#   (use "git add <file>..." to include in what will be committed)
#
#	inbox/autoresearch-64/hbv_lite_64_prospective_seq62.slurm
#	inbox/gpucheck_ngu009.slurm
#	inbox/gpucheck_ngu101.slurm
#	payload/id29-nearing2022-da/closure_v12.tar.gz
#	payload/id29-nearing2022-da/closure_v13.tar.gz
#	payload/id29-nearing2022-da/gate_preflight_v1.tar.gz
#	runner.log
#	runner2.log
nothing added to commit but untracked files present (use "git add" to track)
[ERROR] push failed: a02/18 (result kept in staging, will retry push only)
[Sun Sep  6 18:50:16 CST 2026] --- retry push only: channel=a02 seq=18 ---
# On branch hpc-mailbox
# Your branch is ahead of 'origin/hpc-mailbox' by 1 commit.
#   (use "git push" to publish your local commits)
#
# Untracked files:
#   (use "git add <file>..." to include in what will be committed)
#
#	inbox/autoresearch-64/hbv_lite_64_prospective_seq62.slurm
#	inbox/gpucheck_ngu009.slurm
#	inbox/gpucheck_ngu101.slurm
#	payload/id29-nearing2022-da/closure_v12.tar.gz
#	payload/id29-nearing2022-da/closure_v13.tar.gz
#	payload/id29-nearing2022-da/gate_preflight_v1.tar.gz
#	runner.log
#	runner2.log
nothing added to commit but untracked files present (use "git add" to track)
[ERROR] push failed: a02/18 (result kept in staging, will retry push only)
[Sun Sep  6 18:51:59 CST 2026] --- retry push only: channel=a02 seq=18 ---
# On branch hpc-mailbox
# Your branch is ahead of 'origin/hpc-mailbox' by 1 commit.
#   (use "git push" to publish your local commits)
#
# Untracked files:
#   (use "git add <file>..." to include in what will be committed)
#
#	inbox/autoresearch-64/hbv_lite_64_prospective_seq62.slurm
#	inbox/gpucheck_ngu009.slurm
#	inbox/gpucheck_ngu101.slurm
#	payload/id29-nearing2022-da/closure_v12.tar.gz
#	payload/id29-nearing2022-da/closure_v13.tar.gz
#	payload/id29-nearing2022-da/gate_preflight_v1.tar.gz
#	runner.log
#	runner2.log
nothing added to commit but untracked files present (use "git add" to track)
[ERROR] push failed: a02/18 (result kept in staging, will retry push only)
[Sun Sep  6 18:53:41 CST 2026] --- retry push only: channel=a02 seq=18 ---
# On branch hpc-mailbox
# Your branch is ahead of 'origin/hpc-mailbox' by 1 commit.
#   (use "git push" to publish your local commits)
#
# Untracked files:
#   (use "git add <file>..." to include in what will be committed)
#
#	inbox/autoresearch-64/hbv_lite_64_prospective_seq62.slurm
#	inbox/gpucheck_ngu009.slurm
#	inbox/gpucheck_ngu101.slurm
#	payload/id29-nearing2022-da/closure_v12.tar.gz
#	payload/id29-nearing2022-da/closure_v13.tar.gz
#	payload/id29-nearing2022-da/gate_preflight_v1.tar.gz
#	runner.log
#	runner2.log
nothing added to commit but untracked files present (use "git add" to track)
[ERROR] push failed: a02/18 (result kept in staging, will retry push only)
[Sun Sep  6 18:55:23 CST 2026] --- retry push only: channel=a02 seq=18 ---
# On branch hpc-mailbox
# Your branch is ahead of 'origin/hpc-mailbox' by 1 commit.
#   (use "git push" to publish your local commits)
#
# Untracked files:
#   (use "git add <file>..." to include in what will be committed)
#
#	inbox/autoresearch-64/hbv_lite_64_prospective_seq62.slurm
#	inbox/gpucheck_ngu009.slurm
#	inbox/gpucheck_ngu101.slurm
#	payload/id29-nearing2022-da/closure_v12.tar.gz
#	payload/id29-nearing2022-da/closure_v13.tar.gz
#	payload/id29-nearing2022-da/gate_preflight_v1.tar.gz
#	runner.log
#	runner2.log
nothing added to commit but untracked files present (use "git add" to track)
[ERROR] push failed: a02/18 (result kept in staging, will retry push only)
[Sun Sep  6 18:57:04 CST 2026] --- retry push only: channel=a02 seq=18 ---
# On branch hpc-mailbox
# Your branch is ahead of 'origin/hpc-mailbox' by 1 commit.
#   (use "git push" to publish your local commits)
#
# Untracked files:
#   (use "git add <file>..." to include in what will be committed)
#
#	inbox/autoresearch-64/hbv_lite_64_prospective_seq62.slurm
#	inbox/gpucheck_ngu009.slurm
#	inbox/gpucheck_ngu101.slurm
#	payload/id29-nearing2022-da/closure_v12.tar.gz
#	payload/id29-nearing2022-da/closure_v13.tar.gz
#	payload/id29-nearing2022-da/gate_preflight_v1.tar.gz
#	runner.log
#	runner2.log
nothing added to commit but untracked files present (use "git add" to track)
[ERROR] push failed: a02/18 (result kept in staging, will retry push only)
[Sun Sep  6 18:58:46 CST 2026] --- retry push only: channel=a02 seq=18 ---
# On branch hpc-mailbox
# Your branch is ahead of 'origin/hpc-mailbox' by 1 commit.
#   (use "git push" to publish your local commits)
#
# Untracked files:
#   (use "git add <file>..." to include in what will be committed)
#
#	inbox/autoresearch-64/hbv_lite_64_prospective_seq62.slurm
#	inbox/gpucheck_ngu009.slurm
#	inbox/gpucheck_ngu101.slurm
#	payload/id29-nearing2022-da/closure_v12.tar.gz
#	payload/id29-nearing2022-da/closure_v13.tar.gz
#	payload/id29-nearing2022-da/gate_preflight_v1.tar.gz
#	runner.log
#	runner2.log
nothing added to commit but untracked files present (use "git add" to track)
[ERROR] push failed: a02/18 (result kept in staging, will retry push only)
[Sun Sep  6 19:00:28 CST 2026] --- retry push only: channel=a02 seq=18 ---
# On branch hpc-mailbox
# Your branch is ahead of 'origin/hpc-mailbox' by 1 commit.
#   (use "git push" to publish your local commits)
#
# Untracked files:
#   (use "git add <file>..." to include in what will be committed)
#
#	inbox/autoresearch-64/hbv_lite_64_prospective_seq62.slurm
#	inbox/gpucheck_ngu009.slurm
#	inbox/gpucheck_ngu101.slurm
#	payload/id29-nearing2022-da/closure_v12.tar.gz
#	payload/id29-nearing2022-da/closure_v13.tar.gz
#	payload/id29-nearing2022-da/gate_preflight_v1.tar.gz
#	runner.log
#	runner2.log
nothing added to commit but untracked files present (use "git add" to track)
[ERROR] push failed: a02/18 (result kept in staging, will retry push only)
[Sun Sep  6 19:02:10 CST 2026] --- retry push only: channel=a02 seq=18 ---
# On branch hpc-mailbox
# Your branch is ahead of 'origin/hpc-mailbox' by 1 commit.
#   (use "git push" to publish your local commits)
#
# Untracked files:
#   (use "git add <file>..." to include in what will be committed)
#
#	inbox/autoresearch-64/hbv_lite_64_prospective_seq62.slurm
#	inbox/gpucheck_ngu009.slurm
#	inbox/gpucheck_ngu101.slurm
#	payload/id29-nearing2022-da/closure_v12.tar.gz
#	payload/id29-nearing2022-da/closure_v13.tar.gz
#	payload/id29-nearing2022-da/gate_preflight_v1.tar.gz
#	runner.log
#	runner2.log
nothing added to commit but untracked files present (use "git add" to track)
[ERROR] push failed: a02/18 (result kept in staging, will retry push only)
[Sun Sep  6 19:03:52 CST 2026] --- retry push only: channel=a02 seq=18 ---
# On branch hpc-mailbox
# Your branch is ahead of 'origin/hpc-mailbox' by 1 commit.
#   (use "git push" to publish your local commits)
#
# Untracked files:
#   (use "git add <file>..." to include in what will be committed)
#
#	inbox/autoresearch-64/hbv_lite_64_prospective_seq62.slurm
#	inbox/gpucheck_ngu009.slurm
#	inbox/gpucheck_ngu101.slurm
#	payload/id29-nearing2022-da/closure_v12.tar.gz
#	payload/id29-nearing2022-da/closure_v13.tar.gz
#	payload/id29-nearing2022-da/gate_preflight_v1.tar.gz
#	runner.log
#	runner2.log
nothing added to commit but untracked files present (use "git add" to track)
[ERROR] push failed: a02/18 (result kept in staging, will retry push only)
[Sun Sep  6 19:05:34 CST 2026] --- retry push only: channel=a02 seq=18 ---
# On branch hpc-mailbox
# Your branch is ahead of 'origin/hpc-mailbox' by 1 commit.
#   (use "git push" to publish your local commits)
#
# Untracked files:
#   (use "git add <file>..." to include in what will be committed)
#
#	inbox/autoresearch-64/hbv_lite_64_prospective_seq62.slurm
#	inbox/gpucheck_ngu009.slurm
#	inbox/gpucheck_ngu101.slurm
#	payload/id29-nearing2022-da/closure_v12.tar.gz
#	payload/id29-nearing2022-da/closure_v13.tar.gz
#	payload/id29-nearing2022-da/gate_preflight_v1.tar.gz
#	runner.log
#	runner2.log
nothing added to commit but untracked files present (use "git add" to track)
[ERROR] push failed: a02/18 (result kept in staging, will retry push only)
[Sun Sep  6 19:07:16 CST 2026] --- retry push only: channel=a02 seq=18 ---
# On branch hpc-mailbox
# Your branch is ahead of 'origin/hpc-mailbox' by 1 commit.
#   (use "git push" to publish your local commits)
#
# Untracked files:
#   (use "git add <file>..." to include in what will be committed)
#
#	inbox/autoresearch-64/hbv_lite_64_prospective_seq62.slurm
#	inbox/gpucheck_ngu009.slurm
#	inbox/gpucheck_ngu101.slurm
#	payload/id29-nearing2022-da/closure_v12.tar.gz
#	payload/id29-nearing2022-da/closure_v13.tar.gz
#	payload/id29-nearing2022-da/gate_preflight_v1.tar.gz
#	runner.log
#	runner2.log
nothing added to commit but untracked files present (use "git add" to track)
[ERROR] push failed: a02/18 (result kept in staging, will retry push only)
[Sun Sep  6 19:08:58 CST 2026] --- retry push only: channel=a02 seq=18 ---
# On branch hpc-mailbox
# Your branch is ahead of 'origin/hpc-mailbox' by 1 commit.
#   (use "git push" to publish your local commits)
#
# Untracked files:
#   (use "git add <file>..." to include in what will be committed)
#
#	inbox/autoresearch-64/hbv_lite_64_prospective_seq62.slurm
#	inbox/gpucheck_ngu009.slurm
#	inbox/gpucheck_ngu101.slurm
#	payload/id29-nearing2022-da/closure_v12.tar.gz
#	payload/id29-nearing2022-da/closure_v13.tar.gz
#	payload/id29-nearing2022-da/gate_preflight_v1.tar.gz
#	runner.log
#	runner2.log
nothing added to commit but untracked files present (use "git add" to track)
[ERROR] push failed: a02/18 (result kept in staging, will retry push only)
[Sun Sep  6 19:10:39 CST 2026] --- retry push only: channel=a02 seq=18 ---
# On branch hpc-mailbox
# Your branch is ahead of 'origin/hpc-mailbox' by 1 commit.
#   (use "git push" to publish your local commits)
#
# Untracked files:
#   (use "git add <file>..." to include in what will be committed)
#
#	inbox/autoresearch-64/hbv_lite_64_prospective_seq62.slurm
#	inbox/gpucheck_ngu009.slurm
#	inbox/gpucheck_ngu101.slurm
#	payload/id29-nearing2022-da/closure_v12.tar.gz
#	payload/id29-nearing2022-da/closure_v13.tar.gz
#	payload/id29-nearing2022-da/gate_preflight_v1.tar.gz
#	runner.log
#	runner2.log
nothing added to commit but untracked files present (use "git add" to track)
[ERROR] push failed: a02/18 (result kept in staging, will retry push only)
[Sun Sep  6 19:12:20 CST 2026] --- retry push only: channel=a02 seq=18 ---
# On branch hpc-mailbox
# Your branch is ahead of 'origin/hpc-mailbox' by 1 commit.
#   (use "git push" to publish your local commits)
#
# Untracked files:
#   (use "git add <file>..." to include in what will be committed)
#
#	inbox/autoresearch-64/hbv_lite_64_prospective_seq62.slurm
#	inbox/gpucheck_ngu009.slurm
#	inbox/gpucheck_ngu101.slurm
#	payload/id29-nearing2022-da/closure_v12.tar.gz
#	payload/id29-nearing2022-da/closure_v13.tar.gz
#	payload/id29-nearing2022-da/gate_preflight_v1.tar.gz
#	runner.log
#	runner2.log
nothing added to commit but untracked files present (use "git add" to track)
[ERROR] push failed: a02/18 (result kept in staging, will retry push only)
[Sun Sep  6 19:14:02 CST 2026] --- retry push only: channel=a02 seq=18 ---
# On branch hpc-mailbox
# Your branch is ahead of 'origin/hpc-mailbox' by 1 commit.
#   (use "git push" to publish your local commits)
#
# Untracked files:
#   (use "git add <file>..." to include in what will be committed)
#
#	inbox/autoresearch-64/hbv_lite_64_prospective_seq62.slurm
#	inbox/gpucheck_ngu009.slurm
#	inbox/gpucheck_ngu101.slurm
#	payload/id29-nearing2022-da/closure_v12.tar.gz
#	payload/id29-nearing2022-da/closure_v13.tar.gz
#	payload/id29-nearing2022-da/gate_preflight_v1.tar.gz
#	runner.log
#	runner2.log
nothing added to commit but untracked files present (use "git add" to track)
[ERROR] push failed: a02/18 (result kept in staging, will retry push only)
[Sun Sep  6 19:15:43 CST 2026] --- retry push only: channel=a02 seq=18 ---
# On branch hpc-mailbox
# Your branch is ahead of 'origin/hpc-mailbox' by 1 commit.
#   (use "git push" to publish your local commits)
#
# Untracked files:
#   (use "git add <file>..." to include in what will be committed)
#
#	inbox/autoresearch-64/hbv_lite_64_prospective_seq62.slurm
#	inbox/gpucheck_ngu009.slurm
#	inbox/gpucheck_ngu101.slurm
#	payload/id29-nearing2022-da/closure_v12.tar.gz
#	payload/id29-nearing2022-da/closure_v13.tar.gz
#	payload/id29-nearing2022-da/gate_preflight_v1.tar.gz
#	runner.log
#	runner2.log
nothing added to commit but untracked files present (use "git add" to track)
[ERROR] push failed: a02/18 (result kept in staging, will retry push only)
[Sun Sep  6 19:17:26 CST 2026] --- retry push only: channel=a02 seq=18 ---
# On branch hpc-mailbox
# Your branch is ahead of 'origin/hpc-mailbox' by 1 commit.
#   (use "git push" to publish your local commits)
#
# Untracked files:
#   (use "git add <file>..." to include in what will be committed)
#
#	inbox/autoresearch-64/hbv_lite_64_prospective_seq62.slurm
#	inbox/gpucheck_ngu009.slurm
#	inbox/gpucheck_ngu101.slurm
#	payload/id29-nearing2022-da/closure_v12.tar.gz
#	payload/id29-nearing2022-da/closure_v13.tar.gz
#	payload/id29-nearing2022-da/gate_preflight_v1.tar.gz
#	runner.log
#	runner2.log
nothing added to commit but untracked files present (use "git add" to track)
[ERROR] push failed: a02/18 (result kept in staging, will retry push only)
[Sun Sep  6 19:19:07 CST 2026] --- retry push only: channel=a02 seq=18 ---
# On branch hpc-mailbox
# Your branch is ahead of 'origin/hpc-mailbox' by 1 commit.
#   (use "git push" to publish your local commits)
#
# Untracked files:
#   (use "git add <file>..." to include in what will be committed)
#
#	inbox/autoresearch-64/hbv_lite_64_prospective_seq62.slurm
#	inbox/gpucheck_ngu009.slurm
#	inbox/gpucheck_ngu101.slurm
#	payload/id29-nearing2022-da/closure_v12.tar.gz
#	payload/id29-nearing2022-da/closure_v13.tar.gz
#	payload/id29-nearing2022-da/gate_preflight_v1.tar.gz
#	runner.log
#	runner2.log
nothing added to commit but untracked files present (use "git add" to track)
[ERROR] push failed: a02/18 (result kept in staging, will retry push only)
[Sun Sep  6 19:20:49 CST 2026] --- retry push only: channel=a02 seq=18 ---
# On branch hpc-mailbox
# Your branch is ahead of 'origin/hpc-mailbox' by 1 commit.
#   (use "git push" to publish your local commits)
#
# Untracked files:
#   (use "git add <file>..." to include in what will be committed)
#
#	inbox/autoresearch-64/hbv_lite_64_prospective_seq62.slurm
#	inbox/gpucheck_ngu009.slurm
#	inbox/gpucheck_ngu101.slurm
#	payload/id29-nearing2022-da/closure_v12.tar.gz
#	payload/id29-nearing2022-da/closure_v13.tar.gz
#	payload/id29-nearing2022-da/gate_preflight_v1.tar.gz
#	runner.log
#	runner2.log
nothing added to commit but untracked files present (use "git add" to track)
[ERROR] push failed: a02/18 (result kept in staging, will retry push only)
[Sun Sep  6 19:22:33 CST 2026] --- retry push only: channel=a02 seq=18 ---
# On branch hpc-mailbox
# Your branch is ahead of 'origin/hpc-mailbox' by 1 commit.
#   (use "git push" to publish your local commits)
#
# Untracked files:
#   (use "git add <file>..." to include in what will be committed)
#
#	inbox/autoresearch-64/hbv_lite_64_prospective_seq62.slurm
#	inbox/gpucheck_ngu009.slurm
#	inbox/gpucheck_ngu101.slurm
#	payload/id29-nearing2022-da/closure_v12.tar.gz
#	payload/id29-nearing2022-da/closure_v13.tar.gz
#	payload/id29-nearing2022-da/gate_preflight_v1.tar.gz
#	runner.log
#	runner2.log
nothing added to commit but untracked files present (use "git add" to track)
[ERROR] push failed: a02/18 (result kept in staging, will retry push only)
[Sun Sep  6 19:24:17 CST 2026] --- retry push only: channel=a02 seq=18 ---
# On branch hpc-mailbox
# Your branch is ahead of 'origin/hpc-mailbox' by 1 commit.
#   (use "git push" to publish your local commits)
#
# Untracked files:
#   (use "git add <file>..." to include in what will be committed)
#
#	inbox/autoresearch-64/hbv_lite_64_prospective_seq62.slurm
#	inbox/gpucheck_ngu009.slurm
#	inbox/gpucheck_ngu101.slurm
#	payload/id29-nearing2022-da/closure_v12.tar.gz
#	payload/id29-nearing2022-da/closure_v13.tar.gz
#	payload/id29-nearing2022-da/gate_preflight_v1.tar.gz
#	runner.log
#	runner2.log
nothing added to commit but untracked files present (use "git add" to track)
[ERROR] push failed: a02/18 (result kept in staging, will retry push only)
[Sun Sep  6 19:26:01 CST 2026] --- retry push only: channel=a02 seq=18 ---
# On branch hpc-mailbox
# Your branch is ahead of 'origin/hpc-mailbox' by 1 commit.
#   (use "git push" to publish your local commits)
#
# Untracked files:
#   (use "git add <file>..." to include in what will be committed)
#
#	inbox/autoresearch-64/hbv_lite_64_prospective_seq62.slurm
#	inbox/gpucheck_ngu009.slurm
#	inbox/gpucheck_ngu101.slurm
#	payload/id29-nearing2022-da/closure_v12.tar.gz
#	payload/id29-nearing2022-da/closure_v13.tar.gz
#	payload/id29-nearing2022-da/gate_preflight_v1.tar.gz
#	runner.log
#	runner2.log
nothing added to commit but untracked files present (use "git add" to track)
[ERROR] push failed: a02/18 (result kept in staging, will retry push only)
[Sun Sep  6 19:27:43 CST 2026] --- retry push only: channel=a02 seq=18 ---
# On branch hpc-mailbox
# Your branch is ahead of 'origin/hpc-mailbox' by 1 commit.
#   (use "git push" to publish your local commits)
#
# Untracked files:
#   (use "git add <file>..." to include in what will be committed)
#
#	inbox/autoresearch-64/hbv_lite_64_prospective_seq62.slurm
#	inbox/gpucheck_ngu009.slurm
#	inbox/gpucheck_ngu101.slurm
#	payload/id29-nearing2022-da/closure_v12.tar.gz
#	payload/id29-nearing2022-da/closure_v13.tar.gz
#	payload/id29-nearing2022-da/gate_preflight_v1.tar.gz
#	runner.log
#	runner2.log
nothing added to commit but untracked files present (use "git add" to track)
[ERROR] push failed: a02/18 (result kept in staging, will retry push only)
[Sun Sep  6 19:29:25 CST 2026] --- retry push only: channel=a02 seq=18 ---
# On branch hpc-mailbox
# Your branch is ahead of 'origin/hpc-mailbox' by 1 commit.
#   (use "git push" to publish your local commits)
#
# Untracked files:
#   (use "git add <file>..." to include in what will be committed)
#
#	inbox/autoresearch-64/hbv_lite_64_prospective_seq62.slurm
#	inbox/gpucheck_ngu009.slurm
#	inbox/gpucheck_ngu101.slurm
#	payload/id29-nearing2022-da/closure_v12.tar.gz
#	payload/id29-nearing2022-da/closure_v13.tar.gz
#	payload/id29-nearing2022-da/gate_preflight_v1.tar.gz
#	runner.log
#	runner2.log
nothing added to commit but untracked files present (use "git add" to track)
[ERROR] push failed: a02/18 (result kept in staging, will retry push only)
[Sun Sep  6 19:31:06 CST 2026] --- retry push only: channel=a02 seq=18 ---
# On branch hpc-mailbox
# Your branch is ahead of 'origin/hpc-mailbox' by 1 commit.
#   (use "git push" to publish your local commits)
#
# Untracked files:
#   (use "git add <file>..." to include in what will be committed)
#
#	inbox/autoresearch-64/hbv_lite_64_prospective_seq62.slurm
#	inbox/gpucheck_ngu009.slurm
#	inbox/gpucheck_ngu101.slurm
#	payload/id29-nearing2022-da/closure_v12.tar.gz
#	payload/id29-nearing2022-da/closure_v13.tar.gz
#	payload/id29-nearing2022-da/gate_preflight_v1.tar.gz
#	runner.log
#	runner2.log
nothing added to commit but untracked files present (use "git add" to track)
[ERROR] push failed: a02/18 (result kept in staging, will retry push only)
[Sun Sep  6 19:32:48 CST 2026] --- retry push only: channel=a02 seq=18 ---
# On branch hpc-mailbox
# Your branch is ahead of 'origin/hpc-mailbox' by 1 commit.
#   (use "git push" to publish your local commits)
#
# Untracked files:
#   (use "git add <file>..." to include in what will be committed)
#
#	inbox/autoresearch-64/hbv_lite_64_prospective_seq62.slurm
#	inbox/gpucheck_ngu009.slurm
#	inbox/gpucheck_ngu101.slurm
#	payload/id29-nearing2022-da/closure_v12.tar.gz
#	payload/id29-nearing2022-da/closure_v13.tar.gz
#	payload/id29-nearing2022-da/gate_preflight_v1.tar.gz
#	runner.log
#	runner2.log
nothing added to commit but untracked files present (use "git add" to track)
[ERROR] push failed: a02/18 (result kept in staging, will retry push only)
[Sun Sep  6 19:34:30 CST 2026] --- retry push only: channel=a02 seq=18 ---
# On branch hpc-mailbox
# Your branch is ahead of 'origin/hpc-mailbox' by 1 commit.
#   (use "git push" to publish your local commits)
#
# Untracked files:
#   (use "git add <file>..." to include in what will be committed)
#
#	inbox/autoresearch-64/hbv_lite_64_prospective_seq62.slurm
#	inbox/gpucheck_ngu009.slurm
#	inbox/gpucheck_ngu101.slurm
#	payload/id29-nearing2022-da/closure_v12.tar.gz
#	payload/id29-nearing2022-da/closure_v13.tar.gz
#	payload/id29-nearing2022-da/gate_preflight_v1.tar.gz
#	runner.log
#	runner2.log
nothing added to commit but untracked files present (use "git add" to track)
[ERROR] push failed: a02/18 (result kept in staging, will retry push only)
[Sun Sep  6 19:36:12 CST 2026] --- retry push only: channel=a02 seq=18 ---
# On branch hpc-mailbox
# Your branch is ahead of 'origin/hpc-mailbox' by 1 commit.
#   (use "git push" to publish your local commits)
#
# Untracked files:
#   (use "git add <file>..." to include in what will be committed)
#
#	inbox/autoresearch-64/hbv_lite_64_prospective_seq62.slurm
#	inbox/gpucheck_ngu009.slurm
#	inbox/gpucheck_ngu101.slurm
#	payload/id29-nearing2022-da/closure_v12.tar.gz
#	payload/id29-nearing2022-da/closure_v13.tar.gz
#	payload/id29-nearing2022-da/gate_preflight_v1.tar.gz
#	runner.log
#	runner2.log
nothing added to commit but untracked files present (use "git add" to track)
[ERROR] push failed: a02/18 (result kept in staging, will retry push only)
[Sun Sep  6 19:37:54 CST 2026] --- retry push only: channel=a02 seq=18 ---
# On branch hpc-mailbox
# Your branch is ahead of 'origin/hpc-mailbox' by 1 commit.
#   (use "git push" to publish your local commits)
#
# Untracked files:
#   (use "git add <file>..." to include in what will be committed)
#
#	inbox/autoresearch-64/hbv_lite_64_prospective_seq62.slurm
#	inbox/gpucheck_ngu009.slurm
#	inbox/gpucheck_ngu101.slurm
#	payload/id29-nearing2022-da/closure_v12.tar.gz
#	payload/id29-nearing2022-da/closure_v13.tar.gz
#	payload/id29-nearing2022-da/gate_preflight_v1.tar.gz
#	runner.log
#	runner2.log
nothing added to commit but untracked files present (use "git add" to track)
[ERROR] push failed: a02/18 (result kept in staging, will retry push only)
[Sun Sep  6 19:39:36 CST 2026] --- retry push only: channel=a02 seq=18 ---
# On branch hpc-mailbox
# Your branch is ahead of 'origin/hpc-mailbox' by 1 commit.
#   (use "git push" to publish your local commits)
#
# Untracked files:
#   (use "git add <file>..." to include in what will be committed)
#
#	inbox/autoresearch-64/hbv_lite_64_prospective_seq62.slurm
#	inbox/gpucheck_ngu009.slurm
#	inbox/gpucheck_ngu101.slurm
#	payload/id29-nearing2022-da/closure_v12.tar.gz
#	payload/id29-nearing2022-da/closure_v13.tar.gz
#	payload/id29-nearing2022-da/gate_preflight_v1.tar.gz
#	runner.log
#	runner2.log
nothing added to commit but untracked files present (use "git add" to track)
[ERROR] push failed: a02/18 (result kept in staging, will retry push only)
[Sun Sep  6 19:41:18 CST 2026] --- retry push only: channel=a02 seq=18 ---
# On branch hpc-mailbox
# Your branch is ahead of 'origin/hpc-mailbox' by 1 commit.
#   (use "git push" to publish your local commits)
#
# Untracked files:
#   (use "git add <file>..." to include in what will be committed)
#
#	inbox/autoresearch-64/hbv_lite_64_prospective_seq62.slurm
#	inbox/gpucheck_ngu009.slurm
#	inbox/gpucheck_ngu101.slurm
#	payload/id29-nearing2022-da/closure_v12.tar.gz
#	payload/id29-nearing2022-da/closure_v13.tar.gz
#	payload/id29-nearing2022-da/gate_preflight_v1.tar.gz
#	runner.log
#	runner2.log
nothing added to commit but untracked files present (use "git add" to track)
[ERROR] push failed: a02/18 (result kept in staging, will retry push only)
[Sun Sep  6 19:43:00 CST 2026] --- retry push only: channel=a02 seq=18 ---
# On branch hpc-mailbox
# Your branch is ahead of 'origin/hpc-mailbox' by 1 commit.
#   (use "git push" to publish your local commits)
#
# Untracked files:
#   (use "git add <file>..." to include in what will be committed)
#
#	inbox/autoresearch-64/hbv_lite_64_prospective_seq62.slurm
#	inbox/gpucheck_ngu009.slurm
#	inbox/gpucheck_ngu101.slurm
#	payload/id29-nearing2022-da/closure_v12.tar.gz
#	payload/id29-nearing2022-da/closure_v13.tar.gz
#	payload/id29-nearing2022-da/gate_preflight_v1.tar.gz
#	runner.log
#	runner2.log
nothing added to commit but untracked files present (use "git add" to track)
[ERROR] push failed: a02/18 (result kept in staging, will retry push only)
[Sun Sep  6 19:44:42 CST 2026] --- retry push only: channel=a02 seq=18 ---
# On branch hpc-mailbox
# Your branch is ahead of 'origin/hpc-mailbox' by 1 commit.
#   (use "git push" to publish your local commits)
#
# Untracked files:
#   (use "git add <file>..." to include in what will be committed)
#
#	inbox/autoresearch-64/hbv_lite_64_prospective_seq62.slurm
#	inbox/gpucheck_ngu009.slurm
#	inbox/gpucheck_ngu101.slurm
#	payload/id29-nearing2022-da/closure_v12.tar.gz
#	payload/id29-nearing2022-da/closure_v13.tar.gz
#	payload/id29-nearing2022-da/gate_preflight_v1.tar.gz
#	runner.log
#	runner2.log
nothing added to commit but untracked files present (use "git add" to track)
[ERROR] push failed: a02/18 (result kept in staging, will retry push only)
[Sun Sep  6 19:46:24 CST 2026] --- retry push only: channel=a02 seq=18 ---
# On branch hpc-mailbox
# Your branch is ahead of 'origin/hpc-mailbox' by 1 commit.
#   (use "git push" to publish your local commits)
#
# Untracked files:
#   (use "git add <file>..." to include in what will be committed)
#
#	inbox/autoresearch-64/hbv_lite_64_prospective_seq62.slurm
#	inbox/gpucheck_ngu009.slurm
#	inbox/gpucheck_ngu101.slurm
#	payload/id29-nearing2022-da/closure_v12.tar.gz
#	payload/id29-nearing2022-da/closure_v13.tar.gz
#	payload/id29-nearing2022-da/gate_preflight_v1.tar.gz
#	runner.log
#	runner2.log
nothing added to commit but untracked files present (use "git add" to track)
[ERROR] push failed: a02/18 (result kept in staging, will retry push only)
[Sun Sep  6 19:48:06 CST 2026] --- retry push only: channel=a02 seq=18 ---
# On branch hpc-mailbox
# Your branch is ahead of 'origin/hpc-mailbox' by 1 commit.
#   (use "git push" to publish your local commits)
#
# Untracked files:
#   (use "git add <file>..." to include in what will be committed)
#
#	inbox/autoresearch-64/hbv_lite_64_prospective_seq62.slurm
#	inbox/gpucheck_ngu009.slurm
#	inbox/gpucheck_ngu101.slurm
#	payload/id29-nearing2022-da/closure_v12.tar.gz
#	payload/id29-nearing2022-da/closure_v13.tar.gz
#	payload/id29-nearing2022-da/gate_preflight_v1.tar.gz
#	runner.log
#	runner2.log
nothing added to commit but untracked files present (use "git add" to track)
[ERROR] push failed: a02/18 (result kept in staging, will retry push only)
[Sun Sep  6 19:49:48 CST 2026] --- retry push only: channel=a02 seq=18 ---
# On branch hpc-mailbox
# Your branch is ahead of 'origin/hpc-mailbox' by 1 commit.
#   (use "git push" to publish your local commits)
#
# Untracked files:
#   (use "git add <file>..." to include in what will be committed)
#
#	inbox/autoresearch-64/hbv_lite_64_prospective_seq62.slurm
#	inbox/gpucheck_ngu009.slurm
#	inbox/gpucheck_ngu101.slurm
#	payload/id29-nearing2022-da/closure_v12.tar.gz
#	payload/id29-nearing2022-da/closure_v13.tar.gz
#	payload/id29-nearing2022-da/gate_preflight_v1.tar.gz
#	runner.log
#	runner2.log
nothing added to commit but untracked files present (use "git add" to track)
[ERROR] push failed: a02/18 (result kept in staging, will retry push only)
[Sun Sep  6 19:51:30 CST 2026] --- retry push only: channel=a02 seq=18 ---
# On branch hpc-mailbox
# Your branch is ahead of 'origin/hpc-mailbox' by 1 commit.
#   (use "git push" to publish your local commits)
#
# Untracked files:
#   (use "git add <file>..." to include in what will be committed)
#
#	inbox/autoresearch-64/hbv_lite_64_prospective_seq62.slurm
#	inbox/gpucheck_ngu009.slurm
#	inbox/gpucheck_ngu101.slurm
#	payload/id29-nearing2022-da/closure_v12.tar.gz
#	payload/id29-nearing2022-da/closure_v13.tar.gz
#	payload/id29-nearing2022-da/gate_preflight_v1.tar.gz
#	runner.log
#	runner2.log
nothing added to commit but untracked files present (use "git add" to track)
[ERROR] push failed: a02/18 (result kept in staging, will retry push only)
[Sun Sep  6 19:53:11 CST 2026] --- retry push only: channel=a02 seq=18 ---
# On branch hpc-mailbox
# Your branch is ahead of 'origin/hpc-mailbox' by 1 commit.
#   (use "git push" to publish your local commits)
#
# Untracked files:
#   (use "git add <file>..." to include in what will be committed)
#
#	inbox/autoresearch-64/hbv_lite_64_prospective_seq62.slurm
#	inbox/gpucheck_ngu009.slurm
#	inbox/gpucheck_ngu101.slurm
#	payload/id29-nearing2022-da/closure_v12.tar.gz
#	payload/id29-nearing2022-da/closure_v13.tar.gz
#	payload/id29-nearing2022-da/gate_preflight_v1.tar.gz
#	runner.log
#	runner2.log
nothing added to commit but untracked files present (use "git add" to track)
[ERROR] push failed: a02/18 (result kept in staging, will retry push only)
[Sun Sep  6 19:54:53 CST 2026] --- retry push only: channel=a02 seq=18 ---
# On branch hpc-mailbox
# Your branch is ahead of 'origin/hpc-mailbox' by 1 commit.
#   (use "git push" to publish your local commits)
#
# Untracked files:
#   (use "git add <file>..." to include in what will be committed)
#
#	inbox/autoresearch-64/hbv_lite_64_prospective_seq62.slurm
#	inbox/gpucheck_ngu009.slurm
#	inbox/gpucheck_ngu101.slurm
#	payload/id29-nearing2022-da/closure_v12.tar.gz
#	payload/id29-nearing2022-da/closure_v13.tar.gz
#	payload/id29-nearing2022-da/gate_preflight_v1.tar.gz
#	runner.log
#	runner2.log
nothing added to commit but untracked files present (use "git add" to track)
[ERROR] push failed: a02/18 (result kept in staging, will retry push only)
[Sun Sep  6 19:56:35 CST 2026] --- retry push only: channel=a02 seq=18 ---
# On branch hpc-mailbox
# Your branch is ahead of 'origin/hpc-mailbox' by 1 commit.
#   (use "git push" to publish your local commits)
#
# Untracked files:
#   (use "git add <file>..." to include in what will be committed)
#
#	inbox/autoresearch-64/hbv_lite_64_prospective_seq62.slurm
#	inbox/gpucheck_ngu009.slurm
#	inbox/gpucheck_ngu101.slurm
#	payload/id29-nearing2022-da/closure_v12.tar.gz
#	payload/id29-nearing2022-da/closure_v13.tar.gz
#	payload/id29-nearing2022-da/gate_preflight_v1.tar.gz
#	runner.log
#	runner2.log
nothing added to commit but untracked files present (use "git add" to track)
[ERROR] push failed: a02/18 (result kept in staging, will retry push only)
[Sun Sep  6 19:58:17 CST 2026] --- retry push only: channel=a02 seq=18 ---
# On branch hpc-mailbox
# Your branch is ahead of 'origin/hpc-mailbox' by 1 commit.
#   (use "git push" to publish your local commits)
#
# Untracked files:
#   (use "git add <file>..." to include in what will be committed)
#
#	inbox/autoresearch-64/hbv_lite_64_prospective_seq62.slurm
#	inbox/gpucheck_ngu009.slurm
#	inbox/gpucheck_ngu101.slurm
#	payload/id29-nearing2022-da/closure_v12.tar.gz
#	payload/id29-nearing2022-da/closure_v13.tar.gz
#	payload/id29-nearing2022-da/gate_preflight_v1.tar.gz
#	runner.log
#	runner2.log
nothing added to commit but untracked files present (use "git add" to track)
[ERROR] push failed: a02/18 (result kept in staging, will retry push only)
[Sun Sep  6 19:59:59 CST 2026] --- retry push only: channel=a02 seq=18 ---
# On branch hpc-mailbox
# Your branch is ahead of 'origin/hpc-mailbox' by 1 commit.
#   (use "git push" to publish your local commits)
#
# Untracked files:
#   (use "git add <file>..." to include in what will be committed)
#
#	inbox/autoresearch-64/hbv_lite_64_prospective_seq62.slurm
#	inbox/gpucheck_ngu009.slurm
#	inbox/gpucheck_ngu101.slurm
#	payload/id29-nearing2022-da/closure_v12.tar.gz
#	payload/id29-nearing2022-da/closure_v13.tar.gz
#	payload/id29-nearing2022-da/gate_preflight_v1.tar.gz
#	runner.log
#	runner2.log
nothing added to commit but untracked files present (use "git add" to track)
[ERROR] push failed: a02/18 (result kept in staging, will retry push only)
[Sun Sep  6 20:01:41 CST 2026] --- retry push only: channel=a02 seq=18 ---
# On branch hpc-mailbox
# Your branch is ahead of 'origin/hpc-mailbox' by 1 commit.
#   (use "git push" to publish your local commits)
#
# Untracked files:
#   (use "git add <file>..." to include in what will be committed)
#
#	inbox/autoresearch-64/hbv_lite_64_prospective_seq62.slurm
#	inbox/gpucheck_ngu009.slurm
#	inbox/gpucheck_ngu101.slurm
#	payload/id29-nearing2022-da/closure_v12.tar.gz
#	payload/id29-nearing2022-da/closure_v13.tar.gz
#	payload/id29-nearing2022-da/gate_preflight_v1.tar.gz
#	runner.log
#	runner2.log
nothing added to commit but untracked files present (use "git add" to track)
[ERROR] push failed: a02/18 (result kept in staging, will retry push only)
[Sun Sep  6 20:03:22 CST 2026] --- retry push only: channel=a02 seq=18 ---
# On branch hpc-mailbox
# Your branch is ahead of 'origin/hpc-mailbox' by 1 commit.
#   (use "git push" to publish your local commits)
#
# Untracked files:
#   (use "git add <file>..." to include in what will be committed)
#
#	inbox/autoresearch-64/hbv_lite_64_prospective_seq62.slurm
#	inbox/gpucheck_ngu009.slurm
#	inbox/gpucheck_ngu101.slurm
#	payload/id29-nearing2022-da/closure_v12.tar.gz
#	payload/id29-nearing2022-da/closure_v13.tar.gz
#	payload/id29-nearing2022-da/gate_preflight_v1.tar.gz
#	runner.log
#	runner2.log
nothing added to commit but untracked files present (use "git add" to track)
[ERROR] push failed: a02/18 (result kept in staging, will retry push only)
[Sun Sep  6 20:05:04 CST 2026] --- retry push only: channel=a02 seq=18 ---
# On branch hpc-mailbox
# Your branch is ahead of 'origin/hpc-mailbox' by 1 commit.
#   (use "git push" to publish your local commits)
#
# Untracked files:
#   (use "git add <file>..." to include in what will be committed)
#
#	inbox/autoresearch-64/hbv_lite_64_prospective_seq62.slurm
#	inbox/gpucheck_ngu009.slurm
#	inbox/gpucheck_ngu101.slurm
#	payload/id29-nearing2022-da/closure_v12.tar.gz
#	payload/id29-nearing2022-da/closure_v13.tar.gz
#	payload/id29-nearing2022-da/gate_preflight_v1.tar.gz
#	runner.log
#	runner2.log
nothing added to commit but untracked files present (use "git add" to track)
[ERROR] push failed: a02/18 (result kept in staging, will retry push only)
[Sun Sep  6 20:06:46 CST 2026] --- retry push only: channel=a02 seq=18 ---
# On branch hpc-mailbox
# Your branch is ahead of 'origin/hpc-mailbox' by 1 commit.
#   (use "git push" to publish your local commits)
#
# Untracked files:
#   (use "git add <file>..." to include in what will be committed)
#
#	inbox/autoresearch-64/hbv_lite_64_prospective_seq62.slurm
#	inbox/gpucheck_ngu009.slurm
#	inbox/gpucheck_ngu101.slurm
#	payload/id29-nearing2022-da/closure_v12.tar.gz
#	payload/id29-nearing2022-da/closure_v13.tar.gz
#	payload/id29-nearing2022-da/gate_preflight_v1.tar.gz
#	runner.log
#	runner2.log
nothing added to commit but untracked files present (use "git add" to track)
[ERROR] push failed: a02/18 (result kept in staging, will retry push only)
[Sun Sep  6 20:08:28 CST 2026] --- retry push only: channel=a02 seq=18 ---
# On branch hpc-mailbox
# Your branch is ahead of 'origin/hpc-mailbox' by 1 commit.
#   (use "git push" to publish your local commits)
#
# Untracked files:
#   (use "git add <file>..." to include in what will be committed)
#
#	inbox/autoresearch-64/hbv_lite_64_prospective_seq62.slurm
#	inbox/gpucheck_ngu009.slurm
#	inbox/gpucheck_ngu101.slurm
#	payload/id29-nearing2022-da/closure_v12.tar.gz
#	payload/id29-nearing2022-da/closure_v13.tar.gz
#	payload/id29-nearing2022-da/gate_preflight_v1.tar.gz
#	runner.log
#	runner2.log
nothing added to commit but untracked files present (use "git add" to track)
[ERROR] push failed: a02/18 (result kept in staging, will retry push only)
[Sun Sep  6 20:10:10 CST 2026] --- retry push only: channel=a02 seq=18 ---
# On branch hpc-mailbox
# Your branch is ahead of 'origin/hpc-mailbox' by 1 commit.
#   (use "git push" to publish your local commits)
#
# Untracked files:
#   (use "git add <file>..." to include in what will be committed)
#
#	inbox/autoresearch-64/hbv_lite_64_prospective_seq62.slurm
#	inbox/gpucheck_ngu009.slurm
#	inbox/gpucheck_ngu101.slurm
#	payload/id29-nearing2022-da/closure_v12.tar.gz
#	payload/id29-nearing2022-da/closure_v13.tar.gz
#	payload/id29-nearing2022-da/gate_preflight_v1.tar.gz
#	runner.log
#	runner2.log
nothing added to commit but untracked files present (use "git add" to track)
[ERROR] push failed: a02/18 (result kept in staging, will retry push only)
[Sun Sep  6 20:11:51 CST 2026] --- retry push only: channel=a02 seq=18 ---
# On branch hpc-mailbox
# Your branch is ahead of 'origin/hpc-mailbox' by 1 commit.
#   (use "git push" to publish your local commits)
#
# Untracked files:
#   (use "git add <file>..." to include in what will be committed)
#
#	inbox/autoresearch-64/hbv_lite_64_prospective_seq62.slurm
#	inbox/gpucheck_ngu009.slurm
#	inbox/gpucheck_ngu101.slurm
#	payload/id29-nearing2022-da/closure_v12.tar.gz
#	payload/id29-nearing2022-da/closure_v13.tar.gz
#	payload/id29-nearing2022-da/gate_preflight_v1.tar.gz
#	runner.log
#	runner2.log
nothing added to commit but untracked files present (use "git add" to track)
[ERROR] push failed: a02/18 (result kept in staging, will retry push only)
[Sun Sep  6 20:13:35 CST 2026] --- retry push only: channel=a02 seq=18 ---
# On branch hpc-mailbox
# Your branch is ahead of 'origin/hpc-mailbox' by 1 commit.
#   (use "git push" to publish your local commits)
#
# Untracked files:
#   (use "git add <file>..." to include in what will be committed)
#
#	inbox/autoresearch-64/hbv_lite_64_prospective_seq62.slurm
#	inbox/gpucheck_ngu009.slurm
#	inbox/gpucheck_ngu101.slurm
#	payload/id29-nearing2022-da/closure_v12.tar.gz
#	payload/id29-nearing2022-da/closure_v13.tar.gz
#	payload/id29-nearing2022-da/gate_preflight_v1.tar.gz
#	runner.log
#	runner2.log
nothing added to commit but untracked files present (use "git add" to track)
[ERROR] push failed: a02/18 (result kept in staging, will retry push only)
[Sun Sep  6 20:15:18 CST 2026] --- retry push only: channel=a02 seq=18 ---
# On branch hpc-mailbox
# Your branch is ahead of 'origin/hpc-mailbox' by 1 commit.
#   (use "git push" to publish your local commits)
#
# Untracked files:
#   (use "git add <file>..." to include in what will be committed)
#
#	inbox/autoresearch-64/hbv_lite_64_prospective_seq62.slurm
#	inbox/gpucheck_ngu009.slurm
#	inbox/gpucheck_ngu101.slurm
#	payload/id29-nearing2022-da/closure_v12.tar.gz
#	payload/id29-nearing2022-da/closure_v13.tar.gz
#	payload/id29-nearing2022-da/gate_preflight_v1.tar.gz
#	runner.log
#	runner2.log
nothing added to commit but untracked files present (use "git add" to track)
[ERROR] push failed: a02/18 (result kept in staging, will retry push only)
[Sun Sep  6 20:16:59 CST 2026] --- retry push only: channel=a02 seq=18 ---
# On branch hpc-mailbox
# Your branch is ahead of 'origin/hpc-mailbox' by 1 commit.
#   (use "git push" to publish your local commits)
#
# Untracked files:
#   (use "git add <file>..." to include in what will be committed)
#
#	inbox/autoresearch-64/hbv_lite_64_prospective_seq62.slurm
#	inbox/gpucheck_ngu009.slurm
#	inbox/gpucheck_ngu101.slurm
#	payload/id29-nearing2022-da/closure_v12.tar.gz
#	payload/id29-nearing2022-da/closure_v13.tar.gz
#	payload/id29-nearing2022-da/gate_preflight_v1.tar.gz
#	runner.log
#	runner2.log
nothing added to commit but untracked files present (use "git add" to track)
[ERROR] push failed: a02/18 (result kept in staging, will retry push only)
[Sun Sep  6 20:18:42 CST 2026] --- retry push only: channel=a02 seq=18 ---
# On branch hpc-mailbox
# Your branch is ahead of 'origin/hpc-mailbox' by 1 commit.
#   (use "git push" to publish your local commits)
#
# Untracked files:
#   (use "git add <file>..." to include in what will be committed)
#
#	inbox/autoresearch-64/hbv_lite_64_prospective_seq62.slurm
#	inbox/gpucheck_ngu009.slurm
#	inbox/gpucheck_ngu101.slurm
#	payload/id29-nearing2022-da/closure_v12.tar.gz
#	payload/id29-nearing2022-da/closure_v13.tar.gz
#	payload/id29-nearing2022-da/gate_preflight_v1.tar.gz
#	runner.log
#	runner2.log
nothing added to commit but untracked files present (use "git add" to track)
[ERROR] push failed: a02/18 (result kept in staging, will retry push only)
[Sun Sep  6 20:20:25 CST 2026] --- retry push only: channel=a02 seq=18 ---
# On branch hpc-mailbox
# Your branch is ahead of 'origin/hpc-mailbox' by 1 commit.
#   (use "git push" to publish your local commits)
#
# Untracked files:
#   (use "git add <file>..." to include in what will be committed)
#
#	inbox/autoresearch-64/hbv_lite_64_prospective_seq62.slurm
#	inbox/gpucheck_ngu009.slurm
#	inbox/gpucheck_ngu101.slurm
#	payload/id29-nearing2022-da/closure_v12.tar.gz
#	payload/id29-nearing2022-da/closure_v13.tar.gz
#	payload/id29-nearing2022-da/gate_preflight_v1.tar.gz
#	runner.log
#	runner2.log
nothing added to commit but untracked files present (use "git add" to track)
[ERROR] push failed: a02/18 (result kept in staging, will retry push only)
[Sun Sep  6 20:22:10 CST 2026] --- retry push only: channel=a02 seq=18 ---
# On branch hpc-mailbox
# Your branch is ahead of 'origin/hpc-mailbox' by 1 commit.
#   (use "git push" to publish your local commits)
#
# Untracked files:
#   (use "git add <file>..." to include in what will be committed)
#
#	inbox/autoresearch-64/hbv_lite_64_prospective_seq62.slurm
#	inbox/gpucheck_ngu009.slurm
#	inbox/gpucheck_ngu101.slurm
#	payload/id29-nearing2022-da/closure_v12.tar.gz
#	payload/id29-nearing2022-da/closure_v13.tar.gz
#	payload/id29-nearing2022-da/gate_preflight_v1.tar.gz
#	runner.log
#	runner2.log
nothing added to commit but untracked files present (use "git add" to track)
[ERROR] push failed: a02/18 (result kept in staging, will retry push only)
[Sun Sep  6 20:23:52 CST 2026] --- retry push only: channel=a02 seq=18 ---
# On branch hpc-mailbox
# Your branch is ahead of 'origin/hpc-mailbox' by 1 commit.
#   (use "git push" to publish your local commits)
#
# Untracked files:
#   (use "git add <file>..." to include in what will be committed)
#
#	inbox/autoresearch-64/hbv_lite_64_prospective_seq62.slurm
#	inbox/gpucheck_ngu009.slurm
#	inbox/gpucheck_ngu101.slurm
#	payload/id29-nearing2022-da/closure_v12.tar.gz
#	payload/id29-nearing2022-da/closure_v13.tar.gz
#	payload/id29-nearing2022-da/gate_preflight_v1.tar.gz
#	runner.log
#	runner2.log
nothing added to commit but untracked files present (use "git add" to track)
[ERROR] push failed: a02/18 (result kept in staging, will retry push only)
[Sun Sep  6 20:25:34 CST 2026] --- retry push only: channel=a02 seq=18 ---
# On branch hpc-mailbox
# Your branch is ahead of 'origin/hpc-mailbox' by 1 commit.
#   (use "git push" to publish your local commits)
#
# Untracked files:
#   (use "git add <file>..." to include in what will be committed)
#
#	inbox/autoresearch-64/hbv_lite_64_prospective_seq62.slurm
#	inbox/gpucheck_ngu009.slurm
#	inbox/gpucheck_ngu101.slurm
#	payload/id29-nearing2022-da/closure_v12.tar.gz
#	payload/id29-nearing2022-da/closure_v13.tar.gz
#	payload/id29-nearing2022-da/gate_preflight_v1.tar.gz
#	runner.log
#	runner2.log
nothing added to commit but untracked files present (use "git add" to track)
[ERROR] push failed: a02/18 (result kept in staging, will retry push only)
[Sun Sep  6 20:27:16 CST 2026] --- retry push only: channel=a02 seq=18 ---
# On branch hpc-mailbox
# Your branch is ahead of 'origin/hpc-mailbox' by 1 commit.
#   (use "git push" to publish your local commits)
#
# Untracked files:
#   (use "git add <file>..." to include in what will be committed)
#
#	inbox/autoresearch-64/hbv_lite_64_prospective_seq62.slurm
#	inbox/gpucheck_ngu009.slurm
#	inbox/gpucheck_ngu101.slurm
#	payload/id29-nearing2022-da/closure_v12.tar.gz
#	payload/id29-nearing2022-da/closure_v13.tar.gz
#	payload/id29-nearing2022-da/gate_preflight_v1.tar.gz
#	runner.log
#	runner2.log
nothing added to commit but untracked files present (use "git add" to track)
[ERROR] push failed: a02/18 (result kept in staging, will retry push only)
[Sun Sep  6 20:28:59 CST 2026] --- retry push only: channel=a02 seq=18 ---
# On branch hpc-mailbox
# Your branch is ahead of 'origin/hpc-mailbox' by 1 commit.
#   (use "git push" to publish your local commits)
#
# Untracked files:
#   (use "git add <file>..." to include in what will be committed)
#
#	inbox/autoresearch-64/hbv_lite_64_prospective_seq62.slurm
#	inbox/gpucheck_ngu009.slurm
#	inbox/gpucheck_ngu101.slurm
#	payload/id29-nearing2022-da/closure_v12.tar.gz
#	payload/id29-nearing2022-da/closure_v13.tar.gz
#	payload/id29-nearing2022-da/gate_preflight_v1.tar.gz
#	runner.log
#	runner2.log
nothing added to commit but untracked files present (use "git add" to track)
[ERROR] push failed: a02/18 (result kept in staging, will retry push only)
[Sun Sep  6 20:30:41 CST 2026] --- retry push only: channel=a02 seq=18 ---
# On branch hpc-mailbox
# Your branch is ahead of 'origin/hpc-mailbox' by 1 commit.
#   (use "git push" to publish your local commits)
#
# Untracked files:
#   (use "git add <file>..." to include in what will be committed)
#
#	inbox/autoresearch-64/hbv_lite_64_prospective_seq62.slurm
#	inbox/gpucheck_ngu009.slurm
#	inbox/gpucheck_ngu101.slurm
#	payload/id29-nearing2022-da/closure_v12.tar.gz
#	payload/id29-nearing2022-da/closure_v13.tar.gz
#	payload/id29-nearing2022-da/gate_preflight_v1.tar.gz
#	runner.log
#	runner2.log
nothing added to commit but untracked files present (use "git add" to track)
[ERROR] push failed: a02/18 (result kept in staging, will retry push only)
[Sun Sep  6 20:32:22 CST 2026] --- retry push only: channel=a02 seq=18 ---
# On branch hpc-mailbox
# Your branch is ahead of 'origin/hpc-mailbox' by 1 commit.
#   (use "git push" to publish your local commits)
#
# Untracked files:
#   (use "git add <file>..." to include in what will be committed)
#
#	inbox/autoresearch-64/hbv_lite_64_prospective_seq62.slurm
#	inbox/gpucheck_ngu009.slurm
#	inbox/gpucheck_ngu101.slurm
#	payload/id29-nearing2022-da/closure_v12.tar.gz
#	payload/id29-nearing2022-da/closure_v13.tar.gz
#	payload/id29-nearing2022-da/gate_preflight_v1.tar.gz
#	runner.log
#	runner2.log
nothing added to commit but untracked files present (use "git add" to track)
[ERROR] push failed: a02/18 (result kept in staging, will retry push only)
[Sun Sep  6 20:34:04 CST 2026] --- retry push only: channel=a02 seq=18 ---
# On branch hpc-mailbox
# Your branch is ahead of 'origin/hpc-mailbox' by 1 commit.
#   (use "git push" to publish your local commits)
#
# Untracked files:
#   (use "git add <file>..." to include in what will be committed)
#
#	inbox/autoresearch-64/hbv_lite_64_prospective_seq62.slurm
#	inbox/gpucheck_ngu009.slurm
#	inbox/gpucheck_ngu101.slurm
#	payload/id29-nearing2022-da/closure_v12.tar.gz
#	payload/id29-nearing2022-da/closure_v13.tar.gz
#	payload/id29-nearing2022-da/gate_preflight_v1.tar.gz
#	runner.log
#	runner2.log
nothing added to commit but untracked files present (use "git add" to track)
[ERROR] push failed: a02/18 (result kept in staging, will retry push only)
[Sun Sep  6 20:35:46 CST 2026] --- retry push only: channel=a02 seq=18 ---
# On branch hpc-mailbox
# Your branch is ahead of 'origin/hpc-mailbox' by 1 commit.
#   (use "git push" to publish your local commits)
#
# Untracked files:
#   (use "git add <file>..." to include in what will be committed)
#
#	inbox/autoresearch-64/hbv_lite_64_prospective_seq62.slurm
#	inbox/gpucheck_ngu009.slurm
#	inbox/gpucheck_ngu101.slurm
#	payload/id29-nearing2022-da/closure_v12.tar.gz
#	payload/id29-nearing2022-da/closure_v13.tar.gz
#	payload/id29-nearing2022-da/gate_preflight_v1.tar.gz
#	runner.log
#	runner2.log
nothing added to commit but untracked files present (use "git add" to track)
[ERROR] push failed: a02/18 (result kept in staging, will retry push only)
[Sun Sep  6 20:37:28 CST 2026] --- retry push only: channel=a02 seq=18 ---
# On branch hpc-mailbox
# Your branch is ahead of 'origin/hpc-mailbox' by 1 commit.
#   (use "git push" to publish your local commits)
#
# Untracked files:
#   (use "git add <file>..." to include in what will be committed)
#
#	inbox/autoresearch-64/hbv_lite_64_prospective_seq62.slurm
#	inbox/gpucheck_ngu009.slurm
#	inbox/gpucheck_ngu101.slurm
#	payload/id29-nearing2022-da/closure_v12.tar.gz
#	payload/id29-nearing2022-da/closure_v13.tar.gz
#	payload/id29-nearing2022-da/gate_preflight_v1.tar.gz
#	runner.log
#	runner2.log
nothing added to commit but untracked files present (use "git add" to track)
[ERROR] push failed: a02/18 (result kept in staging, will retry push only)
[Sun Sep  6 20:39:10 CST 2026] --- retry push only: channel=a02 seq=18 ---
# On branch hpc-mailbox
# Your branch is ahead of 'origin/hpc-mailbox' by 1 commit.
#   (use "git push" to publish your local commits)
#
# Untracked files:
#   (use "git add <file>..." to include in what will be committed)
#
#	inbox/autoresearch-64/hbv_lite_64_prospective_seq62.slurm
#	inbox/gpucheck_ngu009.slurm
#	inbox/gpucheck_ngu101.slurm
#	payload/id29-nearing2022-da/closure_v12.tar.gz
#	payload/id29-nearing2022-da/closure_v13.tar.gz
#	payload/id29-nearing2022-da/gate_preflight_v1.tar.gz
#	runner.log
#	runner2.log
nothing added to commit but untracked files present (use "git add" to track)
[ERROR] push failed: a02/18 (result kept in staging, will retry push only)
[Sun Sep  6 20:40:51 CST 2026] --- retry push only: channel=a02 seq=18 ---
# On branch hpc-mailbox
# Your branch is ahead of 'origin/hpc-mailbox' by 1 commit.
#   (use "git push" to publish your local commits)
#
# Untracked files:
#   (use "git add <file>..." to include in what will be committed)
#
#	inbox/autoresearch-64/hbv_lite_64_prospective_seq62.slurm
#	inbox/gpucheck_ngu009.slurm
#	inbox/gpucheck_ngu101.slurm
#	payload/id29-nearing2022-da/closure_v12.tar.gz
#	payload/id29-nearing2022-da/closure_v13.tar.gz
#	payload/id29-nearing2022-da/gate_preflight_v1.tar.gz
#	runner.log
#	runner2.log
nothing added to commit but untracked files present (use "git add" to track)
[ERROR] push failed: a02/18 (result kept in staging, will retry push only)
[Sun Sep  6 20:42:34 CST 2026] --- retry push only: channel=a02 seq=18 ---
# On branch hpc-mailbox
# Your branch is ahead of 'origin/hpc-mailbox' by 1 commit.
#   (use "git push" to publish your local commits)
#
# Untracked files:
#   (use "git add <file>..." to include in what will be committed)
#
#	inbox/autoresearch-64/hbv_lite_64_prospective_seq62.slurm
#	inbox/gpucheck_ngu009.slurm
#	inbox/gpucheck_ngu101.slurm
#	payload/id29-nearing2022-da/closure_v12.tar.gz
#	payload/id29-nearing2022-da/closure_v13.tar.gz
#	payload/id29-nearing2022-da/gate_preflight_v1.tar.gz
#	runner.log
#	runner2.log
nothing added to commit but untracked files present (use "git add" to track)
[ERROR] push failed: a02/18 (result kept in staging, will retry push only)
[Sun Sep  6 20:44:16 CST 2026] --- retry push only: channel=a02 seq=18 ---
# On branch hpc-mailbox
# Your branch is ahead of 'origin/hpc-mailbox' by 1 commit.
#   (use "git push" to publish your local commits)
#
# Untracked files:
#   (use "git add <file>..." to include in what will be committed)
#
#	inbox/autoresearch-64/hbv_lite_64_prospective_seq62.slurm
#	inbox/gpucheck_ngu009.slurm
#	inbox/gpucheck_ngu101.slurm
#	payload/id29-nearing2022-da/closure_v12.tar.gz
#	payload/id29-nearing2022-da/closure_v13.tar.gz
#	payload/id29-nearing2022-da/gate_preflight_v1.tar.gz
#	runner.log
#	runner2.log
nothing added to commit but untracked files present (use "git add" to track)
[ERROR] push failed: a02/18 (result kept in staging, will retry push only)
[Sun Sep  6 20:45:57 CST 2026] --- retry push only: channel=a02 seq=18 ---
# On branch hpc-mailbox
# Your branch is ahead of 'origin/hpc-mailbox' by 1 commit.
#   (use "git push" to publish your local commits)
#
# Untracked files:
#   (use "git add <file>..." to include in what will be committed)
#
#	inbox/autoresearch-64/hbv_lite_64_prospective_seq62.slurm
#	inbox/gpucheck_ngu009.slurm
#	inbox/gpucheck_ngu101.slurm
#	payload/id29-nearing2022-da/closure_v12.tar.gz
#	payload/id29-nearing2022-da/closure_v13.tar.gz
#	payload/id29-nearing2022-da/gate_preflight_v1.tar.gz
#	runner.log
#	runner2.log
nothing added to commit but untracked files present (use "git add" to track)
[ERROR] push failed: a02/18 (result kept in staging, will retry push only)
[Sun Sep  6 20:47:39 CST 2026] --- retry push only: channel=a02 seq=18 ---
# On branch hpc-mailbox
# Your branch is ahead of 'origin/hpc-mailbox' by 1 commit.
#   (use "git push" to publish your local commits)
#
# Untracked files:
#   (use "git add <file>..." to include in what will be committed)
#
#	inbox/autoresearch-64/hbv_lite_64_prospective_seq62.slurm
#	inbox/gpucheck_ngu009.slurm
#	inbox/gpucheck_ngu101.slurm
#	payload/id29-nearing2022-da/closure_v12.tar.gz
#	payload/id29-nearing2022-da/closure_v13.tar.gz
#	payload/id29-nearing2022-da/gate_preflight_v1.tar.gz
#	runner.log
#	runner2.log
nothing added to commit but untracked files present (use "git add" to track)
[ERROR] push failed: a02/18 (result kept in staging, will retry push only)
[Sun Sep  6 20:49:20 CST 2026] --- retry push only: channel=a02 seq=18 ---
# On branch hpc-mailbox
# Your branch is ahead of 'origin/hpc-mailbox' by 1 commit.
#   (use "git push" to publish your local commits)
#
# Untracked files:
#   (use "git add <file>..." to include in what will be committed)
#
#	inbox/autoresearch-64/hbv_lite_64_prospective_seq62.slurm
#	inbox/gpucheck_ngu009.slurm
#	inbox/gpucheck_ngu101.slurm
#	payload/id29-nearing2022-da/closure_v12.tar.gz
#	payload/id29-nearing2022-da/closure_v13.tar.gz
#	payload/id29-nearing2022-da/gate_preflight_v1.tar.gz
#	runner.log
#	runner2.log
nothing added to commit but untracked files present (use "git add" to track)
[ERROR] push failed: a02/18 (result kept in staging, will retry push only)
[Sun Sep  6 20:51:02 CST 2026] --- retry push only: channel=a02 seq=18 ---
# On branch hpc-mailbox
# Your branch is ahead of 'origin/hpc-mailbox' by 1 commit.
#   (use "git push" to publish your local commits)
#
# Untracked files:
#   (use "git add <file>..." to include in what will be committed)
#
#	inbox/autoresearch-64/hbv_lite_64_prospective_seq62.slurm
#	inbox/gpucheck_ngu009.slurm
#	inbox/gpucheck_ngu101.slurm
#	payload/id29-nearing2022-da/closure_v12.tar.gz
#	payload/id29-nearing2022-da/closure_v13.tar.gz
#	payload/id29-nearing2022-da/gate_preflight_v1.tar.gz
#	runner.log
#	runner2.log
nothing added to commit but untracked files present (use "git add" to track)
[ERROR] push failed: a02/18 (result kept in staging, will retry push only)
[Sun Sep  6 20:52:44 CST 2026] --- retry push only: channel=a02 seq=18 ---
# On branch hpc-mailbox
# Your branch is ahead of 'origin/hpc-mailbox' by 1 commit.
#   (use "git push" to publish your local commits)
#
# Untracked files:
#   (use "git add <file>..." to include in what will be committed)
#
#	inbox/autoresearch-64/hbv_lite_64_prospective_seq62.slurm
#	inbox/gpucheck_ngu009.slurm
#	inbox/gpucheck_ngu101.slurm
#	payload/id29-nearing2022-da/closure_v12.tar.gz
#	payload/id29-nearing2022-da/closure_v13.tar.gz
#	payload/id29-nearing2022-da/gate_preflight_v1.tar.gz
#	runner.log
#	runner2.log
nothing added to commit but untracked files present (use "git add" to track)
[ERROR] push failed: a02/18 (result kept in staging, will retry push only)
[Sun Sep  6 20:54:26 CST 2026] --- retry push only: channel=a02 seq=18 ---
# On branch hpc-mailbox
# Your branch is ahead of 'origin/hpc-mailbox' by 1 commit.
#   (use "git push" to publish your local commits)
#
# Untracked files:
#   (use "git add <file>..." to include in what will be committed)
#
#	inbox/autoresearch-64/hbv_lite_64_prospective_seq62.slurm
#	inbox/gpucheck_ngu009.slurm
#	inbox/gpucheck_ngu101.slurm
#	payload/id29-nearing2022-da/closure_v12.tar.gz
#	payload/id29-nearing2022-da/closure_v13.tar.gz
#	payload/id29-nearing2022-da/gate_preflight_v1.tar.gz
#	runner.log
#	runner2.log
nothing added to commit but untracked files present (use "git add" to track)
[ERROR] push failed: a02/18 (result kept in staging, will retry push only)
[Sun Sep  6 20:56:08 CST 2026] --- retry push only: channel=a02 seq=18 ---
# On branch hpc-mailbox
# Your branch is ahead of 'origin/hpc-mailbox' by 1 commit.
#   (use "git push" to publish your local commits)
#
# Untracked files:
#   (use "git add <file>..." to include in what will be committed)
#
#	inbox/autoresearch-64/hbv_lite_64_prospective_seq62.slurm
#	inbox/gpucheck_ngu009.slurm
#	inbox/gpucheck_ngu101.slurm
#	payload/id29-nearing2022-da/closure_v12.tar.gz
#	payload/id29-nearing2022-da/closure_v13.tar.gz
#	payload/id29-nearing2022-da/gate_preflight_v1.tar.gz
#	runner.log
#	runner2.log
nothing added to commit but untracked files present (use "git add" to track)
[ERROR] push failed: a02/18 (result kept in staging, will retry push only)
[Sun Sep  6 20:57:50 CST 2026] --- retry push only: channel=a02 seq=18 ---
# On branch hpc-mailbox
# Your branch is ahead of 'origin/hpc-mailbox' by 1 commit.
#   (use "git push" to publish your local commits)
#
# Untracked files:
#   (use "git add <file>..." to include in what will be committed)
#
#	inbox/autoresearch-64/hbv_lite_64_prospective_seq62.slurm
#	inbox/gpucheck_ngu009.slurm
#	inbox/gpucheck_ngu101.slurm
#	payload/id29-nearing2022-da/closure_v12.tar.gz
#	payload/id29-nearing2022-da/closure_v13.tar.gz
#	payload/id29-nearing2022-da/gate_preflight_v1.tar.gz
#	runner.log
#	runner2.log
nothing added to commit but untracked files present (use "git add" to track)
[ERROR] push failed: a02/18 (result kept in staging, will retry push only)
[Sun Sep  6 20:59:32 CST 2026] --- retry push only: channel=a02 seq=18 ---
# On branch hpc-mailbox
# Your branch is ahead of 'origin/hpc-mailbox' by 1 commit.
#   (use "git push" to publish your local commits)
#
# Untracked files:
#   (use "git add <file>..." to include in what will be committed)
#
#	inbox/autoresearch-64/hbv_lite_64_prospective_seq62.slurm
#	inbox/gpucheck_ngu009.slurm
#	inbox/gpucheck_ngu101.slurm
#	payload/id29-nearing2022-da/closure_v12.tar.gz
#	payload/id29-nearing2022-da/closure_v13.tar.gz
#	payload/id29-nearing2022-da/gate_preflight_v1.tar.gz
#	runner.log
#	runner2.log
nothing added to commit but untracked files present (use "git add" to track)
[ERROR] push failed: a02/18 (result kept in staging, will retry push only)
[Sun Sep  6 21:01:14 CST 2026] --- retry push only: channel=a02 seq=18 ---
# On branch hpc-mailbox
# Your branch is ahead of 'origin/hpc-mailbox' by 1 commit.
#   (use "git push" to publish your local commits)
#
# Untracked files:
#   (use "git add <file>..." to include in what will be committed)
#
#	inbox/autoresearch-64/hbv_lite_64_prospective_seq62.slurm
#	inbox/gpucheck_ngu009.slurm
#	inbox/gpucheck_ngu101.slurm
#	payload/id29-nearing2022-da/closure_v12.tar.gz
#	payload/id29-nearing2022-da/closure_v13.tar.gz
#	payload/id29-nearing2022-da/gate_preflight_v1.tar.gz
#	runner.log
#	runner2.log
nothing added to commit but untracked files present (use "git add" to track)
[ERROR] push failed: a02/18 (result kept in staging, will retry push only)
[Sun Sep  6 21:02:56 CST 2026] --- retry push only: channel=a02 seq=18 ---
# On branch hpc-mailbox
# Your branch is ahead of 'origin/hpc-mailbox' by 1 commit.
#   (use "git push" to publish your local commits)
#
# Untracked files:
#   (use "git add <file>..." to include in what will be committed)
#
#	inbox/autoresearch-64/hbv_lite_64_prospective_seq62.slurm
#	inbox/gpucheck_ngu009.slurm
#	inbox/gpucheck_ngu101.slurm
#	payload/id29-nearing2022-da/closure_v12.tar.gz
#	payload/id29-nearing2022-da/closure_v13.tar.gz
#	payload/id29-nearing2022-da/gate_preflight_v1.tar.gz
#	runner.log
#	runner2.log
nothing added to commit but untracked files present (use "git add" to track)
[ERROR] push failed: a02/18 (result kept in staging, will retry push only)
[Sun Sep  6 21:04:40 CST 2026] --- retry push only: channel=a02 seq=18 ---
[Sun Sep  6 21:04:40 CST 2026] --- start channel=id29-nearing2022-da seq=519 ---
# On branch hpc-mailbox
# Your branch is ahead of 'origin/hpc-mailbox' by 1 commit.
#   (use "git push" to publish your local commits)
#
# Untracked files:
#   (use "git add <file>..." to include in what will be committed)
#
#	inbox/autoresearch-64/hbv_lite_64_prospective_seq62.slurm
#	inbox/gpucheck_ngu009.slurm
#	inbox/gpucheck_ngu101.slurm
#	payload/id29-nearing2022-da/closure_v12.tar.gz
#	payload/id29-nearing2022-da/closure_v13.tar.gz
#	payload/id29-nearing2022-da/gate_preflight_v1.tar.gz
#	runner.log
#	runner2.log
nothing added to commit but untracked files present (use "git add" to track)
[ERROR] push failed: a02/18 (result kept in staging, will retry push only)
[Sun Sep  6 21:06:22 CST 2026] --- retry push only: channel=a02 seq=18 ---
[Sun Sep  6 21:06:25 CST 2026] done channel=id29-nearing2022-da seq=519 rc=0
# On branch hpc-mailbox
# Your branch is ahead of 'origin/hpc-mailbox' by 1 commit.
#   (use "git push" to publish your local commits)
#
# Untracked files:
#   (use "git add <file>..." to include in what will be committed)
#
#	inbox/autoresearch-64/hbv_lite_64_prospective_seq62.slurm
#	inbox/gpucheck_ngu009.slurm
#	inbox/gpucheck_ngu101.slurm
#	payload/id29-nearing2022-da/closure_v12.tar.gz
#	payload/id29-nearing2022-da/closure_v13.tar.gz
#	payload/id29-nearing2022-da/gate_preflight_v1.tar.gz
#	runner.log
#	runner2.log
nothing added to commit but untracked files present (use "git add" to track)
[Sun Sep  6 21:07:35 CST 2026] --- start channel=id29-nearing2022-da seq=520 ---
[ERROR] push failed: a02/18 (result kept in staging, will retry push only)
[Sun Sep  6 21:08:11 CST 2026] --- retry push only: channel=a02 seq=18 ---
[Sun Sep  6 21:08:17 CST 2026] done channel=id29-nearing2022-da seq=520 rc=0
# On branch hpc-mailbox
# Your branch is ahead of 'origin/hpc-mailbox' by 1 commit.
#   (use "git push" to publish your local commits)
#
# Untracked files:
#   (use "git add <file>..." to include in what will be committed)
#
#	inbox/autoresearch-64/hbv_lite_64_prospective_seq62.slurm
#	inbox/gpucheck_ngu009.slurm
#	inbox/gpucheck_ngu101.slurm
#	payload/id29-nearing2022-da/closure_v12.tar.gz
#	payload/id29-nearing2022-da/closure_v13.tar.gz
#	payload/id29-nearing2022-da/gate_preflight_v1.tar.gz
#	runner.log
#	runner2.log
nothing added to commit but untracked files present (use "git add" to track)
[ERROR] push failed: a02/18 (result kept in staging, will retry push only)
[Sun Sep  6 21:10:56 CST 2026] --- retry push only: channel=a02 seq=18 ---
# On branch hpc-mailbox
# Your branch is ahead of 'origin/hpc-mailbox' by 1 commit.
#   (use "git push" to publish your local commits)
#
# Untracked files:
#   (use "git add <file>..." to include in what will be committed)
#
#	inbox/autoresearch-64/hbv_lite_64_prospective_seq62.slurm
#	inbox/gpucheck_ngu009.slurm
#	inbox/gpucheck_ngu101.slurm
#	payload/id29-nearing2022-da/closure_v12.tar.gz
#	payload/id29-nearing2022-da/closure_v13.tar.gz
#	payload/id29-nearing2022-da/gate_preflight_v1.tar.gz
#	runner.log
#	runner2.log
nothing added to commit but untracked files present (use "git add" to track)
[ERROR] push failed: a02/18 (result kept in staging, will retry push only)
[Sun Sep  6 21:13:33 CST 2026] --- retry push only: channel=a02 seq=18 ---
# On branch hpc-mailbox
# Your branch is ahead of 'origin/hpc-mailbox' by 1 commit.
#   (use "git push" to publish your local commits)
#
# Untracked files:
#   (use "git add <file>..." to include in what will be committed)
#
#	inbox/autoresearch-64/hbv_lite_64_prospective_seq62.slurm
#	inbox/gpucheck_ngu009.slurm
#	inbox/gpucheck_ngu101.slurm
#	payload/id29-nearing2022-da/closure_v12.tar.gz
#	payload/id29-nearing2022-da/closure_v13.tar.gz
#	payload/id29-nearing2022-da/gate_preflight_v1.tar.gz
#	runner.log
#	runner2.log
nothing added to commit but untracked files present (use "git add" to track)
[ERROR] push failed: a02/18 (result kept in staging, will retry push only)
[Sun Sep  6 21:16:55 CST 2026] --- retry push only: channel=a02 seq=18 ---
# On branch hpc-mailbox
# Your branch is ahead of 'origin/hpc-mailbox' by 1 commit.
#   (use "git push" to publish your local commits)
#
# Untracked files:
#   (use "git add <file>..." to include in what will be committed)
#
#	inbox/autoresearch-64/hbv_lite_64_prospective_seq62.slurm
#	inbox/gpucheck_ngu009.slurm
#	inbox/gpucheck_ngu101.slurm
#	payload/id29-nearing2022-da/closure_v12.tar.gz
#	payload/id29-nearing2022-da/closure_v13.tar.gz
#	payload/id29-nearing2022-da/gate_preflight_v1.tar.gz
#	runner.log
#	runner2.log
nothing added to commit but untracked files present (use "git add" to track)
[ERROR] push failed: a02/18 (result kept in staging, will retry push only)
[Sun Sep  6 21:19:33 CST 2026] --- retry push only: channel=a02 seq=18 ---
# On branch hpc-mailbox
# Your branch is ahead of 'origin/hpc-mailbox' by 1 commit.
#   (use "git push" to publish your local commits)
#
# Untracked files:
#   (use "git add <file>..." to include in what will be committed)
#
#	inbox/autoresearch-64/hbv_lite_64_prospective_seq62.slurm
#	inbox/gpucheck_ngu009.slurm
#	inbox/gpucheck_ngu101.slurm
#	payload/id29-nearing2022-da/closure_v12.tar.gz
#	payload/id29-nearing2022-da/closure_v13.tar.gz
#	payload/id29-nearing2022-da/gate_preflight_v1.tar.gz
#	runner.log
#	runner2.log
nothing added to commit but untracked files present (use "git add" to track)
[ERROR] push failed: a02/18 (result kept in staging, will retry push only)
[Sun Sep  6 21:21:15 CST 2026] --- retry push only: channel=a02 seq=18 ---
# On branch hpc-mailbox
# Your branch is ahead of 'origin/hpc-mailbox' by 1 commit.
#   (use "git push" to publish your local commits)
#
# Untracked files:
#   (use "git add <file>..." to include in what will be committed)
#
#	inbox/autoresearch-64/hbv_lite_64_prospective_seq62.slurm
#	inbox/gpucheck_ngu009.slurm
#	inbox/gpucheck_ngu101.slurm
#	payload/id29-nearing2022-da/closure_v12.tar.gz
#	payload/id29-nearing2022-da/closure_v13.tar.gz
#	payload/id29-nearing2022-da/gate_preflight_v1.tar.gz
#	runner.log
#	runner2.log
nothing added to commit but untracked files present (use "git add" to track)
[ERROR] push failed: a02/18 (result kept in staging, will retry push only)
[Sun Sep  6 21:22:56 CST 2026] --- retry push only: channel=a02 seq=18 ---
# On branch hpc-mailbox
# Your branch is ahead of 'origin/hpc-mailbox' by 1 commit.
#   (use "git push" to publish your local commits)
#
# Untracked files:
#   (use "git add <file>..." to include in what will be committed)
#
#	inbox/autoresearch-64/hbv_lite_64_prospective_seq62.slurm
#	inbox/gpucheck_ngu009.slurm
#	inbox/gpucheck_ngu101.slurm
#	payload/id29-nearing2022-da/closure_v12.tar.gz
#	payload/id29-nearing2022-da/closure_v13.tar.gz
#	payload/id29-nearing2022-da/gate_preflight_v1.tar.gz
#	runner.log
#	runner2.log
nothing added to commit but untracked files present (use "git add" to track)
[ERROR] push failed: a02/18 (result kept in staging, will retry push only)
[Sun Sep  6 21:24:39 CST 2026] --- retry push only: channel=a02 seq=18 ---
# On branch hpc-mailbox
# Your branch is ahead of 'origin/hpc-mailbox' by 1 commit.
#   (use "git push" to publish your local commits)
#
# Untracked files:
#   (use "git add <file>..." to include in what will be committed)
#
#	inbox/autoresearch-64/hbv_lite_64_prospective_seq62.slurm
#	inbox/gpucheck_ngu009.slurm
#	inbox/gpucheck_ngu101.slurm
#	payload/id29-nearing2022-da/closure_v12.tar.gz
#	payload/id29-nearing2022-da/closure_v13.tar.gz
#	payload/id29-nearing2022-da/gate_preflight_v1.tar.gz
#	runner.log
#	runner2.log
nothing added to commit but untracked files present (use "git add" to track)
[ERROR] push failed: a02/18 (result kept in staging, will retry push only)
[Sun Sep  6 21:26:20 CST 2026] --- retry push only: channel=a02 seq=18 ---
# On branch hpc-mailbox
# Your branch is ahead of 'origin/hpc-mailbox' by 1 commit.
#   (use "git push" to publish your local commits)
#
# Untracked files:
#   (use "git add <file>..." to include in what will be committed)
#
#	inbox/autoresearch-64/hbv_lite_64_prospective_seq62.slurm
#	inbox/gpucheck_ngu009.slurm
#	inbox/gpucheck_ngu101.slurm
#	payload/id29-nearing2022-da/closure_v12.tar.gz
#	payload/id29-nearing2022-da/closure_v13.tar.gz
#	payload/id29-nearing2022-da/gate_preflight_v1.tar.gz
#	runner.log
#	runner2.log
nothing added to commit but untracked files present (use "git add" to track)
[ERROR] push failed: a02/18 (result kept in staging, will retry push only)
[Sun Sep  6 21:28:04 CST 2026] --- retry push only: channel=a02 seq=18 ---
# On branch hpc-mailbox
# Your branch is ahead of 'origin/hpc-mailbox' by 1 commit.
#   (use "git push" to publish your local commits)
#
# Untracked files:
#   (use "git add <file>..." to include in what will be committed)
#
#	inbox/autoresearch-64/hbv_lite_64_prospective_seq62.slurm
#	inbox/gpucheck_ngu009.slurm
#	inbox/gpucheck_ngu101.slurm
#	payload/id29-nearing2022-da/closure_v12.tar.gz
#	payload/id29-nearing2022-da/closure_v13.tar.gz
#	payload/id29-nearing2022-da/gate_preflight_v1.tar.gz
#	runner.log
#	runner2.log
nothing added to commit but untracked files present (use "git add" to track)
[ERROR] push failed: a02/18 (result kept in staging, will retry push only)
[Sun Sep  6 21:29:47 CST 2026] --- retry push only: channel=a02 seq=18 ---
# On branch hpc-mailbox
# Your branch is ahead of 'origin/hpc-mailbox' by 1 commit.
#   (use "git push" to publish your local commits)
#
# Untracked files:
#   (use "git add <file>..." to include in what will be committed)
#
#	inbox/autoresearch-64/hbv_lite_64_prospective_seq62.slurm
#	inbox/gpucheck_ngu009.slurm
#	inbox/gpucheck_ngu101.slurm
#	payload/id29-nearing2022-da/closure_v12.tar.gz
#	payload/id29-nearing2022-da/closure_v13.tar.gz
#	payload/id29-nearing2022-da/gate_preflight_v1.tar.gz
#	runner.log
#	runner2.log
nothing added to commit but untracked files present (use "git add" to track)
[ERROR] push failed: a02/18 (result kept in staging, will retry push only)
[Sun Sep  6 21:31:28 CST 2026] --- retry push only: channel=a02 seq=18 ---
# On branch hpc-mailbox
# Your branch is ahead of 'origin/hpc-mailbox' by 1 commit.
#   (use "git push" to publish your local commits)
#
# Untracked files:
#   (use "git add <file>..." to include in what will be committed)
#
#	inbox/autoresearch-64/hbv_lite_64_prospective_seq62.slurm
#	inbox/gpucheck_ngu009.slurm
#	inbox/gpucheck_ngu101.slurm
#	payload/id29-nearing2022-da/closure_v12.tar.gz
#	payload/id29-nearing2022-da/closure_v13.tar.gz
#	payload/id29-nearing2022-da/gate_preflight_v1.tar.gz
#	runner.log
#	runner2.log
nothing added to commit but untracked files present (use "git add" to track)
[ERROR] push failed: a02/18 (result kept in staging, will retry push only)
[Sun Sep  6 21:33:10 CST 2026] --- retry push only: channel=a02 seq=18 ---
# On branch hpc-mailbox
# Your branch is ahead of 'origin/hpc-mailbox' by 1 commit.
#   (use "git push" to publish your local commits)
#
# Untracked files:
#   (use "git add <file>..." to include in what will be committed)
#
#	inbox/autoresearch-64/hbv_lite_64_prospective_seq62.slurm
#	inbox/gpucheck_ngu009.slurm
#	inbox/gpucheck_ngu101.slurm
#	payload/id29-nearing2022-da/closure_v12.tar.gz
#	payload/id29-nearing2022-da/closure_v13.tar.gz
#	payload/id29-nearing2022-da/gate_preflight_v1.tar.gz
#	runner.log
#	runner2.log
nothing added to commit but untracked files present (use "git add" to track)
[ERROR] push failed: a02/18 (result kept in staging, will retry push only)
[Sun Sep  6 21:34:52 CST 2026] --- retry push only: channel=a02 seq=18 ---
# On branch hpc-mailbox
# Your branch is ahead of 'origin/hpc-mailbox' by 1 commit.
#   (use "git push" to publish your local commits)
#
# Untracked files:
#   (use "git add <file>..." to include in what will be committed)
#
#	inbox/autoresearch-64/hbv_lite_64_prospective_seq62.slurm
#	inbox/gpucheck_ngu009.slurm
#	inbox/gpucheck_ngu101.slurm
#	payload/id29-nearing2022-da/closure_v12.tar.gz
#	payload/id29-nearing2022-da/closure_v13.tar.gz
#	payload/id29-nearing2022-da/gate_preflight_v1.tar.gz
#	runner.log
#	runner2.log
nothing added to commit but untracked files present (use "git add" to track)
[ERROR] push failed: a02/18 (result kept in staging, will retry push only)
[Sun Sep  6 21:36:34 CST 2026] --- retry push only: channel=a02 seq=18 ---
# On branch hpc-mailbox
# Your branch is ahead of 'origin/hpc-mailbox' by 1 commit.
#   (use "git push" to publish your local commits)
#
# Untracked files:
#   (use "git add <file>..." to include in what will be committed)
#
#	inbox/autoresearch-64/hbv_lite_64_prospective_seq62.slurm
#	inbox/gpucheck_ngu009.slurm
#	inbox/gpucheck_ngu101.slurm
#	payload/id29-nearing2022-da/closure_v12.tar.gz
#	payload/id29-nearing2022-da/closure_v13.tar.gz
#	payload/id29-nearing2022-da/gate_preflight_v1.tar.gz
#	runner.log
#	runner2.log
nothing added to commit but untracked files present (use "git add" to track)
[ERROR] push failed: a02/18 (result kept in staging, will retry push only)
[Sun Sep  6 21:38:16 CST 2026] --- retry push only: channel=a02 seq=18 ---
# On branch hpc-mailbox
# Your branch is ahead of 'origin/hpc-mailbox' by 1 commit.
#   (use "git push" to publish your local commits)
#
# Untracked files:
#   (use "git add <file>..." to include in what will be committed)
#
#	inbox/autoresearch-64/hbv_lite_64_prospective_seq62.slurm
#	inbox/gpucheck_ngu009.slurm
#	inbox/gpucheck_ngu101.slurm
#	payload/id29-nearing2022-da/closure_v12.tar.gz
#	payload/id29-nearing2022-da/closure_v13.tar.gz
#	payload/id29-nearing2022-da/gate_preflight_v1.tar.gz
#	runner.log
#	runner2.log
nothing added to commit but untracked files present (use "git add" to track)
[ERROR] push failed: a02/18 (result kept in staging, will retry push only)
[Sun Sep  6 21:39:57 CST 2026] --- retry push only: channel=a02 seq=18 ---
# On branch hpc-mailbox
# Your branch is ahead of 'origin/hpc-mailbox' by 1 commit.
#   (use "git push" to publish your local commits)
#
# Untracked files:
#   (use "git add <file>..." to include in what will be committed)
#
#	inbox/autoresearch-64/hbv_lite_64_prospective_seq62.slurm
#	inbox/gpucheck_ngu009.slurm
#	inbox/gpucheck_ngu101.slurm
#	payload/id29-nearing2022-da/closure_v12.tar.gz
#	payload/id29-nearing2022-da/closure_v13.tar.gz
#	payload/id29-nearing2022-da/gate_preflight_v1.tar.gz
#	runner.log
#	runner2.log
nothing added to commit but untracked files present (use "git add" to track)
[ERROR] push failed: a02/18 (result kept in staging, will retry push only)
[Sun Sep  6 21:41:40 CST 2026] --- retry push only: channel=a02 seq=18 ---
# On branch hpc-mailbox
# Your branch is ahead of 'origin/hpc-mailbox' by 1 commit.
#   (use "git push" to publish your local commits)
#
# Untracked files:
#   (use "git add <file>..." to include in what will be committed)
#
#	inbox/autoresearch-64/hbv_lite_64_prospective_seq62.slurm
#	inbox/gpucheck_ngu009.slurm
#	inbox/gpucheck_ngu101.slurm
#	payload/id29-nearing2022-da/closure_v12.tar.gz
#	payload/id29-nearing2022-da/closure_v13.tar.gz
#	payload/id29-nearing2022-da/gate_preflight_v1.tar.gz
#	runner.log
#	runner2.log
nothing added to commit but untracked files present (use "git add" to track)
[ERROR] push failed: a02/18 (result kept in staging, will retry push only)
[Sun Sep  6 21:43:21 CST 2026] --- retry push only: channel=a02 seq=18 ---
# On branch hpc-mailbox
# Your branch is ahead of 'origin/hpc-mailbox' by 1 commit.
#   (use "git push" to publish your local commits)
#
# Untracked files:
#   (use "git add <file>..." to include in what will be committed)
#
#	inbox/autoresearch-64/hbv_lite_64_prospective_seq62.slurm
#	inbox/gpucheck_ngu009.slurm
#	inbox/gpucheck_ngu101.slurm
#	payload/id29-nearing2022-da/closure_v12.tar.gz
#	payload/id29-nearing2022-da/closure_v13.tar.gz
#	payload/id29-nearing2022-da/gate_preflight_v1.tar.gz
#	runner.log
#	runner2.log
nothing added to commit but untracked files present (use "git add" to track)
[ERROR] push failed: a02/18 (result kept in staging, will retry push only)
[Sun Sep  6 21:45:03 CST 2026] --- retry push only: channel=a02 seq=18 ---
# On branch hpc-mailbox
# Your branch is ahead of 'origin/hpc-mailbox' by 1 commit.
#   (use "git push" to publish your local commits)
#
# Untracked files:
#   (use "git add <file>..." to include in what will be committed)
#
#	inbox/autoresearch-64/hbv_lite_64_prospective_seq62.slurm
#	inbox/gpucheck_ngu009.slurm
#	inbox/gpucheck_ngu101.slurm
#	payload/id29-nearing2022-da/closure_v12.tar.gz
#	payload/id29-nearing2022-da/closure_v13.tar.gz
#	payload/id29-nearing2022-da/gate_preflight_v1.tar.gz
#	runner.log
#	runner2.log
nothing added to commit but untracked files present (use "git add" to track)
[ERROR] push failed: a02/18 (result kept in staging, will retry push only)
[Sun Sep  6 21:46:44 CST 2026] --- retry push only: channel=a02 seq=18 ---
# On branch hpc-mailbox
# Your branch is ahead of 'origin/hpc-mailbox' by 1 commit.
#   (use "git push" to publish your local commits)
#
# Untracked files:
#   (use "git add <file>..." to include in what will be committed)
#
#	inbox/autoresearch-64/hbv_lite_64_prospective_seq62.slurm
#	inbox/gpucheck_ngu009.slurm
#	inbox/gpucheck_ngu101.slurm
#	payload/id29-nearing2022-da/closure_v12.tar.gz
#	payload/id29-nearing2022-da/closure_v13.tar.gz
#	payload/id29-nearing2022-da/gate_preflight_v1.tar.gz
#	runner.log
#	runner2.log
nothing added to commit but untracked files present (use "git add" to track)
[ERROR] push failed: a02/18 (result kept in staging, will retry push only)
[Sun Sep  6 21:48:26 CST 2026] --- retry push only: channel=a02 seq=18 ---
# On branch hpc-mailbox
# Your branch is ahead of 'origin/hpc-mailbox' by 1 commit.
#   (use "git push" to publish your local commits)
#
# Untracked files:
#   (use "git add <file>..." to include in what will be committed)
#
#	inbox/autoresearch-64/hbv_lite_64_prospective_seq62.slurm
#	inbox/gpucheck_ngu009.slurm
#	inbox/gpucheck_ngu101.slurm
#	payload/id29-nearing2022-da/closure_v12.tar.gz
#	payload/id29-nearing2022-da/closure_v13.tar.gz
#	payload/id29-nearing2022-da/gate_preflight_v1.tar.gz
#	runner.log
#	runner2.log
nothing added to commit but untracked files present (use "git add" to track)
[ERROR] push failed: a02/18 (result kept in staging, will retry push only)
[Sun Sep  6 21:50:07 CST 2026] --- retry push only: channel=a02 seq=18 ---
# On branch hpc-mailbox
# Your branch is ahead of 'origin/hpc-mailbox' by 1 commit.
#   (use "git push" to publish your local commits)
#
# Untracked files:
#   (use "git add <file>..." to include in what will be committed)
#
#	inbox/autoresearch-64/hbv_lite_64_prospective_seq62.slurm
#	inbox/gpucheck_ngu009.slurm
#	inbox/gpucheck_ngu101.slurm
#	payload/id29-nearing2022-da/closure_v12.tar.gz
#	payload/id29-nearing2022-da/closure_v13.tar.gz
#	payload/id29-nearing2022-da/gate_preflight_v1.tar.gz
#	runner.log
#	runner2.log
nothing added to commit but untracked files present (use "git add" to track)
[ERROR] push failed: a02/18 (result kept in staging, will retry push only)
[Sun Sep  6 21:51:49 CST 2026] --- retry push only: channel=a02 seq=18 ---
# On branch hpc-mailbox
# Your branch is ahead of 'origin/hpc-mailbox' by 1 commit.
#   (use "git push" to publish your local commits)
#
# Untracked files:
#   (use "git add <file>..." to include in what will be committed)
#
#	inbox/autoresearch-64/hbv_lite_64_prospective_seq62.slurm
#	inbox/gpucheck_ngu009.slurm
#	inbox/gpucheck_ngu101.slurm
#	payload/id29-nearing2022-da/closure_v12.tar.gz
#	payload/id29-nearing2022-da/closure_v13.tar.gz
#	payload/id29-nearing2022-da/gate_preflight_v1.tar.gz
#	runner.log
#	runner2.log
nothing added to commit but untracked files present (use "git add" to track)
[ERROR] push failed: a02/18 (result kept in staging, will retry push only)
[Sun Sep  6 21:53:33 CST 2026] --- retry push only: channel=a02 seq=18 ---
# On branch hpc-mailbox
# Your branch is ahead of 'origin/hpc-mailbox' by 1 commit.
#   (use "git push" to publish your local commits)
#
# Untracked files:
#   (use "git add <file>..." to include in what will be committed)
#
#	inbox/autoresearch-64/hbv_lite_64_prospective_seq62.slurm
#	inbox/gpucheck_ngu009.slurm
#	inbox/gpucheck_ngu101.slurm
#	payload/id29-nearing2022-da/closure_v12.tar.gz
#	payload/id29-nearing2022-da/closure_v13.tar.gz
#	payload/id29-nearing2022-da/gate_preflight_v1.tar.gz
#	runner.log
#	runner2.log
nothing added to commit but untracked files present (use "git add" to track)
[ERROR] push failed: a02/18 (result kept in staging, will retry push only)
[Sun Sep  6 21:55:15 CST 2026] --- retry push only: channel=a02 seq=18 ---
# On branch hpc-mailbox
# Your branch is ahead of 'origin/hpc-mailbox' by 1 commit.
#   (use "git push" to publish your local commits)
#
# Untracked files:
#   (use "git add <file>..." to include in what will be committed)
#
#	inbox/autoresearch-64/hbv_lite_64_prospective_seq62.slurm
#	inbox/gpucheck_ngu009.slurm
#	inbox/gpucheck_ngu101.slurm
#	payload/id29-nearing2022-da/closure_v12.tar.gz
#	payload/id29-nearing2022-da/closure_v13.tar.gz
#	payload/id29-nearing2022-da/gate_preflight_v1.tar.gz
#	runner.log
#	runner2.log
nothing added to commit but untracked files present (use "git add" to track)
[ERROR] push failed: a02/18 (result kept in staging, will retry push only)
[Sun Sep  6 21:56:57 CST 2026] --- retry push only: channel=a02 seq=18 ---
# On branch hpc-mailbox
# Your branch is ahead of 'origin/hpc-mailbox' by 1 commit.
#   (use "git push" to publish your local commits)
#
# Untracked files:
#   (use "git add <file>..." to include in what will be committed)
#
#	inbox/autoresearch-64/hbv_lite_64_prospective_seq62.slurm
#	inbox/gpucheck_ngu009.slurm
#	inbox/gpucheck_ngu101.slurm
#	payload/id29-nearing2022-da/closure_v12.tar.gz
#	payload/id29-nearing2022-da/closure_v13.tar.gz
#	payload/id29-nearing2022-da/gate_preflight_v1.tar.gz
#	runner.log
#	runner2.log
nothing added to commit but untracked files present (use "git add" to track)
[ERROR] push failed: a02/18 (result kept in staging, will retry push only)
[Sun Sep  6 21:58:41 CST 2026] --- retry push only: channel=a02 seq=18 ---
# On branch hpc-mailbox
# Your branch is ahead of 'origin/hpc-mailbox' by 1 commit.
#   (use "git push" to publish your local commits)
#
# Untracked files:
#   (use "git add <file>..." to include in what will be committed)
#
#	inbox/autoresearch-64/hbv_lite_64_prospective_seq62.slurm
#	inbox/gpucheck_ngu009.slurm
#	inbox/gpucheck_ngu101.slurm
#	payload/id29-nearing2022-da/closure_v12.tar.gz
#	payload/id29-nearing2022-da/closure_v13.tar.gz
#	payload/id29-nearing2022-da/gate_preflight_v1.tar.gz
#	runner.log
#	runner2.log
nothing added to commit but untracked files present (use "git add" to track)
[ERROR] push failed: a02/18 (result kept in staging, will retry push only)
[Sun Sep  6 22:00:23 CST 2026] --- retry push only: channel=a02 seq=18 ---
# On branch hpc-mailbox
# Your branch is ahead of 'origin/hpc-mailbox' by 1 commit.
#   (use "git push" to publish your local commits)
#
# Untracked files:
#   (use "git add <file>..." to include in what will be committed)
#
#	inbox/autoresearch-64/hbv_lite_64_prospective_seq62.slurm
#	inbox/gpucheck_ngu009.slurm
#	inbox/gpucheck_ngu101.slurm
#	payload/id29-nearing2022-da/closure_v12.tar.gz
#	payload/id29-nearing2022-da/closure_v13.tar.gz
#	payload/id29-nearing2022-da/gate_preflight_v1.tar.gz
#	runner.log
#	runner2.log
nothing added to commit but untracked files present (use "git add" to track)
[ERROR] push failed: a02/18 (result kept in staging, will retry push only)
[Sun Sep  6 22:02:04 CST 2026] --- retry push only: channel=a02 seq=18 ---
# On branch hpc-mailbox
# Your branch is ahead of 'origin/hpc-mailbox' by 1 commit.
#   (use "git push" to publish your local commits)
#
# Untracked files:
#   (use "git add <file>..." to include in what will be committed)
#
#	inbox/autoresearch-64/hbv_lite_64_prospective_seq62.slurm
#	inbox/gpucheck_ngu009.slurm
#	inbox/gpucheck_ngu101.slurm
#	payload/id29-nearing2022-da/closure_v12.tar.gz
#	payload/id29-nearing2022-da/closure_v13.tar.gz
#	payload/id29-nearing2022-da/gate_preflight_v1.tar.gz
#	runner.log
#	runner2.log
nothing added to commit but untracked files present (use "git add" to track)
[ERROR] push failed: a02/18 (result kept in staging, will retry push only)
[Sun Sep  6 22:03:46 CST 2026] --- retry push only: channel=a02 seq=18 ---
# On branch hpc-mailbox
# Your branch is ahead of 'origin/hpc-mailbox' by 1 commit.
#   (use "git push" to publish your local commits)
#
# Untracked files:
#   (use "git add <file>..." to include in what will be committed)
#
#	inbox/autoresearch-64/hbv_lite_64_prospective_seq62.slurm
#	inbox/gpucheck_ngu009.slurm
#	inbox/gpucheck_ngu101.slurm
#	payload/id29-nearing2022-da/closure_v12.tar.gz
#	payload/id29-nearing2022-da/closure_v13.tar.gz
#	payload/id29-nearing2022-da/gate_preflight_v1.tar.gz
#	runner.log
#	runner2.log
nothing added to commit but untracked files present (use "git add" to track)
[ERROR] push failed: a02/18 (result kept in staging, will retry push only)
[Sun Sep  6 22:05:28 CST 2026] --- retry push only: channel=a02 seq=18 ---
# On branch hpc-mailbox
# Your branch is ahead of 'origin/hpc-mailbox' by 1 commit.
#   (use "git push" to publish your local commits)
#
# Untracked files:
#   (use "git add <file>..." to include in what will be committed)
#
#	inbox/autoresearch-64/hbv_lite_64_prospective_seq62.slurm
#	inbox/gpucheck_ngu009.slurm
#	inbox/gpucheck_ngu101.slurm
#	payload/id29-nearing2022-da/closure_v12.tar.gz
#	payload/id29-nearing2022-da/closure_v13.tar.gz
#	payload/id29-nearing2022-da/gate_preflight_v1.tar.gz
#	runner.log
#	runner2.log
nothing added to commit but untracked files present (use "git add" to track)
[ERROR] push failed: a02/18 (result kept in staging, will retry push only)
[Sun Sep  6 22:07:09 CST 2026] --- retry push only: channel=a02 seq=18 ---
# On branch hpc-mailbox
# Your branch is ahead of 'origin/hpc-mailbox' by 1 commit.
#   (use "git push" to publish your local commits)
#
# Untracked files:
#   (use "git add <file>..." to include in what will be committed)
#
#	inbox/autoresearch-64/hbv_lite_64_prospective_seq62.slurm
#	inbox/gpucheck_ngu009.slurm
#	inbox/gpucheck_ngu101.slurm
#	payload/id29-nearing2022-da/closure_v12.tar.gz
#	payload/id29-nearing2022-da/closure_v13.tar.gz
#	payload/id29-nearing2022-da/gate_preflight_v1.tar.gz
#	runner.log
#	runner2.log
nothing added to commit but untracked files present (use "git add" to track)
[ERROR] push failed: a02/18 (result kept in staging, will retry push only)
[Sun Sep  6 22:08:51 CST 2026] --- retry push only: channel=a02 seq=18 ---
# On branch hpc-mailbox
# Your branch is ahead of 'origin/hpc-mailbox' by 1 commit.
#   (use "git push" to publish your local commits)
#
# Untracked files:
#   (use "git add <file>..." to include in what will be committed)
#
#	inbox/autoresearch-64/hbv_lite_64_prospective_seq62.slurm
#	inbox/gpucheck_ngu009.slurm
#	inbox/gpucheck_ngu101.slurm
#	payload/id29-nearing2022-da/closure_v12.tar.gz
#	payload/id29-nearing2022-da/closure_v13.tar.gz
#	payload/id29-nearing2022-da/gate_preflight_v1.tar.gz
#	runner.log
#	runner2.log
nothing added to commit but untracked files present (use "git add" to track)
[ERROR] push failed: a02/18 (result kept in staging, will retry push only)
[Sun Sep  6 22:10:33 CST 2026] --- retry push only: channel=a02 seq=18 ---
# On branch hpc-mailbox
# Your branch is ahead of 'origin/hpc-mailbox' by 1 commit.
#   (use "git push" to publish your local commits)
#
# Untracked files:
#   (use "git add <file>..." to include in what will be committed)
#
#	inbox/autoresearch-64/hbv_lite_64_prospective_seq62.slurm
#	inbox/gpucheck_ngu009.slurm
#	inbox/gpucheck_ngu101.slurm
#	payload/id29-nearing2022-da/closure_v12.tar.gz
#	payload/id29-nearing2022-da/closure_v13.tar.gz
#	payload/id29-nearing2022-da/gate_preflight_v1.tar.gz
#	runner.log
#	runner2.log
nothing added to commit but untracked files present (use "git add" to track)
[ERROR] push failed: a02/18 (result kept in staging, will retry push only)
[Sun Sep  6 22:12:15 CST 2026] --- retry push only: channel=a02 seq=18 ---
# On branch hpc-mailbox
# Your branch is ahead of 'origin/hpc-mailbox' by 1 commit.
#   (use "git push" to publish your local commits)
#
# Untracked files:
#   (use "git add <file>..." to include in what will be committed)
#
#	inbox/autoresearch-64/hbv_lite_64_prospective_seq62.slurm
#	inbox/gpucheck_ngu009.slurm
#	inbox/gpucheck_ngu101.slurm
#	payload/id29-nearing2022-da/closure_v12.tar.gz
#	payload/id29-nearing2022-da/closure_v13.tar.gz
#	payload/id29-nearing2022-da/gate_preflight_v1.tar.gz
#	runner.log
#	runner2.log
nothing added to commit but untracked files present (use "git add" to track)
[ERROR] push failed: a02/18 (result kept in staging, will retry push only)
[Sun Sep  6 22:13:59 CST 2026] --- retry push only: channel=a02 seq=18 ---
# On branch hpc-mailbox
# Your branch is ahead of 'origin/hpc-mailbox' by 1 commit.
#   (use "git push" to publish your local commits)
#
# Untracked files:
#   (use "git add <file>..." to include in what will be committed)
#
#	inbox/autoresearch-64/hbv_lite_64_prospective_seq62.slurm
#	inbox/gpucheck_ngu009.slurm
#	inbox/gpucheck_ngu101.slurm
#	payload/id29-nearing2022-da/closure_v12.tar.gz
#	payload/id29-nearing2022-da/closure_v13.tar.gz
#	payload/id29-nearing2022-da/gate_preflight_v1.tar.gz
#	runner.log
#	runner2.log
nothing added to commit but untracked files present (use "git add" to track)
[ERROR] push failed: a02/18 (result kept in staging, will retry push only)
[Sun Sep  6 22:15:41 CST 2026] --- retry push only: channel=a02 seq=18 ---
# On branch hpc-mailbox
# Your branch is ahead of 'origin/hpc-mailbox' by 1 commit.
#   (use "git push" to publish your local commits)
#
# Untracked files:
#   (use "git add <file>..." to include in what will be committed)
#
#	inbox/autoresearch-64/hbv_lite_64_prospective_seq62.slurm
#	inbox/gpucheck_ngu009.slurm
#	inbox/gpucheck_ngu101.slurm
#	payload/id29-nearing2022-da/closure_v12.tar.gz
#	payload/id29-nearing2022-da/closure_v13.tar.gz
#	payload/id29-nearing2022-da/gate_preflight_v1.tar.gz
#	runner.log
#	runner2.log
nothing added to commit but untracked files present (use "git add" to track)
[ERROR] push failed: a02/18 (result kept in staging, will retry push only)
[Sun Sep  6 22:17:26 CST 2026] --- retry push only: channel=a02 seq=18 ---
# On branch hpc-mailbox
# Your branch is ahead of 'origin/hpc-mailbox' by 1 commit.
#   (use "git push" to publish your local commits)
#
# Untracked files:
#   (use "git add <file>..." to include in what will be committed)
#
#	inbox/autoresearch-64/hbv_lite_64_prospective_seq62.slurm
#	inbox/gpucheck_ngu009.slurm
#	inbox/gpucheck_ngu101.slurm
#	payload/id29-nearing2022-da/closure_v12.tar.gz
#	payload/id29-nearing2022-da/closure_v13.tar.gz
#	payload/id29-nearing2022-da/gate_preflight_v1.tar.gz
#	runner.log
#	runner2.log
nothing added to commit but untracked files present (use "git add" to track)
[ERROR] push failed: a02/18 (result kept in staging, will retry push only)
[Sun Sep  6 22:19:43 CST 2026] --- retry push only: channel=a02 seq=18 ---
# On branch hpc-mailbox
# Your branch is ahead of 'origin/hpc-mailbox' by 1 commit.
#   (use "git push" to publish your local commits)
#
# Untracked files:
#   (use "git add <file>..." to include in what will be committed)
#
#	inbox/autoresearch-64/hbv_lite_64_prospective_seq62.slurm
#	inbox/gpucheck_ngu009.slurm
#	inbox/gpucheck_ngu101.slurm
#	payload/id29-nearing2022-da/closure_v12.tar.gz
#	payload/id29-nearing2022-da/closure_v13.tar.gz
#	payload/id29-nearing2022-da/gate_preflight_v1.tar.gz
#	runner.log
#	runner2.log
nothing added to commit but untracked files present (use "git add" to track)
[ERROR] push failed: a02/18 (result kept in staging, will retry push only)
[Sun Sep  6 22:22:24 CST 2026] --- retry push only: channel=a02 seq=18 ---
# On branch hpc-mailbox
# Your branch is ahead of 'origin/hpc-mailbox' by 1 commit.
#   (use "git push" to publish your local commits)
#
# Untracked files:
#   (use "git add <file>..." to include in what will be committed)
#
#	inbox/autoresearch-64/hbv_lite_64_prospective_seq62.slurm
#	inbox/gpucheck_ngu009.slurm
#	inbox/gpucheck_ngu101.slurm
#	payload/id29-nearing2022-da/closure_v12.tar.gz
#	payload/id29-nearing2022-da/closure_v13.tar.gz
#	payload/id29-nearing2022-da/gate_preflight_v1.tar.gz
#	runner.log
#	runner2.log
nothing added to commit but untracked files present (use "git add" to track)
[ERROR] push failed: a02/18 (result kept in staging, will retry push only)
[Sun Sep  6 22:25:11 CST 2026] --- retry push only: channel=a02 seq=18 ---
# On branch hpc-mailbox
# Your branch is ahead of 'origin/hpc-mailbox' by 1 commit.
#   (use "git push" to publish your local commits)
#
# Untracked files:
#   (use "git add <file>..." to include in what will be committed)
#
#	inbox/autoresearch-64/hbv_lite_64_prospective_seq62.slurm
#	inbox/gpucheck_ngu009.slurm
#	inbox/gpucheck_ngu101.slurm
#	payload/id29-nearing2022-da/closure_v12.tar.gz
#	payload/id29-nearing2022-da/closure_v13.tar.gz
#	payload/id29-nearing2022-da/gate_preflight_v1.tar.gz
#	runner.log
#	runner2.log
nothing added to commit but untracked files present (use "git add" to track)
[ERROR] push failed: a02/18 (result kept in staging, will retry push only)
[Sun Sep  6 22:27:56 CST 2026] --- retry push only: channel=a02 seq=18 ---
# On branch hpc-mailbox
# Your branch is ahead of 'origin/hpc-mailbox' by 1 commit.
#   (use "git push" to publish your local commits)
#
# Untracked files:
#   (use "git add <file>..." to include in what will be committed)
#
#	inbox/autoresearch-64/hbv_lite_64_prospective_seq62.slurm
#	inbox/gpucheck_ngu009.slurm
#	inbox/gpucheck_ngu101.slurm
#	payload/id29-nearing2022-da/closure_v12.tar.gz
#	payload/id29-nearing2022-da/closure_v13.tar.gz
#	payload/id29-nearing2022-da/gate_preflight_v1.tar.gz
#	runner.log
#	runner2.log
nothing added to commit but untracked files present (use "git add" to track)
[ERROR] push failed: a02/18 (result kept in staging, will retry push only)
[Sun Sep  6 22:30:39 CST 2026] --- retry push only: channel=a02 seq=18 ---
# On branch hpc-mailbox
# Your branch is ahead of 'origin/hpc-mailbox' by 1 commit.
#   (use "git push" to publish your local commits)
#
# Untracked files:
#   (use "git add <file>..." to include in what will be committed)
#
#	inbox/autoresearch-64/hbv_lite_64_prospective_seq62.slurm
#	inbox/gpucheck_ngu009.slurm
#	inbox/gpucheck_ngu101.slurm
#	payload/id29-nearing2022-da/closure_v12.tar.gz
#	payload/id29-nearing2022-da/closure_v13.tar.gz
#	payload/id29-nearing2022-da/gate_preflight_v1.tar.gz
#	runner.log
#	runner2.log
nothing added to commit but untracked files present (use "git add" to track)
[ERROR] push failed: a02/18 (result kept in staging, will retry push only)
[Sun Sep  6 22:33:17 CST 2026] --- retry push only: channel=a02 seq=18 ---
# On branch hpc-mailbox
# Your branch is ahead of 'origin/hpc-mailbox' by 1 commit.
#   (use "git push" to publish your local commits)
#
# Untracked files:
#   (use "git add <file>..." to include in what will be committed)
#
#	inbox/autoresearch-64/hbv_lite_64_prospective_seq62.slurm
#	inbox/gpucheck_ngu009.slurm
#	inbox/gpucheck_ngu101.slurm
#	payload/id29-nearing2022-da/closure_v12.tar.gz
#	payload/id29-nearing2022-da/closure_v13.tar.gz
#	payload/id29-nearing2022-da/gate_preflight_v1.tar.gz
#	runner.log
#	runner2.log
nothing added to commit but untracked files present (use "git add" to track)
[ERROR] push failed: a02/18 (result kept in staging, will retry push only)
[Sun Sep  6 22:36:32 CST 2026] --- retry push only: channel=a02 seq=18 ---
# On branch hpc-mailbox
# Your branch is ahead of 'origin/hpc-mailbox' by 1 commit.
#   (use "git push" to publish your local commits)
#
# Untracked files:
#   (use "git add <file>..." to include in what will be committed)
#
#	inbox/autoresearch-64/hbv_lite_64_prospective_seq62.slurm
#	inbox/gpucheck_ngu009.slurm
#	inbox/gpucheck_ngu101.slurm
#	payload/id29-nearing2022-da/closure_v12.tar.gz
#	payload/id29-nearing2022-da/closure_v13.tar.gz
#	payload/id29-nearing2022-da/gate_preflight_v1.tar.gz
#	runner.log
#	runner2.log
nothing added to commit but untracked files present (use "git add" to track)
[ERROR] push failed: a02/18 (result kept in staging, will retry push only)
[Sun Sep  6 22:39:50 CST 2026] --- retry push only: channel=a02 seq=18 ---
# On branch hpc-mailbox
# Your branch is ahead of 'origin/hpc-mailbox' by 1 commit.
#   (use "git push" to publish your local commits)
#
# Untracked files:
#   (use "git add <file>..." to include in what will be committed)
#
#	inbox/autoresearch-64/hbv_lite_64_prospective_seq62.slurm
#	inbox/gpucheck_ngu009.slurm
#	inbox/gpucheck_ngu101.slurm
#	payload/id29-nearing2022-da/closure_v12.tar.gz
#	payload/id29-nearing2022-da/closure_v13.tar.gz
#	payload/id29-nearing2022-da/gate_preflight_v1.tar.gz
#	runner.log
#	runner2.log
nothing added to commit but untracked files present (use "git add" to track)
[ERROR] push failed: a02/18 (result kept in staging, will retry push only)
[Sun Sep  6 22:43:07 CST 2026] --- retry push only: channel=a02 seq=18 ---
# On branch hpc-mailbox
# Your branch is ahead of 'origin/hpc-mailbox' by 1 commit.
#   (use "git push" to publish your local commits)
#
# Untracked files:
#   (use "git add <file>..." to include in what will be committed)
#
#	inbox/autoresearch-64/hbv_lite_64_prospective_seq62.slurm
#	inbox/gpucheck_ngu009.slurm
#	inbox/gpucheck_ngu101.slurm
#	payload/id29-nearing2022-da/closure_v12.tar.gz
#	payload/id29-nearing2022-da/closure_v13.tar.gz
#	payload/id29-nearing2022-da/gate_preflight_v1.tar.gz
#	runner.log
#	runner2.log
nothing added to commit but untracked files present (use "git add" to track)
[ERROR] push failed: a02/18 (result kept in staging, will retry push only)
[Sun Sep  6 22:46:21 CST 2026] --- retry push only: channel=a02 seq=18 ---
# On branch hpc-mailbox
# Your branch is ahead of 'origin/hpc-mailbox' by 1 commit.
#   (use "git push" to publish your local commits)
#
# Untracked files:
#   (use "git add <file>..." to include in what will be committed)
#
#	inbox/autoresearch-64/hbv_lite_64_prospective_seq62.slurm
#	inbox/gpucheck_ngu009.slurm
#	inbox/gpucheck_ngu101.slurm
#	payload/id29-nearing2022-da/closure_v12.tar.gz
#	payload/id29-nearing2022-da/closure_v13.tar.gz
#	payload/id29-nearing2022-da/gate_preflight_v1.tar.gz
#	runner.log
#	runner2.log
nothing added to commit but untracked files present (use "git add" to track)
[ERROR] push failed: a02/18 (result kept in staging, will retry push only)
[Sun Sep  6 22:48:59 CST 2026] --- retry push only: channel=a02 seq=18 ---
# On branch hpc-mailbox
# Your branch is ahead of 'origin/hpc-mailbox' by 1 commit.
#   (use "git push" to publish your local commits)
#
# Untracked files:
#   (use "git add <file>..." to include in what will be committed)
#
#	inbox/autoresearch-64/hbv_lite_64_prospective_seq62.slurm
#	inbox/gpucheck_ngu009.slurm
#	inbox/gpucheck_ngu101.slurm
#	payload/id29-nearing2022-da/closure_v12.tar.gz
#	payload/id29-nearing2022-da/closure_v13.tar.gz
#	payload/id29-nearing2022-da/gate_preflight_v1.tar.gz
#	runner.log
#	runner2.log
nothing added to commit but untracked files present (use "git add" to track)
[ERROR] push failed: a02/18 (result kept in staging, will retry push only)
[Sun Sep  6 22:52:13 CST 2026] --- retry push only: channel=a02 seq=18 ---
# On branch hpc-mailbox
# Your branch is ahead of 'origin/hpc-mailbox' by 1 commit.
#   (use "git push" to publish your local commits)
#
# Untracked files:
#   (use "git add <file>..." to include in what will be committed)
#
#	inbox/autoresearch-64/hbv_lite_64_prospective_seq62.slurm
#	inbox/gpucheck_ngu009.slurm
#	inbox/gpucheck_ngu101.slurm
#	payload/id29-nearing2022-da/closure_v12.tar.gz
#	payload/id29-nearing2022-da/closure_v13.tar.gz
#	payload/id29-nearing2022-da/gate_preflight_v1.tar.gz
#	runner.log
#	runner2.log
nothing added to commit but untracked files present (use "git add" to track)
[ERROR] push failed: a02/18 (result kept in staging, will retry push only)
[Sun Sep  6 22:54:50 CST 2026] --- retry push only: channel=a02 seq=18 ---
# On branch hpc-mailbox
# Your branch is ahead of 'origin/hpc-mailbox' by 1 commit.
#   (use "git push" to publish your local commits)
#
# Untracked files:
#   (use "git add <file>..." to include in what will be committed)
#
#	inbox/autoresearch-64/hbv_lite_64_prospective_seq62.slurm
#	inbox/gpucheck_ngu009.slurm
#	inbox/gpucheck_ngu101.slurm
#	payload/id29-nearing2022-da/closure_v12.tar.gz
#	payload/id29-nearing2022-da/closure_v13.tar.gz
#	payload/id29-nearing2022-da/gate_preflight_v1.tar.gz
#	runner.log
#	runner2.log
nothing added to commit but untracked files present (use "git add" to track)
[ERROR] push failed: a02/18 (result kept in staging, will retry push only)
[Sun Sep  6 22:58:08 CST 2026] --- retry push only: channel=a02 seq=18 ---
# On branch hpc-mailbox
# Your branch is ahead of 'origin/hpc-mailbox' by 1 commit.
#   (use "git push" to publish your local commits)
#
# Untracked files:
#   (use "git add <file>..." to include in what will be committed)
#
#	inbox/autoresearch-64/hbv_lite_64_prospective_seq62.slurm
#	inbox/gpucheck_ngu009.slurm
#	inbox/gpucheck_ngu101.slurm
#	payload/id29-nearing2022-da/closure_v12.tar.gz
#	payload/id29-nearing2022-da/closure_v13.tar.gz
#	payload/id29-nearing2022-da/gate_preflight_v1.tar.gz
#	runner.log
#	runner2.log
nothing added to commit but untracked files present (use "git add" to track)
[ERROR] push failed: a02/18 (result kept in staging, will retry push only)
[Sun Sep  6 23:01:25 CST 2026] --- retry push only: channel=a02 seq=18 ---
# On branch hpc-mailbox
# Your branch is ahead of 'origin/hpc-mailbox' by 1 commit.
#   (use "git push" to publish your local commits)
#
# Untracked files:
#   (use "git add <file>..." to include in what will be committed)
#
#	inbox/autoresearch-64/hbv_lite_64_prospective_seq62.slurm
#	inbox/gpucheck_ngu009.slurm
#	inbox/gpucheck_ngu101.slurm
#	payload/id29-nearing2022-da/closure_v12.tar.gz
#	payload/id29-nearing2022-da/closure_v13.tar.gz
#	payload/id29-nearing2022-da/gate_preflight_v1.tar.gz
#	runner.log
#	runner2.log
nothing added to commit but untracked files present (use "git add" to track)
[ERROR] push failed: a02/18 (result kept in staging, will retry push only)
[Sun Sep  6 23:04:03 CST 2026] --- retry push only: channel=a02 seq=18 ---
# On branch hpc-mailbox
# Your branch is ahead of 'origin/hpc-mailbox' by 1 commit.
#   (use "git push" to publish your local commits)
#
# Untracked files:
#   (use "git add <file>..." to include in what will be committed)
#
#	inbox/autoresearch-64/hbv_lite_64_prospective_seq62.slurm
#	inbox/gpucheck_ngu009.slurm
#	inbox/gpucheck_ngu101.slurm
#	payload/id29-nearing2022-da/closure_v12.tar.gz
#	payload/id29-nearing2022-da/closure_v13.tar.gz
#	payload/id29-nearing2022-da/gate_preflight_v1.tar.gz
#	runner.log
#	runner2.log
nothing added to commit but untracked files present (use "git add" to track)
[ERROR] push failed: a02/18 (result kept in staging, will retry push only)
[Sun Sep  6 23:07:21 CST 2026] --- retry push only: channel=a02 seq=18 ---
# On branch hpc-mailbox
# Your branch is ahead of 'origin/hpc-mailbox' by 1 commit.
#   (use "git push" to publish your local commits)
#
# Untracked files:
#   (use "git add <file>..." to include in what will be committed)
#
#	inbox/autoresearch-64/hbv_lite_64_prospective_seq62.slurm
#	inbox/gpucheck_ngu009.slurm
#	inbox/gpucheck_ngu101.slurm
#	payload/id29-nearing2022-da/closure_v12.tar.gz
#	payload/id29-nearing2022-da/closure_v13.tar.gz
#	payload/id29-nearing2022-da/gate_preflight_v1.tar.gz
#	runner.log
#	runner2.log
#
# It took 2.13 seconds to enumerate untracked files. 'status -uno'
# may speed it up, but you have to be careful not to forget to add
# new files yourself (see 'git help status').
nothing added to commit but untracked files present (use "git add" to track)
[ERROR] push failed: a02/18 (result kept in staging, will retry push only)
[Sun Sep  6 23:10:39 CST 2026] --- retry push only: channel=a02 seq=18 ---
# On branch hpc-mailbox
# Your branch is ahead of 'origin/hpc-mailbox' by 1 commit.
#   (use "git push" to publish your local commits)
#
# Untracked files:
#   (use "git add <file>..." to include in what will be committed)
#
#	inbox/autoresearch-64/hbv_lite_64_prospective_seq62.slurm
#	inbox/gpucheck_ngu009.slurm
#	inbox/gpucheck_ngu101.slurm
#	payload/id29-nearing2022-da/closure_v12.tar.gz
#	payload/id29-nearing2022-da/closure_v13.tar.gz
#	payload/id29-nearing2022-da/gate_preflight_v1.tar.gz
#	runner.log
#	runner2.log
nothing added to commit but untracked files present (use "git add" to track)
[ERROR] push failed: a02/18 (result kept in staging, will retry push only)
[Sun Sep  6 23:13:20 CST 2026] --- retry push only: channel=a02 seq=18 ---
# On branch hpc-mailbox
# Your branch is ahead of 'origin/hpc-mailbox' by 1 commit.
#   (use "git push" to publish your local commits)
#
# Untracked files:
#   (use "git add <file>..." to include in what will be committed)
#
#	inbox/autoresearch-64/hbv_lite_64_prospective_seq62.slurm
#	inbox/gpucheck_ngu009.slurm
#	inbox/gpucheck_ngu101.slurm
#	payload/id29-nearing2022-da/closure_v12.tar.gz
#	payload/id29-nearing2022-da/closure_v13.tar.gz
#	payload/id29-nearing2022-da/gate_preflight_v1.tar.gz
#	runner.log
#	runner2.log
nothing added to commit but untracked files present (use "git add" to track)
[ERROR] push failed: a02/18 (result kept in staging, will retry push only)
[Sun Sep  6 23:16:44 CST 2026] --- retry push only: channel=a02 seq=18 ---
# On branch hpc-mailbox
# Your branch is ahead of 'origin/hpc-mailbox' by 1 commit.
#   (use "git push" to publish your local commits)
#
# Untracked files:
#   (use "git add <file>..." to include in what will be committed)
#
#	inbox/autoresearch-64/hbv_lite_64_prospective_seq62.slurm
#	inbox/gpucheck_ngu009.slurm
#	inbox/gpucheck_ngu101.slurm
#	payload/id29-nearing2022-da/closure_v12.tar.gz
#	payload/id29-nearing2022-da/closure_v13.tar.gz
#	payload/id29-nearing2022-da/gate_preflight_v1.tar.gz
#	runner.log
#	runner2.log
nothing added to commit but untracked files present (use "git add" to track)
[ERROR] push failed: a02/18 (result kept in staging, will retry push only)
[Sun Sep  6 23:20:07 CST 2026] --- retry push only: channel=a02 seq=18 ---
# On branch hpc-mailbox
# Your branch is ahead of 'origin/hpc-mailbox' by 1 commit.
#   (use "git push" to publish your local commits)
#
# Untracked files:
#   (use "git add <file>..." to include in what will be committed)
#
#	inbox/autoresearch-64/hbv_lite_64_prospective_seq62.slurm
#	inbox/gpucheck_ngu009.slurm
#	inbox/gpucheck_ngu101.slurm
#	payload/id29-nearing2022-da/closure_v12.tar.gz
#	payload/id29-nearing2022-da/closure_v13.tar.gz
#	payload/id29-nearing2022-da/gate_preflight_v1.tar.gz
#	runner.log
#	runner2.log
nothing added to commit but untracked files present (use "git add" to track)
[ERROR] push failed: a02/18 (result kept in staging, will retry push only)
[Sun Sep  6 23:24:00 CST 2026] --- retry push only: channel=a02 seq=18 ---
# On branch hpc-mailbox
# Your branch is ahead of 'origin/hpc-mailbox' by 1 commit.
#   (use "git push" to publish your local commits)
#
# Untracked files:
#   (use "git add <file>..." to include in what will be committed)
#
#	inbox/autoresearch-64/hbv_lite_64_prospective_seq62.slurm
#	inbox/gpucheck_ngu009.slurm
#	inbox/gpucheck_ngu101.slurm
#	payload/id29-nearing2022-da/closure_v12.tar.gz
#	payload/id29-nearing2022-da/closure_v13.tar.gz
#	payload/id29-nearing2022-da/gate_preflight_v1.tar.gz
#	runner.log
#	runner2.log
nothing added to commit but untracked files present (use "git add" to track)
[ERROR] push failed: a02/18 (result kept in staging, will retry push only)
[Sun Sep  6 23:27:52 CST 2026] --- retry push only: channel=a02 seq=18 ---
# On branch hpc-mailbox
# Your branch is ahead of 'origin/hpc-mailbox' by 1 commit.
#   (use "git push" to publish your local commits)
#
# Untracked files:
#   (use "git add <file>..." to include in what will be committed)
#
#	inbox/autoresearch-64/hbv_lite_64_prospective_seq62.slurm
#	inbox/gpucheck_ngu009.slurm
#	inbox/gpucheck_ngu101.slurm
#	payload/id29-nearing2022-da/closure_v12.tar.gz
#	payload/id29-nearing2022-da/closure_v13.tar.gz
#	payload/id29-nearing2022-da/gate_preflight_v1.tar.gz
#	runner.log
#	runner2.log
nothing added to commit but untracked files present (use "git add" to track)
[ERROR] push failed: a02/18 (result kept in staging, will retry push only)
[Sun Sep  6 23:31:10 CST 2026] --- retry push only: channel=a02 seq=18 ---
# On branch hpc-mailbox
# Your branch is ahead of 'origin/hpc-mailbox' by 1 commit.
#   (use "git push" to publish your local commits)
#
# Untracked files:
#   (use "git add <file>..." to include in what will be committed)
#
#	inbox/autoresearch-64/hbv_lite_64_prospective_seq62.slurm
#	inbox/gpucheck_ngu009.slurm
#	inbox/gpucheck_ngu101.slurm
#	payload/id29-nearing2022-da/closure_v12.tar.gz
#	payload/id29-nearing2022-da/closure_v13.tar.gz
#	payload/id29-nearing2022-da/gate_preflight_v1.tar.gz
#	runner.log
#	runner2.log
nothing added to commit but untracked files present (use "git add" to track)
[ERROR] push failed: a02/18 (result kept in staging, will retry push only)
[Sun Sep  6 23:33:59 CST 2026] --- retry push only: channel=a02 seq=18 ---
# On branch hpc-mailbox
# Your branch is ahead of 'origin/hpc-mailbox' by 1 commit.
#   (use "git push" to publish your local commits)
#
# Untracked files:
#   (use "git add <file>..." to include in what will be committed)
#
#	inbox/autoresearch-64/hbv_lite_64_prospective_seq62.slurm
#	inbox/gpucheck_ngu009.slurm
#	inbox/gpucheck_ngu101.slurm
#	payload/id29-nearing2022-da/closure_v12.tar.gz
#	payload/id29-nearing2022-da/closure_v13.tar.gz
#	payload/id29-nearing2022-da/gate_preflight_v1.tar.gz
#	runner.log
#	runner2.log
nothing added to commit but untracked files present (use "git add" to track)
[ERROR] push failed: a02/18 (result kept in staging, will retry push only)
[Sun Sep  6 23:37:20 CST 2026] --- retry push only: channel=a02 seq=18 ---
# On branch hpc-mailbox
# Your branch is ahead of 'origin/hpc-mailbox' by 1 commit.
#   (use "git push" to publish your local commits)
#
# Untracked files:
#   (use "git add <file>..." to include in what will be committed)
#
#	inbox/autoresearch-64/hbv_lite_64_prospective_seq62.slurm
#	inbox/gpucheck_ngu009.slurm
#	inbox/gpucheck_ngu101.slurm
#	payload/id29-nearing2022-da/closure_v12.tar.gz
#	payload/id29-nearing2022-da/closure_v13.tar.gz
#	payload/id29-nearing2022-da/gate_preflight_v1.tar.gz
#	runner.log
#	runner2.log
nothing added to commit but untracked files present (use "git add" to track)
[ERROR] push failed: a02/18 (result kept in staging, will retry push only)
[Sun Sep  6 23:40:03 CST 2026] --- retry push only: channel=a02 seq=18 ---
# On branch hpc-mailbox
# Your branch is ahead of 'origin/hpc-mailbox' by 1 commit.
#   (use "git push" to publish your local commits)
#
# Untracked files:
#   (use "git add <file>..." to include in what will be committed)
#
#	inbox/autoresearch-64/hbv_lite_64_prospective_seq62.slurm
#	inbox/gpucheck_ngu009.slurm
#	inbox/gpucheck_ngu101.slurm
#	payload/id29-nearing2022-da/closure_v12.tar.gz
#	payload/id29-nearing2022-da/closure_v13.tar.gz
#	payload/id29-nearing2022-da/gate_preflight_v1.tar.gz
#	runner.log
#	runner2.log
nothing added to commit but untracked files present (use "git add" to track)
[ERROR] push failed: a02/18 (result kept in staging, will retry push only)
[Sun Sep  6 23:42:45 CST 2026] --- retry push only: channel=a02 seq=18 ---
# On branch hpc-mailbox
# Your branch is ahead of 'origin/hpc-mailbox' by 1 commit.
#   (use "git push" to publish your local commits)
#
# Untracked files:
#   (use "git add <file>..." to include in what will be committed)
#
#	inbox/autoresearch-64/hbv_lite_64_prospective_seq62.slurm
#	inbox/gpucheck_ngu009.slurm
#	inbox/gpucheck_ngu101.slurm
#	payload/id29-nearing2022-da/closure_v12.tar.gz
#	payload/id29-nearing2022-da/closure_v13.tar.gz
#	payload/id29-nearing2022-da/gate_preflight_v1.tar.gz
#	runner.log
#	runner2.log
nothing added to commit but untracked files present (use "git add" to track)
[ERROR] push failed: a02/18 (result kept in staging, will retry push only)
[Sun Sep  6 23:46:00 CST 2026] --- retry push only: channel=a02 seq=18 ---
# On branch hpc-mailbox
# Your branch is ahead of 'origin/hpc-mailbox' by 1 commit.
#   (use "git push" to publish your local commits)
#
# Untracked files:
#   (use "git add <file>..." to include in what will be committed)
#
#	inbox/autoresearch-64/hbv_lite_64_prospective_seq62.slurm
#	inbox/gpucheck_ngu009.slurm
#	inbox/gpucheck_ngu101.slurm
#	payload/id29-nearing2022-da/closure_v12.tar.gz
#	payload/id29-nearing2022-da/closure_v13.tar.gz
#	payload/id29-nearing2022-da/gate_preflight_v1.tar.gz
#	runner.log
#	runner2.log
nothing added to commit but untracked files present (use "git add" to track)
[ERROR] push failed: a02/18 (result kept in staging, will retry push only)
[Sun Sep  6 23:49:17 CST 2026] --- retry push only: channel=a02 seq=18 ---
# On branch hpc-mailbox
# Your branch is ahead of 'origin/hpc-mailbox' by 1 commit.
#   (use "git push" to publish your local commits)
#
# Untracked files:
#   (use "git add <file>..." to include in what will be committed)
#
#	inbox/autoresearch-64/hbv_lite_64_prospective_seq62.slurm
#	inbox/gpucheck_ngu009.slurm
#	inbox/gpucheck_ngu101.slurm
#	payload/id29-nearing2022-da/closure_v12.tar.gz
#	payload/id29-nearing2022-da/closure_v13.tar.gz
#	payload/id29-nearing2022-da/gate_preflight_v1.tar.gz
#	runner.log
#	runner2.log
nothing added to commit but untracked files present (use "git add" to track)
[ERROR] push failed: a02/18 (result kept in staging, will retry push only)
[Sun Sep  6 23:51:59 CST 2026] --- retry push only: channel=a02 seq=18 ---
# On branch hpc-mailbox
# Your branch is ahead of 'origin/hpc-mailbox' by 1 commit.
#   (use "git push" to publish your local commits)
#
# Untracked files:
#   (use "git add <file>..." to include in what will be committed)
#
#	inbox/autoresearch-64/hbv_lite_64_prospective_seq62.slurm
#	inbox/gpucheck_ngu009.slurm
#	inbox/gpucheck_ngu101.slurm
#	payload/id29-nearing2022-da/closure_v12.tar.gz
#	payload/id29-nearing2022-da/closure_v13.tar.gz
#	payload/id29-nearing2022-da/gate_preflight_v1.tar.gz
#	runner.log
#	runner2.log
nothing added to commit but untracked files present (use "git add" to track)
[ERROR] push failed: a02/18 (result kept in staging, will retry push only)
[Sun Sep  6 23:55:18 CST 2026] --- retry push only: channel=a02 seq=18 ---
# On branch hpc-mailbox
# Your branch is ahead of 'origin/hpc-mailbox' by 1 commit.
#   (use "git push" to publish your local commits)
#
# Untracked files:
#   (use "git add <file>..." to include in what will be committed)
#
#	inbox/autoresearch-64/hbv_lite_64_prospective_seq62.slurm
#	inbox/gpucheck_ngu009.slurm
#	inbox/gpucheck_ngu101.slurm
#	payload/id29-nearing2022-da/closure_v12.tar.gz
#	payload/id29-nearing2022-da/closure_v13.tar.gz
#	payload/id29-nearing2022-da/gate_preflight_v1.tar.gz
#	runner.log
#	runner2.log
nothing added to commit but untracked files present (use "git add" to track)
[ERROR] push failed: a02/18 (result kept in staging, will retry push only)
[Sun Sep  6 23:58:45 CST 2026] --- retry push only: channel=a02 seq=18 ---
# On branch hpc-mailbox
# Your branch is ahead of 'origin/hpc-mailbox' by 1 commit.
#   (use "git push" to publish your local commits)
#
# Untracked files:
#   (use "git add <file>..." to include in what will be committed)
#
#	inbox/autoresearch-64/hbv_lite_64_prospective_seq62.slurm
#	inbox/gpucheck_ngu009.slurm
#	inbox/gpucheck_ngu101.slurm
#	payload/id29-nearing2022-da/closure_v12.tar.gz
#	payload/id29-nearing2022-da/closure_v13.tar.gz
#	payload/id29-nearing2022-da/gate_preflight_v1.tar.gz
#	runner.log
#	runner2.log
nothing added to commit but untracked files present (use "git add" to track)
[ERROR] push failed: a02/18 (result kept in staging, will retry push only)
[Mon Sep  7 00:01:27 CST 2026] --- retry push only: channel=a02 seq=18 ---
# On branch hpc-mailbox
# Your branch is ahead of 'origin/hpc-mailbox' by 1 commit.
#   (use "git push" to publish your local commits)
#
# Untracked files:
#   (use "git add <file>..." to include in what will be committed)
#
#	inbox/autoresearch-64/hbv_lite_64_prospective_seq62.slurm
#	inbox/gpucheck_ngu009.slurm
#	inbox/gpucheck_ngu101.slurm
#	payload/id29-nearing2022-da/closure_v12.tar.gz
#	payload/id29-nearing2022-da/closure_v13.tar.gz
#	payload/id29-nearing2022-da/gate_preflight_v1.tar.gz
#	runner.log
#	runner2.log
nothing added to commit but untracked files present (use "git add" to track)
[ERROR] push failed: a02/18 (result kept in staging, will retry push only)
[Mon Sep  7 00:04:53 CST 2026] --- retry push only: channel=a02 seq=18 ---
[Mon Sep  7 00:04:55 CST 2026] --- start channel=id29-nearing2022-da seq=521 ---
# On branch hpc-mailbox
# Your branch is ahead of 'origin/hpc-mailbox' by 1 commit.
#   (use "git push" to publish your local commits)
#
# Untracked files:
#   (use "git add <file>..." to include in what will be committed)
#
#	inbox/autoresearch-64/hbv_lite_64_prospective_seq62.slurm
#	inbox/gpucheck_ngu009.slurm
#	inbox/gpucheck_ngu101.slurm
#	payload/id29-nearing2022-da/closure_v12.tar.gz
#	payload/id29-nearing2022-da/closure_v13.tar.gz
#	payload/id29-nearing2022-da/gate_preflight_v1.tar.gz
#	runner.log
#	runner2.log
#
# It took 2.26 seconds to enumerate untracked files. 'status -uno'
# may speed it up, but you have to be careful not to forget to add
# new files yourself (see 'git help status').
nothing added to commit but untracked files present (use "git add" to track)
[ERROR] push failed: a02/18 (result kept in staging, will retry push only)
[Mon Sep  7 00:08:19 CST 2026] --- retry push only: channel=a02 seq=18 ---
[Mon Sep  7 00:08:23 CST 2026] --- start channel=id33-transformer-recipe-repair seq=31 ---
[Mon Sep  7 00:08:26 CST 2026] done channel=id29-nearing2022-da seq=521 rc=0
# On branch hpc-mailbox
# Your branch is ahead of 'origin/hpc-mailbox' by 1 commit.
#   (use "git push" to publish your local commits)
#
# Untracked files:
#   (use "git add <file>..." to include in what will be committed)
#
#	inbox/autoresearch-64/hbv_lite_64_prospective_seq62.slurm
#	inbox/gpucheck_ngu009.slurm
#	inbox/gpucheck_ngu101.slurm
#	payload/id29-nearing2022-da/closure_v12.tar.gz
#	payload/id29-nearing2022-da/closure_v13.tar.gz
#	payload/id29-nearing2022-da/gate_preflight_v1.tar.gz
#	runner.log
#	runner2.log
nothing added to commit but untracked files present (use "git add" to track)
[Mon Sep  7 00:10:23 CST 2026] --- start channel=id29-nearing2022-da seq=522 ---
[ERROR] push failed: a02/18 (result kept in staging, will retry push only)
[Mon Sep  7 00:12:10 CST 2026] done channel=id29-nearing2022-da seq=522 rc=0
[Mon Sep  7 00:12:25 CST 2026] --- retry push only: channel=a02 seq=18 ---
[Mon Sep  7 00:12:47 CST 2026] done channel=id33-transformer-recipe-repair seq=31 rc=0
# On branch hpc-mailbox
# Your branch is ahead of 'origin/hpc-mailbox' by 1 commit.
#   (use "git push" to publish your local commits)
#
# Untracked files:
#   (use "git add <file>..." to include in what will be committed)
#
#	inbox/autoresearch-64/hbv_lite_64_prospective_seq62.slurm
#	inbox/gpucheck_ngu009.slurm
#	inbox/gpucheck_ngu101.slurm
#	payload/id29-nearing2022-da/closure_v12.tar.gz
#	payload/id29-nearing2022-da/closure_v13.tar.gz
#	payload/id29-nearing2022-da/gate_preflight_v1.tar.gz
#	runner.log
#	runner2.log
nothing added to commit but untracked files present (use "git add" to track)
[ERROR] push failed: a02/18 (result kept in staging, will retry push only)
[Mon Sep  7 00:16:01 CST 2026] --- retry push only: channel=a02 seq=18 ---
# On branch hpc-mailbox
# Your branch is ahead of 'origin/hpc-mailbox' by 1 commit.
#   (use "git push" to publish your local commits)
#
# Untracked files:
#   (use "git add <file>..." to include in what will be committed)
#
#	inbox/autoresearch-64/hbv_lite_64_prospective_seq62.slurm
#	inbox/gpucheck_ngu009.slurm
#	inbox/gpucheck_ngu101.slurm
#	payload/id29-nearing2022-da/closure_v12.tar.gz
#	payload/id29-nearing2022-da/closure_v13.tar.gz
#	payload/id29-nearing2022-da/gate_preflight_v1.tar.gz
#	runner.log
#	runner2.log
nothing added to commit but untracked files present (use "git add" to track)
[ERROR] push failed: a02/18 (result kept in staging, will retry push only)
[Mon Sep  7 00:19:21 CST 2026] --- retry push only: channel=a02 seq=18 ---
# On branch hpc-mailbox
# Your branch is ahead of 'origin/hpc-mailbox' by 1 commit.
#   (use "git push" to publish your local commits)
#
# Untracked files:
#   (use "git add <file>..." to include in what will be committed)
#
#	inbox/autoresearch-64/hbv_lite_64_prospective_seq62.slurm
#	inbox/gpucheck_ngu009.slurm
#	inbox/gpucheck_ngu101.slurm
#	payload/id29-nearing2022-da/closure_v12.tar.gz
#	payload/id29-nearing2022-da/closure_v13.tar.gz
#	payload/id29-nearing2022-da/gate_preflight_v1.tar.gz
#	runner.log
#	runner2.log
nothing added to commit but untracked files present (use "git add" to track)
[ERROR] push failed: a02/18 (result kept in staging, will retry push only)
[Mon Sep  7 00:22:18 CST 2026] --- retry push only: channel=a02 seq=18 ---
# On branch hpc-mailbox
# Your branch is ahead of 'origin/hpc-mailbox' by 1 commit.
#   (use "git push" to publish your local commits)
#
# Untracked files:
#   (use "git add <file>..." to include in what will be committed)
#
#	inbox/autoresearch-64/hbv_lite_64_prospective_seq62.slurm
#	inbox/gpucheck_ngu009.slurm
#	inbox/gpucheck_ngu101.slurm
#	payload/id29-nearing2022-da/closure_v12.tar.gz
#	payload/id29-nearing2022-da/closure_v13.tar.gz
#	payload/id29-nearing2022-da/gate_preflight_v1.tar.gz
#	runner.log
#	runner2.log
nothing added to commit but untracked files present (use "git add" to track)
[ERROR] push failed: a02/18 (result kept in staging, will retry push only)
[Mon Sep  7 00:24:53 CST 2026] --- retry push only: channel=a02 seq=18 ---
# On branch hpc-mailbox
# Your branch is ahead of 'origin/hpc-mailbox' by 1 commit.
#   (use "git push" to publish your local commits)
#
# Untracked files:
#   (use "git add <file>..." to include in what will be committed)
#
#	inbox/autoresearch-64/hbv_lite_64_prospective_seq62.slurm
#	inbox/gpucheck_ngu009.slurm
#	inbox/gpucheck_ngu101.slurm
#	payload/id29-nearing2022-da/closure_v12.tar.gz
#	payload/id29-nearing2022-da/closure_v13.tar.gz
#	payload/id29-nearing2022-da/gate_preflight_v1.tar.gz
#	runner.log
#	runner2.log
nothing added to commit but untracked files present (use "git add" to track)
[ERROR] push failed: a02/18 (result kept in staging, will retry push only)
[Mon Sep  7 00:28:19 CST 2026] --- retry push only: channel=a02 seq=18 ---
# On branch hpc-mailbox
# Your branch is ahead of 'origin/hpc-mailbox' by 1 commit.
#   (use "git push" to publish your local commits)
#
# Untracked files:
#   (use "git add <file>..." to include in what will be committed)
#
#	inbox/autoresearch-64/hbv_lite_64_prospective_seq62.slurm
#	inbox/gpucheck_ngu009.slurm
#	inbox/gpucheck_ngu101.slurm
#	payload/id29-nearing2022-da/closure_v12.tar.gz
#	payload/id29-nearing2022-da/closure_v13.tar.gz
#	payload/id29-nearing2022-da/gate_preflight_v1.tar.gz
#	runner.log
#	runner2.log
nothing added to commit but untracked files present (use "git add" to track)
[ERROR] push failed: a02/18 (result kept in staging, will retry push only)
[Mon Sep  7 00:31:15 CST 2026] --- retry push only: channel=a02 seq=18 ---
# On branch hpc-mailbox
# Your branch is ahead of 'origin/hpc-mailbox' by 1 commit.
#   (use "git push" to publish your local commits)
#
# Untracked files:
#   (use "git add <file>..." to include in what will be committed)
#
#	inbox/autoresearch-64/hbv_lite_64_prospective_seq62.slurm
#	inbox/gpucheck_ngu009.slurm
#	inbox/gpucheck_ngu101.slurm
#	payload/id29-nearing2022-da/closure_v12.tar.gz
#	payload/id29-nearing2022-da/closure_v13.tar.gz
#	payload/id29-nearing2022-da/gate_preflight_v1.tar.gz
#	runner.log
#	runner2.log
nothing added to commit but untracked files present (use "git add" to track)
[ERROR] push failed: a02/18 (result kept in staging, will retry push only)
[Mon Sep  7 00:34:41 CST 2026] --- retry push only: channel=a02 seq=18 ---
# On branch hpc-mailbox
# Your branch is ahead of 'origin/hpc-mailbox' by 1 commit.
#   (use "git push" to publish your local commits)
#
# Untracked files:
#   (use "git add <file>..." to include in what will be committed)
#
#	inbox/autoresearch-64/hbv_lite_64_prospective_seq62.slurm
#	inbox/gpucheck_ngu009.slurm
#	inbox/gpucheck_ngu101.slurm
#	payload/id29-nearing2022-da/closure_v12.tar.gz
#	payload/id29-nearing2022-da/closure_v13.tar.gz
#	payload/id29-nearing2022-da/gate_preflight_v1.tar.gz
#	runner.log
#	runner2.log
nothing added to commit but untracked files present (use "git add" to track)
[ERROR] push failed: a02/18 (result kept in staging, will retry push only)
[Mon Sep  7 00:38:49 CST 2026] --- retry push only: channel=a02 seq=18 ---
# On branch hpc-mailbox
# Your branch is ahead of 'origin/hpc-mailbox' by 1 commit.
#   (use "git push" to publish your local commits)
#
# Untracked files:
#   (use "git add <file>..." to include in what will be committed)
#
#	inbox/autoresearch-64/hbv_lite_64_prospective_seq62.slurm
#	inbox/gpucheck_ngu009.slurm
#	inbox/gpucheck_ngu101.slurm
#	payload/id29-nearing2022-da/closure_v12.tar.gz
#	payload/id29-nearing2022-da/closure_v13.tar.gz
#	payload/id29-nearing2022-da/gate_preflight_v1.tar.gz
#	runner.log
#	runner2.log
nothing added to commit but untracked files present (use "git add" to track)
[ERROR] push failed: a02/18 (result kept in staging, will retry push only)
[Mon Sep  7 00:41:27 CST 2026] --- retry push only: channel=a02 seq=18 ---
# On branch hpc-mailbox
# Your branch is ahead of 'origin/hpc-mailbox' by 1 commit.
#   (use "git push" to publish your local commits)
#
# Untracked files:
#   (use "git add <file>..." to include in what will be committed)
#
#	inbox/autoresearch-64/hbv_lite_64_prospective_seq62.slurm
#	inbox/gpucheck_ngu009.slurm
#	inbox/gpucheck_ngu101.slurm
#	payload/id29-nearing2022-da/closure_v12.tar.gz
#	payload/id29-nearing2022-da/closure_v13.tar.gz
#	payload/id29-nearing2022-da/gate_preflight_v1.tar.gz
#	runner.log
#	runner2.log
nothing added to commit but untracked files present (use "git add" to track)
[ERROR] push failed: a02/18 (result kept in staging, will retry push only)
[Mon Sep  7 00:44:44 CST 2026] --- retry push only: channel=a02 seq=18 ---
# On branch hpc-mailbox
# Your branch is ahead of 'origin/hpc-mailbox' by 1 commit.
#   (use "git push" to publish your local commits)
#
# Untracked files:
#   (use "git add <file>..." to include in what will be committed)
#
#	inbox/autoresearch-64/hbv_lite_64_prospective_seq62.slurm
#	inbox/gpucheck_ngu009.slurm
#	inbox/gpucheck_ngu101.slurm
#	payload/id29-nearing2022-da/closure_v12.tar.gz
#	payload/id29-nearing2022-da/closure_v13.tar.gz
#	payload/id29-nearing2022-da/gate_preflight_v1.tar.gz
#	runner.log
#	runner2.log
nothing added to commit but untracked files present (use "git add" to track)
[ERROR] push failed: a02/18 (result kept in staging, will retry push only)
[Mon Sep  7 00:47:33 CST 2026] --- retry push only: channel=a02 seq=18 ---
# On branch hpc-mailbox
# Your branch is ahead of 'origin/hpc-mailbox' by 1 commit.
#   (use "git push" to publish your local commits)
#
# Untracked files:
#   (use "git add <file>..." to include in what will be committed)
#
#	inbox/autoresearch-64/hbv_lite_64_prospective_seq62.slurm
#	inbox/gpucheck_ngu009.slurm
#	inbox/gpucheck_ngu101.slurm
#	payload/id29-nearing2022-da/closure_v12.tar.gz
#	payload/id29-nearing2022-da/closure_v13.tar.gz
#	payload/id29-nearing2022-da/gate_preflight_v1.tar.gz
#	runner.log
#	runner2.log
nothing added to commit but untracked files present (use "git add" to track)
[ERROR] push failed: a02/18 (result kept in staging, will retry push only)
[Mon Sep  7 00:51:32 CST 2026] --- retry push only: channel=a02 seq=18 ---
# On branch hpc-mailbox
# Your branch is ahead of 'origin/hpc-mailbox' by 1 commit.
#   (use "git push" to publish your local commits)
#
# Untracked files:
#   (use "git add <file>..." to include in what will be committed)
#
#	inbox/autoresearch-64/hbv_lite_64_prospective_seq62.slurm
#	inbox/gpucheck_ngu009.slurm
#	inbox/gpucheck_ngu101.slurm
#	payload/id29-nearing2022-da/closure_v12.tar.gz
#	payload/id29-nearing2022-da/closure_v13.tar.gz
#	payload/id29-nearing2022-da/gate_preflight_v1.tar.gz
#	runner.log
#	runner2.log
nothing added to commit but untracked files present (use "git add" to track)
[ERROR] push failed: a02/18 (result kept in staging, will retry push only)
[Mon Sep  7 00:54:11 CST 2026] --- retry push only: channel=a02 seq=18 ---
# On branch hpc-mailbox
# Your branch is ahead of 'origin/hpc-mailbox' by 1 commit.
#   (use "git push" to publish your local commits)
#
# Untracked files:
#   (use "git add <file>..." to include in what will be committed)
#
#	inbox/autoresearch-64/hbv_lite_64_prospective_seq62.slurm
#	inbox/gpucheck_ngu009.slurm
#	inbox/gpucheck_ngu101.slurm
#	payload/id29-nearing2022-da/closure_v12.tar.gz
#	payload/id29-nearing2022-da/closure_v13.tar.gz
#	payload/id29-nearing2022-da/gate_preflight_v1.tar.gz
#	runner.log
#	runner2.log
nothing added to commit but untracked files present (use "git add" to track)
[ERROR] push failed: a02/18 (result kept in staging, will retry push only)
[Mon Sep  7 00:56:46 CST 2026] --- retry push only: channel=a02 seq=18 ---
# On branch hpc-mailbox
# Your branch is ahead of 'origin/hpc-mailbox' by 1 commit.
#   (use "git push" to publish your local commits)
#
# Untracked files:
#   (use "git add <file>..." to include in what will be committed)
#
#	inbox/autoresearch-64/hbv_lite_64_prospective_seq62.slurm
#	inbox/gpucheck_ngu009.slurm
#	inbox/gpucheck_ngu101.slurm
#	payload/id29-nearing2022-da/closure_v12.tar.gz
#	payload/id29-nearing2022-da/closure_v13.tar.gz
#	payload/id29-nearing2022-da/gate_preflight_v1.tar.gz
#	runner.log
#	runner2.log
nothing added to commit but untracked files present (use "git add" to track)
[ERROR] push failed: a02/18 (result kept in staging, will retry push only)
[Mon Sep  7 01:00:04 CST 2026] --- retry push only: channel=a02 seq=18 ---
# On branch hpc-mailbox
# Your branch is ahead of 'origin/hpc-mailbox' by 1 commit.
#   (use "git push" to publish your local commits)
#
# Untracked files:
#   (use "git add <file>..." to include in what will be committed)
#
#	inbox/autoresearch-64/hbv_lite_64_prospective_seq62.slurm
#	inbox/gpucheck_ngu009.slurm
#	inbox/gpucheck_ngu101.slurm
#	payload/id29-nearing2022-da/closure_v12.tar.gz
#	payload/id29-nearing2022-da/closure_v13.tar.gz
#	payload/id29-nearing2022-da/gate_preflight_v1.tar.gz
#	runner.log
#	runner2.log
nothing added to commit but untracked files present (use "git add" to track)
[ERROR] push failed: a02/18 (result kept in staging, will retry push only)
[Mon Sep  7 01:02:45 CST 2026] --- retry push only: channel=a02 seq=18 ---
# On branch hpc-mailbox
# Your branch is ahead of 'origin/hpc-mailbox' by 1 commit.
#   (use "git push" to publish your local commits)
#
# Untracked files:
#   (use "git add <file>..." to include in what will be committed)
#
#	inbox/autoresearch-64/hbv_lite_64_prospective_seq62.slurm
#	inbox/gpucheck_ngu009.slurm
#	inbox/gpucheck_ngu101.slurm
#	payload/id29-nearing2022-da/closure_v12.tar.gz
#	payload/id29-nearing2022-da/closure_v13.tar.gz
#	payload/id29-nearing2022-da/gate_preflight_v1.tar.gz
#	runner.log
#	runner2.log
nothing added to commit but untracked files present (use "git add" to track)
[ERROR] push failed: a02/18 (result kept in staging, will retry push only)
[Mon Sep  7 01:06:02 CST 2026] --- retry push only: channel=a02 seq=18 ---
# On branch hpc-mailbox
# Your branch is ahead of 'origin/hpc-mailbox' by 1 commit.
#   (use "git push" to publish your local commits)
#
# Untracked files:
#   (use "git add <file>..." to include in what will be committed)
#
#	inbox/autoresearch-64/hbv_lite_64_prospective_seq62.slurm
#	inbox/gpucheck_ngu009.slurm
#	inbox/gpucheck_ngu101.slurm
#	payload/id29-nearing2022-da/closure_v12.tar.gz
#	payload/id29-nearing2022-da/closure_v13.tar.gz
#	payload/id29-nearing2022-da/gate_preflight_v1.tar.gz
#	runner.log
#	runner2.log
nothing added to commit but untracked files present (use "git add" to track)
[ERROR] push failed: a02/18 (result kept in staging, will retry push only)
[Mon Sep  7 01:09:15 CST 2026] --- retry push only: channel=a02 seq=18 ---
# On branch hpc-mailbox
# Your branch is ahead of 'origin/hpc-mailbox' by 1 commit.
#   (use "git push" to publish your local commits)
#
# Untracked files:
#   (use "git add <file>..." to include in what will be committed)
#
#	inbox/autoresearch-64/hbv_lite_64_prospective_seq62.slurm
#	inbox/gpucheck_ngu009.slurm
#	inbox/gpucheck_ngu101.slurm
#	payload/id29-nearing2022-da/closure_v12.tar.gz
#	payload/id29-nearing2022-da/closure_v13.tar.gz
#	payload/id29-nearing2022-da/gate_preflight_v1.tar.gz
#	runner.log
#	runner2.log
nothing added to commit but untracked files present (use "git add" to track)
[ERROR] push failed: a02/18 (result kept in staging, will retry push only)
[Mon Sep  7 01:11:57 CST 2026] --- retry push only: channel=a02 seq=18 ---
# On branch hpc-mailbox
# Your branch is ahead of 'origin/hpc-mailbox' by 1 commit.
#   (use "git push" to publish your local commits)
#
# Untracked files:
#   (use "git add <file>..." to include in what will be committed)
#
#	inbox/autoresearch-64/hbv_lite_64_prospective_seq62.slurm
#	inbox/gpucheck_ngu009.slurm
#	inbox/gpucheck_ngu101.slurm
#	payload/id29-nearing2022-da/closure_v12.tar.gz
#	payload/id29-nearing2022-da/closure_v13.tar.gz
#	payload/id29-nearing2022-da/gate_preflight_v1.tar.gz
#	runner.log
#	runner2.log
nothing added to commit but untracked files present (use "git add" to track)
[ERROR] push failed: a02/18 (result kept in staging, will retry push only)
[Mon Sep  7 01:15:20 CST 2026] --- retry push only: channel=a02 seq=18 ---
# On branch hpc-mailbox
# Your branch is ahead of 'origin/hpc-mailbox' by 1 commit.
#   (use "git push" to publish your local commits)
#
# Untracked files:
#   (use "git add <file>..." to include in what will be committed)
#
#	inbox/autoresearch-64/hbv_lite_64_prospective_seq62.slurm
#	inbox/gpucheck_ngu009.slurm
#	inbox/gpucheck_ngu101.slurm
#	payload/id29-nearing2022-da/closure_v12.tar.gz
#	payload/id29-nearing2022-da/closure_v13.tar.gz
#	payload/id29-nearing2022-da/gate_preflight_v1.tar.gz
#	runner.log
#	runner2.log
nothing added to commit but untracked files present (use "git add" to track)
[ERROR] push failed: a02/18 (result kept in staging, will retry push only)
[Mon Sep  7 01:18:45 CST 2026] --- retry push only: channel=a02 seq=18 ---
# On branch hpc-mailbox
# Your branch is ahead of 'origin/hpc-mailbox' by 1 commit.
#   (use "git push" to publish your local commits)
#
# Untracked files:
#   (use "git add <file>..." to include in what will be committed)
#
#	inbox/autoresearch-64/hbv_lite_64_prospective_seq62.slurm
#	inbox/gpucheck_ngu009.slurm
#	inbox/gpucheck_ngu101.slurm
#	payload/id29-nearing2022-da/closure_v12.tar.gz
#	payload/id29-nearing2022-da/closure_v13.tar.gz
#	payload/id29-nearing2022-da/gate_preflight_v1.tar.gz
#	runner.log
#	runner2.log
nothing added to commit but untracked files present (use "git add" to track)
[ERROR] push failed: a02/18 (result kept in staging, will retry push only)
[Mon Sep  7 01:22:01 CST 2026] --- retry push only: channel=a02 seq=18 ---
# On branch hpc-mailbox
# Your branch is ahead of 'origin/hpc-mailbox' by 1 commit.
#   (use "git push" to publish your local commits)
#
# Untracked files:
#   (use "git add <file>..." to include in what will be committed)
#
#	inbox/autoresearch-64/hbv_lite_64_prospective_seq62.slurm
#	inbox/gpucheck_ngu009.slurm
#	inbox/gpucheck_ngu101.slurm
#	payload/id29-nearing2022-da/closure_v12.tar.gz
#	payload/id29-nearing2022-da/closure_v13.tar.gz
#	payload/id29-nearing2022-da/gate_preflight_v1.tar.gz
#	runner.log
#	runner2.log
nothing added to commit but untracked files present (use "git add" to track)
[ERROR] push failed: a02/18 (result kept in staging, will retry push only)
[Mon Sep  7 01:24:42 CST 2026] --- retry push only: channel=a02 seq=18 ---
# On branch hpc-mailbox
# Your branch is ahead of 'origin/hpc-mailbox' by 1 commit.
#   (use "git push" to publish your local commits)
#
# Untracked files:
#   (use "git add <file>..." to include in what will be committed)
#
#	inbox/autoresearch-64/hbv_lite_64_prospective_seq62.slurm
#	inbox/gpucheck_ngu009.slurm
#	inbox/gpucheck_ngu101.slurm
#	payload/id29-nearing2022-da/closure_v12.tar.gz
#	payload/id29-nearing2022-da/closure_v13.tar.gz
#	payload/id29-nearing2022-da/gate_preflight_v1.tar.gz
#	runner.log
#	runner2.log
nothing added to commit but untracked files present (use "git add" to track)
[ERROR] push failed: a02/18 (result kept in staging, will retry push only)
[Mon Sep  7 01:28:05 CST 2026] --- retry push only: channel=a02 seq=18 ---
# On branch hpc-mailbox
# Your branch is ahead of 'origin/hpc-mailbox' by 1 commit.
#   (use "git push" to publish your local commits)
#
# Untracked files:
#   (use "git add <file>..." to include in what will be committed)
#
#	inbox/autoresearch-64/hbv_lite_64_prospective_seq62.slurm
#	inbox/gpucheck_ngu009.slurm
#	inbox/gpucheck_ngu101.slurm
#	payload/id29-nearing2022-da/closure_v12.tar.gz
#	payload/id29-nearing2022-da/closure_v13.tar.gz
#	payload/id29-nearing2022-da/gate_preflight_v1.tar.gz
#	runner.log
#	runner2.log
nothing added to commit but untracked files present (use "git add" to track)
[ERROR] push failed: a02/18 (result kept in staging, will retry push only)
[Mon Sep  7 01:30:50 CST 2026] --- retry push only: channel=a02 seq=18 ---
# On branch hpc-mailbox
# Your branch is ahead of 'origin/hpc-mailbox' by 1 commit.
#   (use "git push" to publish your local commits)
#
# Untracked files:
#   (use "git add <file>..." to include in what will be committed)
#
#	inbox/autoresearch-64/hbv_lite_64_prospective_seq62.slurm
#	inbox/gpucheck_ngu009.slurm
#	inbox/gpucheck_ngu101.slurm
#	payload/id29-nearing2022-da/closure_v12.tar.gz
#	payload/id29-nearing2022-da/closure_v13.tar.gz
#	payload/id29-nearing2022-da/gate_preflight_v1.tar.gz
#	runner.log
#	runner2.log
nothing added to commit but untracked files present (use "git add" to track)
[ERROR] push failed: a02/18 (result kept in staging, will retry push only)
[Mon Sep  7 01:34:07 CST 2026] --- retry push only: channel=a02 seq=18 ---
# On branch hpc-mailbox
# Your branch is ahead of 'origin/hpc-mailbox' by 1 commit.
#   (use "git push" to publish your local commits)
#
# Untracked files:
#   (use "git add <file>..." to include in what will be committed)
#
#	inbox/autoresearch-64/hbv_lite_64_prospective_seq62.slurm
#	inbox/gpucheck_ngu009.slurm
#	inbox/gpucheck_ngu101.slurm
#	payload/id29-nearing2022-da/closure_v12.tar.gz
#	payload/id29-nearing2022-da/closure_v13.tar.gz
#	payload/id29-nearing2022-da/gate_preflight_v1.tar.gz
#	runner.log
#	runner2.log
nothing added to commit but untracked files present (use "git add" to track)
[ERROR] push failed: a02/18 (result kept in staging, will retry push only)
[Mon Sep  7 01:37:23 CST 2026] --- retry push only: channel=a02 seq=18 ---
# On branch hpc-mailbox
# Your branch is ahead of 'origin/hpc-mailbox' by 1 commit.
#   (use "git push" to publish your local commits)
#
# Untracked files:
#   (use "git add <file>..." to include in what will be committed)
#
#	inbox/autoresearch-64/hbv_lite_64_prospective_seq62.slurm
#	inbox/gpucheck_ngu009.slurm
#	inbox/gpucheck_ngu101.slurm
#	payload/id29-nearing2022-da/closure_v12.tar.gz
#	payload/id29-nearing2022-da/closure_v13.tar.gz
#	payload/id29-nearing2022-da/gate_preflight_v1.tar.gz
#	runner.log
#	runner2.log
nothing added to commit but untracked files present (use "git add" to track)
[ERROR] push failed: a02/18 (result kept in staging, will retry push only)
[Mon Sep  7 01:40:42 CST 2026] --- retry push only: channel=a02 seq=18 ---
# On branch hpc-mailbox
# Your branch is ahead of 'origin/hpc-mailbox' by 1 commit.
#   (use "git push" to publish your local commits)
#
# Untracked files:
#   (use "git add <file>..." to include in what will be committed)
#
#	inbox/autoresearch-64/hbv_lite_64_prospective_seq62.slurm
#	inbox/gpucheck_ngu009.slurm
#	inbox/gpucheck_ngu101.slurm
#	payload/id29-nearing2022-da/closure_v12.tar.gz
#	payload/id29-nearing2022-da/closure_v13.tar.gz
#	payload/id29-nearing2022-da/gate_preflight_v1.tar.gz
#	runner.log
#	runner2.log
nothing added to commit but untracked files present (use "git add" to track)
[ERROR] push failed: a02/18 (result kept in staging, will retry push only)
[Mon Sep  7 01:44:04 CST 2026] --- retry push only: channel=a02 seq=18 ---
# On branch hpc-mailbox
# Your branch is ahead of 'origin/hpc-mailbox' by 1 commit.
#   (use "git push" to publish your local commits)
#
# Untracked files:
#   (use "git add <file>..." to include in what will be committed)
#
#	inbox/autoresearch-64/hbv_lite_64_prospective_seq62.slurm
#	inbox/gpucheck_ngu009.slurm
#	inbox/gpucheck_ngu101.slurm
#	payload/id29-nearing2022-da/closure_v12.tar.gz
#	payload/id29-nearing2022-da/closure_v13.tar.gz
#	payload/id29-nearing2022-da/gate_preflight_v1.tar.gz
#	runner.log
#	runner2.log
nothing added to commit but untracked files present (use "git add" to track)
[ERROR] push failed: a02/18 (result kept in staging, will retry push only)
[Mon Sep  7 01:47:24 CST 2026] --- retry push only: channel=a02 seq=18 ---
# On branch hpc-mailbox
# Your branch is ahead of 'origin/hpc-mailbox' by 1 commit.
#   (use "git push" to publish your local commits)
#
# Untracked files:
#   (use "git add <file>..." to include in what will be committed)
#
#	inbox/autoresearch-64/hbv_lite_64_prospective_seq62.slurm
#	inbox/gpucheck_ngu009.slurm
#	inbox/gpucheck_ngu101.slurm
#	payload/id29-nearing2022-da/closure_v12.tar.gz
#	payload/id29-nearing2022-da/closure_v13.tar.gz
#	payload/id29-nearing2022-da/gate_preflight_v1.tar.gz
#	runner.log
#	runner2.log
nothing added to commit but untracked files present (use "git add" to track)
[ERROR] push failed: a02/18 (result kept in staging, will retry push only)
[Mon Sep  7 01:50:46 CST 2026] --- retry push only: channel=a02 seq=18 ---
# On branch hpc-mailbox
# Your branch is ahead of 'origin/hpc-mailbox' by 1 commit.
#   (use "git push" to publish your local commits)
#
# Untracked files:
#   (use "git add <file>..." to include in what will be committed)
#
#	inbox/autoresearch-64/hbv_lite_64_prospective_seq62.slurm
#	inbox/gpucheck_ngu009.slurm
#	inbox/gpucheck_ngu101.slurm
#	payload/id29-nearing2022-da/closure_v12.tar.gz
#	payload/id29-nearing2022-da/closure_v13.tar.gz
#	payload/id29-nearing2022-da/gate_preflight_v1.tar.gz
#	runner.log
#	runner2.log
nothing added to commit but untracked files present (use "git add" to track)
[ERROR] push failed: a02/18 (result kept in staging, will retry push only)
[Mon Sep  7 01:53:27 CST 2026] --- retry push only: channel=a02 seq=18 ---
# On branch hpc-mailbox
# Your branch is ahead of 'origin/hpc-mailbox' by 1 commit.
#   (use "git push" to publish your local commits)
#
# Untracked files:
#   (use "git add <file>..." to include in what will be committed)
#
#	inbox/autoresearch-64/hbv_lite_64_prospective_seq62.slurm
#	inbox/gpucheck_ngu009.slurm
#	inbox/gpucheck_ngu101.slurm
#	payload/id29-nearing2022-da/closure_v12.tar.gz
#	payload/id29-nearing2022-da/closure_v13.tar.gz
#	payload/id29-nearing2022-da/gate_preflight_v1.tar.gz
#	runner.log
#	runner2.log
nothing added to commit but untracked files present (use "git add" to track)
[ERROR] push failed: a02/18 (result kept in staging, will retry push only)
[Mon Sep  7 01:56:45 CST 2026] --- retry push only: channel=a02 seq=18 ---
# On branch hpc-mailbox
# Your branch is ahead of 'origin/hpc-mailbox' by 1 commit.
#   (use "git push" to publish your local commits)
#
# Untracked files:
#   (use "git add <file>..." to include in what will be committed)
#
#	inbox/autoresearch-64/hbv_lite_64_prospective_seq62.slurm
#	inbox/gpucheck_ngu009.slurm
#	inbox/gpucheck_ngu101.slurm
#	payload/id29-nearing2022-da/closure_v12.tar.gz
#	payload/id29-nearing2022-da/closure_v13.tar.gz
#	payload/id29-nearing2022-da/gate_preflight_v1.tar.gz
#	runner.log
#	runner2.log
nothing added to commit but untracked files present (use "git add" to track)
[ERROR] push failed: a02/18 (result kept in staging, will retry push only)
[Mon Sep  7 02:00:05 CST 2026] --- retry push only: channel=a02 seq=18 ---
# On branch hpc-mailbox
# Your branch is ahead of 'origin/hpc-mailbox' by 1 commit.
#   (use "git push" to publish your local commits)
#
# Untracked files:
#   (use "git add <file>..." to include in what will be committed)
#
#	inbox/autoresearch-64/hbv_lite_64_prospective_seq62.slurm
#	inbox/gpucheck_ngu009.slurm
#	inbox/gpucheck_ngu101.slurm
#	payload/id29-nearing2022-da/closure_v12.tar.gz
#	payload/id29-nearing2022-da/closure_v13.tar.gz
#	payload/id29-nearing2022-da/gate_preflight_v1.tar.gz
#	runner.log
#	runner2.log
nothing added to commit but untracked files present (use "git add" to track)
[ERROR] push failed: a02/18 (result kept in staging, will retry push only)
[Mon Sep  7 02:03:20 CST 2026] --- retry push only: channel=a02 seq=18 ---
# On branch hpc-mailbox
# Your branch is ahead of 'origin/hpc-mailbox' by 1 commit.
#   (use "git push" to publish your local commits)
#
# Untracked files:
#   (use "git add <file>..." to include in what will be committed)
#
#	inbox/autoresearch-64/hbv_lite_64_prospective_seq62.slurm
#	inbox/gpucheck_ngu009.slurm
#	inbox/gpucheck_ngu101.slurm
#	payload/id29-nearing2022-da/closure_v12.tar.gz
#	payload/id29-nearing2022-da/closure_v13.tar.gz
#	payload/id29-nearing2022-da/gate_preflight_v1.tar.gz
#	runner.log
#	runner2.log
nothing added to commit but untracked files present (use "git add" to track)
[ERROR] push failed: a02/18 (result kept in staging, will retry push only)
[Mon Sep  7 02:06:35 CST 2026] --- retry push only: channel=a02 seq=18 ---
# On branch hpc-mailbox
# Your branch is ahead of 'origin/hpc-mailbox' by 1 commit.
#   (use "git push" to publish your local commits)
#
# Untracked files:
#   (use "git add <file>..." to include in what will be committed)
#
#	inbox/autoresearch-64/hbv_lite_64_prospective_seq62.slurm
#	inbox/gpucheck_ngu009.slurm
#	inbox/gpucheck_ngu101.slurm
#	payload/id29-nearing2022-da/closure_v12.tar.gz
#	payload/id29-nearing2022-da/closure_v13.tar.gz
#	payload/id29-nearing2022-da/gate_preflight_v1.tar.gz
#	runner.log
#	runner2.log
nothing added to commit but untracked files present (use "git add" to track)
[ERROR] push failed: a02/18 (result kept in staging, will retry push only)
[Mon Sep  7 02:10:00 CST 2026] --- retry push only: channel=a02 seq=18 ---
# On branch hpc-mailbox
# Your branch is ahead of 'origin/hpc-mailbox' by 1 commit.
#   (use "git push" to publish your local commits)
#
# Untracked files:
#   (use "git add <file>..." to include in what will be committed)
#
#	inbox/autoresearch-64/hbv_lite_64_prospective_seq62.slurm
#	inbox/gpucheck_ngu009.slurm
#	inbox/gpucheck_ngu101.slurm
#	payload/id29-nearing2022-da/closure_v12.tar.gz
#	payload/id29-nearing2022-da/closure_v13.tar.gz
#	payload/id29-nearing2022-da/gate_preflight_v1.tar.gz
#	runner.log
#	runner2.log
nothing added to commit but untracked files present (use "git add" to track)
[ERROR] push failed: a02/18 (result kept in staging, will retry push only)
[Mon Sep  7 02:13:21 CST 2026] --- retry push only: channel=a02 seq=18 ---
# On branch hpc-mailbox
# Your branch is ahead of 'origin/hpc-mailbox' by 1 commit.
#   (use "git push" to publish your local commits)
#
# Untracked files:
#   (use "git add <file>..." to include in what will be committed)
#
#	inbox/autoresearch-64/hbv_lite_64_prospective_seq62.slurm
#	inbox/gpucheck_ngu009.slurm
#	inbox/gpucheck_ngu101.slurm
#	payload/id29-nearing2022-da/closure_v12.tar.gz
#	payload/id29-nearing2022-da/closure_v13.tar.gz
#	payload/id29-nearing2022-da/gate_preflight_v1.tar.gz
#	runner.log
#	runner2.log
nothing added to commit but untracked files present (use "git add" to track)
[ERROR] push failed: a02/18 (result kept in staging, will retry push only)
[Mon Sep  7 02:16:39 CST 2026] --- retry push only: channel=a02 seq=18 ---
# On branch hpc-mailbox
# Your branch is ahead of 'origin/hpc-mailbox' by 1 commit.
#   (use "git push" to publish your local commits)
#
# Untracked files:
#   (use "git add <file>..." to include in what will be committed)
#
#	inbox/autoresearch-64/hbv_lite_64_prospective_seq62.slurm
#	inbox/gpucheck_ngu009.slurm
#	inbox/gpucheck_ngu101.slurm
#	payload/id29-nearing2022-da/closure_v12.tar.gz
#	payload/id29-nearing2022-da/closure_v13.tar.gz
#	payload/id29-nearing2022-da/gate_preflight_v1.tar.gz
#	runner.log
#	runner2.log
nothing added to commit but untracked files present (use "git add" to track)
[ERROR] push failed: a02/18 (result kept in staging, will retry push only)
[Mon Sep  7 02:19:53 CST 2026] --- retry push only: channel=a02 seq=18 ---
# On branch hpc-mailbox
# Your branch is ahead of 'origin/hpc-mailbox' by 1 commit.
#   (use "git push" to publish your local commits)
#
# Untracked files:
#   (use "git add <file>..." to include in what will be committed)
#
#	inbox/autoresearch-64/hbv_lite_64_prospective_seq62.slurm
#	inbox/gpucheck_ngu009.slurm
#	inbox/gpucheck_ngu101.slurm
#	payload/id29-nearing2022-da/closure_v12.tar.gz
#	payload/id29-nearing2022-da/closure_v13.tar.gz
#	payload/id29-nearing2022-da/gate_preflight_v1.tar.gz
#	runner.log
#	runner2.log
nothing added to commit but untracked files present (use "git add" to track)
[ERROR] push failed: a02/18 (result kept in staging, will retry push only)
[Mon Sep  7 02:23:16 CST 2026] --- retry push only: channel=a02 seq=18 ---
# On branch hpc-mailbox
# Your branch is ahead of 'origin/hpc-mailbox' by 1 commit.
#   (use "git push" to publish your local commits)
#
# Untracked files:
#   (use "git add <file>..." to include in what will be committed)
#
#	inbox/autoresearch-64/hbv_lite_64_prospective_seq62.slurm
#	inbox/gpucheck_ngu009.slurm
#	inbox/gpucheck_ngu101.slurm
#	payload/id29-nearing2022-da/closure_v12.tar.gz
#	payload/id29-nearing2022-da/closure_v13.tar.gz
#	payload/id29-nearing2022-da/gate_preflight_v1.tar.gz
#	runner.log
#	runner2.log
nothing added to commit but untracked files present (use "git add" to track)
[ERROR] push failed: a02/18 (result kept in staging, will retry push only)
[Mon Sep  7 02:26:40 CST 2026] --- retry push only: channel=a02 seq=18 ---
# On branch hpc-mailbox
# Your branch is ahead of 'origin/hpc-mailbox' by 1 commit.
#   (use "git push" to publish your local commits)
#
# Untracked files:
#   (use "git add <file>..." to include in what will be committed)
#
#	inbox/autoresearch-64/hbv_lite_64_prospective_seq62.slurm
#	inbox/gpucheck_ngu009.slurm
#	inbox/gpucheck_ngu101.slurm
#	payload/id29-nearing2022-da/closure_v12.tar.gz
#	payload/id29-nearing2022-da/closure_v13.tar.gz
#	payload/id29-nearing2022-da/gate_preflight_v1.tar.gz
#	runner.log
#	runner2.log
nothing added to commit but untracked files present (use "git add" to track)
[ERROR] push failed: a02/18 (result kept in staging, will retry push only)
[Mon Sep  7 02:29:57 CST 2026] --- retry push only: channel=a02 seq=18 ---
# On branch hpc-mailbox
# Your branch is ahead of 'origin/hpc-mailbox' by 1 commit.
#   (use "git push" to publish your local commits)
#
# Untracked files:
#   (use "git add <file>..." to include in what will be committed)
#
#	inbox/autoresearch-64/hbv_lite_64_prospective_seq62.slurm
#	inbox/gpucheck_ngu009.slurm
#	inbox/gpucheck_ngu101.slurm
#	payload/id29-nearing2022-da/closure_v12.tar.gz
#	payload/id29-nearing2022-da/closure_v13.tar.gz
#	payload/id29-nearing2022-da/gate_preflight_v1.tar.gz
#	runner.log
#	runner2.log
nothing added to commit but untracked files present (use "git add" to track)
[ERROR] push failed: a02/18 (result kept in staging, will retry push only)
[Mon Sep  7 02:33:17 CST 2026] --- retry push only: channel=a02 seq=18 ---
# On branch hpc-mailbox
# Your branch is ahead of 'origin/hpc-mailbox' by 1 commit.
#   (use "git push" to publish your local commits)
#
# Untracked files:
#   (use "git add <file>..." to include in what will be committed)
#
#	inbox/autoresearch-64/hbv_lite_64_prospective_seq62.slurm
#	inbox/gpucheck_ngu009.slurm
#	inbox/gpucheck_ngu101.slurm
#	payload/id29-nearing2022-da/closure_v12.tar.gz
#	payload/id29-nearing2022-da/closure_v13.tar.gz
#	payload/id29-nearing2022-da/gate_preflight_v1.tar.gz
#	runner.log
#	runner2.log
nothing added to commit but untracked files present (use "git add" to track)
[ERROR] push failed: a02/18 (result kept in staging, will retry push only)
[Mon Sep  7 02:36:32 CST 2026] --- retry push only: channel=a02 seq=18 ---
# On branch hpc-mailbox
# Your branch is ahead of 'origin/hpc-mailbox' by 1 commit.
#   (use "git push" to publish your local commits)
#
# Untracked files:
#   (use "git add <file>..." to include in what will be committed)
#
#	inbox/autoresearch-64/hbv_lite_64_prospective_seq62.slurm
#	inbox/gpucheck_ngu009.slurm
#	inbox/gpucheck_ngu101.slurm
#	payload/id29-nearing2022-da/closure_v12.tar.gz
#	payload/id29-nearing2022-da/closure_v13.tar.gz
#	payload/id29-nearing2022-da/gate_preflight_v1.tar.gz
#	runner.log
#	runner2.log
nothing added to commit but untracked files present (use "git add" to track)
[ERROR] push failed: a02/18 (result kept in staging, will retry push only)
[Mon Sep  7 02:39:49 CST 2026] --- retry push only: channel=a02 seq=18 ---
# On branch hpc-mailbox
# Your branch is ahead of 'origin/hpc-mailbox' by 1 commit.
#   (use "git push" to publish your local commits)
#
# Untracked files:
#   (use "git add <file>..." to include in what will be committed)
#
#	inbox/autoresearch-64/hbv_lite_64_prospective_seq62.slurm
#	inbox/gpucheck_ngu009.slurm
#	inbox/gpucheck_ngu101.slurm
#	payload/id29-nearing2022-da/closure_v12.tar.gz
#	payload/id29-nearing2022-da/closure_v13.tar.gz
#	payload/id29-nearing2022-da/gate_preflight_v1.tar.gz
#	runner.log
#	runner2.log
nothing added to commit but untracked files present (use "git add" to track)
[ERROR] push failed: a02/18 (result kept in staging, will retry push only)
[Mon Sep  7 02:43:08 CST 2026] --- retry push only: channel=a02 seq=18 ---
# On branch hpc-mailbox
# Your branch is ahead of 'origin/hpc-mailbox' by 1 commit.
#   (use "git push" to publish your local commits)
#
# Untracked files:
#   (use "git add <file>..." to include in what will be committed)
#
#	inbox/autoresearch-64/hbv_lite_64_prospective_seq62.slurm
#	inbox/gpucheck_ngu009.slurm
#	inbox/gpucheck_ngu101.slurm
#	payload/id29-nearing2022-da/closure_v12.tar.gz
#	payload/id29-nearing2022-da/closure_v13.tar.gz
#	payload/id29-nearing2022-da/gate_preflight_v1.tar.gz
#	runner.log
#	runner2.log
nothing added to commit but untracked files present (use "git add" to track)
[ERROR] push failed: a02/18 (result kept in staging, will retry push only)
[Mon Sep  7 02:46:25 CST 2026] --- retry push only: channel=a02 seq=18 ---
# On branch hpc-mailbox
# Your branch is ahead of 'origin/hpc-mailbox' by 1 commit.
#   (use "git push" to publish your local commits)
#
# Untracked files:
#   (use "git add <file>..." to include in what will be committed)
#
#	inbox/autoresearch-64/hbv_lite_64_prospective_seq62.slurm
#	inbox/gpucheck_ngu009.slurm
#	inbox/gpucheck_ngu101.slurm
#	payload/id29-nearing2022-da/closure_v12.tar.gz
#	payload/id29-nearing2022-da/closure_v13.tar.gz
#	payload/id29-nearing2022-da/gate_preflight_v1.tar.gz
#	runner.log
#	runner2.log
nothing added to commit but untracked files present (use "git add" to track)
[ERROR] push failed: a02/18 (result kept in staging, will retry push only)
[Mon Sep  7 02:49:44 CST 2026] --- retry push only: channel=a02 seq=18 ---
# On branch hpc-mailbox
# Your branch is ahead of 'origin/hpc-mailbox' by 1 commit.
#   (use "git push" to publish your local commits)
#
# Untracked files:
#   (use "git add <file>..." to include in what will be committed)
#
#	inbox/autoresearch-64/hbv_lite_64_prospective_seq62.slurm
#	inbox/gpucheck_ngu009.slurm
#	inbox/gpucheck_ngu101.slurm
#	payload/id29-nearing2022-da/closure_v12.tar.gz
#	payload/id29-nearing2022-da/closure_v13.tar.gz
#	payload/id29-nearing2022-da/gate_preflight_v1.tar.gz
#	runner.log
#	runner2.log
nothing added to commit but untracked files present (use "git add" to track)
[ERROR] push failed: a02/18 (result kept in staging, will retry push only)
[Mon Sep  7 02:53:03 CST 2026] --- retry push only: channel=a02 seq=18 ---
# On branch hpc-mailbox
# Your branch is ahead of 'origin/hpc-mailbox' by 1 commit.
#   (use "git push" to publish your local commits)
#
# Untracked files:
#   (use "git add <file>..." to include in what will be committed)
#
#	inbox/autoresearch-64/hbv_lite_64_prospective_seq62.slurm
#	inbox/gpucheck_ngu009.slurm
#	inbox/gpucheck_ngu101.slurm
#	payload/id29-nearing2022-da/closure_v12.tar.gz
#	payload/id29-nearing2022-da/closure_v13.tar.gz
#	payload/id29-nearing2022-da/gate_preflight_v1.tar.gz
#	runner.log
#	runner2.log
nothing added to commit but untracked files present (use "git add" to track)
[ERROR] push failed: a02/18 (result kept in staging, will retry push only)
[Mon Sep  7 02:56:28 CST 2026] --- retry push only: channel=a02 seq=18 ---
# On branch hpc-mailbox
# Your branch is ahead of 'origin/hpc-mailbox' by 1 commit.
#   (use "git push" to publish your local commits)
#
# Untracked files:
#   (use "git add <file>..." to include in what will be committed)
#
#	inbox/autoresearch-64/hbv_lite_64_prospective_seq62.slurm
#	inbox/gpucheck_ngu009.slurm
#	inbox/gpucheck_ngu101.slurm
#	payload/id29-nearing2022-da/closure_v12.tar.gz
#	payload/id29-nearing2022-da/closure_v13.tar.gz
#	payload/id29-nearing2022-da/gate_preflight_v1.tar.gz
#	runner.log
#	runner2.log
nothing added to commit but untracked files present (use "git add" to track)
[ERROR] push failed: a02/18 (result kept in staging, will retry push only)
[Mon Sep  7 02:59:05 CST 2026] --- retry push only: channel=a02 seq=18 ---
# On branch hpc-mailbox
# Your branch is ahead of 'origin/hpc-mailbox' by 1 commit.
#   (use "git push" to publish your local commits)
#
# Untracked files:
#   (use "git add <file>..." to include in what will be committed)
#
#	inbox/autoresearch-64/hbv_lite_64_prospective_seq62.slurm
#	inbox/gpucheck_ngu009.slurm
#	inbox/gpucheck_ngu101.slurm
#	payload/id29-nearing2022-da/closure_v12.tar.gz
#	payload/id29-nearing2022-da/closure_v13.tar.gz
#	payload/id29-nearing2022-da/gate_preflight_v1.tar.gz
#	runner.log
#	runner2.log
nothing added to commit but untracked files present (use "git add" to track)
[ERROR] push failed: a02/18 (result kept in staging, will retry push only)
[Mon Sep  7 03:02:25 CST 2026] --- retry push only: channel=a02 seq=18 ---
# On branch hpc-mailbox
# Your branch is ahead of 'origin/hpc-mailbox' by 1 commit.
#   (use "git push" to publish your local commits)
#
# Untracked files:
#   (use "git add <file>..." to include in what will be committed)
#
#	inbox/autoresearch-64/hbv_lite_64_prospective_seq62.slurm
#	inbox/gpucheck_ngu009.slurm
#	inbox/gpucheck_ngu101.slurm
#	payload/id29-nearing2022-da/closure_v12.tar.gz
#	payload/id29-nearing2022-da/closure_v13.tar.gz
#	payload/id29-nearing2022-da/gate_preflight_v1.tar.gz
#	runner.log
#	runner2.log
nothing added to commit but untracked files present (use "git add" to track)
[ERROR] push failed: a02/18 (result kept in staging, will retry push only)
[Mon Sep  7 03:05:24 CST 2026] --- retry push only: channel=a02 seq=18 ---
[Mon Sep  7 03:05:27 CST 2026] --- start channel=id29-nearing2022-da seq=523 ---
# On branch hpc-mailbox
# Your branch is ahead of 'origin/hpc-mailbox' by 1 commit.
#   (use "git push" to publish your local commits)
#
# Untracked files:
#   (use "git add <file>..." to include in what will be committed)
#
#	inbox/autoresearch-64/hbv_lite_64_prospective_seq62.slurm
#	inbox/gpucheck_ngu009.slurm
#	inbox/gpucheck_ngu101.slurm
#	payload/id29-nearing2022-da/closure_v12.tar.gz
#	payload/id29-nearing2022-da/closure_v13.tar.gz
#	payload/id29-nearing2022-da/gate_preflight_v1.tar.gz
#	runner.log
#	runner2.log
nothing added to commit but untracked files present (use "git add" to track)
[ERROR] push failed: a02/18 (result kept in staging, will retry push only)
[Mon Sep  7 03:08:47 CST 2026] --- retry push only: channel=a02 seq=18 ---
[Mon Sep  7 03:08:59 CST 2026] done channel=id29-nearing2022-da seq=523 rc=0
# On branch hpc-mailbox
# Your branch is ahead of 'origin/hpc-mailbox' by 1 commit.
#   (use "git push" to publish your local commits)
#
# Untracked files:
#   (use "git add <file>..." to include in what will be committed)
#
#	inbox/autoresearch-64/hbv_lite_64_prospective_seq62.slurm
#	inbox/gpucheck_ngu009.slurm
#	inbox/gpucheck_ngu101.slurm
#	payload/id29-nearing2022-da/closure_v12.tar.gz
#	payload/id29-nearing2022-da/closure_v13.tar.gz
#	payload/id29-nearing2022-da/gate_preflight_v1.tar.gz
#	runner.log
#	runner2.log
nothing added to commit but untracked files present (use "git add" to track)
[ERROR] push failed: a02/18 (result kept in staging, will retry push only)
[Mon Sep  7 03:11:42 CST 2026] --- retry push only: channel=a02 seq=18 ---
[Mon Sep  7 03:11:42 CST 2026] --- start channel=id29-nearing2022-da seq=524 ---
# On branch hpc-mailbox
# Your branch is ahead of 'origin/hpc-mailbox' by 1 commit.
#   (use "git push" to publish your local commits)
#
# Untracked files:
#   (use "git add <file>..." to include in what will be committed)
#
#	inbox/autoresearch-64/hbv_lite_64_prospective_seq62.slurm
#	inbox/gpucheck_ngu009.slurm
#	inbox/gpucheck_ngu101.slurm
#	payload/id29-nearing2022-da/closure_v12.tar.gz
#	payload/id29-nearing2022-da/closure_v13.tar.gz
#	payload/id29-nearing2022-da/gate_preflight_v1.tar.gz
#	runner.log
#	runner2.log
nothing added to commit but untracked files present (use "git add" to track)
[ERROR] push failed: a02/18 (result kept in staging, will retry push only)
[Mon Sep  7 03:14:48 CST 2026] done channel=id29-nearing2022-da seq=524 rc=0
[Mon Sep  7 03:15:02 CST 2026] --- retry push only: channel=a02 seq=18 ---
# On branch hpc-mailbox
# Your branch is ahead of 'origin/hpc-mailbox' by 1 commit.
#   (use "git push" to publish your local commits)
#
# Untracked files:
#   (use "git add <file>..." to include in what will be committed)
#
#	inbox/autoresearch-64/hbv_lite_64_prospective_seq62.slurm
#	inbox/gpucheck_ngu009.slurm
#	inbox/gpucheck_ngu101.slurm
#	payload/id29-nearing2022-da/closure_v12.tar.gz
#	payload/id29-nearing2022-da/closure_v13.tar.gz
#	payload/id29-nearing2022-da/gate_preflight_v1.tar.gz
#	runner.log
#	runner2.log
nothing added to commit but untracked files present (use "git add" to track)
[ERROR] push failed: a02/18 (result kept in staging, will retry push only)
[Mon Sep  7 03:17:44 CST 2026] --- retry push only: channel=a02 seq=18 ---
# On branch hpc-mailbox
# Your branch is ahead of 'origin/hpc-mailbox' by 1 commit.
#   (use "git push" to publish your local commits)
#
# Untracked files:
#   (use "git add <file>..." to include in what will be committed)
#
#	inbox/autoresearch-64/hbv_lite_64_prospective_seq62.slurm
#	inbox/gpucheck_ngu009.slurm
#	inbox/gpucheck_ngu101.slurm
#	payload/id29-nearing2022-da/closure_v12.tar.gz
#	payload/id29-nearing2022-da/closure_v13.tar.gz
#	payload/id29-nearing2022-da/gate_preflight_v1.tar.gz
#	runner.log
#	runner2.log
nothing added to commit but untracked files present (use "git add" to track)
[ERROR] push failed: a02/18 (result kept in staging, will retry push only)
[Mon Sep  7 03:21:03 CST 2026] --- retry push only: channel=a02 seq=18 ---
# On branch hpc-mailbox
# Your branch is ahead of 'origin/hpc-mailbox' by 1 commit.
#   (use "git push" to publish your local commits)
#
# Untracked files:
#   (use "git add <file>..." to include in what will be committed)
#
#	inbox/autoresearch-64/hbv_lite_64_prospective_seq62.slurm
#	inbox/gpucheck_ngu009.slurm
#	inbox/gpucheck_ngu101.slurm
#	payload/id29-nearing2022-da/closure_v12.tar.gz
#	payload/id29-nearing2022-da/closure_v13.tar.gz
#	payload/id29-nearing2022-da/gate_preflight_v1.tar.gz
#	runner.log
#	runner2.log
nothing added to commit but untracked files present (use "git add" to track)
[ERROR] push failed: a02/18 (result kept in staging, will retry push only)
[Mon Sep  7 03:24:20 CST 2026] --- retry push only: channel=a02 seq=18 ---
# On branch hpc-mailbox
# Your branch is ahead of 'origin/hpc-mailbox' by 1 commit.
#   (use "git push" to publish your local commits)
#
# Untracked files:
#   (use "git add <file>..." to include in what will be committed)
#
#	inbox/autoresearch-64/hbv_lite_64_prospective_seq62.slurm
#	inbox/gpucheck_ngu009.slurm
#	inbox/gpucheck_ngu101.slurm
#	payload/id29-nearing2022-da/closure_v12.tar.gz
#	payload/id29-nearing2022-da/closure_v13.tar.gz
#	payload/id29-nearing2022-da/gate_preflight_v1.tar.gz
#	runner.log
#	runner2.log
nothing added to commit but untracked files present (use "git add" to track)
[ERROR] push failed: a02/18 (result kept in staging, will retry push only)
[Mon Sep  7 03:27:36 CST 2026] --- retry push only: channel=a02 seq=18 ---
# On branch hpc-mailbox
# Your branch is ahead of 'origin/hpc-mailbox' by 1 commit.
#   (use "git push" to publish your local commits)
#
# Untracked files:
#   (use "git add <file>..." to include in what will be committed)
#
#	inbox/autoresearch-64/hbv_lite_64_prospective_seq62.slurm
#	inbox/gpucheck_ngu009.slurm
#	inbox/gpucheck_ngu101.slurm
#	payload/id29-nearing2022-da/closure_v12.tar.gz
#	payload/id29-nearing2022-da/closure_v13.tar.gz
#	payload/id29-nearing2022-da/gate_preflight_v1.tar.gz
#	runner.log
#	runner2.log
nothing added to commit but untracked files present (use "git add" to track)
[ERROR] push failed: a02/18 (result kept in staging, will retry push only)
[Mon Sep  7 03:30:55 CST 2026] --- retry push only: channel=a02 seq=18 ---
# On branch hpc-mailbox
# Your branch is ahead of 'origin/hpc-mailbox' by 1 commit.
#   (use "git push" to publish your local commits)
#
# Untracked files:
#   (use "git add <file>..." to include in what will be committed)
#
#	inbox/autoresearch-64/hbv_lite_64_prospective_seq62.slurm
#	inbox/gpucheck_ngu009.slurm
#	inbox/gpucheck_ngu101.slurm
#	payload/id29-nearing2022-da/closure_v12.tar.gz
#	payload/id29-nearing2022-da/closure_v13.tar.gz
#	payload/id29-nearing2022-da/gate_preflight_v1.tar.gz
#	runner.log
#	runner2.log
nothing added to commit but untracked files present (use "git add" to track)
[ERROR] push failed: a02/18 (result kept in staging, will retry push only)
[Mon Sep  7 03:34:22 CST 2026] --- retry push only: channel=a02 seq=18 ---
# On branch hpc-mailbox
# Your branch is ahead of 'origin/hpc-mailbox' by 1 commit.
#   (use "git push" to publish your local commits)
#
# Untracked files:
#   (use "git add <file>..." to include in what will be committed)
#
#	inbox/autoresearch-64/hbv_lite_64_prospective_seq62.slurm
#	inbox/gpucheck_ngu009.slurm
#	inbox/gpucheck_ngu101.slurm
#	payload/id29-nearing2022-da/closure_v12.tar.gz
#	payload/id29-nearing2022-da/closure_v13.tar.gz
#	payload/id29-nearing2022-da/gate_preflight_v1.tar.gz
#	runner.log
#	runner2.log
nothing added to commit but untracked files present (use "git add" to track)
[ERROR] push failed: a02/18 (result kept in staging, will retry push only)
[Mon Sep  7 03:37:04 CST 2026] --- retry push only: channel=a02 seq=18 ---
# On branch hpc-mailbox
# Your branch is ahead of 'origin/hpc-mailbox' by 1 commit.
#   (use "git push" to publish your local commits)
#
# Untracked files:
#   (use "git add <file>..." to include in what will be committed)
#
#	inbox/autoresearch-64/hbv_lite_64_prospective_seq62.slurm
#	inbox/gpucheck_ngu009.slurm
#	inbox/gpucheck_ngu101.slurm
#	payload/id29-nearing2022-da/closure_v12.tar.gz
#	payload/id29-nearing2022-da/closure_v13.tar.gz
#	payload/id29-nearing2022-da/gate_preflight_v1.tar.gz
#	runner.log
#	runner2.log
nothing added to commit but untracked files present (use "git add" to track)
[ERROR] push failed: a02/18 (result kept in staging, will retry push only)
[Mon Sep  7 03:40:23 CST 2026] --- retry push only: channel=a02 seq=18 ---
# On branch hpc-mailbox
# Your branch is ahead of 'origin/hpc-mailbox' by 1 commit.
#   (use "git push" to publish your local commits)
#
# Untracked files:
#   (use "git add <file>..." to include in what will be committed)
#
#	inbox/autoresearch-64/hbv_lite_64_prospective_seq62.slurm
#	inbox/gpucheck_ngu009.slurm
#	inbox/gpucheck_ngu101.slurm
#	payload/id29-nearing2022-da/closure_v12.tar.gz
#	payload/id29-nearing2022-da/closure_v13.tar.gz
#	payload/id29-nearing2022-da/gate_preflight_v1.tar.gz
#	runner.log
#	runner2.log
nothing added to commit but untracked files present (use "git add" to track)
[ERROR] push failed: a02/18 (result kept in staging, will retry push only)
[Mon Sep  7 03:43:07 CST 2026] --- retry push only: channel=a02 seq=18 ---
# On branch hpc-mailbox
# Your branch is ahead of 'origin/hpc-mailbox' by 1 commit.
#   (use "git push" to publish your local commits)
#
# Untracked files:
#   (use "git add <file>..." to include in what will be committed)
#
#	inbox/autoresearch-64/hbv_lite_64_prospective_seq62.slurm
#	inbox/gpucheck_ngu009.slurm
#	inbox/gpucheck_ngu101.slurm
#	payload/id29-nearing2022-da/closure_v12.tar.gz
#	payload/id29-nearing2022-da/closure_v13.tar.gz
#	payload/id29-nearing2022-da/gate_preflight_v1.tar.gz
#	runner.log
#	runner2.log
nothing added to commit but untracked files present (use "git add" to track)
[ERROR] push failed: a02/18 (result kept in staging, will retry push only)
[Mon Sep  7 03:46:22 CST 2026] --- retry push only: channel=a02 seq=18 ---
# On branch hpc-mailbox
# Your branch is ahead of 'origin/hpc-mailbox' by 1 commit.
#   (use "git push" to publish your local commits)
#
# Untracked files:
#   (use "git add <file>..." to include in what will be committed)
#
#	inbox/autoresearch-64/hbv_lite_64_prospective_seq62.slurm
#	inbox/gpucheck_ngu009.slurm
#	inbox/gpucheck_ngu101.slurm
#	payload/id29-nearing2022-da/closure_v12.tar.gz
#	payload/id29-nearing2022-da/closure_v13.tar.gz
#	payload/id29-nearing2022-da/gate_preflight_v1.tar.gz
#	runner.log
#	runner2.log
nothing added to commit but untracked files present (use "git add" to track)
[ERROR] push failed: a02/18 (result kept in staging, will retry push only)
[Mon Sep  7 03:49:02 CST 2026] --- retry push only: channel=a02 seq=18 ---
# On branch hpc-mailbox
# Your branch is ahead of 'origin/hpc-mailbox' by 1 commit.
#   (use "git push" to publish your local commits)
#
# Untracked files:
#   (use "git add <file>..." to include in what will be committed)
#
#	inbox/autoresearch-64/hbv_lite_64_prospective_seq62.slurm
#	inbox/gpucheck_ngu009.slurm
#	inbox/gpucheck_ngu101.slurm
#	payload/id29-nearing2022-da/closure_v12.tar.gz
#	payload/id29-nearing2022-da/closure_v13.tar.gz
#	payload/id29-nearing2022-da/gate_preflight_v1.tar.gz
#	runner.log
#	runner2.log
nothing added to commit but untracked files present (use "git add" to track)
[ERROR] push failed: a02/18 (result kept in staging, will retry push only)
[Mon Sep  7 03:51:43 CST 2026] --- retry push only: channel=a02 seq=18 ---
# On branch hpc-mailbox
# Your branch is ahead of 'origin/hpc-mailbox' by 1 commit.
#   (use "git push" to publish your local commits)
#
# Untracked files:
#   (use "git add <file>..." to include in what will be committed)
#
#	inbox/autoresearch-64/hbv_lite_64_prospective_seq62.slurm
#	inbox/gpucheck_ngu009.slurm
#	inbox/gpucheck_ngu101.slurm
#	payload/id29-nearing2022-da/closure_v12.tar.gz
#	payload/id29-nearing2022-da/closure_v13.tar.gz
#	payload/id29-nearing2022-da/gate_preflight_v1.tar.gz
#	runner.log
#	runner2.log
nothing added to commit but untracked files present (use "git add" to track)
[ERROR] push failed: a02/18 (result kept in staging, will retry push only)
[Mon Sep  7 03:54:59 CST 2026] --- retry push only: channel=a02 seq=18 ---
# On branch hpc-mailbox
# Your branch is ahead of 'origin/hpc-mailbox' by 1 commit.
#   (use "git push" to publish your local commits)
#
# Untracked files:
#   (use "git add <file>..." to include in what will be committed)
#
#	inbox/autoresearch-64/hbv_lite_64_prospective_seq62.slurm
#	inbox/gpucheck_ngu009.slurm
#	inbox/gpucheck_ngu101.slurm
#	payload/id29-nearing2022-da/closure_v12.tar.gz
#	payload/id29-nearing2022-da/closure_v13.tar.gz
#	payload/id29-nearing2022-da/gate_preflight_v1.tar.gz
#	runner.log
#	runner2.log
nothing added to commit but untracked files present (use "git add" to track)
[ERROR] push failed: a02/18 (result kept in staging, will retry push only)
[Mon Sep  7 03:58:12 CST 2026] --- retry push only: channel=a02 seq=18 ---
# On branch hpc-mailbox
# Your branch is ahead of 'origin/hpc-mailbox' by 1 commit.
#   (use "git push" to publish your local commits)
#
# Untracked files:
#   (use "git add <file>..." to include in what will be committed)
#
#	inbox/autoresearch-64/hbv_lite_64_prospective_seq62.slurm
#	inbox/gpucheck_ngu009.slurm
#	inbox/gpucheck_ngu101.slurm
#	payload/id29-nearing2022-da/closure_v12.tar.gz
#	payload/id29-nearing2022-da/closure_v13.tar.gz
#	payload/id29-nearing2022-da/gate_preflight_v1.tar.gz
#	runner.log
#	runner2.log
nothing added to commit but untracked files present (use "git add" to track)
[ERROR] push failed: a02/18 (result kept in staging, will retry push only)
[Mon Sep  7 04:00:54 CST 2026] --- retry push only: channel=a02 seq=18 ---
# On branch hpc-mailbox
# Your branch is ahead of 'origin/hpc-mailbox' by 1 commit.
#   (use "git push" to publish your local commits)
#
# Untracked files:
#   (use "git add <file>..." to include in what will be committed)
#
#	inbox/autoresearch-64/hbv_lite_64_prospective_seq62.slurm
#	inbox/gpucheck_ngu009.slurm
#	inbox/gpucheck_ngu101.slurm
#	payload/id29-nearing2022-da/closure_v12.tar.gz
#	payload/id29-nearing2022-da/closure_v13.tar.gz
#	payload/id29-nearing2022-da/gate_preflight_v1.tar.gz
#	runner.log
#	runner2.log
nothing added to commit but untracked files present (use "git add" to track)
[ERROR] push failed: a02/18 (result kept in staging, will retry push only)
[Mon Sep  7 04:04:16 CST 2026] --- retry push only: channel=a02 seq=18 ---
# On branch hpc-mailbox
# Your branch is ahead of 'origin/hpc-mailbox' by 1 commit.
#   (use "git push" to publish your local commits)
#
# Untracked files:
#   (use "git add <file>..." to include in what will be committed)
#
#	inbox/autoresearch-64/hbv_lite_64_prospective_seq62.slurm
#	inbox/gpucheck_ngu009.slurm
#	inbox/gpucheck_ngu101.slurm
#	payload/id29-nearing2022-da/closure_v12.tar.gz
#	payload/id29-nearing2022-da/closure_v13.tar.gz
#	payload/id29-nearing2022-da/gate_preflight_v1.tar.gz
#	runner.log
#	runner2.log
nothing added to commit but untracked files present (use "git add" to track)
[ERROR] push failed: a02/18 (result kept in staging, will retry push only)
[Mon Sep  7 04:07:35 CST 2026] --- retry push only: channel=a02 seq=18 ---
# On branch hpc-mailbox
# Your branch is ahead of 'origin/hpc-mailbox' by 1 commit.
#   (use "git push" to publish your local commits)
#
# Untracked files:
#   (use "git add <file>..." to include in what will be committed)
#
#	inbox/autoresearch-64/hbv_lite_64_prospective_seq62.slurm
#	inbox/gpucheck_ngu009.slurm
#	inbox/gpucheck_ngu101.slurm
#	payload/id29-nearing2022-da/closure_v12.tar.gz
#	payload/id29-nearing2022-da/closure_v13.tar.gz
#	payload/id29-nearing2022-da/gate_preflight_v1.tar.gz
#	runner.log
#	runner2.log
nothing added to commit but untracked files present (use "git add" to track)
[ERROR] push failed: a02/18 (result kept in staging, will retry push only)
[Mon Sep  7 04:10:57 CST 2026] --- retry push only: channel=a02 seq=18 ---
# On branch hpc-mailbox
# Your branch is ahead of 'origin/hpc-mailbox' by 1 commit.
#   (use "git push" to publish your local commits)
#
# Untracked files:
#   (use "git add <file>..." to include in what will be committed)
#
#	inbox/autoresearch-64/hbv_lite_64_prospective_seq62.slurm
#	inbox/gpucheck_ngu009.slurm
#	inbox/gpucheck_ngu101.slurm
#	payload/id29-nearing2022-da/closure_v12.tar.gz
#	payload/id29-nearing2022-da/closure_v13.tar.gz
#	payload/id29-nearing2022-da/gate_preflight_v1.tar.gz
#	runner.log
#	runner2.log
nothing added to commit but untracked files present (use "git add" to track)
[ERROR] push failed: a02/18 (result kept in staging, will retry push only)
[Mon Sep  7 04:14:11 CST 2026] --- retry push only: channel=a02 seq=18 ---
# On branch hpc-mailbox
# Your branch is ahead of 'origin/hpc-mailbox' by 1 commit.
#   (use "git push" to publish your local commits)
#
# Untracked files:
#   (use "git add <file>..." to include in what will be committed)
#
#	inbox/autoresearch-64/hbv_lite_64_prospective_seq62.slurm
#	inbox/gpucheck_ngu009.slurm
#	inbox/gpucheck_ngu101.slurm
#	payload/id29-nearing2022-da/closure_v12.tar.gz
#	payload/id29-nearing2022-da/closure_v13.tar.gz
#	payload/id29-nearing2022-da/gate_preflight_v1.tar.gz
#	runner.log
#	runner2.log
nothing added to commit but untracked files present (use "git add" to track)
[ERROR] push failed: a02/18 (result kept in staging, will retry push only)
[Mon Sep  7 04:16:49 CST 2026] --- retry push only: channel=a02 seq=18 ---
# On branch hpc-mailbox
# Your branch is ahead of 'origin/hpc-mailbox' by 1 commit.
#   (use "git push" to publish your local commits)
#
# Untracked files:
#   (use "git add <file>..." to include in what will be committed)
#
#	inbox/autoresearch-64/hbv_lite_64_prospective_seq62.slurm
#	inbox/gpucheck_ngu009.slurm
#	inbox/gpucheck_ngu101.slurm
#	payload/id29-nearing2022-da/closure_v12.tar.gz
#	payload/id29-nearing2022-da/closure_v13.tar.gz
#	payload/id29-nearing2022-da/gate_preflight_v1.tar.gz
#	runner.log
#	runner2.log
nothing added to commit but untracked files present (use "git add" to track)
[ERROR] push failed: a02/18 (result kept in staging, will retry push only)
[Mon Sep  7 04:19:27 CST 2026] --- retry push only: channel=a02 seq=18 ---
# On branch hpc-mailbox
# Your branch is ahead of 'origin/hpc-mailbox' by 1 commit.
#   (use "git push" to publish your local commits)
#
# Untracked files:
#   (use "git add <file>..." to include in what will be committed)
#
#	inbox/autoresearch-64/hbv_lite_64_prospective_seq62.slurm
#	inbox/gpucheck_ngu009.slurm
#	inbox/gpucheck_ngu101.slurm
#	payload/id29-nearing2022-da/closure_v12.tar.gz
#	payload/id29-nearing2022-da/closure_v13.tar.gz
#	payload/id29-nearing2022-da/gate_preflight_v1.tar.gz
#	runner.log
#	runner2.log
nothing added to commit but untracked files present (use "git add" to track)
[ERROR] push failed: a02/18 (result kept in staging, will retry push only)
[Mon Sep  7 04:22:07 CST 2026] --- retry push only: channel=a02 seq=18 ---
# On branch hpc-mailbox
# Your branch is ahead of 'origin/hpc-mailbox' by 1 commit.
#   (use "git push" to publish your local commits)
#
# Untracked files:
#   (use "git add <file>..." to include in what will be committed)
#
#	inbox/autoresearch-64/hbv_lite_64_prospective_seq62.slurm
#	inbox/gpucheck_ngu009.slurm
#	inbox/gpucheck_ngu101.slurm
#	payload/id29-nearing2022-da/closure_v12.tar.gz
#	payload/id29-nearing2022-da/closure_v13.tar.gz
#	payload/id29-nearing2022-da/gate_preflight_v1.tar.gz
#	runner.log
#	runner2.log
nothing added to commit but untracked files present (use "git add" to track)
[ERROR] push failed: a02/18 (result kept in staging, will retry push only)
[Mon Sep  7 04:25:32 CST 2026] --- retry push only: channel=a02 seq=18 ---
# On branch hpc-mailbox
# Your branch is ahead of 'origin/hpc-mailbox' by 1 commit.
#   (use "git push" to publish your local commits)
#
# Untracked files:
#   (use "git add <file>..." to include in what will be committed)
#
#	inbox/autoresearch-64/hbv_lite_64_prospective_seq62.slurm
#	inbox/gpucheck_ngu009.slurm
#	inbox/gpucheck_ngu101.slurm
#	payload/id29-nearing2022-da/closure_v12.tar.gz
#	payload/id29-nearing2022-da/closure_v13.tar.gz
#	payload/id29-nearing2022-da/gate_preflight_v1.tar.gz
#	runner.log
#	runner2.log
nothing added to commit but untracked files present (use "git add" to track)
[ERROR] push failed: a02/18 (result kept in staging, will retry push only)
[Mon Sep  7 04:28:53 CST 2026] --- retry push only: channel=a02 seq=18 ---
# On branch hpc-mailbox
# Your branch is ahead of 'origin/hpc-mailbox' by 1 commit.
#   (use "git push" to publish your local commits)
#
# Untracked files:
#   (use "git add <file>..." to include in what will be committed)
#
#	inbox/autoresearch-64/hbv_lite_64_prospective_seq62.slurm
#	inbox/gpucheck_ngu009.slurm
#	inbox/gpucheck_ngu101.slurm
#	payload/id29-nearing2022-da/closure_v12.tar.gz
#	payload/id29-nearing2022-da/closure_v13.tar.gz
#	payload/id29-nearing2022-da/gate_preflight_v1.tar.gz
#	runner.log
#	runner2.log
nothing added to commit but untracked files present (use "git add" to track)
[ERROR] push failed: a02/18 (result kept in staging, will retry push only)
[Mon Sep  7 04:32:18 CST 2026] --- retry push only: channel=a02 seq=18 ---
# On branch hpc-mailbox
# Your branch is ahead of 'origin/hpc-mailbox' by 1 commit.
#   (use "git push" to publish your local commits)
#
# Untracked files:
#   (use "git add <file>..." to include in what will be committed)
#
#	inbox/autoresearch-64/hbv_lite_64_prospective_seq62.slurm
#	inbox/gpucheck_ngu009.slurm
#	inbox/gpucheck_ngu101.slurm
#	payload/id29-nearing2022-da/closure_v12.tar.gz
#	payload/id29-nearing2022-da/closure_v13.tar.gz
#	payload/id29-nearing2022-da/gate_preflight_v1.tar.gz
#	runner.log
#	runner2.log
nothing added to commit but untracked files present (use "git add" to track)
[ERROR] push failed: a02/18 (result kept in staging, will retry push only)
[Mon Sep  7 04:34:54 CST 2026] --- retry push only: channel=a02 seq=18 ---
# On branch hpc-mailbox
# Your branch is ahead of 'origin/hpc-mailbox' by 1 commit.
#   (use "git push" to publish your local commits)
#
# Untracked files:
#   (use "git add <file>..." to include in what will be committed)
#
#	inbox/autoresearch-64/hbv_lite_64_prospective_seq62.slurm
#	inbox/gpucheck_ngu009.slurm
#	inbox/gpucheck_ngu101.slurm
#	payload/id29-nearing2022-da/closure_v12.tar.gz
#	payload/id29-nearing2022-da/closure_v13.tar.gz
#	payload/id29-nearing2022-da/gate_preflight_v1.tar.gz
#	runner.log
#	runner2.log
nothing added to commit but untracked files present (use "git add" to track)
[ERROR] push failed: a02/18 (result kept in staging, will retry push only)
[Mon Sep  7 04:38:14 CST 2026] --- retry push only: channel=a02 seq=18 ---
# On branch hpc-mailbox
# Your branch is ahead of 'origin/hpc-mailbox' by 1 commit.
#   (use "git push" to publish your local commits)
#
# Untracked files:
#   (use "git add <file>..." to include in what will be committed)
#
#	inbox/autoresearch-64/hbv_lite_64_prospective_seq62.slurm
#	inbox/gpucheck_ngu009.slurm
#	inbox/gpucheck_ngu101.slurm
#	payload/id29-nearing2022-da/closure_v12.tar.gz
#	payload/id29-nearing2022-da/closure_v13.tar.gz
#	payload/id29-nearing2022-da/gate_preflight_v1.tar.gz
#	runner.log
#	runner2.log
nothing added to commit but untracked files present (use "git add" to track)
[ERROR] push failed: a02/18 (result kept in staging, will retry push only)
[Mon Sep  7 04:41:39 CST 2026] --- retry push only: channel=a02 seq=18 ---
# On branch hpc-mailbox
# Your branch is ahead of 'origin/hpc-mailbox' by 1 commit.
#   (use "git push" to publish your local commits)
#
# Untracked files:
#   (use "git add <file>..." to include in what will be committed)
#
#	inbox/autoresearch-64/hbv_lite_64_prospective_seq62.slurm
#	inbox/gpucheck_ngu009.slurm
#	inbox/gpucheck_ngu101.slurm
#	payload/id29-nearing2022-da/closure_v12.tar.gz
#	payload/id29-nearing2022-da/closure_v13.tar.gz
#	payload/id29-nearing2022-da/gate_preflight_v1.tar.gz
#	runner.log
#	runner2.log
nothing added to commit but untracked files present (use "git add" to track)
[ERROR] push failed: a02/18 (result kept in staging, will retry push only)
[Mon Sep  7 04:44:59 CST 2026] --- retry push only: channel=a02 seq=18 ---
# On branch hpc-mailbox
# Your branch is ahead of 'origin/hpc-mailbox' by 1 commit.
#   (use "git push" to publish your local commits)
#
# Untracked files:
#   (use "git add <file>..." to include in what will be committed)
#
#	inbox/autoresearch-64/hbv_lite_64_prospective_seq62.slurm
#	inbox/gpucheck_ngu009.slurm
#	inbox/gpucheck_ngu101.slurm
#	payload/id29-nearing2022-da/closure_v12.tar.gz
#	payload/id29-nearing2022-da/closure_v13.tar.gz
#	payload/id29-nearing2022-da/gate_preflight_v1.tar.gz
#	runner.log
#	runner2.log
nothing added to commit but untracked files present (use "git add" to track)
[ERROR] push failed: a02/18 (result kept in staging, will retry push only)
[Mon Sep  7 04:48:14 CST 2026] --- retry push only: channel=a02 seq=18 ---
# On branch hpc-mailbox
# Your branch is ahead of 'origin/hpc-mailbox' by 1 commit.
#   (use "git push" to publish your local commits)
#
# Untracked files:
#   (use "git add <file>..." to include in what will be committed)
#
#	inbox/autoresearch-64/hbv_lite_64_prospective_seq62.slurm
#	inbox/gpucheck_ngu009.slurm
#	inbox/gpucheck_ngu101.slurm
#	payload/id29-nearing2022-da/closure_v12.tar.gz
#	payload/id29-nearing2022-da/closure_v13.tar.gz
#	payload/id29-nearing2022-da/gate_preflight_v1.tar.gz
#	runner.log
#	runner2.log
nothing added to commit but untracked files present (use "git add" to track)
[ERROR] push failed: a02/18 (result kept in staging, will retry push only)
[Mon Sep  7 04:51:31 CST 2026] --- retry push only: channel=a02 seq=18 ---
# On branch hpc-mailbox
# Your branch is ahead of 'origin/hpc-mailbox' by 1 commit.
#   (use "git push" to publish your local commits)
#
# Untracked files:
#   (use "git add <file>..." to include in what will be committed)
#
#	inbox/autoresearch-64/hbv_lite_64_prospective_seq62.slurm
#	inbox/gpucheck_ngu009.slurm
#	inbox/gpucheck_ngu101.slurm
#	payload/id29-nearing2022-da/closure_v12.tar.gz
#	payload/id29-nearing2022-da/closure_v13.tar.gz
#	payload/id29-nearing2022-da/gate_preflight_v1.tar.gz
#	runner.log
#	runner2.log
#
# It took 2.06 seconds to enumerate untracked files. 'status -uno'
# may speed it up, but you have to be careful not to forget to add
# new files yourself (see 'git help status').
nothing added to commit but untracked files present (use "git add" to track)
[ERROR] push failed: a02/18 (result kept in staging, will retry push only)
[Mon Sep  7 04:54:14 CST 2026] --- retry push only: channel=a02 seq=18 ---
# On branch hpc-mailbox
# Your branch is ahead of 'origin/hpc-mailbox' by 1 commit.
#   (use "git push" to publish your local commits)
#
# Untracked files:
#   (use "git add <file>..." to include in what will be committed)
#
#	inbox/autoresearch-64/hbv_lite_64_prospective_seq62.slurm
#	inbox/gpucheck_ngu009.slurm
#	inbox/gpucheck_ngu101.slurm
#	payload/id29-nearing2022-da/closure_v12.tar.gz
#	payload/id29-nearing2022-da/closure_v13.tar.gz
#	payload/id29-nearing2022-da/gate_preflight_v1.tar.gz
#	runner.log
#	runner2.log
nothing added to commit but untracked files present (use "git add" to track)
[ERROR] push failed: a02/18 (result kept in staging, will retry push only)
[Mon Sep  7 04:56:49 CST 2026] --- retry push only: channel=a02 seq=18 ---
# On branch hpc-mailbox
# Your branch is ahead of 'origin/hpc-mailbox' by 1 commit.
#   (use "git push" to publish your local commits)
#
# Untracked files:
#   (use "git add <file>..." to include in what will be committed)
#
#	inbox/autoresearch-64/hbv_lite_64_prospective_seq62.slurm
#	inbox/gpucheck_ngu009.slurm
#	inbox/gpucheck_ngu101.slurm
#	payload/id29-nearing2022-da/closure_v12.tar.gz
#	payload/id29-nearing2022-da/closure_v13.tar.gz
#	payload/id29-nearing2022-da/gate_preflight_v1.tar.gz
#	runner.log
#	runner2.log
nothing added to commit but untracked files present (use "git add" to track)
[ERROR] push failed: a02/18 (result kept in staging, will retry push only)
[Mon Sep  7 04:59:33 CST 2026] --- retry push only: channel=a02 seq=18 ---
# On branch hpc-mailbox
# Your branch is ahead of 'origin/hpc-mailbox' by 1 commit.
#   (use "git push" to publish your local commits)
#
# Untracked files:
#   (use "git add <file>..." to include in what will be committed)
#
#	inbox/autoresearch-64/hbv_lite_64_prospective_seq62.slurm
#	inbox/gpucheck_ngu009.slurm
#	inbox/gpucheck_ngu101.slurm
#	payload/id29-nearing2022-da/closure_v12.tar.gz
#	payload/id29-nearing2022-da/closure_v13.tar.gz
#	payload/id29-nearing2022-da/gate_preflight_v1.tar.gz
#	runner.log
#	runner2.log
nothing added to commit but untracked files present (use "git add" to track)
[ERROR] push failed: a02/18 (result kept in staging, will retry push only)
[Mon Sep  7 05:02:55 CST 2026] --- retry push only: channel=a02 seq=18 ---
# On branch hpc-mailbox
# Your branch is ahead of 'origin/hpc-mailbox' by 1 commit.
#   (use "git push" to publish your local commits)
#
# Untracked files:
#   (use "git add <file>..." to include in what will be committed)
#
#	inbox/autoresearch-64/hbv_lite_64_prospective_seq62.slurm
#	inbox/gpucheck_ngu009.slurm
#	inbox/gpucheck_ngu101.slurm
#	payload/id29-nearing2022-da/closure_v12.tar.gz
#	payload/id29-nearing2022-da/closure_v13.tar.gz
#	payload/id29-nearing2022-da/gate_preflight_v1.tar.gz
#	runner.log
#	runner2.log
nothing added to commit but untracked files present (use "git add" to track)
[ERROR] push failed: a02/18 (result kept in staging, will retry push only)
[Mon Sep  7 05:06:12 CST 2026] --- retry push only: channel=a02 seq=18 ---
# On branch hpc-mailbox
# Your branch is ahead of 'origin/hpc-mailbox' by 1 commit.
#   (use "git push" to publish your local commits)
#
# Untracked files:
#   (use "git add <file>..." to include in what will be committed)
#
#	inbox/autoresearch-64/hbv_lite_64_prospective_seq62.slurm
#	inbox/gpucheck_ngu009.slurm
#	inbox/gpucheck_ngu101.slurm
#	payload/id29-nearing2022-da/closure_v12.tar.gz
#	payload/id29-nearing2022-da/closure_v13.tar.gz
#	payload/id29-nearing2022-da/gate_preflight_v1.tar.gz
#	runner.log
#	runner2.log
nothing added to commit but untracked files present (use "git add" to track)
[ERROR] push failed: a02/18 (result kept in staging, will retry push only)
[Mon Sep  7 05:09:35 CST 2026] --- retry push only: channel=a02 seq=18 ---
# On branch hpc-mailbox
# Your branch is ahead of 'origin/hpc-mailbox' by 1 commit.
#   (use "git push" to publish your local commits)
#
# Untracked files:
#   (use "git add <file>..." to include in what will be committed)
#
#	inbox/autoresearch-64/hbv_lite_64_prospective_seq62.slurm
#	inbox/gpucheck_ngu009.slurm
#	inbox/gpucheck_ngu101.slurm
#	payload/id29-nearing2022-da/closure_v12.tar.gz
#	payload/id29-nearing2022-da/closure_v13.tar.gz
#	payload/id29-nearing2022-da/gate_preflight_v1.tar.gz
#	runner.log
#	runner2.log
nothing added to commit but untracked files present (use "git add" to track)
[ERROR] push failed: a02/18 (result kept in staging, will retry push only)
[Mon Sep  7 05:12:20 CST 2026] --- retry push only: channel=a02 seq=18 ---
# On branch hpc-mailbox
# Your branch is ahead of 'origin/hpc-mailbox' by 1 commit.
#   (use "git push" to publish your local commits)
#
# Untracked files:
#   (use "git add <file>..." to include in what will be committed)
#
#	inbox/autoresearch-64/hbv_lite_64_prospective_seq62.slurm
#	inbox/gpucheck_ngu009.slurm
#	inbox/gpucheck_ngu101.slurm
#	payload/id29-nearing2022-da/closure_v12.tar.gz
#	payload/id29-nearing2022-da/closure_v13.tar.gz
#	payload/id29-nearing2022-da/gate_preflight_v1.tar.gz
#	runner.log
#	runner2.log
nothing added to commit but untracked files present (use "git add" to track)
[ERROR] push failed: a02/18 (result kept in staging, will retry push only)
[Mon Sep  7 05:15:41 CST 2026] --- retry push only: channel=a02 seq=18 ---
# On branch hpc-mailbox
# Your branch is ahead of 'origin/hpc-mailbox' by 1 commit.
#   (use "git push" to publish your local commits)
#
# Untracked files:
#   (use "git add <file>..." to include in what will be committed)
#
#	inbox/autoresearch-64/hbv_lite_64_prospective_seq62.slurm
#	inbox/gpucheck_ngu009.slurm
#	inbox/gpucheck_ngu101.slurm
#	payload/id29-nearing2022-da/closure_v12.tar.gz
#	payload/id29-nearing2022-da/closure_v13.tar.gz
#	payload/id29-nearing2022-da/gate_preflight_v1.tar.gz
#	runner.log
#	runner2.log
nothing added to commit but untracked files present (use "git add" to track)
[ERROR] push failed: a02/18 (result kept in staging, will retry push only)
[Mon Sep  7 05:19:07 CST 2026] --- retry push only: channel=a02 seq=18 ---
# On branch hpc-mailbox
# Your branch is ahead of 'origin/hpc-mailbox' by 1 commit.
#   (use "git push" to publish your local commits)
#
# Untracked files:
#   (use "git add <file>..." to include in what will be committed)
#
#	inbox/autoresearch-64/hbv_lite_64_prospective_seq62.slurm
#	inbox/gpucheck_ngu009.slurm
#	inbox/gpucheck_ngu101.slurm
#	payload/id29-nearing2022-da/closure_v12.tar.gz
#	payload/id29-nearing2022-da/closure_v13.tar.gz
#	payload/id29-nearing2022-da/gate_preflight_v1.tar.gz
#	runner.log
#	runner2.log
nothing added to commit but untracked files present (use "git add" to track)
[ERROR] push failed: a02/18 (result kept in staging, will retry push only)
[Mon Sep  7 05:22:28 CST 2026] --- retry push only: channel=a02 seq=18 ---
# On branch hpc-mailbox
# Your branch is ahead of 'origin/hpc-mailbox' by 1 commit.
#   (use "git push" to publish your local commits)
#
# Untracked files:
#   (use "git add <file>..." to include in what will be committed)
#
#	inbox/autoresearch-64/hbv_lite_64_prospective_seq62.slurm
#	inbox/gpucheck_ngu009.slurm
#	inbox/gpucheck_ngu101.slurm
#	payload/id29-nearing2022-da/closure_v12.tar.gz
#	payload/id29-nearing2022-da/closure_v13.tar.gz
#	payload/id29-nearing2022-da/gate_preflight_v1.tar.gz
#	runner.log
#	runner2.log
nothing added to commit but untracked files present (use "git add" to track)
[ERROR] push failed: a02/18 (result kept in staging, will retry push only)
[Mon Sep  7 05:25:42 CST 2026] --- retry push only: channel=a02 seq=18 ---
# On branch hpc-mailbox
# Your branch is ahead of 'origin/hpc-mailbox' by 1 commit.
#   (use "git push" to publish your local commits)
#
# Untracked files:
#   (use "git add <file>..." to include in what will be committed)
#
#	inbox/autoresearch-64/hbv_lite_64_prospective_seq62.slurm
#	inbox/gpucheck_ngu009.slurm
#	inbox/gpucheck_ngu101.slurm
#	payload/id29-nearing2022-da/closure_v12.tar.gz
#	payload/id29-nearing2022-da/closure_v13.tar.gz
#	payload/id29-nearing2022-da/gate_preflight_v1.tar.gz
#	runner.log
#	runner2.log
nothing added to commit but untracked files present (use "git add" to track)
[ERROR] push failed: a02/18 (result kept in staging, will retry push only)
[Mon Sep  7 05:28:20 CST 2026] --- retry push only: channel=a02 seq=18 ---
# On branch hpc-mailbox
# Your branch is ahead of 'origin/hpc-mailbox' by 1 commit.
#   (use "git push" to publish your local commits)
#
# Untracked files:
#   (use "git add <file>..." to include in what will be committed)
#
#	inbox/autoresearch-64/hbv_lite_64_prospective_seq62.slurm
#	inbox/gpucheck_ngu009.slurm
#	inbox/gpucheck_ngu101.slurm
#	payload/id29-nearing2022-da/closure_v12.tar.gz
#	payload/id29-nearing2022-da/closure_v13.tar.gz
#	payload/id29-nearing2022-da/gate_preflight_v1.tar.gz
#	runner.log
#	runner2.log
nothing added to commit but untracked files present (use "git add" to track)
[ERROR] push failed: a02/18 (result kept in staging, will retry push only)
[Mon Sep  7 05:31:00 CST 2026] --- retry push only: channel=a02 seq=18 ---
# On branch hpc-mailbox
# Your branch is ahead of 'origin/hpc-mailbox' by 1 commit.
#   (use "git push" to publish your local commits)
#
# Untracked files:
#   (use "git add <file>..." to include in what will be committed)
#
#	inbox/autoresearch-64/hbv_lite_64_prospective_seq62.slurm
#	inbox/gpucheck_ngu009.slurm
#	inbox/gpucheck_ngu101.slurm
#	payload/id29-nearing2022-da/closure_v12.tar.gz
#	payload/id29-nearing2022-da/closure_v13.tar.gz
#	payload/id29-nearing2022-da/gate_preflight_v1.tar.gz
#	runner.log
#	runner2.log
nothing added to commit but untracked files present (use "git add" to track)
[ERROR] push failed: a02/18 (result kept in staging, will retry push only)
[Mon Sep  7 05:33:48 CST 2026] --- retry push only: channel=a02 seq=18 ---
# On branch hpc-mailbox
# Your branch is ahead of 'origin/hpc-mailbox' by 1 commit.
#   (use "git push" to publish your local commits)
#
# Untracked files:
#   (use "git add <file>..." to include in what will be committed)
#
#	inbox/autoresearch-64/hbv_lite_64_prospective_seq62.slurm
#	inbox/gpucheck_ngu009.slurm
#	inbox/gpucheck_ngu101.slurm
#	payload/id29-nearing2022-da/closure_v12.tar.gz
#	payload/id29-nearing2022-da/closure_v13.tar.gz
#	payload/id29-nearing2022-da/gate_preflight_v1.tar.gz
#	runner.log
#	runner2.log
nothing added to commit but untracked files present (use "git add" to track)
[ERROR] push failed: a02/18 (result kept in staging, will retry push only)
[Mon Sep  7 05:36:26 CST 2026] --- retry push only: channel=a02 seq=18 ---
# On branch hpc-mailbox
# Your branch is ahead of 'origin/hpc-mailbox' by 1 commit.
#   (use "git push" to publish your local commits)
#
# Untracked files:
#   (use "git add <file>..." to include in what will be committed)
#
#	inbox/autoresearch-64/hbv_lite_64_prospective_seq62.slurm
#	inbox/gpucheck_ngu009.slurm
#	inbox/gpucheck_ngu101.slurm
#	payload/id29-nearing2022-da/closure_v12.tar.gz
#	payload/id29-nearing2022-da/closure_v13.tar.gz
#	payload/id29-nearing2022-da/gate_preflight_v1.tar.gz
#	runner.log
#	runner2.log
nothing added to commit but untracked files present (use "git add" to track)
[ERROR] push failed: a02/18 (result kept in staging, will retry push only)
[Mon Sep  7 05:39:45 CST 2026] --- retry push only: channel=a02 seq=18 ---
# On branch hpc-mailbox
# Your branch is ahead of 'origin/hpc-mailbox' by 1 commit.
#   (use "git push" to publish your local commits)
#
# Untracked files:
#   (use "git add <file>..." to include in what will be committed)
#
#	inbox/autoresearch-64/hbv_lite_64_prospective_seq62.slurm
#	inbox/gpucheck_ngu009.slurm
#	inbox/gpucheck_ngu101.slurm
#	payload/id29-nearing2022-da/closure_v12.tar.gz
#	payload/id29-nearing2022-da/closure_v13.tar.gz
#	payload/id29-nearing2022-da/gate_preflight_v1.tar.gz
#	runner.log
#	runner2.log
nothing added to commit but untracked files present (use "git add" to track)
[ERROR] push failed: a02/18 (result kept in staging, will retry push only)
[Mon Sep  7 05:43:12 CST 2026] --- retry push only: channel=a02 seq=18 ---
# On branch hpc-mailbox
# Your branch is ahead of 'origin/hpc-mailbox' by 1 commit.
#   (use "git push" to publish your local commits)
#
# Untracked files:
#   (use "git add <file>..." to include in what will be committed)
#
#	inbox/autoresearch-64/hbv_lite_64_prospective_seq62.slurm
#	inbox/gpucheck_ngu009.slurm
#	inbox/gpucheck_ngu101.slurm
#	payload/id29-nearing2022-da/closure_v12.tar.gz
#	payload/id29-nearing2022-da/closure_v13.tar.gz
#	payload/id29-nearing2022-da/gate_preflight_v1.tar.gz
#	runner.log
#	runner2.log
nothing added to commit but untracked files present (use "git add" to track)
[ERROR] push failed: a02/18 (result kept in staging, will retry push only)
[Mon Sep  7 05:46:27 CST 2026] --- retry push only: channel=a02 seq=18 ---
# On branch hpc-mailbox
# Your branch is ahead of 'origin/hpc-mailbox' by 1 commit.
#   (use "git push" to publish your local commits)
#
# Untracked files:
#   (use "git add <file>..." to include in what will be committed)
#
#	inbox/autoresearch-64/hbv_lite_64_prospective_seq62.slurm
#	inbox/gpucheck_ngu009.slurm
#	inbox/gpucheck_ngu101.slurm
#	payload/id29-nearing2022-da/closure_v12.tar.gz
#	payload/id29-nearing2022-da/closure_v13.tar.gz
#	payload/id29-nearing2022-da/gate_preflight_v1.tar.gz
#	runner.log
#	runner2.log
nothing added to commit but untracked files present (use "git add" to track)
[ERROR] push failed: a02/18 (result kept in staging, will retry push only)
[Mon Sep  7 05:49:42 CST 2026] --- retry push only: channel=a02 seq=18 ---
# On branch hpc-mailbox
# Your branch is ahead of 'origin/hpc-mailbox' by 1 commit.
#   (use "git push" to publish your local commits)
#
# Untracked files:
#   (use "git add <file>..." to include in what will be committed)
#
#	inbox/autoresearch-64/hbv_lite_64_prospective_seq62.slurm
#	inbox/gpucheck_ngu009.slurm
#	inbox/gpucheck_ngu101.slurm
#	payload/id29-nearing2022-da/closure_v12.tar.gz
#	payload/id29-nearing2022-da/closure_v13.tar.gz
#	payload/id29-nearing2022-da/gate_preflight_v1.tar.gz
#	runner.log
#	runner2.log
nothing added to commit but untracked files present (use "git add" to track)
[ERROR] push failed: a02/18 (result kept in staging, will retry push only)
[Mon Sep  7 05:53:06 CST 2026] --- retry push only: channel=a02 seq=18 ---
# On branch hpc-mailbox
# Your branch is ahead of 'origin/hpc-mailbox' by 1 commit.
#   (use "git push" to publish your local commits)
#
# Untracked files:
#   (use "git add <file>..." to include in what will be committed)
#
#	inbox/autoresearch-64/hbv_lite_64_prospective_seq62.slurm
#	inbox/gpucheck_ngu009.slurm
#	inbox/gpucheck_ngu101.slurm
#	payload/id29-nearing2022-da/closure_v12.tar.gz
#	payload/id29-nearing2022-da/closure_v13.tar.gz
#	payload/id29-nearing2022-da/gate_preflight_v1.tar.gz
#	runner.log
#	runner2.log
nothing added to commit but untracked files present (use "git add" to track)
[ERROR] push failed: a02/18 (result kept in staging, will retry push only)
[Mon Sep  7 05:56:32 CST 2026] --- retry push only: channel=a02 seq=18 ---
# On branch hpc-mailbox
# Your branch is ahead of 'origin/hpc-mailbox' by 1 commit.
#   (use "git push" to publish your local commits)
#
# Untracked files:
#   (use "git add <file>..." to include in what will be committed)
#
#	inbox/autoresearch-64/hbv_lite_64_prospective_seq62.slurm
#	inbox/gpucheck_ngu009.slurm
#	inbox/gpucheck_ngu101.slurm
#	payload/id29-nearing2022-da/closure_v12.tar.gz
#	payload/id29-nearing2022-da/closure_v13.tar.gz
#	payload/id29-nearing2022-da/gate_preflight_v1.tar.gz
#	runner.log
#	runner2.log
nothing added to commit but untracked files present (use "git add" to track)
[ERROR] push failed: a02/18 (result kept in staging, will retry push only)
[Mon Sep  7 05:59:13 CST 2026] --- retry push only: channel=a02 seq=18 ---
# On branch hpc-mailbox
# Your branch is ahead of 'origin/hpc-mailbox' by 1 commit.
#   (use "git push" to publish your local commits)
#
# Untracked files:
#   (use "git add <file>..." to include in what will be committed)
#
#	inbox/autoresearch-64/hbv_lite_64_prospective_seq62.slurm
#	inbox/gpucheck_ngu009.slurm
#	inbox/gpucheck_ngu101.slurm
#	payload/id29-nearing2022-da/closure_v12.tar.gz
#	payload/id29-nearing2022-da/closure_v13.tar.gz
#	payload/id29-nearing2022-da/gate_preflight_v1.tar.gz
#	runner.log
#	runner2.log
#
# It took 2.07 seconds to enumerate untracked files. 'status -uno'
# may speed it up, but you have to be careful not to forget to add
# new files yourself (see 'git help status').
nothing added to commit but untracked files present (use "git add" to track)
[ERROR] push failed: a02/18 (result kept in staging, will retry push only)
[Mon Sep  7 06:02:36 CST 2026] --- retry push only: channel=a02 seq=18 ---
# On branch hpc-mailbox
# Your branch is ahead of 'origin/hpc-mailbox' by 1 commit.
#   (use "git push" to publish your local commits)
#
# Untracked files:
#   (use "git add <file>..." to include in what will be committed)
#
#	inbox/autoresearch-64/hbv_lite_64_prospective_seq62.slurm
#	inbox/gpucheck_ngu009.slurm
#	inbox/gpucheck_ngu101.slurm
#	payload/id29-nearing2022-da/closure_v12.tar.gz
#	payload/id29-nearing2022-da/closure_v13.tar.gz
#	payload/id29-nearing2022-da/gate_preflight_v1.tar.gz
#	runner.log
#	runner2.log
nothing added to commit but untracked files present (use "git add" to track)
[ERROR] push failed: a02/18 (result kept in staging, will retry push only)
[Mon Sep  7 06:05:25 CST 2026] --- retry push only: channel=a02 seq=18 ---
[Mon Sep  7 06:05:26 CST 2026] --- start channel=id29-nearing2022-da seq=525 ---
# On branch hpc-mailbox
# Your branch is ahead of 'origin/hpc-mailbox' by 1 commit.
#   (use "git push" to publish your local commits)
#
# Untracked files:
#   (use "git add <file>..." to include in what will be committed)
#
#	inbox/autoresearch-64/hbv_lite_64_prospective_seq62.slurm
#	inbox/gpucheck_ngu009.slurm
#	inbox/gpucheck_ngu101.slurm
#	payload/id29-nearing2022-da/closure_v12.tar.gz
#	payload/id29-nearing2022-da/closure_v13.tar.gz
#	payload/id29-nearing2022-da/gate_preflight_v1.tar.gz
#	runner.log
#	runner2.log
nothing added to commit but untracked files present (use "git add" to track)
[ERROR] push failed: a02/18 (result kept in staging, will retry push only)
[Mon Sep  7 06:08:42 CST 2026] --- retry push only: channel=a02 seq=18 ---
[Mon Sep  7 06:09:02 CST 2026] done channel=id29-nearing2022-da seq=525 rc=0
# On branch hpc-mailbox
# Your branch is ahead of 'origin/hpc-mailbox' by 1 commit.
#   (use "git push" to publish your local commits)
#
# Untracked files:
#   (use "git add <file>..." to include in what will be committed)
#
#	inbox/autoresearch-64/hbv_lite_64_prospective_seq62.slurm
#	inbox/gpucheck_ngu009.slurm
#	inbox/gpucheck_ngu101.slurm
#	payload/id29-nearing2022-da/closure_v12.tar.gz
#	payload/id29-nearing2022-da/closure_v13.tar.gz
#	payload/id29-nearing2022-da/gate_preflight_v1.tar.gz
#	runner.log
#	runner2.log
nothing added to commit but untracked files present (use "git add" to track)
[Mon Sep  7 06:11:29 CST 2026] --- start channel=id29-nearing2022-da seq=526 ---
[ERROR] push failed: a02/18 (result kept in staging, will retry push only)
[Mon Sep  7 06:13:04 CST 2026] done channel=id29-nearing2022-da seq=526 rc=0
[Mon Sep  7 06:13:27 CST 2026] --- retry push only: channel=a02 seq=18 ---
# On branch hpc-mailbox
# Your branch is ahead of 'origin/hpc-mailbox' by 1 commit.
#   (use "git push" to publish your local commits)
#
# Untracked files:
#   (use "git add <file>..." to include in what will be committed)
#
#	inbox/autoresearch-64/hbv_lite_64_prospective_seq62.slurm
#	inbox/gpucheck_ngu009.slurm
#	inbox/gpucheck_ngu101.slurm
#	payload/id29-nearing2022-da/closure_v12.tar.gz
#	payload/id29-nearing2022-da/closure_v13.tar.gz
#	payload/id29-nearing2022-da/gate_preflight_v1.tar.gz
#	runner.log
#	runner2.log
nothing added to commit but untracked files present (use "git add" to track)
[ERROR] push failed: a02/18 (result kept in staging, will retry push only)
[Mon Sep  7 06:16:45 CST 2026] --- retry push only: channel=a02 seq=18 ---
# On branch hpc-mailbox
# Your branch is ahead of 'origin/hpc-mailbox' by 1 commit.
#   (use "git push" to publish your local commits)
#
# Untracked files:
#   (use "git add <file>..." to include in what will be committed)
#
#	inbox/autoresearch-64/hbv_lite_64_prospective_seq62.slurm
#	inbox/gpucheck_ngu009.slurm
#	inbox/gpucheck_ngu101.slurm
#	payload/id29-nearing2022-da/closure_v12.tar.gz
#	payload/id29-nearing2022-da/closure_v13.tar.gz
#	payload/id29-nearing2022-da/gate_preflight_v1.tar.gz
#	runner.log
#	runner2.log
nothing added to commit but untracked files present (use "git add" to track)
[ERROR] push failed: a02/18 (result kept in staging, will retry push only)
[Mon Sep  7 06:19:29 CST 2026] --- retry push only: channel=a02 seq=18 ---
# On branch hpc-mailbox
# Your branch is ahead of 'origin/hpc-mailbox' by 1 commit.
#   (use "git push" to publish your local commits)
#
# Untracked files:
#   (use "git add <file>..." to include in what will be committed)
#
#	inbox/autoresearch-64/hbv_lite_64_prospective_seq62.slurm
#	inbox/gpucheck_ngu009.slurm
#	inbox/gpucheck_ngu101.slurm
#	payload/id29-nearing2022-da/closure_v12.tar.gz
#	payload/id29-nearing2022-da/closure_v13.tar.gz
#	payload/id29-nearing2022-da/gate_preflight_v1.tar.gz
#	runner.log
#	runner2.log
nothing added to commit but untracked files present (use "git add" to track)
[ERROR] push failed: a02/18 (result kept in staging, will retry push only)
[Mon Sep  7 06:22:15 CST 2026] --- retry push only: channel=a02 seq=18 ---
# On branch hpc-mailbox
# Your branch is ahead of 'origin/hpc-mailbox' by 1 commit.
#   (use "git push" to publish your local commits)
#
# Untracked files:
#   (use "git add <file>..." to include in what will be committed)
#
#	inbox/autoresearch-64/hbv_lite_64_prospective_seq62.slurm
#	inbox/gpucheck_ngu009.slurm
#	inbox/gpucheck_ngu101.slurm
#	payload/id29-nearing2022-da/closure_v12.tar.gz
#	payload/id29-nearing2022-da/closure_v13.tar.gz
#	payload/id29-nearing2022-da/gate_preflight_v1.tar.gz
#	runner.log
#	runner2.log
nothing added to commit but untracked files present (use "git add" to track)
[ERROR] push failed: a02/18 (result kept in staging, will retry push only)
[Mon Sep  7 06:24:55 CST 2026] --- retry push only: channel=a02 seq=18 ---
# On branch hpc-mailbox
# Your branch is ahead of 'origin/hpc-mailbox' by 1 commit.
#   (use "git push" to publish your local commits)
#
# Untracked files:
#   (use "git add <file>..." to include in what will be committed)
#
#	inbox/autoresearch-64/hbv_lite_64_prospective_seq62.slurm
#	inbox/gpucheck_ngu009.slurm
#	inbox/gpucheck_ngu101.slurm
#	payload/id29-nearing2022-da/closure_v12.tar.gz
#	payload/id29-nearing2022-da/closure_v13.tar.gz
#	payload/id29-nearing2022-da/gate_preflight_v1.tar.gz
#	runner.log
#	runner2.log
nothing added to commit but untracked files present (use "git add" to track)
[ERROR] push failed: a02/18 (result kept in staging, will retry push only)
[Mon Sep  7 06:27:40 CST 2026] --- retry push only: channel=a02 seq=18 ---
# On branch hpc-mailbox
# Your branch is ahead of 'origin/hpc-mailbox' by 1 commit.
#   (use "git push" to publish your local commits)
#
# Untracked files:
#   (use "git add <file>..." to include in what will be committed)
#
#	inbox/autoresearch-64/hbv_lite_64_prospective_seq62.slurm
#	inbox/gpucheck_ngu009.slurm
#	inbox/gpucheck_ngu101.slurm
#	payload/id29-nearing2022-da/closure_v12.tar.gz
#	payload/id29-nearing2022-da/closure_v13.tar.gz
#	payload/id29-nearing2022-da/gate_preflight_v1.tar.gz
#	runner.log
#	runner2.log
nothing added to commit but untracked files present (use "git add" to track)
[ERROR] push failed: a02/18 (result kept in staging, will retry push only)
[Mon Sep  7 06:30:25 CST 2026] --- retry push only: channel=a02 seq=18 ---
# On branch hpc-mailbox
# Your branch is ahead of 'origin/hpc-mailbox' by 1 commit.
#   (use "git push" to publish your local commits)
#
# Untracked files:
#   (use "git add <file>..." to include in what will be committed)
#
#	inbox/autoresearch-64/hbv_lite_64_prospective_seq62.slurm
#	inbox/gpucheck_ngu009.slurm
#	inbox/gpucheck_ngu101.slurm
#	payload/id29-nearing2022-da/closure_v12.tar.gz
#	payload/id29-nearing2022-da/closure_v13.tar.gz
#	payload/id29-nearing2022-da/gate_preflight_v1.tar.gz
#	runner.log
#	runner2.log
nothing added to commit but untracked files present (use "git add" to track)
[ERROR] push failed: a02/18 (result kept in staging, will retry push only)
[Mon Sep  7 06:33:45 CST 2026] --- retry push only: channel=a02 seq=18 ---
# On branch hpc-mailbox
# Your branch is ahead of 'origin/hpc-mailbox' by 1 commit.
#   (use "git push" to publish your local commits)
#
# Untracked files:
#   (use "git add <file>..." to include in what will be committed)
#
#	inbox/autoresearch-64/hbv_lite_64_prospective_seq62.slurm
#	inbox/gpucheck_ngu009.slurm
#	inbox/gpucheck_ngu101.slurm
#	payload/id29-nearing2022-da/closure_v12.tar.gz
#	payload/id29-nearing2022-da/closure_v13.tar.gz
#	payload/id29-nearing2022-da/gate_preflight_v1.tar.gz
#	runner.log
#	runner2.log
nothing added to commit but untracked files present (use "git add" to track)
[ERROR] push failed: a02/18 (result kept in staging, will retry push only)
[Mon Sep  7 06:37:06 CST 2026] --- retry push only: channel=a02 seq=18 ---
# On branch hpc-mailbox
# Your branch is ahead of 'origin/hpc-mailbox' by 1 commit.
#   (use "git push" to publish your local commits)
#
# Untracked files:
#   (use "git add <file>..." to include in what will be committed)
#
#	inbox/autoresearch-64/hbv_lite_64_prospective_seq62.slurm
#	inbox/gpucheck_ngu009.slurm
#	inbox/gpucheck_ngu101.slurm
#	payload/id29-nearing2022-da/closure_v12.tar.gz
#	payload/id29-nearing2022-da/closure_v13.tar.gz
#	payload/id29-nearing2022-da/gate_preflight_v1.tar.gz
#	runner.log
#	runner2.log
nothing added to commit but untracked files present (use "git add" to track)
[ERROR] push failed: a02/18 (result kept in staging, will retry push only)
[Mon Sep  7 06:39:49 CST 2026] --- retry push only: channel=a02 seq=18 ---
# On branch hpc-mailbox
# Your branch is ahead of 'origin/hpc-mailbox' by 1 commit.
#   (use "git push" to publish your local commits)
#
# Untracked files:
#   (use "git add <file>..." to include in what will be committed)
#
#	inbox/autoresearch-64/hbv_lite_64_prospective_seq62.slurm
#	inbox/gpucheck_ngu009.slurm
#	inbox/gpucheck_ngu101.slurm
#	payload/id29-nearing2022-da/closure_v12.tar.gz
#	payload/id29-nearing2022-da/closure_v13.tar.gz
#	payload/id29-nearing2022-da/gate_preflight_v1.tar.gz
#	runner.log
#	runner2.log
nothing added to commit but untracked files present (use "git add" to track)
[ERROR] push failed: a02/18 (result kept in staging, will retry push only)
[Mon Sep  7 06:42:34 CST 2026] --- retry push only: channel=a02 seq=18 ---
# On branch hpc-mailbox
# Your branch is ahead of 'origin/hpc-mailbox' by 1 commit.
#   (use "git push" to publish your local commits)
#
# Untracked files:
#   (use "git add <file>..." to include in what will be committed)
#
#	inbox/autoresearch-64/hbv_lite_64_prospective_seq62.slurm
#	inbox/gpucheck_ngu009.slurm
#	inbox/gpucheck_ngu101.slurm
#	payload/id29-nearing2022-da/closure_v12.tar.gz
#	payload/id29-nearing2022-da/closure_v13.tar.gz
#	payload/id29-nearing2022-da/gate_preflight_v1.tar.gz
#	runner.log
#	runner2.log
nothing added to commit but untracked files present (use "git add" to track)
[ERROR] push failed: a02/18 (result kept in staging, will retry push only)
[Mon Sep  7 06:45:53 CST 2026] --- retry push only: channel=a02 seq=18 ---
# On branch hpc-mailbox
# Your branch is ahead of 'origin/hpc-mailbox' by 1 commit.
#   (use "git push" to publish your local commits)
#
# Untracked files:
#   (use "git add <file>..." to include in what will be committed)
#
#	inbox/autoresearch-64/hbv_lite_64_prospective_seq62.slurm
#	inbox/gpucheck_ngu009.slurm
#	inbox/gpucheck_ngu101.slurm
#	payload/id29-nearing2022-da/closure_v12.tar.gz
#	payload/id29-nearing2022-da/closure_v13.tar.gz
#	payload/id29-nearing2022-da/gate_preflight_v1.tar.gz
#	runner.log
#	runner2.log
nothing added to commit but untracked files present (use "git add" to track)
[ERROR] push failed: a02/18 (result kept in staging, will retry push only)
[Mon Sep  7 06:48:42 CST 2026] --- retry push only: channel=a02 seq=18 ---
# On branch hpc-mailbox
# Your branch is ahead of 'origin/hpc-mailbox' by 1 commit.
#   (use "git push" to publish your local commits)
#
# Untracked files:
#   (use "git add <file>..." to include in what will be committed)
#
#	inbox/autoresearch-64/hbv_lite_64_prospective_seq62.slurm
#	inbox/gpucheck_ngu009.slurm
#	inbox/gpucheck_ngu101.slurm
#	payload/id29-nearing2022-da/closure_v12.tar.gz
#	payload/id29-nearing2022-da/closure_v13.tar.gz
#	payload/id29-nearing2022-da/gate_preflight_v1.tar.gz
#	runner.log
#	runner2.log
nothing added to commit but untracked files present (use "git add" to track)
[ERROR] push failed: a02/18 (result kept in staging, will retry push only)
[Mon Sep  7 06:51:57 CST 2026] --- retry push only: channel=a02 seq=18 ---
# On branch hpc-mailbox
# Your branch is ahead of 'origin/hpc-mailbox' by 1 commit.
#   (use "git push" to publish your local commits)
#
# Untracked files:
#   (use "git add <file>..." to include in what will be committed)
#
#	inbox/autoresearch-64/hbv_lite_64_prospective_seq62.slurm
#	inbox/gpucheck_ngu009.slurm
#	inbox/gpucheck_ngu101.slurm
#	payload/id29-nearing2022-da/closure_v12.tar.gz
#	payload/id29-nearing2022-da/closure_v13.tar.gz
#	payload/id29-nearing2022-da/gate_preflight_v1.tar.gz
#	runner.log
#	runner2.log
nothing added to commit but untracked files present (use "git add" to track)
[ERROR] push failed: a02/18 (result kept in staging, will retry push only)
[Mon Sep  7 06:55:14 CST 2026] --- retry push only: channel=a02 seq=18 ---
# On branch hpc-mailbox
# Your branch is ahead of 'origin/hpc-mailbox' by 1 commit.
#   (use "git push" to publish your local commits)
#
# Untracked files:
#   (use "git add <file>..." to include in what will be committed)
#
#	inbox/autoresearch-64/hbv_lite_64_prospective_seq62.slurm
#	inbox/gpucheck_ngu009.slurm
#	inbox/gpucheck_ngu101.slurm
#	payload/id29-nearing2022-da/closure_v12.tar.gz
#	payload/id29-nearing2022-da/closure_v13.tar.gz
#	payload/id29-nearing2022-da/gate_preflight_v1.tar.gz
#	runner.log
#	runner2.log
nothing added to commit but untracked files present (use "git add" to track)
[ERROR] push failed: a02/18 (result kept in staging, will retry push only)
[Mon Sep  7 06:58:31 CST 2026] --- retry push only: channel=a02 seq=18 ---
# On branch hpc-mailbox
# Your branch is ahead of 'origin/hpc-mailbox' by 1 commit.
#   (use "git push" to publish your local commits)
#
# Untracked files:
#   (use "git add <file>..." to include in what will be committed)
#
#	inbox/autoresearch-64/hbv_lite_64_prospective_seq62.slurm
#	inbox/gpucheck_ngu009.slurm
#	inbox/gpucheck_ngu101.slurm
#	payload/id29-nearing2022-da/closure_v12.tar.gz
#	payload/id29-nearing2022-da/closure_v13.tar.gz
#	payload/id29-nearing2022-da/gate_preflight_v1.tar.gz
#	runner.log
#	runner2.log
nothing added to commit but untracked files present (use "git add" to track)
[ERROR] push failed: a02/18 (result kept in staging, will retry push only)
[Mon Sep  7 07:01:55 CST 2026] --- retry push only: channel=a02 seq=18 ---
# On branch hpc-mailbox
# Your branch is ahead of 'origin/hpc-mailbox' by 1 commit.
#   (use "git push" to publish your local commits)
#
# Untracked files:
#   (use "git add <file>..." to include in what will be committed)
#
#	inbox/autoresearch-64/hbv_lite_64_prospective_seq62.slurm
#	inbox/gpucheck_ngu009.slurm
#	inbox/gpucheck_ngu101.slurm
#	payload/id29-nearing2022-da/closure_v12.tar.gz
#	payload/id29-nearing2022-da/closure_v13.tar.gz
#	payload/id29-nearing2022-da/gate_preflight_v1.tar.gz
#	runner.log
#	runner2.log
nothing added to commit but untracked files present (use "git add" to track)
[ERROR] push failed: a02/18 (result kept in staging, will retry push only)
[Mon Sep  7 07:05:11 CST 2026] --- retry push only: channel=a02 seq=18 ---
# On branch hpc-mailbox
# Your branch is ahead of 'origin/hpc-mailbox' by 1 commit.
#   (use "git push" to publish your local commits)
#
# Untracked files:
#   (use "git add <file>..." to include in what will be committed)
#
#	inbox/autoresearch-64/hbv_lite_64_prospective_seq62.slurm
#	inbox/gpucheck_ngu009.slurm
#	inbox/gpucheck_ngu101.slurm
#	payload/id29-nearing2022-da/closure_v12.tar.gz
#	payload/id29-nearing2022-da/closure_v13.tar.gz
#	payload/id29-nearing2022-da/gate_preflight_v1.tar.gz
#	runner.log
#	runner2.log
nothing added to commit but untracked files present (use "git add" to track)
[ERROR] push failed: a02/18 (result kept in staging, will retry push only)
[Mon Sep  7 07:07:50 CST 2026] --- retry push only: channel=a02 seq=18 ---
# On branch hpc-mailbox
# Your branch is ahead of 'origin/hpc-mailbox' by 1 commit.
#   (use "git push" to publish your local commits)
#
# Untracked files:
#   (use "git add <file>..." to include in what will be committed)
#
#	inbox/autoresearch-64/hbv_lite_64_prospective_seq62.slurm
#	inbox/gpucheck_ngu009.slurm
#	inbox/gpucheck_ngu101.slurm
#	payload/id29-nearing2022-da/closure_v12.tar.gz
#	payload/id29-nearing2022-da/closure_v13.tar.gz
#	payload/id29-nearing2022-da/gate_preflight_v1.tar.gz
#	runner.log
#	runner2.log
nothing added to commit but untracked files present (use "git add" to track)
[ERROR] push failed: a02/18 (result kept in staging, will retry push only)
[Mon Sep  7 07:10:33 CST 2026] --- retry push only: channel=a02 seq=18 ---
# On branch hpc-mailbox
# Your branch is ahead of 'origin/hpc-mailbox' by 1 commit.
#   (use "git push" to publish your local commits)
#
# Untracked files:
#   (use "git add <file>..." to include in what will be committed)
#
#	inbox/autoresearch-64/hbv_lite_64_prospective_seq62.slurm
#	inbox/gpucheck_ngu009.slurm
#	inbox/gpucheck_ngu101.slurm
#	payload/id29-nearing2022-da/closure_v12.tar.gz
#	payload/id29-nearing2022-da/closure_v13.tar.gz
#	payload/id29-nearing2022-da/gate_preflight_v1.tar.gz
#	runner.log
#	runner2.log
nothing added to commit but untracked files present (use "git add" to track)
[ERROR] push failed: a02/18 (result kept in staging, will retry push only)
[Mon Sep  7 07:13:49 CST 2026] --- retry push only: channel=a02 seq=18 ---
# On branch hpc-mailbox
# Your branch is ahead of 'origin/hpc-mailbox' by 1 commit.
#   (use "git push" to publish your local commits)
#
# Untracked files:
#   (use "git add <file>..." to include in what will be committed)
#
#	inbox/autoresearch-64/hbv_lite_64_prospective_seq62.slurm
#	inbox/gpucheck_ngu009.slurm
#	inbox/gpucheck_ngu101.slurm
#	payload/id29-nearing2022-da/closure_v12.tar.gz
#	payload/id29-nearing2022-da/closure_v13.tar.gz
#	payload/id29-nearing2022-da/gate_preflight_v1.tar.gz
#	runner.log
#	runner2.log
nothing added to commit but untracked files present (use "git add" to track)
[ERROR] push failed: a02/18 (result kept in staging, will retry push only)
[Mon Sep  7 07:17:06 CST 2026] --- retry push only: channel=a02 seq=18 ---
# On branch hpc-mailbox
# Your branch is ahead of 'origin/hpc-mailbox' by 1 commit.
#   (use "git push" to publish your local commits)
#
# Untracked files:
#   (use "git add <file>..." to include in what will be committed)
#
#	inbox/autoresearch-64/hbv_lite_64_prospective_seq62.slurm
#	inbox/gpucheck_ngu009.slurm
#	inbox/gpucheck_ngu101.slurm
#	payload/id29-nearing2022-da/closure_v12.tar.gz
#	payload/id29-nearing2022-da/closure_v13.tar.gz
#	payload/id29-nearing2022-da/gate_preflight_v1.tar.gz
#	runner.log
#	runner2.log
nothing added to commit but untracked files present (use "git add" to track)
[ERROR] push failed: a02/18 (result kept in staging, will retry push only)
[Mon Sep  7 07:19:53 CST 2026] --- retry push only: channel=a02 seq=18 ---
# On branch hpc-mailbox
# Your branch is ahead of 'origin/hpc-mailbox' by 1 commit.
#   (use "git push" to publish your local commits)
#
# Untracked files:
#   (use "git add <file>..." to include in what will be committed)
#
#	inbox/autoresearch-64/hbv_lite_64_prospective_seq62.slurm
#	inbox/gpucheck_ngu009.slurm
#	inbox/gpucheck_ngu101.slurm
#	payload/id29-nearing2022-da/closure_v12.tar.gz
#	payload/id29-nearing2022-da/closure_v13.tar.gz
#	payload/id29-nearing2022-da/gate_preflight_v1.tar.gz
#	runner.log
#	runner2.log
nothing added to commit but untracked files present (use "git add" to track)
[ERROR] push failed: a02/18 (result kept in staging, will retry push only)
[Mon Sep  7 07:23:15 CST 2026] --- retry push only: channel=a02 seq=18 ---
# On branch hpc-mailbox
# Your branch is ahead of 'origin/hpc-mailbox' by 1 commit.
#   (use "git push" to publish your local commits)
#
# Untracked files:
#   (use "git add <file>..." to include in what will be committed)
#
#	inbox/autoresearch-64/hbv_lite_64_prospective_seq62.slurm
#	inbox/gpucheck_ngu009.slurm
#	inbox/gpucheck_ngu101.slurm
#	payload/id29-nearing2022-da/closure_v12.tar.gz
#	payload/id29-nearing2022-da/closure_v13.tar.gz
#	payload/id29-nearing2022-da/gate_preflight_v1.tar.gz
#	runner.log
#	runner2.log
nothing added to commit but untracked files present (use "git add" to track)
[ERROR] push failed: a02/18 (result kept in staging, will retry push only)
[Mon Sep  7 07:26:01 CST 2026] --- retry push only: channel=a02 seq=18 ---
# On branch hpc-mailbox
# Your branch is ahead of 'origin/hpc-mailbox' by 1 commit.
#   (use "git push" to publish your local commits)
#
# Untracked files:
#   (use "git add <file>..." to include in what will be committed)
#
#	inbox/autoresearch-64/hbv_lite_64_prospective_seq62.slurm
#	inbox/gpucheck_ngu009.slurm
#	inbox/gpucheck_ngu101.slurm
#	payload/id29-nearing2022-da/closure_v12.tar.gz
#	payload/id29-nearing2022-da/closure_v13.tar.gz
#	payload/id29-nearing2022-da/gate_preflight_v1.tar.gz
#	runner.log
#	runner2.log
nothing added to commit but untracked files present (use "git add" to track)
[ERROR] push failed: a02/18 (result kept in staging, will retry push only)
[Mon Sep  7 07:29:15 CST 2026] --- retry push only: channel=a02 seq=18 ---
# On branch hpc-mailbox
# Your branch is ahead of 'origin/hpc-mailbox' by 1 commit.
#   (use "git push" to publish your local commits)
#
# Untracked files:
#   (use "git add <file>..." to include in what will be committed)
#
#	inbox/autoresearch-64/hbv_lite_64_prospective_seq62.slurm
#	inbox/gpucheck_ngu009.slurm
#	inbox/gpucheck_ngu101.slurm
#	payload/id29-nearing2022-da/closure_v12.tar.gz
#	payload/id29-nearing2022-da/closure_v13.tar.gz
#	payload/id29-nearing2022-da/gate_preflight_v1.tar.gz
#	runner.log
#	runner2.log
nothing added to commit but untracked files present (use "git add" to track)
[ERROR] push failed: a02/18 (result kept in staging, will retry push only)
[Mon Sep  7 07:32:32 CST 2026] --- retry push only: channel=a02 seq=18 ---
# On branch hpc-mailbox
# Your branch is ahead of 'origin/hpc-mailbox' by 1 commit.
#   (use "git push" to publish your local commits)
#
# Untracked files:
#   (use "git add <file>..." to include in what will be committed)
#
#	inbox/autoresearch-64/hbv_lite_64_prospective_seq62.slurm
#	inbox/gpucheck_ngu009.slurm
#	inbox/gpucheck_ngu101.slurm
#	payload/id29-nearing2022-da/closure_v12.tar.gz
#	payload/id29-nearing2022-da/closure_v13.tar.gz
#	payload/id29-nearing2022-da/gate_preflight_v1.tar.gz
#	runner.log
#	runner2.log
nothing added to commit but untracked files present (use "git add" to track)
[ERROR] push failed: a02/18 (result kept in staging, will retry push only)
[Mon Sep  7 07:35:12 CST 2026] --- retry push only: channel=a02 seq=18 ---
# On branch hpc-mailbox
# Your branch is ahead of 'origin/hpc-mailbox' by 1 commit.
#   (use "git push" to publish your local commits)
#
# Untracked files:
#   (use "git add <file>..." to include in what will be committed)
#
#	inbox/autoresearch-64/hbv_lite_64_prospective_seq62.slurm
#	inbox/gpucheck_ngu009.slurm
#	inbox/gpucheck_ngu101.slurm
#	payload/id29-nearing2022-da/closure_v12.tar.gz
#	payload/id29-nearing2022-da/closure_v13.tar.gz
#	payload/id29-nearing2022-da/gate_preflight_v1.tar.gz
#	runner.log
#	runner2.log
nothing added to commit but untracked files present (use "git add" to track)
[ERROR] push failed: a02/18 (result kept in staging, will retry push only)
[Mon Sep  7 07:38:28 CST 2026] --- retry push only: channel=a02 seq=18 ---
# On branch hpc-mailbox
# Your branch is ahead of 'origin/hpc-mailbox' by 1 commit.
#   (use "git push" to publish your local commits)
#
# Untracked files:
#   (use "git add <file>..." to include in what will be committed)
#
#	inbox/autoresearch-64/hbv_lite_64_prospective_seq62.slurm
#	inbox/gpucheck_ngu009.slurm
#	inbox/gpucheck_ngu101.slurm
#	payload/id29-nearing2022-da/closure_v12.tar.gz
#	payload/id29-nearing2022-da/closure_v13.tar.gz
#	payload/id29-nearing2022-da/gate_preflight_v1.tar.gz
#	runner.log
#	runner2.log
nothing added to commit but untracked files present (use "git add" to track)
[ERROR] push failed: a02/18 (result kept in staging, will retry push only)
[Mon Sep  7 07:41:42 CST 2026] --- retry push only: channel=a02 seq=18 ---
# On branch hpc-mailbox
# Your branch is ahead of 'origin/hpc-mailbox' by 1 commit.
#   (use "git push" to publish your local commits)
#
# Untracked files:
#   (use "git add <file>..." to include in what will be committed)
#
#	inbox/autoresearch-64/hbv_lite_64_prospective_seq62.slurm
#	inbox/gpucheck_ngu009.slurm
#	inbox/gpucheck_ngu101.slurm
#	payload/id29-nearing2022-da/closure_v12.tar.gz
#	payload/id29-nearing2022-da/closure_v13.tar.gz
#	payload/id29-nearing2022-da/gate_preflight_v1.tar.gz
#	runner.log
#	runner2.log
nothing added to commit but untracked files present (use "git add" to track)
[ERROR] push failed: a02/18 (result kept in staging, will retry push only)
[Mon Sep  7 07:45:07 CST 2026] --- retry push only: channel=a02 seq=18 ---
# On branch hpc-mailbox
# Your branch is ahead of 'origin/hpc-mailbox' by 1 commit.
#   (use "git push" to publish your local commits)
#
# Untracked files:
#   (use "git add <file>..." to include in what will be committed)
#
#	inbox/autoresearch-64/hbv_lite_64_prospective_seq62.slurm
#	inbox/gpucheck_ngu009.slurm
#	inbox/gpucheck_ngu101.slurm
#	payload/id29-nearing2022-da/closure_v12.tar.gz
#	payload/id29-nearing2022-da/closure_v13.tar.gz
#	payload/id29-nearing2022-da/gate_preflight_v1.tar.gz
#	runner.log
#	runner2.log
nothing added to commit but untracked files present (use "git add" to track)
[ERROR] push failed: a02/18 (result kept in staging, will retry push only)
[Mon Sep  7 07:48:25 CST 2026] --- retry push only: channel=a02 seq=18 ---
# On branch hpc-mailbox
# Your branch is ahead of 'origin/hpc-mailbox' by 1 commit.
#   (use "git push" to publish your local commits)
#
# Untracked files:
#   (use "git add <file>..." to include in what will be committed)
#
#	inbox/autoresearch-64/hbv_lite_64_prospective_seq62.slurm
#	inbox/gpucheck_ngu009.slurm
#	inbox/gpucheck_ngu101.slurm
#	payload/id29-nearing2022-da/closure_v12.tar.gz
#	payload/id29-nearing2022-da/closure_v13.tar.gz
#	payload/id29-nearing2022-da/gate_preflight_v1.tar.gz
#	runner.log
#	runner2.log
nothing added to commit but untracked files present (use "git add" to track)
[ERROR] push failed: a02/18 (result kept in staging, will retry push only)
[Mon Sep  7 07:51:41 CST 2026] --- retry push only: channel=a02 seq=18 ---
# On branch hpc-mailbox
# Your branch is ahead of 'origin/hpc-mailbox' by 1 commit.
#   (use "git push" to publish your local commits)
#
# Untracked files:
#   (use "git add <file>..." to include in what will be committed)
#
#	inbox/autoresearch-64/hbv_lite_64_prospective_seq62.slurm
#	inbox/gpucheck_ngu009.slurm
#	inbox/gpucheck_ngu101.slurm
#	payload/id29-nearing2022-da/closure_v12.tar.gz
#	payload/id29-nearing2022-da/closure_v13.tar.gz
#	payload/id29-nearing2022-da/gate_preflight_v1.tar.gz
#	runner.log
#	runner2.log
nothing added to commit but untracked files present (use "git add" to track)
[ERROR] push failed: a02/18 (result kept in staging, will retry push only)
[Mon Sep  7 07:54:35 CST 2026] --- retry push only: channel=a02 seq=18 ---
# On branch hpc-mailbox
# Your branch is ahead of 'origin/hpc-mailbox' by 1 commit.
#   (use "git push" to publish your local commits)
#
# Untracked files:
#   (use "git add <file>..." to include in what will be committed)
#
#	inbox/autoresearch-64/hbv_lite_64_prospective_seq62.slurm
#	inbox/gpucheck_ngu009.slurm
#	inbox/gpucheck_ngu101.slurm
#	payload/id29-nearing2022-da/closure_v12.tar.gz
#	payload/id29-nearing2022-da/closure_v13.tar.gz
#	payload/id29-nearing2022-da/gate_preflight_v1.tar.gz
#	runner.log
#	runner2.log
nothing added to commit but untracked files present (use "git add" to track)
[ERROR] push failed: a02/18 (result kept in staging, will retry push only)
[Mon Sep  7 07:57:56 CST 2026] --- retry push only: channel=a02 seq=18 ---
# On branch hpc-mailbox
# Your branch is ahead of 'origin/hpc-mailbox' by 1 commit.
#   (use "git push" to publish your local commits)
#
# Untracked files:
#   (use "git add <file>..." to include in what will be committed)
#
#	inbox/autoresearch-64/hbv_lite_64_prospective_seq62.slurm
#	inbox/gpucheck_ngu009.slurm
#	inbox/gpucheck_ngu101.slurm
#	payload/id29-nearing2022-da/closure_v12.tar.gz
#	payload/id29-nearing2022-da/closure_v13.tar.gz
#	payload/id29-nearing2022-da/gate_preflight_v1.tar.gz
#	runner.log
#	runner2.log
nothing added to commit but untracked files present (use "git add" to track)
[ERROR] push failed: a02/18 (result kept in staging, will retry push only)
[Mon Sep  7 08:00:43 CST 2026] --- retry push only: channel=a02 seq=18 ---
# On branch hpc-mailbox
# Your branch is ahead of 'origin/hpc-mailbox' by 1 commit.
#   (use "git push" to publish your local commits)
#
# Untracked files:
#   (use "git add <file>..." to include in what will be committed)
#
#	inbox/autoresearch-64/hbv_lite_64_prospective_seq62.slurm
#	inbox/gpucheck_ngu009.slurm
#	inbox/gpucheck_ngu101.slurm
#	payload/id29-nearing2022-da/closure_v12.tar.gz
#	payload/id29-nearing2022-da/closure_v13.tar.gz
#	payload/id29-nearing2022-da/gate_preflight_v1.tar.gz
#	runner.log
#	runner2.log
nothing added to commit but untracked files present (use "git add" to track)
[ERROR] push failed: a02/18 (result kept in staging, will retry push only)
[Mon Sep  7 08:04:08 CST 2026] --- retry push only: channel=a02 seq=18 ---
# On branch hpc-mailbox
# Your branch is ahead of 'origin/hpc-mailbox' by 1 commit.
#   (use "git push" to publish your local commits)
#
# Untracked files:
#   (use "git add <file>..." to include in what will be committed)
#
#	inbox/autoresearch-64/hbv_lite_64_prospective_seq62.slurm
#	inbox/gpucheck_ngu009.slurm
#	inbox/gpucheck_ngu101.slurm
#	payload/id29-nearing2022-da/closure_v12.tar.gz
#	payload/id29-nearing2022-da/closure_v13.tar.gz
#	payload/id29-nearing2022-da/gate_preflight_v1.tar.gz
#	runner.log
#	runner2.log
nothing added to commit but untracked files present (use "git add" to track)
[ERROR] push failed: a02/18 (result kept in staging, will retry push only)
[Mon Sep  7 08:07:30 CST 2026] --- retry push only: channel=a02 seq=18 ---
# On branch hpc-mailbox
# Your branch is ahead of 'origin/hpc-mailbox' by 1 commit.
#   (use "git push" to publish your local commits)
#
# Untracked files:
#   (use "git add <file>..." to include in what will be committed)
#
#	inbox/autoresearch-64/hbv_lite_64_prospective_seq62.slurm
#	inbox/gpucheck_ngu009.slurm
#	inbox/gpucheck_ngu101.slurm
#	payload/id29-nearing2022-da/closure_v12.tar.gz
#	payload/id29-nearing2022-da/closure_v13.tar.gz
#	payload/id29-nearing2022-da/gate_preflight_v1.tar.gz
#	runner.log
#	runner2.log
nothing added to commit but untracked files present (use "git add" to track)
[ERROR] push failed: a02/18 (result kept in staging, will retry push only)
[Mon Sep  7 08:10:16 CST 2026] --- retry push only: channel=a02 seq=18 ---
# On branch hpc-mailbox
# Your branch is ahead of 'origin/hpc-mailbox' by 1 commit.
#   (use "git push" to publish your local commits)
#
# Untracked files:
#   (use "git add <file>..." to include in what will be committed)
#
#	inbox/autoresearch-64/hbv_lite_64_prospective_seq62.slurm
#	inbox/gpucheck_ngu009.slurm
#	inbox/gpucheck_ngu101.slurm
#	payload/id29-nearing2022-da/closure_v12.tar.gz
#	payload/id29-nearing2022-da/closure_v13.tar.gz
#	payload/id29-nearing2022-da/gate_preflight_v1.tar.gz
#	runner.log
#	runner2.log
nothing added to commit but untracked files present (use "git add" to track)
[ERROR] push failed: a02/18 (result kept in staging, will retry push only)
[Mon Sep  7 08:13:35 CST 2026] --- retry push only: channel=a02 seq=18 ---
# On branch hpc-mailbox
# Your branch is ahead of 'origin/hpc-mailbox' by 1 commit.
#   (use "git push" to publish your local commits)
#
# Untracked files:
#   (use "git add <file>..." to include in what will be committed)
#
#	inbox/autoresearch-64/hbv_lite_64_prospective_seq62.slurm
#	inbox/gpucheck_ngu009.slurm
#	inbox/gpucheck_ngu101.slurm
#	payload/id29-nearing2022-da/closure_v12.tar.gz
#	payload/id29-nearing2022-da/closure_v13.tar.gz
#	payload/id29-nearing2022-da/gate_preflight_v1.tar.gz
#	runner.log
#	runner2.log
nothing added to commit but untracked files present (use "git add" to track)
[ERROR] push failed: a02/18 (result kept in staging, will retry push only)
[Mon Sep  7 08:16:52 CST 2026] --- retry push only: channel=a02 seq=18 ---
# On branch hpc-mailbox
# Your branch is ahead of 'origin/hpc-mailbox' by 1 commit.
#   (use "git push" to publish your local commits)
#
# Untracked files:
#   (use "git add <file>..." to include in what will be committed)
#
#	inbox/autoresearch-64/hbv_lite_64_prospective_seq62.slurm
#	inbox/gpucheck_ngu009.slurm
#	inbox/gpucheck_ngu101.slurm
#	payload/id29-nearing2022-da/closure_v12.tar.gz
#	payload/id29-nearing2022-da/closure_v13.tar.gz
#	payload/id29-nearing2022-da/gate_preflight_v1.tar.gz
#	runner.log
#	runner2.log
nothing added to commit but untracked files present (use "git add" to track)
[ERROR] push failed: a02/18 (result kept in staging, will retry push only)
[Mon Sep  7 08:20:08 CST 2026] --- retry push only: channel=a02 seq=18 ---
# On branch hpc-mailbox
# Your branch is ahead of 'origin/hpc-mailbox' by 1 commit.
#   (use "git push" to publish your local commits)
#
# Untracked files:
#   (use "git add <file>..." to include in what will be committed)
#
#	inbox/autoresearch-64/hbv_lite_64_prospective_seq62.slurm
#	inbox/gpucheck_ngu009.slurm
#	inbox/gpucheck_ngu101.slurm
#	payload/id29-nearing2022-da/closure_v12.tar.gz
#	payload/id29-nearing2022-da/closure_v13.tar.gz
#	payload/id29-nearing2022-da/gate_preflight_v1.tar.gz
#	runner.log
#	runner2.log
nothing added to commit but untracked files present (use "git add" to track)
[ERROR] push failed: a02/18 (result kept in staging, will retry push only)
[Mon Sep  7 08:22:53 CST 2026] --- retry push only: channel=a02 seq=18 ---
# On branch hpc-mailbox
# Your branch is ahead of 'origin/hpc-mailbox' by 1 commit.
#   (use "git push" to publish your local commits)
#
# Untracked files:
#   (use "git add <file>..." to include in what will be committed)
#
#	inbox/autoresearch-64/hbv_lite_64_prospective_seq62.slurm
#	inbox/gpucheck_ngu009.slurm
#	inbox/gpucheck_ngu101.slurm
#	payload/id29-nearing2022-da/closure_v12.tar.gz
#	payload/id29-nearing2022-da/closure_v13.tar.gz
#	payload/id29-nearing2022-da/gate_preflight_v1.tar.gz
#	runner.log
#	runner2.log
nothing added to commit but untracked files present (use "git add" to track)
[ERROR] push failed: a02/18 (result kept in staging, will retry push only)
[Mon Sep  7 08:26:11 CST 2026] --- retry push only: channel=a02 seq=18 ---
# On branch hpc-mailbox
# Your branch is ahead of 'origin/hpc-mailbox' by 1 commit.
#   (use "git push" to publish your local commits)
#
# Untracked files:
#   (use "git add <file>..." to include in what will be committed)
#
#	inbox/autoresearch-64/hbv_lite_64_prospective_seq62.slurm
#	inbox/gpucheck_ngu009.slurm
#	inbox/gpucheck_ngu101.slurm
#	payload/id29-nearing2022-da/closure_v12.tar.gz
#	payload/id29-nearing2022-da/closure_v13.tar.gz
#	payload/id29-nearing2022-da/gate_preflight_v1.tar.gz
#	runner.log
#	runner2.log
nothing added to commit but untracked files present (use "git add" to track)
[ERROR] push failed: a02/18 (result kept in staging, will retry push only)
[Mon Sep  7 08:29:34 CST 2026] --- retry push only: channel=a02 seq=18 ---
# On branch hpc-mailbox
# Your branch is ahead of 'origin/hpc-mailbox' by 1 commit.
#   (use "git push" to publish your local commits)
#
# Untracked files:
#   (use "git add <file>..." to include in what will be committed)
#
#	inbox/autoresearch-64/hbv_lite_64_prospective_seq62.slurm
#	inbox/gpucheck_ngu009.slurm
#	inbox/gpucheck_ngu101.slurm
#	payload/id29-nearing2022-da/closure_v12.tar.gz
#	payload/id29-nearing2022-da/closure_v13.tar.gz
#	payload/id29-nearing2022-da/gate_preflight_v1.tar.gz
#	runner.log
#	runner2.log
nothing added to commit but untracked files present (use "git add" to track)
[ERROR] push failed: a02/18 (result kept in staging, will retry push only)
[Mon Sep  7 08:32:53 CST 2026] --- retry push only: channel=a02 seq=18 ---
# On branch hpc-mailbox
# Your branch is ahead of 'origin/hpc-mailbox' by 1 commit.
#   (use "git push" to publish your local commits)
#
# Untracked files:
#   (use "git add <file>..." to include in what will be committed)
#
#	inbox/autoresearch-64/hbv_lite_64_prospective_seq62.slurm
#	inbox/gpucheck_ngu009.slurm
#	inbox/gpucheck_ngu101.slurm
#	payload/id29-nearing2022-da/closure_v12.tar.gz
#	payload/id29-nearing2022-da/closure_v13.tar.gz
#	payload/id29-nearing2022-da/gate_preflight_v1.tar.gz
#	runner.log
#	runner2.log
nothing added to commit but untracked files present (use "git add" to track)
[ERROR] push failed: a02/18 (result kept in staging, will retry push only)
[Mon Sep  7 08:36:14 CST 2026] --- retry push only: channel=a02 seq=18 ---
# On branch hpc-mailbox
# Your branch is ahead of 'origin/hpc-mailbox' by 1 commit.
#   (use "git push" to publish your local commits)
#
# Untracked files:
#   (use "git add <file>..." to include in what will be committed)
#
#	inbox/autoresearch-64/hbv_lite_64_prospective_seq62.slurm
#	inbox/gpucheck_ngu009.slurm
#	inbox/gpucheck_ngu101.slurm
#	payload/id29-nearing2022-da/closure_v12.tar.gz
#	payload/id29-nearing2022-da/closure_v13.tar.gz
#	payload/id29-nearing2022-da/gate_preflight_v1.tar.gz
#	runner.log
#	runner2.log
nothing added to commit but untracked files present (use "git add" to track)
[ERROR] push failed: a02/18 (result kept in staging, will retry push only)
[Mon Sep  7 08:39:34 CST 2026] --- retry push only: channel=a02 seq=18 ---
# On branch hpc-mailbox
# Your branch is ahead of 'origin/hpc-mailbox' by 1 commit.
#   (use "git push" to publish your local commits)
#
# Untracked files:
#   (use "git add <file>..." to include in what will be committed)
#
#	inbox/autoresearch-64/hbv_lite_64_prospective_seq62.slurm
#	inbox/gpucheck_ngu009.slurm
#	inbox/gpucheck_ngu101.slurm
#	payload/id29-nearing2022-da/closure_v12.tar.gz
#	payload/id29-nearing2022-da/closure_v13.tar.gz
#	payload/id29-nearing2022-da/gate_preflight_v1.tar.gz
#	runner.log
#	runner2.log
nothing added to commit but untracked files present (use "git add" to track)
[ERROR] push failed: a02/18 (result kept in staging, will retry push only)
[Mon Sep  7 08:42:59 CST 2026] --- retry push only: channel=a02 seq=18 ---
# On branch hpc-mailbox
# Your branch is ahead of 'origin/hpc-mailbox' by 1 commit.
#   (use "git push" to publish your local commits)
#
# Untracked files:
#   (use "git add <file>..." to include in what will be committed)
#
#	inbox/autoresearch-64/hbv_lite_64_prospective_seq62.slurm
#	inbox/gpucheck_ngu009.slurm
#	inbox/gpucheck_ngu101.slurm
#	payload/id29-nearing2022-da/closure_v12.tar.gz
#	payload/id29-nearing2022-da/closure_v13.tar.gz
#	payload/id29-nearing2022-da/gate_preflight_v1.tar.gz
#	runner.log
#	runner2.log
nothing added to commit but untracked files present (use "git add" to track)
[ERROR] push failed: a02/18 (result kept in staging, will retry push only)
[Mon Sep  7 08:46:20 CST 2026] --- retry push only: channel=a02 seq=18 ---
# On branch hpc-mailbox
# Your branch is ahead of 'origin/hpc-mailbox' by 1 commit.
#   (use "git push" to publish your local commits)
#
# Untracked files:
#   (use "git add <file>..." to include in what will be committed)
#
#	inbox/autoresearch-64/hbv_lite_64_prospective_seq62.slurm
#	inbox/gpucheck_ngu009.slurm
#	inbox/gpucheck_ngu101.slurm
#	payload/id29-nearing2022-da/closure_v12.tar.gz
#	payload/id29-nearing2022-da/closure_v13.tar.gz
#	payload/id29-nearing2022-da/gate_preflight_v1.tar.gz
#	runner.log
#	runner2.log
nothing added to commit but untracked files present (use "git add" to track)
[ERROR] push failed: a02/18 (result kept in staging, will retry push only)
[Mon Sep  7 08:49:08 CST 2026] --- retry push only: channel=a02 seq=18 ---
# On branch hpc-mailbox
# Your branch is ahead of 'origin/hpc-mailbox' by 1 commit.
#   (use "git push" to publish your local commits)
#
# Untracked files:
#   (use "git add <file>..." to include in what will be committed)
#
#	inbox/autoresearch-64/hbv_lite_64_prospective_seq62.slurm
#	inbox/gpucheck_ngu009.slurm
#	inbox/gpucheck_ngu101.slurm
#	payload/id29-nearing2022-da/closure_v12.tar.gz
#	payload/id29-nearing2022-da/closure_v13.tar.gz
#	payload/id29-nearing2022-da/gate_preflight_v1.tar.gz
#	runner.log
#	runner2.log
nothing added to commit but untracked files present (use "git add" to track)
[ERROR] push failed: a02/18 (result kept in staging, will retry push only)
[Mon Sep  7 08:52:27 CST 2026] --- retry push only: channel=a02 seq=18 ---
# On branch hpc-mailbox
# Your branch is ahead of 'origin/hpc-mailbox' by 1 commit.
#   (use "git push" to publish your local commits)
#
# Untracked files:
#   (use "git add <file>..." to include in what will be committed)
#
#	inbox/autoresearch-64/hbv_lite_64_prospective_seq62.slurm
#	inbox/gpucheck_ngu009.slurm
#	inbox/gpucheck_ngu101.slurm
#	payload/id29-nearing2022-da/closure_v12.tar.gz
#	payload/id29-nearing2022-da/closure_v13.tar.gz
#	payload/id29-nearing2022-da/gate_preflight_v1.tar.gz
#	runner.log
#	runner2.log
nothing added to commit but untracked files present (use "git add" to track)
[ERROR] push failed: a02/18 (result kept in staging, will retry push only)
[Mon Sep  7 08:55:44 CST 2026] --- retry push only: channel=a02 seq=18 ---
# On branch hpc-mailbox
# Your branch is ahead of 'origin/hpc-mailbox' by 1 commit.
#   (use "git push" to publish your local commits)
#
# Untracked files:
#   (use "git add <file>..." to include in what will be committed)
#
#	inbox/autoresearch-64/hbv_lite_64_prospective_seq62.slurm
#	inbox/gpucheck_ngu009.slurm
#	inbox/gpucheck_ngu101.slurm
#	payload/id29-nearing2022-da/closure_v12.tar.gz
#	payload/id29-nearing2022-da/closure_v13.tar.gz
#	payload/id29-nearing2022-da/gate_preflight_v1.tar.gz
#	runner.log
#	runner2.log
nothing added to commit but untracked files present (use "git add" to track)
[ERROR] push failed: a02/18 (result kept in staging, will retry push only)
[Mon Sep  7 08:58:31 CST 2026] --- retry push only: channel=a02 seq=18 ---
# On branch hpc-mailbox
# Your branch is ahead of 'origin/hpc-mailbox' by 1 commit.
#   (use "git push" to publish your local commits)
#
# Untracked files:
#   (use "git add <file>..." to include in what will be committed)
#
#	inbox/autoresearch-64/hbv_lite_64_prospective_seq62.slurm
#	inbox/gpucheck_ngu009.slurm
#	inbox/gpucheck_ngu101.slurm
#	payload/id29-nearing2022-da/closure_v12.tar.gz
#	payload/id29-nearing2022-da/closure_v13.tar.gz
#	payload/id29-nearing2022-da/gate_preflight_v1.tar.gz
#	runner.log
#	runner2.log
nothing added to commit but untracked files present (use "git add" to track)
[ERROR] push failed: a02/18 (result kept in staging, will retry push only)
[Mon Sep  7 09:01:43 CST 2026] --- retry push only: channel=a02 seq=18 ---
# On branch hpc-mailbox
# Your branch is ahead of 'origin/hpc-mailbox' by 1 commit.
#   (use "git push" to publish your local commits)
#
# Untracked files:
#   (use "git add <file>..." to include in what will be committed)
#
#	inbox/autoresearch-64/hbv_lite_64_prospective_seq62.slurm
#	inbox/gpucheck_ngu009.slurm
#	inbox/gpucheck_ngu101.slurm
#	payload/id29-nearing2022-da/closure_v12.tar.gz
#	payload/id29-nearing2022-da/closure_v13.tar.gz
#	payload/id29-nearing2022-da/gate_preflight_v1.tar.gz
#	runner.log
#	runner2.log
nothing added to commit but untracked files present (use "git add" to track)
[ERROR] push failed: a02/18 (result kept in staging, will retry push only)
[Mon Sep  7 09:04:25 CST 2026] --- retry push only: channel=a02 seq=18 ---
[Mon Sep  7 09:05:03 CST 2026] --- start channel=id29-nearing2022-da seq=527 ---
# On branch hpc-mailbox
# Your branch is ahead of 'origin/hpc-mailbox' by 1 commit.
#   (use "git push" to publish your local commits)
#
# Untracked files:
#   (use "git add <file>..." to include in what will be committed)
#
#	inbox/autoresearch-64/hbv_lite_64_prospective_seq62.slurm
#	inbox/gpucheck_ngu009.slurm
#	inbox/gpucheck_ngu101.slurm
#	payload/id29-nearing2022-da/closure_v12.tar.gz
#	payload/id29-nearing2022-da/closure_v13.tar.gz
#	payload/id29-nearing2022-da/gate_preflight_v1.tar.gz
#	runner.log
#	runner2.log
nothing added to commit but untracked files present (use "git add" to track)
[ERROR] push failed: a02/18 (result kept in staging, will retry push only)
[Mon Sep  7 09:08:22 CST 2026] --- retry push only: channel=a02 seq=18 ---
[Mon Sep  7 09:08:30 CST 2026] done channel=id29-nearing2022-da seq=527 rc=0
# On branch hpc-mailbox
# Your branch is ahead of 'origin/hpc-mailbox' by 1 commit.
#   (use "git push" to publish your local commits)
#
# Untracked files:
#   (use "git add <file>..." to include in what will be committed)
#
#	inbox/autoresearch-64/hbv_lite_64_prospective_seq62.slurm
#	inbox/gpucheck_ngu009.slurm
#	inbox/gpucheck_ngu101.slurm
#	payload/id29-nearing2022-da/closure_v12.tar.gz
#	payload/id29-nearing2022-da/closure_v13.tar.gz
#	payload/id29-nearing2022-da/gate_preflight_v1.tar.gz
#	runner.log
#	runner2.log
nothing added to commit but untracked files present (use "git add" to track)
[ERROR] push failed: a02/18 (result kept in staging, will retry push only)
[Mon Sep  7 09:11:43 CST 2026] --- retry push only: channel=a02 seq=18 ---
# On branch hpc-mailbox
# Your branch is ahead of 'origin/hpc-mailbox' by 1 commit.
#   (use "git push" to publish your local commits)
#
# Untracked files:
#   (use "git add <file>..." to include in what will be committed)
#
#	inbox/autoresearch-64/hbv_lite_64_prospective_seq62.slurm
#	inbox/gpucheck_ngu009.slurm
#	inbox/gpucheck_ngu101.slurm
#	payload/id29-nearing2022-da/closure_v12.tar.gz
#	payload/id29-nearing2022-da/closure_v13.tar.gz
#	payload/id29-nearing2022-da/gate_preflight_v1.tar.gz
#	runner.log
#	runner2.log
nothing added to commit but untracked files present (use "git add" to track)
[ERROR] push failed: a02/18 (result kept in staging, will retry push only)
[Mon Sep  7 09:15:04 CST 2026] --- retry push only: channel=a02 seq=18 ---
# On branch hpc-mailbox
# Your branch is ahead of 'origin/hpc-mailbox' by 1 commit.
#   (use "git push" to publish your local commits)
#
# Untracked files:
#   (use "git add <file>..." to include in what will be committed)
#
#	inbox/autoresearch-64/hbv_lite_64_prospective_seq62.slurm
#	inbox/gpucheck_ngu009.slurm
#	inbox/gpucheck_ngu101.slurm
#	payload/id29-nearing2022-da/closure_v12.tar.gz
#	payload/id29-nearing2022-da/closure_v13.tar.gz
#	payload/id29-nearing2022-da/gate_preflight_v1.tar.gz
#	runner.log
#	runner2.log
#
# It took 2.05 seconds to enumerate untracked files. 'status -uno'
# may speed it up, but you have to be careful not to forget to add
# new files yourself (see 'git help status').
nothing added to commit but untracked files present (use "git add" to track)
[ERROR] push failed: a02/18 (result kept in staging, will retry push only)
[Mon Sep  7 09:18:21 CST 2026] --- retry push only: channel=a02 seq=18 ---
# On branch hpc-mailbox
# Your branch is ahead of 'origin/hpc-mailbox' by 1 commit.
#   (use "git push" to publish your local commits)
#
# Untracked files:
#   (use "git add <file>..." to include in what will be committed)
#
#	inbox/autoresearch-64/hbv_lite_64_prospective_seq62.slurm
#	inbox/gpucheck_ngu009.slurm
#	inbox/gpucheck_ngu101.slurm
#	payload/id29-nearing2022-da/closure_v12.tar.gz
#	payload/id29-nearing2022-da/closure_v13.tar.gz
#	payload/id29-nearing2022-da/gate_preflight_v1.tar.gz
#	runner.log
#	runner2.log
nothing added to commit but untracked files present (use "git add" to track)
[ERROR] push failed: a02/18 (result kept in staging, will retry push only)
[Mon Sep  7 09:21:37 CST 2026] --- retry push only: channel=a02 seq=18 ---
# On branch hpc-mailbox
# Your branch is ahead of 'origin/hpc-mailbox' by 1 commit.
#   (use "git push" to publish your local commits)
#
# Untracked files:
#   (use "git add <file>..." to include in what will be committed)
#
#	inbox/autoresearch-64/hbv_lite_64_prospective_seq62.slurm
#	inbox/gpucheck_ngu009.slurm
#	inbox/gpucheck_ngu101.slurm
#	payload/id29-nearing2022-da/closure_v12.tar.gz
#	payload/id29-nearing2022-da/closure_v13.tar.gz
#	payload/id29-nearing2022-da/gate_preflight_v1.tar.gz
#	runner.log
#	runner2.log
nothing added to commit but untracked files present (use "git add" to track)
[ERROR] push failed: a02/18 (result kept in staging, will retry push only)
[Mon Sep  7 09:24:55 CST 2026] --- retry push only: channel=a02 seq=18 ---
# On branch hpc-mailbox
# Your branch is ahead of 'origin/hpc-mailbox' by 1 commit.
#   (use "git push" to publish your local commits)
#
# Untracked files:
#   (use "git add <file>..." to include in what will be committed)
#
#	inbox/autoresearch-64/hbv_lite_64_prospective_seq62.slurm
#	inbox/gpucheck_ngu009.slurm
#	inbox/gpucheck_ngu101.slurm
#	payload/id29-nearing2022-da/closure_v12.tar.gz
#	payload/id29-nearing2022-da/closure_v13.tar.gz
#	payload/id29-nearing2022-da/gate_preflight_v1.tar.gz
#	runner.log
#	runner2.log
nothing added to commit but untracked files present (use "git add" to track)
[ERROR] push failed: a02/18 (result kept in staging, will retry push only)
[Mon Sep  7 09:28:20 CST 2026] --- retry push only: channel=a02 seq=18 ---
# On branch hpc-mailbox
# Your branch is ahead of 'origin/hpc-mailbox' by 1 commit.
#   (use "git push" to publish your local commits)
#
# Untracked files:
#   (use "git add <file>..." to include in what will be committed)
#
#	inbox/autoresearch-64/hbv_lite_64_prospective_seq62.slurm
#	inbox/gpucheck_ngu009.slurm
#	inbox/gpucheck_ngu101.slurm
#	payload/id29-nearing2022-da/closure_v12.tar.gz
#	payload/id29-nearing2022-da/closure_v13.tar.gz
#	payload/id29-nearing2022-da/gate_preflight_v1.tar.gz
#	runner.log
#	runner2.log
nothing added to commit but untracked files present (use "git add" to track)
[ERROR] push failed: a02/18 (result kept in staging, will retry push only)
[Mon Sep  7 09:32:25 CST 2026] --- retry push only: channel=a02 seq=18 ---
# On branch hpc-mailbox
# Your branch is ahead of 'origin/hpc-mailbox' by 1 commit.
#   (use "git push" to publish your local commits)
#
# Untracked files:
#   (use "git add <file>..." to include in what will be committed)
#
#	inbox/autoresearch-64/hbv_lite_64_prospective_seq62.slurm
#	inbox/gpucheck_ngu009.slurm
#	inbox/gpucheck_ngu101.slurm
#	payload/id29-nearing2022-da/closure_v12.tar.gz
#	payload/id29-nearing2022-da/closure_v13.tar.gz
#	payload/id29-nearing2022-da/gate_preflight_v1.tar.gz
#	runner.log
#	runner2.log
nothing added to commit but untracked files present (use "git add" to track)
[ERROR] push failed: a02/18 (result kept in staging, will retry push only)
[Mon Sep  7 09:35:45 CST 2026] --- retry push only: channel=a02 seq=18 ---
# On branch hpc-mailbox
# Your branch is ahead of 'origin/hpc-mailbox' by 1 commit.
#   (use "git push" to publish your local commits)
#
# Untracked files:
#   (use "git add <file>..." to include in what will be committed)
#
#	inbox/autoresearch-64/hbv_lite_64_prospective_seq62.slurm
#	inbox/gpucheck_ngu009.slurm
#	inbox/gpucheck_ngu101.slurm
#	payload/id29-nearing2022-da/closure_v12.tar.gz
#	payload/id29-nearing2022-da/closure_v13.tar.gz
#	payload/id29-nearing2022-da/gate_preflight_v1.tar.gz
#	runner.log
#	runner2.log
nothing added to commit but untracked files present (use "git add" to track)
[ERROR] push failed: a02/18 (result kept in staging, will retry push only)
[Mon Sep  7 09:38:31 CST 2026] --- retry push only: channel=a02 seq=18 ---
# On branch hpc-mailbox
# Your branch is ahead of 'origin/hpc-mailbox' by 1 commit.
#   (use "git push" to publish your local commits)
#
# Untracked files:
#   (use "git add <file>..." to include in what will be committed)
#
#	inbox/autoresearch-64/hbv_lite_64_prospective_seq62.slurm
#	inbox/gpucheck_ngu009.slurm
#	inbox/gpucheck_ngu101.slurm
#	payload/id29-nearing2022-da/closure_v12.tar.gz
#	payload/id29-nearing2022-da/closure_v13.tar.gz
#	payload/id29-nearing2022-da/gate_preflight_v1.tar.gz
#	runner.log
#	runner2.log
nothing added to commit but untracked files present (use "git add" to track)
[ERROR] push failed: a02/18 (result kept in staging, will retry push only)
[Mon Sep  7 09:41:50 CST 2026] --- retry push only: channel=a02 seq=18 ---
# On branch hpc-mailbox
# Your branch is ahead of 'origin/hpc-mailbox' by 1 commit.
#   (use "git push" to publish your local commits)
#
# Untracked files:
#   (use "git add <file>..." to include in what will be committed)
#
#	inbox/autoresearch-64/hbv_lite_64_prospective_seq62.slurm
#	inbox/gpucheck_ngu009.slurm
#	inbox/gpucheck_ngu101.slurm
#	payload/id29-nearing2022-da/closure_v12.tar.gz
#	payload/id29-nearing2022-da/closure_v13.tar.gz
#	payload/id29-nearing2022-da/gate_preflight_v1.tar.gz
#	runner.log
#	runner2.log
nothing added to commit but untracked files present (use "git add" to track)
[ERROR] push failed: a02/18 (result kept in staging, will retry push only)
[Mon Sep  7 09:45:05 CST 2026] --- retry push only: channel=a02 seq=18 ---
# On branch hpc-mailbox
# Your branch is ahead of 'origin/hpc-mailbox' by 1 commit.
#   (use "git push" to publish your local commits)
#
# Untracked files:
#   (use "git add <file>..." to include in what will be committed)
#
#	inbox/autoresearch-64/hbv_lite_64_prospective_seq62.slurm
#	inbox/gpucheck_ngu009.slurm
#	inbox/gpucheck_ngu101.slurm
#	payload/id29-nearing2022-da/closure_v12.tar.gz
#	payload/id29-nearing2022-da/closure_v13.tar.gz
#	payload/id29-nearing2022-da/gate_preflight_v1.tar.gz
#	runner.log
#	runner2.log
nothing added to commit but untracked files present (use "git add" to track)
[ERROR] push failed: a02/18 (result kept in staging, will retry push only)
[Mon Sep  7 09:47:41 CST 2026] --- retry push only: channel=a02 seq=18 ---
# On branch hpc-mailbox
# Your branch is ahead of 'origin/hpc-mailbox' by 1 commit.
#   (use "git push" to publish your local commits)
#
# Untracked files:
#   (use "git add <file>..." to include in what will be committed)
#
#	inbox/autoresearch-64/hbv_lite_64_prospective_seq62.slurm
#	inbox/gpucheck_ngu009.slurm
#	inbox/gpucheck_ngu101.slurm
#	payload/id29-nearing2022-da/closure_v12.tar.gz
#	payload/id29-nearing2022-da/closure_v13.tar.gz
#	payload/id29-nearing2022-da/gate_preflight_v1.tar.gz
#	runner.log
#	runner2.log
nothing added to commit but untracked files present (use "git add" to track)
[ERROR] push failed: a02/18 (result kept in staging, will retry push only)
[Mon Sep  7 09:50:20 CST 2026] --- retry push only: channel=a02 seq=18 ---
# On branch hpc-mailbox
# Your branch is ahead of 'origin/hpc-mailbox' by 1 commit.
#   (use "git push" to publish your local commits)
#
# Untracked files:
#   (use "git add <file>..." to include in what will be committed)
#
#	inbox/autoresearch-64/hbv_lite_64_prospective_seq62.slurm
#	inbox/gpucheck_ngu009.slurm
#	inbox/gpucheck_ngu101.slurm
#	payload/id29-nearing2022-da/closure_v12.tar.gz
#	payload/id29-nearing2022-da/closure_v13.tar.gz
#	payload/id29-nearing2022-da/gate_preflight_v1.tar.gz
#	runner.log
#	runner2.log
nothing added to commit but untracked files present (use "git add" to track)
[ERROR] push failed: a02/18 (result kept in staging, will retry push only)
[Mon Sep  7 09:53:37 CST 2026] --- retry push only: channel=a02 seq=18 ---
# On branch hpc-mailbox
# Your branch is ahead of 'origin/hpc-mailbox' by 1 commit.
#   (use "git push" to publish your local commits)
#
# Untracked files:
#   (use "git add <file>..." to include in what will be committed)
#
#	inbox/autoresearch-64/hbv_lite_64_prospective_seq62.slurm
#	inbox/gpucheck_ngu009.slurm
#	inbox/gpucheck_ngu101.slurm
#	payload/id29-nearing2022-da/closure_v12.tar.gz
#	payload/id29-nearing2022-da/closure_v13.tar.gz
#	payload/id29-nearing2022-da/gate_preflight_v1.tar.gz
#	runner.log
#	runner2.log
nothing added to commit but untracked files present (use "git add" to track)
[ERROR] push failed: a02/18 (result kept in staging, will retry push only)
[Mon Sep  7 09:57:03 CST 2026] --- retry push only: channel=a02 seq=18 ---
[Mon Sep  7 09:57:08 CST 2026] --- start channel=zhenjiang-six-source-four-target-ukf seq=79 ---
# On branch hpc-mailbox
# Your branch is ahead of 'origin/hpc-mailbox' by 1 commit.
#   (use "git push" to publish your local commits)
#
# Untracked files:
#   (use "git add <file>..." to include in what will be committed)
#
#	inbox/autoresearch-64/hbv_lite_64_prospective_seq62.slurm
#	inbox/gpucheck_ngu009.slurm
#	inbox/gpucheck_ngu101.slurm
#	payload/id29-nearing2022-da/closure_v12.tar.gz
#	payload/id29-nearing2022-da/closure_v13.tar.gz
#	payload/id29-nearing2022-da/gate_preflight_v1.tar.gz
#	runner.log
#	runner2.log
nothing added to commit but untracked files present (use "git add" to track)
[ERROR] push failed: a02/18 (result kept in staging, will retry push only)
[Mon Sep  7 09:59:43 CST 2026] --- retry push only: channel=a02 seq=18 ---
[Mon Sep  7 09:59:57 CST 2026] done channel=zhenjiang-six-source-four-target-ukf seq=79 rc=0
# On branch hpc-mailbox
# Your branch is ahead of 'origin/hpc-mailbox' by 1 commit.
#   (use "git push" to publish your local commits)
#
# Untracked files:
#   (use "git add <file>..." to include in what will be committed)
#
#	inbox/autoresearch-64/hbv_lite_64_prospective_seq62.slurm
#	inbox/gpucheck_ngu009.slurm
#	inbox/gpucheck_ngu101.slurm
#	payload/id29-nearing2022-da/closure_v12.tar.gz
#	payload/id29-nearing2022-da/closure_v13.tar.gz
#	payload/id29-nearing2022-da/gate_preflight_v1.tar.gz
#	runner.log
#	runner2.log
nothing added to commit but untracked files present (use "git add" to track)
[ERROR] push failed: a02/18 (result kept in staging, will retry push only)
[Mon Sep  7 10:02:57 CST 2026] --- retry push only: channel=a02 seq=18 ---
# On branch hpc-mailbox
# Your branch is ahead of 'origin/hpc-mailbox' by 1 commit.
#   (use "git push" to publish your local commits)
#
# Untracked files:
#   (use "git add <file>..." to include in what will be committed)
#
#	inbox/autoresearch-64/hbv_lite_64_prospective_seq62.slurm
#	inbox/gpucheck_ngu009.slurm
#	inbox/gpucheck_ngu101.slurm
#	payload/id29-nearing2022-da/closure_v12.tar.gz
#	payload/id29-nearing2022-da/closure_v13.tar.gz
#	payload/id29-nearing2022-da/gate_preflight_v1.tar.gz
#	runner.log
#	runner2.log
nothing added to commit but untracked files present (use "git add" to track)
[ERROR] push failed: a02/18 (result kept in staging, will retry push only)
[Mon Sep  7 10:05:38 CST 2026] --- retry push only: channel=a02 seq=18 ---
# On branch hpc-mailbox
# Your branch is ahead of 'origin/hpc-mailbox' by 1 commit.
#   (use "git push" to publish your local commits)
#
# Untracked files:
#   (use "git add <file>..." to include in what will be committed)
#
#	inbox/autoresearch-64/hbv_lite_64_prospective_seq62.slurm
#	inbox/gpucheck_ngu009.slurm
#	inbox/gpucheck_ngu101.slurm
#	payload/id29-nearing2022-da/closure_v12.tar.gz
#	payload/id29-nearing2022-da/closure_v13.tar.gz
#	payload/id29-nearing2022-da/gate_preflight_v1.tar.gz
#	runner.log
#	runner2.log
nothing added to commit but untracked files present (use "git add" to track)
[ERROR] push failed: a02/18 (result kept in staging, will retry push only)
[Mon Sep  7 10:08:13 CST 2026] --- retry push only: channel=a02 seq=18 ---
# On branch hpc-mailbox
# Your branch is ahead of 'origin/hpc-mailbox' by 1 commit.
#   (use "git push" to publish your local commits)
#
# Untracked files:
#   (use "git add <file>..." to include in what will be committed)
#
#	inbox/autoresearch-64/hbv_lite_64_prospective_seq62.slurm
#	inbox/gpucheck_ngu009.slurm
#	inbox/gpucheck_ngu101.slurm
#	payload/id29-nearing2022-da/closure_v12.tar.gz
#	payload/id29-nearing2022-da/closure_v13.tar.gz
#	payload/id29-nearing2022-da/gate_preflight_v1.tar.gz
#	runner.log
#	runner2.log
nothing added to commit but untracked files present (use "git add" to track)
[ERROR] push failed: a02/18 (result kept in staging, will retry push only)
[Mon Sep  7 10:10:43 CST 2026] --- retry push only: channel=a02 seq=18 ---
# On branch hpc-mailbox
# Your branch is ahead of 'origin/hpc-mailbox' by 1 commit.
#   (use "git push" to publish your local commits)
#
# Untracked files:
#   (use "git add <file>..." to include in what will be committed)
#
#	inbox/autoresearch-64/hbv_lite_64_prospective_seq62.slurm
#	inbox/gpucheck_ngu009.slurm
#	inbox/gpucheck_ngu101.slurm
#	payload/id29-nearing2022-da/closure_v12.tar.gz
#	payload/id29-nearing2022-da/closure_v13.tar.gz
#	payload/id29-nearing2022-da/gate_preflight_v1.tar.gz
#	runner.log
#	runner2.log
nothing added to commit but untracked files present (use "git add" to track)
[ERROR] push failed: a02/18 (result kept in staging, will retry push only)
[Mon Sep  7 10:12:35 CST 2026] --- retry push only: channel=a02 seq=18 ---
# On branch hpc-mailbox
# Your branch is ahead of 'origin/hpc-mailbox' by 1 commit.
#   (use "git push" to publish your local commits)
#
# Untracked files:
#   (use "git add <file>..." to include in what will be committed)
#
#	inbox/autoresearch-64/hbv_lite_64_prospective_seq62.slurm
#	inbox/gpucheck_ngu009.slurm
#	inbox/gpucheck_ngu101.slurm
#	payload/id29-nearing2022-da/closure_v12.tar.gz
#	payload/id29-nearing2022-da/closure_v13.tar.gz
#	payload/id29-nearing2022-da/gate_preflight_v1.tar.gz
#	runner.log
#	runner2.log
nothing added to commit but untracked files present (use "git add" to track)
[ERROR] push failed: a02/18 (result kept in staging, will retry push only)
[Mon Sep  7 10:14:26 CST 2026] --- retry push only: channel=a02 seq=18 ---
# On branch hpc-mailbox
# Your branch is ahead of 'origin/hpc-mailbox' by 1 commit.
#   (use "git push" to publish your local commits)
#
# Untracked files:
#   (use "git add <file>..." to include in what will be committed)
#
#	inbox/autoresearch-64/hbv_lite_64_prospective_seq62.slurm
#	inbox/gpucheck_ngu009.slurm
#	inbox/gpucheck_ngu101.slurm
#	payload/id29-nearing2022-da/closure_v12.tar.gz
#	payload/id29-nearing2022-da/closure_v13.tar.gz
#	payload/id29-nearing2022-da/gate_preflight_v1.tar.gz
#	runner.log
#	runner2.log
nothing added to commit but untracked files present (use "git add" to track)
[ERROR] push failed: a02/18 (result kept in staging, will retry push only)
[Mon Sep  7 10:16:19 CST 2026] --- retry push only: channel=a02 seq=18 ---
# On branch hpc-mailbox
# Your branch is ahead of 'origin/hpc-mailbox' by 1 commit.
#   (use "git push" to publish your local commits)
#
# Untracked files:
#   (use "git add <file>..." to include in what will be committed)
#
#	inbox/autoresearch-64/hbv_lite_64_prospective_seq62.slurm
#	inbox/gpucheck_ngu009.slurm
#	inbox/gpucheck_ngu101.slurm
#	payload/id29-nearing2022-da/closure_v12.tar.gz
#	payload/id29-nearing2022-da/closure_v13.tar.gz
#	payload/id29-nearing2022-da/gate_preflight_v1.tar.gz
#	runner.log
#	runner2.log
nothing added to commit but untracked files present (use "git add" to track)
[ERROR] push failed: a02/18 (result kept in staging, will retry push only)
[Mon Sep  7 10:19:18 CST 2026] --- retry push only: channel=a02 seq=18 ---
# On branch hpc-mailbox
# Your branch is ahead of 'origin/hpc-mailbox' by 1 commit.
#   (use "git push" to publish your local commits)
#
# Untracked files:
#   (use "git add <file>..." to include in what will be committed)
#
#	inbox/autoresearch-64/hbv_lite_64_prospective_seq62.slurm
#	inbox/gpucheck_ngu009.slurm
#	inbox/gpucheck_ngu101.slurm
#	payload/id29-nearing2022-da/closure_v12.tar.gz
#	payload/id29-nearing2022-da/closure_v13.tar.gz
#	payload/id29-nearing2022-da/gate_preflight_v1.tar.gz
#	runner.log
#	runner2.log
nothing added to commit but untracked files present (use "git add" to track)
[ERROR] push failed: a02/18 (result kept in staging, will retry push only)
[Mon Sep  7 10:21:06 CST 2026] --- retry push only: channel=a02 seq=18 ---
# On branch hpc-mailbox
# Your branch is ahead of 'origin/hpc-mailbox' by 1 commit.
#   (use "git push" to publish your local commits)
#
# Untracked files:
#   (use "git add <file>..." to include in what will be committed)
#
#	inbox/autoresearch-64/hbv_lite_64_prospective_seq62.slurm
#	inbox/gpucheck_ngu009.slurm
#	inbox/gpucheck_ngu101.slurm
#	payload/id29-nearing2022-da/closure_v12.tar.gz
#	payload/id29-nearing2022-da/closure_v13.tar.gz
#	payload/id29-nearing2022-da/gate_preflight_v1.tar.gz
#	runner.log
#	runner2.log
nothing added to commit but untracked files present (use "git add" to track)
[ERROR] push failed: a02/18 (result kept in staging, will retry push only)
[Mon Sep  7 10:22:48 CST 2026] --- retry push only: channel=a02 seq=18 ---
# On branch hpc-mailbox
# Your branch is ahead of 'origin/hpc-mailbox' by 1 commit.
#   (use "git push" to publish your local commits)
#
# Untracked files:
#   (use "git add <file>..." to include in what will be committed)
#
#	inbox/autoresearch-64/hbv_lite_64_prospective_seq62.slurm
#	inbox/gpucheck_ngu009.slurm
#	inbox/gpucheck_ngu101.slurm
#	payload/id29-nearing2022-da/closure_v12.tar.gz
#	payload/id29-nearing2022-da/closure_v13.tar.gz
#	payload/id29-nearing2022-da/gate_preflight_v1.tar.gz
#	runner.log
#	runner2.log
nothing added to commit but untracked files present (use "git add" to track)
[ERROR] push failed: a02/18 (result kept in staging, will retry push only)
[Mon Sep  7 10:24:30 CST 2026] --- retry push only: channel=a02 seq=18 ---
[Mon Sep  7 10:25:04 CST 2026] --- start channel=zhenjiang-six-source-four-target-ukf seq=80 ---
# On branch hpc-mailbox
# Your branch is ahead of 'origin/hpc-mailbox' by 1 commit.
#   (use "git push" to publish your local commits)
#
# Untracked files:
#   (use "git add <file>..." to include in what will be committed)
#
#	inbox/autoresearch-64/hbv_lite_64_prospective_seq62.slurm
#	inbox/gpucheck_ngu009.slurm
#	inbox/gpucheck_ngu101.slurm
#	payload/id29-nearing2022-da/closure_v12.tar.gz
#	payload/id29-nearing2022-da/closure_v13.tar.gz
#	payload/id29-nearing2022-da/gate_preflight_v1.tar.gz
#	runner.log
#	runner2.log
nothing added to commit but untracked files present (use "git add" to track)
[ERROR] push failed: a02/18 (result kept in staging, will retry push only)
[Mon Sep  7 10:26:12 CST 2026] --- retry push only: channel=a02 seq=18 ---
[Mon Sep  7 10:26:13 CST 2026] done channel=zhenjiang-six-source-four-target-ukf seq=80 rc=0
# On branch hpc-mailbox
# Your branch is ahead of 'origin/hpc-mailbox' by 1 commit.
#   (use "git push" to publish your local commits)
#
# Untracked files:
#   (use "git add <file>..." to include in what will be committed)
#
#	inbox/autoresearch-64/hbv_lite_64_prospective_seq62.slurm
#	inbox/gpucheck_ngu009.slurm
#	inbox/gpucheck_ngu101.slurm
#	payload/id29-nearing2022-da/closure_v12.tar.gz
#	payload/id29-nearing2022-da/closure_v13.tar.gz
#	payload/id29-nearing2022-da/gate_preflight_v1.tar.gz
#	runner.log
#	runner2.log
nothing added to commit but untracked files present (use "git add" to track)
[ERROR] push failed: a02/18 (result kept in staging, will retry push only)
[Mon Sep  7 10:27:55 CST 2026] --- retry push only: channel=a02 seq=18 ---
# On branch hpc-mailbox
# Your branch is ahead of 'origin/hpc-mailbox' by 1 commit.
#   (use "git push" to publish your local commits)
#
# Untracked files:
#   (use "git add <file>..." to include in what will be committed)
#
#	inbox/autoresearch-64/hbv_lite_64_prospective_seq62.slurm
#	inbox/gpucheck_ngu009.slurm
#	inbox/gpucheck_ngu101.slurm
#	payload/id29-nearing2022-da/closure_v12.tar.gz
#	payload/id29-nearing2022-da/closure_v13.tar.gz
#	payload/id29-nearing2022-da/gate_preflight_v1.tar.gz
#	runner.log
#	runner2.log
nothing added to commit but untracked files present (use "git add" to track)
[ERROR] push failed: a02/18 (result kept in staging, will retry push only)
[Mon Sep  7 10:29:38 CST 2026] --- retry push only: channel=a02 seq=18 ---
# On branch hpc-mailbox
# Your branch is ahead of 'origin/hpc-mailbox' by 1 commit.
#   (use "git push" to publish your local commits)
#
# Untracked files:
#   (use "git add <file>..." to include in what will be committed)
#
#	inbox/autoresearch-64/hbv_lite_64_prospective_seq62.slurm
#	inbox/gpucheck_ngu009.slurm
#	inbox/gpucheck_ngu101.slurm
#	payload/id29-nearing2022-da/closure_v12.tar.gz
#	payload/id29-nearing2022-da/closure_v13.tar.gz
#	payload/id29-nearing2022-da/gate_preflight_v1.tar.gz
#	runner.log
#	runner2.log
nothing added to commit but untracked files present (use "git add" to track)
[ERROR] push failed: a02/18 (result kept in staging, will retry push only)
[Mon Sep  7 10:31:20 CST 2026] --- retry push only: channel=a02 seq=18 ---
# On branch hpc-mailbox
# Your branch is ahead of 'origin/hpc-mailbox' by 1 commit.
#   (use "git push" to publish your local commits)
#
# Untracked files:
#   (use "git add <file>..." to include in what will be committed)
#
#	inbox/autoresearch-64/hbv_lite_64_prospective_seq62.slurm
#	inbox/gpucheck_ngu009.slurm
#	inbox/gpucheck_ngu101.slurm
#	payload/id29-nearing2022-da/closure_v12.tar.gz
#	payload/id29-nearing2022-da/closure_v13.tar.gz
#	payload/id29-nearing2022-da/gate_preflight_v1.tar.gz
#	runner.log
#	runner2.log
nothing added to commit but untracked files present (use "git add" to track)
[ERROR] push failed: a02/18 (result kept in staging, will retry push only)
[Mon Sep  7 10:33:05 CST 2026] --- retry push only: channel=a02 seq=18 ---
# On branch hpc-mailbox
# Your branch is ahead of 'origin/hpc-mailbox' by 1 commit.
#   (use "git push" to publish your local commits)
#
# Untracked files:
#   (use "git add <file>..." to include in what will be committed)
#
#	inbox/autoresearch-64/hbv_lite_64_prospective_seq62.slurm
#	inbox/gpucheck_ngu009.slurm
#	inbox/gpucheck_ngu101.slurm
#	payload/id29-nearing2022-da/closure_v12.tar.gz
#	payload/id29-nearing2022-da/closure_v13.tar.gz
#	payload/id29-nearing2022-da/gate_preflight_v1.tar.gz
#	runner.log
#	runner2.log
nothing added to commit but untracked files present (use "git add" to track)
[Mon Sep  7 10:34:19 CST 2026] --- start channel=kalmannet-daily-perbasin seq=35 ---
[ERROR] push failed: a02/18 (result kept in staging, will retry push only)
[Mon Sep  7 10:39:39 CST 2026] done channel=kalmannet-daily-perbasin seq=35 rc=1
[Mon Sep  7 10:39:58 CST 2026] --- retry push only: channel=a02 seq=18 ---
# On branch hpc-mailbox
# Your branch is ahead of 'origin/hpc-mailbox' by 1 commit.
#   (use "git push" to publish your local commits)
#
# Untracked files:
#   (use "git add <file>..." to include in what will be committed)
#
#	inbox/autoresearch-64/hbv_lite_64_prospective_seq62.slurm
#	inbox/gpucheck_ngu009.slurm
#	inbox/gpucheck_ngu101.slurm
#	payload/id29-nearing2022-da/closure_v12.tar.gz
#	payload/id29-nearing2022-da/closure_v13.tar.gz
#	payload/id29-nearing2022-da/gate_preflight_v1.tar.gz
#	runner.log
#	runner2.log
nothing added to commit but untracked files present (use "git add" to track)
[ERROR] push failed: a02/18 (result kept in staging, will retry push only)
[Mon Sep  7 10:41:40 CST 2026] --- retry push only: channel=a02 seq=18 ---
# On branch hpc-mailbox
# Your branch is ahead of 'origin/hpc-mailbox' by 1 commit.
#   (use "git push" to publish your local commits)
#
# Untracked files:
#   (use "git add <file>..." to include in what will be committed)
#
#	inbox/autoresearch-64/hbv_lite_64_prospective_seq62.slurm
#	inbox/gpucheck_ngu009.slurm
#	inbox/gpucheck_ngu101.slurm
#	payload/id29-nearing2022-da/closure_v12.tar.gz
#	payload/id29-nearing2022-da/closure_v13.tar.gz
#	payload/id29-nearing2022-da/gate_preflight_v1.tar.gz
#	runner.log
#	runner2.log
nothing added to commit but untracked files present (use "git add" to track)
[Mon Sep  7 10:42:53 CST 2026] --- start channel=kalmannet-daily-perbasin seq=36 ---
[ERROR] push failed: a02/18 (result kept in staging, will retry push only)
[Mon Sep  7 10:43:27 CST 2026] --- retry push only: channel=a02 seq=18 ---
[Mon Sep  7 10:43:28 CST 2026] done channel=kalmannet-daily-perbasin seq=36 rc=0
# On branch hpc-mailbox
# Your branch is ahead of 'origin/hpc-mailbox' by 1 commit.
#   (use "git push" to publish your local commits)
#
# Untracked files:
#   (use "git add <file>..." to include in what will be committed)
#
#	inbox/autoresearch-64/hbv_lite_64_prospective_seq62.slurm
#	inbox/gpucheck_ngu009.slurm
#	inbox/gpucheck_ngu101.slurm
#	payload/id29-nearing2022-da/closure_v12.tar.gz
#	payload/id29-nearing2022-da/closure_v13.tar.gz
#	payload/id29-nearing2022-da/gate_preflight_v1.tar.gz
#	runner.log
#	runner2.log
nothing added to commit but untracked files present (use "git add" to track)
[ERROR] push failed: a02/18 (result kept in staging, will retry push only)
[Mon Sep  7 10:45:10 CST 2026] --- retry push only: channel=a02 seq=18 ---
# On branch hpc-mailbox
# Your branch is ahead of 'origin/hpc-mailbox' by 1 commit.
#   (use "git push" to publish your local commits)
#
# Untracked files:
#   (use "git add <file>..." to include in what will be committed)
#
#	inbox/autoresearch-64/hbv_lite_64_prospective_seq62.slurm
#	inbox/gpucheck_ngu009.slurm
#	inbox/gpucheck_ngu101.slurm
#	payload/id29-nearing2022-da/closure_v12.tar.gz
#	payload/id29-nearing2022-da/closure_v13.tar.gz
#	payload/id29-nearing2022-da/gate_preflight_v1.tar.gz
#	runner.log
#	runner2.log
nothing added to commit but untracked files present (use "git add" to track)
[ERROR] push failed: a02/18 (result kept in staging, will retry push only)
[Mon Sep  7 10:47:29 CST 2026] --- retry push only: channel=a02 seq=18 ---
# On branch hpc-mailbox
# Your branch is ahead of 'origin/hpc-mailbox' by 1 commit.
#   (use "git push" to publish your local commits)
#
# Untracked files:
#   (use "git add <file>..." to include in what will be committed)
#
#	inbox/autoresearch-64/hbv_lite_64_prospective_seq62.slurm
#	inbox/gpucheck_ngu009.slurm
#	inbox/gpucheck_ngu101.slurm
#	payload/id29-nearing2022-da/closure_v12.tar.gz
#	payload/id29-nearing2022-da/closure_v13.tar.gz
#	payload/id29-nearing2022-da/gate_preflight_v1.tar.gz
#	runner.log
#	runner2.log
nothing added to commit but untracked files present (use "git add" to track)
[ERROR] push failed: a02/18 (result kept in staging, will retry push only)
[Mon Sep  7 10:49:11 CST 2026] --- retry push only: channel=a02 seq=18 ---
# On branch hpc-mailbox
# Your branch is ahead of 'origin/hpc-mailbox' by 1 commit.
#   (use "git push" to publish your local commits)
#
# Untracked files:
#   (use "git add <file>..." to include in what will be committed)
#
#	inbox/autoresearch-64/hbv_lite_64_prospective_seq62.slurm
#	inbox/gpucheck_ngu009.slurm
#	inbox/gpucheck_ngu101.slurm
#	payload/id29-nearing2022-da/closure_v12.tar.gz
#	payload/id29-nearing2022-da/closure_v13.tar.gz
#	payload/id29-nearing2022-da/gate_preflight_v1.tar.gz
#	runner.log
#	runner2.log
nothing added to commit but untracked files present (use "git add" to track)
[ERROR] push failed: a02/18 (result kept in staging, will retry push only)
[Mon Sep  7 10:50:52 CST 2026] --- retry push only: channel=a02 seq=18 ---
# On branch hpc-mailbox
# Your branch is ahead of 'origin/hpc-mailbox' by 1 commit.
#   (use "git push" to publish your local commits)
#
# Untracked files:
#   (use "git add <file>..." to include in what will be committed)
#
#	inbox/autoresearch-64/hbv_lite_64_prospective_seq62.slurm
#	inbox/gpucheck_ngu009.slurm
#	inbox/gpucheck_ngu101.slurm
#	payload/id29-nearing2022-da/closure_v12.tar.gz
#	payload/id29-nearing2022-da/closure_v13.tar.gz
#	payload/id29-nearing2022-da/gate_preflight_v1.tar.gz
#	runner.log
#	runner2.log
nothing added to commit but untracked files present (use "git add" to track)
[ERROR] push failed: a02/18 (result kept in staging, will retry push only)
[Mon Sep  7 10:52:34 CST 2026] --- retry push only: channel=a02 seq=18 ---
# On branch hpc-mailbox
# Your branch is ahead of 'origin/hpc-mailbox' by 1 commit.
#   (use "git push" to publish your local commits)
#
# Untracked files:
#   (use "git add <file>..." to include in what will be committed)
#
#	inbox/autoresearch-64/hbv_lite_64_prospective_seq62.slurm
#	inbox/gpucheck_ngu009.slurm
#	inbox/gpucheck_ngu101.slurm
#	payload/id29-nearing2022-da/closure_v12.tar.gz
#	payload/id29-nearing2022-da/closure_v13.tar.gz
#	payload/id29-nearing2022-da/gate_preflight_v1.tar.gz
#	runner.log
#	runner2.log
nothing added to commit but untracked files present (use "git add" to track)
[ERROR] push failed: a02/18 (result kept in staging, will retry push only)
[Mon Sep  7 10:54:15 CST 2026] --- retry push only: channel=a02 seq=18 ---
# On branch hpc-mailbox
# Your branch and 'origin/hpc-mailbox' have diverged,
# and have 1 and 1 different commit each, respectively.
#   (use "git pull" to merge the remote branch into yours)
#
# Untracked files:
#   (use "git add <file>..." to include in what will be committed)
#
#	inbox/autoresearch-64/hbv_lite_64_prospective_seq62.slurm
#	inbox/gpucheck_ngu009.slurm
#	inbox/gpucheck_ngu101.slurm
#	payload/id29-nearing2022-da/closure_v12.tar.gz
#	payload/id29-nearing2022-da/closure_v13.tar.gz
#	payload/id29-nearing2022-da/gate_preflight_v1.tar.gz
#	runner.log
#	runner2.log
nothing added to commit but untracked files present (use "git add" to track)
[Mon Sep  7 10:55:24 CST 2026] --- start channel=kalmannet-daily-perbasin seq=37 ---
[ERROR] push failed: a02/18 (result kept in staging, will retry push only)
[Mon Sep  7 10:55:58 CST 2026] --- retry push only: channel=a02 seq=18 ---
[Mon Sep  7 10:56:02 CST 2026] done channel=kalmannet-daily-perbasin seq=37 rc=0
# On branch hpc-mailbox
# Your branch is ahead of 'origin/hpc-mailbox' by 1 commit.
#   (use "git push" to publish your local commits)
#
# Untracked files:
#   (use "git add <file>..." to include in what will be committed)
#
#	inbox/autoresearch-64/hbv_lite_64_prospective_seq62.slurm
#	inbox/gpucheck_ngu009.slurm
#	inbox/gpucheck_ngu101.slurm
#	payload/id29-nearing2022-da/closure_v12.tar.gz
#	payload/id29-nearing2022-da/closure_v13.tar.gz
#	payload/id29-nearing2022-da/gate_preflight_v1.tar.gz
#	runner.log
#	runner2.log
nothing added to commit but untracked files present (use "git add" to track)
[ERROR] push failed: a02/18 (result kept in staging, will retry push only)
[Mon Sep  7 10:57:40 CST 2026] --- retry push only: channel=a02 seq=18 ---
# On branch hpc-mailbox
# Your branch is ahead of 'origin/hpc-mailbox' by 1 commit.
#   (use "git push" to publish your local commits)
#
# Untracked files:
#   (use "git add <file>..." to include in what will be committed)
#
#	inbox/autoresearch-64/hbv_lite_64_prospective_seq62.slurm
#	inbox/gpucheck_ngu009.slurm
#	inbox/gpucheck_ngu101.slurm
#	payload/id29-nearing2022-da/closure_v12.tar.gz
#	payload/id29-nearing2022-da/closure_v13.tar.gz
#	payload/id29-nearing2022-da/gate_preflight_v1.tar.gz
#	runner.log
#	runner2.log
nothing added to commit but untracked files present (use "git add" to track)
[ERROR] push failed: a02/18 (result kept in staging, will retry push only)
[Mon Sep  7 10:59:21 CST 2026] --- retry push only: channel=a02 seq=18 ---
# On branch hpc-mailbox
# Your branch is ahead of 'origin/hpc-mailbox' by 1 commit.
#   (use "git push" to publish your local commits)
#
# Untracked files:
#   (use "git add <file>..." to include in what will be committed)
#
#	inbox/autoresearch-64/hbv_lite_64_prospective_seq62.slurm
#	inbox/gpucheck_ngu009.slurm
#	inbox/gpucheck_ngu101.slurm
#	payload/id29-nearing2022-da/closure_v12.tar.gz
#	payload/id29-nearing2022-da/closure_v13.tar.gz
#	payload/id29-nearing2022-da/gate_preflight_v1.tar.gz
#	runner.log
#	runner2.log
nothing added to commit but untracked files present (use "git add" to track)
[ERROR] push failed: a02/18 (result kept in staging, will retry push only)
[Mon Sep  7 11:01:03 CST 2026] --- retry push only: channel=a02 seq=18 ---
# On branch hpc-mailbox
# Your branch is ahead of 'origin/hpc-mailbox' by 1 commit.
#   (use "git push" to publish your local commits)
#
# Untracked files:
#   (use "git add <file>..." to include in what will be committed)
#
#	inbox/autoresearch-64/hbv_lite_64_prospective_seq62.slurm
#	inbox/gpucheck_ngu009.slurm
#	inbox/gpucheck_ngu101.slurm
#	payload/id29-nearing2022-da/closure_v12.tar.gz
#	payload/id29-nearing2022-da/closure_v13.tar.gz
#	payload/id29-nearing2022-da/gate_preflight_v1.tar.gz
#	runner.log
#	runner2.log
nothing added to commit but untracked files present (use "git add" to track)
[ERROR] push failed: a02/18 (result kept in staging, will retry push only)
[Mon Sep  7 11:02:45 CST 2026] --- retry push only: channel=a02 seq=18 ---
# On branch hpc-mailbox
# Your branch is ahead of 'origin/hpc-mailbox' by 1 commit.
#   (use "git push" to publish your local commits)
#
# Untracked files:
#   (use "git add <file>..." to include in what will be committed)
#
#	inbox/autoresearch-64/hbv_lite_64_prospective_seq62.slurm
#	inbox/gpucheck_ngu009.slurm
#	inbox/gpucheck_ngu101.slurm
#	payload/id29-nearing2022-da/closure_v12.tar.gz
#	payload/id29-nearing2022-da/closure_v13.tar.gz
#	payload/id29-nearing2022-da/gate_preflight_v1.tar.gz
#	runner.log
#	runner2.log
nothing added to commit but untracked files present (use "git add" to track)
[ERROR] push failed: a02/18 (result kept in staging, will retry push only)
[Mon Sep  7 11:04:31 CST 2026] --- retry push only: channel=a02 seq=18 ---
# On branch hpc-mailbox
# Your branch is ahead of 'origin/hpc-mailbox' by 1 commit.
#   (use "git push" to publish your local commits)
#
# Untracked files:
#   (use "git add <file>..." to include in what will be committed)
#
#	inbox/autoresearch-64/hbv_lite_64_prospective_seq62.slurm
#	inbox/gpucheck_ngu009.slurm
#	inbox/gpucheck_ngu101.slurm
#	payload/id29-nearing2022-da/closure_v12.tar.gz
#	payload/id29-nearing2022-da/closure_v13.tar.gz
#	payload/id29-nearing2022-da/gate_preflight_v1.tar.gz
#	runner.log
#	runner2.log
nothing added to commit but untracked files present (use "git add" to track)
[Mon Sep  7 11:05:45 CST 2026] --- start channel=kalmannet-daily-perbasin seq=38 ---
[ERROR] push failed: a02/18 (result kept in staging, will retry push only)
[Mon Sep  7 11:06:18 CST 2026] --- retry push only: channel=a02 seq=18 ---
[Mon Sep  7 11:06:20 CST 2026] done channel=kalmannet-daily-perbasin seq=38 rc=0
# On branch hpc-mailbox
# Your branch is ahead of 'origin/hpc-mailbox' by 1 commit.
#   (use "git push" to publish your local commits)
#
# Untracked files:
#   (use "git add <file>..." to include in what will be committed)
#
#	inbox/autoresearch-64/hbv_lite_64_prospective_seq62.slurm
#	inbox/gpucheck_ngu009.slurm
#	inbox/gpucheck_ngu101.slurm
#	payload/id29-nearing2022-da/closure_v12.tar.gz
#	payload/id29-nearing2022-da/closure_v13.tar.gz
#	payload/id29-nearing2022-da/gate_preflight_v1.tar.gz
#	runner.log
#	runner2.log
nothing added to commit but untracked files present (use "git add" to track)
[ERROR] push failed: a02/18 (result kept in staging, will retry push only)
[Mon Sep  7 11:08:00 CST 2026] --- retry push only: channel=a02 seq=18 ---
# On branch hpc-mailbox
# Your branch is ahead of 'origin/hpc-mailbox' by 1 commit.
#   (use "git push" to publish your local commits)
#
# Untracked files:
#   (use "git add <file>..." to include in what will be committed)
#
#	inbox/autoresearch-64/hbv_lite_64_prospective_seq62.slurm
#	inbox/gpucheck_ngu009.slurm
#	inbox/gpucheck_ngu101.slurm
#	payload/id29-nearing2022-da/closure_v12.tar.gz
#	payload/id29-nearing2022-da/closure_v13.tar.gz
#	payload/id29-nearing2022-da/gate_preflight_v1.tar.gz
#	runner.log
#	runner2.log
nothing added to commit but untracked files present (use "git add" to track)
[ERROR] push failed: a02/18 (result kept in staging, will retry push only)
[Mon Sep  7 11:09:42 CST 2026] --- retry push only: channel=a02 seq=18 ---
# On branch hpc-mailbox
# Your branch is ahead of 'origin/hpc-mailbox' by 1 commit.
#   (use "git push" to publish your local commits)
#
# Untracked files:
#   (use "git add <file>..." to include in what will be committed)
#
#	inbox/autoresearch-64/hbv_lite_64_prospective_seq62.slurm
#	inbox/gpucheck_ngu009.slurm
#	inbox/gpucheck_ngu101.slurm
#	payload/id29-nearing2022-da/closure_v12.tar.gz
#	payload/id29-nearing2022-da/closure_v13.tar.gz
#	payload/id29-nearing2022-da/gate_preflight_v1.tar.gz
#	runner.log
#	runner2.log
nothing added to commit but untracked files present (use "git add" to track)
[ERROR] push failed: a02/18 (result kept in staging, will retry push only)
[Mon Sep  7 11:11:23 CST 2026] --- retry push only: channel=a02 seq=18 ---
# On branch hpc-mailbox
# Your branch is ahead of 'origin/hpc-mailbox' by 1 commit.
#   (use "git push" to publish your local commits)
#
# Untracked files:
#   (use "git add <file>..." to include in what will be committed)
#
#	inbox/autoresearch-64/hbv_lite_64_prospective_seq62.slurm
#	inbox/gpucheck_ngu009.slurm
#	inbox/gpucheck_ngu101.slurm
#	payload/id29-nearing2022-da/closure_v12.tar.gz
#	payload/id29-nearing2022-da/closure_v13.tar.gz
#	payload/id29-nearing2022-da/gate_preflight_v1.tar.gz
#	runner.log
#	runner2.log
nothing added to commit but untracked files present (use "git add" to track)
[ERROR] push failed: a02/18 (result kept in staging, will retry push only)
[Mon Sep  7 11:13:05 CST 2026] --- retry push only: channel=a02 seq=18 ---
# On branch hpc-mailbox
# Your branch is ahead of 'origin/hpc-mailbox' by 1 commit.
#   (use "git push" to publish your local commits)
#
# Untracked files:
#   (use "git add <file>..." to include in what will be committed)
#
#	inbox/autoresearch-64/hbv_lite_64_prospective_seq62.slurm
#	inbox/gpucheck_ngu009.slurm
#	inbox/gpucheck_ngu101.slurm
#	payload/id29-nearing2022-da/closure_v12.tar.gz
#	payload/id29-nearing2022-da/closure_v13.tar.gz
#	payload/id29-nearing2022-da/gate_preflight_v1.tar.gz
#	runner.log
#	runner2.log
nothing added to commit but untracked files present (use "git add" to track)
[ERROR] push failed: a02/18 (result kept in staging, will retry push only)
[Mon Sep  7 11:14:48 CST 2026] --- retry push only: channel=a02 seq=18 ---
# On branch hpc-mailbox
# Your branch is ahead of 'origin/hpc-mailbox' by 1 commit.
#   (use "git push" to publish your local commits)
#
# Untracked files:
#   (use "git add <file>..." to include in what will be committed)
#
#	inbox/autoresearch-64/hbv_lite_64_prospective_seq62.slurm
#	inbox/gpucheck_ngu009.slurm
#	inbox/gpucheck_ngu101.slurm
#	payload/id29-nearing2022-da/closure_v12.tar.gz
#	payload/id29-nearing2022-da/closure_v13.tar.gz
#	payload/id29-nearing2022-da/gate_preflight_v1.tar.gz
#	runner.log
#	runner2.log
nothing added to commit but untracked files present (use "git add" to track)
[ERROR] push failed: a02/18 (result kept in staging, will retry push only)
[Mon Sep  7 11:16:30 CST 2026] --- retry push only: channel=a02 seq=18 ---
# On branch hpc-mailbox
# Your branch is ahead of 'origin/hpc-mailbox' by 1 commit.
#   (use "git push" to publish your local commits)
#
# Untracked files:
#   (use "git add <file>..." to include in what will be committed)
#
#	inbox/autoresearch-64/hbv_lite_64_prospective_seq62.slurm
#	inbox/gpucheck_ngu009.slurm
#	inbox/gpucheck_ngu101.slurm
#	payload/id29-nearing2022-da/closure_v12.tar.gz
#	payload/id29-nearing2022-da/closure_v13.tar.gz
#	payload/id29-nearing2022-da/gate_preflight_v1.tar.gz
#	runner.log
#	runner2.log
nothing added to commit but untracked files present (use "git add" to track)
[ERROR] push failed: a02/18 (result kept in staging, will retry push only)
[Mon Sep  7 11:21:37 CST 2026] --- retry push only: channel=a02 seq=18 ---
[Mon Sep  7 11:21:37 CST 2026] --- start channel=kalmannet-daily-perbasin seq=39 ---
# On branch hpc-mailbox
# Your branch is ahead of 'origin/hpc-mailbox' by 1 commit.
#   (use "git push" to publish your local commits)
#
# Untracked files:
#   (use "git add <file>..." to include in what will be committed)
#
#	inbox/autoresearch-64/hbv_lite_64_prospective_seq62.slurm
#	inbox/gpucheck_ngu009.slurm
#	inbox/gpucheck_ngu101.slurm
#	payload/id29-nearing2022-da/closure_v12.tar.gz
#	payload/id29-nearing2022-da/closure_v13.tar.gz
#	payload/id29-nearing2022-da/gate_preflight_v1.tar.gz
#	runner.log
#	runner2.log
nothing added to commit but untracked files present (use "git add" to track)
[ERROR] push failed: a02/18 (result kept in staging, will retry push only)
[Mon Sep  7 11:23:19 CST 2026] --- retry push only: channel=a02 seq=18 ---
[Mon Sep  7 11:23:19 CST 2026] done channel=kalmannet-daily-perbasin seq=39 rc=0
# On branch hpc-mailbox
# Your branch is ahead of 'origin/hpc-mailbox' by 1 commit.
#   (use "git push" to publish your local commits)
#
# Untracked files:
#   (use "git add <file>..." to include in what will be committed)
#
#	inbox/autoresearch-64/hbv_lite_64_prospective_seq62.slurm
#	inbox/gpucheck_ngu009.slurm
#	inbox/gpucheck_ngu101.slurm
#	payload/id29-nearing2022-da/closure_v12.tar.gz
#	payload/id29-nearing2022-da/closure_v13.tar.gz
#	payload/id29-nearing2022-da/gate_preflight_v1.tar.gz
#	runner.log
#	runner2.log
nothing added to commit but untracked files present (use "git add" to track)
[ERROR] push failed: a02/18 (result kept in staging, will retry push only)
[Mon Sep  7 11:25:01 CST 2026] --- retry push only: channel=a02 seq=18 ---
# On branch hpc-mailbox
# Your branch is ahead of 'origin/hpc-mailbox' by 1 commit.
#   (use "git push" to publish your local commits)
#
# Untracked files:
#   (use "git add <file>..." to include in what will be committed)
#
#	inbox/autoresearch-64/hbv_lite_64_prospective_seq62.slurm
#	inbox/gpucheck_ngu009.slurm
#	inbox/gpucheck_ngu101.slurm
#	payload/id29-nearing2022-da/closure_v12.tar.gz
#	payload/id29-nearing2022-da/closure_v13.tar.gz
#	payload/id29-nearing2022-da/gate_preflight_v1.tar.gz
#	runner.log
#	runner2.log
nothing added to commit but untracked files present (use "git add" to track)
[ERROR] push failed: a02/18 (result kept in staging, will retry push only)
[Mon Sep  7 11:26:44 CST 2026] --- retry push only: channel=a02 seq=18 ---
# On branch hpc-mailbox
# Your branch is ahead of 'origin/hpc-mailbox' by 1 commit.
#   (use "git push" to publish your local commits)
#
# Untracked files:
#   (use "git add <file>..." to include in what will be committed)
#
#	inbox/autoresearch-64/hbv_lite_64_prospective_seq62.slurm
#	inbox/gpucheck_ngu009.slurm
#	inbox/gpucheck_ngu101.slurm
#	payload/id29-nearing2022-da/closure_v12.tar.gz
#	payload/id29-nearing2022-da/closure_v13.tar.gz
#	payload/id29-nearing2022-da/gate_preflight_v1.tar.gz
#	runner.log
#	runner2.log
nothing added to commit but untracked files present (use "git add" to track)
[ERROR] push failed: a02/18 (result kept in staging, will retry push only)
[Mon Sep  7 11:30:12 CST 2026] --- retry push only: channel=a02 seq=18 ---
[Mon Sep  7 11:30:12 CST 2026] --- start channel=kalmannet-daily-perbasin seq=40 ---
# On branch hpc-mailbox
# Your branch is ahead of 'origin/hpc-mailbox' by 1 commit.
#   (use "git push" to publish your local commits)
#
# Untracked files:
#   (use "git add <file>..." to include in what will be committed)
#
#	inbox/autoresearch-64/hbv_lite_64_prospective_seq62.slurm
#	inbox/gpucheck_ngu009.slurm
#	inbox/gpucheck_ngu101.slurm
#	payload/id29-nearing2022-da/closure_v12.tar.gz
#	payload/id29-nearing2022-da/closure_v13.tar.gz
#	payload/id29-nearing2022-da/gate_preflight_v1.tar.gz
#	runner.log
#	runner2.log
nothing added to commit but untracked files present (use "git add" to track)
[ERROR] push failed: a02/18 (result kept in staging, will retry push only)
[Mon Sep  7 11:31:51 CST 2026] done channel=kalmannet-daily-perbasin seq=40 rc=0
[Mon Sep  7 11:31:54 CST 2026] --- retry push only: channel=a02 seq=18 ---
# On branch hpc-mailbox
# Your branch is ahead of 'origin/hpc-mailbox' by 1 commit.
#   (use "git push" to publish your local commits)
#
# Untracked files:
#   (use "git add <file>..." to include in what will be committed)
#
#	inbox/autoresearch-64/hbv_lite_64_prospective_seq62.slurm
#	inbox/gpucheck_ngu009.slurm
#	inbox/gpucheck_ngu101.slurm
#	payload/id29-nearing2022-da/closure_v12.tar.gz
#	payload/id29-nearing2022-da/closure_v13.tar.gz
#	payload/id29-nearing2022-da/gate_preflight_v1.tar.gz
#	runner.log
#	runner2.log
nothing added to commit but untracked files present (use "git add" to track)
[ERROR] push failed: a02/18 (result kept in staging, will retry push only)
[Mon Sep  7 11:33:36 CST 2026] --- retry push only: channel=a02 seq=18 ---
# On branch hpc-mailbox
# Your branch is ahead of 'origin/hpc-mailbox' by 1 commit.
#   (use "git push" to publish your local commits)
#
# Untracked files:
#   (use "git add <file>..." to include in what will be committed)
#
#	inbox/autoresearch-64/hbv_lite_64_prospective_seq62.slurm
#	inbox/gpucheck_ngu009.slurm
#	inbox/gpucheck_ngu101.slurm
#	payload/id29-nearing2022-da/closure_v12.tar.gz
#	payload/id29-nearing2022-da/closure_v13.tar.gz
#	payload/id29-nearing2022-da/gate_preflight_v1.tar.gz
#	runner.log
#	runner2.log
nothing added to commit but untracked files present (use "git add" to track)
[ERROR] push failed: a02/18 (result kept in staging, will retry push only)
[Mon Sep  7 11:35:19 CST 2026] --- retry push only: channel=a02 seq=18 ---
# On branch hpc-mailbox
# Your branch is ahead of 'origin/hpc-mailbox' by 1 commit.
#   (use "git push" to publish your local commits)
#
# Untracked files:
#   (use "git add <file>..." to include in what will be committed)
#
#	inbox/autoresearch-64/hbv_lite_64_prospective_seq62.slurm
#	inbox/gpucheck_ngu009.slurm
#	inbox/gpucheck_ngu101.slurm
#	payload/id29-nearing2022-da/closure_v12.tar.gz
#	payload/id29-nearing2022-da/closure_v13.tar.gz
#	payload/id29-nearing2022-da/gate_preflight_v1.tar.gz
#	runner.log
#	runner2.log
nothing added to commit but untracked files present (use "git add" to track)
[ERROR] push failed: a02/18 (result kept in staging, will retry push only)
[Mon Sep  7 11:37:00 CST 2026] --- retry push only: channel=a02 seq=18 ---
# On branch hpc-mailbox
# Your branch is ahead of 'origin/hpc-mailbox' by 1 commit.
#   (use "git push" to publish your local commits)
#
# Untracked files:
#   (use "git add <file>..." to include in what will be committed)
#
#	inbox/autoresearch-64/hbv_lite_64_prospective_seq62.slurm
#	inbox/gpucheck_ngu009.slurm
#	inbox/gpucheck_ngu101.slurm
#	payload/id29-nearing2022-da/closure_v12.tar.gz
#	payload/id29-nearing2022-da/closure_v13.tar.gz
#	payload/id29-nearing2022-da/gate_preflight_v1.tar.gz
#	runner.log
#	runner2.log
nothing added to commit but untracked files present (use "git add" to track)
[ERROR] push failed: a02/18 (result kept in staging, will retry push only)
[Mon Sep  7 11:38:41 CST 2026] --- retry push only: channel=a02 seq=18 ---
# On branch hpc-mailbox
# Your branch is ahead of 'origin/hpc-mailbox' by 1 commit.
#   (use "git push" to publish your local commits)
#
# Untracked files:
#   (use "git add <file>..." to include in what will be committed)
#
#	inbox/autoresearch-64/hbv_lite_64_prospective_seq62.slurm
#	inbox/gpucheck_ngu009.slurm
#	inbox/gpucheck_ngu101.slurm
#	payload/id29-nearing2022-da/closure_v12.tar.gz
#	payload/id29-nearing2022-da/closure_v13.tar.gz
#	payload/id29-nearing2022-da/gate_preflight_v1.tar.gz
#	runner.log
#	runner2.log
nothing added to commit but untracked files present (use "git add" to track)
[ERROR] push failed: a02/18 (result kept in staging, will retry push only)
[Mon Sep  7 11:40:23 CST 2026] --- retry push only: channel=a02 seq=18 ---
# On branch hpc-mailbox
# Your branch is ahead of 'origin/hpc-mailbox' by 1 commit.
#   (use "git push" to publish your local commits)
#
# Untracked files:
#   (use "git add <file>..." to include in what will be committed)
#
#	inbox/autoresearch-64/hbv_lite_64_prospective_seq62.slurm
#	inbox/gpucheck_ngu009.slurm
#	inbox/gpucheck_ngu101.slurm
#	payload/id29-nearing2022-da/closure_v12.tar.gz
#	payload/id29-nearing2022-da/closure_v13.tar.gz
#	payload/id29-nearing2022-da/gate_preflight_v1.tar.gz
#	runner.log
#	runner2.log
nothing added to commit but untracked files present (use "git add" to track)
[ERROR] push failed: a02/18 (result kept in staging, will retry push only)
[Mon Sep  7 11:42:05 CST 2026] --- retry push only: channel=a02 seq=18 ---
# On branch hpc-mailbox
# Your branch is ahead of 'origin/hpc-mailbox' by 1 commit.
#   (use "git push" to publish your local commits)
#
# Untracked files:
#   (use "git add <file>..." to include in what will be committed)
#
#	inbox/autoresearch-64/hbv_lite_64_prospective_seq62.slurm
#	inbox/gpucheck_ngu009.slurm
#	inbox/gpucheck_ngu101.slurm
#	payload/id29-nearing2022-da/closure_v12.tar.gz
#	payload/id29-nearing2022-da/closure_v13.tar.gz
#	payload/id29-nearing2022-da/gate_preflight_v1.tar.gz
#	runner.log
#	runner2.log
nothing added to commit but untracked files present (use "git add" to track)
[ERROR] push failed: a02/18 (result kept in staging, will retry push only)
[Mon Sep  7 11:43:49 CST 2026] --- retry push only: channel=a02 seq=18 ---
[Mon Sep  7 11:43:49 CST 2026] --- start channel=kalmannet-daily-perbasin seq=41 ---
# On branch hpc-mailbox
# Your branch is ahead of 'origin/hpc-mailbox' by 1 commit.
#   (use "git push" to publish your local commits)
#
# Untracked files:
#   (use "git add <file>..." to include in what will be committed)
#
#	inbox/autoresearch-64/hbv_lite_64_prospective_seq62.slurm
#	inbox/gpucheck_ngu009.slurm
#	inbox/gpucheck_ngu101.slurm
#	payload/id29-nearing2022-da/closure_v12.tar.gz
#	payload/id29-nearing2022-da/closure_v13.tar.gz
#	payload/id29-nearing2022-da/gate_preflight_v1.tar.gz
#	runner.log
#	runner2.log
nothing added to commit but untracked files present (use "git add" to track)
[ERROR] push failed: a02/18 (result kept in staging, will retry push only)
[Mon Sep  7 11:47:13 CST 2026] --- retry push only: channel=a02 seq=18 ---
[Mon Sep  7 11:47:17 CST 2026] done channel=kalmannet-daily-perbasin seq=41 rc=0
# On branch hpc-mailbox
# Your branch is ahead of 'origin/hpc-mailbox' by 1 commit.
#   (use "git push" to publish your local commits)
#
# Untracked files:
#   (use "git add <file>..." to include in what will be committed)
#
#	inbox/autoresearch-64/hbv_lite_64_prospective_seq62.slurm
#	inbox/gpucheck_ngu009.slurm
#	inbox/gpucheck_ngu101.slurm
#	payload/id29-nearing2022-da/closure_v12.tar.gz
#	payload/id29-nearing2022-da/closure_v13.tar.gz
#	payload/id29-nearing2022-da/gate_preflight_v1.tar.gz
#	runner.log
#	runner2.log
nothing added to commit but untracked files present (use "git add" to track)
[ERROR] push failed: a02/18 (result kept in staging, will retry push only)
[Mon Sep  7 11:49:29 CST 2026] --- retry push only: channel=a02 seq=18 ---
# On branch hpc-mailbox
# Your branch is ahead of 'origin/hpc-mailbox' by 1 commit.
#   (use "git push" to publish your local commits)
#
# Untracked files:
#   (use "git add <file>..." to include in what will be committed)
#
#	inbox/autoresearch-64/hbv_lite_64_prospective_seq62.slurm
#	inbox/gpucheck_ngu009.slurm
#	inbox/gpucheck_ngu101.slurm
#	payload/id29-nearing2022-da/closure_v12.tar.gz
#	payload/id29-nearing2022-da/closure_v13.tar.gz
#	payload/id29-nearing2022-da/gate_preflight_v1.tar.gz
#	runner.log
#	runner2.log
nothing added to commit but untracked files present (use "git add" to track)
[Mon Sep  7 11:50:42 CST 2026] --- start channel=kalmannet-daily-perbasin seq=42 ---
[ERROR] push failed: a02/18 (result kept in staging, will retry push only)
[Mon Sep  7 11:51:16 CST 2026] --- retry push only: channel=a02 seq=18 ---
[Mon Sep  7 11:51:21 CST 2026] done channel=kalmannet-daily-perbasin seq=42 rc=0
# On branch hpc-mailbox
# Your branch is ahead of 'origin/hpc-mailbox' by 1 commit.
#   (use "git push" to publish your local commits)
#
# Untracked files:
#   (use "git add <file>..." to include in what will be committed)
#
#	inbox/autoresearch-64/hbv_lite_64_prospective_seq62.slurm
#	inbox/gpucheck_ngu009.slurm
#	inbox/gpucheck_ngu101.slurm
#	payload/id29-nearing2022-da/closure_v12.tar.gz
#	payload/id29-nearing2022-da/closure_v13.tar.gz
#	payload/id29-nearing2022-da/gate_preflight_v1.tar.gz
#	runner.log
#	runner2.log
nothing added to commit but untracked files present (use "git add" to track)
[ERROR] push failed: a02/18 (result kept in staging, will retry push only)
[Mon Sep  7 11:53:33 CST 2026] --- retry push only: channel=a02 seq=18 ---
# On branch hpc-mailbox
# Your branch is ahead of 'origin/hpc-mailbox' by 1 commit.
#   (use "git push" to publish your local commits)
#
# Untracked files:
#   (use "git add <file>..." to include in what will be committed)
#
#	inbox/autoresearch-64/hbv_lite_64_prospective_seq62.slurm
#	inbox/gpucheck_ngu009.slurm
#	inbox/gpucheck_ngu101.slurm
#	payload/id29-nearing2022-da/closure_v12.tar.gz
#	payload/id29-nearing2022-da/closure_v13.tar.gz
#	payload/id29-nearing2022-da/gate_preflight_v1.tar.gz
#	runner.log
#	runner2.log
nothing added to commit but untracked files present (use "git add" to track)
[ERROR] push failed: a02/18 (result kept in staging, will retry push only)
[Mon Sep  7 11:57:03 CST 2026] --- retry push only: channel=a02 seq=18 ---
# On branch hpc-mailbox
# Your branch is ahead of 'origin/hpc-mailbox' by 1 commit.
#   (use "git push" to publish your local commits)
#
# Untracked files:
#   (use "git add <file>..." to include in what will be committed)
#
#	inbox/autoresearch-64/hbv_lite_64_prospective_seq62.slurm
#	inbox/gpucheck_ngu009.slurm
#	inbox/gpucheck_ngu101.slurm
#	payload/id29-nearing2022-da/closure_v12.tar.gz
#	payload/id29-nearing2022-da/closure_v13.tar.gz
#	payload/id29-nearing2022-da/gate_preflight_v1.tar.gz
#	runner.log
#	runner2.log
nothing added to commit but untracked files present (use "git add" to track)
[ERROR] push failed: a02/18 (result kept in staging, will retry push only)
[Mon Sep  7 11:58:45 CST 2026] --- retry push only: channel=a02 seq=18 ---
# On branch hpc-mailbox
# Your branch is ahead of 'origin/hpc-mailbox' by 1 commit.
#   (use "git push" to publish your local commits)
#
# Untracked files:
#   (use "git add <file>..." to include in what will be committed)
#
#	inbox/autoresearch-64/hbv_lite_64_prospective_seq62.slurm
#	inbox/gpucheck_ngu009.slurm
#	inbox/gpucheck_ngu101.slurm
#	payload/id29-nearing2022-da/closure_v12.tar.gz
#	payload/id29-nearing2022-da/closure_v13.tar.gz
#	payload/id29-nearing2022-da/gate_preflight_v1.tar.gz
#	runner.log
#	runner2.log
nothing added to commit but untracked files present (use "git add" to track)
[ERROR] push failed: a02/18 (result kept in staging, will retry push only)
[Mon Sep  7 12:00:26 CST 2026] --- retry push only: channel=a02 seq=18 ---
# On branch hpc-mailbox
# Your branch is ahead of 'origin/hpc-mailbox' by 1 commit.
#   (use "git push" to publish your local commits)
#
# Untracked files:
#   (use "git add <file>..." to include in what will be committed)
#
#	inbox/autoresearch-64/hbv_lite_64_prospective_seq62.slurm
#	inbox/gpucheck_ngu009.slurm
#	inbox/gpucheck_ngu101.slurm
#	payload/id29-nearing2022-da/closure_v12.tar.gz
#	payload/id29-nearing2022-da/closure_v13.tar.gz
#	payload/id29-nearing2022-da/gate_preflight_v1.tar.gz
#	runner.log
#	runner2.log
nothing added to commit but untracked files present (use "git add" to track)
[Mon Sep  7 12:01:39 CST 2026] --- start channel=zhenjiang-six-source-four-target-ukf seq=81 ---
[ERROR] push failed: a02/18 (result kept in staging, will retry push only)
[Mon Sep  7 12:02:13 CST 2026] --- retry push only: channel=a02 seq=18 ---
[Mon Sep  7 12:02:16 CST 2026] done channel=zhenjiang-six-source-four-target-ukf seq=81 rc=0
# On branch hpc-mailbox
# Your branch is ahead of 'origin/hpc-mailbox' by 1 commit.
#   (use "git push" to publish your local commits)
#
# Untracked files:
#   (use "git add <file>..." to include in what will be committed)
#
#	inbox/autoresearch-64/hbv_lite_64_prospective_seq62.slurm
#	inbox/gpucheck_ngu009.slurm
#	inbox/gpucheck_ngu101.slurm
#	payload/id29-nearing2022-da/closure_v12.tar.gz
#	payload/id29-nearing2022-da/closure_v13.tar.gz
#	payload/id29-nearing2022-da/gate_preflight_v1.tar.gz
#	runner.log
#	runner2.log
nothing added to commit but untracked files present (use "git add" to track)
[ERROR] push failed: a02/18 (result kept in staging, will retry push only)
[Mon Sep  7 12:05:36 CST 2026] --- retry push only: channel=a02 seq=18 ---
[Mon Sep  7 12:06:12 CST 2026] --- start channel=zhenjiang-six-source-four-target-ukf seq=82 ---
# On branch hpc-mailbox
# Your branch is ahead of 'origin/hpc-mailbox' by 1 commit.
#   (use "git push" to publish your local commits)
#
# Untracked files:
#   (use "git add <file>..." to include in what will be committed)
#
#	inbox/autoresearch-64/hbv_lite_64_prospective_seq62.slurm
#	inbox/gpucheck_ngu009.slurm
#	inbox/gpucheck_ngu101.slurm
#	payload/id29-nearing2022-da/closure_v12.tar.gz
#	payload/id29-nearing2022-da/closure_v13.tar.gz
#	payload/id29-nearing2022-da/gate_preflight_v1.tar.gz
#	runner.log
#	runner2.log
nothing added to commit but untracked files present (use "git add" to track)
[ERROR] push failed: a02/18 (result kept in staging, will retry push only)
[Mon Sep  7 12:09:27 CST 2026] done channel=zhenjiang-six-source-four-target-ukf seq=82 rc=0
[Mon Sep  7 12:09:35 CST 2026] --- retry push only: channel=a02 seq=18 ---
# On branch hpc-mailbox
# Your branch is ahead of 'origin/hpc-mailbox' by 1 commit.
#   (use "git push" to publish your local commits)
#
# Untracked files:
#   (use "git add <file>..." to include in what will be committed)
#
#	inbox/autoresearch-64/hbv_lite_64_prospective_seq62.slurm
#	inbox/gpucheck_ngu009.slurm
#	inbox/gpucheck_ngu101.slurm
#	payload/id29-nearing2022-da/closure_v12.tar.gz
#	payload/id29-nearing2022-da/closure_v13.tar.gz
#	payload/id29-nearing2022-da/gate_preflight_v1.tar.gz
#	runner.log
#	runner2.log
nothing added to commit but untracked files present (use "git add" to track)
[ERROR] push failed: a02/18 (result kept in staging, will retry push only)
[Mon Sep  7 12:11:17 CST 2026] --- retry push only: channel=a02 seq=18 ---
# On branch hpc-mailbox
# Your branch is ahead of 'origin/hpc-mailbox' by 1 commit.
#   (use "git push" to publish your local commits)
#
# Untracked files:
#   (use "git add <file>..." to include in what will be committed)
#
#	inbox/autoresearch-64/hbv_lite_64_prospective_seq62.slurm
#	inbox/gpucheck_ngu009.slurm
#	inbox/gpucheck_ngu101.slurm
#	payload/id29-nearing2022-da/closure_v12.tar.gz
#	payload/id29-nearing2022-da/closure_v13.tar.gz
#	payload/id29-nearing2022-da/gate_preflight_v1.tar.gz
#	runner.log
#	runner2.log
nothing added to commit but untracked files present (use "git add" to track)
[ERROR] push failed: a02/18 (result kept in staging, will retry push only)
[Mon Sep  7 12:14:43 CST 2026] --- retry push only: channel=a02 seq=18 ---
# On branch hpc-mailbox
# Your branch is ahead of 'origin/hpc-mailbox' by 1 commit.
#   (use "git push" to publish your local commits)
#
# Untracked files:
#   (use "git add <file>..." to include in what will be committed)
#
#	inbox/autoresearch-64/hbv_lite_64_prospective_seq62.slurm
#	inbox/gpucheck_ngu009.slurm
#	inbox/gpucheck_ngu101.slurm
#	payload/id29-nearing2022-da/closure_v12.tar.gz
#	payload/id29-nearing2022-da/closure_v13.tar.gz
#	payload/id29-nearing2022-da/gate_preflight_v1.tar.gz
#	runner.log
#	runner2.log
nothing added to commit but untracked files present (use "git add" to track)
[ERROR] push failed: a02/18 (result kept in staging, will retry push only)
[Mon Sep  7 12:18:13 CST 2026] --- retry push only: channel=a02 seq=18 ---
# On branch hpc-mailbox
# Your branch is ahead of 'origin/hpc-mailbox' by 1 commit.
#   (use "git push" to publish your local commits)
#
# Untracked files:
#   (use "git add <file>..." to include in what will be committed)
#
#	inbox/autoresearch-64/hbv_lite_64_prospective_seq62.slurm
#	inbox/gpucheck_ngu009.slurm
#	inbox/gpucheck_ngu101.slurm
#	payload/id29-nearing2022-da/closure_v12.tar.gz
#	payload/id29-nearing2022-da/closure_v13.tar.gz
#	payload/id29-nearing2022-da/gate_preflight_v1.tar.gz
#	runner.log
#	runner2.log
nothing added to commit but untracked files present (use "git add" to track)
[ERROR] push failed: a02/18 (result kept in staging, will retry push only)
[Mon Sep  7 12:22:10 CST 2026] --- retry push only: channel=a02 seq=18 ---
# On branch hpc-mailbox
# Your branch is ahead of 'origin/hpc-mailbox' by 1 commit.
#   (use "git push" to publish your local commits)
#
# Untracked files:
#   (use "git add <file>..." to include in what will be committed)
#
#	inbox/autoresearch-64/hbv_lite_64_prospective_seq62.slurm
#	inbox/gpucheck_ngu009.slurm
#	inbox/gpucheck_ngu101.slurm
#	payload/id29-nearing2022-da/closure_v12.tar.gz
#	payload/id29-nearing2022-da/closure_v13.tar.gz
#	payload/id29-nearing2022-da/gate_preflight_v1.tar.gz
#	runner.log
#	runner2.log
nothing added to commit but untracked files present (use "git add" to track)
[ERROR] push failed: a02/18 (result kept in staging, will retry push only)
[Mon Sep  7 12:25:05 CST 2026] --- retry push only: channel=a02 seq=18 ---
[Mon Sep  7 12:25:05 CST 2026] --- start channel=zhenjiang-six-source-four-target-ukf seq=83 ---
# On branch hpc-mailbox
# Your branch is ahead of 'origin/hpc-mailbox' by 1 commit.
#   (use "git push" to publish your local commits)
#
# Untracked files:
#   (use "git add <file>..." to include in what will be committed)
#
#	inbox/autoresearch-64/hbv_lite_64_prospective_seq62.slurm
#	inbox/gpucheck_ngu009.slurm
#	inbox/gpucheck_ngu101.slurm
#	payload/id29-nearing2022-da/closure_v12.tar.gz
#	payload/id29-nearing2022-da/closure_v13.tar.gz
#	payload/id29-nearing2022-da/gate_preflight_v1.tar.gz
#	runner.log
#	runner2.log
nothing added to commit but untracked files present (use "git add" to track)
[ERROR] push failed: a02/18 (result kept in staging, will retry push only)
[Mon Sep  7 12:26:49 CST 2026] done channel=zhenjiang-six-source-four-target-ukf seq=83 rc=0
[Mon Sep  7 12:28:33 CST 2026] --- retry push only: channel=a02 seq=18 ---
# On branch hpc-mailbox
# Your branch is ahead of 'origin/hpc-mailbox' by 1 commit.
#   (use "git push" to publish your local commits)
#
# Untracked files:
#   (use "git add <file>..." to include in what will be committed)
#
#	inbox/autoresearch-64/hbv_lite_64_prospective_seq62.slurm
#	inbox/gpucheck_ngu009.slurm
#	inbox/gpucheck_ngu101.slurm
#	payload/id29-nearing2022-da/closure_v12.tar.gz
#	payload/id29-nearing2022-da/closure_v13.tar.gz
#	payload/id29-nearing2022-da/gate_preflight_v1.tar.gz
#	runner.log
#	runner2.log
nothing added to commit but untracked files present (use "git add" to track)
[ERROR] push failed: a02/18 (result kept in staging, will retry push only)
[Mon Sep  7 12:30:14 CST 2026] --- retry push only: channel=a02 seq=18 ---
# On branch hpc-mailbox
# Your branch is ahead of 'origin/hpc-mailbox' by 1 commit.
#   (use "git push" to publish your local commits)
#
# Untracked files:
#   (use "git add <file>..." to include in what will be committed)
#
#	inbox/autoresearch-64/hbv_lite_64_prospective_seq62.slurm
#	inbox/gpucheck_ngu009.slurm
#	inbox/gpucheck_ngu101.slurm
#	payload/id29-nearing2022-da/closure_v12.tar.gz
#	payload/id29-nearing2022-da/closure_v13.tar.gz
#	payload/id29-nearing2022-da/gate_preflight_v1.tar.gz
#	runner.log
#	runner2.log
nothing added to commit but untracked files present (use "git add" to track)
[ERROR] push failed: a02/18 (result kept in staging, will retry push only)
[Mon Sep  7 12:33:37 CST 2026] --- retry push only: channel=a02 seq=18 ---
# On branch hpc-mailbox
# Your branch is ahead of 'origin/hpc-mailbox' by 1 commit.
#   (use "git push" to publish your local commits)
#
# Untracked files:
#   (use "git add <file>..." to include in what will be committed)
#
#	inbox/autoresearch-64/hbv_lite_64_prospective_seq62.slurm
#	inbox/gpucheck_ngu009.slurm
#	inbox/gpucheck_ngu101.slurm
#	payload/id29-nearing2022-da/closure_v12.tar.gz
#	payload/id29-nearing2022-da/closure_v13.tar.gz
#	payload/id29-nearing2022-da/gate_preflight_v1.tar.gz
#	runner.log
#	runner2.log
nothing added to commit but untracked files present (use "git add" to track)
[ERROR] push failed: a02/18 (result kept in staging, will retry push only)
[Mon Sep  7 12:36:31 CST 2026] --- retry push only: channel=a02 seq=18 ---
# On branch hpc-mailbox
# Your branch is ahead of 'origin/hpc-mailbox' by 1 commit.
#   (use "git push" to publish your local commits)
#
# Untracked files:
#   (use "git add <file>..." to include in what will be committed)
#
#	inbox/autoresearch-64/hbv_lite_64_prospective_seq62.slurm
#	inbox/gpucheck_ngu009.slurm
#	inbox/gpucheck_ngu101.slurm
#	payload/id29-nearing2022-da/closure_v12.tar.gz
#	payload/id29-nearing2022-da/closure_v13.tar.gz
#	payload/id29-nearing2022-da/gate_preflight_v1.tar.gz
#	runner.log
#	runner2.log
nothing added to commit but untracked files present (use "git add" to track)
[ERROR] push failed: a02/18 (result kept in staging, will retry push only)
[Mon Sep  7 12:38:15 CST 2026] --- retry push only: channel=a02 seq=18 ---
# On branch hpc-mailbox
# Your branch is ahead of 'origin/hpc-mailbox' by 1 commit.
#   (use "git push" to publish your local commits)
#
# Untracked files:
#   (use "git add <file>..." to include in what will be committed)
#
#	inbox/autoresearch-64/hbv_lite_64_prospective_seq62.slurm
#	inbox/gpucheck_ngu009.slurm
#	inbox/gpucheck_ngu101.slurm
#	payload/id29-nearing2022-da/closure_v12.tar.gz
#	payload/id29-nearing2022-da/closure_v13.tar.gz
#	payload/id29-nearing2022-da/gate_preflight_v1.tar.gz
#	runner.log
#	runner2.log
nothing added to commit but untracked files present (use "git add" to track)
[ERROR] push failed: a02/18 (result kept in staging, will retry push only)
[Mon Sep  7 12:40:32 CST 2026] --- retry push only: channel=a02 seq=18 ---
# On branch hpc-mailbox
# Your branch is ahead of 'origin/hpc-mailbox' by 1 commit.
#   (use "git push" to publish your local commits)
#
# Untracked files:
#   (use "git add <file>..." to include in what will be committed)
#
#	inbox/autoresearch-64/hbv_lite_64_prospective_seq62.slurm
#	inbox/gpucheck_ngu009.slurm
#	inbox/gpucheck_ngu101.slurm
#	payload/id29-nearing2022-da/closure_v12.tar.gz
#	payload/id29-nearing2022-da/closure_v13.tar.gz
#	payload/id29-nearing2022-da/gate_preflight_v1.tar.gz
#	runner.log
#	runner2.log
nothing added to commit but untracked files present (use "git add" to track)
[ERROR] push failed: a02/18 (result kept in staging, will retry push only)
[Mon Sep  7 12:42:50 CST 2026] --- retry push only: channel=a02 seq=18 ---
# On branch hpc-mailbox
# Your branch is ahead of 'origin/hpc-mailbox' by 1 commit.
#   (use "git push" to publish your local commits)
#
# Untracked files:
#   (use "git add <file>..." to include in what will be committed)
#
#	inbox/autoresearch-64/hbv_lite_64_prospective_seq62.slurm
#	inbox/gpucheck_ngu009.slurm
#	inbox/gpucheck_ngu101.slurm
#	payload/id29-nearing2022-da/closure_v12.tar.gz
#	payload/id29-nearing2022-da/closure_v13.tar.gz
#	payload/id29-nearing2022-da/gate_preflight_v1.tar.gz
#	runner.log
#	runner2.log
nothing added to commit but untracked files present (use "git add" to track)
[ERROR] push failed: a02/18 (result kept in staging, will retry push only)
[Mon Sep  7 12:44:31 CST 2026] --- retry push only: channel=a02 seq=18 ---
# On branch hpc-mailbox
# Your branch is ahead of 'origin/hpc-mailbox' by 1 commit.
#   (use "git push" to publish your local commits)
#
# Untracked files:
#   (use "git add <file>..." to include in what will be committed)
#
#	inbox/autoresearch-64/hbv_lite_64_prospective_seq62.slurm
#	inbox/gpucheck_ngu009.slurm
#	inbox/gpucheck_ngu101.slurm
#	payload/id29-nearing2022-da/closure_v12.tar.gz
#	payload/id29-nearing2022-da/closure_v13.tar.gz
#	payload/id29-nearing2022-da/gate_preflight_v1.tar.gz
#	runner.log
#	runner2.log
nothing added to commit but untracked files present (use "git add" to track)
[ERROR] push failed: a02/18 (result kept in staging, will retry push only)
[Mon Sep  7 12:47:54 CST 2026] --- retry push only: channel=a02 seq=18 ---
# On branch hpc-mailbox
# Your branch is ahead of 'origin/hpc-mailbox' by 1 commit.
#   (use "git push" to publish your local commits)
#
# Untracked files:
#   (use "git add <file>..." to include in what will be committed)
#
#	inbox/autoresearch-64/hbv_lite_64_prospective_seq62.slurm
#	inbox/gpucheck_ngu009.slurm
#	inbox/gpucheck_ngu101.slurm
#	payload/id29-nearing2022-da/closure_v12.tar.gz
#	payload/id29-nearing2022-da/closure_v13.tar.gz
#	payload/id29-nearing2022-da/gate_preflight_v1.tar.gz
#	runner.log
#	runner2.log
nothing added to commit but untracked files present (use "git add" to track)
[ERROR] push failed: a02/18 (result kept in staging, will retry push only)
[Mon Sep  7 12:49:36 CST 2026] --- retry push only: channel=a02 seq=18 ---
# On branch hpc-mailbox
# Your branch is ahead of 'origin/hpc-mailbox' by 1 commit.
#   (use "git push" to publish your local commits)
#
# Untracked files:
#   (use "git add <file>..." to include in what will be committed)
#
#	inbox/autoresearch-64/hbv_lite_64_prospective_seq62.slurm
#	inbox/gpucheck_ngu009.slurm
#	inbox/gpucheck_ngu101.slurm
#	payload/id29-nearing2022-da/closure_v12.tar.gz
#	payload/id29-nearing2022-da/closure_v13.tar.gz
#	payload/id29-nearing2022-da/gate_preflight_v1.tar.gz
#	runner.log
#	runner2.log
nothing added to commit but untracked files present (use "git add" to track)
[ERROR] push failed: a02/18 (result kept in staging, will retry push only)
[Mon Sep  7 12:54:47 CST 2026] --- retry push only: channel=a02 seq=18 ---
# On branch hpc-mailbox
# Your branch is ahead of 'origin/hpc-mailbox' by 1 commit.
#   (use "git push" to publish your local commits)
#
# Untracked files:
#   (use "git add <file>..." to include in what will be committed)
#
#	inbox/autoresearch-64/hbv_lite_64_prospective_seq62.slurm
#	inbox/gpucheck_ngu009.slurm
#	inbox/gpucheck_ngu101.slurm
#	payload/id29-nearing2022-da/closure_v12.tar.gz
#	payload/id29-nearing2022-da/closure_v13.tar.gz
#	payload/id29-nearing2022-da/gate_preflight_v1.tar.gz
#	runner.log
#	runner2.log
nothing added to commit but untracked files present (use "git add" to track)
[ERROR] push failed: a02/18 (result kept in staging, will retry push only)
[Mon Sep  7 12:56:32 CST 2026] --- retry push only: channel=a02 seq=18 ---
[Mon Sep  7 12:56:32 CST 2026] --- start channel=kalmannet-daily-perbasin seq=43 ---
# On branch hpc-mailbox
# Your branch is ahead of 'origin/hpc-mailbox' by 1 commit.
#   (use "git push" to publish your local commits)
#
# Untracked files:
#   (use "git add <file>..." to include in what will be committed)
#
#	inbox/autoresearch-64/hbv_lite_64_prospective_seq62.slurm
#	inbox/gpucheck_ngu009.slurm
#	inbox/gpucheck_ngu101.slurm
#	payload/id29-nearing2022-da/closure_v12.tar.gz
#	payload/id29-nearing2022-da/closure_v13.tar.gz
#	payload/id29-nearing2022-da/gate_preflight_v1.tar.gz
#	runner.log
#	runner2.log
nothing added to commit but untracked files present (use "git add" to track)
[ERROR] push failed: a02/18 (result kept in staging, will retry push only)
[Mon Sep  7 12:58:13 CST 2026] done channel=kalmannet-daily-perbasin seq=43 rc=0
[Mon Sep  7 12:58:15 CST 2026] --- retry push only: channel=a02 seq=18 ---
# On branch hpc-mailbox
# Your branch is ahead of 'origin/hpc-mailbox' by 1 commit.
#   (use "git push" to publish your local commits)
#
# Untracked files:
#   (use "git add <file>..." to include in what will be committed)
#
#	inbox/autoresearch-64/hbv_lite_64_prospective_seq62.slurm
#	inbox/gpucheck_ngu009.slurm
#	inbox/gpucheck_ngu101.slurm
#	payload/id29-nearing2022-da/closure_v12.tar.gz
#	payload/id29-nearing2022-da/closure_v13.tar.gz
#	payload/id29-nearing2022-da/gate_preflight_v1.tar.gz
#	runner.log
#	runner2.log
nothing added to commit but untracked files present (use "git add" to track)
[ERROR] push failed: a02/18 (result kept in staging, will retry push only)
[Mon Sep  7 13:01:38 CST 2026] --- retry push only: channel=a02 seq=18 ---
# On branch hpc-mailbox
# Your branch is ahead of 'origin/hpc-mailbox' by 1 commit.
#   (use "git push" to publish your local commits)
#
# Untracked files:
#   (use "git add <file>..." to include in what will be committed)
#
#	inbox/autoresearch-64/hbv_lite_64_prospective_seq62.slurm
#	inbox/gpucheck_ngu009.slurm
#	inbox/gpucheck_ngu101.slurm
#	payload/id29-nearing2022-da/closure_v12.tar.gz
#	payload/id29-nearing2022-da/closure_v13.tar.gz
#	payload/id29-nearing2022-da/gate_preflight_v1.tar.gz
#	runner.log
#	runner2.log
nothing added to commit but untracked files present (use "git add" to track)
[ERROR] push failed: a02/18 (result kept in staging, will retry push only)
[Mon Sep  7 13:03:21 CST 2026] --- retry push only: channel=a02 seq=18 ---
# On branch hpc-mailbox
# Your branch is ahead of 'origin/hpc-mailbox' by 1 commit.
#   (use "git push" to publish your local commits)
#
# Untracked files:
#   (use "git add <file>..." to include in what will be committed)
#
#	inbox/autoresearch-64/hbv_lite_64_prospective_seq62.slurm
#	inbox/gpucheck_ngu009.slurm
#	inbox/gpucheck_ngu101.slurm
#	payload/id29-nearing2022-da/closure_v12.tar.gz
#	payload/id29-nearing2022-da/closure_v13.tar.gz
#	payload/id29-nearing2022-da/gate_preflight_v1.tar.gz
#	runner.log
#	runner2.log
nothing added to commit but untracked files present (use "git add" to track)
[ERROR] push failed: a02/18 (result kept in staging, will retry push only)
[Mon Sep  7 13:06:15 CST 2026] --- retry push only: channel=a02 seq=18 ---
# On branch hpc-mailbox
# Your branch is ahead of 'origin/hpc-mailbox' by 1 commit.
#   (use "git push" to publish your local commits)
#
# Untracked files:
#   (use "git add <file>..." to include in what will be committed)
#
#	inbox/autoresearch-64/hbv_lite_64_prospective_seq62.slurm
#	inbox/gpucheck_ngu009.slurm
#	inbox/gpucheck_ngu101.slurm
#	payload/id29-nearing2022-da/closure_v12.tar.gz
#	payload/id29-nearing2022-da/closure_v13.tar.gz
#	payload/id29-nearing2022-da/gate_preflight_v1.tar.gz
#	runner.log
#	runner2.log
nothing added to commit but untracked files present (use "git add" to track)
[ERROR] push failed: a02/18 (result kept in staging, will retry push only)
[Mon Sep  7 13:07:56 CST 2026] --- retry push only: channel=a02 seq=18 ---
# On branch hpc-mailbox
# Your branch is ahead of 'origin/hpc-mailbox' by 1 commit.
#   (use "git push" to publish your local commits)
#
# Untracked files:
#   (use "git add <file>..." to include in what will be committed)
#
#	inbox/autoresearch-64/hbv_lite_64_prospective_seq62.slurm
#	inbox/gpucheck_ngu009.slurm
#	inbox/gpucheck_ngu101.slurm
#	payload/id29-nearing2022-da/closure_v12.tar.gz
#	payload/id29-nearing2022-da/closure_v13.tar.gz
#	payload/id29-nearing2022-da/gate_preflight_v1.tar.gz
#	runner.log
#	runner2.log
nothing added to commit but untracked files present (use "git add" to track)
[ERROR] push failed: a02/18 (result kept in staging, will retry push only)
[Mon Sep  7 13:11:19 CST 2026] --- retry push only: channel=a02 seq=18 ---
# On branch hpc-mailbox
# Your branch is ahead of 'origin/hpc-mailbox' by 1 commit.
#   (use "git push" to publish your local commits)
#
# Untracked files:
#   (use "git add <file>..." to include in what will be committed)
#
#	inbox/autoresearch-64/hbv_lite_64_prospective_seq62.slurm
#	inbox/gpucheck_ngu009.slurm
#	inbox/gpucheck_ngu101.slurm
#	payload/id29-nearing2022-da/closure_v12.tar.gz
#	payload/id29-nearing2022-da/closure_v13.tar.gz
#	payload/id29-nearing2022-da/gate_preflight_v1.tar.gz
#	runner.log
#	runner2.log
nothing added to commit but untracked files present (use "git add" to track)
[Mon Sep  7 13:14:13 CST 2026] --- start channel=kalmannet-daily-perbasin seq=44 ---
[ERROR] push failed: a02/18 (result kept in staging, will retry push only)
[Mon Sep  7 13:14:47 CST 2026] --- retry push only: channel=a02 seq=18 ---
[Mon Sep  7 13:14:57 CST 2026] done channel=kalmannet-daily-perbasin seq=44 rc=0
# On branch hpc-mailbox
# Your branch is ahead of 'origin/hpc-mailbox' by 1 commit.
#   (use "git push" to publish your local commits)
#
# Untracked files:
#   (use "git add <file>..." to include in what will be committed)
#
#	inbox/autoresearch-64/hbv_lite_64_prospective_seq62.slurm
#	inbox/gpucheck_ngu009.slurm
#	inbox/gpucheck_ngu101.slurm
#	payload/id29-nearing2022-da/closure_v12.tar.gz
#	payload/id29-nearing2022-da/closure_v13.tar.gz
#	payload/id29-nearing2022-da/gate_preflight_v1.tar.gz
#	runner.log
#	runner2.log
nothing added to commit but untracked files present (use "git add" to track)
[ERROR] push failed: a02/18 (result kept in staging, will retry push only)
[Mon Sep  7 13:19:58 CST 2026] --- retry push only: channel=a02 seq=18 ---
# On branch hpc-mailbox
# Your branch is ahead of 'origin/hpc-mailbox' by 1 commit.
#   (use "git push" to publish your local commits)
#
# Untracked files:
#   (use "git add <file>..." to include in what will be committed)
#
#	inbox/autoresearch-64/hbv_lite_64_prospective_seq62.slurm
#	inbox/gpucheck_ngu009.slurm
#	inbox/gpucheck_ngu101.slurm
#	payload/id29-nearing2022-da/closure_v12.tar.gz
#	payload/id29-nearing2022-da/closure_v13.tar.gz
#	payload/id29-nearing2022-da/gate_preflight_v1.tar.gz
#	runner.log
#	runner2.log
nothing added to commit but untracked files present (use "git add" to track)
[ERROR] push failed: a02/18 (result kept in staging, will retry push only)
[Mon Sep  7 13:21:41 CST 2026] --- retry push only: channel=a02 seq=18 ---
# On branch hpc-mailbox
# Your branch and 'origin/hpc-mailbox' have diverged,
# and have 1 and 1 different commit each, respectively.
#   (use "git pull" to merge the remote branch into yours)
#
# Untracked files:
#   (use "git add <file>..." to include in what will be committed)
#
#	inbox/autoresearch-64/hbv_lite_64_prospective_seq62.slurm
#	inbox/gpucheck_ngu009.slurm
#	inbox/gpucheck_ngu101.slurm
#	payload/id29-nearing2022-da/closure_v12.tar.gz
#	payload/id29-nearing2022-da/closure_v13.tar.gz
#	payload/id29-nearing2022-da/gate_preflight_v1.tar.gz
#	runner.log
#	runner2.log
nothing added to commit but untracked files present (use "git add" to track)
[Mon Sep  7 13:22:51 CST 2026] --- start channel=kalmannet-daily-perbasin seq=45 ---
[ERROR] push failed: a02/18 (result kept in staging, will retry push only)
[Mon Sep  7 13:23:25 CST 2026] --- retry push only: channel=a02 seq=18 ---
[Mon Sep  7 13:23:33 CST 2026] done channel=kalmannet-daily-perbasin seq=45 rc=0
# On branch hpc-mailbox
# Your branch is ahead of 'origin/hpc-mailbox' by 1 commit.
#   (use "git push" to publish your local commits)
#
# Untracked files:
#   (use "git add <file>..." to include in what will be committed)
#
#	inbox/autoresearch-64/hbv_lite_64_prospective_seq62.slurm
#	inbox/gpucheck_ngu009.slurm
#	inbox/gpucheck_ngu101.slurm
#	payload/id29-nearing2022-da/closure_v12.tar.gz
#	payload/id29-nearing2022-da/closure_v13.tar.gz
#	payload/id29-nearing2022-da/gate_preflight_v1.tar.gz
#	runner.log
#	runner2.log
nothing added to commit but untracked files present (use "git add" to track)
[ERROR] push failed: a02/18 (result kept in staging, will retry push only)
[Mon Sep  7 13:26:53 CST 2026] --- retry push only: channel=a02 seq=18 ---
# On branch hpc-mailbox
# Your branch is ahead of 'origin/hpc-mailbox' by 1 commit.
#   (use "git push" to publish your local commits)
#
# Untracked files:
#   (use "git add <file>..." to include in what will be committed)
#
#	inbox/autoresearch-64/hbv_lite_64_prospective_seq62.slurm
#	inbox/gpucheck_ngu009.slurm
#	inbox/gpucheck_ngu101.slurm
#	payload/id29-nearing2022-da/closure_v12.tar.gz
#	payload/id29-nearing2022-da/closure_v13.tar.gz
#	payload/id29-nearing2022-da/gate_preflight_v1.tar.gz
#	runner.log
#	runner2.log
nothing added to commit but untracked files present (use "git add" to track)
[ERROR] push failed: a02/18 (result kept in staging, will retry push only)
[Mon Sep  7 13:28:37 CST 2026] --- retry push only: channel=a02 seq=18 ---
# On branch hpc-mailbox
# Your branch is ahead of 'origin/hpc-mailbox' by 1 commit.
#   (use "git push" to publish your local commits)
#
# Untracked files:
#   (use "git add <file>..." to include in what will be committed)
#
#	inbox/autoresearch-64/hbv_lite_64_prospective_seq62.slurm
#	inbox/gpucheck_ngu009.slurm
#	inbox/gpucheck_ngu101.slurm
#	payload/id29-nearing2022-da/closure_v12.tar.gz
#	payload/id29-nearing2022-da/closure_v13.tar.gz
#	payload/id29-nearing2022-da/gate_preflight_v1.tar.gz
#	runner.log
#	runner2.log
nothing added to commit but untracked files present (use "git add" to track)
[ERROR] push failed: a02/18 (result kept in staging, will retry push only)
[Mon Sep  7 13:31:31 CST 2026] --- retry push only: channel=a02 seq=18 ---
# On branch hpc-mailbox
# Your branch is ahead of 'origin/hpc-mailbox' by 1 commit.
#   (use "git push" to publish your local commits)
#
# Untracked files:
#   (use "git add <file>..." to include in what will be committed)
#
#	inbox/autoresearch-64/hbv_lite_64_prospective_seq62.slurm
#	inbox/gpucheck_ngu009.slurm
#	inbox/gpucheck_ngu101.slurm
#	payload/id29-nearing2022-da/closure_v12.tar.gz
#	payload/id29-nearing2022-da/closure_v13.tar.gz
#	payload/id29-nearing2022-da/gate_preflight_v1.tar.gz
#	runner.log
#	runner2.log
nothing added to commit but untracked files present (use "git add" to track)
[ERROR] push failed: a02/18 (result kept in staging, will retry push only)
[Mon Sep  7 13:35:00 CST 2026] --- retry push only: channel=a02 seq=18 ---
# On branch hpc-mailbox
# Your branch is ahead of 'origin/hpc-mailbox' by 1 commit.
#   (use "git push" to publish your local commits)
#
# Untracked files:
#   (use "git add <file>..." to include in what will be committed)
#
#	inbox/autoresearch-64/hbv_lite_64_prospective_seq62.slurm
#	inbox/gpucheck_ngu009.slurm
#	inbox/gpucheck_ngu101.slurm
#	payload/id29-nearing2022-da/closure_v12.tar.gz
#	payload/id29-nearing2022-da/closure_v13.tar.gz
#	payload/id29-nearing2022-da/gate_preflight_v1.tar.gz
#	runner.log
#	runner2.log
nothing added to commit but untracked files present (use "git add" to track)
[ERROR] push failed: a02/18 (result kept in staging, will retry push only)
[Mon Sep  7 13:36:41 CST 2026] --- retry push only: channel=a02 seq=18 ---
# On branch hpc-mailbox
# Your branch is ahead of 'origin/hpc-mailbox' by 1 commit.
#   (use "git push" to publish your local commits)
#
# Untracked files:
#   (use "git add <file>..." to include in what will be committed)
#
#	inbox/autoresearch-64/hbv_lite_64_prospective_seq62.slurm
#	inbox/gpucheck_ngu009.slurm
#	inbox/gpucheck_ngu101.slurm
#	payload/id29-nearing2022-da/closure_v12.tar.gz
#	payload/id29-nearing2022-da/closure_v13.tar.gz
#	payload/id29-nearing2022-da/gate_preflight_v1.tar.gz
#	runner.log
#	runner2.log
nothing added to commit but untracked files present (use "git add" to track)
[ERROR] push failed: a02/18 (result kept in staging, will retry push only)
[Mon Sep  7 13:38:23 CST 2026] --- retry push only: channel=a02 seq=18 ---
# On branch hpc-mailbox
# Your branch is ahead of 'origin/hpc-mailbox' by 1 commit.
#   (use "git push" to publish your local commits)
#
# Untracked files:
#   (use "git add <file>..." to include in what will be committed)
#
#	inbox/autoresearch-64/hbv_lite_64_prospective_seq62.slurm
#	inbox/gpucheck_ngu009.slurm
#	inbox/gpucheck_ngu101.slurm
#	payload/id29-nearing2022-da/closure_v12.tar.gz
#	payload/id29-nearing2022-da/closure_v13.tar.gz
#	payload/id29-nearing2022-da/gate_preflight_v1.tar.gz
#	runner.log
#	runner2.log
nothing added to commit but untracked files present (use "git add" to track)
[ERROR] push failed: a02/18 (result kept in staging, will retry push only)
[Mon Sep  7 13:40:07 CST 2026] --- retry push only: channel=a02 seq=18 ---
[Mon Sep  7 13:40:07 CST 2026] --- start channel=kalmannet-daily-perbasin seq=46 ---
# On branch hpc-mailbox
# Your branch is ahead of 'origin/hpc-mailbox' by 1 commit.
#   (use "git push" to publish your local commits)
#
# Untracked files:
#   (use "git add <file>..." to include in what will be committed)
#
#	inbox/autoresearch-64/hbv_lite_64_prospective_seq62.slurm
#	inbox/gpucheck_ngu009.slurm
#	inbox/gpucheck_ngu101.slurm
#	payload/id29-nearing2022-da/closure_v12.tar.gz
#	payload/id29-nearing2022-da/closure_v13.tar.gz
#	payload/id29-nearing2022-da/gate_preflight_v1.tar.gz
#	runner.log
#	runner2.log
nothing added to commit but untracked files present (use "git add" to track)
[ERROR] push failed: a02/18 (result kept in staging, will retry push only)
[Mon Sep  7 13:41:48 CST 2026] done channel=kalmannet-daily-perbasin seq=46 rc=1
[Mon Sep  7 13:41:48 CST 2026] --- retry push only: channel=a02 seq=18 ---
# On branch hpc-mailbox
# Your branch is ahead of 'origin/hpc-mailbox' by 1 commit.
#   (use "git push" to publish your local commits)
#
# Untracked files:
#   (use "git add <file>..." to include in what will be committed)
#
#	inbox/autoresearch-64/hbv_lite_64_prospective_seq62.slurm
#	inbox/gpucheck_ngu009.slurm
#	inbox/gpucheck_ngu101.slurm
#	payload/id29-nearing2022-da/closure_v12.tar.gz
#	payload/id29-nearing2022-da/closure_v13.tar.gz
#	payload/id29-nearing2022-da/gate_preflight_v1.tar.gz
#	runner.log
#	runner2.log
nothing added to commit but untracked files present (use "git add" to track)
[ERROR] push failed: a02/18 (result kept in staging, will retry push only)
[Mon Sep  7 13:45:17 CST 2026] --- retry push only: channel=a02 seq=18 ---
# On branch hpc-mailbox
# Your branch is ahead of 'origin/hpc-mailbox' by 1 commit.
#   (use "git push" to publish your local commits)
#
# Untracked files:
#   (use "git add <file>..." to include in what will be committed)
#
#	inbox/autoresearch-64/hbv_lite_64_prospective_seq62.slurm
#	inbox/gpucheck_ngu009.slurm
#	inbox/gpucheck_ngu101.slurm
#	payload/id29-nearing2022-da/closure_v12.tar.gz
#	payload/id29-nearing2022-da/closure_v13.tar.gz
#	payload/id29-nearing2022-da/gate_preflight_v1.tar.gz
#	runner.log
#	runner2.log
nothing added to commit but untracked files present (use "git add" to track)
[ERROR] push failed: a02/18 (result kept in staging, will retry push only)
[Mon Sep  7 13:50:24 CST 2026] --- retry push only: channel=a02 seq=18 ---
# On branch hpc-mailbox
# Your branch is ahead of 'origin/hpc-mailbox' by 1 commit.
#   (use "git push" to publish your local commits)
#
# Untracked files:
#   (use "git add <file>..." to include in what will be committed)
#
#	inbox/autoresearch-64/hbv_lite_64_prospective_seq62.slurm
#	inbox/gpucheck_ngu009.slurm
#	inbox/gpucheck_ngu101.slurm
#	payload/id29-nearing2022-da/closure_v12.tar.gz
#	payload/id29-nearing2022-da/closure_v13.tar.gz
#	payload/id29-nearing2022-da/gate_preflight_v1.tar.gz
#	runner.log
#	runner2.log
nothing added to commit but untracked files present (use "git add" to track)
[ERROR] push failed: a02/18 (result kept in staging, will retry push only)
[Mon Sep  7 13:53:18 CST 2026] --- retry push only: channel=a02 seq=18 ---
# On branch hpc-mailbox
# Your branch is ahead of 'origin/hpc-mailbox' by 1 commit.
#   (use "git push" to publish your local commits)
#
# Untracked files:
#   (use "git add <file>..." to include in what will be committed)
#
#	inbox/autoresearch-64/hbv_lite_64_prospective_seq62.slurm
#	inbox/gpucheck_ngu009.slurm
#	inbox/gpucheck_ngu101.slurm
#	payload/id29-nearing2022-da/closure_v12.tar.gz
#	payload/id29-nearing2022-da/closure_v13.tar.gz
#	payload/id29-nearing2022-da/gate_preflight_v1.tar.gz
#	runner.log
#	runner2.log
nothing added to commit but untracked files present (use "git add" to track)
[ERROR] push failed: a02/18 (result kept in staging, will retry push only)
[Mon Sep  7 13:55:03 CST 2026] --- retry push only: channel=a02 seq=18 ---
[Mon Sep  7 13:55:03 CST 2026] --- start channel=kalmannet-daily-perbasin seq=47 ---
# On branch hpc-mailbox
# Your branch is ahead of 'origin/hpc-mailbox' by 1 commit.
#   (use "git push" to publish your local commits)
#
# Untracked files:
#   (use "git add <file>..." to include in what will be committed)
#
#	inbox/autoresearch-64/hbv_lite_64_prospective_seq62.slurm
#	inbox/gpucheck_ngu009.slurm
#	inbox/gpucheck_ngu101.slurm
#	payload/id29-nearing2022-da/closure_v12.tar.gz
#	payload/id29-nearing2022-da/closure_v13.tar.gz
#	payload/id29-nearing2022-da/gate_preflight_v1.tar.gz
#	runner.log
#	runner2.log
nothing added to commit but untracked files present (use "git add" to track)
[ERROR] push failed: a02/18 (result kept in staging, will retry push only)
[Mon Sep  7 13:58:29 CST 2026] done channel=kalmannet-daily-perbasin seq=47 rc=0
[Mon Sep  7 14:00:15 CST 2026] --- retry push only: channel=a02 seq=18 ---
# On branch hpc-mailbox
# Your branch is ahead of 'origin/hpc-mailbox' by 1 commit.
#   (use "git push" to publish your local commits)
#
# Untracked files:
#   (use "git add <file>..." to include in what will be committed)
#
#	inbox/autoresearch-64/hbv_lite_64_prospective_seq62.slurm
#	inbox/gpucheck_ngu009.slurm
#	inbox/gpucheck_ngu101.slurm
#	payload/id29-nearing2022-da/closure_v12.tar.gz
#	payload/id29-nearing2022-da/closure_v13.tar.gz
#	payload/id29-nearing2022-da/gate_preflight_v1.tar.gz
#	runner.log
#	runner2.log
nothing added to commit but untracked files present (use "git add" to track)
[ERROR] push failed: a02/18 (result kept in staging, will retry push only)
[Mon Sep  7 14:01:56 CST 2026] --- retry push only: channel=a02 seq=18 ---
# On branch hpc-mailbox
# Your branch is ahead of 'origin/hpc-mailbox' by 1 commit.
#   (use "git push" to publish your local commits)
#
# Untracked files:
#   (use "git add <file>..." to include in what will be committed)
#
#	inbox/autoresearch-64/hbv_lite_64_prospective_seq62.slurm
#	inbox/gpucheck_ngu009.slurm
#	inbox/gpucheck_ngu101.slurm
#	payload/id29-nearing2022-da/closure_v12.tar.gz
#	payload/id29-nearing2022-da/closure_v13.tar.gz
#	payload/id29-nearing2022-da/gate_preflight_v1.tar.gz
#	runner.log
#	runner2.log
nothing added to commit but untracked files present (use "git add" to track)
[ERROR] push failed: a02/18 (result kept in staging, will retry push only)
[Mon Sep  7 14:03:38 CST 2026] --- retry push only: channel=a02 seq=18 ---
# On branch hpc-mailbox
# Your branch is ahead of 'origin/hpc-mailbox' by 1 commit.
#   (use "git push" to publish your local commits)
#
# Untracked files:
#   (use "git add <file>..." to include in what will be committed)
#
#	inbox/autoresearch-64/hbv_lite_64_prospective_seq62.slurm
#	inbox/gpucheck_ngu009.slurm
#	inbox/gpucheck_ngu101.slurm
#	payload/id29-nearing2022-da/closure_v12.tar.gz
#	payload/id29-nearing2022-da/closure_v13.tar.gz
#	payload/id29-nearing2022-da/gate_preflight_v1.tar.gz
#	runner.log
#	runner2.log
nothing added to commit but untracked files present (use "git add" to track)
[ERROR] push failed: a02/18 (result kept in staging, will retry push only)
[Mon Sep  7 14:05:53 CST 2026] --- retry push only: channel=a02 seq=18 ---
# On branch hpc-mailbox
# Your branch is ahead of 'origin/hpc-mailbox' by 1 commit.
#   (use "git push" to publish your local commits)
#
# Untracked files:
#   (use "git add <file>..." to include in what will be committed)
#
#	inbox/autoresearch-64/hbv_lite_64_prospective_seq62.slurm
#	inbox/gpucheck_ngu009.slurm
#	inbox/gpucheck_ngu101.slurm
#	payload/id29-nearing2022-da/closure_v12.tar.gz
#	payload/id29-nearing2022-da/closure_v13.tar.gz
#	payload/id29-nearing2022-da/gate_preflight_v1.tar.gz
#	runner.log
#	runner2.log
nothing added to commit but untracked files present (use "git add" to track)
[ERROR] push failed: a02/18 (result kept in staging, will retry push only)
[Mon Sep  7 14:07:35 CST 2026] --- retry push only: channel=a02 seq=18 ---
# On branch hpc-mailbox
# Your branch is ahead of 'origin/hpc-mailbox' by 1 commit.
#   (use "git push" to publish your local commits)
#
# Untracked files:
#   (use "git add <file>..." to include in what will be committed)
#
#	inbox/autoresearch-64/hbv_lite_64_prospective_seq62.slurm
#	inbox/gpucheck_ngu009.slurm
#	inbox/gpucheck_ngu101.slurm
#	payload/id29-nearing2022-da/closure_v12.tar.gz
#	payload/id29-nearing2022-da/closure_v13.tar.gz
#	payload/id29-nearing2022-da/gate_preflight_v1.tar.gz
#	runner.log
#	runner2.log
nothing added to commit but untracked files present (use "git add" to track)
[ERROR] push failed: a02/18 (result kept in staging, will retry push only)
[Mon Sep  7 14:09:17 CST 2026] --- retry push only: channel=a02 seq=18 ---
# On branch hpc-mailbox
# Your branch is ahead of 'origin/hpc-mailbox' by 1 commit.
#   (use "git push" to publish your local commits)
#
# Untracked files:
#   (use "git add <file>..." to include in what will be committed)
#
#	inbox/autoresearch-64/hbv_lite_64_prospective_seq62.slurm
#	inbox/gpucheck_ngu009.slurm
#	inbox/gpucheck_ngu101.slurm
#	payload/id29-nearing2022-da/closure_v12.tar.gz
#	payload/id29-nearing2022-da/closure_v13.tar.gz
#	payload/id29-nearing2022-da/gate_preflight_v1.tar.gz
#	runner.log
#	runner2.log
nothing added to commit but untracked files present (use "git add" to track)
[ERROR] push failed: a02/18 (result kept in staging, will retry push only)
[Mon Sep  7 14:10:59 CST 2026] --- retry push only: channel=a02 seq=18 ---
# On branch hpc-mailbox
# Your branch is ahead of 'origin/hpc-mailbox' by 1 commit.
#   (use "git push" to publish your local commits)
#
# Untracked files:
#   (use "git add <file>..." to include in what will be committed)
#
#	inbox/autoresearch-64/hbv_lite_64_prospective_seq62.slurm
#	inbox/gpucheck_ngu009.slurm
#	inbox/gpucheck_ngu101.slurm
#	payload/id29-nearing2022-da/closure_v12.tar.gz
#	payload/id29-nearing2022-da/closure_v13.tar.gz
#	payload/id29-nearing2022-da/gate_preflight_v1.tar.gz
#	runner.log
#	runner2.log
nothing added to commit but untracked files present (use "git add" to track)
[ERROR] push failed: a02/18 (result kept in staging, will retry push only)
[Mon Sep  7 14:14:28 CST 2026] --- retry push only: channel=a02 seq=18 ---
# On branch hpc-mailbox
# Your branch is ahead of 'origin/hpc-mailbox' by 1 commit.
#   (use "git push" to publish your local commits)
#
# Untracked files:
#   (use "git add <file>..." to include in what will be committed)
#
#	inbox/autoresearch-64/hbv_lite_64_prospective_seq62.slurm
#	inbox/gpucheck_ngu009.slurm
#	inbox/gpucheck_ngu101.slurm
#	payload/id29-nearing2022-da/closure_v12.tar.gz
#	payload/id29-nearing2022-da/closure_v13.tar.gz
#	payload/id29-nearing2022-da/gate_preflight_v1.tar.gz
#	runner.log
#	runner2.log
nothing added to commit but untracked files present (use "git add" to track)
[ERROR] push failed: a02/18 (result kept in staging, will retry push only)
[Mon Sep  7 14:16:12 CST 2026] --- retry push only: channel=a02 seq=18 ---
# On branch hpc-mailbox
# Your branch is ahead of 'origin/hpc-mailbox' by 1 commit.
#   (use "git push" to publish your local commits)
#
# Untracked files:
#   (use "git add <file>..." to include in what will be committed)
#
#	inbox/autoresearch-64/hbv_lite_64_prospective_seq62.slurm
#	inbox/gpucheck_ngu009.slurm
#	inbox/gpucheck_ngu101.slurm
#	payload/id29-nearing2022-da/closure_v12.tar.gz
#	payload/id29-nearing2022-da/closure_v13.tar.gz
#	payload/id29-nearing2022-da/gate_preflight_v1.tar.gz
#	runner.log
#	runner2.log
nothing added to commit but untracked files present (use "git add" to track)
[ERROR] push failed: a02/18 (result kept in staging, will retry push only)
[Mon Sep  7 14:17:55 CST 2026] --- retry push only: channel=a02 seq=18 ---
# On branch hpc-mailbox
# Your branch is ahead of 'origin/hpc-mailbox' by 1 commit.
#   (use "git push" to publish your local commits)
#
# Untracked files:
#   (use "git add <file>..." to include in what will be committed)
#
#	inbox/autoresearch-64/hbv_lite_64_prospective_seq62.slurm
#	inbox/gpucheck_ngu009.slurm
#	inbox/gpucheck_ngu101.slurm
#	payload/id29-nearing2022-da/closure_v12.tar.gz
#	payload/id29-nearing2022-da/closure_v13.tar.gz
#	payload/id29-nearing2022-da/gate_preflight_v1.tar.gz
#	runner.log
#	runner2.log
nothing added to commit but untracked files present (use "git add" to track)
[ERROR] push failed: a02/18 (result kept in staging, will retry push only)
[Mon Sep  7 14:21:24 CST 2026] --- retry push only: channel=a02 seq=18 ---
# On branch hpc-mailbox
# Your branch is ahead of 'origin/hpc-mailbox' by 1 commit.
#   (use "git push" to publish your local commits)
#
# Untracked files:
#   (use "git add <file>..." to include in what will be committed)
#
#	inbox/autoresearch-64/hbv_lite_64_prospective_seq62.slurm
#	inbox/gpucheck_ngu009.slurm
#	inbox/gpucheck_ngu101.slurm
#	payload/id29-nearing2022-da/closure_v12.tar.gz
#	payload/id29-nearing2022-da/closure_v13.tar.gz
#	payload/id29-nearing2022-da/gate_preflight_v1.tar.gz
#	runner.log
#	runner2.log
nothing added to commit but untracked files present (use "git add" to track)
[ERROR] push failed: a02/18 (result kept in staging, will retry push only)
[Mon Sep  7 14:24:18 CST 2026] --- retry push only: channel=a02 seq=18 ---
[Mon Sep  7 14:24:52 CST 2026] --- start channel=kalmannet-daily-perbasin seq=48 ---
# On branch hpc-mailbox
# Your branch is ahead of 'origin/hpc-mailbox' by 1 commit.
#   (use "git push" to publish your local commits)
#
# Untracked files:
#   (use "git add <file>..." to include in what will be committed)
#
#	inbox/autoresearch-64/hbv_lite_64_prospective_seq62.slurm
#	inbox/gpucheck_ngu009.slurm
#	inbox/gpucheck_ngu101.slurm
#	payload/id29-nearing2022-da/closure_v12.tar.gz
#	payload/id29-nearing2022-da/closure_v13.tar.gz
#	payload/id29-nearing2022-da/gate_preflight_v1.tar.gz
#	runner.log
#	runner2.log
nothing added to commit but untracked files present (use "git add" to track)
[ERROR] push failed: a02/18 (result kept in staging, will retry push only)
[Mon Sep  7 14:27:42 CST 2026] --- retry push only: channel=a02 seq=18 ---
[Mon Sep  7 14:27:47 CST 2026] done channel=kalmannet-daily-perbasin seq=48 rc=0
# On branch hpc-mailbox
# Your branch is ahead of 'origin/hpc-mailbox' by 1 commit.
#   (use "git push" to publish your local commits)
#
# Untracked files:
#   (use "git add <file>..." to include in what will be committed)
#
#	inbox/autoresearch-64/hbv_lite_64_prospective_seq62.slurm
#	inbox/gpucheck_ngu009.slurm
#	inbox/gpucheck_ngu101.slurm
#	payload/id29-nearing2022-da/closure_v12.tar.gz
#	payload/id29-nearing2022-da/closure_v13.tar.gz
#	payload/id29-nearing2022-da/gate_preflight_v1.tar.gz
#	runner.log
#	runner2.log
nothing added to commit but untracked files present (use "git add" to track)
[ERROR] push failed: a02/18 (result kept in staging, will retry push only)
[Mon Sep  7 14:29:24 CST 2026] --- retry push only: channel=a02 seq=18 ---
# On branch hpc-mailbox
# Your branch is ahead of 'origin/hpc-mailbox' by 1 commit.
#   (use "git push" to publish your local commits)
#
# Untracked files:
#   (use "git add <file>..." to include in what will be committed)
#
#	inbox/autoresearch-64/hbv_lite_64_prospective_seq62.slurm
#	inbox/gpucheck_ngu009.slurm
#	inbox/gpucheck_ngu101.slurm
#	payload/id29-nearing2022-da/closure_v12.tar.gz
#	payload/id29-nearing2022-da/closure_v13.tar.gz
#	payload/id29-nearing2022-da/gate_preflight_v1.tar.gz
#	runner.log
#	runner2.log
nothing added to commit but untracked files present (use "git add" to track)
[ERROR] push failed: a02/18 (result kept in staging, will retry push only)
[Mon Sep  7 14:32:49 CST 2026] --- retry push only: channel=a02 seq=18 ---
# On branch hpc-mailbox
# Your branch is ahead of 'origin/hpc-mailbox' by 1 commit.
#   (use "git push" to publish your local commits)
#
# Untracked files:
#   (use "git add <file>..." to include in what will be committed)
#
#	inbox/autoresearch-64/hbv_lite_64_prospective_seq62.slurm
#	inbox/gpucheck_ngu009.slurm
#	inbox/gpucheck_ngu101.slurm
#	payload/id29-nearing2022-da/closure_v12.tar.gz
#	payload/id29-nearing2022-da/closure_v13.tar.gz
#	payload/id29-nearing2022-da/gate_preflight_v1.tar.gz
#	runner.log
#	runner2.log
nothing added to commit but untracked files present (use "git add" to track)
[ERROR] push failed: a02/18 (result kept in staging, will retry push only)
[Mon Sep  7 14:36:14 CST 2026] --- retry push only: channel=a02 seq=18 ---
# On branch hpc-mailbox
# Your branch is ahead of 'origin/hpc-mailbox' by 1 commit.
#   (use "git push" to publish your local commits)
#
# Untracked files:
#   (use "git add <file>..." to include in what will be committed)
#
#	inbox/autoresearch-64/hbv_lite_64_prospective_seq62.slurm
#	inbox/gpucheck_ngu009.slurm
#	inbox/gpucheck_ngu101.slurm
#	payload/id29-nearing2022-da/closure_v12.tar.gz
#	payload/id29-nearing2022-da/closure_v13.tar.gz
#	payload/id29-nearing2022-da/gate_preflight_v1.tar.gz
#	runner.log
#	runner2.log
nothing added to commit but untracked files present (use "git add" to track)
[ERROR] push failed: a02/18 (result kept in staging, will retry push only)
[Mon Sep  7 14:40:51 CST 2026] --- retry push only: channel=a02 seq=18 ---
# On branch hpc-mailbox
# Your branch is ahead of 'origin/hpc-mailbox' by 1 commit.
#   (use "git push" to publish your local commits)
#
# Untracked files:
#   (use "git add <file>..." to include in what will be committed)
#
#	inbox/autoresearch-64/hbv_lite_64_prospective_seq62.slurm
#	inbox/gpucheck_ngu009.slurm
#	inbox/gpucheck_ngu101.slurm
#	payload/id29-nearing2022-da/closure_v12.tar.gz
#	payload/id29-nearing2022-da/closure_v13.tar.gz
#	payload/id29-nearing2022-da/gate_preflight_v1.tar.gz
#	runner.log
#	runner2.log
nothing added to commit but untracked files present (use "git add" to track)
[ERROR] push failed: a02/18 (result kept in staging, will retry push only)
[Mon Sep  7 14:42:34 CST 2026] --- retry push only: channel=a02 seq=18 ---
# On branch hpc-mailbox
# Your branch is ahead of 'origin/hpc-mailbox' by 1 commit.
#   (use "git push" to publish your local commits)
#
# Untracked files:
#   (use "git add <file>..." to include in what will be committed)
#
#	inbox/autoresearch-64/hbv_lite_64_prospective_seq62.slurm
#	inbox/gpucheck_ngu009.slurm
#	inbox/gpucheck_ngu101.slurm
#	payload/id29-nearing2022-da/closure_v12.tar.gz
#	payload/id29-nearing2022-da/closure_v13.tar.gz
#	payload/id29-nearing2022-da/gate_preflight_v1.tar.gz
#	runner.log
#	runner2.log
nothing added to commit but untracked files present (use "git add" to track)
[ERROR] push failed: a02/18 (result kept in staging, will retry push only)
[Mon Sep  7 14:44:23 CST 2026] --- retry push only: channel=a02 seq=18 ---
# On branch hpc-mailbox
# Your branch is ahead of 'origin/hpc-mailbox' by 1 commit.
#   (use "git push" to publish your local commits)
#
# Untracked files:
#   (use "git add <file>..." to include in what will be committed)
#
#	inbox/autoresearch-64/hbv_lite_64_prospective_seq62.slurm
#	inbox/gpucheck_ngu009.slurm
#	inbox/gpucheck_ngu101.slurm
#	payload/id29-nearing2022-da/closure_v12.tar.gz
#	payload/id29-nearing2022-da/closure_v13.tar.gz
#	payload/id29-nearing2022-da/gate_preflight_v1.tar.gz
#	runner.log
#	runner2.log
nothing added to commit but untracked files present (use "git add" to track)
[ERROR] push failed: a02/18 (result kept in staging, will retry push only)
[Mon Sep  7 14:47:52 CST 2026] --- retry push only: channel=a02 seq=18 ---
# On branch hpc-mailbox
# Your branch is ahead of 'origin/hpc-mailbox' by 1 commit.
#   (use "git push" to publish your local commits)
#
# Untracked files:
#   (use "git add <file>..." to include in what will be committed)
#
#	inbox/autoresearch-64/hbv_lite_64_prospective_seq62.slurm
#	inbox/gpucheck_ngu009.slurm
#	inbox/gpucheck_ngu101.slurm
#	payload/id29-nearing2022-da/closure_v12.tar.gz
#	payload/id29-nearing2022-da/closure_v13.tar.gz
#	payload/id29-nearing2022-da/gate_preflight_v1.tar.gz
#	runner.log
#	runner2.log
nothing added to commit but untracked files present (use "git add" to track)
[ERROR] push failed: a02/18 (result kept in staging, will retry push only)
[Mon Sep  7 14:51:51 CST 2026] --- retry push only: channel=a02 seq=18 ---
# On branch hpc-mailbox
# Your branch is ahead of 'origin/hpc-mailbox' by 1 commit.
#   (use "git push" to publish your local commits)
#
# Untracked files:
#   (use "git add <file>..." to include in what will be committed)
#
#	inbox/autoresearch-64/hbv_lite_64_prospective_seq62.slurm
#	inbox/gpucheck_ngu009.slurm
#	inbox/gpucheck_ngu101.slurm
#	payload/id29-nearing2022-da/closure_v12.tar.gz
#	payload/id29-nearing2022-da/closure_v13.tar.gz
#	payload/id29-nearing2022-da/gate_preflight_v1.tar.gz
#	runner.log
#	runner2.log
nothing added to commit but untracked files present (use "git add" to track)
[ERROR] push failed: a02/18 (result kept in staging, will retry push only)
[Mon Sep  7 14:55:15 CST 2026] --- retry push only: channel=a02 seq=18 ---
# On branch hpc-mailbox
# Your branch is ahead of 'origin/hpc-mailbox' by 1 commit.
#   (use "git push" to publish your local commits)
#
# Untracked files:
#   (use "git add <file>..." to include in what will be committed)
#
#	inbox/autoresearch-64/hbv_lite_64_prospective_seq62.slurm
#	inbox/gpucheck_ngu009.slurm
#	inbox/gpucheck_ngu101.slurm
#	payload/id29-nearing2022-da/closure_v12.tar.gz
#	payload/id29-nearing2022-da/closure_v13.tar.gz
#	payload/id29-nearing2022-da/gate_preflight_v1.tar.gz
#	runner.log
#	runner2.log
nothing added to commit but untracked files present (use "git add" to track)
[ERROR] push failed: a02/18 (result kept in staging, will retry push only)
[Mon Sep  7 14:58:40 CST 2026] --- retry push only: channel=a02 seq=18 ---
# On branch hpc-mailbox
# Your branch is ahead of 'origin/hpc-mailbox' by 1 commit.
#   (use "git push" to publish your local commits)
#
# Untracked files:
#   (use "git add <file>..." to include in what will be committed)
#
#	inbox/autoresearch-64/hbv_lite_64_prospective_seq62.slurm
#	inbox/gpucheck_ngu009.slurm
#	inbox/gpucheck_ngu101.slurm
#	payload/id29-nearing2022-da/closure_v12.tar.gz
#	payload/id29-nearing2022-da/closure_v13.tar.gz
#	payload/id29-nearing2022-da/gate_preflight_v1.tar.gz
#	runner.log
#	runner2.log
nothing added to commit but untracked files present (use "git add" to track)
[ERROR] push failed: a02/18 (result kept in staging, will retry push only)
[Mon Sep  7 15:00:22 CST 2026] --- retry push only: channel=a02 seq=18 ---
# On branch hpc-mailbox
# Your branch is ahead of 'origin/hpc-mailbox' by 1 commit.
#   (use "git push" to publish your local commits)
#
# Untracked files:
#   (use "git add <file>..." to include in what will be committed)
#
#	inbox/autoresearch-64/hbv_lite_64_prospective_seq62.slurm
#	inbox/gpucheck_ngu009.slurm
#	inbox/gpucheck_ngu101.slurm
#	payload/id29-nearing2022-da/closure_v12.tar.gz
#	payload/id29-nearing2022-da/closure_v13.tar.gz
#	payload/id29-nearing2022-da/gate_preflight_v1.tar.gz
#	runner.log
#	runner2.log
nothing added to commit but untracked files present (use "git add" to track)
[ERROR] push failed: a02/18 (result kept in staging, will retry push only)
[Mon Sep  7 15:02:04 CST 2026] --- retry push only: channel=a02 seq=18 ---
# On branch hpc-mailbox
# Your branch is ahead of 'origin/hpc-mailbox' by 1 commit.
#   (use "git push" to publish your local commits)
#
# Untracked files:
#   (use "git add <file>..." to include in what will be committed)
#
#	inbox/autoresearch-64/hbv_lite_64_prospective_seq62.slurm
#	inbox/gpucheck_ngu009.slurm
#	inbox/gpucheck_ngu101.slurm
#	payload/id29-nearing2022-da/closure_v12.tar.gz
#	payload/id29-nearing2022-da/closure_v13.tar.gz
#	payload/id29-nearing2022-da/gate_preflight_v1.tar.gz
#	runner.log
#	runner2.log
nothing added to commit but untracked files present (use "git add" to track)
[ERROR] push failed: a02/18 (result kept in staging, will retry push only)
[Mon Sep  7 15:05:27 CST 2026] --- retry push only: channel=a02 seq=18 ---
# On branch hpc-mailbox
# Your branch is ahead of 'origin/hpc-mailbox' by 1 commit.
#   (use "git push" to publish your local commits)
#
# Untracked files:
#   (use "git add <file>..." to include in what will be committed)
#
#	inbox/autoresearch-64/hbv_lite_64_prospective_seq62.slurm
#	inbox/gpucheck_ngu009.slurm
#	inbox/gpucheck_ngu101.slurm
#	payload/id29-nearing2022-da/closure_v12.tar.gz
#	payload/id29-nearing2022-da/closure_v13.tar.gz
#	payload/id29-nearing2022-da/gate_preflight_v1.tar.gz
#	runner.log
#	runner2.log
nothing added to commit but untracked files present (use "git add" to track)
[ERROR] push failed: a02/18 (result kept in staging, will retry push only)
[Mon Sep  7 15:07:09 CST 2026] --- retry push only: channel=a02 seq=18 ---
# On branch hpc-mailbox
# Your branch is ahead of 'origin/hpc-mailbox' by 1 commit.
#   (use "git push" to publish your local commits)
#
# Untracked files:
#   (use "git add <file>..." to include in what will be committed)
#
#	inbox/autoresearch-64/hbv_lite_64_prospective_seq62.slurm
#	inbox/gpucheck_ngu009.slurm
#	inbox/gpucheck_ngu101.slurm
#	payload/id29-nearing2022-da/closure_v12.tar.gz
#	payload/id29-nearing2022-da/closure_v13.tar.gz
#	payload/id29-nearing2022-da/gate_preflight_v1.tar.gz
#	runner.log
#	runner2.log
nothing added to commit but untracked files present (use "git add" to track)
[ERROR] push failed: a02/18 (result kept in staging, will retry push only)
[Mon Sep  7 15:10:35 CST 2026] --- retry push only: channel=a02 seq=18 ---
[Mon Sep  7 15:10:35 CST 2026] --- start channel=kalmannet-daily-perbasin seq=49 ---
# On branch hpc-mailbox
# Your branch is ahead of 'origin/hpc-mailbox' by 1 commit.
#   (use "git push" to publish your local commits)
#
# Untracked files:
#   (use "git add <file>..." to include in what will be committed)
#
#	inbox/autoresearch-64/hbv_lite_64_prospective_seq62.slurm
#	inbox/gpucheck_ngu009.slurm
#	inbox/gpucheck_ngu101.slurm
#	payload/id29-nearing2022-da/closure_v12.tar.gz
#	payload/id29-nearing2022-da/closure_v13.tar.gz
#	payload/id29-nearing2022-da/gate_preflight_v1.tar.gz
#	runner.log
#	runner2.log
nothing added to commit but untracked files present (use "git add" to track)
[ERROR] push failed: a02/18 (result kept in staging, will retry push only)
[Mon Sep  7 15:12:16 CST 2026] --- retry push only: channel=a02 seq=18 ---
[Mon Sep  7 15:12:17 CST 2026] done channel=kalmannet-daily-perbasin seq=49 rc=0
# On branch hpc-mailbox
# Your branch is ahead of 'origin/hpc-mailbox' by 1 commit.
#   (use "git push" to publish your local commits)
#
# Untracked files:
#   (use "git add <file>..." to include in what will be committed)
#
#	inbox/autoresearch-64/hbv_lite_64_prospective_seq62.slurm
#	inbox/gpucheck_ngu009.slurm
#	inbox/gpucheck_ngu101.slurm
#	payload/id29-nearing2022-da/closure_v12.tar.gz
#	payload/id29-nearing2022-da/closure_v13.tar.gz
#	payload/id29-nearing2022-da/gate_preflight_v1.tar.gz
#	runner.log
#	runner2.log
nothing added to commit but untracked files present (use "git add" to track)
[ERROR] push failed: a02/18 (result kept in staging, will retry push only)
[Mon Sep  7 15:16:15 CST 2026] --- retry push only: channel=a02 seq=18 ---
# On branch hpc-mailbox
# Your branch is ahead of 'origin/hpc-mailbox' by 1 commit.
#   (use "git push" to publish your local commits)
#
# Untracked files:
#   (use "git add <file>..." to include in what will be committed)
#
#	inbox/autoresearch-64/hbv_lite_64_prospective_seq62.slurm
#	inbox/gpucheck_ngu009.slurm
#	inbox/gpucheck_ngu101.slurm
#	payload/id29-nearing2022-da/closure_v12.tar.gz
#	payload/id29-nearing2022-da/closure_v13.tar.gz
#	payload/id29-nearing2022-da/gate_preflight_v1.tar.gz
#	runner.log
#	runner2.log
nothing added to commit but untracked files present (use "git add" to track)
[ERROR] push failed: a02/18 (result kept in staging, will retry push only)
[Mon Sep  7 15:17:57 CST 2026] --- retry push only: channel=a02 seq=18 ---
# On branch hpc-mailbox
# Your branch is ahead of 'origin/hpc-mailbox' by 1 commit.
#   (use "git push" to publish your local commits)
#
# Untracked files:
#   (use "git add <file>..." to include in what will be committed)
#
#	inbox/autoresearch-64/hbv_lite_64_prospective_seq62.slurm
#	inbox/gpucheck_ngu009.slurm
#	inbox/gpucheck_ngu101.slurm
#	payload/id29-nearing2022-da/closure_v12.tar.gz
#	payload/id29-nearing2022-da/closure_v13.tar.gz
#	payload/id29-nearing2022-da/gate_preflight_v1.tar.gz
#	runner.log
#	runner2.log
nothing added to commit but untracked files present (use "git add" to track)
[ERROR] push failed: a02/18 (result kept in staging, will retry push only)
[Mon Sep  7 15:19:39 CST 2026] --- retry push only: channel=a02 seq=18 ---
[Mon Sep  7 15:19:39 CST 2026] --- start channel=kalmannet-daily-perbasin seq=50 ---
# On branch hpc-mailbox
# Your branch is ahead of 'origin/hpc-mailbox' by 1 commit.
#   (use "git push" to publish your local commits)
#
# Untracked files:
#   (use "git add <file>..." to include in what will be committed)
#
#	inbox/autoresearch-64/hbv_lite_64_prospective_seq62.slurm
#	inbox/gpucheck_ngu009.slurm
#	inbox/gpucheck_ngu101.slurm
#	payload/id29-nearing2022-da/closure_v12.tar.gz
#	payload/id29-nearing2022-da/closure_v13.tar.gz
#	payload/id29-nearing2022-da/gate_preflight_v1.tar.gz
#	runner.log
#	runner2.log
nothing added to commit but untracked files present (use "git add" to track)
[ERROR] push failed: a02/18 (result kept in staging, will retry push only)
[Mon Sep  7 15:21:21 CST 2026] done channel=kalmannet-daily-perbasin seq=50 rc=0
[Mon Sep  7 15:23:07 CST 2026] --- retry push only: channel=a02 seq=18 ---
# On branch hpc-mailbox
# Your branch is ahead of 'origin/hpc-mailbox' by 1 commit.
#   (use "git push" to publish your local commits)
#
# Untracked files:
#   (use "git add <file>..." to include in what will be committed)
#
#	inbox/autoresearch-64/hbv_lite_64_prospective_seq62.slurm
#	inbox/gpucheck_ngu009.slurm
#	inbox/gpucheck_ngu101.slurm
#	payload/id29-nearing2022-da/closure_v12.tar.gz
#	payload/id29-nearing2022-da/closure_v13.tar.gz
#	payload/id29-nearing2022-da/gate_preflight_v1.tar.gz
#	runner.log
#	runner2.log
nothing added to commit but untracked files present (use "git add" to track)
[ERROR] push failed: a02/18 (result kept in staging, will retry push only)
[Mon Sep  7 15:24:49 CST 2026] --- retry push only: channel=a02 seq=18 ---
# On branch hpc-mailbox
# Your branch is ahead of 'origin/hpc-mailbox' by 1 commit.
#   (use "git push" to publish your local commits)
#
# Untracked files:
#   (use "git add <file>..." to include in what will be committed)
#
#	inbox/autoresearch-64/hbv_lite_64_prospective_seq62.slurm
#	inbox/gpucheck_ngu009.slurm
#	inbox/gpucheck_ngu101.slurm
#	payload/id29-nearing2022-da/closure_v12.tar.gz
#	payload/id29-nearing2022-da/closure_v13.tar.gz
#	payload/id29-nearing2022-da/gate_preflight_v1.tar.gz
#	runner.log
#	runner2.log
nothing added to commit but untracked files present (use "git add" to track)
[ERROR] push failed: a02/18 (result kept in staging, will retry push only)
[Mon Sep  7 15:27:08 CST 2026] --- retry push only: channel=a02 seq=18 ---
# On branch hpc-mailbox
# Your branch is ahead of 'origin/hpc-mailbox' by 1 commit.
#   (use "git push" to publish your local commits)
#
# Untracked files:
#   (use "git add <file>..." to include in what will be committed)
#
#	inbox/autoresearch-64/hbv_lite_64_prospective_seq62.slurm
#	inbox/gpucheck_ngu009.slurm
#	inbox/gpucheck_ngu101.slurm
#	payload/id29-nearing2022-da/closure_v12.tar.gz
#	payload/id29-nearing2022-da/closure_v13.tar.gz
#	payload/id29-nearing2022-da/gate_preflight_v1.tar.gz
#	runner.log
#	runner2.log
nothing added to commit but untracked files present (use "git add" to track)
[ERROR] push failed: a02/18 (result kept in staging, will retry push only)
[Mon Sep  7 15:28:51 CST 2026] --- retry push only: channel=a02 seq=18 ---
# On branch hpc-mailbox
# Your branch is ahead of 'origin/hpc-mailbox' by 1 commit.
#   (use "git push" to publish your local commits)
#
# Untracked files:
#   (use "git add <file>..." to include in what will be committed)
#
#	inbox/autoresearch-64/hbv_lite_64_prospective_seq62.slurm
#	inbox/gpucheck_ngu009.slurm
#	inbox/gpucheck_ngu101.slurm
#	payload/id29-nearing2022-da/closure_v12.tar.gz
#	payload/id29-nearing2022-da/closure_v13.tar.gz
#	payload/id29-nearing2022-da/gate_preflight_v1.tar.gz
#	runner.log
#	runner2.log
nothing added to commit but untracked files present (use "git add" to track)
[ERROR] push failed: a02/18 (result kept in staging, will retry push only)
[Mon Sep  7 15:30:32 CST 2026] --- retry push only: channel=a02 seq=18 ---
# On branch hpc-mailbox
# Your branch is ahead of 'origin/hpc-mailbox' by 1 commit.
#   (use "git push" to publish your local commits)
#
# Untracked files:
#   (use "git add <file>..." to include in what will be committed)
#
#	inbox/autoresearch-64/hbv_lite_64_prospective_seq62.slurm
#	inbox/gpucheck_ngu009.slurm
#	inbox/gpucheck_ngu101.slurm
#	payload/id29-nearing2022-da/closure_v12.tar.gz
#	payload/id29-nearing2022-da/closure_v13.tar.gz
#	payload/id29-nearing2022-da/gate_preflight_v1.tar.gz
#	runner.log
#	runner2.log
nothing added to commit but untracked files present (use "git add" to track)
[ERROR] push failed: a02/18 (result kept in staging, will retry push only)
[Mon Sep  7 15:32:15 CST 2026] --- retry push only: channel=a02 seq=18 ---
# On branch hpc-mailbox
# Your branch is ahead of 'origin/hpc-mailbox' by 1 commit.
#   (use "git push" to publish your local commits)
#
# Untracked files:
#   (use "git add <file>..." to include in what will be committed)
#
#	inbox/autoresearch-64/hbv_lite_64_prospective_seq62.slurm
#	inbox/gpucheck_ngu009.slurm
#	inbox/gpucheck_ngu101.slurm
#	payload/id29-nearing2022-da/closure_v12.tar.gz
#	payload/id29-nearing2022-da/closure_v13.tar.gz
#	payload/id29-nearing2022-da/gate_preflight_v1.tar.gz
#	runner.log
#	runner2.log
nothing added to commit but untracked files present (use "git add" to track)
[ERROR] push failed: a02/18 (result kept in staging, will retry push only)
[Mon Sep  7 15:35:40 CST 2026] --- retry push only: channel=a02 seq=18 ---
# On branch hpc-mailbox
# Your branch is ahead of 'origin/hpc-mailbox' by 1 commit.
#   (use "git push" to publish your local commits)
#
# Untracked files:
#   (use "git add <file>..." to include in what will be committed)
#
#	inbox/autoresearch-64/hbv_lite_64_prospective_seq62.slurm
#	inbox/gpucheck_ngu009.slurm
#	inbox/gpucheck_ngu101.slurm
#	payload/id29-nearing2022-da/closure_v12.tar.gz
#	payload/id29-nearing2022-da/closure_v13.tar.gz
#	payload/id29-nearing2022-da/gate_preflight_v1.tar.gz
#	runner.log
#	runner2.log
nothing added to commit but untracked files present (use "git add" to track)
[ERROR] push failed: a02/18 (result kept in staging, will retry push only)
[Mon Sep  7 15:39:03 CST 2026] --- retry push only: channel=a02 seq=18 ---
# On branch hpc-mailbox
# Your branch is ahead of 'origin/hpc-mailbox' by 1 commit.
#   (use "git push" to publish your local commits)
#
# Untracked files:
#   (use "git add <file>..." to include in what will be committed)
#
#	inbox/autoresearch-64/hbv_lite_64_prospective_seq62.slurm
#	inbox/gpucheck_ngu009.slurm
#	inbox/gpucheck_ngu101.slurm
#	payload/id29-nearing2022-da/closure_v12.tar.gz
#	payload/id29-nearing2022-da/closure_v13.tar.gz
#	payload/id29-nearing2022-da/gate_preflight_v1.tar.gz
#	runner.log
#	runner2.log
nothing added to commit but untracked files present (use "git add" to track)
[ERROR] push failed: a02/18 (result kept in staging, will retry push only)
[Mon Sep  7 15:40:45 CST 2026] --- retry push only: channel=a02 seq=18 ---
# On branch hpc-mailbox
# Your branch is ahead of 'origin/hpc-mailbox' by 1 commit.
#   (use "git push" to publish your local commits)
#
# Untracked files:
#   (use "git add <file>..." to include in what will be committed)
#
#	inbox/autoresearch-64/hbv_lite_64_prospective_seq62.slurm
#	inbox/gpucheck_ngu009.slurm
#	inbox/gpucheck_ngu101.slurm
#	payload/id29-nearing2022-da/closure_v12.tar.gz
#	payload/id29-nearing2022-da/closure_v13.tar.gz
#	payload/id29-nearing2022-da/gate_preflight_v1.tar.gz
#	runner.log
#	runner2.log
nothing added to commit but untracked files present (use "git add" to track)
[ERROR] push failed: a02/18 (result kept in staging, will retry push only)
[Mon Sep  7 15:42:27 CST 2026] --- retry push only: channel=a02 seq=18 ---
# On branch hpc-mailbox
# Your branch is ahead of 'origin/hpc-mailbox' by 1 commit.
#   (use "git push" to publish your local commits)
#
# Untracked files:
#   (use "git add <file>..." to include in what will be committed)
#
#	inbox/autoresearch-64/hbv_lite_64_prospective_seq62.slurm
#	inbox/gpucheck_ngu009.slurm
#	inbox/gpucheck_ngu101.slurm
#	payload/id29-nearing2022-da/closure_v12.tar.gz
#	payload/id29-nearing2022-da/closure_v13.tar.gz
#	payload/id29-nearing2022-da/gate_preflight_v1.tar.gz
#	runner.log
#	runner2.log
nothing added to commit but untracked files present (use "git add" to track)
[ERROR] push failed: a02/18 (result kept in staging, will retry push only)
[Mon Sep  7 15:44:08 CST 2026] --- retry push only: channel=a02 seq=18 ---
# On branch hpc-mailbox
# Your branch is ahead of 'origin/hpc-mailbox' by 1 commit.
#   (use "git push" to publish your local commits)
#
# Untracked files:
#   (use "git add <file>..." to include in what will be committed)
#
#	inbox/autoresearch-64/hbv_lite_64_prospective_seq62.slurm
#	inbox/gpucheck_ngu009.slurm
#	inbox/gpucheck_ngu101.slurm
#	payload/id29-nearing2022-da/closure_v12.tar.gz
#	payload/id29-nearing2022-da/closure_v13.tar.gz
#	payload/id29-nearing2022-da/gate_preflight_v1.tar.gz
#	runner.log
#	runner2.log
nothing added to commit but untracked files present (use "git add" to track)
[ERROR] push failed: a02/18 (result kept in staging, will retry push only)
[Mon Sep  7 15:45:50 CST 2026] --- retry push only: channel=a02 seq=18 ---
# On branch hpc-mailbox
# Your branch is ahead of 'origin/hpc-mailbox' by 1 commit.
#   (use "git push" to publish your local commits)
#
# Untracked files:
#   (use "git add <file>..." to include in what will be committed)
#
#	inbox/autoresearch-64/hbv_lite_64_prospective_seq62.slurm
#	inbox/gpucheck_ngu009.slurm
#	inbox/gpucheck_ngu101.slurm
#	payload/id29-nearing2022-da/closure_v12.tar.gz
#	payload/id29-nearing2022-da/closure_v13.tar.gz
#	payload/id29-nearing2022-da/gate_preflight_v1.tar.gz
#	runner.log
#	runner2.log
nothing added to commit but untracked files present (use "git add" to track)
[ERROR] push failed: a02/18 (result kept in staging, will retry push only)
[Mon Sep  7 15:47:32 CST 2026] --- retry push only: channel=a02 seq=18 ---
# On branch hpc-mailbox
# Your branch is ahead of 'origin/hpc-mailbox' by 1 commit.
#   (use "git push" to publish your local commits)
#
# Untracked files:
#   (use "git add <file>..." to include in what will be committed)
#
#	inbox/autoresearch-64/hbv_lite_64_prospective_seq62.slurm
#	inbox/gpucheck_ngu009.slurm
#	inbox/gpucheck_ngu101.slurm
#	payload/id29-nearing2022-da/closure_v12.tar.gz
#	payload/id29-nearing2022-da/closure_v13.tar.gz
#	payload/id29-nearing2022-da/gate_preflight_v1.tar.gz
#	runner.log
#	runner2.log
nothing added to commit but untracked files present (use "git add" to track)
[ERROR] push failed: a02/18 (result kept in staging, will retry push only)
[Mon Sep  7 15:49:13 CST 2026] --- retry push only: channel=a02 seq=18 ---
# On branch hpc-mailbox
# Your branch is ahead of 'origin/hpc-mailbox' by 1 commit.
#   (use "git push" to publish your local commits)
#
# Untracked files:
#   (use "git add <file>..." to include in what will be committed)
#
#	inbox/autoresearch-64/hbv_lite_64_prospective_seq62.slurm
#	inbox/gpucheck_ngu009.slurm
#	inbox/gpucheck_ngu101.slurm
#	payload/id29-nearing2022-da/closure_v12.tar.gz
#	payload/id29-nearing2022-da/closure_v13.tar.gz
#	payload/id29-nearing2022-da/gate_preflight_v1.tar.gz
#	runner.log
#	runner2.log
nothing added to commit but untracked files present (use "git add" to track)
[ERROR] push failed: a02/18 (result kept in staging, will retry push only)
[Mon Sep  7 15:53:50 CST 2026] --- retry push only: channel=a02 seq=18 ---
[Mon Sep  7 15:53:51 CST 2026] --- start channel=kalmannet-daily-perbasin seq=51 ---
# On branch hpc-mailbox
# Your branch is ahead of 'origin/hpc-mailbox' by 1 commit.
#   (use "git push" to publish your local commits)
#
# Untracked files:
#   (use "git add <file>..." to include in what will be committed)
#
#	inbox/autoresearch-64/hbv_lite_64_prospective_seq62.slurm
#	inbox/gpucheck_ngu009.slurm
#	inbox/gpucheck_ngu101.slurm
#	payload/id29-nearing2022-da/closure_v12.tar.gz
#	payload/id29-nearing2022-da/closure_v13.tar.gz
#	payload/id29-nearing2022-da/gate_preflight_v1.tar.gz
#	runner.log
#	runner2.log
nothing added to commit but untracked files present (use "git add" to track)
[ERROR] push failed: a02/18 (result kept in staging, will retry push only)
[Mon Sep  7 15:55:32 CST 2026] done channel=kalmannet-daily-perbasin seq=51 rc=0
[Mon Sep  7 15:55:32 CST 2026] --- retry push only: channel=a02 seq=18 ---
# On branch hpc-mailbox
# Your branch is ahead of 'origin/hpc-mailbox' by 1 commit.
#   (use "git push" to publish your local commits)
#
# Untracked files:
#   (use "git add <file>..." to include in what will be committed)
#
#	inbox/autoresearch-64/hbv_lite_64_prospective_seq62.slurm
#	inbox/gpucheck_ngu009.slurm
#	inbox/gpucheck_ngu101.slurm
#	payload/id29-nearing2022-da/closure_v12.tar.gz
#	payload/id29-nearing2022-da/closure_v13.tar.gz
#	payload/id29-nearing2022-da/gate_preflight_v1.tar.gz
#	runner.log
#	runner2.log
nothing added to commit but untracked files present (use "git add" to track)
[ERROR] push failed: a02/18 (result kept in staging, will retry push only)
[Mon Sep  7 15:57:14 CST 2026] --- retry push only: channel=a02 seq=18 ---
# On branch hpc-mailbox
# Your branch is ahead of 'origin/hpc-mailbox' by 1 commit.
#   (use "git push" to publish your local commits)
#
# Untracked files:
#   (use "git add <file>..." to include in what will be committed)
#
#	inbox/autoresearch-64/hbv_lite_64_prospective_seq62.slurm
#	inbox/gpucheck_ngu009.slurm
#	inbox/gpucheck_ngu101.slurm
#	payload/id29-nearing2022-da/closure_v12.tar.gz
#	payload/id29-nearing2022-da/closure_v13.tar.gz
#	payload/id29-nearing2022-da/gate_preflight_v1.tar.gz
#	runner.log
#	runner2.log
nothing added to commit but untracked files present (use "git add" to track)
[ERROR] push failed: a02/18 (result kept in staging, will retry push only)
[Mon Sep  7 15:58:56 CST 2026] --- retry push only: channel=a02 seq=18 ---
# On branch hpc-mailbox
# Your branch is ahead of 'origin/hpc-mailbox' by 1 commit.
#   (use "git push" to publish your local commits)
#
# Untracked files:
#   (use "git add <file>..." to include in what will be committed)
#
#	inbox/autoresearch-64/hbv_lite_64_prospective_seq62.slurm
#	inbox/gpucheck_ngu009.slurm
#	inbox/gpucheck_ngu101.slurm
#	payload/id29-nearing2022-da/closure_v12.tar.gz
#	payload/id29-nearing2022-da/closure_v13.tar.gz
#	payload/id29-nearing2022-da/gate_preflight_v1.tar.gz
#	runner.log
#	runner2.log
nothing added to commit but untracked files present (use "git add" to track)
[Mon Sep  7 16:01:50 CST 2026] --- start channel=kalmannet-daily-perbasin seq=52 ---
[ERROR] push failed: a02/18 (result kept in staging, will retry push only)
[Mon Sep  7 16:02:24 CST 2026] --- retry push only: channel=a02 seq=18 ---
[Mon Sep  7 16:02:30 CST 2026] done channel=kalmannet-daily-perbasin seq=52 rc=0
# On branch hpc-mailbox
# Your branch is ahead of 'origin/hpc-mailbox' by 1 commit.
#   (use "git push" to publish your local commits)
#
# Untracked files:
#   (use "git add <file>..." to include in what will be committed)
#
#	inbox/autoresearch-64/hbv_lite_64_prospective_seq62.slurm
#	inbox/gpucheck_ngu009.slurm
#	inbox/gpucheck_ngu101.slurm
#	payload/id29-nearing2022-da/closure_v12.tar.gz
#	payload/id29-nearing2022-da/closure_v13.tar.gz
#	payload/id29-nearing2022-da/gate_preflight_v1.tar.gz
#	runner.log
#	runner2.log
nothing added to commit but untracked files present (use "git add" to track)
[ERROR] push failed: a02/18 (result kept in staging, will retry push only)
[Mon Sep  7 16:05:50 CST 2026] --- retry push only: channel=a02 seq=18 ---
# On branch hpc-mailbox
# Your branch is ahead of 'origin/hpc-mailbox' by 1 commit.
#   (use "git push" to publish your local commits)
#
# Untracked files:
#   (use "git add <file>..." to include in what will be committed)
#
#	inbox/autoresearch-64/hbv_lite_64_prospective_seq62.slurm
#	inbox/gpucheck_ngu009.slurm
#	inbox/gpucheck_ngu101.slurm
#	payload/id29-nearing2022-da/closure_v12.tar.gz
#	payload/id29-nearing2022-da/closure_v13.tar.gz
#	payload/id29-nearing2022-da/gate_preflight_v1.tar.gz
#	runner.log
#	runner2.log
nothing added to commit but untracked files present (use "git add" to track)
[ERROR] push failed: a02/18 (result kept in staging, will retry push only)
[Mon Sep  7 16:07:31 CST 2026] --- retry push only: channel=a02 seq=18 ---
# On branch hpc-mailbox
# Your branch is ahead of 'origin/hpc-mailbox' by 1 commit.
#   (use "git push" to publish your local commits)
#
# Untracked files:
#   (use "git add <file>..." to include in what will be committed)
#
#	inbox/autoresearch-64/hbv_lite_64_prospective_seq62.slurm
#	inbox/gpucheck_ngu009.slurm
#	inbox/gpucheck_ngu101.slurm
#	payload/id29-nearing2022-da/closure_v12.tar.gz
#	payload/id29-nearing2022-da/closure_v13.tar.gz
#	payload/id29-nearing2022-da/gate_preflight_v1.tar.gz
#	runner.log
#	runner2.log
nothing added to commit but untracked files present (use "git add" to track)
[ERROR] push failed: a02/18 (result kept in staging, will retry push only)
[Mon Sep  7 16:09:14 CST 2026] --- retry push only: channel=a02 seq=18 ---
# On branch hpc-mailbox
# Your branch is ahead of 'origin/hpc-mailbox' by 1 commit.
#   (use "git push" to publish your local commits)
#
# Untracked files:
#   (use "git add <file>..." to include in what will be committed)
#
#	inbox/autoresearch-64/hbv_lite_64_prospective_seq62.slurm
#	inbox/gpucheck_ngu009.slurm
#	inbox/gpucheck_ngu101.slurm
#	payload/id29-nearing2022-da/closure_v12.tar.gz
#	payload/id29-nearing2022-da/closure_v13.tar.gz
#	payload/id29-nearing2022-da/gate_preflight_v1.tar.gz
#	runner.log
#	runner2.log
nothing added to commit but untracked files present (use "git add" to track)
[ERROR] push failed: a02/18 (result kept in staging, will retry push only)
[Mon Sep  7 16:12:37 CST 2026] --- retry push only: channel=a02 seq=18 ---
# On branch hpc-mailbox
# Your branch is ahead of 'origin/hpc-mailbox' by 1 commit.
#   (use "git push" to publish your local commits)
#
# Untracked files:
#   (use "git add <file>..." to include in what will be committed)
#
#	inbox/autoresearch-64/hbv_lite_64_prospective_seq62.slurm
#	inbox/gpucheck_ngu009.slurm
#	inbox/gpucheck_ngu101.slurm
#	payload/id29-nearing2022-da/closure_v12.tar.gz
#	payload/id29-nearing2022-da/closure_v13.tar.gz
#	payload/id29-nearing2022-da/gate_preflight_v1.tar.gz
#	runner.log
#	runner2.log
nothing added to commit but untracked files present (use "git add" to track)
[ERROR] push failed: a02/18 (result kept in staging, will retry push only)
[Mon Sep  7 16:16:01 CST 2026] --- retry push only: channel=a02 seq=18 ---
# On branch hpc-mailbox
# Your branch is ahead of 'origin/hpc-mailbox' by 1 commit.
#   (use "git push" to publish your local commits)
#
# Untracked files:
#   (use "git add <file>..." to include in what will be committed)
#
#	inbox/autoresearch-64/hbv_lite_64_prospective_seq62.slurm
#	inbox/gpucheck_ngu009.slurm
#	inbox/gpucheck_ngu101.slurm
#	payload/id29-nearing2022-da/closure_v12.tar.gz
#	payload/id29-nearing2022-da/closure_v13.tar.gz
#	payload/id29-nearing2022-da/gate_preflight_v1.tar.gz
#	runner.log
#	runner2.log
nothing added to commit but untracked files present (use "git add" to track)
[ERROR] push failed: a02/18 (result kept in staging, will retry push only)
[Mon Sep  7 16:17:46 CST 2026] --- retry push only: channel=a02 seq=18 ---
[Mon Sep  7 16:17:47 CST 2026] --- start channel=kalmannet-daily-perbasin seq=53 ---
# On branch hpc-mailbox
# Your branch is ahead of 'origin/hpc-mailbox' by 1 commit.
#   (use "git push" to publish your local commits)
#
# Untracked files:
#   (use "git add <file>..." to include in what will be committed)
#
#	inbox/autoresearch-64/hbv_lite_64_prospective_seq62.slurm
#	inbox/gpucheck_ngu009.slurm
#	inbox/gpucheck_ngu101.slurm
#	payload/id29-nearing2022-da/closure_v12.tar.gz
#	payload/id29-nearing2022-da/closure_v13.tar.gz
#	payload/id29-nearing2022-da/gate_preflight_v1.tar.gz
#	runner.log
#	runner2.log
nothing added to commit but untracked files present (use "git add" to track)
[ERROR] push failed: a02/18 (result kept in staging, will retry push only)
[Mon Sep  7 16:19:28 CST 2026] --- retry push only: channel=a02 seq=18 ---
[Mon Sep  7 16:19:29 CST 2026] done channel=kalmannet-daily-perbasin seq=53 rc=0
# On branch hpc-mailbox
# Your branch is ahead of 'origin/hpc-mailbox' by 1 commit.
#   (use "git push" to publish your local commits)
#
# Untracked files:
#   (use "git add <file>..." to include in what will be committed)
#
#	inbox/autoresearch-64/hbv_lite_64_prospective_seq62.slurm
#	inbox/gpucheck_ngu009.slurm
#	inbox/gpucheck_ngu101.slurm
#	payload/id29-nearing2022-da/closure_v12.tar.gz
#	payload/id29-nearing2022-da/closure_v13.tar.gz
#	payload/id29-nearing2022-da/gate_preflight_v1.tar.gz
#	runner.log
#	runner2.log
nothing added to commit but untracked files present (use "git add" to track)
[ERROR] push failed: a02/18 (result kept in staging, will retry push only)
[Mon Sep  7 16:21:10 CST 2026] --- retry push only: channel=a02 seq=18 ---
# On branch hpc-mailbox
# Your branch is ahead of 'origin/hpc-mailbox' by 1 commit.
#   (use "git push" to publish your local commits)
#
# Untracked files:
#   (use "git add <file>..." to include in what will be committed)
#
#	inbox/autoresearch-64/hbv_lite_64_prospective_seq62.slurm
#	inbox/gpucheck_ngu009.slurm
#	inbox/gpucheck_ngu101.slurm
#	payload/id29-nearing2022-da/closure_v12.tar.gz
#	payload/id29-nearing2022-da/closure_v13.tar.gz
#	payload/id29-nearing2022-da/gate_preflight_v1.tar.gz
#	runner.log
#	runner2.log
nothing added to commit but untracked files present (use "git add" to track)
[Mon Sep  7 16:22:23 CST 2026] --- start channel=kalmannet-daily-perbasin seq=54 ---
[ERROR] push failed: a02/18 (result kept in staging, will retry push only)
[Mon Sep  7 16:22:57 CST 2026] --- retry push only: channel=a02 seq=18 ---
# On branch hpc-mailbox
# Your branch is ahead of 'origin/hpc-mailbox' by 1 commit.
#   (use "git push" to publish your local commits)
#
# Untracked files:
#   (use "git add <file>..." to include in what will be committed)
#
#	inbox/autoresearch-64/hbv_lite_64_prospective_seq62.slurm
#	inbox/gpucheck_ngu009.slurm
#	inbox/gpucheck_ngu101.slurm
#	payload/id29-nearing2022-da/closure_v12.tar.gz
#	payload/id29-nearing2022-da/closure_v13.tar.gz
#	payload/id29-nearing2022-da/gate_preflight_v1.tar.gz
#	runner.log
#	runner2.log
nothing added to commit but untracked files present (use "git add" to track)
[Mon Sep  7 16:25:20 CST 2026] done channel=kalmannet-daily-perbasin seq=54 rc=1
# On branch hpc-mailbox
# Your branch is ahead of 'origin/hpc-mailbox' by 1 commit.
#   (use "git push" to publish your local commits)
#
# Untracked files:
#   (use "git add <file>..." to include in what will be committed)
#
#	inbox/autoresearch-64/hbv_lite_64_prospective_seq62.slurm
#	inbox/gpucheck_ngu009.slurm
#	inbox/gpucheck_ngu101.slurm
#	payload/id29-nearing2022-da/closure_v12.tar.gz
#	payload/id29-nearing2022-da/closure_v13.tar.gz
#	payload/id29-nearing2022-da/gate_preflight_v1.tar.gz
#	runner.log
#	runner2.log
nothing added to commit but untracked files present (use "git add" to track)
[ERROR] push failed: a02/18 (result kept in staging, will retry push only)
[Mon Sep  7 16:29:16 CST 2026] --- retry push only: channel=a02 seq=18 ---
# On branch hpc-mailbox
# Your branch is ahead of 'origin/hpc-mailbox' by 1 commit.
#   (use "git push" to publish your local commits)
#
# Untracked files:
#   (use "git add <file>..." to include in what will be committed)
#
#	inbox/autoresearch-64/hbv_lite_64_prospective_seq62.slurm
#	inbox/gpucheck_ngu009.slurm
#	inbox/gpucheck_ngu101.slurm
#	payload/id29-nearing2022-da/closure_v12.tar.gz
#	payload/id29-nearing2022-da/closure_v13.tar.gz
#	payload/id29-nearing2022-da/gate_preflight_v1.tar.gz
#	runner.log
#	runner2.log
nothing added to commit but untracked files present (use "git add" to track)
[ERROR] push failed: a02/18 (result kept in staging, will retry push only)
[Mon Sep  7 16:31:03 CST 2026] --- retry push only: channel=a02 seq=18 ---
[Mon Sep  7 16:31:03 CST 2026] --- start channel=kalmannet-daily-perbasin seq=55 ---
# On branch hpc-mailbox
# Your branch is ahead of 'origin/hpc-mailbox' by 1 commit.
#   (use "git push" to publish your local commits)
#
# Untracked files:
#   (use "git add <file>..." to include in what will be committed)
#
#	inbox/autoresearch-64/hbv_lite_64_prospective_seq62.slurm
#	inbox/gpucheck_ngu009.slurm
#	inbox/gpucheck_ngu101.slurm
#	payload/id29-nearing2022-da/closure_v12.tar.gz
#	payload/id29-nearing2022-da/closure_v13.tar.gz
#	payload/id29-nearing2022-da/gate_preflight_v1.tar.gz
#	runner.log
#	runner2.log
nothing added to commit but untracked files present (use "git add" to track)
[ERROR] push failed: a02/18 (result kept in staging, will retry push only)
[Mon Sep  7 16:32:45 CST 2026] --- retry push only: channel=a02 seq=18 ---
[Mon Sep  7 16:32:46 CST 2026] done channel=kalmannet-daily-perbasin seq=55 rc=0
# On branch hpc-mailbox
# Your branch is ahead of 'origin/hpc-mailbox' by 1 commit.
#   (use "git push" to publish your local commits)
#
# Untracked files:
#   (use "git add <file>..." to include in what will be committed)
#
#	inbox/autoresearch-64/hbv_lite_64_prospective_seq62.slurm
#	inbox/gpucheck_ngu009.slurm
#	inbox/gpucheck_ngu101.slurm
#	payload/id29-nearing2022-da/closure_v12.tar.gz
#	payload/id29-nearing2022-da/closure_v13.tar.gz
#	payload/id29-nearing2022-da/gate_preflight_v1.tar.gz
#	runner.log
#	runner2.log
nothing added to commit but untracked files present (use "git add" to track)
[ERROR] push failed: a02/18 (result kept in staging, will retry push only)
[Mon Sep  7 16:34:27 CST 2026] --- retry push only: channel=a02 seq=18 ---
# On branch hpc-mailbox
# Your branch is ahead of 'origin/hpc-mailbox' by 1 commit.
#   (use "git push" to publish your local commits)
#
# Untracked files:
#   (use "git add <file>..." to include in what will be committed)
#
#	inbox/autoresearch-64/hbv_lite_64_prospective_seq62.slurm
#	inbox/gpucheck_ngu009.slurm
#	inbox/gpucheck_ngu101.slurm
#	payload/id29-nearing2022-da/closure_v12.tar.gz
#	payload/id29-nearing2022-da/closure_v13.tar.gz
#	payload/id29-nearing2022-da/gate_preflight_v1.tar.gz
#	runner.log
#	runner2.log
nothing added to commit but untracked files present (use "git add" to track)
[ERROR] push failed: a02/18 (result kept in staging, will retry push only)
[Mon Sep  7 16:38:34 CST 2026] --- retry push only: channel=a02 seq=18 ---
# On branch hpc-mailbox
# Your branch is ahead of 'origin/hpc-mailbox' by 1 commit.
#   (use "git push" to publish your local commits)
#
# Untracked files:
#   (use "git add <file>..." to include in what will be committed)
#
#	inbox/autoresearch-64/hbv_lite_64_prospective_seq62.slurm
#	inbox/gpucheck_ngu009.slurm
#	inbox/gpucheck_ngu101.slurm
#	payload/id29-nearing2022-da/closure_v12.tar.gz
#	payload/id29-nearing2022-da/closure_v13.tar.gz
#	payload/id29-nearing2022-da/gate_preflight_v1.tar.gz
#	runner.log
#	runner2.log
nothing added to commit but untracked files present (use "git add" to track)
[ERROR] push failed: a02/18 (result kept in staging, will retry push only)
[Mon Sep  7 16:41:06 CST 2026] --- retry push only: channel=a02 seq=18 ---
[Mon Sep  7 16:41:07 CST 2026] --- start channel=kalmannet-daily-perbasin seq=56 ---
# On branch hpc-mailbox
# Your branch is ahead of 'origin/hpc-mailbox' by 1 commit.
#   (use "git push" to publish your local commits)
#
# Untracked files:
#   (use "git add <file>..." to include in what will be committed)
#
#	inbox/autoresearch-64/hbv_lite_64_prospective_seq62.slurm
#	inbox/gpucheck_ngu009.slurm
#	inbox/gpucheck_ngu101.slurm
#	payload/id29-nearing2022-da/closure_v12.tar.gz
#	payload/id29-nearing2022-da/closure_v13.tar.gz
#	payload/id29-nearing2022-da/gate_preflight_v1.tar.gz
#	runner.log
#	runner2.log
nothing added to commit but untracked files present (use "git add" to track)
[ERROR] push failed: a02/18 (result kept in staging, will retry push only)
[Mon Sep  7 16:43:24 CST 2026] --- retry push only: channel=a02 seq=18 ---
[Mon Sep  7 16:43:36 CST 2026] done channel=kalmannet-daily-perbasin seq=56 rc=0
# On branch hpc-mailbox
# Your branch is ahead of 'origin/hpc-mailbox' by 1 commit.
#   (use "git push" to publish your local commits)
#
# Untracked files:
#   (use "git add <file>..." to include in what will be committed)
#
#	inbox/autoresearch-64/hbv_lite_64_prospective_seq62.slurm
#	inbox/gpucheck_ngu009.slurm
#	inbox/gpucheck_ngu101.slurm
#	payload/id29-nearing2022-da/closure_v12.tar.gz
#	payload/id29-nearing2022-da/closure_v13.tar.gz
#	payload/id29-nearing2022-da/gate_preflight_v1.tar.gz
#	runner.log
#	runner2.log
nothing added to commit but untracked files present (use "git add" to track)
[ERROR] push failed: a02/18 (result kept in staging, will retry push only)
[Mon Sep  7 16:45:40 CST 2026] --- retry push only: channel=a02 seq=18 ---
# On branch hpc-mailbox
# Your branch is ahead of 'origin/hpc-mailbox' by 1 commit.
#   (use "git push" to publish your local commits)
#
# Untracked files:
#   (use "git add <file>..." to include in what will be committed)
#
#	inbox/autoresearch-64/hbv_lite_64_prospective_seq62.slurm
#	inbox/gpucheck_ngu009.slurm
#	inbox/gpucheck_ngu101.slurm
#	payload/id29-nearing2022-da/closure_v12.tar.gz
#	payload/id29-nearing2022-da/closure_v13.tar.gz
#	payload/id29-nearing2022-da/gate_preflight_v1.tar.gz
#	runner.log
#	runner2.log
nothing added to commit but untracked files present (use "git add" to track)
[ERROR] push failed: a02/18 (result kept in staging, will retry push only)
[Mon Sep  7 16:47:56 CST 2026] --- retry push only: channel=a02 seq=18 ---
# On branch hpc-mailbox
# Your branch is ahead of 'origin/hpc-mailbox' by 1 commit.
#   (use "git push" to publish your local commits)
#
# Untracked files:
#   (use "git add <file>..." to include in what will be committed)
#
#	inbox/autoresearch-64/hbv_lite_64_prospective_seq62.slurm
#	inbox/gpucheck_ngu009.slurm
#	inbox/gpucheck_ngu101.slurm
#	payload/id29-nearing2022-da/closure_v12.tar.gz
#	payload/id29-nearing2022-da/closure_v13.tar.gz
#	payload/id29-nearing2022-da/gate_preflight_v1.tar.gz
#	runner.log
#	runner2.log
nothing added to commit but untracked files present (use "git add" to track)
[ERROR] push failed: a02/18 (result kept in staging, will retry push only)
[Mon Sep  7 16:51:27 CST 2026] --- retry push only: channel=a02 seq=18 ---
# On branch hpc-mailbox
# Your branch is ahead of 'origin/hpc-mailbox' by 1 commit.
#   (use "git push" to publish your local commits)
#
# Untracked files:
#   (use "git add <file>..." to include in what will be committed)
#
#	inbox/autoresearch-64/hbv_lite_64_prospective_seq62.slurm
#	inbox/gpucheck_ngu009.slurm
#	inbox/gpucheck_ngu101.slurm
#	payload/id29-nearing2022-da/closure_v12.tar.gz
#	payload/id29-nearing2022-da/closure_v13.tar.gz
#	payload/id29-nearing2022-da/gate_preflight_v1.tar.gz
#	runner.log
#	runner2.log
nothing added to commit but untracked files present (use "git add" to track)
[ERROR] push failed: a02/18 (result kept in staging, will retry push only)
[Mon Sep  7 16:55:00 CST 2026] --- retry push only: channel=a02 seq=18 ---
# On branch hpc-mailbox
# Your branch is ahead of 'origin/hpc-mailbox' by 1 commit.
#   (use "git push" to publish your local commits)
#
# Untracked files:
#   (use "git add <file>..." to include in what will be committed)
#
#	inbox/autoresearch-64/hbv_lite_64_prospective_seq62.slurm
#	inbox/gpucheck_ngu009.slurm
#	inbox/gpucheck_ngu101.slurm
#	payload/id29-nearing2022-da/closure_v12.tar.gz
#	payload/id29-nearing2022-da/closure_v13.tar.gz
#	payload/id29-nearing2022-da/gate_preflight_v1.tar.gz
#	runner.log
#	runner2.log
nothing added to commit but untracked files present (use "git add" to track)
[ERROR] push failed: a02/18 (result kept in staging, will retry push only)
[Mon Sep  7 16:58:28 CST 2026] --- retry push only: channel=a02 seq=18 ---
# On branch hpc-mailbox
# Your branch is ahead of 'origin/hpc-mailbox' by 1 commit.
#   (use "git push" to publish your local commits)
#
# Untracked files:
#   (use "git add <file>..." to include in what will be committed)
#
#	inbox/autoresearch-64/hbv_lite_64_prospective_seq62.slurm
#	inbox/gpucheck_ngu009.slurm
#	inbox/gpucheck_ngu101.slurm
#	payload/id29-nearing2022-da/closure_v12.tar.gz
#	payload/id29-nearing2022-da/closure_v13.tar.gz
#	payload/id29-nearing2022-da/gate_preflight_v1.tar.gz
#	runner.log
#	runner2.log
nothing added to commit but untracked files present (use "git add" to track)
[ERROR] push failed: a02/18 (result kept in staging, will retry push only)
[Mon Sep  7 17:02:37 CST 2026] --- retry push only: channel=a02 seq=18 ---
[Mon Sep  7 17:02:37 CST 2026] --- start channel=id29-nearing2022-da seq=528 ---
# On branch hpc-mailbox
# Your branch is ahead of 'origin/hpc-mailbox' by 1 commit.
#   (use "git push" to publish your local commits)
#
# Untracked files:
#   (use "git add <file>..." to include in what will be committed)
#
#	inbox/autoresearch-64/hbv_lite_64_prospective_seq62.slurm
#	inbox/gpucheck_ngu009.slurm
#	inbox/gpucheck_ngu101.slurm
#	payload/id29-nearing2022-da/closure_v12.tar.gz
#	payload/id29-nearing2022-da/closure_v13.tar.gz
#	payload/id29-nearing2022-da/gate_preflight_v1.tar.gz
#	runner.log
#	runner2.log
nothing added to commit but untracked files present (use "git add" to track)
