basin_id,model,period,nse,kge,bias,peak_bias,lowflow_bias,parameter_count,solver_name,family,run_status,error_message,_elapsed_s,_cal_nse,p_parTT,p_parCFMAX,p_parCFR,p_parCWH,p_parFC,p_parBETA,p_parLP,p_parK0,p_parK1,p_parUZL,p_parPERC,p_parK2,p_lag_time,state_SNOWPACK,state_MELTWATER,state_SM,state_SUZ,state_SLZ,state_init_mode
01022500,hbv_lite_cma,evaluation,0.712645,0.757559,0.144622,-0.070234,1.461719,13,explicit_euler_dt1,hbv,success,,56.26,0.8011,-2.4999999363374905,1.219685561175137,0.031777318026149,4.450486621633378e-09,251.97363498762195,2.9488642398802103,0.5221624101476205,0.3005874554595624,0.2858744214051903,25.533009343158337,5.195309118727859,0.0445510431826771,4.751632111515522,0.0,0.0,238.81993997784824,10.58825756570342,44.05892091223784,cal_final_2008-09-30
01031500,hbv_lite_cma,evaluation,0.704172,0.715413,0.225514,-0.037389,3.742894,13,explicit_euler_dt1,hbv,success,,38.48,0.6577,-2.5,1.7165363199170225,0.0040570601004394,2.3067091768723507e-14,335.96271527095683,5.999999930692841,0.3134440404125134,0.0606100235902238,0.3379099386110177,119.56306199425488,4.73194484709608,0.0594472489442564,2.836879557490005,0.0,0.0,320.7462113709564,1.3580405227067174,29.81861103781623,cal_final_2008-09-30
01047000,hbv_lite_cma,evaluation,0.6904,0.763298,0.097637,-0.096833,1.833528,13,explicit_euler_dt1,hbv,success,,30.1,0.6566,-2.499988462123137,1.4809553594193845,0.0533208914982477,9.310394858484744e-09,163.19289401410262,2.289784551748299,0.2007770578434055,0.1739528220025442,0.1630308615700512,16.38912794746732,2.1590103742170665,0.0352831938713537,1.7773390473109794,0.0,0.0,148.4771136950831,14.294585805566674,36.72396876570897,cal_final_2008-09-30
01052500,hbv_lite_cma,evaluation,0.736784,0.844611,0.03961,-0.11808,1.323803,13,explicit_euler_dt1,hbv,success,,29.85,0.778,-0.7801584972571658,3.0953115061265337,0.0858581025414176,3.369519952493984e-09,322.4153793449407,4.964916383721105,0.6441891701800866,0.5919427675735704,0.364992330396195,24.37444028403415,5.372671338584135,0.0943298502207885,1.998158164951186,0.0,0.0,299.39315129824973,0.0,18.968394267175928,cal_final_2008-09-30
01054200,hbv_lite_cma,evaluation,0.593681,0.623389,0.140482,-0.154345,3.139964,13,explicit_euler_dt1,hbv,success,,29.4,0.5184,-2.474869464803807,1.1163573245653238,0.09983104324623,0.0444109023351101,174.4144892877908,1.0222717131389265,0.210197774747821,0.5638586902490965,0.384582269394913,6.721111462470991,5.4980579336449695,0.0783642036435337,1.159238157231515,0.0,0.0,133.52612579459276,0.0,28.288717758164115,cal_final_2008-09-30
01055000,hbv_lite_cma,evaluation,0.573532,0.648852,0.119277,-0.134798,2.642623,13,explicit_euler_dt1,hbv,success,,30.36,0.6104,-2.4999999988250146,1.9741519608375129,0.0646667788666726,8.515792430325057e-14,50.00000000559563,5.999999998804468,0.2000000000091003,0.0504842844412237,0.4999999999902885,168.96713516599877,6.655695983837779,0.0456548447679823,1.310418794240781,0.0,0.0,48.87057120505317,0.0,50.15377828957169,cal_final_2008-09-30
01057000,hbv_lite_cma,evaluation,0.608886,0.538639,0.376693,-0.039145,6.330078,13,explicit_euler_dt1,hbv,success,,31.49,0.6345,-2.320003172467185,1.651973850023469,0.0368245982089799,1.1730605907353934e-08,526.3427125996108,5.999945314914779,0.5786723593187937,0.7805715143542996,0.2836308462183753,184.16218164137484,6.137942200174189,0.0434551431690864,1.0134379973328334,0.0,0.0,513.4126052445819,12.450365293481989,60.8407611988201,cal_final_2008-09-30
01073000,hbv_lite_cma,evaluation,0.790171,0.700577,0.278844,-0.014673,4.812405,13,explicit_euler_dt1,hbv,success,,27.74,0.8012,-1.100004110633865,1.4179831996658168,0.0072912222099742,0.0727584722339204,738.0133438599962,5.99569502717396,0.3769211261118049,0.9899998374606576,0.4981388496739369,26.605413100878582,11.517990731433464,0.1006779298502587,1.7834289541496946,0.0,0.0,720.4137312067919,0.0,45.22178948905588,cal_final_2008-09-30
01078000,hbv_lite_cma,evaluation,0.716598,0.728715,0.22797,-0.044098,3.177723,13,explicit_euler_dt1,hbv,success,,32.44,0.7072,-1.6500501649120958,1.7903241413520006,0.0206198482219615,0.0515148828680145,186.7225847729661,1.0720322081476288,0.2000150611793647,0.5479269215454877,0.197145441723683,36.2632074125278,3.575324422669242,0.0520922658588568,1.8601383263825897,0.0,0.0,127.83973701880691,1.6510172160253511,33.79291227905891,cal_final_2008-09-30
01123000,hbv_lite_cma,evaluation,0.462333,0.488248,0.458638,0.010671,3.464436,13,explicit_euler_dt1,hbv,success,,28.44,0.5564,-2.0334446684591745,1.0683882101345965,0.051200478233523,3.117313528218795e-08,797.1411865498411,5.999999949297162,0.2752604800447226,0.1739212011989939,0.3973981719492448,43.64660206004485,9.030940333573175,0.0417627960393381,1.9283893576819724,0.0,0.0,760.3520745086535,0.0,70.03623833163974,cal_final_2008-09-30
01134500,hbv_lite_cma,evaluation,0.644112,0.761355,0.097622,-0.068754,1.508095,13,explicit_euler_dt1,hbv,success,,30.58,0.6841,-1.6600085499270418,1.8717388563611463,0.0327150463113332,9.393603180686058e-10,120.117553373434,1.6741881034594797,0.2000400111998175,0.5876510092183796,0.3047737273903605,135.4269669305938,3.267519652656765,0.0639236710530796,1.44964313371978,0.0,0.0,84.63215266779711,0.0,16.872145151851022,cal_final_2008-09-30
01137500,hbv_lite_cma,evaluation,0.342196,0.373308,0.54313,0.027447,3.501265,13,explicit_euler_dt1,hbv,success,,31.58,0.5221,-2.159998616489077,1.9080431346894728,0.0181037675249728,1.4695623632185332e-08,377.5105996363055,1.000000787376233,0.5532812700165635,0.989992774217026,0.2559324151852916,117.58366843365567,6.763187498101489,0.0004206138264957,1.2639971073331444,0.0,0.0,292.9817318462039,0.5114828769045973,5043.772798858219,cal_final_2008-09-30
01139000,hbv_lite_cma,evaluation,0.530338,0.628582,0.224141,-0.132983,2.931937,13,explicit_euler_dt1,hbv,success,,47.62,0.6517,-1.4100354089042348,1.8485192603140883,0.0496852530449271,2.57976828385167e-07,169.9900319651512,1.0001143216134607,0.29332942298269,0.6796577098400141,0.4021277247409723,0.0001728512041127,4.942011253541797,0.0005485656977474,7.700177832595437,0.0,0.0,99.4448275674196,0.0,2333.9628986497405,cal_final_2008-09-30
01139800,hbv_lite_cma,evaluation,0.551487,0.665793,0.21099,-0.057568,2.513221,13,explicit_euler_dt1,hbv,success,,74.14,0.6659,-1.1200092400677533,2.110929660142848,0.0038504182579158,0.0397574785992763,410.90609067197903,4.50676471106241,0.3305811464262391,0.5165573492567719,0.0670356511593695,166.17648297493483,1.7476102612684838,0.0006105093567987,1.908880070361216,0.0,0.0,359.897380919018,0.7074698309463244,1833.310950947669,cal_final_2008-09-30
01142500,hbv_lite_cma,evaluation,0.408724,0.523451,0.343663,-0.040504,3.346142,13,explicit_euler_dt1,hbv,success,,93.4,0.6625,-1.163670350468618,3.307172115386868,0.0264455974759351,0.0688765827052358,161.56885941672772,1.001378156635963,0.2953822861275437,0.9886688425535922,0.4897223977948551,0.0282588788167688,5.085952474161336,0.000421707710625,14.09707695274935,0.0,0.0,94.00257453384717,0.0,2429.733402178697,cal_final_2008-09-30
01144000,hbv_lite_cma,evaluation,0.593697,0.554624,0.402054,0.034804,2.669461,13,explicit_euler_dt1,hbv,success,,46.72,0.6292,-1.7400027773799305,2.404605750440384,0.0030457740711954,6.438630035353224e-05,409.3711948347072,5.872561781361224,0.7321939724929696,0.7280361217316161,0.2551662625431827,152.7058280112958,8.633773413078329,0.0544023748072704,1.9131342387501264,0.0,0.0,371.9072891058019,0.0,27.95258238641479,cal_final_2008-09-30
01162500,hbv_lite_cma,evaluation,0.629932,0.658871,0.227361,-0.105961,4.533893,13,explicit_euler_dt1,hbv,success,,68.21,0.6611,-2.469948635404457,1.4337141497708878,0.0045174331022642,1.22061396197947e-08,397.4304376590605,5.99914993514566,0.6526067275926479,0.067405524816225,0.2481250319248907,195.99642417805683,5.749207825455062,0.0580519585964356,3.364406519679137,0.0,0.0,381.54261884597673,0.0,41.20231705825253,cal_final_2008-09-30
01169000,hbv_lite_cma,evaluation,0.498811,0.649561,0.259462,-0.008536,2.631751,13,explicit_euler_dt1,hbv,success,,27.99,0.6595,-2.4900498406670604,1.3506639432452014,0.0168297673972202,1.4639480753190026e-07,285.6301758925031,5.95528130836581,0.2046644972379456,0.650069978232849,0.2137419320400945,20.83382480365381,3.9044900085496144,0.0575419710314693,1.0311686650879417,0.0,0.0,277.1984425616579,2.725548706912284,37.12074476292041,cal_final_2008-09-30
01170100,hbv_lite_cma,evaluation,0.49457,0.625627,0.268666,-0.030484,3.155293,13,explicit_euler_dt1,hbv,success,,29.26,0.6337,-1.8599947578275424,1.5978589424561551,0.0081990072233951,4.2217514631099095e-08,279.7324156811605,4.626731513229116,0.6065961230740153,0.5172369026822714,0.2082386414155751,21.75982111260447,5.072577190840745,0.0520863215225431,1.818618708010288,0.0,0.0,267.5164045305511,0.0,49.34616773133074,cal_final_2008-09-30
01181000,hbv_lite_cma,evaluation,0.567648,0.707105,0.19968,-0.048078,2.673294,13,explicit_euler_dt1,hbv,success,,28.21,0.6296,-2.4500007519351423,1.2733890339170566,0.0336630344026006,0.0852192808054943,284.2577352994465,4.654220534702292,0.6276048924489972,0.5905561216220233,0.2722630725734387,24.044892944021484,3.494945287041012,0.0735806510622279,1.0264086699391035,0.0,0.0,272.14846297979955,1.8086864955558384,26.53799189825421,cal_final_2008-09-30
01187300,hbv_lite_cma,evaluation,0.630108,0.633935,0.243606,-0.085439,7.786848,13,explicit_euler_dt1,hbv,success,,27.8,0.6575,-0.9699955911321404,1.776823436150404,0.0954070443709033,5.594184535942871e-10,711.4632615369482,5.997717946107891,0.2676551600730571,0.4423951483263096,0.2199470975457145,12.05636870667808,4.163159129358547,0.0607763378013587,1.0297081303968696,0.0,0.0,680.4774929505177,1.5844664468703424,37.35740664733047,cal_final_2008-09-30
01195100,hbv_lite_cma,evaluation,0.521758,0.52187,0.394095,-0.036469,10.643133,13,explicit_euler_dt1,hbv,success,,28.21,0.6013,-0.3999999751420318,2.174299859203773,0.092996805853502,4.650338269647551e-09,892.5500572616672,5.999999950927604,0.258164361398308,0.1763661825631535,0.4576918283830121,1.0498819080285962e-08,9.375061207933287,0.0639410755766312,1.7983560949954436,0.0,0.0,850.1482963420384,0.0,44.10318909173023,cal_final_2008-09-30
01333000,hbv_lite_cma,evaluation,0.59171,0.674713,0.226808,-0.079256,2.334647,13,explicit_euler_dt1,hbv,success,,58.3,0.6176,-1.7010301364584033,2.172479690194546,0.0348786097920493,1.2957133901416796e-05,267.5544950300431,5.974155522774169,0.7032378711502127,0.9899970579736987,0.2463796675092517,58.79447054499396,7.612808756499855,0.0760731740525596,1.628313682130929,0.0,0.0,252.8332377906721,0.0,29.299640008119617,cal_final_2008-09-30
01350000,hbv_lite_cma,evaluation,0.602212,0.578789,0.261913,-0.140359,4.830134,13,explicit_euler_dt1,hbv,success,,27.97,0.6398,-1.8000000819406736,2.5419345529896176,0.0591558832321086,1.2427314816543474e-10,324.9308032581622,5.999995816221463,0.4872783342730815,0.6852983921270794,0.4155471366550378,120.98476212077072,8.970227633088765,0.058476078967184,1.6516793756858013,0.0,0.0,309.8764166114293,0.0,44.0471998659862,cal_final_2008-09-30
01350080,hbv_lite_cma,evaluation,0.477814,0.394446,0.306253,-0.243773,8.609108,13,explicit_euler_dt1,hbv,success,,28.72,0.4646,-0.930002799907871,3.018757630655855,0.0258304361727094,5.0712190944048414e-08,637.706032201621,5.999419156155691,0.2552756883157978,0.9899991256596248,0.1967483059669703,85.32057851955102,7.747473593502544,0.0430860281641171,1.4896920178958464,0.0,0.0,585.5780609441593,0.0,44.05824266006926,cal_final_2008-09-30
01350140,hbv_lite_cma,evaluation,0.384554,0.35219,0.351835,-0.243759,25.596567,13,explicit_euler_dt1,hbv,success,,28.52,0.4514,-0.3900012034034348,3.941091125200962,0.0421219059758083,0.0611444567418764,607.1844963203125,3.76347856819052,0.3409077263656784,0.8303866556681752,0.2543059474099119,120.63008054712829,3.644931117138373,0.000474686947667,1.8407807638098024,0.0,0.0,519.4039001861184,0.6377792342150803,2469.6568995603047,cal_final_2008-09-30
01365000,hbv_lite_cma,evaluation,0.662004,0.717087,0.133906,-0.087027,1.498863,13,explicit_euler_dt1,hbv,success,,28.46,0.7259,-2.230015023120206,1.4763611562519778,6.31370348449902e-05,3.43300744542564e-08,375.6122654426809,5.901921402368187,0.473502831571609,0.8551152403171193,0.316341188833589,53.14167381234292,7.98193238231182,0.0726901760302824,1.5934943113637847,0.0,0.0,358.64602128653536,0.0,40.3262600708887,cal_final_2008-09-30
01411300,hbv_lite_cma,evaluation,0.462318,0.512036,0.120047,-0.249201,1.57344,13,explicit_euler_dt1,hbv,success,,103.41,0.4617,1.3519957499768176,4.665022433343051,0.0984490906087155,0.0627176718720233,287.437209675684,1.0052041452582017,0.2214272408294637,0.424124658760511,0.4870045957599364,49.93563177893583,6.361374522327083,0.0003060727657318,14.303861631512763,0.0,0.0,101.11227467956786,0.0,3104.223033360089,cal_final_2008-09-30
01413500,hbv_lite_cma,evaluation,0.538484,0.470755,0.280554,-0.189939,5.712961,13,explicit_euler_dt1,hbv,success,,34.47,0.5104,-2.1400003662297515,2.277418156764016,0.0999946825364131,0.0464012310854273,633.8632805626335,5.999923267787359,0.7295595735321121,0.7091679503146632,0.2660916741176344,145.49081357975183,9.29498064179284,0.0552902634879722,1.13174400596403,0.0,0.0,598.1071360655263,0.0,50.41732461446596,cal_final_2008-09-30
01414500,hbv_lite_cma,evaluation,0.535964,0.514311,0.219502,-0.192803,4.521604,13,explicit_euler_dt1,hbv,success,,28.27,0.4951,-2.4999979107409533,2.4727930064306505,0.0999999484483548,0.0529187090954231,648.8974098007952,5.999994668796878,0.6448039941126491,0.081524764731177,0.3226306324586797,139.31021337481127,11.117723092663049,0.0666002036434613,1.9571209202871205,0.0,0.0,617.7862862065969,0.0,50.386945832562986,cal_final_2008-09-30
01415000,hbv_lite_cma,evaluation,0.606029,0.584598,0.161281,-0.192128,6.27023,13,explicit_euler_dt1,hbv,success,,37.82,0.6418,-2.0800181439763064,2.063613631863584,0.0207190524583805,3.838737464357219e-07,390.6012319225413,3.629515337788493,0.6254674395753055,0.642131575984293,0.1427464589938125,36.21075915324562,1.7433143982786832,0.0003069252218059,2.428447405681994,0.0,0.0,343.23521390245674,9.715845235693305,2654.695083182742,cal_final_2008-09-30
01423000,hbv_lite_cma,evaluation,0.668774,0.593491,0.236988,-0.136981,3.988899,13,explicit_euler_dt1,hbv,success,,32.99,0.7044,-1.6802078322365066,2.087811041444734,0.0575175888341401,0.0094247513568999,331.1377458999533,5.997713915035747,0.2233086101147521,0.7515990234469931,0.1957325653014102,29.42842284005931,4.527989904047384,0.0635364960298719,2.0172603365659327,0.0,0.0,303.91137917357304,0.0,25.69426746853757,cal_final_2008-09-30
01434025,hbv_lite_cma,evaluation,0.491785,0.585049,0.275209,-0.086367,3.593871,13,explicit_euler_dt1,hbv,success,,28.43,0.5823,-2.300054505843012,1.9558895023139813,0.0284391261143936,0.1999523315608397,637.0831820071169,4.198867044027131,0.2273636718496775,0.9899997790896212,0.2607217484383083,53.49217914471234,8.475891556650481,0.0424953982927159,1.100243963364388,0.0,0.0,596.8124516820016,0.2706763247243881,80.35243095773652,cal_final_2008-09-30
01435000,hbv_lite_cma,evaluation,0.664118,0.716502,0.065151,-0.150912,1.115875,13,explicit_euler_dt1,hbv,success,,27.5,0.7079,-2.339945696569356,1.694677031181346,0.0295728813901933,0.0011927550172181,270.10713555435734,5.99981004866904,0.5425891321470828,0.6784001465600793,0.2084105108634049,22.09696893649344,5.968399172629633,0.056519890933863,1.116434098322122,0.0,0.0,260.58029627349333,1.6447125391594632,47.9095195909981,cal_final_2008-09-30
01439500,hbv_lite_cma,evaluation,0.698068,0.694508,0.131078,-0.137864,3.195445,13,explicit_euler_dt1,hbv,success,,36.36,0.7715,-2.050001156179895,1.33931345864476,0.031565464384037,3.0972321474429e-08,612.0544873077797,5.999991335737738,0.2487129943821438,0.9899999186437308,0.2949213748061363,17.320846773792304,7.82469905234991,0.0785729015056962,3.315149680986288,0.0,0.0,570.690631439098,2.070381400912641,39.23061127371146,cal_final_2008-09-30
01440000,hbv_lite_cma,evaluation,0.537897,0.61335,0.191564,-0.123308,2.818432,13,explicit_euler_dt1,hbv,success,,27.75,0.6529,-0.7600196545354831,3.9382082373513234,0.001139317468398,2.219013339280984e-06,873.567982506768,5.99982106357671,0.3047104695524344,0.5239372989306487,0.1574984981426352,22.763632705842827,5.905792261154802,0.056871743414714,1.0109186587765675,0.0,0.0,793.9362460628854,0.0,37.36556572871413,cal_final_2008-09-30
01440400,hbv_lite_cma,evaluation,0.633486,0.710405,0.176219,-0.060768,2.322102,13,explicit_euler_dt1,hbv,success,,27.92,0.6787,-2.0100000388695816,1.2124240440758878,0.0038138930008625,2.02012461180752e-08,556.4472339665055,5.999962826317296,0.7310280808196075,0.9899997050162967,0.3511083376217478,20.36473270294848,6.977682654764644,0.0987908530817381,1.020199452696536,0.0,0.0,521.0473996447474,4.153318750835664,30.646727044767225,cal_final_2008-09-30
01451800,hbv_lite_cma,evaluation,0.646708,0.672713,0.184348,-0.11524,1.77247,13,explicit_euler_dt1,hbv,success,,23.96,0.758,-2.499999999894828,2.4280672352398893,0.0109857801172423,5.855114916806353e-13,292.0914041404637,5.999999999999847,0.7589504504584816,0.9899999998552234,0.2438629374286047,24.14643998800219,4.205330822789593,0.0760929812987357,1.0194648390360028,0.0,0.0,273.6401845288641,3.233638063332166,19.42412091042666,cal_final_2008-09-30
01466500,hbv_lite_cma,evaluation,-1.493077,-0.06454,0.290423,0.218293,0.413908,13,explicit_euler_dt1,hbv,success,,88.0,0.3992,2.471778248150464,14.986304109740656,0.0117607818144663,0.0020635297757346,664.7363565533379,5.903790094800409,0.711409441185382,0.7465509778245736,0.0100005672038769,173.1129011832932,1.5994821999049664,0.0001082269002882,1.986393444122376,0.0,0.0,598.4543449551425,23.556053804903417,3803.428167801952,cal_final_2008-09-30
01484100,hbv_lite_cma,evaluation,0.222268,0.292138,0.485904,-0.22838,4.605222,13,explicit_euler_dt1,hbv,success,,60.59,0.2046,0.7999935525390138,3.1615210682739088,0.0295153874917961,0.0278589811329629,319.32853796612585,2.0614479383951423,0.3236552214569568,0.506075825627568,0.4983511001064029,102.22124631613636,15.802499195214027,0.0003107597817146,1.7802653792717544,0.0,0.0,168.5200592342884,0.0,3649.535650210866,cal_final_2008-09-30
01487000,hbv_lite_cma,evaluation,0.302879,0.415717,0.53568,0.199938,1.459683,13,explicit_euler_dt1,hbv,success,,28.42,0.5878,-1.3697583000097822,2.061293351139679,0.0143434766617449,7.560786428664363e-06,684.7816836288096,5.999999038399101,0.2968265708450094,0.9899984492370388,0.3219155242057296,30.204993160953,13.55061275137306,0.0285492310587018,1.6521792792532124,0.0,0.0,544.4012839144505,0.0,22.69003364886828,cal_final_2008-09-30
01491000,hbv_lite_cma,evaluation,0.661325,0.551005,0.355363,-0.033973,6.191141,13,explicit_euler_dt1,hbv,success,,30.61,0.6205,-0.5297412269410455,2.5602702275476634,0.0794765629623586,0.0561237782333177,599.6971211565545,4.974176362233274,0.3222028773684655,0.3475088890546329,0.180795139887138,17.713175929077046,2.418027912236237,0.0003416058038326,2.066904669526198,0.0,0.0,463.7216405353236,0.0,2314.486161891092,cal_final_2008-09-30
01510000,hbv_lite_cma,evaluation,0.668174,0.639586,0.243224,-0.139331,4.003544,13,explicit_euler_dt1,hbv,success,,29.19,0.7398,-2.490000935677919,1.6203548430963393,0.0007964754793398,0.0258095044293318,363.3710492183178,5.996796672633429,0.6236444559259159,0.9512902122060588,0.2850800860889693,19.63014840204001,5.01515929696858,0.0709088427025056,1.6473826912249645,0.0,0.0,322.7473485700106,0.0,15.327192081226034,cal_final_2008-09-30
01516500,hbv_lite_cma,evaluation,0.514778,0.567958,0.061604,-0.19342,9.365411,13,explicit_euler_dt1,hbv,success,,27.97,0.6987,-2.1899783686518286,1.393504299772338,0.0340069991391347,3.137559125714784e-08,474.4244531741721,5.990845577796428,0.7180462036530617,0.8801094110796986,0.0893135329498241,26.18254733730023,1.550567988398218,0.0001000215126142,1.951932198713524,0.0,0.0,389.0678858912132,0.7281075058747095,2931.160539951571,cal_final_2008-09-30
01518862,hbv_lite_cma,evaluation,0.632643,0.520991,0.350926,-0.09807,8.657034,13,explicit_euler_dt1,hbv,success,,27.87,0.6287,-1.100015635653425,2.292087282541698,0.0067380274683813,1.1270734822877031e-06,333.1780510046018,5.996205585539236,0.5736270260560624,0.7864292341956893,0.3470052601928061,19.890126718156395,4.628691678076006,0.0571068811133986,1.9093122250512056,0.0,0.0,285.56459914325615,0.0,13.95566579127106,cal_final_2008-09-30
01532000,hbv_lite_cma,evaluation,0.495825,0.461631,0.234187,-0.131259,4.009582,13,explicit_euler_dt1,hbv,success,,27.88,0.6302,-2.130008542490956,1.6449276391344774,0.0793620987597987,3.68210272091141e-10,275.62501241694963,5.999637042948647,0.590769649743528,0.4403752398263053,0.2539634460585491,12.659935910555262,3.9317052059721056,0.0758089161069633,1.0203780651119143,0.0,0.0,234.89248496269195,0.0,10.17173997176346,cal_final_2008-09-30
01539000,hbv_lite_cma,evaluation,0.666452,0.670762,0.181327,-0.116575,2.667317,13,explicit_euler_dt1,hbv,success,,27.75,0.6732,-2.499813173534092,1.2594363959665773,0.0664458676261366,5.100749921911882e-07,298.96030771137964,5.99997027793417,0.2203643432953984,0.5694542624475507,0.1269006950349078,27.38656674958237,1.245285718167626,0.035001930436992,1.7710945525863795,0.0,0.0,281.93362452654435,15.550836970990469,24.82525401940165,cal_final_2008-09-30
01542810,hbv_lite_cma,evaluation,0.563374,0.535722,0.284085,-0.151001,7.79771,13,explicit_euler_dt1,hbv,success,,30.04,0.6235,-2.210150639142504,1.6470541894520774,0.0137297491383142,0.0765383618197299,311.77038575186083,5.21257914343094,0.2998255490549554,0.7265529765601201,0.1595975596579923,10.50378173122617,2.7278435563027386,0.1067067926231646,2.944609629341445,0.0,0.0,255.1884855423704,0.0,6.319309912162479,cal_final_2008-09-30
01543000,hbv_lite_cma,evaluation,0.636511,0.604825,0.275123,-0.103519,5.53856,13,explicit_euler_dt1,hbv,success,,33.13,0.7136,-2.470005821350464,1.4846700613601862,1.8773418415241546e-07,0.0372814334830305,339.914058885438,5.999112013613866,0.22213411716658,0.6039994896060165,0.1843971393354733,15.531532801742092,2.794345822043628,0.1040197102756397,2.2154532117339087,0.0,0.0,286.2563451188686,0.0,6.5856754184083375,cal_final_2008-09-30
01543500,hbv_lite_cma,evaluation,0.614076,0.595017,0.297274,-0.086779,5.247485,13,explicit_euler_dt1,hbv,success,,35.08,0.6753,-2.4500002793474027,1.6635813980693377,0.0017093120316429,0.1513277868369431,367.8629955953123,5.999793327283108,0.2041608078948588,0.189034858623663,0.4739772637561629,73.498680268977,8.173851420905523,0.1203910509307664,2.998313377175576,0.0,0.0,310.74936958738,0.0,5.924076368698433,cal_final_2008-09-30
01544500,hbv_lite_cma,evaluation,0.679458,0.617903,0.149686,-0.178613,3.39055,13,explicit_euler_dt1,hbv,success,,36.59,0.6944,-2.4800116186021555,1.4017037777386,0.0997875686375824,0.0298261570621386,383.27978592323694,5.9946301123986885,0.3641802540129387,0.567603701052817,0.135251421314116,23.054423796582785,2.55833547492388,0.0896930779669944,2.9998005842380207,0.0,0.0,316.7224693390754,0.0,8.042611658241757,cal_final_2008-09-30
01545600,hbv_lite_cma,evaluation,0.674543,0.617213,0.142427,-0.173501,2.939908,13,explicit_euler_dt1,hbv,success,,38.14,0.674,-2.280091172431503,1.485268308387786,0.0287596865842709,0.1110659005782313,392.5372094267324,5.953635306355027,0.2494159900728989,0.5726436571103064,0.1778933748141192,18.6515376043271,6.164700444116125,0.0920555450026114,2.223701899889913,0.0,0.0,319.0958030558723,0.0,6.7935039021491495,cal_final_2008-09-30
01547700,hbv_lite_cma,evaluation,0.673127,0.721168,0.108796,-0.155359,5.940814,13,explicit_euler_dt1,hbv,success,,27.97,0.6729,-1.3499658086738795,1.6616839879182157,0.09989369813249,6.7972928081164e-08,294.5894579870138,5.999966896359538,0.384898227060759,0.5750439939733859,0.1235021765888603,23.91602612853361,0.7845876708359287,0.0001654314472793,1.2244815922579042,0.0,0.0,250.89550676747035,3.975281040062818,1511.180664355133,cal_final_2008-09-30
01548500,hbv_lite_cma,evaluation,0.707964,0.696635,0.170938,-0.111503,2.832941,13,explicit_euler_dt1,hbv,success,,35.51,0.6756,-0.980000002215554,2.2405678052712634,0.0305108055284978,1.3505946454551038e-12,349.2476239194133,5.999999963824643,0.665855486576553,0.9892797233425884,0.4477698857756189,68.25752285308704,9.08145633181685,0.1116581234122924,2.373132975175715,0.0,0.0,295.8447736921775,0.0,8.64142167492949,cal_final_2008-09-30
01549500,hbv_lite_cma,evaluation,0.632811,0.583851,0.127423,-0.212994,5.090216,13,explicit_euler_dt1,hbv,success,,27.79,0.628,-1.2500007244275753,2.048126326486545,0.0002018169180424,1.0030449658425039e-10,360.75119337830216,5.999834427235232,0.2911720215454225,0.8332331220764965,0.4922634624253206,140.79141784535634,9.185853910475815,0.0960986656629517,1.2601152159836435,0.0,0.0,318.5082013571973,0.0,14.16928996244588,cal_final_2008-09-30
01550000,hbv_lite_cma,evaluation,0.619274,0.599685,0.110016,-0.207673,3.12056,13,explicit_euler_dt1,hbv,success,,28.19,0.6642,-1.7000029271475103,1.6863015556725771,0.0793033902296152,3.728278748525568e-07,371.2282782850321,5.987657552204098,0.3200538280350928,0.4491036021501513,0.1871656920630665,18.54278631996886,4.592748119458348,0.076578353167687,1.4905215471320945,0.0,0.0,324.95745246943073,0.0,14.928887939874096,cal_final_2008-09-30
01552000,hbv_lite_cma,evaluation,0.641448,0.621103,0.039399,-0.229395,1.833075,13,explicit_euler_dt1,hbv,success,,27.97,0.6673,-2.0199651988539813,1.926241349714673,0.0995093282535197,5.480610482191797e-08,241.19730973045745,5.803452663750937,0.4301061511257956,0.4320345649025428,0.269906666598567,27.588930415133085,4.778875824140498,0.0772539728856817,1.001798614747894,0.0,0.0,224.3013513577348,0.0,21.05236272462583,cal_final_2008-09-30
01552500,hbv_lite_cma,evaluation,0.577351,0.619147,0.03452,-0.178765,2.674928,13,explicit_euler_dt1,hbv,success,,27.72,0.6569,-2.480000462018666,1.3773522369825622,0.0011030601094569,5.861120650389776e-09,285.0615675213668,5.979329838180751,0.247526039676238,0.6929461774438384,0.1693134139790602,20.12293082503957,1.4074307204458465,0.045910217134224,1.328815039939678,0.0,0.0,272.1955673114167,14.15890935939126,19.565991372217827,cal_final_2008-09-30
01557500,hbv_lite_cma,evaluation,0.599689,0.708615,0.163875,-0.105458,2.046933,13,explicit_euler_dt1,hbv,success,,27.97,0.7533,-1.7200000671784137,1.3874313978653985,0.0919588537331705,7.09178619170499e-10,268.9524363123863,5.9999999666730535,0.2336335598067919,0.6945928318532762,0.4498346029971095,108.4149474220144,6.992884375465034,0.1099231794615027,1.820416084194756,0.0,0.0,244.03753860208263,0.0,12.392745709838412,cal_final_2008-09-30
01567500,hbv_lite_cma,evaluation,0.314795,0.406939,0.366521,-0.207352,4.760815,13,explicit_euler_dt1,hbv,success,,28.59,0.5072,-0.8465211177751466,3.2172405385579257,0.0864355734230024,0.0002777165949148,290.5539272280354,5.997209162776548,0.2777234521069532,0.5447550818736596,0.4921608913330137,79.61651153472442,6.74995807357984,0.0005793591265793,1.156805846533632,0.0,0.0,277.63637290991386,0.0,2238.4053708966417,cal_final_2008-09-30
01568000,hbv_lite_cma,evaluation,0.518637,0.577367,0.293694,-0.063809,1.70973,13,explicit_euler_dt1,hbv,success,,28.02,0.6061,-1.4899998858133383,1.9169231371386484,0.0986002228216971,0.0006509605755627,330.07801778013743,5.999999999861224,0.4149041347766709,0.7068724784500322,0.4130249881803607,68.72306710815312,6.516395671137791,0.0741342414175415,1.7831794340247746,0.0,0.0,315.341711698734,0.0,29.527114587239325,cal_final_2008-09-30
01580000,hbv_lite_cma,evaluation,0.31631,0.325044,0.3796,-0.2133,2.751484,13,explicit_euler_dt1,hbv,success,,29.42,0.4573,-1.280154203577284,3.103123211925272,0.0735701227231181,0.1994201405685949,216.57557868996489,1.003391750871853,0.2390990321509838,0.6885887394347429,0.499999703766069,193.5831201610208,13.108658295943563,0.0005274336317905,1.0885935798524635,0.0,0.0,138.4824947540173,0.0,3053.396524381886,cal_final_2008-09-30
01583500,hbv_lite_cma,evaluation,0.302447,0.41665,0.389925,-0.16907,2.835989,13,explicit_euler_dt1,hbv,success,,29.64,0.4347,-0.9303082776078098,1.7034227227208143,0.0964872483076461,0.0905799680496519,217.4719011236161,1.1680595341537046,0.2409673247524794,0.5362765083273044,0.4989067055021688,0.0044332483089377,13.436612519152154,0.000382318252368,1.5045909700630526,0.0,0.0,151.0581063478524,0.0,3326.147896000972,cal_final_2008-09-30
01586610,hbv_lite_cma,evaluation,0.293079,0.481394,0.379447,-0.156328,3.716752,13,explicit_euler_dt1,hbv,success,,28.16,0.4691,-1.0400358756916714,1.65623165784775,0.0418276437908483,0.1999998838467992,393.7460441284733,5.578651252800576,0.301071276363629,0.9899938024097796,0.492398368621787,0.0846483143958136,11.47797541068863,0.0005156161332554,1.0151289188406396,0.0,0.0,367.025056023746,0.0,2524.8972231061584,cal_final_2008-09-30
01591400,hbv_lite_cma,evaluation,0.301726,0.240057,0.657695,0.103047,4.102622,13,explicit_euler_dt1,hbv,success,,28.17,0.4211,1.2052410778375648,4.547980031908821,0.0987844644400005,0.0711642267950245,1157.0449706679517,5.785507497028543,0.7278072629158667,0.5962747957484476,0.4431738438461277,3.980801334336887,7.78664976707223,0.0064480278664168,1.958172969749716,0.0,0.0,1027.8727605837823,0.0,235.65708675480008,cal_final_2008-09-30
01594950,hbv_lite_cma,evaluation,0.551676,0.557181,0.38521,-0.010771,18.490337,13,explicit_euler_dt1,hbv,success,,27.92,0.5929,-1.279999358284685,1.8641077321048067,0.0159532494813198,5.573773246860395e-10,337.4062959578398,5.999996841267235,0.6916030798050761,0.5478089943422909,0.4142192176007526,6.527852102480562,7.619354086923246,0.1270821977153046,1.74376404500113,0.0,0.0,285.9572491299656,0.0,4.600592303495698,cal_final_2008-09-30
01596500,hbv_lite_cma,evaluation,0.576156,0.649317,0.22443,-0.101142,4.952887,13,explicit_euler_dt1,hbv,success,,30.68,0.6771,-1.7400000105897306,2.1703890148328293,0.0224790873079992,1.1192424472680366e-10,361.55028956093446,5.999999937650712,0.2152712670161847,0.0933285806604751,0.4999999999834448,199.7092136206492,4.891077393918564,0.1274884421601008,2.222342597301255,0.0,0.0,325.6293198247219,0.0,9.791376102073077,cal_final_2008-09-30
01605500,hbv_lite_cma,evaluation,0.492953,0.631204,0.263869,-0.008454,1.846942,13,explicit_euler_dt1,hbv,success,,31.22,0.6402,-2.49988578945054,1.6243550228991184,0.0377765478563462,9.118066782232844e-07,330.28222162167583,5.8639387115891175,0.4859327020953918,0.98998274191755,0.1018419516342367,27.277107771909137,1.3752571272706486,0.0001371207825145,1.1455713852820455,0.0,0.0,265.0013330880301,0.0,2613.910200671613,cal_final_2008-09-30
01606500,hbv_lite_cma,evaluation,0.549364,0.7278,0.058051,-0.125828,1.858822,13,explicit_euler_dt1,hbv,success,,28.04,0.5632,-1.3024401062005104,2.9945491123201315,0.0660184269995219,0.0372215566582405,244.56959696732355,4.047297099310172,0.4483050763017236,0.93299778569168,0.2315118215888195,26.96009724778652,1.2233190468212498,0.0001017961260103,1.124345656924839,0.0,0.0,180.19567263867972,0.0,2390.3957782957614,cal_final_2008-09-30
01632000,hbv_lite_cma,evaluation,0.629878,0.552144,0.381589,-0.102183,30.579812,13,explicit_euler_dt1,hbv,success,,27.68,0.5144,-2.04970099016414,1.5820544423096063,0.0748079202110519,0.0931356350357621,252.08503520086592,3.927205511666968,0.6538000815089455,0.9899264110776878,0.3041071523940665,11.00631830239747,2.943867250178617,0.000222518810654,1.9770036654286407,0.0,0.0,195.11407497677263,0.0,2612.167030361881,cal_final_2008-09-30
01632900,hbv_lite_cma,evaluation,0.114183,0.380122,0.426103,0.095592,3.431939,13,explicit_euler_dt1,hbv,success,,28.66,0.6383,0.1401906310737199,2.424224054070995,0.0002016561202309,0.1483070518318592,271.34947750389944,5.9323340477025726,0.4243027400603448,0.989999962735134,0.0812957411490653,35.238576903923146,2.116045310811603,0.0001897591200262,1.000180308421904,0.0,0.0,227.6392709961768,0.0,2689.42727562354,cal_final_2008-09-30
01634500,hbv_lite_cma,evaluation,0.574311,0.613958,0.038935,-0.192457,3.181953,13,explicit_euler_dt1,hbv,success,,28.37,0.5719,-1.0899343008764977,3.6646381913662927,0.094154627577101,1.2809549943416883e-06,207.7492508447436,2.2447723950796616,0.3712157347905421,0.5248700271133969,0.1264279553590982,16.589757810108996,1.346377105733744,0.0001361313824238,1.3194940842137388,0.0,0.0,146.03149802490603,6.57899880276777,2211.146185256553,cal_final_2008-09-30
01638480,hbv_lite_cma,evaluation,0.481344,0.419923,0.353526,-0.317845,24.078202,13,explicit_euler_dt1,hbv,success,,27.74,0.5,-0.1499999568414218,3.727576875688877,0.0937165304945021,9.496753718847007e-09,509.7784599782113,5.735927542368219,0.7068605303955275,0.9899999933632256,0.4999996372980168,2.378808950259045e-07,8.357346128645538,0.000317144820816,1.2125727895562417,0.0,0.0,478.7428223886467,0.0,2906.039902721602,cal_final_2008-09-30
01639500,hbv_lite_cma,evaluation,0.499713,0.568993,0.334139,-0.155305,4.455048,13,explicit_euler_dt1,hbv,success,,27.8,0.5618,-1.2808233607158876,2.1680206667916333,0.0996275529842193,0.0671287830225669,386.6170189454058,5.264676750829906,0.6489803316031078,0.9148400746169888,0.4725147344805024,9.73026578871003e-05,8.984332407919728,0.0003753142577275,1.0914838895527867,0.0,0.0,358.6443953231674,0.0,2859.1340247969665,cal_final_2008-09-30
01644000,hbv_lite_cma,evaluation,0.518134,0.546318,0.304655,-0.238977,21.990588,13,explicit_euler_dt1,hbv,success,,27.87,0.5081,0.0200072584639521,4.518452388763968,0.0045763435977155,1.0960545344916935e-06,388.4041529524802,4.778686770835503,0.5226150673333443,0.7936837968369016,0.4999975492764347,162.29546025665326,5.698282363621274,0.0002671009972059,1.5956400936677673,0.0,0.0,345.1447835425838,0.0,2955.261383552393,cal_final_2008-09-30
01664000,hbv_lite_cma,evaluation,0.580069,0.637272,0.287797,0.00527,7.041291,13,explicit_euler_dt1,hbv,success,,43.27,0.635,-1.538924220863622,0.8212955838128209,0.0976321613128492,1.6592348086586166e-06,291.9978982320478,2.344052991400789,0.2229930259010658,0.4700217663541013,0.121863440869709,22.501313947850555,2.003586443328281,0.0002388004049035,2.0603315357012075,0.0,0.0,205.56088289647016,2.8213632795893853,2534.148080924293,cal_final_2008-09-30
01666500,hbv_lite_cma,evaluation,0.617763,0.581509,0.315441,-0.025865,3.683018,13,explicit_euler_dt1,hbv,success,,28.68,0.5395,-0.6588328564261179,2.431654024522742,0.0965863289899712,4.395557224052416e-06,635.3793738938529,4.454768754463127,0.6936030976842689,0.5689958873713337,0.1267625797358241,21.463579676721626,2.0542265237591733,0.0005502157782436,1.1404618765463277,0.0,0.0,530.6493425224655,0.9135220421354672,1564.8997464142276,cal_final_2008-09-30
01667500,hbv_lite_cma,evaluation,0.631478,0.571621,0.326372,0.011873,4.406433,13,explicit_euler_dt1,hbv,success,,31.12,0.6157,-0.6399994222586081,0.9702918060591678,0.0482162566798873,8.11003097357928e-09,409.4422352007985,4.040725868612988,0.207365372636233,0.4574085349167081,0.1326773208539571,22.244739830953307,2.0446412546441817,0.0004005456208635,1.0253243883764105,0.0,0.0,337.9956101493509,0.409431999224052,1872.3664670443773,cal_final_2008-09-30
01669000,hbv_lite_cma,evaluation,0.490825,0.508496,0.336097,-0.210649,6.881027,13,explicit_euler_dt1,hbv,success,,29.55,0.5991,-0.7291395490380994,0.5006394477095041,0.046842968139406,0.0216206265323546,377.52556102740897,1.0387325118189366,0.2000781336010779,0.7854171175753193,0.1312226161828629,30.0068596400914,4.324139455110368,0.0003378435943351,1.5748528211713635,0.0,0.0,164.95882249793263,0.0,2834.8358114094867,cal_final_2008-09-30
01669520,hbv_lite_cma,evaluation,0.63444,0.640599,0.050234,-0.137605,5.316593,13,explicit_euler_dt1,hbv,success,,81.97,0.6689,-0.8704650866742276,1.602014696771209,0.0769929993254252,0.1522544318618247,596.9246086235808,2.0907263777742955,0.2066564651951733,0.5487134756630961,0.0745899794725715,27.50571574949824,0.8454544517067591,0.0001000225875085,6.657983571810684,0.0,0.0,381.46955654489153,14.736252327755066,1985.2108787343225,cal_final_2008-09-30
02011400,hbv_lite_cma,evaluation,0.523722,0.536305,0.269572,-0.096013,4.163731,13,explicit_euler_dt1,hbv,success,,37.33,0.6644,-2.189973521584808,1.4438937909091516,0.049048465803167,2.7762164002505925e-07,341.6242565302929,4.940153113187111,0.6624743685536316,0.9868067270901189,0.2060887446553722,196.0290142870279,2.821301611926516,0.0001790048437555,1.0075543754200655,0.0,0.0,275.1066223439619,0.0,3293.88697485815,cal_final_2008-09-30
02013000,hbv_lite_cma,evaluation,0.655741,0.710039,-0.005813,-0.225654,3.302642,13,explicit_euler_dt1,hbv,success,,28.3,0.7915,-1.3406721090633134,2.656271005092449,0.0495807315091158,1.9964822551045923e-05,477.0082646847933,5.998928909226726,0.5691083990986376,0.989998740050271,0.1412875938420148,18.195561025359176,1.8536126178103507,0.0001126604266983,1.349578051483857,0.0,0.0,377.5417187960624,0.0,2895.9127623345234,cal_final_2008-09-30
02014000,hbv_lite_cma,evaluation,0.609859,0.7061,0.145479,-0.125257,3.047837,13,explicit_euler_dt1,hbv,success,,28.2,0.7899,-1.4899811018652558,1.7778743427453825,0.0767458688576322,9.539373201312426e-07,386.3451653671567,5.998756323212202,0.233629294338455,0.8342337148712007,0.1423325096126741,20.67066115791476,1.6197105713719488,0.0002382942487566,1.9630546043130968,0.0,0.0,295.34429318985855,0.0,2175.77626148975,cal_final_2008-09-30
02015700,hbv_lite_cma,evaluation,0.543708,0.576666,0.265343,-0.037365,0.32797,13,explicit_euler_dt1,hbv,success,,28.51,0.5762,-2.0599477268432995,1.540205061823673,0.0122038958814435,0.1369986910191486,219.3948732269432,5.999967878714237,0.3296698936494205,0.2004583736097889,0.3787066298259526,99.11089712140426,4.711696994965491,0.0380194125727585,1.545520667155727,0.0,0.0,178.18767843361852,0.0,12.125373063559335,cal_final_2008-09-30
02016000,hbv_lite_cma,evaluation,0.611746,0.664854,0.208066,-0.055673,2.495178,13,explicit_euler_dt1,hbv,success,,37.3,0.7375,-2.3600547737125432,0.8501257086232392,0.0492898714497602,0.1055700549272257,331.1718199563806,4.942353078393968,0.8393385850355533,0.6508431750220081,0.1299361867341412,17.96509531823139,1.4366027286689922,0.0001945272181838,2.6437660479188865,0.0,0.0,272.5309431308041,0.0,2358.279984686793,cal_final_2008-09-30
02017500,hbv_lite_cma,evaluation,0.667701,0.708137,0.158043,-0.147357,2.333767,13,explicit_euler_dt1,hbv,success,,28.13,0.7289,-1.729999268678026,1.5703321685616762,0.0499061912775214,7.971082760514501e-10,334.0393159364772,5.999997899473642,0.5281912116536329,0.7941499375518296,0.1626711070626976,20.938022508303444,1.6331263348010956,0.0378988239976718,1.449718354846646,0.0,0.0,249.4302036934137,0.0,7.967965403873151,cal_final_2008-09-30
02018000,hbv_lite_cma,evaluation,0.657276,0.6472,0.229954,-0.084375,1.67023,13,explicit_euler_dt1,hbv,success,,35.58,0.708,-1.3300113345608753,1.4880900176213112,0.0462630436148563,0.0353785297858547,316.9401140354388,5.998964738163108,0.4639015534612162,0.656959815649539,0.1573131301959099,15.258825872083651,1.877904779891326,0.0328934636598566,2.6601724701956195,0.0,0.0,243.7017160518569,0.0,11.311643751028658,cal_final_2008-09-30
02027000,hbv_lite_cma,evaluation,0.513572,0.724752,0.091576,-0.073606,0.387312,13,explicit_euler_dt1,hbv,success,,27.28,0.5685,-1.8000005412700442,0.6036481247055674,0.0260212384574533,1.5398872870969093e-07,185.03836169356416,5.999999692147147,0.2026957871149828,0.369496216228131,0.4279489962781009,140.27363853778326,6.212486306710974,0.0606832958488348,1.3921830867030256,0.0,0.0,157.2055506479833,0.0,9.83701904176057,cal_final_2008-09-30
02027500,hbv_lite_cma,evaluation,0.517914,0.604284,-0.081667,-0.232414,0.771862,13,explicit_euler_dt1,hbv,success,,28.19,0.6151,-1.869993526133069,0.5415553212459889,0.0213911057973099,8.450146744194375e-08,283.4427703861525,5.999919593795084,0.5762958820581343,0.9899999974529046,0.1681194340913291,26.7188107733217,3.113287764701288,0.0723607112476129,1.9459070296356749,0.0,0.0,234.6497037211753,0.0,8.241954171460229,cal_final_2008-09-30
02028500,hbv_lite_cma,evaluation,0.513931,0.629697,0.201678,-0.103524,5.135913,13,explicit_euler_dt1,hbv,success,,28.03,0.6393,-2.2601134456572,0.5409058112786779,0.0490451663049359,1.4709753077578985e-06,431.4653003548136,5.998909325987023,0.4112221038274963,0.9899998777425594,0.1579750866493385,47.467002173664206,1.9848633158871247,0.0003370807003665,1.990342369608442,0.0,0.0,387.28318573383336,3.1931097567194464,2185.29184257929,cal_final_2008-09-30
02038850,hbv_lite_cma,evaluation,0.517585,0.527385,0.143716,-0.179095,2.479247,13,explicit_euler_dt1,hbv,success,,28.09,0.6267,-0.3698262647128962,1.3956685357082144,0.0244314074256454,0.1999802269924459,423.59434508678095,3.75958271926749,0.2686788516294567,0.872546453098612,0.2426605001693622,22.43699327014842,5.166161867573283,0.0002079391845542,1.3866382670593054,0.0,0.0,337.8317120117695,0.0,2915.568537133944,cal_final_2008-09-30
02046000,hbv_lite_cma,evaluation,0.447248,0.509255,0.409798,-0.049914,20.670407,13,explicit_euler_dt1,hbv,success,,35.51,0.6829,-0.6605795305561899,13.490252352874856,0.0345213362240918,0.0669141372651667,380.5385386606424,5.998267414098473,0.4776307832520231,0.6334388665516891,0.2005029835733263,20.92405184926569,3.0341709943985395,0.0001521327632157,2.757660557228321,0.0,0.0,352.9360057882408,3.156196007911483,2933.732205859597,cal_final_2008-09-30
02051500,hbv_lite_cma,evaluation,0.688743,0.615195,0.282334,-0.094596,5.895607,13,explicit_euler_dt1,hbv,success,,41.61,0.682,-2.110039571995259,9.056641264370672,0.0469927960794752,0.1980134745689349,513.1934592184745,5.999195083859057,0.6485990163202502,0.9231262855103348,0.337268915042669,32.57167234324088,3.642867465928865,0.0001461838053757,3.476291333662528,0.0,0.0,459.33844073075136,0.0,2989.147060934975,cal_final_2008-09-30
02053200,hbv_lite_cma,evaluation,0.760857,0.680566,0.230095,-0.126659,26.320374,13,explicit_euler_dt1,hbv,success,,88.99,0.7312,-0.0300146220041717,7.786211170814858,0.0156569890585535,0.1547400277960137,377.2955048497046,5.999996348252495,0.5430164381771312,0.2044421898941282,0.0988974335961656,20.054067951878647,1.76500047127762,0.0001000000113117,7.634757686281157,0.0,0.0,325.7175336053656,1.7072733824819453,2901.06369912461,cal_final_2008-09-30
02053800,hbv_lite_cma,evaluation,0.59426,0.650062,0.192371,-0.099685,2.412587,13,explicit_euler_dt1,hbv,success,,30.68,0.6836,-1.5757722409927806,1.2897819901744274,0.0856303743137481,0.0579129308613194,407.9102376120069,3.709516747043972,0.589986579604854,0.9693030178965892,0.1482710798706192,39.27827997427114,3.234938794807546,0.000183083898579,1.311372550764295,0.0,0.0,312.56376221526267,0.0,3275.095691648919,cal_final_2008-09-30
02055100,hbv_lite_cma,evaluation,0.42563,0.44049,0.503265,0.11078,1.920496,13,explicit_euler_dt1,hbv,success,,26.37,0.6548,-0.7894860654391382,13.067652456354068,0.0044682628359234,0.0001210020445141,503.4276010440759,5.999711246606353,0.293854472004184,0.989999393337572,0.1350084934496069,18.512324600643808,3.7939716839654873,0.0228255874544142,1.0152996586513623,0.0,0.0,415.2362700218909,0.0,30.302304380448515,cal_final_2008-09-30
02056900,hbv_lite_cma,evaluation,0.610458,0.632889,0.284391,-0.040706,2.5662,13,explicit_euler_dt1,hbv,success,,29.6,0.6858,-1.3795119803831493,4.214072761730392,0.0255468693597417,0.0723832838458617,240.64073451266617,1.4193541721547491,0.2015124914703771,0.95019728445305,0.1240047507786132,35.30296784496162,3.3793197102311554,0.0002258741024464,1.8692553219559795,0.0,0.0,140.9169391607433,0.0,3261.8574990148195,cal_final_2008-09-30
02059500,hbv_lite_cma,evaluation,0.546128,0.581614,0.218282,-0.146348,2.463505,13,explicit_euler_dt1,hbv,success,,29.03,0.5507,-1.2616019046046418,1.6335180099253857,0.0847433305701631,0.1043891046775168,472.1679109872892,5.087645369264215,0.5299195416739942,0.5793120270155419,0.3635963868810478,158.55201045530816,4.780231079026321,0.000261963910524,1.985968714074969,0.0,0.0,360.757200986317,0.0,2360.952746819233,cal_final_2008-09-30
02064000,hbv_lite_cma,evaluation,0.623408,0.575637,0.116804,-0.123906,1.978455,13,explicit_euler_dt1,hbv,success,,30.38,0.7003,-0.2672502783799291,6.872338987830536,0.0609089204527269,0.1480323987795715,455.3866594529576,5.032386947515278,0.6347461271844279,0.9089057632980868,0.1397002421545088,24.37481359680759,3.183839941580788,0.0002056522424618,1.0253294964145347,0.0,0.0,368.9026160341485,0.0,2640.3559692779645,cal_final_2008-09-30
02065500,hbv_lite_cma,evaluation,0.506192,0.477619,0.11353,-0.21488,1.914191,13,explicit_euler_dt1,hbv,success,,39.23,0.5149,0.6606284611639373,5.701431239508152,0.0412355340333341,0.0793538183380519,363.4515221990083,2.0280096146982665,0.4869444388631383,0.4225830318879034,0.1521730838039468,22.41454179319048,3.851056676288047,0.0001986741575849,2.43563086229831,0.0,0.0,226.8769417905745,0.0,3074.440569528889,cal_final_2008-09-30
02069700,hbv_lite_cma,evaluation,0.438846,0.623287,0.191595,-0.111194,1.443934,13,explicit_euler_dt1,hbv,success,,32.34,0.5673,0.7499102098920223,7.225786544557867,0.0277991543913425,0.0946137121225847,270.88425795730643,1.820054299208813,0.3740470062625328,0.9899976114138916,0.0899724624533759,51.63179616075926,3.1139314601666546,0.0003475880162266,1.2419160684102226,0.0,0.0,183.5651686291801,1.7730793324935972,2881.828502849333,cal_final_2008-09-30
02070000,hbv_lite_cma,evaluation,0.340666,0.51899,0.373917,0.069109,1.541969,13,explicit_euler_dt1,hbv,success,,28.49,0.5261,-0.3895658293206541,11.571970432146122,0.0927373979849486,0.0730395073606734,295.25485119124573,1.729724965975362,0.4667974436800719,0.9899986698848254,0.1781471421600287,34.33981479292687,3.781220976161472,0.0004529105167611,1.6237217837534632,0.0,0.0,193.5220578457169,0.0,2211.2814540048903,cal_final_2008-09-30
02074500,hbv_lite_cma,evaluation,0.583237,0.509522,0.370596,-0.014711,2.109784,13,explicit_euler_dt1,hbv,success,,28.1,0.503,-0.5798996927509661,1.570956742461786,0.0992933073179179,0.1711517960098909,452.699689498155,4.077232719192635,0.2318190840911832,0.2071456738537992,0.4999742811552095,104.62051169052512,6.163146050845791,0.0002841949445716,1.9443347717129904,0.0,0.0,388.9714617709892,0.0,2745.06531529149,cal_final_2008-09-30
02077200,hbv_lite_cma,evaluation,0.312026,0.3565,0.194212,-0.121595,25.1737,13,explicit_euler_dt1,hbv,success,,27.9,0.6002,-2.490361097553997,12.645467392859633,0.0912141272563757,0.1512658517323767,426.7205092074414,5.9998615176351615,0.7236913414947248,0.8076579408693338,0.216540957341429,22.783552875514616,2.4115169048997736,0.0001000010370487,1.1218815280348369,0.0,0.0,402.4963183421686,4.199896528259608,2817.9943412989064,cal_final_2008-09-30
02081500,hbv_lite_cma,evaluation,0.6361,0.578815,0.227777,-0.144203,27.928124,13,explicit_euler_dt1,hbv,success,,35.11,0.6516,-2.409603357047659,14.999551914538491,0.0035499075778331,0.1958095714336067,425.7881140580874,5.999999917239016,0.3629649311319082,0.6698173730666283,0.2664766999311445,18.98075761013856,2.745898315140551,0.0001000000039857,2.043633245694612,0.0,0.0,406.3656706899582,3.973517066748935,2873.8661590782394,cal_final_2008-09-30
02082950,hbv_lite_cma,evaluation,0.644889,0.532095,0.203669,-0.165827,8.427352,13,explicit_euler_dt1,hbv,success,,50.73,0.5738,1.0787677708552112,2.3384411010779016,0.0441681023249067,0.0230145762920671,431.1423876860982,3.889406237094913,0.6302066614513302,0.2461614418008534,0.2538383265663586,69.84969250883394,3.520384274008089,0.0001210880276467,3.692755032195832,0.0,0.0,362.707628377685,0.0,3167.7110692481647,cal_final_2008-09-30
02092500,hbv_lite_cma,evaluation,0.74674,0.641352,0.332059,0.052185,13.780131,13,explicit_euler_dt1,hbv,success,,64.59,0.8344,1.167425734323265,9.35431872575182,0.017448783216689,0.0752496747543697,395.8435461082638,5.99999572539795,0.3487845440066149,0.3332499610146221,0.0840503305777516,29.77801975987179,1.8875670064611407,0.0001000001246648,5.263878062987363,0.0,0.0,375.7520728197272,24.29282271502465,3423.8963508206702,cal_final_2008-09-30
02096846,hbv_lite_cma,evaluation,0.48568,0.591827,0.193631,-0.194637,47.352271,13,explicit_euler_dt1,hbv,success,,28.01,0.5875,-2.4999975093304605,14.998875435395922,0.0157941217733346,0.1841431764003745,520.4248103338593,4.972041684591892,0.4279367442828794,0.9899999664715922,0.1930300748370441,14.7936522615981,3.868964259260662,0.0001000000008941,1.0010456345709509,0.0,0.0,483.5433523128342,0.2904602188398013,3408.66481124258,cal_final_2008-09-30
02102908,hbv_lite_cma,evaluation,0.412232,0.639916,0.120058,-0.139108,0.969029,13,explicit_euler_dt1,hbv,success,,30.23,0.4533,0.3446036558586702,7.41501111749415,0.0535150508943292,2.691158768679093e-06,381.4312434471727,1.0000001073947995,0.4740277912397359,0.292392071597022,0.2417215281397237,199.74428762571216,5.77002588923939,0.0006188917798376,1.0770958589697617,0.0,0.0,237.5518658924012,0.0,2018.808505580068,cal_final_2008-09-30
02108000,hbv_lite_cma,evaluation,0.806574,0.762424,0.219269,0.023713,6.626956,13,explicit_euler_dt1,hbv,success,,91.86,0.7343,-1.3672996849311652,4.109333343410898,0.0137878790387552,0.0315454006166942,276.32872953623223,2.1508346047961533,0.2000028359993627,0.3885622513890629,0.2553080606654057,26.66491388472745,2.5141389271966696,0.0001099133648562,11.878922025796946,0.0,0.0,239.78762419402133,5.722771264111574,3319.29021711675,cal_final_2008-09-30
02111180,hbv_lite_cma,evaluation,0.586158,0.662682,0.020934,-0.1033,0.348094,13,explicit_euler_dt1,hbv,success,,28.26,0.5931,-0.0752597085301691,7.245769040711521,0.0444213323475626,0.1256236967792796,401.1930891572068,1.6038753215532933,0.5379228932916333,0.5869920102018205,0.0787146977699282,44.40612943220808,1.1897852889789624,0.0001214828937423,1.6591730119501773,0.0,0.0,310.80600095268346,21.921152347298428,2757.725686170991,cal_final_2008-09-30
02111500,hbv_lite_cma,evaluation,0.38079,0.444913,0.506428,0.116373,1.586801,13,explicit_euler_dt1,hbv,success,,27.13,0.4214,-1.9799713402516752,6.1334633866447055,0.0486673800191715,0.0968439034016733,1625.1601289629873,5.999999599127663,0.2676803255277815,0.6971004559378273,0.0940931946394413,25.4405868678706,4.752641596452462,0.0082746665755191,1.1930277078132363,0.0,0.0,1456.813191666385,0.0,174.43183095696995,cal_final_2008-09-30
02112120,hbv_lite_cma,evaluation,0.511884,0.645584,0.191142,-0.089748,1.397947,13,explicit_euler_dt1,hbv,success,,31.25,0.4896,-0.2300325637126898,14.156089089519613,0.0271470969288214,0.0003364875627636,288.62324045918206,1.4344334508413945,0.2110568813681833,0.5273877112713267,0.1118304279378067,38.908108146613,4.820341356403232,0.0002776051333291,1.14220182195044,0.0,0.0,212.45062393734412,5.498840890856541,3751.55372674172,cal_final_2008-09-30
02112360,hbv_lite_cma,evaluation,0.214161,0.58113,0.249011,-0.04259,1.23412,13,explicit_euler_dt1,hbv,success,,30.72,0.4714,1.9700193504264985,4.143468790233145,0.0996120061648042,0.0003843451597967,357.78373771290416,1.5076694634523535,0.2089924189850654,0.6726752581279981,0.0998538467909536,35.41970042742453,4.533055186534956,0.0004508254684838,1.2011800749993444,0.0,0.0,242.6499786573236,4.346351882783257,2842.996496450643,cal_final_2008-09-30
02118500,hbv_lite_cma,evaluation,0.51975,0.596992,0.221837,-0.136741,2.133516,13,explicit_euler_dt1,hbv,success,,33.73,0.5357,-0.1418479895746118,5.136827264817169,0.0590028316349156,0.1742117694667521,349.7545405130564,1.2060698395240017,0.2000807695891264,0.7478001031046011,0.1283032207873255,16.58760170184969,3.176944988210002,0.0003111152620256,2.8310898591395453,0.0,0.0,198.0491450878049,0.8328835508146473,2650.872398754372,cal_final_2008-09-30
02125000,hbv_lite_cma,evaluation,0.547673,0.628928,0.114543,-0.178762,58.508825,13,explicit_euler_dt1,hbv,success,,27.77,0.6273,-0.6856287268582097,3.901118168877449,0.074107538378122,0.0462899718732271,348.1078721436793,5.943624683370422,0.7992232581119523,0.98999987875237,0.0970818230207031,16.818165111069476,1.673106981144762,0.000100005611205,1.019617900669446,0.0,0.0,327.5240092876916,10.512436858489195,2580.853137163682,cal_final_2008-09-30
02128000,hbv_lite_cma,evaluation,0.521147,0.515877,0.10279,-0.153943,5.032066,13,explicit_euler_dt1,hbv,success,,27.8,0.6509,-1.1954890263334077,14.028107093456022,0.0188126447723546,0.0571032690592084,238.41356588578336,2.0680206426812107,0.4223668760470999,0.9899991912458654,0.176483644089475,17.20871540590183,2.1325282661416782,0.0001262343584948,1.043507667508166,0.0,0.0,188.15629148874223,4.823477771264634,2620.54717950739,cal_final_2008-09-30
02137727,hbv_lite_cma,evaluation,0.720509,0.710009,0.237207,-0.003139,1.008229,13,explicit_euler_dt1,hbv,success,,27.8,0.7265,-0.1300164417575584,6.9721264680243005,0.0004287219053674,0.197430421752848,1833.3117369670776,5.5360911614309565,0.7130416992335575,0.9899999668057212,0.1371455118082497,26.265627063587083,4.048284493510343,0.0253918353063041,1.2979574913222285,0.0,0.0,1616.0174876807528,0.6320080907081927,58.82492368855145,cal_final_2008-09-30
02140991,hbv_lite_cma,evaluation,0.674349,0.635972,0.246416,0.056098,1.509613,13,explicit_euler_dt1,hbv,success,,27.89,0.6742,-1.887534454284141,14.989575881546504,0.0961289109799088,0.1410857329163978,311.9560820979389,2.6240093418793853,0.4627644287064726,0.8058026866369615,0.1474458916844537,34.63161973449935,2.489737987735764,0.000717192439979,1.659622570775686,0.0,0.0,274.472793344966,7.914200229978748,1712.5129904906148,cal_final_2008-09-30
02143000,hbv_lite_cma,evaluation,0.614825,0.735789,0.112332,-0.064878,1.118716,13,explicit_euler_dt1,hbv,success,,27.87,0.7002,0.2403154834626564,14.856480380111917,0.0035829391557168,0.1490539099069794,379.3705994555352,5.030017182233459,0.379670497571118,0.9899998024747936,0.1819867055955685,28.5723605242086,3.547435866553885,0.0004993135763571,1.0001679273071693,0.0,0.0,319.8638877435677,0.0,1847.3827871248725,cal_final_2008-09-30
02143040,hbv_lite_cma,evaluation,0.561993,0.731559,0.127575,-0.001482,0.444056,13,explicit_euler_dt1,hbv,success,,27.68,0.6718,-2.259625526371816,7.159631229914277,0.0259082905234889,0.0935827284710546,734.796948962953,5.999999639366455,0.2653321433015822,0.7147669230776443,0.2239139174821579,17.4698129748699,3.5980409984358115,0.0445029429220438,1.612482731125139,0.0,0.0,635.8396878431253,0.0,24.23433959996306,cal_final_2008-09-30
02149000,hbv_lite_cma,evaluation,0.599511,0.750573,0.168463,0.025959,0.614373,13,explicit_euler_dt1,hbv,success,,27.83,0.6905,-1.967167608624348,6.99703961514601,0.0767898365158937,0.0409611682231226,1294.0232305217628,4.259231913570293,0.2958181805010965,0.8866034001563697,0.2634036783943882,32.27770875656522,4.380235376285433,0.0261151783143821,1.0262081139952637,0.0,0.0,1023.017762782116,0.0,38.380921328207904,cal_final_2008-09-30
02152100,hbv_lite_cma,evaluation,0.435347,0.600467,0.293586,0.069253,1.019705,13,explicit_euler_dt1,hbv,success,,27.8,0.5798,-0.5514135219034446,3.595646996171721,0.0881399336448178,0.0391007572138389,453.4320408922574,3.571223242524416,0.3989778170151877,0.9899921061763396,0.1231906294274738,48.56509227637053,2.5327996763998413,0.0003361753255289,1.8869130262509213,0.0,0.0,355.44957497738176,0.0,2360.5609828086144,cal_final_2008-09-30
02177000,hbv_lite_cma,evaluation,0.676481,0.736098,0.226767,0.005005,0.840369,13,explicit_euler_dt1,hbv,success,,30.18,0.6301,-0.1683674620157313,2.842598267059332,0.0748092623632891,0.0002992827193485,2112.1832588458424,5.996056536861076,0.7437571926021269,0.5071667845562879,0.1058348904343861,49.806418747278805,8.208963157499586,0.0269465011520432,1.2471477316848874,0.0,0.0,1902.762645738127,0.0,55.05744867674996,cal_final_2008-09-30
02178400,hbv_lite_cma,evaluation,0.581967,0.603557,0.343114,0.053803,1.16099,13,explicit_euler_dt1,hbv,success,,27.86,0.5249,-2.456616673979232,3.409595738816689,0.0209978978767327,0.1288313981180898,1907.796412724168,5.999999954895754,0.2704714798347849,0.7043672642905291,0.1639438472834725,63.42371525505387,10.874196394687717,0.023016652316792,1.0504127591246175,0.0,0.0,1736.616700351828,0.0,76.3925885693681,cal_final_2008-09-30
02193340,hbv_lite_cma,evaluation,0.526095,0.627685,0.052369,-0.148784,2.966285,13,explicit_euler_dt1,hbv,success,,28.32,0.6523,0.961917967275701,1.417300470581646,0.0943359490172709,0.0193780819302316,383.95494242759634,3.604255595526858,0.592873736828089,0.9899683229152554,0.3920468098691698,22.139011546884667,4.953387612415699,0.0001000092763157,1.0216321426592094,0.0,0.0,251.5980885104605,0.0,2698.4542670389064,cal_final_2008-09-30
02196000,hbv_lite_cma,evaluation,0.652485,0.589138,0.13668,-0.244249,15.036662,13,explicit_euler_dt1,hbv,success,,43.01,0.5882,-0.59002514853961,8.899511712907753,0.072308649163638,0.0713001881178053,565.5161724042492,5.712924489525036,0.2125452469425,0.8424752676266253,0.3625787801360498,82.7132054690446,5.359678684291889,0.0001000000000078,2.088016961479908,0.0,0.0,388.8493036869406,0.0,2884.260388747142,cal_final_2008-09-30
02198100,hbv_lite_cma,evaluation,0.440444,0.415496,-0.06005,-0.398411,4.490956,13,explicit_euler_dt1,hbv,success,,39.43,0.5413,0.9645068921717712,1.446724304880417,0.0056129130299464,0.0736273587168119,557.488011311769,5.998589046011148,0.7356554261045722,0.9899977531960684,0.2142887084387149,35.737479427535405,4.478172864415971,0.0001264609608068,2.9946563140291538,0.0,0.0,459.4708125504284,0.0,2933.6542734604814,cal_final_2008-09-30
02202600,hbv_lite_cma,evaluation,0.651049,0.670798,0.037276,-0.286322,95.332406,13,explicit_euler_dt1,hbv,success,,68.3,0.77,-2.385711907195674,0.5013402508584223,0.0274389213257619,0.0274902449984245,449.8725121061765,5.9999999893991145,0.274353128803608,0.2958979643367502,0.1039589180748326,36.13199074806275,2.556500218934956,0.0001000000000852,5.585371892245311,0.0,0.0,346.9351782479491,0.0,2400.954384052526,cal_final_2008-09-30
02212600,hbv_lite_cma,evaluation,0.687785,0.729523,0.043694,-0.262553,9.132754,13,explicit_euler_dt1,hbv,success,,28.42,0.7133,-0.5179781346314551,4.788742258241533,0.0545696565684402,0.0613451142607067,336.01203506832474,2.665481630815524,0.8000274849146225,0.9899992234259104,0.1846171543204911,18.91206324408554,4.851058021103805,0.0001000000181302,1.850080736171674,0.0,0.0,222.5624136228984,0.0,3565.784500782112,cal_final_2008-09-30
02215100,hbv_lite_cma,evaluation,0.632826,0.704333,0.006289,-0.230279,4.646863,13,explicit_euler_dt1,hbv,success,,40.46,0.7578,-2.4302187902740697,11.14112679359084,0.0618600807057628,0.0743515422623635,583.8858815477784,5.9999910737338,0.7378508542046738,0.6084538259689165,0.111905718961644,43.32409788649165,2.4041958033721014,0.0001201218548619,2.654611671329934,0.0,0.0,433.2926573367674,0.0,2597.6104091481807,cal_final_2008-09-30
02216180,hbv_lite_cma,evaluation,0.589138,0.498249,-0.109551,-0.363868,,13,explicit_euler_dt1,hbv,success,,54.89,0.6816,0.7899724785228628,8.287066091089567,0.0110074227339028,0.1813225081566494,609.9463562172851,5.611690665816111,0.698057174754446,0.4883667197832657,0.1101172236389193,53.97478538187704,1.921514311430872,0.0001000034403411,2.838569835115526,0.0,0.0,451.81792566948087,0.0,2431.656675292569,cal_final_2008-09-30
02221525,hbv_lite_cma,evaluation,0.758206,0.716056,0.016378,-0.279824,3.23076,13,explicit_euler_dt1,hbv,success,,31.61,0.5897,1.220003819047916,4.118016193345242,0.0285434981716834,0.0959557312938756,247.42535149984363,1.535105949718863,0.3013859033233046,0.2311620343455783,0.2464019365465303,23.576604464362028,6.433745467196969,0.0001243419799229,1.0323841771632296,0.0,0.0,106.88868435296772,0.0,3582.2192522739374,cal_final_2008-09-30
02231000,hbv_lite_cma,evaluation,0.798542,0.706075,0.215766,-0.119444,7.853764,13,explicit_euler_dt1,hbv,success,,82.24,0.8915,0.3418986952343146,4.477959679368647,0.0363386465133286,0.1952227375772484,664.6350701312031,5.999999999213508,0.2576343408842087,0.1639365383593324,0.0424257938298024,45.899565978234,2.012290446287962,0.0001000000002221,5.563097516648314,0.0,0.0,593.6359267952392,0.0,3159.3853499209536,cal_final_2008-09-30
02245500,hbv_lite_cma,evaluation,0.479834,0.517793,0.102049,-0.233754,2.771427,13,explicit_euler_dt1,hbv,success,,44.16,0.7072,0.3758136026230021,10.68173546947569,0.0529015914981957,0.0223037917667208,1354.6925930521904,5.999998984606069,0.2974060039335329,0.437631022681629,0.1048475231064686,43.869294461116695,2.63798652394728,0.0001000000369949,2.6081297078566728,0.0,0.0,1254.5037842302831,0.0,3223.350638336951,cal_final_2008-09-30
02246000,hbv_lite_cma,evaluation,0.691204,0.665997,0.065083,-0.188629,3.355428,13,explicit_euler_dt1,hbv,success,,46.03,0.7342,-1.463097717643208,5.660815770994287,0.0576921336478308,0.0129488162249583,710.5574976133616,5.785418309117146,0.7000935521622216,0.3696977505070233,0.0964221834940912,36.84351355729325,2.459087014356303,0.0001000000000201,3.48673031980214,0.0,0.0,645.8940055020705,0.0,3280.192840227017,cal_final_2008-09-30
02296500,hbv_lite_cma,evaluation,0.640052,0.434376,0.545205,0.126472,14.539102,13,explicit_euler_dt1,hbv,success,,95.47,0.8955,1.2592595344178688,2.1552613187447367,0.0913867339205712,0.0538003217935351,739.7707793924405,5.8610541787364285,0.6876490740725731,0.1516537167759551,0.070373777742152,35.9112658359353,1.7722989854329554,0.0001000000000074,9.824093645086164,0.0,0.0,675.3483467020388,9.856077393333004,2213.2808182388007,cal_final_2008-09-30
02297155,hbv_lite_cma,evaluation,0.440944,0.472316,0.166038,-0.387532,42.934708,13,explicit_euler_dt1,hbv,success,,33.49,0.6757,-2.412866310991928,13.210086269181984,0.0436717440010203,0.1455555643515435,1021.4004107565038,3.733095015060501,0.644103857936839,0.9899999997619404,0.0838206925394182,73.15959521218713,4.265879944413303,0.0001000000000118,1.1821105466682589,0.0,0.0,892.9360363523734,0.0,4426.627508405015,cal_final_2008-09-30
02297310,hbv_lite_cma,evaluation,0.747004,0.707821,0.193987,-0.111649,14.280758,13,explicit_euler_dt1,hbv,success,,81.5,0.7709,-0.5365245147130353,12.096203536804053,0.0244294762712612,0.0229820744953037,365.1818037965419,5.999993514608934,0.2003338949189016,0.3784065790646622,0.0962591378441208,52.742387346232,2.227319875403916,0.000100000019094,6.123061669498442,0.0,0.0,324.52384684362937,0.0,2652.227579245924,cal_final_2008-09-30
02298123,hbv_lite_cma,evaluation,0.714167,0.751609,0.095039,-0.126378,2.910352,13,explicit_euler_dt1,hbv,success,,76.57,0.8283,-0.4702252359629835,8.094981296317119,0.057095457464282,0.0397323090549727,697.4037389108103,5.600950983970012,0.6023071410352633,0.8581230118165666,0.1147491946774183,175.90642072698984,1.332922837526176,0.000103089555768,6.659645744224831,0.0,0.0,637.7076867179719,10.581053404343695,1821.570032129564,cal_final_2008-09-30
02298608,hbv_lite_cma,evaluation,0.732304,0.695526,-0.068721,-0.257592,4.436955,13,explicit_euler_dt1,hbv,success,,55.42,0.7489,-1.8705813746337967,4.887325846053286,0.0287832261499126,0.1774629211635706,324.29331738586905,5.999999693136566,0.9129272124992132,0.432999649985849,0.1003911553497606,45.62955539063413,2.065055111270438,0.0001000000022125,4.213863537995731,0.0,0.0,283.1467704715712,0.0,2744.748630850712,cal_final_2008-09-30
02299950,hbv_lite_cma,evaluation,0.651038,0.715153,0.002707,-0.309407,7.240041,13,explicit_euler_dt1,hbv,success,,35.38,0.7644,-0.0516494542604641,4.501434966398988,0.06970564240513,0.0109835871194616,462.0830504208145,5.978143282006141,0.4898833459002432,0.950038483119098,0.2516665710848746,46.47157548988623,5.259829072374791,0.0001264987330925,2.760153634208645,0.0,0.0,414.2320714169647,0.0,3874.293326216061,cal_final_2008-09-30
02300700,hbv_lite_cma,evaluation,0.609067,0.580482,0.017511,-0.265428,2.753444,13,explicit_euler_dt1,hbv,success,,35.26,0.5494,1.7646995603869424,13.39832835514123,0.0522965846632903,0.198451724080637,303.09804396359846,3.3905389885140527,0.7301911218894304,0.5160038420118926,0.4142742038393149,40.515262497437135,2.897631941705355,0.0002965928954357,2.141615979086101,0.0,0.0,227.07092058486248,0.0,2137.363437640051,cal_final_2008-09-30
02342933,hbv_lite_cma,evaluation,0.630369,0.686489,0.108963,-0.16378,14.846024,13,explicit_euler_dt1,hbv,success,,27.86,0.5743,-0.9709648946773496,0.7220904353018861,0.0192674308032234,0.0109683817240309,791.3372771340768,5.999999545110439,0.7311152104790306,0.7741158298558739,0.3212149950197465,27.20296962052853,4.323641551951757,0.0001000000002827,1.0909427453283012,0.0,0.0,699.0841621587261,0.0,3363.9840973045,cal_final_2008-09-30
02349900,hbv_lite_cma,evaluation,0.620073,0.725441,-0.015624,-0.28373,4.30888,13,explicit_euler_dt1,hbv,success,,28.06,0.8372,2.491340032562869,6.110964856317096,0.0488745063414771,0.0072349815803,263.66476140212075,1.554063128373946,0.379819118782605,0.687790955826407,0.1079241257441957,33.597920740082884,3.026484150157283,0.0001030000513389,1.0733785902200936,0.0,0.0,112.12542989006452,0.0,3128.332804561933,cal_final_2008-09-30
02350900,hbv_lite_cma,evaluation,0.607678,0.615887,0.105295,-0.148991,2.528837,13,explicit_euler_dt1,hbv,success,,101.39,0.6321,1.6435253571131812,14.146671998936997,0.0981283175075858,0.1932865861474707,387.56062478591286,1.0012417496182988,0.3185930651429535,0.0656132149598125,0.0894570916082676,198.13128998876587,3.434947567454725,0.000162796736578,4.287066336319463,0.0,0.0,165.80904753009835,0.0,3579.2386350326683,cal_final_2008-09-30
02361000,hbv_lite_cma,evaluation,0.652156,0.613259,0.084875,-0.137647,2.697914,13,explicit_euler_dt1,hbv,success,,75.78,0.6211,-1.8635408410726384,11.474340918710366,0.0261627829246696,0.1453561604042273,410.9081281401509,2.1465084512039407,0.5027350189440788,0.9899997713241676,0.3200021572738185,52.00691882419181,5.930970175364549,0.0001960228978876,6.8711970261096855,0.0,0.0,292.42105725880674,0.0,3500.1442483149185,cal_final_2008-09-30
02363000,hbv_lite_cma,evaluation,0.649807,0.687933,0.042074,-0.133992,6.516965,13,explicit_euler_dt1,hbv,success,,83.73,0.7148,1.7199736200296751,11.11774982517103,0.075878676473039,0.1019081817545581,577.6570742005839,4.036988939935596,0.6690577437687812,0.8821690341089675,0.2779663744144009,160.76207720052807,4.860491390751898,0.0001173307310834,7.846578803686799,0.0,0.0,480.5459479200073,0.0,3684.191361225461,cal_final_2008-09-30
02369800,hbv_lite_cma,evaluation,0.667873,0.611431,0.17575,-0.126215,1.774604,13,explicit_euler_dt1,hbv,success,,55.33,0.5962,1.4512349765160053,5.336500309013562,0.0002062356812332,0.1212978675860419,1112.0025716712405,4.62608507148839,0.2352823576939824,0.4084743439800553,0.0824071282094908,52.43708154530352,3.513823166289902,0.0002205881000758,2.007327343039738,0.0,0.0,946.87048227885,0.0,4072.343683744177,cal_final_2008-09-30
02371500,hbv_lite_cma,evaluation,0.814987,0.816146,0.087382,-0.070851,2.879034,13,explicit_euler_dt1,hbv,success,,83.15,0.7723,-0.6936306112405342,12.992505202907,0.0967054389380606,0.1223872248245588,453.1312426935074,3.511914903915007,0.5895233074017396,0.3054684408851137,0.1143354005372266,56.63791787826492,2.277313205584294,0.0001000000000208,6.529867318992586,0.0,0.0,358.0715601575173,0.0,3216.055790494097,cal_final_2008-09-30
02372250,hbv_lite_cma,evaluation,0.728156,0.686455,0.088627,-0.066026,2.143899,13,explicit_euler_dt1,hbv,success,,62.21,0.7002,0.8179138216827648,2.469961895939992,0.0502646784637245,0.0001968815172367,547.6376896357361,3.822073308323913,0.6342872594020694,0.3116174029238718,0.1316464565338262,45.6524734674135,2.3111776675901363,0.0001000044956384,5.622910951025354,0.0,0.0,446.4845508465336,0.0,3266.91893096392,cal_final_2008-09-30
02374500,hbv_lite_cma,evaluation,0.618577,0.590491,0.379791,0.137959,1.295112,13,explicit_euler_dt1,hbv,success,,37.88,0.6273,0.7341862865029576,10.25302876414532,0.0902106781647013,0.042657868829329,446.4767412475422,1.696627910150987,0.4866238369258177,0.3812915259878264,0.0974314496874495,72.66161625735997,3.037773122124161,0.000267898608973,1.856239379346037,0.0,0.0,280.95107179074404,0.0,3561.1266739906146,cal_final_2008-09-30
02381600,hbv_lite_cma,evaluation,0.485993,0.426375,-0.332402,-0.421901,-0.206297,13,explicit_euler_dt1,hbv,success,,27.63,0.5073,-1.450009469002882,5.29622327372942,0.0315916607432786,0.1051880523716132,128.52280729106678,5.514471476933045,0.200021956114674,0.9899999890743753,0.2798958123283268,29.18410833325221,4.623943150707305,0.021334715619056,1.6483044762279202,0.0,0.0,73.75664230541744,0.0,32.191263963819644,cal_final_2008-09-30
02384540,hbv_lite_cma,evaluation,0.586669,0.721439,0.053672,-0.160565,3.555283,13,explicit_euler_dt1,hbv,success,,27.68,0.6474,-2.4945951824298622,2.7899242899113,0.0041391562878441,0.133730298298301,149.49486474262656,2.5721031458683257,0.3501319597921651,0.5533279393946361,0.1449360387285222,28.96310060649439,2.490489148948106,0.0002247706569831,1.93228400484464,0.0,0.0,86.89960785914742,0.0,3279.0399670181305,cal_final_2008-09-30
02395120,hbv_lite_cma,evaluation,0.668873,0.7112,-0.000271,-0.180292,1.12486,13,explicit_euler_dt1,hbv,success,,27.89,0.6271,-2.3325303149681624,11.488206796774785,0.0629451174619252,0.1564087358142706,653.7271383189212,5.757315767012117,0.5741889378799208,0.6523710065297924,0.0904828572811674,26.427596479381137,2.3130929021609163,0.0001946787688412,1.0770934378535464,0.0,0.0,504.49704948481,0.0,2825.5396833473487,cal_final_2008-09-30
02415000,hbv_lite_cma,evaluation,0.693392,0.726596,0.08738,-0.154588,3.511303,13,explicit_euler_dt1,hbv,success,,27.88,0.6856,1.2557944217659895,9.474052330778225,0.056245338041906,0.0228585653816085,411.9028541760534,2.2923378764367746,0.5953422626475959,0.4753038057662859,0.1540338374061152,25.620933187041185,3.485565642794825,0.0002004563551966,1.4796138719302472,0.0,0.0,287.2550442288685,0.0,3596.22584335883,cal_final_2008-09-30
02427250,hbv_lite_cma,evaluation,0.759674,0.783629,0.147001,-0.049342,2.995605,13,explicit_euler_dt1,hbv,success,,34.83,0.6699,-0.22996078119243,8.699154573167059,0.0675568811821378,0.0426934986248533,616.7291493136131,5.999999048333436,0.7621098570360443,0.5992792160581276,0.3578125580956559,39.32913374550836,4.4951505188521885,0.0001012159453007,2.718557901498367,0.0,0.0,538.8256155728973,0.0,3794.6861137568,cal_final_2008-09-30
02430085,hbv_lite_cma,evaluation,0.624422,0.805751,0.038446,-0.168431,2.895747,13,explicit_euler_dt1,hbv,success,,27.57,0.692,0.4802590847960148,13.338314453015998,0.0397810262049015,0.1077899649457435,272.14128718471284,1.163538172391199,0.2003043105852031,0.5835880780527807,0.1473000267455276,20.637991772926647,3.169911382123804,0.000226407083362,1.0003193902092846,0.0,0.0,99.439197909642,0.0,3319.7348949120137,cal_final_2008-09-30
02450250,hbv_lite_cma,evaluation,0.733227,0.752272,0.160374,-0.067385,5.617536,13,explicit_euler_dt1,hbv,success,,27.4,0.7478,2.499981650710059,3.286540945334227,0.0860301041622584,0.1999958359713474,487.7456889523629,5.999986963557025,0.2617502194223918,0.9683476226665152,0.1777798298171354,28.894876197534707,1.6514569470583855,0.0001000000675023,1.3439469516824922,0.0,0.0,381.8498360638261,0.0,2869.5753048835795,cal_final_2008-09-30
02464000,hbv_lite_cma,evaluation,0.729608,0.755527,0.115168,-0.119752,8.849024,13,explicit_euler_dt1,hbv,success,,35.32,0.6614,0.8800875824680299,4.175376374875237,0.0594232905855792,0.1116422517050887,443.4289917416142,5.999993228424573,0.5135812736668818,0.3098361342240543,0.4459405323723989,70.99269562173895,3.332213407241009,0.0001500753922496,2.0145481398988183,0.0,0.0,336.7191534563047,0.0,3075.0479652058857,cal_final_2008-09-30
02464360,hbv_lite_cma,evaluation,0.686164,0.724816,0.181357,-0.079506,2.009333,13,explicit_euler_dt1,hbv,success,,27.91,0.5546,-0.0407070712231929,7.432137122900518,0.0391395690991538,0.064765873536417,414.4779436663474,3.3886547894671506,0.5810148062342795,0.9899991005154556,0.3173530331616607,49.01655762232849,4.419470243817079,0.0002795858615812,1.141286041199291,0.0,0.0,259.26306955858985,0.0,3065.0004717415663,cal_final_2008-09-30
02465493,hbv_lite_cma,evaluation,0.63838,0.63856,0.31525,0.043127,1.446931,13,explicit_euler_dt1,hbv,success,,31.24,0.6075,2.4850757945730617,0.6738582584902061,0.0620534634054953,0.0780268575202343,271.3697848968653,1.0012984419795747,0.2255255009619381,0.9899995004856544,0.1166308596722495,45.56323277235768,4.265766677811774,0.0002076978257815,1.1626006433532527,0.0,0.0,96.67389601932564,0.0,3944.192776800515,cal_final_2008-09-30
02469800,hbv_lite_cma,evaluation,0.741488,0.718048,0.194058,-0.066176,4.915347,13,explicit_euler_dt1,hbv,success,,39.88,0.7461,0.8550797052369781,3.4380340747518368,0.008870266171466,0.0482649552628459,545.1465816420693,4.028143617057205,0.6684139297332111,0.3941627606440396,0.0685650126325778,23.50442513971859,1.8919858695915104,0.0001472437488777,2.5167549496772743,0.0,0.0,429.2785875068028,0.0,2866.598911812662,cal_final_2008-09-30
02472000,hbv_lite_cma,evaluation,0.748026,0.740719,0.09531,-0.079443,2.126573,13,explicit_euler_dt1,hbv,success,,55.81,0.7404,-2.031982706862387,4.909368950762348,0.0695053702071075,0.1562709594742435,513.5507558367465,4.772946048322874,0.716821338078568,0.2658877022262509,0.0942805516200825,16.15572737040378,2.065527778387226,0.0001000020946674,4.705541523396243,0.0,0.0,451.80852774141215,0.0,3284.6733810738265,cal_final_2008-09-30
02472500,hbv_lite_cma,evaluation,0.718189,0.657236,0.176017,-0.074417,1.275633,13,explicit_euler_dt1,hbv,success,,44.33,0.7433,2.3400330983417,8.80621187796485,0.070772633014001,0.0139450057705801,542.0596275014464,4.275056527293289,0.7065143469262789,0.9899996536213312,0.2957404033363984,91.15301180696854,6.10835526097432,0.0001707932524965,3.252205777573836,0.0,0.0,464.5092087857048,0.0,4232.599140337067,cal_final_2008-09-30
02479155,hbv_lite_cma,evaluation,0.608928,0.550113,0.142875,-0.203676,4.219102,13,explicit_euler_dt1,hbv,success,,27.02,0.6513,-0.0436027074390548,2.55451121184368,0.062803212509748,0.1954486246609286,893.6131954573398,5.999999999999972,0.2358878686484291,0.7531492521869562,0.1761475782530623,39.95403646924309,3.182569228387669,0.0001720942776053,1.8202208315247888,0.0,0.0,805.2148779529236,0.0,3760.474623419149,cal_final_2008-09-30
02479300,hbv_lite_cma,evaluation,0.684158,0.651327,0.180445,-0.13492,2.158529,13,explicit_euler_dt1,hbv,success,,58.09,0.7317,-1.6958579079337863,4.43523538672899,0.0827747000900784,0.0687294093434784,640.5332575280233,3.3122052673132,0.6937106555777535,0.2324774148617168,0.1559616077463479,26.68106004168591,3.1151910461603567,0.0002343582950771,5.006434895740373,0.0,0.0,537.9110295987216,0.0,3666.870910404487,cal_final_2008-09-30
02479560,hbv_lite_cma,evaluation,0.807416,0.784539,0.117841,-0.08577,1.996036,13,explicit_euler_dt1,hbv,success,,83.38,0.7951,-1.115279810026759,4.085588728365124,0.0044323355455913,0.1987868074093198,465.8315078592642,2.996577008440317,0.6022794316733868,0.3033264767358491,0.4425111242271881,31.567507305391395,3.768039463447268,0.0001771087879444,9.129901704860874,0.0,0.0,377.4458189252886,0.0,3702.8984818948848,cal_final_2008-09-30
02481000,hbv_lite_cma,evaluation,0.77285,0.720532,0.235223,-0.016289,9.544697,13,explicit_euler_dt1,hbv,success,,27.97,0.7895,-1.2590837877503591,7.237559150761478,0.0060517221428847,0.1160646364932105,580.9398714052908,5.998173320024629,0.6827645427623119,0.4856055845665403,0.3078532013184147,21.257394311303774,2.657519539996035,0.0002073812910942,1.1126970439619706,0.0,0.0,531.1357082976359,0.0,3021.603129213073,cal_final_2008-09-30
02481510,hbv_lite_cma,evaluation,0.760557,0.735363,0.158782,-0.075865,3.193834,13,explicit_euler_dt1,hbv,success,,39.2,0.7815,-0.2517255468062238,0.5244820616439967,0.00665379811169,0.1230035269712713,567.3478238163282,5.999999999925055,0.7498960530560121,0.3226392855678876,0.1893162105594649,24.36688860255851,3.010241824506973,0.0001813002072946,2.105929224617764,0.0,0.0,519.1772509757765,0.0,3669.3022693619096,cal_final_2008-09-30
03010655,hbv_lite_cma,evaluation,0.620151,0.609368,0.230028,-0.149278,5.597915,13,explicit_euler_dt1,hbv,success,,43.61,0.7125,-1.0200077339452611,2.338254002235097,8.160320343905446e-06,1.9719643979057735e-07,376.8555272929954,5.9999151869975815,0.4191566588653544,0.560806168213706,0.1605211614839395,15.254599546743272,2.827180776824666,0.0728070421193799,3.045133171162673,0.0,0.0,330.1195887167144,0.0,13.077332888072045,cal_final_2008-09-30
03011800,hbv_lite_cma,evaluation,0.591944,0.690603,0.249115,0.022051,2.593362,13,explicit_euler_dt1,hbv,success,,28.93,0.7135,-1.7900005972049555,1.6582731166689046,0.099998452462111,0.118598700755513,314.5315361504316,5.999847818525667,0.6274606623130985,0.62370022151943,0.2723922830359832,21.77721864936537,4.893213567549479,0.1104083112510162,1.308122063829262,0.0,0.0,266.21323223595806,0.0,4.740530468059252,cal_final_2008-09-30
03015500,hbv_lite_cma,evaluation,0.717498,0.715513,0.085151,-0.169782,1.960908,13,explicit_euler_dt1,hbv,success,,32.21,0.7401,-1.5800052236424182,1.9688266595748285,3.461516808082935e-07,0.0746509077118451,354.9054960809307,5.996036640133007,0.2000549331519631,0.8034316566901534,0.3122672511603391,18.75527327913689,2.624792179186393,0.077526668080452,2.999538204905578,0.0,0.0,302.98860988215404,0.582310892800732,7.611740915785443,cal_final_2008-09-30
03021350,hbv_lite_cma,evaluation,0.563729,0.670206,0.013588,-0.248683,4.474307,13,explicit_euler_dt1,hbv,success,,27.73,0.577,-0.4199907915615237,2.8976270734518765,0.0716904152666009,0.0099888505952826,305.7428904962786,5.999929676501372,0.5205765875300769,0.4630048063330845,0.3484713007205873,7.697679478095908,1.4381661908235732,0.1187748140493097,1.006422306143524,0.0,0.0,256.4453648264569,0.9908227639085104,2.973546193755072,cal_final_2008-09-30
03026500,hbv_lite_cma,evaluation,0.480377,0.513957,0.425387,0.048618,5.521904,13,explicit_euler_dt1,hbv,success,,29.19,0.718,-1.6907767468728698,2.1250320222961427,0.0371918979253163,0.0398758676965833,344.0014785943653,5.992263401825976,0.2383397877059041,0.6110463443654536,0.2415095935797815,20.66346599525649,5.145926510888198,0.1016302764344402,1.931812148489496,0.0,0.0,290.9205769948079,0.0,5.392155013431061,cal_final_2008-09-30
03028000,hbv_lite_cma,evaluation,0.640787,0.667149,0.162168,-0.131333,2.169361,13,explicit_euler_dt1,hbv,success,,27.38,0.7384,-1.0972897612004906,3.21856100477854,0.0997069422990265,4.829860038440631e-15,304.79542299763506,5.999999999970061,0.2000036241265115,0.5626976725276033,0.3817885248109751,148.40268878369062,8.825184840090662,0.1179181239884391,1.7671000402218016,0.0,0.0,256.09355424305846,0.0,4.0669523081650185,cal_final_2008-09-30
03049000,hbv_lite_cma,evaluation,0.569684,0.512161,0.384196,-0.086125,4.759573,13,explicit_euler_dt1,hbv,success,,27.67,0.7166,-2.3200021425526702,1.7674108767754688,0.0948251193960854,4.8285986927231974e-08,443.38653208447766,5.99999022918529,0.283668645168893,0.5775389322808939,0.2560240403184015,20.607881079615257,3.759567662552716,0.0926840181538468,1.9749821168135533,0.0,0.0,356.8364127178268,0.0,4.6778729429249895,cal_final_2008-09-30
03049800,hbv_lite_cma,evaluation,0.127244,0.329334,0.501838,-0.159606,18.826587,13,explicit_euler_dt1,hbv,success,,27.71,0.7604,-2.3597727455181583,1.3473744512341104,0.0548839293203272,6.895667257424074e-06,330.34610105054486,5.862479946401188,0.4724441497297763,0.9899990704015432,0.3687228880884161,10.31188834762976,3.20972671319745,0.0004010475755062,1.4571365136180712,0.0,0.0,253.9210822843521,0.0,2230.2054375496177,cal_final_2008-09-30
03050000,hbv_lite_cma,evaluation,0.653899,0.694561,0.052167,-0.157525,7.287746,13,explicit_euler_dt1,hbv,success,,32.65,0.6537,-1.8799966066603289,4.599233444030139,0.0803680286252833,2.0120665222761133e-08,417.8435134761172,5.802790373258418,0.8034634240209628,0.6173851610138096,0.113693951826865,17.651251543051472,1.121422739043762,0.0001000000577656,2.5116241974418827,0.0,0.0,338.75100633738026,0.0,2704.2468814984086,cal_final_2008-09-30
03069500,hbv_lite_cma,evaluation,0.687404,0.68975,0.064541,-0.138691,1.585521,13,explicit_euler_dt1,hbv,success,,27.72,0.6919,-2.0795815489919827,1.5312411956420635,0.0997829620164485,1.80194196991766e-07,196.51835795169328,5.994051471947338,0.2378786366161999,0.7330554630591395,0.4249654050563775,53.57176803181678,4.638125485303676,0.1717892785388067,1.3445018794511685,0.0,0.0,151.67118321610616,0.0,1.576524717170935,cal_final_2008-09-30
03070500,hbv_lite_cma,evaluation,0.708692,0.741307,0.1545,-0.128115,4.710267,13,explicit_euler_dt1,hbv,success,,27.71,0.6868,-1.5599963878112346,1.908514243441907,0.0702683596967334,8.378887386439301e-09,361.603747823713,5.987746271102212,0.2053771684541348,0.8874984380611283,0.2135751765326577,11.299108567354033,3.0686792740505666,0.1454573717543729,1.4369782649986296,0.0,0.0,307.8407806709237,0.0,2.6551978336465827,cal_final_2008-09-30
03076600,hbv_lite_cma,evaluation,0.550427,0.653855,0.179425,-0.156866,3.054811,13,explicit_euler_dt1,hbv,success,,28.18,0.6233,-1.8399999347592904,2.395349019200125,0.0194107763025429,1.9869082586706496e-12,366.8421423865137,5.999999977697949,0.2335231978201454,0.3843986744862837,0.4438710825831599,65.77898043544221,5.863197083402187,0.1253114165068508,1.2433566494558972,0.0,0.0,320.8233429570004,0.0,5.827889084444776,cal_final_2008-09-30
03078000,hbv_lite_cma,evaluation,0.554429,0.70917,0.042616,-0.156175,2.582161,13,explicit_euler_dt1,hbv,success,,28.14,0.6964,-2.029999984000072,2.2598362128436102,0.0979870994409809,1.421634128400289e-12,327.51300894935326,5.999999999590421,0.6981500738797333,0.985747046742746,0.4381801748877341,96.58063030969248,4.739306299330576,0.1374290992397193,1.936327863758604,0.0,0.0,292.86529049910337,0.0,7.723418029062341,cal_final_2008-09-30
03140000,hbv_lite_cma,evaluation,0.613425,0.599733,0.303881,-0.077267,14.951374,13,explicit_euler_dt1,hbv,success,,28.14,0.7226,-2.362118509509952,1.3665954867281442,0.0776947263704261,4.717364032939462e-05,396.22883211932526,5.99915598122517,0.7118126326125342,0.605614301655059,0.1243395965482744,16.171209802995236,1.5715017383886751,0.0001685483182364,1.6313224962735235,0.0,0.0,307.8550290015866,0.0,2550.857890614072,cal_final_2008-09-30
03144000,hbv_lite_cma,evaluation,0.713635,0.685362,0.161867,-0.080255,2.934713,13,explicit_euler_dt1,hbv,success,,30.63,0.6908,-2.419866987173427,1.6917139268050407,0.0323388374848552,9.0703268547213e-06,303.65936361086096,5.992467122130509,0.4862634923677017,0.5337141972818552,0.101779035361509,21.480130296100512,0.899151010476331,0.0001000039283512,1.122645282698192,0.0,0.0,208.08393648290627,0.0,1989.352951698159,cal_final_2008-09-30
03170000,hbv_lite_cma,evaluation,0.325142,0.534699,0.376921,-0.0101,2.173184,13,explicit_euler_dt1,hbv,success,,36.67,0.665,-1.580140057916163,5.540500096467799,0.0316858420601547,0.1701887353625987,181.89755046557,1.3557881147625943,0.2000413309330737,0.9681345410638486,0.1091181370923055,43.553133155810805,4.339906879161422,0.0003096626565579,1.7704362805664489,0.0,0.0,93.24480813394658,0.0,3204.4298068707217,cal_final_2008-09-30
03173000,hbv_lite_cma,evaluation,0.601782,0.5875,0.200022,-0.143061,3.772409,13,explicit_euler_dt1,hbv,success,,44.41,0.6922,-1.2999702445521404,3.670590067346655,0.0965672845195792,7.50886306050123e-08,395.71589303146607,5.08661766127122,0.5673848270128176,0.4299401831312887,0.1203153132566324,18.21434881083415,1.6573612941730622,0.0002205941479509,2.487345436440153,0.0,0.0,322.10065268506247,0.0,2374.62771171856,cal_final_2008-09-30
03180500,hbv_lite_cma,evaluation,0.544084,0.499814,0.3607,-0.063236,7.142653,13,explicit_euler_dt1,hbv,success,,34.64,0.6043,-2.369999980403505,1.616024500519136,0.0434447287170635,7.540263835359679e-11,332.8517800381931,5.999998906923282,0.7102246294436043,0.0515014063427279,0.4814682937506119,195.8603933524948,6.275073274674543,0.1210362767702039,2.7735460060963044,0.0,0.0,273.13292453203,0.0,4.177609412207277,cal_final_2008-09-30
03182500,hbv_lite_cma,evaluation,0.606671,0.516658,0.392373,-0.027009,7.112895,13,explicit_euler_dt1,hbv,success,,34.84,0.6401,-2.489989485379936,1.6175992500960528,0.0226928685203103,6.551490303133176e-09,379.0740356942335,5.999916473991702,0.7682653252653604,0.6390478373195746,0.1118953795635012,20.79732048554073,1.0677375367727029,0.038384843635909,2.7708311050192456,0.0,0.0,316.7223988916284,0.577338498669948,15.839382674060982,cal_final_2008-09-30
03186500,hbv_lite_cma,evaluation,0.632097,0.710193,0.017883,-0.214398,4.667295,13,explicit_euler_dt1,hbv,success,,27.72,0.7086,-2.499999922408492,1.2881897767117034,0.055374602001516,5.32132311376002e-10,207.26398129720212,5.999996011079462,0.3467236786155543,0.8616192739113172,0.3069909904213555,16.77754552027655,3.111982081263672,0.1189841432522548,1.4835444879350588,0.0,0.0,171.05535505249424,0.0,4.380336067763139,cal_final_2008-09-30
03237280,hbv_lite_cma,evaluation,0.343464,0.427744,0.441244,-0.077561,85.347697,13,explicit_euler_dt1,hbv,success,,27.53,0.5541,-1.4299948273240597,14.999953938189758,0.0392380474171178,0.1999964839422814,455.8997813296502,5.9997102861924985,0.4288518728135468,0.9601049944845936,0.2136504963860336,12.234510648833146,1.6529373171232715,0.061371746084435,1.112930505128047,0.0,0.0,303.23846038457475,0.0,1.7703363764082152,cal_final_2008-09-30
03237500,hbv_lite_cma,evaluation,0.612735,0.592812,0.151132,-0.185488,34.775484,13,explicit_euler_dt1,hbv,success,,27.76,0.5539,-2.3100000520912087,14.697973345739282,0.0724357686182247,0.1999757484331456,373.42115036623807,5.999744808029434,0.2052181774243023,0.6026923848818903,0.4999981065020421,123.07439699163729,2.0972383267944448,0.0001396284614592,1.0061716230031867,0.0,0.0,248.9325389992781,0.0,2381.156982124093,cal_final_2008-09-30
03238500,hbv_lite_cma,evaluation,0.597156,0.654622,0.105305,-0.183718,24.298551,13,explicit_euler_dt1,hbv,success,,27.64,0.6041,-2.2900003156235864,14.27095876030413,0.0786314273950322,0.1999918648146215,157.71167067343853,5.999987474390445,0.2000000476287111,0.6082087612317844,0.1950008565999737,7.0892440697869485,1.2033223656383676,0.0001000004380148,1.7397799755677212,0.0,0.0,65.10301713338836,0.0,1961.535124126058,cal_final_2008-09-30
03241500,hbv_lite_cma,evaluation,0.750956,0.653344,0.320304,0.004639,6.28241,13,explicit_euler_dt1,hbv,success,,27.49,0.7799,-2.4999997011675936,2.104734098550125,0.0350308459891611,1.3926558640194508e-10,249.0000762113129,2.92363941049906,0.3309204336810921,0.6042907341577152,0.1580883146753469,16.344109918654144,1.347030880344398,0.0001864197899125,1.0212620850442686,0.0,0.0,120.77889403876148,0.0,2208.794074589377,cal_final_2008-09-30
03280700,hbv_lite_cma,evaluation,0.524203,0.625658,0.269849,0.007157,5.651651,13,explicit_euler_dt1,hbv,success,,27.82,0.653,-1.2611342800380616,7.849182639765991,0.0801049123336052,0.0035524804816838,503.31531085865055,5.9999081837562045,0.231476530907749,0.7147490599141839,0.1163325752136718,17.037716407316072,1.231079599364185,0.0001000035472884,1.617696090761199,0.0,0.0,395.983560825855,0.4287257882623443,2599.7647394398946,cal_final_2008-09-30
03281500,hbv_lite_cma,evaluation,0.681467,0.696548,0.189954,-0.062687,5.857977,13,explicit_euler_dt1,hbv,success,,40.35,0.7564,-0.8116059880732558,10.052772221962252,0.0525007466823073,0.0536774179564402,462.1347056496626,5.797814957664468,0.6061186492359362,0.6060218603003619,0.0705394289323463,17.811505877834108,1.0218856391563933,0.0001000225677248,3.9946790341101073,0.0,0.0,321.7344868204207,0.0,2330.478774064976,cal_final_2008-09-30
03285000,hbv_lite_cma,evaluation,0.596188,0.505681,0.333864,-0.115543,21.808351,13,explicit_euler_dt1,hbv,success,,27.51,0.6695,-2.100022524054085,4.613427680750092,0.0359218780540229,0.0004450859696707,497.0733315295975,5.999604421050364,0.2388038996804878,0.7391770084236532,0.1523729119411571,13.35647561953085,1.1551158232121297,0.0604003782870469,1.0577104481024642,0.0,0.0,316.31548746982423,0.0,1.2975282360758005,cal_final_2008-09-30
03291780,hbv_lite_cma,evaluation,0.620124,0.573713,0.154042,-0.243272,193.808083,13,explicit_euler_dt1,hbv,success,,27.6,0.5925,-2.154682916727786,2.0395876312470143,0.0688226337263376,0.0780770261278931,377.1017511632508,3.538809146112475,0.3543628030813298,0.979608765160605,0.3690493006188373,0.8562069312267949,3.787881229323501,0.0002015765583283,1.0893576667961102,0.0,0.0,261.7222813447429,0.0,3174.5317160159525,cal_final_2008-09-30
03338780,hbv_lite_cma,evaluation,0.66665,0.507672,0.350426,-0.105253,7.022709,13,explicit_euler_dt1,hbv,success,,34.92,0.6819,-0.2299984195414568,3.62649489310459,0.0093724446360092,2.2322225855547996e-08,275.6662791300579,5.999999542570574,0.2079822605306248,0.9326595987170436,0.3324238325438508,28.7196190179687,3.786677197783413,0.0540657250914377,2.9735187467291047,0.0,0.0,248.5792216224643,0.0,18.328302763491045,cal_final_2008-09-30
03340800,hbv_lite_cma,evaluation,0.66178,0.60852,0.288996,0.026241,10.39797,13,explicit_euler_dt1,hbv,success,,27.77,0.7503,-1.287926009289566,6.051083431918809,0.053198601581381,0.1858184722346966,416.3684896757422,5.999865541616883,0.4169450410598391,0.563762927923987,0.0892019067899493,21.92634648622625,0.9867340411173994,0.0001000058494709,1.73699770799332,0.0,0.0,327.4780214801035,0.0,2145.1748619027408,cal_final_2008-09-30
03346000,hbv_lite_cma,evaluation,0.691816,0.627125,0.200708,-0.106524,32.038267,13,explicit_euler_dt1,hbv,success,,35.45,0.6875,-0.7532913053543975,2.634532486803511,0.0161183441842844,0.0006173951891719,365.77151221378233,5.996040326828453,0.5780181556591082,0.9899351037642442,0.387733926936686,41.7538905703708,2.107603701554984,0.0001000170901624,2.320064050602901,0.0,0.0,311.41504457010643,0.0,2485.838351231336,cal_final_2008-09-30
03364500,hbv_lite_cma,evaluation,0.678896,0.670522,0.22829,-0.027716,21.805951,13,explicit_euler_dt1,hbv,success,,27.9,0.6813,-2.239951907700673,1.2263693321296667,0.0166421292946293,2.7385057021434305e-07,237.12218358349145,5.999994590477948,0.2068577422719466,0.8694553782057155,0.2246707334807942,27.17121628675581,1.4899225971397525,0.0001178774517511,1.2261108340321996,0.0,0.0,148.10648263977006,0.0,2454.432214183279,cal_final_2008-09-30
03366500,hbv_lite_cma,evaluation,0.674901,0.385292,0.553909,-0.02686,33.227988,13,explicit_euler_dt1,hbv,success,,27.55,0.6822,-2.4799910617482723,1.9932450027207456,0.0996857630262889,1.864641990171398e-05,479.3063226064787,5.999952236090174,0.203362810646472,0.9899999976844054,0.167154320612696,12.91148093168251,1.752942342310926,0.0280923118672304,1.479155905868513,0.0,0.0,377.71357578084223,0.0,20.523152668868487,cal_final_2008-09-30
03368000,hbv_lite_cma,evaluation,0.555189,0.555872,0.08584,-0.208362,57.030332,13,explicit_euler_dt1,hbv,success,,27.86,0.6008,-1.7699697361623874,3.409143737332386,0.0281416214294027,0.0666874807816343,469.3886879971746,5.997673991120978,0.6158035323202343,0.9899999296071328,0.4999732522863079,0.3961893084329868,2.849519379076132,0.000100034280043,1.995641882366124,0.0,0.0,366.3778475900223,0.0,2892.855168879548,cal_final_2008-09-30
03384450,hbv_lite_cma,evaluation,0.619459,0.47245,0.436871,-0.104488,210.173851,13,explicit_euler_dt1,hbv,success,,27.5,0.6624,0.343100370016181,7.019902295256697,9.755476339134316e-05,0.073780021377582,287.5598783484676,3.664811457158181,0.4599365144327579,0.9498520564943264,0.4619298228389945,6.167084474444127,3.332685279618834,0.0003097173879743,1.00003243981248,0.0,0.0,175.03540645137895,0.0,2386.6130142851493,cal_final_2008-09-30
03439000,hbv_lite_cma,evaluation,0.653147,0.702701,0.179709,-0.073916,1.584974,13,explicit_euler_dt1,hbv,success,,28.26,0.6154,-2.4990265585771425,14.942083722992445,0.0053068104472477,0.0299183802566616,341.9208249990996,1.000001533437998,0.3998708244856847,0.7440157300889081,0.099119586844117,89.0798218079923,6.113530923448055,0.0004421261385984,1.223787918511321,0.0,0.0,202.0880471550448,0.0,5419.839098810428,cal_final_2008-09-30
03455500,hbv_lite_cma,evaluation,0.52252,0.635844,0.206403,-0.116032,2.406038,13,explicit_euler_dt1,hbv,success,,27.9,0.6721,-2.129957410571337,14.164005508473744,0.0619063470337696,0.0001958177543169,320.4128444349184,2.7673238720191407,0.490088221781265,0.8780236758962511,0.1030486188390094,79.7311657631418,5.393386088484365,0.0003383885557747,1.415233502142133,0.0,0.0,274.60817372339545,0.0,6246.800149720705,cal_final_2008-09-30
03456500,hbv_lite_cma,evaluation,0.547944,0.715549,0.190876,-0.07057,2.301574,13,explicit_euler_dt1,hbv,success,,28.13,0.6771,-2.3358187714060272,11.473805574878275,2.1679777634909272e-05,1.1750523617780368e-05,392.4550118073572,4.893930770990075,0.7600428292635228,0.7910638099657916,0.103372744162008,62.59818925459864,4.366599704917561,0.0002538012755791,1.5388566881414047,0.0,0.0,354.45400795686936,0.0,6092.717209434355,cal_final_2008-09-30
03460000,hbv_lite_cma,evaluation,0.463654,0.640192,0.27773,-0.015494,1.83013,13,explicit_euler_dt1,hbv,success,,30.19,0.6894,-2.499999999419687,14.999999696097714,0.0474028991550621,1.806954759312156e-08,169.8286411916759,3.505819375808263,0.5755030027500183,0.9899999635690632,0.1087763662214697,55.43948785811459,3.4600573119879146,0.0003910218779688,1.7365026089317253,0.0,0.0,136.15709034571609,0.0,3873.640536125543,cal_final_2008-09-30
03463300,hbv_lite_cma,evaluation,0.745888,0.813069,-0.042303,-0.1608,0.12944,13,explicit_euler_dt1,hbv,success,,28.01,0.7875,-0.7899995383166225,4.164902500163434,0.0929769303085739,8.202924654106805e-10,104.90747105437234,5.99999971082283,0.234820126646198,0.9553098462939136,0.1175220944912343,45.85968963084581,3.977174308157336,0.0298898945478182,1.330029958694254,0.0,0.0,101.3731484068403,12.095910145240596,57.88796410761436,cal_final_2008-09-30
03471500,hbv_lite_cma,evaluation,0.49067,0.654155,0.247115,-0.0122,1.436238,13,explicit_euler_dt1,hbv,success,,49.28,0.6518,-2.198160596890285,1.5481464480683476,0.0895666938061754,0.0492866049832045,412.7955900258559,4.480712743090402,0.6233446405103735,0.7905588080549235,0.0881202393627098,31.54810774569814,1.417164074475494,0.0002119252161221,2.909298597517655,0.0,0.0,353.0646307713585,7.106904400553619,2547.8155986968536,cal_final_2008-09-30
03473000,hbv_lite_cma,evaluation,0.52128,0.647553,0.244605,-0.039702,2.29549,13,explicit_euler_dt1,hbv,success,,53.95,0.5853,-1.7553264464006442,1.2397000788419348,0.0325542031449567,0.000369397040593,247.041167295667,2.865062347640603,0.5003081253120409,0.5851842058633977,0.4578254225205205,17.807355531230918,3.4487260723586126,0.0002974530097007,6.760747643692107,0.0,0.0,185.09244233201352,0.0,2772.8811880299345,cal_final_2008-09-30
03479000,hbv_lite_cma,evaluation,0.630579,0.550704,0.234352,-0.148111,3.075251,13,explicit_euler_dt1,hbv,success,,27.79,0.6628,-1.4549432422466753,8.891784537361488,0.0866756727887902,0.1638045497935599,192.25240110303065,1.1596684779577142,0.4024419762909383,0.9896459494710214,0.1759479693376468,57.14496539825564,4.835298570998775,0.0003159573509057,1.4375223417318574,0.0,0.0,145.27654061940984,2.509010971985897,4239.121357181532,cal_final_2008-09-30
03488000,hbv_lite_cma,evaluation,0.593982,0.743185,0.040854,-0.160733,1.40548,13,explicit_euler_dt1,hbv,success,,37.8,0.6545,-2.4171433184882214,0.7226283623084777,0.0054764893068731,0.0002439041869098,352.4788082177319,5.997960144779821,0.2041993400500774,0.6842020910224507,0.1188010101931465,22.030062076449926,1.20257490484804,0.0001000009609654,2.847406685423215,0.0,0.0,303.2785347954367,2.622758108634435,2520.89006286281,cal_final_2008-09-30
03498500,hbv_lite_cma,evaluation,0.724773,0.710533,0.248625,-0.015868,2.574843,13,explicit_euler_dt1,hbv,success,,27.79,0.7749,-1.6415780509888012,14.892346014023644,0.0672957631252486,0.1468906246402634,205.4086121347048,2.03187785177765,0.3690796312042285,0.9899990723568822,0.1767176238708496,29.87912688317154,2.418403242512455,0.0002609818658662,1.5409744196255424,0.0,0.0,122.47435116032672,0.0,3299.75664942096,cal_final_2008-09-30
03500000,hbv_lite_cma,evaluation,0.513816,0.6381,0.197021,-0.007004,0.769025,13,explicit_euler_dt1,hbv,success,,53.49,0.6763,-0.6753542447538381,14.219861291207335,0.0733700956534679,0.0553326572200525,425.3780046251865,1.6387203051387074,0.3726200894935641,0.9899884803268144,0.0524043066190961,199.9993047649012,2.583507125262264,0.0002107768659125,1.959819134892701,0.0,0.0,284.3418539456204,0.0,4988.670865783923,cal_final_2008-09-30
03500240,hbv_lite_cma,evaluation,0.539332,0.709459,0.204348,0.018827,1.009634,13,explicit_euler_dt1,hbv,success,,57.61,0.6331,-2.352818804162012,10.30862041335784,0.0865445501825087,0.0605592957531298,280.7250093348499,1.74829687894979,0.4547618066359342,0.9899996330474564,0.0659787349172381,105.19012679709294,3.242341421637379,0.0002124138159596,1.2388735995550482,0.0,0.0,182.32156515392435,0.0,5546.047050371594,cal_final_2008-09-30
03504000,hbv_lite_cma,evaluation,0.647523,0.706626,0.266595,0.047818,0.991023,13,explicit_euler_dt1,hbv,success,,29.07,0.6574,-1.5000714132281432,0.5561059075293759,0.0555626234249946,0.1950810856498558,1131.638270108345,5.999989750245134,0.2384011467619962,0.9899993968105404,0.1325018242129466,99.82623258182208,10.894536289263266,0.0237146411106036,1.554151627648121,0.0,0.0,1020.4661173553033,0.0,71.02862714995315,cal_final_2008-09-30
03574500,hbv_lite_cma,evaluation,0.675414,0.573228,0.257888,-0.093193,12.266716,13,explicit_euler_dt1,hbv,success,,42.96,0.6952,1.211058004724627,0.5941565560046841,0.0291717518529423,0.1999615109210202,401.1582055024079,5.99981677292906,0.5470817719187964,0.5398651415199338,0.0522003400679156,16.1659593746569,1.3305876407378832,0.017543239826001,3.749905975979956,0.0,0.0,306.9258953015096,0.0,31.22698929118405,cal_final_2008-09-30
03592718,hbv_lite_cma,evaluation,0.42019,0.574562,0.329542,0.043204,3.881769,13,explicit_euler_dt1,hbv,success,,27.49,0.6826,-0.9993090457718408,8.303624577976173,0.0160610726316165,0.02600519837472,547.8277647768643,3.700294601123265,0.6278852233798464,0.7759051258371178,0.1409804936481039,21.51409703414157,3.209531953551174,0.0001815519540963,1.4844403213035329,0.0,0.0,411.6930525785296,0.0,3659.9973077875534,cal_final_2008-09-30
03604000,hbv_lite_cma,evaluation,0.634313,0.643687,0.138117,-0.003994,0.426912,13,explicit_euler_dt1,hbv,success,,32.39,0.7399,0.0539650728602634,12.1440809768865,0.0795790406582816,0.0254105065307898,243.15816356192147,1.0002178849343517,0.2000605962094339,0.870481924675465,0.0936781819784216,40.11172528408908,1.99513706868052,0.0001365895342529,2.0852865704183694,0.0,0.0,47.26050409863905,0.0,3689.46241974868,cal_final_2008-09-30
04015330,hbv_lite_cma,evaluation,0.522135,0.502227,0.402394,-0.04162,4.698339,13,explicit_euler_dt1,hbv,success,,28.34,0.703,-0.1101779164720078,2.959306290250192,0.0398596072938665,0.0786441088769347,357.09166501355764,5.125924633306154,0.460075560849453,0.9336715014580856,0.499098811193147,50.44373801920353,4.265176917901029,0.0826286095236352,1.6428551312444657,0.0,0.0,328.267801710471,0.0,23.346644969857167,cal_final_2008-09-30
04024430,hbv_lite_cma,evaluation,0.578658,0.645145,0.134814,-0.212793,2.903762,13,explicit_euler_dt1,hbv,success,,45.4,0.7584,0.4363522757406719,3.084814392605715,0.0243407757362355,0.1131546714721173,182.03716887912847,2.3488849269173584,0.2425911751479548,0.2153835114907794,0.1151674592873685,41.26942140367135,2.145868699446509,0.0002191637231298,1.0037415466708086,0.0,0.0,153.91985635952813,9.294328824527334,1812.2374651215864,cal_final_2008-09-30
04027000,hbv_lite_cma,evaluation,0.66457,0.70475,0.179872,-0.193741,2.372269,13,explicit_euler_dt1,hbv,success,,57.12,0.7493,-0.3197463876323567,2.679430764366408,0.0094069641613949,0.0883441511405477,196.11742967226,1.298213889111998,0.2001659971202373,0.5793225867967485,0.3081673380797537,16.59844919084651,4.657453464247099,0.0002257606067098,5.964360861636819,0.0,0.0,114.95709100315362,0.0,2333.564346473122,cal_final_2008-09-30
04040500,hbv_lite_cma,evaluation,0.480359,0.55395,0.007006,-0.361904,2.640517,13,explicit_euler_dt1,hbv,success,,82.32,0.7664,1.3500013777687565,4.733758601900407,0.0523152055043808,8.724447959711121e-09,670.7115898414423,1.986419484260132,0.5674084443229518,0.989997066241876,0.3631068168686225,4.261421033250412e-06,4.120607465582268,0.0003078144864392,12.178707262780463,0.0,0.0,513.4117013547707,0.0,1754.402895661654,cal_final_2008-09-30
04043050,hbv_lite_cma,evaluation,-0.370713,0.374413,-0.018728,0.180475,-0.231061,13,explicit_euler_dt1,hbv,success,,29.48,0.6387,1.280000356700521,2.094298619956529,0.052355655632939,0.199807835765961,181.22470658520976,4.215306058081948,0.2000000452124335,0.6953213433911084,0.4012179541640603,184.96344316009785,4.40209260771698,0.2393097962497381,1.131225973268123,0.0,0.0,125.92342045389184,0.0,1.600916836607725,cal_final_2008-09-30
04045500,hbv_lite_cma,evaluation,0.688488,0.777374,0.117765,-0.076091,0.905968,13,explicit_euler_dt1,hbv,success,,110.44,0.8108,0.0844571455994658,4.018812458672873,0.0927596015425852,1.5948817898352989e-06,119.83935843651038,5.997040312083233,0.2005139030904789,0.0500076926958924,0.0339492771992304,115.40527410947703,1.288518661412923,0.0004133414457604,7.584617459975366,0.0,0.0,108.65002820788663,3.049700938856468,1335.6653423519062,cal_final_2008-09-30
04057510,hbv_lite_cma,evaluation,0.597661,0.626527,0.216436,-0.16876,1.577267,13,explicit_euler_dt1,hbv,success,,55.07,0.6958,-0.3099971022137726,3.465449245613564,0.0567090477811135,1.2730437547505237e-08,358.1978140139356,1.000000386274044,0.2414196714788464,0.3850733996350531,0.0523277297781611,145.87938853528,1.7702356165574449,0.0002778152738976,1.9868580597411007,0.0,0.0,173.59286918837628,0.2494234882076532,2221.727365162186,cal_final_2008-09-30
04057800,hbv_lite_cma,evaluation,0.549259,0.56421,0.044076,-0.329419,2.195867,13,explicit_euler_dt1,hbv,success,,71.69,0.761,1.2900003901175534,7.056791180517357,0.0473249454721238,2.1134410751093554e-09,374.811297606805,1.0000003706303664,0.3922629705300109,0.226413314817955,0.067517429452412,122.76242847256754,2.8292663042934985,0.0002741683931878,1.585206421530597,0.0,0.0,197.5009521072297,0.0,2438.339735355094,cal_final_2008-09-30
04059500,hbv_lite_cma,evaluation,0.698401,0.791959,0.093961,-0.175597,2.373626,13,explicit_euler_dt1,hbv,success,,53.62,0.8102,-0.8599944335998653,2.82007588633772,0.0425921793722188,1.2474613116148066e-07,357.05452342823685,2.014023786688456,0.2190036802694829,0.9636579639146402,0.0596796437840024,130.95582065058443,1.4243041437757962,0.0001000000477366,1.586052586808171,0.0,0.0,209.64311790487605,0.0,2265.482983594144,cal_final_2008-09-30
04063700,hbv_lite_cma,evaluation,0.700443,0.772823,0.124699,-0.137187,1.35226,13,explicit_euler_dt1,hbv,success,,94.28,0.7894,1.832791901084124,5.226473848303767,0.0699069982026887,6.0562574802592406e-05,463.73550164107127,2.081110319309018,0.4652665314695383,0.0832677775760395,0.0455552893622714,59.76653680555985,1.977508479239024,0.000156634517029,5.289066437492609,0.0,0.0,304.05540963583843,0.0,2373.839767184425,cal_final_2008-09-30
04074950,hbv_lite_cma,evaluation,0.450587,0.693953,0.256433,0.105133,0.789982,13,explicit_euler_dt1,hbv,success,,84.07,0.6301,-0.8799857120520496,2.010407511731024,0.0027233287611138,0.1495735202042072,277.8609326734088,1.0000323701414582,0.2438194076879287,0.3709313560155294,0.0355065464561784,99.62302441544344,2.0803425704162875,0.0003437582489506,2.254359655322604,0.0,0.0,105.68148816408149,0.0,2013.900296823547,cal_final_2008-09-30
04105700,hbv_lite_cma,evaluation,0.137468,0.549667,0.223159,0.000416,0.839713,13,explicit_euler_dt1,hbv,success,,36.19,0.328,1.5887377547004595,12.788399698194691,0.0010719947397522,0.0358690365762061,253.7192231666111,1.6596904574833298,0.2000238887418446,0.1466575873837711,0.0345761283031342,75.70867931844654,2.7359655881472547,0.0005542050368229,1.2315526042913287,0.0,0.0,213.23205364089867,31.71098023674432,1896.678792633288,cal_final_2008-09-30
04115265,hbv_lite_cma,evaluation,0.020426,0.388907,0.419113,0.002844,1.582151,13,explicit_euler_dt1,hbv,success,,41.05,0.4447,-0.3499475172523687,5.753345463799221,6.795579725637336e-06,1.597406330402161e-06,249.02191933982672,1.009516985428954,0.2000064968749478,0.9405354221420572,0.0792558435106563,100.7488052168044,3.960471429414119,0.0004090739791786,1.0008840428967782,0.0,0.0,130.66262743055356,0.0,2234.923228218526,cal_final_2008-09-30
04122200,hbv_lite_cma,evaluation,-0.096498,0.466361,0.262719,-0.048286,0.883729,13,explicit_euler_dt1,hbv,success,,93.97,0.4211,-2.499999999831497,12.884277435386345,0.0203095113052147,1.0956377143776835e-10,172.6018648393873,1.5680612208880589,0.2000000396657517,0.9534324092859442,0.2054651284022248,163.66911959373792,5.264729167562121,0.0006857904691534,14.109635158318545,0.0,0.0,97.03870098387296,0.0,1606.8683471559775,cal_final_2008-09-30
04122500,hbv_lite_cma,evaluation,-0.302108,0.45747,0.270944,-0.022802,0.808103,13,explicit_euler_dt1,hbv,success,,55.83,0.3542,-0.6199150542372001,5.410614832573891,0.0651497333423093,0.1999979120725993,2499.999987686865,1.0528765866880008,0.2008939912674141,0.8688694096612299,0.0575905848853609,126.15591306340576,2.5083612962867283,0.0035293978078,6.691133865782948,0.0,0.0,1394.244203327307,0.4753965717055598,323.9748887065124,cal_final_2008-09-30
04127918,hbv_lite_cma,evaluation,0.402613,0.548167,0.064613,-0.281852,1.28614,13,explicit_euler_dt1,hbv,success,,65.87,0.5695,0.0100045896635627,2.9728297409532063,1.943503705532627e-07,1.5509667247528442e-08,793.4783452614774,1.000001440146285,0.5963459407110878,0.1011178827828564,0.0306557694449235,30.7428282690598,1.3087161090720567,0.0002006199998294,1.0004067287959133,0.0,0.0,466.62968542899233,5.334059488276772,2164.7189511484908,cal_final_2008-09-30
04127997,hbv_lite_cma,evaluation,-0.220419,0.496127,0.215641,-0.01816,0.481261,13,explicit_euler_dt1,hbv,success,,44.23,-0.4749,-2.449999793408012,1.434091660597547,0.0346005939721633,6.934999233392401e-09,2499.9999812414862,1.00000001302904,0.300434903919205,0.3119852124063889,0.0675273836848099,107.464053214889,4.180578544085857,0.0032443715956826,1.0499082031141462,0.0,0.0,1412.001649390292,0.0,412.38520955757,cal_final_2008-09-30
04161580,hbv_lite_cma,evaluation,0.328104,0.492172,0.22462,-0.223159,3.451154,13,explicit_euler_dt1,hbv,success,,107.85,0.5458,-1.595666013468657,2.89697337239338,0.0374292192311459,0.1997448201699599,255.7635568121256,2.1355421680606392,0.384341492167333,0.4050780471758479,0.402124799303947,17.524616215217293,4.090221277649802,0.0001689730478051,14.435555531451556,0.0,0.0,193.45308710499685,0.0,2546.0978268942104,cal_final_2008-09-30
04185000,hbv_lite_cma,evaluation,0.75531,0.732879,0.069053,-0.167366,3.464117,13,explicit_euler_dt1,hbv,success,,77.81,0.7685,-1.5600042614056076,2.9225542971298144,0.0233246900498827,0.1537651106796944,378.6443152109536,5.999999881020168,0.6589201426122187,0.6200018427180728,0.1789346836810411,187.19236481355972,0.9434379591576272,0.0001033443799152,5.540727703748505,0.0,0.0,313.66138408301515,0.0,1615.6820822517968,cal_final_2008-09-30
04196800,hbv_lite_cma,evaluation,0.637607,0.628696,0.221889,-0.103419,39.7343,13,explicit_euler_dt1,hbv,success,,46.71,0.7308,0.2200004374569908,3.545538236516913,0.076300083143004,1.2844972570134396e-08,280.0923491874602,5.999999476279792,0.2712529862764209,0.7117157919172243,0.3072203554358735,42.41309112242943,1.293253345947105,0.0001000000000216,3.0234688379350887,0.0,0.0,179.8512811248291,0.0,1891.6501481757923,cal_final_2008-09-30
04197100,hbv_lite_cma,evaluation,0.671721,0.589722,0.303023,-0.108578,33.401965,13,explicit_euler_dt1,hbv,success,,37.84,0.7231,0.8301519284185761,5.59496507145259,0.0005925954444604,1.2402040494227287e-06,424.62514767931583,5.9999996898565175,0.4407777485945179,0.348477269630022,0.0873100664319725,7.998550894726505,1.2250892114313177,0.0001505064476111,2.296167142983624,0.0,0.0,341.69428672177673,0.0,2088.1429142675624,cal_final_2008-09-30
04197170,hbv_lite_cma,evaluation,0.600964,0.570567,0.197599,-0.151704,8.228687,13,explicit_euler_dt1,hbv,success,,27.79,0.6332,0.6900108342570173,6.046149252598456,0.0984021642337485,0.0443310874569814,403.2708031330941,5.9981758023843,0.2152472970704094,0.595267808685711,0.1300578528095396,9.413020397000263,1.4514576648382052,0.0001004275164529,1.0705458451537524,0.0,0.0,325.08156728632184,0.0,2212.5088604089538,cal_final_2008-09-30
04213000,hbv_lite_cma,evaluation,-0.023131,-0.202233,0.471706,-0.561096,38.945422,13,explicit_euler_dt1,hbv,success,,48.1,0.0963,-2.499999868207522,0.73912895596091,0.0751178711309364,2.6897584118940726e-10,52.63980308839478,1.870432622201069,0.4093841676819301,0.1541792300714986,0.4836391311548844,65.63097841887561,12.931170876202328,0.0007721966156732,3.4262558058360573,0.0,0.0,45.08433784200959,0.0,2926.6556930497773,cal_final_2008-09-30
04213075,hbv_lite_cma,evaluation,-0.284965,-0.698977,-0.999727,-0.999909,-0.998039,13,explicit_euler_dt1,hbv,success,,66.55,-0.3637,-0.8514850559004585,12.236559291276086,0.0933016759580525,0.1082905786187179,849.7512498912128,4.17045738029617,0.8505653117054528,0.7395408559343442,0.4557131371847167,0.0090453957080331,15.093746048516651,0.000699743392274,14.400487979504522,8144.8400000000065,0.0,254.9253749673638,0.0,1.5015359968700506,cal_final_2008-09-30
04216418,hbv_lite_cma,evaluation,0.511056,0.427999,0.508566,-0.03992,5.651154,13,explicit_euler_dt1,hbv,success,,28.15,0.5522,-1.5300073636365938,1.9699566637866013,0.0444274132125401,3.729789813063757e-09,430.0433387436544,5.996264765846102,0.731516786413589,0.9892337929276616,0.4606096343479111,19.17437803528308,5.551605669593132,0.0613310438536905,1.2455065619962096,0.0,0.0,387.80771490791614,0.0,17.269540442039368,cal_final_2008-09-30
04221000,hbv_lite_cma,evaluation,0.604792,0.563916,0.330904,-0.067466,4.403173,13,explicit_euler_dt1,hbv,success,,28.41,0.6906,-1.5800004989140228,2.246603130639456,0.0999973846389176,0.1259301676952304,364.15035251319966,5.998382668764112,0.5786866689108972,0.4618914321611544,0.2900142282578805,18.75425143792781,5.183588244804624,0.082841396694577,1.0544840187809277,0.0,0.0,323.9703635038695,0.0,13.296212471521752,cal_final_2008-09-30
04224775,hbv_lite_cma,evaluation,0.492867,0.48125,0.238889,-0.272753,6.565727,13,explicit_euler_dt1,hbv,success,,28.04,0.5652,1.4400193531584708,5.649145817987348,0.0222695356539025,3.005128586102868e-07,264.4700538270133,1.9866316048104464,0.4646605592203011,0.8589632592434813,0.2980772713931149,69.13669648703903,3.511501985888635,0.0004929317030627,1.744326291339871,0.0,0.0,194.4410729200612,0.0,1922.35152336032,cal_final_2008-09-30
04233000,hbv_lite_cma,evaluation,0.47799,0.549492,0.244213,-0.130857,4.05652,13,explicit_euler_dt1,hbv,success,,28.27,0.6472,0.6901533646345892,14.180939422400831,0.0001288575515588,2.0304316399538882e-07,309.3719883386435,3.425128306903787,0.4989294778316286,0.6263492272787304,0.0942334970706204,48.120465539272296,1.5040818463445855,0.0003359585155529,1.9384763891334464,0.0,0.0,238.36913476314737,1.9540615608355427,2041.9256357246325,cal_final_2008-09-30
04256000,hbv_lite_cma,evaluation,0.720492,0.769531,0.149572,-0.087658,1.401017,13,explicit_euler_dt1,hbv,success,,33.97,0.7578,-2.0009382023859343,1.7181452643391228,0.0004927651703985,2.438269674785993e-07,230.9104948056276,2.7209440442686463,0.5450987446435716,0.3958807825515255,0.2272717799321352,21.979331142239563,3.4215813385979,0.0467740625602026,1.9780846583353808,0.0,0.0,192.27187890395703,0.0,29.611554449561304,cal_final_2008-09-30
04296000,hbv_lite_cma,evaluation,0.568696,0.565055,0.361527,-0.072801,2.714735,13,explicit_euler_dt1,hbv,success,,32.95,0.6081,-2.299999055871352,1.879639524692036,0.0412243943519147,4.0497117957146076e-10,562.8823479668605,5.685239824936029,0.7808533012396526,0.9899985965252506,0.2243048391147278,44.24936836557423,5.22202236981826,0.0539667561615684,1.193908549140156,0.0,0.0,511.4373518533717,0.0,23.45264168127403,cal_final_2008-09-30
05057200,hbv_lite_cma,evaluation,0.282077,-0.455667,1.415841,0.00746,135.573534,13,explicit_euler_dt1,hbv,success,,97.41,0.6129,2.4899749799733195,7.486925878904393,0.0333629830196132,0.1998526177973776,2499.7250230426503,1.6924199758042726,0.372128825552567,0.6647387821323292,0.3915537121173356,1.3089956451373224,4.8068720759153525,0.0001000056521986,11.501668840330808,0.0,0.0,1165.3718013100486,0.0,907.4949319171782,cal_final_2008-09-30
05120500,hbv_lite_cma,evaluation,0.059817,-0.104801,0.135879,-0.668645,146.400406,13,explicit_euler_dt1,hbv,success,,56.64,-0.1364,-2.49995554729939,1.7697774895960825,0.0173152263567307,0.1998206213565903,2499.9999940090324,5.999999040477228,0.2758359802561903,0.7415186512620959,0.3907249778267623,84.63430190185561,12.51446538507022,0.0001137329006679,1.3677158178000934,0.0,0.0,1775.162165357452,0.0,176.92289297944444,cal_final_2008-09-30
05291000,hbv_lite_cma,evaluation,0.584779,0.372509,0.468625,-0.349113,17.126624,13,explicit_euler_dt1,hbv,success,,50.42,0.6977,0.2378791998104761,8.665080515498232,0.0908209590411144,1.0709029888072916e-05,388.2513123388442,3.6506895594073088,0.9998491177312148,0.5544228376836634,0.0658963799836343,25.0696575959885,3.931512835742192,0.0001000003433734,2.637049783890485,0.0,0.0,311.52832319838615,0.0,2077.821637429412,cal_final_2008-09-30
05362000,hbv_lite_cma,evaluation,0.644353,0.783278,0.055382,-0.144957,1.343396,13,explicit_euler_dt1,hbv,success,,56.22,0.8443,0.7000038085041851,4.245174613137887,0.0126369526860255,7.522247349614074e-07,352.4736343285477,3.948037231135373,0.2815260869889888,0.6815505308503081,0.0542533426841605,28.350601291180265,1.072302385310397,0.0001000013227731,6.999796805944406,0.0,0.0,253.5933471044536,0.0,1700.5990491586808,cal_final_2008-09-30
05393500,hbv_lite_cma,evaluation,0.63701,0.666971,0.268617,-0.00861,1.217606,13,explicit_euler_dt1,hbv,success,,33.21,0.7358,0.4600000018726375,3.5544454656365447,0.00152638840106,0.0075430411898011,350.23915651868555,5.153768684623591,0.4247024056847365,0.9899998594738922,0.2620637630792912,55.582046742265234,4.270450805645016,0.0830839735236306,2.742384400762776,0.0,0.0,240.83067963101536,0.0,2.235138558497312,cal_final_2008-09-30
05399500,hbv_lite_cma,evaluation,0.540663,0.675319,0.132052,-0.178543,6.679824,13,explicit_euler_dt1,hbv,success,,27.81,0.5949,0.870000181506811,6.6903490746658925,4.657210001920456e-05,8.114615385253819e-10,281.11510490962456,5.999865184601892,0.4839183703754284,0.6601782494057569,0.4114832276238748,199.04346767979848,2.380393590548172,0.0001000002092425,1.618704449516032,0.0,0.0,199.5237088420221,0.0,1670.3358687962047,cal_final_2008-09-30
05408000,hbv_lite_cma,evaluation,-0.150946,0.216269,0.648172,0.133152,1.374429,13,explicit_euler_dt1,hbv,success,,28.87,0.8089,0.980002269372497,9.80625552899136,0.0035772153484979,7.403472430602435e-07,391.4874349915032,1.0000008558202549,0.3703639318086687,0.6752919153459036,0.0718352296843854,60.791154913122256,4.960356828391759,0.0002968651847442,1.3037739467774472,0.0,0.0,205.25857502022004,0.0,2670.0309692119504,cal_final_2008-09-30
05413500,hbv_lite_cma,evaluation,-0.318483,-0.056296,0.9208,0.103339,2.839853,13,explicit_euler_dt1,hbv,success,,34.19,0.7579,-0.4893736578242813,5.368563011992194,0.006731037327618,0.1576423317168296,377.9854468754285,1.0001657215953528,0.2112772661110566,0.9421117329384662,0.0791189634264285,46.35032360703412,6.177446800774895,0.0003340321079115,1.315149130204739,0.0,0.0,198.6873862261232,0.0,2871.582611466547,cal_final_2008-09-30
05414000,hbv_lite_cma,evaluation,-0.161393,-0.122901,0.930577,0.05539,3.314904,13,explicit_euler_dt1,hbv,success,,41.04,0.7648,1.850507831480087,0.5001401802762431,0.0995716596522129,4.433932339737895e-06,496.1635499169778,1.52325929318986,0.6153715647018935,0.9899998228144296,0.0525363150449942,52.66957104453533,5.236140733861162,0.0003465088075128,1.2370579432053597,0.0,0.0,332.3854959111615,0.0,2874.006461581927,cal_final_2008-09-30
05444000,hbv_lite_cma,evaluation,0.467799,0.503005,0.156843,-0.191711,1.450296,13,explicit_euler_dt1,hbv,success,,35.4,0.6799,-0.4333960263435266,14.999846420396237,0.0790507163487139,0.1523143354959521,336.15268765064167,4.17181229892652,0.5290425859847137,0.6990274169239511,0.0382005280968486,39.50872381704638,2.7375903935778645,0.0001969915280119,1.0207840489185536,0.0,0.0,297.7258404803856,0.682273256731735,2962.577847374869,cal_final_2008-09-30
05454000,hbv_lite_cma,evaluation,0.308781,0.139103,0.660219,0.004761,70.486162,13,explicit_euler_dt1,hbv,success,,30.02,0.4475,-1.5011083827204303,2.503169607177348,0.0006071785805402,9.25026254324201e-06,465.9943158988944,5.024037339596202,0.6015022411630554,0.5868267917241149,0.3348886124286439,191.73316756859663,3.8675507960747417,0.0003605063894029,1.8313722175022804,0.0,0.0,413.7765589401735,0.0,1929.422870746768,cal_final_2008-09-30
05458000,hbv_lite_cma,evaluation,0.492985,0.542406,0.359775,-0.025985,3.67983,13,explicit_euler_dt1,hbv,success,,44.17,0.6977,-1.8454015478824053,2.19569827293026,3.021558267625865e-06,0.0856665629928106,344.78767230047004,3.531327928944921,0.4307708318723128,0.6611124156324544,0.0733788031263314,36.14070358360817,1.8323134582867229,0.0001535561177224,3.009009355212878,0.0,0.0,245.8757243654232,0.0,2324.9050291887283,cal_final_2008-09-30
05466500,hbv_lite_cma,evaluation,0.715672,0.771562,0.135951,-0.028832,3.500923,13,explicit_euler_dt1,hbv,success,,61.76,0.6896,-0.0810342898515652,14.997395041919786,3.052306671455192e-07,0.1998211083996756,367.9486229806757,4.156144790363164,0.2101641638556,0.1757366330630463,0.0615222893716755,22.34686883246459,1.333416120866571,0.0001067689123864,2.568894436562039,0.0,0.0,340.451643595643,12.333585901410556,2120.285865309484,cal_final_2008-09-30
05487980,hbv_lite_cma,evaluation,0.67348,0.582971,0.11868,-0.229337,23.963391,13,explicit_euler_dt1,hbv,success,,36.93,0.6391,-2.0217678241292885,1.737346458296261,0.0793200444752787,0.0194225849796035,475.2141838611631,5.999547360043126,0.2395327691144039,0.2576318658804781,0.4904363233944601,116.83521987303422,3.2586918766489195,0.0001000010951895,2.997991874488168,0.0,0.0,441.0499764671087,0.0,2252.41464164222,cal_final_2008-09-30
05488200,hbv_lite_cma,evaluation,0.548133,0.471939,0.182737,-0.243651,70.930422,13,explicit_euler_dt1,hbv,success,,34.4,0.518,-0.0499883861647556,10.983395277343662,0.0818585966065943,7.119746775292434e-07,679.9845104790351,5.997527135396968,0.620518080588755,0.3701617416301297,0.4939511347169885,12.44989882601014,3.194354681557356,0.0001250772973167,2.396475044639128,0.0,0.0,626.2813646749232,0.0,2114.029137525908,cal_final_2008-09-30
05489000,hbv_lite_cma,evaluation,0.657789,0.626975,0.158507,-0.141297,23.210413,13,explicit_euler_dt1,hbv,success,,32.95,0.6103,-2.459965233882268,6.807920052135408,0.0547261458915811,0.1661760981222832,499.288394290016,5.997871358212403,0.6927413497280064,0.599299367549831,0.0134821270113157,16.92201752605056,1.4148389276275075,0.0001000233582859,2.082567145345832,0.0,0.0,460.3191996082456,6.153372119606335,2286.538142412206,cal_final_2008-09-30
05495000,hbv_lite_cma,evaluation,0.696873,0.650431,0.099484,-0.215687,27.484496,13,explicit_euler_dt1,hbv,success,,43.79,0.7046,-2.3102267384978767,1.7158033510074715,0.0121533241717981,0.0066478136761842,371.71808362986656,5.999571326320346,0.2144447954796552,0.515784269921542,0.0541045781287179,9.763016202437296,1.5815548725383513,0.0001000000005124,3.899096637094063,0.0,0.0,348.0462826016949,1.3998779453377064,2149.53138378567,cal_final_2008-09-30
05495500,hbv_lite_cma,evaluation,0.6603,0.604847,0.15045,-0.179173,35.50178,13,explicit_euler_dt1,hbv,success,,28.39,0.7044,-2.4999999467409606,14.999998894843616,0.0245761232419549,6.723144861103498e-08,464.1606248378743,5.999999179724686,0.6457893617727157,0.6024565128055597,0.0442470021753368,12.260915975721304,1.5733476087534315,0.0001000000106246,1.727578291721496,0.0,0.0,427.6429112940556,2.249102522305958,2299.501019691524,cal_final_2008-09-30
05501000,hbv_lite_cma,evaluation,0.594645,0.550423,0.055173,-0.253626,18.015489,13,explicit_euler_dt1,hbv,success,,30.57,0.7023,-2.284461695313908,0.7237925049734335,0.0315319523795006,0.0012263095429568,365.2842661034148,5.9997857864079664,0.202261433439355,0.5436452342154019,0.0545627224044653,14.58348896894287,1.6164407715001172,0.0001000210640168,1.7929541824311603,0.0,0.0,341.50154652599474,2.571724696160363,2293.9211592738143,cal_final_2008-09-30
05503800,hbv_lite_cma,evaluation,0.603065,0.547423,0.052112,-0.314765,616.179842,13,explicit_euler_dt1,hbv,success,,27.04,0.7234,-2.4999986450107308,14.999999801956386,0.0964836466286456,1.1419850041540333e-08,399.01296436576587,5.999071560535042,0.3273859394211893,0.5833416339832941,0.0506725668604276,9.009525257547734,2.4242077688718364,0.0001000006263404,1.5152034229230558,0.0,0.0,374.6929967065423,0.0,2752.075607445945,cal_final_2008-09-30
05507600,hbv_lite_cma,evaluation,0.579819,0.47907,0.388504,-0.068839,464.735036,13,explicit_euler_dt1,hbv,success,,27.91,0.6861,-2.339994114887128,14.99999923096645,0.0142153978290163,1.1700927428745414e-06,335.3794595133956,5.9999568673153,0.2610537084221029,0.7919239369939387,0.0575936701210527,10.441010038864212,1.6070173853941043,0.0001000001787243,1.9709327773904115,0.0,0.0,311.279529019658,1.697361871287043,2219.537568432472,cal_final_2008-09-30
05508805,hbv_lite_cma,evaluation,0.607188,0.581293,0.248584,-0.119208,43.514941,13,explicit_euler_dt1,hbv,success,,26.32,0.6552,-2.499999981207421,14.999999972415736,0.0219608138184501,1.4604089304617143e-08,410.3864410295061,5.999999007648507,0.3097036363934272,0.7096507783402455,0.0771224675298911,10.781023976270363,1.7242769616720297,0.0001000000404706,1.983658865020362,0.0,0.0,385.70361853311766,1.7838395289762858,2156.893795611426,cal_final_2008-09-30
05525500,hbv_lite_cma,evaluation,0.676369,0.700174,0.126985,-0.091421,14.395784,13,explicit_euler_dt1,hbv,success,,52.67,0.7399,-0.292526860189453,9.127494117822057,8.400299535895314e-05,0.0138482943120377,390.8010129771802,5.999973974928223,0.699571312071664,0.5327068904145845,0.4376071443233137,24.599990919581032,2.3456692531727343,0.0001175969336358,5.147707217049188,0.0,0.0,361.6578263105553,0.0,2403.5182491089654,cal_final_2008-09-30
05556500,hbv_lite_cma,evaluation,0.562315,0.637304,0.138364,-0.12325,7.238541,13,explicit_euler_dt1,hbv,success,,36.06,0.7259,-0.4200153325374778,14.999721289695882,0.0288729879502286,0.0158752561179663,473.5585263621514,5.99830340122624,0.5318730271642802,0.6966584646953271,0.0427815120702197,35.30378895708884,0.9723963461725496,0.0001000016913222,2.9992526932715387,0.0,0.0,451.132752514878,21.83623888487722,1952.7650137499045,cal_final_2008-09-30
05584500,hbv_lite_cma,evaluation,0.768494,0.681574,0.210189,-0.082459,16.01836,13,explicit_euler_dt1,hbv,success,,52.85,0.6669,0.2798031063718431,11.111504190951248,0.0999034109793796,0.0035177018110001,434.0867456646637,4.899668582176831,0.5893321133827286,0.315892640744556,0.0566933082208866,17.022993588181095,1.5450791934912698,0.000100006038089,3.96082450053828,0.0,0.0,395.97295644682566,0.8567405225181438,2331.7623205575296,cal_final_2008-09-30
05591550,hbv_lite_cma,evaluation,0.629348,0.758417,0.08947,-0.229174,143.726853,13,explicit_euler_dt1,hbv,success,,27.87,0.669,-1.010029884538852,0.7751723893068184,0.0917520315737325,0.0586850350963286,549.6054326095988,5.989008987811874,0.2030464826689558,0.9089836136171304,0.1099590055937198,0.163180467615672,4.955732097659338,0.0001084646917455,1.123830862561599,0.0,0.0,486.26558296763113,0.0,2866.007823897045,cal_final_2008-09-30
05592050,hbv_lite_cma,evaluation,0.643477,0.567178,0.240449,-0.125871,98.658616,13,explicit_euler_dt1,hbv,success,,27.76,0.7508,-0.3800015098185811,3.183201852913375,0.072599041316726,0.1013170830824457,523.6005123653856,5.999750619009555,0.2000075038411223,0.665983683587671,0.0424110530697175,22.59931576726375,1.227048329046976,0.0001000001698431,1.6301815735158345,0.0,0.0,483.96615773978056,5.884596868898505,2300.4236123355963,cal_final_2008-09-30
05592575,hbv_lite_cma,evaluation,0.65491,0.609907,0.256398,-0.105359,80875.289903,13,explicit_euler_dt1,hbv,success,,27.81,0.6614,-2.35518614223993,1.1739633821923778,0.0987544876519454,0.0549815045056457,478.5438116572069,5.999437414397515,0.4752851363209047,0.989974165949634,0.4995260832631422,2.800908456799171,3.189326353897105,0.0001000067449464,1.92488925573114,0.0,0.0,415.9238966336842,0.0,2623.760402987846,cal_final_2008-09-30
05593575,hbv_lite_cma,evaluation,0.716659,0.634774,0.184464,-0.122325,47.284843,13,explicit_euler_dt1,hbv,success,,27.78,0.7153,-2.4204686571008374,1.0185779925754346,0.0634531418755847,0.0703390843759806,221.71859822292623,5.999813971688292,0.2000184444164622,0.5371314366465393,0.3926004640389627,25.79242890910567,2.298416811220887,0.00010000035309,1.00484232197206,0.0,0.0,185.3176469005008,0.0,2124.2254573382,cal_final_2008-09-30
05593900,hbv_lite_cma,evaluation,0.521038,0.518482,0.337764,-0.060123,103.340964,13,explicit_euler_dt1,hbv,success,,25.33,0.707,-1.000023658853666,0.6702220980138496,0.0025800219261574,0.0074341126232265,248.9248847245277,5.998685707436606,0.4214321731996102,0.7387213637060923,0.0545475604925866,15.376909080360624,1.16445567152298,0.0001000196051104,1.7917881205280697,0.0,0.0,226.6256475285375,3.659283567306952,1931.6216888832223,cal_final_2008-09-30
05595730,hbv_lite_cma,evaluation,0.640084,0.477942,0.313943,-0.081052,1166.05522,13,explicit_euler_dt1,hbv,success,,27.9,0.628,-1.5059026762574064,2.447492282632496,0.0628514378198027,0.1999649661004046,345.1314073445438,5.999918473520484,0.2383072323511118,0.6632657711741526,0.0787142068749727,12.852700297962269,1.2377626185072694,0.0001000065221381,1.0311068619151356,0.0,0.0,281.59678102124474,0.0,2104.508523989723,cal_final_2008-09-30
06221400,hbv_lite_cma,evaluation,0.597133,0.767068,0.1286,-0.029448,0.507067,13,explicit_euler_dt1,hbv,success,,64.43,0.7722,0.6000000335514404,2.556557244604116,0.0828682597181228,7.112184968215101e-10,50.00000105885256,1.0000001654072657,0.9999999999979654,0.3652874311682589,0.1488691438738495,111.8098014673848,14.048307960789156,0.0232099285200485,1.6564566472065698,0.0,0.0,28.32616559204217,0.0,54.05423602269185,cal_final_2008-09-30
06224000,hbv_lite_cma,evaluation,0.803196,0.808868,-0.047945,-0.144713,0.023756,13,explicit_euler_dt1,hbv,success,,47.04,0.8529,1.0313113479861062,5.720429825428514,0.0015091134948875,6.84462605531135e-06,62.382340877994594,3.358309876568696,0.2872884800694516,0.7820723035476473,0.0480555229188656,185.8139785790725,20.29988507579164,0.0188287561115264,1.0248449560791817,0.0,0.0,28.16773837870124,0.0,50.94013385137506,cal_final_2008-09-30
06278300,hbv_lite_cma,evaluation,0.789408,0.83772,0.125084,0.06263,-0.945673,13,explicit_euler_dt1,hbv,success,,29.73,0.8238,1.7399999828280457,6.943534528850905,0.0338078298841726,0.021728991988601,947.6321059821164,1.0000000164492204,0.5481156292853862,0.7664019381311967,0.3034395936069851,124.99531025925664,13.362628434888558,0.0652501003449641,1.142608622067026,0.0,0.0,605.3486759827302,0.0,11.275067317381572,cal_final_2008-09-30
06280300,hbv_lite_cma,evaluation,0.488777,0.523257,0.315907,0.25659,-0.755758,13,explicit_euler_dt1,hbv,success,,30.86,0.7924,2.3400000122973994,4.273162929980979,0.0663150167457105,5.127530997512278e-11,705.9090013900238,1.0000000032398273,0.4989946854963003,0.2865492579194562,0.2018589863970664,193.8251882577761,15.675888519882248,0.0386402488687057,1.1779592935584442,0.0,0.0,411.0595912107413,0.0,24.140269387652943,cal_final_2008-09-30
06289000,hbv_lite_cma,evaluation,0.03857,0.140485,0.382119,0.591625,-0.690361,13,explicit_euler_dt1,hbv,success,,54.15,0.7357,2.499999999996022,3.112040448354423,0.0630054152625575,6.594532018987729e-18,2499.9999999999422,2.3344605921214394,0.286470818735517,0.1774918781916589,0.1045312989047128,148.72937996410752,5.001028911956479,0.0337994385425064,1.001216100769648,0.0,0.0,1805.4364224981407,0.0,16.0145854249719,cal_final_2008-09-30
06291500,hbv_lite_cma,evaluation,0.460031,0.668776,0.153985,0.180093,-0.511465,13,explicit_euler_dt1,hbv,success,,73.89,0.7701,1.3799975017901938,0.5000002757508568,0.0997424993377048,0.1999838023566058,392.2975724556392,1.4459546827377814,0.2000005114004537,0.0617343191407757,0.1596220235062804,131.89665354472703,13.076738850395689,0.052671555871407,1.996997661131384,0.0,0.0,147.47569144903082,0.0,4.503625857711075,cal_final_2008-09-30
06311000,hbv_lite_cma,evaluation,0.724861,0.728221,0.238005,0.074755,-0.555563,13,explicit_euler_dt1,hbv,success,,74.26,0.6983,2.180001432789041,7.579384437686057,0.0999999026338312,0.0917512437370281,1772.9946681462836,2.0314810308515585,0.5571554936266583,0.5141632087854079,0.1087348271308705,190.07929376911665,9.94292868834735,0.0536220328187256,1.7933163619938697,0.0,0.0,1189.670684492668,0.0,9.167413491370462,cal_final_2008-09-30
06332515,hbv_lite_cma,evaluation,0.150384,0.155702,0.138913,-0.398026,22.552347,13,explicit_euler_dt1,hbv,success,,28.39,0.1198,2.15999998009044,4.7551093442368,0.0527697973775825,0.1999999897618965,1883.5481640462608,3.494278558333156,0.2382581724132193,0.8549328853987757,0.0287957186294304,107.10736082602877,18.41644932863015,0.4999998875085823,1.0631884436044516,0.0,0.0,606.9578263740134,0.0,0.0008095525856475,cal_final_2008-09-30
06339100,hbv_lite_cma,evaluation,-0.139563,-1.611466,2.52638,0.233754,359.025477,13,explicit_euler_dt1,hbv,success,,28.25,0.3588,1.789990012221519,14.852066361436291,0.0964623391462373,0.147017515162258,1965.8783834310489,1.0134610888881384,0.6348631384527876,0.989523164462348,0.0316782583792572,12.731323526119493,2.151096611246522,0.000100050056023,1.5971976765750373,0.0,0.0,735.6819836922905,0.0,1185.2963200455506,cal_final_2008-09-30
06344600,hbv_lite_cma,evaluation,0.080257,0.100993,0.055676,-0.417267,26.91359,13,explicit_euler_dt1,hbv,success,,28.08,0.1028,1.4253333318541412,14.999999942906554,5.971006376903291e-05,0.1999999998071139,2499.9999999673973,2.212614280835297,0.2148109806605544,0.9468361116305916,0.0379996524305171,172.67642483677616,16.57104697375435,0.4952093910208627,1.6530993525195803,0.0,0.0,594.9678252469839,0.0,0.0017090463359052,cal_final_2008-09-30
06350000,hbv_lite_cma,evaluation,0.097509,-0.047526,-0.283006,-0.548447,0.482359,13,explicit_euler_dt1,hbv,success,,61.06,0.1414,2.499999996636374,10.287272166155914,0.0993655582124768,0.199999999150092,1780.7757707110072,2.593769190724705,0.2000000001386561,0.1367579610586231,0.0100000000722099,129.08982885660464,0.3490329898269446,0.4999999987578165,5.58998864299646,0.0,0.0,260.69133025896843,0.0,0.0001933280999499,cal_final_2008-09-30
06352000,hbv_lite_cma,evaluation,0.006679,-0.011119,0.464432,-0.163835,5.531307,13,explicit_euler_dt1,hbv,success,,46.42,0.1213,2.494730191812136,14.999999958213182,0.0298866717184909,0.1999949167654556,1295.370829860179,2.4867818441862224,0.2000000469927304,0.8219469123210555,0.0100001477629916,11.7050972241698,0.5352615162671138,0.4071866743951398,4.318324279561857,0.0,0.0,188.1691120714661,0.0,0.0007491108145724,cal_final_2008-09-30
06404000,hbv_lite_cma,evaluation,-0.250945,-0.137614,1.022351,0.611412,2.26225,13,explicit_euler_dt1,hbv,success,,27.12,0.3849,2.480370724092128,0.5022064340575577,0.0704149948029675,0.0309129931329587,2440.5682945685376,4.216852001952213,0.3973295183277712,0.359183352964084,0.2211387231950759,152.22910768782984,7.676038654945202,0.3817268332506922,1.0100124686437393,0.0,0.0,1375.6091807404785,0.0,0.0001480516251029,cal_final_2008-09-30
06406000,hbv_lite_cma,evaluation,-1.680417,-0.315599,0.899576,0.465819,5.558968,13,explicit_euler_dt1,hbv,success,,25.12,0.0988,-2.1300013938712934,0.5000001866426871,0.098490980393991,0.1483571236532774,2499.999977068591,2.978543282712554,0.3589700502074308,0.254490609077046,0.4999998867592418,37.07010744921417,0.4140474114626864,0.0046676418329448,1.195066271547237,0.0,0.0,998.8355702136346,0.0,17.39818620190801,cal_final_2008-09-30
06409000,hbv_lite_cma,evaluation,-0.068073,0.373424,0.448766,-0.02281,1.367486,13,explicit_euler_dt1,hbv,success,,66.19,-1.491,-2.479985905877503,14.999695198919165,0.0246140020313539,0.0001950626327832,2499.9996710553296,1.000000031982424,0.2082067913990667,0.9480448996090504,0.3746158961309503,177.4084324450613,28.77316692564977,0.0001529666173786,1.7306298423268474,0.0,0.0,901.5151777573008,0.0,1189.8120059174703,cal_final_2008-09-30
06431500,hbv_lite_cma,evaluation,-1.457453,0.03665,0.894626,0.373928,1.949385,13,explicit_euler_dt1,hbv,success,,60.81,0.0385,1.8773638529180257,0.5000074414054809,0.0948013388767308,0.0619394924791188,369.2403536864487,1.001218818624965,0.2004538255289238,0.7666240718184048,0.2749391646701142,139.40795047934068,13.085627888200994,0.0003103462375677,2.256202662671896,0.0,0.0,160.9167638977777,0.0,1695.8542336616558,cal_final_2008-09-30
06440200,hbv_lite_cma,evaluation,-0.029265,-0.269303,0.979825,0.181776,8252.051756,13,explicit_euler_dt1,hbv,success,,43.36,0.2277,-0.2093922700630783,9.964768854026875,0.0430550191231327,0.199965110427583,960.7891102778116,2.6577102088636946,0.3176473733780127,0.1360017292021741,0.0100060333707662,183.9472824313814,1.5440295740217156,0.4999976061875328,3.044656268441228,0.0,0.0,327.6287234106849,0.0,0.0079130960802726,cal_final_2008-09-30
06447500,hbv_lite_cma,evaluation,-3.600899,-0.703052,1.123358,0.593523,1.150181,13,explicit_euler_dt1,hbv,success,,99.5,-0.0479,1.4409999915894025,14.99999992532018,0.0194063222771792,1.2987260525015924e-09,2499.9999999984475,2.6790182615811253,0.2000000000324552,0.7710752810017374,0.2131309783860192,106.42170500784754,13.531212198357473,0.1273557387225707,4.072702976602217,0.0,0.0,656.5783208724083,0.0,0.1304907739372121,cal_final_2008-09-30
06470800,hbv_lite_cma,evaluation,0.028969,-0.517046,1.401014,0.02208,1994.38966,13,explicit_euler_dt1,hbv,success,,77.63,0.2434,2.4916833746649933,6.737836177120326,0.0463314817177573,0.1999363251982534,1451.5174406868125,5.999995137652235,0.2247825130170846,0.5111355802594023,0.112799571950856,140.38187168425006,3.557984427047392,0.0001000000304457,14.69428592546682,0.0,0.0,1168.6187018255353,0.0,563.6907466873677,cal_final_2008-09-30
06477500,hbv_lite_cma,evaluation,0.404983,-0.072519,0.9092,-0.241774,2103.864655,13,explicit_euler_dt1,hbv,success,,81.51,0.2251,2.1481724356674574,12.517436365030774,0.0474151800533995,0.1707222361124318,1006.7258154138312,5.978318371645647,0.6398794772425511,0.4551082237751574,0.0100925117355347,22.49661571940216,1.890810691860383,0.0001000057089205,6.700897876045112,0.0,0.0,798.8593656178296,0.0,819.5038813067249,cal_final_2008-09-30
06479215,hbv_lite_cma,evaluation,0.150791,0.237872,0.295168,-0.428321,62.877319,13,explicit_euler_dt1,hbv,success,,81.85,0.8045,0.3400483545627049,14.999663032061964,0.0440082112839668,0.1723096445039407,137.51064644433927,1.065060821986462,0.2004134756772603,0.9897718878305892,0.0319187219770083,35.368541861683234,2.685484432870753,0.0001000020064876,6.838303702834722,0.0,0.0,51.334962279097,0.0,1784.8152115636474,cal_final_2008-09-30
06601000,hbv_lite_cma,evaluation,0.135942,0.196963,0.525079,-0.277296,4.423977,13,explicit_euler_dt1,hbv,success,,34.78,0.5075,1.3989141161245628,14.962783565506957,0.0005282990705617,0.1977360927584088,105.60014021255424,2.81753985014957,0.7906635443301189,0.9897025359843494,0.3599257158666504,11.95534024715407,19.91708673798214,0.0001880175601198,1.6512542273984034,0.0,0.0,77.09129923570829,0.0,2311.972494593871,cal_final_2008-09-30
06614800,hbv_lite_cma,evaluation,0.828883,0.878905,0.076427,0.045181,-0.813671,13,explicit_euler_dt1,hbv,success,,43.4,0.8795,2.469999990943328,6.086772178356318,0.0348807949304925,2.9835062450492275e-09,2499.9999897708994,1.0000000001064724,0.5001828805424934,0.7603888594971969,0.1193263313524924,169.62172012025775,13.816116533570364,0.0504662696062499,1.128630442634412,0.0,0.0,1773.825776530402,0.0,34.21079875379818,cal_final_2008-09-30
06622700,hbv_lite_cma,evaluation,0.647086,0.606921,0.325572,0.172733,0.575104,13,explicit_euler_dt1,hbv,success,,36.0,0.6905,2.41000002063877,5.573685449257604,0.0009242607625013,5.1529911906349406e-11,2499.9999999422007,1.0000000000268376,0.5123949998403289,0.4326584815326214,0.3442178095582446,89.61430312498418,12.38011436511155,0.0396512279445906,1.488125251019348,0.0,0.0,1448.0320454225428,0.0,19.36929758281794,cal_final_2008-09-30
06623800,hbv_lite_cma,evaluation,0.679774,0.552717,0.372721,0.264908,1.137872,13,explicit_euler_dt1,hbv,success,,83.74,0.8379,0.2299964399102361,2.8763651795971388,0.0995189253791622,3.6629007941340765e-09,2499.9999260868435,1.0000001570086905,0.6184901875956533,0.0500000002361896,0.0535493369087912,199.99998355076409,2.0908486570051696,0.0001738364487818,1.940133692921137,0.0,0.0,1802.4243353507568,0.0,2304.5667101346044,cal_final_2008-09-30
06632400,hbv_lite_cma,evaluation,0.710891,0.641445,0.334018,0.078223,-0.143115,13,explicit_euler_dt1,hbv,success,,63.87,0.6882,-1.614989342215661,4.5346876652124966,0.0849529156413599,0.0119699791572184,138.0885235942203,1.7279553760903903,0.2033327666699071,0.986945340847545,0.0100383877604138,53.63794946609532,17.27559221412745,0.0252926231740671,7.987401294994249,0.0,0.0,26.566988468246976,0.0,16.872095077819065,cal_final_2008-09-30
06746095,hbv_lite_cma,evaluation,0.77081,0.698328,-0.231686,-0.193461,-0.701997,13,explicit_euler_dt1,hbv,success,,54.95,0.8513,2.4799989957135127,4.333675590740695,0.0926525560696895,0.0756822017061754,54.87515262907375,1.0000000494924428,0.9999998703820224,0.8415522464355977,0.2387377859434897,63.21649278035392,21.574101200276942,0.0626075183047607,1.2177109558675732,0.0,0.0,37.65721428817379,0.0,23.92434881834326,cal_final_2008-09-30
06803510,hbv_lite_cma,evaluation,0.528539,0.3494,0.372588,-0.118233,3.30953,13,explicit_euler_dt1,hbv,success,,27.89,0.8071,-2.499990646241132,10.359751940580498,0.0531185910350097,1.8245218809781823e-05,779.7746528311843,4.911623435753885,0.9999999940801916,0.9899999936342044,0.0620991294908821,13.832890561956512,3.615644509953624,0.0001000000924001,1.420261217396246,0.0,0.0,664.5903268408201,0.0,2105.8320047163834,cal_final_2008-09-30
06803530,hbv_lite_cma,evaluation,0.59096,0.337814,0.496849,-0.082614,4.047218,13,explicit_euler_dt1,hbv,success,,28.93,0.7312,0.1051003896950697,8.668910638730196,0.0002289593259297,0.0047194292570822,550.4755346175405,4.41139770538587,0.5665539088751149,0.8099823536988631,0.2276813393400011,15.379406868908212,3.954896343514961,0.0001413539695579,1.000102310955163,0.0,0.0,437.5621514148521,0.0,1565.542408106194,cal_final_2008-09-30
06814000,hbv_lite_cma,evaluation,0.599953,0.609664,0.206159,-0.201192,18.041256,13,explicit_euler_dt1,hbv,success,,30.38,0.6442,-1.969636636888238,0.5351793969195537,0.0921085920663918,0.0862114276669897,195.1287825276273,5.835967617423761,0.258771896174166,0.6827316047293053,0.0710660473343734,6.947998286658262,3.9315058078782217,0.0001324331155236,2.208557772494842,0.0,0.0,149.79842489730177,0.0,1853.6924471076384,cal_final_2008-09-30
06847900,hbv_lite_cma,evaluation,-14.54965,-6.747616,7.115438,5.879615,96.838072,13,explicit_euler_dt1,hbv,success,,34.13,0.6215,0.7752804893586909,6.176460079508361,0.0964807333702902,0.0052724676000318,2315.499932783508,5.059694369831922,0.7008221209330616,0.7480283735160052,0.0100816936388207,4.270236884032276,0.4087392396929523,0.0001001610948586,2.286567766740892,0.0,0.0,1469.3656492189923,0.0,187.68324068489915,cal_final_2008-09-30
06853800,hbv_lite_cma,evaluation,0.450411,-0.143537,1.106131,-0.065166,29.360744,13,explicit_euler_dt1,hbv,success,,43.25,0.6004,-1.3492137145533605,0.8978644681973673,0.0152415012597057,0.1971130616752541,582.0514206575068,3.996975559579369,0.9041305174154706,0.5702082533998657,0.0579329572629702,13.672683135163632,4.684378752284671,0.0001000001351878,2.1753292282481262,0.0,0.0,467.6234968754964,0.0,1739.827353913225,cal_final_2008-09-30
06876700,hbv_lite_cma,evaluation,0.534168,0.329065,0.467257,-0.221391,28.682947,13,explicit_euler_dt1,hbv,success,,54.4,0.5404,-2.499908306349336,1.4081631179690344,0.0751974925090329,0.0889497526411285,2499.984745901293,1.4445335546665443,0.4019884239554614,0.5348155931327906,0.2011856718891521,44.17033789664255,2.34515265552715,0.0001000000032008,6.857329299141277,0.0,0.0,1112.949379287182,0.0,1186.2511132079835,cal_final_2008-09-30
06878000,hbv_lite_cma,evaluation,0.537947,0.492817,0.118244,-0.365103,6.693414,13,explicit_euler_dt1,hbv,success,,36.95,0.655,-2.475855275685066,0.6116801720768827,0.0007765265795134,0.0629301915582843,140.8922378353135,1.3204899029908386,0.3781458112019497,0.4671122989486409,0.3789023844708254,66.09927522284413,5.852724341120447,0.000100004633301,2.5763419834095176,0.0,0.0,68.90622181100665,0.0,1882.99784724726,cal_final_2008-09-30
06879650,hbv_lite_cma,evaluation,0.378493,0.337277,0.081132,-0.504561,,13,explicit_euler_dt1,hbv,success,,28.3,0.4737,-0.4492604286786776,6.9718881760829445,0.0324422098318026,0.012604753950438,348.2670565011188,5.772759731734596,0.6713725450103438,0.9899304116237232,0.3619933633969228,22.631284460291965,8.499006711816651,0.0001386351545963,1.007277434778121,0.0,0.0,312.9657882063943,0.0,2429.2157983601924,cal_final_2008-09-30
06885500,hbv_lite_cma,evaluation,0.634608,0.63468,0.314038,-0.062952,10.456209,13,explicit_euler_dt1,hbv,success,,32.02,0.6842,-1.724458295622222,14.99682005137074,0.0015074897466415,0.0568400431107104,196.4077837258102,5.405524604235808,0.929786613449209,0.639265330771787,0.0593880017166138,9.708224587323617,3.409713110302989,0.0001003994999267,2.471671191296495,0.0,0.0,167.15868283247423,0.0,2258.652163207337,cal_final_2008-09-30
06888500,hbv_lite_cma,evaluation,0.596903,0.512948,0.13589,-0.286112,10.995096,13,explicit_euler_dt1,hbv,success,,28.16,0.5581,-2.4087759379386244,2.42174677517607,0.014127480093871,3.310764926204732e-07,195.30795247066084,1.394623819736668,0.2000011312639344,0.4313022780261236,0.14652865814329,7.21421223625371,3.675882723305965,0.0001561833489898,1.0442305740757156,0.0,0.0,125.53491951477072,0.0,2291.0651919153984,cal_final_2008-09-30
06889200,hbv_lite_cma,evaluation,0.567717,0.522014,0.268685,-0.187764,18.518196,13,explicit_euler_dt1,hbv,success,,27.8,0.3088,-0.983976364430936,0.5000109861518032,0.0002429237768192,3.5463785400311433e-10,99.84444494692276,5.9999999996981135,0.2000000268941123,0.1934630668795991,0.4999999837289445,147.9528452031858,5.924546151518665,0.0001707432430859,1.7790607927531432,0.0,0.0,75.4477074274644,0.0,1872.061904742884,cal_final_2008-09-30
06889500,hbv_lite_cma,evaluation,0.695178,0.585212,0.265683,-0.126513,11.483374,13,explicit_euler_dt1,hbv,success,,30.76,0.4814,-1.2312276871412833,0.50000089084248,0.0667998462278393,0.0182064731560372,197.5131807725129,5.999851230818622,0.2151914854642696,0.4865119270703554,0.2520509978005553,8.965958479492414,3.544237534793764,0.0001571480943731,1.966399216234069,0.0,0.0,170.96359820328328,0.0,1845.891536894888,cal_final_2008-09-30
06892000,hbv_lite_cma,evaluation,0.713834,0.658798,0.142862,-0.17025,22.188198,13,explicit_euler_dt1,hbv,success,,43.66,0.7284,0.3014364367555671,0.5506009423421259,3.8353817617467456e-08,3.765023351687917e-05,257.9301325967694,5.99996002959857,0.2431543087941879,0.9885594926774032,0.4804400371808104,78.49667872878354,3.6080541836380986,0.000100007643088,3.036908113260093,0.0,0.0,234.80750758778225,0.0,2191.671956558124,cal_final_2008-09-30
06903400,hbv_lite_cma,evaluation,0.407237,-0.027739,0.891096,0.048306,130.425739,13,explicit_euler_dt1,hbv,success,,45.95,0.4521,0.7000001197643342,12.315471203038154,0.0846104759616879,1.2336877335896062e-07,2499.999995373258,5.999999955873943,0.2305134429196009,0.3134278335234956,0.4077221368807428,199.99065136528003,1.914572268054394,0.1090379931024359,3.810749454607392,0.0,0.0,2315.841904631338,0.0,8.817633476001223,cal_final_2008-09-30
06906800,hbv_lite_cma,evaluation,0.70837,0.666913,0.150085,-0.138211,18.595249,13,explicit_euler_dt1,hbv,success,,28.1,0.693,-2.422117209385433,14.0522526045791,0.0992781567526989,0.0864612884087727,154.12076633828354,2.766275697549225,0.2000213968853808,0.542618563768336,0.107414741923866,9.94208655638599,2.341189154221257,0.0001000031908554,1.1351486317876915,0.0,0.0,125.14592714987272,0.0,2607.768744123759,cal_final_2008-09-30
06910800,hbv_lite_cma,evaluation,0.654741,0.588242,0.216439,-0.150795,126.681703,13,explicit_euler_dt1,hbv,success,,27.62,0.6289,-1.630069357006186,0.5000001590482375,0.0404361350883597,0.0485572455238809,310.5941566518349,5.999952678052061,0.7435500358833125,0.6934497775697088,0.167224613564103,14.49057512666142,3.010094765162921,0.0001004841406884,1.4639326774836672,0.0,0.0,281.64049424404266,0.0,2267.585637200569,cal_final_2008-09-30
06911900,hbv_lite_cma,evaluation,0.627083,0.480495,0.376153,-0.087158,320.500254,13,explicit_euler_dt1,hbv,success,,27.7,0.6128,-0.9501816572507538,0.5000000284763348,0.0889888107493358,0.1019125058009991,212.8295413394925,5.999694011543364,0.2096021050751246,0.7289642280494167,0.1752594777960422,13.73127170547078,2.995875027583726,0.0001228332031646,1.5599289371629537,0.0,0.0,186.39974740919868,0.0,2173.7451403045466,cal_final_2008-09-30
06917000,hbv_lite_cma,evaluation,0.647987,0.613244,0.008444,-0.225073,111.258342,13,explicit_euler_dt1,hbv,success,,40.18,0.7124,-0.2893936483042605,14.99824859893647,0.0205883044828789,0.008567589950385,200.7388351550925,3.818053510638177,0.3740966885034626,0.6158703459566219,0.0464140300192535,8.568754332463563,2.5100825869370427,0.0001000081043614,3.020166225445712,0.0,0.0,165.85127866906083,0.0,2464.565814953985,cal_final_2008-09-30
06918460,hbv_lite_cma,evaluation,0.666859,0.625122,0.095694,-0.150301,3.993686,13,explicit_euler_dt1,hbv,success,,34.49,0.5281,-2.189947097519631,14.999999977010546,0.0869610857129703,0.1264025097799318,514.2769757743552,4.4766318411288095,0.6192694697198871,0.2749940606182324,0.0940561828540664,32.07270867724413,2.1695107078841853,0.0001462950125697,1.2317883749965035,0.0,0.0,442.20970880593705,0.0,2766.560217577067,cal_final_2008-09-30
06919500,hbv_lite_cma,evaluation,0.745605,0.634987,0.321819,-0.042965,54.532045,13,explicit_euler_dt1,hbv,success,,40.5,0.7233,-0.4194033959247081,14.991645992232971,0.0536986336315116,0.0617818719086177,357.93419031775625,5.96865257172373,0.3588926249604771,0.9899726760051136,0.4122281076768402,52.91753981466017,3.813286228098399,0.000100055616401,3.0767432483022987,0.0,0.0,324.04675721211464,0.0,2817.992407317216,cal_final_2008-09-30
06921070,hbv_lite_cma,evaluation,0.763214,0.750734,0.150385,-0.095346,8.962464,13,explicit_euler_dt1,hbv,success,,27.8,0.6884,0.4099977260994119,13.333476700460253,0.0460981267720541,0.0048046682044494,433.96643008397126,5.999990409246427,0.533173225117507,0.7545455309331679,0.072506414722483,23.34904193298548,1.3934329646686885,0.0001000000190033,1.766314962045614,0.0,0.0,396.4169644181613,0.0,2401.40082761483,cal_final_2008-09-30
06921200,hbv_lite_cma,evaluation,0.68907,0.691667,0.159087,-0.124652,39.656856,13,explicit_euler_dt1,hbv,success,,27.72,0.6811,0.0499870769120303,14.532634123799992,0.0506414797830763,0.1983378689338476,395.49859117964814,5.999957826966365,0.5272374866676346,0.9245629835004436,0.0897921657739346,22.429041593708952,2.1497560858826805,0.0001000000185611,1.0353203804157045,0.0,0.0,363.9500644011137,0.0,2838.536383181456,cal_final_2008-09-30
07057500,hbv_lite_cma,evaluation,0.52403,0.465301,0.134468,-0.17367,1.086733,13,explicit_euler_dt1,hbv,success,,34.47,0.7508,0.1480038039910702,14.988251836019106,0.0423544239416702,0.0591679379227439,272.5370235645823,1.8910746647623773,0.201851404263657,0.5496695447196502,0.0885260333298054,52.29174994897775,2.91161744693845,0.0004114115646164,1.9487717953804744,0.0,0.0,195.34790889313692,0.0,2340.0768573994264,cal_final_2008-09-30
07060710,hbv_lite_cma,evaluation,0.402691,0.377589,0.448624,-0.114744,7.529161,13,explicit_euler_dt1,hbv,success,,27.77,0.6569,-0.2733162303558494,2.299879808538346,0.0283415684422769,0.1163145629437608,609.0491136427421,5.999999996497156,0.6082796098347756,0.9808733554069043,0.0451776234811186,43.58650820924046,2.4862128784277733,0.0001000001037947,1.6405241787534015,0.0,0.0,562.1793057542699,0.0,3722.5698327574464,cal_final_2008-09-30
07066000,hbv_lite_cma,evaluation,0.563734,0.549644,0.173565,-0.078124,1.042538,13,explicit_euler_dt1,hbv,success,,35.71,0.7201,-0.8823892504965358,9.173915092642885,0.032769675339582,0.1761260783734982,302.28879336436603,1.938223161910074,0.3161174614524952,0.4864325836370777,0.0974436535949054,29.67019530161207,1.9066129943104064,0.0002764677456171,2.8829226838896576,0.0,0.0,224.95209863186537,0.0,2343.905596849148,cal_final_2008-09-30
07083000,hbv_lite_cma,evaluation,0.832574,0.914676,-0.008273,-0.043135,-0.904609,13,explicit_euler_dt1,hbv,success,,36.96,0.8527,1.9400099109876043,4.090621918792364,0.0984493955105725,9.081441941346547e-09,2499.994073565705,1.000000401153609,0.4431393603346423,0.2400255240889378,0.4997426999117311,8.616778956238267,16.449200940236995,0.0479007591142193,1.02718689628069,0.0,0.0,1469.9097737190705,0.0,14.726663598078945,cal_final_2008-09-30
07142300,hbv_lite_cma,evaluation,-13.214661,-4.819605,5.198207,4.492098,81.04906,13,explicit_euler_dt1,hbv,success,,74.84,0.2384,-0.6399999231859879,0.5240711901352911,0.0005211591981647,1.0286428248627107e-10,2499.9999999919232,5.764276457662724,0.2622442246106487,0.9893906895160274,0.4691853646224106,84.84374508539958,20.706504982392964,0.2808002260692968,7.538745709719096,0.0,0.0,1244.4676055870382,0.0,0.001140936023103,cal_final_2008-09-30
07145700,hbv_lite_cma,evaluation,0.570946,0.619843,0.24984,-0.136765,25.310963,13,explicit_euler_dt1,hbv,success,,27.74,0.714,-0.0604019741226786,12.171968970451603,0.0161402761651748,0.1529837322278668,114.07532979086646,3.013872200547332,0.580065899130165,0.4846935970194277,0.1926662667776562,7.516905900071053,3.281897875848606,0.0001000545219404,1.0163013132490275,0.0,0.0,80.42505045818419,0.0,2184.8177108849354,cal_final_2008-09-30
07167500,hbv_lite_cma,evaluation,0.431599,0.412082,0.215216,-0.149749,81.083316,13,explicit_euler_dt1,hbv,success,,27.59,0.6454,-1.6100366887703612,9.262696539629893,0.0683558493941974,0.1021584018763994,175.37433096377313,5.996369804115473,0.2064277005623928,0.7500096839696345,0.1684593152482006,15.777085710998204,1.9601400901962864,0.0001151550804049,1.181915766540406,0.0,0.0,142.89915179524323,0.0,1824.712828407778,cal_final_2008-09-30
07180500,hbv_lite_cma,evaluation,0.6081,0.623545,0.178254,-0.223226,13.107891,13,explicit_euler_dt1,hbv,success,,27.97,0.6257,-2.4851169092525978,4.879797079874122,0.0491803352293498,0.0585336514714727,355.4137936781439,5.9998521267929705,0.6826165473120352,0.8676359004298859,0.1166647144444149,9.571194029664474,2.7158617004086008,0.0002008329100865,1.395098247002921,0.0,0.0,322.8617082971936,0.0,1599.263760594915,cal_final_2008-09-30
07184000,hbv_lite_cma,evaluation,0.542256,0.465473,0.216846,-0.084046,120.947902,13,explicit_euler_dt1,hbv,success,,37.73,0.5539,-1.7806099072240666,4.542003695360639,0.0422411759050113,0.1291557412835417,222.6288988096339,5.999999721217485,0.3195067917851877,0.9631906991267144,0.4580877827389098,112.90427822627208,2.4812439060702065,0.0001000000349086,2.028133910430334,0.0,0.0,189.516047524174,0.0,2069.6745144376205,cal_final_2008-09-30
07195800,hbv_lite_cma,evaluation,0.486748,0.45521,0.11915,-0.190316,1.450532,13,explicit_euler_dt1,hbv,success,,29.04,0.6223,-0.7097612988344477,0.5002251467767553,0.0901647132042629,0.174829726894468,190.54472299140312,1.6649523574857024,0.3963637823519101,0.9898963257896982,0.0734065430828568,55.6003013104834,2.720232684904985,0.0001462040305259,1.993133152021292,0.0,0.0,135.63651563246444,0.0,3423.4279120085444,cal_final_2008-09-30
07196900,hbv_lite_cma,evaluation,0.485769,0.465017,0.221478,-0.262862,27.676264,13,explicit_euler_dt1,hbv,success,,27.77,0.719,-2.471882417868586,1.414802335004957,0.0120145748095871,0.0536975111820648,320.2935096464733,4.566097442314751,0.21164200543738,0.9001749393417656,0.1179903761894897,26.770859341544927,4.189249328305729,0.0001986206507086,1.452227176989201,0.0,0.0,281.449304002836,0.0,3523.1824896956155,cal_final_2008-09-30
07197000,hbv_lite_cma,evaluation,0.673102,0.740921,0.092693,-0.150985,3.123679,13,explicit_euler_dt1,hbv,success,,31.39,0.7847,-1.7493687905818516,0.6159548637815657,0.0984810818753453,0.0014951048879003,379.09525756449824,5.999714142456062,0.8008901734123486,0.594984113115133,0.0546136827119696,45.87253393446059,2.1292556287801747,0.0001000000021338,1.199174604140112,0.0,0.0,342.0496270541228,0.0,3617.2694139614114,cal_final_2008-09-30
07208500,hbv_lite_cma,evaluation,0.213365,0.148984,0.65908,-0.09383,4.362936,13,explicit_euler_dt1,hbv,success,,87.12,0.7686,0.862827603650484,11.408887533112594,0.0266560444232676,0.1377710165765185,549.5398729647854,1.0003073457615954,0.2008901693238542,0.2999083188534016,0.0100105750665983,131.35732316677934,2.558255724708608,0.0001000033783407,14.952302509782124,0.0,0.0,207.0769434087921,0.0,2174.058421668917,cal_final_2008-09-30
07261000,hbv_lite_cma,evaluation,0.542752,0.635781,0.034821,-0.250432,74.835869,13,explicit_euler_dt1,hbv,success,,32.48,0.7839,-0.9412692166545766,11.98562799165317,0.0180217941798212,0.016271621648492,447.4827669981674,5.999990168048829,0.2386270699047717,0.5027669438784138,0.091941403553069,33.55356035087944,1.3453003764838485,0.0001000000743537,1.4938766824801883,0.0,0.0,406.66458954736817,0.0,2466.1463727514074,cal_final_2008-09-30
07263295,hbv_lite_cma,evaluation,0.608234,0.632088,0.318109,-0.052069,745.343555,13,explicit_euler_dt1,hbv,success,,27.73,0.7262,-0.3588656548732429,14.999986479600407,0.0438346752212844,0.0861525257976689,146.7875288002253,4.251724811898596,0.217151700311584,0.9899798192649484,0.0101005691826875,89.08124710723975,1.0943957730928453,0.0001000304616826,1.8911866880161363,0.0,0.0,113.4865698656162,60.781163304255934,2739.0498327367773,cal_final_2008-09-30
07291000,hbv_lite_cma,evaluation,0.647766,0.684827,0.052017,-0.184153,1.919856,13,explicit_euler_dt1,hbv,success,,27.8,0.6075,1.470177944127558,2.1394022777904,0.0125921581440666,0.145941015171908,486.660625436518,5.999998945847555,0.6698305191444156,0.9899998644257804,0.1917716285431592,23.576206915957755,5.145113616509012,0.0001003382132275,1.054330409388958,0.0,0.0,438.3144218386479,0.0,4643.903853055245,cal_final_2008-09-30
07299670,hbv_lite_cma,evaluation,0.10795,0.048424,0.326376,0.189575,0.58741,13,explicit_euler_dt1,hbv,success,,35.13,0.1221,2.1198610073709503,0.5003229359410968,0.0160240400695539,9.720039424432374e-05,2499.9652063628487,3.474589544133315,0.4300169497519361,0.7836560970999268,0.0100003690850881,136.70336382348913,2.129737453540164,0.4998892501463989,2.931914917275843,0.0,0.0,1047.452667145906,0.0,8.394103283139915e-06,cal_final_2008-09-30
07301410,hbv_lite_cma,evaluation,0.235661,0.543217,-0.054655,-0.087531,4.600577,13,explicit_euler_dt1,hbv,success,,30.53,0.0851,-2.379999984122476,6.144214717930679,0.0553050973049748,9.116077625469623e-10,2214.383310511349,3.770091225897041,0.3283425120730221,0.0840005086953305,0.0963205424459255,0.4069972791517566,12.167896697101185,0.1589794970738084,1.0836833858411932,0.0,0.0,774.01465379767,0.0,0.0520222197378809,cal_final_2008-09-30
07315200,hbv_lite_cma,evaluation,0.301235,-0.199045,0.999966,0.05733,13511.872298,13,explicit_euler_dt1,hbv,success,,36.45,0.0855,-1.4905084354980438,11.367194250635702,0.0560642472734889,0.170616799146229,2133.627522784438,5.861530294590822,0.2134002245337435,0.0682271567112547,0.4924443028599103,172.6712570012741,0.8953962566066834,0.0002254763759918,3.844579652942667,0.0,0.0,1497.4920323119388,0.0,239.7667843303792,cal_final_2008-09-30
07315700,hbv_lite_cma,evaluation,0.504154,0.395399,0.14184,-0.351372,153.382142,13,explicit_euler_dt1,hbv,success,,52.16,0.6871,-0.8335567719334853,11.628685868564018,0.095467841187884,0.1073373932388022,411.6069067759423,3.6775897216672457,0.7713636790186607,0.9699443390281136,0.3428096193807133,95.04140972786637,4.005640564599274,0.0001000000000151,4.33540503292624,0.0,0.0,282.3371363807844,0.0,1762.4049173383637,cal_final_2008-09-30
07335700,hbv_lite_cma,evaluation,0.576188,0.576448,0.002697,-0.259529,31.65621,13,explicit_euler_dt1,hbv,success,,27.95,0.6382,-1.4202094402493168,14.516509997563883,0.0198230328504024,0.1997660350285686,796.6822464762848,5.993221508305848,0.6821257164810697,0.9899999910529842,0.1096776240608422,30.69500553416241,0.9622227100926052,0.0001000028083223,1.7796149264103407,0.0,0.0,739.5108047542419,0.0,2043.774171867712,cal_final_2008-09-30
07340300,hbv_lite_cma,evaluation,0.595785,0.653731,0.020029,-0.178048,2.438385,13,explicit_euler_dt1,hbv,success,,27.96,0.7322,-2.279277237629876,9.263835939075278,0.0526681624932678,0.1168485550981175,202.25147990842964,1.287544785831869,0.3337509023807842,0.7546214676841221,0.1489345648317495,23.13292192370824,2.260591641940992,0.0001000035932703,1.9470984326168008,0.0,0.0,155.3600609549197,0.0,3617.935468955716,cal_final_2008-09-30
07346045,hbv_lite_cma,evaluation,0.695769,0.725578,0.035846,-0.194439,22.760924,13,explicit_euler_dt1,hbv,success,,101.23,0.7544,0.36003331503571,3.428738179383537,0.063021613256836,0.046184163271224,491.6666565841842,3.9717115764566016,0.5111823545126437,0.2026985723751058,0.3121438783442702,198.08537072585585,4.1076736205313695,0.0001000000000474,11.12628517792582,0.0,0.0,389.9401370166708,0.0,3001.610237926373,cal_final_2008-09-30
07359610,hbv_lite_cma,evaluation,0.53428,0.518108,0.202485,-0.046763,2.156334,13,explicit_euler_dt1,hbv,success,,27.68,0.6876,1.06665424988712,0.6489851522642174,0.0313553047753397,0.1483418166265564,298.0174507531625,5.556567800260372,0.6712024950983403,0.6359477210959839,0.2018915063350627,21.29710326840889,2.104012041078441,0.0003250205290731,1.835713426216712,0.0,0.0,266.0223330332263,0.0,2146.9916282631666,cal_final_2008-09-30
07362100,hbv_lite_cma,evaluation,0.604358,0.53599,0.240575,-0.084656,17.213668,13,explicit_euler_dt1,hbv,success,,58.33,0.6416,-1.5633132080179055,8.258713384525983,0.0524059318389351,0.0561030471475235,555.7199227497676,3.882496398632633,0.4974137838397023,0.3284401778525795,0.1344708130721706,21.70999137718824,1.8590740614307468,0.0001000000720433,5.134345239523516,0.0,0.0,470.28922870260135,0.0,2752.2445050039787,cal_final_2008-09-30
07362587,hbv_lite_cma,evaluation,0.527174,0.541948,0.15524,-0.199463,212.715749,13,explicit_euler_dt1,hbv,success,,27.8,0.5944,-1.95905450758412,1.4698803544531698,0.0236287880385041,0.0279891258542385,278.6561061624561,5.995639433542985,0.6247659313262767,0.9899999981878734,0.4997841800782592,0.0014470592036656,5.302896437954575,0.0001634694859387,1.9773761193629893,0.0,0.0,244.6367793262797,0.0,3620.1393435797017,cal_final_2008-09-30
07375000,hbv_lite_cma,evaluation,0.59089,0.471653,0.04555,-0.271088,1.380912,13,explicit_euler_dt1,hbv,success,,36.42,0.5526,1.7786127545585302,2.143212739669783,0.0190944432934148,0.0326499806357389,669.9832836820817,5.999895229307022,0.5522552426012517,0.4576087945703209,0.1001603445502479,41.26294058332915,4.028882451828276,0.0001633295827983,2.0205618080889023,0.0,0.0,620.5200137090874,0.0,4584.4521228290405,cal_final_2008-09-30
08013000,hbv_lite_cma,evaluation,0.700654,0.611022,0.000794,-0.281704,6.396682,13,explicit_euler_dt1,hbv,success,,72.26,0.7634,0.3318815841353788,6.111288845269719,0.0050174528568631,0.0307720169162124,559.5410163176624,5.999999998284117,0.7570385505056916,0.3099171932437008,0.0954644577816882,38.896332642934425,1.886738216868011,0.0001000000000846,6.344860554449962,0.0,0.0,495.75353236457465,0.0,3348.292773964534,cal_final_2008-09-30
08014500,hbv_lite_cma,evaluation,0.687997,0.682374,0.022216,-0.183441,1.015766,13,explicit_euler_dt1,hbv,success,,61.51,0.6906,0.9295644724938869,13.020516966311543,0.0561918578297209,0.0547808985679364,554.3144762986921,3.070098194844374,0.703619038851018,0.3242194646471107,0.0857791798550489,39.65588299315201,2.7501664025540804,0.0001000000019857,5.59105429756325,0.0,0.0,430.1564749098454,0.0,4473.746085168191,cal_final_2008-09-30
08023080,hbv_lite_cma,evaluation,0.610614,0.573525,0.320409,-0.081594,438.161826,13,explicit_euler_dt1,hbv,success,,36.42,0.6759,1.9301580860398115,14.997284522913947,0.0962145041426704,0.1092686799248684,390.09098696136135,5.998733098735778,0.5490419453304975,0.548264588238813,0.2742923210123126,28.4696554898874,2.5499623202299366,0.000100008503708,2.2313504260583623,0.0,0.0,273.47001041621166,0.0,2505.7690808905345,cal_final_2008-09-30
08050800,hbv_lite_cma,evaluation,0.423573,0.335513,-0.094486,-0.560191,,13,explicit_euler_dt1,hbv,success,,27.78,0.5205,0.0200042742331345,7.776833494478789,0.014148650305248,0.0996114826212514,281.1343284228876,4.164131495207415,0.5708691348310714,0.9078648930611968,0.2856280132071992,30.82171579953114,9.479382257384778,0.0001000000002128,1.2750314295791718,0.0,0.0,182.72152586171512,0.0,2634.271956609602,cal_final_2008-09-30
08066200,hbv_lite_cma,evaluation,0.577847,0.510272,0.127246,-0.244624,31.50568,13,explicit_euler_dt1,hbv,success,,27.8,0.6251,2.459854054699375,1.4966226049973517,0.000980848907231,0.0636253110649898,326.3599348264161,1.7273592413430636,0.2000011318276042,0.9865911517357588,0.3883887701937943,27.739607887469024,5.311844617507269,0.0001000000558968,1.0744220677776388,0.0,0.0,229.1873563946968,0.0,3424.0025040585747,cal_final_2008-09-30
08066300,hbv_lite_cma,evaluation,0.56896,0.516731,0.14224,-0.317135,4.769552,13,explicit_euler_dt1,hbv,success,,52.66,0.7002,-0.4460141169535179,11.445171075249688,0.0445200626953636,0.0286714297150341,419.281247732333,2.325556553375505,0.4312014431207272,0.9899999983278688,0.1127153705292163,105.5149964941362,4.723173965402875,0.0001331612178789,2.441924756437724,0.0,0.0,337.15762490064424,0.0,4005.501036554879,cal_final_2008-09-30
08070000,hbv_lite_cma,evaluation,0.520735,0.43183,0.193834,-0.170237,6.421105,13,explicit_euler_dt1,hbv,success,,55.44,0.5863,-1.8295251918467512,13.198085987249204,0.0465960587000523,0.195478088095141,826.6306312448689,5.999999999967813,0.7291717989059989,0.5614114841946527,0.3086384154152679,168.92307935381504,3.954666459413601,0.0001000000000007,5.082581661049588,0.0,0.0,745.6984125019433,0.0,3184.299435621762,cal_final_2008-09-30
08070200,hbv_lite_cma,evaluation,0.530736,0.419383,0.221482,-0.178978,6.725249,13,explicit_euler_dt1,hbv,success,,62.03,0.6319,-0.3945556034793878,11.066550033017895,0.0164856049290223,0.0749295638409403,816.2744261896635,4.7954892470992485,0.7256604438368357,0.1122623431746043,0.1671108351017219,46.99749825098773,3.2350842762904395,0.0001000000000001,5.820919169729235,0.0,0.0,716.2533703006842,0.0,3340.751011722953,cal_final_2008-09-30
08082700,hbv_lite_cma,evaluation,0.279137,0.070184,0.777015,-0.087722,,13,explicit_euler_dt1,hbv,success,,33.74,0.5579,-2.4811349035042185,14.585577170479084,0.0672646894819534,0.0016799858039569,236.6878612158073,5.999999999999974,0.2000000000001147,0.7031292554715229,0.4999999999999953,107.7122442718337,3.5893013218691507,0.0001000000000008,2.527921031158052,0.0,0.0,74.48883845230684,0.0,480.53508361308,cal_final_2008-09-30
08086212,hbv_lite_cma,evaluation,0.340483,-1.059104,1.966802,0.332945,110057.90233,13,explicit_euler_dt1,hbv,success,,28.4,0.409,2.46000157647564,14.994223451612848,0.0722859498776002,0.1520337558331546,1935.239349322562,1.5895774532905818,0.2205054122730038,0.951277728478846,0.0214937955781363,23.823490785709687,0.0038219727054265,0.3921288453241963,1.3209689918082756,0.0,0.0,582.1356300622136,14.333242534580242,0.0059247540426827,cal_final_2008-09-30
08086290,hbv_lite_cma,evaluation,0.495492,-0.022977,0.889883,-0.292433,17969.630267,13,explicit_euler_dt1,hbv,success,,28.42,0.7201,1.875229103797177,2.009828537230388,0.0750268798834891,0.15663445634254,313.8415560442172,1.952174082317916,0.2000001331118386,0.3695024474920906,0.437336104232059,4.7300864235325033e-08,7.055039985632191,0.0001000000101215,1.4842052500192078,0.0,0.0,59.05835486542443,0.0,1303.0196881113527,cal_final_2008-09-30
08101000,hbv_lite_cma,evaluation,0.673758,0.508789,0.296553,-0.306549,158.262239,13,explicit_euler_dt1,hbv,success,,27.92,0.647,-1.3183413356199785,3.4079748848747204,0.087476195038726,0.0070923165535496,495.0640330282247,3.471749244330171,0.7023394722262566,0.609537826775141,0.2062110624013813,18.62509963294378,3.482881217242944,0.000100000086045,1.949690362809711,0.0,0.0,225.92225762450303,0.0,1657.2129218496273,cal_final_2008-09-30
08103900,hbv_lite_cma,evaluation,0.523829,0.527703,0.365038,-0.090863,,13,explicit_euler_dt1,hbv,success,,27.08,0.5079,1.3764792387448828,0.5013733656998497,0.022567229990728,0.0014313603289322,433.1218632419631,3.140883715363878,0.6224043684289002,0.98999991370909,0.1612226457328062,43.3326369991766,2.9621228337435386,0.0001000001998551,1.6024758630608869,0.0,0.0,149.10335380314731,0.0,1622.36587938369,cal_final_2008-09-30
08104900,hbv_lite_cma,evaluation,0.519976,0.451281,0.463749,-0.340066,169.857442,13,explicit_euler_dt1,hbv,success,,27.14,0.4842,2.2072433151921897,5.709762170057842,0.0446031748362512,0.1024277640014935,260.07238418179304,5.999999931914384,0.9999999968358192,0.9899999900596816,0.4058673806970221,11.58857562644832,10.537536819598436,0.0001685595962412,1.5169320722743076,0.0,0.0,120.0310897049365,0.0,2155.6658748525333,cal_final_2008-09-30
08109700,hbv_lite_cma,evaluation,0.589738,0.014531,0.966644,0.215013,556.660617,13,explicit_euler_dt1,hbv,success,,60.58,0.7144,-1.5585589235236164,9.006087506952081,0.0399567492562547,0.1259424095464394,301.2331096916295,2.9662853883572224,0.588075996529772,0.6987909735357871,0.1455366467252929,28.46708079342169,3.342219836071782,0.0001000000019762,5.570435975379692,0.0,0.0,72.71709329566076,0.0,2225.99651636127,cal_final_2008-09-30
08150800,hbv_lite_cma,evaluation,0.213848,-0.326015,1.083679,-0.209982,108.974797,13,explicit_euler_dt1,hbv,success,,26.58,0.4491,-0.0369158750064544,11.44301656552358,0.0416569284938182,0.1303508472644959,2499.999999999999,1.0972575549561103,0.2000000000006525,0.5697717554382234,0.4999999999995581,179.21601464283214,4.336204873826392,0.0001,1.4884669577563088,0.0,0.0,450.4621140538633,0.0,1205.3839878637618,cal_final_2008-09-30
08158700,hbv_lite_cma,evaluation,0.693527,0.441997,0.522691,0.050954,27.141171,13,explicit_euler_dt1,hbv,success,,23.59,0.5695,0.3866829299163243,8.243003698057976,9.82122147220713e-06,0.1964598500762431,923.9485590154892,4.507391396841991,0.5138339742425773,0.9899999999998326,0.2829484155697389,25.365396160372967,6.128271147485576,0.0539732190748976,1.0250343860029063,0.0,0.0,399.5371890814395,0.0,0.4565942553083573,cal_final_2008-09-30
08158810,hbv_lite_cma,evaluation,0.562147,0.17719,0.781096,0.380687,238.659037,13,explicit_euler_dt1,hbv,success,,28.09,0.6495,-0.8423212218641771,8.978391047248847,0.0014536335263503,0.0486235305560536,364.4531560490906,5.257900090471852,0.7100376556285406,0.9899999998827111,0.4445820044983687,11.083318394445634,9.16193668314551,0.045151121095082,1.160513416661764,0.0,0.0,127.5251017119688,0.0,0.146236418003064,cal_final_2008-09-30
08164300,hbv_lite_cma,evaluation,0.651261,0.478455,0.333524,-0.013174,53.138115,13,explicit_euler_dt1,hbv,success,,37.58,0.6248,0.3337144569474795,1.1945607383098498,0.0259728748373279,0.0209205805104562,496.1562284080968,5.605439032485487,0.7090898040756972,0.2887346226251804,0.3151537776034487,25.76812488317772,3.088779535029112,0.0001000000007619,2.137719252749764,0.0,0.0,192.27480926925205,0.0,1785.3364108430187,cal_final_2008-09-30
08164600,hbv_lite_cma,evaluation,0.714741,0.534196,0.322645,-0.098787,348.401912,13,explicit_euler_dt1,hbv,success,,28.29,0.6696,-1.6011467739088925,11.592997520382688,0.040589805515947,0.0592468792739859,120.84634072808612,1.1405814640120018,0.2536511974181082,0.577142457056691,0.1098960958674444,23.07480902558684,3.4202517374384147,0.0001000000003989,1.0223063018915497,0.0,0.0,12.147126726421806,0.0,2738.181106491684,cal_final_2008-09-30
08165300,hbv_lite_cma,evaluation,0.076968,-0.475155,1.41383,0.26224,3.74962,13,explicit_euler_dt1,hbv,success,,40.43,0.2107,-1.7971413862769965,4.14541573803822,0.0805824880772151,0.0984567125774933,1238.8652784252872,1.0000003223092984,0.9999988275772372,0.9899989077810244,0.1025088063657413,23.79037045642829,12.61613040685392,0.0001000000274261,1.1832215163963584,0.0,0.0,575.8119066286234,0.0,3119.6119327966207,cal_final_2008-09-30
08171300,hbv_lite_cma,evaluation,0.68148,0.572864,0.372028,-0.106374,29.99952,13,explicit_euler_dt1,hbv,success,,27.81,0.7022,0.2093357162989728,0.950553786273704,0.0894101396605552,0.1341130684964638,628.0763586720852,4.008391844235776,0.9999974746803396,0.6003334740627897,0.076484037060234,44.13919801544732,2.5857693735921847,0.0001002070803264,1.3669431733689987,0.0,0.0,369.81836508626645,0.0,2135.848952405608,cal_final_2008-09-30
08175000,hbv_lite_cma,evaluation,0.537869,0.198796,0.695984,-0.127774,69.465122,13,explicit_euler_dt1,hbv,success,,50.57,0.6191,0.2873361176220839,8.765869114009822,0.079890134799774,0.1911631890513727,127.74259909353148,1.8659940948107288,0.2001374283606201,0.4694367486409895,0.1485508212061846,39.46400097507665,6.390453030534299,0.000100097653788,3.4329169169509326,0.0,0.0,6.513448362829505,0.0,2256.625228744536,cal_final_2008-09-30
08176900,hbv_lite_cma,evaluation,0.464767,0.01039,0.878617,0.019281,187.129034,13,explicit_euler_dt1,hbv,success,,35.68,0.5989,-2.437774132048911,8.334020205112731,0.0212429827334023,0.0127185361127877,268.6091758242167,5.262408579451106,0.7895067991539158,0.9899928674096136,0.4033498855909495,32.10618836360879,6.515034339852496,0.0001000667292779,2.173119593820014,0.0,0.0,133.09497228622917,0.0,2075.8019551141824,cal_final_2008-09-30
08178880,hbv_lite_cma,evaluation,-0.076446,0.065606,0.757316,0.462661,4.484061,13,explicit_euler_dt1,hbv,success,,43.66,0.2905,-0.8409456713621903,7.002011312245777,0.082089559185156,0.0036747205185681,50.00000015144891,1.0249620309075074,0.2876589141507741,0.6698926350932657,0.076266712603202,40.004501718001805,2.058482347277734,0.000108956482255,3.6815168342769455,0.0,0.0,0.4257637793616616,0.0,1768.2823632184147,cal_final_2008-09-30
08189500,hbv_lite_cma,evaluation,0.673314,-0.180639,1.166697,0.142043,71.52589,13,explicit_euler_dt1,hbv,success,,42.3,0.7054,0.95860845461071,0.8413676521508099,0.0779677139850954,0.0060148330160084,213.2240733652173,1.0000003526761772,0.2000000884821559,0.5387810758436913,0.0904463090716271,13.844031938621864,4.305772601813585,0.000100000034637,3.693101444456848,0.0,0.0,19.8549463375779,0.0,2143.893632759893,cal_final_2008-09-30
08190000,hbv_lite_cma,evaluation,0.391496,0.176554,0.469234,-0.075126,3.25022,13,explicit_euler_dt1,hbv,success,,26.08,0.5362,-0.9075488840847616,3.268880471191514,0.0952423276159889,0.0725743312885205,2499.9999998492303,1.0000000000427238,0.2350043988451009,0.989999999774049,0.1617621376702531,13.537281833214664,1.5273150613875932,0.01648466048217,1.0015435187348338,0.0,0.0,377.732093268989,0.0,13.375128303915591,cal_final_2008-09-30
08190500,hbv_lite_cma,evaluation,0.028404,-0.213003,-0.117044,-0.566374,83.724333,13,explicit_euler_dt1,hbv,success,,23.83,0.117,2.499862062531255,0.5000291557236044,0.0650610273282235,9.217432516643504e-05,2499.999999822032,2.7944894810227145,0.2028971815820288,0.6701213021416711,0.4705759625994662,56.4763081831557,0.4968444489878506,0.0420314961964768,1.1586863386829545,0.0,0.0,747.838442602798,0.0,1.081376369647758,cal_final_2008-09-30
08194200,hbv_lite_cma,evaluation,-0.871216,-3.440587,4.388538,2.214964,,13,explicit_euler_dt1,hbv,success,,39.36,0.2069,0.6365258008748693,11.572260032834452,0.045744085427014,0.1953856389807482,988.928432323572,1.0656251819893297,0.2000000038014498,0.1825210608966049,0.0100000097774136,19.274612426681536,8.937867140835959,0.4999999906348665,3.2425423288793063,0.0,0.0,241.99753356147755,0.0,0.0299678424672903,cal_final_2008-09-30
08195000,hbv_lite_cma,evaluation,0.384245,0.31416,0.385858,0.037729,1.582545,13,explicit_euler_dt1,hbv,success,,27.02,0.2133,-1.215871339829158,11.038117471162517,0.0003600859972958,0.0615924489001724,2499.999999456424,1.0000000067925752,0.2619126555499304,0.989999999995036,0.3498938050930129,13.171957339073009,2.503813250501932,0.0423496018486375,1.4595311827604731,0.0,0.0,425.6319617600553,0.0,4.767457622549212,cal_final_2008-09-30
08196000,hbv_lite_cma,evaluation,0.217759,0.205696,-0.066819,-0.347772,2.678245,13,explicit_euler_dt1,hbv,success,,20.15,0.0912,2.4355870045764565,5.523835566226784,0.0216316787239953,0.0799124950231068,2499.999999999004,1.6343841397462446,0.3049422620163274,0.2078788448702856,0.0552283450794779,50.92314382245705,28.82839824080307,0.4999999999996334,1.6616150179739693,0.0,0.0,570.3445748355316,0.0,1.066490862901734e-05,cal_final_2008-09-30
08198500,hbv_lite_cma,evaluation,0.196913,-1.151462,2.078336,0.337255,109.866725,13,explicit_euler_dt1,hbv,success,,36.62,0.0667,2.42985261009558,12.900905963591306,0.0989279878555885,0.1357259386219383,2499.999878983101,1.0275720155113233,0.2766813460849256,0.972671811327741,0.239201251525072,8.921816609623894,0.8507343329694265,0.0646622482606536,2.021822877523636,0.0,0.0,468.63989766103,0.0,1.8068290463789416,cal_final_2008-09-30
08200000,hbv_lite_cma,evaluation,0.417387,0.383516,0.420815,0.031851,16.931935,13,explicit_euler_dt1,hbv,success,,52.48,0.1879,-0.6051809163325412,7.867982824998039,0.0308426732369076,0.0428780008833516,50.000000135072405,1.1209037479740205,0.200000008491361,0.6795709875996556,0.0477716108783384,44.3367498413788,1.364678822648931,0.0001099856495105,4.37792547681444,0.0,0.0,0.1170950451466375,0.0,1412.3538127311172,cal_final_2008-09-30
08202700,hbv_lite_cma,evaluation,0.421669,-1.921085,2.905486,2.905486,,13,explicit_euler_dt1,hbv,success,,28.04,0.3173,-1.6706357253956745,3.3608190148199744,0.0385281882321165,0.1356285197442719,335.64765533374174,5.999999999999518,0.200000000003079,0.9899999999691166,0.0406660220494241,27.072974351853617,2.9328134425885937,0.0001000000000111,1.000280973508724,0.0,0.0,44.55017994571661,0.0,771.7609271447393,cal_final_2008-09-30
08267500,hbv_lite_cma,evaluation,0.238224,0.58832,0.184795,0.058061,-0.652185,13,explicit_euler_dt1,hbv,success,,88.04,0.6259,2.1404164074471623,5.578268192931052,0.0607737764337596,6.521248822674535e-09,2499.995781808333,1.1883934908160876,0.2991864236121641,0.9898912114603274,0.0100006231336908,60.9341972483298,4.133387651160949,0.0390698541810882,14.753098650117987,0.0,0.0,1365.8691217045669,0.0,16.06292888869081,cal_final_2008-09-30
08269000,hbv_lite_cma,evaluation,0.242727,0.347868,0.581553,0.116844,1.009841,13,explicit_euler_dt1,hbv,success,,88.56,0.4619,2.3656255574439475,5.370045227422038,0.0601541394208959,6.093892364289936e-07,2499.981802940189,2.3719668198519246,0.2804046457038726,0.5816208183767388,0.4974753914327171,142.0590195858915,13.692156836252815,0.0416078492942933,1.3209696555161157,0.0,0.0,1597.5905479992723,0.0,9.251004172813952,cal_final_2008-09-30
08271000,hbv_lite_cma,evaluation,0.708192,0.851096,0.00345,-0.078536,-0.529615,13,explicit_euler_dt1,hbv,success,,67.59,0.7226,0.0799936278330779,2.080776022017912,0.0147153781351147,9.534533193610625e-08,297.9943113801852,4.352913708912249,0.4371072771480556,0.8985706733823683,0.1738730871714276,60.34807298881283,14.615898108436674,0.0235445969270559,1.6691644001245205,0.0,0.0,208.2787489968381,0.0,27.619475221249512,cal_final_2008-09-30
08324000,hbv_lite_cma,evaluation,-8.403266,-2.218362,2.726293,1.104765,7.525807,13,explicit_euler_dt1,hbv,success,,31.61,0.1377,0.8500014326451923,6.628534547571257,0.0968076415302104,2.40558999017526e-07,2499.999999311166,3.082179248843628,0.259804537599992,0.3623001048791546,0.050676785133096,1.0082740212830666e-05,4.26253824832634,0.030669335283055,1.3005877216479398,0.0,0.0,1467.1380412166714,0.0,9.5164751571461,cal_final_2008-09-30
08377900,hbv_lite_cma,evaluation,0.572256,0.530997,0.34623,-0.096777,4.002899,13,explicit_euler_dt1,hbv,success,,91.16,0.7701,2.133017478061322,7.87872440115947,0.0558096521223673,3.1188057309916256e-06,1477.210083111785,1.00000000017134,0.5021827453391101,0.051327125202214,0.0225589493296239,192.5673435951993,2.6557795996897218,0.0001165010005989,1.9888230747570288,0.0,0.0,902.7790321571384,0.0,3039.483059156721,cal_final_2008-09-30
08378500,hbv_lite_cma,evaluation,0.481588,0.554811,0.292262,-0.117668,2.091595,13,explicit_euler_dt1,hbv,success,,92.68,0.7648,2.4296489074791854,8.997325225846478,0.0103571808760806,0.0423705148308501,1376.3376654188069,1.0000098143716798,0.439517821340889,0.0500011747556784,0.0154902768992106,133.41485206437952,1.984752137912242,0.0001330349336238,9.95753048531338,0.0,0.0,755.8487821369856,0.0,2402.953333283994,cal_final_2008-09-30
08380500,hbv_lite_cma,evaluation,0.011201,0.176712,0.644749,0.059878,2.835332,13,explicit_euler_dt1,hbv,success,,45.9,0.3693,0.669997753398297,1.4733067795396315,0.0399419116058815,1.1983239130938829e-08,2499.999951146825,2.187789432870954,0.3760796716985296,0.0560776182896429,0.4999997156913054,51.604770373347165,1.4027097984952344,0.0422850743804339,7.927381410275326,0.0,0.0,1323.4813748586205,0.0,6.797818705465994,cal_final_2008-09-30
09035800,hbv_lite_cma,evaluation,0.742897,0.770812,0.188056,0.067509,-0.414261,13,explicit_euler_dt1,hbv,success,,61.75,0.7355,-1.6184874017003366,1.1663755243162612,0.0075047967298197,0.148251399802559,2498.586918676886,1.000042260994073,0.2000151085922221,0.0994552286634556,0.4883804128612204,41.99434020395684,4.7787061453884725,0.0481604073576406,12.032686723202977,0.0,0.0,1403.669837951691,0.0,14.542569426548749,cal_final_2008-09-30
09035900,hbv_lite_cma,evaluation,0.866441,0.913834,-0.055336,0.010484,-0.711282,13,explicit_euler_dt1,hbv,success,,46.76,0.8566,-0.3100231748051434,1.5008303099893197,0.0497940306500783,9.052706623783871e-10,78.43509333984338,2.152517394360681,0.2362617124351602,0.4609937262668031,0.2108431112832848,29.02246701860264,9.426395294559017,0.0353453475381008,1.0449285588183403,0.0,0.0,42.9377494507394,0.0,17.085965504439574,cal_final_2008-09-30
09047700,hbv_lite_cma,evaluation,0.656347,0.560286,0.405745,-0.054427,2.212606,13,explicit_euler_dt1,hbv,success,,118.26,0.7056,1.3043647777765957,4.933020562150011,0.0010935708819473,0.0087982630558343,417.9085453343034,1.054363372894192,0.9695732140898604,0.0575617494511491,0.0178426549927913,196.60006191224383,6.335401663085649,0.0001665145524835,1.9184596429550704,0.0,0.0,283.0335422793772,0.0,3522.7430334090827,cal_final_2008-09-30
09065500,hbv_lite_cma,evaluation,0.762654,0.826061,-0.123909,-0.140433,-0.928945,13,explicit_euler_dt1,hbv,success,,33.86,0.8461,1.6399999815346886,5.557199844591767,0.069146731013772,1.3293345875872269e-11,1891.717793238107,1.0000000000465388,0.8005775162699422,0.057288087803998,0.4999999998985546,103.90750651250195,22.54615179930905,0.0693859441585992,1.2195527500959522,0.0,0.0,1388.6955918025037,0.0,13.738881231547444,cal_final_2008-09-30
09066000,hbv_lite_cma,evaluation,0.784652,0.744156,0.235333,0.064873,0.159692,13,explicit_euler_dt1,hbv,success,,55.05,0.8239,-0.1600007637277838,4.576939560972789,0.099527656608366,1.948040040154677e-11,2499.999999771873,1.0260787621722556,0.2964123020159295,0.4431211966031725,0.1115947874685948,64.71646952327512,12.312490271913344,0.0472156253269494,1.727776367863086,0.0,0.0,1712.162719702377,0.0,23.64873921492277,cal_final_2008-09-30
09066200,hbv_lite_cma,evaluation,0.675311,0.679526,0.274879,-0.023161,0.493348,13,explicit_euler_dt1,hbv,success,,37.84,0.6759,-1.0300002564332524,4.857960031703175,0.0611461820416196,1.3932465654406472e-09,2499.999999980668,1.000000005526248,0.2952492672276304,0.0502118058950709,0.2031383165675803,5.70816202594144e-09,26.65325916009744,0.0337315938945495,1.4264483881731973,0.0,0.0,1882.361194739454,0.0,47.17576268868447,cal_final_2008-09-30
09066300,hbv_lite_cma,evaluation,0.515027,0.558796,0.293268,-0.276815,14.402303,13,explicit_euler_dt1,hbv,success,,119.9,0.6846,1.2900006650019833,5.003767761502616,0.0504929986752349,0.0052758507893947,2479.640116152842,1.0000000021044668,0.7090407121828266,0.9899972326026932,0.4550163414113505,3.80871346962216e-06,15.177047340930256,0.0001145876090416,14.466227855376047,0.0,0.0,1837.3300741694245,0.0,4648.628700340261,cal_final_2008-09-30
09081600,hbv_lite_cma,evaluation,0.68995,0.654542,0.23134,0.149852,-0.565177,13,explicit_euler_dt1,hbv,success,,40.36,0.8138,0.6100001603105527,2.6870339447573763,0.0953212132992892,1.4044872000506211e-10,2499.999952664769,1.0000000004843423,0.5289930463061348,0.5253179648421382,0.4054187509553086,105.09558778787428,14.15367607225017,0.0432557741914223,1.9346527325009024,0.0,0.0,1669.9891065790853,0.0,20.22564652264344,cal_final_2008-09-30
09107000,hbv_lite_cma,evaluation,0.2153,0.216877,0.667698,0.385669,0.093995,13,explicit_euler_dt1,hbv,success,,31.08,0.5607,-1.2799593348779472,3.800212807598344,0.0401327833116698,5.118737714070431e-13,2499.999997686853,1.635858841911523,0.2605929711648816,0.618448161126527,0.4999999942982991,198.6369010289177,18.6848596456925,0.0196248077794509,1.2657586645096952,0.0,0.0,1852.3903023959592,0.0,72.14014259451504,cal_final_2008-09-30
09210500,hbv_lite_cma,evaluation,0.596275,0.785758,0.087873,0.034055,-0.053024,13,explicit_euler_dt1,hbv,success,,48.45,0.7657,-0.9900000404701386,1.3949780591571148,0.0330052507912492,5.288283593187891e-13,910.070656433398,1.0000000000733502,0.2000000003280984,0.3231879155486068,0.3154486781431111,73.57927565456586,10.874699985235766,0.0391219474692122,1.839400377939823,0.0,0.0,154.42634951120704,0.0,3.6178941560777935,cal_final_2008-09-30
09223000,hbv_lite_cma,evaluation,0.202478,0.36807,0.460293,0.298947,1.345409,13,explicit_euler_dt1,hbv,success,,67.53,0.8385,0.4802056254345324,5.849464569798617,0.0799835876813963,8.847748658468629e-07,2499.9155475208067,1.624229515036113,0.2500591277642864,0.6926821312434938,0.0414888783794216,114.2464413896218,0.0363082572135894,0.2983765423103545,12.040234591954563,0.0,0.0,1424.3115322642786,7.53617430216257,0.085377773908199,cal_final_2008-09-30
09306242,hbv_lite_cma,evaluation,-0.485753,-0.004437,0.800823,0.604478,0.837593,13,explicit_euler_dt1,hbv,success,,111.21,0.6253,-0.1399975824093253,1.306132545260569,0.0578329245047452,0.0025810161726127,1389.0075966552747,5.487732054718851,0.4879719991825492,0.989220730928995,0.1268911038045352,199.88162467532104,20.386183076350807,0.0558161943116048,14.799126732469862,0.0,0.0,638.9104639465173,0.0,0.1985003982538198,cal_final_2008-09-30
09312600,hbv_lite_cma,evaluation,0.430458,0.457175,0.132837,-0.415898,5.882212,13,explicit_euler_dt1,hbv,success,,97.3,0.8698,-1.4786263085918343,1.941763531916593,0.0836969075359599,0.0980671963667542,472.0909497094336,2.686133523603842,0.2145258312698914,0.2415978648316427,0.0343975819134332,154.52077961916842,2.8467805124989574,0.0001314164765523,1.0359112340947536,0.0,0.0,214.6870082206922,0.0,1304.4410530645212,cal_final_2008-09-30
09352900,hbv_lite_cma,evaluation,0.690805,0.800411,0.134224,-0.043461,-0.182203,13,explicit_euler_dt1,hbv,success,,39.36,0.6451,-1.5700011664770912,4.20937282719856,0.0903330479222132,6.823926517908786e-10,695.9485825434436,1.0000000702942686,0.4513229185821167,0.6124075701597509,0.4172103071295546,67.96624474414199,21.813758096699,0.0308312638960297,1.330585453194854,0.0,0.0,479.6726463183925,0.0,50.37694179042395,cal_final_2008-09-30
09378170,hbv_lite_cma,evaluation,0.356996,0.330027,0.606222,-0.134972,22.592723,13,explicit_euler_dt1,hbv,success,,115.27,0.9229,0.3400033375458804,2.544982414851056,0.0994507666814192,2.02945347265886e-09,540.8385527751184,5.999873524449556,0.5975657778518191,0.5959084830214173,0.0579076717028564,162.44266423220571,4.459250457246883,0.0001297962478258,14.675905494627353,0.0,0.0,289.02835656685147,0.0,981.4351298259604,cal_final_2008-09-30
09386900,hbv_lite_cma,evaluation,-0.000669,0.044311,0.26259,-0.469915,107.884212,13,explicit_euler_dt1,hbv,success,,32.48,0.0887,0.2172352785332281,9.570202677311052,0.0594272159846279,0.1999485529936113,2043.3288518518032,2.5109584402804592,0.200000923498018,0.6942686836811023,0.4999741254167401,177.93260238264764,0.7457113784474763,0.1024253518827624,1.0966813234877786,0.0,0.0,421.7637970594442,0.0,0.0321669491910075,cal_final_2008-09-30
09404450,hbv_lite_cma,evaluation,0.192101,0.560087,-0.210057,-0.164405,-0.147856,13,explicit_euler_dt1,hbv,success,,51.53,0.6722,1.1800000477425083,1.887319742642484,0.0290020767577147,2.360573241080897e-10,1135.510328800841,2.6497359585122062,0.4788183954283716,0.2013273978858463,0.176116777652115,71.559922116539,22.127078037355187,0.0392417396668073,1.7717161970502615,0.0,0.0,333.7898694182145,0.0,0.597149595766942,cal_final_2008-09-30
09430600,hbv_lite_cma,evaluation,-0.234906,0.231814,0.466528,0.125127,11.131375,13,explicit_euler_dt1,hbv,success,,27.79,0.4664,1.5879412393579102,7.6830587177627985,0.0145061347846418,0.1913874462016982,263.72130216485084,5.999999901571646,0.8567798134507243,0.9899991723898792,0.4999769229707665,0.3700696123296083,9.672043742997912,0.030385616069845,1.3578086819020163,0.0,0.0,201.7765267629976,0.0,12.93041692034307,cal_final_2008-09-30
09447800,hbv_lite_cma,evaluation,0.121747,-0.151997,-0.612878,-0.746898,0.464016,13,explicit_euler_dt1,hbv,success,,31.1,0.2316,-0.7300241682078719,13.38724547222394,0.0141393263438417,0.1503761053059515,727.087637599245,4.455518090402512,0.4768428894980274,0.8676786737976762,0.0100000000101241,2.712763548969849,0.0230674268348784,0.4999999976745428,2.2748418875999543,0.0,0.0,281.4962688283198,0.3726141742284263,0.0230674270494476,cal_final_2008-09-30
09484600,hbv_lite_cma,evaluation,-3.869349,-4.437846,5.312149,2.537572,31.545853,13,explicit_euler_dt1,hbv,success,,25.76,0.1517,1.570076940955926,14.954642850577804,0.0993435925506155,0.0035666266893936,2499.998993947866,5.997230909383715,0.917326059436061,0.1107979169210959,0.0100007425657204,104.7958385516108,0.293917086434732,0.4999999029087504,1.91141982945356,0.0,0.0,1388.8777419087007,0.0,0.0096764060882686,cal_final_2008-09-30
09492400,hbv_lite_cma,evaluation,0.506727,0.485905,-0.298209,-0.420477,-0.114507,13,explicit_euler_dt1,hbv,success,,65.87,0.6563,2.210176243699359,1.466377414232705,0.0834583204553328,4.274479923832965e-07,297.5923405221409,3.5931314620128405,0.6670804374219337,0.4373986472529832,0.1063460264745388,144.0391077383094,10.103325105946634,0.0322871512856484,1.5679554458414091,0.0,0.0,200.75817011015744,0.0,14.869764053340624,cal_final_2008-09-30
09494000,hbv_lite_cma,evaluation,0.467739,0.740801,-0.004371,-0.17838,0.675588,13,explicit_euler_dt1,hbv,success,,32.37,0.485,-1.0637642982716136,0.7649813220928479,0.0804529727019762,0.1999080256163573,335.51186885631864,2.725587990887327,0.2028334406215655,0.9091843245282388,0.499697697623614,199.10208379244588,5.255658388606951,0.0153583394443443,1.797939887939737,0.0,0.0,123.071985392338,0.0,8.297391224093603,cal_final_2008-09-30
09497980,hbv_lite_cma,evaluation,0.601899,0.363323,0.479947,-0.363434,7.434503,13,explicit_euler_dt1,hbv,success,,28.25,0.4924,1.2000577156672485,14.164829590665695,0.0758276812157277,0.1734019913790436,921.901282277462,1.5438446564970836,0.5523606908103171,0.9899478266745148,0.2490022078486842,12.806518053101248,6.211775869988909,0.0001000000131621,1.1488610882713377,0.0,0.0,483.6009397412894,0.0,1241.194937769852,cal_final_2008-09-30
09505350,hbv_lite_cma,evaluation,0.399619,0.142346,0.723838,0.061851,,13,explicit_euler_dt1,hbv,success,,28.08,0.4228,0.3799999922644703,0.5292037822568225,0.0855369582132225,3.9572337965513765e-11,881.1625296742419,1.5993433780070203,0.2000000000800249,0.5209121236332278,0.3373070138447124,160.259463952353,21.602927142301848,0.4999999999744546,1.6357474578108084,0.0,0.0,234.593988995308,0.0,0.0919087560634552,cal_final_2008-09-30
09505800,hbv_lite_cma,evaluation,0.251485,0.14981,0.774724,-0.049958,4.22324,13,explicit_euler_dt1,hbv,success,,28.09,0.7542,2.1300179433373563,0.96899106785782,0.0724376627030336,2.125134822804978e-06,168.83444101400806,3.049969612558153,0.4999866185236046,0.9899979403902908,0.2319736393227556,21.05750506637592,6.113341163210567,0.000164639907856,1.5170541530949857,0.0,0.0,55.58776428808151,0.0,1258.1542605680954,cal_final_2008-09-30
09508300,hbv_lite_cma,evaluation,0.624186,0.523731,0.384124,0.078312,27770.384032,13,explicit_euler_dt1,hbv,success,,27.72,0.6463,2.2401282261328923,10.661085118597892,0.0448273613167409,0.0349687866500687,50.00011443579448,1.6940108461435894,0.3282554474127042,0.9899996770048344,0.1153046038003716,10.683932847142415,1.0621701859568915,0.0001844986297039,1.1387816500199517,0.0,0.0,0.7979243877519276,0.0,549.5729333999401,cal_final_2008-09-30
09510200,hbv_lite_cma,evaluation,0.515048,0.472307,0.465685,0.314098,978.483963,13,explicit_euler_dt1,hbv,success,,24.66,0.5706,2.197388763297216,8.632590919345592,0.0384282139759204,0.0444911943247526,251.85441817383835,1.846728622364246,0.2687146242162785,0.4406238742876392,0.3795480655286002,5.781389882921257,7.229216949957328,0.4584273527947779,1.888641673562457,0.0,0.0,23.965255463190243,0.0,0.0020721303984716,cal_final_2008-09-30
09512280,hbv_lite_cma,evaluation,0.671139,-0.142897,1.100117,-0.00837,,13,explicit_euler_dt1,hbv,success,,26.4,0.5745,2.2241961968677506,12.063932176645787,0.0551086250336283,0.041292326038115,255.4989712026748,1.000000001629005,0.9999999876945108,0.9899999873293918,0.227274662696079,2.865141109252216,7.544983025999733,0.0001000000547952,1.0646279462689427,0.0,0.0,71.82180216068626,0.0,1007.9751244585016,cal_final_2008-09-30
09513780,hbv_lite_cma,evaluation,0.509245,0.283938,0.50662,-0.038485,,13,explicit_euler_dt1,hbv,success,,24.11,0.6221,0.4862891971728951,3.895054525932344,0.072691956094913,0.1049225526449066,684.1082622687507,1.1086602052964696,0.9999960665849016,0.9899942400660936,0.0169462984000424,9.965893366530754,0.7328127406800922,0.0001000653598262,1.394131292351486,0.0,0.0,217.97572806677348,0.0,648.6111519431357,cal_final_2008-09-30
10234500,hbv_lite_cma,evaluation,0.188529,0.318509,0.502305,0.414294,0.121079,13,explicit_euler_dt1,hbv,success,,113.84,0.7669,2.429999105929776,3.1963088371264137,0.0998462466842615,0.0042813698806341,2499.999700880751,1.7958498838433603,0.2137543275132737,0.8319916364308261,0.182416156561951,61.544275222065046,4.272555766936092,0.02352239214582,14.707876197400232,0.0,0.0,1253.4868101280335,0.0,10.27283901440562,cal_final_2008-09-30
10244950,hbv_lite_cma,evaluation,0.61951,0.694432,0.053402,0.114542,-0.358794,13,explicit_euler_dt1,hbv,success,,120.26,0.8632,-2.3665475034635315,0.5487162902406137,0.0077942961393711,0.1987581515864133,398.1030441839064,4.627775561625785,0.6008209711601324,0.7002276633109272,0.0100034157371782,143.062935958719,19.95282173717289,0.0115307270874697,12.07729799018392,0.0,0.0,133.53812384131666,0.0,7.58016323317285,cal_final_2008-09-30
10259000,hbv_lite_cma,evaluation,0.321775,0.604278,-0.103357,-0.068126,-0.100169,13,explicit_euler_dt1,hbv,success,,28.04,0.9142,1.0900733377894762,7.341918546164074,0.0108990373511928,0.1930765797230404,93.94984627071337,2.549008300506109,0.8729065673028071,0.9899999988518444,0.1628659420255105,7.410948666527979,8.405295884737512,0.0077437339793188,1.1009948424970957,0.0,0.0,1.1505089054011244,0.0,14.646980165044573,cal_final_2008-09-30
10336645,hbv_lite_cma,evaluation,0.559294,0.719313,-0.079402,-0.250427,0.943933,13,explicit_euler_dt1,hbv,success,,35.26,0.6949,-0.4902217250856124,2.439740650231643,0.0480023881911563,0.1155525444029686,489.7513826082872,5.99986480258595,0.9786822848545882,0.9899996675603908,0.4263771297091774,44.56228512631297,17.29186852400632,0.0356149343244424,1.00033767984547,0.0,0.0,255.85038974320267,0.0,1.5707488520080746,cal_final_2008-09-30
10336660,hbv_lite_cma,evaluation,0.759594,0.617735,-0.253826,-0.277891,-0.327081,13,explicit_euler_dt1,hbv,success,,36.9,0.751,1.3899930694259934,2.669974242904155,0.0309223296188918,0.0163035320504818,105.72346670924838,2.823051507434356,0.9999286551111116,0.9899714980014082,0.0487151731807079,8.969047591615716,20.203726742902823,0.0642146945338893,1.0227460927333476,0.0,0.0,6.483474184104264,0.0,0.0334796407645078,cal_final_2008-09-30
10343500,hbv_lite_cma,evaluation,0.455859,0.195982,0.746006,0.19508,3.64249,13,explicit_euler_dt1,hbv,success,,33.79,0.5405,-0.9300011112774031,3.772709979765198,0.0927099760123027,0.1732626212973959,2499.999996879137,1.876856994660005,0.2853671539234458,0.6764491381829812,0.4666778539108656,93.8026963801618,23.08404666816564,0.017215914484485,1.539130433555948,0.0,0.0,1650.1877395533124,0.0,21.5475057891896,cal_final_2008-09-30
11124500,hbv_lite_cma,evaluation,0.577006,0.22375,0.748163,0.193121,,13,explicit_euler_dt1,hbv,success,,32.28,0.4002,2.290022818041677,13.962175258643706,2.7062398592829647e-05,0.1730034865716315,2499.999988627215,1.5974147128159724,0.2000000217992562,0.2445670115684944,0.2528504637713944,181.78804401093169,8.611832799709838,0.015378411358655,1.3918323139921958,0.0,0.0,993.830968121403,0.0,3.854745237465931,cal_final_2008-09-30
11141280,hbv_lite_cma,evaluation,0.477381,0.681936,-0.055411,-0.441433,3.682973,13,explicit_euler_dt1,hbv,success,,23.51,0.604,-2.1267809404044105,13.219563980976243,0.0219022061020058,0.0002009093413035,916.7280045852574,1.0020032372047498,0.2170311173452343,0.2515529658079278,0.4556663026938141,77.12257233189742,7.468383973650376,0.0003372711654042,1.0347037909647616,0.0,0.0,61.34519933518215,0.0,869.5744376900899,cal_final_2008-09-30
11143000,hbv_lite_cma,evaluation,0.843937,0.890628,-0.00353,-0.023149,-0.171714,13,explicit_euler_dt1,hbv,success,,28.69,0.7917,0.0996172514156761,10.404393295983212,0.0706110379136735,0.1431771237481459,1524.7276088422066,5.760509670253071,0.7549253464682246,0.0593180833931294,0.3728766903860706,3.7947964256769713e-07,11.439048637762832,0.0662277656324003,1.545144423670794,0.0,0.0,1106.4157945341678,0.0,0.0026327067204783,cal_final_2008-09-30
11148900,hbv_lite_cma,evaluation,0.742408,0.707498,0.010576,-0.054583,,13,explicit_euler_dt1,hbv,success,,25.76,0.7255,-2.040018722811081,6.746375487856007,0.0449965966763649,0.1015819714478911,193.27672016542104,1.3736957362754945,0.6395267218456251,0.9899999998813688,0.4999999580695913,1.59203578404149e-08,4.848213972751596,0.1659933969251585,1.161947651425478,0.0,0.0,3.1273537620487626,0.0,2.125270925776924e-08,cal_final_2008-09-30
11151300,hbv_lite_cma,evaluation,0.343494,0.229625,-0.270438,-0.33814,6.234585,13,explicit_euler_dt1,hbv,success,,21.94,0.3401,1.895365134354376,6.526807641723823,0.0712359924305206,0.1325347990807577,2499.9999999993547,1.967851505063172,0.2189757753098518,0.0618368545981861,0.4625365047559518,68.56535540792365,10.775456418794374,0.5,1.6561728778223856,0.0,0.0,191.2651827572516,0.0,3.454698351935535e-40,cal_final_2008-09-30
11176400,hbv_lite_cma,evaluation,0.377756,0.28049,-0.250781,-0.414521,,13,explicit_euler_dt1,hbv,success,,25.72,0.4438,2.499999927397845,10.798886695314934,1.837602944149108e-06,0.1999958646171836,2376.848866122861,2.658929794774519,0.582675124981785,0.7988914489806783,0.4822031020518349,199.5022179592981,19.481712008626253,0.4999999989273671,1.0874205070861152,0.0,0.0,873.3966791903699,0.0,1.5407403562489182e-49,cal_final_2008-09-30
11230500,hbv_lite_cma,evaluation,0.279282,0.334361,0.140243,-0.508701,9.450645,13,explicit_euler_dt1,hbv,success,,108.18,0.4806,-0.6099954178632461,6.160428317017242,0.0192382273735876,1.2291229673949708e-07,204.6417841075172,1.0024760533621544,0.966483652080082,0.0662038586052632,0.4111910263438543,97.69455337239468,29.99999997473576,0.0003453352752678,14.94420511426415,0.0,0.0,63.779733510900456,0.0,4866.366967908668,cal_final_2008-09-30
11237500,hbv_lite_cma,evaluation,0.6033,0.698737,0.170944,-0.040149,3.731941,13,explicit_euler_dt1,hbv,success,,123.42,0.845,1.489998633420308,4.349209066165656,0.0012570394320003,0.1999860380512114,682.364288140581,5.998162694297489,0.5892730764930654,0.8029357605635208,0.4999977590784546,65.76002576168227,26.747155489336343,0.0420319799553124,14.48340837859272,0.0,0.0,377.9735600965965,0.0,0.5715958845724598,cal_final_2008-09-30
11264500,hbv_lite_cma,evaluation,0.742403,0.845359,0.083984,0.020593,2.133425,13,explicit_euler_dt1,hbv,success,,37.8,0.8215,-2.2400139489148936,1.931379190483266,0.0393172430487821,0.0060253316582495,774.8939484287254,4.649705877971353,0.7811554711031097,0.6888415179070551,0.2026875643151091,66.12263574999326,13.632995383943786,0.0398595537407034,1.006712991778324,0.0,0.0,473.85865305438574,0.0,1.2357521415686563,cal_final_2008-09-30
11266500,hbv_lite_cma,evaluation,0.730566,0.829654,0.108563,0.016887,2.399335,13,explicit_euler_dt1,hbv,success,,38.59,0.8281,-1.3145495935668507,2.3869041987667003,0.0280390091214435,5.198110067550264e-06,367.828715561485,1.000249323645735,0.2030257496967197,0.0827570228619475,0.1474705201432185,12.827765259069537,13.27283153924834,0.0331212972162601,1.09952431788849,0.0,0.0,21.090606243418343,0.0,2.809467221078788,cal_final_2008-09-30
11284400,hbv_lite_cma,evaluation,0.609395,0.771642,0.103147,-0.217753,,13,explicit_euler_dt1,hbv,success,,27.73,0.7405,0.290235499509035,5.19488535204859,0.0708607431817349,0.1684335404800073,462.53165447778673,3.187330908227048,0.2000026136714967,0.8668136680268135,0.3036484237275135,26.717520348537644,8.376718342004278,0.0001000691187856,1.851187737298468,0.0,0.0,13.2628846802512,0.0,2301.443175514277,cal_final_2008-09-30
11381500,hbv_lite_cma,evaluation,0.723722,0.794744,0.13306,0.058861,0.107605,13,explicit_euler_dt1,hbv,success,,29.4,0.7824,-1.219469143649225,1.594752713794246,0.029789136699246,0.0628600239714247,964.1660755632192,1.00000179631462,0.3003269317402151,0.9899941268489124,0.2064952101320037,33.38393822037588,8.593090793465954,0.0129805719139018,1.996795577810352,0.0,0.0,207.9830933938897,0.0,17.53939865586944,cal_final_2008-09-30
11451100,hbv_lite_cma,evaluation,0.618577,0.711477,-0.0696,-0.191723,2.240478,13,explicit_euler_dt1,hbv,success,,28.0,0.7495,-1.289787231225617,14.99996338682538,0.0594924860033527,0.0547354225939428,179.0885558302892,1.0000000059834424,0.5797497620598877,0.7258845425324997,0.1390837380033296,30.207345019705954,5.088001997306312,0.0583549495598722,1.6520855054934986,0.0,0.0,6.875649715824566,0.0,0.0651946390740669,cal_final_2008-09-30
11468500,hbv_lite_cma,evaluation,0.805449,0.822446,0.073352,-0.02078,6.187645,13,explicit_euler_dt1,hbv,success,,26.29,0.8377,1.2099796916609535,0.910607257044941,0.0521343896035414,0.156600958988064,1081.4241154504505,5.99164967035622,0.9999967545354372,0.6568616392368749,0.144148730789387,50.18789509695842,2.2788774095565607,0.000134646695486,1.2707629076826432,0.0,0.0,763.2280637611287,0.0,2249.00597046857,cal_final_2008-09-30
11473900,hbv_lite_cma,evaluation,0.716962,0.401146,0.588451,0.209253,11.149217,13,explicit_euler_dt1,hbv,success,,28.19,0.6853,-0.0700001832441121,0.5000000001812733,0.0109528545398161,6.533705055148202e-10,2499.999999611093,2.15014279403724,0.2727117850926821,0.7405105280187626,0.4503956074067291,27.576254666305623,16.118461093898723,0.0408926190006784,1.2429595608545152,0.0,0.0,1786.52573852074,0.0,3.156825737299545,cal_final_2008-09-30
11475560,hbv_lite_cma,evaluation,0.806242,0.785417,0.028037,-0.054709,-0.170017,13,explicit_euler_dt1,hbv,success,,27.91,0.8392,0.7099987574629401,2.300667829760617,0.029089981042131,0.1999992883232828,1404.2039480009116,5.9999704512618965,0.3001849995538104,0.6629832947124372,0.2275791588176843,49.43377600868533,6.621054144229047,0.0860509479869074,1.2391708756665036,0.0,0.0,1041.6381949640795,0.0,0.2517013199348847,cal_final_2008-09-30
11476600,hbv_lite_cma,evaluation,0.807024,0.813067,0.03188,-0.068011,-0.778003,13,explicit_euler_dt1,hbv,success,,30.66,0.8633,2.4999999993088853,9.291228028471195,0.0749231795169719,9.145319971861062e-12,285.17377034142703,3.6771436086888825,0.2000000001325332,0.4518425070964295,0.21746027168915,55.28625920339342,6.195005522019069,0.0960735897453017,1.969973424344547,0.0,0.0,17.328092582993328,0.0,0.0003035163914303,cal_final_2008-09-30
11478500,hbv_lite_cma,evaluation,0.725803,0.7856,0.010615,-0.100279,-0.616818,13,explicit_euler_dt1,hbv,success,,27.87,0.795,0.7300002807072432,5.708151481782661,0.001039065361425,5.5948869331142126e-08,146.17584570456836,2.7675938567219904,0.9999997870478952,0.7464012412547915,0.2859099593743167,35.20406035415697,5.553253170675457,0.0911072484829439,1.1837421121647822,0.0,0.0,19.998295791734428,0.0,0.0025821420911918,cal_final_2008-09-30
11480390,hbv_lite_cma,evaluation,0.712044,0.485885,0.498035,0.179352,267.674101,13,explicit_euler_dt1,hbv,success,,27.92,0.7614,-0.7199989468807946,6.322606497604343,0.0676832921373128,4.449705109728054e-09,2499.9994844734774,5.5586514317462825,0.2730624424634436,0.9364306671261722,0.4313649965737611,54.556603465213286,15.479530471660052,0.0725862373779626,1.9576038722223064,0.0,0.0,2047.26872321444,0.0,0.3721356507213711,cal_final_2008-09-30
11481200,hbv_lite_cma,evaluation,0.77492,0.79113,0.10357,-0.030015,0.258018,13,explicit_euler_dt1,hbv,success,,26.32,0.8334,-1.2239221660434698,14.25617183951979,0.094994077676795,0.037644849087314,497.3519876748798,1.0000000000028897,0.2515423029181516,0.9899999999999988,0.2609279950369517,30.797285520529684,5.804997092345877,0.0670685566093202,1.118623044603064,0.0,0.0,126.7013430283097,0.0,0.3402362517310062,cal_final_2008-09-30
11482500,hbv_lite_cma,evaluation,0.83755,0.83663,0.129412,0.034547,0.25101,13,explicit_euler_dt1,hbv,success,,27.63,0.8515,0.7600010017612924,8.2137723562771,0.0014944188174881,4.994120130170029e-07,832.9186030831262,5.992215268983985,0.8807292473860169,0.3751114867632029,0.1929624745461558,29.76036600373549,7.834900036233197,0.0768414439701324,1.0015098599038403,0.0,0.0,539.4024137500402,0.0,0.0822314835482808,cal_final_2008-09-30
11522500,hbv_lite_cma,evaluation,0.769973,0.789748,0.031256,-0.130646,1.128512,13,explicit_euler_dt1,hbv,success,,30.78,0.7857,-1.18999999428749,1.74886678056291,0.0442736673805266,3.986267169468147e-06,107.39518314904842,1.0000208855812691,0.9999999270884528,0.6517183160299624,0.1733312917562094,99.85737487599864,9.169579487712824,0.0174347418614518,1.0969067544244953,0.0,0.0,5.022185381815527,0.0,13.839807061966372,cal_final_2008-09-30
11523200,hbv_lite_cma,evaluation,0.706107,0.825507,0.073637,-0.063991,0.100405,13,explicit_euler_dt1,hbv,success,,39.8,0.7692,0.7999929939416965,2.387730410764673,0.0016503343931165,1.524527293472859e-07,115.50202195111255,1.1056383267220955,0.9999997328976756,0.9899999933718296,0.2283209456816851,91.69709877031482,11.406356752240544,0.0317670766533524,1.8266988322662303,0.0,0.0,8.284471687241481,0.0,3.306762988310769,cal_final_2008-09-30
11528700,hbv_lite_cma,evaluation,0.719075,0.571346,0.398902,0.08362,1.728359,13,explicit_euler_dt1,hbv,success,,28.99,0.7975,-0.3500000064027726,2.5956656255430204,0.0900739331685119,1.0374429948322666e-08,875.5286039653731,1.0000042993505034,0.3046055706809761,0.5445514461643086,0.3030944957753418,42.14158860845074,12.522519112546492,0.0367137058732578,1.8286569337894063,0.0,0.0,261.8776371630179,0.0,0.5193383339104951,cal_final_2008-09-30
11532500,hbv_lite_cma,evaluation,0.840162,0.86866,0.101422,0.00266,-0.090592,13,explicit_euler_dt1,hbv,success,,27.96,0.8825,-0.0299999211597019,6.718823904528636,0.0669900023708908,1.8894170983849946e-08,498.4873628552514,2.211325850763703,0.9875636332323504,0.9899999663471548,0.2805158977514119,52.75431765373536,11.510324743541386,0.0509642352934638,1.060599022289216,0.0,0.0,278.03548649019,0.0,0.9150976767341163,cal_final_2008-09-30
12010000,hbv_lite_cma,evaluation,0.852557,0.82335,-0.000606,-0.065579,-0.318707,13,explicit_euler_dt1,hbv,success,,35.98,0.8617,-0.9600589036113772,13.036631653541573,0.0276096883606548,0.1999904868103831,120.04156964388456,3.126849983480005,0.2017760651389513,0.5161203472853204,0.1845868067523157,58.310617488878336,5.37203640242164,0.0501979880901193,2.7074031125627043,0.0,0.0,96.37074790361106,0.0,16.94230143069345,cal_final_2008-09-30
12013500,hbv_lite_cma,evaluation,0.819687,0.773974,0.204643,0.147167,4.481729,13,explicit_euler_dt1,hbv,success,,40.99,0.8157,-1.235688377411902,8.989800429162978,0.0392025907364155,0.0528167776948984,350.1939432644043,3.925591099333384,0.5129099693896195,0.5367224741719561,0.2428800089874177,67.0799053979229,5.093672886588816,0.000140163922438,3.6887819878521166,0.0,0.0,287.93913680194095,0.0,7122.777801116062,cal_final_2008-09-30
12020000,hbv_lite_cma,evaluation,0.77607,0.800351,0.093205,-0.009494,-0.45945,13,explicit_euler_dt1,hbv,success,,27.98,0.4749,-0.2399931980262981,10.500574188029692,0.080232255247623,0.170671423907195,152.8424437292531,2.739949746235723,0.2000012640600007,0.9899999885606028,0.3993970530286707,43.89655647605453,7.23604234519057,0.1201818658066719,1.7164545804212743,0.0,0.0,93.22169580713016,0.0,2.7119980055846167,cal_final_2008-09-30
12025700,hbv_lite_cma,evaluation,0.837036,0.884733,-0.001568,-0.065565,-0.313235,13,explicit_euler_dt1,hbv,success,,27.68,0.8313,-2.429999799212514,14.999999818703207,0.0739307676800337,2.9428835019616243e-10,689.4310915215603,5.632175340919526,0.9248839658531988,0.9899999851635032,0.3932407312334341,37.20281424665073,7.547936697332707,0.1009456178507074,1.0153696584996106,0.0,0.0,548.2241949906146,0.0,1.6739974248613032,cal_final_2008-09-30
12035000,hbv_lite_cma,evaluation,0.836651,0.799123,-0.069299,-0.121569,-0.305304,13,explicit_euler_dt1,hbv,success,,30.66,0.8743,0.7299978710229933,10.86669945384274,0.0150630641520303,2.297270614718425e-06,200.7187146321453,1.000015523360222,0.6041147498742119,0.8334294205636804,0.2353649530153073,72.4480233191949,7.677022795570238,0.0820035209932493,1.0236074774142194,0.0,0.0,97.47249668436687,0.0,7.779837090922527,cal_final_2008-09-30
12040500,hbv_lite_cma,evaluation,0.756091,0.675939,-0.149691,-0.191798,-0.282847,13,explicit_euler_dt1,hbv,success,,27.67,0.8083,-2.4999999930949404,13.192985154458222,0.0228401686249159,0.1999999966416559,72.88069382389682,1.0000000168073924,0.999999999433396,0.9899999999985588,0.2833536155879637,45.4708444828256,4.419315626477498,0.0540090675629715,1.7877929297833075,0.0,0.0,56.41376032059033,0.0,28.20707572626633,cal_final_2008-09-30
12041200,hbv_lite_cma,evaluation,0.641669,0.815443,-0.035875,0.01299,-0.290653,13,explicit_euler_dt1,hbv,success,,27.46,0.7423,-0.9900002506742704,0.5867175595679127,0.0999679154447996,3.216609458031254e-09,2477.1751542419256,1.0000000797924444,0.9999999984896224,0.9899999981618738,0.3838633357047102,38.20954207217019,10.605809830249388,0.0573797193795031,1.0043026297473994,0.0,0.0,2223.620668280013,0.0,43.14188793794154,cal_final_2008-09-30
12048000,hbv_lite_cma,evaluation,0.0634,0.014771,-0.008223,-0.518353,2.457082,13,explicit_euler_dt1,hbv,success,,44.74,0.1819,1.840314695273178,0.500007147485728,0.0755659287272637,1.5257479226712378e-08,186.4788002854714,1.000018487423276,0.6566864776969032,0.3749114762484748,0.2554870426186287,190.84798736184143,23.223622848895907,0.0019778759430334,1.8667005747019387,9522.852109447447,0.0001452947182389,140.60324734472266,0.0,1076.0858052523329,cal_final_2008-09-30
12054000,hbv_lite_cma,evaluation,0.597805,0.797235,-0.049233,-0.159383,0.458664,13,explicit_euler_dt1,hbv,success,,28.33,0.6492,-1.9600005209841456,2.3839083358924125,0.0209437465094519,0.0083136570255434,50.00007358083584,3.1223431241283075,0.9999999556614568,0.8988542482241935,0.4972204846313297,2.326395978222989e-05,18.09736312791775,0.0143886905718054,1.0000015918203276,0.0,0.0,38.08157942061325,0.0,157.76963211701957,cal_final_2008-09-30
12056500,hbv_lite_cma,evaluation,0.671314,0.835305,0.004135,-0.096607,0.651103,13,explicit_euler_dt1,hbv,success,,28.41,0.5976,-1.820168912609008,2.34663957532484,0.0063374137757011,9.809620096039702e-08,2453.8700783568124,1.0000040643984307,0.5535612132929961,0.9899996842827096,0.4936808958126896,34.893058317824135,16.211236284806347,0.0230515671529384,1.6925353628971185,0.0,0.0,2149.5134265867746,0.0,118.83513213028633,cal_final_2008-09-30
12073500,hbv_lite_cma,evaluation,0.756436,0.684076,0.26097,-0.032568,1.536115,13,explicit_euler_dt1,hbv,success,,28.37,0.8208,-2.12921621247246,1.1199741775674708,0.0238281029370726,2.57642904372108e-06,405.3244383639778,2.131909244618972,0.4612928656878212,0.9899340244083008,0.1705886051025271,50.83446863767372,5.726029231702931,0.0004202968828542,1.827766988916367,0.0,0.0,194.23296544254,0.0,3106.30178256466,cal_final_2008-09-30
12082500,hbv_lite_cma,evaluation,0.691946,0.78553,0.128662,-0.063212,0.701277,13,explicit_euler_dt1,hbv,success,,30.71,0.6928,-1.9299980539639745,2.2005123916821123,0.0894872932965317,2.910949918610645e-08,2358.291635912569,5.999873363339903,0.2093119478451392,0.989999711629111,0.2579777323892027,69.21675400052602,15.680604035198517,0.0084926867870509,1.056450190178333,0.0,0.0,2209.8693592847258,0.0,451.2684289846993,cal_final_2008-09-30
12092000,hbv_lite_cma,evaluation,0.458416,0.676461,0.217899,-0.087698,1.195455,13,explicit_euler_dt1,hbv,success,,30.13,0.5538,-2.430008990393969,2.1166624431844068,0.099964030011526,0.0412491948333292,801.9513699845096,1.000531674138323,0.6303937460686533,0.5732460976847975,0.2837143094754396,57.42537297487542,18.65602532733513,0.0037082622806395,1.252162267037184,0.0,0.0,616.2796951732159,0.0,1286.2112328981752,cal_final_2008-09-30
12114500,hbv_lite_cma,evaluation,0.673862,0.682444,-0.023624,-0.234026,0.958966,13,explicit_euler_dt1,hbv,success,,28.52,0.7304,0.0699988291376452,2.800458018152657,0.021075564696625,3.8298556171582716e-10,2443.130766724668,4.220097753981007,0.2132840457829903,0.9899997837074652,0.4134200824437196,42.76555195443434,17.619685724545,0.0328833946995386,1.96000411922186,0.0,0.0,2296.985222464791,0.0,65.61640308804877,cal_final_2008-09-30
12115000,hbv_lite_cma,evaluation,0.683245,0.681235,-0.020636,-0.215499,0.890574,13,explicit_euler_dt1,hbv,success,,28.19,0.7635,0.0888222739915471,2.351221976498832,0.0250817883535222,1.632929823199925e-07,2027.6442995784807,5.400819838687005,0.2598596364406386,0.9899955894223414,0.3696790454718254,40.75870564478248,14.7996985709936,0.032512412732005,1.5600650355884025,0.0,0.0,1910.7501914554605,0.0,68.13980076427707,cal_final_2008-09-30
12117000,hbv_lite_cma,evaluation,0.799683,0.820124,0.015685,-0.143552,0.212484,13,explicit_euler_dt1,hbv,success,,28.37,0.8511,0.3400006472169323,1.0613288565952672,0.0182037013173293,5.353831945423855e-09,1993.151676800363,5.999995587792055,0.8102116409305782,0.7433928454199215,0.3075285094730774,48.06989184721747,13.744230485338992,0.0319358516589455,1.348803326477226,0.0,0.0,1876.0831134658304,0.0,73.93578782185027,cal_final_2008-09-30
12143600,hbv_lite_cma,evaluation,0.699798,0.733222,-0.042094,-0.218179,0.541422,13,explicit_euler_dt1,hbv,success,,28.19,0.7386,0.4000005366698462,3.263007745081969,0.0006349730294442,5.595367297669713e-09,50.00000127104399,5.999999546005945,0.2659511809506173,0.9899999409057604,0.4040541225351524,34.73389813970741,16.801523400132133,0.0213601515973029,1.0002406428671995,0.0,0.0,45.57272267362541,0.0,125.78158402660767,cal_final_2008-09-30
12144000,hbv_lite_cma,evaluation,0.716783,0.776584,-0.04594,-0.185825,0.302022,13,explicit_euler_dt1,hbv,success,,28.24,0.7536,0.2599866767314691,1.9599468609327293,0.0635224152738346,1.0596742390620242e-06,550.4131253138709,1.0000034133566842,0.9999867173788692,0.9899886737988722,0.3361883038885717,43.782004009347936,13.548624242842418,0.0248872389923188,1.009112330849882,0.0,0.0,442.97933340358577,0.0,122.1746632157551,cal_final_2008-09-30
12145500,hbv_lite_cma,evaluation,0.843271,0.79507,0.071624,-0.07184,0.250677,13,explicit_euler_dt1,hbv,success,,27.7,0.8867,-1.2200003743147034,0.6156438271302899,8.193122130443222e-05,2.979019756192018e-09,178.50838591766248,1.1193448777551631,0.2000000007421808,0.9899999951640718,0.2569949630788369,36.5735738362928,4.534092371850717,0.0669082996579862,1.6467558068138055,0.0,0.0,102.6281992964356,0.0,17.795833740589373,cal_final_2008-09-30
12147500,hbv_lite_cma,evaluation,0.68614,0.636112,-0.265365,-0.265276,-0.336849,13,explicit_euler_dt1,hbv,success,,25.16,0.6615,0.2398793925486666,0.9915708455963244,0.030244729058558,0.0057672537502916,50.02786044368157,1.0001101813184547,0.9999993494562996,0.9899848759012134,0.499904809165201,13.468410558491788,8.530145542794768,0.0429343164616422,1.4402169221482737,0.0,0.0,41.2827531658272,0.0,52.373415841936286,cal_final_2008-09-30
12167000,hbv_lite_cma,evaluation,0.623536,0.552479,-0.198132,-0.311651,0.073352,13,explicit_euler_dt1,hbv,success,,27.67,0.6828,-1.0100001017526472,0.5608127718596265,0.0360396077144253,0.0007427203485362,50.00002167791573,1.0000004409257404,0.9999999610565772,0.6729310385392672,0.2728633213677302,42.47387387922765,6.031224230538106,0.0284763885208974,1.9830042749294208,0.0,0.0,34.0490051731029,0.0,46.311246503888704,cal_final_2008-09-30
12175500,hbv_lite_cma,evaluation,0.528162,0.712687,-0.000803,-0.197324,0.890675,13,explicit_euler_dt1,hbv,success,,33.84,0.6078,-2.470023447301886,2.3061669960870823,0.0522818687801512,0.0059696733760673,210.59097248284243,1.0763330683937524,0.7606939171694458,0.915170067631957,0.2048983582497742,66.2227488838668,21.68101039047687,0.0122172362561632,1.0256700732465451,0.0,0.0,137.8721518283415,0.0,383.86056946499633,cal_final_2008-09-30
12178100,hbv_lite_cma,evaluation,0.514298,0.713058,-0.032854,-0.182449,0.516784,13,explicit_euler_dt1,hbv,success,,28.87,0.6182,-2.4600014892626567,1.7147622150344497,0.0984190589917232,2.440441052766161e-09,1392.6207244748164,1.000000032587064,0.9999999959633954,0.98999998532822,0.4999914781782239,82.67762730128769,14.940593015169576,0.0216952535141755,1.9434741686800057,0.0,0.0,1184.188592480462,0.0,157.41620605002936,cal_final_2008-09-30
12186000,hbv_lite_cma,evaluation,0.584947,0.75576,-0.108372,-0.165851,0.240784,13,explicit_euler_dt1,hbv,success,,28.92,0.5867,-1.1400020353356113,1.6375706579675555,0.0211080927418007,2.8179844783729935e-07,50.000493610401605,1.000014372028971,0.9999888302601152,0.9899999975291404,0.3463684319290211,10.946814943043204,12.343114045601778,0.0247548480963924,1.6058950198569528,0.0,0.0,36.86078143091757,0.0,101.4501951259793,cal_final_2008-09-30
12189500,hbv_lite_cma,evaluation,0.427749,0.677052,-0.013061,-0.187357,0.416302,13,explicit_euler_dt1,hbv,success,,29.36,0.6274,-1.710005047605033,1.3860065756430917,0.0903530308053615,7.571299645116796e-07,1983.7823873573595,1.0000514423332156,0.3182792733542355,0.5452153747660452,0.1534130021392753,2.496740372084104e-07,15.99072003383988,0.0214242634124469,1.700828877937494,0.0,0.0,1635.9519940827445,0.0,139.36697732887043,cal_final_2008-09-30
12375900,hbv_lite_cma,evaluation,0.396934,0.535384,0.242542,0.279281,-0.571361,13,explicit_euler_dt1,hbv,success,,56.05,0.7688,0.7521497189064612,2.187959908286732,0.0328226580975515,0.004836355373799,2499.99983725785,1.0000008838562011,0.3105516453029485,0.2575902074038126,0.29062240508837,143.0877738357245,11.118352426270638,0.0323963943165111,4.010737788502399,0.0,0.0,1816.2586210768209,0.0,68.0946383667111,cal_final_2008-09-30
12377150,hbv_lite_cma,evaluation,0.749539,0.813936,-0.143391,-0.084315,-0.756644,13,explicit_euler_dt1,hbv,success,,42.32,0.8074,1.9691988752603624,2.986747811551284,0.0807195767821785,0.0329553182295865,63.478979456546696,1.0014986242501245,0.9999834778100664,0.054028017790359,0.375313291368011,8.330218743125501,18.89019339976031,0.0280725724517475,2.021220904840559,0.0,0.0,45.04632939364445,0.0,78.57096950097568,cal_final_2008-09-30
12381400,hbv_lite_cma,evaluation,-0.552853,-0.383965,1.23876,0.729718,1.310526,13,explicit_euler_dt1,hbv,success,,45.91,0.6126,0.7199999845860816,2.5741507325354016,0.0635422457960512,5.81682493552103e-10,2499.999992144773,1.397575055148801,0.2828176634035288,0.65376069663389,0.0528841621489205,140.97392883937607,10.773493909802436,0.0213256944801054,1.5867132380403262,0.0,0.0,1797.7082728718392,0.0,71.74612147324952,cal_final_2008-09-30
12383500,hbv_lite_cma,evaluation,0.15963,0.397712,0.293373,0.35399,-0.295751,13,explicit_euler_dt1,hbv,success,,45.8,0.7349,2.4099991303756205,1.9764836854197008,0.0999937411998421,0.1013097632971645,2499.999693825375,1.000001808597438,0.5309200467954254,0.7008103757659692,0.1908087667352255,85.22037758879344,14.64785301299677,0.0154385000682087,3.651609722981188,0.0,0.0,1525.4432577697703,0.0,113.51694274747452,cal_final_2008-09-30
12390700,hbv_lite_cma,evaluation,0.189907,0.208865,0.750703,0.063347,4.532008,13,explicit_euler_dt1,hbv,success,,67.49,0.5665,-0.840000001179205,2.167795467267305,0.0220629203323526,0.0134099357359527,2499.999944678834,1.493823564241414,0.2338169945380595,0.9887497657141072,0.1347596987698966,199.94045346681543,11.058241431986795,0.0231995179361219,1.612004950430015,0.0,0.0,1801.6815331316056,0.0,55.827076192052246,cal_final_2008-09-30
12411000,hbv_lite_cma,evaluation,0.602031,0.683643,0.258065,0.009474,1.028731,13,explicit_euler_dt1,hbv,success,,42.53,0.6825,-0.879999979899829,2.280807248555547,0.0020496068426337,3.835568852822694e-12,345.4777633390735,5.99998560006766,0.4386508929875023,0.2737009872732889,0.4716813469585851,71.38212363103429,12.03566739331733,0.0347038100654133,3.7159307211191095,0.0,0.0,249.12860764932844,0.0,7.755397181677016,cal_final_2008-09-30
12447390,hbv_lite_cma,evaluation,0.546424,0.563899,0.297203,-0.161065,1.208164,13,explicit_euler_dt1,hbv,success,,75.07,0.4967,-2.0800001262615586,6.23156920018153,0.0701878623536952,1.0105856720714084e-10,2499.999999826823,1.0000000000379776,0.2742709747545983,0.7122261734421508,0.1806393194895375,194.495152188638,29.17879251039261,0.0203024637996113,1.9981301649568908,0.0,0.0,1801.3898006759975,0.0,62.49737632361501,cal_final_2008-09-30
12451000,hbv_lite_cma,evaluation,0.63436,0.814075,0.042358,-0.018436,0.357889,13,explicit_euler_dt1,hbv,success,,37.04,0.7607,-2.499941128250992,2.964067710212581,0.0739796858534072,1.989946666792997e-07,1978.197340670288,5.531708629542393,0.767321816269654,0.9899965835440652,0.4993525559736436,0.0007202205713777,29.993068353730205,0.0203644299872927,2.066806023515901,0.0,0.0,1795.6718098501908,0.0,100.54751516174852,cal_final_2008-09-30
12488500,hbv_lite_cma,evaluation,0.553152,0.583486,0.295158,-0.120273,4.329421,13,explicit_euler_dt1,hbv,success,,67.53,0.5127,-0.5599971834734883,2.847849017980648,0.0979776368642236,3.6010654742470184e-08,589.3318032390273,2.711504244559781,0.5482169384460911,0.989999021132436,0.4511224891326252,1.835590676732255e-06,14.53659749257736,0.0003684502953258,14.057161715063062,0.0,0.0,449.29255773309984,0.0,5839.143838104892,cal_final_2008-09-30
13011500,hbv_lite_cma,evaluation,0.742599,0.68484,0.262726,0.115619,0.303889,13,explicit_euler_dt1,hbv,success,,35.91,0.853,-0.9402091189796922,3.375779758437945,0.012145190434668,0.0268701997169015,2499.998736493457,1.089230303720942,0.2342129231709093,0.0841612112362689,0.4999967696111358,194.5388947169852,12.805721834866612,0.0525167272705017,1.8201809746438296,0.0,0.0,1685.851408326287,0.0,10.022364555390524,cal_final_2008-09-30
13011900,hbv_lite_cma,evaluation,0.521847,0.414263,0.491201,0.340656,-0.259702,13,explicit_euler_dt1,hbv,success,,47.17,0.7924,-2.4000002001087566,1.471168700125392,0.0101202726831709,4.69175129936004e-11,2499.999943258427,1.0000001014744733,0.2755172749787267,0.7641588431365952,0.2732434548603318,161.74701236058135,7.409933217787294,0.0340746998492887,1.186851988926336,0.0,0.0,1711.7582146079728,0.0,28.42272912969443,cal_final_2008-09-30
13018300,hbv_lite_cma,evaluation,0.494683,0.631554,0.292809,-0.081888,2.49334,13,explicit_euler_dt1,hbv,success,,114.77,0.5855,1.5795876854294049,2.473909994228148,0.0946506695421216,0.0127869020262481,2495.914784599828,1.001794195381113,0.4950616441982867,0.2220548489218286,0.4984986520780167,0.0054340146351015,8.279208442488374,0.0004307632593142,14.729875570569918,0.0,0.0,1486.7397622628996,0.0,2139.4011371279325,cal_final_2008-09-30
13023000,hbv_lite_cma,evaluation,0.408467,0.475898,0.481693,0.034321,1.262761,13,explicit_euler_dt1,hbv,success,,88.35,0.3841,-2.4999999998992464,5.228593494851034,0.0899587392413343,1.1124187651828673e-13,2499.9999999996544,1.1350847378078432,0.2717159598874153,0.8011958912622253,0.0366313491560931,78.47853736657228,19.16865562234372,0.0109617728468424,1.361347667623768,0.0,0.0,1742.1016688710265,0.0,156.12459187991277,cal_final_2008-09-30
13161500,hbv_lite_cma,evaluation,0.531838,0.650976,0.259946,0.089744,1.057874,13,explicit_euler_dt1,hbv,success,,90.62,0.8268,-0.389999875548189,3.336863363028716,0.0003594535980121,2.496723430483816e-11,927.9396306444936,2.130530155104796,0.3415438401066504,0.7125780153900524,0.1920227793000266,199.6389660440948,13.721207863604004,0.0426315532894749,1.764962527177805,0.0,0.0,260.0067213952842,0.0,0.4213910645710245,cal_final_2008-09-30
13235000,hbv_lite_cma,evaluation,0.583409,0.602644,0.032818,0.194327,-0.44343,13,explicit_euler_dt1,hbv,success,,59.85,0.7204,1.180000196276405,5.879892594219045,0.0280977860944647,5.838157341679689e-10,2499.999956644383,1.0000000040161194,0.9999999427164208,0.432715019639858,0.0653260420249198,123.45389860099507,18.237775066750043,0.0273645163554844,1.449080005719542,0.0,0.0,1564.52770739189,0.0,19.548949724756422,cal_final_2008-09-30
13240000,hbv_lite_cma,evaluation,0.7875,0.871057,0.032998,-0.00948,0.69704,13,explicit_euler_dt1,hbv,success,,38.45,0.8565,-0.3299999818153365,3.905986215763179,0.0603596377780506,4.5366716075017315e-09,1869.812996852532,1.000000004127928,0.7271744070061703,0.5618257516700386,0.4999999848228126,137.94581530213966,21.634172492231624,0.0575379563938645,1.890396401668164,0.0,0.0,1335.5068028845585,0.0,15.331093092197118,cal_final_2008-09-30
13313000,hbv_lite_cma,evaluation,0.370323,0.246339,0.536932,0.452591,0.535253,13,explicit_euler_dt1,hbv,success,,39.79,0.8082,-0.880000147053813,2.8961376167165818,0.0567517266372592,0.0041234924076775,2499.99998920968,1.0000000138536185,0.2539441342883811,0.8304125463448647,0.3389033606812935,129.84172157265812,12.285548971768414,0.0370838266885974,1.0810205235122845,0.0,0.0,1570.4177132949546,0.0,19.20923504164902,cal_final_2008-09-30
13331500,hbv_lite_cma,evaluation,0.607534,0.661068,0.165609,0.197727,0.676443,13,explicit_euler_dt1,hbv,success,,38.62,0.8217,0.8899999950458009,1.235095703236472,5.104989923377253e-05,2.829699375609157e-10,1448.2352986507117,1.0000000038572308,0.9935592704375232,0.5430631107285827,0.2681565970268466,73.06100342376503,7.547935410706605,0.0548718344241446,1.000196272036329,0.0,0.0,955.7971964648162,0.0,14.20405630586358,cal_final_2008-09-30
14020000,hbv_lite_cma,evaluation,0.427098,0.679921,0.074271,-0.116357,-0.313464,13,explicit_euler_dt1,hbv,success,,30.31,0.558,0.0499519503285892,0.5000022130752365,0.0996442915832049,0.0073758546052293,78.52534971697607,1.000088051417558,0.9999980950932136,0.5568081614663866,0.195227182736357,172.89344090689212,2.1451537451758727,0.0562529645367065,1.4573848398671942,0.0,0.0,16.81404919062552,0.0,1.2543810582201202,cal_final_2008-09-30
14096850,hbv_lite_cma,evaluation,0.499292,0.400279,0.329702,-0.263613,1.793807,13,explicit_euler_dt1,hbv,success,,51.93,0.5522,-1.104172033741653,0.807742255609682,0.0803287916267663,0.0185550776243526,200.698830330997,3.837087914101561,0.3983265375305271,0.3238078833654024,0.1309037201212177,125.27772379468942,6.221754508481622,0.0002673982990036,1.4499907411808932,0.0,0.0,32.33424328579497,0.0,2275.0123977198264,cal_final_2008-09-30
14137000,hbv_lite_cma,evaluation,0.797614,0.783693,0.016641,-0.135915,0.248042,13,explicit_euler_dt1,hbv,success,,28.91,0.7988,-1.4600088396163828,1.0681726446659328,0.0226727975802904,1.1903998759959849e-05,662.1602179176767,1.000463027600797,0.5909802491188887,0.7867424542240082,0.2131901682835527,59.80191278627511,8.378927752262008,0.0207901776218361,1.9855056935891635,0.0,0.0,460.40793983605954,0.0,79.92112238244688,cal_final_2008-09-30
14138800,hbv_lite_cma,evaluation,0.687991,0.722401,-0.023255,-0.220166,1.028252,13,explicit_euler_dt1,hbv,success,,27.69,0.7252,-0.9400705924428332,1.6183882142735972,0.099989126107381,0.1784973345580832,77.40137170444858,5.957697303440344,0.3098017210091629,0.9899922616619564,0.4255408515310666,24.63857631974266,8.688861209274059,0.0272624643302114,1.6218056346727008,0.0,0.0,62.68691486069283,0.0,19.91551617352233,cal_final_2008-09-30
14138870,hbv_lite_cma,evaluation,0.763516,0.828521,-0.026256,-0.151882,0.922492,13,explicit_euler_dt1,hbv,success,,27.82,0.7994,-0.3600042476404774,1.2729823606837756,0.0428599207955646,8.152052309400692e-09,783.5573223347677,1.0000296664432544,0.3764160048640549,0.9899995172769764,0.3542876684297395,23.566158554755063,7.165950830029563,0.0395936084303308,1.507304279971867,0.0,0.0,586.574921219335,0.0,40.57710968455811,cal_final_2008-09-30
14138900,hbv_lite_cma,evaluation,0.658288,0.712619,-0.147044,-0.178451,-0.40554,13,explicit_euler_dt1,hbv,success,,28.09,0.7221,-0.4700219524727385,0.5875170963346852,0.0925994819234523,0.199989607336172,261.7312284546414,1.0000020666941751,0.9999970998111644,0.9899972080982682,0.3526052271937301,28.544297554761734,5.326719654417176,0.0475392456299223,1.9806976520869888,0.0,0.0,162.57101753274523,0.0,20.658475793081426,cal_final_2008-09-30
14139800,hbv_lite_cma,evaluation,0.793968,0.798577,-0.105914,-0.137928,-0.118548,13,explicit_euler_dt1,hbv,success,,27.86,0.8034,0.0499982564667744,1.0025228915323403,0.0168383681252414,2.8205829244557854e-08,189.54026005539689,1.0000021586588448,0.9999954842661876,0.9899998306445064,0.354631474799596,30.53011370435509,5.760816261160379,0.0555437721257104,1.8494434155587207,0.0,0.0,119.3556622615937,0.0,23.951702593523304,cal_final_2008-09-30
14141500,hbv_lite_cma,evaluation,0.809333,0.867961,0.018785,-0.091429,0.482445,13,explicit_euler_dt1,hbv,success,,28.0,0.803,0.4299361756258708,0.9585991703792424,0.033417280365049,1.768052771932704e-07,688.146597057083,1.0004602227276451,0.5906291084896103,0.989990701733548,0.3970969441578216,29.33899500960284,7.648669928632158,0.0472643374909112,1.8342462992511528,0.0,0.0,491.7501033118213,0.0,35.06691294972348,cal_final_2008-09-30
14154500,hbv_lite_cma,evaluation,0.725278,0.636114,0.303279,-0.09561,4.757848,13,explicit_euler_dt1,hbv,success,,27.95,0.7399,-1.1363075322698488,0.546919523310633,0.0106967742641859,2.104963001213287e-08,2499.997181668116,1.0364228026784177,0.2791307498940422,0.8204701626278966,0.2348840097391233,32.96560994822349,5.803053459189005,0.0356216206059384,1.5978974950091236,0.0,0.0,1849.9749049720224,0.0,8.930724394234202,cal_final_2008-09-30
14158790,hbv_lite_cma,evaluation,0.719308,0.762921,-0.050315,-0.21228,0.27289,13,explicit_euler_dt1,hbv,success,,28.92,0.6984,-1.6301867155813827,1.546531381151481,0.087145705891732,0.0002869265762799,274.25055946319867,3.202603753773395,0.685447316903094,0.95359660085548,0.4807689352732502,51.77199332558936,12.63974216794226,0.0442468896262832,1.008264473320445,0.0,0.0,134.5568135394409,0.0,3.806709892705419,cal_final_2008-09-30
14166500,hbv_lite_cma,evaluation,0.804298,0.748733,0.230528,0.110953,-0.657285,13,explicit_euler_dt1,hbv,success,,40.86,0.8773,0.7297675386321405,3.915955061401044,0.0923491328881242,0.0252681892530623,254.90035584853007,1.7624649908812438,0.2004118779673298,0.5594736348247121,0.216732622565793,17.2669722520039,5.4046112792198215,0.0718724823158198,3.9602087095060248,0.0,0.0,16.886324383097843,0.0,0.0579756572074836,cal_final_2008-09-30
14182500,hbv_lite_cma,evaluation,0.727426,0.69692,-0.056507,-0.166063,0.536996,13,explicit_euler_dt1,hbv,success,,27.74,0.7616,-0.7800002082399307,1.1751145528114963,0.0993080926803209,3.064263484158316e-09,90.86477812143292,1.0000016652011414,0.9999999890191148,0.9899999923096238,0.335422218031794,46.37337164814771,7.256796899635714,0.0481420781292448,1.8166896866129223,0.0,0.0,39.94850567781487,0.0,8.35446607686899,cal_final_2008-09-30
14185000,hbv_lite_cma,evaluation,0.790691,0.734937,0.218069,-0.019866,1.448333,13,explicit_euler_dt1,hbv,success,,28.0,0.7816,-2.070000150192387,0.5053629461927933,0.0062431821406531,1.826279212424923e-08,2499.99809705951,5.999998705085701,0.2952294624669563,0.7944718136818019,0.4345783234847002,63.24657928188721,11.411101036732134,0.0552309290351339,1.6698806674824378,0.0,0.0,2281.947199363121,0.0,7.83474254184958,cal_final_2008-09-30
14185900,hbv_lite_cma,evaluation,0.811701,0.772687,-0.102044,-0.203509,-0.231791,13,explicit_euler_dt1,hbv,success,,27.74,0.7992,-0.7699998732654947,1.9695302629345888,0.0038841457216243,1.0641313025014644e-09,315.17386468258485,3.897149703812578,0.9999999999956164,0.9899999994567495,0.48251905397461,33.29064589173769,9.180885663207722,0.0922863040366971,1.0689254784813589,0.0,0.0,205.6634713233092,0.0,1.2839744944821505,cal_final_2008-09-30
14187000,hbv_lite_cma,evaluation,0.814499,0.728451,0.227393,-0.013242,2.0324,13,explicit_euler_dt1,hbv,success,,28.11,0.802,-1.9500756140499305,0.5000213743780262,0.0233033542405743,0.0544802684303965,1318.9446688119872,5.9755868693961895,0.3943098344537192,0.2983079970887282,0.203821643176108,25.70428778178834,6.600584399876452,0.0515023123564375,1.5294952468219103,0.0,0.0,1103.4244531280783,0.0,5.501803816941334,cal_final_2008-09-30
14216500,hbv_lite_cma,evaluation,0.647627,0.68063,-0.062549,-0.200241,-0.102955,13,explicit_euler_dt1,hbv,success,,48.15,0.7107,-1.499968406866285,1.6507670453032424,0.0540091999006275,1.5752624307359622e-06,872.984040707081,5.995797841747588,0.7560794643927544,0.2545156383108851,0.1943257702328458,187.3805206065506,11.17120112109687,0.0260240969165429,1.398740591240036,0.0,0.0,714.4776283858596,0.0,30.384983737146143,cal_final_2008-09-30
14222500,hbv_lite_cma,evaluation,0.769938,0.787815,0.038156,-0.086793,0.465623,13,explicit_euler_dt1,hbv,success,,28.29,0.8598,-0.6999945461161179,3.132584293009438,0.0100042253532068,1.0839699597379857e-07,356.9715273626037,1.293447922744016,0.3270854433927753,0.8600031569843504,0.2213305828313834,77.24288230936514,6.367284474881092,0.0389044038978496,1.741452707634545,0.0,0.0,166.87806376148131,0.0,11.502694168043853,cal_final_2008-09-30
14236200,hbv_lite_cma,evaluation,0.740737,0.696573,-0.113199,-0.208998,-0.230041,13,explicit_euler_dt1,hbv,success,,27.75,0.8089,0.349975069772499,0.92249517521146,0.0945085016680996,2.080338637354609e-08,339.5317262515493,2.682416657039445,0.9999997753450236,0.9899999957849308,0.3425561173455989,64.38215472776298,7.892664099791277,0.0721982584000931,1.7546609355227518,0.0,0.0,241.2671070651949,0.0,5.823796992757577,cal_final_2008-09-30
14301000,hbv_lite_cma,evaluation,0.908245,0.87011,0.122636,0.037796,5.42438,13,explicit_euler_dt1,hbv,success,,34.85,0.8922,-2.4607046376212747,14.999769576181713,0.0829242848948517,0.1164919190397437,554.7724346976424,2.187734078665155,0.5896961170416413,0.3887487838538915,0.1463724673030111,93.96810498721426,3.607805841811667,0.0001382421545825,2.9513767152212056,0.0,0.0,366.5038407118821,0.0,5560.948920068822,cal_final_2008-09-30
14303200,hbv_lite_cma,evaluation,0.790368,0.712275,0.197025,-0.089476,1.71889,13,explicit_euler_dt1,hbv,success,,27.96,0.8202,1.1000009625934275,3.725981407931037,0.000914821935045,2.9931135119547207e-10,2499.9999980026378,1.0000002101277747,0.2910284928024589,0.9214279787936852,0.1312218013369037,108.78820786907109,8.04587095776632,0.027641094169777,1.0059863169098628,0.0,0.0,2108.6695512580764,0.0,32.953082359041886,cal_final_2008-09-30
14305500,hbv_lite_cma,evaluation,0.848441,0.914754,0.039158,0.011504,-0.586316,13,explicit_euler_dt1,hbv,success,,27.37,0.8893,0.7400004091934438,2.987897903081216,0.0324255930163123,4.5094510925536706e-10,726.7479026456966,5.999880458346334,0.6135975759441916,0.9899999981758584,0.4133433320771944,67.31820711616923,15.78818737352665,0.1112995766923035,1.1426986445461016,0.0,0.0,547.5316148064974,0.0,0.9353020911969824,cal_final_2008-09-30
14306340,hbv_lite_cma,evaluation,0.813487,0.792323,0.168533,0.011514,-0.20761,13,explicit_euler_dt1,hbv,success,,40.21,0.8066,-2.499962470748603,14.99559207354433,0.0987524166502663,0.0004496597124441,325.0770200249464,2.4588359436730207,0.3935065030661149,0.4399654294612151,0.2235031459661971,42.58575158113001,8.605596569130611,0.0855686542301134,2.1674220853794264,0.0,0.0,109.25546078567707,0.0,0.5770107482370443,cal_final_2008-09-30
14306500,hbv_lite_cma,evaluation,0.837839,0.831905,0.148791,0.063816,1.306494,13,explicit_euler_dt1,hbv,success,,47.08,0.8592,-2.4105750735789857,9.6110735470781,0.0729355617418508,0.0117988336735204,1024.9468647191195,3.3154826268106845,0.9242102331526344,0.2110334566695348,0.0692041592414525,87.90703810728515,2.132059159699748,0.0001001166154944,2.062635104201884,0.0,0.0,792.9863517537178,0.0,4187.02356960517,cal_final_2008-09-30
14308990,hbv_lite_cma,evaluation,0.602014,0.359147,0.524363,-0.034321,3.271379,13,explicit_euler_dt1,hbv,success,,30.77,0.6041,-0.5744392036899963,1.1658503137420737,0.0185056343370313,7.400666535256533e-05,2499.992618940717,1.0875737322260088,0.2456880031013105,0.3145957949094708,0.3347134182539432,169.7928129554678,7.113733313465168,0.0288068089611403,1.0189019570845026,0.0,0.0,1497.6524832860457,0.0,3.585869227652182,cal_final_2008-09-30
14309500,hbv_lite_cma,evaluation,0.6351,0.399066,0.583284,0.146142,5.489009,13,explicit_euler_dt1,hbv,success,,31.13,0.7338,0.2300005980270549,5.308234504002998,0.0721757155141047,3.1470538343514164e-10,2499.999999811488,2.837480707493638,0.2908727842581363,0.96238499503067,0.2231027711121059,47.54684343034009,6.393688529859975,0.0378233300127977,1.3407329699543744,0.0,0.0,2072.50592663309,0.0,1.9741545638544995,cal_final_2008-09-30
14316700,hbv_lite_cma,evaluation,0.75261,0.743659,0.124209,-0.141912,0.812325,13,explicit_euler_dt1,hbv,success,,28.63,0.7855,-1.7000321942526455,0.8053788084202813,0.099971702629444,4.437335972861406e-12,1345.8093448754903,5.999984666014068,0.2948110248935437,0.989999992935694,0.4140645502866057,24.02604204265757,8.729631936303228,0.0674893268194146,1.003449316521255,0.0,0.0,1090.6315630502622,0.0,0.670696658538983,cal_final_2008-09-30
14325000,hbv_lite_cma,evaluation,0.755855,0.794511,0.14692,-0.051321,10.623769,13,explicit_euler_dt1,hbv,success,,29.0,0.7707,0.4295364909149315,1.623141080895123,0.0010546123662556,0.1997918079374709,375.8309049510923,1.0003855933384995,0.3166356687640673,0.6307849924574983,0.1390850727987685,93.51530762480976,5.180611593224799,0.0001882066422561,1.8785867694775105,0.0,0.0,145.52928059413247,0.0,6352.979773438403,cal_final_2008-09-30
14362250,hbv_lite_cma,evaluation,0.447202,-0.099662,1.043574,0.347089,54.440853,13,explicit_euler_dt1,hbv,success,,60.42,0.7509,0.4325453317030892,14.661405535079568,0.0396841091613677,0.1999976011732649,555.1833078404425,1.1050371876862304,0.2000000634855105,0.4423973259151862,0.0271111113382333,92.53698678565128,2.8628875914854355,0.0001000000002371,1.4006176169521671,0.0,0.0,73.15963053520031,0.0,3020.0074299274675,cal_final_2008-09-30
14400000,hbv_lite_cma,evaluation,0.852191,0.903406,0.018774,-0.06475,-0.671203,13,explicit_euler_dt1,hbv,success,,29.38,0.8802,0.3300034448452784,1.39017183579809,0.0582484919261206,0.0368703411176022,172.0620888669896,2.38386133176054,0.2000001098113467,0.9899999999843602,0.4753454658077078,38.95084201032008,21.45548459589345,0.132890302419733,1.002620758041005,0.0,0.0,5.85905022498075,0.0,0.0007954479806934,cal_final_2008-09-30
