basin_id,model,period,nse,kge,bias,peak_bias,lowflow_bias,parameter_count,solver_name,family,run_status,error_message,_elapsed_s,_cal_nse,p_parTT,p_parCFMAX,p_parCFR,p_parCWH,p_parFC,p_parBETA,p_parLP,p_parK0,p_parK1,p_parUZL,p_parPERC,p_parK2,p_lag_time,state_SNOWPACK,state_MELTWATER,state_SM,state_SUZ,state_SLZ,state_init_mode
01022500,hbv_lite_cma,evaluation,0.730979,0.774963,-0.016563,-0.153266,0.844848,13,explicit_euler_dt1,hbv,success,,49.3,0.808,-2.5,1.199915271995867,0.0009026999016156,1.5629650610647846e-13,372.67167756330525,2.8628273336664165,0.9999999999460264,0.2374974742950837,0.243160088991549,22.291310676273422,3.7592794228383295,0.0569707937433685,3.4244045372713536,0.0,0.0,333.2858132851199,12.11378440668586,27.21283769296194,cal_final_2008-09-30
01031500,hbv_lite_cma,evaluation,0.711189,0.779218,-0.009686,-0.144072,2.617388,13,explicit_euler_dt1,hbv,success,,36.14,0.6756,-2.499999103879462,1.6339269422884708,0.0063947207513979,2.115565652077507e-09,391.8444749012009,3.116599146330065,0.9999999549168516,0.3692209913599267,0.0580497829502079,24.441628679085355,0.0446575611812783,0.1489831490535528,2.69399444141706,0.0,0.0,327.9993691948432,25.048818023435388,0.2550915142341292,cal_final_2008-09-30
01047000,hbv_lite_cma,evaluation,0.673475,0.716344,-0.103932,-0.190498,0.763141,13,explicit_euler_dt1,hbv,success,,29.56,0.6481,-2.499999999991998,1.457362702290364,0.071044648457787,1.3797351060284784e-14,329.4683584610575,2.981341279257297,0.9999999999999414,0.0500000090644603,0.3841530763129707,99.98661838512062,1.9994319599662205,0.079654236579659,2.239032830855136,0.0,0.0,289.3447489070695,3.626633773384312,12.850040890538509,cal_final_2008-09-30
01052500,hbv_lite_cma,evaluation,0.740856,0.798053,-0.127902,-0.209631,0.783083,13,explicit_euler_dt1,hbv,success,,27.97,0.7582,-0.0200003849018757,4.370509066492424,0.0746153283333572,8.219890188653429e-12,276.66815516518625,1.806760037709873,0.9999997012797232,0.8999965530508977,0.4369483352447654,34.682431681627605,5.100690689243496,0.1489514559068868,1.001277455625777,0.0,0.0,213.34843603017387,0.0,11.37738237325936,cal_final_2008-09-30
01054200,hbv_lite_cma,evaluation,0.57956,0.619203,-0.041204,-0.21898,2.600664,13,explicit_euler_dt1,hbv,success,,28.17,0.5364,-0.940281205568581,1.7727712320171771,0.0399758205560104,5.064395512664335e-07,541.2936516155432,1.668388986922695,0.900031192144094,0.8498156437654306,0.0820568676954028,16.101418728341894,1.2704824257567982,0.0587274283264447,1.015965375994157,0.0,0.0,417.0408152994999,13.368577593411867,16.75590812980725,cal_final_2008-09-30
01055000,hbv_lite_cma,evaluation,0.587812,0.658346,-0.020837,-0.201223,2.200388,13,explicit_euler_dt1,hbv,success,,28.13,0.6236,-2.450000240746034,1.985618570491948,0.0240814994361905,3.7347980317000935e-10,151.33894826748536,1.0856404046600394,0.8505105748979853,0.5529344245841432,0.4999999543984861,3.6892382275857982,4.934910970943879,0.1015488260670378,1.0530815294912894,0.0,0.0,108.55859292646656,0.0,20.57356841678796,cal_final_2008-09-30
01057000,hbv_lite_cma,evaluation,0.645901,0.691707,0.001134,-0.178298,2.087249,13,explicit_euler_dt1,hbv,success,,28.33,0.7048,-1.980000041161363,1.814783247419889,0.0763518199819682,3.1877514440819223e-10,391.3343667161778,3.178924868889572,0.7135719398133311,0.1996547506978774,0.2385925830557597,15.374210699782974,3.4863490633696967,0.0574786884083274,1.343209540907827,0.0,0.0,354.2727549626791,12.807541241658484,28.611876196248737,cal_final_2008-09-30
01073000,hbv_lite_cma,evaluation,0.7616,0.726632,-0.124259,-0.182784,0.370589,13,explicit_euler_dt1,hbv,success,,27.34,0.8447,-1.520005812618519,0.9479322354550896,0.0234386027931887,0.1419391152157028,348.27614401186884,1.5484349803084725,0.2000002252159894,0.8999999910304385,0.499999814067937,13.91009244433878,6.39604919537704,0.1745039475070292,1.9693372945760688,0.0,0.0,273.6709402506503,0.0,18.7366297348153,cal_final_2008-09-30
01078000,hbv_lite_cma,evaluation,0.735343,0.811348,0.004799,-0.1533,2.063763,13,explicit_euler_dt1,hbv,success,,30.62,0.7067,-1.1599988574912703,2.0459149707009856,0.0184003571507464,0.0458798703880837,490.40180434431227,2.35359003244258,0.999999993848962,0.6377484363090311,0.2760510607539063,22.146103801631345,3.307869827278429,0.079847236840532,2.5768086507515604,0.0,0.0,386.1716444388933,0.0,19.64843193240843,cal_final_2008-09-30
01123000,hbv_lite_cma,evaluation,0.64592,0.791274,0.030538,-0.113117,0.605436,13,explicit_euler_dt1,hbv,success,,27.28,0.739,-2.12991542914471,1.0282359405616244,0.0988210474176674,1.489284536535797e-07,411.3747186712216,1.685681608163859,0.202557808917626,0.3746243807235578,0.3030826271059066,8.706203964972685,4.756713663203954,0.0706583153859524,1.3618610552538053,0.0,0.0,272.4133391851633,0.0,27.32675571457552,cal_final_2008-09-30
01134500,hbv_lite_cma,evaluation,0.65458,0.736679,-0.067584,-0.174241,0.977818,13,explicit_euler_dt1,hbv,success,,28.04,0.6861,-1.6600000004007165,1.8445427981379008,0.0281071455382716,7.796639234058951e-11,230.54617061209723,1.9563568793320103,0.9999999964731308,0.2548087749991234,0.1645258593782752,8.709278388521673,1.2286579376992937,0.0706132293093447,1.2656586507103773,0.0,0.0,166.0308119290727,1.2130028618798434,10.122094062184114,cal_final_2008-09-30
01137500,hbv_lite_cma,evaluation,0.558511,0.602472,0.332826,0.048241,1.283622,13,explicit_euler_dt1,hbv,success,,28.58,0.5997,-2.3400000501098046,1.6275400941452935,0.0707215470459341,1.0242409834042654e-11,489.4616957089656,1.000000000050263,0.2014188479860502,0.0633294804558549,0.4999999998682411,4.288360561654692,8.713396738455806,0.0619129312585741,1.426302757391761,0.0,0.0,297.2990937880423,0.0,40.912461124302375,cal_final_2008-09-30
01139000,hbv_lite_cma,evaluation,0.649117,0.731116,-0.088054,-0.202523,0.666349,13,explicit_euler_dt1,hbv,success,,33.11,0.7429,-1.4100000196227884,1.8503402286598376,0.0296281199918373,9.343131053599056e-12,645.4695466884311,5.004315087286259,0.9602765440459038,0.0500322621967942,0.2958603962563247,41.05598618402554,4.55190344967636,0.0671478374643394,1.0344774951099764,0.0,0.0,542.4606788969147,0.0,11.997216516702055,cal_final_2008-09-30
01139800,hbv_lite_cma,evaluation,0.615817,0.702516,-0.181951,-0.222452,0.393268,13,explicit_euler_dt1,hbv,success,,31.74,0.7392,-1.070000003049742,1.90409001095636,0.0990770616595094,4.3210769885297016e-10,211.4501518521785,1.0315352304754963,0.2000000865564043,0.8850387106525988,0.3408692421348868,77.8099688700987,8.707195483122645,0.072532971299141,1.4771797901083603,0.0,0.0,76.96742997907289,0.0,9.844719753050216,cal_final_2008-09-30
01142500,hbv_lite_cma,evaluation,0.639671,0.739217,-0.003121,-0.125791,0.907969,13,explicit_euler_dt1,hbv,success,,33.24,0.7077,-0.6856473212891143,3.660959857059028,0.0029291145767009,3.55523651314258e-05,420.2925030044874,2.696386526169409,0.7045476860051825,0.2486772613613208,0.2809263981881559,64.59926907586055,8.822987890538338,0.0913116160665299,1.0015939243471428,0.0,0.0,290.54408208224413,0.0,8.962806718674308,cal_final_2008-09-30
01144000,hbv_lite_cma,evaluation,0.71143,0.806303,-0.002251,-0.113762,0.634662,13,explicit_euler_dt1,hbv,success,,32.35,0.7109,-1.150000091715021,2.972734337708384,0.0004744641360919,1.6678819729690639e-10,208.6242323954961,1.0000037347153787,0.2000034699725389,0.7928053639359772,0.312391610176184,90.47537672742791,8.074511571163418,0.0935782684103316,1.248262028179837,0.0,0.0,81.23573484876354,0.0,9.496650662375377,cal_final_2008-09-30
01162500,hbv_lite_cma,evaluation,0.652676,0.702724,-0.022909,-0.214921,2.460354,13,explicit_euler_dt1,hbv,success,,52.06,0.6923,-2.340000000549104,1.4406679987637347,0.0917991887831614,3.091384497158902e-11,468.9616790692469,3.7987009146489066,0.9999999998668694,0.0532197122597423,0.2863413553186496,86.81223851918108,4.116006116932779,0.091724187904498,3.2699076861913463,0.0,0.0,417.47291021666194,0.0,19.472290856733217,cal_final_2008-09-30
01169000,hbv_lite_cma,evaluation,0.490459,0.710816,0.12488,-0.07528,2.367343,13,explicit_euler_dt1,hbv,success,,28.99,0.6371,-1.8099999714668424,1.641626187852081,0.0814913642543947,5.6989295453023436e-11,151.55169830840111,1.9941284751467143,0.9999999987362034,0.7072597097968053,0.232447287808789,18.144182112430475,3.0977863617539536,0.0652380985110954,1.0459174338781898,0.0,0.0,133.70021777903864,2.560134239095294,26.69476168109384,cal_final_2008-09-30
01170100,hbv_lite_cma,evaluation,0.541467,0.693779,0.110441,-0.120085,2.777397,13,explicit_euler_dt1,hbv,success,,28.53,0.6346,-1.8599998713532384,1.5935165259745652,0.0938797000839432,3.5673899828342124e-10,282.798090757944,1.9481358674503475,0.9999999999060224,0.5802545965801964,0.1885734484856986,17.178252269281888,3.4262468055405737,0.0665705319410288,1.3008405658268158,0.0,0.0,233.99853734743704,2.779789354331555,28.795908963919533,cal_final_2008-09-30
01181000,hbv_lite_cma,evaluation,0.532119,0.756,0.030838,-0.105573,1.755081,13,explicit_euler_dt1,hbv,success,,28.19,0.6067,-1.3744755195307137,1.5872267467256287,0.0458603624546689,2.8520058926373843e-10,216.612976628562,2.744659609003852,0.99999999953917,0.6666888118646314,0.2931267510795797,21.34800567211413,2.3013469151177985,0.0912485233047512,1.807840267901847,0.0,0.0,195.821751510976,2.812965549789843,14.79988589227362,cal_final_2008-09-30
01187300,hbv_lite_cma,evaluation,0.642745,0.696289,-0.026564,-0.175004,3.562945,13,explicit_euler_dt1,hbv,success,,28.12,0.6904,-0.9599988180419364,1.780672355943071,0.0798602762843686,3.5367383007031096e-08,798.803050908321,5.598297397728138,0.9999997330247608,0.5118193064284957,0.2297171860027857,9.534367810596436,2.195509151357356,0.0953336640253052,1.0097741297615768,0.0,0.0,735.0449072572684,2.9591871786765185,13.672213500871218,cal_final_2008-09-30
01195100,hbv_lite_cma,evaluation,0.542453,0.710069,0.006649,-0.154546,3.148625,13,explicit_euler_dt1,hbv,success,,27.93,0.7722,-0.7599989648126786,1.260856980919113,2.0151485113466427e-05,0.1999999941959991,511.9593085510202,2.560251095800318,0.4367485713671094,0.8999998889238968,0.4921923434222122,16.05493871721305,5.027626795121662,0.1079494115313943,1.1073722010317737,0.0,0.0,394.02932184714246,0.0,17.03460798950801,cal_final_2008-09-30
01333000,hbv_lite_cma,evaluation,0.648366,0.745703,-0.035054,-0.184806,1.058045,13,explicit_euler_dt1,hbv,success,,30.17,0.653,-1.4899999560920336,2.2825286797068856,3.555239178203865e-05,5.243309567757436e-09,183.6499701447182,1.795986120623604,0.593974894703996,0.7049029473071187,0.2877772194375867,58.45874518645245,6.77190841179338,0.1186670025634746,1.6969189705042995,0.0,0.0,128.88826045074657,0.0,13.731808363955215,cal_final_2008-09-30
01350000,hbv_lite_cma,evaluation,0.603996,0.611263,0.00998,-0.237729,2.738041,13,explicit_euler_dt1,hbv,success,,27.53,0.6666,-1.829999642705243,2.464067187655243,0.0454879836588881,4.934246780779093e-11,424.3007900526739,3.881432992885885,0.9999999993274032,0.29141779016754,0.3117707553146283,9.006027338581973,5.930820721338233,0.0970096492610127,1.088060128818373,0.0,0.0,365.9583137761477,0.0,21.9982653893656,cal_final_2008-09-30
01350080,hbv_lite_cma,evaluation,0.445477,0.36581,-0.253308,-0.428352,0.680842,13,explicit_euler_dt1,hbv,success,,28.14,0.6448,-1.470023530379982,2.407175494238267,0.0959164710132054,0.0026715890711019,378.7033585201759,2.399623760727962,0.2000000077877962,0.8978654246101239,0.3153340204234199,60.52048708835546,7.577798650424926,0.1055400276333627,1.650858733513985,0.0,0.0,212.90524263795191,0.0,7.45376964064455,cal_final_2008-09-30
01350140,hbv_lite_cma,evaluation,0.464563,0.447698,-0.186599,-0.323391,3.796656,13,explicit_euler_dt1,hbv,success,,27.59,0.5311,-0.9600013246134532,2.3928071161035485,0.0596420550341326,1.709297068717282e-05,731.9219640327815,5.956151448858047,0.6236287028383034,0.7159971054712678,0.4469715199692516,64.22841577535868,3.907491650495877,0.1742167863422739,1.868699138266704,0.0,0.0,558.6109926416175,0.0,3.816709960660973,cal_final_2008-09-30
01365000,hbv_lite_cma,evaluation,0.652733,0.743933,-0.025828,-0.154545,0.782039,13,explicit_euler_dt1,hbv,success,,27.52,0.7232,-1.6199999893530828,1.9084797171968304,0.0622736824994786,5.7701325277428506e-12,231.19595059356809,3.347412306432669,0.9999999999991024,0.8999999989505673,0.3942864434723823,52.31041736861791,8.288399397378015,0.0856432526289374,1.191288940263197,0.0,0.0,208.34539182120645,0.0,30.586051519375296,cal_final_2008-09-30
01411300,hbv_lite_cma,evaluation,0.626779,0.575837,-0.171725,-0.279388,0.130976,13,explicit_euler_dt1,hbv,success,,36.81,0.6685,-2.3500004745843817,1.2764511653089563,0.0771106008820522,0.1600144751627436,807.4248801775815,1.7844657865946365,0.2164199819484394,0.6666432546583476,0.1488316898371207,81.54385111843195,3.0674168836727365,0.0385796397597605,2.921298453905429,0.0,0.0,298.9237502027633,0.0,11.567749443468236,cal_final_2008-09-30
01413500,hbv_lite_cma,evaluation,0.538431,0.459952,-0.171546,-0.35981,1.18819,13,explicit_euler_dt1,hbv,success,,30.78,0.6766,-2.4500007145344016,1.9240234281108008,0.085562397310884,0.0375276925958137,646.850632624939,4.542403418400699,0.3088023692996404,0.2902807266712106,0.1966282239502464,24.521691802205883,4.7380260307376325,0.0848503379728209,1.9662581645394488,0.0,0.0,535.1981260120568,0.0,19.14639891657288,cal_final_2008-09-30
01414500,hbv_lite_cma,evaluation,0.571503,0.522408,-0.188271,-0.322283,0.785751,13,explicit_euler_dt1,hbv,success,,28.25,0.6075,-2.2899680718779454,2.0972719519902543,0.0121939878755672,1.0147436806422378e-06,680.0843788161261,5.645683243293421,0.5924697275576907,0.8999767115085043,0.3386494794730009,45.51105714376376,6.752230379360872,0.101661068864766,1.0604886906299127,0.0,0.0,598.2363751894591,0.0,20.41929907253745,cal_final_2008-09-30
01415000,hbv_lite_cma,evaluation,0.66835,0.604594,-0.111198,-0.271317,0.890593,13,explicit_euler_dt1,hbv,success,,30.03,0.6782,-2.0800008440741595,2.060433606487221,0.0394438264481017,2.125187166140824e-05,239.7602048146966,1.2952337123210396,0.200000004502018,0.4798217516179137,0.2237523336313672,22.551012786229435,3.586498448636344,0.1164058091842103,1.9075092297499985,0.0,0.0,114.18698297117048,0.0,11.28483900950287,cal_final_2008-09-30
01423000,hbv_lite_cma,evaluation,0.713557,0.673859,-0.179244,-0.23402,-0.583278,13,explicit_euler_dt1,hbv,success,,28.42,0.7508,-1.0600002974733822,2.762680985832779,0.0293136208000171,0.0299395445711283,177.4066142879874,5.305768485334085,0.2000182172133132,0.6850833372524477,0.1940656367190143,40.38501247415736,2.2280935928151533,0.0631589578287474,1.1216540137022553,0.0,0.0,141.68129642241274,0.0,7.0779458582767,cal_final_2008-09-30
01434025,hbv_lite_cma,evaluation,0.551487,0.696597,-0.010216,-0.180247,1.333419,13,explicit_euler_dt1,hbv,success,,27.61,0.6398,-2.301756014524495,1.9667445017093,0.0319829273432052,0.1998398239026579,425.765083505363,1.815562094470648,0.5287073181266162,0.899884710631062,0.3458441575335823,38.1583180197069,7.131495828658948,0.0753028102794797,1.5509660308987374,0.0,0.0,306.50188763877424,0.0,34.793447955642115,cal_final_2008-09-30
01435000,hbv_lite_cma,evaluation,0.667352,0.704567,-0.06447,-0.21431,0.756407,13,explicit_euler_dt1,hbv,success,,27.53,0.6975,-2.049998583867303,1.883971524521756,0.0254324322657732,0.0067650323516489,160.1643705495643,2.48746704733202,0.9999999774273008,0.8133441318479948,0.2865199193876004,22.78145782926144,5.53316866661146,0.0668086615843082,1.2788160542185996,0.0,0.0,141.82950818313932,1.2640845283327329,35.57741166480087,cal_final_2008-09-30
01439500,hbv_lite_cma,evaluation,0.719232,0.671358,-0.077494,-0.237295,1.917665,13,explicit_euler_dt1,hbv,success,,29.98,0.7931,-2.050000512570977,1.2723487093884227,0.0341754575749299,6.55898521215113e-10,531.6934046670128,3.725703356290349,0.9999987754205032,0.8285883734621498,0.1716059031308213,31.303978310873177,3.169654169039839,0.0876979037748814,1.210878470437226,0.0,0.0,441.4322198443719,9.69699830247202,17.335098986476883,cal_final_2008-09-30
01440000,hbv_lite_cma,evaluation,0.555263,0.616283,-0.133063,-0.26252,0.897813,13,explicit_euler_dt1,hbv,success,,27.24,0.7109,-0.7600048813830647,4.115834440416213,0.0001421692510628,1.03892064574156e-08,345.1543233904097,1.000010680915726,0.247663042241683,0.5528066893821143,0.1618733644406377,17.789818151813968,3.1197708613450583,0.0791647304288977,1.379964441353132,0.0,0.0,122.29734006008408,0.0,15.880914477371377,cal_final_2008-09-30
01440400,hbv_lite_cma,evaluation,0.662952,0.765861,-0.015069,-0.14179,1.573681,13,explicit_euler_dt1,hbv,success,,27.42,0.669,-1.480002064266848,1.1610365050048062,0.0679043637398996,8.834434081441453e-10,463.8175390088533,3.2715355007494824,0.9999997066047288,0.899999999924393,0.2627856840797844,17.510394584289898,3.4492836200854327,0.1069686422150307,1.240127960175418,0.0,0.0,380.0705757420645,8.306756298876344,15.517424828500518,cal_final_2008-09-30
01451800,hbv_lite_cma,evaluation,0.655331,0.673202,0.105351,-0.17111,2.122351,13,explicit_euler_dt1,hbv,success,,27.29,0.7429,-2.4999999998575286,2.086379865088701,0.0180493735930161,1.3236784716750706e-12,275.6542984813542,1.9342858021773464,0.9999999960414938,0.8999999992170197,0.2463873171624163,18.089619690245936,3.419194034054513,0.0996788816306211,1.0093335999317874,0.0,0.0,199.4246943199101,4.229102500184403,15.032747609727997,cal_final_2008-09-30
01466500,hbv_lite_cma,evaluation,-0.470327,0.372925,0.448579,0.19419,1.160332,13,explicit_euler_dt1,hbv,success,,32.52,0.1318,1.970000183604391,9.999994521408516,0.0149892244618171,3.2089984844519064e-10,589.4022246340404,2.7532798353100745,0.2756574480180309,0.8999999872849787,0.0242106347793339,83.07663211066995,2.046878870639772,0.0010000000325414,1.3046010409060995,0.0,0.0,333.31862310456404,0.0,1088.5883722080766,cal_final_2008-09-30
01484100,hbv_lite_cma,evaluation,0.579029,0.646698,0.18122,-0.074772,0.987005,13,explicit_euler_dt1,hbv,success,,27.9,0.5069,-1.539999995365857,1.747365275760148,0.0319383452416808,4.0714550402037686e-11,838.0628736734985,3.3794925968282543,0.2054009084505539,0.0500443195981166,0.4999999999490028,48.19539213792417,9.48156331166022,0.0309866425602693,1.0051783477454623,0.0,0.0,413.0771468565609,0.0,8.765308454772978,cal_final_2008-09-30
01487000,hbv_lite_cma,evaluation,0.769968,0.810346,0.150984,0.041409,0.45766,13,explicit_euler_dt1,hbv,success,,27.34,0.8105,-2.4892720251942912,1.0891015661301982,1.6778454188560817e-13,0.0280249818302394,894.069436292932,4.710241360119184,0.8974949940408212,0.7409588860063991,0.4254685103526654,76.84419922315008,9.521509134360022,0.0478365211431684,1.0028430950166218,0.0,0.0,606.3234013763007,0.0,8.820742848237915,cal_final_2008-09-30
01491000,hbv_lite_cma,evaluation,0.693816,0.672198,-0.03004,-0.136813,0.473396,13,explicit_euler_dt1,hbv,success,,27.42,0.706,-1.0002574989860578,1.9627919194647805,0.0783013485102654,0.199999990300384,603.5850500332353,3.1398301827420263,0.470722701179439,0.8999967547804325,0.3881983164075356,34.777252140536355,3.3376972621531174,0.1054884777358633,1.5458722718159774,0.0,0.0,276.16575355987254,0.0,2.099240245284915,cal_final_2008-09-30
01510000,hbv_lite_cma,evaluation,0.690495,0.689297,-0.028037,-0.244971,2.074724,13,explicit_euler_dt1,hbv,success,,27.99,0.775,-2.4900002151958045,1.628264019003416,0.0027246525740371,0.0530737659707167,679.9201896260674,5.999998915664329,0.9999999347769156,0.8999999838054799,0.3968608769925378,15.67266317497278,4.490067218887257,0.1158715413640122,1.030276957239624,0.0,0.0,563.6534118452911,0.0,7.06837108784465,cal_final_2008-09-30
01516500,hbv_lite_cma,evaluation,0.492658,0.512277,0.109108,-0.16972,4.798788,13,explicit_euler_dt1,hbv,success,,27.38,0.6753,-2.1200005533896595,1.371735138891915,0.0715965074994674,2.0480259250352275e-09,629.2205441928966,5.999999822466725,0.9443985787402372,0.8999998043914103,0.2979541885046193,9.10026146445914,3.167064260069316,0.0800259088087007,1.5558322785796928,0.0,0.0,448.4768148090072,0.0,3.484349097573295,cal_final_2008-09-30
01518862,hbv_lite_cma,evaluation,0.585266,0.604578,-0.028286,-0.232948,3.518305,13,explicit_euler_dt1,hbv,success,,27.43,0.683,-1.6100098305973929,2.2065250435123795,0.0999898377037836,0.1068352559711812,521.5310039845599,5.999998109197087,0.9999993856580264,0.827670764267503,0.4011646975794537,12.638947036288368,3.1476605866955865,0.1109683657584648,1.0826213273092864,0.0,0.0,403.0573490152128,0.0,4.613263866513934,cal_final_2008-09-30
01532000,hbv_lite_cma,evaluation,0.509818,0.496892,-0.050932,-0.226133,1.21341,13,explicit_euler_dt1,hbv,success,,27.4,0.6631,-2.130000053019475,1.6241460856555865,0.0418681489767943,1.2144824152054587e-09,325.36685136054314,5.813885275687132,0.9999999990062176,0.4999786581702706,0.3169574082849941,11.096686386229097,2.824606766958207,0.1173991366685046,1.0005172699745677,0.0,0.0,248.40190169146013,0.0,3.8116572538186775,cal_final_2008-09-30
01539000,hbv_lite_cma,evaluation,0.65,0.7292,-0.042602,-0.184631,1.152654,13,explicit_euler_dt1,hbv,success,,27.49,0.6592,-2.490000746468503,1.2354619529102309,0.0612018950406433,0.0087322084637683,252.9029455315571,5.973483189404059,0.9999999951885624,0.6199814658320983,0.1701332701875678,23.514987772627546,0.919642892040341,0.0258827776570184,1.74695679596365,0.0,0.0,234.51323269238665,10.319687832755658,20.86477300366533,cal_final_2008-09-30
01542810,hbv_lite_cma,evaluation,0.6208,0.672461,-0.005586,-0.20928,3.3686,13,explicit_euler_dt1,hbv,success,,24.67,0.6708,-0.5499962050270737,3.021592669788154,0.0293436817738049,2.378221718070413e-09,393.9982394058256,5.999994489581426,0.9999998793242963,0.4821208029645756,0.170753866215406,12.382293011794683,0.6671634189276109,0.0674256211912137,1.5874704991453314,0.0,0.0,298.71280422918545,0.2504714694517617,4.200361169200422,cal_final_2008-09-30
01543000,hbv_lite_cma,evaluation,0.68149,0.715697,-0.018251,-0.189052,2.073126,13,explicit_euler_dt1,hbv,success,,32.87,0.7526,-1.4800000256664694,1.9889255270103137,0.0676988079125224,5.06839127367134e-10,408.9443918517575,5.999999787127239,0.9999999998756628,0.6638510875902871,0.2701799245775202,13.69062821966055,2.4568245565969726,0.1595466055243089,2.975785413682837,0.0,0.0,310.42065279607124,0.0,2.319638468292942,cal_final_2008-09-30
01543500,hbv_lite_cma,evaluation,0.692883,0.703873,-0.013648,-0.216377,2.157874,13,explicit_euler_dt1,hbv,success,,34.69,0.7538,-2.450000125780969,1.618429331759773,0.0010742798689586,0.0536046126811468,527.2810295034737,5.999998000896843,0.9999999831910792,0.5572156307348279,0.1430647465587806,23.12735016777264,0.0146953993710062,0.1936751496292697,2.6720702071155698,0.0,0.0,402.75281895535016,2.629892412280212,0.0611811361532258,cal_final_2008-09-30
01544500,hbv_lite_cma,evaluation,0.721276,0.671651,-0.115931,-0.233433,0.807651,13,explicit_euler_dt1,hbv,success,,35.56,0.7294,-0.6700000384848992,2.5556798801733307,0.0459412479818338,6.78960843023494e-10,373.32953989543415,5.999999982959428,0.9999998294559492,0.5120096436185315,0.1779998307510332,13.475124166629964,3.843372812715097,0.1369654039385411,2.110999000206566,0.0,0.0,276.0954863287052,0.0,2.7266753512520454,cal_final_2008-09-30
01545600,hbv_lite_cma,evaluation,0.670502,0.639454,-0.130145,-0.247854,0.602935,13,explicit_euler_dt1,hbv,success,,36.5,0.7043,-0.5500000215290672,2.524903659913708,0.0004112034619935,1.251332711166055e-10,393.0576851860898,5.999999758282495,0.9999999996287257,0.51455708201392,0.3229634352746843,21.541075563931912,6.643592262456018,0.111333546947595,2.768105551946091,0.0,0.0,285.1459982594039,0.0,2.6097435497920176,cal_final_2008-09-30
01547700,hbv_lite_cma,evaluation,0.676102,0.705013,-0.17741,-0.214777,-0.898086,13,explicit_euler_dt1,hbv,success,,27.42,0.6495,-1.0499999097192294,1.822521702008982,0.0970056082334973,6.302034309501627e-12,224.3130729069284,5.999999988316067,0.2000000013084842,0.460075202876474,0.3251859612756726,9.513061666871744,3.1682875564612027,0.1923322969370078,1.897691887597726,0.0,0.0,82.78927694544453,0.0,0.0138394553197925,cal_final_2008-09-30
01548500,hbv_lite_cma,evaluation,0.717197,0.681364,-0.138239,-0.242673,0.798138,13,explicit_euler_dt1,hbv,success,,37.89,0.7598,-0.7800004035015273,2.429066545369782,0.0070995662310523,2.59377510841915e-10,441.4592699247796,5.999999708047794,0.9999999802726828,0.6640366296298394,0.2406929093558752,12.759408425697703,3.1155663860436293,0.1258687526816122,3.051900820186079,0.0,0.0,333.20937779370286,0.0,3.791178496811407,cal_final_2008-09-30
01549500,hbv_lite_cma,evaluation,0.627939,0.534679,-0.196009,-0.336075,1.543209,13,explicit_euler_dt1,hbv,success,,27.3,0.7432,-1.4500068276002374,1.7990763268320935,7.124709528980483e-06,2.118491667000594e-07,465.1796874331477,5.996773755699629,0.9360931583678154,0.6540823993324892,0.225855269771206,15.538245871337995,2.793225582583121,0.1129627886324252,1.00242648059699,0.0,0.0,362.0429121109959,0.0,5.458896455657987,cal_final_2008-09-30
01550000,hbv_lite_cma,evaluation,0.63219,0.589208,-0.128458,-0.286693,1.427325,13,explicit_euler_dt1,hbv,success,,27.62,0.7199,-1.7000379149997995,1.611623850848419,0.0513762795725988,4.252949663105238e-07,392.02473558103054,4.685041814698481,0.9995447064735036,0.5505419761281801,0.1716010153924904,17.88462134138627,1.816424208360605,0.0844209577715252,1.0001921000647027,0.0,0.0,299.9883258787912,0.0,8.059069993615928,cal_final_2008-09-30
01552000,hbv_lite_cma,evaluation,0.645683,0.636167,-0.123123,-0.276272,1.371916,13,explicit_euler_dt1,hbv,success,,27.57,0.7079,-1.1414114780260296,2.106413390673964,0.0354432200054556,8.9184910603181e-10,190.37182529872663,3.769939097123371,0.9999999993613728,0.4893704187023195,0.1915297435422503,16.653296350297214,2.186806220007931,0.0640868216380861,1.004214139945809,0.0,0.0,163.19787417065834,3.53019829324551,13.05087990470806,cal_final_2008-09-30
01552500,hbv_lite_cma,evaluation,0.578757,0.619137,-0.128448,-0.237805,1.577742,13,explicit_euler_dt1,hbv,success,,27.49,0.668,-1.461977193711586,1.9309857341779848,0.0941401696715595,1.4755598079574415e-09,178.7239034930101,3.662211180357468,0.9999999667245134,0.7279433453393134,0.2352400513518587,16.18013142415585,1.3391413295843035,0.0489727781545521,1.3034621536098738,0.0,0.0,163.47074082753207,9.139896012103694,14.919446628890558,cal_final_2008-09-30
01557500,hbv_lite_cma,evaluation,0.676345,0.754641,-0.02225,-0.191432,1.5773,13,explicit_euler_dt1,hbv,success,,27.57,0.7454,-1.0899999898626624,1.5261986922869228,0.0140749352165329,4.2141943276461926e-11,324.08814098877787,3.5507970526053847,0.9999999982224446,0.4606692387295786,0.2774352233597879,11.22373655544411,3.373792667510287,0.1236823351146037,1.970049614877648,0.0,0.0,246.08779079655096,0.0,7.694142913526907,cal_final_2008-09-30
01567500,hbv_lite_cma,evaluation,0.392882,0.603239,-0.010264,-0.205617,0.635393,13,explicit_euler_dt1,hbv,success,,27.2,0.6284,-1.7800021650918127,2.584029576993857,0.099999891791387,0.0655060862926141,167.83883130320828,5.999999897443411,0.200000004598317,0.5982091125069082,0.1769275636475552,18.49229968459104,3.0097712236773857,0.0109186668757846,1.00000234661627,0.0,0.0,141.4650289191701,0.0,43.23560148778177,cal_final_2008-09-30
01568000,hbv_lite_cma,evaluation,0.501371,0.699171,0.046344,-0.146218,0.889356,13,explicit_euler_dt1,hbv,success,,27.45,0.6878,-1.4899985888589993,2.206174468771027,0.0999236032065029,0.0544642800610725,302.7185867218877,5.999997699106067,0.9560583149742112,0.7298499506961499,0.1977544902963547,21.63296835398455,1.8871324387414603,0.0273288427910583,1.4646667474013193,0.0,0.0,282.9187713313867,9.929533171873516,19.860646431374384,cal_final_2008-09-30
01580000,hbv_lite_cma,evaluation,0.530922,0.514809,-0.063798,-0.271549,0.274201,13,explicit_euler_dt1,hbv,success,,23.68,0.6153,-1.719802426294466,3.145433526621853,0.0332509323298778,0.1756955625194606,787.6711325162562,1.027725288888264,0.2000027934483223,0.7856650827809043,0.3810304251361621,4.4584292210426285e-05,9.578489296628836,0.0284174365364805,1.0555185054406595,0.0,0.0,278.20239211123857,0.0,44.42238840200757,cal_final_2008-09-30
01583500,hbv_lite_cma,evaluation,0.521879,0.621771,-0.009575,-0.178306,0.224063,13,explicit_euler_dt1,hbv,success,,27.6,0.5295,-2.49999988567541,0.9486146552757098,6.397895696177797e-11,0.1658119811910233,705.7776342857247,1.6252797411084394,0.2280358667251395,0.881418601120814,0.4515863839335984,4.9348482310320097e-08,7.756817088790368,0.0277388715795607,1.0183861575463304,0.0,0.0,355.7997420787043,0.0,39.63490687986437,cal_final_2008-09-30
01586610,hbv_lite_cma,evaluation,0.489493,0.676474,-0.081433,-0.129987,-0.134266,13,explicit_euler_dt1,hbv,success,,27.29,0.5809,-1.1600011028936454,1.719471588982432,0.0203748529200141,0.0790074120190907,907.7366738413348,5.3921461314373165,0.6116514129538819,0.8999999996813716,0.4999996737241813,4.543219128480656e-07,5.936657624598874,0.0467203312435613,1.0976443449380386,0.0,0.0,708.0793672724725,0.0,20.13403455575901,cal_final_2008-09-30
01591400,hbv_lite_cma,evaluation,0.470006,0.619882,0.020519,-0.030362,0.385399,13,explicit_euler_dt1,hbv,success,,27.23,0.5159,-0.920000280726458,2.0205173850894327,0.0297192762927445,0.1892395838610207,856.5044306525126,2.586358771708897,0.2736696385925047,0.89999988399639,0.4999779251427174,4.463810100661392,2.2545005650132715,0.0384490149071161,1.2567514391178198,0.0,0.0,492.4508311429885,0.0,18.640903868104505,cal_final_2008-09-30
01594950,hbv_lite_cma,evaluation,0.583078,0.731702,-0.034529,-0.168377,3.787048,13,explicit_euler_dt1,hbv,success,,27.42,0.6485,-1.90999932505499,1.4634143207256494,0.0948352658228957,3.1433317178371816e-10,457.4768169147653,5.999925043007222,0.480662089537928,0.7133789280922731,0.4999998649655854,9.802858921776249,4.957719202189615,0.1945116260598156,1.0536057208693757,0.0,0.0,324.74099008048,0.0,0.9166053514754504,cal_final_2008-09-30
01596500,hbv_lite_cma,evaluation,0.575173,0.66271,-0.079397,-0.231024,1.870503,13,explicit_euler_dt1,hbv,success,,30.27,0.7141,-1.7400010127305745,2.186299202230276,0.0016874480501789,0.0759099387682125,514.9276143694065,5.9999984314326,0.9999999926759092,0.8971062642075811,0.4999999852022016,98.44323435094525,2.834700682832456,0.1920767201682596,2.0275781281511094,0.0,0.0,426.9374754902687,0.0,3.858883406990268,cal_final_2008-09-30
01605500,hbv_lite_cma,evaluation,0.542135,0.649224,0.120018,-0.083949,0.294534,13,explicit_euler_dt1,hbv,success,,27.25,0.629,-2.49999999559179,1.9079651500460413,0.0319572678231273,3.6147693411638336e-10,626.4620299176944,5.32216204174838,0.8988193748805031,0.7749686106274649,0.1732666438332884,12.422179629945209,1.3244739315519014,0.068184273033573,1.005158841826267,0.0,0.0,432.4869418687188,0.0,3.567358405787776,cal_final_2008-09-30
01606500,hbv_lite_cma,evaluation,0.593857,0.63139,-0.044763,-0.226395,0.23266,13,explicit_euler_dt1,hbv,success,,30.07,0.6554,-2.499999998494868,1.7639966809416512,0.0848957916947718,1.1124533507273582e-09,218.8381683247761,1.2599974946221462,0.2000000025897463,0.8008997364201162,0.2227994036246521,10.379279282454396,1.0962878412973531,0.0891258668563354,2.4190310641494657,0.0,0.0,39.50207564117012,0.0,1.7991932033619802,cal_final_2008-09-30
01632000,hbv_lite_cma,evaluation,0.557609,0.554065,0.270975,-0.060636,6.235886,13,explicit_euler_dt1,hbv,success,,27.53,0.542,-2.04999970805416,1.5033934237220496,0.0470130536896715,0.0572989608086232,372.0843217566565,3.632863953013983,0.7911072023399457,0.8999986357482016,0.4999945807818199,2.6646284005620564,3.449101119040792,0.1550382615186784,1.991283776753772,0.0,0.0,236.4501478477576,0.0,2.6562536931458385,cal_final_2008-09-30
01632900,hbv_lite_cma,evaluation,0.4755,0.680528,0.177152,0.022594,0.200362,13,explicit_euler_dt1,hbv,success,,27.22,0.5843,-1.42999995272707,1.20072641038004,5.868393744491157e-05,2.1116156583426874e-10,966.2573695549304,5.9999999554579935,0.7231049368691711,0.8999999994321062,0.4586030529786866,6.456830775895472,3.286087207938873,0.0996150676471809,1.0578512386836771,0.0,0.0,682.5735010541279,0.0,2.868506699379232,cal_final_2008-09-30
01634500,hbv_lite_cma,evaluation,0.545386,0.570712,-0.0631,-0.223927,0.239236,13,explicit_euler_dt1,hbv,success,,27.25,0.6307,-1.0899999832482508,3.621203704261125,0.0006194866060527,1.6752805440102594e-10,413.0451771750664,3.5462378786514472,0.7290109267730247,0.6423613256128838,0.2547012162301219,8.47697011038778,1.456657395686831,0.1105226974453419,1.9882376052325887,0.0,0.0,266.6702891195507,0.0,5.656114335135584,cal_final_2008-09-30
01638480,hbv_lite_cma,evaluation,0.522571,0.546279,0.074149,-0.220189,3.583177,13,explicit_euler_dt1,hbv,success,,27.43,0.5227,-0.1399978012848608,5.890591386038433,4.97673509469349e-07,0.0899860773157473,403.7905113219572,1.2946425394408685,0.2000037268151563,0.8999999409831682,0.4999998626340389,1.7018032140144175e-06,4.62807947330679,0.0877182179385321,1.8441651321931167,0.0,0.0,188.6751606483832,0.0,13.7882826498575,cal_final_2008-09-30
01639500,hbv_lite_cma,evaluation,0.635678,0.759449,0.091631,-0.084333,0.391854,13,explicit_euler_dt1,hbv,success,,27.25,0.6494,-1.28674498076483,2.123186018844625,0.0999997621202643,0.0228263093490272,761.8531146867756,5.99999851997243,0.8928234000717412,0.8999999996682583,0.4999999926122611,8.078573874741943e-07,6.020564555591522,0.0522576696019612,1.0001080411320256,0.0,0.0,636.4594689159718,0.0,22.440729009829283,cal_final_2008-09-30
01644000,hbv_lite_cma,evaluation,0.60534,0.728159,-0.016369,-0.17655,1.642167,13,explicit_euler_dt1,hbv,success,,27.34,0.65,0.0201502502537942,4.696321415300037,0.0260740812114184,4.4963269485970456e-08,456.4719282171694,3.0486899269394114,0.3412872500268099,0.8999945208129834,0.1636872336946268,13.060958370766391,1.010711490590475,0.0457932729257161,1.80148682609663,0.0,0.0,271.1109057673338,1.4407899300599225,8.803724923664502,cal_final_2008-09-30
01664000,hbv_lite_cma,evaluation,0.617847,0.711288,0.126556,-0.012522,1.270055,13,explicit_euler_dt1,hbv,success,,35.0,0.6586,-1.5399991028455644,0.8225977110254084,0.0803179814189553,3.1723298207721875e-08,659.0083111919467,4.424557537439599,0.7761496080040313,0.828917567534528,0.4276287797912346,42.14260449090539,3.61193834079581,0.1001079650968134,2.5713609588316726,0.0,0.0,458.5862744741341,0.0,6.140404003041173,cal_final_2008-09-30
01666500,hbv_lite_cma,evaluation,0.58805,0.638703,0.138253,-0.057391,1.019389,13,explicit_euler_dt1,hbv,success,,27.52,0.5567,-2.160242291258644,0.5000262424683826,0.0865525336992961,0.1374133331281814,965.5951944828043,5.88228797326414,0.999510189947484,0.6486739035599254,0.1673302717603048,14.23064560737935,1.618176963471003,0.047588063150105,1.5052844738969346,0.0,0.0,784.8789115461285,0.0,14.036155791409922,cal_final_2008-09-30
01667500,hbv_lite_cma,evaluation,0.578979,0.632719,0.130182,-0.018944,0.876327,13,explicit_euler_dt1,hbv,success,,25.59,0.6389,-2.4999939373675204,0.5031484283071533,0.0986016424168158,0.1574982016428006,746.588950049023,5.999997902688926,0.9062073932139564,0.5407017631571016,0.1718601981955478,17.707276372222573,1.2031711836113523,0.0450851595428965,1.8729244922675456,0.0,0.0,593.2630228646846,0.0,11.224715931655831,cal_final_2008-09-30
01669000,hbv_lite_cma,evaluation,0.581835,0.518751,-0.162385,-0.378512,2.190489,13,explicit_euler_dt1,hbv,success,,23.58,0.6855,-1.6100317983624992,9.999941861509951,0.0728784337038825,0.1687356064239473,999.9999998205014,1.5168600975113402,0.2000000443398543,0.7203947300943386,0.1889802133167815,11.42210122991784,2.5757243542534387,0.0241349047376429,1.3902214963883257,0.0,0.0,310.0211846747584,0.0,22.634084370428493,cal_final_2008-09-30
01669520,hbv_lite_cma,evaluation,0.612626,0.552859,0.058099,-0.184627,6.185975,13,explicit_euler_dt1,hbv,success,,54.87,0.6912,-0.3999982718274681,1.7620664293069852,4.262599267325586e-05,1.0426795871126995e-05,999.9957998874024,3.0336204307874315,0.8214994030709619,0.3830082559029931,0.0833768822110451,13.149046166402186,0.939271530500928,0.0393754647251949,4.116879374941423,0.0,0.0,643.7506375302232,7.652900820380984,11.884350416147766,cal_final_2008-09-30
02011400,hbv_lite_cma,evaluation,0.51845,0.564191,-0.105685,-0.204703,-0.346466,13,explicit_euler_dt1,hbv,success,,30.07,0.6897,-2.3199978547340323,1.3915003880467216,0.0266387253464349,5.734637037009105e-11,786.3971879926338,5.999999948885137,0.2362596488416883,0.5118858313247538,0.239301565972328,16.323928776644387,1.714541441384,0.1106131520392322,1.0043237370885427,0.0,0.0,514.9884378194297,0.0,1.3506012967392451,cal_final_2008-09-30
02013000,hbv_lite_cma,evaluation,0.634749,0.632107,-0.034461,-0.226083,0.45892,13,explicit_euler_dt1,hbv,success,,27.35,0.7589,-1.390001477099766,2.6235883487829,0.0665407381103414,2.34990906742584e-06,678.434605060098,5.999942036801337,0.8881125757573709,0.8999999354050802,0.225561991307832,10.154524990282235,1.3971288615337516,0.0816951169334055,1.0011044614128095,0.0,0.0,464.1003549219267,0.0,2.40878027497128,cal_final_2008-09-30
02014000,hbv_lite_cma,evaluation,0.44732,0.682427,0.046386,-0.241293,1.356163,13,explicit_euler_dt1,hbv,success,,27.8,0.748,-1.8600012420997467,1.6732665309428736,0.097461806147635,0.1657937670358073,65.3171944915247,5.999966049074692,0.3652054053117235,0.8999999933244222,0.2071509145033359,16.537621353791636,4.185287505740387,0.0122689072401713,1.888734455250268,0.0,0.0,31.86076636891525,0.0,18.9111139173628,cal_final_2008-09-30
02015700,hbv_lite_cma,evaluation,0.552968,0.589818,-0.036333,-0.18258,-0.200623,13,explicit_euler_dt1,hbv,success,,27.47,0.635,-2.059933279844796,1.542982100949526,0.0095475459539526,0.1696866511157519,503.6548979464922,4.565026914239866,0.9999966627244408,0.8972729296817934,0.425572140168705,26.051601465304586,3.3970119334314086,0.1017238310034932,1.8271346310523968,0.0,0.0,351.58301004829224,0.0,3.2430258724317875,cal_final_2008-09-30
02016000,hbv_lite_cma,evaluation,0.561912,0.661172,0.143867,-0.085166,1.070819,13,explicit_euler_dt1,hbv,success,,35.09,0.6987,-1.8700011651601067,0.954792413226922,0.0387030568856563,0.0313260038730292,136.3790929094626,1.000001893434703,0.2000208672339996,0.6542877981497731,0.1932741387924112,11.709136308285348,1.2242902585964643,0.0198723825124941,2.1405405633552324,0.0,0.0,35.242856388852054,0.0,21.98569019571438,cal_final_2008-09-30
02017500,hbv_lite_cma,evaluation,0.659164,0.692281,-0.055599,-0.254657,1.120337,13,explicit_euler_dt1,hbv,success,,27.4,0.7435,-1.7899982168808588,1.5702477173462572,0.0996381180057753,5.453768446389965e-07,377.9591508408908,3.708601225641632,0.9999999991977576,0.899999295864136,0.201285472203311,15.12572114262934,1.3557052141591706,0.0964151048506282,1.48329741145459,0.0,0.0,231.872711953706,0.0,2.917368617711157,cal_final_2008-09-30
02018000,hbv_lite_cma,evaluation,0.647282,0.684401,0.010184,-0.184869,0.634971,13,explicit_euler_dt1,hbv,success,,34.92,0.7344,-1.3310747974396735,1.4877042428528404,0.099596626797607,0.0657577661594892,367.2104965156404,4.202600863046183,0.9999992278492976,0.7013122332935549,0.1796508966323274,11.480493111832413,1.2234664115613028,0.0549800060907303,2.4337665010304432,0.0,0.0,240.70949843627545,0.0,5.030489939474999,cal_final_2008-09-30
02027000,hbv_lite_cma,evaluation,0.438176,0.71605,-0.06595,-0.152571,0.224015,13,explicit_euler_dt1,hbv,success,,27.56,0.5993,-1.9999971360597,0.5003301864640742,0.0813436191594377,5.2881501414057776e-08,206.4759647218906,4.778767189667013,0.99999998433175,0.8999999998054843,0.2566974713723435,21.286331626412736,2.733568518254968,0.0458805333860394,1.640927530349651,0.0,0.0,158.93569987168817,0.0,9.783928301176998,cal_final_2008-09-30
02027500,hbv_lite_cma,evaluation,0.476457,0.535756,-0.15228,-0.28395,1.10953,13,explicit_euler_dt1,hbv,success,,26.65,0.6271,-1.8699998982750448,0.5399029933086875,0.0215552827000415,1.128627775500346e-09,212.9515507821404,2.6295233099834103,0.9999999978842428,0.8999999961088939,0.1586619924356201,25.474980216586783,1.6026403918311622,0.054083942470791,1.0292239505868532,0.0,0.0,143.23650173657637,0.0,11.264081591409004,cal_final_2008-09-30
02028500,hbv_lite_cma,evaluation,0.58025,0.685906,0.083619,-0.139801,1.604769,13,explicit_euler_dt1,hbv,success,,27.28,0.6501,-0.909999804615202,0.5153385191651406,0.0933234185994698,2.5741197564210364e-09,368.6026600369949,5.999999592876793,0.9688754804225684,0.8999999883000616,0.2428353706604923,37.865189079029626,3.245598660714906,0.0262290417208423,1.992168512444584,0.0,0.0,312.9526511141085,0.0,24.439698863828426,cal_final_2008-09-30
02038850,hbv_lite_cma,evaluation,0.411202,0.428066,0.111984,-0.188226,2.235036,13,explicit_euler_dt1,hbv,success,,27.49,0.604,-0.3998152338019309,1.3862719535891876,0.0839000822021833,0.1998940400433524,464.7693073018313,1.3678098041302658,0.3002667969988642,0.8999785158109462,0.3404421931450513,16.0332464077092,2.940424309770728,0.0010000036227279,1.546349243232112,0.0,0.0,172.39165850847343,0.0,697.829421295868,cal_final_2008-09-30
02046000,hbv_lite_cma,evaluation,0.572865,0.633772,0.248288,-0.093751,14.46587,13,explicit_euler_dt1,hbv,success,,34.37,0.6836,-2.499998090669641,2.9745293240559825,0.0745134332600341,1.0071986544673465e-06,285.2937432540848,5.999999990747534,0.2000000585935561,0.8601869323395279,0.3803056807523868,25.02154248784283,2.7856177552792123,0.0077846180553601,2.316772443117987,0.0,0.0,211.9582306493492,0.0,47.68671657275234,cal_final_2008-09-30
02051500,hbv_lite_cma,evaluation,0.62109,0.560204,0.150994,-0.179058,4.646649,13,explicit_euler_dt1,hbv,success,,42.55,0.6391,-0.2699999678964673,6.298142778324376,0.0963755640674763,2.4613400205419e-07,521.7691013597882,1.589688579599035,0.2000000099449453,0.7482088579391714,0.4650821136245013,55.25159276586143,1.31827683772479,0.001000000000335,3.0424081128920006,0.0,0.0,183.5824856839606,0.0,461.0293500460868,cal_final_2008-09-30
02053200,hbv_lite_cma,evaluation,0.706787,0.628449,0.090577,-0.147998,5.049466,13,explicit_euler_dt1,hbv,success,,81.88,0.6903,-1.4499871202665098,9.99977014014328,0.0073615037820298,0.1036493603077458,575.3046750123535,5.999999898372368,0.5754099670782113,0.147626176334041,0.2991763047437598,16.061246375603222,1.0241023017722115,0.1903650155386885,8.116240401964836,0.0,0.0,373.4139557367329,0.0,0.9566836692198156,cal_final_2008-09-30
02053800,hbv_lite_cma,evaluation,0.56636,0.660786,0.166868,-0.099424,2.11331,13,explicit_euler_dt1,hbv,success,,27.31,0.7367,-1.4399989637444164,1.249823889344555,0.05078445549326,2.084598463747495e-07,774.1065605835217,5.999968124052058,0.915038392293576,0.8999998211527553,0.1779773444984653,21.11931736955416,1.7402678569565586,0.0010000004113919,1.3255407891708892,0.0,0.0,571.272178297108,0.0,702.5597088051439,cal_final_2008-09-30
02055100,hbv_lite_cma,evaluation,0.640924,0.684502,0.222764,-0.014576,0.959368,13,explicit_euler_dt1,hbv,success,,27.39,0.6811,0.1498775500194282,1.9305549947813585,0.088973431248476,2.227467234796468e-05,733.3926401596165,4.302002185733874,0.999999821581226,0.8999993078565189,0.2029630588122826,11.032734370763253,3.251153099234182,0.0471914573958255,1.769382019961717,0.0,0.0,521.0495878068285,0.0,10.538262328725608,cal_final_2008-09-30
02056900,hbv_lite_cma,evaluation,0.613343,0.642582,0.04615,-0.138017,0.29188,13,explicit_euler_dt1,hbv,success,,27.48,0.6444,-1.379950567448063,1.7085407194102242,0.0865306243817628,0.1999078687150713,901.0171839906092,2.465313565360843,0.3870259831715858,0.7578029167784665,0.147389006282963,13.467707777621635,2.3897855996218875,0.0585354154487701,1.0244473445412068,0.0,0.0,400.7376323353616,0.0,7.114854374952783,cal_final_2008-09-30
02059500,hbv_lite_cma,evaluation,0.526566,0.483604,-0.048579,-0.294356,1.281717,13,explicit_euler_dt1,hbv,success,,27.28,0.6334,-1.0226057800751178,1.7199390772655765,0.0261842778685378,0.1999141065485752,652.5648210684843,1.136301939509639,0.200545935095877,0.8999711642117237,0.2354831644309257,13.251981020281518,1.3315431443519237,0.0010007725428602,1.9929005158775943,0.0,0.0,113.052320568046,0.0,489.0786671521512,cal_final_2008-09-30
02064000,hbv_lite_cma,evaluation,0.42666,0.402457,0.004808,-0.155459,0.328577,13,explicit_euler_dt1,hbv,success,,27.35,0.6427,-1.5299283750208903,1.1606586433262058,0.0990222432087951,0.1999999682169367,781.8681380353448,1.7909671406933887,0.4792289096930854,0.579240066680473,0.1523311533976615,7.529229574488011,1.2912041332879305,0.0364835863802672,1.6670757550199615,0.0,0.0,313.36433080640165,0.0,11.432352742221756,cal_final_2008-09-30
02065500,hbv_lite_cma,evaluation,0.414538,0.395163,-0.050692,-0.27957,1.185162,13,explicit_euler_dt1,hbv,success,,35.31,0.5181,-0.5100046556171101,7.703712165221753,0.0265225431749242,0.1137107955847586,654.6367529794463,1.28328409744948,0.2000000046913469,0.4229231998426447,0.1155718946095934,9.575725413975851,1.2407226280080188,0.0010000000011458,2.894379143539905,0.0,0.0,154.98275372008365,0.0,582.2614405173907,cal_final_2008-09-30
02069700,hbv_lite_cma,evaluation,0.591719,0.619816,-0.12034,-0.272863,0.093818,13,explicit_euler_dt1,hbv,success,,27.56,0.6251,0.4500089919355798,4.596150418112127,0.0005124516389836,2.007056969832618e-06,848.973735317034,1.0572319096796146,0.2000001480173857,0.5154738693876681,0.1864315768862975,17.62371671259618,3.100095538113962,0.0295876672850593,1.0144498376947264,0.0,0.0,202.4715746924141,0.0,21.52344730510533,cal_final_2008-09-30
02070000,hbv_lite_cma,evaluation,0.5261,0.678166,0.008612,-0.099925,0.09062,13,explicit_euler_dt1,hbv,success,,27.1,0.5771,-0.3899991876373261,1.6664832414281745,0.0999204414501398,6.346880725280722e-07,858.8257821986759,1.0000000694897582,0.2323919246387251,0.8999999405462413,0.3567065124857545,16.04031061374422,2.868697396716942,0.0462785289567737,1.8416270817236893,0.0,0.0,208.2934678549366,0.0,15.419215108534376,cal_final_2008-09-30
02074500,hbv_lite_cma,evaluation,0.582154,0.507062,0.357246,-0.005412,1.926779,13,explicit_euler_dt1,hbv,success,,27.36,0.5267,-0.579999554069426,1.6008885552926957,0.0621489601058812,5.564940621479885e-07,572.6247275520086,3.952127084140536,0.918326637287531,0.8999999433969035,0.331917880126079,11.848787714301723,3.5739264688955523,0.0010000000346493,1.1056290659886143,0.0,0.0,446.0582753148041,0.0,884.3475381457819,cal_final_2008-09-30
02077200,hbv_lite_cma,evaluation,0.289256,0.208392,0.448839,-0.024418,37.745115,13,explicit_euler_dt1,hbv,success,,27.46,0.6007,-2.496709435505784,9.548565133580311,0.0022989939044915,0.1351049478869796,299.832826658415,3.1029154371044774,0.6830411386322243,0.6043936694055271,0.1435195189801625,11.205624091416231,1.249933206809212,0.0010000001294816,1.1830872473801592,0.0,0.0,246.18962486320729,6.073851944451148,590.633201416299,cal_final_2008-09-30
02081500,hbv_lite_cma,evaluation,0.551773,0.406357,0.400284,-0.029372,12.607124,13,explicit_euler_dt1,hbv,success,,33.79,0.6042,-2.420000753509777,3.4814529235998912,0.0247761209244999,3.3769638359096595e-08,332.51149053042576,1.819787395993268,0.3716549647224636,0.8013436716216689,0.4734369254551264,20.36843045605537,1.808448317146488,0.0782506641193896,2.9205823771635173,0.0,0.0,220.4795241835008,0.2853035591909861,12.147911275860636,cal_final_2008-09-30
02082950,hbv_lite_cma,evaluation,0.488751,0.399435,0.120601,-0.185604,3.879063,13,explicit_euler_dt1,hbv,success,,43.42,0.6319,-1.3399644870472784,9.99366231283022,0.0984857662353539,0.0247452931081682,680.6313970399589,2.387874635758761,0.4509396756658487,0.3526615595065545,0.0978704316167962,4.728399239452495,0.7123253218203995,0.064881448448059,3.315289600903415,0.0,0.0,331.4519808698514,1.974888621059964,6.3410401146862885,cal_final_2008-09-30
02092500,hbv_lite_cma,evaluation,0.772455,0.579984,0.408024,0.03232,18.636368,13,explicit_euler_dt1,hbv,success,,56.81,0.7831,1.8803541903340169,7.462339782862292,8.586487377357681e-05,0.0928145187611819,182.8954815170161,5.999982620059124,0.2000001773343252,0.2642177763980253,0.1336104665075188,32.273153228231486,1.7484055078049732,0.0010000000307932,4.917503486280523,0.0,0.0,166.59761953415617,4.450665301424001,632.6378723439124,cal_final_2008-09-30
02096846,hbv_lite_cma,evaluation,0.540396,0.410514,0.415373,-0.114369,59.369508,13,explicit_euler_dt1,hbv,success,,27.27,0.5675,-1.862122523132384,7.785066102014413,0.0005493048258514,0.1750408380002595,313.1577205366438,1.8598751027852487,0.2000052775204925,0.8999998637576037,0.2553327087554548,11.580938652987468,1.9005117099442004,0.0010000050626898,1.0260469028440218,0.0,0.0,201.971902077952,0.5673171749946443,643.5546800267849,cal_final_2008-09-30
02102908,hbv_lite_cma,evaluation,0.481999,0.640475,-0.089097,-0.22658,0.418198,13,explicit_euler_dt1,hbv,success,,27.68,0.5722,-1.430001982794812,0.6015894676826742,0.0718361137723448,0.1999994710242634,832.6627320707084,1.000000000063269,0.4602438709720208,0.8999999990926529,0.1989940320334668,24.4245978959911,2.8928590261457447,0.0046933042493916,1.0354094427990073,0.0,0.0,366.2357807711188,0.0,229.3520416536093,cal_final_2008-09-30
02108000,hbv_lite_cma,evaluation,0.837054,0.701917,0.216205,-0.020207,4.351131,13,explicit_euler_dt1,hbv,success,,86.54,0.7035,-0.4895086771280601,9.98478805379237,0.064226883149838,0.0008013038995723,510.8177334491252,2.2067707603187774,0.2000017242121944,0.6687263721547314,0.3179383401738568,86.56529394521417,1.7650793130978015,0.1037207805669106,8.523698990071525,0.0,0.0,342.9784762264463,0.9046643783664065,10.73517262028254,cal_final_2008-09-30
02111180,hbv_lite_cma,evaluation,0.575451,0.575891,-0.016474,-0.166471,0.273982,13,explicit_euler_dt1,hbv,success,,27.37,0.6878,-1.069685077528052,7.48560625130712,0.0964413325767395,0.0992849300570918,455.779480114633,1.0000054779462562,0.2954796282616827,0.8999995881776011,0.1802459776766753,24.16103913936323,2.360949487988812,0.0332041630078714,1.3447825180873485,0.0,0.0,217.7702661546846,1.8062432638624395,36.48382461388907,cal_final_2008-09-30
02111500,hbv_lite_cma,evaluation,0.635614,0.723417,0.025641,-0.108739,0.328176,13,explicit_euler_dt1,hbv,success,,27.69,0.6993,-2.459707788919121,4.493006315857523,0.0985686924591754,3.837507733239707e-06,897.011947286716,1.0000061181830016,0.2379233352140503,0.8983194538233562,0.1579733999479848,17.348301872223544,2.6685902585778725,0.0203141588649924,1.9928632446590977,0.0,0.0,251.72205642675,0.0,39.66076485083834,cal_final_2008-09-30
02112120,hbv_lite_cma,evaluation,0.569562,0.627877,0.069994,-0.120598,0.427493,13,explicit_euler_dt1,hbv,success,,27.87,0.5216,-2.3276428175144632,9.999182762235032,0.0520648449481446,0.0462215849508118,898.1973989977269,2.599811829006713,0.5861313284694945,0.796654688054103,0.1609874733484994,27.19710065355142,3.495525816836632,0.0145885723780419,1.9995733443363508,0.0,0.0,565.0409172307792,0.0,62.51341302594953,cal_final_2008-09-30
02112360,hbv_lite_cma,evaluation,0.566084,0.680896,-0.040684,-0.159212,0.078307,13,explicit_euler_dt1,hbv,success,,27.05,0.5731,-2.499999993543196,5.141719500216463,0.0994694189841221,0.0496942205059896,948.505008628232,1.000000000000126,0.2666549631628019,0.6792655670555575,0.335699909687103,85.5903529468975,5.189021094473133,0.0293859569126861,1.396142907695575,0.0,0.0,286.53260326156726,0.0,37.04839921963948,cal_final_2008-09-30
02118500,hbv_lite_cma,evaluation,0.597739,0.615005,0.142451,-0.157674,1.68883,13,explicit_euler_dt1,hbv,success,,27.51,0.5313,-2.310000025679211,2.203792408620919,0.0999303754957038,0.183022800332983,918.8301410125104,2.7133730819417394,0.8490495298654135,0.5508399542601172,0.1387931098265457,12.480739601421732,1.864289281216377,0.0010000000001554,1.2991403169082782,0.0,0.0,622.3551661213786,1.5133558870455173,824.0528425078145,cal_final_2008-09-30
02125000,hbv_lite_cma,evaluation,0.527557,0.557674,0.24587,-0.117893,51.061583,13,explicit_euler_dt1,hbv,success,,26.92,0.5837,-1.939693463609438,0.9385115655895272,0.0426699986836543,0.1997077224945523,197.3024667442013,4.663677518772007,0.6306988648174594,0.8999999994357596,0.1696677127037079,8.121345590331309,1.6996800669110546,0.0118143923986611,1.7364679992388357,0.0,0.0,176.56269593169284,3.398177920995172,55.355463070052,cal_final_2008-09-30
02128000,hbv_lite_cma,evaluation,0.484185,0.373254,0.357099,-0.103255,8.624099,13,explicit_euler_dt1,hbv,success,,27.33,0.6107,-2.078878764355649,4.444848983974255,0.0229645973115414,0.0954819665327846,423.48546220318326,2.640686733368291,0.8458223437722547,0.8999999940277329,0.1709001234966319,11.77664537621406,1.5254899377555224,0.0010000000006497,1.5465614564350003,0.0,0.0,316.4470613553213,3.917048794014444,711.0681057817127,cal_final_2008-09-30
02137727,hbv_lite_cma,evaluation,0.648297,0.751908,0.057627,-0.149201,0.592732,13,explicit_euler_dt1,hbv,success,,27.32,0.736,-1.226651564401815,9.999995108017718,0.0900397294383962,0.179585997685844,111.6024310781246,1.2830716954541872,0.2000000000147421,0.8999999999967193,0.4999999999988831,34.67386574815327,9.81766517654254,0.0118773666716009,1.3370261391335336,0.0,0.0,73.1139951986688,0.0,104.2463687495546,cal_final_2008-09-30
02140991,hbv_lite_cma,evaluation,0.705653,0.704914,0.123607,-0.013385,0.769676,13,explicit_euler_dt1,hbv,success,,27.48,0.7036,-2.4321102471569915,8.03414121641362,0.0604271957096975,0.1819560225619902,385.4695405620155,4.378773730928005,0.9830441588463276,0.8227537901248178,0.1628373638404997,26.48169671857244,2.9110595826128454,0.009684267087711,1.649361554944078,0.0,0.0,349.0974607727542,3.755946421675776,118.55352252628786,cal_final_2008-09-30
02143000,hbv_lite_cma,evaluation,0.613116,0.738881,0.049466,-0.124759,0.478882,13,explicit_euler_dt1,hbv,success,,27.65,0.7011,0.2200775017115135,1.990350347935245,0.0158013994548117,2.4703102282334346e-07,253.2609501057758,5.566140630771953,0.9402922515818724,0.8999998983869628,0.2520767543881687,22.419711933566298,5.384713674691976,0.0080118301896472,1.2221197190847226,0.0,0.0,212.8716980240575,0.0,74.22037025378481,cal_final_2008-09-30
02143040,hbv_lite_cma,evaluation,0.579241,0.760788,0.019032,-0.069103,0.338974,13,explicit_euler_dt1,hbv,success,,27.29,0.6909,-1.84673502809822,9.30500085231863,0.0868726436873793,0.1486533653597812,333.17709051085984,2.6828974505844068,0.9543318609239052,0.8867572909153442,0.2809129033491901,18.123990376817567,3.069788257010547,0.0225515987878945,1.8988547192044367,0.0,0.0,243.52224428934372,0.0,40.14027915633292,cal_final_2008-09-30
02149000,hbv_lite_cma,evaluation,0.643897,0.821412,-0.025011,-0.087372,0.295966,13,explicit_euler_dt1,hbv,success,,27.49,0.7219,-0.5432226088607033,9.494481715959347,0.0881152512133403,0.0803061933360009,999.9999995079468,2.080732948898139,0.8356363347243827,0.8105612283807835,0.1185147192210722,16.51367506579539,1.6770466208736057,0.0168178352074201,1.9806405996535028,0.0,0.0,582.1647242845077,2.6667783411968013,40.03201530638815,cal_final_2008-09-30
02152100,hbv_lite_cma,evaluation,0.515365,0.695988,0.206077,0.019995,0.712524,13,explicit_euler_dt1,hbv,success,,27.42,0.591,-0.2199975927115174,0.6228934950620093,0.0709940168590299,2.065191245840212e-06,523.2344244323739,5.999997858363687,0.9214626971641366,0.8999999753698297,0.3200592401368284,25.53481863268792,4.838232243890335,0.0072967563571824,1.0638186937608958,0.0,0.0,412.6430058256255,0.0,68.98322922421933,cal_final_2008-09-30
02177000,hbv_lite_cma,evaluation,0.761573,0.873706,-0.009369,-0.085832,0.173964,13,explicit_euler_dt1,hbv,success,,26.6,0.7014,-1.8900159255435045,0.5000070076775693,0.061568092402557,0.1999990977970184,854.8553804356742,1.4866871713950076,0.212880348948233,0.5416602523808189,0.1294159342163972,37.32081438312755,5.913154300289777,0.0413051880444925,1.3899996807382995,0.0,0.0,385.0675835834425,0.0,18.29956685977483,cal_final_2008-09-30
02178400,hbv_lite_cma,evaluation,0.724174,0.837277,0.095918,-0.012431,0.422253,13,explicit_euler_dt1,hbv,success,,27.51,0.781,-1.3300000113869177,0.5000000046765881,0.0865331132303533,6.69003235008917e-10,976.8225990910552,2.0470267792794736,0.2066484116735082,0.859415298786876,0.1309607188739562,44.035860968083206,5.42923703214562,0.029889679452312,1.6924897752060175,0.0,0.0,576.9058976017249,0.0,32.34374278523632,cal_final_2008-09-30
02193340,hbv_lite_cma,evaluation,0.512715,0.455735,0.396697,0.024007,4.78984,13,explicit_euler_dt1,hbv,success,,27.36,0.5888,0.214223911841227,8.43849550950782,0.0936093255600933,0.0001277328851855,540.6835616316873,2.353223903207313,0.6158345243600248,0.7124793598090245,0.2011985525856584,6.986084039548512,1.7140380926009915,0.0010000085655708,1.2564399467975338,0.0,0.0,242.32304616032155,0.0,514.7129133804015,cal_final_2008-09-30
02196000,hbv_lite_cma,evaluation,0.529314,0.523227,0.281868,-0.164677,17.094685,13,explicit_euler_dt1,hbv,success,,35.05,0.5575,2.153385182774426,1.178651936896417,0.0102330945413694,0.1753639285648184,429.4035956562029,3.1339438118717307,0.312642816227503,0.1793838255092502,0.4507238316221825,39.50215309131303,2.3184774837220767,0.0010000002783123,2.8165774710292166,0.0,0.0,103.46585221318864,0.0,409.87240616189325,cal_final_2008-09-30
02198100,hbv_lite_cma,evaluation,0.477892,0.461049,0.02182,-0.287823,4.262287,13,explicit_euler_dt1,hbv,success,,29.93,0.6495,-0.9962974952227974,9.448019276900729,0.0930674015839903,0.1681378795520107,443.0790457520759,4.680824539461296,0.479773943244705,0.6069287447764888,0.0973110341425069,28.06032769350387,1.4433006600014613,0.0010000000004179,1.020233731560115,0.0,0.0,232.42490813414463,0.0,443.717741019968,cal_final_2008-09-30
02202600,hbv_lite_cma,evaluation,0.647524,0.699268,0.101721,-0.113972,18.28604,13,explicit_euler_dt1,hbv,success,,60.45,0.6945,2.340010328273741,0.776688003525694,0.0695823087397916,3.926697180978367e-08,649.4092945704614,5.999999998496147,0.4714584486221961,0.8805857055212455,0.387018681263613,89.22286007788821,3.8833235827055583,0.1999999999905093,6.676627294704358,0.0,0.0,323.1587880630036,0.0,0.0167914917680326,cal_final_2008-09-30
02212600,hbv_lite_cma,evaluation,0.627677,0.552372,0.314201,-0.122843,12.281811,13,explicit_euler_dt1,hbv,success,,27.3,0.6201,1.6699447917540056,1.1271623214616535,0.064618151148609,0.0374379067494752,573.3933091057766,3.014631902933489,0.686638321230227,0.8999992640471213,0.3292811571861256,12.447018740848971,2.293341538433189,0.0010000000152183,1.0386279436602843,0.0,0.0,296.6686569885948,0.0,608.5672450488233,cal_final_2008-09-30
02215100,hbv_lite_cma,evaluation,0.600431,0.680954,0.113934,-0.240473,7.099254,13,explicit_euler_dt1,hbv,success,,35.56,0.7455,-1.33092804335103,0.5880523184877322,0.0991532365474007,0.183292224447723,250.07674850104704,5.999999672854342,0.462275383114369,0.5927977442259992,0.1306272215328897,35.99414343770142,2.645675278335759,0.0010000000004337,2.6744037492624018,0.0,0.0,89.69456500359236,0.0,529.4412400219682,cal_final_2008-09-30
02216180,hbv_lite_cma,evaluation,0.688411,0.658117,-0.12461,-0.247363,,13,explicit_euler_dt1,hbv,success,,32.81,0.7536,-0.6182367256852617,9.62674501313623,0.0527238479027252,0.0230987350311499,481.0849054181341,5.4397597067542245,0.5751103221082008,0.317176312858785,0.2521217675258611,19.06811667641442,2.176809908016561,0.0869460555184817,2.259455652378577,0.0,0.0,218.9516562102478,0.0,0.2498325163777062,cal_final_2008-09-30
02221525,hbv_lite_cma,evaluation,0.730928,0.726546,0.08508,-0.222204,3.42986,13,explicit_euler_dt1,hbv,success,,27.25,0.5732,0.7899111176908202,4.1431997062446655,0.0950795860077169,0.1999901817784903,496.3581252129323,2.0294695926748183,0.2000000061515589,0.1877966248604036,0.4119619685415373,29.941159471854625,3.3490217913696965,0.0010000000003011,1.0712937657164656,0.0,0.0,98.58747782916204,0.0,524.5750348973045,cal_final_2008-09-30
02231000,hbv_lite_cma,evaluation,0.74549,0.685256,0.190769,-0.145821,8.404767,13,explicit_euler_dt1,hbv,success,,50.93,0.8704,2.412649297671176,7.020516198856545,0.0253088300816526,0.0995511958430292,411.662808641282,5.999999999997976,0.2000000000001721,0.2368838647661426,0.0896000220522776,59.69180268610853,1.1608746094771174,0.001,5.837070042305844,0.0,0.0,314.0330715490104,0.0,464.5001910534445,cal_final_2008-09-30
02245500,hbv_lite_cma,evaluation,0.451219,0.463388,0.270796,-0.214025,4.034132,13,explicit_euler_dt1,hbv,success,,34.43,0.7078,-2.187824361686065,5.996445091766197,0.01277950219707,0.1551467876605654,612.6128646229567,5.999999999996883,0.2000000000000002,0.5457541803724152,0.1295924153939288,35.02334375670567,1.9323476024025543,0.0010000000000004,2.439448670974239,0.0,0.0,528.1385614992313,0.0,646.0228922516263,cal_final_2008-09-30
02246000,hbv_lite_cma,evaluation,0.648954,0.632865,0.17607,-0.248454,5.476363,13,explicit_euler_dt1,hbv,success,,41.44,0.7244,-0.5987136705123919,9.7424485111833,0.0367904493154271,0.0801511987320244,285.0404508571261,5.999999896517306,0.2000000007193791,0.3610197794511364,0.1152973129329745,32.33749539265966,2.8062832996396674,0.0010000000003882,3.66426954809296,0.0,0.0,209.15828434788835,0.0,725.9296480380153,cal_final_2008-09-30
02296500,hbv_lite_cma,evaluation,0.691264,0.577853,0.387418,0.20353,1.429532,13,explicit_euler_dt1,hbv,success,,82.17,0.9166,1.803884813054922,1.5558813036617756,0.0677049991617065,0.1440204115591067,344.28841075752325,4.880350824052879,0.2000000040817049,0.8999999861237548,0.2115268297467757,77.84668593904918,1.317832089661978,0.137816374045085,8.319657536939339,0.0,0.0,278.4423712107476,2.6093943250435045,5.801550596068059,cal_final_2008-09-30
02297155,hbv_lite_cma,evaluation,0.471147,0.464866,0.320661,-0.376015,54.322621,13,explicit_euler_dt1,hbv,success,,33.4,0.6314,1.0264980308093683,1.649444539163427,0.0262333384195417,0.1665858165889866,574.7195725221972,3.62968745527988,0.2000000000195429,0.8999999999984357,0.1741776121565123,44.058612564851394,3.27202866645018,0.0010000000000229,1.6134917521508818,0.0,0.0,447.195620148213,0.0,915.7673333638536,cal_final_2008-09-30
02297310,hbv_lite_cma,evaluation,0.713833,0.770208,0.109814,-0.113502,3.970548,13,explicit_euler_dt1,hbv,success,,70.34,0.7599,-2.258245855238421,3.818846090776403,0.0999312292931524,0.0145554619626218,267.1142781459549,5.999999999652792,0.2000000001352151,0.3913468095131713,0.2415238513102063,42.12672888821828,2.081467564018734,0.0337270329712953,6.411684400213604,0.0,0.0,213.7580342119438,0.0,35.66833001641524,cal_final_2008-09-30
02298123,hbv_lite_cma,evaluation,0.679857,0.741236,0.080028,-0.143622,0.954837,13,explicit_euler_dt1,hbv,success,,50.51,0.8184,0.4191564107634589,0.5721279856332661,0.0797834189190497,0.0709035701830382,606.9711278430947,5.999999999998294,0.8473759402845156,0.5634123247373148,0.0663194839207921,65.45720108919416,9.612560190732829,0.1591169984996028,4.393531087626641,0.0,0.0,525.3710097926302,0.0,10.154075363738542,cal_final_2008-09-30
02298608,hbv_lite_cma,evaluation,0.747634,0.752582,-0.017014,-0.21196,0.948215,13,explicit_euler_dt1,hbv,success,,50.97,0.74,-1.303654278842422,4.101829715188644,0.0446646775964784,0.0238416790195814,218.2329597613049,5.999999999976639,0.7762125141592258,0.3489536000026534,0.2631054597785043,30.24476177880257,3.3954442760144223,0.0541958260717534,4.159572346956302,0.0,0.0,164.82959667966546,0.0,19.121702180276227,cal_final_2008-09-30
02299950,hbv_lite_cma,evaluation,0.630499,0.67332,0.138166,-0.317303,10.234676,13,explicit_euler_dt1,hbv,success,,26.45,0.7525,-1.824813354158283,1.4837661212098756,0.0769429979002442,0.1116418223614423,311.2606850879495,5.99999999998898,0.7495001963521903,0.5724241410879914,0.2509756222317411,38.85493322023706,3.93617799036621,0.0010000000000101,1.9488018840497443,0.0,0.0,251.4741075908404,0.0,990.7982076796948,cal_final_2008-09-30
02300700,hbv_lite_cma,evaluation,0.587881,0.516717,-0.20071,-0.314731,0.872675,13,explicit_euler_dt1,hbv,success,,34.95,0.5736,2.08891849280245,1.1220164471338798,0.0934953745484759,0.1989572974861837,257.8589612190301,3.255819700932352,0.570266319736191,0.4758885787408791,0.4999999897961515,34.67875410779109,1.0893910389462256,0.006748205965123,2.59858769377027,0.0,0.0,143.92417294150152,0.0,82.76738898068804,cal_final_2008-09-30
02342933,hbv_lite_cma,evaluation,0.590287,0.623371,0.209602,-0.063606,15.89429,13,explicit_euler_dt1,hbv,success,,27.15,0.5672,2.0699629646287336,6.527123093926037,0.0147628301712986,0.1984543608658291,609.8590803529398,4.743222960155,0.5629372921083393,0.8999994862391999,0.4821322328648139,27.38443288814785,1.6581292298341743,0.00100000036772,1.5220849815696955,0.0,0.0,424.3114200826366,0.0,441.5958356952208,cal_final_2008-09-30
02349900,hbv_lite_cma,evaluation,0.588384,0.603799,0.101971,-0.306051,6.922823,13,explicit_euler_dt1,hbv,success,,24.75,0.7536,-1.302505172205808,8.612685541800095,0.0044242237707922,0.1646899979670934,827.422225166885,5.754469768003654,0.7810263216346689,0.7136942926799152,0.27757622469372,24.9584069465042,2.9329711399097103,0.0010010642990166,1.1446242920053264,0.0,0.0,534.4828578392274,0.0,540.7319564901283,cal_final_2008-09-30
02350900,hbv_lite_cma,evaluation,0.758579,0.730682,-0.008182,-0.145159,0.737162,13,explicit_euler_dt1,hbv,success,,54.09,0.6802,-0.24461352893046,7.241962433992927,0.0381304382089766,0.1933961669669239,999.999999999977,1.4548362258641787,0.2000000000000709,0.3843667284867924,0.1610368893388236,30.93176824716357,1.7947554038217883,0.0462475180135584,5.2246207263481725,0.0,0.0,276.52887174171025,0.0,6.878884857397322,cal_final_2008-09-30
02361000,hbv_lite_cma,evaluation,0.664167,0.592415,0.017803,-0.133586,2.077768,13,explicit_euler_dt1,hbv,success,,43.2,0.7123,-1.652303228233139,8.162657768658299,0.0128730146419659,0.181056547077225,460.1171498851396,1.5437031798529168,0.2000000000047251,0.7508865278627123,0.2174202140930015,45.031072711210825,1.948216427629452,0.0010000000000043,3.1097677748499173,0.0,0.0,176.44375060340582,0.0,654.8752570210144,cal_final_2008-09-30
02363000,hbv_lite_cma,evaluation,0.711319,0.682022,0.141754,-0.061643,7.255801,13,explicit_euler_dt1,hbv,success,,63.82,0.7513,2.4999810760087,1.6324133196660997,0.0167237169318569,0.1999800071167191,505.7205265243262,2.3768226340160608,0.3660054467523909,0.2240116078261593,0.2092959304634511,22.60451327620651,1.579519097783787,0.0010000000005969,5.205849857661993,0.0,0.0,263.274303774166,0.0,585.3029575820342,cal_final_2008-09-30
02369800,hbv_lite_cma,evaluation,0.613351,0.532483,0.107916,-0.150802,1.443082,13,explicit_euler_dt1,hbv,success,,32.65,0.6273,1.09961282604031,0.5000195819428898,0.0579111365919216,0.1908357162516204,999.9449497571871,3.3003448599967644,0.4451296233204665,0.3536998260104526,0.1232238301064076,27.54127260313492,1.9532154229961185,0.0010000001555091,2.1739254177489498,0.0,0.0,652.3824884134995,0.0,954.3892992034304,cal_final_2008-09-30
02371500,hbv_lite_cma,evaluation,0.79167,0.781775,0.141625,-0.031168,1.347805,13,explicit_euler_dt1,hbv,success,,68.81,0.752,-2.296110681688213,6.379201586101697,0.0714767852803513,0.0469430609361757,554.9633842956207,2.1923182193729662,0.3043531661750596,0.8485237215799682,0.1891960310140878,49.51461041983254,1.0723818834584402,0.0572123527791791,6.176466828738762,0.0,0.0,248.9394696036542,0.0,4.115372871860642,cal_final_2008-09-30
02372250,hbv_lite_cma,evaluation,0.70878,0.674841,0.144243,-0.020726,2.69062,13,explicit_euler_dt1,hbv,success,,60.31,0.732,0.1741280386614754,6.506268295730222,0.0282220560094595,0.0910140905470808,459.7704362878442,2.4580505854158528,0.2000074515514747,0.6909804764583141,0.2213088978193774,49.2629268328177,1.1284845948628834,0.0036140227719104,5.479316328815193,0.0,0.0,213.5423604782597,0.0,110.8247256155438,cal_final_2008-09-30
02374500,hbv_lite_cma,evaluation,0.709449,0.75249,0.206016,0.088057,0.871312,13,explicit_euler_dt1,hbv,success,,35.79,0.6917,1.3589681037816463,4.210867953111856,0.0328236367385542,0.1949144114036292,618.4142561636504,1.433810470818749,0.2000004412032232,0.4535263999192143,0.1898665772497424,39.52171134461926,2.1896679765338534,0.0036293766546185,2.871881717703832,0.0,0.0,209.0272945694095,0.0,237.32446814820307,cal_final_2008-09-30
02381600,hbv_lite_cma,evaluation,0.475285,0.416205,-0.321196,-0.437196,0.017952,13,explicit_euler_dt1,hbv,success,,27.53,0.4782,-2.464710661770931,3.1627445819454105,0.0999878755354292,0.1759537344280857,62.80162324936169,1.4180374846999204,0.9999999316588368,0.8999965231784168,0.3086070002272666,25.591155737604907,4.757402819631891,0.0214087950081675,1.9519607515671769,0.0,0.0,15.325660407072885,0.0,37.37140303038674,cal_final_2008-09-30
02384540,hbv_lite_cma,evaluation,0.5947,0.700919,0.068414,-0.180447,2.650242,13,explicit_euler_dt1,hbv,success,,27.41,0.6364,-0.5096858438333407,2.111202693225093,0.0905192222095823,0.0565277570770912,74.88814188727102,5.999744448281228,0.2000061375860673,0.5509762017439522,0.2132309301388143,34.56717493408023,4.444929296335944,0.0111613121120587,1.99525586105388,0.0,0.0,8.525305193537733,0.0,49.11434083531307,cal_final_2008-09-30
02395120,hbv_lite_cma,evaluation,0.591585,0.629238,-0.179171,-0.258367,0.633931,13,explicit_euler_dt1,hbv,success,,27.43,0.6799,0.1872213215523017,1.1117576705536374,0.0015333111744704,0.1548573155188186,408.4228711828087,3.416891673505222,0.2000003193630986,0.8211488077697713,0.1553438755707604,17.188002748233117,1.5651339761381042,0.0011098475665738,1.150025444223029,0.0,0.0,103.7690890415256,0.0,441.00231202333305,cal_final_2008-09-30
02415000,hbv_lite_cma,evaluation,0.695498,0.684687,0.049289,-0.162142,1.527027,13,explicit_euler_dt1,hbv,success,,27.02,0.6949,0.6776082111488164,3.576360400389938,0.052010400249209,0.002647570768968,771.9096361867402,2.0360462615542017,0.5635514430386048,0.469809945710306,0.2058606688292095,10.97811387575041,3.215356708830192,0.045311425954368,1.9150343947448225,0.0,0.0,381.6738494273367,0.0,8.835824897713417,cal_final_2008-09-30
02427250,hbv_lite_cma,evaluation,0.724144,0.620428,0.330479,0.035281,4.170177,13,explicit_euler_dt1,hbv,success,,35.07,0.6794,0.1809181256571204,2.309250868154327,0.0966240480306288,0.1670174858899731,426.31806342199513,2.820565785094346,0.4714291694063108,0.5405030151323807,0.1319848530467819,10.492702650937192,1.4693747518056308,0.0010000000342734,2.3371091976421767,0.0,0.0,252.45259301691388,0.0,650.3371699853162,cal_final_2008-09-30
02430085,hbv_lite_cma,evaluation,0.599669,0.744359,-0.070333,-0.226245,1.026223,13,explicit_euler_dt1,hbv,success,,27.29,0.7219,-0.1402439434945774,8.054292598967074,0.0563815313397855,0.0016054702886175,568.5155428710973,1.0000021064377942,0.2000033573415596,0.6588961394187994,0.2003158288845059,9.845627920163938,2.522678104629965,0.0612323585543391,1.0429133649202609,0.0,0.0,83.04337037882662,0.0,4.958260974379496,cal_final_2008-09-30
02450250,hbv_lite_cma,evaluation,0.709288,0.736103,0.136833,-0.034258,2.983005,13,explicit_euler_dt1,hbv,success,,27.13,0.7378,-1.749782278815028,0.9158540920621392,0.0312577978468468,0.0439882210522426,305.5277844347172,3.501068952144885,0.2000002668502336,0.830176308064943,0.2666964885110589,18.344305891627773,0.975146578485224,0.023017483497612,1.0054886028548669,0.0,0.0,77.17720196896006,0.0,4.135756471074484,cal_final_2008-09-30
02464000,hbv_lite_cma,evaluation,0.773044,0.72531,0.204103,-0.064378,9.572226,13,explicit_euler_dt1,hbv,success,,34.75,0.6944,0.7762565991579811,1.5629719183275503,0.09954465059374,0.1999977347432139,622.2436953046619,5.99999804951941,0.9481979771010692,0.5028574668940005,0.1478380194867936,11.767917528148686,1.1877385812858308,0.0010000000065543,2.0274711175210784,0.0,0.0,433.3482738332092,0.0,617.7029438171578,cal_final_2008-09-30
02464360,hbv_lite_cma,evaluation,0.691533,0.796602,0.070012,-0.060721,0.205906,13,explicit_euler_dt1,hbv,success,,25.62,0.5793,-1.9050555375583675,3.4480176321484786,0.0051256216051356,0.0636265163531484,757.6805043021938,3.561671970936181,0.749646876123433,0.8999999999940514,0.4305652781231391,34.732999198742355,3.547053072336457,0.0653300821463758,1.7439768578053965,0.0,0.0,423.454858212593,0.0,2.678449204472511,cal_final_2008-09-30
02465493,hbv_lite_cma,evaluation,0.670355,0.654482,0.187531,-0.053616,1.221282,13,explicit_euler_dt1,hbv,success,,25.92,0.5861,-1.882683880824908,1.0324663236673224,0.0063504932217693,0.1679767775980524,674.1441066558584,1.332571863551795,0.2000000103295802,0.8999998059771471,0.176814657056584,32.3092264066249,2.4422994204107127,0.0010000001755662,1.0342857016336051,0.0,0.0,141.67685370307308,0.0,800.2968193979203,cal_final_2008-09-30
02469800,hbv_lite_cma,evaluation,0.736337,0.693533,0.220777,-0.046982,5.207954,13,explicit_euler_dt1,hbv,success,,27.89,0.7292,0.8238969792442314,8.288239945931942,0.0237180771954091,0.1976807646141422,584.7400377834285,3.252359059611392,0.7096346300768654,0.4008416719546933,0.1239107797896349,13.556962751186486,1.0234526055127888,0.0010000000703185,2.245293372263764,0.0,0.0,355.1764927037579,0.0,557.2604310192324,cal_final_2008-09-30
02472000,hbv_lite_cma,evaluation,0.726036,0.687693,0.188158,-0.031425,2.608123,13,explicit_euler_dt1,hbv,success,,56.3,0.7492,1.3001693501157423,9.999021717390097,0.0885587891484873,0.0522534200620558,573.7776158079695,5.348888268064769,0.7601266041940562,0.8244439730527976,0.3260659359005906,99.9108133506568,1.3436729340885778,0.0010000000524783,4.957085742984745,0.0,0.0,459.16387787273845,0.0,526.0053823594797,cal_final_2008-09-30
02472500,hbv_lite_cma,evaluation,0.696931,0.672752,0.174352,-0.002128,0.93961,13,explicit_euler_dt1,hbv,success,,43.48,0.7583,2.388320345012999,1.089328398279128,0.0658103924690349,1.862165060248721e-05,419.8451284352321,2.039693682860721,0.2318565694521888,0.8999812334755343,0.3738080460696609,79.27516653615567,3.02906559219792,0.0010000005268729,3.0781116889124323,0.0,0.0,209.4775032866752,0.0,796.080573713788,cal_final_2008-09-30
02479155,hbv_lite_cma,evaluation,0.602876,0.497996,0.297075,-0.143808,5.489476,13,explicit_euler_dt1,hbv,success,,26.74,0.6206,-0.2163835830978371,2.150948008202883,0.054129151591326,0.0647870126661333,999.9999999516684,5.4149585482110965,0.9804720776254976,0.699445840342448,0.2217249186245579,25.069889958944145,2.46847431216259,0.0010000000000012,1.2520895364218874,0.0,0.0,839.3259883016153,0.0,1123.7578888056196,cal_final_2008-09-30
02479300,hbv_lite_cma,evaluation,0.710726,0.721866,0.091232,-0.111983,1.389998,13,explicit_euler_dt1,hbv,success,,56.27,0.7397,-2.080486666530045,9.977997148108877,0.0737573284171523,0.1912972971300486,478.30238974687336,1.4943669130326784,0.2000000000245449,0.2635256494457185,0.1749763613880103,9.194756327252133,1.517328728447029,0.0010000000000188,5.091590816115002,0.0,0.0,222.0208414592753,0.0,831.0153748167221,cal_final_2008-09-30
02479560,hbv_lite_cma,evaluation,0.825828,0.800819,0.090007,-0.069988,0.569264,13,explicit_euler_dt1,hbv,success,,61.75,0.7891,0.7103118127971197,9.99419816734492,0.0297524613826772,0.000113927569672,455.8410544141576,1.4149248959820415,0.3029059191136909,0.899991049429783,0.3358438249752635,69.03602298785796,2.809034189188369,0.0700318788396759,5.933202401144824,0.0,0.0,202.38107610933315,0.0,9.173001812785538,cal_final_2008-09-30
02481000,hbv_lite_cma,evaluation,0.744184,0.666662,0.297508,0.027484,10.370001,13,explicit_euler_dt1,hbv,success,,27.19,0.7847,-1.7838565189059596,1.6072070804834242,0.0516070118054957,0.1100974844031275,534.8388246235535,5.9999999934187125,0.9999999995409664,0.6161794164653763,0.4142742982018951,32.47042910506895,1.9657620482847653,0.0010000000001775,1.223973395433167,0.0,0.0,467.8036987471299,0.0,903.2715817720348,cal_final_2008-09-30
02481510,hbv_lite_cma,evaluation,0.706246,0.759563,0.135633,-0.08361,3.018802,13,explicit_euler_dt1,hbv,success,,33.61,0.7664,-1.780502140704992,2.6486412110192514,0.0171147872598926,0.0533979033854697,309.5424531236914,5.99999999987539,0.2000000000242545,0.2474549850012596,0.2943568929686417,17.337092429966944,2.8861779236558966,0.0047513177889337,2.2274674480792207,0.0,0.0,254.56521741305104,0.0,202.489333697654,cal_final_2008-09-30
03010655,hbv_lite_cma,evaluation,0.628813,0.640309,-0.08429,-0.257683,2.068204,13,explicit_euler_dt1,hbv,success,,40.43,0.7569,-1.020001807261652,2.380992601830424,0.0001584841042802,0.0387971308190765,455.7811821033137,5.999995019205162,0.999999921011164,0.5415034456347326,0.1702782758831048,10.588991861162794,1.805271095022648,0.1177708090671628,3.392107872568146,0.0,0.0,365.49639768744464,0.0,4.7938683261721255,cal_final_2008-09-30
03011800,hbv_lite_cma,evaluation,0.649531,0.812074,0.027745,-0.069188,1.259168,13,explicit_euler_dt1,hbv,success,,28.36,0.728,-1.6400006437499834,1.8589554069320693,0.0999998966544097,0.1448148954588612,319.9427008087792,4.126682731312305,0.9999999214191816,0.6885426670822586,0.3077240242841251,21.66325136156104,3.901883079165163,0.144134985319647,1.8069106267656183,0.0,0.0,230.3254237078169,0.0,2.376790756186745,cal_final_2008-09-30
03015500,hbv_lite_cma,evaluation,0.718674,0.686189,-0.116083,-0.246244,0.776819,13,explicit_euler_dt1,hbv,success,,32.48,0.7598,-1.5800006485179223,1.9539511967988308,2.8560816581273742e-09,0.1245604546018171,440.9094764827256,4.9795833578761615,0.999999975968124,0.6432459314974437,0.3386332443357055,13.18458616535348,1.5711730013734482,0.1055281830527997,2.813382952909202,0.0,0.0,340.6292861165279,0.6156043833790876,3.3467471651096545,cal_final_2008-09-30
03021350,hbv_lite_cma,evaluation,0.574971,0.625376,-0.171434,-0.304315,1.741043,13,explicit_euler_dt1,hbv,success,,27.6,0.5796,-0.1899906295254649,3.364473949504036,0.0351723199576672,0.0104647374542,374.84083542284696,5.999522212628346,0.9999995971645188,0.4879861888990681,0.4544190456826825,8.574140014705641,0.4650156181822102,0.1741099138758147,1.2897083600843184,0.0,0.0,292.2514961895066,0.7726684773593502,0.768393276282137,cal_final_2008-09-30
03026500,hbv_lite_cma,evaluation,0.552148,0.716547,0.130684,-0.057677,2.641079,13,explicit_euler_dt1,hbv,success,,27.56,0.7666,-1.690000510676695,2.111229471787208,1.6137131072799023e-10,0.1835765661409903,421.0486329488369,5.221125081485334,0.9999999786065634,0.5934504057981158,0.310677256781574,18.94370008578636,4.770898770257341,0.1456789030482398,1.905961886845284,0.0,0.0,315.37737778764114,0.0,2.0763700624014816,cal_final_2008-09-30
03028000,hbv_lite_cma,evaluation,0.657336,0.697931,-0.052418,-0.216321,1.144205,13,explicit_euler_dt1,hbv,success,,27.43,0.7513,-1.0700013641084016,3.259482299660015,0.0022607884066758,2.3602075461387367e-10,309.60190285747655,3.612699216323082,0.9999999992431208,0.4383120003490121,0.2263284341817063,18.263292579989766,3.552877456432848,0.1325052503312349,1.3003446260150724,0.0,0.0,213.2164560755271,0.0,2.5178782369973103,cal_final_2008-09-30
03049000,hbv_lite_cma,evaluation,0.633588,0.680698,0.011717,-0.207489,1.402478,13,explicit_euler_dt1,hbv,success,,27.22,0.79,-2.3300000612567966,1.580718801754631,0.09270473293257,2.4266690192591902e-11,486.0658897210333,5.99999997437286,0.948627211630166,0.6656864302142182,0.3068117144986986,19.1664216370461,2.6635992666478896,0.1408090644113733,1.2533475230540634,0.0,0.0,343.0886617733705,0.0,1.2770298032578182,cal_final_2008-09-30
03049800,hbv_lite_cma,evaluation,0.131664,0.446399,0.287618,-0.213308,8.928475,13,explicit_euler_dt1,hbv,success,,27.31,0.7189,-2.359991427730448,1.3612470753676578,0.0746615280134601,3.998327691800336e-09,290.8569659244407,5.999826679793673,0.9999999919188868,0.8999999994325327,0.4999999976846517,7.361902625387581,3.5563067004526525,0.0162453349957999,1.3738567490387117,0.0,0.0,203.19897008493425,0.0,23.770520013609257,cal_final_2008-09-30
03050000,hbv_lite_cma,evaluation,0.657077,0.634514,-0.034708,-0.218719,2.770983,13,explicit_euler_dt1,hbv,success,,34.37,0.6633,-2.3799986287297497,3.14161694102956,0.0463133008034558,3.227620054411407e-09,226.1996126887354,1.4346380475778973,0.2000002809291726,0.6539570023477803,0.2139700184527845,11.821391912926805,0.1464351274978609,0.1794847544751762,2.846020177084161,0.0,0.0,37.0298697137432,0.0203184495907478,0.4429532210812693,cal_final_2008-09-30
03069500,hbv_lite_cma,evaluation,0.670409,0.640362,-0.069493,-0.227826,1.66011,13,explicit_euler_dt1,hbv,success,,27.63,0.6819,-2.479916941491571,1.1246901139373446,0.0170890063052292,3.08125139592498e-09,223.9769415014516,2.246885272662668,0.9999999419230023,0.4000520789203532,0.2348426442593874,8.328059485035636,1.4027108739584522,0.1987795738763625,1.9939266405079952,0.0,0.0,127.4614619644722,0.0,1.9336981101267567,cal_final_2008-09-30
03070500,hbv_lite_cma,evaluation,0.728315,0.752079,-0.054059,-0.211414,2.559642,13,explicit_euler_dt1,hbv,success,,27.23,0.7232,-2.5,1.3109926240478795,0.0414727823186004,4.9317100365878426e-12,539.2762137121076,5.999999999866428,0.99999999998334,0.899999999896774,0.2214720105058148,15.381832469390162,0.1740804953984029,0.0053278032076378,1.0262558732574614,0.0,0.0,433.9432904199887,0.3671581606256865,30.783628395729345,cal_final_2008-09-30
03076600,hbv_lite_cma,evaluation,0.56416,0.63546,-0.18219,-0.29545,0.129829,13,explicit_euler_dt1,hbv,success,,27.31,0.7228,-2.399998869649867,1.5664151096665653,0.0134481084204741,1.664644884452707e-09,201.63781524274208,1.969156953775984,0.2861532891418252,0.5442340451662333,0.2073079023193612,7.353295163342385,1.711822483787759,0.1679175352163307,1.0835025343631446,0.0,0.0,79.65320503967469,0.0,1.2720765988080267,cal_final_2008-09-30
03078000,hbv_lite_cma,evaluation,0.540167,0.616701,-0.195494,-0.27282,0.934788,13,explicit_euler_dt1,hbv,success,,27.49,0.7025,-2.0299999993897107,2.1949915501868684,0.0816307959247711,3.692760900460455e-11,427.3151209950565,5.284214537231808,0.9999999999966688,0.2880035723023963,0.499999999997344,58.50139824419321,3.312614864576695,0.1999999999776996,1.0621218748560626,0.0,0.0,346.74579328417616,0.0,3.242557748916588,cal_final_2008-09-30
03140000,hbv_lite_cma,evaluation,0.680921,0.661247,0.126569,-0.146942,4.671392,13,explicit_euler_dt1,hbv,success,,27.31,0.7133,-2.4199997331505627,1.3463747213176245,0.0004200512001594,4.977028469589244e-07,650.0123966240017,5.999913331826723,0.914748490615032,0.5756500337870605,0.1739347488242636,7.812169543622635,1.116606909597942,0.0650361307557775,1.264226739821117,0.0,0.0,458.23998220015886,0.0,2.8766935187198355,cal_final_2008-09-30
03144000,hbv_lite_cma,evaluation,0.663394,0.619545,0.091681,-0.141133,2.306334,13,explicit_euler_dt1,hbv,success,,32.41,0.6976,-2.4999999129045865,1.636477598451168,0.0858736420973851,1.619861885350209e-09,421.3234686983219,5.999999900454927,0.9144395520508756,0.660037751031906,0.1216481048212901,9.44792289679664,0.6623459566343425,0.0240492092654535,2.8144737241532143,0.0,0.0,262.8559159227067,0.0,7.195239404473955,cal_final_2008-09-30
03170000,hbv_lite_cma,evaluation,0.590075,0.670252,0.021541,-0.209706,1.076261,13,explicit_euler_dt1,hbv,success,,27.48,0.6946,-1.6499988012115183,2.0382244135526864,0.03300498710218,0.166505645223561,621.9310784732525,1.077166267763202,0.2000002922961997,0.8999999978722901,0.1780977040511434,22.72773878660689,2.2958463412794665,0.0030402113834477,1.0461443772900592,0.0,0.0,121.19002389060245,0.0,213.0188481100901,cal_final_2008-09-30
03173000,hbv_lite_cma,evaluation,0.619371,0.632586,-0.007169,-0.179383,0.060023,13,explicit_euler_dt1,hbv,success,,37.49,0.7182,-1.2999998299640787,3.258447171389792,0.0032640534915979,1.2012856297799976e-08,596.8862635670818,5.258429574930056,0.8792212515551465,0.4528750658778177,0.2028101453964786,8.388278780262809,1.7272813522393045,0.1087103385706532,2.589180287770388,0.0,0.0,419.5305555532318,0.0,2.7931955047944834,cal_final_2008-09-30
03180500,hbv_lite_cma,evaluation,0.620344,0.630535,-0.002115,-0.193482,2.667143,13,explicit_euler_dt1,hbv,success,,32.41,0.7444,-2.429999804685243,1.4492938218825429,0.0613406213505624,7.637758551237322e-09,185.44126705059747,1.0593489521682444,0.2000000025844182,0.5757482247774919,0.2136467632853664,11.650345962419332,0.9601844062643852,0.1037738505303554,2.3148633870611497,0.0,0.0,31.169161985125843,0.0,1.843238469827429,cal_final_2008-09-30
03182500,hbv_lite_cma,evaluation,0.643748,0.650761,-0.00639,-0.194402,1.882606,13,explicit_euler_dt1,hbv,success,,31.87,0.7192,-2.429999110779554,1.3581748732679746,0.0936243843895161,4.234035196729261e-09,189.8878245050957,1.1623465646660045,0.200000313785737,0.669266071167031,0.206749396372373,13.10234146248126,0.4562635960803146,0.0462894760925863,2.173027044906988,0.0,0.0,37.25094155753288,0.0,4.306070174702709,cal_final_2008-09-30
03186500,hbv_lite_cma,evaluation,0.599811,0.65534,-0.13904,-0.27704,2.717557,13,explicit_euler_dt1,hbv,success,,25.83,0.6845,-2.5,0.8854394845063775,0.0978206476618401,5.148600881412503e-12,140.73103961583558,3.5673959228355288,0.9999999999496858,0.8999999996192904,0.3934887745159995,14.906745169232565,2.471198983514445,0.1924926406893594,1.0000754966714072,0.0,0.0,97.53234981460004,0.0,2.1490777140815687,cal_final_2008-09-30
03237280,hbv_lite_cma,evaluation,0.426097,0.592593,0.086941,-0.229057,43.622752,13,explicit_euler_dt1,hbv,success,,27.47,0.5715,-1.7599971872222349,9.999998375579628,0.0017131294940105,0.1999986805115851,616.5527927183429,5.999983891698806,0.9999998875095696,0.8999955578125179,0.1809647554949306,12.437570352655763,0.0078635143782127,0.0852529608742979,1.8489594036377373,0.0,0.0,389.9636441045801,0.1660552553912616,0.0843739199298714,cal_final_2008-09-30
03237500,hbv_lite_cma,evaluation,0.638886,0.582773,0.139329,-0.210202,20.929273,13,explicit_euler_dt1,hbv,success,,27.17,0.567,-2.440761718819473,9.999999999996836,0.0999296175174833,1.6944916445683033e-12,508.24058373857656,5.035418234052411,0.9320861533149164,0.6292666002304503,0.2247843213177849,8.388477835239877,0.6481390016611864,0.0341498344363335,1.6675964577079931,0.0,0.0,309.82631026792905,0.0,4.722932464065622,cal_final_2008-09-30
03238500,hbv_lite_cma,evaluation,0.583961,0.571772,0.180754,-0.204115,33.126739,13,explicit_euler_dt1,hbv,success,,27.25,0.573,-2.29255386538232,4.372361832189165,0.0604296759503302,1.1396176463397055e-05,313.00691027864883,4.914067198602311,0.9979963726569524,0.6078139903553414,0.2654193037023594,4.488065045810579,0.5954421835550637,0.0010476999343355,1.091810613772893,0.0,0.0,174.34224386991724,0.0,354.01778822615296,cal_final_2008-09-30
03241500,hbv_lite_cma,evaluation,0.770026,0.745379,0.163963,-0.071082,1.934967,13,explicit_euler_dt1,hbv,success,,27.22,0.7629,-2.499999992851613,2.0296891464156905,0.066174589553524,1.231452045923128e-09,633.4846769891802,5.749750226745737,0.964820887011028,0.5844052299992719,0.1750879739758447,9.192760070502969,0.8960645859112033,0.0802954011945379,1.9714501039551104,0.0,0.0,422.0651517825836,0.0,1.1890637274203897,cal_final_2008-09-30
03280700,hbv_lite_cma,evaluation,0.511362,0.676729,0.164021,0.000264,0.909895,13,explicit_euler_dt1,hbv,success,,27.27,0.6259,-2.499978124706155,7.486173487689567,0.0548989443965226,0.1993749770758269,435.7782129923368,5.999998002111269,0.2000008264015799,0.7523873093306045,0.303873590752424,10.671358057925568,1.076933886691715,0.1632957517222058,1.365707100061288,0.0,0.0,199.5104232268896,0.0,0.0879563566841251,cal_final_2008-09-30
03281500,hbv_lite_cma,evaluation,0.65438,0.662333,0.194233,-0.094192,5.134845,13,explicit_euler_dt1,hbv,success,,35.35,0.7457,-2.0273490647983614,1.505253727151923,0.0673402705799298,0.1535521655339637,622.6821490290398,5.937022787521515,0.9379326355527962,0.4743639096976306,0.1337554262424302,12.693073743011416,0.328694326963627,0.0010089493388634,2.5005345012286684,0.0,0.0,392.6019573775081,0.0,267.044813738248,cal_final_2008-09-30
03285000,hbv_lite_cma,evaluation,0.579466,0.592165,0.071664,-0.209566,8.732215,13,explicit_euler_dt1,hbv,success,,27.55,0.7124,-2.1141239236097507,3.145290048516137,0.0103825050051195,1.955037279834743e-05,562.0927674032026,5.999996506880265,0.9855233500029604,0.7400252409698141,0.1915055080428719,13.195565072442136,0.0389348707074154,0.1746501400728161,1.96600366539784,0.0,0.0,325.2811012947782,0.0946791541326943,0.0764078564127574,cal_final_2008-09-30
03291780,hbv_lite_cma,evaluation,0.600403,0.552538,0.130718,-0.204291,85.296113,13,explicit_euler_dt1,hbv,success,,27.36,0.596,-2.390031474281201,1.6048453738165624,0.0999735848990768,0.0831519260601072,373.30794660322886,2.972662394924752,0.861181960076137,0.89999994841552,0.4999999900974952,1.1228708967204573e-05,2.609645722254555,0.1111951043889524,1.071998156519451,0.0,0.0,212.01786456327872,0.0,1.5984209651328654,cal_final_2008-09-30
03338780,hbv_lite_cma,evaluation,0.662447,0.586002,0.106153,-0.237596,4.508593,13,explicit_euler_dt1,hbv,success,,35.07,0.7137,-1.1299676052525276,1.6776703931868584,1.626207424101249e-07,0.1520302175407081,235.9655453826788,5.99999816458203,0.988784346554442,0.8999970377562936,0.3750828362149866,25.591835059905087,3.0003599330195723,0.0507135092064896,2.014822575320953,0.0,0.0,200.12070798982697,0.0,13.824943693300344,cal_final_2008-09-30
03340800,hbv_lite_cma,evaluation,0.685673,0.567949,0.319516,0.01247,5.108211,13,explicit_euler_dt1,hbv,success,,27.51,0.7021,-2.0900461382963145,2.7930210601186145,0.0244433704582147,0.1152531353496772,517.8452092250956,5.60313249115974,0.9999999985510748,0.6083840466573588,0.1345388601147951,19.80648152676034,0.0019558006608198,0.1908192276403489,1.013593702744783,0.0,0.0,373.3620055273336,0.818430616251581,0.0082936940311203,cal_final_2008-09-30
03346000,hbv_lite_cma,evaluation,0.673459,0.668849,0.070684,-0.175453,25.932345,13,explicit_euler_dt1,hbv,success,,35.34,0.6835,-0.7300032850943117,2.613701646272248,0.038792847450126,1.3313109208771188e-08,243.38343077500747,5.99999967946126,0.2000001208871544,0.8999999464542984,0.4578280010970756,35.46272782683989,0.9034162533047116,0.0010000001394367,2.683905068662848,0.0,0.0,148.94214528147305,0.0,339.7830594685559,cal_final_2008-09-30
03364500,hbv_lite_cma,evaluation,0.64105,0.692466,0.047261,-0.129164,10.00153,13,explicit_euler_dt1,hbv,success,,27.52,0.6514,-2.499569949286454,0.9319383607317736,0.0985220297131754,2.612242785192148e-07,186.5414460349946,5.999999760477622,0.2000000133139926,0.7155793518166585,0.2758953220130143,19.734075853629285,1.034146690100222,0.0157353451590479,1.04312996866537,0.0,0.0,26.678267758310383,0.0,18.189355416716563,cal_final_2008-09-30
03366500,hbv_lite_cma,evaluation,0.67011,0.602426,0.142604,-0.188946,23.445803,13,explicit_euler_dt1,hbv,success,,27.24,0.7137,-2.3300000852726868,2.034504672969577,0.0216584517479864,1.2158612115540688e-05,546.9582798572749,5.999961913607453,0.8685344602230647,0.8999999704811968,0.2723866106988417,8.694826731444442,0.8120373309855256,0.0010000005299441,1.0442918351510968,0.0,0.0,369.85231503528206,0.0,524.7327549735661,cal_final_2008-09-30
03368000,hbv_lite_cma,evaluation,0.516266,0.46432,0.186913,-0.209425,56.563473,13,explicit_euler_dt1,hbv,success,,27.25,0.5708,-0.3099997395591143,6.683462180803205,0.0780919208046785,4.650448972862356e-09,552.8774799586342,5.680130129773492,0.9999999998986157,0.89999999683192,0.4999999727409325,0.0768463076192632,1.9360237452271107,0.0444373510169547,1.550232391610521,0.0,0.0,394.4285070773744,0.0,5.291544248545454,cal_final_2008-09-30
03384450,hbv_lite_cma,evaluation,0.623612,0.598084,0.190394,-0.140293,32.389595,13,explicit_euler_dt1,hbv,success,,27.38,0.6775,-1.1800001327663407,4.404793199494582,0.0200540489061019,8.53969077519703e-10,218.71471839493745,1.7199928071268031,0.2000000012650774,0.8999999999937011,0.4999999990335174,4.747839346839792,2.8376160820362086,0.0954053488794245,1.139684396420081,0.0,0.0,17.218507370256262,0.0,0.2218530197565762,cal_final_2008-09-30
03439000,hbv_lite_cma,evaluation,0.754139,0.761193,0.076131,-0.090021,0.557874,13,explicit_euler_dt1,hbv,success,,26.24,0.6671,-2.4997710100720565,8.632568865259657,0.0022003148338574,0.0001710004488591,456.91804062735616,1.0001274447807396,0.2000002731529208,0.8999974297623791,0.1343834367071546,73.24124043161171,7.080689234854,0.0153406889280619,1.865986439500933,0.0,0.0,158.44219262019064,0.0,76.84144593018173,cal_final_2008-09-30
03455500,hbv_lite_cma,evaluation,0.563832,0.664461,0.141489,-0.155004,1.685436,13,explicit_euler_dt1,hbv,success,,26.28,0.6979,-2.1099991723137808,0.8850115604351141,0.0137367722416753,7.326541757164191e-09,129.53501221885435,3.0393537852029544,0.2000013745926254,0.8999999980660894,0.2188691998111607,84.23838018608078,9.999999948635049,0.0092322898170631,1.0002152263972182,0.0,0.0,80.29993235794127,0.0,150.50496124322365,cal_final_2008-09-30
03456500,hbv_lite_cma,evaluation,0.574397,0.716491,0.156594,-0.150988,2.562576,13,explicit_euler_dt1,hbv,success,,27.05,0.6908,-2.4999999999995266,9.999999999992188,0.0817754254543355,2.3316819097058868e-12,207.4198671492562,5.99999999991316,0.200000000006619,0.8999999999999952,0.1911495134630614,74.54515527090308,6.869649303374242,0.0010000000000001,1.9196793354463213,0.0,0.0,164.3609489021455,0.0,2066.0286034653664,cal_final_2008-09-30
03460000,hbv_lite_cma,evaluation,0.670017,0.826165,0.062552,-0.046846,0.122439,13,explicit_euler_dt1,hbv,success,,27.59,0.7598,-1.9299994486391925,4.882592860200127,0.0997558050095619,2.050411280412125e-06,401.8891230077089,1.844905046134164,0.2076008850668787,0.8999999732311711,0.1874557440082599,25.10940033939933,4.701624335313479,0.0600519852616734,1.5669947037453182,0.0,0.0,147.87343594414162,0.0,5.539719302926014,cal_final_2008-09-30
03463300,hbv_lite_cma,evaluation,0.723618,0.796386,-0.043297,-0.168627,0.509541,13,explicit_euler_dt1,hbv,success,,27.27,0.7856,-2.323898079317196,1.5075410719308138,0.0724543741022996,0.0271767024242877,111.16351486671203,1.0414499109849098,0.9999995748338152,0.8999999772722983,0.1449046427291586,28.14299967630286,3.9085694589087954,0.0464260045713501,1.0635230909204956,0.0,0.0,86.29555531856757,8.706605586685109,43.27243511320609,cal_final_2008-09-30
03471500,hbv_lite_cma,evaluation,0.596292,0.727609,0.09506,-0.09514,0.356706,13,explicit_euler_dt1,hbv,success,,35.08,0.6519,-2.230000912740276,1.0512931692024337,0.0960429082940097,5.941384230589857e-07,600.4149164483044,4.1484787120585445,0.9172207055039724,0.8999998957013535,0.1418062079302541,17.147832506915982,1.7481567891871816,0.0430837909198242,2.635936201745907,0.0,0.0,439.7441434695471,0.0,14.49665757420542,cal_final_2008-09-30
03473000,hbv_lite_cma,evaluation,0.683745,0.825336,0.073187,-0.048351,0.252068,13,explicit_euler_dt1,hbv,success,,35.37,0.7326,-1.1399984626280688,5.098646404831655,7.589941837805628e-05,3.153672992518558e-08,595.8943346815267,4.932039801689196,0.9388478426986936,0.7722758661949148,0.1821509279214329,17.29544236798959,1.8907511473193688,0.0628382109117319,2.140159463020129,0.0,0.0,439.09537427267054,0.0,7.678373316300511,cal_final_2008-09-30
03479000,hbv_lite_cma,evaluation,0.702084,0.676484,0.12597,-0.085841,0.88466,13,explicit_euler_dt1,hbv,success,,27.26,0.7059,-2.445747224813581,2.709128565298811,0.0073191903257461,0.0292185015979945,552.9976249799179,5.903397877927998,0.7827633464706636,0.8999934269881311,0.2047022273017917,40.90128153914773,3.48044945009974,0.0201504852174992,1.1181731133189792,0.0,0.0,493.0655655883456,0.0,58.8029929162176,cal_final_2008-09-30
03488000,hbv_lite_cma,evaluation,0.529293,0.686621,-0.108724,-0.23649,0.563383,13,explicit_euler_dt1,hbv,success,,30.2,0.6426,-2.350018099931173,6.242497826888836,0.0220804489889687,0.1218759325675009,193.97205475268376,5.999999730953811,0.2000000955805381,0.6583376619974193,0.1952962906590785,20.27947392805805,1.101516432970943,0.0114060512454251,1.4001447758895995,0.0,0.0,65.2610129657433,0.0,14.926805053642717,cal_final_2008-09-30
03498500,hbv_lite_cma,evaluation,0.756472,0.820036,0.111161,-0.002604,0.34641,13,explicit_euler_dt1,hbv,success,,27.2,0.807,-0.9599997082788398,0.6378452659996607,0.0899696082455878,0.1999999368153798,281.3499105114069,1.84946526527711,0.3221244147875147,0.89999999901556,0.2417071995828938,17.88738100129686,2.3107730522321828,0.0748356041330301,1.1136950904301446,0.0,0.0,77.90205499470862,0.0,2.465215599305046,cal_final_2008-09-30
03500000,hbv_lite_cma,evaluation,0.710154,0.763134,0.208687,0.062955,0.528268,13,explicit_euler_dt1,hbv,success,,28.46,0.7016,-1.4800264520069797,9.01195823372832,0.0124471631826282,0.0472849988496117,999.9998669516516,2.840536778177735,0.2997908758969112,0.5050779871440251,0.1329238225360492,49.43152230163344,6.905735487841803,0.0279297686400842,1.366646489992489,0.0,0.0,638.6417751971459,0.0,29.9218185629334,cal_final_2008-09-30
03500240,hbv_lite_cma,evaluation,0.668437,0.74751,0.210139,0.023345,0.711786,13,explicit_euler_dt1,hbv,success,,27.85,0.5909,-2.4990564093251377,9.247022347751994,0.0589687184155121,0.1983608228676657,999.9996124615202,1.6135933490927812,0.2832495765916839,0.4003627225857049,0.113717794891742,24.62760970501856,5.071814778559935,0.0300638319942603,1.5804878987580555,0.0,0.0,484.5756837663963,0.0,29.35062688553977,cal_final_2008-09-30
03504000,hbv_lite_cma,evaluation,0.760383,0.87309,0.037749,-0.028597,0.214005,13,explicit_euler_dt1,hbv,success,,28.09,0.7682,-2.489999614404677,9.99998624732295,0.0763383128933834,5.126138914422463e-07,606.3919024985937,1.3171489654566804,0.3464247472333613,0.8999999972139116,0.1781213486345164,70.524896765381,8.827132292978789,0.0414324659010146,1.0291647155695534,0.0,0.0,246.01648693978967,0.0,18.5730179583228,cal_final_2008-09-30
03574500,hbv_lite_cma,evaluation,0.664007,0.634998,-0.092003,-0.185098,2.599036,13,explicit_euler_dt1,hbv,success,,42.75,0.7291,-0.6899881597989062,1.2389399151364255,0.0882823550983197,2.241352605742728e-06,254.3053969622609,5.999999926003836,0.2000000029104424,0.4587509921200068,0.2312077596561133,7.336223191083543,0.8301228248214992,0.0160312023433105,3.2737824342692674,0.0,0.0,66.16456821288835,0.0,5.703805416016938,cal_final_2008-09-30
03592718,hbv_lite_cma,evaluation,0.443746,0.468444,0.468092,0.071786,4.845892,13,explicit_euler_dt1,hbv,success,,27.31,0.6743,-0.97178812828724,7.522660780800676,0.0976050473467327,0.10915762533044,702.5099163389142,3.0812108941221945,0.8784672795368855,0.8048524853211655,0.1484418848959533,16.313613111931836,2.1135599798331324,0.0010000000905294,1.0064641070582807,0.0,0.0,455.73155147066205,0.0,989.683997556354,cal_final_2008-09-30
03604000,hbv_lite_cma,evaluation,0.612612,0.576909,0.218967,-0.086917,1.062774,13,explicit_euler_dt1,hbv,success,,29.96,0.729,-1.2600000068771338,0.5000000031087097,3.351119956750229e-07,0.1999999829010564,113.85421873369468,5.99999997917127,0.2000000005456277,0.5778286314351169,0.1566008170063068,32.89438974206468,5.762627804916019,0.0083612642249505,1.493347987085798,0.0,0.0,5.779900892598132,0.0,97.64697219825295,cal_final_2008-09-30
04015330,hbv_lite_cma,evaluation,0.582464,0.674587,0.014155,-0.202152,2.126206,13,explicit_euler_dt1,hbv,success,,28.12,0.7372,-0.129999737939233,3.09207037535078,0.0409753421036722,0.1240837340990606,461.66936549460576,5.460237957344279,0.9999999964565948,0.430861723925494,0.4998692552247803,3.105017742936078e-07,2.7067527421678856,0.187706024164254,1.8636512295394776,0.0,0.0,402.3194308563065,0.0,7.226917093405962,cal_final_2008-09-30
04024430,hbv_lite_cma,evaluation,0.609229,0.679133,-0.122976,-0.242095,-0.107745,13,explicit_euler_dt1,hbv,success,,40.28,0.7558,-0.0899999694735278,2.7747888408114125,0.0421693839951688,0.1925166902473299,461.2886802058272,4.81417722623147,0.8394403071626118,0.3987037862582588,0.2530498864611397,16.724612146984953,1.6195151876084568,0.1439081839977369,2.469531955232125,0.0,0.0,378.7273383091043,0.7782145466422773,7.408587415084234,cal_final_2008-09-30
04027000,hbv_lite_cma,evaluation,0.694876,0.792584,-0.057868,-0.138986,0.063052,13,explicit_euler_dt1,hbv,success,,41.44,0.7843,0.2426863116415183,3.80810866921062,0.0414871193570186,2.1285026914514725e-08,487.0511537344434,3.4833049554016906,0.6766017932989699,0.8983673867958526,0.4729426139477646,35.93850613147082,3.192269444861778,0.1222494405957582,3.89407126046227,0.0,0.0,310.59684415717857,0.0,5.193995608352956,cal_final_2008-09-30
04040500,hbv_lite_cma,evaluation,0.433268,0.422083,-0.308225,-0.459831,0.393423,13,explicit_euler_dt1,hbv,success,,40.4,0.8118,-1.0926288422386354,2.3634716375933893,0.0046478499355323,0.0356548244636622,714.2253555233077,5.99920188184576,0.9455145248936564,0.898208804114961,0.2005597273933056,72.43954652522885,3.0015593891160943,0.1118963011198243,1.0610060811346065,0.0,0.0,591.3420852361517,0.0,6.9545383134587055,cal_final_2008-09-30
04043050,hbv_lite_cma,evaluation,-0.332905,0.421931,-0.135429,-0.044436,0.037185,13,explicit_euler_dt1,hbv,success,,40.11,0.548,1.6600005621948668,2.224721886865576,0.0999961310591395,0.1933320355688542,230.16369045805885,1.901744884242764,0.9999999947050752,0.3571874486218586,0.2451651102547799,10.271334471173718,1.1967862667548352e-06,0.1837581774740977,1.7844916884267077,0.0,0.0,134.43894063403002,3.0119385502862865,5.316046431118061e-06,cal_final_2008-09-30
04045500,hbv_lite_cma,evaluation,0.705719,0.68441,-0.218214,-0.235768,-0.28153,13,explicit_euler_dt1,hbv,success,,78.1,0.8481,-1.5200001366478753,1.563229403074413,0.0588704526777663,7.989568643750678e-09,262.31148389549924,2.215608878139296,0.5812417309190818,0.8560850675914036,0.1969798278364027,87.38484434845125,8.095544101782743,0.0727783088953543,8.20850706207196,0.0,0.0,136.81529172013956,0.0,5.657461068307323,cal_final_2008-09-30
04057510,hbv_lite_cma,evaluation,0.621726,0.594352,-0.20925,-0.332295,-0.090788,13,explicit_euler_dt1,hbv,success,,29.29,0.7892,-2.329986849878717,1.299787665683466,0.0974935419331991,2.538418869058792e-07,447.3007063708747,1.981091945340644,0.4196641111209064,0.4455542502644721,0.1436000551852251,23.79644887397595,3.3930394858180044,0.0693602361012971,1.2065703493310709,0.0,0.0,178.37568847096014,0.0,3.7046872779800033,cal_final_2008-09-30
04057800,hbv_lite_cma,evaluation,0.481111,0.436699,-0.286328,-0.446381,0.292226,13,explicit_euler_dt1,hbv,success,,43.94,0.804,-1.4799982015555155,2.790112201667624,0.0481065700765252,4.490503198104588e-11,516.9122559636793,3.1469258710362467,0.732770238873792,0.5107032463226313,0.1306148212975537,48.70265343978164,1.7877665428429992,0.0359433879029443,3.0516197091578143,0.0,0.0,305.55484776107016,0.0,8.624912706833976,cal_final_2008-09-30
04059500,hbv_lite_cma,evaluation,0.757892,0.743864,-0.153279,-0.244263,0.163934,13,explicit_euler_dt1,hbv,success,,40.25,0.8624,-1.9601898872186387,1.788877190228937,0.0239048039928049,0.1999992013306578,420.4303252743819,3.288508863695344,0.2000003660211423,0.3978353326794538,0.1230162714624286,23.83694678994869,7.920628595136271,0.1139619909375137,2.003417640147145,0.0,0.0,167.4633505007785,0.0,0.4818328992329964,cal_final_2008-09-30
04063700,hbv_lite_cma,evaluation,0.653529,0.597937,-0.264126,-0.334198,0.20024,13,explicit_euler_dt1,hbv,success,,83.35,0.8645,0.1400333173624979,2.6221433974454977,0.0815945282980755,0.0479205340606772,400.905171238832,2.417109806865537,0.2567619110126592,0.4291350925272957,0.1881595393179957,77.55693746173002,0.654746221018704,0.0020538240073132,9.505334926227365,0.0,0.0,122.48848010186204,0.0,117.42187936899688,cal_final_2008-09-30
04074950,hbv_lite_cma,evaluation,0.714655,0.810637,-0.140008,-0.119571,-0.004455,13,explicit_euler_dt1,hbv,success,,46.39,0.8457,-1.82968825830749,1.310267365575376,0.0036507114877741,0.1964405682522025,348.4037766293889,1.9575896424308816,0.5473094404395924,0.3582218144986324,0.0553485909596096,54.46154165939164,1.0631617174694796,0.0032241765399588,2.066025704457489,0.0,0.0,133.31171402315795,0.0,150.7075416939905,cal_final_2008-09-30
04105700,hbv_lite_cma,evaluation,0.502999,0.723552,-0.119048,-0.171936,0.187113,13,explicit_euler_dt1,hbv,success,,30.12,0.6111,0.0500008467967916,3.983025022476645,0.0584378012644226,3.9853916521548745e-08,424.4165434090875,1.3489439480144867,0.4314468328628289,0.1425699795294568,0.0682889752513159,30.78464975492013,1.985298619416714,0.0022980261388278,1.0577244777356114,0.0,0.0,254.9710450939416,3.555084251468267,355.2813677755054,cal_final_2008-09-30
04115265,hbv_lite_cma,evaluation,0.506267,0.619379,-0.099253,-0.222784,0.372868,13,explicit_euler_dt1,hbv,success,,28.8,0.6042,-0.3699999949473325,5.187151832685552,0.0354239208459757,2.029655695487229e-11,713.6441293020181,1.140925722437463,0.3084668671922617,0.7255925945238725,0.1485770786364238,62.54196248159616,1.6271924704039504,0.0031972574842087,1.312942281082348,0.0,0.0,229.64540137579849,0.0,187.17174457500224,cal_final_2008-09-30
04122200,hbv_lite_cma,evaluation,0.383813,0.539252,-0.130954,-0.286699,0.223452,13,explicit_euler_dt1,hbv,success,,85.63,0.6764,-1.859999858888044,2.327619326123291,0.0776137759207556,1.717716225084082e-08,423.8614663946254,1.000000026940717,0.3459731403939158,0.7448223173480815,0.2050069925294646,96.1890118095526,3.037574128863381,0.0041424803612694,9.946544417089047,0.0,0.0,122.69349228481856,0.0,188.092523038554,cal_final_2008-09-30
04122500,hbv_lite_cma,evaluation,0.538039,0.655126,-0.046449,-0.174131,0.263938,13,explicit_euler_dt1,hbv,success,,70.89,0.6341,-0.6199126716032446,5.226822426212258,0.0006093045735922,9.153399538877458e-06,272.043285149872,1.4631555364842082,0.5672959257788708,0.3604614643079275,0.0453348654156415,83.3244672041123,2.185720410438286,0.0030567201234401,4.010478374412021,0.0,0.0,119.32495180422588,0.0,265.5793643593773,cal_final_2008-09-30
04127918,hbv_lite_cma,evaluation,0.482854,0.511946,-0.250791,-0.363486,-0.181728,13,explicit_euler_dt1,hbv,success,,29.43,0.7148,-1.6799622666422571,1.345987442188113,0.0006366217550216,0.0656538652779576,439.4957610802174,1.1203476073649306,0.2000035596852681,0.0663045309733753,0.2259335285033223,0.0036709666544816,2.9247667428249007,0.0749838519775073,1.662887484654758,0.0,0.0,116.96400700583352,0.0,5.677487249026633,cal_final_2008-09-30
04127997,hbv_lite_cma,evaluation,0.305222,0.646159,-0.133298,-0.234783,0.015694,13,explicit_euler_dt1,hbv,success,,30.24,0.3874,-2.4200001282519588,0.9451741577452824,0.0057544012985717,1.0713334624092448e-12,799.7018889975845,1.0000000000801417,0.5099281795962812,0.0735383533787672,0.1281990730263297,62.545463222219325,3.2851794352167154,0.0041929911475397,1.8472707521556744,0.0,0.0,280.3652619904583,0.0,229.87458446319383,cal_final_2008-09-30
04161580,hbv_lite_cma,evaluation,0.480316,0.565386,-0.232511,-0.330981,0.363136,13,explicit_euler_dt1,hbv,success,,51.3,0.6045,-1.879999084022725,2.2858545927832448,2.491152467193077e-05,0.0188175114193817,544.5761194071777,1.99864425992936,0.2627438305936957,0.3200300616425393,0.2343251606541901,65.68097651838755,1.9745153513946068,0.0883516402096082,3.050815507041376,0.0,0.0,246.0121467867195,0.0,3.4732340777001536,cal_final_2008-09-30
04185000,hbv_lite_cma,evaluation,0.77962,0.694292,-0.043664,-0.252082,1.902565,13,explicit_euler_dt1,hbv,success,,60.81,0.8259,-0.4399974209139108,9.014575675596012,0.0546499220261824,0.1999919711679979,321.0896394904252,3.0780053359522204,0.6748907003616458,0.2104413537777047,0.0542131407636808,8.861719480808231,0.0142660688829721,0.1022164039846664,5.861734854843899,0.0,0.0,179.16889271310097,4.744655916107628,0.1253012444526857,cal_final_2008-09-30
04196800,hbv_lite_cma,evaluation,0.630777,0.662504,0.13938,-0.134729,12.403196,13,explicit_euler_dt1,hbv,success,,46.2,0.7268,-0.0097793805720378,3.4629199527629986,0.0032141392212742,0.0945634750365803,290.4453820213964,5.999951305076746,0.850882939810341,0.7457745112867697,0.3773663501384637,41.63679004182696,0.7716711390107123,0.1946100184090474,3.7915486953426,0.0,0.0,155.14137651512513,0.0,0.1084781272790068,cal_final_2008-09-30
04197100,hbv_lite_cma,evaluation,0.639201,0.665511,0.064641,-0.189521,16.993839,13,explicit_euler_dt1,hbv,success,,35.35,0.746,0.570000117025169,3.2442756131183206,0.0001787388414663,9.956264536890416e-09,421.2008469328484,5.999999998874875,0.7828696265256574,0.4551314621749817,0.4410472164858336,82.00445799769017,0.3702125242844623,0.0010000001071408,2.350352903029451,0.0,0.0,272.7708241552842,0.0,212.5441863676857,cal_final_2008-09-30
04197170,hbv_lite_cma,evaluation,0.525617,0.4806,0.245372,-0.224182,10.656236,13,explicit_euler_dt1,hbv,success,,27.54,0.6505,0.9901281372298416,8.281153386980876,0.0027199733151794,0.0006112945884868,286.0211638121042,3.395140094485172,0.748947618981149,0.689390386269028,0.0103681978763743,25.04879789378589,0.4210489328445679,0.0010000089691044,1.9746943592730968,0.0,0.0,166.20462638299156,0.543072929129197,387.4501688746964,cal_final_2008-09-30
04213000,hbv_lite_cma,evaluation,0.039325,-0.104429,0.12572,-0.652897,29.112283,13,explicit_euler_dt1,hbv,success,,44.04,0.0964,-2.499999995745407,0.7344865057477961,0.0863288296908461,4.4191417141017216e-11,50.00000060418008,1.8622605008119657,0.9794403460488724,0.0549200784389424,0.499999998453577,58.57959388108077,9.99999999554444,0.0014656152606082,3.5882155353319805,0.0,0.0,36.149481949781325,0.0,1322.8620066101505,cal_final_2008-09-30
04213075,hbv_lite_cma,evaluation,-0.285065,-0.698276,-0.999893,-0.999963,-0.999254,13,explicit_euler_dt1,hbv,success,,49.94,-0.3637,1.3415267238391766,9.739669293230302,0.0154423077954321,0.0730718562071764,455.587704987201,3.638841306972057,0.6982726661840997,0.4605654334216261,0.0737483664185417,15.11359811799116,5.566278413323476,0.001,9.97233665946842,8144.8400000000065,0.0,52.624067728062656,0.0,0.5590060987828526,cal_final_2008-09-30
04216418,hbv_lite_cma,evaluation,0.643498,0.718514,0.071064,-0.154362,1.796747,13,explicit_euler_dt1,hbv,success,,27.23,0.652,-1.5100594487558483,1.988715134974524,0.0281056862712945,3.919794266199824e-07,577.5043409892494,4.885893347778158,0.7989786405407278,0.727245134312773,0.4999999995071963,11.453788007026036,3.235938569219176,0.1144055249843521,1.9955978507526608,0.0,0.0,463.20440141760514,0.0,4.365542891484066,cal_final_2008-09-30
04221000,hbv_lite_cma,evaluation,0.634457,0.674707,-0.039757,-0.198445,1.560185,13,explicit_euler_dt1,hbv,success,,27.48,0.7707,-1.580000088577478,1.9028680684422568,0.0024629181583016,0.1999999556163978,493.7707129542563,5.999996465726836,0.999999993763882,0.5240116019368979,0.3368649407262974,16.959251324719904,3.213705625004779,0.1238954849095996,1.7632454098260015,0.0,0.0,408.1039172692757,0.0,5.774255427185044,cal_final_2008-09-30
04224775,hbv_lite_cma,evaluation,0.579495,0.578228,-0.126557,-0.294971,0.945274,13,explicit_euler_dt1,hbv,success,,27.57,0.6677,0.0399986654470385,3.026700564429168,0.0999966067517963,0.0852725297009088,581.7777610985548,5.999948368500346,0.9658776772014644,0.8999968244388786,0.4553704480190636,16.635501352840958,4.049332849627798,0.1349963546925492,1.3424351176055809,0.0,0.0,486.70499522613005,0.0,4.897570695163783,cal_final_2008-09-30
04233000,hbv_lite_cma,evaluation,0.640553,0.584991,-0.182457,-0.256558,-0.023885,13,explicit_euler_dt1,hbv,success,,27.33,0.7102,-1.1400000375554509,1.9632965631181705,0.0344626106111771,1.0549658389474582e-08,326.5541604327509,2.033147157294465,0.3165788691458525,0.7086273804403229,0.3558243902945943,13.958252629285504,3.4235625925178885,0.1156342962629337,1.3187480681147297,0.0,0.0,119.73089513855044,0.0,2.2986143049225283,cal_final_2008-09-30
04256000,hbv_lite_cma,evaluation,0.738201,0.795813,-0.020527,-0.163087,0.805093,13,explicit_euler_dt1,hbv,success,,34.36,0.7741,-2.0000040935473224,1.7087005968174047,1.922695944411932e-07,1.25339916719829e-07,448.65811301723295,2.608708832544383,0.999990371707963,0.6231348336992272,0.2874919138055666,15.442973176061104,2.636051109764744,0.0748016513458555,2.015657249292345,0.0,0.0,351.7745580151319,0.0,12.458437936571992,cal_final_2008-09-30
04296000,hbv_lite_cma,evaluation,0.716144,0.817047,-0.056294,-0.169363,0.364137,13,explicit_euler_dt1,hbv,success,,28.91,0.7315,-1.509999828697389,2.173420655359356,0.0567399369199585,1.2109176721484174e-10,284.39766673723625,1.2385464433702893,0.2000000030613881,0.7962289247057702,0.4279160941393949,48.62733602641376,8.172783278699864,0.1642726425127391,1.4931688648823125,0.0,0.0,147.72924507817095,0.0,4.751462384714406,cal_final_2008-09-30
05057200,hbv_lite_cma,evaluation,-0.141342,0.456986,0.09897,-0.086287,9.042561,13,explicit_euler_dt1,hbv,success,,39.67,0.4042,-0.0499997244696044,3.478638575555937,0.0778585609206728,2.2520790608792003e-08,404.1774963631005,2.369607597019609,0.2000000009022352,0.1514992719297166,0.4999999564962555,79.06787294827554,0.5053415539202316,0.1466209787205995,4.588799718031261,0.0,0.0,90.085210072564,0.0,0.201870024398851,cal_final_2008-09-30
05120500,hbv_lite_cma,evaluation,0.175327,0.217719,-0.276883,-0.499724,11.502891,13,explicit_euler_dt1,hbv,success,,70.34,0.2487,-1.6799408496429615,1.7966676787694067,0.0821354548115606,0.1232657113468478,432.9590196435341,5.939024243518128,0.5407682891869834,0.2301852748831488,0.0100000954508039,41.18605578336313,0.1082217773767284,0.172912691983093,7.071980427013015,0.0,0.0,210.5141164117761,0.0,0.0525369237565361,cal_final_2008-09-30
05291000,hbv_lite_cma,evaluation,0.483482,0.361549,0.278461,-0.481146,17.781442,13,explicit_euler_dt1,hbv,success,,40.37,0.5919,0.2754224855384639,9.944423803461843,0.0413851587073337,0.1997058218441134,307.6432973344082,1.1535527164967485,0.2001496990023298,0.5970805172042742,0.0891891214773172,10.100877575250964,1.258843367909124,0.0010038546006547,2.780011793730547,0.0,0.0,53.06960401855433,0.0,301.0927791161804,cal_final_2008-09-30
05362000,hbv_lite_cma,evaluation,0.626422,0.679209,-0.194978,-0.2305,-0.504793,13,explicit_euler_dt1,hbv,success,,41.11,0.8426,0.7000015483807238,4.093646817365162,0.0037137209485007,0.0714333785356966,346.65302300163955,4.710279334792898,0.7072019225400004,0.5029256972219502,0.2815066985954414,18.124939970720305,1.743634878353037,0.1999956619628551,3.328340997478908,0.0,0.0,191.2937797674724,0.0,0.4720927375996921,cal_final_2008-09-30
05393500,hbv_lite_cma,evaluation,0.610762,0.71195,-0.160778,-0.225157,-0.153252,13,explicit_euler_dt1,hbv,success,,47.17,0.7683,1.3900010018757225,6.688661054814727,0.0020102131998724,0.0642189927054184,464.2225368119121,5.99997750105596,0.9999989380596364,0.8999993831027399,0.220225502828348,63.35190391073164,0.8597923730571316,0.1353361953150522,1.167671004577875,0.0,0.0,299.2172294368369,0.0,0.573049849609284,cal_final_2008-09-30
05399500,hbv_lite_cma,evaluation,0.481149,0.549059,0.273324,-0.114566,5.622257,13,explicit_euler_dt1,hbv,success,,24.81,0.5514,1.736529048255112,7.225272905581156,0.000125650523501,4.540913780490036e-16,337.4145586144696,3.816832600826321,0.9999999999836076,0.0528423380170415,0.4999999999998175,89.15019238566431,2.160455128253586,0.1524784823862262,1.6310677411411738,0.0,0.0,202.07915328863555,0.0,1.183547325024477,cal_final_2008-09-30
05408000,hbv_lite_cma,evaluation,0.117274,0.191665,0.145596,-0.294329,0.841323,13,explicit_euler_dt1,hbv,success,,27.66,0.8353,-1.9407698339539807,2.846961624737748,0.0325075898487793,0.1972572323625182,229.44364336507064,4.353015287348706,0.2020818917223014,0.4182355251728225,0.3397387831353335,18.556632963632204,8.565450432583644,0.0023187135288397,1.1416591123552902,0.0,0.0,103.32888736516708,0.0,424.06771824477926,cal_final_2008-09-30
05413500,hbv_lite_cma,evaluation,0.329153,0.493641,0.296604,-0.057483,1.513865,13,explicit_euler_dt1,hbv,success,,27.55,0.7652,-0.7456391983883195,4.586943480536127,0.0263025821287797,0.0969736528272728,723.7703522822636,1.3616218526177228,0.3323178840000751,0.8620417758366093,0.1770452469970673,21.958195948752145,3.373423484401682,0.0054394748528693,1.0527769581840678,0.0,0.0,321.5120745750328,0.0,221.05731298951005,cal_final_2008-09-30
05414000,hbv_lite_cma,evaluation,0.349757,0.485806,0.253649,-0.038431,1.2767,13,explicit_euler_dt1,hbv,success,,22.7,0.8212,-1.719999998171876,3.074133060038871,0.0392072164611966,7.928090618621133e-09,611.0390372163614,2.8604933149343768,0.4659929849323472,0.8999999993682569,0.1028269552417286,26.49001216498806,2.206056096227637,0.0085246286498397,1.1327896320541075,0.0,0.0,371.5375088956332,0.0,123.70480242496508,cal_final_2008-09-30
05444000,hbv_lite_cma,evaluation,0.443587,0.555227,-0.021912,-0.218835,0.947505,13,explicit_euler_dt1,hbv,success,,27.47,0.7714,-1.020016999537536,9.869433223087109,0.0027759707556116,0.1966053637065049,371.952216936853,5.999950639435983,0.2247020703505966,0.8999405951126149,0.0539846688097767,23.55212984715396,1.4135360884851125,0.0039021200974569,1.0011784727925404,0.0,0.0,310.0403231303889,0.401262059039139,205.5691669667177,cal_final_2008-09-30
05454000,hbv_lite_cma,evaluation,0.489129,0.539442,0.218518,0.04105,9.921295,13,explicit_euler_dt1,hbv,success,,27.41,0.6431,-0.989999983021369,3.302448534822745,0.0226333831773146,1.1455993747459843e-09,666.6100271893965,5.999999341042338,0.8171552708106724,0.8999998510855417,0.4999990197624471,0.1046147255829139,4.511745841377148,0.1458201200359343,1.0090531072875937,0.0,0.0,548.7464052319299,0.0,4.88457005743757,cal_final_2008-09-30
05458000,hbv_lite_cma,evaluation,0.373011,0.676929,0.073766,-0.097501,0.548472,13,explicit_euler_dt1,hbv,success,,34.96,0.7094,-2.169999946121215,1.9920524558735115,0.0163016862473111,3.5645685563695436e-09,175.6522042779649,5.999999761005059,0.2000001643595761,0.8999999944000102,0.3949681121544075,40.13982743295193,2.827195450960876,0.0352837420818205,2.611222429285818,0.0,0.0,46.74963103889473,0.0,1.7892967059957674,cal_final_2008-09-30
05466500,hbv_lite_cma,evaluation,0.629158,0.793141,-0.050576,-0.076284,-0.15571,13,explicit_euler_dt1,hbv,success,,46.64,0.7221,-0.5696467487159527,9.686979641817036,0.0887894606827374,0.0015520041746775,355.31861294646666,5.598569439084298,0.2000000054436537,0.8999999996428221,0.3088508458133256,15.574266639568627,1.4353283678955604,0.0932683105655977,4.609378049681322,0.0,0.0,320.52669774520854,0.3378529294626113,7.488760871078901,cal_final_2008-09-30
05487980,hbv_lite_cma,evaluation,0.588862,0.528245,0.114759,-0.158937,8.593386,13,explicit_euler_dt1,hbv,success,,24.59,0.5746,-0.8999998991775779,2.851305061474669,0.0808698860308823,3.98868266964447e-09,485.4895654417404,5.99999997841062,0.7442299605588445,0.794526487407652,0.499999995641592,82.31603220531004,0.8075304996962385,0.1386678486309496,1.768549521118378,0.0,0.0,417.1397049979896,0.1697830011752623,3.2616785344790253,cal_final_2008-09-30
05488200,hbv_lite_cma,evaluation,0.533658,0.40143,0.312762,-0.183639,85.650742,13,explicit_euler_dt1,hbv,success,,29.63,0.5121,-0.0499689528870113,9.999911054243722,0.081100843359976,8.830625318821346e-06,756.1057014254337,5.963642752709887,0.9999983472929586,0.7422873410278152,0.045067326737123,8.217164676374821,0.7286555967567812,0.0010000000019794,2.012360723940039,0.0,0.0,665.5940107473646,5.192151701218295,463.28679060600615,cal_final_2008-09-30
05489000,hbv_lite_cma,evaluation,0.657758,0.633989,0.068487,-0.181617,16.15777,13,explicit_euler_dt1,hbv,success,,24.4,0.5663,-1.5899934501411386,1.0887634075785684,0.0806371077368202,2.412073140466101e-07,221.32686261956064,5.999998283044765,0.2000043800061633,0.6033410717368441,0.0760269595697892,3.879206160484192,0.5912259077954493,0.006344748769539,1.8657070571382248,0.0,0.0,190.59243712919024,2.411468512650377,69.25733943435603,cal_final_2008-09-30
05495000,hbv_lite_cma,evaluation,0.618312,0.457921,0.358559,-0.197715,48.814483,13,explicit_euler_dt1,hbv,success,,40.48,0.6204,-2.420001050882282,1.651532774569796,0.089958557203309,7.156639932988314e-09,313.7093845845092,5.99999999897733,0.9999999945852862,0.5778930048604358,0.4999999992785281,84.86392465641123,1.465117286068962,0.0010000000061845,3.4157766616111536,0.0,0.0,284.4683250331528,0.0,503.64757504798416,cal_final_2008-09-30
05495500,hbv_lite_cma,evaluation,0.575005,0.417885,0.364557,-0.163251,54.221889,13,explicit_euler_dt1,hbv,success,,26.23,0.6298,-2.499999999998735,9.999999999999988,0.0205119764569198,1.5906626323630705e-13,592.048205656448,5.387469594348203,0.9999999999999808,0.6436375749215685,0.0407722002183276,8.572539800915715,0.76090508531173,0.001,1.7376923923855605,0.0,0.0,512.2338227101332,2.7962634144177763,490.213252361644,cal_final_2008-09-30
05501000,hbv_lite_cma,evaluation,0.495022,0.484878,-0.035099,-0.302013,13.308729,13,explicit_euler_dt1,hbv,success,,27.42,0.667,-2.48999997330682,0.6528673021237628,0.01944793378214,7.644490657004657e-10,219.0211112336334,5.999999999584849,0.2000000049256312,0.4983855727196886,0.2319336794871206,4.482163140745996,0.7965861773826768,0.0077685606311912,1.4169344419731105,0.0,0.0,187.18004250382623,0.8012011283818813,63.896261857098985,cal_final_2008-09-30
05503800,hbv_lite_cma,evaluation,0.539888,0.350318,0.389941,-0.256747,1097.248581,13,explicit_euler_dt1,hbv,success,,26.05,0.6505,-2.399999987052732,9.130079513760377,0.0599220295216016,1.649143998632001e-08,515.1813410069772,4.788210270424006,0.999999995726599,0.6537946688146615,0.0528773073407675,7.508628360301231,1.2872643407036788,0.0010000000163211,1.5582017679664115,0.0,0.0,469.1547720238115,2.159373114454223,697.0609177328153,cal_final_2008-09-30
05507600,hbv_lite_cma,evaluation,0.510504,0.21553,0.672352,-0.033552,747.196193,13,explicit_euler_dt1,hbv,success,,24.78,0.645,-2.4999999999752487,9.999999999758533,0.0633781173944554,1.264543157131514e-12,394.1569095945844,5.999999999992905,0.9999999999918224,0.859051208757262,0.0531663087772864,7.581864708340189,0.7994387471217185,0.0010000000000125,1.3165568600765138,0.0,0.0,359.84648308261313,3.316221029573095,475.70099134687297,cal_final_2008-09-30
05508805,hbv_lite_cma,evaluation,0.556118,0.363217,0.492226,-0.099813,70.035885,13,explicit_euler_dt1,hbv,success,,27.58,0.6135,-2.499999999995361,9.99999999567856,0.0644083529730769,5.653474105182975e-11,493.4782408774326,5.999999994289942,0.9999999998222135,0.7519031193974567,0.0660709236511985,7.67626395803211,0.8239589393732762,0.001000000000055,1.8222893038489536,0.0,0.0,455.9353015972217,3.5728729596927136,459.338938514868,cal_final_2008-09-30
05525500,hbv_lite_cma,evaluation,0.676295,0.652495,0.226629,-0.0355,5.979938,13,explicit_euler_dt1,hbv,success,,45.42,0.7521,-1.1800000686976748,2.0511746288050565,0.0017058951929724,2.371620871089093e-10,466.7843446284864,5.999999984947488,0.9526223468271426,0.5725358500036366,0.4111191003853597,98.85484532803278,1.5048780239979247,0.0961203517074304,3.049403353271407,0.0,0.0,407.6066587243154,0.0,4.367680705493116,cal_final_2008-09-30
05556500,hbv_lite_cma,evaluation,0.523906,0.595484,-0.090564,-0.22335,1.3381,13,explicit_euler_dt1,hbv,success,,29.94,0.6756,-0.6500030235698158,9.999999999998876,5.105930517418639e-09,0.1589338518795416,334.65537899818514,5.9999908187816,0.2000149692283091,0.8429161022419747,0.1346622086975578,22.27697043039206,0.0026410576044154,0.1441981881154622,1.8006627737024423,0.0,0.0,307.5144507360424,9.444268061799134,0.0156744125060736,cal_final_2008-09-30
05584500,hbv_lite_cma,evaluation,0.687042,0.715571,0.087119,-0.09856,4.998617,13,explicit_euler_dt1,hbv,success,,45.95,0.6169,-0.2800000363802803,8.164106098581362,0.0847230637766823,2.956370915588946e-07,305.9711818921927,5.999999862903818,0.2000000012943926,0.8569397614472919,0.3594266967445773,35.65304305325952,1.2661878434196552,0.0929731038483588,3.515703853976427,0.0,0.0,265.3176978004436,0.0,6.287868900407044,cal_final_2008-09-30
05591550,hbv_lite_cma,evaluation,0.688709,0.580742,0.35496,0.031601,61.785937,13,explicit_euler_dt1,hbv,success,,24.95,0.704,-1.6599998563499954,1.3114669192395991,0.0837978380337705,1.3607602845961273e-08,675.2993376002545,5.999999913487614,0.9554381769435736,0.8999999856365172,0.4999999494958894,2.1124055008309926e-06,4.538750026942883,0.1583815221675645,1.2481892201268434,0.0,0.0,558.2981897576432,0.0,2.632874750992268,cal_final_2008-09-30
05592050,hbv_lite_cma,evaluation,0.58466,0.370943,0.453244,-0.123788,153.365477,13,explicit_euler_dt1,hbv,success,,27.26,0.7209,-0.7100023581488615,3.913686231251756,0.0756715557503675,0.1999999480639457,657.3712089369975,5.999997642422066,0.9999998907577516,0.7252716737592434,0.0584308938289074,16.964465816274874,0.7083868430441466,0.0010000001291313,1.0403528326383245,0.0,0.0,579.434275069536,4.720078924332735,512.5172716053147,cal_final_2008-09-30
05592575,hbv_lite_cma,evaluation,0.616443,0.526394,0.305019,-0.072974,19796.248234,13,explicit_euler_dt1,hbv,success,,27.3,0.6264,-0.3199999775796973,0.9352355537515156,0.0500128589564747,4.134409463057406e-09,462.80440542198346,5.999999153177232,0.7088538554769377,0.8999999999962084,0.4999999994594398,1.059062410905827,1.5658569619008158,0.0557181153536055,1.110195864357976,0.0,0.0,338.13242418406946,0.0,6.207238748220947,cal_final_2008-09-30
05593575,hbv_lite_cma,evaluation,0.661128,0.459983,0.357113,-0.101648,70.598814,13,explicit_euler_dt1,hbv,success,,27.31,0.6828,-2.0004663394177427,1.416403399022262,0.0874755410820232,0.1999529090733675,465.7131571739139,5.999956943783509,0.998859747412384,0.5694732659075933,0.4572547974381925,24.95293660627929,1.094023507949036,0.0010000230620524,1.386863148759565,0.0,0.0,363.0256493258333,0.0,442.0548651626515,cal_final_2008-09-30
05593900,hbv_lite_cma,evaluation,0.466837,0.27807,0.602992,-0.057991,192.885007,13,explicit_euler_dt1,hbv,success,,27.37,0.6574,-0.9900004896519232,0.5672374524792674,0.0473393682835952,7.678774599847026e-10,237.78663331684496,5.999999777136156,0.9999999997647075,0.7444683722996832,0.0671706468412955,12.90248990095435,0.8591744727242488,0.0010000000113351,1.6728231640191766,0.0,0.0,208.02332900489048,2.7735928158120715,500.8135415241085,cal_final_2008-09-30
05595730,hbv_lite_cma,evaluation,0.639596,0.539658,0.135802,-0.114978,636.39518,13,explicit_euler_dt1,hbv,success,,27.46,0.6172,-1.7893639833550856,1.897078897439912,0.0419861544188252,0.0257133004482724,257.3055380756964,5.999999510852254,0.2000028777849498,0.5471385515081701,0.4999994347809274,16.939942210781854,0.4148496107453315,0.0010000306135999,1.0473654669342538,0.0,0.0,126.79569256294842,0.0,165.85927677418132,cal_final_2008-09-30
06221400,hbv_lite_cma,evaluation,0.535194,0.726107,-0.153251,-0.17102,-0.876282,13,explicit_euler_dt1,hbv,success,,31.03,0.671,0.2096338442891863,2.5132269245941443,0.0041697281951733,0.0731597189310774,50.00106496229717,1.0000024985771296,0.99998381722691,0.0500011485698737,0.0100098577307953,99.99998959693896,3.401984936417301,0.0442500240460173,1.7516566101841924,0.0,0.0,14.868294629904453,0.0,12.296028529143037,cal_final_2008-09-30
06224000,hbv_lite_cma,evaluation,0.751503,0.762977,-0.173284,-0.170158,-0.731326,13,explicit_euler_dt1,hbv,success,,36.78,0.8374,1.0000007493772165,6.651772615677779,0.0975138088261441,4.2735982809955255e-09,50.000004803388975,1.0000000080563478,0.9999999878360424,0.0500000115874496,0.0100000035853509,99.99999997979816,5.275125792112991,0.0301588205619964,1.5291830203483474,0.0,0.0,14.938766539570148,0.0,19.959598764018185,cal_final_2008-09-30
06278300,hbv_lite_cma,evaluation,0.763513,0.777084,-0.155511,-0.156712,-0.932869,13,explicit_euler_dt1,hbv,success,,28.38,0.8151,2.079999998758953,7.529320346152743,4.659792709767463e-05,1.7769810352284222e-13,451.7712381700398,1.0000000000078693,0.9999999999994932,0.7413117659924675,0.3258404902194098,99.4661047791805,9.99999999999693,0.0868760159165689,1.0024449655587364,0.0,0.0,189.0048626084615,0.0,4.527245398161822,cal_final_2008-09-30
06280300,hbv_lite_cma,evaluation,0.565489,0.725166,0.04852,0.066997,-0.867354,13,explicit_euler_dt1,hbv,success,,33.24,0.7749,2.2600000534037346,3.916017754143456,0.0187228602537963,6.446553421528131e-11,288.7582727127044,1.0000000001652654,0.9999999986110888,0.8991788357446078,0.1124639413256183,69.43433254317777,9.999999730285785,0.0409918649549028,1.8049284971526065,0.0,0.0,108.64812872162013,0.0,14.761222695241422,cal_final_2008-09-30
06289000,hbv_lite_cma,evaluation,0.634135,0.744132,-0.121726,0.021455,-0.795827,13,explicit_euler_dt1,hbv,success,,36.41,0.7133,0.2999977581895301,1.627595423665835,0.0856077452936757,0.155190275908028,540.4183183979999,2.1221911013566457,0.9999940755611624,0.7801529938260872,0.1909572082790059,98.5353432471991,6.503434219066566,0.0332346889402702,1.264842993306815,0.0,0.0,257.4098230134568,0.0,9.351482238402856,cal_final_2008-09-30
06291500,hbv_lite_cma,evaluation,0.567922,0.769931,-0.087261,-0.055793,-0.58947,13,explicit_euler_dt1,hbv,success,,46.03,0.7606,1.3899999315815186,0.5000000492272747,0.0999999569478849,0.1999999851876939,353.12001753281925,2.0548301328153125,0.9999996422853252,0.2760257321358058,0.1359101710281572,77.05913880461942,9.99997732699256,0.0507090523237035,1.0100750717202134,0.0,0.0,152.76941731309523,0.0,3.297657459223367,cal_final_2008-09-30
06311000,hbv_lite_cma,evaluation,0.701297,0.72963,-0.19333,-0.207316,-0.81729,13,explicit_euler_dt1,hbv,success,,38.04,0.7399,2.1800000280684912,9.999999873350662,0.0999999977369753,0.1999924117637468,345.6991761213456,2.034535114156073,0.9999999990234376,0.8254763001151725,0.0801323838925036,71.15360485525805,7.467136145078449,0.0568782907684303,1.3385593016098092,0.0,0.0,149.0653022105659,0.0,2.98493882226954,cal_final_2008-09-30
06332515,hbv_lite_cma,evaluation,0.199307,0.379843,-0.10147,-0.351748,7.696367,13,explicit_euler_dt1,hbv,success,,28.21,0.2447,0.5405690507162424,2.471982889348208,1.4528001182247966e-07,0.0005101455747882,256.87066376925054,3.847480211357757,0.5431238145080135,0.8994397337538578,0.4992143524263113,0.4730822731330538,5.97946204870693e-07,0.1130058185948884,1.8636090813475248,0.0,0.0,78.2288940329423,0.000420288343152,4.693340671135172e-06,cal_final_2008-09-30
06339100,hbv_lite_cma,evaluation,0.007678,-0.35799,1.081285,-0.303964,199.361964,13,explicit_euler_dt1,hbv,success,,27.93,0.628,0.4695938096490355,6.744297616658511,6.955888231742503e-06,0.0689057114934208,95.9995979157555,5.964405775681729,0.7973517193123332,0.8996278513547822,0.4618690751904162,5.971321954265497,5.631451290369839,0.0010002449748309,1.7756677618335068,0.0,0.0,33.86035837326121,0.0,105.7127509448342,cal_final_2008-09-30
06344600,hbv_lite_cma,evaluation,0.019739,0.152331,0.27708,-0.149281,21.536593,13,explicit_euler_dt1,hbv,success,,28.08,0.1636,0.6486823470354279,6.867814231610623,0.0999993965453308,0.1768891379765775,291.40529247674806,1.5158852005933694,0.2000009433937856,0.8999992649539044,0.4999359161999832,0.0081147079342457,0.6928633362802414,0.1999536005026878,1.6176128480713945,0.0,0.0,23.26626254875571,0.0,0.0334948707867781,cal_final_2008-09-30
06350000,hbv_lite_cma,evaluation,0.109509,0.049723,-0.19762,-0.380481,0.293418,13,explicit_euler_dt1,hbv,success,,43.73,0.1376,2.199994032278632,7.896600739135642,0.0381788227736062,0.0862417062129462,344.33734625465894,2.065179638247389,0.2000000487948645,0.3237594572488514,0.3536495071811513,81.99787210052138,8.9900067523752,0.1999996278677743,3.573367266287108,0.0,0.0,22.773424812671813,0.0,0.0044057116252628,cal_final_2008-09-30
06352000,hbv_lite_cma,evaluation,-0.660193,0.094245,0.499517,0.12077,-0.528815,13,explicit_euler_dt1,hbv,success,,38.76,0.2806,0.0700007158003117,4.093378846647379,0.0584894812457532,8.3583563980211e-08,110.57623119015088,5.999999769422644,0.4371807205341546,0.7503462536428076,0.4576789055162285,0.1235284670087127,8.425320759600405,0.1999999500498171,3.345574645415175,0.0,0.0,12.359415697382415,0.0,1.822861594604494e-06,cal_final_2008-09-30
06404000,hbv_lite_cma,evaluation,0.65183,0.618556,-0.189809,-0.242925,-0.040832,13,explicit_euler_dt1,hbv,success,,28.29,0.7936,2.307473960987765,0.5002521238337267,0.0987602075961899,0.0866387067131332,477.7422226614011,2.042812656773465,0.3233782199406189,0.8998747920140597,0.1555200743841029,3.0293444281544275,0.1737919300055532,0.0563066674618637,1.931975352839646,0.0,0.0,86.81139607895962,0.0,0.5141197193339067,cal_final_2008-09-30
06406000,hbv_lite_cma,evaluation,0.500259,0.696593,-0.103517,-0.329685,4.052634,13,explicit_euler_dt1,hbv,success,,29.7,0.1702,1.2098443215387222,5.30061597513899,0.0292347341091441,0.0960210340786129,572.74041651421,1.520633658376679,0.200000565239986,0.8999994629284788,0.0659719457284565,2.461534565311032,0.4233696945178383,0.0036189530352352,1.970058536138799,0.0,0.0,54.51963593944771,0.0,24.915257845204327,cal_final_2008-09-30
06409000,hbv_lite_cma,evaluation,0.459763,0.574087,0.137243,-0.152044,0.758474,13,explicit_euler_dt1,hbv,success,,53.82,-0.0797,-2.479859243570828,9.963049477773058,0.0404770315651771,0.0066268831771513,999.9997144504048,1.2323823327107777,0.2000000101783074,0.346910089932872,0.0119069314784703,86.9190744586151,0.911278797622776,0.0031095288283946,4.464895917989163,0.0,0.0,123.60615422607536,0.0,61.301849459436745,cal_final_2008-09-30
06431500,hbv_lite_cma,evaluation,0.388939,0.647174,0.261293,0.141999,0.630963,13,explicit_euler_dt1,hbv,success,,50.41,0.4632,0.3503492887160102,1.2198398030982014,0.0994526131602777,0.0889055134338776,999.9990656431826,1.0000015796638544,0.2215803078976465,0.240313857961379,0.0493814687729803,79.07608500531236,1.289022809697749,0.002777305355022,1.7081354371070003,0.0,0.0,159.02805520964685,0.0,148.66034088619745,cal_final_2008-09-30
06440200,hbv_lite_cma,evaluation,0.07503,0.460238,-0.016401,-0.264065,1696.621652,13,explicit_euler_dt1,hbv,success,,28.72,0.6158,-0.279035297381311,7.756908563919016,0.0383006002664924,0.0003341153862818,106.83121639042012,5.010175408338481,0.3023812489012785,0.3028730683215945,0.4929277206375297,3.635895823494882,1.874947604971975e-06,0.1869141991027626,1.1539235573323303,0.0,0.0,21.06683386803752,4.7574253340520216e-05,6.631758703088998e-06,cal_final_2008-09-30
06447500,hbv_lite_cma,evaluation,0.181358,0.153689,-0.05404,-0.4621,1.286731,13,explicit_euler_dt1,hbv,success,,56.42,0.1224,1.3599374427971682,6.218018144191787,0.0480507167508859,0.1999712491042533,999.998769743562,1.5424314038581624,0.2000001933502373,0.5644864054304521,0.1160937349679553,80.74209022441353,0.349227078126551,0.001667190066114,7.894415044643725,0.0,0.0,108.9121115972146,0.0,32.98327507346172,cal_final_2008-09-30
06470800,hbv_lite_cma,evaluation,0.200927,0.141337,-0.335136,-0.503291,55.870912,13,explicit_euler_dt1,hbv,success,,43.37,0.5944,-0.3199996925425092,1.504060638335689,0.0142307332147583,0.1999999923646551,583.8860827878026,5.063157198613954,0.5201543683194896,0.120917424930982,0.180829355705059,72.60929245787969,9.954021028286324,0.1520470863598758,3.175530507581915,0.0,0.0,266.6578529834196,0.0,0.123910888833231,cal_final_2008-09-30
06477500,hbv_lite_cma,evaluation,0.519199,0.349253,0.3232,-0.369458,1577.602314,13,explicit_euler_dt1,hbv,success,,51.22,0.5989,1.4904060674146082,4.718742457687096,0.0983453298073613,0.1999998785244491,393.3247390576247,2.2276295553012107,0.2000000452653384,0.0660599469981302,0.2046186820143354,57.33450079863175,0.5941436197492722,0.0010000001875413,4.660083170851441,0.0,0.0,46.56746861037698,0.0,89.25643950426951,cal_final_2008-09-30
06479215,hbv_lite_cma,evaluation,0.348181,0.294572,-0.121813,-0.392495,13.808743,13,explicit_euler_dt1,hbv,success,,42.44,0.389,0.01000575132249,9.599033401141174,0.0050594324549425,0.1999999659608643,538.1831811409122,1.4091647984032756,0.2000000002940151,0.5563577229150548,0.4999999988915193,51.54850378180677,2.274878739509552,0.1609198084324245,3.0626921062633787,0.0,0.0,99.03912954899452,0.0,0.5668075321078985,cal_final_2008-09-30
06601000,hbv_lite_cma,evaluation,0.32906,0.304111,-0.036787,-0.364781,2.15576,13,explicit_euler_dt1,hbv,success,,28.7,0.2328,-0.2599999568731599,9.999999883185,1.09892523691372e-05,2.164855237093386e-09,999.9999997602656,1.51466166166903,0.336063992999154,0.1632086150948265,0.4999999885347363,62.36281529847035,1.896584635940496,0.0041912269876384,1.6728794755424627,0.0,0.0,281.18727583083074,0.0,97.27210023832616,cal_final_2008-09-30
06614800,hbv_lite_cma,evaluation,0.813137,0.71065,-0.187624,-0.178609,-0.918391,13,explicit_euler_dt1,hbv,success,,48.82,0.8766,2.499999999996877,6.248561527051878,0.0258955339411538,0.0059642752562669,999.9999999948288,1.0000000000002656,0.9999999999992856,0.063888485515363,0.0519982508291205,6.199052160505733e-11,9.99999999892544,0.0614890540133977,1.158368793817294,0.0,0.0,541.6370291127208,0.0,20.1472514194047,cal_final_2008-09-30
06622700,hbv_lite_cma,evaluation,0.761238,0.863835,0.006061,-0.070363,-0.095339,13,explicit_euler_dt1,hbv,success,,33.7,0.728,0.0300395967533702,2.958669548373173,0.0301516192760652,1.8290038334602137e-07,264.9259504138806,1.000017476872277,0.6784000439411377,0.8999989997399357,0.2361514292629404,5.921666516161372,9.99996326116013,0.0366037291329281,2.93175443971434,0.0,0.0,56.18867886144345,0.0,8.691464085954504,cal_final_2008-09-30
06623800,hbv_lite_cma,evaluation,0.733366,0.859816,-0.006415,0.035645,-0.735742,13,explicit_euler_dt1,hbv,success,,43.96,0.8747,-0.1300000102077687,3.8497040147886312,0.0540695796349555,1.3839973448463868e-10,389.5422483827098,1.0000007015297128,0.2448419489250823,0.0500000016682814,0.0100000029527786,18.22467932488081,9.937584400866903,0.0441279587884213,1.335032409833584,0.0,0.0,50.39769045429362,0.0,7.696757986402875,cal_final_2008-09-30
06632400,hbv_lite_cma,evaluation,0.753009,0.859047,0.070298,-0.015178,-0.75994,13,explicit_euler_dt1,hbv,success,,64.72,0.6966,-0.9900207612142014,5.700872901670572,0.0539578556994772,0.0264425401333577,50.00463018092645,4.969088780236939,0.9972622387461164,0.1193788042676333,0.0100017135553839,93.00504483317197,9.99999929370703,0.0322093828843514,2.21505645340028,0.0,0.0,19.07690407482678,0.0,5.461637174679997,cal_final_2008-09-30
06746095,hbv_lite_cma,evaluation,0.714928,0.570372,-0.358788,-0.28946,-0.872825,13,explicit_euler_dt1,hbv,success,,60.77,0.8152,2.479999987988079,4.268344920762091,0.0075448304838154,0.1049398850615969,50.00000140688536,1.0000000179784896,0.9999999946208746,0.1611285741808326,0.0397995793643295,52.15793380807805,9.999931836498158,0.0774562579251041,1.0280862781211828,0.0,0.0,21.0057587435144,0.0,13.474708103045735,cal_final_2008-09-30
06803510,hbv_lite_cma,evaluation,0.565562,0.465107,-0.06708,-0.297419,1.550516,13,explicit_euler_dt1,hbv,success,,27.54,0.7504,-0.6833509812806908,1.4569073140350068,6.712712586109643e-06,3.783014080097492e-12,247.2558114576612,5.8011697189892,0.4202978212046506,0.8999999999996255,0.4999999983516178,2.256036319622849,1.927150868515,0.0021378005946178,1.093038842941178,0.0,0.0,125.83203529684276,0.0,139.03107618676245,cal_final_2008-09-30
06803530,hbv_lite_cma,evaluation,0.533845,0.523976,0.077574,-0.219491,1.993877,13,explicit_euler_dt1,hbv,success,,27.44,0.7091,0.1000000113123302,5.206526703122331,0.0276418594497647,1.10986128588081e-10,399.4676781516523,5.999999881732875,0.6906121632671034,0.8999999996957873,0.4999999988578906,6.904484944283117,1.080919803709033,0.0018284783171183,1.253640439595102,0.0,0.0,255.13463281602776,0.0,142.27103474375275,cal_final_2008-09-30
06814000,hbv_lite_cma,evaluation,0.607586,0.425379,0.477307,-0.070915,24.010884,13,explicit_euler_dt1,hbv,success,,24.39,0.6093,-2.499999542961605,1.257150853835748,0.0390300176612345,2.7708115171163977e-08,321.46816405477693,5.999999964042014,0.9999999624500742,0.6052370718310113,0.1575875691757581,6.021873735686442,1.457134196069331,0.0010000000437037,1.7596143634118575,0.0,0.0,230.5501192728886,0.0,452.8364415608268,cal_final_2008-09-30
06847900,hbv_lite_cma,evaluation,0.023127,-0.005183,-0.203178,-0.315673,6.216799,13,explicit_euler_dt1,hbv,success,,28.38,0.0592,0.1799274708746074,9.99999707325296,0.0563118503908685,0.1999999863539976,999.9999705687776,4.610058221031333,0.439136514709824,0.8427822603134021,0.4925173411368266,99.07594720384414,0.0001482088661574,0.1891914430499009,1.2223855855169476,0.0,0.0,282.296921079069,0.0001136601138891,0.0005955873789662,cal_final_2008-09-30
06853800,hbv_lite_cma,evaluation,0.479973,0.353202,0.455756,-0.167511,19.781768,13,explicit_euler_dt1,hbv,success,,35.85,0.4106,1.0795126887381192,7.9034905822997885,0.0014272212117962,0.1999960984438772,753.5580035343788,1.97472602975114,0.3619986593989195,0.6621552099049415,0.0100015229823653,2.099172793205686,0.4716911124510965,0.0010000006916756,2.017949377442845,0.0,0.0,239.45709283621767,0.0,169.69065963208357,cal_final_2008-09-30
06876700,hbv_lite_cma,evaluation,0.607806,0.523983,0.064752,-0.290339,15.000809,13,explicit_euler_dt1,hbv,success,,43.3,0.397,-2.2800188711280525,4.7817759364598,0.0845464325435798,0.00027803943316,999.500630467376,1.5823992454922902,0.2120586075966944,0.125224570897568,0.3610432705959375,96.02133736756846,0.2537646587098437,0.0010000927093575,5.930598103272375,0.0,0.0,204.01829168603405,0.0,87.85462010874758,cal_final_2008-09-30
06878000,hbv_lite_cma,evaluation,0.454721,0.607735,0.059382,-0.269423,4.726387,13,explicit_euler_dt1,hbv,success,,29.71,0.649,-2.029998398951356,7.748916057731355,0.0216410489026942,7.515266000999027e-08,158.90814069481695,4.620308163480743,0.2000000661654513,0.5607681836725991,0.0967094142548649,8.853185425424678,1.3720740608795443,0.0012276838183078,1.0005640787807033,0.0,0.0,62.707500037833405,0.0,158.95240334364175,cal_final_2008-09-30
06879650,hbv_lite_cma,evaluation,0.421742,0.444637,0.021881,-0.307802,,13,explicit_euler_dt1,hbv,success,,27.37,0.452,-1.1099619114589367,6.564427914806329,0.0676397034805373,1.833584210897624e-05,171.593024561927,5.999999999435498,0.2000001347983106,0.8999998697774585,0.4999998677239034,0.5575023172633164,9.226153907196233,0.0250807928562178,1.9180719082607096,0.0,0.0,125.12616303467844,0.0,25.34925688761096,cal_final_2008-09-30
06885500,hbv_lite_cma,evaluation,0.583872,0.310173,0.659345,-0.021785,19.501191,13,explicit_euler_dt1,hbv,success,,30.01,0.6255,-2.1100000212172603,9.99999999471032,0.0232427254426783,3.1904566989517915e-10,173.61714440578174,5.999999998218564,0.9939707008161476,0.4970988379245413,0.1847801285846382,7.096167249350077,2.553030539707397,0.0010000000000083,1.0045369997882412,0.0,0.0,135.92441506274187,0.0,524.8061370202778,cal_final_2008-09-30
06888500,hbv_lite_cma,evaluation,0.570118,0.537247,0.100381,-0.167997,3.279732,13,explicit_euler_dt1,hbv,success,,27.27,0.525,-1.7100005193023324,0.5000001645230443,0.0320863395624491,3.7199525157326094e-05,436.84862781865024,4.010772938203434,0.7921494816664321,0.6448585078814962,0.1174056959603434,3.519494620460759,0.9929113579195936,0.032160040541417,1.1278695117888675,0.0,0.0,324.236946447891,0.0,13.590962271146765,cal_final_2008-09-30
06889200,hbv_lite_cma,evaluation,0.543533,0.341865,0.549938,-0.106237,27.769717,13,explicit_euler_dt1,hbv,success,,27.49,0.3059,-1.210127178747335,0.5000330436774256,0.0171240296045396,0.0967337662885416,118.23810499526576,5.999969907907888,0.9822927226347024,0.5555740182694219,0.2465891997383716,6.293228961554259,3.4665445640424144,0.0010000046009095,1.0057856901956326,0.0,0.0,86.43960655346353,0.0,602.7720418516625,cal_final_2008-09-30
06889500,hbv_lite_cma,evaluation,0.656244,0.470507,0.421585,-0.115272,15.571241,13,explicit_euler_dt1,hbv,success,,27.42,0.4696,-1.2300094696448869,0.5000000765992435,0.0527520765932507,0.0001039860626029,171.82218834906928,5.99999995249587,0.9127437594595598,0.5290471636568893,0.2966245064834782,5.2294606860318975,2.2279458757812503,0.0010000007590248,1.1298844217361197,0.0,0.0,135.40839006335204,0.0,506.79922230694825,cal_final_2008-09-30
06892000,hbv_lite_cma,evaluation,0.669501,0.614477,0.200834,-0.223268,29.910645,13,explicit_euler_dt1,hbv,success,,37.66,0.6815,0.4599999999413589,0.5752883300258007,0.0849424773900822,2.846045271377804e-12,124.99140961312848,5.999999998912554,0.2000000006506274,0.0976162122966735,0.4999999997670761,94.68736637615348,2.2237213610445434,0.0010000000011559,3.521869427600699,0.0,0.0,96.6545036223684,0.0,436.7588533091337,cal_final_2008-09-30
06903400,hbv_lite_cma,evaluation,0.598932,0.577472,0.077531,-0.153887,34.308861,13,explicit_euler_dt1,hbv,success,,35.11,0.687,-0.2937833656686281,3.017311325037439,0.0814258850210165,9.916384914825728e-09,208.6935835838277,5.999999923946758,0.2000001969222271,0.5978410058205303,0.0401296130977751,1.4556845164844556,0.329499835291093,0.0059390359254332,3.749990703189497,0.0,0.0,179.15434861617177,1.4971829939092418,39.962285297189766,cal_final_2008-09-30
06906800,hbv_lite_cma,evaluation,0.664476,0.643126,0.146953,-0.127706,14.835393,13,explicit_euler_dt1,hbv,success,,27.18,0.6361,-1.530019514407387,9.999973997315491,0.0530425495159081,0.0144947974877767,248.6157945447269,5.999999562728941,0.2082624121374003,0.4873228844710691,0.2795480132193746,4.886060995705815,0.7258461259854889,0.0010000011779889,1.1719750711689536,0.0,0.0,205.03461456397028,0.0,285.84029291405415,cal_final_2008-09-30
06910800,hbv_lite_cma,evaluation,0.584819,0.326487,0.581147,-0.037042,220.664405,13,explicit_euler_dt1,hbv,success,,27.45,0.5968,1.169997159169338,0.5000000623155606,0.0969540796291263,0.0118804204005847,276.15933363020736,5.999998911584932,0.9998980557247656,0.7436513296999381,0.1968870152166992,7.646717834216695,1.6349587445128355,0.001000000071883,1.3321313834245727,0.0,0.0,236.9078249303672,0.0,557.7810743117343,cal_final_2008-09-30
06911900,hbv_lite_cma,evaluation,0.578703,0.618881,0.166182,-0.139027,237.720834,13,explicit_euler_dt1,hbv,success,,27.3,0.5689,1.3299997359015987,0.5000000010151436,0.0054105236335136,6.388744888967563e-05,155.1278263935966,5.999999935068295,0.200000061901856,0.5938343701399863,0.4999988249189364,4.682015938725753,1.0292223626376196,0.0011190481430933,1.6723733563141985,0.0,0.0,117.0043297787422,0.0,243.46098358082253,cal_final_2008-09-30
06917000,hbv_lite_cma,evaluation,0.609996,0.582068,0.149726,-0.171807,141.910824,13,explicit_euler_dt1,hbv,success,,39.82,0.7137,-0.4900008756425746,3.882515469918038,0.0740659519107336,0.0049435096904081,256.469860377261,5.999997506618979,0.849465441473569,0.6837278621925905,0.0539503942283031,4.996783518279925,0.9786079146860676,0.0010000008218783,3.8995414069613177,0.0,0.0,203.6798346290047,0.0,445.4559595792518,cal_final_2008-09-30
06918460,hbv_lite_cma,evaluation,0.604958,0.591582,0.04041,-0.112708,0.249871,13,explicit_euler_dt1,hbv,success,,35.33,0.5366,-2.360052264303544,3.7217819648484,0.0084860481933343,0.1999822498921563,656.5318328716111,5.903337064998572,0.7696531231821793,0.3838912592532909,0.1914726680375805,11.36423133272585,4.400214952660001,0.0996257652275176,2.0561733422831447,0.0,0.0,517.7366359529876,0.0,3.954999049206773,cal_final_2008-09-30
06919500,hbv_lite_cma,evaluation,0.751939,0.631855,0.33187,0.000656,56.05459,13,explicit_euler_dt1,hbv,success,,43.03,0.7158,-0.9509998928119564,9.999999922067394,0.0591025012854858,0.1137236474884503,229.22617750170105,5.999999999356652,0.2000000000114296,0.1944202294629043,0.4086953996805174,3.747426873503713,1.5882842209016323,0.0010000000000487,3.962417003938429,0.0,0.0,165.8987003980705,0.0,405.46936690666337,cal_final_2008-09-30
06921070,hbv_lite_cma,evaluation,0.70335,0.743835,0.013006,-0.134202,3.247295,13,explicit_euler_dt1,hbv,success,,27.34,0.6418,-1.0300007491263106,6.429602715176375,0.069892655081635,1.7358341925569156e-06,321.09343892409294,5.999999085260984,0.2000000137125584,0.6714725957245232,0.1969181364688399,9.927543055986645,0.392667109051399,0.0141070352568507,1.0000016096935538,0.0,0.0,256.5168685805659,0.0,18.42434472537613,cal_final_2008-09-30
06921200,hbv_lite_cma,evaluation,0.646158,0.680341,0.137588,-0.085388,33.134375,13,explicit_euler_dt1,hbv,success,,27.41,0.6829,-2.3500189260591213,1.790088202391075,0.0317504915180283,0.1999997893450743,257.56442423980207,5.999999956552617,0.2000001651875477,0.8999998213030506,0.1911467583282225,12.241596602067997,0.7977000803153433,0.001000002678306,1.7075977574839971,0.0,0.0,209.0816923024061,0.0,334.23299004846825,cal_final_2008-09-30
07057500,hbv_lite_cma,evaluation,0.516196,0.467496,-0.125587,-0.235981,0.115333,13,explicit_euler_dt1,hbv,success,,32.72,0.7621,-0.2598471236513737,9.99924626833418,0.0843996205187112,1.4653457043178486e-06,349.89562693970095,1.4285865117259884,0.2116904291216899,0.7241241587592403,0.1134518717399944,32.80781898630388,1.704269881501138,0.0075683472310277,2.0367199705512715,0.0,0.0,134.04276294076152,0.0,112.66793211212168,cal_final_2008-09-30
07060710,hbv_lite_cma,evaluation,0.421377,0.226941,0.674067,0.026131,9.988932,13,explicit_euler_dt1,hbv,success,,27.29,0.6474,1.8200032662615664,4.188054951463387,0.0736935634338608,1.448197893059932e-06,368.7889004122711,5.999990209150927,0.3550759038668209,0.899999998504226,0.1436121922190636,24.60474091962875,2.030818030929674,0.0010000000530792,1.6390433565193503,0.0,0.0,308.62107557935894,0.0,690.3115935809726,cal_final_2008-09-30
07066000,hbv_lite_cma,evaluation,0.54911,0.556433,0.09461,-0.101779,0.726422,13,explicit_euler_dt1,hbv,success,,35.29,0.7159,-1.0499832789785,7.599106927327861,0.0119232152297968,0.0224802337502885,710.4970104702209,4.45720151746214,0.9657924765559432,0.5199574491551102,0.1160205107578303,22.386373219041783,1.034338483418597,0.0010000003279246,2.5802839956768744,0.0,0.0,573.9586875367754,0.0,663.4062740714573,cal_final_2008-09-30
07083000,hbv_lite_cma,evaluation,0.750607,0.745079,-0.199351,-0.18259,-0.923621,13,explicit_euler_dt1,hbv,success,,49.41,0.8382,2.320000248782243,6.7340867248136815,0.0903991671646741,9.536885776113948e-11,251.77091679338363,1.0000000081963716,0.999999995843622,0.1563428653530613,0.0100000836155891,96.87491720959972,9.999994828628363,0.0419786215232922,1.0001903682496005,0.0,0.0,78.23137029150517,0.0,12.26449842047868,cal_final_2008-09-30
07142300,hbv_lite_cma,evaluation,0.133295,-0.06545,-0.551793,-0.540201,2.827514,13,explicit_euler_dt1,hbv,success,,60.88,0.4491,2.230063396150224,2.294034989734717,0.0394421840715783,0.134762648080759,999.9998882023056,4.693407469755667,0.3814630205674102,0.3990182402431331,0.2797601976865889,50.22516272618142,0.0134359956277812,0.0696890791794377,6.21601098915356,0.0,0.0,224.2961670785916,0.0,0.0143710684431247,cal_final_2008-09-30
07145700,hbv_lite_cma,evaluation,0.535822,0.299918,0.637669,-0.019121,43.087015,13,explicit_euler_dt1,hbv,success,,27.44,0.688,-1.6800004544024585,0.500000000866054,0.0783873230262125,0.0243911652296287,154.1087082429306,4.088019481561046,0.9783333608452264,0.406219431492446,0.3903431905033721,6.34220476600105,2.110008406315476,0.0010000000030252,1.2758215318243091,0.0,0.0,109.14187466799795,0.0,550.804845331816,cal_final_2008-09-30
07167500,hbv_lite_cma,evaluation,0.417224,0.33262,0.392042,-0.097192,113.213617,13,explicit_euler_dt1,hbv,success,,27.36,0.6335,-1.9600426264392712,3.12269023323384,0.0630899926494889,0.0224694712893025,222.18300467604536,5.999990801771485,0.999999425639092,0.84466043961343,0.2124219397194427,9.02567702020411,0.886309734288736,0.0010000044297892,1.1818716313340891,0.0,0.0,176.26757295832044,0.0,396.4148712024326,cal_final_2008-09-30
07180500,hbv_lite_cma,evaluation,0.550981,0.615382,0.172008,-0.199278,11.503995,13,explicit_euler_dt1,hbv,success,,27.45,0.594,-2.469847517368553,0.6048023576260341,4.8302089320012855e-06,0.0557248599398915,310.1132414557161,5.999982481038947,0.9999999560965198,0.8999999989309436,0.4999898928399922,7.368359837333846,1.6242336720559036,0.0010000348222864,1.0160218405577677,0.0,0.0,263.94716363069193,0.0,393.2004906994745,cal_final_2008-09-30
07184000,hbv_lite_cma,evaluation,0.551247,0.492407,0.163636,-0.129515,87.118163,13,explicit_euler_dt1,hbv,success,,35.5,0.5273,-0.9000010330616279,9.99999793563662,0.0626425764436747,7.80635742077606e-07,164.5187007347671,5.999999987644724,0.2000000238406246,0.8999999634184562,0.4999999979791626,49.58749329079244,1.0454615910688865,0.009345063818515,2.3716053056043744,0.0,0.0,113.5159416245942,0.0,36.664778490206345,cal_final_2008-09-30
07195800,hbv_lite_cma,evaluation,0.459653,0.48056,0.048198,-0.091397,0.020703,13,explicit_euler_dt1,hbv,success,,27.35,0.5766,2.280013131521973,9.99922309325954,0.0189410028400388,9.161939189430302e-06,671.3152452542606,2.8192549496946246,0.4914038485041502,0.8999997806312017,0.247738289686422,10.344753026121827,8.414220835441528,0.1290510714489789,1.1282607153387365,0.0,0.0,464.5610434076526,0.0,3.7294867772320455,cal_final_2008-09-30
07196900,hbv_lite_cma,evaluation,0.488985,0.373147,0.421736,-0.155859,31.923992,13,explicit_euler_dt1,hbv,success,,27.57,0.6907,-0.6498324312026704,1.0428979360099018,0.0977101301054452,0.0566242805903651,525.3063761988676,4.96743811778053,0.9995690083990598,0.8999999345013924,0.1028846190231414,20.64293841887932,2.26352799579428,0.0010000000306186,1.0000057995977676,0.0,0.0,442.742706464762,0.0,1038.1686821384833,cal_final_2008-09-30
07197000,hbv_lite_cma,evaluation,0.667587,0.636049,0.21716,-0.116651,3.801008,13,explicit_euler_dt1,hbv,success,,27.43,0.7419,-2.330061224064908,0.6020303926163042,0.0814451954791668,0.0520621721483769,490.519479964173,4.063220433333621,0.630128525558306,0.610773886240566,0.089746626267338,33.075550551393896,0.9217865904031164,0.0010000000000276,1.8694483948457097,0.0,0.0,375.1222752403958,0.0,595.5606731849698,cal_final_2008-09-30
07208500,hbv_lite_cma,evaluation,0.497209,0.489606,-0.168357,-0.305108,0.094496,13,explicit_euler_dt1,hbv,success,,75.04,0.7512,0.6428286770860296,9.999999999998971,0.0614092117473965,5.201085757793638e-16,999.999999999918,4.055586833161495,0.8071515534507976,0.1168079565737049,0.4921286645126819,53.99379741182984,9.964414266443136,0.0515762551273188,9.123314272813554,0.0,0.0,456.88801086026206,0.0,1.0612383870500686,cal_final_2008-09-30
07261000,hbv_lite_cma,evaluation,0.519308,0.646098,-0.015288,-0.21278,50.295212,13,explicit_euler_dt1,hbv,success,,27.29,0.7663,-2.469921586559724,9.971019591365222,0.0144369847542494,0.0747328587807517,233.1804996489304,5.999996117800153,0.2000007758174238,0.5291462909841493,0.2024058981347594,35.45727246386398,1.1485138785470552,0.0124201700537126,1.147592371069745,0.0,0.0,176.20371131082018,0.0,52.51032996482385,cal_final_2008-09-30
07263295,hbv_lite_cma,evaluation,0.657199,0.687484,0.266106,-0.007589,166.394072,13,explicit_euler_dt1,hbv,success,,27.3,0.702,-2.13021188487346,0.7429661204987041,0.0620271649427726,0.0566806305376809,231.52818767483512,5.999999188140139,0.2000000060622344,0.8999999918370932,0.4999998134085242,8.118770784305767,3.4118168514044727,0.0386787450703481,1.0217360297091185,0.0,0.0,178.24565314818955,0.0,19.288256588212693,cal_final_2008-09-30
07291000,hbv_lite_cma,evaluation,0.60203,0.57584,0.26246,-0.124278,2.958128,13,explicit_euler_dt1,hbv,success,,25.01,0.6286,1.4799984681049043,1.0621053472591724,0.0735411937768752,0.0585320188077437,374.1794370479658,5.999999862844726,0.2000000007436192,0.8999999999046495,0.3825334090353663,17.02140344891406,4.445163153562687,0.0010000000000167,1.0367754502424196,0.0,0.0,302.6149341565212,0.0,830.8677550408919,cal_final_2008-09-30
07299670,hbv_lite_cma,evaluation,0.192658,0.279789,0.534049,0.053047,2.16849,13,explicit_euler_dt1,hbv,success,,29.08,0.5049,1.0077867881553453,2.192855486561287,0.097340649866317,0.1274036885940933,150.49390938832894,5.999996388389798,0.2000011092008085,0.8999973959416875,0.3139406008052922,8.498749089037904,6.665213518082311,0.0010000431297879,1.0125132390841942,0.0,0.0,87.5240090183841,0.0,118.94815874642272,cal_final_2008-09-30
07301410,hbv_lite_cma,evaluation,0.452394,0.675403,-0.194566,-0.146899,1.437389,13,explicit_euler_dt1,hbv,success,,28.36,0.1091,-0.4599989886438216,4.682382552931375,0.0841050574607002,2.5021618079519887e-05,999.9999819126316,3.685997211701419,0.5020159809448035,0.1256041900722187,0.4999900152780729,98.6848693466376,0.6547722480323914,0.0905652301892437,1.1221014339957072,0.0,0.0,348.692261703265,0.0,0.2769063861608051,cal_final_2008-09-30
07315200,hbv_lite_cma,evaluation,0.477677,0.20072,0.565087,-0.320345,16633.117161,13,explicit_euler_dt1,hbv,success,,37.65,0.6112,-2.3271061374921453,3.957076309445493,0.0919798592215311,0.0805277187164676,235.5824249406529,4.345950327520573,0.2602976628269288,0.4355265397172271,0.1056752742178409,5.210183291187169,2.332234789386702,0.0010000000198577,2.9203816030417435,0.0,0.0,68.039498761324,0.0,158.32896391380655,cal_final_2008-09-30
07315700,hbv_lite_cma,evaluation,0.475751,0.283091,0.374782,-0.250758,172.228445,13,explicit_euler_dt1,hbv,success,,51.32,0.6191,-1.4323348261008593,0.9622634648375372,0.0597589328154646,0.1278535338223368,585.5474023301582,3.525840986441618,0.8319734216038182,0.2678243707937338,0.4258809852076149,66.2549117501062,1.3137607111970837,0.0010000009412635,4.975523479077388,0.0,0.0,322.02926289713497,0.0,280.1764321390658,cal_final_2008-09-30
07335700,hbv_lite_cma,evaluation,0.549029,0.562202,-0.130008,-0.260693,3.237334,13,explicit_euler_dt1,hbv,success,,27.38,0.6293,0.6300007104471428,0.6211586333304886,0.0346619055421782,3.1842117650260343e-09,327.50728675034964,5.999999818558689,0.2000003415810813,0.8999999998797643,0.4357684570073574,17.601524287561293,2.483414550808313,0.1722084292933655,1.130243118304452,0.0,0.0,269.1986266983608,0.0,0.8453697444186525,cal_final_2008-09-30
07340300,hbv_lite_cma,evaluation,0.57427,0.584746,0.162629,-0.157478,3.830847,13,explicit_euler_dt1,hbv,success,,27.34,0.7237,-2.279993154410596,8.995670111604632,0.0844073631975808,0.0214223784274243,268.949778965144,1.000003618837748,0.2853886222219248,0.7713582186792867,0.1360581179410976,18.08662072076429,1.1035987523547277,0.0010000007540686,1.4221855535688732,0.0,0.0,156.28617954683406,0.0,742.4157239591367,cal_final_2008-09-30
07346045,hbv_lite_cma,evaluation,0.74042,0.71942,0.194016,-0.050997,25.82272,13,explicit_euler_dt1,hbv,success,,76.37,0.8099,0.6699931523030589,0.5000031075599652,0.0983377921474958,0.1420770134416351,385.0215038440569,2.747915732213544,0.200000043686707,0.2482145555761513,0.110957811171135,32.70233125319785,1.134969315849005,0.0010000010693039,7.8611309335726975,0.0,0.0,167.38670072989828,0.0,474.0577042857275,cal_final_2008-09-30
07359610,hbv_lite_cma,evaluation,0.53674,0.52848,0.16963,-0.061389,1.370333,13,explicit_euler_dt1,hbv,success,,27.46,0.6727,-2.4100015315350847,8.769741974168968,0.0546756979141789,0.1366032992955449,260.7067873278374,4.899186388135554,0.9999999999717624,0.6402308229554732,0.2281389424265193,17.014530299190078,2.0058853780863943,0.0143964498531622,1.0368136927282856,0.0,0.0,212.8687987349184,0.0,74.57800947112824,cal_final_2008-09-30
07362100,hbv_lite_cma,evaluation,0.619547,0.563762,0.227352,-0.029307,11.427636,13,explicit_euler_dt1,hbv,success,,54.24,0.6458,-0.3247735432981318,5.982169344825843,0.0176882386233836,0.167772784174455,432.8958893544121,2.388835390569196,0.2000000000895919,0.2524064834836268,0.2508490606850851,25.32056728091349,0.4662961556254418,0.0010000000000159,4.854635679902014,0.0,0.0,240.93581478496267,0.0,259.81220624502834,cal_final_2008-09-30
07362587,hbv_lite_cma,evaluation,0.543055,0.535665,0.151169,-0.188976,117.808641,13,explicit_euler_dt1,hbv,success,,27.28,0.5766,0.1798815482220233,0.5231055350611209,0.0190091538596581,0.1999998957553794,141.65444104634517,5.99999901904037,0.2514777378474608,0.8999999618060137,0.4999994618667814,5.6660661107174e-06,5.736734421903131,0.0189761239828362,1.0948630276171265,0.0,0.0,91.4438320916119,0.0,44.87519659890848,cal_final_2008-09-30
07375000,hbv_lite_cma,evaluation,0.637609,0.532386,0.098185,-0.186936,1.377158,13,explicit_euler_dt1,hbv,success,,39.75,0.5896,1.6799818880981547,0.5000321960479005,0.0961864089283898,0.0910209775220574,418.3361391418928,5.999983431850732,0.2000053393424099,0.5467846040696472,0.2137298506315961,35.05219335911755,3.329995170181665,0.0010000000481465,2.6026930156247365,0.0,0.0,357.4829389825252,0.0,1004.1632893634568,cal_final_2008-09-30
08013000,hbv_lite_cma,evaluation,0.70292,0.652667,0.058153,-0.245204,9.489907,13,explicit_euler_dt1,hbv,success,,61.54,0.7417,1.350090835321062,1.500084573973151,0.0247178426429551,0.0385599756184804,225.4921672237765,5.999999979015918,0.20000032249501,0.2676008849135789,0.1650383158489315,38.584934799659806,1.911900818751068,0.0010000000662023,6.6264357858271445,0.0,0.0,153.12939575155278,0.0,648.1720831355026,cal_final_2008-09-30
08014500,hbv_lite_cma,evaluation,0.677596,0.637773,0.183272,-0.142704,2.156669,13,explicit_euler_dt1,hbv,success,,59.37,0.6751,1.6461177997533163,6.129759518142632,0.0088540466445574,0.0248418280128188,504.2943971218736,5.418582743532912,0.5291160863278408,0.3904294446134996,0.2708249113370636,72.68499584130716,3.688023872282564,0.0010000000008304,5.0845194868264105,0.0,0.0,338.458246025292,0.0,1009.4175788058556,cal_final_2008-09-30
08023080,hbv_lite_cma,evaluation,0.596247,0.597118,0.285406,-0.051207,378.152954,13,explicit_euler_dt1,hbv,success,,32.23,0.6835,-1.675730252091319,8.324906885086872,0.0157510100443981,0.1984435478745946,350.2171970064032,5.999999999936577,0.3344221493590236,0.6159199073088367,0.3975049239429781,39.92991676239874,1.0344801726895168,0.001000000000018,2.3429194353721505,0.0,0.0,89.57041758675413,0.0,281.09537041527074,cal_final_2008-09-30
08050800,hbv_lite_cma,evaluation,0.290019,0.22733,0.195001,-0.535661,,13,explicit_euler_dt1,hbv,success,,27.17,0.5064,-1.8472684516622244,4.250704295673658,0.0003186163037236,0.0194367170284351,220.8282232835537,5.999998878935823,0.2000000107366696,0.8999994262106369,0.3571383515535402,29.052726044763787,8.953072963923232,0.0010000000729332,1.0209588232007274,0.0,0.0,66.37581251646638,0.0,527.3383218929475,cal_final_2008-09-30
08066200,hbv_lite_cma,evaluation,0.545054,0.293725,0.500653,-0.124749,53.183246,13,explicit_euler_dt1,hbv,success,,25.27,0.6191,2.2599787402841045,9.85405060086096,0.0564494175677444,0.1133270218372364,367.2426003365444,1.000002371367519,0.2000003816029997,0.8691117667799172,0.1669156749755745,15.92138490388316,2.0794800931543795,0.0010000000000542,1.3172875821954824,0.0,0.0,164.724926246232,0.0,719.6080156188309,cal_final_2008-09-30
08066300,hbv_lite_cma,evaluation,0.507001,0.438541,0.398149,-0.180527,6.2501,13,explicit_euler_dt1,hbv,success,,52.53,0.6662,-0.3712659904846505,0.5000150331123538,0.0901124576681029,0.0714076489274228,465.1527994815541,2.906505728139478,0.5355168393392958,0.8999999681755416,0.2751537990548144,36.93312554341795,4.334301541010297,0.0010000000050635,4.323099917341583,0.0,0.0,334.0655081361019,0.0,856.0533062613706,cal_final_2008-09-30
08070000,hbv_lite_cma,evaluation,0.492848,0.324654,0.390321,-0.09717,9.898705,13,explicit_euler_dt1,hbv,success,,46.25,0.6009,-1.0481597805335106,4.3891627505407005,0.0229347356214313,0.0035616391402057,813.8286767267017,5.999999999932562,0.8371589450936128,0.3666098612032503,0.0292805025014857,8.441887716587068,1.323303245775408,0.0010000000000003,4.112796556794872,0.0,0.0,650.8432728821982,0.0,635.7782611966759,cal_final_2008-09-30
08070200,hbv_lite_cma,evaluation,0.470786,0.338425,0.355012,-0.056353,7.535041,13,explicit_euler_dt1,hbv,success,,64.33,0.6531,-2.493894169192008,0.6547585743254016,0.0981575794964414,0.0039873558759953,665.2899149159499,4.467430554819334,0.6195455799281315,0.0500004575858399,0.3093151914994322,52.484229592188,1.419517802016124,0.001000000000115,6.067262535442291,0.0,0.0,476.07392517939576,0.0,498.08883347560254,cal_final_2008-09-30
08082700,hbv_lite_cma,evaluation,0.220256,-1.532901,2.423933,0.139335,,13,explicit_euler_dt1,hbv,success,,37.95,0.5824,1.1230249344327268,0.8443895471566689,0.0709914707796247,0.0751206057332008,127.3512702309924,3.794788207271732,0.3584275267750736,0.6580444793111967,0.0306985685370686,21.094867831479487,1.7275850994723236,0.0010000000215546,2.1955116514945963,0.0,0.0,33.43329938567389,0.0,158.491227554403,cal_final_2008-09-30
08086212,hbv_lite_cma,evaluation,0.528433,-0.105684,1.009894,-0.218059,112127.334811,13,explicit_euler_dt1,hbv,success,,26.7,0.6984,-1.324203570538518,5.376891445315279,0.0693933176438869,0.1073596685401514,458.6693849230773,5.999999999999929,0.822301637379957,0.8999999999999997,0.4999999999997468,1.7609514623412479e-12,4.52185195371629,0.001,1.822496188318808,0.0,0.0,213.97414090168107,0.0,196.48105582612067,cal_final_2008-09-30
08086290,hbv_lite_cma,evaluation,0.414105,-0.054145,0.922453,-0.21187,16099.694624,13,explicit_euler_dt1,hbv,success,,27.45,0.6826,1.7073312984474605,9.99349654640549,0.0394001113519106,0.0372691503211148,504.9560135446229,4.716171233753597,0.7173034702840768,0.8999996469251427,0.4999997193447841,3.8865864296887163e-07,2.5537470082137395,0.0010000001243329,1.9716607866103213,0.0,0.0,200.38293042822352,0.0,195.56721687237987,cal_final_2008-09-30
08101000,hbv_lite_cma,evaluation,0.689813,0.713693,-0.059131,-0.382071,79.128681,13,explicit_euler_dt1,hbv,success,,27.58,0.6103,0.5278581768917183,1.6074273604069438,0.0068196073747183,1.2989267712301589e-05,298.62239621324204,5.999999984348308,0.2000000001530792,0.8945532026254686,0.3021641373325359,10.25151718633252,1.7236568400303722,0.0020878363642562,1.0896767116801798,0.0,0.0,13.827294957344488,0.0,61.62384995522799,cal_final_2008-09-30
08103900,hbv_lite_cma,evaluation,0.493692,0.610292,0.304134,-0.054186,,13,explicit_euler_dt1,hbv,success,,27.51,0.5092,2.499921287077963,5.406629515064299,0.01144659268008,0.1999699438171176,306.40214633264634,5.226933954604777,0.3713826850641378,0.8999983527167661,0.2081073067144055,14.696345216075798,1.6820455536933885,0.0033933283852225,1.2830605343513997,0.0,0.0,27.322210234287382,0.0,34.04037821141145,cal_final_2008-09-30
08104900,hbv_lite_cma,evaluation,0.42225,0.127349,0.786074,-0.264789,203.144629,13,explicit_euler_dt1,hbv,success,,27.37,0.4283,1.1796557479096443,9.096079228344642,0.0592679572522018,0.1659552432472456,57.61087304741923,5.999999997237065,0.372754351745813,0.8999999999999904,0.1891430006159847,33.1063104417123,9.999999999987564,0.0010000000003846,1.0760381231042624,0.0,0.0,0.5007020822810463,0.0,560.781266724133,cal_final_2008-09-30
08109700,hbv_lite_cma,evaluation,0.525651,-0.227053,1.206326,0.278889,752.906341,13,explicit_euler_dt1,hbv,success,,53.6,0.6363,2.4999969792711765,0.5000295202322299,0.0116437897983029,0.0315194385658626,302.94166633960384,2.718852963186285,0.4037818586151494,0.6051220772545535,0.1775356637027223,20.693068550737177,1.842554769411172,0.0010000008085121,4.887443084724679,0.0,0.0,29.329368033583137,0.0,371.597816952488,cal_final_2008-09-30
08150800,hbv_lite_cma,evaluation,0.15193,-0.645858,1.50298,0.201795,107.871274,13,explicit_euler_dt1,hbv,success,,26.74,0.3497,1.1700401657522002,3.996640664459888,0.0323105418682352,0.0441438236313961,999.9999995486266,1.869824798531479,0.3472659725034286,0.431006354857234,0.3631614441472744,7.671227416196179e-07,1.7334993560208716,0.0010000000013721,1.0137315581491395,0.0,0.0,126.09458237018268,0.0,170.73946708519554,cal_final_2008-09-30
08158700,hbv_lite_cma,evaluation,0.70997,0.604732,0.338092,-0.020809,31.884845,13,explicit_euler_dt1,hbv,success,,26.91,0.612,1.1644462378091514,9.565286916622435,0.0060154913971078,0.0732434978406943,676.9451736721109,3.2148895829224817,0.7852923368627451,0.8999999999765379,0.417733704767381,19.10953909289131,4.857729211886222,0.0613133641473402,1.078015828563919,0.0,0.0,219.18273189034431,0.0,0.3154718364221712,cal_final_2008-09-30
08158810,hbv_lite_cma,evaluation,0.616682,0.234119,0.745625,0.245544,492.2318,13,explicit_euler_dt1,hbv,success,,24.1,0.6247,2.4999989115518764,0.5000004359856246,0.0908245204259358,0.1999896656522633,319.63539917774983,2.594041844569821,0.8637707273553394,0.8999999993580113,0.4999998890964108,11.48024741226578,7.923503111758786,0.0502777697500921,1.0007498630530427,0.0,0.0,79.5443605911101,0.0,0.4877127415015166,cal_final_2008-09-30
08164300,hbv_lite_cma,evaluation,0.572115,0.228259,0.613523,0.023241,86.672329,13,explicit_euler_dt1,hbv,success,,29.62,0.5851,-0.0479921245544421,7.946140703264122,0.0995808741349555,0.0005648900916733,544.6457173919932,5.999999999999601,0.9575248977993044,0.2666567714873185,0.3408049387963039,14.687760190089364,1.96370008481046,0.0010000000000026,2.3690855521310565,0.0,0.0,199.20068126161644,0.0,381.9388446351836,cal_final_2008-09-30
08164600,hbv_lite_cma,evaluation,0.690395,0.429246,0.472282,-0.125849,477.479691,13,explicit_euler_dt1,hbv,success,,29.61,0.6388,1.417016831905264,9.942388874406184,0.0095395259454736,0.1627484758533357,118.36338925773254,5.752014359453868,0.200000000023285,0.3633116434275858,0.4865080800015773,99.9837789578196,5.70764973155516,0.0010000000000061,1.6511278118640167,0.0,0.0,3.6148727961065497,0.0,533.6453686339221,cal_final_2008-09-30
08165300,hbv_lite_cma,evaluation,-0.255098,-0.679591,1.601677,0.549251,3.814848,13,explicit_euler_dt1,hbv,success,,28.0,0.1754,-2.4959226552635894,5.767348003321446,0.017211354891145,0.0902487094616812,255.61950160129612,1.050439409318251,0.2000000000075431,0.8999999995787833,0.499999999911888,2.5441082839123243e-08,9.999999999677913,0.001000000000498,1.6613377307791135,0.0,0.0,8.589905959175836,0.0,445.713205205874,cal_final_2008-09-30
08171300,hbv_lite_cma,evaluation,0.646979,0.227223,0.741146,-0.057385,45.017132,13,explicit_euler_dt1,hbv,success,,27.58,0.6803,-0.7476095418076478,0.5000405448916865,0.005557768051445,0.1066724095179928,402.4418595545444,2.530724683679983,0.7981880431946113,0.7075053982265617,0.1145648935247189,20.684740285551296,2.201110854083702,0.0010000000374897,1.02808013166492,0.0,0.0,123.10006618304952,0.0,445.6629508856296,cal_final_2008-09-30
08175000,hbv_lite_cma,evaluation,0.45732,-0.217611,1.13005,-0.11754,98.62696,13,explicit_euler_dt1,hbv,success,,46.69,0.5127,-0.6600715449535179,2.728546461869814,0.0579521269611364,0.1400934752012921,155.74621321788058,2.8301262418676054,0.2000000287721298,0.5944266011577313,0.2150423712898339,40.966538840562016,5.608164786996003,0.0010000000273324,3.4127607373621585,0.0,0.0,2.376255195887047,0.0,393.8230313804888,cal_final_2008-09-30
08176900,hbv_lite_cma,evaluation,0.32587,-0.390127,1.288056,0.096526,233.403631,13,explicit_euler_dt1,hbv,success,,27.85,0.5708,-1.4153090392910164,7.713819945070945,0.0775699882643512,0.1699183686246038,243.74566440337452,5.999999999679763,0.8273503132249609,0.8999999999997449,0.1365187136119026,26.57051640111383,3.059482397143819,0.0010000000002484,1.397429117248338,0.0,0.0,81.37089568745618,0.0,378.7924749439976,cal_final_2008-09-30
08178880,hbv_lite_cma,evaluation,-0.238546,-0.387094,1.264885,0.558049,7.936739,13,explicit_euler_dt1,hbv,success,,39.98,0.2936,1.8299516492722008,3.622069126656398,0.0888475436149942,0.199604764915381,50.00000693358936,1.3112889208101883,0.2219596120301784,0.6791087309956316,0.0687866786508343,35.379390080814495,1.80833701758672,0.0010000004056127,3.7092363032363553,0.0,0.0,0.0136139450508713,0.0,454.1415608628796,cal_final_2008-09-30
08189500,hbv_lite_cma,evaluation,0.55068,-0.355669,1.333585,0.133576,74.573879,13,explicit_euler_dt1,hbv,success,,31.42,0.6562,-1.9187370536338075,7.990562869926385,0.0529266068550101,0.1538788995858069,193.87914066122983,2.6978874010465965,0.2000000063395566,0.8999991582431183,0.3285689414489552,33.89279723807802,3.664198141657833,0.0010000000000005,2.747655853256304,0.0,0.0,8.006933465856525,0.0,342.9931398499723,cal_final_2008-09-30
08190000,hbv_lite_cma,evaluation,0.490869,0.207973,0.597014,-0.132551,5.639487,13,explicit_euler_dt1,hbv,success,,27.74,0.5868,-0.5167619866905682,0.5280940687387362,0.016127858668879,0.0189740514888019,573.7450534536545,1.0000000014650638,0.3206912791499843,0.8999999943537026,0.1479259496261528,11.273576586556269,2.104183356073737,0.0010000000293246,1.171165454296108,0.0,0.0,65.00155745355524,0.0,318.5069438510795,cal_final_2008-09-30
08190500,hbv_lite_cma,evaluation,0.109463,-0.055741,0.337538,-0.55933,348.969626,13,explicit_euler_dt1,hbv,success,,27.83,0.2164,0.3902587015515331,1.2212467797166022,0.0359253918747207,0.159142249342449,999.99986772578,1.96003866642949,0.2484282089207674,0.6879863340621523,0.3215492695630716,3.9548012976185647,0.7777662245977279,0.001000000056103,1.7877384210354277,0.0,0.0,101.1155491506286,0.0,84.10063947461316,cal_final_2008-09-30
08194200,hbv_lite_cma,evaluation,-0.73909,-5.483081,6.452604,1.36258,,13,explicit_euler_dt1,hbv,success,,33.37,0.2775,-1.2547021093009332,4.545845213274428,0.0520928683676527,0.199883770905445,172.09636863069989,1.005487869315411,0.2000000000353544,0.3559570608761939,0.3296583278786529,17.653541769461206,1.9186991807877023,0.0010000000001892,2.932044459045019,0.0,0.0,40.42239013105403,0.0,271.97450268463496,cal_final_2008-09-30
08195000,hbv_lite_cma,evaluation,0.401917,0.401599,0.307418,0.096607,0.914575,13,explicit_euler_dt1,hbv,success,,21.56,0.2096,1.1345867064164676,3.554378285325963,0.0279727784559015,0.1671102726456652,999.9999999999508,1.0000000000000464,0.3406416055351264,0.8999999999990816,0.2984803522617844,10.817230654432716,2.3347753089263605,0.0403990918804081,1.8367542153241527,0.0,0.0,113.85846755906464,0.0,3.2969576568686043,cal_final_2008-09-30
08196000,hbv_lite_cma,evaluation,0.28162,0.270864,0.202237,-0.077858,2.547957,13,explicit_euler_dt1,hbv,success,,25.84,0.0956,-0.3399286357136537,0.6048223579187029,0.0676781723986321,0.0988781778091239,999.9999999521348,1.9619366806831904,0.6592365616635095,0.6659871582628686,0.4999999999286224,79.8520827177861,1.7089568213738389,0.0647697844986648,1.119028967835214,0.0,0.0,272.3026345134592,0.0,1.1082062453585206,cal_final_2008-09-30
08198500,hbv_lite_cma,evaluation,-0.743538,-2.567002,3.508765,0.912344,200.783639,13,explicit_euler_dt1,hbv,success,,39.08,0.1362,-0.7497812560621537,3.8759589549288727,0.0055325949130082,0.0476564106895856,50.00000025128921,5.4406956779547935,0.625646207042411,0.8999999812724847,0.421229048707226,36.00075804562286,7.97616478366675,0.0010000000005231,4.186552343778534,0.0,0.0,2.883548529086988,0.0,417.3297230564224,cal_final_2008-09-30
08200000,hbv_lite_cma,evaluation,0.402647,0.191553,0.669739,0.06397,19.488717,13,explicit_euler_dt1,hbv,success,,53.77,0.1848,2.003340892668776,3.410356491838563,0.0624516406513916,0.1350471675685188,50.11093843802634,2.6447841880446337,0.2032493432038283,0.6971661803664226,0.0336033850424828,42.62737384084355,1.1771245935514865,0.0033348926739829,4.245730711013488,0.0,0.0,0.0137963378696405,0.0,80.27613604232603,cal_final_2008-09-30
08202700,hbv_lite_cma,evaluation,-0.034578,-4.214266,5.159871,5.159871,,13,explicit_euler_dt1,hbv,success,,27.45,0.2852,0.9409279502292528,9.268743671908318,0.0436874381904102,0.1249895404384049,158.32954495043782,5.999351174193028,0.2001336732039064,0.8999919187647627,0.0100004366394863,74.17364990147196,0.8921533187607882,0.0010000558040486,1.7105508835643182,0.0,0.0,4.318272577316479,0.0,193.4757048694242,cal_final_2008-09-30
08267500,hbv_lite_cma,evaluation,0.523276,0.710557,-0.182823,-0.086757,-0.769811,13,explicit_euler_dt1,hbv,success,,76.02,0.7314,1.7900007991694062,5.423589475216436,1.8903070345840772e-11,0.1999999999345185,120.53878672958533,1.412410727293936,0.422180426939379,0.1379565526957193,0.0118061334229733,99.99999326955418,6.476238003445355,0.0268453071853406,9.265950415983248,0.0,0.0,10.900333808454972,0.0,10.063280675536902,cal_final_2008-09-30
08269000,hbv_lite_cma,evaluation,0.545453,0.582752,-0.258927,-0.30698,-0.550216,13,explicit_euler_dt1,hbv,success,,57.06,0.6602,2.499999999484589,7.861130235549203,0.0271368807652758,5.925374394116143e-11,381.1224127653063,3.8347983991904986,0.9999999999993868,0.422873338428936,0.0100000007941857,63.79968211821795,4.975403617189467,0.0411773797842508,1.917155996109413,0.0,0.0,194.5132373823284,0.0,2.550391459907805,cal_final_2008-09-30
08271000,hbv_lite_cma,evaluation,0.653559,0.677395,-0.26715,-0.220292,-0.811403,13,explicit_euler_dt1,hbv,success,,55.24,0.7465,1.1900023280415657,5.194926687579882,0.0381145296232237,0.0252899407189805,160.17241549885682,1.759300565139719,0.999999933559427,0.4149183174005079,0.0114897627611167,99.99943201152377,9.424000184472634,0.0320041470446573,9.02883081898013,0.0,0.0,56.27195546732024,0.0,11.794693928107105,cal_final_2008-09-30
08324000,hbv_lite_cma,evaluation,0.684787,0.744404,-0.124651,-0.250898,0.043246,13,explicit_euler_dt1,hbv,success,,28.82,0.7834,0.8500002020664192,5.92949573847066,0.0745725095909834,2.2498806783308643e-09,537.6719055244994,2.563307760470554,0.4535476176957939,0.6517725789197018,0.0780699336311734,23.58119925653307,1.4257219031189514,0.0299015582510424,1.1488592297755202,0.0,0.0,130.16596636071736,0.0,1.5652215143988824,cal_final_2008-09-30
08377900,hbv_lite_cma,evaluation,0.524496,0.531858,-0.146716,-0.340555,-0.022928,13,explicit_euler_dt1,hbv,success,,36.69,0.7637,-0.0399982093363462,2.9704463826699072,0.0030720546637962,5.786147270863454e-10,793.9037571114277,2.679136011470712,0.6824568112234621,0.1625754065535499,0.2019058396641602,56.47709219477727,7.951194469408756,0.0610303472963797,2.447993600193736,0.0,0.0,426.85110674134353,0.0,5.41273833018912,cal_final_2008-09-30
08378500,hbv_lite_cma,evaluation,0.340438,0.559655,-0.167391,-0.312592,-0.359575,13,explicit_euler_dt1,hbv,success,,46.19,0.7585,-1.1099982012446836,1.2534049171195605,0.002863912869736,0.0236589730772915,750.2559421574751,4.856122200749514,0.9636856997139036,0.0506704815817081,0.4838013149343808,55.99318252284506,4.834986114278053,0.0576982864225752,1.9340551033262567,0.0,0.0,522.530194782382,0.0,4.968661897750797,cal_final_2008-09-30
08380500,hbv_lite_cma,evaluation,0.318936,0.264446,-0.254683,-0.512371,0.395614,13,explicit_euler_dt1,hbv,success,,65.87,0.6109,0.4000000088631346,1.2022124513942505,0.0853053293336225,2.4481127303331714e-10,217.21049913971856,2.2021031010323915,0.5804086517067852,0.2699958423520587,0.2505513243538621,78.19877196142119,1.4848329689282558,0.0331515393797987,2.6397554166934944,0.0,0.0,76.27435576914785,0.0,7.72625154353626,cal_final_2008-09-30
09035800,hbv_lite_cma,evaluation,0.836693,0.805349,-0.153961,-0.111917,-0.790459,13,explicit_euler_dt1,hbv,success,,37.17,0.8571,-1.2400056759896865,1.3061688441535773,5.711272758372216e-05,0.0203214880512928,87.57816188841197,1.6435058594338994,0.9365398955861834,0.4146648279583775,0.3561602080055761,79.59698608374049,7.505457166770951,0.0402015428985758,1.822778287924416,0.0,0.0,31.095968996801755,0.0,9.540253157976426,cal_final_2008-09-30
09035900,hbv_lite_cma,evaluation,0.839135,0.825476,-0.148941,-0.052061,-0.945689,13,explicit_euler_dt1,hbv,success,,35.23,0.8364,1.4999998197063364,4.420227508116136,0.034345194243277,1.6175329311443516e-10,60.06935071599805,1.00000057666353,0.9999999358272208,0.0500000112186564,0.0100000006375481,99.99998574779217,6.127278048731103,0.0482086352855383,1.8833638407550928,0.0,0.0,19.964259068861782,0.0,11.329144469140846,cal_final_2008-09-30
09047700,hbv_lite_cma,evaluation,0.786676,0.675244,-0.235429,-0.155782,-0.699438,13,explicit_euler_dt1,hbv,success,,58.72,0.7727,-1.49000151546277,1.842594714211241,0.0999999860539159,0.0486285291172243,813.0145684553237,1.0000005914629155,0.2847787222965481,0.1310942335221592,0.4999997462181229,37.320008571376526,7.407334475658819,0.041937234909302,1.7999853108268682,0.0,0.0,144.74536778160362,0.0,9.098610531302404,cal_final_2008-09-30
09065500,hbv_lite_cma,evaluation,0.706236,0.668703,-0.275795,-0.254423,-0.884938,13,explicit_euler_dt1,hbv,success,,48.06,0.822,-0.5700000506471128,2.6621411375361124,0.0999999986187253,0.0163172588371148,58.07292073455587,1.0000000067329031,0.9999999752318348,0.6812218243694708,0.4538912297531853,49.01175882017683,9.99999947228855,0.0590789302997705,1.093188383870886,0.0,0.0,19.64678182556792,0.0,8.74654710852065,cal_final_2008-09-30
09066000,hbv_lite_cma,evaluation,0.804852,0.717961,-0.234354,-0.18358,-0.748009,13,explicit_euler_dt1,hbv,success,,40.66,0.907,-1.4900004000999312,3.195320355054088,0.0263112551350985,1.2225597426241158e-09,228.7816429299679,2.675092130996937,0.921716310754792,0.0825973800215428,0.0841828380010697,69.75162482832452,9.99999972766034,0.0467877818854795,1.0333815779347375,0.0,0.0,106.06892731642942,0.0,5.589662053124302,cal_final_2008-09-30
09066200,hbv_lite_cma,evaluation,0.648597,0.654427,-0.194945,-0.292103,-0.584242,13,explicit_euler_dt1,hbv,success,,33.98,0.7509,-1.0300000138058445,4.975682436966975,0.0497410402104959,4.2484691653020477e-10,786.6690852987928,1.0000000869426209,0.6637777184489075,0.1045442993993069,0.0356439089871555,99.99999507096352,9.999999997263153,0.049628978003214,1.7667406557871412,0.0,0.0,307.7255564923298,0.0,13.406050107665836,cal_final_2008-09-30
09066300,hbv_lite_cma,evaluation,0.688957,0.689981,-0.183606,-0.263176,-0.274061,13,explicit_euler_dt1,hbv,success,,32.04,0.8469,-0.1900000748141717,5.2127949889944745,0.0099485563406686,1.598763085266703e-11,999.9999916163983,1.8201656141462008,0.3561298527831247,0.4612243878151336,0.0341260515546094,99.99999989984072,7.384077488884467,0.0462903373391281,1.6301738340983656,0.0,0.0,414.515939882909,0.0,8.96785507295304,cal_final_2008-09-30
09081600,hbv_lite_cma,evaluation,0.752427,0.868167,-0.038685,-0.067775,-0.554092,13,explicit_euler_dt1,hbv,success,,37.33,0.8124,-1.0599998977712315,1.7648672860488357,0.0178373392271856,3.1233463976619748e-12,172.01919730566163,1.0000000000094522,0.8412395778385375,0.8947438307754317,0.3798074808017291,35.31210219660146,9.999999980388605,0.0379134273006497,3.92564363731751,0.0,0.0,41.35745350693264,0.0,14.684183971163923,cal_final_2008-09-30
09107000,hbv_lite_cma,evaluation,0.778017,0.808556,-0.159156,-0.081246,-0.877056,13,explicit_euler_dt1,hbv,success,,47.1,0.8438,-0.9199997026318624,3.2301013305145574,0.0997339777846944,1.1874189788053897e-13,995.2709796222332,1.000000032791546,0.513015423568695,0.3942809834245251,0.0996608585319079,90.63596392165016,8.486097360238,0.039830678940728,1.997328702329093,0.0,0.0,278.52151715854933,0.0,10.495783214451963,cal_final_2008-09-30
09210500,hbv_lite_cma,evaluation,0.552059,0.755908,-0.011745,-0.084427,0.007006,13,explicit_euler_dt1,hbv,success,,39.88,0.7375,-0.3299954248164893,1.7936414071922058,0.0239244845629554,5.644559935986756e-08,999.9999990692726,1.2820316085639156,0.974355238721354,0.70917871633602,0.0977463466442614,91.90127029570463,4.558135721682241,0.0364553106461533,1.4882856524903745,0.0,0.0,314.90836774456466,0.0,4.969081844745536,cal_final_2008-09-30
09223000,hbv_lite_cma,evaluation,0.673885,0.701512,-0.11902,-0.177198,-0.082712,13,explicit_euler_dt1,hbv,success,,42.41,0.8513,-0.309999772828613,3.5680176388859115,0.0999565468572164,4.295375567028443e-09,999.999999833853,1.9340777936579736,0.9912271279018244,0.1072722061059439,0.0888951864692782,84.22096136294412,8.198936955169371,0.0471654410747376,1.9187791353756296,0.0,0.0,423.71879183437727,0.0,3.528743979991922,cal_final_2008-09-30
09306242,hbv_lite_cma,evaluation,0.50197,0.520953,-0.170901,-0.282229,0.2663,13,explicit_euler_dt1,hbv,success,,85.36,0.5542,-0.8175901558337935,1.0363703365678996,0.0215107270948666,0.0013289240665609,999.9287136083004,5.862757031271752,0.9966997676098794,0.5934472537549712,0.1159264488758297,36.1171530231932,3.8576445758380458,0.0470015515362374,9.82477690223371,0.0,0.0,438.7414829001826,0.0,0.1447688505943158,cal_final_2008-09-30
09312600,hbv_lite_cma,evaluation,0.459232,0.616631,-0.17048,-0.248992,-0.564297,13,explicit_euler_dt1,hbv,success,,84.04,0.9023,-2.2099525956816573,1.745354823862561,0.0850764133582316,0.1502754965025297,735.3410890296917,5.999896718817423,0.9728097692163906,0.2607314590048242,0.0100070712346268,23.09750265864329,4.228464544394632,0.0889728899239392,9.003629450818487,0.0,0.0,354.1263262139401,0.0,0.0563935922849594,cal_final_2008-09-30
09352900,hbv_lite_cma,evaluation,0.678282,0.720151,-0.194512,-0.248631,-0.755454,13,explicit_euler_dt1,hbv,success,,30.31,0.6624,-1.6367746695537253,3.414522299872331,0.0217979477960374,6.93434976111296e-14,999.9999999999296,1.0000000000021203,0.9999999999996668,0.1898689541591707,0.3421842515216262,70.5077253341446,9.99999999998391,0.047317969373393,1.4121946503048568,0.0,0.0,515.6274624074861,0.0,16.531689920523256,cal_final_2008-09-30
09378170,hbv_lite_cma,evaluation,0.558392,0.709917,-0.162219,-0.177793,0.019523,13,explicit_euler_dt1,hbv,success,,82.16,0.9496,0.3400000111866248,3.4568940805412764,0.0280305789536645,5.3686043118026545e-11,662.712321099767,5.999999986163744,0.7994698787899643,0.3770154378706223,0.0100000000335822,99.99904929408588,6.9309073013953295,0.0833669134414512,9.92460334495169,0.0,0.0,222.7757968208199,0.0,0.0091011213168075,cal_final_2008-09-30
09386900,hbv_lite_cma,evaluation,0.269809,0.022367,-0.567917,-0.655465,5.988636,13,explicit_euler_dt1,hbv,success,,34.06,0.179,-1.2499995878934145,1.5499579510085306,0.0032156726237494,4.895716362946406e-09,357.4127122413094,3.648698225370911,0.3996474175532142,0.6990221627785146,0.4557364003431502,62.497343629283286,0.404925244662368,0.1270339947640616,2.4422000437310887,0.0,0.0,36.41958610620303,0.0,0.0005973524536913,cal_final_2008-09-30
09404450,hbv_lite_cma,evaluation,-0.155521,0.376377,-0.309094,-0.282511,-0.250291,13,explicit_euler_dt1,hbv,success,,35.29,0.7759,0.8597071789673256,1.1481481674540075,0.0492156373023049,0.0591990299237078,929.9430593604842,2.484025469880655,0.8204706038708536,0.7728416961505817,0.267505108004266,99.62693228956604,2.1946487058348314,0.0327034973603706,1.862699076305628,0.0,0.0,232.4579459680716,0.0,0.6641758170576625,cal_final_2008-09-30
09430600,hbv_lite_cma,evaluation,-0.461678,0.252329,-0.297527,-0.241254,-0.115973,13,explicit_euler_dt1,hbv,success,,27.42,0.4634,1.5843279452969448,7.665123429113842,0.0132061196665688,0.1999999659944219,108.19164844328316,5.999984064574525,0.2000001666407666,0.8999999987792034,0.4999990925613164,1.0648149971757403e-05,5.028499181702949,0.0348518015921239,1.1079949431391694,0.0,0.0,7.446398634590528,0.0,0.0568524662620417,cal_final_2008-09-30
09447800,hbv_lite_cma,evaluation,0.109669,-0.057857,-0.412904,-0.738761,2.12308,13,explicit_euler_dt1,hbv,success,,28.62,0.3198,-2.010264681318587,2.8052737794669795,0.0189932073045785,0.0454426260768458,840.4192192414466,1.8132369992224528,0.2000000000575025,0.1466121968419667,0.4999999973714227,55.36123389633799,0.2636103051387871,0.0010000000044578,2.294958875104764,0.0,0.0,93.85746630746304,0.0,27.87663661324003,cal_final_2008-09-30
09484600,hbv_lite_cma,evaluation,0.217762,0.487739,0.155534,-0.039243,2.115886,13,explicit_euler_dt1,hbv,success,,26.62,0.0707,2.133408010582383,0.511484000855027,0.0787816114774196,0.000250710214931,999.9985907543296,2.469659032567808,0.2000009577053316,0.6409091017266854,0.4999971889651876,77.61784627068698,0.0001158818508176,0.1682705450360902,1.903177934911068,0.0,0.0,109.78795881419116,0.0013773225013451,0.0005727820472723,cal_final_2008-09-30
09492400,hbv_lite_cma,evaluation,0.410364,0.327868,-0.371291,-0.54562,-0.005519,13,explicit_euler_dt1,hbv,success,,34.14,0.5837,2.499999999929713,1.7470720450489647,0.0011503813376271,1.4259832768281485e-12,308.7597037131173,1.8004454865145094,0.9999999999078047,0.5087563263646837,0.1604972805510454,50.52659276235518,6.597886075968763,0.0384546291712144,1.9168476957422067,0.0,0.0,154.20756293150478,0.0,13.002740338379573,cal_final_2008-09-30
09494000,hbv_lite_cma,evaluation,0.552652,0.599509,-0.186064,-0.321378,0.415328,13,explicit_euler_dt1,hbv,success,,32.03,0.512,2.4899999985246506,0.8777887519405405,0.0470974449898282,2.1844220303376346e-13,474.78141832376434,3.54816480246087,0.99999999975023,0.7644880130841404,0.3122337760342262,98.5898021621535,2.1857612823046906,0.0336515816080809,2.5619584251230774,0.0,0.0,249.82645571835408,0.0,4.933942738870025,cal_final_2008-09-30
09497980,hbv_lite_cma,evaluation,0.584518,0.614624,-0.09522,-0.162914,-0.209545,13,explicit_euler_dt1,hbv,success,,27.71,0.5117,-1.379437930376485,7.664814075607803,0.0293456091071779,0.0797904862076867,999.9999577782712,1.6756655082891916,0.2000000051394328,0.899999991526287,0.0306143481270002,3.97724940963268,0.5599579445421206,0.0900821974561551,1.0042321468477209,0.0,0.0,167.3407244176378,0.0,0.5545246778530548,cal_final_2008-09-30
09505350,hbv_lite_cma,evaluation,0.515871,0.41777,0.244507,-0.181238,,13,explicit_euler_dt1,hbv,success,,27.63,0.5889,0.6099699214958925,0.9486144176640554,0.0140267349334623,0.008482931718005,955.67523157846,1.0508822308352546,0.2000000371135012,0.899999298414696,0.4999911855563269,0.0868155952136039,1.924256377041509,0.0848332807079834,1.0010342212789871,0.0,0.0,75.63163183851754,0.0,0.6016834135411254,cal_final_2008-09-30
09505800,hbv_lite_cma,evaluation,0.434631,0.338779,0.46513,-0.135022,2.862522,13,explicit_euler_dt1,hbv,success,,27.69,0.6001,-0.3000088617133727,1.3168616501561734,0.0592119816494069,0.1999192429576232,553.2909815818359,1.4709575781805142,0.3410087911636538,0.6834494893850234,0.3130096767258182,6.039436529813303,2.1091705835760384,0.0010000008217976,1.1566095045427538,0.0,0.0,79.17362069141372,0.0,209.06957239271767,cal_final_2008-09-30
09508300,hbv_lite_cma,evaluation,0.642252,0.498798,0.398643,0.03394,31419.014396,13,explicit_euler_dt1,hbv,success,,26.98,0.6468,2.3396315762529367,0.9492193357735796,0.0413350870591853,0.192874747472014,50.00020635945122,1.6735741764565084,0.2000512821905137,0.899999097435247,0.2103676941671991,8.826776968275842,0.8768493978793966,0.0010003176374762,1.0458375959213435,0.0,0.0,0.0804295641920037,0.0,156.056523660227,cal_final_2008-09-30
09510200,hbv_lite_cma,evaluation,0.652254,0.054154,0.917734,-0.056106,8027.327251,13,explicit_euler_dt1,hbv,success,,27.47,0.7616,2.408919549803392,5.3260023472594895,0.0843992818573813,0.0013612705062031,97.62426239547096,2.5930814220682974,0.2000000061092194,0.8999999803805687,0.0849111256088046,35.55915359250703,2.746714842841759,0.0010000000058614,1.0999781051558857,0.0,0.0,0.7313065532116465,0.0,182.9230207391344,cal_final_2008-09-30
09512280,hbv_lite_cma,evaluation,0.547347,-1.706001,2.680715,0.460487,,13,explicit_euler_dt1,hbv,success,,23.76,0.4778,-0.8323793995176934,9.809081885823517,0.0997709364586357,0.0064394771030994,481.3805546420388,1.0000000000000433,0.9999999999999564,0.8999999999999967,0.4999999999999248,2.68167171579118,4.991834533742389,0.001,1.5961063263486333,0.0,0.0,107.56099831529782,0.0,260.44551498063873,cal_final_2008-09-30
09513780,hbv_lite_cma,evaluation,0.491995,-0.130482,0.972306,-0.061939,,13,explicit_euler_dt1,hbv,success,,25.06,0.5616,-0.4014031538775207,7.650775823842531,0.0639019262903445,0.1113333305232644,465.7923616470618,1.2021111361692665,0.9999999943891268,0.8999999997543956,0.3858795662834098,3.830077878258422,2.4207358258127383,0.001000000113067,1.1294787440245189,0.0,0.0,110.18030397837389,0.0,194.3072736727381,cal_final_2008-09-30
10234500,hbv_lite_cma,evaluation,0.734069,0.734454,-0.216062,-0.117583,-0.709088,13,explicit_euler_dt1,hbv,success,,68.22,0.9044,1.5000121993131206,2.239475667957751,0.0297646473756774,0.0001120691375528,402.4251192368786,1.3755688230017429,0.3657681569299494,0.8996960614921794,0.1271889650742155,59.8186847446052,6.930028138365111,0.0252725132901197,7.635601463178407,0.0,0.0,26.52221464934593,0.0,1.955049818763991,cal_final_2008-09-30
10244950,hbv_lite_cma,evaluation,0.71577,0.849294,0.036166,-0.106245,0.090471,13,explicit_euler_dt1,hbv,success,,74.75,0.8553,-1.3735925308130814,0.6018296816889552,0.078415927438899,0.0713080659733455,261.37622790509783,1.585843481918744,0.9999919746670114,0.519702820702779,0.0213104998704389,99.9972380250419,2.0461529257209925,0.0079150614281791,9.186361553275164,0.0,0.0,44.48652856469016,0.0,25.74339557209897,cal_final_2008-09-30
10259000,hbv_lite_cma,evaluation,0.490724,0.653558,-0.236728,-0.132643,-0.454979,13,explicit_euler_dt1,hbv,success,,27.56,0.9088,0.4286912282808237,5.1299371888222245,0.021188227442063,0.1073818535641534,113.1880693787874,3.1305118761605977,0.8700066493369083,0.8999999996683463,0.2987131444982813,5.327742654614152,9.480209702093523,0.0093683374534045,1.66309806012274,0.0,0.0,0.9634559667504622,0.0,8.594147497749736,cal_final_2008-09-30
10336645,hbv_lite_cma,evaluation,0.598397,0.669226,-0.167228,-0.335385,1.254243,13,explicit_euler_dt1,hbv,success,,29.98,0.6966,-0.2299951036373859,2.0904114398506115,0.0194294488251642,0.0624309567989773,211.39333217940143,1.2342648338737603,0.9999999951318514,0.8999996409362353,0.0447430101833988,99.99999942319228,2.826463202287056,0.0390757822443448,1.6136911177991538,0.0,0.0,10.22725341342116,0.0,0.800314433868156,cal_final_2008-09-30
10336660,hbv_lite_cma,evaluation,0.728277,0.526456,-0.353544,-0.38056,0.119786,13,explicit_euler_dt1,hbv,success,,35.87,0.6904,1.3899984733844557,2.6825286782965367,0.0371395939633476,0.0220787439363153,95.66779843794028,1.0000467069391228,0.9999981996647624,0.8999999889593929,0.3056688089374966,21.698523234155942,9.999994888154554,0.0603686879307819,1.5787409942866877,0.0,0.0,0.2664447579472948,0.0,0.039974678086466,cal_final_2008-09-30
10343500,hbv_lite_cma,evaluation,0.613836,0.641295,-0.130269,-0.158656,-0.437172,13,explicit_euler_dt1,hbv,success,,42.33,0.8376,-0.930006116923532,2.343157434729556,0.0120921160211948,0.0511288892934623,999.9999526685968,1.175696125095096,0.2004194928797198,0.8999932982168949,0.2082143298475846,33.30093034288516,8.796062279971613,0.0399038947517335,1.1825029790022106,0.0,0.0,16.044375563196812,0.0,0.2883530261918401,cal_final_2008-09-30
11124500,hbv_lite_cma,evaluation,0.442499,0.614609,0.235385,-0.3872,,13,explicit_euler_dt1,hbv,success,,26.33,0.6126,1.433304522058601,6.747086129901853,0.0526793860843409,0.199999999887473,999.9999999998538,1.5684924636919653,0.2000000000739767,0.899999999146667,0.3551292856061045,81.33172773200502,9.999999999445766,0.0010000000000072,1.6317218799865387,0.0,0.0,25.4998457175708,0.0,324.63090263110223,cal_final_2008-09-30
11141280,hbv_lite_cma,evaluation,0.462862,0.729408,0.002589,-0.283793,2.845714,13,explicit_euler_dt1,hbv,success,,27.15,0.712,1.165093898460423,3.178669145375338,0.0953089715902139,0.0923272449586114,999.9999999957292,1.0958902693743438,0.3563878776792035,0.8999999999994586,0.1093404372009591,20.933956620850253,2.6915350103004494,0.0010000000000247,1.8681468919428297,0.0,0.0,49.423092674113576,0.0,273.37723776365283,cal_final_2008-09-30
11143000,hbv_lite_cma,evaluation,0.850206,0.873235,-0.070909,-0.056544,-0.48129,13,explicit_euler_dt1,hbv,success,,25.22,0.7942,1.9999999964157853,0.5000000000928511,0.050421720437603,1.7102563417944763e-11,637.2237435343719,1.868450878035064,0.7989376250044622,0.4899705920155617,0.4103233744622894,97.70372164451244,9.999999999087157,0.0714431614941409,1.2317203147152704,0.0,0.0,140.68456724410277,0.0,0.0009257394674935,cal_final_2008-09-30
11148900,hbv_lite_cma,evaluation,0.737875,0.694539,-0.031681,-0.080335,,13,explicit_euler_dt1,hbv,success,,19.51,0.7225,0.6043083772926789,7.866409820564586,0.0727824974407131,0.0487041789950666,205.99121262724063,1.273478382484537,0.6128054119842226,0.8999999999999345,0.4999999999997763,1.6359593224060624e-12,4.326805478203837,0.1697593457717701,1.0067538810540084,0.0,0.0,0.2044038584740563,0.0,1.0549030517632816e-09,cal_final_2008-09-30
11151300,hbv_lite_cma,evaluation,0.317709,0.257294,-0.336345,-0.315587,-0.640192,13,explicit_euler_dt1,hbv,success,,23.12,0.1609,-1.671344168140854,6.645044263365014,0.0731295184442211,0.0883132113377053,999.9999999999886,3.684139233925383,0.4731029117972423,0.7434298358091025,0.4999999999995093,68.94539841042958,2.7868567913659744e-11,0.1937185255615806,1.369887390677955,0.0,0.0,60.60553400464264,0.0,6.424135309764907e-20,cal_final_2008-09-30
11176400,hbv_lite_cma,evaluation,0.609133,0.543837,0.014151,-0.297126,,13,explicit_euler_dt1,hbv,success,,24.87,0.5692,-1.2160179244952514,2.8994489396834022,0.0186774588977757,0.0665114194264524,999.9970553334402,1.0066343875596253,0.2022232251754678,0.8999562284264514,0.0447071006377306,5.900534060794207,0.4935989287489986,0.0010002000826055,1.9561488825623663,0.0,0.0,7.028562205462219,0.0,130.6615510854393,cal_final_2008-09-30
11230500,hbv_lite_cma,evaluation,0.618609,0.452341,-0.337828,-0.429858,0.497941,13,explicit_euler_dt1,hbv,success,,41.39,0.5535,-2.4999999999994635,4.021502141761634,0.0444333831217875,2.5001803531963167e-16,999.9999999992928,1.0000000000005365,0.476205872630396,0.0500000000000035,0.0100000000000607,1.748183612799028e-12,9.99999999995919,0.0205292374596992,1.1190292861034643,0.0,0.0,168.61207581587277,0.0,21.095946922768203,cal_final_2008-09-30
11237500,hbv_lite_cma,evaluation,0.659228,0.720304,0.088577,-0.151269,4.613826,13,explicit_euler_dt1,hbv,success,,30.15,0.8129,1.499997803971719,2.999327749237955,0.0011774589433657,0.086299977375971,363.23067959856087,1.4099372047151006,0.9999999564263642,0.3173669724142228,0.1543956127835365,31.197948532793,9.858704788855796,0.0503530998303089,1.6651129742287765,0.0,0.0,67.50699366213965,0.0,0.3578143839991227,cal_final_2008-09-30
11264500,hbv_lite_cma,evaluation,0.709321,0.848859,-0.031442,-0.099224,2.009547,13,explicit_euler_dt1,hbv,success,,72.9,0.8062,-2.2799937513522446,1.8851575451278737,0.0713200130551407,0.0104817040695286,233.0052726677741,1.000263359800466,0.9999990363203632,0.8870584313483727,0.0100008485399111,31.06348075732045,5.743532366415693,0.0353841288535163,9.870270032902086,0.0,0.0,12.475160755333006,0.0,1.7783016000798304,cal_final_2008-09-30
11266500,hbv_lite_cma,evaluation,0.752106,0.857947,0.003439,-0.065064,1.620753,13,explicit_euler_dt1,hbv,success,,31.72,0.8249,-1.3102896498989232,2.294674356741077,0.0039935983296822,0.0005398712714228,260.7496940569215,1.1313799213797031,0.9999738961541424,0.6180684646549207,0.1882440116466103,69.39030509834298,9.999525007877043,0.0333759041163531,1.6305216539401997,0.0,0.0,17.167867902417058,0.0,2.4514765167314296,cal_final_2008-09-30
11284400,hbv_lite_cma,evaluation,0.61999,0.523331,0.35613,-0.085842,,13,explicit_euler_dt1,hbv,success,,27.34,0.7023,1.0999978731448934,0.5000000245876045,0.0434435707773409,0.199995062443243,888.75439949517,1.3072807794726908,0.2000000324548627,0.8245842267785287,0.1131698356116533,23.20268966133955,1.8016415476070744,0.0010000000082638,1.2115253035132718,0.0,0.0,8.75819300729722,0.0,361.5436635688173,cal_final_2008-09-30
11381500,hbv_lite_cma,evaluation,0.768106,0.820799,0.13042,0.030728,0.2106,13,explicit_euler_dt1,hbv,success,,27.9,0.777,-1.2084902008403142,1.641600573836447,0.0562516482335491,6.08908845866694e-06,792.2481165580847,1.1616439007905814,0.9999993881924304,0.8999999763030339,0.1966042337121472,37.817944563425634,9.196635055335934,0.011700368141596,1.1689244544112236,0.0,0.0,219.37220222192389,0.0,25.216254993628795,cal_final_2008-09-30
11451100,hbv_lite_cma,evaluation,0.617299,0.695402,-0.111246,-0.208253,1.27339,13,explicit_euler_dt1,hbv,success,,27.5,0.7478,-0.6999773259790509,1.2062485275096804,6.917437297430212e-05,3.899558502179454e-06,191.0219052464724,1.000001506104456,0.591001668897208,0.7255467350159388,0.1391473063748497,29.28900817261402,5.047853483926966,0.061752396712257,1.951833125657936,0.0,0.0,4.58449361305556,0.0,0.0208321837263626,cal_final_2008-09-30
11468500,hbv_lite_cma,evaluation,0.799391,0.712533,0.237151,0.012856,12.117516,13,explicit_euler_dt1,hbv,success,,27.51,0.8261,2.3680808048762056,7.677305819978788,0.070814560475698,0.138898119574779,475.707644917927,2.265763456232896,0.979100185825884,0.6954860705836932,0.1590293191818076,48.65563864044898,2.2628373076966266,0.0010000000837641,1.180819756756543,0.0,0.0,112.07652875179836,0.0,705.9089124658311,cal_final_2008-09-30
11473900,hbv_lite_cma,evaluation,0.771341,0.778865,0.176305,0.052039,1.46639,13,explicit_euler_dt1,hbv,success,,27.58,0.7748,-0.0700000888246616,0.5000000133977232,0.0454200960332453,3.222166511647962e-09,999.999993491007,1.0000045813498055,0.2000000917730913,0.8999999719775764,0.3852294414167018,25.085303250341624,9.473429498075122,0.0694289782744987,1.0009791140999909,0.0,0.0,45.98061529816984,0.0,0.1746169265578806,cal_final_2008-09-30
11475560,hbv_lite_cma,evaluation,0.811527,0.781412,-0.022118,-0.071836,-0.574644,13,explicit_euler_dt1,hbv,success,,27.53,0.837,0.7099986175623036,0.500000023967595,0.0847042824676077,0.0531451514522498,624.6820528689433,2.523052643910863,0.9999999990248728,0.7040274878710194,0.2380408209229842,52.89332589140108,6.144239830617062,0.1040434456359404,1.055164420951854,0.0,0.0,206.12311645252208,0.0,0.0705041240780597,cal_final_2008-09-30
11476600,hbv_lite_cma,evaluation,0.81091,0.818539,-0.003641,-0.076585,-0.832775,13,explicit_euler_dt1,hbv,success,,29.85,0.8626,2.4999999527435364,9.20312861936248,0.0415572065368544,1.2899384518729354e-10,360.7259888359719,4.454586228387994,0.9999999999645628,0.4579724777525921,0.2177047277585834,56.59779660507064,5.924713705573109,0.0964439133165252,1.7979934014269898,0.0,0.0,81.25124649556679,0.0,0.0009091073653611,cal_final_2008-09-30
11478500,hbv_lite_cma,evaluation,0.724104,0.777825,-0.013561,-0.120678,-0.526545,13,explicit_euler_dt1,hbv,success,,27.13,0.7912,0.730000346761293,5.703498455667968,0.014110346609254,6.378600355960446e-08,117.09775733615992,1.3040892497077707,0.9999999606997534,0.7632346045706667,0.2807401312832572,36.34132984510759,5.016617098152923,0.0815957659380364,1.0371721802969294,0.0,0.0,2.82598715587629,0.0,0.0037940358713248,cal_final_2008-09-30
11480390,hbv_lite_cma,evaluation,0.755581,0.701388,0.257805,0.03689,175.887713,13,explicit_euler_dt1,hbv,success,,27.33,0.7713,-0.8199997051543126,8.998820974441818,0.007979799067568,7.4604077718284e-09,925.9816113580636,1.0000000376808822,0.5298856310704778,0.8216862159847587,0.2962797747051791,29.191188613956164,9.999996204433854,0.085665006074321,1.0000121669244582,0.0,0.0,165.83493054175472,0.0,0.1689572808430773,cal_final_2008-09-30
11481200,hbv_lite_cma,evaluation,0.765192,0.783037,0.041292,-0.067616,0.056669,13,explicit_euler_dt1,hbv,success,,25.66,0.8337,-1.979316566545516,9.674352171959374,0.0001786336940501,0.1741596175073126,635.5962734226675,1.0000000000155334,0.727787572675745,0.8999999999872236,0.2792153462803888,26.4626765059276,5.502906280126218,0.0805675174957163,1.7011504477622266,0.0,0.0,165.2387781348056,0.0,0.2200878356537242,cal_final_2008-09-30
11482500,hbv_lite_cma,evaluation,0.839707,0.865276,0.092556,0.023018,-0.271385,13,explicit_euler_dt1,hbv,success,,27.38,0.8525,0.1200001840987976,3.391084539092713,0.080861638820487,2.264990007430819e-08,390.324897101084,2.362297316343993,0.9968300308629592,0.3951481597750318,0.1899103566274767,31.462764162477125,7.361447517487138,0.0747629304651749,1.4328549325169408,0.0,0.0,87.78206248717662,0.0,0.0333076104893176,cal_final_2008-09-30
11522500,hbv_lite_cma,evaluation,0.758326,0.795573,-0.035657,-0.155929,0.7031,13,explicit_euler_dt1,hbv,success,,28.81,0.7831,-0.8999998273347964,2.0444851427398865,0.0874159316759779,7.535838196022717e-08,98.9331774749138,1.000000030654745,0.9999999818336148,0.8411338502521495,0.1941043055297558,99.99999435527124,9.47797372619941,0.0170985292879545,1.0048810633174925,0.0,0.0,0.731877985148219,0.0,13.55896622225783,cal_final_2008-09-30
11523200,hbv_lite_cma,evaluation,0.67948,0.795603,-0.018605,-0.114318,-0.260039,13,explicit_euler_dt1,hbv,success,,30.28,0.7539,1.2300000861917049,2.751257720030138,0.0360764143669454,2.2737157464881576e-12,95.40282411575726,1.0000000775067484,0.999999988957621,0.0754017622435175,0.2356477056523508,82.73099614026891,9.755962234920489,0.0340350616992641,1.0891775814276958,0.0,0.0,0.6146428353662302,0.0,1.9757759926887075,cal_final_2008-09-30
11528700,hbv_lite_cma,evaluation,0.729857,0.740443,0.17215,-0.031517,0.566835,13,explicit_euler_dt1,hbv,success,,27.52,0.8283,-0.2000003008286883,2.870173734338657,0.0996523880160603,1.2069063067695795e-09,999.99891388064,1.0000000925029573,0.5782995442281891,0.6056729259591739,0.3319669375211413,41.327170332260025,9.2021235360818,0.046644695751948,1.863464465221726,0.0,0.0,189.15746762607944,0.0,0.1358439326014693,cal_final_2008-09-30
11532500,hbv_lite_cma,evaluation,0.843327,0.889156,0.074726,-0.001283,-0.304546,13,explicit_euler_dt1,hbv,success,,27.47,0.882,-0.0299999746028545,5.648314022410402,0.0594928315619183,2.4618223481924404e-09,264.2144452121414,1.0000000334292982,0.9999995276663284,0.8999999979523837,0.2688849230939135,55.28301727265613,9.999999168552812,0.0438942826784827,1.088223836813934,0.0,0.0,39.18708856521945,0.0,0.7194941361634661,cal_final_2008-09-30
12010000,hbv_lite_cma,evaluation,0.844012,0.821895,-0.011357,-0.0684,0.114748,13,explicit_euler_dt1,hbv,success,,35.14,0.8613,0.2449059001846381,9.216254529217906,0.0573000844381876,0.0009168126780666,81.15528357232283,1.8589977677793,0.7715436453359861,0.5259478201084664,0.1817084403501127,65.09104339846708,4.290157876398279,0.0259112629703999,2.232611643397941,0.0,0.0,55.53781604662257,0.0,34.52201086236777,cal_final_2008-09-30
12013500,hbv_lite_cma,evaluation,0.797621,0.613685,0.379192,0.158033,2.41188,13,explicit_euler_dt1,hbv,success,,43.21,0.8015,-2.4999997654840245,9.999999996557078,0.0989427565833309,5.271819377278853e-05,999.9999994745395,1.000000002338718,0.2292556381217337,0.4667517205706862,0.1875285417657539,32.28716701501546,7.027309847401732,0.0646613367630005,3.499156978360523,0.0,0.0,603.5891073696248,0.0,19.64104234610265,cal_final_2008-09-30
12020000,hbv_lite_cma,evaluation,0.77939,0.824137,0.043212,-0.013943,-0.793403,13,explicit_euler_dt1,hbv,success,,27.41,0.4743,-0.239999730631923,9.999963876852004,0.0339606772653959,0.1612264561714065,192.7730645460585,3.6750888467132414,0.6066648904274446,0.8999999464404072,0.4395875276402524,40.73216590145926,8.175200686828695,0.1357642897029931,1.8656518633856884,0.0,0.0,98.8531958728757,0.0,0.6601088297025139,cal_final_2008-09-30
12025700,hbv_lite_cma,evaluation,0.836838,0.883461,-0.028079,-0.071145,-0.458569,13,explicit_euler_dt1,hbv,success,,27.5,0.8284,-2.4299999944651782,9.245574525001285,0.059627405987744,1.4371451554855403e-09,279.42770335416907,1.7633692783777837,0.9999999935464664,0.8999999996820282,0.3897206868942176,34.43885909656261,7.327496548666098,0.0997170256667712,1.4499060192505209,0.0,0.0,121.03684719300672,0.0,1.337013931491258,cal_final_2008-09-30
12035000,hbv_lite_cma,evaluation,0.833992,0.799888,-0.077588,-0.121276,-0.3483,13,explicit_euler_dt1,hbv,success,,30.11,0.8747,0.7299998995684414,8.907215678838549,0.0909320243548381,1.5826160917465918e-08,216.0125768227163,1.0000005516296078,0.9999999748359,0.8648353973761032,0.2372631469717521,72.64123660576871,7.775868072449236,0.0816648953283014,1.0599551484679235,0.0,0.0,107.0791266171493,0.0,7.720061952979438,cal_final_2008-09-30
12040500,hbv_lite_cma,evaluation,0.751987,0.669069,-0.17058,-0.190717,-0.405099,13,explicit_euler_dt1,hbv,success,,27.17,0.8032,-2.380001850253697,1.819353566909739,0.0580599627921708,7.24105331418692e-08,71.74799900161304,1.0000000051236355,0.999999988010556,0.8999999893607423,0.3106083384194895,42.27200531587541,4.4095713117439725,0.0478950860695502,1.0266415704493947,0.0,0.0,50.819400040491225,0.0,27.78923207999048,cal_final_2008-09-30
12041200,hbv_lite_cma,evaluation,0.627342,0.808496,-0.047925,0.005904,-0.23696,13,explicit_euler_dt1,hbv,success,,27.27,0.7454,-0.6700000057607229,0.6553483087713432,0.0097620961740782,8.04629534792725e-10,50.00000217574981,1.0000000008542609,0.9999999997499158,0.899999999443369,0.3294039996117279,50.80678003405789,9.500334492994137,0.0205380360169168,1.3796916956071588,0.0,0.0,36.58800750093504,0.0,151.27256279982356,cal_final_2008-09-30
12048000,hbv_lite_cma,evaluation,0.20206,0.295104,0.08566,-0.387038,2.464111,13,explicit_euler_dt1,hbv,success,,33.69,0.2159,0.2599995126461545,0.50000010769337,0.0999974320408336,0.0064741613481594,936.653856833781,1.0000009668392666,0.5029639444451202,0.0500016977327806,0.1448073648529443,99.99342056189138,9.999995879280997,0.0014604960752069,1.4345461764059229,5353.749665386359,34.66103915136621,461.9373485773686,0.0,1380.6771911711282,cal_final_2008-09-30
12054000,hbv_lite_cma,evaluation,0.554358,0.767597,-0.09058,-0.132822,0.206308,13,explicit_euler_dt1,hbv,success,,27.46,0.6272,-2.2200002544228727,1.3563622396565291,0.099991847360064,0.0068112963116609,50.00000232692645,1.000000101335604,0.9999999918701756,0.8999998865987535,0.3789955857577666,40.86803941777046,9.999999669254636,0.0154056295019852,1.5921346353246122,0.0,0.0,21.300942237353947,0.0,142.03769335790733,cal_final_2008-09-30
12056500,hbv_lite_cma,evaluation,0.664775,0.824432,-0.058896,-0.096571,0.196152,13,explicit_euler_dt1,hbv,success,,27.42,0.583,-1.829999799697568,1.336088041733665,0.0999568168332044,6.1269445992776794e-12,999.999997910046,1.0000000003058562,0.9999999943502916,0.8999999964989551,0.4288541631091528,39.33262615947004,9.999999984107196,0.0307345404469478,1.533289370801773,0.0,0.0,692.5271988686152,0.0,76.99218522652662,cal_final_2008-09-30
12073500,hbv_lite_cma,evaluation,0.765116,0.697864,0.24529,-0.042395,1.47477,13,explicit_euler_dt1,hbv,success,,27.33,0.8151,-2.139996941800556,1.1002009968267128,0.0540504326900411,3.0895048895326535e-12,307.32754344025807,2.3769073855639338,0.2406964294040253,0.8999999905363513,0.1865512979992985,49.28791933346233,6.173204285790158,0.001000000015513,1.026585986665453,0.0,0.0,43.77660889617185,0.0,1443.267988663295,cal_final_2008-09-30
12082500,hbv_lite_cma,evaluation,0.698443,0.82889,0.024688,-0.079533,0.4322,13,explicit_euler_dt1,hbv,success,,28.08,0.6896,-2.24999983728669,1.7644895855027956,0.0227715135542819,0.0006047771976002,999.9987850730024,1.0000000165616647,0.8841857268815778,0.8999998387233799,0.2126541234033733,63.75986776637976,9.99999999993558,0.0089890079877096,1.529993091876536,0.0,0.0,621.8679192510791,0.0,341.4495505350054,cal_final_2008-09-30
12092000,hbv_lite_cma,evaluation,0.524178,0.751098,0.088231,-0.088703,0.759574,13,explicit_euler_dt1,hbv,success,,28.58,0.5457,-1.2300000570012646,1.3161101703327738,0.0172464157895463,5.203820354732516e-11,999.9999708505532,1.0000000002055514,0.8531494842823879,0.8491666074551653,0.2464025648356025,99.9999952211945,9.999999997959655,0.0043420284715648,1.7854772345582322,0.0,0.0,688.5071358026188,0.0,994.6440261469518,cal_final_2008-09-30
12114500,hbv_lite_cma,evaluation,0.628949,0.648067,-0.1451,-0.235494,0.347487,13,explicit_euler_dt1,hbv,success,,29.21,0.7269,0.220000140555606,2.0860550556353674,0.0689562839536642,1.1643253339030979e-10,961.1991807939148,1.0000023593225995,0.44785057925186,0.8999999988267289,0.3434735062636199,42.25214006135834,9.999999622816825,0.0493474569108342,1.719636294613511,0.0,0.0,631.3243574466865,0.0,32.21320849202337,cal_final_2008-09-30
12115000,hbv_lite_cma,evaluation,0.671015,0.660863,-0.084962,-0.222211,0.659729,13,explicit_euler_dt1,hbv,success,,28.04,0.755,0.0600002796814731,1.9328547870045325,0.0906872405559581,3.756527453899347e-11,842.8189008030278,1.0000000417161388,0.99999960927069,0.8999999995756973,0.307470383093009,41.10174916594101,9.999999989817724,0.0376610587221338,1.860657858440323,0.0,0.0,599.4946705233995,0.0,53.07284046074785,cal_final_2008-09-30
12117000,hbv_lite_cma,evaluation,0.835976,0.802225,-0.063576,-0.169968,0.09142,13,explicit_euler_dt1,hbv,success,,27.45,0.8555,-2.340029967522355,0.6010153325226608,0.0786900188747303,1.997401921175209e-06,997.4196962950388,1.7627544645599469,0.9433756139674055,0.8999990151764858,0.2576749312421649,54.89158702668423,9.999998528159509,0.0290732083707478,1.9213118933667863,0.0,0.0,742.400548975123,0.0,67.27479675132277,cal_final_2008-09-30
12143600,hbv_lite_cma,evaluation,0.7098,0.769172,-0.071728,-0.174286,0.48879,13,explicit_euler_dt1,hbv,success,,27.57,0.7204,0.4899906312144009,2.5549045075022465,0.0463012343434304,4.790858379798471e-09,115.41144086847932,1.0000000698913354,0.9999992059019986,0.8999999945687556,0.3593900045350728,44.36393857438976,9.99999952398291,0.0221122277234756,1.7953195629813012,0.0,0.0,76.17439153840982,0.0,114.86564582538846,cal_final_2008-09-30
12144000,hbv_lite_cma,evaluation,0.692456,0.738122,-0.120415,-0.210315,0.081062,13,explicit_euler_dt1,hbv,success,,27.84,0.7348,0.2599952852039617,1.6774194940087308,0.018132025434291,0.0011089700437353,999.8553890887978,1.000001044606368,0.9999999578540242,0.8999997020487475,0.3145829772201736,39.49419217115098,9.999921605379193,0.0294609323777468,1.00459291659205,0.0,0.0,738.7395351529647,0.0,85.81661676219957,cal_final_2008-09-30
12145500,hbv_lite_cma,evaluation,0.850646,0.806651,0.031972,-0.081359,0.086889,13,explicit_euler_dt1,hbv,success,,25.9,0.8895,-2.330002543510682,0.5600110360647278,0.0641112629626727,1.7430843186181573e-08,210.2815466296473,1.012399712822719,0.5992725925805944,0.8999999545116947,0.2498621289933831,36.65157302622491,3.88315582424043,0.0620995681296557,1.0312607589686758,0.0,0.0,100.96357389561312,0.0,16.409462847502393,cal_final_2008-09-30
12147500,hbv_lite_cma,evaluation,0.656611,0.613363,-0.289663,-0.281751,-0.410033,13,explicit_euler_dt1,hbv,success,,27.28,0.638,0.2398767531467744,1.003543823351437,0.0999994373025751,0.1294365383130941,50.00044452555381,1.0000030385542835,0.9999971350032422,0.899998948566373,0.4999996573738923,5.909085039975935,8.709205648448092,0.0383359957063387,1.0513701643213784,0.0,0.0,39.584200452421285,0.0,53.44585138600125,cal_final_2008-09-30
12167000,hbv_lite_cma,evaluation,0.623375,0.545408,-0.2274,-0.321131,-0.02031,13,explicit_euler_dt1,hbv,success,,27.49,0.6702,-1.010000282842389,0.6291859309144721,0.0014313634121509,9.216206115734692e-10,50.00000038386183,1.0000000065568264,0.999999890908994,0.569799525302273,0.2327510372579574,30.506059719672468,6.250923752699827,0.0255333007362044,1.0320626140434,0.0,0.0,31.19098293459709,0.0,46.37590932604826,cal_final_2008-09-30
12175500,hbv_lite_cma,evaluation,0.468006,0.693856,-0.133261,-0.224032,0.22266,13,explicit_euler_dt1,hbv,success,,29.15,0.558,-2.4799999892834577,1.460387794537338,0.0828702799572019,1.0352105065144509e-12,506.4723659538208,1.0000000000476452,0.9999999999919948,0.8999999998086577,0.2598781270907859,65.86010852348026,9.999999995755015,0.01701277558315,1.795293905114754,0.0,0.0,329.42327930210945,0.0,221.06738449492067,cal_final_2008-09-30
12178100,hbv_lite_cma,evaluation,0.501593,0.682785,-0.143726,-0.231192,0.165097,13,explicit_euler_dt1,hbv,success,,28.09,0.5753,-2.460000125687998,1.538678989270451,0.0055270013978627,7.27143128368187e-10,999.99953980037,1.0000000411117915,0.9999999847495212,0.8537255165019502,0.4552339099052783,40.66730044112267,9.999999999892276,0.0232963127153574,1.0179108827573324,0.0,0.0,671.4805472768343,0.0,113.7789690589267,cal_final_2008-09-30
12186000,hbv_lite_cma,evaluation,0.576079,0.718243,-0.177734,-0.201598,0.005533,13,explicit_euler_dt1,hbv,success,,28.08,0.566,-1.1400001320580946,1.6269556801678584,0.0443652180920866,9.558971307697055e-05,64.61008358255204,1.000000127140367,0.9999999955870582,0.8999999937126915,0.3543153115715945,13.762265475695544,9.999999799244083,0.0256274897613778,1.0920493822720918,0.0,0.0,39.26627586311216,0.0,75.33070512592249,cal_final_2008-09-30
12189500,hbv_lite_cma,evaluation,0.433782,0.659412,-0.109154,-0.228516,0.208437,13,explicit_euler_dt1,hbv,success,,28.22,0.6115,-1.7100000144985272,1.2845108575279558,0.040391681754185,2.143662671525323e-10,999.9999999842456,1.0000000120857706,0.9999999916796968,0.8999999580157629,0.3797740724934247,45.16452428316435,9.999999933095005,0.0191588463474812,1.0253679268752425,0.0,0.0,642.222001821326,0.0,132.3166858048393,cal_final_2008-09-30
12375900,hbv_lite_cma,evaluation,0.554383,0.734761,0.018697,0.099577,-0.705838,13,explicit_euler_dt1,hbv,success,,53.68,0.7805,0.3699804228556265,1.941301285523917,0.036657934407401,0.0129883975893701,999.956693526536,1.0000050448737368,0.9349838956150148,0.0991201815887568,0.3682751304172224,46.81477962832889,9.410915565701504,0.0389744701306669,4.240195089251237,0.0,0.0,539.871941250396,0.0,41.10042497889727,cal_final_2008-09-30
12377150,hbv_lite_cma,evaluation,0.721724,0.684019,-0.293141,-0.156935,-0.866343,13,explicit_euler_dt1,hbv,success,,37.07,0.7329,2.4600052550163234,2.68238874743995,0.0079466974114974,0.0020903872856166,50.00018581620588,1.000003518126103,0.9999999166858952,0.8771214124452967,0.3706579501386434,94.41963455001846,9.999990076826345,0.0352439059418632,1.6826187708128244,0.0,0.0,25.95438601221835,0.0,40.85229801232843,cal_final_2008-09-30
12381400,hbv_lite_cma,evaluation,0.200067,0.438907,0.312736,0.305114,-0.558236,13,explicit_euler_dt1,hbv,success,,49.26,0.8692,0.7499964111597763,2.6014772398416244,0.0999999928665321,0.0715646817962152,839.3181281999364,1.0000029540150572,0.3450692595100905,0.7478160494583763,0.0732688736926117,60.12879685257689,9.111783397742837,0.0361111893556163,1.2449032871594958,0.0,0.0,212.4746071223248,0.0,13.867180987479376,cal_final_2008-09-30
12383500,hbv_lite_cma,evaluation,0.453216,0.613759,0.120451,0.188147,-0.348762,13,explicit_euler_dt1,hbv,success,,53.49,0.7333,2.499999999752061,1.8237404095317569,0.0333667104423575,3.276678708423827e-14,999.9999999655448,1.0000000000035287,0.8946889644487317,0.5319939604246849,0.0652388144712032,78.58505745128898,9.999999999647065,0.0162060780603678,1.0153929637681574,0.0,0.0,487.9143011630026,0.0,87.93133942438546,cal_final_2008-09-30
12390700,hbv_lite_cma,evaluation,0.591471,0.735583,0.181484,-0.066289,0.808596,13,explicit_euler_dt1,hbv,success,,38.72,0.773,-0.9415285970478592,1.7523983514909571,0.0664153130604604,6.1890728068091625e-06,501.1697187362842,1.206031718499449,0.2001891560480704,0.786469201141991,0.3376232625602777,2.589758812597186,9.900945960132995,0.0282298386168126,2.919379422565303,0.0,0.0,82.07032366009508,0.0,12.65795266729249,cal_final_2008-09-30
12411000,hbv_lite_cma,evaluation,0.70208,0.842435,-0.047184,-0.06612,-0.421185,13,explicit_euler_dt1,hbv,success,,53.69,0.7674,-0.6099848009616178,2.5343945134918857,0.0134737161049819,3.458771336127919e-09,196.4376444457576,5.999913118937096,0.2001372623318907,0.8999996577516378,0.4973613723981051,0.0002408225793757,9.999999493298851,0.0330752337511499,5.707214766458973,0.0,0.0,56.05024000512335,0.0,2.9203130930803662,cal_final_2008-09-30
12447390,hbv_lite_cma,evaluation,0.577166,0.466214,-0.32444,-0.406409,-0.79506,13,explicit_euler_dt1,hbv,success,,30.08,0.5734,-0.7399999977428875,9.43588097724977,0.0776763664001787,2.922155368007798e-11,999.9999984368374,1.0000000006395682,0.382223291513234,0.050000000752256,0.0100000000086823,83.4600706883798,4.28588139687694,0.0542579480090313,1.224634742741476,0.0,0.0,255.06064868958424,0.0,3.5009396054057045,cal_final_2008-09-30
12451000,hbv_lite_cma,evaluation,0.552738,0.760463,-0.109434,-0.056421,-0.157698,13,explicit_euler_dt1,hbv,success,,34.01,0.719,-2.469999793106416,1.825132694716916,0.0095289977179763,5.413643608823066e-10,999.9968826624784,1.0000000954138526,0.999999999433954,0.8999998982509577,0.3045467342224756,53.4335602842573,9.999999991240552,0.0291346077783754,1.1885125637497225,0.0,0.0,581.3624229978902,0.0,43.61168036482317,cal_final_2008-09-30
12488500,hbv_lite_cma,evaluation,0.690839,0.767668,0.153694,-0.073775,1.115082,13,explicit_euler_dt1,hbv,success,,47.93,0.6261,-1.3199998535204784,2.837108659271651,0.0629361179440614,3.9007434840235237e-11,999.9999999203486,1.0000001140025607,0.2076493730399857,0.3385549082133253,0.108307322773234,99.99999952775724,9.999999987402523,0.0202266941019316,1.1350640416904234,0.0,0.0,421.318819725146,0.0,62.76643651724218,cal_final_2008-09-30
13011500,hbv_lite_cma,evaluation,0.781884,0.884668,0.030646,-0.059467,-0.056593,13,explicit_euler_dt1,hbv,success,,31.35,0.8426,-1.720558421870527,2.7587234856388663,0.0425959572141351,1.4609508496197357e-12,417.875903969908,1.0000000056699834,0.9043440593327708,0.1095155288803462,0.3780407300157655,96.47757810016252,9.999999999235095,0.0511681433952278,1.70782374486223,0.0,0.0,119.07768092578448,0.0,5.024919556696112,cal_final_2008-09-30
13011900,hbv_lite_cma,evaluation,0.706439,0.739588,0.063678,0.12014,-0.810949,13,explicit_euler_dt1,hbv,success,,39.21,0.85,-0.0599999933253907,3.47444335317306,0.0597447673096058,2.2964916020725414e-10,999.9999997564656,1.0000000139757526,0.7725449837055416,0.7463176809540673,0.095810295119322,97.62201694879812,9.090183615144213,0.0408292385333555,1.0048488952602794,0.0,0.0,419.1150212640757,0.0,14.425855126352843,cal_final_2008-09-30
13018300,hbv_lite_cma,evaluation,0.682976,0.737485,-0.214581,-0.12546,-0.722728,13,explicit_euler_dt1,hbv,success,,47.16,0.6367,0.2394430792076365,2.13559836939645,0.0776998872679354,0.012605523318533,999.9914886993212,1.0000404939752634,0.3522234193311377,0.8998940440137956,0.4481753635186722,0.6568842520927087,7.379386832746878,0.0251184325836054,4.538327771619313,0.0,0.0,135.20816216284837,0.0,11.104803893852996,cal_final_2008-09-30
13023000,hbv_lite_cma,evaluation,0.783338,0.719892,-0.207912,-0.222329,-0.53882,13,explicit_euler_dt1,hbv,success,,65.73,0.781,-2.3799686749446622,3.8614356947606434,0.0999480115776399,4.3414988981935145e-08,999.9989191908988,1.0000031060175585,0.4239525654970344,0.3608721274622805,0.02054547207668,99.9991004630492,9.999701970782494,0.0211771161431937,1.9994429705849128,0.0,0.0,208.11156785553348,0.0,27.01673758700749,cal_final_2008-09-30
13161500,hbv_lite_cma,evaluation,0.670582,0.834435,0.006476,-0.04418,0.243724,13,explicit_euler_dt1,hbv,success,,33.51,0.853,0.460012714581532,9.99998394357278,0.0947255357471887,1.4143570903926611e-06,577.6877675882517,2.849828053962131,0.9994053899670374,0.4534855742248926,0.0104255584905875,74.22891831179116,3.2821675493272098,0.0419412331315664,1.0488615272446462,0.0,0.0,155.6280253861574,0.0,0.2081326697306757,cal_final_2008-09-30
13235000,hbv_lite_cma,evaluation,0.60335,0.620244,-0.247987,-0.006549,-0.798016,13,explicit_euler_dt1,hbv,success,,44.11,0.6311,1.810000073140877,7.5315180415159295,0.0924941973932885,3.5527747188603837e-10,999.9998995343216,1.0000000007823164,0.999999999981479,0.0500000006840321,0.030216629459277,99.99999769523784,6.088299826386713,0.0426460109357277,1.1936744050417485,0.0,0.0,322.2258970478441,0.0,5.618424291167894,cal_final_2008-09-30
13240000,hbv_lite_cma,evaluation,0.777237,0.807395,-0.160048,-0.14097,0.049153,13,explicit_euler_dt1,hbv,success,,30.17,0.8241,-0.29999999749203,3.3652073825044115,0.0163028790578251,6.2615263975079466e-12,999.9999997810984,1.00000000000581,0.9999999999980352,0.2190919512152699,0.4999999994369229,81.46678140490047,9.999999999607462,0.0694585188471724,1.4934260322358028,0.0,0.0,507.9279424761559,0.0,9.04331602395259,cal_final_2008-09-30
13313000,hbv_lite_cma,evaluation,0.652931,0.648684,0.165602,0.178456,-0.177389,13,explicit_euler_dt1,hbv,success,,42.14,0.8075,-0.8800726481648091,2.8828518085811874,0.0798139684467693,6.228028110677648e-08,999.9995678504724,1.0000000066441943,0.8284595673828443,0.747571387059319,0.2818790716390015,39.99663194423474,9.99999623161405,0.0458238850074488,1.1663954312346698,0.0,0.0,383.6664558197253,0.0,9.153443589916902,cal_final_2008-09-30
13331500,hbv_lite_cma,evaluation,0.620458,0.736658,0.024124,0.123751,0.043299,13,explicit_euler_dt1,hbv,success,,30.19,0.7828,1.600000131260174,1.57610706507168,0.0551996956011353,2.611673574849616e-10,50.001131556514494,1.0000034858557136,0.9999999959318966,0.1144579385681484,0.132049961586113,8.275623519239578e-06,9.999815290742784,0.0442350574614137,1.243161660687326,0.0,0.0,20.679170177514056,0.0,8.343294334829213,cal_final_2008-09-30
14020000,hbv_lite_cma,evaluation,0.40792,0.692169,-0.052733,-0.146617,-0.576424,13,explicit_euler_dt1,hbv,success,,38.42,0.5108,1.249999993579646,0.9361259045218628,0.0252133464303144,2.987208867484135e-12,68.66137989927812,1.0000000014646715,0.9999999993763102,0.3422946349822469,0.3697500011133153,83.1757808309398,3.9395673093946018,0.0718824297513711,2.8809590916502645,0.0,0.0,11.42366285950664,0.0,0.6113599848354122,cal_final_2008-09-30
14096850,hbv_lite_cma,evaluation,0.634423,0.532185,-0.14747,-0.303061,-0.176973,13,explicit_euler_dt1,hbv,success,,33.67,0.592,-1.3799962064685676,1.0579612289977445,0.0999975369809631,0.0403618388672361,999.999970272637,1.015925430102126,0.2000012754617485,0.8881137942699133,0.3957815367934931,26.357281949303847,1.995823613493628,0.0113014670639518,2.143815039528242,0.0,0.0,98.02738818029056,0.0,26.59264898895828,cal_final_2008-09-30
14137000,hbv_lite_cma,evaluation,0.791077,0.765049,-0.053684,-0.168995,0.042676,13,explicit_euler_dt1,hbv,success,,28.97,0.8008,-1.4600012071381658,1.0698319466441273,0.0496396747273186,0.0009067247961862,999.8778552566984,1.000002918219356,0.9999999066742572,0.6146592020337561,0.212956603824578,45.79343361929347,7.241237506113399,0.023743328656795,1.1534799764208823,0.0,0.0,633.5193659411882,0.0,56.68105054221047,cal_final_2008-09-30
14138800,hbv_lite_cma,evaluation,0.688141,0.712272,-0.03793,-0.229034,1.390941,13,explicit_euler_dt1,hbv,success,,27.41,0.7195,-0.9400001416484964,1.6192743463100563,0.0999999919508637,0.1865088358161329,119.60329156184704,1.000000775982827,0.9999999652916955,0.8999999639376527,0.4625388338402508,21.69335089822573,8.169351771170291,0.028848000713848,1.053187878913951,0.0,0.0,59.8597588695369,0.0,34.49550514229177,cal_final_2008-09-30
14138870,hbv_lite_cma,evaluation,0.75659,0.796994,-0.077487,-0.176844,0.617904,13,explicit_euler_dt1,hbv,success,,27.51,0.798,-0.3600010312926462,1.272983112839893,0.090162589002857,1.407935109173911e-09,999.9986339676312,1.0000006973067854,0.9999995383380692,0.8999999279661031,0.3737364839639163,21.14817910290315,6.363022909731818,0.046723063902804,1.0627744528056169,0.0,0.0,675.0161349487227,0.0,30.580081837392576,cal_final_2008-09-30
14138900,hbv_lite_cma,evaluation,0.652313,0.694136,-0.180434,-0.186729,-0.559973,13,explicit_euler_dt1,hbv,success,,27.42,0.7068,-0.4700001144561669,0.5874337916511685,0.0851094876114162,0.1999998842140496,234.4281194128738,1.0000001729466583,0.9999999533447824,0.8999999965910961,0.3881101776737007,28.02153869073935,5.027433370002616,0.0471010935288319,1.2864077531871612,0.0,0.0,107.56869908884542,0.0,15.1662715969655,cal_final_2008-09-30
14139800,hbv_lite_cma,evaluation,0.768989,0.770242,-0.138816,-0.146598,-0.326043,13,explicit_euler_dt1,hbv,success,,27.37,0.7953,0.2899975842042188,1.1920529410390723,0.0211147652547367,9.877588601900323e-10,172.79817115448796,1.000000116281763,0.9999999999714504,0.8999996309524945,0.3503359623769959,31.243588040319647,5.173399341915255,0.0489922772956474,1.5926349272419804,0.0,0.0,88.74921800444638,0.0,20.583831657114835,cal_final_2008-09-30
14141500,hbv_lite_cma,evaluation,0.804352,0.850845,-0.030085,-0.115897,0.314858,13,explicit_euler_dt1,hbv,success,,27.23,0.8043,0.4299661876844043,0.958606084480702,0.0790545649808793,3.961875860631687e-08,951.0413841196896,1.057850602403259,0.9992289298496848,0.8999999294110401,0.3734705870979099,27.169323414949087,6.446569228102527,0.0504608947621658,1.000000013911282,0.0,0.0,636.5559707358367,0.0,29.43380405177737,cal_final_2008-09-30
14154500,hbv_lite_cma,evaluation,0.757995,0.769855,0.044859,-0.16686,1.099433,13,explicit_euler_dt1,hbv,success,,27.27,0.7955,-1.290000342536313,0.5000000343423728,0.0426691895186993,2.849676886673963e-09,900.6842587882444,1.0000001296156282,0.4032173025703039,0.8987859367316519,0.3334852533314663,20.91542913512041,5.259961978580794,0.0859887286363221,1.202945044707194,0.0,0.0,275.8331440404634,0.0,0.7252338564469405,cal_final_2008-09-30
14158790,hbv_lite_cma,evaluation,0.724212,0.751741,-0.082553,-0.222416,0.357639,13,explicit_euler_dt1,hbv,success,,28.0,0.6873,-1.6300001139957931,1.5552198332601674,0.0976898377292899,0.0003279081740155,213.16656078337863,1.6033690512094196,0.9999999078125308,0.6928415651616524,0.4082678921606988,45.35093602103666,9.99999708976298,0.0398507673736282,1.7672369996069133,0.0,0.0,66.4763149270564,0.0,5.401972100253223,cal_final_2008-09-30
14166500,hbv_lite_cma,evaluation,0.824007,0.79453,0.180757,0.108876,-0.834623,13,explicit_euler_dt1,hbv,success,,42.97,0.8854,0.2399999509701169,1.6829476163439725,0.0665731759954801,0.0033134097455542,256.9627760981941,1.7619192690841206,0.2000005930435806,0.5581656975780036,0.2168612199269805,19.42852919524668,4.921360245893956,0.0646724753555208,3.7135464317489215,0.0,0.0,10.031315622928622,0.0,0.0191283567569729,cal_final_2008-09-30
14182500,hbv_lite_cma,evaluation,0.719664,0.68761,-0.087617,-0.177893,0.214933,13,explicit_euler_dt1,hbv,success,,27.42,0.7506,-0.7800000159793654,1.1752509827220257,0.0682332055247059,2.1313440588175843e-09,90.65161265530004,1.0000000090389194,0.9999999999652044,0.8999999986001296,0.3465271244581898,45.31148658216895,7.259271908717571,0.0448741694903705,1.0215346714827032,0.0,0.0,30.285331792907257,0.0,6.908996629985297,cal_final_2008-09-30
14185000,hbv_lite_cma,evaluation,0.808198,0.830514,0.082966,-0.059439,0.764268,13,explicit_euler_dt1,hbv,success,,27.36,0.8196,-2.0700000156609093,0.5000000228219525,0.0050133589371489,3.198993851838298e-10,717.2832509257414,1.000000257132285,0.6435604557366165,0.6550431853516909,0.2049750391823122,31.389227849983754,5.803460125200842,0.0560457571070463,1.479207642664097,0.0,0.0,284.9354517136084,0.0,5.288075025245802,cal_final_2008-09-30
14185900,hbv_lite_cma,evaluation,0.809459,0.755073,-0.124638,-0.215445,-0.215209,13,explicit_euler_dt1,hbv,success,,27.35,0.7922,-0.7600003479709414,1.9708278089405955,0.0006511056555165,2.975806642694147e-11,167.57475926240312,1.1434281490879528,0.9999999999925911,0.8999999996304765,0.4970730169257687,32.51490960486804,8.87003660626576,0.0916263615617582,1.7105070970635974,0.0,0.0,47.92525933181268,0.0,1.50687105455555,cal_final_2008-09-30
14187000,hbv_lite_cma,evaluation,0.837055,0.820868,0.067694,-0.075346,0.290364,13,explicit_euler_dt1,hbv,success,,27.29,0.8329,-1.920000061627806,0.7259234393515013,0.0334313826567763,1.6342170139291541e-09,487.3054540818593,1.00000002246687,0.3085610753469105,0.3547641873402196,0.2156755520253647,18.76474378921798,5.886019325324986,0.0945083717875702,1.9120950962477337,0.0,0.0,70.8094408030604,0.0,1.1264693761501765,cal_final_2008-09-30
14216500,hbv_lite_cma,evaluation,0.647766,0.672313,-0.102571,-0.213545,-0.197846,13,explicit_euler_dt1,hbv,success,,60.24,0.7012,-1.4800000075684503,1.6197169587359923,0.0063551735511468,3.6770138139137184e-10,381.18706284528895,1.5147766072118078,0.9999999997110668,0.0500000000743334,0.2032065460335169,99.99999991775913,9.999999998998453,0.0261788365430473,1.701935456503759,0.0,0.0,170.94215866777185,0.0,27.149866053477417,cal_final_2008-09-30
14222500,hbv_lite_cma,evaluation,0.771039,0.790819,0.006916,-0.100409,0.32962,13,explicit_euler_dt1,hbv,success,,27.3,0.8589,-0.6699999886603001,3.2725683034324224,0.0738598658289967,5.1900353395914885e-11,448.1040117545986,1.3177991164685796,0.9999999989516272,0.8279831996371382,0.2224511158312507,73.41399492811013,6.031129109726688,0.0396522189424336,1.7060407044385912,0.0,0.0,212.6228396093764,0.0,10.225607070271838,cal_final_2008-09-30
14236200,hbv_lite_cma,evaluation,0.736151,0.682812,-0.133798,-0.22165,-0.321581,13,explicit_euler_dt1,hbv,success,,27.61,0.8016,0.3899999127490283,0.8913547523732803,0.0506491318522326,7.686071341513883e-10,195.7171743725441,1.0224363446145617,0.9999999869528122,0.8999999886059636,0.344199843470679,64.65542284947986,7.649819914445341,0.0714960249065239,1.264109429497278,0.0,0.0,80.80173990216754,0.0,5.624658786268356,cal_final_2008-09-30
14301000,hbv_lite_cma,evaluation,0.888671,0.744593,0.25181,0.064312,1.957393,13,explicit_euler_dt1,hbv,success,,43.65,0.8641,-2.499981444171831,2.526899420391965,0.0110868938698549,6.306537177538804e-08,999.9997046594624,1.0000001242929033,0.4473492746337523,0.5884985833188369,0.2515075778828771,46.35064403004709,6.729063873641024,0.0731615879568046,3.1124532968275105,0.0,0.0,497.228736455477,0.0,6.381705954442665,cal_final_2008-09-30
14303200,hbv_lite_cma,evaluation,0.803024,0.77396,0.115599,-0.100619,0.623302,13,explicit_euler_dt1,hbv,success,,27.98,0.8175,1.090000002187506,3.616044056959008,0.0013347235817895,3.1335180634981316e-10,999.9999999824116,1.0000000000173106,0.7880318424198793,0.8999999969693597,0.1577651216861156,91.87402780922868,8.678545659765804,0.0450698104764384,1.2204722009705664,0.0,0.0,581.4054065911075,0.0,11.733272072969823,cal_final_2008-09-30
14305500,hbv_lite_cma,evaluation,0.838247,0.914174,0.02734,0.012571,-0.611684,13,explicit_euler_dt1,hbv,success,,27.73,0.8788,-1.7734075306269967,0.5593285863949097,0.076828814089032,0.0074866125591712,364.71285111255935,2.217366916564826,0.9999999045094096,0.8999999084716848,0.3242118586674362,75.1872453316021,9.999998532852016,0.0735678822755076,1.0397794802451816,0.0,0.0,165.20920211330184,0.0,1.4971322066248816,cal_final_2008-09-30
14306340,hbv_lite_cma,evaluation,0.816958,0.827832,0.116361,0.0013,-0.770491,13,explicit_euler_dt1,hbv,success,,35.89,0.8165,-0.4300005821652823,0.5000000001153917,0.063803321221227,1.0694618320123448e-08,263.0513423170038,1.934809266017004,0.200000208304236,0.4043716611977979,0.252715653871797,37.03373218058295,9.20804273635143,0.0829153679071807,2.685181780213365,0.0,0.0,17.858769711664007,0.0,0.031900439780946,cal_final_2008-09-30
14306500,hbv_lite_cma,evaluation,0.825107,0.770851,0.215429,0.05815,0.20969,13,explicit_euler_dt1,hbv,success,,43.82,0.8457,-1.2600003698033198,0.5000000067275716,0.0542841223798636,6.577332695063513e-08,741.7378767595077,1.000000009735905,0.3884943317506955,0.2925398727396104,0.1391581148321676,20.82163970102431,7.840908852454763,0.0781813714949469,3.990569263674046,0.0,0.0,224.4600908188096,0.0,3.078383777581585,cal_final_2008-09-30
14308990,hbv_lite_cma,evaluation,0.677378,0.624196,0.068864,-0.154182,0.007508,13,explicit_euler_dt1,hbv,success,,28.01,0.7753,-0.5700000326407224,1.2164245985160318,0.0135281305329229,2.490573013746992e-09,999.9999607745008,1.0000000099894288,0.2000000111785173,0.335406606579368,0.3062894762448461,5.842792292021498,4.669720904748214,0.0695376713417425,1.14565705111009,0.0,0.0,98.21539100005016,0.0,0.0722159291689795,cal_final_2008-09-30
14309500,hbv_lite_cma,evaluation,0.698502,0.64373,0.329319,0.055512,2.110629,13,explicit_euler_dt1,hbv,success,,29.84,0.7675,0.233366025957538,3.6854760378920415,0.0808297187153213,2.780088773478173e-09,999.9999996324076,1.0000000012546135,0.493259574892021,0.7985006105988844,0.2312947854087972,31.58207764007513,4.647025622642588,0.0642055579252143,1.6255269938637769,0.0,0.0,292.603796890509,0.0,0.2528780104235907,cal_final_2008-09-30
14316700,hbv_lite_cma,evaluation,0.780063,0.802806,-0.003717,-0.154227,-0.463009,13,explicit_euler_dt1,hbv,success,,27.41,0.8122,-1.3999997688335382,0.8884240501963492,0.0445835185820694,2.414160676037357e-09,346.11415170549003,1.0000000476870918,0.2000067394796921,0.8999999998082792,0.3548126973207789,21.87210714869943,6.687979915163775,0.0797705428555178,1.880664246395578,0.0,0.0,7.597191723022389,0.0,0.0485312283042678,cal_final_2008-09-30
14325000,hbv_lite_cma,evaluation,0.759046,0.720266,0.245487,-0.001677,2.080401,13,explicit_euler_dt1,hbv,success,,27.2,0.7478,0.4299996716991798,1.5664082895355889,0.0101057165377576,0.1999954643072637,999.999998788973,1.0000000444149637,0.4523168165657321,0.7408962486896403,0.1752555581985665,49.03191516236167,8.063488924131518,0.0609229764026256,1.0092696327540138,0.0,0.0,443.56450067931473,0.0,3.129752216667275,cal_final_2008-09-30
14362250,hbv_lite_cma,evaluation,0.468602,-0.041813,1.003163,0.35426,48.123766,13,explicit_euler_dt1,hbv,success,,50.62,0.6719,0.488566364976926,3.4363163258756138,0.0001046083103058,0.1997892612702572,999.9947715371296,1.8127323952060483,0.2000123741928349,0.8993979507086736,0.1140487660080768,17.428821656863512,1.4482140800671095,0.0010000034534989,3.017097103786752,0.0,0.0,67.32952580041677,0.0,408.01930038863,cal_final_2008-09-30
14400000,hbv_lite_cma,evaluation,0.850692,0.906906,0.011269,-0.071604,-0.167638,13,explicit_euler_dt1,hbv,success,,27.34,0.8801,0.3700000023976053,1.660528528070125,0.0791234561796291,6.714199500344791e-09,186.02516365065404,1.368691348739194,0.9442477806446004,0.8999999995786184,0.2534555699112916,59.44652441226989,9.999999966692927,0.0796889507419862,1.1327247107134866,0.0,0.0,26.99844946332174,0.0,0.163220405469459,cal_final_2008-09-30
