basin_id,model,period,nse,kge,bias,peak_bias,lowflow_bias,parameter_count,solver_name,family,run_status,error_message,_elapsed_s,_cal_nse,p_parTT,p_parCFMAX,p_parCFR,p_parCWH,p_parFC,p_parBETA,p_parLP,p_parK0,p_parK1,p_parUZL,p_parPERC,p_parK2,p_lag_time,state_SNOWPACK,state_MELTWATER,state_SM,state_SUZ,state_SLZ,state_init_mode
01022500,hbv_lite_cma,evaluation,0.716829,0.764598,0.144083,-0.066521,1.454701,13,explicit_euler_dt1,hbv,success,,65.91,0.7992,-2.5,1.2193666482523184,0.0010686801812857,4.467155267351688e-16,422.6201858933487,5.36875976704075,0.238421712674695,0.7050270179129922,0.3730729024936932,98.386285070263,5.864744247951959,0.0467890269724549,4.343535741764077,0.0,0.0,410.81161073035406,6.519766633365492,44.34718840498802,cal_final_2008-09-30
01031500,hbv_lite_cma,evaluation,0.681233,0.700604,0.226492,-0.035408,4.082202,13,explicit_euler_dt1,hbv,success,,33.87,0.6586,-2.499999999977095,1.6357528382156326,0.0990570980888285,4.3303627599154203e-13,313.1465001482693,5.999999999808567,0.6234231916053052,0.2523221677098032,0.2420725090422252,80.73106539582916,2.836589609790102,0.0392207161080593,1.962239163709731,0.0,0.0,299.7743198302292,8.294065548951925,32.89745405663977,cal_final_2008-09-30
01047000,hbv_lite_cma,evaluation,0.690411,0.763296,0.097626,-0.096804,1.833296,13,explicit_euler_dt1,hbv,success,,33.23,0.6567,-2.4999999999696034,1.4807534456606644,0.0103006841377731,2.832922680741035e-13,163.21540815406905,2.2874740426774425,0.2000000082242914,0.173344171948378,0.1635647517532595,16.330565344603208,2.165128567928792,0.0353620786468658,1.208582994693445,0.0,0.0,148.47266738859557,14.238641899685446,36.68615156030997,cal_final_2008-09-30
01052500,hbv_lite_cma,evaluation,0.736807,0.844742,0.039615,-0.117919,1.322041,13,explicit_euler_dt1,hbv,success,,32.02,0.778,-0.7800000541044749,3.095521290647992,0.0053893799876073,1.2268130917871772e-09,339.7359699165462,5.253497645421658,0.502265274965664,0.5940337940647935,0.3646564832044132,24.362367554371723,5.380149537961689,0.0946799705274001,1.1571919057448643,0.0,0.0,316.7548933200676,0.0,18.911344517899263,cal_final_2008-09-30
01054200,hbv_lite_cma,evaluation,0.59442,0.624467,0.140491,-0.154615,3.150345,13,explicit_euler_dt1,hbv,success,,31.8,0.5185,-2.470157182844901,1.115001713798033,0.0993752675315548,0.0429753733011603,175.17075362020933,1.0008254219149977,0.2445428038439037,0.5588000048788005,0.4197470876243202,7.390004976580558,5.521040388642881,0.0782309515667757,1.8313486120064004,0.0,0.0,133.2371227185652,0.0,28.168938217762665,cal_final_2008-09-30
01055000,hbv_lite_cma,evaluation,0.582131,0.670189,0.117983,-0.130042,2.592992,13,explicit_euler_dt1,hbv,success,,31.03,0.6127,-2.499999967876494,1.9666655853635344,0.0993666254532724,8.783267708933565e-14,57.75891121806454,5.999999990874079,0.2000000279138775,0.554170547481698,0.0689277340360358,2.896723475402328e-07,7.0538786289083735,0.0474969595526348,1.7377289978845565,0.0,0.0,56.55668045662126,0.0,48.3802779665297,cal_final_2008-09-30
01057000,hbv_lite_cma,evaluation,0.603382,0.530981,0.377022,-0.041538,6.397921,13,explicit_euler_dt1,hbv,success,,35.89,0.6384,-2.32001058788398,1.683672906015541,0.0987411925614562,2.638168981271784e-07,439.5201744920431,4.978458044673154,0.3103011176018123,0.6035579032545831,0.2551731049908911,63.356792698327205,5.779980532657828,0.0415871588857734,1.994386877672696,0.0,0.0,426.5706598373634,15.25461033570285,61.90709423817286,cal_final_2008-09-30
01073000,hbv_lite_cma,evaluation,0.793674,0.701204,0.278941,-0.019499,5.091701,13,explicit_euler_dt1,hbv,success,,34.13,0.7974,-1.500001287670976,1.2435968610058896,0.023179011618809,0.1998714550460375,734.506548514488,5.807356640014832,0.4255096780662698,0.8999998380680245,0.3990227652292435,27.661097596193567,8.77952924131905,0.0853756582162055,1.0049320008652474,0.0,0.0,715.9690470265296,2.117690798169045,45.17798801336684,cal_final_2008-09-30
01078000,hbv_lite_cma,evaluation,0.722483,0.727197,0.228816,-0.03658,3.187447,13,explicit_euler_dt1,hbv,success,,44.7,0.7068,-1.374389371765285,1.804097457165424,0.0637158912610094,3.2417785151449605e-10,715.6687169499135,5.999983776210247,0.3012819052721202,0.7945498672834952,0.2625714190967035,32.93581725201462,4.272330285240589,0.0580109975365752,2.0021397701728554,0.0,0.0,668.3268210540238,0.0,32.37623742565713,cal_final_2008-09-30
01123000,hbv_lite_cma,evaluation,0.460681,0.488046,0.45864,0.010634,3.466874,13,explicit_euler_dt1,hbv,success,,34.26,0.5561,-2.064429479452522,1.0577518341477394,0.0198044922059226,9.544692418130839e-12,801.3717234172324,5.999999998331751,0.2992751029258667,0.6047428189893271,0.4058211442254757,99.35552897735003,9.103261255168915,0.0419993160188667,1.0322291735472846,0.0,0.0,764.2533135676846,0.0,69.6510856115521,cal_final_2008-09-30
01134500,hbv_lite_cma,evaluation,0.648006,0.765713,0.097758,-0.075168,1.56176,13,explicit_euler_dt1,hbv,success,,35.64,0.6897,-1.6691070985066132,1.876708422890062,0.0017179856623911,6.6711913013178745e-09,114.91638138754948,1.5385774491365436,0.200108434657282,0.243375753166638,0.2498712691267508,30.54034117400392,2.5147160956384127,0.0504876413156742,1.8825980890526115,0.0,0.0,78.67996744671215,0.0,21.69056918863356,cal_final_2008-09-30
01137500,hbv_lite_cma,evaluation,0.293471,0.245078,0.688068,0.029222,4.304575,13,explicit_euler_dt1,hbv,success,,35.11,0.4813,-2.159997147769961,1.812249290915533,1.2841929031911998e-07,8.771204413576691e-10,999.9998678819536,3.4686039542716376,0.5669779290018098,0.0500044692530206,0.2956068552964258,12.741089546676474,8.390441653804134,0.0010000000015174,1.179655224276154,0.0,0.0,928.8562849711816,0.0,2991.571322019085,cal_final_2008-09-30
01139000,hbv_lite_cma,evaluation,0.588983,0.666959,0.237954,-0.073831,2.090779,13,explicit_euler_dt1,hbv,success,,36.86,0.6368,-1.4097439863254648,1.984534543065388,0.077310451027743,6.527344479334076e-08,234.5752597364028,2.742297795257626,0.426488577658747,0.8943547117009173,0.2359455688181392,52.16287518137138,6.379156581858304,0.0385531267472465,1.6620913704014937,0.0,0.0,185.8285833201793,0.0,37.89570897695704,cal_final_2008-09-30
01139800,hbv_lite_cma,evaluation,0.524686,0.682807,0.219957,-0.026911,2.145521,13,explicit_euler_dt1,hbv,success,,65.45,0.6297,-1.3201768543174917,1.789231271727857,0.0172080540528477,2.015897900707513e-07,468.4372567160538,5.977287102806379,0.494880954669759,0.776694667831141,0.2345500842510481,68.78275183087229,9.999987551083136,0.0470973359316438,1.1288584208675216,0.0,0.0,421.8864605050009,0.0,29.877271831676023,cal_final_2008-09-30
01142500,hbv_lite_cma,evaluation,0.328688,0.406555,0.443974,-0.089756,4.588976,13,explicit_euler_dt1,hbv,success,,60.53,0.608,-1.500638919870538,2.852497547510416,0.0643698244080419,0.0936342279978884,669.8343750441777,5.997929613464763,0.6041760371751064,0.1103272037608189,0.499999655923155,95.06404320476796,6.001839103827883,0.0010000002593235,9.012348850310698,0.0,0.0,611.1927779087513,0.0,1741.286861673809,cal_final_2008-09-30
01144000,hbv_lite_cma,evaluation,0.594503,0.561274,0.401973,0.035334,2.638947,13,explicit_euler_dt1,hbv,success,,36.6,0.6357,-1.7400001564623384,2.370372458400942,3.7791324899807248e-06,1.0106351771646538e-09,377.4865080650847,5.770387564517562,0.6543891079163233,0.4953195123680335,0.2308903896660728,30.656280287708537,8.65265051937792,0.0537420516189972,1.0028610689132478,0.0,0.0,341.8821944011282,0.0,28.19059501258829,cal_final_2008-09-30
01162500,hbv_lite_cma,evaluation,0.628444,0.662321,0.228031,-0.102414,4.558721,13,explicit_euler_dt1,hbv,success,,57.02,0.6714,-2.489999940788446,1.3961046996938125,0.0270548744964735,3.753070191924443e-12,346.27331528368137,5.785293288770802,0.4611405394255172,0.4161456988058267,0.1871363515224064,39.70410235987195,4.5530036090243335,0.0512218274178193,3.0531805440337605,0.0,0.0,332.4082213104932,0.0,45.0073576303626,cal_final_2008-09-30
01169000,hbv_lite_cma,evaluation,0.498543,0.649475,0.259468,-0.008607,2.631434,13,explicit_euler_dt1,hbv,success,,34.77,0.6595,-2.490032439548037,1.3506885035430145,0.018347605213938,1.2088295127998413e-08,283.13444884003246,5.912382047371209,0.2904408877524799,0.6502838208986189,0.2137266634707925,20.85049639163329,3.904611864430717,0.0574396618231416,1.9788557448382,0.0,0.0,274.7284771519763,2.732107753467579,37.1845027174067,cal_final_2008-09-30
01170100,hbv_lite_cma,evaluation,0.522944,0.628331,0.268447,-0.036516,3.131502,13,explicit_euler_dt1,hbv,success,,34.21,0.6322,-2.2600008453718576,1.3832076570830276,0.0004324241342664,1.4879800518115338e-10,336.30239705234504,5.453886838568578,0.4337285812853163,0.6070765889158413,0.2360739891080753,25.809979236787616,5.139436659508027,0.0553391444710779,1.2294257223952052,0.0,0.0,323.5178677016689,0.0,45.5722807286959,cal_final_2008-09-30
01181000,hbv_lite_cma,evaluation,0.551233,0.707106,0.199768,-0.024013,2.66144,13,explicit_euler_dt1,hbv,success,,33.6,0.6341,-1.7300015074421973,1.380279716645069,0.0456233320508388,0.0034499500580251,279.327983673012,4.49961949379819,0.3462712045124417,0.5825928547913163,0.2317063704767129,20.92355448597822,2.852366204913811,0.0704162671961777,1.2295995760425742,0.0,0.0,266.95970944295925,4.8321621253087335,23.83348779188565,cal_final_2008-09-30
01187300,hbv_lite_cma,evaluation,0.629621,0.634653,0.243591,-0.087206,7.539082,13,explicit_euler_dt1,hbv,success,,33.82,0.6568,-0.9699998526692242,1.77830024317255,0.0465619896602159,6.85806175248209e-09,698.3792976810977,5.999947624234255,0.4733344851350822,0.4224476519258469,0.2507884707530332,10.035673595734307,4.988422753604671,0.0707182175114892,1.5439608206431767,0.0,0.0,668.2524249086842,0.0,35.82398765978696,cal_final_2008-09-30
01195100,hbv_lite_cma,evaluation,0.521645,0.522572,0.394052,-0.036511,10.866496,13,explicit_euler_dt1,hbv,success,,30.79,0.6046,-0.3999999968544436,2.0609975783248986,0.0999645144321473,1.292456727539405e-09,922.0802494022872,5.999999999626434,0.2325509530057393,0.5404907200389766,0.4433180195941681,19.007740443164806,8.344830572342893,0.0620723894627046,1.0476973663856823,0.0,0.0,877.1786966158829,0.0,44.01019066258268,cal_final_2008-09-30
01333000,hbv_lite_cma,evaluation,0.599753,0.668908,0.22668,-0.088929,2.398937,13,explicit_euler_dt1,hbv,success,,37.21,0.6214,-2.2900042736074635,1.752754816106765,0.0378355040548119,0.0496761018697499,275.7045432949854,5.980963881550592,0.3795005486817626,0.1164865928942084,0.2090406932728264,20.32136610395301,6.1347484602608,0.0677121452608271,1.2306233667435842,0.0,0.0,260.4157234091351,0.0,32.42876939949082,cal_final_2008-09-30
01350000,hbv_lite_cma,evaluation,0.601399,0.572557,0.261685,-0.145796,5.360365,13,explicit_euler_dt1,hbv,success,,34.02,0.6416,-1.8000001427238277,2.534541407219326,0.015507452339657,2.9514041173501663e-09,383.2893853240237,5.999991363148165,0.6504929159421282,0.2337783509987731,0.2821775718712293,14.718569671298653,7.300019755470968,0.0541206806228604,1.4929620337147558,0.0,0.0,363.9014206561259,0.0,46.23255529778232,cal_final_2008-09-30
01350080,hbv_lite_cma,evaluation,0.384486,0.280545,0.361931,-0.334019,16.0172,13,explicit_euler_dt1,hbv,success,,66.14,0.5025,-0.6200002553317785,3.397685983062072,0.0569000103094585,0.0021042664659337,782.499506712564,5.999428035590883,0.5964983470341543,0.5854573574427155,0.1546741824909206,92.2965418586339,4.451521458550886,0.0010000000682001,1.1679071994773207,0.0,0.0,716.9650377028499,0.1247994740341262,1815.9608547468831,cal_final_2008-09-30
01350140,hbv_lite_cma,evaluation,0.360046,0.288152,0.436398,-0.240792,28.842966,13,explicit_euler_dt1,hbv,success,,60.03,0.4433,-0.3900056130699658,3.994043130069015,0.0480959625458653,0.0731908465430925,754.9186194412522,4.795544021905407,0.370536754503173,0.0500262961234646,0.2547115520466462,99.99982966591097,4.025298331577473,0.0010000000335347,1.895176317970853,0.0,0.0,667.7144600305696,0.3513618732850799,1522.5610113684636,cal_final_2008-09-30
01365000,hbv_lite_cma,evaluation,0.647894,0.723261,0.134313,-0.084762,1.41932,13,explicit_euler_dt1,hbv,success,,34.28,0.726,-1.8300002244116675,1.7756185540337444,0.0446635134411958,3.8748546194158265e-10,306.43759199659183,5.999954558251164,0.2239755145266818,0.8187207517106666,0.3232882020465797,55.46022913152628,8.548991677386567,0.0670562541884252,1.043634812703267,0.0,0.0,294.6287302573449,0.0,44.12591634111055,cal_final_2008-09-30
01411300,hbv_lite_cma,evaluation,0.547036,0.480656,0.346838,-0.117113,2.202378,13,explicit_euler_dt1,hbv,success,,86.49,0.1943,-1.289780916884469,1.1864556002989577,0.0734311261600543,0.0036537660646086,786.1668868510799,5.999992925535129,0.2967842271804298,0.8242779549635804,0.0661595631400988,77.70851502965651,3.234350088944863,0.0010000000321265,1.42487201600846,0.0,0.0,650.7323106465475,0.0,1472.043692560478,cal_final_2008-09-30
01413500,hbv_lite_cma,evaluation,0.448096,0.353534,0.329964,-0.264944,10.232715,13,explicit_euler_dt1,hbv,success,,75.58,0.5489,-1.0412021793598036,2.950209877588805,0.0998316439007897,0.0019916347556094,709.9605516021202,5.395624947968473,0.2066461516753382,0.4597909453309456,0.4999913811407479,10.122036808580848,7.761823049901567,0.0010000001350929,6.978748160224702,0.0,0.0,662.9777008014838,0.0,2204.547814972568,cal_final_2008-09-30
01414500,hbv_lite_cma,evaluation,0.528517,0.502858,0.219726,-0.194066,4.624327,13,explicit_euler_dt1,hbv,success,,36.96,0.498,-2.250010900505106,2.403901005286784,0.0237080425872351,0.0137588429635731,665.0231629945467,5.999668528299002,0.2988085334436425,0.6587319114968444,0.2613591804075326,60.72420670350432,8.71541782914517,0.0596351604666441,1.0231960227359074,0.0,0.0,632.80634990589,0.0,54.19143760088756,cal_final_2008-09-30
01415000,hbv_lite_cma,evaluation,0.633955,0.57662,0.282748,-0.113215,3.987621,13,explicit_euler_dt1,hbv,success,,36.91,0.5982,-2.1216502284679364,2.3393378196672288,0.0488731903923264,0.0373801762594531,299.1273989295905,4.908124207642688,0.271601851684386,0.391580838058981,0.2086894590678567,28.31755930581647,6.9217043541303145,0.0777532358519468,1.885285676414003,0.0,0.0,275.27188925385883,0.0,28.079600953483915,cal_final_2008-09-30
01423000,hbv_lite_cma,evaluation,0.676366,0.602862,0.237691,-0.125825,4.095919,13,explicit_euler_dt1,hbv,success,,38.43,0.7059,-1.1900009134443044,2.453527095804935,0.0922769021717834,0.0060305257328129,296.07453203664863,5.998492290485858,0.4250215789829217,0.592339364838341,0.166277260559281,41.40151421337531,3.3685297425125107,0.0479756237870677,1.5104594170657746,0.0,0.0,272.5094442917473,1.0434802934130858,30.36288654217228,cal_final_2008-09-30
01434025,hbv_lite_cma,evaluation,0.492245,0.536266,0.302011,-0.152846,6.270959,13,explicit_euler_dt1,hbv,success,,33.49,0.5886,-1.8881845690702448,2.2555574179128084,0.0312861844692447,0.1999959857803431,479.1521307285885,2.947980806953507,0.4764211098738862,0.8999999993584121,0.2344642020732896,57.05809747259559,6.876392468549943,0.001000000146717,1.0007965864403854,0.0,0.0,436.1699730720906,1.5393939291564596,2729.204255601748,cal_final_2008-09-30
01435000,hbv_lite_cma,evaluation,0.6638,0.716771,0.06516,-0.150819,1.115964,13,explicit_euler_dt1,hbv,success,,34.89,0.7079,-2.3399660643307056,1.7058646742487489,0.0772440586236295,0.0031416619055703,268.53333521960093,5.999853795262128,0.2093900941936664,0.6795239293391804,0.2094701214276711,22.2984713893603,5.977120570689363,0.0562221252785997,1.1106237548107891,0.0,0.0,259.0992022640064,1.6405427438093518,48.14062012202878,cal_final_2008-09-30
01439500,hbv_lite_cma,evaluation,0.706841,0.684704,0.13073,-0.143741,3.302337,13,explicit_euler_dt1,hbv,success,,46.49,0.7803,-2.050000562609475,1.3067763692239187,0.0190453245880848,4.839057196269321e-07,619.9069067924264,5.99998843569739,0.5972250865175077,0.8999999946397513,0.1541269746796876,33.610422122821944,4.147302913845293,0.0660595470599705,2.998407632263632,0.0,0.0,577.710708603221,14.350123208659875,28.33910670781818,cal_final_2008-09-30
01440000,hbv_lite_cma,evaluation,0.537759,0.612857,0.191562,-0.123786,2.819959,13,explicit_euler_dt1,hbv,success,,40.38,0.6529,-0.7600088414606707,3.9376388816152335,0.0144290335158736,1.9678129606843696e-10,873.7217550807427,5.999963808292586,0.265066831246758,0.5243032983272996,0.1568835273604266,22.75686184995885,5.911697389382583,0.0567928539048137,1.0008365056599309,0.0,0.0,794.0765890496438,0.0,37.41994206768953,cal_final_2008-09-30
01440400,hbv_lite_cma,evaluation,0.637042,0.712629,0.17689,-0.060774,2.297715,13,explicit_euler_dt1,hbv,success,,37.71,0.6786,-2.0100022969751974,1.2615151215423173,0.0995409881988252,1.510529138720048e-07,543.3574978902031,5.99960993738537,0.7606530283960304,0.8999999183890097,0.3191778407577287,17.903027255926435,6.99028225225574,0.0991355649462969,1.0005635411366258,0.0,0.0,509.3663821307516,4.641565791572087,30.617499470460785,cal_final_2008-09-30
01451800,hbv_lite_cma,evaluation,0.646936,0.675888,0.183565,-0.114155,1.745865,13,explicit_euler_dt1,hbv,success,,37.81,0.757,-2.49999999939654,2.408355746928522,0.038251501372433,2.66193399057223e-12,287.3072642036393,5.999999999714828,0.7458327139044152,0.899999999859115,0.2374933460989494,22.57382233575217,4.170225218493807,0.0759090849187138,1.059412068246201,0.0,0.0,269.4340198105328,3.4229969929234767,19.290368682507,cal_final_2008-09-30
01466500,hbv_lite_cma,evaluation,-3.626225,-0.251581,1.205174,0.45079,2.724273,13,explicit_euler_dt1,hbv,success,,78.58,-2.4113,-0.140805015040621,9.999986772782131,0.0734395937708052,0.0322907108466742,999.9999963324282,5.999999997164387,0.2093846219937442,0.8999999265844425,0.0161583974660658,78.94588146068854,3.34927850175554,0.0010000000002257,1.0455740582875686,0.0,0.0,893.7014724861164,13.8418719176714,1758.6451805670242,cal_final_2008-09-30
01484100,hbv_lite_cma,evaluation,-0.013342,-0.010753,0.826398,-0.073921,5.77796,13,explicit_euler_dt1,hbv,success,,41.96,-0.1539,0.1800011551754901,2.915986983813492,8.484937778094315e-10,0.0577140608868802,899.0395958574002,5.99999999369816,0.2491813439398695,0.4664524242351114,0.1983808031484636,86.60948016111402,9.99999994204734,0.0010000000000001,1.6567940968365005,0.0,0.0,734.7315005396503,0.0,1533.2729482095976,cal_final_2008-09-30
01487000,hbv_lite_cma,evaluation,0.413049,0.443273,0.53474,0.19571,1.491365,13,explicit_euler_dt1,hbv,success,,39.25,0.5754,-1.6799130960033666,2.178907760954946,0.0803873012311847,4.287016506987551e-07,675.6154249200432,5.999999972127863,0.2796129728581855,0.2389150746223391,0.1859884207406304,19.03118228529889,9.999999137998156,0.0266496352946007,1.0468671952597008,0.0,0.0,536.4824807426827,0.0,24.668409080445898,cal_final_2008-09-30
01491000,hbv_lite_cma,evaluation,0.698508,0.4248,0.546197,0.086534,4.493026,13,explicit_euler_dt1,hbv,success,,43.11,0.6161,-1.2199955545084582,1.5090384427102483,0.0647125092550476,0.0318752320909915,775.7566051678818,5.999990365625934,0.2937168860253364,0.4967820615286781,0.0903046052608258,19.46209678917668,2.4554590841391164,0.0336950977521996,1.5438228706294732,0.0,0.0,631.2574182521632,0.0,21.062359877186136,cal_final_2008-09-30
01510000,hbv_lite_cma,evaluation,0.669342,0.639902,0.243227,-0.138499,4.002238,13,explicit_euler_dt1,hbv,success,,37.04,0.7396,-2.490001240249518,1.6207840248678147,0.0008663144952005,0.0280933398946404,361.6215815541127,5.963476519338555,0.2615309892575434,0.8999962398076845,0.2918043879072484,19.40385729834172,5.048038255809361,0.0710126653648923,1.6900347073822983,0.0,0.0,320.9817338207992,0.0,15.310321584132842,cal_final_2008-09-30
01516500,hbv_lite_cma,evaluation,0.436975,0.20606,0.641984,-0.097996,27.730834,13,explicit_euler_dt1,hbv,success,,36.85,0.6263,-2.2999943363995694,1.1551296069528243,0.0832813556881528,1.6724112794740297e-08,424.38236042097134,5.999607325463045,0.2010793262716924,0.8420468353631398,0.1404756840567416,18.75932704219515,3.005555567171464,0.0010000001320686,1.4665566886951542,0.0,0.0,346.7616577534092,0.0,1283.7286134051683,cal_final_2008-09-30
01518862,hbv_lite_cma,evaluation,0.596616,0.517193,0.350834,-0.101179,8.625985,13,explicit_euler_dt1,hbv,success,,35.52,0.6346,-1.6500000267311885,2.100660639523138,0.0999999998745861,0.1020606492780013,348.3046736771626,5.999999401677492,0.576881642938087,0.7101800253751587,0.3000469357219968,14.97319068217369,4.599305311947094,0.0625955740786953,1.922725581698009,0.0,0.0,298.36343143438046,0.0,12.997102549645328,cal_final_2008-09-30
01532000,hbv_lite_cma,evaluation,0.492088,0.457866,0.232456,-0.129942,3.887259,13,explicit_euler_dt1,hbv,success,,35.82,0.6285,-2.183574123437218,1.6235024772984388,0.0007082615913208,3.663658507114074e-12,278.6195947361635,5.999999978769085,0.5099293058278782,0.4182223954376995,0.3257804697631765,16.12505485198304,4.466921116722635,0.0816947386952758,1.759944514755993,0.0,0.0,237.3493270329823,0.0,9.722800449698612,cal_final_2008-09-30
01539000,hbv_lite_cma,evaluation,0.666429,0.670759,0.181453,-0.116438,2.667117,13,explicit_euler_dt1,hbv,success,,39.92,0.6732,-2.499999999961238,1.2593422396670562,0.0375627723933004,6.957297356804614e-12,298.9547385134301,5.999999999830727,0.5551629887411247,0.5695104450817092,0.1269500078806282,27.38110435951778,1.2460150047417018,0.0350309114185286,1.3335958835767656,0.0,0.0,281.9287978736984,15.545779191292253,24.8084947220585,cal_final_2008-09-30
01542810,hbv_lite_cma,evaluation,0.601783,0.582938,0.284219,-0.114824,8.36383,13,explicit_euler_dt1,hbv,success,,39.75,0.6325,-0.4999997207964775,2.980751175243411,0.0237347661640653,1.3928945444896256e-10,324.72378010924496,5.999995426285066,0.3026915912281193,0.4456361875516021,0.1366043149716313,13.289473640676738,1.83979817256278,0.0563680451091599,1.2099539734583855,0.0,0.0,272.8746359936189,0.0,11.434553957360633,cal_final_2008-09-30
01543000,hbv_lite_cma,evaluation,0.623441,0.599067,0.275097,-0.109105,5.823042,13,explicit_euler_dt1,hbv,success,,43.18,0.7144,-2.470000010090552,1.6060146468873584,0.0697980670370764,1.3854389130528242e-09,347.38666878273006,5.999999791645811,0.2390022045312772,0.5836927480492655,0.1380419412248803,20.323016703491824,1.306390742785638,0.0636224934041964,2.8040490927301094,0.0,0.0,292.5475781420273,0.6662470739612284,9.290598737116854,cal_final_2008-09-30
01543500,hbv_lite_cma,evaluation,0.631396,0.583587,0.300061,-0.11496,7.981503,13,explicit_euler_dt1,hbv,success,,46.82,0.7162,-2.4500061756551665,1.6547207780017643,0.0842387941679096,6.66074163011345e-09,417.4347599528978,5.999970469072654,0.2720664829598685,0.5112065586258947,0.0959136277284401,26.54325375716812,0.9600940537804664,0.0010000000181693,2.82130445819791,0.0,0.0,352.97724666940707,2.055564251189957,804.9240436514108,cal_final_2008-09-30
01544500,hbv_lite_cma,evaluation,0.698663,0.660951,0.149561,-0.143458,3.030327,13,explicit_euler_dt1,hbv,success,,46.87,0.6836,-0.940011916706309,2.18416422581246,0.0802146801917527,1.2332146368158762e-07,338.43476293563515,5.998759785681988,0.4334871370625849,0.4340980483402272,0.1556018900897438,9.817073043078784,6.491462521304197,0.106007341564051,2.669571329141136,0.0,0.0,279.7788979425053,0.0,6.981260427024301,cal_final_2008-09-30
01545600,hbv_lite_cma,evaluation,0.672438,0.620722,0.142418,-0.174192,2.940143,13,explicit_euler_dt1,hbv,success,,48.27,0.6743,-2.3000528909444093,1.4992702005724698,0.0449398921632681,0.1727235599681856,394.1820274456858,5.981783305736927,0.2030571504518708,0.5395898584603915,0.1678808578515676,15.335499110043246,6.706752737372133,0.0921877902352039,2.0389596459182138,0.0,0.0,320.7449679107834,0.0,6.787262756055033,cal_final_2008-09-30
01547700,hbv_lite_cma,evaluation,0.658433,0.607033,0.304613,-0.090195,7.13929,13,explicit_euler_dt1,hbv,success,,35.82,0.653,-1.3499816063092636,1.6101209609539882,0.0336886859803129,2.547119112600172e-08,292.4451951805247,5.9974040560839335,0.5166356536849623,0.5731037121978589,0.1194482000552627,21.629581836133184,1.1047279182370529,0.0227870775063104,1.002166911479417,0.0,0.0,249.1322321059852,2.9319484620499754,24.07276816682624,cal_final_2008-09-30
01548500,hbv_lite_cma,evaluation,0.72224,0.70304,0.169647,-0.127979,3.154325,13,explicit_euler_dt1,hbv,success,,50.33,0.6978,-1.380000275839282,1.8747916498918915,0.0264975981255999,0.0119354504934943,362.7958091507052,5.999023488162596,0.6419698274320114,0.56504646861851,0.1602332323914404,21.86178494783437,3.012589929722611,0.0755001361517926,2.8300653061042262,0.0,0.0,307.0724942494911,0.0,10.85067879982302,cal_final_2008-09-30
01549500,hbv_lite_cma,evaluation,0.630662,0.551011,0.139277,-0.261015,10.719872,13,explicit_euler_dt1,hbv,success,,36.58,0.6639,-2.190011182756729,1.383452948521974,4.701642628121499e-06,1.3778867603180965e-06,462.6003525720275,5.9929201317216085,0.4487218342574555,0.5951206420981829,0.1389869315311774,26.533518003968403,1.5938552753692394,0.0010000047516762,1.987249559084797,0.0,0.0,405.2069465792586,5.435577167799519,1045.4255897186272,cal_final_2008-09-30
01550000,hbv_lite_cma,evaluation,0.619354,0.599832,0.11002,-0.20756,3.120309,13,explicit_euler_dt1,hbv,success,,36.6,0.6642,-1.7000040902194908,1.6862505103857677,0.0401617131172586,7.465059268725822e-07,371.5691799389389,5.994601160028943,0.2195913976823185,0.4484863736836966,0.1875300244847381,18.52772440827207,4.592427506373968,0.0765819121020005,1.61545959204379,0.0,0.0,325.3063582896371,0.0,14.927491301154856,cal_final_2008-09-30
01552000,hbv_lite_cma,evaluation,0.644484,0.652358,0.040613,-0.219046,1.775485,13,explicit_euler_dt1,hbv,success,,35.85,0.6715,-1.1599732915048144,2.087036190853107,0.0979123641426789,3.2438792486425614e-08,130.07210552110269,3.0657381160704,0.2050085632330252,0.3706851593917384,0.2066914272545603,14.294984415772133,4.736626468873578,0.0699733220919891,1.6712284368769137,0.0,0.0,114.90266347461788,0.0,23.028940256389884,cal_final_2008-09-30
01552500,hbv_lite_cma,evaluation,0.573558,0.63087,0.034159,-0.175619,2.583991,13,explicit_euler_dt1,hbv,success,,35.75,0.6627,-2.1700202826328887,1.420017083106604,0.0924715054900121,1.855230450890885e-06,279.81303563835246,5.984477222888989,0.249502519198608,0.6470265775834935,0.1888892710064371,17.142343132561955,1.9497187905227684,0.0583235168719313,1.9926864026277264,0.0,0.0,267.4918591553608,11.244360124951143,18.498601970972462,cal_final_2008-09-30
01557500,hbv_lite_cma,evaluation,0.630119,0.726259,0.163903,-0.106526,2.125023,13,explicit_euler_dt1,hbv,success,,35.28,0.7639,-1.7200000397209545,1.2348786064817192,0.0500203349206114,4.84113081275928e-12,270.5347898809111,5.999999320711762,0.2276904175299636,0.3995737801896462,0.2215847094036442,13.473500037337466,3.6313918522105166,0.0820163971784074,1.3519157959952934,0.0,0.0,245.3652613035724,0.0,14.392107685729975,cal_final_2008-09-30
01567500,hbv_lite_cma,evaluation,0.343632,0.414374,0.426488,-0.06323,4.017693,13,explicit_euler_dt1,hbv,success,,35.71,0.5854,-1.6728046624543236,2.834136365540997,0.0830646792681015,0.0179089156268988,367.693092204539,5.999994909222136,0.2941949004016397,0.7047855370089358,0.1237863659365878,27.42049987269511,2.224232327388912,0.0010000007985452,1.1490536823945867,0.0,0.0,344.9469414793897,15.887607060867278,1197.1072218810248,cal_final_2008-09-30
01568000,hbv_lite_cma,evaluation,0.505026,0.585508,0.293818,-0.061173,2.242114,13,explicit_euler_dt1,hbv,success,,35.85,0.6442,-1.4899988940107085,2.080178852425801,0.0624181427168855,0.0003001868807946,361.15874150567583,5.999999515979984,0.4416443186575968,0.5219114348147977,0.1657044592319588,20.34913088690472,2.607504295658222,0.0384966573716754,1.8196856336428768,0.0,0.0,342.6628461899795,12.47720152312293,25.913070770288908,cal_final_2008-09-30
01580000,hbv_lite_cma,evaluation,0.28838,0.312521,0.446009,-0.12791,2.73353,13,explicit_euler_dt1,hbv,success,,36.47,0.3715,-1.2800010559418191,3.018470624597529,0.0090263349289987,0.1999999123289616,581.7875021200803,3.7224376565885855,0.5854076987800216,0.5374345528658065,0.4068116210235468,98.56097187010356,9.999998039959245,0.0010000000030865,1.1216933192944842,0.0,0.0,509.7777478795372,0.0,1806.5279183040927,cal_final_2008-09-30
01583500,hbv_lite_cma,evaluation,0.135123,0.257855,0.585636,-0.029522,3.159681,13,explicit_euler_dt1,hbv,success,,38.34,0.2326,-1.7596386550164378,1.1557473456258125,0.0999998792088641,0.199999855002713,728.3180175134875,5.9999221300653165,0.305162792779499,0.3191484105634599,0.4999999951351798,50.50956777043854,9.99999999807762,0.0010000000007269,1.0763566777210032,0.0,0.0,676.7492702032037,0.0,1651.496786720886,cal_final_2008-09-30
01586610,hbv_lite_cma,evaluation,0.243368,0.397076,0.482121,-0.110134,3.953754,13,explicit_euler_dt1,hbv,success,,35.26,0.445,-1.040009014319079,1.7661219057371746,0.0292807372615271,0.1999999005206396,403.9462523246917,5.999820035733003,0.2953272938382093,0.8999970851949016,0.4999988833811027,5.664062087648679,9.999946458117485,0.0010000004481297,1.6894993897243071,0.0,0.0,379.3459523371047,0.0,1534.6789621722842,cal_final_2008-09-30
01591400,hbv_lite_cma,evaluation,0.303708,0.239435,0.6579,0.100904,4.133509,13,explicit_euler_dt1,hbv,success,,35.25,0.4208,1.135417898578821,4.444323027005765,0.0996850892304137,0.0790299542631786,999.9825047806324,5.006814376048451,0.3021494917362662,0.5664210220151139,0.4670034921739368,3.7512699256558624,7.904453526763043,0.0062286353272474,1.7724599102888223,0.0,0.0,872.2175533343926,0.0,242.9956896587516,cal_final_2008-09-30
01594950,hbv_lite_cma,evaluation,0.555379,0.556074,0.384854,-0.010861,18.233197,13,explicit_euler_dt1,hbv,success,,35.64,0.5936,-1.2799999800841932,1.8757364464225093,0.0989607417097103,1.0954906837309212e-08,315.82641071330863,5.9995210525558536,0.2000092264540156,0.8999990991242732,0.4999999685459535,24.60172036356741,7.34420925172862,0.121425267831484,1.9442114694633432,0.0,0.0,266.9638673574953,0.0,4.741087816498889,cal_final_2008-09-30
01596500,hbv_lite_cma,evaluation,0.587332,0.65332,0.224948,-0.113395,5.514447,13,explicit_euler_dt1,hbv,success,,35.67,0.6926,-1.839999956099074,2.023776036728095,0.0521836997822747,6.21967756041466e-11,361.573516001145,5.99999990952486,0.5896034420715361,0.3815637237762044,0.1579298057961792,12.3757546072378,1.999862574073064,0.0884760615867675,1.022093306353664,0.0,0.0,325.64970631919255,1.608622417888118,11.846807304106962,cal_final_2008-09-30
01605500,hbv_lite_cma,evaluation,0.414394,0.236807,0.713148,0.047796,5.655074,13,explicit_euler_dt1,hbv,success,,31.85,0.5451,-2.4999999929166288,1.9256721475130367,0.005692948600706,0.0253777245654291,349.99207571018667,5.999999984000128,0.2920210613575861,0.7817665924815979,0.1198894024431007,19.68645566531796,2.236684022204834,0.0010000000012622,1.4347481244374,0.0,0.0,282.4755233201701,0.0,1191.7151234691446,cal_final_2008-09-30
01606500,hbv_lite_cma,evaluation,0.572572,0.505419,0.412991,-0.041386,2.514104,13,explicit_euler_dt1,hbv,success,,38.34,0.4859,-2.4999999991642814,1.78191709260148,0.0183104600599772,1.716253774119626e-10,335.23062499672864,5.999999764348953,0.4225153012201879,0.7341235361436959,0.1632138721646612,12.4800244396478,2.651805869519886,0.0549858814910277,2.4364735881041755,0.0,0.0,272.6855969650108,0.0,9.415888474201273,cal_final_2008-09-30
01632000,hbv_lite_cma,evaluation,0.580966,0.231208,0.724538,-0.060815,47.132511,13,explicit_euler_dt1,hbv,success,,35.94,0.4533,-1.749978470724198,1.8133054173171708,0.0610206831332833,0.05076989540323,374.02343402295855,5.999978276205294,0.2482722269783235,0.8999999796572667,0.4326763355833553,9.84746292747528,3.854836109360537,0.0010000000740074,1.210810405621659,0.0,0.0,315.87628746811987,0.0,1148.0856944178356,cal_final_2008-09-30
01632900,hbv_lite_cma,evaluation,-0.100389,-0.002607,0.909214,0.159843,6.681068,13,explicit_euler_dt1,hbv,success,,36.07,0.4802,-1.3596113133535002,1.122300999101984,0.0297806589529141,0.1999998619723028,295.2980510657188,5.999999994428235,0.283711242797577,0.8999999998917051,0.1588809972703438,27.563757836792806,3.450689457909184,0.0010000000120561,1.1327826199259594,0.0,0.0,247.9321246067188,0.0,1165.486171118564,cal_final_2008-09-30
01634500,hbv_lite_cma,evaluation,0.561002,0.473603,0.370892,-0.051369,2.355801,13,explicit_euler_dt1,hbv,success,,35.5,0.4598,-1.0899997228411429,3.83758439304929,0.0535042573643236,1.9730855790790938e-07,456.1170114422612,5.999858950315536,0.3617982042591858,0.4708763484663665,0.2850214987504247,12.787200397476033,4.528732375579119,0.0695636463778028,1.142021660064765,0.0,0.0,398.39767726927136,0.0,18.037693038885248,cal_final_2008-09-30
01638480,hbv_lite_cma,evaluation,0.396218,0.21726,0.599946,-0.264773,29.392327,13,explicit_euler_dt1,hbv,success,,35.47,0.4647,-0.3100001091608191,4.80053248337239,0.0980982560810497,4.663842269165096e-09,547.1036448507925,5.999999992743683,0.3075706798110286,0.8999999988925523,0.499999979834869,1.1110466036307208e-08,8.732721762446294,0.0010000000223139,1.10112093889446,0.0,0.0,514.4725748312435,0.0,1344.839343957453,cal_final_2008-09-30
01639500,hbv_lite_cma,evaluation,0.445577,0.411867,0.517722,-0.102043,5.274771,13,explicit_euler_dt1,hbv,success,,35.74,0.5105,-1.2895269454115117,2.1865424394779924,0.0999682436531133,0.1999995891142636,437.6547619734938,5.999999999699652,0.2364979176386057,0.8999999870779481,0.4365150250614422,1.6178097303579812e-06,9.299817875886,0.0010000000131183,1.0026266600713742,0.0,0.0,409.4402275070706,0.0,1469.447131953288,cal_final_2008-09-30
01644000,hbv_lite_cma,evaluation,0.535736,0.356726,0.602368,0.040258,8.04293,13,explicit_euler_dt1,hbv,success,,35.52,0.4684,0.0200254145249467,4.406418098532379,0.0324365705804051,0.0187516069020073,492.5896849700609,5.999997141230184,0.476663366944881,0.8999933532028522,0.4087739157094728,16.371810914477713,7.12351932093262,0.0452631032714961,1.3421123305523524,0.0,0.0,447.3054866568264,0.0,35.34095391515422,cal_final_2008-09-30
01664000,hbv_lite_cma,evaluation,0.496499,0.380628,0.572413,0.058785,11.042838,13,explicit_euler_dt1,hbv,success,,47.32,0.5584,-1.5399950961239257,0.8225972049985681,0.033889213553604,1.1968081726016108e-07,654.5965947361805,5.999999444750042,0.2977447360967488,0.4757986730448602,0.1175160785869563,21.01529149377038,2.424103556069438,0.001000000045613,2.399956903314912,0.0,0.0,569.3221250049052,1.2859487135893994,1113.6970816882772,cal_final_2008-09-30
01666500,hbv_lite_cma,evaluation,0.637978,0.561578,0.391762,0.008958,4.226948,13,explicit_euler_dt1,hbv,success,,35.57,0.5515,-0.6344353924043122,0.8348228189780249,0.0461331347671327,1.408468018995467e-05,140.95558673159712,2.4311695500971404,0.2006314945144033,0.6060957458860389,0.1340764256548734,23.29984227905273,2.753486130713378,0.0010000039639017,1.8721764818120048,0.0,0.0,107.71117784129746,0.0,1062.975948212148,cal_final_2008-09-30
01667500,hbv_lite_cma,evaluation,0.602907,0.456736,0.463675,0.043789,5.370212,13,explicit_euler_dt1,hbv,success,,37.24,0.598,-2.4999930265642143,0.5385739035274988,0.0001803837350541,0.0581826781360631,565.0268213172462,5.999999438019434,0.2521375940136737,0.4739243248612686,0.112329653302136,22.035498511269104,2.017307646542428,0.0010000000039498,1.9762882319144155,0.0,0.0,496.2834011394572,0.8950079989623069,1007.7057564442648,cal_final_2008-09-30
01669000,hbv_lite_cma,evaluation,0.365366,0.32434,0.553484,-0.13278,8.299893,13,explicit_euler_dt1,hbv,success,,36.41,0.4698,-1.6387901146395498,0.5000002596490204,0.0065420236323381,1.1813157140718364e-08,999.951674618547,4.493448847404256,0.2936804352740794,0.8318646827478541,0.1231003515117955,30.921609817257345,4.411706154097858,0.0010000000011735,1.881879772371073,0.0,0.0,821.8320759741312,0.0,1305.3003709424777,cal_final_2008-09-30
01669520,hbv_lite_cma,evaluation,0.56454,0.423885,0.426126,-0.051866,14.226621,13,explicit_euler_dt1,hbv,success,,90.62,0.6251,-0.97509826915561,1.5026071193938653,0.0426876589549679,0.1999999998961502,956.7342543149746,3.8391233404098686,0.260026877923675,0.3584949008857389,0.0637068675172457,23.32269004410411,1.3146088775403246,0.0010000000371164,4.101264343297357,0.0,0.0,749.793826308346,13.563549153331602,931.6996615495576,cal_final_2008-09-30
02011400,hbv_lite_cma,evaluation,0.421465,0.197309,0.72746,0.009403,7.53091,13,explicit_euler_dt1,hbv,success,,48.66,0.5367,-2.189980809964897,1.443878266072235,0.0017199071374626,5.5613075085168624e-08,451.5567094769665,5.9999973152513775,0.280950056026046,0.4281542596058599,0.1085348265155807,20.861033923450336,2.6452725261696965,0.0010000000343025,1.5119300111545535,0.0,0.0,377.9624128246066,0.0,1314.8548896947548,cal_final_2008-09-30
02013000,hbv_lite_cma,evaluation,0.592868,0.39769,0.508277,-0.123636,9.146329,13,explicit_euler_dt1,hbv,success,,35.51,0.6824,-1.3400311744546147,2.663970701712484,0.0958922956850249,4.931381817581671e-08,489.0126421837525,5.999912573857761,0.2978616796917782,0.8999997519153583,0.1324153631658553,16.159912125351273,2.264078478701917,0.0010000000140227,1.8509809010622973,0.0,0.0,387.71917787959103,0.0,1092.7208334058598,cal_final_2008-09-30
02014000,hbv_lite_cma,evaluation,0.55476,0.530995,0.375093,-0.104846,5.116978,13,explicit_euler_dt1,hbv,success,,35.79,0.7463,-1.499999896906809,1.878254716573996,0.0972221426522382,2.047755352906852e-08,346.9180292000787,5.999999938195471,0.2437338916521727,0.8558180786217056,0.1477875015489897,19.35142480976244,2.14830774024238,0.0010000000010402,1.718408364613785,0.0,0.0,262.9869376432263,0.0,995.9140702996724,cal_final_2008-09-30
02015700,hbv_lite_cma,evaluation,0.561254,0.612031,0.268226,-0.036495,0.547254,13,explicit_euler_dt1,hbv,success,,35.63,0.6184,-2.0599425113458665,1.5446449833852272,0.0095027256542121,0.1845765562267869,254.99290795835893,5.979553471598674,0.6324106294397767,0.7921221508222311,0.2204569546289959,19.841633365469697,3.2390022291721685,0.0308007901596045,1.2881922471322065,0.0,0.0,206.46273899753643,0.0,16.044246449989437,cal_final_2008-09-30
02016000,hbv_lite_cma,evaluation,0.574965,0.464188,0.454032,-0.01702,4.77361,13,explicit_euler_dt1,hbv,success,,45.19,0.6894,-2.230648506541076,0.8813421550629793,0.0723229096082166,0.0962553536147905,397.7558791090032,5.99993499365469,0.2587740379660639,0.6531169971787457,0.1402624084810055,16.28280398069003,1.816081947132929,0.001000000046689,2.8639256229214407,0.0,0.0,332.92543248069387,0.0,1021.4670240913182,cal_final_2008-09-30
02017500,hbv_lite_cma,evaluation,0.652527,0.677362,0.156614,-0.183305,5.06564,13,explicit_euler_dt1,hbv,success,,33.99,0.7604,-1.7299995776379755,1.551802574690366,0.0604561253369963,5.017802202087064e-08,371.6533161126892,5.999999783249815,0.2974217279848793,0.7914407039257395,0.1545601734296499,22.692948409161147,1.1327139842031633,0.0010000000395733,1.0250416101673083,0.0,0.0,279.9119265862683,0.0,680.0840214119015,cal_final_2008-09-30
02018000,hbv_lite_cma,evaluation,0.657003,0.647412,0.229956,-0.084453,1.674579,13,explicit_euler_dt1,hbv,success,,43.51,0.708,-1.3300083493850874,1.4880790521001623,0.0987856532926897,0.046949533308893,316.70490079538376,5.999556848270999,0.2587267942527875,0.6570189179011082,0.1574194174729614,15.252890865521806,1.8771267885021168,0.032771331993736,2.398559108552991,0.0,0.0,243.51965804640008,0.0,11.361192350437188,cal_final_2008-09-30
02027000,hbv_lite_cma,evaluation,0.470576,0.725855,0.091446,-0.075897,0.755225,13,explicit_euler_dt1,hbv,success,,33.53,0.5936,-1.999999594392695,0.5659418162704649,0.0125692667034555,6.154974598243092e-08,258.16339705274686,5.99999263918025,0.4733963261415033,0.846609068831041,0.2183102744663613,24.62169429900652,3.105070261479791,0.0487393905337089,1.6054165437815744,0.0,0.0,216.2208997304092,0.0,12.446982860958816,cal_final_2008-09-30
02027500,hbv_lite_cma,evaluation,0.52252,0.600634,-0.081733,-0.232183,0.762285,13,explicit_euler_dt1,hbv,success,,33.63,0.6135,-1.8699012750923256,0.5596694710895489,0.0531952887790289,4.57678963276006e-07,280.9103400230157,5.99962953524278,0.5740992895235184,0.8999999134863613,0.1721577218278382,25.95315952818796,3.2240070219477897,0.0727411050343253,1.012361641509409,0.0,0.0,232.5932751370839,0.0,8.193051858086136,cal_final_2008-09-30
02028500,hbv_lite_cma,evaluation,0.503824,0.524525,0.333055,-0.120954,7.737995,13,explicit_euler_dt1,hbv,success,,32.89,0.6102,-0.9099972061654972,0.8637348379490559,0.0912568487289001,2.458171531320515e-07,440.7620895194247,5.999998564809284,0.2038406619456821,0.8999999960802676,0.1905986605377979,43.63932748632493,3.11416595217926,0.0010000000001141,1.754527027584416,0.0,0.0,395.23448792775247,0.0,1215.0738579080455,cal_final_2008-09-30
02038850,hbv_lite_cma,evaluation,0.430532,0.215515,0.639243,0.012661,4.444949,13,explicit_euler_dt1,hbv,success,,33.25,0.5217,0.4300042029502355,4.392456833038185,0.0888858528574411,0.031425170582586,679.3717342306327,5.999984149959412,0.2934315106960907,0.8999992059006732,0.2101737869154542,21.841002965739563,5.188387339887914,0.0010000000363415,1.537368599602686,0.0,0.0,586.9400687358808,0.0,1169.5822654541892,cal_final_2008-09-30
02046000,hbv_lite_cma,evaluation,0.242142,-0.109021,1.070766,0.06924,41.117587,13,explicit_euler_dt1,hbv,success,,38.93,0.6313,0.4000007664464307,2.31617123938824,0.0096692021584171,1.6185810990472963e-08,354.3215923338287,5.999999730532818,0.2531909861517008,0.6109675430535519,0.2384158911968106,20.35530190166199,4.181583953807789,0.0010000000004253,2.928074642371307,0.0,0.0,330.09221771313617,0.0,1183.0436276840412,cal_final_2008-09-30
02051500,hbv_lite_cma,evaluation,0.488821,0.006133,0.946236,0.039166,12.962724,13,explicit_euler_dt1,hbv,success,,52.57,0.5497,-2.110259768494928,5.747302614406125,0.0065373113616932,0.162640888951663,658.8210053390833,5.999964890126249,0.2832743751771018,0.425320510580787,0.0877031388855381,8.51516843019212,3.1871331360854063,0.0010000000062043,3.6053303061333977,0.0,0.0,583.4075272930972,0.0,1115.812356984878,cal_final_2008-09-30
02053200,hbv_lite_cma,evaluation,0.604027,0.042527,0.923751,0.00981,68.502766,13,explicit_euler_dt1,hbv,success,,94.48,0.5074,1.9600230335855315,4.433305401874373,0.0362055698087073,0.0007293435524719,342.26428308280833,5.999940438646424,0.2513789624691417,0.193802628018851,0.0973690348936556,17.878107056923714,2.352613648178105,0.0010000000063328,7.487542042669931,0.0,0.0,296.2648009043865,0.0,1109.3803651466694,cal_final_2008-09-30
02053800,hbv_lite_cma,evaluation,0.432039,0.244935,0.678453,0.013665,4.710505,13,explicit_euler_dt1,hbv,success,,33.53,0.4948,-1.2300717142350392,1.4005884698168274,0.0959058755718182,0.1999941824773628,670.2764651903309,5.9999972405241255,0.2088255956714499,0.8999878255968946,0.1656785140346578,37.31014984285829,4.196834552736909,0.0010000003667967,1.791157194691153,0.0,0.0,567.8483489995634,0.0,1282.7044579743338,cal_final_2008-09-30
02055100,hbv_lite_cma,evaluation,0.49205,0.453336,0.503531,0.128552,1.321567,13,explicit_euler_dt1,hbv,success,,33.06,0.6531,-0.7500074339399521,1.771717969913335,0.0085808841402986,0.199997783333109,224.37011911909244,5.999999902135646,0.2476467005816182,0.8999999959207153,0.4483436146739097,13.766235057900111,9.99999999024441,0.0250823460364337,1.0241486154252355,0.0,0.0,189.32373601586755,0.0,24.29206902754009,cal_final_2008-09-30
02056900,hbv_lite_cma,evaluation,0.432755,0.270102,0.679236,0.070956,4.102892,13,explicit_euler_dt1,hbv,success,,35.77,0.4988,-0.1999998911353357,3.704955221035728,0.0760748907234425,7.734927045595943e-09,883.797724280285,5.999999999677071,0.2087394891647656,0.8999999999986188,0.1168022053161292,33.86628812149184,3.6906289944541815,0.0010000000002546,1.49632819495225,0.0,0.0,767.2535370874047,0.0,1300.6804029644968,cal_final_2008-09-30
02059500,hbv_lite_cma,evaluation,0.533137,0.392951,0.564369,0.015682,3.551943,13,explicit_euler_dt1,hbv,success,,33.42,0.5469,-0.868550664469391,1.7813452525915596,7.331657494411096e-05,0.0177838187737527,487.0250676842738,5.999995742282145,0.2901371096237391,0.8999997273926642,0.1231492480697986,19.63618504050493,3.256227287296082,0.001000003748906,1.1552305547423634,0.0,0.0,386.5105679407701,0.0,957.2733357499976,cal_final_2008-09-30
02064000,hbv_lite_cma,evaluation,0.565454,0.32604,0.515971,-0.021076,3.753568,13,explicit_euler_dt1,hbv,success,,33.24,0.5842,-0.7499508858440547,2.4058487604134644,0.0086805773981253,0.199996214725677,581.731234351786,5.999993134780436,0.2890051855062082,0.8767726235628952,0.134765098322284,23.502998031839176,3.5158998841814664,0.0010000000868356,1.1008145376380976,0.0,0.0,486.305811867853,0.0,1066.0767578237617,cal_final_2008-09-30
02065500,hbv_lite_cma,evaluation,0.410923,0.222002,0.572692,-0.069527,3.689579,13,explicit_euler_dt1,hbv,success,,45.01,0.3708,0.6607588147340051,5.747583256095134,0.0044113472983601,0.114893982610156,815.5523303408412,5.999951363877716,0.2046500627498502,0.4485160018258486,0.144342525118718,22.37260292939096,4.217841658898806,0.0010000045729884,2.063598380044424,0.0,0.0,689.7334851597265,0.0,1204.3826699529914,cal_final_2008-09-30
02069700,hbv_lite_cma,evaluation,0.407172,0.510313,0.381146,-0.044375,1.940812,13,explicit_euler_dt1,hbv,success,,34.85,0.4731,0.2091809361895222,4.30024345714145,0.0573609295088353,0.1251795099763545,666.6805100577451,5.999777550587462,0.2955637856781707,0.8999998648077517,0.0878701715095453,47.260088851633625,3.60115929029384,0.0010000000268578,1.4660930687898086,0.0,0.0,590.4061483671577,0.0,1461.8055594403338,cal_final_2008-09-30
02070000,hbv_lite_cma,evaluation,0.280469,0.405521,0.513637,0.118333,1.866583,13,explicit_euler_dt1,hbv,success,,33.43,0.4884,-0.4499698734315291,9.977935970943827,0.0221635214644362,3.959575166678584e-06,435.0856869852679,3.1768540026832253,0.5698267187554871,0.8999992761630922,0.1797243000276148,33.3867806329126,4.069942733610523,0.0010000000084001,1.0113465864791096,0.0,0.0,342.39190325497697,0.0,1264.1271870531857,cal_final_2008-09-30
02074500,hbv_lite_cma,evaluation,0.531125,0.253264,0.706451,0.127593,3.035387,13,explicit_euler_dt1,hbv,success,,33.09,0.4717,-0.5799998836915268,2.624481941996589,0.0197405001827316,4.188015180674447e-07,531.324932416494,5.999998122477839,0.276249102602058,0.8999999307888328,0.2176832549108063,13.487577325305908,5.02181926709272,0.0010000000015828,1.6405186949624246,0.0,0.0,482.4942593624272,0.0,1225.008355848417,cal_final_2008-09-30
02077200,hbv_lite_cma,evaluation,0.285872,-0.040484,0.840054,0.030161,66.094233,13,explicit_euler_dt1,hbv,success,,33.12,0.5385,-2.080083813342384,5.1275705893630406,0.0397769401328377,0.1017597173285899,487.81971100827786,5.99999861249006,0.7366105966745464,0.5887609576207999,0.0745210601283708,14.53487309135881,2.055684280178677,0.0010000000752656,1.2290891675660496,0.0,0.0,458.7611821705752,9.97636377347742,986.1462778722924,cal_final_2008-09-30
02081500,hbv_lite_cma,evaluation,0.568821,-0.004108,0.934619,0.012623,72.865174,13,explicit_euler_dt1,hbv,success,,39.31,0.5608,-0.3899961258387803,2.799099878860152,0.0256039624380873,6.920249705940679e-07,549.4648390767348,5.99999977471162,0.2567670920777725,0.6124924462679838,0.0549720699866949,13.060191152345867,1.9686314258268056,0.0010000000014445,2.124412085595944,0.0,0.0,519.170742172304,11.070079926351651,997.32425355367,cal_final_2008-09-30
02082950,hbv_lite_cma,evaluation,0.588803,-0.015786,0.93337,0.018059,19.041848,13,explicit_euler_dt1,hbv,success,,53.27,0.3367,-2.3499384058074377,9.99990161685989,0.063628786730931,0.0236058105050016,619.9068901792416,5.9999999949464105,0.2528060644747462,0.302525468535631,0.224582031166586,28.513805302812628,3.762367446463837,0.0010000000000798,3.857020429654305,0.0,0.0,553.6398594308843,0.0,1115.498112470799,cal_final_2008-09-30
02092500,hbv_lite_cma,evaluation,0.565053,-0.037811,1.03042,0.220978,35.701985,13,explicit_euler_dt1,hbv,success,,69.13,0.6866,2.167150129966372,9.999870753664284,0.0052174106013782,0.1999877722834234,406.1679465003842,5.999953353914473,0.2766583119434672,0.3393347250373036,0.0737758474445269,27.789780363617428,2.1426599877750223,0.0010000000037008,5.810628983170522,0.0,0.0,384.9466249183091,23.5934845680476,1240.6487325008268,cal_final_2008-09-30
02096846,hbv_lite_cma,evaluation,0.400426,-0.166747,1.106541,0.018611,119.272202,13,explicit_euler_dt1,hbv,success,,33.2,0.4513,-1.8600829517485669,9.765649823822208,0.0965803130635227,0.0685408983138705,650.6329572272308,5.999999994661952,0.2578616608030324,0.8999999985791994,0.1483084620838436,13.917732513523982,3.8635800449289497,0.0010000000044104,1.771281544120037,0.0,0.0,611.4122134463082,0.283767727170261,1215.7031829217792,cal_final_2008-09-30
02102908,hbv_lite_cma,evaluation,0.4153,0.60861,0.137159,-0.13918,0.99351,13,explicit_euler_dt1,hbv,success,,33.67,0.5125,0.4013730074167339,6.626926650642453,0.0088625609392816,0.0004133199038297,346.42240851015674,1.000000919246433,0.3500831147862004,0.8999994232401385,0.1604945806685281,35.84171915488278,4.794244687657362,0.0010000000074774,1.0063560304036772,0.0,0.0,215.5784643805208,0.0,1346.1623522216148,cal_final_2008-09-30
02108000,hbv_lite_cma,evaluation,0.647098,0.201814,0.793821,0.123011,17.572762,13,explicit_euler_dt1,hbv,success,,98.12,0.5536,0.1897412286936162,6.391806545114006,0.0920945787822251,0.0042473849667366,522.7827721293771,5.999999999781174,0.2770996320620419,0.3887410364270655,0.2269383392603617,49.330001314269175,3.8612878533202073,0.0010000000005309,9.873675714265536,0.0,0.0,499.9216036666255,4.474834112741567,1389.003547909178,cal_final_2008-09-30
02111180,hbv_lite_cma,evaluation,0.577071,0.487417,0.306415,-0.05818,1.457866,13,explicit_euler_dt1,hbv,success,,33.06,0.5405,-0.0499984634566117,7.003089900152381,0.0418912565118604,1.3374780781102838e-07,999.9999838424468,5.99999981847013,0.297603813189786,0.8979876626773416,0.1488462208839864,43.49141850020965,4.397292766359644,0.0161234347832547,1.875771747547422,0.0,0.0,937.1108509449832,0.5670061917693573,119.56127089243692,cal_final_2008-09-30
02111500,hbv_lite_cma,evaluation,0.310788,0.471452,0.454909,0.150915,1.627851,13,explicit_euler_dt1,hbv,success,,34.13,0.5082,-2.474764879476616,0.5463203999306464,0.00454678269966,0.1998432577233945,923.3579675280135,5.999757478947979,0.5135680003973173,0.7903736166588825,0.0918088273061076,30.34510902275144,3.438600098571815,0.0010000000885599,1.9461698944838253,0.0,0.0,838.6871964706403,3.788987408697757,1352.8770940851252,cal_final_2008-09-30
02112120,hbv_lite_cma,evaluation,0.374482,0.400913,0.504341,0.024477,2.1632,13,explicit_euler_dt1,hbv,success,,39.16,0.2328,-2.24992800710448,3.6430473654697546,0.0083705221113309,8.139660168187037e-05,999.9999772339776,5.999999120590552,0.2111009392935776,0.5287671322787865,0.0998008353606973,38.54063254000278,5.014201186911942,0.0010000000000866,1.3882172050804908,0.0,0.0,921.6289309098406,4.298669575287825,1630.9717783393671,cal_final_2008-09-30
02112360,hbv_lite_cma,evaluation,0.240542,0.518668,0.38067,0.026132,1.49849,13,explicit_euler_dt1,hbv,success,,33.81,0.3962,-0.3801586305857447,6.260145603328618,0.0142476063962319,0.1998768048815318,855.9445702941084,4.832006092766369,0.7478057718885978,0.6522489541487453,0.103168592220049,35.26578887143986,4.7337651667163065,0.0010000000548872,1.012965414196699,0.0,0.0,754.5034117199596,2.896348755427779,1556.9315410637323,cal_final_2008-09-30
02118500,hbv_lite_cma,evaluation,0.479929,0.437373,0.463812,-0.057525,2.976811,13,explicit_euler_dt1,hbv,success,,33.31,0.4886,-0.249974050207081,2.727924243594804,0.0020642233561713,3.990181807006199e-05,849.3247952778044,5.99999565494946,0.2594923111500177,0.5233815981626273,0.1230435171523435,15.113273415387932,3.729337102337664,0.0010000000000044,1.2504235782214612,0.0,0.0,759.086331751427,0.0,1216.111282243667,cal_final_2008-09-30
02125000,hbv_lite_cma,evaluation,0.459545,0.277901,0.609914,-0.057315,133.137032,13,explicit_euler_dt1,hbv,success,,32.57,0.5816,-0.3710842364509039,4.392774611757298,0.0940166198719134,0.1902020120833224,351.2174278049558,5.999697398464559,0.2142204963831881,0.8999999103628831,0.0741256385842337,14.898403430178142,1.666115598501857,0.0010000014026494,1.4479930198012223,0.0,0.0,330.1613054558282,10.910176073395776,858.5620145111109,cal_final_2008-09-30
02128000,hbv_lite_cma,evaluation,0.478936,0.230423,0.597378,-0.038952,12.223546,13,explicit_euler_dt1,hbv,success,,33.23,0.5964,-2.259997292173424,3.792975998944704,0.0804644605457122,0.199480238603933,523.5237344396472,5.999999803929612,0.7791341498043731,0.8999999999257874,0.1780323053620234,14.924211422043236,2.562876176277413,0.0010000000000072,1.009776794939597,0.0,0.0,482.8987518221918,3.372399530107585,970.804637567678,cal_final_2008-09-30
02137727,hbv_lite_cma,evaluation,0.663392,0.702408,0.240132,0.022601,0.706418,13,explicit_euler_dt1,hbv,success,,32.83,0.7121,-1.0599876926819602,9.999907920356838,0.0364141691479378,0.1971207348471629,632.0397957356797,5.9999978861692105,0.2341075518466566,0.8999999827459355,0.4417799087951422,39.50817906332595,8.814159939073686,0.022424917264596,1.0328576270583292,0.0,0.0,572.5689754631787,0.0,64.94643644143098,cal_final_2008-09-30
02140991,hbv_lite_cma,evaluation,0.669153,0.616519,0.267306,0.053514,1.620438,13,explicit_euler_dt1,hbv,success,,32.97,0.673,-2.497745163723444,5.096411677011978,0.0450238110168987,0.1736426165862322,500.1843469576913,4.499555274046655,0.6576873305077515,0.8029558446776137,0.1465727539798195,34.203045317865175,2.601314736217982,0.0010000000002349,1.055126587475246,0.0,0.0,463.4131218320799,7.442419049720007,1312.0695746632402,cal_final_2008-09-30
02143000,hbv_lite_cma,evaluation,0.590422,0.669509,0.188413,-0.074079,1.42766,13,explicit_euler_dt1,hbv,success,,31.84,0.6855,0.2200007750649844,1.9390587123020653,0.0256954553657581,1.4718216850687672e-09,421.03850858716766,5.999999999904939,0.2170495950120718,0.8999999999577583,0.2048375803078639,26.15759349980807,4.310774425052838,0.0010000000000198,1.2589268295283784,0.0,0.0,365.40245977061255,0.0,1068.508485999636,cal_final_2008-09-30
02143040,hbv_lite_cma,evaluation,0.547899,0.731057,0.127517,-0.001741,0.438632,13,explicit_euler_dt1,hbv,success,,32.89,0.6758,0.7623186992522775,6.555415668872837,0.0824022027379841,0.185486306772184,734.811744834043,5.999998891689288,0.2075816282930877,0.7121218124973037,0.2308693384552037,17.158322168033603,3.831087946130382,0.0462513317229957,1.331402481324499,0.0,0.0,635.8581176087392,0.0,23.537141249941204,cal_final_2008-09-30
02149000,hbv_lite_cma,evaluation,0.59884,0.749905,0.168536,0.021233,0.647142,13,explicit_euler_dt1,hbv,success,,32.52,0.6895,-1.22518023076573,9.108968509122713,0.0714262146980711,0.1986421175483161,999.9999999970512,3.3009911211241176,0.2033637295667398,0.8999999763576279,0.2587032390256206,33.000812988061504,4.249057947544296,0.0215034719374508,1.066784155578475,0.0,0.0,737.8486648437212,0.0,44.35216581077555,cal_final_2008-09-30
02152100,hbv_lite_cma,evaluation,0.435622,0.47907,0.474039,0.083517,1.884477,13,explicit_euler_dt1,hbv,success,,32.86,0.5561,-0.3882690495591419,0.5869492073098864,0.0096599945200129,0.1436730666967719,732.6216087801635,5.997149316348162,0.2880665219569127,0.8999989203538638,0.2241761501879981,32.91088478193881,4.839248328996981,0.0010000030829117,1.662449201809992,0.0,0.0,631.4524842485247,0.0,1209.371046468366,cal_final_2008-09-30
02177000,hbv_lite_cma,evaluation,0.640144,0.729046,0.227136,0.00458,0.839931,13,explicit_euler_dt1,hbv,success,,32.88,0.6238,0.8593873904630183,7.2292855032875165,0.0642082021080835,0.1591698699343742,999.9968136912782,3.166304408793903,0.299054778664174,0.4761523279199288,0.1005098114543653,46.73888228139,7.975139716622247,0.0243437438467403,1.803579400028755,0.0,0.0,813.4757533763859,0.0,60.84894010923747,cal_final_2008-09-30
02178400,hbv_lite_cma,evaluation,0.494386,0.613271,0.305488,-0.009647,1.898645,13,explicit_euler_dt1,hbv,success,,33.62,0.5946,-2.405796716717801,8.47036659552401,0.0172043775802838,0.0623830269022572,739.1314115617048,2.441565786418004,0.7124246210201501,0.5827394897563923,0.1024761714819409,60.75351552055858,5.535502769387381,0.0010000008384826,1.0003848093689327,0.0,0.0,582.7352542964065,0.0,2617.864715203104,cal_final_2008-09-30
02193340,hbv_lite_cma,evaluation,0.432609,0.072124,0.852452,0.079449,9.094342,13,explicit_euler_dt1,hbv,success,,31.03,0.5289,1.5599965316390083,1.6177374652178975,0.0874638781776941,0.1996663819576578,530.9101095303345,5.999999601148147,0.295548987515865,0.6409705491015056,0.2560028685835321,12.491785893369894,4.569838817176761,0.0010000000006019,1.0858645469827388,0.0,0.0,401.789684261786,0.0,832.5043814830872,cal_final_2008-09-30
02196000,hbv_lite_cma,evaluation,0.467833,-0.207002,1.139689,0.003121,40.975055,13,explicit_euler_dt1,hbv,success,,44.08,0.2281,-0.8385802476409294,7.460607218888167,0.0018794108788701,0.0417056853746827,683.3074910830964,5.999999996571569,0.2148052750418894,0.5997044019278751,0.3698008926180955,65.18414632237298,5.449958669912286,0.001000000000058,2.010429241518513,0.0,0.0,491.1316404989313,0.0,965.6960872615732,cal_final_2008-09-30
02198100,hbv_lite_cma,evaluation,0.387913,0.157877,0.594228,-0.229123,10.901318,13,explicit_euler_dt1,hbv,success,,43.38,0.3975,0.1912882496158898,4.054740769095703,0.0209564526247076,0.1095724069211161,579.4328149423172,5.999999996542238,0.2917235540858107,0.8999999999922565,0.2018477920395894,33.96585743524234,4.596925870556516,0.0010000000000008,2.9597076085075145,0.0,0.0,477.8430914851614,0.0,1066.26994243594,cal_final_2008-09-30
02202600,hbv_lite_cma,evaluation,0.531634,0.157907,0.767971,-0.117554,252.01887,13,explicit_euler_dt1,hbv,success,,81.3,0.5627,-0.6880561704379744,4.917308993140857,0.0139525108206315,0.053737239996839,549.5218297885075,5.999999995012032,0.2219198275975606,0.3011402643407781,0.1009600389378614,33.982324690936395,2.6038737093541493,0.0010000000000097,5.237555534715815,0.0,0.0,430.1329649655472,0.0,836.4064532715191,cal_final_2008-09-30
02212600,hbv_lite_cma,evaluation,0.61843,0.181147,0.776689,-0.063716,21.961128,13,explicit_euler_dt1,hbv,success,,33.09,0.4896,0.6041782980219179,0.9249574581509724,0.0103416581242524,0.002320546862182,499.8789068378406,5.9999999396261465,0.2752181099046165,0.8999999911702804,0.2453640515402803,17.38477267631232,5.205372356820053,0.0010000000001215,1.1427124048363997,0.0,0.0,395.2035829174592,0.0,1048.5460780432595,cal_final_2008-09-30
02215100,hbv_lite_cma,evaluation,0.535664,0.355772,0.558372,-0.106925,12.323556,13,explicit_euler_dt1,hbv,success,,50.1,0.6472,-0.0361783391065579,6.223669705340922,0.0554798557436713,0.101419758586976,591.0008910941015,5.999999999994709,0.289751038667037,0.6063640772006252,0.1154584493058024,41.02882859563239,2.825214109729365,0.001,2.400317829158464,0.0,0.0,436.1320446265918,0.0,916.2331000841444,cal_final_2008-09-30
02216180,hbv_lite_cma,evaluation,0.562744,0.365748,0.395647,-0.247951,,13,explicit_euler_dt1,hbv,success,,49.53,0.4914,1.2625793322802412,5.293162159653846,0.0277462055233405,0.0944134787834888,668.6716297551143,5.999991134538562,0.3135779471281314,0.4850296795631432,0.1119922135128138,52.04240990005007,2.065665302586429,0.0010000000492843,2.9689688722229604,0.0,0.0,505.7216454066438,0.0,840.0156384091794,cal_final_2008-09-30
02221525,hbv_lite_cma,evaluation,0.565552,0.185471,0.783833,-0.041911,8.012202,13,explicit_euler_dt1,hbv,success,,33.65,0.0919,0.781750051733467,3.924238806940104,0.0551138204429387,0.1998741318003515,619.6048220823865,5.999999999872406,0.2861506838760026,0.8999999728494003,0.3187731501020678,30.70477985272063,7.720662501442121,0.0010000000071183,1.0060971529513243,0.0,0.0,500.2196851372784,0.0,1159.3028527250572,cal_final_2008-09-30
02231000,hbv_lite_cma,evaluation,0.450739,-0.16071,1.133567,0.086836,23.213102,13,explicit_euler_dt1,hbv,success,,90.14,0.7477,1.1794609596368173,0.9999733502542404,0.0213542082289597,0.1995351045480957,911.259731763178,5.999999999985571,0.2087575043474944,0.2061104867753342,0.0373488009220428,39.59173115464188,2.191500886323197,0.001,6.847825266951467,0.0,0.0,829.1778886615612,0.0,1273.716544143047,cal_final_2008-09-30
02245500,hbv_lite_cma,evaluation,0.201079,-0.168007,1.009719,-0.051407,9.163604,13,explicit_euler_dt1,hbv,success,,36.67,0.5654,-0.1619492480025148,8.254488128709575,0.0814186803769297,0.0890521998792772,999.9999999999976,5.789995070448433,0.2134362539555636,0.5403591631216148,0.0907438352830863,57.43639057081017,3.6015983422456124,0.001,2.092604170666353,0.0,0.0,923.873257327534,0.0,1417.4554382914157,cal_final_2008-09-30
02246000,hbv_lite_cma,evaluation,0.571676,0.095686,0.837171,0.001036,10.341327,13,explicit_euler_dt1,hbv,success,,62.74,0.6548,0.887609385681019,5.97838098944032,0.0960015130038136,0.1244175878174742,705.1015626313729,5.999999999991279,0.2019456383942519,0.3688565004575553,0.100520933833025,33.49308278018759,3.076690986451625,0.0010000000000003,3.886686137060893,0.0,0.0,641.6405335833896,0.0,1322.0036505394803,cal_final_2008-09-30
02296500,hbv_lite_cma,evaluation,0.162446,-0.451426,1.441545,0.337978,42.249982,13,explicit_euler_dt1,hbv,success,,96.79,0.8076,-1.8050029033274104,0.5846706933416901,0.0752257843231482,0.0796324917194081,677.5430211956349,5.999999999975235,0.5376408839453641,0.1718204113061664,0.0966010990890206,45.37858947570343,2.1235346204337167,0.0010000000000007,9.230073692962137,0.0,0.0,619.2074486718634,6.637827635148044,852.8125174902559,cal_final_2008-09-30
02297155,hbv_lite_cma,evaluation,0.214048,-0.403518,1.315541,-0.120843,109.790909,13,explicit_euler_dt1,hbv,success,,35.56,0.4616,1.5519815301645623,6.747073133100187,0.0113794791140875,0.0731569374279176,999.9999999999624,5.06642431601154,0.2000000000003724,0.8999999999999414,0.0940900172044052,66.45230517130628,5.403209720017425,0.001,1.4768326516964514,0.0,0.0,905.050886767932,0.0,1710.3976553482007,cal_final_2008-09-30
02297310,hbv_lite_cma,evaluation,0.596326,0.081673,0.887313,0.01645,42.009599,13,explicit_euler_dt1,hbv,success,,87.62,0.7118,1.6562493553602566,8.82867882314952,0.0025227020557107,0.1183718008592696,373.4830086622163,5.999999999990564,0.2000000000048513,0.4059894244189297,0.1137635059923569,42.88492631230702,2.734131460452342,0.0010000000000001,7.2247301402487665,0.0,0.0,332.1924115849918,0.0,1082.090771226101,cal_final_2008-09-30
02298123,hbv_lite_cma,evaluation,0.597397,0.39588,0.54426,-0.031153,10.115666,13,explicit_euler_dt1,hbv,success,,90.3,0.7967,1.2142136259454688,5.365743947902411,0.0810989530789589,0.1587468395302364,642.4388593388878,5.999999992867636,0.5550289058256079,0.0500000000013528,0.1120108367899569,99.99999997931248,1.7527870479881944,0.001000000000037,6.143865343296755,0.0,0.0,589.2229327273246,7.271723434189575,773.5990610234553,cal_final_2008-09-30
02298608,hbv_lite_cma,evaluation,0.717493,0.58162,0.293559,-0.171972,11.87027,13,explicit_euler_dt1,hbv,success,,66.42,0.723,-0.7626903949245631,6.978544345283032,0.0787126511281474,0.0854539573453701,266.3784219275401,5.999999912939125,0.2000000006663924,0.4070844041619243,0.1357650845123693,42.07528484753538,2.320603019088187,0.0010000000000179,4.158191885439777,0.0,0.0,229.7958158469109,0.0,968.1885303373208,cal_final_2008-09-30
02299950,hbv_lite_cma,evaluation,0.602886,0.329223,0.597709,-0.190434,17.135821,13,explicit_euler_dt1,hbv,success,,34.75,0.7202,1.6165384491243395,0.6864277120286045,0.0459780757240473,0.1042113108471364,434.84929541463606,5.999999998857076,0.2000000041680735,0.6221268545154964,0.1968081265609487,48.68888739297697,5.416575731336923,0.001000000000002,1.1136202026693294,0.0,0.0,389.133557023434,0.0,1515.3857208139143,cal_final_2008-09-30
02300700,hbv_lite_cma,evaluation,0.607887,0.547874,0.148029,-0.241247,3.720602,13,explicit_euler_dt1,hbv,success,,44.26,0.5451,-0.7359301243944354,9.539737163440364,0.037589414208578,0.1868341374527987,377.06057943724943,4.3435336879141015,0.762033309413815,0.5136010572886592,0.4160113983106216,40.1163336667273,3.0272863958934404,0.0010000000000003,2.150490386734471,0.0,0.0,301.4778702408653,0.0,1026.6936619165729,cal_final_2008-09-30
02342933,hbv_lite_cma,evaluation,0.579759,0.126908,0.822835,0.008059,41.675288,13,explicit_euler_dt1,hbv,success,,34.79,0.4984,2.409982722110433,6.169068262318682,1.3256623317279617e-05,0.1999993638241375,735.8016346891359,5.999999982303565,0.2893247413713664,0.781946494217677,0.3270976170428708,26.58479850580553,4.765193607314937,0.0010000000044196,1.4656645649995117,0.0,0.0,649.0231951085927,0.0,1183.8206435037443,cal_final_2008-09-30
02349900,hbv_lite_cma,evaluation,0.539215,0.277513,0.654076,-0.132932,12.713791,13,explicit_euler_dt1,hbv,success,,30.7,0.6677,1.2010297387509112,0.5167313206359155,0.0087289841014393,0.1998311299360625,638.5198437113871,5.999999819864946,0.2936268455928748,0.7131037448029757,0.1444918852453985,39.25949677466591,4.032962789777975,0.0010000000000031,1.0425884950550195,0.0,0.0,501.67212235240873,0.0,978.8413373149878,cal_final_2008-09-30
02350900,hbv_lite_cma,evaluation,0.534546,0.331514,0.652729,0.039219,5.439547,13,explicit_euler_dt1,hbv,success,,70.15,0.1368,1.231513389162612,8.2009122688162,0.0583690741379843,0.0581223022113034,999.999999963852,5.842244621715956,0.7351951308919968,0.8999999999998783,0.0805182100869279,88.78981563733116,3.833109227352231,0.0010000000000008,4.442595971981522,0.0,0.0,853.7747675043291,0.0,1307.9032027775586,cal_final_2008-09-30
02361000,hbv_lite_cma,evaluation,0.628141,0.388879,0.50347,-0.023114,5.317748,13,explicit_euler_dt1,hbv,success,,64.87,0.3621,2.499540443478909,1.492419038539478,0.0478685257530045,0.1648722935560387,605.5930557491665,4.240221198168388,0.6683244353442791,0.8470220523643162,0.1665247153020253,67.35490477088145,5.13471096792113,0.0010000062742761,3.336610120212062,0.0,0.0,506.8665999518123,0.0,1409.0370874962507,cal_final_2008-09-30
02363000,hbv_lite_cma,evaluation,0.601599,0.249038,0.703173,0.046786,17.236964,13,explicit_euler_dt1,hbv,success,,79.66,0.4487,1.7100000393850507,9.999995005592396,0.0899820811232842,0.1197476886710223,738.6322488779301,5.999999997569871,0.7148383174114274,0.2432347081515984,0.1061262980286874,37.02417435366786,3.694656066338849,0.0010000000006629,4.651994787132791,0.0,0.0,650.2220300331103,0.0,1340.5178393845654,cal_final_2008-09-30
02369800,hbv_lite_cma,evaluation,0.596518,0.31686,0.569845,-0.027992,3.566589,13,explicit_euler_dt1,hbv,success,,50.97,0.3853,2.29999721935535,1.06145856356661,0.0771199368384413,0.112087761780842,999.9999953611848,4.428864380517833,0.2154072183795655,0.3827740938186658,0.0676995968444967,50.85204922877444,3.9239419440760055,0.0010000000003892,2.2828655078345164,0.0,0.0,842.769477032438,0.0,1885.9872231336835,cal_final_2008-09-30
02371500,hbv_lite_cma,evaluation,0.625742,0.295534,0.685655,0.087848,10.002563,13,explicit_euler_dt1,hbv,success,,105.02,0.5686,2.498278828903171,1.6874074710968203,0.0031804942805402,0.0042153944619366,676.5283927639273,5.999049295440216,0.6937969315590369,0.8586068062615042,0.133913398075232,67.6807693038223,2.945719512451328,0.0010000004068878,7.297576754778026,0.0,0.0,587.1786929510686,0.0,1169.6824916759747,cal_final_2008-09-30
02372250,hbv_lite_cma,evaluation,0.617888,0.263912,0.663311,0.079468,7.941712,13,explicit_euler_dt1,hbv,success,,78.94,0.5507,1.820030145064456,6.7936061328998685,0.0711814468627595,0.1269670125352936,727.4422165765761,5.843918045729678,0.7308538023296403,0.3118574779698094,0.1322921596353711,44.16855041459439,2.9146112696958824,0.0010000000000115,5.517611111701699,0.0,0.0,634.1483161016256,0.0,1208.8237426081846,cal_final_2008-09-30
02374500,hbv_lite_cma,evaluation,0.368336,0.287384,0.682315,0.257115,2.324469,13,explicit_euler_dt1,hbv,success,,42.77,0.5327,2.4638149269939023,9.337834560804485,0.0674026036745734,0.1999630495505892,999.9598406662938,5.862053202208475,0.7674135366991972,0.4572891236118869,0.1241479776590931,55.251721662496365,4.401660571119399,0.0010000000292933,2.536049446430849,0.0,0.0,869.2836440908758,0.0,1670.5747294349717,cal_final_2008-09-30
02381600,hbv_lite_cma,evaluation,0.489272,0.425844,-0.332527,-0.420399,-0.208939,13,explicit_euler_dt1,hbv,success,,34.82,0.5013,-1.755157183078913,3.549851886248528,0.0999506271459252,0.0154877282819261,134.68369474004174,5.815259122968579,0.2208810328109705,0.8999987947912443,0.2925699646721898,27.943010366100896,4.7435690367052725,0.0215105337902927,1.548677145733974,0.0,0.0,79.93083392111328,0.0,31.682459547846783,cal_final_2008-09-30
02384540,hbv_lite_cma,evaluation,0.56657,0.623875,0.247631,-0.116495,5.919087,13,explicit_euler_dt1,hbv,success,,35.05,0.6128,-1.6317836921333857,5.99292836883767,0.0160370276243219,0.188155940224526,313.39254214576306,5.9999585545470655,0.286103236338263,0.5411947477292178,0.1367569888487399,26.733260036441784,2.839485925028481,0.0010000007926757,1.9966268933926443,0.0,0.0,250.7181945993087,0.0,1329.2854134389615,cal_final_2008-09-30
02395120,hbv_lite_cma,evaluation,0.640537,0.57904,0.29466,-0.105416,2.437888,13,explicit_euler_dt1,hbv,success,,35.31,0.5465,0.1807639215436984,0.8020979567553402,0.0265471157186296,0.1431039232399372,705.4780459996643,5.999852262331862,0.2223955775517183,0.6576954182330655,0.0811344546322112,25.266722835781465,2.556149466001739,0.0010000025498857,1.0258098709487915,0.0,0.0,552.0555126900031,0.0,1030.9223677388293,cal_final_2008-09-30
02415000,hbv_lite_cma,evaluation,0.675491,0.518384,0.413911,-0.066722,6.312642,13,explicit_euler_dt1,hbv,success,,34.76,0.6079,-1.6476039540249008,6.867194923953036,0.0740375434041816,0.1929771164153273,664.8290194922733,5.069918018194304,0.290092406442813,0.4633917373406074,0.1867044882914857,22.09813010546874,4.573847401202292,0.0010000000000002,1.6720558730638615,0.0,0.0,561.6903254440263,0.0,1341.5445121231585,cal_final_2008-09-30
02427250,hbv_lite_cma,evaluation,0.662985,0.195192,0.789732,0.11895,9.201211,13,explicit_euler_dt1,hbv,success,,46.14,0.6061,-0.2499418671969944,7.424532608153338,0.0183763159734489,0.0351602465828398,633.9189150772025,5.999999999991821,0.2772310669955066,0.5292039192344159,0.0778873677380498,18.634016096076856,2.987002632394048,0.001,2.638502508684926,0.0,0.0,554.7732921399083,0.0,1289.1584847868469,cal_final_2008-09-30
02430085,hbv_lite_cma,evaluation,0.612021,0.678646,0.256104,-0.122152,4.876393,13,explicit_euler_dt1,hbv,success,,35.14,0.6443,0.233835046466841,9.99950949818194,0.0161510345595789,0.1741754147732661,291.15290485879666,1.4902629514000847,0.2000014055743858,0.5753604081574607,0.1469277971552555,18.79891566676203,3.703175468723158,0.0010000000322893,1.012011030037806,0.0,0.0,131.3356868238967,0.0,1301.7612350134352,cal_final_2008-09-30
02450250,hbv_lite_cma,evaluation,0.690737,0.430489,0.53931,0.051258,10.568507,13,explicit_euler_dt1,hbv,success,,34.86,0.7059,2.4999999905415384,3.2863642747873407,0.0961700889708736,0.1859924160073109,487.414015855861,5.999999613548313,0.2055420228090222,0.8516887966791142,0.1271499728276113,21.621011858068577,2.283781535847749,0.036073692591833,1.749341587883794,0.0,0.0,381.5714203884314,0.0,14.55192408338288,cal_final_2008-09-30
02464000,hbv_lite_cma,evaluation,0.718513,0.484453,0.478793,-0.01345,17.048072,13,explicit_euler_dt1,hbv,success,,44.79,0.6483,-1.7802509886041622,3.402216394786145,0.0789947417588133,0.198841497076671,504.3504940236896,5.99999815351971,0.276654652546275,0.5110492571303251,0.0912079985925648,15.78280885379008,2.057457106808184,0.0010000000051055,2.9299277757746207,0.0,0.0,387.3393971906678,0.0,1024.6505489039585,cal_final_2008-09-30
02464360,hbv_lite_cma,evaluation,0.636844,0.536653,0.408097,-0.021253,3.049867,13,explicit_euler_dt1,hbv,success,,35.23,0.4961,-1.5276503553627307,3.9979179812938974,0.0071045160465828,0.0036166563288629,656.6925095476226,5.999999994084678,0.6771924891811743,0.8999999960433038,0.323441263611346,49.05791017764397,4.785196022073428,0.0010000000002373,1.028431792420985,0.0,0.0,504.4476504063106,0.0,1255.356928339662,cal_final_2008-09-30
02465493,hbv_lite_cma,evaluation,0.428203,0.196515,0.784684,0.199976,2.941781,13,explicit_euler_dt1,hbv,success,,40.44,0.2647,-0.3794769862376368,2.788837306896028,0.0640739315445672,0.0033484453516892,922.4937429445062,5.999988216084431,0.277382291830022,0.8999999759058127,0.1251593206412038,40.19902678959982,5.057932591429054,0.0010000000022382,1.5373736512956904,0.0,0.0,773.3495582399167,0.0,1448.313353291111,cal_final_2008-09-30
02469800,hbv_lite_cma,evaluation,0.668278,0.360664,0.604808,0.038088,11.462962,13,explicit_euler_dt1,hbv,success,,45.93,0.6854,1.119969294147824,0.8219152036632102,0.099997828160703,0.1941108387514111,681.336399672273,5.71463523845761,0.7150332011292828,0.3982102929012047,0.0616725091125935,21.188006849946927,2.1883006972711394,0.0010000000072315,2.9062406833605605,0.0,0.0,574.2244379913246,0.0,1106.1496913101312,cal_final_2008-09-30
02472000,hbv_lite_cma,evaluation,0.661181,0.350166,0.598268,0.041222,6.882292,13,explicit_euler_dt1,hbv,success,,71.96,0.6439,-1.8652859311271488,4.135369731608732,0.0707803095148156,0.0813029682886141,607.4091464530404,5.999999999965015,0.2055708629394246,0.2751473143404776,0.0785241233896029,13.987827087577957,2.3662638220428405,0.0010000000000018,4.135943884856932,0.0,0.0,548.1095363973669,0.0,1169.3676625317703,cal_final_2008-09-30
02472500,hbv_lite_cma,evaluation,0.613668,0.25014,0.701934,0.096613,2.856903,13,explicit_euler_dt1,hbv,success,,59.92,0.6093,2.4699576248028734,6.171986014485635,0.082676831596826,0.1132975840712074,786.2780050389017,5.99999992665067,0.2004380709607858,0.3498025737086229,0.0879291421321316,19.05733413636376,4.616739624586041,0.0010000000000006,3.3627648897109905,0.0,0.0,704.0718150347994,0.0,1635.5884360517423,cal_final_2008-09-30
02479155,hbv_lite_cma,evaluation,0.556599,0.281194,0.566337,-0.114355,8.364467,13,explicit_euler_dt1,hbv,success,,31.91,0.6032,2.306835298180485,7.518448662540512,0.0179100267152766,0.0469848672213057,894.6365244284607,5.999999999999735,0.2801902529071898,0.7493745462140692,0.1717417567876301,38.25307687159823,3.7045587264215687,0.001,1.069501881491302,0.0,0.0,806.1322988985407,0.0,1614.7488569563284,cal_final_2008-09-30
02479300,hbv_lite_cma,evaluation,0.595462,0.431573,0.469182,-0.063231,3.866429,13,explicit_euler_dt1,hbv,success,,78.03,0.6718,-0.12271323832885,8.081663711003749,0.0505391294184195,0.0378188012001785,920.5525150084052,5.67628320911317,0.8062869452220605,0.2017427712916803,0.1802911028059162,24.94989240308852,3.948943183541542,0.0010000000000874,5.156393097880821,0.0,0.0,831.5274473861314,0.0,1706.317906966686,cal_final_2008-09-30
02479560,hbv_lite_cma,evaluation,0.740554,0.518801,0.435151,-0.008976,4.518874,13,explicit_euler_dt1,hbv,success,,85.92,0.6983,-1.3727137493195596,9.47158317962463,0.0845365711729262,0.1701390431756553,801.2900317814211,5.914264516786796,0.2847761737602433,0.1262762179758642,0.0993436288176755,19.672349274571545,2.8594000793816887,0.0010000000009719,3.0690604959396453,0.0,0.0,719.4557910545486,0.0,1545.5489603304434,cal_final_2008-09-30
02481000,hbv_lite_cma,evaluation,0.737301,0.483252,0.487592,0.027138,16.479759,13,explicit_euler_dt1,hbv,success,,35.43,0.7747,0.95344955657306,1.754628930213449,0.0240997543199693,0.1201574156177353,581.1072563427493,5.999998097995883,0.6427060662946518,0.5066981734801173,0.3636207721962445,30.321780135547566,3.24736931043601,0.0010000000000062,1.8533439277016128,0.0,0.0,531.3032542040697,0.0,1396.423205163623,cal_final_2008-09-30
02481510,hbv_lite_cma,evaluation,0.6768,0.426861,0.520282,-0.012747,6.787626,13,explicit_euler_dt1,hbv,success,,55.41,0.7358,2.2479061187057097,4.561012339012921,0.0829611157813642,6.429352003679553e-07,565.6907315748123,5.999998977056347,0.7196376663603135,0.3918983905028031,0.2372745285615153,16.25900040703179,4.306655773766547,0.001000000000147,3.5144142505332034,0.0,0.0,517.6231069778765,0.0,1683.7842712152117,cal_final_2008-09-30
03010655,hbv_lite_cma,evaluation,0.620093,0.609345,0.230033,-0.149281,5.602196,13,explicit_euler_dt1,hbv,success,,52.53,0.7125,-1.0200197536243203,2.337210610203349,0.0925453467724094,1.2588610009820756e-08,377.23193913060834,5.992445976377101,0.2572388276891054,0.5616181712614032,0.1604226489039061,15.272169388247836,2.823581432286677,0.0728409943965807,3.032643798583532,0.0,0.0,330.3924589759552,0.0,13.073323297750674,cal_final_2008-09-30
03011800,hbv_lite_cma,evaluation,0.587985,0.689855,0.249096,0.020718,2.601504,13,explicit_euler_dt1,hbv,success,,33.09,0.7111,-1.7100000703576008,1.5974683121122064,0.0037183819842763,0.1999993466352444,311.88010798322176,5.999999372050128,0.5516813462601542,0.6125161948754294,0.2700817670521747,21.852406470930124,4.885136943563468,0.1073750817108224,1.4134020881922909,0.0,0.0,263.9033517604333,0.0,4.894323536069361,cal_final_2008-09-30
03015500,hbv_lite_cma,evaluation,0.706168,0.71163,0.085137,-0.173343,1.976711,13,explicit_euler_dt1,hbv,success,,43.08,0.7413,-1.0699999555470243,2.641536076372452,0.0066367023281908,5.171308786153488e-09,350.0849564471644,5.999994826473476,0.6759067885678285,0.7352477144393016,0.2932130899998572,18.99772465862542,2.6283978089111977,0.0750867661529003,2.9913964503182684,0.0,0.0,298.7670825758132,0.5841184089307088,7.957474418873998,cal_final_2008-09-30
03021350,hbv_lite_cma,evaluation,0.560119,0.668485,0.015972,-0.248906,5.2973,13,explicit_euler_dt1,hbv,success,,33.11,0.5767,-0.4199984154472731,2.910124777397013,0.0954043965580286,0.0144310715048909,305.74583720140515,5.9999916328284,0.6700912800260899,0.4722991171113414,0.3431345304998603,9.29703459113852,0.8551111815051982,0.0060613782726704,1.5230720690059871,0.0,0.0,256.4483341630422,1.3819294370524495,96.51634696559292,cal_final_2008-09-30
03026500,hbv_lite_cma,evaluation,0.483408,0.514863,0.425384,0.048261,5.518359,13,explicit_euler_dt1,hbv,success,,34.09,0.7183,-1.7707707674519615,2.068859867803664,0.0449862849606474,0.04611663656351,340.7712557809911,5.937416601806634,0.6502690770719053,0.6175016591242858,0.2418308984497103,20.57846826821089,5.160943927120196,0.1017513638265269,1.9656017474594336,0.0,0.0,287.7317362115322,0.0,5.38270101890698,cal_final_2008-09-30
03028000,hbv_lite_cma,evaluation,0.683096,0.682925,0.162356,-0.128181,2.291585,13,explicit_euler_dt1,hbv,success,,38.54,0.7507,-2.000000740726071,2.018892417904695,0.0527018391787741,0.0296512525236663,354.1205940064385,5.999715137386152,0.3413046881567959,0.8175967161127998,0.2185663580219007,25.93761869799221,4.183616063983703,0.1054974389261825,1.038151681225174,0.0,0.0,298.6645516626561,0.0,4.806133071173096,cal_final_2008-09-30
03049000,hbv_lite_cma,evaluation,0.570195,0.513041,0.384225,-0.085687,4.749891,13,explicit_euler_dt1,hbv,success,,34.84,0.7166,-2.3200000520702013,1.7653078448250468,0.0998786447267687,9.934691460173502e-10,444.09450512557385,5.999999853121754,0.6421068871672599,0.5709573410901431,0.2563481941778074,19.97150280859723,3.814495783779593,0.0938250096196816,1.075988405874749,0.0,0.0,357.43590053610046,0.0,4.621027005137593,cal_final_2008-09-30
03049800,hbv_lite_cma,evaluation,0.158678,0.293574,0.596928,-0.008505,8.477067,13,explicit_euler_dt1,hbv,success,,34.77,0.7247,-2.349915042758284,1.471559595912917,0.0845872098731296,1.4509615962613723e-06,337.28497805188977,5.992801956435866,0.3342251124955028,0.8999998213111536,0.499999982575146,7.983068721988795,5.067036715483001,0.0680532013540924,1.6498902488777465,0.0,0.0,260.77714380454984,0.0,4.524716577810263,cal_final_2008-09-30
03050000,hbv_lite_cma,evaluation,0.626714,0.55037,0.344583,-0.060064,12.010385,13,explicit_euler_dt1,hbv,success,,41.88,0.5835,-2.479999312207815,3.09610500841974,0.026512327891372,1.3498112685552814e-13,411.5373278683686,5.999957807144202,0.3855193828668423,0.6260914489781517,0.1211506175564041,15.4514714881076,1.3486359159762418,0.0497160501101788,2.9550211476870816,0.0,0.0,334.68603303081494,0.0,10.365571933841752,cal_final_2008-09-30
03069500,hbv_lite_cma,evaluation,0.685382,0.691223,0.065015,-0.142702,2.035867,13,explicit_euler_dt1,hbv,success,,38.1,0.6997,-2.439999957785954,1.4152116554857426,0.0568126102181134,1.7570001051006153e-12,271.12378603456415,5.9999997880195695,0.4953559653731889,0.5190076227725352,0.2630258153798557,6.91372748079004,2.8900921204653782,0.1338398849408313,2.9488370089736646,0.0,0.0,214.2873025689505,0.0,2.5804164297312586,cal_final_2008-09-30
03070500,hbv_lite_cma,evaluation,0.708988,0.741209,0.154575,-0.12808,4.712388,13,explicit_euler_dt1,hbv,success,,35.35,0.6868,-1.559998104618208,1.909125396499628,0.0241374683009605,2.69053961650504e-09,362.2412809867356,5.9960765992846135,0.6683133648554191,0.8798634359936066,0.2121841569734209,11.220286341352317,3.0688387363526672,0.1456831434876871,1.5082637951702569,0.0,0.0,308.4595110338766,0.0,2.649486633688071,cal_final_2008-09-30
03076600,hbv_lite_cma,evaluation,0.553564,0.658821,0.179869,-0.15661,3.357548,13,explicit_euler_dt1,hbv,success,,35.42,0.6313,-2.0399993128602127,2.289510474570444,0.0005837253975328,3.902228900375695e-09,381.3564170931745,5.999990040132777,0.5378982332700937,0.4428684393318376,0.0996895604558961,9.729404998053829,2.4844649022295027,0.0939847692696456,1.1238123397388349,0.0,0.0,333.715783217185,0.0,8.650825574405987,cal_final_2008-09-30
03078000,hbv_lite_cma,evaluation,0.552226,0.710583,0.041862,-0.160408,2.690921,13,explicit_euler_dt1,hbv,success,,35.82,0.6989,-2.0299999946891925,2.2266660130378795,0.0876273186400502,3.164260383710529e-09,347.50592526874823,5.999999843594688,0.312786480404116,0.2779336839268511,0.3262765005073278,10.12277845331477,3.895437579988869,0.1300686156634841,1.6493816048345118,0.0,0.0,310.5016917067813,0.0,8.216439948007004,cal_final_2008-09-30
03140000,hbv_lite_cma,evaluation,0.486854,0.210507,0.729263,-0.019694,27.596589,13,explicit_euler_dt1,hbv,success,,35.33,0.6724,-2.4299570668405868,1.3429739866605284,0.0001224404963933,2.885221079056204e-07,399.4935504673392,5.9999995996134,0.2062583801228476,0.6091559734095149,0.1111424722562599,14.607271298329316,2.010315898954781,0.0010000007341804,1.0883828062294882,0.0,0.0,310.64418061174354,0.0,1138.329959388796,cal_final_2008-09-30
03144000,hbv_lite_cma,evaluation,0.664159,0.393968,0.540551,0.007055,9.807845,13,explicit_euler_dt1,hbv,success,,41.87,0.6643,-2.499861863970636,1.6365662477441436,0.0600843600183898,1.1332185108542295e-05,303.5762027586052,5.99939234328653,0.317814208688493,0.6919525830393652,0.0827150266601157,17.52839462174674,1.2398286589486789,0.0010000005983425,2.4914663020116983,0.0,0.0,208.05518918293708,0.0,868.3906625125862,cal_final_2008-09-30
03170000,hbv_lite_cma,evaluation,0.090349,0.284518,0.659282,0.077106,2.96487,13,explicit_euler_dt1,hbv,success,,40.12,0.4598,-1.5822215988188364,6.025048987086413,0.0832373363046896,0.194271848774368,652.4547544641667,5.999999726311924,0.2977718945803757,0.8999738019887267,0.1082260929511881,41.196086554734144,4.870962858936111,0.0010000001999566,1.0000353418067964,0.0,0.0,555.3152430805152,0.0,1457.0831265272734,cal_final_2008-09-30
03173000,hbv_lite_cma,evaluation,0.525715,0.365154,0.493852,-0.100612,6.407787,13,explicit_euler_dt1,hbv,success,,53.95,0.6037,-1.299999472180414,3.404017480188029,0.0173648860258409,1.1771766998467667e-08,459.13046507023216,5.999998649346442,0.2882007974007113,0.4394320231653287,0.1212252337185321,16.87771884458464,2.137101519692747,0.0010000000013406,2.3082184738524862,0.0,0.0,385.6216318632154,0.0,1076.450322124542,cal_final_2008-09-30
03180500,hbv_lite_cma,evaluation,0.544988,0.500603,0.360699,-0.063167,7.142563,13,explicit_euler_dt1,hbv,success,,42.7,0.6043,-2.369999996940826,1.616042565342619,0.0001352083635347,9.01221735832533e-11,332.8533847965816,5.999999857611633,0.3641720297679084,0.8968268970262602,0.4814744253940672,49.95869118944679,6.2750851742860645,0.1210385749926941,2.532815538209065,0.0,0.0,273.1343153875536,0.0,4.177539564886203,cal_final_2008-09-30
03182500,hbv_lite_cma,evaluation,0.606725,0.517156,0.391727,-0.027261,7.093383,13,explicit_euler_dt1,hbv,success,,42.0,0.6401,-2.4899999574343923,1.6185496669001926,0.0015960169088622,1.685003729271669e-10,378.68357080992337,5.99997000932068,0.5754606969122205,0.639797816176221,0.1114463709771409,20.93124313945756,1.0577396205860403,0.037922353922674,2.1119951094889307,0.0,0.0,316.3881546231222,0.6150028005597106,16.00764337825864,cal_final_2008-09-30
03186500,hbv_lite_cma,evaluation,0.632103,0.710184,0.017883,-0.214404,4.667302,13,explicit_euler_dt1,hbv,success,,35.28,0.7086,-2.499999976869066,1.2881887384272324,0.0748121451425039,5.1670351477566894e-11,207.264105805886,5.999999655543674,0.5869849592232589,0.8615432214989006,0.3069785466467414,16.777522813255366,3.1121064427999667,0.1189850143043052,1.1754877906456005,0.0,0.0,171.05547762139756,0.0,4.3803059242892255,cal_final_2008-09-30
03237280,hbv_lite_cma,evaluation,0.360294,0.431037,0.441235,-0.079621,84.891358,13,explicit_euler_dt1,hbv,success,,35.01,0.5479,-1.7599997576352069,9.999999741273012,0.0048357432327225,0.1999998883169548,452.0957041411984,5.999999969812836,0.2936809468597038,0.8999990872577734,0.1965110910318941,11.5768260012326,1.6301979840986318,0.061805651270434,1.0673459794243834,0.0,0.0,299.9325989625814,0.0,1.7313157647836646,cal_final_2008-09-30
03237500,hbv_lite_cma,evaluation,0.611987,0.377193,0.506462,-0.128575,68.288338,13,explicit_euler_dt1,hbv,success,,35.03,0.5585,-2.409999979866885,9.999999593399323,0.0353785346477809,1.422668735337949e-07,366.14030622309446,5.999997807028369,0.2122816271381383,0.6316445436887662,0.1596024962090763,11.074049900006266,1.72515667723078,0.0010000000136922,1.213860800896983,0.0,0.0,242.58325342126832,0.0,933.5325425461332,cal_final_2008-09-30
03238500,hbv_lite_cma,evaluation,0.581173,0.461114,0.425622,-0.116482,60.606721,13,explicit_euler_dt1,hbv,success,,34.82,0.5936,-2.290000207691359,4.375257268663352,0.0562533355477525,4.399008603382921e-08,161.02546400103813,5.999999044922697,0.2000006641419403,0.6231252613963107,0.2002119011820651,5.980857351916913,1.3859874017924931,0.001000001382984,1.0022495044008757,0.0,0.0,67.83784791534978,0.0,703.1987787216416,cal_final_2008-09-30
03241500,hbv_lite_cma,evaluation,0.651932,0.338395,0.643399,0.062244,11.462002,13,explicit_euler_dt1,hbv,success,,34.91,0.7457,-2.4999999997905045,2.124877690613049,1.993577087705818e-12,0.050922946182441,472.77408667002805,5.999999999911301,0.2969074001452437,0.6044083141156747,0.1507344010331283,15.17271367067465,1.6241635864117403,0.0010000000000098,1.426416144449933,0.0,0.0,343.804811224472,0.0,947.2075374986777,cal_final_2008-09-30
03280700,hbv_lite_cma,evaluation,0.394088,0.2617,0.676127,0.074194,16.039283,13,explicit_euler_dt1,hbv,success,,35.09,0.6199,-0.8900039152183981,0.5979653452563735,0.0917557069368548,0.1999483729605894,460.68674235409617,5.999969980772666,0.4106039801682428,0.7798540466280731,0.1943499362468761,17.690392536638726,1.98197493953298,0.0010000551813799,1.0284510833922014,0.0,0.0,360.0708956061122,0.0,1066.2059809101124,cal_final_2008-09-30
03281500,hbv_lite_cma,evaluation,0.591687,0.403208,0.543407,0.021137,15.052711,13,explicit_euler_dt1,hbv,success,,46.08,0.722,-0.6395685489132286,3.141039750404391,0.081756904525651,2.2153638319027027e-06,484.76564323681896,5.999998925386283,0.2123606599184208,0.4789429310049514,0.0671883446875992,16.852089220870347,1.2237001956284037,0.0010000000718953,2.522159486874892,0.0,0.0,343.0583244976425,0.0,901.4202205313262,cal_final_2008-09-30
03285000,hbv_lite_cma,evaluation,0.601907,0.50864,0.332608,-0.11267,28.810024,13,explicit_euler_dt1,hbv,success,,35.26,0.6806,-2.4252492763547453,7.919859731812461,0.0908749078366194,0.1008360001762604,380.407988666334,4.760934591047406,0.2217821481961182,0.7140464238661549,0.1677750081211853,13.993813258244728,0.8287862351104283,0.0012698961092516,1.0867478590072908,0.0,0.0,203.708835771537,0.0,478.88068655801993,cal_final_2008-09-30
03291780,hbv_lite_cma,evaluation,0.602123,0.421786,0.431023,-0.150805,267.642708,13,explicit_euler_dt1,hbv,success,,34.98,0.5742,-2.49999985669386,1.6113568722257663,0.0473430599367554,0.1935383581194371,528.8714672053225,5.9999990099179294,0.2972860446169223,0.8999999992229349,0.4999999968372959,5.354413937891457e-07,3.618176592956029,0.0010000000000137,1.0762900320889,0.0,0.0,423.0930251608581,0.0,1228.997775290537,cal_final_2008-09-30
03338780,hbv_lite_cma,evaluation,0.668013,0.498785,0.350499,-0.115095,7.098943,13,explicit_euler_dt1,hbv,success,,45.22,0.6866,-1.129802892149535,1.6777811827781923,3.0196532260187508e-06,0.137789635433668,275.91875001328026,5.9952506623562565,0.2065028013379583,0.8999954872680077,0.3417117922321857,27.98017384497178,3.851336628515263,0.0533220412424753,2.5287828563478127,0.0,0.0,248.80214539673372,0.0,18.658239395578377,cal_final_2008-09-30
03340800,hbv_lite_cma,evaluation,0.632022,0.206715,0.744464,0.107317,30.247252,13,explicit_euler_dt1,hbv,success,,35.6,0.7225,-1.7003795592143487,3.3363577864708693,0.0818748827895574,1.339013201374256e-08,386.11608400858137,5.999999994472414,0.2956486176379315,0.5645976456513465,0.1082033344389622,18.809373100828893,1.526375556929095,0.0010000000062697,1.855617583035737,0.0,0.0,300.8677434098772,0.0,986.548701780621,cal_final_2008-09-30
03346000,hbv_lite_cma,evaluation,0.634623,0.190166,0.743104,0.006648,75.367311,13,explicit_euler_dt1,hbv,success,,46.01,0.6572,-0.7900002113726055,2.5715502023607577,0.0263825644875976,1.7424266121621228e-10,360.858380322548,5.999999779503175,0.2995320702434418,0.8999999996653303,0.3887909545476215,40.89561424361665,2.274929198822757,0.0010000000001022,2.435623815740581,0.0,0.0,307.1919522088071,0.0,957.6704306999566,cal_final_2008-09-30
03364500,hbv_lite_cma,evaluation,0.62261,0.315859,0.636011,0.052685,48.008197,13,explicit_euler_dt1,hbv,success,,35.28,0.6594,-2.4999919032043447,1.3063881906631756,0.0009276706747011,0.0199163416081204,232.050358289946,5.9999947798440205,0.216262173343185,0.8919809722322223,0.2321969594333501,27.374654822532296,1.7865010823784426,0.0010000000126885,1.0174026716189477,0.0,0.0,143.7720608818584,0.0,943.6581717876668,cal_final_2008-09-30
03366500,hbv_lite_cma,evaluation,0.669695,0.34783,0.5819,-0.057477,50.314337,13,explicit_euler_dt1,hbv,success,,35.21,0.6952,-2.479569425814835,1.993412726305416,0.0880539723343905,0.0007010134245371,490.3541669464928,5.998947542297127,0.5377745157197418,0.8999974905359466,0.15057420306572,12.008423419377335,1.8016357720707927,0.0010000007348047,1.009172932632458,0.0,0.0,387.2677523636971,0.0,1136.6266552996858,cal_final_2008-09-30
03368000,hbv_lite_cma,evaluation,0.526145,0.346987,0.48186,-0.105529,89.956309,13,explicit_euler_dt1,hbv,success,,35.5,0.57,-0.30999995153336,6.6005820402726165,0.0005877327031688,1.011919025608872e-08,467.3620957614844,5.999977795807379,0.6144905985746468,0.8999999992933303,0.4999999943487302,3.251197862323204e-06,3.451398834538958,0.0449727969652019,1.99227957553154,0.0,0.0,364.6220431238034,0.0,8.528184745589822,cal_final_2008-09-30
03384450,hbv_lite_cma,evaluation,0.603626,0.312997,0.620438,-0.011422,117.96736,13,explicit_euler_dt1,hbv,success,,35.21,0.6493,-1.1800001002804348,4.236876184940767,0.0392913479375319,1.1726169248032132e-09,441.6027456762535,5.999999636145979,0.7452634504860887,0.8999999987967678,0.4999999968284052,5.546845206771194,4.371260196157231,0.0535620606889914,1.961771657988911,0.0,0.0,329.94896392552624,0.0,5.585819889405423,cal_final_2008-09-30
03439000,hbv_lite_cma,evaluation,0.561723,0.602372,0.28901,-0.084931,2.102259,13,explicit_euler_dt1,hbv,success,,35.96,0.5625,-1.5588798182423451,4.159342839743677,0.0782606688695588,0.0138707150430654,453.4789125642368,4.131890353027908,0.3128738848364434,0.8321270333779162,0.1285626559694174,99.89671072315387,9.999960756697078,0.0010000003040392,1.0416212373728857,0.0,0.0,398.4309799276578,0.0,3127.6867648016782,cal_final_2008-09-30
03455500,hbv_lite_cma,evaluation,0.494457,0.530126,0.374318,-0.088097,3.476363,13,explicit_euler_dt1,hbv,success,,35.73,0.6309,-2.4997492604276417,1.223105660850552,0.0228166894143325,2.995651533558637e-07,715.4053802179978,5.999944598141999,0.3259027183771228,0.8063782358571099,0.1151490216185941,61.8290915962254,7.474632994221485,0.0010000000643621,1.2682554256863576,0.0,0.0,665.2317498678516,0.0,3184.0492932075867,cal_final_2008-09-30
03456500,hbv_lite_cma,evaluation,0.465872,0.498311,0.452406,-0.031425,3.789758,13,explicit_euler_dt1,hbv,success,,35.63,0.6103,-2.4997995874408976,9.99987506440037,0.0999888745423084,0.0819670202246622,486.6893295236381,5.999982433821296,0.2063090266540526,0.8545904796837214,0.1331845644533713,59.94463855127891,6.589687081703207,0.0010000000030565,1.0526904410128315,0.0,0.0,448.08182827757855,0.0,2842.513740162474,cal_final_2008-09-30
03460000,hbv_lite_cma,evaluation,0.389428,0.531264,0.408146,0.007528,2.45447,13,explicit_euler_dt1,hbv,success,,39.72,0.6089,-2.363192451366732,5.729380172175309,7.830026904448831e-05,6.10346855338706e-05,303.2041485394232,5.997536618545007,0.2577420450837426,0.8999830274896419,0.1078372982559627,49.628150055274936,4.090341969344325,0.0010000009235241,1.87155411699776,0.0,0.0,267.22089714039464,0.0,2073.8162661036285,cal_final_2008-09-30
03463300,hbv_lite_cma,evaluation,0.735917,0.806865,-0.041763,-0.160482,0.129879,13,explicit_euler_dt1,hbv,success,,35.19,0.7871,-2.3122972617754685,6.067438539042837,0.0506945533950209,0.1753878043003225,126.39157857103532,5.999890404029469,0.4115016120222379,0.8999999938640197,0.129870406383555,41.69018588049537,4.1937023876270505,0.0315092236589798,1.05550672563797,0.0,0.0,122.83396189634396,9.7401468191118,57.53932472537021,cal_final_2008-09-30
03471500,hbv_lite_cma,evaluation,0.3983,0.441497,0.491081,-0.00028,3.236453,13,explicit_euler_dt1,hbv,success,,48.99,0.5719,-2.1999886754795366,1.1825401070561106,0.000186715355949,0.0520958006112473,512.354292962973,5.999983023485763,0.2949389850440744,0.8663088789838984,0.0875465527436422,27.02521341517955,2.2484089304330537,0.0010000000008685,2.0901706264700035,0.0,0.0,456.2084692337693,3.9230361510144247,1294.2460802342869,cal_final_2008-09-30
03473000,hbv_lite_cma,evaluation,0.448086,0.498468,0.461332,0.070307,1.721541,13,explicit_euler_dt1,hbv,success,,52.16,0.5178,-1.3599887435405376,1.8547320356095127,0.0713747042346753,0.0602316765553461,337.9418745180729,5.999821381368032,0.3883693042707014,0.6747077109220848,0.1203039916056428,24.14741302292752,3.292951396902227,0.0261336003219485,2.396255444520701,0.0,0.0,296.6518755347858,0.0,37.48913076283964,cal_final_2008-09-30
03479000,hbv_lite_cma,evaluation,0.591814,0.419443,0.459918,-0.076017,4.224572,13,explicit_euler_dt1,hbv,success,,35.41,0.6217,0.1813362833399305,1.80898576891464,0.0002547406960682,0.0872695114395662,756.7901883504815,5.283601774646487,0.5480932663956231,0.899999473527931,0.1642352467948091,50.64554361939324,5.204572565868521,0.0010000065398362,1.9756027953024755,0.0,0.0,707.3019896512183,1.3091986259377957,2027.6869006169848,cal_final_2008-09-30
03488000,hbv_lite_cma,evaluation,0.499746,0.475052,0.446234,-0.062089,5.410383,13,explicit_euler_dt1,hbv,success,,45.92,0.5865,-2.338546128458678,0.7600952620583341,0.030026004235312,0.0993824261438303,333.0596487786518,5.963256010720157,0.3248017816987139,0.6915739213487679,0.1093076945296148,20.29273566977685,1.5995051252971657,0.0010000032109629,2.8335152302557,0.0,0.0,286.87446110834,1.3792860043850623,1037.0158398394492,cal_final_2008-09-30
03498500,hbv_lite_cma,evaluation,0.662724,0.474099,0.508394,0.098543,2.744974,13,explicit_euler_dt1,hbv,success,,35.22,0.6763,-1.830003388765284,4.403819162365714,0.031634296856229,0.0363175654078616,479.1571894279946,5.999997739751201,0.519214684861965,0.8999999992941493,0.1714288709674468,25.66257918647496,3.518620319412837,0.0344936589623938,1.6693941179972838,0.0,0.0,402.3959943122069,0.0,26.365878711577817,cal_final_2008-09-30
03500000,hbv_lite_cma,evaluation,0.393985,0.510028,0.45361,0.104668,2.03732,13,explicit_euler_dt1,hbv,success,,39.8,0.4526,-2.0620116935436217,9.13350827624728,0.0808252751854921,0.1184838383587259,999.9999416398272,4.095025321630988,0.2848654532698643,0.2529940562775946,0.0537043497280833,79.25519311449808,3.9007322373416353,0.0010000000002357,1.055091504551262,0.0,0.0,852.3855271268216,0.0,2415.0701115565425,cal_final_2008-09-30
03500240,hbv_lite_cma,evaluation,0.308464,0.459355,0.504092,0.102307,2.411251,13,explicit_euler_dt1,hbv,success,,36.04,0.4161,-2.4999241531795966,3.1281155263337035,0.026498133826739,0.1363850670727491,844.1230255305087,5.999997581417431,0.2133725360780235,0.8999968460817849,0.0780083083905791,84.38788030074754,4.858188727199451,0.0010000001025693,1.0038225322705272,0.0,0.0,744.3867959611442,0.0,2528.859240040833,cal_final_2008-09-30
03504000,hbv_lite_cma,evaluation,0.631689,0.704219,0.266736,0.045778,0.998455,13,explicit_euler_dt1,hbv,success,,36.25,0.657,-1.989951960861966,9.999881086007967,0.0723664790807613,5.02157830086251e-09,999.9950942916512,5.999999838217782,0.2276503973982492,0.7345882283682935,0.1126250130547528,87.99022079018906,9.672030379921896,0.0220880834889064,1.6310068542780765,0.0,0.0,900.0832713046748,0.0,76.88512305472585,cal_final_2008-09-30
03574500,hbv_lite_cma,evaluation,0.681445,0.573295,0.237334,-0.110281,14.347474,13,explicit_euler_dt1,hbv,success,,54.85,0.7047,-2.367033992126683,8.258400043802132,0.0995274786901109,0.0211673193402048,415.4868441967862,5.999999942916872,0.2581438028108626,0.5415255662484559,0.0529248127972252,17.200981225015266,1.222507118537212,0.0010000004099149,3.000778010115647,0.0,0.0,318.7682804269626,0.0,821.9345478676368,cal_final_2008-09-30
03592718,hbv_lite_cma,evaluation,0.34394,0.212425,0.740959,0.138951,7.532968,13,explicit_euler_dt1,hbv,success,,34.85,0.648,-1.1499230668566094,7.186061598014187,0.0014818931390925,1.1051604413327745e-07,753.7793116257433,5.999999683667759,0.2785664547125245,0.761385791543918,0.137307847263864,18.45983095186256,3.963915838742225,0.0010000000255499,1.9625673079410624,0.0,0.0,628.9768953912005,0.0,1428.316887216815,cal_final_2008-09-30
03604000,hbv_lite_cma,evaluation,0.598448,0.415807,0.47867,0.03171,2.495883,13,explicit_euler_dt1,hbv,success,,38.14,0.6978,-0.0999859408931023,9.999999523970764,0.0699310375031424,0.1999899849305302,385.2818017609416,5.999997735935373,0.2371948203258452,0.61596744962947,0.1476936191957847,35.683022145045314,4.3610207926284685,0.0010000000179695,1.9736546428204225,0.0,0.0,272.49923405392457,0.0,1547.6020764129885,cal_final_2008-09-30
04015330,hbv_lite_cma,evaluation,0.521985,0.500161,0.402268,-0.049212,4.717601,13,explicit_euler_dt1,hbv,success,,36.07,0.7025,-0.0304019514240034,3.198053894759793,0.0296695291233187,0.0629922729611385,344.0271505405757,4.775774243000596,0.249459939169643,0.8986660899529282,0.4999996910294331,59.413745682715145,4.653920228874446,0.0895168810813561,1.320131754973121,0.0,0.0,313.9116387345914,0.0,22.47217437201633,cal_final_2008-09-30
04024430,hbv_lite_cma,evaluation,0.496495,0.435102,0.452146,-0.163984,5.537329,13,explicit_euler_dt1,hbv,success,,78.17,0.6991,0.0500009186554035,2.261946683265712,0.0998127952734599,0.118471689653031,396.0008273614864,5.662419233245215,0.3817371917134291,0.3833498582377262,0.4870962034958181,96.75353661433974,4.4628984281558495,0.0010000000826688,5.43511877320447,0.0,0.0,367.9608014271971,0.0,861.1341647542282,cal_final_2008-09-30
04027000,hbv_lite_cma,evaluation,0.544672,0.378178,0.567494,-0.096282,4.220911,13,explicit_euler_dt1,hbv,success,,49.7,0.6865,0.0200072046699775,2.908092170068032,0.0175895116490643,2.551390185638495e-09,397.7478567857579,3.888326706869731,0.2662973303857455,0.5759582688888919,0.2633043010741243,14.90208465438082,4.839970290099773,0.0010000004529837,5.962011971778795,0.0,0.0,329.4134752715069,0.0,967.6958645545672,cal_final_2008-09-30
04040500,hbv_lite_cma,evaluation,0.425162,0.496116,0.155312,-0.334327,3.591253,13,explicit_euler_dt1,hbv,success,,77.29,0.7829,0.0200001208470235,3.716428096230549,0.007374541104988,0.0790286149709191,890.8734740415226,5.452640146621709,0.2012121910554188,0.113902058289933,0.0948820187056864,53.660378140914254,1.8491248554230209,0.0010000000077772,1.0000376363216326,0.0,0.0,796.6098532067768,2.558150048662708,834.3019633524121,cal_final_2008-09-30
04043050,hbv_lite_cma,evaluation,-0.356304,0.381769,-0.018804,0.170679,-0.208871,13,explicit_euler_dt1,hbv,success,,39.13,0.638,1.2800018452648176,2.0952133694240827,0.0514548614333047,0.1978597440551361,180.73998008323065,4.25711012774263,0.2000420054984863,0.2598236611308882,0.3982003969520515,93.09899740626352,3.66352587633673,0.1999999811628105,1.9851425236174007,0.0,0.0,125.93232021167468,0.0,1.834558994393052,cal_final_2008-09-30
04045500,hbv_lite_cma,evaluation,0.667425,0.696115,0.209233,-0.054696,1.253299,13,explicit_euler_dt1,hbv,success,,101.93,0.8098,-1.520003106717783,1.6075138439530223,0.0854483403731175,3.6654782094268894e-10,178.6340032596209,5.96778688611787,0.3157954848555587,0.0511299975050658,0.0192260871001686,36.71611963261904,1.043236573183814,0.0010000000011654,6.678018462853609,0.0,0.0,157.84259067352983,3.341186319026784,724.7285619127814,cal_final_2008-09-30
04057510,hbv_lite_cma,evaluation,0.396591,0.399404,0.472849,-0.104564,2.404596,13,explicit_euler_dt1,hbv,success,,46.25,0.5512,-2.3299834625272484,1.3863094068591246,0.083014435800901,2.493707427958493e-07,455.7485342253,5.999813250242773,0.2567414543794407,0.0500139269456106,0.0442981709758724,55.12201122351487,1.833748575026704,0.001000010322449,1.7547253166022836,0.0,0.0,373.59178802879546,0.0,1024.7360098954548,cal_final_2008-09-30
04057800,hbv_lite_cma,evaluation,0.423254,0.433788,0.278393,-0.295734,3.264186,13,explicit_euler_dt1,hbv,success,,59.32,0.745,-1.149575475910364,3.264993518545022,0.0195986847834903,0.0558531253037991,327.7830927209021,1.828500150755887,0.3510180264884978,0.2071252587568806,0.0707497405591194,92.80300130300763,3.0739781010151,0.0010000000710197,1.1776069282909416,0.0,0.0,203.90011807076064,0.0,1153.984270107985,cal_final_2008-09-30
04059500,hbv_lite_cma,evaluation,0.404138,0.145963,0.821068,0.040682,7.046983,13,explicit_euler_dt1,hbv,success,,60.42,0.6101,-2.260020693228326,1.5153899758936658,0.0232300272911291,0.1999998351679641,716.3341879599515,5.999718301113964,0.2686140755278929,0.050005673270972,0.0636441144132576,99.99783988689995,1.599564186246292,0.0010000000159083,1.320375325804564,0.0,0.0,589.1871572848723,0.0,823.5272048845637,cal_final_2008-09-30
04063700,hbv_lite_cma,evaluation,0.302937,0.25903,0.687789,0.036027,3.396403,13,explicit_euler_dt1,hbv,success,,97.78,0.462,0.1400214692121206,2.4385419609947947,0.038497017960212,0.0120822933708413,804.4491061971933,5.884552889745372,0.2000128909415633,0.1204409537377312,0.0717450099235802,52.58832617325864,2.5692010045427764,0.0010000001516684,7.975157382494842,0.0,0.0,680.451256790836,0.0,914.5087504285308,cal_final_2008-09-30
04074950,hbv_lite_cma,evaluation,0.065601,0.523217,0.45757,0.20495,1.129673,13,explicit_euler_dt1,hbv,success,,76.99,0.2366,-1.7388986758681335,1.3388225143073127,0.0042827067431008,0.1999168684875073,676.7113851257793,5.999836561050465,0.559328645926155,0.2941622032203063,0.0345711087968836,98.80822963236967,2.214724557233457,0.0010000002722828,2.946618065764816,0.0,0.0,560.2811691219108,0.0,965.5423878954535,cal_final_2008-09-30
04105700,hbv_lite_cma,evaluation,-0.032663,0.53707,0.287932,0.045949,0.906468,13,explicit_euler_dt1,hbv,success,,41.4,0.1632,0.030061538856811,4.670523619077617,0.0034441692975858,0.1944155127185599,613.3744370247741,5.503649836294505,0.5761656641108495,0.1204293859601613,0.0354733497976334,74.19774513965113,2.772795936176455,0.001000000024011,1.090910154282544,0.0,0.0,583.7034700198011,31.360482883334253,1187.2232960558,cal_final_2008-09-30
04115265,hbv_lite_cma,evaluation,-0.446392,0.290085,0.599476,0.12127,1.847519,13,explicit_euler_dt1,hbv,success,,40.37,0.1803,-0.3698028500556125,5.958047394593189,0.000264450236441,3.636782566097537e-07,953.214121757885,5.02595623953675,0.5461573181684677,0.8260275724380383,0.0851469901964842,42.88733618881229,3.9779989098732176,0.001000001348762,1.3495069351029343,0.0,0.0,828.6611603413551,0.0,1187.596187556381,cal_final_2008-09-30
04122200,hbv_lite_cma,evaluation,-0.264305,0.444733,0.290632,-0.039418,0.956156,13,explicit_euler_dt1,hbv,success,,101.58,0.4183,-1.9397363145387287,2.9271818939908214,0.0201415724753953,4.7278276820044376e-05,186.39994260161995,2.0130885266134064,0.2001181883421875,0.8070146763196498,0.0916337196721987,40.05176032262693,4.613086539164833,0.001000008975759,7.996674845929294,0.0,0.0,118.12421511348916,0.0,1213.2220637117452,cal_final_2008-09-30
04122500,hbv_lite_cma,evaluation,-0.054151,0.52429,0.271059,0.004082,0.818102,13,explicit_euler_dt1,hbv,success,,82.67,0.4809,-0.899992727120309,5.016823333377715,0.0769900640979781,3.0187081931547485e-05,178.9675022462842,2.152956404187633,0.2000003375539251,0.8947576305904763,0.0419025435987024,94.27285992822466,3.274182359455058,0.0010000001608532,5.158987198731901,0.0,0.0,111.05523033123134,0.0,1129.7012166615257,cal_final_2008-09-30
04127918,hbv_lite_cma,evaluation,0.383513,0.419874,0.371744,-0.139362,2.308788,13,explicit_euler_dt1,hbv,success,,85.49,0.4998,-1.600008243764603,1.4025256996516615,0.0998734353596423,7.283222228234292e-10,360.2982133820032,5.999997000409619,0.3143927820033621,0.818203596582083,0.0822315549486863,97.7521116001549,2.272638430096196,0.001000000006847,1.0785408819750535,0.0,0.0,311.4041695952477,1.5705509757415324,947.2163927122316,cal_final_2008-09-30
04127997,hbv_lite_cma,evaluation,-0.109623,0.553566,0.220375,-0.012307,0.521619,13,explicit_euler_dt1,hbv,success,,42.3,-0.5197,-2.419999513061564,0.9201535814655776,0.000632098839835,1.911283936363116e-08,297.55769127058534,1.0000000286998871,0.2807834774279392,0.7209109141651804,0.087796525183044,74.80849939570466,5.211204546066352,0.0010000000844937,1.901314925716996,0.0,0.0,128.21360680682696,0.0,1304.2600254558222,cal_final_2008-09-30
04161580,hbv_lite_cma,evaluation,-0.527881,-0.033525,0.883324,-0.0001,6.608928,13,explicit_euler_dt1,hbv,success,,102.15,0.004,-1.6099944408614142,3.305911363912887,0.099965926143856,0.0820500494543927,626.7545276279037,5.999990254766104,0.3000542376780405,0.5190343657292446,0.3395714106807897,94.1959670565562,5.548608317900908,0.0010000000182759,9.24479492971599,0.0,0.0,565.5472659062634,0.0,1146.9641051662295,cal_final_2008-09-30
04185000,hbv_lite_cma,evaluation,0.677754,0.447859,0.47045,-0.083506,11.035359,13,explicit_euler_dt1,hbv,success,,84.8,0.7289,-0.278954876917044,9.668820552429446,0.0387773760171643,0.1925698376882225,378.6961979032157,5.999365360749594,0.3349077032253762,0.8993931697521219,0.1698127918925035,58.80242723385406,1.3105595051661076,0.0010000043289988,5.240407822995639,0.0,0.0,313.7016855943449,0.0,730.9989897751768,cal_final_2008-09-30
04196800,hbv_lite_cma,evaluation,0.548961,0.252151,0.686781,-0.026013,113.960007,13,explicit_euler_dt1,hbv,success,,59.57,0.7083,0.0073770543053934,4.036203606333111,0.0021563936410287,0.098596274826536,252.76068583643192,5.999996801716878,0.3917217308318976,0.3866517233267335,0.0100024230691545,9.680546205008165,1.1730286995799144,0.0010000012875031,3.3948365099386977,0.0,0.0,156.2368373168117,0.0,818.4540313612797,cal_final_2008-09-30
04197100,hbv_lite_cma,evaluation,0.542387,0.201545,0.729943,-0.039994,67.2078,13,explicit_euler_dt1,hbv,success,,51.76,0.6747,0.8400027665142051,3.7171565081263385,0.0914160761484915,2.3369209304208482e-07,463.9080636015588,5.999999990230069,0.2805959388646948,0.8999997691962749,0.4501491276156145,55.60922784367776,2.259925445826955,0.0010000001173,3.6882223123138207,0.0,0.0,375.3212355073309,0.0,874.4011375256315,cal_final_2008-09-30
04197170,hbv_lite_cma,evaluation,0.541606,0.13065,0.771296,-0.049841,23.082324,13,explicit_euler_dt1,hbv,success,,33.16,0.6065,0.3699994081541065,4.775387518462586,0.0581851826812627,1.5913195237071015e-09,403.3716854572626,5.999997709618081,0.2064543727206269,0.6010251126742858,0.0800953980695023,8.427039308645895,1.612583575344525,0.0010000000488516,1.3729585541259557,0.0,0.0,325.1817435645395,0.0,879.8655591204982,cal_final_2008-09-30
04213000,hbv_lite_cma,evaluation,-0.05083,-0.205094,0.494478,-0.550811,39.402436,13,explicit_euler_dt1,hbv,success,,56.04,0.0893,-2.499999996367724,0.626443767533094,0.086374225107909,1.401630969632925e-10,62.86982221183726,2.016214952936448,0.2989137423308724,0.5154869614820891,0.1194772801327995,9.969730139717573,9.999999950136148,0.0010000000088309,3.3345656083700743,0.0,0.0,54.40352350428496,0.0,2421.8884364501446,cal_final_2008-09-30
04213075,hbv_lite_cma,evaluation,-0.285065,-0.698276,-0.999893,-0.999963,-0.999254,13,explicit_euler_dt1,hbv,success,,59.53,-0.3637,1.3415267238391766,9.739669293230302,0.0154423077954321,0.0730718562071764,455.587704987201,3.638841306972057,0.6982726661840997,0.4605654334216261,0.0737483664185417,15.11359811799116,5.566278413323476,0.001,9.97233665946842,8144.8400000000065,0.0,136.67631149616028,0.0,0.5590060987828526,cal_final_2008-09-30
04216418,hbv_lite_cma,evaluation,0.510925,0.426987,0.508555,-0.04029,5.649856,13,explicit_euler_dt1,hbv,success,,32.84,0.5521,-1.5300007882549225,1.9699606590637315,0.0408641541546035,1.2499938466282052e-08,429.30180760837743,5.998603310832762,0.2776105512747973,0.899953923890108,0.4639009039118384,18.806387604667936,5.573580099512458,0.0612902764585012,1.1868132611596491,0.0,0.0,387.13456567408105,0.0,17.292427951276483,cal_final_2008-09-30
04221000,hbv_lite_cma,evaluation,0.604867,0.564004,0.330897,-0.067385,4.398816,13,explicit_euler_dt1,hbv,success,,33.18,0.6906,-1.5800007422428153,2.246407339246129,0.0999999999511353,0.1259163393750717,363.5266063281268,5.999563196641895,0.5270283871485129,0.4620669231890019,0.2899014696790948,18.737971577898023,5.185703063541172,0.0828520179193429,1.5966310563292696,0.0,0.0,323.42497880409894,0.0,13.292610453945564,cal_final_2008-09-30
04224775,hbv_lite_cma,evaluation,0.535502,0.548214,0.284117,-0.154008,3.305816,13,explicit_euler_dt1,hbv,success,,32.13,0.5867,-0.3900018625073067,2.576997799019255,0.0999999963643172,0.1373545321267835,364.4470334857018,5.999157761696812,0.3447315966333214,0.8999602921189409,0.3787585940036129,18.843583735731585,5.947614287980353,0.0679684360575308,1.0040457610979718,0.0,0.0,331.2396238051207,0.0,18.060275438467,cal_final_2008-09-30
04233000,hbv_lite_cma,evaluation,0.552428,0.541568,0.361947,-0.021135,2.419482,13,explicit_euler_dt1,hbv,success,,33.15,0.536,-1.1000000490458286,1.7052174686905506,0.0990101862393239,6.518891013345203e-10,397.3108201012434,5.999996676593162,0.4885347888981374,0.2951432275082782,0.4687053435408901,54.7624323962958,7.452054109727109,0.0546397053080022,1.005945187967806,0.0,0.0,341.08277125086886,0.0,15.06444365398525,cal_final_2008-09-30
04256000,hbv_lite_cma,evaluation,0.720083,0.773956,0.149266,-0.084689,1.404135,13,explicit_euler_dt1,hbv,success,,42.7,0.7575,-2.0000014639467656,1.7161784778391456,0.0298630762714698,3.3231327228962366e-08,133.00349743893955,1.224176105387773,0.2000021104538467,0.5914354440477702,0.2628657100008224,18.38482585928186,3.748641506462463,0.0477543478120329,2.2427369044266823,0.0,0.0,88.87516188828317,0.0,28.932638819061324,cal_final_2008-09-30
04296000,hbv_lite_cma,evaluation,0.573092,0.548996,0.38339,-0.077829,3.585873,13,explicit_euler_dt1,hbv,success,,42.05,0.6643,-1.495294742713412,2.081903800487714,3.416113865270495e-06,0.0001180523456757,516.4135612501045,5.021468056540657,0.4537176576511594,0.3994147084000242,0.202521358723673,97.87997758320648,3.1779023975034457,0.0010010809676419,1.0660883791062632,0.0,0.0,463.927937153704,0.0,1648.6358270650603,cal_final_2008-09-30
05057200,hbv_lite_cma,evaluation,-2.688354,-4.228158,5.207134,0.975021,422.155017,13,explicit_euler_dt1,hbv,success,,109.68,-2.3528,2.499999870303972,7.533511443021458,0.0955867048614901,0.1999999055690416,999.9999929607023,5.999999905149723,0.2290215908165795,0.2412298648943524,0.2451068596030432,95.9716583163199,5.13933040342339,0.0010000000010241,9.572735247057263,0.0,0.0,805.2212542253176,0.0,356.1798918322005,cal_final_2008-09-30
05120500,hbv_lite_cma,evaluation,-3.425124,-4.165095,5.064684,0.472069,955.930535,13,explicit_euler_dt1,hbv,success,,87.17,-10.0059,2.4999991718509342,0.5000000456838719,0.0999999484597106,0.1999994803567274,999.9999999726948,5.999999995002903,0.2243014760312827,0.6147165451479333,0.0100026432452734,51.560528123089874,9.99967772407045,0.0010000000001955,9.08473849009664,0.0,0.0,801.0666774803171,0.0,286.19005432061823,cal_final_2008-09-30
05291000,hbv_lite_cma,evaluation,0.18313,-0.915013,1.868407,-0.02312,43.481464,13,explicit_euler_dt1,hbv,success,,62.35,0.4746,0.2403276618085152,8.897288781182636,0.0055511438853433,0.1999896863546063,209.1391399097516,1.7420738090809926,0.2017903637080512,0.8212726696463811,0.0850874106934141,19.549733217574524,4.309668531160259,0.0010000329928558,3.0565757320251223,0.0,0.0,111.85171954635436,0.0,686.5350314518223,cal_final_2008-09-30
05362000,hbv_lite_cma,evaluation,0.612761,0.472923,0.479675,-0.032882,4.864872,13,explicit_euler_dt1,hbv,success,,64.84,0.8146,0.7000001261698103,4.161905118129884,0.0986404174041372,2.2078369357860596e-09,476.7154239111612,5.999997885252276,0.2138360189786623,0.239346593614514,0.0553235315701258,25.62581892323544,1.1965413444387516,0.0010000000118333,2.942178854074664,0.0,0.0,382.3585965229136,0.0,599.0198100796262,cal_final_2008-09-30
05393500,hbv_lite_cma,evaluation,0.650418,0.668342,0.259947,-0.057932,3.196759,13,explicit_euler_dt1,hbv,success,,46.84,0.7653,0.3100003492452705,3.324899378013726,0.0561199355368171,1.0917214786719047e-09,305.3286695746426,3.359734916989906,0.3550802603001707,0.3808808894311548,0.046633593286621,22.114284334713,0.7452497199566486,0.0010000000973151,3.480357694836942,0.0,0.0,182.1297283548149,0.0,458.4012387223732,cal_final_2008-09-30
05399500,hbv_lite_cma,evaluation,0.494618,0.254083,0.689605,-0.022734,16.648945,13,explicit_euler_dt1,hbv,success,,33.44,0.5949,0.8700004708651567,6.9194725512826905,0.0431997777962348,1.5730753154129152e-07,380.9081931785561,5.999968861055268,0.2491914154368254,0.5053758607920069,0.1163879429975639,12.54846544994569,1.342226825685825,0.0010000000004919,1.1541531744923978,0.0,0.0,283.02165428230137,0.0,536.6101478123674,cal_final_2008-09-30
05408000,hbv_lite_cma,evaluation,-1.536291,-0.241684,1.129987,0.320276,2.366199,13,explicit_euler_dt1,hbv,success,,34.12,0.7065,0.1401712854293841,7.915386982090639,0.0775025882300269,0.1999991027793023,999.493168287872,4.095805002601459,0.7528827715469995,0.6490091629344495,0.0829547587831452,56.32251903625086,6.122399286408741,0.0010000014407461,1.868562341668414,0.0,0.0,845.617853559243,0.0,1366.7024857142335,cal_final_2008-09-30
05413500,hbv_lite_cma,evaluation,-1.201624,-0.472684,1.358736,0.28911,4.082598,13,explicit_euler_dt1,hbv,success,,36.43,0.6377,-0.4899837548669481,5.406661213384084,0.008388291459904,0.1056908667603747,999.9994347815772,3.7099819322112295,0.2304091878226284,0.8999998974618876,0.0754318540179152,43.08992549575604,6.953902774991121,0.0010000000100367,1.5934755984362186,0.0,0.0,839.9440958419091,0.0,1564.4982317384656,cal_final_2008-09-30
05414000,hbv_lite_cma,evaluation,-0.621486,-0.432434,1.325916,0.211295,4.528302,13,explicit_euler_dt1,hbv,success,,37.1,0.6808,-0.609999954037697,5.0336383529012325,0.0408653344129793,0.0850942321808626,999.9998593303702,2.767960701639406,0.2712521526364169,0.8999999986471847,0.0363177985089434,44.71088564046518,4.026153868738,0.0010000000022425,1.0016896965666515,0.0,0.0,816.183183939784,0.0,1517.014625596309,cal_final_2008-09-30
05444000,hbv_lite_cma,evaluation,0.173909,0.093953,0.720733,-0.041032,3.498057,13,explicit_euler_dt1,hbv,success,,33.6,0.3718,-2.299995681134659,9.99999803905456,0.0518668349649821,0.1748886905564752,475.4983820768826,5.9999906339207225,0.2653448632559497,0.7030225603343109,0.0234841001784434,39.05662741910937,2.960929729148533,0.0010000000061197,1.8229558394342595,0.0,0.0,436.7132512960841,0.2671601580401088,1383.0554855622074,cal_final_2008-09-30
05454000,hbv_lite_cma,evaluation,0.341893,0.002232,0.914154,0.193593,73.93971,13,explicit_euler_dt1,hbv,success,,32.76,0.4705,-0.9899875108310784,5.575329848912023,0.0699113497100812,4.154320260186171e-06,594.8481019491085,5.995910669067246,0.6640837039343819,0.8113638113195228,0.093986657245724,22.726640163953693,1.8628687062980016,0.0010000000443327,1.3196682773647548,0.0,0.0,538.3595034203572,3.712198562247763,946.8282843060408,cal_final_2008-09-30
05458000,hbv_lite_cma,evaluation,0.298224,-0.027375,0.983224,0.117713,8.634737,13,explicit_euler_dt1,hbv,success,,51.84,0.6488,-1.5750397015877484,2.492682745915679,1.401521909559378e-09,0.0849300823407381,575.5377025958525,5.999998815433257,0.2878428817601296,0.6721985785567999,0.0664267928822401,35.296289687620515,2.10467598641572,0.0010000000149941,3.1216365378615456,0.0,0.0,474.7088024403672,0.0,1019.505955720446,cal_final_2008-09-30
05466500,hbv_lite_cma,evaluation,0.519865,0.264426,0.703159,0.097182,10.994972,13,explicit_euler_dt1,hbv,success,,50.04,0.5723,-0.5274545862793993,9.999999532771543,3.1096315011207315e-10,0.1999999681864961,504.96544688605167,5.999999997040119,0.2596208784502452,0.1871227845836831,0.0495418553393762,20.8563143394371,1.584136421848334,0.0010000000060397,2.166645229692182,0.0,0.0,478.3230194819144,11.30831787090896,887.1141731382064,cal_final_2008-09-30
05487980,hbv_lite_cma,evaluation,0.609165,0.053447,0.847982,-0.082576,68.136666,13,explicit_euler_dt1,hbv,success,,41.96,0.5869,-0.899999995735087,2.8614199711832105,0.0570647349294821,1.4056921333443013e-08,517.2791620448749,5.999999906551754,0.2518757017051276,0.3646126445538931,0.4815004851756568,99.912953672288,3.5497157989609125,0.0010000000000165,2.118852772783172,0.0,0.0,479.5671603237778,0.0,974.7368597028844,cal_final_2008-09-30
05488200,hbv_lite_cma,evaluation,0.530025,0.083571,0.79851,-0.079407,168.423381,13,explicit_euler_dt1,hbv,success,,38.14,0.5231,-0.0499899059279855,9.999997066683129,0.0427076408765675,7.310746470782053e-07,721.1337454402919,5.999464019453189,0.4484768956851009,0.6951918828912116,0.0100017951747981,13.219239086181457,1.7626691771647378,0.0010000029606435,2.6684721236838915,0.0,0.0,664.0967860140864,4.356189053717417,960.0849377577524,cal_final_2008-09-30
05489000,hbv_lite_cma,evaluation,0.58101,0.047603,0.864888,-0.061284,70.329327,13,explicit_euler_dt1,hbv,success,,41.79,0.5585,-2.4999997061094263,4.804428893589665,0.0495373551426971,2.8251815118483466e-08,560.2592481667862,5.999999875942538,0.2005852289173983,0.5841475469325527,0.0100000432221502,5.678910614839708,2.427742975484108,0.0010000000006254,2.643741184583861,0.0,0.0,516.3435802498902,0.4139146328047309,991.6554328260364,cal_final_2008-09-30
05495000,hbv_lite_cma,evaluation,0.607459,0.171728,0.750269,-0.096972,82.85532,13,explicit_euler_dt1,hbv,success,,51.88,0.6472,-2.149985250234153,6.189662666556819,0.0804989992083824,0.1400021098960004,371.9066929037802,5.999997919850034,0.2584971016316315,0.5272398566904738,0.0166491423362349,9.981614725298416,1.721549126998279,0.0010000000688029,3.707803676095249,0.0,0.0,348.22932654274365,1.2548325368467224,920.3492804808968,cal_final_2008-09-30
05495500,hbv_lite_cma,evaluation,0.611782,0.145543,0.769027,-0.05406,94.750122,13,explicit_euler_dt1,hbv,success,,34.74,0.6318,-2.4999999998180065,9.999999999583997,0.0343867437143549,1.0325609072623803e-09,478.8713976516984,5.999999996557888,0.2013709965154541,0.6082290277013948,0.0338828329234111,11.959514283613531,1.6849598520105755,0.0010000000000421,1.0176822250016884,0.0,0.0,441.0503147528307,1.9984753313359669,863.6233613106225,cal_final_2008-09-30
05501000,hbv_lite_cma,evaluation,0.544995,0.176225,0.683496,-0.13761,50.588539,13,explicit_euler_dt1,hbv,success,,33.08,0.6608,-2.4199926797398223,0.699211163289756,0.0058464385101025,0.002072858621018,371.59914676857335,5.99999994691526,0.2006602520275665,0.5543875416742065,0.0368502129437881,14.175012876458922,1.7940600489484768,0.0010000006884759,1.0508115982889836,0.0,0.0,347.6562176608754,2.292360143184583,950.6081367643976,cal_final_2008-09-30
05503800,hbv_lite_cma,evaluation,0.567362,0.13647,0.728007,-0.198931,1670.031461,13,explicit_euler_dt1,hbv,success,,32.23,0.6647,-2.5,8.546151423134734,0.0562987185735011,4.300873246703554e-14,443.8652246272316,5.999999999999976,0.2013212593035486,0.6061771337418864,0.0297250445235262,9.228557774963525,2.5506713788997204,0.0010000000000001,1.240426040209503,0.0,0.0,418.4051102864568,0.0,1109.8417685612662,cal_final_2008-09-30
05507600,hbv_lite_cma,evaluation,0.532501,-0.149157,1.09367,0.061769,1302.668955,13,explicit_euler_dt1,hbv,success,,32.36,0.6611,-2.3399999442374133,9.99999991199913,0.0771122282534439,4.973286708919702e-08,352.6978024799748,5.99999896675754,0.3084344380868025,0.7997913248974858,0.0402146071840821,9.936371857326709,1.720866372981387,0.0010000000261977,1.6828650173015012,0.0,0.0,328.4265394644831,1.6200576289614814,841.7867556998565,cal_final_2008-09-30
05508805,hbv_lite_cma,evaluation,0.556422,0.00396,0.933327,0.008157,124.517785,13,explicit_euler_dt1,hbv,success,,32.5,0.6209,-2.49999999613658,9.99999998984324,0.0195455056879345,6.451664217769893e-10,412.49641371428254,5.999999987317539,0.2689968399691081,0.7152966672313562,0.0703679230558825,10.1599518104552,1.9769668206536484,0.0010000000000103,1.107001457476788,0.0,0.0,387.79796450862216,1.18246325544609,837.9249714646315,cal_final_2008-09-30
05525500,hbv_lite_cma,evaluation,0.538073,0.284977,0.647101,0.011586,34.168024,13,explicit_euler_dt1,hbv,success,,55.92,0.7009,-0.790001111065187,4.143710169367138,0.0607845143740226,0.1999999451485786,367.2189178267005,5.999999982484223,0.2908339801395738,0.831803264230646,0.3394573251652671,89.44854465525248,2.53518389696918,0.0010000000191011,3.960701539759401,0.0,0.0,339.7940291620931,0.0,1009.8055908844018,cal_final_2008-09-30
05556500,hbv_lite_cma,evaluation,0.450397,0.263059,0.641963,-0.004785,19.059173,13,explicit_euler_dt1,hbv,success,,39.73,0.6581,-1.060184909175886,8.116836346157354,4.046837383675906e-06,0.1982648105392545,490.6928281310858,5.999549295012996,0.2710444200479045,0.6781487936385172,0.0341788089540177,33.74112687406846,1.162699999625078,0.0010000088020044,2.002779157720696,0.0,0.0,467.6828099461111,21.64844852922836,834.7057012196468,cal_final_2008-09-30
05584500,hbv_lite_cma,evaluation,0.589669,0.055535,0.882013,0.00614,49.094947,13,explicit_euler_dt1,hbv,success,,67.37,0.5116,-0.130000495940076,8.131964899111049,3.6675008765167015e-05,9.04717190888469e-09,536.5671629311314,5.999999748399404,0.2157665183475374,0.6651648845772908,0.3485220894356092,71.15589190799683,3.5050780101208776,0.0010000000003769,4.098568482076457,0.0,0.0,497.5494802121822,0.0,912.8972883182716,cal_final_2008-09-30
05591550,hbv_lite_cma,evaluation,0.578807,0.149859,0.833003,0.238324,105.913314,13,explicit_euler_dt1,hbv,success,,33.4,0.6613,-1.059999734521657,2.294050628459636,0.0065424248081646,6.723274911445299e-10,471.6355874876305,5.999999989673899,0.2940735406685109,0.8999999999985955,0.4999999999951136,1.8704437268060198e-09,7.697348650281434,0.0939939711779539,1.7436928127103672,0.0,0.0,416.58854554988966,0.0,10.52093844713992,cal_final_2008-09-30
05592050,hbv_lite_cma,evaluation,0.572282,0.036406,0.890247,0.007125,267.638391,13,explicit_euler_dt1,hbv,success,,33.85,0.7014,-0.6100000709314912,2.9027445878873523,0.0757862630674063,0.1478564807265811,537.1394729430522,5.999979832858969,0.3000930996801169,0.6726282164988099,0.0354430145714889,21.10226724331108,1.3922435346120696,0.0010000000545571,1.051815645204192,0.0,0.0,496.2881006679772,4.102223479797564,917.3385649801384,cal_final_2008-09-30
05592575,hbv_lite_cma,evaluation,0.603044,0.047142,0.900474,0.022704,202059.384473,13,explicit_euler_dt1,hbv,success,,34.04,0.6225,-2.350002257342044,1.132071105532428,0.0999415838445814,0.0640304174130272,487.0171994705197,5.999999697808098,0.299459809804585,0.89999987928716,0.4999999747905257,2.270507472833007,3.377435730795082,0.0010000000061774,1.2400047506119087,0.0,0.0,423.3671485709997,0.0,978.8194113280896,cal_final_2008-09-30
05593575,hbv_lite_cma,evaluation,0.690609,0.259829,0.667353,-0.028713,122.231623,13,explicit_euler_dt1,hbv,success,,38.78,0.6867,-1.0851373654437664,2.117791177591862,0.0490935286818962,0.0459316904677612,221.8014193096152,5.999986671958016,0.2000042608791032,0.5390399918632797,0.3911584125988981,25.507937037445345,2.4565176670522293,0.0010000136032326,1.9949577771525024,0.0,0.0,185.3890660166145,0.0,782.8147032111468,cal_final_2008-09-30
05593900,hbv_lite_cma,evaluation,0.475786,0.051359,0.893986,0.107139,262.03312,13,explicit_euler_dt1,hbv,success,,35.01,0.6892,-2.155097261527499,1.6174024467807555,0.0783348149539157,0.1978307400669618,224.6245087082518,5.99996862325722,0.2504747723916657,0.7353800499020083,0.0120078333862966,23.04056721093206,0.9846344270279304,0.0010000022106986,1.499656680257721,0.0,0.0,202.8189185559757,14.428994045903844,675.3529811981916,cal_final_2008-09-30
05595730,hbv_lite_cma,evaluation,0.613632,0.088191,0.807205,-0.001359,3033.239305,13,explicit_euler_dt1,hbv,success,,35.43,0.6093,-0.8997722880641221,3.480431942749965,0.0661212761955449,0.1577117415294483,351.3615299112242,5.99998576889923,0.2055497894972511,0.6707586493719485,0.055456999257075,12.830220863028575,1.3559398463070391,0.0010000001051289,1.9762941878694364,0.0,0.0,286.8514692382949,0.0,812.0031053802762,cal_final_2008-09-30
06221400,hbv_lite_cma,evaluation,0.605147,0.773791,0.123442,-0.03323,0.270484,13,explicit_euler_dt1,hbv,success,,86.67,0.7685,-0.1600000810793052,1.7819312484260974,0.0662091702379465,1.4931708593327692e-10,50.00000771142609,1.0000000258488886,0.9999999995382484,0.2363213781473601,0.0961686862960869,97.66265568808642,9.999999995088192,0.0249900242261635,1.0852887038730297,0.0,0.0,28.33187859717904,0.0,44.59213953636899,cal_final_2008-09-30
06224000,hbv_lite_cma,evaluation,0.776171,0.83508,-0.0463,-0.12533,-0.345551,13,explicit_euler_dt1,hbv,success,,49.21,0.8404,-0.910003723010119,1.7491872089311375,0.0962823887486955,0.0015929136511274,62.485482986165486,1.1057055175352004,0.2000027511256374,0.0659846047688768,0.1712372334038058,85.23567398404163,9.953064741687012,0.0245795402697987,1.764226690348775,0.0,0.0,18.630280098307,0.0,27.044090451544307,cal_final_2008-09-30
06278300,hbv_lite_cma,evaluation,0.780582,0.834114,0.126094,0.055899,-0.847442,13,explicit_euler_dt1,hbv,success,,38.91,0.8201,1.9099999993789405,7.002288429228319,0.0022485400351281,2.8749421090955095e-12,822.813498502202,1.0000000003871914,0.4930401746385123,0.2148238696483501,0.0477989522869638,5.030605434884862e-10,9.999999999579153,0.0610537118944507,1.2038593011071863,0.0,0.0,521.0102293444609,0.0,12.242971627835004,cal_final_2008-09-30
06280300,hbv_lite_cma,evaluation,0.491107,0.52372,0.308708,0.255664,-0.752801,13,explicit_euler_dt1,hbv,success,,42.95,0.7984,1.5100000346229967,2.7212531459834617,0.0020239372525951,1.6311430570787531e-09,999.9998948266636,1.0000000192908405,0.565067169268124,0.5183558646093949,0.3124256932475014,29.44597533855508,9.999999941243791,0.0419865486100668,1.2169092164168085,0.0,0.0,594.8300027007804,0.0,20.28860904833728,cal_final_2008-09-30
06289000,hbv_lite_cma,evaluation,0.406626,0.537215,0.392261,0.215945,0.842478,13,explicit_euler_dt1,hbv,success,,60.51,0.7481,-2.4400002568921493,0.6266479856829837,0.0217587122757184,0.1999999985518856,999.9986422968436,1.7265024184306088,0.2210375164760874,0.0500000030551393,0.0209065638115564,55.98795077474739,0.8466042510241911,0.0010000000295244,6.63470889153473,0.0,0.0,653.4360351730955,0.0,475.8773378500917,cal_final_2008-09-30
06291500,hbv_lite_cma,evaluation,0.376075,0.644142,0.152459,0.195024,-0.502274,13,explicit_euler_dt1,hbv,success,,66.93,0.7672,2.499981795795989,0.535085505915187,0.0990257198997687,0.0024880394185997,428.55537321359,1.3528322959927048,0.200005518605108,0.101442708300884,0.1277013307658686,73.5479454144165,9.99999766564956,0.0654315938563948,1.9646262590008128,0.0,0.0,158.33257349471424,0.0,3.247445808828484,cal_final_2008-09-30
06311000,hbv_lite_cma,evaluation,0.649809,0.683449,0.263478,0.084925,-0.396283,13,explicit_euler_dt1,hbv,success,,40.49,0.7051,2.1800003049462884,6.40842374696609,0.0674437368416145,3.898597185430656e-08,999.9965052658127,2.0941934980125225,0.3391002796102693,0.4415941124602085,0.0565745506451095,34.19283269332296,7.564298508089443,0.0520361605159569,1.0073259927631173,0.0,0.0,673.1135951875739,0.0,9.42828832861575,cal_final_2008-09-30
06332515,hbv_lite_cma,evaluation,0.078309,0.11572,0.491464,-0.186097,29.875663,13,explicit_euler_dt1,hbv,success,,36.1,0.1088,2.169999724734449,4.6390372888176,0.0429144127261996,0.1999999954398851,999.999983840924,4.434727553723264,0.2339708748992032,0.7654842988186021,0.4999999999096917,28.752636447350653,9.96577409034196e-10,0.1768434164837146,1.0372241216140874,0.0,0.0,345.5686562890211,0.0003857977572429,4.638788774506879e-09,cal_final_2008-09-30
06339100,hbv_lite_cma,evaluation,0.04063,-0.624061,1.248964,-0.362318,202.252073,13,explicit_euler_dt1,hbv,success,,40.71,0.3844,-2.3815311699778654,0.518589941537568,0.058189265537008,0.1995513791977141,202.60718565366807,5.999742701861157,0.2000049683622227,0.899942300003573,0.3253398519945118,4.470970987504167,4.862971750910672,0.0010002751007669,1.8641545232347427,0.0,0.0,25.36611223137968,0.0,131.5411286267455,cal_final_2008-09-30
06344600,hbv_lite_cma,evaluation,0.012712,-0.26679,0.971718,-0.259069,112.886251,13,explicit_euler_dt1,hbv,success,,35.42,0.1105,1.060275221598221,9.999999980847535,0.0999999981576158,0.199999999610589,999.9999997025178,1.6210891416523074,0.2000000000100005,0.2634014156629833,0.4999999998984791,35.51185874991262,0.6841604111531052,0.0010000000000001,1.7874304433013548,0.0,0.0,129.95324043864505,0.0,77.60596266826593,cal_final_2008-09-30
06350000,hbv_lite_cma,evaluation,0.108983,0.072981,0.028712,-0.325396,0.346209,13,explicit_euler_dt1,hbv,success,,58.12,0.1143,2.455713096926241,9.999999997329178,0.002921716507794,0.1999999546256737,999.999999979861,2.724196368176141,0.2000000003220274,0.5928601611836521,0.2270994422871868,96.74567756285296,8.523476653712912,0.1999999999860971,3.6989952423497017,0.0,0.0,125.79580883745469,0.0,0.0065695928481154,cal_final_2008-09-30
06352000,hbv_lite_cma,evaluation,0.019327,-0.065196,0.722403,-0.000181,5.494189,13,explicit_euler_dt1,hbv,success,,56.12,0.1034,2.2200003213652924,9.999999904591531,0.0116420172142007,0.1500624025003005,999.999765841703,2.555830097974653,0.2000000028993006,0.0525553754557727,0.3749491354394487,99.9543980248576,9.39239717183755,0.1999999979533564,3.7339214997476415,0.0,0.0,134.05164458043222,0.0,0.0078060193163981,cal_final_2008-09-30
06404000,hbv_lite_cma,evaluation,-1.05553,-0.671252,1.410781,0.893601,8.219716,13,explicit_euler_dt1,hbv,success,,36.81,0.5266,0.8665308522406217,3.3028614131284537,0.0563124385815236,1.5493219821751082e-05,999.9894983684808,5.138487196246369,0.2000017593949817,0.8999999968852761,0.1078586827806393,4.575057130026134,0.4651135963898668,0.0010000002392833,1.9988177215666627,0.0,0.0,708.5319017860608,0.0,118.51499746084772,cal_final_2008-09-30
06406000,hbv_lite_cma,evaluation,-7.228147,-1.760656,1.714566,1.195542,8.096988,13,explicit_euler_dt1,hbv,success,,44.85,0.0752,1.3657150625459151,8.117079229741861,0.0057596005081898,0.0710203064288229,998.8875201735126,3.494991551485258,0.2820235050455029,0.8947912463361196,0.0727511454616928,2.0429444122512708,0.305069471262139,0.0033669275265179,1.869492049499512,0.0,0.0,482.3264896174375,0.0,24.59973445432957,cal_final_2008-09-30
06409000,hbv_lite_cma,evaluation,-21.201873,-1.846047,2.757208,1.501683,5.383579,13,explicit_euler_dt1,hbv,success,,96.72,-8.5013,1.0695711224328592,9.933401582257726,0.0274785110119234,0.1999908103523553,999.9999999926048,5.999997026392993,0.2157218811078715,0.1429642837022628,0.0100000785474851,56.23419646841791,9.999877258467588,0.001000000000391,9.960036242251396,0.0,0.0,842.1956177520779,0.0,513.9728015103462,cal_final_2008-09-30
06431500,hbv_lite_cma,evaluation,-5.422645,-0.661054,1.628269,0.842256,3.204655,13,explicit_euler_dt1,hbv,success,,65.35,-1.1461,-0.3999996463965214,4.450409245255004,0.088826887543222,6.396409785000918e-08,1000.0,2.3465648689817624,0.2000000088360965,0.4388198025270042,0.1038587446753733,31.780909405821824,9.99999998285618,0.0010000000000612,1.5890156229135175,0.0,0.0,718.4114493791297,0.0,842.388554244681,cal_final_2008-09-30
06440200,hbv_lite_cma,evaluation,-0.005899,-0.20086,0.969524,0.220342,8092.25935,13,explicit_euler_dt1,hbv,success,,49.63,0.2218,-0.2795965816186654,4.666045366259802,0.0551503217036868,0.1480715935404129,980.6038731624388,2.833684427544489,0.342826943359246,0.0800157518610297,0.4999999999361129,14.087304888154998,0.0452121728132995,0.1795726456539628,3.704473248704952,0.0,0.0,353.02859974851106,0.0,0.0962509697696242,cal_final_2008-09-30
06447500,hbv_lite_cma,evaluation,-8.134226,-1.980919,2.315917,1.356174,3.170149,13,explicit_euler_dt1,hbv,success,,66.41,0.0593,1.359949040528022,6.223064886014868,0.0013943749909848,0.1999999781895415,999.9998333712498,2.3924282426764134,0.2000000238962326,0.7327101470209195,0.1052182076889345,62.15210363248785,0.3714413930717032,0.0012584513594433,7.035115515920712,0.0,0.0,285.6659467369631,0.0,45.84606578239868,cal_final_2008-09-30
06470800,hbv_lite_cma,evaluation,-3.422257,-5.074651,6.026323,0.891928,8597.779525,13,explicit_euler_dt1,hbv,success,,100.86,-7.5219,2.4999999638051813,8.250383010106585,0.0385144801968938,0.1999999979837536,999.9999999918244,5.99999999972494,0.2705389992136393,0.1214006406331431,0.0704194476366381,79.312016318904,5.822077656221226,0.0010000000000048,9.02923565799242,0.0,0.0,809.0956576545495,0.0,362.3196711233176,cal_final_2008-09-30
06477500,hbv_lite_cma,evaluation,-0.959914,-3.407822,4.332312,0.368745,8389.629559,13,explicit_euler_dt1,hbv,success,,88.19,-0.2084,2.499995169649292,0.5000002526411513,0.0999996124278963,0.1999998353735535,999.9999967562512,5.999999986124108,0.2303808813350411,0.2266405745385716,0.115143878117732,85.16012079401828,4.996771078977595,0.0010000000023276,6.903123100647084,0.0,0.0,794.7620566265496,0.0,406.6076869546048,cal_final_2008-09-30
06479215,hbv_lite_cma,evaluation,0.169547,-0.84918,1.745687,-0.082368,178.868999,13,explicit_euler_dt1,hbv,success,,91.19,-0.1162,1.3226810126914286,6.893613600863244,0.0498273696495748,0.136820958668738,999.9996793493094,5.999989752154443,0.2730697660734861,0.7992740235836834,0.2627811345717363,11.61807553821682,6.697723141212962,0.0010000000019852,7.941673167227264,0.0,0.0,852.7912189272379,0.0,622.0882061176972,cal_final_2008-09-30
06601000,hbv_lite_cma,evaluation,-0.020159,-0.369697,1.196205,0.083427,7.442302,13,explicit_euler_dt1,hbv,success,,44.81,-0.1273,-2.480034378864754,3.2081371107539627,0.0871961317428739,0.1999981086065371,999.9999178191978,3.18271177224594,0.2120705597840622,0.0969126258350673,0.2617082984845679,50.10493746615933,6.670081104735085,0.0010000000027378,1.1399673197836586,0.0,0.0,746.0146937050017,0.0,780.8501600761635,cal_final_2008-09-30
06614800,hbv_lite_cma,evaluation,0.846766,0.872009,0.087572,0.023629,-0.68611,13,explicit_euler_dt1,hbv,success,,79.81,0.8417,1.6599999558051506,4.329049001726059,0.0042184136119783,7.220311536307662e-10,999.9998839145768,1.000000101722039,0.2700553414395222,0.4311725963048243,0.1332062946883298,97.1557292775401,9.99999997957111,0.0425047412531887,1.3330383493810445,0.0,0.0,711.5683890665451,0.0,41.7637697183597,cal_final_2008-09-30
06622700,hbv_lite_cma,evaluation,0.711457,0.613362,0.364371,0.112586,1.011725,13,explicit_euler_dt1,hbv,success,,37.86,0.6881,0.1199931160489913,3.010791477166302,0.0064626222526136,1.63180205846434e-06,999.9955365454372,1.000000406659819,0.5186209232602297,0.5325976586927818,0.2250425634709094,10.153228954032,9.99999790256404,0.03305774909411,1.0209594459959337,0.0,0.0,564.7461583259533,0.0,25.00033617169437,cal_final_2008-09-30
06623800,hbv_lite_cma,evaluation,0.57726,0.331082,0.647371,0.192577,4.228194,13,explicit_euler_dt1,hbv,success,,87.31,0.7961,-0.6099902274057032,2.783610601619232,0.0215857983703424,1.990738235073425e-09,999.9998674624176,1.0000000077580684,0.2398495843610785,0.050000002065663,0.0100000030333318,99.99645561075356,2.3237510537219386,0.0010000000614617,1.576268560038785,0.0,0.0,698.0967916294791,0.0,1262.484351440806,cal_final_2008-09-30
06632400,hbv_lite_cma,evaluation,0.711099,0.638107,0.336067,0.107436,-0.265624,13,explicit_euler_dt1,hbv,success,,61.55,0.6585,-1.1428129848344517,5.519047099676813,0.0004901742279045,3.3750687372317395e-11,156.1439127337291,1.000000037620738,0.2000005834689983,0.1130487574269289,0.0148954862303526,87.37698467463949,9.999999988642918,0.0296380306655372,3.0878427657214527,0.0,0.0,24.59986942510468,0.0,12.529960396393228,cal_final_2008-09-30
06746095,hbv_lite_cma,evaluation,0.759533,0.697907,-0.232157,-0.203091,-0.687911,13,explicit_euler_dt1,hbv,success,,79.09,0.8468,2.479996918165731,4.26473344522933,0.0481118413191669,0.0319559926328876,50.000322010033486,1.0000002523553562,0.9999997270509032,0.1536875023354652,0.044431135180584,76.62348547167846,9.999996215638763,0.0646288722618184,1.0710128528139728,0.0,0.0,34.15101345978427,0.0,23.290775350196885,cal_final_2008-09-30
06803510,hbv_lite_cma,evaluation,0.50111,-0.634325,1.532646,0.155254,9.836284,13,explicit_euler_dt1,hbv,success,,32.62,0.6923,0.1299987804561952,7.355308472390039,0.0775194923131485,6.238256160076212e-05,521.1708596024279,5.99999238165276,0.4989458303966427,0.8999998035821767,0.233301120247805,9.78785027469818,5.439518585059181,0.0010000000018154,1.8199197188746847,0.0,0.0,433.6407378492582,0.0,785.9289800596102,cal_final_2008-09-30
06803530,hbv_lite_cma,evaluation,0.464304,-0.758511,1.68889,0.155189,11.170267,13,explicit_euler_dt1,hbv,success,,32.43,0.6421,-1.7399994971188573,5.31838560939528,0.0624889873767278,4.6329344066284276e-10,999.9999736883648,5.999999989032661,0.2467884481946101,0.8543449970635602,0.3653511574879822,14.672186697808282,4.968366375193511,0.0010000000000011,1.4287640798276915,0.0,0.0,858.9286607533625,0.0,759.3122054739798,cal_final_2008-09-30
06814000,hbv_lite_cma,evaluation,0.563617,-0.049123,0.998371,-0.004972,43.035433,13,explicit_euler_dt1,hbv,success,,32.76,0.6072,-2.499999999987955,1.2452499532915966,0.0146641989241486,7.095032557066773e-12,200.7573178714444,5.999999999621863,0.2000000002618136,0.5032220137180599,0.1394388321378694,9.771287687559717,3.7618838701148265,0.0010000000000012,1.2961583226632558,0.0,0.0,155.25999713784103,0.0,806.6292335936355,cal_final_2008-09-30
06847900,hbv_lite_cma,evaluation,-16.121758,-10.843427,11.474576,8.544943,85.649676,13,explicit_euler_dt1,hbv,success,,34.47,0.0763,-0.1099999903477302,9.595731799605971,0.0914308351060495,0.199999999913463,999.9999999932244,4.427925981466553,0.200000000000135,0.1936504172987199,0.0190223730794177,58.1264333866361,8.594666688113001,0.1999999999989604,1.456545651260303,0.0,0.0,351.854284492048,0.0,0.0145749999724456,cal_final_2008-09-30
06853800,hbv_lite_cma,evaluation,-0.194247,-2.065369,3.032924,0.463715,71.472576,13,explicit_euler_dt1,hbv,success,,54.71,0.1206,1.5334040340074209,0.502035161731925,0.0143284646689087,0.1999986343312396,999.9999965901852,5.999999941592396,0.2000000052950933,0.8762504579590811,0.288638605875709,67.73791736225661,5.640976509174474,0.0010000000151172,3.3493297149933223,0.0,0.0,856.0535840640293,0.0,557.0561834035027,cal_final_2008-09-30
06876700,hbv_lite_cma,evaluation,0.409539,-1.025582,2.020202,0.278773,86.632355,13,explicit_euler_dt1,hbv,success,,65.88,-0.19,-1.7788060574051143,1.5265964437084725,0.0043242634040954,0.1560129677228669,999.9995148951572,5.999997864507553,0.2083749066628214,0.2682359238671864,0.0614915854335089,11.262957736000445,2.5744654746129263,0.0010000000285692,4.723235134146734,0.0,0.0,851.8865593956533,0.0,478.7701702839457,cal_final_2008-09-30
06878000,hbv_lite_cma,evaluation,0.455028,-0.198289,1.110558,-0.012547,18.906257,13,explicit_euler_dt1,hbv,success,,42.64,0.514,-0.5105305789315384,2.1372873545662627,0.0112821897987458,0.0011056073655088,369.6026495014452,4.67632380117818,0.2711055497794665,0.6592352191692709,0.1410444009080283,22.982521991098302,3.3161778748360984,0.0010000000206015,2.1729502653604924,0.0,0.0,298.4879236369256,0.0,601.3130575050669,cal_final_2008-09-30
06879650,hbv_lite_cma,evaluation,0.333802,-0.186495,0.97961,-0.311011,,13,explicit_euler_dt1,hbv,success,,32.49,0.4047,-1.6198817071786968,4.00779986939737,0.0008910732048211,2.747080643537442e-05,361.319861153821,5.999995058715018,0.2000146995468001,0.8999966195248785,0.3673068311796409,22.19831144903173,8.890707980960737,0.0010000000737776,1.7796853995652682,0.0,0.0,326.0120120782083,0.0,1104.2222021380207,cal_final_2008-09-30
06885500,hbv_lite_cma,evaluation,0.557413,-0.129451,1.114568,0.133022,28.859739,13,explicit_euler_dt1,hbv,success,,34.74,0.6314,-2.207999992767208,9.99999999484081,0.0172738253250822,1.0160346808564866e-10,186.5590282532192,5.99999999732419,0.2000000000032028,0.4671576170326867,0.112310120467462,11.46992282964636,3.175317882161865,0.0010000000000031,1.25425407347022,0.0,0.0,158.21282465302403,0.0,790.0991990690925,cal_final_2008-09-30
06888500,hbv_lite_cma,evaluation,0.5491,0.141708,0.706987,-0.16707,22.905553,13,explicit_euler_dt1,hbv,success,,33.63,0.4809,-1.5765456376734095,0.500000006413079,0.0600848413704334,0.1162175678609217,381.5096945315668,5.479647261511469,0.6090076218885294,0.2074699933779747,0.4437879955690931,71.46285496762661,5.264219513474917,0.0010000000000946,1.7274058235009333,0.0,0.0,341.55436934941986,0.0,994.6514055799952,cal_final_2008-09-30
06889200,hbv_lite_cma,evaluation,0.534065,0.051052,0.872177,-0.02874,37.097924,13,explicit_euler_dt1,hbv,success,,34.83,0.3015,-2.499999994357718,1.31373089010345,0.0549994192702682,1.6836140019219523e-08,102.93634272132402,5.999999999348313,0.2000000032552839,0.4829188234771681,0.2379952373524236,10.641003096019114,4.844122446592092,0.0010000000073478,1.8977599882187937,0.0,0.0,78.42467956601877,0.0,832.1842887126393,cal_final_2008-09-30
06889500,hbv_lite_cma,evaluation,0.643134,0.060198,0.879504,-0.000904,25.112865,13,explicit_euler_dt1,hbv,success,,37.93,0.4635,-0.8792043647853447,0.5000000001666866,0.0001634652834483,1.0874317239832477e-11,197.93966127383385,5.999999997696605,0.2000000067691443,0.4853511673834558,0.2533270412093436,8.76110903802273,3.791254852113864,0.0010000000001491,1.1363223570347685,0.0,0.0,171.38359613113013,0.0,844.5384582126853,cal_final_2008-09-30
06892000,hbv_lite_cma,evaluation,0.6285,0.044224,0.903008,-0.018368,65.841104,13,explicit_euler_dt1,hbv,success,,55.17,0.6884,7.416029921625267e-05,0.5496017130107781,0.0002271569384513,3.28281550184442e-07,287.25281480395967,5.999957600613671,0.2043560172169733,0.5091989298387479,0.0100101776215393,3.966265937381789,3.1142665786856223,0.0010000000025909,3.262016410565222,0.0,0.0,263.5736586141418,0.0,949.1085262877692,cal_final_2008-09-30
06903400,hbv_lite_cma,evaluation,0.519693,0.020006,0.850771,-0.075558,176.940024,13,explicit_euler_dt1,hbv,success,,63.63,0.6427,-1.3434978240981246,7.327257304777703,0.0641886934002654,0.0421944530885006,547.6421179633517,5.999996742683974,0.2710982014269668,0.4552287482368012,0.0100085636226311,8.110321101731033,2.050719267552706,0.0010000000168483,3.522726191785971,0.0,0.0,507.1513319748685,1.0275218101318653,985.7046184056512,cal_final_2008-09-30
06906800,hbv_lite_cma,evaluation,0.676009,0.233925,0.703679,-0.027273,53.316751,13,explicit_euler_dt1,hbv,success,,34.89,0.6466,-2.4999999999246727,9.999999998349734,0.0391332361493254,6.977325375412284e-12,317.63761382778017,5.999999998976832,0.5856883104432224,0.5464471002558737,0.0891367421008769,8.387372930195728,2.5479514046729763,0.0010000000000052,1.1827490983629347,0.0,0.0,288.7069423314502,0.0,997.034319392154,cal_final_2008-09-30
06910800,hbv_lite_cma,evaluation,0.611077,-0.091013,1.030915,0.011414,362.101209,13,explicit_euler_dt1,hbv,success,,35.48,0.5928,-1.6300011093834437,0.5000000022483949,0.0833259137960427,0.0459010049553326,308.92629853927383,5.999982629868073,0.2863266759562445,0.6990158471054608,0.1605297254170343,14.46764888084184,3.140381235823871,0.0010000000344631,1.5684166973564229,0.0,0.0,279.9825565322418,0.0,924.6395981900496,cal_final_2008-09-30
06911900,hbv_lite_cma,evaluation,0.591442,-0.16837,1.110142,0.049334,801.326946,13,explicit_euler_dt1,hbv,success,,35.49,0.5903,-0.9500084878733928,0.5000000020342885,0.06721429468412,0.0398685853821382,217.74625439182168,5.999999901947467,0.2000015673424505,0.7351747970305517,0.1571761434097044,12.782750246513022,3.1777333203742057,0.0010000000067953,1.0155791155373572,0.0,0.0,191.24324139528235,0.0,947.8851129136184,cal_final_2008-09-30
06917000,hbv_lite_cma,evaluation,0.618004,0.298108,0.5833,-0.110816,313.144901,13,explicit_euler_dt1,hbv,success,,54.58,0.69,-0.49000312566129,3.785885412364643,0.0511464668920851,0.0971657071770145,300.303039225086,5.9999915207533725,0.2000052816557192,0.6262955292797473,0.0100006920052896,7.64916773948846,2.674332380876297,0.0010000000172851,3.266441764480142,0.0,0.0,265.7366367767746,0.0,973.0292617863428,cal_final_2008-09-30
06918460,hbv_lite_cma,evaluation,0.564423,0.255838,0.610826,-0.116715,10.66568,13,explicit_euler_dt1,hbv,success,,46.24,0.4781,-1.7299989952703552,9.99999374229607,0.0617188336840368,1.36646922032467e-08,635.4259213872219,5.999999507493811,0.2192744362615931,0.4901763495618464,0.1324445160958998,30.69412243993127,3.917127524496559,0.0010000000233625,2.6955564212315872,0.0,0.0,567.2532013170876,0.0,1414.8203667748458,cal_final_2008-09-30
06919500,hbv_lite_cma,evaluation,0.636687,-0.073337,1.05741,0.117427,151.765532,13,explicit_euler_dt1,hbv,success,,55.01,0.6457,-0.4199986191589202,9.999966766749104,0.0696304759024005,1.360180544491706e-06,377.1344982874254,5.999999986722441,0.2018116338126294,0.4758319301358791,0.0233320356910377,7.478697414308607,3.0120182903046366,0.0010000000309555,3.02906031433756,0.0,0.0,341.7114564880163,0.0,1140.311401007195,cal_final_2008-09-30
06921070,hbv_lite_cma,evaluation,0.716954,0.322423,0.643075,0.008007,26.354799,13,explicit_euler_dt1,hbv,success,,34.4,0.6511,-0.0099997806231448,9.469568617562969,0.0507297079851685,1.134248655681181e-06,459.0774820406597,5.999999789547205,0.2543003632619003,0.7506401564695819,0.0665994681917943,21.420140503849023,1.6576952076597526,0.0010000000555683,1.097151438875987,0.0,0.0,419.31748189614507,0.0,989.2323618317776,cal_final_2008-09-30
06921200,hbv_lite_cma,evaluation,0.636892,0.116739,0.835915,0.000275,113.886614,13,explicit_euler_dt1,hbv,success,,34.87,0.628,-1.3099745779905776,9.554388877532956,0.0964536139917287,0.1994447425372452,404.6694308479292,5.9999998415702445,0.2345057630590047,0.883081847910778,0.0816809575805055,19.834684943373915,2.572379757245403,0.0010000000033564,1.8050363678763264,0.0,0.0,372.5551358378727,0.0,1177.256634667718,cal_final_2008-09-30
07057500,hbv_lite_cma,evaluation,0.476834,0.392346,0.275075,-0.163306,1.559511,13,explicit_euler_dt1,hbv,success,,35.77,0.729,-2.379981997091467,9.99722032936244,0.0994968675462274,0.1153900008265048,556.9657654975156,5.660974870061276,0.6347973265278621,0.6072685527789645,0.0988434062634396,52.73901331078964,3.7706777110541534,0.0010000000740486,1.2947167875051395,0.0,0.0,497.7427368121266,0.0,1378.705807296108,cal_final_2008-09-30
07060710,hbv_lite_cma,evaluation,0.075124,-0.69512,1.637208,0.162303,22.096352,13,explicit_euler_dt1,hbv,success,,33.98,0.6166,2.499982661859806,8.706971405988691,0.0938837265147987,0.1999998799907666,630.7634558266838,5.99998409198877,0.289788373510735,0.8999999542492685,0.0324086731233689,40.90067449012961,2.7144269616954384,0.0010000001218055,1.0035178874053383,0.0,0.0,582.7167976910841,0.0,1491.067857206018,cal_final_2008-09-30
07066000,hbv_lite_cma,evaluation,0.512782,0.403748,0.405039,-0.03859,2.068203,13,explicit_euler_dt1,hbv,success,,45.65,0.6968,-0.8811167000716627,8.765215720423598,0.0878493812535715,0.1442030410470963,583.1719942272376,4.6501593895749735,0.3641082655729535,0.4876784447792871,0.0901285060403251,27.281597653119828,2.303115340288992,0.0010000000528999,2.724106965512823,0.0,0.0,514.7212842351561,0.0,1211.2912624296664,cal_final_2008-09-30
07083000,hbv_lite_cma,evaluation,0.785541,0.887673,0.024968,-0.0309,-0.861202,13,explicit_euler_dt1,hbv,success,,39.56,0.8385,2.3200017631376726,6.044628452203131,0.0453177553921564,5.06605281669881e-10,999.9998964105292,1.1435887729821608,0.2493468291068176,0.0688335744869889,0.0109647148390857,57.73813558743185,9.999963859183916,0.041006342839171,1.007067508283419,0.0,0.0,646.7049210317584,0.0,20.546272719516782,cal_final_2008-09-30
07142300,hbv_lite_cma,evaluation,-10.07105,-6.913894,7.781054,4.290897,334.587997,13,explicit_euler_dt1,hbv,success,,87.17,-0.2134,-0.8027852011277636,5.170762767117848,0.0628971392858369,0.1999986720045227,999.999927959393,5.999999372214009,0.2254904623775266,0.8033568115211075,0.1541021431519689,43.39221583919721,2.810182605032673,0.001000000044752,9.171731351491678,0.0,0.0,646.2113629994639,0.0,115.29075993532956,cal_final_2008-09-30
07145700,hbv_lite_cma,evaluation,0.532214,0.044709,0.908751,-0.0098,60.431626,13,explicit_euler_dt1,hbv,success,,34.91,0.6905,-0.7001060191945672,8.181334357545275,0.0810424987445185,0.1546603137253048,100.74796279371944,3.0109676597476884,0.2010155817271433,0.4045899218805865,0.2932156389251501,8.310444803168243,3.684551089695746,0.0010000018448279,1.9774625182405965,0.0,0.0,67.14650882846388,0.0,813.9868798187337,cal_final_2008-09-30
07167500,hbv_lite_cma,evaluation,0.420085,0.081668,0.735635,-0.051694,195.579307,13,explicit_euler_dt1,hbv,success,,34.95,0.6416,-1.960009602006538,6.50157008200964,0.0912164516892842,0.1999995433297536,177.56958180835716,5.999968352024366,0.2000076998319448,0.7563222965910466,0.147703333062907,15.093516009281943,2.0991321115949537,0.0010000006659809,1.0279641436656333,0.0,0.0,145.0903321859185,0.0,759.3053776197544,cal_final_2008-09-30
07180500,hbv_lite_cma,evaluation,0.584741,0.338386,0.5683,-0.146031,22.065683,13,explicit_euler_dt1,hbv,success,,35.13,0.6163,-2.3706287372175168,0.5387218081139054,0.0005201014613299,0.1999959722025296,348.06662114455287,5.999931303918807,0.6100604905280951,0.8651305813859815,0.1020867451335793,8.329818883935245,3.036524396785256,0.0010000000655945,1.7557205736606332,0.0,0.0,315.5208394955355,0.0,756.8934359087287,cal_final_2008-09-30
07184000,hbv_lite_cma,evaluation,0.526118,0.181086,0.656352,0.000609,341.42952,13,explicit_euler_dt1,hbv,success,,52.16,0.5481,-1.5840200189626663,4.744414858980358,0.0479318863687069,0.0297906909739259,244.63849964572668,5.9988757126939305,0.2115951886644149,0.6092422436611995,0.0103513281944816,7.076959615407271,1.9680685430098024,0.0010000019079485,3.1970950193369,0.0,0.0,211.3971543491244,0.0,867.2075994225505,cal_final_2008-09-30
07195800,hbv_lite_cma,evaluation,0.38132,0.121412,0.672416,-0.057265,3.986482,13,explicit_euler_dt1,hbv,success,,36.31,0.5268,-0.7000499223029066,0.5000267443373878,0.0241344650021781,0.1999904820336008,515.1248650355781,5.999325119626245,0.235129796041088,0.8999922195292024,0.0648861441267534,54.02393426431436,3.063885908769625,0.0010000013786657,1.4962567185358524,0.0,0.0,467.7109530833814,0.0,1446.3055097031104,cal_final_2008-09-30
07196900,hbv_lite_cma,evaluation,0.439173,0.147227,0.695298,-0.153207,47.844317,13,explicit_euler_dt1,hbv,success,,35.22,0.6819,1.190000815045157,9.999998927685551,0.0006363801515321,8.443931480254908e-06,415.91820402362765,5.999998307375727,0.215493726844746,0.8999878263236761,0.105234774769459,26.351162018722267,4.459582039610784,0.0010000000364697,1.0729166727956965,0.0,0.0,377.0688808616497,0.0,1555.8852187446464,cal_final_2008-09-30
07197000,hbv_lite_cma,evaluation,0.556195,0.258318,0.695527,-0.01512,10.545686,13,explicit_euler_dt1,hbv,success,,39.78,0.69,-0.7691842884895808,2.361131012419333,0.0471136133792821,0.0507386289087458,352.23061605679607,5.999998750091563,0.2082906353437737,0.5825966673089708,0.0429677774199563,42.927830856117374,2.510482145053378,0.0010000000029914,1.0151832281486437,0.0,0.0,316.4985675310042,0.0,1467.4609130931997,cal_final_2008-09-30
07208500,hbv_lite_cma,evaluation,-2.883836,-1.922292,2.836167,0.419879,14.966323,13,explicit_euler_dt1,hbv,success,,107.43,-2.4195,-1.3399975493772245,2.4632611401662934,0.076944183495038,0.0274590648063479,999.9999999996754,5.999999941372205,0.2842851919377487,0.3971678969070892,0.0127930380719731,99.99999958074982,3.8687339061487047,0.001000000000001,8.371763282021597,0.0,0.0,822.7291012498846,0.0,801.6103640117875,cal_final_2008-09-30
07261000,hbv_lite_cma,evaluation,0.503453,0.430149,0.434534,-0.160487,198.701401,13,explicit_euler_dt1,hbv,success,,35.95,0.7554,0.330001154728921,9.999999195235326,0.0991527472862965,8.051541424070592e-05,444.7359806389119,5.999999801776768,0.2817464958248791,0.5039967017791577,0.0881120534534161,32.11219070225583,1.569683215153023,0.0010000000000339,1.1485566241214005,0.0,0.0,403.9518561015309,0.0,1027.5867654948304,cal_final_2008-09-30
07263295,hbv_lite_cma,evaluation,0.605816,0.239577,0.744484,0.140919,770.190751,13,explicit_euler_dt1,hbv,success,,35.88,0.6684,-2.4894303661501254,0.870315016999782,0.019901699460068,0.1999994429175638,358.5329554565559,5.999999116266,0.5991515194260386,0.8999999993340516,0.3167489307882713,9.191633979443113,4.377437659122356,0.0446031380734256,1.2653432095041726,0.0,0.0,321.546670614119,0.0,27.565862622681884,cal_final_2008-09-30
07291000,hbv_lite_cma,evaluation,0.57976,0.134534,0.799151,-0.015929,6.232866,13,explicit_euler_dt1,hbv,success,,33.5,0.5727,-0.1605209757638932,1.0633576076812703,0.083659713339158,0.0286973709167797,491.8566100714953,5.999999981056918,0.2645994455093752,0.8999999870813369,0.2141836166719929,20.089646240175544,6.097835654648188,0.0010000001001553,1.334489139801387,0.0,0.0,443.4526059562272,0.0,1658.659893646049,cal_final_2008-09-30
07299670,hbv_lite_cma,evaluation,0.394374,-0.268739,1.163123,0.309512,4.366627,13,explicit_euler_dt1,hbv,success,,40.37,0.1078,-0.6752677531323483,3.938787556199202,0.0985743415837669,0.1760511026166456,999.9942489072832,1.5510971435517065,0.2000002043348429,0.7287190456116911,0.4774186923258394,43.0222770559419,1.7750068362012112,0.0010000000179574,2.641908409602861,0.0,0.0,251.1083741208347,0.0,155.57971190659768,cal_final_2008-09-30
07301410,hbv_lite_cma,evaluation,-6.474547,-1.388475,0.811111,1.187763,3.2758,13,explicit_euler_dt1,hbv,success,,34.82,0.0479,-2.3604978403561625,6.119860401492436,0.0002032027040241,0.0002567145904412,999.9990132825244,5.999947020447043,0.4637796771019127,0.2076817066435614,0.4421459240748697,53.11606066934145,0.6901056602620177,0.114872419502568,1.6755093084178934,0.0,0.0,534.853824839911,0.0,0.1704038215493516,cal_final_2008-09-30
07315200,hbv_lite_cma,evaluation,0.410171,-1.044311,1.963405,-0.001995,35762.889988,13,explicit_euler_dt1,hbv,success,,55.74,0.1306,-2.408141643493132,4.264173254245081,0.0967765425315189,0.1731880398561928,300.8854806709744,2.7163320581463584,0.2000000000000794,0.8999999999985953,0.2993990472332656,16.99318834448561,4.920502785508513,0.0010000000000089,2.6858629187038527,0.0,0.0,121.27755979574825,0.0,422.5130534867116,cal_final_2008-09-30
07315700,hbv_lite_cma,evaluation,0.4848,-0.022052,0.846919,-0.155598,286.268551,13,explicit_euler_dt1,hbv,success,,67.09,0.6016,-2.283527664726694,1.208059415192528,0.0561599528944904,0.1965986469500448,383.09614534968114,2.3630339443817725,0.2000010073993599,0.6706731624162725,0.3758921134105434,42.93499934039831,2.8158629595602447,0.0010000000271301,4.9792139121154495,0.0,0.0,176.0818649062344,0.0,459.599424271388,cal_final_2008-09-30
07335700,hbv_lite_cma,evaluation,0.578706,0.530261,0.212694,-0.190503,55.303863,13,explicit_euler_dt1,hbv,success,,35.5,0.6215,-2.4948942059770416,2.7943057794424524,0.059219662082088,0.1967391248571077,745.938650679849,5.999879770397335,0.6676518222340626,0.8999999696272966,0.1163929293664467,26.358766733703103,1.2879437519515793,0.0341630962070863,1.0961670741977418,0.0,0.0,692.3115605349874,0.0,27.03481687186244,cal_final_2008-09-30
07340300,hbv_lite_cma,evaluation,0.560725,0.451744,0.413247,-0.096694,8.493744,13,explicit_euler_dt1,hbv,success,,35.09,0.7019,-2.4993530694742714,4.336692264705334,0.0848201374767325,0.016864998397766,629.2058010637543,5.999673233582837,0.8330541690740172,0.7473768089822378,0.2174715921789006,21.85576860995369,3.280549590951209,0.0010000001102695,1.005342980158014,0.0,0.0,590.6672157828028,0.0,1455.8227268557905,cal_final_2008-09-30
07346045,hbv_lite_cma,evaluation,0.489036,0.185576,0.762222,0.034301,61.593394,13,explicit_euler_dt1,hbv,success,,99.52,0.6051,-1.7471000556580605,9.964168857876466,0.075411091199701,0.0993754797099357,664.0640508794331,5.999999999974196,0.2743810195366271,0.2717078716082985,0.0943829539490116,42.51741772097162,2.8970245769745584,0.0010000000000001,7.761919816838066,0.0,0.0,568.8844824804596,0.0,1085.9908104818098,cal_final_2008-09-30
07359610,hbv_lite_cma,evaluation,0.52825,0.447874,0.332394,-0.008388,3.039229,13,explicit_euler_dt1,hbv,success,,34.75,0.6809,-2.410021998944203,9.910191945460888,0.052938521438673,0.1306167467805142,318.24699345753,5.957200816991873,0.6590145831975224,0.6388053374743768,0.1923406886579487,20.142254969534783,2.1946249097682475,0.0010000027476696,1.7955299641609077,0.0,0.0,286.2733790960376,0.0,1112.0372046657103,cal_final_2008-09-30
07362100,hbv_lite_cma,evaluation,0.531977,0.10635,0.800493,0.054193,45.496678,13,explicit_euler_dt1,hbv,success,,68.38,0.5675,-1.6586271513942634,9.60905067693322,0.0642578091381046,0.1213882153711444,763.1541664611907,5.983108898155251,0.2023478503345059,0.3262643377669713,0.1344326514053642,21.31207024413593,1.9737738716192847,0.0010000000000002,5.757557360899392,0.0,0.0,684.3332342246201,0.0,973.654462032761,cal_final_2008-09-30
07362587,hbv_lite_cma,evaluation,0.523061,0.344613,0.488674,-0.075837,190.392448,13,explicit_euler_dt1,hbv,success,,32.76,0.5718,0.1797115360989707,0.523527221746374,0.0433596902449954,0.0897234180206505,274.0168770512573,5.999987699375691,0.5884179385750075,0.8999999876347313,0.4999981696663466,2.254371177139112e-05,6.414145359808484,0.0351365663410929,1.0391508015198767,0.0,0.0,240.12400682201144,0.0,37.74344279935663,cal_final_2008-09-30
07375000,hbv_lite_cma,evaluation,0.539261,0.232726,0.543939,-0.150325,3.347556,13,explicit_euler_dt1,hbv,success,,49.85,0.4883,1.7880341137858675,2.268005599499104,0.0218729977854371,0.0981696637933054,714.6246950464827,5.99999820672338,0.2345577720766136,0.4677342673070709,0.0888243830497051,39.7523470997006,4.383107237198288,0.001000000001797,2.3090651587112934,0.0,0.0,662.7191738560653,0.0,1893.6910429825343,cal_final_2008-09-30
08013000,hbv_lite_cma,evaluation,0.647556,0.403498,0.435735,-0.184324,17.833825,13,explicit_euler_dt1,hbv,success,,88.81,0.6858,1.1399990382716565,4.689561563690382,0.0681622750708311,0.1040600047943049,566.57767398327,5.999999989406775,0.272999235832302,0.3112332193459277,0.0954475023252707,37.7200199426825,2.063618739648512,0.0010000000002624,6.947117299765496,0.0,0.0,501.3792554120344,0.0,1210.0680611521186,cal_final_2008-09-30
08014500,hbv_lite_cma,evaluation,0.520868,0.258028,0.643094,-0.020247,4.248321,13,explicit_euler_dt1,hbv,success,,77.44,0.5826,1.3962942469950992,4.321573032573383,0.0267921114014671,0.0354657014599479,837.062046263097,5.999999999069667,0.2687887242188486,0.4653109519644376,0.2007813311674659,70.74202991831676,4.744094125769303,0.0010000000000014,5.771406693526117,0.0,0.0,733.0226558108634,0.0,1696.9135116617372,cal_final_2008-09-30
08023080,hbv_lite_cma,evaluation,0.570224,0.133993,0.818386,0.02888,1066.600368,13,explicit_euler_dt1,hbv,success,,48.34,0.6406,-0.5862204567136109,9.640553463155207,0.0222744289027558,0.1066831979860099,414.8362644255309,5.999999995758779,0.5096410101680104,0.5489229480185098,0.2762255017720811,28.80480171075571,2.538716905331604,0.0010000000000009,2.760788500725827,0.0,0.0,293.3103061821002,0.0,822.9032562209193,cal_final_2008-09-30
08050800,hbv_lite_cma,evaluation,0.40124,-0.056742,0.828234,-0.347072,,13,explicit_euler_dt1,hbv,success,,34.92,0.478,-2.1035506872315213,7.604567003289971,0.0934128617916457,0.1840293484355727,388.53584021510216,5.999999945764908,0.2709654353818849,0.8977791530349454,0.2960827591176895,30.02341732978851,9.485942733388184,0.001000000000054,1.893603669752541,0.0,0.0,276.1869903024341,0.0,789.2091232985832,cal_final_2008-09-30
08066200,hbv_lite_cma,evaluation,0.589685,0.062553,0.823632,-0.131268,86.890342,13,explicit_euler_dt1,hbv,success,,33.03,0.5628,2.259999172839901,0.5064421571339368,0.0776984314749723,0.1999995202497911,598.9925299417295,5.9999999984791925,0.2712273468649938,0.8999999930013391,0.4248555940053592,28.96390486177245,6.693346452316524,0.0010000000000019,1.0088098435794266,0.0,0.0,542.792351200208,0.0,1134.2850928809846,cal_final_2008-09-30
08066300,hbv_lite_cma,evaluation,0.443222,-0.011271,0.886777,-0.138639,10.84251,13,explicit_euler_dt1,hbv,success,,52.45,0.5115,-0.3820771079879308,2.74674585202239,0.0069567025217271,0.0465975658477447,999.999999999148,5.999999999999836,0.2687099936177248,0.899999999999925,0.1170083529658115,97.2032383631624,5.166877537357943,0.001,2.4911581503925424,0.0,0.0,908.5800753747142,0.0,1433.735235893189,cal_final_2008-09-30
08070000,hbv_lite_cma,evaluation,0.545171,-0.083846,0.965387,-0.008715,19.124185,13,explicit_euler_dt1,hbv,success,,66.21,0.4791,-1.30432298919597,8.492996613014805,0.0547469716097473,0.1382672090331827,798.8717291752263,5.999999999487409,0.4866205033383082,0.483930656954163,0.2465292860740971,62.87649736690377,3.943201072536036,0.0010000000000015,4.820395095421757,0.0,0.0,721.8763945001045,0.0,1159.4849031697952,cal_final_2008-09-30
08070200,hbv_lite_cma,evaluation,0.441959,-0.199143,1.070262,0.013555,19.737087,13,explicit_euler_dt1,hbv,success,,80.74,0.4518,-0.96400794418951,9.877442900171376,0.033674554016324,0.0013078924489195,962.8589437677612,5.999999999910114,0.7045097335254773,0.1502808407223709,0.1757665585857166,59.839334893959325,3.583814631616826,0.0010000000000002,5.138971270169172,0.0,0.0,867.609323697571,0.0,1217.5891852125676,cal_final_2008-09-30
08082700,hbv_lite_cma,evaluation,0.245685,-1.228151,2.166433,0.192634,,13,explicit_euler_dt1,hbv,success,,44.83,0.5836,1.3224764391353987,7.075328201571944,0.0470526210804462,0.0967346143167925,244.62585234301628,5.999999993051305,0.20000000009118,0.6502552887491607,0.0667684275349539,10.6455810484765,2.1549405083975035,0.0010000000017946,2.9242828037851663,0.0,0.0,75.61635835111967,0.0,167.29275925501312,cal_final_2008-09-30
08086212,hbv_lite_cma,evaluation,0.501768,-1.067112,2.020316,-0.018714,183455.697088,13,explicit_euler_dt1,hbv,success,,35.23,0.6708,1.239996045641849,4.9436847153968415,0.0636467765162769,0.1932683530278164,430.0822118403218,5.505803905153361,0.2000000000023946,0.8999999989441967,0.4999999999949603,2.0700449125386788e-10,7.977543970584721,0.0010000000000163,1.020010140333501,0.0,0.0,216.04651159149043,0.0,309.0729067030296,cal_final_2008-09-30
08086290,hbv_lite_cma,evaluation,0.357925,-1.50076,2.455966,0.086336,33523.410939,13,explicit_euler_dt1,hbv,success,,33.62,0.6403,1.86998808651276,3.3757504430133616,0.0361344254366432,0.1237249067928778,488.2654990780149,4.413192750908036,0.2398217451412772,0.4673812989984339,0.4949284407093909,2.318735069372761e-13,5.884402004496662,0.0010000000004116,1.4273082169819615,0.0,0.0,245.73660909000264,0.0,385.4300585724908,cal_final_2008-09-30
08101000,hbv_lite_cma,evaluation,0.606533,-0.240388,1.167502,-0.127214,334.644934,13,explicit_euler_dt1,hbv,success,,33.43,0.5831,2.499389554370264,0.5000312696825472,0.0809122893397637,0.1911113886811122,361.4631408081504,2.434300613168188,0.2000009695319235,0.6045124799695694,0.2039903442741655,17.837310253303027,3.2856872915821644,0.0010000000120869,1.635860199968529,0.0,0.0,40.01277439732569,0.0,483.9243296454857,cal_final_2008-09-30
08103900,hbv_lite_cma,evaluation,0.412528,-0.296955,1.267419,0.09548,,13,explicit_euler_dt1,hbv,success,,31.77,0.4649,1.5599999663454458,0.5000000499464354,0.0111771853473402,0.0057228823242194,391.1614624138989,3.1372774312417016,0.4738230989899776,0.8999999998529956,0.3059131792858346,42.60192364413428,4.301207058002829,0.0010000000035147,1.549097255293476,0.0,0.0,98.5592641393795,0.0,522.0013379118899,cal_final_2008-09-30
08104900,hbv_lite_cma,evaluation,0.528095,0.100693,0.854636,-0.208424,208.826186,13,explicit_euler_dt1,hbv,success,,32.7,0.466,-1.9833370043764809,9.282228581949171,0.0003035803138368,0.1372403091105187,233.67777748851705,5.999999999320135,0.669910411408376,0.8999999999670013,0.4999999999988727,4.856904347349433,9.999999999780076,0.0010000000000789,1.592510451602501,0.0,0.0,68.32735864726631,0.0,585.5932600081893,cal_final_2008-09-30
08109700,hbv_lite_cma,evaluation,0.317512,-1.003763,1.989291,0.393733,1289.077693,13,explicit_euler_dt1,hbv,success,,67.24,0.5816,-2.184495744742496,3.37906084684196,0.0933180441841826,0.1210993111995997,221.94505305083047,5.999999995607021,0.2000000017787505,0.4906891441574593,0.1602236093825595,39.97165922730224,4.586002462408151,0.0010000000000661,4.349555402480595,0.0,0.0,11.404804063922244,0.0,675.7037170102064,cal_final_2008-09-30
08150800,hbv_lite_cma,evaluation,-0.012,-1.824853,2.686058,0.134212,206.482466,13,explicit_euler_dt1,hbv,success,,27.86,0.2501,-0.5757098835510013,6.07931123732343,0.0712441833378143,0.0353069778131507,999.9999999999768,2.2229708938825787,0.2000000000001391,0.6507294267389038,0.4692614403647984,82.2666149103285,4.998601626855541,0.001,1.0026029248913582,0.0,0.0,266.2897733161964,0.0,355.78235858047367,cal_final_2008-09-30
08158700,hbv_lite_cma,evaluation,0.69454,0.439414,0.526255,0.053765,27.31476,13,explicit_euler_dt1,hbv,success,,28.02,0.5664,2.4995331310974898,0.5001615481297788,0.0314307229878483,0.0978902440073991,913.9652176753468,4.410269863124862,0.5109695326079091,0.899999725027299,0.3118563405072148,23.405132956036365,6.413676982019853,0.0549232365699339,1.0025299714852676,0.0,0.0,389.7168238476574,0.0,0.4429259676159873,cal_final_2008-09-30
08158810,hbv_lite_cma,evaluation,0.55961,0.174428,0.785306,0.380244,244.202088,13,explicit_euler_dt1,hbv,success,,32.65,0.6411,-1.6343284753479086,5.30198333535957,0.0800409064682564,0.1145898599594879,367.51251157566594,5.321293542137605,0.7194592473193928,0.8999999999950509,0.4999999998979733,11.051632326675708,9.207939247158842,0.0441708575243073,1.4670236138144603,0.0,0.0,131.01557824546663,0.0,0.1577888226943092,cal_final_2008-09-30
08164300,hbv_lite_cma,evaluation,0.595315,0.006993,0.895026,0.098942,116.983608,13,explicit_euler_dt1,hbv,success,,43.24,0.5812,2.4946402247282897,7.641177518820485,0.0907809872731393,0.0350976803725335,520.0003460380433,5.999999998392034,0.6133926728914629,0.2839522121141535,0.3182499261405782,26.06993734887965,2.9408724409975022,0.0010000000000011,2.1747462164556506,0.0,0.0,184.7854537224573,0.0,523.0983770239542,cal_final_2008-09-30
08164600,hbv_lite_cma,evaluation,0.700424,-0.037154,0.990711,0.012223,796.274299,13,explicit_euler_dt1,hbv,success,,32.88,0.6182,-2.060833290544139,8.953964395303739,0.0982802032253551,0.133844190856552,122.95831588695674,2.0723139608811296,0.2345163680611273,0.3985525501027751,0.2719423197101966,14.655723468568793,5.381377506429258,0.0010000000016684,1.3888354755757932,0.0,0.0,14.338326613905286,0.0,893.8870718282344,cal_final_2008-09-30
08165300,hbv_lite_cma,evaluation,0.016918,-0.699903,1.492723,0.278739,3.989851,13,explicit_euler_dt1,hbv,success,,45.01,-0.0248,2.380094844750679,8.38286432744276,0.0269177177077099,0.1694743309772579,1000.0,1.1542642902693672,0.2000000000109597,0.0536112721197853,0.2212836616632308,44.66879763515661,5.4696798007356655,0.0010000000000001,1.0043563876468495,0.0,0.0,119.47503255495027,0.0,475.6121438516313,cal_final_2008-09-30
08171300,hbv_lite_cma,evaluation,0.649263,-0.051544,1.031066,0.033412,55.407212,13,explicit_euler_dt1,hbv,success,,31.09,0.6779,2.499999349624076,0.5000014371065532,0.0620019787256222,1.566796685014697e-05,290.03373883808933,1.3799485918036378,0.2000000010040716,0.7572265592897256,0.0766956123715588,35.701564761451635,2.493398063158501,0.0010000000000764,1.0249843997041828,0.0,0.0,25.53748540661272,0.0,569.0597986921523,cal_final_2008-09-30
08175000,hbv_lite_cma,evaluation,0.444393,-1.041915,2.009388,0.160912,149.437211,13,explicit_euler_dt1,hbv,success,,58.14,0.4283,1.2002667593917145,2.919226194468736,0.0786414916440837,0.0982984992191013,144.62078706075755,2.9809746262716885,0.2000000010356293,0.5452148471988778,0.1734091042121576,42.27023811011122,6.918302866088711,0.0010000000004041,3.781855306913037,0.0,0.0,11.37892288806421,0.0,613.7170671176061,cal_final_2008-09-30
08176900,hbv_lite_cma,evaluation,0.386418,-0.810388,1.750669,0.192457,302.28398,13,explicit_euler_dt1,hbv,success,,36.11,0.5479,-1.3114112875421409,2.377947812682268,0.0274573231241646,0.1875890110295931,205.02517189778823,5.9999999645768165,0.2000000061226804,0.8999999800646337,0.319120463400474,43.82747336656105,6.262903407142523,0.0010000000053211,1.465298268463652,0.0,0.0,18.526370032381624,0.0,529.1731461243992,cal_final_2008-09-30
08178880,hbv_lite_cma,evaluation,-0.279139,-0.715298,1.623284,0.705726,10.032246,13,explicit_euler_dt1,hbv,success,,50.99,0.288,0.591779881588534,0.5002827483514436,0.0713822847870234,0.1378379543554598,50.00000057091678,1.24461076705022,0.2000000531057522,0.6621200470712643,0.0739872363062303,37.610641894728005,2.3428155831007382,0.0010000000346841,3.0361985077843903,0.0,0.0,0.0876731983733927,0.0,575.3340784705769,cal_final_2008-09-30
08189500,hbv_lite_cma,evaluation,0.445562,-1.734213,2.726642,0.484686,142.068568,13,explicit_euler_dt1,hbv,success,,48.94,0.5634,-2.489378576600611,8.810475416464634,0.0732674188910661,0.0745124383975039,196.5069387187887,1.5307891066250927,0.2000000000329677,0.4341852614259731,0.2276741412471679,24.07538644532177,4.971602655340648,0.0010000000000006,2.448258816669852,0.0,0.0,24.29459039723448,0.0,631.6421566544682,cal_final_2008-09-30
08190000,hbv_lite_cma,evaluation,0.45919,-0.078416,0.91282,-0.083645,7.7358,13,explicit_euler_dt1,hbv,success,,30.89,0.5237,-2.473424379416252,8.877720655255828,0.0411600557306458,0.1947258494481582,999.9999999018326,1.0000000000002738,0.3103879201989147,0.8999999999999102,0.1893070158069137,15.791516186685076,2.8688755007681186,0.0010000000000328,1.493724580101161,0.0,0.0,158.85763179477132,0.0,423.0834513485559,cal_final_2008-09-30
08190500,hbv_lite_cma,evaluation,-0.002501,-0.407934,0.045323,-0.765874,351.569708,13,explicit_euler_dt1,hbv,success,,35.26,0.1358,0.2009043141359083,0.7914233162052258,0.0459162112019402,0.0334491417957636,870.7317888504797,5.999999999960444,0.2000000003595864,0.8946851197571608,0.4999999999362254,99.14787834179832,8.855663866006768,0.0010000000005719,1.4180515984848383,0.0,0.0,292.17464989081844,0.0,145.0689079933813,cal_final_2008-09-30
08194200,hbv_lite_cma,evaluation,-0.784105,-4.049785,5.007367,2.275978,,13,explicit_euler_dt1,hbv,success,,44.68,0.221,-0.805917464251702,2.551425551726498,0.0635909260235766,0.0710618487344475,999.999989660199,1.0000000001704026,0.2000000001724049,0.5415342875555972,0.0547271189613086,2.8506187202461755,0.1925460744218307,0.1999999960940579,3.369089608746299,0.0,0.0,237.53525434283063,1.491993148121768,0.7701658536964724,cal_final_2008-09-30
08195000,hbv_lite_cma,evaluation,0.394078,0.238098,0.59768,0.28513,1.516573,13,explicit_euler_dt1,hbv,success,,31.04,0.1885,2.4203230068718664,2.7796449117489432,0.0345387210597974,0.0891409123117115,999.9999995474994,1.2182979479320326,0.3735759719006168,0.8999999931660463,0.2443126408726933,14.810920106523628,3.1377205178661525,0.032431966343886,1.885614686713295,0.0,0.0,201.57365921637103,0.0,5.732324912456782,cal_final_2008-09-30
08196000,hbv_lite_cma,evaluation,0.300353,0.296068,0.298024,-0.010578,2.663203,13,explicit_euler_dt1,hbv,success,,27.66,0.0981,2.32627807236789,5.854182047669874,0.0121110394565847,0.1615002766896432,999.999968830606,1.8795490529426284,0.4257942990897546,0.7880775063507081,0.0100035956750959,1.214181209387267,2.1206760878333646,0.0705885303477594,1.313748200126799,0.0,0.0,265.53618234852377,0.0,0.9893720440793218,cal_final_2008-09-30
08198500,hbv_lite_cma,evaluation,0.254347,-1.120558,2.068464,0.534394,80.55158,13,explicit_euler_dt1,hbv,success,,29.22,0.053,-0.444590048669871,5.0885679225989495,0.0579795006758682,0.1475879477091554,999.9999999997716,1.407122463716444,0.361699724650197,0.8999999999979311,0.1694061394743542,21.068612526652423,0.0633239528981396,0.199999999415122,1.0052341061466066,0.0,0.0,225.58760673402475,0.0,0.0476497473451348,cal_final_2008-09-30
08200000,hbv_lite_cma,evaluation,0.473512,0.036016,0.856997,0.13954,25.374366,13,explicit_euler_dt1,hbv,success,,61.59,0.1865,-0.3479976281928607,4.480955582313406,0.0299792247386686,0.1469806661192432,50.000003670935264,5.999998649052796,0.200000126044896,0.7581860050209844,0.0358444053835844,71.75287943232182,1.1780358774715345,0.0010000000110251,3.006791540742793,0.0,0.0,0.226943861206856,0.0,356.16749582644206,cal_final_2008-09-30
08202700,hbv_lite_cma,evaluation,0.364703,-4.954024,5.945039,5.945039,,13,explicit_euler_dt1,hbv,success,,32.38,0.2995,-0.2608492404463733,9.907360777386696,0.087424561934485,0.0304542188820672,340.4768031007428,5.999999999972537,0.2000000000000081,0.8999999999978235,0.0383540088449136,27.30800366164736,2.88531168270892,0.0010000000000059,1.0057083012365593,0.0,0.0,45.22641773323306,0.0,294.2879142259864,cal_final_2008-09-30
08267500,hbv_lite_cma,evaluation,0.355974,0.629239,0.231349,-0.012847,0.282191,13,explicit_euler_dt1,hbv,success,,104.48,0.6023,0.1099903903294077,2.226834154436846,0.0519073029174182,1.999114697020809e-09,274.1341606566715,5.957812952855133,0.4101935839631505,0.449733317551585,0.0100007615244348,42.780780967609445,8.088595141772132,0.0143598531486462,9.31167187002496,0.0,0.0,194.8229482142538,0.0,50.554311409746894,cal_final_2008-09-30
08269000,hbv_lite_cma,evaluation,0.245084,0.231519,0.677164,0.005057,1.969794,13,explicit_euler_dt1,hbv,success,,103.27,0.3016,-0.8126042697769558,1.6955736067420777,0.0296614626155735,0.0001414700784225,997.7036288436756,2.954965695616385,0.2677066516199183,0.7523422182255992,0.0100050955083388,99.05736299184233,4.153568993016358,0.0311191764119423,9.2303702626987,0.0,0.0,691.4745698953794,0.0,15.97786162947126,cal_final_2008-09-30
08271000,hbv_lite_cma,evaluation,0.700464,0.843247,0.004596,-0.092024,-0.472457,13,explicit_euler_dt1,hbv,success,,71.95,0.7197,-0.5000027933150135,1.620730623840578,0.0708704503440852,8.478911132622907e-08,276.2447299186291,3.926435162269771,0.2033122983637313,0.0591169896289308,0.1058875902537964,48.07207543252553,9.999994748871798,0.0230905117425098,1.0103160052064362,0.0,0.0,186.3887059856305,0.0,29.04509774805182,cal_final_2008-09-30
08324000,hbv_lite_cma,evaluation,-5.685091,-1.988726,2.813263,0.70494,11.910845,13,explicit_euler_dt1,hbv,success,,101.1,0.0053,1.560001717362721,6.457126819433232,0.0461496820248076,9.550095114646469e-08,999.999922355964,2.577866381703433,0.2000114275707717,0.443424510395032,0.4134957689622537,34.27994831045406,5.867003310634153,0.0010000000443617,9.862476460003368,0.0,0.0,616.3611251210807,0.0,388.92337963873234,cal_final_2008-09-30
08377900,hbv_lite_cma,evaluation,-0.238599,-0.382345,1.289391,0.028358,12.864499,13,explicit_euler_dt1,hbv,success,,94.69,0.1244,1.3500067229143493,6.576386742713849,0.0234603865225275,4.228026867679918e-09,999.9999995172884,1.458461748295184,0.2205076346157577,0.0500000004701593,0.0222950637922349,99.99998663300715,3.8236556690999537,0.0010000000005943,9.276389605531786,0.0,0.0,703.746984838466,0.0,1337.1969833523822,cal_final_2008-09-30
08378500,hbv_lite_cma,evaluation,-0.114712,-0.146992,1.046763,0.014178,6.937946,13,explicit_euler_dt1,hbv,success,,75.82,0.2493,1.07000001599082,4.520086060244011,0.0207964244722986,6.623902241847213e-11,999.9999998296636,1.813140014006516,0.2819171052129037,0.0500000000091058,0.0167336601499109,99.99999944159082,2.5923087855891613,0.0010000000004516,9.870510347024958,0.0,0.0,707.48168607979,0.0,1066.3013663226538,cal_final_2008-09-30
08380500,hbv_lite_cma,evaluation,0.09363,0.068285,0.798001,0.102481,3.371407,13,explicit_euler_dt1,hbv,success,,34.9,0.3011,0.490000102576217,1.4419481021117622,0.0933000949546421,1.3568045652672809e-12,999.9999988934486,2.4045231572433226,0.2010284635460707,0.3743936258746586,0.1227113859445805,83.96858431593148,1.445324584486557,0.0352958159259481,1.0072582377874904,0.0,0.0,596.3868359051635,0.0,12.674084058329456,cal_final_2008-09-30
09035800,hbv_lite_cma,evaluation,0.839182,0.744753,0.225196,-0.014351,1.657133,13,explicit_euler_dt1,hbv,success,,49.89,0.7811,-1.2500000117604646,1.2723562306162437,0.0307155202169481,9.882309734126755e-09,362.070452605491,1.0000000059985914,0.4896785743435408,0.050000054360338,0.0429390588289707,99.99978365935937,1.1331861632403564,0.0010000000652848,1.044914915271378,0.0,0.0,184.5449934779579,0.0,585.9360092440076,cal_final_2008-09-30
09035900,hbv_lite_cma,evaluation,0.864147,0.911925,-0.057039,0.012553,-0.730096,13,explicit_euler_dt1,hbv,success,,42.08,0.8563,-0.2501144543895135,1.5277357064889103,0.0686305043031281,1.1391592985432902e-08,105.50057800124864,3.2640517513138505,0.4891476674534813,0.0518940699357034,0.2307378993236845,14.146552360722984,9.73793064363307,0.0354904923534251,1.0661133367871105,0.0,0.0,70.47301402682291,0.0,16.9249439698266,cal_final_2008-09-30
09047700,hbv_lite_cma,evaluation,0.272056,-0.03437,0.998685,0.030525,4.217169,13,explicit_euler_dt1,hbv,success,,101.12,0.2881,-1.4900027690011344,1.8310922642923388,0.0653028231173657,1.3932799616282773e-08,416.2280869977312,5.99999874271369,0.201880333249659,0.8998621656770532,0.0408283006554289,99.99999373357164,7.551027681796548,0.0010000000112961,9.791113277758551,0.0,0.0,349.8641841155282,0.0,1403.9795593957788,cal_final_2008-09-30
09065500,hbv_lite_cma,evaluation,0.755722,0.798664,-0.154018,-0.146292,-0.797768,13,explicit_euler_dt1,hbv,success,,34.99,0.8503,-0.7999977854703098,2.375366252032606,0.0792373766781729,3.2184782629869435e-10,343.9424248390643,5.989610306088592,0.7156466401915582,0.2081696137632252,0.370731848540169,91.44668973583204,9.999999966302768,0.0455333982120812,1.9275346073570168,0.0,0.0,288.4957138755028,0.0,14.265824735571233,cal_final_2008-09-30
09066000,hbv_lite_cma,evaluation,0.734331,0.705797,0.249635,-0.024496,0.80571,13,explicit_euler_dt1,hbv,success,,104.16,0.7701,-1.8300004147072144,3.060714464377721,0.0983165649378551,8.486659852257554e-13,999.9999989810408,1.0720405086833915,0.2846952244795172,0.4195061209538608,0.0100000000047406,22.535420567058186,9.487485627969257,0.0353355781983175,9.550694925030532,0.0,0.0,697.1196759726786,0.0,37.0169885583148,cal_final_2008-09-30
09066200,hbv_lite_cma,evaluation,0.640256,0.630403,0.277054,-0.155793,7.765154,13,explicit_euler_dt1,hbv,success,,62.9,0.6744,-2.2300438905129165,2.5490873266976126,0.0177109639513908,4.636763774806997e-07,999.9978219488022,1.0000659370007046,0.6553910068460309,0.0500003417771554,0.0100021780574785,72.4155684004259,2.0612755066279247,0.0010000007394295,1.9304397227900096,0.0,0.0,734.2179370653904,11.794501206422533,1237.7630471303692,cal_final_2008-09-30
09066300,hbv_lite_cma,evaluation,0.103321,-0.496531,1.450065,-0.046885,37.565705,13,explicit_euler_dt1,hbv,success,,72.79,0.2217,-1.7400003223702625,2.2423267323600165,0.0994889776989208,1.0342798504947959e-09,999.9999598256107,5.99999995453626,0.2914787303937908,0.0500000045105432,0.010000002041846,0.0997231200089359,9.499909245026885,0.0010000000004088,1.5352081151841626,0.0,0.0,890.4934976568719,0.0,2026.105763564749,cal_final_2008-09-30
09081600,hbv_lite_cma,evaluation,0.69393,0.690156,0.247371,0.079786,-0.295789,13,explicit_euler_dt1,hbv,success,,38.92,0.7944,-1.0100000198291383,1.7469435043659718,0.0210388839397431,1.0895111950017756e-10,999.999995792568,1.0000000000286915,0.2942633704166389,0.5157896104907528,0.2982514647747037,70.70328588301948,9.999999999958352,0.0379148743108779,1.1924048112793024,0.0,0.0,656.1141332029285,0.0,26.527596922431226,cal_final_2008-09-30
09107000,hbv_lite_cma,evaluation,0.309793,0.271914,0.660423,0.232079,2.810907,13,explicit_euler_dt1,hbv,success,,71.69,0.6145,-1.9899999954852805,2.2321807636915003,0.033572613933773,3.0967631358010244e-14,999.9999945810036,1.00000000019011,0.2189607462044066,0.0500000000144609,0.0232264609330757,99.99999998875712,2.612890411670767,0.0010000000000388,5.886125583115804,0.0,0.0,625.1909573286125,0.0,995.689723121131,cal_final_2008-09-30
09210500,hbv_lite_cma,evaluation,0.56221,0.770536,0.089441,0.034377,-0.044428,13,explicit_euler_dt1,hbv,success,,44.01,0.7682,-1.0199996319302378,1.3759016987031507,0.0090415208141506,4.0565504458743715e-09,900.5404044286829,1.0000000037919825,0.2000007869825559,0.2879581155015563,0.3069346398327027,99.99985646510552,5.575938969861706,0.0382957857207573,1.992249016062814,0.0,0.0,152.36684517855662,0.0,3.7128294234685497,cal_final_2008-09-30
09223000,hbv_lite_cma,evaluation,0.500963,0.433553,0.528234,0.17729,2.116534,13,explicit_euler_dt1,hbv,success,,71.81,0.7409,-1.6800000255886447,2.4153697791196045,0.0604210490796368,8.586318056788223e-13,999.99999995695,1.5787883167943526,0.2000000000306876,0.8965262671338087,0.0449310982028793,99.15400482111656,4.174246350266484,0.0268618426849358,1.1676549228657782,0.0,0.0,535.5278153022066,0.0,15.489728896300315,cal_final_2008-09-30
09306242,hbv_lite_cma,evaluation,-4.6165,-1.004818,1.131792,0.878399,0.23386,13,explicit_euler_dt1,hbv,success,,62.51,0.6115,-2.499999997624037,0.590872418877161,0.0995651748546837,0.0665941633902722,999.9999991028242,5.999999999999359,0.4596508350183217,0.8683926978679577,0.4458621934865379,5.1341700853216827e-05,1.6994749718737456,0.0482437759688391,1.9586698698890013,0.0,0.0,455.32290182248056,0.0,0.17712004372542,cal_final_2008-09-30
09312600,hbv_lite_cma,evaluation,0.104744,-0.302781,1.196812,-0.132118,15.476899,13,explicit_euler_dt1,hbv,success,,95.13,0.7338,-2.349782530746107,1.3128702748701016,0.0339874553526769,0.199999994620322,999.9995090553532,5.676187296035218,0.207218413242361,0.0500004353904194,0.0469629380236968,99.99991840400668,2.724680252486333,0.001000000000006,5.964492341111152,0.0,0.0,732.5314058739306,0.0,518.9241444224954,cal_final_2008-09-30
09352900,hbv_lite_cma,evaluation,0.64772,0.782951,0.13467,-0.031038,-0.23505,13,explicit_euler_dt1,hbv,success,,38.09,0.6188,-1.8599999404585343,3.0246031912797897,0.0390310287891828,3.2167684580075305e-10,999.9999825985368,1.0000002271853716,0.5768016963859703,0.1934217930729295,0.1647539397689733,98.29863363150233,9.999999998817705,0.0320877039843239,1.0797163125616835,0.0,0.0,720.6138648285445,0.0,46.15059541782647,cal_final_2008-09-30
09378170,hbv_lite_cma,evaluation,-0.428577,-1.157311,2.074898,0.620155,41.703465,13,explicit_euler_dt1,hbv,success,,70.24,0.8962,-0.639999318938079,1.2674404495177096,0.0020658314538723,3.2693520071277057e-11,533.205696512782,5.999996429922818,0.2000013523723887,0.0674200822721405,0.0104440824447139,96.48767455783872,1.2248825448127545,0.0010000000132054,4.258657094340817,0.0,0.0,284.22088100083164,0.0,351.4828831635129,cal_final_2008-09-30
09386900,hbv_lite_cma,evaluation,0.124021,-0.14913,0.877484,-0.175352,143.400505,13,explicit_euler_dt1,hbv,success,,48.21,0.0802,0.1887783185513303,9.85573323203597,0.0743731064412291,0.1999999710721574,999.9999596451512,2.9801256209880607,0.2000000040365628,0.3090198207779393,0.3951859063272028,90.78170091575343,8.996686377139858,0.0909306394102693,1.9132641464509508,0.0,0.0,248.4030404228129,0.0,0.048004951072955,cal_final_2008-09-30
09404450,hbv_lite_cma,evaluation,-0.25257,0.376068,-0.239263,-0.234837,-0.137946,13,explicit_euler_dt1,hbv,success,,40.57,0.7086,0.5500083977007613,0.9648576406297515,0.0999999196446645,0.1409450641055967,999.9999416419464,2.4231998799800136,0.4119477571317629,0.6800698040270416,0.2637636202903917,84.19973152964026,2.3239512067296264,0.0317677679719549,1.8611954665558943,0.0,0.0,237.583072692381,0.0,0.7227090046323433,cal_final_2008-09-30
09430600,hbv_lite_cma,evaluation,-0.178882,0.383947,0.244116,0.055658,7.40795,13,explicit_euler_dt1,hbv,success,,32.53,0.4692,1.5875959066883158,7.68137683734519,0.0130122640313484,0.1897270418259526,153.20943480441588,5.9999720015041484,0.2022698113240383,0.8999849951200006,0.4993794066701569,1.7852888588872475,9.998629195724751,0.0257609707380237,1.880833709195711,0.0,0.0,94.94137659470296,0.0,3.904717247981064,cal_final_2008-09-30
09447800,hbv_lite_cma,evaluation,0.125142,-0.046364,-0.403701,-0.768128,2.283047,13,explicit_euler_dt1,hbv,success,,33.73,0.2862,0.2401301556093802,4.5541246322761895,0.0067119107239926,0.1528331364529091,456.3449140496356,5.229223968205595,0.4687218370626195,0.362765685339813,0.4490471761318366,80.68006154703687,0.8566762724615997,0.0010193932003913,1.5614277144280386,0.0,0.0,182.5153114617441,0.0,23.73755638536989,cal_final_2008-09-30
09484600,hbv_lite_cma,evaluation,-0.236523,-0.159004,1.01632,0.556203,3.562157,13,explicit_euler_dt1,hbv,success,,31.47,0.0305,2.499996113616617,0.5000006060598502,0.0999608052103376,0.003133207157055,999.9999952414288,4.562811242178361,0.5030050242779006,0.0730678841747654,0.272469998926084,6.600993290293627,6.018975331476061,0.1999999987918343,1.0620530417403249,0.0,0.0,368.21194362424745,0.0,0.018908723267173,cal_final_2008-09-30
09492400,hbv_lite_cma,evaluation,0.497706,0.470205,-0.319135,-0.430456,-0.146925,13,explicit_euler_dt1,hbv,success,,57.39,0.6574,2.330000456192577,2.0799866922371004,0.0203635368556428,9.705892155950637e-09,208.49578252913105,2.427931654097284,0.3773083103320039,0.0506723665271314,0.090850298773813,20.53204158864617,8.647440380206845,0.0249542210297495,1.7052564937984642,0.0,0.0,111.27027573075192,0.0,17.64532775423328,cal_final_2008-09-30
09494000,hbv_lite_cma,evaluation,0.215694,0.636128,0.003496,-0.180199,0.6275,13,explicit_euler_dt1,hbv,success,,41.42,0.5243,0.607765259527151,9.999999999350631,1.8641067334798185e-11,0.1999999990602021,324.66982295320145,2.781873486185021,0.2000000000501675,0.7209568785226711,0.4999999999974224,87.24421275781265,6.111632388741071,0.0153570221444344,1.7143450222186205,0.0,0.0,120.86513859208084,0.0,8.211148155453346,cal_final_2008-09-30
09497980,hbv_lite_cma,evaluation,0.471122,-0.688669,1.671195,0.090585,13.167724,13,explicit_euler_dt1,hbv,success,,33.28,0.4103,1.3339304637231737,1.0632898016418406,0.0489806880239251,0.1994366350530771,999.3579661007548,1.6294344371171636,0.3095372786322364,0.8999465923657061,0.3975719409625468,9.554788323919142,3.59604513566099,0.0010000042362686,1.0674770029372231,0.0,0.0,483.8319994629418,0.0,322.5158867953704,cal_final_2008-09-30
09505350,hbv_lite_cma,evaluation,0.522962,0.043207,0.869871,0.047396,,13,explicit_euler_dt1,hbv,success,,32.47,0.5338,0.0097743234021669,0.7469188484438993,0.0713928063253977,0.0870956642723067,963.7021741086708,1.2043386264015148,0.2000044444917281,0.8999949760013627,0.4999658383967564,0.1396523683987583,2.44150925396372,0.0661570117470081,1.499825985904656,0.0,0.0,203.8243489842903,0.0,2.195447262165339,cal_final_2008-09-30
09505800,hbv_lite_cma,evaluation,0.17322,-0.739275,1.706618,0.290625,7.342478,13,explicit_euler_dt1,hbv,success,,32.96,0.7423,0.6794948297417109,0.735332574328086,0.0830591920434763,0.0262256135085227,165.93984771637793,5.999999933728618,0.201098046427383,0.8999785533900564,0.2088296082584846,24.28555779236397,7.497335077799444,0.0010000562369505,1.4681357680307243,0.0,0.0,24.51799459297064,0.0,455.1442100682903,cal_final_2008-09-30
09508300,hbv_lite_cma,evaluation,0.634837,0.336941,0.592342,0.059202,45437.493231,13,explicit_euler_dt1,hbv,success,,32.77,0.6299,2.499980041357692,1.1284467253231392,0.0816866813058355,6.95124932844853e-07,50.00000852448918,1.7333441769569875,0.2000000441056831,0.8999999545804458,0.4900747597433701,12.27459918763956,1.8109030200385536,0.0010000001320421,1.111574542407283,0.0,0.0,0.1791416177181997,0.0,231.3817816904861,cal_final_2008-09-30
09510200,hbv_lite_cma,evaluation,0.656856,-0.17065,1.150636,0.065032,8788.57843,13,explicit_euler_dt1,hbv,success,,32.17,0.7593,2.493254427153444,9.005665426241134,0.0059998335128345,0.0412362436692351,95.39338223270528,2.8111853162571,0.271246795075895,0.8999999999804936,0.0795171520783911,36.027021534672485,2.6915421249588127,0.001000000000005,1.4398785724215144,0.0,0.0,3.72959850142289,0.0,191.2941159289608,cal_final_2008-09-30
09512280,hbv_lite_cma,evaluation,0.488879,-2.226924,3.211102,0.658153,,13,explicit_euler_dt1,hbv,success,,32.42,0.4863,0.1020502241748184,5.797117087919644,0.0185113487741046,0.1545543719654687,499.0296217979164,1.061315642658361,0.9999999999299908,0.8999999999987757,0.4999999999654073,3.046755396354767,5.261759890015979,0.0010000000000236,1.328864729007397,0.0,0.0,152.62835743234922,0.0,298.135834031347,cal_final_2008-09-30
09513780,hbv_lite_cma,evaluation,0.495819,-0.272911,1.152597,0.040743,,13,explicit_euler_dt1,hbv,success,,31.79,0.5675,2.241046434552038,6.810638051318117,0.0178244704576719,0.1892862696824098,493.2113992339316,1.4540560524282533,0.9999999915935528,0.8999999998917951,0.4140370806159599,3.916467075054033,2.2712535627380777,0.0010000000000954,1.0408290783625525,0.0,0.0,166.41375088073403,0.0,202.0691491647009,cal_final_2008-09-30
10234500,hbv_lite_cma,evaluation,0.336438,0.35021,0.588664,0.332133,0.364284,13,explicit_euler_dt1,hbv,success,,63.31,0.6984,0.7299998612850986,1.7226040431377323,0.0231068663258733,1.2082034296611872e-09,999.9999989852564,2.492697628219533,0.2735948512635747,0.5182900111423533,0.1446932769775246,44.83258884379927,5.9414276328759925,0.0166256812104033,8.683804490467004,0.0,0.0,489.9370936227274,0.0,15.850282384386665,cal_final_2008-09-30
10244950,hbv_lite_cma,evaluation,0.684337,0.77132,0.095749,0.069798,-0.16629,13,explicit_euler_dt1,hbv,success,,89.21,0.9008,-1.230093451767042,0.6990373371897702,0.0046669509609379,0.0011457655060056,375.9954968361116,3.766827583988955,0.601319467956243,0.4785412546914181,0.0191791296545459,99.9947922058047,4.601271547641187,0.0091076226106207,9.021876184941169,0.0,0.0,117.27558224902032,0.0,13.815979156703284,cal_final_2008-09-30
10259000,hbv_lite_cma,evaluation,0.253059,0.567831,-0.089929,-0.061006,-0.059438,13,explicit_euler_dt1,hbv,success,,30.82,0.9101,-0.3683390266824733,1.8014305105444752,0.0586816615310989,0.0796946623146073,86.27605524258456,2.8265971527044567,0.8696944703097818,0.8999999997556265,0.2964181172852922,6.458905856856513,9.110701782619127,0.0073369000924277,1.7802741122645176,0.0,0.0,0.8886749978865968,0.0,16.594582144215924,cal_final_2008-09-30
10336645,hbv_lite_cma,evaluation,0.547325,0.705971,-0.105129,-0.279774,0.874544,13,explicit_euler_dt1,hbv,success,,37.93,0.7107,-0.5000845706427912,1.953438012429065,0.0420778471071162,1.6299767337285696e-07,547.2783871556398,5.993969989698261,0.9115392169184182,0.8999999972426898,0.0413957348009248,88.14157477215402,5.579955440679274,0.0358782358617072,1.0452647234272612,0.0,0.0,295.8881380436007,0.0,1.5217180049557295,cal_final_2008-09-30
10336660,hbv_lite_cma,evaluation,0.770123,0.629672,-0.26147,-0.293334,-0.350701,13,explicit_euler_dt1,hbv,success,,42.34,0.7384,1.389999636067214,2.622927424190264,0.0978306495725483,1.4950498684621952e-10,118.5455211375368,3.184017317015962,0.9999995403155404,0.899999536125035,0.2331770056458495,34.126457870214004,9.999999367907956,0.0475699377700686,1.209176612871386,0.0,0.0,9.825186281021749,0.0,0.2974957373542107,cal_final_2008-09-30
10343500,hbv_lite_cma,evaluation,0.327685,0.205242,0.649562,-0.012185,6.33004,13,explicit_euler_dt1,hbv,success,,46.2,0.5835,-1.089999526185825,2.2205483111877147,7.490291901582122e-09,0.0952817766147265,999.9997346485804,1.0845350153871411,0.20000130358652,0.0581717995456376,0.0215809118714754,99.99999896456738,3.4768588040562145,0.0010000000019165,1.6037708536882795,0.0,0.0,371.7156587031999,0.0,1115.920679248817,cal_final_2008-09-30
11124500,hbv_lite_cma,evaluation,0.37805,0.193449,0.732829,-0.233482,,13,explicit_euler_dt1,hbv,success,,27.95,0.3989,-0.1999837040868874,4.1592862061790665,0.0840920372853069,0.0673034301607095,947.066455720485,2.2546659606232566,0.2000000000000868,0.8999999999999743,0.1316602451818849,99.99999999999994,9.9999999999995,0.001,1.5082354996874234,0.0,0.0,288.4914219110985,0.0,479.7090194346137,cal_final_2008-09-30
11141280,hbv_lite_cma,evaluation,0.225013,0.576774,0.218143,-0.293872,4.523338,13,explicit_euler_dt1,hbv,success,,30.03,0.6451,0.7565721828168077,1.949856775654543,0.034504899853964,0.0746700893700095,613.8050302133952,1.2455768543381498,0.2000000000001918,0.6533775738417527,0.468900867904535,13.053003108367855,8.912486771923446,0.001,1.3619839515011476,0.0,0.0,24.458162244289355,0.0,405.4962480141827,cal_final_2008-09-30
11143000,hbv_lite_cma,evaluation,0.84094,0.891554,-0.005767,-0.023734,-0.207971,13,explicit_euler_dt1,hbv,success,,23.45,0.7921,1.9999999877027417,0.5000000320236659,0.010838848080947,1.1241809053897784e-08,999.999995941839,3.641075139000266,0.2582005359653317,0.0500000039012798,0.3808442949211185,62.08206670827931,9.999999997901568,0.0601568507915012,1.5715022197736122,0.0,0.0,580.3938714453992,0.0,0.0028740801993786,cal_final_2008-09-30
11148900,hbv_lite_cma,evaluation,0.737119,0.702622,0.009324,-0.055154,,13,explicit_euler_dt1,hbv,success,,22.64,0.7217,0.5553191094024634,9.510654171566111,0.0727118942352195,0.1830170254707121,193.8242957010535,1.3901663701712996,0.6446231371298854,0.8999999999995735,0.4999999999999996,3.0719015543244627e-10,4.640851095533917,0.1617042212665127,1.0322651795615685,0.0,0.0,3.274593205220747,0.0,2.7021009567672333e-08,cal_final_2008-09-30
11151300,hbv_lite_cma,evaluation,0.298246,0.241741,-0.343758,-0.332877,-0.766676,13,explicit_euler_dt1,hbv,success,,23.55,0.1539,-0.8710318323837793,3.819748677872168,0.0551593650727694,0.0183519902368584,999.9999999998512,3.5519093450179566,0.2000000000008139,0.4342434047716422,0.3786662036476866,0.0075622900251554,2.1228136422502006e-10,0.1896709112524404,1.5107241785163943,0.0,0.0,29.491199721962985,0.0,4.114248717382873e-18,cal_final_2008-09-30
11176400,hbv_lite_cma,evaluation,0.496091,0.460323,-0.033944,-0.196175,,13,explicit_euler_dt1,hbv,success,,23.45,0.4529,1.640000071609709,6.075974279981796,0.0966978733270225,2.554994288451862e-06,999.9999987157448,1.3576533467849856,0.2000000000011395,0.3298588841270317,0.4999999989560805,32.950142160439654,0.9808954088286984,0.1120683652163086,1.0001351240750145,0.0,0.0,39.21023860260983,0.0,2.519991373830486e-09,cal_final_2008-09-30
11230500,hbv_lite_cma,evaluation,0.47625,0.53957,0.177496,-0.370357,8.57228,13,explicit_euler_dt1,hbv,success,,81.8,0.146,-2.433719144263073,3.138754821318498,0.0001739348057259,0.0548193309224391,857.4631914985825,1.5061083708509178,0.5595998175498169,0.0545836987109458,0.0233793514653992,79.33101368455203,8.315366697253982,0.0013654937844949,1.1260134424719812,0.0,0.0,529.4538494967888,0.0,1374.3785399836258,cal_final_2008-09-30
11237500,hbv_lite_cma,evaluation,0.558693,0.68624,0.17613,-0.060291,2.106049,13,explicit_euler_dt1,hbv,success,,49.41,0.8625,1.2600047800931784,2.669883032633006,0.0465133133174855,7.992622925600461e-08,609.2050635485258,5.518353605345953,0.604098793354139,0.2153921523031768,0.048077011743574,99.97334580234542,2.2990743223552945,0.0499057689774571,1.5056166927096184,0.0,0.0,318.49408515367355,0.0,0.3063418964264741,cal_final_2008-09-30
11264500,hbv_lite_cma,evaluation,0.70421,0.833588,0.071924,0.018663,2.046561,13,explicit_euler_dt1,hbv,success,,48.45,0.8206,-2.2798815830405057,1.743158849609121,0.0189303700358157,9.983793692336352e-08,998.6731851964928,5.9999507166731965,0.5543800626073123,0.1387731752790261,0.0580273690125608,30.200818660606227,8.321753756601083,0.0411175532866355,1.8963161190882976,0.0,0.0,679.4180766184446,0.0,1.00774929424742,cal_final_2008-09-30
11266500,hbv_lite_cma,evaluation,0.64964,0.797545,0.098832,0.04041,1.543461,13,explicit_euler_dt1,hbv,success,,52.92,0.8381,-1.7914595164762288,1.706216254148577,0.0682619664562563,0.0071198386672426,427.05394656919634,1.7958836084152183,0.363100468207485,0.5784771755429244,0.0609868435601557,89.41117029904818,6.06422487350191,0.0392000518117818,1.7969787112492164,0.0,0.0,91.79163084642016,0.0,1.1852528448134008,cal_final_2008-09-30
11284400,hbv_lite_cma,evaluation,0.5699,0.309615,0.656622,-0.103132,,13,explicit_euler_dt1,hbv,success,,27.64,0.6705,0.2901390242931851,5.195865498235047,0.0999780034743652,0.1999999693358412,507.5842861146596,4.704409103475291,0.2000001905962059,0.8467742381095734,0.4134775947617226,21.727943069468115,9.608064741361254,0.0010000001677156,1.0131954726095558,0.0,0.0,27.45864545869307,0.0,632.3490161528946,cal_final_2008-09-30
11381500,hbv_lite_cma,evaluation,0.732603,0.800502,0.129872,0.059661,0.093712,13,explicit_euler_dt1,hbv,success,,28.0,0.7818,-1.2199993590101024,1.5530677201203535,0.0528482818956886,0.0742692056692073,967.3674359599712,1.0000003835618936,0.2047242116408144,0.899999996059674,0.2170932156337091,31.575600686230963,8.659981848972269,0.013074174580778,1.8162764866360697,0.0,0.0,195.40449462549745,0.0,17.136776489250177,cal_final_2008-09-30
11451100,hbv_lite_cma,evaluation,0.631109,0.696037,-0.083263,-0.179631,0.932728,13,explicit_euler_dt1,hbv,success,,27.26,0.7444,-0.7300470648432453,6.768999227738616,0.0040131920008564,0.1198348251435521,170.8906328647868,1.0000034524893713,0.2000001129229855,0.8999999732367348,0.4830926022648207,63.259780707260624,9.595954805356843,0.0828088964535682,1.0543749044564472,0.0,0.0,3.0574784894592537,0.0,0.0148737712169483,cal_final_2008-09-30
11468500,hbv_lite_cma,evaluation,0.796178,0.686533,0.264879,0.015942,13.004751,13,explicit_euler_dt1,hbv,success,,27.03,0.8278,1.4896976273023617,6.719829895714083,0.0651943978969342,0.0652391342672185,999.9911565118576,5.48886486933193,0.9011920235981534,0.6701794159518396,0.1566274471888627,47.0621008086959,2.3448011184232724,0.0010000008250163,1.3702823014443135,0.0,0.0,661.1288703317401,0.0,754.609449152089,cal_final_2008-09-30
11473900,hbv_lite_cma,evaluation,0.719662,0.391634,0.598659,0.198711,20.919661,13,explicit_euler_dt1,hbv,success,,27.94,0.634,-0.0700000005664147,0.5000000001335623,0.0406031593407365,6.962054207162811e-12,999.9999999311776,1.2861179251045658,0.2715367493018262,0.8822442602619984,0.2634478105178787,70.19768274333651,9.999999999923276,0.0225176304564324,1.1362642197409594,0.0,0.0,440.8156969670261,0.0,11.993208559737752,cal_final_2008-09-30
11475560,hbv_lite_cma,evaluation,0.810282,0.779439,0.028057,-0.056504,-0.220717,13,explicit_euler_dt1,hbv,success,,23.93,0.8395,0.7096497977877538,0.5000006738611548,0.0992319507530857,0.0529420892532424,999.9904454996068,4.283570273107237,0.2729356593765699,0.6897628881422048,0.2317131784232064,55.64727368662415,6.381618479567296,0.0857838103468766,1.211432642605022,0.0,0.0,637.9732337446663,0.0,0.2240374210693565,cal_final_2008-09-30
11476600,hbv_lite_cma,evaluation,0.810953,0.797108,0.032084,-0.08259,-0.780461,13,explicit_euler_dt1,hbv,success,,27.57,0.8659,2.1595194358059304,1.3765678262345382,0.0484273357947018,3.163779224235101e-05,283.7530889889779,3.65494094601766,0.2000019197652789,0.4487425758865205,0.220387458189232,57.40186493723175,6.11979832346182,0.0966290718683834,1.639030172727434,0.0,0.0,16.807954078382334,0.0,0.0002854661561605,cal_final_2008-09-30
11478500,hbv_lite_cma,evaluation,0.725529,0.783806,0.003359,-0.102679,-0.739117,13,explicit_euler_dt1,hbv,success,,27.39,0.7952,0.7300000834328086,5.919454623427687,0.097868029103356,1.8698532689461348e-10,161.09244157892022,3.4288424097340022,0.9999999995970116,0.7728575404869501,0.3356091567464789,36.77819795111989,6.558497100338664,0.0995280660637771,1.815716837297236,0.0,0.0,26.253428295017027,0.0,0.0011268972855419,cal_final_2008-09-30
11480390,hbv_lite_cma,evaluation,0.730197,0.490805,0.495326,0.155323,280.943002,13,explicit_euler_dt1,hbv,success,,27.44,0.7443,-0.8199999761874135,5.459229482436116,0.0427893585710112,5.2208099954599386e-11,999.9999982250512,1.452911965662277,0.2779897063862553,0.5987669452275035,0.1988850885685107,31.472382958378965,9.999999998949336,0.0533213652699832,1.3362233802702843,0.0,0.0,495.4847374039702,0.0,0.5501301061833341,cal_final_2008-09-30
11481200,hbv_lite_cma,evaluation,0.773053,0.787117,0.103578,-0.031274,0.261194,13,explicit_euler_dt1,hbv,success,,24.35,0.832,-0.3543460836688292,8.951294751465468,0.0194607565332451,0.1701674727075844,501.1117180528525,1.0000000000221363,0.2568589421897675,0.8999999999998576,0.2744305225836626,28.68663303204737,6.16394620935857,0.0697853241087397,1.2270102865329922,0.0,0.0,129.82455173326628,0.0,0.321255704369825,cal_final_2008-09-30
11482500,hbv_lite_cma,evaluation,0.838182,0.837374,0.129623,0.035292,0.229185,13,explicit_euler_dt1,hbv,success,,27.5,0.8526,0.1200000200456852,3.7184063399966174,0.0575144880375941,6.892879951880954e-09,821.0175955158023,5.9999976771488726,0.8790832583800914,0.3863581465981366,0.1907964908961759,30.186144810618543,7.717788848503554,0.0754580506454632,1.5324132744325063,0.0,0.0,528.2485918905641,0.0,0.0821225680145218,cal_final_2008-09-30
11522500,hbv_lite_cma,evaluation,0.756197,0.797932,0.034588,-0.119156,1.123111,13,explicit_euler_dt1,hbv,success,,28.66,0.7889,-0.8999998761828096,2.0444115479836538,0.098432158587515,1.1555090094939437e-07,101.44756533603538,1.0000226358935214,0.9999930861030468,0.6454550248481119,0.1808988604544195,99.99993245067216,9.441658861774329,0.0174589309925592,1.0013942731130976,0.0,0.0,4.156986792064433,0.0,14.515202843405383,cal_final_2008-09-30
11523200,hbv_lite_cma,evaluation,0.702343,0.825578,0.073916,-0.062957,0.209685,13,explicit_euler_dt1,hbv,success,,31.53,0.7672,0.749997456091898,2.3030817414953635,0.0999729121221117,1.4112313760117491e-09,120.26222693682848,1.0000448597607274,0.999908566269352,0.8999989344953728,0.2225839320649708,93.16605986730391,9.999997869432164,0.0306217923293876,1.037865434758062,0.0,0.0,9.350268147015845,0.0,3.835489435943064,cal_final_2008-09-30
11528700,hbv_lite_cma,evaluation,0.694996,0.57397,0.396458,0.077867,2.056356,13,explicit_euler_dt1,hbv,success,,27.84,0.8022,-0.0599996355502474,3.249509883595502,0.0675250278003787,2.396464748472061e-09,999.999981812284,1.1336366817541783,0.2197863318806281,0.4160753504703544,0.2685971461780915,40.82221266316649,9.999999803104156,0.032803710251387,1.6319960266150848,0.0,0.0,374.498499608416,0.0,0.8826628526532735,cal_final_2008-09-30
11532500,hbv_lite_cma,evaluation,0.841137,0.867997,0.103554,0.008267,-0.043068,13,explicit_euler_dt1,hbv,success,,27.03,0.8818,-0.0299999859316519,5.64210232816824,0.0833523016675386,1.1609440696828224e-09,456.4430181577659,2.008443083991613,0.9858426942947064,0.8999999985123968,0.2587784830766974,55.48495012031191,9.999999916165509,0.0439961126635486,1.1117347305184555,0.0,0.0,241.4053046331662,0.0,1.3323451403104345,cal_final_2008-09-30
12010000,hbv_lite_cma,evaluation,0.852913,0.823422,-0.000255,-0.065202,-0.304466,13,explicit_euler_dt1,hbv,success,,41.53,0.8617,-1.021675505146038,9.99839611421069,0.0889916926453738,0.1321592468512148,136.659097405054,3.575586647623589,0.4028447108828302,0.5159755361665536,0.1846504723421418,58.35612134032508,5.361460195347068,0.0503275868997937,2.3241580038667435,0.0,0.0,112.66474258644747,0.0,17.021939603647194,cal_final_2008-09-30
12013500,hbv_lite_cma,evaluation,0.778409,0.514406,0.480894,0.187356,9.805679,13,explicit_euler_dt1,hbv,success,,45.44,0.8055,-2.4999999927183927,9.999998120654512,0.084815650309233,0.0196267252222307,904.5646167627676,5.999999619304925,0.298201291873274,0.3527085545285219,0.1449648141497515,71.50889927817803,4.600347449441139,0.0010000000000302,2.9338374532075298,0.0,0.0,807.9884996923432,0.0,2598.5914731001226,cal_final_2008-09-30
12020000,hbv_lite_cma,evaluation,0.775338,0.798029,0.093256,-0.013349,-0.470012,13,explicit_euler_dt1,hbv,success,,32.23,0.473,-0.2399997609243733,9.99999925139571,0.046514169808125,0.16122681620437,152.22042151408343,2.727542859022825,0.2000007868999274,0.8999999958012587,0.4415139524323086,39.547300177371696,8.624572481418364,0.133329656725661,1.0628229783074357,0.0,0.0,92.6315437405357,0.0,2.4134785645833743,cal_final_2008-09-30
12025700,hbv_lite_cma,evaluation,0.83639,0.884568,-0.001252,-0.065364,-0.31711,13,explicit_euler_dt1,hbv,success,,31.89,0.8306,-2.4299999716523266,9.111801120332322,0.0009447792569805,1.2227666302284056e-10,646.8225734195304,5.324395038252037,0.9174281365297496,0.8999999982744814,0.3995245168589866,35.27486676677655,7.634806816523384,0.1000930381894731,1.682761382525944,0.0,0.0,506.7250450597728,0.0,1.6803943278416875,cal_final_2008-09-30
12035000,hbv_lite_cma,evaluation,0.836399,0.799337,-0.069551,-0.12168,-0.312167,13,explicit_euler_dt1,hbv,success,,35.54,0.8742,0.7100000472463308,9.999999677422704,0.0911441335337572,1.0795772297640548e-08,199.16688980484332,1.0000000330105734,0.5950080730341029,0.8322723414618737,0.2369586295912084,72.18968621149567,7.8095973609305345,0.0829202264577433,1.29386349199662,0.0,0.0,95.96106947951002,0.0,7.606486475865006,cal_final_2008-09-30
12040500,hbv_lite_cma,evaluation,0.75587,0.676032,-0.150065,-0.187447,-0.3033,13,explicit_euler_dt1,hbv,success,,32.05,0.8072,-2.180000000970828,1.9389543046714617,0.0983024156757521,9.521319285567856e-08,74.9089924191231,1.0311033088210322,0.999999963636436,0.8999999966554892,0.3079414957488201,40.20112570205039,5.1807279839268325,0.0627944633385522,1.0434736947746153,0.0,0.0,58.30599288845934,0.0,25.18882108262962,cal_final_2008-09-30
12041200,hbv_lite_cma,evaluation,0.625223,0.814082,-0.018424,0.026978,-0.275769,13,explicit_euler_dt1,hbv,success,,29.83,0.7533,-0.6700001651201877,0.6822358318045211,0.0383489877449176,2.9746193386499103e-09,50.0000003109422,1.0000002014726053,0.9999999895691432,0.8999999988337765,0.3202659484315311,47.44023132114997,9.99999408424272,0.0294153177956768,1.7240620593583342,0.0,0.0,39.64224811523461,0.0,100.60980286540834,cal_final_2008-09-30
12048000,hbv_lite_cma,evaluation,0.025935,0.079612,0.017113,-0.481767,2.432957,13,explicit_euler_dt1,hbv,success,,43.84,0.1431,1.7799854218250823,0.500000000001667,0.0986323953351366,1.7301703193079806e-11,331.10489524636546,1.000000134302231,0.6786017889647304,0.0615030709992668,0.0577790904674691,5.497235039590546e-06,9.999999922401956,0.0018349926684045,1.0252588304311023,9352.63769717515,1.618165614836187e-07,247.7859121057875,0.0,1166.0444133221904,cal_final_2008-09-30
12054000,hbv_lite_cma,evaluation,0.58876,0.790102,-0.061624,-0.134264,0.413538,13,explicit_euler_dt1,hbv,success,,32.53,0.6376,-2.2200004263659885,1.3195928049285162,0.0999999035045789,0.0045235251281355,999.999993132651,1.0000000698117213,0.9999998636841404,0.8999998371351626,0.4709290053021626,29.57843646340876,9.99999879404178,0.0203181579018667,1.0075312288410176,0.0,0.0,825.7123931559167,0.0,114.86634926670968,cal_final_2008-09-30
12056500,hbv_lite_cma,evaluation,0.659726,0.832373,0.005531,-0.060821,0.553379,13,explicit_euler_dt1,hbv,success,,32.76,0.5856,-1.82999996138108,1.3393831928661046,0.0583025059765355,3.1465758141060004e-11,999.999999761074,1.0000000000001263,0.5133666173971314,0.8999999992311574,0.3370070556980872,47.94062180926322,9.999999997670136,0.0244810925186898,1.911589786206621,0.0,0.0,837.3689215452331,0.0,128.69617856536436,cal_final_2008-09-30
12073500,hbv_lite_cma,evaluation,0.713566,0.57486,0.389019,0.016716,1.869725,13,explicit_euler_dt1,hbv,success,,32.5,0.7908,-0.0099993988431439,2.063057961258627,0.064516692015901,3.4158600935386536e-10,999.9999918600936,5.76931103112462,0.2875103808670348,0.8999999970354111,0.1751315575277587,49.60816449971194,5.814355613668647,0.0010000000020672,1.912330855519832,0.0,0.0,786.5948486317221,0.0,1632.9788541199364,cal_final_2008-09-30
12082500,hbv_lite_cma,evaluation,0.699716,0.799153,0.130461,-0.011913,0.600754,13,explicit_euler_dt1,hbv,success,,33.13,0.6682,-2.34000014570142,1.1775325225074138,0.0999921156704875,0.0395232165543639,999.9939166559144,2.060146512117225,0.2505596582221082,0.8999998819181106,0.1856744395209117,82.03642011040927,9.999999944738011,0.0088659721340924,1.7643305991518727,0.0,0.0,853.8625779422808,0.0,430.2575110824405,cal_final_2008-09-30
12092000,hbv_lite_cma,evaluation,0.401501,0.667139,0.219378,-0.005905,0.970202,13,explicit_euler_dt1,hbv,success,,33.22,0.4903,-2.430000158996222,1.1042650784413857,0.0723085271806606,0.1027177825996072,999.9978906319418,1.000001044646008,0.567314605138515,0.651083967836169,0.1887518492675088,99.9999999910133,9.999999986966582,0.003787788920986,1.564062940846471,0.0,0.0,808.3312999366881,0.0,1155.9296879511176,cal_final_2008-09-30
12114500,hbv_lite_cma,evaluation,0.635007,0.709139,-0.023883,-0.16309,1.062491,13,explicit_euler_dt1,hbv,success,,34.64,0.7049,0.3900001724109119,2.543095977011994,0.0126352209010214,9.753443905883783e-11,999.9999531029022,1.098594743218612,0.7477681215032022,0.6982027567108452,0.2483406638947091,49.97177190633346,9.999999956750196,0.0304536385879909,1.006139913051728,0.0,0.0,828.7558877621746,0.0,74.60544671581795,cal_final_2008-09-30
12115000,hbv_lite_cma,evaluation,0.683922,0.699257,-0.020668,-0.176992,0.962625,13,explicit_euler_dt1,hbv,success,,32.82,0.7493,0.060000192406544,1.9295402350119224,0.0819731955491678,3.36669750862497e-11,999.9989145537522,1.802820389604064,0.2885310401765549,0.8999999331932974,0.2769251539985429,46.174737140088624,9.999999882525987,0.032015850608521,1.436889270838403,0.0,0.0,868.3451807973712,0.0,72.5871962784056,cal_final_2008-09-30
12117000,hbv_lite_cma,evaluation,0.834246,0.823679,0.015535,-0.133298,0.380772,13,explicit_euler_dt1,hbv,success,,32.25,0.8398,-2.479901766405017,0.5042009792673644,0.0153525478106793,1.959800676502306e-08,999.9963709301196,2.7220101473170044,0.2945185840076085,0.7354213328431574,0.2022338010587222,56.920521994586124,9.999997041718448,0.0229663593631,1.9248848794798377,0.0,0.0,874.9585321713793,0.0,102.94423225996336,cal_final_2008-09-30
12143600,hbv_lite_cma,evaluation,0.698135,0.77688,-0.049445,-0.156812,0.622464,13,explicit_euler_dt1,hbv,success,,32.04,0.7183,0.4699999972471187,2.5379656672419832,0.0617911442717372,4.753735532298373e-13,576.9845339650469,5.349671620069613,0.4574303908664497,0.8999999997082175,0.371203919183469,45.56254910982848,9.99999999631704,0.0214540762363649,1.0134328084440904,0.0,0.0,534.8425560065684,0.0,126.52694286610524,cal_final_2008-09-30
12144000,hbv_lite_cma,evaluation,0.710975,0.779462,-0.063383,-0.172661,0.268185,13,explicit_euler_dt1,hbv,success,,32.53,0.7458,0.2499928351990608,1.626799195755848,0.0453448843032774,0.0013446305685535,898.3628483866491,1.000050629143917,0.7350663091023797,0.8999842750984437,0.2596809764354864,41.74015261501254,9.999986585371053,0.0262834866784504,1.0178377293189464,0.0,0.0,740.8782165172646,0.0,110.57233014902484,cal_final_2008-09-30
12145500,hbv_lite_cma,evaluation,0.844387,0.794983,0.071957,-0.071172,0.244444,13,explicit_euler_dt1,hbv,success,,32.43,0.8862,-0.9400000139948076,0.689220643131429,0.0988042693443278,4.297814463892344e-10,174.9024529863552,1.1355754806755425,0.2000000017940847,0.8999999990421688,0.2501623390582008,35.49004913256534,4.506809603317228,0.0656219374671842,1.2594385894292794,0.0,0.0,101.21509736367574,0.0,18.07073689702583,cal_final_2008-09-30
12147500,hbv_lite_cma,evaluation,0.682996,0.636779,-0.265396,-0.2635,-0.347098,13,explicit_euler_dt1,hbv,success,,32.65,0.658,0.2599916371106685,1.0133969320397016,0.0339501719887325,0.0057015602007494,50.000001061098594,1.0000022532342834,0.9999964731966442,0.8999999401234023,0.4999974647313712,5.45756615714367,9.088386445792969,0.04497689759295,1.0832226823015094,0.0,0.0,41.2601684419168,0.0,51.06121043967628,cal_final_2008-09-30
12167000,hbv_lite_cma,evaluation,0.627212,0.552435,-0.198011,-0.31133,0.094574,13,explicit_euler_dt1,hbv,success,,32.04,0.6828,-1.0100051079476933,0.6293416766947828,0.0123298859689045,0.0002868943696451,50.00013948343081,1.0000038011302872,0.9999999857020624,0.6625708256246964,0.27667188011374,40.97349454870251,6.405411633280954,0.0276810304383638,1.038996348863931,0.0,0.0,34.048840476141194,0.0,47.88851971704914,cal_final_2008-09-30
12175500,hbv_lite_cma,evaluation,0.461723,0.721084,-0.013298,-0.161827,0.693459,13,explicit_euler_dt1,hbv,success,,38.27,0.5761,-2.489999215252224,1.4310710139280562,0.034491158387662,1.8707368782965566e-09,999.9680625782792,2.8159904407992933,0.5036901147479045,0.8999990817940813,0.2193652435423495,87.20079120591234,9.999995105861094,0.0121337738398061,1.9599118830225564,0.0,0.0,914.0241778162284,0.0,368.343644100255,cal_final_2008-09-30
12178100,hbv_lite_cma,evaluation,0.493522,0.722551,-0.045714,-0.171216,0.380452,13,explicit_euler_dt1,hbv,success,,33.42,0.5961,-2.490000433504972,1.3808301185549563,0.075470305707409,5.81387962183658e-09,999.6268585788748,1.0018916444301256,0.3264967387683456,0.7644781312151738,0.3456581560154856,50.10405531693238,9.999999752582472,0.0221602238361424,1.859127551525268,0.0,0.0,818.1856197425009,0.0,147.44186132400029,cal_final_2008-09-30
12186000,hbv_lite_cma,evaluation,0.607255,0.763544,-0.108289,-0.164355,0.241832,13,explicit_euler_dt1,hbv,success,,32.47,0.5815,-1.3500000232345044,1.452053784661218,0.0810659594361037,3.1708421077666816e-05,50.372172532834014,1.000000280639164,0.99999981302963,0.89999979029256,0.2303983095330672,19.6259748625775,9.999998602954992,0.0234686173217128,1.7852138972628022,0.0,0.0,37.117536152641065,0.0,104.1634084797872,cal_final_2008-09-30
12189500,hbv_lite_cma,evaluation,0.423052,0.675083,-0.01321,-0.172929,0.479622,13,explicit_euler_dt1,hbv,success,,33.16,0.6216,-1.710005882772915,1.261374400217541,0.0994851945385789,1.2864560279065742e-09,999.9872750073648,1.000003657065868,0.6932029931852299,0.8794861757597583,0.2707183598469651,56.77974084989803,9.999999998784768,0.0156718489773271,1.0006431241026832,0.0,0.0,780.5351511552581,0.0,200.9709790067641,cal_final_2008-09-30
12375900,hbv_lite_cma,evaluation,0.398947,0.584382,0.252513,0.185745,-0.274217,13,explicit_euler_dt1,hbv,success,,73.15,0.7464,0.3200016692264236,1.832604859676953,0.0331152249271931,2.340617542072585e-08,999.99928960333,1.000000123443786,0.2839934419804739,0.2297055514382655,0.0653451373672642,28.9380211355968,7.790086145043889,0.0205983793882311,2.384758731951434,0.0,0.0,693.8420227293458,0.0,120.23260851507142,cal_final_2008-09-30
12377150,hbv_lite_cma,evaluation,0.74149,0.801959,-0.153906,-0.098574,-0.707646,13,explicit_euler_dt1,hbv,success,,37.62,0.7757,1.12977372276261,1.957031291763787,0.0490612945146331,0.0201636661147419,104.1009371146127,1.0000155746375166,0.9999723310866316,0.3322529182061368,0.0881191838121718,17.118915448627938,9.999984678546006,0.0288114998122853,1.029340644366301,0.0,0.0,71.77507433938263,0.0,71.10863151913702,cal_final_2008-09-30
12381400,hbv_lite_cma,evaluation,-0.476419,-0.320793,1.207769,0.565081,7.12149,13,explicit_euler_dt1,hbv,success,,78.6,0.6419,0.2299789305944588,2.3024591051752386,0.0961444245697201,0.0329240831236324,999.999574103511,1.0000002225758688,0.272367804749292,0.0500000043234105,0.0220408821777998,99.999982381052,3.101091033227047,0.00100000071841,9.036841519764677,0.0,0.0,602.0270455919639,0.0,1195.2824943098024,cal_final_2008-09-30
12383500,hbv_lite_cma,evaluation,0.225783,0.451633,0.317391,0.307465,-0.081554,13,explicit_euler_dt1,hbv,success,,44.61,0.7081,2.409999679840665,1.873430597877925,0.0402140671561903,8.866815449376595e-10,999.9999514633264,1.0000000005021448,0.2295549826325139,0.0500289337878821,0.037791898379966,97.90928294378192,9.99998989496673,0.0135944790399352,1.842483479666734,0.0,0.0,574.8161626689467,0.0,127.954404394176,cal_final_2008-09-30
12390700,hbv_lite_cma,evaluation,0.253871,0.200855,0.774529,0.087708,4.233911,13,explicit_euler_dt1,hbv,success,,48.92,0.5296,-1.550000005262337,1.6661954814059807,0.083175462187432,1.1694625483636132e-09,999.9999998319272,3.572053652690101,0.2711846328530658,0.2321213280071546,0.0969367324726876,20.735483075372585,9.99999991630068,0.0188704512473932,1.006757732388037,0.0,0.0,797.8583175390726,0.0,65.90240651900905,cal_final_2008-09-30
12411000,hbv_lite_cma,evaluation,0.607408,0.685044,0.258131,-0.001321,1.331375,13,explicit_euler_dt1,hbv,success,,48.09,0.6785,-0.8799995357338173,2.286216935875639,0.0106817882981568,7.715126792630751e-09,334.5853872773269,5.999361219835246,0.3833832335312521,0.8999983063882748,0.4360318638145825,26.25491076444414,9.999996037223683,0.0289804715779966,4.500854374054063,0.0,0.0,239.40951436336897,0.0,11.49271142048171,cal_final_2008-09-30
12447390,hbv_lite_cma,evaluation,0.5173,0.423716,0.346444,-0.36703,9.224638,13,explicit_euler_dt1,hbv,success,,70.36,0.3629,-2.483193374197058,2.305683850559233,0.0003208554836132,1.2446432933416155e-16,999.9999999999634,1.0000000000004146,0.7982356876400023,0.3120588202462354,0.4999999999998621,78.29690936904818,9.999106438498409,0.001,9.938757442391616,0.0,0.0,711.0358389730912,0.0,1721.956555723866,cal_final_2008-09-30
12451000,hbv_lite_cma,evaluation,0.51102,0.75856,0.039457,0.006908,0.557792,13,explicit_euler_dt1,hbv,success,,78.48,0.6887,-2.499999999987642,1.7672828741552742,0.0102521715423986,6.021830225287351e-13,999.9999998675132,5.191762431832798,0.8053574362818026,0.8999999999886005,0.4999999970699711,6.033135046641352e-11,9.99999999871936,0.0133670228573007,7.754781695333066,0.0,0.0,869.2701652266221,0.0,171.0505822271017,cal_final_2008-09-30
12488500,hbv_lite_cma,evaluation,0.422504,0.417334,0.49735,-0.034395,5.54017,13,explicit_euler_dt1,hbv,success,,44.9,0.4392,-1.1500023702846258,2.1933200785054083,0.0822916794726273,3.2040899278472076e-09,999.9996624305144,4.882089825203045,0.2905583867893782,0.0500000148496912,0.0827341044742775,99.99999815076322,8.902641790634947,0.0010000000233944,1.4438881725196488,0.0,0.0,864.1281465440818,0.0,3088.858483703714,cal_final_2008-09-30
13011500,hbv_lite_cma,evaluation,0.720468,0.682726,0.290137,0.046954,0.754921,13,explicit_euler_dt1,hbv,success,,40.72,0.822,-2.200124048259576,2.387918561583092,0.028706991199541,0.0017147852621917,999.997560791351,1.4296710492358482,0.2623716786609705,0.5453895349496936,0.3656734903954143,99.62438810242352,9.999986508163555,0.0423676638939683,1.699177285776064,0.0,0.0,690.3799547503019,0.0,13.092763381847162,cal_final_2008-09-30
13011900,hbv_lite_cma,evaluation,0.572665,0.511268,0.460514,0.124537,2.723563,13,explicit_euler_dt1,hbv,success,,60.35,0.7594,-2.4000140789296576,1.181527231059898,0.0999993834163578,0.049762547941117,359.72704328811955,5.892179762001482,0.557396880364652,0.223237282248259,0.1681198511077289,79.08362315686053,5.41293018905767,0.001000001421128,1.5778845556154022,0.0,0.0,280.5037733312678,0.0,1236.7960957203284,cal_final_2008-09-30
13018300,hbv_lite_cma,evaluation,0.347787,0.478414,0.45291,-0.107712,3.22983,13,explicit_euler_dt1,hbv,success,,67.97,0.3431,1.5799969164698489,2.4867711247954527,0.0317369438280597,0.0020008111211556,999.9998552231032,1.0000000534003564,0.2820917925071269,0.8933318039768894,0.420443656121963,30.49458114186986,9.999999919436426,0.0010000000007202,9.972065363796212,0.0,0.0,531.5070376805626,0.0,1383.464804328108,cal_final_2008-09-30
13023000,hbv_lite_cma,evaluation,0.454123,0.420764,0.456651,-0.159371,3.259687,13,explicit_euler_dt1,hbv,success,,68.61,0.3406,-2.4999996252525385,1.3169086675894042,0.0301049031948938,0.001905439606704,999.9998071109716,1.000000001635216,0.2068279024722153,0.3990662676756289,0.4999999091121515,41.472797481926136,8.274030320753967,0.0010000000008118,9.624554636220829,0.0,0.0,627.9718686180756,0.0,1643.6624044896746,cal_final_2008-09-30
13161500,hbv_lite_cma,evaluation,0.528624,0.651396,0.255049,0.091516,1.010093,13,explicit_euler_dt1,hbv,success,,36.61,0.8274,-0.3899999841604709,3.1967499353267748,0.0650216821542982,4.0558577518536455e-11,937.253367853286,2.156728216739393,0.3454484668090785,0.3064835662543582,0.0100000135662484,63.42534483024048,8.895939772917965,0.0438599555440112,1.6205004200031552,0.0,0.0,267.6537463172684,0.0,0.395075468006647,cal_final_2008-09-30
13235000,hbv_lite_cma,evaluation,0.713018,0.740649,0.026566,0.10424,-0.374619,13,explicit_euler_dt1,hbv,success,,53.41,0.686,-0.8399991540441711,2.867137960984942,0.0653648738543427,9.712793565682964e-14,999.9997621806118,1.000000556798423,0.9008603099396228,0.075957922629979,0.0203420543649645,41.90144526590604,9.999995451916284,0.0260301260293225,1.600548870250686,0.0,0.0,539.8232720324688,0.0,18.69176455462388,cal_final_2008-09-30
13240000,hbv_lite_cma,evaluation,0.77079,0.879141,0.037136,-0.048797,0.896943,13,explicit_euler_dt1,hbv,success,,37.36,0.8208,-1.2354414793061397,2.7070594845501,0.0639675893765413,2.995380197958394e-07,999.9921933073036,1.0000021547545836,0.6465059356099729,0.3725355370821731,0.2942628408257637,25.263279706557668,9.999964341579158,0.0466236781359989,1.0000019898208772,0.0,0.0,675.9130468952002,0.0,18.38819645846724,cal_final_2008-09-30
13313000,hbv_lite_cma,evaluation,0.401807,0.311593,0.573232,0.348513,0.807541,13,explicit_euler_dt1,hbv,success,,63.09,0.7498,-1.97000330115184,2.079921039409561,0.0294211956932262,0.0028050333977593,999.9998498294542,1.000000523152382,0.2887039648279473,0.3036012443341362,0.3000229156507897,67.63528207982826,9.999999244306338,0.0308504885810004,1.7718437822549018,0.0,0.0,586.8380902554603,0.0,25.432586183410933,cal_final_2008-09-30
13331500,hbv_lite_cma,evaluation,0.613184,0.67069,0.16796,0.185216,0.667704,13,explicit_euler_dt1,hbv,success,,38.15,0.8204,0.69999996028749,1.1823788409080138,0.0578091645640359,1.1467334012691495e-09,999.9999933869228,1.0000000177144683,0.980939508233344,0.1058298571264652,0.2645009110755863,46.90680349663429,7.790749726885778,0.05375088969686,1.5766258909573674,0.0,0.0,640.525429693467,0.0,14.257380711603831,cal_final_2008-09-30
14020000,hbv_lite_cma,evaluation,0.435461,0.683112,0.074309,-0.118206,-0.328532,13,explicit_euler_dt1,hbv,success,,34.95,0.5577,0.0499994949586932,0.5000000004626125,0.0258348074527892,0.0018049366410773,78.79572920859849,1.000015260976344,0.999999866448767,0.2246812671180756,0.1993010249204683,89.75627333542711,2.3955182589589983,0.0600328576663699,1.5505257864999342,0.0,0.0,16.869209029117748,0.0,1.1576847347262909,cal_final_2008-09-30
14096850,hbv_lite_cma,evaluation,0.498364,0.459008,0.332689,-0.296583,1.707022,13,explicit_euler_dt1,hbv,success,,45.26,0.475,-1.379965594774025,0.962500029900468,0.0356361018637112,0.0420471613989327,960.8980207651108,1.9190489247385685,0.2174295878639773,0.8998955582307511,0.1008336068033224,9.404211597431877,2.8684863779612133,0.001000002493346,2.002966305075835,0.0,0.0,560.3825742629086,0.0,786.4156330414504,cal_final_2008-09-30
14137000,hbv_lite_cma,evaluation,0.797763,0.784414,0.016639,-0.135576,0.247037,13,explicit_euler_dt1,hbv,success,,33.28,0.7987,-1.460158933409943,1.0678785234036556,0.068860456099489,6.602104277694973e-05,703.3909391679954,1.089620814192911,0.5835838783600933,0.790543494086926,0.2133598501457286,59.8404422735721,8.37637787602857,0.0207931484181838,1.1961268488232792,0.0,0.0,502.9279585507044,0.0,79.82946682207464,cal_final_2008-09-30
14138800,hbv_lite_cma,evaluation,0.689352,0.715208,0.000381,-0.214272,1.895055,13,explicit_euler_dt1,hbv,success,,31.71,0.7254,-0.9400030668341528,1.5891964418101736,0.0999999384338744,0.1746962425587948,145.2196668046384,1.0019319805093034,0.9999999999155896,0.8999999978433484,0.4133025758965251,21.662833709109965,8.012845718180493,0.0308828628699576,1.9556259028299008,0.0,0.0,87.9528093997123,0.0,40.07032778678227,cal_final_2008-09-30
14138870,hbv_lite_cma,evaluation,0.761889,0.824876,-0.02625,-0.151383,0.923779,13,explicit_euler_dt1,hbv,success,,30.29,0.7976,-0.3600002495545613,1.2729831975549792,0.0765961014309736,2.4678119820201057e-10,778.9562058858071,1.000002622494758,0.5067338770735852,0.8999998513342032,0.3607185974418923,22.941593501674536,7.152940187064059,0.0393417006404262,1.759243034246308,0.0,0.0,582.4413087264534,0.0,40.75251437219657,cal_final_2008-09-30
14138900,hbv_lite_cma,evaluation,0.657409,0.710622,-0.146641,-0.177386,-0.405435,13,explicit_euler_dt1,hbv,success,,29.15,0.7217,-0.4700001685171502,0.587114755701953,0.0557018047761488,0.1999999887486614,252.72081310039417,1.0000081230779616,0.9999975818712136,0.8999682861809553,0.3484562489589888,27.336410359285424,5.345164375712963,0.0469569411356624,1.212099464522861,0.0,0.0,155.83729296386082,0.0,20.840642123956755,cal_final_2008-09-30
14139800,hbv_lite_cma,evaluation,0.790622,0.795293,-0.105681,-0.137612,-0.120927,13,explicit_euler_dt1,hbv,success,,28.2,0.8014,0.0499998855779337,1.0025233469089374,0.0922827597292093,3.787694792865987e-08,185.90780116966047,1.0000463529222985,0.9999998679191906,0.8999998008905987,0.3581564407618402,29.544730295998534,5.810118771456189,0.0555089677775996,1.5618458272066578,0.0,0.0,116.98490024735412,0.0,23.96800715970359,cal_final_2008-09-30
14141500,hbv_lite_cma,evaluation,0.807777,0.864702,0.018779,-0.091257,0.481021,13,explicit_euler_dt1,hbv,success,,27.78,0.8025,0.4299985312474574,0.9586143298261528,0.0939214022206804,1.1382895333229446e-09,680.3798460389825,1.0000493085056714,0.578956372224648,0.8999993603860765,0.3976416905826344,29.203482670923268,7.626766847435765,0.0470815187688292,1.0000596314178536,0.0,0.0,484.8682595107356,0.0,35.101013547434675,cal_final_2008-09-30
14154500,hbv_lite_cma,evaluation,0.724976,0.636363,0.308809,-0.080728,4.395236,13,explicit_euler_dt1,hbv,success,,27.89,0.7311,-1.2300000452341775,0.5232591196646089,0.0119280600198933,4.80288662536495e-09,999.9999824353804,1.284704444037332,0.2870397479920902,0.8186496817548171,0.2681760255604141,33.4484160049722,6.585423800248219,0.0354399615166977,1.011433949526869,0.0,0.0,680.5924530083737,0.0,8.1647996587245,cal_final_2008-09-30
14158790,hbv_lite_cma,evaluation,0.725548,0.772403,-0.05123,-0.195638,0.411735,13,explicit_euler_dt1,hbv,success,,28.46,0.6959,-1.630000210165636,1.5108884743657136,0.016073458654384,1.344142298522418e-05,246.057560134982,2.600027964330306,0.5828364110444124,0.7162630409735978,0.3892397999896869,47.86658948899438,9.999993292300498,0.0407237316076698,1.0006460777648494,0.0,0.0,102.49539873996736,0.0,4.880680843053816,cal_final_2008-09-30
14166500,hbv_lite_cma,evaluation,0.812372,0.748096,0.23276,0.112725,-0.663995,13,explicit_euler_dt1,hbv,success,,40.83,0.8802,-0.2100603430948813,1.404890153298587,0.016210058247277,0.0093920071660248,247.27297687855923,1.9074817821502232,0.2000381539588366,0.415137109887734,0.2228446459142824,23.234345805052342,5.184833733717616,0.0662258463271695,2.999747870617113,0.0,0.0,15.784859452966913,0.0,0.0466110942802797,cal_final_2008-09-30
14182500,hbv_lite_cma,evaluation,0.724598,0.694683,-0.056185,-0.166194,0.529774,13,explicit_euler_dt1,hbv,success,,27.57,0.7604,-0.7800000008143084,1.173990631895315,0.0375678674373128,1.427784569077545e-09,88.6546933192615,1.0000000189231273,0.9999999997268696,0.8999999991016631,0.3414989032710396,45.168328917277165,7.372499420508828,0.0483473823300507,1.0030046682638707,0.0,0.0,38.95175744067512,0.0,8.290871824920474,cal_final_2008-09-30
14185000,hbv_lite_cma,evaluation,0.796461,0.746636,0.218047,-0.006334,1.711392,13,explicit_euler_dt1,hbv,success,,27.55,0.7973,-2.070001319928773,0.5000004678460813,0.045949850216958,4.159398068509816e-08,489.4347572445394,1.00000329827686,0.4392600788884524,0.5851787399324644,0.1943283682133673,31.721810726153134,7.925812604084063,0.0422976674249344,1.7203801214558283,0.0,0.0,268.0694078086733,0.0,11.220779581729358,cal_final_2008-09-30
14185900,hbv_lite_cma,evaluation,0.811652,0.771562,-0.10216,-0.203068,-0.232016,13,explicit_euler_dt1,hbv,success,,27.8,0.7985,-0.769999856573129,1.969642259490904,0.0535478685542118,2.8245373453414716e-10,316.87198252236465,3.9258263956717663,0.9999999995206674,0.8999999812218742,0.4880893201031073,32.74810813901964,9.137098045280206,0.0916052673845208,1.9734483270352887,0.0,0.0,207.1997274756166,0.0,1.2918597367147264,cal_final_2008-09-30
14187000,hbv_lite_cma,evaluation,0.815188,0.728681,0.227397,-0.013005,1.974914,13,explicit_euler_dt1,hbv,success,,27.64,0.8018,-1.9500000715486288,0.5000000051039163,0.0189780571655114,0.0003543342786636,999.9948074254486,4.49066020925968,0.3898011678566979,0.2953586215032293,0.2061499179074875,25.529786781384733,6.703119086950649,0.0525027589714077,1.7630060536094514,0.0,0.0,784.6948780466654,0.0,5.273099579672934,cal_final_2008-09-30
14216500,hbv_lite_cma,evaluation,0.629618,0.685076,-0.062415,-0.185736,0.112269,13,explicit_euler_dt1,hbv,success,,86.44,0.679,-1.4999999369315002,1.6506767284593993,0.086405468719286,1.6985087632940868e-10,999.9999570118588,4.453370929376408,0.3299058485445996,0.8999999999637526,0.4999998066538507,6.932286453556741,9.99999999645684,0.0223201426477108,9.996368443117186,0.0,0.0,824.749893016591,0.0,45.68916710555086,cal_final_2008-09-30
14222500,hbv_lite_cma,evaluation,0.76997,0.787936,0.038154,-0.086689,0.466447,13,explicit_euler_dt1,hbv,success,,27.7,0.8598,-0.6999997461575569,3.1326226346831527,0.0498287491767998,1.8054548906551237e-07,362.6616898427815,1.3239026427415157,0.3428680275313175,0.8605458749069924,0.2213941544130259,77.26216407809599,6.366980244759973,0.038894053261532,1.0359590769299216,0.0,0.0,172.7264363249944,0.0,11.512993965902227,cal_final_2008-09-30
14236200,hbv_lite_cma,evaluation,0.741205,0.696397,-0.112164,-0.208415,-0.234522,13,explicit_euler_dt1,hbv,success,,27.75,0.8082,0.3499999109285863,0.9230009358950204,0.0991436844070565,2.1264762778801452e-09,318.4631100487184,2.6181320939682067,0.9999999342606596,0.8999999990120857,0.3441904692295822,64.40008444761676,7.898493970336181,0.0704846669743267,1.0070554102777387,0.0,0.0,223.71840531769377,0.0,5.956151894817535,cal_final_2008-09-30
14301000,hbv_lite_cma,evaluation,0.837672,0.612598,0.383872,0.097089,13.552006,13,explicit_euler_dt1,hbv,success,,38.71,0.8443,0.1800004529481578,9.508294706744548,0.048348160056903,5.4901276462424005e-11,999.9999788182358,5.632069735085085,0.2080684362521095,0.4925867814435135,0.1580043933828684,98.50068586254288,4.855356206062915,0.0010000000000208,2.5778494471829605,0.0,0.0,826.505758813118,0.0,2284.006804798069,cal_final_2008-09-30
14303200,hbv_lite_cma,evaluation,0.773279,0.706903,0.19936,-0.092544,1.59892,13,explicit_euler_dt1,hbv,success,,27.77,0.7951,-0.8900000349172934,3.726004277955193,0.007232886657863,2.663695307777375e-09,999.9999999012508,1.0000000001300429,0.2101875706468338,0.8394592749208826,0.1449110104753892,98.01160780024271,9.250568483675185,0.0278757041729065,1.970538858889311,0.0,0.0,754.4683387727946,0.0,30.71211020331785,cal_final_2008-09-30
14305500,hbv_lite_cma,evaluation,0.847206,0.914641,0.03918,0.023169,-0.538517,13,explicit_euler_dt1,hbv,success,,27.24,0.8859,0.7400010907452694,2.025407384918126,0.0841238310704092,3.379366398507363e-07,712.9607370625606,5.883457084366897,0.5145393077191115,0.899999999796463,0.3460712696051854,79.46224549876743,9.999998840515811,0.0736600260860237,1.0431780185591115,0.0,0.0,533.8045860883556,0.0,1.778971460572744,cal_final_2008-09-30
14306340,hbv_lite_cma,evaluation,0.812744,0.788188,0.168412,0.013274,-0.218265,13,explicit_euler_dt1,hbv,success,,35.88,0.8119,-0.4300145526772114,0.5000000248435565,0.0907216622646722,1.86139867533315e-07,533.5710785295502,5.240679488572009,0.6889480510495521,0.4268563680722386,0.2491911980853443,39.44687221153998,9.161684897351993,0.0780860489353122,2.053575763336611,0.0,0.0,325.6465963637032,0.0,0.6878301324538364,cal_final_2008-09-30
14306500,hbv_lite_cma,evaluation,0.798317,0.646696,0.344984,0.087318,7.031288,13,explicit_euler_dt1,hbv,success,,43.62,0.8315,-2.440105727426012,6.810164475495561,0.0126317989432965,0.1886280597747434,762.2002775486349,4.431780667568024,0.6635652822527882,0.28243143581742,0.1169701482737212,75.95239426734301,4.076765680851525,0.0011004183684025,3.0424244273299137,0.0,0.0,539.4904351319888,0.0,1815.213532024938,cal_final_2008-09-30
14308990,hbv_lite_cma,evaluation,0.627202,0.363062,0.544487,-0.001885,3.443238,13,explicit_euler_dt1,hbv,success,,28.34,0.561,-0.5100001339261804,1.6035226078391231,0.0403989884917849,5.941606974573087e-09,999.9999955265806,1.0000000038315024,0.2023729821460416,0.2580959340792861,0.2136274166878644,17.312376694943175,6.356209950032606,0.0245755012958567,1.2694691580334736,0.0,0.0,454.3250865309619,0.0,6.031933152004273,cal_final_2008-09-30
14309500,hbv_lite_cma,evaluation,0.62912,0.42935,0.551051,0.114876,22.365455,13,explicit_euler_dt1,hbv,success,,27.41,0.7553,0.2099997419106936,2.6535957347629298,0.0931353765935006,7.706932192852313e-09,409.9824600988298,1.000000382907215,0.2000001226632027,0.6164478686142849,0.1653605763126547,52.40108198403411,3.9585918619002753,0.0010000000060951,1.2477473748987526,0.0,0.0,75.35308276562704,0.0,1636.0606051272457,cal_final_2008-09-30
14316700,hbv_lite_cma,evaluation,0.767058,0.768499,0.124147,-0.119982,0.697073,13,explicit_euler_dt1,hbv,success,,27.5,0.7899,-1.399986376368862,0.9728075296356316,0.0001267134018584,7.700382359023298e-07,849.0332995443559,3.993452789904385,0.671090169622184,0.8999999872994383,0.3914300912965609,24.60897712762724,8.132896364595478,0.0674178227247148,1.0000522242525314,0.0,0.0,597.2470673547491,0.0,0.6086576452217534,cal_final_2008-09-30
14325000,hbv_lite_cma,evaluation,0.72345,0.583783,0.385511,-0.011366,20.16334,13,explicit_euler_dt1,hbv,success,,30.5,0.7384,0.9799999844260708,2.7811418830813928,0.009132489129661,1.494534419388432e-07,999.9999198597718,3.382541023707585,0.7453461332641054,0.6854355167413357,0.1599464046749406,84.79723625592464,6.454455403103937,0.0010000000044001,1.5299051197845994,0.0,0.0,774.049534377001,0.0,2738.493967969377,cal_final_2008-09-30
14362250,hbv_lite_cma,evaluation,-0.328825,-1.701341,2.68575,0.597345,141.539858,13,explicit_euler_dt1,hbv,success,,76.24,0.0711,1.730005775592197,1.4786109684135742,0.0560530457096615,0.1999999926857719,999.999896688568,4.853341204969491,0.2165168112946644,0.403611553085978,0.455905017428441,87.10875490486652,9.99999036813654,0.0010000000428047,6.644147802982705,0.0,0.0,614.2470596770797,0.0,1083.7273380282195,cal_final_2008-09-30
14400000,hbv_lite_cma,evaluation,0.849282,0.905041,0.025439,-0.065045,-0.331252,13,explicit_euler_dt1,hbv,success,,30.57,0.8783,0.3700278931675971,1.663020843466653,0.044709899624021,0.0423771878494745,160.51405559802765,1.3930585215622722,0.2501087989252658,0.899999965433273,0.2495779291390141,60.3324413999171,9.999861465504472,0.080330246732228,1.046280189019497,0.0,0.0,7.228028068285229,0.0,0.0588242778921495,cal_final_2008-09-30
