### channel=id29-transferable-noise seq=7
### host=login4
### started=2026-09-02T18:17:47+0800
### ---------- output ----------
=== WAIT (max 6 min) ===
=== SACCT ===
     JobID        JobName  NodeList        State ExitCode    Elapsed AllocC     MaxRSS 
---------- -------------- --------- ------------ -------- ---------- ------ ---------- 
    218650    id29-extra4    ngu001    COMPLETED      0:0   00:22:42     24            
=== FILES extra4 ===
=== FILE results/23_camels_switch_confirmation/noise_axis_391_global_card_confirmation_20260901_local/extra_cells_summary.json ===
{
 "addendum": "docs/plans/2026-09-02-noise-axis-391-confirmation-addendum-01-extra-grid-cells-prereg.md",
 "n_complete": 385,
 "n_failures": 6,
 "failures": [
  {
   "basin_id": "02297155",
   "cell": "m10_c0",
   "error": "ValueError: covariance must be positive semidefinite; minimum eigenvalue is -4.536317507687044e-05"
  },
  {
   "basin_id": "05489000",
   "cell": "m10_c0",
   "error": "ValueError: covariance must be positive semidefinite; minimum eigenvalue is -0.00045334813721325997"
  },
  {
   "basin_id": "06889200",
   "cell": "m10_c0",
   "error": "ValueError: covariance must be positive semidefinite; minimum eigenvalue is -0.0005673470251878871"
  },
  {
   "basin_id": "06910800",
   "cell": "m10_c0",
   "error": "ValueError: covariance must be positive semidefinite; minimum eigenvalue is -7.693674124056715e-05"
  },
  {
   "basin_id": "08066200",
   "cell": "m10_c0",
   "error": "ValueError: covariance must be positive semidefinite; minimum eigenvalue is -0.001065183377646048"
  },
  {
   "basin_id": "08164600",
   "cell": "m10_c0",
   "error": "ValueError: covariance must be positive semidefinite; minimum eigenvalue is -0.0021026296256341473"
  }
 ],
 "cell_median_nse_score": {
  "m0.1_c0": 0.6817242503113012,
  "m0.3_c0": 0.6939635889896809,
  "m1_c0": 0.7111183118805644,
  "m3_c0": 0.7064276909109766,
  "m10_c0": 0.6919801312592749
 },
 "best_single_cell": "m1_c0",
 "comparisons": {
  "card_median52 vs best_single_cell[m1_c0]": {
   "n_paired": 385,
   "gain_median": 0.032831632901821894,
   "n_improved": 315,
   "verdict": "confirmed_vs_391_best_single_cell"
  },
  "card_median52 vs best_per_basin_cell": {
   "n_paired": 385,
   "gain_median": 0.011029877128903576,
   "n_improved": 255,
   "verdict": "reported_only"
  },
  "card_selected_noleak vs best_single_cell[m1_c0]": {
   "n_paired": 385,
   "gain_median": 0.03610895984152662,
   "n_improved": 297,
   "verdict": "confirmed_vs_391_best_single_cell"
  },
  "card_selected_noleak vs best_per_basin_cell": {
   "n_paired": 385,
   "gain_median": 0.01403017819939123,
   "n_improved": 252,
   "verdict": "reported_only"
  }
 }
}
=== END FILE ===
=== FILE results/23_camels_switch_confirmation/noise_axis_391_global_card_confirmation_20260901_local/extra_cells_per_basin.csv ===
basin_id,sigma_obs,open_loop_nse_score,open_loop_nse_full,m1_c0_nse_score,m1_c0_nse_full,card_median52_nse_score,card_median52_nse_full,card_selected_noleak_nse_score,card_selected_noleak_nse_full,card_selected_frozen_nse_score,card_selected_frozen_nse_full,m0.1_c0_nse_score,m0.3_c0_nse_score,m3_c0_nse_score,m10_c0_nse_score,best_per_basin_cell_nse
01022500,0.1352113319386332,0.7308819704947181,0.7624338307104377,0.8641375730705382,0.8842769165776853,0.9026597829319536,0.9151857716984166,0.903884375218643,0.9166094890673792,0.914853822665674,0.9240567539834078,0.8060361580091658,0.837587787556525,0.883654529016957,0.8959230082056947,0.8959230082056947
01031500,0.0911450360834796,0.7071049914917397,0.7395829845110774,0.7523522575597892,0.7982636349444248,0.7429439368277599,0.8018409238507849,0.750005372620137,0.805824186898423,0.6379931121756801,0.7385259749156701,0.7355616168859194,0.7471696281530927,0.736571569590293,0.6992145147044204,0.7523522575597892
01047000,0.1049580904190958,0.5999277307653789,0.654023060619714,0.669996890760848,0.7315444571906466,0.6977457224955821,0.76070700028243,0.7007053328473123,0.7623943500294801,0.3575615114927947,0.5557182467079157,0.6471531987942849,0.667964216507893,0.6126450105232653,0.44420325132863336,0.669996890760848
01052500,0.1134632900838935,0.6701354730136051,0.6418247551980337,0.7573862391807838,0.7680086593468305,0.8115160635607301,0.8089325642607921,0.8161199793669662,0.8183878887457541,0.8054419016694335,0.8386291112982378,0.7143244211105165,0.7354935853225539,0.7773240257848474,0.7872985888419103,0.7872985888419103
01054200,0.1318065532102995,0.5396966669467714,0.5798796014336963,0.5556356571765955,0.6178291526040578,0.5603694988148857,0.621179548943213,0.5680399482106532,0.6255766283587515,0.4023425571896102,0.5018169829185382,0.567684353042219,0.569693147774964,0.5282141912856162,0.46192676084611195,0.569693147774964
01055000,0.1039590248962655,0.5047815890320342,0.5443320525461113,0.5260791582178468,0.58827867360151,0.5185258747871684,0.5845582109648734,0.5401820452089567,0.6010605239706315,0.4980727541646013,0.5436739766149046,0.5261410498855705,0.5304530887279515,0.5036569759522731,0.441862413716952,0.5304530887279515
01057000,0.0832961449821915,0.7472691767287645,0.7348432304632342,0.7814665655823488,0.7803638798804711,0.791867786076874,0.792121389752221,0.793712452193019,0.7940177593475527,0.8135615336466234,0.7722322963496029,0.7771648529347291,0.7806466843086568,0.7370965366520367,0.7054656613376484,0.7814665655823488
01073000,0.1094325878594249,0.6779518677800561,0.7002468957097547,0.756309937882668,0.7734605725485799,0.7526618684555795,0.7827082460015387,0.7494649048229559,0.780122258251593,0.6627324091702935,0.7133020926842121,0.7297471979877788,0.748221184362189,0.744481632703704,0.70080489366942,0.756309937882668
01078000,0.0945822170277802,0.6822235870770121,0.6726811722874688,0.8261722146909126,0.8276210253286865,0.8550872850074405,0.8640086028736448,0.859124137872902,0.8639919043273646,0.8743380530947269,0.8800054162306721,0.7697020737619034,0.800586566549497,0.8411665108900381,0.8519054250133902,0.8519054250133902
01123000,0.1445646756583173,0.5793560378255979,0.6601280854936636,0.7544923882963495,0.7961534017533546,0.7673253915088195,0.8056660527559786,0.7711555438319229,0.8056323110310808,0.7621414964963507,0.7989208644374961,0.7084944453200557,0.7365147854367531,0.7589080391338712,0.7603104039965708,0.7603104039965708
01134500,0.1103371085942704,0.6353218001678462,0.6344769546701301,0.7191885825293783,0.7313319095875642,0.7547373948789187,0.7733530283415502,0.7715090255038278,0.7865102977109046,0.787895528748598,0.7836027228583661,0.6722132101476326,0.6977026292655006,0.7174104445694078,0.7022052570540558,0.7191885825293783
01137500,0.1338109822795887,0.2761364497284165,0.3593357167022014,0.5239648056699178,0.606759971724786,0.557327222786722,0.6623884504951096,0.5865955505162539,0.6790662127696763,0.537502996930755,0.6565081045721818,0.5264829794742587,0.533246531195897,0.5309558576488036,0.5356260947580795,0.5356260947580795
01139000,0.1142203548085901,0.4451315555422512,0.4710179709973803,0.6026853888396437,0.5867830459173262,0.7566674185575373,0.7450520139339978,0.7664624027354745,0.7564405493202174,0.7510801248307117,0.7534673773541707,0.6165289515876712,0.6021885865528129,0.6213246487790276,0.6486170804190641,0.6486170804190641
01139800,0.1287684210526316,0.4391834697102327,0.5554440624578618,0.6062802641019236,0.6965958359771629,0.6766970752233357,0.7551327119480766,0.6864518118876336,0.7665507584641358,0.6512910110398822,0.7512194537942758,0.5454305030044257,0.5942389603193077,0.6174917755165314,0.6245739544267033,0.6245739544267033
01142500,0.1131444566143361,0.5267145761524439,0.4416705077734797,0.6864516101871361,0.5588381641810615,0.7819559489827062,0.7724664862884232,0.7936024482319581,0.7724547602833939,0.7384061034630203,0.7815752706437931,0.7090141269671051,0.6917888029377615,0.6935327869056007,0.7038428695389838,0.7090141269671051
01162500,0.1132001609334138,0.6285914044632182,0.6444677165478214,0.7800802297366495,0.8071842506160127,0.8343827145865175,0.8493265173141888,0.8393091702966802,0.8524307758849173,0.8384411014154004,0.8656925012813081,0.715799765942983,0.7487332415777255,0.8033031849869268,0.767605933848754,0.8033031849869268
01169000,0.133659209157128,0.6462232691878664,0.7108682691693786,0.6958539890053661,0.7548394805387016,0.704907782338477,0.7586132642990322,0.7060361685030514,0.7634087069765236,0.5580651659274024,0.6506453512661416,0.6784132059238496,0.6928229965520187,0.6768152411006267,0.6753336876247922,0.6958539890053661
01170100,0.1372053462940461,0.6307306125357728,0.6748713769209629,0.6806605696113246,0.73543419318265,0.6675977410275458,0.7302779331174276,0.6845246125521562,0.7396472044371573,0.3428241439151146,0.5365094684702376,0.6841104569638476,0.692152217759834,0.6463442346598185,0.5147431824759897,0.692152217759834
01181000,0.1225811909650924,0.323213666775533,0.5843720211317103,0.4730812784023018,0.673172658410562,0.5328215019264507,0.7094440373605563,0.536942190880809,0.7072445127591442,0.4597584046432909,0.6265048994607414,0.4034910613483702,0.4393161157829534,0.4978454376483643,0.5196475741255833,0.5196475741255833
01187300,0.1134365727002967,0.5995878106408308,0.5936043017070669,0.6540490019169218,0.6714840771714754,0.6366507298568542,0.6829752969292944,0.6588055534284114,0.6902588700906005,0.3113130308280776,0.5222478256201064,0.6397405346375911,0.6483494018785658,0.6459525270678098,0.6302208285299888,0.6540490019169218
01333000,0.1286995363766048,0.5827515786997988,0.5927381765644756,0.7444578602566053,0.7386482249684887,0.7739356484632602,0.774871657040577,0.7757592904483714,0.7790087009435428,0.7590369123293479,0.7796033252552134,0.6803080108752961,0.7176162378769486,0.7521535770139326,0.7323033427561493,0.7521535770139326
01350000,0.0918708265987494,0.6607119502356139,0.5911552432397367,0.620239135269126,0.6168031227818458,0.6782581623179935,0.6460104306486989,0.6855319753842529,0.6546842363444876,0.5912841596760013,0.5945472625604539,0.6824067676462613,0.6569943843870114,0.5687337980536364,0.5569503176135414,0.6824067676462613
01350140,0.067091407678245,0.4766595614254141,0.4106759620346546,0.6710165018476806,0.5877981431774364,0.7182925428338703,0.6612539792598136,0.7182663273929499,0.6656303598720394,0.6679991018269649,0.6387428837276946,0.6452296907992476,0.6581914426498899,0.6405093713098139,0.5481141727912723,0.6710165018476806
01365000,0.1695444410967159,0.6731335662975237,0.6819374822234703,0.7556801564036382,0.7295901040859586,0.7498167275842412,0.6912272901387412,0.7428570184379137,0.7150601039750235,0.6322679989210802,0.6423072652775688,0.7129123421919197,0.7364671260974934,0.7561291366458289,0.7302257362449573,0.7561291366458289
01413500,0.1113402027823626,0.6324601499648941,0.5843783543124768,0.7996531381830281,0.7557410043697652,0.8324028863762085,0.8051599902363955,0.8321012610444424,0.8077757377321432,0.7730197071201231,0.7756900076908065,0.7638261944388534,0.7924152330544517,0.7658983491863257,0.723324970626374,0.7996531381830281
01414500,0.1366603568657874,0.5755668111472096,0.4758900642396318,0.7183194034531206,0.5719268728776516,0.768926430662976,0.6203249557481378,0.7701442649449913,0.6230136553796854,0.7097162759787108,0.4623615574619103,0.6755430983294459,0.7036174515631389,0.7190230141034011,0.6574943104839049,0.7190230141034011
01415000,0.1142870489314492,0.6119229738834611,0.5621286934848573,0.790297549913132,0.70335052041028,0.8324634770574924,0.736354617567384,0.8284728258583285,0.7361436229315614,0.8179676616470067,0.6767129417710265,0.7148969995192318,0.7566498693383558,0.8069822212037587,0.7972786034412822,0.8069822212037587
01423000,0.1072920388981947,0.7226254648418061,0.6489811304830528,0.8184648989664465,0.7663628247264935,0.8447303635364221,0.8115417866025166,0.8418385576202718,0.8142544683321652,0.7647240823871394,0.7696068350046823,0.7791876558320493,0.8037092914462759,0.8102879835355151,0.8066719158486106,0.8184648989664465
01439500,0.1459737478749836,0.6260621346778028,0.6744920286436054,0.8070881247186373,0.8126168480456503,0.8684708941160015,0.8754837646148079,0.8735495346743941,0.8833731017418135,0.8761815735681949,0.8809087915068539,0.7070358324792042,0.7565150319421735,0.839825572824215,0.8573057734550712,0.8573057734550712
01440000,0.1400391128070593,0.4106752483767124,0.5908715539037954,0.7239303693699402,0.745556841682087,0.7986282069680669,0.7885577661752938,0.7957898851861552,0.781036745122329,0.7993221534980289,0.7635297431232697,0.6046080107592937,0.6707676744320337,0.7544649547276003,0.776302980100085,0.776302980100085
01440400,0.1417327207351178,0.6003120047367598,0.6578938968401324,0.6822069263225031,0.7147360865578491,0.7207572732565481,0.7310434099568914,0.7135546718609025,0.7219363606046136,0.691656174570117,0.6768432749526907,0.6407263818714364,0.6656187324052265,0.6705309480982167,0.6399018246866731,0.6822069263225031
01451800,0.0972588339222614,0.7166598308624004,0.7271314830976603,0.7908205305390215,0.7960355428033549,0.8075159568948702,0.8111448715933527,0.8029383721078549,0.8069937077074646,0.7889688752646413,0.7960434994682248,0.7508183780021559,0.7716956836741224,0.7970809097603402,0.7925632048691834,0.7970809097603402
01466500,0.0773089219330855,-0.5643726576004544,-0.4572354466287782,0.5165458917215703,0.0886235257675479,0.6486663593202731,0.4733373398879045,0.6445223321627538,0.3378237248949758,0.6037095813461124,0.6459366830489979,0.3589996722697142,0.44578180442233684,0.5459110830609313,0.5623879683366284,0.5623879683366284
01484100,0.0652426666666666,0.3188809041637563,0.2988384888947651,0.5247642215364239,0.4464870867490983,0.5738949062017786,0.4731178884575822,0.5862231743163531,0.5185943080033509,0.2987898676200017,0.0009679338352173,0.49658265663398327,0.5088785431647603,0.5376599139547433,0.5419710717599933,0.5419710717599933
01487000,0.0907308574782562,0.1320767662311288,0.3031982036358249,0.8643395224815567,0.8746066495657593,0.8680270347426309,0.8760754240077379,0.8585915685247731,0.8720913134801008,0.8555934886733371,0.8753411733001482,0.786220187399562,0.8366000334921351,0.8720615157361037,0.8617178832704693,0.8720615157361037
01491000,0.070372003835091,0.4099671813086475,0.551388967922748,0.7691636814156053,0.830269883888438,0.8367272266283687,0.87220992994961,0.8266020469631257,0.8665175047867117,0.825293793811547,0.865497005623629,0.6838883328119589,0.7333488062767233,0.7931408662256835,0.8139156370981595,0.8139156370981595
01516500,0.0497402795425667,0.4928694981641687,0.4836066867354867,0.6336203666584888,0.5725889344327533,0.6401895338886145,0.5176084930543399,0.6474285840752997,0.5716364018539073,0.5034523407587055,0.2893663568314103,0.6315440710318465,0.6393350884637683,0.5828850659531157,0.46367637390279726,0.6393350884637683
01532000,0.0631591508105571,0.6458180414809709,0.7173721856608699,0.7034189142372249,0.7704107150105803,0.7251913290707301,0.7942013435540607,0.7213914275431947,0.7879476314024609,0.7148071515018326,0.7802772251721296,0.7043358125499781,0.7175334272546059,0.657758480739844,0.5462528604327483,0.7175334272546059
01539000,0.1185334435293112,0.7062217627318639,0.7437632596167645,0.8045400120228297,0.8271624407226258,0.8273406644351642,0.8509643194942604,0.8347395962305258,0.8533167328101493,0.7922474502983476,0.8298358964028703,0.7510092028465953,0.7784001406086418,0.8156959357279687,0.8247643567367141,0.8247643567367141
01542810,0.0808348017621145,0.6651697200570527,0.6348703891047948,0.7631022595168715,0.722889033347599,0.7943556843651597,0.7567528235097659,0.7937635066401716,0.7556614300220623,0.6998609153647896,0.7305745770289381,0.711168818090673,0.7370821699870129,0.7755446387294438,0.764626308498779,0.7755446387294438
01543000,0.0936331679659815,0.7075758442663778,0.6722781989111577,0.8178089515905318,0.7727171490399753,0.8616416655467777,0.8040393615871686,0.8597865496195516,0.8056098110627641,0.8478488521947214,0.7850708055686095,0.7589985221274831,0.7890960379762869,0.8345353081991108,0.8261638574576979,0.8345353081991108
01543500,0.1043574111772182,0.6850717713517499,0.697939019916084,0.8309476426797685,0.8283304148352874,0.8784222036986246,0.8683759594624139,0.8777130848757995,0.8683930651914349,0.8701799037880718,0.8404597494295624,0.7515702635799069,0.7910249534460418,0.8573617651264054,0.8711671957892785,0.8711671957892785
01544500,0.1047381287669689,0.6195317240651715,0.6828597305229482,0.7804131303037396,0.8085901741681406,0.8313725630200978,0.8545934011422869,0.8328070705923931,0.8546639372629491,0.8314594378814322,0.8488885164386664,0.6854963449548456,0.7307602850130359,0.8172121790422343,0.8357873821403359,0.8357873821403359
01545600,0.0968445833333333,0.6210459571823834,0.6611475105651167,0.8322379007699972,0.836659822854242,0.8792022057399194,0.877666809294214,0.8781456303819144,0.8789340915470281,0.8775286682850033,0.8582307072728818,0.7276228883533477,0.781015204624018,0.8666935145272993,0.8848963963270783,0.8848963963270783
01547700,0.0754192355117139,0.5348517749743322,0.6467150321057105,0.7429227373127931,0.7463765918430555,0.7945287676276795,0.7617496322169569,0.7838944014118794,0.7568430134533674,0.7821146400889616,0.6584181345067881,0.6398928700693864,0.6939635889896809,0.7738488669319334,0.7850493073721161,0.7850493073721161
01548500,0.0879930638065572,0.673887978953161,0.703867218401158,0.8278135114123495,0.8263512263274578,0.8735378648889432,0.8717382467111761,0.870739571910265,0.870386997336655,0.8702352236471559,0.8668927493720839,0.7449385932706323,0.7859296645536811,0.858541676846398,0.8747471730777043,0.8747471730777043
01549500,0.0878356754538927,0.5673998044662496,0.6188228103092497,0.7587421951043178,0.7061766626243782,0.795619101329812,0.7159879919272323,0.7876087438507076,0.7358187869850692,0.7839677387383445,0.6701044369957998,0.6669547523002213,0.7151779066891133,0.7782071274389939,0.7728898317121138,0.7782071274389939
01550000,0.1067428426261377,0.6247443429525774,0.6815610198900653,0.7505456206327914,0.7469956870469902,0.7700231154408125,0.7611128449169248,0.7620383730185765,0.7651773578986764,0.7180569386649073,0.6832715048000593,0.6932754677881551,0.7246521122876028,0.7587624817842601,0.751685453700851,0.7587624817842601
01552000,0.1109048508618934,0.473401073785609,0.6477272074738849,0.5301633386777984,0.7098015611680024,0.5245351338992736,0.7240933453828402,0.5167184831939702,0.7220916458708558,0.2041899896227809,0.6017680085445826,0.5063757844521608,0.5229965850050414,0.5192133076864509,0.5102243532974612,0.5301633386777984
01557500,0.0997313096270598,0.6396379998438748,0.6450913053133995,0.7932689513712743,0.7959425078969227,0.8358885535314666,0.8312983890654574,0.8406653462620102,0.8362611254491431,0.8313108503441067,0.7958544895505879,0.7033839429117169,0.7474846004587998,0.8212211340928134,0.8295849225848038,0.8295849225848038
01567500,0.0504843951508898,0.3221156700014292,0.3764873914663881,0.4365432500066166,0.4385627557404185,0.4933187267273065,0.3980058152567934,0.510731616217601,0.432608542755539,0.53626718225839,0.4060017774755794,0.46176414838511937,0.4715835258420239,0.3178275678656439,0.17800951804714638,0.4715835258420239
01580000,0.0941115521545197,-0.0721463185143265,0.0181369939975933,0.2580885820942369,0.3643816176226653,0.0594520344738023,0.2334307930733259,-0.0152254011704584,0.1798354457307909,-0.0475129739010098,0.186743754280374,0.29377331724688194,0.28829422042459796,0.20694817094197893,0.10298334664851527,0.29377331724688194
01583500,0.0800619826756496,-0.1036820981558346,-0.0130405627909477,0.1197543787241964,0.2183964034408407,-0.0887683243551658,0.053100553687282,-0.1441550255484633,0.0073496240331286,-0.0522920298202551,0.0877001310139027,0.16223314887035867,0.13894872594660934,0.0637368764406182,-0.03226523882528176,0.16223314887035867
01591400,0.0662474191910644,-0.1791800530455078,-0.0449023785764925,0.0448993468076626,0.1002395523424599,-0.2852424002350746,-0.1595853889304157,-0.2763025305758717,-0.1705166428773787,-0.3778713205157631,-0.2450644441076028,0.09377157566522298,0.07769465566308376,-0.0010712120502736067,-0.1370522299040644,0.09377157566522298
01596500,0.0686971520256718,0.6737071566045783,0.6778228232298307,0.7647025835642195,0.774900608323837,0.8033352917291616,0.8096347223763275,0.803719321723116,0.8075149836287749,0.8026734227034145,0.803140002853914,0.7215703536560731,0.7425398328415336,0.7835625263262039,0.7956794697050737,0.7956794697050737
01605500,0.0493170421472458,0.5137235743052492,0.5256295032926215,0.5485996660260191,0.5641519158857441,0.5706800800570023,0.5832670627212007,0.5916481216266571,0.6037450574356942,0.5353136020189972,0.5445752474524443,0.5345889215263473,0.5418901272045933,0.5332809932166578,0.5372677632786579,0.5485996660260191
01606500,0.0573688522157252,0.6577210797951868,0.6606583708056666,0.7194764938781919,0.7400366560259064,0.7092885886662665,0.7367818624670563,0.7157412303070437,0.7408784079178544,0.6810223977084222,0.7123098862267716,0.705054969207318,0.718841266489374,0.7230601560771674,0.6813001837935144,0.7230601560771674
01632000,0.0351212455830388,0.5270505893597772,0.5146641303348004,0.5536073744996417,0.5508332057134685,0.672264535884191,0.6495987695895173,0.665347430355225,0.6466609781553105,0.7176025225235333,0.6821398759744415,0.5485991250139626,0.548992709284103,0.5593174448323157,0.5554742677175531,0.5593174448323157
01632900,0.0479236074270557,0.5284519042509317,0.5137768754111456,0.6697045988864837,0.6561499310131522,0.6481846842418213,0.6299339835546782,0.6513990914618115,0.6406715580406352,0.6354178077267332,0.6214023313505961,0.6843045080178898,0.6773812445315128,0.6712413997757241,0.6492026468246304,0.6843045080178898
01634500,0.0454138192287294,0.4852270989431699,0.5241133429700898,0.5730440210975123,0.6187733094312287,0.6058756539993342,0.6437722580808258,0.6096732228409936,0.6501343983315653,0.6275840801309727,0.6589345124347186,0.5458200909146679,0.5554854103839583,0.5715325108039362,0.5170586587576658,0.5730440210975123
01638480,0.0421827586206896,0.2849503280843214,0.3996234784706707,0.4201828471792134,0.4697528464883963,0.4328379484285318,0.4592908014292276,0.4242607903970299,0.4650104471154297,0.4238658624988823,0.4611967033823504,0.44980042929310227,0.4475952981600958,0.41705059165047254,0.3146426660675252,0.44980042929310227
01639500,0.0659312822816079,0.1984050741830749,0.2829037293198098,0.3741575476574159,0.4300489694907898,0.208986810803016,0.3073834909329732,0.1775358423300972,0.2759289233302937,-0.1562931527425342,0.1305851093903339,0.39503850883506475,0.39312550622143516,0.3294954204665699,0.2488866021527879,0.39503850883506475
01644000,0.0508302315024966,0.3502116266722349,0.4427952547646681,0.6647356537788394,0.657538101597678,0.6955285078216855,0.707886989129684,0.6730405398281338,0.6983552474043291,0.5991379861345644,0.6711019589853822,0.6339273472864291,0.6438187061029518,0.6763527949698933,0.6773295862627486,0.6773295862627486
01664000,0.0763657466824497,0.6167523558491472,0.684506737298487,0.7247498840998854,0.7520572845832154,0.7782026673457083,0.7993119078016983,0.7789662401235833,0.7995010355223293,0.7801834817838037,0.804439462597303,0.7116743780354753,0.7164971959971772,0.7259215075374454,0.7252117470643227,0.7259215075374454
01666500,0.0956136456871424,0.6084490633137567,0.5630612255067148,0.7284374997125642,0.7023545846735684,0.7312987144310387,0.705598119083263,0.7148292294056248,0.6936359601775046,0.6653893321204373,0.6651720771632392,0.720721992213487,0.7275276131624848,0.7240594027312997,0.7147934641003783,0.7284374997125642
01669000,0.0715180957683741,-0.0506880465840093,0.2315705437947282,0.6009127066471306,0.6959673172133309,0.5807944974762309,0.7071704853611054,0.5919445906665929,0.7125925623491904,0.5880334793330864,0.7134681138051602,0.5830018368591983,0.5965538658364851,0.6040227013461901,0.6050066000208343,0.6050066000208343
02011400,0.0594067987834788,0.6623135564544762,0.6891675172120066,0.7178976464268607,0.7443415983708819,0.7278251188179846,0.7565326274038282,0.7609686618296915,0.7757677725970955,0.675507142578403,0.7082465640560067,0.714818314164438,0.7116197697211629,0.7250240993955546,0.7178837121482609,0.7250240993955546
02013000,0.0498212957295541,0.6430951306955346,0.6738186808846538,0.6755675372509117,0.7174576170374517,0.57852594992132,0.6634338588532849,0.6929114352001747,0.7234897445925638,0.4983135497474811,0.6042742703324114,0.678228516716268,0.674236653644339,0.6840810372774473,0.6767464196764248,0.6840810372774473
02015700,0.0814361795312007,0.6608972408588836,0.6390759335335179,0.6788819124755803,0.6649813639254198,0.6338579460418357,0.6382163592056076,0.6515964592879347,0.6456575526992359,0.6308741273711491,0.6343742191574948,0.6814095199128757,0.6820029659585274,0.6707942518790251,0.6424382546587447,0.6820029659585274
02016000,0.0637994140052739,0.8312280032526524,0.8010464959759719,0.8501548999035271,0.8239085541975952,0.8604559611567086,0.8383353850401587,0.8607610081710488,0.8405939209348936,0.8378568253183992,0.8264559022279381,0.8514596015589786,0.8503446723152969,0.8495825225615775,0.8463861125975314,0.8514596015589786
02018000,0.0698954759837623,0.7919773676204833,0.7855541045833923,0.8288569894696792,0.837405292609646,0.8252479107673723,0.840862673041364,0.8325883093876805,0.8456682401864548,0.8095042755529047,0.8281828979094091,0.8197700270527651,0.8255812075111375,0.8268254075675514,0.8261108303692996,0.8288569894696792
02027500,0.152738933030647,0.7514477114672042,0.7377661652436465,0.7428376027738193,0.7435699626264621,0.7393981607456392,0.7464304419187657,0.7233307091839255,0.7347093430200491,0.6884884358160273,0.7032115037708265,0.753585337917948,0.752006766253257,0.7464485110703696,0.7421746337289095,0.753585337917948
02038850,0.0678375454545454,0.5100792161928691,0.5273537037575584,0.6291111513283083,0.6403879406711719,0.5966816945781455,0.6129978882139344,0.584657484318478,0.6064818769158471,0.4319694023200572,0.4455777341974339,0.6219892408759249,0.6251102749805998,0.6326224963520691,0.6397662452723576,0.6397662452723576
02051500,0.0368177586774082,0.6865080192722792,0.6724446222748561,0.7372336416245866,0.724105697295355,0.7939125181495332,0.7753306852937428,0.7968424622953632,0.7808939394239716,0.8130541917732322,0.7928100179147746,0.7186430620121182,0.720130401981036,0.7450561229651262,0.7674443575069628,0.7674443575069628
02053200,0.0331154096563067,0.8069683537818645,0.7879308919121121,0.8531998500893977,0.8561544743056109,0.9395327891916762,0.9334734705495932,0.946777804649402,0.9408308752835424,0.9579629760408724,0.9506844356568096,0.8398539084361256,0.8528304672456968,0.8723769298836208,0.8800091952426667,0.8800091952426667
02053800,0.0823609646622969,0.5940825094584045,0.5810954741131968,0.677937446715281,0.7008554855524244,0.68228867273387,0.7080124285269421,0.6772269954432573,0.7060153874297019,0.675724772019829,0.7038383062129469,0.6817242503113012,0.684199326488783,0.6679915395453313,0.6501399088874482,0.684199326488783
02055100,0.0881224623444662,0.2683354334537459,0.2764031975983619,0.1386470876617919,0.1676024076899916,-0.2666114121498915,-0.2032435002314321,-0.1135893156269858,-0.0643605849940693,-0.510538858696294,-0.4256607205025571,0.26276357096285874,0.2297762164447693,-0.02090209910981522,-0.2505941608689073,0.26276357096285874
02056900,0.0952016369796384,0.624725169784176,0.6037187943201514,0.6661166950695114,0.6630003030006941,0.6389083266171811,0.6508442325183603,0.6427135354463598,0.6477580925128182,0.645623968943954,0.6530931281184426,0.6753309045527176,0.6720499997277679,0.649691523515992,0.6381638930401375,0.6753309045527176
02059500,0.0791323211305906,0.2853956155570515,0.3187108565730463,0.2944482185437199,0.3359006090045016,0.2147971579440106,0.2686732634222408,0.2571726455047365,0.3042492760754067,-0.085771327856811,0.0042356597345089,0.2908286854601503,0.2927216936220991,0.294036357121365,0.26343870495027577,0.2944482185437199
02064000,0.0712068868784627,0.389838264052977,0.4578266840206177,0.4051005302634233,0.4778985932852746,0.3358348063777958,0.4194198718216972,0.3464043975013485,0.4246499123893648,0.2010717269728437,0.3067305532438874,0.40207401210063376,0.40315345635402133,0.40889479708622534,0.4067516844348614,0.40889479708622534
02065500,0.0721639480560614,0.4608883485784318,0.4877791393889067,0.4753200212350529,0.5101450149199076,0.457796856814756,0.4982162305883235,0.5103009447368534,0.5392459305523671,0.4980820223893436,0.536208061369774,0.4771744126288011,0.4709625620969152,0.48081077087274626,0.48427448878618196,0.48427448878618196
02069700,0.1515778953556731,0.5927375784091504,0.5964951093847018,0.6308171749309555,0.6517612419196575,0.614632950779057,0.6401928921945644,0.5904681782913351,0.6201996338750568,0.4786898642364664,0.53169707358656,0.6323560546730875,0.6310538147286087,0.6271262594844339,0.6243566360839994,0.6323560546730875
02070000,0.1112049813384575,0.6547738476237631,0.631839220142341,0.6821632722438291,0.6771440989488609,0.6626486250188472,0.6661656364637156,0.6404669026808828,0.6484054641714523,0.6506406083248222,0.6571872384034708,0.6854984424493582,0.6831280259224906,0.6786335776463253,0.6732635967989749,0.6854984424493582
02074500,0.0729239940387481,0.6042629423670695,0.5964138366032814,0.6296135238044037,0.6324131624604201,0.5834283862870229,0.5975800712600943,0.5800179791968202,0.59646609054075,0.5660203261318838,0.5843343583892114,0.6361390472481349,0.6352816600130435,0.6193522015652371,0.5985471449051918,0.6361390472481349
02077200,0.0381998520831621,0.5424125174075687,0.5706294141985904,0.5577793943174099,0.5845394893353453,0.6002209664116913,0.6159384560701797,0.5990276234673861,0.6128118987385387,0.6084834356283584,0.6136128550234977,0.5526867835600268,0.5537484080366062,0.5643729895085912,0.5787167071060783,0.5787167071060783
02081500,0.0268436631883652,0.6865380238421015,0.6502395889407562,0.7173939634092267,0.6564993222276789,0.7499183657912573,0.6910098721704946,0.7565433154241995,0.6971651467062479,0.7502993298633986,0.6971803006444452,0.6971701226827841,0.7040197512281202,0.7275558227306643,0.7111825682919921,0.7275558227306643
02082950,0.0408784203102961,0.6306303084134756,0.6181228090813737,0.6874974840612005,0.6705562819626674,0.7337360182247386,0.7078613175563352,0.7495310788653815,0.7267156425759379,0.7590513440106852,0.7382222411326366,0.6589167847435162,0.6708965542632126,0.6935344362957524,0.6922004004340216,0.6935344362957524
02092500,0.0420903972474194,0.5892219689609035,0.6259562513150336,0.7940790286918842,0.7721989053835766,0.9095199883798668,0.9039873953707074,0.9138704177125944,0.9093799758660304,0.9259627553000352,0.9324839805725892,0.7480266562176675,0.7550574927117715,0.813494462038821,0.8249988481773665,0.8249988481773665
02102908,0.1227640141915864,0.2514789614409937,0.3660112807996893,0.4892525094009986,0.5393939410745353,0.5393083475779437,0.5608195479999349,0.5544587352268866,0.5560181871500627,0.5639809254329474,0.5659374378089461,0.44341433542954267,0.4701564023292495,0.5035043449046723,0.5147859358221579,0.5147859358221579
02108000,0.0692133955195351,0.5948870863408464,0.7005023323478694,0.7532867118883066,0.7962210831072488,0.8831336946334403,0.8955783880451227,0.9061234018019988,0.9169414974750104,0.9318562864363856,0.9427646305188316,0.6994964167302804,0.7094332951225333,0.7569270170473068,0.7912669334209337,0.7912669334209337
02111180,0.167486118506123,0.5829041252356044,0.6156293437245874,0.7178160698622695,0.7300501086213329,0.7215483346583322,0.7294065871802256,0.7046255418391796,0.7089602341565826,0.7223132276228816,0.7360811913548512,0.666234691114121,0.6953603523637304,0.7262469071737441,0.7057725720723638,0.7262469071737441
02111500,0.1586321578361722,0.3009560567023445,0.4900330145303677,0.6413164984912065,0.6450204260133459,0.6246432227062443,0.6276575980488425,0.6269557762561662,0.624175061374223,0.5397709984107395,0.5396254530511497,0.6608571893231298,0.65839441218115,0.6328769460396482,0.6274831772684161,0.6608571893231298
02112120,0.138170229931424,0.3848699163216221,0.5052172783212201,0.6559997451016513,0.6347064210399082,0.6683603863542948,0.6298008853110618,0.6643020792361225,0.6231631721157982,0.507116054094906,0.5470409379804314,0.6636733488760036,0.6664808304098359,0.6638733607957901,0.6594490362287385,0.6664808304098359
02112360,0.1549235265465173,0.2971104981922091,0.4186502667274799,0.460188645716358,0.5430272212913304,0.4826710982846591,0.5450748048561979,0.5135611158940852,0.5539727770104421,0.4955764817376706,0.5587575193343235,0.43514354699846314,0.44212681580046354,0.48710806227499714,0.49950383475420135,0.49950383475420135
02118500,0.1221681272314184,0.5687729127099459,0.5871372208208794,0.6454363726351734,0.6512310084331011,0.6380530952054224,0.6549276356490084,0.6202326121369708,0.6422932111403167,0.5971102664457042,0.6243297606663454,0.6482594742236836,0.6478349022672976,0.6450306149133757,0.631783296771011,0.6482594742236836
02125000,0.0363901072293324,0.5907758556548268,0.5482909485153806,0.6019484001986913,0.5271191073204441,0.6220012523831682,0.5293711490214359,0.6265259490173791,0.5339369498003379,0.6205762113292794,0.5204573938305447,0.5985181595699232,0.6013714383202176,0.585499542784567,0.5715220351474177,0.6019484001986913
02128000,0.051887816293696,0.6124858695500468,0.57844817024965,0.6277416780477101,0.5784924391308572,0.6161123530446548,0.5465414618857283,0.620546332304188,0.5469093250125716,0.6307488961260095,0.5484641724737316,0.6359304403882955,0.6344043279902387,0.6121135473797956,0.574824516040119,0.6359304403882955
02143000,0.1332435500992292,0.6834356507923707,0.6780301912854856,0.7445249325231664,0.7277151291932249,0.716263308437252,0.7097305780516907,0.7021880981383912,0.6949929123557403,0.7001068023989072,0.6964579749300575,0.7507870540765984,0.7488971858204114,0.7326675403639098,0.7047176753276219,0.7507870540765984
02143040,0.172969614921781,0.5795357009971243,0.593533654052554,0.679587464290955,0.6530471249865566,0.7015008454209424,0.6525024278420197,0.7069024799179937,0.6477760954750156,0.705100981942001,0.658354866428787,0.62778303647985,0.6543394359831288,0.6930906987623896,0.7044213316881105,0.7044213316881105
02149000,0.1620264900662251,0.4862659354506216,0.5738072287802654,0.626120941672072,0.668952420119339,0.6212314561580947,0.6575663292544369,0.5953064997462416,0.6299190038148132,0.6209703079674449,0.6581232563806945,0.5685793106713296,0.6018965659150501,0.630503753296456,0.618161113164228,0.630503753296456
02177000,0.3118803082939424,0.5208470869222642,0.6344873923797802,0.7729113144451789,0.808065908759018,0.7893448413663634,0.8110491541569586,0.787926914557849,0.8035110229402177,0.8040146288569551,0.8127624891780059,0.7123612721120545,0.7509190583937175,0.780287247950245,0.7929086599479052,0.7929086599479052
02178400,0.2902992464304601,0.2013938370270914,0.3935901513405845,0.6917957752523523,0.7470926813182475,0.7007034596863155,0.7496097946838298,0.6867974583623666,0.7355542176692575,0.7041292186825299,0.752363304827687,0.5842212803605946,0.6498794116426572,0.7079157434670852,0.7023883057886908,0.7079157434670852
02212600,0.0338431581187486,0.6558696135226005,0.6446076362279314,0.7249666020277483,0.679569619266421,0.7465956204007282,0.685963792203606,0.740768882128251,0.6886537196916325,0.7445445514866637,0.686937123378645,0.73475876335629,0.7368942573917031,0.7064276909109766,0.6609834042122158,0.7368942573917031
02231000,0.0377827347758197,0.7684793570013714,0.7757359594977746,0.9097042650700417,0.8904145592646177,0.9538841818618288,0.945117188612432,0.9581992305956054,0.9511177233579532,0.9635737248913104,0.9558381660953938,0.8845533600631573,0.8687415557596895,0.9243612572971424,0.9316734857613875,0.9316734857613875
02245500,0.0386198088568722,0.5514159012409844,0.5479914674282083,0.4364563597799054,0.4997146630470017,0.7549789042545926,0.7368200358221113,0.7301415564044338,0.7185778884018881,0.7937187156775072,0.7670554120034879,0.6534477756726489,0.6548507519621802,0.2409514463929161,0.13738235457270132,0.6548507519621802
02246000,0.0423080743138385,0.662245989985091,0.466152416645248,0.7266485246635297,0.554115015238738,0.7769925534174094,0.6271689956097382,0.7809695401144898,0.6380416164056109,0.8101384575942043,0.6700440554932354,0.7021037243565236,0.7162452983494527,0.7194064096527475,0.7211045253418595,0.7266485246635297
02296500,0.02,0.4777445220920787,0.7105112648475084,0.7552810911996415,0.805823574303931,0.9234296125663688,0.9403903535170316,0.9039079871595294,0.933662551440886,0.9244302698941188,0.947486849958974,0.6335718501902029,0.6434001314437695,0.7955919091750032,0.804888580694916,0.804888580694916
02297310,0.02,0.7625455253434725,0.6750748939481703,0.847676105182507,0.7310849142966086,0.9302860686480496,0.8629430665675158,0.926959354675732,0.8656239080927105,0.9345615170093948,0.8741830586997524,0.8313624236196422,0.8403978555106675,0.8526702093430398,0.8606098785677284,0.8606098785677284
02298608,0.0419072485112377,0.6893153695075427,0.6414952282639199,0.725116859793709,0.6800669658282599,0.8217274997177352,0.7979874599506124,0.8322310083510854,0.8098013493586896,0.8156315672502051,0.800715554297355,0.6835268267898285,0.71143554749585,0.7420990142923194,0.7564795133905104,0.7564795133905104
02299950,0.02,0.6882751593225852,0.6494662597203615,0.7444500539284409,0.651501908446547,0.7840803659169472,0.7110711262529732,0.7713992346168975,0.7282411272880903,0.7857772023766048,0.7095555975532215,0.752658264221908,0.7606015114210478,0.4890966520339325,0.4567018174785248,0.7606015114210478
02300700,0.0629542253521126,0.7118071036373129,0.597018751630941,0.7546168033124364,0.6608162404211517,0.789454895924967,0.6941523331205938,0.7962639922652606,0.7098667916946177,0.8112570741995834,0.7233790430602924,0.7415832993440716,0.745108081296076,0.756238086573128,0.7481704451445264,0.756238086573128
02342933,0.0354213029989658,0.5503563850273395,0.6242645761461981,0.6198353464371253,0.6619044210191238,0.623258697520223,0.6511998482928114,0.6555871064252938,0.690189162436605,0.6045682513941515,0.6378546600340912,0.625346887925025,0.6188159661916859,0.6069380108958924,0.5808837165567307,0.625346887925025
02361000,0.0926258664915441,0.4449857710592375,0.6639768192912096,0.7645355202204099,0.831601094817729,0.8103024822843922,0.8675756676691094,0.8348790701609514,0.8821570870094373,0.878030489804028,0.9010120086354684,0.7335549602833811,0.7491685091576943,0.7692412564583044,0.7841828666017936,0.7841828666017936
02369800,0.1215180871170498,0.4168858498995426,0.4807286663733696,0.5726816869881814,0.6012936302224527,0.5876065489362471,0.635811072950191,0.6264631612881719,0.6628102135329974,0.4603278465844768,0.5714011784981967,0.5418491044732494,0.5519925095043479,0.5867558123371281,0.6013574267584026,0.6013574267584026
02372250,0.0697520913012347,0.6982258371355703,0.7108928586335663,0.7549653161673717,0.7539184088565278,0.8653708655276844,0.8607150470371623,0.8917420103211254,0.8884741301443437,0.8901689432444498,0.8950433870497945,0.7578138334997297,0.7547818348076207,0.7653383154879347,0.7915463656505461,0.7915463656505461
02374500,0.1246024858655658,0.3232190934782972,0.5801602287848079,0.5934285753518561,0.6541223777876994,0.7255778859763861,0.7238271598869402,0.7603320348002609,0.746565365147015,0.7783361491973415,0.757264128245834,0.6346571561968803,0.6016104580933843,0.6063289254236454,0.636358921774121,0.636358921774121
02381600,0.3319031007751938,0.5582149169160958,0.5183942579345826,0.6251476114297145,0.625433572238945,0.6964094162440071,0.6482618878369713,0.7128754279933669,0.6386143124953267,0.7044757050137229,0.634166830508401,0.5729785178140969,0.5922502495313546,0.6532724771095186,0.6759185604985893,0.6759185604985893
02450250,0.0696525902601043,0.5808452190949246,0.6339033873401398,0.6540035560689244,0.6223457213707193,0.6978969580046794,0.6324760633017668,0.6949629239922301,0.6313459104763081,0.7083500430404717,0.6247577656230416,0.641112459079781,0.6440035656462897,0.6619900992968226,0.6691765712268467,0.6691765712268467
02464000,0.06550298821985,0.6883288251252788,0.7590275323565825,0.720507061140095,0.7738393486456118,0.7745742440786632,0.8036624312702377,0.766955432199948,0.8052943755386512,0.7786275269149363,0.8060741678025884,0.7120577914067212,0.7131035699094207,0.7233729853616815,0.7315442972081467,0.7315442972081467
02465493,0.0791874850155838,0.0244034181698017,0.4548273857196515,0.5380352909714101,0.6354634327682183,0.6470615806381511,0.6979186441158254,0.666782251673836,0.7123941610421161,0.7226810315087195,0.7211564196504621,0.5361115766230298,0.5414563175649916,0.557810242934599,0.5913453554727883,0.5913453554727883
02469800,0.0619348443266773,0.5973537974409888,0.7518702454460349,0.6700427185143438,0.7748287626840097,0.7477699412339891,0.7897033162472229,0.7426618473900239,0.7906612320901868,0.7916236857699621,0.7788896630646607,0.6521606261656863,0.6594770548347832,0.6876694578431669,0.6922873748564409,0.6922873748564409
02472000,0.0646204148137385,0.8205566213675703,0.8614846284436644,0.8405307174670408,0.891485401400624,0.9165217057401864,0.9309218611218846,0.9157108935245872,0.9302122859774552,0.915007516818686,0.9295386170320932,0.8332026277906882,0.8365352617447805,0.8473406631054266,0.8535374646773944,0.8535374646773944
02472500,0.086256943565334,0.7309489981941674,0.8110336510861121,0.8137451791012956,0.8490097051506695,0.8452746057387432,0.8645342901673579,0.8539801961218428,0.8611755330455382,0.8550668682236676,0.8609500548229772,0.7921411147443861,0.8014504714361232,0.8101457825609244,0.8122762032139926,0.8137451791012956
02479155,0.0801988636363636,0.5865852837956187,0.7351275291415438,0.6198794721855339,0.722544827986467,0.6297837274066572,0.7212479304818651,0.6349298295871032,0.7267960750318807,0.6383931167504185,0.7121755939917742,0.6197895787132521,0.6258977568291693,0.583098708001277,0.5599264453161137,0.6258977568291693
02479300,0.1233777486453417,0.6094622122354033,0.7681684197459033,0.6870996163674499,0.8191231452692891,0.7886140435109311,0.8737170622554843,0.8236661799192959,0.8928023908181676,0.8461296127462398,0.9038996825154608,0.6690919947258614,0.6776486861901918,0.6899154914897578,0.7037122249061794,0.7037122249061794
02479560,0.1172553822034889,0.7043718403527961,0.8132415240352495,0.7970502486439335,0.8481295752890303,0.853702762541017,0.8939829814232709,0.8669109823951278,0.9036673085568794,0.9034892763557104,0.9287024647274816,0.785675518284243,0.7912467004606328,0.8057996483339966,0.8225945196336764,0.8225945196336764
02481000,0.085404726557798,0.6916995597049744,0.7869204750465886,0.7050304422343981,0.7955285326121532,0.7466988839928574,0.8186011153484299,0.7475081346380681,0.8170416185937143,0.7477338697672911,0.8152988279021554,0.7063248091169837,0.710303752165258,0.6972947844742501,0.7008056581366329,0.710303752165258
02481510,0.0990056203632003,0.7236814865515317,0.8356700251200598,0.7659092112647279,0.853510250569867,0.8122444373476343,0.8750020740015001,0.8143214068718521,0.8776921525962352,0.8242272248188858,0.8806758985852751,0.7311010236589581,0.7568749126002203,0.7810516912509686,0.7864743100102402,0.7864743100102402
03010655,0.0918292328250275,0.6675767500794505,0.6745035003939821,0.8411865095317945,0.8221106249480991,0.887870512917477,0.856163152012825,0.8873209273033857,0.8566333143076785,0.8981282655926168,0.7733481166599391,0.7529870364446953,0.7977171172689014,0.8716552918768686,0.8914240094661195,0.8914240094661195
03011800,0.1454272727272727,0.6721678377343925,0.581818953194571,0.7702617482529739,0.719583782778827,0.811966580921093,0.7691268618627118,0.8117742461950672,0.7659878992753899,0.7986592262344515,0.6477238648831256,0.7168965809869545,0.7459913195574555,0.7692207255265913,0.7562507969954743,0.7702617482529739
03015500,0.1340431929668089,0.7534126952734628,0.6886307688911275,0.8263501837243008,0.7786893233681349,0.8576000329580027,0.8264818618551553,0.8651090563816587,0.8325060973240334,0.8547756040636671,0.8037572686018127,0.7803863038166013,0.8018740409189917,0.8446394398082115,0.8583621234687508,0.8583621234687508
03021350,0.1122902324028873,0.6415438275040115,0.6177299563185071,0.6956900838325079,0.6763223679932857,0.7284986909331256,0.7259195210193703,0.7379302533722034,0.731806419653366,0.6883506889981204,0.7013867397688571,0.655624358112421,0.6720136316179055,0.7159592895894098,0.7302442108548323,0.7302442108548323
03026500,0.1204628261939931,0.6435181131870378,0.6623537809396667,0.6201277193434118,0.6917439182757905,0.709987293102508,0.7503575173472414,0.7039973903715082,0.7463594034839143,0.5791302123115041,0.6682933818899697,0.679081353292023,0.676662755512961,0.5935325801558418,0.6096381710975525,0.679081353292023
03028000,0.1427474396375147,0.7155542727819413,0.7302899931372835,0.8134312587598318,0.8262347767526228,0.8485430837066416,0.8550957788926461,0.8456682311339785,0.853314004936431,0.8241165860441975,0.820245892561664,0.7547100979548804,0.7838059209097686,0.8295582393872363,0.8335754987872888,0.8335754987872888
03049000,0.0787789444211116,0.6740300789565996,0.6141407725027836,0.7947622802416657,0.7666586817404182,0.8120017673485069,0.794689240880101,0.8090692137916973,0.7923882060768995,0.8005427961433398,0.7852122254470141,0.739570181573983,0.7700848699884629,0.803741106322234,0.7931699463606114,0.803741106322234
03069500,0.1343959932143145,0.8104045709401215,0.7926081198458659,0.8376143127207516,0.822755370543038,0.8391164234755065,0.8347721910707201,0.8342695937508595,0.8316484172363824,0.8174683107320057,0.8200344351594426,0.8193308013909625,0.8281109863616908,0.8385150405266707,0.8353205273827161,0.8385150405266707
03070500,0.1191664154006726,0.746709151043474,0.7269095276017984,0.8003577546531309,0.7851750322991129,0.8364263357659021,0.8252398123301886,0.8431138207372151,0.8302229262183805,0.830648327301489,0.8190545354258049,0.7642827080207117,0.7802968662037171,0.8149345477474486,0.8266382870308852,0.8266382870308852
03076600,0.0960204081632653,0.6987356658994079,0.6595015163386841,0.7780865864758635,0.7625026581342538,0.8162676502154756,0.8066491303571601,0.8211088196225268,0.8113162555278082,0.8108775704450915,0.801667298653628,0.73272477841425,0.7551273860310802,0.7912521769411542,0.806277628500603,0.806277628500603
03078000,0.1045426058954669,0.6915261230365568,0.6860929640879878,0.7464988852930463,0.7550046584283158,0.7843882363086743,0.7909244986112639,0.7907160712616271,0.7946256453007047,0.7868579468509582,0.7847026446134208,0.7133773768650827,0.7296733622950329,0.7631974966579215,0.7736333477056169,0.7736333477056169
03140000,0.0417330490405117,0.4971899086187978,0.5390756686589672,0.6003646589938014,0.613751710710688,0.6439490765714837,0.6439724777939067,0.6410257265330641,0.6424603615323718,0.6296222175556325,0.6214928281903286,0.588656727629977,0.5950820922737132,0.6032930235396038,0.5715307209594066,0.6032930235396038
03144000,0.0430869816460746,0.6096213560079478,0.6538965666930618,0.7331821594196098,0.7351445987069147,0.7799354724709568,0.7388499364057438,0.7721919441062438,0.7367849425647429,0.7541577104550272,0.6865622064073602,0.7131425829903049,0.7242388627062335,0.739828195465987,0.7449150403251626,0.7449150403251626
03170000,0.1042200367461995,0.4207822825752343,0.4752677753986274,0.6376014108983541,0.6783935378294106,0.7282413732506737,0.7325714372153187,0.744304676516308,0.734819071106235,0.7306561322454037,0.7226669833738789,0.6365762390588733,0.6206810898831088,0.6602304225675815,0.686431296896975,0.686431296896975
03173000,0.0719755728547043,0.63832518423548,0.6509685163431216,0.7412577841363608,0.758568437871138,0.7956253861877494,0.7955270644720888,0.8072847413698873,0.8054185692286966,0.8227245363429745,0.8140213767078915,0.718562140594037,0.7194576461879858,0.7544413442695489,0.7619956696947618,0.7619956696947618
03180500,0.1141548136555961,0.6196138164221641,0.6395841967202207,0.6910545305684314,0.7100395323172379,0.6799117350001113,0.7137896882163526,0.6920372454726582,0.7198190280392118,0.6121058516291726,0.6711499514915802,0.6600220514713759,0.6787486701317833,0.6867922634282931,0.6580601307816647,0.6910545305684314
03182500,0.0879182179828128,0.6641397280651298,0.6869185909414819,0.7342715630681707,0.756560352583684,0.7265820910074862,0.7635387058534571,0.7287874800861689,0.7637854199568177,0.7242707136034001,0.7458500192757718,0.7081771990159951,0.7258574406008829,0.723224948488076,0.685291952429383,0.7342715630681707
03186500,0.1476805993690851,0.7187871221326612,0.6694939769197048,0.7428854326385195,0.7025731465890576,0.7449665833184902,0.7198335239962812,0.7399567900434001,0.7169321830195714,0.6620587864201157,0.674520538314514,0.7255625549785001,0.7332146261591017,0.7446991661790965,0.724606725290659,0.7446991661790965
03237280,0.0400960242792109,0.4241668766751466,0.4103404458159541,0.4708789206368291,0.4985599662817837,0.5081083279720384,0.5616485481556941,0.5123832487274431,0.5595361612917995,0.5445121925233314,0.5765440990730704,0.4535471489759909,0.4629488561282843,0.471225125730821,0.39946982750428606,0.471225125730821
03237500,0.0374351431903589,0.6722393392967538,0.6365632426227925,0.6840318575819895,0.6513536594824185,0.7162215462877277,0.6628112073739891,0.7122495059208747,0.6580281297756985,0.6935557275659991,0.6415900379221136,0.6830862857492681,0.6839850135700349,0.6839538035731475,0.6684794894128185,0.6840318575819895
03238500,0.0275430782761653,0.634593569171408,0.6217361003804044,0.6437465248515453,0.6294291539852449,0.6754298863791119,0.6523977056224612,0.6725240431732288,0.6502516400598142,0.6745185681676049,0.6508710563696161,0.6404491705293169,0.6405152161195067,0.644325038571313,0.6268630109857342,0.644325038571313
03280700,0.0835017064846416,0.426352046174271,0.473942732691526,0.4834670297477029,0.5389209921121894,0.560807042103163,0.6014817556635762,0.5520213880919591,0.5924005205889595,0.5551608020068743,0.6032166781190271,0.4751396887271784,0.48247493503466743,0.5140662465781565,0.5198057745225406,0.5198057745225406
03281500,0.0833181882473262,0.756071839795878,0.7249964699770826,0.7791898540877729,0.7514192848542751,0.8121175112716663,0.7821543424271635,0.8152988139292995,0.7915494110867749,0.8214681534650683,0.8102053773708224,0.7771761786094722,0.7772512252686532,0.7844461980438968,0.7954272726133415,0.7954272726133415
03285000,0.0580157842255028,0.716156058159347,0.7213089483646635,0.7962301345189924,0.7856447079614467,0.8225627946527112,0.8101578220898498,0.8165449831700906,0.8039995053670272,0.7999413734892732,0.7970155862551518,0.7699083991330121,0.7912483859752011,0.7778958883004337,0.7661600911469559,0.7962301345189924
03291780,0.0342613079400644,0.4771541350984244,0.4526392117355332,0.4560633684703551,0.3791534431256037,0.4150499615757206,0.3930321355221401,0.4445392160066063,0.4132957703179354,0.42538156238834,0.4084666870785657,0.4903505568047579,0.4813976404040107,0.3849162101624465,0.22357230146758167,0.4903505568047579
03340800,0.0461751712568153,0.4973748286771318,0.3936644044271693,0.5650106427699935,0.5260560465119115,0.6022959358941475,0.5814032507507141,0.5935590974717508,0.5663141110864889,0.5572511576813322,0.5370763006663519,0.5505388894929562,0.5580961766155088,0.5661256780832673,0.5283851911292399,0.5661256780832673
03346000,0.0246254649007598,0.699881082289674,0.6394327031702112,0.7195800170028253,0.6729075541520485,0.7828341466200979,0.7417653303518361,0.7795243915833147,0.7315498879893909,0.7988761377566771,0.7665391508809128,0.7180102477684935,0.7184796851323603,0.7215200887310759,0.7267422197605795,0.7267422197605795
03364500,0.0361175081192796,0.6738424507511198,0.6558315236122212,0.6956505715872243,0.669255529362682,0.7412771771123531,0.6918900197295544,0.73578967338636,0.6919914666058489,0.7258931008913845,0.6653114615816857,0.6916708758928447,0.6930486534697657,0.6877869717416609,0.6791058017621193,0.6956505715872243
03366500,0.0304521066709038,0.6807916816279469,0.685303028565929,0.7218599795966532,0.6909324654782689,0.7262018310356586,0.6999315896286158,0.7298343917936715,0.7111943712047033,0.730657189116557,0.711771997180008,0.7344904594807009,0.7325934725229275,0.6621443855513907,0.5737035079892104,0.7344904594807009
03368000,0.0222268506056527,0.4133464129587431,0.3728377728854257,0.3601634665001846,0.2207970340569579,0.3131578536614963,0.2837144320478206,0.3331898646499208,0.3056904972660857,0.3267631152392281,0.2995254640660468,0.41030767325650963,0.4063649921929168,0.2588467505228925,0.08416260526786146,0.41030767325650963
03439000,0.3402810208764762,0.2472665339984829,0.424800474773365,0.6272027011286383,0.6923530867355407,0.6483710541908996,0.6966367644446253,0.6507422518697534,0.6909357529395881,0.570060694943228,0.623804368762472,0.6085544844049171,0.606826101989456,0.6430202735453916,0.6243063583182502,0.6430202735453916
03455500,0.3085499657299521,0.1406072990886848,0.2601366641144953,0.4382816446034793,0.4557297957129136,0.4099646501374014,0.4132055824830166,0.4004796532514822,0.3946387846235849,0.391547778699209,0.3824768959098177,0.44202935328343806,0.44365798609828333,0.4364584908540933,0.4108311363852213,0.44365798609828333
03456500,0.2640413700067451,0.1100891407722801,0.2886504139317675,0.6176776001848325,0.5755121140599291,0.6405835716547641,0.5610651298372226,0.6303389994113748,0.5252609085455078,0.6382930376971975,0.5434471933275241,0.5644319719328091,0.5912954640880719,0.6337061696798635,0.6334475849902709,0.6337061696798635
03460000,0.2003199496142339,0.3651437071752355,0.5535143131031819,0.670592526490352,0.710642956188111,0.7507635287832094,0.7729384765658363,0.7634852388054034,0.7836634654789953,0.7727364735704396,0.7821508971837541,0.6648511455876795,0.6661170881772622,0.6644026042789257,0.6710671879929966,0.6710671879929966
03463300,0.2857565977175464,0.6527003420694999,0.6992917479471701,0.6813674124003954,0.7293292632350021,0.6925302412157325,0.7341470519774739,0.687428666288878,0.7238405384903946,0.7353291143995739,0.746500434786898,0.6621057522290213,0.670642222694807,0.6895569000362808,0.6884791669616217,0.6895569000362808
03471500,0.1061806620912394,0.5117830574213436,0.4801559692286442,0.695696883574811,0.7043341844120503,0.7402162763900376,0.7206129622290935,0.7463354816244664,0.7241073511418341,0.7568049488918756,0.7252263441328458,0.6546289784290056,0.666600354628909,0.7125105231425481,0.720885197795605,0.720885197795605
03479000,0.1526528862478778,0.5185255313627308,0.4955319166397139,0.694408098365809,0.6404030019643894,0.7017356675020349,0.6391902507363297,0.6835099582115634,0.6256695674284127,0.6778224950030021,0.6322156159994973,0.6978674535233464,0.7027879490823874,0.6793840095743704,0.6631076895977066,0.7027879490823874
03488000,0.0897042942875425,0.4036841098351242,0.4608027451385347,0.7126935484909943,0.7037967656972466,0.7618220552759943,0.7194300702824367,0.7758707135045204,0.7265728903124113,0.7695481617023651,0.7196574765517689,0.6635361191797708,0.6868632878608052,0.7284155927730226,0.7393568650736532,0.7393568650736532
03498500,0.1320284746541133,0.5009759509210457,0.6074938223961361,0.6578792961912456,0.7195747929465188,0.7149066660613546,0.7593158822927488,0.7220284246431348,0.7685429751130104,0.7061733369330635,0.7630089424721355,0.6496765669629576,0.6463984074070187,0.6738174856779504,0.7016251517841381,0.7016251517841381
03500000,0.2587919366450684,0.3887566263774576,0.5105634072131306,0.5230502552339868,0.5962568955789773,0.6142183486692241,0.6553862115058048,0.6479371919982062,0.6851611263923969,0.7020297837288845,0.3714060484206675,0.5049847232488383,0.4983083763584426,0.5494247209008147,0.570564542644505,0.570564542644505
03500240,0.2432174688057041,0.482648652888892,0.5727694686420665,0.6479825105274734,0.6530763104623705,0.6975080619570213,0.7045169288220774,0.7183835474094711,0.7219675593053825,0.6638046302613589,0.691724315678878,0.6336809777779682,0.6462361322912518,0.6365135668391142,0.6450599152918448,0.6479825105274734
03504000,0.36557136485281,0.647038552518698,0.6225491975661288,0.8428856934176833,0.8208136842310444,0.8566908685862851,0.8413522521827808,0.8531773361811729,0.8386544023596463,0.8529908833770371,0.8395769819390801,0.7771865577875889,0.8139934293227287,0.8564308211099048,0.8591012628008718,0.8591012628008718
03574500,0.103720447284345,0.6903259068597435,0.732560661912959,0.7874794579607982,0.7923689074958977,0.8520744199023695,0.8176375468763339,0.8514150105393522,0.8094351780454048,0.8495499723547548,0.7975989248699398,0.7406468363702579,0.7644673963366257,0.8076044913278526,0.8271576833994978,0.8271576833994978
03592718,0.0803481116584565,0.7381017057650551,0.6960186878159054,0.791781909884445,0.6925947961604415,0.7842661467919105,0.6502905812363151,0.7887841491763778,0.6459031707835744,0.7888946536265488,0.6415280229033313,0.7921621493846097,0.7923882360874474,0.7919501945318179,0.7785507851852356,0.7923882360874474
03604000,0.1080220716576528,0.7688216079327796,0.7900005116462746,0.8475898292603496,0.8050567167032386,0.8819939203092432,0.8243304004001989,0.8858165367546538,0.8260382680463834,0.8814377882152948,0.8137095282942727,0.8499977457272365,0.8532262902588862,0.8485188002358831,0.8367039023468512,0.8532262902588862
04024430,0.0396836838487972,0.6564389737880715,0.6179174625573367,0.7818983531390589,0.7555517703818901,0.8083113152218888,0.7945732891651893,0.8162949953203824,0.7978888721550614,0.7701224553820533,0.7702858770843927,0.7194750717537972,0.7411582535927869,0.7964691717930329,0.7834058089214739,0.7964691717930329
04027000,0.0462933543229311,0.5303522717751685,0.3827537536928754,0.5778539310306042,0.5778770174470256,0.8004504189364017,0.773723056988475,0.7845069245571139,0.764334508775223,0.878015372382763,0.8953081477502471,0.5827063103572523,0.6286031354939918,0.6253975095576854,0.6890279894737078,0.6890279894737078
04040500,0.0556535502465283,0.4950335311167082,0.5571101660016724,0.5307878590078474,0.6352611949503253,0.8561602169507686,0.8842170793975659,0.8300553444376434,0.8631788878800879,0.9247152895099918,0.9340625500795372,0.5168358431228371,0.49138761595236435,0.5722195052994521,0.6622962518474069,0.6622962518474069
04043050,0.0670563821456538,-1.277904490650419,-0.9877220371249642,-0.4184275075295598,-0.2014635918856577,0.1268262318601531,0.2719652526759226,-0.1678619335566742,0.0009418428488499,0.4920253015617216,0.5598657424612108,-0.6949008249725963,-0.5448734962646837,-0.3007456976146945,-0.1264595268076274,-0.1264595268076274
04045500,0.0758480720992464,0.7977361870045951,0.8057268278414382,0.8354316130311819,0.8577851032240893,0.9596225505470368,0.9612361218475024,0.966954013116157,0.9696851083496292,0.985185115525443,0.9846219595164803,0.8428612554544013,0.8234872555633896,0.8304564013338259,0.8525797893649497,0.8525797893649497
04057510,0.0529544734674916,0.5140542135505648,0.5393953335000106,0.8223018489824295,0.8092135910165421,0.9166737096575824,0.9150708803929222,0.9210633054883104,0.9204516969241112,0.9465570022784532,0.9421901622213537,0.7139454828847349,0.7720955789414603,0.8538366164308344,0.8749048800497875,0.8749048800497875
04057800,0.0654566324328989,0.3755656203731536,0.3570177516960614,0.4056831920789281,0.4113112256798282,0.7501728243040529,0.7737869170687287,0.774909495527707,0.7945936237997725,0.921607197519527,0.9040836187743232,0.3774025449556955,0.3829897424818697,0.4281806110062294,0.4362558833413579,0.4362558833413579
04059500,0.0324321115867507,0.188183216218256,0.0780029854071902,0.9183799327159916,0.910449516659256,0.9599505121123004,0.9539599948299144,0.9469602744994442,0.9396645529444176,0.9346823752194356,0.9233236535827132,0.8017762988169503,0.8710507914600275,0.9442752581880142,0.9601685925289234,0.9601685925289234
04063700,0.0445363929723915,0.6510512170072997,0.618017294242468,0.8643832142170257,0.7840039572757651,0.9514630970435448,0.949713663785551,0.9591903221896032,0.959293090992893,0.9763220118211134,0.9733757894113932,0.8277782887072614,0.8533996185143489,0.896219616159515,0.9297026611582971,0.9297026611582971
04122200,0.1096941656809249,0.3579079098660593,0.2839274596925332,0.7796866041279359,0.7035258862376325,0.8805501236303386,0.8602155329605445,0.8993544311401002,0.8828409079574525,0.8954606443682777,0.8822136798186088,0.6798319917636564,0.7205041139180677,0.8174140597243582,0.8520757377474024,0.8520757377474024
04122500,0.1092485261616898,-0.2740207582884371,-0.3695792708032612,0.7111294845380127,0.7299823643146682,0.8765011297812625,0.8864982861402328,0.9264044380016624,0.9310839087065,0.929659489307145,0.9315629714912184,0.5346628288446708,0.636110561332047,0.7636405006158536,0.8225112071136307,0.8225112071136307
04127918,0.0508695033650075,0.440701076891113,0.4123216963546462,0.8364055545731476,0.8071195929412657,0.81718717093775,0.8056583276168953,0.827139856567628,0.8112950385666886,0.5538775923926123,0.5717389057647767,0.6597404252972803,0.7599587066879842,0.8668401414107898,0.871813995397436,0.871813995397436
04161580,0.0570657751516093,0.3498171610204578,0.2955723534768151,0.5670255125899474,0.5009272727672227,0.8368330786610555,0.7665555828022661,0.857069850086239,0.7721133105850285,0.8661726196485101,0.8656143664120814,0.5318446774277301,0.49687046642934607,0.6234355675974137,0.696669890529358,0.696669890529358
04185000,0.0475983270676691,0.7428665299384347,0.6951721759550711,0.7726895383148557,0.7146704037212356,0.890077392958406,0.8770454997801305,0.9040946964773996,0.8827579041693518,0.9425264809133352,0.9483425252928734,0.7546890100989728,0.7585984548701474,0.801668589008603,0.8401742222998199,0.8401742222998199
04197100,0.0321415213415419,0.4635138520914759,0.4455266353967642,0.5640367674241022,0.5689697329255843,0.7245645769790525,0.6862544464517762,0.7007807525109981,0.6587213321573714,0.8272794232671703,0.7780500417535796,0.56090306823363,0.5624080595469783,0.5717800027772306,0.5803053004810665,0.5803053004810665
04213000,0.0806039973643751,0.1641447558995139,0.0656888532736714,0.4385729411110322,0.4000689953245802,0.564992669667441,0.5127135357357653,0.6090974419096038,0.5555694167421087,0.6103771221661387,0.5562814555596556,0.35698509080568275,0.39626807399477504,0.4553596106637757,0.4679620801276909,0.4679620801276909
04216418,0.0759620298264366,0.4005402542333734,0.4233902916834585,0.5620706855166824,0.5854069679987219,0.5641100847233167,0.5919013623460877,0.5797435060945352,0.6038588941136549,0.5666197902053748,0.5670082401772214,0.5204559551423609,0.5481209640857432,0.5548259056075967,0.5043733996554629,0.5620706855166824
04221000,0.0781994459833795,0.6552120014882908,0.651870250281481,0.8588039124555875,0.8324028537727146,0.8873250902637397,0.8595978543106102,0.8840451588490265,0.8581642900474491,0.8452593612970577,0.8356389011488286,0.7816055072670651,0.8246197143788963,0.8759736436832212,0.8762952131348362,0.8762952131348362
04224775,0.0691219375431332,0.1781542791125001,0.2818015865775043,0.4977648614876497,0.5741362127052769,0.6317892738163566,0.6816939095097854,0.6414746146869925,0.6953524193547291,0.7281969671871702,0.7444678639858211,0.4468932464214881,0.4763636898662844,0.5341775874372565,0.5654640349088451,0.5654640349088451
04256000,0.1536690040869004,0.6604588681558796,0.6936502911832971,0.7392489150438573,0.7618473777892472,0.7656122478774039,0.7868599593925525,0.7817130984386458,0.7997541821229552,0.7917355674361131,0.7898692632920006,0.6978886687245593,0.7185229848226706,0.7530247607883909,0.7532551290448659,0.7532551290448659
04296000,0.0951307124656673,0.638691608983972,0.593683815242051,0.861865093379099,0.8503393313878587,0.8957605234714584,0.8902802064400925,0.8949948624191909,0.8916318298457833,0.8992033697935072,0.8945668917852877,0.7799192576927223,0.8258336618630711,0.884079491038285,0.9008815816689668,0.9008815816689668
05057200,0.02,-3.134769930921592,-3.531813163726824,-0.5770305841397598,-0.8881123490855825,0.4513215124145137,0.2580740925221206,0.5128908960081802,0.3398228159913574,0.7634513248061299,0.6290332742331839,-0.6664553727557943,-0.6470057598394685,-0.26704938828334646,-0.025300384489528538,-0.025300384489528538
05120500,0.02,-2.2774834618422197,-0.7290200594152005,0.186132240925242,0.2648175728625672,0.6061392822258582,0.6290109103774794,0.7628509031715615,0.7957204200201816,0.683291578956424,0.7348191917638023,0.07641692452028281,0.11848399211458804,0.2632373205603845,0.4470845827988047,0.4470845827988047
05291000,0.02,0.0914727324009981,0.1317032630019916,0.3049235179087309,0.337933719109228,0.5979361109967334,0.5842914281468448,0.6491818716181097,0.6316945337408977,0.4946894893485954,0.4347044884942668,0.20089186316118945,0.23068209538443063,0.37151936223032134,0.415959770531694,0.415959770531694
05362000,0.0377600064983855,0.760511472774111,0.7145725000243005,0.79015575947292,0.7727795988722511,0.8694103362542274,0.8542425052746047,0.8640387718857215,0.8512509697702909,0.9024569795916212,0.8833844114161082,0.7722281868223619,0.7835010128635387,0.800154005416614,0.807702537892498,0.807702537892498
05393500,0.0399553620032661,0.6911536326536127,0.64239182362945,0.8387623493377908,0.8310516277058404,0.8669749397984805,0.8586427401471891,0.8602769985866441,0.8528521246587253,0.8618293200163939,0.8503100923251493,0.7997578083853756,0.8246153988440537,0.8369651153182355,0.8255159038987191,0.8387623493377908
05408000,0.0496894085561342,-0.7109427364995764,-0.0747404981160293,0.5759836181703915,0.495782011550879,0.594032623345446,0.4863021514006866,0.6051497445781706,0.5005439656962425,0.5834107014476836,0.516801753993954,0.5300867550055526,0.554865615496412,0.5879432158340059,0.5706555196947145,0.5879432158340059
05414000,0.0435490709026672,-1.6765858442692272,-1.0948274214612757,0.4104582404528656,0.3631283551852151,0.4828382560636555,0.3670288845691369,0.5137581816693872,0.390494242919101,0.507280374143122,0.3554193185489991,0.2764534397941294,0.3378409699909365,0.46050429647152846,0.3758072427090994,0.46050429647152846
05444000,0.0481063903281519,-0.1738373291622161,-0.0618701437718134,0.3363950170757652,0.2956862484702298,0.4136891713986464,0.3522460248696577,0.4368870205141604,0.3746180839808537,0.4646956848151674,0.4207288570106373,0.26702688651073636,0.29970429519895914,0.3784006977941474,0.36880057049060333,0.3784006977941474
05454000,0.0299369837870908,0.1583013319652303,0.1558607219253409,0.2115232564576935,0.1886727733312391,0.0897864311424784,0.0839762219789325,0.1674820070078192,0.1460583079100607,0.0055689008844017,0.0083978045019248,0.20020318230261747,0.2049134157574053,0.22550853155273365,0.20450092817472165,0.22550853155273365
05458000,0.0313400149338277,0.3708586716336043,0.4390625328302845,0.6646732419624692,0.6051649758725854,0.7891942861916359,0.7276487342752522,0.7909001549025785,0.7368244952617802,0.8304825148723567,0.7016687721702115,0.5906137091580891,0.6397220862425986,0.6804651694343586,0.6706365322846235,0.6804651694343586
05466500,0.0339932440060091,0.4409197106794866,0.5838388958961902,0.5495254553946705,0.6452775903658334,0.7385189916175114,0.7683928837645725,0.7178169235196674,0.7624802638524805,0.8144619079285693,0.8226891164485371,0.5208662126554506,0.5233663143064475,0.5792566544096789,0.6135639415662646,0.6135639415662646
05487980,0.02,0.5698618618116212,0.506619935838214,0.6660792875239987,0.5669958964338276,0.7821292798494375,0.6219295527568101,0.7539030915383356,0.609264451385116,0.7972645323856713,0.6147165540461261,0.6566418376063339,0.6647420649679956,0.6792466309788059,0.6935299279188432,0.6935299279188432
05495000,0.02,0.7358338642534857,0.7503030656275139,0.7465276537322952,0.7630770293740503,0.8153594831805262,0.8315177905560263,0.8104066240884592,0.8274311455022074,0.7660377042694506,0.8060894388915301,0.7465392002272577,0.7518762116207361,0.7515912398940794,0.7188763918286376,0.7518762116207361
05495500,0.02,0.7947736498713341,0.7645196146735169,0.787102163231997,0.7661968862088402,0.802174087666397,0.7805712034725419,0.798743620728973,0.7769861410795975,0.7310845956035854,0.728021599068368,0.8066126966335534,0.8060011063017296,0.7619610449062686,0.6919801312592749,0.8066126966335534
05503800,0.02,0.7148202687402931,0.7423569012570799,0.6159363883379434,0.6899067712804088,0.7973938087057562,0.7916714476583822,0.7753310294281658,0.7794467534523957,0.8169566137678044,0.7889061319759907,0.7290534398622259,0.7158106470328971,0.5640355527142953,0.3964565127020444,0.7290534398622259
05507600,0.02,0.447839478836791,0.5448725364793721,0.4776351683793113,0.5618305113697164,0.5498789045670625,0.5872503732769732,0.5427752961041055,0.5829392809295555,0.5619890939018042,0.5803676539858542,0.47604201023907444,0.47619278497873196,0.48551615571788553,0.4842731869605219,0.48551615571788553
05508805,0.02,0.6844494058563351,0.6744095877300611,0.6848323255882309,0.6672426729393115,0.683282083029742,0.6956902872599037,0.6717906219088581,0.6895491223976737,0.6468735352327356,0.6829571739538046,0.6877187391812071,0.687973944516975,0.6389691092207562,0.4792115842563215,0.687973944516975
05525500,0.0524681642445372,0.4964624126529725,0.5857224914281408,0.7408799456686469,0.7660378590072214,0.8054031919146726,0.8132165152367559,0.8040942186959683,0.8152876169672816,0.804333780996433,0.8029264203397792,0.6613683931782908,0.7038200176255576,0.7578963480489499,0.7540441836757467,0.7578963480489499
05556500,0.0474701142370666,0.2000500851057911,0.3324538390251209,0.269648602466692,0.379888793905785,0.4917747635408208,0.5473539356161808,0.4396245111033868,0.5120199937694083,0.5292483747957466,0.3985192877077127,0.24899482654528016,0.2546412895013288,0.27586897722757686,0.2659048982939215,0.27586897722757686
05584500,0.02,0.7753511583345191,0.7597113767710542,0.7911824371524296,0.7868665745810748,0.8754969087001568,0.8723741483030741,0.8808043859245585,0.8746673103139464,0.8818952320793145,0.8818828822193521,0.7896986435687061,0.7905861118271234,0.7941381416647575,0.7966938594422173,0.7966938594422173
05592050,0.02,0.5485579237707294,0.5809829877566557,0.5292197144614514,0.6453071508582713,0.5943930117750424,0.6555416216539691,0.6022940772743823,0.6530970404803526,0.3210061321538173,0.4406075784502762,0.554812619823978,0.552415165277017,0.5039637024753953,0.47440657017556653,0.554812619823978
05593575,0.02,0.8194579582861377,0.7715237757685108,0.8243985509793837,0.7755112107341214,0.8214389578014467,0.7888209030190354,0.8219662951458918,0.7855209708510364,0.8133831604546,0.7845047452240663,0.8222169830380175,0.8232584611226816,0.8234372761435691,0.7899468760991423,0.8243985509793837
05593900,0.02,0.5164922792967832,0.4465292016264178,0.538509232565926,0.4650371486931988,0.5818756120086723,0.5359966480686121,0.5824142097521361,0.5258905984985627,0.6150249446365621,0.5500832217303332,0.5368284733693378,0.5372425268771741,0.5402484903508452,0.5458958303527519,0.5458958303527519
05595730,0.02,0.7312871129884092,0.7385755154803286,0.7386365714061414,0.7472086556015598,0.7548010446942851,0.7628071414791016,0.7495717877676737,0.7580522622165943,0.7495842739205354,0.7563750790710934,0.7353410159004675,0.7363199711911961,0.7312218286141065,0.7140859635238551,0.7386365714061414
06224000,0.0330512519077671,0.6772499651865569,0.7339745345928494,0.973056833872715,0.9653654122253972,0.9691323301242624,0.9613579094170924,0.9619078079789004,0.9545928760469342,0.9626778770314484,0.9554950094577296,0.9513892786820737,0.964033831360882,0.9776549215541729,0.9780838250671646,0.9780838250671646
06280300,0.0402142830153032,0.5100022027558769,0.5963669992634515,0.9455396182070775,0.9307296175069992,0.9479558867299372,0.9419449802008318,0.9382014039998564,0.9346195599843852,0.9354762778692012,0.9246429665851988,0.9028851836666586,0.9268774769912751,0.9557125247523504,0.9584104263145322,0.9584104263145322
06289000,0.0371192522333269,-0.3654448668055714,-0.0694113959604405,0.928997820807629,0.9286907695665771,0.954779941924899,0.9552912793906576,0.9436576486836225,0.947299294240628,0.8571935759075379,0.8915732666497239,0.8006175422618338,0.8736233278759646,0.9523352037514161,0.9638576876370258,0.9638576876370258
06311000,0.02,0.3059521817000069,0.5495503001725863,0.809771924783893,0.8665958686003061,0.8335370275767235,0.8812415359356545,0.8112299261060809,0.8666683987171354,0.7920621942845748,0.8737636039525482,0.7497999921511058,0.7762161055330223,0.8382426665427319,0.8348865917827022,0.8382426665427319
06339100,0.02,0.0692231739919746,0.080664445276382,0.1603060958598413,0.1325970556317608,0.1369690097253922,0.138914403000759,0.3166596367837303,0.3100733226450077,0.4902689637461975,0.3655563795311609,0.0801638482991397,0.09926082443631667,0.2860950757050643,0.3959260493872552,0.3959260493872552
06344600,0.02,0.0564371493972767,0.0976762272623776,0.0614458041294811,0.1072897099846117,0.09579019082196,0.1515575925074967,0.2417771270995798,0.2648569622266857,0.3633426072048349,0.4046462105089741,0.05794191551707384,0.0587465539515144,0.06842502615834967,0.08972401058190149,0.08972401058190149
06352000,0.02,-0.0121505381728677,0.0311033997602064,0.0623402736835411,0.0694532107684644,0.1961199164204891,0.1997648907561521,0.5715374832248183,0.5392695424320273,0.6465737670498675,0.525675357241079,-0.004309657732965766,0.01098302634105719,0.17731736132754972,0.36030195701391643,0.36030195701391643
06406000,0.02,-10.08949417234878,-1.077123006581969,-4.978203421227846,-0.3105132364517757,-0.309957204816903,0.3237269736056886,-0.4954683904292607,0.3870044128584005,0.3460450803591389,0.4538201728195391,-6.520463871246961,-5.962647806421595,-3.897839454166112,-2.758226879433085,-2.758226879433085
06409000,0.02,-30.76726961566485,-5.86408915620862,0.4921742347807133,0.5963813893513152,0.7053660966111722,0.7650950047784886,0.7660079651396897,0.8417629687426589,0.8281636529767142,0.858593125669252,0.3654011638965873,0.4515836160255846,0.5030598974757668,0.5918612442985488,0.5918612442985488
06431500,0.0211950831187075,-34.682267893967364,-0.3963536830652914,0.7612287868115577,0.8236323437784134,0.903620156367234,0.8901395948528005,0.852765556693334,0.9049396681602104,0.8461180844714183,0.8994796500431246,0.6549508551490751,0.726141200921238,0.8118534571337213,0.8479684994389916,0.8479684994389916
06447500,0.02,-0.2681571924188544,-0.05458153030293,-0.080688095077642,0.1154639524547663,0.247533672547632,0.2927442853314779,0.5807824264498391,0.5694177203912402,0.5361823449479917,0.5209145217167734,-0.22212616451044132,-0.17298791057450913,0.049595913244019685,0.2588118329770993,0.2588118329770993
06470800,0.02,-1.9164647807241528,-1.6409336764968017,-0.1241033689023072,-0.0946856641736191,0.4815160510876247,0.4541760687296077,0.6498160324278606,0.6312688267832867,0.7367499678352751,0.7217870531868857,-0.13962584780103415,-0.13296984903032483,-0.1069649221607063,-0.07645446248158683,-0.07645446248158683
06477500,0.02,0.0567247409682801,0.1119738779938067,0.3992268160531559,0.3450671001976862,0.4992158330143175,0.5254812734523098,0.6485646415447357,0.6820253779382688,0.6825005874393577,0.7262910884768368,0.31676286133141407,0.36204736318134867,0.4214549256732789,0.4583884819046876,0.4583884819046876
06601000,0.02,-0.5863146830815305,-0.4351901646266805,0.3337773830718017,0.1740459549832147,0.4574803321624681,0.3167390654134226,0.4546574379648529,0.3221259696260865,0.4519701290168449,0.3772515758885734,0.21482254529022415,0.2687599625489081,-0.07799939945230427,-0.441673046226402,0.3337773830718017
06614800,0.0279264516129032,0.6283358967861628,0.7810108288411295,0.951608474956798,0.9663208848052716,0.9520447556302412,0.963982477854345,0.9350438441919768,0.9539900096438472,0.9548201860857728,0.9569893334911628,0.9299251206291967,0.9430424657314402,0.9563991745481383,0.9637469719317399,0.9637469719317399
06622700,0.0235488348530901,0.7211870603071486,0.7311833055932697,0.935561029912528,0.9629826653759054,0.9319460708444522,0.9607962980506805,0.9311312809306418,0.9576758561952624,0.9311771358885002,0.919818424004873,0.9261706859190599,0.9355129411136412,0.9249417249462661,0.8997338372668433,0.935561029912528
06746095,0.0412348314606741,0.7049377515733757,0.7270884737660142,0.9714674997906774,0.9681807508280034,0.9628808321544692,0.9617459582806112,0.9567466105453272,0.95319408833328,0.6129628755272891,0.7702865363119477,0.9614715804665259,0.9686407145059628,0.9720053957423807,0.9722458156177403,0.9722458156177403
06803510,0.02,0.4538197574427078,0.4289598509274224,0.4303561839923508,0.4230440221231165,0.1204308151347361,0.2476346152462292,0.3359413983687719,0.3652833534353665,-0.0046152067244957,0.1816053313353901,0.4460462144444458,0.44324956105956714,0.404152740681632,0.34253196122766516,0.4460462144444458
06803530,0.02,0.3428389332204186,0.3682635705697471,0.3274847262418279,0.3577497648318096,0.2519437031723671,0.2880055138020061,0.2979178859222714,0.3242392482651292,-0.0850905723391495,0.0347984313153739,0.3484953657099922,0.3459171529478775,0.3047415192453493,0.2908438514284375,0.3484953657099922
06814000,0.02,0.6964804190277187,0.6543752938847387,0.7245735986138524,0.6819735842428035,0.7261007971564091,0.7009939125610107,0.7243356441334932,0.689043318123714,0.707054268990198,0.6764796742645677,0.7271321719139943,0.7329384283729046,0.7118471026917352,0.6744086764086085,0.7329384283729046
06847900,0.02,-0.1877894896365188,-0.851742372585806,-0.0986194866635725,-0.7016826492452268,0.147073579401352,-0.2034441977519805,0.1690325171300866,-0.1854589098232686,0.1924043828905512,0.077241952969693,-0.10313472899685983,-0.10210962176910798,-0.08937031581222499,-0.06256964130632126,-0.06256964130632126
06853800,0.02,0.0588767239287578,0.0931060795163988,0.1226179867877588,0.1757939948047056,0.1454381302704942,0.2052244751533599,0.1296738710079678,0.1881169026758554,-5.151193678398714,-4.242601884834675,0.1106368893742875,0.1151971536170423,0.12690535249545543,0.08183941782216064,0.12690535249545543
06876700,0.02,0.3429427681793809,0.3610138841072,0.4886681976301898,0.4843611568870871,0.6143655704272704,0.6090051288722311,0.6920327368803274,0.6744906461874078,0.703865539963134,0.6797800180856779,0.38246167992008606,0.40274686886757893,0.5341084031294918,0.5522880540640216,0.5522880540640216
06878000,0.02,0.2750760179338503,0.2948514091123746,0.4249755396275596,0.442843782810306,0.4394017516127763,0.4870996148544932,0.4538414127159358,0.509784864505537,0.3584024730876572,0.5162602590737946,0.41828972355945004,0.42973967051506523,0.4118306248028236,0.3975646540579426,0.42973967051506523
06879650,0.02,-0.1134104332941385,0.0393450759344486,0.2791807452537089,0.1015884480388991,0.5280007695044779,0.4325572200532217,0.4565554864363221,0.4024275891616126,0.5577089684099983,0.4703236370577852,0.1834260583271543,0.22989274466124654,0.2875480100897275,0.2392900161210989,0.2875480100897275
06885500,0.02,0.6327419901638234,0.6236473596517191,0.6827379871157739,0.6483251017759896,0.7425432146864702,0.7113899333166873,0.7332827365393441,0.7030857214269343,0.7524488830197318,0.7129950078188776,0.6859264263417617,0.6855098165912807,0.667317166049531,0.6286177040643646,0.6859264263417617
06888500,0.02,0.6201254423365664,0.5556585214778096,0.6866118143668571,0.4481730972808168,0.6933461795550457,0.6021876301134634,0.6944072761907788,0.6089302175293833,0.7000884512100496,0.6150763068907581,0.6913142305309017,0.6913123568883288,0.6709016442707252,0.6190212035088551,0.6913142305309017
06889500,0.02,0.7124506621348248,0.7182640317710725,0.7282284645532198,0.6912705326281012,0.7327613553388674,0.7359645663880849,0.7363017854559877,0.7365779062597841,0.6982465409641554,0.7085933225425574,0.7372797948864801,0.7372570792458611,0.7056782091046574,0.6827696728903498,0.7372797948864801
06903400,0.02,0.7225047641297965,0.6129597772535198,0.7468045279320015,0.6507961115692893,0.7541780802155376,0.599531883838635,0.7419949831827407,0.60250402054014,0.6956463740425964,0.505892533870029,0.7426470885445364,0.7426022159992709,0.7462952145586277,0.7530645420274283,0.7530645420274283
06911900,0.02,0.6426385507474489,0.5638196286035566,0.6618177323147088,0.4327590338578009,0.6459196455778033,0.4985990529922182,0.638212243481966,0.5018672897710029,0.5688118571047052,0.3803825960562471,0.6675907460075089,0.6658526634290827,0.6483794139431049,0.62645576362842,0.6675907460075089
06917000,0.02,0.6671403465369393,0.6617548737938723,0.6588256509446968,0.6502499665353327,0.6192725015586282,0.6225332388419293,0.621610609620296,0.6253177992557344,0.6044068218243069,0.608631151741918,0.6686552721008732,0.6669426063608156,0.6525753909085243,0.6394431990983842,0.6686552721008732
06918460,0.0479401097296715,0.603894315553692,0.5971785141983261,0.6411582395653845,0.6484098894524932,0.631344555696225,0.6542046453132707,0.6427929544457471,0.6646937126610144,0.5813176693513291,0.6170290884781382,0.6340459147344797,0.6343155346164028,0.628262194904839,0.5677514806950943,0.6411582395653845
06919500,0.02,0.7639830836757149,0.7510519551375717,0.7923009412774916,0.7752923652583382,0.8227859162502261,0.8140185828080839,0.82724738224247,0.8147596018113055,0.8207299770888459,0.8082338677574623,0.7716861427844577,0.7799196111663763,0.7908766539719343,0.6717462504305292,0.7923009412774916
06921070,0.034333908699252,0.8229874480134801,0.7979359028746668,0.8175310625179287,0.7931948973939019,0.8092080146528328,0.7750128345829536,0.8131450210196922,0.7818861206992619,0.7696434989936622,0.7075074929446139,0.8241316651608807,0.8231795612737293,0.8040201805300609,0.7058444309108332,0.8241316651608807
06921200,0.0204122736542858,0.7107959356871387,0.6962696394776133,0.5922552057278574,0.6020598674406141,0.7030288467825367,0.6761227663043521,0.7070323212127863,0.6831097452503281,0.6934474287337812,0.6654198911278768,0.7202858083087722,0.7118311314339093,0.518470431502434,0.4199386201028109,0.7202858083087722
07057500,0.1030587665815275,0.3997102792924754,0.4519948592480916,0.4155947953658087,0.4804991923588607,0.3537949316633912,0.4342961062455096,0.3348114698535928,0.4196232612733306,-0.2945436188869645,-0.0954790081871086,0.4218300615251056,0.42159241242510015,0.3933168727609848,0.3356399080525574,0.4218300615251056
07060710,0.0244611077784443,0.4609923578853196,0.5738452769693373,0.4552266874014316,0.5734735840890941,0.4559421251704172,0.3893748942146855,0.4596270621554473,0.435325451510457,0.432531769680969,0.3331024893943599,0.48793979614932004,0.47627635119167144,0.4093546047162523,0.054042952560546365,0.48793979614932004
07066000,0.0696706217370669,0.5300047419900658,0.5409276537600309,0.5416294826311501,0.5591488688492365,0.5027115730590892,0.5456436984633743,0.5036757826412079,0.5490852838534883,0.2820879697341955,0.4119398350308754,0.5341403987532845,0.5281444716587869,0.5445583983951701,0.5298365684834341,0.5445583983951701
07083000,0.0281866359447004,0.8211351492046086,0.8362814016870476,0.9532177107956789,0.9663514298881496,0.9539099686248388,0.9665834417541818,0.944388541987743,0.9594192820694988,0.9234867219552264,0.9495903161564088,0.9279137468627447,0.942110654707098,0.960785025520262,0.9626294480347819,0.9626294480347819
07142300,0.02,-20.23005451196668,-17.207580493395934,-9.839949380695687,-8.524570970317352,-0.3047261407973287,-0.3952134253727768,-0.2852668120451562,-0.3411854530134282,0.4221216010162247,0.3924060450345682,-10.666487497650655,-10.461325477876265,-8.566652005261327,-6.322938126198987,-6.322938126198987
07167500,0.02,0.6799825563863718,0.6485455066212931,0.6864311884929055,0.6355029680624662,0.6786417842863983,0.6453279176393423,0.6713340311062288,0.6419534043483832,0.6689576208223437,0.64159231877313,0.6961053905756935,0.6932162752637536,0.6643873721913209,0.6160214988168188,0.6961053905756935
07180500,0.02,0.6272267419412755,0.6203607934129644,0.6347737710032596,0.6339856886544843,0.5352735922508394,0.5512467443008047,0.543361404883296,0.5582623331012972,0.4930328800013692,0.515196996588025,0.6390967414990116,0.6375149910411018,0.6194997757884714,0.5055301473068518,0.6390967414990116
07195800,0.0556772691603452,0.410189758110543,0.43351758475455,0.412143122411142,0.45159439704938,0.3801777884633897,0.4255018682933777,0.3856546343945608,0.4316506213777968,0.2418114373346567,0.3029392255385966,0.4064180919896333,0.41403104266197766,0.37838045714222057,0.3496395079649962,0.41403104266197766
07196900,0.0425595674659144,0.6540661691125875,0.6244439979925773,0.6767439399619789,0.6619662240109898,0.6047041303666585,0.5821406606270785,0.6282953870885488,0.6086042192149133,0.6059324023906935,0.5815616401613074,0.6777097500206798,0.6797787014778035,0.6569999857106624,0.6148028311756051,0.6797787014778035
07197000,0.0608283258086461,0.7793806334375578,0.7553613927391092,0.7972962396645067,0.78497065092185,0.7997190341128302,0.7847011300556506,0.7914989440124414,0.7804971658845514,0.5367297352451867,0.5284558975411515,0.7778578197767707,0.7851966627395223,0.8011187773148138,0.8064501096439703,0.8064501096439703
07208500,0.02,0.374398980807777,0.2910608090280094,0.8261194771284529,0.7811302471942467,0.9069853922345604,0.917465740659983,0.9401269229544322,0.9478472395826408,0.8837395263126835,0.9072585787387512,0.7587500818607807,0.8036043001035817,0.8595376011997045,0.8728023045893845,0.8728023045893845
07261000,0.0548798815638949,0.8373915862726112,0.8580578107582199,0.8393409353819732,0.8614359422886966,0.8439458600622103,0.8674087569287103,0.8399108344390626,0.8633105367926237,0.7519918333416546,0.8062105660612565,0.834026154418297,0.8373336433602483,0.8341291490373415,0.8268904696055321,0.8393409353819732
07291000,0.0546184435635301,0.3820244782713622,0.6338418284714804,0.358716179186792,0.5888191604934394,0.3792793666289884,0.5857004115836861,0.3972579257459001,0.592178044435484,0.3868032777509266,0.586682059584867,0.3980758710730049,0.38896843575370044,0.2681559995952575,0.22571884274934306,0.3980758710730049
07315700,0.02,0.6005484876446785,0.5951944472940875,0.6144308314843911,0.6065717262340429,0.6240584986113419,0.6424110789693167,0.6362712477795542,0.6534863293659363,0.6116877813996049,0.6295800511659304,0.6146119018996696,0.6133725560185088,0.6171146727289893,0.6194565691627586,0.6194565691627586
07335700,0.1061457541191381,0.5050264294696443,0.5112794110959982,0.4955114451454565,0.5045197216274349,0.4965807101886559,0.4592558248998967,0.5036150704813587,0.4769353607613111,0.5079144201798875,0.4416229912852694,0.5098851458469842,0.5113139561249629,0.44315399682651235,0.31306097462147,0.5113139561249629
07340300,0.0780389272230178,0.7018178174202672,0.7373747302213646,0.6938973621710116,0.7351706762730122,0.6711332957544043,0.7239648538174481,0.6609033523295336,0.7179242994647164,0.6566994198500274,0.7147836182663918,0.703149795995248,0.6993952863852246,0.6727571494301847,0.6369042998031891,0.703149795995248
07346045,0.0864054631259832,0.780221127331784,0.7485815649679175,0.8082018245174624,0.8015872820085735,0.8408465107226215,0.8421243286867924,0.8840903451857558,0.891196704806918,0.8790178637894591,0.8892826895005096,0.7956991296285305,0.7998496552267184,0.8156727720575259,0.8232270830941457,0.8232270830941457
07362100,0.0338959521323588,0.6016917334977481,0.641603249942438,0.6082018626343664,0.6577398882208946,0.7075734265947472,0.7449191587045159,0.7440475788795566,0.7731979239282942,0.661603441978248,0.7063477407425431,0.6044984845085914,0.6016886502637026,0.6128617021207827,0.6192387594044175,0.6192387594044175
07375000,0.0858542209745338,0.5474830042655794,0.6376363327302115,0.5705797004827975,0.6457691420154428,0.6013583663989401,0.5910230742383201,0.619901443517963,0.6682968844992362,0.5964977279799117,0.5154685698427255,0.5493763222331383,0.556460495430573,0.5713021073576292,0.5644064091256661,0.5713021073576292
08013000,0.0484141950544566,0.7768804987264698,0.747974721064449,0.8070033893491096,0.7761310479598229,0.8580532207250322,0.8025536578271683,0.8549552174508164,0.7967167418137229,0.8511090983839866,0.7868960380970182,0.8166577138774127,0.8176791037274129,0.7815452616156138,0.7277589764298309,0.8176791037274129
08014500,0.0928851319771673,0.8006682731269831,0.8005104816156976,0.8028328103493985,0.8134328987858409,0.8560382239696065,0.8558931108322223,0.8668120535437849,0.866525143163942,0.8424302164239303,0.8456033204823734,0.8065453023704992,0.8031202492215366,0.8059554761415137,0.8099924905670974,0.8099924905670974
08066300,0.047519800818625,0.4802548161823553,0.564646412850071,0.5598943103361939,0.6374837801053528,0.6408130372740372,0.7028186148499602,0.6813243263371944,0.7282224495791176,0.683878400347509,0.7426606875625517,0.5328038826377858,0.5512380320536308,0.5727747988224257,0.5898611061887056,0.5898611061887056
08070000,0.02065353244715,0.6458976871100885,0.7124247197147378,0.721405788208763,0.7514160600112155,0.825998411453799,0.7987176779575881,0.829958551775681,0.8196523824203228,0.8177231847161844,0.795346085726059,0.6937403681573816,0.7038199636984304,0.7329337510374593,0.7510420901247117,0.7510420901247117
08082700,0.02,-0.0507579812129628,0.4538650806061004,0.0626799693120319,0.4823563258408538,0.204301124365532,0.5346167079266364,0.191442363257599,0.5374369342855339,0.1640506170579112,0.5227220127759933,0.04815715392052011,0.053657391431750856,0.07010613719343173,0.07589633211986702,0.07589633211986702
08086212,0.02,-0.0716284798629471,0.050862106428808,-0.0752242212596203,0.0804706969608699,-0.0109409372785418,-0.5770365750623709,-0.0130905679889357,0.1479152459717381,-13.888498235403612,-3.4232292301783973,-0.07524817214638624,-0.07524283939560683,-0.07517141953644524,-0.07499099385764008,-0.07499099385764008
08086290,0.02,-0.0219415045284465,0.1438025510342475,0.0307283578167721,0.1437790316058114,0.0592740715614877,-2.27203287492639,0.0712912076513124,-0.0956214547591758,0.0882419672687354,-1.5914499753134623,0.02736881762475829,0.029489451382153087,0.028288790532169927,0.024769683922391095,0.0307283578167721
08101000,0.02,0.1942909147005456,0.2124054408414657,0.2758733199076011,0.2728327123814844,0.0872915787581402,0.126939926959765,0.2074804241282362,0.1918278138539957,-6.81852613189094,-4.158751661733917,0.26130551919162526,0.2712945401340763,0.2810920770057629,0.26628803508811016,0.2810920770057629
08103900,0.02,0.2366506071816101,0.261756614965948,0.4271529993672821,0.3183231278027982,0.456233487471997,0.3020915959010257,0.3895027753104224,0.2622092018853994,0.4153093862252919,0.2882081206423388,0.37628329285005613,0.3993972086980021,0.41998966320916953,0.33338262772589633,0.4271529993672821
08104900,0.02,0.5534291194645808,0.5824875752122036,0.6176480594382565,0.4781319368612143,0.5290598041766806,0.4850134307768369,0.5533329340848754,0.5170799067157824,0.5110509106531083,0.4730606784567194,0.6189328673659285,0.6320559260797548,0.45656421830399474,0.07346368626360544,0.6320559260797548
08150800,0.02,0.3242976624722721,0.2865994902989752,0.379610701298558,0.3770725428603866,0.4109412342909814,0.4056499624277492,0.4087445576685917,0.4009117676938825,0.4011736188193655,0.3932222386086886,0.3975390724259289,0.3955705877536436,0.33494658812051514,0.22724897488826734,0.3975390724259289
08158700,0.02,0.6226643941384444,0.5067002208517188,0.521414943102351,0.4533423918640469,0.6804137337704081,0.6054950184793506,0.6357283555734723,0.5646674436227721,0.6635012902077206,0.5996793353609357,0.6788456668804155,0.6165714165578307,0.3228400940100883,0.06844496256525867,0.6788456668804155
08158810,0.02,0.4446466506526998,0.5053929338060164,0.4752256700947648,0.51352042593797,0.5467445681590875,0.5903703579784862,0.5460116804435593,0.6040959553316967,0.5388061031861482,0.6044524620335352,0.5652641916860128,0.5627717238121368,0.3135337489599641,-0.07812789088131922,0.5652641916860128
08165300,0.02,0.2312017351546457,0.2218440233359745,0.200790601891592,0.1929759026723293,0.1502058295130629,0.1339882515289597,0.0878053114980175,0.0716241189664143,-1.6713233746157532,-1.5218884842082372,0.22280088348356997,0.21674701283657072,0.17382939638828343,0.11245014546886167,0.22280088348356997
08175000,0.02,0.7566106015960004,0.3145211570781574,0.8367874280381361,0.3310249414088748,0.7864870502478702,0.175156491476747,0.7601156429473175,0.1053912824603812,0.7586400999673473,0.1018256580382082,0.8378353115761799,0.837440197559548,0.8271177044349268,0.7180036206104217,0.8378353115761799
08176900,0.02,0.4261309195081408,0.1460608326177656,0.4836763061243587,0.204440028471138,0.5993060121517817,0.2769875949395145,0.5701542299742879,0.2765516517655921,0.5606930622563753,0.2793217277310186,0.5781451719980157,0.5466356899658344,0.43529270718409196,0.18596381677021334,0.5781451719980157
08189500,0.02,-2.191691962173427,0.2182106492075698,-0.7020800432289569,0.4339602114184968,0.2489904751430833,0.6705419404171249,0.1985631347843856,0.6660450769152402,0.4204892462842059,0.6669193346123247,-0.7153080463930783,-0.708645224438941,-0.6974189950838896,-0.6757174839044409,-0.6757174839044409
08190000,0.02,0.3644770142189479,0.4503692388694026,0.43079731266483,0.5222859063981226,0.4113550319335182,0.4853053374995832,0.4042788358308204,0.4797268268819269,0.4066223392051044,0.479991467336797,0.42690154385188583,0.4318245963416084,0.4085788550358368,0.35204687522695666,0.4318245963416084
08194200,0.02,-0.1448543652724239,0.0861571887298848,0.1819253996001055,0.1803930945333869,0.4338176561394959,0.4075026355762514,0.4629367310077852,0.443399142879331,0.4562863768280524,0.4417117143175149,0.18152434962244257,0.17984336071546347,0.18575738304378575,0.18944778679825625,0.18944778679825625
08196000,0.02,0.2292727872745664,0.2584902002174084,0.0619515998634052,0.0210085096247129,0.2604519218026638,0.2752713107336665,0.2506987533068811,0.2629769586454473,0.2382328299872166,0.2516845100267284,0.26710548351587404,0.2606657499380789,-0.44904602104629165,-1.1355367531705634,0.26710548351587404
08200000,0.0225891373288908,0.2567293734882712,0.112915785666962,0.2690037562181591,0.1649094724367705,0.2484218254407737,0.2060351836922505,0.2539713730553189,0.2059554785956237,-0.0599165323256654,-0.0557473488899893,0.2689779668770873,0.2795001197259157,0.17927891544291374,0.12735351881761847,0.2795001197259157
08267500,0.0508331601911489,0.2184737320884506,0.4335841894096472,0.9048016545448616,0.9193059176957712,0.9658045599846952,0.9712944954856684,0.9702867784991412,0.973161048812581,0.9757488605737636,0.979034672944765,0.7728806477270043,0.8452045542710291,0.9408376467798941,0.9639240011596665,0.9639240011596665
08269000,0.02,0.2847048948115436,0.4335052818528561,0.9616563835570544,0.9702157950368114,0.9732600165332044,0.97350081190376,0.967798952365961,0.9687705502649672,0.9619119794440806,0.965494326722146,0.8967315711493109,0.9348929626267581,0.9754157414902209,0.9817077323964161,0.9817077323964161
08324000,0.02,-5.874280410470013,-3.577461923992668,-1.0216624686513147,-0.2707467302792625,0.7586213311103027,0.8203118813703059,0.3299290650867368,0.5519944228362599,0.9171166082971032,0.9190402010643508,-1.4735070409893942,-1.2498937618551116,-0.8294392127867287,-0.5977745309084146,-0.5977745309084146
08377900,0.0228769330360353,0.5891120306087945,0.6050290084989954,0.8358143418443887,0.8263577015684486,0.9499860509254738,0.9518175595480802,0.9309740624070552,0.935922417645496,0.96994076162046,0.9721256946011774,0.7603102414118632,0.7946053723266158,0.8655670658418643,0.8901699100752248,0.8901699100752248
09035800,0.0351952048823016,0.5109982802833701,0.5236676454159195,0.9742501852986633,0.9799666476385832,0.9792085791126516,0.9814193136815176,0.9635255498046228,0.9700643717627352,0.8068302961329772,0.8944408579485147,0.9399174754798033,0.9602415372402892,0.9820148658317365,0.9855447899552747,0.9855447899552747
09035900,0.0369475562877539,0.8499857484840306,0.7968734111200572,0.9749551657348228,0.975471967014824,0.9753175173389572,0.97629771286407,0.9659377694112448,0.9694606914512504,0.9480214963975708,0.9547834166772264,0.9527508781145685,0.9646167586101848,0.9799647633820125,0.9822482014486673,0.9822482014486673
09065500,0.0310843832715722,0.7095573775255226,0.6623069940301503,0.919814227840414,0.9380713181700846,0.944498155713952,0.944383291917602,0.938518301017982,0.942004917555444,0.9140545492076328,0.9334422093918562,0.9145743659544691,0.9157109201344845,0.9133218772845286,0.9118997066064706,0.919814227840414
09066000,0.0211369330453563,0.636590746150874,0.7078207380252434,0.980592140740525,0.9852558712869416,0.9754992848020853,0.9805063130817194,0.9644069368394824,0.972312181301662,0.9593798718031612,0.9713234685371082,0.9580628478374171,0.9744674091251553,0.9828145392201871,0.9836074277308651,0.9836074277308651
09066200,0.0273532919254658,0.4955758197802654,0.4437212158898739,0.9608008930721116,0.957071450129496,0.9582941285947394,0.9591761331323484,0.9483103955381352,0.951854638147592,0.9415510495479688,0.939333388198922,0.945408432750222,0.9576661615802307,0.9594013223454769,0.9568795559912788,0.9608008930721116
09066300,0.02,0.2578141572268997,0.3182307129622608,0.7926722505912027,0.7910008889423662,0.9594525865688258,0.960433021577542,0.9394816258765912,0.9354127410695088,0.9807009579671804,0.9820240945736488,0.48570337653223905,0.6436958498102169,0.845613052286275,0.877248814056264,0.877248814056264
09081600,0.0401276536764536,0.4404745290808738,0.5427354208844648,0.979590288123373,0.9786207641610492,0.9778014301595764,0.9793371002389888,0.9648538493475276,0.9688966635222735,0.936272007244736,0.9453252091648844,0.9494829464793143,0.9637870331003705,0.9841617292683057,0.9856278112436393,0.9856278112436393
09210500,0.02,0.530417647166687,0.4020447266795451,0.9616867392765488,0.9638278641406928,0.972039895065956,0.97450927788208,0.9610750420936712,0.9642588688976528,0.9391726118240684,0.9456564237359064,0.8995869647569849,0.9359371148764419,0.970192467435957,0.968874545991706,0.970192467435957
09223000,0.02,0.3759934664262926,0.5328048160008934,0.9046155878677036,0.941447966213149,0.9422685628377908,0.9566080557181104,0.8984389582325804,0.9273206758800344,0.941701924680696,0.9472900188956932,0.862233946498985,0.8773180773015739,0.9298342594224492,0.9417423450274712,0.9417423450274712
09306242,0.02,-3.352186397705676,0.0070419036950211,-2.915743022597706,0.071772574720485,0.4478951410822123,0.6280546667775402,0.5846963712228719,0.7548736955639276,0.937637288323809,0.768861184017973,-2.9888321836908385,-2.9477248277186825,-2.9183978298916013,-2.884413890592279,-2.884413890592279
09352900,0.0663176189210736,0.6795337759537947,0.7157233040627362,0.9497420620506132,0.949334697553253,0.9516135334033232,0.9524277371626044,0.9466672799455864,0.9485904641637692,0.9392775609109282,0.939657215582405,0.9020319688302872,0.9280714564732762,0.9580189973063232,0.9594840777483907,0.9594840777483907
09386900,0.02,-0.6152275465142503,-0.1089188511952981,0.0283942105754051,0.5443690378296143,0.4500586120526689,0.5027477808492324,0.5893720391155273,0.7017852675184946,0.7578664225420403,0.7020205323255224,-0.4022398067334476,-0.17741156071239206,0.1335841788650618,0.22172605828212077,0.22172605828212077
09404450,0.02,-0.9233095582487574,0.3714368551234057,0.6987904253384221,0.9467301755310265,0.8706250236256271,0.9595260243967764,0.890903286763189,0.9657604634295582,0.8398247382548094,0.9545151329953016,-0.10132605186272392,0.32576786418705206,0.8244457384329011,0.8808547011255766,0.8808547011255766
09430600,0.02,-0.3998234901616897,-0.376612789412251,-0.3424670635583391,-0.2239458038244568,-0.0498399311648849,0.0371588838214677,-0.1525423470165687,-0.0604479473342882,0.3797957186525744,0.333704417915638,-0.30527650443390786,-0.33826718401062195,-0.38899991823088276,-0.37926153878415514,-0.30527650443390786
09492400,0.0341465457083042,-1.7378847564460584,-0.3261977316202336,0.0198307155402271,0.4819659274089428,0.3317958403990828,0.6196395558809396,0.3010887425092738,0.6188658488928918,0.7051147556014895,0.6352270641701216,-0.17694431756379658,-0.06008689039718296,0.09348605125374632,0.17154435251205402,0.17154435251205402
09494000,0.02,-4.092333354798727,-2.286940144515851,-2.217949361359194,-0.8313601149164664,-1.0006043417848702,-0.1942619923974033,-1.2806306379468322,-0.3576178203047755,-0.6310755361772891,0.0281503962581098,-2.5907509128332387,-2.44979779181638,-1.834767590615296,-1.4116865105333538,-1.4116865105333538
09497980,0.02,-0.0518255782010055,0.192817296345688,0.1780850386062752,0.3643375328443825,0.3896734440055369,0.4997727667211618,0.3188322569931079,0.4670559649500027,0.3878740420519487,0.5235989572578361,0.15324453378097957,0.17420249613312466,0.17241223811980577,0.11098752687025559,0.1780850386062752
09505800,0.02,-0.2825004803830029,0.4107469182143188,0.1856951810969007,0.5440721241820492,0.3306105207367071,0.5620424554353639,0.3148224913112385,0.5583098420555432,0.4427914756053308,0.5573755958078705,0.05727055898459821,0.11815150932838092,0.24119573379533732,0.27018808756990154,0.27018808756990154
09508300,0.02,0.3571791827107853,0.5621639263329574,0.40144348429289,0.5031399334401836,0.519113820772334,0.6153537562370053,0.5031154370832867,0.6127074331787483,0.5080622562932633,0.6115255324552129,0.3991515164362326,0.40354966659766234,0.4037256068926822,0.4098419520467551,0.4098419520467551
09513780,0.02,-1.4863938322782135,0.4196303316631602,-1.2598720072008822,0.4352782611767767,-0.5901212518456147,0.5075731287819567,-0.8597944502831671,0.4860004795504347,-0.583518768164285,0.5056030460700318,-1.2618059582724594,-1.2607249448172175,-1.259108784044495,-1.258634752309515,-1.258634752309515
10234500,0.02,-1.3334358911366864,0.3117133219366288,0.7735647190648653,0.931627229470331,0.9285080153022136,0.9678576011458292,0.8876670598543006,0.9553775262614024,0.9255566081564756,0.9580464177614364,0.5743144050304392,0.6873730218101055,0.8370253709874954,0.8876822883345188,0.8876822883345188
10244950,0.0216897163120567,0.3166573061046549,0.489201838804597,0.9086547503404788,0.9815125720666108,0.9793115974033544,0.9915019216221564,0.985220088729243,0.9935377491582272,0.9840758701178278,0.9923714810382308,0.8616326477945389,0.8913309784496898,0.9175031912898425,0.9239991391300795,0.9239991391300795
10259000,0.02,-0.3626990032259112,0.5282966913956433,-0.1413869938336398,0.7418361185497537,-0.1032604417412623,0.7503809723077072,-0.1182764189484664,0.751949183232123,-0.0827674238443401,0.7479779023796571,-0.1049154862638153,-0.11600756597959339,-0.19964738625865053,-0.4275476959789448,-0.1049154862638153
10336660,0.0422818456375838,0.6790188402632222,0.6549839930527264,0.7397837743689941,0.7733437049977739,0.8120233192658286,0.8458903894320605,0.8156636459368584,0.8441630325460632,0.8044265156491271,0.834014320053464,0.7805516451006456,0.7628292711982226,0.7179122064783354,0.7009285360508903,0.7805516451006456
10343500,0.0203883333333333,-0.7599564314732732,0.1382111846179143,0.2582064651134473,0.6955200518427742,0.6465646862705641,0.8004722545320232,0.4302154078269669,0.7394063748085552,0.7348045712149751,0.832388547581647,0.22325073582422983,0.2433077626548351,0.31095662103917865,0.3760605133378113,0.3760605133378113
11124500,0.02,-0.6498858637388187,0.2311470002162061,0.2806715575622464,0.5848540578163133,0.5176181725116316,0.6528814992498287,0.5254399605334855,0.6589471173872212,0.5026520396539654,0.6553788941983761,0.16261791774483347,0.20482719401252347,0.38068426263270816,-0.05834619228352489,0.38068426263270816
11143000,0.0243422601774313,0.8404172563966357,0.7308461430898991,0.885372180136933,0.8352323850806436,0.9091961955965138,0.9100510503006,0.9062224409920624,0.9018886220661436,0.8978181404950076,0.8855151689656642,0.9157446393710656,0.909560346336832,0.8646573001321196,0.8238369080642474,0.9157446393710656
11151300,0.02,0.5778633684616591,0.5398535872020278,0.5753589156883958,0.5133324532248136,0.5957709074958404,0.5443584159654786,0.6058210468634597,0.5578122009109692,0.5996481161993534,0.5382339940630447,0.5776456445245055,0.5771761641478355,0.5698984458848568,0.5532684961495571,0.5776456445245055
11176400,0.02,0.221567932520094,0.2403074396851321,-0.5500194332910351,0.0446392801764305,0.5858098318463509,0.5652553821270634,0.5460817697901582,0.534237792221623,0.5358364766493575,0.5336402685593429,0.3417750585372843,0.18859190627127054,-1.6393804228324655,-0.909214397066626,0.3417750585372843
11230500,0.0361041835755921,0.4745582312496442,0.5597767129769722,0.9540703582725326,0.8401664118597242,0.9635985025114354,0.907764321353724,0.948215962152819,0.9001107485314924,0.930843077306574,0.8827568186987855,0.9344420415753626,0.9472495864046436,0.9566515299170998,0.9575112857034277,0.9575112857034277
11237500,0.02,0.4605095561548237,0.4905903235690095,0.8927585249430773,0.880492767995205,0.9187065944875168,0.9050572122765588,0.8878469147965062,0.8936249070553279,0.8152647071718421,0.8732602444030699,0.894913428663757,0.9007279380850298,0.8838306378717682,0.8317871458182483,0.9007279380850298
11284400,0.02,0.7906154619017214,0.5482537244507255,-0.0899838621243425,0.14560497286062,0.8317910841666853,0.6373918788934227,0.8243459184935059,0.6327058131493034,0.8309000667697658,0.628225196497552,0.8193681442290611,0.6959666802502069,-0.1688123148986922,-0.363051906007976,0.8193681442290611
11468500,0.02,0.8438143035057616,0.7862305578380673,0.848212958697174,0.7570428783772701,0.8450099603339861,0.8112925679758118,0.8506231799831752,0.8173315114635411,0.8211098871387561,0.7964369014969792,0.8466086591205814,0.8481761419210266,0.839174475179276,0.792378774217676,0.848212958697174
11475560,0.0510011911852293,0.816918782841342,0.7927901631535771,0.7557615037793516,0.8040065268833614,0.8474877902768803,0.8607577098534074,0.8422489826917503,0.8505339726744692,0.8427304609993795,0.85022071455512,0.8240516522089867,0.8092919850264634,0.670888025371821,0.6023333889879812,0.8240516522089867
11478500,0.0440266606100842,0.853961998162443,0.8259631541680001,0.839549276870871,0.7813026356709654,0.8888123451982484,0.8658796478140618,0.8824390024655685,0.8611456185209324,0.8783739936229313,0.8575758838355794,0.8790606874905695,0.8706075129340312,0.7786050562316291,0.6329079998170298,0.8790606874905695
11523200,0.052389721627409,0.7036354923657937,0.6824196954775548,0.7663372072501102,0.7747246096984522,0.7731250148303379,0.7850260627719101,0.7773937650696308,0.7901902588088489,0.7789821814592636,0.7828525178360225,0.7784371528403398,0.7870029997656194,0.6772006915709106,0.5351782512661294,0.7870029997656194
11528700,0.02631842147792,0.8088216425407071,0.5781133758082316,0.861024946800301,0.752548961610095,0.9367991453705512,0.8327871312754289,0.920834914389566,0.808510865044548,0.9123603149845786,0.8086667167831947,0.914663663037335,0.9038686037472314,0.7821192472938652,0.6685656257358006,0.914663663037335
11532500,0.1651264290603057,0.789013727743654,0.7892283383014755,0.7837218258590687,0.8069534073803188,0.823048306942405,0.8466226533488067,0.8264341684295874,0.8472554456105432,0.8284812736806394,0.8451746701553827,0.8111163329367335,0.8054187622380911,0.722786908717411,0.5754217711843255,0.8111163329367335
12010000,0.3639442256294838,0.9028948117987654,0.9054857673229936,0.90749482777075,0.9135495947481436,0.9110226869158752,0.9190673481461896,0.9114157337348858,0.9186426757021612,0.9098056651467968,0.916152949652383,0.9053079118183585,0.9068862497592773,0.903634562922948,0.9019219922705187,0.90749482777075
12013500,0.2075723000384968,0.8342823616353543,0.8402373646235661,0.8582656791380706,0.8598622212522192,0.8797898264940014,0.8818563439220158,0.878919411962445,0.8808778896890591,0.8775714676012689,0.8858052873299271,0.8576369253793892,0.8571847058331619,0.8583897045837909,0.8590383025687994,0.8590383025687994
12020000,0.2004046631772143,0.7913688754882034,0.7967322509964816,0.7907767883443432,0.8129823290605593,0.8026129469274261,0.8284882680553679,0.8069804116575564,0.8292218091888905,0.8090983865047899,0.8283423606572262,0.7975239678462968,0.7978888513718246,0.7806964670315717,0.7791160783354306,0.7978888513718246
12040500,0.5080114266888612,0.7524274748016727,0.7579477993460844,0.7601856709293018,0.7688053721785314,0.7753720845099996,0.7787047637194204,0.776086972355524,0.7780953987084505,0.7770501769013206,0.7787493607549607,0.7557051481789558,0.7593193305034804,0.7456081033438564,0.7212972445282462,0.7601856709293018
12041200,0.6267593778591035,0.5304421564032453,0.5943403222793804,0.5884733922833617,0.6349499973713513,0.6360215458320476,0.6725896901381874,0.6392973513550937,0.6758168980481631,0.648645891460123,0.6837200792300961,0.5495100804978942,0.5674903134592993,0.5925551409572898,0.5789110431790632,0.5925551409572898
12048000,0.1709557294881608,-0.0462519300192441,0.0517682314764837,0.4991879774052422,0.5610071021402435,0.6089113088693993,0.6533272928581657,0.6426879547892341,0.6754559659494003,0.6193614452202729,0.6640729416545288,0.3541050190712066,0.4221841276672955,0.5676986327122164,0.6165760715841477,0.6165760715841477
12054000,0.3919006290773532,0.4857424397195702,0.4808489392340327,0.5977383375085079,0.6181219244191692,0.6518957884950402,0.6439281606054721,0.6522881098902071,0.6476213340650594,0.6258156390446663,0.635557751511368,0.556864618926838,0.5742157208479306,0.613877474362797,0.6187787764485473,0.6187787764485473
12056500,0.531037218479962,0.5550650446858867,0.5752604145006265,0.5997142935740793,0.6428538220280454,0.600806554811505,0.6461377396097272,0.5942688048041026,0.6456687024239429,0.5916292021984864,0.6415400560712072,0.5973041339943594,0.6025340869738673,0.6014553356243181,0.5879767434579635,0.6025340869738673
12073500,0.0858730057434588,0.5872635990424625,0.6924782163986447,0.8540652959783381,0.8608584819393172,0.8824161253650888,0.8807198206430075,0.8860128131355404,0.884610179445888,0.8772369944519721,0.8778770205429309,0.8562711493822529,0.8588595991177084,0.8592121865806233,0.8548157934300876,0.8592121865806233
12082500,0.3918055142857143,0.61216789988235,0.5921785652013174,0.7877349204234101,0.7761377423862799,0.8269986380028269,0.8194266849978242,0.8364545087564329,0.8330073126765927,0.8174071518108137,0.8301409921066649,0.7389323425905749,0.7627812575630435,0.801357093873772,0.8173863285215244,0.8173863285215244
12092000,0.4342085270674195,0.4231948720100078,0.3340408611146587,0.6950588705784508,0.659737861221634,0.7458314262698197,0.7270565612749221,0.7630100441231942,0.7492165530909152,0.766403752312948,0.7531479856627301,0.6392321887135946,0.6701427684239302,0.7182115525743844,0.7415811972860913,0.7415811972860913
12114500,0.42271484375,0.6561694763388024,0.6197315154740743,0.8447939929576963,0.8072185516785302,0.8704036673168488,0.8503393132664547,0.8765285001513867,0.8592867130902657,0.8658658636575163,0.8516918199422783,0.780278744546177,0.8173063872805681,0.8587951681786581,0.8654081753646148,0.8654081753646148
12115000,0.4164931906614786,0.7532014551466867,0.6895656972942532,0.868448932213162,0.8350720540111055,0.889079542591593,0.8648888758075357,0.8939848007775844,0.8719535160981984,0.8818483155871223,0.8647330212140414,0.819783581235148,0.8455321938510618,0.8817717494576991,0.8924237966648754,0.8924237966648754
12117000,0.4145855072463769,0.7984729842641156,0.7835048910490229,0.862158709007283,0.843028484005529,0.8650436093200481,0.8639294927632026,0.8689461596406752,0.8683303552295305,0.868384109981691,0.8648272690192713,0.8392883459468832,0.8518359678479878,0.8659531091771784,0.8601886271180857,0.8659531091771784
12145500,0.2013535072170169,0.8917243727469495,0.8904440677034021,0.915963982366578,0.9116860781010514,0.9262031164847389,0.916849559604664,0.9233362356851618,0.9145355729885146,0.92089643983219,0.9135054936525624,0.9031533555009096,0.9101152971232571,0.9159036433931182,0.90828001031851,0.915963982366578
12147500,0.6444052871999223,0.5898201628504385,0.5913188261480322,0.7124099661201969,0.7183815820262048,0.7180468399665061,0.7259455254831809,0.708267242374063,0.7155820249275318,0.7159104640136886,0.7235280813885862,0.6761826979053138,0.7028459105048913,0.7095267902582378,0.6976208327784454,0.7124099661201969
12167000,0.4472760511882998,0.6705641306160937,0.6488172175655078,0.7772256768216168,0.7341193226293794,0.7916189897470608,0.7584108797230501,0.7977656078929644,0.7661115598804754,0.80527652341766,0.773054565174248,0.7310798632690009,0.7596512511246264,0.7867123903812498,0.7882455770559093,0.7882455770559093
12175500,0.3962702140092032,0.6221596645561691,0.5440583622777653,0.7877951357128649,0.7183903569467402,0.8458163653069662,0.7620258115149796,0.8551102626202537,0.7765791714549476,0.8421470458422988,0.7654028369187977,0.7204132843321424,0.7517930940626923,0.8162281131683977,0.8376131353659012,0.8376131353659012
12186000,0.489086662985644,0.6069633847795632,0.5369233857846876,0.7399694846479823,0.7030006157593743,0.7944076617180594,0.7419145553140956,0.813888800996084,0.7517802873548523,0.7635162887028175,0.7185764959440577,0.6745092441503981,0.7068857257127295,0.7636164145815244,0.789120521054163,0.789120521054163
12189500,0.4417626069896299,0.5693394636247917,0.480455323557999,0.7255368524238618,0.7014189790000409,0.7980606944043612,0.768188684210033,0.82123182298447,0.7872332630461505,0.7710883104275269,0.7442987937999431,0.6500403270988032,0.6886116663972062,0.757187826401718,0.782527102236019,0.782527102236019
12390700,0.0629561278523275,-0.1026292051976065,-0.1399253770471251,0.9076277881578638,0.9095911453632752,0.9528721120998572,0.9501383156559432,0.9349605219083936,0.93550801692578,0.9137712568300376,0.9132617308269833,0.7886820143063291,0.8585440379741,0.9357628361225707,0.9544162107834079,0.9544162107834079
12411000,0.0796749780974777,0.686303835204578,0.5701790438663528,0.93040630718316,0.8951534449872072,0.942622114927596,0.923074894615404,0.9383837864306492,0.9179689059350442,0.9387141168651324,0.9110419674445722,0.8702867119370186,0.9070663654583624,0.9448565690578548,0.9554156939327787,0.9554156939327787
12447390,0.0221078313253012,0.3046908411693109,0.337865467301414,0.9416169303098012,0.954764601955675,0.9407754481111764,0.9542505183853024,0.9119007559409474,0.9361555263483612,0.900597431898275,0.9192788241152472,0.8955638967301733,0.9271209676877005,0.9458881540554653,0.9493756500770343,0.9493756500770343
12451000,0.2371193113411991,0.7013018879728152,0.6571862965785509,0.8764772985572005,0.876702401685831,0.9073140413001406,0.9041829046501824,0.9095079884580626,0.9109928132465338,0.8700600038067333,0.8921822880039358,0.8125800953747614,0.8454633090818462,0.8986586773322923,0.9141367582705231,0.9141367582705231
12488500,0.1281910123312375,0.2310836138232654,0.391872711418867,0.928269889345306,0.9241581428720044,0.9530357099845332,0.9414888216783986,0.943003787151341,0.9356602725016482,0.933407294708532,0.927158019822992,0.8668177377766555,0.9013570932747059,0.9450817336386013,0.955644670798528,0.955644670798528
13011500,0.0351175014848544,0.6108617615858527,0.6588606960313261,0.9092068801020556,0.9387454604659669,0.9293412022048726,0.946425340540618,0.9086520809364032,0.932515999135526,0.910440708793459,0.9119765198877066,0.8811300380917296,0.8945711229064532,0.9223829382715854,0.936700509458438,0.936700509458438
13011900,0.0517008687485325,0.5356956963745776,0.6074205127789756,0.9433870126500662,0.9481970313524308,0.9601482986689404,0.9586744253440664,0.944851232765336,0.9470136474970634,0.9320520585061822,0.9337969436672752,0.9076085214507166,0.9284853953137345,0.951818096765556,0.9589297340527282,0.9589297340527282
13018300,0.0377074551971326,0.6180487723169555,0.6627345966270191,0.9245288220760928,0.9202710706851098,0.9647324808277268,0.9706613251559556,0.9592961772142076,0.9664731080882896,0.9265026584199818,0.9309277964115698,0.8974187889835903,0.9011099218207244,0.9415547019357402,0.9562768594270281,0.9562768594270281
13023000,0.0530619916862461,0.378691426573598,0.4666535103951033,0.9273160372592288,0.9352137348558548,0.9631092507667114,0.964473162198355,0.9380278885548682,0.9447804707891152,0.944078561231428,0.9426296247687438,0.8609135192570685,0.8956251288307475,0.9456706051104345,0.9558847978463686,0.9558847978463686
13235000,0.0639397539609535,0.2295507203366087,0.3273301551706175,0.9621013266818192,0.9656611515008056,0.9709016394033284,0.9727045207707004,0.9522920208267018,0.9600368527986364,0.9209496657171732,0.9468128514539224,0.8505436086100984,0.9265351543224577,0.974618482793383,0.9811206576473518,0.9811206576473518
13240000,0.044813092299116,0.8049102922041146,0.797115785149326,0.9437820799442626,0.9385242874427032,0.944943580875686,0.9430845881826008,0.9320316134373076,0.9325695686089188,0.9125857711960486,0.918167956606456,0.9280385631980179,0.9388468937300006,0.9431936163293654,0.9390581956016192,0.9437820799442626
13313000,0.0313476883653059,-0.7938629627718428,-0.6444766774629156,0.7602987536070535,0.8042804783424093,0.844779137843092,0.8500756595767415,0.7248718191315406,0.7638068318351047,0.7743769038772366,0.8385439795704497,0.6870445990244305,0.7215348787583116,0.7940308274079966,0.8127774348277514,0.8127774348277514
13331500,0.0650260449485402,0.5734495938948923,0.6266151386571694,0.8789163178649939,0.9026167138963096,0.939768711104132,0.9420130116782024,0.9215490861475863,0.929343397069633,0.8849857092947019,0.9061826364149392,0.8062995556794488,0.8432936582572175,0.9236628549994036,0.9435178324477741,0.9435178324477741
14020000,0.0687911431332923,0.0829052247967769,0.1578274279029282,0.7111183118805644,0.6723066383209151,0.7962925393623481,0.7631995988540965,0.7554084635262961,0.736147335141007,0.7375166146762304,0.7117965567825639,0.5229047345827762,0.6107595992171395,0.7602017158103038,0.7247173265235465,0.7602017158103038
14138800,0.310278064819164,0.612151192965935,0.6363165784264642,0.6884926026290801,0.7184064007982027,0.7123757900480909,0.7464707355456969,0.720161956620955,0.7513790345405809,0.7228364512679908,0.7515690804899342,0.657965253802919,0.6743285645120868,0.6949231060917117,0.6771252496524545,0.6949231060917117
14138870,0.4013680456490728,0.675449176657082,0.6937784566324907,0.7019360153032576,0.7367626214071639,0.7267383357259893,0.7599128209892582,0.7328407258377507,0.7636116741780428,0.7307244892570637,0.7624962260864081,0.6900367984438719,0.6979927112444925,0.704029857627656,0.7012641866903301,0.704029857627656
14139800,0.4748928746928746,0.6793654390767151,0.6952865664681117,0.7156333895876552,0.731201320751077,0.7565630343858103,0.7691224532229682,0.7669213379103877,0.7754159253094373,0.757569394360748,0.7663138340812132,0.6888420918024356,0.700170753686771,0.7224637667562432,0.7305578207857953,0.7305578207857953
14141500,0.3984357775179556,0.6602893346670675,0.690853315105229,0.6911933655389666,0.735886307457943,0.7249544245319709,0.7638055950169907,0.728072626342176,0.7656099648299065,0.7226521264385674,0.761729376314096,0.67657377970635,0.6862040049297125,0.6960826142644274,0.696930456844995,0.696930456844995
14154500,0.1114104350688539,0.660851522063999,0.6953426669502019,0.7452737948763384,0.757622489647612,0.772328069931723,0.7726582714990036,0.7742920872605858,0.7767686372290717,0.776265135300796,0.7779651552876804,0.7270414574974475,0.7417304974800657,0.7329555171875904,0.696921797767383,0.7452737948763384
14166500,0.0907268232385661,0.6392417707180602,0.6684325537249669,0.8599921367979284,0.8569760007114332,0.8848558350834538,0.8867725350009011,0.8672574629943682,0.8720248892609881,0.8438002008343253,0.850026844067284,0.7962361970323947,0.8322672432355905,0.8771723634356534,0.8856094864742259,0.8856094864742259
14182500,0.3454324559874499,0.7486798872840943,0.762238869639065,0.7944086560599631,0.801878248803942,0.8107732232581113,0.8121217092679243,0.816907638319643,0.8143170801013074,0.8186686038279374,0.817364896018991,0.7750166680678154,0.785932041576823,0.8000690888396543,0.7835182373677769,0.8000690888396543
14185000,0.2450978654677201,0.7915086874594506,0.8012371553868682,0.8568973409542402,0.8671211751007568,0.8749736995902662,0.8849356485245645,0.8730918626225638,0.8824823240365655,0.8707991339121276,0.8780481079444693,0.8349932159141965,0.8461523442581287,0.8620150512851081,0.8636912787884443,0.8636912787884443
14185900,0.306061890007746,0.7706932868480909,0.7574342081266722,0.8321360070558528,0.8169064218125096,0.8476008559420909,0.8442184247766272,0.8510944300563238,0.8448951263678455,0.8439143293424655,0.8378434849249943,0.7968439555916895,0.8144342497053898,0.8420252891816169,0.8326372769384984,0.8420252891816169
14236200,0.3585283248843458,0.8064090108593486,0.7174392239258104,0.8657903763764914,0.8195962986986272,0.8785072624224038,0.8436066827871702,0.8842905348613516,0.8521237642774689,0.8835865582005182,0.8493054618660796,0.8297815930596966,0.8482697828229586,0.8744651093863574,0.8792792348959197,0.8792792348959197
14301000,0.1431301834199387,0.8918103190490454,0.8842019100938854,0.8951323718244955,0.9071896912621606,0.9324485013734112,0.9319912514340204,0.932239513022556,0.9314188986823556,0.9426283077070664,0.9495081824475264,0.9039931301936841,0.8980425312213832,0.9021108744691198,0.9106240381773765,0.9106240381773765
14305500,0.3239944901487659,0.865545481185576,0.8587910222936015,0.90359554824997,0.8974661652950205,0.913582808752494,0.907750719619685,0.9083408310278716,0.9046365586714116,0.9023245124826024,0.8994919639786099,0.8864876701154043,0.896198988989945,0.9050234971576965,0.8966268611780721,0.9050234971576965
14306500,0.1776807713845723,0.759004730192115,0.7734193119019567,0.817155747506733,0.8227472381187226,0.8339078579218396,0.8380088612524201,0.8371963179280449,0.8429441723978323,0.8354696034637936,0.843179318156275,0.8219631385096153,0.8251012365533664,0.8092860026609227,0.7742153924340757,0.8251012365533664
14309500,0.0641781077716521,0.6368011403058289,0.7357135046822464,0.7706353925805732,0.7889215798885022,0.8079803066795805,0.824414187152282,0.7960533494448008,0.8252329933895489,0.7941214186283126,0.8201348883628271,0.7758162559275699,0.7820231712454095,0.75060505675004,0.7065799678080934,0.7820231712454095
14325000,0.1270043108312456,0.691201761751203,0.7185425600266303,0.7126338035438547,0.7390564745092081,0.7493524628757975,0.7614092595968862,0.7545317367994988,0.7679910837204261,0.724934683679475,0.7290599616315776,0.7058780429546536,0.7055473774773687,0.712839432351454,0.6660763281888183,0.712839432351454
14400000,0.2198921053755177,0.8236360409936435,0.7949811708323653,0.8354673830642976,0.8086467089298504,0.8496609257087971,0.8398922473891546,0.8501115774021597,0.8410306802047803,0.8507743674899965,0.8392884524041461,0.8361797328690077,0.8391677058504651,0.8067435849393882,0.6606301466255292,0.8391677058504651

=== END FILE ===
extra json count: 391
=== LOG TAIL ===
   "verdict": "confirmed_vs_391_best_single_cell"
  },
  "card_selected_noleak vs best_per_basin_cell": {
   "n_paired": 385,
   "gain_median": 0.01403017819939123,
   "n_improved": 252,
   "verdict": "reported_only"
  }
 }
}
=== DONE ===
2026-09-02 18:16:18 +0800
err bytes: 0
=== SHA256 ===
dddb7bf1c281b3cdbcbab40ab1ba6a7268159d5128a849e0e5a7c68f06fe44f6  results/23_camels_switch_confirmation/noise_axis_391_global_card_confirmation_20260901_local/extra_cells_summary.json
030af656c9032fdc81270e30c4c32ee1356985047744d05ff42f2061aed26e3b  results/23_camels_switch_confirmation/noise_axis_391_global_card_confirmation_20260901_local/extra_cells_per_basin.csv
=== DONE ===
### ---------- end ----------
### exit_code=0
### finished=2026-09-02T18:17:47+0800
