### channel=id29-transferable-noise seq=14
### host=login4
### started=2026-09-03T04:52:17+0800
### ---------- output ----------
=== SETTLE EXIT DIAGNOSTIC ===
exit=1
--- stderr ---
Traceback (most recent call last):
  File "/data1/home/sunyiq/id29_transferable_noise_20260902/src/camels_switch_confirmation/scripts/run_noise_axis_training_length.py", line 30, in <module>
    import numpy as np
ModuleNotFoundError: No module named 'numpy'
=== BUILD TABLES ===
L2 tables written; learn 46 borrow 46 donors 46
L3 tables written; learn 46 borrow 46 donors 46
=== FILE results/23_camels_switch_confirmation/noise_axis_training_length_20260902_hpc/summary.json ===
{
 "preregistration": "docs/plans/2026-09-02-noise-axis-training-length-sensitivity-prereg-v01.md",
 "n_frozen_basins": 46,
 "train_days": {
  "L1": 840,
  "L2": 1826,
  "L3": 3652
 },
 "lengths": {
  "L1": {
   "n_basins": 46,
   "own_gain_median": 0.023890210130350586,
   "own_wins_vs_m1c0": 38,
   "borrowed_gain_median": 0.041847112962676736,
   "borrowed_wins_vs_m1c0": 36,
   "oracle_gain_median": 0.05498027651575149,
   "headroom": 0.013133163553074756,
   "gap_own_minus_borrowed_median": 0.0005638346318141418,
   "gap_own_wins": 24,
   "gap_own_losses": 22,
   "median_m1c0_nse": 0.7046707693263612,
   "median_own_nse": 0.7536704839261921,
   "median_borrowed_nse": 0.7806601715838893,
   "source": "registered step-2 / transfer artefacts, restricted to the frozen basin set"
  },
  "L2": {
   "n_basins": 46,
   "own_gain_median": 0.03104872456889618,
   "own_wins_vs_m1c0": 42,
   "borrowed_gain_median": 0.02567562335193302,
   "borrowed_wins_vs_m1c0": 33,
   "oracle_gain_median": 0.05089467707632883,
   "headroom": 0.025219053724395812,
   "gap_own_minus_borrowed_median": 0.008204227175234724,
   "gap_own_wins": 28,
   "gap_own_losses": 18,
   "e2_donor_top": {
    "14222500": 39,
    "14137000": 4,
    "04233000": 2
   },
   "median_m1c0_nse": 0.7046708444042854,
   "median_own_nse": 0.7678621370995096,
   "median_borrowed_nse": 0.7775585348680665
  },
  "L3": {
   "n_basins": 46,
   "own_gain_median": 0.038041259641142244,
   "own_wins_vs_m1c0": 40,
   "borrowed_gain_median": 0.03630286222340873,
   "borrowed_wins_vs_m1c0": 37,
   "oracle_gain_median": 0.060120391618722846,
   "headroom": 0.02381752939531412,
   "gap_own_minus_borrowed_median": 0.0045219471657552135,
   "gap_own_wins": 25,
   "gap_own_losses": 21,
   "e2_donor_top": {
    "02014000": 44,
    "14222500": 2
   },
   "median_m1c0_nse": 0.7046708473542933,
   "median_own_nse": 0.779813431985594,
   "median_borrowed_nse": 0.7608970631898786
  }
 },
 "gap_curve": {
  "L1": 0.0005638346318141418,
  "L2": 0.008204227175234724,
  "L3": 0.0045219471657552135
 },
 "verdict": "B_zero_premium_holds_at_ten_years"
}
=== END FILE ===
=== FILE results/23_camels_switch_confirmation/noise_axis_training_length_20260902_hpc/L2_learn_per_basin.csv ===
basin_id,status,winner_anchor,train_objective,own_nse_holdout,m1c0_nse_holdout,anchor_objective_relative_iqr,exact_boundary,outer_5pct,rho_SNOWPACK,rho_MELTWATER,rho_SM,rho_SUZ,rho_SLZ,rho_ROUTING,share_SNOWPACK,share_MELTWATER,share_SM,share_SUZ,share_SLZ,share_ROUTING
01144000,success,uniform,1.0800583024907573,0.7354588706236178,0.6550340268048221,0.06539293606423667,0,1,0.03923260906659397,0.12396066204293162,0.00012198776640110707,0.0005064137654418188,0.11112085715112435,0.19269894573407176,0.08587245645481058,0.006052723621679739,0.00010387014674796711,3.936786550515717e-08,0.889544733774374,0.01842617663452226
01435000,success,near_m1c0,4.5758803466525375,0.6386958732948417,0.6382193470147186,0.03886480043895424,1,2,0.0002117344780800341,0.025254624517562996,0.00010000000000000009,0.00010284013284910244,0.01593453891742754,0.0008103327459258223,7.969698147129823e-05,3.3636870497379206e-07,0.008890416491506377,6.839103879240765e-08,0.9909635529561373,6.592881114140897e-05
01510000,success,large_q,0.9300474932986672,0.7998478419330344,0.6990424639833779,0.041377891740910375,1,1,0.027615503444031523,1.0,0.0015717921185458023,0.015372035862645675,0.2192154287712879,0.14552705229470028,0.00960954360330067,7.024468570434454e-06,0.026352506690052045,1.1954492960622162e-07,0.9537829290418199,0.010247876651327276
01552500,success,routing_heavy,3.5436005191521014,0.6216010943324499,0.5745984684367822,0.021288660621713775,1,1,0.008546676829821076,0.004625722964596016,0.00010000000000000009,0.0007324170345499963,0.02469386565462287,0.02505614052941045,0.05924844756207281,2.445381036890816e-08,0.004541518255355787,9.913397061969913e-08,0.9001543370179405,0.036055573576850075
01568000,success,routing_heavy,1.242375456555051,0.45953932644466156,0.3103284567916733,0.01529336159655238,1,2,0.04313390892585905,0.00011225254903102074,0.00010000000000000009,0.0004522284773227879,0.04749954022455885,0.08429514909726808,0.03752186220481519,3.670011962094025e-12,0.0010861765726438806,3.1618643005009876e-07,0.9253206847002478,0.03607096033219308
01667500,success,routing_heavy,0.6229412860235296,0.6639140321583555,0.6283809618749159,0.002177028155962003,3,4,0.00010000000000000009,0.00014223243584562123,0.00010000000000000009,0.00010000000000000009,0.027422129892517726,0.022188658386454507,3.88528801019046e-11,5.730358520788719e-16,5.691062551348085e-07,1.0371349126877002e-10,0.9999986664041073,7.643470705885402e-07
02014000,success,routing_heavy,0.5408818836108551,0.7625220857521207,0.761560689153298,0.007204580311219757,1,2,0.00011722198232273752,0.0022901538569672355,0.00010000000000000009,0.002201685116832305,0.049535264530095345,0.05896953036524031,6.0657320502965424e-12,3.3299740735839264e-14,9.054943889169341e-08,8.379810126999672e-09,0.9999988479871298,1.0530775221801695e-06
02017500,success,suz_heavy,0.5324543139033616,0.8269092863519064,0.8251929804631486,0.09867745280217192,2,3,0.0015785063307283181,0.00010000000000000009,0.00010000000000000009,0.0027669802913303084,0.03366365660974649,0.00012204004359176705,0.00011623065631351782,6.1853212665035865e-12,0.0013879127796730228,8.843312020918061e-05,0.998406889322391,5.341152279674503e-07
02027000,success,uniform,1.017113177462858,0.6884202245334607,0.6194627696396747,0.07411437548685372,0,0,0.00045126194389917014,0.047589626323417906,0.0024510636521068887,0.024010878968857393,0.07673237872038616,0.002283783852963323,6.815013905718622e-07,7.819020275574028e-06,0.026984796580335816,0.0007697226910636648,0.9722242493686458,1.2730838288460822e-05
02028500,success,routing_heavy,1.1932919102916024,0.5784094776555753,0.5458117307254864,0.0408794916527795,2,2,0.007546314431927652,0.00010000000000000009,0.00010000000000000009,0.0034967006912899317,0.09267998820728694,0.15294775387884546,0.00011973551946289763,3.655788099872712e-11,0.00018780981748500888,7.533851638838248e-06,0.9783868225982923,0.021298098176563033
02046000,success,uniform,0.3877002999895206,0.8689706472016715,0.6714861672081958,0.0560091788770206,1,1,0.14772451963276442,0.01166926013913937,0.0008727266020025976,1.0,0.05470708535655099,0.1728515652489492,6.184407810903541e-06,3.838788067793116e-13,1.4766124385471704e-06,0.00013285174161248813,0.9998572139172388,2.273320515481201e-06
02202600,success,small_q,0.5188898805574481,0.834031909597748,0.8052032765820927,0.024188577988645977,0,0,0.00046788310731305015,0.020878007601661693,0.001754517949244099,0.0009747157843144431,0.0025266127495381764,0.055979165330248805,1.681027565817733e-11,6.788469267716245e-10,0.00893290082604847,9.714198808249652e-07,0.9908067800200643,0.0002593470383492117
02221525,success,uniform,0.36816197255711924,0.7548733759351378,0.7366713614664876,0.1073761020816575,0,0,0.03019129720409395,0.0050962691610087095,0.0002682412212247254,0.004064406293319941,0.03525415509569898,0.2016393171900373,1.4918250578120962e-09,4.932078797000643e-13,7.833128601365084e-08,4.0696888360668435e-09,0.9999967173846614,3.1987220453808423e-06
02349900,success,uniform,0.2134397388654697,0.5878893807577661,0.5696936528160483,0.05487012276246214,0,0,0.29685901614187976,0.02064183773586951,0.0004729564686052076,0.00020367227584225855,0.16880777234282845,0.1256155977877118,7.086770801274294e-09,1.0337010893039742e-13,1.6691960876744926e-08,9.012142457231646e-13,0.9999999174719558,5.874830790140578e-08
02371500,success,near_m1c0,0.5167795770276412,0.8701146620533498,0.7725837734855716,0.05105989220831094,2,2,0.00010000000000000009,0.059290288056620365,0.0012244650249042578,0.0004762103366045084,1.0,0.04800566376429802,2.5745513421070585e-16,2.1115772631642536e-14,1.0536631636048358e-08,2.3028732143396255e-12,0.9999999878306751,1.630368920762172e-09
02430085,success,snow_heavy,6.020868205878182,0.606719551227147,0.6524782918058354,0.046943889959398945,1,1,0.001859262774423614,0.17125237867040774,0.0005591278895073218,0.00025381411128025253,0.006954184703504174,0.00010000000000000009,1.3077914741050511e-08,3.842144518355041e-08,1.1393541548201569e-05,6.345410375937316e-10,0.9999885537726388,5.519118798407694e-10
03241500,success,routing_heavy,0.6952950638686997,0.7732021884468985,0.5562151469458105,0.03658083500145606,1,1,0.00010000000000000009,0.0001935945877202984,0.001912153097189346,0.0008594785236763987,0.06704474093053069,0.06554392572350773,6.952916262807795e-13,8.213327028951203e-16,2.471696120980805e-06,5.524536245199389e-10,0.9999968317973625,6.959533668237197e-07
03384450,success,near_m1c0,7.648422049632516,0.2388175001578141,0.2624074268545714,0.08098159497653609,1,1,0.0005139001245875599,0.003153742593532665,0.00010000000000000009,0.007680316610630495,0.0010658429820208247,0.0047947099796414325,3.3244864956578534e-08,9.94544766629535e-10,1.685539426840302e-05,1.3924059962602113e-09,0.9999597121666447,2.3396807271212738e-05
03473000,success,small_q,0.7239617114008217,0.7573516745215767,0.4163135495506719,0.008704653541609294,1,1,0.027009392115571743,0.00010000000000000009,0.0005348342195626072,0.1648612952169371,0.007339901161563445,0.20748344754707485,1.8872622203251024e-05,2.730433014037644e-13,3.029546677171099e-05,0.020087789499965356,0.9790399462827657,0.0008230961280209597
04015330,success,near_m1c0,1.2764634396101087,0.8707073119135031,0.8507177618078439,0.15627335295642777,3,3,0.00010000000000000009,0.024146805703934057,0.00010000000000000009,0.00010000000000000009,0.0949490719473427,0.14601472811913327,6.044312737275718e-06,0.00010982932464244176,0.000648874247951563,8.702951397793614e-09,0.9491054772917372,0.05012976611998021
04196800,success,uniform,0.3689696196860938,0.900010150553803,0.7998003641467945,0.04082703090143623,1,1,0.010170070138201199,0.00010000000000000009,0.0003295642732523445,0.39929591166189976,0.005614192622910103,0.11370024007169496,7.194093033158554e-06,5.849820982447178e-15,3.5946357920593125e-05,0.00555539079870099,0.9941862576622893,0.00021521108805010506
04233000,success,routing_heavy,0.4398442603310399,0.3878230351341334,0.38762090838184804,0.00746348964415326,2,3,0.00010000000000000009,0.003718671879781599,0.00010000000000000009,0.00015655887205252115,0.18107235309590383,0.1421632326710463,3.8897423475979455e-12,1.994689936647704e-14,1.0907685255254551e-08,1.768829776161398e-11,0.9999996583717315,3.306989851737336e-07
05399500,success,routing_heavy,1.2330011073195615,0.20114307853715785,-0.03816450176805475,0.06059737833069385,1,2,0.015312747196086803,1.0,0.0002831415810731401,0.0002444400609695277,0.7146954580297512,0.22554839770204424,1.2428168235566518e-07,4.9815750354414036e-11,8.869169705479374e-10,1.7942902474946314e-13,0.9999997947135355,8.006787000819085e-08
05501000,success,snow_heavy,2.285062934018507,0.7523273133097976,0.7041114496045338,0.02244625110289655,3,3,0.001039724271265918,1.0,0.00010000000000000009,0.00010000000000000009,0.0014689444284808476,0.03742759202258624,7.895165018813345e-07,7.1225035019250895e-06,9.31341339875986e-05,1.2619035537488737e-08,0.9996542463258716,0.000244694901101376
06278300,success,small_q,0.8601833377969241,0.913962759123014,0.7930816603618078,0.0919683848225571,2,2,0.005254789001232827,1.0,0.00010000000000000009,0.37399767498384295,0.09018991884055738,0.03034012959638975,0.10699298513851635,1.1873749148839681e-05,0.00033367420533609226,0.01225739583227162,0.87959006674764,0.0008140043270870949
06892000,success,small_q,0.2277496421367294,0.8054128044289706,0.7740494550267456,0.04501418770071506,1,1,0.0009121017162811802,0.015653782635327868,0.00016298801330444438,0.00023415779548184798,0.020098376469033067,0.00010000000000000009,8.42344211285742e-10,8.89759412212009e-12,6.084383021333253e-07,2.7765238440748128e-11,0.9999993906741141,8.576793547289158e-12
07145700,success,near_m1c0,0.4921180916328383,0.7455608264131691,0.705230239204037,0.007124410778669607,1,2,0.001898173446744335,0.01222280456862349,0.00010000000000000009,0.0001423626448098446,0.004451197388885497,0.022851462697983535,6.16621269096694e-08,1.188588654788295e-10,8.567776918168682e-07,1.3623423824197647e-10,0.9999938287232151,5.252581873045926e-06
07184000,success,routing_heavy,1.3602700320054895,0.8136731175697405,0.8160927930922908,0.006453142905634534,1,2,0.0006750309862385959,0.0006275625811985594,0.00013448897482021472,0.00010000000000000009,0.0009939879809529452,0.0063731544844155994,4.896523638680342e-08,5.100852254044546e-12,0.00010101896236690153,6.798432994123267e-09,0.9998437150266652,5.521024219762627e-05
08271000,success,large_q,0.019285416405026942,0.9916263434758922,0.9723661571631805,0.3292185965805959,0,0,0.05671592722393673,0.2147452531277673,0.03820779407105521,0.026476179692894935,0.24972616266948872,0.002701646802978732,0.08991495809447922,1.1464133878402034e-08,0.13873315077483903,1.0518468279172e-07,0.7713517319122308,4.256963438788233e-08
09505350,success,suz_heavy,0.15704608014679713,0.40771753705219427,0.44326226660891455,0.034723649864795,0,2,0.0004803630994696799,0.00013534263229775576,0.00011985582563298448,0.008389520541049661,0.14560641673973454,0.0613536549907404,1.0579995785475582e-05,2.1083727074316308e-09,0.0012898902962603879,1.4886973062687719e-05,0.997132671541433,0.001551969085085673
09510200,success,large_q,0.28918089798461577,0.7487358931650998,0.7012958728858707,0.033726137658830396,1,1,0.0013046365706149813,0.0002485733491000611,0.00010000000000000009,0.01846059713986504,0.5866278651107883,0.19983342399189832,1.3465719117661655e-08,4.88831948587895e-10,0.006290470648866984,0.1404032093686508,0.002722549794241657,0.8505837562336894
11148900,success,near_m1c0,1.5892989236247157,0.7089983964041504,0.5146962847040273,0.019027012957667393,4,4,0.0004069710344039518,0.00010000000000000009,0.00010000000000000009,0.00010000000000000009,0.0099607523943102,0.00010000000000000009,0.0001878007454731366,9.562016597718338e-10,0.0807453321533793,9.10193999528948e-10,0.9190403466579347,2.6518576817196267e-05
11264500,success,uniform,0.09039050729940716,0.9681111478587499,0.9559172988264925,0.011997283559094206,0,0,0.001162429252076892,0.0008117235291616236,0.0047855500806277,0.05050287675823674,0.14357967784141534,0.0037567182586789377,0.0006205664012852765,1.2650154596109608e-12,0.07498849523257213,8.318316614300469e-05,0.9243064672193005,1.2879794340425206e-06
11266500,success,uniform,0.06563525061260501,0.9606215638540744,0.9565903512576849,0.008633407019522652,1,1,0.005914927885189263,0.09615610410473975,0.01073889494393018,1.0,0.08911079352966313,0.0006638048938110511,0.024189747328792525,0.0004899044609844353,0.19508255048815853,0.032181580418710054,0.7480561483645078,6.893884666256049e-08
11381500,success,near_m1c0,0.37271861384177896,0.5798503522837093,0.5620536736206567,0.002820774052462281,0,0,0.00030265884630363565,0.00594534869121492,0.0002100729203919345,0.005507229486654201,0.018929087369522157,0.001712212163832248,1.830960919355575e-06,1.226672017427606e-05,0.002330042382321685,9.177905833759873e-06,0.9976438868005558,2.7952301949365677e-06
11451100,success,near_m1c0,0.9854879678436951,0.5561147125183685,0.5114524007007537,0.03830554564751032,1,1,0.00010000000000000009,0.0010481405759220472,0.0008955200656624192,0.07075129361405726,0.01873156135232368,0.034273991287407934,2.3240377896519622e-07,4.521397207169081e-08,0.21385312297265227,0.2254188926971855,0.5176243720847227,0.04310333462768849
11476600,success,uniform,2.1043546786847447,0.8335115921617852,0.7977474014280168,0.3150864943612546,3,3,0.00010000000000000009,0.013040758270127824,0.00010000000000000009,0.00010000000000000009,0.020135290811483793,0.0023270435644697795,6.565161277479216e-05,6.67985022691007e-06,0.003722954308880963,1.2803741821697512e-07,0.9951808023371276,0.0010237838535714302
11481200,success,suz_heavy,5.0112726216048165,0.8177959411593432,0.8160218811728766,0.023983684662115624,2,2,0.062498043933224764,0.0011069926153537,0.00010000000000000009,1.0,0.007981142035956408,0.003901834120888132,0.2669142517030225,2.4810474635111185e-07,0.02399324536606958,0.0021885070976228323,0.7019798361377592,0.004923911590779541
11482500,success,suz_heavy,2.5965217968504137,0.8729796604381357,0.8655693527692377,0.014624916367317194,1,1,0.0010852899904674669,0.003478686205468991,0.00010000000000000009,0.03554817507805728,0.06146715315639768,0.18258325852934973,6.152506356648911e-06,3.8301532912613576e-10,0.00024381914708651432,0.0010169899287022876,0.8219254441332233,0.17680759390161588
11522500,success,routing_heavy,0.4662779520326179,0.7622337562029675,0.7365917031937673,0.04576397793528704,1,1,0.00010000000000000009,0.00022975801848551156,0.00017571936570481844,0.006439183030635485,0.1496334237634069,0.20626289208556975,4.0122982142753674e-08,1.2161233671027206e-13,8.130095391362881e-07,6.704976309304631e-06,0.9988643515455808,0.0011280903454669842
12025700,success,near_m1c0,6.80046572013332,0.8877902812735139,0.8616124877160186,0.03838124402488078,1,1,0.39535051536468546,0.026568877288630572,0.0002446208705936335,0.0014135198175249252,0.009279423353923719,0.00010000000000000009,0.8974352772705942,1.2576355250380284e-07,0.0025947433659919417,3.8020005726627687e-06,0.09996504084328688,1.0107560015865378e-06
13161500,success,snow_heavy,0.0010866904541001427,0.9525916199152431,0.3549491259179214,0.049354531263172796,2,2,0.07518332429557195,0.009641304896106135,0.00010000000000000009,0.00010000000000000009,0.10512201848836082,0.0004630813156117267,0.9791961969244726,4.872341799364417e-10,3.211358597118013e-05,5.132734545852351e-10,0.020771687625693706,8.633547541996076e-10
14137000,success,routing_heavy,4.005570532001391,0.8779101224156742,0.8471760226801068,0.04962445185233571,1,1,0.00010000000000000009,0.025709926051769756,0.00029229693967384296,0.0015771612339736496,0.10119690424122643,0.2205906475664447,1.9590727185393996e-07,2.4936351361934307e-10,0.00021385058993582807,1.1712292817406481e-07,0.9954885678704691,0.004297268260031501
14158790,success,snow_heavy,7.172977126902373,0.9059859263320571,0.8786147557622294,0.0619805293033498,1,2,0.0007292575881993306,0.08510821893801364,0.00010000000000000009,0.00012908209419554777,0.0962456748174756,0.10979248086459141,7.478729850497054e-05,4.572418099947624e-08,4.607071721583949e-06,2.4151341435068102e-09,0.9931161657294324,0.00680439176102587
14222500,success,snow_heavy,4.177303464466234,0.9103321275572083,0.8689434245204459,0.025350300825603175,2,2,0.1837988012433654,0.004575571674952783,0.00010000000000000009,0.00010000000000000009,0.1766601549442639,0.14916983523827534,0.055069173309511395,1.4365799868937685e-11,5.4612957201480786e-06,4.090208742902791e-09,0.9366912433997393,0.008234117890454598
14316700,success,large_q,3.3434117154545953,0.825770602595937,0.8120295682513207,0.031028692490962424,1,2,0.008500226346947545,0.6858820685559169,0.0010104363534840731,1.0,0.1028425169872097,0.17938888512553217,0.0012979870613652913,2.2261421052748723e-06,0.003363658077844328,0.10097036314297204,0.8692128960392361,0.025152869536476948

=== END FILE ===
=== FILE results/23_camels_switch_confirmation/noise_axis_training_length_20260902_hpc/L2_m1c0_per_basin.csv ===
basin_id,m1c0_nse_holdout,status
01144000,0.6550340268048221,success
01435000,0.6382193470147186,success
01510000,0.6990424639833779,success
01552500,0.5745984684367822,success
01568000,0.3103284567916733,success
01667500,0.6283809618749159,success
02014000,0.761560689153298,success
02017500,0.8251929804631486,success
02027000,0.6194627696396747,success
02028500,0.5458117307254864,success
02046000,0.6714861672081958,success
02202600,0.8052032765820927,success
02221525,0.7366713614664876,success
02349900,0.5696936528160483,success
02371500,0.7725837734855716,success
02430085,0.6524782918058354,success
03241500,0.5562151469458105,success
03384450,0.2624074268545714,success
03473000,0.4163135495506719,success
04015330,0.8507177618078439,success
04196800,0.7998003641467945,success
04233000,0.38762090838184804,success
05399500,-0.03816450176805475,success
05501000,0.7041114496045338,success
06278300,0.7930816603618078,success
06892000,0.7740494550267456,success
07145700,0.705230239204037,success
07184000,0.8160927930922908,success
08271000,0.9723661571631805,success
09505350,0.44326226660891455,success
09510200,0.7012958728858707,success
11148900,0.5146962847040273,success
11264500,0.9559172988264925,success
11266500,0.9565903512576849,success
11381500,0.5620536736206567,success
11451100,0.5114524007007537,success
11476600,0.7977474014280168,success
11481200,0.8160218811728766,success
11482500,0.8655693527692377,success
11522500,0.7365917031937673,success
12025700,0.8616124877160186,success
13161500,0.3549491259179214,success
14137000,0.8471760226801068,success
14158790,0.8786147557622294,success
14222500,0.8689434245204459,success
14316700,0.8120295682513207,success

=== END FILE ===
=== FILE results/23_camels_switch_confirmation/noise_axis_training_length_20260902_hpc/L2_borrow_matrix_nse_holdout.csv ===
donor,01144000,01435000,01510000,01552500,01568000,01667500,02014000,02017500,02027000,02028500,02046000,02202600,02221525,02349900,02371500,02430085,03241500,03384450,03473000,04015330,04196800,04233000,05399500,05501000,06278300,06892000,07145700,07184000,08271000,09505350,09510200,11148900,11264500,11266500,11381500,11451100,11476600,11481200,11482500,11522500,12025700,13161500,14137000,14158790,14222500,14316700
01144000,0.7354588706236178,0.6371485501155572,0.773062862314188,0.6479506529738892,0.4475798985291257,0.6724881978374009,0.7638949458083959,0.8241388083598972,0.6643880409486271,0.5821759043898393,0.7739754973977169,0.889084864726658,0.7770067283294115,0.6140467564017171,0.890335482189199,0.6339346204402413,0.7136761004547627,0.2163676000374627,0.6765954614402734,0.8600722274882225,0.8837453440021522,0.11962024251032977,0.3996250384558666,0.7733852060250767,0.8557248091175316,0.8251582378847813,0.7563889979556072,0.8076517523917419,0.9837563862032537,0.49400777731343226,0.747575555892631,0.7047757991858314,0.9524223425861249,0.9525054906679677,0.5778981670125222,0.6059888157125969,0.8290289972606452,0.8294428483667122,0.882162113442157,0.7610112870921879,0.8932770235726363,0.8575858971187003,0.8803270830615156,0.8993950237666892,0.8918416342857083,0.8249414077567367
01435000,0.6320658913873141,0.6386958732948417,0.6813657514181468,0.5848294230697724,0.5053177155606127,0.6477793383446919,0.7682753774591855,0.8205256796591033,0.6194392727649779,0.5666475823746544,0.773192059220934,0.8329744999181936,0.7247419150664867,0.5997760114183417,0.7966760195807684,0.6511095830676827,0.6637003660613481,0.13477518588808046,0.5869729624063619,0.8633100829487946,0.8620052231077604,0.31529823482406516,0.05586931594695477,0.73217247058528,0.8400080699251992,0.804461144200673,0.7254308396007066,0.8156253610768738,0.965780112344494,0.39177127049254457,0.7173242965625972,0.7039561558059217,0.9615880846359699,0.9610598905380106,0.5848090236979172,0.5852233760870434,0.8376927213866809,0.8199071457189823,0.8839577425315255,0.7317393023641379,0.8574458831892668,0.8237558285251404,0.8430749419002918,0.8713952371531388,0.8607714278054007,0.7984827497266702
01510000,0.6985973746295819,0.5764101745385468,0.7998478419330344,0.6476548804186648,0.6453445325917344,0.6362322876587485,0.7296348453478018,0.8100113066869732,0.6562998791616494,0.5436976734547161,0.83337597581874,0.8546767784638843,0.7921440880187939,0.5391841038879994,0.8793620962571004,0.6259609702010145,0.7643569326238164,0.11867677971841017,0.7038506680117057,0.855806150841113,0.9049692178704904,-0.4129542763271026,0.1970328646948465,0.7400558463364444,0.8517002118892333,0.8202356556218936,0.7377673505840466,0.7944517694348195,0.9896821527485302,0.42456097674808024,0.8162317377884049,0.6859121542467981,0.9620806791803677,0.9610344122585244,0.47701448038454564,0.581776856666189,0.8347260580418969,0.8275409146583007,0.8864207567929792,0.7632271321285052,0.9140152282163952,0.8840231800530481,0.881308224612191,0.9125921449925221,0.9076518122198994,0.8320015800627203
01552500,0.7240571436409836,0.6432641794413253,0.7304569055568071,0.6216010943324499,0.4950420351334167,0.6644492101802179,0.7669178263691102,0.8256987172578545,0.63533033407728,0.5707568767329063,0.7767395502846657,0.8688281589721708,0.747012315478671,0.6087463387289354,0.8567458334440262,0.6522283028461574,0.6987359897850247,0.2554391649672617,0.6188067384142371,0.8651079689779192,0.8842675505635045,0.060410785661872524,0.15336482747120206,0.786067585649599,0.8957252528697228,0.8206499565187286,0.7477360067584838,0.8189876343431503,0.9768351999281908,0.43356325995287404,0.7279941295961418,0.7041787408924945,0.9593389684272742,0.9617032452318914,0.5822576087841447,0.6010840511054101,0.8445463747337876,0.8283636745114263,0.8858772373905732,0.75369090077561,0.8785692030112564,0.8982834770303062,0.8607074455844481,0.8953298182171814,0.8770511649293511,0.8177768656002078
01568000,0.7587900990262137,0.6267793805786218,0.7454432001000509,0.6399342583423708,0.45953932644466156,0.6747797656150579,0.7568035698480224,0.8228974907293973,0.6528776876358642,0.5726603877726899,0.7818593091500599,0.8861403475929345,0.7688895191342898,0.6159934033376802,0.8886116096754904,0.6297075117135114,0.7117908322254023,0.2358677528029357,0.6610916312098596,0.8547407965533491,0.8910087745506783,-0.259376086776433,0.342806375176137,0.7928362419197015,0.905891547378869,0.8238382394806105,0.7593808643100013,0.8118948537290652,0.9833957158017865,0.4568553398409856,0.7439949187191967,0.7046425881676569,0.9630234498221307,0.9541426693681967,0.5811489977188892,0.6075921284393327,0.8389103435291971,0.829937228432094,0.8827821100367802,0.765694077283936,0.8869029247538763,0.919842312892438,0.8720063006737834,0.9067524212148825,0.8935530566520434,0.8282888084362808
01667500,0.6716052042891156,0.645411253839615,0.725455831809263,0.6159239417388527,0.4974077162147956,0.6639140321583555,0.76724879703766,0.826958419346997,0.6323142286570229,0.5699660897659637,0.7774301159033741,0.8666868494948465,0.7498616942290606,0.6055700985674477,0.8518991179056681,0.6510981372072132,0.7020468828259088,0.24500019058533073,0.6190577890587772,0.8688083648456836,0.8821341240433596,0.34121260220715255,0.06181507869469627,0.7747064977445082,0.860743031683405,0.8199116131245032,0.7442880249349064,0.8190404217436859,0.9765706152808049,0.40990169101518503,0.7262408863782844,0.7012811373674366,0.9627414685615767,0.9627943635990261,0.5771640432506108,0.594649576997746,0.8397993331524717,0.8284059554257183,0.8883234767525047,0.753320481981477,0.8837367145127366,0.8921660408540373,0.861189224254984,0.8923404326124028,0.8787419998390068,0.8169979595544266
02014000,0.6985579749235249,0.6413914263700065,0.7513080025134682,0.6322028677609344,0.4810763332014648,0.6748504141431877,0.7625220857521207,0.8268677872536604,0.640691743309388,0.5674521913680253,0.7693169061059153,0.8840815725854223,0.7708472631691163,0.609739994444348,0.8836244704624612,0.6310835032978044,0.7197072529397022,0.25787664523884013,0.6563618962469842,0.8713779051248469,0.8846483763810459,0.3836453479398161,0.02702091192083067,0.7722596088344017,0.8594977315712152,0.8234611558631884,0.7554782255120537,0.813244951970874,0.9821579746286926,0.4497975821999235,0.7406829781110261,0.7027009541692076,0.9592047013575277,0.9605084247316316,0.5686600829409933,0.6016003543194647,0.8358812999687429,0.8308329819639372,0.886617734564601,0.7648290301729621,0.8966904483204479,0.9224420640639502,0.8754492561191742,0.9016620422925751,0.893281471255021,0.8245808703193722
02017500,0.6886275789303957,0.6408204772282842,0.7399825515158933,0.623150595179534,0.5164054134100453,0.6620098729129793,0.7671517470806133,0.8269092863519064,0.6278441448245592,0.5660918788412991,0.789069436719996,0.8442717196991746,0.7527614926490032,0.5903298118078629,0.8054989233383234,0.6627427560928625,0.7013986689643223,0.031138935301087356,0.6212986035626507,0.8579162055791355,0.8713339333750376,0.28494475008202513,0.13547576990570664,0.7565517517757334,0.8245600233985126,0.8109656270007569,0.7233165570689005,0.8096889801922524,0.9808277228123191,0.3811906321777617,0.7209090750016713,0.676426618127187,0.9717924657427056,0.9677429815107673,0.5594217425063828,0.5252959631248585,0.813271401857067,0.8258297302801876,0.8914589340892592,0.7522598726897775,0.8931027218174542,0.9149181038415939,0.8663785671555977,0.9010138820387122,0.8818604185651544,0.818931516309423
02027000,0.6490889479730748,0.24344764182867873,0.8166083747195392,0.5675109965756665,0.4654829531879441,0.2860351242928011,0.2566721468400518,0.5623581399501466,0.6884202245334607,-0.16501874156150653,0.6309622245499595,0.7319977006348524,0.7633857477235195,-0.14936814151013222,0.8598941750369352,0.46920818406154996,0.6259237157629344,-3.1920827218360825,0.7239123304238073,0.6366910058850606,0.8375737315869123,-0.9764071297505479,-0.6983704033659142,-0.36766361108671064,0.8472349867431714,0.6537262388732494,0.5778048993156271,0.17226684409127224,0.9892140426380548,-3.0903696885390692,0.7971830875916287,0.3553625506957193,0.9697285935173549,0.9685886171441563,0.456184726752055,-0.2091001477101888,0.7394129515223379,0.7987986519348429,0.8542371914940037,0.754487430072299,0.9235884167147672,0.9576278872332723,0.8761570167494488,0.9141961102702172,0.9117554395051707,0.6605069460272346
02028500,0.6956127088603443,0.6402100304606906,0.7636639130149327,0.6400443156444477,0.454053007411625,0.6740060086649192,0.7622167165662866,0.8247799224292158,0.6567283299979838,0.5784094776555753,0.7709646487124477,0.8896176188762603,0.7769413533711673,0.6138573975682582,0.8914212358036048,0.6372596605009584,0.7152792859571784,0.22022312300975744,0.6764521118062574,0.8754490844018554,0.8830671496130291,0.3991571506333269,0.1049975852853352,0.7668727293104964,0.8883169926315375,0.8245229698425249,0.7550583070783666,0.8092487649638637,0.9824879657991474,0.48220992112705807,0.7469445259880706,0.7044935851276306,0.9520731871531718,0.9539882310783945,0.57497027921207,0.6060199997759435,0.8270605664769994,0.8301929713593256,0.8837746169614406,0.7634796802202581,0.8949143350596701,0.8888861406221326,0.8813689550996218,0.8966234422066107,0.8937468833047096,0.8230170177270774
02046000,0.7229711519268369,0.5636413945941827,0.765032368541264,0.6255449578396546,0.6196566207338339,0.11821637703757104,0.3739135894920894,0.7321685021133633,0.6350740035760217,0.4453270241595403,0.8689706472016715,0.7757195464532652,0.8080249418488061,0.27222260172444235,0.8413262692107929,0.4761733155669785,0.7103012965928758,0.18575544508103414,0.6058377578660243,0.8294066199999736,0.8942332644917996,-0.0756283666058799,0.15776132945451626,0.7411321791470009,0.8734188047534527,0.7851479986591781,0.7461022253448947,0.6307533373450385,0.9783676335199389,0.32123192066361117,0.7190382868928685,0.7030489817575427,0.9429634228721251,0.9404947852030877,0.5445743668455785,0.2547030288250137,0.8395152467155733,0.825041482918091,0.8800271501490949,0.7717958603511212,0.8716544821855629,0.764343997442339,0.8713081453392821,0.8983778550639426,0.8933331001954747,0.8190501728311764
02202600,0.6196893560808883,0.5480933127552583,0.7135228380994073,0.6041308973632038,0.6069910174545801,0.5783668264193078,0.6564589634098256,0.7624558325359576,0.6821006487298553,-0.011234465613451095,0.8313729579112551,0.834031909597748,0.7146030180203677,0.05178360106204183,0.8638014679750844,0.5734346191996138,0.7396520780197796,-0.6221473601611971,0.6760829509061047,0.7769385488442215,0.9014316906207301,0.15317847579412813,0.201847320655257,0.522081651659893,0.8332766803165784,0.8077125318515799,0.6728187255164133,0.751786066272454,0.8940879163723354,-0.18023843388260508,0.8233848813278987,0.6769479871356174,0.8778491725587662,0.8806897560470088,0.5608265555844,0.5701360949523611,0.8180450513583575,0.8151513288269814,0.8783685012497767,0.668928246219153,0.8496112946852611,0.4609273378255325,0.8108838670650388,0.8363707095134272,0.8597557850983897,0.7395535382171798
02221525,0.6924259101018373,0.6276372507415044,0.7066360657677396,0.6102855483525681,0.43784642384066796,0.653176445557017,0.7686599355382548,0.8170062163165935,0.644546094317255,0.5807778033591919,0.7733936517619773,0.8792498975900821,0.7548733759351378,0.6078697939470568,0.8889120442604073,0.6330565760925462,0.7060194928250603,0.21839854848315032,0.6549507059429344,0.8543573825100262,0.8814797582502271,0.22948759720293566,0.10806035743813247,0.765715574911314,0.8406565240944244,0.8236724304909464,0.7515464031496634,0.8074742643983012,0.9699031022673174,0.5016204621061726,0.7500257769133858,0.7040801831301218,0.9319098813754427,0.9296729514481302,0.5984031898519939,0.5858335408731536,0.7936117545256015,0.8168480942537882,0.8539357630392744,0.7299955742146091,0.8542191742178195,0.825113914379044,0.8612508163416006,0.871864294855602,0.873089443581154,0.7883508534049113
02349900,0.6374819337853286,0.38197520146433794,0.7250078426384947,0.4906057331835021,0.6485327334249638,0.6531538576700163,0.6978146463209227,0.7675167559644418,0.6783342719991836,0.5371738123785066,0.8375214898015984,0.8826703049880604,0.7887982049955007,0.5878893807577661,0.8878243955435273,0.6268888498366549,0.765156310299844,0.13364197054499993,0.7091468129626501,0.758867342330076,0.905565189968577,-0.3838725841429911,-0.22867668608705327,0.7713356287568581,0.8290263052321888,0.8216305870077525,0.7484787274658868,0.8014852229463426,0.9842701835386091,0.4634173480994622,0.7606881039868328,0.6839913614178827,0.939544716371369,0.9397973201676597,0.48159460059117953,0.57307101119682,0.8380036971853231,0.8303231250709756,0.8857638468374825,0.7693399029239367,0.9128440960160923,0.8438824186788187,0.8553688071515111,0.9075732748141991,0.9113447533468029,0.840103829305601
02371500,0.5901989227397594,0.25963982605950353,0.6826988087758439,0.44126292626532804,0.42525996572123215,0.5242464049473993,0.5983594890368166,0.5888028369646252,0.32576639884609593,0.16707939771901825,0.8338928377964412,0.8215321670939366,0.7667514561396849,0.2994813002782356,0.8701146620533498,0.24246164948340798,0.7513593353440943,-0.389061420395896,0.6763164074539234,0.7932209966194537,0.8937715661519778,-0.5897269567642169,0.2941421368869609,0.7421578395225887,0.7870917951743975,0.7137311839708922,0.6823021060267993,0.7183034658550146,0.9771237456934325,0.3747419166472439,0.8203866912025733,0.3254155120685701,0.8932529000088942,0.8794173979899851,0.11052110516156166,0.3513606642893733,0.7387245388995293,0.716321166020996,0.8249426202803877,0.6486845797179619,0.8972099573825681,-0.14426266717253444,0.8467258746149726,0.881677535601606,0.8874304499178771,0.756951889834004
02430085,0.4334801056635026,0.5979438331459301,0.645262432395427,0.6130950603108426,0.6444891455028763,0.6297080615063326,0.7224072180348049,0.8083425913447851,0.6325308171200295,0.4397279929956005,0.8262657553437411,0.7895847768901234,0.7194894438104099,0.32134225399550986,0.7915565324213308,0.606719551227147,0.7002322163870092,-2.0019830670327066,0.5984770737954811,0.7785236702502457,0.8797923716714002,-1.8332691468260784,0.19657671098343588,0.47332099723973275,0.8123046620002808,0.7674313868031021,0.6530634163814415,0.6877884744765806,0.942541219054897,0.351817242071662,0.805649023413636,0.6732251360702513,0.942953713700376,0.945748631019975,0.5805362588730602,0.3696821717573733,0.8258738605842137,0.8160337572671754,0.8859019718597004,0.6922099732274916,0.8202305848640432,0.6689793666052837,0.8192754260110592,0.8397007138184949,0.8418948268658256,0.756921276985479
03241500,0.7061061088595583,0.5372547296049315,0.8124004840979959,0.6288115099093348,0.6236157188174972,0.5944347954485331,0.6621906133983736,0.7737268822906672,0.6832279381898319,0.16482062578244372,0.8427242336056607,0.8368618007479385,0.7906829546909644,0.15733372102586063,0.8691763448134101,0.5849567326534859,0.7732021884468985,-0.343607147020458,0.7100498753486177,0.8291330512361479,0.9068376902545116,-0.9819654360624852,0.2605163781288561,0.5381556513154275,0.8770375058831286,0.807969340168271,0.6936347488033364,0.7608646669337499,0.9851469543317105,0.16483755385506604,0.8231445195727105,0.6785025654749188,0.9622118125220757,0.9629210763979471,0.5365887822851745,0.5683069439495736,0.8383207147808821,0.8323335209622647,0.8915614928219799,0.767288596239057,0.9079915135779696,0.9412762488307296,0.8779791443476,0.9077893860184327,0.9033434165166431,0.8227398600593357
03384450,0.36671842917328756,0.5812443753112175,0.5322556379678578,0.496957079080491,0.4466532596730247,0.6263428699776019,0.7667872895731893,0.7895716498622478,0.5367868549510706,0.49428494408767154,0.7564175307800971,0.8082253997387194,0.6417632849698345,0.5315101089707618,0.8002885403922542,0.6355896001906661,0.6300645888122318,0.2388175001578141,0.5925738584140012,0.8096998191258793,0.8541483110254579,0.20138107683990647,0.01864095185613901,0.74607704371347,0.8249870953296072,0.7995983890361306,0.7190824140722318,0.8157759946658805,0.8493510108930673,0.3898190247889376,0.7379809976967482,0.7020036570593798,0.8655865294080387,0.8590733199841174,0.5346045759007865,0.5746642836782189,0.771059674337716,0.7723061184393744,0.815898353107591,0.5892641066565878,0.7777789601732187,0.29952014541274374,0.7876846563142313,0.7715779284186703,0.8167518116997414,0.6738942466423236
03473000,0.6343544459489234,0.6128177192097806,0.6651361775129637,0.6010770836299376,0.47980355912775396,0.6669930880827939,0.7392237210127043,0.8115180376728044,0.6311684095577629,0.5701998934812926,0.796736418524683,0.8533038315811752,0.7300763607097678,0.571066823753011,0.8845000268483124,0.6208587637670132,0.7561913729967511,0.2065989501626988,0.7573516745215767,0.8470300685761873,0.888293554217611,0.24503929642309474,0.18220199897421352,0.7763032087527297,0.8300295380819563,0.821905757860039,0.7452206074542309,0.8006837883685212,0.9394925076588174,0.49466270778537746,0.7969987018652186,0.703529387801419,0.9116794439886532,0.8948214848696912,0.579325800616161,0.572981611689515,0.7817730355431264,0.8066395174848808,0.8327548979905718,0.6959770824017977,0.8405283455828605,0.7892051244963229,0.8326835244629446,0.851278012873416,0.8596089902398638,0.7490487204397434
04015330,0.69958533334604,0.6389140560504858,0.7625267010032281,0.6388957705314683,0.45778107089709674,0.6751503801422243,0.7615184187587813,0.82461150141725,0.6545911810097125,0.5765369156524307,0.7718713923052445,0.8898860227419919,0.7780734613420738,0.6125962238694951,0.8914909187157768,0.6378382399410977,0.7171195628404415,0.22060503483347882,0.6767162453540874,0.8707073119135031,0.8831718501073343,0.41712862005369855,0.017622585566085758,0.7668116458345007,0.8543631021168729,0.824482874358734,0.7550823859795741,0.8095348744700804,0.9829546688142295,0.4791073059506157,0.7467428634545108,0.7041400982974156,0.9524213601641549,0.9550614706953555,0.5710562128503079,0.6052230743370532,0.8294100067178823,0.8305347084103458,0.8848530862739424,0.7647462923279391,0.8971322021540351,0.8953087603681819,0.8815460679826738,0.8976970123121549,0.8948993858795103,0.8238380110143496
04196800,0.6079072256459775,0.6161238921530077,0.6451918495682074,0.5885826941099448,0.5651836355561093,0.4405137723882021,0.4853380854944206,0.7926696049583253,0.6247774139183473,0.5593733649357278,0.8104169327484385,0.8115370660862078,0.7673967373702795,0.3787370953891742,0.8858617548351859,0.5700399300988145,0.7269774690829902,0.20983911179381032,0.7178112293185246,0.8570708469568729,0.900010150553803,-0.2913674946226261,0.13685277206549618,0.7151143932499074,0.8827140544954528,0.8066813691703019,0.7594926578301409,0.7255942364379445,0.9312383858606917,0.5202143017637726,0.7310454057231364,0.7034905675982908,0.9148787288690142,0.9000872347207226,0.5692165082479499,0.42888416258926376,0.7923128188195041,0.8074439946851495,0.8606478384529594,0.766119851849736,0.8424825922396733,0.8814287364873632,0.8417612434099427,0.863248573189165,0.8978610996350215,0.7684017832042906
04233000,0.7315302437609117,0.6076010216758475,0.7756997071969169,0.6397160611780304,0.4726609045364185,0.6777752238463826,0.7549099542466002,0.8179014789726013,0.6420148881801067,0.5517610402464146,0.7834470184859859,0.8910098593308032,0.7881120753124302,0.5900313428251762,0.8914045328510571,0.638088557765669,0.7366266146434793,0.2055266891263764,0.6843618111968547,0.8691928501172121,0.8870845882114843,0.3878230351341334,0.052199112087827904,0.771274675981953,0.8614530600009269,0.82544296966986,0.7554834180265292,0.8087424052561596,0.988695812286329,0.45607173097037157,0.7466551403563226,0.6920094906141592,0.9625242678311826,0.9618286170758596,0.512742926976289,0.585230396292193,0.8385850634166082,0.8287919655607121,0.8879400918558962,0.7659019886556873,0.9131894588662071,0.8993239494609941,0.8839817948958194,0.9104550539625043,0.9047193799581553,0.8295816830527213
05399500,0.6714377863531984,0.5180379052925218,0.7618074687880102,0.6044817012710805,0.4735320972430288,0.6560013805787965,0.7398636782756914,0.7740685104548306,0.5701565088935576,0.44153850892185753,0.7987783450747546,0.8850437172059061,0.7847398646963022,0.5155311260051585,0.8806893424355026,0.5731967240987682,0.7472003940403098,0.1466902965656961,0.6821181311343985,0.8526529501810388,0.8892762093625903,0.2301092936097917,0.20114307853715785,0.7864169293422404,0.8251140766950728,0.8215355494197797,0.7459818469232393,0.7993886627120088,0.981608397413822,0.41766500994852485,0.7497310986322248,0.6424650333432663,0.9199929943320739,0.9119642236206876,0.3637466700499101,0.5513027921476708,0.808750010607093,0.8030491564785238,0.8628136792795589,0.7306454424146045,0.8963275167322962,0.2705620420139244,0.8650601678158998,0.8991608390137485,0.8920023691919727,0.8171898190186321
05501000,0.2618462777060303,0.6012168610504027,0.5743365098304559,0.5331896889484721,0.4054364638282463,0.6350979114133113,0.7640867106891928,0.8037871586411325,0.5724086211098982,0.5160214752469823,0.7495401112133927,0.8603460724215889,0.6797838959115884,0.5442656867588802,0.8689123110814084,0.6433971225358927,0.652741420850566,0.2636660411766206,0.5537066225722109,0.8338081158496026,0.8677230198509565,0.32948327529642063,0.06014356841098911,0.7523273133097976,0.809366936597769,0.8208229439202003,0.7433188876947739,0.8162134394540257,0.8714388886580707,0.43551868272470495,0.7339592700900297,0.7042757304192335,0.8642515204806979,0.8783204349657256,0.5025294722908875,0.5642761474489428,0.7697428262362417,0.8015012916595263,0.8291282441900383,0.6398117215236225,0.8140506470784886,0.35724576618159687,0.8030058333598684,0.8062726242730157,0.8370439582282404,0.723046627465711
06278300,0.48620372065383,0.5785455227810902,0.774619791741049,0.633201214784376,0.5988571695394893,0.16224557632579972,0.2408367602722684,0.7012000595710493,0.5690029662352025,0.4121345838494309,0.8307704314294418,0.6886692525245266,0.7957674306268017,0.08116873034169791,0.7048746696167913,0.4115666803512583,0.6488173982906257,0.17162455350530315,0.7056488897409436,0.8506877915060833,0.8870700251098942,-0.20681198567502546,-0.15779807158658032,0.6774955608894158,0.913962759123014,0.7384533322622358,0.7215518552940223,0.3220821922568933,0.9896891134256579,0.5262321503077934,0.6291746934926441,0.6565514558785892,0.9720768229948641,0.9685349864544248,0.4211406357257077,0.13872579603869228,0.8089690246388848,0.8198530472556207,0.8732279112719019,0.7144063293184515,0.9196534015053255,0.9372185083335342,0.8851060550125309,0.9167949252124689,0.9156927252989995,0.8229560183285523
06892000,0.650564797833175,0.641323596184979,0.7058667921083924,0.6089862712503731,0.5806676875905113,0.6596993907961212,0.7672214201854096,0.8246223144177799,0.625992781061627,0.5864826591583714,0.7912657869965769,0.8283678304828366,0.7345503370533404,0.5967403095010451,0.7973781511076041,0.6551827088632989,0.6866882295246544,-0.14892232953107598,0.6001343392432925,0.8617681566573632,0.8758061024617659,-0.003291595224620858,0.11688390779940983,0.6723021866528276,0.8324189781785815,0.8054128044289706,0.7219118488879194,0.8002364743360645,0.9714357578610888,0.37733077056878916,0.7321715748859827,0.6975694705244879,0.9643238824871315,0.9641156133221143,0.5792430831752337,0.5774881838780628,0.8336801242815177,0.8235539946347495,0.8893159524725658,0.7394677995745931,0.870404564474816,0.862522702966102,0.8510916130312,0.8824056926026035,0.8678868134931446,0.8070277670853301
07145700,0.5029230673252651,0.6030568603292592,0.5799030079686198,0.528491933385554,0.4523783697775564,0.6290472582021507,0.7688513041457942,0.802783411153396,0.5760776276547468,0.5322928825968161,0.7563585275932321,0.8509625656659537,0.7009673271516219,0.5852651710585333,0.8483512271951985,0.6555569105164569,0.65130339748281,0.28393249129111164,0.545798725392145,0.8442380597195239,0.8715468917906601,0.3111378280296979,0.08417942790761013,0.7540849030864472,0.8388227788995162,0.8191327792049914,0.7455608264131691,0.8190742524058299,0.9235921291273388,0.42472125747466527,0.7266261652418778,0.7054820885967057,0.919962755923815,0.9212996106432547,0.5725695352627324,0.5878156922054201,0.7907266079042092,0.8054073268341018,0.8476409182579197,0.6755704283578525,0.807303779154384,0.5368074653107113,0.8140158742206873,0.8217102785097281,0.8365877164399065,0.7429141562315112
07184000,0.37871291548757313,0.5826130704822845,0.5367689854824613,0.5080579423137683,0.5164161069688515,0.6178306444979935,0.7613211441633365,0.7916209415350388,0.5395208269860032,0.5118055596357116,0.7689886342465388,0.8014194692344102,0.6396325392707315,0.5204125407733617,0.7937667463623149,0.6357897342739175,0.5980872368151371,0.19491776296188845,0.5121777602876256,0.8070844362532934,0.861473760642846,0.12064407380902609,-0.0019372980687877295,0.6911318099918351,0.8320052468558858,0.8040703016969833,0.7180227340628403,0.8136731175697405,0.846982644720168,0.3812746425309975,0.726018728937103,0.7040710848437812,0.8660040251319183,0.8601936618625647,0.5339657406760526,0.59060744951133,0.779241822344571,0.7763810548906186,0.8246005400461895,0.582022907660763,0.7792225115839533,0.2669106712180648,0.7870275590778806,0.7725420854835745,0.8165018210922574,0.6745126997536852
08271000,-1.9130146958127643,-0.32147517461315056,0.6211559626672549,0.20704968649460342,0.19018163886365025,-0.4688710981571471,-2.6406230491896783,-0.9100363659315298,0.46650326172772816,-0.2926864983012285,0.7046891135002027,0.6176415955495158,0.7876532022482352,-0.9147444048379691,0.28047271139813723,-1.3849713967376616,-0.27564758264224287,-4.319867540897959,0.6608163538694742,0.21577171407796636,0.6315600385489086,-6.638175028760045,-650.7056929516507,-9.365910003668597,0.8708212177918456,0.3140796389883568,0.36685765152879557,-0.004485702816663828,0.9916263434758922,-218.224838599824,-9.952672938816143,-0.6276042656769576,0.9631579401137218,0.9621682599010297,-4.942647063184675,0.015707237365358284,0.43930859797174415,-0.3950055847277114,0.8142956249976482,-1.9794682555331033,0.8825961428646285,0.93973825325794,-5.330035452746126,0.8602931938380038,0.8064853932635755,-1.4179091282492955
09505350,0.7382348604270342,0.5728839499774376,0.7707841925170316,0.6284247198008059,0.5040275488810544,0.6733013172942197,0.7508662706914057,0.8058288121149217,0.6053685984342103,0.5028609265375312,0.7990368474888281,0.8839966602625624,0.7845339330210068,0.5545966417848762,0.8840290567193531,0.6338480546827094,0.7503335370159703,0.2002049692281539,0.6841443524507125,0.8591609787288346,0.8905151476132296,0.27863289619372855,0.13458291743981332,0.7859169670907776,0.8498254092845572,0.8234118114488798,0.7479260213532144,0.8072079910092271,0.9908851237357202,0.40771753705219427,0.7452168749433723,0.6653412731703414,0.9703101012048816,0.9679822589282648,0.4543386305268292,0.537325650556473,0.8273273010824694,0.8210600046374894,0.8840859505741041,0.7593278224428828,0.9206271697670373,0.9441045593519365,0.8817645231458988,0.9164630123819151,0.9126088222756675,0.8265022266655402
09510200,0.7083601027226777,0.5239412391551389,0.7630249571371869,0.6113163121327088,0.4721919049840584,0.6634652902294951,0.7449812222403012,0.7844906495118118,0.5801243849379829,0.4536407929058476,0.7968868133003802,0.8865323476594956,0.7859648539972457,0.5160857271963077,0.8850190619875603,0.5941946539750167,0.7502906015037003,0.15625145083406744,0.6921079004658282,0.8553350452152475,0.8896215637066003,0.2868365853481223,0.13715816132204683,0.7813122398310388,0.8332490776556554,0.8231919394481285,0.7466960957591935,0.8015070686311087,0.9858280739871881,0.41674635135140803,0.7487358931650998,0.6500758255554427,0.9398490916718582,0.9337891148078662,0.38776163963544286,0.5558733235706503,0.8156393050009686,0.809848637200395,0.8681519398760533,0.7478135693194974,0.9047638166533092,0.5362741420804854,0.8734248580084036,0.9064556585507232,0.9015410063299243,0.8242955510097811
11148900,0.5731078631799015,0.6240140171636533,0.6333946735987196,0.552845197031234,0.495832380008022,0.6316586468537692,0.7689386378392187,0.8114456332178195,0.6030718223404272,0.5583833166354808,0.7675840353393657,0.8276613429730064,0.7077924485709665,0.6001549680989191,0.7917933592707275,0.6476910554613359,0.6358487191956566,0.1427386805617743,0.5647550865881594,0.8579381158137458,0.8583269327491669,0.31338371243907626,0.029018134339113044,0.7261058948965893,0.8421955363018084,0.8014887971738313,0.7263566364196439,0.8162855512744895,0.9520847056697216,0.3952749822087428,0.7173080836601149,0.7089983964041504,0.9508038042699396,0.9529309387119779,0.5848093415975595,0.5995759605035016,0.8404708118736934,0.811919118179312,0.8745430245188193,0.7113928170178261,0.8288103310125375,0.7298052660407839,0.8277392405968569,0.8478970218374371,0.8474956240946756,0.777778003593248
11264500,0.5425816852616996,-0.12895358368306487,0.8072734219114266,0.5268531109915842,0.3800058961327729,-0.07373589167566297,-0.033930376601683854,0.37506546463427626,0.6588876875109035,-0.4554253209091361,0.6796526485054148,0.6761582909935837,0.750256356813072,-0.11860363206083324,0.8673722820347004,0.3882469324525817,0.48104097324732253,-3.4767478772655602,0.7326324025523672,0.5687595576887277,0.7675579384454264,-0.8505753895776569,-5.163507699034388,-1.5153977254489166,0.8395140201021386,0.5798458513386932,0.5443224162624132,-0.0975903304785577,0.9919937211166387,-2.345379113851624,0.7637915530623696,0.25067467295276147,0.9681111478587499,0.9661730666809835,0.33545839698303015,-0.5331989152475913,0.715894256368916,0.777592593160332,0.846961071649667,0.7177595998579968,0.9291148472879911,0.9593078826752252,0.8724413969068818,0.9096299193310936,0.9189048684966357,0.5271578545202102
11266500,-0.7190160260606582,-0.8235611195414085,0.7097445793120107,0.28759310091189827,-1.3787690126676702,-0.2182821986853838,0.1726180289849123,0.10252938967178049,0.5198727908207676,-0.8397699662296174,0.8080794206385997,0.6584500359872829,0.7870462921930548,-0.1337282629658667,0.7242554249206361,-1.3880341788754071,0.6586575686773671,-6.657699200834805,0.5800770987767813,0.13100325078313801,0.8409333493629803,0.17194138138563164,0.2010629854146313,0.6582955658584798,0.930074155723573,0.4042460711243856,0.3767907243901045,-0.317289064533105,0.9900901501637805,-14.056251556388151,0.6903885531807282,-0.4061816898192412,0.9658221200425784,0.9606215638540744,-0.41326836952716195,-0.3432870177274312,0.4057839088017626,0.6210990620535759,0.8431302307951043,-0.1059190958564582,0.9189071357148936,0.9274931717358535,0.855606274577323,0.8873706843726034,0.8827727397202088,0.14650232375632855
11381500,0.6433553446634512,0.638815758641005,0.7026566071415367,0.6134696285259051,0.6102667410518088,0.6623726327414332,0.7656244745272703,0.8243309230631692,0.6270457807737697,0.5962075702350297,0.7935200387561226,0.8173591905459799,0.7342514520299903,0.590512042453267,0.8000493383127335,0.6511684282884413,0.7017025803817187,-0.34552631804878264,0.6236854964088847,0.8602405336696766,0.8822051104680351,-0.33091143186353067,0.14695461920400088,0.645858089076988,0.8411878373970165,0.8029027080091377,0.7197261014260876,0.7885710795384622,0.9699437298215473,0.37200060335227414,0.747241983943947,0.6984417202653135,0.9644576182083865,0.9633148666943296,0.5798503522837093,0.5804607770135857,0.8337736794280404,0.8237713005757558,0.8886071404707867,0.7382516057654696,0.8675405762326852,0.8551060292183125,0.849054287419921,0.8795648181951662,0.8665656218272493,0.805100073330059
11451100,0.6390453393856201,0.5937050572556144,0.7456860486525974,0.6355280606988709,0.6531643899106303,0.5901990854949708,0.6283628114955288,0.80256211767132,0.6687147954097632,0.3521375176034026,0.8451224194932141,0.8191577293877244,0.7701883983452659,0.5588237321371894,0.869138113578069,0.6192093931438958,0.7401195611032405,-0.07359475770001533,0.7442425427284636,0.8327196997812507,0.903807149585637,-0.45670221448248527,0.32962294705349826,0.6603731709089941,0.863811760559374,0.8129553822321431,0.717999029727926,0.7521380497436023,0.9675080160715945,0.3957470558869354,0.7565830560375784,0.6883773259400963,0.9486035101801099,0.9526454602810511,0.5847355435515761,0.5561147125183685,0.8315477462945691,0.8301867061924946,0.8900052515086396,0.7626408846578716,0.8698074644639099,0.8777911337744415,0.8513460211466533,0.8798328636916966,0.887873328266835,0.8054486156197738
11476600,0.648053150423016,0.6429512279752404,0.7024770467143945,0.5991558010198089,0.5044174227432187,0.6549516788687948,0.7679924875649964,0.8239805291542932,0.6241512759935994,0.5674329478474356,0.7778735689118312,0.8365501815431695,0.7331214459461872,0.5987318435435136,0.8005068961613924,0.6570637165110499,0.6767780459150403,0.12541709956463898,0.5971061443524682,0.8639625658657116,0.8651221795390386,0.3139737402939995,0.0528149019651053,0.7395733256779587,0.8530597017588808,0.8072134682276275,0.7257108855962457,0.8163418766734799,0.9713005480545259,0.3879333135416382,0.7174447944330529,0.6975503142924455,0.9653657879628129,0.9639981898351361,0.5803746344103831,0.5739733273801702,0.8335115921617852,0.8229052885126712,0.8889194979218381,0.7396090103201225,0.8702886244706558,0.8594635008328013,0.851006050527993,0.8819311679480004,0.8678249012066945,0.8068599468644557
11481200,0.505255697344231,0.31244563083754395,0.7060377316104034,0.5771401477545346,0.5315242557372029,-0.07098203654689672,0.30200497285109795,0.42760069495329245,0.5083851242832677,-0.11894184790985962,0.8354195248249634,0.6676673365019067,0.7626055791031339,-0.06977170550992384,0.7932100935864755,-1.2173700131256782,0.684535036386257,-0.23415193172216342,0.6106077070077895,0.6423786753910481,0.869545501741473,-0.2962984023385966,0.23350425801115593,0.6802581176714663,0.8342112005946087,0.5875326563183113,0.44294549952189766,-0.14075935423040797,0.9695385227610117,0.355526314129318,0.646642528542941,0.6839056710100524,0.9670465615038445,0.9603618841498577,0.11579326908303,-0.17143601368870365,0.4607555169023756,0.8177959411593432,0.687623642412807,0.12261310773289569,0.9004082236797297,0.9235279475189355,0.8669388892361642,0.8742733774361737,0.8772055709632883,0.708439610178732
11482500,0.6630166260633339,0.6399768702565889,0.7334134258889147,0.6206650186449173,0.4312061177641914,0.669206640626147,0.7707187897600473,0.8214354482047943,0.6555767825989764,0.5831547503491781,0.7668435776629496,0.8830646096785659,0.7662442709454343,0.6186888726491022,0.8883845038911731,0.6345598521811564,0.7179046730270313,0.22179723390008887,0.6984856680864729,0.8670568299419812,0.8826300188774404,0.32430301776306414,0.05129175058467439,0.7626737191485894,0.8292182036843678,0.824230861033564,0.7540822877340483,0.8079941413749047,0.9735597328692766,0.5003472226709176,0.7538470682534358,0.704726009615819,0.9365379315540069,0.9422362401568722,0.5958134759951326,0.6047974539621612,0.8035413538362579,0.8254421593922368,0.8729796604381357,0.7523986698654626,0.8741345375345149,0.844742559774019,0.8723753200185651,0.8765290940762192,0.8843673784221135,0.8078112897160754
11522500,0.705366458372408,0.6317341539880845,0.7702641410613706,0.6435530367514042,0.45646062495121387,0.6772303016171868,0.7639388719340794,0.8217483640880631,0.6611153645077301,0.5792340048187498,0.7752486300542248,0.889107912669598,0.781759935404774,0.6097282646670626,0.8887234002438064,0.6319279621500887,0.7192653556510192,0.2155247345906518,0.6841668323001262,0.8701726168975025,0.8832459177507249,0.41743079771647407,0.024571451319456816,0.7648376858440835,0.8536358432534932,0.8251603888418702,0.7552724975971852,0.806925595721089,0.9841567769478516,0.4828579718207058,0.7484340229019062,0.703330998708618,0.9499469646527342,0.9522136833584182,0.5656742590121706,0.6030546644168573,0.8314342168409211,0.8292919249535108,0.8850992967479011,0.7622337562029675,0.9000815939894218,0.8410968919998826,0.8826429423877263,0.8967569919070081,0.8941699000541282,0.8250857348942116
12025700,-37.01221276333123,0.014360009148832065,0.5009751822421467,0.13795417251140651,0.5047773529591526,0.412671179502777,0.3976602209897365,0.5067587523413106,0.6210646503956467,0.12157109696452117,0.8578589171938491,0.8068638961617967,0.7169428786864113,0.5518752833489112,0.8024457045402635,0.4631414646818175,0.6996477369008284,-1.7924037050066857,0.7203643015479468,-9.939533004569537,0.8037862718708382,-0.7993884340456672,-301.30282714710796,0.6010415226212416,0.32976636102918677,0.6541975743625954,0.5803851351601379,0.3110656093501123,0.9444304073196021,-6.655656443442042,0.7500769209507584,0.5760470836336977,0.6778545615225715,-0.8222968582056751,0.5096608275207892,-0.08221054469275502,0.5238275235667215,0.7631090608560831,0.7497932904044978,-58.04843965797607,0.8877902812735139,0.7683306747669206,0.8130073218788939,-2.016919622019079,0.8574721011360378,0.7758078576346705
13161500,0.7063425234629102,0.47860796500528435,0.7884333995550286,0.6166637514890019,0.5067204310471537,0.6670318910456657,0.6927322357214976,0.7736221486560317,0.6298516861409174,0.47277908986590544,0.8431740862243752,0.8620542622852622,0.7707650793810001,0.5227570966501567,0.8268055341993342,0.5977285490591814,0.767319881736001,-0.4279020070734212,0.6780691813517213,-27.72152729492235,0.896296493718899,-0.1917544787905765,-1.8504770331484606,0.7753640687100686,0.8929754624573909,0.7838026180034671,0.7320541435563344,0.7649750127769861,0.9914624128878208,0.033507748832245166,0.7173472898709516,0.5824379314303338,0.9645641422467327,0.963767770373709,0.4319362659336837,0.4127665349685574,0.74418227393721,0.7951495335615262,0.8553913274612748,0.7475072281683053,0.9215433270200721,0.9525916199152431,0.8744790908948168,0.879620294751604,0.9151651972100108,0.8277556571571373
14137000,0.6805120236529689,0.6373333550188462,0.7540756509716812,0.6354226015233266,0.4628489495260917,0.6720674441385307,0.7671561427454154,0.8224513114755836,0.6620692521436057,0.5878925554252236,0.7756683054288602,0.8860934387236479,0.7727381870470142,0.6162761319367572,0.8881513859072495,0.6322245671389826,0.7096627201837526,0.2165632759583982,0.6781568876353347,0.8683833156681026,0.8816685292262768,0.4090892210402024,0.0167919608844318,0.7651051240457447,0.8440316150216524,0.8249021670286778,0.7544496653502644,0.806701557131127,0.9787840058605376,0.4905771888970306,0.7500727748432192,0.7049483897695128,0.9404333767361942,0.9455157144105879,0.588608642774362,0.606862422430514,0.8164730588060487,0.8275666854466983,0.8790312076177224,0.7568324901302093,0.8855421849953165,0.8260385263678865,0.8779101224156742,0.8827809654534414,0.8876896715654452,0.8158919820913612
14158790,0.7139881177133274,0.6322489213514153,0.7677767881102764,0.6385852995236252,0.47445114761819174,0.6776849023348104,0.759665548640355,0.8243741256569121,0.6456531637516909,0.5659098222387026,0.7736715741043545,0.8897971631662333,0.7815907892364145,0.605768482620148,0.8908163649863435,0.6365358263486509,0.7263940058538518,0.223747693471403,0.6741228980975282,0.8705648225850204,0.8843289340939218,0.39536318188314934,0.07079312966157048,0.771010220055579,0.8465192045071628,0.8249748501152586,0.7565930910673313,0.8108296056914559,0.9855858206089508,0.4674386601980788,0.7456539165420814,0.7013251520052477,0.9592587751730411,0.9603672574440714,0.5536792566731101,0.5995729961678586,0.836325357167178,0.8311907574402524,0.8876540179232045,0.7672455942525478,0.9044355782926554,0.9200802864452444,0.883042166085454,0.9059859263320571,0.8988131284324752,0.8269133219746037
14222500,0.7189355938667987,0.5314750784392742,0.7823788826891188,0.6229546012463045,0.46142726048109406,0.6772071529626381,0.7251485797390314,0.8015088381905476,0.6707693845794778,0.5514096690625259,0.8152790104501699,0.8910576244004174,0.7879087125265554,0.5937137093823193,0.8912939110180671,0.6332998275459771,0.7469903438982329,0.1854334036465516,0.6923274660152807,0.8110534429664539,0.9021806169872351,-0.3692612055553979,-4.572237103047177,0.801304701480744,0.8639583305827683,0.8240182727867758,0.7558424792599272,0.8066690958874134,0.9877344517783346,0.43876258564165027,0.7467718972712061,0.692997776738473,0.950724725637647,0.9496249387866058,0.5018463925842394,0.5880071474509327,0.8411963330745316,0.8296245870345116,0.8862613705334669,0.7715857272194704,0.91053800457455,0.8584005158944377,0.8685056897475318,0.9156715809013941,0.9103321275572083,0.8425139118826692
14316700,0.6770397159924502,0.6143804124084723,0.7696886142209611,0.6530469119156967,0.6275339264616832,0.12061540826645045,0.3588966443299766,0.7399590816479049,0.6286809510432023,0.46406859884014307,0.867160213758931,0.7777881444166671,0.8116937441962984,0.2688869191868203,0.8404338807151244,0.4889374961871833,0.7078480900030835,0.19313251233621476,0.5925125978771788,0.8650324562976947,0.8952108368221461,0.12240224400514266,0.022786323784490525,0.7440614164301793,0.8950667651988908,0.7892083753997453,0.7515292702718749,0.6399897471152024,0.9820195746854072,0.5162551042455115,0.7212447723678541,0.70409530940833,0.94887188010922,0.9514198517499689,0.5454953678046683,0.2712260853545516,0.8270024269634125,0.8298726047532777,0.8865688995551897,0.7732683405049292,0.8931333624322869,0.7654730930511007,0.8857937265210442,0.8982118734061902,0.9014471444339448,0.825770602595937

=== END FILE ===
=== FILE results/23_camels_switch_confirmation/noise_axis_training_length_20260902_hpc/L3_learn_per_basin.csv ===
basin_id,status,winner_anchor,train_objective,own_nse_holdout,m1c0_nse_holdout,anchor_objective_relative_iqr,exact_boundary,outer_5pct,rho_SNOWPACK,rho_MELTWATER,rho_SM,rho_SUZ,rho_SLZ,rho_ROUTING,share_SNOWPACK,share_MELTWATER,share_SM,share_SUZ,share_SLZ,share_ROUTING
01144000,success,routing_heavy,0.8865177073128591,0.7104217706572578,0.6550340128355702,0.0272053074552641,2,3,0.00010000000000000009,0.0018212159815052865,0.00010000000000000009,0.8961031265600954,0.17878251153691277,0.20392577834831743,6.154513008090388e-07,1.0083468223607248e-06,2.534047282216687e-05,0.04326503677227334,0.9483490569359544,0.008358942020826907
01435000,success,suz_heavy,3.9146514033025106,0.639783895184302,0.6382193470146813,0.0014761170538365798,3,3,0.00010000000000000009,0.014984509886547235,0.00010000000000000009,0.00036728009042933746,0.01611168679648539,0.00010000000000000009,6.231586426801957e-05,1.0765308070880144e-07,0.00806001838723981,8.079509874899302e-07,0.9918758114104138,9.387340101004199e-07
01510000,success,routing_heavy,0.886476435504863,0.7902257296255166,0.6990424639833774,0.02845848060719318,0,0,0.003635996983829562,0.004789875498873674,0.0009875754546746238,0.024036675599635474,0.11469106728934585,0.09139223905249855,0.0011430766235827183,5.328341223887107e-10,0.03461704133058745,1.4100533664463015e-06,0.9477723879371014,0.016466083522527843
01552500,success,uniform,3.8403899884102994,0.6268149821627149,0.5745984672849322,0.053571275619350274,1,2,0.00034869301832543163,1.0,0.0001308278358474363,0.019138545778923804,0.043662844830904254,0.07480831041594438,6.069321956449455e-05,0.0007996799826498171,0.002061605996731419,2.9380902992923748e-05,0.8765944636108597,0.12045417628720166
01568000,success,uniform,1.0674656529447308,0.4774489492457563,0.3103284577052172,0.008784690939618983,2,2,0.00010000000000000009,0.20885193933140933,0.00010000000000000009,0.04936825731499365,0.06272128210185543,0.07343431798452714,5.25294605229683e-07,2.703364065127584e-05,0.0006196384108197845,0.0023133656062544073,0.9766847392206719,0.02035469782699747
01667500,success,near_m1c0,0.6801145335088183,0.6583045830821943,0.6283809643534164,0.006404765301468414,1,1,0.0002948818160149277,0.012000803076906107,0.00036433355357318593,0.00016941011168156733,0.05422930139260527,0.00010000000000000009,7.742329813178782e-11,8.610796455117253e-13,1.6088524515224543e-06,7.14970492302971e-11,0.9999983909924673,5.29968437631326e-12
02014000,success,routing_heavy,0.8762151268726707,0.7593483889919654,0.7615606754837433,0.08817704468987596,1,1,0.00023586482120391256,0.02302761085442509,0.00010000000000000009,0.001439428699768006,0.1311160427194795,0.14770609287291067,2.833760138290468e-12,3.857294797772664e-13,1.0524646988970068e-08,4.083939387321937e-10,0.9999991095774953,8.794862444533679e-07
02017500,success,near_m1c0,0.7556464181794998,0.8273794524557141,0.8251929804631661,0.23389490609218758,1,1,0.0004663089693570602,0.00025525906141223893,0.00010000000000000009,0.0028102418916255327,0.03856583120391036,0.04264538615981205,5.518582291096271e-06,2.8575907211904172e-11,0.001018149189105289,7.054104741609256e-05,0.9510569698589348,0.04784882129367677
02027000,success,near_m1c0,1.4358445667417492,0.6842169693815581,0.6194627696011441,0.06578520245575396,0,0,0.0015308847314114149,0.0012657676880337956,0.00274642635529772,0.00015850939417390533,0.09911357305448917,0.0016079899810976443,2.056931472192537e-05,1.9928730230076134e-08,0.020821171625501206,2.7002292778493334e-08,0.9791534191921808,4.792936573136692e-06
02028500,success,small_q,1.2970064598731477,0.5616838449228067,0.5458117307257859,0.052843703988565784,2,2,0.002492250841360752,0.00010000000000000009,0.00010000000000000009,0.00032486365752148897,0.08868333989915105,0.08365678141224635,3.852906956254423e-05,1.5039677065508378e-10,0.00020727276228637686,7.372501279864685e-08,0.9912248563940571,0.008529267898684367
02046000,success,uniform,0.6322799579680562,0.8414838744366164,0.671486168495655,0.05261762958521883,0,0,0.10578184789451868,0.24394782479743504,0.0019927056268314023,0.17388651262282817,0.08102809524107336,0.13107128077362853,1.3628138435252845e-06,5.826323477989073e-11,2.693424459174746e-06,2.299774378116772e-06,0.9999928116418493,8.322872066280675e-07
02202600,success,near_m1c0,0.42881288252237115,0.8701890745480848,0.8052032782995504,0.09045352915566915,1,2,0.00014538870120005105,0.00010000000000000009,0.0008434584714271726,0.01387446668761576,0.10668058020930772,0.1449527322858321,3.0826234582255076e-16,5.806962155003156e-18,7.622658922670893e-07,7.061526632320317e-08,0.9999986834291092,4.836897319871963e-07
02221525,success,large_q,0.4355216408160147,0.7774151192347921,0.7366713614337399,0.04342649344240214,1,2,1.0,0.3417073930550439,0.00012563649211921307,0.3173500422416442,0.0556411729560018,0.28043173050956444,1.195951347004017e-06,3.167396940604466e-10,5.164266358925762e-09,6.511027827056248e-06,0.9999904688403413,1.818699478607387e-06
02349900,success,uniform,0.3770136116776362,0.47272288370027016,0.5696936527985395,0.04844355931045295,0,0,0.33047181264478764,0.0013211734907096863,0.0008941539850445714,0.00207903277910526,0.03481206352854226,0.05633974408949188,7.726654472047734e-08,7.449539568333407e-15,1.055992233870677e-06,1.6441409808196195e-09,0.999998674948573,1.9014850005351578e-07
02371500,success,near_m1c0,0.34311854168897776,0.8749156212392176,0.7725837734197609,0.03649357777640055,3,3,0.00010000000000000009,0.0030791649475539595,0.0024631400034367487,0.00010000000000000009,1.0,0.06746555151816978,1.880797427540611e-16,3.981036949212904e-17,3.0110638450470605e-08,6.61070301955519e-14,0.9999999684620176,1.4272777359050533e-09
02430085,success,small_q,5.2940384498110555,0.6201533753689015,0.6524782921006442,0.01771029288795682,0,0,0.0013195381918038834,0.0023556463684102982,0.00047469490633780364,0.0014803803834447158,0.006252681852386426,0.004997681266988405,8.322950930546116e-09,1.47791174661464e-11,8.652357316702994e-06,1.9671276820687016e-08,0.9999902756907859,1.0439428905923816e-06
03241500,success,large_q,0.5555743998162442,0.7777304473523803,0.556215148374078,0.020931510726025122,1,2,0.00458416772292378,1.0,0.0028105042610068126,0.00010049293373797603,0.17003226050454023,0.15125778670061407,9.642002280742785e-10,2.2385223318079146e-08,7.270964579560441e-07,9.198409318981275e-13,0.9999988195476617,4.3000553692761133e-07
03384450,success,snow_heavy,14.790485104807498,0.269772563708535,0.2624071358906941,0.015846879494134627,4,4,0.0018176340320600786,1.0,0.00010000000000000009,0.00010000000000000009,0.00010000000000000009,0.02688608443750571,5.84057329259034e-05,0.023588643833347543,0.0013767147535161232,2.1589967344979853e-11,0.9071858537974595,0.06779038186116086
03473000,success,uniform,0.7495672002325099,0.750441708526887,0.4163135543132265,0.013656454196482566,1,1,0.025361603407337768,0.045794181579889265,0.00010000000000000009,0.13012400742039557,0.0013290803777344488,0.13980932540759422,0.0003212159643556976,6.28788597155509e-07,2.1339271617101288e-05,0.2438041907468947,0.7486797736322546,0.007172851596280791
04015330,success,snow_heavy,1.5449566088648798,0.8728717015733646,0.850717421398442,0.3883511740916325,1,2,0.0004864714867502383,0.29306765875138274,0.00010000000000000009,0.00012729870069026818,0.03002783648507698,0.03460843990597571,0.001083756080333542,0.20824988343197595,0.004125259812545406,1.128319481100971e-07,0.7637697306524466,0.02277125719075053
04196800,success,large_q,0.30396800207299,0.8976720070752436,0.7998003732958329,0.09867377506071036,0,0,0.005451809734359843,0.5968755569052584,0.0007225301453254628,0.38074089104293524,0.028680928989783395,0.07034271852204059,2.639035874062661e-07,5.761822919664859e-09,5.095705673649654e-06,0.00015613897487148047,0.9998358882788722,2.6073751723475062e-06
04233000,success,uniform,0.6445181853260302,0.39044717572967125,0.3876209141539725,0.02718474785045712,1,2,0.0028135398652463024,0.00013779291084075462,0.00010000000000000009,0.001091805799776162,0.16086999100223126,0.13568547249820767,5.803273145792384e-09,5.0503931560349487e-17,1.1591551380551622e-08,9.65258002162674e-10,0.999999592071486,3.8956843146513447e-07
05399500,success,uniform,1.9146538494111254,0.23952679116914033,-0.03597970887108293,0.030960634561327208,0,0,0.003751846850945994,0.14604554608295275,0.001064256512293843,0.005903437621684944,0.14855458125217202,0.07896621266654173,1.273499458596542e-07,1.3932438940780968e-11,2.328110361906377e-07,2.132378921959884e-09,0.9999994266244089,2.1106829760538624e-07
05501000,success,small_q,3.4198197040933733,0.750943272472823,0.7041114488690703,0.22838274942205114,3,3,0.003239717362167379,0.00010000000000000009,0.00010000000000000009,0.00010000000000000009,0.0013718195413061163,0.044620388657943655,4.937840298409951e-06,4.805723918202455e-14,6.871659529197664e-05,1.308619103580107e-08,0.9993391213011945,0.0005872111769759415
06278300,success,near_m1c0,0.9153327160562821,0.8549318760662348,0.7926628761037023,0.16689167952319184,1,1,0.00010000000000000009,0.000395602189739472,0.0002499307225142862,0.00036353960548474575,0.06745750731343231,0.004403953433038699,9.979911714960489e-05,3.3723718513189976e-12,0.003958544759793163,3.8681096764900475e-08,0.9959018540310609,3.976340752737073e-05
06892000,success,routing_heavy,0.7030963048337285,0.8239257455341867,0.7742237860777058,0.002080114661718589,2,2,0.00010000000000000009,0.018177734097477232,0.00010000000000000009,0.0005408768547302436,0.03737691351838083,0.10348585440624841,5.36640830579463e-12,1.9374309030327643e-12,4.0853039156632933e-08,4.429544921111839e-11,0.9999969792168306,2.9798785311134823e-06
07145700,success,small_q,0.9620219308015353,0.7233732932842081,0.7052302458395163,0.0033712721680572884,0,2,0.00014966343613446626,0.004612429153251487,0.00013642589546767266,0.0022916524759759595,0.003942071190546007,0.00046114144790256794,6.0089182371128e-10,1.4684822602191308e-11,1.564381484518058e-06,4.726621922709744e-08,0.9999983833932968,4.343422626241041e-09
07184000,success,suz_heavy,3.9031722719999937,0.7818964166188078,0.8160927887831604,0.009517146170031467,0,1,0.0006126861789804641,0.00014644786497294759,0.0008941291561411563,0.0046077132610903015,0.0038818036432819083,0.036717118526725365,2.3424064785899375e-09,1.2204722089844525e-14,0.0002015875483782843,7.535589943177578e-07,0.9996541283871252,0.0001435281630835192
08271000,success,snow_heavy,0.03671419010088739,0.992152447281529,0.9723661571631405,0.038361360149653544,1,2,0.11495536677702803,1.0,0.028366230744142646,0.0025209322123841615,0.18378370983954667,0.0001514006726183074,0.41547404467393173,2.1068232426645144e-07,0.06691683308679745,4.396784550044261e-09,0.5176089069927156,1.6744639012692003e-10
09505350,success,snow_heavy,0.6634552336463201,0.48923063749764906,0.4432746387223164,0.07894260363581596,1,1,0.001353054331012825,0.5465114054322725,0.00010000000000000009,0.000617002242146308,0.035809404031683124,0.07705707924420233,0.0003954417204655098,0.220045229969024,0.00850321685107953,9.300106015230286e-07,0.7405851495106393,0.03047003193819009
09510200,success,routing_heavy,0.3220164247069054,0.8244495605380887,0.7012958728858567,0.08696557039048392,0,0,0.0032660607386031004,0.000861965722325209,0.005439228412318096,0.0001655090993463114,0.008124227313369061,0.20317727659541632,2.407594982023106e-09,1.6769298937948364e-10,0.902713434332548,6.922767534802429e-07,1.4897007901786302e-08,0.09728585591840243
11148900,success,snow_heavy,6.741403558145297,0.7088436175919335,0.514696284888541,0.018275211571588804,1,1,0.0028738441549662694,0.013087479811353268,0.00010000000000000009,0.0015057958818432775,0.009669263301511234,0.005649087517106769,0.003212368525069827,2.9935163436200643e-05,0.0580720353238998,1.6539003955032597e-07,0.8053647583964696,0.13332073720108517
11264500,success,uniform,0.3744500934713151,0.9681333726325179,0.955917298920142,0.0160249774988681,2,2,0.01118558174988394,1.0,0.00010000000000000009,0.00019260725455852218,0.024883775742712368,0.0008420795446313268,0.8074507877632511,5.515572342359516e-06,0.00011079836852210521,3.31249476896725e-08,0.1924323147456893,5.504252474265902e-07
11266500,success,uniform,0.3897539772080674,0.9647494366380737,0.9565903517198237,0.0066866419744177836,2,2,0.006692756309941492,0.0007427579448776407,0.00010000000000000009,0.00010000000000000009,0.05545259291570606,0.026863473466851733,0.19535967370935908,2.237074064595281e-07,2.4252834617349066e-05,6.55535474335356e-09,0.8042133016078515,0.0004025415854107518
11381500,success,small_q,1.3148477280186193,0.5832460953222903,0.5621218106947066,0.01189789175365196,2,2,0.00010000000000000009,0.17212598076151597,0.0004948396995194635,0.00010000000000000009,0.005176313355661484,0.007845309769589059,6.704971754147688e-07,0.03499365336451346,0.10737946734552131,8.738178287118178e-08,0.8564918516823142,0.0011342697286926763
11451100,success,routing_heavy,3.8606006390914636,0.6109993958622729,0.5114523999480922,0.018073977471894324,1,2,0.00010000000000000009,0.000113316248602486,0.00021626202043672588,0.0038858554962702633,0.010974660442108257,0.004157756033681633,4.776050800727399e-07,8.701937161620505e-10,0.048032074757655766,0.005414005619481186,0.9328257789543806,0.013727662193208565
11476600,success,near_m1c0,8.199297278125279,0.8327166568187512,0.7977474014314168,0.12326394657159134,2,3,0.00014130132484758837,0.00010000000000000009,0.00010000000000000009,0.0004290404927321229,0.01585391227231294,0.0005879124136790834,7.117243273248648e-05,2.117113982314761e-10,0.003918215188844842,9.164698262019046e-06,0.9958214533587708,0.0001799941096784574
11481200,success,near_m1c0,7.163154603482548,0.8126613020594673,0.8160219322015442,0.03179934483123598,3,3,0.062151055130257586,0.00010000000000000009,0.00010000000000000009,0.0034904963787859198,0.005766855041883002,0.00010000000000000009,0.22126223583430996,2.3138536322001785e-09,0.03884174178928106,1.2064383728809673e-07,0.7398851866805981,1.071273811992749e-05
11482500,success,routing_heavy,3.2609015786271787,0.8774709655119596,0.86556935276929,0.030926087720259083,0,1,0.0005013400750414227,0.002408685642120658,0.00011551844356439324,0.0015353677797198153,0.05460838329977264,0.10929988227082596,7.286434542909399e-07,1.6307743572114182e-10,0.0003158318800034604,6.603642539547436e-06,0.873677902774779,0.1259989328961463
11522500,success,uniform,0.7433320637733599,0.7600946936156222,0.73658891459994,0.06450542227069932,0,0,0.0030892013625148035,0.030106857318573505,0.002449761247675887,0.35731517711019356,0.22581917396905898,0.08348495704086571,7.008314175112335e-06,4.386325378626496e-10,3.911039736935595e-05,0.008797145129240038,0.9910684477770327,8.828794355026088e-05
12025700,success,small_q,5.437124620967757,0.9041127397381465,0.8616124877160498,0.03294629540165669,1,1,0.3544858345678363,0.00010000000000000009,0.0008433274994822755,0.22847422667059644,0.029371462261968486,0.0015125248934823457,0.4268496284698526,8.718965092746083e-13,0.015881773247999862,0.05046595107497689,0.5066969949889151,0.00010565221738386565
13161500,success,near_m1c0,0.0058182380086347334,0.8665816999475978,0.3478807117320627,0.47178489690680875,0,0,0.000269804463548737,0.0025773415018664515,0.0008753552555412082,0.0028000672371769476,0.22583883865580165,0.001637443680930074,6.977293578119702e-05,1.0947281900501136e-10,0.013182866950169939,4.776134755896106e-05,0.986699470597965,1.280590520233887e-07
14137000,success,routing_heavy,4.493133699067103,0.8557342920322726,0.8471761835710747,0.05071599364523174,0,0,0.0002621511468775358,0.0011777924756409131,0.0016181628582560303,0.004972811017787982,0.2734961725714932,0.4238441392958886,1.4861090434547502e-07,6.377298626788812e-14,0.0008489145187312553,2.0747366198110792e-07,0.9967116008565358,0.002439128540102882
14158790,success,large_q,6.512731294266569,0.913953517149013,0.8786147556677807,0.016720734412790046,0,1,0.010936003708860904,0.7265149603361507,0.00030752234237207466,0.184318809926428,0.17653185005979152,0.11089286863410709,0.0029836913559593693,6.023695916879775e-07,1.1711076800951443e-05,0.001649733500503951,0.9930908417646525,0.00226341993249156
14222500,success,small_q,3.9600087557889045,0.9105904169300493,0.8689434242268611,0.053042868096962605,1,1,0.00018657109816037326,0.00026377946899934073,0.00010000000000000009,0.0032148650544441154,0.15754834496597148,0.0814860422999138,1.1178951593972764e-07,6.086392228858653e-14,7.398002268439615e-06,5.782295761425981e-06,0.9961657829358053,0.003820924976587919
14316700,success,near_m1c0,4.8812181044020155,0.8071894859909686,0.812029568353959,0.03028716142169269,0,1,0.037967545269673726,0.00048629573259775436,0.00011701572719022269,0.0010916080897110225,0.049201310469572476,0.15075356405786566,0.0695798973494633,3.845051092275803e-12,0.0001735858794356637,5.936060524372074e-07,0.8425133426181823,0.08773258054302115

=== END FILE ===
=== FILE results/23_camels_switch_confirmation/noise_axis_training_length_20260902_hpc/L3_m1c0_per_basin.csv ===
basin_id,m1c0_nse_holdout,status
01144000,0.6550340128355702,success
01435000,0.6382193470146813,success
01510000,0.6990424639833774,success
01552500,0.5745984672849322,success
01568000,0.3103284577052172,success
01667500,0.6283809643534164,success
02014000,0.7615606754837433,success
02017500,0.8251929804631661,success
02027000,0.6194627696011441,success
02028500,0.5458117307257859,success
02046000,0.671486168495655,success
02202600,0.8052032782995504,success
02221525,0.7366713614337399,success
02349900,0.5696936527985395,success
02371500,0.7725837734197609,success
02430085,0.6524782921006442,success
03241500,0.556215148374078,success
03384450,0.2624071358906941,success
03473000,0.4163135543132265,success
04015330,0.850717421398442,success
04196800,0.7998003732958329,success
04233000,0.3876209141539725,success
05399500,-0.03597970887108293,success
05501000,0.7041114488690703,success
06278300,0.7926628761037023,success
06892000,0.7742237860777058,success
07145700,0.7052302458395163,success
07184000,0.8160927887831604,success
08271000,0.9723661571631405,success
09505350,0.4432746387223164,success
09510200,0.7012958728858567,success
11148900,0.514696284888541,success
11264500,0.955917298920142,success
11266500,0.9565903517198237,success
11381500,0.5621218106947066,success
11451100,0.5114523999480922,success
11476600,0.7977474014314168,success
11481200,0.8160219322015442,success
11482500,0.86556935276929,success
11522500,0.73658891459994,success
12025700,0.8616124877160498,success
13161500,0.3478807117320627,success
14137000,0.8471761835710747,success
14158790,0.8786147556677807,success
14222500,0.8689434242268611,success
14316700,0.812029568353959,success

=== END FILE ===
=== FILE results/23_camels_switch_confirmation/noise_axis_training_length_20260902_hpc/L3_borrow_matrix_nse_holdout.csv ===
donor,01144000,01435000,01510000,01552500,01568000,01667500,02014000,02017500,02027000,02028500,02046000,02202600,02221525,02349900,02371500,02430085,03241500,03384450,03473000,04015330,04196800,04233000,05399500,05501000,06278300,06892000,07145700,07184000,08271000,09505350,09510200,11148900,11264500,11266500,11381500,11451100,11476600,11481200,11482500,11522500,12025700,13161500,14137000,14158790,14222500,14316700
01144000,0.7104217706572578,0.6119969073169074,0.7732196832082915,0.6439106834812854,0.5612956870886456,0.2537761764445634,0.3959725998641829,0.7604562151862647,0.6373706134401977,0.5327172598493244,0.8560169133334268,0.7808391911907813,0.8136748250835283,0.30199960880334076,0.8387498005832185,0.5248293150140424,0.7150604080155505,0.2106969837397057,0.6111998250967468,0.8688425007994051,0.8970894162924431,0.1856010408933293,0.06598957160277219,0.7528546306868115,0.8494074340900573,0.8018883678686173,0.7668751024467215,0.7192599981143959,0.9845255541101773,0.5195326279429391,0.7355207739806697,0.7035452916976843,0.9204333452959214,0.912990093927133,0.5447369298738265,0.5386152700593541,0.822801164524298,0.8236434238767496,0.8772238652392872,0.7525143775890974,0.9038033835963504,-0.30770566508174735,0.8856216779512087,0.8994555076081523,0.9007869491802614,0.8288849653230682
01435000,0.6369270123755956,0.639783895184302,0.686828054741466,0.5911468037026932,0.5059517259964275,0.6511384494035266,0.7681801802763807,0.820918607191067,0.6193722586128607,0.5666950614007646,0.776223190872773,0.8355126062305404,0.7312177923867136,0.5990967187929873,0.7986665166458637,0.6532773487021822,0.6707910258565887,0.08607338512417761,0.5906632603543085,0.8641200424308002,0.8646809037174598,0.3134401900848044,0.07739074460359874,0.7339440490331431,0.8484272979834676,0.8070394547156902,0.7250840202578095,0.8141815750802951,0.9705784692102271,0.37985297103400206,0.7243900682725973,0.6965328248488237,0.9682348752938967,0.9665475119871041,0.576969248617603,0.5712093574840424,0.8321309127804788,0.8227195599648632,0.8887570451894331,0.7427778072217555,0.8590552946701122,0.8996810680585482,0.8454570525921336,0.8751514374458242,0.8618119453527587,0.8027631960436159
01510000,0.7255982588809975,0.5952310241900375,0.7902257296255166,0.6554660981533357,0.645641631018776,0.6565672618545716,0.7380153715247991,0.8159494578397463,0.6532800693915586,0.5655671216303386,0.8243905710850916,0.8494931384818314,0.7903880722363941,0.5354383392947253,0.8745564638901178,0.6244606098853398,0.7702278220100306,0.15185923412018432,0.7122682944960685,0.8672914386524646,0.9032524587739548,-0.8362812815577165,0.21040223151636328,0.7789905385248745,0.8992176682718513,0.8232613730218254,0.7454538635103283,0.8005107285941688,0.9885457528273263,0.41982889653766586,0.7938241259060004,0.6992475137674257,0.9607670641474892,0.9590859065066869,0.5368169535089735,0.608878198152315,0.8380920520923673,0.8305879796243367,0.8891255798931835,0.7666805696898331,0.9133531877229207,0.8466459607193662,0.8838120429312826,0.9120689818977574,0.9041546651059932,0.828624849647439
01552500,0.501494814128297,0.6437734179847758,0.7424289123262411,0.6268149821627149,0.4714148573982718,0.6787251480924377,0.770862408259782,0.8261625437600095,0.6453587660634148,0.5757280981540501,0.7696242117755623,0.8796020384949832,0.7717400608614865,0.6145166872081931,0.8791885436058988,0.6301765467390876,0.7277734871611938,0.23757391012839513,0.6896113040429572,0.8706170022267664,0.8857170201852644,0.25361031807217527,0.05381641861093289,0.7697862186972673,0.8454676029196648,0.8241511631058505,0.7546655249288509,0.8108892264713421,0.9797833918731242,0.48477657798727924,0.7534911136051101,0.7050164873973965,0.9489429712021923,0.9531129311288583,0.5832696633095791,0.6004582313568877,0.8159032317937526,0.8286328282607358,0.8805021857851404,0.7632736620240932,0.88861174341465,0.8783545962659014,0.873661445046161,0.8934849341863138,0.8899361775355764,0.8183621140600739
01568000,0.6609612680742674,0.6370129669024553,0.7583390500811773,0.635782683617492,0.4774489492457563,0.6905352503978941,0.7665259207089106,0.825052459144433,0.6422450548691907,0.569182290949219,0.7785661461770192,0.8668524709503347,0.781390688917483,0.6059274603401223,0.8747628132606571,0.6260245499350068,0.7665965710701252,0.23742340800749628,0.7323487841605409,0.8716667928853352,0.8901260321727329,-0.24447483451463414,0.10259815755690838,0.779234772999862,0.8588553528631206,0.823979464584019,0.7576060042868231,0.8087987387785773,0.9845859123990249,0.47142763068797355,0.7918962109615685,0.7041558821423507,0.9564315715541075,0.9578385053229017,0.5701927033970269,0.6060591628940184,0.8296012180889136,0.8308990200434292,0.885665984263417,0.7696553587238673,0.9013703070168292,0.873886533923693,0.879902800390501,0.903838390590979,0.899511017893084,0.8259188192089817
01667500,0.715777135930834,0.6071496855675298,0.7741731360304701,0.6503414157090763,0.6461013337547536,0.6583045830821943,0.7407341821446459,0.8190925750298835,0.6357917343167528,0.5689274075666337,0.8163647583643945,0.8267691056635869,0.771273219728121,0.5001558510569315,0.8045274264946682,0.636828936551016,0.7508183511381573,-0.9820455779791748,0.6464895951587137,0.8408181807105014,0.8941947737206464,-1.0893357992123396,0.26042122851647675,0.5752192757468302,0.8468500636802434,0.7892292535111629,0.6976440914571491,0.7557543095807848,0.9881023692848421,0.3325542922339828,0.8002956520413342,0.6075215191866274,0.9722641405673325,0.9682959341571116,0.4818973584562444,0.49341317800510676,0.775835203295782,0.8135325974631284,0.8779097962614792,0.7540080793828007,0.9093597823132796,0.9538739189327764,0.8764775459809571,0.911230304529149,0.8979696889833042,0.8244483242371589
02014000,0.7175633027047009,0.6277023447655847,0.7720311343026403,0.6432385837244308,0.45954826770897206,0.6770497676756693,0.7593483889919654,0.8223620735899886,0.6554516675299544,0.5730288150050522,0.7734240361948412,0.8908198532559246,0.7862603255933993,0.5979217514286933,0.8911701483864192,0.6386074870512062,0.7306618641252784,0.21507886040387958,0.6811625892436886,0.8706076866484647,0.8854490910836122,0.4126512429936581,0.03612771768883227,0.7606064325354115,0.8555131554566329,0.8251689338453099,0.7554950848025686,0.807251339263388,0.9860623301736984,0.4847068081242204,0.7474597449393998,0.7037685830234497,0.9456481131422592,0.944808651136534,0.5720590214741375,0.603785400665408,0.8286901413529663,0.8282735995488799,0.8845714058599701,0.7611876938443458,0.9073670414507118,0.6969852584167324,0.8837930100890818,0.9031388636514746,0.8977995644821244,0.8270141437105413
02017500,0.6929491226461726,0.6434895873823684,0.7444997579384867,0.6284905055963795,0.48297105861591505,0.673439542655099,0.7640347184810333,0.8273794524557141,0.6398755640960526,0.5694987592268553,0.767902176628814,0.8781342233438375,0.7685701781843558,0.605055580016479,0.8692006350834489,0.641665760252734,0.7206771160976027,0.26295773423357327,0.6464405336040095,0.8707884230464253,0.8857888817966686,0.3710768011744109,0.08971429895923844,0.7715923375825345,0.8436914432549437,0.823519896525879,0.7557872010483986,0.8132670876612828,0.9820601686856153,0.4505988155123908,0.7457178979154049,0.7041897419068168,0.9588461927307768,0.9598618523101057,0.5739144476171203,0.6081087522639563,0.8313683746985446,0.8305967728127036,0.8858213737073983,0.7655897301060931,0.893583399010109,0.9234569252637634,0.8717570329689206,0.8995296359082735,0.8890161419158452,0.8232639870588563
02027000,0.6721956115899153,0.17977221138429889,0.8173208028228057,0.5698179332698408,0.46126770321780564,0.27031659194730806,0.23612942284472738,0.5381724797220546,0.6842169693815581,-0.20103819518892085,0.6466935534492408,0.7332994582738479,0.7643311801745314,-0.007754223033257013,0.8456702712191911,0.44817484765942517,0.5453992126298952,-3.227868395740236,0.7078525270969773,0.6242118657410218,0.8265390275283789,-0.9469669386049357,-1.1261934094322865,-0.3762535523568926,0.8344699252284288,0.658074548435746,0.5778465328818918,0.23667539964020312,0.9914496055978987,-4.178937932326913,0.6611822831776516,0.3078876867128659,0.9712214602553563,0.9656753303719771,0.3597575982226664,-0.1238201673725432,0.7400862153281663,0.7864877655182814,0.8384398734920029,0.7329466599031393,0.9266738976959723,0.9556640805645513,0.8764343882422971,0.913343034749978,0.9153179894620659,0.6497397852723272
02028500,0.7203129168023641,0.6257596279253426,0.7699610077609744,0.6385438931122815,0.4797484042545995,0.6777418660057597,0.7582235290936444,0.823331445622741,0.6424968934402411,0.5616838449228067,0.7743101916901551,0.8874111846345193,0.7843208714149935,0.5928184446046978,0.8864108042173915,0.6320261894401569,0.7363865731008443,0.22489264339113502,0.6710088735185028,0.8697246406545311,0.886321688252156,0.3756870743765768,0.11359046296589614,0.7692081647378162,0.8444867788305525,0.8251554129157803,0.7563939177973743,0.8105808725004986,0.9871187721319716,0.46140043577571,0.7475055659070364,0.7021823421836244,0.9600004007440707,0.9587740154989945,0.5557860188954586,0.6064199498029024,0.8346668906023185,0.8309987374145759,0.8876712025803588,0.7671130656384624,0.9086511554774277,0.8797966965337962,0.8831545975929622,0.908916082327419,0.8997858590211698,0.8276919597937803
02046000,0.7149260087708336,0.4917433043720567,0.7777147591508503,0.5973538919661003,0.6670376667876867,0.6024005199439177,0.6556295479669748,0.7995625728264639,0.6936640273619037,0.4562819483033884,0.8414838744366164,0.8357041665747977,0.7933154018691875,0.5471953213717,0.8910429889958872,0.5995483129591835,0.759793963626016,-0.004733663659878262,0.7561013058272948,0.8181450837501257,0.9071189478006412,-0.234002288954128,-0.15158506485529366,0.7544112114069927,0.8884171668848218,0.820417103767141,0.7413570765348931,0.7835421778300433,0.9843537143306816,0.47075619004786273,0.8033492350756398,0.7024764415193316,0.9330164362005943,0.9260119639399682,0.5670721089114961,0.5969242485567251,0.831814669247059,0.8291271145539882,0.883736375977833,0.7743445670410983,0.89701979156453,0.5795238300515794,0.8772328869883539,0.9079840046739124,0.903682015489841,0.8307561030963546
02202600,0.707255893562672,0.6285335709855329,0.7733693450142769,0.6536129132074309,0.6050202964225879,0.6665923762351067,0.7597292413202725,0.8234226186029958,0.6615442050859233,0.6025332886711507,0.812518751995635,0.8701890745480848,0.7851867169270595,0.6001322109427543,0.8827784054660874,0.634227597016165,0.7380801561060433,0.19474684431524925,0.6926301585857046,0.8698725733652914,0.8950412140474937,-0.306148062571431,0.11287042353702736,0.7812487637108935,0.8628096825017371,0.8257201984874971,0.7510546784936136,0.8047857570750384,0.984418420993162,0.4586713797969132,0.7627225933897513,0.7043300247823066,0.9437062694750702,0.9443163056065574,0.579091746296738,0.6042254371543447,0.8243577660682907,0.8283545069225374,0.8836003317568402,0.7616001074894106,0.9025243776359722,0.7107178525978826,0.8824183195541618,0.898864599200784,0.8955701014938416,0.8245712165558847
02221525,-29.213881540740807,0.3378367649040548,0.5566912583827671,0.3574681439754783,0.392465777111502,0.5473005172551442,0.6302696957087506,0.722237876443711,0.6253844862249482,0.4296253210870138,0.8472013084814802,0.8577396418000107,0.7774151192347921,0.5842455742242901,0.8861394833883791,0.5840342239951084,0.765043790683027,0.0003983068042661131,0.7448388490426789,-23.98655098102379,0.8665268419042731,-0.5092783296893648,-1.0391860415945953,0.7761090168283883,-0.8207114951946284,0.7911327133515739,0.7387984483896669,0.7802421317316452,0.28962028067415335,0.1744571806469113,0.7970687718443816,0.6991851646782941,-0.9342381418478645,-6.3163138065933,0.5788186649514865,0.5699827063770149,0.6382832556654784,0.8042865299156715,0.8544011818322063,0.6965825809950602,0.8501098715178114,-2.5847560794188777,0.4115879387277509,0.18019092000537318,0.8182681372508134,0.7680418571761907
02349900,-33.04845748473233,0.22626541113548326,0.5421602419000237,0.294090329562128,0.5559384872486459,0.5924734580185748,0.5885051640377201,0.6952976378426996,0.6132442171782921,0.22653796981652174,0.8633732480702714,0.8360499261555968,0.7765035126255955,0.47272288370027016,0.863530984838899,0.5885812556585138,0.7216533849369839,-0.22951802777783437,0.7228910605355874,-13.286427857660733,0.8651036428138215,-0.6642804404878435,-3.2516431435419886,0.7398494391839042,0.744896174091988,0.7777959346126787,0.7390992071849063,0.7785092360917382,0.9737061202204341,0.5032818753567294,0.812852647122289,0.6877079964270941,0.6117005456183785,-2.6657874528347305,0.572237384398181,0.5973816761610071,0.8486412722241911,0.8314524310975474,0.8886901753663479,0.7805652402549382,0.8924733166133276,0.8321925996258671,0.848000749416873,0.9056709864217689,0.8877603521475936,0.8269387087639185
02371500,0.5826017798804205,0.2718151889533128,0.7032626999752623,0.46322762586404553,0.4532405465275441,0.49922610980524873,0.606101538610931,0.6010874712683523,0.3867646850484868,0.19673357207259945,0.8359377730295838,0.8076444445520803,0.769214010465326,0.3127421713837393,0.8749156212392176,0.26143953874696746,0.760093959899619,-0.6005837630868818,0.6738232009821907,0.7875983757803289,0.8974444577941483,-0.3938619252197897,0.3222492732684923,0.6815478728868469,0.7901670741291573,0.7389839144772039,0.6893500300209532,0.7368943609576375,0.9626135199290957,0.3484035846770879,0.8233279722882969,0.4109853324224758,0.7226317182008181,0.6690699097247137,0.12135257288221557,0.45368583660150086,0.7538685941611807,0.7260844686270544,0.8146845494372482,0.5562234401220189,0.8971311303670845,-4.097431500487548,0.840803382920181,0.8762831230342609,0.8853468963907737,0.7499860416236943
02430085,0.5614603532295194,0.6026467984736894,0.6317223632681359,0.6094234992017766,0.6520009125840933,0.6376785936035995,0.73104534222064,0.810252490179034,0.6192058398738514,0.5048581441879716,0.8222225207160627,0.8006165992958028,0.7181319113860026,0.4185753428399034,0.793643664992332,0.6201533753689015,0.6964365506449657,-1.2762237792222395,0.5872691687497466,0.7894923265277032,0.8860969228739553,-1.6145650882234799,0.21574980251063436,0.5215185582812382,0.8227531476377327,0.7973185438220428,0.6769533598423653,0.7497788816166652,0.9445685587493042,0.33996322446513294,0.8095330913892773,0.6818477967855758,0.9505803661640649,0.9488414445898083,0.5847833353178303,0.5900841936530004,0.832965212181845,0.8191607824734023,0.8855814929019772,0.7067244608502837,0.8145221021910931,0.7867096421460456,0.8182949172451972,0.8344823740505296,0.8398592466041541,0.7584518647936657
03241500,0.6755175337935246,0.5569286835018442,0.8032659468900972,0.6496740417651414,0.6496679410467062,0.6152525315345042,0.695279802278862,0.7981977535596166,0.6837937990897243,0.42620194737736816,0.8367495351465469,0.8451606565105061,0.7955976029425351,0.395110529951872,0.8754373191114915,0.6021143491217161,0.7777304473523803,-0.11560620929743437,0.7144177398346727,0.8590510097190909,0.9095628027258021,-0.33417492142070127,0.22738912971555836,0.6951477970205114,0.9080533889474295,0.8208289450679542,0.7261900504932,0.7862107029111638,0.9875764355727892,0.4109543225452694,0.8187943084636382,0.6981402617868575,0.946830739199911,0.9439730588979327,0.5446717560385006,0.6134864191627096,0.8365336634177843,0.8287336379607453,0.8874116205304158,0.7607051343559839,0.9136498861311094,0.6586406007088107,0.8825780305191704,0.9067754798069199,0.9032307098359995,0.8275997846224357
03384450,0.14588295159379872,0.5942772007702293,0.5651324681043082,0.5294252044862291,0.41459377665163955,0.6287495150147577,0.7578307629834792,0.7998963042218857,0.5650718456049316,0.5092297214163617,0.7174567344427398,0.8473355436285048,0.6206572163671649,0.51453287657717,0.8395262890307218,0.6180650744995024,0.6137340407812992,0.269772563708535,0.48475443793404915,0.8292530197809527,0.866260885749641,0.28902000662718763,0.07984999607653254,0.7467021725090901,0.8247201826644177,0.8235955400040902,0.7438261701531854,0.8161201004054298,0.8408669963626769,0.43834645953179474,0.7417479328739862,0.7040452585920085,0.8791043182916193,0.8833034683187171,0.5422373468428464,0.5633155323954162,0.7686812247625693,0.8019016873086654,0.8278281318555126,0.6168252631837023,0.8017284824346596,0.37279329577929,0.7925072032972482,0.7985410672873502,0.8305792803182647,0.7133014347154574
03473000,0.7022289555920803,0.6064053109723662,0.6662583080796398,0.5981462256301031,0.37480827951564966,0.6760716590355884,0.740793139014858,0.8110142764163336,0.6306447472075682,0.5504964388396449,0.7796362955957132,0.848027458870321,0.7003589140931914,0.5524322427983381,0.8859311346591807,0.6155619251815752,0.7507817082222983,0.21276433338789014,0.750441708526887,0.8481872077058392,0.8885616943025572,0.21946686362443102,0.20376923214573894,0.7724246751977628,0.8398894111952968,0.8205651066704953,0.7439194062074389,0.8023989252752326,0.9238396031587325,0.5075126216430692,0.7981284980272895,0.7035967479351677,0.9205353515450295,0.9054971168348224,0.5755867408246798,0.5664620392531176,0.7719168423120695,0.8056249331719154,0.8306095645927474,0.6886915044045676,0.8376949460341973,0.6064490384285611,0.8275222106205468,0.8493617750631828,0.8630485348308738,0.7454035011086267
04015330,0.512871267953789,0.6456644541699084,0.7325459641245156,0.6223017835025364,0.48506918069294347,0.671926383297237,0.7657414314066084,0.8271105016943078,0.6389139242006827,0.5708108582390483,0.7679344831859582,0.8739363033587766,0.7610501114003493,0.6072332278546972,0.8616142405289215,0.6479819562860312,0.7119251836683742,0.26402992179256135,0.6322663042439631,0.8728717015733646,0.8847755454940261,0.37037744451792765,0.09320978788740608,0.7711427521137132,0.8432512795009668,0.8227909111032836,0.7544628137318027,0.8155926746736724,0.9794536762738468,0.45197826551041087,0.7439945044047525,0.7047176117518038,0.9581096366157004,0.9596205670952525,0.5786968769598831,0.6080142034249998,0.8302109752659239,0.8300583189241794,0.8852154776706447,0.7629308013973285,0.88602112119782,0.9210054331031058,0.8658272637150364,0.8942517973375187,0.8830282912044913,0.819796911938292
04196800,0.5593257137424011,0.6153838215156557,0.7364273611368024,0.6446787885196112,0.6431078865583265,0.36741192120076793,0.3639621393306054,0.7584748398151715,0.6141363021415364,0.5031326455697065,0.8285864799093099,0.7157941769401648,0.7935406248889203,0.24450669691260551,0.82983415924913,0.5224566153205474,0.6917784894772214,0.18600335190164374,0.7126314252336321,0.8634821504925025,0.8976720070752436,-0.2599198122503179,-0.025833971631912256,0.7137720090810837,0.8882236367164003,0.7954944075035966,0.7592012367927404,0.6906181813551069,0.9748880515143743,0.5035543111783289,0.7219869955674184,0.7039142412167265,0.9464726513390088,0.9477087581793527,0.5529329830849186,0.4553648143007579,0.8172958636852163,0.8251188970686814,0.8855757330319396,0.7784648864139938,0.8782579080376602,0.7787698091952198,0.8725805683798046,0.8920916621700882,0.9096823345751732,0.8135226253675513
04233000,0.7294293029309182,0.6115447170020102,0.7758836462344305,0.6432905332457115,0.4666628077236369,0.6778445899351,0.7554798161289641,0.819098860130602,0.6491643323872094,0.5612744542747865,0.7778385016239602,0.8902072574675496,0.7885594740275396,0.5832469863196551,0.891057332529145,0.6383341162255016,0.7391463876258058,0.20662426827386726,0.6834084580082904,0.8694605172269793,0.8873283389977693,0.39044717572967125,0.11333242273511224,0.7643943744050912,0.8461982191198079,0.8253802379809758,0.7554637943115949,0.8074564547822535,0.9881037907676483,0.470441232215417,0.7475504169813884,0.7004129444587642,0.9515714099447915,0.9484898854366862,0.5507656826611937,0.6033602778421825,0.8344979837566481,0.8286483612458472,0.8861465403846605,0.7615355407225498,0.9133847957781588,0.7100562505893552,0.8842774686648626,0.9087407873936882,0.9020731188824226,0.8294028787720948
05399500,0.7159517035753507,0.5613981795955829,0.7933614431305527,0.6473812469184703,0.6499057014281044,0.6456653610735156,0.7248260415626614,0.8058269309295877,0.6421717303313514,0.5352722926528938,0.8284627583750369,0.8448295698332061,0.7894756251963557,0.516889807947144,0.8711916109394839,0.6188472410432646,0.7757039541382857,0.1178357635887215,0.6955244993963332,0.8617626756818701,0.9063728996103368,-0.8996965749380603,0.23952679116914033,0.7694775697225107,0.9013638395449028,0.8190959735936547,0.7427335841432874,0.797031586628123,0.990513735036617,0.3919407583576673,0.8099373442043802,0.6884531136056756,0.964987568493515,0.9619097735467549,0.48992071073615684,0.601814282775695,0.8380898114320585,0.8282213226325265,0.8876373674911046,0.761981816343825,0.9196245109415504,0.8616589481798412,0.8825431601716524,0.9156343720691517,0.9104241729393143,0.8283007461211996
05501000,0.49491233921727684,0.6040055360853573,0.5972137297054518,0.5520594716906418,0.38764026016402753,0.6434997912351879,0.7638256688442026,0.8057140689189211,0.5813080453419605,0.520725992928463,0.7474890910789351,0.8610343246215101,0.6871395524009134,0.5467797822303255,0.8671017894017994,0.6432055629441986,0.6573013617715916,0.25245003934141375,0.5625746365820905,0.8344793829693868,0.8696244691018857,0.31622822915777693,0.0944209193666471,0.750943272472823,0.8478384748471723,0.8216890138339623,0.7442220683504015,0.8105652638648804,0.8853723913935803,0.47501398454698585,0.7456574870507151,0.7036728779403678,0.893265706199737,0.8747575106976763,0.5726217190878802,0.5632621705773677,0.7681255422152578,0.80512754598436,0.8300946755210363,0.6542838596147431,0.8181652019737178,0.49648188457323406,0.8084525594884939,0.8179797398910517,0.8431408243834903,0.7321527394532961
06278300,0.7237036791832798,0.5999309918935405,0.7726381294283724,0.6381483073190839,0.6137449594242833,0.6620612266501982,0.753761009019047,0.8157295755665522,0.6226298905495466,0.5620016798813853,0.8173133248261677,0.8472372812117378,0.7713523217131586,0.5588372644949915,0.8149082949623758,0.6288027595467668,0.7428119252425953,-0.34655198526080255,0.6455654471078264,0.8376538988112165,0.8941772476193168,-0.45468302418610795,0.24460756603668488,0.6589879274309105,0.8549318760662348,0.7931911426543375,0.7072618644069526,0.7846610048635517,0.9895897826533314,0.34312681869451767,0.7841239689238805,0.5841085923771168,0.9721389650942286,0.967747358448469,0.4564178896689596,0.49997440701147655,0.7739848405654565,0.8065585287647216,0.8706199833640862,0.7502555834344887,0.9142496852990298,0.9540173876413705,0.8789393072074352,0.9134069906066172,0.9037785529466325,0.8235496550042393
06892000,0.6646223754556968,0.6418792790245194,0.7231977923683741,0.6132783494416896,0.43621627727228507,0.663228303248447,0.7639069028073466,0.8228634880290978,0.6446266014708253,0.5777208942993217,0.7634127922569832,0.8861005743348155,0.7663395881389952,0.6177045906314806,0.8882086810415379,0.6304745271120628,0.7081611599521618,0.23063074313101894,0.6570089531815915,0.8681133774400682,0.8823855151390284,0.41603314743915765,0.005983512226500065,0.759556366653346,0.8377972943608409,0.8239257455341867,0.7530257996208347,0.8097412245586822,0.9733948291448586,0.49643796558787245,0.7477511485261424,0.704426838940718,0.9360418168208688,0.9410534636083335,0.5982681247365461,0.5855590528400709,0.7960576178532429,0.8233468189516706,0.8702624910890726,0.7523753144335927,0.8736373253619084,0.8331591062201945,0.8683252917984264,0.8796159469691931,0.8834594565148529,0.8060125485745324
07145700,0.47971445259376577,0.5949976358749016,0.563217989584923,0.5217650531705719,0.5434098624658279,0.6283622381761385,0.7687011487888966,0.797224917988512,0.5618400682873255,0.5408871154881818,0.7735986185452212,0.8132604132352144,0.6886159751562331,0.5802354259253291,0.7848309830335701,0.6445412410075442,0.6264168328211346,-0.06385693495634737,0.5394202630086724,0.8412101599433688,0.8651944272956805,0.12452225958855045,0.05113355082988169,0.684060410857047,0.8446841831989731,0.8018237320982419,0.7233732932842081,0.8060622369154399,0.9213815206195992,0.3781996956023499,0.7375466556573549,0.7068792471113825,0.9356017532916785,0.9425237158143112,0.5715862397712794,0.6156070092142667,0.8278914126165813,0.7982228279864487,0.8595421159076034,0.676175871546598,0.7895895965211784,0.6659316143177968,0.8086391009956181,0.8058322584398382,0.8272875127504413,0.7315510929805207
07184000,0.5889574738185299,0.5931020299810672,0.6821659192477421,0.6227145872412393,0.6545697507991928,0.6319783216905885,0.715106011690404,0.8031021681624346,0.6457464347953192,0.35857683795591033,0.8180563641557879,0.8299111022481702,0.7351119790120371,0.2765173942596405,0.8469131080324567,0.6187637354418806,0.7295578285258957,-0.16413380018004387,0.6420766880665195,0.804938730307519,0.9034190625976036,-0.656815658560286,0.20235724590025383,0.6230063516116633,0.8395373381048533,0.8216734802364272,0.7224621401924258,0.7818964166188078,0.9193978194468294,0.3941989561223108,0.8196292165642995,0.6970967565973187,0.9018399876680144,0.9007517764348261,0.5809702437892481,0.6033579426725397,0.79708966009841,0.814159304345106,0.8707609704724686,0.6901913521915446,0.83093019362505,0.6906240660166736,0.8167974210144795,0.8308063565323116,0.8505858495023568,0.7448604388863357
08271000,-2.064121737444002,-0.3966325122557435,0.6436480423967487,0.1504061864584718,0.31114777025600837,-1.8340828698382823,-5.388841263606169,-0.6748973725527088,0.4410840692426773,-0.709520579141008,0.8100354462639147,0.6351037435797042,0.7903438019984792,-1.0984665988011657,0.46258161064525394,-0.3374724860938376,0.1060283630737453,-3.929899730805843,0.6718971712589353,0.44640487938744267,0.5510114659022602,-1.3202514233404643,-324.32386267896766,-4.289861631503712,0.8637634398050336,0.5165448985131224,0.2392798671760158,-0.21866093862087688,0.992152447281529,-134.92421825019397,-16.011820862331458,-0.6247748174090231,0.949824521178065,0.9503630809232335,-1.1288375657869785,-0.0498309901008811,0.38911646819949375,0.397638941766836,0.8185242947045988,-0.7292803999528159,0.9005348814557523,0.8881500061616241,-2.6762280428354934,0.8714025602538061,0.8367474312254375,-1.2292366193590802
09505350,0.5989223982767464,0.6440225373511463,0.7305676751166965,0.6178040555730075,0.449118197011247,0.668195595697864,0.7641192660624453,0.8249475006587654,0.6436589511912268,0.574794909236878,0.7631407209557487,0.8846117535274541,0.7667800922303527,0.6161328455709896,0.8843229347881978,0.6310460897816027,0.7054114805268819,0.2381421866944735,0.6529672197879635,0.8705644177613792,0.8834904229500582,0.4026349759348352,0.07234590552047737,0.7638355541430004,0.8365136122204627,0.8237294545415575,0.7536169352090258,0.8111751627922612,0.9764195703375492,0.48923063749764906,0.74739247749278,0.7048470117595514,0.9448745114443793,0.9495004117780315,0.5920252826639685,0.5933814798347561,0.8061750939696498,0.8263862322025899,0.8762254126460423,0.7577754525100007,0.8799034119972039,0.8752550770704446,0.8693623583220804,0.8865858178998351,0.8852890287849565,0.8126264645833392
09510200,0.6391524610673475,0.48241915768432864,0.7510869436092608,0.6139035522463328,0.6412038976534196,0.584687702030497,0.6608204055977125,0.7459350384508137,0.6948430062230693,0.16956595671023322,0.8481719143675852,0.838395261892737,0.7328427595083822,0.12887139284907112,0.8789068032441136,0.5510442538924567,0.7533211232328636,-0.5528225628137315,0.7080992650557015,0.7966372221436138,0.9095413553482101,-0.00021904600208588754,0.014117900529146854,0.6584651120455542,0.84792571360784,0.8129992697680275,0.6937761708975565,0.7710155731583954,0.9234893178711645,0.27066733148882527,0.8244495605380887,0.6940874003949271,0.8864077930035789,0.879692383391388,0.5757438307434337,0.6057103359045763,0.8004616052327681,0.8099042560038398,0.8711975185494363,0.6869307810045426,0.8664783357564045,0.6594517791380499,0.8319541685219936,0.8381420718880399,0.8678542173372508,0.7525826336457364
11148900,0.6221573783247143,0.6228660440994774,0.6451469794308984,0.5644788748112226,0.4940954747226741,0.6354655329548503,0.7694705987721463,0.8113844412540727,0.6036005628012883,0.5580618481022683,0.7692339451927683,0.8342234556299122,0.7138988121059437,0.6000171672006185,0.7988090904900998,0.6495679835749951,0.6463764379597866,0.20995679391905553,0.5706715083769593,0.8598314869524776,0.8691049078046716,0.22991236346763566,0.11284114436914472,0.7613049556076193,0.8698065054219704,0.810515289810176,0.7335137489926804,0.8222957681918227,0.9607248163494192,0.3939101735127948,0.7280604642577575,0.7088436175919335,0.9575906146079803,0.9513261338056876,0.587124026551019,0.607915198152807,0.8432406007839607,0.8177460947223506,0.8785013693618509,0.7283101534023577,0.8283068353784515,0.8578889163333154,0.8295974025318023,0.8555636530755903,0.8480585941597725,0.783118885420741
11264500,0.21336666832338647,0.6249380846342334,0.7284342291354124,0.6274223443586924,0.5147337672186233,0.6606992098642357,0.7643267846608974,0.8249100177789391,0.6379140913208483,0.5645111392057225,0.7888740687644178,0.8427816491746593,0.748316751487533,0.5933579785603447,0.8034444470037545,0.6615251752763784,0.7142574192764966,-0.0008747107209705618,0.6086654506432094,0.846760038761645,0.8884000528791781,-0.3987849182122134,-0.18651708296576897,0.7658790015933052,0.4927000979702547,0.8098642804268498,0.7304451971944859,0.8098066862931791,0.9816649929620894,0.43563782557561603,0.724372580180396,0.6810107094170483,0.9681333726325179,0.9593766079412347,0.5373560963368826,0.5297812381755392,0.8071432005560032,0.8266338034561682,0.8913956510777926,0.7552365481771617,0.8810488864389808,0.9430542241590627,0.8629930502585187,0.9014004101477975,0.8777033962534538,0.8215175030236197
11266500,0.7587364009739701,0.6227367454656405,0.7725093023276457,0.643048926141583,0.5109717556590325,0.6721574267135673,0.7607393054039108,0.8230236459319135,0.6339728668310758,0.5553618855162057,0.7877933083463243,0.8728754092325173,0.7734054826835487,0.580740426011036,0.8545855541136407,0.6508285990459048,0.7332980128866939,0.20731446879528004,0.6432826454958647,0.8641544004334292,0.8927816210624225,0.08450026876158934,0.19138583905625883,0.7854200105712323,0.9293417261984396,0.822372495079604,0.7500501083779703,0.8144094717644698,0.9876225514812792,0.4148704687384366,0.7417318021602279,0.6862555324394288,0.9674233980641949,0.9647494366380737,0.5247812241221033,0.5959479367237634,0.838889233305596,0.8287433133450618,0.8899502663861346,0.7633416688547152,0.9082042822688825,0.9472898482785435,0.8783450797082392,0.9118820907680246,0.8978494596703072,0.8284994099622787
11381500,0.34646828147634046,0.5994687233220932,0.6232281725462842,0.607090304854949,0.6501198993078994,0.6367310065479959,0.729788320861261,0.8084825346114246,0.6168825075391132,0.4912213519031188,0.8233300450658895,0.7999663617491333,0.7154739307600757,0.4008624312591548,0.7984170174327938,0.6243960483031625,0.6941591652342431,-0.908053300797413,0.5851876678623911,0.8060433907256652,0.8896318778200225,-1.6474094388269678,0.20195030909893652,0.5410269646219101,0.8503899162539625,0.8051126184019484,0.6851785831783008,0.7638360304003133,0.9337619084258754,0.3507303124873935,0.8101396804135654,0.6844034515386098,0.9396877746485678,0.9469693377220098,0.5832460953222903,0.6166363786509849,0.8273735053277306,0.8173735247735588,0.8824118931317483,0.6977240414725895,0.8097497270255032,0.7386821407027938,0.8145027338441383,0.8256832645065064,0.8371113614127336,0.7480574429747513
11451100,0.5944103509773777,0.62659330060275,0.6541375197948773,0.5893523047280993,0.6201911962687923,0.6500712780782563,0.7653867224785792,0.8165924656290817,0.6121996007633606,0.595825415453323,0.7922445819606848,0.8150005067087859,0.721930214109927,0.574045234109342,0.7965333136946591,0.6462023708561446,0.6766159333106616,-0.23177867594649082,0.5951716464977863,0.8559289503700038,0.8830690374527641,-0.37256310245924573,0.14119292912635917,0.6419451599705941,0.8553148101781416,0.8064812914435002,0.7205425456597272,0.7982962175684706,0.9607788095301394,0.36682668536156127,0.7893146435165791,0.7033162186494935,0.9614528379170754,0.9616098622183935,0.5833790825636,0.6109993958622729,0.8402324151274856,0.8212379881812999,0.8843994119945655,0.732173685536048,0.8369185468969174,0.8657217331306832,0.8328465944785539,0.8569229518607008,0.8515812956110762,0.7879909785365827
11476600,0.6289492292994863,0.6394347737832873,0.6853333767494854,0.5901645458888931,0.5056227156613217,0.6506519555171646,0.7682142503715728,0.8206551027125149,0.6189743289699388,0.5665781022009801,0.7758777755271546,0.8352624412907068,0.7306820946907696,0.5992067882375332,0.7985491865600068,0.6527825450761258,0.6699867024618222,0.08987674709853821,0.5900717033093819,0.8642041133598203,0.8645340364578757,0.31343807599600215,0.08721339506918269,0.73397035670779,0.8427551697325101,0.8069901289249182,0.7251949856807391,0.8145479480059032,0.9702176081982262,0.3803599076498667,0.7244536949762692,0.6971168502995715,0.9680281172738849,0.9663686431721878,0.5774664853425546,0.5728551062142968,0.8327166568187512,0.8225681649509309,0.8884433036089237,0.7423363248398873,0.8581247371038152,0.8981234156656698,0.8449110699467722,0.8744150804398257,0.8613338234452617,0.8021944008901818
11481200,-51.43455708450014,0.3501043741358928,0.7333931750073213,0.5241199715504057,0.48738218405431,0.6600830007930316,0.7074475453419619,0.7793849206471012,0.676858247444972,0.4574696943057348,0.82069823688781,0.823532750137492,0.6959173591434036,0.5939206105791364,0.7919098033521668,0.6441994109059472,0.7237692720654785,-0.748230574041723,0.6148159884821366,-18.661596332132113,0.8778864320095485,-0.2710815254526078,-1.0797720658910333,0.6739634524586403,0.6200674851878549,0.7786268979533686,0.7221607717895245,0.7725605635453496,0.9724912991230389,0.3692090109494358,0.7340260792607489,0.6921688671638213,0.9405517971057948,-1.7510854334897665,0.5880982156875296,0.5457590615002134,0.8202827700108246,0.8126613020594673,0.8808027743889434,0.7429065619571864,0.810671726518995,0.8317736609117813,0.8356302868867975,0.8438071510201104,0.8638044685211055,0.8029471557065229
11482500,0.6848793569259436,0.6431344204734438,0.7440528530247219,0.6274855995231028,0.4518457323181595,0.6705453364550886,0.7626934207665893,0.8252771517147477,0.6508694830249202,0.5785939404282929,0.7679304371270942,0.8879129787764704,0.7736267520079791,0.6145948313689414,0.8888185585659721,0.6319554689986229,0.7121238311650617,0.22455554668438182,0.6671653741169776,0.8705678190849696,0.8837682869432748,0.41097902746825354,0.03299202212670649,0.7633112783335424,0.8404974249355068,0.8242621321707272,0.7541263130038318,0.8095751518696269,0.979084618735723,0.48784042263194605,0.7480160650123835,0.7048797979518349,0.9426352068158643,0.9462926131446061,0.5934247555414034,0.5949044536478685,0.8091937946812429,0.8269812308470861,0.8774709655119596,0.7602262353295168,0.8870348915722941,0.8295603161335589,0.875645457585291,0.8900219756884805,0.8895501986585621,0.815818681649554
11522500,0.7295894884960095,0.4467495481575874,0.8010687053362644,0.6245231453327456,0.634884887745232,0.386112085042151,0.4184351621932032,0.7317902344618383,0.6341290837438077,0.2790145508379793,0.8629388398467817,0.7182166652134563,0.8007412940186714,0.304538032330259,0.8663958558381063,0.5101145722517353,0.7074280745490498,-0.35901660432814597,0.7179116147238929,0.8408197394882875,0.8993628268713937,-0.10148006713186941,0.24690730865098764,0.6740453883792006,0.8667690329104721,0.798232868646914,0.7402046551360394,0.7098034629020982,0.9912993144567653,0.39728253088994403,0.7446832913054824,0.6677387526534155,0.9611489418167002,0.9556329605473148,0.42226831314695035,0.5260894796658833,0.827799709832268,0.8209026038351378,0.8781247596324524,0.7600946936156222,0.9219223397310783,0.5587341918630446,0.879220082983013,0.9170828228630266,0.9200760865264799,0.8229125948326332
12025700,-35.190314631520586,0.1036025802512317,0.47792502715315954,0.10900778223711705,0.35646438353074383,0.12235468990014942,0.2135814229860784,0.5494685968067896,0.5088005941837246,-0.0309040578875015,0.8618393156989114,0.7389337662806812,0.783645342938941,0.14523886871225877,0.8295243109347521,0.27675595735358405,0.6474545538592289,-1.8866640304171645,0.7381244285535389,-8.387500093614435,0.81359998364461,-0.8242095744006173,-56.81493783708701,0.5976294159097202,0.532985558386939,0.6173301342237305,0.552762296435428,-0.28463033968277407,0.9837399921478058,0.21704247100584673,0.6281878999628745,0.5894647678537928,0.7652476783794273,-0.017961731249596102,0.4413692130249768,-0.08754603237696834,0.6113430200579295,0.8095682638263338,0.7890246232279954,0.6864790499191498,0.9041127397381465,0.845629087457199,0.8483497430286061,0.8942007030431465,0.8910380230303245,0.8084014234880448
13161500,0.7219911784694544,0.43273089352791383,0.7630968592377477,0.5823500237732587,0.5797798221622534,0.5954932874830335,0.67823017813068,0.7320495895580545,0.5497061391706803,0.37670618090971875,0.8347933185227655,0.8045505850172816,0.7691411596512121,0.34808260635739574,0.834868126932903,0.4775440929681046,0.7696164828418413,-1.2432509527974283,0.6949056125603191,0.7879045764111292,0.8959912321397139,-0.364477814029335,0.32177343856250673,0.5332073499120447,0.8469410330713707,0.7159915580567247,0.6593830063688587,0.6729499425705716,0.9926297909384157,0.34239211584278717,0.8185976100397567,0.35592946407994097,0.9655535053863163,0.9598609907808533,0.2018555451511992,0.3691048930656199,0.7440848787802492,0.7426613975641664,0.8408303554460731,0.6928848781147933,0.9220305314476722,0.8665816999475978,0.8707384220406367,0.9141059667795588,0.9170322530299118,0.7911495759615029
14137000,0.6585422094811457,0.5934135419300364,0.7576673428709226,0.6272599483412176,0.5176602249573434,0.6504491023613284,0.7479352079461412,0.8028112817579625,0.6605762862351363,0.6044076573560264,0.7657901541156713,0.8670495256897582,0.7820665077257754,0.6047944473568372,0.859748256905203,0.5450712031686762,0.6922501483864272,0.1736487519949208,0.6697861181685143,0.8569284626244675,0.8759664098115117,0.1916950212827354,0.053789110285365704,0.7385278919425631,0.8179851733635356,0.801820475532215,0.7318715320343288,0.778534259450997,0.9640348345661804,0.4902693513292695,0.7565850325768465,0.7026913031803677,0.7781636070577453,0.7456608518731397,0.5629664046965398,0.5890139727243529,0.7956826127577392,0.7895422257771807,0.8375544755638391,0.6932163086496235,0.8561475046953049,-2.0360877082929068,0.8557342920322726,0.8561420348925451,0.8415077708923796,0.7838306379591464
14158790,0.6714545819748625,0.5910178185305326,0.7843976689680854,0.6435548969516693,0.5329035554170235,0.6545451933369588,0.6801251837813886,0.8085632224618203,0.6347643575539044,0.5552571054420561,0.8117044251946551,0.8353455082516292,0.7954768692638223,0.5388402890881552,0.8937506475726362,0.6207727862561765,0.760531693396662,0.1854785075710036,0.7554364090906724,0.8684969314583033,0.9016018630175567,0.05851470773255063,0.26509916049248783,0.7764371717552855,0.9111492353558256,0.820421167073416,0.7602695786816653,0.7914743676122864,0.9898314280902094,0.46494125181748647,0.7954521962456074,0.6933166009033709,0.9561993501017348,0.9532111138268253,0.5167073713121784,0.5940142577512035,0.8362931948695613,0.8284488568737045,0.8863581085455343,0.7698910895198726,0.9174337729140075,0.6081714647859771,0.8841530506880122,0.913953517149013,0.913662091065095,0.831197358436431
14222500,0.74142264939302,0.5810475396849413,0.77325912275833,0.6314508947235136,0.4899491499413302,0.6767741090087466,0.7486299106517128,0.8102890657028587,0.6201522893536042,0.5229397295882297,0.7892387269303938,0.8858097401345487,0.7864724242763379,0.549340025229134,0.8870924753163705,0.6334626288491172,0.7486358195855645,0.19095117590250976,0.682446463749899,0.8637880531811661,0.8895655873957149,0.3385163992897322,0.08107476418958126,0.7748574518346764,0.8598615737824136,0.8255822733938137,0.7548948339654842,0.8089141897388005,0.9905993632097494,0.4311471103198161,0.7475709532689867,0.6857599271681541,0.9642171538496666,0.9611858090845985,0.49244505577605713,0.5963088435607338,0.8372966008073729,0.8276944456046906,0.8869038807545221,0.7613525552162586,0.91964214382333,0.8533238439762396,0.8828006354231548,0.9152615645483773,0.9105904169300493,0.8283212925558192
14316700,0.7577670463392601,0.6211694935674925,0.7391717525935653,0.630882581298186,0.4291572636786031,0.6597365318125776,0.7630098025593516,0.8220406949068935,0.6613209078411707,0.5840531757148129,0.7691992584999899,0.8875814298254925,0.7673933620686181,0.6176421610838188,0.8911862568618386,0.6326036331503139,0.7131333143225412,0.2193216730272397,0.6629149496138667,0.8573903679826699,0.8898133836088542,-0.10583954018786623,0.3728228194429495,0.7622919002095708,0.8285062187089852,0.824528408449509,0.7538479374930102,0.8076328963137918,0.9785442460107868,0.5017058802684546,0.747562120259057,0.704489972926106,0.936887572745903,0.934556011496028,0.601039919996389,0.5812612011415765,0.7956487120097098,0.8213801794571338,0.8658561981560678,0.7484306970589255,0.8727912302593154,0.7345603612086395,0.8708589601556258,0.8875812460133135,0.8830366896136025,0.8071894859909686

=== END FILE ===
=== FILE results/23_camels_switch_confirmation/noise_axis_training_length_20260902_hpc/frozen_basin_list.csv ===
basin_id,included,reason
01144000,True,
01435000,True,
01510000,True,
01552500,True,
01568000,True,
01667500,True,
02014000,True,
02017500,True,
02027000,True,
02028500,True,
02046000,True,
02096846,False,L=1826: ValueError: basin 02096846: observations contain non-finite days
02193340,False,L=3652: ValueError: basin 02193340: observations contain non-finite days
02202600,True,
02221525,True,
02349900,True,
02371500,True,
02430085,True,
03241500,True,
03384450,True,
03473000,True,
04015330,True,
04196800,True,
04197170,False,L=3652: ValueError: basin 04197170: observations contain non-finite days
04233000,True,
05399500,True,
05488200,False,L=3652: ValueError: basin 05488200: observations contain non-finite days
05501000,True,
06278300,True,
06892000,True,
07145700,True,
07184000,True,
08070200,False,L=3652: ValueError: basin 08070200: observations contain non-finite days
08271000,True,
09505350,True,
09510200,True,
11148900,True,
11264500,True,
11266500,True,
11381500,True,
11451100,True,
11476600,True,
11481200,True,
11482500,True,
11522500,True,
12025700,True,
13161500,True,
14137000,True,
14158790,True,
14222500,True,
14306340,False,L=3652: ValueError: basin 14306340: observations contain non-finite days
14316700,True,

=== END FILE ===
=== SHA256 ===
5c3e3395beaf8161462083663ea054b86eed8f8e8d53adaa4b865c226423fdb5  results/23_camels_switch_confirmation/noise_axis_training_length_20260902_hpc/summary.json
f7b278fa0bcbcabba35ebb64a370ac05fbb84380a6a7f9fa94d5e80f2f85ee90  results/23_camels_switch_confirmation/noise_axis_training_length_20260902_hpc/p0_report.json
b95f8b94538af9e56cdf5ab6d164cb7d2735b162539b9eb0211cc2a8e70d7782  results/23_camels_switch_confirmation/noise_axis_training_length_20260902_hpc/L2_learn_per_basin.csv
461540f22a8a5ff58ce57e79681cf79c414cf3de83da4a5d04e9bd0587926e63  results/23_camels_switch_confirmation/noise_axis_training_length_20260902_hpc/L3_learn_per_basin.csv
56e3341c18ebe9d9836267f73151c4348832f2e66d64e75ca43d0f8a31e47d4f  results/23_camels_switch_confirmation/noise_axis_training_length_20260902_hpc/L2_borrow_matrix_nse_holdout.csv
5283f04f9122d97cbdf142b5dc15838c0384d52425dbc4c9f4f5c258abd2d82d  results/23_camels_switch_confirmation/noise_axis_training_length_20260902_hpc/L3_borrow_matrix_nse_holdout.csv
f42806f5b6c0b7c1a72dd9349daf8eedee731135764211cce5d89ac594555297  results/23_camels_switch_confirmation/noise_axis_training_length_20260902_hpc/L2_m1c0_per_basin.csv
f230f3358eff3077e21e3e0dda8f727dd4fa86975164e1a00c7c9c3c6d93453c  results/23_camels_switch_confirmation/noise_axis_training_length_20260902_hpc/L3_m1c0_per_basin.csv
afec3cd268bd8222b876e066dd13a369784eee4822d6350ae57c42ec7f989ba9  results/23_camels_switch_confirmation/noise_axis_training_length_20260902_hpc/frozen_basin_list.csv
=== DONE ===
### ---------- end ----------
### exit_code=0
### finished=2026-09-03T04:52:19+0800
