gauge_id,p_mean,pet_mean,aridity,p_seasonality,frac_snow,high_prec_freq,high_prec_dur,low_prec_freq,low_prec_dur,elev_mean,slope_mean,area_gages2,frac_forest,lai_max,lai_diff,gvf_max,gvf_diff,soil_depth_pelletier,soil_depth_statsgo,soil_porosity,soil_conductivity,max_water_content,sand_frac,silt_frac,clay_frac,carbonate_rocks_frac,geol_permeability
01022500,3.60812594113621,2.11925594798084,0.587356423405076,-0.114529586491395,0.245259009248271,20.55,1.20527859237537,233.65,3.66222570532915,92.68,17.79072,573.6,0.9232,4.87139243857226,3.74669161645587,0.863935769102455,0.337712461949305,17.4128078817734,1.49184551626462,0.415905486478906,2.37500506296918,0.62622887793281,59.3901561620653,28.0809367005555,12.0376458109105,0.0,-14.2138
01031500,3.5229568788501,2.07132369609856,0.587950340389816,0.104090599122482,0.291836473001958,18.9,1.14893617021277,227.35,3.47364400305577,247.8,29.56035,769.05,0.9548,4.90325937325786,3.99084340642749,0.870668492047483,0.398619402379116,7.25255704169945,1.27904687474352,0.450235950413386,1.37329168013829,0.559122720432494,35.2690304364436,50.8412317295135,12.6541253158485,0.0262579789051996,-14.841
01047000,3.32314579055441,2.09002387405886,0.628929335570973,0.147775613761867,0.280118126940736,20.1,1.16521739130435,235.9,3.69170579029734,310.38,49.92122,909.1,0.9906,5.08681076518099,4.30097838703039,0.891382765097595,0.445473208395092,5.35965494359655,1.39277854918445,0.422748958879878,2.61515428326266,0.561180826371744,55.1631334746983,34.1854433554704,10.3036221035119,0.0,-14.4819
01052500,3.73085831622177,2.09642323066393,0.561914458543945,0.152096802769543,0.352698254049326,13.5,1.12970711297071,193.5,2.89670658682635,615.7,60.05183,383.82,1.0,4.80082996154371,4.12431270006247,0.880034058274384,0.477327929873011,1.30134932533733,1.49480743438006,0.452325651168738,1.26299537359136,0.615537987322707,30.5576662241128,52.614646019841,11.1433260057998,0.0,-15.1658
01054200,4.06713210130048,2.12835505817933,0.523306104932953,0.104959634640742,0.299641539662879,17.5,1.19453924914676,220.3,3.2637037037037,472.31,90.13951,180.98,1.0,5.01982728305181,4.28355132001824,0.886711470649713,0.455084304988135,0.914754098360656,1.47744219768239,0.418460872964329,2.91914248331471,0.594525957550057,58.3761691803075,31.8364719985859,9.8512616206335,0.0,-14.2147
01055000,3.49418343600274,2.09323529089665,0.599062793707035,0.167229040772146,0.306048851694867,19.15,1.16768292682927,224.85,3.3786626596544,423.12,72.81304,250.64,0.9916,5.03003298656618,4.31922587040795,0.886163454154676,0.471431451538885,2.12705882352941,1.36965658300731,0.424025868403635,2.55000125852732,0.547020626891466,53.8620110912704,34.7344920848497,10.34632346892,0.0,-14.3578
01057000,3.57049965776865,2.13274377823409,0.597323619284961,0.07913684920672,0.251157672769098,20.35,1.16954022988506,239.3,3.74784651527016,215.59,32.68445,190.92,0.9415,5.36294869870711,4.58707712668376,0.905510480513665,0.458742009036353,3.75914634146341,1.50000001490116,0.404117932867977,4.0303923324274,0.61710021345834,69.0067380924153,22.9432923791566,7.81756497511796,0.0774334159306445,-13.9903
01073000,3.50302532511978,2.20761571526352,0.63020261356176,0.0303700126107958,0.17503243505174,20.85,1.22647058823529,249.0,4.01612903225806,37.67,4.75043,31.3,0.9008,4.94394974332569,4.03508797625448,0.841420652113803,0.37914418264828,19.9090909090909,1.30561961742887,0.416396539872731,2.94867050569366,0.510061723029111,56.5709613142528,29.1550562566009,9.96726611619389,0.0,-14.1
01078000,3.56288843258042,2.18414457221081,0.613026372714384,0.110482096549246,0.23971852199071,21.45,1.17213114754098,234.5,3.61603700848111,346.92,49.77182,222.46,0.9873,5.39168713701902,4.50529877309333,0.898650642821055,0.424911376148534,3.63978494623656,1.50000001490116,0.403892619500314,4.0254007653273,0.618975202618634,69.1574064409555,22.8062778913522,7.84827933386679,0.0,-14.1061
01123000,3.82424229979466,2.30633352498289,0.603082478614581,-0.0011900305717459,0.136053399026134,21.15,1.2332361516035,241.1,3.8793242156074,120.1,17.14893,77.85,0.9141,5.40309665265931,4.80614370212756,0.907407231069,0.506890047828686,9.08510638297872,1.50000001490116,0.417122770109298,3.07945953569362,0.533849747401982,52.7468947865066,27.5346380783073,8.68936820600364,0.0,-14.1
01134500,3.46741273100616,2.09169808350445,0.603244622366455,0.228672352531939,0.280582089228151,15.85,1.15272727272727,201.1,2.84240282685512,450.54,47.54354,195.13,0.9963,4.93055038386039,4.27360672949305,0.886216248694368,0.476794082523046,4.07407407407407,1.14385999555658,0.439227361371545,1.75595306548626,0.476766758399387,42.585993241047,43.3354129115934,12.7242065002526,0.0,-14.1198
01137500,3.9841916495551,2.14404598220397,0.538138265121706,0.171647707579182,0.301814975818189,15.5,1.28099173553719,204.35,2.98975859546452,784.85,110.13062,228.55,0.9972,4.54146770171728,3.65822260825394,0.865791461025645,0.393542620689147,1.56109725685786,1.19808425077142,0.41981868228738,2.77768953233952,0.475731838881894,53.8005834166379,30.3262443819897,8.72807855091376,0.0,-14.1
01139000,3.13454757015743,2.11398028747433,0.674413209612946,0.232161714254733,0.246562671549799,18.65,1.1692789968652,219.65,3.2277736958119,373.34,43.10796,246.33,0.9737,5.06947386160055,4.38950063332712,0.880091526597223,0.467340842967336,3.75,1.35169263423423,0.436952792160113,1.88676144849912,0.563632630197873,44.4566152734926,42.3222913416023,13.2940923014263,0.521678756766897,-12.922
01139800,3.30351540041068,2.12718533880903,0.643915671936808,0.225579083207184,0.26232897318021,19.45,1.16467065868263,225.55,3.27834302325581,518.15,40.99895,22.8,1.0,5.21312584249278,4.6331221706214,0.899032855945141,0.526026715530708,2.51063829787234,1.23022325518943,0.435806652503648,1.93625536162757,0.517910738674274,45.3148045496031,41.8210439830344,13.0981757727454,1.0,-11.8
01142500,3.31467077344285,2.1470467761807,0.647740582076158,0.174619920121052,0.252307890542821,19.8,1.12820512820513,224.75,3.20613409415121,346.62,46.92575,82.17,0.9799,4.88629199056056,4.23705313650813,0.884819536772351,0.493403982095888,2.8768115942029,1.45600442402445,0.438020360313839,1.77864292598041,0.622479307038718,43.4065961376093,41.9285813681314,14.4385761371773,0.764501415297893,-12.5655
01144000,3.42085968514716,2.15774034223135,0.630759674709817,0.191150163759349,0.248466348504845,19.05,1.13392857142857,225.15,3.3159057437408,459.8,60.29261,1790.24,0.9813,5.16403445079923,4.4950812735625,0.89722156778609,0.492946826571639,2.10679945054945,1.34878670352828,0.436028932200058,1.87662441419059,0.566679605826184,44.9595193026269,41.2575310065033,13.0823952320539,0.323706719607693,-13.3802
01162500,3.78353456536619,2.25749036276523,0.596661752063771,0.0474461468819081,0.226769184680043,21.1,1.14673913043478,240.45,3.63492063492063,310.07,18.45782,49.71,0.9663,5.40268168381068,4.1497119124084,0.884472664069785,0.332935260017412,9.32307692307692,1.50000001490116,0.408761833410903,3.65802799831963,0.604397082106578,65.4867640996225,25.5895700942732,8.77557180441573,0.0,-14.1
01169000,3.92116632443532,2.25251653661875,0.574450648160949,0.0638282505914665,0.238972605896079,19.6,1.1264367816092,228.15,3.44117647058824,374.89,49.54362,230.64,0.997,5.37812605705176,4.60685021277002,0.904142372090899,0.455684479740557,3.9556135770235,1.20318189296772,0.439941194635489,1.70345681026531,0.513362707322232,42.5077621045419,40.6433265918778,12.6967112866506,0.0196918654097801,-14.2609
01170100,3.89458179329227,2.24278746064339,0.575873759926214,0.0655190976178011,0.234653735405934,19.95,1.10833333333333,226.35,3.37332339791356,325.71,49.33091,106.99,0.997,5.38406386884322,4.61993664669675,0.899812262509083,0.456794566142046,3.65405405405405,1.1863253778226,0.43189476826117,2.04282577541153,0.491742643763756,48.4324114961631,40.004751559681,11.7059659845364,0.318774098466062,-13.7095
01181000,3.81502395619439,2.26609874058864,0.593993318681319,0.0919323135470982,0.217563041040592,20.4,1.15909090909091,231.1,3.45440956651719,417.93,33.2844,243.5,0.9944,5.38599001070863,4.70324312649302,0.903143492986125,0.481896140790201,5.0275,1.18501607751816,0.432354819710337,2.03948284842183,0.484301321909227,47.7674734047311,38.6863126794534,12.1801164532453,0.0029951759980127,-14.1061
01187300,3.95060780287474,2.28059778234086,0.57727769906224,0.0873629542971678,0.201269335695146,21.15,1.18156424581006,236.55,3.60869565217391,309.1,38.2676,53.92,0.9932,5.39719898479503,4.53536437201846,0.89126356656757,0.414442437904963,6.95652173913043,1.23968151629574,0.433983213617274,1.85886176732004,0.507236027765098,47.0129917291682,32.157305048997,11.5090219656956,0.0,-14.8804
01195100,3.68248186173854,2.35399319644079,0.639240948040801,-0.0022796520040119,0.106042892091717,22.6,1.28045325779037,252.8,4.18889809444905,19.17,7.9307,14.84,0.9171,5.46957947079099,4.8314648117427,0.907067964556654,0.497049296576576,14.44,1.50000001490116,0.417038234574375,3.0900793195436,0.594507696990349,58.8884757244372,30.5780815883707,9.53958967014134,0.0,-14.1
04296000,3.61529500342231,2.19077229295003,0.605973313623426,0.202147030473631,0.273317826422307,13.65,1.20796460176991,185.9,2.78919729932483,390.99,40.51472,302.19,1.0,4.60454466563404,3.94172213236666,0.872335954463139,0.472500209363317,4.46954813359528,1.45667574021637,0.431786192366571,2.1022394628551,0.61859103445485,48.4137054756802,39.252057851134,12.0712050215195,0.664550340287313,-12.7163
01333000,3.7046392881588,2.21271838466804,0.597283085492449,0.146314738839023,0.222244968016498,19.0,1.21019108280255,227.9,3.40912490650711,485.91,74.78725,112.16,0.9844,5.01056216819435,4.42414719479339,0.894909590269828,0.519146670417232,2.83783783783784,0.894269489171616,0.445119707829219,1.54210093538668,0.38436597504398,38.4417293349591,47.1665154432056,14.3055040949683,0.312362723516054,-13.3765
01350000,3.86979603011636,2.24600206707734,0.580392881071257,0.111819706171743,0.231159657658639,20.4,1.17241379310345,235.9,3.52879581151832,612.78,88.25169,612.51,0.9966,5.05258398023143,4.3382137352647,0.886759764833532,0.465373102060762,1.92408906882591,1.05607186551288,0.453190113888719,1.26525933844397,0.453996986854359,33.1546808168961,43.3005343633103,12.7844306791627,0.0,-15.2049
01350080,3.49282546201232,2.23903277207392,0.641037691812962,0.145064802029245,0.221156578322867,20.0,1.16618075801749,235.75,3.46946284032377,587.35,60.00338,83.84,0.994,5.01333725823479,4.14440211573058,0.87752431145346,0.429201486738433,3.05479452054795,1.21108118793857,0.451886962988956,1.26809749886418,0.5249551074416,33.3490780009397,46.2228436862097,13.8088437731453,0.0,-15.3774
01350140,3.50142231348392,2.24050105407255,0.639883125621386,0.15749326322031,0.219859026682811,18.4,1.17948717948718,227.4,3.28375451263538,579.74,61.8248,43.76,0.991,5.04595847858574,4.26887893273398,0.886644694892424,0.459899742156523,3.22222222222222,0.91448527617137,0.461823179669363,1.0605405600924,0.363893906334303,22.7809714105151,49.3698619949448,13.5865771896905,0.0,-15.8034
01365000,4.21143600273785,2.30295430527036,0.546833503767649,0.122173899478694,0.202270211093681,19.4,1.17220543806647,230.15,3.42230483271375,465.17,51.87268,99.57,1.0,5.24005393494721,4.63272668282463,0.902036826613734,0.502087051918074,0.964705882352941,0.692277988322943,0.462963030505816,1.07409636006957,0.301407515487809,26.2184820413834,41.9243101559479,12.9911486362669,0.0,-15.2
01411300,3.17544969199179,2.53494392881588,0.79829446997973,0.0485622074537191,0.0480948550351646,22.85,1.33625730994152,261.7,4.68157423971377,15.25,2.0326,79.32,0.8487,5.35399905495326,4.57430286657307,0.893805807629852,0.440481795904903,49.296,1.50000001490116,0.407869629938718,3.45990172679118,0.365409198993404,39.6893379738633,14.098555207482,5.83761594616758,0.0,-13.0
01413500,3.83254620123203,2.23476543463381,0.583102020770268,0.146606145385192,0.216908033968228,18.7,1.15432098765432,224.6,3.19034090909091,724.51,69.6517,424.1,0.9974,4.86205556802992,4.30875303638552,0.882832410627065,0.523567906976013,1.49425287356322,0.917915249115319,0.454590907762303,1.2408324647136,0.395298196816571,31.4215726045375,47.2242721157001,14.1256611392939,0.0,-15.1998
01414500,3.97997125256674,2.22974611909651,0.560241764977201,0.154116607149121,0.216628505016047,19.35,1.16216216216216,223.8,3.15211267605634,775.58,59.57585,64.45,1.0,5.08983865346723,4.55250318020597,0.888611918388662,0.524892152234921,1.06363636363636,0.723805924691823,0.462187414140568,1.08907888112542,0.297565968789025,25.0559054256042,43.3798112746432,12.7716159765733,0.0,-15.2
01415000,3.77312251882272,2.23751144421629,0.593013196113873,0.147821520346755,0.213452184948768,18.3,1.18064516129032,215.55,3.06832740213523,604.34,64.53263,85.63,1.0,4.76484873051693,4.2208349203212,0.876677800872398,0.522300697654966,2.18181818181818,0.951826103437195,0.454943729173399,1.24856897898356,0.423285871174991,31.3006284598339,52.434892984214,15.1604821990173,0.0,-15.2
01423000,3.70376043805613,2.22675995893224,0.601215979319906,0.142460684938053,0.217830297712483,15.95,1.16,211.35,3.00640113798009,593.67,49.86765,859.68,0.9854,4.3277191743789,3.79857578248262,0.859112741467978,0.525288841248747,2.43556515478762,1.0759454637435,0.449091906930583,1.37653351139759,0.467035521032611,35.5486953158498,49.4680650316953,14.6728262727242,0.0,-15.1997
01434025,4.43700205338809,2.27243437371663,0.512155357688285,0.134901264841231,0.23781373120698,19.15,1.17846153846154,224.8,3.21602288984263,729.33,59.4071,9.7,1.0,5.14314734778216,4.64948301316971,0.894837677320544,0.541983526522803,0.833333333333333,0.666170913370351,0.464777927460025,1.04391585257904,0.28944233812127,25.0755053553349,40.2441832503386,12.4725809064824,0.0,-15.2
01435000,4.31765366187543,2.29707295003422,0.532018806954623,0.134640859394044,0.223616269388589,19.5,1.16766467065868,226.65,3.28955007256894,560.05,54.94492,172.46,1.0,5.20312035942056,4.64476553190449,0.898253635936545,0.519754010376718,1.12,0.738995256754289,0.459799234474444,1.1308873424512,0.321615575770031,28.2503429567802,44.204076546489,13.7439960187237,0.0,-15.1995
01439500,3.68325804243669,2.34455796030116,0.636544584519553,0.117754852021999,0.163765228832016,20.0,1.19402985074627,235.75,3.59649122807018,307.06,22.25987,305.88,0.997,5.1738784167396,4.65243877031221,0.890052775033654,0.5330223434058,3.07377049180328,1.50000001490116,0.441740259463183,1.65909531174015,0.631275353555236,40.9731798682243,45.3415153212446,13.7238516863213,0.0,-15.2772
01440000,3.5498932238193,2.34301589322382,0.660024329042491,0.107574487206617,0.147767408338048,20.3,1.23780487804878,242.0,3.92857142857143,234.2,28.80165,167.72,0.908,5.28324889159735,4.75770179280648,0.896403758943618,0.53491092682513,4.18613138686131,1.50000001490116,0.440099538005506,1.74997097030389,0.501852732005825,32.9532540327668,33.6672494800395,11.1405471833899,0.149521985010988,-14.227
01440400,3.75335112936345,2.33639033538672,0.622481152138559,0.115866620943282,0.172223371092882,20.4,1.17919075144509,234.9,3.55639666919001,334.06,26.46515,175.21,0.9933,5.20499563465734,4.65007326477274,0.895056491515068,0.516361698143304,2.48763250883392,1.50000001490116,0.447587579700718,1.44554790043151,0.642701613814475,36.5670824997405,48.6947465142629,14.8301706747292,0.0,-14.8732
01451800,3.50320739219713,2.41885085557837,0.690467501571846,0.106707705141109,0.128362665991427,23.8,1.23316062176166,254.25,4.18863261943987,180.41,14.8941,135.84,0.4915,2.05526000240721,1.71828991717763,0.69131267830246,0.421700868558926,1.03703703703704,0.82783323943802,0.452859000023168,1.24302158650922,0.361222122383353,32.1286624462733,50.37412196724,17.6170251435716,0.0028119296681672,-16.2182
01466500,3.53983709787817,3.05982084873374,0.864395949341242,0.0603116014654338,0.0626617697616761,23.45,1.2573726541555,257.65,4.48086956521739,38.94,2.53456,5.38,1.0,4.19626522500114,2.75938120699037,0.823158650195399,0.236725953861312,49.6363636363636,1.50000001490116,0.377516725748854,7.95458309002748,0.602852232294333,83.3664260427551,6.71946799755364,3.1806364893581,0.0,-13.0
01484100,3.32127310061602,2.60261437371663,0.783619502182434,0.086186780114633,0.042571686471381,23.45,1.20876288659794,256.9,4.3616298811545,17.97,1.03721,9.0,0.3605,2.1008648733162,1.62374975289874,0.706892873118885,0.355527723638529,49.5555555555556,1.50000001490116,0.405855753059644,3.20092294927434,0.539998858367611,58.6916470907489,14.6470051173944,13.8666360251278,0.0,-13.0
01487000,3.33903901437372,2.60757013004791,0.780934310387804,0.087683751380464,0.0424689894259026,23.05,1.24594594594595,256.65,4.425,13.84,1.09998,187.41,0.4165,2.15820157853317,1.67238301111612,0.70976547550281,0.354995129013951,49.1931034482759,1.50000001490116,0.417958797539826,2.59551678854055,0.399387172329657,38.6826186354798,16.3417193316888,9.92156630424065,0.0,-13.0
01491000,3.30507597535934,2.59245613963039,0.784386246778647,0.0812091871751497,0.0500257211233794,21.85,1.21388888888889,255.55,4.37585616438356,18.54,1.41948,292.04,0.2319,2.71163850102191,2.27644856574434,0.758678996356175,0.425617873070671,48.5290178571429,1.50000001490116,0.42075642774922,2.5208572331706,0.351414916455418,33.0029440498544,16.8047111849215,8.06563265787602,0.0,-12.4235
01510000,3.46229431895962,2.24082006844627,0.647206696488938,0.140558277002909,0.237057400622962,16.2,1.10958904109589,200.85,2.86519258202568,482.21,28.76423,382.99,0.9804,4.50681500563141,3.90795854705555,0.867876568796167,0.503985761867626,3.84269662921348,1.17102140889337,0.460918320231377,1.05486090122948,0.50164258796758,25.245625775956,54.3851817559652,16.0882444716438,0.072007708127751,-16.0426
01516500,3.18264339493498,2.26610529774127,0.712019857879042,0.164481435383888,0.199238597784613,18.25,1.11620795107034,232.75,3.35374639769452,634.59,29.79686,31.48,0.9661,3.95898585044011,3.45923260358339,0.825131047893685,0.490608680334659,4.88679245283019,1.50000001490116,0.456920273159915,1.19700277529544,0.656231955830549,29.8200211313667,54.7082430007079,15.5008022528236,0.0,-15.4207
01518862,3.03164134154689,2.26778507871321,0.748038710131879,0.219951114054223,0.201111344911574,18.5,1.13846153846154,221.2,3.2197962154294,600.87,37.28156,233.91,0.9837,3.9462546631322,3.44213455401123,0.829469641997281,0.503336971409249,3.42744063324538,1.32633293336997,0.458989326622206,1.15438890690994,0.577010157505456,26.9262503675359,53.5432823520312,14.0250395473975,0.0,-15.7286
01532000,3.19507871321013,2.2969073100616,0.718889115490327,0.165405170969813,0.176741266621108,18.8,1.11904761904762,230.75,3.31061692969871,507.14,40.91626,553.94,0.9549,4.31637738507356,3.77238078146297,0.848866707788932,0.485315140301703,3.3572228443449,1.49993662137042,0.453964374813105,1.26622129644483,0.654835128669919,31.8887735214922,52.6443134275643,15.5473393190907,0.0,-14.736
01539000,3.42342778918549,2.36010184804928,0.689397292241646,0.139032279637061,0.156285913306627,20.4,1.13649025069638,236.0,3.53029169783096,333.75,32.47937,701.78,0.8311,4.66934873983734,4.0127895727749,0.86437506789668,0.462749305369928,4.59606791778374,1.38953896328207,0.452573329638398,1.28193146523424,0.609439619802941,32.8468965828167,51.6198496723895,15.632641118926,0.0,-15.5264
01542810,3.42252840520192,2.26875292265572,0.662887974635193,0.176183031608911,0.189716485804691,15.85,1.11228070175439,207.3,2.98488120950324,492.7,45.55723,13.62,1.0,5.26609017704681,4.74477721623558,0.900412061460897,0.550344057767211,0.96,1.50000001490116,0.45481541888706,1.1963057381648,0.67067382014712,31.0181259929128,52.4006599316702,16.5914654135243,0.0,-15.0206
01543000,3.39001916495551,2.27667656399726,0.671582210369935,0.171896450036472,0.188056577083995,16.45,1.09302325581395,211.05,3.01715511079342,543.37,36.53752,705.5,0.9922,5.14140113479666,4.59833830638523,0.895337794742694,0.534380367902184,0.992888888888889,1.50000001490115,0.450639310807043,1.30108787773824,0.662028870792183,33.9370853608718,49.3459443302146,16.6757512986935,0.0,-14.6131
01543500,3.40892950034223,2.2839264476386,0.669983479391203,0.17043837870638,0.181653610941671,17.1,1.0926517571885,210.65,3.02223816355811,547.44,31.28232,1778.26,0.9878,5.1234237427107,4.57016349068812,0.894548372499437,0.524107205458267,1.02002145155524,1.45589777697631,0.448123662955262,1.35318826389979,0.635270958656151,35.5933999168277,47.2992408538476,17.1181328725411,0.0,-14.3537
01544500,3.36351950718686,2.29069518138261,0.681041146480069,0.169194741715045,0.20336289315932,17.5,1.10759493670886,217.6,3.0712773465067,551.6,36.26274,355.06,1.0,5.06073178424241,4.53799803569008,0.892128243978807,0.530975320971718,0.951807228915663,1.46043889569856,0.446212022409578,1.39919845445597,0.62793912349805,36.2920825879237,45.6773858241726,16.5166532219653,0.0,-15.1862
01545600,3.3845749486653,2.29803195071869,0.678972097109243,0.170227599082201,0.192645540908709,17.55,1.09006211180124,219.95,3.09788732394366,518.97,53.68312,120.0,1.0,5.19106669377622,4.61334465501053,0.897149346101821,0.503536544659278,0.970149253731343,1.49541546411448,0.432630012106008,1.88470304975679,0.629820621543678,46.6105337242857,36.8963632376089,16.3127794290042,0.0,-14.1559
01547700,3.13501300479124,2.34739815195072,0.748768234250764,0.138997636961363,0.156172998266035,20.4,1.13333333333333,229.7,3.32657494569153,353.57,43.0263,113.54,0.9047,4.93350872254251,4.35365226047313,0.88039837334678,0.500770966483748,1.20967741935484,1.1191393896135,0.455840591715829,1.16235546560116,0.493580337288422,30.5681356433769,53.8460815736749,15.5477180285832,0.0029752702849944,-15.1697
01548500,3.15334565366188,2.27178221765914,0.720435520609989,0.179163892505052,0.202088630482319,18.1,1.12074303405573,221.0,3.17757009345794,546.71,39.14167,1557.05,0.9866,4.78009863302879,4.23528190042025,0.876758810038773,0.508506796279639,1.02956662616444,1.33911099166599,0.455161394937659,1.22172520254708,0.571262014211426,29.4829323471052,50.4513237517423,14.6721930313455,0.0,-14.8083
01549500,3.33222587268994,2.29380824093087,0.688371175474727,0.149932720435469,0.186519052942025,19.05,1.20569620253165,234.5,3.51837959489872,528.16,32.39343,97.49,0.9888,4.49686817711077,3.90673711880251,0.859754604483448,0.481439596917858,0.950920245398773,1.46419427086402,0.454524346716539,1.25202873922944,0.634780048275696,31.2892992356175,52.5368454407858,15.5596470577413,0.0,-15.0026
01550000,3.3697659137577,2.29290721423682,0.680435161645977,0.154280420357333,0.179825512854574,17.8,1.20677966101695,230.85,3.47404063205418,455.41,46.28526,452.68,0.988,4.8363660280113,4.25841619080857,0.881260617826986,0.502453434481199,1.17236662106703,1.29454564435731,0.457007220352874,1.19884972991167,0.542218006003664,27.68659000369,50.8205656927695,14.2454752409192,0.0,-14.3602
01552000,3.47699794661191,2.31166417522245,0.664844849124805,0.153983558785624,0.17305912288721,18.55,1.17034700315457,224.9,3.40757575757576,461.43,37.27533,1129.49,0.9911,4.96915477942079,4.3762242388389,0.885104673046246,0.486873809555214,3.89556428972487,1.45498701460431,0.45126146279684,1.33282134068244,0.628217324546618,33.4436347776731,50.0495184257044,15.4181241654977,0.0,-14.4365
01552500,3.6230855578371,2.29199939767283,0.632609791042611,0.13878699868632,0.185169707979555,19.6,1.1264367816092,230.95,3.37646198830409,535.24,46.46363,60.64,0.9956,5.11032477385823,4.51848939233158,0.897540983804637,0.493856182053501,1.66346153846154,1.50000001490116,0.451239662199873,1.33783280462134,0.653209125516935,33.7918409405477,50.7202833920685,15.6106044987819,0.0,-15.0374
01557500,3.15309924709103,2.35959611225188,0.748341846336992,0.142811219027817,0.15867182381751,18.95,1.12462908011869,229.7,3.40044411547002,389.99,38.17147,115.3,0.9012,4.95272838506501,4.36976719378894,0.88267435400829,0.495209331507821,1.11578947368421,1.16689687605783,0.447073834044587,1.36442803298137,0.503174676832657,36.5562069120751,47.1938620459259,16.2604111899087,0.0459601055434723,-15.272
01567500,3.21283915126626,2.43381370294319,0.757527404378139,0.112811392208755,0.126036065938383,21.3,1.21367521367521,253.1,4.22185154295246,314.48,46.47316,38.77,0.7969,3.5345095740828,3.01220515432712,0.796606655206835,0.452560563008806,0.892307692307692,1.41634858401664,0.458927241167573,0.914900533968456,0.642425437675444,26.4416129583005,50.6846330474782,23.0423471125422,0.225621090995123,-14.897
01568000,3.3297015742642,2.42495415468857,0.72827972735798,0.104799526495014,0.128510858031358,21.2,1.23255813953488,248.7,4.21525423728814,265.52,34.52646,534.39,0.7062,4.36658247516699,3.83388413541656,0.842628992005503,0.487523050675634,1.0297619047619,1.36085190178765,0.444740843702697,1.2911201089101,0.592339233279741,37.5156358684056,43.6902276453403,18.8836577409902,0.113782284235811,-15.5296
01580000,3.43172758384668,2.52725252566735,0.736437396011053,0.0846330195094805,0.0816880923954386,22.0,1.19891008174387,248.05,4.29152249134948,174.3,12.44242,244.37,0.4241,2.51160368259806,2.14675394806816,0.75273419286774,0.456907121095137,1.04615384615385,1.50000001490115,0.456305792306939,1.10699862583516,0.671115021493881,29.4296279045353,51.8799998656123,18.6598272124822,0.0,-14.1
01583500,3.26212594113621,2.55289648186174,0.782586732679167,0.084653816923074,0.0807286497637625,22.4,1.22070844686649,248.8,4.25299145299145,156.32,13.67585,155.85,0.5155,2.86062418544735,2.41690568474656,0.763722723800089,0.43613413545485,1.1,1.50000001490116,0.452261479430557,1.23233430573076,0.664578895027994,32.4455586558497,49.5417091499599,18.0157494003659,0.168434278878246,-13.7057
01586610,3.30466119096509,2.54404796714579,0.769836246481542,0.080269251363156,0.088413478566147,22.4,1.20107238605898,249.1,4.2948275862069,196.88,11.85286,72.7,0.3247,2.51629324989542,2.0915919074814,0.726847089521225,0.405830640710363,1.01680672268908,1.35970209358477,0.455757721489515,1.16555746012633,0.576391109817708,29.0265605450293,49.2310841347452,16.0880342853558,0.0,-14.039
01591400,3.28500616016427,2.62402350444901,0.798788001151812,0.0762067370568662,0.0838764227317032,23.1,1.22546419098143,253.55,4.40573414422242,149.21,7.79146,59.09,0.3311,2.26057046904825,1.80395608431239,0.717493569659222,0.380321038802715,1.03157894736842,1.50000001490116,0.46069815303431,0.998954628592749,0.680228982328381,26.1351652677706,54.4255341748062,19.4321953660954,0.0,-14.1
01594950,3.92110335386721,2.45343430527036,0.625699983870776,0.0678195614528781,0.189214297334908,15.25,1.10108303249097,194.25,2.84198975859546,899.82,37.38218,6.12,0.9731,4.64588279116508,4.14429810821443,0.864965900841468,0.523308453207124,1.0,0.800000011920929,0.44446375,1.54784150306223,0.36200000539422,38.625,46.125,15.375,0.0,-16.2759
01596500,3.31426557152635,2.43686744695414,0.735266198306452,0.101570564796358,0.188402157557544,19.15,1.09116809116809,223.15,3.25528811086798,663.42,53.96684,124.65,0.8759,4.46982718908188,3.91140941182847,0.851818190721852,0.476878614850464,1.0,1.0101072371213,0.444503427735228,1.49455271731143,0.367686861603612,32.2242222591353,39.3572785721828,13.2539482579988,0.0,-15.2383
01605500,3.20968925393566,2.51657186858316,0.784054676164488,0.0983997937787151,0.137136101417764,19.15,1.24350649350649,232.35,3.82469135802469,856.86,70.44106,463.85,0.9904,4.64915688671876,4.04463612200051,0.852298150918196,0.471469671944882,0.950413223140496,0.882129821915543,0.43757528201439,1.62646703085091,0.363314624232639,43.1488586392211,38.4239930530496,15.8929609151095,0.165201727846088,-13.8824
01606500,3.36347707049966,2.49905597535934,0.742997773725896,0.0995538398003471,0.148750518921295,17.0,1.19298245614035,214.95,3.39841897233202,836.38,75.86214,1684.55,0.9336,4.7781702164762,4.19856691409865,0.868890746256199,0.489592692963541,0.950409996095275,0.943515069981119,0.445370004171872,1.36167458773623,0.388659076594702,36.4816877061335,42.4483707789323,16.6809577710109,0.218157715931334,-14.1648
01632000,2.93104038329911,2.54998795345654,0.869994138595365,0.219424492400899,0.110024870103334,20.55,1.22321428571429,247.75,4.29376083188908,543.76,51.70815,543.36,0.708,4.93627861075352,4.27984082092486,0.882824186570665,0.469956503954019,1.09277108433735,0.841600537689537,0.443421976458632,1.48840759431628,0.361665749203491,39.0784738378001,44.4034026608366,16.4502451126818,0.0140596012445258,-15.5394
01632900,2.90811225188227,2.59282922655715,0.891584987779941,0.21511509838191,0.0980763292373855,21.45,1.19832402234637,251.6,4.37185056472632,417.29,48.62437,245.05,0.5837,3.5517065926135,2.91834972749748,0.783806447679414,0.395233814948002,1.0594315245478,1.07074302685037,0.449471372055886,0.731771062614693,0.48556388670407,29.7091764839244,34.1103513910843,36.0583711809268,0.600787374828891,-12.9503
01634500,2.97918001368925,2.52366402464066,0.847100213160832,0.217653092829487,0.114828393813144,22.0,1.14583333333333,257.35,4.45242214532872,344.44,47.4082,263.98,0.7781,4.94219718965402,4.34304389010814,0.883716170300379,0.492508282529291,0.901960784313726,0.843774246829741,0.442908684950395,1.39016012545165,0.361422925762247,39.0388732931915,43.021840278183,17.9894999277678,0.0104894515779372,-15.0288
01638480,3.03442299794661,2.55811711156742,0.843032468874146,0.129989148700473,0.0845583823488279,21.7,1.24355300859599,254.0,4.57245724572457,155.98,16.88797,232.0,0.4659,3.01334776910347,2.54095576161893,0.756075213807545,0.421985167588553,1.03324099722992,1.42469997150451,0.43833920691356,1.35223952183606,0.625136509390438,40.7627932944458,35.6147772562781,23.7233151576422,0.003584036219856,-13.8061
01639500,3.23323887748118,2.53529493497604,0.784134742605576,0.0731741829672151,0.0961263501421113,21.75,1.18528610354223,251.25,4.23693086003373,198.1,11.61235,267.18,0.1173,2.0174467243133,1.61745223271913,0.692709729544412,0.379673786792657,1.06190476190476,1.09077827017351,0.462809234458375,1.04364416297282,0.444145176611721,23.2060881930356,51.8500442841289,13.968342228237,0.0188350005556674,-14.1274
01644000,3.04764818617385,2.5575617522245,0.83919192636056,0.156688497997198,0.084351798741144,22.05,1.225,254.8,4.4780316344464,187.25,23.95326,859.17,0.6186,3.36772120701077,2.86663062368765,0.781567281658321,0.435170829608636,1.07328244274809,1.34301494274769,0.444332962518803,1.17219478830193,0.593889682948944,36.5048504741997,39.7380314925245,23.8652697509015,0.001868922398557,-13.7579
01664000,3.14902806297057,2.57200380561259,0.816761157468489,0.174188172204434,0.0827964257846037,22.25,1.2027027027027,255.55,4.45209059233449,216.1,30.32647,1605.1,0.7519,4.43835402647343,3.83843969675652,0.854354475631049,0.473973206074874,1.04997934737712,1.30429777832438,0.445798410326273,1.20194558032513,0.572554862649007,36.1754662003161,42.739264347264,21.1687234304842,0.0005262202397876,-13.969
01666500,3.20091170431211,2.65812646132786,0.830427923940219,0.184505365979813,0.0822553978033295,22.4,1.20107238605898,256.75,4.45746527777778,201.59,24.98287,463.15,0.8137,4.27082728641785,3.62681833508072,0.847894825157563,0.457157325149957,1.0337552742616,1.35368812078836,0.447628649153583,1.15835335195532,0.599832575923175,34.6534840867212,42.515754958463,22.0632525493822,0.0047181952193351,-14.2526
01667500,3.20798220396988,2.68815648186174,0.837958664027232,0.178906478344439,0.0788117934771709,21.9,1.23033707865169,255.3,4.46328671328671,193.47,23.44026,1209.75,0.8033,4.11269399385096,3.4665615831167,0.83288555369401,0.443615626785547,1.06703296703297,1.30094356609608,0.451875619542419,1.03923725680094,0.563297926546245,30.7700365064613,44.5450379289049,21.8030801411582,0.0018122148538136,-14.1348
01669000,3.19697330595483,2.67805388090349,0.83768415454556,0.163706744271302,0.0412059832430486,22.0,1.16402116402116,255.0,4.54140694568121,42.94,4.09652,71.84,0.9098,4.58690411526638,3.39562953751177,0.834544322120391,0.316450929139022,35.5932203389831,1.50000001490116,0.405834000056942,3.17849164701437,0.588000005856156,65.2666666232877,17.2000000307957,17.5333333459165,0.0,-13.0
01669520,3.27315947980835,2.69015121149897,0.821882107515423,0.177758044868111,0.0368199149910729,22.65,1.17357512953368,252.75,4.48934280639432,25.42,4.97296,277.39,0.9295,5.24181730267256,3.63264825945503,0.858528515451138,0.262273160874151,38.2127659574468,1.50000001490116,0.411340156771003,2.32266465213406,0.59813460716932,60.9400907070394,19.8157808857108,19.2565254729787,0.0,-12.4147
02011400,3.28856536618754,2.54304951403149,0.773300582733942,0.0716663925589396,0.129154721501962,20.1,1.22188449848024,236.65,3.75634920634921,783.86,73.92744,407.72,0.9953,4.85527918631164,4.24929442749001,0.873318575617682,0.485857471618655,0.941269841269841,0.946663426015355,0.435315218333702,1.54878793660666,0.406893714370668,44.1010728357166,37.01010419614,18.6065264493511,0.0074907920605245,-14.6756
02013000,3.0362765229295,2.59555998631075,0.854849670874662,0.109973830766796,0.0979143372407574,20.65,1.1699716713881,242.6,3.79953014878622,691.82,70.85988,424.78,0.9852,5.04668484784626,4.45497798240239,0.887668936468779,0.502923232459737,0.945701357466063,0.923336631996429,0.436344843703451,1.48856902561845,0.395815158369576,43.3881370169472,37.5299143094755,18.7912347789645,0.0592438851640706,-15.1955
02014000,3.1245735797399,2.5485292128679,0.815640645940571,0.119622697334622,0.0978680841760858,21.15,1.18487394957983,241.15,3.83691328560064,691.04,73.63034,396.78,0.9092,5.02834343771815,4.42779645331262,0.887158068880153,0.501687509496001,0.951666666666667,1.011731517801,0.436054400692012,1.51987952063704,0.437150594944891,43.6376985565976,37.4520918757974,18.8650469124821,0.008373939517918,-15.4203
02015700,3.19551950718686,2.53775077344285,0.794159061691014,0.0805015435765321,0.128567248718796,20.4,1.25153374233129,242.65,3.98440065681445,753.52,68.72646,285.41,0.9911,4.88248247121394,4.23483303844214,0.871952261517807,0.469773421199717,1.02272727272727,0.843481958554417,0.429781217333083,1.9620621478442,0.350838620569635,48.8557283961532,35.4021209843088,15.7936441740012,0.0012932060164464,-14.4666
02016000,3.14481451060917,2.57381968514716,0.818432908034564,0.100530522771781,0.102077363429123,21.55,1.21067415730337,243.8,4.07692307692308,645.04,66.42056,1194.55,0.9317,5.08865611310359,4.38544116609582,0.883890083471318,0.459359315461342,1.01385809312639,0.884824261732569,0.437259278365103,1.64019378630426,0.379562056400789,43.3410444685166,39.8783493312,16.7471310529829,0.0003093706079916,-15.2353
02017500,3.0252977412731,2.59903960301164,0.859102086896714,0.140471368476262,0.0901845265568014,21.15,1.19154929577465,243.95,4.03890728476821,695.27,69.63081,276.15,0.9349,4.91474675932603,4.30191091320888,0.874631453641945,0.484083896383084,1.04576659038902,0.999781040783123,0.435442565885331,1.60985115056244,0.426827958081781,44.3547083551262,37.8439117232113,17.7668871632125,0.0138894791021928,-15.1362
02018000,3.05576454483231,2.62078272416153,0.857652049335285,0.134268102907456,0.0849686144296571,21.0,1.23529411764706,242.0,4.0672268907563,648.68,66.96658,852.34,0.8857,4.94866581910975,4.3210609777145,0.878832445827206,0.479377443145901,1.00698215671063,0.972914070200141,0.43484175554073,1.64298738062926,0.413146456699703,44.859566561121,37.6523255738213,17.4531349796719,0.017722431991368,-15.3324
02027000,3.46788637919233,2.64478958247775,0.762651740364609,0.122126478920976,0.0904732223814793,21.75,1.23229461756374,260.55,4.61558901682905,387.44,57.5512,240.77,0.9407,4.69714945697209,4.06941646447907,0.876300780189812,0.48098056758126,0.934246575342466,1.11410645037731,0.456590239901259,0.989853036255231,0.493581704207714,28.8551045576652,46.5178311074305,20.0959773698815,0.0,-14.0448
02027500,3.66553456536619,2.6407699247091,0.720432416504928,0.118218557988777,0.100786018307687,22.15,1.22375690607735,261.15,4.585601404741,350.53,52.51564,123.34,0.9407,4.5929429373419,3.97700977921868,0.873203524525722,0.481617576815542,0.959183673469388,1.07135413880981,0.465628803306849,0.830738663583129,0.461277574544819,21.2166661049926,50.3334417519923,20.3817619120453,0.0,-14.1
02028500,3.3264476386037,2.59700162902122,0.780713214566435,0.150820449112661,0.0802569579048301,21.2,1.24705882352941,258.5,4.66606498194946,377.48,66.86826,245.45,0.9644,4.79701177211998,4.17203937376531,0.882043953406286,0.492845279989145,1.00539083557951,1.2551661101374,0.448584050522581,1.10685896157994,0.555982194849536,33.8359444898709,43.6292554188725,22.6186710859503,0.0,-13.7687
02038850,3.14961533196441,2.88944821355236,0.917397176800705,0.0577604953967109,0.0655225978510027,23.75,1.19346733668342,267.65,4.97953488372093,176.41,9.80131,22.0,0.93,5.39911956215813,4.33502453455268,0.884415059768877,0.379295616916169,1.02702702702703,1.50000001490116,0.456054848481877,0.586208130633595,0.701823926537658,22.184119948855,30.804075031762,47.1451383533788,0.0,-15.8882
02046000,3.26886379192334,2.74904113620808,0.840977572390861,0.130911756579488,0.0453728268084367,22.85,1.20263157894737,260.15,4.57205623901582,86.64,6.04481,288.52,0.9359,5.26438545841656,3.83489455994279,0.869970589825404,0.300671494507184,1.18181818181818,1.50000001490116,0.450134176202021,0.862138597347591,0.645465346637652,30.8957961249447,16.9619709076376,29.7129548663708,0.0,-14.046
02051500,3.19027378507871,2.9769690349076,0.933139045567573,0.120039306078787,0.0525514965704711,23.25,1.15960099750623,260.85,4.61273209549072,113.4,6.85615,1428.71,0.9081,4.9075760119925,3.67203923667903,0.854645475160068,0.32552022781499,1.09669811320755,1.50000001490116,0.451511688872732,0.730584077248267,0.671515641963934,27.7843375984398,22.0416443910621,37.9312209121119,0.0,-14.0727
02053200,3.33393155373032,2.79694224503765,0.838932113620677,0.202374232071145,0.0248316831845784,22.25,1.22589531680441,259.95,4.69647696476965,25.28,2.20328,583.66,0.5848,3.23840871116945,2.4725213983593,0.772461165806653,0.345753417178203,47.7146144994246,1.50000001490117,0.419120980106282,1.80125630226809,0.521800719151352,45.770581822862,17.1191199296851,16.2793972612503,0.0,-13.0346
02053800,3.22805612594114,2.66746950034223,0.826339256900167,0.151225610748777,0.0938172550300136,20.75,1.19596541786744,246.85,4.23413379073756,705.68,36.16538,280.72,0.8875,4.65899755582489,4.00261873772924,0.859656491866177,0.450491613080553,0.990929705215419,1.35337158025801,0.447124784812621,0.887179159542652,0.610525701822638,32.4576526407881,35.6469206271527,31.8522930742156,0.0729889382588663,-14.716
02055100,3.05622997946612,2.6643679945243,0.871782559697856,0.142290996689215,0.0622119918873982,21.8,1.34567901234568,253.9,4.64168190127971,399.99,38.79042,30.54,0.5089,3.83815511065226,3.18865229727275,0.803515950461627,0.409212776592198,0.943396226415094,1.07721272343123,0.456791366209225,0.575018856016459,0.501720554788239,22.1948983382831,32.5606099425661,45.1131841903029,0.711894666487338,-12.9343
02056900,3.17934428473648,2.70525848049281,0.850885666418803,0.134597170430821,0.0646059372808137,21.8,1.28613569321534,251.35,4.51662174303684,423.07,33.49522,298.11,0.9121,4.34172312357894,3.60235701269386,0.836008375763609,0.4138376345832,1.03532008830022,1.50000001490116,0.439808166355223,0.952353509194062,0.672414297833444,36.5395665015296,27.6406429186716,35.9612140881222,0.0,-14.1418
02059500,3.0996167008898,3.20123958932238,1.03278563068892,0.0975953355825221,0.0529389162953181,21.55,1.2827380952381,256.2,4.6624203821656,319.14,27.0257,485.41,0.8421,4.27950354686228,3.60541985537108,0.82092827525927,0.42090023861122,1.02312925170068,1.48579165304792,0.440134043233605,0.93523494221494,0.666198542916501,36.3501894530991,27.9452075436185,35.8072641702599,0.0041008607374398,-14.5692
02064000,3.09549623545517,2.926439137577,0.945386107745239,0.06366846950694,0.0606011692596163,23.4,1.24468085106383,264.55,4.89907407407407,192.21,9.95686,427.77,0.909,4.34495821267114,3.33963570630212,0.811976265610765,0.338502392784494,1.07064364207221,1.44088263859822,0.452167372434128,0.658328514505536,0.666142611658551,25.8117370553952,29.9282762437534,43.7296241816557,0.0,-14.7619
02065500,3.13286379192334,3.69527572895277,1.17952007312905,0.0563549496136721,0.0617139970732649,23.2,1.2020725388601,264.65,4.86488970588235,170.09,10.06294,252.58,0.9058,4.64200307644351,3.72183907052793,0.839236940213441,0.377732605070178,1.05263157894737,1.50000001490117,0.450004531042641,0.680520702428971,0.687395559174189,27.2596793814834,25.0080477684415,44.0181736098748,0.0,-14.1599
02069700,3.52261054072553,2.71690084873374,0.771274830789032,0.127439248596637,0.0533951587612168,22.0,1.20218579234973,253.5,4.50266429840142,372.62,23.01829,221.13,0.9644,4.62359493720211,3.96450184133604,0.864540251701557,0.453502132707889,1.0233918128655,1.28942951644362,0.453495526103406,0.748420035962789,0.588243282414653,26.6350624752537,36.4779319714394,36.9802302209012,0.0,-14.521
02070000,3.30035318275154,3.76161787816564,1.13976222236601,0.113889877847509,0.0508621647943431,22.15,1.26210826210826,255.3,4.64604185623294,308.66,12.22606,270.61,0.9642,4.90700972785846,4.16953832317611,0.873122617982759,0.440194087485727,1.06009615384615,1.40354242873651,0.448090089106471,0.745251363658543,0.639628370925355,29.278609847121,29.3923373413707,41.4440132719355,0.0,-14.2184
02074500,3.27095003422314,3.42235515400411,1.04628781185798,0.0937371269589525,0.0524690208413809,22.4,1.29855072463768,254.85,4.72381835032437,223.3,10.70863,288.53,0.8579,4.29436800025878,3.42217952540346,0.826504346686742,0.382980185305089,1.03712296983759,1.50000001490116,0.443366209854747,0.747128222502976,0.683171954068498,31.6938175689277,23.4859736938353,44.9420789118282,0.0,-14.0036
02077200,3.27839698836413,2.86084161533196,0.872634286050719,0.0711893440034286,0.0489889008542847,23.25,1.22368421052632,257.7,4.52502194907814,194.0,7.08453,121.69,0.7114,3.74045309270899,3.13653179297469,0.798286827775165,0.414105282966531,1.03571428571429,1.50000001490116,0.472170183961194,0.824324961341703,0.479047097894369,14.9104386752416,10.7908772753333,11.7126581298381,0.0,-14.1
02081500,3.26657905544148,2.79155994524298,0.854582086599984,0.0972699197764954,0.0436247713972968,23.05,1.15829145728643,265.2,4.7654986522911,132.21,6.46534,428.37,0.8481,3.92024223446729,3.14069002907884,0.804627352209743,0.379574896703892,1.1484375,1.4979457896396,0.459580358759002,0.828652080047872,0.682119700186416,24.6649873569497,33.7689818637591,27.9036396785438,0.0,-14.0159
02082950,3.26311567419576,3.15805412731006,0.967803302924102,0.178218747307137,0.0329927432325966,22.9,1.16539440203562,260.8,4.64470169189671,79.77,6.54582,460.85,0.7774,5.26206756916406,3.83804295028276,0.868648024220554,0.285769595563814,1.48419540229885,1.50000001490116,0.435697466013641,1.06038641112344,0.66139712073998,40.067245621006,26.3300471588065,33.5325546068401,0.0,-14.0079
02092500,3.78279123887748,3.26780060232717,0.863859620045243,0.252330607045602,0.0120832517590196,20.95,1.28134556574924,254.35,4.50575730735164,21.88,2.57074,447.58,0.7118,3.82676062304878,2.59782876758115,0.781631016042909,0.257270004783273,44.2068965517241,1.50000001490116,0.432994800352964,3.02725830683265,0.648837727980659,59.9072423585615,20.3231266633895,14.9611504354183,0.382838457638087,-12.5406
02096846,3.34620396988364,3.19013757700205,0.953360167435634,0.101371880842616,0.0392525452032849,23.2,1.18367346938776,259.25,4.60479573712256,182.85,7.73462,19.57,0.9156,4.99332332092985,4.15626837830887,0.865021698917312,0.400102281812965,1.03125,1.4966754736832,0.458823478098808,0.807839211758365,0.704366038658137,24.4063849799773,44.4368233948023,31.1336627827697,0.0,-13.7966
02102908,3.35506776180698,3.01971446954141,0.900045746889787,0.17119043776273,0.0235111757954398,23.7,1.264,263.9,4.81130355515041,106.88,10.48159,19.73,0.6906,3.02299760761192,1.70994071500244,0.682361794256493,0.160119280061686,1.0,1.50000001490116,0.398506666637841,3.89926729224497,0.603000006079674,71.0000000198682,13.6666666451428,15.333333334989,0.0,-10.9658
02108000,3.81036824093087,3.20783753593429,0.841870741382891,0.275438917371904,0.0092819261110396,21.2,1.2887537993921,261.05,4.77239488117002,31.61,3.14028,1569.48,0.4232,2.63702849759526,1.98228425819537,0.718475186580843,0.315517396733031,29.437527593819,1.50000001490115,0.409908982925787,2.97238423822289,0.599144559153631,62.1613410504535,18.7036986740296,15.2189938778709,0.0688923543059651,-12.9173
02111180,3.71566872005476,2.72063859000684,0.732206984794584,0.0890534368813299,0.0460568781002514,20.1,1.18934911242604,239.25,4.07580919931857,551.06,56.42993,131.47,1.0,5.03187822284585,4.25318829488287,0.892727998275567,0.436106107427534,1.03571428571429,0.906177693311326,0.440771790153861,1.44711802357806,0.377540899168046,39.9708169829452,39.9385849631786,20.188242514487,0.0,-14.1
02111500,3.58283504449008,2.94495300479124,0.821961649984469,0.0689831421155967,0.0523692516718814,21.45,1.20505617977528,248.15,4.34208223972004,454.02,35.95807,233.66,0.9831,4.92925238222501,4.05551787084901,0.881133066876777,0.39957481291272,1.00854700854701,1.30607861664149,0.447660966263866,1.13490229079096,0.576852583230819,33.9785290433423,41.5159904584064,24.566277012402,0.0,-14.1
02112120,3.55881587953457,2.79970703627652,0.786696230163691,0.0771106154436244,0.0524049751607388,21.25,1.20056497175141,252.0,4.48398576512456,460.03,35.93547,322.27,0.901,4.90181182235316,4.01396924554183,0.877259310157319,0.394209014454276,0.997942386831276,1.24536400392802,0.441971010676891,1.19957919655718,0.532531854655498,37.3022729873295,35.5864887924669,27.1885450840555,0.0,-14.1
02112360,3.44035318275154,2.86083683778234,0.831553240558369,0.0972009068536146,0.0531136274470014,22.5,1.18733509234829,251.1,4.45212765957447,405.86,23.71832,205.3,0.8821,4.71433794550922,3.87999988911718,0.865150874873452,0.405740417567654,1.0064308681672,1.26174977625745,0.439587232839745,1.17443687221834,0.486764943602626,34.8156970760086,30.5277435455602,25.4074762940347,0.0,-14.1
02118500,3.49772073921971,2.85434324435318,0.816058072432033,0.0645013209437337,0.0413708350211441,22.35,1.2382271468144,250.15,4.55646630236794,336.82,18.17467,400.53,0.7055,3.85140129809756,3.21558857615898,0.815122726646121,0.413595251924537,1.04391891891892,1.50000001490116,0.446813635467312,0.837893772198606,0.687391154305071,31.0881765348755,30.8300320347641,37.9490644680079,0.0,-14.1
02125000,3.23351813826146,3.07863812457221,0.95210170252129,0.0763693403128905,0.0247912331690011,24.2,1.23155216284987,267.9,5.05471698113208,190.23,9.32187,144.55,0.3877,3.13798726622954,2.43450236945778,0.765736272306212,0.334612455464501,1.06787330316742,1.07345295903347,0.468347472541927,0.647061355061546,0.459615502456884,15.9171336875231,43.6492382193609,29.9467321194939,0.0,-14.7769
02128000,3.24067624914442,2.93767863107461,0.90650173149823,0.0530263818075362,0.0256704433801346,22.45,1.30523255813953,255.65,4.88347659980898,195.23,8.97028,273.48,0.8588,4.7566050003026,3.90870651724432,0.853154451659852,0.388510223929043,1.05651105651106,1.42562644821061,0.460181293424618,0.771353929505303,0.671788166415301,23.2965225569368,44.9922398605684,31.7233636338703,0.0,-14.2609
02137727,3.981318275154,2.76627763175907,0.69481449122579,0.0433707275701464,0.0405315310761795,18.15,1.2560553633218,237.75,4.23419412288513,602.18,65.11037,329.54,0.9861,4.94385882074169,4.21224896255214,0.884545811342185,0.438529763154719,1.04115226337449,1.18421254992371,0.439667123054701,1.45135690351336,0.505794642474395,40.5186359931733,38.432808820635,21.0713887432278,0.0,-14.1023
02140991,3.72775496235455,2.76834253251198,0.742629963736516,0.0809251831617219,0.0420384668349782,19.95,1.20909090909091,234.95,4.09320557491289,529.42,43.76522,521.99,0.9821,5.22739207116308,4.24349899513522,0.893465384016814,0.379211276568303,1.05412371134021,1.27603708108877,0.433987075835089,1.62963636885735,0.503033430928299,43.1295960225553,34.5373905280254,17.7709870877079,0.0,-14.1
02143000,3.70449828884326,2.91763767282683,0.787593203002362,0.0189528900594071,0.0313262156816952,22.0,1.34969325153374,249.55,4.91724137931034,399.35,27.07084,216.67,0.6406,5.02399886715795,3.9857658813924,0.867145940721796,0.364828429324683,1.07507507507508,1.50000001490116,0.436002857984283,1.29360083648407,0.579157718631852,37.1905940707889,27.5439222155707,26.0490415142333,0.0,-14.1
02143040,4.04584941820671,2.81041832991102,0.694642345625586,0.0074502554255376,0.0345610698452001,22.85,1.36417910447761,256.85,5.04121687929343,411.33,33.1444,66.48,0.9465,5.15514869581162,4.25010353619456,0.890847641475189,0.392197946656635,1.02912621359223,1.50000001490116,0.437797943796851,1.33273520161034,0.597054889579178,37.1473971437396,31.1285696416188,23.6513848785389,0.0,-14.1
02149000,3.82159753593429,2.99409058179329,0.78346569821652,0.0478472780280605,0.029590457635321,20.35,1.26791277258567,245.6,4.55658627087199,403.91,39.54624,203.85,0.9755,5.14733181143106,4.39656480552558,0.888101181287854,0.450501123310171,1.05610561056106,1.17191799121664,0.439314424972062,1.35664245068071,0.493341616428037,39.7779091372103,35.4242239096374,24.8674163597262,0.0,-14.1
02152100,3.77346201232033,3.10972069815195,0.824102823348621,0.0081675846843485,0.0300807469143999,23.15,1.34202898550725,255.25,4.91337824831569,414.31,40.11642,154.99,0.9009,5.15563251354322,4.35214147636752,0.890226914921666,0.436464820168553,1.05579399141631,1.50000001490116,0.438150621596746,1.33716114749993,0.605982148592895,37.4979995031803,31.9199587931034,23.7598519529663,0.0,-14.1
02177000,5.37447775496235,2.81164224503765,0.523147061580375,-0.0368598641018398,0.0267395574591906,18.95,1.24671052631579,231.7,4.18231046931408,705.59,47.86459,526.77,0.9731,5.5136802990831,4.18115637620031,0.890163292936654,0.293348922009413,1.00392670157068,1.3101613319676,0.431476658637712,1.78285416162325,0.412019443244187,34.9909374266273,27.0212354365479,16.0220718474464,0.0,-14.1
02178400,5.21309240246407,2.81214142368241,0.539438246357037,-0.0770469741459704,0.033836252850455,20.15,1.27936507936508,236.65,4.18479221927498,797.91,59.8088,151.28,0.9777,4.96105305591515,4.20076354834124,0.892712954785559,0.435319538015568,1.00444444444444,1.50000001490116,0.427656991819368,2.00846176059024,0.482739388184041,37.2321470481298,24.5818707460592,14.8954370891004,0.0,-14.0994
02193340,3.27406570841889,3.02470223134839,0.923836752442295,-0.0721573978685463,0.0127448828346305,24.6,1.24873096446701,273.1,5.30291262135922,167.93,7.49879,87.87,0.8688,4.67935755669617,3.4315075071478,0.82947255627512,0.273614243592109,1.04545454545455,1.50000001490116,0.438302913000851,0.955125162712831,0.66211009860637,36.6285574923572,23.4985884341274,39.5200930135407,0.0,-14.1
02196000,3.32446680355921,3.90583292265572,1.17487499603669,-0.0168230878908123,0.014697822503637,22.45,1.19733333333333,261.5,4.84259259259259,142.19,7.2448,1408.38,0.8727,4.76769504611559,3.23309839543129,0.83135035252581,0.223176768809838,1.31293532338308,1.36878049909613,0.457560711936716,0.75691595421773,0.616410489434797,24.2930917361569,37.5082503325754,32.8072935175685,0.0,-14.0784
02198100,3.31921834360027,3.60322032854209,1.08556291136719,0.0761429488063379,0.0030935926215692,25.4,1.36193029490617,280.85,6.15224534501643,83.45,5.25896,79.49,0.45,2.73026217962683,1.90125696474784,0.705479113766269,0.279467905751927,31.7913043478261,1.50000001490116,0.408382628891573,2.84356441326312,0.600595336407655,63.4465547130414,18.7665709565799,17.6304416646153,0.0,-15.2
02202600,3.34136481861739,3.16501875427789,0.947223343180927,0.181096073310395,0.000456804897604,24.8,1.42939481268012,271.1,5.89347826086957,34.93,2.40016,590.47,0.6165,2.54187446492095,1.66103851258708,0.693048847818575,0.247333466450894,46.9363636363636,1.50000001490116,0.399760805843775,3.58344097028002,0.61437470200098,70.5191843302998,15.7523196516632,13.78906056,0.0,-12.847
02212600,3.3718726899384,4.01767518138261,1.19152635666562,-0.0972154298650485,0.0090237999831922,24.6,1.28125,274.0,5.55217831813577,159.45,7.25507,187.96,0.927,5.51153795359543,4.21095971388185,0.87286350365816,0.292669299153987,1.05860805860806,1.50000001490117,0.438165887432496,1.04984906102124,0.645228511104078,37.5340006730671,22.7595594978917,35.6006320940979,0.0,-14.1
02215100,3.35439835728953,3.15870158795346,0.941659651451117,-0.0409869802640485,0.0010333057458655,23.6,1.22916666666667,271.2,5.27113702623907,113.08,4.53352,420.29,0.1516,2.40889726818858,1.77136740342861,0.683435986942373,0.294625683540903,1.18121911037891,1.50000001490116,0.412255772974042,2.3572105267119,0.594117823268349,58.9576596656364,16.6326106562062,24.3901359479851,0.717558452821849,-12.5398
02216180,3.40909787816564,3.18906409308693,0.935456888319936,0.0070646098978965,0.000534865436369,24.75,1.26598465473146,278.9,5.77432712215321,83.53,5.30253,129.11,0.4884,2.70554720673749,1.72315862216558,0.697486657726554,0.226169628256476,31.6720430107527,1.50000001490116,0.404011286582183,3.42147513616183,0.597164613261371,67.1195675536244,17.2585955879878,15.3484526801902,0.0,-15.2
02221525,3.35912388774812,3.14240887063655,0.935484660776579,-0.091209428289791,0.0095385192188569,24.5,1.26288659793814,270.65,5.24515503875969,176.01,7.55177,490.8,0.8252,4.54554270289662,3.46411944980037,0.82050472179388,0.305972712680707,1.14245416078984,1.50000001490116,0.435303742680067,1.07277938167536,0.652093259003833,39.3200247170905,23.2137997617951,37.4643843828792,0.0,-14.0988
02231000,3.71943189596167,3.40487262149213,0.915428139762131,0.414359340302195,0.0002359180653982,20.9,1.24776119402985,252.65,5.15612244897959,38.71,2.187,1748.37,0.9529,4.25283157719909,2.0681812525432,0.79254602167532,0.0918973629873362,48.9348252846486,1.50000001490116,0.442658190399664,6.20428566037158,0.711252875743009,72.562578177968,9.1845919141168,7.05876221806019,0.0,-13.0101
02245500,3.75599041752224,3.8102220807666,1.01443871182188,0.48273170579318,0.0004366285424588,20.1,1.32673267326733,252.95,5.55323819978046,41.45,4.14377,348.43,0.8235,3.57395982807049,1.65262660037896,0.71976486769677,0.0968132557224132,41.3024691358025,1.50000001490116,0.40383780578322,8.87809148211831,0.684376076224964,85.9711817291801,5.29615499748789,3.09458345747904,0.0,-13.0
02246000,3.70322108145106,3.28683586584531,0.887561340128634,0.453676111294111,0.0003326922230974,20.75,1.2888198757764,253.6,5.43622722400857,34.57,4.00959,451.06,0.8293,3.41958334943505,1.73047140969432,0.718484472492553,0.10906805213466,43.7016129032258,1.50000001490116,0.380082673699675,6.66911729617002,0.637068281254565,86.4217848118997,7.55537026251123,5.94159964169716,0.0,-13.0
02296500,3.68024640657084,3.50799752224504,0.953196371846661,0.760373922903644,0.0,22.7,1.35928143712575,256.8,5.9102416570771,31.23,1.71633,886.4,0.1676,2.05790350985673,1.10712672522206,0.63194809125341,0.15627812229725,48.4762697751873,1.50000001490116,0.391853327969374,7.73510712672694,0.663466686075716,86.1626970131333,6.52573375379608,4.37534024215904,0.0,-11.431
02297155,3.96811635865845,3.86719143052704,0.974566036121598,0.759624424252745,0.0,24.3,1.41690962099125,270.6,6.91187739463602,35.51,1.24624,93.6,0.1264,1.36527463820637,0.744267636871703,0.519045045171521,0.146520462734127,49.768115942029,1.50000001490116,0.374280702706552,8.48249571807917,0.644991713035407,91.1588566516699,5.39837812401814,3.44248877858512,0.0,-13.0708
02297310,3.84166187542779,4.04290674880219,1.0523848479903,0.787050189212887,0.0,22.8,1.44303797468354,260.6,6.64795918367347,25.71,1.18116,528.38,0.1446,1.79762160881357,0.995954079343422,0.597264560820977,0.156687964480023,49.6382393397524,1.50000001490116,0.379339434451204,7.86383763403309,0.648550667663784,88.973808426943,6.13943831348047,4.19962531383622,0.0,-14.3133
02298123,3.6844476386037,3.52557760438056,0.956880908671743,0.824779155032658,0.0,22.6,1.32941176470588,255.7,6.07363420427553,21.75,0.82221,540.65,0.1369,1.75643977596403,0.883308803011696,0.604274338936125,0.149445477839439,49.8744884038199,1.49420528938958,0.404665726473937,8.27675401461076,0.680186581639572,84.6839773374436,5.89690960378167,3.83862307652678,0.614796827160728,-11.9556
02298608,3.89631211498973,3.62255742642026,0.929740051492206,0.773908009142567,0.0,22.65,1.415625,265.9,6.75730622617535,22.79,1.6186,312.34,0.0756,1.6150768320766,0.851039394663679,0.574742130369203,0.145178650490269,49.4083526682135,1.50000001490116,0.386487011491089,8.09136209082811,0.657508606467098,87.9324434690768,6.30516541697101,3.74781677246074,0.0,-13.0599
02299950,3.96277207392197,3.52270830937714,0.888950523437675,0.74985991347247,0.0,22.55,1.40062111801242,268.25,6.7739898989899,33.67,1.61485,174.27,0.0572,1.58964988709343,0.775332745964247,0.554884635794472,0.120149458717096,49.3512396694215,1.50000001490116,0.373281734493801,8.79791073532315,0.64498480546815,91.9758473968096,5.01638323433,3.00692487223816,0.0,-13.0
02300700,3.89649691991786,4.35328966461328,1.11723164526588,0.724640389749514,0.0,22.3,1.41587301587302,265.25,6.54938271604938,25.46,2.88661,73.84,0.0836,1.41297864200571,0.72327591911984,0.54562303220961,0.134260037272919,49.3474576271186,1.50000001490116,0.399555287939816,9.04749315256232,0.679537493876673,87.1399932529919,4.85801315231257,2.8559791897998,0.007274809081866,-13.6311
02342933,3.81460369609856,3.27510633812457,0.858570535511784,-0.066124138832765,0.0027962712555372,23.1,1.21899736147757,275.8,5.46679881070367,127.7,7.99022,290.1,0.9083,4.91797538474336,3.51423174863121,0.832052509696639,0.256534853840066,1.67970660146699,1.50000001490116,0.414141823067488,2.48019407172767,0.610701363997846,57.6554877896222,20.0071769438117,20.0714695897721,0.0,-12.7573
02349900,3.39147707049966,3.15703091033539,0.930871960714825,-0.0312076865417968,0.0010817469729248,23.85,1.21065989847716,272.5,5.22531160115053,116.19,3.41104,122.87,0.0989,1.8519289843841,1.4255002595712,0.655564809862036,0.316528696016026,1.20571428571429,1.50000001490116,0.411494050582113,2.40736397454555,0.595234764128045,59.6153024100331,16.5244446182531,23.9249189071333,0.866706259604174,-12.2525
02350900,3.63582067077344,3.15648425735797,0.868162800968536,-0.050833314877925,0.001767717746493,22.1,1.23809523809524,269.05,5.29105211406096,139.77,6.74759,1365.12,0.3941,3.23322682360858,2.26498910054355,0.728975208853944,0.258408938930943,1.19663512092534,1.50000001490116,0.406461771336503,2.99152907080936,0.599086313820444,64.5419197352978,16.854671998034,18.6181152415492,0.0101653321950688,-12.5837
02361000,3.9580424366872,3.29058316221766,0.831366316772442,-0.0359430925396891,0.0015124422847458,21.4,1.22285714285714,262.95,5.03735632183908,117.14,8.27039,1781.61,0.4408,2.9741130556848,2.13347315135066,0.718239356657395,0.272116451075977,3.89028850060951,1.50000001490116,0.408211546340427,2.97038735009324,0.613367056800085,63.3599875242765,18.1909773064956,18.4250577705399,0.0,-14.2703
02363000,3.96039698836413,4.17131125256673,1.05325583895308,-0.0564163038164559,0.0026556564479946,22.85,1.1994750656168,269.8,5.11469194312796,135.39,7.57689,1292.51,0.635,3.79146086258454,2.76864162044451,0.774037908637042,0.283771536788565,3.62846068660022,1.50000001490116,0.41541645386093,2.62415250186404,0.597949804828862,58.0460992903874,21.6130310794451,16.7061839545114,0.0,-13.169
02369800,4.61982477754962,3.71741600273785,0.804666016945687,0.0380728503805569,0.0008723526438152,21.0,1.25,262.3,4.98195631528965,72.29,4.2203,227.51,0.9643,4.7856085488563,2.6565141364343,0.834547531173437,0.11998486297589,37.1744548286604,1.50000001490116,0.435162580583187,2.8563380296324,0.627437046672031,57.3021340831677,20.1312353648417,17.9661510944673,0.0,-13.0
02371500,3.96998357289528,3.14758301163587,0.792845349065351,-0.0453165947929238,0.0040171402581935,22.4,1.18832891246684,264.55,4.99150943396226,125.86,7.42604,1292.79,0.6862,4.16548637373976,2.97215669849731,0.792318914072704,0.259565777126578,5.05568181818182,1.50000001490116,0.42060074562203,2.11054998317178,0.555049985901238,50.0424856006001,21.5632807007169,16.6324188273072,0.0119474826491956,-13.1163
02372250,3.98311704312115,3.14445998631075,0.789447046689535,-0.0568992099341427,0.0034759991435446,22.65,1.21774193548387,263.65,4.99337121212121,122.94,7.29973,1145.22,0.7608,4.24444667347131,3.020283295074,0.799280964929441,0.257429146272682,6.17239225484072,1.50000001490116,0.415416334593691,2.54780813067849,0.586147436332373,56.655488319526,23.1052979108792,15.3358264062371,0.0158125726441524,-12.9898
02374500,4.41962354551677,4.34898694045174,0.984017506392218,-0.0268788548892592,0.0030425564536237,21.2,1.17777777777778,262.95,4.82034830430797,109.86,7.40892,445.72,0.949,4.45438780766145,3.00479524130305,0.813844977009083,0.217179888468144,5.42301710730949,1.49865667294843,0.42182798562345,2.09048393721772,0.592751328775569,52.7708513317399,24.6488832339101,22.0936810579474,0.0,-13.6157
02381600,4.27154962354552,3.0142465982204,0.705656462845556,-0.110113878697568,0.0166377865167783,21.85,1.16844919786096,259.2,4.58761061946903,512.02,35.2973,10.32,0.933,4.97383158505133,4.24895904166669,0.877855269654297,0.428722596548418,1.0,1.50000001490116,0.424320434620939,2.20004157532955,0.201657794745266,16.8490255147272,10.0675249505628,5.95983504542507,0.0,-14.1
02384540,4.92782751540041,2.78570169746749,0.565300162954493,-0.114014018888474,0.0316827871052048,19.95,1.21646341463415,255.4,4.51236749116608,499.46,93.55977,21.37,0.96,4.97381584841031,4.05505392059936,0.880692955270498,0.370491874698586,0.970588235294118,1.26620870906385,0.432910575767259,1.76993593148329,0.461982959401432,39.3736705006588,29.7906118351644,14.8549905842865,0.0,-16.5
02395120,3.75370704996578,2.94694247775496,0.785075243893055,-0.103527325408786,0.0124894104226604,23.1,1.21578947368421,266.25,4.78436657681941,250.6,9.60933,84.01,0.7132,4.30597146088106,3.34684551633202,0.809084104463229,0.329762368634333,1.072,1.15462837656165,0.460238969181224,0.727133945996097,0.540577452272612,22.5229358641489,43.0863044489248,34.5363834910411,0.528965418071906,-13.7867
02415000,4.05513073237509,3.00059567419576,0.739950416453852,-0.129686963311484,0.0124691410953683,21.25,1.17079889807163,254.1,4.56193895870736,270.56,12.25237,491.38,0.9106,4.60681353727928,3.67096272614736,0.835316572739009,0.352650166141446,1.10157367668097,1.50000001490116,0.440308895249754,1.12036769714792,0.489776983144908,28.7841600283564,23.4181662565605,20.8539846744072,0.0,-14.0917
02427250,4.04341546885695,3.97158069164265,0.982234134046432,-0.0847024819050709,0.0031810787432098,22.35,1.1520618556701,266.05,4.93599257884972,102.61,6.93052,675.24,0.9336,5.09858093663058,3.53894302152917,0.847363657094828,0.22758360390236,2.04621848739496,1.50000001490116,0.441668049422277,1.01054197061812,0.486196821014103,24.9027191060243,21.6566625077322,25.1313401471847,9.82396387263089e-06,-13.6538
02430085,4.23267077344285,2.94719626283368,0.696297071183836,-0.16529164959451,0.0126767241295668,22.85,1.24863387978142,264.65,4.81619654231119,150.01,6.72984,40.56,0.8644,4.12181549576269,3.39998535626836,0.821247661156858,0.408144688372046,1.0,1.50000001490117,0.431394679731145,1.70151189511629,0.656567386780565,46.0438429932479,31.7172745736226,22.2244951849859,0.0,-13.0
02450250,4.40954551676934,3.06388258726899,0.694829563640326,-0.174753638268905,0.0142864105715527,21.1,1.24117647058824,256.3,4.80863039399625,254.92,12.27321,231.83,0.8413,5.15488483502046,4.45096560326245,0.884999661053539,0.450258331263426,1.03932584269663,0.602587650113972,0.437783447587804,1.8349040674988,0.161365541658673,29.220510474918,28.5120270891409,9.19415042202781,0.150117891116237,-14.6896
02464000,4.27230937713895,3.00240327173169,0.702758861003255,-0.149259843649326,0.011217518412828,22.2,1.18085106382979,257.35,4.71769019248396,143.69,9.66599,578.94,0.9846,4.70913997284651,3.69292285638872,0.850792031512031,0.343898149892239,1.10444177671068,1.50000001490116,0.449795315790234,1.2786882077289,0.322782379498217,18.6838569870715,19.578774684873,9.82049467286082,0.0,-15.7248
02464360,4.09805886379192,3.16212818617385,0.771616097102115,-0.155678916352798,0.0095365763059721,23.65,1.24146981627297,264.1,4.96428571428571,114.12,8.63619,148.62,0.9717,4.54810615517495,3.69264307765288,0.839518669380987,0.366609002902082,1.09090909090909,1.50000001490116,0.433229404555392,1.61983493138308,0.655908724179668,44.5537930250252,32.5742458196266,22.5787241795397,0.0,-13.8919
02465493,4.04349212867899,3.58987017111567,0.887814309233857,-0.139368466372467,0.0073106547528566,23.7,1.25065963060686,266.2,5.14893617021277,101.5,9.53966,83.42,0.8617,5.05457301661986,3.83426553998663,0.852160411980678,0.299785587158552,3.96240601503759,1.50000001490116,0.43396595302034,1.59259552578341,0.666774035473537,44.0865769008309,33.1296178207493,22.7867777850797,0.0,-12.5809
02469800,4.09600821355236,3.2828758110883,0.801481745135746,-0.0991940795603835,0.003171649398055,22.75,1.21010638297872,266.8,5.09646609360076,78.13,9.86442,422.68,0.9839,4.8243910327188,3.22398482484036,0.836938128432226,0.211624943262742,4.57023411371237,1.4429921361926,0.431574100567111,1.56369240108965,0.639605060566939,45.6796274562754,31.1725886201701,23.0825756004095,0.0,-13.3145
02472000,4.15840246406571,3.16766180698152,0.761749694589318,-0.163583171916359,0.0060147222598053,23.2,1.21148825065274,259.85,4.86155285313377,123.24,6.76654,1927.13,0.6696,4.80920360163545,3.29996244817296,0.829551427193048,0.214407129448968,12.3199255121043,1.50000001490116,0.439656583117679,1.02322193302085,0.645530193149785,37.8146728327072,31.7559482299452,29.0543153151037,0.0965108339582878,-12.0405
02472500,4.25615742642026,3.61845958932238,0.850170523970908,-0.126695081009657,0.002454389871356,22.45,1.15721649484536,260.3,4.70280036133695,113.73,6.76541,789.94,0.5865,4.3527691154282,2.84438179519144,0.799800931331087,0.190561793931156,31.326164874552,1.50000001490116,0.433000549420055,1.60095996775213,0.640108099607394,45.1704963466415,33.6032100898677,21.2360696424707,0.0,-11.9951
02479155,4.42888843258042,3.20047759069131,0.722636760760893,-0.0405204366434495,0.0018026132328254,21.95,1.20604395604396,262.75,5.02390057361377,70.21,6.65609,137.28,0.9355,4.51258530895661,2.57358386537749,0.847353247206576,0.149711141501902,29.4090909090909,1.50000001490116,0.415527083223491,2.72533840826539,0.612612116809567,58.7314109736021,24.9716416784505,16.4170626864696,0.0,-11.6529
02479300,4.61856810403833,3.21301212867899,0.695672783490976,0.0100866497787576,0.0007412865485982,20.5,1.19883040935673,247.9,4.7444976076555,65.19,5.84957,1144.2,0.8895,4.63624885415172,2.77027365763764,0.812993083166148,0.148993865172104,34.9230769230769,1.50000001490116,0.425102889962934,2.04044224405252,0.617727034253175,51.6195551821352,30.4556507615305,17.8306531849571,0.0,-12.4162
02479560,4.64999041752225,3.18509713894593,0.684968538202518,-0.0243605221446677,0.0008881841770739,20.1,1.29260450160772,247.05,4.88241106719368,64.68,6.14661,1454.33,0.8849,4.44717266096067,2.67080037381341,0.803758744759213,0.156628670484991,30.4417571569595,1.50000001490116,0.421029230296843,2.2988267218082,0.626086380931309,54.7379291822674,28.261555104663,16.872730444158,0.0,-12.3745
02481000,4.79164271047228,3.21561022587269,0.671087228362181,0.0456993299055388,0.0003653977736162,20.25,1.28164556962025,251.25,4.94586614173228,51.66,5.61014,249.23,0.8845,4.72648308617008,2.70529170226504,0.815379377917311,0.135148907505314,34.8457142857143,1.50000001490116,0.431341624740236,1.72102251816871,0.633603432270565,46.62807694873,33.0257022482933,20.1256918718012,0.0,-12.2024
02481510,4.62082546201232,3.21608687200548,0.695998344547925,0.0237431959698631,0.0007622545076852,20.4,1.23262839879154,246.6,4.71060171919771,64.0,5.13464,800.66,0.7816,4.81389314075691,2.86341006299748,0.818000907818996,0.146005154395507,31.4830357142857,1.50000001490117,0.425724089701114,2.02469115059067,0.614773589105342,50.9651840345731,30.3191118513696,18.6631053237713,0.0,-11.8855
04015330,2.23980013689254,1.95845498973306,0.874388280219585,0.590786400549574,0.196079390089318,20.8,1.37748344370861,250.85,4.47147950089127,337.69,19.16862,224.35,0.9911,5.23756966014679,4.6162508137291,0.877813651845106,0.488353014311646,16.4822335025381,1.48200060324337,0.439664675099197,0.906316338044164,0.645931610559848,35.8461190243266,29.0474313213765,32.7614458754766,0.0,-13.0436
04024430,2.23315400410678,2.01156272416153,0.900772056231798,0.68295473815276,0.1608667587394,22.25,1.33233532934132,261.25,5.10752688172043,343.48,6.93316,1091.25,0.9961,4.8120789076139,4.31575506221106,0.871377271539348,0.536352905800742,34.9542553191489,1.50000001490116,0.462371799101651,1.34770270361987,0.713585480308363,48.4311460332403,21.1102983529349,21.5489243898098,0.0,-13.3583
04027000,2.42342231348392,2.05268680355921,0.847019849630856,0.459768532097639,0.235000084730923,18.95,1.19936708860759,240.2,3.80364212193191,425.75,9.36771,1619.85,0.9959,5.17113174788777,4.65947514146799,0.897480743867357,0.546740232094844,24.2242424242424,1.50000001490116,0.425529500324787,1.53489496011998,0.625443214145906,50.6598490068484,28.3983753479185,20.360848879699,0.0,-13.9437
04040500,2.43971800136893,2.2609700752909,0.926734185681405,0.307721220589675,0.309607600434067,16.8,1.22627737226277,217.8,3.37936384794414,497.28,8.10212,419.83,1.0,4.69740736582492,4.0419929992906,0.865017252960934,0.439199154258158,26.6468965517241,1.34379512594388,0.487079226038005,1.46185494637262,0.607187438526121,34.2353036987414,36.2693601886265,9.15075089416534,0.0,-15.2173
04043050,2.0726160164271,2.18737953456537,1.0553713361417,0.219573737736963,0.299401075000363,19.0,1.29251700680272,236.9,3.89638157894737,239.41,16.9632,76.62,0.9769,4.8275769974587,4.30104483140362,0.877898995862202,0.525006337175029,12.5763888888889,1.50000001490116,0.403987164159165,4.24078503823035,0.62246934875769,70.5101526495582,21.5393648749179,7.41919502557566,0.0,-13.5013
04045500,2.56409993155373,2.79321760438056,1.08935598414372,0.143003212563258,0.300079815277018,15.95,1.17279411764706,214.05,3.64340425531915,236.77,6.40846,1909.59,0.982,4.70317769889167,3.91809303027979,0.867085121106002,0.41417489354279,38.2546323968918,1.49451885499169,0.591014023314512,6.22562039282415,0.87126566685175,43.9913199800534,5.52414566788832,3.45528228152203,0.69362956443155,-13.215
04057510,2.35633264887064,2.03594442162902,0.864030985864762,0.274350841630493,0.253134692886369,19.7,1.22360248447205,234.3,3.88235294117647,228.86,4.66219,473.57,0.9814,4.63669458785525,3.78182453092815,0.872936409191448,0.38699257180085,38.6207701283547,1.50000001490116,0.550477140228295,10.9145827872214,0.879017803485007,59.8925710466427,4.42217811590075,2.36338575337832,0.757626868237633,-12.9392
04057800,2.49035455167693,2.05002036960986,0.823184139876562,0.257919993575317,0.334246736484748,17.85,1.24390243902439,218.4,3.34969325153374,476.21,6.3961,115.87,1.0,4.63748498889994,3.9158502029003,0.867601957897585,0.419666726941433,9.50900900900901,1.2282675822692,0.46165234676324,1.17257013478782,0.470733836744465,27.9896376424549,40.7723880724652,8.89081033143978,0.0,-14.6509
04059500,2.18302258726899,2.33493660506502,1.06958884378108,0.380564370968015,0.235319790957285,21.45,1.23631123919308,245.45,4.08063175394846,314.09,6.07833,1184.37,0.9954,4.8048535142403,4.11276029534763,0.876828158200188,0.449707172141686,35.5941320293399,1.50000001490115,0.444443220265625,2.46507658338237,0.644228440037302,50.8298083991366,33.4004119071603,12.0129497711906,0.410948191000787,-13.6525
04063700,2.30063381245722,2.04343353867214,0.888204601535273,0.520192757708825,0.211966109984869,21.8,1.24928366762178,250.1,4.05348460291734,473.28,5.5832,362.57,0.9981,5.04213474288441,4.36815042672385,0.886348979499516,0.466041128497796,33.2253521126761,1.50000001490116,0.480778388999991,3.89010778753397,0.726095383228604,56.383540117601,21.9985305094132,6.77817802721584,0.0,-13.5619
04074950,2.37189596167009,2.31414663928816,0.975652674773615,0.534512715369945,0.203272983314769,20.9,1.2330383480826,250.15,4.09410801963993,482.31,7.42761,1205.53,0.9667,4.80448882952551,4.25216137640408,0.850047377560946,0.493764059949608,24.2622377622378,1.50000001490116,0.430104886334713,3.77158796686628,0.656354333825635,64.7081157908617,23.0266564521972,7.25852470353954,0.0,-13.4489
04105700,2.80042710472279,2.3253673100616,0.830361663811915,0.228083218303704,0.154578943663624,19.4,1.22397476340694,232.9,3.84640792733278,277.91,6.57315,98.04,0.6706,2.55039781936257,2.18923831423583,0.718220746764391,0.457254841737131,30.9461077844311,1.50000001490116,0.409297635646267,2.90483178433787,0.624520619965796,64.0432185804724,23.1316108482186,12.8675512688175,0.0,-15.6936
04115265,2.49728542094456,2.2620246954141,0.905793417301305,0.222395197435615,0.17692366303836,22.05,1.27089337175793,245.25,3.96844660194175,254.56,4.35688,95.78,0.1706,1.96798617681348,1.63659334400991,0.679642792447489,0.436318308608017,31.7098765432099,1.50000001490116,0.398980516511764,4.25577779216334,0.635052992979972,72.039453410126,17.9662132366638,10.0634044482649,0.0,-15.9413
04122200,2.63890622861054,2.22766402464066,0.844161873009632,0.176031411122328,0.175430988197981,19.25,1.33680555555556,238.4,4.08919382504288,244.61,6.17213,1048.28,0.7431,3.69559025549975,3.20782518056797,0.793074576360232,0.475676368368808,33.24,1.50000001490116,0.404217369904104,5.2424599879265,0.665865649574325,78.1462991740833,12.0985737074674,6.53756020272672,0.0916450675131171,-15.806
04122500,2.61393292265572,2.21167838466804,0.846111377036028,0.201226998104088,0.184317913063151,19.6,1.32881355932203,232.75,3.92495784148398,270.61,7.82371,1769.19,0.7555,4.44761896096101,3.87003885952965,0.842021637443536,0.482854035992955,32.0594059405941,1.50000001490116,0.410220088093454,6.29316005452344,0.681099499841079,80.1059127405951,9.40992546222146,5.19335655930482,0.0896177522168549,-15.4606
04127918,2.62297056810404,2.02800488706366,0.773171041918918,0.149954183696444,0.290254060373262,15.25,1.17760617760618,209.55,3.46937086092715,234.05,5.24337,548.29,0.9563,4.01412877045209,3.22972545207096,0.832398907902695,0.38934315675667,45.0930009587728,1.48148050576614,0.480888586009276,1.93940378355788,0.763226081951543,56.6465610507825,11.7889345048811,15.6822356380734,0.746355342696962,-12.9921
04127997,2.52362628336756,2.88227039014374,1.14211458691007,0.189064031666847,0.268061615104673,16.75,1.23616236162362,218.0,3.60628618693135,356.97,12.23471,487.16,0.7608,3.96192966797981,3.50798680753509,0.820281473230937,0.504312395777837,14.5076923076923,1.50000001490116,0.39933476025599,5.43199007013895,0.535321600488144,63.7050865536086,11.9158030544238,5.4493369541149,0.173302870800827,-15.6474
04161580,2.47857631759069,2.28244283367556,0.92086849110792,0.237781897599397,0.157673147023086,21.8,1.24928366762178,251.0,4.10466067048242,277.3,7.53129,64.31,0.3152,2.41978381304776,2.09102096700535,0.693710899392781,0.456337012794932,29.3888888888889,1.50000001490116,0.423889526141509,2.26054266958296,0.650127058760838,52.7846257467213,30.7051949097145,16.638662967963,0.0,-16.5
04185000,2.58798494182067,2.37622570841889,0.918176017959052,0.225802839513107,0.125203448992686,22.45,1.23013698630137,252.0,4.23529411764706,250.64,3.32824,1064.0,0.2041,1.84592525401715,1.60293849593544,0.680043417136934,0.486613921843887,43.7074910820452,1.50000001490116,0.45038929075228,0.867705466597601,0.679545772087166,30.0473220828433,39.7876567960022,28.2739416097819,0.0,-16.4001
04196800,2.67460506502396,2.4540832991102,0.917549783780215,0.199795051452418,0.099311648741759,21.2,1.23976608187134,245.9,4.00162733930024,276.66,2.52382,608.07,0.0048,1.81411425207468,1.6041151959585,0.671311023705502,0.495105981139157,48.047471620227,1.50000001490116,0.46651985243802,0.627546747243945,0.687547185616504,17.4918059590391,44.5166397060751,34.1047073743295,1.0,-11.8
04197100,2.75852566735113,2.44512399726215,0.886387981160268,0.194850474617608,0.111863760810241,20.2,1.22424242424242,239.1,3.81948881789137,298.46,2.93165,388.21,0.0067,1.83718404712037,1.60382308508412,0.68030032785027,0.488235116634404,46.0693548387097,1.50000001490116,0.464783450617743,0.724189280972001,0.684122213852381,19.8498939121946,48.6981893136617,29.125606977982,0.202901159447827,-15.3924
04197170,2.71279808350445,2.41234162902122,0.889244814676699,0.197257299416675,0.10758495614117,20.2,1.17101449275362,242.9,3.82218725413061,275.04,3.32921,95.21,0.0059,1.70878387943403,1.45224147051684,0.66064338318177,0.453758482598639,45.00625,1.50000001490116,0.460789693778032,0.751906830234811,0.674756095790183,20.7639247598827,44.6501714663241,29.6239056462419,0.756871055421064,-12.9427
04213000,3.2589363449692,2.30925004791239,0.708590105319843,0.146118109580721,0.162227338465539,17.0,1.18466898954704,209.8,3.16440422322775,322.72,10.20101,455.3,0.9317,4.25168277632418,3.72505336273642,0.847408704951671,0.518304691604992,23.3671562082777,1.50000001490116,0.467906428140643,0.909454680110688,0.680281226973177,22.063973143492,62.4473658636533,15.5749459340443,0.0,-15.4256
04213075,3.25756468172485,2.30816082135524,0.708554103101673,0.152360047508136,0.160655070848624,16.65,1.332,210.3,3.29623824451411,358.17,13.85748,11.65,0.9686,3.27319431581858,2.80033890616057,0.783147064357307,0.474270176706988,29.45,1.50000001490116,0.473971251601852,0.847367674930736,0.686715490064306,18.0359357817319,67.2575189374019,14.6424853732137,0.0,-15.9184
04216418,3.15403148528405,2.23206213552361,0.707685432418121,0.13793310588948,0.225393876789264,15.25,1.14661654135338,202.85,2.9569970845481,533.55,22.26514,196.47,0.9172,3.88824129368532,3.37878666188647,0.838975264945491,0.513022848564608,7.36760124610592,1.20603618362506,0.462895883655943,0.969559390336365,0.513796238141254,23.3846591243687,54.3563836645143,17.3334663379318,0.0,-16.2122
04221000,3.17552224503765,2.27054970568104,0.715016154973943,0.219528466253919,0.207214753166224,16.85,1.1541095890411,212.45,3.09468317552804,658.41,27.06629,750.88,0.969,3.95608738968062,3.43920674799665,0.832442903389189,0.505112958942417,4.11759799833194,1.37608385686463,0.451685660266874,1.30108445697626,0.601283991047423,33.3877563865537,51.0347891166449,14.7976986383577,0.0,-16.0641
04224775,2.91436687200548,2.24468792607803,0.770214603947025,0.227626116992814,0.204650190587357,17.2,1.14285714285714,217.75,3.15123010130246,519.45,36.93333,231.84,0.8681,4.3014540512561,3.75191908032576,0.852577026650596,0.497578419653706,4.05277044854881,1.10541757518229,0.464271332283629,0.974470885811249,0.478356013008625,22.7719865337669,56.4372796440437,16.719066379337,0.0,-16.2436
04233000,2.87041615331964,2.24479438740589,0.782044925719142,0.237510791146035,0.169532329377697,18.8,1.13595166163142,226.0,3.23319027181688,434.01,40.08692,91.9,0.9837,4.53690935911645,3.97650670919472,0.867171560925249,0.509071545232333,3.00657894736842,1.18022534445007,0.465470037187939,0.911514990813116,0.507032728565422,21.2127388032943,55.8347858522622,17.7293859004082,0.0,-16.4933
04256000,3.64104038329911,2.19316527036277,0.602345769198956,0.0439508855376359,0.279703584506989,15.1,1.1021897810219,195.8,2.80918220946915,486.49,16.94626,232.45,1.0,5.20271804347613,4.468289861097,0.892598470767604,0.472295430100911,12.1303258145363,1.23401069758215,0.42269822645823,2.76660362957612,0.521346024845232,59.0050945205955,30.4624633230281,9.24401507862248,0.0,-13.9037
03010655,3.28458726899384,2.26130887063655,0.688460584373285,0.205555259955749,0.207261759338099,17.2,1.16610169491525,207.55,2.95234708392603,635.06,32.95227,254.44,0.9918,4.94954183266703,4.38736859716443,0.88708771838425,0.525444263745692,1.16222760290557,1.45217683344916,0.452477893277496,1.26116181823514,0.622442372428468,31.9837179473669,49.0567703687615,15.8940168712289,0.0,-15.1986
03011800,3.5894250513347,2.25324978781656,0.627746715864344,0.164345763980717,0.210192690903197,14.65,1.18145161290323,199.35,2.98204936424832,628.71,19.77674,100.1,1.0,4.99674038206774,4.46163990228695,0.885626193492327,0.526677052703512,1.01204819277108,1.50000001490116,0.438828032666416,1.64931795911261,0.631435226694828,42.0085603627456,40.3880291237554,17.6211124823915,0.0,-13.1728
03015500,3.59908829568788,2.26129915126626,0.628297770292423,0.181003525363463,0.192038519147369,15.4,1.1622641509434,197.85,2.93545994065282,492.56,22.04748,784.85,0.9837,4.43618797915163,3.87080476446645,0.862184049596211,0.499168418497563,6.96974281391831,1.47820335094001,0.453769020383662,1.23838937651862,0.653835237811781,31.991686279628,52.7576307213117,14.9523098493139,0.0,-15.466
03021350,3.68573579739904,2.26540563997262,0.61464135372136,0.168834030505871,0.208263538884948,15.45,1.24096385542169,200.1,3.06666666666667,485.4,20.02559,239.67,0.9747,3.8585515760454,3.30010891462518,0.840787111211881,0.497150506901601,9.96813725490196,1.42520235004991,0.466322602901615,0.99296310002973,0.637300868358396,22.8755054753558,61.3519805914313,13.8847730576233,0.0,-16.3597
03026500,3.53956194387406,2.2624765229295,0.639196759035446,0.156580794306811,0.209814940150446,15.95,1.14336917562724,201.75,2.98005908419498,577.23,15.82974,20.31,1.0,4.89329291774893,4.3762500979124,0.876862318282506,0.531145729318732,1.0,1.50000001490116,0.438694635954477,1.65270552918112,0.630960821786182,42.0958550292264,40.2801812132436,17.6466213622217,0.0,-14.1475
03028000,3.46432306639288,2.26305470225873,0.653245860414243,0.157303344531732,0.203474312123818,16.4,1.11945392491468,203.6,2.99632082413539,569.02,18.29113,161.11,0.9796,5.07509907990274,4.49930368784587,0.890177383790892,0.518974941929885,1.0,1.50000001490116,0.439582184499217,1.63157747212213,0.63421191535386,41.5178828388783,41.0026464514029,17.4660050529061,0.0,-13.925
03049000,3.29245448323066,2.37935804243669,0.722669988166999,0.138944311915125,0.139333377128464,17.9,1.11180124223602,216.65,3.16739766081871,365.27,16.00521,357.15,0.7165,3.91657576196527,3.39632422212796,0.816114906125586,0.484312861041795,1.06194690265487,0.893354687690538,0.452848337442657,1.15935680245902,0.388102620936233,31.5845402372729,48.9436579256956,19.7340957308476,0.0,-15.1617
03049800,3.02702395619439,2.43280097193703,0.803693993553846,0.128476117724567,0.116341909362209,18.65,1.1441717791411,222.35,3.39206712433257,296.6,21.30523,14.89,0.2546,4.79489764979105,4.20785120564543,0.864868499264487,0.467993491184616,1.0,0.800000011920929,0.459094867728757,1.03923365604999,0.359572903414442,27.2736827016418,53.1891466229478,19.3959536078694,0.0,-16.0333
03050000,3.87312525667351,2.48064970568104,0.640477532041291,0.0795221772161191,0.158964457158934,14.7,1.14396887159533,194.6,2.88296296296296,998.82,65.76346,487.29,0.9766,4.70933237842244,4.14805448116218,0.888988997068325,0.528889130110991,1.53566621803499,0.971606271748853,0.45823324763305,0.993714773236058,0.404412400728793,26.7364301128078,48.5160947851702,19.0022169683536,0.0551861036222423,-14.9513
03069500,4.07351813826146,2.44632761122519,0.600544180286688,0.0685163705935231,0.194644630432116,13.15,1.16371681415929,190.2,2.83457526080477,961.46,63.79304,1856.85,0.9408,4.72559086443894,4.12217042958076,0.875594118763101,0.491650008280562,1.07180756986204,0.979106582033581,0.454406492583119,1.10558296442675,0.40702362735253,27.9227546050133,47.4342533526252,17.6530846074369,0.138111208510196,-14.8012
03070500,3.700212183436,2.43485184120465,0.658030329207678,0.0800223526604417,0.144725592442485,15.25,1.10108303249097,203.35,2.9816715542522,599.73,30.19392,517.38,0.717,4.49415330117219,3.93256887325326,0.857381159224643,0.494335264680772,1.13308457711443,1.03955121746086,0.44843584823559,1.24267323324781,0.442105839069569,34.6014490783619,45.5444184748864,19.1852460453458,0.0018345949238128,-15.2815
03076600,3.65368651608487,2.43922698151951,0.667607078708349,0.0719940585445489,0.189395500517419,16.1,1.0952380952381,206.8,2.99060014461316,795.46,21.46688,127.4,0.8242,4.11844450795613,3.54889873856729,0.834435142764972,0.474658349985426,1.02439024390244,0.952475569617636,0.445485511297075,1.47530417662905,0.356191758788695,32.3586165110474,40.2388610791707,13.9788991725594,0.0,-14.6633
03078000,3.50921697467488,2.43736324435318,0.694560428136251,0.0904527772272066,0.194625437344426,17.15,1.07523510971787,214.45,3.05049786628734,767.06,30.57341,161.48,0.8405,3.95838547605953,3.43261629850989,0.825048498137183,0.470167106931949,1.13513513513514,0.961760010741946,0.437495696222974,1.68912005318141,0.406716283677571,43.0354441850462,39.7374784646608,17.2810082007035,0.0,-15.9667
03140000,2.91307871321013,2.4426807118412,0.8385220422518,0.180956093452007,0.0894584784615066,21.55,1.24207492795389,241.2,3.78056426332288,287.7,15.82284,70.35,0.7138,2.63864421119679,2.23446873559365,0.752420202723737,0.444178569609062,1.0,1.50000001490116,0.468656243278336,0.753457414084748,0.659264152196466,17.9678933191621,51.305546712209,23.5524072710681,0.0,-16.5
03144000,2.99462286105407,2.45251544147844,0.818973057801069,0.159603524796088,0.0936024048579887,20.35,1.22222222222222,239.65,3.68125960061444,292.28,13.11071,363.41,0.7303,3.78163071198284,3.28921874403365,0.81241393118542,0.476085966611129,11.2260869565217,1.50000001490116,0.465497993639408,0.882060330577618,0.691078367545968,22.552987752899,57.4246106807181,20.207469598578,0.0,-16.1342
03170000,3.32212594113621,2.8167734017796,0.847882787013256,0.130431484041595,0.0945585836238721,20.55,1.19476744186047,247.65,4.25150214592275,713.74,32.96335,794.64,0.8847,4.60649082229546,3.75740342752096,0.846196599836304,0.401959393737103,1.03700588730025,1.38469802805017,0.4371600480529,1.34768426148113,0.608340429933772,41.3954497945694,34.2067622887165,24.4821979427338,0.0046877865921041,-14.3792
03173000,3.0228514715948,2.63302963723477,0.871041684309297,0.137115353774068,0.0942000993572573,19.25,1.18827160493827,234.9,3.86666666666667,750.95,46.98351,773.32,0.8116,4.59890307293148,3.9347367322623,0.857788370406377,0.444476012128365,0.996518711923412,1.18294965890536,0.44912434473183,0.965103536930955,0.536989654960784,32.3454473602584,40.6300645163861,26.8787027475711,0.174389914067547,-15.3197
03180500,3.78282272416153,2.48605563312799,0.657195912789974,0.0351025247833449,0.195303023284764,14.8,1.16078431372549,204.05,3.02744807121662,1057.03,44.26244,345.06,0.9877,4.7204894704231,4.18294206949671,0.878130318929094,0.514514735308979,1.05410447761194,0.852569237558952,0.456645460718475,1.15084800535109,0.3746416025817,29.1677754183781,52.6281749775862,16.3039789165209,0.0214259574368052,-15.1304
03182500,3.55233127994524,2.51935242984257,0.709211002944919,0.0375230123779968,0.170253081143655,17.7,1.16447368421053,212.8,3.21936459909228,934.51,59.7077,1364.97,0.9922,4.78690396980826,4.16475595984205,0.874162207075278,0.484089689897908,1.12125603864734,0.920461239121242,0.453842922585503,1.16919141226696,0.385822585378701,30.0353725331491,48.0109382584522,16.8959884739487,0.0968108325597525,-14.9304
03186500,4.14293497604381,2.51498488706366,0.607053912650417,0.0469846565828001,0.1907316712122,15.2,1.11764705882353,206.8,2.99710144927536,1057.61,61.17799,329.68,0.9927,4.67225171748841,4.06581133262356,0.882180359336585,0.49564599819413,1.00589390962672,0.888693410477457,0.459485625860092,0.968863082071949,0.410939533725663,26.7561911643734,52.7377716496662,20.3258991526996,0.0,-15.2
03237280,3.52835318275154,2.55484724161533,0.724090562731866,0.046001063387718,0.0847306381238598,19.05,1.17956656346749,238.85,3.69736842105263,248.51,31.52585,32.95,0.9863,5.07091481587603,4.57739736991113,0.885411083001504,0.542140307154602,1.20338983050847,1.50000001490116,0.474234666668677,0.728704097889761,0.70400000706315,15.9333333280351,61.9999999900659,22.0000000149012,0.0085278543838195,-16.4139
03237500,3.2265325119781,2.55285919233402,0.791208265485269,0.0606166620277512,0.0787104016916548,20.8,1.13972602739726,239.5,3.73634945397816,272.36,14.22302,1003.21,0.5206,2.99664665053856,2.56978549410498,0.761121099713908,0.444266573370104,4.26030085022891,1.30196742282879,0.470709502595626,0.599793127699567,0.586385256244666,14.542242071876,48.245654852871,30.8067787362505,0.215456675248387,-15.4558
03238500,3.25269952087611,2.55609259411362,0.785837295362942,0.0735740007821369,0.0747385312973334,20.9,1.15789473684211,239.6,3.77025963808025,285.37,7.5191,568.5,0.1747,2.1063281782519,1.78660228514153,0.706147831149303,0.431456003527489,41.9182968929804,1.4992079726635,0.471285108137078,0.64292092803164,0.707802624278654,15.960615885161,54.3180121567552,29.8421084146922,0.336447021637303,-14.9187
03241500,3.07015605749487,2.51180187542779,0.818134918352433,0.161117606586146,0.0779467519548554,20.7,1.18965517241379,248.25,4.05968928863451,319.84,3.27837,170.91,0.0257,2.24324350933314,2.0392465022369,0.724295804892812,0.546764385536407,43.9130434782609,1.50000001490116,0.45024610343989,1.00498967052718,0.668518615104132,31.5943384343656,42.073087077747,25.5987083235606,0.871500920547649,-12.4039
03280700,3.9905735797399,2.73069660506502,0.684286744875158,0.008978127039132,0.0584460847843343,18.85,1.1671826625387,232.5,3.5824345146379,540.37,28.95669,158.22,0.991,5.16521125192354,4.66888831249871,0.885982377812387,0.546180042105175,0.991735537190083,1.00000001490116,0.457533,0.973577210348408,0.471000007018447,27.2,49.3,23.9,0.0,-15.4907
03281500,3.80124161533196,2.6716241889117,0.702829354002637,0.0417899627585112,0.044067880842997,19.5,1.1854103343465,236.5,3.86753883892069,376.49,21.8686,1838.22,0.9654,5.20447362051414,4.70080755334398,0.892178529614233,0.544715297281904,1.09410472354449,1.01292355694894,0.46034508567231,0.887002971795703,0.477285124683607,24.9496483023357,50.4244181673515,24.9362533469653,0.0,-16.1537
03285000,3.53352087611225,2.70664965092402,0.76599226262447,-0.0166956408575432,0.0446468108120254,21.55,1.21067415730337,245.3,4.1541066892464,323.6,12.08007,822.34,0.5302,3.26432528985945,2.70764145905298,0.768747376923992,0.40886530455857,1.17140536149472,1.06360340616922,0.470163459625985,0.586461057334275,0.469575008968348,14.3561992837015,46.4533564127013,32.2353253625317,0.518657830264072,-13.9498
03291780,3.62401642710472,2.58425004791239,0.713090047987719,0.0791105878293909,0.0673686532615331,21.15,1.29754601226994,251.7,4.37358818418766,249.83,14.47984,71.41,0.7056,2.90564517916708,2.53487342347774,0.775579830273651,0.479546154788985,23.6814159292035,1.29836830498169,0.469088769262019,0.650205789053475,0.582331821639507,16.1470313327492,47.8865122249181,28.7322065906862,1.0,-11.8
03338780,2.91593976728268,2.48124194387406,0.850923593043312,0.329598570052117,0.0725503193755769,22.15,1.23743016759777,259.35,4.56200527704485,213.25,3.19469,691.56,0.0378,2.59064989694459,2.45716768306585,0.768584441290001,0.639405275104694,48.0564814814815,1.50000001490116,0.4645480847081,0.686661752991525,0.662617875910427,19.2056090534132,48.2335039003103,28.0080847866959,0.0941103337097648,-15.1955
03340800,3.11718001368925,2.51269378507871,0.806079140134381,0.193085647558957,0.0732286680426859,22.35,1.18253968253968,252.7,4.19071310116086,268.15,4.37041,357.65,0.2735,2.32739943602337,2.11590589235822,0.727558093368342,0.544287111380029,45.7243816254417,1.50000001490116,0.459011512685542,0.871241198999681,0.65255838359196,25.0950502196732,46.2969794117164,24.2665654135693,0.0167879562093645,-16.4173
03346000,3.13314305270363,2.60218880219028,0.830536224621094,0.141508236825792,0.0621069652969445,22.75,1.26388888888889,255.35,4.54764024933215,173.5,2.57944,814.69,0.0951,2.04947295020379,1.83078750387333,0.690632742470659,0.486963569457564,45.8118577075099,1.50000001490116,0.470734379895623,0.736495042878573,0.702425523753176,17.9517833601053,58.300878152141,23.7137506298048,0.398747227600511,-13.8606
03364500,3.34864476386037,2.53998793976728,0.758512209828774,0.144662519373104,0.0804170575814994,22.85,1.1839378238342,248.25,4.03986981285598,274.58,3.79613,237.09,0.2772,2.14798678158262,1.91588529814005,0.702462627000718,0.505472690404592,48.4458762886598,1.50000001490116,0.456335999554301,0.923553370828033,0.669785478374904,27.1838175144101,45.6675261605071,25.7815816938391,1.0,-11.8
03366500,3.61569609856263,2.59112160164271,0.71663146763711,0.103580453208449,0.059067129172147,21.35,1.28614457831325,247.45,4.27006039689387,240.19,8.50477,755.22,0.5748,3.05510201482997,2.67944651510158,0.778942167053368,0.483568403858434,36.6276870163371,1.50000001490116,0.46601590488835,0.779313225923834,0.700511318195988,20.6652823855075,53.2481336752043,26.0524165519682,0.857377770513553,-12.4703
03368000,3.50896235455168,2.56677771389459,0.731491949625814,0.109334032224163,0.0670858663666364,21.45,1.1949860724234,250.6,4.11156685808039,264.12,4.26263,29.72,0.6327,2.88044915005041,2.54639335539189,0.784873593652953,0.500461708273317,39.0727272727273,1.50000001490116,0.465226036652511,0.778451246276124,0.700823083618527,21.017180511424,52.1069210834261,26.8366676250455,1.0,-11.8
03384450,3.66948117727584,2.73193681040383,0.744502200289791,-0.0741546672622545,0.0496725306242436,23.5,1.24338624338624,265.05,4.86330275229358,166.37,16.36598,111.13,0.913,5.04300467690442,4.44709132051456,0.87881838804432,0.484392138563437,1.12209302325581,1.50000001490116,0.471044666712635,0.770508004859905,0.706000007092953,18.2666666282548,59.8000000188748,21.6666666898462,0.0,-15.2
03439000,5.56067488021903,2.71938744695414,0.489039101463711,0.0210712593748749,0.0374660918206049,18.9,1.20382165605096,231.5,4.12288512911843,863.18,63.23118,178.67,0.9948,4.92221460432667,4.17676619459093,0.882489602583882,0.420307201189919,1.01538461538462,1.30123279044286,0.435561320403406,1.61974057491564,0.554687516504871,43.5594388940534,35.9415686811856,20.4980442352377,0.0,-14.1
03455500,5.80058042436687,3.42376536618754,0.590245305763732,0.0638700322383783,0.0774314166204897,17.8,1.28519855595668,230.7,4.01217391304348,1326.82,91.67733,72.95,0.9922,4.4319387389661,3.75747476520104,0.855383702922966,0.430051769679633,0.981481481481482,1.50000001490116,0.42730523447946,2.13254271886754,0.630000006407498,50.5325477830834,33.3015752515636,16.050128833947,0.0,-14.1
03456500,4.7873839835729,2.76630547570157,0.577832378851099,0.0557590848169392,0.0638736766495558,17.3,1.26277372262774,233.25,4.19137466307278,1162.13,99.95219,133.43,0.9658,4.48346687485418,3.82617616817567,0.864215150774727,0.442410152831385,0.995121951219512,1.50000001490116,0.428761771755402,1.96960263160009,0.632055150125618,48.9118251649031,32.7234383888932,18.3336121903635,0.0,-14.1
03460000,4.47108008213552,2.6527807118412,0.59331988313977,0.0256759801789374,0.077253343718732,15.15,1.20717131474104,226.45,3.76788685524126,1254.53,116.23587,127.02,0.9933,4.52498443754228,3.78777705640739,0.865025040678127,0.415000634540804,0.989528795811518,1.50000001490116,0.429051313068636,2.044989308832,0.496916615194188,38.0057022725658,26.1817979259767,12.9785807299349,0.0,-13.8009
03463300,4.56529911019849,3.05420387405886,0.669004111304784,0.0379202786522028,0.0849163900758962,17.25,1.25912408759124,233.0,3.98290598290598,1025.66,112.34116,112.16,1.0,4.62192046739631,3.8093538810753,0.878203045168123,0.402684599023233,0.994117647058824,1.50000001490116,0.42903167627052,1.91483173665252,0.63391351214833,48.5028115592395,32.3212659123078,19.1738684198915,0.0,-14.1
03471500,3.41253798767967,2.60360410677618,0.762952417284732,0.105286957457578,0.0838711696088708,19.4,1.16167664670659,238.25,3.80591054313099,1023.62,69.46205,198.16,0.8219,4.60330710362868,3.98693435190143,0.864491185268671,0.465434450634596,1.02325581395349,1.22961039248839,0.448403187069492,1.07247376003558,0.554550031128405,33.5365333570007,42.0985123469082,24.256582604228,0.384503735054089,-13.5244
03473000,3.49595208761123,2.5874022587269,0.740113764114789,0.090562164899597,0.0832667330515825,17.9,1.15112540192926,231.8,3.75080906148867,916.29,56.64293,784.81,0.8628,4.69952965808126,4.01722630209039,0.865494478775092,0.446667342111976,1.07252559726962,1.18404840476699,0.447111447992369,1.05864082408023,0.517212667482349,33.6400527406418,38.7483710896755,25.6986196450043,0.311902361703788,-13.4257
03479000,3.973234770705,2.66377174537988,0.670428982707011,0.109819057850403,0.0904171237520879,18.25,1.17363344051447,226.6,3.64308681672026,1040.03,82.19102,235.6,0.9873,4.81713977168127,4.17742754235274,0.872686216005804,0.460275094637567,1.05,1.37128838315389,0.427873542391008,2.12678791069036,0.561487145471513,50.4872318648906,34.6516290118592,14.6880766509404,0.0,-14.1
03488000,3.274212183436,2.61184466803559,0.797701713178126,0.0988846609521179,0.0815490515140822,18.3,1.1656050955414,224.95,3.4848954298993,812.91,54.05912,578.21,0.8315,4.4984705776486,3.93925404942136,0.855499167386807,0.478139660783776,1.06526806526807,1.03016050493857,0.448228608650407,0.913176578639759,0.461711474841298,32.613293804525,39.0049168326288,28.2716598572084,0.181587266716014,-15.1605
03498500,4.33051745379877,2.64746369609856,0.611350427366638,-0.0310991119176905,0.0343707789266315,16.4,1.24714828897338,217.1,3.66722972972973,680.92,77.71156,696.76,0.8376,4.64545935091868,3.88411584459432,0.85795866099708,0.412352571394282,1.05053449951409,0.85025026344995,0.446341763416607,1.12273766307222,0.287113582670004,25.4553977976482,28.4361962741598,16.693973104122,0.205910183390597,-14.6682
03500000,5.1950417522245,2.82262596851472,0.543330757121649,-0.0811899160520957,0.0292489179120406,19.75,1.27009646302251,233.0,4.12754650132861,808.87,67.89742,361.14,0.9577,4.748509907415,4.01407930286087,0.87156240923298,0.43124245380727,1.02996254681648,1.25854253129897,0.436800067903592,1.49533201654145,0.489907026017571,39.3731570336449,33.3447825495424,20.0610023664506,0.0,-14.1
03500240,5.0380848733744,3.06516536618754,0.608398914116459,-0.087909722614876,0.029394718558517,19.05,1.2742474916388,237.4,4.17223198594025,967.11,82.16983,145.86,0.9592,4.64929669025411,4.0374247341675,0.873898501670182,0.48105592175301,1.04545454545455,1.12912433089825,0.436766316483073,1.56266479957801,0.47625530119598,42.6470139916836,36.7064770868379,20.7430368884757,0.0,-14.1
03504000,5.6031485284052,2.69890116358658,0.481675820282915,-0.0776271198044347,0.0589912291417263,19.05,1.26578073089701,237.0,4.15425065731814,1039.71,86.43459,134.52,0.9516,4.54515581685706,3.95886140578655,0.873042034631673,0.484601731699671,0.989949748743719,1.50000001490116,0.429109437432128,1.97273662796314,0.6300000064075,48.625639408156,32.8666663082937,18.4923097521369,0.0,-14.1
03574500,4.29078028747433,2.85762328542094,0.665991519948698,-0.173452400201009,0.0200681785915394,21.15,1.27409638554217,237.3,4.29891304347826,337.61,47.69583,813.8,0.8794,4.76362267686753,4.2059100285027,0.869909978172896,0.48951724223341,1.07422186751796,1.02659536998161,0.451617381392618,0.932606392811841,0.402768760711678,25.9730510733671,32.2610641022497,25.2287236621058,0.529630566554591,-13.0532
03592718,4.27535797399042,3.7611187816564,0.879720202270209,-0.138466454495008,0.0149109120314144,21.2,1.25073746312684,257.85,4.67967332123412,173.22,6.67758,66.99,0.9566,4.18322674489445,3.36137560022524,0.822929873572987,0.384212734812503,1.12,1.50000001490116,0.432057979368979,1.69762090515165,0.655695269269062,45.6530833031694,32.3340788952885,21.9314657851889,0.0,-12.7422
03604000,4.35018480492813,2.96437063655031,0.681435564114909,-0.134235660399537,0.0255990760932844,21.9,1.25501432664756,249.0,4.62395543175488,269.53,10.29605,1163.03,0.8342,3.98100759231407,3.37221909081378,0.809738429401209,0.424238291811288,1.10992907801418,1.50000001490116,0.471847063449828,0.658551462513373,0.702848331409508,15.9981345712005,55.8626481441208,28.2042850245036,0.219200660617508,-15.3696
05291000,1.73521013004791,2.23716446269678,1.28927581965823,0.75120196348746,0.148874500915531,24.25,1.38176638176638,288.1,6.5551763367463,432.13,8.90129,1046.78,0.0059,2.15290652311635,1.91264892176577,0.69275448393126,0.513102972179959,38.6225988700565,1.50000001490116,0.444663198647977,1.10596915919126,0.646622054149042,34.8452394034957,35.893972164257,26.1177052679846,0.0,-13.9127
05362000,2.35849691991786,2.08166539356605,0.882623749043753,0.623901120098162,0.174430982504896,22.85,1.28732394366197,254.85,4.33787234042553,434.01,5.6153,1477.29,0.9909,4.70499951859757,4.25412218425661,0.876083652593215,0.564946607106424,40.574612017509,1.50000001490116,0.450591355157054,1.83132537871902,0.637769334407012,42.3802087725853,41.0229856263138,10.3164057712506,0.0,-13.6393
05393500,2.38842299794661,2.0864234770705,0.873556936465714,0.583819247039892,0.19616986570515,22.3,1.23888888888889,253.65,4.0102766798419,487.07,7.18561,220.44,1.0,4.7766187170676,4.28948183933672,0.883505900905296,0.545893700866266,36.1295336787565,1.50000001490116,0.422832293367391,2.55009418335962,0.608406858185602,55.2346473349687,34.5630903904495,10.0932632890635,0.0,-14.1
05399500,2.28198631074606,2.12755225188227,0.932324721609175,0.641754841410851,0.156958255923397,22.2,1.19354838709677,255.55,4.18591318591319,408.61,4.56736,576.3,0.7338,2.27435942135575,1.96421098904217,0.736884081003536,0.502092967567429,41.9424460431655,1.50000001490117,0.450260652293116,1.32437921860898,0.662554494243334,34.7002382309448,50.3073460122999,14.7702957268804,0.0,-13.7795
05408000,2.48642299794661,2.22445122518823,0.894639096817102,0.625557299997423,0.140156645371,21.85,1.29289940828402,261.75,4.43268416596105,348.35,18.52763,689.33,0.9563,3.50121042431492,3.14098103919991,0.827816393429229,0.559201816081211,1.77945084145261,1.50000001490116,0.456638920683116,0.851914589334533,0.522798856603153,17.8937035607211,37.4146090224948,19.8749665041151,0.444796800353718,-12.1886
05413500,2.65133880903491,2.2835888569473,0.861296507698511,0.607552984594074,0.124159245932601,21.9,1.17112299465241,259.15,4.23102040816326,280.29,14.29374,695.33,0.599,2.64532222145083,2.32849782815829,0.762005270139825,0.510079291280595,1.06277244986922,1.3283669283493,0.473053351437112,0.653269266776188,0.603921247178679,14.673444103881,55.1351375164752,25.5440832958037,0.641304725089662,-12.0511
05414000,2.70729500342231,2.27733850787132,0.841185945747515,0.595308071318601,0.123542293769616,22.5,1.171875,259.0,4.20454545454545,291.51,11.74505,370.79,0.4849,2.52018754479786,2.18590192139896,0.750584242860243,0.487467506597171,1.50751252086811,1.28905960138282,0.472833953790579,0.651668060740749,0.574882109578343,14.3002097073588,53.384028133104,25.3147041881235,0.691278595575542,-12.0161
05444000,2.80612457221081,2.3826758384668,0.849098383607968,0.44883436444549,0.113352332875094,22.7,1.36336336336336,259.45,4.85406922357343,241.53,6.34198,376.35,0.1186,2.6760152521279,2.50135257685574,0.792824094436423,0.637873294174967,26.3687707641196,1.50000001490116,0.475371744339648,0.651797159418187,0.701934275743219,14.2469896311954,60.2887260702344,25.3147526983633,0.85335419257346,-12.1966
05454000,2.74700342231348,2.38700681724846,0.868949342348529,0.570875786406306,0.102381239516297,23.15,1.36176470588235,262.55,4.85304990757856,225.39,4.6154,65.38,0.0902,2.48120471078356,2.23894367417974,0.753595861001021,0.549114938910847,39.0258620689655,1.50000001490116,0.471689320766362,0.692363281451937,0.711800745811761,16.7633803673091,57.441961026895,25.6937273298882,1.0,-11.8
05458000,2.56788227241615,2.25891423682409,0.879679828428681,0.727605612968709,0.122540965691067,23.2,1.27823691460055,265.2,4.75268817204301,355.97,4.61454,776.76,0.2524,2.54775992972658,2.39816468684933,0.78842119931427,0.652196614579621,45.302034428795,1.49098037222109,0.439459357010923,1.37754342991489,0.652079066040027,40.6641583971279,38.3215391134432,21.0744272031265,0.985233705024963,-11.8694
05466500,2.73042984257358,2.44143908281999,0.894159243629859,0.409918998753446,0.107102802145215,22.55,1.26685393258427,259.6,5.05058365758755,222.09,4.95695,1151.57,0.0954,2.53229567437625,2.336498578874,0.759089343319279,0.589845885546495,38.1003271537623,1.50000001490116,0.473261289991788,0.663955267347387,0.677781999421985,15.1990072701406,56.6705447832112,24.5796463002969,0.0330851410052271,-15.5393
05487980,2.68562354551677,2.42960577686516,0.90467101426818,0.613011766762408,0.0964519167641938,23.35,1.21298701298701,265.1,4.98308270676692,309.96,6.21127,882.73,0.2602,2.13140066738946,1.85135102498853,0.702141276493416,0.458897317764456,27.9913978494624,1.50000001490117,0.463358848042523,0.696847025702506,0.631606518820022,18.7145923543302,42.4050235721409,29.0003194607187,0.128935527228662,-15.8028
05488200,2.66347980835044,2.42888078028747,0.911920102668898,0.606905242531454,0.10182137585369,23.75,1.20865139949109,267.9,5.06906338694418,282.37,6.56634,234.21,0.4427,2.07266022867746,1.81346230418321,0.715747574830875,0.492875267418361,31.1853785900783,1.50000001490116,0.465640539332737,0.63253876340303,0.553193913003286,13.8114172393992,37.0079835730955,27.1876516935735,0.0,-16.5
05489000,2.68093360711841,2.43541292265572,0.908419707294955,0.603570354309792,0.0977424681708028,22.65,1.21122994652406,266.05,4.85936073059361,281.38,6.43914,964.76,0.3304,2.35262366617753,2.06792791433395,0.725155738377186,0.477643622621827,26.8310502283105,1.50000001490117,0.462784893499035,0.722010947342238,0.630332954374742,19.3922801903848,42.7845791175914,28.2024255348591,0.0043342001849354,-16.4793
05495000,2.72977412731006,2.4957765229295,0.914279499523595,0.488646008005251,0.0965623589589288,23.3,1.18575063613232,265.95,4.94790697674419,236.65,5.82876,1027.55,0.2856,2.04034320888399,1.76264186192161,0.70512027332582,0.468230404465751,35.6748617086663,1.50000001490116,0.460365899283002,0.759646787920797,0.693560439745663,23.3233632699866,45.659641291726,31.1214185773436,0.198942186259665,-15.5626
05495500,2.75290622861054,2.5343523340178,0.920609756946551,0.38050476374675,0.0758324970984556,23.5,1.27371273712737,270.4,4.99815157116451,203.55,4.21758,905.56,0.1464,2.1243283379528,1.89536379240217,0.722141163130126,0.521633228620106,44.2221412964312,1.50000001490116,0.4736260087054,0.614148341530002,0.712876464526889,14.4107234872279,55.7804027840438,29.4885511965821,0.789407744611313,-12.7395
05501000,2.82039425051335,2.56293619438741,0.908715579008473,0.37291823453968,0.0805965933083467,24.0,1.21212121212121,268.5,4.84220018034265,215.88,5.30531,922.83,0.1158,2.01999665355484,1.74513794754518,0.691428766543143,0.452500454799662,39.3505586592179,1.38134475752661,0.46810113006973,0.618430678840065,0.657745711802146,17.0489599665314,48.5181152348291,34.2955318318727,0.904773216142982,-12.1192
05503800,2.94587816563997,2.57790002737851,0.875087115769595,0.376372837668318,0.0832843857982754,24.25,1.25,270.25,5.02790697674419,232.79,3.69705,212.64,0.076,1.82979657963044,1.56681745867443,0.668460894576613,0.43845940520777,47.8378378378378,1.50000001490116,0.467676694953845,0.603510832374644,0.718447505493549,16.9450951652876,47.0894996739551,35.8412700309377,0.101991033078728,-14.8532
05507600,2.92049281314168,3.5702605065024,1.22248563339614,0.326668711271449,0.0742633892998097,23.6,1.2722371967655,268.5,4.9584487534626,232.77,1.80947,275.38,0.0387,1.78656834702637,1.54644402178041,0.653289294468905,0.440595204879728,48.5116279069767,1.49337575791996,0.474207814845216,0.54220040164696,0.715863398459258,12.6217669362938,52.174927079378,34.7818273114741,0.829122636378632,-12.381
05508805,2.87245995893224,2.69494711841205,0.938201805052775,0.322870999886847,0.075793058486455,23.3,1.24932975871314,268.4,4.86231884057971,223.69,4.6271,536.4,0.0858,2.0430553982642,1.7741971869677,0.681302455892271,0.447477486452302,33.0218712029162,1.42753539616609,0.472380148448871,0.569648401196543,0.682341697086717,14.0747905366261,51.4902877243139,34.1449972678948,0.66736607764904,-12.931
05525500,2.84659000684463,2.46637173169062,0.866430264196892,0.320439505090912,0.0775662992910571,21.8,1.19452054794521,255.4,4.36208368915457,217.33,2.73734,1158.76,0.0268,2.46329095973191,2.34235200134787,0.755668632640496,0.636491624292006,49.2961111111111,1.50000001490117,0.466267916310135,0.63030928375848,0.634479918401463,17.3176318569794,44.6293349983155,28.5465694237906,0.482991084749905,-13.975
05556500,2.78313757700205,2.3916507871321,0.859336170405326,0.423445844697201,0.106987814559373,23.2,1.26775956284153,258.85,4.79351851851852,217.97,6.17927,505.09,0.1229,2.66723900294569,2.52020977704879,0.787726608288601,0.642965397801479,43.2203182374541,1.50000001490116,0.472178099891791,0.679286732615397,0.697015938084479,16.417220489795,57.8078707518667,25.6686795715136,0.52954243924008,-13.2329
05584500,2.77042710472279,2.50508792607803,0.904224450377187,0.386434451108192,0.0864765586667042,23.25,1.2533692722372,265.3,4.94962686567164,197.83,3.91674,1695.67,0.1497,2.43876788453189,2.24516435574703,0.751303362575985,0.575930425629986,46.1626323751891,1.50000001490117,0.47467921696033,0.622513869091523,0.704146911159709,13.9530058606103,57.5403645542258,27.853471589825,0.538811438135377,-13.6542
05591550,2.89986036960986,2.58387075975359,0.891032818970254,0.197561873718447,0.0692516054963585,23.5,1.29120879120879,263.9,4.85556577736891,211.21,3.71276,96.21,0.0151,2.39005548499681,2.26764391366437,0.738904535289147,0.621045223474551,49.1875,1.50000001490116,0.468814833872922,0.698493790591707,0.65546349918246,17.7772384439531,51.5348775709225,25.3649304608025,0.0,-15.2
05592050,2.83289801505818,2.59084689938398,0.914557066866657,0.188157465283187,0.0740889287495313,23.55,1.22337662337662,262.85,4.69794459338695,191.16,3.71375,254.12,0.0709,2.20183009829153,2.03371170451892,0.712946723708932,0.55631010896392,46.5679012345679,1.50000001490116,0.470934613344184,0.638959330967609,0.677179938390969,16.0488769448232,52.9327943475726,27.7323167571192,0.0,-15.2
05592575,2.9833826146475,2.67331103353867,0.896067108661667,0.13197632155276,0.0638801924050215,24.8,1.19230769230769,264.25,4.59565217391304,176.47,1.56531,115.25,0.0625,2.06497367283965,1.80048769931906,0.684111917146446,0.445652809814883,45.2277777777778,1.50000001490116,0.47322813105088,0.694231740931239,0.707364875904608,16.0265742910264,59.5800019809469,24.3625228536816,0.0,-15.2
05593575,2.96442299794661,2.67545564681725,0.902521552649698,0.143569501234744,0.0547473552431735,24.55,1.16627078384798,268.7,4.76418439716312,153.43,3.13593,217.67,0.0737,1.84162459349327,1.51037067588845,0.685142911546648,0.397850194925885,46.9589442815249,1.50000001490116,0.474091365120931,0.68150682713569,0.707867972986833,15.4048545488412,60.130968739095,24.4155173505807,0.765769748641918,-12.5964
05593900,2.86180150581793,2.62180369609856,0.916137506660939,0.174782457807895,0.0734339258739105,24.4,1.22,267.5,4.73032714412025,196.82,3.03005,145.45,0.0715,2.02069561266004,1.79242806049264,0.680991957004606,0.480127136210114,46.4310344827586,1.50000001490116,0.476699540399882,0.564400442988331,0.712159979699937,12.0506516712715,57.679760745637,30.2379035912725,0.997612073644707,-11.8081
05595730,3.100681724846,2.67097641341547,0.861415859619752,0.11466886135199,0.05667164669358,24.0,1.19106699751861,265.8,4.74642857142857,151.58,3.36518,236.76,0.0879,2.13321198993484,1.81558162421787,0.705835326302162,0.433442495035369,45.732782369146,1.50000001490116,0.472080158461677,0.711085976264087,0.693947684190677,16.571142931013,57.8134060871064,23.8634221438279,0.749218139848958,-12.6527
07291000,4.27315811088296,3.19138134154689,0.746843729797645,-0.165164818260007,0.003569389743915,24.35,1.27821522309711,267.6,5.28853754940711,129.13,7.60783,479.3,0.9777,5.18817670710889,3.50972920311137,0.846542503064599,0.198569404747183,29.1597633136095,1.50000001490116,0.4512923892265,1.13357435789898,0.673279391383912,32.3408958706276,46.6288646374359,21.0365909113784,0.0,-11.8728
07359610,4.28054757015743,2.91806741957563,0.681704238009044,-0.080252730151755,0.0301790248613661,23.75,1.19346733668342,269.95,5.20134874759152,301.25,26.3835,342.23,0.9453,4.80649629979972,3.96497189352464,0.84854284305384,0.379576312274333,1.06986027944112,0.943494153956874,0.450230969273138,0.973048182270868,0.427740302791786,30.9684632967542,40.0225152031671,29.1724671499166,0.0,-16.042
07362100,3.80791101984942,3.0545095687885,0.802148357161268,-0.192228847480827,0.0183234657917035,23.8,1.29347826086957,268.6,5.47046843177189,82.82,5.30737,996.08,0.9703,5.18456735440731,3.79959471440346,0.861914255528427,0.267873188537989,4.97230113636364,1.50000001490116,0.448028186547681,1.12076359384697,0.682572277998997,33.4941958960169,41.1477396495413,25.4325818377715,0.0,-13.0
07362587,4.21306776180698,3.15970298425736,0.749976777706078,-0.0690111653709,0.0366380668861851,24.2,1.22842639593909,270.3,5.34718100890208,287.49,26.09551,69.77,0.9966,5.30943302189054,3.96281643550199,0.874011373485945,0.292992308420367,1.01923076923077,0.800000011920929,0.443175,1.02097691689017,0.365000005438924,34.875,32.375,33.25,0.0,-15.2
07375000,4.61188364134155,3.71513422313484,0.805556798925254,-0.006388603807006,0.0005081655254214,22.3,1.27428571428571,259.6,4.96842105263158,54.03,3.81251,249.35,0.7492,3.9967378508415,2.62312156237416,0.777066536199219,0.198863563157982,45.7700831024931,1.50000001490117,0.436374757837127,1.68267350094071,0.633349693170816,43.4242190355713,37.9046688270308,18.818516573958,0.0,-13.7861
08013000,4.32004654346338,3.21965529089665,0.745282546959656,-0.156904435045654,0.0032863361803717,21.9,1.23380281690141,251.3,4.8843537414966,75.95,4.567,1293.69,0.9144,4.83560862597344,2.99419305654465,0.828604928185975,0.160985302859105,44.1684152401988,1.50000001490116,0.447360039718332,1.081808311834,0.630559640706226,31.7648144920937,38.5898223435033,22.802275633143,0.0,-13.9362
08014500,4.47232991101985,3.27026761122519,0.731222355302373,-0.10171220484307,0.0022457658116513,21.25,1.21776504297994,253.3,4.81558935361217,57.95,3.28615,1305.15,0.8187,4.67051473252856,2.73525233165406,0.822381094170114,0.144744490811663,44.6132748217224,1.50000001490116,0.448874743566099,1.20664302145334,0.67639886924096,34.6059642562151,46.4866960058495,18.8778032164218,0.0,-13.9215
05057200,1.45177960301164,2.03825073237509,1.40396705405342,0.916413868842179,0.141789208175196,24.85,1.44057971014493,296.85,7.40274314214464,447.5,2.33897,1897.33,0.0165,2.06940655556139,1.87929381514654,0.674540246084416,0.544824415991078,48.8357251908397,1.50000001490115,0.435048165374018,1.71366620690078,0.610203039539412,42.2770144806095,36.2352750295391,16.4999645125829,0.0,-13.5073
05120500,1.31184394250513,2.03884728268309,1.55418431767856,0.80189939400823,0.19176626992326,24.3,1.36901408450704,304.15,8.15415549597855,515.77,5.85036,1509.83,0.0019,1.82325472381611,1.61173030659595,0.622140438909572,0.469873901675634,42.1545845746442,1.50000001490117,0.432560788162248,1.56237743137358,0.637739483616897,44.9670951137737,33.0809591820175,19.7012979746895,0.0,-13.7671
06221400,1.55064065708419,3.00475832991102,1.93775283537396,0.0108231064378987,0.714826752405444,22.75,1.45833333333333,274.2,6.26742857142857,3336.8,127.16435,227.88,0.297,0.571416671083167,0.422711459543106,0.247970307662283,0.122424104506462,0.589041095890411,1.10536387634116,0.425165486136872,2.07249277929812,0.431627462176282,46.6499751825471,27.5963727625373,15.467266657022,0.0941487402002535,-14.1412
06224000,1.47903627652293,2.58516339493498,1.7478701746332,0.0241078883289395,0.693901350936104,23.35,1.5016077170418,275.95,6.46252927400468,3116.82,105.14637,484.86,0.387,0.735980334341707,0.477690474438546,0.312042477192434,0.126745604810631,0.561855670103093,1.04634242288129,0.43894447096176,1.45611760819768,0.418804390082727,38.4527206312796,35.203758489539,20.5533854261335,0.0361954980279481,-14.1064
06278300,1.93391923340178,2.55176291581109,1.31947750026898,0.0435232793680325,0.732862235334757,16.85,1.25278810408922,255.85,5.29162357807653,2953.37,86.72682,58.85,0.5225,0.869292295992502,0.637294698983193,0.376741965657456,0.186161948489979,0.737864077669903,0.817294601705375,0.422137354987233,2.42921222519827,0.142163976252666,24.335458571474,13.3993042450798,6.54046855672707,0.0,-14.0554
06280300,1.9521492128679,2.54396625598905,1.30316178661964,-0.0999368270576154,0.666773488915146,15.95,1.276,235.8,4.24482448244824,3003.52,141.18886,793.95,0.5853,0.785631192811514,0.547076432699304,0.337862219862902,0.152621114130269,0.593582887700535,1.45575580298276,0.422940434387263,2.34775288447111,0.58748961005788,53.5482570654047,30.5303877999504,16.2730826482763,0.0,-13.6275
06289000,1.72181108829569,2.4896523340178,1.4459497623994,0.0299032787862332,0.583642806430044,18.5,1.43410852713178,258.8,5.63220892274211,2507.99,86.42554,471.27,0.6859,1.88384098292209,1.32089466911433,0.62537827113449,0.247782564481299,0.708651399491094,0.798599897632203,0.440795553897691,1.3589959337714,0.239374054061821,25.136673208604,25.6601650214023,16.7369570636747,0.758824247736797,-12.1444
06291500,1.56217796030116,3.10414485968515,1.98706225447369,0.149455513844873,0.404772816694431,22.15,1.56537102473498,272.8,6.52631578947368,2238.49,100.83533,217.96,0.5915,1.59392580262406,1.26085540486194,0.574551419647744,0.325020462146347,0.837765957446808,0.66448020794894,0.448633844019901,1.04915690914289,0.23340672003136,26.0154817729708,32.8277960774589,22.7214539752129,0.40680958123534,-13.8996
06311000,1.45656536618754,2.44152403832991,1.67622002761224,0.269035363438014,0.57382796016244,23.65,1.46894409937888,279.25,6.5474794841735,2515.87,41.0532,61.23,0.3219,1.39235947175837,0.952058936292889,0.526202779148575,0.216614809409235,0.897196261682243,0.838462294263114,0.420002919256897,2.48694381195799,0.257376304100246,42.2251558286029,20.9396194842949,12.8260959921206,0.0197880458579458,-14.2821
06332515,1.2116372347707,2.47515414099932,2.04281782531033,0.818659017571152,0.173914615394175,23.65,1.42900302114804,293.25,6.92443919716647,683.69,21.51406,191.49,0.0,1.3924555691975,1.19928054792769,0.540676946514819,0.408505304383603,1.07492795389049,1.09291244407114,0.451690263371625,0.893906010126322,0.304033921128489,16.1361980076326,23.40926589955,16.9916368418603,0.0,-13.0452
06339100,1.15557973990418,2.11859582477755,1.83336186298423,0.838254396394264,0.160349274004295,24.3,1.5,297.4,7.59642401021711,759.27,10.76088,529.14,0.0,1.29832472269071,1.09585116617032,0.507897670000256,0.362451735094875,1.14331550802139,1.48508303519387,0.450928931083231,0.874518442329878,0.448823836916054,19.4365340034351,25.710970158807,20.1074544706821,0.0,-13.0237
06344600,1.13692402464066,2.12980318959617,1.87330300304748,0.835102017131009,0.162624033289867,25.2,1.56521739130435,297.9,7.83947368421053,796.57,7.89802,402.5,0.0,1.29171518246715,1.0902951829116,0.504651094366985,0.357330671801601,1.21368715083799,1.49966394687177,0.453138790585444,0.830512448497455,0.46229277877535,18.5072465976049,26.9162429134008,20.8424065200093,0.0,-13.0372
06350000,1.07796030116359,2.17467871321013,2.01740148580862,0.771483147435968,0.164913327830338,24.05,1.54166666666667,302.35,8.28356164383562,833.77,7.61453,1501.05,0.0,1.37298757378111,1.19010954494035,0.503756353678352,0.370441094362271,1.41056283731689,1.49286745751926,0.451919736415313,0.863426100910799,0.397100676208096,16.9290024785574,23.6564565101113,17.8066504360184,0.0,-13.0304
06352000,1.09566735112936,2.33464149212868,2.13079406785484,0.751851497127695,0.168403955596369,24.15,1.46808510638298,301.65,8.01195219123506,840.97,7.25043,1441.83,0.0,1.32741386908539,1.14545032170026,0.499443683369832,0.367105673625094,1.5291734197731,1.49371864831206,0.448029904019549,0.966925684162524,0.383676796974224,18.6418710729414,22.477848665495,16.0889061721259,0.0,-12.9728
06404000,1.54081998631075,2.40860933607118,1.56319969721981,0.742308699305366,0.191294358675479,24.85,1.48802395209581,284.9,6.71142520612485,1506.1,44.57631,151.83,0.7102,2.04627715806766,0.985466220927837,0.676336206317906,0.141667130999676,0.928853754940711,1.50000001490116,0.443142525797526,1.29635393491907,0.451014586533417,24.7690730428717,25.5010594507455,16.3987193064996,0.0,-14.0612
06406000,1.42815058179329,2.37129378507871,1.66039478981351,0.747918616778269,0.167832878351021,24.25,1.49230769230769,287.55,7.15298507462687,1337.4,35.11128,436.34,0.5327,1.68632774562847,0.942389005764146,0.589306094118542,0.178925809172646,1.57242339832869,1.50000001490117,0.44530790731826,1.26786871334653,0.520955971827912,27.8537603342353,32.1545233203944,17.344937789527,0.0604696221401325,-14.3357
06409000,1.73344284736482,2.60291745379877,1.50158827431532,0.561712233684554,0.343337176611808,22.85,1.43710691823899,270.4,5.84017278617711,1960.28,31.3792,205.33,0.7952,2.39505712829344,1.57870065935215,0.690628900462691,0.231701221510647,0.968481375358166,1.50000001490116,0.452628378236915,0.958681910025002,0.650476378863084,27.1203881448798,39.5949317242983,27.2049087938995,0.764987788852965,-12.5115
06431500,1.96518275154004,2.90636227241615,1.47892722452329,0.393724656067756,0.36993144167527,20.7,1.42268041237113,261.65,5.35619242579324,1889.64,36.22756,427.1,0.9044,3.00761620898587,2.11134813374127,0.763443378363136,0.275231404650566,0.997194950911641,1.46946314724768,0.449610355904416,1.10358292871374,0.666340555219621,32.04691491482,41.8043008006165,24.836274634087,0.622672140343926,-12.9291
06440200,1.31600958247775,2.36404299794661,1.79637217648191,0.662348894220469,0.140805850137048,24.25,1.41399416909621,295.2,7.20879120879121,756.84,9.79001,649.19,0.0,0.867418571780611,0.687038696790918,0.370097406391618,0.227159956917554,7.4051329055912,1.50000001490116,0.459288866325711,0.684760226406516,0.389089148283232,13.9161148526994,21.3871604084886,20.1902502785938,0.0,-15.9866
06447500,1.43718138261465,2.41581880903491,1.68094218186979,0.678962210187896,0.155649176414783,25.25,1.41456582633053,292.45,7.17668711656442,1040.9,6.49678,826.61,0.0,0.991240632188275,0.780478431999544,0.42320319612226,0.256293270237688,36.6280864197531,1.50000001490117,0.427411802961246,1.70890018734499,0.489662779965772,43.1825948067927,21.4072721515742,8.61826390860086,0.0,-14.3476
06470800,1.55759890485969,2.10519089664613,1.35156161838453,0.824561369384648,0.14718946482151,24.95,1.39385474860335,296.7,7.35315985130112,423.26,3.54676,1071.14,0.0061,2.20687526085596,2.0096650531317,0.700221525102677,0.558942578630896,49.8586326767092,1.50000001490116,0.436004881496946,1.67494603235672,0.643548418611181,43.7397862265911,37.5761839395278,18.2928396800534,0.0,-13.6636
06477500,1.68001642710472,2.33532168377823,1.3900588387715,0.698989465592905,0.132381124658994,24.6,1.37430167597765,295.6,7.26289926289926,466.03,5.211,1512.44,0.0,1.47061689217256,1.21681166531563,0.578604954933992,0.370566196730059,44.8991262907069,1.50000001490116,0.449238369963314,0.952791618846312,0.681831052256069,31.2077608484178,37.8905069655194,30.6334558607797,0.0,-13.9939
06479215,1.80677481177276,2.17910585900068,1.20607496009013,0.760783399210058,0.164751422321796,25.7,1.37801608579088,289.15,6.40420819490587,569.24,6.43082,175.28,0.0,1.98626675247076,1.72961794868463,0.668252395808743,0.478336979667499,41.9248366013072,1.50000001490116,0.439734333128182,1.26605158377635,0.665246725701312,40.2057607205246,37.6892198710987,21.3482220830766,0.0,-13.2286
06601000,2.11500752908966,2.40157746748802,1.13549357837119,0.702089233473655,0.105879368005318,25.4,1.36559139784946,291.05,6.61477272727273,415.2,9.0517,450.2,0.0365,2.34414157665115,2.15082471012727,0.741528525722756,0.573016110896769,20.475138121547,1.50000001490116,0.475715257253571,0.775705318739598,0.690820656355883,16.0093652130808,66.2520117600322,17.7066057942003,0.0,-15.955
06614800,2.91761396303901,3.77549711156742,1.29403586608656,-0.273957013170096,0.760476738091987,12.15,1.23350253807107,233.85,4.8266253869969,3296.83,145.84396,4.03,0.821,1.03055560588837,0.744444489479065,0.408611088991165,0.199999988079071,0.571428571428571,1.50000001490116,0.4245825,2.48972960688456,0.320000004768372,28.4666668080621,18.4000000913938,6.66666669978036,0.0,-13.1665
06622700,2.2571498973306,3.33129381245722,1.47588506035729,-0.377662713272669,0.717691988588396,14.3,1.25991189427313,240.95,4.9476386036961,2837.34,71.34178,98.7,0.7496,2.1412589752985,1.355784647191,0.676669483792688,0.219318095949947,2.2,1.35152416017645,0.421750151447028,2.38982930200507,0.528707407954055,51.9801859705074,27.3382467272357,15.6628463456219,0.0060011714125907,-14.2348
06623800,2.86847227926078,3.04618217659138,1.06195280275687,-0.574079549458723,0.753935609059572,14.85,1.2801724137931,229.1,4.82315789473684,2970.51,90.87092,187.66,0.9211,1.9012036477088,1.29621824550357,0.639474433934156,0.228084554991603,1.14,1.37631990258162,0.422302599444776,2.3135049926043,0.54307219458847,52.8030938465488,28.9299256758714,15.8219024985102,0.0,-13.8248
06632400,2.24640109514031,3.27538655715264,1.45805954432552,-0.353991436590959,0.744511869620645,15.7,1.30833333333333,240.45,4.92221084953941,3001.56,69.03992,162.99,0.7266,1.86095317923482,1.16036235007969,0.629400583687846,0.21480735498139,2.5187969924812,1.12090358626868,0.425755246545473,2.16716760197592,0.428795277710251,46.7856285983344,28.1981497733388,15.4579232844561,0.0,-13.54
06746095,2.75498699520876,2.98640652977413,1.0840002275756,-0.258102649539417,0.728744289492069,12.7,1.23300970873786,235.3,4.90208333333333,3370.38,121.42221,8.9,0.821,1.6227939717298,1.11376940760019,0.576333230200438,0.223475679049099,0.588235294117647,1.50000001490116,0.420326459250712,2.77078954970654,0.460897959439294,44.3344601283668,24.2036538726866,8.31047614961243,0.0,-13.556
06803510,2.10492402464066,2.4954441889117,1.18552696425122,0.68640145144097,0.0940475934983777,24.9,1.31398416886544,282.5,6.03632478632479,373.26,8.11686,113.28,0.0,1.58808570110052,1.35500314906082,0.619456818532485,0.424149606744646,28.746192893401,1.50000001490116,0.466874197997599,0.640205086204185,0.712617330614198,17.8987947021878,47.6968405526424,34.3500365548476,0.0,-15.2
06803530,2.14256810403833,2.48634681724846,1.16045170865849,0.678686575118487,0.0991958577666237,24.3,1.25906735751295,282.2,5.86694386694387,377.45,8.30034,309.75,0.0,1.79077513285773,1.62238091802624,0.664271846984441,0.508359286692761,30.1635991820041,1.50000001490116,0.472814913846888,0.58415694893514,0.712474876761356,14.0683527895261,52.8066788216263,32.9946626810369,0.0,-15.2
06814000,2.40060232717317,2.57719816563997,1.07356313724596,0.640132687920487,0.0902842088456011,24.5,1.23737373737374,283.25,5.97573839662447,401.18,7.57575,713.83,0.0044,1.53655726848347,1.28663522243118,0.607817628203384,0.395587606858712,28.5769230769231,1.47520868383437,0.459086543248989,0.692078117072688,0.685286320601774,22.406516387486,39.5501604812315,38.0978472453614,0.044336658278203,-15.2504
06847900,1.57560164271047,3.30560683093771,2.09799656292002,0.804810475115176,0.102382584534704,24.65,1.3252688172043,297.3,7.36802973977695,885.8,6.55023,1536.19,0.001,0.922368767144321,0.659688667437801,0.418650602488718,0.213876991256613,41.1476510067114,1.50000001490115,0.474609751236941,0.847090362267965,0.692591197761903,17.5606333005653,67.7749004733701,14.7409445304165,0.0,-13.6252
06853800,1.94587542778919,2.85162863791923,1.46547337881702,0.688722091991079,0.104135741933305,23.9,1.19201995012469,292.05,6.570303712036,559.13,6.65393,589.43,0.0,1.12923666727928,0.842923272986411,0.498530645293059,0.257662262851776,36.0922746781116,1.47907642146745,0.474954611496473,0.71365122947919,0.686131220549603,15.4964760285207,63.0284317896325,21.7307906568314,0.0040477798725508,-13.8726
06876700,2.05577686516085,2.67957004791239,1.30343428478204,0.713301976007724,0.0796113854216262,25.7,1.31794871794872,294.15,7.03708133971292,448.53,8.37527,1056.44,0.0,1.14847495528074,0.838265114689036,0.497010172279643,0.249108174617597,13.8115671641791,1.44658841665722,0.473513182513824,0.602025248399044,0.689631437967379,14.2851796402583,55.345249000567,30.2753037756983,0.287128156506156,-14.044
06878000,2.22978097193703,2.89359227926078,1.29770247198185,0.649879241745478,0.0727867121382812,25.4,1.28282828282828,288.65,6.59771428571429,393.93,6.59798,776.42,0.0,1.42427377995873,1.11697599057737,0.552988961859571,0.303891819699653,5.66694630872483,1.27297787150743,0.466966806170626,0.646352752237465,0.596280504750074,18.623596459982,50.0567333480756,31.3180725843227,0.0,-15.7131
06879650,2.62374674880219,2.64428878850103,1.00782927685693,0.666392527909886,0.0672497335190048,23.25,1.22691292875989,279.35,5.56474103585657,402.0,11.67178,11.51,0.0311,2.34911578492211,2.07593821360133,0.698437934288608,0.517456713870101,1.0,0.9253117785673,0.474181699975882,0.458563856972817,0.450149653801711,10.5836198542313,46.6165823509647,42.6744860300247,0.587737799498278,-13.7376
06885500,2.4455742642026,2.86678918548939,1.17223558795673,0.664971956084693,0.0842987262187572,24.95,1.2200488997555,285.3,6.10920770877944,394.81,8.30284,1062.87,0.0076,1.50947202812709,1.29428756840972,0.604439141054782,0.411876672587273,34.3333333333333,1.48088387728722,0.461038365973944,0.608027424897499,0.694977414248829,20.021726976953,38.0325605299571,41.9750857264434,0.0511523340502047,-13.0409
06888500,2.63800136892539,2.72815103353867,1.03417347150582,0.629940349394955,0.0703719655848806,24.4,1.22,280.95,5.70456852791878,412.34,10.57049,842.35,0.0139,2.29176646117857,2.00991239674848,0.694714005677765,0.494829107304472,2.90830721003135,0.97349650352606,0.475289800437175,0.459428448334543,0.472315216132203,10.1283870346335,48.3490336721441,41.4267296584988,0.39967637546244,-14.0259
06889200,2.58962354551677,2.62131319644079,1.01223716511957,0.632717435561296,0.0716152496141078,24.45,1.24744897959184,282.5,5.91623036649215,347.72,8.52093,385.66,0.0174,2.17623864050212,1.88267142933284,0.680795506728655,0.446230824727206,29.015873015873,1.41918766611811,0.464106584502375,0.571872692864722,0.653421993992681,17.6018251306427,38.6877851482962,40.4301022174784,0.164813591664893,-13.6113
06889500,2.6198302532512,2.62844689938398,1.00328900932497,0.621476145395479,0.069599735811632,25.0,1.27877237851662,279.2,5.81666666666667,335.49,8.09609,748.58,0.0149,2.19793952795478,1.9079371897363,0.681450570509365,0.450941671394187,30.0178875638842,1.44213858512946,0.464452467298503,0.571646996494515,0.668789595236983,17.5355028821522,39.6065834662111,40.4710970363608,0.0895963092517417,-13.3897
06892000,2.77499110198494,2.62007523613963,0.944174283753739,0.585259882115312,0.0715178249456991,24.9,1.29015544041451,274.05,5.43211100099108,304.55,9.14485,1092.72,0.067,1.76212127216237,1.49563910042382,0.653167003681937,0.412264662448835,30.8354278874925,1.49388698196972,0.464544776737115,0.612546661701162,0.665117651729664,17.6271657808156,40.669202717187,35.7633557696892,0.252337963623747,-12.7532
06903400,2.77167282683094,2.43155015742642,0.87728614066134,0.603861863044363,0.0979262678501136,23.4,1.20618556701031,261.85,4.73080397470641,322.12,4.78235,481.42,0.222,1.99322483625339,1.7287309954836,0.694065576436255,0.467867883381994,42.9001314060447,1.50000001490116,0.462641692170196,0.692742670350206,0.701494719448923,21.2338788665389,45.6875142490783,32.9897292954575,0.0,-16.4877
06906800,3.19037508555784,2.65641971252567,0.832635549516019,0.364725736915439,0.0604504736826071,24.05,1.31420765027322,269.15,5.32970297029703,279.08,8.38096,1414.75,0.3516,2.58040152472755,2.17476376213288,0.713011098998999,0.405741049849812,4.42065727699531,1.49913833910182,0.475249255187133,0.592431084313103,0.707773848701598,13.1086341532448,56.8100730981011,30.0552482551975,0.597091089573001,-12.6822
06910800,2.66768651608487,2.71613856262834,1.01816257129589,0.573098126736764,0.0613066358092003,24.9,1.23573200992556,286.85,6.20887445887446,376.84,6.45264,444.6,0.0074,2.3636460764871,2.07708476223741,0.699882225983353,0.496130723307075,6.11323529411765,1.11824294173226,0.475393670448498,0.457751412761002,0.545317221643562,9.99078839388973,48.3301837986053,41.6740811680505,0.172422728171331,-14.96
06911900,2.6653839835729,2.67190747433265,1.00244748629089,0.570789214497895,0.0618531603753962,25.25,1.22572815533981,286.85,6.1292735042735,367.43,6.40301,293.06,0.0178,2.21801290788113,1.92499318406645,0.682986901560195,0.461675621680232,4.66517857142857,1.20851832855928,0.476216129971185,0.45845956445049,0.588864803085658,9.63669987414892,49.5982459937276,40.8101519122259,0.0640141091377813,-15.0593
06917000,3.02001368925394,2.75376162902122,0.91183746577702,0.461375919860731,0.05107020470328,25.1,1.32804232804233,277.45,5.69712525667351,296.09,6.4432,765.78,0.0592,1.95273742761646,1.63205431185369,0.654922465736711,0.383810724030357,3.29406706792777,1.12617226390726,0.470639868397025,0.553761738140034,0.477650978511318,12.5896205560279,42.128515624197,32.3232748629806,0.639892896974089,-13.0012
06918460,3.22948665297741,2.75340810403833,0.852583831396187,0.249251703337388,0.0498588468679264,23.95,1.27055702917772,270.25,5.36742800397219,372.29,8.23995,650.69,0.1134,3.04396052639321,2.5460219342134,0.743258546684765,0.400384818586843,3.81153450051493,1.42183087130578,0.469608087134982,0.613269669671639,0.657821178811553,15.4914179380609,49.8086602177361,31.6572535676861,0.829175357083337,-12.3177
06919500,3.31698562628337,2.85208930869268,0.859843734652658,0.334526710398808,0.0494466083766876,23.0,1.18251928020566,268.25,5.13888888888889,304.29,6.03069,1069.42,0.243,2.89462683796565,2.45681434371279,0.7344234445602,0.419504069935262,6.08902821316614,1.31923781169002,0.460973122110158,0.80007421074983,0.481011879295826,17.7153641668672,39.9382093877872,22.5973748693321,0.439445498722343,-14.382
06921070,3.24154140999316,2.75211871321013,0.849015442075115,0.242140554454108,0.0601238372834516,23.9,1.30601092896175,266.85,5.23235294117647,374.14,9.47519,712.59,0.2784,3.04052340776778,2.53423667672849,0.74548283959812,0.402675699659684,3.83503243744208,1.45468298857776,0.470005885483192,0.60641133272698,0.669241241148146,15.0640905718456,49.698809336755,31.7924981558005,0.991134087970009,-11.8062
06921200,3.23265297741273,2.73814720054757,0.847027880715814,0.270337363924671,0.0572554270612204,24.45,1.24111675126904,272.05,5.32908912830558,338.33,8.87458,323.62,0.2526,3.24917820726933,2.75624567030735,0.771078998968568,0.430793570447503,3.4,1.48342954577895,0.471522338594852,0.593572333767857,0.685979843188887,14.3655030211728,50.9950184640471,32.1984416001156,1.0,-11.8
07057500,3.26127173169062,2.77348156057495,0.850429460883099,0.0252425344420412,0.0564394367095807,25.55,1.2775,273.8,5.42178217821782,324.68,11.24276,1456.44,0.584,4.09228094379476,3.51462364469783,0.808381133293666,0.432314136422029,2.4036312849162,1.37681043745094,0.466882661143019,0.671972225420409,0.647374669327386,18.8464372470434,46.1120895023811,30.6902647734603,0.998044239181792,-11.8017
07060710,3.69650376454483,3.047528678987,0.824435432263722,-0.0358890727289953,0.0509984831292569,24.05,1.2025,271.3,5.20230105465005,272.84,18.02579,150.03,0.8541,5.45882179306809,4.81821306323152,0.899455276498995,0.48481994137688,1.0,1.30391114149908,0.459582351701368,0.741097603837442,0.6039701988603,23.8002722394255,44.8921584057662,31.4074924867397,0.857283608566464,-11.9212
07066000,3.28792470910335,2.75392836413415,0.837588633495557,0.0581490297793631,0.0562313137196695,26.9,1.27186761229314,279.55,5.79378238341969,343.23,10.30686,1053.5,0.693,4.61463130691326,4.07182736262562,0.844997812893784,0.478574461918826,2.24872448979592,1.45928859059568,0.470688678735336,0.5910057492686,0.688460464786599,15.284620328601,49.1673520741174,34.0734064812186,0.636085186630631,-12.055
07083000,2.08370841889117,2.84301753593429,1.36440276871712,-0.167233548038244,0.710599947836907,16.1,1.37606837606838,248.25,5.20440251572327,3457.46,158.91882,60.76,0.3563,0.788784878012727,0.525509900044236,0.327623934624092,0.153876644975375,1.25,1.09586684489523,0.426883463206797,2.19232326514414,0.354163621220561,37.1067132532727,22.7925261360365,10.5711858483184,0.0,-13.7463
07142300,1.8067446954141,2.83269767282683,1.56784612680298,0.64300366741464,0.0867916780002227,25.1,1.28388746803069,304.1,8.03434610303831,677.58,4.76724,1819.94,0.0003,1.16382103006498,0.848938456870195,0.48782477912583,0.24715153615008,49.5319001386963,1.50000001490116,0.423554327070169,1.42060071237054,0.647241958102202,53.1387655562332,30.588484893292,16.1854752431871,0.0,-11.8217
07145700,2.51052156057495,2.8004145927447,1.11547123781855,0.530907144387519,0.0617611519704068,26.2,1.29064039408867,292.0,6.78281068524971,393.17,3.99175,399.81,0.0346,1.22942820637912,0.829115688768598,0.51434044013458,0.221979011127496,39.9801652892562,1.40105107227277,0.461991139482592,0.616670528721071,0.657359898263716,21.1019451681544,43.4869041539052,35.2543199422338,0.0,-13.9559
07167500,2.81646406570842,2.72132924024641,0.966221892684406,0.546830642421679,0.0520689190916616,24.9,1.245,287.0,6.13247863247863,383.36,10.91937,319.62,0.0167,2.15220110986121,1.84911266662024,0.670850766793714,0.462661949173918,1.217659137577,0.905778316439439,0.476219233252199,0.451638642185092,0.440786965025857,9.49130241083253,49.2024183561479,41.3597765524839,0.0656573681434691,-15.2534
07180500,2.60758932238193,2.93138351813826,1.12417376961053,0.583217758556273,0.0557846206828486,26.2,1.2780487804878,298.9,7.0661938534279,442.86,4.64743,275.51,0.0015,1.8768305256217,1.59009707018444,0.631699297105892,0.43117848887169,4.09307875894988,1.06673378795821,0.477398490612543,0.44689064895773,0.5183857053528,8.80958252007464,50.2578647054087,40.7889248890564,0.0,-16.1576
07184000,3.2553826146475,2.7419055578371,0.842268292980362,0.405783300519948,0.0453576175844397,23.25,1.3323782234957,271.8,5.59259259259259,280.99,3.48891,510.84,0.0078,1.71597588793418,1.38219988520904,0.616467737370962,0.340591654373604,5.98054474708171,1.34861021920236,0.467109676649778,0.617892721728675,0.632633100313975,17.5059832112835,47.3918873838523,35.2087586276518,0.0,-15.4824
07195800,3.50413004791239,2.86275831622177,0.816966915348155,0.142939362252623,0.0482364215180522,26.0,1.2621359223301,278.1,5.59557344064386,371.07,10.46386,38.23,0.2232,3.36641175992578,2.82112349254907,0.774488422528882,0.402198958248552,1.0,1.50000001490116,0.471236409108126,0.615614510498902,0.713816306985099,15.5142950088176,52.9210433810377,31.7115999441943,1.0,-11.8
07196900,3.70366187542779,2.86304562628337,0.773031049426636,0.101719623546402,0.0460986315040519,24.95,1.19664268585132,275.85,5.47321428571429,430.12,35.12088,106.35,0.5407,3.59929599540988,3.08118311270273,0.780021905437418,0.419012719374475,1.01898734177215,1.3928168645466,0.444171801791608,1.07024150907487,0.436671623774914,24.5278926451978,24.3924060182493,20.8351836698105,0.14460242703,-14.7084
07197000,3.62419986310746,2.87180599589322,0.792397247493652,0.12374916915209,0.0408010944755726,24.75,1.20731707317073,272.8,5.45054945054945,348.86,21.68267,808.45,0.6716,3.83361343012604,3.32131636934448,0.797898448104159,0.44410393025271,1.89504617968094,1.47139402471074,0.463775910859599,0.71065203052189,0.638346041815344,18.3112209874469,45.7491995970245,28.0252420545132,0.694359968051739,-12.6616
07208500,1.65867898699521,2.91618685831622,1.75813818175816,0.550231739304762,0.333134983679482,28.8,1.5,291.45,7.62958115183246,2675.36,72.29899,159.22,0.6805,1.65335497822553,0.913433783257069,0.598012502398732,0.188280394342668,0.938775510204082,1.47427732903684,0.437587611287221,1.07570057266747,0.637795441629247,39.2110864531505,29.8090969758258,30.0520409857019,0.0181393144368796,-13.4318
07261000,3.7491279945243,2.90379727583847,0.77452604447742,-0.0831938935841742,0.0378060990134872,24.2,1.1980198019802,270.55,5.26874391431353,197.55,14.38002,445.81,0.2534,2.99298872543272,2.41469844469093,0.716195752715417,0.342285044153287,1.11808669656203,0.862333787940201,0.435237433611068,1.46858654194493,0.333901842045731,42.0165591753011,31.9518007559355,24.1201665597743,0.0,-15.2
07263295,3.94611772758385,3.38974629705681,0.859007898665077,-0.0925221284671945,0.0310455107281904,25.1,1.2741116751269,269.15,5.31916996047431,260.56,27.63587,119.03,0.8657,5.00082997287572,3.72864471659493,0.860619621828606,0.288205452807768,1.01111111111111,0.887800934562654,0.442565787029342,1.06913671622975,0.400120374467578,35.743601980883,33.130715080575,31.5629679940649,0.0,-15.2
07299670,1.77283367556468,4.14227374401095,2.33652699692291,0.460331287563181,0.02913235345217,26.45,1.44931506849315,309.25,9.53004622496148,497.04,6.82082,828.36,0.0012,0.833215154916569,0.552666652744231,0.374394954906342,0.168235660309998,2.06543624161074,1.50000001490116,0.450330857743371,0.627439350518877,0.686348179445388,25.7879663269247,26.3556197368069,46.9209586677677,0.0,-16.1798
07301410,1.69013826146475,2.90849013004791,1.72085929084126,0.54562376978321,0.0754167591358171,25.85,1.32564102564103,312.7,9.34828101644245,787.71,10.70028,769.67,0.0,0.963149225549539,0.721125725484607,0.424016035425943,0.247578372277033,29.5657546337158,1.50000001490116,0.40847923821878,2.69708768667652,0.626003253288563,64.3705124248946,21.8206534235469,13.8233355077564,0.0,-13.0112
07315200,2.23199315537303,3.81148752908966,1.70766093969166,0.201927753785972,0.0162560388991893,26.8,1.36734693877551,300.25,8.15896739130435,310.11,5.60451,501.62,0.0923,1.5062269354296,1.15002687028317,0.54717299115904,0.266567340450844,1.2739916550765,1.20095695385009,0.443351834976148,0.866483375882144,0.515076764781394,31.4388585600045,25.8259011567474,37.6568225979968,0.0,-15.1413
07315700,2.50220670773443,3.06947411362081,1.22670685204901,0.244999789210954,0.0208161228801737,25.55,1.32727272727273,295.0,7.53512132822478,286.95,6.30245,1488.69,0.0437,1.58936290160419,1.21458560315889,0.565856290669431,0.283918086188033,11.2912941176471,1.38021360643416,0.44378576233915,1.09543242006442,0.611092385555692,35.7375997975072,35.9600359721894,28.2887728334887,0.0,-13.9493
07335700,4.23528268309377,2.83744824093087,0.669954865647405,0.0173791162450563,0.0430162960741129,25.65,1.24514563106796,279.7,5.61083249749248,450.35,54.44576,102.57,0.9722,5.44559607897645,4.44515974879063,0.888598103089052,0.39321315802632,2.10126582278481,0.84164467723838,0.442601344743801,1.06661126249158,0.378534521667096,35.6506318799797,32.9632308888437,31.8236702341313,0.0,-14.7247
07340300,4.38283367556468,2.8795407118412,0.657004332127709,-0.0403900414114815,0.0385678054509223,23.95,1.2126582278481,266.85,5.00187441424555,342.71,20.62376,230.43,0.9591,5.47973402304278,4.38552547584363,0.884643900774579,0.356442307394382,0.986449864498645,0.920522495795395,0.455961230123713,0.890859671024444,0.422248185279295,27.0561039751549,44.261529794996,28.7002763015352,0.0,-15.6284
07346045,3.58202464065708,3.14231921971253,0.877246678888312,-0.136650783063296,0.0168897938562348,25.8,1.32307692307692,277.0,6.06126914660832,103.75,7.44495,959.89,0.8518,3.81575919993679,2.97724272199964,0.771894053426273,0.321061571941672,1.65303140978817,1.50000001490117,0.412416782429434,2.74929748428587,0.590814616835715,58.6908592351442,22.2800941172109,14.1194383580126,0.0,-14.6716
08023080,4.02336755646817,3.22166947296372,0.800739536656153,-0.210385474855854,0.0072046599774758,24.0,1.27320954907162,269.85,5.46255060728745,86.85,4.78985,187.61,0.8629,4.18630516918353,2.94563576946234,0.780328250341573,0.236945374423988,8.28070175438597,1.50000001490116,0.450090693896945,0.962698533471936,0.683067168114119,31.5429652264962,41.0210090428233,27.346744544404,0.0,-13.0466
08050800,2.81934839151266,3.1417925393566,1.11436832312552,0.0757386670930282,0.0196728968786143,26.4,1.30693069306931,294.35,7.05875299760192,229.09,5.75131,100.93,0.1279,1.89444751451393,1.50198672110604,0.610462838712088,0.3109194031271,3.07594936708861,1.50000001490116,0.425154428720156,1.41937970662474,0.530313544787224,39.4188299191628,14.6612202208567,28.8465348106953,0.0,-15.1765
08066200,3.81475838466804,3.88641156741958,1.01878315099575,-0.115463192290056,0.0023206818433828,24.4,1.26753246753247,275.45,5.95567567567568,86.8,6.98455,364.12,0.8456,4.24418412204036,2.66582934542741,0.789200259958581,0.177706653907655,32.0290697674419,1.50000001490116,0.435771131068616,0.976281984497956,0.613619132304711,34.0125129559379,19.9699906382312,36.7371705770958,0.0,-13.2746
08066300,3.97624914442163,4.19091865845311,1.05398794346995,-0.0998319789863559,0.0017530511421341,22.45,1.23691460055096,267.25,5.36108324974925,67.47,4.66804,383.57,0.8251,5.07057720955688,3.00974291416069,0.834551991492677,0.136745309283975,44.3321100917431,1.50000001490116,0.417061195445517,2.2828000681333,0.547352603523493,52.0265096681515,19.817514133609,19.8831258608994,0.0,-13.4839
08070000,3.64377960301164,3.67837728952772,1.00949499977647,-0.0900810234709041,0.0023807368074233,23.5,1.28415300546448,274.6,5.90537634408602,84.67,5.61372,841.06,0.8302,4.20867048729618,2.6859104562771,0.7960914018796,0.18108335071141,36.4247863247863,1.50000001490116,0.421385512404874,1.5315188813691,0.583477412132576,46.6353451937029,17.7763753339391,26.1768100120004,0.0,-13.5354
08070200,3.67671457905544,4.02577171800137,1.09493724123552,-0.0794909507108985,0.0024550978464837,23.3,1.28374655647383,271.15,5.76301806588735,71.08,4.64193,989.37,0.8129,4.2042554893669,2.69826220477451,0.794353898177783,0.187344426084686,38.560888252149,1.50000001490116,0.422956452009385,1.57007798304435,0.579230673534369,45.8005686955238,20.1929324837028,24.1657125479787,0.0,-13.4571
08082700,1.82721013004791,3.65184058863792,1.99858819113605,0.377580941830862,0.0128021384845558,26.45,1.41066666666667,313.0,10.1788617886179,453.85,4.04181,276.04,0.0,0.839001609959874,0.47990030236406,0.38033921271764,0.121724044791997,4.89141414141414,1.50000001490116,0.450462548038311,0.61918301718338,0.703672901627035,25.2862707649477,24.8313977222486,50.3539120958467,0.0,-14.2036
08086212,1.90821902806297,3.26121609856263,1.70903656792118,0.3051908468616,0.0131862313964449,25.45,1.42577030812325,305.25,9.11194029850746,507.6,10.25442,1584.82,0.0038,1.25847854143659,0.933278038963336,0.491796077665384,0.239248988232265,1.33004926108374,1.48247664419388,0.456213900346663,0.569275874291615,0.692469636961543,21.5530205951857,29.8470665334011,47.3328303455025,0.0049291390664459,-15.8201
08086290,2.01821081451061,3.57470937713895,1.77122694588562,0.270926122565692,0.0128799846435909,25.65,1.45738636363636,306.1,9.34656488549618,475.58,7.94291,732.98,0.0066,1.29085255640854,0.954765924103444,0.498299436135718,0.233070144380114,1.30154142581888,1.26440325839042,0.44647271487995,0.700844870320893,0.578122622562841,29.3885479464661,25.5749261034837,44.2677010122476,0.004479711866251,-14.9995
08101000,2.39648186173854,3.30188913073238,1.37780685239028,0.105146588941242,0.0091795525039557,26.0,1.43646408839779,293.2,7.7875166002656,388.23,11.33266,1177.1,0.0067,1.23935478234518,0.821306553976997,0.488418364916188,0.19690570821472,1.13164251207729,1.22618643480429,0.457825128829213,0.742507473116237,0.484193793431801,18.2788597811428,33.9087033469631,27.1033380515529,0.0024560843629218,-15.173
08103900,2.44495140314853,3.32525002053388,1.3600474906175,0.0673188703134023,0.0092842421517583,26.1,1.37730870712401,298.45,7.83333333333333,382.97,9.98524,86.0,0.0201,1.09431110095987,0.683469312590824,0.443498383418616,0.154214789666331,1.07317073170732,1.00000001490116,0.457805,0.927570512005487,0.44800000667572,26.8,28.6,24.7,0.0,-13.5955
08104900,2.52033127994524,3.35211642710472,1.33003008524243,0.0839853225780101,0.0093596117977168,26.8,1.33333333333333,296.65,7.75555555555556,317.44,12.46897,342.62,0.0263,1.33348236804569,0.827765487912811,0.503745935663548,0.175516397238595,1.14959016393443,1.05938476036976,0.456687765448979,0.736742579049499,0.429753983088114,21.2999759159291,25.4480149471132,27.7767714858805,0.340699752924152,-14.2839
08109700,2.63781656399726,3.39092136892539,1.2855030994979,-0.0705636784008924,0.0051361625387599,25.9,1.46327683615819,293.65,7.73781291172596,143.05,6.2489,610.13,0.0282,1.46514675054897,1.04981878046603,0.562169924319256,0.246758765267091,4.21003500583431,1.50000001490116,0.414670362013397,1.81994781619737,0.615830481828746,55.7132556268994,16.884852998145,22.5900615944408,0.0,-14.084
08150800,2.10540999315537,3.35030536618754,1.59128406204933,0.209836351345389,0.0082340595135767,25.15,1.3485254691689,303.35,8.6919770773639,563.65,14.64471,557.52,0.0386,1.31840313138305,0.818088102780696,0.501699124800428,0.178338122625271,1.92467532467532,0.895219258998346,0.440474655474023,0.871695682244124,0.229564107756071,20.6890540426581,13.3856647663774,17.7780255845663,0.812705264135297,-12.0426
08158700,2.56350308008214,3.37498570841889,1.31655223457378,0.0826425437927156,0.0064753537654614,25.25,1.37228260869565,294.35,7.57657657657658,367.97,13.35994,320.34,0.0414,1.34117542180576,0.794651986738496,0.506337626858737,0.158946957406712,1.08705357142857,0.998466469341237,0.457849734801271,0.925853312628913,0.447363585268351,26.7598722251133,28.5555271794249,24.7330990245085,0.970592134154386,-11.8353
08158810,2.50896098562628,3.37708262833676,1.34600842646972,0.0357177337021913,0.0058462589398929,25.05,1.38781163434903,294.45,7.51147959183673,308.05,10.64469,31.79,0.0548,1.33837641261247,0.807070184416084,0.497403457745784,0.155042114377036,1.0,1.00000001490116,0.457805,0.927570512005487,0.44800000667572,26.8,28.6,24.7,1.0,-11.8
08164300,2.85006023271732,4.7189586036961,1.65573995578224,-0.0004274136529092,0.0021354784821483,25.45,1.47536231884058,287.8,7.57368421052632,102.72,5.75162,861.54,0.0122,1.57092499362025,1.03843510761926,0.588425089090127,0.208063437691137,31.5894826123834,1.50000001490116,0.43578225612378,1.03183372682058,0.672897475359439,38.8795369861756,23.3406882982392,37.6254581321928,0.0,-13.403
08164600,3.10259000684463,3.77744906228611,1.21751473896089,0.185540966971784,0.0008978831137086,25.0,1.53846153846154,287.7,7.45336787564767,37.19,1.85956,253.92,0.0573,1.5064877751827,0.977483837300251,0.572629452805666,0.212881107630395,49.3378746594005,1.50000001490116,0.415932776066391,1.8697254560742,0.61902933062641,55.0384526964176,15.7691804783017,29.4935705532312,0.0,-13.0614
08165300,2.22887611225188,3.34547336071184,1.50096873591231,0.306120852849834,0.0056160383836324,25.55,1.36266666666667,308.15,9.29562594268477,669.21,10.29971,435.99,0.1466,1.19440794786881,0.646378834889658,0.480704369008316,0.141313782500059,1.18481848184818,0.776955585414427,0.452610340207091,0.57119848883192,0.146370276167523,9.47099936794012,9.7982583133669,21.5913878008132,1.0,-11.8
08171300,2.5603819301848,4.67503757700205,1.82591414268598,0.118060634725149,0.0043200262623378,24.9,1.43103448275862,293.15,7.69422572178478,379.23,13.97922,1067.47,0.0569,1.39837890845399,0.82213943355486,0.517311218607447,0.168631658794313,1.24949152542373,0.981444427155261,0.458117936749422,0.842931145103656,0.426324953190426,24.5771138552349,26.9846719346215,25.7850296167162,0.836617953957555,-12.0681
08175000,2.41630937713895,3.44429559206023,1.42543650438442,0.149304800803094,0.0022293177664445,25.55,1.52083333333333,297.35,8.54454022988506,113.27,5.3832,1421.66,0.0703,1.50328776538629,1.12426323765911,0.576422327104662,0.266871839937141,7.02166064981949,1.50000001490117,0.426574364319622,1.25374727528766,0.647864531051937,46.3706043478544,19.5964708146897,33.9983175849353,0.0,-13.7901
08176900,2.49214373716632,3.88057289527721,1.55712242331961,0.196843007834043,0.0018005933498891,25.85,1.59076923076923,297.5,9.00151285930408,88.45,5.1182,925.44,0.1949,1.51948289648685,1.03025132155715,0.583532288188548,0.233542001766257,37.5079365079365,1.50000001490117,0.415292890710896,2.05195845627488,0.608492858804757,56.267409814198,17.3546587430007,26.5064523052605,0.0,-13.2419
08178880,2.47580698151951,3.38248542094456,1.36621531734618,0.297780119445088,0.0030449353276083,24.1,1.38904899135447,301.1,8.56614509246088,542.56,19.49002,850.58,0.4391,1.55079922702993,0.977153952314625,0.530201147673102,0.188921801762261,1.42442356959863,0.870718950929284,0.455323665739269,0.566243930437424,0.221952760247766,10.0712494109617,14.5875330868198,23.6920109236505,0.9847556936617,-11.8183
08189500,2.37437097878166,4.73685297741273,1.99499278745536,0.240103706803132,0.0016287321026845,23.3,1.45171339563863,292.9,8.25070422535211,67.31,4.02675,1808.29,0.1046,1.46356894052575,1.00323717014187,0.564346281122583,0.236393554177075,41.203431372549,1.50000001490116,0.42175252603324,1.78508771824957,0.583064410505924,49.9478657930558,19.6945742604446,27.9247267880456,0.0,-13.0338
08190000,1.91738945927447,3.39890813141684,1.77267488093054,0.375019993669262,0.0037075564040486,25.2,1.38461538461538,311.25,10.0565428109855,567.77,17.30756,1961.43,0.2878,1.28653667312889,0.669317140354942,0.492121795903854,0.12684093176896,1.87590683466972,0.839523800105402,0.455489645283508,0.599163652066009,0.186678309583177,10.2844588688814,10.4234072853878,20.3747978549989,0.924281045407362,-11.8909
08190500,1.82685420944559,4.20636131416838,2.30251614629113,0.414786097079929,0.0044907633248583,24.55,1.3988603988604,315.25,10.5083333333333,590.4,13.29277,1799.09,0.1388,1.03522336261494,0.528285841934137,0.443986963786039,0.11730797215066,1.73923639317628,0.800000011920922,0.44577274518888,0.785347277612178,0.11489578229097,9.35654488783905,8.74648042330357,13.4187520067049,0.977785638581083,-11.8297
08194200,1.39721560574949,3.61926525667351,2.59034127716609,0.435173445212812,0.0005535601264272,23.65,1.5015873015873,322.5,13.9008620689655,161.27,5.02405,1220.58,0.0008,1.0783347797166,0.661138004153719,0.446835555206807,0.175884842777964,7.77239709443099,1.50000001490116,0.441936287906864,0.790437583632644,0.679159943745736,31.6821000321593,20.6359707836666,46.7212275557348,0.0,-13.0266
08195000,2.21157700205339,3.38704205338809,1.53150536935558,0.36979018821797,0.0043576302166992,25.0,1.35869565217391,309.4,9.68388106416275,578.2,20.77367,1028.29,0.5043,1.68628715931265,0.94829477755453,0.555785114401505,0.154644087169344,1.69543147208122,0.757032747916038,0.45552075264635,0.58924414434121,0.168335748748056,10.6466246316532,10.9006779640284,22.2187566449931,0.925547329334804,-11.8893
08196000,2.085787816564,3.42102162902122,1.64015802655172,0.383258619921734,0.0023896281867178,25.8,1.40217391304348,315.45,10.7295918367347,536.77,22.61663,326.98,0.6396,1.76272275496437,0.907345183323834,0.582862069689777,0.138824703298379,1.04365904365904,0.771438959307566,0.455098831700787,0.585345109587156,0.161772526732512,10.0294638907135,10.3340582778712,21.3030207228311,0.978856150741443,-11.8254
08198500,2.25337303216975,3.41526039698836,1.51562140321696,0.36854225826777,0.0030982528891208,24.7,1.44444444444444,306.75,9.40950920245399,439.45,15.828,624.35,0.4132,1.72802171787476,1.01660784471567,0.555160779798099,0.166049187083442,8.60247747747748,0.916260185274413,0.455567556495419,0.605192418079419,0.275454540040803,12.8405693350346,15.9948912773238,25.2387486764086,0.721963335508605,-11.9231
08200000,2.39364955509925,3.3951187816564,1.41838590132114,0.319638947128488,0.0026284470487446,24.65,1.4585798816568,305.15,9.00147492625369,464.34,21.00912,249.11,0.6625,1.61160065664638,0.924283147524083,0.543881619410579,0.167626210539206,1.92219020172911,0.934565886878376,0.45617908803325,0.585234270537135,0.276031327974837,11.6162560284675,16.6213780665641,24.8718184133954,0.933477049114124,-11.8798
08202700,2.22634907597536,3.42864188911704,1.54002888680651,0.347770892076186,0.002762016493395,24.65,1.4585798816568,305.05,9.40061633281972,399.03,15.73611,434.75,0.4827,1.59623942093614,0.914329026010688,0.551950067928857,0.161535753959016,4.69579831932773,0.849184788571546,0.457296562832013,0.63550419088606,0.277767225304969,14.9727111952905,15.7767662479893,26.5486943267419,0.799089852366373,-11.8593
08267500,1.67871868583162,3.55741331964408,2.11912415681593,0.294762967177555,0.471388008193727,26.9,1.46994535519126,285.05,7.17106918238994,3006.6,149.08403,96.26,0.7348,1.64966779471623,0.95810094237629,0.587627751234368,0.203211590206167,0.496644295302013,1.50000001490116,0.461550230048576,0.774957320640996,0.71103906465273,23.4266528319004,49.1773487772255,27.3028161001188,0.0,-13.3318
08269000,1.54553730321697,3.79353690622861,2.45451009065424,0.35003487341317,0.401645682298287,28.15,1.46997389033943,286.95,7.49216710182768,2791.36,117.24472,163.27,0.7622,2.06732792022204,1.17097765682142,0.661587686863012,0.194897614285649,0.637860082304527,1.4576568221776,0.453228583000564,0.881491594351946,0.666993400798619,28.4294720697685,42.1818214382027,27.8818116449498,0.0,-14.9532
08271000,1.69404791238877,4.02734561259411,2.37735047700933,0.296087224205708,0.48400245009705,28.0,1.50537634408602,287.5,7.48697916666667,2722.86,141.28096,43.77,0.654,1.55378786276875,0.974419803106758,0.544135916021952,0.202262339000355,0.569444444444444,1.50000001490116,0.451485957427106,0.938352716936752,0.69161592307826,31.0088970307182,43.4056838874369,25.6254291602021,0.0,-13.8495
08324000,1.53157973990418,3.06312918548939,1.99998022021435,0.238578720782526,0.365429081915842,27.7,1.58285714285714,286.65,7.92946058091286,2459.47,74.75895,1207.95,0.5803,1.64669581725361,0.865648383043467,0.584625735957355,0.160920298700752,1.22278056951424,1.33902240151464,0.431404890542233,1.58320009137234,0.530150074491136,43.3205358576195,30.9373316318819,17.7514743675337,0.123077032280925,-12.8974
08377900,2.04281451060917,3.05994158795346,1.49790476426613,0.324674516842352,0.466213354634129,25.95,1.50872093023256,283.65,7.89012517385257,3017.75,105.29076,139.03,0.9747,1.91132929156545,1.13673501152197,0.641245683073591,0.214156211084936,0.850961538461538,1.50000001490116,0.436661924920977,1.20350634250656,0.570420306585589,33.960561761947,29.6035414159222,23.43376742625,0.201264136342777,-14.0443
08378500,1.95633812457221,3.13556138261465,1.60277067815171,0.3166178368209,0.449989328985624,25.95,1.48285714285714,282.7,7.82019363762102,2965.23,104.53474,444.96,0.965,1.94759292430995,1.14977731062135,0.646701237139998,0.208134199997404,0.818320610687023,1.49975403347552,0.429028449204886,1.43175578558243,0.529015392161719,36.8649736862839,23.1311295932094,22.9448052777688,0.17613643919608,-14.2476
08380500,1.74828062970568,3.05520008213552,1.74754557719367,0.487696048751522,0.291104431145414,27.05,1.5635838150289,288.85,8.59672619047619,2523.15,74.8758,198.06,0.8242,1.85416587874561,0.871586382108212,0.635941247569624,0.146555517595893,0.834459459459459,1.11184513912715,0.443362666728046,0.931538151373533,0.442861345599552,29.5878502156087,29.3212661397836,31.0281097751458,0.409077024627139,-13.0611
09035800,2.45598631074606,3.81722892539357,1.55425496823473,-0.258539247995652,0.703715181667891,13.75,1.3681592039801,238.45,4.88126919140225,3271.22,145.66646,22.94,0.57,1.47794942890548,1.0156697631687,0.545968758822727,0.223787883484626,0.473684210526316,1.50000001490116,0.419061811112901,2.86629331812436,0.505914879181491,49.3224092242538,26.0979069457315,8.86890203606507,0.0,-13.959
09035900,2.38745379876797,3.43485352498289,1.43870994561462,-0.228658264310239,0.689823885415144,13.1,1.31658291457286,231.2,4.70396744659207,3240.75,123.91195,72.84,0.6008,1.4526745817022,1.00181364768637,0.531989429411163,0.22374138668006,0.564102564102564,1.50000001490116,0.422208424076688,2.63820661375848,0.403339469193951,37.7290544813856,21.8930152697754,7.68900752696173,0.0,-14.0417
09047700,2.03084873374401,3.90928855578371,1.924953095141,-0.0734163437909616,0.626945100722261,12.45,1.35326086956522,236.55,4.92299687825182,3333.84,103.791,23.57,0.7022,1.48608905865194,0.858300734316393,0.555913212348628,0.173284009165969,0.45,1.50000001490116,0.419521081070798,2.83127101357738,0.487560330636128,47.337150952153,25.3018896261874,8.62153714287277,0.0,-14.0945
09065500,2.5703832991102,3.71937794661191,1.44701296024584,-0.27966308010275,0.715530725661926,11.65,1.33142857142857,237.3,4.91813471502591,3350.1,112.77892,37.78,0.8324,1.28613240291185,0.936785328574834,0.463035338065315,0.217116081398425,0.403225806451613,1.50000001490116,0.421332242017796,2.67532814404823,0.439629610916967,41.5571427779169,23.2499546730963,8.50132946051237,0.0,-14.0614
09066000,2.26939493497604,3.47225801505818,1.53003691051899,-0.249202848544132,0.682272756610747,12.35,1.32085561497326,234.9,4.90909090909091,3405.13,96.54414,32.41,0.7706,1.66791963180343,1.15629728409431,0.582190914330547,0.242730295810776,0.5,1.50000001490116,0.424597455953807,2.17999442262653,0.530193599920781,45.4457495472552,25.6979461398082,16.8080803456467,0.0,-12.9834
09066200,2.65022997946612,3.70561300479124,1.39822318572433,-0.293969647169305,0.712216418137875,14.6,1.39712918660287,239.75,4.82880161127895,3071.97,145.36852,16.1,0.6686,1.60743488074119,1.22047082716605,0.528071072193403,0.261418620598234,0.266666666666667,1.50000001490116,0.420581656050283,2.75216053102482,0.452449565916673,43.383010104705,23.8556605243947,8.21191155979407,0.0317182030297311,-13.4797
09066300,2.52184531143053,3.74845085557837,1.48639206321979,-0.287301431182188,0.688317497264152,15.6,1.38053097345133,241.2,4.81918081918082,2943.62,143.8313,15.52,0.7632,2.24884633733839,1.6114073326392,0.662400263124846,0.271592550971937,0.482758620689655,1.50000001490116,0.418177221760468,2.93829166794745,0.53204933798938,52.3474605436279,27.1344130035118,9.14057555525943,0.0,-13.0611
09081600,2.67827789185489,4.02481441478439,1.50276206476727,-0.382230499115901,0.66474212387336,15.05,1.43333333333333,232.45,5.0043057050592,2990.97,150.5766,432.89,0.6136,2.13435487032765,1.73034700294115,0.600361397381244,0.318935643665161,0.563609467455621,1.4175516478948,0.438634294990099,1.42306580646595,0.455472646928355,29.7593980591527,24.3715323755178,18.3895881647163,0.0185676703859297,-14.5073
09107000,1.91505407255305,3.22740075290897,1.68527917783876,-0.218958365029157,0.672583021372504,16.95,1.3780487804878,247.95,5.22,3300.29,103.42073,331.62,0.6075,1.20076425149125,0.715420500326158,0.464051504201407,0.162126730746236,1.33138401559454,1.43774628502357,0.41938705401736,2.62395468550811,0.546153648289856,52.9623218332206,26.3078126259232,13.1558117676861,0.0383622352430751,-13.6265
09210500,1.3827665982204,2.62968280629706,1.90175464874652,-0.4561881176826,0.65472507476901,21.95,1.33841463414634,266.5,5.90909090909091,2441.13,59.4828,398.31,0.2624,1.07824553884906,0.787071103323967,0.421651852902019,0.208727705446692,0.970496894409938,0.80039871418451,0.440651021647234,1.61035783586883,0.291070016272533,33.818940137343,36.4573427844893,14.5380931096789,0.0460477871696853,-14.7974
09223000,1.73407665982204,2.73531000684463,1.57738701536144,-0.517345656223153,0.698323179997837,19.3,1.32191780821918,258.5,5.51760939167556,2448.68,61.24655,333.15,0.433,1.69829447366005,1.23791288532326,0.592024539166712,0.266863108480598,0.77818853974122,0.906809151072467,0.442328709527437,1.41231064123009,0.352406737228511,33.4698113431843,36.9905238109228,17.4854304739221,0.0188539336563506,-14.9409
09306242,1.26844353182752,3.68380303901437,2.90419159117546,0.0541007336993257,0.35800746386243,29.2,1.5012853470437,294.7,7.43253467843632,2245.09,61.01553,81.99,0.0,0.817796166654334,0.559897954810272,0.346300865438431,0.161054982390056,0.891304347826087,0.622176264863901,0.435390910860195,1.69191073379508,0.209860474764606,34.3249265275791,27.8545004562503,15.3387922887304,0.0,-15.7937
09312600,1.58409582477755,3.75503396303901,2.37045884744146,-0.467531288722725,0.604725963590861,22.05,1.38679245283019,270.8,6.51744885679904,2434.67,72.89216,195.29,0.0454,1.63132248834686,1.27845923334844,0.551638977779672,0.302182711987234,0.871382636655949,0.918581834422097,0.440266659026976,1.38297356370015,0.404547643565944,39.3702333029179,36.964577300484,23.8584045483259,0.0,-16.2648
09352900,2.524340862423,3.13433968514716,1.24164677274948,-0.121127623317105,0.633893898746821,18.75,1.42045454545455,247.2,5.98547215496368,3282.66,156.08833,188.15,0.5199,1.09729904790995,0.745756522214762,0.42690997318948,0.205398747592719,0.498245614035088,1.11669084509999,0.432679583211051,1.66530683918219,0.491178820310553,44.1058744907184,31.8483124514315,22.1439488306829,0.0384493888402848,-13.9404
09378170,1.62330869267625,2.90889683778234,1.79195543700725,-0.214865457055792,0.504005221672301,29.35,1.70639534883721,303.4,9.49608763693271,2308.2,67.67706,21.9,0.2522,1.7696569588963,1.32412305616706,0.561753003967323,0.2846731387483,1.15625,1.34960557868126,0.423968652803945,2.17474057126242,0.496280692643135,47.5338751350848,26.8373172312932,16.0923147194387,0.0,-14.2625
09386900,1.21394661190965,3.00467045859001,2.47512570084394,0.141078799713188,0.307507544080434,32.7,1.59512195121951,308.35,10.0603588907015,2341.65,37.39246,184.94,0.3012,1.01451900413024,0.497994544953751,0.414352940877652,0.0999160403285754,1.07194244604317,1.26272518501019,0.435135781366059,1.41665446876957,0.543093025216412,41.9396644570458,32.3836417426919,23.6991627173219,0.164153092693113,-13.7243
09404450,1.35045995893224,3.8622332238193,2.85993908836293,-0.41673225738676,0.423599939585063,26.9,1.60119047619048,302.35,9.4484375,2070.41,56.22302,192.96,0.3323,1.19210412000389,0.710038819047667,0.448279768876601,0.150045992131507,0.816666666666667,0.874119889851047,0.439684754740753,1.34938448664136,0.308802452471666,30.9105899090075,28.1033694209037,19.9796662270488,0.522447659645459,-13.6472
09430600,1.58889801505818,4.26138624229979,2.68197593672729,0.304849604458688,0.21287165392999,28.8,1.55675675675676,300.45,9.67632850241546,2126.66,84.46138,190.52,0.7126,1.55294880047173,0.752624093190321,0.56034860690898,0.135674275315692,0.647058823529412,1.39410959379348,0.422098586126571,1.74361110326844,0.583231422444091,48.5924220990939,18.6671870041544,27.9793624171552,0.0,-12.6916
09447800,1.0724257357974,3.25946056125941,3.0393345221577,0.138870714606984,0.0394826699276366,27.7,1.63905325443787,310.4,11.1454219030521,1395.31,59.50706,781.96,0.1601,0.588618872377099,0.320768321168574,0.279558389342605,0.0827973582246185,5.63718411552347,1.41636291271115,0.449201623925419,0.639747497528965,0.468866454913106,20.7895011786704,19.185338689218,33.8841778211012,0.0291895480441197,-12.4731
09484600,1.2634045174538,3.70382902017291,2.93162559497367,0.426710730808294,0.0101482581857307,28.8,1.6695652173913,305.6,11.2352941176471,1347.5,44.72847,1179.59,0.0621,0.649335259167385,0.410887939186568,0.306563001007221,0.140119512843138,6.91719378953422,1.13535227551293,0.441451571940514,1.14314121081846,0.465294619773977,34.6401108843064,26.3883110079554,23.329179950937,0.057423150805567,-12.6202
09492400,1.77527036276523,3.33132064339493,1.87651453731585,0.0968810012840745,0.271766261706385,26.55,1.70192307692308,293.95,10.5547576301616,2468.99,65.37777,128.97,0.9911,2.26945193535119,1.19683470985945,0.725755839390612,0.212609329052377,0.916666666666667,1.50000001490116,0.433098056520706,1.62635203692959,0.547642047139151,41.5782761697332,30.4943421818815,15.3161411524359,0.0,-12.5
09494000,1.70934565366188,3.10237267624914,1.81494753246836,0.0934968282109784,0.235554110470522,23.25,1.65480427046263,281.9,9.1973898858075,2153.94,50.88758,1628.23,0.8391,1.74472716044426,0.889040896516206,0.604638908142893,0.169272152754362,1.13809523809524,1.34841758428171,0.439357207306491,1.13824755709917,0.513110965260514,35.8692694429816,29.7934596839513,24.3207199505499,0.0,-13.1224
09497980,1.64279534565366,3.53751126625599,2.15334872698244,-0.300091371531015,0.0796650506390503,25.85,1.65705128205128,305.3,11.6304761904762,1655.39,72.42906,516.8,0.8725,1.17478214389889,0.538984863403833,0.460069784496169,0.0965081410216559,1.12247644683715,1.00404422870215,0.430015258876865,1.56888756872314,0.365038762261534,39.9529386221844,25.3346191084413,20.0484644190007,0.0,-12.8268
09505350,1.59507323750856,3.30004283367556,2.0688973747877,-0.295894841260577,0.198936492502152,26.85,1.68867924528302,302.2,11.1102941176471,1736.94,47.8232,365.66,0.5015,1.23666753293872,0.508133436092429,0.491641925422204,0.0987600974717826,0.931226765799256,1.50000001490116,0.44233826728795,0.853413534285014,0.654773956229062,31.0218978190279,24.6173448154568,40.12479953996,0.0427101114617792,-12.9241
09505800,1.76602874743326,3.25024902121834,1.84042815041501,-0.288764539660116,0.284069099376475,25.25,1.70608108108108,297.05,11.0222634508349,1865.1,48.53574,614.94,0.531,1.30856416999328,0.576308821725487,0.513905227973341,0.119506913380289,1.01766004415011,1.41365744245798,0.440043722329326,0.93794070660359,0.613380118645814,33.6863520843061,26.4184932781576,35.7588602592608,0.319065845670911,-12.2767
09508300,1.53704996577687,3.86344102669405,2.5135428988747,-0.313558149973627,0.0401188085303456,27.15,1.71293375394322,311.65,11.7826086956522,1243.76,87.50629,93.0,0.5022,0.847720812521106,0.386848691856764,0.361133615617032,0.0669897715566031,0.793333333333333,0.843112385992762,0.428736111907267,1.90222419681625,0.263610447073723,36.8662097346599,23.9325803880543,15.284046582638,0.0,-13.7643
09510200,1.22735386721424,3.40082674880219,2.77086082477676,-0.506326723575148,0.0061243701078094,26.4,1.66037735849057,321.3,13.8193548387097,1034.93,92.82902,425.31,0.158,0.77259680499924,0.330580729994865,0.353340069492016,0.0668960148619856,1.14634146341463,0.91814976051306,0.420885674790222,2.44892114381028,0.27724444709448,37.0744671144741,20.9326309062342,10.422956908008,0.0,-13.6381
09512280,1.18194113620808,3.45859338809035,2.92619766089728,-0.439113382527268,0.0046420695661842,25.8,1.65916398713826,326.25,14.7291196388262,1040.23,77.535,188.71,0.1822,0.6307001524792,0.323128409596528,0.312485668532912,0.08086273899196,0.855595667870036,1.26556641400887,0.416664467223825,2.29263492364106,0.369585793149865,35.4003939785993,14.5289495163386,13.3034411002578,0.0,-13.1369
09513780,1.18009445585216,3.52214824093087,2.98463247875145,-0.41328119859161,0.0042560892003911,24.65,1.64882943143813,325.5,14.6292134831461,939.06,66.19504,177.47,0.1114,0.595243332720995,0.289613757847605,0.297547159555981,0.0800408301344817,0.800724637681159,1.31751176773201,0.424488817999236,1.29825451922427,0.372623766409224,28.0466761953118,12.2986006101568,19.538346240735,0.0,-13.2672
10234500,1.77915126625599,3.67239080082136,2.06412510868143,-0.307748403888196,0.632069679226265,26.9,1.43466666666667,288.2,7.59420289855072,2498.74,95.20992,236.42,0.3513,1.54501278215626,0.86661014848995,0.557826857033383,0.158318701678768,0.60387811634349,1.49387578692069,0.434532450371639,1.68895053996966,0.636696788575998,44.3581751823118,35.7666950866112,19.5741195618407,0.0,-12.904
10244950,1.32029979466119,3.44596276522929,2.60998508002766,-0.339570347459461,0.656356436998628,31.1,1.75706214689266,305.4,10.095867768595,2404.47,101.13866,28.2,0.0622,0.761098185707974,0.440934095268483,0.33388803121918,0.114812372550121,0.653061224489796,0.756788342623555,0.444662338839329,1.49961675036458,0.320773732878661,37.0277374552969,43.5651462939417,16.4833942528279,0.801314362882168,-12.461
10336645,3.37960574948665,2.88116455852156,0.85251498905137,-1.13259476951045,0.665304872565722,23.35,1.868,284.9,10.36,2357.54,118.27441,19.6,0.7136,1.67115153169321,0.754224367012205,0.573118225122399,0.140509562872745,1.95,1.50000001490116,0.401861129869845,4.25508613384701,0.572009715376534,65.913439791188,19.1428938384819,7.05258402011904,0.0,-13.6901
10336660,3.73118275154004,2.85939039014374,0.766349594900847,-1.14131643450225,0.668727842270536,23.45,1.91428571428571,278.9,9.7859649122807,2113.28,83.46391,29.8,0.7908,1.97301910963347,1.07766027776433,0.592740232522128,0.155014561346345,0.791666666666667,0.908575379726264,0.417578060725871,2.90220547549633,0.367502652961944,58.6657499837188,30.2089294307044,11.086555907272,0.0,-12.9785
10343500,2.56789185489391,2.82593815195072,1.10048955004278,-1.13297643348557,0.714981248450698,23.7,1.80228136882129,289.35,10.408273381295,2156.91,81.24778,27.6,0.899,2.07229596195128,0.964737583860089,0.668533952573963,0.163249837070907,1.19565217391304,1.00000001490116,0.427299414668619,2.18179440735704,0.41029039396835,50.8545334478787,34.1150646424243,14.8301292848486,0.0,-12.7079
12010000,7.92794250513347,1.96712090349076,0.248125021368031,-0.761099630000785,0.0236362361738051,9.35,1.3169014084507,169.9,4.32315521628499,145.18,47.2961,142.18,0.9981,4.32923672056907,2.3695397252836,0.860577260873547,0.133434078670953,1.19028340080972,1.50000001490115,0.463452365702812,0.883729661869907,0.656735632497807,22.720363225905,51.4278523855114,21.0458294571188,0.0,-13.8104
12013500,6.87493771389459,2.11671044490075,0.307887945024255,-0.799300790861898,0.0174156764185481,11.35,1.37575757575758,172.45,4.50849673202614,309.17,61.57144,337.69,0.9896,4.98079631299641,2.74545792733346,0.880342963946733,0.126687736123556,2.08135593220339,1.50000001490116,0.464197880002112,0.952639389480045,0.523180103543347,19.7321382623345,42.2284137569811,14.6759067905306,0.0,-14.0964
12020000,7.49924024640657,2.73965708418891,0.365324618784107,-0.776441726381411,0.043553396693619,7.9,1.36206896551724,176.45,4.78833107191316,435.98,74.62586,294.22,0.9964,4.40155349175603,2.59235495336928,0.861865064532087,0.13950290773714,1.29320388349515,1.50000001490117,0.452551200880207,1.1550965705195,0.667737865827614,31.774905430815,48.2989512332602,19.8065767784798,0.0,-13.3701
12025700,5.09124572210815,2.0464027652293,0.401945393510085,-0.756418416955034,0.0905767573548292,10.05,1.54615384615385,182.95,4.84635761589404,556.37,73.37022,103.3,0.8684,4.30308971517653,2.62203191712528,0.863014588940553,0.163744057923923,1.0054347826087,1.08146869311296,0.452007284822909,1.14496548908867,0.464798298037037,30.9178618879457,45.7671325527713,19.2587614189596,0.0,-12.6954
12035000,6.98794524298426,1.98026855578371,0.283383525045772,-0.836194748180532,0.0220218880896681,13.15,1.58433734939759,180.25,4.9181446111869,149.3,29.3479,769.9,0.9705,4.93135156876329,2.72201936202378,0.882434092359161,0.132442871078532,9.19895678092399,1.50000001490115,0.456532514085159,1.09550371794087,0.60430627120855,25.2852242461143,48.1596140962136,15.8642851070724,0.0,-13.274
12040500,8.15461190965092,1.89909648186174,0.232886187951406,-0.771170718407054,0.0670917839751389,12.1,1.36723163841808,170.35,4.36235595390525,437.01,96.58146,1153.44,0.9969,3.75000349855693,2.28235348495114,0.825804039691266,0.169795889872185,2.58152173913043,1.16652077874719,0.44113361508508,1.41902348339833,0.466883556696625,37.5346978723881,38.1553656136363,16.8592554424729,0.0,-14.5632
12041200,7.78531553730322,2.41185735797399,0.309795710452276,-0.791239499167139,0.179574104744132,12.1,1.39884393063584,173.05,4.39771283354511,754.0,127.74358,655.8,0.9733,3.46832266282347,2.30598093480182,0.756026780118042,0.208556456816696,1.66897746967071,1.15099317308132,0.437276083576849,1.63945239180745,0.434466408723719,39.3844602754668,35.3572118559401,14.9752897337245,0.0,-14.9632
12048000,4.7751266255989,2.51796607802875,0.527308755443305,-0.832100885006006,0.498197653251076,17.25,1.69950738916256,215.7,5.05152224824356,1263.46,183.83774,405.01,0.9881,3.12567142570297,2.27428458818627,0.734066146217154,0.246331123846561,0.801925722145805,1.11218726534736,0.433429071842328,1.90398979098796,0.460562472097786,45.4371726425914,37.4490608610279,15.5597593849177,0.0,-13.4373
12054000,5.71473100616016,2.72950733744011,0.477626564487086,-0.86955029595991,0.379149578248129,16.5,1.75531914893617,210.45,5.34137055837563,776.86,174.79018,171.68,0.9947,3.43860108621479,2.47235776230438,0.785712524722857,0.297136932512806,0.907407407407407,1.20066391542764,0.442982078450512,1.48819446842598,0.523431777584615,39.2525368596244,43.823898728555,16.9711329968157,0.0,-14.0037
12056500,6.99471184120465,1.99710568104038,0.285516505379932,-0.850230308319252,0.338574932035289,14.3,1.76543209876543,194.35,5.21744966442953,775.17,160.23749,146.97,1.0,3.68382625755259,2.7277407019415,0.83453280784627,0.310193882037524,0.832699619771863,1.16828368014272,0.439554141313925,1.63634053288087,0.504381386474359,41.6616155080219,41.4135827917069,16.9901747694153,0.0,-14.6086
12073500,4.00947022587269,2.85625885010267,0.712378117106727,-0.848989600963119,0.0156016658711511,16.2,1.71428571428571,207.6,4.90780141843972,42.92,16.48391,15.67,1.0,3.87463487253021,2.43855628607308,0.859942939366415,0.180004382855299,16.6451612903226,1.50000001490116,0.41989,2.79056387158754,0.320000004768372,30.3333334840006,16.8000000834465,6.26666669779354,0.0,-14.6204
12082500,7.0616386036961,2.96230986995209,0.419493270074965,-0.765813540300481,0.39878651405721,12.1,1.49382716049383,185.15,5.10758620689655,1036.22,122.55748,350.0,0.9312,3.45835137055083,2.21476841770041,0.775391810116081,0.225406411546188,1.34818481848185,1.39198236750442,0.41364814320618,2.84366089593107,0.557870677018172,59.062671088719,26.5969227376267,10.0982091809674,0.0,-12.8654
12092000,7.27449555099247,2.07675957563313,0.285485029315853,-0.741601547344759,0.513670726431351,10.8,1.57664233576642,183.75,4.93288590604027,1330.94,172.20201,240.88,0.9239,3.14801874214801,2.10567902704306,0.723508140553561,0.212091888055932,0.916876574307305,1.47139615074258,0.404757291126846,3.46436548279953,0.620519223822823,68.1029705149799,22.6812384371613,9.00131229232805,0.0,-13.0903
12114500,7.24188090349076,1.97920453114305,0.273299790140021,-0.749731668845018,0.40651703888364,13.1,1.40860215053763,191.95,4.78678304239402,852.5,129.6111,66.56,0.9922,4.35405533467192,2.90710813567905,0.884479127487193,0.288637268836896,0.739495798319328,1.50000001490116,0.426387044608995,2.32755337056453,0.349895627211915,29.5528437162732,19.7429794872011,6.41307283461664,0.0,-12.5613
12115000,7.20673785078713,1.97767411362081,0.274420154384387,-0.734735364707825,0.338944352402744,12.5,1.4367816091954,188.3,4.85935483870968,900.07,130.41888,102.8,0.9948,4.28254170174736,2.86210903629781,0.877436605309698,0.276965694678515,0.801980198019802,1.50000001490116,0.427385729042255,2.27616209810028,0.348910495274723,28.8986149146084,19.9528924443211,6.54067985169838,0.0,-12.7347
12117000,6.50885420944558,1.99156457221081,0.305977750941276,-0.631783882068595,0.12519943348901,10.1,1.4962962962963,177.6,4.49620253164557,640.53,116.02529,44.85,1.0,3.53559729938611,1.87014538919296,0.840820697512864,0.140243336703091,1.74390243902439,1.39996928519144,0.430966117620801,2.04378062300418,0.440040787073513,36.7499298654156,27.8788918538008,11.0467605205711,0.0,-13.2653
12143600,7.62343052703628,2.0816180971937,0.273055298374046,-0.724225414611769,0.311622046373118,12.0,1.42011834319527,181.1,4.81009296148738,981.21,118.4332,165.01,0.9978,3.76312617170109,2.6491217806556,0.836027813008218,0.280505384563135,0.767676767676768,1.50000001490116,0.411375419506075,3.12645289432814,0.403526304967714,41.4690661652438,16.7097383579393,6.65614529925941,0.0,-13.7298
12144000,7.21094318959617,2.21167022587269,0.306710255194307,-0.708525845773193,0.220551545924003,11.85,1.44512195121951,174.25,4.80689655172414,881.0,132.22826,210.11,0.9983,3.78615144491629,2.59443886318036,0.834496323975553,0.256613833630616,2.09326424870466,1.50000001490117,0.414642201846476,2.86121860422258,0.449626177360836,43.1231862076206,19.9230899339924,8.16280077308793,0.0,-13.597
12145500,5.71355099247091,2.13534528405202,0.373733477983463,-0.6247650645752,0.0448546378807159,10.3,1.56060606060606,180.35,4.29916567342074,411.9,86.37572,78.98,1.0,4.06688072109465,2.57800126922149,0.855451362584088,0.173084593703133,2.01298701298701,1.45009004792338,0.438178760189758,1.71471354179232,0.339965597547522,24.1873237329793,22.9904711109372,9.13671581373929,0.0,-14.2285
12147500,7.99334839151266,1.95754405201916,0.24489662606195,-0.624961419810416,0.159041201436992,9.7,1.43703703703704,176.5,4.29440389294404,601.12,112.82134,102.89,1.0,3.76946054454278,2.3464851367504,0.849293083614083,0.230039274641707,1.14583333333333,1.43095805356459,0.430934885475599,2.08123642235633,0.3860613167789,31.7165812187531,24.762451955204,8.95649376338207,0.0,-12.5153
12167000,6.72118548939083,1.95357969883641,0.290659988765386,-0.674928925450971,0.131187744738816,8.3,1.44347826086957,175.15,4.49102564102564,480.5,126.68987,683.75,0.9896,3.92151017806941,2.35963456273323,0.837400662326711,0.19620310072309,1.41109298531811,1.50000001490116,0.434286947028043,1.9686878529774,0.362168583140302,25.750438100744,23.0070544004617,7.50319940007479,0.0,-14.2882
12175500,5.46175222450376,2.18863189596167,0.400719733521145,-0.807394144284405,0.690360443229126,13.75,1.71875,203.95,5.10513141426784,1538.75,245.56131,273.82,0.7897,1.99266346050159,1.49734419775058,0.538850128293707,0.231128383358204,0.483801295896328,1.50000001490116,0.428234123334184,2.33171097103588,0.197167054556449,15.5947175124144,12.1974360622654,3.83279743784276,0.0,-13.8877
12178100,6.09532238193018,2.00813085557837,0.329454412703674,-0.742026993997487,0.52956688772688,13.0,1.68831168831169,199.1,4.44419642857143,1305.01,255.6884,69.68,0.9211,2.84425132904587,2.12109512651434,0.722009448606416,0.297828462080665,0.537313432835821,1.50000001490116,0.428955521224094,2.29747494036511,0.231400832147826,18.2301534728446,14.3783836886872,4.44163261083022,0.0,-14.0773
12186000,6.49131006160164,1.99744830937714,0.307711123089427,-0.725626585364073,0.435652191884185,10.8,1.41176470588235,178.65,4.6222509702458,1226.29,172.55716,398.44,0.9801,3.15831410353106,2.36455633889689,0.770550822718146,0.30766410726754,0.566011235955056,1.50000001490116,0.429182584888234,2.27432406906525,0.245138940379103,19.2692864614238,15.1000417280113,4.75062316117014,0.0,-13.9296
12189500,5.89993292265572,2.03054709103354,0.344164436723721,-0.768302049675756,0.457875714546575,11.4,1.52,175.8,4.688,1206.01,197.12231,1855.32,0.9465,3.1796409320158,2.27343792699089,0.759429530502437,0.272276270130561,0.907344282615432,1.50000001490116,0.428301585945851,2.30373832084597,0.245838422981656,19.8479278272166,14.6830794062579,4.70332263666252,0.0,-13.8887
12375900,3.43453798767967,2.39061967145791,0.696052767514438,-0.377041201206828,0.606515526539202,11.8,1.26881720430108,231.25,4.69543147208122,1528.13,159.41846,19.72,0.6827,2.41165851908815,1.78735329323171,0.696930233355771,0.332312117106296,0.527777777777778,1.50000001490116,0.438773480354837,1.55831365551411,0.646724029915824,41.508305984747,38.8438077262407,19.6884463427627,0.287532873097325,-15.8662
12377150,4.04254072553046,2.47127117043121,0.6113163325292,-0.506418955974187,0.719886653780668,10.1,1.38356164383562,224.55,4.53178607467205,1512.07,129.5993,32.18,0.8676,1.5157380329565,1.12231312862952,0.467637915418463,0.228698973565882,0.372881355932203,1.50000001490116,0.44318771901227,1.39723783591972,0.646126519186684,37.9446571020473,40.4905692638441,21.4347781157384,0.90536976825205,-12.2303
12381400,2.99741820670773,2.916818275154,0.973110214859788,-0.448815248226545,0.594005153419735,12.6,1.26633165829146,226.65,4.63023493360572,1876.96,102.16577,150.95,0.9605,2.88049301415744,2.06694364168083,0.758846167427078,0.266326282352591,0.621722846441948,1.50000001490116,0.450242678345943,1.34252219546763,0.666515684973813,34.9193488574085,51.1474311884899,13.9779629095586,0.126699670129858,-12.2586
12383500,3.09484599589322,2.62916796714579,0.849531114192637,-0.439312377690111,0.612621722100952,12.9,1.31632653061224,231.05,4.63026052104208,2041.03,116.4248,17.67,0.9867,2.53491337045759,1.87643602239961,0.703465629479146,0.277997875352513,0.411764705882353,1.50000001490116,0.432463242611905,1.94433457236682,0.625745722916235,48.1457118011988,40.4870455509299,11.2698557578143,0.531704686597069,-12.3304
12390700,3.03506913073238,2.88721553730322,0.951284933864594,-0.570743352705178,0.519487009712609,13.8,1.42268041237113,212.9,4.97429906542056,1415.22,115.21011,470.23,0.9955,3.31098417774674,2.33647687792146,0.802053400675381,0.240649209875871,0.729040097205346,1.50000001490116,0.430873555235378,2.04274168973305,0.610057975870133,48.3641642430161,37.8575162562816,12.0778244799734,0.0,-16.1985
12411000,3.40619301848049,2.16573805612594,0.635823643691243,-0.629830735188028,0.464485512558355,13.65,1.41450777202073,216.65,5.07971864009379,1145.85,92.51232,867.48,0.9917,4.10379461386996,2.83043153055181,0.868269478734231,0.256108158917151,0.616240995415848,1.50000001490116,0.443925174702263,1.46513291045089,0.634622542708724,40.204309402428,39.5465535444681,10.7288160699026,0.0,-16.3855
12447390,2.55907597535934,2.18839374401095,0.855149970177677,-0.598365157974179,0.777311497508566,18.95,1.57261410788382,253.7,5.72040586245772,1700.98,172.58264,58.1,0.9643,1.19995288634616,0.789051457652392,0.489432534608229,0.180429428701463,0.472727272727273,1.50000001490117,0.43445972460664,1.82695723564002,0.642117061261745,45.3233605360873,37.983767601845,16.7056849516683,0.0,-14.1
12451000,4.47540177960301,2.13660028747433,0.477409714857793,-0.884485818180455,0.716767081202258,14.85,1.57978723404255,217.75,5.59768637532134,1509.63,226.8667,830.6,0.8163,1.97791978452127,1.51326665416598,0.582522177404112,0.265615054870327,0.481203007518797,1.50000001490116,0.421234933526597,2.76056356531529,0.321904841201652,31.4266440554141,16.7882600008835,5.34905377613096,0.0,-13.9986
12488500,4.74598083504449,2.18724750171116,0.460863112965068,-0.904591870238888,0.641918995401996,16.2,1.54285714285714,208.05,5.20775969962453,1452.54,143.91948,205.17,0.9985,2.38121401061629,1.74426011764706,0.706262912058381,0.28009511834015,0.647382920110193,1.50000001490116,0.4095900026823,3.19258483265815,0.540590979725543,58.1026870786915,20.3917573666856,7.87908928818477,0.0,-12.8344
13011500,2.43398220396988,2.69914156057495,1.10894054860902,-0.466171927696857,0.658713268212353,15.35,1.29535864978903,228.5,4.74558670820353,2400.71,78.5195,404.08,0.8122,1.81084588974842,1.37023863129182,0.605658451170447,0.308239819447317,1.85563909774436,0.807940321084526,0.431764864398915,1.83626639737403,0.324516324720323,46.7126424341956,34.5686665338247,18.6572522825061,0.0705337269306653,-12.9643
13011900,2.38332648870637,2.72093414099932,1.14165396721462,-0.3924069285412,0.704607069419076,13.8,1.26605504587156,220.7,4.25650916104147,2683.38,93.91466,851.8,0.7746,1.57437320609269,1.15418711710618,0.539832883347134,0.247726855916539,1.04516129032258,1.19098747537153,0.42532275390366,2.16623971221278,0.479474815844167,51.7628745961818,31.7551773976089,16.6721323943806,0.118389408266658,-13.6286
13018300,2.22898973305955,3.33278308008214,1.49519893728156,-0.472201098278157,0.65711853695655,18.15,1.44047619047619,250.55,5.64937993235626,2197.93,109.51895,27.9,0.8095,2.30962539752425,1.83586790372427,0.6922286794575,0.347739287361605,0.686274509803922,0.715787840401723,0.434562900161872,1.78678289439314,0.151264434208884,25.1822870829252,20.5879357514723,10.7391642061789,0.303307717184428,-13.0981
13023000,2.35744284736482,3.07762091718001,1.30549121079233,-0.46263685443009,0.646858624758436,16.6,1.30708661417323,235.15,5.1795154185022,2441.62,98.50956,1161.93,0.6753,1.87364157511906,1.40980701215549,0.611180655898969,0.287211108638697,0.705352411234764,1.07452455282309,0.437135638745775,1.64702142461193,0.439397327209317,41.6266616872598,37.6859639662134,17.9117725388913,0.216480807479054,-14.127
13161500,1.37010951403149,2.55987771389459,1.86837452603498,-0.533792153359628,0.518679342368851,23.95,1.40058479532164,276.85,7.4622641509434,2059.26,59.95146,986.13,0.0336,0.821447128498224,0.638787821054517,0.354673803722356,0.218202954671976,2.53704876504117,0.745898576415332,0.435238372641352,1.33362405208573,0.284475231649428,35.9633611046313,28.000796731973,22.7405094884068,0.0268271578290319,-13.2545
13235000,2.56698699520876,2.6835810403833,1.04542058272682,-0.810877697022429,0.677895075896552,21.25,1.55109489051095,256.75,6.37096774193548,2075.34,126.24587,1163.23,0.8604,1.43593824094104,0.995221402904156,0.514688061224127,0.208678313868378,0.440083725798012,1.46998840090386,0.422665523012559,2.04377095670885,0.594184236472063,55.4553569389026,19.0218412785734,6.38631528115382,0.0,-14.0367
13240000,3.25724982888433,2.4386097467488,0.748671386862602,-0.753299475200395,0.726533471798391,20.05,1.59760956175299,252.3,6.69230769230769,1965.35,110.07567,125.57,0.8066,1.87788353746893,1.34529779485647,0.596303423041444,0.246180595677445,0.44392523364486,1.20735464456351,0.398216099873057,4.62631524294191,0.446118597960871,64.267077258491,17.5244510714293,6.41001148664766,0.0,-14.1047
13313000,3.63047912388775,2.86112984257358,0.788086019761959,-0.795124136038187,0.744536050209931,20.2,1.74137931034483,239.85,6.18967741935484,2155.6,111.17973,561.94,0.9807,1.71293556367413,1.12026992959473,0.600738448253882,0.20050150250705,1.1468085106383,1.50000001490116,0.46773459992883,0.930153993672936,0.62246484308267,25.41861671087,9.16778174663844,3.16476849117599,0.0,-13.9304
13331500,2.75191375770021,2.245585229295,0.816008576944525,-0.578781575013216,0.55788094452843,14.3,1.27111111111111,233.45,5.91012658227848,1654.85,126.58633,618.93,0.6378,2.15693346265809,1.49431877864675,0.642674851310613,0.219379679939265,0.571157495256167,0.78865343855584,0.464533824665931,0.902902010105746,0.363390451675031,23.0575880414914,56.1907362181012,20.876757608518,0.0,-13.1838
14020000,2.63672005475702,2.28049496235455,0.864898402179714,-0.725529420921196,0.355358222004398,18.95,1.516,247.4,6.53632760898283,1215.85,91.6649,341.43,0.8556,2.5025039117087,1.79096865948115,0.707012507856638,0.249825129638273,0.634188034188034,0.955116355665548,0.463549694818784,0.946759463433528,0.434715779387837,24.2330297204641,56.5988771456079,19.0254134544723,0.0,-12.5
14096850,2.5476810403833,2.91503063655031,1.14418979077214,-0.875082067723658,0.244750228496234,18.85,1.44444444444444,239.95,6.19225806451613,958.51,46.78135,374.62,0.4959,2.40480406755688,1.28567718656155,0.645244433413523,0.133585946353214,3.61221374045802,1.01034847858796,0.434422525321622,1.63514105417213,0.413679911679401,43.4386191536147,34.5992665728121,18.0421989185788,0.0,-12.6426
14137000,6.3035099247091,2.02727416837782,0.321610371458466,-0.812603551153141,0.324496374801996,12.5,1.50602409638554,193.35,5.65350877192982,1054.8,110.72043,674.24,0.9887,4.2113687097293,2.6593185189321,0.860333011514749,0.210272764623219,1.02116402116402,1.23592191142235,0.437413888996942,1.64909574420803,0.530450448577322,43.2035299923854,40.0448155666457,16.8570227401904,0.0,-12.7777
14138800,7.72975085557837,2.09434491444216,0.270945979187767,-0.814759416733027,0.317266212149897,12.55,1.51204819277108,200.85,5.64185393258427,821.62,142.23871,21.29,1.0,4.076338433837,2.39381731270637,0.870552471703381,0.201933558813263,0.897435897435897,0.837304258264185,0.443124776255651,1.55415852057006,0.359880955710427,39.2851655634044,44.3747097775183,16.4602395792285,0.0,-12.0854
14138870,8.40205201916496,2.11447941136208,0.251662261378409,-0.789831728059055,0.229049355466927,10.9,1.3974358974359,196.4,5.47838214783821,727.8,122.18566,14.02,1.0,4.67447340654169,3.34427952300857,0.90179120429456,0.249967163532009,1.03448275862069,1.13166235107361,0.437818583035429,1.69450517554132,0.485626438216314,43.0601011372315,40.7100513755113,16.3137117559553,0.0,-12.498
14138900,8.93688569472964,2.12863364818617,0.238185171087227,-0.794238099646857,0.221358389006793,10.5,1.46853146853147,194.55,5.5348506401138,757.32,93.62395,21.68,1.0,4.84831294803205,3.01983053381399,0.908449792744825,0.188340554272852,1.02439024390244,1.04459929906828,0.444665400197379,1.4503050153493,0.44917769859936,37.7450997114237,44.1614861912603,18.2069140875667,0.0,-12.5123
14139800,7.9304257357974,2.11445229295003,0.266625319168622,-0.779634055122721,0.183197955663698,11.15,1.39375,192.85,5.46317280453258,641.0,126.93213,40.7,0.9977,4.25159788655508,2.68009533654077,0.875929113131245,0.184739894081358,1.17948717948718,1.07244014303426,0.444192842468111,1.47375263618279,0.461033492004921,38.1968711569824,44.2021706055826,17.7502715918215,0.0,-12.184
14141500,7.40303080082136,2.15246869267625,0.290755063782449,-0.77064158906224,0.142882264769743,11.4,1.39024390243902,188.45,5.37660485021398,652.09,96.70294,59.87,1.0,4.21949746464748,2.55482202010079,0.872327644213352,0.171230371497622,1.00952380952381,1.26382054884396,0.446163367297982,1.40257106007438,0.543442836002901,36.6488358010755,45.2334395922275,18.3656374715975,0.0,-12.9441
14154500,4.62511567419576,2.25620269678303,0.487815409541157,-0.791752785612457,0.135550710091939,12.85,1.42777777777778,207.75,5.995670995671,922.47,108.84718,546.81,1.0,4.49097945722547,2.49716695673762,0.894261162806781,0.153583409926847,0.893569844789357,1.35041116196715,0.450224605529541,0.832891594721433,0.609014889509044,29.9882784739591,37.2121560800598,32.9514568579395,0.0,-13.7224
14158790,6.07769336071184,2.19333864476386,0.360883400097528,-0.848302012738069,0.365056630377127,14.15,1.54644808743169,214.85,6.46165413533835,1026.81,116.44111,40.57,1.0,4.72181362119179,3.19819075579034,0.895469721163015,0.286000497740234,0.850746268656716,0.966562071561568,0.439473952034686,1.67082211945071,0.414909017289075,42.0047094066938,42.2083132427674,15.8901638048867,0.0,-12.5
14166500,5.05023819301848,3.06918462696783,0.60773066728035,-0.938408307664383,0.0106763012784076,13.9,1.77070063694268,204.15,6.18636363636364,249.51,35.95163,226.52,0.903,4.51621585735164,2.60863295934061,0.867049380816263,0.135618777433955,1.48877805486284,1.07925910904459,0.46492169441717,0.533314627860707,0.513300967089559,17.3500807846842,40.8033224335925,41.7329482934525,0.0,-14.2774
14182500,6.21778234086242,2.16952301163587,0.348922315497932,-0.816474001229827,0.146759311242181,11.75,1.52597402597403,193.05,5.72848664688427,719.95,106.83309,286.85,1.0,4.65830463494032,2.75858663603487,0.894381788142129,0.193598406512628,1.01829268292683,1.12830114671221,0.444697284910643,1.14324598397356,0.498126835868451,36.3147217706195,40.1915505954119,23.6075407686098,0.0,-12.5041
14185000,5.7116605065024,2.215885229295,0.387958147507602,-0.816394543593238,0.178107252284554,12.5,1.53374233128834,197.75,5.78216374269006,977.23,116.24834,458.18,1.0,4.3036631804558,2.40596791928196,0.885869911735117,0.17277126322966,1.00132625994695,1.17623852810597,0.447822355453511,0.999746454718987,0.52362878932986,33.2863775262129,40.0470246767354,26.786455295318,0.0,-12.8911
14185900,6.60820396988364,2.20357965776865,0.333461204861607,-0.831676864804668,0.187297518505713,13.2,1.68152866242038,197.85,5.9683257918552,823.79,121.31898,258.2,1.0,4.7311319814895,2.86470220799793,0.900979176587509,0.190576879948589,0.943052391799544,1.14601745197219,0.444705643940335,1.30428894000915,0.501685095758349,36.6380966344668,41.0784690271566,22.346645510059,0.0,-12.5709
14187000,5.35609308692676,2.21385375770021,0.413333697112885,-0.802366922987962,0.0895194173938424,12.35,1.45294117647059,204.4,5.00980392156863,794.8,114.68442,134.75,1.0,4.29081775077726,2.19770102790067,0.86648141837053,0.135645227910055,1.02542372881356,1.32331224180286,0.450316294865235,0.8469889855398,0.596231224996809,30.1749840153831,37.963951473102,31.9871022511399,0.0,-12.7001
14216500,7.31242436687201,2.0585701026694,0.281516771919788,-0.862675585578504,0.295816183757834,15.4,1.45971563981043,201.75,5.49727520435967,824.9,115.75916,349.52,0.9311,3.43062578395127,2.06231561319795,0.802460890943066,0.240477625190657,0.948844884488449,1.50000001490117,0.402042205585041,3.75676036900955,0.62157082117908,68.9630980493873,20.5418746380032,8.68576663283092,0.0,-12.5002
14222500,7.37271731690623,2.15085017111567,0.291730996681997,-0.809733374446403,0.0900274241194852,9.45,1.46511627906977,187.5,5.22284122562674,485.85,77.2061,323.89,0.9757,4.23563727704488,2.63372465828103,0.880547329703427,0.19388102050559,1.0385288966725,1.25835807673606,0.454238258723851,1.10577625991551,0.533710767459269,28.5647545402802,44.6514754018942,19.9630788872654,0.0,-12.6245
14236200,5.58979876796715,2.03434424366872,0.363938726260902,-0.755524837851228,0.11471395531314,10.95,1.48979591836735,188.1,4.90482398956975,490.53,97.48567,360.99,0.981,4.48146157330153,2.2754597465835,0.868109028322577,0.153470186739812,1.06750392464678,1.22547368842052,0.452474290425092,1.13869381576257,0.537972934564047,31.3473719399042,47.585249010601,17.5326903858199,0.0,-13.1605
14301000,5.81921697467488,2.83810260095825,0.487712112009161,-0.872838457545653,0.0324798903206775,12.05,1.68531468531469,179.5,5.35820895522388,375.21,62.14889,1743.54,0.963,4.4742332737377,2.53866691857648,0.871688745461061,0.143892428782989,1.26945293917771,1.09768104553573,0.466203219718451,0.869890749310333,0.503947525349995,22.0105448341579,57.6958590854175,20.1935575793886,0.0,-14.6236
14303200,6.69440657084189,2.1609700752909,0.322802335415838,-0.9368790041152,0.088754104072909,13.85,1.83443708609272,206.0,6.19548872180451,572.22,70.81645,8.06,1.0,3.25878624168477,1.52092952217451,0.831343339615405,0.0773876667003325,1.0,1.00000001490116,0.457301,1.18742150363186,0.442000006586313,29.5,55.2,15.7,0.0,-14.8451
14305500,6.67003011635866,2.17289063655031,0.325769239215451,-0.941268078033622,0.0257414277847911,14.7,1.64245810055866,197.75,5.77372262773723,276.16,55.46804,526.33,0.9943,4.68396233467582,2.4424308168902,0.868955640354853,0.125302035540627,1.0501138952164,0.943500049506677,0.450202880273946,1.17785488410253,0.41662046301867,32.5953152389704,45.774871343145,20.2302456017421,0.0,-14.2961
14306340,6.48986721423682,2.4443925119781,0.376647538583815,-0.957137254967396,0.0693804146431187,14.55,1.85350318471338,200.55,5.78787878787879,397.44,62.50098,14.73,0.9933,3.37134542222173,1.69169992568094,0.816131621987596,0.0952809021474182,0.961538461538462,0.885622253150963,0.447261828678112,1.37896006781593,0.373092165152031,34.4034264670057,44.9610423073701,17.0412125566657,0.0,-14.9652
14306500,6.28693771389459,2.96394691307324,0.471445248538521,-0.955287474236705,0.0202982706122534,13.95,1.8,193.0,5.85735963581184,308.31,57.46785,857.16,0.9993,3.7719180195097,1.97287401282357,0.859424594928914,0.133281623517335,1.06013986013986,0.924116925211705,0.453107909804198,0.937889562818662,0.415124134651297,30.0170081947346,45.2983637715262,24.2785695886327,0.0,-14.6983
14308990,3.65558384668036,3.06434930869268,0.838265359848173,-0.939672347482557,0.135825515539971,16.1,1.72192513368984,228.9,6.89457831325301,987.04,96.62676,167.76,1.0,4.60764550449176,2.27062086580749,0.901358084807924,0.110966581297728,0.889679715302491,0.849541027505115,0.432558698702813,1.62840210975507,0.350536940929133,45.065877178922,33.6407438458972,18.474599622512,0.0,-14.2313
14309500,4.97778097193703,3.12220390143737,0.627228059860258,-0.99584676909737,0.0612553691709827,15.1,1.77647058823529,222.65,6.89318885448916,709.83,110.42527,224.92,1.0,4.22790223020142,1.98632519714406,0.883413539975636,0.115740864188229,0.894594594594595,0.894530764562533,0.442804142710323,1.3353043145535,0.395702790448224,37.751217193652,38.8794056958629,23.2138618234901,0.0,-14.8976
14316700,4.54340041067762,2.2776297467488,0.501305088892464,-0.821172341608197,0.176336580742005,14.75,1.44607843137255,214.85,6.01820728291317,952.26,119.0892,587.9,1.0,4.85965245245316,2.82873460054803,0.914353686881862,0.171175529424384,0.879292403746098,1.34000362425983,0.443106792908292,1.28830066176659,0.584643912073882,37.2384948282674,38.5193956537094,24.3636336096433,0.0,-13.5958
14325000,6.29743737166324,2.43465173169062,0.38660991574857,-0.952055320860745,0.0302033920558714,14.6,1.46733668341709,219.05,6.24074074074074,656.53,124.96889,443.07,1.0,4.15073036379494,1.86714822767883,0.873517081967616,0.115976631453161,0.990318118948824,0.892189253038893,0.442249129965363,1.42576985300543,0.388650317625489,38.9615784641729,40.8602603122275,20.0687259878712,0.0,-15.1799
14362250,2.78167556468172,3.32518830937714,1.19539041561722,-0.985486234612357,0.141500009350329,20.45,1.78602620087336,260.35,7.3545197740113,875.67,109.93127,41.42,1.0,4.4303377031505,2.45148883588938,0.868294274758778,0.117102269416005,0.625,0.800111430863593,0.442871943166935,1.36391012807639,0.348778891917816,37.914393841311,39.6024595492583,22.4043718335214,0.0,-12.5264
14400000,5.55607118412047,2.27966758384668,0.410302083666978,-1.01594616388723,0.0243303906906382,19.3,1.53784860557769,237.0,6.90962099125364,625.31,98.81802,702.63,1.0,3.21827145434417,1.43086321721779,0.743439833626179,0.0974050148342771,0.929015084294587,1.07142603482496,0.452074351052411,0.941309632062008,0.49418679823078,30.0265872922443,42.2145153800963,27.8051216016277,0.0,-14.7163
10259000,1.04830800821355,3.13322061601643,2.98883590649644,-1.34307951369627,0.0335249004621377,18.55,1.75829383886256,343.55,29.114406779661,1233.96,169.65242,22.46,0.5081,0.824071840064609,0.324730423782019,0.367999884537156,0.0600560048781903,0.631578947368421,0.460248617961698,0.412810310390347,3.2892797712624,0.086602243342467,24.5688826575353,9.40477634739433,3.38087996787927,0.0,-14.0366
11124500,2.05219028062971,3.18656566735113,1.5527632585675,-1.43546089515177,0.0230381055615776,21.75,2.07142857142857,328.1,18.6420454545455,679.8,87.84629,191.52,0.7047,1.81201730993914,0.924783749373159,0.569211658185333,0.12242526957835,0.978798586572438,0.574001179078791,0.439067128834121,1.4252605854624,0.228135803535518,37.3642546620318,34.3093967009378,21.1667090005675,0.0,-14.8934
11141280,1.88366598220397,2.75156224503765,1.46074849311564,-1.37078002415965,0.0007877803924076,27.25,1.97463768115942,318.65,16.4677002583979,292.35,60.28846,54.01,0.4501,2.76689060364182,1.67973843535795,0.682496786296927,0.146355928927575,1.27906976744186,0.800000011920931,0.450335540906564,0.940612799992997,0.281921434474367,23.0107403767161,27.5791552380698,24.6419591952497,0.0,-15.2
11143000,2.83676796714579,2.582940862423,0.910522429870012,-1.35835234725653,0.0254379399486261,27.6,2.09090909090909,303.1,12.6555323590814,764.03,138.61035,120.61,0.9458,3.2567347718764,1.52933065746459,0.739471333033719,0.054493405235871,0.664804469273743,0.616060451034127,0.446124680760769,1.37325381695636,0.246424180413651,39.4663428339859,21.9234754066114,7.65706058100351,0.0158879610203631,-14.1348
11148900,2.2885325119781,2.75636384668036,1.20442415926086,-1.39765675666108,0.003526794606684,26.8,1.96336996336996,311.6,14.9448441247002,462.72,66.18997,403.45,0.425,1.83730318481868,1.05175625199061,0.551594639163174,0.117566782202974,0.991258741258741,0.729070274147112,0.439330096849358,1.33948210103647,0.296911512431248,38.3089933087595,26.9896457696491,18.9829964499265,0.0,-13.5833
11151300,1.33278439425051,3.64473830253251,2.73467960628554,-1.39261155528791,0.0038403901400884,24.55,1.82527881040892,317.1,15.1722488038278,535.53,56.57053,608.23,0.1373,1.24015195890477,0.841795173704703,0.479237051219196,0.219741737656454,2.29958246346555,0.89440526663826,0.452028203558071,0.808165565828,0.339571437539055,22.7210429708571,33.2610515285785,31.5723279653865,0.0,-14.7006
11176400,1.47620944558522,3.26067181382615,2.20881381268599,-1.25779487608552,0.016307003804813,26.1,1.56287425149701,303.7,12.6016597510373,701.12,78.77162,338.56,0.353,1.41991360974801,0.876165143004999,0.464354024748625,0.126927011610772,0.924124513618677,0.610895216075672,0.43947923904189,1.47125375265257,0.173686062602264,26.7949023168116,24.9134407259621,14.7166801320703,0.0,-14.531
11230500,2.01836687200548,3.15791082819986,1.56458712833615,-1.11748579315367,0.902963679881608,25.9,1.78620689655172,307.55,12.302,3020.86,151.16005,135.53,0.2787,0.506763752775536,0.259213955775022,0.220773464750669,0.0664474277661366,0.33953488372093,1.4176351711933,0.413825892600669,3.01527902161342,0.567054068477321,61.6309242026356,25.1317837623791,9.88701359888873,0.0,-13.5155
11237500,2.92850376454483,2.94218308008214,1.00467109371786,-1.19968783347657,0.749856960685691,27.45,1.91958041958042,302.9,12.7002096436059,2201.22,104.67149,59.82,0.8069,1.57688118000328,0.667834033866201,0.612876899015823,0.158618884284799,0.98,1.3139618004135,0.402894716874404,4.04921977180758,0.486038573212314,58.5448020017795,19.902239445151,8.21482309896241,0.0,-13.9303
11264500,2.64038877481177,3.04781229295003,1.15430436685117,-1.19626174293008,0.90632692590849,26.8,2.0,300.3,11.6170212765957,2632.87,131.06068,467.98,0.5769,0.793275741147377,0.402805024494363,0.332696200910923,0.0897605994780551,0.602545968882603,1.37066202159041,0.418921266263746,2.63809061274028,0.49298176184544,52.8587623511459,23.7527512208711,8.95267306085688,0.0,-13.8776
11266500,2.73561943874059,3.08489671457906,1.12767758222952,-1.19424341977032,0.885217452223562,26.75,1.94545454545455,297.55,11.2495274102079,2512.58,140.1842,833.08,0.6741,1.02877872394747,0.510030255437849,0.405997878298848,0.10505524888062,0.6256,1.43550989190857,0.419532719559358,2.70472877396604,0.441382523332415,44.9867569691607,21.9483562758771,8.29715614630663,0.0,-13.0986
11284400,2.82243394934976,3.48021425051335,1.23305427619134,-1.23943957791438,0.0365047230850116,26.0,1.78694158075601,302.5,11.7933723196881,897.33,52.40447,41.72,0.7577,2.0719932884251,0.609740607364196,0.672270177843847,0.0766794623916319,1.0,0.800000011920929,0.439576666666667,1.45210593861383,0.264000003933907,30.125,28.125,17.0,0.0,-16.2416
11381500,3.45053935660507,3.45334929500342,1.00081434758684,-1.10293931683941,0.165026130486202,24.85,1.59807073954984,278.85,9.45254237288136,941.68,70.5575,337.63,0.589,2.01059774080901,1.00777907462694,0.620595648687006,0.171160929357891,1.11700182815356,0.776290875379523,0.434465234771368,1.63070302250899,0.327931030941496,43.9506676363998,35.0872537078553,20.1449650105653,0.0,-12.5354
11451100,2.96147159479808,2.59033155373032,0.874677156546198,-1.27449004042401,0.123536359034925,27.0,1.96363636363636,293.9,13.328798185941,740.46,103.93357,155.09,0.8707,2.2141236488828,1.14949488901084,0.636207011399269,0.0945112691179305,0.906122448979592,0.611355062672127,0.434158028332116,1.7652179391839,0.238415572034511,41.3658797994023,33.6545197281191,17.4643899372019,0.0,-15.1688
11468500,3.58288295687885,2.71716240930869,0.758373198904518,-1.23546999671213,0.000524205133848,25.85,1.6517571884984,277.8,10.2509225092251,276.08,45.14956,273.51,1.0,4.76305862680861,1.77657769280235,0.912422452106836,0.0804760627484359,1.66666666666667,0.889675095845179,0.43963913009966,1.32160618212179,0.392489533928465,39.0519854589673,34.3549459355616,26.77581229353,0.0,-15.1829
11473900,3.6535537303217,2.79784791238877,0.765788084398152,-1.23057444747983,0.262478357358648,26.65,1.88339222614841,277.05,10.2421441774492,1037.85,126.70666,1925.01,0.9609,2.63348691057652,1.40846939169775,0.701223891288369,0.139687407428516,1.9949494949495,0.783653925739968,0.435755723453195,1.59367624042756,0.292631580270129,36.521489039983,30.2605599078208,17.622868106683,0.0,-14.6914
11475560,5.16608624229979,3.0671427926078,0.593707237694584,-1.2196940463543,0.138629337971597,27.05,1.84641638225256,274.1,9.50086655112652,592.58,90.33273,16.79,0.9922,5.34411087943821,2.12445282713393,0.909561799488599,0.0640448461398645,1.06451612903226,0.992698709284248,0.432678904165603,1.68909047687603,0.447750925720897,45.1252883802571,32.7013056139251,22.2788819849488,0.0,-15.2
11476600,4.83418480492813,2.32630752908966,0.481220231116971,-1.18265333743477,0.0120106292964887,24.95,1.60450160771704,263.05,8.13137557959815,478.69,94.52911,71.85,0.9966,4.94138737760664,2.01571370991028,0.888979936854681,0.0879924652543928,1.02564102564103,1.00000001490116,0.437685,1.38703243831342,0.430000006407499,40.5,33.1,26.5,0.0,-15.2
11478500,4.55162080766598,2.72115362080767,0.597842776407168,-1.16492451411008,0.157314421019928,24.35,1.65646258503401,260.75,8.38424437299035,757.76,122.52826,572.38,0.9953,3.81928713245715,2.05146290328687,0.806710851200292,0.126603662517281,1.03190319031903,1.05606477486144,0.434027868937562,1.53160072112417,0.443059712148267,40.6837997372576,32.073893671502,23.4418366118641,0.0,-15.1451
11480390,3.99899657768652,3.4278629705681,0.857180771220159,-1.19372980931363,0.299512506046178,24.75,1.68367346938776,271.5,9.44347826086956,1049.64,76.61899,242.6,0.9744,3.81689377949546,1.90300799613839,0.826250441964589,0.113354512959829,1.0,1.05455477278518,0.432122369279328,1.61335989529266,0.430314735845039,39.7584720763359,30.6884834584,21.6811125966258,0.0,-15.1593
11481200,4.36313073237509,2.3689864476386,0.542955641933983,-1.10987524162451,0.0016368255310898,21.7,1.58394160583942,253.4,7.71385083713851,285.23,71.42838,105.4,0.9378,4.8234575523288,1.493386892792,0.915706668280652,0.111697977175359,1.30459770114943,1.50000001490116,0.44801516162764,0.887990729634675,0.682930212706592,30.1836030286092,31.7583406374229,36.405244965229,0.0,-14.7976
11482500,4.57997672826831,2.51779159479808,0.549738949383278,-1.10737992943366,0.0131812044990649,21.4,1.60299625468165,245.55,7.40723981900453,546.99,114.46463,718.04,0.983,4.51387744006438,1.79710808415379,0.874256560693449,0.100323023349911,1.15104166666667,1.37298923837481,0.442695979191674,1.0593351621154,0.619297975179431,34.6506560821522,31.6919850146558,32.3208140330125,0.0,-14.4222
11522500,3.13553045859001,3.25859069130732,1.03924702194494,-1.05325692398518,0.249129777057898,22.7,1.57093425605536,260.85,7.72888888888889,1279.3,152.80074,1943.12,0.9907,3.61095793717015,2.05640330483778,0.8122561100882,0.185545620643096,0.636304062909568,0.706560816001511,0.427086974428656,2.13756346738745,0.285915299862895,50.7430347574605,34.2011729985381,14.5427749465719,0.0024380711749968,-14.935
11523200,2.93242299794661,2.56179555099247,0.873610510075229,-1.05508885112035,0.431707151976883,23.9,1.65972222222222,276.05,8.73575949367089,1614.41,139.34749,382.94,0.98,2.02664255784056,0.909522551530769,0.689249813645777,0.196088851743,0.658496732026144,0.864198100576891,0.433744753488067,1.29712099823634,0.378941242012479,42.8579821255381,29.6227276398527,26.9241931953872,0.0,-14.0749
11528700,3.70608213552361,3.58440767967146,0.967168980232284,-1.15290179155976,0.271305322327506,23.95,1.57565789473684,264.95,8.67266775777414,1019.07,107.62195,1980.08,0.9905,3.42524494871016,1.66872963867004,0.81336258475843,0.127174131416846,1.03259452411995,0.857008208712057,0.429199595946295,1.83085005751472,0.355624692924327,47.7096783254747,32.4660187841343,18.7739332007155,0.0,-15.5936
11532500,5.58464202600958,2.32076887063655,0.415562691364628,-1.01985500319712,0.0485353765496996,20.65,1.57034220532319,239.9,6.79603399433428,725.07,112.11076,1577.96,0.9993,3.62813886217083,1.57551621841601,0.814102720066942,0.116730442918013,0.937226857369885,0.918783592812431,0.43913172631852,1.29638490086552,0.413826634601308,39.2859934904475,34.1279728888873,26.6093760952581,0.0,-14.8472
