### channel=id33-transformer-recipe-repair seq=68
### host=login4
### started=2026-09-17T11:52:10+0800
### ---------- output ----------
=== STAMP ===
2026-09-17T11:52:10+0800
##ARM G1
01022500,0.8282191753387451
01031500,0.8378227353096008
01047000,0.67243891954422
01052500,0.8263872861862183
01054200,0.45088231563568115
01055000,0.4976213574409485
01057000,0.5926375985145569
01073000,0.8120863437652588
01078000,0.65354323387146
01123000,0.8471951484680176
01134500,0.7726790308952332
01137500,0.7455335855484009
01139000,0.6782568693161011
01139800,0.7375189065933228
01142500,0.6133278608322144
01144000,0.7840800285339355
01162500,0.7959948778152466
01169000,0.47148698568344116
01170100,0.426280677318573
01181000,0.5792955756187439
01187300,0.8281214237213135
01195100,0.7656452655792236
01333000,0.45784592628479004
01350000,0.6538801789283752
01350080,0.6620166301727295
01350140,0.6615428924560547
01365000,0.7577855587005615
01411300,0.37473219633102417
01413500,0.6800325512886047
01414500,0.6831399202346802
01415000,0.717581033706665
01423000,0.7501062154769897
01434025,0.6628634929656982
01435000,0.7590466737747192
01439500,0.8195436000823975
01440000,0.8687953948974609
01440400,0.7746914029121399
01451800,0.8120383024215698
01466500,0.8086121082305908
01484100,0.7264072895050049
01487000,0.8886024951934814
01491000,0.9027237296104431
01510000,0.8596305847167969
01516500,0.6266067624092102
01518862,0.7038965821266174
01532000,0.7497844696044922
01539000,0.8591349124908447
01542810,0.8423353433609009
01543000,0.8891044855117798
01543500,0.8817899823188782
01544500,0.8670168519020081
01545600,0.8332421183586121
01547700,0.750708281993866
01548500,0.8597317337989807
01549500,0.7679741978645325
01550000,0.8430559039115906
01552000,0.8011152744293213
01552500,0.7197886109352112
01557500,0.7785143852233887
01567500,0.7536112666130066
01568000,0.8951431512832642
01580000,0.640749454498291
01583500,0.5124881863594055
01586610,0.5982366800308228
01591400,0.42883944511413574
01594950,0.7820258140563965
01596500,0.7875634431838989
01605500,0.6613419055938721
01606500,0.7742922306060791
01632000,0.5344829559326172
01632900,0.7256091833114624
01634500,0.5638257265090942
01638480,0.5816958546638489
01639500,0.6751949787139893
01644000,0.8796616196632385
01664000,0.8524558544158936
01666500,0.44964301586151123
01667500,0.7434337139129639
01669000,0.8289839625358582
01669520,0.6760362982749939
02011400,0.8791161179542542
02013000,0.8439372181892395
02014000,0.8560498952865601
02015700,0.7363105416297913
02016000,0.8315262794494629
02017500,0.687719464302063
02018000,0.8024035692214966
02027000,0.671203076839447
02027500,0.5379918813705444
02028500,0.7592211365699768
02038850,0.6875144839286804
02046000,0.7449243068695068
02051500,0.7850630283355713
02053200,0.8057703375816345
02053800,0.85157710313797
02055100,0.6805607080459595
02056900,0.7478091716766357
02059500,0.7187070846557617
02064000,0.8095259070396423
02065500,0.35356801748275757
02069700,0.598605751991272
02070000,0.6097750663757324
02074500,0.5648274421691895
02077200,0.7931729555130005
02081500,0.793440043926239
02082950,0.8366225361824036
02092500,0.889232873916626
02096846,0.3297613859176636
02102908,0.6059378385543823
02108000,0.8193212151527405
02111180,0.560296893119812
02111500,0.5700258016586304
02112120,0.5037118196487427
02112360,0.6606284379959106
02118500,0.5279255509376526
02125000,0.8459938764572144
02128000,0.6971759796142578
02137727,0.5556143522262573
02140991,0.6800408363342285
02143000,0.6870470643043518
02143040,0.6032500267028809
02149000,0.6320328712463379
02152100,0.6868993043899536
02177000,0.7451271414756775
02178400,0.6783421635627747
02193340,0.8447139263153076
02196000,0.895573616027832
02198100,0.36560583114624023
02202600,0.8537947535514832
02212600,0.6854705810546875
02215100,0.7640382051467896
02216180,0.7311797142028809
02221525,0.5261722207069397
02231000,0.8568293452262878
02245500,0.5081081390380859
02246000,0.8349812626838684
02296500,0.5430294871330261
02297155,-9.179699897766113
02297310,-0.6074234247207642
02298123,0.8392195701599121
02298608,0.3506503105163574
02299950,0.29766160249710083
02300700,0.07058882713317871
02342933,0.4930664896965027
02349900,0.6494329571723938
02350900,0.9033591747283936
02361000,0.7589203715324402
02363000,0.6920849680900574
02369800,0.6120272874832153
02371500,0.3895021080970764
02372250,-0.4722667932510376
02374500,0.2295348048210144
02381600,0.4544793367385864
02384540,0.4536134600639343
02395120,0.5251342058181763
02415000,0.682593822479248
02427250,0.4988638758659363
02430085,0.7049528360366821
02450250,0.6122146248817444
02464000,0.6975018978118896
02464360,0.6069272756576538
02465493,0.07442396879196167
02469800,0.7171427607536316
02472000,0.8331601023674011
02472500,0.6377874612808228
02479155,0.6677159070968628
02479300,0.7737511992454529
02479560,0.6612496376037598
02481000,0.6532970666885376
02481510,0.8384791016578674
03010655,0.8514506816864014
03011800,0.8220964074134827
03015500,0.8250974416732788
03021350,0.7617683410644531
03026500,0.8760356903076172
03028000,0.8751697540283203
03049000,0.7120214104652405
03049800,0.7020870447158813
03050000,0.8269361257553101
03069500,0.8949528336524963
03070500,0.7522198557853699
03076600,0.7316009998321533
03078000,0.8035707473754883
03140000,0.801673412322998
03144000,0.8369645476341248
03170000,0.7449440956115723
03173000,0.8542535305023193
03180500,0.8339487314224243
03182500,0.8513232469558716
03186500,0.8402526378631592
03237280,0.6148322820663452
03237500,0.6398940682411194
03238500,0.5384109020233154
03241500,0.843558669090271
03280700,0.8458031415939331
03281500,0.8236309885978699
03285000,0.7097012996673584
03291780,0.6367344856262207
03338780,0.6348987817764282
03340800,0.8832303285598755
03346000,0.8293550610542297
03364500,0.6197797656059265
03366500,0.6037424802780151
03368000,0.7521112561225891
03384450,0.7088750600814819
03439000,0.6207965612411499
03455500,0.47119808197021484
03456500,0.5257358551025391
03460000,0.7442444562911987
03463300,0.5947906970977783
03471500,0.8013393878936768
03473000,0.8152158260345459
03479000,0.6167155504226685
03488000,0.8212625980377197
03498500,0.7402178645133972
03500000,0.803966760635376
03500240,0.7605557441711426
03504000,0.7239538431167603
03574500,0.6841509938240051
03592718,0.5459212064743042
03604000,0.8164075613021851
04015330,0.7116152048110962
04024430,0.6543844938278198
04027000,0.8338837623596191
04040500,0.824984073638916
04043050,0.8809929490089417
04045500,0.6044036149978638
04057510,0.5262819528579712
04057800,0.7115414142608643
04059500,0.8557603359222412
04063700,0.7505412101745605
04074950,0.7564114928245544
04105700,-4.423614025115967
04115265,0.723901629447937
04122200,0.79463791847229
04122500,0.7801641225814819
04127918,0.7292371988296509
04127997,0.6253635883331299
04161580,0.7679616212844849
04185000,0.8010263442993164
04196800,0.6552044153213501
04197100,0.548531174659729
04197170,0.746537983417511
04213000,0.7062397003173828
04213075,0.49126529693603516
04216418,0.694263219833374
04221000,0.8162704706192017
04224775,0.749407947063446
04233000,0.7312690019607544
04256000,0.8202069401741028
04296000,0.6931220293045044
05057200,0.39406853914260864
05120500,-31.105640411376953
05291000,0.3965279459953308
05362000,0.7573673129081726
05393500,0.8165663480758667
05399500,0.6105465888977051
05408000,0.6780734062194824
05413500,0.501194179058075
05414000,0.7578165531158447
05444000,0.515233039855957
05454000,0.5521098971366882
05458000,0.7453237771987915
05466500,0.2659282088279724
05487980,0.7309823036193848
05488200,0.6733428239822388
05489000,0.7112618684768677
05495000,0.7202796936035156
05495500,0.5754634141921997
05501000,0.6931485533714294
05503800,0.7961580157279968
05507600,0.8408008813858032
05508805,0.828937292098999
05525500,0.8366069197654724
05556500,0.7811530828475952
05584500,0.20894873142242432
05591550,0.7705045342445374
05592050,0.6194526553153992
05592575,0.7192301750183105
05593575,0.73908531665802
05593900,0.7189233899116516
05595730,0.7636004090309143
06221400,0.8999128937721252
06224000,0.9422095417976379
06278300,0.7638649940490723
06280300,0.7204157114028931
06289000,0.5254766941070557
06291500,0.670258641242981
06311000,0.6003226637840271
06332515,0.673306405544281
06339100,0.6398671865463257
06344600,-0.11383235454559326
06350000,-0.4141223430633545
06352000,-0.08264303207397461
06404000,0.6920874118804932
06406000,0.12374025583267212
06409000,-1.4208626747131348
06431500,0.4751724600791931
06440200,0.46876293420791626
06447500,0.16592425107955933
06470800,0.845671534538269
06477500,0.41546744108200073
06479215,0.38929641246795654
06601000,0.41807085275650024
06614800,0.780526340007782
06622700,0.8013153672218323
06623800,0.8581539392471313
06632400,0.7594437003135681
06746095,0.7751338481903076
06803510,0.7565019130706787
06803530,0.7583944797515869
06814000,0.7548629641532898
06847900,0.09468936920166016
06853800,0.2583501935005188
06876700,0.4000552296638489
06878000,0.7683977484703064
06879650,0.054653942584991455
06885500,0.7771826386451721
06888500,0.7119027376174927
06889200,0.7041961550712585
06889500,0.8043885231018066
06892000,0.8094649314880371
06903400,0.5597188472747803
06906800,0.7315744757652283
06910800,0.9139290452003479
06911900,0.7298492193222046
06917000,0.4901202917098999
06918460,0.16951614618301392
06919500,0.7960349321365356
06921070,0.6819159984588623
06921200,0.6712864637374878
07057500,0.9294910430908203
07060710,0.6340680122375488
07066000,0.8532873392105103
07083000,0.9157699942588806
07142300,0.2943236231803894
07145700,0.7443448305130005
07167500,0.6519396305084229
07180500,0.8227416276931763
07184000,0.7846184372901917
07195800,0.19895565509796143
07196900,0.6619169116020203
07197000,0.8676626682281494
07208500,0.4200546145439148
07261000,0.8947262763977051
07263295,0.6895435452461243
07291000,0.620844841003418
07299670,0.20029687881469727
07301410,0.09190386533737183
07315200,0.41775643825531006
07315700,0.5180330276489258
07335700,0.6205958127975464
07340300,0.7861512303352356
07346045,0.5257793068885803
07359610,0.7397641539573669
07362100,0.6802006363868713
07362587,0.46673911809921265
07375000,0.39747822284698486
08013000,0.650175929069519
08014500,0.05524885654449463
08023080,0.4335891604423523
08050800,0.628574013710022
08066200,0.7092586755752563
08066300,0.8130378723144531
08070000,0.5954110622406006
08070200,0.5078331232070923
08082700,0.1817905306816101
08086212,0.5270545482635498
08086290,0.722318172454834
08101000,0.6057950854301453
08103900,0.3807406425476074
08104900,0.568640947341919
08109700,0.4131929278373718
08150800,-4.075267314910889
08158700,0.574428915977478
08158810,0.5003435015678406
08164300,0.47865331172943115
08164600,0.5688111186027527
08165300,-33.289608001708984
08171300,0.48954784870147705
08175000,0.3648083209991455
08176900,-0.03161263465881348
08178880,-0.329903244972229
08189500,-0.05159330368041992
08190000,-0.08446061611175537
08190500,-0.05363619327545166
08194200,-0.85240638256073
08195000,-0.36280667781829834
08196000,-0.030882954597473145
08198500,0.007432758808135986
08200000,0.3960392475128174
08202700,-0.026545286178588867
08267500,0.1015939712524414
08269000,0.2102278470993042
08271000,0.5338040590286255
08324000,0.621153712272644
08377900,0.7514355778694153
08378500,0.6619469523429871
08380500,0.2459578514099121
09035800,0.7272862792015076
09035900,0.9485772848129272
09047700,0.8721089363098145
09065500,0.9615482091903687
09066000,0.9637078046798706
09066200,0.9046772122383118
09066300,0.9032684564590454
09081600,0.9528807997703552
09107000,0.904282808303833
09210500,0.7599446177482605
09223000,0.8574873208999634
09306242,0.17779511213302612
09312600,0.7678852081298828
09352900,0.7137439250946045
09378170,0.5885834693908691
09386900,0.1145179271697998
09404450,0.7513879537582397
09430600,0.07471722364425659
09447800,-0.08490955829620361
09484600,0.21799308061599731
09492400,0.6540363430976868
09494000,0.3704776167869568
09497980,0.5064655542373657
09505350,0.37922269105911255
09505800,-0.438091516494751
09508300,0.3574686050415039
09510200,0.5016857981681824
09512280,0.2783721089363098
09513780,0.25115877389907837
10234500,0.6608580350875854
10244950,-0.25067365169525146
10259000,0.4363389015197754
10336645,0.8289833664894104
10336660,0.8892781734466553
10343500,0.7905334830284119
11124500,0.8573269844055176
11141280,0.32443904876708984
11143000,0.6388447284698486
11148900,0.5236752033233643
11151300,0.2849792242050171
11176400,0.4218404293060303
11230500,0.7006256580352783
11237500,0.7165023684501648
11264500,0.8627221584320068
11266500,0.8730956315994263
11284400,0.36431431770324707
11381500,0.558809757232666
11451100,0.7203875780105591
11468500,0.903775691986084
11473900,0.6420055031776428
11475560,0.6808862686157227
11476600,0.7789047360420227
11478500,0.5690953135490417
11480390,0.38286590576171875
11481200,0.8089791536331177
11482500,0.8315607905387878
11522500,0.7646557092666626
11523200,0.5934920907020569
11528700,0.7399005889892578
11532500,0.9034312963485718
12010000,0.8867928981781006
12013500,0.8479993939399719
12020000,0.29807740449905396
12025700,0.8664875030517578
12035000,0.898405134677887
12040500,0.7458785772323608
12041200,0.6978874206542969
12048000,0.7304439544677734
12054000,0.6811387538909912
12056500,0.6887115240097046
12073500,0.7090761065483093
12082500,0.7383113503456116
12092000,0.6999708414077759
12114500,0.4304412007331848
12115000,0.5582807064056396
12117000,0.7056995630264282
12143600,0.7100660800933838
12144000,0.7060495615005493
12145500,0.8974550366401672
12147500,0.7120778560638428
12167000,0.5468883514404297
12175500,0.8342843651771545
12178100,0.7733868360519409
12186000,0.6947550773620605
12189500,0.737878680229187
12375900,0.8349936604499817
12377150,0.8821719884872437
12381400,0.9027330279350281
12383500,0.8953078985214233
12390700,0.8610822558403015
12411000,0.5982629656791687
12447390,0.5769898295402527
12451000,0.8767771124839783
12488500,0.7002286911010742
13011500,0.9335471987724304
13011900,0.7628182768821716
13018300,0.4252302646636963
13023000,0.8497474193572998
13161500,0.846386194229126
13235000,0.8358497023582458
13240000,0.8781323432922363
13313000,0.8408305644989014
13331500,0.7847858667373657
14020000,0.47072237730026245
14096850,0.06816625595092773
14137000,0.6775246262550354
14138800,0.6402894258499146
14138870,0.7154901027679443
14138900,0.678074836730957
14139800,0.7008683085441589
14141500,0.7464389801025391
14154500,0.8061599135398865
14158790,0.5421514511108398
14166500,0.8968343138694763
14182500,0.6317242980003357
14185000,0.7929427623748779
14185900,0.7581727504730225
14187000,0.8313515186309814
14216500,0.5612496137619019
14222500,0.8181359767913818
14236200,0.8299044370651245
14301000,0.8273330330848694
14303200,0.7959706783294678
14305500,0.8333339095115662
14306340,0.7970926761627197
14306500,0.8794950842857361
14308990,0.8426810503005981
14309500,0.6940749883651733
14316700,0.7422485947608948
14325000,0.637670636177063
14362250,0.7181747555732727
14400000,0.8500910997390747
##ARM G1_s200
01022500,0.8040285110473633
01031500,0.890658438205719
01047000,0.7612636685371399
01052500,0.776008129119873
01054200,0.33941155672073364
01055000,0.4646170139312744
01057000,0.7168512344360352
01073000,0.8599562644958496
01078000,0.6833875179290771
01123000,0.8264443874359131
01134500,0.7650419473648071
01137500,0.7395346164703369
01139000,0.5736314058303833
01139800,0.39903295040130615
01142500,0.3790648579597473
01144000,0.7680320739746094
01162500,0.7028242349624634
01169000,0.5961927771568298
01170100,0.6186890006065369
01181000,0.5856838226318359
01187300,0.8058542013168335
01195100,0.7127090692520142
01333000,0.5022768974304199
01350000,0.40294766426086426
01350080,0.5577431917190552
01350140,0.6641619205474854
01365000,0.7178454399108887
01411300,0.6981562972068787
01413500,0.500313937664032
01414500,0.40701985359191895
01415000,0.668530285358429
01423000,0.6575576066970825
01434025,0.5192443132400513
01435000,0.592046320438385
01439500,0.7991435527801514
01440000,0.7484585046768188
01440400,0.7400339841842651
01451800,0.7660301923751831
01466500,0.7010326385498047
01484100,0.7713568210601807
01487000,0.8852564096450806
01491000,0.908452033996582
01510000,0.8352664709091187
01516500,0.6921477317810059
01518862,0.7201680541038513
01532000,0.7652340531349182
01539000,0.8805554509162903
01542810,0.8231106996536255
01543000,0.902337908744812
01543500,0.905688464641571
01544500,0.9091219902038574
01545600,0.82662034034729
01547700,0.6998825669288635
01548500,0.9308345913887024
01549500,0.8302037715911865
01550000,0.8664174675941467
01552000,0.803740382194519
01552500,0.7166968584060669
01557500,0.8488474488258362
01567500,0.8323937058448792
01568000,0.8570024967193604
01580000,0.63287353515625
01583500,0.44521331787109375
01586610,0.6302367448806763
01591400,0.3641754388809204
01594950,0.7875984907150269
01596500,0.8284473419189453
01605500,0.6755669713020325
01606500,0.7498990297317505
01632000,0.5194113254547119
01632900,0.7274547815322876
01634500,0.5787190198898315
01638480,0.5364654064178467
01639500,0.68161940574646
01644000,0.8521907329559326
01664000,0.833810567855835
01666500,0.5287814140319824
01667500,0.7752276659011841
01669000,0.8071969151496887
01669520,0.6860566139221191
02011400,0.8926169276237488
02013000,0.8166898488998413
02014000,0.8238218426704407
02015700,0.675826907157898
02016000,0.7939097881317139
02017500,0.7161518931388855
02018000,0.7762203216552734
02027000,0.671669065952301
02027500,0.546554684638977
02028500,0.7279982566833496
02038850,0.6254134178161621
02046000,0.7251713275909424
02051500,0.757174015045166
02053200,0.7832363843917847
02053800,0.7775917053222656
02055100,0.6581381559371948
02056900,0.7605247497558594
02059500,0.6955302953720093
02064000,0.8262909650802612
02065500,0.22046875953674316
02069700,0.5665795803070068
02070000,0.665292501449585
02074500,0.5228694081306458
02077200,0.7799710631370544
02081500,0.8196902275085449
02082950,0.8159884810447693
02092500,0.9271174669265747
02096846,0.5609110593795776
02102908,0.40234994888305664
02108000,0.8350377082824707
02111180,0.6742267608642578
02111500,0.6294221878051758
02112120,0.5618078708648682
02112360,0.7076268196105957
02118500,0.55519038438797
02125000,0.9242429733276367
02128000,0.7732512950897217
02137727,0.617567777633667
02140991,0.8095859885215759
02143000,0.719335675239563
02143040,0.5841098427772522
02149000,0.6707041263580322
02152100,0.6886206865310669
02177000,0.7516672015190125
02178400,0.7037763595581055
02193340,0.8132429122924805
02196000,0.9249104261398315
02198100,0.37234556674957275
02202600,0.8788988590240479
02212600,0.6130014657974243
02215100,0.8695752024650574
02216180,0.7163937091827393
02221525,0.5921046733856201
02231000,0.9365187883377075
02245500,0.7073754668235779
02246000,0.8718191981315613
02296500,0.8348850607872009
02297155,-4.908326148986816
02297310,-0.11778295040130615
02298123,0.8963052034378052
02298608,0.4175070524215698
02299950,0.4342525005340576
02300700,0.17078697681427002
02342933,0.49505215883255005
02349900,0.7644056677818298
02350900,0.7248002886772156
02361000,0.8456624150276184
02363000,0.6571611166000366
02369800,0.7766848802566528
02371500,0.6041280031204224
02372250,0.8025347590446472
02374500,0.4378962516784668
02381600,0.4164654612541199
02384540,0.6897269487380981
02395120,0.2946922779083252
02415000,0.7557536959648132
02427250,0.6801339387893677
02430085,0.7168638110160828
02450250,0.7114752531051636
02464000,0.7133772373199463
02464360,0.6470780372619629
02465493,0.5455950498580933
02469800,0.6929781436920166
02472000,0.8359130620956421
02472500,0.735680341720581
02479155,0.6276530027389526
02479300,0.8459787368774414
02479560,0.7096858620643616
02481000,0.5920038223266602
02481510,0.7838470339775085
03010655,0.8202082514762878
03011800,0.8054105639457703
03015500,0.8170194625854492
03021350,0.7836079001426697
03026500,0.9045888185501099
03028000,0.8769227266311646
03049000,0.8378280401229858
03049800,0.5926700830459595
03050000,0.8230454325675964
03069500,0.8797418475151062
03070500,0.8059697151184082
03076600,0.7628189921379089
03078000,0.8248504400253296
03140000,0.7947019934654236
03144000,0.8371344804763794
03170000,0.8065803647041321
03173000,0.8779914379119873
03180500,0.8046640753746033
03182500,0.8527360558509827
03186500,0.833596408367157
03237280,0.5477323532104492
03237500,0.6929428577423096
03238500,0.6362758874893188
03241500,0.819145143032074
03280700,0.7167156934738159
03281500,0.8532729744911194
03285000,0.5199099183082581
03291780,0.6069331765174866
03338780,0.5355486869812012
03340800,0.8537722826004028
03346000,0.8358798027038574
03364500,0.5954887866973877
03366500,0.6411334276199341
03368000,0.7256274819374084
03384450,0.7624509334564209
03439000,0.6157697439193726
03455500,0.3748752474784851
03456500,0.5356160998344421
03460000,0.747509241104126
03463300,0.4935573935508728
03471500,0.7002129554748535
03473000,0.7260656356811523
03479000,0.5967875719070435
03488000,0.8213004469871521
03498500,0.8211082816123962
03500000,0.7876257300376892
03500240,0.6758632659912109
03504000,0.682260274887085
03574500,0.6785458326339722
03592718,0.5441805124282837
03604000,0.761212944984436
04015330,0.6465380191802979
04024430,0.6752575635910034
04027000,0.7891891598701477
04040500,0.8701361417770386
04043050,0.8018795847892761
04045500,0.7274333238601685
04057510,0.8200542330741882
04057800,0.2737277150154114
04059500,0.8574232459068298
04063700,0.6183459758758545
04074950,0.8127304911613464
04105700,0.5917527675628662
04115265,0.676530122756958
04122200,0.8230471611022949
04122500,0.7322701215744019
04127918,0.4157094359397888
04127997,0.45116889476776123
04161580,0.6484847664833069
04185000,0.777423620223999
04196800,0.7736712098121643
04197100,0.5132651329040527
04197170,0.7751239538192749
04213000,0.6119931936264038
04213075,0.39706510305404663
04216418,0.7170876860618591
04221000,0.8486419320106506
04224775,0.786176323890686
04233000,0.7507888078689575
04256000,0.7865395545959473
04296000,0.7032541036605835
05057200,0.40183550119400024
05120500,-38.762718200683594
05291000,0.33328938484191895
05362000,0.7034635543823242
05393500,0.43384039402008057
05399500,0.7627575397491455
05408000,0.689049482345581
05413500,0.8414120078086853
05414000,0.5593915581703186
05444000,0.5192136764526367
05454000,0.6079977750778198
05458000,0.5871586203575134
05466500,0.5005002021789551
05487980,0.6885588765144348
05488200,0.6492002010345459
05489000,0.7228953838348389
05495000,0.7394647598266602
05495500,0.6555361747741699
05501000,0.7833210825920105
05503800,0.8003817796707153
05507600,0.8370216488838196
05508805,0.8495645523071289
05525500,0.8187150359153748
05556500,0.7569093108177185
05584500,0.35074537992477417
05591550,0.7199875116348267
05592050,0.5076096057891846
05592575,0.7644128799438477
05593575,0.8375064134597778
05593900,0.7981318831443787
05595730,0.806757926940918
06221400,0.9157515168190002
06224000,0.9278035163879395
06278300,0.753793478012085
06280300,0.8098341226577759
06289000,0.6095231771469116
06291500,0.6376470327377319
06311000,0.6384294033050537
06332515,0.3549081087112427
06339100,0.375152587890625
06344600,-0.5299148559570312
06350000,-4.82142448425293
06352000,-0.4190112352371216
06404000,0.5025361180305481
06406000,0.07334703207015991
06409000,-3.910149097442627
06431500,0.3646925091743469
06440200,0.5849971771240234
06447500,-0.8609063625335693
06470800,0.6914003491401672
06477500,0.24978280067443848
06479215,0.2176074981689453
06601000,0.43800628185272217
06614800,0.7752123475074768
06622700,0.8644964098930359
06623800,0.8670836687088013
06632400,0.8839884400367737
06746095,0.6072539687156677
06803510,0.8107681274414062
06803530,0.8212109804153442
06814000,0.7370257377624512
06847900,0.21371310949325562
06853800,0.22055310010910034
06876700,0.4920685887336731
06878000,0.6218873262405396
06879650,0.24573808908462524
06885500,0.8082054257392883
06888500,0.584865391254425
06889200,0.6852646470069885
06889500,0.7736774682998657
06892000,0.8254278898239136
06903400,0.4962724447250366
06906800,0.7855901718139648
06910800,0.8569042086601257
06911900,0.8568280935287476
06917000,0.6280515193939209
06918460,-0.2675720453262329
06919500,0.8081215620040894
06921070,0.5352023839950562
06921200,0.6096410751342773
07057500,0.8574026226997375
07060710,0.6892293691635132
07066000,0.8370256423950195
07083000,0.8729416728019714
07142300,0.37861305475234985
07145700,0.754152774810791
07167500,0.6596927642822266
07180500,0.7246359586715698
07184000,0.6255860328674316
07195800,-0.27180051803588867
07196900,0.6920041441917419
07197000,0.8674892783164978
07208500,0.5344589948654175
07261000,0.9168998599052429
07263295,0.4938030242919922
07291000,0.5222043395042419
07299670,0.2419258952140808
07301410,0.04991614818572998
07315200,0.3823620676994324
07315700,0.6756632328033447
07335700,0.5390192270278931
07340300,0.7319869995117188
07346045,0.7479827404022217
07359610,0.7465959191322327
07362100,0.34030789136886597
07362587,0.3079521059989929
07375000,0.4915608763694763
08013000,0.8653188347816467
08014500,0.5333080291748047
08023080,0.7074480056762695
08050800,0.4422149658203125
08066200,0.653717577457428
08066300,0.6314417123794556
08070000,0.6131587624549866
08070200,0.6629271507263184
08082700,0.24450933933258057
08086212,0.5414454340934753
08086290,0.5019726753234863
08101000,0.5309396982192993
08103900,0.34570813179016113
08104900,0.6546958088874817
08109700,0.4930311441421509
08150800,-2.5717244148254395
08158700,0.5101540684700012
08158810,0.5933842658996582
08164300,0.5115007162094116
08164600,0.5652898550033569
08165300,-21.85685157775879
08171300,0.5690168738365173
08175000,0.47207415103912354
08176900,0.3994554877281189
08178880,-0.029611587524414062
08189500,-0.09473896026611328
08190000,0.1258997917175293
08190500,-0.23840558528900146
08194200,0.04550051689147949
08195000,0.09001165628433228
08196000,-0.11326217651367188
08198500,0.08402377367019653
08200000,0.19892078638076782
08202700,0.06857973337173462
08267500,-0.1520899534225464
08269000,0.057864487171173096
08271000,0.1196947693824768
08324000,0.6592421531677246
08377900,0.6029096245765686
08378500,0.5592384338378906
08380500,0.25784456729888916
09035800,0.8324102759361267
09035900,0.9596493244171143
09047700,0.9471479058265686
09065500,0.9410710334777832
09066000,0.9443490505218506
09066200,0.8977064490318298
09066300,0.9448966979980469
09081600,0.9380357265472412
09107000,0.8120330572128296
09210500,0.640869677066803
09223000,0.8306728601455688
09306242,0.17477643489837646
09312600,0.9474918246269226
09352900,0.7740827202796936
09378170,0.41531550884246826
09386900,0.10423851013183594
09404450,0.5520769357681274
09430600,0.04406154155731201
09447800,0.2041487693786621
09484600,0.1620815396308899
09492400,0.5897542834281921
09494000,0.42630237340927124
09497980,0.5797399878501892
09505350,-0.23742425441741943
09505800,-0.7111908197402954
09508300,0.32324761152267456
09510200,0.5988118648529053
09512280,0.31735503673553467
09513780,0.054197728633880615
10234500,0.5736056566238403
10244950,-0.6339409351348877
10259000,0.37528854608535767
10336645,0.8613189458847046
10336660,0.8477272987365723
10343500,0.39559638500213623
11124500,0.5141209363937378
11141280,0.5814083814620972
11143000,0.7395825386047363
11148900,0.4913199543952942
11151300,-0.14361190795898438
11176400,0.4804224371910095
11230500,0.8079515695571899
11237500,0.8202297687530518
11264500,0.9176813364028931
11266500,0.9054716229438782
11284400,0.519742488861084
11381500,0.7017763257026672
11451100,0.7003494501113892
11468500,0.8841525912284851
11473900,0.7476378679275513
11475560,0.6824474930763245
11476600,0.7535182237625122
11478500,0.5417190790176392
11480390,0.6648188233375549
11481200,0.7689206004142761
11482500,0.7490499019622803
11522500,0.7833577394485474
11523200,0.4832216501235962
11528700,0.7599897384643555
11532500,0.901276707649231
12010000,0.8887564539909363
12013500,0.8605459928512573
12020000,0.34147220849990845
12025700,0.8511925935745239
12035000,0.8711395859718323
12040500,0.7613810896873474
12041200,0.7092790603637695
12048000,0.7433425784111023
12054000,0.6472865343093872
12056500,0.6928054094314575
12073500,0.6428861618041992
12082500,0.6955388784408569
12092000,0.6325342059135437
12114500,0.4491846561431885
12115000,0.6284289360046387
12117000,0.7642530798912048
12143600,0.7320905327796936
12144000,0.7200534343719482
12145500,0.880305826663971
12147500,0.7282136678695679
12167000,0.662911057472229
12175500,0.8316124677658081
12178100,0.8250020742416382
12186000,0.7375601530075073
12189500,0.7031103372573853
12375900,0.841022789478302
12377150,0.8857802152633667
12381400,0.8702589869499207
12383500,0.8369966745376587
12390700,0.828633725643158
12411000,0.48163819313049316
12447390,0.28843575716018677
12451000,0.8842970728874207
12488500,0.7147204875946045
13011500,0.9216859936714172
13011900,0.8808184862136841
13018300,0.6878067255020142
13023000,0.8570848703384399
13161500,0.9137719869613647
13235000,0.8634164929389954
13240000,0.8755785226821899
13313000,0.889445424079895
13331500,0.8345928192138672
14020000,0.6265342235565186
14096850,-0.060385942459106445
14137000,0.6153589487075806
14138800,0.612259566783905
14138870,0.7011040449142456
14138900,0.6670399904251099
14139800,0.7055416107177734
14141500,0.6777417659759521
14154500,0.7805977463722229
14158790,0.49358558654785156
14166500,0.8658554553985596
14182500,0.6907199621200562
14185000,0.748749315738678
14185900,0.7524093389511108
14187000,0.8429052829742432
14216500,0.5159724950790405
14222500,0.8099010586738586
14236200,0.8243216872215271
14301000,0.90480637550354
14303200,0.8225187659263611
14305500,0.8563202023506165
14306340,0.7727661728858948
14306500,0.8585754632949829
14308990,0.8756440281867981
14309500,0.6551789045333862
14316700,0.6356217861175537
14325000,0.5979956388473511
14362250,0.68031907081604
14400000,0.8559847474098206
##ARM G1_s300
01022500,0.7971545457839966
01031500,0.8011734485626221
01047000,0.7325526475906372
01052500,0.820142924785614
01054200,0.517961859703064
01055000,0.5526611804962158
01057000,0.6845911741256714
01073000,0.8350520730018616
01078000,0.6562964916229248
01123000,0.8055586218833923
01134500,0.7469158172607422
01137500,0.7717710137367249
01139000,0.6935198307037354
01139800,0.6714633703231812
01142500,0.7052422761917114
01144000,0.7732169032096863
01162500,0.8298417329788208
01169000,0.6996166706085205
01170100,0.6342086791992188
01181000,0.663802981376648
01187300,0.8090239763259888
01195100,0.7253437042236328
01333000,0.44322752952575684
01350000,0.6448928117752075
01350080,0.652137041091919
01350140,0.70466548204422
01365000,0.7820199131965637
01411300,0.628919243812561
01413500,0.6249063611030579
01414500,0.628353476524353
01415000,0.7328431606292725
01423000,0.6855576038360596
01434025,0.5776137709617615
01435000,0.7514690160751343
01439500,0.8205410838127136
01440000,0.792549729347229
01440400,0.741640031337738
01451800,0.7636083364486694
01466500,0.8554453253746033
01484100,0.7506591081619263
01487000,0.8474332690238953
01491000,0.8627315759658813
01510000,0.8035858273506165
01516500,0.6134925484657288
01518862,0.7156051397323608
01532000,0.7235288023948669
01539000,0.8413820862770081
01542810,0.8283637762069702
01543000,0.9002932906150818
01543500,0.9085147976875305
01544500,0.8872133493423462
01545600,0.8781313896179199
01547700,0.6985929608345032
01548500,0.8999168276786804
01549500,0.7087786793708801
01550000,0.8075758814811707
01552000,0.760169267654419
01552500,0.6596651077270508
01557500,0.8162170052528381
01567500,0.792708158493042
01568000,0.8785582780838013
01580000,0.6609985828399658
01583500,0.4569860100746155
01586610,0.6074730157852173
01591400,0.31007617712020874
01594950,0.7897240519523621
01596500,0.7993273735046387
01605500,0.7424067258834839
01606500,0.7543359398841858
01632000,0.5451950430870056
01632900,0.5848414897918701
01634500,0.4990606904029846
01638480,0.6375722885131836
01639500,0.7280741333961487
01644000,0.8048785924911499
01664000,0.8563677072525024
01666500,0.657387912273407
01667500,0.7407729625701904
01669000,0.8090744614601135
01669520,0.7928887009620667
02011400,0.8934192657470703
02013000,0.8206422924995422
02014000,0.8654044270515442
02015700,0.7818647623062134
02016000,0.8516623377799988
02017500,0.7508976459503174
02018000,0.8278550505638123
02027000,0.7287805080413818
02027500,0.6140613555908203
02028500,0.7318238019943237
02038850,0.6253950595855713
02046000,0.7631697654724121
02051500,0.7156515717506409
02053200,0.8133678436279297
02053800,0.8267009258270264
02055100,0.7171093225479126
02056900,0.7709851264953613
02059500,0.6685582399368286
02064000,0.8540184497833252
02065500,0.3136448860168457
02069700,0.6119821667671204
02070000,0.5894757509231567
02074500,0.5458530783653259
02077200,0.728341817855835
02081500,0.7590759992599487
02082950,0.8263196349143982
02092500,0.9299200177192688
02096846,0.6105544567108154
02102908,0.41986358165740967
02108000,0.8508411049842834
02111180,0.6272403001785278
02111500,0.6295729875564575
02112120,0.600520133972168
02112360,0.7356131672859192
02118500,0.585148811340332
02125000,0.9076458215713501
02128000,0.7378293871879578
02137727,0.708599328994751
02140991,0.6861408352851868
02143000,0.7541544437408447
02143040,0.6011002063751221
02149000,0.6599681973457336
02152100,0.6774152517318726
02177000,0.7959611415863037
02178400,0.6983310580253601
02193340,0.8851808309555054
02196000,0.8926767110824585
02198100,0.5969400405883789
02202600,0.8214242458343506
02212600,0.7206772565841675
02215100,0.6603304743766785
02216180,0.7291626930236816
02221525,0.6722977161407471
02231000,0.870349645614624
02245500,0.5545839071273804
02246000,0.8816109895706177
02296500,0.7019426822662354
02297155,-6.668090343475342
02297310,-0.49314045906066895
02298123,0.8063203692436218
02298608,0.40072059631347656
02299950,0.5080263018608093
02300700,0.1311700940132141
02342933,0.4727516770362854
02349900,0.16001003980636597
02350900,0.8797890543937683
02361000,0.6324652433395386
02363000,0.768376350402832
02369800,0.6998854875564575
02371500,0.6232868432998657
02372250,-0.0689849853515625
02374500,0.4426654577255249
02381600,0.12055093050003052
02384540,0.6309378147125244
02395120,0.024537742137908936
02415000,0.6627804040908813
02427250,0.6787639260292053
02430085,0.7015233039855957
02450250,0.04939746856689453
02464000,0.7192961573600769
02464360,0.6348326206207275
02465493,-0.0665968656539917
02469800,0.6742579936981201
02472000,0.8435256481170654
02472500,0.6740542650222778
02479155,0.5894728899002075
02479300,0.7541587948799133
02479560,0.5732114911079407
02481000,0.6470779180526733
02481510,0.7238060235977173
03010655,0.860705554485321
03011800,0.8113417625427246
03015500,0.8427640795707703
03021350,0.7607590556144714
03026500,0.8798679709434509
03028000,0.8748936653137207
03049000,0.8711726665496826
03049800,0.5009578466415405
03050000,0.8574031591415405
03069500,0.8929997682571411
03070500,0.7713758945465088
03076600,0.7206432819366455
03078000,0.8319535255432129
03140000,0.7747429609298706
03144000,0.8424402475357056
03170000,0.8080676198005676
03173000,0.837233304977417
03180500,0.8445592522621155
03182500,0.8251330852508545
03186500,0.8479821681976318
03237280,0.5927562713623047
03237500,0.6682116985321045
03238500,0.47689640522003174
03241500,0.8215628266334534
03280700,0.6779444217681885
03281500,0.8257295489311218
03285000,0.5040123462677002
03291780,0.6122443675994873
03338780,0.5971378087997437
03340800,0.8425067663192749
03346000,0.7547881603240967
03364500,0.7726007103919983
03366500,0.5996671915054321
03368000,0.722469687461853
03384450,0.6959061622619629
03439000,0.6320405006408691
03455500,0.47880905866622925
03456500,0.5450323820114136
03460000,0.7897400856018066
03463300,0.6612230539321899
03471500,0.7704968452453613
03473000,0.8010064363479614
03479000,0.5421302318572998
03488000,0.7700552344322205
03498500,0.8410295248031616
03500000,0.7911548614501953
03500240,0.5727163553237915
03504000,0.7100498676300049
03574500,0.6923607587814331
03592718,0.5258055925369263
03604000,0.811813473701477
04015330,0.7056994438171387
04024430,0.6416316032409668
04027000,0.8668237328529358
04040500,0.8271450400352478
04043050,0.8036416172981262
04045500,0.7054669857025146
04057510,0.6686452031135559
04057800,0.6898280382156372
04059500,0.8795759081840515
04063700,0.7277108430862427
04074950,0.6582640409469604
04105700,0.5404689311981201
04115265,0.6557390689849854
04122200,0.8010217547416687
04122500,0.7455894947052002
04127918,0.6264902353286743
04127997,0.7859761714935303
04161580,0.68815016746521
04185000,0.634873628616333
04196800,0.48044300079345703
04197100,0.7032300233840942
04197170,0.7733943462371826
04213000,0.6764692664146423
04213075,0.4949887990951538
04216418,0.6338635683059692
04221000,0.8648451566696167
04224775,0.8007087707519531
04233000,0.7965098023414612
04256000,0.8332686424255371
04296000,0.752418041229248
05057200,0.3089631199836731
05120500,-16.858661651611328
05291000,0.4538777470588684
05362000,0.7395855188369751
05393500,0.8334760665893555
05399500,0.5914382934570312
05408000,0.6873205900192261
05413500,0.8279834985733032
05414000,0.5826818943023682
05444000,0.5112025737762451
05454000,0.5708901882171631
05458000,0.765874445438385
05466500,0.4380558729171753
05487980,0.6651283502578735
05488200,0.601028323173523
05489000,0.6864157915115356
05495000,0.7279232144355774
05495500,0.4575822949409485
05501000,0.7879552841186523
05503800,0.8081063032150269
05507600,0.797329306602478
05508805,0.8624385595321655
05525500,0.8290666341781616
05556500,0.6873403191566467
05584500,-0.13787078857421875
05591550,0.7571443319320679
05592050,0.6560364961624146
05592575,0.7825003862380981
05593575,0.7276870012283325
05593900,0.7376744747161865
05595730,0.7657919526100159
06221400,0.8895596265792847
06224000,0.9377788305282593
06278300,0.816161572933197
06280300,0.8865483999252319
06289000,0.6829906702041626
06291500,0.8045204281806946
06311000,0.6725074052810669
06332515,0.26936256885528564
06339100,0.5733909010887146
06344600,0.506310224533081
06350000,-0.04038524627685547
06352000,0.03807997703552246
06404000,0.5189191699028015
06406000,0.09193664789199829
06409000,-1.6955559253692627
06431500,0.44883155822753906
06440200,0.5278494358062744
06447500,0.3979310989379883
06470800,0.7529067993164062
06477500,0.043609440326690674
06479215,0.21809959411621094
06601000,0.5152422189712524
06614800,0.8688362836837769
06622700,0.7456580996513367
06623800,0.8766342401504517
06632400,0.8366419672966003
06746095,0.7552344799041748
06803510,0.6517140865325928
06803530,0.6920636892318726
06814000,0.7080039978027344
06847900,0.09088855981826782
06853800,0.16951674222946167
06876700,0.41664350032806396
06878000,0.6203840970993042
06879650,0.4161127805709839
06885500,0.6928838491439819
06888500,0.7911331057548523
06889200,0.733445942401886
06889500,0.8657727241516113
06892000,0.781459391117096
06903400,0.5443358421325684
06906800,0.8258926272392273
06910800,0.8636223673820496
06911900,0.8130137324333191
06917000,0.7509020566940308
06918460,-0.022928953170776367
06919500,0.7364375591278076
06921070,0.6529854536056519
06921200,0.7056230306625366
07057500,0.8187004327774048
07060710,0.6780531406402588
07066000,0.7460591793060303
07083000,0.8844297528266907
07142300,0.198417067527771
07145700,0.6810178756713867
07167500,0.660662055015564
07180500,0.7760177850723267
07184000,0.655480146408081
07195800,0.5166245698928833
07196900,0.7290128469467163
07197000,0.8594205975532532
07208500,0.4599348306655884
07261000,0.896713376045227
07263295,0.6767308712005615
07291000,0.5908496379852295
07299670,0.3805432915687561
07301410,0.06471031904220581
07315200,0.282687246799469
07315700,0.6700354814529419
07335700,0.5544028282165527
07340300,0.8041711449623108
07346045,0.7544083595275879
07359610,0.7246497869491577
07362100,0.7375248670578003
07362587,0.4060707092285156
07375000,0.41344767808914185
08013000,0.8550147414207458
08014500,0.6933705806732178
08023080,0.6122051477432251
08050800,0.33160942792892456
08066200,0.6965951323509216
08066300,0.48379451036453247
08070000,0.6084226369857788
08070200,0.6930395364761353
08082700,0.14758563041687012
08086212,0.5122390985488892
08086290,0.6338529586791992
08101000,0.4605342149734497
08103900,0.4115762710571289
08104900,0.5003888010978699
08109700,0.40514570474624634
08150800,-2.026747226715088
08158700,0.5400965809822083
08158810,0.41947251558303833
08164300,0.4728109836578369
08164600,0.6084761619567871
08165300,-14.708720207214355
08171300,0.4641835689544678
08175000,0.514346182346344
08176900,0.1502189040184021
08178880,0.25847357511520386
08189500,0.4721270203590393
08190000,-0.17465412616729736
08190500,0.06669747829437256
08194200,0.1517012119293213
08195000,0.24980807304382324
08196000,0.25916212797164917
08198500,0.1473405957221985
08200000,0.2473413348197937
08202700,0.08628720045089722
08267500,0.0183413028717041
08269000,0.04651612043380737
08271000,0.37702083587646484
08324000,0.5932246446609497
08377900,0.78290194272995
08378500,0.7738891839981079
08380500,0.5232135057449341
09035800,0.8935459852218628
09035900,0.9327210783958435
09047700,0.9369465708732605
09065500,0.962594211101532
09066000,0.9620543718338013
09066200,0.8491373658180237
09066300,0.9424650073051453
09081600,0.9476348757743835
09107000,0.9334900379180908
09210500,0.7429168224334717
09223000,0.9289132356643677
09306242,0.44426441192626953
09312600,0.849082350730896
09352900,0.7040717601776123
09378170,-0.23897206783294678
09386900,0.0654492974281311
09404450,0.78207927942276
09430600,0.10613954067230225
09447800,-1.0357205867767334
09484600,0.14198124408721924
09492400,0.5137081146240234
09494000,0.42525631189346313
09497980,0.3841111660003662
09505350,-0.1733931303024292
09505800,-0.7363764047622681
09508300,0.321649432182312
09510200,0.5300901532173157
09512280,0.38869738578796387
09513780,0.18328797817230225
10234500,0.7057287096977234
10244950,-0.11075270175933838
10259000,0.27694904804229736
10336645,0.8469475507736206
10336660,0.8192577362060547
10343500,0.6005579233169556
11124500,0.7096608877182007
11141280,0.38450098037719727
11143000,0.7340917587280273
11148900,0.5912616848945618
11151300,0.1235421895980835
11176400,0.5265946388244629
11230500,0.8458211421966553
11237500,0.6120682954788208
11264500,0.8941418528556824
11266500,0.9043816924095154
11284400,0.48302286863327026
11381500,0.49524742364883423
11451100,0.6448994874954224
11468500,0.9109565019607544
11473900,0.7984787225723267
11475560,0.6563752889633179
11476600,0.757806122303009
11478500,0.5131223797798157
11480390,0.6701620817184448
11481200,0.7999272346496582
11482500,0.8355838060379028
11522500,0.7380088567733765
11523200,0.5925478935241699
11528700,0.7953485250473022
11532500,0.8963273763656616
12010000,0.8840755820274353
12013500,0.8593571186065674
12020000,0.3221072554588318
12025700,0.8326321840286255
12035000,0.846503734588623
12040500,0.75040203332901
12041200,0.7241529226303101
12048000,0.7653814554214478
12054000,0.7611240744590759
12056500,0.73306804895401
12073500,0.8603963851928711
12082500,0.7654229998588562
12092000,0.6714308261871338
12114500,0.4595615267753601
12115000,0.6079373359680176
12117000,0.740584135055542
12143600,0.7712574005126953
12144000,0.7779734134674072
12145500,0.904818594455719
12147500,0.7261422276496887
12167000,0.6025418639183044
12175500,0.8521631360054016
12178100,0.7830784916877747
12186000,0.7115994691848755
12189500,0.7191132307052612
12375900,0.8376845121383667
12377150,0.8993743062019348
12381400,0.9117771983146667
12383500,0.8735789656639099
12390700,0.803329348564148
12411000,0.5208901762962341
12447390,0.3383886218070984
12451000,0.9048634767532349
12488500,0.6737335324287415
13011500,0.9222316741943359
13011900,0.8845447897911072
13018300,0.579765260219574
13023000,0.9323886036872864
13161500,0.7807489633560181
13235000,0.8859937191009521
13240000,0.8746660351753235
13313000,0.8709167838096619
13331500,0.8628959655761719
14020000,0.45829373598098755
14096850,0.009621620178222656
14137000,0.7221546173095703
14138800,0.6273596286773682
14138870,0.7646421790122986
14138900,0.7040719985961914
14139800,0.7168968915939331
14141500,0.7710176706314087
14154500,0.8385148048400879
14158790,0.5610474348068237
14166500,0.8935721516609192
14182500,0.6790131330490112
14185000,0.7718115448951721
14185900,0.7732664346694946
14187000,0.8755117654800415
14216500,0.3351258635520935
14222500,0.8668267726898193
14236200,0.8213306069374084
14301000,0.8959750533103943
14303200,0.7736265063285828
14305500,0.8620676398277283
14306340,0.8106540441513062
14306500,0.8868709206581116
14308990,0.8990126252174377
14309500,0.7087080478668213
14316700,0.778698205947876
14325000,0.6440011858940125
14362250,0.16489559412002563
14400000,0.8452814817428589
##ARM G1_s400
01022500,0.7725710272789001
01031500,0.7338525056838989
01047000,0.7938678860664368
01052500,0.8495886921882629
01054200,0.5153406858444214
01055000,0.6452542543411255
01057000,0.5531790256500244
01073000,0.8239797353744507
01078000,0.6301853656768799
01123000,0.7729021310806274
01134500,0.8163378238677979
01137500,0.7636945843696594
01139000,0.7385060787200928
01139800,0.5483167171478271
01142500,0.6169781684875488
01144000,0.7026619911193848
01162500,0.7426974773406982
01169000,0.6111365556716919
01170100,0.6970555782318115
01181000,0.6219883561134338
01187300,0.7519704103469849
01195100,0.6539373397827148
01333000,0.3975302577018738
01350000,0.4949856996536255
01350080,0.6611278057098389
01350140,0.64066481590271
01365000,0.7677922248840332
01411300,0.7214299440383911
01413500,0.633234977722168
01414500,0.503391683101654
01415000,0.7064645290374756
01423000,0.6934678554534912
01434025,0.6257349848747253
01435000,0.7439895868301392
01439500,0.7721330523490906
01440000,0.8094151020050049
01440400,0.6708472371101379
01451800,0.7438380718231201
01466500,0.780167818069458
01484100,0.7911441326141357
01487000,0.8745242953300476
01491000,0.9010913372039795
01510000,0.8077151775360107
01516500,0.6499183177947998
01518862,0.702700674533844
01532000,0.7194746732711792
01539000,0.8068258762359619
01542810,0.819713830947876
01543000,0.9041794538497925
01543500,0.9371957778930664
01544500,0.8617892861366272
01545600,0.85515958070755
01547700,0.6456454992294312
01548500,0.9253125190734863
01549500,0.7001640200614929
01550000,0.7945687770843506
01552000,0.7561700940132141
01552500,0.6516663432121277
01557500,0.8136835098266602
01567500,0.7944361567497253
01568000,0.8187315464019775
01580000,0.580588698387146
01583500,0.4333645701408386
01586610,0.6496472358703613
01591400,0.2662433981895447
01594950,0.6968957185745239
01596500,0.8075433969497681
01605500,0.6660414338111877
01606500,0.7514975070953369
01632000,0.5265014171600342
01632900,0.6478352546691895
01634500,0.6868182420730591
01638480,0.5563722252845764
01639500,0.6452702879905701
01644000,0.854468822479248
01664000,0.8116528391838074
01666500,0.714763879776001
01667500,0.746780276298523
01669000,0.8600342273712158
01669520,0.7288444638252258
02011400,0.8680640459060669
02013000,0.8093489408493042
02014000,0.8375605940818787
02015700,0.7456410527229309
02016000,0.8080518245697021
02017500,0.7113955020904541
02018000,0.8156540989875793
02027000,0.696029007434845
02027500,0.6024307012557983
02028500,0.6913929581642151
02038850,0.7332857847213745
02046000,0.7646385431289673
02051500,0.7600435018539429
02053200,0.8031253218650818
02053800,0.8423184156417847
02055100,0.6559238433837891
02056900,0.7775377631187439
02059500,0.7717208862304688
02064000,0.8315687775611877
02065500,0.26458507776260376
02069700,0.6248457431793213
02070000,0.5750799179077148
02074500,0.593826413154602
02077200,0.7620022296905518
02081500,0.7135997414588928
02082950,0.835711658000946
02092500,0.822067141532898
02096846,0.6270729899406433
02102908,0.4557352662086487
02108000,0.7426011562347412
02111180,0.7271407842636108
02111500,0.6134670376777649
02112120,0.5407633781433105
02112360,0.7160627841949463
02118500,0.5822210311889648
02125000,0.7891174554824829
02128000,0.8638936877250671
02137727,0.5914568901062012
02140991,0.7399770021438599
02143000,0.7122167944908142
02143040,0.5846179723739624
02149000,0.6057846546173096
02152100,0.6586244106292725
02177000,0.7257386445999146
02178400,0.7092726230621338
02193340,0.8559625744819641
02196000,0.894206702709198
02198100,0.5575189590454102
02202600,0.8199439644813538
02212600,0.6787770986557007
02215100,0.30104678869247437
02216180,0.6223666667938232
02221525,0.7246783971786499
02231000,0.8200750946998596
02245500,0.7087783217430115
02246000,0.7605857253074646
02296500,0.6733073592185974
02297155,-5.996776103973389
02297310,0.3785296082496643
02298123,0.9031248092651367
02298608,0.3629778027534485
02299950,0.4582507014274597
02300700,0.12820792198181152
02342933,0.42597734928131104
02349900,0.18317890167236328
02350900,0.8551077842712402
02361000,0.7566534876823425
02363000,0.8021297454833984
02369800,0.6573392152786255
02371500,0.5777451992034912
02372250,0.34576016664505005
02374500,0.5780863761901855
02381600,0.3204689621925354
02384540,0.6466743350028992
02395120,0.4730478525161743
02415000,0.732331395149231
02427250,0.6486239433288574
02430085,0.7236355543136597
02450250,0.5875217914581299
02464000,0.6684858798980713
02464360,0.5936742424964905
02465493,0.46064019203186035
02469800,0.69267338514328
02472000,0.8215146660804749
02472500,0.7296503782272339
02479155,0.4680655598640442
02479300,0.7989286184310913
02479560,0.6017898917198181
02481000,0.5881121158599854
02481510,0.7230452299118042
03010655,0.8032307624816895
03011800,0.7931621074676514
03015500,0.793337345123291
03021350,0.7017553448677063
03026500,0.8596087098121643
03028000,0.8740881085395813
03049000,0.8068190813064575
03049800,0.600945234298706
03050000,0.8272784948348999
03069500,0.8990830779075623
03070500,0.7355549931526184
03076600,0.7502360939979553
03078000,0.7983198165893555
03140000,0.8000493049621582
03144000,0.8266935348510742
03170000,0.8219025731086731
03173000,0.9029452800750732
03180500,0.7667008638381958
03182500,0.8447161912918091
03186500,0.8690183162689209
03237280,0.4728284478187561
03237500,0.5881036520004272
03238500,0.24997848272323608
03241500,0.8625911474227905
03280700,0.7007218599319458
03281500,0.7920934557914734
03285000,0.7093130350112915
03291780,0.6645859479904175
03338780,0.5784043073654175
03340800,0.8675124645233154
03346000,0.821898341178894
03364500,0.63116455078125
03366500,0.5879709720611572
03368000,0.7820189595222473
03384450,0.7031993865966797
03439000,0.7032844424247742
03455500,0.4606668949127197
03456500,0.5926797389984131
03460000,0.7462646961212158
03463300,0.5818686485290527
03471500,0.6074000597000122
03473000,0.7204707860946655
03479000,0.5844146013259888
03488000,0.8423892259597778
03498500,0.799922525882721
03500000,0.8238247036933899
03500240,0.6519474387168884
03504000,0.7341004610061646
03574500,0.6943293213844299
03592718,0.668846607208252
03604000,0.8761887550354004
04015330,0.7277224659919739
04024430,0.5169327259063721
04027000,0.7996309399604797
04040500,0.8904615640640259
04043050,0.9026802778244019
04045500,0.5734827518463135
04057510,0.7674285173416138
04057800,0.7802375555038452
04059500,0.7399449348449707
04063700,0.5007213354110718
04074950,0.7687565088272095
04105700,0.17918646335601807
04115265,0.6932989358901978
04122200,0.8357669711112976
04122500,0.6870794296264648
04127918,0.637124240398407
04127997,0.794964075088501
04161580,0.7284719944000244
04185000,0.7767495512962341
04196800,0.7732341289520264
04197100,0.5989670753479004
04197170,0.8102407455444336
04213000,0.7336784601211548
04213075,0.445891797542572
04216418,0.7228567600250244
04221000,0.8241971731185913
04224775,0.7786426544189453
04233000,0.7778962850570679
04256000,0.7803329229354858
04296000,0.689093828201294
05057200,0.5085646510124207
05120500,-21.534027099609375
05291000,0.36828964948654175
05362000,0.6635876893997192
05393500,0.6829334497451782
05399500,0.6504448652267456
05408000,0.7346770167350769
05413500,0.7735558152198792
05414000,0.46975135803222656
05444000,0.5355163812637329
05454000,0.5364751815795898
05458000,0.7617146968841553
05466500,0.5238456726074219
05487980,0.7275741696357727
05488200,0.6840212345123291
05489000,0.6712367534637451
05495000,0.6941412687301636
05495500,0.498276948928833
05501000,0.7250888347625732
05503800,0.7145763635635376
05507600,0.841221809387207
05508805,0.8479482531547546
05525500,0.8281064033508301
05556500,0.7726010680198669
05584500,0.38013559579849243
05591550,0.794416069984436
05592050,0.6160147190093994
05592575,0.7501502633094788
05593575,0.6709241271018982
05593900,0.7545433044433594
05595730,0.7901031970977783
06221400,0.9249610304832458
06224000,0.9466996192932129
06278300,0.7696434855461121
06280300,0.7647252678871155
06289000,0.47601962089538574
06291500,0.7595974802970886
06311000,0.6523812413215637
06332515,0.6231908798217773
06339100,0.5549883842468262
06344600,-2.766450881958008
06350000,-0.04619026184082031
06352000,0.06841647624969482
06404000,0.4243045449256897
06406000,0.09590572118759155
06409000,0.015664339065551758
06431500,0.44389110803604126
06440200,0.5433136224746704
06447500,0.21765881776809692
06470800,0.8480158448219299
06477500,-0.3119093179702759
06479215,0.37149667739868164
06601000,0.22270184755325317
06614800,0.8346291780471802
06622700,0.8687225580215454
06623800,0.902956485748291
06632400,0.8393760919570923
06746095,0.7110088467597961
06803510,0.635679304599762
06803530,0.6831159591674805
06814000,0.7094258666038513
06847900,0.07808667421340942
06853800,0.1959766149520874
06876700,0.3875805735588074
06878000,0.6334092020988464
06879650,0.39369672536849976
06885500,0.7473574876785278
06888500,0.6145756244659424
06889200,0.7489984035491943
06889500,0.7402172088623047
06892000,0.8132739067077637
06903400,0.6346176862716675
06906800,0.7711919546127319
06910800,0.7059485912322998
06911900,0.7985146045684814
06917000,0.6632863283157349
06918460,-0.0006804466247558594
06919500,0.7952132225036621
06921070,0.6398805379867554
06921200,0.694462776184082
07057500,0.9256021976470947
07060710,0.6516019701957703
07066000,0.8159030675888062
07083000,0.9208847284317017
07142300,0.4753861427307129
07145700,0.7319114804267883
07167500,0.7159508466720581
07180500,0.7077416181564331
07184000,0.6624327301979065
07195800,-0.23105156421661377
07196900,0.7069450616836548
07197000,0.8675807118415833
07208500,0.5678077936172485
07261000,0.9109022617340088
07263295,0.5524654984474182
07291000,0.714005708694458
07299670,0.49081146717071533
07301410,0.06648045778274536
07315200,0.285979688167572
07315700,0.556549608707428
07335700,0.6090743541717529
07340300,0.7234295606613159
07346045,0.6704003810882568
07359610,0.7955396771430969
07362100,0.64151930809021
07362587,0.44030481576919556
07375000,0.5898418426513672
08013000,0.8391244411468506
08014500,0.4446423649787903
08023080,0.6703561544418335
08050800,0.4602474570274353
08066200,0.7621328830718994
08066300,0.7053142786026001
08070000,0.6365346908569336
08070200,0.6673442125320435
08082700,0.13020765781402588
08086212,0.48112422227859497
08086290,0.5678281188011169
08101000,0.5395864844322205
08103900,0.34940552711486816
08104900,0.5782957673072815
08109700,0.49451857805252075
08150800,-3.7197494506835938
08158700,0.3010794520378113
08158810,0.5937297344207764
08164300,0.6045588254928589
08164600,0.543440580368042
08165300,-30.346845626831055
08171300,0.43416064977645874
08175000,0.3420361876487732
08176900,0.16470074653625488
08178880,0.028743982315063477
08189500,0.5944303274154663
08190000,-0.99933922290802
08190500,-0.31335651874542236
08194200,-0.2464061975479126
08195000,0.007112324237823486
08196000,0.10859966278076172
08198500,0.08844506740570068
08200000,0.35428446531295776
08202700,0.04378277063369751
08267500,0.15751123428344727
08269000,0.25987982749938965
08271000,0.5605232119560242
08324000,0.552645742893219
08377900,0.7968415021896362
08378500,0.8173511028289795
08380500,0.2624140977859497
09035800,0.7799590229988098
09035900,0.9660806655883789
09047700,0.8519622087478638
09065500,0.910717248916626
09066000,0.9544883370399475
09066200,0.8838627338409424
09066300,0.9570650458335876
09081600,0.9492273330688477
09107000,0.9053589105606079
09210500,0.7301726937294006
09223000,0.7743463516235352
09306242,0.3947330713272095
09312600,0.576366662979126
09352900,0.7053496241569519
09378170,0.7321183085441589
09386900,0.12013864517211914
09404450,0.5478481650352478
09430600,0.07442086935043335
09447800,-0.31704437732696533
09484600,0.17206424474716187
09492400,0.6430187225341797
09494000,0.3806760907173157
09497980,0.5023171901702881
09505350,0.3568086624145508
09505800,-0.6722326278686523
09508300,0.3716033101081848
09510200,0.5825093984603882
09512280,0.360939621925354
09513780,-0.15237438678741455
10234500,0.5051819086074829
10244950,-0.985175609588623
10259000,0.5098065733909607
10336645,0.8781304359436035
10336660,0.7784478664398193
10343500,0.6335530877113342
11124500,0.6042441725730896
11141280,0.40619510412216187
11143000,0.6269063949584961
11148900,0.4909454584121704
11151300,0.2700660824775696
11176400,0.46069449186325073
11230500,0.4944785237312317
11237500,0.7063475847244263
11264500,0.9220966696739197
11266500,0.9356023669242859
11284400,0.4117026925086975
11381500,0.5534660816192627
11451100,0.693719744682312
11468500,0.8955280184745789
11473900,0.696245551109314
11475560,0.691580057144165
11476600,0.8327130079269409
11478500,0.529273509979248
11480390,0.38965898752212524
11481200,0.8250405788421631
11482500,0.7139650583267212
11522500,0.8091391921043396
11523200,0.545059323310852
11528700,0.6381055116653442
11532500,0.8929888010025024
12010000,0.8962680697441101
12013500,0.8851187825202942
12020000,0.36284351348876953
12025700,0.8430306911468506
12035000,0.8833497762680054
12040500,0.7296324968338013
12041200,0.6829627752304077
12048000,0.6265285015106201
12054000,0.6143115758895874
12056500,0.667211651802063
12073500,0.7255330681800842
12082500,0.7101621627807617
12092000,0.7190433740615845
12114500,0.43528008460998535
12115000,0.6088666915893555
12117000,0.7758510112762451
12143600,0.7672328948974609
12144000,0.7585163712501526
12145500,0.8990199565887451
12147500,0.7167187929153442
12167000,0.5885796546936035
12175500,0.7600186467170715
12178100,0.823188066482544
12186000,0.7632930278778076
12189500,0.7245646715164185
12375900,0.7581838369369507
12377150,0.7240117788314819
12381400,0.8119131326675415
12383500,0.7307027578353882
12390700,0.710146427154541
12411000,0.3603346347808838
12447390,0.582098126411438
12451000,0.9133936166763306
12488500,0.6610550284385681
13011500,0.8333879113197327
13011900,0.8343857526779175
13018300,0.4881531000137329
13023000,0.8918908834457397
13161500,0.8311986923217773
13235000,0.854983925819397
13240000,0.914139986038208
13313000,0.8510496020317078
13331500,0.7865763902664185
14020000,0.7087567448616028
14096850,0.13626205921173096
14137000,0.6640974283218384
14138800,0.6254767179489136
14138870,0.6927556991577148
14138900,0.6599289178848267
14139800,0.6944901943206787
14141500,0.6999000310897827
14154500,0.8140413761138916
14158790,0.49450767040252686
14166500,0.8689308166503906
14182500,0.6784564852714539
14185000,0.7130352258682251
14185900,0.7055902481079102
14187000,0.834321141242981
14216500,0.3370451331138611
14222500,0.7409307956695557
14236200,0.8289492726325989
14301000,0.7878809571266174
14303200,0.7956023216247559
14305500,0.8592509031295776
14306340,0.8121786117553711
14306500,0.8632847666740417
14308990,0.9027306437492371
14309500,0.6626389026641846
14316700,0.699618935585022
14325000,0.5622755289077759
14362250,0.6355106830596924
14400000,0.8271194696426392
##ARM G1_s500
01022500,0.7878913283348083
01031500,0.8232888579368591
01047000,0.6878405213356018
01052500,0.8174626231193542
01054200,0.4851189851760864
01055000,0.434967041015625
01057000,0.6442524194717407
01073000,0.8087351322174072
01078000,0.7069423198699951
01123000,0.7979394793510437
01134500,0.6972285509109497
01137500,0.7501695156097412
01139000,0.6710052490234375
01139800,0.6276019811630249
01142500,0.662778377532959
01144000,0.8239398002624512
01162500,0.7191658616065979
01169000,0.5735988616943359
01170100,0.6336290240287781
01181000,0.6371569633483887
01187300,0.7986258268356323
01195100,0.7240219116210938
01333000,0.3983863592147827
01350000,0.6783304214477539
01350080,0.7040691375732422
01350140,0.6882530450820923
01365000,0.7950403690338135
01411300,0.7995514273643494
01413500,0.7293097972869873
01414500,0.6636670827865601
01415000,0.6789500713348389
01423000,0.7784708738327026
01434025,0.6493478417396545
01435000,0.7419320344924927
01439500,0.7906166315078735
01440000,0.76432204246521
01440400,0.7126353979110718
01451800,0.7539516091346741
01466500,0.7663838863372803
01484100,0.6924854516983032
01487000,0.8448458909988403
01491000,0.8621811866760254
01510000,0.820381760597229
01516500,0.6351364850997925
01518862,0.7497268915176392
01532000,0.7663315534591675
01539000,0.7934110164642334
01542810,0.8469705581665039
01543000,0.8866603374481201
01543500,0.8920763731002808
01544500,0.8456461429595947
01545600,0.8266779184341431
01547700,0.7413373589515686
01548500,0.9059058427810669
01549500,0.7085909247398376
01550000,0.8152105808258057
01552000,0.8440511226654053
01552500,0.6793311238288879
01557500,0.8240792155265808
01567500,0.765890896320343
01568000,0.8204143047332764
01580000,0.6482686996459961
01583500,0.45575588941574097
01586610,0.5646003484725952
01591400,0.19854724407196045
01594950,0.7420403957366943
01596500,0.8002051711082458
01605500,0.6428264379501343
01606500,0.7963354587554932
01632000,0.5215421915054321
01632900,0.7268493175506592
01634500,0.6862132549285889
01638480,0.7533218860626221
01639500,0.6811582446098328
01644000,0.8728886246681213
01664000,0.8504667282104492
01666500,0.6240661144256592
01667500,0.7547779679298401
01669000,0.8579905033111572
01669520,0.8328105807304382
02011400,0.8430930376052856
02013000,0.8231667876243591
02014000,0.8586150407791138
02015700,0.7613648176193237
02016000,0.8414474725723267
02017500,0.6932215094566345
02018000,0.8247621655464172
02027000,0.6469180583953857
02027500,0.44574087858200073
02028500,0.7259804606437683
02038850,0.7087988257408142
02046000,0.7004029750823975
02051500,0.7603384256362915
02053200,0.857277512550354
02053800,0.7955722212791443
02055100,0.6822559833526611
02056900,0.7260341644287109
02059500,0.7291060090065002
02064000,0.5383131504058838
02065500,0.29428261518478394
02069700,0.6158649325370789
02070000,0.5861444473266602
02074500,0.5253129601478577
02077200,0.6944282054901123
02081500,0.6898530721664429
02082950,0.8305149078369141
02092500,0.937739372253418
02096846,0.3559485077857971
02102908,0.6152529716491699
02108000,0.8379073143005371
02111180,0.6116355657577515
02111500,0.6149059534072876
02112120,0.5452945232391357
02112360,0.6650900840759277
02118500,0.5536289215087891
02125000,0.8810988068580627
02128000,0.704764187335968
02137727,0.56892991065979
02140991,0.7115066051483154
02143000,0.692245364189148
02143040,0.5469251871109009
02149000,0.5567798614501953
02152100,0.6492030620574951
02177000,0.7570472955703735
02178400,0.6726827025413513
02193340,0.7596640586853027
02196000,0.8464080691337585
02198100,0.36443644762039185
02202600,0.909506618976593
02212600,0.7543352842330933
02215100,0.7212382555007935
02216180,0.7215381860733032
02221525,0.5150827169418335
02231000,0.9586478471755981
02245500,0.3478260636329651
02246000,0.8278379440307617
02296500,0.49356919527053833
02297155,-3.8555092811584473
02297310,-0.5696176290512085
02298123,0.7594210505485535
02298608,0.4057079553604126
02299950,0.5561376810073853
02300700,0.14215075969696045
02342933,0.47699207067489624
02349900,0.6741150617599487
02350900,0.8568036556243896
02361000,0.5967782735824585
02363000,0.8186191320419312
02369800,0.7551041841506958
02371500,0.4490317106246948
02372250,-0.01907515525817871
02374500,0.48727351427078247
02381600,0.29383939504623413
02384540,0.5835546255111694
02395120,0.3431934714317322
02415000,0.6909250020980835
02427250,0.6689075231552124
02430085,0.7049566507339478
02450250,0.666927695274353
02464000,0.6139878630638123
02464360,0.6476490497589111
02465493,0.19111686944961548
02469800,0.7733845710754395
02472000,0.8728747963905334
02472500,0.6533334255218506
02479155,0.523039698600769
02479300,0.8015390038490295
02479560,0.6731688976287842
02481000,0.6579853296279907
02481510,0.7745155096054077
03010655,0.8233696222305298
03011800,0.7945858240127563
03015500,0.825187623500824
03021350,0.747474193572998
03026500,0.8484982252120972
03028000,0.834463357925415
03049000,0.8419537544250488
03049800,0.5850037932395935
03050000,0.8898820877075195
03069500,0.9157450199127197
03070500,0.805495023727417
03076600,0.74265456199646
03078000,0.8204209804534912
03140000,0.801787257194519
03144000,0.8750577569007874
03170000,0.7854233980178833
03173000,0.8275479674339294
03180500,0.8313658833503723
03182500,0.8964690566062927
03186500,0.8226069211959839
03237280,0.5411169528961182
03237500,0.6459861993789673
03238500,0.5984780788421631
03241500,0.8574306964874268
03280700,0.737382173538208
03281500,0.8530758023262024
03285000,0.6478666663169861
03291780,0.5294511318206787
03338780,0.6151583194732666
03340800,0.875536322593689
03346000,0.7881124019622803
03364500,0.6943024396896362
03366500,0.578223466873169
03368000,0.7625221014022827
03384450,0.7356446385383606
03439000,0.6534613370895386
03455500,0.3392249345779419
03456500,0.4961789846420288
03460000,0.7055259943008423
03463300,0.5617610216140747
03471500,0.7667993903160095
03473000,0.7771976590156555
03479000,0.5596541166305542
03488000,0.7137474417686462
03498500,0.8365713953971863
03500000,0.8199894428253174
03500240,0.7235413789749146
03504000,0.7051557302474976
03574500,0.7125672698020935
03592718,0.6438129544258118
03604000,0.8056550621986389
04015330,0.7111087441444397
04024430,0.5876832604408264
04027000,0.8110255002975464
04040500,0.6809731721878052
04043050,0.9056916832923889
04045500,0.8669589757919312
04057510,0.7581878900527954
04057800,0.3290119767189026
04059500,0.7944087982177734
04063700,0.701623797416687
04074950,0.7388859987258911
04105700,-0.838009238243103
04115265,0.7231963276863098
04122200,0.8455744981765747
04122500,0.6840136051177979
04127918,0.5933774709701538
04127997,0.786756694316864
04161580,0.6295119524002075
04185000,0.819582462310791
04196800,0.7251340746879578
04197100,0.6445094347000122
04197170,0.8200628161430359
04213000,0.7405678629875183
04213075,0.48504310846328735
04216418,0.7011373043060303
04221000,0.8134055137634277
04224775,0.7690255641937256
04233000,0.7514437437057495
04256000,0.7595169544219971
04296000,0.7174656391143799
05057200,0.08273762464523315
05120500,-41.522186279296875
05291000,0.33643394708633423
05362000,0.8151580095291138
05393500,0.7586402297019958
05399500,0.6463121771812439
05408000,0.8334486484527588
05413500,0.8423584699630737
05414000,0.6584482192993164
05444000,0.4942079782485962
05454000,0.6206604242324829
05458000,0.7155455946922302
05466500,0.2682453989982605
05487980,0.7311444878578186
05488200,0.6713579893112183
05489000,0.6136046648025513
05495000,0.6770877838134766
05495500,0.6270617246627808
05501000,0.7357412576675415
05503800,0.8095943331718445
05507600,0.8865398168563843
05508805,0.8753812909126282
05525500,0.8720951080322266
05556500,0.6061517000198364
05584500,0.16748857498168945
05591550,0.7475169897079468
05592050,0.7293440103530884
05592575,0.7731448411941528
05593575,0.7281802296638489
05593900,0.6512244939804077
05595730,0.7784850597381592
06221400,0.922480046749115
06224000,0.9309169054031372
06278300,0.8652563095092773
06280300,0.854773759841919
06289000,0.584649384021759
06291500,0.6580475568771362
06311000,0.6693164110183716
06332515,0.6550403833389282
06339100,0.5189511179924011
06344600,-1.7808194160461426
06350000,-2.1510820388793945
06352000,-0.16290509700775146
06404000,0.6461367607116699
06406000,0.0748487114906311
06409000,-8.384203910827637
06431500,0.582679808139801
06440200,0.43592721223831177
06447500,0.18445444107055664
06470800,0.8141006827354431
06477500,-0.18523728847503662
06479215,0.1935608983039856
06601000,0.4546402096748352
06614800,0.800253689289093
06622700,0.7258173227310181
06623800,0.8468290567398071
06632400,0.7585238218307495
06746095,0.7140834331512451
06803510,0.7006966471672058
06803530,0.7327712178230286
06814000,0.7269501090049744
06847900,0.1912805438041687
06853800,0.1998225450515747
06876700,0.33542776107788086
06878000,0.6293333172798157
06879650,0.24436497688293457
06885500,0.7814062833786011
06888500,0.7468172311782837
06889200,0.6799936294555664
06889500,0.7816791534423828
06892000,0.8448371887207031
06903400,0.45571643114089966
06906800,0.7710543870925903
06910800,0.8916037082672119
06911900,0.8854796886444092
06917000,0.719429612159729
06918460,-0.1965644359588623
06919500,0.8201818466186523
06921070,0.6035376191139221
06921200,0.6892526745796204
07057500,0.8111822605133057
07060710,0.7209334969520569
07066000,0.8294710516929626
07083000,0.9186432361602783
07142300,0.4118545651435852
07145700,0.711611807346344
07167500,0.6403412818908691
07180500,0.7021048069000244
07184000,0.7425823211669922
07195800,0.21647638082504272
07196900,0.6614603996276855
07197000,0.8410560488700867
07208500,0.567786455154419
07261000,0.8588081002235413
07263295,0.6566022634506226
07291000,0.3892955183982849
07299670,0.33254027366638184
07301410,0.0653272271156311
07315200,0.3975726366043091
07315700,0.5723414421081543
07335700,0.6066902279853821
07340300,0.7823575139045715
07346045,0.7119566798210144
07359610,0.7558497786521912
07362100,0.3437751531600952
07362587,0.43219566345214844
07375000,0.3044137954711914
08013000,0.7620657682418823
08014500,0.33373236656188965
08023080,0.7675451040267944
08050800,0.4189000129699707
08066200,0.6986691355705261
08066300,0.5195534825325012
08070000,0.6179383993148804
08070200,0.6041267514228821
08082700,0.20435917377471924
08086212,0.44464111328125
08086290,0.5112491250038147
08101000,0.5505557656288147
08103900,0.3951699733734131
08104900,0.37777143716812134
08109700,0.4537089467048645
08150800,-1.811558723449707
08158700,0.5035216808319092
08158810,0.41696757078170776
08164300,0.4574618935585022
08164600,0.5316464304924011
08165300,-20.28946876525879
08171300,0.4444417357444763
08175000,0.3919236660003662
08176900,0.3431881070137024
08178880,0.026141583919525146
08189500,0.4433460235595703
08190000,-0.13253700733184814
08190500,0.06425660848617554
08194200,-0.8210786581039429
08195000,-0.002134084701538086
08196000,0.02263641357421875
08198500,0.017956137657165527
08200000,0.3640403747558594
08202700,0.05071723461151123
08267500,-0.02982938289642334
08269000,0.3352990746498108
08271000,0.30893707275390625
08324000,0.6260600686073303
08377900,0.696304440498352
08378500,0.6645641326904297
08380500,0.3268985152244568
09035800,0.8056437969207764
09035900,0.95722496509552
09047700,0.8663264513015747
09065500,0.940925657749176
09066000,0.9506851434707642
09066200,0.8854736685752869
09066300,0.8823239803314209
09081600,0.8995363712310791
09107000,0.8677036166191101
09210500,0.7780269980430603
09223000,0.8556474447250366
09306242,0.21801793575286865
09312600,0.7650638818740845
09352900,0.6759012937545776
09378170,0.565125584602356
09386900,0.11130964756011963
09404450,0.6933197975158691
09430600,0.010343790054321289
09447800,-0.34494543075561523
09484600,0.15072423219680786
09492400,0.5974560976028442
09494000,0.39429426193237305
09497980,0.62309730052948
09505350,0.0061149001121521
09505800,-1.777221441268921
09508300,0.2869637608528137
09510200,0.3845365047454834
09512280,0.18367397785186768
09513780,0.18793576955795288
10234500,0.6466147899627686
10244950,-0.04041564464569092
10259000,0.35403257608413696
10336645,0.7230871915817261
10336660,0.8387885689735413
10343500,0.4661743640899658
11124500,0.6451902985572815
11141280,0.12110006809234619
11143000,0.7359354496002197
11148900,0.6038738489151001
11151300,0.5961570739746094
11176400,0.41263914108276367
11230500,0.6856705546379089
11237500,0.5982531309127808
11264500,0.9441460371017456
11266500,0.924069344997406
11284400,0.5173759460449219
11381500,0.6739330291748047
11451100,0.637842059135437
11468500,0.9048910737037659
11473900,0.7878099679946899
11475560,0.7524023652076721
11476600,0.8683359622955322
11478500,0.6879110932350159
11480390,0.6941847205162048
11481200,0.8196687698364258
11482500,0.8397569060325623
11522500,0.794935941696167
11523200,0.7263739109039307
11528700,0.8634896278381348
11532500,0.8847365975379944
12010000,0.8769035339355469
12013500,0.8345948457717896
12020000,0.30894869565963745
12025700,0.8036813735961914
12035000,0.8480889201164246
12040500,0.7626461982727051
12041200,0.7343612909317017
12048000,0.6589876413345337
12054000,0.6932124495506287
12056500,0.6923532485961914
12073500,0.5988841652870178
12082500,0.7675908803939819
12092000,0.6605530977249146
12114500,0.4469414949417114
12115000,0.5296417474746704
12117000,0.8112583160400391
12143600,0.7411749958992004
12144000,0.7702324390411377
12145500,0.8611756563186646
12147500,0.710857629776001
12167000,0.6512637138366699
12175500,0.8445591330528259
12178100,0.8183941841125488
12186000,0.6434603929519653
12189500,0.6546918153762817
12375900,0.7806090116500854
12377150,0.9352495670318604
12381400,0.905539870262146
12383500,0.8456737399101257
12390700,0.8349541425704956
12411000,0.6448931097984314
12447390,0.608633279800415
12451000,0.8754180073738098
12488500,0.7131698131561279
13011500,0.9320117235183716
13011900,0.8500850796699524
13018300,0.532440185546875
13023000,0.8995715379714966
13161500,0.8317116498947144
13235000,0.7469998598098755
13240000,0.8935421109199524
13313000,0.8519884347915649
13331500,0.8261324763298035
14020000,0.6478919982910156
14096850,0.10301464796066284
14137000,0.6519702076911926
14138800,0.6128989458084106
14138870,0.6954103708267212
14138900,0.6393630504608154
14139800,0.6814483404159546
14141500,0.7330514192581177
14154500,0.7982172966003418
14158790,0.5216631293296814
14166500,0.898819625377655
14182500,0.6665211915969849
14185000,0.7944332957267761
14185900,0.7677589654922485
14187000,0.8491274118423462
14216500,0.6443930268287659
14222500,0.8704046010971069
14236200,0.769313633441925
14301000,0.8020925521850586
14303200,0.7370764017105103
14305500,0.8379930853843689
14306340,0.7857241630554199
14306500,0.836925745010376
14308990,0.8296198844909668
14309500,0.6780992746353149
14316700,0.7501763701438904
14325000,0.6539312601089478
14362250,0.30330199003219604
14400000,0.8700676560401917
##ARM G1_s600
01022500,0.7648924589157104
01031500,0.6271768808364868
01047000,0.673988401889801
01052500,0.8115887641906738
01054200,0.6053690910339355
01055000,0.6534695029258728
01057000,0.6358637809753418
01073000,0.7546789646148682
01078000,0.7537021636962891
01123000,0.8068366050720215
01134500,0.7911794185638428
01137500,0.8210837841033936
01139000,0.8215926289558411
01139800,0.7280625104904175
01142500,0.6175968647003174
01144000,0.7765923142433167
01162500,0.732089638710022
01169000,0.6494145393371582
01170100,0.7532930970191956
01181000,0.6438368558883667
01187300,0.7996792197227478
01195100,0.6923246383666992
01333000,0.4428924322128296
01350000,0.5860239863395691
01350080,0.5527628660202026
01350140,0.6053433418273926
01365000,0.7124826908111572
01411300,0.6348876953125
01413500,0.7436750531196594
01414500,0.5686817169189453
01415000,0.6708838939666748
01423000,0.7307267189025879
01434025,0.5905669927597046
01435000,0.6676545143127441
01439500,0.7374420762062073
01440000,0.7746298313140869
01440400,0.6672234535217285
01451800,0.7713907361030579
01466500,0.8175302743911743
01484100,0.7908532023429871
01487000,0.9028627872467041
01491000,0.8442183136940002
01510000,0.7912017703056335
01516500,0.6783406734466553
01518862,0.7089635133743286
01532000,0.7316657304763794
01539000,0.8063164353370667
01542810,0.8302672505378723
01543000,0.8841026425361633
01543500,0.9065876007080078
01544500,0.8614783883094788
01545600,0.8641204237937927
01547700,0.6053885221481323
01548500,0.8799698948860168
01549500,0.7455241084098816
01550000,0.8143373727798462
01552000,0.8126236796379089
01552500,0.6361618041992188
01557500,0.768647313117981
01567500,0.7095879316329956
01568000,0.8293143510818481
01580000,0.6681991815567017
01583500,0.4982876777648926
01586610,0.6184110045433044
01591400,0.3140203356742859
01594950,0.7593209743499756
01596500,0.8206368684768677
01605500,0.723580002784729
01606500,0.7331774234771729
01632000,0.5516466498374939
01632900,0.7198500037193298
01634500,0.6850309371948242
01638480,0.5282895565032959
01639500,0.7269703149795532
01644000,0.8746111989021301
01664000,0.781241774559021
01666500,0.8174612522125244
01667500,0.7303452491760254
01669000,0.8487341403961182
01669520,0.5990794897079468
02011400,0.8803315162658691
02013000,0.8890900611877441
02014000,0.8355876207351685
02015700,0.7131261825561523
02016000,0.8425453901290894
02017500,0.7209227085113525
02018000,0.786788821220398
02027000,0.6860538721084595
02027500,0.535223126411438
02028500,0.7049844861030579
02038850,0.6540021896362305
02046000,0.7689213752746582
02051500,0.804648220539093
02053200,0.8144832849502563
02053800,0.8364120721817017
02055100,0.6257562637329102
02056900,0.7882938981056213
02059500,0.7431068420410156
02064000,0.7854681015014648
02065500,0.30354607105255127
02069700,0.5969353914260864
02070000,0.5856064558029175
02074500,0.533339262008667
02077200,0.7271207571029663
02081500,0.7076312303543091
02082950,0.8563821315765381
02092500,0.9330171346664429
02096846,0.6940007209777832
02102908,0.43934541940689087
02108000,0.7688256502151489
02111180,0.6929870843887329
02111500,0.5864339470863342
02112120,0.43865370750427246
02112360,0.558526873588562
02118500,0.5328047275543213
02125000,0.9125672578811646
02128000,0.8817768096923828
02137727,0.5479607582092285
02140991,0.7694294452667236
02143000,0.7528340816497803
02143040,0.6032448410987854
02149000,0.5966303944587708
02152100,0.6840317249298096
02177000,0.7319568395614624
02178400,0.7267850637435913
02193340,0.7552750110626221
02196000,0.8901547193527222
02198100,0.5872671008110046
02202600,0.8843533992767334
02212600,0.7988804578781128
02215100,0.8397918343544006
02216180,0.7652358412742615
02221525,-0.013895153999328613
02231000,0.8761988878250122
02245500,0.7209484577178955
02246000,0.859283447265625
02296500,0.5458463430404663
02297155,-4.642964839935303
02297310,-0.5920677185058594
02298123,0.9064257740974426
02298608,0.12495869398117065
02299950,0.5063891410827637
02300700,0.06587064266204834
02342933,0.39268434047698975
02349900,0.6775617599487305
02350900,0.8880981206893921
02361000,0.7493457794189453
02363000,0.789116382598877
02369800,0.7671916484832764
02371500,0.4448890686035156
02372250,-0.9981880187988281
02374500,0.3369939923286438
02381600,0.13998007774353027
02384540,0.6022043228149414
02395120,0.5863679051399231
02415000,0.7299259305000305
02427250,0.6440258026123047
02430085,0.6835401654243469
02450250,0.39306771755218506
02464000,0.6859334111213684
02464360,0.6860718727111816
02465493,0.5164330005645752
02469800,0.7626214027404785
02472000,0.8230597376823425
02472500,0.6297160387039185
02479155,0.6295707821846008
02479300,0.7848585844039917
02479560,0.5620148181915283
02481000,0.5345773696899414
02481510,0.7544547915458679
03010655,0.8240466117858887
03011800,0.80958092212677
03015500,0.8504052758216858
03021350,0.7689896821975708
03026500,0.8890817165374756
03028000,0.8640138506889343
03049000,0.8428030014038086
03049800,0.622859001159668
03050000,0.8154609203338623
03069500,0.9102469086647034
03070500,0.8196259140968323
03076600,0.7335445880889893
03078000,0.7923303842544556
03140000,0.795235276222229
03144000,0.813732385635376
03170000,0.8427701592445374
03173000,0.8618572950363159
03180500,0.7874591946601868
03182500,0.844017744064331
03186500,0.8316861391067505
03237280,0.5234110355377197
03237500,0.5806093215942383
03238500,0.5632684230804443
03241500,0.8482280373573303
03280700,0.5828056931495667
03281500,0.8441879153251648
03285000,0.563782274723053
03291780,0.5728714466094971
03338780,0.6632987260818481
03340800,0.8713037967681885
03346000,0.7713839411735535
03364500,0.6825913190841675
03366500,0.590965211391449
03368000,0.7326725721359253
03384450,0.6846272349357605
03439000,0.6438686847686768
03455500,0.31543755531311035
03456500,0.5224694609642029
03460000,0.7510963082313538
03463300,0.6078252792358398
03471500,0.8109638690948486
03473000,0.7717452049255371
03479000,0.5331658124923706
03488000,0.8619686961174011
03498500,0.8247653245925903
03500000,0.7471731901168823
03500240,0.39152342081069946
03504000,0.6528738737106323
03574500,0.7115150690078735
03592718,0.31885677576065063
03604000,0.8166508674621582
04015330,0.5301907062530518
04024430,0.6692373752593994
04027000,0.8572760820388794
04040500,0.7042193412780762
04043050,0.7551915645599365
04045500,0.7293384075164795
04057510,0.7081325054168701
04057800,0.6357113122940063
04059500,0.9136197566986084
04063700,0.6106160879135132
04074950,0.733525276184082
04105700,0.6167424321174622
04115265,0.719246506690979
04122200,0.8131077289581299
04122500,0.6850289702415466
04127918,0.7172977924346924
04127997,0.7903371453285217
04161580,0.6206446886062622
04185000,0.6677947044372559
04196800,0.5351145267486572
04197100,0.584500789642334
04197170,0.7331532835960388
04213000,0.5207300782203674
04213075,0.449501633644104
04216418,0.6430215835571289
04221000,0.8240649700164795
04224775,0.7781102657318115
04233000,0.716322660446167
04256000,0.7976847887039185
04296000,0.6686151027679443
05057200,0.28217005729675293
05120500,-41.95343017578125
05291000,0.43076223134994507
05362000,0.9026099443435669
05393500,0.7321199178695679
05399500,0.7117813229560852
05408000,0.7505611181259155
05413500,0.783180296421051
05414000,0.7668814063072205
05444000,0.6084703803062439
05454000,0.5919816493988037
05458000,0.7181283235549927
05466500,0.5000539422035217
05487980,0.7048531770706177
05488200,0.6441456079483032
05489000,0.6678030490875244
05495000,0.7137628793716431
05495500,0.46446913480758667
05501000,0.757468581199646
05503800,0.8156583309173584
05507600,0.8475373983383179
05508805,0.7979346513748169
05525500,0.8533811569213867
05556500,0.6521410942077637
05584500,0.3639681339263916
05591550,0.7080738544464111
05592050,0.6771509647369385
05592575,0.7026665210723877
05593575,0.6968472003936768
05593900,0.7328834533691406
05595730,0.7138814926147461
06221400,0.930646538734436
06224000,0.9168933629989624
06278300,0.8375707864761353
06280300,0.8793092370033264
06289000,0.4390951991081238
06291500,0.5878232717514038
06311000,0.6609189510345459
06332515,0.6689801812171936
06339100,0.6972454786300659
06344600,-0.8248544931411743
06350000,-0.2228996753692627
06352000,0.06604576110839844
06404000,0.7006718516349792
06406000,0.03827136754989624
06409000,-3.508211135864258
06431500,0.3849470019340515
06440200,0.07883507013320923
06447500,0.05447089672088623
06470800,0.8580319881439209
06477500,0.21589642763137817
06479215,0.0722196102142334
06601000,0.35464632511138916
06614800,0.8424744009971619
06622700,0.8324731588363647
06623800,0.8505959510803223
06632400,0.8963049054145813
06746095,0.7697045207023621
06803510,0.7285768985748291
06803530,0.7064923644065857
06814000,0.7357562780380249
06847900,0.0789651870727539
06853800,0.27632755041122437
06876700,0.5147233009338379
06878000,0.7151236534118652
06879650,0.3921474814414978
06885500,0.7668734788894653
06888500,0.7556427121162415
06889200,0.7344609498977661
06889500,0.7900667786598206
06892000,0.8425695300102234
06903400,0.5810545682907104
06906800,0.7836308479309082
06910800,0.7881542444229126
06911900,0.8361648321151733
06917000,0.5693649649620056
06918460,-0.07353329658508301
06919500,0.7668330669403076
06921070,0.6326091289520264
06921200,0.6824725866317749
07057500,0.921406090259552
07060710,0.6207995414733887
07066000,0.8401099443435669
07083000,0.8831103444099426
07142300,0.35446232557296753
07145700,0.7483924627304077
07167500,0.7090787887573242
07180500,0.7177938222885132
07184000,0.658455491065979
07195800,0.16111427545547485
07196900,0.7242454290390015
07197000,0.8433420658111572
07208500,0.35540658235549927
07261000,0.8339745998382568
07263295,0.5342721343040466
07291000,0.7327480316162109
07299670,0.4139034152030945
07301410,0.0753105878829956
07315200,0.4121454358100891
07315700,0.6701275706291199
07335700,0.4974699020385742
07340300,0.6841498613357544
07346045,0.7774772644042969
07359610,0.7949636578559875
07362100,0.8016260862350464
07362587,0.3667006492614746
07375000,0.5569326877593994
08013000,0.8267325758934021
08014500,0.22778218984603882
08023080,0.40845179557800293
08050800,0.597637414932251
08066200,0.8420203328132629
08066300,0.548514723777771
08070000,0.6848100423812866
08070200,0.712302565574646
08082700,0.1374794840812683
08086212,0.603978157043457
08086290,0.5859923362731934
08101000,0.5877212285995483
08103900,0.4240630865097046
08104900,0.5542377233505249
08109700,0.38654935359954834
08150800,-1.6306827068328857
08158700,0.4617759585380554
08158810,0.6764969825744629
08164300,0.5258325338363647
08164600,0.5183380842208862
08165300,-22.417743682861328
08171300,0.7122417688369751
08175000,0.45084506273269653
08176900,0.34901493787765503
08178880,-0.15023159980773926
08189500,0.09772580862045288
08190000,-0.39335203170776367
08190500,-0.1675126552581787
08194200,-0.17781567573547363
08195000,-0.1852717399597168
08196000,-0.05181300640106201
08198500,-0.014316797256469727
08200000,0.39702051877975464
08202700,0.00239717960357666
08267500,0.0025537610054016113
08269000,0.28064560890197754
08271000,0.3508284091949463
08324000,0.4642084836959839
08377900,0.6976512670516968
08378500,0.717759370803833
08380500,0.20684409141540527
09035800,0.8584796190261841
09035900,0.976597011089325
09047700,0.7851459980010986
09065500,0.9421181678771973
09066000,0.9622758626937866
09066200,0.9308121204376221
09066300,0.9366563558578491
09081600,0.9507164359092712
09107000,0.9514356851577759
09210500,0.8385394215583801
09223000,0.7989029288291931
09306242,0.21791046857833862
09312600,0.6069679260253906
09352900,0.6705755591392517
09378170,0.5542076230049133
09386900,0.08690792322158813
09404450,0.5279359817504883
09430600,0.03194147348403931
09447800,-1.4311506748199463
09484600,0.1500261425971985
09492400,0.5334106683731079
09494000,0.43715065717697144
09497980,0.3377041816711426
09505350,0.03051626682281494
09505800,-0.15541744232177734
09508300,0.3257312774658203
09510200,0.48138129711151123
09512280,0.252133846282959
09513780,0.1433577537536621
10234500,0.6441143751144409
10244950,-0.16646361351013184
10259000,0.3155962824821472
10336645,0.79112708568573
10336660,0.7453646063804626
10343500,0.5846045017242432
11124500,0.4964035153388977
11141280,0.40407735109329224
11143000,0.5501681566238403
11148900,0.5575672388076782
11151300,0.46740031242370605
11176400,0.3010696768760681
11230500,0.6898391246795654
11237500,0.43360668420791626
11264500,0.9226776957511902
11266500,0.9380775690078735
11284400,0.4807770848274231
11381500,0.5653845071792603
11451100,0.7351731061935425
11468500,0.9097056984901428
11473900,0.7662023901939392
11475560,0.6952511072158813
11476600,0.7452760338783264
11478500,0.5459024906158447
11480390,0.6606453657150269
11481200,0.7960153818130493
11482500,0.8506852388381958
11522500,0.7334491014480591
11523200,0.5704230070114136
11528700,0.7190384268760681
11532500,0.9022397994995117
12010000,0.8978205323219299
12013500,0.8571064472198486
12020000,0.34566032886505127
12025700,0.8513824939727783
12035000,0.8613054156303406
12040500,0.7312700152397156
12041200,0.7224723100662231
12048000,0.7104982137680054
12054000,0.6619342565536499
12056500,0.641071081161499
12073500,0.6402885317802429
12082500,0.6858491897583008
12092000,0.717237651348114
12114500,0.3246975541114807
12115000,0.4518742561340332
12117000,0.7079384922981262
12143600,0.7215899229049683
12144000,0.7584428787231445
12145500,0.9090100526809692
12147500,0.7599282264709473
12167000,0.6525669097900391
12175500,0.8315296769142151
12178100,0.7953313589096069
12186000,0.7485456466674805
12189500,0.7272107601165771
12375900,0.8962362408638
12377150,0.8766579627990723
12381400,0.8901029825210571
12383500,0.7317556738853455
12390700,0.7997437119483948
12411000,0.6636277437210083
12447390,0.3855288028717041
12451000,0.8824709057807922
12488500,0.6814742684364319
13011500,0.8956998586654663
13011900,0.8996196389198303
13018300,0.5782676935195923
13023000,0.9152914881706238
13161500,0.9230319261550903
13235000,0.8484294414520264
13240000,0.8896785974502563
13313000,0.9143674373626709
13331500,0.8987665176391602
14020000,0.6756255030632019
14096850,0.3356359601020813
14137000,0.6409502029418945
14138800,0.6170207262039185
14138870,0.6792623400688171
14138900,0.6561833620071411
14139800,0.7256383299827576
14141500,0.743524968624115
14154500,0.7271803617477417
14158790,0.5344468355178833
14166500,0.8886416554450989
14182500,0.6923052668571472
14185000,0.7653995156288147
14185900,0.7522294521331787
14187000,0.8320556879043579
14216500,0.5672804117202759
14222500,0.861649751663208
14236200,0.7980396747589111
14301000,0.8797115087509155
14303200,0.7743307948112488
14305500,0.8665082454681396
14306340,0.7935506105422974
14306500,0.8695530891418457
14308990,0.8521493673324585
14309500,0.6778572797775269
14316700,0.7465046644210815
14325000,0.7074414491653442
14362250,0.6215290427207947
14400000,0.8650790452957153
##ARM G1_s700
01022500,0.8025770783424377
01031500,0.8008950352668762
01047000,0.6877921223640442
01052500,0.8105391263961792
01054200,0.3012365698814392
01055000,0.3656998872756958
01057000,0.3216249346733093
01073000,0.8314893841743469
01078000,0.5522041320800781
01123000,0.7894923686981201
01134500,0.7395990490913391
01137500,0.624358057975769
01139000,0.6344706416130066
01139800,0.737765908241272
01142500,0.6653430461883545
01144000,0.8483197689056396
01162500,0.7344213724136353
01169000,0.4717864394187927
01170100,0.5350456237792969
01181000,0.5455940961837769
01187300,0.7909138202667236
01195100,0.6947387456893921
01333000,0.40812230110168457
01350000,0.5516649484634399
01350080,0.4749871492385864
01350140,0.5431095361709595
01365000,0.696922779083252
01411300,0.8371549844741821
01413500,0.5278929471969604
01414500,0.5302726030349731
01415000,0.657270073890686
01423000,0.6858361959457397
01434025,0.5993810892105103
01435000,0.6904531717300415
01439500,0.7803454399108887
01440000,0.7988166809082031
01440400,0.7236352562904358
01451800,0.7110702991485596
01466500,0.7573436498641968
01484100,0.7393926978111267
01487000,0.8538315892219543
01491000,0.8813515305519104
01510000,0.8078774213790894
01516500,0.618186354637146
01518862,0.7990047931671143
01532000,0.6753244400024414
01539000,0.845781683921814
01542810,0.8240752816200256
01543000,0.9075077176094055
01543500,0.919736385345459
01544500,0.862048327922821
01545600,0.8175696134567261
01547700,0.6782698631286621
01548500,0.8898454904556274
01549500,0.6751303672790527
01550000,0.7625280022621155
01552000,0.7948537468910217
01552500,0.6035265326499939
01557500,0.8138729929924011
01567500,0.7644744515419006
01568000,0.780335009098053
01580000,0.5124961137771606
01583500,0.39154136180877686
01586610,0.5985206365585327
01591400,0.2314997911453247
01594950,0.6573545932769775
01596500,0.8111584186553955
01605500,0.6165956258773804
01606500,0.7208251953125
01632000,0.4530487656593323
01632900,0.6424267292022705
01634500,0.5255320072174072
01638480,0.7796550989151001
01639500,0.670573353767395
01644000,0.8664444088935852
01664000,0.841995358467102
01666500,0.5791983604431152
01667500,0.7472891211509705
01669000,0.810875654220581
01669520,0.8359674215316772
02011400,0.7857493162155151
02013000,0.8380274176597595
02014000,0.8191600441932678
02015700,0.6684854030609131
02016000,0.8039258718490601
02017500,0.6629736423492432
02018000,0.7749878764152527
02027000,0.6734215021133423
02027500,0.43733489513397217
02028500,0.791363537311554
02038850,0.616518497467041
02046000,0.7423309683799744
02051500,0.794903039932251
02053200,0.8291335105895996
02053800,0.7620453238487244
02055100,0.7056539058685303
02056900,0.7353101968765259
02059500,0.6788278818130493
02064000,0.7642531394958496
02065500,0.30803781747817993
02069700,0.601794958114624
02070000,0.5905102491378784
02074500,0.5543540120124817
02077200,0.7863025665283203
02081500,0.6795310974121094
02082950,0.8341612815856934
02092500,0.9118776321411133
02096846,0.6046891808509827
02102908,0.4814831018447876
02108000,0.7995497584342957
02111180,0.7048802375793457
02111500,0.6050485372543335
02112120,0.5701040029525757
02112360,0.7122588753700256
02118500,0.518206000328064
02125000,0.8851400017738342
02128000,0.7437646389007568
02137727,0.6679797172546387
02140991,0.7903079986572266
02143000,0.6895771026611328
02143040,0.534727931022644
02149000,0.6533715724945068
02152100,0.6492034196853638
02177000,0.7087576389312744
02178400,0.6810339689254761
02193340,0.8207979798316956
02196000,0.9151140451431274
02198100,0.3392646908760071
02202600,0.876787543296814
02212600,0.646155595779419
02215100,0.659072756767273
02216180,0.7829058766365051
02221525,0.6370917558670044
02231000,0.900762140750885
02245500,0.6570861339569092
02246000,0.6944546699523926
02296500,0.6108828783035278
02297155,-4.676403999328613
02297310,-1.0554091930389404
02298123,0.7972747087478638
02298608,0.310367226600647
02299950,0.4601646661758423
02300700,0.09767943620681763
02342933,0.43170905113220215
02349900,0.6238279938697815
02350900,0.7910308837890625
02361000,0.764440655708313
02363000,0.7410598397254944
02369800,0.7000380754470825
02371500,0.3217197060585022
02372250,-0.4374678134918213
02374500,0.5085155367851257
02381600,0.3473813533782959
02384540,0.5721348524093628
02395120,0.7077370285987854
02415000,0.7246524095535278
02427250,0.7535013556480408
02430085,0.679055392742157
02450250,0.2838594317436218
02464000,0.6517390012741089
02464360,0.6964722871780396
02465493,0.45317184925079346
02469800,0.7844645977020264
02472000,0.8035036325454712
02472500,0.7138862609863281
02479155,0.685522198677063
02479300,0.815984845161438
02479560,0.6306734681129456
02481000,0.6079702377319336
02481510,0.7202548980712891
03010655,0.9009513258934021
03011800,0.8212011456489563
03015500,0.8529580235481262
03021350,0.7402567863464355
03026500,0.8873231410980225
03028000,0.8801273703575134
03049000,0.8083741068840027
03049800,0.6513686776161194
03050000,0.8500241637229919
03069500,0.8885918855667114
03070500,0.8104620575904846
03076600,0.7471972703933716
03078000,0.7905591726303101
03140000,0.7692380547523499
03144000,0.8534889221191406
03170000,0.8284768462181091
03173000,0.7486169338226318
03180500,0.7754382491111755
03182500,0.8035678863525391
03186500,0.8168067932128906
03237280,0.5408471822738647
03237500,0.6682807207107544
03238500,0.5310201048851013
03241500,0.8620652556419373
03280700,0.7336289882659912
03281500,0.7839556336402893
03285000,0.6004973649978638
03291780,0.6535539031028748
03338780,0.6098810434341431
03340800,0.839585542678833
03346000,0.8477237224578857
03364500,0.6404963731765747
03366500,0.6236038208007812
03368000,0.7024645805358887
03384450,0.565319836139679
03439000,0.6780005097389221
03455500,0.4944809675216675
03456500,0.5166040062904358
03460000,0.7381778955459595
03463300,0.466972291469574
03471500,0.6866490840911865
03473000,0.7656023502349854
03479000,0.5125018358230591
03488000,0.8249012231826782
03498500,0.8250725269317627
03500000,0.7977770566940308
03500240,0.6134757995605469
03504000,0.6782158017158508
03574500,0.7548322677612305
03592718,0.5291169881820679
03604000,0.8028006553649902
04015330,0.5941517353057861
04024430,0.6721255779266357
04027000,0.8151859641075134
04040500,0.8277483582496643
04043050,0.8370252847671509
04045500,0.8542822003364563
04057510,0.6996620893478394
04057800,0.7428534030914307
04059500,0.8368816375732422
04063700,0.7549444437026978
04074950,0.7608043551445007
04105700,0.24984723329544067
04115265,0.6574251651763916
04122200,0.8112882971763611
04122500,0.709358811378479
04127918,0.6662541627883911
04127997,0.7103413343429565
04161580,0.6002967357635498
04185000,0.6918985843658447
04196800,0.7320650815963745
04197100,0.6521782875061035
04197170,0.7821275591850281
04213000,0.6442526578903198
04213075,0.42265409231185913
04216418,0.6839921474456787
04221000,0.875266432762146
04224775,0.7481801509857178
04233000,0.7900346517562866
04256000,0.8200610876083374
04296000,0.7355350255966187
05057200,0.4303681254386902
05120500,-25.780366897583008
05291000,0.32800209522247314
05362000,0.7696793675422668
05393500,0.8323835730552673
05399500,0.7575498223304749
05408000,0.5823489427566528
05413500,0.8089556694030762
05414000,0.4675833582878113
05444000,0.5671886205673218
05454000,0.6196960806846619
05458000,0.6698309779167175
05466500,0.5945049524307251
05487980,0.7360856533050537
05488200,0.6477512717247009
05489000,0.7156418561935425
05495000,0.6978753805160522
05495500,0.5790014863014221
05501000,0.7977150082588196
05503800,0.786911129951477
05507600,0.7967707514762878
05508805,0.8169223666191101
05525500,0.8489694595336914
05556500,0.5799098014831543
05584500,0.2309359908103943
05591550,0.725965142250061
05592050,0.47110825777053833
05592575,0.763911247253418
05593575,0.7660883665084839
05593900,0.719587504863739
05595730,0.7925316095352173
06221400,0.9175252914428711
06224000,0.9213224649429321
06278300,0.6523022651672363
06280300,0.8587902784347534
06289000,0.48740941286087036
06291500,0.628383994102478
06311000,0.7078570127487183
06332515,0.5153173208236694
06339100,0.40950262546539307
06344600,0.5257842540740967
06350000,-0.13520514965057373
06352000,0.04792743921279907
06404000,0.33404725790023804
06406000,0.02752155065536499
06409000,-1.4993433952331543
06431500,0.3347247242927551
06440200,0.5394616723060608
06447500,0.20800364017486572
06470800,0.5586458444595337
06477500,0.10139721632003784
06479215,-0.020319223403930664
06601000,0.17126977443695068
06614800,0.7669211626052856
06622700,0.7424511909484863
06623800,0.8389410972595215
06632400,0.7630151510238647
06746095,0.6310473680496216
06803510,0.7287517189979553
06803530,0.7113407850265503
06814000,0.7233933210372925
06847900,0.1695094108581543
06853800,0.30624663829803467
06876700,0.47654348611831665
06878000,0.6566294431686401
06879650,0.508358359336853
06885500,0.713639497756958
06888500,0.6149002313613892
06889200,0.6777685880661011
06889500,0.8122820258140564
06892000,0.8389713764190674
06903400,0.6708488464355469
06906800,0.7523461580276489
06910800,0.788080096244812
06911900,0.8048954010009766
06917000,0.6739993095397949
06918460,0.21425467729568481
06919500,0.7617945671081543
06921070,0.661177933216095
06921200,0.6727399230003357
07057500,0.8982034921646118
07060710,0.6591764688491821
07066000,0.8682950735092163
07083000,0.8736266493797302
07142300,0.4592823386192322
07145700,0.709159255027771
07167500,0.5833014249801636
07180500,0.7939375042915344
07184000,0.6345889568328857
07195800,0.16515785455703735
07196900,0.7340723872184753
07197000,0.9024418592453003
07208500,0.4588320255279541
07261000,0.8499231338500977
07263295,0.5149686336517334
07291000,0.5786424875259399
07299670,0.30156075954437256
07301410,0.07534706592559814
07315200,0.25363290309906006
07315700,0.544613778591156
07335700,0.6139414310455322
07340300,0.7132107615470886
07346045,0.696797788143158
07359610,0.7300572395324707
07362100,0.6899498701095581
07362587,0.46393150091171265
07375000,0.5644620060920715
08013000,0.8446798324584961
08014500,0.46733909845352173
08023080,0.7820838689804077
08050800,0.36917293071746826
08066200,0.6038612127304077
08066300,0.834675669670105
08070000,0.7191452980041504
08070200,0.7368344664573669
08082700,0.19740575551986694
08086212,0.41844308376312256
08086290,0.42266958951950073
08101000,0.3646221160888672
08103900,0.37571650743484497
08104900,0.5723087191581726
08109700,0.39464080333709717
08150800,-1.981825590133667
08158700,0.45788973569869995
08158810,0.42680710554122925
08164300,0.480369508266449
08164600,0.5255368947982788
08165300,-21.011011123657227
08171300,0.366157591342926
08175000,0.4758457541465759
08176900,0.28214365243911743
08178880,-0.6779346466064453
08189500,0.6070458292961121
08190000,-0.8357950448989868
08190500,-0.18830180168151855
08194200,0.13203459978103638
08195000,-0.8737809658050537
08196000,0.24793601036071777
08198500,0.11197108030319214
08200000,0.3556019067764282
08202700,0.05668526887893677
08267500,-0.05299878120422363
08269000,0.07529538869857788
08271000,0.3861936330795288
08324000,0.6111534833908081
08377900,0.6843417286872864
08378500,0.7648723125457764
08380500,0.1413954496383667
09035800,0.8343195915222168
09035900,0.9304764866828918
09047700,0.728963315486908
09065500,0.9430257678031921
09066000,0.9285789132118225
09066200,0.9013392925262451
09066300,0.9065331220626831
09081600,0.9293279647827148
09107000,0.9333503842353821
09210500,0.839387834072113
09223000,0.8920039534568787
09306242,0.4207680821418762
09312600,0.9167954325675964
09352900,0.6818463206291199
09378170,0.5923126339912415
09386900,0.06037038564682007
09404450,0.6403434872627258
09430600,0.03270578384399414
09447800,-0.6288639307022095
09484600,0.12901532649993896
09492400,0.5764514207839966
09494000,0.37821143865585327
09497980,0.559977650642395
09505350,-0.16037118434906006
09505800,-0.40461456775665283
09508300,0.3345538377761841
09510200,0.5304002165794373
09512280,0.30076682567596436
09513780,-0.0759732723236084
10234500,0.5274523496627808
10244950,-0.10375463962554932
10259000,0.4273794889450073
10336645,0.8588160276412964
10336660,0.8220798373222351
10343500,0.38477522134780884
11124500,0.42731529474258423
11141280,0.714073657989502
11143000,0.7742533683776855
11148900,0.5177009105682373
11151300,0.5386596918106079
11176400,0.4012352228164673
11230500,0.5414365530014038
11237500,0.6023237705230713
11264500,0.8621151447296143
11266500,0.9461609125137329
11284400,0.5110594034194946
11381500,0.5978529453277588
11451100,0.7294613122940063
11468500,0.9007953405380249
11473900,0.7661897540092468
11475560,0.7274466753005981
11476600,0.813092052936554
11478500,0.48716264963150024
11480390,0.5858515501022339
11481200,0.7961642742156982
11482500,0.7805458307266235
11522500,0.721045970916748
11523200,0.5554796457290649
11528700,0.439910352230072
11532500,0.8763446807861328
12010000,0.893714189529419
12013500,0.8377631902694702
12020000,0.35763758420944214
12025700,0.8442419767379761
12035000,0.8454047441482544
12040500,0.7382099628448486
12041200,0.695858359336853
12048000,0.6730273365974426
12054000,0.6802096366882324
12056500,0.6827049255371094
12073500,0.7280056476593018
12082500,0.7450097799301147
12092000,0.694133996963501
12114500,0.46359455585479736
12115000,0.6519558429718018
12117000,0.7836096286773682
12143600,0.738501787185669
12144000,0.7780299186706543
12145500,0.8859625458717346
12147500,0.7603263854980469
12167000,0.6350431442260742
12175500,0.7747482657432556
12178100,0.794527530670166
12186000,0.7396071553230286
12189500,0.7261823415756226
12375900,0.8867179155349731
12377150,0.9207045435905457
12381400,0.8933948278427124
12383500,0.916467547416687
12390700,0.8402215838432312
12411000,0.6926442980766296
12447390,0.527230978012085
12451000,0.8885790705680847
12488500,0.7025092840194702
13011500,0.8938747644424438
13011900,0.8710294961929321
13018300,0.48816633224487305
13023000,0.8731804490089417
13161500,0.8266327381134033
13235000,0.7289706468582153
13240000,0.8772488832473755
13313000,0.8351721167564392
13331500,0.775634229183197
14020000,0.6166713237762451
14096850,0.02624499797821045
14137000,0.6716395616531372
14138800,0.6021867990493774
14138870,0.7116053104400635
14138900,0.6939595937728882
14139800,0.7175222635269165
14141500,0.7293291091918945
14154500,0.7521075010299683
14158790,0.542158842086792
14166500,0.8559703826904297
14182500,0.7046750783920288
14185000,0.8170144557952881
14185900,0.7739503979682922
14187000,0.8569389581680298
14216500,0.47432196140289307
14222500,0.8222013711929321
14236200,0.8237541913986206
14301000,0.8640207648277283
14303200,0.800774872303009
14305500,0.836136519908905
14306340,0.811670184135437
14306500,0.8608964085578918
14308990,0.8452754020690918
14309500,0.6963913440704346
14316700,0.6761568784713745
14325000,0.5609084367752075
14362250,0.7060695886611938
14400000,0.8225547075271606
##ARM G1_s800
01022500,0.7977499961853027
01031500,0.8427720069885254
01047000,0.8586957454681396
01052500,0.7978057265281677
01054200,0.6098442673683167
01055000,0.6878533363342285
01057000,0.7364159822463989
01073000,0.7840748429298401
01078000,0.811123251914978
01123000,0.7599130272865295
01134500,0.7795501947402954
01137500,0.7974658012390137
01139000,0.7376704812049866
01139800,0.6134095788002014
01142500,0.5917856693267822
01144000,0.6983213424682617
01162500,0.7439765930175781
01169000,0.6318349838256836
01170100,0.7093529105186462
01181000,0.5857837796211243
01187300,0.6599398851394653
01195100,0.7688375115394592
01333000,0.45891129970550537
01350000,0.5143747329711914
01350080,0.48880064487457275
01350140,0.6107773780822754
01365000,0.7399000525474548
01411300,0.68293297290802
01413500,0.6060321927070618
01414500,0.5670599937438965
01415000,0.6710689067840576
01423000,0.671697199344635
01434025,0.5450606346130371
01435000,0.6559891700744629
01439500,0.7814536690711975
01440000,0.7835792303085327
01440400,0.7325917482376099
01451800,0.753165602684021
01466500,0.8395953178405762
01484100,0.7913862466812134
01487000,0.9014498591423035
01491000,0.8572425246238708
01510000,0.7679594159126282
01516500,0.638105034828186
01518862,0.7117748260498047
01532000,0.6904855370521545
01539000,0.8393632173538208
01542810,0.8627164959907532
01543000,0.9051265120506287
01543500,0.8979761004447937
01544500,0.8863556981086731
01545600,0.8622335195541382
01547700,0.61353600025177
01548500,0.9022268056869507
01549500,0.7188242077827454
01550000,0.7429986596107483
01552000,0.7813385725021362
01552500,0.6598352193832397
01557500,0.8205181956291199
01567500,0.7563679218292236
01568000,0.8679378032684326
01580000,0.6357154250144958
01583500,0.48357290029525757
01586610,0.6316369771957397
01591400,0.11193013191223145
01594950,0.7309794425964355
01596500,0.8143213391304016
01605500,0.7274825572967529
01606500,0.7672838568687439
01632000,0.5040318965911865
01632900,0.6123309135437012
01634500,0.3805220127105713
01638480,0.5989410877227783
01639500,0.7286310195922852
01644000,0.8116461038589478
01664000,0.8130654096603394
01666500,0.5835249423980713
01667500,0.7039331793785095
01669000,0.8433315753936768
01669520,0.6978511810302734
02011400,0.9044142365455627
02013000,0.8628244996070862
02014000,0.8685451745986938
02015700,0.7980384230613708
02016000,0.8365767598152161
02017500,0.748733639717102
02018000,0.7965271472930908
02027000,0.6964595317840576
02027500,0.49674636125564575
02028500,0.739599347114563
02038850,0.6455352902412415
02046000,0.789456844329834
02051500,0.8064311742782593
02053200,0.8217196464538574
02053800,0.8790081739425659
02055100,0.6440618634223938
02056900,0.7795431613922119
02059500,0.699459969997406
02064000,0.8544539213180542
02065500,0.34917688369750977
02069700,0.5843534469604492
02070000,0.570823609828949
02074500,0.5444807410240173
02077200,0.7570562362670898
02081500,0.7095393538475037
02082950,0.8419004678726196
02092500,0.9163271188735962
02096846,0.5847926139831543
02102908,0.562120795249939
02108000,0.8153849840164185
02111180,0.6300262212753296
02111500,0.6135989427566528
02112120,0.5001785755157471
02112360,0.6414387226104736
02118500,0.5560968518257141
02125000,0.8775365948677063
02128000,0.7073810696601868
02137727,0.5484304428100586
02140991,0.7646756768226624
02143000,0.6617615818977356
02143040,0.5957728624343872
02149000,0.580009937286377
02152100,0.6904823780059814
02177000,0.7205013632774353
02178400,0.730078935623169
02193340,0.8241502046585083
02196000,0.9027431607246399
02198100,0.5834695100784302
02202600,0.8296547532081604
02212600,0.7152255177497864
02215100,0.6412268877029419
02216180,0.6962578892707825
02221525,0.6144664287567139
02231000,0.8181731700897217
02245500,0.6998279690742493
02246000,0.838575005531311
02296500,0.6993124485015869
02297155,-8.711986541748047
02297310,-0.8006243705749512
02298123,0.85908442735672
02298608,0.38937854766845703
02299950,0.5118787884712219
02300700,0.15971451997756958
02342933,0.4087376594543457
02349900,0.5216851234436035
02350900,0.8418600559234619
02361000,0.748746395111084
02363000,0.7130383253097534
02369800,0.6814689636230469
02371500,0.49528801441192627
02372250,-0.7675631046295166
02374500,0.25688034296035767
02381600,0.3663982152938843
02384540,0.43727636337280273
02395120,0.5445342063903809
02415000,0.7676482796669006
02427250,0.4293678402900696
02430085,0.6871745586395264
02450250,0.5771895051002502
02464000,0.6853612661361694
02464360,0.7125698328018188
02465493,-0.09288442134857178
02469800,0.6691203713417053
02472000,0.820210337638855
02472500,0.759920060634613
02479155,0.6807143688201904
02479300,0.8007804751396179
02479560,0.5732371807098389
02481000,0.5959146022796631
02481510,0.7201285362243652
03010655,0.880296528339386
03011800,0.8153155446052551
03015500,0.7824200391769409
03021350,0.7288492918014526
03026500,0.8827755451202393
03028000,0.9029416441917419
03049000,0.8010638356208801
03049800,0.5955566167831421
03050000,0.8439813852310181
03069500,0.9016532897949219
03070500,0.7919111251831055
03076600,0.7215853333473206
03078000,0.8030742406845093
03140000,0.8146393895149231
03144000,0.8668772578239441
03170000,0.8324975967407227
03173000,0.8350621461868286
03180500,0.81475430727005
03182500,0.880821704864502
03186500,0.8079308271408081
03237280,0.4269891381263733
03237500,0.5936922430992126
03238500,0.3836156129837036
03241500,0.8340865969657898
03280700,0.7216073870658875
03281500,0.778376579284668
03285000,0.7005008459091187
03291780,0.6707321405410767
03338780,0.5553100109100342
03340800,0.8654621839523315
03346000,0.8130484819412231
03364500,0.7396867275238037
03366500,0.6413085460662842
03368000,0.7526469230651855
03384450,0.7159459590911865
03439000,0.6830459833145142
03455500,0.3723999261856079
03456500,0.5014054179191589
03460000,0.7785326242446899
03463300,0.6073800325393677
03471500,0.7425103783607483
03473000,0.757550835609436
03479000,0.5964670181274414
03488000,0.8813871145248413
03498500,0.8418801426887512
03500000,0.7615914344787598
03500240,0.4901248812675476
03504000,0.7611751556396484
03574500,0.6093379855155945
03592718,0.424842894077301
03604000,0.8143853545188904
04015330,0.7328205704689026
04024430,0.619712233543396
04027000,0.8615453243255615
04040500,0.7168102264404297
04043050,0.8843253254890442
04045500,0.819610595703125
04057510,0.35235297679901123
04057800,0.6698912978172302
04059500,0.851721465587616
04063700,0.6524757146835327
04074950,0.7708559036254883
04105700,0.6692647933959961
04115265,0.6940900087356567
04122200,0.7911182045936584
04122500,0.7129808664321899
04127918,0.6881014704704285
04127997,0.7312244176864624
04161580,0.6564902067184448
04185000,0.6935684680938721
04196800,0.6532236337661743
04197100,0.6260008811950684
04197170,0.8228417038917542
04213000,0.5938631296157837
04213075,0.43737977743148804
04216418,0.638405442237854
04221000,0.8260143399238586
04224775,0.8033728003501892
04233000,0.7524199485778809
04256000,0.8174679279327393
04296000,0.6815185546875
05057200,0.32076942920684814
05120500,-21.276273727416992
05291000,0.20446354150772095
05362000,0.7088861465454102
05393500,0.6578264236450195
05399500,0.7531391978263855
05408000,0.833026647567749
05413500,0.8957099318504333
05414000,0.6108272075653076
05444000,0.6095931529998779
05454000,0.604163646697998
05458000,0.5885424017906189
05466500,0.30923569202423096
05487980,0.7112977504730225
05488200,0.6627522706985474
05489000,0.6907966732978821
05495000,0.657471776008606
05495500,0.7178802490234375
05501000,0.7551025152206421
05503800,0.7575944662094116
05507600,0.8903220295906067
05508805,0.8635551929473877
05525500,0.8203263282775879
05556500,0.6349701285362244
05584500,0.36829090118408203
05591550,0.7218954563140869
05592050,0.3677699565887451
05592575,0.6844306588172913
05593575,0.7442418336868286
05593900,0.7007129192352295
05595730,0.7977114915847778
06221400,0.9232653975486755
06224000,0.9242001175880432
06278300,0.7235307693481445
06280300,0.9137448072433472
06289000,0.6075904965400696
06291500,0.7693994045257568
06311000,0.7271891832351685
06332515,0.6199905276298523
06339100,0.3486008048057556
06344600,0.41211068630218506
06350000,-1.1100761890411377
06352000,-0.0018076896667480469
06404000,0.4170522093772888
06406000,0.019404292106628418
06409000,-8.887152671813965
06431500,0.3698791265487671
06440200,0.38327091932296753
06447500,0.6606490612030029
06470800,0.5057986378669739
06477500,-0.18562662601470947
06479215,-0.1251506805419922
06601000,0.5675233602523804
06614800,0.8067249059677124
06622700,0.8917973041534424
06623800,0.8503063917160034
06632400,0.9183162450790405
06746095,0.8540269732475281
06803510,0.630135178565979
06803530,0.7189222574234009
06814000,0.7830633521080017
06847900,0.06640654802322388
06853800,0.1562432050704956
06876700,0.388824462890625
06878000,0.6851680874824524
06879650,0.5629745721817017
06885500,0.8144842386245728
06888500,0.6762139797210693
06889200,0.6665288209915161
06889500,0.7652734518051147
06892000,0.8817338943481445
06903400,0.5283968448638916
06906800,0.7913917303085327
06910800,0.7835685014724731
06911900,0.7307604551315308
06917000,0.7908793687820435
06918460,-0.03457772731781006
06919500,0.8391919136047363
06921070,0.6497993469238281
06921200,0.6803280115127563
07057500,0.8909892439842224
07060710,0.694598913192749
07066000,0.7989135980606079
07083000,0.8143091201782227
07142300,0.414215624332428
07145700,0.7282166481018066
07167500,0.66562420129776
07180500,0.7278757095336914
07184000,0.6187173128128052
07195800,0.051048874855041504
07196900,0.7304917573928833
07197000,0.8472956418991089
07208500,0.00040274858474731445
07261000,0.9051333069801331
07263295,0.6416003704071045
07291000,0.5639781355857849
07299670,0.415657103061676
07301410,0.09262692928314209
07315200,0.4820670485496521
07315700,0.6335022449493408
07335700,0.6209332346916199
07340300,0.7486670017242432
07346045,0.5084386467933655
07359610,0.8033639788627625
07362100,0.6764729022979736
07362587,0.4073861837387085
07375000,0.5088086724281311
08013000,0.5280741453170776
08014500,-0.017918705940246582
08023080,0.6454529762268066
08050800,0.3994547724723816
08066200,0.4890393018722534
08066300,0.8133293986320496
08070000,0.6471172571182251
08070200,0.6251031160354614
08082700,0.18749988079071045
08086212,0.500659167766571
08086290,0.532183825969696
08101000,0.5730813145637512
08103900,0.43276768922805786
08104900,0.45953208208084106
08109700,0.5482808351516724
08150800,-3.267124652862549
08158700,0.34589701890945435
08158810,0.5929327607154846
08164300,0.5206104516983032
08164600,0.5928419828414917
08165300,-26.042510986328125
08171300,0.5522937178611755
08175000,0.2977102994918823
08176900,0.2768735885620117
08178880,-0.2126713991165161
08189500,0.6222330331802368
08190000,-0.2236020565032959
08190500,-0.22250378131866455
08194200,0.27140510082244873
08195000,0.23887526988983154
08196000,0.28434979915618896
08198500,0.1151079535484314
08200000,0.4289756417274475
08202700,0.03325223922729492
08267500,-0.10088753700256348
08269000,0.1560693383216858
08271000,0.39830589294433594
08324000,0.7108405828475952
08377900,0.8584116697311401
08378500,0.781707227230072
08380500,0.3331058621406555
09035800,0.8139477968215942
09035900,0.9686958193778992
09047700,0.5842879414558411
09065500,0.9418273568153381
09066000,0.9623933434486389
09066200,0.907846212387085
09066300,0.8948307037353516
09081600,0.9339467883110046
09107000,0.9479321241378784
09210500,0.8405415415763855
09223000,0.8460003137588501
09306242,0.18740397691726685
09312600,0.6568211317062378
09352900,0.709928572177887
09378170,-0.9121627807617188
09386900,0.08113682270050049
09404450,0.8088469505310059
09430600,0.032824575901031494
09447800,-0.6710346937179565
09484600,0.2035498023033142
09492400,0.46028685569763184
09494000,0.4805048704147339
09497980,0.47556954622268677
09505350,0.20062071084976196
09505800,-0.49507570266723633
09508300,0.35516101121902466
09510200,0.40365827083587646
09512280,0.3158494234085083
09513780,0.047264933586120605
10234500,0.5787167549133301
10244950,-0.02878272533416748
10259000,0.3924172520637512
10336645,0.8307875990867615
10336660,0.8223626613616943
10343500,0.6857997179031372
11124500,0.8177302479743958
11141280,0.5995539426803589
11143000,0.6599657535552979
11148900,0.48234301805496216
11151300,0.5989534854888916
11176400,0.5590074062347412
11230500,0.7275847792625427
11237500,0.6584528088569641
11264500,0.9380165338516235
11266500,0.8959996700286865
11284400,0.5470587015151978
11381500,0.6588317155838013
11451100,0.67939293384552
11468500,0.8881638646125793
11473900,0.7282978296279907
11475560,0.5238139033317566
11476600,0.771436870098114
11478500,0.3519768714904785
11480390,0.4746032953262329
11481200,0.802361249923706
11482500,0.7998558878898621
11522500,0.7503460645675659
11523200,0.4722282290458679
11528700,0.6981303691864014
11532500,0.8598267436027527
12010000,0.9120397567749023
12013500,0.8680763840675354
12020000,0.36009448766708374
12025700,0.8835415840148926
12035000,0.8551151156425476
12040500,0.7753856182098389
12041200,0.7248935699462891
12048000,0.7624402046203613
12054000,0.6247353553771973
12056500,0.721799373626709
12073500,0.7865158319473267
12082500,0.6764788031578064
12092000,0.6763809323310852
12114500,0.2473461627960205
12115000,0.39018237590789795
12117000,0.6755187511444092
12143600,0.7154804468154907
12144000,0.7031701803207397
12145500,0.8848875761032104
12147500,0.7304084897041321
12167000,0.6179083585739136
12175500,0.8099141120910645
12178100,0.7703136205673218
12186000,0.6661440134048462
12189500,0.6919345855712891
12375900,0.7876344919204712
12377150,0.8790124654769897
12381400,0.8790415525436401
12383500,0.9010764956474304
12390700,0.8712046146392822
12411000,0.6995676755905151
12447390,0.3171525001525879
12451000,0.8911580443382263
12488500,0.6855589151382446
13011500,0.8925309777259827
13011900,0.8745047450065613
13018300,0.533255934715271
13023000,0.9341198801994324
13161500,0.8414550423622131
13235000,0.8913245797157288
13240000,0.8582804799079895
13313000,0.882408618927002
13331500,0.8230920433998108
14020000,0.6714900135993958
14096850,0.458934485912323
14137000,0.6583596467971802
14138800,0.6246836185455322
14138870,0.7639076709747314
14138900,0.6966921091079712
14139800,0.7446423768997192
14141500,0.7554821372032166
14154500,0.7585034370422363
14158790,0.48964571952819824
14166500,0.8937515616416931
14182500,0.6600655913352966
14185000,0.7203941941261292
14185900,0.7339399456977844
14187000,0.8352919816970825
14216500,0.46804821491241455
14222500,0.7594462037086487
14236200,0.8157902359962463
14301000,0.8890921473503113
14303200,0.7798169255256653
14305500,0.8426520228385925
14306340,0.7910928726196289
14306500,0.8362535834312439
14308990,0.8735027313232422
14309500,0.6168712377548218
14316700,0.6751397848129272
14325000,0.6282857656478882
14362250,0.6229903697967529
14400000,0.8559752702713013
=== DONE ===
### ---------- end ----------
### exit_code=0
### finished=2026-09-17T11:52:10+0800
