### channel=id33-transformer-recipe-repair seq=46
### host=login4
### started=2026-09-10T09:10:36+0800
### ---------- output ----------
=== STAMP ===
2026-09-10T09:10:36+0800
=== EPOCHWISE MEDIANS ===
###EPOCHS T1 results/33_transformer_recipe_repair/T1/transformer_recipe_repair_T1_2026_0909_1839_ep30
1,0.45918
2,0.46342
3,0.51226
4,0.54383
5,0.57148
6,0.58078
7,0.61169
8,0.49919
9,0.60016
10,0.60212
11,0.62787
12,0.62512
13,0.64225
14,0.62561
15,0.64221
16,0.62926
17,0.63844
18,0.63976
19,0.65148
20,0.62880
21,0.65689
22,0.66053
23,0.66745
24,0.66335
25,0.65145
26,0.66746
27,0.66786
28,0.66427
29,0.66420
30,0.67052
###EPOCHS T2 results/33_transformer_recipe_repair/T2/transformer_recipe_repair_T2_2026_0909_1839_ep30
1,0.48203
2,0.48086
3,0.55560
4,0.56873
5,0.57852
6,0.61305
7,0.62543
8,0.59212
9,0.64632
10,0.62715
11,0.65665
12,0.67349
13,0.67849
14,0.66741
15,0.68903
16,0.67168
17,0.68811
18,0.67979
19,0.69337
20,0.67590
21,0.70536
22,0.70563
23,0.71037
24,0.70519
25,0.70678
26,0.70829
27,0.70780
28,0.70575
29,0.71348
30,0.70364
###EPOCHS T3 results/33_transformer_recipe_repair/T3/transformer_recipe_repair_T3_2026_0909_1839_ep30
1,0.47230
2,0.46210
3,0.50949
4,0.56358
5,0.58361
6,0.59822
7,0.60996
8,0.58707
9,0.62502
10,0.61042
11,0.64897
12,0.65071
13,0.65949
14,0.65286
15,0.66356
16,0.65392
17,0.67136
18,0.65724
19,0.67631
20,0.66988
21,0.68780
22,0.68589
23,0.69383
24,0.68173
25,0.68285
26,0.68654
27,0.69327
28,0.69203
29,0.68612
30,0.68790
###EPOCHS T4 results/33_transformer_recipe_repair/T4/transformer_recipe_repair_T4_2026_0909_1836_ep30
1,0.66280
2,0.67491
3,0.68022
4,0.67257
5,0.68274
6,0.69276
7,0.67630
8,0.68346
9,0.68749
10,0.68397
11,0.69314
12,0.69434
13,0.68809
14,0.68508
15,0.69229
16,0.69467
17,0.69042
18,0.68966
19,0.68552
20,0.68739
21,0.68913
22,0.69382
23,0.68980
24,0.69333
25,0.68960
26,0.69245
27,0.69334
28,0.69452
29,0.69005
30,0.69203
###EPOCHS T5 results/33_transformer_recipe_repair/T5/transformer_recipe_repair_T5_2026_0909_1836_ep30
1,0.47373
2,0.56199
3,0.57553
4,0.58501
5,0.60593
6,0.61623
7,0.61985
8,0.61978
9,0.64149
10,0.65709
11,0.67589
12,0.67219
13,0.69197
14,0.66516
15,0.69088
16,0.67207
17,0.67663
18,0.68810
19,0.68058
20,0.70225
21,0.70371
22,0.69953
23,0.71047
24,0.70580
25,0.69422
26,0.70640
27,0.70649
28,0.70780
29,0.70641
30,0.70473
###EPOCHS L33 results/33_transformer_recipe_repair/L33/transformer_recipe_repair_L33_2026_0909_1836_ep30
1,0.68259
2,0.69530
3,0.70639
4,0.69373
5,0.69627
6,0.70866
7,0.70444
8,0.69166
9,0.69074
10,0.69757
11,0.69383
12,0.69288
13,0.68855
14,0.68725
15,0.68175
16,0.68959
17,0.69174
18,0.68689
19,0.68391
20,0.68138
21,0.68491
22,0.68479
23,0.68244
24,0.68049
25,0.68040
26,0.67714
27,0.68238
28,0.67688
29,0.67756
30,0.67714
###EPOCHS C3 results/33_transformer_recipe_repair/C3/transformer_recipe_repair_C3_2026_0909_1839_ep30
1,0.51158
2,0.54429
3,0.58440
4,0.58983
5,0.58544
6,0.58318
7,0.62247
8,0.62783
9,0.63033
10,0.63547
11,0.66333
12,0.65976
13,0.66265
14,0.67032
15,0.66821
16,0.66385
17,0.66713
18,0.67702
19,0.68059
20,0.67310
21,0.69138
22,0.68499
23,0.68439
24,0.67673
25,0.67609
26,0.69065
27,0.69469
28,0.69044
29,0.68858
30,0.68558
###EPOCHS C4 results/33_transformer_recipe_repair/C4/transformer_recipe_repair_C4_2026_0909_1839_ep30
1,0.57602
2,0.61346
3,0.65457
4,0.66442
5,0.65689
6,0.66378
7,0.68435
8,0.68476
9,0.68139
10,0.67293
11,0.69434
12,0.69759
13,0.70358
14,0.70085
15,0.70538
16,0.70239
17,0.70001
18,0.69909
19,0.69565
20,0.70436
21,0.70936
22,0.70354
23,0.70882
24,0.70898
25,0.70386
26,0.70650
27,0.70697
28,0.70484
29,0.70486
30,0.70602
###EPOCHS C5 results/33_transformer_recipe_repair/C5/transformer_recipe_repair_C5_2026_0909_1839_ep30
1,0.55531
2,0.58038
3,0.59078
4,0.60645
5,0.59752
6,0.60529
7,0.60724
8,0.59457
9,0.61283
10,0.63746
11,0.64450
12,0.65607
13,0.65752
14,0.65052
15,0.65408
16,0.64576
17,0.66026
18,0.66123
19,0.66648
20,0.67328
21,0.66454
22,0.66496
23,0.67667
24,0.67109
25,0.67276
26,0.66912
27,0.67361
28,0.67524
29,0.67858
30,0.68157
=== PERBASIN ARMS ===
###ARM T1 rows=532
basin,NSE
01022500,0.7835271954536438
01031500,0.8246312141418457
01047000,0.791706919670105
01052500,0.8647802472114563
01054200,0.6282954216003418
01055000,0.6047812104225159
01057000,0.7967970371246338
01073000,0.6983619928359985
01078000,0.8568460941314697
01123000,0.7421995997428894
01134500,0.7658672332763672
01137500,0.8107535243034363
01139000,0.813001275062561
01139800,0.7376123666763306
01142500,0.7103395462036133
01144000,0.8154473900794983
01162500,0.6663709282875061
01169000,0.7713991403579712
01170100,0.7645391225814819
01181000,0.6932244896888733
01187300,0.8115960359573364
01195100,0.6671676635742188
01333000,0.4841649532318115
01350000,0.636831521987915
01350080,0.2831658720970154
01350140,0.5148266553878784
01365000,0.7082170248031616
01411300,0.3631807565689087
01413500,0.3544781804084778
01414500,0.5475525259971619
01415000,0.5153915286064148
01423000,0.6101878881454468
01434025,0.3508738875389099
01435000,0.7299244403839111
01439500,0.7001523375511169
01440000,0.8102549910545349
01440400,0.7006672620773315
01451800,0.6821140050888062
01466500,0.8106623888015747
01484100,0.6721036434173584
01487000,0.4794982671737671
01491000,0.8668001294136047
01510000,0.5975049734115601
01516500,0.4794793128967285
01518862,0.6868780851364136
01532000,0.6705217361450195
01539000,0.8113100528717041
01542810,0.7371519804000854
01543000,0.8456445932388306
01543500,0.8651329278945923
01544500,0.7957378625869751
01545600,0.7720100283622742
01547700,0.6732363700866699
01548500,0.7966214418411255
01549500,0.7413449287414551
01550000,0.7934701442718506
01552000,0.7271109819412231
01552500,0.6596324443817139
01557500,0.8504467606544495
01567500,0.7650443911552429
01568000,0.8315591216087341
01580000,0.5521240234375
01583500,0.4557873010635376
01586610,0.5486956834793091
01591400,0.17001444101333618
01594950,0.7150043249130249
01596500,0.7767132520675659
01605500,0.6389776468276978
01606500,0.7066667079925537
01632000,0.5122542381286621
01632900,0.6642520427703857
01634500,0.6140302419662476
01638480,0.48341840505599976
01639500,0.6022800207138062
01644000,0.7872118353843689
01664000,0.7477208971977234
01666500,0.5679311752319336
01667500,0.770926296710968
01669000,0.6897725462913513
01669520,0.7309094667434692
02011400,0.8377411365509033
02013000,0.7706893086433411
02014000,0.8601866960525513
02015700,0.6359756588935852
02016000,0.7836973071098328
02017500,0.7193231582641602
02018000,0.7543188333511353
02027000,0.6494884490966797
02027500,0.5858625173568726
02028500,0.7011487483978271
02038850,0.5289274454116821
02046000,0.7757238149642944
02051500,0.7573750615119934
02053200,0.7230492234230042
02053800,0.8189170360565186
02055100,0.5726274251937866
02056900,0.7443891763687134
02059500,0.6701409220695496
02064000,0.8372257947921753
02065500,0.2824024558067322
02069700,0.5202574729919434
02070000,0.6276834011077881
02074500,0.5077611207962036
02077200,0.6256014108657837
02081500,0.6678906679153442
02082950,0.7547773122787476
02092500,0.8325186967849731
02096846,0.5862324833869934
02102908,0.6150449514389038
02108000,0.7648816108703613
02111180,0.6276477575302124
02111500,0.5368971228599548
02112120,0.4449138641357422
02112360,0.6695009469985962
02118500,0.5455982089042664
02125000,0.7394827008247375
02128000,0.6105068922042847
02137727,0.7118798494338989
02140991,0.7366786003112793
02143000,0.630273699760437
02143040,0.44023746252059937
02149000,0.6887232661247253
02152100,0.5907621383666992
02177000,0.5547646880149841
02178400,0.7351868748664856
02193340,0.8217880129814148
02196000,0.8794491291046143
02198100,0.5951605439186096
02202600,0.8287199139595032
02212600,0.6680636405944824
02215100,0.7620720863342285
02216180,0.5436899065971375
02221525,0.5164586305618286
02231000,0.7820206880569458
02245500,0.5123733282089233
02246000,0.8227814435958862
02296500,0.7431467175483704
02297155,-10.698761940002441
02297310,-1.3007214069366455
02298123,0.6642613410949707
02298608,0.2687229514122009
02299950,0.32773905992507935
02300700,0.0937114953994751
02342933,0.32250237464904785
02349900,0.6235132217407227
02350900,0.8011255264282227
02361000,0.7002670764923096
02363000,0.7493108510971069
02369800,0.7782225012779236
02371500,0.4934060573577881
02372250,0.5466588735580444
02374500,0.22433781623840332
02381600,0.2742840647697449
02384540,0.7179758548736572
02395120,0.09939032793045044
02415000,0.6409631371498108
02427250,0.8323784470558167
02430085,0.6405223608016968
02450250,0.5548113584518433
02464000,0.624750018119812
02464360,0.6175147294998169
02465493,-1.7009224891662598
02469800,0.7110145092010498
02472000,0.8525080680847168
02472500,0.5754599571228027
02479155,0.5507162809371948
02479300,0.7645540237426758
02479560,0.6346484422683716
02481000,0.5326818227767944
02481510,0.5944024324417114
03010655,0.7381331324577332
03011800,0.7630969285964966
03015500,0.768918514251709
03021350,0.6274734735488892
03026500,0.8251690864562988
03028000,0.8199945688247681
03049000,0.8452785015106201
03049800,0.5666549205780029
03050000,0.7793704867362976
03069500,0.8163645267486572
03070500,0.7595698833465576
03076600,0.7161550521850586
03078000,0.7473081946372986
03140000,0.7599238157272339
03144000,0.7557458281517029
03170000,0.777553915977478
03173000,0.8485767841339111
03180500,0.8033908009529114
03182500,0.8582825064659119
03186500,0.7718217968940735
03237280,0.5811176896095276
03237500,0.5741442441940308
03238500,0.6113818883895874
03241500,0.832327663898468
03280700,0.5959605574607849
03281500,0.6887343525886536
03285000,0.7346241474151611
03291780,0.4974760413169861
03338780,0.531984806060791
03340800,0.8162177801132202
03346000,0.7786426544189453
03364500,0.6331625580787659
03366500,0.4496433138847351
03368000,0.5624986290931702
03384450,0.7223448753356934
03439000,0.6641824245452881
03455500,0.33399051427841187
03456500,0.5071914196014404
03460000,0.7191078066825867
03463300,0.4675295948982239
03471500,0.768423318862915
03473000,0.8391609787940979
03479000,0.42943060398101807
03488000,0.7854819297790527
03498500,0.8056232929229736
03500000,0.6830416321754456
03500240,0.2683582305908203
03504000,0.6970646381378174
03574500,0.6433945298194885
03592718,0.24562042951583862
03604000,0.7337213158607483
04015330,0.5677280426025391
04024430,0.6528908014297485
04027000,0.5315873622894287
04040500,0.7508932948112488
04043050,0.8343357443809509
04045500,0.869676947593689
04057510,0.7854009866714478
04057800,0.31992363929748535
04059500,0.8784807920455933
04063700,0.70705246925354
04074950,0.6905363202095032
04105700,-0.71824049949646
04115265,0.5893439054489136
04122200,0.741471529006958
04122500,0.5855417251586914
04127918,0.4106695055961609
04127997,0.7328312397003174
04161580,0.6838515996932983
04185000,0.6639074087142944
04196800,0.5655010938644409
04197100,0.675871729850769
04197170,0.7408792972564697
04213000,0.5984559655189514
04213075,0.38197046518325806
04216418,0.5686130523681641
04221000,0.7816392779350281
04224775,0.7511052489280701
04233000,0.7034628987312317
04256000,0.73832106590271
04296000,0.7062726020812988
05057200,0.25444018840789795
05120500,-7.428050994873047
05291000,0.3173762559890747
05362000,0.7942990064620972
05393500,0.7632418870925903
05399500,0.5242447853088379
05408000,0.7038925886154175
05413500,0.6277016997337341
05414000,0.44146728515625
05444000,0.38311243057250977
05454000,0.49953293800354004
05458000,0.5949241518974304
05466500,0.4850640296936035
05487980,0.6461360454559326
05488200,0.6351666450500488
05489000,0.5777176022529602
05495000,0.6494051218032837
05495500,0.4308090806007385
05501000,0.7076289653778076
05503800,0.8006479144096375
05507600,0.6837848424911499
05508805,0.7098633646965027
05525500,0.7836984395980835
05556500,0.6101135015487671
05584500,0.45917946100234985
05591550,0.6770652532577515
05592050,0.6288517713546753
05592575,0.578963577747345
05593575,0.8022791147232056
05593900,0.6027153730392456
05595730,0.8078233003616333
06221400,0.9187010526657104
06224000,0.837539792060852
06278300,0.6944271326065063
06280300,0.6965333223342896
06289000,0.6517190933227539
06291500,0.5703318119049072
06311000,0.6018272638320923
06332515,0.4369858503341675
06339100,0.2176142930984497
06344600,0.21544867753982544
06350000,-0.13409745693206787
06352000,0.023451924324035645
06404000,0.5422472953796387
06406000,0.14111900329589844
06409000,-2.7271461486816406
06431500,0.6261349320411682
06440200,0.49347585439682007
06447500,0.697472870349884
06470800,0.6504212617874146
06477500,-0.1824854612350464
06479215,0.37532883882522583
06601000,0.29097479581832886
06614800,0.7469932436943054
06622700,0.8269592523574829
06623800,0.8704594969749451
06632400,0.8445678949356079
06746095,0.6423624753952026
06803510,0.7074251174926758
06803530,0.6535059809684753
06814000,0.6430501341819763
06847900,0.013892531394958496
06853800,0.2320275902748108
06876700,0.5841902494430542
06878000,0.6864758729934692
06879650,0.2866119146347046
06885500,0.838054895401001
06888500,0.6962893605232239
06889200,0.7010470032691956
06889500,0.723884105682373
06892000,0.6929724812507629
06903400,0.6011848449707031
06906800,0.6039442420005798
06910800,0.8317407369613647
06911900,0.7477699518203735
06917000,0.7000826597213745
06918460,0.3310110569000244
06919500,0.751223087310791
06921070,0.6352242231369019
06921200,0.6362783908843994
07057500,0.8749115467071533
07060710,0.5510544776916504
07066000,0.8691877722740173
07083000,0.9069862961769104
07142300,0.4483705759048462
07145700,0.7633726596832275
07167500,0.7012002468109131
07180500,0.7847995758056641
07184000,0.5570752620697021
07195800,-0.3389918804168701
07196900,0.6410861015319824
07197000,0.8358736038208008
07208500,0.48464685678482056
07261000,0.898208737373352
07263295,0.5495041608810425
07291000,0.5305514931678772
07299670,0.33725428581237793
07301410,-0.01547253131866455
07315200,0.5686619877815247
07315700,0.6780802011489868
07335700,0.6363045573234558
07340300,0.7167665958404541
07346045,0.6617631912231445
07359610,0.6513457298278809
07362100,0.44144803285598755
07362587,0.4257602095603943
07375000,0.4829815626144409
08013000,0.6898753643035889
08014500,0.44595372676849365
08023080,0.4419527053833008
08050800,0.49392855167388916
08066200,0.6662611961364746
08066300,0.45586997270584106
08070000,0.48102933168411255
08070200,0.36902403831481934
08082700,-1.0864262580871582
08086212,0.3475821614265442
08086290,0.5341652631759644
08101000,0.553374171257019
08103900,0.5792456269264221
08104900,0.36128419637680054
08109700,0.5441933274269104
08150800,-0.24195802211761475
08158700,0.14251917600631714
08158810,0.054653286933898926
08164300,0.5278899669647217
08164600,0.5601962804794312
08165300,-9.86301040649414
08171300,0.5202288627624512
08175000,0.5331562757492065
08176900,0.2649211287498474
08178880,0.2654380202293396
08189500,0.39659905433654785
08190000,0.09821659326553345
08190500,-0.010217070579528809
08194200,0.2971543073654175
08195000,0.34647053480148315
08196000,0.43180984258651733
08198500,0.2897568345069885
08200000,0.8031830787658691
08202700,0.34474098682403564
08267500,-0.157448410987854
08269000,0.13556784391403198
08271000,-0.06546008586883545
08324000,0.4672675132751465
08377900,0.5635536313056946
08378500,0.6795797944068909
08380500,0.16434627771377563
09035800,0.8702436089515686
09035900,0.9361995458602905
09047700,0.8298206329345703
09065500,0.9232532978057861
09066000,0.949635922908783
09066200,0.9087153673171997
09066300,0.8695493936538696
09081600,0.8220406174659729
09107000,0.8638757467269897
09210500,0.8077795505523682
09223000,0.810124397277832
09306242,0.11632579565048218
09312600,0.5396397113800049
09352900,0.6629375219345093
09378170,0.38001132011413574
09386900,0.01391690969467163
09404450,-2.9668262004852295
09430600,0.029342949390411377
09447800,-2.0095736980438232
09484600,0.039997756481170654
09492400,0.15787851810455322
09494000,0.380038321018219
09497980,0.6236165761947632
09505350,0.3232439160346985
09505800,0.6433166861534119
09508300,0.18054091930389404
09510200,0.4049840569496155
09512280,0.28354793787002563
09513780,-0.06359636783599854
10234500,0.3255763649940491
10244950,-0.16594219207763672
10259000,0.4783400297164917
10336645,0.661695659160614
10336660,0.921139121055603
10343500,-0.19320893287658691
11124500,0.6965170502662659
11141280,-0.7317473888397217
11143000,0.27598685026168823
11148900,0.47001975774765015
11151300,-2.0034563541412354
11176400,0.4733741283416748
11230500,0.6539216637611389
11237500,0.9029366374015808
11264500,0.9200684428215027
11266500,0.9069907665252686
11284400,0.2128814458847046
11381500,0.4510905146598816
11451100,0.6851926445960999
11468500,0.7918662428855896
11473900,0.6970030665397644
11475560,0.6895114183425903
11476600,0.840765118598938
11478500,0.7102844715118408
11480390,0.5989881753921509
11481200,0.8321722745895386
11482500,0.9196428656578064
11522500,0.678589403629303
11523200,0.6851965188980103
11528700,0.5772547721862793
11532500,0.9036754965782166
12010000,0.8602340817451477
12013500,0.8339429497718811
12020000,0.31791818141937256
12025700,0.7800629734992981
12035000,0.807732105255127
12040500,0.7405527830123901
12041200,0.7268509864807129
12048000,0.7314391136169434
12054000,0.7403783798217773
12056500,0.637103796005249
12073500,0.7351182103157043
12082500,0.7268435955047607
12092000,0.7372583746910095
12114500,0.6670722365379333
12115000,0.7315746545791626
12117000,0.7468215823173523
12143600,0.7390921115875244
12144000,0.780203104019165
12145500,0.8146040439605713
12147500,0.7105530500411987
12167000,0.5556671619415283
12175500,0.8093581199645996
12178100,0.7447124719619751
12186000,0.7348570823669434
12189500,0.6815747022628784
12375900,0.7662453651428223
12377150,0.8245993852615356
12381400,0.8219422698020935
12383500,0.7976303696632385
12390700,0.6052684783935547
12411000,0.46643441915512085
12447390,0.5801420211791992
12451000,0.8326730132102966
12488500,0.692348301410675
13011500,0.8545970320701599
13011900,0.7598982453346252
13018300,0.5832433700561523
13023000,0.8997179269790649
13161500,0.752453088760376
13235000,0.8007959127426147
13240000,0.8637721538543701
13313000,0.8438475131988525
13331500,0.8020968437194824
14020000,0.27682065963745117
14096850,0.35133063793182373
14137000,0.6907113790512085
14138800,0.6898543834686279
14138870,0.763030469417572
14138900,0.6839526891708374
14139800,0.7932762503623962
14141500,0.7773156762123108
14154500,0.7825554609298706
14158790,0.591299831867218
14166500,0.8700090646743774
14182500,0.6873555183410645
14185000,0.7795888781547546
14185900,0.7314690351486206
14187000,0.8273188471794128
14216500,0.5401044487953186
14222500,0.8376144170761108
14236200,0.7735487222671509
14301000,0.8804242610931396
14303200,0.7442301511764526
14305500,0.8272993564605713
14306340,0.800247848033905
14306500,0.8552902936935425
14308990,0.8166794776916504
14309500,0.7580612897872925
14316700,0.755329430103302
14325000,0.6141567230224609
14362250,-0.3312269449234009
14400000,0.871670126914978
###ARM T2 rows=532
basin,NSE
01022500,0.769884467124939
01031500,0.8404119610786438
01047000,0.8254061937332153
01052500,0.8869221210479736
01054200,0.6380382776260376
01055000,0.6993356943130493
01057000,0.7868595123291016
01073000,0.7206831574440002
01078000,0.7965317964553833
01123000,0.7827686071395874
01134500,0.795238733291626
01137500,0.7383334636688232
01139000,0.7515222430229187
01139800,0.719470739364624
01142500,0.6464604735374451
01144000,0.7484434843063354
01162500,0.6240283846855164
01169000,0.7169731259346008
01170100,0.728469729423523
01181000,0.7027438879013062
01187300,0.8290706276893616
01195100,0.7343095541000366
01333000,0.5300304889678955
01350000,0.641203761100769
01350080,0.5938341617584229
01350140,0.6606009006500244
01365000,0.7784027457237244
01411300,0.7791332602500916
01413500,0.6681513786315918
01414500,0.5319945216178894
01415000,0.6285550594329834
01423000,0.7053216695785522
01434025,0.6245287656784058
01435000,0.6849616765975952
01439500,0.7208589911460876
01440000,0.7665594816207886
01440400,0.683391809463501
01451800,0.685663104057312
01466500,0.753547728061676
01484100,0.7808017730712891
01487000,0.8431673645973206
01491000,0.749064564704895
01510000,0.7235300540924072
01516500,0.6076088547706604
01518862,0.6448639631271362
01532000,0.737351655960083
01539000,0.8485478162765503
01542810,0.8169513940811157
01543000,0.8700404763221741
01543500,0.8900193572044373
01544500,0.8288806676864624
01545600,0.807007908821106
01547700,0.6294810771942139
01548500,0.9081756472587585
01549500,0.7320660352706909
01550000,0.708092212677002
01552000,0.8259270191192627
01552500,0.6951925754547119
01557500,0.797083854675293
01567500,0.8143831491470337
01568000,0.8782886266708374
01580000,0.7036414742469788
01583500,0.5640923976898193
01586610,0.6874699592590332
01591400,0.422865629196167
01594950,0.7736213803291321
01596500,0.7717773914337158
01605500,0.6988236904144287
01606500,0.7705771327018738
01632000,0.5825985074043274
01632900,0.5349689722061157
01634500,0.7119600772857666
01638480,0.6493760347366333
01639500,0.7015153169631958
01644000,0.8888391256332397
01664000,0.8539084792137146
01666500,0.7346508502960205
01667500,0.8357204794883728
01669000,0.7892565727233887
01669520,0.8117153644561768
02011400,0.8961525559425354
02013000,0.8349989056587219
02014000,0.8653966188430786
02015700,0.7693228125572205
02016000,0.7770546674728394
02017500,0.7407893538475037
02018000,0.8302066326141357
02027000,0.6941545009613037
02027500,0.7180031538009644
02028500,0.6775981187820435
02038850,0.6511772871017456
02046000,0.7610283493995667
02051500,0.762052595615387
02053200,0.7579501271247864
02053800,0.8092718124389648
02055100,0.6092766523361206
02056900,0.7446274757385254
02059500,0.6605794429779053
02064000,0.8718419671058655
02065500,0.47510993480682373
02069700,0.5151891708374023
02070000,0.5815538167953491
02074500,0.4640039801597595
02077200,0.7162290811538696
02081500,0.7464652061462402
02082950,0.7434438467025757
02092500,0.8635149002075195
02096846,0.6135209202766418
02102908,0.6488878726959229
02108000,0.8344336748123169
02111180,0.5501614212989807
02111500,0.5906487703323364
02112120,0.5078929662704468
02112360,0.5837353467941284
02118500,0.5561663508415222
02125000,0.8008683919906616
02128000,0.8044954538345337
02137727,0.6856194734573364
02140991,0.6197776794433594
02143000,0.6760110855102539
02143040,0.5838047862052917
02149000,0.7193611860275269
02152100,0.6434690952301025
02177000,0.6553092002868652
02178400,0.7024602293968201
02193340,0.7625216245651245
02196000,0.8508597612380981
02198100,0.5900866985321045
02202600,0.8868215680122375
02212600,0.6535336971282959
02215100,0.7867296934127808
02216180,0.6109557151794434
02221525,0.6730310320854187
02231000,0.9710334539413452
02245500,0.03774368762969971
02246000,0.7867339849472046
02296500,0.4271683692932129
02297155,-11.619691848754883
02297310,-2.3304615020751953
02298123,0.6972439289093018
02298608,-0.15013301372528076
02299950,0.4062878489494324
02300700,-0.3002830743789673
02342933,0.4666516184806824
02349900,0.3799774646759033
02350900,0.8580195307731628
02361000,0.5520673990249634
02363000,0.8104087114334106
02369800,0.7806159257888794
02371500,0.3263574242591858
02372250,-1.5459775924682617
02374500,0.24792736768722534
02381600,0.2509651184082031
02384540,0.6719309091567993
02395120,0.09292525053024292
02415000,0.6642938256263733
02427250,0.3232322335243225
02430085,0.7100344896316528
02450250,0.4342552423477173
02464000,0.7277218103408813
02464360,0.6456117630004883
02465493,-0.4350292682647705
02469800,0.7424947023391724
02472000,0.8284743428230286
02472500,0.3752397298812866
02479155,0.7524526119232178
02479300,0.8727856278419495
02479560,0.7376869320869446
02481000,0.6235315203666687
02481510,0.7596036195755005
03010655,0.8098660707473755
03011800,0.7808982133865356
03015500,0.7969866394996643
03021350,0.7053685188293457
03026500,0.8570290207862854
03028000,0.8456326723098755
03049000,0.8462674021720886
03049800,0.646621584892273
03050000,0.841626763343811
03069500,0.890143871307373
03070500,0.7858583927154541
03076600,0.738824725151062
03078000,0.7918999195098877
03140000,0.727569580078125
03144000,0.7939767241477966
03170000,0.7870559692382812
03173000,0.8966162800788879
03180500,0.7891330122947693
03182500,0.8767982125282288
03186500,0.8612262010574341
03237280,0.552401065826416
03237500,0.5999826192855835
03238500,0.5735791325569153
03241500,0.805589497089386
03280700,0.7550649642944336
03281500,0.7424143552780151
03285000,0.7170466184616089
03291780,0.5688799619674683
03338780,0.6081913709640503
03340800,0.8058816194534302
03346000,0.7776151299476624
03364500,0.6305789947509766
03366500,0.6060881018638611
03368000,0.7786482572555542
03384450,0.619308352470398
03439000,0.6351754069328308
03455500,0.3572966456413269
03456500,0.4248054623603821
03460000,0.7058508396148682
03463300,0.6124457120895386
03471500,0.6079636812210083
03473000,0.7486767768859863
03479000,0.5267528891563416
03488000,0.7602061033248901
03498500,0.7990568280220032
03500000,0.8134135007858276
03500240,0.47532689571380615
03504000,0.6435458660125732
03574500,0.6528769731521606
03592718,0.49864256381988525
03604000,0.8518551588058472
04015330,0.6800931096076965
04024430,0.522210419178009
04027000,0.6713272333145142
04040500,0.8021532893180847
04043050,0.8257057070732117
04045500,0.8396093845367432
04057510,0.7360215783119202
04057800,0.32478612661361694
04059500,0.8306242227554321
04063700,0.6282787919044495
04074950,0.8142229318618774
04105700,0.2181667685508728
04115265,0.6610695123672485
04122200,0.7498669028282166
04122500,0.640447199344635
04127918,0.6015651226043701
04127997,0.7905645370483398
04161580,0.6765625476837158
04185000,0.7637770175933838
04196800,0.800258994102478
04197100,0.6328296661376953
04197170,0.7580808401107788
04213000,0.6863108277320862
04213075,0.49016904830932617
04216418,0.6667293310165405
04221000,0.8166807889938354
04224775,0.7190921306610107
04233000,0.7554049491882324
04256000,0.813376784324646
04296000,0.6477859020233154
05057200,0.14970654249191284
05120500,-23.313535690307617
05291000,0.34080588817596436
05362000,0.8310360908508301
05393500,0.9048213958740234
05399500,0.820508599281311
05408000,0.7877927422523499
05413500,0.7152523994445801
05414000,0.509262204170227
05444000,0.2885833978652954
05454000,0.5307556390762329
05458000,0.6785291433334351
05466500,0.37749385833740234
05487980,0.68843674659729
05488200,0.6888362169265747
05489000,0.681670606136322
05495000,0.6291404366493225
05495500,0.6601203680038452
05501000,0.7073211669921875
05503800,0.8183244466781616
05507600,0.7883256673812866
05508805,0.8111321926116943
05525500,0.8337972164154053
05556500,0.7067095637321472
05584500,0.3984224200248718
05591550,0.6680810451507568
05592050,0.6144745349884033
05592575,0.7429270148277283
05593575,0.8523291349411011
05593900,0.62751305103302
05595730,0.8506812453269958
06221400,0.8923846483230591
06224000,0.9248144030570984
06278300,0.8129762411117554
06280300,0.7061628103256226
06289000,0.48359715938568115
06291500,0.6359612941741943
06311000,0.651877760887146
06332515,0.16470867395401
06339100,0.3716319799423218
06344600,0.2664199471473694
06350000,-0.5081627368927002
06352000,-0.05569171905517578
06404000,0.7369003295898438
06406000,0.06703454256057739
06409000,-2.6770002841949463
06431500,0.6546250581741333
06440200,0.5200474262237549
06447500,0.4533964991569519
06470800,0.6986069679260254
06477500,-0.9357908964157104
06479215,0.39049261808395386
06601000,0.33605140447616577
06614800,0.8556102514266968
06622700,0.8374043703079224
06623800,0.8657742142677307
06632400,0.8136016130447388
06746095,0.7142704129219055
06803510,0.707817792892456
06803530,0.6432334184646606
06814000,0.700840950012207
06847900,-0.17646098136901855
06853800,0.1157083511352539
06876700,0.343045175075531
06878000,0.7803590297698975
06879650,0.18087232112884521
06885500,0.767375111579895
06888500,0.7369486093521118
06889200,0.6552308797836304
06889500,0.647540807723999
06892000,0.8314012289047241
06903400,0.6548714637756348
06906800,0.669806718826294
06910800,0.7465506196022034
06911900,0.7281167507171631
06917000,0.7362756729125977
06918460,0.20659971237182617
06919500,0.8020045757293701
06921070,0.6711632013320923
06921200,0.6470921635627747
07057500,0.9028147459030151
07060710,0.6223001480102539
07066000,0.7876898050308228
07083000,0.8350066542625427
07142300,-0.6919347047805786
07145700,0.8058120012283325
07167500,0.7429436445236206
07180500,0.8071540594100952
07184000,0.70250403881073
07195800,-0.07349002361297607
07196900,0.6830973625183105
07197000,0.7249752283096313
07208500,0.1378781795501709
07261000,0.777550458908081
07263295,0.6807229518890381
07291000,0.19895422458648682
07299670,0.16466164588928223
07301410,-0.08781218528747559
07315200,0.46170008182525635
07315700,0.5631682872772217
07335700,0.5085488557815552
07340300,0.8201120495796204
07346045,0.8631846308708191
07359610,0.7613824009895325
07362100,0.30855995416641235
07362587,0.47432512044906616
07375000,0.03236496448516846
08013000,0.843521237373352
08014500,0.5128400325775146
08023080,0.6306314468383789
08050800,0.4951028823852539
08066200,0.8219180703163147
08066300,0.5523992776870728
08070000,0.45691972970962524
08070200,0.4846659302711487
08082700,-0.045204877853393555
08086212,0.613886833190918
08086290,0.6652390360832214
08101000,0.5307649374008179
08103900,0.26055604219436646
08104900,0.5972698926925659
08109700,0.5314004421234131
08150800,-1.2189178466796875
08158700,0.40721917152404785
08158810,0.4120367169380188
08164300,0.302686870098114
08164600,0.4341675639152527
08165300,-14.565268516540527
08171300,0.6456708908081055
08175000,0.5282441973686218
08176900,0.13300436735153198
08178880,-0.9073158502578735
08189500,0.16649281978607178
08190000,-0.7696988582611084
08190500,-0.0339890718460083
08194200,-1.8301985263824463
08195000,-0.15853893756866455
08196000,0.25813746452331543
08198500,0.40816181898117065
08200000,0.3585853576660156
08202700,0.27983546257019043
08267500,0.22452956438064575
08269000,0.29094624519348145
08271000,0.5871617794036865
08324000,0.44971758127212524
08377900,0.7687381505966187
08378500,0.8078140020370483
08380500,0.42359888553619385
09035800,0.731194794178009
09035900,0.9123356342315674
09047700,0.8748154640197754
09065500,0.9024819731712341
09066000,0.8586861491203308
09066200,0.8391395807266235
09066300,0.9271877408027649
09081600,0.9108479022979736
09107000,0.8991653323173523
09210500,0.688352644443512
09223000,0.8429628610610962
09306242,-0.5266118049621582
09312600,0.6276401281356812
09352900,0.7091403007507324
09378170,0.5053110718727112
09386900,0.024668514728546143
09404450,-0.9057300090789795
09430600,0.09403306245803833
09447800,-3.743626594543457
09484600,0.009236812591552734
09492400,0.5295559167861938
09494000,0.6397358775138855
09497980,0.04079627990722656
09505350,0.29815465211868286
09505800,-0.00959479808807373
09508300,0.33625978231430054
09510200,0.6098827123641968
09512280,0.20946919918060303
09513780,0.041935741901397705
10234500,0.6486634016036987
10244950,-1.591449499130249
10259000,0.3933190703392029
10336645,0.7597354054450989
10336660,0.9384315609931946
10343500,-0.25851523876190186
11124500,0.7371882200241089
11141280,-0.517177939414978
11143000,0.09047389030456543
11148900,0.4495939612388611
11151300,-0.40697813034057617
11176400,0.5476595759391785
11230500,0.31070607900619507
11237500,0.8189894556999207
11264500,0.8083553910255432
11266500,0.8217105269432068
11284400,0.40768831968307495
11381500,0.7260376214981079
11451100,0.7366567254066467
11468500,0.8835976719856262
11473900,0.7700713276863098
11475560,0.7157489061355591
11476600,0.8347840309143066
11478500,0.7098298072814941
11480390,0.5887701511383057
11481200,0.8151217699050903
11482500,0.8335554003715515
11522500,0.7390310764312744
11523200,0.8055500984191895
11528700,0.4304078221321106
11532500,0.8812926411628723
12010000,0.8377302289009094
12013500,0.8077607154846191
12020000,0.3218018412590027
12025700,0.849189817905426
12035000,0.853813111782074
12040500,0.7878916263580322
12041200,0.7476280331611633
12048000,0.715343713760376
12054000,0.7842347025871277
12056500,0.6895611882209778
12073500,0.7660799622535706
12082500,0.6896180510520935
12092000,0.7399779558181763
12114500,0.5886058807373047
12115000,0.6609660983085632
12117000,0.830160915851593
12143600,0.7118411064147949
12144000,0.6742311716079712
12145500,0.8970068693161011
12147500,0.7289406061172485
12167000,0.6653835773468018
12175500,0.8311641812324524
12178100,0.7334859371185303
12186000,0.6880428791046143
12189500,0.5857420563697815
12375900,0.7699763774871826
12377150,0.885534405708313
12381400,0.8152985572814941
12383500,0.8974618911743164
12390700,0.8405777215957642
12411000,0.627795934677124
12447390,0.8292877674102783
12451000,0.8582234382629395
12488500,0.7895746827125549
13011500,0.8540400266647339
13011900,0.8289387226104736
13018300,0.5489658117294312
13023000,0.8679049015045166
13161500,0.7902984619140625
13235000,0.7323111295700073
13240000,0.9105740785598755
13313000,0.8982320427894592
13331500,0.8158416152000427
14020000,0.5005578994750977
14096850,-0.07020330429077148
14137000,0.6978112459182739
14138800,0.6644413471221924
14138870,0.7135960459709167
14138900,0.6802436113357544
14139800,0.6963791251182556
14141500,0.7309186458587646
14154500,0.8155615329742432
14158790,0.6181607246398926
14166500,0.8810880780220032
14182500,0.707801103591919
14185000,0.8168403506278992
14185900,0.7694226503372192
14187000,0.8590987920761108
14216500,0.6635122895240784
14222500,0.8470119833946228
14236200,0.8111222982406616
14301000,0.883318305015564
14303200,0.6600093841552734
14305500,0.8363386392593384
14306340,0.7856370210647583
14306500,0.8758872747421265
14308990,0.8264750242233276
14309500,0.7362715005874634
14316700,0.7688627243041992
14325000,0.7257360816001892
14362250,0.17875444889068604
14400000,0.8750520944595337
###ARM T3 rows=532
basin,NSE
01022500,0.7696271538734436
01031500,0.8041441440582275
01047000,0.8465606570243835
01052500,0.8512604236602783
01054200,0.599172055721283
01055000,0.6950942277908325
01057000,0.8208684325218201
01073000,0.8440601825714111
01078000,0.8218332529067993
01123000,0.7967101335525513
01134500,0.7589937448501587
01137500,0.773709237575531
01139000,0.7805331349372864
01139800,0.7206500768661499
01142500,0.6582725048065186
01144000,0.8145034909248352
01162500,0.6788077354431152
01169000,0.6704277992248535
01170100,0.6964136362075806
01181000,0.5948854684829712
01187300,0.7112318873405457
01195100,0.7116345167160034
01333000,0.5150206089019775
01350000,0.8017656803131104
01350080,0.6702345013618469
01350140,0.5324991941452026
01365000,0.7152246236801147
01411300,0.7298079133033752
01413500,0.6182693243026733
01414500,0.6413347721099854
01415000,0.5354568958282471
01423000,0.5731702446937561
01434025,0.6764370203018188
01435000,0.6995527744293213
01439500,0.6995189189910889
01440000,0.7673471570014954
01440400,0.6827811002731323
01451800,0.7411321401596069
01466500,0.8116352558135986
01484100,0.707935094833374
01487000,0.797111988067627
01491000,0.7256494164466858
01510000,0.7066324949264526
01516500,0.49989527463912964
01518862,0.6473428010940552
01532000,0.5816342830657959
01539000,0.807558536529541
01542810,0.7711482048034668
01543000,0.8461286425590515
01543500,0.866777777671814
01544500,0.7950514554977417
01545600,0.7806927561759949
01547700,0.5834130048751831
01548500,0.8423879146575928
01549500,0.6611688137054443
01550000,0.687895655632019
01552000,0.7420951128005981
01552500,0.5839872360229492
01557500,0.7528298497200012
01567500,0.8054617643356323
01568000,0.8168460726737976
01580000,0.6195541024208069
01583500,0.6152085065841675
01586610,0.6914685964584351
01591400,0.4197089672088623
01594950,0.7486507892608643
01596500,0.7026636004447937
01605500,0.6709333658218384
01606500,0.7741822600364685
01632000,0.5377638339996338
01632900,0.5549104809761047
01634500,0.47983604669570923
01638480,0.4972626566886902
01639500,0.7137423157691956
01644000,0.8868021368980408
01664000,0.8094540238380432
01666500,0.6411673426628113
01667500,0.7484979629516602
01669000,0.7792806625366211
01669520,0.5917518734931946
02011400,0.8262641429901123
02013000,0.8573484420776367
02014000,0.8583131432533264
02015700,0.6925170421600342
02016000,0.7939908504486084
02017500,0.7975327968597412
02018000,0.8303931355476379
02027000,0.6638668179512024
02027500,0.5620180368423462
02028500,0.7245683670043945
02038850,0.7169251441955566
02046000,0.7830384969711304
02051500,0.7570044994354248
02053200,0.8387616276741028
02053800,0.8693076372146606
02055100,0.7038741707801819
02056900,0.7954631447792053
02059500,0.7016048431396484
02064000,0.8957850337028503
02065500,0.3639059066772461
02069700,0.43687862157821655
02070000,0.5737758874893188
02074500,0.48851603269577026
02077200,0.7525439858436584
02081500,0.7491021156311035
02082950,0.7330528497695923
02092500,0.798967719078064
02096846,0.4251250624656677
02102908,0.6544284820556641
02108000,0.7260736227035522
02111180,0.5719481706619263
02111500,0.5951129198074341
02112120,0.5370519757270813
02112360,0.6654502153396606
02118500,0.5625430345535278
02125000,0.8682683706283569
02128000,0.7473722696304321
02137727,0.6580897569656372
02140991,0.6811034083366394
02143000,0.6745661497116089
02143040,0.43610841035842896
02149000,0.7024253606796265
02152100,0.5524646043777466
02177000,0.7243613004684448
02178400,0.7176190614700317
02193340,0.8042197227478027
02196000,0.8277522325515747
02198100,0.6044034957885742
02202600,0.8570718765258789
02212600,0.6928682923316956
02215100,0.7761938571929932
02216180,0.7724115252494812
02221525,0.5289664268493652
02231000,0.8262909650802612
02245500,0.6071370840072632
02246000,0.7531961798667908
02296500,0.5590120553970337
02297155,-15.900943756103516
02297310,-0.9455249309539795
02298123,0.8420676589012146
02298608,-0.0021833181381225586
02299950,0.45873427391052246
02300700,-0.18352830410003662
02342933,0.4606330394744873
02349900,0.48706144094467163
02350900,0.8055049777030945
02361000,0.29657626152038574
02363000,0.6377164125442505
02369800,0.7463417649269104
02371500,0.0625157356262207
02372250,-1.577683687210083
02374500,0.4569103717803955
02381600,0.1713857650756836
02384540,0.3493497967720032
02395120,0.3125472664833069
02415000,0.3518133759498596
02427250,0.6396296620368958
02430085,0.7223562598228455
02450250,0.5171892642974854
02464000,0.7352045774459839
02464360,0.5714667439460754
02465493,-1.5304579734802246
02469800,0.7294861078262329
02472000,0.8267911076545715
02472500,0.39432066679000854
02479155,0.6497551202774048
02479300,0.7625798583030701
02479560,0.635015606880188
02481000,0.4717237949371338
02481510,0.6032320261001587
03010655,0.8151315450668335
03011800,0.7917366027832031
03015500,0.8243541121482849
03021350,0.6968240737915039
03026500,0.8352755308151245
03028000,0.8317371606826782
03049000,0.7878615260124207
03049800,0.6273273229598999
03050000,0.7516821622848511
03069500,0.8749266862869263
03070500,0.7776249647140503
03076600,0.6802683472633362
03078000,0.7292060852050781
03140000,0.7677258253097534
03144000,0.7912178635597229
03170000,0.8237002491950989
03173000,0.8497244715690613
03180500,0.7569073438644409
03182500,0.8788713216781616
03186500,0.8634449243545532
03237280,0.613224983215332
03237500,0.6697291731834412
03238500,0.6826944351196289
03241500,0.8297150731086731
03280700,0.7036302089691162
03281500,0.796638011932373
03285000,0.6748162508010864
03291780,0.5349926352500916
03338780,0.5755108594894409
03340800,0.844376802444458
03346000,0.7901392579078674
03364500,0.6748207807540894
03366500,0.5495582222938538
03368000,0.7466448545455933
03384450,0.754770040512085
03439000,0.6771395206451416
03455500,0.31395208835601807
03456500,0.4674156904220581
03460000,0.6250230669975281
03463300,0.6260147094726562
03471500,0.60335373878479
03473000,0.6115902662277222
03479000,0.3338090777397156
03488000,0.7726234793663025
03498500,0.7694463133811951
03500000,0.7571775913238525
03500240,0.27815574407577515
03504000,0.6163805723190308
03574500,0.6464971303939819
03592718,0.43909358978271484
03604000,0.7327466607093811
04015330,0.5622873306274414
04024430,0.40359562635421753
04027000,0.5852611064910889
04040500,0.7373521327972412
04043050,0.7272094488143921
04045500,0.864036500453949
04057510,0.8120906352996826
04057800,0.4415859580039978
04059500,0.8106366395950317
04063700,0.6462748646736145
04074950,0.7997910976409912
04105700,0.0030614137649536133
04115265,0.648019552230835
04122200,0.7887935042381287
04122500,0.6076282262802124
04127918,0.30888140201568604
04127997,0.6369873881340027
04161580,0.7232043147087097
04185000,0.754359781742096
04196800,0.642879068851471
04197100,0.675416111946106
04197170,0.7542051076889038
04213000,0.6916560530662537
04213075,0.45376449823379517
04216418,0.6356183290481567
04221000,0.8344854712486267
04224775,0.7429434061050415
04233000,0.6799629926681519
04256000,0.7651443481445312
04296000,0.7394908666610718
05057200,0.3458118438720703
05120500,-23.049699783325195
05291000,0.27886855602264404
05362000,0.8257388472557068
05393500,0.8732776641845703
05399500,0.661702036857605
05408000,0.6298694610595703
05413500,0.7234803438186646
05414000,0.5120710134506226
05444000,0.4508286714553833
05454000,0.4037308692932129
05458000,0.7186876535415649
05466500,0.5697622299194336
05487980,0.6866734623908997
05488200,0.5437357425689697
05489000,0.5572863817214966
05495000,0.6235226392745972
05495500,0.6401724815368652
05501000,0.7862610816955566
05503800,0.7752879858016968
05507600,0.6614518165588379
05508805,0.7562311291694641
05525500,0.7963916063308716
05556500,0.479917049407959
05584500,0.12004631757736206
05591550,0.6230618953704834
05592050,0.5933346748352051
05592575,0.7283685207366943
05593575,0.7455514669418335
05593900,0.6157413721084595
05595730,0.7232471704483032
06221400,0.921353816986084
06224000,0.7941083908081055
06278300,0.5983164310455322
06280300,0.6796971559524536
06289000,0.4426403045654297
06291500,0.7020838260650635
06311000,0.6606885194778442
06332515,-0.7339727878570557
06339100,0.47088098526000977
06344600,0.055771708488464355
06350000,-0.6427904367446899
06352000,0.006613731384277344
06404000,0.5576690435409546
06406000,0.10080277919769287
06409000,-1.4026551246643066
06431500,0.6509169340133667
06440200,0.5674917697906494
06447500,-0.4452909231185913
06470800,0.7553269863128662
06477500,-1.1627867221832275
06479215,0.2917930483818054
06601000,-0.06423830986022949
06614800,0.7945671081542969
06622700,0.789798378944397
06623800,0.8023008704185486
06632400,0.8005160689353943
06746095,0.7703185677528381
06803510,0.6881874799728394
06803530,0.683072566986084
06814000,0.5697987079620361
06847900,-0.1148383617401123
06853800,0.4580336809158325
06876700,0.47108423709869385
06878000,0.8597593307495117
06879650,0.38570308685302734
06885500,0.7974177598953247
06888500,0.45787233114242554
06889200,0.7294883728027344
06889500,0.7474871277809143
06892000,0.7574894428253174
06903400,0.600208044052124
06906800,0.7887860536575317
06910800,0.6441082954406738
06911900,0.6696863174438477
06917000,0.5708094239234924
06918460,0.11250150203704834
06919500,0.6918306350708008
06921070,0.6065671443939209
06921200,0.6167251467704773
07057500,0.8480054140090942
07060710,0.6576063632965088
07066000,0.8124591112136841
07083000,0.8185825347900391
07142300,0.310496985912323
07145700,0.7581887245178223
07167500,0.845034122467041
07180500,0.7740782499313354
07184000,0.6599932909011841
07195800,-0.23877966403961182
07196900,0.6652251482009888
07197000,0.7220560312271118
07208500,0.31439685821533203
07261000,0.9275051355361938
07263295,0.7660287618637085
07291000,0.33616381883621216
07299670,-0.00836336612701416
07301410,-0.13251733779907227
07315200,0.25281190872192383
07315700,0.5855926275253296
07335700,0.5786013603210449
07340300,0.7729206681251526
07346045,0.7277488708496094
07359610,0.8254733681678772
07362100,0.30779117345809937
07362587,0.5374652147293091
07375000,-0.061322808265686035
08013000,0.8683807849884033
08014500,0.5721399784088135
08023080,0.48190224170684814
08050800,0.5401982069015503
08066200,0.7176008820533752
08066300,0.43700283765792847
08070000,0.28263717889785767
08070200,0.33298981189727783
08082700,0.11063027381896973
08086212,0.5494152307510376
08086290,0.48254847526550293
08101000,0.577253520488739
08103900,0.4768791198730469
08104900,0.5577481389045715
08109700,0.48400169610977173
08150800,-0.8227671384811401
08158700,0.2692486047744751
08158810,0.21738088130950928
08164300,0.4926811456680298
08164600,0.4548853039741516
08165300,-16.164358139038086
08171300,0.4451466202735901
08175000,0.41928744316101074
08176900,0.12344300746917725
08178880,0.18819767236709595
08189500,0.4271964430809021
08190000,-0.02962172031402588
08190500,-0.08908581733703613
08194200,-0.051928043365478516
08195000,0.11639827489852905
08196000,0.2158532738685608
08198500,0.11070883274078369
08200000,0.40769243240356445
08202700,0.1957869529724121
08267500,0.06489372253417969
08269000,0.24922901391983032
08271000,0.3060597777366638
08324000,0.6772327423095703
08377900,0.7772738933563232
08378500,0.7988592386245728
08380500,0.32905012369155884
09035800,0.8022978901863098
09035900,0.8585635423660278
09047700,0.7265764474868774
09065500,0.8216354250907898
09066000,0.881744384765625
09066200,0.8873901963233948
09066300,0.7623308300971985
09081600,0.8068718910217285
09107000,0.8865918517112732
09210500,0.8368286490440369
09223000,0.8742849826812744
09306242,-1.0844993591308594
09312600,0.5131946802139282
09352900,0.7175165414810181
09378170,-0.3849022388458252
09386900,-0.12288987636566162
09404450,-0.5073416233062744
09430600,0.02384805679321289
09447800,-2.2297849655151367
09484600,-0.06682157516479492
09492400,0.021083950996398926
09494000,0.01368016004562378
09497980,0.8051889538764954
09505350,-0.04628634452819824
09505800,0.6620780825614929
09508300,0.27257561683654785
09510200,0.6394044160842896
09512280,0.16705739498138428
09513780,-0.3732973337173462
10234500,0.6785728931427002
10244950,-3.775702476501465
10259000,0.43259161710739136
10336645,0.7516697645187378
10336660,0.9512911438941956
10343500,-0.2197328805923462
11124500,0.7780252695083618
11141280,0.29089033603668213
11143000,0.4763084650039673
11148900,0.5926632881164551
11151300,0.3675413131713867
11176400,0.4833500385284424
11230500,-0.0025407075881958008
11237500,0.8761453032493591
11264500,0.7594338655471802
11266500,0.8012486696243286
11284400,0.5967690944671631
11381500,0.7332342863082886
11451100,0.7227331399917603
11468500,0.868327796459198
11473900,0.8109875917434692
11475560,0.6244868636131287
11476600,0.8037779331207275
11478500,0.6636689901351929
11480390,0.6214655637741089
11481200,0.8244392275810242
11482500,0.8742908239364624
11522500,0.7670513391494751
11523200,0.6687968969345093
11528700,0.6579073071479797
11532500,0.8757867813110352
12010000,0.8221657276153564
12013500,0.7922363877296448
12020000,0.36335569620132446
12025700,0.8630991578102112
12035000,0.8075345158576965
12040500,0.8383336663246155
12041200,0.7889615297317505
12048000,0.7746332883834839
12054000,0.7287280559539795
12056500,0.7084201574325562
12073500,0.8892871737480164
12082500,0.7017596364021301
12092000,0.752318263053894
12114500,0.5634158849716187
12115000,0.6643800139427185
12117000,0.8125792145729065
12143600,0.730419933795929
12144000,0.7389318943023682
12145500,0.8686698079109192
12147500,0.7696223855018616
12167000,0.6388578414916992
12175500,0.7935154438018799
12178100,0.7491251826286316
12186000,0.730445146560669
12189500,0.6762765645980835
12375900,0.7467654943466187
12377150,0.842531144618988
12381400,0.8195115327835083
12383500,0.8243095278739929
12390700,0.752007782459259
12411000,0.4435294270515442
12447390,0.668752908706665
12451000,0.8545064926147461
12488500,0.8054389357566833
13011500,0.7394729256629944
13011900,0.7015987634658813
13018300,0.5328292846679688
13023000,0.9181012511253357
13161500,0.7562215328216553
13235000,0.799241840839386
13240000,0.9213840961456299
13313000,0.9082372188568115
13331500,0.7989903688430786
14020000,0.5263311862945557
14096850,-0.047332048416137695
14137000,0.6572967767715454
14138800,0.6746377944946289
14138870,0.7319979667663574
14138900,0.7074629068374634
14139800,0.7753865718841553
14141500,0.736366868019104
14154500,0.8056739568710327
14158790,0.6130991578102112
14166500,0.901936948299408
14182500,0.7117791175842285
14185000,0.791936457157135
14185900,0.7549089789390564
14187000,0.8323553800582886
14216500,0.6926978826522827
14222500,0.81976318359375
14236200,0.8302484750747681
14301000,0.8929746747016907
14303200,0.7737898230552673
14305500,0.8246946334838867
14306340,0.721733570098877
14306500,0.8656797409057617
14308990,0.8042523860931396
14309500,0.7357017993927002
14316700,0.7295788526535034
14325000,0.661110520362854
14362250,0.1163322925567627
14400000,0.8553641438484192
###ARM T4 rows=532
basin,NSE
01022500,0.7706950902938843
01031500,0.8102761507034302
01047000,0.7812798619270325
01052500,0.8763902187347412
01054200,0.61390221118927
01055000,0.5939606428146362
01057000,0.7550709843635559
01073000,0.709638774394989
01078000,0.822213351726532
01123000,0.8358300924301147
01134500,0.7904523015022278
01137500,0.810054361820221
01139000,0.8179945945739746
01139800,0.6779435873031616
01142500,0.7816359400749207
01144000,0.8231171369552612
01162500,0.6383794546127319
01169000,0.6974018216133118
01170100,0.6778522729873657
01181000,0.6231139302253723
01187300,0.6725462079048157
01195100,0.7644100189208984
01333000,0.5057941675186157
01350000,0.7758417129516602
01350080,0.784424364566803
01350140,0.7467309236526489
01365000,0.743696928024292
01411300,0.7747094631195068
01413500,0.6420423984527588
01414500,0.47848719358444214
01415000,0.5774237513542175
01423000,0.7261368036270142
01434025,0.4715620279312134
01435000,0.6741376519203186
01439500,0.7506901025772095
01440000,0.7049311399459839
01440400,0.7027771472930908
01451800,0.742519736289978
01466500,0.7684088945388794
01484100,0.7528879642486572
01487000,0.9205718040466309
01491000,0.9153562188148499
01510000,0.6467493772506714
01516500,0.662682831287384
01518862,0.723939061164856
01532000,0.7626939415931702
01539000,0.8129496574401855
01542810,0.7952013611793518
01543000,0.8742902278900146
01543500,0.8678435683250427
01544500,0.7643337249755859
01545600,0.7662202715873718
01547700,0.7883289456367493
01548500,0.8314130306243896
01549500,0.7559086680412292
01550000,0.7377212047576904
01552000,0.7860364317893982
01552500,0.7011687159538269
01557500,0.8533408641815186
01567500,0.7763675451278687
01568000,0.8584048748016357
01580000,0.7086601257324219
01583500,0.4449564814567566
01586610,0.6396865844726562
01591400,0.5399258732795715
01594950,0.689753532409668
01596500,0.7843639254570007
01605500,0.7204457521438599
01606500,0.7833412885665894
01632000,0.47194087505340576
01632900,0.5802900195121765
01634500,0.661228358745575
01638480,0.5741395950317383
01639500,0.7182087898254395
01644000,0.8164221048355103
01664000,0.8490399122238159
01666500,0.8187541961669922
01667500,0.8520714044570923
01669000,0.7618750333786011
01669520,0.7765594124794006
02011400,0.8548383712768555
02013000,0.9183091521263123
02014000,0.8600572347640991
02015700,0.7645289301872253
02016000,0.8396652340888977
02017500,0.7757461667060852
02018000,0.8436312675476074
02027000,0.6662979125976562
02027500,0.7193875908851624
02028500,0.7346365451812744
02038850,0.6920284032821655
02046000,0.6736951470375061
02051500,0.792493462562561
02053200,0.835680365562439
02053800,0.8011769652366638
02055100,0.7081884145736694
02056900,0.7469426393508911
02059500,0.816891610622406
02064000,0.8321367502212524
02065500,0.3783542513847351
02069700,0.61809241771698
02070000,0.650870680809021
02074500,0.6612781882286072
02077200,0.7217105627059937
02081500,0.7487779259681702
02082950,0.7516787052154541
02092500,0.7038552761077881
02096846,0.49892133474349976
02102908,0.6290625929832458
02108000,0.8016501665115356
02111180,0.6399755477905273
02111500,0.5650677680969238
02112120,0.37941157817840576
02112360,0.5478456020355225
02118500,0.5357928276062012
02125000,0.706973671913147
02128000,0.699212908744812
02137727,0.8045989274978638
02140991,0.7650601863861084
02143000,0.6964036226272583
02143040,0.6174361109733582
02149000,0.6547510623931885
02152100,0.5244225263595581
02177000,0.6973040699958801
02178400,0.7142833471298218
02193340,0.6667702198028564
02196000,0.8498432636260986
02198100,0.6183820366859436
02202600,0.8608323335647583
02212600,0.6235365867614746
02215100,0.6870460510253906
02216180,0.4780479669570923
02221525,0.6419562101364136
02231000,0.9013147950172424
02245500,0.30715274810791016
02246000,0.8639684319496155
02296500,0.27425235509872437
02297155,-6.582664489746094
02297310,-3.7268309593200684
02298123,0.34046775102615356
02298608,-0.7069381475448608
02299950,0.25667840242385864
02300700,0.19421601295471191
02342933,0.4937064051628113
02349900,-0.14460909366607666
02350900,0.8942552804946899
02361000,0.7233594655990601
02363000,0.7635140419006348
02369800,0.6854664087295532
02371500,0.49633485078811646
02372250,-0.45500195026397705
02374500,0.4150822162628174
02381600,0.4938246011734009
02384540,0.5506982803344727
02395120,0.2669944763183594
02415000,0.6958466172218323
02427250,0.37924230098724365
02430085,0.7691515684127808
02450250,0.4867185950279236
02464000,0.6868962049484253
02464360,0.6340197324752808
02465493,0.012339174747467041
02469800,0.7853864431381226
02472000,0.8058944344520569
02472500,0.5685979127883911
02479155,0.6004682183265686
02479300,0.7273252010345459
02479560,0.705984354019165
02481000,0.5620763897895813
02481510,0.7549352645874023
03010655,0.8157778978347778
03011800,0.7285189628601074
03015500,0.7607953548431396
03021350,0.6628102660179138
03026500,0.8275026082992554
03028000,0.8285267353057861
03049000,0.8522816896438599
03049800,0.5751907825469971
03050000,0.857594907283783
03069500,0.8619462251663208
03070500,0.7604250311851501
03076600,0.6884201765060425
03078000,0.7714887857437134
03140000,0.8015016317367554
03144000,0.8142043948173523
03170000,0.8051969408988953
03173000,0.9177572727203369
03180500,0.7829469442367554
03182500,0.870526909828186
03186500,0.8272517323493958
03237280,0.6245496869087219
03237500,0.5551741123199463
03238500,0.6573798060417175
03241500,0.8764883875846863
03280700,0.7652909159660339
03281500,0.8061667680740356
03285000,0.6127831935882568
03291780,0.5984998941421509
03338780,0.44379448890686035
03340800,0.8920907974243164
03346000,0.7274771928787231
03364500,0.6780788898468018
03366500,0.5701035857200623
03368000,0.7641141414642334
03384450,0.7221061587333679
03439000,0.6719035506248474
03455500,0.5491135716438293
03456500,0.44405555725097656
03460000,0.7293970584869385
03463300,0.724709689617157
03471500,0.6861854791641235
03473000,0.6298559904098511
03479000,0.47554975748062134
03488000,0.7625795006752014
03498500,0.8312329053878784
03500000,0.8216909170150757
03500240,0.4432451128959656
03504000,0.5519763231277466
03574500,0.5570902824401855
03592718,0.24479907751083374
03604000,0.7215171456336975
04015330,0.6916509866714478
04024430,0.5968512296676636
04027000,0.34598875045776367
04040500,0.6037209630012512
04043050,0.8388158082962036
04045500,0.8894317746162415
04057510,0.8230880498886108
04057800,0.19529575109481812
04059500,0.8080228567123413
04063700,0.7360175848007202
04074950,0.8399298191070557
04105700,0.4757230281829834
04115265,0.7001127600669861
04122200,0.7509939074516296
04122500,0.5458452701568604
04127918,0.49549055099487305
04127997,0.7310495376586914
04161580,0.7211507558822632
04185000,0.7795044183731079
04196800,0.8194547295570374
04197100,0.8121309876441956
04197170,0.728467583656311
04213000,0.6402031183242798
04213075,0.3963932394981384
04216418,0.7205400466918945
04221000,0.8555362224578857
04224775,0.7099130153656006
04233000,0.7509019374847412
04256000,0.7317270040512085
04296000,0.7201955318450928
05057200,0.5362999439239502
05120500,-17.207324981689453
05291000,0.3515931963920593
05362000,0.8637883067131042
05393500,0.8129410147666931
05399500,0.8007404804229736
05408000,0.6113032102584839
05413500,0.7264715433120728
05414000,0.4470708966255188
05444000,0.523186445236206
05454000,0.5198894739151001
05458000,0.6118420362472534
05466500,0.629236102104187
05487980,0.6280536651611328
05488200,0.6132156848907471
05489000,0.6601477861404419
05495000,0.6615504026412964
05495500,0.5647553205490112
05501000,0.595535397529602
05503800,0.7425276041030884
05507600,0.7627264261245728
05508805,0.7255532145500183
05525500,0.8648016452789307
05556500,0.6081632375717163
05584500,0.5268059372901917
05591550,0.6787046194076538
05592050,0.7233014106750488
05592575,0.7572314739227295
05593575,0.7973888516426086
05593900,0.5981122851371765
05595730,0.7899294495582581
06221400,0.9054958820343018
06224000,0.8932420015335083
06278300,0.7578497529029846
06280300,0.7276729941368103
06289000,0.499897837638855
06291500,0.585110604763031
06311000,0.5931509137153625
06332515,0.18591070175170898
06339100,0.7064799070358276
06344600,0.3863098621368408
06350000,-0.15358424186706543
06352000,0.14609205722808838
06404000,0.7372251749038696
06406000,0.06827950477600098
06409000,-3.8391547203063965
06431500,0.6523038148880005
06440200,0.3942732810974121
06447500,-0.5812618732452393
06470800,0.8551393747329712
06477500,0.015307188034057617
06479215,0.4286666512489319
06601000,0.09957009553909302
06614800,0.818116307258606
06622700,0.7641569375991821
06623800,0.7998837828636169
06632400,0.8017111420631409
06746095,0.7463001012802124
06803510,0.598290205001831
06803530,0.5931729078292847
06814000,0.5449320673942566
06847900,-0.14441514015197754
06853800,0.25743424892425537
06876700,0.4723101258277893
06878000,0.6112197637557983
06879650,0.051998138427734375
06885500,0.6479281187057495
06888500,0.6157584190368652
06889200,0.659256100654602
06889500,0.6103712320327759
06892000,0.5974744558334351
06903400,0.6811304092407227
06906800,0.7269808053970337
06910800,0.5785823464393616
06911900,0.5384507775306702
06917000,0.6542315483093262
06918460,0.4632366895675659
06919500,0.7250330448150635
06921070,0.6086997985839844
06921200,0.642153799533844
07057500,0.8528316617012024
07060710,0.5422351360321045
07066000,0.7684654593467712
07083000,0.8824777603149414
07142300,0.3538965582847595
07145700,0.7972081303596497
07167500,0.7936992049217224
07180500,0.5898079872131348
07184000,0.5182665586471558
07195800,0.31845009326934814
07196900,0.6160654425621033
07197000,0.7708619832992554
07208500,0.48744648694992065
07261000,0.8214555382728577
07263295,0.6226819157600403
07291000,0.47773194313049316
07299670,-0.2660231590270996
07301410,-0.08817601203918457
07315200,0.09321814775466919
07315700,0.6031538248062134
07335700,0.42493540048599243
07340300,0.7266082763671875
07346045,0.86192387342453
07359610,0.6611794233322144
07362100,0.6262047290802002
07362587,0.45990413427352905
07375000,0.37584352493286133
08013000,0.8444320559501648
08014500,0.5760585069656372
08023080,0.7407068610191345
08050800,0.45600593090057373
08066200,0.5382289886474609
08066300,0.4415338635444641
08070000,0.446493923664093
08070200,0.39164870977401733
08082700,0.36030149459838867
08086212,0.6009913086891174
08086290,0.6000865697860718
08101000,0.49003273248672485
08103900,0.4654088616371155
08104900,0.45922255516052246
08109700,0.3903747797012329
08150800,-0.7742311954498291
08158700,0.3957110643386841
08158810,0.4180143475532532
08164300,0.40010660886764526
08164600,0.3899567723274231
08165300,-11.615711212158203
08171300,0.5519001483917236
08175000,0.4001305103302002
08176900,0.3024557828903198
08178880,-0.4889298677444458
08189500,0.5997130870819092
08190000,-0.5865802764892578
08190500,-0.09546053409576416
08194200,-0.5703856945037842
08195000,-0.05919301509857178
08196000,-0.09124374389648438
08198500,0.10467487573623657
08200000,0.3258934020996094
08202700,0.4989987015724182
08267500,0.051441073417663574
08269000,0.07541441917419434
08271000,0.42811423540115356
08324000,0.5411684513092041
08377900,0.8103548288345337
08378500,0.7360407114028931
08380500,0.3505571484565735
09035800,0.8807508945465088
09035900,0.9125304818153381
09047700,0.9015582799911499
09065500,0.9305281639099121
09066000,0.9318024516105652
09066200,0.8902984261512756
09066300,0.8639136552810669
09081600,0.9492599368095398
09107000,0.8602356910705566
09210500,0.6031526327133179
09223000,0.7034224271774292
09306242,-0.42406344413757324
09312600,0.780211865901947
09352900,0.8362643122673035
09378170,0.2226824164390564
09386900,-0.2807173728942871
09404450,-0.05193591117858887
09430600,0.06234467029571533
09447800,-2.5213263034820557
09484600,-0.1019054651260376
09492400,0.4073607921600342
09494000,0.33529502153396606
09497980,0.7238816022872925
09505350,0.33661890029907227
09505800,0.37966084480285645
09508300,0.1761188507080078
09510200,0.5205142498016357
09512280,0.2244517207145691
09513780,0.31009459495544434
10234500,0.6691898107528687
10244950,-2.098966121673584
10259000,0.3585801124572754
10336645,0.8806161284446716
10336660,0.9520467519760132
10343500,0.12031090259552002
11124500,0.8246425986289978
11141280,-0.5071578025817871
11143000,0.5554672479629517
11148900,0.633845329284668
11151300,0.34040021896362305
11176400,0.4257546663284302
11230500,0.40517544746398926
11237500,0.7813759446144104
11264500,0.8987758159637451
11266500,0.927534818649292
11284400,0.42467373609542847
11381500,0.7844592928886414
11451100,0.6023871898651123
11468500,0.8414397239685059
11473900,0.7496287822723389
11475560,0.6449162364006042
11476600,0.8999617099761963
11478500,0.47615766525268555
11480390,0.32342588901519775
11481200,0.7030206918716431
11482500,0.6857763528823853
11522500,0.7999390959739685
11523200,0.7504622936248779
11528700,0.39246082305908203
11532500,0.8529876470565796
12010000,0.8552086353302002
12013500,0.7911036014556885
12020000,0.25599348545074463
12025700,0.7655152678489685
12035000,0.8537878394126892
12040500,0.7729839086532593
12041200,0.7585608959197998
12048000,0.675276517868042
12054000,0.635001540184021
12056500,0.6297640800476074
12073500,0.671518087387085
12082500,0.6638070344924927
12092000,0.7243305444717407
12114500,0.6149734258651733
12115000,0.637462854385376
12117000,0.7953519225120544
12143600,0.7105881571769714
12144000,0.7644559144973755
12145500,0.8882099986076355
12147500,0.7819828987121582
12167000,0.633718729019165
12175500,0.8038458824157715
12178100,0.7723128795623779
12186000,0.7282315492630005
12189500,0.6835112571716309
12375900,0.7636865377426147
12377150,0.9048983454704285
12381400,0.8164078593254089
12383500,0.8619095087051392
12390700,0.743706226348877
12411000,0.6098092794418335
12447390,0.9016447067260742
12451000,0.8785706758499146
12488500,0.7531639933586121
13011500,0.8543387651443481
13011900,0.7770005464553833
13018300,0.4733405113220215
13023000,0.8791953921318054
13161500,0.7175453305244446
13235000,0.7826451063156128
13240000,0.8908539414405823
13313000,0.8919354677200317
13331500,0.827609658241272
14020000,0.6002639532089233
14096850,0.17873549461364746
14137000,0.6931048631668091
14138800,0.6757568120956421
14138870,0.731917679309845
14138900,0.6901865005493164
14139800,0.7573989033699036
14141500,0.7462807893753052
14154500,0.7693657875061035
14158790,0.5651432871818542
14166500,0.8950944542884827
14182500,0.7315789461135864
14185000,0.7994909882545471
14185900,0.7267042398452759
14187000,0.8400126099586487
14216500,0.6337273716926575
14222500,0.8399868607521057
14236200,0.6959737539291382
14301000,0.8801496028900146
14303200,0.7269188761711121
14305500,0.8368232250213623
14306340,0.7600430250167847
14306500,0.8386484384536743
14308990,0.748138964176178
14309500,0.6631643772125244
14316700,0.6864038705825806
14325000,0.6649177074432373
14362250,0.24094140529632568
14400000,0.8329075574874878
###ARM T5 rows=532
basin,NSE
01022500,0.7911435961723328
01031500,0.8160821199417114
01047000,0.7703994512557983
01052500,0.8118408918380737
01054200,0.5743342638015747
01055000,0.5947058200836182
01057000,0.8034774661064148
01073000,0.6741470098495483
01078000,0.8130393624305725
01123000,0.8013357520103455
01134500,0.8175568580627441
01137500,0.696133017539978
01139000,0.7563906311988831
01139800,0.7047275304794312
01142500,0.631024956703186
01144000,0.7819133996963501
01162500,0.49897223711013794
01169000,0.6840307712554932
01170100,0.6580515503883362
01181000,0.6759809255599976
01187300,0.76081383228302
01195100,0.7434818148612976
01333000,0.521662175655365
01350000,0.7463362216949463
01350080,0.7390187382698059
01350140,0.7060629725456238
01365000,0.7801089882850647
01411300,0.5920127630233765
01413500,0.6471846699714661
01414500,0.5889763832092285
01415000,0.6424708366394043
01423000,0.7094238996505737
01434025,0.629684329032898
01435000,0.7383140325546265
01439500,0.7042821645736694
01440000,0.751882791519165
01440400,0.6170408725738525
01451800,0.7186306118965149
01466500,0.7857763767242432
01484100,0.7745959162712097
01487000,0.8796858787536621
01491000,0.821505069732666
01510000,0.6508580446243286
01516500,0.6638404130935669
01518862,0.7451944351196289
01532000,0.7034396529197693
01539000,0.7944085597991943
01542810,0.7969975471496582
01543000,0.8570556640625
01543500,0.8801231384277344
01544500,0.8525423407554626
01545600,0.8190364837646484
01547700,0.6818389296531677
01548500,0.8555509448051453
01549500,0.7068991661071777
01550000,0.6307591199874878
01552000,0.777260959148407
01552500,0.6399595737457275
01557500,0.7952793836593628
01567500,0.7643399238586426
01568000,0.9055841565132141
01580000,0.5667439699172974
01583500,0.46845972537994385
01586610,0.552453875541687
01591400,0.08300924301147461
01594950,0.7351629734039307
01596500,0.7950737476348877
01605500,0.6812602281570435
01606500,0.7880264520645142
01632000,0.4488832950592041
01632900,0.43137872219085693
01634500,0.18917304277420044
01638480,0.5848344564437866
01639500,0.6928694248199463
01644000,0.8313117623329163
01664000,0.8154897689819336
01666500,0.5534948706626892
01667500,0.772612452507019
01669000,0.8340772390365601
01669520,0.7050125598907471
02011400,0.8659499883651733
02013000,0.801001787185669
02014000,0.7686391472816467
02015700,0.7406556606292725
02016000,0.8747690916061401
02017500,0.677273690700531
02018000,0.7865899801254272
02027000,0.7082644701004028
02027500,0.6258111000061035
02028500,0.7342008352279663
02038850,0.6516579389572144
02046000,0.7840991020202637
02051500,0.7585487365722656
02053200,0.7303432822227478
02053800,0.7700003385543823
02055100,0.7189509868621826
02056900,0.7591583132743835
02059500,0.6040602922439575
02064000,0.8202263712882996
02065500,0.46729546785354614
02069700,0.6360468864440918
02070000,0.5927252769470215
02074500,0.4993063807487488
02077200,0.6031737327575684
02081500,0.65287846326828
02082950,0.7017510533332825
02092500,0.7597365379333496
02096846,0.4957337975502014
02102908,0.7284934520721436
02108000,0.7127392292022705
02111180,0.6366074085235596
02111500,0.5759236812591553
02112120,0.601614236831665
02112360,0.7140117883682251
02118500,0.531508207321167
02125000,0.8171641826629639
02128000,0.7053864002227783
02137727,0.6142359375953674
02140991,0.729257345199585
02143000,0.7349319458007812
02143040,0.578374981880188
02149000,0.6866769790649414
02152100,0.6335002183914185
02177000,0.7204532027244568
02178400,0.7081959247589111
02193340,0.8014389276504517
02196000,0.858965277671814
02198100,0.5206278562545776
02202600,0.8856794238090515
02212600,0.665090799331665
02215100,0.6589149236679077
02216180,0.7495474815368652
02221525,0.4167270064353943
02231000,0.9359738230705261
02245500,0.6217279434204102
02246000,0.8269984126091003
02296500,-0.11695754528045654
02297155,-7.769906997680664
02297310,-2.0067801475524902
02298123,0.35249459743499756
02298608,0.10421335697174072
02299950,0.46549302339553833
02300700,-0.050379037857055664
02342933,0.42969024181365967
02349900,0.377949595451355
02350900,0.8103932738304138
02361000,0.658679723739624
02363000,0.7277227640151978
02369800,0.749937891960144
02371500,0.3771701455116272
02372250,-0.010310649871826172
02374500,0.40874844789505005
02381600,0.28954988718032837
02384540,0.5790520906448364
02395120,0.44187498092651367
02415000,0.67317795753479
02427250,0.6174913644790649
02430085,0.8077822327613831
02450250,0.43318551778793335
02464000,0.7519720792770386
02464360,0.6689580678939819
02465493,0.11377519369125366
02469800,0.7985118627548218
02472000,0.7893508672714233
02472500,0.5342695713043213
02479155,0.6967035531997681
02479300,0.7246611714363098
02479560,0.6850651502609253
02481000,0.5779426097869873
02481510,0.667637288570404
03010655,0.8160662055015564
03011800,0.745789110660553
03015500,0.777845025062561
03021350,0.7522117495536804
03026500,0.8458126783370972
03028000,0.8272979259490967
03049000,0.7867212891578674
03049800,0.5318188071250916
03050000,0.7987610101699829
03069500,0.8643050789833069
03070500,0.7848290801048279
03076600,0.7275377511978149
03078000,0.806216835975647
03140000,0.7964184284210205
03144000,0.8007559776306152
03170000,0.752980649471283
03173000,0.885952889919281
03180500,0.7795447707176208
03182500,0.8589804172515869
03186500,0.7883010506629944
03237280,0.6069259643554688
03237500,0.6720457077026367
03238500,0.6789976954460144
03241500,0.8302584886550903
03280700,0.783118486404419
03281500,0.7640622854232788
03285000,0.6478532552719116
03291780,0.6260708570480347
03338780,0.3535742163658142
03340800,0.8417069911956787
03346000,0.7416609525680542
03364500,0.5645058751106262
03366500,0.6423628330230713
03368000,0.8042362928390503
03384450,0.5922547578811646
03439000,0.6716219782829285
03455500,0.24906009435653687
03456500,0.5121808052062988
03460000,0.6952986717224121
03463300,0.5820380449295044
03471500,0.7276082038879395
03473000,0.8032353520393372
03479000,0.5037232041358948
03488000,0.7617758512496948
03498500,0.7354528903961182
03500000,0.825057864189148
03500240,0.46202558279037476
03504000,0.6703536510467529
03574500,0.6881069540977478
03592718,0.46238940954208374
03604000,0.7643631100654602
04015330,0.7215852737426758
04024430,0.5661724805831909
04027000,0.5452574491500854
04040500,0.9278119802474976
04043050,0.8477572798728943
04045500,0.872056782245636
04057510,0.7939547896385193
04057800,0.5872079133987427
04059500,0.8790270686149597
04063700,0.7696568369865417
04074950,0.8519948720932007
04105700,-0.3515510559082031
04115265,0.7347139120101929
04122200,0.8293055295944214
04122500,0.6864063143730164
04127918,0.57126784324646
04127997,0.7874237298965454
04161580,0.7585676908493042
04185000,0.7943716049194336
04196800,0.7418978214263916
04197100,0.7983734607696533
04197170,0.7953194379806519
04213000,0.6221326589584351
04213075,0.37849533557891846
04216418,0.6907674074172974
04221000,0.8042983412742615
04224775,0.7562562823295593
04233000,0.7957776784896851
04256000,0.8143348097801208
04296000,0.6870616674423218
05057200,0.2524210810661316
05120500,-22.611679077148438
05291000,0.2827607989311218
05362000,0.8129564523696899
05393500,0.8210040330886841
05399500,0.6257402896881104
05408000,0.7397935390472412
05413500,0.7064774036407471
05414000,0.3635978102684021
05444000,0.4382748007774353
05454000,0.5339111089706421
05458000,0.5908857583999634
05466500,0.20905041694641113
05487980,0.6964797973632812
05488200,0.6638206243515015
05489000,0.6373966932296753
05495000,0.7445545196533203
05495500,0.6270806789398193
05501000,0.7924139499664307
05503800,0.7220449447631836
05507600,0.6808354258537292
05508805,0.8317548632621765
05525500,0.8172667622566223
05556500,0.762050449848175
05584500,0.2183992862701416
05591550,0.704635739326477
05592050,0.5819803476333618
05592575,0.6516739130020142
05593575,0.8278714418411255
05593900,0.7022806406021118
05595730,0.7775371670722961
06221400,0.9298983216285706
06224000,0.8915237188339233
06278300,0.7589300274848938
06280300,0.7940511107444763
06289000,0.3811648488044739
06291500,0.5323429703712463
06311000,0.6676334142684937
06332515,-0.09790647029876709
06339100,0.36753368377685547
06344600,-0.6618224382400513
06350000,-1.1576173305511475
06352000,-0.1937326192855835
06404000,0.8675884008407593
06406000,-0.012738227844238281
06409000,-1.6706047058105469
06431500,0.3197309374809265
06440200,0.5149984955787659
06447500,0.09577274322509766
06470800,0.6136728525161743
06477500,-1.7362279891967773
06479215,0.14425897598266602
06601000,-0.7218220233917236
06614800,0.8061544299125671
06622700,0.7888352870941162
06623800,0.8958139419555664
06632400,0.792057991027832
06746095,0.7514949440956116
06803510,0.6799594163894653
06803530,0.6615456342697144
06814000,0.660690426826477
06847900,-0.14180970191955566
06853800,0.22191590070724487
06876700,0.34479808807373047
06878000,0.6639292240142822
06879650,0.3182029724121094
06885500,0.6714912056922913
06888500,0.7183314561843872
06889200,0.7908193469047546
06889500,0.7066078186035156
06892000,0.7325586080551147
06903400,0.5658875107765198
06906800,0.7398733496665955
06910800,0.7735704183578491
06911900,0.8350516557693481
06917000,0.6500263214111328
06918460,0.26390230655670166
06919500,0.7435516715049744
06921070,0.6857122182846069
06921200,0.6808208227157593
07057500,0.8470323085784912
07060710,0.5745885372161865
07066000,0.8162554502487183
07083000,0.7563351392745972
07142300,0.42296791076660156
07145700,0.7301238775253296
07167500,0.7688578963279724
07180500,0.7433813810348511
07184000,0.5619282126426697
07195800,-0.5349613428115845
07196900,0.6466121673583984
07197000,0.7851834297180176
07208500,0.4711010456085205
07261000,0.8970900177955627
07263295,0.5915026068687439
07291000,0.5941281318664551
07299670,0.18313544988632202
07301410,-0.06931471824645996
07315200,0.4304482936859131
07315700,0.557508111000061
07335700,0.6326943635940552
07340300,0.7566010355949402
07346045,0.6651009321212769
07359610,0.673201322555542
07362100,0.5056930780410767
07362587,0.4781301021575928
07375000,0.0051947832107543945
08013000,0.8644333481788635
08014500,0.4870419502258301
08023080,-0.1717005968093872
08050800,0.4280725121498108
08066200,0.8474839925765991
08066300,0.7443908452987671
08070000,0.5692166686058044
08070200,0.6357043981552124
08082700,0.14023065567016602
08086212,0.6761778593063354
08086290,0.4673745036125183
08101000,0.5204586982727051
08103900,0.6053187847137451
08104900,0.5838478803634644
08109700,0.6721093058586121
08150800,-0.6937600374221802
08158700,0.5460425019264221
08158810,0.5073380470275879
08164300,0.4738330841064453
08164600,0.5418351292610168
08165300,-24.816801071166992
08171300,0.6314752101898193
08175000,0.5494032502174377
08176900,0.32832515239715576
08178880,0.5462245345115662
08189500,-0.38702452182769775
08190000,0.2935970425605774
08190500,-0.33922433853149414
08194200,-2.6597530841827393
08195000,0.67514967918396
08196000,0.28130537271499634
08198500,0.8120208382606506
08200000,0.5490927696228027
08202700,0.525462806224823
08267500,0.12793290615081787
08269000,0.2421950101852417
08271000,0.45656830072402954
08324000,0.7166216373443604
08377900,0.7867172956466675
08378500,0.807932436466217
08380500,0.40166789293289185
09035800,0.766774594783783
09035900,0.9107409715652466
09047700,0.8035173416137695
09065500,0.8766883015632629
09066000,0.9039549231529236
09066200,0.8946468830108643
09066300,0.817179799079895
09081600,0.9095642566680908
09107000,0.8707798719406128
09210500,0.55232834815979
09223000,0.684391438961029
09306242,-0.5403041839599609
09312600,0.6524577140808105
09352900,0.7235215902328491
09378170,0.5045459270477295
09386900,0.007276058197021484
09404450,0.3786475658416748
09430600,0.05705219507217407
09447800,-2.532198667526245
09484600,0.14914560317993164
09492400,0.38899779319763184
09494000,0.2942383289337158
09497980,0.7369099855422974
09505350,0.6442900896072388
09505800,0.31844574213027954
09508300,0.2754669189453125
09510200,0.4077433943748474
09512280,0.30281496047973633
09513780,0.22664809226989746
10234500,0.5815672874450684
10244950,-1.0000972747802734
10259000,0.4377540946006775
10336645,0.8284155130386353
10336660,0.9149259328842163
10343500,0.4581058621406555
11124500,0.6551968455314636
11141280,-0.18387174606323242
11143000,0.565375804901123
11148900,0.5105839371681213
11151300,-0.563498854637146
11176400,0.48695915937423706
11230500,0.7394847273826599
11237500,0.5808911323547363
11264500,0.9132601618766785
11266500,0.9188066720962524
11284400,0.3156754970550537
11381500,0.7050501704216003
11451100,0.7327520847320557
11468500,0.8773995041847229
11473900,0.7919467687606812
11475560,0.7720322012901306
11476600,0.8483830690383911
11478500,0.7529543042182922
11480390,0.7567977905273438
11481200,0.8275749087333679
11482500,0.8787877559661865
11522500,0.6946438550949097
11523200,0.804219126701355
11528700,0.7094546556472778
11532500,0.8605227470397949
12010000,0.8869227170944214
12013500,0.8202078342437744
12020000,0.3048290014266968
12025700,0.871709942817688
12035000,0.8660024404525757
12040500,0.756835401058197
12041200,0.7760018110275269
12048000,0.7129436731338501
12054000,0.7500368356704712
12056500,0.6879274249076843
12073500,0.7307406663894653
12082500,0.7490208148956299
12092000,0.7358304858207703
12114500,0.6764085292816162
12115000,0.6879376173019409
12117000,0.7657724022865295
12143600,0.7908096313476562
12144000,0.7740353345870972
12145500,0.893330454826355
12147500,0.7267093658447266
12167000,0.6529867649078369
12175500,0.69502854347229
12178100,0.7936944961547852
12186000,0.8090342283248901
12189500,0.7336834669113159
12375900,0.7770190834999084
12377150,0.9006383419036865
12381400,0.8770597577095032
12383500,0.8834370374679565
12390700,0.845068097114563
12411000,0.6210715770721436
12447390,0.6795562505722046
12451000,0.9140251278877258
12488500,0.782279908657074
13011500,0.8969663977622986
13011900,0.7913879156112671
13018300,0.5519520044326782
13023000,0.8855307102203369
13161500,0.861087441444397
13235000,0.7731209993362427
13240000,0.8993525505065918
13313000,0.9084751009941101
13331500,0.8463839292526245
14020000,0.47939449548721313
14096850,-0.7773253917694092
14137000,0.6958991289138794
14138800,0.6987173557281494
14138870,0.7661460638046265
14138900,0.7113792896270752
14139800,0.8036901354789734
14141500,0.7686071395874023
14154500,0.8178497552871704
14158790,0.6290160417556763
14166500,0.9007312655448914
14182500,0.7193750739097595
14185000,0.8266354203224182
14185900,0.7890536785125732
14187000,0.872269868850708
14216500,0.5057774782180786
14222500,0.7380096912384033
14236200,0.8565564751625061
14301000,0.9076052904129028
14303200,0.8008338212966919
14305500,0.8924083709716797
14306340,0.7960050106048584
14306500,0.8584661483764648
14308990,0.8105272650718689
14309500,0.7258332371711731
14316700,0.7662087082862854
14325000,0.6576176881790161
14362250,0.07527047395706177
14400000,0.8788385987281799
###ARM L33 rows=532
basin,NSE
01022500,0.762969970703125
01031500,0.8368949890136719
01047000,0.7364607453346252
01052500,0.8330075740814209
01054200,0.626687228679657
01055000,0.685946524143219
01057000,0.7855306267738342
01073000,0.7597707509994507
01078000,0.7863500714302063
01123000,0.7666295766830444
01134500,0.7971665263175964
01137500,0.7757897973060608
01139000,0.6559378504753113
01139800,0.6122013330459595
01142500,0.7240705490112305
01144000,0.6962748765945435
01162500,0.6126030683517456
01169000,0.6091821193695068
01170100,0.6146169900894165
01181000,0.5521894693374634
01187300,0.832543671131134
01195100,0.6562519073486328
01333000,0.4559059739112854
01350000,0.6010609865188599
01350080,0.6737734079360962
01350140,0.6630264520645142
01365000,0.6790893077850342
01411300,0.7185447812080383
01413500,0.7684791088104248
01414500,0.5614901781082153
01415000,0.6205899715423584
01423000,0.7420849204063416
01434025,0.580838680267334
01435000,0.6293466091156006
01439500,0.7983542680740356
01440000,0.7467474937438965
01440400,0.5791272521018982
01451800,0.635360598564148
01466500,0.7721505165100098
01484100,0.7116385698318481
01487000,0.8259165287017822
01491000,0.9241421818733215
01510000,0.7198088765144348
01516500,0.6945487260818481
01518862,0.769031822681427
01532000,0.677356481552124
01539000,0.7940933704376221
01542810,0.7875053882598877
01543000,0.8436146378517151
01543500,0.8896063566207886
01544500,0.8356021642684937
01545600,0.8608757257461548
01547700,0.5331196784973145
01548500,0.9289565086364746
01549500,0.7551308274269104
01550000,0.7179606556892395
01552000,0.7988913059234619
01552500,0.6604010462760925
01557500,0.7792133688926697
01567500,0.7468526363372803
01568000,0.8650790452957153
01580000,0.5626636743545532
01583500,0.47707104682922363
01586610,0.5783219337463379
01591400,0.2777661085128784
01594950,0.6944882869720459
01596500,0.7678478360176086
01605500,0.7061938047409058
01606500,0.7568340301513672
01632000,0.372699499130249
01632900,0.6067852973937988
01634500,0.4430679678916931
01638480,0.5301229357719421
01639500,0.7200890779495239
01644000,0.8528985381126404
01664000,0.8243817090988159
01666500,0.5004969239234924
01667500,0.7217466831207275
01669000,0.7652812004089355
01669520,0.5823037624359131
02011400,0.8599130511283875
02013000,0.8784893751144409
02014000,0.8944019675254822
02015700,0.7616125345230103
02016000,0.8437440991401672
02017500,0.769239068031311
02018000,0.8311820030212402
02027000,0.5819037556648254
02027500,0.6900458335876465
02028500,0.6074986457824707
02038850,0.6185286641120911
02046000,0.5766853094100952
02051500,0.780792236328125
02053200,0.8195642232894897
02053800,0.7467442750930786
02055100,0.6105943918228149
02056900,0.703457772731781
02059500,0.6909486055374146
02064000,0.7728715538978577
02065500,0.3790070414543152
02069700,0.4500066637992859
02070000,0.4718964099884033
02074500,0.3866976499557495
02077200,0.7349004149436951
02081500,0.23383253812789917
02082950,0.5554660558700562
02092500,0.798491895198822
02096846,0.5495622754096985
02102908,0.7126726508140564
02108000,0.7905851602554321
02111180,0.5098544359207153
02111500,0.5474416613578796
02112120,0.5235817432403564
02112360,0.5564180016517639
02118500,0.5034193992614746
02125000,0.8871310353279114
02128000,0.8693935871124268
02137727,0.6842972040176392
02140991,0.46259379386901855
02143000,0.7578494548797607
02143040,0.7062147259712219
02149000,0.6583679914474487
02152100,0.6522080898284912
02177000,0.759368896484375
02178400,0.7580280900001526
02193340,0.6052764654159546
02196000,0.8052381277084351
02198100,0.5415754914283752
02202600,0.9176504611968994
02212600,0.6803625226020813
02215100,0.597611129283905
02216180,0.6846466660499573
02221525,0.492401123046875
02231000,0.8982543349266052
02245500,0.612908124923706
02246000,0.8085818886756897
02296500,-0.2743602991104126
02297155,-11.952754020690918
02297310,-1.496849775314331
02298123,0.41694313287734985
02298608,-1.0569982528686523
02299950,0.17984527349472046
02300700,-0.6682025194168091
02342933,0.5699176788330078
02349900,0.5247790217399597
02350900,0.8036335706710815
02361000,0.4063919186592102
02363000,0.602997899055481
02369800,0.6251951456069946
02371500,-0.04660201072692871
02372250,-1.2650856971740723
02374500,0.39078688621520996
02381600,0.15222185850143433
02384540,0.05928748846054077
02395120,0.4438210725784302
02415000,0.6732034683227539
02427250,0.36152201890945435
02430085,0.7354323267936707
02450250,0.2465837597846985
02464000,0.7215127348899841
02464360,0.7440627217292786
02465493,-0.5601226091384888
02469800,0.6672205924987793
02472000,0.7333801984786987
02472500,0.6783379316329956
02479155,0.6526024341583252
02479300,0.7841870784759521
02479560,0.6286140084266663
02481000,0.6162704229354858
02481510,0.7839311361312866
03010655,0.8156824707984924
03011800,0.7672339081764221
03015500,0.842200517654419
03021350,0.7136207818984985
03026500,0.8277547359466553
03028000,0.7938176989555359
03049000,0.8209423422813416
03049800,0.4019249677658081
03050000,0.8634722232818604
03069500,0.8651804327964783
03070500,0.6875391602516174
03076600,0.6894263029098511
03078000,0.7679200768470764
03140000,0.7927032113075256
03144000,0.8379131555557251
03170000,0.8219388723373413
03173000,0.8027387857437134
03180500,0.8055735230445862
03182500,0.7700952291488647
03186500,0.8445215225219727
03237280,0.5693095922470093
03237500,0.6158825159072876
03238500,0.4653688073158264
03241500,0.808019757270813
03280700,0.6179965734481812
03281500,0.7408150434494019
03285000,0.45470744371414185
03291780,0.4976692795753479
03338780,0.4386826157569885
03340800,0.8950894474983215
03346000,0.7030664682388306
03364500,0.6723997592926025
03366500,0.5430079698562622
03368000,0.6695910692214966
03384450,0.5601884126663208
03439000,0.621376633644104
03455500,0.2892683744430542
03456500,0.5648243427276611
03460000,0.7789361476898193
03463300,0.691933274269104
03471500,0.6719369888305664
03473000,0.7305116653442383
03479000,0.6149266958236694
03488000,0.8489940762519836
03498500,0.8051482439041138
03500000,0.7934064865112305
03500240,0.5908123254776001
03504000,0.7601130604743958
03574500,0.7740625143051147
03592718,0.5415934324264526
03604000,0.7964472770690918
04015330,0.7874758839607239
04024430,0.3325233459472656
04027000,0.6463959217071533
04040500,0.7669139504432678
04043050,0.8368310928344727
04045500,0.8993347883224487
04057510,0.743965744972229
04057800,0.5963140726089478
04059500,0.8173336982727051
04063700,0.6771448850631714
04074950,0.8611745834350586
04105700,-0.6066079139709473
04115265,0.7096432447433472
04122200,0.7908729314804077
04122500,0.6949028968811035
04127918,0.7403364777565002
04127997,0.8012253642082214
04161580,0.7007321119308472
04185000,0.6592495441436768
04196800,0.4663096070289612
04197100,0.7095459699630737
04197170,0.8002552390098572
04213000,0.5373738408088684
04213075,0.47357237339019775
04216418,0.6552913784980774
04221000,0.8110618591308594
04224775,0.7570472955703735
04233000,0.7700890898704529
04256000,0.7600331902503967
04296000,0.703147828578949
05057200,0.37913310527801514
05120500,-11.636677742004395
05291000,0.37736308574676514
05362000,0.8345023989677429
05393500,0.846471905708313
05399500,0.7981557250022888
05408000,0.6746441721916199
05413500,0.6210627555847168
05414000,0.4298415184020996
05444000,0.39731311798095703
05454000,0.6410550475120544
05458000,0.6392287611961365
05466500,-0.04747438430786133
05487980,0.6978976130485535
05488200,0.579028844833374
05489000,0.6314934492111206
05495000,0.517271876335144
05495500,0.2941499352455139
05501000,0.6970105171203613
05503800,0.8517878651618958
05507600,0.8150595426559448
05508805,0.8352511525154114
05525500,0.791563868522644
05556500,0.7337868213653564
05584500,0.15841197967529297
05591550,0.6457672119140625
05592050,0.590652585029602
05592575,0.7224322557449341
05593575,0.7141773700714111
05593900,0.7273039817810059
05595730,0.6452420353889465
06221400,0.8840073347091675
06224000,0.9267942905426025
06278300,0.7778378129005432
06280300,0.6687567234039307
06289000,0.6533582806587219
06291500,0.5258703827857971
06311000,0.5820239782333374
06332515,0.7088071703910828
06339100,0.8618599772453308
06344600,-4.076882362365723
06350000,0.06395852565765381
06352000,0.14540624618530273
06404000,0.6272703409194946
06406000,-0.31169188022613525
06409000,-9.82235050201416
06431500,0.41511887311935425
06440200,0.7191933393478394
06447500,-0.6789181232452393
06470800,0.769743025302887
06477500,0.2832961678504944
06479215,-0.3293285369873047
06601000,0.43480515480041504
06614800,0.7862787246704102
06622700,0.7242804765701294
06623800,0.8436224460601807
06632400,0.5187934637069702
06746095,0.67955482006073
06803510,0.5989402532577515
06803530,0.329015851020813
06814000,0.6711838245391846
06847900,0.1763874888420105
06853800,0.20696920156478882
06876700,0.23620641231536865
06878000,0.6169512271881104
06879650,0.5384933352470398
06885500,0.7269641160964966
06888500,0.6519137024879456
06889200,0.4319864511489868
06889500,0.4798211455345154
06892000,0.6822609901428223
06903400,0.6471213102340698
06906800,0.6589401960372925
06910800,0.7068902850151062
06911900,0.6952896118164062
06917000,0.7056608200073242
06918460,-0.06925845146179199
06919500,0.7089265584945679
06921070,0.7123164534568787
06921200,0.7097219228744507
07057500,0.8568463921546936
07060710,0.5876913070678711
07066000,0.6353575587272644
07083000,0.828076958656311
07142300,0.5278938412666321
07145700,0.7007157802581787
07167500,0.6661344170570374
07180500,0.5140113830566406
07184000,0.6347910165786743
07195800,-0.020833253860473633
07196900,0.7455034255981445
07197000,0.7282454967498779
07208500,0.6184854507446289
07261000,0.8409573435783386
07263295,0.6411676406860352
07291000,0.844755232334137
07299670,-0.0726461410522461
07301410,0.07622063159942627
07315200,0.482982873916626
07315700,0.5942291021347046
07335700,0.6327385902404785
07340300,0.7514573335647583
07346045,0.30823755264282227
07359610,0.7383266687393188
07362100,0.4120903015136719
07362587,0.611457884311676
07375000,0.5270220041275024
08013000,0.8370088934898376
08014500,0.40101510286331177
08023080,0.7411910891532898
08050800,0.42734652757644653
08066200,0.692092776298523
08066300,0.042572021484375
08070000,0.5742855072021484
08070200,0.64040207862854
08082700,0.3324270248413086
08086212,0.4577345848083496
08086290,0.5441440343856812
08101000,0.49033480882644653
08103900,0.39158540964126587
08104900,0.6275626420974731
08109700,0.4082207679748535
08150800,-1.2767529487609863
08158700,0.6833436489105225
08158810,0.5900593996047974
08164300,0.40785253047943115
08164600,0.3966282606124878
08165300,-6.544734001159668
08171300,0.7530620098114014
08175000,0.5051002502441406
08176900,0.33693206310272217
08178880,0.589385449886322
08189500,-0.6904193162918091
08190000,0.335668683052063
08190500,0.28573280572891235
08194200,0.16858071088790894
08195000,0.22586101293563843
08196000,0.09798604249954224
08198500,0.19740211963653564
08200000,0.13733899593353271
08202700,0.16440445184707642
08267500,-0.28770768642425537
08269000,0.20974606275558472
08271000,-0.09740579128265381
08324000,0.6163785457611084
08377900,0.8864291906356812
08378500,0.7155414819717407
08380500,0.1993725299835205
09035800,0.9019030928611755
09035900,0.9165074229240417
09047700,0.8817381858825684
09065500,0.9496831297874451
09066000,0.9681268930435181
09066200,0.8777479529380798
09066300,0.8589365482330322
09081600,0.9617331027984619
09107000,0.901678740978241
09210500,0.8249649405479431
09223000,0.7909775972366333
09306242,0.33888256549835205
09312600,0.6744498014450073
09352900,0.8420389890670776
09378170,0.33431029319763184
09386900,0.21888911724090576
09404450,0.8279319405555725
09430600,0.032976388931274414
09447800,-0.37973129749298096
09484600,0.1490817666053772
09492400,0.5367490649223328
09494000,0.5525588989257812
09497980,0.47685956954956055
09505350,-0.2216198444366455
09505800,-0.7118841409683228
09508300,0.3595767021179199
09510200,0.6972310543060303
09512280,0.3365958333015442
09513780,0.04246234893798828
10234500,0.5033583641052246
10244950,-0.17701733112335205
10259000,0.414948046207428
10336645,0.8459231853485107
10336660,0.907328188419342
10343500,-0.25068390369415283
11124500,0.7516396641731262
11141280,0.6369367837905884
11143000,0.3165799379348755
11148900,0.5716147422790527
11151300,0.5537394285202026
11176400,0.47061026096343994
11230500,0.40870195627212524
11237500,0.7479967474937439
11264500,0.9326173067092896
11266500,0.9427958726882935
11284400,0.3618267774581909
11381500,0.3567289710044861
11451100,0.6477941274642944
11468500,0.841088593006134
11473900,0.6934510469436646
11475560,0.4270896315574646
11476600,0.7662553787231445
11478500,0.6337543725967407
11480390,0.1338006854057312
11481200,0.7660576701164246
11482500,0.796459972858429
11522500,0.7541748285293579
11523200,0.6619298458099365
11528700,0.6910090446472168
11532500,0.8503047227859497
12010000,0.8361597061157227
12013500,0.7807251811027527
12020000,0.3633626699447632
12025700,0.8418218493461609
12035000,0.7772330045700073
12040500,0.7286158800125122
12041200,0.694804847240448
12048000,0.2902762293815613
12054000,0.527198076248169
12056500,0.5937355756759644
12073500,0.5517143607139587
12082500,0.749421238899231
12092000,0.713800311088562
12114500,0.5398731231689453
12115000,0.625196099281311
12117000,0.7947603464126587
12143600,0.6403435468673706
12144000,0.6458710432052612
12145500,0.8554102182388306
12147500,0.7306048274040222
12167000,0.6361715793609619
12175500,0.8512085676193237
12178100,0.7528207302093506
12186000,0.6191980242729187
12189500,0.7430508136749268
12375900,0.8093264102935791
12377150,0.880626380443573
12381400,0.8647990822792053
12383500,0.8250700831413269
12390700,0.8429514169692993
12411000,0.6818724870681763
12447390,0.7078909277915955
12451000,0.8730524182319641
12488500,0.5984193086624146
13011500,0.9071967601776123
13011900,0.8078339099884033
13018300,0.48020344972610474
13023000,0.8487663865089417
13161500,0.7355145812034607
13235000,0.8022390604019165
13240000,0.8418265581130981
13313000,0.8515204787254333
13331500,0.8465824127197266
14020000,0.6446302533149719
14096850,-0.06483805179595947
14137000,0.8299930095672607
14138800,0.551659345626831
14138870,0.691696047782898
14138900,0.5764102935791016
14139800,0.7040543556213379
14141500,0.6925665140151978
14154500,0.7233067750930786
14158790,0.5751243829727173
14166500,0.9029470682144165
14182500,0.6571095585823059
14185000,0.728413462638855
14185900,0.7170044779777527
14187000,0.760884165763855
14216500,0.456701397895813
14222500,0.8286138772964478
14236200,0.847192108631134
14301000,0.8909721970558167
14303200,0.7716850638389587
14305500,0.7737741470336914
14306340,0.7315443158149719
14306500,0.8803459405899048
14308990,0.8312521576881409
14309500,0.5287476181983948
14316700,0.6297125220298767
14325000,0.48702073097229004
14362250,0.44456321001052856
14400000,0.8184802532196045
###ARM C3 rows=532
basin,NSE
01022500,0.7935426235198975
01031500,0.8392491340637207
01047000,0.8084821105003357
01052500,0.8294296264648438
01054200,0.6492413282394409
01055000,0.6324915885925293
01057000,0.6836341619491577
01073000,0.7525917887687683
01078000,0.7805018424987793
01123000,0.7995117902755737
01134500,0.8019848465919495
01137500,0.7108712196350098
01139000,0.8094049692153931
01139800,0.7646428942680359
01142500,0.6623597145080566
01144000,0.8346682786941528
01162500,0.720011830329895
01169000,0.4633662700653076
01170100,0.4483162760734558
01181000,0.524800181388855
01187300,0.7728046774864197
01195100,0.7397258281707764
01333000,0.5121991038322449
01350000,0.6191514730453491
01350080,0.44515496492385864
01350140,0.6471304893493652
01365000,0.6636914610862732
01411300,0.5032619833946228
01413500,0.46169233322143555
01414500,0.6487930417060852
01415000,0.6955702900886536
01423000,0.7739033699035645
01434025,0.3527296781539917
01435000,0.659846305847168
01439500,0.4484230875968933
01440000,0.8292573094367981
01440400,0.6304455995559692
01451800,0.6928868293762207
01466500,0.782547652721405
01484100,0.7926297187805176
01487000,0.8199560642242432
01491000,0.7823406457901001
01510000,0.7712708711624146
01516500,0.5918915867805481
01518862,0.7255916595458984
01532000,0.7450199127197266
01539000,0.8624962568283081
01542810,0.8171985149383545
01543000,0.8904364705085754
01543500,0.8825899362564087
01544500,0.8544436097145081
01545600,0.8113964200019836
01547700,0.7244725227355957
01548500,0.8749158978462219
01549500,0.8246328830718994
01550000,0.8207184076309204
01552000,0.7961910367012024
01552500,0.6816450357437134
01557500,0.8624250888824463
01567500,0.6962548494338989
01568000,0.8662093281745911
01580000,0.6915665864944458
01583500,0.5534012913703918
01586610,0.49184346199035645
01591400,0.32706600427627563
01594950,0.8080457448959351
01596500,0.7897230386734009
01605500,0.6990488171577454
01606500,0.7781732082366943
01632000,0.5042660236358643
01632900,0.5851020812988281
01634500,0.5463520884513855
01638480,0.6345372200012207
01639500,0.6942213773727417
01644000,0.8627306818962097
01664000,0.8688478469848633
01666500,0.1585693359375
01667500,0.6686521768569946
01669000,0.7993725538253784
01669520,0.7624533176422119
02011400,0.874570906162262
02013000,0.8144988417625427
02014000,0.7933871746063232
02015700,0.7452232837677002
02016000,0.8041791915893555
02017500,0.7171153426170349
02018000,0.7674568295478821
02027000,0.7054731845855713
02027500,0.6138842105865479
02028500,0.8082996010780334
02038850,0.6422069072723389
02046000,0.7780300974845886
02051500,0.7401694059371948
02053200,0.791022777557373
02053800,0.7294570207595825
02055100,0.6448060274124146
02056900,0.7635295391082764
02059500,0.6743871569633484
02064000,0.838912308216095
02065500,0.25764787197113037
02069700,0.5500562787055969
02070000,0.6097201704978943
02074500,0.5104119777679443
02077200,0.6998463869094849
02081500,0.7782182693481445
02082950,0.7377471923828125
02092500,0.8640680313110352
02096846,0.40019339323043823
02102908,0.8096663355827332
02108000,0.782624363899231
02111180,0.5779856443405151
02111500,0.5607007741928101
02112120,0.5074764490127563
02112360,0.6669619083404541
02118500,0.5449397563934326
02125000,0.7660629749298096
02128000,0.7896255254745483
02137727,0.6551333665847778
02140991,0.7630419731140137
02143000,0.6663073897361755
02143040,0.5164564251899719
02149000,0.7762042880058289
02152100,0.5862247347831726
02177000,0.44442546367645264
02178400,0.6967646479606628
02193340,0.845636248588562
02196000,0.7279050350189209
02198100,0.6373670101165771
02202600,0.9035725593566895
02212600,0.6679673790931702
02215100,0.8288736343383789
02216180,0.5946040153503418
02221525,0.5843496322631836
02231000,0.9657732248306274
02245500,0.2694275975227356
02246000,0.7992678880691528
02296500,-0.04880225658416748
02297155,-9.875641822814941
02297310,-1.9882926940917969
02298123,0.5610893964767456
02298608,0.21322274208068848
02299950,0.4147232174873352
02300700,0.11012613773345947
02342933,0.4014529585838318
02349900,0.49484503269195557
02350900,0.8429127931594849
02361000,0.7256745100021362
02363000,0.7199576497077942
02369800,0.5923649072647095
02371500,0.5173656940460205
02372250,0.41518837213516235
02374500,0.12292641401290894
02381600,0.15385013818740845
02384540,0.5561436414718628
02395120,-0.6100908517837524
02415000,0.6552821397781372
02427250,0.5852295160293579
02430085,0.6654258966445923
02450250,0.4641556739807129
02464000,0.7341341972351074
02464360,0.6573144197463989
02465493,-0.34610092639923096
02469800,0.8082253932952881
02472000,0.8310543298721313
02472500,0.6206642389297485
02479155,0.6939792037010193
02479300,0.8433820009231567
02479560,0.715161144733429
02481000,0.5282233357429504
02481510,0.6863722801208496
03010655,0.8572400808334351
03011800,0.7960748076438904
03015500,0.8215704560279846
03021350,0.7273101806640625
03026500,0.8454111218452454
03028000,0.8602157235145569
03049000,0.7948311567306519
03049800,0.6709911823272705
03050000,0.8370060920715332
03069500,0.8358718156814575
03070500,0.776085376739502
03076600,0.6792608499526978
03078000,0.7424507737159729
03140000,0.7841904759407043
03144000,0.8449806571006775
03170000,0.7631326913833618
03173000,0.8613215684890747
03180500,0.8383458256721497
03182500,0.8758254051208496
03186500,0.8149601221084595
03237280,0.6117133498191833
03237500,0.6227376461029053
03238500,0.6178319454193115
03241500,0.8521552085876465
03280700,0.6516057252883911
03281500,0.8024843335151672
03285000,0.7122947573661804
03291780,0.6585556268692017
03338780,0.46107620000839233
03340800,0.8436590433120728
03346000,0.7974684834480286
03364500,0.6270331740379333
03366500,0.5458618402481079
03368000,0.7140167951583862
03384450,0.7553789615631104
03439000,0.6554242372512817
03455500,0.21707671880722046
03456500,0.5048551559448242
03460000,0.641845703125
03463300,0.6274410486221313
03471500,0.7294362783432007
03473000,0.818411111831665
03479000,0.3088528513908386
03488000,0.7076890468597412
03498500,0.7200742959976196
03500000,0.660519540309906
03500240,0.3407021164894104
03504000,0.6016765236854553
03574500,0.6951322555541992
03592718,0.28423434495925903
03604000,0.714715838432312
04015330,0.6514568328857422
04024430,0.5114275217056274
04027000,0.40772897005081177
04040500,0.6417388319969177
04043050,0.8426007032394409
04045500,0.8288931846618652
04057510,0.7425755262374878
04057800,0.4191635847091675
04059500,0.836552619934082
04063700,0.7059186697006226
04074950,0.8216655850410461
04105700,0.08182477951049805
04115265,0.702888011932373
04122200,0.7693790793418884
04122500,0.6893642544746399
04127918,0.5729097127914429
04127997,0.7768954038619995
04161580,0.747368335723877
04185000,0.3766437768936157
04196800,0.6237560510635376
04197100,0.6133460998535156
04197170,0.6992430090904236
04213000,0.658195972442627
04213075,0.37412363290786743
04216418,0.7225594520568848
04221000,0.8435938954353333
04224775,0.7916609644889832
04233000,0.7771944403648376
04256000,0.7479393482208252
04296000,0.6766031980514526
05057200,0.45237743854522705
05120500,-7.850671768188477
05291000,0.28407591581344604
05362000,0.8218028545379639
05393500,0.9126923084259033
05399500,0.8193425536155701
05408000,0.7908017635345459
05413500,0.7232197523117065
05414000,0.34181857109069824
05444000,0.19985628128051758
05454000,0.3388867974281311
05458000,0.7139334678649902
05466500,0.16678118705749512
05487980,0.7486584782600403
05488200,0.679118275642395
05489000,0.6939554214477539
05495000,0.6074339151382446
05495500,0.5922390222549438
05501000,0.737769603729248
05503800,0.8553421497344971
05507600,0.743901252746582
05508805,0.8054670691490173
05525500,0.800223708152771
05556500,0.7334513664245605
05584500,0.05579632520675659
05591550,0.732166051864624
05592050,0.7156655788421631
05592575,0.6958954930305481
05593575,0.7989805936813354
05593900,0.7410403490066528
05595730,0.7959823608398438
06221400,0.8895419836044312
06224000,0.818732738494873
06278300,0.756504237651825
06280300,0.738514244556427
06289000,0.48593467473983765
06291500,0.3980367183685303
06311000,0.7107870578765869
06332515,0.22368091344833374
06339100,0.8384118676185608
06344600,-0.6920275688171387
06350000,-0.29589319229125977
06352000,0.040525853633880615
06404000,0.6458535194396973
06406000,0.06142765283584595
06409000,-1.4178576469421387
06431500,0.5025244951248169
06440200,0.5925179719924927
06447500,0.21770256757736206
06470800,0.7945728898048401
06477500,-0.18359720706939697
06479215,0.013794362545013428
06601000,0.5857775807380676
06614800,0.7801690697669983
06622700,0.8697302937507629
06623800,0.9117144346237183
06632400,0.8673157691955566
06746095,0.7375960350036621
06803510,0.48226380348205566
06803530,0.6223244667053223
06814000,0.6060925722122192
06847900,-0.07908284664154053
06853800,0.28494030237197876
06876700,0.5454540252685547
06878000,0.7199991345405579
06879650,0.5390698909759521
06885500,0.558019757270813
06888500,0.6349129676818848
06889200,0.7294527292251587
06889500,0.722473680973053
06892000,0.7551103830337524
06903400,0.6343797445297241
06906800,0.8168218731880188
06910800,0.5886658430099487
06911900,0.4703296422958374
06917000,0.6313536167144775
06918460,0.3022269606590271
06919500,0.7383043766021729
06921070,0.5737698078155518
06921200,0.649518609046936
07057500,0.779260516166687
07060710,0.5943870544433594
07066000,0.7269434928894043
07083000,0.8503776788711548
07142300,0.21284496784210205
07145700,0.6960214972496033
07167500,0.6975187063217163
07180500,0.546553373336792
07184000,0.6605602502822876
07195800,0.10043370723724365
07196900,0.5722870826721191
07197000,0.5895545482635498
07208500,0.3251255750656128
07261000,0.8548320531845093
07263295,0.6457059383392334
07291000,0.6621978282928467
07299670,-0.5724190473556519
07301410,-0.03120720386505127
07315200,0.423039972782135
07315700,0.4638485908508301
07335700,0.5229494571685791
07340300,0.5949643850326538
07346045,0.6180415153503418
07359610,0.5542276501655579
07362100,0.10997682809829712
07362587,0.4758739471435547
07375000,0.4096755385398865
08013000,0.7287369966506958
08014500,0.5200355648994446
08023080,0.45177674293518066
08050800,0.7156003713607788
08066200,0.6642621755599976
08066300,0.5844491720199585
08070000,0.5317251682281494
08070200,0.5301508903503418
08082700,0.08005082607269287
08086212,0.4596763253211975
08086290,0.6150575876235962
08101000,0.4650239944458008
08103900,0.5337866544723511
08104900,0.285957396030426
08109700,0.5667529106140137
08150800,0.5887001752853394
08158700,0.5552867650985718
08158810,0.5882254838943481
08164300,0.46975040435791016
08164600,0.5366747379302979
08165300,-2.5307044982910156
08171300,0.6766901612281799
08175000,0.5322430729866028
08176900,0.10513538122177124
08178880,-1.364009141921997
08189500,0.0008642077445983887
08190000,-0.34678757190704346
08190500,0.01003122329711914
08194200,-0.06309664249420166
08195000,-0.061585187911987305
08196000,0.15774321556091309
08198500,-0.31016337871551514
08200000,0.35540539026260376
08202700,0.20590925216674805
08267500,0.11409443616867065
08269000,0.093234121799469
08271000,0.3236658573150635
08324000,0.4878399968147278
08377900,0.7582807540893555
08378500,0.8719546794891357
08380500,0.17738866806030273
09035800,0.8230612874031067
09035900,0.901994526386261
09047700,0.8769919276237488
09065500,0.8962044715881348
09066000,0.8353221416473389
09066200,0.8834518194198608
09066300,0.8788334131240845
09081600,0.8710041642189026
09107000,0.8523193597793579
09210500,0.4476264715194702
09223000,0.882932722568512
09306242,-0.16824376583099365
09312600,0.4569299817085266
09352900,0.6266610622406006
09378170,0.5423573851585388
09386900,-0.0636054277420044
09404450,0.031138956546783447
09430600,0.05729055404663086
09447800,-2.04752516746521
09484600,0.1514120101928711
09492400,0.5658127069473267
09494000,0.4346190094947815
09497980,0.6571401357650757
09505350,-0.2209310531616211
09505800,0.08944016695022583
09508300,0.11635899543762207
09510200,0.2193402647972107
09512280,0.19546949863433838
09513780,0.1497364640235901
10234500,0.47375810146331787
10244950,-1.659348487854004
10259000,0.4172578454017639
10336645,0.8131588101387024
10336660,0.9450605511665344
10343500,-0.5051394701004028
11124500,0.7194352149963379
11141280,-0.9958400726318359
11143000,0.5197739601135254
11148900,0.3955082297325134
11151300,-2.9746925830841064
11176400,0.5053525567054749
11230500,0.7039276361465454
11237500,0.8409531116485596
11264500,0.8648180961608887
11266500,0.9234926104545593
11284400,0.4637600779533386
11381500,0.5764538645744324
11451100,0.6855834722518921
11468500,0.8347609639167786
11473900,0.7387165427207947
11475560,0.7208274602890015
11476600,0.817853569984436
11478500,0.6495038270950317
11480390,0.5059477090835571
11481200,0.8001123070716858
11482500,0.8271345496177673
11522500,0.7100454568862915
11523200,0.8057259917259216
11528700,0.6684650182723999
11532500,0.863799512386322
12010000,0.8511316776275635
12013500,0.7516578435897827
12020000,0.27827519178390503
12025700,0.8186798691749573
12035000,0.8305281400680542
12040500,0.7359963655471802
12041200,0.7347233891487122
12048000,0.7218235731124878
12054000,0.6466566324234009
12056500,0.4925498366355896
12073500,0.6126246452331543
12082500,0.6983224153518677
12092000,0.6981757879257202
12114500,0.6949312686920166
12115000,0.6972745656967163
12117000,0.7468383312225342
12143600,0.7207229733467102
12144000,0.7429302930831909
12145500,0.8590441942214966
12147500,0.7419608235359192
12167000,0.6469436287879944
12175500,0.8140840530395508
12178100,0.7587040066719055
12186000,0.7145842909812927
12189500,0.6389138698577881
12375900,0.7693639993667603
12377150,0.8267008066177368
12381400,0.778540313243866
12383500,0.8651413917541504
12390700,0.6636461019515991
12411000,0.6134169697761536
12447390,0.7178531885147095
12451000,0.8540965914726257
12488500,0.6747441291809082
13011500,0.8978698253631592
13011900,0.8379819989204407
13018300,0.5387743711471558
13023000,0.8979224562644958
13161500,0.7548521757125854
13235000,0.7573704719543457
13240000,0.8800353407859802
13313000,0.9027506709098816
13331500,0.8231655359268188
14020000,0.4257414937019348
14096850,-0.004959821701049805
14137000,0.6989275217056274
14138800,0.6585595607757568
14138870,0.7410408854484558
14138900,0.6525228023529053
14139800,0.710620641708374
14141500,0.6648213863372803
14154500,0.8022804260253906
14158790,0.5510143041610718
14166500,0.878875732421875
14182500,0.7269831895828247
14185000,0.7723183631896973
14185900,0.772459864616394
14187000,0.8239269256591797
14216500,0.6208792924880981
14222500,0.7298866510391235
14236200,0.7483971118927002
14301000,0.8675009608268738
14303200,0.6843274831771851
14305500,0.7906286716461182
14306340,0.8329886794090271
14306500,0.8532889485359192
14308990,0.6982126235961914
14309500,0.7404767870903015
14316700,0.6820327043533325
14325000,0.6571089029312134
14362250,-0.5168460607528687
14400000,0.7908042669296265
###ARM C4 rows=532
basin,NSE
01022500,0.7945308685302734
01031500,0.8892667889595032
01047000,0.8612136244773865
01052500,0.8786160945892334
01054200,0.6015768051147461
01055000,0.7441813945770264
01057000,0.7085722088813782
01073000,0.8072679042816162
01078000,0.8056333065032959
01123000,0.8418375849723816
01134500,0.8006576895713806
01137500,0.6902980804443359
01139000,0.7496353387832642
01139800,0.6322503685951233
01142500,0.6459478139877319
01144000,0.7068132758140564
01162500,0.5383576154708862
01169000,0.4643557071685791
01170100,0.485271155834198
01181000,0.4601113796234131
01187300,0.7067391872406006
01195100,0.7292802929878235
01333000,0.4638378620147705
01350000,0.4369146227836609
01350080,0.4344043731689453
01350140,0.5712780952453613
01365000,0.7269310355186462
01411300,0.7819483280181885
01413500,0.3814799189567566
01414500,0.4222862720489502
01415000,0.6114205121994019
01423000,0.671492338180542
01434025,0.5157414674758911
01435000,0.6623811721801758
01439500,0.7148420214653015
01440000,0.747959554195404
01440400,0.6669213175773621
01451800,0.7371124029159546
01466500,0.8483625054359436
01484100,0.7438571453094482
01487000,0.9016176462173462
01491000,0.8038538098335266
01510000,0.6250351667404175
01516500,0.5797311067581177
01518862,0.701884388923645
01532000,0.7027939558029175
01539000,0.8007097840309143
01542810,0.8199949264526367
01543000,0.8991217613220215
01543500,0.9077961444854736
01544500,0.8226824402809143
01545600,0.818795919418335
01547700,0.6061415672302246
01548500,0.8620892763137817
01549500,0.671759307384491
01550000,0.7482023239135742
01552000,0.730513334274292
01552500,0.569942831993103
01557500,0.8005504608154297
01567500,0.7942039370536804
01568000,0.8418420553207397
01580000,0.6135602593421936
01583500,0.4824454188346863
01586610,0.6017917394638062
01591400,0.1621193289756775
01594950,0.7412152290344238
01596500,0.797761082649231
01605500,0.7019976377487183
01606500,0.7236453890800476
01632000,0.5014957785606384
01632900,0.6725210547447205
01634500,0.6951987743377686
01638480,0.6617873907089233
01639500,0.6630524396896362
01644000,0.8398435115814209
01664000,0.8296733498573303
01666500,0.8031252026557922
01667500,0.8526721596717834
01669000,0.8403819799423218
01669520,0.7364153861999512
02011400,0.8799089193344116
02013000,0.8294364213943481
02014000,0.8563038110733032
02015700,0.7573599815368652
02016000,0.787653923034668
02017500,0.7108107805252075
02018000,0.7687832713127136
02027000,0.7566496729850769
02027500,0.5536515712738037
02028500,0.6636686325073242
02038850,0.6301108598709106
02046000,0.7739629745483398
02051500,0.7321416139602661
02053200,0.8063784837722778
02053800,0.8257489800453186
02055100,0.6220541000366211
02056900,0.7695975303649902
02059500,0.6567243337631226
02064000,0.8588096499443054
02065500,0.2015845775604248
02069700,0.6073324680328369
02070000,0.6110694408416748
02074500,0.660346508026123
02077200,0.7202277183532715
02081500,0.784525454044342
02082950,0.8469356298446655
02092500,0.8918387293815613
02096846,0.49172335863113403
02102908,0.7416470050811768
02108000,0.7825722694396973
02111180,0.5878058671951294
02111500,0.5867943167686462
02112120,0.5870921611785889
02112360,0.6903855800628662
02118500,0.5055221319198608
02125000,0.950480043888092
02128000,0.8287646770477295
02137727,0.7144142389297485
02140991,0.03651845455169678
02143000,0.6996808648109436
02143040,0.6072261929512024
02149000,0.6437577605247498
02152100,0.6587913036346436
02177000,0.8134967684745789
02178400,0.7091565132141113
02193340,0.8500652313232422
02196000,0.8847200870513916
02198100,0.5988339185714722
02202600,0.834572970867157
02212600,0.764995276927948
02215100,0.718133807182312
02216180,0.7177687883377075
02221525,0.6681811213493347
02231000,0.9444167017936707
02245500,0.6167952418327332
02246000,0.807313084602356
02296500,0.47934478521347046
02297155,-3.0895557403564453
02297310,-0.6724452972412109
02298123,0.7406609058380127
02298608,0.22153794765472412
02299950,0.49975675344467163
02300700,-0.013740062713623047
02342933,0.5680756568908691
02349900,0.5862722396850586
02350900,0.8756499886512756
02361000,0.7996619939804077
02363000,0.6858687400817871
02369800,0.7649931311607361
02371500,0.585956871509552
02372250,-0.02080357074737549
02374500,0.5374948978424072
02381600,0.20318126678466797
02384540,0.4299538731575012
02395120,0.5288801193237305
02415000,0.7562747001647949
02427250,0.34980905055999756
02430085,0.7433081865310669
02450250,0.5664596557617188
02464000,0.6638603210449219
02464360,0.6456060409545898
02465493,0.2611616849899292
02469800,0.7572964429855347
02472000,0.8356000781059265
02472500,0.6893198490142822
02479155,0.7326280474662781
02479300,0.7625696063041687
02479560,0.7080808877944946
02481000,0.6756601333618164
02481510,0.8185454607009888
03010655,0.7844651937484741
03011800,0.7805876731872559
03015500,0.7838427424430847
03021350,0.7392693758010864
03026500,0.8465535044670105
03028000,0.8787793517112732
03049000,0.8164628744125366
03049800,0.6414715051651001
03050000,0.8383105993270874
03069500,0.8842949867248535
03070500,0.8121652603149414
03076600,0.7226215600967407
03078000,0.7757365703582764
03140000,0.7940089106559753
03144000,0.8409802913665771
03170000,0.780290961265564
03173000,0.8545804023742676
03180500,0.8232836723327637
03182500,0.8265317678451538
03186500,0.8600060939788818
03237280,0.4672672152519226
03237500,0.6974000930786133
03238500,0.6344032287597656
03241500,0.848146915435791
03280700,0.7559232711791992
03281500,0.7882193326950073
03285000,0.67503422498703
03291780,0.6334201693534851
03338780,0.647445559501648
03340800,0.8654131889343262
03346000,0.7612310647964478
03364500,0.6948862671852112
03366500,0.5868748426437378
03368000,0.7705609798431396
03384450,0.7060198783874512
03439000,0.6713083982467651
03455500,0.3957289457321167
03456500,0.5562469959259033
03460000,0.7060505151748657
03463300,0.7349506616592407
03471500,0.8068852424621582
03473000,0.7585895657539368
03479000,0.526049017906189
03488000,0.8486508131027222
03498500,0.8527920842170715
03500000,0.842403769493103
03500240,0.6367688179016113
03504000,0.6742188930511475
03574500,0.5466418266296387
03592718,0.5321099758148193
03604000,0.775142252445221
04015330,0.7205190062522888
04024430,0.4839368462562561
04027000,0.7734209299087524
04040500,0.9108402729034424
04043050,0.901238203048706
04045500,0.8260373473167419
04057510,0.7746850848197937
04057800,0.5134393572807312
04059500,0.849801778793335
04063700,0.7133367657661438
04074950,0.8714977502822876
04105700,0.5673601627349854
04115265,0.7327028512954712
04122200,0.7393455505371094
04122500,0.6560314893722534
04127918,0.7254557609558105
04127997,0.8061640858650208
04161580,0.696847677230835
04185000,0.7766985893249512
04196800,0.46339714527130127
04197100,0.30984431505203247
04197170,0.7731826305389404
04213000,0.6887952089309692
04213075,0.43660199642181396
04216418,0.7398296594619751
04221000,0.8314933776855469
04224775,0.7826831340789795
04233000,0.7458794713020325
04256000,0.7760276198387146
04296000,0.6856487989425659
05057200,0.30860286951065063
05120500,-28.473724365234375
05291000,0.36827200651168823
05362000,0.7878024578094482
05393500,0.8605568408966064
05399500,0.7592364549636841
05408000,0.793208122253418
05413500,0.8453168869018555
05414000,0.6187838315963745
05444000,0.41769421100616455
05454000,0.5807881355285645
05458000,0.6152027249336243
05466500,0.538499653339386
05487980,0.7614400386810303
05488200,0.6777382493019104
05489000,0.6769759654998779
05495000,0.6979752779006958
05495500,0.694818377494812
05501000,0.6470160484313965
05503800,0.7231325507164001
05507600,0.8838514685630798
05508805,0.8726879358291626
05525500,0.8508232235908508
05556500,0.7019988298416138
05584500,0.4043457508087158
05591550,0.7069492340087891
05592050,0.5550483465194702
05592575,0.7050232887268066
05593575,0.7605652213096619
05593900,0.7832964062690735
05595730,0.757453203201294
06221400,0.9118714928627014
06224000,0.8991894125938416
06278300,0.6341811418533325
06280300,0.8018651604652405
06289000,0.5587133169174194
06291500,0.6673496961593628
06311000,0.5767412185668945
06332515,0.6478785276412964
06339100,0.6429280638694763
06344600,0.03626060485839844
06350000,-0.2036522626876831
06352000,0.08963799476623535
06404000,0.6007661819458008
06406000,0.05358421802520752
06409000,-27.850093841552734
06431500,0.46942561864852905
06440200,0.5399573445320129
06447500,0.2417507767677307
06470800,0.8656684160232544
06477500,-0.32682669162750244
06479215,-0.5420953035354614
06601000,0.5954911708831787
06614800,0.8266263604164124
06622700,0.7796429395675659
06623800,0.8712997436523438
06632400,0.7696223258972168
06746095,0.7110315561294556
06803510,0.4987793564796448
06803530,0.48486214876174927
06814000,0.7354698181152344
06847900,0.07039576768875122
06853800,0.211062490940094
06876700,0.42766791582107544
06878000,0.6865077614784241
06879650,0.3136214017868042
06885500,0.7950150370597839
06888500,0.7673153877258301
06889200,0.6790816783905029
06889500,0.8266860842704773
06892000,0.7775406241416931
06903400,0.5738826394081116
06906800,0.7501300573348999
06910800,0.8915295004844666
06911900,0.8918712139129639
06917000,0.6727244853973389
06918460,-0.15891504287719727
06919500,0.8186720609664917
06921070,0.5906479358673096
06921200,0.6763450503349304
07057500,0.8850454688072205
07060710,0.6204850673675537
07066000,0.7948639392852783
07083000,0.8367921113967896
07142300,0.28745532035827637
07145700,0.6652201414108276
07167500,0.690351128578186
07180500,0.7771008014678955
07184000,0.6485012769699097
07195800,0.12018370628356934
07196900,0.7153428196907043
07197000,0.8696555495262146
07208500,0.6121324300765991
07261000,0.7659936547279358
07263295,0.7253758907318115
07291000,0.7925140857696533
07299670,0.22338509559631348
07301410,0.03170257806777954
07315200,0.4494786262512207
07315700,0.6084519624710083
07335700,0.6097607612609863
07340300,0.7579410672187805
07346045,0.6993034482002258
07359610,0.6807460784912109
07362100,0.5198115706443787
07362587,0.5179703235626221
07375000,0.6552937030792236
08013000,0.8416069746017456
08014500,0.1866154670715332
08023080,0.49440503120422363
08050800,0.3565267324447632
08066200,0.8199523687362671
08066300,0.7092523574829102
08070000,0.5566790103912354
08070200,0.562496542930603
08082700,0.22715938091278076
08086212,0.6463323831558228
08086290,0.6526948809623718
08101000,0.6028420925140381
08103900,0.4742777347564697
08104900,0.5856083631515503
08109700,0.48945003747940063
08150800,-1.8557276725769043
08158700,0.43046557903289795
08158810,0.46202361583709717
08164300,0.6197499632835388
08164600,0.5772736668586731
08165300,-26.4224910736084
08171300,0.54259192943573
08175000,0.5104498267173767
08176900,0.10053467750549316
08178880,-0.3539884090423584
08189500,0.7004352807998657
08190000,-0.9345107078552246
08190500,-0.2100428342819214
08194200,-0.9208743572235107
08195000,-0.19814026355743408
08196000,0.2530953884124756
08198500,0.025139331817626953
08200000,0.3247561454772949
08202700,0.08503490686416626
08267500,-0.04129362106323242
08269000,-0.0060749053955078125
08271000,0.2152653932571411
08324000,0.6802093982696533
08377900,0.7892299890518188
08378500,0.48857206106185913
08380500,0.35464900732040405
09035800,0.8615150451660156
09035900,0.9552485346794128
09047700,0.8336649537086487
09065500,0.9542003870010376
09066000,0.9542043209075928
09066200,0.8911491632461548
09066300,0.937218964099884
09081600,0.957855224609375
09107000,0.9377576112747192
09210500,0.7260866761207581
09223000,0.8011907339096069
09306242,0.21126967668533325
09312600,0.7736656665802002
09352900,0.6578812599182129
09378170,0.510179340839386
09386900,0.07147365808486938
09404450,0.6285741329193115
09430600,0.05470246076583862
09447800,-0.9197856187820435
09484600,0.22810357809066772
09492400,0.6119910478591919
09494000,0.5045108795166016
09497980,0.5053780674934387
09505350,0.13387846946716309
09505800,-0.5857840776443481
09508300,0.35971635580062866
09510200,0.6217770576477051
09512280,0.33957213163375854
09513780,0.011805891990661621
10234500,0.5301236510276794
10244950,-0.5368986129760742
10259000,0.4031163454055786
10336645,0.8462766408920288
10336660,0.9464302062988281
10343500,0.743374228477478
11124500,0.8282419443130493
11141280,0.5107474327087402
11143000,0.6085453033447266
11148900,0.47713905572891235
11151300,0.3017033338546753
11176400,0.49791836738586426
11230500,0.5201257467269897
11237500,0.7771624326705933
11264500,0.919102668762207
11266500,0.9343776106834412
11284400,0.506164014339447
11381500,0.6609503030776978
11451100,0.734517514705658
11468500,0.9237262010574341
11473900,0.7337533235549927
11475560,0.724035382270813
11476600,0.7876473665237427
11478500,0.445667564868927
11480390,0.3975295424461365
11481200,0.7735906839370728
11482500,0.7622534036636353
11522500,0.8336629867553711
11523200,0.7537805438041687
11528700,0.7097899913787842
11532500,0.8767024874687195
12010000,0.891093373298645
12013500,0.8331059813499451
12020000,0.3237096667289734
12025700,0.8513269424438477
12035000,0.868186354637146
12040500,0.7159560918807983
12041200,0.6325552463531494
12048000,0.7000439167022705
12054000,0.7024176120758057
12056500,0.6319789886474609
12073500,0.5699701309204102
12082500,0.7836881279945374
12092000,0.6377013325691223
12114500,0.5103658437728882
12115000,0.6797001361846924
12117000,0.7607080936431885
12143600,0.7553231716156006
12144000,0.7790466547012329
12145500,0.8376445770263672
12147500,0.7550914883613586
12167000,0.6602127552032471
12175500,0.7968469262123108
12178100,0.784048855304718
12186000,0.7098321914672852
12189500,0.736405611038208
12375900,0.8059231042861938
12377150,0.8261618614196777
12381400,0.8899222016334534
12383500,0.8979209661483765
12390700,0.90909743309021
12411000,0.6243315935134888
12447390,0.7018150091171265
12451000,0.899690568447113
12488500,0.5034478902816772
13011500,0.7965819835662842
13011900,0.7753100395202637
13018300,0.564689040184021
13023000,0.8579076528549194
13161500,0.8346430063247681
13235000,0.7257716655731201
13240000,0.8595626354217529
13313000,0.9330500960350037
13331500,0.7635360956192017
14020000,0.6578683853149414
14096850,-0.07223963737487793
14137000,0.6912590861320496
14138800,0.6139001846313477
14138870,0.744527280330658
14138900,0.6944977641105652
14139800,0.7449270486831665
14141500,0.7543132305145264
14154500,0.757848858833313
14158790,0.6121208667755127
14166500,0.9041295051574707
14182500,0.6429465413093567
14185000,0.7946529388427734
14185900,0.7615026831626892
14187000,0.8544610142707825
14216500,0.4418141841888428
14222500,0.7811172604560852
14236200,0.8700980544090271
14301000,0.8684705495834351
14303200,0.7860638499259949
14305500,0.8629195690155029
14306340,0.7954933643341064
14306500,0.8907031416893005
14308990,0.8616539239883423
14309500,0.686211109161377
14316700,0.719018816947937
14325000,0.6466096043586731
14362250,0.6619662046432495
14400000,0.8683913946151733
###ARM C5 rows=532
basin,NSE
01022500,0.7855029702186584
01031500,0.8470847606658936
01047000,0.7690421342849731
01052500,0.8249742388725281
01054200,0.5844922661781311
01055000,0.5687319040298462
01057000,0.6748833656311035
01073000,0.7197914123535156
01078000,0.697993278503418
01123000,0.759724497795105
01134500,0.7611571550369263
01137500,0.6923853754997253
01139000,0.7819202542304993
01139800,0.8052223920822144
01142500,0.7224183082580566
01144000,0.7740424871444702
01162500,0.7361355423927307
01169000,0.7743854522705078
01170100,0.627845048904419
01181000,0.7276151180267334
01187300,0.8803877234458923
01195100,0.6091816425323486
01333000,0.4961740970611572
01350000,0.7832069993019104
01350080,0.6363329887390137
01350140,0.5823172330856323
01365000,0.7910555601119995
01411300,0.7616956233978271
01413500,0.6628730893135071
01414500,0.6669721603393555
01415000,0.6114526391029358
01423000,0.5763428807258606
01434025,0.6041834354400635
01435000,0.73150235414505
01439500,0.6613739728927612
01440000,0.8922352194786072
01440400,0.7058666348457336
01451800,0.7435801029205322
01466500,0.6897367238998413
01484100,0.6542298793792725
01487000,0.8209950923919678
01491000,0.8749990463256836
01510000,0.5281176567077637
01516500,0.652377724647522
01518862,0.5664002895355225
01532000,0.8131293654441833
01539000,0.8544343709945679
01542810,0.8077185153961182
01543000,0.8603249192237854
01543500,0.8769640922546387
01544500,0.8445912599563599
01545600,0.7408839464187622
01547700,0.6547484397888184
01548500,0.7876381874084473
01549500,0.7911950349807739
01550000,0.7963429093360901
01552000,0.8549468517303467
01552500,0.7193447947502136
01557500,0.8035523891448975
01567500,0.8072977066040039
01568000,0.8578641414642334
01580000,0.5796017646789551
01583500,0.5095572471618652
01586610,-0.0753394365310669
01591400,-0.20257508754730225
01594950,0.7032603621482849
01596500,0.7902387380599976
01605500,0.6286603212356567
01606500,0.7198490500450134
01632000,0.4992449879646301
01632900,0.4643464684486389
01634500,0.47245436906814575
01638480,0.7166380882263184
01639500,0.49403679370880127
01644000,0.8186976909637451
01664000,0.7820503115653992
01666500,0.15295296907424927
01667500,0.48083794116973877
01669000,0.7275272011756897
01669520,0.784376859664917
02011400,0.8783659934997559
02013000,0.7461564540863037
02014000,0.8296153545379639
02015700,0.7432576417922974
02016000,0.8213417530059814
02017500,0.6334335803985596
02018000,0.7323365211486816
02027000,0.6196936368942261
02027500,0.7108665704727173
02028500,0.740291953086853
02038850,0.6961845755577087
02046000,0.732932448387146
02051500,0.7169574499130249
02053200,0.7709022760391235
02053800,0.7949647307395935
02055100,0.7375071048736572
02056900,0.7902422547340393
02059500,0.6503555774688721
02064000,0.7821234464645386
02065500,0.26126813888549805
02069700,0.5089174509048462
02070000,0.6044144630432129
02074500,0.5080852508544922
02077200,0.6561533808708191
02081500,0.7098402976989746
02082950,0.7307183146476746
02092500,0.8928236365318298
02096846,0.46570104360580444
02102908,0.7099288702011108
02108000,0.8572773933410645
02111180,0.6588691473007202
02111500,0.3965336084365845
02112120,0.5371467471122742
02112360,0.661834716796875
02118500,0.5312517881393433
02125000,0.8148444890975952
02128000,0.6310974359512329
02137727,0.618773341178894
02140991,0.6223253011703491
02143000,0.6219695806503296
02143040,0.5233892202377319
02149000,0.7248866558074951
02152100,0.6401825547218323
02177000,0.6707015037536621
02178400,0.6451736688613892
02193340,0.8224009275436401
02196000,0.9112184047698975
02198100,0.6158063411712646
02202600,0.7595542073249817
02212600,0.6284847855567932
02215100,0.7074179649353027
02216180,0.5978989005088806
02221525,0.3261626362800598
02231000,0.7862923741340637
02245500,0.754917323589325
02246000,0.8806461691856384
02296500,0.7309921979904175
02297155,-14.384347915649414
02297310,-0.2909965515136719
02298123,0.8244905471801758
02298608,0.492134153842926
02299950,0.4636724591255188
02300700,0.13200658559799194
02342933,0.44063013792037964
02349900,0.4423755407333374
02350900,0.8103334903717041
02361000,0.8270344734191895
02363000,0.8052845001220703
02369800,0.6661251783370972
02371500,0.44690442085266113
02372250,0.15584015846252441
02374500,0.1298222541809082
02381600,0.32880258560180664
02384540,0.7245086431503296
02395120,0.10637593269348145
02415000,0.6280950307846069
02427250,0.6017033457756042
02430085,0.7648414373397827
02450250,0.5583702325820923
02464000,0.7804697751998901
02464360,0.6797804236412048
02465493,-1.1737258434295654
02469800,0.7857300043106079
02472000,0.8609361052513123
02472500,0.6936038732528687
02479155,0.6253563165664673
02479300,0.8239550590515137
02479560,0.6986279487609863
02481000,0.44060075283050537
02481510,0.6619696617126465
03010655,0.7898551821708679
03011800,0.7960676550865173
03015500,0.752478837966919
03021350,0.6846064329147339
03026500,0.8306175470352173
03028000,0.841715931892395
03049000,0.8244183659553528
03049800,0.6020599007606506
03050000,0.7960209250450134
03069500,0.8102009296417236
03070500,0.777546763420105
03076600,0.6670434474945068
03078000,0.7548076510429382
03140000,0.8016143441200256
03144000,0.8363215327262878
03170000,0.7377098202705383
03173000,0.8270415663719177
03180500,0.7752929925918579
03182500,0.8081187009811401
03186500,0.7897988557815552
03237280,0.49669569730758667
03237500,0.672195553779602
03238500,0.681102454662323
03241500,0.8337932825088501
03280700,0.7494708299636841
03281500,0.7376839518547058
03285000,0.7775476574897766
03291780,0.5929580926895142
03338780,0.4969673752784729
03340800,0.8508230447769165
03346000,0.7846565842628479
03364500,0.6815673112869263
03366500,0.5986899733543396
03368000,0.7716650366783142
03384450,0.5664132833480835
03439000,0.6900035738945007
03455500,0.42907440662384033
03456500,0.5436229705810547
03460000,0.7539460062980652
03463300,0.5097399950027466
03471500,0.7900758385658264
03473000,0.8026565313339233
03479000,0.3074815273284912
03488000,0.6908694505691528
03498500,0.7744594812393188
03500000,0.6888771653175354
03500240,0.4388422966003418
03504000,0.6022014617919922
03574500,0.7012525200843811
03592718,0.1918153166770935
03604000,0.6879490613937378
04015330,0.6329748034477234
04024430,0.3347090482711792
04027000,0.4467267394065857
04040500,0.6390013694763184
04043050,0.8287417888641357
04045500,0.853860080242157
04057510,0.6789103746414185
04057800,-0.1276613473892212
04059500,0.7770386338233948
04063700,0.6549609303474426
04074950,0.6929478049278259
04105700,-1.533057689666748
04115265,0.6910841464996338
04122200,0.7923438549041748
04122500,0.6359795331954956
04127918,0.6934242844581604
04127997,0.6713688373565674
04161580,0.6984333992004395
04185000,0.7264277338981628
04196800,0.6459887027740479
04197100,0.7482165694236755
04197170,0.7495666742324829
04213000,0.6401685476303101
04213075,0.3006816506385803
04216418,0.6406724452972412
04221000,0.7200031280517578
04224775,0.7575650215148926
04233000,0.7352762222290039
04256000,0.685280442237854
04296000,0.7138302326202393
05057200,0.2973062992095947
05120500,-38.14796829223633
05291000,0.2800297141075134
05362000,0.8773326873779297
05393500,0.8067653179168701
05399500,0.8048315048217773
05408000,0.7113953828811646
05413500,0.7913591265678406
05414000,0.5550369620323181
05444000,0.5330381393432617
05454000,0.23075330257415771
05458000,0.5620153546333313
05466500,0.2677849531173706
05487980,0.6990280151367188
05488200,0.626526951789856
05489000,0.5456140637397766
05495000,0.3902062177658081
05495500,0.6231114864349365
05501000,0.7481660842895508
05503800,0.8551824688911438
05507600,0.7381700277328491
05508805,0.7925567030906677
05525500,0.8274758458137512
05556500,0.8090495467185974
05584500,0.22727006673812866
05591550,0.6746848821640015
05592050,0.7369353771209717
05592575,0.6456236839294434
05593575,0.8063269853591919
05593900,0.67739337682724
05595730,0.7644164562225342
06221400,0.841184139251709
06224000,0.8570570349693298
06278300,0.7536911964416504
06280300,0.8518174886703491
06289000,0.6342283487319946
06291500,0.6587338447570801
06311000,0.5921473503112793
06332515,0.12524336576461792
06339100,0.818627119064331
06344600,0.13905984163284302
06350000,-0.8020367622375488
06352000,-0.04030430316925049
06404000,0.575916051864624
06406000,-0.004433393478393555
06409000,-1.2603249549865723
06431500,0.5745033025741577
06440200,0.5036169290542603
06447500,0.2740812301635742
06470800,0.7771750092506409
06477500,-4.849936008453369
06479215,0.2359217405319214
06601000,0.22823619842529297
06614800,0.7510037422180176
06622700,0.6296772360801697
06623800,0.854289710521698
06632400,0.7016736268997192
06746095,0.7210986614227295
06803510,0.7394012212753296
06803530,0.7542302012443542
06814000,0.6638194918632507
06847900,-0.14624929428100586
06853800,0.4608633518218994
06876700,0.3444945812225342
06878000,0.571757435798645
06879650,0.24199920892715454
06885500,0.7348983287811279
06888500,0.6513739228248596
06889200,0.5374047756195068
06889500,0.7658500671386719
06892000,0.7443439960479736
06903400,0.3945261240005493
06906800,0.7100220918655396
06910800,0.7811087369918823
06911900,0.6734944581985474
06917000,0.6373984813690186
06918460,0.17311733961105347
06919500,0.7862769365310669
06921070,0.5648027658462524
06921200,0.5103495121002197
07057500,0.8430842757225037
07060710,0.6530545949935913
07066000,0.883836567401886
07083000,0.9041177034378052
07142300,-3.171764850616455
07145700,0.6801959276199341
07167500,0.6592913866043091
07180500,0.6661897897720337
07184000,0.7455582618713379
07195800,-0.03727114200592041
07196900,0.5697371959686279
07197000,0.777489423751831
07208500,0.43169301748275757
07261000,0.8523057103157043
07263295,0.669086754322052
07291000,0.6272911429405212
07299670,0.26960837841033936
07301410,-0.1586681604385376
07315200,0.3655402660369873
07315700,0.6023927927017212
07335700,0.6028158664703369
07340300,0.8135427236557007
07346045,0.7462351322174072
07359610,0.5906017422676086
07362100,0.42626094818115234
07362587,0.48110079765319824
07375000,0.3196980357170105
08013000,0.770963728427887
08014500,0.17083251476287842
08023080,0.45009809732437134
08050800,0.617484450340271
08066200,0.49081718921661377
08066300,0.767834484577179
08070000,0.6584290862083435
08070200,0.6495361328125
08082700,0.16874533891677856
08086212,0.30213862657546997
08086290,0.5613349676132202
08101000,0.5441603660583496
08103900,0.4874160885810852
08104900,0.32573390007019043
08109700,0.5424518585205078
08150800,0.25158268213272095
08158700,0.5727576017379761
08158810,0.5400440096855164
08164300,0.5592501163482666
08164600,0.6067439913749695
08165300,-11.032859802246094
08171300,0.7325601577758789
08175000,0.5145939588546753
08176900,0.28723347187042236
08178880,-0.938677191734314
08189500,0.18919670581817627
08190000,-1.1762311458587646
08190500,-0.48279690742492676
08194200,0.04362297058105469
08195000,-0.6523972749710083
08196000,0.07669711112976074
08198500,0.4880049228668213
08200000,0.6938613653182983
08202700,0.3821682333946228
08267500,0.02469027042388916
08269000,0.4275829792022705
08271000,0.36302727460861206
08324000,0.48901641368865967
08377900,0.6401944160461426
08378500,0.6376206874847412
08380500,0.04530996084213257
09035800,0.7028790712356567
09035900,0.9029206037521362
09047700,0.8603671789169312
09065500,0.9074255228042603
09066000,0.8694730997085571
09066200,0.9160144329071045
09066300,0.8758987188339233
09081600,0.8594441413879395
09107000,0.7697066068649292
09210500,0.165094256401062
09223000,0.6358829736709595
09306242,-0.5018287897109985
09312600,0.6781762838363647
09352900,0.5969001650810242
09378170,-0.1082301139831543
09386900,-0.009553074836730957
09404450,0.046544551849365234
09430600,0.05405646562576294
09447800,-4.133515357971191
09484600,-0.16966021060943604
09492400,0.3093535304069519
09494000,0.44992387294769287
09497980,0.5610862970352173
09505350,0.08629906177520752
09505800,0.6100168228149414
09508300,0.12660032510757446
09510200,0.39016520977020264
09512280,0.2972991466522217
09513780,0.14097845554351807
10234500,0.48921746015548706
10244950,-1.345170259475708
10259000,0.2062121033668518
10336645,0.692526638507843
10336660,0.9088504314422607
10343500,0.5518807172775269
11124500,0.6040511727333069
11141280,-0.46874380111694336
11143000,0.4718055725097656
11148900,0.5547031760215759
11151300,0.051497459411621094
11176400,0.536253809928894
11230500,0.7716332674026489
11237500,0.8163176774978638
11264500,0.871692419052124
11266500,0.9109262228012085
11284400,0.2534710168838501
11381500,0.3491922616958618
11451100,0.7261245250701904
11468500,0.9073429703712463
11473900,0.7957627773284912
11475560,0.756155788898468
11476600,0.8271154165267944
11478500,0.7040390968322754
11480390,0.6877317428588867
11481200,0.8049983978271484
11482500,0.8494611978530884
11522500,0.756157636642456
11523200,0.6921199560165405
11528700,0.7869763970375061
11532500,0.8806846737861633
12010000,0.8355741500854492
12013500,0.7246909141540527
12020000,0.28846633434295654
12025700,0.7810032963752747
12035000,0.768955409526825
12040500,0.7495704889297485
12041200,0.7505030035972595
12048000,0.568457841873169
12054000,0.7055150270462036
12056500,0.5615711212158203
12073500,0.6490277647972107
12082500,0.7192076444625854
12092000,0.6876180768013
12114500,0.5927952527999878
12115000,0.6693809628486633
12117000,0.7615997791290283
12143600,0.6619646549224854
12144000,0.7103310823440552
12145500,0.8487913012504578
12147500,0.6944482326507568
12167000,0.6319929361343384
12175500,0.7247183322906494
12178100,0.7280398607254028
12186000,0.7095087170600891
12189500,0.6876001358032227
12375900,0.7294816374778748
12377150,0.9295662045478821
12381400,0.6705686450004578
12383500,0.7385401725769043
12390700,0.6302547454833984
12411000,0.5786199569702148
12447390,0.08970332145690918
12451000,0.8469069004058838
12488500,0.6076481342315674
13011500,0.8721432685852051
13011900,0.7452850341796875
13018300,0.43401992321014404
13023000,0.8188078999519348
13161500,0.8367605805397034
13235000,0.7639645338058472
13240000,0.8625850081443787
13313000,0.8701090812683105
13331500,0.7390566468238831
14020000,0.32584744691848755
14096850,-0.40828895568847656
14137000,0.6599555015563965
14138800,0.6482958793640137
14138870,0.7103528380393982
14138900,0.6009129285812378
14139800,0.731078028678894
14141500,0.6645759344100952
14154500,0.7834336757659912
14158790,0.5051349401473999
14166500,0.8960866928100586
14182500,0.6881775259971619
14185000,0.7706239223480225
14185900,0.7775710821151733
14187000,0.8471717238426208
14216500,0.6092360019683838
14222500,0.8018389940261841
14236200,0.7085891366004944
14301000,0.8715805411338806
14303200,0.7246438264846802
14305500,0.8269411325454712
14306340,0.8180293440818787
14306500,0.8761829733848572
14308990,0.7923967838287354
14309500,0.7364398241043091
14316700,0.6952946186065674
14325000,0.6974667906761169
14362250,0.3263285756111145
14400000,0.7757879495620728
=== PERBASIN BASELINES (read-only ID30) ===
###BASE D01 rows=532 src=/data1/home/sunyiq/id30_modern_transformer_moe_20260827/repo/results/30_modern_transformer_moe/D01/modern_transformer_moe_D01_dense_d128_l4_s100_2026_0827_1955_ep30/validation/model_epoch030/validation_metrics.csv
basin,NSE
01022500,0.7328488826751709
01031500,0.8395349979400635
01047000,0.8157380819320679
01052500,0.8185400366783142
01054200,0.608472466468811
01055000,0.6208741664886475
01057000,0.7529221773147583
01073000,0.7000120282173157
01078000,0.8353168964385986
01123000,0.766790509223938
01134500,0.7368023991584778
01137500,0.7521820068359375
01139000,0.7777926921844482
01139800,0.7632079720497131
01142500,0.6514238119125366
01144000,0.7727954387664795
01162500,0.6715338230133057
01169000,0.6727839112281799
01170100,0.6928758025169373
01181000,0.508586049079895
01187300,0.767540693283081
01195100,0.6519050598144531
01333000,0.5159785151481628
01350000,0.7067738771438599
01350080,0.6756412982940674
01350140,0.670135498046875
01365000,0.7626078128814697
01411300,0.4733734726905823
01413500,0.6641798615455627
01414500,0.6349490284919739
01415000,0.6547213792800903
01423000,0.7287949323654175
01434025,0.5711642503738403
01435000,0.7197687029838562
01439500,0.697412371635437
01440000,0.7255163788795471
01440400,0.6769113540649414
01451800,0.7574974298477173
01466500,0.7347357273101807
01484100,0.7861061096191406
01487000,0.8582863807678223
01491000,0.8260480165481567
01510000,0.7519935965538025
01516500,0.5825942754745483
01518862,0.6591105461120605
01532000,0.7051888704299927
01539000,0.8154523968696594
01542810,0.747755765914917
01543000,0.8084326982498169
01543500,0.8241618871688843
01544500,0.8161360025405884
01545600,0.7236548662185669
01547700,0.7504290342330933
01548500,0.8605377674102783
01549500,0.7319736480712891
01550000,0.7731881737709045
01552000,0.7728921175003052
01552500,0.6541620492935181
01557500,0.8427774906158447
01567500,0.770907998085022
01568000,0.8161042928695679
01580000,0.624234676361084
01583500,0.46213120222091675
01586610,0.5878515839576721
01591400,0.3499087691307068
01594950,0.7626765966415405
01596500,0.7962148189544678
01605500,0.5975749492645264
01606500,0.7376499176025391
01632000,0.477830708026886
01632900,0.366025447845459
01634500,0.576485276222229
01638480,0.6842920780181885
01639500,0.6577887535095215
01644000,0.8216015100479126
01664000,0.8603869080543518
01666500,0.31950289011001587
01667500,0.28608888387680054
01669000,0.8179875612258911
01669520,0.8024131655693054
02011400,0.8174630403518677
02013000,0.8277345299720764
02014000,0.8363208174705505
02015700,0.6473830938339233
02016000,0.8171302080154419
02017500,0.7308920621871948
02018000,0.7655900120735168
02027000,0.6808342933654785
02027500,0.6159933805465698
02028500,0.6862182021141052
02038850,0.6697571277618408
02046000,0.69310063123703
02051500,0.7931047677993774
02053200,0.7547425031661987
02053800,0.8132794499397278
02055100,0.5454363822937012
02056900,0.7651863098144531
02059500,0.6486281156539917
02064000,0.5243434906005859
02065500,0.07867604494094849
02069700,0.5554736852645874
02070000,0.6366236209869385
02074500,0.6059622764587402
02077200,0.6421751976013184
02081500,0.5888700485229492
02082950,0.7824214696884155
02092500,0.8438031673431396
02096846,0.37041252851486206
02102908,0.6129748821258545
02108000,0.8602003455162048
02111180,0.6528388261795044
02111500,0.5724129676818848
02112120,0.4862021207809448
02112360,0.6979227066040039
02118500,0.5518205165863037
02125000,0.6419816017150879
02128000,0.5321828126907349
02137727,0.6609638929367065
02140991,0.7164853811264038
02143000,0.6479553580284119
02143040,0.47485703229904175
02149000,0.6860113739967346
02152100,0.5609457492828369
02177000,0.4332156777381897
02178400,0.7307407855987549
02193340,0.822735607624054
02196000,0.8581095933914185
02198100,0.6799346208572388
02202600,0.8925607204437256
02212600,0.5931441783905029
02215100,0.8147719502449036
02216180,0.6640607118606567
02221525,0.5397238731384277
02231000,0.892890214920044
02245500,0.36736810207366943
02246000,0.8480584025382996
02296500,0.15087294578552246
02297155,-8.024002075195312
02297310,-1.330195665359497
02298123,0.6322453022003174
02298608,0.3306922912597656
02299950,0.3477397561073303
02300700,-0.14904987812042236
02342933,0.3328934907913208
02349900,0.611836850643158
02350900,0.8056814074516296
02361000,0.784155011177063
02363000,0.7032190561294556
02369800,0.536652684211731
02371500,0.6041096448898315
02372250,0.6583062410354614
02374500,0.4069594740867615
02381600,0.38000988960266113
02384540,0.687015175819397
02395120,-0.37763798236846924
02415000,0.7020788192749023
02427250,0.7673446536064148
02430085,0.7025240659713745
02450250,0.53397536277771
02464000,0.6896887421607971
02464360,0.7108659744262695
02465493,-0.930595874786377
02469800,0.7459633350372314
02472000,0.8005509972572327
02472500,0.6033817529678345
02479155,0.5684570074081421
02479300,0.829786479473114
02479560,0.667492151260376
02481000,0.4496251344680786
02481510,0.6395968198776245
03010655,0.7661656141281128
03011800,0.6434484720230103
03015500,0.7666364908218384
03021350,0.7151004076004028
03026500,0.7458432912826538
03028000,0.7168023586273193
03049000,0.8076213598251343
03049800,0.6296327114105225
03050000,0.7443943023681641
03069500,0.7978287935256958
03070500,0.777176022529602
03076600,0.6738165020942688
03078000,0.7532339096069336
03140000,0.788782000541687
03144000,0.8039660453796387
03170000,0.7606444358825684
03173000,0.8535668849945068
03180500,0.742294430732727
03182500,0.776124894618988
03186500,0.7466350793838501
03237280,0.5675299167633057
03237500,0.6351886987686157
03238500,0.6215030550956726
03241500,0.7921099662780762
03280700,0.611594021320343
03281500,0.762245237827301
03285000,0.7439886927604675
03291780,0.5119961500167847
03338780,0.45321059226989746
03340800,0.794192910194397
03346000,0.7928886413574219
03364500,0.6039013862609863
03366500,0.6188075542449951
03368000,0.7051384449005127
03384450,0.6427519917488098
03439000,0.6554739475250244
03455500,0.40333861112594604
03456500,0.5389963388442993
03460000,0.7800897359848022
03463300,0.457284152507782
03471500,0.750510036945343
03473000,0.7882151007652283
03479000,0.4043288230895996
03488000,0.7886759638786316
03498500,0.7139490246772766
03500000,0.7257367372512817
03500240,0.4673033356666565
03504000,0.5652469396591187
03574500,0.6811790466308594
03592718,0.5436956882476807
03604000,0.5463391542434692
04015330,0.653313159942627
04024430,0.4377745985984802
04027000,0.5788953900337219
04040500,0.6463984847068787
04043050,0.8541014194488525
04045500,0.9080709218978882
04057510,0.7814478278160095
04057800,0.3542376160621643
04059500,0.8818243741989136
04063700,0.7687277793884277
04074950,0.737919807434082
04105700,0.6242051124572754
04115265,0.6455463171005249
04122200,0.7038763761520386
04122500,0.6625741720199585
04127918,0.5946786403656006
04127997,0.7023347020149231
04161580,0.6799548268318176
04185000,0.7011536359786987
04196800,0.6655882596969604
04197100,0.7127395868301392
04197170,0.7446824312210083
04213000,0.6634353995323181
04213075,0.4199393391609192
04216418,0.7102776765823364
04221000,0.7869582176208496
04224775,0.7990309596061707
04233000,0.7869866490364075
04256000,0.6712719202041626
04296000,0.68149733543396
05057200,0.25494080781936646
05120500,-25.627164840698242
05291000,0.3321272134780884
05362000,0.9156453013420105
05393500,0.8713703155517578
05399500,0.6382729411125183
05408000,0.6946153044700623
05413500,0.7334506511688232
05414000,0.4668560028076172
05444000,0.4428192377090454
05454000,0.3669700622558594
05458000,0.5732055902481079
05466500,-0.0016124248504638672
05487980,0.6514121890068054
05488200,0.552353024482727
05489000,0.5734695196151733
05495000,0.5405169725418091
05495500,0.4252586364746094
05501000,0.7226342558860779
05503800,0.8054444193840027
05507600,0.7065259218215942
05508805,0.7075296640396118
05525500,0.7845865488052368
05556500,0.6642211675643921
05584500,0.24735605716705322
05591550,0.7345623970031738
05592050,0.5540928840637207
05592575,0.6682277321815491
05593575,0.7069472074508667
05593900,0.7355827689170837
05595730,0.6816067695617676
06221400,0.8677480816841125
06224000,0.9151753783226013
06278300,0.7115663290023804
06280300,0.891537070274353
06289000,0.4663298726081848
06291500,0.5317167043685913
06311000,0.7578470706939697
06332515,0.7780339121818542
06339100,0.7005400657653809
06344600,0.3000108599662781
06350000,0.08594077825546265
06352000,0.09964460134506226
06404000,0.778310239315033
06406000,0.0693320631980896
06409000,-1.9931840896606445
06431500,0.3762044906616211
06440200,0.3282114863395691
06447500,0.5942443609237671
06470800,0.7137635946273804
06477500,-2.9455368518829346
06479215,0.32030266523361206
06601000,-0.30412352085113525
06614800,0.7046696543693542
06622700,0.7341068983078003
06623800,0.9185812473297119
06632400,0.6395136117935181
06746095,0.6413842439651489
06803510,0.6599231958389282
06803530,0.6907995939254761
06814000,0.5298905372619629
06847900,0.016139328479766846
06853800,0.4129182696342468
06876700,0.5567483901977539
06878000,0.7337456941604614
06879650,-0.07671582698822021
06885500,0.6423031687736511
06888500,0.6641604900360107
06889200,0.4994317293167114
06889500,0.8102962970733643
06892000,0.7205195426940918
06903400,0.5539987087249756
06906800,0.5625706911087036
06910800,0.6607098579406738
06911900,0.586677074432373
06917000,0.6541973352432251
06918460,0.4398500919342041
06919500,0.7778574824333191
06921070,0.5543144941329956
06921200,0.5798008441925049
07057500,0.8551865220069885
07060710,0.6158751249313354
07066000,0.7483509182929993
07083000,0.8606486916542053
07142300,-0.17048299312591553
07145700,0.7053823471069336
07167500,0.5661225318908691
07180500,0.4843735098838806
07184000,0.5593418478965759
07195800,-0.07587885856628418
07196900,0.4160849452018738
07197000,0.6654608845710754
07208500,0.5016036033630371
07261000,0.7514086961746216
07263295,0.6011176109313965
07291000,0.6732997894287109
07299670,0.20849615335464478
07301410,0.0008507966995239258
07315200,0.6034227609634399
07315700,0.6635912656784058
07335700,0.5812102556228638
07340300,0.7871335744857788
07346045,0.7804489135742188
07359610,0.6148545145988464
07362100,-0.6651873588562012
07362587,0.4743998646736145
07375000,0.5300313830375671
08013000,0.7987762093544006
08014500,0.2662878632545471
08023080,0.4408586025238037
08050800,0.6454846858978271
08066200,0.562437891960144
08066300,0.5991353392601013
08070000,0.5819219350814819
08070200,0.5741230845451355
08082700,0.11915254592895508
08086212,0.6516375541687012
08086290,0.5528961420059204
08101000,0.5406335592269897
08103900,0.5797579288482666
08104900,0.2978575825691223
08109700,0.5160402655601501
08150800,0.19613009691238403
08158700,0.46067774295806885
08158810,0.4519105553627014
08164300,0.5186902284622192
08164600,0.47746580839157104
08165300,-9.027507781982422
08171300,0.6236039996147156
08175000,0.32226747274398804
08176900,0.29010945558547974
08178880,-1.3463630676269531
08189500,0.22129464149475098
08190000,-0.4165380001068115
08190500,-1.7355287075042725
08194200,-0.5193499326705933
08195000,-0.9316506385803223
08196000,-0.12188446521759033
08198500,-0.06192779541015625
08200000,0.31064820289611816
08202700,0.1696677803993225
08267500,0.11018294095993042
08269000,-0.01945817470550537
08271000,0.22722822427749634
08324000,0.5387582182884216
08377900,0.81070876121521
08378500,0.7696883678436279
08380500,0.10184645652770996
09035800,0.8234975934028625
09035900,0.9083638191223145
09047700,0.8171987533569336
09065500,0.8064942359924316
09066000,0.8070248365402222
09066200,0.857832670211792
09066300,0.8471069931983948
09081600,0.8614031076431274
09107000,0.8425546884536743
09210500,0.5057392120361328
09223000,0.7786473035812378
09306242,0.22046351432800293
09312600,0.7751142978668213
09352900,0.7341262102127075
09378170,0.4402610659599304
09386900,0.022135794162750244
09404450,0.03422558307647705
09430600,0.047530412673950195
09447800,-0.26645660400390625
09484600,0.11564725637435913
09492400,0.5050982236862183
09494000,0.501200795173645
09497980,0.5504974126815796
09505350,0.2821394205093384
09505800,0.6222785711288452
09508300,0.13525545597076416
09510200,0.3026841878890991
09512280,0.18873095512390137
09513780,0.15463441610336304
10234500,0.39212459325790405
10244950,-0.6798187494277954
10259000,0.31482791900634766
10336645,0.8185072541236877
10336660,0.9067000150680542
10343500,0.20596575736999512
11124500,0.6739716529846191
11141280,-4.3961920738220215
11143000,-0.28950583934783936
11148900,0.3656587600708008
11151300,-1.639145851135254
11176400,0.7057546377182007
11230500,0.44432175159454346
11237500,0.7478550672531128
11264500,0.9096615314483643
11266500,0.9475232362747192
11284400,0.5397031307220459
11381500,0.5507552623748779
11451100,0.6687836050987244
11468500,0.8797257542610168
11473900,0.6519489288330078
11475560,0.7068414092063904
11476600,0.7111749053001404
11478500,0.6872217655181885
11480390,0.5624643564224243
11481200,0.7930848598480225
11482500,0.7922031283378601
11522500,0.83273845911026
11523200,0.7783651947975159
11528700,0.605614185333252
11532500,0.871435284614563
12010000,0.8574626445770264
12013500,0.8045820593833923
12020000,0.2910866141319275
12025700,0.8455992937088013
12035000,0.8258886933326721
12040500,0.7378479242324829
12041200,0.7208797931671143
12048000,0.6707611680030823
12054000,0.6597992181777954
12056500,0.5450149774551392
12073500,0.6202991008758545
12082500,0.6927778124809265
12092000,0.7384088039398193
12114500,0.7440344095230103
12115000,0.767840564250946
12117000,0.8077248334884644
12143600,0.6834481954574585
12144000,0.7241703867912292
12145500,0.862475574016571
12147500,0.7216085195541382
12167000,0.5423587560653687
12175500,0.7961140871047974
12178100,0.7303391098976135
12186000,0.6545087099075317
12189500,0.6467148065567017
12375900,0.7570458054542542
12377150,0.8811970949172974
12381400,0.7209489345550537
12383500,0.7106465101242065
12390700,0.7542776465415955
12411000,0.6002451181411743
12447390,0.7133020758628845
12451000,0.8807652592658997
12488500,0.6940301656723022
13011500,0.8871291279792786
13011900,0.8646227121353149
13018300,0.47241538763046265
13023000,0.8158918619155884
13161500,0.8730067014694214
13235000,0.7629860043525696
13240000,0.833460807800293
13313000,0.9365894198417664
13331500,0.7590187788009644
14020000,0.4031907320022583
14096850,0.1257595419883728
14137000,0.675217866897583
14138800,0.6382940411567688
14138870,0.7571049928665161
14138900,0.6733127236366272
14139800,0.7289217710494995
14141500,0.7318949699401855
14154500,0.7692958116531372
14158790,0.5104624629020691
14166500,0.9067308306694031
14182500,0.6680140495300293
14185000,0.8102408051490784
14185900,0.7813534736633301
14187000,0.8650071620941162
14216500,0.6245627403259277
14222500,0.7768197059631348
14236200,0.7584872841835022
14301000,0.896196186542511
14303200,0.7354608774185181
14305500,0.832822322845459
14306340,0.810901403427124
14306500,0.8514059782028198
14308990,0.7677608132362366
14309500,0.7056654095649719
14316700,0.671033501625061
14325000,0.763367235660553
14362250,0.40803104639053345
14400000,0.8274722695350647
###BASE B01 rows=532 src=/data1/home/sunyiq/id30_modern_transformer_moe_20260827/repo/results/30_modern_transformer_moe/B01/modern_transformer_moe_B01_lstm_s100_2026_0827_1820_ep30/validation/model_epoch030/validation_metrics.csv
basin,NSE
01022500,0.840348482131958
01031500,0.832870602607727
01047000,0.8854019045829773
01052500,0.8684292435646057
01054200,0.6223454475402832
01055000,0.7121614217758179
01057000,0.851912796497345
01073000,0.7948282957077026
01078000,0.842592716217041
01123000,0.8117185831069946
01134500,0.8077681064605713
01137500,0.8001182675361633
01139000,0.8165569305419922
01139800,0.5614556670188904
01142500,0.7293184399604797
01144000,0.7774074673652649
01162500,0.6755997538566589
01169000,0.6090052723884583
01170100,0.5861752033233643
01181000,0.6057347059249878
01187300,0.7271395325660706
01195100,0.6821048259735107
01333000,0.4089123010635376
01350000,0.6099688410758972
01350080,0.4786112904548645
01350140,0.5569972991943359
01365000,0.7165456414222717
01411300,0.6610767841339111
01413500,0.3961257338523865
01414500,0.5449645519256592
01415000,0.5097149610519409
01423000,0.6346964836120605
01434025,0.5326998233795166
01435000,0.6709180474281311
01439500,0.684407651424408
01440000,0.7360211610794067
01440400,0.6489830613136292
01451800,0.7819777727127075
01466500,0.7753135561943054
01484100,0.733830451965332
01487000,0.8962512612342834
01491000,0.8636871576309204
01510000,0.7921327352523804
01516500,0.6908385753631592
01518862,0.7155857682228088
01532000,0.7015331387519836
01539000,0.8235998749732971
01542810,0.8308913707733154
01543000,0.8900660276412964
01543500,0.8966276049613953
01544500,0.8252019286155701
01545600,0.8283064365386963
01547700,0.5602144598960876
01548500,0.9135624170303345
01549500,0.6926563382148743
01550000,0.7082264423370361
01552000,0.7467228174209595
01552500,0.6154125332832336
01557500,0.8135926723480225
01567500,0.7564337849617004
01568000,0.8449398875236511
01580000,0.6278749704360962
01583500,0.45519840717315674
01586610,0.604211688041687
01591400,0.27411752939224243
01594950,0.7189598083496094
01596500,0.8182353377342224
01605500,0.7614690661430359
01606500,0.754051923751831
01632000,0.5271586179733276
01632900,0.654259204864502
01634500,0.6499122381210327
01638480,0.7501652240753174
01639500,0.7319775819778442
01644000,0.8969058990478516
01664000,0.8660026788711548
01666500,0.7493541240692139
01667500,0.7610468864440918
01669000,0.7779813408851624
01669520,0.7732900381088257
02011400,0.8935015797615051
02013000,0.847008228302002
02014000,0.8849219679832458
02015700,0.7989704012870789
02016000,0.8288180232048035
02017500,0.7430250644683838
02018000,0.7886013984680176
02027000,0.744756817817688
02027500,0.6223134994506836
02028500,0.6639142036437988
02038850,0.6692565679550171
02046000,0.7606922388076782
02051500,0.8196274042129517
02053200,0.7939275503158569
02053800,0.7753211259841919
02055100,0.6732905507087708
02056900,0.7288342714309692
02059500,0.6911494731903076
02064000,0.8528887033462524
02065500,0.26292067766189575
02069700,0.6240423321723938
02070000,0.6281535625457764
02074500,0.47428470849990845
02077200,0.7208225727081299
02081500,0.7435902953147888
02082950,0.8281964063644409
02092500,0.9352080225944519
02096846,0.4105476140975952
02102908,0.6857208013534546
02108000,0.8218384981155396
02111180,0.6325283050537109
02111500,0.5450681447982788
02112120,0.5207290649414062
02112360,0.6894487142562866
02118500,0.5674050450325012
02125000,0.9003745317459106
02128000,0.6988868713378906
02137727,0.6441066265106201
02140991,0.7264856100082397
02143000,0.7123855352401733
02143040,0.5991829633712769
02149000,0.6670153737068176
02152100,0.6499000787734985
02177000,0.7665807008743286
02178400,0.7535160779953003
02193340,0.8348100185394287
02196000,0.855110228061676
02198100,0.6227439045906067
02202600,0.8138434290885925
02212600,0.7801348567008972
02215100,0.5766243934631348
02216180,0.7351455688476562
02221525,0.5792018175125122
02231000,0.8910931944847107
02245500,0.44944196939468384
02246000,0.850104033946991
02296500,0.29899781942367554
02297155,-11.31335735321045
02297310,-0.9082702398300171
02298123,0.7912572026252747
02298608,0.16213244199752808
02299950,0.6429960131645203
02300700,0.03891056776046753
02342933,0.5506622791290283
02349900,0.3213680386543274
02350900,0.8579439520835876
02361000,0.833669900894165
02363000,0.673509955406189
02369800,0.7637230753898621
02371500,0.5193034410476685
02372250,-0.019083261489868164
02374500,0.5065710544586182
02381600,0.266198992729187
02384540,0.5311245918273926
02395120,0.36252927780151367
02415000,0.725914478302002
02427250,0.6422654986381531
02430085,0.7457553148269653
02450250,0.3107963800430298
02464000,0.6600083708763123
02464360,0.6468448638916016
02465493,0.2213383913040161
02469800,0.8223083019256592
02472000,0.8462320566177368
02472500,0.7319959402084351
02479155,0.6936146020889282
02479300,0.8213053345680237
02479560,0.5886238813400269
02481000,0.6359360218048096
02481510,0.7889926433563232
03010655,0.8195681571960449
03011800,0.7484711408615112
03015500,0.8378339409828186
03021350,0.7216758728027344
03026500,0.8804563283920288
03028000,0.8875069618225098
03049000,0.787466824054718
03049800,0.6905072927474976
03050000,0.8400582075119019
03069500,0.9055899381637573
03070500,0.8418886661529541
03076600,0.7399262189865112
03078000,0.7968153953552246
03140000,0.7905023097991943
03144000,0.8537390828132629
03170000,0.7684799432754517
03173000,0.7811986804008484
03180500,0.7669190168380737
03182500,0.801191508769989
03186500,0.8213626742362976
03237280,0.5732448101043701
03237500,0.6231018304824829
03238500,0.5352801084518433
03241500,0.8091776371002197
03280700,0.7247096300125122
03281500,0.8075767755508423
03285000,0.6820158958435059
03291780,0.615923285484314
03338780,0.49319231510162354
03340800,0.8718549609184265
03346000,0.7817914485931396
03364500,0.7391102313995361
03366500,0.6320423483848572
03368000,0.7572904825210571
03384450,0.763460636138916
03439000,0.664530873298645
03455500,0.33010125160217285
03456500,0.5230751037597656
03460000,0.7452248930931091
03463300,0.6368395090103149
03471500,0.796836793422699
03473000,0.7667107582092285
03479000,0.4900825619697571
03488000,0.8575316667556763
03498500,0.8109043836593628
03500000,0.7786946296691895
03500240,0.688818633556366
03504000,0.7418241500854492
03574500,0.604310929775238
03592718,0.5680075883865356
03604000,0.7658326029777527
04015330,0.6979124546051025
04024430,0.5354479551315308
04027000,0.7654039859771729
04040500,0.6994218826293945
04043050,0.8570775985717773
04045500,0.9026992321014404
04057510,0.7067850828170776
04057800,0.5599536895751953
04059500,0.8797899484634399
04063700,0.5655040144920349
04074950,0.8576843738555908
04105700,0.5615155696868896
04115265,0.7067251205444336
04122200,0.7822145819664001
04122500,0.6216217279434204
04127918,0.6210205554962158
04127997,0.7505921721458435
04161580,0.6618912220001221
04185000,0.7047268152236938
04196800,0.479836642742157
04197100,0.6206482648849487
04197170,0.7758418917655945
04213000,0.673874020576477
04213075,0.48321330547332764
04216418,0.7341687679290771
04221000,0.839198112487793
04224775,0.7655719518661499
04233000,0.758405327796936
04256000,0.7930869460105896
04296000,0.7467607259750366
05057200,0.4338703155517578
05120500,-29.34272003173828
05291000,0.29780906438827515
05362000,0.7805233597755432
05393500,0.7746344804763794
05399500,0.7751325368881226
05408000,0.5790283679962158
05413500,0.726608157157898
05414000,0.4617869257926941
05444000,0.4839494824409485
05454000,0.5845463871955872
05458000,0.6287819147109985
05466500,0.604056179523468
05487980,0.6753653287887573
05488200,0.660157322883606
05489000,0.6481369137763977
05495000,0.723716139793396
05495500,0.4346386194229126
05501000,0.7515735626220703
05503800,0.780522346496582
05507600,0.8353862762451172
05508805,0.8902920484542847
05525500,0.8627498149871826
05556500,0.7425611019134521
05584500,0.511172890663147
05591550,0.7442992925643921
05592050,0.6325051784515381
05592575,0.7792559266090393
05593575,0.6098493337631226
05593900,0.7666225433349609
05595730,0.6896622180938721
06221400,0.9186233878135681
06224000,0.9206114411354065
06278300,0.8095167875289917
06280300,0.800006628036499
06289000,0.374261736869812
06291500,0.7549723982810974
06311000,0.5839592218399048
06332515,-1.1194844245910645
06339100,0.5052658319473267
06344600,-0.023677706718444824
06350000,-0.36385810375213623
06352000,-0.019195199012756348
06404000,0.43621188402175903
06406000,0.045508384704589844
06409000,-4.505600452423096
06431500,0.4392503499984741
06440200,0.7020399570465088
06447500,0.5194816589355469
06470800,0.8399705290794373
06477500,0.4532274007797241
06479215,0.34071314334869385
06601000,-0.15487241744995117
06614800,0.8159907460212708
06622700,0.71089106798172
06623800,0.9148633480072021
06632400,0.7365394234657288
06746095,0.6881543397903442
06803510,0.7243562936782837
06803530,0.6838245391845703
06814000,0.7305290699005127
06847900,0.10691940784454346
06853800,0.1708417534828186
06876700,0.35500025749206543
06878000,0.7432286739349365
06879650,0.3846967816352844
06885500,0.7918209433555603
06888500,0.7054023146629333
06889200,0.7022069692611694
06889500,0.7391718626022339
06892000,0.6949768662452698
06903400,0.6293190717697144
06906800,0.7375805377960205
06910800,0.8584063649177551
06911900,0.7608314752578735
06917000,0.76842200756073
06918460,-0.017249703407287598
06919500,0.7625524401664734
06921070,0.6366405487060547
06921200,0.7322535514831543
07057500,0.8434106111526489
07060710,0.6834555864334106
07066000,0.8880201578140259
07083000,0.846681535243988
07142300,0.07155168056488037
07145700,0.6833415031433105
07167500,0.6204869747161865
07180500,0.7565418481826782
07184000,0.7067569494247437
07195800,-0.3493748903274536
07196900,0.7255278825759888
07197000,0.7469593286514282
07208500,0.37143611907958984
07261000,0.9197200536727905
07263295,0.7028201818466187
07291000,0.4958036541938782
07299670,0.19869452714920044
07301410,0.04408484697341919
07315200,0.4248078465461731
07315700,0.526376485824585
07335700,0.6840535402297974
07340300,0.806200385093689
07346045,0.7004655599594116
07359610,0.7860088348388672
07362100,0.18574804067611694
07362587,0.4710337519645691
07375000,0.5830131769180298
08013000,0.8462453484535217
08014500,0.45052915811538696
08023080,0.6352478861808777
08050800,0.3337610960006714
08066200,0.6494638919830322
08066300,0.6472879648208618
08070000,0.6121953725814819
08070200,0.5991992950439453
08082700,0.2180594801902771
08086212,0.6062748432159424
08086290,0.6532593965530396
08101000,0.5676127672195435
08103900,0.42666614055633545
08104900,0.40162724256515503
08109700,0.41130733489990234
08150800,-3.316408634185791
08158700,0.23157930374145508
08158810,0.3433266878128052
08164300,0.47557133436203003
08164600,0.6370391845703125
08165300,-20.5589599609375
08171300,0.6525064706802368
08175000,0.4359455704689026
08176900,0.2705116271972656
08178880,0.14640706777572632
08189500,0.7214372158050537
08190000,-0.10008859634399414
08190500,-0.022875666618347168
08194200,-0.8979132175445557
08195000,0.09813958406448364
08196000,0.146966814994812
08198500,0.11813575029373169
08200000,0.3217232823371887
08202700,0.10022294521331787
08267500,-0.002768397331237793
08269000,0.08385789394378662
08271000,0.263131320476532
08324000,0.7086820602416992
08377900,0.7407416701316833
08378500,0.6879608631134033
08380500,0.5871304273605347
09035800,0.878205418586731
09035900,0.9313517808914185
09047700,0.8877387046813965
09065500,0.9617588520050049
09066000,0.975513219833374
09066200,0.9170706272125244
09066300,0.9614297747612
09081600,0.9378500580787659
09107000,0.9038573503494263
09210500,0.7030227780342102
09223000,0.7353677749633789
09306242,0.12055093050003052
09312600,0.5094802379608154
09352900,0.6463962197303772
09378170,0.5443350076675415
09386900,0.07426673173904419
09404450,0.6537926197052002
09430600,0.026838183403015137
09447800,-0.465936541557312
09484600,0.17585432529449463
09492400,0.49100589752197266
09494000,0.3660459518432617
09497980,0.5814504623413086
09505350,0.05823415517807007
09505800,-1.5622553825378418
09508300,0.3360259532928467
09510200,0.625901460647583
09512280,0.3474462628364563
09513780,0.2154374122619629
10234500,0.6427581906318665
10244950,-1.25834059715271
10259000,0.45053237676620483
10336645,0.819571316242218
10336660,0.8734030723571777
10343500,0.5742167234420776
11124500,0.7579368352890015
11141280,0.13748711347579956
11143000,0.5955871343612671
11148900,0.5419628024101257
11151300,0.42746400833129883
11176400,0.6312061548233032
11230500,0.6594278216362
11237500,0.5624704360961914
11264500,0.958466112613678
11266500,0.9236501455307007
11284400,0.21819210052490234
11381500,0.6517232656478882
11451100,0.6905854940414429
11468500,0.8814550638198853
11473900,0.7970675826072693
11475560,0.7728934288024902
11476600,0.6899927854537964
11478500,0.49467235803604126
11480390,0.5092523097991943
11481200,0.7699159383773804
11482500,0.7446881532669067
11522500,0.7443230748176575
11523200,0.7189291715621948
11528700,0.4854736924171448
11532500,0.8895054459571838
12010000,0.8345034122467041
12013500,0.8498632311820984
12020000,0.2947043776512146
12025700,0.8536146879196167
12035000,0.821927011013031
12040500,0.7522621154785156
12041200,0.7709554433822632
12048000,0.6051303148269653
12054000,0.7321916818618774
12056500,0.6923823952674866
12073500,0.7481783032417297
12082500,0.7587670087814331
12092000,0.731123685836792
12114500,0.41501176357269287
12115000,0.572192907333374
12117000,0.7660739421844482
12143600,0.7330007553100586
12144000,0.7599331736564636
12145500,0.8998421430587769
12147500,0.7428382635116577
12167000,0.5965424180030823
12175500,0.8464146256446838
12178100,0.816253662109375
12186000,0.7097728848457336
12189500,0.7273341417312622
12375900,0.6974117755889893
12377150,0.8680851459503174
12381400,0.7861496806144714
12383500,0.7439655065536499
12390700,0.8620514869689941
12411000,0.710634708404541
12447390,0.38531702756881714
12451000,0.888449490070343
12488500,0.5271329879760742
13011500,0.8394867777824402
13011900,0.8117899298667908
13018300,0.3903812766075134
13023000,0.9071142673492432
13161500,0.8603180646896362
13235000,0.6723787784576416
13240000,0.8681850433349609
13313000,0.8227114081382751
13331500,0.7575154900550842
14020000,0.47041863203048706
14096850,0.233578622341156
14137000,0.7122300267219543
14138800,0.6745008230209351
14138870,0.7742986083030701
14138900,0.6926589012145996
14139800,0.7570052742958069
14141500,0.7407249808311462
14154500,0.803571343421936
14158790,0.5809465646743774
14166500,0.8995685577392578
14182500,0.7070931196212769
14185000,0.7654677629470825
14185900,0.787577748298645
14187000,0.8188887238502502
14216500,0.5658223628997803
14222500,0.8736869096755981
14236200,0.863986074924469
14301000,0.9128382802009583
14303200,0.7499051094055176
14305500,0.8692293167114258
14306340,0.7892794013023376
14306500,0.8791656494140625
14308990,0.8793973922729492
14309500,0.6673586368560791
14316700,0.749809741973877
14325000,0.6551574468612671
14362250,0.5717191696166992
14400000,0.8341610431671143
=== DONE ===
### ---------- end ----------
### exit_code=0
### finished=2026-09-10T09:10:38+0800
