### channel=id33-transformer-recipe-repair seq=14
### host=login4
### started=2026-09-04T21:11:50+0800
### ---------- output ----------
=== STAMP ===
2026-09-04T21:11:50+0800
=== A. INTEGRITY BEFORE/AFTER FOR T2 (registry + config) ===
T1 changed_files= NO_AFTER_BLOCK keys_after= ['seed', 'slurm_job_id', 'source_integrity_before', 'started_at_utc', 'status', 'training_return_code']
T2 changed_files= NO_AFTER_BLOCK keys_after= ['seed', 'slurm_job_id', 'source_integrity_before', 'started_at_utc', 'status', 'training_return_code']
T3 changed_files= NO_AFTER_BLOCK keys_after= ['seed', 'slurm_job_id', 'source_integrity_before', 'started_at_utc', 'status', 'training_return_code']
T4 changed_files= NO_AFTER_BLOCK keys_after= ['seed', 'slurm_job_id', 'source_integrity_before', 'started_at_utc', 'status', 'training_return_code']
L33 changed_files= NO_AFTER_BLOCK keys_after= ['seed', 'slurm_job_id', 'source_integrity_before', 'started_at_utc', 'status', 'training_return_code']
=== A2. CURRENT REGISTRY SHA ===
b202b1d7e664aa84c38f20647c9478d4ee4a49846cacd4a2c75aeb86a5369b9e  /data1/home/sunyiq/id33_transformer_recipe_repair_20260904/repo/src/transformer_recipe_repair/registry/experiments.csv
=== B. NSE DUMPS (basin,NSE) ===
###ARM D01
01022500,0.7328488826751709
01031500,0.8395349979400635
01047000,0.8157380819320679
01052500,0.8185400366783142
01054200,0.608472466468811
01055000,0.6208741664886475
01057000,0.7529221773147583
01073000,0.7000120282173157
01078000,0.8353168964385986
01123000,0.766790509223938
01134500,0.7368023991584778
01137500,0.7521820068359375
01139000,0.7777926921844482
01139800,0.7632079720497131
01142500,0.6514238119125366
01144000,0.7727954387664795
01162500,0.6715338230133057
01169000,0.6727839112281799
01170100,0.6928758025169373
01181000,0.508586049079895
01187300,0.767540693283081
01195100,0.6519050598144531
01333000,0.5159785151481628
01350000,0.7067738771438599
01350080,0.6756412982940674
01350140,0.670135498046875
01365000,0.7626078128814697
01411300,0.4733734726905823
01413500,0.6641798615455627
01414500,0.6349490284919739
01415000,0.6547213792800903
01423000,0.7287949323654175
01434025,0.5711642503738403
01435000,0.7197687029838562
01439500,0.697412371635437
01440000,0.7255163788795471
01440400,0.6769113540649414
01451800,0.7574974298477173
01466500,0.7347357273101807
01484100,0.7861061096191406
01487000,0.8582863807678223
01491000,0.8260480165481567
01510000,0.7519935965538025
01516500,0.5825942754745483
01518862,0.6591105461120605
01532000,0.7051888704299927
01539000,0.8154523968696594
01542810,0.747755765914917
01543000,0.8084326982498169
01543500,0.8241618871688843
01544500,0.8161360025405884
01545600,0.7236548662185669
01547700,0.7504290342330933
01548500,0.8605377674102783
01549500,0.7319736480712891
01550000,0.7731881737709045
01552000,0.7728921175003052
01552500,0.6541620492935181
01557500,0.8427774906158447
01567500,0.770907998085022
01568000,0.8161042928695679
01580000,0.624234676361084
01583500,0.46213120222091675
01586610,0.5878515839576721
01591400,0.3499087691307068
01594950,0.7626765966415405
01596500,0.7962148189544678
01605500,0.5975749492645264
01606500,0.7376499176025391
01632000,0.477830708026886
01632900,0.366025447845459
01634500,0.576485276222229
01638480,0.6842920780181885
01639500,0.6577887535095215
01644000,0.8216015100479126
01664000,0.8603869080543518
01666500,0.31950289011001587
01667500,0.28608888387680054
01669000,0.8179875612258911
01669520,0.8024131655693054
02011400,0.8174630403518677
02013000,0.8277345299720764
02014000,0.8363208174705505
02015700,0.6473830938339233
02016000,0.8171302080154419
02017500,0.7308920621871948
02018000,0.7655900120735168
02027000,0.6808342933654785
02027500,0.6159933805465698
02028500,0.6862182021141052
02038850,0.6697571277618408
02046000,0.69310063123703
02051500,0.7931047677993774
02053200,0.7547425031661987
02053800,0.8132794499397278
02055100,0.5454363822937012
02056900,0.7651863098144531
02059500,0.6486281156539917
02064000,0.5243434906005859
02065500,0.07867604494094849
02069700,0.5554736852645874
02070000,0.6366236209869385
02074500,0.6059622764587402
02077200,0.6421751976013184
02081500,0.5888700485229492
02082950,0.7824214696884155
02092500,0.8438031673431396
02096846,0.37041252851486206
02102908,0.6129748821258545
02108000,0.8602003455162048
02111180,0.6528388261795044
02111500,0.5724129676818848
02112120,0.4862021207809448
02112360,0.6979227066040039
02118500,0.5518205165863037
02125000,0.6419816017150879
02128000,0.5321828126907349
02137727,0.6609638929367065
02140991,0.7164853811264038
02143000,0.6479553580284119
02143040,0.47485703229904175
02149000,0.6860113739967346
02152100,0.5609457492828369
02177000,0.4332156777381897
02178400,0.7307407855987549
02193340,0.822735607624054
02196000,0.8581095933914185
02198100,0.6799346208572388
02202600,0.8925607204437256
02212600,0.5931441783905029
02215100,0.8147719502449036
02216180,0.6640607118606567
02221525,0.5397238731384277
02231000,0.892890214920044
02245500,0.36736810207366943
02246000,0.8480584025382996
02296500,0.15087294578552246
02297155,-8.024002075195312
02297310,-1.330195665359497
02298123,0.6322453022003174
02298608,0.3306922912597656
02299950,0.3477397561073303
02300700,-0.14904987812042236
02342933,0.3328934907913208
02349900,0.611836850643158
02350900,0.8056814074516296
02361000,0.784155011177063
02363000,0.7032190561294556
02369800,0.536652684211731
02371500,0.6041096448898315
02372250,0.6583062410354614
02374500,0.4069594740867615
02381600,0.38000988960266113
02384540,0.687015175819397
02395120,-0.37763798236846924
02415000,0.7020788192749023
02427250,0.7673446536064148
02430085,0.7025240659713745
02450250,0.53397536277771
02464000,0.6896887421607971
02464360,0.7108659744262695
02465493,-0.930595874786377
02469800,0.7459633350372314
02472000,0.8005509972572327
02472500,0.6033817529678345
02479155,0.5684570074081421
02479300,0.829786479473114
02479560,0.667492151260376
02481000,0.4496251344680786
02481510,0.6395968198776245
03010655,0.7661656141281128
03011800,0.6434484720230103
03015500,0.7666364908218384
03021350,0.7151004076004028
03026500,0.7458432912826538
03028000,0.7168023586273193
03049000,0.8076213598251343
03049800,0.6296327114105225
03050000,0.7443943023681641
03069500,0.7978287935256958
03070500,0.777176022529602
03076600,0.6738165020942688
03078000,0.7532339096069336
03140000,0.788782000541687
03144000,0.8039660453796387
03170000,0.7606444358825684
03173000,0.8535668849945068
03180500,0.742294430732727
03182500,0.776124894618988
03186500,0.7466350793838501
03237280,0.5675299167633057
03237500,0.6351886987686157
03238500,0.6215030550956726
03241500,0.7921099662780762
03280700,0.611594021320343
03281500,0.762245237827301
03285000,0.7439886927604675
03291780,0.5119961500167847
03338780,0.45321059226989746
03340800,0.794192910194397
03346000,0.7928886413574219
03364500,0.6039013862609863
03366500,0.6188075542449951
03368000,0.7051384449005127
03384450,0.6427519917488098
03439000,0.6554739475250244
03455500,0.40333861112594604
03456500,0.5389963388442993
03460000,0.7800897359848022
03463300,0.457284152507782
03471500,0.750510036945343
03473000,0.7882151007652283
03479000,0.4043288230895996
03488000,0.7886759638786316
03498500,0.7139490246772766
03500000,0.7257367372512817
03500240,0.4673033356666565
03504000,0.5652469396591187
03574500,0.6811790466308594
03592718,0.5436956882476807
03604000,0.5463391542434692
04015330,0.653313159942627
04024430,0.4377745985984802
04027000,0.5788953900337219
04040500,0.6463984847068787
04043050,0.8541014194488525
04045500,0.9080709218978882
04057510,0.7814478278160095
04057800,0.3542376160621643
04059500,0.8818243741989136
04063700,0.7687277793884277
04074950,0.737919807434082
04105700,0.6242051124572754
04115265,0.6455463171005249
04122200,0.7038763761520386
04122500,0.6625741720199585
04127918,0.5946786403656006
04127997,0.7023347020149231
04161580,0.6799548268318176
04185000,0.7011536359786987
04196800,0.6655882596969604
04197100,0.7127395868301392
04197170,0.7446824312210083
04213000,0.6634353995323181
04213075,0.4199393391609192
04216418,0.7102776765823364
04221000,0.7869582176208496
04224775,0.7990309596061707
04233000,0.7869866490364075
04256000,0.6712719202041626
04296000,0.68149733543396
05057200,0.25494080781936646
05120500,-25.627164840698242
05291000,0.3321272134780884
05362000,0.9156453013420105
05393500,0.8713703155517578
05399500,0.6382729411125183
05408000,0.6946153044700623
05413500,0.7334506511688232
05414000,0.4668560028076172
05444000,0.4428192377090454
05454000,0.3669700622558594
05458000,0.5732055902481079
05466500,-0.0016124248504638672
05487980,0.6514121890068054
05488200,0.552353024482727
05489000,0.5734695196151733
05495000,0.5405169725418091
05495500,0.4252586364746094
05501000,0.7226342558860779
05503800,0.8054444193840027
05507600,0.7065259218215942
05508805,0.7075296640396118
05525500,0.7845865488052368
05556500,0.6642211675643921
05584500,0.24735605716705322
05591550,0.7345623970031738
05592050,0.5540928840637207
05592575,0.6682277321815491
05593575,0.7069472074508667
05593900,0.7355827689170837
05595730,0.6816067695617676
06221400,0.8677480816841125
06224000,0.9151753783226013
06278300,0.7115663290023804
06280300,0.891537070274353
06289000,0.4663298726081848
06291500,0.5317167043685913
06311000,0.7578470706939697
06332515,0.7780339121818542
06339100,0.7005400657653809
06344600,0.3000108599662781
06350000,0.08594077825546265
06352000,0.09964460134506226
06404000,0.778310239315033
06406000,0.0693320631980896
06409000,-1.9931840896606445
06431500,0.3762044906616211
06440200,0.3282114863395691
06447500,0.5942443609237671
06470800,0.7137635946273804
06477500,-2.9455368518829346
06479215,0.32030266523361206
06601000,-0.30412352085113525
06614800,0.7046696543693542
06622700,0.7341068983078003
06623800,0.9185812473297119
06632400,0.6395136117935181
06746095,0.6413842439651489
06803510,0.6599231958389282
06803530,0.6907995939254761
06814000,0.5298905372619629
06847900,0.016139328479766846
06853800,0.4129182696342468
06876700,0.5567483901977539
06878000,0.7337456941604614
06879650,-0.07671582698822021
06885500,0.6423031687736511
06888500,0.6641604900360107
06889200,0.4994317293167114
06889500,0.8102962970733643
06892000,0.7205195426940918
06903400,0.5539987087249756
06906800,0.5625706911087036
06910800,0.6607098579406738
06911900,0.586677074432373
06917000,0.6541973352432251
06918460,0.4398500919342041
06919500,0.7778574824333191
06921070,0.5543144941329956
06921200,0.5798008441925049
07057500,0.8551865220069885
07060710,0.6158751249313354
07066000,0.7483509182929993
07083000,0.8606486916542053
07142300,-0.17048299312591553
07145700,0.7053823471069336
07167500,0.5661225318908691
07180500,0.4843735098838806
07184000,0.5593418478965759
07195800,-0.07587885856628418
07196900,0.4160849452018738
07197000,0.6654608845710754
07208500,0.5016036033630371
07261000,0.7514086961746216
07263295,0.6011176109313965
07291000,0.6732997894287109
07299670,0.20849615335464478
07301410,0.0008507966995239258
07315200,0.6034227609634399
07315700,0.6635912656784058
07335700,0.5812102556228638
07340300,0.7871335744857788
07346045,0.7804489135742188
07359610,0.6148545145988464
07362100,-0.6651873588562012
07362587,0.4743998646736145
07375000,0.5300313830375671
08013000,0.7987762093544006
08014500,0.2662878632545471
08023080,0.4408586025238037
08050800,0.6454846858978271
08066200,0.562437891960144
08066300,0.5991353392601013
08070000,0.5819219350814819
08070200,0.5741230845451355
08082700,0.11915254592895508
08086212,0.6516375541687012
08086290,0.5528961420059204
08101000,0.5406335592269897
08103900,0.5797579288482666
08104900,0.2978575825691223
08109700,0.5160402655601501
08150800,0.19613009691238403
08158700,0.46067774295806885
08158810,0.4519105553627014
08164300,0.5186902284622192
08164600,0.47746580839157104
08165300,-9.027507781982422
08171300,0.6236039996147156
08175000,0.32226747274398804
08176900,0.29010945558547974
08178880,-1.3463630676269531
08189500,0.22129464149475098
08190000,-0.4165380001068115
08190500,-1.7355287075042725
08194200,-0.5193499326705933
08195000,-0.9316506385803223
08196000,-0.12188446521759033
08198500,-0.06192779541015625
08200000,0.31064820289611816
08202700,0.1696677803993225
08267500,0.11018294095993042
08269000,-0.01945817470550537
08271000,0.22722822427749634
08324000,0.5387582182884216
08377900,0.81070876121521
08378500,0.7696883678436279
08380500,0.10184645652770996
09035800,0.8234975934028625
09035900,0.9083638191223145
09047700,0.8171987533569336
09065500,0.8064942359924316
09066000,0.8070248365402222
09066200,0.857832670211792
09066300,0.8471069931983948
09081600,0.8614031076431274
09107000,0.8425546884536743
09210500,0.5057392120361328
09223000,0.7786473035812378
09306242,0.22046351432800293
09312600,0.7751142978668213
09352900,0.7341262102127075
09378170,0.4402610659599304
09386900,0.022135794162750244
09404450,0.03422558307647705
09430600,0.047530412673950195
09447800,-0.26645660400390625
09484600,0.11564725637435913
09492400,0.5050982236862183
09494000,0.501200795173645
09497980,0.5504974126815796
09505350,0.2821394205093384
09505800,0.6222785711288452
09508300,0.13525545597076416
09510200,0.3026841878890991
09512280,0.18873095512390137
09513780,0.15463441610336304
10234500,0.39212459325790405
10244950,-0.6798187494277954
10259000,0.31482791900634766
10336645,0.8185072541236877
10336660,0.9067000150680542
10343500,0.20596575736999512
11124500,0.6739716529846191
11141280,-4.3961920738220215
11143000,-0.28950583934783936
11148900,0.3656587600708008
11151300,-1.639145851135254
11176400,0.7057546377182007
11230500,0.44432175159454346
11237500,0.7478550672531128
11264500,0.9096615314483643
11266500,0.9475232362747192
11284400,0.5397031307220459
11381500,0.5507552623748779
11451100,0.6687836050987244
11468500,0.8797257542610168
11473900,0.6519489288330078
11475560,0.7068414092063904
11476600,0.7111749053001404
11478500,0.6872217655181885
11480390,0.5624643564224243
11481200,0.7930848598480225
11482500,0.7922031283378601
11522500,0.83273845911026
11523200,0.7783651947975159
11528700,0.605614185333252
11532500,0.871435284614563
12010000,0.8574626445770264
12013500,0.8045820593833923
12020000,0.2910866141319275
12025700,0.8455992937088013
12035000,0.8258886933326721
12040500,0.7378479242324829
12041200,0.7208797931671143
12048000,0.6707611680030823
12054000,0.6597992181777954
12056500,0.5450149774551392
12073500,0.6202991008758545
12082500,0.6927778124809265
12092000,0.7384088039398193
12114500,0.7440344095230103
12115000,0.767840564250946
12117000,0.8077248334884644
12143600,0.6834481954574585
12144000,0.7241703867912292
12145500,0.862475574016571
12147500,0.7216085195541382
12167000,0.5423587560653687
12175500,0.7961140871047974
12178100,0.7303391098976135
12186000,0.6545087099075317
12189500,0.6467148065567017
12375900,0.7570458054542542
12377150,0.8811970949172974
12381400,0.7209489345550537
12383500,0.7106465101242065
12390700,0.7542776465415955
12411000,0.6002451181411743
12447390,0.7133020758628845
12451000,0.8807652592658997
12488500,0.6940301656723022
13011500,0.8871291279792786
13011900,0.8646227121353149
13018300,0.47241538763046265
13023000,0.8158918619155884
13161500,0.8730067014694214
13235000,0.7629860043525696
13240000,0.833460807800293
13313000,0.9365894198417664
13331500,0.7590187788009644
14020000,0.4031907320022583
14096850,0.1257595419883728
14137000,0.675217866897583
14138800,0.6382940411567688
14138870,0.7571049928665161
14138900,0.6733127236366272
14139800,0.7289217710494995
14141500,0.7318949699401855
14154500,0.7692958116531372
14158790,0.5104624629020691
14166500,0.9067308306694031
14182500,0.6680140495300293
14185000,0.8102408051490784
14185900,0.7813534736633301
14187000,0.8650071620941162
14216500,0.6245627403259277
14222500,0.7768197059631348
14236200,0.7584872841835022
14301000,0.896196186542511
14303200,0.7354608774185181
14305500,0.832822322845459
14306340,0.810901403427124
14306500,0.8514059782028198
14308990,0.7677608132362366
14309500,0.7056654095649719
14316700,0.671033501625061
14325000,0.763367235660553
14362250,0.40803104639053345
14400000,0.8274722695350647
###ARM B01
01022500,0.840348482131958
01031500,0.832870602607727
01047000,0.8854019045829773
01052500,0.8684292435646057
01054200,0.6223454475402832
01055000,0.7121614217758179
01057000,0.851912796497345
01073000,0.7948282957077026
01078000,0.842592716217041
01123000,0.8117185831069946
01134500,0.8077681064605713
01137500,0.8001182675361633
01139000,0.8165569305419922
01139800,0.5614556670188904
01142500,0.7293184399604797
01144000,0.7774074673652649
01162500,0.6755997538566589
01169000,0.6090052723884583
01170100,0.5861752033233643
01181000,0.6057347059249878
01187300,0.7271395325660706
01195100,0.6821048259735107
01333000,0.4089123010635376
01350000,0.6099688410758972
01350080,0.4786112904548645
01350140,0.5569972991943359
01365000,0.7165456414222717
01411300,0.6610767841339111
01413500,0.3961257338523865
01414500,0.5449645519256592
01415000,0.5097149610519409
01423000,0.6346964836120605
01434025,0.5326998233795166
01435000,0.6709180474281311
01439500,0.684407651424408
01440000,0.7360211610794067
01440400,0.6489830613136292
01451800,0.7819777727127075
01466500,0.7753135561943054
01484100,0.733830451965332
01487000,0.8962512612342834
01491000,0.8636871576309204
01510000,0.7921327352523804
01516500,0.6908385753631592
01518862,0.7155857682228088
01532000,0.7015331387519836
01539000,0.8235998749732971
01542810,0.8308913707733154
01543000,0.8900660276412964
01543500,0.8966276049613953
01544500,0.8252019286155701
01545600,0.8283064365386963
01547700,0.5602144598960876
01548500,0.9135624170303345
01549500,0.6926563382148743
01550000,0.7082264423370361
01552000,0.7467228174209595
01552500,0.6154125332832336
01557500,0.8135926723480225
01567500,0.7564337849617004
01568000,0.8449398875236511
01580000,0.6278749704360962
01583500,0.45519840717315674
01586610,0.604211688041687
01591400,0.27411752939224243
01594950,0.7189598083496094
01596500,0.8182353377342224
01605500,0.7614690661430359
01606500,0.754051923751831
01632000,0.5271586179733276
01632900,0.654259204864502
01634500,0.6499122381210327
01638480,0.7501652240753174
01639500,0.7319775819778442
01644000,0.8969058990478516
01664000,0.8660026788711548
01666500,0.7493541240692139
01667500,0.7610468864440918
01669000,0.7779813408851624
01669520,0.7732900381088257
02011400,0.8935015797615051
02013000,0.847008228302002
02014000,0.8849219679832458
02015700,0.7989704012870789
02016000,0.8288180232048035
02017500,0.7430250644683838
02018000,0.7886013984680176
02027000,0.744756817817688
02027500,0.6223134994506836
02028500,0.6639142036437988
02038850,0.6692565679550171
02046000,0.7606922388076782
02051500,0.8196274042129517
02053200,0.7939275503158569
02053800,0.7753211259841919
02055100,0.6732905507087708
02056900,0.7288342714309692
02059500,0.6911494731903076
02064000,0.8528887033462524
02065500,0.26292067766189575
02069700,0.6240423321723938
02070000,0.6281535625457764
02074500,0.47428470849990845
02077200,0.7208225727081299
02081500,0.7435902953147888
02082950,0.8281964063644409
02092500,0.9352080225944519
02096846,0.4105476140975952
02102908,0.6857208013534546
02108000,0.8218384981155396
02111180,0.6325283050537109
02111500,0.5450681447982788
02112120,0.5207290649414062
02112360,0.6894487142562866
02118500,0.5674050450325012
02125000,0.9003745317459106
02128000,0.6988868713378906
02137727,0.6441066265106201
02140991,0.7264856100082397
02143000,0.7123855352401733
02143040,0.5991829633712769
02149000,0.6670153737068176
02152100,0.6499000787734985
02177000,0.7665807008743286
02178400,0.7535160779953003
02193340,0.8348100185394287
02196000,0.855110228061676
02198100,0.6227439045906067
02202600,0.8138434290885925
02212600,0.7801348567008972
02215100,0.5766243934631348
02216180,0.7351455688476562
02221525,0.5792018175125122
02231000,0.8910931944847107
02245500,0.44944196939468384
02246000,0.850104033946991
02296500,0.29899781942367554
02297155,-11.31335735321045
02297310,-0.9082702398300171
02298123,0.7912572026252747
02298608,0.16213244199752808
02299950,0.6429960131645203
02300700,0.03891056776046753
02342933,0.5506622791290283
02349900,0.3213680386543274
02350900,0.8579439520835876
02361000,0.833669900894165
02363000,0.673509955406189
02369800,0.7637230753898621
02371500,0.5193034410476685
02372250,-0.019083261489868164
02374500,0.5065710544586182
02381600,0.266198992729187
02384540,0.5311245918273926
02395120,0.36252927780151367
02415000,0.725914478302002
02427250,0.6422654986381531
02430085,0.7457553148269653
02450250,0.3107963800430298
02464000,0.6600083708763123
02464360,0.6468448638916016
02465493,0.2213383913040161
02469800,0.8223083019256592
02472000,0.8462320566177368
02472500,0.7319959402084351
02479155,0.6936146020889282
02479300,0.8213053345680237
02479560,0.5886238813400269
02481000,0.6359360218048096
02481510,0.7889926433563232
03010655,0.8195681571960449
03011800,0.7484711408615112
03015500,0.8378339409828186
03021350,0.7216758728027344
03026500,0.8804563283920288
03028000,0.8875069618225098
03049000,0.787466824054718
03049800,0.6905072927474976
03050000,0.8400582075119019
03069500,0.9055899381637573
03070500,0.8418886661529541
03076600,0.7399262189865112
03078000,0.7968153953552246
03140000,0.7905023097991943
03144000,0.8537390828132629
03170000,0.7684799432754517
03173000,0.7811986804008484
03180500,0.7669190168380737
03182500,0.801191508769989
03186500,0.8213626742362976
03237280,0.5732448101043701
03237500,0.6231018304824829
03238500,0.5352801084518433
03241500,0.8091776371002197
03280700,0.7247096300125122
03281500,0.8075767755508423
03285000,0.6820158958435059
03291780,0.615923285484314
03338780,0.49319231510162354
03340800,0.8718549609184265
03346000,0.7817914485931396
03364500,0.7391102313995361
03366500,0.6320423483848572
03368000,0.7572904825210571
03384450,0.763460636138916
03439000,0.664530873298645
03455500,0.33010125160217285
03456500,0.5230751037597656
03460000,0.7452248930931091
03463300,0.6368395090103149
03471500,0.796836793422699
03473000,0.7667107582092285
03479000,0.4900825619697571
03488000,0.8575316667556763
03498500,0.8109043836593628
03500000,0.7786946296691895
03500240,0.688818633556366
03504000,0.7418241500854492
03574500,0.604310929775238
03592718,0.5680075883865356
03604000,0.7658326029777527
04015330,0.6979124546051025
04024430,0.5354479551315308
04027000,0.7654039859771729
04040500,0.6994218826293945
04043050,0.8570775985717773
04045500,0.9026992321014404
04057510,0.7067850828170776
04057800,0.5599536895751953
04059500,0.8797899484634399
04063700,0.5655040144920349
04074950,0.8576843738555908
04105700,0.5615155696868896
04115265,0.7067251205444336
04122200,0.7822145819664001
04122500,0.6216217279434204
04127918,0.6210205554962158
04127997,0.7505921721458435
04161580,0.6618912220001221
04185000,0.7047268152236938
04196800,0.479836642742157
04197100,0.6206482648849487
04197170,0.7758418917655945
04213000,0.673874020576477
04213075,0.48321330547332764
04216418,0.7341687679290771
04221000,0.839198112487793
04224775,0.7655719518661499
04233000,0.758405327796936
04256000,0.7930869460105896
04296000,0.7467607259750366
05057200,0.4338703155517578
05120500,-29.34272003173828
05291000,0.29780906438827515
05362000,0.7805233597755432
05393500,0.7746344804763794
05399500,0.7751325368881226
05408000,0.5790283679962158
05413500,0.726608157157898
05414000,0.4617869257926941
05444000,0.4839494824409485
05454000,0.5845463871955872
05458000,0.6287819147109985
05466500,0.604056179523468
05487980,0.6753653287887573
05488200,0.660157322883606
05489000,0.6481369137763977
05495000,0.723716139793396
05495500,0.4346386194229126
05501000,0.7515735626220703
05503800,0.780522346496582
05507600,0.8353862762451172
05508805,0.8902920484542847
05525500,0.8627498149871826
05556500,0.7425611019134521
05584500,0.511172890663147
05591550,0.7442992925643921
05592050,0.6325051784515381
05592575,0.7792559266090393
05593575,0.6098493337631226
05593900,0.7666225433349609
05595730,0.6896622180938721
06221400,0.9186233878135681
06224000,0.9206114411354065
06278300,0.8095167875289917
06280300,0.800006628036499
06289000,0.374261736869812
06291500,0.7549723982810974
06311000,0.5839592218399048
06332515,-1.1194844245910645
06339100,0.5052658319473267
06344600,-0.023677706718444824
06350000,-0.36385810375213623
06352000,-0.019195199012756348
06404000,0.43621188402175903
06406000,0.045508384704589844
06409000,-4.505600452423096
06431500,0.4392503499984741
06440200,0.7020399570465088
06447500,0.5194816589355469
06470800,0.8399705290794373
06477500,0.4532274007797241
06479215,0.34071314334869385
06601000,-0.15487241744995117
06614800,0.8159907460212708
06622700,0.71089106798172
06623800,0.9148633480072021
06632400,0.7365394234657288
06746095,0.6881543397903442
06803510,0.7243562936782837
06803530,0.6838245391845703
06814000,0.7305290699005127
06847900,0.10691940784454346
06853800,0.1708417534828186
06876700,0.35500025749206543
06878000,0.7432286739349365
06879650,0.3846967816352844
06885500,0.7918209433555603
06888500,0.7054023146629333
06889200,0.7022069692611694
06889500,0.7391718626022339
06892000,0.6949768662452698
06903400,0.6293190717697144
06906800,0.7375805377960205
06910800,0.8584063649177551
06911900,0.7608314752578735
06917000,0.76842200756073
06918460,-0.017249703407287598
06919500,0.7625524401664734
06921070,0.6366405487060547
06921200,0.7322535514831543
07057500,0.8434106111526489
07060710,0.6834555864334106
07066000,0.8880201578140259
07083000,0.846681535243988
07142300,0.07155168056488037
07145700,0.6833415031433105
07167500,0.6204869747161865
07180500,0.7565418481826782
07184000,0.7067569494247437
07195800,-0.3493748903274536
07196900,0.7255278825759888
07197000,0.7469593286514282
07208500,0.37143611907958984
07261000,0.9197200536727905
07263295,0.7028201818466187
07291000,0.4958036541938782
07299670,0.19869452714920044
07301410,0.04408484697341919
07315200,0.4248078465461731
07315700,0.526376485824585
07335700,0.6840535402297974
07340300,0.806200385093689
07346045,0.7004655599594116
07359610,0.7860088348388672
07362100,0.18574804067611694
07362587,0.4710337519645691
07375000,0.5830131769180298
08013000,0.8462453484535217
08014500,0.45052915811538696
08023080,0.6352478861808777
08050800,0.3337610960006714
08066200,0.6494638919830322
08066300,0.6472879648208618
08070000,0.6121953725814819
08070200,0.5991992950439453
08082700,0.2180594801902771
08086212,0.6062748432159424
08086290,0.6532593965530396
08101000,0.5676127672195435
08103900,0.42666614055633545
08104900,0.40162724256515503
08109700,0.41130733489990234
08150800,-3.316408634185791
08158700,0.23157930374145508
08158810,0.3433266878128052
08164300,0.47557133436203003
08164600,0.6370391845703125
08165300,-20.5589599609375
08171300,0.6525064706802368
08175000,0.4359455704689026
08176900,0.2705116271972656
08178880,0.14640706777572632
08189500,0.7214372158050537
08190000,-0.10008859634399414
08190500,-0.022875666618347168
08194200,-0.8979132175445557
08195000,0.09813958406448364
08196000,0.146966814994812
08198500,0.11813575029373169
08200000,0.3217232823371887
08202700,0.10022294521331787
08267500,-0.002768397331237793
08269000,0.08385789394378662
08271000,0.263131320476532
08324000,0.7086820602416992
08377900,0.7407416701316833
08378500,0.6879608631134033
08380500,0.5871304273605347
09035800,0.878205418586731
09035900,0.9313517808914185
09047700,0.8877387046813965
09065500,0.9617588520050049
09066000,0.975513219833374
09066200,0.9170706272125244
09066300,0.9614297747612
09081600,0.9378500580787659
09107000,0.9038573503494263
09210500,0.7030227780342102
09223000,0.7353677749633789
09306242,0.12055093050003052
09312600,0.5094802379608154
09352900,0.6463962197303772
09378170,0.5443350076675415
09386900,0.07426673173904419
09404450,0.6537926197052002
09430600,0.026838183403015137
09447800,-0.465936541557312
09484600,0.17585432529449463
09492400,0.49100589752197266
09494000,0.3660459518432617
09497980,0.5814504623413086
09505350,0.05823415517807007
09505800,-1.5622553825378418
09508300,0.3360259532928467
09510200,0.625901460647583
09512280,0.3474462628364563
09513780,0.2154374122619629
10234500,0.6427581906318665
10244950,-1.25834059715271
10259000,0.45053237676620483
10336645,0.819571316242218
10336660,0.8734030723571777
10343500,0.5742167234420776
11124500,0.7579368352890015
11141280,0.13748711347579956
11143000,0.5955871343612671
11148900,0.5419628024101257
11151300,0.42746400833129883
11176400,0.6312061548233032
11230500,0.6594278216362
11237500,0.5624704360961914
11264500,0.958466112613678
11266500,0.9236501455307007
11284400,0.21819210052490234
11381500,0.6517232656478882
11451100,0.6905854940414429
11468500,0.8814550638198853
11473900,0.7970675826072693
11475560,0.7728934288024902
11476600,0.6899927854537964
11478500,0.49467235803604126
11480390,0.5092523097991943
11481200,0.7699159383773804
11482500,0.7446881532669067
11522500,0.7443230748176575
11523200,0.7189291715621948
11528700,0.4854736924171448
11532500,0.8895054459571838
12010000,0.8345034122467041
12013500,0.8498632311820984
12020000,0.2947043776512146
12025700,0.8536146879196167
12035000,0.821927011013031
12040500,0.7522621154785156
12041200,0.7709554433822632
12048000,0.6051303148269653
12054000,0.7321916818618774
12056500,0.6923823952674866
12073500,0.7481783032417297
12082500,0.7587670087814331
12092000,0.731123685836792
12114500,0.41501176357269287
12115000,0.572192907333374
12117000,0.7660739421844482
12143600,0.7330007553100586
12144000,0.7599331736564636
12145500,0.8998421430587769
12147500,0.7428382635116577
12167000,0.5965424180030823
12175500,0.8464146256446838
12178100,0.816253662109375
12186000,0.7097728848457336
12189500,0.7273341417312622
12375900,0.6974117755889893
12377150,0.8680851459503174
12381400,0.7861496806144714
12383500,0.7439655065536499
12390700,0.8620514869689941
12411000,0.710634708404541
12447390,0.38531702756881714
12451000,0.888449490070343
12488500,0.5271329879760742
13011500,0.8394867777824402
13011900,0.8117899298667908
13018300,0.3903812766075134
13023000,0.9071142673492432
13161500,0.8603180646896362
13235000,0.6723787784576416
13240000,0.8681850433349609
13313000,0.8227114081382751
13331500,0.7575154900550842
14020000,0.47041863203048706
14096850,0.233578622341156
14137000,0.7122300267219543
14138800,0.6745008230209351
14138870,0.7742986083030701
14138900,0.6926589012145996
14139800,0.7570052742958069
14141500,0.7407249808311462
14154500,0.803571343421936
14158790,0.5809465646743774
14166500,0.8995685577392578
14182500,0.7070931196212769
14185000,0.7654677629470825
14185900,0.787577748298645
14187000,0.8188887238502502
14216500,0.5658223628997803
14222500,0.8736869096755981
14236200,0.863986074924469
14301000,0.9128382802009583
14303200,0.7499051094055176
14305500,0.8692293167114258
14306340,0.7892794013023376
14306500,0.8791656494140625
14308990,0.8793973922729492
14309500,0.6673586368560791
14316700,0.749809741973877
14325000,0.6551574468612671
14362250,0.5717191696166992
14400000,0.8341610431671143
###ARM T1
01022500,0.78821861743927
01031500,0.82478266954422
01047000,0.7890942692756653
01052500,0.7955452799797058
01054200,0.5672955513000488
01055000,0.6182284355163574
01057000,0.7710826992988586
01073000,0.7885885834693909
01078000,0.8154394626617432
01123000,0.783492922782898
01134500,0.7628364562988281
01137500,0.6777722835540771
01139000,0.7198851108551025
01139800,0.7417542934417725
01142500,0.7108354568481445
01144000,0.8088592886924744
01162500,0.656109094619751
01169000,0.7748733758926392
01170100,0.7802506685256958
01181000,0.6739960312843323
01187300,0.7796430587768555
01195100,0.6421922445297241
01333000,0.5549761056900024
01350000,0.7930697202682495
01350080,0.7124077081680298
01350140,0.6784380078315735
01365000,0.7514917850494385
01411300,0.6188125014305115
01413500,0.671903133392334
01414500,0.6715506315231323
01415000,0.6339287757873535
01423000,0.6617734432220459
01434025,0.6713285446166992
01435000,0.7283267974853516
01439500,0.7423298358917236
01440000,0.7617936730384827
01440400,0.7341058254241943
01451800,0.61623615026474
01466500,0.754046618938446
01484100,0.6017916202545166
01487000,0.7413138151168823
01491000,0.7233858704566956
01510000,0.7368437051773071
01516500,0.5361006259918213
01518862,0.7261403799057007
01532000,0.71360182762146
01539000,0.833387017250061
01542810,0.7468894720077515
01543000,0.8631201386451721
01543500,0.8569740653038025
01544500,0.7992991209030151
01545600,0.7104884386062622
01547700,0.7128368020057678
01548500,0.8620448112487793
01549500,0.7536623477935791
01550000,0.75319904088974
01552000,0.7703476548194885
01552500,0.7084670066833496
01557500,0.8157992362976074
01567500,0.6582461595535278
01568000,0.8277643918991089
01580000,0.42595696449279785
01583500,0.41956526041030884
01586610,0.4109804034233093
01591400,0.37387919425964355
01594950,0.6634725332260132
01596500,0.7411831617355347
01605500,0.5670052766799927
01606500,0.6940472722053528
01632000,0.4370207190513611
01632900,0.544795036315918
01634500,0.5660336017608643
01638480,0.47219759225845337
01639500,0.5790035724639893
01644000,0.8158148527145386
01664000,0.8036001920700073
01666500,0.6648684740066528
01667500,0.7672204971313477
01669000,0.7131967544555664
01669520,0.719254732131958
02011400,0.7563185095787048
02013000,0.709665060043335
02014000,0.8332107663154602
02015700,0.5950733423233032
02016000,0.8113600611686707
02017500,0.6635631918907166
02018000,0.7375011444091797
02027000,0.6309633255004883
02027500,0.5943455696105957
02028500,0.7354897260665894
02038850,0.6597370505332947
02046000,0.8121378421783447
02051500,0.7739546298980713
02053200,0.5439110994338989
02053800,0.8311168551445007
02055100,0.6063455939292908
02056900,0.7700144052505493
02059500,0.6272088289260864
02064000,0.8304001688957214
02065500,0.11309176683425903
02069700,0.19161945581436157
02070000,0.6156806945800781
02074500,0.48446857929229736
02077200,0.5511643886566162
02081500,0.6496459245681763
02082950,0.6921124458312988
02092500,0.7672806978225708
02096846,0.4190371036529541
02102908,0.5711888074874878
02108000,0.6963403820991516
02111180,0.6093262434005737
02111500,0.5622066259384155
02112120,0.3247743844985962
02112360,0.6366754770278931
02118500,0.5308659672737122
02125000,0.7617945671081543
02128000,0.6576112508773804
02137727,0.6372236609458923
02140991,0.7543519735336304
02143000,0.6797136068344116
02143040,0.46265554428100586
02149000,0.6378625631332397
02152100,0.5826237201690674
02177000,0.3972996473312378
02178400,0.7465377449989319
02193340,0.7724142074584961
02196000,0.7628175020217896
02198100,0.5851584672927856
02202600,0.19940239191055298
02212600,0.5828384160995483
02215100,0.6841129660606384
02216180,0.5067979693412781
02221525,0.5962966680526733
02231000,0.8995546698570251
02245500,0.579627275466919
02246000,0.8544350862503052
02296500,0.1808687448501587
02297155,-19.83647346496582
02297310,-1.1341187953948975
02298123,0.52693772315979
02298608,0.431693434715271
02299950,0.2986218333244324
02300700,0.08664613962173462
02342933,0.35463082790374756
02349900,0.58463454246521
02350900,0.6571089029312134
02361000,0.5323969125747681
02363000,0.7610467672348022
02369800,0.6739616394042969
02371500,0.250141978263855
02372250,-0.08506250381469727
02374500,0.47795361280441284
02381600,0.2900063395500183
02384540,0.696953535079956
02395120,-1.0170259475708008
02415000,0.7364202737808228
02427250,0.773536205291748
02430085,0.6745654344558716
02450250,0.6333967447280884
02464000,0.7694435715675354
02464360,0.6309207081794739
02465493,-1.0413389205932617
02469800,0.6813669204711914
02472000,0.7824126482009888
02472500,0.288046658039093
02479155,0.5820821523666382
02479300,0.769702672958374
02479560,0.5556094646453857
02481000,0.4978804588317871
02481510,0.6552202701568604
03010655,0.7787133455276489
03011800,0.7489025592803955
03015500,0.8139655590057373
03021350,0.5692205429077148
03026500,0.8270804286003113
03028000,0.8531149625778198
03049000,0.8166807889938354
03049800,0.5453575253486633
03050000,0.7366781234741211
03069500,0.7968732118606567
03070500,0.7829371690750122
03076600,0.7073862552642822
03078000,0.7643267512321472
03140000,0.7189315557479858
03144000,0.7492289543151855
03170000,0.7550015449523926
03173000,0.8087904453277588
03180500,0.7548819780349731
03182500,0.8316254615783691
03186500,0.7503795623779297
03237280,0.5251520872116089
03237500,0.5963274836540222
03238500,0.5913101434707642
03241500,0.7836658358573914
03280700,0.6632946133613586
03281500,0.8096228241920471
03285000,0.7009429931640625
03291780,0.47979074716567993
03338780,0.46687352657318115
03340800,0.7810038924217224
03346000,0.7615450024604797
03364500,0.6494877338409424
03366500,0.42864418029785156
03368000,0.4278194308280945
03384450,0.6554298996925354
03439000,0.6295279264450073
03455500,0.366072416305542
03456500,0.4799521565437317
03460000,0.6180744171142578
03463300,0.5971171855926514
03471500,0.7045412659645081
03473000,0.6963852643966675
03479000,0.35804975032806396
03488000,0.7107857465744019
03498500,0.6632680892944336
03500000,0.5046379566192627
03500240,0.16057157516479492
03504000,0.5456498861312866
03574500,0.7045127749443054
03592718,0.5675603151321411
03604000,0.6149744987487793
04015330,0.5876303911209106
04024430,0.49672722816467285
04027000,0.3264084458351135
04040500,0.6176500916481018
04043050,0.7541872262954712
04045500,0.6721607446670532
04057510,0.6413227319717407
04057800,0.2516629099845886
04059500,0.8796226978302002
04063700,0.44814378023147583
04074950,0.5725370645523071
04105700,-1.1420691013336182
04115265,0.6309022903442383
04122200,0.769052267074585
04122500,0.5902311205863953
04127918,0.2735411524772644
04127997,0.623482346534729
04161580,0.6526169180870056
04185000,0.4660285711288452
04196800,0.42319172620773315
04197100,0.6657075881958008
04197170,0.7386250495910645
04213000,0.5172033309936523
04213075,0.24417859315872192
04216418,0.5710083246231079
04221000,0.8497800827026367
04224775,0.7714619636535645
04233000,0.6846829652786255
04256000,0.7798051238059998
04296000,0.5867156386375427
05057200,0.0031160712242126465
05120500,-99.42574310302734
05291000,0.18837487697601318
05362000,0.8928693532943726
05393500,0.8820399045944214
05399500,0.6905050873756409
05408000,0.7053384184837341
05413500,0.6882545948028564
05414000,0.446111261844635
05444000,0.3743400573730469
05454000,0.3772619962692261
05458000,0.5130589008331299
05466500,-0.17084693908691406
05487980,0.7224094867706299
05488200,0.63173508644104
05489000,0.5703692436218262
05495000,0.34544843435287476
05495500,0.6132599115371704
05501000,0.7751873135566711
05503800,0.844901442527771
05507600,0.694287896156311
05508805,0.7944040298461914
05525500,0.6800427436828613
05556500,0.7875903844833374
05584500,0.027783513069152832
05591550,0.594179630279541
05592050,0.6912654638290405
05592575,0.5484358072280884
05593575,0.7793357372283936
05593900,0.6725486516952515
05595730,0.7966912984848022
06221400,0.8726842403411865
06224000,0.8549791574478149
06278300,0.6752582788467407
06280300,0.781197190284729
06289000,0.6190341711044312
06291500,0.43559128046035767
06311000,0.546180248260498
06332515,-0.04145920276641846
06339100,0.030601680278778076
06344600,-0.20991623401641846
06350000,-0.6678464412689209
06352000,-0.07192838191986084
06404000,0.5168665647506714
06406000,0.10535269975662231
06409000,-2.677800178527832
06431500,0.45088809728622437
06440200,0.385458767414093
06447500,-1.3221871852874756
06470800,0.5250455141067505
06477500,-0.3417844772338867
06479215,0.12151938676834106
06601000,-0.5622537136077881
06614800,0.7333041429519653
06622700,0.785486102104187
06623800,0.8844998478889465
06632400,0.8586808443069458
06746095,0.5823850631713867
06803510,0.5965837240219116
06803530,0.616383969783783
06814000,0.6654255390167236
06847900,-0.6598117351531982
06853800,0.3067878484725952
06876700,0.3562038540840149
06878000,0.750750720500946
06879650,0.316254198551178
06885500,0.7573001384735107
06888500,0.6928621530532837
06889200,0.7468096017837524
06889500,0.8077811598777771
06892000,0.8534715175628662
06903400,0.5143490433692932
06906800,0.6312776207923889
06910800,0.7728971242904663
06911900,0.7293267250061035
06917000,0.6878992319107056
06918460,0.3183305859565735
06919500,0.7271624803543091
06921070,0.6043956279754639
06921200,0.6324883699417114
07057500,0.8063319325447083
07060710,0.6304038763046265
07066000,0.7276349663734436
07083000,0.8350186944007874
07142300,0.11702251434326172
07145700,0.6734271049499512
07167500,0.700222909450531
07180500,0.6106559634208679
07184000,0.5728297233581543
07195800,-0.013658523559570312
07196900,0.6331592798233032
07197000,0.7900251150131226
07208500,0.27290892601013184
07261000,0.8437199592590332
07263295,0.5973197221755981
07291000,0.4593279957771301
07299670,0.550826907157898
07301410,-0.3707091808319092
07315200,0.4192661643028259
07315700,0.6711331605911255
07335700,0.5123043060302734
07340300,0.7579653263092041
07346045,0.49699944257736206
07359610,0.7053821682929993
07362100,-0.026199817657470703
07362587,0.47177040576934814
07375000,0.4533366560935974
08013000,0.6265937089920044
08014500,-0.14064383506774902
08023080,0.2630159258842468
08050800,0.46040230989456177
08066200,0.7250250577926636
08066300,0.5268428921699524
08070000,0.6300849914550781
08070200,0.626537561416626
08082700,0.12814146280288696
08086212,0.02608734369277954
08086290,0.4731789231300354
08101000,0.6368457078933716
08103900,0.629361629486084
08104900,0.5160582065582275
08109700,0.38261163234710693
08150800,0.34725087881088257
08158700,0.35427945852279663
08158810,0.25205039978027344
08164300,0.23901820182800293
08164600,0.4265221357345581
08165300,-19.054166793823242
08171300,0.6475967168807983
08175000,0.5014909505844116
08176900,0.43026864528656006
08178880,0.29056453704833984
08189500,-1.0780375003814697
08190000,0.08043575286865234
08190500,-0.12011098861694336
08194200,0.6658715009689331
08195000,0.31634610891342163
08196000,0.2667250633239746
08198500,0.2779168486595154
08200000,0.5306839942932129
08202700,0.3554956316947937
08267500,0.29956114292144775
08269000,0.02753269672393799
08271000,0.41362249851226807
08324000,0.4874119758605957
08377900,0.7243002653121948
08378500,0.482602059841156
08380500,0.11235886812210083
09035800,0.6874239444732666
09035900,0.8803399205207825
09047700,0.6867789626121521
09065500,0.9014753103256226
09066000,0.8352988362312317
09066200,0.8948422074317932
09066300,0.8061017394065857
09081600,0.9055997133255005
09107000,0.819732666015625
09210500,0.16531038284301758
09223000,0.7535760998725891
09306242,-2.403162717819214
09312600,0.6426557302474976
09352900,0.40235424041748047
09378170,0.5720378160476685
09386900,-0.1769876480102539
09404450,-1.7615201473236084
09430600,0.03588461875915527
09447800,-10.261280059814453
09484600,-0.22142362594604492
09492400,0.12600558996200562
09494000,0.1706540584564209
09497980,0.6778592467308044
09505350,0.3304659128189087
09505800,0.5667629837989807
09508300,0.19967591762542725
09510200,0.31617242097854614
09512280,0.25255560874938965
09513780,0.1951671838760376
10234500,0.4714926481246948
10244950,-2.164764881134033
10259000,0.6019392609596252
10336645,0.6561513543128967
10336660,0.848805844783783
10343500,0.3820418119430542
11124500,0.5847549438476562
11141280,-0.5738815069198608
11143000,0.46109819412231445
11148900,0.4748552441596985
11151300,-9.9569091796875
11176400,0.5133128762245178
11230500,0.6802893877029419
11237500,0.814610481262207
11264500,0.8206721544265747
11266500,0.8893325328826904
11284400,0.5240095257759094
11381500,0.415019154548645
11451100,0.5856709480285645
11468500,0.7558329105377197
11473900,0.43535172939300537
11475560,0.5089336037635803
11476600,0.7766618132591248
11478500,0.6429914236068726
11480390,0.43230706453323364
11481200,0.8076179027557373
11482500,0.8311971426010132
11522500,0.5822957754135132
11523200,0.5348318815231323
11528700,0.5913985967636108
11532500,0.8438587784767151
12010000,0.8112671375274658
12013500,0.7087078094482422
12020000,0.2753937244415283
12025700,0.8109524250030518
12035000,0.8039433360099792
12040500,0.6288756132125854
12041200,0.6804245114326477
12048000,0.6600004434585571
12054000,0.6889046430587769
12056500,0.6305587291717529
12073500,0.7569282054901123
12082500,0.7576426863670349
12092000,0.7112723588943481
12114500,0.5711671113967896
12115000,0.6496509313583374
12117000,0.688218355178833
12143600,0.7065489292144775
12144000,0.7156902551651001
12145500,0.8557908535003662
12147500,0.6400625705718994
12167000,0.6071422100067139
12175500,0.7615469694137573
12178100,0.7427173852920532
12186000,0.6694876551628113
12189500,0.6988248825073242
12375900,0.8074628114700317
12377150,0.8865442872047424
12381400,0.7970897555351257
12383500,0.7980439066886902
12390700,0.659766435623169
12411000,0.5516849756240845
12447390,0.7984657287597656
12451000,0.8918743133544922
12488500,0.7118439674377441
13011500,0.9088698625564575
13011900,0.6483490467071533
13018300,0.5009733438491821
13023000,0.8601847290992737
13161500,0.7318050861358643
13235000,0.7112561464309692
13240000,0.8122232556343079
13313000,0.8948885202407837
13331500,0.8266765475273132
14020000,0.2369949221611023
14096850,0.09785103797912598
14137000,0.7376611232757568
14138800,0.6597837209701538
14138870,0.7138504981994629
14138900,0.6367316246032715
14139800,0.764417290687561
14141500,0.7320818901062012
14154500,0.6852623820304871
14158790,0.45823395252227783
14166500,0.8046366572380066
14182500,0.6895426511764526
14185000,0.786182701587677
14185900,0.7172952890396118
14187000,0.8040764927864075
14216500,0.5201719999313354
14222500,0.8528757691383362
14236200,0.792059600353241
14301000,0.9043060541152954
14303200,0.7598026990890503
14305500,0.8420490026473999
14306340,0.754598081111908
14306500,0.7912403345108032
14308990,0.8240025639533997
14309500,0.7353171706199646
14316700,0.6893167495727539
14325000,0.6421080827713013
14362250,-0.8251160383224487
14400000,0.8024634122848511
###ARM T2
01022500,0.7879101634025574
01031500,0.8522437214851379
01047000,0.8015763759613037
01052500,0.8668948411941528
01054200,0.6419962644577026
01055000,0.7248568534851074
01057000,0.8586788177490234
01073000,0.7150225639343262
01078000,0.848369300365448
01123000,0.7610735297203064
01134500,0.7956939935684204
01137500,0.7222957611083984
01139000,0.768997848033905
01139800,0.7148874998092651
01142500,0.610617458820343
01144000,0.7912510633468628
01162500,0.6409635543823242
01169000,0.682205319404602
01170100,0.6718320846557617
01181000,0.5589646100997925
01187300,0.760749340057373
01195100,0.7580866813659668
01333000,0.5363012552261353
01350000,0.7533856630325317
01350080,0.7204259634017944
01350140,0.6924534440040588
01365000,0.6825366020202637
01411300,0.6664038896560669
01413500,0.6240810751914978
01414500,0.5499264001846313
01415000,0.5321875810623169
01423000,0.726446270942688
01434025,0.6441686153411865
01435000,0.6170438528060913
01439500,0.7749767303466797
01440000,0.7443886995315552
01440400,0.6960382461547852
01451800,0.7527737021446228
01466500,0.7934528589248657
01484100,0.7974570989608765
01487000,0.825049102306366
01491000,0.7812848687171936
01510000,0.7423638701438904
01516500,0.6306056380271912
01518862,0.6659530401229858
01532000,0.7019264698028564
01539000,0.7579708099365234
01542810,0.7812646627426147
01543000,0.8376166820526123
01543500,0.8614152669906616
01544500,0.8207895755767822
01545600,0.8377861380577087
01547700,0.6027352213859558
01548500,0.8288676142692566
01549500,0.7329130172729492
01550000,0.7387790679931641
01552000,0.7530691623687744
01552500,0.6207128763198853
01557500,0.7567450404167175
01567500,0.7855833768844604
01568000,0.8113284111022949
01580000,0.6309776306152344
01583500,0.5190414786338806
01586610,0.4917501211166382
01591400,0.3872554898262024
01594950,0.7891007661819458
01596500,0.7560553550720215
01605500,0.6696393489837646
01606500,0.7609431743621826
01632000,0.4972074031829834
01632900,0.574488639831543
01634500,0.5278725624084473
01638480,0.7390628457069397
01639500,0.666465163230896
01644000,0.8776915669441223
01664000,0.8292025327682495
01666500,0.6363359689712524
01667500,0.8417073488235474
01669000,0.8603398203849792
01669520,0.7270403504371643
02011400,0.8744422197341919
02013000,0.8167166709899902
02014000,0.8345404863357544
02015700,0.6983456611633301
02016000,0.7867306470870972
02017500,0.7111077904701233
02018000,0.8117509484291077
02027000,0.6931029558181763
02027500,0.6763144731521606
02028500,0.7441767454147339
02038850,0.655765175819397
02046000,0.7765159010887146
02051500,0.7720253467559814
02053200,0.6927556395530701
02053800,0.8270286917686462
02055100,0.5483059883117676
02056900,0.7625696659088135
02059500,0.6952122449874878
02064000,0.8701565861701965
02065500,0.3611944913864136
02069700,0.6164149045944214
02070000,0.6503528356552124
02074500,0.5360281467437744
02077200,0.6685957908630371
02081500,0.7580438852310181
02082950,0.6732275485992432
02092500,0.9008585810661316
02096846,0.5195070505142212
02102908,0.7074293494224548
02108000,0.7975677251815796
02111180,0.6471099257469177
02111500,0.6076322793960571
02112120,0.5067945718765259
02112360,0.6997642517089844
02118500,0.5739372968673706
02125000,0.6972720623016357
02128000,0.7450718879699707
02137727,0.5724455714225769
02140991,0.7251238822937012
02143000,0.7414902448654175
02143040,0.6009238958358765
02149000,0.6919546127319336
02152100,0.6615206003189087
02177000,0.5565588474273682
02178400,0.7168750762939453
02193340,0.8484667539596558
02196000,0.9063327312469482
02198100,0.6001020669937134
02202600,0.7225953340530396
02212600,0.6994590759277344
02215100,0.8076780438423157
02216180,0.5974631905555725
02221525,0.7302511930465698
02231000,0.8373088240623474
02245500,0.5370938181877136
02246000,0.7431848049163818
02296500,-0.32580339908599854
02297155,-28.78944969177246
02297310,-2.171109914779663
02298123,0.7270228862762451
02298608,0.21721303462982178
02299950,0.3733063340187073
02300700,-0.29589927196502686
02342933,0.4552125334739685
02349900,0.5563989877700806
02350900,0.7787759900093079
02361000,0.7479273080825806
02363000,0.7827872037887573
02369800,0.7161282300949097
02371500,0.26917070150375366
02372250,0.0055258870124816895
02374500,0.13049989938735962
02381600,0.045613110065460205
02384540,0.6305364370346069
02395120,0.3573405146598816
02415000,0.6419991254806519
02427250,0.6569111347198486
02430085,0.6379812955856323
02450250,0.6064304709434509
02464000,0.6953995823860168
02464360,0.6663093566894531
02465493,-0.03700268268585205
02469800,0.7884032726287842
02472000,0.8638602495193481
02472500,0.3773515820503235
02479155,0.6804817318916321
02479300,0.810188353061676
02479560,0.7539433836936951
02481000,0.4927408695220947
02481510,0.7603055238723755
03010655,0.8606497049331665
03011800,0.8061813116073608
03015500,0.7739330530166626
03021350,0.7168583273887634
03026500,0.8053749203681946
03028000,0.8280230760574341
03049000,0.8263988494873047
03049800,0.5958519577980042
03050000,0.7615060210227966
03069500,0.8538345098495483
03070500,0.7590203285217285
03076600,0.728590726852417
03078000,0.7860345840454102
03140000,0.809833824634552
03144000,0.8319681286811829
03170000,0.7907849550247192
03173000,0.8766655325889587
03180500,0.7853947877883911
03182500,0.8471924066543579
03186500,0.8091705441474915
03237280,0.620000958442688
03237500,0.6357647180557251
03238500,0.6648658514022827
03241500,0.8030752539634705
03280700,0.756287157535553
03281500,0.7781684398651123
03285000,0.6244024038314819
03291780,0.584852933883667
03338780,0.5825295448303223
03340800,0.7678648233413696
03346000,0.7708297967910767
03364500,0.6785035729408264
03366500,0.5704801082611084
03368000,0.7987098693847656
03384450,0.6158233880996704
03439000,0.6923109292984009
03455500,0.43900567293167114
03456500,0.5355300903320312
03460000,0.7643495798110962
03463300,0.7121754884719849
03471500,0.6408467292785645
03473000,0.7587981224060059
03479000,0.5278436541557312
03488000,0.7090244293212891
03498500,0.7857892513275146
03500000,0.8188936710357666
03500240,0.4414461851119995
03504000,0.6680810451507568
03574500,0.5162487030029297
03592718,0.25581711530685425
03604000,0.8350524306297302
04015330,0.6399710178375244
04024430,0.5499517917633057
04027000,0.5117571353912354
04040500,0.8036935329437256
04043050,0.7989736795425415
04045500,0.9100701212882996
04057510,0.7893639802932739
04057800,0.26286816596984863
04059500,0.8221381306648254
04063700,0.5138254165649414
04074950,0.8525753021240234
04105700,0.5913641452789307
04115265,0.685556173324585
04122200,0.6601400375366211
04122500,0.5713586807250977
04127918,0.5817520618438721
04127997,0.7500718832015991
04161580,0.5993372201919556
04185000,0.7110060453414917
04196800,0.7378617525100708
04197100,0.6032432317733765
04197170,0.8056663274765015
04213000,0.5151206254959106
04213075,0.37768417596817017
04216418,0.6498721837997437
04221000,0.7777146697044373
04224775,0.7169782519340515
04233000,0.7215825319290161
04256000,0.7894163131713867
04296000,0.6879311800003052
05057200,0.13513422012329102
05120500,-26.81304931640625
05291000,0.35610514879226685
05362000,0.7958767414093018
05393500,0.9089862108230591
05399500,0.7704644203186035
05408000,0.7450960874557495
05413500,0.6513093709945679
05414000,0.38239312171936035
05444000,0.4785386919975281
05454000,0.46393245458602905
05458000,0.63852858543396
05466500,0.4104153513908386
05487980,0.6231839656829834
05488200,0.6796475648880005
05489000,0.5159452557563782
05495000,0.650416374206543
05495500,0.5486829280853271
05501000,0.6489587426185608
05503800,0.8094770908355713
05507600,0.7452412247657776
05508805,0.7190260887145996
05525500,0.7699670195579529
05556500,0.6149771213531494
05584500,0.37127113342285156
05591550,0.6999533176422119
05592050,0.5005183815956116
05592575,0.7791940569877625
05593575,0.798584520816803
05593900,0.6098706722259521
05595730,0.8187921047210693
06221400,0.9348762035369873
06224000,0.9262018203735352
06278300,0.7373286485671997
06280300,0.7955693602561951
06289000,0.5216078758239746
06291500,0.5862901210784912
06311000,0.6904278993606567
06332515,-0.12357687950134277
06339100,0.6564671397209167
06344600,-0.2825157642364502
06350000,-0.37255871295928955
06352000,0.20824849605560303
06404000,0.7161163687705994
06406000,0.08784353733062744
06409000,-0.7339338064193726
06431500,0.639955997467041
06440200,0.4031296968460083
06447500,0.3697659969329834
06470800,0.7811385989189148
06477500,-4.924609184265137
06479215,-2.156831741333008
06601000,0.24789714813232422
06614800,0.8123581409454346
06622700,0.7760826349258423
06623800,0.7622265219688416
06632400,0.7892888784408569
06746095,0.6035983562469482
06803510,0.7097164392471313
06803530,0.6784093976020813
06814000,0.776465892791748
06847900,-0.1212385892868042
06853800,0.16815179586410522
06876700,0.38957273960113525
06878000,0.8039954900741577
06879650,0.4480755925178528
06885500,0.7777241468429565
06888500,0.7084687352180481
06889200,0.6803281307220459
06889500,0.7950901389122009
06892000,0.7503781318664551
06903400,0.487687885761261
06906800,0.6667706966400146
06910800,0.7860351800918579
06911900,0.7138330936431885
06917000,0.7504841089248657
06918460,0.23770183324813843
06919500,0.7845531105995178
06921070,0.5805199146270752
06921200,0.5496407747268677
07057500,0.8462495803833008
07060710,0.6365172863006592
07066000,0.8321622014045715
07083000,0.8622087240219116
07142300,-0.3845326900482178
07145700,0.7977335453033447
07167500,0.7334404587745667
07180500,0.6964041590690613
07184000,0.7046870589256287
07195800,-0.3209801912307739
07196900,0.6602047085762024
07197000,0.8245698809623718
07208500,-0.10607922077178955
07261000,0.9020801782608032
07263295,0.5560575723648071
07291000,0.5827430486679077
07299670,0.36219072341918945
07301410,-0.12233340740203857
07315200,0.4154174327850342
07315700,0.6575684547424316
07335700,0.6178524494171143
07340300,0.7546950578689575
07346045,0.713963508605957
07359610,0.7532862424850464
07362100,0.36144936084747314
07362587,0.3671411871910095
07375000,-0.07005584239959717
08013000,0.7536773681640625
08014500,0.2761462330818176
08023080,0.5749791860580444
08050800,0.40523356199264526
08066200,0.6537530422210693
08066300,0.5565330982208252
08070000,0.48298054933547974
08070200,0.5203418731689453
08082700,0.23264050483703613
08086212,0.600956916809082
08086290,0.6032993793487549
08101000,0.5993527173995972
08103900,0.2720351815223694
08104900,0.46232497692108154
08109700,0.3811084032058716
08150800,-1.6686837673187256
08158700,0.5481332540512085
08158810,0.5006727576255798
08164300,0.4519053101539612
08164600,0.5795189142227173
08165300,-15.540670394897461
08171300,0.35084110498428345
08175000,0.5188767910003662
08176900,-0.166581392288208
08178880,-0.9667611122131348
08189500,0.16205191612243652
08190000,-0.4236994981765747
08190500,-0.5783145427703857
08194200,-2.53835391998291
08195000,-1.4741408824920654
08196000,-0.45721662044525146
08198500,-1.068359136581421
08200000,0.08750736713409424
08202700,-0.005858302116394043
08267500,0.12269085645675659
08269000,0.45555633306503296
08271000,0.5407518148422241
08324000,0.4476473927497864
08377900,0.7111295461654663
08378500,0.6984157562255859
08380500,0.4425002932548523
09035800,0.6658622026443481
09035900,0.9513272643089294
09047700,0.9180338382720947
09065500,0.9133129119873047
09066000,0.8766378164291382
09066200,0.8735242486000061
09066300,0.8286360502243042
09081600,0.9403941631317139
09107000,0.8901513814926147
09210500,0.6110979318618774
09223000,0.7729909420013428
09306242,-0.6772661209106445
09312600,0.5988712906837463
09352900,0.6979860663414001
09378170,-1.9328715801239014
09386900,-0.017517566680908203
09404450,-4.897238731384277
09430600,0.17977124452590942
09447800,-3.9051389694213867
09484600,-0.05658364295959473
09492400,0.5738691091537476
09494000,0.31748467683792114
09497980,-1.1705121994018555
09505350,0.2955576777458191
09505800,0.5519935488700867
09508300,0.30924439430236816
09510200,0.5878022909164429
09512280,0.2271062135696411
09513780,-0.02158641815185547
10234500,0.7727981209754944
10244950,-2.752424478530884
10259000,0.22953224182128906
10336645,0.7790303230285645
10336660,0.9333335757255554
10343500,-1.0335252285003662
11124500,0.7861571311950684
11141280,-0.5100522041320801
11143000,-0.0881812572479248
11148900,0.23197120428085327
11151300,-0.3430689573287964
11176400,0.4018477201461792
11230500,-0.027293920516967773
11237500,0.8410444855690002
11264500,0.736648678779602
11266500,0.7661340236663818
11284400,0.5082859396934509
11381500,0.6961240768432617
11451100,0.6880364418029785
11468500,0.8784455060958862
11473900,0.7997725605964661
11475560,0.7328274250030518
11476600,0.8459724187850952
11478500,0.7368221282958984
11480390,0.6691184043884277
11481200,0.8222916722297668
11482500,0.8355184197425842
11522500,0.6585491299629211
11523200,0.771162748336792
11528700,0.6390684843063354
11532500,0.883171558380127
12010000,0.8802335262298584
12013500,0.8452597260475159
12020000,0.34531474113464355
12025700,0.8876021504402161
12035000,0.8431040048599243
12040500,0.7561314105987549
12041200,0.7644774913787842
12048000,0.7677436470985413
12054000,0.7676494121551514
12056500,0.738513171672821
12073500,0.8203080892562866
12082500,0.783887505531311
12092000,0.7034376859664917
12114500,0.556958794593811
12115000,0.5973120927810669
12117000,0.7916404604911804
12143600,0.7165943384170532
12144000,0.7108501195907593
12145500,0.8937332034111023
12147500,0.7459662556648254
12167000,0.6527627110481262
12175500,0.8517017364501953
12178100,0.7623940706253052
12186000,0.7153758406639099
12189500,0.7021936178207397
12375900,0.7588106393814087
12377150,0.9400708675384521
12381400,0.8807538747787476
12383500,0.8605619072914124
12390700,0.768180787563324
12411000,0.6094533205032349
12447390,0.669437825679779
12451000,0.8787028789520264
12488500,0.7785503268241882
13011500,0.8298265337944031
13011900,0.8048312664031982
13018300,0.5533214211463928
13023000,0.8923442363739014
13161500,0.7533354759216309
13235000,0.833559513092041
13240000,0.9047560095787048
13313000,0.8979086875915527
13331500,0.8971790075302124
14020000,0.4225810170173645
14096850,-0.12769103050231934
14137000,0.7772706151008606
14138800,0.6832422018051147
14138870,0.7552640438079834
14138900,0.6991512179374695
14139800,0.7346835732460022
14141500,0.7437340617179871
14154500,0.8220593333244324
14158790,0.6566766500473022
14166500,0.9136813879013062
14182500,0.6844509243965149
14185000,0.8281499147415161
14185900,0.7948694229125977
14187000,0.8624252080917358
14216500,0.7608513832092285
14222500,0.79702228307724
14236200,0.8229045271873474
14301000,0.8889437317848206
14303200,0.7356857061386108
14305500,0.8385209441184998
14306340,0.7738175392150879
14306500,0.861686110496521
14308990,0.8072373867034912
14309500,0.7269973754882812
14316700,0.7481571435928345
14325000,0.7169162034988403
14362250,-0.05551934242248535
14400000,0.8782575130462646
###ARM T3
01022500,0.7809760570526123
01031500,0.8733232021331787
01047000,0.8552968502044678
01052500,0.8789159655570984
01054200,0.5792384147644043
01055000,0.7080528736114502
01057000,0.7852444052696228
01073000,0.6986960172653198
01078000,0.7942489385604858
01123000,0.7655763626098633
01134500,0.7627363204956055
01137500,0.7779895067214966
01139000,0.8045085668563843
01139800,0.7594859004020691
01142500,0.6605548858642578
01144000,0.7201079726219177
01162500,0.6108629703521729
01169000,0.6818564534187317
01170100,0.7298696041107178
01181000,0.6693278551101685
01187300,0.8240464925765991
01195100,0.659860372543335
01333000,0.560778796672821
01350000,0.7333427667617798
01350080,0.7090312242507935
01350140,0.5852816104888916
01365000,0.6821282505989075
01411300,0.5379853248596191
01413500,0.6559479832649231
01414500,0.518957257270813
01415000,0.5542454719543457
01423000,0.6221095323562622
01434025,0.6196738481521606
01435000,0.635926365852356
01439500,0.6927253007888794
01440000,0.794838547706604
01440400,0.6433953642845154
01451800,0.6748263835906982
01466500,0.7534012794494629
01484100,0.780436635017395
01487000,0.8659166097640991
01491000,0.8835511803627014
01510000,0.77739417552948
01516500,0.6402618288993835
01518862,0.660520613193512
01532000,0.7069892883300781
01539000,0.8011416792869568
01542810,0.7329460382461548
01543000,0.8525726199150085
01543500,0.8550726771354675
01544500,0.8509148359298706
01545600,0.7754262685775757
01547700,0.6452827453613281
01548500,0.8428221940994263
01549500,0.7597344517707825
01550000,0.7672813534736633
01552000,0.754226803779602
01552500,0.6454712748527527
01557500,0.7946246862411499
01567500,0.7389516234397888
01568000,0.8574346303939819
01580000,0.5990595817565918
01583500,0.48427653312683105
01586610,0.6530301570892334
01591400,0.46116381883621216
01594950,0.7416008710861206
01596500,0.6563787460327148
01605500,0.6806693077087402
01606500,0.7762269377708435
01632000,0.5373589992523193
01632900,0.6869374513626099
01634500,0.5382517576217651
01638480,0.5142016410827637
01639500,0.6506961584091187
01644000,0.8598929047584534
01664000,0.8802841305732727
01666500,0.6007519364356995
01667500,0.7747936248779297
01669000,0.8037853240966797
01669520,0.8064973950386047
02011400,0.8964799642562866
02013000,0.8095266222953796
02014000,0.8570647835731506
02015700,0.7201471328735352
02016000,0.771289587020874
02017500,0.7084832787513733
02018000,0.792610764503479
02027000,0.7431819438934326
02027500,0.7164108157157898
02028500,0.7310041785240173
02038850,0.6607197523117065
02046000,0.799362063407898
02051500,0.733042299747467
02053200,0.7139896750450134
02053800,0.8182860612869263
02055100,0.5307184457778931
02056900,0.7840830683708191
02059500,0.661752462387085
02064000,0.8287746906280518
02065500,0.37358802556991577
02069700,0.5567935705184937
02070000,0.5482138395309448
02074500,0.427844762802124
02077200,0.7901935577392578
02081500,0.6735923290252686
02082950,0.7097649574279785
02092500,0.8119349479675293
02096846,0.6725203990936279
02102908,0.5622947216033936
02108000,0.7639247179031372
02111180,0.6344527006149292
02111500,0.606663703918457
02112120,0.527952253818512
02112360,0.7239546775817871
02118500,0.5701818466186523
02125000,0.8301875591278076
02128000,0.6703723669052124
02137727,0.6816354990005493
02140991,0.7460845708847046
02143000,0.7155255079269409
02143040,0.48563212156295776
02149000,0.6853967905044556
02152100,0.6277422904968262
02177000,0.6600970029830933
02178400,0.7370910048484802
02193340,0.7570621371269226
02196000,0.7208166122436523
02198100,0.6541310548782349
02202600,0.8572261333465576
02212600,0.7416725158691406
02215100,0.5309507846832275
02216180,0.6291815042495728
02221525,0.7431632876396179
02231000,0.87204909324646
02245500,0.426130473613739
02246000,0.7672322988510132
02296500,0.634624719619751
02297155,-19.213464736938477
02297310,-0.8259402513504028
02298123,0.8639211654663086
02298608,0.23936671018600464
02299950,0.40266722440719604
02300700,-0.09728133678436279
02342933,0.4574788808822632
02349900,0.15792113542556763
02350900,0.569394588470459
02361000,0.09267836809158325
02363000,0.48644357919692993
02369800,0.593256950378418
02371500,-0.37138569355010986
02372250,-1.9275469779968262
02374500,0.2884426712989807
02381600,0.1752316951751709
02384540,0.7065999507904053
02395120,0.2749522924423218
02415000,0.5434627532958984
02427250,0.5919104814529419
02430085,0.7388085722923279
02450250,0.4819095730781555
02464000,0.5584802627563477
02464360,0.6527920961380005
02465493,-1.7217113971710205
02469800,0.8151327967643738
02472000,0.8564292788505554
02472500,0.4012383818626404
02479155,0.6028457283973694
02479300,0.7996591925621033
02479560,0.6921306848526001
02481000,0.6276756525039673
02481510,0.6557133197784424
03010655,0.8190714120864868
03011800,0.7728814482688904
03015500,0.7810732126235962
03021350,0.6848983764648438
03026500,0.7888135313987732
03028000,0.8133418560028076
03049000,0.8406784534454346
03049800,0.5571614503860474
03050000,0.8483893871307373
03069500,0.8622071146965027
03070500,0.8021111488342285
03076600,0.7058775424957275
03078000,0.765356719493866
03140000,0.8168841004371643
03144000,0.8179555535316467
03170000,0.824811577796936
03173000,0.8242192268371582
03180500,0.8081874847412109
03182500,0.8351542353630066
03186500,0.8388997316360474
03237280,0.5238267183303833
03237500,0.6753867864608765
03238500,0.6607868671417236
03241500,0.8352217674255371
03280700,0.7730854749679565
03281500,0.8262957334518433
03285000,0.7120070457458496
03291780,0.6355288624763489
03338780,0.4805302619934082
03340800,0.7773722410202026
03346000,0.762698769569397
03364500,0.6813197135925293
03366500,0.6298213601112366
03368000,0.7618966102600098
03384450,0.6226361393928528
03439000,0.6555989384651184
03455500,0.296242356300354
03456500,0.5209710597991943
03460000,0.6783400774002075
03463300,0.6459184288978577
03471500,0.7598828673362732
03473000,0.7678501605987549
03479000,0.5130122900009155
03488000,0.8208810687065125
03498500,0.7458614110946655
03500000,0.7347713708877563
03500240,0.28616732358932495
03504000,0.638572096824646
03574500,0.6497911810874939
03592718,0.5551453828811646
03604000,0.7110815048217773
04015330,0.5503759384155273
04024430,0.5975831151008606
04027000,0.6087338924407959
04040500,0.5611287355422974
04043050,0.8271595239639282
04045500,0.8082212209701538
04057510,0.8401015400886536
04057800,0.5216010808944702
04059500,0.8837097883224487
04063700,0.6893996596336365
04074950,0.775439977645874
04105700,0.6194854378700256
04115265,0.5642126202583313
04122200,0.6208339333534241
04122500,0.4558715224266052
04127918,0.52144455909729
04127997,0.4563285708427429
04161580,0.6208055019378662
04185000,0.6781424283981323
04196800,0.6414557099342346
04197100,0.6283653974533081
04197170,0.7625185251235962
04213000,0.6225916147232056
04213075,0.4759663939476013
04216418,0.6295183300971985
04221000,0.7838872671127319
04224775,0.7475645542144775
04233000,0.6991209983825684
04256000,0.6890478134155273
04296000,0.7121987342834473
05057200,0.18152016401290894
05120500,-25.45608139038086
05291000,0.28360748291015625
05362000,0.8124063014984131
05393500,0.8427892923355103
05399500,0.8310143947601318
05408000,0.8193913698196411
05413500,0.8516623973846436
05414000,0.430309534072876
05444000,0.4760960340499878
05454000,0.3630659580230713
05458000,0.633348822593689
05466500,0.3149244785308838
05487980,0.6729061007499695
05488200,0.6524964570999146
05489000,0.6364545822143555
05495000,0.6989667415618896
05495500,0.6937617063522339
05501000,0.7483071088790894
05503800,0.7598627805709839
05507600,0.7876894474029541
05508805,0.8187679648399353
05525500,0.8022089004516602
05556500,0.7776054739952087
05584500,0.3873714804649353
05591550,0.47719889879226685
05592050,0.6254699230194092
05592575,0.7131571769714355
05593575,0.8278151750564575
05593900,0.6431203484535217
05595730,0.8213804364204407
06221400,0.9138025045394897
06224000,0.9238603711128235
06278300,0.7772197723388672
06280300,0.5761973261833191
06289000,0.3958132266998291
06291500,0.6971782445907593
06311000,0.6544433832168579
06332515,-0.3042731285095215
06339100,0.8048332333564758
06344600,-0.6467170715332031
06350000,-0.3251159191131592
06352000,0.061752498149871826
06404000,0.7525182962417603
06406000,0.0980837345123291
06409000,-4.627918243408203
06431500,0.6773600578308105
06440200,0.420773983001709
06447500,0.1568741798400879
06470800,0.2776529788970947
06477500,-0.30818498134613037
06479215,0.35466575622558594
06601000,-0.2049555778503418
06614800,0.7724131345748901
06622700,0.7955595254898071
06623800,0.788151741027832
06632400,0.7346022129058838
06746095,0.7773036956787109
06803510,0.513979971408844
06803530,0.6129292845726013
06814000,0.6480661630630493
06847900,-0.23009252548217773
06853800,0.2731940746307373
06876700,0.3800531029701233
06878000,0.8716559410095215
06879650,0.5151888132095337
06885500,0.6821259260177612
06888500,0.6971008777618408
06889200,0.7674098610877991
06889500,0.7820923328399658
06892000,0.8004975318908691
06903400,0.6837899684906006
06906800,0.7395360469818115
06910800,0.775754451751709
06911900,0.8240941762924194
06917000,0.658486008644104
06918460,0.13362979888916016
06919500,0.7998983263969421
06921070,0.6599655151367188
06921200,0.6300894021987915
07057500,0.8074970841407776
07060710,0.6682990789413452
07066000,0.8130319118499756
07083000,0.8788126707077026
07142300,-0.14898741245269775
07145700,0.7568948268890381
07167500,0.7192573547363281
07180500,0.6530908346176147
07184000,0.6384134292602539
07195800,-0.407806396484375
07196900,0.5698224902153015
07197000,0.7676618695259094
07208500,0.30349594354629517
07261000,0.893329918384552
07263295,0.595191478729248
07291000,0.5048643946647644
07299670,0.14354383945465088
07301410,-0.13103067874908447
07315200,0.12827861309051514
07315700,0.6591821908950806
07335700,0.6017891764640808
07340300,0.7520480155944824
07346045,0.7738790512084961
07359610,0.7604549527168274
07362100,0.326449453830719
07362587,0.4384809136390686
07375000,0.23587489128112793
08013000,0.8378762602806091
08014500,0.4096332788467407
08023080,0.48020172119140625
08050800,0.6080939769744873
08066200,0.7344539165496826
08066300,0.5060207843780518
08070000,0.6429804563522339
08070200,0.6231106519699097
08082700,0.26850563287734985
08086212,0.5023283958435059
08086290,0.6573724746704102
08101000,0.4521539807319641
08103900,0.3845841884613037
08104900,0.44163793325424194
08109700,0.4923620820045471
08150800,-0.24485993385314941
08158700,0.18123406171798706
08158810,0.08490508794784546
08164300,0.40434104204177856
08164600,0.4129103422164917
08165300,-6.780128002166748
08171300,0.4900173544883728
08175000,0.34636563062667847
08176900,-0.010640382766723633
08178880,0.03201812505722046
08189500,-1.253831386566162
08190000,0.08739340305328369
08190500,0.16772812604904175
08194200,-0.3510165214538574
08195000,0.46934884786605835
08196000,0.4073067903518677
08198500,0.6190110445022583
08200000,0.5110364556312561
08202700,0.5872378945350647
08267500,0.24153584241867065
08269000,0.5442826747894287
08271000,0.4932621121406555
08324000,-0.08933854103088379
08377900,0.8388636708259583
08378500,0.8197314739227295
08380500,0.28624922037124634
09035800,0.8150498270988464
09035900,0.9154431819915771
09047700,0.9452142715454102
09065500,0.8955219984054565
09066000,0.905289351940155
09066200,0.8840078711509705
09066300,0.8280876278877258
09081600,0.8854063153266907
09107000,0.8648331165313721
09210500,0.6542847156524658
09223000,0.6826552748680115
09306242,-0.9409891366958618
09312600,0.48250383138656616
09352900,0.6688424348831177
09378170,-1.811406135559082
09386900,0.014075934886932373
09404450,-9.067039489746094
09430600,0.08400803804397583
09447800,-3.1340646743774414
09484600,-0.05340981483459473
09492400,0.4123867154121399
09494000,0.4402458667755127
09497980,0.4540756344795227
09505350,0.24350190162658691
09505800,0.3796781897544861
09508300,0.20899254083633423
09510200,0.6287059783935547
09512280,0.16068035364151
09513780,-0.051923513412475586
10234500,0.37748104333877563
10244950,-1.149622917175293
10259000,0.48479121923446655
10336645,0.7133017778396606
10336660,0.8842729330062866
10343500,-0.4385319948196411
11124500,0.6831467747688293
11141280,0.079662024974823
11143000,0.621565580368042
11148900,0.5678974390029907
11151300,0.4731408953666687
11176400,0.4127277135848999
11230500,0.3195526599884033
11237500,0.9097917079925537
11264500,0.8009207248687744
11266500,0.8248059153556824
11284400,0.5129436254501343
11381500,0.7352917790412903
11451100,0.7422434687614441
11468500,0.8245375752449036
11473900,0.7681137323379517
11475560,0.6553813219070435
11476600,0.8203096389770508
11478500,0.6984442472457886
11480390,0.5647262334823608
11481200,0.8425425291061401
11482500,0.8668393492698669
11522500,0.7758858799934387
11523200,0.7114111185073853
11528700,0.667904257774353
11532500,0.9067516922950745
12010000,0.8095223903656006
12013500,0.7859875559806824
12020000,0.2971727252006531
12025700,0.8486828804016113
12035000,0.7781374454498291
12040500,0.7739704847335815
12041200,0.7778662443161011
12048000,0.765656054019928
12054000,0.7615653872489929
12056500,0.7109563946723938
12073500,0.7951862215995789
12082500,0.6946728229522705
12092000,0.7473803758621216
12114500,0.6225197315216064
12115000,0.7377806901931763
12117000,0.7872204780578613
12143600,0.7835394144058228
12144000,0.7759901285171509
12145500,0.7740359306335449
12147500,0.7467947602272034
12167000,0.7064006924629211
12175500,0.8039687275886536
12178100,0.7864469885826111
12186000,0.7729442715644836
12189500,0.6938821077346802
12375900,0.6567361354827881
12377150,0.9166067838668823
12381400,0.767716646194458
12383500,0.8855388164520264
12390700,0.8222999572753906
12411000,0.7039012908935547
12447390,0.7637295126914978
12451000,0.8365550637245178
12488500,0.6746665239334106
13011500,0.805639386177063
13011900,0.7424505949020386
13018300,0.5667027235031128
13023000,0.9301820993423462
13161500,0.8638693690299988
13235000,0.7254946231842041
13240000,0.8958626985549927
13313000,0.8845690488815308
13331500,0.8627743721008301
14020000,0.4507661461830139
14096850,-0.05758392810821533
14137000,0.6969459652900696
14138800,0.6818985939025879
14138870,0.7489069700241089
14138900,0.694553017616272
14139800,0.7636886835098267
14141500,0.732711672782898
14154500,0.8100553154945374
14158790,0.61131751537323
14166500,0.8951905369758606
14182500,0.7204034328460693
14185000,0.7843925952911377
14185900,0.7727649211883545
14187000,0.8483071327209473
14216500,0.6340314149856567
14222500,0.8777429461479187
14236200,0.8342370986938477
14301000,0.8466445803642273
14303200,0.6310749650001526
14305500,0.8169358968734741
14306340,0.7676708102226257
14306500,0.8530344367027283
14308990,0.7875571846961975
14309500,0.7458181977272034
14316700,0.7576485872268677
14325000,0.7252856492996216
14362250,0.20910394191741943
14400000,0.878653883934021
###ARM T4
01022500,0.7418259382247925
01031500,0.78981614112854
01047000,0.7464472651481628
01052500,0.851452648639679
01054200,0.41811102628707886
01055000,0.4900907278060913
01057000,0.7354146838188171
01073000,0.7322005033493042
01078000,0.8036558628082275
01123000,0.8260458111763
01134500,0.8179911971092224
01137500,0.6997499465942383
01139000,0.7760360240936279
01139800,0.6848291754722595
01142500,0.6884534955024719
01144000,0.768588125705719
01162500,0.7396502494812012
01169000,0.6944304704666138
01170100,0.7314491271972656
01181000,0.6454596519470215
01187300,0.7659887671470642
01195100,0.7247157096862793
01333000,0.5124205350875854
01350000,0.7456085681915283
01350080,0.6950191259384155
01350140,0.624614417552948
01365000,0.6476130485534668
01411300,0.8208540678024292
01413500,0.6809217929840088
01414500,0.521539568901062
01415000,0.5959866046905518
01423000,0.72882479429245
01434025,0.4521082043647766
01435000,0.6206111311912537
01439500,0.8043564558029175
01440000,0.7518032789230347
01440400,0.8004840612411499
01451800,0.6866103410720825
01466500,0.7807593941688538
01484100,0.7457748651504517
01487000,0.902209460735321
01491000,0.8695598840713501
01510000,0.6391229629516602
01516500,0.648373007774353
01518862,0.7048611640930176
01532000,0.7845317721366882
01539000,0.8696881532669067
01542810,0.7396701574325562
01543000,0.8248355388641357
01543500,0.8607375025749207
01544500,0.77656489610672
01545600,0.7808160781860352
01547700,0.773785412311554
01548500,0.8542093634605408
01549500,0.8188316226005554
01550000,0.7988628149032593
01552000,0.8073503971099854
01552500,0.7732513546943665
01557500,0.8476051688194275
01567500,0.7204916477203369
01568000,0.8918719291687012
01580000,0.715023934841156
01583500,0.5659414529800415
01586610,0.6224678158760071
01591400,0.3340061902999878
01594950,0.7113664150238037
01596500,0.8359708786010742
01605500,0.7591365575790405
01606500,0.8469357490539551
01632000,0.4707217216491699
01632900,0.6843912601470947
01634500,0.5825472474098206
01638480,0.529981255531311
01639500,0.6870423555374146
01644000,0.787068784236908
01664000,0.8316794633865356
01666500,0.7612044811248779
01667500,0.8566591739654541
01669000,0.7353894710540771
01669520,0.7051956057548523
02011400,0.8497591614723206
02013000,0.8778823018074036
02014000,0.7975150346755981
02015700,0.7199011445045471
02016000,0.8513785600662231
02017500,0.7082635164260864
02018000,0.8159566521644592
02027000,0.682340145111084
02027500,0.721953272819519
02028500,0.6703009605407715
02038850,0.744289755821228
02046000,0.6963592767715454
02051500,0.860561728477478
02053200,0.763386607170105
02053800,0.8091285824775696
02055100,0.5765200853347778
02056900,0.7113790512084961
02059500,0.7773999571800232
02064000,0.869397759437561
02065500,0.44305533170700073
02069700,0.5632330775260925
02070000,0.5423818826675415
02074500,0.47397685050964355
02077200,0.7228954434394836
02081500,0.8177019953727722
02082950,0.725844144821167
02092500,0.7349222898483276
02096846,0.5579556822776794
02102908,0.7550835609436035
02108000,0.7692792415618896
02111180,0.6315567493438721
02111500,0.5629494190216064
02112120,0.45286786556243896
02112360,0.6404736638069153
02118500,0.5129480361938477
02125000,0.7664625644683838
02128000,0.6297184228897095
02137727,0.8230905532836914
02140991,0.7632337212562561
02143000,0.6999273300170898
02143040,0.5481349229812622
02149000,0.5832489728927612
02152100,0.5151192545890808
02177000,0.683098554611206
02178400,0.7423884868621826
02193340,0.7968106865882874
02196000,0.8389265537261963
02198100,0.6449245810508728
02202600,0.7276878952980042
02212600,0.5751816034317017
02215100,0.8090818524360657
02216180,0.5605871677398682
02221525,0.6587477922439575
02231000,0.8640311360359192
02245500,0.6631690263748169
02246000,0.8649282455444336
02296500,0.3641083240509033
02297155,-7.314486503601074
02297310,-2.1379644870758057
02298123,0.5364097952842712
02298608,-0.42001140117645264
02299950,0.1708565354347229
02300700,0.10087382793426514
02342933,0.404934823513031
02349900,0.23656505346298218
02350900,0.8724570870399475
02361000,0.6037677526473999
02363000,0.8609011173248291
02369800,0.5910813808441162
02371500,0.272535502910614
02372250,-0.5517323017120361
02374500,0.46301400661468506
02381600,0.39083200693130493
02384540,0.33014166355133057
02395120,0.6039987802505493
02415000,0.661945641040802
02427250,0.650801956653595
02430085,0.6214585304260254
02450250,0.6438254117965698
02464000,0.6325685977935791
02464360,0.5937484502792358
02465493,0.13486403226852417
02469800,0.7786624431610107
02472000,0.8095705509185791
02472500,0.7158811092376709
02479155,0.592917263507843
02479300,0.7890112996101379
02479560,0.6544523239135742
02481000,0.5712593793869019
02481510,0.7424712181091309
03010655,0.7994215488433838
03011800,0.7529683113098145
03015500,0.7282998561859131
03021350,0.6760714054107666
03026500,0.8086965084075928
03028000,0.7976489067077637
03049000,0.8738203644752502
03049800,0.6585999131202698
03050000,0.8180915117263794
03069500,0.8519879579544067
03070500,0.7959545254707336
03076600,0.7111443281173706
03078000,0.7895654439926147
03140000,0.8097254037857056
03144000,0.8750190734863281
03170000,0.8141559362411499
03173000,0.8939639925956726
03180500,0.8194137811660767
03182500,0.8880473971366882
03186500,0.847609281539917
03237280,0.634377121925354
03237500,0.6453453302383423
03238500,0.7397988438606262
03241500,0.8394010066986084
03280700,0.8121335506439209
03281500,0.8079615235328674
03285000,0.6720834970474243
03291780,0.5875663757324219
03338780,0.4462074041366577
03340800,0.8801895380020142
03346000,0.6982699036598206
03364500,0.5507082939147949
03366500,0.6018902063369751
03368000,0.7712649703025818
03384450,0.6448379755020142
03439000,0.6693615317344666
03455500,0.3836926817893982
03456500,0.4760412573814392
03460000,0.6008778214454651
03463300,0.3754303455352783
03471500,0.7772132158279419
03473000,0.700610339641571
03479000,0.6163933277130127
03488000,0.8280410766601562
03498500,0.779671311378479
03500000,0.8161758184432983
03500240,0.5362470149993896
03504000,0.6062722206115723
03574500,0.5598691701889038
03592718,0.4389479160308838
03604000,0.7998208403587341
04015330,0.7601348757743835
04024430,0.6520963311195374
04027000,0.41098129749298096
04040500,0.7481359243392944
04043050,0.8578100204467773
04045500,0.8984648585319519
04057510,0.8866073489189148
04057800,0.3595349192619324
04059500,0.8261650800704956
04063700,0.7395120859146118
04074950,0.8162875175476074
04105700,0.6329851150512695
04115265,0.6754025220870972
04122200,0.7643559575080872
04122500,0.7267223596572876
04127918,0.45018893480300903
04127997,0.7771192193031311
04161580,0.7229644060134888
04185000,0.8256679177284241
04196800,0.8211196660995483
04197100,0.8098093867301941
04197170,0.7653727531433105
04213000,0.6550321578979492
04213075,0.4895247220993042
04216418,0.720200777053833
04221000,0.8273831605911255
04224775,0.7980440855026245
04233000,0.7566010355949402
04256000,0.7305213809013367
04296000,0.7631378769874573
05057200,0.5129963755607605
05120500,-12.489554405212402
05291000,0.45590198040008545
05362000,0.7955902218818665
05393500,0.7480380535125732
05399500,0.8272252678871155
05408000,0.6915204524993896
05413500,0.7434737086296082
05414000,0.44612324237823486
05444000,0.5427600145339966
05454000,0.4811577796936035
05458000,0.5966054797172546
05466500,0.6112819910049438
05487980,0.6141283512115479
05488200,0.6119720935821533
05489000,0.601402759552002
05495000,0.6847913265228271
05495500,0.5617420673370361
05501000,0.7090886831283569
05503800,0.7718284130096436
05507600,0.7122966051101685
05508805,0.7729572653770447
05525500,0.8276406526565552
05556500,0.6434043645858765
05584500,0.051307082176208496
05591550,0.6997102499008179
05592050,0.7635111808776855
05592575,0.717933177947998
05593575,0.8023795485496521
05593900,0.5765883326530457
05595730,0.8032710552215576
06221400,0.8860383033752441
06224000,0.864550769329071
06278300,0.772389829158783
06280300,0.7276973724365234
06289000,0.5480502843856812
06291500,0.5980779528617859
06311000,0.7069014310836792
06332515,-0.07452285289764404
06339100,0.4129723906517029
06344600,-1.09901762008667
06350000,-0.5942209959030151
06352000,0.3871448040008545
06404000,0.6189336180686951
06406000,0.0954209566116333
06409000,-9.662630081176758
06431500,0.5689260363578796
06440200,0.3910849094390869
06447500,0.38508641719818115
06470800,0.736748218536377
06477500,-0.23648834228515625
06479215,0.39111828804016113
06601000,0.25586599111557007
06614800,0.8199278116226196
06622700,0.6901760697364807
06623800,0.8162443041801453
06632400,0.6785901784896851
06746095,0.8505910634994507
06803510,0.5720747709274292
06803530,0.5775441527366638
06814000,0.6351903080940247
06847900,-0.1177147626876831
06853800,0.24877500534057617
06876700,0.37703341245651245
06878000,0.676329493522644
06879650,0.3153459429740906
06885500,0.6982961893081665
06888500,0.5523419380187988
06889200,0.6083532571792603
06889500,0.524581789970398
06892000,0.7221360206604004
06903400,0.7028069496154785
06906800,0.7793742418289185
06910800,0.5086976289749146
06911900,0.5366424322128296
06917000,0.7262958288192749
06918460,0.4761030673980713
06919500,0.7459625005722046
06921070,0.6103818416595459
06921200,0.6789134740829468
07057500,0.9045612215995789
07060710,0.5845787525177002
07066000,0.8174839019775391
07083000,0.8806647658348083
07142300,0.45307207107543945
07145700,0.8034538626670837
07167500,0.7778278589248657
07180500,0.6624003052711487
07184000,0.5206897854804993
07195800,0.34834593534469604
07196900,0.6255614757537842
07197000,0.7950396537780762
07208500,0.5152340531349182
07261000,0.8284188508987427
07263295,0.6590142250061035
07291000,0.42093831300735474
07299670,-0.018459320068359375
07301410,-0.047977328300476074
07315200,0.5654038786888123
07315700,0.6755713224411011
07335700,0.5831630229949951
07340300,0.7135214805603027
07346045,0.7324584722518921
07359610,0.7335162162780762
07362100,0.6568182110786438
07362587,0.4960241913795471
07375000,0.2613162398338318
08013000,0.8736703395843506
08014500,0.5519304275512695
08023080,0.5888434052467346
08050800,0.7442806363105774
08066200,0.33267563581466675
08066300,0.32045382261276245
08070000,0.2984755039215088
08070200,0.34886234998703003
08082700,0.25022900104522705
08086212,0.5670294761657715
08086290,0.5144731402397156
08101000,0.4400765299797058
08103900,0.5109466314315796
08104900,0.3531307578086853
08109700,0.479097843170166
08150800,0.25361382961273193
08158700,0.5577726364135742
08158810,-0.0005486011505126953
08164300,0.26479530334472656
08164600,0.4476048946380615
08165300,-9.008586883544922
08171300,0.605797529220581
08175000,0.4041050672531128
08176900,0.35250216722488403
08178880,0.38391172885894775
08189500,0.4895895719528198
08190000,-1.2512271404266357
08190500,-0.15200817584991455
08194200,-1.58730149269104
08195000,0.15368247032165527
08196000,0.32703208923339844
08198500,0.11730378866195679
08200000,0.4010106921195984
08202700,0.5291612148284912
08267500,0.3035650849342346
08269000,0.26239585876464844
08271000,0.6047259569168091
08324000,0.6840540170669556
08377900,0.8426474928855896
08378500,0.6997965574264526
08380500,0.36317694187164307
09035800,0.8541595339775085
09035900,0.9675203561782837
09047700,0.8943973779678345
09065500,0.932014524936676
09066000,0.9335333704948425
09066200,0.8811405897140503
09066300,0.9035343527793884
09081600,0.9502237439155579
09107000,0.8917683362960815
09210500,0.6669530868530273
09223000,0.8623902797698975
09306242,-0.37327349185943604
09312600,0.8303073644638062
09352900,0.8684301972389221
09378170,0.024190962314605713
09386900,0.02228987216949463
09404450,0.3236274719238281
09430600,0.05289095640182495
09447800,-2.217735767364502
09484600,0.06462228298187256
09492400,0.37627720832824707
09494000,0.36568260192871094
09497980,0.7602576613426208
09505350,0.4411102533340454
09505800,0.46870940923690796
09508300,0.24699318408966064
09510200,0.512686014175415
09512280,0.33383500576019287
09513780,0.2706420421600342
10234500,0.6864887475967407
10244950,-1.6034607887268066
10259000,0.44113612174987793
10336645,0.8651748299598694
10336660,0.942371129989624
10343500,0.3761489987373352
11124500,0.6680364608764648
11141280,-0.6187609434127808
11143000,0.7229180335998535
11148900,0.5943517684936523
11151300,-0.28155994415283203
11176400,0.5581159591674805
11230500,0.10514819622039795
11237500,0.890761137008667
11264500,0.7889919281005859
11266500,0.8008924126625061
11284400,0.3310185670852661
11381500,0.7603133320808411
11451100,0.720792829990387
11468500,0.8123551607131958
11473900,0.7021207809448242
11475560,0.5614176988601685
11476600,0.8611034750938416
11478500,0.5378385782241821
11480390,0.44007396697998047
11481200,0.6624994874000549
11482500,0.7977198958396912
11522500,0.8604402542114258
11523200,0.6989240646362305
11528700,0.3492274284362793
11532500,0.8588210344314575
12010000,0.8709535002708435
12013500,0.8256734609603882
12020000,0.2706791162490845
12025700,0.8283823728561401
12035000,0.8263294696807861
12040500,0.7300426959991455
12041200,0.7159554362297058
12048000,0.5964734554290771
12054000,0.6173332929611206
12056500,0.5841289758682251
12073500,0.6904208660125732
12082500,0.6761361956596375
12092000,0.6962602734565735
12114500,0.6675926446914673
12115000,0.6907371282577515
12117000,0.8035566210746765
12143600,0.737130880355835
12144000,0.7749179005622864
12145500,0.8921307325363159
12147500,0.7607945203781128
12167000,0.649173378944397
12175500,0.8360410928726196
12178100,0.8086750507354736
12186000,0.704346239566803
12189500,0.7487509846687317
12375900,0.8099759221076965
12377150,0.910009503364563
12381400,0.8552222847938538
12383500,0.8136619329452515
12390700,0.7237725853919983
12411000,0.5693179965019226
12447390,0.8333133459091187
12451000,0.8957810401916504
12488500,0.7307368516921997
13011500,0.8878089785575867
13011900,0.8142486810684204
13018300,0.4974292516708374
13023000,0.8877502679824829
13161500,0.7432581186294556
13235000,0.7390478849411011
13240000,0.8667574524879456
13313000,0.9076658487319946
13331500,0.804343044757843
14020000,0.5746946334838867
14096850,0.2797379493713379
14137000,0.6344319581985474
14138800,0.6508175134658813
14138870,0.7302629947662354
14138900,0.6757810115814209
14139800,0.7539183497428894
14141500,0.752350389957428
14154500,0.7161252498626709
14158790,0.5737090706825256
14166500,0.8999744057655334
14182500,0.7091803550720215
14185000,0.7387969493865967
14185900,0.736614465713501
14187000,0.8596320152282715
14216500,0.642078697681427
14222500,0.8666312098503113
14236200,0.7771792411804199
14301000,0.9095408916473389
14303200,0.6629354953765869
14305500,0.8533502221107483
14306340,0.7834508419036865
14306500,0.8925866484642029
14308990,0.7890225648880005
14309500,0.7135597467422485
14316700,0.6389023661613464
14325000,0.720552921295166
14362250,0.17765259742736816
14400000,0.8740191459655762
###ARM L33
01022500,0.7495423555374146
01031500,0.8509323596954346
01047000,0.7619146108627319
01052500,0.795219361782074
01054200,0.574695348739624
01055000,0.5686900019645691
01057000,0.7750352621078491
01073000,0.6122745275497437
01078000,0.7519690990447998
01123000,0.778199315071106
01134500,0.8114310503005981
01137500,0.7383191585540771
01139000,0.6875519752502441
01139800,0.7327606081962585
01142500,0.756461501121521
01144000,0.7594287395477295
01162500,0.7511016130447388
01169000,0.5314263105392456
01170100,0.7224723100662231
01181000,0.6763673424720764
01187300,0.7507810592651367
01195100,0.658528208732605
01333000,0.5098904371261597
01350000,0.6740504503250122
01350080,0.7845725417137146
01350140,0.449552059173584
01365000,0.759868323802948
01411300,0.7463641166687012
01413500,0.7085456848144531
01414500,0.5047715902328491
01415000,0.7099028825759888
01423000,0.6732485294342041
01434025,0.635816216468811
01435000,0.6478796005249023
01439500,0.7014344930648804
01440000,0.8149646520614624
01440400,0.6380647420883179
01451800,0.7189735770225525
01466500,0.8803722858428955
01484100,0.6651890277862549
01487000,0.9074186086654663
01491000,0.8392302989959717
01510000,0.7690806984901428
01516500,0.7169966697692871
01518862,0.70014488697052
01532000,0.7930403351783752
01539000,0.8211135864257812
01542810,0.7658585906028748
01543000,0.7933644652366638
01543500,0.8806877732276917
01544500,0.7665450572967529
01545600,0.7975509166717529
01547700,0.6761360168457031
01548500,0.8456019163131714
01549500,0.7653025984764099
01550000,0.7956954836845398
01552000,0.8455466032028198
01552500,0.6990385055541992
01557500,0.824637234210968
01567500,0.7790225744247437
01568000,0.8474922180175781
01580000,0.6219571232795715
01583500,0.5024028420448303
01586610,0.604332447052002
01591400,0.5216448307037354
01594950,0.7261667251586914
01596500,0.8081296682357788
01605500,0.6376059055328369
01606500,0.7684946656227112
01632000,0.46068239212036133
01632900,0.27814507484436035
01634500,0.424625039100647
01638480,0.36154574155807495
01639500,0.6486040353775024
01644000,0.9117813110351562
01664000,0.774020791053772
01666500,0.560862123966217
01667500,0.7070727348327637
01669000,0.7041531801223755
01669520,0.6648585796356201
02011400,0.8825424313545227
02013000,0.9125264883041382
02014000,0.8904271721839905
02015700,0.7713926434516907
02016000,0.8316665887832642
02017500,0.7872023582458496
02018000,0.8249447345733643
02027000,0.7565288543701172
02027500,0.7719751596450806
02028500,0.7692749500274658
02038850,0.5987359881401062
02046000,0.64628005027771
02051500,0.6877777576446533
02053200,0.7163869738578796
02053800,0.8028512001037598
02055100,0.65422523021698
02056900,0.7313995957374573
02059500,0.7222779989242554
02064000,0.6691064834594727
02065500,0.2395014762878418
02069700,0.5063002109527588
02070000,0.5539563894271851
02074500,0.47466152906417847
02077200,0.5983361601829529
02081500,0.04307353496551514
02082950,0.7654702663421631
02092500,0.7280365824699402
02096846,0.3491307497024536
02102908,0.5608929395675659
02108000,0.8305650949478149
02111180,0.533308744430542
02111500,0.5409067869186401
02112120,0.5799459218978882
02112360,0.5463614463806152
02118500,0.5034785270690918
02125000,0.8613286018371582
02128000,0.8320822715759277
02137727,0.7821156978607178
02140991,0.20987015962600708
02143000,0.7474822998046875
02143040,0.5886212587356567
02149000,0.636630117893219
02152100,0.6584912538528442
02177000,0.7704885005950928
02178400,0.7356132864952087
02193340,0.8259800672531128
02196000,0.7415201663970947
02198100,0.4349290132522583
02202600,0.7329024076461792
02212600,0.6078993678092957
02215100,0.8266549110412598
02216180,0.6757050156593323
02221525,0.5512441396713257
02231000,0.8332474231719971
02245500,0.5528699159622192
02246000,0.7740883827209473
02296500,0.45499902963638306
02297155,-1.8011691570281982
02297310,-0.28315842151641846
02298123,0.7514868974685669
02298608,0.20914620161056519
02299950,0.3348764181137085
02300700,-0.4290264844894409
02342933,0.41696667671203613
02349900,-1.1673097610473633
02350900,0.8123013377189636
02361000,0.8168924450874329
02363000,0.6771013140678406
02369800,0.7071726322174072
02371500,0.500267744064331
02372250,-0.6090576648712158
02374500,0.29300373792648315
02381600,0.4614822268486023
02384540,0.5677493810653687
02395120,0.2720639109611511
02415000,0.5414602756500244
02427250,-0.6331337690353394
02430085,0.5500650405883789
02450250,0.6470153331756592
02464000,0.6866032481193542
02464360,0.595023512840271
02465493,0.07040345668792725
02469800,0.6261448264122009
02472000,0.8141927719116211
02472500,0.36438441276550293
02479155,0.6926462650299072
02479300,0.6729534864425659
02479560,0.681198000907898
02481000,0.589398980140686
02481510,0.7455387115478516
03010655,0.7827048301696777
03011800,0.8261592984199524
03015500,0.7924495339393616
03021350,0.7037209272384644
03026500,0.7585045099258423
03028000,0.7789547443389893
03049000,0.8128418922424316
03049800,0.5739415884017944
03050000,0.8484864234924316
03069500,0.8649734258651733
03070500,0.6079007387161255
03076600,0.7205287218093872
03078000,0.7211905717849731
03140000,0.6976964473724365
03144000,0.8167575597763062
03170000,0.8163406252861023
03173000,0.860969603061676
03180500,0.7250930070877075
03182500,0.8006719350814819
03186500,0.7564754486083984
03237280,0.4236280918121338
03237500,0.4637466073036194
03238500,0.45833122730255127
03241500,0.8088076710700989
03280700,0.5536623597145081
03281500,0.821357250213623
03285000,0.7202730178833008
03291780,0.40838611125946045
03338780,0.43594127893447876
03340800,0.8799095153808594
03346000,0.719882607460022
03364500,0.6442950963973999
03366500,0.46556735038757324
03368000,0.5301802158355713
03384450,0.6285594701766968
03439000,0.660161018371582
03455500,0.34631747007369995
03456500,0.5328885316848755
03460000,0.7593134045600891
03463300,0.7350239157676697
03471500,0.7197917699813843
03473000,0.6539729833602905
03479000,0.4558423161506653
03488000,0.8036144971847534
03498500,0.7997262477874756
03500000,0.7349487543106079
03500240,0.5661413073539734
03504000,0.8012961149215698
03574500,0.6154965162277222
03592718,0.175834059715271
03604000,0.8483766317367554
04015330,0.6836637258529663
04024430,0.37979745864868164
04027000,0.8941975235939026
04040500,0.7425757646560669
04043050,0.7836741209030151
04045500,0.7987698912620544
04057510,0.8111743330955505
04057800,0.4964236617088318
04059500,0.7627107501029968
04063700,0.7035230398178101
04074950,0.8655859231948853
04105700,-0.1483691930770874
04115265,0.5859279632568359
04122200,0.7246391177177429
04122500,0.7182803153991699
04127918,0.7069743871688843
04127997,0.6907516717910767
04161580,0.6679612398147583
04185000,0.7938076257705688
04196800,0.6432246565818787
04197100,0.7272399067878723
04197170,0.7803260684013367
04213000,0.6400548219680786
04213075,0.44231849908828735
04216418,0.6203666925430298
04221000,0.8366395235061646
04224775,0.7717031240463257
04233000,0.6983620524406433
04256000,0.7492256164550781
04296000,0.7118237018585205
05057200,0.4693848490715027
05120500,-14.39306640625
05291000,0.3169482946395874
05362000,0.8155328631401062
05393500,0.7647318243980408
05399500,0.7662765979766846
05408000,0.8947005271911621
05413500,0.780116617679596
05414000,0.48157185316085815
05444000,0.5147028565406799
05454000,0.5842233300209045
05458000,0.5688790082931519
05466500,0.5924547910690308
05487980,0.682077169418335
05488200,0.6613991260528564
05489000,0.5971568822860718
05495000,0.6652425527572632
05495500,0.614064633846283
05501000,0.6149014234542847
05503800,0.7702145576477051
05507600,0.8251599669456482
05508805,0.7762485146522522
05525500,0.8466320633888245
05556500,0.6861952543258667
05584500,0.5480533838272095
05591550,0.6379863023757935
05592050,0.6718813180923462
05592575,0.6981848478317261
05593575,0.618401050567627
05593900,0.5712749361991882
05595730,0.6953836679458618
06221400,0.8798238635063171
06224000,0.8798732757568359
06278300,0.8292128443717957
06280300,0.8253108263015747
06289000,0.5241516828536987
06291500,0.6716386079788208
06311000,0.537891685962677
06332515,-0.09316158294677734
06339100,0.8162001967430115
06344600,-0.20419836044311523
06350000,0.022889137268066406
06352000,0.13091188669204712
06404000,0.7056593894958496
06406000,0.0001226663589477539
06409000,-12.63178539276123
06431500,0.39517563581466675
06440200,0.09961384534835815
06447500,-0.4883594512939453
06470800,0.6266424059867859
06477500,0.03274470567703247
06479215,0.3415806293487549
06601000,0.31609880924224854
06614800,0.8046820163726807
06622700,0.7878235578536987
06623800,0.8820139169692993
06632400,0.529534637928009
06746095,0.7894197106361389
06803510,0.7038352489471436
06803530,0.5564488172531128
06814000,0.761910617351532
06847900,0.13681578636169434
06853800,0.28494733572006226
06876700,0.32794803380966187
06878000,0.691220760345459
06879650,0.5443058013916016
06885500,0.7493278980255127
06888500,0.5772205591201782
06889200,0.5973079204559326
06889500,0.7665258646011353
06892000,0.8516336679458618
06903400,0.6844295859336853
06906800,0.68578040599823
06910800,0.7262377738952637
06911900,0.8906069993972778
06917000,0.8148847818374634
06918460,0.009746789932250977
06919500,0.7105449438095093
06921070,0.5740312933921814
06921200,0.5733762979507446
07057500,0.7451679706573486
07060710,0.5635193586349487
07066000,0.8038076758384705
07083000,0.8715268969535828
07142300,0.29651939868927
07145700,0.7895652055740356
07167500,0.556970477104187
07180500,0.7205973863601685
07184000,0.6036360859870911
07195800,0.13870948553085327
07196900,0.7414777874946594
07197000,0.7573668360710144
07208500,-0.003278017044067383
07261000,0.8736401796340942
07263295,0.5973854660987854
07291000,0.42213761806488037
07299670,-1.5094208717346191
07301410,0.08995825052261353
07315200,0.5260938405990601
07315700,0.5199840068817139
07335700,0.6530425548553467
07340300,0.6236222982406616
07346045,0.7850335836410522
07359610,0.775326132774353
07362100,0.6248377561569214
07362587,0.33441001176834106
07375000,0.3249204158782959
08013000,0.8157520890235901
08014500,0.69105064868927
08023080,0.6273379325866699
08050800,0.3359759449958801
08066200,0.42393743991851807
08066300,0.3701988458633423
08070000,0.21093755960464478
08070200,0.3888208866119385
08082700,0.3109649419784546
08086212,0.35876208543777466
08086290,0.6940245628356934
08101000,0.5209416747093201
08103900,0.30420804023742676
08104900,0.3865031599998474
08109700,0.6770955920219421
08150800,-0.9229055643081665
08158700,0.6845207810401917
08158810,0.5296694040298462
08164300,0.18678629398345947
08164600,0.47554105520248413
08165300,-14.973308563232422
08171300,0.5020438432693481
08175000,0.3358088731765747
08176900,0.3636500835418701
08178880,0.20977038145065308
08189500,0.376806378364563
08190000,-0.09652984142303467
08190500,0.1797007918357849
08194200,-3.07260799407959
08195000,-0.354361891746521
08196000,0.22276347875595093
08198500,0.2849574089050293
08200000,0.5100806355476379
08202700,0.34867846965789795
08267500,0.10947662591934204
08269000,0.3951503038406372
08271000,0.600119948387146
08324000,0.5739189386367798
08377900,0.799179196357727
08378500,0.7731518745422363
08380500,0.3139025568962097
09035800,0.7730638980865479
09035900,0.9743213057518005
09047700,0.8926416039466858
09065500,0.9582319259643555
09066000,0.9674118757247925
09066200,0.8656293153762817
09066300,0.9248127341270447
09081600,0.9614932537078857
09107000,0.9176979064941406
09210500,0.7787758708000183
09223000,0.7680038213729858
09306242,0.4708528518676758
09312600,0.5016566514968872
09352900,0.8899261355400085
09378170,-0.479434609413147
09386900,0.0257871150970459
09404450,0.6953604817390442
09430600,0.03266453742980957
09447800,-0.5290617942810059
09484600,0.09265053272247314
09492400,0.5650495290756226
09494000,0.37403935194015503
09497980,0.4013522267341614
09505350,0.12039649486541748
09505800,0.4872596263885498
09508300,0.36980360746383667
09510200,0.43463945388793945
09512280,0.22234207391738892
09513780,0.05584806203842163
10234500,0.7810282111167908
10244950,-0.6907963752746582
10259000,0.43577462434768677
10336645,0.7543522715568542
10336660,0.920830249786377
10343500,0.4576835632324219
11124500,0.778769850730896
11141280,0.6884876489639282
11143000,0.8170230984687805
11148900,0.5675641298294067
11151300,0.39657026529312134
11176400,0.4756225347518921
11230500,0.38296616077423096
11237500,0.9168732166290283
11264500,0.883795440196991
11266500,0.9228191375732422
11284400,-0.08150696754455566
11381500,0.5183786153793335
11451100,0.7513303756713867
11468500,0.8833608031272888
11473900,0.6295339465141296
11475560,0.7526131868362427
11476600,0.7304258346557617
11478500,0.5237984657287598
11480390,0.5352100133895874
11481200,0.7620384693145752
11482500,0.8402014374732971
11522500,0.6621298789978027
11523200,0.5231302976608276
11528700,0.4783827066421509
11532500,0.9009700417518616
12010000,0.8344365954399109
12013500,0.7727225422859192
12020000,0.36374127864837646
12025700,0.8259990215301514
12035000,0.8041965365409851
12040500,0.6846214532852173
12041200,0.6572142839431763
12048000,0.5155310034751892
12054000,0.5526076555252075
12056500,0.6280435919761658
12073500,0.6402758359909058
12082500,0.757962167263031
12092000,0.6312810182571411
12114500,0.312610924243927
12115000,0.5693045854568481
12117000,0.7955090403556824
12143600,0.6864632368087769
12144000,0.732947051525116
12145500,0.8625777363777161
12147500,0.6627994179725647
12167000,0.4333121180534363
12175500,0.83079594373703
12178100,0.7803400754928589
12186000,0.5718506574630737
12189500,0.672866940498352
12375900,0.7397406697273254
12377150,0.8543635010719299
12381400,0.7889738082885742
12383500,0.8919744491577148
12390700,0.860867977142334
12411000,0.6549330949783325
12447390,0.7622758150100708
12451000,0.871631383895874
12488500,0.717003583908081
13011500,0.8708007335662842
13011900,0.8218777179718018
13018300,0.4113891124725342
13023000,0.8449557423591614
13161500,0.769099235534668
13235000,0.676218569278717
13240000,0.8942707180976868
13313000,0.8811017870903015
13331500,0.7669802904129028
14020000,0.7195768356323242
14096850,0.6065819263458252
14137000,0.7535428404808044
14138800,0.6262555122375488
14138870,0.7308040857315063
14138900,0.6596750020980835
14139800,0.7764474153518677
14141500,0.7376651763916016
14154500,0.7393456697463989
14158790,0.5671258568763733
14166500,0.8507577776908875
14182500,0.7407599091529846
14185000,0.7667989730834961
14185900,0.7449455857276917
14187000,0.784767210483551
14216500,0.5134806632995605
14222500,0.8402850031852722
14236200,0.80739426612854
14301000,0.8921516537666321
14303200,0.7486333250999451
14305500,0.834426760673523
14306340,0.7393288612365723
14306500,0.8633501529693604
14308990,0.8330492973327637
14309500,0.6670565605163574
14316700,0.644175112247467
14325000,0.47172051668167114
14362250,0.31770652532577515
14400000,0.8418390154838562
ID33_DUMP_COMPLETE
### ---------- end ----------
### exit_code=0
### finished=2026-09-04T21:11:51+0800
