### channel=id33-transformer-recipe-repair seq=55
### host=login4
### started=2026-09-13T00:09:08+0800
### ---------- output ----------
2026-09-13T00:09:08+0800
=== SACCT ===
JobID|JobName|State|ExitCode|Elapsed|NodeList
225187|id33_sd_200|COMPLETED|0:0|06:16:06|ngu010
225190|id33_sd_500|COMPLETED|0:0|12:22:45|ngu001
225191|id33_sd_600|COMPLETED|0:0|11:47:17|ngu004
225192|id33_sd_700|COMPLETED|0:0|11:54:42|ngu004
225199|id33_sd_300|COMPLETED|0:0|12:43:50|ngu010
225200|id33_sd_400|COMPLETED|0:0|12:05:38|ngu005
225201|id33_sd_800|COMPLETED|0:0|11:57:39|ngu005
=== MANIFEST HASH CHECK ===
id33_C3_s300_slurm225199 status= COMPLETE rc= 0 data_access= PASS
  source-ish hashes distinct: 0 of 0
id33_C3_s400_slurm225200 status= COMPLETE rc= 0 data_access= PASS
  source-ish hashes distinct: 0 of 0
id33_C3_s500_slurm225190 status= COMPLETE rc= 0 data_access= PASS
  source-ish hashes distinct: 0 of 0
id33_C3_s600_slurm225191 status= COMPLETE rc= 0 data_access= PASS
  source-ish hashes distinct: 0 of 0
id33_C3_s700_slurm225192 status= COMPLETE rc= 0 data_access= PASS
  source-ish hashes distinct: 0 of 0
id33_C3_s800_slurm225201 status= COMPLETE rc= 0 data_access= PASS
  source-ish hashes distinct: 0 of 0
id33_C4_s200_slurm225187 status= COMPLETE rc= 0 data_access= PASS
  source-ish hashes distinct: 0 of 0
id33_C4_s300_slurm225199 status= COMPLETE rc= 0 data_access= PASS
  source-ish hashes distinct: 0 of 0
id33_C4_s400_slurm225200 status= COMPLETE rc= 0 data_access= PASS
  source-ish hashes distinct: 0 of 0
id33_C4_s500_slurm225190 status= COMPLETE rc= 0 data_access= PASS
  source-ish hashes distinct: 0 of 0
id33_C4_s600_slurm225191 status= COMPLETE rc= 0 data_access= PASS
  source-ish hashes distinct: 0 of 0
id33_C4_s700_slurm225192 status= COMPLETE rc= 0 data_access= PASS
  source-ish hashes distinct: 0 of 0
id33_C4_s800_slurm225201 status= COMPLETE rc= 0 data_access= PASS
  source-ish hashes distinct: 0 of 0
id33_T2_s200_slurm225187 status= COMPLETE rc= 0 data_access= PASS
  source-ish hashes distinct: 0 of 0
id33_T2_s300_slurm225199 status= COMPLETE rc= 0 data_access= PASS
  source-ish hashes distinct: 0 of 0
id33_T2_s400_slurm225200 status= COMPLETE rc= 0 data_access= PASS
  source-ish hashes distinct: 0 of 0
id33_T2_s500_slurm225190 status= COMPLETE rc= 0 data_access= PASS
  source-ish hashes distinct: 0 of 0
id33_T2_s600_slurm225191 status= COMPLETE rc= 0 data_access= PASS
  source-ish hashes distinct: 0 of 0
id33_T2_s700_slurm225192 status= COMPLETE rc= 0 data_access= PASS
  source-ish hashes distinct: 0 of 0
id33_T2_s800_slurm225201 status= COMPLETE rc= 0 data_access= PASS
  source-ish hashes distinct: 0 of 0
=== UTILISATION ===
-- logs/33_transformer_recipe_repair/utilisation-225187.csv
rows 376 cols ['timestamp', 'gpu_util_percent', 'mem_used_mib', 'mem_total_mib']
  gpu_util_percent mean=83.6 max=100.0
  mem_used_mib mean=6460.0 max=7805.0
  mem_total_mib mean=24576.0 max=24576.0
-- logs/33_transformer_recipe_repair/utilisation-225190.csv
rows 741 cols ['timestamp', 'gpu_util_percent', 'mem_used_mib', 'mem_total_mib']
  gpu_util_percent mean=52.9 max=93.0
  mem_used_mib mean=4311.6 max=6960.0
  mem_total_mib mean=24576.0 max=24576.0
-- logs/33_transformer_recipe_repair/utilisation-225191.csv
rows 705 cols ['timestamp', 'gpu_util_percent', 'mem_used_mib', 'mem_total_mib']
  gpu_util_percent mean=93.9 max=100.0
  mem_used_mib mean=5669.6 max=7805.0
  mem_total_mib mean=24576.0 max=24576.0
-- logs/33_transformer_recipe_repair/utilisation-225192.csv
rows 712 cols ['timestamp', 'gpu_util_percent', 'mem_used_mib', 'mem_total_mib']
  gpu_util_percent mean=93.0 max=100.0
  mem_used_mib mean=5613.9 max=7805.0
  mem_total_mib mean=24576.0 max=24576.0
-- logs/33_transformer_recipe_repair/utilisation-225199.csv
rows 763 cols ['timestamp', 'gpu_util_percent', 'mem_used_mib', 'mem_total_mib']
  gpu_util_percent mean=87.5 max=100.0
  mem_used_mib mean=5450.7 max=7805.0
  mem_total_mib mean=24576.0 max=24576.0
=== PER-BASIN EPOCH30 (basin,NSE) ===
##ARM C3_s300
01022500,0.7647558450698853
01031500,0.8534138202667236
01047000,0.845359206199646
01052500,0.8423234224319458
01054200,0.6749244928359985
01055000,0.6874406337738037
01057000,0.7817962765693665
01073000,0.6491326093673706
01078000,0.8656917810440063
01123000,0.7065860033035278
01134500,0.7746774554252625
01137500,0.7551957964897156
01139000,0.7644632458686829
01139800,0.7705543637275696
01142500,0.6694374084472656
01144000,0.8195019364356995
01162500,0.7058762907981873
01169000,0.7555081248283386
01170100,0.7420895099639893
01181000,0.7186579704284668
01187300,0.804478645324707
01195100,0.659115195274353
01333000,0.533040463924408
01350000,0.8092896342277527
01350080,0.5711578130722046
01350140,0.6852369904518127
01365000,0.7289263606071472
01411300,0.7357165217399597
01413500,0.6843690872192383
01414500,0.6405500173568726
01415000,0.6508440971374512
01423000,0.7660651206970215
01434025,0.5634777545928955
01435000,0.6960461139678955
01439500,0.7409767508506775
01440000,0.7271453142166138
01440400,0.6903367042541504
01451800,0.710504949092865
01466500,0.7576411962509155
01484100,0.6725355386734009
01487000,0.8363248109817505
01491000,0.7556859850883484
01510000,0.8179998993873596
01516500,0.570068895816803
01518862,0.7566328644752502
01532000,0.7323590517044067
01539000,0.8073792457580566
01542810,0.7191227674484253
01543000,0.8224120140075684
01543500,0.8390399813652039
01544500,0.8614601492881775
01545600,0.7852227687835693
01547700,0.7416665554046631
01548500,0.8671724796295166
01549500,0.7887107133865356
01550000,0.8104824423789978
01552000,0.8093071579933167
01552500,0.7074757814407349
01557500,0.8443775773048401
01567500,0.6715513467788696
01568000,0.8042069673538208
01580000,0.6313694715499878
01583500,0.4714500308036804
01586610,0.6140050888061523
01591400,0.33917170763015747
01594950,0.761482834815979
01596500,0.770962119102478
01605500,0.7002582550048828
01606500,0.724901556968689
01632000,0.5335343480110168
01632900,0.5534937381744385
01634500,0.6972290277481079
01638480,0.4821307063102722
01639500,0.728116512298584
01644000,0.7800272703170776
01664000,0.7941787838935852
01666500,0.4729952812194824
01667500,0.7533121705055237
01669000,0.7903428673744202
01669520,0.7066758871078491
02011400,0.8866326808929443
02013000,0.7441388368606567
02014000,0.8275924921035767
02015700,0.7637739777565002
02016000,0.8730208277702332
02017500,0.7422249913215637
02018000,0.8296003937721252
02027000,0.763738751411438
02027500,0.7032787799835205
02028500,0.7862430214881897
02038850,0.6811959743499756
02046000,0.7782633304595947
02051500,0.7644960284233093
02053200,0.7660817503929138
02053800,0.7424106597900391
02055100,0.6434006094932556
02056900,0.7655146718025208
02059500,0.6082936525344849
02064000,0.8230524063110352
02065500,0.28265881538391113
02069700,0.5818670988082886
02070000,0.5928549766540527
02074500,0.5579281449317932
02077200,0.6162728071212769
02081500,0.6862788200378418
02082950,0.7621195316314697
02092500,0.8577709794044495
02096846,0.3487095236778259
02102908,0.7376067042350769
02108000,0.79746413230896
02111180,0.6067909002304077
02111500,0.5248149037361145
02112120,0.42973530292510986
02112360,0.7375051975250244
02118500,0.5015963912010193
02125000,0.7762176394462585
02128000,0.5778974294662476
02137727,0.6880850791931152
02140991,0.7238597273826599
02143000,0.7156929969787598
02143040,0.6050465106964111
02149000,0.7563654184341431
02152100,0.5576979517936707
02177000,0.46485018730163574
02178400,0.7085955142974854
02193340,0.8548436760902405
02196000,0.8369313478469849
02198100,0.6224348545074463
02202600,0.9018919467926025
02212600,0.741172730922699
02215100,0.7740281224250793
02216180,0.6790473461151123
02221525,0.5414001941680908
02231000,0.8720494508743286
02245500,0.48529207706451416
02246000,0.8180314302444458
02296500,0.7172842025756836
02297155,-31.922924041748047
02297310,-2.8979411125183105
02298123,0.643508791923523
02298608,0.040033161640167236
02299950,-0.09731817245483398
02300700,0.0901099443435669
02342933,0.3421390652656555
02349900,0.3029332160949707
02350900,0.7268457412719727
02361000,0.5189197063446045
02363000,0.7076606750488281
02369800,0.6367365717887878
02371500,0.4968007802963257
02372250,-0.13883066177368164
02374500,0.17843568325042725
02381600,0.3628981113433838
02384540,0.7047940492630005
02395120,0.16974514722824097
02415000,0.6247354745864868
02427250,0.5771145820617676
02430085,0.6506009101867676
02450250,0.4903608560562134
02464000,0.7607251405715942
02464360,0.6843414306640625
02465493,-0.8640998601913452
02469800,0.7672922611236572
02472000,0.8355722427368164
02472500,0.6038769483566284
02479155,0.5852975845336914
02479300,0.7784113883972168
02479560,0.6570950746536255
02481000,0.46016794443130493
02481510,0.6413283348083496
03010655,0.8246034383773804
03011800,0.736318051815033
03015500,0.7616146802902222
03021350,0.6979957222938538
03026500,0.779030442237854
03028000,0.7808651924133301
03049000,0.8317248821258545
03049800,0.6506568193435669
03050000,0.7635664343833923
03069500,0.8157393932342529
03070500,0.7864418029785156
03076600,0.7282562851905823
03078000,0.7848252058029175
03140000,0.7745293378829956
03144000,0.8285225033760071
03170000,0.7528835535049438
03173000,0.8392990827560425
03180500,0.7820746898651123
03182500,0.8063361644744873
03186500,0.7468051910400391
03237280,0.5333311557769775
03237500,0.6610772609710693
03238500,0.6946635246276855
03241500,0.7914223074913025
03280700,0.6036617755889893
03281500,0.8133869767189026
03285000,0.7013967633247375
03291780,0.5605360269546509
03338780,0.5663970112800598
03340800,0.7945950627326965
03346000,0.7719311714172363
03364500,0.600354790687561
03366500,0.6077972650527954
03368000,0.6675510406494141
03384450,0.683840274810791
03439000,0.6628293991088867
03455500,0.14742469787597656
03456500,0.45425331592559814
03460000,0.7120739221572876
03463300,0.561720609664917
03471500,0.7574473023414612
03473000,0.7894641160964966
03479000,0.4634537696838379
03488000,0.684037446975708
03498500,0.7028852701187134
03500000,0.6652942299842834
03500240,0.3281373381614685
03504000,0.49721139669418335
03574500,0.7011952996253967
03592718,0.001842498779296875
03604000,0.734046459197998
04015330,0.6051360368728638
04024430,0.4411137104034424
04027000,0.4776163101196289
04040500,0.8254098296165466
04043050,0.8622310161590576
04045500,0.8418265581130981
04057510,0.6988510489463806
04057800,0.3327134847640991
04059500,0.8423619270324707
04063700,0.6620088815689087
04074950,0.7790355682373047
04105700,0.653927743434906
04115265,0.7057894468307495
04122200,0.8050742745399475
04122500,0.6893706321716309
04127918,0.6384254693984985
04127997,0.8226741552352905
04161580,0.7529879212379456
04185000,0.7393896579742432
04196800,0.6495679616928101
04197100,0.6899852156639099
04197170,0.7236388921737671
04213000,0.6698063015937805
04213075,0.44001179933547974
04216418,0.7031500339508057
04221000,0.8084807991981506
04224775,0.7195494174957275
04233000,0.7857154011726379
04256000,0.7301443815231323
04296000,0.7365403771400452
05057200,0.29271119832992554
05120500,-50.82173538208008
05291000,0.42212390899658203
05362000,0.7840974926948547
05393500,0.8513254523277283
05399500,0.8197911381721497
05408000,0.6278148889541626
05413500,0.7179570198059082
05414000,0.48942989110946655
05444000,0.5325117707252502
05454000,0.37004733085632324
05458000,0.6468372344970703
05466500,0.5070852637290955
05487980,0.7254130840301514
05488200,0.7029852867126465
05489000,0.704200267791748
05495000,0.7128075957298279
05495500,0.5107706785202026
05501000,0.754215657711029
05503800,0.7575241327285767
05507600,0.8181333541870117
05508805,0.8813993334770203
05525500,0.7211407423019409
05556500,0.6917357444763184
05584500,0.37085264921188354
05591550,0.7754056453704834
05592050,0.6190076470375061
05592575,0.6881802678108215
05593575,0.7601622343063354
05593900,0.712918758392334
05595730,0.812017023563385
06221400,0.8377375602722168
06224000,0.8977785110473633
06278300,0.6949101686477661
06280300,0.7967956066131592
06289000,0.7139637470245361
06291500,0.6384246349334717
06311000,0.6940438747406006
06332515,-0.6436173915863037
06339100,0.5693033933639526
06344600,-0.2873619794845581
06350000,-3.071929454803467
06352000,-0.3953385353088379
06404000,0.4388602375984192
06406000,0.12519502639770508
06409000,-3.351808547973633
06431500,0.664749026298523
06440200,0.36338555812835693
06447500,-0.19357550144195557
06470800,0.8222249746322632
06477500,-1.640197515487671
06479215,0.3939652442932129
06601000,0.34272849559783936
06614800,0.7675610184669495
06622700,0.8511889576911926
06623800,0.8838772177696228
06632400,0.8785802125930786
06746095,0.6576261520385742
06803510,0.6677361726760864
06803530,0.6364330053329468
06814000,0.6284551620483398
06847900,-0.36709845066070557
06853800,0.4339383840560913
06876700,0.5075832605361938
06878000,0.862525999546051
06879650,0.5186707973480225
06885500,0.6471031904220581
06888500,0.6539907455444336
06889200,0.6488144993782043
06889500,0.668527364730835
06892000,0.8259042501449585
06903400,0.6010695695877075
06906800,0.6696276068687439
06910800,0.8808462023735046
06911900,0.8124136924743652
06917000,0.8408911824226379
06918460,0.23735392093658447
06919500,0.7691681385040283
06921070,0.6525880098342896
06921200,0.6239917278289795
07057500,0.9280728101730347
07060710,0.6692241430282593
07066000,0.8588136434555054
07083000,0.8776707649230957
07142300,0.20057988166809082
07145700,0.6082448959350586
07167500,0.5925179719924927
07180500,0.6925448775291443
07184000,0.7794973850250244
07195800,0.22034144401550293
07196900,0.42749541997909546
07197000,0.7216694951057434
07208500,0.20625919103622437
07261000,0.8964985609054565
07263295,0.5350086092948914
07291000,0.6150902509689331
07299670,0.3233073353767395
07301410,-0.1904088258743286
07315200,0.37837690114974976
07315700,0.4935303330421448
07335700,0.5130655169487
07340300,0.7056800723075867
07346045,0.7404286861419678
07359610,0.5876933336257935
07362100,0.5389796495437622
07362587,0.35296690464019775
07375000,0.2832047939300537
08013000,0.8041906356811523
08014500,0.6283301115036011
08023080,0.2772136330604553
08050800,0.7330002188682556
08066200,0.42547833919525146
08066300,0.4400271773338318
08070000,0.5514864921569824
08070200,0.6336245536804199
08082700,0.12588095664978027
08086212,0.4608188271522522
08086290,-0.4977520704269409
08101000,0.38947194814682007
08103900,0.6611719131469727
08104900,0.26110410690307617
08109700,0.5829135775566101
08150800,-0.07372605800628662
08158700,0.5416407585144043
08158810,0.435055673122406
08164300,0.37511974573135376
08164600,0.24023735523223877
08165300,-6.587187767028809
08171300,0.33220428228378296
08175000,0.4176632761955261
08176900,-0.08951473236083984
08178880,-0.33800554275512695
08189500,-0.027549386024475098
08190000,-0.5785502195358276
08190500,-0.05234503746032715
08194200,-1.8089029788970947
08195000,-0.24255430698394775
08196000,0.127332866191864
08198500,-0.021393537521362305
08200000,-0.06616580486297607
08202700,0.16786235570907593
08267500,-0.02310645580291748
08269000,-0.0030851364135742188
08271000,0.14402127265930176
08324000,0.4727194309234619
08377900,0.47002434730529785
08378500,0.5298981666564941
08380500,0.2507391571998596
09035800,0.7755123376846313
09035900,0.9186052083969116
09047700,0.8211097121238708
09065500,0.926289439201355
09066000,0.9099364280700684
09066200,0.8580345511436462
09066300,0.7885773777961731
09081600,0.8733663558959961
09107000,0.8483208417892456
09210500,0.6193162798881531
09223000,0.8326846361160278
09306242,-1.284649133682251
09312600,0.4868922233581543
09352900,0.5906583070755005
09378170,0.27437126636505127
09386900,-0.17423152923583984
09404450,-0.40155112743377686
09430600,0.013227999210357666
09447800,-6.908929347991943
09484600,-0.31239140033721924
09492400,0.4041481018066406
09494000,0.4523335099220276
09497980,0.48288828134536743
09505350,0.2525368928909302
09505800,0.39703571796417236
09508300,0.21560150384902954
09510200,0.2666087746620178
09512280,0.21817398071289062
09513780,0.1754922866821289
10234500,0.39672648906707764
10244950,-1.0428392887115479
10259000,0.4530261754989624
10336645,0.7595888376235962
10336660,0.9092682600021362
10343500,0.14460915327072144
11124500,0.554421067237854
11141280,0.00019085407257080078
11143000,0.5309565663337708
11148900,0.41956526041030884
11151300,-2.7758195400238037
11176400,0.46578556299209595
11230500,0.13459980487823486
11237500,0.7970722913742065
11264500,0.8774290084838867
11266500,0.9521275758743286
11284400,0.32147377729415894
11381500,0.4877476692199707
11451100,0.7565227746963501
11468500,0.8658453822135925
11473900,0.6829991340637207
11475560,0.7583063840866089
11476600,0.752970814704895
11478500,0.6802732944488525
11480390,0.59004145860672
11481200,0.793135941028595
11482500,0.8433300852775574
11522500,0.7515550851821899
11523200,0.8701184391975403
11528700,0.7600641846656799
11532500,0.8720526695251465
12010000,0.8481032848358154
12013500,0.7782865166664124
12020000,0.28140729665756226
12025700,0.8387196063995361
12035000,0.7931420207023621
12040500,0.6655069589614868
12041200,0.6602210998535156
12048000,0.674222469329834
12054000,0.7853730916976929
12056500,0.5847987532615662
12073500,0.7356629967689514
12082500,0.691642165184021
12092000,0.6847447752952576
12114500,0.6731730699539185
12115000,0.7214106321334839
12117000,0.7385236024856567
12143600,0.6923747062683105
12144000,0.7096785306930542
12145500,0.8649927377700806
12147500,0.7094387412071228
12167000,0.5392253398895264
12175500,0.8334828615188599
12178100,0.731967568397522
12186000,0.6853945255279541
12189500,0.5715197920799255
12375900,0.7863325476646423
12377150,0.9119491577148438
12381400,0.8020261526107788
12383500,0.809839129447937
12390700,0.8044570088386536
12411000,0.5436343550682068
12447390,0.8621424436569214
12451000,0.8182889819145203
12488500,0.7475361824035645
13011500,0.9290208220481873
13011900,0.8240759372711182
13018300,0.6182354688644409
13023000,0.901978611946106
13161500,0.80674147605896
13235000,0.7743021845817566
13240000,0.5449650287628174
13313000,0.9408712983131409
13331500,0.8616504073143005
14020000,0.41111987829208374
14096850,-0.2266087532043457
14137000,0.7475331425666809
14138800,0.6434860825538635
14138870,0.7231059670448303
14138900,0.643647313117981
14139800,0.7293170690536499
14141500,0.6651727557182312
14154500,0.7811538577079773
14158790,0.5779157876968384
14166500,0.9031093120574951
14182500,0.622286319732666
14185000,0.7969236969947815
14185900,0.760603129863739
14187000,0.8792053461074829
14216500,0.6356817483901978
14222500,0.78958660364151
14236200,0.7527565956115723
14301000,0.8790221214294434
14303200,0.7327385544776917
14305500,0.7972880601882935
14306340,0.7708383202552795
14306500,0.8837316632270813
14308990,0.7810487747192383
14309500,0.7501304149627686
14316700,0.6554338932037354
14325000,0.6376346349716187
14362250,0.1451786756515503
14400000,0.7951123714447021
##ARM C3_s400
01022500,0.8282195925712585
01031500,0.849663496017456
01047000,0.8392902612686157
01052500,0.8165183663368225
01054200,0.6781606078147888
01055000,0.6724803447723389
01057000,0.6989392042160034
01073000,0.7666481137275696
01078000,0.8190948963165283
01123000,0.7816136479377747
01134500,0.7769583463668823
01137500,0.7469785213470459
01139000,0.7994505167007446
01139800,0.7923804521560669
01142500,0.6805285215377808
01144000,0.7813624739646912
01162500,0.7393962144851685
01169000,0.6923493146896362
01170100,0.7393409013748169
01181000,0.6924278736114502
01187300,0.8431309461593628
01195100,0.6257516741752625
01333000,0.47755640745162964
01350000,0.7603227496147156
01350080,0.31968849897384644
01350140,0.6069357395172119
01365000,0.7478563785552979
01411300,0.7728835344314575
01413500,0.5356936454772949
01414500,0.6811845302581787
01415000,0.6316583156585693
01423000,0.6279089450836182
01434025,0.6301960945129395
01435000,0.7172031998634338
01439500,0.767214298248291
01440000,0.8398467898368835
01440400,0.7426299452781677
01451800,0.7518616318702698
01466500,0.7238888144493103
01484100,0.6569329500198364
01487000,0.7510331869125366
01491000,0.7953385710716248
01510000,0.717521071434021
01516500,0.618603527545929
01518862,0.6809991598129272
01532000,0.7573028206825256
01539000,0.7744117379188538
01542810,0.7589501738548279
01543000,0.8791640996932983
01543500,0.8784295320510864
01544500,0.8598137497901917
01545600,0.7635179758071899
01547700,0.6787600517272949
01548500,0.8600050210952759
01549500,0.816489577293396
01550000,0.8145564794540405
01552000,0.7894757986068726
01552500,0.6770042181015015
01557500,0.8008260726928711
01567500,0.7676982879638672
01568000,0.7638946771621704
01580000,0.6031405329704285
01583500,0.498409628868103
01586610,0.6039475202560425
01591400,0.48466330766677856
01594950,0.7299478054046631
01596500,0.7590863704681396
01605500,0.5853239893913269
01606500,0.6877971887588501
01632000,0.4757305383682251
01632900,0.3767614960670471
01634500,0.6184306144714355
01638480,0.5388076901435852
01639500,0.6159622669219971
01644000,0.8274897336959839
01664000,0.8591351509094238
01666500,0.47804683446884155
01667500,0.6562581062316895
01669000,0.7748100757598877
01669520,0.8090108036994934
02011400,0.821962833404541
02013000,0.6022539138793945
02014000,0.765530526638031
02015700,0.648818850517273
02016000,0.7660855054855347
02017500,0.5979046821594238
02018000,0.7227382063865662
02027000,0.6691359281539917
02027500,0.5585291385650635
02028500,0.7905505299568176
02038850,0.6231993436813354
02046000,0.7742092609405518
02051500,0.8106653690338135
02053200,0.7172417640686035
02053800,0.8192926645278931
02055100,0.6804311275482178
02056900,0.7720351219177246
02059500,0.6602910757064819
02064000,0.7938393354415894
02065500,0.3918185234069824
02069700,0.5602070093154907
02070000,0.6031796336174011
02074500,0.40956640243530273
02077200,0.6572768688201904
02081500,0.6959089636802673
02082950,0.7497268915176392
02092500,0.9141960740089417
02096846,0.4592873454093933
02102908,0.7418143153190613
02108000,0.8009898662567139
02111180,0.5947932600975037
02111500,0.5738784074783325
02112120,0.5307884216308594
02112360,0.7031081318855286
02118500,0.5199847221374512
02125000,0.817498505115509
02128000,0.674146294593811
02137727,0.7002410888671875
02140991,0.4895612597465515
02143000,0.6698567867279053
02143040,0.5049603581428528
02149000,0.6901713609695435
02152100,0.5997403264045715
02177000,0.6682579517364502
02178400,0.7206462621688843
02193340,0.8159421682357788
02196000,0.7306474447250366
02198100,0.6133946180343628
02202600,0.8042961359024048
02212600,0.632304847240448
02215100,0.733063817024231
02216180,0.6256638169288635
02221525,0.4380432963371277
02231000,0.8746504783630371
02245500,0.19683527946472168
02246000,0.8236334323883057
02296500,0.4047444462776184
02297155,-10.433011054992676
02297310,-1.391592264175415
02298123,0.6056182384490967
02298608,0.4263728857040405
02299950,0.413896381855011
02300700,0.15758037567138672
02342933,0.40699905157089233
02349900,0.5395565032958984
02350900,0.8057228326797485
02361000,0.7869380116462708
02363000,0.7662551403045654
02369800,0.5790867805480957
02371500,0.5707952976226807
02372250,0.5044510364532471
02374500,0.26351457834243774
02381600,0.4265033006668091
02384540,0.6694257259368896
02395120,-0.27758824825286865
02415000,0.613728404045105
02427250,0.740651547908783
02430085,0.745564341545105
02450250,0.5584695339202881
02464000,0.7388932108879089
02464360,0.6819114685058594
02465493,-0.10041248798370361
02469800,0.7858582735061646
02472000,0.8117015361785889
02472500,0.6660720705986023
02479155,0.5600076913833618
02479300,0.8271468877792358
02479560,0.7135636806488037
02481000,0.40599524974823
02481510,0.6956872940063477
03010655,0.8087979555130005
03011800,0.7513967156410217
03015500,0.7301034927368164
03021350,0.722052812576294
03026500,0.7906596660614014
03028000,0.8087015151977539
03049000,0.7846834063529968
03049800,0.6005024909973145
03050000,0.8152483105659485
03069500,0.8194048404693604
03070500,0.7583414316177368
03076600,0.6953111290931702
03078000,0.7539951801300049
03140000,0.8002321720123291
03144000,0.8257761597633362
03170000,0.770179271697998
03173000,0.7405846118927002
03180500,0.7843739986419678
03182500,0.7660467028617859
03186500,0.8060104250907898
03237280,0.6469805240631104
03237500,0.6831319332122803
03238500,0.657530665397644
03241500,0.729329526424408
03280700,0.7458689212799072
03281500,0.8294779658317566
03285000,0.6682683825492859
03291780,0.5911873579025269
03338780,0.5682729482650757
03340800,0.7420651912689209
03346000,0.7773944139480591
03364500,0.5833652019500732
03366500,0.5775066018104553
03368000,0.7383843660354614
03384450,0.6329455375671387
03439000,0.659183144569397
03455500,0.2883666753768921
03456500,0.46808457374572754
03460000,0.7249072194099426
03463300,0.5472759008407593
03471500,0.6501234173774719
03473000,0.7814831733703613
03479000,0.4951361417770386
03488000,0.7516136765480042
03498500,0.7254719734191895
03500000,0.7729712724685669
03500240,0.5166654586791992
03504000,0.6440458297729492
03574500,0.7098628282546997
03592718,0.4206204414367676
03604000,0.6255267262458801
04015330,0.6396490931510925
04024430,0.36601901054382324
04027000,0.43739545345306396
04040500,0.7060564756393433
04043050,0.7221720218658447
04045500,0.843806266784668
04057510,0.6572949290275574
04057800,0.34724336862564087
04059500,0.8395870923995972
04063700,0.5549520254135132
04074950,0.85028475522995
04105700,-0.6537297964096069
04115265,0.6712901592254639
04122200,0.8169296979904175
04122500,0.7231216430664062
04127918,0.5645197033882141
04127997,0.6675731539726257
04161580,0.7568679451942444
04185000,0.5932732820510864
04196800,0.4166063070297241
04197100,0.41459888219833374
04197170,0.6874308586120605
04213000,0.6055141091346741
04213075,0.32307642698287964
04216418,0.6560536623001099
04221000,0.7915462255477905
04224775,0.7779033780097961
04233000,0.7594875693321228
04256000,0.769138514995575
04296000,0.7072128057479858
05057200,0.14920973777770996
05120500,-58.64775085449219
05291000,0.1969318389892578
05362000,0.8455920815467834
05393500,0.8787878751754761
05399500,0.7567735910415649
05408000,0.8180203437805176
05413500,0.8206961750984192
05414000,0.519813060760498
05444000,0.38686174154281616
05454000,0.42335420846939087
05458000,0.6645164489746094
05466500,-0.0299147367477417
05487980,0.6801272630691528
05488200,0.6488343477249146
05489000,0.430428147315979
05495000,0.43808895349502563
05495500,0.4711223840713501
05501000,0.7308181524276733
05503800,0.8494133353233337
05507600,0.7240694761276245
05508805,0.8146922588348389
05525500,0.7781197428703308
05556500,0.7845907211303711
05584500,-0.16519927978515625
05591550,0.7579898238182068
05592050,0.6462286114692688
05592575,0.7267991304397583
05593575,0.7465683221817017
05593900,0.703710675239563
05595730,0.7584180235862732
06221400,0.9044488668441772
06224000,0.8854271769523621
06278300,0.6997543573379517
06280300,0.8639959692955017
06289000,0.6008007526397705
06291500,0.5354713201522827
06311000,0.7404376268386841
06332515,-0.6636044979095459
06339100,0.5948827862739563
06344600,-0.3950655460357666
06350000,-1.0198864936828613
06352000,0.06997013092041016
06404000,0.7572235465049744
06406000,0.027341723442077637
06409000,-3.2774548530578613
06431500,0.6206790208816528
06440200,0.24549657106399536
06447500,-0.3676755428314209
06470800,0.6907228231430054
06477500,-1.7686161994934082
06479215,0.23726791143417358
06601000,0.42523717880249023
06614800,0.7489938735961914
06622700,0.6298353672027588
06623800,0.8432478904724121
06632400,0.822715163230896
06746095,0.7220437526702881
06803510,0.6784119606018066
06803530,0.7099896669387817
06814000,0.6385638117790222
06847900,-0.5223275423049927
06853800,0.3373432159423828
06876700,0.5279220342636108
06878000,0.6644895076751709
06879650,0.5711750984191895
06885500,0.8047415018081665
06888500,0.6812737584114075
06889200,0.7440849542617798
06889500,0.7028446197509766
06892000,0.8085588812828064
06903400,0.41928189992904663
06906800,0.7316702604293823
06910800,0.7532936930656433
06911900,0.7571220397949219
06917000,0.7506751418113708
06918460,0.08331817388534546
06919500,0.8453338742256165
06921070,0.4930575489997864
06921200,0.5542502403259277
07057500,0.9305016994476318
07060710,0.6950407028198242
07066000,0.8264331817626953
07083000,0.8220458030700684
07142300,0.06320476531982422
07145700,0.6989089250564575
07167500,0.6425718665122986
07180500,0.6495769023895264
07184000,0.5740387439727783
07195800,-0.09849786758422852
07196900,0.5840506553649902
07197000,0.7533431053161621
07208500,0.44723641872406006
07261000,0.8493261337280273
07263295,0.5882969498634338
07291000,0.6262670159339905
07299670,0.331537127494812
07301410,-0.29292917251586914
07315200,0.4691002368927002
07315700,0.6314945220947266
07335700,0.5800241827964783
07340300,0.7942137718200684
07346045,0.749550998210907
07359610,0.7049456834793091
07362100,0.3881756663322449
07362587,0.3749638795852661
07375000,0.4454973340034485
08013000,0.8250763416290283
08014500,0.620043158531189
08023080,-0.001604318618774414
08050800,0.7132620215415955
08066200,0.6667182445526123
08066300,0.4501488208770752
08070000,0.13487553596496582
08070200,0.1788884997367859
08082700,0.17819571495056152
08086212,0.5335764288902283
08086290,0.5749945640563965
08101000,0.3253192901611328
08103900,0.6240570545196533
08104900,0.6146223545074463
08109700,0.4970695972442627
08150800,-3.1830763816833496
08158700,0.46863484382629395
08158810,0.6223151683807373
08164300,0.36212682723999023
08164600,0.5604782104492188
08165300,-6.8953680992126465
08171300,0.6877123117446899
08175000,0.2677018642425537
08176900,0.017240285873413086
08178880,-0.8071681261062622
08189500,-0.14770615100860596
08190000,-0.8115828037261963
08190500,-0.10374319553375244
08194200,-1.6689729690551758
08195000,-0.8351826667785645
08196000,0.13372725248336792
08198500,0.059296250343322754
08200000,0.25087153911590576
08202700,0.14893341064453125
08267500,0.25235289335250854
08269000,0.510967493057251
08271000,0.4733797311782837
08324000,0.44603216648101807
08377900,0.7028719186782837
08378500,0.7883753776550293
08380500,0.44684046506881714
09035800,0.7785855531692505
09035900,0.857445240020752
09047700,0.7212216258049011
09065500,0.904312789440155
09066000,0.7538602352142334
09066200,0.9085463881492615
09066300,0.8711134791374207
09081600,0.8794054388999939
09107000,0.8585166335105896
09210500,-0.5634998083114624
09223000,0.4772975444793701
09306242,-0.8220363855361938
09312600,0.7414256930351257
09352900,0.7081722021102905
09378170,0.09342634677886963
09386900,-0.13212049007415771
09404450,-2.1325700283050537
09430600,0.03621703386306763
09447800,-7.142993927001953
09484600,-0.30502426624298096
09492400,0.30976784229278564
09494000,0.6740072965621948
09497980,0.1727009415626526
09505350,-0.03772878646850586
09505800,-0.5496257543563843
09508300,0.29658371210098267
09510200,0.3240467309951782
09512280,0.3323361277580261
09513780,0.21381384134292603
10234500,0.481937050819397
10244950,-2.102208375930786
10259000,0.4580304026603699
10336645,0.8403770923614502
10336660,0.9013252258300781
10343500,0.2291598916053772
11124500,0.8067885041236877
11141280,-1.8941800594329834
11143000,-0.05773437023162842
11148900,0.30431514978408813
11151300,-5.169679641723633
11176400,0.5194205045700073
11230500,0.15817898511886597
11237500,0.6626040935516357
11264500,0.9067455530166626
11266500,0.9410742521286011
11284400,0.24661284685134888
11381500,0.4713897705078125
11451100,0.5673767924308777
11468500,0.8224692344665527
11473900,0.6937713623046875
11475560,0.5862913131713867
11476600,0.7841625213623047
11478500,0.5977830290794373
11480390,0.3113107681274414
11481200,0.8111277222633362
11482500,0.8273208141326904
11522500,0.6947337985038757
11523200,0.7607935667037964
11528700,0.5724168419837952
11532500,0.8933146595954895
12010000,0.8317304849624634
12013500,0.7943854331970215
12020000,0.247303307056427
12025700,0.8481003642082214
12035000,0.738293468952179
12040500,0.6939471960067749
12041200,0.6516574621200562
12048000,0.7008286118507385
12054000,0.7185158133506775
12056500,0.5676928758621216
12073500,0.741613507270813
12082500,0.7535362243652344
12092000,0.7488640546798706
12114500,0.6015644669532776
12115000,0.6586123704910278
12117000,0.7342226505279541
12143600,0.6629827618598938
12144000,0.7338871955871582
12145500,0.8405801057815552
12147500,0.7250655889511108
12167000,0.5622471570968628
12175500,0.7047264575958252
12178100,0.7425538897514343
12186000,0.7022191286087036
12189500,0.6669487357139587
12375900,0.7936490178108215
12377150,0.8971022367477417
12381400,0.8670568466186523
12383500,0.902167797088623
12390700,0.8728396892547607
12411000,0.6365498304367065
12447390,0.699902355670929
12451000,0.8598998785018921
12488500,0.739301323890686
13011500,0.823015034198761
13011900,0.7656422257423401
13018300,0.5047941207885742
13023000,0.8587461709976196
13161500,0.708885908126831
13235000,0.8184203505516052
13240000,0.8411905169487
13313000,0.9227260947227478
13331500,0.8551896214485168
14020000,0.42609548568725586
14096850,-0.5287779569625854
14137000,0.6957205533981323
14138800,0.6591917276382446
14138870,0.7262886762619019
14138900,0.650587797164917
14139800,0.7417811155319214
14141500,0.7095538377761841
14154500,0.8211936950683594
14158790,0.641472339630127
14166500,0.8892772197723389
14182500,0.6881152987480164
14185000,0.8302202820777893
14185900,0.7812169194221497
14187000,0.8656368255615234
14216500,0.6505773067474365
14222500,0.7505297660827637
14236200,0.7393906116485596
14301000,0.8790492415428162
14303200,0.7242118716239929
14305500,0.7798044681549072
14306340,0.8421536087989807
14306500,0.8800507187843323
14308990,0.8614063262939453
14309500,0.7446765899658203
14316700,0.7905858755111694
14325000,0.644865870475769
14362250,0.19820904731750488
14400000,0.8074623942375183
##ARM C3_s500
01022500,0.770773708820343
01031500,0.8469168543815613
01047000,0.7166393995285034
01052500,0.817255973815918
01054200,0.4834796190261841
01055000,0.5555256009101868
01057000,0.5628979206085205
01073000,0.7664046883583069
01078000,0.7192693948745728
01123000,0.744044840335846
01134500,0.7244358658790588
01137500,0.6480391621589661
01139000,0.7157069444656372
01139800,0.7076703310012817
01142500,0.5370649099349976
01144000,0.7747915983200073
01162500,0.6166329979896545
01169000,0.6285074949264526
01170100,0.6513577699661255
01181000,0.5115576982498169
01187300,0.7558026313781738
01195100,0.6111335754394531
01333000,0.49821144342422485
01350000,0.6713043451309204
01350080,0.6789218187332153
01350140,0.635627031326294
01365000,0.6043627262115479
01411300,0.5600130558013916
01413500,-0.00042128562927246094
01414500,0.4314189553260803
01415000,0.5414013266563416
01423000,0.5665919184684753
01434025,0.25370728969573975
01435000,0.64665687084198
01439500,0.7625571489334106
01440000,0.7564564347267151
01440400,0.721572995185852
01451800,0.7260103821754456
01466500,0.7703600525856018
01484100,0.6884844303131104
01487000,0.795931339263916
01491000,0.8090146780014038
01510000,0.7599840760231018
01516500,0.6056434512138367
01518862,0.6658815145492554
01532000,0.7590382099151611
01539000,0.8570380210876465
01542810,0.7071154713630676
01543000,0.8342573642730713
01543500,0.877791702747345
01544500,0.8367787599563599
01545600,0.7660080194473267
01547700,0.6296637654304504
01548500,0.8454494476318359
01549500,0.7894492149353027
01550000,0.8285361528396606
01552000,0.8255547881126404
01552500,0.668325662612915
01557500,0.8292686939239502
01567500,0.6873296499252319
01568000,0.8615242838859558
01580000,0.5966277122497559
01583500,0.4586198329925537
01586610,0.3384339213371277
01591400,-0.21620464324951172
01594950,0.7570502758026123
01596500,0.7592324018478394
01605500,0.7006014585494995
01606500,0.7713784575462341
01632000,0.505058765411377
01632900,0.5888075232505798
01634500,0.6696597933769226
01638480,0.6309612393379211
01639500,0.6823877096176147
01644000,0.809361457824707
01664000,0.8025572896003723
01666500,0.49795299768447876
01667500,0.7129638195037842
01669000,0.8114616274833679
01669520,0.611066460609436
02011400,0.830512285232544
02013000,0.7498584985733032
02014000,0.8094133138656616
02015700,0.648526668548584
02016000,0.8027496933937073
02017500,0.6390947699546814
02018000,0.7286531925201416
02027000,0.7149597406387329
02027500,0.6496388912200928
02028500,0.765668511390686
02038850,0.6323145031929016
02046000,0.6496611833572388
02051500,0.7471766471862793
02053200,0.5979392528533936
02053800,0.7842604517936707
02055100,0.5115907788276672
02056900,0.7577780485153198
02059500,0.7003034353256226
02064000,0.8872714638710022
02065500,0.2939457893371582
02069700,0.5301359295845032
02070000,0.5840983390808105
02074500,0.42910563945770264
02077200,0.7089546918869019
02081500,0.6307480335235596
02082950,0.6846431493759155
02092500,0.8501114845275879
02096846,0.5510687828063965
02102908,0.6729135513305664
02108000,0.7515180110931396
02111180,0.6132136583328247
02111500,0.5099567174911499
02112120,0.4018065333366394
02112360,0.682826042175293
02118500,0.5591112375259399
02125000,0.6155112981796265
02128000,0.7502049207687378
02137727,0.5336372256278992
02140991,0.7180330753326416
02143000,0.7574347257614136
02143040,0.5175296068191528
02149000,0.7488402724266052
02152100,0.6216536164283752
02177000,0.5698527097702026
02178400,0.7342438697814941
02193340,0.7605863809585571
02196000,0.7521631717681885
02198100,0.7044196128845215
02202600,0.7681671380996704
02212600,0.5536512136459351
02215100,0.737442672252655
02216180,0.63097083568573
02221525,0.39029139280319214
02231000,0.9208524823188782
02245500,0.3913065791130066
02246000,0.6981357336044312
02296500,0.37578290700912476
02297155,-15.238544464111328
02297310,-2.184929609298706
02298123,0.6618075966835022
02298608,0.16923201084136963
02299950,0.43248480558395386
02300700,-0.053931236267089844
02342933,0.39851313829421997
02349900,0.3875577449798584
02350900,0.8130800127983093
02361000,0.693915605545044
02363000,0.6650973558425903
02369800,0.6283673644065857
02371500,0.48238497972488403
02372250,0.47366029024124146
02374500,-0.15879559516906738
02381600,0.22880250215530396
02384540,0.6466230154037476
02395120,-1.2756860256195068
02415000,0.460604190826416
02427250,0.5321362018585205
02430085,0.6482475996017456
02450250,0.1925731897354126
02464000,0.6381471157073975
02464360,0.6359736919403076
02465493,-1.2714133262634277
02469800,0.7741108536720276
02472000,0.795612096786499
02472500,0.5836042165756226
02479155,0.6235395669937134
02479300,0.7388582229614258
02479560,0.7161640524864197
02481000,0.42594754695892334
02481510,0.6880216002464294
03010655,0.7930296659469604
03011800,0.7132501602172852
03015500,0.761214554309845
03021350,0.7172783613204956
03026500,0.7759675979614258
03028000,0.7852277159690857
03049000,0.8093944787979126
03049800,0.6567596197128296
03050000,0.8481648564338684
03069500,0.808918297290802
03070500,0.7497075200080872
03076600,0.6897296905517578
03078000,0.7339885234832764
03140000,0.8139237761497498
03144000,0.7841956615447998
03170000,0.7835636734962463
03173000,0.8019854426383972
03180500,0.8188322186470032
03182500,0.8533696532249451
03186500,0.785094141960144
03237280,0.5097719430923462
03237500,0.6351220607757568
03238500,0.6556246876716614
03241500,0.8249210715293884
03280700,0.6203277111053467
03281500,0.7750210762023926
03285000,0.67341148853302
03291780,0.6394652128219604
03338780,0.42542171478271484
03340800,0.8349024057388306
03346000,0.7935673594474792
03364500,0.6906132102012634
03366500,0.5772160887718201
03368000,0.7158578634262085
03384450,0.7181201577186584
03439000,0.6443888545036316
03455500,0.18299251794815063
03456500,0.4632275104522705
03460000,0.7530746459960938
03463300,0.500792384147644
03471500,0.7038605213165283
03473000,0.8524948954582214
03479000,0.4803696870803833
03488000,0.818899929523468
03498500,0.6432874202728271
03500000,0.6845303773880005
03500240,0.045079827308654785
03504000,0.5628814697265625
03574500,0.7031278610229492
03592718,0.22657626867294312
03604000,0.6469852924346924
04015330,0.49434614181518555
04024430,0.3542860746383667
04027000,0.26391810178756714
04040500,0.6048671007156372
04043050,0.817306399345398
04045500,0.778657853603363
04057510,0.7304824590682983
04057800,-0.17307734489440918
04059500,0.795464038848877
04063700,0.5976258516311646
04074950,0.6767474412918091
04105700,-0.023229241371154785
04115265,0.6900145411491394
04122200,0.8340585231781006
04122500,0.7135705947875977
04127918,0.6945185661315918
04127997,0.7657686471939087
04161580,0.7312774658203125
04185000,0.7774004936218262
04196800,0.5774402618408203
04197100,0.7311370372772217
04197170,0.7679612636566162
04213000,0.6635480523109436
04213075,0.428497850894928
04216418,0.6875267624855042
04221000,0.7526003122329712
04224775,0.7365618944168091
04233000,0.7644896507263184
04256000,0.6928689479827881
04296000,0.7006700038909912
05057200,0.2423321008682251
05120500,-50.904483795166016
05291000,0.4154179096221924
05362000,0.7561443448066711
05393500,0.7740382552146912
05399500,0.5369161367416382
05408000,0.8984357714653015
05413500,0.7975950241088867
05414000,0.5443023443222046
05444000,0.3283182382583618
05454000,0.4434266686439514
05458000,0.748629629611969
05466500,0.2534821033477783
05487980,0.6718719005584717
05488200,0.6212931871414185
05489000,0.5018842220306396
05495000,0.6168076992034912
05495500,0.5220709443092346
05501000,0.7415957450866699
05503800,0.8201797008514404
05507600,0.7878634333610535
05508805,0.7385212182998657
05525500,0.8374738693237305
05556500,0.7270201444625854
05584500,0.13049441576004028
05591550,0.7389639616012573
05592050,0.6730127930641174
05592575,0.5759154558181763
05593575,0.7600386142730713
05593900,0.7025096416473389
05595730,0.7797237634658813
06221400,0.8757574558258057
06224000,0.9056007862091064
06278300,0.8501031398773193
06280300,0.8876562118530273
06289000,0.5144355297088623
06291500,0.5004997253417969
06311000,0.6558741331100464
06332515,-0.3769646883010864
06339100,0.3774353265762329
06344600,-0.35722172260284424
06350000,-1.162222146987915
06352000,-0.20260870456695557
06404000,0.7782888412475586
06406000,-0.2099456787109375
06409000,0.0487746000289917
06431500,0.4606112241744995
06440200,0.3817477822303772
06447500,-0.7066299915313721
06470800,0.5710866451263428
06477500,-2.047600030899048
06479215,0.4043107032775879
06601000,0.4995166063308716
06614800,0.7505031824111938
06622700,0.7139588594436646
06623800,0.817514181137085
06632400,0.8481757044792175
06746095,0.7503518462181091
06803510,0.6268253922462463
06803530,0.6572874188423157
06814000,0.6730508804321289
06847900,-0.5085822343826294
06853800,0.3841683268547058
06876700,0.44570016860961914
06878000,0.7594004273414612
06879650,0.3729223608970642
06885500,0.7803422808647156
06888500,0.742582380771637
06889200,0.6620441675186157
06889500,0.683264970779419
06892000,0.7357394695281982
06903400,0.4103568196296692
06906800,0.6432764530181885
06910800,0.7861270904541016
06911900,0.540184736251831
06917000,0.6505330801010132
06918460,0.3048769235610962
06919500,0.7665227651596069
06921070,0.5462130308151245
06921200,0.5589333772659302
07057500,0.8706045746803284
07060710,0.6321339011192322
07066000,0.8769819140434265
07083000,0.9023275375366211
07142300,-0.8892860412597656
07145700,0.7454667687416077
07167500,0.6754631400108337
07180500,0.6500563621520996
07184000,0.5715309381484985
07195800,-0.3999061584472656
07196900,0.6978616714477539
07197000,0.7715488076210022
07208500,0.35754722356796265
07261000,0.8101179599761963
07263295,0.6484260559082031
07291000,0.6591243743896484
07299670,0.49764758348464966
07301410,-0.25074899196624756
07315200,0.457206130027771
07315700,0.5163960456848145
07335700,0.5926224589347839
07340300,0.5841948986053467
07346045,0.43348532915115356
07359610,0.534772515296936
07362100,0.20529377460479736
07362587,0.4666537046432495
07375000,0.36309415102005005
08013000,0.7511834502220154
08014500,0.4915412664413452
08023080,0.23867851495742798
08050800,0.584435224533081
08066200,0.6603983640670776
08066300,0.4418680667877197
08070000,0.3104596734046936
08070200,0.3637818694114685
08082700,0.22167789936065674
08086212,0.5695002675056458
08086290,0.16584694385528564
08101000,0.6506184339523315
08103900,0.49939966201782227
08104900,0.25347238779067993
08109700,0.5238121747970581
08150800,0.5512169003486633
08158700,0.6453995704650879
08158810,0.5070973634719849
08164300,0.46954429149627686
08164600,0.47149658203125
08165300,-3.326263427734375
08171300,0.5876123905181885
08175000,0.583845853805542
08176900,-0.23008811473846436
08178880,0.1440322995185852
08189500,0.3877483010292053
08190000,0.15423065423965454
08190500,-0.4642970561981201
08194200,-0.17408287525177002
08195000,0.25028324127197266
08196000,0.33765894174575806
08198500,0.13854724168777466
08200000,0.31591087579727173
08202700,0.1262248158454895
08267500,0.0500410795211792
08269000,0.032708823680877686
08271000,0.32477712631225586
08324000,0.4551072120666504
08377900,0.7498098611831665
08378500,0.6432695388793945
08380500,0.027835309505462646
09035800,0.8365517258644104
09035900,0.942710816860199
09047700,0.8430814146995544
09065500,0.8945654630661011
09066000,0.8057128190994263
09066200,0.8846845626831055
09066300,0.8678019046783447
09081600,0.9082775115966797
09107000,0.8879661560058594
09210500,0.8179168105125427
09223000,0.829306423664093
09306242,-1.1679654121398926
09312600,0.43935585021972656
09352900,0.6695039868354797
09378170,-0.7996453046798706
09386900,-0.18657171726226807
09404450,-1.385437250137329
09430600,0.04144155979156494
09447800,-8.008048057556152
09484600,-0.23852896690368652
09492400,0.14061421155929565
09494000,0.28164952993392944
09497980,0.4865036606788635
09505350,0.33270084857940674
09505800,0.3566972613334656
09508300,0.1069650650024414
09510200,0.30668389797210693
09512280,0.15634173154830933
09513780,0.18390071392059326
10234500,0.05699729919433594
10244950,-1.4800117015838623
10259000,0.33135151863098145
10336645,0.7711097002029419
10336660,0.9115490317344666
10343500,-0.4363600015640259
11124500,0.6920455694198608
11141280,0.225472092628479
11143000,0.6769570708274841
11148900,0.471263587474823
11151300,0.021009624004364014
11176400,0.3703618049621582
11230500,0.6618435382843018
11237500,0.7589284181594849
11264500,0.9196252822875977
11266500,0.9477910399436951
11284400,0.42443370819091797
11381500,0.5709034204483032
11451100,0.6637717485427856
11468500,0.8485081791877747
11473900,0.6064162254333496
11475560,0.8069047331809998
11476600,0.8319582939147949
11478500,0.6813615560531616
11480390,0.5243406295776367
11481200,0.817885160446167
11482500,0.844086766242981
11522500,0.6684659123420715
11523200,0.624295175075531
11528700,0.670445442199707
11532500,0.8596934080123901
12010000,0.8231379389762878
12013500,0.7850289344787598
12020000,0.27771490812301636
12025700,0.7950571179389954
12035000,0.7619154453277588
12040500,0.6564309000968933
12041200,0.6760077476501465
12048000,0.40897583961486816
12054000,0.6487912535667419
12056500,0.5695470571517944
12073500,0.6998645067214966
12082500,0.6498452425003052
12092000,0.6782736778259277
12114500,0.6257836818695068
12115000,0.6596524715423584
12117000,0.7273374795913696
12143600,0.6932138204574585
12144000,0.7189650535583496
12145500,0.8416656851768494
12147500,0.6295138597488403
12167000,0.5603502988815308
12175500,0.7756158113479614
12178100,0.7156229615211487
12186000,0.7044601440429688
12189500,0.6922227144241333
12375900,0.8268805146217346
12377150,0.9358025193214417
12381400,0.8941255807876587
12383500,0.916467547416687
12390700,0.82184237241745
12411000,0.6160609722137451
12447390,0.7130000591278076
12451000,0.8653491139411926
12488500,0.5395938158035278
13011500,0.8960954546928406
13011900,0.845150351524353
13018300,0.5980383157730103
13023000,0.9161081314086914
13161500,0.5764669179916382
13235000,0.7855956554412842
13240000,0.9037525653839111
13313000,0.8925628662109375
13331500,0.8024619817733765
14020000,0.45258307456970215
14096850,-0.26296794414520264
14137000,0.7022789716720581
14138800,0.6568577289581299
14138870,0.7393308281898499
14138900,0.6594829559326172
14139800,0.7285242676734924
14141500,0.701595664024353
14154500,0.7767726182937622
14158790,0.5434457063674927
14166500,0.882211446762085
14182500,0.611845850944519
14185000,0.7812401652336121
14185900,0.7185754776000977
14187000,0.8606466054916382
14216500,0.6381140947341919
14222500,0.767958402633667
14236200,0.7220494151115417
14301000,0.8770038485527039
14303200,0.6990963816642761
14305500,0.7940906286239624
14306340,0.8246379494667053
14306500,0.8822311758995056
14308990,0.7588305473327637
14309500,0.7689177393913269
14316700,0.7039108276367188
14325000,0.723251461982727
14362250,0.07468909025192261
14400000,0.752819836139679
##ARM C3_s600
01022500,0.7142243385314941
01031500,0.7766064405441284
01047000,0.6823247075080872
01052500,0.8029693961143494
01054200,0.409110426902771
01055000,0.5560367107391357
01057000,0.690058171749115
01073000,0.7003942728042603
01078000,0.8189542293548584
01123000,0.7692899107933044
01134500,0.7569465637207031
01137500,0.6992419958114624
01139000,0.6998456716537476
01139800,0.6880285739898682
01142500,0.5633567571640015
01144000,0.7078794240951538
01162500,0.7654518485069275
01169000,0.584739089012146
01170100,0.6710079312324524
01181000,0.5713239312171936
01187300,0.7409940958023071
01195100,0.6908280253410339
01333000,0.3689817190170288
01350000,0.735400915145874
01350080,0.7589974999427795
01350140,0.6806221008300781
01365000,0.6736260652542114
01411300,0.7747700810432434
01413500,0.6660493612289429
01414500,0.6170164346694946
01415000,0.5727835893630981
01423000,0.6757882833480835
01434025,0.6586617231369019
01435000,0.6560088396072388
01439500,0.7138774394989014
01440000,0.8102699518203735
01440400,0.6981377005577087
01451800,0.7054241895675659
01466500,0.7992627620697021
01484100,0.7020105123519897
01487000,0.8397536873817444
01491000,0.7393091320991516
01510000,0.7036325931549072
01516500,0.5609658360481262
01518862,0.6576255559921265
01532000,0.7297689914703369
01539000,0.7947586178779602
01542810,0.7555286884307861
01543000,0.8538750410079956
01543500,0.8348751068115234
01544500,0.863258957862854
01545600,0.833522379398346
01547700,0.6157846450805664
01548500,0.849640965461731
01549500,0.7193637490272522
01550000,0.7454845905303955
01552000,0.7821395397186279
01552500,0.6516144275665283
01557500,0.7524561285972595
01567500,0.7774083614349365
01568000,0.7995986938476562
01580000,0.5825241804122925
01583500,0.4279627203941345
01586610,0.6173945069313049
01591400,0.4185642600059509
01594950,0.7638130784034729
01596500,0.6964889764785767
01605500,0.5531371235847473
01606500,0.703880786895752
01632000,0.48278576135635376
01632900,0.6603366136550903
01634500,0.5230069160461426
01638480,0.5502787828445435
01639500,0.6214781999588013
01644000,0.8343459367752075
01664000,0.8647582530975342
01666500,0.4141208529472351
01667500,0.627149224281311
01669000,0.8337986469268799
01669520,0.8077449202537537
02011400,0.8188527226448059
02013000,0.7579866647720337
02014000,0.8144531846046448
02015700,0.6121096014976501
02016000,0.8283998370170593
02017500,0.6384826898574829
02018000,0.7226060032844543
02027000,0.6276484727859497
02027500,0.6533877849578857
02028500,0.7120679020881653
02038850,0.642189621925354
02046000,0.7853906750679016
02051500,0.8220353126525879
02053200,0.7716206312179565
02053800,0.7719770073890686
02055100,0.6922961473464966
02056900,0.7901638746261597
02059500,0.6813627481460571
02064000,0.8282188177108765
02065500,0.2635815739631653
02069700,0.502826452255249
02070000,0.6046872138977051
02074500,0.5587500333786011
02077200,0.6739219427108765
02081500,0.7221629619598389
02082950,0.7879725098609924
02092500,0.9150723218917847
02096846,0.5876407623291016
02102908,0.6832045316696167
02108000,0.8373107314109802
02111180,0.6501362323760986
02111500,0.6134868860244751
02112120,0.532459020614624
02112360,0.7134357690811157
02118500,0.4894334077835083
02125000,0.7654352784156799
02128000,0.7489129304885864
02137727,0.5879862308502197
02140991,0.6906222105026245
02143000,0.7095983028411865
02143040,0.4904903769493103
02149000,0.6586872339248657
02152100,0.582943320274353
02177000,0.656295895576477
02178400,0.6624354124069214
02193340,0.7482167482376099
02196000,0.8111199140548706
02198100,0.7136935591697693
02202600,0.8927592039108276
02212600,0.5885193943977356
02215100,0.8798993825912476
02216180,0.6510872840881348
02221525,0.42214834690093994
02231000,0.8513795733451843
02245500,0.4905785918235779
02246000,0.8660705089569092
02296500,0.5137345790863037
02297155,-18.218524932861328
02297310,-3.1258902549743652
02298123,0.7307995557785034
02298608,-0.254306435585022
02299950,0.20827466249465942
02300700,-0.11319863796234131
02342933,0.458743155002594
02349900,0.4280453324317932
02350900,0.8355292677879333
02361000,0.8077717423439026
02363000,0.7515953183174133
02369800,0.6145574450492859
02371500,0.5417691469192505
02372250,0.556631326675415
02374500,0.40519970655441284
02381600,-0.12028181552886963
02384540,0.7029409408569336
02395120,-0.3655456304550171
02415000,0.7275781631469727
02427250,0.6957401633262634
02430085,0.668979287147522
02450250,0.5112214088439941
02464000,0.6549212336540222
02464360,0.6781023740768433
02465493,-0.23335623741149902
02469800,0.7853487133979797
02472000,0.8138725161552429
02472500,0.6484853029251099
02479155,0.6626865267753601
02479300,0.7905774712562561
02479560,0.6945486068725586
02481000,0.4652135372161865
02481510,0.7378056049346924
03010655,0.7625555992126465
03011800,0.7078540325164795
03015500,0.7879815101623535
03021350,0.6965388059616089
03026500,0.7842451333999634
03028000,0.7805622816085815
03049000,0.7581579685211182
03049800,0.6115665435791016
03050000,0.8258774280548096
03069500,0.8547710180282593
03070500,0.7396395802497864
03076600,0.6319891810417175
03078000,0.7200361490249634
03140000,0.7941477298736572
03144000,0.807488739490509
03170000,0.7928450107574463
03173000,0.7719018459320068
03180500,0.788702666759491
03182500,0.8102715611457825
03186500,0.8117424845695496
03237280,0.5597488284111023
03237500,0.6720443964004517
03238500,0.6908435821533203
03241500,0.7856503129005432
03280700,0.6418603658676147
03281500,0.8113372921943665
03285000,0.6998981237411499
03291780,0.7118041515350342
03338780,0.46938300132751465
03340800,0.8095468878746033
03346000,0.7772860527038574
03364500,0.5553157925605774
03366500,0.5597496032714844
03368000,0.7394179701805115
03384450,0.5559430718421936
03439000,0.526266872882843
03455500,0.06372928619384766
03456500,0.44742274284362793
03460000,0.7184221744537354
03463300,0.5234757661819458
03471500,0.7540477514266968
03473000,0.7466295957565308
03479000,0.5062184929847717
03488000,0.7953686118125916
03498500,0.6906099915504456
03500000,0.737970232963562
03500240,0.36788642406463623
03504000,0.4923247694969177
03574500,0.7316423654556274
03592718,0.5546979308128357
03604000,0.6626020669937134
04015330,0.7641729712486267
04024430,0.26103562116622925
04027000,0.40594255924224854
04040500,0.7899172902107239
04043050,0.8156529068946838
04045500,0.8178742527961731
04057510,0.8085736632347107
04057800,0.2713587284088135
04059500,0.7531784772872925
04063700,0.3381679058074951
04074950,0.721548318862915
04105700,-1.4300453662872314
04115265,0.7026774883270264
04122200,0.7892126441001892
04122500,0.6995307803153992
04127918,0.5784215927124023
04127997,0.8092951774597168
04161580,0.785112202167511
04185000,0.6263514757156372
04196800,0.7375097274780273
04197100,0.578949511051178
04197170,0.7682032585144043
04213000,0.6348286867141724
04213075,0.45231056213378906
04216418,0.6940811276435852
04221000,0.804897129535675
04224775,0.739048957824707
04233000,0.758448600769043
04256000,0.7720435261726379
04296000,0.6698408126831055
05057200,0.2768549919128418
05120500,-35.27480697631836
05291000,0.3671395778656006
05362000,0.7789562940597534
05393500,0.7728548049926758
05399500,0.5253564119338989
05408000,0.714992880821228
05413500,0.5973775386810303
05414000,0.3661869168281555
05444000,0.43032050132751465
05454000,0.4008750915527344
05458000,0.5422453284263611
05466500,0.015864133834838867
05487980,0.7127146124839783
05488200,0.5855468511581421
05489000,0.6794796586036682
05495000,0.6188453435897827
05495500,0.5517889857292175
05501000,0.736141562461853
05503800,0.8264267444610596
05507600,0.8351450562477112
05508805,0.8719933032989502
05525500,0.7114943265914917
05556500,0.7090011239051819
05584500,0.25499725341796875
05591550,0.713478684425354
05592050,0.6867726445198059
05592575,0.6846835613250732
05593575,0.8135250806808472
05593900,0.574150800704956
05595730,0.7470400333404541
06221400,0.8530073165893555
06224000,0.8895830512046814
06278300,0.7107422351837158
06280300,0.786853551864624
06289000,0.363040030002594
06291500,0.4017297625541687
06311000,0.6125138998031616
06332515,-0.23598086833953857
06339100,0.2181980013847351
06344600,-0.8856079578399658
06350000,-0.899762749671936
06352000,-0.1095890998840332
06404000,0.7732345461845398
06406000,-0.06319785118103027
06409000,-3.1494364738464355
06431500,0.6165238618850708
06440200,0.49964582920074463
06447500,0.2927670478820801
06470800,0.32885652780532837
06477500,-0.9638059139251709
06479215,0.13210529088974
06601000,0.3122478723526001
06614800,0.8186069130897522
06622700,0.787536084651947
06623800,0.8603773713111877
06632400,0.8347715139389038
06746095,0.6740622520446777
06803510,0.4355389475822449
06803530,0.4971848130226135
06814000,0.7408310174942017
06847900,-1.1257939338684082
06853800,0.4434857964515686
06876700,0.5655073523521423
06878000,0.7888598442077637
06879650,0.3711715340614319
06885500,0.7812771797180176
06888500,0.748555064201355
06889200,0.5764836072921753
06889500,0.6226586103439331
06892000,0.5248572826385498
06903400,0.5963985919952393
06906800,0.6393816471099854
06910800,0.8192645311355591
06911900,0.6633162498474121
06917000,0.763250470161438
06918460,0.35030388832092285
06919500,0.7693880200386047
06921070,0.617241382598877
06921200,0.6115702390670776
07057500,0.8935574293136597
07060710,0.5281698703765869
07066000,0.805637001991272
07083000,0.8009730577468872
07142300,-0.6029744148254395
07145700,0.8356679081916809
07167500,0.6828765869140625
07180500,0.6344529390335083
07184000,0.6518247127532959
07195800,-0.08791780471801758
07196900,0.475186288356781
07197000,0.8190507292747498
07208500,0.07110798358917236
07261000,0.8213889598846436
07263295,0.6450088024139404
07291000,0.36933010816574097
07299670,-0.41384851932525635
07301410,-0.16818654537200928
07315200,-0.5555335283279419
07315700,0.46132218837738037
07335700,0.5838741660118103
07340300,0.8148458003997803
07346045,0.6796305179595947
07359610,0.6807879209518433
07362100,0.5452309846878052
07362587,0.4368829131126404
07375000,0.5470836162567139
08013000,0.7944656610488892
08014500,0.49561166763305664
08023080,0.36413949728012085
08050800,0.7323028445243835
08066200,0.5838531255722046
08066300,0.5465593934059143
08070000,0.4569646716117859
08070200,0.45110154151916504
08082700,0.1979386806488037
08086212,0.3758934736251831
08086290,0.4799516201019287
08101000,0.37347912788391113
08103900,0.4622904062271118
08104900,0.21360087394714355
08109700,0.47787928581237793
08150800,-0.7794760465621948
08158700,0.3881053924560547
08158810,0.3691135048866272
08164300,0.4458801746368408
08164600,0.4119666814804077
08165300,-24.23360824584961
08171300,0.6131176948547363
08175000,-0.42472612857818604
08176900,0.24943947792053223
08178880,-1.0890040397644043
08189500,0.04480874538421631
08190000,-0.4147413969039917
08190500,-0.6107105016708374
08194200,-0.6278754472732544
08195000,0.2647818326950073
08196000,0.2720736265182495
08198500,0.30756688117980957
08200000,0.5597458481788635
08202700,0.4258413314819336
08267500,0.17375940084457397
08269000,0.2807440757751465
08271000,0.38453131914138794
08324000,0.6427121758460999
08377900,0.8211653232574463
08378500,0.7810572981834412
08380500,0.2880222201347351
09035800,0.6340320110321045
09035900,0.8927826881408691
09047700,0.8883533477783203
09065500,0.9018132090568542
09066000,0.8349350690841675
09066200,0.8543983697891235
09066300,0.8576606512069702
09081600,0.9395642876625061
09107000,0.8723655939102173
09210500,0.6865251064300537
09223000,0.754107654094696
09306242,-0.7130147218704224
09312600,0.6862045526504517
09352900,0.5196741819381714
09378170,-0.6854822635650635
09386900,-0.10967648029327393
09404450,0.5361559391021729
09430600,0.10363900661468506
09447800,-4.354910850524902
09484600,-0.03817451000213623
09492400,0.47677433490753174
09494000,0.5365415811538696
09497980,0.19333916902542114
09505350,-0.1967247724533081
09505800,0.6449083089828491
09508300,0.27395492792129517
09510200,0.12504643201828003
09512280,0.33560609817504883
09513780,0.12863731384277344
10234500,0.6091839671134949
10244950,-0.9185709953308105
10259000,0.40295839309692383
10336645,0.8277202248573303
10336660,0.876293420791626
10343500,0.7042425870895386
11124500,0.7740234732627869
11141280,-1.682013750076294
11143000,0.35068804025650024
11148900,0.28639525175094604
11151300,-1.1496717929840088
11176400,0.47125953435897827
11230500,0.14448034763336182
11237500,0.6631717085838318
11264500,0.89066481590271
11266500,0.9526500105857849
11284400,0.3127850890159607
11381500,0.5495185852050781
11451100,0.6076012253761292
11468500,0.8554878234863281
11473900,0.7684329152107239
11475560,0.7716586589813232
11476600,0.7692289352416992
11478500,0.6426246762275696
11480390,0.5302430987358093
11481200,0.8049433827400208
11482500,0.7439375519752502
11522500,0.6902307271957397
11523200,0.6999226212501526
11528700,0.666865348815918
11532500,0.8283584713935852
12010000,0.8598191738128662
12013500,0.7716798186302185
12020000,0.3397206664085388
12025700,0.8011099100112915
12035000,0.7981030941009521
12040500,0.7782489657402039
12041200,0.7366282343864441
12048000,0.6536859273910522
12054000,0.6851109266281128
12056500,0.638270378112793
12073500,0.7784674167633057
12082500,0.7173908352851868
12092000,0.743806004524231
12114500,0.6160962581634521
12115000,0.6914225816726685
12117000,0.7814954519271851
12143600,0.7256615161895752
12144000,0.7228682041168213
12145500,0.8244308829307556
12147500,0.7393779754638672
12167000,0.6630092859268188
12175500,0.759323239326477
12178100,0.7526746988296509
12186000,0.7565441131591797
12189500,0.727658748626709
12375900,0.8767762184143066
12377150,0.9354768395423889
12381400,0.8401235342025757
12383500,0.8951207995414734
12390700,0.5083470344543457
12411000,0.39081060886383057
12447390,0.8590291738510132
12451000,0.815902829170227
12488500,0.7688010334968567
13011500,0.8351438045501709
13011900,0.8473402261734009
13018300,0.5745549201965332
13023000,0.884181022644043
13161500,0.7748016119003296
13235000,0.7485122680664062
13240000,0.845738410949707
13313000,0.8503819704055786
13331500,0.8487761616706848
14020000,0.40143460035324097
14096850,0.07640957832336426
14137000,0.6859924793243408
14138800,0.6368415355682373
14138870,0.7086437940597534
14138900,0.6556626558303833
14139800,0.7182114124298096
14141500,0.6577647924423218
14154500,0.7680749893188477
14158790,0.6299864053726196
14166500,0.8987360000610352
14182500,0.6668472290039062
14185000,0.7708683609962463
14185900,0.7693671584129333
14187000,0.8508912324905396
14216500,0.6842974424362183
14222500,0.7601689100265503
14236200,0.7622220516204834
14301000,0.9065297842025757
14303200,0.7279269099235535
14305500,0.7876773476600647
14306340,0.8107394576072693
14306500,0.9137917757034302
14308990,0.8088846802711487
14309500,0.7331737279891968
14316700,0.7250641584396362
14325000,0.6886434555053711
14362250,-0.46013200283050537
14400000,0.7552214860916138
##ARM C3_s700
01022500,0.7883003950119019
01031500,0.8746576309204102
01047000,0.8034350275993347
01052500,0.8441253900527954
01054200,0.49745863676071167
01055000,0.4629729986190796
01057000,0.7564403414726257
01073000,0.795400857925415
01078000,0.7885366678237915
01123000,0.7869307994842529
01134500,0.8290823698043823
01137500,0.6995924711227417
01139000,0.7846335172653198
01139800,0.7794040441513062
01142500,0.5840467214584351
01144000,0.781428873538971
01162500,0.7355659008026123
01169000,0.621417760848999
01170100,0.6423554420471191
01181000,0.7018850445747375
01187300,0.7973951697349548
01195100,0.7027820348739624
01333000,0.5745970010757446
01350000,0.7227059602737427
01350080,0.717231273651123
01350140,0.6417354345321655
01365000,0.7340022325515747
01411300,0.6151444911956787
01413500,0.6830401420593262
01414500,0.667238712310791
01415000,0.6748884916305542
01423000,0.6964898109436035
01434025,0.5821095705032349
01435000,0.6689291596412659
01439500,0.7478570938110352
01440000,0.7607323527336121
01440400,0.694429337978363
01451800,0.755248486995697
01466500,0.8344075083732605
01484100,0.7427924871444702
01487000,0.8499799966812134
01491000,0.7972522377967834
01510000,0.7692804932594299
01516500,0.5610815286636353
01518862,0.5537732839584351
01532000,0.6671124696731567
01539000,0.809367299079895
01542810,0.7401735782623291
01543000,0.8251446485519409
01543500,0.8524041175842285
01544500,0.8238584995269775
01545600,0.8005635738372803
01547700,0.661042332649231
01548500,0.8456882238388062
01549500,0.7691941261291504
01550000,0.7319115996360779
01552000,0.7778075933456421
01552500,0.6248255968093872
01557500,0.7721894383430481
01567500,0.7154532074928284
01568000,0.8510782122612
01580000,0.5671594142913818
01583500,0.41723960638046265
01586610,0.5077844858169556
01591400,0.000471651554107666
01594950,0.7849709987640381
01596500,0.7304128408432007
01605500,0.6406735181808472
01606500,0.7157030701637268
01632000,0.4762101173400879
01632900,0.6018022298812866
01634500,0.5510193109512329
01638480,0.5571879148483276
01639500,0.683754563331604
01644000,0.8158472776412964
01664000,0.8246160745620728
01666500,0.5237340927124023
01667500,0.7327591180801392
01669000,0.7638541460037231
01669520,0.7075720429420471
02011400,0.8524680733680725
02013000,0.7986089587211609
02014000,0.8640570044517517
02015700,0.6357837915420532
02016000,0.8233008980751038
02017500,0.7383501529693604
02018000,0.801055371761322
02027000,0.6934796571731567
02027500,0.7636329531669617
02028500,0.6301385164260864
02038850,0.679627001285553
02046000,0.7475382089614868
02051500,0.7531099915504456
02053200,0.8040380477905273
02053800,0.7535052299499512
02055100,0.6641536951065063
02056900,0.7093425393104553
02059500,0.7078225612640381
02064000,0.8715524077415466
02065500,0.37980735301971436
02069700,0.5624545812606812
02070000,0.5137113928794861
02074500,0.4401012063026428
02077200,0.6533071994781494
02081500,0.6528374552726746
02082950,0.7213453650474548
02092500,0.8892141580581665
02096846,0.4087408781051636
02102908,0.6379696130752563
02108000,0.7845534682273865
02111180,0.5937089920043945
02111500,0.5657367706298828
02112120,0.5297327041625977
02112360,0.6771252155303955
02118500,0.5459669232368469
02125000,0.7697656154632568
02128000,0.6741071939468384
02137727,0.7257388830184937
02140991,0.6936150193214417
02143000,0.7119392156600952
02143040,0.5406345129013062
02149000,0.602149248123169
02152100,0.6556112170219421
02177000,0.6207273602485657
02178400,0.7378658056259155
02193340,0.7917837500572205
02196000,0.8612241148948669
02198100,0.5233900547027588
02202600,0.873634934425354
02212600,0.7315661907196045
02215100,0.7868103384971619
02216180,0.7542941570281982
02221525,0.6703877449035645
02231000,0.8677923679351807
02245500,0.5356897115707397
02246000,0.7808341979980469
02296500,0.20818030834197998
02297155,-12.504804611206055
02297310,-4.1520094871521
02298123,0.3659113645553589
02298608,0.07657939195632935
02299950,0.38904237747192383
02300700,-0.008457541465759277
02342933,0.4887961149215698
02349900,0.6210350394248962
02350900,0.7727698087692261
02361000,0.5390685200691223
02363000,0.7288689017295837
02369800,0.368452250957489
02371500,0.3632175922393799
02372250,0.0288240909576416
02374500,0.06580013036727905
02381600,0.43231070041656494
02384540,0.6339261531829834
02395120,0.24231773614883423
02415000,0.72931969165802
02427250,0.70455402135849
02430085,0.7189500331878662
02450250,0.2627650499343872
02464000,0.6822936534881592
02464360,0.6982965469360352
02465493,-0.010745406150817871
02469800,0.8000131845474243
02472000,0.8567503094673157
02472500,0.7428057789802551
02479155,0.5572665929794312
02479300,0.8010963797569275
02479560,0.7206640839576721
02481000,0.6018738746643066
02481510,0.7000052332878113
03010655,0.8286731243133545
03011800,0.7578341960906982
03015500,0.7563631534576416
03021350,0.6874603033065796
03026500,0.7767950892448425
03028000,0.7781467437744141
03049000,0.7915083169937134
03049800,0.6461946368217468
03050000,0.812562108039856
03069500,0.8444544076919556
03070500,0.7992017865180969
03076600,0.6667300462722778
03078000,0.7430503368377686
03140000,0.8002163171768188
03144000,0.7893948554992676
03170000,0.8152086138725281
03173000,0.859231173992157
03180500,0.802542507648468
03182500,0.833126425743103
03186500,0.8371406197547913
03237280,0.5382779836654663
03237500,0.642717719078064
03238500,0.6982868909835815
03241500,0.7914846539497375
03280700,0.6196420192718506
03281500,0.7616174221038818
03285000,0.7701983451843262
03291780,0.5794126391410828
03338780,0.4832158088684082
03340800,0.8310058116912842
03346000,0.8167140483856201
03364500,0.7343603372573853
03366500,0.5306748151779175
03368000,0.7045435905456543
03384450,0.625530481338501
03439000,0.6792563199996948
03455500,0.3973415493965149
03456500,0.539956271648407
03460000,0.7380534410476685
03463300,0.5129740834236145
03471500,0.7937613129615784
03473000,0.8614414930343628
03479000,0.5109356045722961
03488000,0.7631559371948242
03498500,0.7736915349960327
03500000,0.7890472412109375
03500240,0.2825307846069336
03504000,0.639848530292511
03574500,0.6168516874313354
03592718,0.4792604446411133
03604000,0.7739437222480774
04015330,0.7641229629516602
04024430,0.6334595084190369
04027000,0.6204325556755066
04040500,0.8159072995185852
04043050,0.7830417156219482
04045500,0.7982445955276489
04057510,0.772602915763855
04057800,0.47028809785842896
04059500,0.806465744972229
04063700,0.7042037844657898
04074950,0.8075024485588074
04105700,-0.1033482551574707
04115265,0.6839738488197327
04122200,0.7689659595489502
04122500,0.6771605014801025
04127918,0.5661855936050415
04127997,0.7438642978668213
04161580,0.7106620073318481
04185000,0.7424913644790649
04196800,0.7655404806137085
04197100,0.6481852531433105
04197170,0.6968461871147156
04213000,0.7022256851196289
04213075,0.4578421115875244
04216418,0.715951144695282
04221000,0.7527424693107605
04224775,0.7422364354133606
04233000,0.756091833114624
04256000,0.7762125730514526
04296000,0.6694737672805786
05057200,0.22116082906723022
05120500,-29.206544876098633
05291000,0.282876193523407
05362000,0.827407956123352
05393500,0.8534015417098999
05399500,0.7635639905929565
05408000,0.6451472043991089
05413500,0.659782886505127
05414000,0.4116366505622864
05444000,0.46541106700897217
05454000,0.42812782526016235
05458000,0.6685940027236938
05466500,0.5978685021400452
05487980,0.651753306388855
05488200,0.5071141123771667
05489000,0.466286301612854
05495000,0.6095253825187683
05495500,0.6373432874679565
05501000,0.787912130355835
05503800,0.6659610271453857
05507600,0.7801344394683838
05508805,0.7862873673439026
05525500,0.8320355415344238
05556500,0.6762069463729858
05584500,0.32288503646850586
05591550,0.7845858931541443
05592050,0.5673274993896484
05592575,0.7290340662002563
05593575,0.8274993896484375
05593900,0.6429813504219055
05595730,0.7705968618392944
06221400,0.8900673389434814
06224000,0.9138342142105103
06278300,0.7562823295593262
06280300,0.8384722471237183
06289000,0.43499988317489624
06291500,0.5098249912261963
06311000,0.615192711353302
06332515,0.01473855972290039
06339100,0.614826500415802
06344600,0.49417752027511597
06350000,-0.06449306011199951
06352000,0.08370256423950195
06404000,0.5922061204910278
06406000,0.05823403596878052
06409000,-2.0021612644195557
06431500,0.3582812547683716
06440200,0.5253832340240479
06447500,0.6921757459640503
06470800,0.857855498790741
06477500,-1.2641844749450684
06479215,0.1814400553703308
06601000,0.2774477005004883
06614800,0.8170211911201477
06622700,0.6965351700782776
06623800,0.8693576455116272
06632400,0.7210724949836731
06746095,0.7127208113670349
06803510,0.7564885020256042
06803530,0.5914214253425598
06814000,0.7044240236282349
06847900,0.17095625400543213
06853800,0.24120795726776123
06876700,0.6188861131668091
06878000,0.9012018442153931
06879650,0.14296352863311768
06885500,0.8390069007873535
06888500,0.5778379440307617
06889200,0.6405712366104126
06889500,0.7401446104049683
06892000,0.8607640266418457
06903400,0.3238515853881836
06906800,0.6140403747558594
06910800,0.7726342678070068
06911900,0.7020601034164429
06917000,0.4645850658416748
06918460,0.2035154104232788
06919500,0.7731786966323853
06921070,0.5892490148544312
06921200,0.6879259347915649
07057500,0.8292223215103149
07060710,0.6992219686508179
07066000,0.7674530744552612
07083000,0.8538752198219299
07142300,-3.3749747276306152
07145700,0.7674956321716309
07167500,0.6268048286437988
07180500,0.6747305393218994
07184000,0.5422636270523071
07195800,-0.31334972381591797
07196900,0.6121857166290283
07197000,0.7689775228500366
07208500,0.5790235996246338
07261000,0.7463198304176331
07263295,0.7163419723510742
07291000,0.6733534932136536
07299670,0.08537393808364868
07301410,-0.02863609790802002
07315200,0.22847801446914673
07315700,0.6811153888702393
07335700,0.5577454566955566
07340300,0.7707115411758423
07346045,0.5188320875167847
07359610,0.7113454341888428
07362100,0.35034245252609253
07362587,0.5009585618972778
07375000,0.46575695276260376
08013000,0.8781108856201172
08014500,0.563164234161377
08023080,0.48129475116729736
08050800,0.6087188124656677
08066200,0.35822558403015137
08066300,0.46699756383895874
08070000,0.5288784503936768
08070200,0.5217124819755554
08082700,0.17702972888946533
08086212,0.5509490370750427
08086290,0.5838305950164795
08101000,0.5865318775177002
08103900,0.5012215375900269
08104900,0.6766378283500671
08109700,0.4987850785255432
08150800,-2.7990963459014893
08158700,0.49962037801742554
08158810,0.4829111099243164
08164300,0.5161415338516235
08164600,0.6800522804260254
08165300,-15.164121627807617
08171300,0.5891693830490112
08175000,0.5433919429779053
08176900,0.3871150016784668
08178880,-2.947618246078491
08189500,-1.321636438369751
08190000,-0.567925214767456
08190500,0.008026063442230225
08194200,-0.5780825614929199
08195000,-0.5910320281982422
08196000,0.03982222080230713
08198500,0.061107099056243896
08200000,0.3368651270866394
08202700,0.6207575798034668
08267500,0.12452059984207153
08269000,0.15477287769317627
08271000,0.4477229118347168
08324000,0.579184889793396
08377900,0.6411772966384888
08378500,0.6267356872558594
08380500,0.3553200960159302
09035800,0.8208024501800537
09035900,0.8915574550628662
09047700,0.8032712340354919
09065500,0.9328649640083313
09066000,0.8285308480262756
09066200,0.8750924468040466
09066300,0.836760401725769
09081600,0.8826691508293152
09107000,0.8687418699264526
09210500,0.714443027973175
09223000,0.7799773216247559
09306242,0.28971976041793823
09312600,0.4402428865432739
09352900,0.7303222417831421
09378170,0.21070998907089233
09386900,-0.018500447273254395
09404450,-0.0971602201461792
09430600,0.04863083362579346
09447800,-1.024794578552246
09484600,0.10750198364257812
09492400,0.3309399485588074
09494000,0.5228866338729858
09497980,0.34943896532058716
09505350,0.07642221450805664
09505800,0.6959718465805054
09508300,0.22535312175750732
09510200,0.5396044254302979
09512280,0.3250383138656616
09513780,0.11648797988891602
10234500,0.606308102607727
10244950,-0.4112429618835449
10259000,0.453444242477417
10336645,0.47531789541244507
10336660,0.9202725887298584
10343500,-0.008615851402282715
11124500,0.7211769819259644
11141280,-0.9743578433990479
11143000,0.4930170774459839
11148900,-0.1614900827407837
11151300,-1.3936426639556885
11176400,0.4394682049751282
11230500,0.5717738270759583
11237500,0.813231348991394
11264500,0.8212780356407166
11266500,0.8818733096122742
11284400,0.540524423122406
11381500,0.6088734269142151
11451100,0.618133544921875
11468500,0.8384040594100952
11473900,0.767573893070221
11475560,0.6285735368728638
11476600,0.7896528244018555
11478500,0.6534974575042725
11480390,0.5598119497299194
11481200,0.8071594834327698
11482500,0.7653641104698181
11522500,0.6467146873474121
11523200,0.8260580897331238
11528700,0.6727410554885864
11532500,0.8493183851242065
12010000,0.830888032913208
12013500,0.7732957601547241
12020000,0.2512074112892151
12025700,0.8057299256324768
12035000,0.8469645977020264
12040500,0.740142285823822
12041200,0.6598330736160278
12048000,0.6339269876480103
12054000,0.6403489708900452
12056500,0.5800052881240845
12073500,0.6520906686782837
12082500,0.7181600332260132
12092000,0.7320109605789185
12114500,0.6193873882293701
12115000,0.6124683618545532
12117000,0.8126939535140991
12143600,0.6792978048324585
12144000,0.6541170477867126
12145500,0.8645921945571899
12147500,0.7072016000747681
12167000,0.64851975440979
12175500,0.7137883901596069
12178100,0.7202038764953613
12186000,0.71612149477005
12189500,0.6911396980285645
12375900,0.746636152267456
12377150,0.8707691431045532
12381400,0.8683438897132874
12383500,0.8963155150413513
12390700,0.737980842590332
12411000,0.3935006260871887
12447390,0.4254949688911438
12451000,0.866147518157959
12488500,0.8125896453857422
13011500,0.8032106161117554
13011900,0.709051251411438
13018300,0.4852091073989868
13023000,0.8325338959693909
13161500,0.841563880443573
13235000,0.6884852051734924
13240000,0.8621364235877991
13313000,0.91586834192276
13331500,0.8118427991867065
14020000,0.47621864080429077
14096850,-0.16401910781860352
14137000,0.6418983936309814
14138800,0.625037431716919
14138870,0.7033812999725342
14138900,0.6760349869728088
14139800,0.7209950685501099
14141500,0.7267718315124512
14154500,0.7440664172172546
14158790,0.609412431716919
14166500,0.8984116315841675
14182500,0.7033435702323914
14185000,0.6742591857910156
14185900,0.748436689376831
14187000,0.7672560811042786
14216500,0.6569267511367798
14222500,0.7232492566108704
14236200,0.7606562376022339
14301000,0.8848176002502441
14303200,0.6926896572113037
14305500,0.8097701072692871
14306340,0.8079244494438171
14306500,0.8913763761520386
14308990,0.6869689226150513
14309500,0.7056869864463806
14316700,0.712127685546875
14325000,0.6625192761421204
14362250,0.02094578742980957
14400000,0.8139254450798035
##ARM C3_s800
01022500,0.7431516647338867
01031500,0.8509011268615723
01047000,0.8285921216011047
01052500,0.7408269643783569
01054200,0.5874434113502502
01055000,0.5882161855697632
01057000,0.8138654232025146
01073000,0.6742778420448303
01078000,0.8705160021781921
01123000,0.7933832406997681
01134500,0.787511944770813
01137500,0.7218929529190063
01139000,0.7571421265602112
01139800,0.7714697122573853
01142500,0.6634130477905273
01144000,0.7112308740615845
01162500,0.6718152761459351
01169000,0.6828283071517944
01170100,0.6605800986289978
01181000,0.6202690601348877
01187300,0.7811857461929321
01195100,0.6885722875595093
01333000,0.4966633915901184
01350000,0.6933015584945679
01350080,0.3314226269721985
01350140,0.5998408198356628
01365000,0.7080467939376831
01411300,0.8026905059814453
01413500,0.4954516291618347
01414500,0.5861440896987915
01415000,0.5883809924125671
01423000,0.6809537410736084
01434025,0.6076375246047974
01435000,0.6572123765945435
01439500,0.7551424503326416
01440000,0.7111333012580872
01440400,0.6794735193252563
01451800,0.7951228618621826
01466500,0.7923917174339294
01484100,0.7133442759513855
01487000,0.7950314879417419
01491000,0.7643070220947266
01510000,0.7478432655334473
01516500,0.6285903453826904
01518862,0.5677193403244019
01532000,0.7056645154953003
01539000,0.7520934343338013
01542810,0.7078806161880493
01543000,0.7614020109176636
01543500,0.8196623921394348
01544500,0.8066344857215881
01545600,0.7976576685905457
01547700,0.682538628578186
01548500,0.8504521250724792
01549500,0.7759555578231812
01550000,0.8212176561355591
01552000,0.7790753841400146
01552500,0.6595707535743713
01557500,0.8117565512657166
01567500,0.8004429340362549
01568000,0.8597522974014282
01580000,0.5219535827636719
01583500,0.4154379367828369
01586610,0.4781723618507385
01591400,-0.19430625438690186
01594950,0.7565605640411377
01596500,0.7484412789344788
01605500,0.6467612981796265
01606500,0.8172248005867004
01632000,0.47175484895706177
01632900,0.6261438131332397
01634500,0.60625821352005
01638480,0.8232277631759644
01639500,0.7316164970397949
01644000,0.8497523069381714
01664000,0.8046668767929077
01666500,0.36736226081848145
01667500,0.7569187879562378
01669000,0.7373126745223999
01669520,0.7478946447372437
02011400,0.7821931838989258
02013000,0.752174437046051
02014000,0.8085122108459473
02015700,0.6170992255210876
02016000,0.7848564386367798
02017500,0.7169029712677002
02018000,0.7849733829498291
02027000,0.6638560891151428
02027500,0.7015560865402222
02028500,0.7536818981170654
02038850,0.6870868802070618
02046000,0.699589192867279
02051500,0.8145734667778015
02053200,0.7784813642501831
02053800,0.7876896858215332
02055100,0.6368936896324158
02056900,0.6849465370178223
02059500,0.6954087018966675
02064000,0.8431938886642456
02065500,0.39034098386764526
02069700,0.5941979885101318
02070000,0.6352037191390991
02074500,0.5187155604362488
02077200,0.595238208770752
02081500,0.6730562448501587
02082950,0.7035799622535706
02092500,0.8367758989334106
02096846,0.334633469581604
02102908,0.5725669860839844
02108000,0.8615525960922241
02111180,0.4520902633666992
02111500,0.12236356735229492
02112120,0.445395290851593
02112360,0.5635967254638672
02118500,0.5026293992996216
02125000,0.7119379043579102
02128000,0.5471385717391968
02137727,0.5838876962661743
02140991,0.4090385437011719
02143000,0.616499662399292
02143040,0.4643925428390503
02149000,0.6064682006835938
02152100,0.565254271030426
02177000,0.7112545967102051
02178400,0.6931069493293762
02193340,0.8676250576972961
02196000,0.7800295352935791
02198100,0.6407563090324402
02202600,0.8668619394302368
02212600,0.6662771105766296
02215100,0.8380523920059204
02216180,0.6749356985092163
02221525,0.540178656578064
02231000,0.7902761697769165
02245500,0.7530837059020996
02246000,0.8403250575065613
02296500,0.5801002383232117
02297155,-12.598135948181152
02297310,-1.897597074508667
02298123,0.7421960830688477
02298608,0.43487298488616943
02299950,0.3882838487625122
02300700,0.19362670183181763
02342933,0.39949852228164673
02349900,0.6764630079269409
02350900,0.8285447359085083
02361000,0.7790570855140686
02363000,0.8098630905151367
02369800,0.7092410922050476
02371500,0.570969820022583
02372250,0.5840619802474976
02374500,0.3249107599258423
02381600,0.5447103381156921
02384540,0.6665076017379761
02395120,-0.2560267448425293
02415000,0.608989953994751
02427250,0.7759724855422974
02430085,0.7382030487060547
02450250,0.47321557998657227
02464000,0.7717441916465759
02464360,0.7361966371536255
02465493,-0.8456121683120728
02469800,0.7824491262435913
02472000,0.8357052803039551
02472500,0.6441786289215088
02479155,0.6251236796379089
02479300,0.82778000831604
02479560,0.7035595774650574
02481000,0.5495966672897339
02481510,0.7207649946212769
03010655,0.8113085627555847
03011800,0.7374029159545898
03015500,0.7377802133560181
03021350,0.6795254945755005
03026500,0.7859412431716919
03028000,0.7665280699729919
03049000,0.8394346237182617
03049800,0.6634471416473389
03050000,0.8315325379371643
03069500,0.8645787835121155
03070500,0.7332367897033691
03076600,0.6878131628036499
03078000,0.7646968960762024
03140000,0.8080211281776428
03144000,0.7648801207542419
03170000,0.6855813264846802
03173000,0.7940039038658142
03180500,0.8047205209732056
03182500,0.8245934247970581
03186500,0.804480254650116
03237280,0.5092436075210571
03237500,0.6820061206817627
03238500,0.6568828821182251
03241500,0.7898852825164795
03280700,0.6768209338188171
03281500,0.8278676271438599
03285000,0.7516952157020569
03291780,0.630668044090271
03338780,0.46833592653274536
03340800,0.8635490536689758
03346000,0.7844749689102173
03364500,0.6966351270675659
03366500,0.6567546129226685
03368000,0.762138843536377
03384450,0.6781888008117676
03439000,0.661574125289917
03455500,0.14089524745941162
03456500,0.5024325847625732
03460000,0.6997711658477783
03463300,0.6372092962265015
03471500,0.6913596391677856
03473000,0.7922899723052979
03479000,-0.1236802339553833
03488000,0.8213035464286804
03498500,0.6669491529464722
03500000,0.7406920194625854
03500240,0.3320300579071045
03504000,0.5165477991104126
03574500,0.6301999092102051
03592718,0.23940229415893555
03604000,0.5992434024810791
04015330,0.662196159362793
04024430,0.3750552535057068
04027000,0.33264195919036865
04040500,0.7455387115478516
04043050,0.8613839149475098
04045500,0.6833161115646362
04057510,0.7118247747421265
04057800,0.11969959735870361
04059500,0.7647736072540283
04063700,0.6672133207321167
04074950,0.8547921180725098
04105700,0.7396095395088196
04115265,0.6560336947441101
04122200,0.7247121334075928
04122500,0.6653708219528198
04127918,0.5422810912132263
04127997,0.7485188245773315
04161580,0.7866573929786682
04185000,0.6169748306274414
04196800,0.5037651062011719
04197100,0.5693520307540894
04197170,0.7069945335388184
04213000,0.5882020592689514
04213075,0.3905441164970398
04216418,0.647437572479248
04221000,0.760235071182251
04224775,0.7699087262153625
04233000,0.7770452499389648
04256000,0.685675859451294
04296000,0.6209973096847534
05057200,0.24810552597045898
05120500,-76.31306457519531
05291000,0.3523721694946289
05362000,0.7702093124389648
05393500,0.8435481786727905
05399500,0.6395496129989624
05408000,0.5928072929382324
05413500,0.6027307510375977
05414000,0.3726755976676941
05444000,0.5395324230194092
05454000,-0.005989789962768555
05458000,0.6511654853820801
05466500,0.5126774311065674
05487980,0.6851357221603394
05488200,0.6834423542022705
05489000,0.6329809427261353
05495000,0.5319561958312988
05495500,0.6354519724845886
05501000,0.7684646844863892
05503800,0.8066041469573975
05507600,0.8824856281280518
05508805,0.8000692129135132
05525500,0.7534868717193604
05556500,0.7738513946533203
05584500,0.23838257789611816
05591550,0.7656748294830322
05592050,0.4988217353820801
05592575,0.6407687664031982
05593575,0.7873522043228149
05593900,0.6790752410888672
05595730,0.764143705368042
06221400,0.8965858817100525
06224000,0.9128251075744629
06278300,0.5196824073791504
06280300,0.8084575533866882
06289000,0.4678128957748413
06291500,0.5566568970680237
06311000,0.6030592918395996
06332515,-0.7083228826522827
06339100,-0.06173288822174072
06344600,-1.0557758808135986
06350000,-1.4319260120391846
06352000,-0.2162541151046753
06404000,0.934688925743103
06406000,0.0879102349281311
06409000,-1.7152791023254395
06431500,0.5727020502090454
06440200,0.49943721294403076
06447500,-0.765459418296814
06470800,0.3868468999862671
06477500,-0.8322373628616333
06479215,0.2587272524833679
06601000,0.5288482904434204
06614800,0.8058905601501465
06622700,0.8152926564216614
06623800,0.8830651044845581
06632400,0.8213841319084167
06746095,0.6943928599357605
06803510,0.6677456498146057
06803530,0.7525320649147034
06814000,0.625307023525238
06847900,-0.6718779802322388
06853800,0.20496279001235962
06876700,0.2593725919723511
06878000,0.854059100151062
06879650,0.6689648032188416
06885500,0.7590417861938477
06888500,0.7308502197265625
06889200,0.6232656240463257
06889500,0.5730711221694946
06892000,0.8478987812995911
06903400,0.5155870914459229
06906800,0.558575451374054
06910800,0.8130953311920166
06911900,0.8286923170089722
06917000,0.6808918714523315
06918460,0.03344172239303589
06919500,0.7410048246383667
06921070,0.5240697860717773
06921200,0.6138098239898682
07057500,0.911733090877533
07060710,0.6086812019348145
07066000,0.8165591359138489
07083000,0.7715119123458862
07142300,0.2957848310470581
07145700,0.7001292705535889
07167500,0.6510723829269409
07180500,0.6018558740615845
07184000,0.6691635847091675
07195800,0.15309518575668335
07196900,0.6026455163955688
07197000,0.7773649096488953
07208500,0.26424431800842285
07261000,0.9079380035400391
07263295,0.6894689798355103
07291000,0.6098190546035767
07299670,-0.1627063751220703
07301410,-0.3375018835067749
07315200,0.551000714302063
07315700,0.497941792011261
07335700,0.5564225912094116
07340300,0.7346895933151245
07346045,0.6159405708312988
07359610,0.7282047271728516
07362100,0.48394668102264404
07362587,0.5037469267845154
07375000,0.5532182455062866
08013000,0.8124629259109497
08014500,0.6609594821929932
08023080,0.24606120586395264
08050800,0.6371766328811646
08066200,0.011986017227172852
08066300,0.5395504236221313
08070000,0.5531467199325562
08070200,0.5307490825653076
08082700,0.29242855310440063
08086212,0.6110913753509521
08086290,0.5165295004844666
08101000,0.6759821176528931
08103900,0.47876131534576416
08104900,0.3545186519622803
08109700,0.4957350492477417
08150800,0.360310435295105
08158700,0.46276289224624634
08158810,0.5527887344360352
08164300,0.4605928063392639
08164600,0.4330994486808777
08165300,-9.44115924835205
08171300,0.5423365235328674
08175000,0.6401615142822266
08176900,0.3725641965866089
08178880,-1.926551103591919
08189500,0.6137465238571167
08190000,0.14236044883728027
08190500,-0.02849888801574707
08194200,0.17716127634048462
08195000,0.3718412518501282
08196000,0.16808903217315674
08198500,0.06014984846115112
08200000,0.01399010419845581
08202700,0.01587224006652832
08267500,0.0042931437492370605
08269000,0.05562502145767212
08271000,0.2519434690475464
08324000,0.3283481001853943
08377900,0.7684341669082642
08378500,0.8101099729537964
08380500,0.1336016058921814
09035800,0.8091685175895691
09035900,0.9193962216377258
09047700,0.8776369690895081
09065500,0.9393441677093506
09066000,0.8715870380401611
09066200,0.8848943710327148
09066300,0.8421491980552673
09081600,0.8962158560752869
09107000,0.8842638731002808
09210500,0.6922774314880371
09223000,0.5993139743804932
09306242,-1.6627328395843506
09312600,0.6299073696136475
09352900,0.6900591850280762
09378170,0.696865439414978
09386900,-0.24658966064453125
09404450,-0.049123167991638184
09430600,0.07814788818359375
09447800,-8.413228034973145
09484600,-0.26738452911376953
09492400,0.2250344157218933
09494000,0.44898658990859985
09497980,-1.7372548580169678
09505350,-0.31111466884613037
09505800,0.6261282563209534
09508300,0.20899879932403564
09510200,0.35814040899276733
09512280,0.1653326153755188
09513780,-1.0413076877593994
10234500,0.36180800199508667
10244950,-0.7498629093170166
10259000,0.42234307527542114
10336645,0.8522151708602905
10336660,0.885834813117981
10343500,0.29277896881103516
11124500,0.732170581817627
11141280,-0.3990594148635864
11143000,0.31145602464675903
11148900,0.44240760803222656
11151300,-1.2117390632629395
11176400,0.442862868309021
11230500,0.7232307195663452
11237500,0.8440999984741211
11264500,0.9041770100593567
11266500,0.9419897794723511
11284400,0.3805021047592163
11381500,0.43438321352005005
11451100,0.6766403913497925
11468500,0.8586138486862183
11473900,0.7920759916305542
11475560,0.6087473034858704
11476600,0.820814847946167
11478500,0.6919842958450317
11480390,0.5237113237380981
11481200,0.7605165839195251
11482500,0.7302916646003723
11522500,0.6829867362976074
11523200,0.6958827972412109
11528700,0.6250137090682983
11532500,0.8811773061752319
12010000,0.8036661148071289
12013500,0.7759994268417358
12020000,0.2990180253982544
12025700,0.8349378108978271
12035000,0.7810723185539246
12040500,0.7141438722610474
12041200,0.6909759044647217
12048000,0.4856587052345276
12054000,0.6262056827545166
12056500,0.5850160121917725
12073500,0.6522778868675232
12082500,0.7048468589782715
12092000,0.749783456325531
12114500,0.7391735911369324
12115000,0.7666727304458618
12117000,0.8702645301818848
12143600,0.7170042991638184
12144000,0.7500074505805969
12145500,0.8294645547866821
12147500,0.7391689419746399
12167000,0.6783631443977356
12175500,0.8077990412712097
12178100,0.7253400087356567
12186000,0.7658216953277588
12189500,0.7253908514976501
12375900,0.8098021745681763
12377150,0.9085098505020142
12381400,0.8361340165138245
12383500,0.8004452586174011
12390700,0.7385368347167969
12411000,0.5329856276512146
12447390,0.785082995891571
12451000,0.8756065964698792
12488500,0.7714928984642029
13011500,0.8706009984016418
13011900,0.8303813934326172
13018300,0.501510739326477
13023000,0.9104932546615601
13161500,0.7688998579978943
13235000,0.7967079877853394
13240000,0.8308320045471191
13313000,0.8979697227478027
13331500,0.83577561378479
14020000,0.42060691118240356
14096850,-0.2955024242401123
14137000,0.6296089887619019
14138800,0.6454512476921082
14138870,0.7667748928070068
14138900,0.6697931289672852
14139800,0.753272294998169
14141500,0.7233849167823792
14154500,0.7941986322402954
14158790,0.6220033168792725
14166500,0.8877657651901245
14182500,0.699925422668457
14185000,0.7904507517814636
14185900,0.7841585874557495
14187000,0.8297855854034424
14216500,0.624786913394928
14222500,0.8313804268836975
14236200,0.7906380891799927
14301000,0.9002094864845276
14303200,0.6529619693756104
14305500,0.7979022860527039
14306340,0.7895492315292358
14306500,0.8704557418823242
14308990,0.771083414554596
14309500,0.7750773429870605
14316700,0.6802168488502502
14325000,0.6118291616439819
14362250,0.2689656615257263
14400000,0.8387305736541748
##ARM C4_s200
01022500,0.8146039247512817
01031500,0.6259312629699707
01047000,0.804059624671936
01052500,0.8500977158546448
01054200,0.3871997594833374
01055000,0.5265547633171082
01057000,0.69696444272995
01073000,0.7525187134742737
01078000,0.7939382195472717
01123000,0.8106656670570374
01134500,0.7641387581825256
01137500,0.7493616342544556
01139000,0.736824631690979
01139800,0.6911969780921936
01142500,0.6896225214004517
01144000,0.8195282816886902
01162500,0.6266845464706421
01169000,0.556602418422699
01170100,0.5330764055252075
01181000,0.64741450548172
01187300,0.8037042617797852
01195100,0.7094844579696655
01333000,0.5003072619438171
01350000,0.5473533868789673
01350080,0.5892220735549927
01350140,0.6136778593063354
01365000,0.7501829862594604
01411300,0.8494434952735901
01413500,0.6266013383865356
01414500,0.519089937210083
01415000,0.6811155080795288
01423000,0.630906343460083
01434025,0.5782004594802856
01435000,0.7314626574516296
01439500,0.7988825440406799
01440000,0.7006229162216187
01440400,0.7175146341323853
01451800,0.7332960367202759
01466500,0.8158754110336304
01484100,0.656851053237915
01487000,0.8437747359275818
01491000,0.8260277509689331
01510000,0.691055417060852
01516500,0.6135526895523071
01518862,0.7463322877883911
01532000,0.7034956216812134
01539000,0.8156381845474243
01542810,0.8611412048339844
01543000,0.9296022653579712
01543500,0.9250689148902893
01544500,0.8880634903907776
01545600,0.8556686043739319
01547700,0.7253715395927429
01548500,0.9223126173019409
01549500,0.711570143699646
01550000,0.7833707332611084
01552000,0.770269513130188
01552500,0.716720461845398
01557500,0.8066109418869019
01567500,0.7985519766807556
01568000,0.8478518724441528
01580000,0.6382350921630859
01583500,0.481425404548645
01586610,0.6146669983863831
01591400,0.2709110975265503
01594950,0.7038834691047668
01596500,0.86045241355896
01605500,0.6895135641098022
01606500,0.7750802040100098
01632000,0.5119184255599976
01632900,0.6288561224937439
01634500,0.5811708569526672
01638480,0.7244825959205627
01639500,0.7403810024261475
01644000,0.8777980804443359
01664000,0.86346435546875
01666500,0.6889826059341431
01667500,0.7785794734954834
01669000,0.826275110244751
01669520,0.7583023309707642
02011400,0.8841040134429932
02013000,0.7957534790039062
02014000,0.8321980237960815
02015700,0.7237541675567627
02016000,0.8431479334831238
02017500,0.7148665189743042
02018000,0.7956271767616272
02027000,0.7085669040679932
02027500,0.6116557717323303
02028500,0.7370638847351074
02038850,0.7202327251434326
02046000,0.7420881986618042
02051500,0.8181278705596924
02053200,0.8504393100738525
02053800,0.8272346258163452
02055100,0.6621007323265076
02056900,0.7545759677886963
02059500,0.72544264793396
02064000,0.7774819731712341
02065500,0.42195701599121094
02069700,0.5591963529586792
02070000,0.6551352739334106
02074500,0.6377177834510803
02077200,0.6897053122520447
02081500,0.7643845081329346
02082950,0.8201816082000732
02092500,0.810833215713501
02096846,0.3884705901145935
02102908,0.5441573262214661
02108000,0.756702184677124
02111180,0.6609458923339844
02111500,0.6188510656356812
02112120,0.5563892126083374
02112360,0.6726375818252563
02118500,0.5606733560562134
02125000,0.8676725625991821
02128000,0.7894483804702759
02137727,0.6863670945167542
02140991,0.48095428943634033
02143000,0.7183353900909424
02143040,0.5814903974533081
02149000,0.6674060821533203
02152100,0.687171220779419
02177000,0.7931618690490723
02178400,0.7355544567108154
02193340,0.8146781325340271
02196000,0.8629347681999207
02198100,0.4925606846809387
02202600,0.8397008180618286
02212600,0.7223989367485046
02215100,0.682148277759552
02216180,0.5256974697113037
02221525,0.39823341369628906
02231000,0.9356402158737183
02245500,0.634765625
02246000,0.8456036448478699
02296500,0.6267993450164795
02297155,-8.5181245803833
02297310,-0.5395363569259644
02298123,0.8556291460990906
02298608,0.3514024615287781
02299950,0.37924420833587646
02300700,0.11772871017456055
02342933,0.5551192760467529
02349900,0.4453582167625427
02350900,0.8318214416503906
02361000,0.8323039412498474
02363000,0.7845606803894043
02369800,0.5819704532623291
02371500,0.4798624515533447
02372250,-0.1629120111465454
02374500,0.4238327741622925
02381600,0.3154010772705078
02384540,0.5789430141448975
02395120,0.32520896196365356
02415000,0.5926780700683594
02427250,0.6809821724891663
02430085,0.7973011136054993
02450250,0.6244730353355408
02464000,0.626600444316864
02464360,0.7060298919677734
02465493,0.021846652030944824
02469800,0.8082852959632874
02472000,0.8647017478942871
02472500,0.7465243339538574
02479155,0.7114373445510864
02479300,0.8232600092887878
02479560,0.722922146320343
02481000,0.6703841090202332
02481510,0.7718695402145386
03010655,0.8706660270690918
03011800,0.8395442962646484
03015500,0.8597806096076965
03021350,0.7590299844741821
03026500,0.9070808291435242
03028000,0.9034915566444397
03049000,0.8191787600517273
03049800,0.6799924373626709
03050000,0.8537255525588989
03069500,0.9159027934074402
03070500,0.8063867092132568
03076600,0.7637630701065063
03078000,0.8184666037559509
03140000,0.7885733842849731
03144000,0.8679722547531128
03170000,0.7887837886810303
03173000,0.8636540174484253
03180500,0.7999057769775391
03182500,0.8566223978996277
03186500,0.8065298795700073
03237280,0.5562966465950012
03237500,0.618665337562561
03238500,0.5045202374458313
03241500,0.8340594172477722
03280700,0.6061888933181763
03281500,0.8484096527099609
03285000,0.43309271335601807
03291780,0.6152944564819336
03338780,0.6076281070709229
03340800,0.8666157126426697
03346000,0.7831656336784363
03364500,0.6567322015762329
03366500,0.5992434620857239
03368000,0.7642882466316223
03384450,0.7290859222412109
03439000,0.6784077286720276
03455500,0.4464651942253113
03456500,0.4997712969779968
03460000,0.7038698196411133
03463300,0.6517261266708374
03471500,0.660001277923584
03473000,0.7554444074630737
03479000,0.5578227043151855
03488000,0.8024304509162903
03498500,0.8079301118850708
03500000,0.839513897895813
03500240,0.5538676977157593
03504000,0.7322168946266174
03574500,0.572844386100769
03592718,0.5444653630256653
03604000,0.7131628394126892
04015330,0.7776808738708496
04024430,0.6220567226409912
04027000,0.8307232856750488
04040500,0.8346577882766724
04043050,0.9275814890861511
04045500,0.8867883086204529
04057510,0.7625879645347595
04057800,0.6865159273147583
04059500,0.8284938335418701
04063700,0.17341619729995728
04074950,0.8806778192520142
04105700,0.28473085165023804
04115265,0.6531293392181396
04122200,0.7913755774497986
04122500,0.6269313097000122
04127918,0.7056611776351929
04127997,0.7995976209640503
04161580,0.6758103370666504
04185000,0.7389178276062012
04196800,0.6943066120147705
04197100,0.7090225219726562
04197170,0.7908912897109985
04213000,0.6863259077072144
04213075,0.43997323513031006
04216418,0.6691924929618835
04221000,0.8557119369506836
04224775,0.8158708810806274
04233000,0.7823502421379089
04256000,0.8174265027046204
04296000,0.7287644147872925
05057200,0.3836122751235962
05120500,-20.75918960571289
05291000,0.21137863397598267
05362000,0.8566348552703857
05393500,0.775753378868103
05399500,0.7372802495956421
05408000,0.5932881832122803
05413500,0.7702864408493042
05414000,0.5804468393325806
05444000,0.38098204135894775
05454000,0.60954350233078
05458000,0.5828930139541626
05466500,0.4960184693336487
05487980,0.7140378952026367
05488200,0.6168861389160156
05489000,0.6711311936378479
05495000,0.6479605436325073
05495500,0.636910080909729
05501000,0.7305694818496704
05503800,0.8144193887710571
05507600,0.8695215582847595
05508805,0.8463135957717896
05525500,0.8479973673820496
05556500,0.7783717513084412
05584500,0.3131145238876343
05591550,0.7396998405456543
05592050,0.5265588760375977
05592575,0.7758302688598633
05593575,0.8359997272491455
05593900,0.6769988536834717
05595730,0.8104397058486938
06221400,0.9095399379730225
06224000,0.8910419940948486
06278300,0.7906731367111206
06280300,0.8452467918395996
06289000,0.6159285306930542
06291500,0.7679525017738342
06311000,0.6160991191864014
06332515,0.5350847244262695
06339100,0.7293002605438232
06344600,-0.1636347770690918
06350000,0.0648946762084961
06352000,0.1333853006362915
06404000,0.4365510940551758
06406000,-0.06411373615264893
06409000,-9.053383827209473
06431500,0.25240111351013184
06440200,0.6085776686668396
06447500,0.6694216728210449
06470800,0.7422078847885132
06477500,0.18184995651245117
06479215,-0.18395304679870605
06601000,0.013621985912322998
06614800,0.8279176950454712
06622700,0.6966757774353027
06623800,0.8557617664337158
06632400,0.7652385830879211
06746095,0.731283962726593
06803510,0.7351768612861633
06803530,0.665787935256958
06814000,0.6511826515197754
06847900,0.2642781734466553
06853800,0.24002063274383545
06876700,0.4460064172744751
06878000,0.8052456378936768
06879650,0.40539640188217163
06885500,0.7529062628746033
06888500,0.6801791191101074
06889200,0.7510583400726318
06889500,0.7511180639266968
06892000,0.7661267518997192
06903400,0.3777616620063782
06906800,0.8014089465141296
06910800,0.8118581771850586
06911900,0.7832657098770142
06917000,0.626419186592102
06918460,-0.22531569004058838
06919500,0.8160611391067505
06921070,0.5450731515884399
06921200,0.6889066696166992
07057500,0.8747252821922302
07060710,0.6377644538879395
07066000,0.8933767676353455
07083000,0.7884268760681152
07142300,0.5212448835372925
07145700,0.8035691976547241
07167500,0.7034214735031128
07180500,0.8299394249916077
07184000,0.652677059173584
07195800,0.06335276365280151
07196900,0.7171299457550049
07197000,0.7905320525169373
07208500,0.16767901182174683
07261000,0.91744065284729
07263295,0.6884214878082275
07291000,0.81477952003479
07299670,0.24961435794830322
07301410,0.028966009616851807
07315200,0.513601541519165
07315700,0.690065860748291
07335700,0.6328927278518677
07340300,0.7724323272705078
07346045,0.5494998097419739
07359610,0.7687751650810242
07362100,0.558192789554596
07362587,0.4317527413368225
07375000,0.4912886619567871
08013000,0.8742067813873291
08014500,0.46136945486068726
08023080,0.6665318012237549
08050800,0.505141019821167
08066200,0.4682333469390869
08066300,0.6664273142814636
08070000,0.6268316507339478
08070200,0.6549845933914185
08082700,0.2561703324317932
08086212,0.43659108877182007
08086290,0.7183976173400879
08101000,0.5933920741081238
08103900,0.4080864191055298
08104900,0.43358564376831055
08109700,0.5603581666946411
08150800,-3.117114543914795
08158700,0.5139002799987793
08158810,0.5242623090744019
08164300,0.517586886882782
08164600,0.5310490131378174
08165300,-27.221891403198242
08171300,0.487883985042572
08175000,0.4348716139793396
08176900,0.2996808886528015
08178880,-1.2244596481323242
08189500,-0.2505580186843872
08190000,0.00987851619720459
08190500,0.07095617055892944
08194200,0.2633727192878723
08195000,-0.07450175285339355
08196000,-0.013634204864501953
08198500,0.03264272212982178
08200000,0.0305405855178833
08202700,-0.1342003345489502
08267500,0.16058343648910522
08269000,0.5186659097671509
08271000,0.5652512311935425
08324000,0.7185118198394775
08377900,0.848376989364624
08378500,0.7959935069084167
08380500,0.505934476852417
09035800,0.8665918111801147
09035900,0.9097488522529602
09047700,0.8466349840164185
09065500,0.9447081089019775
09066000,0.937652587890625
09066200,0.9099400639533997
09066300,0.9438632130622864
09081600,0.9318763613700867
09107000,0.922073483467102
09210500,0.2965432405471802
09223000,0.8199384212493896
09306242,-0.08459830284118652
09312600,0.8712974190711975
09352900,0.6297707557678223
09378170,0.5254921913146973
09386900,0.1308552622795105
09404450,0.6323449611663818
09430600,0.025760650634765625
09447800,-0.25882649421691895
09484600,0.14113068580627441
09492400,0.49399614334106445
09494000,0.48691606521606445
09497980,0.4789425730705261
09505350,-0.25013911724090576
09505800,-1.3650517463684082
09508300,0.3668879270553589
09510200,0.5550912618637085
09512280,0.31420648097991943
09513780,-0.23626303672790527
10234500,0.6100152730941772
10244950,-0.442630410194397
10259000,0.4430791139602661
10336645,0.8473683595657349
10336660,0.9077813625335693
10343500,0.7131127119064331
11124500,0.5916646718978882
11141280,0.4707222580909729
11143000,0.7462029457092285
11148900,0.49536067247390747
11151300,-0.060422301292419434
11176400,0.5383853912353516
11230500,0.6528691053390503
11237500,0.7205437421798706
11264500,0.9195305109024048
11266500,0.9232938885688782
11284400,0.397563636302948
11381500,0.5265703201293945
11451100,0.719505786895752
11468500,0.8725313544273376
11473900,0.7478163242340088
11475560,0.6815637350082397
11476600,0.8220856189727783
11478500,0.5271823406219482
11480390,0.5269994139671326
11481200,0.7739083170890808
11482500,0.8091222643852234
11522500,0.6818627119064331
11523200,0.7078384757041931
11528700,0.677891731262207
11532500,0.883695125579834
12010000,0.8779362440109253
12013500,0.8737882375717163
12020000,0.3686768412590027
12025700,0.823087751865387
12035000,0.8236218690872192
12040500,0.7639173269271851
12041200,0.6962001919746399
12048000,0.6713361740112305
12054000,0.7052873373031616
12056500,0.6710593104362488
12073500,0.5952428579330444
12082500,0.7780502438545227
12092000,0.671062707901001
12114500,0.5111068487167358
12115000,0.6738458275794983
12117000,0.7965060472488403
12143600,0.7879654765129089
12144000,0.80016028881073
12145500,0.8872737884521484
12147500,0.7471364736557007
12167000,0.5616450309753418
12175500,0.82767653465271
12178100,0.7933305501937866
12186000,0.7246367931365967
12189500,0.6924521923065186
12375900,0.6415302753448486
12377150,0.905158281326294
12381400,0.9012672305107117
12383500,0.8682006001472473
12390700,0.8843803405761719
12411000,0.7363308072090149
12447390,0.8173093795776367
12451000,0.8779250383377075
12488500,0.6209329962730408
13011500,0.8999266028404236
13011900,0.9123307466506958
13018300,0.5365642309188843
13023000,0.900980532169342
13161500,0.8527034521102905
13235000,0.7512062788009644
13240000,0.8958559632301331
13313000,0.8814907670021057
13331500,0.7900772094726562
14020000,0.6375524997711182
14096850,0.08065587282180786
14137000,0.7396621704101562
14138800,0.692524790763855
14138870,0.750834047794342
14138900,0.722678005695343
14139800,0.8006414175033569
14141500,0.7411457300186157
14154500,0.8129814863204956
14158790,0.6057654619216919
14166500,0.9092329740524292
14182500,0.7363826036453247
14185000,0.8056163787841797
14185900,0.7915464639663696
14187000,0.8742939233779907
14216500,0.40984290838241577
14222500,0.8186867833137512
14236200,0.8677158951759338
14301000,0.912024736404419
14303200,0.7664715051651001
14305500,0.8314818143844604
14306340,0.807794451713562
14306500,0.8820026516914368
14308990,0.8560590147972107
14309500,0.729566752910614
14316700,0.7917340397834778
14325000,0.6248176097869873
14362250,0.36177605390548706
14400000,0.8473690748214722
##ARM C4_s300
01022500,0.7775829434394836
01031500,0.8168893456459045
01047000,0.9074611663818359
01052500,0.862380862236023
01054200,0.5898661613464355
01055000,0.7230006456375122
01057000,0.6741126775741577
01073000,0.7782667875289917
01078000,0.791222333908081
01123000,0.8702981472015381
01134500,0.7722851037979126
01137500,0.8116267919540405
01139000,0.7731539011001587
01139800,0.696336567401886
01142500,0.7347502708435059
01144000,0.8055698871612549
01162500,0.5398478507995605
01169000,0.6702484488487244
01170100,0.504797101020813
01181000,0.7022114992141724
01187300,0.8402732610702515
01195100,0.7241593599319458
01333000,0.42974376678466797
01350000,0.5795102119445801
01350080,0.5271986722946167
01350140,0.6665732860565186
01365000,0.7849598526954651
01411300,0.6002620458602905
01413500,0.5511510372161865
01414500,0.6262043714523315
01415000,0.6624619960784912
01423000,0.6646321415901184
01434025,0.49823129177093506
01435000,0.7665532827377319
01439500,0.7481783628463745
01440000,0.7148861289024353
01440400,0.6839824914932251
01451800,0.734979510307312
01466500,0.8241452574729919
01484100,0.755647599697113
01487000,0.9271685481071472
01491000,0.8777843713760376
01510000,0.7867147922515869
01516500,0.6479042768478394
01518862,0.7515090107917786
01532000,0.7639045119285583
01539000,0.8195552229881287
01542810,0.8758836984634399
01543000,0.9214003682136536
01543500,0.9156700968742371
01544500,0.8591418862342834
01545600,0.8775729537010193
01547700,0.7670811414718628
01548500,0.9132721424102783
01549500,0.8015114068984985
01550000,0.818893313407898
01552000,0.7553713321685791
01552500,0.5644185543060303
01557500,0.8490985035896301
01567500,0.7359361052513123
01568000,0.8800038695335388
01580000,0.6419572234153748
01583500,0.4964405298233032
01586610,0.6234880685806274
01591400,0.21207094192504883
01594950,0.7439630031585693
01596500,0.8386740684509277
01605500,0.6928902864456177
01606500,0.7465050220489502
01632000,0.5097148418426514
01632900,0.7240670919418335
01634500,0.6044459939002991
01638480,0.5904442071914673
01639500,0.7567468881607056
01644000,0.8750540614128113
01664000,0.7835009694099426
01666500,0.7758477926254272
01667500,0.7844012379646301
01669000,0.8330910801887512
01669520,0.7369952201843262
02011400,0.9012843370437622
02013000,0.8159339427947998
02014000,0.828162670135498
02015700,0.8009849190711975
02016000,0.8154459595680237
02017500,0.7241826057434082
02018000,0.8115770816802979
02027000,0.7290474772453308
02027500,0.6961652636528015
02028500,0.7076358199119568
02038850,0.6975837349891663
02046000,0.7457820177078247
02051500,0.8125353455543518
02053200,0.8692348599433899
02053800,0.8464872241020203
02055100,0.6174207925796509
02056900,0.7508606910705566
02059500,0.6898241639137268
02064000,0.7602582573890686
02065500,0.28859150409698486
02069700,0.5323814749717712
02070000,0.6212183237075806
02074500,0.49870002269744873
02077200,0.6881697177886963
02081500,0.7213627099990845
02082950,0.8009525537490845
02092500,0.9310125112533569
02096846,0.6632275581359863
02102908,0.6061751842498779
02108000,0.821666955947876
02111180,0.5780081152915955
02111500,0.5984516739845276
02112120,0.567521333694458
02112360,0.731225311756134
02118500,0.5427526235580444
02125000,0.9244229793548584
02128000,0.7417096495628357
02137727,0.6407841444015503
02140991,0.4973719120025635
02143000,0.7220336198806763
02143040,0.5963072776794434
02149000,0.6254600286483765
02152100,0.6645768880844116
02177000,0.7095285654067993
02178400,0.7323341369628906
02193340,0.7303754091262817
02196000,0.8992331027984619
02198100,0.5719966888427734
02202600,0.8876515030860901
02212600,0.6658177375793457
02215100,0.803295373916626
02216180,0.6484014391899109
02221525,0.40185558795928955
02231000,0.9135043025016785
02245500,0.45065516233444214
02246000,0.7352266907691956
02296500,0.6654413938522339
02297155,-7.023144721984863
02297310,-1.7264535427093506
02298123,0.8164098262786865
02298608,0.3332434296607971
02299950,0.5273009538650513
02300700,0.1937682032585144
02342933,0.5569994449615479
02349900,0.6510024070739746
02350900,0.8603796362876892
02361000,0.8256589770317078
02363000,0.7552239894866943
02369800,0.6342688798904419
02371500,0.4323387145996094
02372250,-0.20414674282073975
02374500,0.5066381096839905
02381600,0.3848420977592468
02384540,0.6936435699462891
02395120,0.5614618062973022
02415000,0.6638398170471191
02427250,0.6428900957107544
02430085,0.7630370855331421
02450250,0.5514963865280151
02464000,0.6889876127243042
02464360,0.6590352058410645
02465493,0.3467785716056824
02469800,0.7964673042297363
02472000,0.8863040208816528
02472500,0.7399605512619019
02479155,0.6543161869049072
02479300,0.8706142902374268
02479560,0.6216833591461182
02481000,0.6951162815093994
02481510,0.7856296896934509
03010655,0.8274157047271729
03011800,0.7974326610565186
03015500,0.8303355574607849
03021350,0.7583722472190857
03026500,0.8934502005577087
03028000,0.8991733193397522
03049000,0.8052724599838257
03049800,0.6562728881835938
03050000,0.8435184955596924
03069500,0.900603175163269
03070500,0.8506941795349121
03076600,0.7640637755393982
03078000,0.8566024899482727
03140000,0.7746210098266602
03144000,0.8734474182128906
03170000,0.8146947026252747
03173000,0.8611025214195251
03180500,0.8087338805198669
03182500,0.855339765548706
03186500,0.8233147263526917
03237280,0.5118387937545776
03237500,0.643995463848114
03238500,0.6675060987472534
03241500,0.8247643709182739
03280700,0.7733991146087646
03281500,0.8615800142288208
03285000,0.6691434383392334
03291780,0.6643575429916382
03338780,0.6876898407936096
03340800,0.866459846496582
03346000,0.7442864179611206
03364500,0.6006407141685486
03366500,0.6213568449020386
03368000,0.7215077877044678
03384450,0.7862117290496826
03439000,0.6932944059371948
03455500,0.4681277871131897
03456500,0.5377693772315979
03460000,0.7770798206329346
03463300,0.6222790479660034
03471500,0.8263801336288452
03473000,0.7619028687477112
03479000,0.53642338514328
03488000,0.8547776937484741
03498500,0.8122947812080383
03500000,0.755156934261322
03500240,0.5862318277359009
03504000,0.7630953788757324
03574500,0.7292293310165405
03592718,0.2750338315963745
03604000,0.7542531490325928
04015330,0.698670506477356
04024430,0.6563990116119385
04027000,0.8162022829055786
04040500,0.8928913474082947
04043050,0.9095961451530457
04045500,0.8446862101554871
04057510,0.8171724081039429
04057800,0.7176127433776855
04059500,0.875458300113678
04063700,0.6442056894302368
04074950,0.891258180141449
04105700,0.6597250699996948
04115265,0.6476760506629944
04122200,0.7798168659210205
04122500,0.6908305883407593
04127918,0.6370407938957214
04127997,0.80291348695755
04161580,0.5900878310203552
04185000,0.8253354430198669
04196800,0.6719408631324768
04197100,0.7103052735328674
04197170,0.7705614566802979
04213000,0.743435263633728
04213075,0.4605383276939392
04216418,0.7321575284004211
04221000,0.8420126438140869
04224775,0.7810200452804565
04233000,0.7220619916915894
04256000,0.8103180527687073
04296000,0.7126861810684204
05057200,0.454109787940979
05120500,-38.821083068847656
05291000,0.33616310358047485
05362000,0.8409259915351868
05393500,0.8851280808448792
05399500,0.7684903144836426
05408000,0.5838330388069153
05413500,0.8198822140693665
05414000,0.584197461605072
05444000,0.4976571798324585
05454000,0.5188969373703003
05458000,0.6324114799499512
05466500,0.534700870513916
05487980,0.6963905096054077
05488200,0.6445565819740295
05489000,0.5969744920730591
05495000,0.7572219371795654
05495500,0.5621448159217834
05501000,0.7641131281852722
05503800,0.714807391166687
05507600,0.868050217628479
05508805,0.861187219619751
05525500,0.8522946834564209
05556500,0.6382697820663452
05584500,0.18777507543563843
05591550,0.763891875743866
05592050,0.5021582841873169
05592575,0.707073450088501
05593575,0.7752289772033691
05593900,0.7431839108467102
05595730,0.7735385894775391
06221400,0.9168961644172668
06224000,0.9473296403884888
06278300,0.802051305770874
06280300,0.7609057426452637
06289000,0.6184514760971069
06291500,0.7253671884536743
06311000,0.6795271039009094
06332515,-1.382688045501709
06339100,0.48240190744400024
06344600,-4.054983615875244
06350000,-0.5633347034454346
06352000,-0.059702277183532715
06404000,0.43052345514297485
06406000,0.010963141918182373
06409000,-7.9629716873168945
06431500,0.4412596821784973
06440200,0.5483266115188599
06447500,0.11594301462173462
06470800,0.8246718645095825
06477500,-0.4510529041290283
06479215,0.34048283100128174
06601000,0.42368561029434204
06614800,0.7469808459281921
06622700,0.8509827852249146
06623800,0.8128739595413208
06632400,0.7936009168624878
06746095,0.6614694595336914
06803510,0.796520471572876
06803530,0.7167454957962036
06814000,0.8073825836181641
06847900,0.1958383321762085
06853800,0.2831599712371826
06876700,0.4357043504714966
06878000,0.7440991997718811
06879650,0.17055320739746094
06885500,0.7871171236038208
06888500,0.6854268908500671
06889200,0.6778298616409302
06889500,0.7888355255126953
06892000,0.782023012638092
06903400,0.6223287582397461
06906800,0.8140769004821777
06910800,0.8555270433425903
06911900,0.7940182685852051
06917000,0.718369722366333
06918460,0.08629655838012695
06919500,0.8279171586036682
06921070,0.5974972248077393
06921200,0.6960076093673706
07057500,0.8985843658447266
07060710,0.728097140789032
07066000,0.8105287551879883
07083000,0.8486005663871765
07142300,0.40251684188842773
07145700,0.661284327507019
07167500,0.7191840410232544
07180500,0.7401001453399658
07184000,0.7087254524230957
07195800,0.19263345003128052
07196900,0.7198799252510071
07197000,0.8591285943984985
07208500,0.41970109939575195
07261000,0.8246297240257263
07263295,0.6295205354690552
07291000,0.5883766412734985
07299670,0.3169003129005432
07301410,0.09410011768341064
07315200,0.49607253074645996
07315700,0.628965437412262
07335700,0.5528696775436401
07340300,0.7058991193771362
07346045,0.7561248540878296
07359610,0.7902582883834839
07362100,0.3571241497993469
07362587,0.3695352077484131
07375000,0.3894575238227844
08013000,0.863782525062561
08014500,0.4366200566291809
08023080,0.35605525970458984
08050800,0.6127109527587891
08066200,0.7738616466522217
08066300,0.5569431781768799
08070000,0.6203134655952454
08070200,0.5775083303451538
08082700,0.2724970579147339
08086212,0.620870053768158
08086290,0.631219744682312
08101000,0.5694167613983154
08103900,0.3995429277420044
08104900,0.49487608671188354
08109700,0.4577444791793823
08150800,-1.0493042469024658
08158700,0.5482104420661926
08158810,0.48662739992141724
08164300,0.4749941825866699
08164600,0.5410605669021606
08165300,-5.914669513702393
08171300,0.5542365312576294
08175000,0.5324097871780396
08176900,0.2398468255996704
08178880,0.4725411534309387
08189500,0.7969334125518799
08190000,-0.2507946491241455
08190500,-0.16778504848480225
08194200,0.06328928470611572
08195000,0.018265962600708008
08196000,-0.013781547546386719
08198500,0.004271030426025391
08200000,0.15860319137573242
08202700,0.012962102890014648
08267500,0.27335160970687866
08269000,0.4609970450401306
08271000,0.7010321617126465
08324000,0.7075203657150269
08377900,0.8517473936080933
08378500,0.8422130942344666
08380500,0.3138854503631592
09035800,0.8898829817771912
09035900,0.9083704352378845
09047700,0.8387228846549988
09065500,0.9409535527229309
09066000,0.9151334762573242
09066200,0.8952612280845642
09066300,0.9353314638137817
09081600,0.9342440962791443
09107000,0.8328486680984497
09210500,0.7094032764434814
09223000,0.7686887383460999
09306242,0.27492964267730713
09312600,0.9099187850952148
09352900,0.6282010078430176
09378170,-1.0765414237976074
09386900,0.07184267044067383
09404450,0.7746585011482239
09430600,0.07440251111984253
09447800,-0.020374059677124023
09484600,0.15110373497009277
09492400,0.6018264293670654
09494000,0.48532015085220337
09497980,0.3282034993171692
09505350,0.29899799823760986
09505800,0.005585908889770508
09508300,0.3288564085960388
09510200,0.5189515352249146
09512280,0.2881008982658386
09513780,0.1342313289642334
10234500,0.745593786239624
10244950,-0.09749758243560791
10259000,0.3139945864677429
10336645,0.7503985166549683
10336660,0.8796935081481934
10343500,-0.930909276008606
11124500,0.5871803164482117
11141280,0.20689505338668823
11143000,0.5995513796806335
11148900,0.5362669229507446
11151300,0.447664737701416
11176400,0.5117977857589722
11230500,0.5235466361045837
11237500,0.8577700853347778
11264500,0.861423909664154
11266500,0.9554311037063599
11284400,0.5364325642585754
11381500,0.5941407680511475
11451100,0.5303214192390442
11468500,0.8743826746940613
11473900,0.7427375316619873
11475560,0.7605629563331604
11476600,0.7407667636871338
11478500,0.5373874306678772
11480390,0.6252506971359253
11481200,0.8002093434333801
11482500,0.8179927468299866
11522500,0.7940302491188049
11523200,0.6846504211425781
11528700,0.7765868306159973
11532500,0.8806290626525879
12010000,0.8991028666496277
12013500,0.8479156494140625
12020000,0.33551234006881714
12025700,0.8499932289123535
12035000,0.8842642307281494
12040500,0.7400274276733398
12041200,0.7128229141235352
12048000,0.6260899901390076
12054000,0.7005476951599121
12056500,0.7023897171020508
12073500,0.6262975931167603
12082500,0.7595353126525879
12092000,0.6889590620994568
12114500,0.4048205018043518
12115000,0.526749849319458
12117000,0.7816013693809509
12143600,0.7638201713562012
12144000,0.8065617084503174
12145500,0.9069525599479675
12147500,0.7856643795967102
12167000,0.6368091702461243
12175500,0.7635008096694946
12178100,0.799134373664856
12186000,0.7068871259689331
12189500,0.7135567665100098
12375900,0.7964010238647461
12377150,0.9067062139511108
12381400,0.8861579298973083
12383500,0.877460241317749
12390700,0.899917721748352
12411000,0.6512448787689209
12447390,0.5501269102096558
12451000,0.8574532270431519
12488500,0.7552350759506226
13011500,0.9187850952148438
13011900,0.87151038646698
13018300,0.5452921986579895
13023000,0.8768842220306396
13161500,0.8844475746154785
13235000,0.6873077154159546
13240000,0.8981545567512512
13313000,0.8646494150161743
13331500,0.870681643486023
14020000,0.2688373923301697
14096850,-0.12123537063598633
14137000,0.7028584480285645
14138800,0.7173818349838257
14138870,0.7831866145133972
14138900,0.7595998644828796
14139800,0.7858677506446838
14141500,0.7916562557220459
14154500,0.825951099395752
14158790,0.5915710926055908
14166500,0.9078840017318726
14182500,0.7399321794509888
14185000,0.8033366203308105
14185900,0.8180038332939148
14187000,0.8704600930213928
14216500,0.6738349199295044
14222500,0.8684680461883545
14236200,0.8573187589645386
14301000,0.8957963585853577
14303200,0.7737158536911011
14305500,0.8586863875389099
14306340,0.7963771820068359
14306500,0.8787060976028442
14308990,0.8888818621635437
14309500,0.7485957145690918
14316700,0.8294306993484497
14325000,0.6663662195205688
14362250,0.6160237193107605
14400000,0.850615918636322
##ARM C4_s400
01022500,0.8148051500320435
01031500,0.8898778557777405
01047000,0.821143388748169
01052500,0.8561668992042542
01054200,0.5910344123840332
01055000,0.6685333251953125
01057000,0.7254583835601807
01073000,0.7880308628082275
01078000,0.8067541718482971
01123000,0.7684349417686462
01134500,0.766638457775116
01137500,0.6661110520362854
01139000,0.8002616763114929
01139800,0.7519052028656006
01142500,0.7185949683189392
01144000,0.8105261921882629
01162500,0.49167776107788086
01169000,0.5708930492401123
01170100,0.5525473952293396
01181000,0.5424243211746216
01187300,0.6796712875366211
01195100,0.6943212747573853
01333000,0.4946667551994324
01350000,0.509109377861023
01350080,0.5487442016601562
01350140,0.6507967710494995
01365000,0.7446190118789673
01411300,0.7917648553848267
01413500,0.4929335117340088
01414500,0.43637406826019287
01415000,0.6580237150192261
01423000,0.6943723559379578
01434025,0.4919988512992859
01435000,0.6939902901649475
01439500,0.7922251224517822
01440000,0.8435512781143188
01440400,0.6814678907394409
01451800,0.756623387336731
01466500,0.7831147909164429
01484100,0.6668794751167297
01487000,0.8800815343856812
01491000,0.8280092477798462
01510000,0.6680165529251099
01516500,0.6490525007247925
01518862,0.7487244606018066
01532000,0.6865571141242981
01539000,0.810380220413208
01542810,0.8692630529403687
01543000,0.9140462279319763
01543500,0.8951528668403625
01544500,0.8833848237991333
01545600,0.864433228969574
01547700,0.6969864368438721
01548500,0.8566044569015503
01549500,0.6929283142089844
01550000,0.7633280754089355
01552000,0.7479901909828186
01552500,0.6425224542617798
01557500,0.8393865823745728
01567500,0.7860471606254578
01568000,0.8646860718727112
01580000,0.6663196682929993
01583500,0.4515215754508972
01586610,0.6698383092880249
01591400,0.31593000888824463
01594950,0.765709638595581
01596500,0.8376328945159912
01605500,0.644271731376648
01606500,0.7363293766975403
01632000,0.5435718894004822
01632900,0.7476394176483154
01634500,0.6551527380943298
01638480,0.6439827084541321
01639500,0.7343201637268066
01644000,0.8643390536308289
01664000,0.8560299873352051
01666500,0.7110971212387085
01667500,0.7826036810874939
01669000,0.8007749319076538
01669520,0.7137863039970398
02011400,0.8823513388633728
02013000,0.8184298276901245
02014000,0.8479112386703491
02015700,0.753122866153717
02016000,0.8983274698257446
02017500,0.6988046765327454
02018000,0.8195163607597351
02027000,0.7209415435791016
02027500,0.615321159362793
02028500,0.7741104960441589
02038850,0.7455335855484009
02046000,0.7420320510864258
02051500,0.7673168182373047
02053200,0.829347550868988
02053800,0.8160452246665955
02055100,0.6377878189086914
02056900,0.7157063484191895
02059500,0.7240614891052246
02064000,0.8239044547080994
02065500,0.2698472738265991
02069700,0.5916796922683716
02070000,0.5841130018234253
02074500,0.5776616334915161
02077200,0.7561608552932739
02081500,0.7655994296073914
02082950,0.8463380336761475
02092500,0.9562854170799255
02096846,0.5157396197319031
02102908,0.6161993741989136
02108000,0.7831957340240479
02111180,0.5621531009674072
02111500,0.564445972442627
02112120,0.5593643188476562
02112360,0.7068503499031067
02118500,0.5587905049324036
02125000,0.9139835834503174
02128000,0.6580265760421753
02137727,0.6041404008865356
02140991,-0.545229434967041
02143000,0.6882163286209106
02143040,0.5760954022407532
02149000,0.6375539302825928
02152100,0.6513345241546631
02177000,0.7837870121002197
02178400,0.7067945003509521
02193340,0.8373498320579529
02196000,0.8442355394363403
02198100,0.7126783728599548
02202600,0.7477331161499023
02212600,0.7235976457595825
02215100,0.8373736143112183
02216180,0.7684255242347717
02221525,0.5283754467964172
02231000,0.9173151850700378
02245500,0.07487708330154419
02246000,0.7043315172195435
02296500,0.5960104465484619
02297155,-5.292531490325928
02297310,-0.1250612735748291
02298123,0.7969962358474731
02298608,0.3072007894515991
02299950,0.43240493535995483
02300700,0.14037740230560303
02342933,0.5087052583694458
02349900,0.5721549391746521
02350900,0.7803729772567749
02361000,0.5909963846206665
02363000,0.739499568939209
02369800,0.6450330018997192
02371500,0.7141010761260986
02372250,-0.3813636302947998
02374500,0.41999584436416626
02381600,0.23241102695465088
02384540,0.686016857624054
02395120,0.46487897634506226
02415000,0.6519044637680054
02427250,0.5889157056808472
02430085,0.7059385776519775
02450250,0.5168015956878662
02464000,0.6617947816848755
02464360,0.5740435123443604
02465493,0.3514328598976135
02469800,0.774126410484314
02472000,0.8936353921890259
02472500,0.6752570867538452
02479155,0.7206442356109619
02479300,0.8058091402053833
02479560,0.6584576964378357
02481000,0.6496263742446899
02481510,0.7108551859855652
03010655,0.8318254351615906
03011800,0.8226063251495361
03015500,0.8227819204330444
03021350,0.7975709438323975
03026500,0.8765151500701904
03028000,0.865180492401123
03049000,0.7230381369590759
03049800,0.5914353132247925
03050000,0.858440637588501
03069500,0.8957642316818237
03070500,0.8218621611595154
03076600,0.7538957595825195
03078000,0.8257265686988831
03140000,0.7604156732559204
03144000,0.8687368631362915
03170000,0.8027831315994263
03173000,0.8439575433731079
03180500,0.8203763961791992
03182500,0.8654614090919495
03186500,0.8506461381912231
03237280,0.47390425205230713
03237500,0.6051058173179626
03238500,0.5483221411705017
03241500,0.8201537728309631
03280700,0.717891275882721
03281500,0.8387232422828674
03285000,0.6250925064086914
03291780,0.6413207054138184
03338780,0.7570555210113525
03340800,0.8656758069992065
03346000,0.6925255060195923
03364500,0.639091432094574
03366500,0.5536685585975647
03368000,0.720483660697937
03384450,0.7513284683227539
03439000,0.6787000298500061
03455500,0.4027519226074219
03456500,0.5513589382171631
03460000,0.7810739874839783
03463300,0.7012178897857666
03471500,0.7638540863990784
03473000,0.7580004930496216
03479000,0.5880004167556763
03488000,0.8281829357147217
03498500,0.8624159693717957
03500000,0.8141500949859619
03500240,0.5524358749389648
03504000,0.7623373866081238
03574500,0.7098416090011597
03592718,0.5662317872047424
03604000,0.7575899362564087
04015330,0.6515325307846069
04024430,0.5282847881317139
04027000,0.7819696664810181
04040500,0.8547661304473877
04043050,0.7684219479560852
04045500,0.8826101422309875
04057510,0.7622396945953369
04057800,0.7653172016143799
04059500,0.7836508750915527
04063700,0.5055134892463684
04074950,0.8758604526519775
04105700,0.643218994140625
04115265,0.7501071095466614
04122200,0.7659156322479248
04122500,0.6756083369255066
04127918,0.752835214138031
04127997,0.43666207790374756
04161580,0.7180060148239136
04185000,0.7641544938087463
04196800,0.7018725275993347
04197100,0.7348946332931519
04197170,0.7639409899711609
04213000,0.6584703922271729
04213075,0.422585129737854
04216418,0.7108769416809082
04221000,0.8300034999847412
04224775,0.7785403728485107
04233000,0.7822263836860657
04256000,0.7988333702087402
04296000,0.6681208610534668
05057200,0.6071395874023438
05120500,-22.68438720703125
05291000,0.3866264820098877
05362000,0.8357334136962891
05393500,0.7622390389442444
05399500,0.7760015726089478
05408000,0.8043479919433594
05413500,0.7819522023200989
05414000,0.6402525305747986
05444000,0.522030234336853
05454000,0.49000030755996704
05458000,0.7524594664573669
05466500,0.6726471185684204
05487980,0.7528626918792725
05488200,0.7073690891265869
05489000,0.7131267786026001
05495000,0.7721887826919556
05495500,0.5865840315818787
05501000,0.7772490978240967
05503800,0.8201663494110107
05507600,0.8624249696731567
05508805,0.8774791359901428
05525500,0.8825277090072632
05556500,0.6855959892272949
05584500,0.15037840604782104
05591550,0.7313718795776367
05592050,0.6117891073226929
05592575,0.6425618529319763
05593575,0.7269415855407715
05593900,0.7339666485786438
05595730,0.7922115325927734
06221400,0.892294704914093
06224000,0.9299919605255127
06278300,0.868638277053833
06280300,0.7805308699607849
06289000,0.5148288011550903
06291500,0.6525912880897522
06311000,0.6446051597595215
06332515,-0.04210257530212402
06339100,0.5983437299728394
06344600,-0.777347207069397
06350000,0.004573822021484375
06352000,0.1109204888343811
06404000,0.4408472776412964
06406000,0.02271980047225952
06409000,-7.0771026611328125
06431500,0.46062231063842773
06440200,0.711355447769165
06447500,0.3800033926963806
06470800,0.8378881812095642
06477500,-0.2855294942855835
06479215,0.4302330017089844
06601000,0.4663742184638977
06614800,0.7712204456329346
06622700,0.8776453733444214
06623800,0.8054251074790955
06632400,0.6969901323318481
06746095,0.849922239780426
06803510,0.7866789698600769
06803530,0.7383472919464111
06814000,0.7293850183486938
06847900,0.09157663583755493
06853800,0.1951799988746643
06876700,0.39026904106140137
06878000,0.7098579406738281
06879650,0.36775654554367065
06885500,0.8316254019737244
06888500,0.6918445825576782
06889200,0.7435998916625977
06889500,0.7742804288864136
06892000,0.732140064239502
06903400,0.7010374665260315
06906800,0.8111593127250671
06910800,0.8386784791946411
06911900,0.8787921071052551
06917000,0.5070723295211792
06918460,-0.45355188846588135
06919500,0.7781493663787842
06921070,0.6222966313362122
06921200,0.6953898668289185
07057500,0.8947904109954834
07060710,0.6461244225502014
07066000,0.8275413513183594
07083000,0.8140964508056641
07142300,0.43646812438964844
07145700,0.7735331058502197
07167500,0.681123673915863
07180500,0.7752109169960022
07184000,0.7356574535369873
07195800,-0.2035529613494873
07196900,0.686402440071106
07197000,0.8483157753944397
07208500,0.5490336418151855
07261000,0.9064636826515198
07263295,0.691315770149231
07291000,0.6261950135231018
07299670,0.4283992648124695
07301410,0.06483149528503418
07315200,0.485800564289093
07315700,0.6821799874305725
07335700,0.6369656324386597
07340300,0.778763473033905
07346045,0.5608752965927124
07359610,0.7569127082824707
07362100,0.5363062620162964
07362587,0.425104022026062
07375000,0.4924922585487366
08013000,0.8127685189247131
08014500,0.4713507294654846
08023080,0.6385247707366943
08050800,0.3340679407119751
08066200,0.8381316661834717
08066300,0.6051421165466309
08070000,0.5499145984649658
08070200,0.5749227404594421
08082700,0.30028581619262695
08086212,0.620640754699707
08086290,0.604233980178833
08101000,0.5043988227844238
08103900,0.30501675605773926
08104900,0.4949202537536621
08109700,0.5581738948822021
08150800,-1.4897501468658447
08158700,0.634340763092041
08158810,0.49607664346694946
08164300,0.5189051628112793
08164600,0.5948876142501831
08165300,-18.575971603393555
08171300,0.47598063945770264
08175000,0.3857472538948059
08176900,-0.0057981014251708984
08178880,0.49927961826324463
08189500,0.5237654447555542
08190000,0.27073925733566284
08190500,0.08230054378509521
08194200,0.008587896823883057
08195000,0.12564092874526978
08196000,0.21030956506729126
08198500,0.10794574022293091
08200000,0.4532291889190674
08202700,0.16413718461990356
08267500,-0.12315070629119873
08269000,0.24479323625564575
08271000,0.3986092209815979
08324000,0.7109802961349487
08377900,0.8809043169021606
08378500,0.8172619342803955
08380500,0.38681209087371826
09035800,0.862666666507721
09035900,0.945813000202179
09047700,0.9217574000358582
09065500,0.9555959701538086
09066000,0.9499495029449463
09066200,0.9192984104156494
09066300,0.8654272556304932
09081600,0.9248363375663757
09107000,0.927570641040802
09210500,0.8270379304885864
09223000,0.8604483604431152
09306242,0.2981609106063843
09312600,0.9199481010437012
09352900,0.7928102612495422
09378170,0.5259133577346802
09386900,0.1227077841758728
09404450,0.393426775932312
09430600,0.06104397773742676
09447800,-0.35515880584716797
09484600,0.14803194999694824
09492400,0.6648061275482178
09494000,0.35944515466690063
09497980,0.528226375579834
09505350,-0.07715880870819092
09505800,-0.7682753801345825
09508300,0.3583201766014099
09510200,0.47719061374664307
09512280,0.31170666217803955
09513780,-0.04350399971008301
10234500,0.6654301881790161
10244950,-0.5269523859024048
10259000,0.27634865045547485
10336645,0.7879601716995239
10336660,0.9031370878219604
10343500,0.4913322925567627
11124500,0.6762274503707886
11141280,0.3250235915184021
11143000,0.4458496570587158
11148900,0.6000820398330688
11151300,0.26510047912597656
11176400,0.5762804746627808
11230500,0.7589389085769653
11237500,0.5871634483337402
11264500,0.9396069645881653
11266500,0.9705756306648254
11284400,0.465676486492157
11381500,0.6974271535873413
11451100,0.7212758660316467
11468500,0.8783859610557556
11473900,0.7544364929199219
11475560,0.743157148361206
11476600,0.7882922887802124
11478500,0.4858044385910034
11480390,0.4790738821029663
11481200,0.8104307651519775
11482500,0.8068264722824097
11522500,0.7700784802436829
11523200,0.7666347026824951
11528700,0.694827675819397
11532500,0.9099894762039185
12010000,0.8926630616188049
12013500,0.8566440939903259
12020000,0.3375459313392639
12025700,0.8820307850837708
12035000,0.8721595406532288
12040500,0.7611276507377625
12041200,0.7049225568771362
12048000,0.7061181664466858
12054000,0.7376959323883057
12056500,0.6235791444778442
12073500,0.556565523147583
12082500,0.8025407791137695
12092000,0.64580237865448
12114500,0.45681411027908325
12115000,0.6190967559814453
12117000,0.7093091011047363
12143600,0.7575827836990356
12144000,0.7748783230781555
12145500,0.9211466312408447
12147500,0.7427635192871094
12167000,0.6450722813606262
12175500,0.7412323355674744
12178100,0.7867882251739502
12186000,0.7238767743110657
12189500,0.7351435422897339
12375900,0.681449294090271
12377150,0.8779090046882629
12381400,0.8877798914909363
12383500,0.9240986108779907
12390700,0.9342855215072632
12411000,0.7918277978897095
12447390,0.5562929511070251
12451000,0.7651033401489258
12488500,0.5737479329109192
13011500,0.8511496186256409
13011900,0.9428354501724243
13018300,0.5262715220451355
13023000,0.8705724477767944
13161500,0.8478251099586487
13235000,0.7364176511764526
13240000,0.910889208316803
13313000,0.8837371468544006
13331500,0.8808969855308533
14020000,0.5485917925834656
14096850,0.23032903671264648
14137000,0.8268032073974609
14138800,0.7388297319412231
14138870,0.8126152753829956
14138900,0.732290506362915
14139800,0.7964481115341187
14141500,0.8274167776107788
14154500,0.8135985136032104
14158790,0.6639131307601929
14166500,0.9081196188926697
14182500,0.7575902938842773
14185000,0.8398711085319519
14185900,0.8309781551361084
14187000,0.883608341217041
14216500,0.5722919702529907
14222500,0.8713677525520325
14236200,0.8727272748947144
14301000,0.8983813524246216
14303200,0.7638293504714966
14305500,0.8593552708625793
14306340,0.8122633695602417
14306500,0.8763170838356018
14308990,0.9159926772117615
14309500,0.7331115007400513
14316700,0.7490633726119995
14325000,0.6096925139427185
14362250,0.74695885181427
14400000,0.8509566783905029
##ARM C4_s500
01022500,0.8570781946182251
01031500,0.8466179370880127
01047000,0.8587691783905029
01052500,0.8241255283355713
01054200,0.6158827543258667
01055000,0.7446497678756714
01057000,0.7854223847389221
01073000,0.7478007078170776
01078000,0.803225040435791
01123000,0.7445369958877563
01134500,0.7642271518707275
01137500,0.8196553587913513
01139000,0.7203701734542847
01139800,0.7234889268875122
01142500,0.6970683336257935
01144000,0.7594115138053894
01162500,0.7006298303604126
01169000,0.5096158385276794
01170100,0.560740053653717
01181000,0.6915567517280579
01187300,0.8268600106239319
01195100,0.7135319709777832
01333000,0.4618074297904968
01350000,0.47448235750198364
01350080,0.3432210087776184
01350140,0.6490062475204468
01365000,0.7457805871963501
01411300,0.7767809629440308
01413500,0.62514728307724
01414500,0.5905088186264038
01415000,0.6419206857681274
01423000,0.6326102018356323
01434025,0.5722856521606445
01435000,0.712669849395752
01439500,0.7660769820213318
01440000,0.82244473695755
01440400,0.7645749449729919
01451800,0.7334773540496826
01466500,0.7926132678985596
01484100,0.7340480089187622
01487000,0.8325648903846741
01491000,0.8165999054908752
01510000,0.7379300594329834
01516500,0.580764889717102
01518862,0.7192015051841736
01532000,0.7359856367111206
01539000,0.7714223861694336
01542810,0.8546024560928345
01543000,0.9106600284576416
01543500,0.9155011177062988
01544500,0.8871191740036011
01545600,0.8619795441627502
01547700,0.6817094087600708
01548500,0.899753749370575
01549500,0.766273558139801
01550000,0.8385235667228699
01552000,0.8075573444366455
01552500,0.7287648916244507
01557500,0.8275469541549683
01567500,0.8247202634811401
01568000,0.8389325141906738
01580000,0.6251946687698364
01583500,0.5170337557792664
01586610,0.5663586854934692
01591400,0.4048888087272644
01594950,0.6593233942985535
01596500,0.8342965245246887
01605500,0.63056880235672
01606500,0.7293987274169922
01632000,0.4882161617279053
01632900,0.702446460723877
01634500,0.547595202922821
01638480,0.6994894742965698
01639500,0.6980537176132202
01644000,0.7685945630073547
01664000,0.8037654757499695
01666500,0.700346827507019
01667500,0.6753493547439575
01669000,0.7792796492576599
01669520,0.7592605948448181
02011400,0.8535786271095276
02013000,0.8105107545852661
02014000,0.8322092890739441
02015700,0.7039135098457336
02016000,0.8052283525466919
02017500,0.7131729125976562
02018000,0.757007896900177
02027000,0.7406651377677917
02027500,0.59722900390625
02028500,0.7634861469268799
02038850,0.6887435913085938
02046000,0.7367046475410461
02051500,0.7968460321426392
02053200,0.8129974603652954
02053800,0.7689418792724609
02055100,0.567263126373291
02056900,0.7459083795547485
02059500,0.6570954322814941
02064000,0.7730318307876587
02065500,0.21520328521728516
02069700,0.5020440816879272
02070000,0.6111242771148682
02074500,0.5114197731018066
02077200,0.7739123106002808
02081500,0.768297553062439
02082950,0.8481673002243042
02092500,0.8503022789955139
02096846,0.16751575469970703
02102908,0.6451365351676941
02108000,0.8398814797401428
02111180,0.6172089576721191
02111500,0.557526171207428
02112120,0.3570597767829895
02112360,0.5345408916473389
02118500,0.5610710382461548
02125000,0.8156911730766296
02128000,0.6693433523178101
02137727,0.7012419700622559
02140991,0.44491463899612427
02143000,0.7264558672904968
02143040,0.5667693018913269
02149000,0.6405531167984009
02152100,0.6841563582420349
02177000,0.7842323780059814
02178400,0.7260512113571167
02193340,0.8739796876907349
02196000,0.9105161428451538
02198100,0.6127121448516846
02202600,0.8461065888404846
02212600,0.7677286863327026
02215100,0.6949121952056885
02216180,0.6808420419692993
02221525,0.5977698564529419
02231000,0.8861043453216553
02245500,0.6847880482673645
02246000,0.7314229011535645
02296500,0.7748886942863464
02297155,-9.73543643951416
02297310,-0.6254727840423584
02298123,0.9063382148742676
02298608,0.43328386545181274
02299950,0.4961320757865906
02300700,0.10609221458435059
02342933,0.424233615398407
02349900,0.5930979251861572
02350900,0.8194119930267334
02361000,0.7922065258026123
02363000,0.7496469020843506
02369800,0.6419143676757812
02371500,0.4516233801841736
02372250,0.137923002243042
02374500,0.3341037631034851
02381600,0.2187301516532898
02384540,0.7418424487113953
02395120,0.5277207493782043
02415000,0.7103672027587891
02427250,0.6723542213439941
02430085,0.7725388407707214
02450250,0.41306447982788086
02464000,0.6928175091743469
02464360,0.5955389738082886
02465493,0.47164255380630493
02469800,0.7543023824691772
02472000,0.8657576441764832
02472500,0.7695266604423523
02479155,0.693719208240509
02479300,0.7741495370864868
02479560,0.6007147431373596
02481000,0.6547583341598511
02481510,0.7173446416854858
03010655,0.8649225234985352
03011800,0.820525050163269
03015500,0.809649646282196
03021350,0.7146347165107727
03026500,0.8857654333114624
03028000,0.8895958662033081
03049000,0.7678588032722473
03049800,0.6797767877578735
03050000,0.8533759117126465
03069500,0.8792767524719238
03070500,0.7994876503944397
03076600,0.7325993180274963
03078000,0.8104801177978516
03140000,0.785061776638031
03144000,0.8336254358291626
03170000,0.7726541757583618
03173000,0.8146566152572632
03180500,0.8563153743743896
03182500,0.8594269752502441
03186500,0.832909345626831
03237280,0.5965685844421387
03237500,0.5788023471832275
03238500,0.5629539489746094
03241500,0.8104474544525146
03280700,0.730659008026123
03281500,0.8124310374259949
03285000,0.653490424156189
03291780,0.556698203086853
03338780,0.659992516040802
03340800,0.8386029005050659
03346000,0.7007197141647339
03364500,0.6532851457595825
03366500,0.5276342034339905
03368000,0.7420003414154053
03384450,0.7720986008644104
03439000,0.6781401634216309
03455500,0.5511853694915771
03456500,0.5794929265975952
03460000,0.7578639388084412
03463300,0.7402304410934448
03471500,0.7225602269172668
03473000,0.8051918745040894
03479000,0.553112268447876
03488000,0.7581504583358765
03498500,0.8068742752075195
03500000,0.7930961847305298
03500240,0.6854768991470337
03504000,0.7591901421546936
03574500,0.7220849990844727
03592718,0.483583927154541
03604000,0.6912459135055542
04015330,0.7045210003852844
04024430,0.3389626145362854
04027000,0.7649357318878174
04040500,0.8751088976860046
04043050,0.9102475047111511
04045500,0.8853094577789307
04057510,0.755696713924408
04057800,0.7094992995262146
04059500,0.90220046043396
04063700,0.6527118682861328
04074950,0.8864008784294128
04105700,0.7498199343681335
04115265,0.7693361043930054
04122200,0.7631776332855225
04122500,0.6297399997711182
04127918,0.4829937219619751
04127997,0.7244223356246948
04161580,0.7254892587661743
04185000,0.8075191974639893
04196800,0.7718058228492737
04197100,0.647415280342102
04197170,0.7499382495880127
04213000,0.7221534848213196
04213075,0.4614372253417969
04216418,0.690434455871582
04221000,0.8409488201141357
04224775,0.8087140321731567
04233000,0.7670327425003052
04256000,0.8066878914833069
04296000,0.7232668399810791
05057200,0.4931636452674866
05120500,-40.5311393737793
05291000,0.3570103645324707
05362000,0.8233557939529419
05393500,0.860042929649353
05399500,0.7148528099060059
05408000,0.6075093746185303
05413500,0.7973886728286743
05414000,0.44365495443344116
05444000,0.429878294467926
05454000,0.4559745192527771
05458000,0.5486228466033936
05466500,0.6308846473693848
05487980,0.6939125061035156
05488200,0.6775931119918823
05489000,0.6882299184799194
05495000,0.7177521586418152
05495500,0.6844611763954163
05501000,0.7305935621261597
05503800,0.7658633589744568
05507600,0.853471040725708
05508805,0.8741368651390076
05525500,0.8182642459869385
05556500,0.7484588623046875
05584500,0.39203280210494995
05591550,0.7157244682312012
05592050,0.5482240915298462
05592575,0.7519493699073792
05593575,0.7740621566772461
05593900,0.6813838481903076
05595730,0.7821012735366821
06221400,0.9089648723602295
06224000,0.9096869230270386
06278300,0.8344094157218933
06280300,0.8164366483688354
06289000,0.5334011316299438
06291500,0.5914163589477539
06311000,0.6582672595977783
06332515,0.7519410848617554
06339100,0.48746734857559204
06344600,-3.7502379417419434
06350000,-0.010874152183532715
06352000,0.08196741342544556
06404000,0.35540181398391724
06406000,-0.06126666069030762
06409000,-6.753307342529297
06431500,0.39488446712493896
06440200,0.5209242105484009
06447500,0.433576762676239
06470800,0.5885166525840759
06477500,-0.1083986759185791
06479215,-0.17061424255371094
06601000,0.029673993587493896
06614800,0.7470035552978516
06622700,0.7875447869300842
06623800,0.859386682510376
06632400,0.7928482294082642
06746095,0.7383521795272827
06803510,0.7196304798126221
06803530,0.6348726749420166
06814000,0.7674322724342346
06847900,0.13907665014266968
06853800,0.3082731366157532
06876700,0.43586575984954834
06878000,0.7498332858085632
06879650,0.3338625431060791
06885500,0.726534366607666
06888500,0.7054427862167358
06889200,0.6812611818313599
06889500,0.8092116117477417
06892000,0.846596360206604
06903400,0.7155319452285767
06906800,0.6190910339355469
06910800,0.8071856498718262
06911900,0.8997637033462524
06917000,0.647750973701477
06918460,0.018505990505218506
06919500,0.8214841485023499
06921070,0.5957711338996887
06921200,0.6988329887390137
07057500,0.8419861793518066
07060710,0.5687763690948486
07066000,0.7601932287216187
07083000,0.7768949270248413
07142300,0.19579476118087769
07145700,0.6581597328186035
07167500,0.6780493259429932
07180500,0.6114979982376099
07184000,0.6390411257743835
07195800,-0.027875304222106934
07196900,0.7754728198051453
07197000,0.8826932907104492
07208500,0.611703634262085
07261000,0.8929240703582764
07263295,0.5921330451965332
07291000,0.5966376066207886
07299670,0.18273764848709106
07301410,0.061548829078674316
07315200,0.39320844411849976
07315700,0.7070808410644531
07335700,0.5944899320602417
07340300,0.6911886930465698
07346045,0.6370502710342407
07359610,0.7514856457710266
07362100,0.4905807375907898
07362587,0.4723946452140808
07375000,0.5012050867080688
08013000,0.7444102168083191
08014500,0.4968380331993103
08023080,0.6484469771385193
08050800,0.4536110758781433
08066200,0.7926803827285767
08066300,0.674044132232666
08070000,0.6670267581939697
08070200,0.6503210067749023
08082700,0.24979931116104126
08086212,0.6465874314308167
08086290,0.6185320615768433
08101000,0.5812886953353882
08103900,0.44215428829193115
08104900,0.3795883059501648
08109700,0.4853785037994385
08150800,-1.2094883918762207
08158700,0.4880490303039551
08158810,0.5504167675971985
08164300,0.4968762993812561
08164600,0.6440747976303101
08165300,-19.038063049316406
08171300,0.48607438802719116
08175000,0.4563734531402588
08176900,0.2593327760696411
08178880,0.3189396262168884
08189500,0.7663689851760864
08190000,0.17873477935791016
08190500,0.04339194297790527
08194200,-0.15878283977508545
08195000,0.23057466745376587
08196000,0.06084483861923218
08198500,-0.014140963554382324
08200000,0.23921507596969604
08202700,0.0780249834060669
08267500,0.0015807747840881348
08269000,0.12103384733200073
08271000,0.07707923650741577
08324000,0.7088359594345093
08377900,0.7947418689727783
08378500,0.8862138390541077
08380500,0.2728577256202698
09035800,0.7824701070785522
09035900,0.9563001990318298
09047700,0.893825888633728
09065500,0.9361851811408997
09066000,0.9466238021850586
09066200,0.894178032875061
09066300,0.8602511286735535
09081600,0.9446487426757812
09107000,0.9258393049240112
09210500,0.49041932821273804
09223000,0.8777072429656982
09306242,0.17146366834640503
09312600,0.6800894141197205
09352900,0.6764668822288513
09378170,0.42164045572280884
09386900,0.10815906524658203
09404450,0.7094247341156006
09430600,0.10080122947692871
09447800,0.015171587467193604
09484600,0.19071036577224731
09492400,0.5300934314727783
09494000,0.5388337969779968
09497980,0.4318271279335022
09505350,0.21529912948608398
09505800,-0.4496079683303833
09508300,0.3618267774581909
09510200,0.5858819484710693
09512280,0.3553459048271179
09513780,0.18399399518966675
10234500,0.671928346157074
10244950,-0.47389042377471924
10259000,0.3071426749229431
10336645,0.8574833869934082
10336660,0.8915743827819824
10343500,0.5575553178787231
11124500,0.5265838503837585
11141280,0.05223971605300903
11143000,0.6414276361465454
11148900,0.542410671710968
11151300,0.6152713298797607
11176400,0.4368937015533447
11230500,0.5660536289215088
11237500,0.7547482252120972
11264500,0.9664234519004822
11266500,0.9668292999267578
11284400,0.4317473769187927
11381500,0.6525360345840454
11451100,0.6548266410827637
11468500,0.8800742030143738
11473900,0.7545400261878967
11475560,0.7450377941131592
11476600,0.8531503677368164
11478500,0.6506319046020508
11480390,0.6629013419151306
11481200,0.8185348510742188
11482500,0.8172911405563354
11522500,0.7834134697914124
11523200,0.749130368232727
11528700,0.7931487560272217
11532500,0.8952534198760986
12010000,0.905711829662323
12013500,0.8632804155349731
12020000,0.3105549216270447
12025700,0.8926554322242737
12035000,0.8416956663131714
12040500,0.7792428731918335
12041200,0.7565007209777832
12048000,0.6252269148826599
12054000,0.6597079634666443
12056500,0.6746727228164673
12073500,0.757408618927002
12082500,0.7940528392791748
12092000,0.7404271960258484
12114500,0.4055219292640686
12115000,0.5381457209587097
12117000,0.758538544178009
12143600,0.7173968553543091
12144000,0.7553409337997437
12145500,0.8798965811729431
12147500,0.8184852600097656
12167000,0.680105447769165
12175500,0.809214174747467
12178100,0.7381162047386169
12186000,0.7310324907302856
12189500,0.7111943960189819
12375900,0.7547769546508789
12377150,0.8170915246009827
12381400,0.7873584032058716
12383500,0.741840124130249
12390700,0.8395982980728149
12411000,0.759387731552124
12447390,0.41229814291000366
12451000,0.9058423638343811
12488500,0.6645634174346924
13011500,0.8637989163398743
13011900,0.836978554725647
13018300,0.4116934537887573
13023000,0.9080051183700562
13161500,0.8214676380157471
13235000,0.8086538910865784
13240000,0.8862605094909668
13313000,0.8845803737640381
13331500,0.8165280222892761
14020000,0.586273193359375
14096850,-0.054343342781066895
14137000,0.8411189913749695
14138800,0.7340855002403259
14138870,0.8080430030822754
14138900,0.7462418675422668
14139800,0.7626277804374695
14141500,0.7992833852767944
14154500,0.773128867149353
14158790,0.6495898962020874
14166500,0.9018683433532715
14182500,0.7105263471603394
14185000,0.8062794208526611
14185900,0.8126921653747559
14187000,0.8770034909248352
14216500,0.44601935148239136
14222500,0.8737810850143433
14236200,0.8726815581321716
14301000,0.9351423978805542
14303200,0.7419981956481934
14305500,0.8626437187194824
14306340,0.7882307171821594
14306500,0.8816922307014465
14308990,0.8398795127868652
14309500,0.6950057744979858
14316700,0.656370222568512
14325000,0.6389983892440796
14362250,0.6306289434432983
14400000,0.854485034942627
##ARM C4_s600
01022500,0.8573497533798218
01031500,0.8812269568443298
01047000,0.7569538354873657
01052500,0.857335090637207
01054200,0.49989718198776245
01055000,0.6784288287162781
01057000,0.6662107706069946
01073000,0.783174991607666
01078000,0.8196115493774414
01123000,0.742974042892456
01134500,0.8010209202766418
01137500,0.6750876307487488
01139000,0.8282982707023621
01139800,0.7457992434501648
01142500,0.7147125005722046
01144000,0.8383474349975586
01162500,0.5891767740249634
01169000,0.69950270652771
01170100,0.745083212852478
01181000,0.6047676801681519
01187300,0.7223368883132935
01195100,0.6740935444831848
01333000,0.45968306064605713
01350000,0.5727033615112305
01350080,0.718552827835083
01350140,0.6635745763778687
01365000,0.7784662842750549
01411300,0.7147600650787354
01413500,0.5800947546958923
01414500,0.5732738971710205
01415000,0.593469500541687
01423000,0.739586353302002
01434025,0.651373028755188
01435000,0.7268224954605103
01439500,0.773992657661438
01440000,0.7063261270523071
01440400,0.6938052177429199
01451800,0.7448024749755859
01466500,0.7774258852005005
01484100,0.733772873878479
01487000,0.9170714020729065
01491000,0.8845919370651245
01510000,0.6053169965744019
01516500,0.6341771483421326
01518862,0.7544483542442322
01532000,0.7242332696914673
01539000,0.8161953091621399
01542810,0.8589309453964233
01543000,0.9132323265075684
01543500,0.900931715965271
01544500,0.8925684094429016
01545600,0.8646135330200195
01547700,0.6831543445587158
01548500,0.8991653323173523
01549500,0.7240790128707886
01550000,0.8268412351608276
01552000,0.782190203666687
01552500,0.6481665372848511
01557500,0.831100583076477
01567500,0.7713111639022827
01568000,0.8757424354553223
01580000,0.5586586594581604
01583500,0.4854896068572998
01586610,0.5295106172561646
01591400,0.30825310945510864
01594950,0.7495585680007935
01596500,0.809570848941803
01605500,0.6838820576667786
01606500,0.7367832660675049
01632000,0.5046329498291016
01632900,0.6605387926101685
01634500,0.5948047637939453
01638480,0.5054605603218079
01639500,0.7062535285949707
01644000,0.8590683937072754
01664000,0.8651914596557617
01666500,0.7231192588806152
01667500,0.6919034719467163
01669000,0.8795360922813416
01669520,0.6860556602478027
02011400,0.8950732350349426
02013000,0.7964212894439697
02014000,0.8267127871513367
02015700,0.7286672592163086
02016000,0.8338211178779602
02017500,0.6635507345199585
02018000,0.7915928959846497
02027000,0.6908026933670044
02027500,0.34398090839385986
02028500,0.7014682292938232
02038850,0.6174824237823486
02046000,0.7029542922973633
02051500,0.8065756559371948
02053200,0.7984452843666077
02053800,0.7965243458747864
02055100,0.6223733425140381
02056900,0.7402989864349365
02059500,0.6860945224761963
02064000,0.8517488837242126
02065500,0.3590901494026184
02069700,0.5437415838241577
02070000,0.6212958097457886
02074500,0.5296885967254639
02077200,0.6692519783973694
02081500,0.7639060616493225
02082950,0.7120330333709717
02092500,0.8792478442192078
02096846,0.3060401678085327
02102908,0.7327879667282104
02108000,0.7689934372901917
02111180,0.6350131034851074
02111500,0.5185129642486572
02112120,0.5820783376693726
02112360,0.7360426187515259
02118500,0.5744320154190063
02125000,0.9204114079475403
02128000,0.6981748938560486
02137727,0.679851233959198
02140991,0.6755989193916321
02143000,0.6972974538803101
02143040,0.5316632390022278
02149000,0.5917758941650391
02152100,0.6636765003204346
02177000,0.7140072584152222
02178400,0.6938926577568054
02193340,0.6668998003005981
02196000,0.9085861444473267
02198100,0.3936927318572998
02202600,0.8185431957244873
02212600,0.8726078271865845
02215100,0.7646975517272949
02216180,0.6864368319511414
02221525,0.4687448740005493
02231000,0.8936635851860046
02245500,0.531160831451416
02246000,0.8815858364105225
02296500,0.6734035015106201
02297155,-4.893975734710693
02297310,-0.6448415517807007
02298123,0.7942610383033752
02298608,0.3746958374977112
02299950,0.4291572570800781
02300700,-0.1294180154800415
02342933,0.5014582276344299
02349900,0.6162911653518677
02350900,0.8154550790786743
02361000,0.8617407083511353
02363000,0.6311739087104797
02369800,0.6781058311462402
02371500,0.5415804386138916
02372250,0.09890341758728027
02374500,0.31983232498168945
02381600,0.17516273260116577
02384540,0.5816617012023926
02395120,0.4670791029930115
02415000,0.6777217388153076
02427250,0.32319575548171997
02430085,0.796184241771698
02450250,0.5580024719238281
02464000,0.7225440740585327
02464360,0.6971566677093506
02465493,-0.14235544204711914
02469800,0.8356417417526245
02472000,0.8736587166786194
02472500,0.677903413772583
02479155,0.7596801519393921
02479300,0.7481441497802734
02479560,0.6202298402786255
02481000,0.6533315181732178
02481510,0.7664443254470825
03010655,0.8533170819282532
03011800,0.8463847041130066
03015500,0.8362647891044617
03021350,0.72938072681427
03026500,0.9035975337028503
03028000,0.9092082977294922
03049000,0.7527255415916443
03049800,0.6425564289093018
03050000,0.745752215385437
03069500,0.868983268737793
03070500,0.7233240604400635
03076600,0.7318034172058105
03078000,0.784401535987854
03140000,0.7914199233055115
03144000,0.8523690104484558
03170000,0.801246702671051
03173000,0.8758923411369324
03180500,0.7797935605049133
03182500,0.8379446268081665
03186500,0.8204466104507446
03237280,0.5930049419403076
03237500,0.48621731996536255
03238500,0.6396815776824951
03241500,0.8539654612541199
03280700,0.7247412204742432
03281500,0.7732138633728027
03285000,0.5926235914230347
03291780,0.604884684085846
03338780,0.6405872106552124
03340800,0.8827953338623047
03346000,0.8088327050209045
03364500,0.5844635963439941
03366500,0.6747169494628906
03368000,0.7413105964660645
03384450,0.6528023481369019
03439000,0.6319084763526917
03455500,0.34970492124557495
03456500,0.4810447692871094
03460000,0.6616024971008301
03463300,0.5803738832473755
03471500,0.7310224771499634
03473000,0.7184547185897827
03479000,0.5037833452224731
03488000,0.7674931287765503
03498500,0.8405884504318237
03500000,0.7831138372421265
03500240,0.6753958463668823
03504000,0.7413034439086914
03574500,0.7340328693389893
03592718,0.5653727054595947
03604000,0.8564820289611816
04015330,0.6187610626220703
04024430,0.46675920486450195
04027000,0.8180897235870361
04040500,0.8447397351264954
04043050,0.905698299407959
04045500,0.8261765241622925
04057510,0.767616868019104
04057800,0.5873758792877197
04059500,0.8383259773254395
04063700,0.7549408674240112
04074950,0.8719555139541626
04105700,0.5352190732955933
04115265,0.742754340171814
04122200,0.8184964656829834
04122500,0.6750179529190063
04127918,0.609337329864502
04127997,0.8222150206565857
04161580,0.6928244233131409
04185000,0.7618522047996521
04196800,0.7709363698959351
04197100,0.7586708068847656
04197170,0.8190371990203857
04213000,0.6364514827728271
04213075,0.4856181740760803
04216418,0.6909631490707397
04221000,0.836890459060669
04224775,0.7860007286071777
04233000,0.7865186333656311
04256000,0.8387699127197266
04296000,0.7240877151489258
05057200,0.47702598571777344
05120500,-40.143310546875
05291000,0.4872758984565735
05362000,0.8601661920547485
05393500,0.8612715601921082
05399500,0.8236965537071228
05408000,0.5974078178405762
05413500,0.6971091032028198
05414000,0.5134007930755615
05444000,0.6144106388092041
05454000,0.6167910695075989
05458000,0.6311348676681519
05466500,0.4983566403388977
05487980,0.7324172258377075
05488200,0.6758071184158325
05489000,0.7127345204353333
05495000,0.806572437286377
05495500,0.6279870271682739
05501000,0.7647035121917725
05503800,0.7254067659378052
05507600,0.8754827380180359
05508805,0.853803277015686
05525500,0.8621028065681458
05556500,0.8135420680046082
05584500,0.3722272515296936
05591550,0.6831668019294739
05592050,0.7405604124069214
05592575,0.720356285572052
05593575,0.7436898946762085
05593900,0.7166953086853027
05595730,0.8121170401573181
06221400,0.8777223229408264
06224000,0.916683554649353
06278300,0.6985066533088684
06280300,0.7661452293395996
06289000,0.552401602268219
06291500,0.7548943161964417
06311000,0.7043511867523193
06332515,-0.5758411884307861
06339100,0.581459641456604
06344600,-1.407823085784912
06350000,-0.1662461757659912
06352000,0.12473726272583008
06404000,0.6645029783248901
06406000,-0.0024535655975341797
06409000,-26.421249389648438
06431500,0.5558488368988037
06440200,0.4820319414138794
06447500,0.33181196451187134
06470800,0.4430593252182007
06477500,-1.088937759399414
06479215,0.05607712268829346
06601000,0.5578524470329285
06614800,0.8299530148506165
06622700,0.7441861629486084
06623800,0.803466796875
06632400,0.7406463623046875
06746095,0.8311583995819092
06803510,0.7673536539077759
06803530,0.7235069274902344
06814000,0.7642630338668823
06847900,0.1745392084121704
06853800,0.24013864994049072
06876700,0.435052752494812
06878000,0.854247510433197
06879650,0.5123279094696045
06885500,0.7686494588851929
06888500,0.7623124122619629
06889200,0.7460777163505554
06889500,0.7764700651168823
06892000,0.8606469631195068
06903400,0.5872220993041992
06906800,0.7688214778900146
06910800,0.8621363639831543
06911900,0.8773752450942993
06917000,0.7077764272689819
06918460,-0.257177472114563
06919500,0.7553930282592773
06921070,0.5464485883712769
06921200,0.6857016682624817
07057500,0.8717585802078247
07060710,0.7482638359069824
07066000,0.8369334936141968
07083000,0.7954107522964478
07142300,0.18813693523406982
07145700,0.7542226910591125
07167500,0.5988832116127014
07180500,0.6476062536239624
07184000,0.6806836128234863
07195800,0.2498878836631775
07196900,0.8012666702270508
07197000,0.8741307854652405
07208500,-0.12933146953582764
07261000,0.913011372089386
07263295,0.6056772470474243
07291000,0.3911769986152649
07299670,0.2481568455696106
07301410,0.07316422462463379
07315200,0.27342820167541504
07315700,0.6394602060317993
07335700,0.6660784482955933
07340300,0.7222010493278503
07346045,0.6795027852058411
07359610,0.7275415658950806
07362100,0.38375163078308105
07362587,0.3635828495025635
07375000,0.49998706579208374
08013000,0.8216708898544312
08014500,0.3134164810180664
08023080,0.6499186754226685
08050800,0.517119288444519
08066200,0.8377043604850769
08066300,0.6996513605117798
08070000,0.6532789468765259
08070200,0.6444458961486816
08082700,0.2337835431098938
08086212,0.6110525131225586
08086290,0.6394363641738892
08101000,0.5750396847724915
08103900,0.3080243468284607
08104900,0.5819593667984009
08109700,0.4423222541809082
08150800,-3.1574745178222656
08158700,0.42496538162231445
08158810,0.363756000995636
08164300,0.5538870096206665
08164600,0.4973733425140381
08165300,-18.902507781982422
08171300,0.6167470812797546
08175000,0.42259860038757324
08176900,0.025760650634765625
08178880,-0.3480982780456543
08189500,0.5108001828193665
08190000,0.35190802812576294
08190500,0.11304467916488647
08194200,-0.29337358474731445
08195000,0.46671754121780396
08196000,0.17963945865631104
08198500,0.1738244891166687
08200000,0.029475927352905273
08202700,0.19928187131881714
08267500,-0.033416032791137695
08269000,0.323236882686615
08271000,0.27384084463119507
08324000,0.6910494565963745
08377900,0.7163269519805908
08378500,0.764325737953186
08380500,0.35104286670684814
09035800,0.8218292593955994
09035900,0.9512309432029724
09047700,0.9092628359794617
09065500,0.8202130198478699
09066000,0.933232843875885
09066200,0.9011193513870239
09066300,0.958804726600647
09081600,0.9581938982009888
09107000,0.8361908793449402
09210500,0.5059975385665894
09223000,0.746101438999176
09306242,0.3134048581123352
09312600,0.7839599251747131
09352900,0.7078001499176025
09378170,-0.5269824266433716
09386900,0.06984972953796387
09404450,0.7494292259216309
09430600,0.06720608472824097
09447800,-1.2896246910095215
09484600,0.17434066534042358
09492400,0.5861120223999023
09494000,0.6097812056541443
09497980,0.21731573343276978
09505350,-0.1669083833694458
09505800,-2.0596954822540283
09508300,0.3479137420654297
09510200,0.60918128490448
09512280,0.4166954755783081
09513780,0.15008997917175293
10234500,0.6351907849311829
10244950,-0.48293209075927734
10259000,0.40542006492614746
10336645,0.8503219485282898
10336660,0.9039494395256042
10343500,0.5082129240036011
11124500,0.7829902172088623
11141280,-0.208626389503479
11143000,0.7741895914077759
11148900,0.543197751045227
11151300,0.49539631605148315
11176400,0.48807787895202637
11230500,0.6383262872695923
11237500,0.6921967267990112
11264500,0.931769847869873
11266500,0.9510774612426758
11284400,0.49830490350723267
11381500,0.643187403678894
11451100,0.7634117603302002
11468500,0.9219493865966797
11473900,0.7258140444755554
11475560,0.695776104927063
11476600,0.8035741448402405
11478500,0.48910778760910034
11480390,0.64618319272995
11481200,0.7797436118125916
11482500,0.7527016401290894
11522500,0.7052184343338013
11523200,0.825160026550293
11528700,0.8499051332473755
11532500,0.9006399512290955
12010000,0.8974517583847046
12013500,0.8861166834831238
12020000,0.3514012098312378
12025700,0.8595244884490967
12035000,0.818172812461853
12040500,0.7730321884155273
12041200,0.7111729383468628
12048000,0.6915215253829956
12054000,0.7359071969985962
12056500,0.7006939053535461
12073500,0.7012952566146851
12082500,0.8270792961120605
12092000,0.7324367165565491
12114500,0.44440484046936035
12115000,0.56968754529953
12117000,0.7987707853317261
12143600,0.806671142578125
12144000,0.8161270618438721
12145500,0.9181233048439026
12147500,0.7680108547210693
12167000,0.6288101673126221
12175500,0.8726843595504761
12178100,0.8133460879325867
12186000,0.755457878112793
12189500,0.7517815828323364
12375900,0.7045641541481018
12377150,0.9023398160934448
12381400,0.8055770397186279
12383500,0.7189337015151978
12390700,0.9105221629142761
12411000,0.5342607498168945
12447390,0.44722169637680054
12451000,0.905918300151825
12488500,0.6837843656539917
13011500,0.932719349861145
13011900,0.8246268630027771
13018300,0.4186630845069885
13023000,0.8702104091644287
13161500,0.8247082233428955
13235000,0.7447810173034668
13240000,0.9114396572113037
13313000,0.8721604347229004
13331500,0.799241304397583
14020000,0.5334950089454651
14096850,-0.14435672760009766
14137000,0.8173935413360596
14138800,0.7421999573707581
14138870,0.7701090574264526
14138900,0.6988919973373413
14139800,0.7809286117553711
14141500,0.7505340576171875
14154500,0.8030712604522705
14158790,0.643653154373169
14166500,0.8876901865005493
14182500,0.7367089986801147
14185000,0.8252884149551392
14185900,0.8037817478179932
14187000,0.8571224808692932
14216500,0.6959278583526611
14222500,0.8647435903549194
14236200,0.8655869960784912
14301000,0.9160161018371582
14303200,0.783882737159729
14305500,0.8350250124931335
14306340,0.795677900314331
14306500,0.8709989786148071
14308990,0.9014158844947815
14309500,0.6539459824562073
14316700,0.8067381978034973
14325000,0.5731543302536011
14362250,0.7024950981140137
14400000,0.8844707012176514
##ARM C4_s700
01022500,0.8082051873207092
01031500,0.8781303763389587
01047000,0.8781362175941467
01052500,0.8732500076293945
01054200,0.6492387056350708
01055000,0.6437532305717468
01057000,0.7780449390411377
01073000,0.8194248676300049
01078000,0.7826396226882935
01123000,0.8187296390533447
01134500,0.7743123769760132
01137500,0.7034163475036621
01139000,0.7997877597808838
01139800,0.7363762855529785
01142500,0.7363249063491821
01144000,0.7874951958656311
01162500,0.5344589948654175
01169000,0.6050333976745605
01170100,0.630323052406311
01181000,0.7080236673355103
01187300,0.757898211479187
01195100,0.7110608220100403
01333000,0.336120069026947
01350000,0.36788874864578247
01350080,-0.06632888317108154
01350140,0.6426842212677002
01365000,0.7706050872802734
01411300,0.741959273815155
01413500,0.17577719688415527
01414500,0.5544037818908691
01415000,0.5795557498931885
01423000,0.5510047674179077
01434025,0.4214399456977844
01435000,0.7180992364883423
01439500,0.6530848741531372
01440000,0.7898420095443726
01440400,0.5547926425933838
01451800,0.765151858329773
01466500,0.7103298902511597
01484100,0.7051502466201782
01487000,0.8575499057769775
01491000,0.8402614593505859
01510000,0.812143087387085
01516500,0.5997333526611328
01518862,0.7245926856994629
01532000,0.7513332366943359
01539000,0.7909732460975647
01542810,0.8339856863021851
01543000,0.8827706575393677
01543500,0.8952677249908447
01544500,0.8416375517845154
01545600,0.8597346544265747
01547700,0.6290771961212158
01548500,0.8890153765678406
01549500,0.7231085300445557
01550000,0.8467110395431519
01552000,0.8020086288452148
01552500,0.6373345851898193
01557500,0.8286954760551453
01567500,0.7919999361038208
01568000,0.8385469913482666
01580000,0.6025203466415405
01583500,0.4806433916091919
01586610,0.5565157532691956
01591400,0.24909931421279907
01594950,0.7261005640029907
01596500,0.8039548397064209
01605500,0.7260887026786804
01606500,0.7569441795349121
01632000,0.49165594577789307
01632900,0.7144190073013306
01634500,0.55760657787323
01638480,0.48771190643310547
01639500,0.7096539735794067
01644000,0.8711426258087158
01664000,0.8183359503746033
01666500,0.6525202393531799
01667500,0.6535272598266602
01669000,0.838331937789917
01669520,0.7776344418525696
02011400,0.8975062370300293
02013000,0.851752758026123
02014000,0.8776829242706299
02015700,0.7880743741989136
02016000,0.8299700617790222
02017500,0.703277587890625
02018000,0.8282895088195801
02027000,0.6708419322967529
02027500,0.41145265102386475
02028500,0.7252911925315857
02038850,0.659744381904602
02046000,0.7295496463775635
02051500,0.7571068406105042
02053200,0.7890540361404419
02053800,0.7895110845565796
02055100,0.6032882928848267
02056900,0.7132803201675415
02059500,0.6852374076843262
02064000,0.8273366689682007
02065500,0.4059588313102722
02069700,0.6251083612442017
02070000,0.5334312915802002
02074500,0.5049760341644287
02077200,0.677422821521759
02081500,0.7215343713760376
02082950,0.7905460596084595
02092500,0.9127746224403381
02096846,0.4521980285644531
02102908,0.5795556902885437
02108000,0.8524139523506165
02111180,0.44248706102371216
02111500,0.5520690083503723
02112120,0.6114091873168945
02112360,0.7006024122238159
02118500,0.5090837478637695
02125000,0.924507737159729
02128000,0.756229043006897
02137727,0.7204207181930542
02140991,0.55284184217453
02143000,0.7005838751792908
02143040,0.6087409257888794
02149000,0.6708080172538757
02152100,0.7156135439872742
02177000,0.7828904986381531
02178400,0.750229001045227
02193340,0.7625916004180908
02196000,0.8364766240119934
02198100,0.7015879154205322
02202600,0.8716728687286377
02212600,0.8168091177940369
02215100,0.7879611849784851
02216180,0.6848165988922119
02221525,0.40336310863494873
02231000,0.9364321827888489
02245500,0.7733010053634644
02246000,0.8013693690299988
02296500,0.8650134205818176
02297155,-6.735985279083252
02297310,-1.3089489936828613
02298123,0.8723822832107544
02298608,0.24166500568389893
02299950,0.48663294315338135
02300700,0.1610780954360962
02342933,0.47703588008880615
02349900,0.7002615928649902
02350900,0.8497803807258606
02361000,0.7901471853256226
02363000,0.6735546588897705
02369800,0.7509686350822449
02371500,0.3666597604751587
02372250,-0.8686230182647705
02374500,0.41300469636917114
02381600,0.2650473713874817
02384540,0.5315045118331909
02395120,0.49468642473220825
02415000,0.6166974902153015
02427250,0.618748128414154
02430085,0.731049656867981
02450250,0.498327374458313
02464000,0.7438805103302002
02464360,0.7028963565826416
02465493,0.028988242149353027
02469800,0.7835227251052856
02472000,0.8341037034988403
02472500,0.6609852910041809
02479155,0.7059755325317383
02479300,0.8220466375350952
02479560,0.6403060555458069
02481000,0.6201933026313782
02481510,0.8054533004760742
03010655,0.8276695013046265
03011800,0.8039814233779907
03015500,0.831387460231781
03021350,0.7491786479949951
03026500,0.8742810487747192
03028000,0.8745141625404358
03049000,0.764704704284668
03049800,0.5844716429710388
03050000,0.830461859703064
03069500,0.9073449373245239
03070500,0.8097693920135498
03076600,0.7494010329246521
03078000,0.8234962821006775
03140000,0.7747525572776794
03144000,0.780595600605011
03170000,0.8080226182937622
03173000,0.8861435651779175
03180500,0.8194215297698975
03182500,0.8597245216369629
03186500,0.8629217147827148
03237280,0.6564150452613831
03237500,0.5322405099868774
03238500,0.47230494022369385
03241500,0.839163601398468
03280700,0.6281893253326416
03281500,0.8472732901573181
03285000,0.5597355365753174
03291780,0.6169853210449219
03338780,0.5076872706413269
03340800,0.8757381439208984
03346000,0.7374526858329773
03364500,0.638283371925354
03366500,0.6693833470344543
03368000,0.756661593914032
03384450,0.7083860635757446
03439000,0.6782060861587524
03455500,0.39383256435394287
03456500,0.5265588760375977
03460000,0.7407416105270386
03463300,0.6933962106704712
03471500,0.7958587408065796
03473000,0.832165539264679
03479000,0.3767632842063904
03488000,0.8608366847038269
03498500,0.8203064799308777
03500000,0.8237224817276001
03500240,0.5690850019454956
03504000,0.7398598194122314
03574500,0.6730294823646545
03592718,0.4872448444366455
03604000,0.796862006187439
04015330,0.6683865785598755
04024430,0.5841251611709595
04027000,0.8568055033683777
04040500,0.8715575337409973
04043050,0.8871804475784302
04045500,0.9200059175491333
04057510,0.7316602468490601
04057800,0.5599836111068726
04059500,0.8708783388137817
04063700,0.7525956630706787
04074950,0.9027259945869446
04105700,0.5509768128395081
04115265,0.6759297847747803
04122200,0.8167537450790405
04122500,0.7010536789894104
04127918,0.7297610640525818
04127997,0.7909715175628662
04161580,0.7196057438850403
04185000,0.7563056945800781
04196800,0.4742080569267273
04197100,0.46655958890914917
04197170,0.7681980133056641
04213000,0.6114572286605835
04213075,0.43785715103149414
04216418,0.7456144094467163
04221000,0.8504923582077026
04224775,0.7957765460014343
04233000,0.7620981931686401
04256000,0.8297117948532104
04296000,0.7307913303375244
05057200,0.28313320875167847
05120500,-21.466331481933594
05291000,0.45302653312683105
05362000,0.8627391457557678
05393500,0.8806135654449463
05399500,0.7727306485176086
05408000,0.7739832401275635
05413500,0.7569111585617065
05414000,0.5038064122200012
05444000,0.6334061622619629
05454000,0.6304199695587158
05458000,0.6555995345115662
05466500,0.5070693492889404
05487980,0.7212494015693665
05488200,0.6948456168174744
05489000,0.6729594469070435
05495000,0.7482174634933472
05495500,0.4743722677230835
05501000,0.7385241985321045
05503800,0.6926711797714233
05507600,0.7557579874992371
05508805,0.7823226451873779
05525500,0.8599220514297485
05556500,0.6736745834350586
05584500,0.448963463306427
05591550,0.6786214709281921
05592050,0.6018465757369995
05592575,0.7595276832580566
05593575,0.7781327962875366
05593900,0.7278812527656555
05595730,0.801760733127594
06221400,0.8969691395759583
06224000,0.9447650909423828
06278300,0.7627079486846924
06280300,0.8753467202186584
06289000,0.5855371952056885
06291500,0.7138328552246094
06311000,0.6394630670547485
06332515,0.7775590419769287
06339100,0.5532526969909668
06344600,0.1631196141242981
06350000,-0.01445913314819336
06352000,0.08687323331832886
06404000,0.22855806350708008
06406000,-0.09244680404663086
06409000,-6.909093379974365
06431500,0.41649317741394043
06440200,0.653508722782135
06447500,0.35499316453933716
06470800,0.6645748615264893
06477500,-0.4635244607925415
06479215,0.16282552480697632
06601000,0.475017786026001
06614800,0.7541966438293457
06622700,0.7156836986541748
06623800,0.8274848461151123
06632400,0.7359715700149536
06746095,0.5353293418884277
06803510,0.7339463829994202
06803530,0.7533358931541443
06814000,0.774660050868988
06847900,0.04510211944580078
06853800,0.19334208965301514
06876700,0.5143887996673584
06878000,0.7594407796859741
06879650,0.4914577603340149
06885500,0.7149347066879272
06888500,0.6096386909484863
06889200,0.6859055757522583
06889500,0.8311150074005127
06892000,0.769000232219696
06903400,0.5855323076248169
06906800,0.7641241550445557
06910800,0.7148435115814209
06911900,0.8976025581359863
06917000,0.6467319130897522
06918460,-1.323115348815918
06919500,0.777276873588562
06921070,0.5637334585189819
06921200,0.5929181575775146
07057500,0.877468466758728
07060710,0.6384884119033813
07066000,0.8232263326644897
07083000,0.847629189491272
07142300,-0.052256226539611816
07145700,0.6300736665725708
07167500,0.520499587059021
07180500,0.7577281594276428
07184000,0.6767160892486572
07195800,-0.9357138872146606
07196900,0.7451031804084778
07197000,0.8163245916366577
07208500,0.22479456663131714
07261000,0.8506271839141846
07263295,0.7328608632087708
07291000,0.6810630559921265
07299670,0.33647334575653076
07301410,0.07079827785491943
07315200,0.6646007299423218
07315700,0.6410751938819885
07335700,0.6035858392715454
07340300,0.7190974950790405
07346045,0.6403542160987854
07359610,0.7305963039398193
07362100,0.33611923456192017
07362587,0.3979935646057129
07375000,0.33752596378326416
08013000,0.8226636648178101
08014500,0.2656228542327881
08023080,0.6429921388626099
08050800,0.28915899991989136
08066200,0.7318649291992188
08066300,0.6273623704910278
08070000,0.6033276319503784
08070200,0.5394865274429321
08082700,0.24718737602233887
08086212,0.5010785460472107
08086290,0.5156452655792236
08101000,0.5389337539672852
08103900,0.5588092803955078
08104900,0.5726546049118042
08109700,0.5724467039108276
08150800,-1.965475082397461
08158700,0.42933809757232666
08158810,0.4438512921333313
08164300,0.5815893411636353
08164600,0.6012519598007202
08165300,-30.673799514770508
08171300,0.4716079831123352
08175000,0.44683802127838135
08176900,0.26338261365890503
08178880,-1.112203598022461
08189500,0.7729707360267639
08190000,-0.017053604125976562
08190500,-0.4334598779678345
08194200,0.22947192192077637
08195000,-0.18509817123413086
08196000,-0.42777109146118164
08198500,-0.2973219156265259
08200000,0.3786330819129944
08202700,0.003984689712524414
08267500,-0.025961995124816895
08269000,0.01079404354095459
08271000,0.09963929653167725
08324000,0.5875617265701294
08377900,0.8061432838439941
08378500,0.648734450340271
08380500,0.19750654697418213
09035800,0.8747837543487549
09035900,0.9342907071113586
09047700,0.9118497967720032
09065500,0.9515268206596375
09066000,0.9165706038475037
09066200,0.9171788692474365
09066300,0.9074865579605103
09081600,0.9487608671188354
09107000,0.8804837465286255
09210500,0.639335036277771
09223000,0.6779989004135132
09306242,0.1137843132019043
09312600,0.688774049282074
09352900,0.5795232057571411
09378170,0.48212873935699463
09386900,0.12168735265731812
09404450,0.7164301872253418
09430600,0.05372697114944458
09447800,0.06580954790115356
09484600,0.08924233913421631
09492400,0.4500964283943176
09494000,0.4904356598854065
09497980,0.2229962944984436
09505350,-0.9887216091156006
09505800,-1.2135744094848633
09508300,0.380466103553772
09510200,0.6088496446609497
09512280,0.3039085268974304
09513780,0.0038979649543762207
10234500,0.5496559143066406
10244950,-0.3964742422103882
10259000,0.436917245388031
10336645,0.8525233864784241
10336660,0.910006046295166
10343500,0.7484186291694641
11124500,0.7387998104095459
11141280,0.7053816318511963
11143000,0.7758374214172363
11148900,0.5709680318832397
11151300,0.5337372422218323
11176400,0.5039993524551392
11230500,0.5338081121444702
11237500,0.7942253351211548
11264500,0.9184033870697021
11266500,0.9607223868370056
11284400,0.40733200311660767
11381500,0.7301439642906189
11451100,0.6993001103401184
11468500,0.8957434892654419
11473900,0.7749414443969727
11475560,0.7020341157913208
11476600,0.7305110692977905
11478500,0.6083071231842041
11480390,0.571871280670166
11481200,0.7494181394577026
11482500,0.7021774053573608
11522500,0.760114312171936
11523200,0.7265560030937195
11528700,0.7860705852508545
11532500,0.8956904411315918
12010000,0.8769239187240601
12013500,0.8601678609848022
12020000,0.3122479319572449
12025700,0.8040837049484253
12035000,0.8838499188423157
12040500,0.7343796491622925
12041200,0.7019351720809937
12048000,0.7261475920677185
12054000,0.6508674025535583
12056500,0.7203447222709656
12073500,0.6116833686828613
12082500,0.8151707053184509
12092000,0.7178815603256226
12114500,0.4856525659561157
12115000,0.6221644282341003
12117000,0.635448694229126
12143600,0.7518259286880493
12144000,0.7388896346092224
12145500,0.8811354637145996
12147500,0.7410668134689331
12167000,0.5827322602272034
12175500,0.8501222133636475
12178100,0.8297102451324463
12186000,0.7710647583007812
12189500,0.7733004689216614
12375900,0.8218685984611511
12377150,0.891560971736908
12381400,0.8853017687797546
12383500,0.945990800857544
12390700,0.9000923037528992
12411000,0.6534977555274963
12447390,0.332980751991272
12451000,0.883142352104187
12488500,0.7743825912475586
13011500,0.8418298959732056
13011900,0.8392173051834106
13018300,0.5186855792999268
13023000,0.8403975963592529
13161500,0.7863588333129883
13235000,0.7127507925033569
13240000,0.8937593698501587
13313000,0.9270504713058472
13331500,0.6888819932937622
14020000,0.48404890298843384
14096850,-0.41848134994506836
14137000,0.7954935431480408
14138800,0.6928966045379639
14138870,0.8124513030052185
14138900,0.7207674980163574
14139800,0.8114817142486572
14141500,0.8049488067626953
14154500,0.8201150894165039
14158790,0.6028439998626709
14166500,0.9176663160324097
14182500,0.7619455456733704
14185000,0.8104787468910217
14185900,0.8251931667327881
14187000,0.8515801429748535
14216500,0.6223334074020386
14222500,0.8104113936424255
14236200,0.8551648855209351
14301000,0.9062438607215881
14303200,0.7772741317749023
14305500,0.8357700705528259
14306340,0.7548120021820068
14306500,0.8977530002593994
14308990,0.8508509397506714
14309500,0.6939498782157898
14316700,0.6727684736251831
14325000,0.6541518568992615
14362250,0.6351028680801392
14400000,0.8776403069496155
##ARM C4_s800
01022500,0.7489618062973022
01031500,0.8987181186676025
01047000,0.9079886078834534
01052500,0.8697503209114075
01054200,0.49477696418762207
01055000,0.7554433941841125
01057000,0.839897096157074
01073000,0.843076229095459
01078000,0.819902777671814
01123000,0.7992959022521973
01134500,0.809666633605957
01137500,0.810033917427063
01139000,0.7751339673995972
01139800,0.6844253540039062
01142500,0.7155935764312744
01144000,0.7758466601371765
01162500,0.7283769249916077
01169000,0.4877281188964844
01170100,0.47342759370803833
01181000,0.5556997656822205
01187300,0.7364609241485596
01195100,0.7236429452896118
01333000,0.43701738119125366
01350000,0.6913871765136719
01350080,0.6529786586761475
01350140,0.511536717414856
01365000,0.6845874190330505
01411300,0.5236619710922241
01413500,0.5829426050186157
01414500,0.29732173681259155
01415000,0.5723027586936951
01423000,0.6754125952720642
01434025,0.40141838788986206
01435000,0.565226137638092
01439500,0.8664065599441528
01440000,0.6825435161590576
01440400,0.7358773946762085
01451800,0.7467431426048279
01466500,0.8257807493209839
01484100,0.7646076679229736
01487000,0.9106861352920532
01491000,0.9243149161338806
01510000,0.5835332870483398
01516500,0.5774680376052856
01518862,0.7140462398529053
01532000,0.6966360807418823
01539000,0.7551634907722473
01542810,0.8430917859077454
01543000,0.9113595485687256
01543500,0.9023091793060303
01544500,0.863959789276123
01545600,0.8722321391105652
01547700,0.6564115285873413
01548500,0.8341251015663147
01549500,0.6834725141525269
01550000,0.7644573450088501
01552000,0.708098292350769
01552500,0.598558783531189
01557500,0.7985355854034424
01567500,0.817495584487915
01568000,0.8567218780517578
01580000,0.5512837171554565
01583500,0.4599177837371826
01586610,0.5855520963668823
01591400,0.39382094144821167
01594950,0.7633705139160156
01596500,0.766684353351593
01605500,0.7247082591056824
01606500,0.740772008895874
01632000,0.540390133857727
01632900,0.7566623687744141
01634500,0.6338469386100769
01638480,0.6759204864501953
01639500,0.614783763885498
01644000,0.8906154036521912
01664000,0.8534129858016968
01666500,0.6992028951644897
01667500,0.7638968229293823
01669000,0.819500207901001
01669520,0.7485525608062744
02011400,0.8768899440765381
02013000,0.8923537731170654
02014000,0.8466246724128723
02015700,0.7711283564567566
02016000,0.8271446228027344
02017500,0.7348698377609253
02018000,0.7855392694473267
02027000,0.7558308839797974
02027500,0.5049321055412292
02028500,0.8099783658981323
02038850,0.675216794013977
02046000,0.7441388368606567
02051500,0.766587495803833
02053200,0.8332831859588623
02053800,0.8345947265625
02055100,0.6471801996231079
02056900,0.7431522607803345
02059500,0.660352885723114
02064000,0.8497945070266724
02065500,0.38586264848709106
02069700,0.6069949269294739
02070000,0.6305685043334961
02074500,0.4884989261627197
02077200,0.7653917670249939
02081500,0.7847709059715271
02082950,0.8137228488922119
02092500,0.9470439553260803
02096846,0.535020112991333
02102908,0.512679934501648
02108000,0.7558097839355469
02111180,0.48767149448394775
02111500,0.6351571083068848
02112120,0.4674317240715027
02112360,0.6340489387512207
02118500,0.573913037776947
02125000,0.7890418767929077
02128000,0.8206578493118286
02137727,0.7133922576904297
02140991,0.4298681616783142
02143000,0.7113775014877319
02143040,0.5664504766464233
02149000,0.6398285031318665
02152100,0.6618180274963379
02177000,0.8014229536056519
02178400,0.7333904504776001
02193340,0.8590317368507385
02196000,0.8481043577194214
02198100,0.45446670055389404
02202600,0.7340825796127319
02212600,0.6982441544532776
02215100,0.8383724093437195
02216180,0.6546292901039124
02221525,0.6162047386169434
02231000,0.8510239124298096
02245500,0.4755510091781616
02246000,0.7408852577209473
02296500,0.4775261878967285
02297155,-4.858992099761963
02297310,-0.8784425258636475
02298123,0.8298959136009216
02298608,0.36756640672683716
02299950,0.4561668038368225
02300700,0.1964455246925354
02342933,0.5450913906097412
02349900,0.5817338228225708
02350900,0.8441889882087708
02361000,0.8068743944168091
02363000,0.687505841255188
02369800,0.6865698099136353
02371500,0.6441048383712769
02372250,-0.13447177410125732
02374500,0.2948371171951294
02381600,0.49265092611312866
02384540,0.6518726348876953
02395120,0.624764621257782
02415000,0.6503497958183289
02427250,0.4140511751174927
02430085,0.7170127630233765
02450250,0.43968331813812256
02464000,0.6718080043792725
02464360,0.6105879545211792
02465493,0.48952925205230713
02469800,0.7514254450798035
02472000,0.8135991096496582
02472500,0.690967321395874
02479155,0.6782419681549072
02479300,0.785834550857544
02479560,0.627914547920227
02481000,0.6043516397476196
02481510,0.7508301734924316
03010655,0.8481069803237915
03011800,0.8486416339874268
03015500,0.8203677535057068
03021350,0.7508283853530884
03026500,0.8725355267524719
03028000,0.8928955793380737
03049000,0.7812551856040955
03049800,0.5961188077926636
03050000,0.8196810483932495
03069500,0.9110057950019836
03070500,0.790584921836853
03076600,0.7322797775268555
03078000,0.8101713061332703
03140000,0.7930168509483337
03144000,0.7790656089782715
03170000,0.7997934222221375
03173000,0.8558365106582642
03180500,0.811984658241272
03182500,0.8538661003112793
03186500,0.8498706817626953
03237280,0.39956754446029663
03237500,0.5839163064956665
03238500,0.42904698848724365
03241500,0.8602240681648254
03280700,0.7345068454742432
03281500,0.8311803340911865
03285000,0.6204955577850342
03291780,0.6259703636169434
03338780,0.6848889589309692
03340800,0.8757107257843018
03346000,0.7785162925720215
03364500,0.6935559511184692
03366500,0.6021760702133179
03368000,0.7666639685630798
03384450,0.6908465027809143
03439000,0.6468534469604492
03455500,0.47553491592407227
03456500,0.37587809562683105
03460000,0.7220066785812378
03463300,0.449394166469574
03471500,0.7887062430381775
03473000,0.8176873922348022
03479000,0.4006277918815613
03488000,0.8301563262939453
03498500,0.837807834148407
03500000,0.8411966562271118
03500240,0.5898067355155945
03504000,0.7404599189758301
03574500,0.6758101582527161
03592718,0.48775845766067505
03604000,0.8090527057647705
04015330,0.7226094007492065
04024430,0.5375807285308838
04027000,0.7386691570281982
04040500,0.8354538679122925
04043050,0.8390119075775146
04045500,0.8962743282318115
04057510,0.7510848045349121
04057800,0.5763051509857178
04059500,0.907498836517334
04063700,0.5764042139053345
04074950,0.8628779649734497
04105700,0.7926434874534607
04115265,0.7301554083824158
04122200,0.7921434640884399
04122500,0.6067094802856445
04127918,0.6496289372444153
04127997,0.6965799927711487
04161580,0.6236457228660583
04185000,0.7399132251739502
04196800,0.6044610738754272
04197100,0.5364824533462524
04197170,0.7897782921791077
04213000,0.6715474128723145
04213075,0.4571671485900879
04216418,0.6968104839324951
04221000,0.8745741248130798
04224775,0.7841130495071411
04233000,0.7458352446556091
04256000,0.7978403568267822
04296000,0.7726426720619202
05057200,0.4651728868484497
05120500,-13.273390769958496
05291000,0.4534105062484741
05362000,0.7450613975524902
05393500,0.8181028962135315
05399500,0.7707533836364746
05408000,0.6779797077178955
05413500,0.8252043724060059
05414000,0.7089983820915222
05444000,0.6109459400177002
05454000,0.6048927307128906
05458000,0.6348230838775635
05466500,0.5087096691131592
05487980,0.7353950142860413
05488200,0.6377800703048706
05489000,0.6778426170349121
05495000,0.7702889442443848
05495500,0.6012144088745117
05501000,0.7480641603469849
05503800,0.7471060752868652
05507600,0.8674381971359253
05508805,0.797813892364502
05525500,0.859626054763794
05556500,0.48106443881988525
05584500,0.12228167057037354
05591550,0.7260444164276123
05592050,0.5632675886154175
05592575,0.7333986759185791
05593575,0.6899482011795044
05593900,0.7541230916976929
05595730,0.7152222990989685
06221400,0.9335870146751404
06224000,0.9489676356315613
06278300,0.7803642749786377
06280300,0.8610061407089233
06289000,0.5813087224960327
06291500,0.7404404878616333
06311000,0.7530231475830078
06332515,0.21264976263046265
06339100,0.6339365243911743
06344600,-0.4674811363220215
06350000,0.021422743797302246
06352000,0.07324600219726562
06404000,0.7715092301368713
06406000,-0.20296704769134521
06409000,-6.610008716583252
06431500,0.5306219458580017
06440200,0.38488173484802246
06447500,0.5037857890129089
06470800,0.8899722099304199
06477500,-0.01885223388671875
06479215,0.16106200218200684
06601000,-0.11868906021118164
06614800,0.7701595425605774
06622700,0.8272346258163452
06623800,0.9092011451721191
06632400,0.7553865909576416
06746095,0.7025185823440552
06803510,0.752744197845459
06803530,0.6968172788619995
06814000,0.759574830532074
06847900,0.28507089614868164
06853800,0.23484951257705688
06876700,0.5941272974014282
06878000,0.7960205674171448
06879650,0.5164375305175781
06885500,0.8119855523109436
06888500,0.5701780319213867
06889200,0.7553070783615112
06889500,0.9105597138404846
06892000,0.7960944175720215
06903400,0.5173389911651611
06906800,0.7823003530502319
06910800,0.8938688635826111
06911900,0.6643244028091431
06917000,0.7033110857009888
06918460,-0.04790365695953369
06919500,0.8422781229019165
06921070,0.6151530742645264
06921200,0.6769294738769531
07057500,0.9012589454650879
07060710,0.6873165369033813
07066000,0.8497923612594604
07083000,0.8848840594291687
07142300,0.40770024061203003
07145700,0.6969437599182129
07167500,0.7069098353385925
07180500,0.7121548652648926
07184000,0.6984490156173706
07195800,0.27931153774261475
07196900,0.7051318883895874
07197000,0.82843017578125
07208500,0.5212923288345337
07261000,0.9071942567825317
07263295,0.6456864476203918
07291000,0.6557431221008301
07299670,0.3311866521835327
07301410,0.10383099317550659
07315200,0.5770843029022217
07315700,0.6343497633934021
07335700,0.5988391637802124
07340300,0.7342656850814819
07346045,0.33798664808273315
07359610,0.7473223209381104
07362100,0.7551482915878296
07362587,0.4664154648780823
07375000,0.4226521849632263
08013000,0.7137917280197144
08014500,0.3243325352668762
08023080,0.7061987519264221
08050800,0.3911435604095459
08066200,0.6859002709388733
08066300,0.807345986366272
08070000,0.6177093982696533
08070200,0.6277341842651367
08082700,0.1970009207725525
08086212,0.6710382699966431
08086290,0.6163206696510315
08101000,0.6219335794448853
08103900,0.4753255248069763
08104900,0.3798331618309021
08109700,0.5129760503768921
08150800,-0.9344983100891113
08158700,0.5607571601867676
08158810,0.526355504989624
08164300,0.4618603587150574
08164600,0.5789929628372192
08165300,-11.970809936523438
08171300,0.6497809886932373
08175000,0.46907728910446167
08176900,0.15049487352371216
08178880,0.7182583808898926
08189500,0.7962589263916016
08190000,-0.1295408010482788
08190500,0.056608378887176514
08194200,0.21034425497055054
08195000,0.28509604930877686
08196000,0.061528921127319336
08198500,0.08853709697723389
08200000,0.16827726364135742
08202700,0.09006708860397339
08267500,0.13720488548278809
08269000,0.29460692405700684
08271000,0.36907440423965454
08324000,0.5253204107284546
08377900,0.7624703645706177
08378500,0.6629046201705933
08380500,0.3918086886405945
09035800,0.8201781511306763
09035900,0.9563936591148376
09047700,0.8885785937309265
09065500,0.9578809142112732
09066000,0.9583733677864075
09066200,0.9062795042991638
09066300,0.9493910670280457
09081600,0.9530182480812073
09107000,0.9373908638954163
09210500,0.7488163113594055
09223000,0.9134963750839233
09306242,0.09981322288513184
09312600,0.7746441960334778
09352900,0.6417967081069946
09378170,0.3687019944190979
09386900,0.16293221712112427
09404450,0.49085044860839844
09430600,0.013833999633789062
09447800,-0.5307092666625977
09484600,0.17130345106124878
09492400,0.5313241481781006
09494000,0.3013306260108948
09497980,0.6621695160865784
09505350,-0.22869181632995605
09505800,-0.6984050273895264
09508300,0.3339337110519409
09510200,0.6429885625839233
09512280,0.36375129222869873
09513780,-0.013071417808532715
10234500,0.7362523078918457
10244950,-0.3934309482574463
10259000,0.490236759185791
10336645,0.8309358358383179
10336660,0.927666187286377
10343500,0.3062475323677063
11124500,0.7309808135032654
11141280,0.48175716400146484
11143000,0.6199243068695068
11148900,0.47511351108551025
11151300,0.5488723516464233
11176400,0.550525963306427
11230500,0.8091022968292236
11237500,0.7267663478851318
11264500,0.9561886191368103
11266500,0.949248194694519
11284400,0.3515862822532654
11381500,0.5422618985176086
11451100,0.6627107858657837
11468500,0.8899198770523071
11473900,0.7049031257629395
11475560,0.700192928314209
11476600,0.8111701011657715
11478500,0.5741411447525024
11480390,0.5325335264205933
11481200,0.7622329592704773
11482500,0.8095602989196777
11522500,0.783593475818634
11523200,0.7241683602333069
11528700,0.6451679468154907
11532500,0.9027255177497864
12010000,0.8837282657623291
12013500,0.841710090637207
12020000,0.3594455122947693
12025700,0.8661719560623169
12035000,0.8700169324874878
12040500,0.7576648592948914
12041200,0.717713475227356
12048000,0.5621328353881836
12054000,0.6542925238609314
12056500,0.6614559888839722
12073500,0.6996067762374878
12082500,0.7605747580528259
12092000,0.6451598405838013
12114500,0.3925999402999878
12115000,0.4754353165626526
12117000,0.8226785659790039
12143600,0.710219144821167
12144000,0.7463195323944092
12145500,0.9027683138847351
12147500,0.7381949424743652
12167000,0.6252447366714478
12175500,0.8152219653129578
12178100,0.7268167734146118
12186000,0.701987624168396
12189500,0.7082488536834717
12375900,0.7241417169570923
12377150,0.8769245147705078
12381400,0.8747031688690186
12383500,0.9158661365509033
12390700,0.8578694462776184
12411000,0.7367076873779297
12447390,0.5792278051376343
12451000,0.8947798609733582
12488500,0.7032490372657776
13011500,0.8944651484489441
13011900,0.911790132522583
13018300,0.47492659091949463
13023000,0.9340987205505371
13161500,0.8147241473197937
13235000,0.7825422286987305
13240000,0.8278498649597168
13313000,0.8805058002471924
13331500,0.8255607485771179
14020000,0.8016729354858398
14096850,-0.1242377758026123
14137000,0.7763000726699829
14138800,0.6891728043556213
14138870,0.7714243531227112
14138900,0.7041531801223755
14139800,0.7572956681251526
14141500,0.7884177565574646
14154500,0.835266649723053
14158790,0.5576452612876892
14166500,0.892432451248169
14182500,0.6527743935585022
14185000,0.8000094890594482
14185900,0.7632116079330444
14187000,0.8704683184623718
14216500,0.5670005083084106
14222500,0.8719586133956909
14236200,0.8531275391578674
14301000,0.9017700552940369
14303200,0.8359341621398926
14305500,0.8811620473861694
14306340,0.7909882664680481
14306500,0.8825278878211975
14308990,0.8802213072776794
14309500,0.6881690621376038
14316700,0.7798417806625366
14325000,0.6497421264648438
14362250,0.5656710863113403
14400000,0.8554768562316895
##ARM T2_s200
01022500,0.7725093960762024
01031500,0.8175273537635803
01047000,0.7819727659225464
01052500,0.8529829978942871
01054200,0.5648893117904663
01055000,0.5914981365203857
01057000,0.6490527391433716
01073000,0.8612157106399536
01078000,0.7939128875732422
01123000,0.7920161485671997
01134500,0.7921416163444519
01137500,0.7649180293083191
01139000,0.7819199562072754
01139800,0.5982456207275391
01142500,0.6579369902610779
01144000,0.8553054332733154
01162500,0.6586002111434937
01169000,0.7328147292137146
01170100,0.672512412071228
01181000,0.659396767616272
01187300,0.7824662923812866
01195100,0.6424221992492676
01333000,0.5104354619979858
01350000,0.6874845027923584
01350080,0.674933671951294
01350140,0.6374776363372803
01365000,0.7363748550415039
01411300,0.715703010559082
01413500,0.6333379745483398
01414500,0.4921441674232483
01415000,0.5754139423370361
01423000,0.6193012595176697
01434025,0.5832349061965942
01435000,0.6141575574874878
01439500,0.6691035032272339
01440000,0.8070542812347412
01440400,0.684674859046936
01451800,0.6993871927261353
01466500,0.7147802114486694
01484100,0.7866351008415222
01487000,0.9195338487625122
01491000,0.820178747177124
01510000,0.775330126285553
01516500,0.6344051361083984
01518862,0.7038153409957886
01532000,0.7202190160751343
01539000,0.8115493655204773
01542810,0.7867289781570435
01543000,0.8673585653305054
01543500,0.8840575814247131
01544500,0.8179229497909546
01545600,0.7500364780426025
01547700,0.670386791229248
01548500,0.8812694549560547
01549500,0.6957627534866333
01550000,0.7334498167037964
01552000,0.7612316608428955
01552500,0.6001706123352051
01557500,0.7838035821914673
01567500,0.7709324359893799
01568000,0.8890736103057861
01580000,0.5829511880874634
01583500,0.4246944785118103
01586610,0.4829164147377014
01591400,0.3259989619255066
01594950,0.792942464351654
01596500,0.7704970240592957
01605500,0.6049202680587769
01606500,0.7623574733734131
01632000,0.5138381719589233
01632900,0.6049156188964844
01634500,0.7078692317008972
01638480,0.5479314923286438
01639500,0.6629751920700073
01644000,0.8746989965438843
01664000,0.7854775190353394
01666500,0.7551915645599365
01667500,0.7583938837051392
01669000,0.8337529897689819
01669520,0.7647543549537659
02011400,0.8857052326202393
02013000,0.7919238805770874
02014000,0.8332244753837585
02015700,0.7130834460258484
02016000,0.7878466248512268
02017500,0.7165610194206238
02018000,0.7534604668617249
02027000,0.6360729932785034
02027500,0.6032503843307495
02028500,0.7171117663383484
02038850,0.6525253057479858
02046000,0.7684166431427002
02051500,0.7523351311683655
02053200,0.7516546845436096
02053800,0.8304887413978577
02055100,0.6299291849136353
02056900,0.7810645699501038
02059500,0.6238402128219604
02064000,0.7970066070556641
02065500,0.31845396757125854
02069700,0.5600361824035645
02070000,0.5733919143676758
02074500,0.5371010303497314
02077200,0.7269957065582275
02081500,0.6332991123199463
02082950,0.7535297870635986
02092500,0.8731091022491455
02096846,0.5922563076019287
02102908,0.7093836069107056
02108000,0.7487976551055908
02111180,0.4354488253593445
02111500,0.5357497930526733
02112120,0.600106954574585
02112360,0.7291486263275146
02118500,0.5445183515548706
02125000,0.851779580116272
02128000,0.7368454933166504
02137727,0.6911614537239075
02140991,0.3738940954208374
02143000,0.7447981834411621
02143040,0.5172604322433472
02149000,0.7308026552200317
02152100,0.6513742208480835
02177000,0.751805305480957
02178400,0.6897454261779785
02193340,0.6593294143676758
02196000,0.0313260555267334
02198100,0.4953097701072693
02202600,0.8264850378036499
02212600,0.726062536239624
02215100,0.8039431571960449
02216180,0.5289578437805176
02221525,0.32800382375717163
02231000,0.8519884347915649
02245500,0.3852602243423462
02246000,0.6809154748916626
02296500,0.24577248096466064
02297155,-11.07010555267334
02297310,-1.2221777439117432
02298123,0.7589195370674133
02298608,0.2710246443748474
02299950,0.4837057590484619
02300700,0.0784863829612732
02342933,0.49233120679855347
02349900,0.5887172222137451
02350900,0.8159239888191223
02361000,0.47174233198165894
02363000,0.6600632667541504
02369800,0.8131750226020813
02371500,0.2878403663635254
02372250,-0.1480875015258789
02374500,0.21744102239608765
02381600,-0.1149454116821289
02384540,0.6609339714050293
02395120,-0.07924211025238037
02415000,0.4834737777709961
02427250,0.17588818073272705
02430085,0.7406471967697144
02450250,0.4055713415145874
02464000,0.6849584579467773
02464360,0.6640275716781616
02465493,-2.6474874019622803
02469800,0.7541360259056091
02472000,0.8370755910873413
02472500,0.1817743182182312
02479155,0.7563347816467285
02479300,0.8033519983291626
02479560,0.8038702607154846
02481000,0.5763263702392578
02481510,0.742637038230896
03010655,0.8590816259384155
03011800,0.7632710933685303
03015500,0.8093491792678833
03021350,0.7627898454666138
03026500,0.8157224655151367
03028000,0.8313489556312561
03049000,0.7756984233856201
03049800,0.6411425471305847
03050000,0.8448009490966797
03069500,0.8668298721313477
03070500,0.7409490346908569
03076600,0.7360948324203491
03078000,0.7908121943473816
03140000,0.7728659510612488
03144000,0.8429975509643555
03170000,0.7699397802352905
03173000,0.8392117023468018
03180500,0.8296390771865845
03182500,0.8530020713806152
03186500,0.8509206771850586
03237280,0.5986939668655396
03237500,0.6353686451911926
03238500,0.6432641744613647
03241500,0.8230538368225098
03280700,0.7156592607498169
03281500,0.8001685738563538
03285000,0.6281827688217163
03291780,0.5288947820663452
03338780,0.4246857166290283
03340800,0.8705596923828125
03346000,0.8455689549446106
03364500,0.6488292217254639
03366500,0.5625945329666138
03368000,0.7223888635635376
03384450,0.6018755435943604
03439000,0.6691231727600098
03455500,0.4017726182937622
03456500,0.42839980125427246
03460000,0.6457778215408325
03463300,0.6064121127128601
03471500,0.5809004306793213
03473000,0.7113620638847351
03479000,0.39880698919296265
03488000,0.8008264303207397
03498500,0.8267107009887695
03500000,0.8023497462272644
03500240,0.24450790882110596
03504000,0.5455275774002075
03574500,0.6923679113388062
03592718,0.583585262298584
03604000,0.7783674597740173
04015330,0.5954023003578186
04024430,0.5663731098175049
04027000,0.44954729080200195
04040500,0.6784906387329102
04043050,0.7067549228668213
04045500,0.8829535841941833
04057510,0.7889711260795593
04057800,0.5679799914360046
04059500,0.8124846816062927
04063700,0.6785842180252075
04074950,0.848591685295105
04105700,0.7726446986198425
04115265,0.6262198090553284
04122200,0.6476408243179321
04122500,0.5370581150054932
04127918,0.25017350912094116
04127997,0.7405425310134888
04161580,0.6675184965133667
04185000,0.6848049163818359
04196800,0.7191454172134399
04197100,0.621787428855896
04197170,0.7374504208564758
04213000,0.6963392496109009
04213075,0.4155721068382263
04216418,0.6575282216072083
04221000,0.8260045051574707
04224775,0.7204846143722534
04233000,0.737022876739502
04256000,0.7596955895423889
04296000,0.669232964515686
05057200,0.40033644437789917
05120500,-25.726545333862305
05291000,0.38643258810043335
05362000,0.8757877349853516
05393500,0.8946247100830078
05399500,0.7732080221176147
05408000,0.6858013868331909
05413500,0.5512559413909912
05414000,0.301862895488739
05444000,0.3385700583457947
05454000,0.4768887162208557
05458000,0.7597116827964783
05466500,0.6186661720275879
05487980,0.7106093168258667
05488200,0.6345391273498535
05489000,0.6617411971092224
05495000,0.7400990724563599
05495500,0.6330652236938477
05501000,0.7846971154212952
05503800,0.8262611627578735
05507600,0.8126494884490967
05508805,0.8862194418907166
05525500,0.6595404148101807
05556500,0.796761691570282
05584500,0.2689315676689148
05591550,0.6317996978759766
05592050,0.6595129370689392
05592575,0.6808029413223267
05593575,0.7722206115722656
05593900,0.7434606552124023
05595730,0.8051106333732605
06221400,0.9045997858047485
06224000,0.9144298434257507
06278300,0.6979635953903198
06280300,0.8350813984870911
06289000,0.3350638747215271
06291500,0.5656477808952332
06311000,0.6388660669326782
06332515,0.27779072523117065
06339100,0.4605509638786316
06344600,0.33337050676345825
06350000,-0.1708054542541504
06352000,0.015435099601745605
06404000,0.685594916343689
06406000,0.12031757831573486
06409000,-3.0239100456237793
06431500,0.5300670862197876
06440200,0.5503861904144287
06447500,0.4730355739593506
06470800,0.7125252485275269
06477500,-1.5463192462921143
06479215,0.2834092974662781
06601000,-0.5689834356307983
06614800,0.8378899097442627
06622700,0.6787525415420532
06623800,0.8052860498428345
06632400,0.7319666743278503
06746095,0.6308664679527283
06803510,0.6632006168365479
06803530,0.630035400390625
06814000,0.6217638850212097
06847900,-0.07638669013977051
06853800,0.33658474683761597
06876700,0.42791181802749634
06878000,0.7952555418014526
06879650,-0.3076348304748535
06885500,0.8287984728813171
06888500,0.5763540267944336
06889200,0.6563632488250732
06889500,0.7290269136428833
06892000,0.5536547899246216
06903400,0.6781660318374634
06906800,0.8351019024848938
06910800,0.5966854691505432
06911900,0.5772953629493713
06917000,0.8370475769042969
06918460,0.02479076385498047
06919500,0.7473567724227905
06921070,0.6634663343429565
06921200,0.6756718158721924
07057500,0.8031328916549683
07060710,0.6965214014053345
07066000,0.811626672744751
07083000,0.8722558617591858
07142300,-0.13474547863006592
07145700,0.7058022022247314
07167500,0.6638251543045044
07180500,0.763859748840332
07184000,0.7845496535301208
07195800,-0.7031943798065186
07196900,0.6347144842147827
07197000,0.6425502300262451
07208500,0.4053277373313904
07261000,0.6979019045829773
07263295,0.6734444499015808
07291000,0.16334664821624756
07299670,0.18076878786087036
07301410,-0.011468768119812012
07315200,0.5274214744567871
07315700,0.6090843677520752
07335700,0.5276062488555908
07340300,0.7517895698547363
07346045,0.7736374139785767
07359610,0.80427086353302
07362100,0.2651898264884949
07362587,0.5151302814483643
07375000,-0.203574538230896
08013000,0.8497841358184814
08014500,0.5269752740859985
08023080,0.35842645168304443
08050800,0.3129793405532837
08066200,0.5996654033660889
08066300,0.32241636514663696
08070000,0.254019558429718
08070200,0.14947909116744995
08082700,0.0859106183052063
08086212,0.5401110649108887
08086290,0.5038999319076538
08101000,0.5518376231193542
08103900,0.28417807817459106
08104900,0.2629985213279724
08109700,0.46385395526885986
08150800,-0.9375567436218262
08158700,0.24609625339508057
08158810,0.15669924020767212
08164300,0.458079993724823
08164600,0.5925642251968384
08165300,-8.867644309997559
08171300,0.6250119209289551
08175000,0.4406523108482361
08176900,0.4200536012649536
08178880,0.14563792943954468
08189500,0.23196130990982056
08190000,-0.6503570079803467
08190500,-0.6363275051116943
08194200,-0.7619185447692871
08195000,-0.9697319269180298
08196000,0.021690309047698975
08198500,0.5466095209121704
08200000,0.21684420108795166
08202700,0.262689471244812
08267500,0.48114025592803955
08269000,0.4904404878616333
08271000,0.6283071041107178
08324000,0.5090224146842957
08377900,0.7169736623764038
08378500,0.7698190212249756
08380500,0.11051201820373535
09035800,0.6661992073059082
09035900,0.9153817892074585
09047700,0.8833728432655334
09065500,0.8628993630409241
09066000,0.9042678475379944
09066200,0.8535335659980774
09066300,0.801757276058197
09081600,0.8824051022529602
09107000,0.8242036700248718
09210500,0.7232208251953125
09223000,0.7680483460426331
09306242,-0.715376615524292
09312600,0.6191398501396179
09352900,0.7045300602912903
09378170,0.279935359954834
09386900,0.05578446388244629
09404450,0.3392018675804138
09430600,0.03992128372192383
09447800,-3.0627384185791016
09484600,0.02933502197265625
09492400,0.4200437664985657
09494000,0.37227433919906616
09497980,0.706499457359314
09505350,0.34833234548568726
09505800,0.4222066402435303
09508300,0.31294071674346924
09510200,0.5181804895401001
09512280,0.22241568565368652
09513780,0.21727412939071655
10234500,0.600041389465332
10244950,-1.5515615940093994
10259000,0.4556124806404114
10336645,0.7511708736419678
10336660,0.9268339276313782
10343500,-0.4823122024536133
11124500,0.8626663684844971
11141280,0.5423433780670166
11143000,0.5495114326477051
11148900,0.5461833477020264
11151300,-0.026160120964050293
11176400,0.5238875150680542
11230500,0.4686863422393799
11237500,0.8512531518936157
11264500,0.6271729469299316
11266500,0.6643269658088684
11284400,0.5919481515884399
11381500,0.754147469997406
11451100,0.7275590300559998
11468500,0.8630682826042175
11473900,0.7415784597396851
11475560,0.7218103408813477
11476600,0.843453049659729
11478500,0.6995691657066345
11480390,0.711815357208252
11481200,0.8211817145347595
11482500,0.8342185616493225
11522500,0.7321724891662598
11523200,0.7559272050857544
11528700,0.7054924964904785
11532500,0.8856521844863892
12010000,0.8777346014976501
12013500,0.7805187106132507
12020000,0.333254873752594
12025700,0.8614991307258606
12035000,0.8835569024085999
12040500,0.8064799308776855
12041200,0.7842427492141724
12048000,0.7215080261230469
12054000,0.7600393295288086
12056500,0.6787235736846924
12073500,0.6513488292694092
12082500,0.7630423903465271
12092000,0.704675555229187
12114500,0.5713210701942444
12115000,0.6363543272018433
12117000,0.7594826221466064
12143600,0.7488755583763123
12144000,0.7367730140686035
12145500,0.8917723894119263
12147500,0.7790547609329224
12167000,0.652097225189209
12175500,0.801798939704895
12178100,0.7825234532356262
12186000,0.7247715592384338
12189500,0.6953636407852173
12375900,0.7683956027030945
12377150,0.9202011823654175
12381400,0.8759896755218506
12383500,0.8478096723556519
12390700,0.701087236404419
12411000,0.6652840375900269
12447390,0.5563145279884338
12451000,0.8958128094673157
12488500,0.7221035957336426
13011500,0.8164795637130737
13011900,0.8312948942184448
13018300,0.5070836544036865
13023000,0.7983875274658203
13161500,0.7700086832046509
13235000,0.8094532489776611
13240000,0.8925302028656006
13313000,0.9060478806495667
13331500,0.805390477180481
14020000,0.4802829623222351
14096850,0.02746868133544922
14137000,0.6922065019607544
14138800,0.6857224702835083
14138870,0.7629476189613342
14138900,0.7333356142044067
14139800,0.7671859264373779
14141500,0.7427517175674438
14154500,0.798189640045166
14158790,0.5739996433258057
14166500,0.9027486443519592
14182500,0.7092871069908142
14185000,0.7894617915153503
14185900,0.767974853515625
14187000,0.8120994567871094
14216500,0.492209255695343
14222500,0.7355002164840698
14236200,0.8148040175437927
14301000,0.922296404838562
14303200,0.8220739960670471
14305500,0.8365697860717773
14306340,0.8073307275772095
14306500,0.88644939661026
14308990,0.8159197568893433
14309500,0.7195205688476562
14316700,0.7730013728141785
14325000,0.7072457671165466
14362250,-1.5743770599365234
14400000,0.8824523687362671
##ARM T2_s300
01022500,0.7463825941085815
01031500,0.8588429689407349
01047000,0.903566300868988
01052500,0.8506990075111389
01054200,0.5717763900756836
01055000,0.6826761960983276
01057000,0.813084602355957
01073000,0.6471788883209229
01078000,0.8604108691215515
01123000,0.7621065378189087
01134500,0.7896149158477783
01137500,0.7173911333084106
01139000,0.8304114937782288
01139800,0.8108212947845459
01142500,0.6538903713226318
01144000,0.8273555040359497
01162500,0.7016351222991943
01169000,0.7068685293197632
01170100,0.7226436138153076
01181000,0.6220048666000366
01187300,0.7990227341651917
01195100,0.7505643367767334
01333000,0.457453191280365
01350000,0.7661750316619873
01350080,0.6350274085998535
01350140,0.5756207704544067
01365000,0.731702446937561
01411300,0.650415301322937
01413500,0.5277553200721741
01414500,0.5780823230743408
01415000,0.4940871000289917
01423000,0.5462548732757568
01434025,0.511890172958374
01435000,0.6562170386314392
01439500,0.7230737209320068
01440000,0.7413667440414429
01440400,0.6620230674743652
01451800,0.6627192497253418
01466500,0.7994145750999451
01484100,0.7180113196372986
01487000,0.8822832703590393
01491000,0.7623206973075867
01510000,0.7939439415931702
01516500,0.6820718050003052
01518862,0.594154953956604
01532000,0.7370184659957886
01539000,0.8227989077568054
01542810,0.7577049732208252
01543000,0.8485651016235352
01543500,0.8625268340110779
01544500,0.8523919582366943
01545600,0.8463413119316101
01547700,0.6353907585144043
01548500,0.8223565220832825
01549500,0.746792733669281
01550000,0.7567719221115112
01552000,0.7798188924789429
01552500,0.6226029396057129
01557500,0.7675241231918335
01567500,0.7850207090377808
01568000,0.8514763116836548
01580000,0.6504160165786743
01583500,0.4793139100074768
01586610,0.5865948796272278
01591400,0.4279360771179199
01594950,0.8262869119644165
01596500,0.7117465734481812
01605500,0.6190450191497803
01606500,0.7796462178230286
01632000,0.5000020265579224
01632900,0.5777431726455688
01634500,0.5799337029457092
01638480,0.6477999091148376
01639500,0.6403727531433105
01644000,0.869062066078186
01664000,0.8516698479652405
01666500,0.5977022647857666
01667500,0.824644923210144
01669000,0.7386771440505981
01669520,0.7362444996833801
02011400,0.8773279786109924
02013000,0.7668144702911377
02014000,0.8497384786605835
02015700,0.6528196930885315
02016000,0.7553481459617615
02017500,0.7273004651069641
02018000,0.7370051145553589
02027000,0.6638901233673096
02027500,0.7354423999786377
02028500,0.6375268697738647
02038850,0.6414878964424133
02046000,0.656890869140625
02051500,0.678020715713501
02053200,0.851452112197876
02053800,0.8267053365707397
02055100,0.5959687232971191
02056900,0.7676314115524292
02059500,0.657622218132019
02064000,0.7641489505767822
02065500,0.20406252145767212
02069700,0.47340548038482666
02070000,0.6148526668548584
02074500,0.45703887939453125
02077200,0.6591919660568237
02081500,0.654159426689148
02082950,0.6442502737045288
02092500,0.8317278027534485
02096846,0.39412301778793335
02102908,0.6676415205001831
02108000,0.7908511161804199
02111180,0.6345478296279907
02111500,0.5236456394195557
02112120,0.5943437814712524
02112360,0.6365249156951904
02118500,0.4981204867362976
02125000,0.8283108472824097
02128000,0.6425274610519409
02137727,0.6974709033966064
02140991,0.6157249212265015
02143000,0.6657556891441345
02143040,0.5054987668991089
02149000,0.6797407865524292
02152100,0.5790958404541016
02177000,0.6996267437934875
02178400,0.6640651226043701
02193340,0.7766792178153992
02196000,0.7888480424880981
02198100,0.6655080318450928
02202600,0.7386274933815002
02212600,0.770851731300354
02215100,0.7897523045539856
02216180,0.7366621494293213
02221525,0.5591364502906799
02231000,0.8804306387901306
02245500,0.6182683706283569
02246000,0.8803545236587524
02296500,0.7315918207168579
02297155,-16.3873291015625
02297310,-0.3051110506057739
02298123,0.8329413533210754
02298608,0.27634966373443604
02299950,0.5307570695877075
02300700,-0.14273452758789062
02342933,0.4906274676322937
02349900,0.5300683975219727
02350900,0.8816733360290527
02361000,0.7126307487487793
02363000,0.8468758463859558
02369800,0.7149168252944946
02371500,0.4748961329460144
02372250,0.013629317283630371
02374500,0.25776439905166626
02381600,-0.22763609886169434
02384540,0.5606886148452759
02395120,0.28222543001174927
02415000,0.6019591093063354
02427250,0.6683617830276489
02430085,0.6434247493743896
02450250,0.4068858027458191
02464000,0.6560714244842529
02464360,0.6659243106842041
02465493,-4.139406681060791
02469800,0.7406516075134277
02472000,0.8426182866096497
02472500,0.599158525466919
02479155,0.7853086590766907
02479300,0.7726009488105774
02479560,0.6733183860778809
02481000,0.5924359560012817
02481510,0.7367180585861206
03010655,0.8208466172218323
03011800,0.7265869975090027
03015500,0.7651798725128174
03021350,0.7701606750488281
03026500,0.8035537600517273
03028000,0.7990572452545166
03049000,0.7700845003128052
03049800,0.6009771823883057
03050000,0.8363772630691528
03069500,0.879833996295929
03070500,0.7455145120620728
03076600,0.6954107284545898
03078000,0.7445374727249146
03140000,0.7384599447250366
03144000,0.7861268520355225
03170000,0.7535146474838257
03173000,0.8958332538604736
03180500,0.7795313000679016
03182500,0.858883261680603
03186500,0.8726751208305359
03237280,0.6131809949874878
03237500,0.6407891511917114
03238500,0.5574893951416016
03241500,0.8106812834739685
03280700,0.7212847471237183
03281500,0.7905429601669312
03285000,0.6337376832962036
03291780,0.636542558670044
03338780,0.614841639995575
03340800,0.8571591973304749
03346000,0.7838669419288635
03364500,0.6596239805221558
03366500,0.676186203956604
03368000,0.7831746339797974
03384450,0.6485733985900879
03439000,0.6246281862258911
03455500,0.3464033007621765
03456500,0.5592160224914551
03460000,0.7594723701477051
03463300,0.642418384552002
03471500,0.6901922225952148
03473000,0.7818164825439453
03479000,0.5545228719711304
03488000,0.791711688041687
03498500,0.7645552158355713
03500000,0.7074751853942871
03500240,0.42242246866226196
03504000,0.5336399674415588
03574500,0.45801568031311035
03592718,0.38188958168029785
03604000,0.797919750213623
04015330,0.5807434320449829
04024430,0.6021724939346313
04027000,0.48953378200531006
04040500,0.8572214245796204
04043050,0.8243129253387451
04045500,0.8672565221786499
04057510,0.7453126907348633
04057800,0.666028618812561
04059500,0.9194499850273132
04063700,0.7369241714477539
04074950,0.8017963171005249
04105700,-0.18090951442718506
04115265,0.657861053943634
04122200,0.773719072341919
04122500,0.5960121154785156
04127918,0.698864758014679
04127997,0.8111765384674072
04161580,0.6254923939704895
04185000,0.7402641773223877
04196800,0.6813603639602661
04197100,0.7801378965377808
04197170,0.7583582401275635
04213000,0.6199170351028442
04213075,0.40022438764572144
04216418,0.632720947265625
04221000,0.7840390205383301
04224775,0.7189441919326782
04233000,0.7620673179626465
04256000,0.783439040184021
04296000,0.7085229158401489
05057200,0.16939210891723633
05120500,-29.782644271850586
05291000,0.25294923782348633
05362000,0.9163245558738708
05393500,0.8949905633926392
05399500,0.7889316082000732
05408000,0.6203852891921997
05413500,0.633569598197937
05414000,0.37284380197525024
05444000,0.3436375856399536
05454000,0.3880534768104553
05458000,0.6952568292617798
05466500,0.5704362392425537
05487980,0.6621698141098022
05488200,0.6469973921775818
05489000,0.6037459373474121
05495000,0.6297505497932434
05495500,0.716107189655304
05501000,0.7810927629470825
05503800,0.7413628697395325
05507600,0.7705497741699219
05508805,0.7772613167762756
05525500,0.8066442608833313
05556500,0.6164566278457642
05584500,0.4258337616920471
05591550,0.6420875787734985
05592050,0.596882700920105
05592575,0.7584941387176514
05593575,0.8661171793937683
05593900,0.5338598489761353
05595730,0.8333882093429565
06221400,0.9241768717765808
06224000,0.8748522400856018
06278300,0.6950932741165161
06280300,0.890342652797699
06289000,0.47752296924591064
06291500,0.4389019012451172
06311000,0.7003292441368103
06332515,0.4306451678276062
06339100,0.5166573524475098
06344600,0.2969701886177063
06350000,-1.0801410675048828
06352000,-0.12115490436553955
06404000,0.4615596532821655
06406000,0.07947635650634766
06409000,-1.6220693588256836
06431500,0.5370442867279053
06440200,0.5762538909912109
06447500,-0.15190601348876953
06470800,0.6775506734848022
06477500,0.1632760763168335
06479215,0.3874672055244446
06601000,0.5848667621612549
06614800,0.7924182415008545
06622700,0.7923174500465393
06623800,0.8732262253761292
06632400,0.8031774163246155
06746095,0.703125
06803510,0.6401355266571045
06803530,0.6414280533790588
06814000,0.6628000140190125
06847900,-0.1473923921585083
06853800,0.18064337968826294
06876700,0.05024963617324829
06878000,0.7207284569740295
06879650,0.1743493676185608
06885500,0.8162703514099121
06888500,0.7376770973205566
06889200,0.49670928716659546
06889500,0.6400315165519714
06892000,0.728534460067749
06903400,0.5053446292877197
06906800,0.6146248579025269
06910800,0.8330603837966919
06911900,0.6946857571601868
06917000,0.6450737118721008
06918460,0.14209336042404175
06919500,0.8008203506469727
06921070,0.5926464200019836
06921200,0.5991029739379883
07057500,0.879007875919342
07060710,0.5865685343742371
07066000,0.776421844959259
07083000,0.7694791555404663
07142300,0.48368948698043823
07145700,0.7623831629753113
07167500,0.7412809133529663
07180500,0.5586980581283569
07184000,0.559273362159729
07195800,-0.19251644611358643
07196900,0.7142293453216553
07197000,0.7164287567138672
07208500,0.27082520723342896
07261000,0.8384974002838135
07263295,0.5345182418823242
07291000,0.4984162449836731
07299670,0.13873016834259033
07301410,-0.1596144437789917
07315200,0.40981459617614746
07315700,0.5324125289916992
07335700,0.6207072734832764
07340300,0.7157625555992126
07346045,0.7455670237541199
07359610,0.6939035654067993
07362100,0.36355382204055786
07362587,0.3644571304321289
07375000,0.3028290867805481
08013000,0.8953382968902588
08014500,0.5612348318099976
08023080,0.4770677089691162
08050800,0.4238789677619934
08066200,0.6283349394798279
08066300,0.5703763961791992
08070000,0.5955791473388672
08070200,0.6134921312332153
08082700,0.1740882396697998
08086212,0.5067769885063171
08086290,0.5064066052436829
08101000,0.4782028794288635
08103900,0.4666603207588196
08104900,0.389995813369751
08109700,0.4817323088645935
08150800,-0.013728499412536621
08158700,0.09552723169326782
08158810,0.2693430781364441
08164300,0.4023306369781494
08164600,0.6360920667648315
08165300,-30.72459602355957
08171300,0.441417396068573
08175000,0.6165582537651062
08176900,0.29260122776031494
08178880,-0.5678387880325317
08189500,0.27933263778686523
08190000,-0.592860221862793
08190500,-0.6151599884033203
08194200,-0.9326653480529785
08195000,-0.09784626960754395
08196000,-0.004929304122924805
08198500,0.4271498918533325
08200000,0.4467504024505615
08202700,0.4587446451187134
08267500,0.1938120722770691
08269000,0.2134491205215454
08271000,0.449515700340271
08324000,0.3386024832725525
08377900,0.6963405609130859
08378500,0.654605507850647
08380500,0.239773690700531
09035800,0.7500470876693726
09035900,0.9363943338394165
09047700,0.8798565864562988
09065500,0.9133044481277466
09066000,0.8879916071891785
09066200,0.922614574432373
09066300,0.8269001245498657
09081600,0.9085276126861572
09107000,0.8105665445327759
09210500,0.7162397503852844
09223000,0.75343918800354
09306242,-1.2668263912200928
09312600,0.40981829166412354
09352900,0.6182242631912231
09378170,-0.766281247138977
09386900,0.11098885536193848
09404450,0.29612475633621216
09430600,0.06917017698287964
09447800,-4.901923656463623
09484600,-0.09876513481140137
09492400,0.3662748336791992
09494000,0.2896116375923157
09497980,0.7510208487510681
09505350,0.30585283041000366
09505800,0.16959446668624878
09508300,0.25068432092666626
09510200,0.4935433864593506
09512280,0.213337242603302
09513780,-0.13270294666290283
10234500,0.7541571259498596
10244950,-0.2685655355453491
10259000,0.5263928771018982
10336645,0.8187145590782166
10336660,0.9394850134849548
10343500,-0.08374369144439697
11124500,0.6076440811157227
11141280,0.3724791407585144
11143000,0.3062012195587158
11148900,0.5195653438568115
11151300,0.3807624578475952
11176400,0.3334338665008545
11230500,0.3509427309036255
11237500,0.841366708278656
11264500,0.7247363924980164
11266500,0.779455840587616
11284400,0.48558473587036133
11381500,0.667676568031311
11451100,0.7330560684204102
11468500,0.8428256511688232
11473900,0.8232884407043457
11475560,0.7071274518966675
11476600,0.846036970615387
11478500,0.7057870626449585
11480390,0.6604229211807251
11481200,0.8156297206878662
11482500,0.8638491034507751
11522500,0.795088529586792
11523200,0.7294608354568481
11528700,0.7189717292785645
11532500,0.8812832236289978
12010000,0.8399646282196045
12013500,0.8578989505767822
12020000,0.3514382243156433
12025700,0.8687264919281006
12035000,0.8538740873336792
12040500,0.8020068407058716
12041200,0.7916308045387268
12048000,0.7337131500244141
12054000,0.7091183662414551
12056500,0.6169734001159668
12073500,0.7860519886016846
12082500,0.7355806231498718
12092000,0.6398935914039612
12114500,0.6061223745346069
12115000,0.6627033948898315
12117000,0.8327093720436096
12143600,0.7576308846473694
12144000,0.7291310429573059
12145500,0.8929785490036011
12147500,0.7492477893829346
12167000,0.6537527441978455
12175500,0.8442903757095337
12178100,0.7801949381828308
12186000,0.7755698561668396
12189500,0.7123790383338928
12375900,0.7559314966201782
12377150,0.894115686416626
12381400,0.8164522647857666
12383500,0.8230849504470825
12390700,0.6062566637992859
12411000,0.4530608654022217
12447390,0.8025825023651123
12451000,0.897250771522522
12488500,0.6817933320999146
13011500,0.8293508887290955
13011900,0.802153468132019
13018300,0.534064531326294
13023000,0.8962655067443848
13161500,0.8128018379211426
13235000,0.798417329788208
13240000,0.9112063050270081
13313000,0.8663478493690491
13331500,0.8393632173538208
14020000,0.39160168170928955
14096850,-0.28911101818084717
14137000,0.7223772406578064
14138800,0.6294170618057251
14138870,0.7466189861297607
14138900,0.6904647350311279
14139800,0.7384452223777771
14141500,0.7232893705368042
14154500,0.8166744709014893
14158790,0.5740818977355957
14166500,0.9176285862922668
14182500,0.7023841738700867
14185000,0.8124033808708191
14185900,0.7791151404380798
14187000,0.8498197793960571
14216500,0.7016792297363281
14222500,0.812053918838501
14236200,0.812955915927887
14301000,0.907555878162384
14303200,0.7633445262908936
14305500,0.8262282609939575
14306340,0.7800463438034058
14306500,0.8788976669311523
14308990,0.7985691428184509
14309500,0.6991745233535767
14316700,0.8024741411209106
14325000,0.6380465030670166
14362250,-0.01949000358581543
14400000,0.88148432970047
##ARM T2_s400
01022500,0.788673996925354
01031500,0.8619544506072998
01047000,0.8159469366073608
01052500,0.8675082325935364
01054200,0.5936072468757629
01055000,0.681878924369812
01057000,0.8223183155059814
01073000,0.7140771150588989
01078000,0.8209148645401001
01123000,0.7455453276634216
01134500,0.7636938095092773
01137500,0.7534545660018921
01139000,0.7864896655082703
01139800,0.7725162506103516
01142500,0.6356431245803833
01144000,0.8053633570671082
01162500,0.6908091306686401
01169000,0.7199428081512451
01170100,0.7069393396377563
01181000,0.6843634843826294
01187300,0.8072857856750488
01195100,0.6065306663513184
01333000,0.554114818572998
01350000,0.7249815464019775
01350080,0.6754720211029053
01350140,0.661963701248169
01365000,0.7520050406455994
01411300,0.742853045463562
01413500,0.597760796546936
01414500,0.6210512518882751
01415000,0.6238219738006592
01423000,0.6138248443603516
01434025,0.6278637647628784
01435000,0.732937753200531
01439500,0.6772048473358154
01440000,0.7782607674598694
01440400,0.6587411761283875
01451800,0.7159109711647034
01466500,0.7263952493667603
01484100,0.709858775138855
01487000,0.7924550175666809
01491000,0.6748585104942322
01510000,0.6969031095504761
01516500,0.6086753606796265
01518862,0.7088422775268555
01532000,0.7130041718482971
01539000,0.8073160648345947
01542810,0.8225035667419434
01543000,0.8751835823059082
01543500,0.8440340161323547
01544500,0.8583764433860779
01545600,0.7973467111587524
01547700,0.656151294708252
01548500,0.8510580062866211
01549500,0.7072082757949829
01550000,0.7390707731246948
01552000,0.7306935787200928
01552500,0.6383955478668213
01557500,0.8056405782699585
01567500,0.7712145447731018
01568000,0.8653554916381836
01580000,0.6350144147872925
01583500,0.5701344013214111
01586610,0.6425438523292542
01591400,0.07796633243560791
01594950,0.7618907690048218
01596500,0.7326321005821228
01605500,0.6983333826065063
01606500,0.7794798016548157
01632000,0.5034058094024658
01632900,0.640520453453064
01634500,0.6341116428375244
01638480,0.621494472026825
01639500,0.6875048875808716
01644000,0.8913373351097107
01664000,0.8088017106056213
01666500,0.7475693821907043
01667500,0.781145453453064
01669000,0.7610596418380737
01669520,0.860456645488739
02011400,0.8573797941207886
02013000,0.786277174949646
02014000,0.8198209404945374
02015700,0.688286542892456
02016000,0.8201479911804199
02017500,0.7603545784950256
02018000,0.7857635617256165
02027000,0.7095950841903687
02027500,0.77052903175354
02028500,0.7044616937637329
02038850,0.6082779169082642
02046000,0.7735835909843445
02051500,0.748557448387146
02053200,0.7833315134048462
02053800,0.8707820177078247
02055100,0.5566606521606445
02056900,0.7882370352745056
02059500,0.6092520952224731
02064000,0.8865236043930054
02065500,0.44595056772232056
02069700,0.6358223557472229
02070000,0.6625895500183105
02074500,0.4924491047859192
02077200,0.6148898005485535
02081500,0.6928873062133789
02082950,0.7613798379898071
02092500,0.8092048168182373
02096846,0.6167033910751343
02102908,0.672015368938446
02108000,0.7623028755187988
02111180,0.5767825841903687
02111500,0.5770406126976013
02112120,0.5157632827758789
02112360,0.6896629333496094
02118500,0.5811785459518433
02125000,0.8258339166641235
02128000,0.8454869985580444
02137727,0.5428007245063782
02140991,0.736682653427124
02143000,0.7259179353713989
02143040,0.49790698289871216
02149000,0.6795673370361328
02152100,0.6378960013389587
02177000,0.6526959538459778
02178400,0.7312815189361572
02193340,0.8058931827545166
02196000,0.8318331241607666
02198100,0.49705904722213745
02202600,0.8313640356063843
02212600,0.7648385763168335
02215100,0.8260753154754639
02216180,0.710685133934021
02221525,0.6181010007858276
02231000,0.8988418579101562
02245500,0.34907180070877075
02246000,0.7063477039337158
02296500,0.7456715106964111
02297155,-9.04472827911377
02297310,-0.1928197145462036
02298123,0.7526118159294128
02298608,0.4482848644256592
02299950,0.4190872311592102
02300700,0.10393279790878296
02342933,0.5281867980957031
02349900,0.4713175296783447
02350900,0.8577264547348022
02361000,0.6330552101135254
02363000,0.6063973903656006
02369800,0.7038875818252563
02371500,0.21671855449676514
02372250,-0.7812618017196655
02374500,0.32420551776885986
02381600,0.06871408224105835
02384540,0.5119647979736328
02395120,-0.3003838062286377
02415000,0.48299241065979004
02427250,0.6854475140571594
02430085,0.7297744154930115
02450250,0.34453392028808594
02464000,0.7017258405685425
02464360,0.6724586486816406
02465493,-0.38301658630371094
02469800,0.7735570669174194
02472000,0.8050684928894043
02472500,0.031346142292022705
02479155,0.7233666777610779
02479300,0.8814210891723633
02479560,0.7368345260620117
02481000,0.5542268753051758
02481510,0.757347583770752
03010655,0.871087908744812
03011800,0.7953312993049622
03015500,0.7927225828170776
03021350,0.7389278411865234
03026500,0.8543308973312378
03028000,0.8851727843284607
03049000,0.8148802518844604
03049800,0.6475777626037598
03050000,0.8472391366958618
03069500,0.8779937028884888
03070500,0.7985163927078247
03076600,0.7139543294906616
03078000,0.7907659411430359
03140000,0.7960230112075806
03144000,0.820540189743042
03170000,0.8255994915962219
03173000,0.8841846585273743
03180500,0.7855351567268372
03182500,0.870357871055603
03186500,0.8359995484352112
03237280,0.6837005615234375
03237500,0.658786416053772
03238500,0.6703675389289856
03241500,0.8278696537017822
03280700,0.7146100997924805
03281500,0.796222448348999
03285000,0.6616101861000061
03291780,0.5853057503700256
03338780,0.5518397092819214
03340800,0.8564204573631287
03346000,0.846791684627533
03364500,0.666334867477417
03366500,0.5112186670303345
03368000,0.7754177451133728
03384450,0.6956137418746948
03439000,0.6600655317306519
03455500,0.3748217225074768
03456500,0.490539014339447
03460000,0.6883147954940796
03463300,0.6059858798980713
03471500,0.7089807987213135
03473000,0.662651777267456
03479000,0.5081489086151123
03488000,0.7274172306060791
03498500,0.738426923751831
03500000,0.7486581802368164
03500240,0.35838115215301514
03504000,0.6439386010169983
03574500,0.6501146554946899
03592718,0.545350193977356
03604000,0.7501709461212158
04015330,0.6982767581939697
04024430,0.40352970361709595
04027000,0.5241090059280396
04040500,0.7082794904708862
04043050,0.8571860790252686
04045500,0.8899877667427063
04057510,0.766426146030426
04057800,0.249386727809906
04059500,0.7924454212188721
04063700,0.723936915397644
04074950,0.8253298997879028
04105700,0.424188494682312
04115265,0.675551176071167
04122200,0.6679670810699463
04122500,0.6182639002799988
04127918,0.5505309104919434
04127997,0.7309006452560425
04161580,0.6118018627166748
04185000,0.7842475771903992
04196800,0.6209205389022827
04197100,0.7062007188796997
04197170,0.8056495189666748
04213000,0.6805075407028198
04213075,0.431638240814209
04216418,0.6757875084877014
04221000,0.82197105884552
04224775,0.6972190141677856
04233000,0.7487674951553345
04256000,0.7891771793365479
04296000,0.7544216513633728
05057200,0.4814566969871521
05120500,-5.369505882263184
05291000,0.3661762475967407
05362000,0.705551028251648
05393500,0.8228382468223572
05399500,0.6927028894424438
05408000,0.8677236437797546
05413500,0.8104066848754883
05414000,0.5260940790176392
05444000,0.4787250757217407
05454000,0.5346596240997314
05458000,0.7046363353729248
05466500,0.48540782928466797
05487980,0.6744167804718018
05488200,0.6026819944381714
05489000,0.47291356325149536
05495000,0.6630020141601562
05495500,0.6600659489631653
05501000,0.7539387345314026
05503800,0.8014637231826782
05507600,0.8558115363121033
05508805,0.8689655065536499
05525500,0.8479501605033875
05556500,0.7243155241012573
05584500,0.44403642416000366
05591550,0.7005442380905151
05592050,0.6450326442718506
05592575,0.6541944742202759
05593575,0.8416614532470703
05593900,0.6589533090591431
05595730,0.8605312705039978
06221400,0.9464433193206787
06224000,0.9366322159767151
06278300,0.7937526702880859
06280300,0.6766112446784973
06289000,0.3816714286804199
06291500,0.5921869277954102
06311000,0.6462588310241699
06332515,0.5411050915718079
06339100,0.6625423431396484
06344600,0.4085956811904907
06350000,-0.31333184242248535
06352000,-0.08814144134521484
06404000,0.6817525625228882
06406000,0.09348732233047485
06409000,-1.1321678161621094
06431500,0.5809170007705688
06440200,0.4258273243904114
06447500,0.5507403612136841
06470800,0.7539052367210388
06477500,0.37850552797317505
06479215,0.324940025806427
06601000,0.06056177616119385
06614800,0.8458582162857056
06622700,0.860299289226532
06623800,0.912803590297699
06632400,0.8206177949905396
06746095,0.8190491199493408
06803510,0.5460977554321289
06803530,0.5811912417411804
06814000,0.6539256572723389
06847900,-0.020929694175720215
06853800,0.2288028597831726
06876700,0.4647281765937805
06878000,0.7112341523170471
06879650,-0.15006005764007568
06885500,0.8247905373573303
06888500,0.6079496145248413
06889200,0.623816728591919
06889500,0.7809130549430847
06892000,0.820325493812561
06903400,0.48531270027160645
06906800,0.8196752667427063
06910800,0.8628637790679932
06911900,0.8196675777435303
06917000,0.6833879947662354
06918460,-0.05066025257110596
06919500,0.6995381712913513
06921070,0.6890760064125061
06921200,0.5821106433868408
07057500,0.7749786376953125
07060710,0.6815909147262573
07066000,0.7404202222824097
07083000,0.8800287842750549
07142300,-0.3742036819458008
07145700,0.8179419040679932
07167500,0.6916730403900146
07180500,0.6720929145812988
07184000,0.6616992950439453
07195800,-0.4021373987197876
07196900,0.7511548399925232
07197000,0.7605947852134705
07208500,0.5198694467544556
07261000,0.836952805519104
07263295,0.6370740532875061
07291000,0.5014014840126038
07299670,0.13806581497192383
07301410,-0.052686095237731934
07315200,-0.006039261817932129
07315700,0.5755113363265991
07335700,0.6111133098602295
07340300,0.7586095929145813
07346045,0.7346925735473633
07359610,0.731676459312439
07362100,0.3173455595970154
07362587,0.5074291229248047
07375000,0.4149320125579834
08013000,0.8140414357185364
08014500,0.3503134846687317
08023080,0.4656637907028198
08050800,0.29766178131103516
08066200,0.5851767063140869
08066300,0.4467553496360779
08070000,0.4622260332107544
08070200,0.4860454797744751
08082700,-0.12403666973114014
08086212,0.5322669148445129
08086290,0.5847913026809692
08101000,0.41886401176452637
08103900,0.3535056710243225
08104900,0.5141386985778809
08109700,0.41307008266448975
08150800,-0.8676460981369019
08158700,0.1333821415901184
08158810,0.22149205207824707
08164300,0.45001721382141113
08164600,0.5443618297576904
08165300,-14.109325408935547
08171300,0.6172206997871399
08175000,0.4355581998825073
08176900,0.374592125415802
08178880,-0.14145910739898682
08189500,0.5904935598373413
08190000,-0.3650243282318115
08190500,0.010358035564422607
08194200,-0.5670897960662842
08195000,-0.43299400806427
08196000,0.2775075435638428
08198500,0.05526667833328247
08200000,0.137967050075531
08202700,0.09648281335830688
08267500,0.09634709358215332
08269000,0.5230644941329956
08271000,0.5163108110427856
08324000,0.2358035445213318
08377900,0.8268225193023682
08378500,0.765461266040802
08380500,0.4188953638076782
09035800,0.8016403317451477
09035900,0.9677454233169556
09047700,0.8682582378387451
09065500,0.8964889049530029
09066000,0.8372389674186707
09066200,0.9245031476020813
09066300,0.8894144892692566
09081600,0.9175077080726624
09107000,0.8512094616889954
09210500,0.5783462524414062
09223000,0.6713270545005798
09306242,-0.16499459743499756
09312600,0.7008534073829651
09352900,0.7334963083267212
09378170,0.10113298892974854
09386900,0.060036540031433105
09404450,0.5959017872810364
09430600,0.05344712734222412
09447800,-1.739203929901123
09484600,0.07170456647872925
09492400,0.3983638286590576
09494000,0.6751271486282349
09497980,0.5716080069541931
09505350,0.5155411958694458
09505800,0.5697082877159119
09508300,0.24827122688293457
09510200,0.5556443929672241
09512280,0.2097240686416626
09513780,0.09517377614974976
10234500,0.6427057981491089
10244950,-0.8785297870635986
10259000,0.43190401792526245
10336645,0.790038526058197
10336660,0.9295347929000854
10343500,-0.010767579078674316
11124500,0.7509848475456238
11141280,-0.3342113494873047
11143000,-0.27021753787994385
11148900,0.47870320081710815
11151300,-0.5906589031219482
11176400,0.5258960723876953
11230500,0.1579420566558838
11237500,0.903822660446167
11264500,0.7009423971176147
11266500,0.8348144888877869
11284400,0.2781052589416504
11381500,0.6653224229812622
11451100,0.721493661403656
11468500,0.7534976005554199
11473900,0.8244988322257996
11475560,0.45318180322647095
11476600,0.8043123483657837
11478500,0.7602663040161133
11480390,0.46368181705474854
11481200,0.8153294324874878
11482500,0.8209776878356934
11522500,0.7332462072372437
11523200,0.6890416145324707
11528700,0.49511367082595825
11532500,0.8594316244125366
12010000,0.8884133100509644
12013500,0.8591547012329102
12020000,0.343458890914917
12025700,0.8659216165542603
12035000,0.8383523225784302
12040500,0.8013941645622253
12041200,0.7728327512741089
12048000,0.7546805143356323
12054000,0.7579114437103271
12056500,0.7207781076431274
12073500,0.8092050552368164
12082500,0.7581480741500854
12092000,0.7440931797027588
12114500,0.6349380016326904
12115000,0.7044984102249146
12117000,0.7594921588897705
12143600,0.7770419716835022
12144000,0.7693471908569336
12145500,0.8902987241744995
12147500,0.7771104574203491
12167000,0.6741474866867065
12175500,0.8160103559494019
12178100,0.7661377191543579
12186000,0.8007609844207764
12189500,0.6984031200408936
12375900,0.8262913227081299
12377150,0.9207307696342468
12381400,0.837857723236084
12383500,0.8378785848617554
12390700,0.7650333046913147
12411000,0.6321210265159607
12447390,0.8349370360374451
12451000,0.8965557813644409
12488500,0.7239051461219788
13011500,0.8036452531814575
13011900,0.8869938850402832
13018300,0.6212611198425293
13023000,0.9223523736000061
13161500,0.8726900815963745
13235000,0.7550318241119385
13240000,0.8578155040740967
13313000,0.8487207889556885
13331500,0.7929327487945557
14020000,0.43664103746414185
14096850,-0.03395581245422363
14137000,0.6540123820304871
14138800,0.6594424843788147
14138870,0.7485036253929138
14138900,0.7029010057449341
14139800,0.7987307906150818
14141500,0.7926387786865234
14154500,0.8122720718383789
14158790,0.6107200980186462
14166500,0.8978323340415955
14182500,0.740898847579956
14185000,0.8131273984909058
14185900,0.8033742308616638
14187000,0.8462570905685425
14216500,0.589561939239502
14222500,0.8832460045814514
14236200,0.7912628054618835
14301000,0.9158147573471069
14303200,0.7573786973953247
14305500,0.8331308960914612
14306340,0.7927217483520508
14306500,0.8655742406845093
14308990,0.8387377262115479
14309500,0.7323637008666992
14316700,0.790736734867096
14325000,0.6050251722335815
14362250,-0.14864897727966309
14400000,0.864030659198761
##ARM T2_s500
01022500,0.7968082427978516
01031500,0.830265998840332
01047000,0.8658040761947632
01052500,0.8753139972686768
01054200,0.5794452428817749
01055000,0.6879963874816895
01057000,0.6991274952888489
01073000,0.7392083406448364
01078000,0.7788163423538208
01123000,0.7737300395965576
01134500,0.7711440920829773
01137500,0.7010078430175781
01139000,0.7923545241355896
01139800,0.8224514722824097
01142500,0.7066035866737366
01144000,0.8376396894454956
01162500,0.6016435027122498
01169000,0.7227939963340759
01170100,0.722578763961792
01181000,0.6625028848648071
01187300,0.8044466972351074
01195100,0.6697964668273926
01333000,0.5604255199432373
01350000,0.7334307432174683
01350080,0.6366779804229736
01350140,0.6276151537895203
01365000,0.654724657535553
01411300,0.7282772064208984
01413500,0.5363202095031738
01414500,0.4988093972206116
01415000,0.4743102788925171
01423000,0.5750882625579834
01434025,0.5568780303001404
01435000,0.6153488159179688
01439500,0.7212227582931519
01440000,0.8574046492576599
01440400,0.6978645920753479
01451800,0.7749441266059875
01466500,0.7126064300537109
01484100,0.748956561088562
01487000,0.8467376828193665
01491000,0.7431740164756775
01510000,0.7566632032394409
01516500,0.673434853553772
01518862,0.7176860570907593
01532000,0.7403881549835205
01539000,0.8390561938285828
01542810,0.7719374895095825
01543000,0.8612998127937317
01543500,0.8722178339958191
01544500,0.8631698489189148
01545600,0.8483606576919556
01547700,0.6887062788009644
01548500,0.8782758116722107
01549500,0.7667949199676514
01550000,0.7629597187042236
01552000,0.7698244452476501
01552500,0.6259534358978271
01557500,0.8270038366317749
01567500,0.7788246870040894
01568000,0.8460623025894165
01580000,0.6188448071479797
01583500,0.4226847290992737
01586610,0.5586919188499451
01591400,0.4067654013633728
01594950,0.7693014740943909
01596500,0.7242691516876221
01605500,0.6567044258117676
01606500,0.7804084420204163
01632000,0.4927109479904175
01632900,0.5994270443916321
01634500,0.6832711100578308
01638480,0.5443984866142273
01639500,0.6429997682571411
01644000,0.7922115921974182
01664000,0.834696352481842
01666500,0.7710562348365784
01667500,0.8467931747436523
01669000,0.7856534123420715
01669520,0.7878024578094482
02011400,0.8893501162528992
02013000,0.8024603128433228
02014000,0.8080509901046753
02015700,0.6982923150062561
02016000,0.8027143478393555
02017500,0.6706081628799438
02018000,0.7393907308578491
02027000,0.49491697549819946
02027500,0.6503285765647888
02028500,0.551654577255249
02038850,0.6670241951942444
02046000,0.749972403049469
02051500,0.7254403829574585
02053200,0.7244095802307129
02053800,0.8459689021110535
02055100,0.6754658222198486
02056900,0.7494542598724365
02059500,0.6594496965408325
02064000,0.8907702565193176
02065500,0.31053364276885986
02069700,0.5485931038856506
02070000,0.532941460609436
02074500,0.45074933767318726
02077200,0.6340887546539307
02081500,0.6433286070823669
02082950,0.7107250690460205
02092500,0.7884348034858704
02096846,0.42490893602371216
02102908,0.7064710855484009
02108000,0.7219295501708984
02111180,0.6162135004997253
02111500,0.5667457580566406
02112120,0.5637822151184082
02112360,0.6351079940795898
02118500,0.5548282861709595
02125000,0.7110483646392822
02128000,0.7090005874633789
02137727,0.6638294458389282
02140991,0.7340112924575806
02143000,0.6962401270866394
02143040,0.538132905960083
02149000,0.6697214841842651
02152100,0.5991084575653076
02177000,0.7473682165145874
02178400,0.6810997724533081
02193340,0.7961540818214417
02196000,0.8772489428520203
02198100,0.6418656706809998
02202600,0.740354061126709
02212600,0.7198867797851562
02215100,0.7239892482757568
02216180,0.6974373459815979
02221525,0.47294580936431885
02231000,0.9278419017791748
02245500,0.3151623606681824
02246000,0.8581764101982117
02296500,0.593952476978302
02297155,-25.059467315673828
02297310,-1.1623985767364502
02298123,0.7341674566268921
02298608,0.36758166551589966
02299950,0.41813766956329346
02300700,0.12762099504470825
02342933,0.5439289808273315
02349900,0.6707422137260437
02350900,0.8274474740028381
02361000,0.406072199344635
02363000,0.8258534669876099
02369800,0.7784647345542908
02371500,0.47348713874816895
02372250,-0.6203601360321045
02374500,0.22028636932373047
02381600,0.30046015977859497
02384540,0.588937520980835
02395120,-0.20461630821228027
02415000,0.6566585302352905
02427250,0.755399227142334
02430085,0.7026127576828003
02450250,0.7125259637832642
02464000,0.7142516374588013
02464360,0.7271122932434082
02465493,-1.141406536102295
02469800,0.7124382853507996
02472000,0.8458681106567383
02472500,0.7283111810684204
02479155,0.683513879776001
02479300,0.8002550601959229
02479560,0.6375084519386292
02481000,0.6655233502388
02481510,0.7656671404838562
03010655,0.8356435298919678
03011800,0.7737149596214294
03015500,0.8009034395217896
03021350,0.752874493598938
03026500,0.837974488735199
03028000,0.8407055735588074
03049000,0.8660542964935303
03049800,0.6535547971725464
03050000,0.8416544198989868
03069500,0.8557214736938477
03070500,0.8176427483558655
03076600,0.7218566536903381
03078000,0.7784249186515808
03140000,0.7680423855781555
03144000,0.8521768450737
03170000,0.7729978561401367
03173000,0.8236040472984314
03180500,0.7907145023345947
03182500,0.8700048327445984
03186500,0.8373731374740601
03237280,0.6084845066070557
03237500,0.6528059244155884
03238500,0.6421217322349548
03241500,0.8233175873756409
03280700,0.7219727039337158
03281500,0.8165121674537659
03285000,0.6548867225646973
03291780,0.6225212216377258
03338780,0.5368067026138306
03340800,0.8180988430976868
03346000,0.7901886701583862
03364500,0.6523928642272949
03366500,0.5895285606384277
03368000,0.7364715337753296
03384450,0.6992955207824707
03439000,0.6218072175979614
03455500,0.07516562938690186
03456500,0.21620798110961914
03460000,0.6207339763641357
03463300,0.5131195187568665
03471500,0.7166030406951904
03473000,0.7693501710891724
03479000,0.3833703398704529
03488000,0.7381027936935425
03498500,0.7971612811088562
03500000,0.7563789486885071
03500240,0.5227342844009399
03504000,0.6451536417007446
03574500,0.6774358749389648
03592718,0.43020033836364746
03604000,0.7726734280586243
04015330,0.6659529209136963
04024430,0.6449863314628601
04027000,0.39190036058425903
04040500,0.8315843939781189
04043050,0.811267077922821
04045500,0.8870159983634949
04057510,0.7122287154197693
04057800,0.5181559324264526
04059500,0.8102099299430847
04063700,0.5624300837516785
04074950,0.7457019090652466
04105700,0.6217982769012451
04115265,0.7401615977287292
04122200,0.7135845422744751
04122500,0.6000615358352661
04127918,0.5208712816238403
04127997,0.8709060549736023
04161580,0.6463316679000854
04185000,0.6391985416412354
04196800,0.5359301567077637
04197100,0.7267425656318665
04197170,0.7678512334823608
04213000,0.6787388324737549
04213075,0.4311707615852356
04216418,0.7287400960922241
04221000,0.831031322479248
04224775,0.7878891229629517
04233000,0.8070290684700012
04256000,0.78792405128479
04296000,0.7148577570915222
05057200,0.21677559614181519
05120500,-20.14800262451172
05291000,0.38450896739959717
05362000,0.7900819182395935
05393500,0.8361753225326538
05399500,0.8007243871688843
05408000,0.8357604146003723
05413500,0.8106012344360352
05414000,0.5013114213943481
05444000,0.5120443105697632
05454000,0.504244327545166
05458000,0.5799037218093872
05466500,0.49466127157211304
05487980,0.7064337730407715
05488200,0.6236704587936401
05489000,0.6410215497016907
05495000,0.6614706516265869
05495500,0.47911590337753296
05501000,0.6575064659118652
05503800,0.7718642950057983
05507600,0.762681782245636
05508805,0.8255857229232788
05525500,0.8543821573257446
05556500,0.6996153593063354
05584500,0.3418651819229126
05591550,0.6987729072570801
05592050,0.573060154914856
05592575,0.7171037197113037
05593575,0.8760644793510437
05593900,0.6369243860244751
05595730,0.8642930388450623
06221400,0.9348659515380859
06224000,0.9147701859474182
06278300,0.7911869883537292
06280300,0.7596482634544373
06289000,0.4215283989906311
06291500,0.6548930406570435
06311000,0.6519664525985718
06332515,0.3182171583175659
06339100,0.7541844248771667
06344600,-1.482064962387085
06350000,-4.480729103088379
06352000,-0.4661142826080322
06404000,0.7445908784866333
06406000,0.10264194011688232
06409000,-1.9995090961456299
06431500,0.5984599590301514
06440200,0.4427453875541687
06447500,-0.47425198554992676
06470800,0.7799336314201355
06477500,-0.41585779190063477
06479215,0.06322908401489258
06601000,0.3151963949203491
06614800,0.8602354526519775
06622700,0.8016694784164429
06623800,0.8691393733024597
06632400,0.7695812582969666
06746095,0.7249698638916016
06803510,0.5799421668052673
06803530,0.6044979691505432
06814000,0.6114025115966797
06847900,0.03672128915786743
06853800,0.06973850727081299
06876700,0.33031201362609863
06878000,0.7543551921844482
06879650,0.18493735790252686
06885500,0.8243945240974426
06888500,0.6310824155807495
06889200,0.611228346824646
06889500,0.5926265716552734
06892000,0.864158034324646
06903400,0.49505871534347534
06906800,0.6557377576828003
06910800,0.7271426916122437
06911900,0.7926025986671448
06917000,0.7491594552993774
06918460,0.20199644565582275
06919500,0.8099666237831116
06921070,0.6521202921867371
06921200,0.6069413423538208
07057500,0.9197909832000732
07060710,0.6753155589103699
07066000,0.7748006582260132
07083000,0.9019184112548828
07142300,0.20511388778686523
07145700,0.8029890060424805
07167500,0.690165638923645
07180500,0.6674543023109436
07184000,0.6943526268005371
07195800,-0.2101302146911621
07196900,0.6492458581924438
07197000,0.7494915723800659
07208500,0.51665198802948
07261000,0.8613496422767639
07263295,0.6638660430908203
07291000,0.593596339225769
07299670,0.152165949344635
07301410,-0.17525267601013184
07315200,0.38165438175201416
07315700,0.4212660789489746
07335700,0.6168354749679565
07340300,0.7449355125427246
07346045,0.8317541480064392
07359610,0.6704949736595154
07362100,0.656204104423523
07362587,0.4509347081184387
07375000,0.3966411352157593
08013000,0.8558735847473145
08014500,0.6139281988143921
08023080,0.5131301283836365
08050800,0.4666670560836792
08066200,0.733702540397644
08066300,0.5879420042037964
08070000,0.5913351774215698
08070200,0.6291238069534302
08082700,0.025976240634918213
08086212,0.5658746957778931
08086290,0.6488184928894043
08101000,0.5764682292938232
08103900,0.47657686471939087
08104900,0.30032914876937866
08109700,0.3982381224632263
08150800,0.356518030166626
08158700,0.3450798988342285
08158810,0.42691969871520996
08164300,0.5366241931915283
08164600,0.6619451642036438
08165300,-1.873537302017212
08171300,0.5705406665802002
08175000,0.4274991750717163
08176900,0.166936993598938
08178880,0.229891836643219
08189500,0.3527737855911255
08190000,0.2171434760093689
08190500,-0.105826735496521
08194200,-2.9592702388763428
08195000,0.47110211849212646
08196000,0.22416549921035767
08198500,0.12401843070983887
08200000,0.12259703874588013
08202700,0.13238942623138428
08267500,0.025021493434906006
08269000,0.26695138216018677
08271000,0.20935040712356567
08324000,0.5673714876174927
08377900,0.7903239130973816
08378500,0.7852601408958435
08380500,0.23838943243026733
09035800,0.6629624366760254
09035900,0.9471823573112488
09047700,0.9089716672897339
09065500,0.9613205194473267
09066000,0.945649266242981
09066200,0.9273232817649841
09066300,0.923906683921814
09081600,0.9349222779273987
09107000,0.8224780559539795
09210500,0.3880833387374878
09223000,0.8833388090133667
09306242,-1.0661311149597168
09312600,0.5607867240905762
09352900,0.7424091100692749
09378170,-0.3129993677139282
09386900,-0.01859903335571289
09404450,-3.3713788986206055
09430600,0.10097479820251465
09447800,-5.0536932945251465
09484600,-0.003698110580444336
09492400,0.5450844764709473
09494000,0.40799564123153687
09497980,-0.7053971290588379
09505350,-0.11567091941833496
09505800,-0.714123010635376
09508300,0.3364160656929016
09510200,0.37908101081848145
09512280,0.296836793422699
09513780,0.04169583320617676
10234500,0.6664966344833374
10244950,-1.4311847686767578
10259000,0.3653239607810974
10336645,0.8036602735519409
10336660,0.9286866784095764
10343500,0.2894163727760315
11124500,0.6778120994567871
11141280,-0.46113336086273193
11143000,0.510267436504364
11148900,0.430475652217865
11151300,0.11615240573883057
11176400,0.5127767324447632
11230500,0.7298296093940735
11237500,0.7719512581825256
11264500,0.886024534702301
11266500,0.9129727482795715
11284400,0.4664037227630615
11381500,0.6339133977890015
11451100,0.7297160625457764
11468500,0.9110022187232971
11473900,0.7758378386497498
11475560,0.7165215015411377
11476600,0.8651347756385803
11478500,0.7002996802330017
11480390,0.5911721587181091
11481200,0.8488749265670776
11482500,0.8981354236602783
11522500,0.6798199415206909
11523200,0.7622382044792175
11528700,0.7106920480728149
11532500,0.8452776074409485
12010000,0.824515163898468
12013500,0.8544702529907227
12020000,0.33390676975250244
12025700,0.863204300403595
12035000,0.8249697089195251
12040500,0.7850647568702698
12041200,0.7747020721435547
12048000,0.7757567763328552
12054000,0.7545046210289001
12056500,0.6676435470581055
12073500,0.7017202973365784
12082500,0.8160409331321716
12092000,0.7273481488227844
12114500,0.6391925811767578
12115000,0.7252013683319092
12117000,0.8081172108650208
12143600,0.8086023330688477
12144000,0.8189861178398132
12145500,0.8851400017738342
12147500,0.821955680847168
12167000,0.6864497661590576
12175500,0.8114516139030457
12178100,0.7963011860847473
12186000,0.7975514531135559
12189500,0.715508222579956
12375900,0.7202708721160889
12377150,0.8305989503860474
12381400,0.8774304389953613
12383500,0.8924017548561096
12390700,0.768286943435669
12411000,0.6361510753631592
12447390,0.8320244550704956
12451000,0.9089558124542236
12488500,0.7187004089355469
13011500,0.8829656839370728
13011900,0.7792762517929077
13018300,0.6682384014129639
13023000,0.8924325108528137
13161500,0.6783534288406372
13235000,0.8033844232559204
13240000,0.916863203048706
13313000,0.8568457961082458
13331500,0.7958637475967407
14020000,0.4776122570037842
14096850,-0.21815836429595947
14137000,0.7144724130630493
14138800,0.6940165758132935
14138870,0.7681419253349304
14138900,0.7204580307006836
14139800,0.7821071147918701
14141500,0.7789440751075745
14154500,0.8424672484397888
14158790,0.5753781795501709
14166500,0.9083537459373474
14182500,0.7067165374755859
14185000,0.8230462670326233
14185900,0.7965222597122192
14187000,0.8918829560279846
14216500,0.7257648706436157
14222500,0.8561056852340698
14236200,0.8109911680221558
14301000,0.9105566740036011
14303200,0.7606711387634277
14305500,0.8385239243507385
14306340,0.7891589999198914
14306500,0.8731729984283447
14308990,0.8547812104225159
14309500,0.686687707901001
14316700,0.7688592076301575
14325000,0.7006532549858093
14362250,-0.6935776472091675
14400000,0.8715665340423584
##ARM T2_s600
01022500,0.7656995058059692
01031500,0.8115817308425903
01047000,0.8646193146705627
01052500,0.8292202949523926
01054200,0.6367542743682861
01055000,0.6823648810386658
01057000,0.7498247623443604
01073000,0.8410000801086426
01078000,0.8239571452140808
01123000,0.791695773601532
01134500,0.8117771148681641
01137500,0.7077730894088745
01139000,0.781004011631012
01139800,0.7857599258422852
01142500,0.6784040927886963
01144000,0.8441410064697266
01162500,0.6606336236000061
01169000,0.6301757097244263
01170100,0.6321375370025635
01181000,0.6027543544769287
01187300,0.7591408491134644
01195100,0.7127576470375061
01333000,0.5467512607574463
01350000,0.5650908946990967
01350080,0.48647135496139526
01350140,0.6232888698577881
01365000,0.8029706478118896
01411300,0.6929465532302856
01413500,0.59465491771698
01414500,0.624614953994751
01415000,0.5637264251708984
01423000,0.5665241479873657
01434025,0.6633409261703491
01435000,0.7329337000846863
01439500,0.6447702646255493
01440000,0.7663972973823547
01440400,0.6117023229598999
01451800,0.6554820537567139
01466500,0.7958122491836548
01484100,0.7757612466812134
01487000,0.7838500738143921
01491000,0.8602178692817688
01510000,0.7694249153137207
01516500,0.681656002998352
01518862,0.7798600196838379
01532000,0.6721661686897278
01539000,0.7302911281585693
01542810,0.7705103754997253
01543000,0.832513689994812
01543500,0.833777666091919
01544500,0.8720598220825195
01545600,0.8025303483009338
01547700,0.594305157661438
01548500,0.8228045701980591
01549500,0.7682090997695923
01550000,0.7506977915763855
01552000,0.7353857159614563
01552500,0.6177557706832886
01557500,0.7883044481277466
01567500,0.7341383695602417
01568000,0.8282654285430908
01580000,0.6454005241394043
01583500,0.4461580514907837
01586610,0.6489934921264648
01591400,0.2839270830154419
01594950,0.722018837928772
01596500,0.7298667430877686
01605500,0.6952426433563232
01606500,0.7235454320907593
01632000,0.5193073749542236
01632900,0.5597668290138245
01634500,0.5658851861953735
01638480,0.5306106805801392
01639500,0.6829476356506348
01644000,0.8386136293411255
01664000,0.7967710494995117
01666500,0.4771460294723511
01667500,0.6461379528045654
01669000,0.8080329298973083
01669520,0.7230154275894165
02011400,0.8662521839141846
02013000,0.7832575440406799
02014000,0.7925181984901428
02015700,0.6631627082824707
02016000,0.8128166198730469
02017500,0.6479030847549438
02018000,0.7469497919082642
02027000,0.6938428282737732
02027500,0.7268285751342773
02028500,0.6472728848457336
02038850,0.6110717058181763
02046000,0.6775635480880737
02051500,0.7432916164398193
02053200,0.7662762999534607
02053800,0.8192127346992493
02055100,0.620267391204834
02056900,0.7824059724807739
02059500,0.7294279932975769
02064000,0.7588568329811096
02065500,0.24212217330932617
02069700,0.6089975833892822
02070000,0.6402860879898071
02074500,0.5983090400695801
02077200,0.6360441446304321
02081500,0.6876417994499207
02082950,0.7067543268203735
02092500,0.9049922823905945
02096846,0.49446535110473633
02102908,0.6151357889175415
02108000,0.8002626895904541
02111180,0.553469181060791
02111500,0.5992096066474915
02112120,0.5420289039611816
02112360,0.6765792369842529
02118500,0.5282331705093384
02125000,0.7389832735061646
02128000,0.714019775390625
02137727,0.7071514129638672
02140991,0.38916081190109253
02143000,0.765936017036438
02143040,0.5672076940536499
02149000,0.6667490005493164
02152100,0.6243433952331543
02177000,0.6959765553474426
02178400,0.7554666996002197
02193340,0.7721510529518127
02196000,0.7789862155914307
02198100,0.6073921322822571
02202600,0.7376998662948608
02212600,0.8243207931518555
02215100,0.5539677143096924
02216180,0.49620598554611206
02221525,0.6009122133255005
02231000,0.9127914905548096
02245500,0.5846480131149292
02246000,0.7778676152229309
02296500,0.4641549587249756
02297155,-7.234222412109375
02297310,-0.9335074424743652
02298123,0.7612097263336182
02298608,0.2232770323753357
02299950,0.5233937501907349
02300700,-0.029471874237060547
02342933,0.49798017740249634
02349900,-0.05746793746948242
02350900,0.7169100642204285
02361000,0.3425624966621399
02363000,0.6523185968399048
02369800,0.6249025464057922
02371500,-0.16132616996765137
02372250,-1.5241954326629639
02374500,0.13190466165542603
02381600,0.046910226345062256
02384540,0.5810453295707703
02395120,0.0791502594947815
02415000,0.6159507632255554
02427250,0.5227968692779541
02430085,0.6910099983215332
02450250,0.4520108103752136
02464000,0.5537878274917603
02464360,0.6146299839019775
02465493,-2.3352813720703125
02469800,0.7760523557662964
02472000,0.8430939316749573
02472500,0.1535724401473999
02479155,0.7029726505279541
02479300,0.8009120225906372
02479560,0.7553895711898804
02481000,0.6291104555130005
02481510,0.650299072265625
03010655,0.881278932094574
03011800,0.7700051069259644
03015500,0.8124121427536011
03021350,0.7616541385650635
03026500,0.8326936364173889
03028000,0.8390202522277832
03049000,0.7837740778923035
03049800,0.6114981770515442
03050000,0.809277355670929
03069500,0.8452672958374023
03070500,0.7493431568145752
03076600,0.7132899165153503
03078000,0.7617772817611694
03140000,0.7495410442352295
03144000,0.8278849720954895
03170000,0.805903434753418
03173000,0.7995406985282898
03180500,0.8302735090255737
03182500,0.8545922040939331
03186500,0.8140360116958618
03237280,0.6639672517776489
03237500,0.6271341443061829
03238500,0.6286513805389404
03241500,0.8531362414360046
03280700,0.7560184597969055
03281500,0.7813392281532288
03285000,0.6119164228439331
03291780,0.6276624798774719
03338780,0.4687088131904602
03340800,0.8556718230247498
03346000,0.8469024896621704
03364500,0.6473824977874756
03366500,0.6310559511184692
03368000,0.7656803727149963
03384450,0.5747320652008057
03439000,0.66798335313797
03455500,0.14782333374023438
03456500,0.3445206880569458
03460000,0.6447468996047974
03463300,0.5737171173095703
03471500,0.675720751285553
03473000,0.6865110397338867
03479000,0.4385954737663269
03488000,0.803076982498169
03498500,0.7258599400520325
03500000,0.8136501908302307
03500240,0.5161011219024658
03504000,0.6536251306533813
03574500,0.6148558855056763
03592718,0.1710728406906128
03604000,0.7538121938705444
04015330,0.5579745769500732
04024430,0.15572333335876465
04027000,0.532572865486145
04040500,0.8183460235595703
04043050,0.8212881684303284
04045500,0.8919885754585266
04057510,0.8423068523406982
04057800,0.45702677965164185
04059500,0.7715027332305908
04063700,0.7347005605697632
04074950,0.7904139757156372
04105700,0.6230335831642151
04115265,0.6507277488708496
04122200,0.7086508274078369
04122500,0.5922330021858215
04127918,0.36823827028274536
04127997,0.7679298520088196
04161580,0.6096948385238647
04185000,0.5726901888847351
04196800,0.6881922483444214
04197100,0.5874049663543701
04197170,0.7638962268829346
04213000,0.6483024954795837
04213075,0.4309654235839844
04216418,0.6310928463935852
04221000,0.8226088285446167
04224775,0.7516336441040039
04233000,0.781008243560791
04256000,0.7263156175613403
04296000,0.6651960611343384
05057200,0.2744942307472229
05120500,-21.9468994140625
05291000,0.35277777910232544
05362000,0.7566995620727539
05393500,0.789646327495575
05399500,0.7107222080230713
05408000,0.8441136479377747
05413500,0.7992650270462036
05414000,0.44332313537597656
05444000,0.38214242458343506
05454000,0.5090944170951843
05458000,0.6834008693695068
05466500,0.4370296597480774
05487980,0.7358735799789429
05488200,0.6448004245758057
05489000,0.5191419720649719
05495000,0.615919828414917
05495500,0.5770004987716675
05501000,0.7579565644264221
05503800,0.7977148294448853
05507600,0.8300734758377075
05508805,0.772607147693634
05525500,0.7715352177619934
05556500,0.7408366799354553
05584500,0.34864771366119385
05591550,0.7146526575088501
05592050,0.5349695682525635
05592575,0.7103731036186218
05593575,0.8126881122589111
05593900,0.6764240264892578
05595730,0.8230538368225098
06221400,0.9079430103302002
06224000,0.8589005470275879
06278300,0.8162274956703186
06280300,0.7003848552703857
06289000,0.4645390510559082
06291500,0.6192789077758789
06311000,0.47622984647750854
06332515,-0.08240318298339844
06339100,0.929271399974823
06344600,-0.1620025634765625
06350000,-0.22598981857299805
06352000,0.06965422630310059
06404000,0.489937961101532
06406000,0.06811189651489258
06409000,-0.4759708642959595
06431500,0.35378938913345337
06440200,0.5181213021278381
06447500,0.3998502492904663
06470800,0.7563141584396362
06477500,-0.14802563190460205
06479215,0.3596378564834595
06601000,0.3848333954811096
06614800,0.7973071932792664
06622700,0.6332356929779053
06623800,0.7783386707305908
06632400,0.7746853232383728
06746095,0.7469931840896606
06803510,0.5969719290733337
06803530,0.6027920842170715
06814000,0.5588270425796509
06847900,0.10168159008026123
06853800,0.1639953851699829
06876700,0.3560027480125427
06878000,0.6932889223098755
06879650,0.4473220109939575
06885500,0.7298139333724976
06888500,0.5783852338790894
06889200,0.6964834928512573
06889500,0.6536517143249512
06892000,0.776334285736084
06903400,0.14647024869918823
06906800,0.7438308000564575
06910800,0.7628607153892517
06911900,0.768258273601532
06917000,0.5531370639801025
06918460,0.02722376585006714
06919500,0.7456696033477783
06921070,0.6559171676635742
06921200,0.6259371638298035
07057500,0.8937700390815735
07060710,0.7078080177307129
07066000,0.8569976687431335
07083000,0.8469511270523071
07142300,0.47029370069503784
07145700,0.793124794960022
07167500,0.7119151949882507
07180500,0.6843624114990234
07184000,0.5717109441757202
07195800,0.027281880378723145
07196900,0.6884850859642029
07197000,0.7599735856056213
07208500,0.4337802529335022
07261000,0.8856266140937805
07263295,0.6700775623321533
07291000,0.2997570037841797
07299670,0.06413155794143677
07301410,0.033281564712524414
07315200,0.2444356083869934
07315700,0.6987126469612122
07335700,0.5442932844161987
07340300,0.6930527687072754
07346045,0.6469618082046509
07359610,0.622869074344635
07362100,0.42167872190475464
07362587,0.43026846647262573
07375000,-0.30314838886260986
08013000,0.7957578301429749
08014500,0.22219860553741455
08023080,0.4938763380050659
08050800,0.6009787321090698
08066200,0.7009767889976501
08066300,0.46061259508132935
08070000,0.45684999227523804
08070200,0.2816174030303955
08082700,-0.23355495929718018
08086212,0.6300584077835083
08086290,0.6600335836410522
08101000,0.5794581770896912
08103900,0.5152145028114319
08104900,0.5266450047492981
08109700,0.6050524711608887
08150800,-1.902928113937378
08158700,0.2639371156692505
08158810,0.2111261487007141
08164300,0.481955885887146
08164600,0.5888301134109497
08165300,-16.501922607421875
08171300,0.47519630193710327
08175000,0.2365330457687378
08176900,0.2675132751464844
08178880,-0.6902047395706177
08189500,0.32825708389282227
08190000,-0.0567399263381958
08190500,0.006589114665985107
08194200,-1.4827990531921387
08195000,-0.4377068281173706
08196000,-0.14263153076171875
08198500,0.10137206315994263
08200000,0.003367125988006592
08202700,0.1279289722442627
08267500,-0.1340327262878418
08269000,-0.009530067443847656
08271000,0.19977456331253052
08324000,0.6047784090042114
08377900,0.4889727234840393
08378500,0.4015234708786011
08380500,0.2147378921508789
09035800,0.7876671552658081
09035900,0.9005361199378967
09047700,0.8845293521881104
09065500,0.8555874228477478
09066000,0.7915974259376526
09066200,0.914726734161377
09066300,0.8567484617233276
09081600,0.8860503435134888
09107000,0.7164825201034546
09210500,0.6951285004615784
09223000,0.674953818321228
09306242,-0.17388808727264404
09312600,0.48483455181121826
09352900,0.7184712886810303
09378170,-0.7400548458099365
09386900,0.06853437423706055
09404450,0.15573108196258545
09430600,0.06463009119033813
09447800,-2.425724983215332
09484600,-0.021105051040649414
09492400,0.4293774962425232
09494000,0.3887864351272583
09497980,0.6285568475723267
09505350,0.2660239338874817
09505800,0.24510091543197632
09508300,0.17748302221298218
09510200,0.5823420286178589
09512280,0.20075207948684692
09513780,0.23039281368255615
10234500,0.6459488868713379
10244950,-1.1060824394226074
10259000,0.4627888798713684
10336645,0.743263840675354
10336660,0.9418342709541321
10343500,-0.15635204315185547
11124500,0.6144455075263977
11141280,-0.04478812217712402
11143000,-0.050492167472839355
11148900,0.5645697116851807
11151300,0.21151059865951538
11176400,0.3893483877182007
11230500,0.31203579902648926
11237500,0.8472358584403992
11264500,0.8680622577667236
11266500,0.9155266284942627
11284400,0.5074928998947144
11381500,0.6777751445770264
11451100,0.7728863954544067
11468500,0.725583553314209
11473900,0.8091405630111694
11475560,0.6289089918136597
11476600,0.8439033627510071
11478500,0.7602977752685547
11480390,0.7380936145782471
11481200,0.8266220688819885
11482500,0.8789535760879517
11522500,0.7788178324699402
11523200,0.6737552881240845
11528700,0.6512058973312378
11532500,0.8931571841239929
12010000,0.8279866576194763
12013500,0.7496551275253296
12020000,0.31726688146591187
12025700,0.8529540300369263
12035000,0.8303295969963074
12040500,0.8203915953636169
12041200,0.7930811643600464
12048000,0.7824421525001526
12054000,0.6858421564102173
12056500,0.7071050405502319
12073500,0.6964049935340881
12082500,0.7424179911613464
12092000,0.7191377878189087
12114500,0.5892279148101807
12115000,0.6906940937042236
12117000,0.8069688081741333
12143600,0.7975738644599915
12144000,0.7850409746170044
12145500,0.9114559888839722
12147500,0.755158007144928
12167000,0.6539963483810425
12175500,0.6319012641906738
12178100,0.7839718461036682
12186000,0.8042458295822144
12189500,0.7396684885025024
12375900,0.7963694930076599
12377150,0.9014655351638794
12381400,0.7644237875938416
12383500,0.8370553851127625
12390700,0.7790432572364807
12411000,0.6548351049423218
12447390,0.8320023417472839
12451000,0.8793508410453796
12488500,0.813801646232605
13011500,0.851575493812561
13011900,0.6418062448501587
13018300,0.5232058167457581
13023000,0.9086348414421082
13161500,0.9042078852653503
13235000,0.8390647172927856
13240000,0.8836309909820557
13313000,0.8861706852912903
13331500,0.7631149291992188
14020000,0.4287572503089905
14096850,0.1525447964668274
14137000,0.7458299398422241
14138800,0.7209334969520569
14138870,0.7342759966850281
14138900,0.7377150058746338
14139800,0.7446116209030151
14141500,0.7646411657333374
14154500,0.8180525302886963
14158790,0.645005464553833
14166500,0.8868252038955688
14182500,0.7029291391372681
14185000,0.8284460306167603
14185900,0.811748743057251
14187000,0.8552536964416504
14216500,0.7457972764968872
14222500,0.8659954071044922
14236200,0.8048936128616333
14301000,0.8754475712776184
14303200,0.718752384185791
14305500,0.8203791975975037
14306340,0.7984713315963745
14306500,0.8475978970527649
14308990,0.8471987843513489
14309500,0.721560001373291
14316700,0.7544010281562805
14325000,0.758698582649231
14362250,-0.15337038040161133
14400000,0.8686529397964478
##ARM T2_s700
01022500,0.7805968523025513
01031500,0.7600194215774536
01047000,0.720977783203125
01052500,0.8265585899353027
01054200,0.5438966751098633
01055000,0.49022573232650757
01057000,0.6461993455886841
01073000,0.6588165760040283
01078000,0.7664122581481934
01123000,0.8110923171043396
01134500,0.7446781992912292
01137500,0.7172490358352661
01139000,0.7595537900924683
01139800,0.7019553780555725
01142500,0.6703823804855347
01144000,0.8567568063735962
01162500,0.6167902946472168
01169000,0.7178266048431396
01170100,0.5623235702514648
01181000,0.5996779203414917
01187300,0.8036198616027832
01195100,0.7027343511581421
01333000,0.5534893274307251
01350000,0.8063446283340454
01350080,0.7025365829467773
01350140,0.6600854396820068
01365000,0.7430471181869507
01411300,0.8000984787940979
01413500,0.6356356143951416
01414500,0.5867352485656738
01415000,0.6444719433784485
01423000,0.6907551288604736
01434025,0.5870055556297302
01435000,0.7088993787765503
01439500,0.5831443667411804
01440000,0.796222984790802
01440400,0.6062498092651367
01451800,0.6563602685928345
01466500,0.8178204298019409
01484100,0.7914294004440308
01487000,0.8738289475440979
01491000,0.8464704155921936
01510000,0.7235686779022217
01516500,0.5879429578781128
01518862,0.7145184278488159
01532000,0.6805156469345093
01539000,0.8611602187156677
01542810,0.7787225246429443
01543000,0.8761339783668518
01543500,0.8635395765304565
01544500,0.854986310005188
01545600,0.8164337277412415
01547700,0.5958759188652039
01548500,0.8844943046569824
01549500,0.6430622339248657
01550000,0.7204338312149048
01552000,0.7875624299049377
01552500,0.6715656518936157
01557500,0.7608658075332642
01567500,0.7722959518432617
01568000,0.8930665850639343
01580000,0.6319180130958557
01583500,0.494081974029541
01586610,0.47688400745391846
01591400,-0.08627831935882568
01594950,0.7765806317329407
01596500,0.7454811930656433
01605500,0.6786805391311646
01606500,0.7909708619117737
01632000,0.5428885817527771
01632900,0.6532915830612183
01634500,0.6728657484054565
01638480,0.5584518313407898
01639500,0.6910732984542847
01644000,0.8410434126853943
01664000,0.8061977624893188
01666500,0.6026976108551025
01667500,0.719415545463562
01669000,0.8353220820426941
01669520,0.6864397525787354
02011400,0.8861793279647827
02013000,0.7619087100028992
02014000,0.8196812272071838
02015700,0.7494657635688782
02016000,0.819944441318512
02017500,0.7027140855789185
02018000,0.7839808464050293
02027000,0.6508501768112183
02027500,0.5844839811325073
02028500,0.6536844968795776
02038850,0.6575981378555298
02046000,0.7144163846969604
02051500,0.6735447645187378
02053200,0.79808109998703
02053800,0.8091927766799927
02055100,0.6287564039230347
02056900,0.7371091842651367
02059500,0.625712513923645
02064000,0.8120179176330566
02065500,0.3182586431503296
02069700,0.5890039205551147
02070000,0.6157398223876953
02074500,0.4432600736618042
02077200,0.6822018027305603
02081500,0.7406845092773438
02082950,0.6875954866409302
02092500,0.8513380289077759
02096846,0.5779564380645752
02102908,0.6799789667129517
02108000,0.7887579202651978
02111180,0.5934929847717285
02111500,0.5633420944213867
02112120,0.6123888492584229
02112360,0.7197942733764648
02118500,0.4862440228462219
02125000,0.8604553937911987
02128000,0.8153868317604065
02137727,0.6883862018585205
02140991,0.7535445094108582
02143000,0.6637508869171143
02143040,0.5051780343055725
02149000,0.7326008677482605
02152100,0.615957498550415
02177000,0.6261640787124634
02178400,0.769523561000824
02193340,0.8180250525474548
02196000,0.8199845552444458
02198100,0.6444680690765381
02202600,0.8716557025909424
02212600,0.7839956283569336
02215100,0.8122854232788086
02216180,0.7013415098190308
02221525,0.43486714363098145
02231000,0.8996697664260864
02245500,0.08867037296295166
02246000,0.7291570901870728
02296500,0.3937442898750305
02297155,-12.742186546325684
02297310,-1.6677131652832031
02298123,0.7182105183601379
02298608,0.21380621194839478
02299950,0.46385514736175537
02300700,-0.14114534854888916
02342933,0.4158560037612915
02349900,0.7365936040878296
02350900,0.8256431818008423
02361000,0.6207833886146545
02363000,0.8253940939903259
02369800,0.739158034324646
02371500,0.3958027958869934
02372250,-0.16101157665252686
02374500,0.34380877017974854
02381600,0.024975240230560303
02384540,0.6569464206695557
02395120,0.3039647340774536
02415000,0.366474449634552
02427250,0.3018869161605835
02430085,0.7293272018432617
02450250,0.5851399898529053
02464000,0.4750502109527588
02464360,0.6650716662406921
02465493,-0.9432414770126343
02469800,0.8281917572021484
02472000,0.8402220010757446
02472500,0.34968388080596924
02479155,0.7222691774368286
02479300,0.798455536365509
02479560,0.6364665031433105
02481000,0.5674190521240234
02481510,0.6028335094451904
03010655,0.8657999634742737
03011800,0.7957330942153931
03015500,0.7892893552780151
03021350,0.7818707823753357
03026500,0.8327098488807678
03028000,0.8291303515434265
03049000,0.7993568181991577
03049800,0.622201144695282
03050000,0.8549718856811523
03069500,0.8896080255508423
03070500,0.761782169342041
03076600,0.695278525352478
03078000,0.7897666096687317
03140000,0.7371559143066406
03144000,0.8820489645004272
03170000,0.7677341103553772
03173000,0.8956806659698486
03180500,0.8440592885017395
03182500,0.8685901165008545
03186500,0.8022628426551819
03237280,0.635158121585846
03237500,0.6761112213134766
03238500,0.5598376989364624
03241500,0.894135057926178
03280700,0.7064430117607117
03281500,0.8141287565231323
03285000,0.6543829441070557
03291780,0.5436536073684692
03338780,0.5770035982131958
03340800,0.7658589482307434
03346000,0.7795252799987793
03364500,0.6331689357757568
03366500,0.5891748070716858
03368000,0.7587314248085022
03384450,0.6638132333755493
03439000,0.6516374349594116
03455500,0.40624403953552246
03456500,0.5138472318649292
03460000,0.7295140027999878
03463300,0.6629771590232849
03471500,0.6291520595550537
03473000,0.7082575559616089
03479000,0.44214022159576416
03488000,0.6615073680877686
03498500,0.8242192268371582
03500000,0.784858763217926
03500240,0.42769527435302734
03504000,0.6085014343261719
03574500,0.7583975791931152
03592718,0.3366994857788086
03604000,0.7542948126792908
04015330,0.6353968381881714
04024430,0.28106069564819336
04027000,0.6062695980072021
04040500,0.5898386240005493
04043050,0.7394547462463379
04045500,0.8599383234977722
04057510,0.7895113229751587
04057800,0.3377222418785095
04059500,0.7879375219345093
04063700,0.506550669670105
04074950,0.7460373640060425
04105700,-0.08254730701446533
04115265,0.7212592363357544
04122200,0.7280229330062866
04122500,0.6294702291488647
04127918,0.6107152700424194
04127997,0.8303126096725464
04161580,0.7104102373123169
04185000,0.8372014164924622
04196800,0.7027380466461182
04197100,0.7489451169967651
04197170,0.7093076705932617
04213000,0.537619948387146
04213075,0.43191975355148315
04216418,0.6714940667152405
04221000,0.8288589715957642
04224775,0.8038778305053711
04233000,0.7917929291725159
04256000,0.7893438339233398
04296000,0.7167825698852539
05057200,0.3717397451400757
05120500,-11.18419075012207
05291000,0.3442457318305969
05362000,0.8572936058044434
05393500,0.8889385461807251
05399500,0.782820463180542
05408000,0.7063330411911011
05413500,0.814420223236084
05414000,0.48216813802719116
05444000,0.42389607429504395
05454000,0.41711318492889404
05458000,0.6418006420135498
05466500,0.4825872778892517
05487980,0.7105936408042908
05488200,0.5714589953422546
05489000,0.6345237493515015
05495000,0.6283392906188965
05495500,0.5660817623138428
05501000,0.7527486085891724
05503800,0.83583003282547
05507600,0.7766533493995667
05508805,0.8103653192520142
05525500,0.7991784811019897
05556500,0.6022987365722656
05584500,0.3559061288833618
05591550,0.6247903108596802
05592050,0.6723575592041016
05592575,0.7098660469055176
05593575,0.8197475075721741
05593900,0.6380999088287354
05595730,0.8215787410736084
06221400,0.8975852727890015
06224000,0.874056875705719
06278300,0.7610301971435547
06280300,0.6802303791046143
06289000,0.5081163644790649
06291500,0.5904306173324585
06311000,0.47690314054489136
06332515,-0.4230358600616455
06339100,0.8202888369560242
06344600,-2.4745233058929443
06350000,-0.1450139284133911
06352000,-0.03467559814453125
06404000,0.5251599550247192
06406000,0.09727418422698975
06409000,-2.966949462890625
06431500,0.5451964139938354
06440200,0.2608185410499573
06447500,0.5637155771255493
06470800,0.7933923006057739
06477500,0.11736857891082764
06479215,0.36155080795288086
06601000,0.16409873962402344
06614800,0.7881380319595337
06622700,0.7822219729423523
06623800,0.7809345126152039
06632400,0.7750833034515381
06746095,0.646510899066925
06803510,0.6954420804977417
06803530,0.6876668930053711
06814000,0.6037447452545166
06847900,0.0003604292869567871
06853800,0.23365724086761475
06876700,0.4039269685745239
06878000,0.8715623021125793
06879650,-0.6539820432662964
06885500,0.634182870388031
06888500,0.6865808963775635
06889200,0.720726728439331
06889500,0.7575966715812683
06892000,0.6156910061836243
06903400,0.7447165250778198
06906800,0.715402364730835
06910800,0.7278945446014404
06911900,0.7694531083106995
06917000,0.685632586479187
06918460,0.19763445854187012
06919500,0.761328399181366
06921070,0.6525769829750061
06921200,0.6338000297546387
07057500,0.8747566342353821
07060710,0.686069667339325
07066000,0.735659658908844
07083000,0.88313227891922
07142300,0.39666181802749634
07145700,0.7548426389694214
07167500,0.40237438678741455
07180500,0.7538615465164185
07184000,0.7226619720458984
07195800,0.12492626905441284
07196900,0.7225227355957031
07197000,0.6504412889480591
07208500,0.30230385065078735
07261000,0.9145138263702393
07263295,0.7245266437530518
07291000,0.47318559885025024
07299670,0.21936047077178955
07301410,0.031944334506988525
07315200,0.4748440384864807
07315700,0.5376781225204468
07335700,0.6454695463180542
07340300,0.727295994758606
07346045,0.6980829238891602
07359610,0.7654909491539001
07362100,0.48197412490844727
07362587,0.5989984273910522
07375000,-0.14349901676177979
08013000,0.8739967346191406
08014500,0.6632852554321289
08023080,0.2941564917564392
08050800,0.43674522638320923
08066200,0.6509223580360413
08066300,0.6691688895225525
08070000,0.5576441287994385
08070200,0.612646758556366
08082700,0.035379111766815186
08086212,0.5722484588623047
08086290,0.6176531314849854
08101000,0.4283496141433716
08103900,0.5226097702980042
08104900,0.3945661187171936
08109700,0.532263457775116
08150800,-0.650877833366394
08158700,0.4835418462753296
08158810,0.4167554974555969
08164300,0.5275787115097046
08164600,0.5149233341217041
08165300,-41.55302047729492
08171300,0.5710293054580688
08175000,0.45697373151779175
08176900,0.25351548194885254
08178880,0.45018941164016724
08189500,0.06910300254821777
08190000,-0.13262546062469482
08190500,-0.006902098655700684
08194200,-0.8068780899047852
08195000,0.3005039691925049
08196000,0.2642103433609009
08198500,0.4262733459472656
08200000,0.45832592248916626
08202700,0.4458838105201721
08267500,0.26161956787109375
08269000,0.22947311401367188
08271000,0.6449581980705261
08324000,0.5717745423316956
08377900,0.7989333868026733
08378500,0.6668547987937927
08380500,0.41094517707824707
09035800,0.8108911514282227
09035900,0.9580517411231995
09047700,0.939518928527832
09065500,0.8864856958389282
09066000,0.8773589730262756
09066200,0.90117347240448
09066300,0.8204296231269836
09081600,0.9261290431022644
09107000,0.8794456720352173
09210500,0.7397032976150513
09223000,0.8025609254837036
09306242,-0.14780175685882568
09312600,0.5548758506774902
09352900,0.7295998334884644
09378170,0.5112133026123047
09386900,0.02329719066619873
09404450,-1.4915459156036377
09430600,0.04586970806121826
09447800,-1.7875301837921143
09484600,0.1092672348022461
09492400,0.44500869512557983
09494000,0.4158310890197754
09497980,0.29370689392089844
09505350,0.4021584987640381
09505800,0.6403875946998596
09508300,0.20356380939483643
09510200,0.5265104174613953
09512280,0.223768413066864
09513780,0.11423420906066895
10234500,0.5886738300323486
10244950,-1.4339454174041748
10259000,0.3625842332839966
10336645,0.8366491198539734
10336660,0.9514504075050354
10343500,0.3235046863555908
11124500,0.6817926168441772
11141280,0.17529946565628052
11143000,0.3849904537200928
11148900,0.4369584918022156
11151300,-0.07573437690734863
11176400,0.6093050241470337
11230500,0.38622337579727173
11237500,0.8746166825294495
11264500,0.8223555088043213
11266500,0.8612385392189026
11284400,0.42103487253189087
11381500,0.6951092481613159
11451100,0.763309895992279
11468500,0.8842195868492126
11473900,0.7923638820648193
11475560,0.6774656176567078
11476600,0.7775794863700867
11478500,0.6949648857116699
11480390,0.7013286352157593
11481200,0.7343556880950928
11482500,0.7947682738304138
11522500,0.7695044279098511
11523200,0.7155730128288269
11528700,0.7841986417770386
11532500,0.8450057506561279
12010000,0.8746227025985718
12013500,0.8084288835525513
12020000,0.337228000164032
12025700,0.8890185356140137
12035000,0.8205453753471375
12040500,0.8320779204368591
12041200,0.7778854370117188
12048000,0.7483071088790894
12054000,0.676450252532959
12056500,0.7327730655670166
12073500,0.7566287517547607
12082500,0.793434202671051
12092000,0.721176028251648
12114500,0.5189723968505859
12115000,0.6162518858909607
12117000,0.781985342502594
12143600,0.7611920833587646
12144000,0.7853028774261475
12145500,0.9026827216148376
12147500,0.7612436413764954
12167000,0.5795881152153015
12175500,0.8192628622055054
12178100,0.7608866095542908
12186000,0.7709169983863831
12189500,0.7401427030563354
12375900,0.7775527238845825
12377150,0.8839764595031738
12381400,0.8851732015609741
12383500,0.8948023319244385
12390700,0.8893576860427856
12411000,0.6850998401641846
12447390,0.783565104007721
12451000,0.8934264183044434
12488500,0.7409082651138306
13011500,0.8256357908248901
13011900,0.7586520910263062
13018300,0.5388835668563843
13023000,0.8915069699287415
13161500,0.8787589073181152
13235000,0.8442463278770447
13240000,0.9020427465438843
13313000,0.9168038964271545
13331500,0.8021935224533081
14020000,0.537853479385376
14096850,-0.0826491117477417
14137000,0.6989117860794067
14138800,0.7312995791435242
14138870,0.7305314540863037
14138900,0.7399576902389526
14139800,0.8125121593475342
14141500,0.7236971855163574
14154500,0.8128377795219421
14158790,0.5992215871810913
14166500,0.8874863386154175
14182500,0.7237709760665894
14185000,0.7772595882415771
14185900,0.7983342409133911
14187000,0.8182008266448975
14216500,0.582600474357605
14222500,0.7700780630111694
14236200,0.7996120452880859
14301000,0.9027079939842224
14303200,0.7946934103965759
14305500,0.8755326271057129
14306340,0.7750421166419983
14306500,0.8680896759033203
14308990,0.7960470914840698
14309500,0.7267450094223022
14316700,0.7985989451408386
14325000,0.6418712139129639
14362250,0.1616916060447693
14400000,0.8793483376502991
##ARM T2_s800
01022500,0.7886644601821899
01031500,0.8812564015388489
01047000,0.9062492251396179
01052500,0.840773344039917
01054200,0.6172599792480469
01055000,0.7533442974090576
01057000,0.8244444131851196
01073000,0.7405422925949097
01078000,0.8247652649879456
01123000,0.7778908014297485
01134500,0.8494976758956909
01137500,0.7216498851776123
01139000,0.7273522615432739
01139800,0.7073405385017395
01142500,0.6478127837181091
01144000,0.8605549335479736
01162500,0.7082672119140625
01169000,0.7021406888961792
01170100,0.780243992805481
01181000,0.6138243079185486
01187300,0.7522557377815247
01195100,0.6595401167869568
01333000,0.5824458599090576
01350000,0.7638165950775146
01350080,0.707735002040863
01350140,0.6901302337646484
01365000,0.778361439704895
01411300,0.7132483720779419
01413500,0.790189266204834
01414500,0.6756701469421387
01415000,0.7030632495880127
01423000,0.7574788331985474
01434025,0.6851811408996582
01435000,0.7232524156570435
01439500,0.7349605560302734
01440000,0.7285118103027344
01440400,0.6414413452148438
01451800,0.6874488592147827
01466500,0.8441203236579895
01484100,0.6900753974914551
01487000,0.7942392230033875
01491000,0.8901189565658569
01510000,0.8042889833450317
01516500,0.6457298398017883
01518862,0.7072725892066956
01532000,0.7297288179397583
01539000,0.7883306741714478
01542810,0.7801225781440735
01543000,0.86497962474823
01543500,0.8657326698303223
01544500,0.8911622166633606
01545600,0.8640328645706177
01547700,0.5800552368164062
01548500,0.8867462277412415
01549500,0.7183125615119934
01550000,0.7845736145973206
01552000,0.8131017684936523
01552500,0.6373392343521118
01557500,0.786231517791748
01567500,0.8129974603652954
01568000,0.8005321025848389
01580000,0.6224156022071838
01583500,0.4582926034927368
01586610,0.6168816089630127
01591400,0.4940268397331238
01594950,0.7760447859764099
01596500,0.7316532135009766
01605500,0.6821858882904053
01606500,0.7859935760498047
01632000,0.5124219655990601
01632900,0.5560593008995056
01634500,0.6181758046150208
01638480,0.5204451084136963
01639500,0.7042051553726196
01644000,0.783141553401947
01664000,0.8496090173721313
01666500,0.6746522188186646
01667500,0.805178165435791
01669000,0.801201581954956
01669520,0.750164806842804
02011400,0.8588501811027527
02013000,0.8058526515960693
02014000,0.8382341861724854
02015700,0.7148017287254333
02016000,0.8140574097633362
02017500,0.7169531583786011
02018000,0.7939525842666626
02027000,0.7301015257835388
02027500,0.5619370341300964
02028500,0.7728965282440186
02038850,0.716055154800415
02046000,0.6962754726409912
02051500,0.7497915625572205
02053200,0.7465487718582153
02053800,0.8227032423019409
02055100,0.604559063911438
02056900,0.7568170428276062
02059500,0.6993609666824341
02064000,0.8505167365074158
02065500,0.38638466596603394
02069700,0.600416898727417
02070000,0.6326391696929932
02074500,0.47074759006500244
02077200,0.7305262684822083
02081500,0.7310441136360168
02082950,0.7389954328536987
02092500,0.7651020288467407
02096846,0.4783727526664734
02102908,0.7719434499740601
02108000,0.7460001707077026
02111180,0.5539829134941101
02111500,0.6046402454376221
02112120,0.5571979284286499
02112360,0.7329785823822021
02118500,0.5489311814308167
02125000,0.8251808881759644
02128000,0.804930567741394
02137727,0.6976736783981323
02140991,0.6052701473236084
02143000,0.7222920656204224
02143040,0.5304402709007263
02149000,0.6916017532348633
02152100,0.6281607747077942
02177000,0.6613211631774902
02178400,0.6644906401634216
02193340,0.7730324864387512
02196000,0.9416524767875671
02198100,0.7363593578338623
02202600,0.8579111099243164
02212600,0.7441309690475464
02215100,0.810116708278656
02216180,0.6992044448852539
02221525,0.7325568795204163
02231000,0.8789212703704834
02245500,0.5697994232177734
02246000,0.8860085606575012
02296500,0.387301504611969
02297155,-14.711579322814941
02297310,-2.577430009841919
02298123,0.6078806519508362
02298608,-0.12705647945404053
02299950,0.1912386417388916
02300700,-0.04523134231567383
02342933,0.3807504177093506
02349900,0.6244708299636841
02350900,0.847007155418396
02361000,0.6692823171615601
02363000,0.6769705414772034
02369800,0.730759859085083
02371500,0.32967662811279297
02372250,-1.0210397243499756
02374500,0.2002585530281067
02381600,0.4058178663253784
02384540,0.6709144711494446
02395120,0.474978506565094
02415000,0.49747687578201294
02427250,0.5806232690811157
02430085,0.668118953704834
02450250,0.5561648011207581
02464000,0.6412695646286011
02464360,0.6435623168945312
02465493,-1.3011350631713867
02469800,0.8081367611885071
02472000,0.8546290397644043
02472500,0.6156200170516968
02479155,0.6337651014328003
02479300,0.8083534240722656
02479560,0.7215484380722046
02481000,0.5992100238800049
02481510,0.7071633338928223
03010655,0.8315362930297852
03011800,0.7974532246589661
03015500,0.7803414463996887
03021350,0.7377835512161255
03026500,0.8532283306121826
03028000,0.8469104766845703
03049000,0.8816006183624268
03049800,0.6087749004364014
03050000,0.8139585256576538
03069500,0.879361629486084
03070500,0.8251470923423767
03076600,0.7154919505119324
03078000,0.7674934267997742
03140000,0.8031963109970093
03144000,0.8688004016876221
03170000,0.7848836779594421
03173000,0.8660441637039185
03180500,0.8093187808990479
03182500,0.8384988307952881
03186500,0.8623303174972534
03237280,0.6357263326644897
03237500,0.5649365782737732
03238500,0.5877283811569214
03241500,0.8517476320266724
03280700,0.8430403470993042
03281500,0.8092792630195618
03285000,0.6192858219146729
03291780,0.652747631072998
03338780,0.5232551097869873
03340800,0.812993049621582
03346000,0.8152614831924438
03364500,0.5702477097511292
03366500,0.561475932598114
03368000,0.7371165752410889
03384450,0.6315259337425232
03439000,0.6604281663894653
03455500,0.3547362685203552
03456500,0.4547712802886963
03460000,0.6612007021903992
03463300,0.5942662358283997
03471500,0.5708564519882202
03473000,0.7687348127365112
03479000,0.3416607975959778
03488000,0.8319949507713318
03498500,0.8309851884841919
03500000,0.7975497245788574
03500240,0.3962444067001343
03504000,0.5794302225112915
03574500,0.5914802551269531
03592718,0.47520309686660767
03604000,0.798380970954895
04015330,0.5921789407730103
04024430,0.6520756483078003
04027000,0.41978299617767334
04040500,0.7796432971954346
04043050,0.8527481555938721
04045500,0.8704266548156738
04057510,0.819196343421936
04057800,0.45470887422561646
04059500,0.7931164503097534
04063700,0.6797840595245361
04074950,0.8080512285232544
04105700,0.6150844097137451
04115265,0.684503436088562
04122200,0.7205875515937805
04122500,0.6227062940597534
04127918,0.5922940969467163
04127997,0.8051830530166626
04161580,0.7437735795974731
04185000,0.7931157350540161
04196800,0.6839778423309326
04197100,0.7716275453567505
04197170,0.7199651002883911
04213000,0.6284421682357788
04213075,0.41649329662323
04216418,0.6706137657165527
04221000,0.8099444508552551
04224775,0.6824020147323608
04233000,0.7754807472229004
04256000,0.7808286547660828
04296000,0.7166379690170288
05057200,0.13689786195755005
05120500,-32.20271682739258
05291000,0.34871846437454224
05362000,0.805524468421936
05393500,0.8844476938247681
05399500,0.7624276876449585
05408000,0.6086444854736328
05413500,0.8014705181121826
05414000,0.480563759803772
05444000,0.37346524000167847
05454000,0.3501110076904297
05458000,0.655935525894165
05466500,0.420432984828949
05487980,0.6698333621025085
05488200,0.7137436270713806
05489000,0.5556480288505554
05495000,0.577545166015625
05495500,0.6592106819152832
05501000,0.7529487609863281
05503800,0.816508412361145
05507600,0.8189442157745361
05508805,0.8062905073165894
05525500,0.7690161466598511
05556500,0.5674699544906616
05584500,0.4423257112503052
05591550,0.691727340221405
05592050,0.6642696857452393
05592575,0.7282687425613403
05593575,0.798953115940094
05593900,0.7368274331092834
05595730,0.7664617300033569
06221400,0.8749656677246094
06224000,0.9075543880462646
06278300,0.8367952704429626
06280300,0.7922462224960327
06289000,0.4621860980987549
06291500,0.6434670090675354
06311000,0.7402440309524536
06332515,0.33525311946868896
06339100,0.6841797828674316
06344600,0.25941628217697144
06350000,-0.9066649675369263
06352000,-0.06244707107543945
06404000,0.4612386226654053
06406000,0.04943192005157471
06409000,-1.7031605243682861
06431500,0.6806898713111877
06440200,0.632806658744812
06447500,-0.027210593223571777
06470800,0.8484923243522644
06477500,-1.1816413402557373
06479215,0.21184635162353516
06601000,0.34750378131866455
06614800,0.8465401530265808
06622700,0.6509649753570557
06623800,0.8407660126686096
06632400,0.7450903058052063
06746095,0.8100635409355164
06803510,0.642776370048523
06803530,0.5923022031784058
06814000,0.6522078514099121
06847900,-0.16520416736602783
06853800,0.13989651203155518
06876700,0.2778471112251282
06878000,0.7888715863227844
06879650,0.5039510726928711
06885500,0.7769320011138916
06888500,0.6319081783294678
06889200,0.5932785868644714
06889500,0.7861592769622803
06892000,0.7683202028274536
06903400,0.6364425420761108
06906800,0.7341605424880981
06910800,0.6602896451950073
06911900,0.6539391875267029
06917000,0.6770443916320801
06918460,0.151198148727417
06919500,0.7494242191314697
06921070,0.6182604432106018
06921200,0.6501219868659973
07057500,0.8484764099121094
07060710,0.7296905517578125
07066000,0.7783767580986023
07083000,0.8714650869369507
07142300,0.17572540044784546
07145700,0.7604594230651855
07167500,0.5957692861557007
07180500,0.6994608044624329
07184000,0.6063358783721924
07195800,-0.23916518688201904
07196900,0.6027659177780151
07197000,0.7400528788566589
07208500,0.37637513875961304
07261000,0.8276975750923157
07263295,0.612683892250061
07291000,0.39297837018966675
07299670,0.1839938759803772
07301410,-0.12198173999786377
07315200,0.37990880012512207
07315700,0.5619587898254395
07335700,0.5886375904083252
07340300,0.7511649131774902
07346045,0.7524152994155884
07359610,0.7206312417984009
07362100,0.4037758708000183
07362587,0.4221905469894409
07375000,0.38356029987335205
08013000,0.8760533332824707
08014500,0.3915889263153076
08023080,0.5836887359619141
08050800,0.33785974979400635
08066200,0.6846491098403931
08066300,0.4058777093887329
08070000,0.4573090672492981
08070200,0.46497052907943726
08082700,0.24407190084457397
08086212,0.4432944059371948
08086290,0.5112268328666687
08101000,0.534664511680603
08103900,0.3512321710586548
08104900,0.2938779592514038
08109700,0.518912672996521
08150800,-1.178832769393921
08158700,0.345183789730072
08158810,0.4171472191810608
08164300,0.43399709463119507
08164600,0.5204383134841919
08165300,-26.47772979736328
08171300,0.5382939577102661
08175000,0.5408838391304016
08176900,0.2797759771347046
08178880,-0.11376893520355225
08189500,0.020301103591918945
08190000,0.07534313201904297
08190500,0.10211348533630371
08194200,-0.49337005615234375
08195000,-0.5061604976654053
08196000,0.49633175134658813
08198500,0.044654905796051025
08200000,0.15811604261398315
08202700,0.0673711895942688
08267500,0.008117914199829102
08269000,0.3297673463821411
08271000,0.3852829933166504
08324000,0.10449957847595215
08377900,0.9024407267570496
08378500,0.8321531414985657
08380500,0.49825602769851685
09035800,0.7151753902435303
09035900,0.9553189873695374
09047700,0.867000937461853
09065500,0.9489347338676453
09066000,0.9284680485725403
09066200,0.9203607439994812
09066300,0.9142600893974304
09081600,0.9292657375335693
09107000,0.9360998272895813
09210500,0.7170760035514832
09223000,0.793400764465332
09306242,-0.6042543649673462
09312600,0.4457806348800659
09352900,0.6920535564422607
09378170,0.4797735810279846
09386900,-0.13601922988891602
09404450,0.03262889385223389
09430600,0.034143805503845215
09447800,-4.834412097930908
09484600,-0.02419590950012207
09492400,0.5870660543441772
09494000,0.4961697459220886
09497980,0.673093318939209
09505350,0.19853341579437256
09505800,0.37316519021987915
09508300,0.36411190032958984
09510200,0.5205487012863159
09512280,0.15050238370895386
09513780,0.08416497707366943
10234500,0.747907280921936
10244950,-1.7705166339874268
10259000,0.46528881788253784
10336645,0.6960580348968506
10336660,0.9164316654205322
10343500,-0.5823086500167847
11124500,0.8180584907531738
11141280,-0.2581024169921875
11143000,0.24460536241531372
11148900,0.3326708674430847
11151300,-0.3518388271331787
11176400,0.5102711319923401
11230500,0.28911179304122925
11237500,0.8918402791023254
11264500,0.5785332322120667
11266500,0.7516716718673706
11284400,0.39861398935317993
11381500,0.6255249977111816
11451100,0.7360163927078247
11468500,0.7969155311584473
11473900,0.7697798013687134
11475560,0.7174816131591797
11476600,0.7646434903144836
11478500,0.6664705276489258
11480390,0.5879659652709961
11481200,0.7973254919052124
11482500,0.8136088848114014
11522500,0.6736037135124207
11523200,0.7141278982162476
11528700,0.665692925453186
11532500,0.8450140357017517
12010000,0.8533064126968384
12013500,0.8342177867889404
12020000,0.31673741340637207
12025700,0.832164466381073
12035000,0.8408244252204895
12040500,0.7948145866394043
12041200,0.7810413241386414
12048000,0.7563261985778809
12054000,0.7216643691062927
12056500,0.702747642993927
12073500,0.7916839718818665
12082500,0.7824257016181946
12092000,0.7260974645614624
12114500,0.5209604501724243
12115000,0.611547589302063
12117000,0.783160924911499
12143600,0.7519338130950928
12144000,0.6744479537010193
12145500,0.8585416078567505
12147500,0.7572449445724487
12167000,0.6756484508514404
12175500,0.8605202436447144
12178100,0.7001022696495056
12186000,0.7900720834732056
12189500,0.6876084804534912
12375900,0.6727769374847412
12377150,0.8154721260070801
12381400,0.7584172487258911
12383500,0.8620306253433228
12390700,0.6751174926757812
12411000,0.4727107882499695
12447390,0.7530388832092285
12451000,0.9129251837730408
12488500,0.7699152231216431
13011500,0.8953864574432373
13011900,0.7569916248321533
13018300,0.5481341481208801
13023000,0.8933806419372559
13161500,0.7905566692352295
13235000,0.7327475547790527
13240000,0.9060441851615906
13313000,0.9279121160507202
13331500,0.8299627900123596
14020000,0.40290510654449463
14096850,-0.2526048421859741
14137000,0.7259544730186462
14138800,0.6343811750411987
14138870,0.7312469482421875
14138900,0.6947383880615234
14139800,0.7508788704872131
14141500,0.7520034313201904
14154500,0.8051963448524475
14158790,0.6254693269729614
14166500,0.9092715382575989
14182500,0.6655951738357544
14185000,0.8157259225845337
14185900,0.7545029520988464
14187000,0.8573122024536133
14216500,0.6863685846328735
14222500,0.8563337922096252
14236200,0.7722741365432739
14301000,0.8801481127738953
14303200,0.7354315519332886
14305500,0.809832751750946
14306340,0.748318076133728
14306500,0.8717843294143677
14308990,0.8868695497512817
14309500,0.7564869523048401
14316700,0.7287850379943848
14325000,0.7068619728088379
14362250,-0.4569181203842163
14400000,0.8527470827102661
=== BEST-EPOCH MEDIANS ===
C3_s300 best_epoch 028 best_median 0.693834
C3_s400 best_epoch 027 best_median 0.691235
C3_s500 best_epoch 026 best_median 0.670526
C3_s600 best_epoch 027 best_median 0.688021
C3_s700 best_epoch 024 best_median 0.691082
C3_s800 best_epoch 025 best_median 0.684773
C4_s200 best_epoch 025 best_median 0.715450
C4_s300 best_epoch 027 best_median 0.727167
C4_s400 best_epoch 021 best_median 0.720636
C4_s500 best_epoch 024 best_median 0.716108
C4_s600 best_epoch 027 best_median 0.718747
C4_s700 best_epoch 023 best_median 0.719864
C4_s800 best_epoch 023 best_median 0.712725
T2_s200 best_epoch 023 best_median 0.702581
T2_s300 best_epoch 027 best_median 0.685056
T2_s400 best_epoch 023 best_median 0.703483
T2_s500 best_epoch 030 best_median 0.701008
T2_s600 best_epoch 027 best_median 0.693313
T2_s700 best_epoch 022 best_median 0.699662
T2_s800 best_epoch 025 best_median 0.708951
### ---------- end ----------
### exit_code=0
### finished=2026-09-13T00:09:28+0800
