basin_id,model,period,nse,kge,bias,peak_bias,lowflow_bias,parameter_count,solver_name,family,run_status,error_message,_elapsed_s,_cal_nse,p_parTT,p_parCFMAX,p_parCFR,p_parCWH,p_parFC,p_parBETA,p_parLP,p_parK0,p_parK1,p_parUZL,p_parPERC,p_parK2,p_lag_time,state_SNOWPACK,state_MELTWATER,state_SM,state_SUZ,state_SLZ,state_init_mode
01022500,hbv_lite_cma,evaluation,0.729958,0.774626,-0.018403,-0.153358,0.860924,13,explicit_euler_dt1,hbv,success,,51.7,0.807,-2.4999999998250075,1.193315375156036,0.0405124945704301,1.5104337150140896e-13,380.7904147821732,2.86996966128467,0.9999999999238268,0.300090651579823,0.3095815207101829,20.624013538888395,4.014881774555359,0.0567370898219726,4.663677923480425,0.0,0.0,339.8733217025835,8.053423381423721,27.712081600579182,cal_final_2008-09-30
01031500,hbv_lite_cma,evaluation,0.720907,0.785314,-0.042543,-0.146019,1.408529,13,explicit_euler_dt1,hbv,success,,34.27,0.6709,-2.499999370948932,1.6323915214684226,0.0244968879781511,5.2500854265717446e-11,439.5593193259182,4.468358244793759,0.9999999979143008,0.3140206752022305,0.4004650676092099,46.01044401465531,4.331345812171486,0.1702707352923983,2.844781514911733,0.0,0.0,386.88202551002337,0.0,12.00006259296246,cal_final_2008-09-30
01047000,hbv_lite_cma,evaluation,0.682582,0.727384,-0.086834,-0.19262,0.965875,13,explicit_euler_dt1,hbv,success,,33.02,0.6538,-2.4999999993493938,1.4563408381502956,0.0679566257345152,1.4832297563446857e-12,311.87016142767226,2.4901559565689064,0.999999999967098,0.3226428385022667,0.1829339313568136,11.633979754576751,1.181836915252619,0.0594127312465575,2.176275783492919,0.0,0.0,267.0270977340129,9.701076751049651,12.72606351365244,cal_final_2008-09-30
01052500,hbv_lite_cma,evaluation,0.713921,0.767456,-0.134553,-0.209121,0.71183,13,explicit_euler_dt1,hbv,success,,28.68,0.7616,-0.780000126829097,3.180276939469983,0.0497827191432455,0.0274332544534503,265.1295463703366,1.9612765029203283,0.9999999998500806,0.5617859958727817,0.3511325837303853,14.971525010187642,3.602053702415012,0.1492293582235365,1.5482822815970554,0.0,0.0,207.69644781320764,0.0,10.351410313357636,cal_final_2008-09-30
01054200,hbv_lite_cma,evaluation,0.577703,0.621334,-0.042945,-0.216441,2.607718,13,explicit_euler_dt1,hbv,success,,28.84,0.536,-0.8009275745144957,1.8425424595633697,0.0040521192694629,2.418906220527743e-11,530.4568196374709,1.5419891349139687,0.876134404685478,0.8507535265714178,0.0842892173873253,16.24753108738167,1.2363400366058976,0.0581053157102381,1.0100767961001196,0.0,0.0,399.4145566035996,13.449380894275777,16.611950726600913,cal_final_2008-09-30
01055000,hbv_lite_cma,evaluation,0.585211,0.655454,-0.024695,-0.197986,2.060259,13,explicit_euler_dt1,hbv,success,,28.34,0.6234,-2.450000004216417,1.9862642117778195,0.0527885746750895,8.808366297697942e-12,184.7522064165289,1.4136643348801905,0.9547155179359964,0.6381957639200456,0.3083149374072764,4.171318430640349e-08,5.433167592098515,0.1076375533712213,1.0491274381433773,0.0,0.0,143.06484949275878,0.0,19.937848463111603,cal_final_2008-09-30
01057000,hbv_lite_cma,evaluation,0.628444,0.686475,-0.025224,-0.189104,1.389879,13,explicit_euler_dt1,hbv,success,,28.56,0.7027,-2.320384143707704,1.6382779714074598,0.0271624645990258,1.309665316487128e-05,307.33257556977844,2.2474281504015448,0.4761706443007921,0.8868053828130223,0.3377507388264985,95.88107753173932,4.1450128584247095,0.0715533713996639,1.0120691622477085,0.0,0.0,265.5507892915847,8.609652600544173,25.58328206028053,cal_final_2008-09-30
01073000,hbv_lite_cma,evaluation,0.761629,0.726693,-0.124216,-0.182761,0.37086,13,explicit_euler_dt1,hbv,success,,27.54,0.8447,-1.5200136305614491,0.9478937363357336,0.023438602553312,0.1419318347732331,348.2339608614437,1.5481392277728545,0.2000004311894608,0.8999999890693533,0.4999999704772446,13.908503984062406,6.394668675844638,0.174458502322484,1.6891818326674464,0.0,0.0,273.6259425313628,0.0,18.73814750687211,cal_final_2008-09-30
01078000,hbv_lite_cma,evaluation,0.742317,0.807178,0.005127,-0.161018,2.109499,13,explicit_euler_dt1,hbv,success,,33.02,0.7089,-1.6300028538768598,1.7885090190751922,0.0423605193076237,0.0924092808375723,499.9322509980293,2.340062836054347,0.9999998432184152,0.6913701884022685,0.2669329822990338,21.838439661490675,3.088518656744981,0.0755628193498615,2.0537870848198967,0.0,0.0,392.8584244358775,0.337890430789864,19.828180199994165,cal_final_2008-09-30
01123000,hbv_lite_cma,evaluation,0.646541,0.791641,0.030419,-0.112901,0.606614,13,explicit_euler_dt1,hbv,success,,27.51,0.739,-2.1299677058222883,1.0341840827903597,0.0107317909902042,2.2428801878540973e-07,411.68728116088886,1.6839661099638508,0.2015570272612637,0.3764337115080512,0.301715207341012,8.741981010329441,4.740121859978997,0.0706547529783331,1.022602327277093,0.0,0.0,272.46029978449604,0.0,27.320148035996308,cal_final_2008-09-30
01134500,hbv_lite_cma,evaluation,0.655716,0.738645,-0.077122,-0.169654,0.836658,13,explicit_euler_dt1,hbv,success,,31.42,0.6844,-1.6600000084641606,1.8738420057302856,0.0953808398957276,4.746866404813703e-09,239.85755639672573,2.121460462520432,0.9999999993094804,0.8999979819138618,0.4410735179082962,47.37860626471615,2.937686849464618,0.1220798510150731,2.990947726308644,0.0,0.0,175.80262366546012,0.0,6.919199532703402,cal_final_2008-09-30
01137500,hbv_lite_cma,evaluation,0.557407,0.600468,0.332753,0.047614,1.294045,13,explicit_euler_dt1,hbv,success,,28.11,0.5996,-2.3499999994754868,1.625516063807702,0.040362991774841,2.972912416703081e-14,489.1061926869203,1.0000000000542588,0.2093701347837828,0.6951344447169602,0.4999999999608588,77.02853515347667,8.469346697338379,0.0607304759629574,1.2985327638626531,0.0,0.0,297.0803675477852,0.0,41.23909180135978,cal_final_2008-09-30
01139000,hbv_lite_cma,evaluation,0.649193,0.730891,-0.088026,-0.20252,0.666402,13,explicit_euler_dt1,hbv,success,,32.06,0.7429,-1.4100001548821717,1.85039685924158,0.0361951405833071,6.62933685734621e-10,645.285826082853,5.003589316906925,0.9602857152165296,0.8485445523715781,0.2958039218835625,52.21296319164552,4.551747269579721,0.0671427268313779,1.0032585413868855,0.0,0.0,542.2922451609414,0.0,11.998507640452305,cal_final_2008-09-30
01139800,hbv_lite_cma,evaluation,0.627756,0.745123,-0.124083,-0.186116,0.579136,13,explicit_euler_dt1,hbv,success,,29.99,0.7323,-1.1200011059091848,1.9030446672659265,0.0023155226470344,0.0162594083738591,648.9679325994568,5.996975382636535,0.9999999300608552,0.0500996467976988,0.3272596502091604,74.86404339072544,9.3280751210981,0.0697184506249106,1.2099061758254823,0.0,0.0,557.812307305436,0.0,11.875154764992198,cal_final_2008-09-30
01142500,hbv_lite_cma,evaluation,0.63986,0.735754,-0.006635,-0.131279,0.869279,13,explicit_euler_dt1,hbv,success,,29.55,0.7086,-0.687574215213107,3.657004970556661,0.0002545743775435,0.0003073587702866,257.1075014028431,1.1723562548436866,0.3098970928979061,0.7772216996097785,0.2843387836989541,90.76371090770782,8.698747485467887,0.0900335577247937,1.4753343156071113,0.0,0.0,108.91301584095692,0.0,8.9085759124008,cal_final_2008-09-30
01144000,hbv_lite_cma,evaluation,0.715637,0.79703,-0.006766,-0.123075,0.617596,13,explicit_euler_dt1,hbv,success,,29.23,0.7123,-1.4058413836446122,2.65672663386029,1.1339730317121312e-05,0.0006111473402649,213.72715244709667,1.033599820851672,0.2049731223099154,0.869545622134387,0.2861105748680123,37.6081316053095,7.005212637576824,0.0910867260611969,1.542295253071992,0.0,0.0,85.58324490123528,0.0,9.766732965603856,cal_final_2008-09-30
01162500,hbv_lite_cma,evaluation,0.648076,0.703578,-0.032875,-0.221382,2.673663,13,explicit_euler_dt1,hbv,success,,43.54,0.6987,-2.3400004129903227,1.4184680028028516,7.389782945892474e-06,1.2782703623473058e-10,229.10060216774093,1.0000000183411968,0.3723802761056207,0.2658479067535497,0.1639577624218355,14.660974028504354,2.388602971152938,0.079977014632866,3.562633702083828,0.0,0.0,133.15406680705777,2.9290257935842234,17.13569597921752,cal_final_2008-09-30
01169000,hbv_lite_cma,evaluation,0.485218,0.709242,0.131311,-0.085283,2.414629,13,explicit_euler_dt1,hbv,success,,27.89,0.6365,-2.4900005712778355,1.378297060980466,0.011168817732944,0.079622552877917,150.4128501380829,1.9344948423718,0.9999999973644838,0.6920994408937663,0.2168774538612622,16.86880194244625,3.119384086711973,0.0660818757222706,1.4803027577831136,0.0,0.0,132.0964842995603,2.5630044846714943,26.68738893027353,cal_final_2008-09-30
01170100,hbv_lite_cma,evaluation,0.542094,0.693847,0.109803,-0.119604,2.755997,13,explicit_euler_dt1,hbv,success,,28.39,0.6346,-1.8599994924706984,1.5928930500226035,0.0512623616586054,2.3701373303626084e-09,280.014027609963,1.9682762214015468,0.9999999969911716,0.5969824300539514,0.1989904565151621,17.952360990692945,3.483926986878143,0.0665820981540861,1.850609563771126,0.0,0.0,232.4037213981921,2.5571158500168525,29.05331081966521,cal_final_2008-09-30
01181000,hbv_lite_cma,evaluation,0.532132,0.756003,0.030836,-0.105577,1.755083,13,explicit_euler_dt1,hbv,success,,27.54,0.6067,-1.374588293404839,1.5871483290210753,0.000687883582409,8.900094124733867e-11,216.6246028255463,2.7446323296853543,0.9999999993009558,0.6667107637812016,0.2931126248903325,21.3482859474255,2.301290906038193,0.0912554931500962,1.8104337496291043,0.0,0.0,195.8313402099473,2.81343734182901,14.798589530436397,cal_final_2008-09-30
01187300,hbv_lite_cma,evaluation,0.642772,0.696345,-0.026472,-0.174981,3.562419,13,explicit_euler_dt1,hbv,success,,27.64,0.6904,-0.959998350445168,1.7806724073490738,0.000173504761129,2.399217561940448e-08,797.9677652881411,5.594276156798321,0.9999998266019496,0.5119416679293313,0.2295749774417216,9.526132593119224,2.1991010099094805,0.0954409396770306,1.785470576685221,0.0,0.0,734.2553074767324,2.953190574267313,13.677080942902723,cal_final_2008-09-30
01195100,hbv_lite_cma,evaluation,0.542462,0.710043,0.006702,-0.154569,3.154076,13,explicit_euler_dt1,hbv,success,,27.19,0.7722,-0.7599986641091439,1.2608215123500344,4.351188390836855e-06,0.199999226885727,513.1906437299908,2.5678237482645323,0.4387002707174119,0.8999998649902302,0.4921103532676882,16.055244701203076,5.025641502048776,0.1079229441309784,1.2309291472650268,0.0,0.0,395.2499924646741,0.0,17.03499006993041,cal_final_2008-09-30
01333000,hbv_lite_cma,evaluation,0.646136,0.733345,-0.033306,-0.194435,1.143206,13,explicit_euler_dt1,hbv,success,,29.71,0.6524,-2.490040368216604,1.474096859079987,0.0162999668042567,0.1321048853479363,176.14142389599002,1.584356034651101,0.5390023905616697,0.116220276143597,0.2975893675916458,59.91744415748244,5.2541728268816765,0.1019909689664871,1.9936816257138303,0.0,0.0,117.48121980584568,0.0,15.706620802599751,cal_final_2008-09-30
01350000,hbv_lite_cma,evaluation,0.603993,0.611259,0.009985,-0.237727,2.738263,13,explicit_euler_dt1,hbv,success,,27.91,0.6666,-1.8299999721377207,2.4640748626678923,0.0081239365248018,3.4830787556857645e-11,424.3048163446416,3.881161561162287,0.9999999995897692,0.2914180079532739,0.3117656748044126,9.006008186722001,5.930776820189924,0.0970142463065933,1.0276113145432264,0.0,0.0,365.9575658853536,0.0,21.997637262223385,cal_final_2008-09-30
01350080,hbv_lite_cma,evaluation,0.443757,0.36442,-0.253115,-0.435015,0.63224,13,explicit_euler_dt1,hbv,success,,28.27,0.6434,-2.2900031854019773,1.6009990020369806,0.021443102621548,0.0016669777395026,371.6380079136246,2.516728923176641,0.2001370267817561,0.8978482624193608,0.2713782963615008,64.05338018818162,4.856806055137359,0.0931420202052424,1.054556022788913,0.0,0.0,213.36935461979007,0.0,7.935141939164255,cal_final_2008-09-30
01350140,hbv_lite_cma,evaluation,0.463633,0.448218,-0.186389,-0.324232,3.860452,13,explicit_euler_dt1,hbv,success,,27.89,0.5313,-0.9600001925551568,2.4635283532930723,0.0128958567894386,0.022007390573038,695.3684946688339,5.507217986823493,0.6011157208357709,0.3691306126298402,0.4460606406561823,73.96415042725806,3.953843966481545,0.1728504671830363,1.0125584938276484,0.0,0.0,520.0019749844831,0.0,3.879164591235192,cal_final_2008-09-30
01365000,hbv_lite_cma,evaluation,0.662253,0.76303,-0.017683,-0.158662,0.918247,13,explicit_euler_dt1,hbv,success,,27.71,0.7225,-1.619999999180112,1.934738279297129,0.0752829835520302,1.810124376910755e-09,227.4227316923485,2.9863777722505804,0.9999999943963408,0.574764376024631,0.233683778303493,24.436348310832933,5.905725486883831,0.0749826386773198,1.2542525498826262,0.0,0.0,201.7017598427572,0.3001091114151691,33.13630495042106,cal_final_2008-09-30
01411300,hbv_lite_cma,evaluation,0.628109,0.574636,-0.171731,-0.281752,0.131518,13,explicit_euler_dt1,hbv,success,,37.3,0.6686,-1.2200038247193552,1.9642709522332344,0.0908824300448374,0.1724425462004515,810.2901707638027,1.7804026640614026,0.2113707304645381,0.4235762356340606,0.1528864521279803,56.09011519288792,3.3208069456420723,0.0394470566805641,2.756450661210993,0.0,0.0,300.0310431244511,0.0,11.339965727692956,cal_final_2008-09-30
01413500,hbv_lite_cma,evaluation,0.553301,0.473111,-0.15488,-0.349249,1.33167,13,explicit_euler_dt1,hbv,success,,28.24,0.677,-2.4500571890270435,1.9229823310620744,0.0846932516429086,0.0371365843369725,622.0238165227267,4.326531506934202,0.6575446191150359,0.2904033537315605,0.1968949387972123,24.556075576234853,4.735733183808434,0.0843555927425374,1.4295933674022123,0.0,0.0,510.1828573775607,0.0,19.29728108906861,cal_final_2008-09-30
01414500,hbv_lite_cma,evaluation,0.57203,0.523503,-0.188743,-0.320689,0.767057,13,explicit_euler_dt1,hbv,success,,27.78,0.6075,-2.289999990300855,2.1059142409551592,0.0468137531639788,4.105344723954714e-11,688.8517410666136,5.742252513519013,0.2191685209326803,0.8999999988267233,0.3498501256537373,44.16176222662175,7.305497905569728,0.1063626281044265,1.4435755074755856,0.0,0.0,607.2665746168685,0.0,19.725352762519456,cal_final_2008-09-30
01415000,hbv_lite_cma,evaluation,0.661707,0.598198,-0.066212,-0.272654,1.855579,13,explicit_euler_dt1,hbv,success,,30.24,0.6796,-2.080000076364192,2.1038520335233835,0.0014708038382275,1.9477503244539645e-07,734.8414688050566,5.999969915189267,0.9569206538039028,0.5017292969706986,0.2206721961122006,24.738842728209413,3.662993319127636,0.1046604999488722,1.2513302651727374,0.0,0.0,634.6566684994367,0.0,13.970786481985996,cal_final_2008-09-30
01423000,hbv_lite_cma,evaluation,0.716316,0.671165,-0.183222,-0.232588,-0.616946,13,explicit_euler_dt1,hbv,success,,28.05,0.7503,-1.0600424142567726,2.639049870035579,0.0992034234178471,0.0075639296802983,185.1564521498948,5.328551639113346,0.2101675594280267,0.6718195061954872,0.1963378024623062,39.34881681120462,2.157360881397471,0.0684124129811338,1.1196875718834889,0.0,0.0,146.76928187328264,0.0,6.539832867442035,cal_final_2008-09-30
01434025,hbv_lite_cma,evaluation,0.558877,0.711961,-0.010932,-0.178285,1.277806,13,explicit_euler_dt1,hbv,success,,27.35,0.6393,-2.340177437908135,1.9896895746686576,0.0719921719097764,0.1777135881458727,431.7566685930605,1.991410406568668,0.5512433503961842,0.8999896381800973,0.3365619189885544,34.92505696254797,7.025537725682252,0.0733076475360588,1.917934347109037,0.0,0.0,320.8739186752335,0.0,35.489281623551484,cal_final_2008-09-30
01435000,hbv_lite_cma,evaluation,0.662357,0.705851,-0.083903,-0.219429,0.557493,13,explicit_euler_dt1,hbv,success,,27.56,0.6978,-2.049999770477859,1.8787332101461205,0.0238082876284612,0.0049014963999113,157.9344470442541,3.445801278053464,0.999999926453456,0.7446713483075436,0.2609060231889676,22.21807893097569,5.283477338948081,0.0607573409298735,1.7039165221263413,0.0,0.0,146.65390477689309,1.6978048202046456,37.415372250859605,cal_final_2008-09-30
01439500,hbv_lite_cma,evaluation,0.721924,0.6745,-0.082924,-0.239262,1.846024,13,explicit_euler_dt1,hbv,success,,35.92,0.7928,-2.050000017632412,1.2183855843590474,0.0464553902704368,2.831967778155147e-09,546.1338639844796,3.887282065110875,0.999999999080924,0.8999999982153498,0.1895113180332054,23.399433197671893,4.002604308777279,0.093488620752605,2.4395765128991576,0.0,0.0,455.8685072448645,6.516888343052693,19.879451252289943,cal_final_2008-09-30
01440000,hbv_lite_cma,evaluation,0.609192,0.63692,-0.137173,-0.261312,0.774337,13,explicit_euler_dt1,hbv,success,,32.67,0.7031,-2.4100032188731766,2.022935166715464,0.0984004267970738,1.4592651220636672e-07,330.4411182754814,1.001451490880429,0.2129698773170217,0.736403415808827,0.16103330893038,11.619069742924712,3.170424136373509,0.0756425794377821,2.1115683983485685,0.0,0.0,115.17738295184256,0.0,15.7256286487868,cal_final_2008-09-30
01440400,hbv_lite_cma,evaluation,0.663,0.765817,-0.015279,-0.141866,1.571967,13,explicit_euler_dt1,hbv,success,,27.48,0.669,-1.4800023369836848,1.1610370245956263,0.0415068004585227,1.2483677076569078e-09,464.44030501674416,3.276313550213253,0.9999997244044678,0.8999999986920204,0.2628083874537822,17.50998286295011,3.448605667339803,0.1070492414106988,1.2665794087612356,0.0,0.0,380.6384923259046,8.299387681623005,15.505485364625754,cal_final_2008-09-30
01451800,hbv_lite_cma,evaluation,0.650502,0.745749,0.023795,-0.160631,0.805058,13,explicit_euler_dt1,hbv,success,,27.65,0.7457,-2.499999997720857,2.048127993643214,0.0160708520023431,2.5342130454556528e-11,218.876335772416,4.188898681267237,0.999999999862282,0.8999999999989216,0.2615904225886923,19.306767948532297,3.62671219120988,0.093463168609867,1.3482228464051504,0.0,0.0,195.53732277556168,2.631827027426297,14.499258823628768,cal_final_2008-09-30
01466500,hbv_lite_cma,evaluation,-0.468472,0.373523,0.447785,0.193482,1.15953,13,explicit_euler_dt1,hbv,success,,55.25,0.1318,1.9700043896079968,9.999651845708168,0.0111607378883233,2.0789420618097223e-08,589.2205414312383,2.752242276096238,0.2473310624205747,0.8999980102355026,0.0242153101788282,83.08038335482244,2.0468245283130955,0.001000000009397,1.217761561857566,0.0,0.0,333.14231153390585,0.0,1088.5611362973352,cal_final_2008-09-30
01484100,hbv_lite_cma,evaluation,0.567582,0.667928,0.181275,-0.081428,1.082835,13,explicit_euler_dt1,hbv,success,,27.94,0.5209,-1.5399999988531825,1.4970843006635446,0.062465547797215,6.881630867381842e-11,876.5234815162369,3.204886908668485,0.3628585746445955,0.5433853097078498,0.4990173886110645,4.4912939859632397e-10,9.999999999936792,0.0310123785699591,1.2310275678316418,0.0,0.0,428.1943580023263,0.0,9.539774849938262,cal_final_2008-09-30
01487000,hbv_lite_cma,evaluation,0.773314,0.812206,0.152551,0.03937,0.473846,13,explicit_euler_dt1,hbv,success,,27.83,0.8107,-1.8299979022490056,1.4245696601484554,0.0396257114123647,0.0002976897305881,880.3258087086958,4.570371484255224,0.8928669289812727,0.8208088604644728,0.4159357441792582,68.73692058559637,9.553772513451674,0.0474832069587864,1.229042990312975,0.0,0.0,591.6432678530049,0.0,8.995267275947766,cal_final_2008-09-30
01491000,hbv_lite_cma,evaluation,0.712042,0.69174,-0.020795,-0.153701,0.855371,13,explicit_euler_dt1,hbv,success,,27.63,0.724,-1.0000153301713144,1.6267334588615898,0.037483766663918,0.0433195637836511,594.819050511064,2.701038364452368,0.4537533253956267,0.4627254382133148,0.1086781920470464,9.900598514194902,1.3013601313585668,0.0706341778013587,1.182739309892844,0.0,0.0,253.8673257418251,0.0,3.4535799716799267,cal_final_2008-09-30
01510000,hbv_lite_cma,evaluation,0.69056,0.689316,-0.02806,-0.244969,2.077299,13,explicit_euler_dt1,hbv,success,,27.81,0.775,-2.4900063212952923,1.6282397729164433,0.0027314531895355,0.0527283374969302,680.2445824541047,5.999999965198871,0.9999995862466756,0.8999996037143839,0.3958419816425,15.775051540449171,4.454861897838981,0.1154013762979886,1.943862430916232,0.0,0.0,563.9243494053648,0.0,7.090643168033079,cal_final_2008-09-30
01516500,hbv_lite_cma,evaluation,0.495064,0.504219,0.106033,-0.177395,4.886876,13,explicit_euler_dt1,hbv,success,,27.44,0.6753,-2.2199999744716736,1.448481357114214,0.0031173223185477,6.417223125669726e-10,652.9085161633307,5.999999997117715,0.9449696338810782,0.8999999998049957,0.3092846583723164,9.041327525874156,3.372869813156276,0.0850608707696909,1.2893190795709704,0.0,0.0,466.67527686136873,0.0,3.439142644567759,cal_final_2008-09-30
01518862,hbv_lite_cma,evaluation,0.583079,0.607607,-0.027678,-0.230875,3.496558,13,explicit_euler_dt1,hbv,success,,27.47,0.6827,-1.5500020772494612,2.2881438022599507,0.0999987442082214,0.1047329305199131,518.2071791987414,5.999153318816406,0.9999966461495744,0.8387435927355567,0.3984016348341836,12.696360051130624,3.1483372738101627,0.111223491639272,1.918773411621792,0.0,0.0,400.5294530178375,0.0,4.602620809091883,cal_final_2008-09-30
01532000,hbv_lite_cma,evaluation,0.510316,0.508334,-0.042144,-0.210056,1.238481,13,explicit_euler_dt1,hbv,success,,27.48,0.6594,-1.4200001406076188,2.000608688048976,0.0017775746235207,5.139279489819417e-09,304.6982690951574,5.618743449222466,0.9999999975412356,0.5046662602046053,0.3079956477191833,10.660691067338416,3.265673535278085,0.1228913519425215,1.5485667958274776,0.0,0.0,232.5110335139796,0.0,3.835524437668266,cal_final_2008-09-30
01539000,hbv_lite_cma,evaluation,0.647822,0.743079,-0.042346,-0.163883,0.786167,13,explicit_euler_dt1,hbv,success,,26.89,0.6547,-2.490000268900432,1.2689311714406457,0.0327827923284018,0.0050003304522206,259.8859508933768,5.810591876866295,0.9999999998124708,0.6363578446634193,0.170338655508668,28.56683503244956,0.0003024612610435,0.1957491164982555,1.5352897690045633,0.0,0.0,239.496708950668,13.495389723142235,0.0012426862545839,cal_final_2008-09-30
01542810,hbv_lite_cma,evaluation,0.622957,0.675622,-0.005642,-0.207042,3.37693,13,explicit_euler_dt1,hbv,success,,27.63,0.6707,-0.4999996679217542,3.038547957783374,0.0985356371172682,1.134549755789161e-09,394.0120726737806,5.999999905875635,0.9999999824310262,0.4813061767537038,0.1731848564688913,12.41533870151168,0.6576890090912152,0.0650757064477725,1.051005345463835,0.0,0.0,298.7316647355646,0.2714352799717478,4.308816619834021,cal_final_2008-09-30
01543000,hbv_lite_cma,evaluation,0.660331,0.68751,-0.018021,-0.20947,2.088808,13,explicit_euler_dt1,hbv,success,,32.79,0.75,-2.470000332717034,1.5022419443905133,0.0112863133275409,0.0924693588369908,412.5636951850983,5.99999453109856,0.9999999508897977,0.6374975166747134,0.2395404552697069,12.77184109631754,2.119260577953209,0.1562966411998996,2.6065038600861805,0.0,0.0,313.1226244080023,0.0,2.359943505653877,cal_final_2008-09-30
01543500,hbv_lite_cma,evaluation,0.695698,0.708749,-0.017814,-0.206145,2.065535,13,explicit_euler_dt1,hbv,success,,33.64,0.7533,-2.450029193168199,1.545287953478779,0.0016929609518494,0.1169507615956516,507.1547775619082,5.999944596237276,0.9913234286596024,0.6069921600651177,0.2290588424158271,15.222460073488788,2.395466271697506,0.1395912746047102,2.017925813060588,0.0,0.0,385.6995424187252,0.0,2.683231310410332,cal_final_2008-09-30
01544500,hbv_lite_cma,evaluation,0.721254,0.671614,-0.115929,-0.233458,0.80761,13,explicit_euler_dt1,hbv,success,,36.11,0.7294,-0.6700000335740066,2.555796503626632,8.227989306222742e-05,2.77349632753297e-09,373.3195722079588,5.999999240291336,0.999999932330808,0.5120258415634803,0.1777705459440121,13.470004050421364,3.8438062736933705,0.13696774743299,2.839368514280149,0.0,0.0,276.0882890888199,0.0,2.7266261917084984,cal_final_2008-09-30
01545600,hbv_lite_cma,evaluation,0.671104,0.649054,-0.131315,-0.246503,0.60008,13,explicit_euler_dt1,hbv,success,,35.3,0.7079,-0.5500000091759478,2.4535506607672457,0.0644624243370947,1.889441907264774e-09,399.5099398312292,5.999998316085232,0.9999999998883242,0.4738034001956301,0.1711497586203876,8.684989313881331,6.177640046102976,0.1159258250451771,2.079805476313725,0.0,0.0,289.8640388572153,0.0,2.5564645624873217,cal_final_2008-09-30
01547700,hbv_lite_cma,evaluation,0.676097,0.705016,-0.1774,-0.214788,-0.898069,13,explicit_euler_dt1,hbv,success,,27.85,0.6495,-1.049999573369958,1.8225270228456127,0.0005281024817857,8.450519782538301e-10,224.2990102488381,5.999999998225878,0.2000000004391745,0.4600469626856993,0.3252106242419122,9.51307731607653,3.168178247062369,0.1922786311535641,1.4895744627855152,0.0,0.0,82.78233364297921,0.0,0.0138389377831908,cal_final_2008-09-30
01548500,hbv_lite_cma,evaluation,0.727475,0.678335,-0.138627,-0.252082,0.806129,13,explicit_euler_dt1,hbv,success,,35.81,0.7677,-1.3800155758310126,1.993944287930499,0.0964677544706972,0.0448591363558801,445.2700146999284,5.999997138497585,0.9999895892787254,0.5944270090815758,0.199705369120781,16.013311292543612,2.526395363832543,0.121535579004935,2.486145895890859,0.0,0.0,335.9361310239378,0.0,3.872955054873137,cal_final_2008-09-30
01549500,hbv_lite_cma,evaluation,0.628008,0.5348,-0.196012,-0.336013,1.54329,13,explicit_euler_dt1,hbv,success,,27.52,0.7432,-1.450002844042106,1.7988016163715188,0.0004758517374949,8.399057440498556e-09,465.3593963484464,5.999674343240289,0.9362059778119244,0.6541499817807542,0.2259748078081753,15.544254379163236,2.7877074427567994,0.1128837539312697,1.0388142516841938,0.0,0.0,362.2218698420753,0.0,5.460449570315071,cal_final_2008-09-30
01550000,hbv_lite_cma,evaluation,0.630453,0.58072,-0.13157,-0.290112,1.229736,13,explicit_euler_dt1,hbv,success,,27.78,0.7195,-1.7000000301922855,1.654880443422415,0.0390861915702487,2.5809085314632585e-10,397.3636703894723,4.8584371470287575,0.9999997358381254,0.5128084058189895,0.1967970308990428,11.72063865921403,3.92798300302141,0.1220368923443692,1.0529577601541291,0.0,0.0,305.81184154817663,0.0,6.585547740030957,cal_final_2008-09-30
01552000,hbv_lite_cma,evaluation,0.6413,0.637198,-0.131944,-0.279239,1.16687,13,explicit_euler_dt1,hbv,success,,27.59,0.7082,-1.1400000832014148,2.109712609753352,0.0861414310090337,1.0862485505077487e-09,180.53811846278293,4.276779378125495,0.999999833878725,0.462798613927039,0.1978471910234854,15.977464144962262,2.484345055680911,0.0648350282918708,1.407057191622599,0.0,0.0,159.6805825805339,2.614873300330272,13.746218891650903,cal_final_2008-09-30
01552500,hbv_lite_cma,evaluation,0.58432,0.613641,-0.138153,-0.245862,1.348789,13,explicit_euler_dt1,hbv,success,,27.58,0.6691,-2.1600058174216654,1.518487672331976,0.0630463541502265,3.812764015703818e-08,187.0008962229485,4.01791921430214,0.9999994789584264,0.7328983663385322,0.2167567860656069,15.752388681252782,1.2047976217788638,0.059888798249643,1.807361557884992,0.0,0.0,172.45264278913143,9.805381904346342,11.4729378410647,cal_final_2008-09-30
01557500,hbv_lite_cma,evaluation,0.66456,0.742892,-0.020851,-0.199593,1.61318,13,explicit_euler_dt1,hbv,success,,27.31,0.7488,-1.720000182416594,1.232911885278681,0.092419825516469,2.8589429499989343e-09,326.3424911062993,3.4968428551882287,0.9999999882800203,0.4684362096582192,0.2451646235605748,9.991489807089872,2.981139104487353,0.1200913804075671,1.1552383543203648,0.0,0.0,246.83113550626905,0.0,7.920610849455448,cal_final_2008-09-30
01567500,hbv_lite_cma,evaluation,0.412374,0.608189,0.062367,-0.181314,0.984937,13,explicit_euler_dt1,hbv,success,,27.41,0.6194,-1.787876591338758,2.3334080131000468,0.0796953174234359,0.0351266442372785,186.4220691003129,5.999743294113625,0.6340093859001872,0.6148053978013757,0.1732230151585724,18.238837804119367,3.14067223777996,0.0110030712547888,1.3486347505303014,0.0,0.0,174.18830929561778,2.1935858740146235,55.79654510432261,cal_final_2008-09-30
01568000,hbv_lite_cma,evaluation,0.499232,0.699108,0.053196,-0.138901,1.006389,13,explicit_euler_dt1,hbv,success,,27.47,0.6878,-1.4899980535883233,2.221266390852813,0.099829193574703,0.0548283334858316,308.60545443215585,5.999999633399291,0.969271517391162,0.7354215517799916,0.1888095618426833,22.516257043030794,1.6673887904847842,0.0244674939953962,1.961404669517996,0.0,0.0,288.34942187760373,11.123485254066908,21.35273661766989,cal_final_2008-09-30
01580000,hbv_lite_cma,evaluation,0.533349,0.517862,-0.063915,-0.263584,0.245259,13,explicit_euler_dt1,hbv,success,,27.73,0.6128,-2.298727299398289,2.175385582411761,0.0999908601694011,0.1999984897323302,774.6528299698094,1.0401484119790283,0.2000067279667137,0.7915724863406257,0.3871299895302731,6.4624758248452965e-06,9.515197120478405,0.0297432161630701,1.3956481459537913,0.0,0.0,276.5626999897653,0.0,42.39100940546139,cal_final_2008-09-30
01583500,hbv_lite_cma,evaluation,0.536146,0.633204,0.050747,-0.147619,0.4714,13,explicit_euler_dt1,hbv,success,,27.79,0.5276,-2.499999883698836,0.94784729480064,2.9130356799489377e-10,0.1858488028770151,969.7814529569451,2.8968081093117592,0.6584844307928108,0.8524828320877907,0.4996070625664344,8.914570124926544e-09,8.019500798825314,0.0254467646045119,1.2159702467785851,0.0,0.0,670.5227706999141,0.0,45.48293597747099,cal_final_2008-09-30
01586610,hbv_lite_cma,evaluation,0.493662,0.676934,-0.081334,-0.129787,-0.140223,13,explicit_euler_dt1,hbv,success,,27.71,0.581,-1.199954640507832,1.7044940402198454,8.683810992071595e-05,0.027839592008145,908.5436019131164,5.3913820278896045,0.6126292762741056,0.8999999681902013,0.4999987854161533,1.0752550022524887e-05,5.933275604506468,0.0478163327000106,1.832723858497872,0.0,0.0,708.7125145630681,0.0,19.837162485421707,cal_final_2008-09-30
01591400,hbv_lite_cma,evaluation,0.477365,0.621252,0.02046,-0.029122,0.356939,13,explicit_euler_dt1,hbv,success,,27.39,0.5149,-0.9200394812879262,1.982984479874329,0.007085158291855,0.0430458923271675,870.0006213151536,2.6243703904412947,0.2062295812208726,0.8999909443983054,0.4999009098601966,4.484564182001842,2.2335014615666786,0.0416880295288195,1.9399949791875144,0.0,0.0,504.430872744144,0.0,17.48888622129949,cal_final_2008-09-30
01594950,hbv_lite_cma,evaluation,0.58241,0.730902,-0.03733,-0.170419,3.78675,13,explicit_euler_dt1,hbv,success,,27.86,0.6485,-1.9099997660399533,1.463477877540397,0.0418157239816654,1.887109181518438e-09,459.9117221470007,5.999999797300459,0.3091702136567923,0.7021820772218346,0.4999999369338606,9.975533766747285,4.836120737950276,0.1922902045760725,1.0034738351670074,0.0,0.0,326.7511214409447,0.0,0.935562936003484,cal_final_2008-09-30
01596500,hbv_lite_cma,evaluation,0.584595,0.681695,-0.071203,-0.23644,2.420616,13,explicit_euler_dt1,hbv,success,,30.42,0.7279,-1.9200016533105504,1.964795357325841,0.003570904030167,0.0501643652990379,509.4676233517895,5.53814215575295,0.9999999909917404,0.6057344249454303,0.1706343124533514,8.948790591530514,0.6740267766886293,0.1288152999191061,2.3870995381894184,0.0,0.0,417.6047409706773,2.5485332775281804,3.2439363705360624,cal_final_2008-09-30
01605500,hbv_lite_cma,evaluation,0.532838,0.64984,0.123877,-0.079926,0.290291,13,explicit_euler_dt1,hbv,success,,27.7,0.6286,-2.4999997970483365,1.795563632421383,0.0475911189257089,2.985001195063836e-10,607.7339552177424,5.272148486150743,0.8977476699254965,0.8077188578785393,0.1768474810783454,12.439749564903371,1.3657306885096656,0.0669232095709112,1.0130068141740038,0.0,0.0,417.5900925562239,0.0,3.601348066359788,cal_final_2008-09-30
01606500,hbv_lite_cma,evaluation,0.593864,0.631406,-0.04478,-0.226373,0.232883,13,explicit_euler_dt1,hbv,success,,34.57,0.6554,-2.499999999616532,1.7640168096239448,0.0438867250704941,2.320566348536361e-11,218.8483351439928,1.2600651588557317,0.2000001390702963,0.8008884050575941,0.2227632288911305,10.385506747637365,1.094319770993148,0.0890148232538519,2.208034308836062,0.0,0.0,39.50406593074085,0.0,1.801342249021064,cal_final_2008-09-30
01632000,hbv_lite_cma,evaluation,0.514749,0.552407,0.236387,-0.080649,4.328044,13,explicit_euler_dt1,hbv,success,,27.57,0.5431,-2.4989857976990653,1.2472274662641143,0.0909952025428391,0.092898684864288,200.42782089152743,1.3730972864933162,0.2000002736381423,0.8999968370741386,0.4999983345851507,2.1151488834920977,3.633018514848157,0.15724803122265,1.260117287189661,0.0,0.0,52.092030436310544,0.0,1.7288449725507675,cal_final_2008-09-30
01632900,hbv_lite_cma,evaluation,0.476743,0.682882,0.17687,0.023695,0.198982,13,explicit_euler_dt1,hbv,success,,27.49,0.5847,-1.1599995751714105,1.359249452353592,0.0270362830909578,1.9660371177276132e-08,965.9953077209644,5.999994883753593,0.7225387099803373,0.8999999837930339,0.4568193251004168,6.420402242135184,3.2902590963791267,0.0997829147469451,1.2416638975478422,0.0,0.0,682.2597341832785,0.0,2.8605730545848056,cal_final_2008-09-30
01634500,hbv_lite_cma,evaluation,0.54589,0.564155,-0.072181,-0.226931,0.100002,13,explicit_euler_dt1,hbv,success,,27.63,0.63,-1.0899997183914705,3.710373891757993,0.0262887184172284,1.7140888055500335e-09,428.7334282290237,3.8006042421645407,0.7422810805078326,0.7706803497386323,0.4062974105280038,12.044662022022935,2.567193381875694,0.1399220164962503,1.0511817954783385,0.0,0.0,282.64846014499017,0.0,4.893674247547162,cal_final_2008-09-30
01638480,hbv_lite_cma,evaluation,0.52088,0.548117,0.069493,-0.222312,3.548124,13,explicit_euler_dt1,hbv,success,,27.29,0.5227,-0.139960760570621,5.890691321355846,9.510790162440788e-09,0.0938223477144678,407.6741237154368,1.306477955203116,0.2000019694600676,0.8999999448850936,0.4999989281697005,1.0412980877232584e-05,4.4721551886036695,0.0858286619868455,1.1476683065742015,0.0,0.0,190.52666110188983,0.0,13.661575584632672,cal_final_2008-09-30
01639500,hbv_lite_cma,evaluation,0.637233,0.756255,0.092408,-0.086315,0.394967,13,explicit_euler_dt1,hbv,success,,27.33,0.6494,-1.3468533715505244,2.0913791415181686,0.0999999679990339,0.0313801022896778,760.4340194007818,5.999998938888669,0.8934271577811828,0.8999999999999841,0.4999999894990889,8.351184774168141e-09,6.033781334773391,0.0519742828275409,1.3668719205215356,0.0,0.0,635.4462020385068,0.0,22.54040932399913,cal_final_2008-09-30
01644000,hbv_lite_cma,evaluation,0.605608,0.728374,-0.016259,-0.176184,1.629406,13,explicit_euler_dt1,hbv,success,,27.63,0.65,0.0200013546250321,4.696420182623019,0.0004532287240473,1.875237647374653e-07,451.57227812670055,3.004556524159162,0.3311778053227572,0.8999999545027554,0.1640961991854796,13.078742583538688,1.0083914675120207,0.0455808974020826,1.7444468290227362,0.0,0.0,266.16935139121347,1.4391677220240338,8.805323727887913,cal_final_2008-09-30
01664000,hbv_lite_cma,evaluation,0.604184,0.699998,0.127716,-0.006928,1.198993,13,explicit_euler_dt1,hbv,success,,35.41,0.6579,-2.499999999811691,0.5909665958819034,0.0995609725213161,9.460313561588603e-11,632.6902408519412,4.3305994082216905,0.7667473794462654,0.7034207722161746,0.4128963664478119,98.70728731042875,3.547807499036142,0.1051929042658771,2.734434441525205,0.0,0.0,436.1539786670118,0.0,5.804751396742865,cal_final_2008-09-30
01666500,hbv_lite_cma,evaluation,0.603923,0.649231,0.133754,-0.056379,1.042274,13,explicit_euler_dt1,hbv,success,,27.52,0.5598,-0.6399989378732593,0.850149991817046,0.0124313839601424,0.0399982297384247,999.9995639724206,5.906271268774983,0.996919848671902,0.6540956064222014,0.1771117128301616,13.862017056680225,1.6845517351730193,0.0469126129658066,1.0630133825921648,0.0,0.0,813.0318668175892,0.0,14.232099506574333,cal_final_2008-09-30
01667500,hbv_lite_cma,evaluation,0.579204,0.632533,0.130607,-0.018824,0.879068,13,explicit_euler_dt1,hbv,success,,23.93,0.6389,-2.4799822294854192,0.5002196686854812,0.0452084128927543,0.1545035655022714,747.0078495667885,5.999968549668984,0.9067458661544006,0.5401904181149824,0.1717898896882466,17.705056834348465,1.2046010182169409,0.0450865864520823,1.0371743603770176,0.0,0.0,593.71530721991,0.0,11.241126383410595,cal_final_2008-09-30
01669000,hbv_lite_cma,evaluation,0.588481,0.518254,-0.162349,-0.377383,2.193985,13,explicit_euler_dt1,hbv,success,,25.98,0.6857,-1.7499968010805969,8.359562695551393,0.0001523152704817,6.322868279350458e-08,999.9999828646128,1.5144129406589295,0.2000000028431819,0.720039053703073,0.1896843323750376,11.430795411046253,2.571565783900484,0.024031554547764,1.074631165994794,0.0,0.0,309.45942853372475,0.0,22.73115753420722,cal_final_2008-09-30
01669520,hbv_lite_cma,evaluation,0.612611,0.552879,0.058117,-0.184571,6.185122,13,explicit_euler_dt1,hbv,success,,57.15,0.6912,-0.3999822682227907,1.7614039280514209,0.081802802602844,1.2592180574108505e-06,999.998761290344,3.0342760120361407,0.8215703369668943,0.3828752019084127,0.0834014941635834,13.149807852503296,0.9389210910409408,0.0393760082253358,4.882693968516859,0.0,0.0,643.8089389767816,7.652975659135,11.881358043356943,cal_final_2008-09-30
02011400,hbv_lite_cma,evaluation,0.521708,0.56457,-0.105681,-0.205422,-0.346478,13,explicit_euler_dt1,hbv,success,,32.62,0.6897,-2.3999999989260736,1.3611445830838849,0.0544907988971119,1.1384863801853722e-11,786.3758257568488,5.999999930227956,0.2641549766628555,0.5088313604373629,0.2387805549712505,16.201836488185062,1.7137441183837834,0.1110866226713187,1.8335610953881645,0.0,0.0,514.9693667041779,0.0,1.3442497779454694,cal_final_2008-09-30
02013000,hbv_lite_cma,evaluation,0.634749,0.632107,-0.034521,-0.226071,0.457915,13,explicit_euler_dt1,hbv,success,,27.62,0.7589,-1.3900004744216394,2.623681132184342,0.0677146668910227,2.347339721025467e-06,678.3686761863219,5.999900352536485,0.8880417815209285,0.8999999504687947,0.2255024881856301,10.154764400453036,1.3971507111442842,0.0817915627523511,1.2472678351527442,0.0,0.0,464.030970630077,0.0,2.405326704793989,cal_final_2008-09-30
02014000,hbv_lite_cma,evaluation,0.601946,0.686093,0.090064,-0.154332,1.076584,13,explicit_euler_dt1,hbv,success,,27.66,0.7306,-1.499998314303102,2.34322745332993,0.0119413083624153,1.1581678874154872e-08,387.7219596014423,2.7334448418951984,0.8834120730920558,0.8676700081050591,0.1570245002376603,12.34885068979317,1.5819453746114018,0.0545497300492034,1.9321792989410445,0.0,0.0,211.1057821390296,0.0,6.138937104326445,cal_final_2008-09-30
02015700,hbv_lite_cma,evaluation,0.565795,0.617577,0.008177,-0.171743,0.079945,13,explicit_euler_dt1,hbv,success,,27.65,0.6581,-2.0599639706729134,1.5445008324150975,0.0095429593556759,0.1829828885646511,405.875644716657,3.433186044813317,0.981675025116232,0.5307635440561271,0.1997622052994918,10.537717978388429,1.83165501813315,0.055758310193827,1.0883543639450175,0.0,0.0,265.04748735732085,0.0,7.141883046491883,cal_final_2008-09-30
02016000,hbv_lite_cma,evaluation,0.5761,0.668028,0.141491,-0.082477,1.049759,13,explicit_euler_dt1,hbv,success,,35.49,0.6976,-2.2300153337983986,0.8623449039314901,0.0721680445529449,0.0939269970233138,138.69562598695632,1.0000000370153437,0.2000045135141503,0.6560546899154693,0.1888960299859684,12.01566457004546,1.1908750326224185,0.0200717235488284,2.222211819894889,0.0,0.0,35.647862042483304,0.0,21.587654472598985,cal_final_2008-09-30
02017500,hbv_lite_cma,evaluation,0.659261,0.692337,-0.055789,-0.254495,1.118964,13,explicit_euler_dt1,hbv,success,,28.04,0.7438,-1.7299997923776842,1.606779150223448,0.0996395865553302,2.629606510821639e-09,378.2099163836121,3.711428255813963,0.9999999954277377,0.8999999969733172,0.2014898267324779,15.122875725741766,1.3551482236202783,0.0964435947949299,1.215065889796386,0.0,0.0,232.06610861463284,0.0,2.9145270239766323,cal_final_2008-09-30
02018000,hbv_lite_cma,evaluation,0.647084,0.684369,0.00879,-0.185366,0.624139,13,explicit_euler_dt1,hbv,success,,34.94,0.7344,-1.3300251006529074,1.4880741326554014,0.0885054908419365,0.0626146042531318,369.3489402555069,4.224352224515679,0.9999997169497356,0.7034933375045457,0.1799457898538584,11.442001189263,1.2236356999079088,0.0555132738893654,2.1707617740971106,0.0,0.0,242.3333523014913,0.0,4.964813481135852,cal_final_2008-09-30
02027000,hbv_lite_cma,evaluation,0.432754,0.714187,-0.06567,-0.153788,0.231457,13,explicit_euler_dt1,hbv,success,,27.75,0.5994,-1.970000048920965,0.5422513847881836,0.0112345201728837,2.8495324503347548e-08,206.64751599921905,4.763734442847037,0.9999999979864036,0.8999999939627067,0.2531010113192547,21.08570257695771,2.7349837565262067,0.0456576925024771,1.8655492409139884,0.0,0.0,158.97019294629547,0.0,9.853088210238178,cal_final_2008-09-30
02027500,hbv_lite_cma,evaluation,0.476456,0.535762,-0.15228,-0.283945,1.109449,13,explicit_euler_dt1,hbv,success,,27.74,0.6271,-1.869999979328532,0.5399324093107639,0.0733824424260033,3.922510424672887e-11,212.940467945151,2.6295951294151254,0.9999999998912996,0.8999999859089292,0.1586599193607128,25.475700904173976,1.6026511942029482,0.0540880561380442,1.0216812826634576,0.0,0.0,143.23075569646727,0.0,11.263260688328552,cal_final_2008-09-30
02028500,hbv_lite_cma,evaluation,0.577407,0.686904,0.080949,-0.140195,1.779712,13,explicit_euler_dt1,hbv,success,,27.6,0.6502,-0.9099999527601964,0.5156234743398416,0.0141296981905487,3.557039325315131e-09,361.0061708809548,5.999999918969799,0.9625469709108848,0.8999999994613723,0.2326569529093801,38.580958567441314,2.9514630582614,0.0227122105208262,1.2438948205756155,0.0,0.0,306.56165962510784,0.0,27.13631616446712,cal_final_2008-09-30
02038850,hbv_lite_cma,evaluation,0.417175,0.436057,0.116808,-0.182314,2.242925,13,explicit_euler_dt1,hbv,success,,27.49,0.6037,-0.3999657806730265,1.3862315813223096,0.0492690867074993,0.1999948346145746,477.3859894766214,1.509547294408254,0.3575535009179465,0.8999939079212709,0.3240895245126498,15.258517065259593,2.8828275297159096,0.0010000025250726,1.713654920085463,0.0,0.0,190.2781879112281,0.0,697.0827445511461,cal_final_2008-09-30
02046000,hbv_lite_cma,evaluation,0.572871,0.633778,0.248266,-0.093775,14.465257,13,explicit_euler_dt1,hbv,success,,32.35,0.6836,-2.499998486704642,2.974012219141508,0.0766638846043114,1.2870655264785257e-07,285.30811405364057,5.999999977222698,0.2000000261301348,0.8602380042607412,0.3803197446283192,25.02086997411946,2.7858644361536697,0.0077857605050632,2.8158426234491074,0.0,0.0,211.96229769085843,0.0,47.67660935835168,cal_final_2008-09-30
02051500,hbv_lite_cma,evaluation,0.623606,0.561612,0.155276,-0.174923,4.659596,13,explicit_euler_dt1,hbv,success,,39.79,0.6411,-1.6500030355306623,0.8275708471089802,0.0744394721312632,6.092997555224152e-10,504.69598802773953,1.6140801117055985,0.2000000004499622,0.66558728082434,0.4638982222046252,57.39321057752834,1.3141418319017195,0.0010000000003692,3.351381307380338,0.0,0.0,181.26790010568288,0.0,461.95882114498414,cal_final_2008-09-30
02053200,hbv_lite_cma,evaluation,0.683714,0.604994,0.093969,-0.159213,6.37517,13,explicit_euler_dt1,hbv,success,,82.16,0.6926,-1.4499879867296808,9.999999952611384,0.0057117301356346,0.1691083481720507,613.985029814644,5.999984446092876,0.6106411217528855,0.271299533016777,0.0931944101368564,3.2457084584901224,0.5026043348771608,0.1856871292452742,8.504121200908603,0.0,0.0,404.0645590994874,0.0,1.2157469715622804,cal_final_2008-09-30
02053800,hbv_lite_cma,evaluation,0.517567,0.650139,0.178046,-0.093061,2.13938,13,explicit_euler_dt1,hbv,success,,27.58,0.7396,-1.919992459885892,0.5853287836882544,0.0995252255858822,3.3724268452568894e-07,679.6106943794764,5.999989967120094,0.9126313896315156,0.8999999889228678,0.168863523554812,20.54739515943708,1.7511863382215416,0.0010000000416016,1.9397896795288965,0.0,0.0,500.1922150682012,0.0,708.0408321576977,cal_final_2008-09-30
02055100,hbv_lite_cma,evaluation,0.640901,0.684268,0.223194,-0.014386,0.961139,13,explicit_euler_dt1,hbv,success,,27.7,0.6811,0.1499914688644166,1.9306228765344609,0.0647462166079214,3.5186545354690494e-08,732.0995006516105,4.296016023298014,0.9999999979594936,0.8999999973837318,0.2028422279164106,11.050527306901264,3.249052214300981,0.0470812104616998,1.0026224169888929,0.0,0.0,519.9914698019754,0.0,10.570521463570111,cal_final_2008-09-30
02056900,hbv_lite_cma,evaluation,0.610452,0.639029,0.046345,-0.141319,0.295149,13,explicit_euler_dt1,hbv,success,,27.55,0.6444,-0.6999989704042098,2.128051741194474,0.000792370081191,0.1605563017542443,894.8507153198085,2.410796677836186,0.3837708753217504,0.7581487524631838,0.1410506477726215,13.57076026126142,2.397526122852759,0.0586563511215473,1.5606012473055009,0.0,0.0,391.9470620267233,0.0,7.167027568802965,cal_final_2008-09-30
02059500,hbv_lite_cma,evaluation,0.517668,0.49114,-0.081894,-0.272413,0.110033,13,explicit_euler_dt1,hbv,success,,27.6,0.6309,-0.9181044947626318,1.760849782706196,9.5867860882093e-06,0.199989058799938,744.8405589934515,1.26150265011568,0.2000730798200534,0.8999979953457793,0.2498037077637663,10.895267465103869,1.6081213653076802,0.0415411576621277,1.0036167588078144,0.0,0.0,129.54061305479706,0.0,5.365369846178487,cal_final_2008-09-30
02064000,hbv_lite_cma,evaluation,0.422341,0.402698,0.007039,-0.126723,0.137496,13,explicit_euler_dt1,hbv,success,,27.54,0.6395,-1.5299979403690984,1.1606435528650427,0.0648849905061011,0.199986366027385,741.8746937083539,2.282152866297675,0.5528825607014429,0.6270364862896372,0.274771775888686,11.89045277873497,1.73963342792856,0.0445039693101269,1.0709279892889818,0.0,0.0,346.9442820056115,0.0,8.559604026340192,cal_final_2008-09-30
02065500,hbv_lite_cma,evaluation,0.414021,0.394084,-0.048395,-0.277939,1.197754,13,explicit_euler_dt1,hbv,success,,35.49,0.5184,0.0199551323024889,7.503152438061784,0.0203728027326962,0.195866724396326,653.8067324341778,1.2738863734863457,0.2000000816017006,0.4217778439120385,0.1151529265409524,9.5933176163567,1.2550252106280686,0.0010000010944583,2.929798666691725,0.0,0.0,154.21714503008806,0.0,586.5750900469751,cal_final_2008-09-30
02069700,hbv_lite_cma,evaluation,0.602335,0.630488,-0.118429,-0.266109,0.084746,13,explicit_euler_dt1,hbv,success,,27.67,0.622,-1.9506006536161848,5.153878708715707,0.0547326275536594,0.1998098656691276,827.1801409012656,1.0500064666212994,0.2000001552194446,0.4892296301027278,0.1941074646586655,17.161148954254944,3.125869882733763,0.0300517610948911,1.09109954762496,0.0,0.0,196.1418598444388,0.0,21.074779537731818,cal_final_2008-09-30
02070000,hbv_lite_cma,evaluation,0.517989,0.677326,0.010918,-0.094144,0.090393,13,explicit_euler_dt1,hbv,success,,27.79,0.5741,0.5075366646653205,9.831756571130637,0.0095299986858829,1.913044518519183e-05,838.363928461066,1.0000000053702502,0.2332471828850015,0.8999999852340959,0.3410106843957733,16.20054968643272,2.7284505972954385,0.0428557434485936,1.821965727358852,0.0,0.0,204.4387913756304,0.0,16.244657533358865,cal_final_2008-09-30
02074500,hbv_lite_cma,evaluation,0.579585,0.520074,0.35691,0.020495,1.868094,13,explicit_euler_dt1,hbv,success,,27.75,0.5187,-1.4848397423172268,0.5000056983526785,0.0115295474071682,0.1901621332991374,548.8939477958379,4.141937771298842,0.9195654218338014,0.8999999630936465,0.319493145701379,11.726147063787591,3.4497904170080944,0.0010000004694402,1.8803180946687388,0.0,0.0,433.1229322636448,0.0,873.847975690632,cal_final_2008-09-30
02077200,hbv_lite_cma,evaluation,0.289633,0.208634,0.448784,-0.024238,37.759645,13,explicit_euler_dt1,hbv,success,,27.62,0.6007,-2.299858302944753,6.703819088231468,0.0802125630908946,0.1158753392567062,300.0413760210424,3.106317636242575,0.6835477275326938,0.6043445308572405,0.1435394271500375,11.199036985450569,1.2509083720299643,0.0010000000000142,1.427402492714606,0.0,0.0,246.40739599420732,6.067760346901637,590.7408684309469,cal_final_2008-09-30
02081500,hbv_lite_cma,evaluation,0.58835,0.350052,0.498541,-0.03665,38.399833,13,explicit_euler_dt1,hbv,success,,33.18,0.636,-2.499999974339019,9.999999001789902,0.0853823978499963,2.2067170349387947e-06,391.396794406984,2.4890575401037465,0.6613977405823599,0.6048276031647601,0.0921529013908796,8.30269586830122,0.8822185573775915,0.0010000001593296,2.068665383252389,0.0,0.0,295.3822910990487,7.174664326695503,537.6978836711573,cal_final_2008-09-30
02082950,hbv_lite_cma,evaluation,0.486248,0.403823,0.101523,-0.180553,2.968298,13,explicit_euler_dt1,hbv,success,,43.8,0.6242,-1.3399999942597898,9.999999597770747,0.0324451613156605,1.6926528693108839e-10,680.833772585424,2.807593855397598,0.4761493150087843,0.4110293831636578,0.3705118239903892,32.13295795432004,1.5391546744350713,0.0979530382440815,3.495795580886406,0.0,0.0,357.5873207380768,0.0,5.100953723805154,cal_final_2008-09-30
02092500,hbv_lite_cma,evaluation,0.773171,0.581019,0.407026,0.031641,18.651973,13,explicit_euler_dt1,hbv,success,,56.11,0.783,1.2933163647015338,5.9459510654653975,3.409124859307548e-05,0.0307291248123586,183.4283260754816,5.9999833881610325,0.200005506953546,0.2651049119587457,0.1332916599010833,32.25796224675052,1.738697975139667,0.0010000032789593,4.031769799991484,0.0,0.0,166.89250500555667,4.3887292079412585,630.5054711213373,cal_final_2008-09-30
02096846,hbv_lite_cma,evaluation,0.554882,0.368843,0.502131,-0.078188,64.960874,13,explicit_euler_dt1,hbv,success,,27.33,0.57,-2.009501157981044,7.702506612230069,0.0451608541687773,0.1392061442310211,602.9591980260079,4.187561309918968,0.7723680481802131,0.8417329591822803,0.1268916680616184,8.412705791554506,1.6099239249609552,0.00100000148445,1.993601296231448,0.0,0.0,499.0737128170762,1.9847878546849456,670.6667399876167,cal_final_2008-09-30
02102908,hbv_lite_cma,evaluation,0.481573,0.64079,-0.089187,-0.226266,0.417434,13,explicit_euler_dt1,hbv,success,,27.77,0.5725,-0.7833935842237016,1.0085671800893952,0.087018546166626,0.1999224952900757,830.8846252931661,1.0000013272713817,0.459937875462549,0.8999995354038866,0.1991417721492193,24.419540413672813,2.893204718360729,0.0046980024784145,1.0679604862476229,0.0,0.0,365.4822635400516,0.0,229.10058438401728,cal_final_2008-09-30
02108000,hbv_lite_cma,evaluation,0.843453,0.707433,0.216306,-0.019975,4.35062,13,explicit_euler_dt1,hbv,success,,79.88,0.7035,-0.4882553654351054,9.765232342553633,0.0889201520472885,0.0975365333586154,510.8801794156823,2.206505277610264,0.2000067587854393,0.7907827333810179,0.3179511310657951,64.63070367339205,1.7654223752865552,0.1038352156691632,8.828053906924637,0.0,0.0,342.9942029123824,0.9035902069391636,10.725941010922822,cal_final_2008-09-30
02111180,hbv_lite_cma,evaluation,0.575526,0.575978,-0.016545,-0.166489,0.274934,13,explicit_euler_dt1,hbv,success,,27.83,0.6879,-1.1651201377818068,6.063269109069599,0.0766236983048884,0.0038928438712077,455.6975213461532,1.000089696798634,0.2951240371424404,0.8999991222803335,0.1803215468705047,24.158051445398883,2.360697756729226,0.033110331554995,1.489183419692716,0.0,0.0,217.71319283988348,1.80374141138082,36.55670658107128,cal_final_2008-09-30
02111500,hbv_lite_cma,evaluation,0.501843,0.599977,0.027834,-0.100525,0.241445,13,explicit_euler_dt1,hbv,success,,27.86,0.6595,-2.4999999994382787,3.8537683625497854,0.0779110655234986,1.1332039823833824e-10,871.2296521909745,1.0718201435238892,0.2706999773452106,0.3897024262956542,0.3333216478048391,71.4835899030764,4.118797096038743,0.0292782927590555,1.726771521889939,0.0,0.0,267.5939665024601,0.0,29.050670849762607,cal_final_2008-09-30
02112120,hbv_lite_cma,evaluation,0.505961,0.561227,0.058949,-0.131311,0.277653,13,explicit_euler_dt1,hbv,success,,26.97,0.5018,-0.3799935560466156,7.342691083731845,0.0897437887220528,1.6579064523133937e-06,999.9996247967435,2.313160967864987,0.5395679446784218,0.1347510695520865,0.267970326420501,61.9450576989037,4.894906067002973,0.0249274585687249,1.0030425170562125,0.0,0.0,585.1156410775244,0.0,41.77530668933993,cal_final_2008-09-30
02112360,hbv_lite_cma,evaluation,0.584325,0.696557,-0.040684,-0.158451,0.078287,13,explicit_euler_dt1,hbv,success,,25.9,0.5731,-2.4999994300465453,5.141740575851955,0.0084665197476673,0.0496983475657381,948.5010823778658,1.0000000000001026,0.2666539171164834,0.6793010057874448,0.3356993736797437,30.461241410336086,5.1890173835528985,0.0293859116265432,1.0098066339047216,0.0,0.0,286.53118887912893,0.0,37.04837898776217,cal_final_2008-09-30
02118500,hbv_lite_cma,evaluation,0.571181,0.559597,-0.055533,-0.285634,1.077648,13,explicit_euler_dt1,hbv,success,,27.56,0.5227,-0.7248651795098842,1.548462071100975,0.069624797570515,1.3850642390866224e-05,991.1515511283416,1.000001376410108,0.2307926006561825,0.5814360822316298,0.1417476248304839,9.170043996156032,1.235900330479187,0.0022421570983309,1.9878729767046943,0.0,0.0,250.63347171250007,1.471617232833355,259.86667520410225,cal_final_2008-09-30
02125000,hbv_lite_cma,evaluation,0.527721,0.557661,0.245893,-0.117914,51.049664,13,explicit_euler_dt1,hbv,success,,27.37,0.5837,-1.912333529677456,0.9452768352909816,0.0811632964486395,0.0063488256638096,197.2720356472805,4.662757663718676,0.6306494921953867,0.8999999052052765,0.169865655926982,8.123896054861616,1.6992796532900378,0.0118235621326088,1.005732904593556,0.0,0.0,176.5321434983187,3.3969119298923194,55.30911676589955,cal_final_2008-09-30
02128000,hbv_lite_cma,evaluation,0.484226,0.373296,0.357121,-0.103136,8.622356,13,explicit_euler_dt1,hbv,success,,27.5,0.6107,-1.6805832826054925,9.736895243821518,0.0169272887886537,0.0361967181407173,423.22779499626375,2.6390101789683875,0.8455626145602972,0.8999999999175333,0.1708800978724494,11.778734388125228,1.5250027682562246,0.0010000000005929,1.146596576420782,0.0,0.0,316.2035646102185,3.919645408423987,710.9828171052447,cal_final_2008-09-30
02137727,hbv_lite_cma,evaluation,0.653488,0.761474,0.057527,-0.145186,0.587428,13,explicit_euler_dt1,hbv,success,,27.53,0.736,-1.414803987404582,0.5000022495631931,0.0775355990697241,0.1999980057578995,111.60248681944016,1.2841214869138555,0.2000000156260434,0.8999999864053034,0.4999997259753351,34.68990223760006,9.813932756185146,0.0118952712365525,1.0471814749779471,0.0,0.0,73.1368568759017,0.0,104.08681941084552,cal_final_2008-09-30
02140991,hbv_lite_cma,evaluation,0.705523,0.704863,0.12366,-0.013417,0.769459,13,explicit_euler_dt1,hbv,success,,27.63,0.7036,-2.400017967601649,8.627883096034681,0.0300539167263124,0.1425914339842537,385.5153581836048,4.380356171904319,0.9831676477556364,0.8225215569185569,0.1628363435491379,26.48205266803497,2.911415017871044,0.009680935239079,1.075738239127226,0.0,0.0,349.1569727034604,3.755634687114181,118.59713681591768,cal_final_2008-09-30
02143000,hbv_lite_cma,evaluation,0.580248,0.740469,0.049017,-0.126362,0.488978,13,explicit_euler_dt1,hbv,success,,27.64,0.7015,0.2829106123122042,0.690936075129744,0.0135329826274883,0.0012976286210706,251.9416660977386,5.52038837425139,0.9377855336014322,0.8997284905892641,0.2577513195887118,22.42558856054876,5.3628811173509146,0.0079263872145874,1.9844335668055355,0.0,0.0,211.4553222499907,0.0,75.10323607710501,cal_final_2008-09-30
02143040,hbv_lite_cma,evaluation,0.571419,0.763537,0.019447,-0.073191,0.361863,13,explicit_euler_dt1,hbv,success,,27.52,0.6935,0.2100364938948109,0.6388125776963851,0.0706284425996799,9.525296590317236e-08,328.271813349785,2.634597391278781,0.9496832378048924,0.8773037274310135,0.2945431157897903,17.879909984782792,3.154665024554429,0.0218373779528514,1.3959842798473463,0.0,0.0,238.95684032361572,0.0,41.4602254475466,cal_final_2008-09-30
02149000,hbv_lite_cma,evaluation,0.645889,0.822897,-0.025019,-0.087824,0.296491,13,explicit_euler_dt1,hbv,success,,27.18,0.722,-2.409985630080751,4.716789798856236,0.0966879903496594,0.0061411381204631,999.999999999715,2.081401547383013,0.8356964102063649,0.8105512885682128,0.1186547264054632,16.51800061828498,1.675355910572116,0.016705808094271,1.218504997293788,0.0,0.0,582.23451797671,2.669261331718128,40.26240186301752,cal_final_2008-09-30
02152100,hbv_lite_cma,evaluation,0.508617,0.693076,0.206734,0.014486,0.720457,13,explicit_euler_dt1,hbv,success,,27.49,0.591,0.290000475124319,0.7174848092544519,0.0398609824166594,1.2888433540743473e-08,524.6372586039195,5.9999999968541,0.9228698001055256,0.8999999960518912,0.330687469948655,26.37609736031116,4.874859022878002,0.0072288054422292,1.1165964185719277,0.0,0.0,413.922275465802,0.0,69.91125447221899,cal_final_2008-09-30
02177000,hbv_lite_cma,evaluation,0.770736,0.865486,-0.009087,-0.095341,0.192107,13,explicit_euler_dt1,hbv,success,,27.64,0.7008,-0.9196068798173018,9.997955349541508,5.403704092445306e-05,0.0303717687252875,794.0579286789587,1.2420479103225943,0.3144302601805966,0.5422989188178101,0.1266549813044141,39.25457390371743,5.575531329285063,0.0398937231966822,1.999078297424981,0.0,0.0,308.4777746174131,0.0,19.274449767350383,cal_final_2008-09-30
02178400,hbv_lite_cma,evaluation,0.731879,0.840081,0.09635,-0.0099,0.403273,13,explicit_euler_dt1,hbv,success,,27.69,0.7809,-2.4699941635582414,4.621562026070935,0.0345885707562319,0.0025092661793636,999.9999740463996,2.2534991424381925,0.5709030818744131,0.8335012919453396,0.1359786246448531,42.370298996453485,5.660991526199517,0.0299663340988304,1.9324613251451528,0.0,0.0,617.1518199357411,0.0,32.03873815023637,cal_final_2008-09-30
02193340,hbv_lite_cma,evaluation,0.496655,0.449659,0.395292,0.021252,4.784126,13,explicit_euler_dt1,hbv,success,,27.56,0.5884,-1.0300134880544862,0.7290801869730178,0.0187131021961018,0.0906248019463603,540.9083636853684,2.369839376526642,0.6172834055984471,0.7090770302398413,0.2073954855910023,6.962577777011203,1.7238947591817548,0.0010000000002287,1.062951295233795,0.0,0.0,243.1706650200352,0.0,512.785895980296,cal_final_2008-09-30
02196000,hbv_lite_cma,evaluation,0.554819,0.521184,0.281948,-0.158737,17.118038,13,explicit_euler_dt1,hbv,success,,35.55,0.5573,-0.3869516813540969,9.883356283051596,0.0823063069413279,0.1368358112052991,428.3551722756045,3.116373966693294,0.3101435859705284,0.5852032450292112,0.4504889579171591,65.90083244483333,2.320549414126147,0.0010000000009034,2.9390799904831315,0.0,0.0,102.41116328079671,0.0,408.8813211674345,cal_final_2008-09-30
02198100,hbv_lite_cma,evaluation,0.48073,0.464345,0.018964,-0.291942,4.260711,13,explicit_euler_dt1,hbv,success,,34.96,0.647,-0.5110656154150861,7.185493561518399,0.0497026575896967,0.1999563428951626,468.798586250729,4.80809625062029,0.5088468764972401,0.7719898185823543,0.0907933010551844,25.513351307820404,1.4148171248787271,0.0010000000000032,2.7831057711570883,0.0,0.0,254.20619394211644,0.0,445.0388803074884,cal_final_2008-09-30
02202600,hbv_lite_cma,evaluation,0.617797,0.673359,0.118951,-0.231606,114.250407,13,explicit_euler_dt1,hbv,success,,54.61,0.7186,1.6982780187697522,6.357786105846201,0.0294693651627446,0.1934738689662716,328.9266434574689,5.068534099926385,0.2035011424996677,0.3420978486190417,0.3080336347530249,6.498796068405982,2.2244976519930244,0.001112880608499,7.1801858487719326,0.0,0.0,76.82321121483723,0.0,284.48511704673814,cal_final_2008-09-30
02212600,hbv_lite_cma,evaluation,0.630504,0.531485,0.328071,-0.140677,12.975818,13,explicit_euler_dt1,hbv,success,,27.61,0.6213,1.3610285436664773,1.0601496996055635,0.0374224533028396,0.1997539063794947,586.9100304513821,2.592957441997472,0.664250972486423,0.7541347329656785,0.2253106293516069,7.890519874850249,2.218942559525635,0.001000000005902,1.827567020533652,0.0,0.0,287.68393836948053,0.0,642.4939041363696,cal_final_2008-09-30
02215100,hbv_lite_cma,evaluation,0.597775,0.685337,0.113471,-0.237053,7.051122,13,explicit_euler_dt1,hbv,success,,35.59,0.7461,2.100379054304841,5.1884101079830565,0.0505908602535692,0.0483943398555374,249.185414797161,5.9987681545558695,0.4578132584415357,0.587923575134033,0.1310979204263561,35.46636784493275,2.643381216986584,0.0010000005621324,2.422271968532331,0.0,0.0,88.74832753503806,0.0,528.527497613531,cal_final_2008-09-30
02216180,hbv_lite_cma,evaluation,0.680072,0.650162,-0.12462,-0.245636,,13,explicit_euler_dt1,hbv,success,,34.78,0.7536,1.304511228056426,1.527355910007079,0.0997968487936487,0.198620039895094,481.9875847630071,5.451777400570076,0.5764559830556626,0.3172044072145218,0.2521025954974892,19.074616521101635,2.1766547385921453,0.0868743187242565,2.190740907917242,0.0,0.0,219.85626984865,0.0,0.2505083730357778,cal_final_2008-09-30
02221525,hbv_lite_cma,evaluation,0.724059,0.71436,0.084819,-0.223108,3.432437,13,explicit_euler_dt1,hbv,success,,27.43,0.5732,0.7899809125941855,4.142933783152845,0.0961671477710536,0.1999996016219457,496.3614277023167,2.0295480368619807,0.2000000236712355,0.141269575725179,0.4119065423015287,98.1832525863704,3.348877100338913,0.0010000000000451,1.0058936390598896,0.0,0.0,98.59201961248746,0.0,524.5672666022679,cal_final_2008-09-30
02231000,hbv_lite_cma,evaluation,0.745474,0.685228,0.190784,-0.145796,8.402895,13,explicit_euler_dt1,hbv,success,,59.2,0.8704,-2.0729403092158054,9.98532844614535,0.0621733635706036,0.179792267871267,411.6580177842629,5.999999999996544,0.2000000000000007,0.236882360305129,0.0896002936681336,59.6921564510411,1.1608754888782709,0.0010000000000001,5.214681799181731,0.0,0.0,314.0284889586614,0.0,464.50034721488913,cal_final_2008-09-30
02245500,hbv_lite_cma,evaluation,0.447314,0.445962,0.270914,-0.228285,4.173284,13,explicit_euler_dt1,hbv,success,,32.03,0.708,-2.0467800521275654,0.7228645908098197,0.0129442132354608,0.1538338294689555,557.4809667077835,5.999999999955776,0.2000000000206617,0.5815913138156341,0.1278531226768248,41.26761860127243,2.13304056257548,0.0010000000000018,2.175423733882593,0.0,0.0,478.2960278204014,0.0,667.8104157511884,cal_final_2008-09-30
02246000,hbv_lite_cma,evaluation,0.648953,0.632863,0.17607,-0.248457,5.476392,13,explicit_euler_dt1,hbv,success,,43.66,0.7244,0.3248233205718449,2.543537444936218,0.098685530814428,0.1524211661582102,285.0404550244933,5.999999997978932,0.2000000003397744,0.3610245197157265,0.1152945449076406,32.337748388356935,2.806290735040866,0.0010000000034898,3.298865018253356,0.0,0.0,209.15828852712303,0.0,725.9328189650449,cal_final_2008-09-30
02296500,hbv_lite_cma,evaluation,0.691237,0.577843,0.38742,0.203528,1.429375,13,explicit_euler_dt1,hbv,success,,80.81,0.9166,-0.2853271367489545,9.27204252676449,0.0278908128029535,0.1967928380859376,344.2888095777159,4.880344967810622,0.2000000021482008,0.8999999965047204,0.2115233645802847,77.84704186127841,1.3178540754201515,0.1378250489964773,8.23035139412018,0.0,0.0,278.4426495872506,2.6093882222166083,5.801194259194318,cal_final_2008-09-30
02297155,hbv_lite_cma,evaluation,0.471146,0.464866,0.320661,-0.376006,54.321723,13,explicit_euler_dt1,hbv,success,,33.84,0.6314,-2.2391086010218904,8.5293822849,0.0193760037159085,0.0543089686528683,574.7194236821525,3.629689771858726,0.2000000000000823,0.8999999998835974,0.1741766908380058,44.05840081831378,3.272050762773452,0.0010000000000234,1.115670888454606,0.0,0.0,447.1955659504294,0.0,915.7701194052414,cal_final_2008-09-30
02297310,hbv_lite_cma,evaluation,0.713833,0.770209,0.109812,-0.113502,3.970577,13,explicit_euler_dt1,hbv,success,,67.89,0.7599,1.820843974204644,0.7168368218730048,0.0899582505968809,0.1144273329418471,267.1142770749896,5.999999999027381,0.2000000000168612,0.3913451232407788,0.2415238131319015,42.12666511568438,2.081495201974439,0.0337273178168823,6.510979682895999,0.0,0.0,213.7580332718545,0.0,35.66825107923676,cal_final_2008-09-30
02298123,hbv_lite_cma,evaluation,0.696213,0.70529,0.11532,-0.157985,3.588644,13,explicit_euler_dt1,hbv,success,,54.69,0.8212,2.29211585495086,4.025848912365488,0.0897543075711287,0.0523299717788626,571.0417065456031,5.999999999997399,0.8726296244217033,0.0500000000602805,0.1479374719031677,99.99999999424068,0.5509777091507819,0.0030802330713848,6.247568669689465,0.0,0.0,493.4771758732423,7.580147071818509,108.93223108751468,cal_final_2008-09-30
02298608,hbv_lite_cma,evaluation,0.742393,0.725611,-0.025043,-0.242527,5.113626,13,explicit_euler_dt1,hbv,success,,52.32,0.7431,2.1895650889223264,6.966840673654761,0.0705869839531404,0.1383998842125018,219.3547302757966,5.999999995605223,0.7521799119107668,0.4058197001367059,0.2037322714709512,37.118258712738864,1.3280685044066032,0.0051680236984833,4.878005116313846,0.0,0.0,165.58106060307964,0.0,139.25750585850932,cal_final_2008-09-30
02299950,hbv_lite_cma,evaluation,0.630499,0.673321,0.138166,-0.317303,10.234675,13,explicit_euler_dt1,hbv,success,,27.84,0.7525,-1.437248769676832,4.972377375235847,0.0858406562964896,0.0392531109891755,311.2607876041822,5.999999999852431,0.7495003676263188,0.5724246362019071,0.2509761442390197,38.85488216081507,3.936179149439516,0.0010000000000446,1.697573168471363,0.0,0.0,251.47419704244163,0.0,990.7981104995772,cal_final_2008-09-30
02300700,hbv_lite_cma,evaluation,0.578833,0.500605,-0.242746,-0.283349,-0.113094,13,explicit_euler_dt1,hbv,success,,35.34,0.5718,-1.898954795015728,0.5096558329000077,0.0365321614636166,0.1104217409671983,373.91476306775377,4.7533973212127645,0.6916790431957724,0.4931801021534177,0.499999998769966,34.59502683954045,0.7538366314158285,0.1999997789954863,2.714607290079842,0.0,0.0,257.8673043522951,0.0709644921169943,1.3342653186694429,cal_final_2008-09-30
02342933,hbv_lite_cma,evaluation,0.590336,0.623359,0.209556,-0.063474,15.887546,13,explicit_euler_dt1,hbv,success,,27.58,0.5672,2.0697128074246587,6.6140108460291405,0.045992315341789,0.073984427611464,609.5452810987927,4.737224516507103,0.562355685595759,0.8999560769526017,0.4821920787669154,27.379313172956376,1.6577335489328482,0.0010000004637134,1.377714522722414,0.0,0.0,423.89556827051706,0.0,441.5335818237039,cal_final_2008-09-30
02349900,hbv_lite_cma,evaluation,0.613191,0.616262,0.254118,-0.206136,8.033669,13,explicit_euler_dt1,hbv,success,,27.58,0.7936,1.1303999782824432,9.183803298420736,0.032854026792444,0.0716989356180409,483.0025643556162,5.527602592482458,0.8164106511773535,0.704088365487266,0.1820824960483488,25.881847055303787,3.131181888252001,0.0010000000001795,1.416771321980303,0.0,0.0,302.8805185728685,0.0,641.7723635255593,cal_final_2008-09-30
02350900,hbv_lite_cma,evaluation,0.675336,0.667048,0.02362,-0.162376,1.953128,13,explicit_euler_dt1,hbv,success,,56.43,0.6841,1.499999943322674,1.7434319848637665,0.0874129666920226,3.684858471738765e-05,810.7678182147182,1.2422113339243936,0.2000000003296399,0.0706187596392898,0.3336074502461451,85.19255101927612,1.9080791658875256,0.0010000000001721,9.913478344308542,0.0,0.0,196.9602995766193,0.0,592.8405826103001,cal_final_2008-09-30
02361000,hbv_lite_cma,evaluation,0.642316,0.58222,0.019772,-0.12812,0.620769,13,explicit_euler_dt1,hbv,success,,45.21,0.6991,1.5700201509454983,4.866688648635541,0.0672416553701629,0.0818934225557269,575.7261425612851,1.494585831027002,0.2000000006758543,0.8999999833703407,0.3316907156558428,35.458287046556315,3.3370415000473788,0.0403205048169076,4.165860567277325,0.0,0.0,205.2550154745812,0.0,11.750000293507393,cal_final_2008-09-30
02363000,hbv_lite_cma,evaluation,0.735617,0.709423,0.132601,-0.057813,7.14915,13,explicit_euler_dt1,hbv,success,,63.9,0.7416,2.499999999855936,1.6324408176261875,0.0024384463042675,0.1999870647036235,515.9182647330229,2.537779237236652,0.3738221812674708,0.8902949013775767,0.2689450665595519,78.49709205053661,1.7317946283732142,0.0010000000046997,5.816519571518234,0.0,0.0,275.4099562392302,0.0,571.8209821268086,cal_final_2008-09-30
02369800,hbv_lite_cma,evaluation,0.622892,0.537829,0.107873,-0.148279,1.443325,13,explicit_euler_dt1,hbv,success,,37.61,0.6272,1.0899702605656865,8.667980821746202,0.042800166583311,0.0062954685247981,999.9999684860122,3.3034508008788155,0.444222996549987,0.3539977100058722,0.123150900675777,27.549197932289182,1.9539326663374104,0.0010000000000651,2.2210705769573846,0.0,0.0,652.6274091353798,0.0,954.4147088115112,cal_final_2008-09-30
02371500,hbv_lite_cma,evaluation,0.791851,0.782098,0.141555,-0.031011,1.34587,13,explicit_euler_dt1,hbv,success,,62.44,0.7521,0.1065551468003924,9.998387674285238,0.0019104120235211,0.1480914950750082,555.1628600145116,2.193472478061752,0.3045542527675128,0.8488479130942739,0.1891803625231257,49.51465549969405,1.0723970655997117,0.0574501544694062,6.287599969545585,0.0,0.0,249.1168793045008,0.0,4.084787877672936,cal_final_2008-09-30
02372250,hbv_lite_cma,evaluation,0.69563,0.659541,0.146403,-0.024068,2.765926,13,explicit_euler_dt1,hbv,success,,61.34,0.7337,0.2686590644841073,1.3954603689147538,0.0818352017411285,0.188049761416053,451.26767392294295,2.4480956389117345,0.2000000250554333,0.3916077273684565,0.2119088748579023,38.4644962680426,1.1568678914904955,0.0036720390162643,5.426785017532328,0.0,0.0,209.402476133618,0.0,111.58811991810887,cal_final_2008-09-30
02374500,hbv_lite_cma,evaluation,0.707863,0.752131,0.205958,0.08795,0.870997,13,explicit_euler_dt1,hbv,success,,36.84,0.6917,1.949253397165874,3.1562918170791496,0.0585902947067464,0.0205907643748694,617.9963510107696,1.4367496596574407,0.2000000000173377,0.4529005471660369,0.1897186992945924,39.53878492179096,2.18796336655646,0.0036161232168829,2.115112377828283,0.0,0.0,209.2367218549168,0.0,238.09653661029745,cal_final_2008-09-30
02381600,hbv_lite_cma,evaluation,0.473653,0.418365,-0.325853,-0.435074,0.00572,13,explicit_euler_dt1,hbv,success,,27.86,0.48,0.6083954938752978,0.5596136978101967,0.0992053349777752,0.199992960269252,65.90446911020841,1.5095043696106232,0.9999970929285792,0.8999997523138865,0.2593673480283042,23.99007763896932,4.415607310115114,0.0207573096380209,1.9810488531074144,0.0,0.0,17.147907198588168,0.0,38.52907527425317,cal_final_2008-09-30
02384540,hbv_lite_cma,evaluation,0.587917,0.691298,0.068404,-0.184116,2.665889,13,explicit_euler_dt1,hbv,success,,27.86,0.6363,-2.4999943836098657,9.99999850945506,0.0846426258683561,0.1513171387099199,74.88225935703497,5.999999999982083,0.2000000000019084,0.5511333665063719,0.2129209651675412,34.559726292310586,4.438525048422276,0.0111293988354513,1.5051136728670895,0.0,0.0,8.521619467010867,0.0,49.29865523923401,cal_final_2008-09-30
02395120,hbv_lite_cma,evaluation,0.594947,0.627814,-0.179428,-0.25997,0.635456,13,explicit_euler_dt1,hbv,success,,27.57,0.6801,-1.0700139000814213,0.5000885162812952,0.033404003658203,0.0382323126111666,409.0311906119641,3.4039951450093406,0.2000000070460306,0.8197720746408019,0.1544119114044465,17.167167363468234,1.5591277595966968,0.0011056233331158,1.4207732204163506,0.0,0.0,103.72875038672814,0.0,442.59440070247257,cal_final_2008-09-30
02415000,hbv_lite_cma,evaluation,0.69185,0.684482,0.049285,-0.162191,1.527119,13,explicit_euler_dt1,hbv,success,,27.39,0.6949,0.5499718212958813,3.5121330070122507,0.0682554478268571,0.1289610977890899,771.9385938412894,2.03621799285091,0.5635791295120238,0.4698048909717679,0.20584923142466,10.978705781318226,3.2152414081408387,0.0453053155459785,1.2299218906458331,0.0,0.0,381.70787053325375,0.0,8.837924746504477,cal_final_2008-09-30
02427250,hbv_lite_cma,evaluation,0.724115,0.620081,0.331026,0.036182,4.153559,13,explicit_euler_dt1,hbv,success,,35.43,0.6793,-2.093575331941508,9.026971642982224,0.0621296587801335,0.1414620293774531,422.5207123730262,2.7878985595738666,0.4651417418816541,0.539372639819776,0.1332481111092835,10.51900982700109,1.4651875789830149,0.0010000136540766,2.1942054954194465,0.0,0.0,248.66255992906977,0.0,648.8595540628222,cal_final_2008-09-30
02430085,hbv_lite_cma,evaluation,0.615857,0.755917,-0.073618,-0.224134,1.05916,13,explicit_euler_dt1,hbv,success,,27.49,0.7226,0.6364257629697829,9.264062561416711,0.0308678261357234,0.1999764947823582,583.0819976247099,1.0000000007397998,0.2000000012097253,0.6815625525888707,0.1870735050355219,10.71811959597296,2.2741046978433106,0.0585445064943428,1.830454700109921,0.0,0.0,85.65085764094721,0.0,5.316108527800622,cal_final_2008-09-30
02450250,hbv_lite_cma,evaluation,0.707019,0.742984,0.135973,-0.030762,1.212363,13,explicit_euler_dt1,hbv,success,,27.43,0.744,2.0399870757948806,2.975303234263647,0.0356146171366656,0.1999998832467808,313.35885359490294,3.4056365914141,0.2000056828195869,0.8999511924960881,0.2790234822285144,17.371093792095436,1.4374758774269571,0.0719145171300005,1.9526687599974315,0.0,0.0,78.99931507350618,0.0,0.4091613216786151,cal_final_2008-09-30
02464000,hbv_lite_cma,evaluation,0.778047,0.725074,0.203509,-0.065652,9.555466,13,explicit_euler_dt1,hbv,success,,32.57,0.6945,-2.461049664375732,2.195086274378008,0.0567546962572528,0.1383705822535554,621.1467363294202,5.999999781035801,0.94725341172173,0.5044855326019042,0.1470924982540475,11.797314964431626,1.1796903472579072,0.0010000003724666,2.347398888515924,0.0,0.0,432.3027038175008,0.0,615.0279076258893,cal_final_2008-09-30
02464360,hbv_lite_cma,evaluation,0.686011,0.795262,0.070081,-0.063901,0.208742,13,explicit_euler_dt1,hbv,success,,25.21,0.5795,0.1612367424789473,9.9976620317329,0.0073818265027113,0.0046902688493225,757.1870396851815,3.564450045915149,0.7498273092604435,0.899999999191261,0.4310455669085851,34.78850690287732,3.5447664354189703,0.0648977438737811,1.5512126575105216,0.0,0.0,423.270361899792,0.0,2.7144366612792257,cal_final_2008-09-30
02465493,hbv_lite_cma,evaluation,0.66311,0.648679,0.187335,-0.056054,1.223456,13,explicit_euler_dt1,hbv,success,,27.96,0.5863,1.486461031632993,0.5000826954439653,0.0361299471694316,0.1997721524038514,673.8318321535387,1.330890247619211,0.2000007140197581,0.8999998945456894,0.1768077345520788,32.31443276826296,2.443936819629724,0.0010000012128562,1.002846381344096,0.0,0.0,141.4650387460124,0.0,800.8617855017629,cal_final_2008-09-30
02469800,hbv_lite_cma,evaluation,0.71364,0.750415,0.143025,-0.023911,1.192278,13,explicit_euler_dt1,hbv,success,,32.04,0.7135,1.599999886139237,2.7003145783406763,0.0239043193443094,3.1768746704291026e-11,563.8990813333579,3.396537664145997,0.5454681370087959,0.8999999999992457,0.3898000404074492,48.33447892290295,2.320865829844408,0.0910673333752988,2.4524777369922,0.0,0.0,312.1640132191597,0.0,1.4013459895655993,cal_final_2008-09-30
02472000,hbv_lite_cma,evaluation,0.729869,0.680274,0.203292,-0.031669,2.776379,13,explicit_euler_dt1,hbv,success,,52.59,0.7528,1.3056820215523186,0.5151478777472203,0.0296563460594365,0.1951426292932282,540.8511469445665,4.578852761144894,0.7415040878721779,0.2203002014827793,0.163834821588592,7.465612751744965,1.185980701564798,0.0010000076343494,4.015832818805566,0.0,0.0,420.0376693708034,0.0,561.0978099301541,cal_final_2008-09-30
02472500,hbv_lite_cma,evaluation,0.696726,0.672594,0.174381,-0.001928,0.939046,13,explicit_euler_dt1,hbv,success,,43.96,0.7583,2.445124463377663,1.1058961444594788,0.0749380410182072,1.0162230480164583e-06,418.2961163946086,2.022294596481908,0.2268445934453984,0.8999284968524095,0.3736211071041567,79.25540460549279,3.0304414436121574,0.0010000165169235,3.971651523748873,0.0,0.0,207.52106893945893,0.0,796.1740418630691,cal_final_2008-09-30
02479155,hbv_lite_cma,evaluation,0.602877,0.497994,0.297082,-0.143801,5.489247,13,explicit_euler_dt1,hbv,success,,27.77,0.6206,-1.765801316566016,6.422376516047649,0.0264499139114679,0.0267833765893543,999.9999999988916,5.415087160147404,0.980467190956404,0.6994493279446885,0.2217310304648225,25.06996439050123,2.468408515786473,0.0010000000000035,1.5857667208292094,0.0,0.0,839.3276528620513,0.0,1123.736386481287,cal_final_2008-09-30
02479300,hbv_lite_cma,evaluation,0.707637,0.723251,0.089836,-0.105681,1.354762,13,explicit_euler_dt1,hbv,success,,57.99,0.7361,-0.125466599348254,7.780670171193934,0.0225995453784123,0.0981078446910349,471.4607417326204,1.65926025004184,0.2000000000557153,0.2588190654141438,0.3246027432366354,41.11484079611873,1.7241089629142317,0.0010000000000873,5.575102192203088,0.0,0.0,234.6218568046509,0.0,803.9500499995426,cal_final_2008-09-30
02479560,hbv_lite_cma,evaluation,0.827607,0.795408,0.091242,-0.071241,1.893815,13,explicit_euler_dt1,hbv,success,,66.41,0.8197,-0.4786017588085274,9.921304287857629,0.0110284150290535,0.0250355316705986,348.0518751989377,1.2327222194041467,0.2000000000001665,0.8918687207441478,0.3694646413768039,91.86603838208092,1.8908339749819747,0.0010000000000025,6.143312938323563,0.0,0.0,141.78041143869387,0.0,813.3147387203559,cal_final_2008-09-30
02481000,hbv_lite_cma,evaluation,0.744185,0.666663,0.297508,0.027482,10.370078,13,explicit_euler_dt1,hbv,success,,27.53,0.7847,-1.8905207643406063,9.79077238302158,0.0657796024212586,0.1217974762996032,534.8388227879873,5.999999974896006,0.99999999998539,0.6161981351553036,0.4142734081803791,32.4703852912132,1.9657867110053715,0.0010000000001946,1.076003340258106,0.0,0.0,467.8036969893409,0.0,903.2790421078772,cal_final_2008-09-30
02481510,hbv_lite_cma,evaluation,0.706245,0.759563,0.135633,-0.083609,3.018801,13,explicit_euler_dt1,hbv,success,,38.17,0.7664,-1.6994725245089075,4.796649585367991,0.0506244095457126,0.0019091433841924,309.54180149850487,5.999999999910404,0.2000000000066347,0.2474554208073305,0.294357140602227,17.33709554743943,2.886174192069136,0.0047512954799792,2.9278868890311016,0.0,0.0,254.5646216066036,0.0,202.49004153521528,cal_final_2008-09-30
03010655,hbv_lite_cma,evaluation,0.595545,0.631056,-0.08252,-0.258046,1.990187,13,explicit_euler_dt1,hbv,success,,38.16,0.7485,-1.0200000651192522,2.9241816880879767,0.0999999965916133,0.1309378002140594,441.486164696376,5.999999768007677,0.9999999828960492,0.5311795547171946,0.4999999995534228,99.4850621156834,4.891151186728078,0.139137545231572,3.325745377516502,0.0,0.0,354.1586000778309,0.0,4.231782184084872,cal_final_2008-09-30
03011800,hbv_lite_cma,evaluation,0.649564,0.812158,0.027313,-0.06927,1.253892,13,explicit_euler_dt1,hbv,success,,27.68,0.728,-1.640000026121351,1.8589583739815887,0.0999999800118865,0.1448156555561029,320.8442479608389,4.1433730991778255,0.9999988901362544,0.6882793976009485,0.3077009827132198,21.66471687379166,3.902000954416419,0.1442606166863704,1.10847192514551,0.0,0.0,231.165835109926,0.0,2.3696516553193447,cal_final_2008-09-30
03015500,hbv_lite_cma,evaluation,0.718529,0.686483,-0.115631,-0.24575,0.789202,13,explicit_euler_dt1,hbv,success,,35.06,0.7598,-1.580000034261918,1.953220281810077,5.114997606471148e-09,0.1453278969646973,440.6194244089745,4.949677598781618,0.9999999885939042,0.651899926426241,0.3412137927467472,13.627947011699224,1.5652514302296014,0.1037960765481441,2.4586583844341567,0.0,0.0,340.07932730868373,0.6229913456904137,3.405880064873677,cal_final_2008-09-30
03021350,hbv_lite_cma,evaluation,0.574497,0.627096,-0.171445,-0.302824,1.719168,13,explicit_euler_dt1,hbv,success,,27.51,0.5797,-0.1899893439017344,3.385988238944809,0.013369300557154,0.0165337408804007,374.9121714476658,5.999994814142782,0.999999619295129,0.4915682842816741,0.451135238221607,8.789429997663447,0.3474880212878096,0.1541057637013804,1.5737589354403465,0.0,0.0,292.3123640074069,0.8418378772318954,0.7449021437406911,cal_final_2008-09-30
03026500,hbv_lite_cma,evaluation,0.548517,0.716346,0.13005,-0.056965,2.622028,13,explicit_euler_dt1,hbv,success,,28.38,0.7666,-1.6900017787719768,2.1157675778751,1.9936813214773807e-09,0.1982913716005506,421.0143288236089,5.26107645985959,0.9999999995364236,0.6000976302180695,0.3117622329777644,19.271444087355643,4.778432575866353,0.145439841483335,1.637570281594836,0.0,0.0,315.73973258716666,0.0,2.068330372654684,cal_final_2008-09-30
03028000,hbv_lite_cma,evaluation,0.651208,0.684977,-0.059109,-0.218987,1.038736,13,explicit_euler_dt1,hbv,success,,27.69,0.7411,-1.0700000110070915,3.279143299015092,0.0361540032020949,8.02828539088086e-12,321.95972205901705,3.826954831522672,0.999999999869515,0.6221177771019378,0.4042004584780331,94.35344355370891,7.149510309928812,0.154674520595547,1.1225287407323,0.0,0.0,224.49080172417223,0.0,2.041866283629197,cal_final_2008-09-30
03049000,hbv_lite_cma,evaluation,0.626542,0.674184,0.011903,-0.212328,1.388362,13,explicit_euler_dt1,hbv,success,,27.55,0.789,-2.4700008832897544,1.5366465189553993,0.0211080196390042,1.2571975194878509e-12,486.0313758888941,5.999999847022687,0.9487351897929316,0.6582663963387065,0.3108329770890707,19.074843721420912,2.7692752506952183,0.1443326203402357,1.4789875732533222,0.0,0.0,343.0817037086771,0.0,1.2455363950482106,cal_final_2008-09-30
03049800,hbv_lite_cma,evaluation,0.131561,0.446435,0.28761,-0.213239,8.925714,13,explicit_euler_dt1,hbv,success,,27.47,0.7189,-2.359995855399582,1.361313964382017,0.0094629442928498,5.999945940650528e-09,290.8629372392482,5.999974848424608,0.9999999798776792,0.8999999856051251,0.4999999433506665,7.356131416661377,3.555524496600033,0.0162518178457166,1.6574861538220458,0.0,0.0,203.2037774876612,0.0,23.750039905243327,cal_final_2008-09-30
03050000,hbv_lite_cma,evaluation,0.653291,0.629686,-0.035986,-0.231311,2.834493,13,explicit_euler_dt1,hbv,success,,27.65,0.6551,-2.3799644439007337,2.693115161562212,0.0514687897207314,2.103221962304172e-07,223.6107602215409,1.4966209691965888,0.200000008796503,0.4725141819921258,0.2427476675287336,12.645277630665396,0.551430948180275,0.1369221422001299,1.9985964487268533,0.0,0.0,37.125533808532246,0.0,0.5776426993422544,cal_final_2008-09-30
03069500,hbv_lite_cma,evaluation,0.663589,0.636024,-0.064089,-0.223818,1.778774,13,explicit_euler_dt1,hbv,success,,27.77,0.6817,-2.079999997504252,1.5242171792144457,0.0928633889914598,9.673997986774272e-11,222.29852992510416,2.1336897787928577,0.999999999985838,0.3701108116614176,0.2113975053768346,8.714790956731816,1.1132741176566705,0.177809946911825,1.9717788559606475,0.0,0.0,124.80711235177286,0.0,2.26489463513915,cal_final_2008-09-30
03070500,hbv_lite_cma,evaluation,0.718705,0.723587,-0.130264,-0.229379,0.86414,13,explicit_euler_dt1,hbv,success,,27.52,0.7243,-2.49992502275044,1.3069903105725968,0.0104381764968876,5.67763879225883e-07,189.37279190573005,1.5430468821150725,0.2000774142593204,0.8996851894383282,0.258140752421282,14.214482286297756,0.0687403423976332,0.0066831513039123,1.1025223469296517,0.0,0.0,53.4997546175027,0.216411497575277,9.683433136163508,cal_final_2008-09-30
03076600,hbv_lite_cma,evaluation,0.551291,0.629478,-0.190703,-0.288464,-0.023822,13,explicit_euler_dt1,hbv,success,,27.83,0.7132,-1.839999429298816,2.091393576965308,0.0108050471171812,9.02684748656769e-08,224.90758131924648,2.492223984150015,0.3729124585327527,0.1989733827455005,0.4999999971356013,86.81674452813087,3.7204000907002577,0.1997317785290805,1.5739758908941175,0.0,0.0,107.86302539996052,0.0,1.0188366596352725,cal_final_2008-09-30
03078000,hbv_lite_cma,evaluation,0.540553,0.619086,-0.19589,-0.270044,0.937434,13,explicit_euler_dt1,hbv,success,,27.65,0.7027,-1.889999952001271,2.3131531588358705,0.0558138358936007,1.930476984554044e-11,430.0407628763178,5.293034317279544,0.9999999992372262,0.069834450112949,0.499999989117568,96.13180587564052,3.3639728066566272,0.1999999443699719,1.087765080959985,0.0,0.0,349.02431230375936,0.0,3.250452338072595,cal_final_2008-09-30
03140000,hbv_lite_cma,evaluation,0.680955,0.661297,0.126576,-0.146902,4.671144,13,explicit_euler_dt1,hbv,success,,27.42,0.7133,-2.4199994192175778,1.3463748739548005,0.021805918708451,1.9431485550028e-08,649.792846752302,5.999940674179493,0.9147215769650316,0.5756516291952885,0.1739925797727341,7.812792474471583,1.116504449307286,0.0649769949506739,1.9207376631990305,0.0,0.0,458.0605856136372,0.0,2.8790743337971696,cal_final_2008-09-30
03144000,hbv_lite_cma,evaluation,0.658752,0.615117,0.092747,-0.147166,2.305412,13,explicit_euler_dt1,hbv,success,,23.82,0.6948,-2.499999972500653,1.2532905069154254,0.0903337003413635,1.5235802591264088e-10,414.22970353632,5.999999946625163,0.9132927936940928,0.4975670105753739,0.1376808516179939,10.274238269212152,0.6467336030395053,0.0223755722672888,1.239079616962818,0.0,0.0,257.44696529677867,0.0,8.048846630272598,cal_final_2008-09-30
03170000,hbv_lite_cma,evaluation,0.590056,0.670228,0.021536,-0.209744,1.076389,13,explicit_euler_dt1,hbv,success,,27.57,0.6946,-1.6499969394113514,2.0383285429704445,0.0337498129749847,0.1665162845362187,621.9127111908967,1.0772016521021532,0.2000004864341495,0.8999999643899937,0.1780798731259693,22.726084558124267,2.2960682593834147,0.0030392414885042,1.0702691075948492,0.0,0.0,121.1885633318591,0.0,213.1066911968728,cal_final_2008-09-30
03173000,hbv_lite_cma,evaluation,0.59513,0.607303,-0.023783,-0.183954,-0.038563,13,explicit_euler_dt1,hbv,success,,35.63,0.7097,-1.2999997090168125,3.09828868515868,0.0298246901283252,1.833471590809489e-09,611.6632919558933,5.439413715231014,0.8707738868288359,0.899999141708993,0.3713543958318185,30.5520601826076,2.611770787464839,0.1281395265792703,2.2016058891491674,0.0,0.0,430.74214786417735,0.0,2.298838651897875,cal_final_2008-09-30
03180500,hbv_lite_cma,evaluation,0.620341,0.630532,-0.002121,-0.193477,2.666578,13,explicit_euler_dt1,hbv,success,,35.13,0.7444,-2.429993830798952,1.4491263679297854,0.0744892910575335,1.302896046773098e-09,185.4414691174936,1.0594072931424376,0.2000003704132787,0.5756723858559161,0.2136648397615216,11.65058593270006,0.9601749242489244,0.1038311150660234,2.800223122552726,0.0,0.0,31.16965314507701,0.0,1.8420386124976769,cal_final_2008-09-30
03182500,hbv_lite_cma,evaluation,0.64375,0.650768,-0.006441,-0.194389,1.880621,13,explicit_euler_dt1,hbv,success,,35.19,0.7192,-2.4299999443306737,1.3580987870544308,0.0027019237635131,9.690032476156288e-10,189.91511614989048,1.162688572360784,0.2000000951136899,0.6690639981804406,0.2068384439010925,13.098933965180215,0.456019283207511,0.046345275680818,2.549691507532475,0.0,0.0,37.25783320617396,0.0,4.2975471580286175,cal_final_2008-09-30
03186500,hbv_lite_cma,evaluation,0.60197,0.654568,-0.135801,-0.27603,2.852495,13,explicit_euler_dt1,hbv,success,,26.39,0.6845,-2.5,0.889191369652551,0.0012604751985906,1.5484164533674778e-13,138.10144603811216,3.444471724949236,0.9999999999941722,0.8999999999936097,0.4110461631529228,16.215104335743725,2.4306181081960365,0.18319151598299,1.641504133812481,0.0,0.0,95.15248262998054,0.0,2.333040814283535,cal_final_2008-09-30
03237280,hbv_lite_cma,evaluation,0.426115,0.592551,0.086924,-0.229235,43.651248,13,explicit_euler_dt1,hbv,success,,27.55,0.5715,-1.759992870664574,9.99999899464109,0.0159111799742017,0.1999972264097734,616.6584798344413,5.999978786785103,0.999999831395691,0.8999999896871478,0.1804032909381297,12.448149621663616,0.0082816318297303,0.0924918272093727,1.9854549378932111,0.0,0.0,390.0472946829721,0.1646676211121521,0.081257434265086,cal_final_2008-09-30
03237500,hbv_lite_cma,evaluation,0.638911,0.582852,0.138723,-0.209953,20.824122,13,explicit_euler_dt1,hbv,success,,27.32,0.5671,-2.409999997130272,9.999999890188487,0.0150025301654097,1.0119526027501565e-07,509.7961776895257,5.045192151812144,0.9320246440248294,0.6272075924778123,0.2260989572108926,8.370198497654,0.6460069039412488,0.0345398691594284,1.899834146463465,0.0,0.0,311.09557271193245,0.0,4.617598011938463,cal_final_2008-09-30
03238500,hbv_lite_cma,evaluation,0.580698,0.584533,0.155913,-0.204063,26.333053,13,explicit_euler_dt1,hbv,success,,27.52,0.5725,-2.290000872213935,4.37525666958002,0.0166572391258734,5.927691060337334e-07,322.8001906631494,5.999998008804944,0.9999998890804344,0.6048323457668506,0.3437353070244445,6.303622917089744,0.5901635226402246,0.0083790082088069,1.9567279104044304,0.0,0.0,186.3663576065442,0.0,36.331616081879446,cal_final_2008-09-30
03241500,hbv_lite_cma,evaluation,0.770023,0.745359,0.163953,-0.071121,1.935181,13,explicit_euler_dt1,hbv,success,,27.47,0.7629,-2.499999991741677,2.0296890714343534,0.0994800403847307,7.516908039559147e-11,633.5154357750617,5.749148254310539,0.9648014148696752,0.5844094842074657,0.1750605518175816,9.192083201383902,0.8963191129073629,0.0803163292563518,1.0223223929412129,0.0,0.0,422.0797592622581,0.0,1.188679859314501,cal_final_2008-09-30
03280700,hbv_lite_cma,evaluation,0.455058,0.65477,0.164023,0.000668,0.947148,13,explicit_euler_dt1,hbv,success,,27.32,0.6268,-1.2100281772172048,2.209693228047481,0.0410356727037441,1.8861976121391482e-07,435.9404765120902,5.999999864996562,0.2000001778368459,0.7525381619950811,0.3056083783309447,10.658971082347511,1.0822532373117324,0.1524395919825736,1.346975539844875,0.0,0.0,199.6533242637257,0.0,0.0945504169063151,cal_final_2008-09-30
03281500,hbv_lite_cma,evaluation,0.646881,0.671777,0.173695,-0.09748,4.355738,13,explicit_euler_dt1,hbv,success,,35.55,0.744,-0.8410192146632647,1.8828560749805845,0.027631385832643,4.232000454246836e-07,623.6599099950449,5.999936091181789,0.9106308029792692,0.4608952343747945,0.1406290802348307,10.466829779345003,0.5403928974317387,0.0503732249781978,2.979194021095481,0.0,0.0,386.9954486182315,0.0,1.7116748315455463,cal_final_2008-09-30
03285000,hbv_lite_cma,evaluation,0.579467,0.592174,0.071616,-0.209567,8.729325,13,explicit_euler_dt1,hbv,success,,27.58,0.7124,-2.1140523701102456,3.14609543393504,0.0884561218637297,6.885768790494694e-06,562.0450019663164,5.999999967329705,0.9854592901262238,0.7399668293492023,0.1915526971185233,13.20475756629342,0.0365772478227159,0.1814309923007513,1.2309150889342368,0.0,0.0,325.23074261073987,0.0980520144598989,0.0703385422708331,cal_final_2008-09-30
03291780,hbv_lite_cma,evaluation,0.600377,0.552464,0.130647,-0.204432,85.328276,13,explicit_euler_dt1,hbv,success,,27.43,0.596,-2.39000886381986,1.6043905033879138,0.0999924452364866,0.0823794612103134,373.05922717627874,2.9686158174156665,0.8606868536849317,0.8999999207898596,0.4999991512899835,1.3263331341057644e-05,2.610122743746499,0.1110593661375312,1.1264498122385858,0.0,0.0,211.7231801764887,0.0,1.6019088219476836,cal_final_2008-09-30
03338780,hbv_lite_cma,evaluation,0.661748,0.58564,0.106335,-0.237805,4.509551,13,explicit_euler_dt1,hbv,success,,35.25,0.7137,-1.129962181415463,1.6776556284663564,5.130427976228509e-07,0.1703422080329041,236.22542784208667,5.99997887255977,0.9891048817390014,0.8999996651814157,0.3751475135061321,25.53039387086408,3.014220786478996,0.0508003701951361,2.8257874033883867,0.0,0.0,200.38597289448848,0.0,13.828941401645409,cal_final_2008-09-30
03340800,hbv_lite_cma,evaluation,0.676598,0.559381,0.319553,-0.000893,7.594061,13,explicit_euler_dt1,hbv,success,,30.15,0.7064,-1.0199999486605396,5.762098096977813,0.0222998260410324,5.685000155646176e-08,520.6785703512855,5.649902177087243,0.999999999999819,0.5882392553828144,0.1459947053306258,14.38143828615169,0.7258529388175237,0.0285014643239281,1.6158964638600009,0.0,0.0,376.0912812624498,0.0,11.325689236578675,cal_final_2008-09-30
03346000,hbv_lite_cma,evaluation,0.669516,0.668689,0.064778,-0.179393,25.4802,13,explicit_euler_dt1,hbv,success,,35.3,0.6824,-0.0700007435275615,3.424189322372325,0.0083651707994557,0.0160871686071397,248.48555450651696,5.999999998933612,0.2000000044999457,0.8999999998036184,0.4541134601472525,35.565305706547704,0.8902673785903334,0.0010000000110822,2.2391197445828483,0.0,0.0,152.9364930060864,0.0,332.3434216287338,cal_final_2008-09-30
03364500,hbv_lite_cma,evaluation,0.641021,0.692414,0.0473,-0.129197,10.002697,13,explicit_euler_dt1,hbv,success,,27.54,0.6514,-2.4998657924666285,0.9318224528246368,0.0001898079779747,3.5847096312937158e-09,186.4977034048492,5.999999930697844,0.2000000833360548,0.7154642297339404,0.2757925675637611,19.737044124118363,1.0345798794682477,0.0157378225727367,1.139552430325857,0.0,0.0,26.65358728770116,0.0,18.18847914967736,cal_final_2008-09-30
03366500,hbv_lite_cma,evaluation,0.66996,0.6206,0.113143,-0.182242,11.682218,13,explicit_euler_dt1,hbv,success,,27.34,0.7113,-2.470000157314703,1.9959385168129569,0.0668683082473276,1.1125985993897957e-08,541.2758833879356,5.999999229324812,0.8439731536655151,0.8999999995894193,0.3050654908799227,7.585028505020416,1.087486874963857,0.0564384962645676,1.665088156350497,0.0,0.0,360.4028908544173,0.0,2.532762296286782,cal_final_2008-09-30
03368000,hbv_lite_cma,evaluation,0.520028,0.463154,0.185034,-0.20433,55.594896,13,explicit_euler_dt1,hbv,success,,27.46,0.5687,-2.2900003885686058,2.0034905086651875,0.0315221416473903,0.0109801724798747,549.3157626426389,5.806574845977244,0.9999999857480948,0.89999999966037,0.4999999810590447,4.067379550097339e-05,1.8480290695093489,0.0423230527011103,1.0299937387374196,0.0,0.0,392.6837136975994,0.0,5.5461907039743865,cal_final_2008-09-30
03384450,hbv_lite_cma,evaluation,0.623614,0.598093,0.190379,-0.14029,32.385432,13,explicit_euler_dt1,hbv,success,,27.15,0.6775,-1.1800005844232255,4.404779712684452,0.0914989328427676,1.3550490283634041e-08,218.72239887147165,1.7200807464446577,0.2000000182518069,0.8999999998407837,0.4999999976669922,4.747267965689176,2.837604559558633,0.0954199221972907,1.3258570869561324,0.0,0.0,17.219995017770053,0.0,0.2217386940286907,cal_final_2008-09-30
03439000,hbv_lite_cma,evaluation,0.749089,0.772718,0.075973,-0.08486,0.559956,13,explicit_euler_dt1,hbv,success,,27.44,0.6672,-2.495703876676365,0.8108746982012361,0.0423795747490082,0.0004420477068867,458.6495588042647,1.006720500066949,0.2000979566582927,0.899989431424624,0.134373748489124,73.27172045634502,7.083584076018152,0.0152956535783919,1.043763219875084,0.0,0.0,159.43336347427265,0.0,76.9416292033419,cal_final_2008-09-30
03455500,hbv_lite_cma,evaluation,0.563931,0.664295,0.14153,-0.155112,1.685965,13,explicit_euler_dt1,hbv,success,,26.78,0.6979,-2.1099869444868453,0.9006952558262948,0.0083840804680828,2.386514803670246e-07,129.4528541489521,3.0363913383586456,0.2002591930126673,0.8999999579339494,0.2187344046189369,84.23370208711162,9.99999762360307,0.0092321464593866,1.38624822410747,0.0,0.0,80.21433409324732,0.0,150.49472612120397,cal_final_2008-09-30
03456500,hbv_lite_cma,evaluation,0.574397,0.716491,0.156594,-0.150988,2.562576,13,explicit_euler_dt1,hbv,success,,27.09,0.6908,-2.499999999999991,9.999999999989804,0.0433714492159089,1.7315227027825017e-12,207.41995737852267,5.999999999993991,0.2000000000000943,0.8999999999992653,0.1911495647370263,74.54516036197276,6.8696490999611495,0.0010000000000002,1.7616933106916934,0.0,0.0,164.36103215319517,0.0,2066.0285520834177,cal_final_2008-09-30
03460000,hbv_lite_cma,evaluation,0.669993,0.82619,0.062433,-0.046936,0.122368,13,explicit_euler_dt1,hbv,success,,27.8,0.7598,-1.9299995723971344,4.882382661811992,0.0142495580706033,2.475680032764029e-06,402.7690583572707,1.8512133623788385,0.2033173214607801,0.8999999970030506,0.1874594967918445,25.10923456895904,4.701611491753794,0.0600378194326799,1.2626733445231195,0.0,0.0,148.75403171119476,0.0,5.546206141250989,cal_final_2008-09-30
03463300,hbv_lite_cma,evaluation,0.724537,0.788994,-0.038873,-0.168885,0.553039,13,explicit_euler_dt1,hbv,success,,27.4,0.7857,-2.4000031783728635,1.4767180153974375,0.0405211520008213,0.0012356863627126,105.9893931465391,1.0000000004313987,0.9999999987340528,0.899999999938753,0.145011911380357,31.500561442589937,3.5718093728983744,0.0420687031683791,1.1569503242468675,0.0,0.0,81.67980332402627,10.4655650612329,45.02409763127827,cal_final_2008-09-30
03471500,hbv_lite_cma,evaluation,0.596354,0.727597,0.095077,-0.095131,0.356001,13,explicit_euler_dt1,hbv,success,,32.72,0.6519,-2.2300396298940264,1.048607283216291,0.0145436885514855,1.2141404040325805e-06,600.2364203080457,4.144678419933689,0.9170532127692448,0.899979555042673,0.1419744496775043,17.12839872357545,1.752105650042434,0.0432562801787513,2.102090059378982,0.0,0.0,439.511771436585,0.0,14.453615611533763,cal_final_2008-09-30
03473000,hbv_lite_cma,evaluation,0.691134,0.822968,0.075604,-0.061504,0.284462,13,explicit_euler_dt1,hbv,success,,35.84,0.7344,-2.359951060266554,0.8379846781762526,0.0872590807320146,4.568741717892441e-09,573.4413255750607,4.945145981760859,0.9391609618558758,0.7717004390328438,0.18371342581333,17.133451876716073,1.8880280590482763,0.0538789840176491,2.0236927377867064,0.0,0.0,422.87054938649806,0.0,8.82289073143896,cal_final_2008-09-30
03479000,hbv_lite_cma,evaluation,0.692576,0.679257,0.132602,-0.091577,0.992422,13,explicit_euler_dt1,hbv,success,,27.57,0.7077,-1.4109622487684683,0.5000028873108278,0.0022683822864111,2.455041644540084e-06,372.5830678164525,3.734569894460135,0.6706535780184377,0.8999999980279342,0.2041709094124986,40.65337010434303,3.478148386932654,0.0183725839704468,1.6108521470367403,0.0,0.0,313.7870994254081,0.0,65.45338086683539,cal_final_2008-09-30
03488000,hbv_lite_cma,evaluation,0.545029,0.694823,-0.108601,-0.236478,0.646127,13,explicit_euler_dt1,hbv,success,,30.06,0.6389,-0.8199988792264405,4.699377383667345,0.0676765548406647,3.102694365636196e-07,193.7119096669596,5.999999703484924,0.2000000832512752,0.619413528995502,0.2016641985597451,19.42066949338141,1.4283207530170206,0.0125195165756321,1.8539731861491804,0.0,0.0,65.20877834587228,0.0,13.336827465420155,cal_final_2008-09-30
03498500,hbv_lite_cma,evaluation,0.762585,0.81597,0.121324,-0.006253,0.445225,13,explicit_euler_dt1,hbv,success,,27.37,0.8059,-2.4781417613201686,5.5232517394814415,0.0592672704137201,0.1186504227996548,241.7280613371429,1.4057338952819882,0.2008153575519961,0.899999878997539,0.2266710590909375,18.50438997289664,2.05396854150446,0.0607576401054504,1.8436566298163064,0.0,0.0,43.2796403555912,0.0,3.726037921158893,cal_final_2008-09-30
03500000,hbv_lite_cma,evaluation,0.71013,0.763126,0.208688,0.062963,0.527723,13,explicit_euler_dt1,hbv,success,,27.83,0.7016,-1.6100164009103946,9.972440933081492,0.0377502816289174,0.0840079333900995,999.9999989877056,2.8416645775910903,0.2000037319130913,0.5050588662378991,0.132981869279385,49.43480837226,6.904480180527891,0.0279450671362929,1.6477894203909735,0.0,0.0,638.7238091292264,0.0,29.89193564643204,cal_final_2008-09-30
03500240,hbv_lite_cma,evaluation,0.686588,0.75264,0.210445,0.020206,0.658625,13,explicit_euler_dt1,hbv,success,,27.77,0.5871,-2.499999531649989,4.913598950515156,0.0426033693802017,1.993760405157738e-08,999.9999995681566,1.7884197968032551,0.2823286556816577,0.5245825480263852,0.1696681978171198,36.24954320324341,6.244735995847904,0.0326646560376728,1.16934271217013,0.0,0.0,513.13459649,0.0,25.524791446461176,cal_final_2008-09-30
03504000,hbv_lite_cma,evaluation,0.760389,0.873097,0.03775,-0.028609,0.214019,13,explicit_euler_dt1,hbv,success,,28.08,0.7682,-2.489999804453481,9.999994549071856,0.0694635208701761,1.3007525361485205e-07,606.24683039535,1.3165673602855004,0.3462374215552596,0.899999997124576,0.178111816085587,70.52370497312506,8.827203866839943,0.0414318328959847,1.2012658669792986,0.0,0.0,245.858965707654,0.0,18.57328129686553,cal_final_2008-09-30
03574500,hbv_lite_cma,evaluation,0.662876,0.638163,-0.09671,-0.175193,-0.445629,13,explicit_euler_dt1,hbv,success,,41.62,0.728,-1.0699907900053258,9.999638823401291,0.0999835073976883,0.1040072483186316,273.570635869453,5.99999994423492,0.2000000000948952,0.4762587493682128,0.2093962915418313,5.5706208187567965,1.177861241327693,0.1564063353480175,3.0115198323092294,0.0,0.0,69.5116459582704,0.0,0.0048440411372328,cal_final_2008-09-30
03592718,hbv_lite_cma,evaluation,0.443644,0.468721,0.467686,0.071233,4.846775,13,explicit_euler_dt1,hbv,success,,27.41,0.6743,-0.9746117214931882,7.113269304708444,0.0157768352153572,0.0386393556711389,700.1726740359443,3.0650542757493784,0.876595592996182,0.8056628880487017,0.1483896147474786,16.312594869395262,2.114506536786928,0.0010000004318846,1.484924235681061,0.0,0.0,453.1521875169959,0.0,989.938228937121,cal_final_2008-09-30
03604000,hbv_lite_cma,evaluation,0.605736,0.578552,0.16782,-0.028347,0.9742,13,explicit_euler_dt1,hbv,success,,32.92,0.7219,-1.8789904280304528,1.9127115648234665,0.0998276446906226,0.1598209973387065,346.4574830786632,1.0558728947608256,0.2000336735710259,0.7724132159080432,0.1391712171651693,22.76273293829417,1.7579834307726994,0.0010000095905516,2.0993344818480844,0.0,0.0,29.22515525068982,0.0,924.5641783165578,cal_final_2008-09-30
04015330,hbv_lite_cma,evaluation,0.573952,0.673278,0.017213,-0.195578,2.010646,13,explicit_euler_dt1,hbv,success,,28.41,0.7398,-0.0999998952170622,2.9023338369236176,0.0038470352029588,0.1953823269286662,455.46561495447344,5.318178938806444,0.9999999807691536,0.4091549622255053,0.4986748753222749,5.506735747341074e-07,2.7030616237773057,0.1932416057466869,1.0964717394543595,0.0,0.0,395.8224212819377,0.0,7.075973089054934,cal_final_2008-09-30
04024430,hbv_lite_cma,evaluation,0.609746,0.677859,-0.121941,-0.241371,-0.113529,13,explicit_euler_dt1,hbv,success,,33.92,0.7561,-0.0899994765377791,2.725963664540547,0.0266722567144217,0.188399606009588,462.4693204691325,4.905160439222777,0.8438363721983255,0.3938056949570623,0.2526078304863234,16.236713305288742,1.7522266788273313,0.1471892804539484,2.800566976588825,0.0,0.0,381.3431817446573,0.4345380772209494,7.831684692197771,cal_final_2008-09-30
04027000,hbv_lite_cma,evaluation,0.693281,0.792155,-0.058338,-0.138938,0.060382,13,explicit_euler_dt1,hbv,success,,36.29,0.7837,0.240000000670447,3.819870389175732,0.0767608542593935,2.1336912934824423e-12,489.539784651948,3.5058336799519347,0.678312981767818,0.4387298902814358,0.4819048950643565,52.59531330024607,3.2662235522951373,0.1240629802306621,3.122691574796068,0.0,0.0,312.87207271095804,0.0,5.120844483385481,cal_final_2008-09-30
04040500,hbv_lite_cma,evaluation,0.44456,0.429439,-0.320238,-0.456527,0.382649,13,explicit_euler_dt1,hbv,success,,35.82,0.8079,-0.0099982211567457,3.3457158971577345,0.0933701646761053,2.189231204317488e-07,771.0746763753019,5.999992252888642,0.9369078461289436,0.3798776687661222,0.1808468325090238,76.98894985667619,1.2579808652157112,0.0910531303567945,1.5775920550681477,0.0,0.0,637.9540992354084,0.689061364149266,7.382040791164556,cal_final_2008-09-30
04043050,hbv_lite_cma,evaluation,-0.284306,0.439181,-0.127113,-0.044195,0.07536,13,explicit_euler_dt1,hbv,success,,28.53,0.5416,1.660000005510561,2.3516077701323748,0.0999999997634242,0.1999999999978225,218.5456728572345,1.844544814230184,0.9999999999565734,0.3412536129254928,0.4343737344103457,44.85779725200609,2.587521555552072,0.1999999999503316,1.0482591431654391,0.0,0.0,127.03359358623476,0.0,3.646078638517676,cal_final_2008-09-30
04045500,hbv_lite_cma,evaluation,0.715486,0.706305,-0.188441,-0.219225,-0.20093,13,explicit_euler_dt1,hbv,success,,84.45,0.8473,-1.5200000048505151,1.5624624278793984,0.0957032416955292,3.087267751672022e-11,322.77794349238303,3.0795576165165897,0.7810684210822771,0.5669110762339071,0.196995172000864,91.26751446872376,8.12039485854347,0.0723724276208801,8.655956610012002,0.0,0.0,207.4884577617576,0.0,6.352883341670124,cal_final_2008-09-30
04057510,hbv_lite_cma,evaluation,0.621755,0.59459,-0.209258,-0.332215,-0.090715,13,explicit_euler_dt1,hbv,success,,36.25,0.7892,-2.3294274996884283,1.2998026569705985,0.098576884669894,8.336592437843195e-06,448.5226578170706,1.9677980515398883,0.4177656979244414,0.3953679208044882,0.1433508958474901,23.91114014327863,3.363445892903373,0.0698465919931571,1.7375444667463091,0.0,0.0,178.2061552507443,0.0,3.698755362590644,cal_final_2008-09-30
04057800,hbv_lite_cma,evaluation,0.48803,0.446771,-0.257217,-0.446236,0.65234,13,explicit_euler_dt1,hbv,success,,48.01,0.8035,-1.1509680266756328,3.243257615819148,0.0185975240185831,0.0526018340553112,518.7901395477837,1.600307626851774,0.5458854345218647,0.5872979418147469,0.1257920969506338,57.582204152274365,0.770528835258173,0.0040419519921308,3.850748131488065,0.0,0.0,225.5223753511196,0.0,108.80708545161058,cal_final_2008-09-30
04059500,hbv_lite_cma,evaluation,0.755025,0.73625,-0.153251,-0.244116,0.164117,13,explicit_euler_dt1,hbv,success,,45.78,0.8624,-1.9607545775719148,1.7944897441441834,0.0238488695749485,0.1999846104277,420.5400156747988,3.2804959284650934,0.2000236417042354,0.7814781930225333,0.1076810001670619,69.79246858059275,9.99519602515896,0.1148677368384896,2.2989141979953915,0.0,0.0,167.30380261631194,0.0,0.4791944607312994,cal_final_2008-09-30
04063700,hbv_lite_cma,evaluation,0.669422,0.597759,-0.251243,-0.331466,0.220633,13,explicit_euler_dt1,hbv,success,,71.91,0.8676,0.1629398476174577,2.6407956741574936,0.053791358543769,0.0305681116244628,439.571687399644,3.282419970524181,0.4473339352561393,0.0909126392952834,0.1063011504636075,26.755864750105733,0.5849499314648394,0.0027646092609795,5.392663621268168,0.0,0.0,190.72302015857667,0.0,89.54567490624642,cal_final_2008-09-30
04074950,hbv_lite_cma,evaluation,0.471122,0.701922,-0.181813,-0.063408,-0.438703,13,explicit_euler_dt1,hbv,success,,34.3,0.6039,-2.469999994424708,1.2280579823254572,0.0737975849959247,4.369876187845558e-13,530.3629092393734,3.826447226617697,0.7457369397977243,0.1792257936996776,0.0100001970243853,70.74369077562606,8.982077908199193,0.0515672094768837,1.6641454840377254,0.0,0.0,307.9272207727976,0.0,3.3708633612521925,cal_final_2008-09-30
04105700,hbv_lite_cma,evaluation,0.475925,0.744272,-0.117429,-0.151285,0.180953,13,explicit_euler_dt1,hbv,success,,44.14,0.6155,-1.339964062627152,1.5105749836143492,0.0982853729095711,1.1667525432118502e-09,397.4476825443014,1.5453943068989362,0.4726991514184034,0.1583117756284152,0.0793238905418538,35.02328124367865,2.080976084489227,0.0023547897001177,1.1433506373210565,0.0,0.0,260.241702534223,2.6833675608979606,349.366492346264,cal_final_2008-09-30
04115265,hbv_lite_cma,evaluation,0.496433,0.621253,-0.100947,-0.216061,0.347902,13,explicit_euler_dt1,hbv,success,,28.77,0.6081,-0.8700080946417343,3.545575318342134,0.0007609248680067,0.0766231954379339,710.9247270065729,1.2646239297738369,0.3517263681991536,0.1192377138286707,0.1316461135509475,12.712201720665458,1.4409023910861565,0.003300495664702,1.9779842228124616,0.0,0.0,252.5565936226364,0.0,177.64907512577872,cal_final_2008-09-30
04122200,hbv_lite_cma,evaluation,0.47658,0.600275,-0.12063,-0.251452,0.201565,13,explicit_euler_dt1,hbv,success,,74.87,0.6907,-2.100005108513022,1.7467591692173086,0.0004743476775344,7.617909609885243e-10,266.03208820887266,1.331639583556687,0.3693507084674436,0.8626210907198679,0.0681933254037938,83.70638744014113,2.2617246142974565,0.0036396100201523,3.4419875337628723,0.0,0.0,98.44296447430314,0.0,211.97053624453693,cal_final_2008-09-30
04122500,hbv_lite_cma,evaluation,0.487208,0.631492,-0.046728,-0.188205,0.273723,13,explicit_euler_dt1,hbv,success,,82.39,0.6234,-1.110004919108868,3.815458273436708,0.0569904347662006,0.004829858504736,304.2152295673511,1.454755628201375,0.5908930635120516,0.2662724214764561,0.07283189812762,69.9795644074768,2.6524541549787264,0.0032589755532391,8.916254625119127,0.0,0.0,133.80719926523687,0.0,251.90131006782764,cal_final_2008-09-30
04127918,hbv_lite_cma,evaluation,0.482831,0.511908,-0.250867,-0.363513,-0.181909,13,explicit_euler_dt1,hbv,success,,31.6,0.7148,-1.6799996942281774,1.3459312101490868,0.0006366737498378,0.0656556655666712,439.61151116816734,1.1205096604920768,0.2000001829931142,0.8851635034728397,0.2773915536164879,38.25407236953311,2.9253301746512204,0.0750155197117369,1.054674285398053,0.0,0.0,117.02643097688158,0.0,5.675670267309822,cal_final_2008-09-30
04127997,hbv_lite_cma,evaluation,0.269516,0.639287,-0.132608,-0.24042,0.01961,13,explicit_euler_dt1,hbv,success,,52.73,0.3492,-2.42015272423285,0.941629332825214,0.0671966720554237,0.0061066129091251,774.8748768694126,1.0000104025620256,0.5083632084764349,0.8071694623451683,0.1707437558332653,99.95407442778742,3.692061022033444,0.0040968958927146,2.7248648344503303,0.0,0.0,270.26211127252634,0.0,236.8000891969084,cal_final_2008-09-30
04161580,hbv_lite_cma,evaluation,0.477894,0.563286,-0.233425,-0.333766,0.354328,13,explicit_euler_dt1,hbv,success,,49.57,0.6051,-1.7699999777826971,2.4164929051439046,0.0998838707982352,1.1985681696851048e-09,544.6460533763602,2.008032924147373,0.2630717157525662,0.1030134100664082,0.2343365413832114,97.81342954123444,2.0196633664892367,0.0895404699468766,3.746989634090359,0.0,0.0,246.8736618186585,0.0,3.4047891214667,cal_final_2008-09-30
04185000,hbv_lite_cma,evaluation,0.78082,0.701669,-0.061045,-0.246767,1.05107,13,explicit_euler_dt1,hbv,success,,61.26,0.8204,-0.3899997972787448,9.147256394683945,0.0466340619610005,0.1999999995140501,334.7399881341254,3.4072012376392227,0.6941610773741127,0.2905784081591302,0.2386054106763366,86.17918930413062,0.5883272670342079,0.1142028186239118,5.644264873987752,0.0,0.0,193.3335622648613,0.0,1.479338605543051,cal_final_2008-09-30
04196800,hbv_lite_cma,evaluation,0.639978,0.617415,0.199784,-0.141921,41.184515,13,explicit_euler_dt1,hbv,success,,46.78,0.7291,-0.0099705247151566,3.462487591469085,0.023880609619422,3.3456691627238703e-06,307.5332946086305,5.999987465323613,0.9126580556442117,0.8999950126797045,0.4362456682245243,38.76176789635787,0.497775405055017,0.0010000072363145,4.698746040922515,0.0,0.0,175.10940370742247,0.0,270.59496922668177,cal_final_2008-09-30
04197100,hbv_lite_cma,evaluation,0.640066,0.67535,0.045697,-0.186169,5.306869,13,explicit_euler_dt1,hbv,success,,35.73,0.7459,0.5700000057675005,3.2643308161523734,0.0801921769506496,3.443036082885621e-09,417.8874334560714,5.9999998640830325,0.7660610381267312,0.7827855792967033,0.4435295938123974,46.89042917435,0.8959864682352103,0.1999998588011883,2.8113964483590776,0.0,0.0,267.75558978862966,0.0,0.4282013313151664,cal_final_2008-09-30
04197170,hbv_lite_cma,evaluation,0.532741,0.480984,0.25027,-0.211034,10.510215,13,explicit_euler_dt1,hbv,success,,27.41,0.6512,0.1595750678134146,4.888301493448232,0.0133928265566632,0.0454233579730408,327.8926685531516,4.221613802855208,0.8361123456211408,0.6718696005155471,0.0100027754212264,22.704384482965136,0.4239692629509864,0.0010000048811688,1.6652949905075536,0.0,0.0,208.88808209812424,0.457059298115345,386.2333171226479,cal_final_2008-09-30
04213000,hbv_lite_cma,evaluation,0.039325,-0.104429,0.125722,-0.652896,29.112361,13,explicit_euler_dt1,hbv,success,,44.66,0.0964,-2.4999999994848987,0.7344865316522833,0.0067770877160327,1.0634989570133594e-10,50.00000176276166,1.862258895362984,0.9794451653818764,0.4581050923962199,0.4999999803496532,43.34659133058416,9.99999999056318,0.0014656565925887,3.9327932582382408,0.0,0.0,36.14953262311392,0.0,1322.8330220705377,cal_final_2008-09-30
04213075,hbv_lite_cma,evaluation,-0.285065,-0.698276,-0.999893,-0.999963,-0.999254,13,explicit_euler_dt1,hbv,success,,55.53,-0.3637,0.7101848276687734,3.793846075554961,0.0010833976558635,0.0188812290970033,924.137619547958,3.676142580292754,0.2085722168422475,0.8914128205665366,0.3430048534320837,2.4427119488026903,6.086923466058965,0.001,9.887546531647564,8144.8400000000065,0.0,61.82928455944398,0.0,0.5590060987827077,cal_final_2008-09-30
04216418,hbv_lite_cma,evaluation,0.650728,0.723323,0.040654,-0.164497,1.079517,13,explicit_euler_dt1,hbv,success,,27.73,0.6526,-1.5100143126569403,1.9980011261816724,0.005991451866541,0.0023134444249794,274.22410610196926,1.8083126827190248,0.2673795378471966,0.6819760364739045,0.4999870684041953,9.786869672235056,3.442814873483787,0.1192358986113637,1.612489457557202,0.0,0.0,149.70476021208,0.0,4.103763639635614,cal_final_2008-09-30
04221000,hbv_lite_cma,evaluation,0.627655,0.67432,-0.04048,-0.204091,1.603979,13,explicit_euler_dt1,hbv,success,,28.36,0.773,-1.5800004640262122,1.9322211155700069,0.0036656687594155,0.1999997427262939,498.8808842928704,5.999974302493382,0.9999997761887764,0.4601066185869178,0.2424048251970929,12.371788326642177,2.3176422936585026,0.1103402282690956,1.1712530809803474,0.0,0.0,412.2621603507936,0.0,6.2276071988925,cal_final_2008-09-30
04224775,hbv_lite_cma,evaluation,0.593775,0.582063,-0.1177,-0.293571,0.973866,13,explicit_euler_dt1,hbv,success,,27.77,0.6663,-0.3900000883032493,2.335742681896966,0.076794433359249,1.1342316171810161e-08,569.5283484079537,5.99999977376033,0.9719566210569648,0.6957505653826279,0.3493489881551199,11.190731536794964,2.742381239582365,0.1223812938062055,1.0086511525192638,0.0,0.0,477.541683725899,0.0,5.384371101384317,cal_final_2008-09-30
04233000,hbv_lite_cma,evaluation,0.640522,0.584934,-0.182451,-0.256629,-0.023815,13,explicit_euler_dt1,hbv,success,,27.61,0.7102,-1.1400003210182117,1.963255174751052,0.0033928168823914,2.0169481329427243e-09,326.451390117867,2.032142231287432,0.3162711620226588,0.7082052754434559,0.3558749920368584,13.960217230985204,3.4234697519343023,0.1155113271509633,1.0238725587898416,0.0,0.0,119.623863216613,0.0,2.29984750385606,cal_final_2008-09-30
04256000,hbv_lite_cma,evaluation,0.733938,0.797946,-0.018934,-0.161873,0.805207,13,explicit_euler_dt1,hbv,success,,30.89,0.7717,-2.000000893324535,1.7221014437961648,0.0005035395137926,0.0594979117510375,424.86818942090457,2.610376980862488,0.9999990122619936,0.3916785959545926,0.2571052597891956,17.917080539700734,2.629819147551759,0.0729396457188014,1.1406945448245385,0.0,0.0,333.24465137782846,0.0,13.11948103179716,cal_final_2008-09-30
04296000,hbv_lite_cma,evaluation,0.688713,0.777928,-0.056711,-0.198886,0.402525,13,explicit_euler_dt1,hbv,success,,28.38,0.7298,-2.1900010133125374,1.759118237852209,0.0052939364899941,1.0150606521149555e-09,284.5773533913626,1.2572253648289724,0.2000216546579463,0.8999188412550948,0.3580471925974748,16.520091629039506,7.165733298156801,0.1569903112190058,1.8549314132749464,0.0,0.0,148.902427902874,0.0,4.949046098846075,cal_final_2008-09-30
05057200,hbv_lite_cma,evaluation,-0.121615,0.473886,0.094875,-0.068136,8.389166,13,explicit_euler_dt1,hbv,success,,36.87,0.4057,-0.3939807293234558,3.168258561226287,0.0089813252404667,0.1999996358001361,388.99479724888687,2.4159153992419697,0.2000000350801423,0.8999890325375219,0.3527663949640391,93.94950191008384,0.3041635706284736,0.1236485314319323,3.4030697307978657,0.0,0.0,87.94804567946045,0.0,0.2484168019053186,cal_final_2008-09-30
05120500,hbv_lite_cma,evaluation,0.236622,0.016318,-0.564868,-0.691915,18.819097,13,explicit_euler_dt1,hbv,success,,77.39,0.2651,-1.4252111322166403,1.991709739087762,0.0999973054544177,0.1999996843481962,999.9995971862196,2.4726974076863937,0.2000000223912194,0.1396042289343746,0.3777925947106622,67.48621059455067,6.425658079030296,0.105234858275907,9.986220804711902,0.0,0.0,183.56587194125456,0.0,0.1475160110823349,cal_final_2008-09-30
05291000,hbv_lite_cma,evaluation,0.495694,0.389366,0.255771,-0.472169,16.996268,13,explicit_euler_dt1,hbv,success,,38.66,0.6048,0.3091140140915245,9.95858377864781,0.0114767169609528,0.1999300102997737,290.98687878313353,1.2038347178941864,0.2002877884420598,0.8999368821864883,0.129179264239391,13.657505741016548,1.302666478123711,0.0010000001481758,2.630964809357801,0.0,0.0,51.07008975875533,0.0,290.68377749754933,cal_final_2008-09-30
05362000,hbv_lite_cma,evaluation,0.631898,0.712614,-0.158889,-0.213717,-0.413213,13,explicit_euler_dt1,hbv,success,,44.92,0.8391,1.1700000648466906,5.004056859909755,0.0343991762353627,1.2358490258904924e-08,431.7899210697287,5.999999855564261,0.8359437191065424,0.8999996260523451,0.3557146002367992,31.783382891844724,2.864216899289352,0.1999966749786486,3.3433496673541123,0.0,0.0,276.6528935894196,0.0,0.5539203228971348,cal_final_2008-09-30
05393500,hbv_lite_cma,evaluation,0.64522,0.712531,-0.149767,-0.215951,-0.096571,13,explicit_euler_dt1,hbv,success,,35.98,0.7688,0.930002026258721,4.66814026663455,0.0044072680769542,0.0929651026830989,460.914943386603,5.53508718118954,0.999999856651024,0.2328949891004145,0.246288062450414,17.806862487643755,0.9364701094300664,0.1349596342559758,2.6931398467749927,0.0,0.0,293.9662659519666,0.0,0.6718077570185467,cal_final_2008-09-30
05399500,hbv_lite_cma,evaluation,0.470876,0.553876,0.272735,-0.131059,6.567137,13,explicit_euler_dt1,hbv,success,,25.9,0.5657,1.640000008810719,6.917874333439128,0.0742374289750661,1.952510072934611e-09,388.4330850710461,3.69335036651142,0.9999999999766442,0.6176293973440724,0.2174894896529303,7.554409636954889,0.7672758275677269,0.0869100760412331,1.974402885467752,0.0,0.0,234.9913631236716,0.0,2.307934796316479,cal_final_2008-09-30
05408000,hbv_lite_cma,evaluation,0.120824,0.193036,0.145616,-0.292968,0.839399,13,explicit_euler_dt1,hbv,success,,27.68,0.835,-1.6318023145189708,3.1743842943376146,0.0124007215244865,0.1786778704973144,229.33045889073867,4.350536219231627,0.2024746309886043,0.422924153905657,0.3348847575314626,18.51459767019104,8.579011371104471,0.0023169072497606,1.8750581642399613,0.0,0.0,103.2175681492065,0.0,423.8213852747991,cal_final_2008-09-30
05413500,hbv_lite_cma,evaluation,0.337531,0.50189,0.294682,-0.053113,1.499019,13,explicit_euler_dt1,hbv,success,,27.5,0.7668,-0.4899998481002852,5.36925786152725,0.0994738536891691,0.0380836876251129,734.5212950059025,1.324801281323539,0.3208558902285191,0.8646627721280644,0.1758273522685648,22.197799029794112,3.247014165909305,0.0054373133505155,1.037082482548471,0.0,0.0,321.3143798832474,0.0,217.61768432328896,cal_final_2008-09-30
05414000,hbv_lite_cma,evaluation,0.349753,0.48581,0.253648,-0.038421,1.276658,13,explicit_euler_dt1,hbv,success,,27.93,0.8212,-1.7199999921886535,3.074168682195726,0.009301462112929,1.5616739711484102e-09,611.0173926261718,2.8602908955686583,0.4659670979370472,0.899999999832094,0.1028239548180604,26.49069980427072,2.2059879660648187,0.0085252835103374,1.167497619725128,0.0,0.0,371.5124501492325,0.0,123.6930543196326,cal_final_2008-09-30
05444000,hbv_lite_cma,evaluation,0.447834,0.554671,-0.01503,-0.216227,0.975087,13,explicit_euler_dt1,hbv,success,,27.62,0.7701,-1.0387283493921198,9.53894863486044,0.0007704988301026,0.0636626113624972,359.3742206346594,5.902953487539403,0.2983899676483534,0.8992731253454126,0.0508416504365462,24.221875966163264,1.37356617229287,0.0036944324478506,1.2436831075222743,0.0,0.0,298.94878015657144,0.4929756100203935,214.5253734607469,cal_final_2008-09-30
05454000,hbv_lite_cma,evaluation,0.488355,0.542891,0.216811,0.040843,9.888617,13,explicit_euler_dt1,hbv,success,,27.57,0.6411,-1.18999999449203,2.902465545243241,1.4941990423196923e-09,8.583447224875955e-08,661.4402080319297,5.999998944969757,0.8139179879491016,0.8999999583247774,0.4999999992236377,0.5783782164543091,4.150695995568886,0.1414784660821724,1.0561435888778532,0.0,0.0,544.2231625743808,0.0,4.990213867742687,cal_final_2008-09-30
05458000,hbv_lite_cma,evaluation,0.433176,0.696831,0.068567,-0.096171,0.627515,13,explicit_euler_dt1,hbv,success,,38.41,0.7174,-2.1699999320703025,1.981420745328135,0.049167554461637,6.103657992724029e-09,187.8601956784463,5.999999431174534,0.2000003216412842,0.5797119174392781,0.212932051367309,18.98143367657672,1.7906150239660987,0.0295983330252412,2.3591668749730057,0.0,0.0,54.86428976763934,0.0,3.2058947869933743,cal_final_2008-09-30
05466500,hbv_lite_cma,evaluation,0.621735,0.788344,-0.050975,-0.076155,-0.153793,13,explicit_euler_dt1,hbv,success,,43.51,0.722,-0.5295833259431937,9.985482669212022,1.661233689352724e-05,0.1999999391363268,360.2423774031187,5.452519235920497,0.2001857818595339,0.8999722238278987,0.2568630277755908,18.51225834588705,1.28656513721925,0.0982650744230597,3.526695847144672,0.0,0.0,323.86266057283166,0.724658875033303,7.060580026315607,cal_final_2008-09-30
05487980,hbv_lite_cma,evaluation,0.649239,0.603784,0.11936,-0.161205,13.049815,13,explicit_euler_dt1,hbv,success,,25.41,0.5765,-2.499999999999838,1.3189053278996867,0.007255206684729,6.590761982364942e-15,242.72285433844925,5.999999999999909,0.4884881250799402,0.3299437913554507,0.4999999999999524,75.27535857587932,0.7973311114919315,0.0175026012210746,1.0977522218820908,0.0,0.0,210.529382218447,0.2137106348915793,23.583002007294706,cal_final_2008-09-30
05488200,hbv_lite_cma,evaluation,0.545594,0.524182,-0.034824,-0.203928,6.554308,13,explicit_euler_dt1,hbv,success,,27.32,0.4944,0.340000005981782,9.99999954269175,0.0834870177373356,1.697407843477248e-12,337.95890092283906,5.999999999149619,0.2000000003256272,0.5738361412484254,0.2041351180963494,6.108092271935501,8.091655450153762e-05,0.1021771789528435,1.5650569430440615,0.0,0.0,291.2146264146034,3.967809052625269,0.0007110073890914,cal_final_2008-09-30
05489000,hbv_lite_cma,evaluation,0.640127,0.640974,0.106895,-0.158539,14.742262,13,explicit_euler_dt1,hbv,success,,29.77,0.5761,-2.49999999990004,5.208605707445396,0.061512048506508,3.7631191243251166e-08,191.32587860519885,5.999999996558011,0.2000000000725965,0.7887117687410803,0.010000000073668,47.93047573207652,0.0107284105772136,0.1287361294924443,2.0733794199726603,0.0,0.0,164.0844479147362,47.15637069197151,0.0726080282260311,cal_final_2008-09-30
05495000,hbv_lite_cma,evaluation,0.619908,0.46208,0.35843,-0.202348,49.512625,13,explicit_euler_dt1,hbv,success,,38.56,0.6173,-2.310358695084481,1.662355569804547,0.0503393366505396,2.741477363380999e-06,313.7204474149222,5.999987700934819,0.9999960167785862,0.1506610251264214,0.4273768995933615,75.15358968604812,1.3952579511840126,0.0010000012099234,2.927674245360647,0.0,0.0,284.47883381051366,0.0,510.4850361296501,cal_final_2008-09-30
05495500,hbv_lite_cma,evaluation,0.575005,0.417885,0.364557,-0.163251,54.221908,13,explicit_euler_dt1,hbv,success,,25.6,0.6298,-2.4999999999999845,10.0,0.0659154383883839,4.72042998482643e-13,592.0483467458022,5.387469670968308,0.9999999999999996,0.6436376011291727,0.0407721267019456,8.572539692992736,0.7609054567614835,0.001,1.5692497612168097,0.0,0.0,512.2339414692414,2.7962627336672963,490.21344386022537,cal_final_2008-09-30
05501000,hbv_lite_cma,evaluation,0.495019,0.484874,-0.035091,-0.302043,13.309196,13,explicit_euler_dt1,hbv,success,,27.69,0.667,-2.489998159707177,0.65274362472355,0.0456263263094447,1.7725643292517076e-08,219.01701788934287,5.999999560977228,0.2000000022696561,0.4985297683510669,0.2317746959083842,4.481394891252875,0.7968388462395659,0.0077732941653262,1.801244463509857,0.0,0.0,187.1760372685559,0.8013213714838354,63.88331942745615,cal_final_2008-09-30
05503800,hbv_lite_cma,evaluation,0.539925,0.349492,0.391626,-0.255836,1098.001555,13,explicit_euler_dt1,hbv,success,,26.96,0.6505,-2.49999999976297,9.09514636728731,0.0751440918558421,3.238623132068129e-12,510.4432524080896,4.774553892648699,0.9999999999052418,0.6509545974903844,0.0528060756204088,7.488488439251029,1.2881105123354362,0.0010000000005294,1.8732166318833448,0.0,0.0,464.6928886165175,2.156477362592133,698.3419436435365,cal_final_2008-09-30
05507600,hbv_lite_cma,evaluation,0.510505,0.21553,0.672352,-0.033551,747.194496,13,explicit_euler_dt1,hbv,success,,27.04,0.645,-2.4999999999970166,9.999999999968155,0.0683146522010575,1.6622903522205146e-12,394.1567632382885,5.999999999998811,0.9999999999986612,0.8590505391977323,0.05316698356964,7.581863283775887,0.7994365430243875,0.0010000000000011,1.193218535114912,0.0,0.0,359.8463386568793,3.316219796198929,475.6998258848797,cal_final_2008-09-30
05508805,hbv_lite_cma,evaluation,0.5561,0.363183,0.492264,-0.099802,69.990699,13,explicit_euler_dt1,hbv,success,,27.51,0.6135,-2.5,9.99999830504962,0.0974902323814815,1.4393171112514888e-07,493.45632066346616,5.999981933793678,0.9999998540091222,0.7521637072830333,0.0659852137126192,7.716517745640558,0.8217818929876158,0.0010000027470551,1.721675654903644,0.0,0.0,455.9142917639256,3.57937584187386,458.923036586622,cal_final_2008-09-30
05525500,hbv_lite_cma,evaluation,0.683919,0.647042,0.23561,-0.033556,6.198867,13,explicit_euler_dt1,hbv,success,,48.48,0.7552,-1.180000163512657,2.051174410278704,0.0515768877347268,2.014738343078537e-10,464.9993027292081,5.999999851318729,0.9603676866379608,0.2516857394520451,0.3657931302228679,19.311705266224468,1.412103769500671,0.0899271505392705,3.945301122457723,0.0,0.0,406.8543083292951,0.0,4.864483412512528,cal_final_2008-09-30
05556500,hbv_lite_cma,evaluation,0.527628,0.587504,-0.087077,-0.20909,1.257907,13,explicit_euler_dt1,hbv,success,,30.13,0.6728,-0.6500004458991584,9.999998147885156,0.0378773481276037,6.017114879292821e-08,320.0280309976152,5.999948844832509,0.2000114425277045,0.8395725830430288,0.1578226506043769,24.4237141190537,0.0045296117696998,0.1308633860931236,1.9287219213562543,0.0,0.0,293.14597740169626,7.945848944617983,0.0300836739241037,cal_final_2008-09-30
05584500,hbv_lite_cma,evaluation,0.68728,0.71699,0.088079,-0.099781,5.038839,13,explicit_euler_dt1,hbv,success,,46.72,0.6171,-0.2800000037990657,8.16411386086703,0.0743854820396255,3.55196244622149e-07,303.3174730451716,5.999999105540484,0.2000000151399809,0.5434257746440408,0.3475562404614445,27.89274611260651,1.2279556976094863,0.0882004133414612,3.121339832103301,0.0,0.0,263.05336038281666,0.0,6.646160760682466,cal_final_2008-09-30
05591550,hbv_lite_cma,evaluation,0.688709,0.580748,0.354955,0.031609,61.784975,13,explicit_euler_dt1,hbv,success,,27.54,0.704,-1.659999988800902,1.311470777488689,0.0758287787275617,2.479593802667181e-10,675.3071696472643,5.999999944585231,0.9554359023075204,0.8999999997003494,0.4999999985807593,8.096294432146325e-10,4.538757946824381,0.1583993586665709,1.6167388326784025,0.0,0.0,558.3044439490909,0.0,2.6322851858458938,cal_final_2008-09-30
05592050,hbv_lite_cma,evaluation,0.577028,0.471832,0.293913,-0.138965,55.130726,13,explicit_euler_dt1,hbv,success,,27.52,0.7125,-0.6100686685594274,4.108624557696757,0.0748254134089019,0.1996120966505679,622.1764999912517,5.999970511373113,0.8848591850810164,0.7416976095040257,0.0660090832873357,22.09012290687949,0.0344489640224157,0.1999938821979105,1.585785237910322,0.0,0.0,535.9520270958761,11.277648048615736,0.1378011250494369,cal_final_2008-09-30
05592575,hbv_lite_cma,evaluation,0.625999,0.532178,0.292692,-0.107941,84272.108103,13,explicit_euler_dt1,hbv,success,,27.65,0.6292,-2.380074841579761,0.5253783126454151,0.0999834513471498,0.0218012621288513,434.0681699691154,5.999344695659173,0.6963008510187287,0.8999992282732242,0.4999975154950934,2.112969478800051,1.20478639993503,0.0010000145239768,1.9702492529916016,0.0,0.0,315.0993374108573,0.0,401.92057762352414,cal_final_2008-09-30
05593575,hbv_lite_cma,evaluation,0.661944,0.459077,0.358386,-0.10279,71.216488,13,explicit_euler_dt1,hbv,success,,27.68,0.6827,-2.000119152660627,1.389455239105417,0.0401506314560612,0.1998201862801027,465.8676091825105,5.999996876817515,0.9999919695254064,0.5722647770025563,0.4568844670714365,24.94743412282781,1.1080272344070907,0.0010000004110368,1.0168940964666795,0.0,0.0,363.3004632947853,0.0,445.8700542128892,cal_final_2008-09-30
05593900,hbv_lite_cma,evaluation,0.467851,0.279078,0.60239,-0.056802,194.254903,13,explicit_euler_dt1,hbv,success,,27.59,0.6574,-0.9900000026507472,0.5672705338355571,0.0485024561419066,3.883471574132043e-08,238.48425330048457,5.999999457249005,0.9999999981439948,0.7426774144688457,0.0686292218403099,12.413506267336931,0.8765123954559375,0.0010000000021312,1.2028344727129614,0.0,0.0,208.6986692271948,2.744861860231905,504.2144028585837,cal_final_2008-09-30
05595730,hbv_lite_cma,evaluation,0.646236,0.540764,0.135881,-0.114581,638.923319,13,explicit_euler_dt1,hbv,success,,27.49,0.6172,-1.934113914573776,1.831005953291244,0.0999130028671288,0.0884329116834642,257.29407420226664,5.999999512550347,0.2000000035191684,0.547168223879731,0.4999996225343266,16.924672131263968,0.4168615305420219,0.0010000005454579,1.4109040966247703,0.0,0.0,126.78695155866028,0.0,166.6660890962604,cal_final_2008-09-30
06221400,hbv_lite_cma,evaluation,0.610346,0.72585,-0.171207,-0.211191,-0.487737,13,explicit_euler_dt1,hbv,success,,31.45,0.6595,0.1899998372497338,2.198358831572402,0.0008276164870526,0.0449545916457301,50.00000005557882,1.000000001444176,0.9999999999714632,0.3181967951277423,0.1425222711356528,42.95366175923135,9.999999998828386,0.0288081897333136,1.3157781072843395,0.0,0.0,14.87118806804031,0.0,23.153928574191163,cal_final_2008-09-30
06224000,hbv_lite_cma,evaluation,0.751498,0.762966,-0.173284,-0.170176,-0.731235,13,explicit_euler_dt1,hbv,success,,38.32,0.8374,1.0000000087906935,6.651854045650254,5.031159453738603e-05,5.993756238873118e-11,50.00000003220322,1.0000000003878484,0.9999999996724568,0.0500000000715574,0.0100000000002594,99.99999971305576,5.275005467893181,0.0301557667333375,1.38387370228455,0.0,0.0,14.938765113563328,0.0,19.96393407510768,cal_final_2008-09-30
06278300,hbv_lite_cma,evaluation,0.763192,0.777541,-0.155252,-0.156441,-0.93257,13,explicit_euler_dt1,hbv,success,,27.29,0.8151,2.073540370376235,7.515977211971856,0.0009369847813717,3.7798655195403935e-14,450.0232825624813,1.0000000000000042,0.9999999999999978,0.073195257083606,0.3258390319328116,69.28518111659815,10.0,0.0867345702910643,1.6685890857059136,0.0,0.0,188.08999481237555,0.0,4.535033477022424,cal_final_2008-09-30
06280300,hbv_lite_cma,evaluation,0.624561,0.745703,0.091217,0.091261,-0.761707,13,explicit_euler_dt1,hbv,success,,29.71,0.7914,1.220000767841582,2.489826904760762,0.0020021940026361,5.526010575439896e-09,50.00429638400224,1.0000001248206796,0.9092892569239016,0.7901907825706075,0.2022731625141435,53.79228079917133,9.999998346064686,0.0343638983295135,1.091003474783972,0.0,0.0,12.855902485308402,0.0,20.656213156059582,cal_final_2008-09-30
06289000,hbv_lite_cma,evaluation,0.643561,0.755555,-0.130336,0.009869,-0.797137,13,explicit_euler_dt1,hbv,success,,52.23,0.7088,0.2599982508557126,1.841712476499956,0.0999999228166795,0.1999996500745184,504.96875429810046,2.225977920016587,0.9999992245405782,0.1829692903045446,0.4996916698750198,17.273752856914935,9.591439921466044,0.0325000207428033,4.6653293865534256,0.0,0.0,237.357645873814,0.0,9.15953915545746,cal_final_2008-09-30
06291500,hbv_lite_cma,evaluation,0.521073,0.750964,-0.091064,-0.043946,-0.616375,13,explicit_euler_dt1,hbv,success,,38.09,0.7584,1.54996776627185,0.5000120340880043,0.0991286992600276,0.1994127036544423,373.3367224490765,2.015162836368809,0.99017765064492,0.7151077565255702,0.0100092124336956,18.264121516447407,8.17349747992261,0.0558465391313875,2.834014816003059,0.0,0.0,161.63310610231417,0.0,2.8717686734251835,cal_final_2008-09-30
06311000,hbv_lite_cma,evaluation,0.776851,0.659124,-0.200805,-0.220332,-0.697528,13,explicit_euler_dt1,hbv,success,,33.86,0.7473,1.0300000191836718,4.077733131431524,0.0544596801464376,9.62323451175366e-13,285.0728849057438,2.1814126846897,0.9999999818397296,0.7071203857072005,0.1761857023693542,63.18396440915092,9.999995328366618,0.0552049548767509,1.30134272373948,0.0,0.0,119.3245353016624,0.0,2.4556316037704,cal_final_2008-09-30
06332515,hbv_lite_cma,evaluation,0.199014,0.329243,-0.041212,-0.317937,9.10275,13,explicit_euler_dt1,hbv,success,,28.46,0.2296,0.6400000000213417,2.7855253316747666,0.0445104385940096,1.265528186104816e-11,254.43441945936263,3.657248453308824,0.5312764876763182,0.6274509650263514,0.4999999999385876,30.23606197693169,7.186400182323419e-11,0.1510684048101769,1.7157746855174822,0.0,0.0,76.01988625142312,0.0004869367426353,4.0384103996584117e-10,cal_final_2008-09-30
06339100,hbv_lite_cma,evaluation,0.07145,0.0068,0.190264,-0.257453,41.250115,13,explicit_euler_dt1,hbv,success,,27.99,0.2045,0.5800200029320379,9.999945946449603,0.0866361436892703,0.0740521418126371,468.8006308649772,1.4849105779054823,0.2000029736993046,0.8999994048092109,0.4999726374072577,1.816158756328623,0.4183169137215067,0.1999982391777652,1.5650005732113086,0.0,0.0,39.910796417691785,0.0,0.0401661271462408,cal_final_2008-09-30
06344600,hbv_lite_cma,evaluation,0.041476,0.196046,0.149027,-0.203922,16.279733,13,explicit_euler_dt1,hbv,success,,28.45,0.1638,0.867790050756287,6.890272716258656,1.377411141382773e-13,0.1999999994955786,307.3576635345267,1.5708084448434183,0.2000000000080515,0.8999999937281523,0.4041665891638091,1.275587698971561,3.9746191149551656e-10,0.0594562060783423,1.4995763986131183,0.0,0.0,24.45173107711951,0.0026316536398469,6.287482056381286e-09,cal_final_2008-09-30
06350000,hbv_lite_cma,evaluation,0.116611,0.054108,-0.259585,-0.409688,-0.01095,13,explicit_euler_dt1,hbv,success,,43.32,0.1428,2.175260706545996,9.386657616943667,0.0656233828082093,0.1847528444007107,331.2465750012206,2.170506552820886,0.2005498734805901,0.4806969198269001,0.3483689595465929,36.7440052318368,0.0030437932161064,0.1930712333176124,5.504212800061694,0.0,0.0,22.08688071120376,0.0,0.0028032037804771,cal_final_2008-09-30
06352000,hbv_lite_cma,evaluation,-0.727041,0.136723,0.452706,0.124504,-0.610001,13,explicit_euler_dt1,hbv,success,,50.51,0.2992,-0.3237958376011867,2.093173705695402,0.0999999710689124,0.0406434448802007,112.782230326857,5.9999981207013375,0.431754587918491,0.187916350535047,0.333555308175225,72.5010244205954,2.280907919840612e-08,0.1390778785839017,4.004498986681512,0.0,0.0,12.438008990827964,3.583270480201721e-07,1.2662387097174745e-07,cal_final_2008-09-30
06404000,hbv_lite_cma,evaluation,0.627609,0.54739,-0.215544,-0.249153,-0.343312,13,explicit_euler_dt1,hbv,success,,28.48,0.6891,2.480011788433112,0.5041384905406058,0.0070110055622961,0.0907225567140876,469.54044843811374,1.6491601515870564,0.2000002004842729,0.053598792789792,0.4999998401003381,99.92713778418172,0.6608478588552302,0.1203066237620722,1.7897314745056114,0.0,0.0,45.49201993977193,0.0,0.0536531548497529,cal_final_2008-09-30
06406000,hbv_lite_cma,evaluation,-1.285769,-0.019898,0.408017,-0.004225,5.67753,13,explicit_euler_dt1,hbv,success,,29.9,0.1723,2.46148062250575,2.68757640202418,0.0840966221809563,0.0748974927915078,127.72501493288894,2.170056644517269,0.2154321955401967,0.8999983439553703,0.2320311051050622,1.951370232231608,2.624912205738048,0.002740414219584,1.997906738673876,0.0,0.0,5.978335722675259,0.0,40.91061438506698,cal_final_2008-09-30
06409000,hbv_lite_cma,evaluation,0.395005,0.526244,0.133908,-0.180275,0.770617,13,explicit_euler_dt1,hbv,success,,51.98,-0.0763,-2.499999999997553,9.99999999999928,0.0576465436749524,2.062441301487108e-11,999.9999999997336,1.2325865070272966,0.2000000000000086,0.0511778314536335,0.010235642448056,99.44553422994944,7.912025681711237,0.003116451799306,1.1332943432720846,0.0,0.0,123.6108320679813,0.0,61.7294471666828,cal_final_2008-09-30
06431500,hbv_lite_cma,evaluation,0.322859,0.600208,0.257161,0.009727,0.715214,13,explicit_euler_dt1,hbv,success,,34.34,0.4961,1.5400005551995566,1.7848878815059903,0.083001196397861,1.3257261385082068e-10,999.7359838061396,1.0000000685572474,0.220370932312489,0.8226200201437341,0.4999998920164278,37.75006047073627,4.4869323798808205,0.0030750620282555,2.5854437595461124,0.0,0.0,156.68136647245632,0.0,153.04573315767166,cal_final_2008-09-30
06440200,hbv_lite_cma,evaluation,0.123098,0.446856,0.05885,-0.269313,4509.312589,13,explicit_euler_dt1,hbv,success,,29.47,0.6138,-0.2799985521047476,7.684066877149341,0.0385213149077493,0.097592650125966,104.9328423405828,4.02753385741741,0.2751214677685824,0.6449035694977858,0.4999995089273051,80.03562388629523,0.1250218309064681,0.0010000012480265,1.120455653420375,0.0,0.0,19.79581690253364,0.0,13.805615949477245,cal_final_2008-09-30
06447500,hbv_lite_cma,evaluation,-0.002871,-0.23194,-0.146381,-0.635829,1.350368,13,explicit_euler_dt1,hbv,success,,44.81,-0.001,-2.399106384829849,0.8155156550015641,0.0158989815723541,0.1432773904746339,999.9979118516842,1.579381970608884,0.2000000000379519,0.5672146420618382,0.3846906477643805,0.8888280763146563,7.856793988937852,0.0015370313635428,1.995662356420552,0.0,0.0,109.19463802142153,0.0,36.4808482942223,cal_final_2008-09-30
06470800,hbv_lite_cma,evaluation,0.203944,0.143544,-0.33548,-0.503401,55.083078,13,explicit_euler_dt1,hbv,success,,47.3,0.5934,-0.0899558088309122,1.6419261209579403,0.0119565795747174,0.1999943232109151,585.6925457224946,5.074952475812876,0.5213829934442653,0.0708122217373404,0.011402462510636,38.6613912515179,7.886257375437883,0.1523721077288757,3.804575783997056,0.0,0.0,267.947596131612,0.0,0.1233909761120355,cal_final_2008-09-30
06477500,hbv_lite_cma,evaluation,0.512684,0.433158,-0.121808,-0.315993,204.973543,13,explicit_euler_dt1,hbv,success,,56.7,0.5414,1.5297690662414345,7.128790132315734,0.0585007125419137,0.1999988870792088,515.0157658042552,2.54899764352955,0.2000002634668396,0.6216573664233388,0.336604292735352,8.503067138466424,0.0942510037595535,0.1239785293560305,5.432684000330221,0.0,0.0,69.11970883229927,0.0,0.0384098103201144,cal_final_2008-09-30
06479215,hbv_lite_cma,evaluation,0.321423,0.291106,-0.058728,-0.39305,17.206198,13,explicit_euler_dt1,hbv,success,,46.34,0.4356,0.035965759230081,9.984027902219848,0.0046176846725666,0.1999662860019922,613.4250814568089,1.2785290361419916,0.2000014176799796,0.7892511912054602,0.0697233985430814,5.887851833880981,0.5359577057833729,0.1775029846159809,3.1483773260977657,0.0,0.0,108.83503848504674,0.0,0.5813895350136762,cal_final_2008-09-30
06601000,hbv_lite_cma,evaluation,0.329059,0.304106,-0.036779,-0.364783,2.155787,13,explicit_euler_dt1,hbv,success,,29.59,0.2328,-0.2599999968648911,9.99999998755367,0.0767120239623405,2.377838588727693e-08,999.9999994816228,1.514609127168096,0.3360528291648603,0.5819603719685223,0.4999999983562512,96.3014322277547,1.8967004957888145,0.0041917394157631,1.1869889018741624,0.0,0.0,281.17682230169515,0.0,97.2639998908006,cal_final_2008-09-30
06614800,hbv_lite_cma,evaluation,0.812662,0.710356,-0.187666,-0.179336,-0.915908,13,explicit_euler_dt1,hbv,success,,49.89,0.8766,2.4999999999941744,6.243959664638351,0.0388915442052686,0.0040964783850502,999.9999874855988,1.0000000000392382,0.9999999999891352,0.059262352857378,0.1132193509490408,99.09288246892734,9.999999993438756,0.0614637556477947,1.2092220867693066,0.0,0.0,541.6144134492132,0.0,20.15472267580192,cal_final_2008-09-30
06622700,hbv_lite_cma,evaluation,0.769335,0.862787,0.00501,-0.07189,-0.095393,13,explicit_euler_dt1,hbv,success,,32.27,0.7264,0.0387026082603036,2.966893691659429,0.0994270293142761,7.308627518182269e-13,264.440679739394,1.0000000000151776,0.6750825081738246,0.5133564346209919,0.4968449171712932,87.83531009392934,9.999999999904684,0.0361769699171417,1.3350929799844025,0.0,0.0,55.862500410277065,0.0,8.862142079746393,cal_final_2008-09-30
06623800,hbv_lite_cma,evaluation,0.781017,0.879754,0.028963,0.016368,-0.558137,13,explicit_euler_dt1,hbv,success,,33.05,0.8774,0.2299986755217187,2.8510888831042114,0.0004004750416463,1.9313789481136943e-11,999.9999856476217,1.000000031804951,0.5904986221796656,0.7042529368685033,0.4355176562960162,58.251717463222455,9.999999784034886,0.0618011035947941,1.0064698101607676,0.0,0.0,387.96068909559335,0.0,10.687905124518691,cal_final_2008-09-30
06632400,hbv_lite_cma,evaluation,0.700968,0.822082,0.090771,0.007228,-0.696598,13,explicit_euler_dt1,hbv,success,,66.7,0.6984,-1.1100519940516398,6.120195447516318,0.0853438737911017,0.0381842161016346,61.19039276682162,2.6546780284634224,0.9998905603031674,0.1968754217003516,0.0100005361163363,99.99969953728704,9.999999201924794,0.0328515376197051,6.869369583906296,0.0,0.0,22.21130288476862,0.0,6.268828771201605,cal_final_2008-09-30
06746095,hbv_lite_cma,evaluation,0.715242,0.572452,-0.358021,-0.287466,-0.872077,13,explicit_euler_dt1,hbv,success,,30.92,0.8157,2.4799998765955644,4.3223595156459,0.0680462941457309,0.0996220457384997,50.00000164207107,1.0000000008042114,0.9999999985893652,0.1492886817910894,0.046815930527311,53.97645312151522,9.99999847488668,0.0774022900011298,1.2064849712100942,0.0,0.0,21.005757980428548,0.0,13.475284822835672,cal_final_2008-09-30
06803510,hbv_lite_cma,evaluation,0.560116,0.466627,-0.018894,-0.284803,1.837289,13,explicit_euler_dt1,hbv,success,,27.55,0.751,-0.6500164110967255,0.500110081538906,0.0564231281890673,0.0735641303090101,260.5405476741952,5.999998005957035,0.5126172686207475,0.8999999818581988,0.4999998215952942,2.540061133968585,2.1025187738495674,0.0019370154726648,1.990213801058787,0.0,0.0,142.90111240264287,0.0,159.1717874719232,cal_final_2008-09-30
06803530,hbv_lite_cma,evaluation,0.533849,0.52398,0.077604,-0.219489,1.994178,13,explicit_euler_dt1,hbv,success,,27.6,0.7091,0.1000008249515058,5.206795423014785,0.0151160483660285,2.346691060370912e-10,399.4525654935593,5.99998534893034,0.6906267767763636,0.8999999976694381,0.499999889086153,6.904296198613196,1.0810347413228032,0.0018274614588313,1.0150578942336863,0.0,0.0,255.12584611708496,0.0,142.3337519679795,cal_final_2008-09-30
06814000,hbv_lite_cma,evaluation,0.607584,0.425369,0.477325,-0.070902,24.011053,13,explicit_euler_dt1,hbv,success,,27.67,0.6093,-2.499999993037737,1.2571319796104032,0.050610338317159,2.823114397621292e-11,321.42953462304814,5.999999999473942,0.9999999950526864,0.6052287700274065,0.1576021015180236,6.021579416712227,1.4572194998420651,0.0010000000000396,1.078805594566661,0.0,0.0,230.5217654025992,0.0,452.8383552374759,cal_final_2008-09-30
06847900,hbv_lite_cma,evaluation,0.058477,-0.095795,-0.389033,-0.472904,4.897886,13,explicit_euler_dt1,hbv,success,,28.91,0.0597,0.1799235839990216,9.99995888882401,0.0437656668450924,0.199999956630738,999.9999984049434,3.515441385273073,0.2813746176844499,0.3401353796061248,0.4999999229020986,99.99985379661756,0.0001182184494394,0.1998477478019768,1.2656627293031586,0.0,0.0,181.7587460452333,9.561941765575307e-05,0.0004464933352638,cal_final_2008-09-30
06853800,hbv_lite_cma,evaluation,0.464808,0.362282,0.469561,-0.120336,18.12278,13,explicit_euler_dt1,hbv,success,,33.02,0.3669,1.0799778630661736,7.658046922710196,0.0952752684261327,0.0376949995688278,556.1602497637045,2.827538784467512,0.5029658217963842,0.6445908415869092,0.4999918970749134,46.1395889732212,0.8892393864488136,0.0010000001059816,2.306833415995744,0.0,0.0,244.0013623096037,0.0,156.40087699706055,cal_final_2008-09-30
06876700,hbv_lite_cma,evaluation,0.612824,0.526961,0.071967,-0.284493,15.215052,13,explicit_euler_dt1,hbv,success,,50.04,0.4013,-2.499955786830564,0.5917502564103287,0.0867326850805903,7.520661310617119e-08,999.9997421445096,1.7283685615534228,0.2508590265125728,0.4388641786487207,0.363215153707293,33.172087935269815,0.2499699122475505,0.0010000000273599,5.120278257154915,0.0,0.0,238.05399795804084,0.0,89.2757406325718,cal_final_2008-09-30
06878000,hbv_lite_cma,evaluation,0.447669,0.628684,0.081472,-0.228209,4.990942,13,explicit_euler_dt1,hbv,success,,35.42,0.6677,0.869997338874366,4.197722268231544,0.088583163752753,7.584466497598796e-07,152.97762919242925,4.504007182714119,0.2000033962830512,0.7989550776924785,0.0493349639349804,10.3206967669632,1.1499487402578086,0.0010000090597373,2.14671493253741,0.0,0.0,61.17453319301685,0.0,195.56758201189788,cal_final_2008-09-30
06879650,hbv_lite_cma,evaluation,0.417523,0.434693,0.026551,-0.307826,,13,explicit_euler_dt1,hbv,success,,27.66,0.4516,-1.1099218315215955,1.804443838607048,0.007365399381374,5.52371585925964e-06,169.61310848331624,5.999993932117658,0.2000008425927284,0.8999989057483692,0.4999979596871546,1.783939955213357e-05,9.999964623852032,0.02539772089908,1.955691924099447,0.0,0.0,123.15269389614338,0.0,25.7961592058978,cal_final_2008-09-30
06885500,hbv_lite_cma,evaluation,0.583759,0.307867,0.661761,-0.021207,19.556061,13,explicit_euler_dt1,hbv,success,,28.08,0.6255,-2.110000252978729,9.999999881375112,0.0605528201883525,2.575176643976799e-09,174.05375277530493,5.999999998363837,0.9958157320489308,0.497379949301993,0.1841766730147734,7.087599232231767,2.557137447789635,0.0010000000000024,1.6815503875851834,0.0,0.0,136.37839112446457,0.0,526.291755189559,cal_final_2008-09-30
06888500,hbv_lite_cma,evaluation,0.570106,0.537281,0.100195,-0.168055,3.275707,13,explicit_euler_dt1,hbv,success,,24.99,0.525,-1.7100007538394757,0.5000001258889114,0.0637383893421989,1.7249500251431324e-05,437.1076465120295,4.01215198450854,0.7921560106327961,0.6451567889878131,0.1174169755168189,3.5190124389922923,0.992725234178975,0.032214224653633,1.926970367346338,0.0,0.0,324.4441538298628,0.0,13.55770639587632,cal_final_2008-09-30
06889200,hbv_lite_cma,evaluation,0.541453,0.332243,0.558441,-0.110768,28.263724,13,explicit_euler_dt1,hbv,success,,27.66,0.306,-1.210004954762447,0.500120804739763,0.0171384335293705,0.165153011143305,113.79205031727597,5.9999999979850775,0.9844807570639336,0.5513025885390523,0.2402519246879445,6.457093524342998,3.618068596833447,0.0010000003198501,1.8021343232067724,0.0,0.0,82.36998392980351,0.0,612.7124598483897,cal_final_2008-09-30
06889500,hbv_lite_cma,evaluation,0.656048,0.46615,0.425803,-0.116751,15.740788,13,explicit_euler_dt1,hbv,success,,27.48,0.4697,-1.0500004093240438,0.5000003470151712,0.0002072829411944,1.5679138011948672e-06,172.182238823416,5.999999518155087,0.9171742226850624,0.533364216255761,0.2889688018624318,5.237315550550536,2.259943424728524,0.0010000001771223,1.1694901824934103,0.0,0.0,135.8826868467198,0.0,512.7903479107737,cal_final_2008-09-30
06892000,hbv_lite_cma,evaluation,0.670994,0.626294,0.198508,-0.215926,29.211039,13,explicit_euler_dt1,hbv,success,,40.15,0.683,0.4576480881592308,0.5713689835639153,0.0948833140726934,5.0099619775812326e-08,126.75230554679672,5.999928893425826,0.2000000511076704,0.0710434982235833,0.4995999576035212,0.0064302898422197,2.172511509300504,0.0010000878987142,3.0526985310408707,0.0,0.0,98.31619757116728,0.0,426.25297644813,cal_final_2008-09-30
06903400,hbv_lite_cma,evaluation,0.600508,0.580079,0.077991,-0.154046,16.082986,13,explicit_euler_dt1,hbv,success,,41.29,0.6682,-2.49999999711552,4.448348124946095,0.068971333127331,1.0595441985541404e-10,206.43976290826404,5.999999998445081,0.2000000014561947,0.5519688499609733,0.1263326241094415,3.832466105740983,0.0087247672487852,0.1483769174260506,3.709627564403256,0.0,0.0,177.13025538978556,3.3777054880511312,0.0500766110257943,cal_final_2008-09-30
06906800,hbv_lite_cma,evaluation,0.663896,0.640852,0.148775,-0.129992,15.225511,13,explicit_euler_dt1,hbv,success,,27.56,0.6364,-1.4899973304097638,9.99999570708386,0.0446757089803461,1.0299197505113895e-06,252.59859956218784,5.9999960160339,0.2513291981187864,0.4932053740518688,0.2706782685039575,4.630190064816227,0.7460721206385215,0.001000000084265,1.0137147608334751,0.0,0.0,209.00019487389665,0.0,293.0113863896978,cal_final_2008-09-30
06910800,hbv_lite_cma,evaluation,0.585126,0.327946,0.581014,-0.025807,216.100547,13,explicit_euler_dt1,hbv,success,,27.52,0.597,1.169997579870587,0.5000000000190448,0.0733166075780916,0.0045024582246703,279.62482696041434,5.999999719886188,0.9998372325306766,0.7410950997399613,0.1578173631006707,7.324430370227606,1.4850314325620138,0.001000000116185,1.0031846075549136,0.0,0.0,240.04271962672783,0.0,547.2526699070736,cal_final_2008-09-30
06911900,hbv_lite_cma,evaluation,0.589147,0.257756,0.650047,0.011943,476.486191,13,explicit_euler_dt1,hbv,success,,27.58,0.5741,-0.9500062212689602,0.5000018471598734,0.0416767620280563,0.0120617945688226,265.23050988892163,5.999997675831946,0.9999985094826662,0.7995660543163565,0.2087132021908184,8.348075373351405,1.437976304783838,0.0010000006152691,1.274676616230897,0.0,0.0,228.4859655459489,0.0,540.6815508327312,cal_final_2008-09-30
06917000,hbv_lite_cma,evaluation,0.610296,0.585035,0.14684,-0.167245,138.968167,13,explicit_euler_dt1,hbv,success,,40.03,0.7134,-0.4900046694438051,9.998134464744767,0.0288987695746966,0.1591952378749573,256.2300647464276,5.999999992507714,0.8445486719796986,0.6847558494497913,0.0501721855489404,5.120445934243052,0.9391838754684732,0.0010000024371938,3.8476306879584414,0.0,0.0,203.32659315166228,0.0,437.6332531582736,cal_final_2008-09-30
06918460,hbv_lite_cma,evaluation,0.586064,0.574452,0.037687,-0.115132,0.25636,13,explicit_euler_dt1,hbv,success,,35.29,0.5322,-2.121596645987529,7.4278907230513695,0.0297972546048434,0.1547771831853966,676.0967432524869,5.871528950178325,0.7703377083697296,0.809837576600391,0.4078726965933513,47.72886815138122,6.446877126044766,0.108452460646503,2.0814446553975667,0.0,0.0,533.593480276486,0.0,3.123877865163097,cal_final_2008-09-30
06919500,hbv_lite_cma,evaluation,0.750944,0.635119,0.328249,-0.003031,55.350987,13,explicit_euler_dt1,hbv,success,,42.91,0.7167,0.7400000709431156,9.999999853665376,0.0291404381987387,2.6401323661903765e-07,233.9710655791312,5.999999957435616,0.2000000010786815,0.8086044961511798,0.499999999550168,76.26496625245139,1.6491738614092055,0.0010000000871364,3.4982050014980226,0.0,0.0,169.850974316179,0.0,402.23653451992095,cal_final_2008-09-30
06921070,hbv_lite_cma,evaluation,0.702758,0.745591,0.006321,-0.119432,-0.062403,13,explicit_euler_dt1,hbv,success,,27.47,0.6412,-1.030003398239706,6.351180291684639,0.0277557271216239,0.0038737424774039,334.94004365393823,5.999999540614837,0.2000063988603863,0.677153129342999,0.1960537539378924,11.60433698561534,0.0228314289676696,0.1779773395503424,1.0039457140724677,0.0,0.0,267.897005822574,0.3864817741116332,0.1053314125480181,cal_final_2008-09-30
06921200,hbv_lite_cma,evaluation,0.646136,0.680368,0.13775,-0.08502,33.107364,13,explicit_euler_dt1,hbv,success,,27.57,0.6829,-2.3503217947446897,1.789934943216712,0.0836510022480495,0.1999997547560923,257.5726466505808,5.999999871178515,0.2000000114132198,0.899999993683333,0.1912874944016961,12.241483673086472,0.797054740520893,0.0010000000858709,1.5053859435939383,0.0,0.0,209.0898781092081,0.0,334.01691057208484,cal_final_2008-09-30
07057500,hbv_lite_cma,evaluation,0.517078,0.468388,-0.124721,-0.235219,0.110966,13,explicit_euler_dt1,hbv,success,,30.65,0.7621,-0.2574419919940518,9.993194842899175,0.0584623298832003,0.0061929328828315,346.510811048585,1.4096643178944386,0.2028618725195077,0.7231551154004724,0.1129864368709119,32.87264767171813,1.7114123521857487,0.007676399801147,2.941847489125676,0.0,0.0,131.05070032338782,0.0,111.06959941467382,cal_final_2008-09-30
07060710,hbv_lite_cma,evaluation,0.429367,0.241073,0.665732,0.028231,9.926391,13,explicit_euler_dt1,hbv,success,,27.49,0.648,1.6900000143993363,9.99999929945412,0.0905301647791919,1.012159926865951e-08,369.47990622838455,5.999997666028209,0.3405622873573781,0.8999999998159471,0.1364964503468108,22.857464629701493,2.014603873794972,0.0010000000002943,1.6100450412939935,0.0,0.0,309.2679896630044,0.0,684.3111143162535,cal_final_2008-09-30
07066000,hbv_lite_cma,evaluation,0.546242,0.553489,0.066547,-0.115355,0.639252,13,explicit_euler_dt1,hbv,success,,35.43,0.716,-1.0499991430335232,7.599055222081237,0.053522438920028,0.0521185059506001,626.0598685308095,3.735887679198796,0.8924286264159289,0.5334653021535676,0.1199363602201059,22.26014821359052,0.9714280602376324,0.0010000002192753,2.551964953771069,0.0,0.0,480.5334948579222,0.0,628.679014751896,cal_final_2008-09-30
07083000,hbv_lite_cma,evaluation,0.782969,0.684991,-0.252022,-0.205611,-0.994711,13,explicit_euler_dt1,hbv,success,,52.99,0.8437,2.499999999999877,6.101700543813285,0.0182296799804931,3.351891670491183e-12,463.3471734555125,1.000000000002374,0.999999999999249,0.0500000000000044,0.023316178826025,99.99999999900948,3.5909659458821985,0.0892695629686288,1.3839946576150035,0.0,0.0,180.54786583399004,0.0,3.974842603949292,cal_final_2008-09-30
07142300,hbv_lite_cma,evaluation,0.136633,-0.063333,-0.542498,-0.533291,2.951469,13,explicit_euler_dt1,hbv,success,,64.52,0.4494,-0.0184545056437537,4.295840117685672,0.0385497586859754,1.3637802757401028e-06,999.9999999808362,4.651581651532971,0.3789724674515772,0.8297863320181431,0.2809675240848281,82.03720511173097,0.0245034667097905,0.0788174399811025,6.039853810717583,0.0,0.0,222.2721429965513,0.0,0.0116650292275987,cal_final_2008-09-30
07145700,hbv_lite_cma,evaluation,0.536338,0.304983,0.630293,-0.030187,43.160566,13,explicit_euler_dt1,hbv,success,,27.76,0.6865,-0.8999454967659837,9.998153979261982,0.0481889517028515,1.4805274014476263e-05,162.61064086428246,4.313419055128627,0.9996385561832584,0.4429462715091715,0.3672635904164899,6.322569832341875,2.168082351872023,0.0010000045532478,1.0737330267976564,0.0,0.0,118.05763930157288,0.0,548.6586125349639,cal_final_2008-09-30
07167500,hbv_lite_cma,evaluation,0.418419,0.332262,0.399578,-0.050474,56.830424,13,explicit_euler_dt1,hbv,success,,27.51,0.6333,-1.961077074533005,3.2290009450661,0.0235076676386365,0.1012254185654819,223.81695026691847,5.999997605481435,0.9999964615277008,0.8523886549086617,0.1997313674195583,8.979805626952073,0.9293630477899996,0.0226592602304179,1.3273058389551275,0.0,0.0,177.8650980625112,0.0,21.14170261265368,cal_final_2008-09-30
07180500,hbv_lite_cma,evaluation,0.563631,0.627679,0.162786,-0.181479,10.830901,13,explicit_euler_dt1,hbv,success,,27.74,0.5948,-1.789999079236658,0.5000004420372998,0.0075536382348542,0.000127855132122,327.9653829444359,5.999999312062434,0.999999994257758,0.8999999923631535,0.1845709332389165,4.982893133120895,1.151248500495104,0.0010000042953048,1.000037841915942,0.0,0.0,281.60428468234915,0.0,375.6516535082178,cal_final_2008-09-30
07184000,hbv_lite_cma,evaluation,0.541885,0.486735,0.160594,-0.135333,96.048926,13,explicit_euler_dt1,hbv,success,,38.15,0.5335,-0.9009461125998895,9.99975672775411,0.0454239199524883,1.2303708891618706e-05,167.9085305131293,5.999996990493349,0.2000093328886221,0.5647916064545498,0.0287928710587229,2.8263645420000825,0.8893709607517281,0.0088000851617936,2.8130179492357765,0.0,0.0,116.89143340444052,0.0,42.322926484055166,cal_final_2008-09-30
07195800,hbv_lite_cma,evaluation,0.445641,0.492977,-0.030804,-0.100696,-0.314005,13,explicit_euler_dt1,hbv,success,,27.68,0.5794,2.2800003428105606,9.999999783397724,0.0314095653864189,3.565623206661925e-09,591.122772222307,3.615197123271993,0.2000000100819547,0.8999999902773713,0.2213542212264312,10.253044036045315,9.999999062055917,0.141800779379423,1.0330435233246598,0.0,0.0,435.9677108227045,0.0,2.7922333994773894,cal_final_2008-09-30
07196900,hbv_lite_cma,evaluation,0.465379,0.431059,0.330498,-0.157428,24.187156,13,explicit_euler_dt1,hbv,success,,27.74,0.6913,-0.6199273841587181,1.0201303250017126,0.0742160748603415,0.0138668204328063,421.8890352175938,5.99999918486075,0.8978741408773021,0.8999999161321043,0.0823658524057852,29.53723559452202,1.4716704136122372,0.0010000001527969,1.481602978419977,0.0,0.0,353.74493696254103,0.0,806.0369985537731,cal_final_2008-09-30
07197000,hbv_lite_cma,evaluation,0.667999,0.635258,0.216848,-0.118277,3.852578,13,explicit_euler_dt1,hbv,success,,27.72,0.7416,-2.110143282787748,0.8321142948279392,0.0781859320882403,0.1698305384987145,504.28623867710377,4.197170066946287,0.6457087745480901,0.6107205838325768,0.089943731086343,33.03149683012157,0.9363263198844668,0.0010000256507983,1.178373054457792,0.0,0.0,388.9914963815606,0.0,601.5132719676278,cal_final_2008-09-30
07208500,hbv_lite_cma,evaluation,0.474606,0.485608,-0.142662,-0.295214,0.109094,13,explicit_euler_dt1,hbv,success,,81.79,0.7647,-0.450001030674469,9.99999676456771,0.0999999979938549,0.1999999053730261,999.9999468336528,4.264313974560226,0.8395033444361848,0.7706973507275294,0.0249691188493343,67.83958387641354,1.0634687869453274,0.0680967473211543,9.106049612135564,0.0,0.0,473.4298021867342,0.0,0.631116391291901,cal_final_2008-09-30
07261000,hbv_lite_cma,evaluation,0.518398,0.646169,-0.015084,-0.21331,50.197235,13,explicit_euler_dt1,hbv,success,,27.83,0.7662,-2.4698418034747065,8.255399732678798,0.0163681379790478,0.1891576676188031,232.9923232023964,5.999991134510785,0.2000001728764337,0.5290945119433896,0.2022836613582796,35.402155513062084,1.16270430076403,0.0125579625480261,1.2348955364680565,0.0,0.0,176.02263381945633,0.0,52.30109941422903,cal_final_2008-09-30
07263295,hbv_lite_cma,evaluation,0.650483,0.685673,0.266272,-0.012869,200.550614,13,explicit_euler_dt1,hbv,success,,27.36,0.703,-1.889999828860462,1.350803265255742,0.0951431028419515,3.339056287523981e-09,231.7554648648348,5.999999988642806,0.2000000000451665,0.899999999657385,0.4999999964668324,8.34216243127055,3.253090453599033,0.0344842756415916,1.047590484216665,0.0,0.0,178.464904621439,0.0,21.39433687820407,cal_final_2008-09-30
07291000,hbv_lite_cma,evaluation,0.605665,0.582338,0.263288,-0.115081,2.927826,13,explicit_euler_dt1,hbv,success,,24.65,0.6286,1.4799664470159763,1.0329285272200046,0.042704860580978,0.0229766765576933,375.2144404650573,5.999999999694121,0.2000000001996964,0.8999999999849718,0.2853386503680876,15.24557270899311,4.016886683206989,0.0010000000009933,1.4870053747985006,0.0,0.0,303.6303095532885,0.0,825.8917555463272,cal_final_2008-09-30
07299670,hbv_lite_cma,evaluation,0.546239,0.324139,0.449915,-0.184065,2.995542,13,explicit_euler_dt1,hbv,success,,28.0,0.2375,1.1150401050857155,1.2907247820422103,0.0051346879160158,7.68514816707827e-06,418.46064555135104,1.5661456054858591,0.2055813052114369,0.5875028668256473,0.0100053265742518,1.8813385454190457,1.6509433206730972,0.0010001603513572,1.2089493956323183,0.0,0.0,112.03588896801593,0.0,129.70037506297174,cal_final_2008-09-30
07301410,hbv_lite_cma,evaluation,0.434061,0.673019,-0.188726,-0.138531,1.445916,13,explicit_euler_dt1,hbv,success,,29.32,0.1109,-1.8832618040759947,6.929660523159504,0.0024309281643299,0.0616992433209738,999.9928847907044,3.704184461927479,0.5059817216538718,0.2252878601359478,0.4072367604871392,0.1447103685712555,0.6594520617256014,0.0923069990530744,1.5551593532541483,0.0,0.0,351.11902341008886,0.0,0.2674935877575452,cal_final_2008-09-30
07315200,hbv_lite_cma,evaluation,0.47242,0.257281,0.478092,-0.33638,15076.854642,13,explicit_euler_dt1,hbv,success,,35.46,0.6002,-2.040031374978282,0.6574015953475124,0.0934812875875076,0.1188511507306232,216.968381294354,5.999999255175835,0.200315080106146,0.1446155338865339,0.4138658776698662,99.78200469844856,3.391446048191616,0.0010000000096967,2.317974964788215,0.0,0.0,60.48507651844947,0.0,144.53856026056766,cal_final_2008-09-30
07315700,hbv_lite_cma,evaluation,0.483936,0.246872,0.436455,-0.271191,201.025646,13,explicit_euler_dt1,hbv,success,,51.88,0.6349,-1.2658548800067633,1.7325494246162687,0.0629134342129232,0.1929192536866599,593.7817238011885,2.849037329952192,0.7909375951182502,0.4752467094543898,0.0549023509179107,5.628238358604562,0.9607214380292292,0.0010000020736637,4.139518098990914,0.0,0.0,302.6712095868488,0.0,335.6533820398549,cal_final_2008-09-30
07335700,hbv_lite_cma,evaluation,0.550505,0.56116,-0.13002,-0.258028,3.116398,13,explicit_euler_dt1,hbv,success,,27.7,0.6291,-2.498775350896244,2.3752223606478853,0.069316264944046,0.1999994880226497,327.508139874011,5.999996434198113,0.2000001162089514,0.8999999927317885,0.4310957502106411,17.271892284475783,2.4413673053193152,0.1786218794117036,1.0475479896967563,0.0,0.0,269.1994020046721,0.0,0.7275153572554834,cal_final_2008-09-30
07340300,hbv_lite_cma,evaluation,0.574934,0.579035,0.160832,-0.154251,4.409817,13,explicit_euler_dt1,hbv,success,,27.77,0.7237,-2.499207914564657,4.557101833971171,0.0720703872666105,0.1993222334434391,249.4166605285293,1.000000240375712,0.2558326248516084,0.7830161244545011,0.2088041584666012,18.32509006668718,1.4879375002873625,0.0010000000484581,1.0080168415461068,0.0,0.0,145.27926450817057,0.0,837.087470473034,cal_final_2008-09-30
07346045,hbv_lite_cma,evaluation,0.727471,0.786668,0.158737,-0.001138,2.611498,13,explicit_euler_dt1,hbv,success,,75.54,0.7645,-2.48162328347621,6.721079968869981,0.0918744746908045,0.1978548972110443,458.454843232529,2.6621276016903312,0.2000000000000115,0.2438740691361362,0.1214496979306952,17.1629058560018,2.59160801939578,0.0888629405336662,7.303683001023881,0.0,0.0,201.27044882344063,0.0,2.309609019458026,cal_final_2008-09-30
07359610,hbv_lite_cma,evaluation,0.53316,0.526563,0.174644,-0.07287,1.540855,13,explicit_euler_dt1,hbv,success,,27.53,0.6757,1.069998334524254,0.6588093630885556,0.07212927119803,0.1499209313596045,255.50659552299177,4.720377863600497,0.9999999986797364,0.6354566380293143,0.2300324444723817,17.140864800770306,2.106526227799704,0.0129435803226118,1.3459501449317528,0.0,0.0,207.60235149043064,0.0,85.92979854178829,cal_final_2008-09-30
07362100,hbv_lite_cma,evaluation,0.619422,0.56389,0.227449,-0.029236,11.467637,13,explicit_euler_dt1,hbv,success,,52.47,0.6459,-0.3400802510843297,0.8872958736203133,0.099600937493011,0.0515137740955254,432.6074277605632,2.390162407133146,0.2000155579899848,0.2516549596018437,0.2512424437172217,25.31915544740462,0.4686556080822434,0.0010000007539236,4.037402919943228,0.0,0.0,240.86548905270976,0.0,260.6949100432647,cal_final_2008-09-30
07362587,hbv_lite_cma,evaluation,0.54316,0.53531,0.150104,-0.190125,117.422266,13,explicit_euler_dt1,hbv,success,,27.72,0.5766,0.1658651396623778,0.5220725866109625,0.0485890148289359,0.1995910246086107,142.12680846254,5.999628515617041,0.2442340765659339,0.8999999810886796,0.499999846195227,0.0001335392448996,5.75297374857217,0.0190518498307192,1.7042427690369903,0.0,0.0,91.9139913098276,0.0,44.60299812369937,cal_final_2008-09-30
07375000,hbv_lite_cma,evaluation,0.637663,0.532407,0.098182,-0.187092,1.37796,13,explicit_euler_dt1,hbv,success,,35.93,0.5897,1.6768270814962776,0.5005058724815962,0.0965923639003976,0.1679034799220052,417.59065921268143,5.999995406435252,0.2000701579002477,0.5469683751666385,0.2137404126519224,35.065011129585656,3.334120181883527,0.0010000153343643,2.9198254938139194,0.0,0.0,356.79302010067187,0.0,1004.4556466786402,cal_final_2008-09-30
08013000,hbv_lite_cma,evaluation,0.702973,0.652543,0.05821,-0.245404,9.491187,13,explicit_euler_dt1,hbv,success,,60.07,0.7418,1.3500417630301214,9.999714178730438,0.0675662040231596,0.0530068101776047,225.4563643970674,5.999998402354331,0.2000011511942162,0.2676399436485396,0.1650948017821285,38.60658410511746,1.9129464849037507,0.0010000000304195,6.162713529003725,0.0,0.0,153.10672330438192,0.0,648.3120752031925,cal_final_2008-09-30
08014500,hbv_lite_cma,evaluation,0.677573,0.637764,0.183238,-0.142761,2.156758,13,explicit_euler_dt1,hbv,success,,59.45,0.6751,0.9832288569024468,4.727996306574602,0.0260004528087173,0.1644118030196427,504.66283600262375,5.422912047443809,0.5294452790175403,0.3904520595807946,0.2708521256221873,72.6826993005163,3.688453794120376,0.0010000000049171,5.553308959884292,0.0,0.0,338.8098168988929,0.0,1009.4334951705912,cal_final_2008-09-30
08023080,hbv_lite_cma,evaluation,0.596942,0.584114,0.303937,-0.046625,321.811848,13,explicit_euler_dt1,hbv,success,,35.89,0.6835,-1.9237205263464552,0.9309676687594212,0.0716267933420921,0.0182053472771904,346.29880696546775,5.999999999958921,0.3248249483858925,0.6078385876434126,0.3958320789952368,39.34781583311419,1.161541369306357,0.0057319425699564,2.387561048184912,0.0,0.0,86.19362750617842,0.0,34.42827070231911,cal_final_2008-09-30
08050800,hbv_lite_cma,evaluation,0.290228,0.227363,0.194828,-0.535082,,13,explicit_euler_dt1,hbv,success,,27.73,0.5065,-0.1200449042476341,4.970521930590537,0.0999361696415825,0.0167448331645358,220.7950410080969,5.999999567611727,0.2000000123808302,0.8999998295912326,0.3564656138129192,29.14489233945392,8.942225511081674,0.0010000000129223,1.0541498135991476,0.0,0.0,66.37298918904176,0.0,526.7114283193445,cal_final_2008-09-30
08066200,hbv_lite_cma,evaluation,0.546521,0.294053,0.500727,-0.125451,53.220923,13,explicit_euler_dt1,hbv,success,,27.47,0.6191,-2.4226460425236,1.2749277130781531,0.0992161665118502,0.1959574760150791,367.2463732529802,1.000000378483206,0.2000000136452055,0.8692203565003698,0.1668694374789851,15.921049565671536,2.079776251046431,0.0010000000040225,1.6579206849068258,0.0,0.0,164.72557260376058,0.0,719.6843190823465,cal_final_2008-09-30
08066300,hbv_lite_cma,evaluation,0.507015,0.438577,0.398146,-0.180512,6.249332,13,explicit_euler_dt1,hbv,success,,55.26,0.6662,-0.6667943306005666,1.9083390872497623,0.0079396488684268,0.0001610564041228,465.18593760385824,2.90719601939091,0.5355562691030324,0.8999999998675409,0.2752640174171459,36.932305508920784,4.333847720639316,0.0010000000000023,4.6774898972569785,0.0,0.0,334.1052680053581,0.0,856.0583447652418,cal_final_2008-09-30
08070000,hbv_lite_cma,evaluation,0.492848,0.324654,0.390321,-0.09717,9.898711,13,explicit_euler_dt1,hbv,success,,47.92,0.6009,-1.115525688354622,3.4523971200324515,0.0290864721121527,0.034299144509413,813.8313360575137,5.999999997158402,0.8371593406744713,0.3666108602785443,0.0292789124367655,8.441832844618968,1.3232996789405072,0.0010000000000218,4.605863952504356,0.0,0.0,650.84533964127,0.0,635.7787282952359,cal_final_2008-09-30
08070200,hbv_lite_cma,evaluation,0.472371,0.340287,0.354609,-0.055861,7.522579,13,explicit_euler_dt1,hbv,success,,63.7,0.6531,-2.44288701929622,9.928332591073172,0.0114629530764694,0.1153222421547034,666.2085408191091,4.488024545049367,0.6205290974923732,0.6916838083081484,0.3105482827386957,83.74688880348403,1.4193840120627073,0.0010000000000002,6.848634251690392,0.0,0.0,477.2951217851733,0.0,497.34679168331655,cal_final_2008-09-30
08082700,hbv_lite_cma,evaluation,0.220888,-1.527906,2.419032,0.140001,,13,explicit_euler_dt1,hbv,success,,35.82,0.5824,-2.4848984858545946,4.686027463568098,0.0446602537840209,0.1883433172466546,127.4577206858936,3.800474384097704,0.3582363515346068,0.6582213112883252,0.0308453441846529,21.04281356732284,1.7261877303708482,0.001000000001697,2.3127955596308523,0.0,0.0,33.462436595694484,0.0,158.09813856605646,cal_final_2008-09-30
08086212,hbv_lite_cma,evaluation,0.528433,-0.105635,1.009859,-0.218035,112122.401497,13,explicit_euler_dt1,hbv,success,,27.94,0.6984,-0.4860906693314009,9.828288516708191,0.0420744666497031,0.1271198801190601,458.6692473076636,5.99999993191622,0.8222963119894415,0.8999999999059919,0.4999999980257812,1.4115560272930898e-07,4.521551876870994,0.0010000000171079,1.5243140949263188,0.0,0.0,213.97274892062987,0.0,196.47539540544005,cal_final_2008-09-30
08086290,hbv_lite_cma,evaluation,0.418025,-0.054258,0.922414,-0.214196,16128.399161,13,explicit_euler_dt1,hbv,success,,27.75,0.6826,1.5525666767039183,1.901416598242398,0.0695894130400587,0.1999907415530216,504.95021881369047,4.7162506952453045,0.7172395524032913,0.8999999130761807,0.4999998916831745,9.282751556384716e-09,2.553722928617004,0.0010000000435897,1.6242789897886656,0.0,0.0,200.3619250704807,0.0,195.59053060463785,cal_final_2008-09-30
08101000,hbv_lite_cma,evaluation,0.687734,0.714233,-0.059156,-0.381148,79.084249,13,explicit_euler_dt1,hbv,success,,27.65,0.6103,0.8200010657263213,1.7408571010995315,0.0186282967013703,0.18196037505321,298.63123113533186,5.999999999877663,0.2000000054206354,0.8945055139259499,0.3020795620651388,10.249231340750658,1.7238472302922023,0.0020862260302246,1.7049335350056851,0.0,0.0,13.828070879946097,0.0,61.69456122995793,cal_final_2008-09-30
08103900,hbv_lite_cma,evaluation,0.494453,0.610718,0.303885,-0.055519,,13,explicit_euler_dt1,hbv,success,,27.56,0.5091,2.499765980407499,5.398735525370171,0.0256450317243575,0.0885166558392543,305.9456302289672,5.218456113443338,0.3696554718574224,0.8999982280559665,0.2074465881374186,14.688093982351418,1.6770996511934066,0.0033242696577134,1.155450878527091,0.0,0.0,27.0735547652316,0.0,35.27126469572816,cal_final_2008-09-30
08104900,hbv_lite_cma,evaluation,0.427945,0.276801,0.646333,-0.289011,182.439507,13,explicit_euler_dt1,hbv,success,,26.49,0.4364,1.5762672545690322,0.5004795170458968,0.058996030279278,0.1214615554549139,221.01724552288732,5.999990858561011,0.9999982916543346,0.8999969688922653,0.4999933130591373,2.450235238828653,9.999850491055335,0.001000012828619,1.0181274692593167,0.0,0.0,63.97448514783348,0.0,520.350549177475,cal_final_2008-09-30
08109700,hbv_lite_cma,evaluation,0.57247,-0.220171,1.200942,0.267688,753.882598,13,explicit_euler_dt1,hbv,success,,48.19,0.6346,-2.487519525012999,5.9876332424439465,0.0736847407352389,0.175586138454341,306.71909738509146,2.638035437383495,0.3949959909827306,0.6236407651426183,0.1782406455570035,20.531776514244683,1.8200310279242584,0.0010000000043581,4.447195607478408,0.0,0.0,28.97869140502416,0.0,367.8612513322444,cal_final_2008-09-30
08150800,hbv_lite_cma,evaluation,0.150476,-0.659504,1.520009,0.201733,109.282206,13,explicit_euler_dt1,hbv,success,,27.55,0.3502,1.1708195980169496,1.884106445538225,0.008450448766057,0.0615547329699929,999.9999805145789,1.8621531950384016,0.3477692564953004,0.3538494745772355,0.499994253657877,2.3056995748252875,1.685951671688369,0.0010000000519446,1.8157840863518933,0.0,0.0,126.20652644712092,0.0,172.90855441814463,cal_final_2008-09-30
08158700,hbv_lite_cma,evaluation,0.709962,0.604762,0.338121,-0.020694,31.85277,13,explicit_euler_dt1,hbv,success,,26.96,0.612,-0.7446988027880823,4.579260285915694,0.046128345264651,0.082943205259992,677.7724717497964,3.222227126222778,0.7863674292683398,0.8999999556273234,0.417432555267026,19.1107599251094,4.856837398467458,0.0612801736754491,1.9751672170779169,0.0,0.0,219.9291263512821,0.0,0.3155682087965286,cal_final_2008-09-30
08158810,hbv_lite_cma,evaluation,0.616691,0.234142,0.745602,0.245532,492.259761,13,explicit_euler_dt1,hbv,success,,27.52,0.6247,2.49999975103054,0.500000031109809,0.0430456348546125,0.1999996120236993,319.62135503093464,2.5936759719688443,0.8636877310662416,0.899999999999949,0.4999999961156074,11.480258263857197,7.923217824002876,0.0502877634397066,1.4685429970500627,0.0,0.0,79.52979004911958,0.0,0.4875660229011709,cal_final_2008-09-30
08164300,hbv_lite_cma,evaluation,0.572138,0.228247,0.613568,0.023297,86.674272,13,explicit_euler_dt1,hbv,success,,35.52,0.5851,-0.00510827465575,2.665317586555332,0.0001597491375881,0.0660410982879651,544.5558550163582,5.999999999104266,0.9574892661264728,0.2666335082632846,0.3407822911164037,14.68235310600447,1.9634597268791127,0.0010000000005117,2.8448944034181056,0.0,0.0,199.141802047525,0.0,381.9939845763504,cal_final_2008-09-30
08164600,hbv_lite_cma,evaluation,0.690452,0.429271,0.472361,-0.125558,477.404057,13,explicit_euler_dt1,hbv,success,,27.56,0.6389,0.3548114548295928,4.423182943317759,0.0720488645585427,0.0609050360297531,118.38627535153692,5.753133227614379,0.2000000404762334,0.3595249918290431,0.4865738100993048,99.83148044343103,5.700989545057494,0.0010000000000241,1.2639129570590362,0.0,0.0,3.616511303658307,0.0,533.7870657347104,cal_final_2008-09-30
08165300,hbv_lite_cma,evaluation,-0.005127,-0.666765,1.577895,0.495577,3.88638,13,explicit_euler_dt1,hbv,success,,28.23,0.1071,2.3395913750843738,7.92180385414,0.0234060011115884,0.1553516463836217,400.2472228122213,1.000000000000017,0.259241596132125,0.8731630042781882,0.4999999999999693,45.77416373243547,7.51621055230919,0.001,1.0621266096341475,0.0,0.0,27.14914932565473,0.0,445.93324147133296,cal_final_2008-09-30
08171300,hbv_lite_cma,evaluation,0.642238,0.228508,0.740032,-0.056336,44.96147,13,explicit_euler_dt1,hbv,success,,28.15,0.6803,2.3996684756642903,0.5613272982774249,0.0659158543430997,6.938747186894265e-06,401.4681242761165,2.5323766162542443,0.797122937635264,0.7074925980636083,0.1162440642588004,20.635118222350368,2.2181509313870853,0.0010000000576003,1.641640600516216,0.0,0.0,122.62126120296618,0.0,446.2970624061298,cal_final_2008-09-30
08175000,hbv_lite_cma,evaluation,0.457301,-0.217554,1.129969,-0.117627,98.626456,13,explicit_euler_dt1,hbv,success,,47.57,0.5128,2.481911917982351,2.026582703443949,0.0882390613863807,0.033279077927415,155.75079388148004,2.83021179320238,0.2000000000369677,0.5948560181874041,0.2149498683340457,40.97414219460461,5.60839979904291,0.0010000000029882,3.119150265433382,0.0,0.0,2.376480196684569,0.0,393.7604269977985,cal_final_2008-09-30
08176900,hbv_lite_cma,evaluation,0.325668,-0.389731,1.28715,0.093694,233.707718,13,explicit_euler_dt1,hbv,success,,30.32,0.5703,1.2300010878865049,6.847759289289991,0.0859573282046043,0.0655687684916619,243.64101016746687,5.9999999956220496,0.8270907995942913,0.8999999996714073,0.1357591866786812,26.616583175226072,3.073740838680628,0.0010000000000011,1.948994382314698,0.0,0.0,81.29558429677343,0.0,379.0875203091825,cal_final_2008-09-30
08178880,hbv_lite_cma,evaluation,-0.238127,-0.387089,1.264998,0.557218,7.943193,13,explicit_euler_dt1,hbv,success,,48.15,0.2936,-1.1230616909133095,9.957748239857784,0.0238769552859865,0.0002342927341082,50.00000000000049,1.311314288736431,0.2219091867546843,0.6791029046855025,0.0688913949485921,35.35939119808242,1.8149711093035807,0.0010000000009809,3.604742971877607,0.0,0.0,0.0135929209070907,0.0,454.88120041761255,cal_final_2008-09-30
08189500,hbv_lite_cma,evaluation,0.579504,-0.440085,1.422639,0.136295,79.809789,13,explicit_euler_dt1,hbv,success,,37.63,0.6546,-0.951827048389291,8.211370859716208,0.0976459263791701,0.1525807647296788,186.0571371622505,2.5578646346524634,0.2000000000003969,0.5628821296553944,0.3159223742392673,27.14705132591746,4.041575958656876,0.001,2.818813710865995,0.0,0.0,7.22848902033849,0.0,365.2112321823851,cal_final_2008-09-30
08190000,hbv_lite_cma,evaluation,0.490881,0.207912,0.597118,-0.132511,5.640019,13,explicit_euler_dt1,hbv,success,,27.72,0.5868,1.021369911907251,1.2005136352625594,0.0041295934824085,0.1267762510921212,573.7025298741628,1.0000000021099316,0.3207294270494626,0.899999995227756,0.1479100412888458,11.274481027882704,2.1043762390607137,0.0010000000026297,1.0003130853187796,0.0,0.0,65.00353623512598,0.0,318.52170168145847,cal_final_2008-09-30
08190500,hbv_lite_cma,evaluation,0.073606,-0.099815,-0.251456,-0.545021,23.634199,13,explicit_euler_dt1,hbv,success,,28.16,0.1897,-1.2732149122645222,5.083691591341748,0.0987382101712865,0.0219374503091258,999.9999998412584,2.5477049836452834,0.276871705344262,0.8684747366425309,0.3696435700211704,2.7190070930082286,0.3789407574964767,0.0592107155350316,1.5152335221428603,0.0,0.0,114.82402165562866,0.0,0.0721143021427723,cal_final_2008-09-30
08194200,hbv_lite_cma,evaluation,-0.43071,-1.043613,1.9308,1.082022,,13,explicit_euler_dt1,hbv,success,,35.44,0.2393,0.4273765597045598,8.707411227403341,0.0372213456939689,0.1836414764731773,221.1822217520697,1.585368818045027,0.2000000000004193,0.4694089988232732,0.4233491880211453,10.502237717731225,6.124611896114863e-11,0.1062089089920511,2.152665778230272,0.0,0.0,79.3475754159975,0.092623745530208,5.15410957572161e-10,cal_final_2008-09-30
08195000,hbv_lite_cma,evaluation,0.401928,0.401579,0.307449,0.096579,0.914849,13,explicit_euler_dt1,hbv,success,,24.64,0.2096,-0.2959092750941945,5.247405565434092,0.0790541492845056,0.1162211406649473,999.9999999999984,1.0000000000000224,0.3406554841473816,0.8999999999999998,0.2984532545873841,10.818224887875056,2.334536309058822,0.0403708237795076,1.833478828304837,0.0,0.0,113.86293185942898,0.0,3.3002255422619777,cal_final_2008-09-30
08196000,hbv_lite_cma,evaluation,0.300952,0.327553,0.197341,-0.086357,2.561674,13,explicit_euler_dt1,hbv,success,,25.96,0.1036,-1.8195099535992527,4.457491402914068,0.0492128969923424,0.0014139487267241,999.9999940856316,1.7926421440857323,0.6012356043545048,0.8999990678641079,0.0426619582189216,2.2069249223773,1.3652333306052744,0.0663412728919979,1.9737018745613983,0.0,0.0,243.14487780057783,0.0,1.0701490523718242,cal_final_2008-09-30
08198500,hbv_lite_cma,evaluation,-0.642491,-2.60254,3.552787,0.93411,201.322315,13,explicit_euler_dt1,hbv,success,,39.05,0.1356,2.1104512597874256,8.752699613708621,0.0467498386021096,0.0593879675638244,50.00000000004485,4.276166218736116,0.615716119484647,0.0528718269453557,0.4382175396984193,94.40139555658564,7.843755568704872,0.0010000000008839,4.589231224079354,0.0,0.0,2.711259137331945,0.0,427.98450035389607,cal_final_2008-09-30
08200000,hbv_lite_cma,evaluation,0.398923,0.304995,0.542093,0.162258,10.82324,13,explicit_euler_dt1,hbv,success,,51.84,0.1833,-2.0723743728929627,4.3640939277001065,0.0508038620081186,0.0059380304950037,68.18454338017835,2.1471915762806346,0.2588546690977515,0.8034831951642971,0.0100213696534788,35.53018852544739,1.4728585518406505,0.1999999987443013,4.446328297685209,0.0,0.0,0.2567622940841448,0.0,0.0038235313308447,cal_final_2008-09-30
08202700,hbv_lite_cma,evaluation,-0.032067,-3.930919,4.872888,4.872888,,13,explicit_euler_dt1,hbv,success,,28.08,0.2851,0.136983058152067,9.7734930082328,0.095158851418459,0.0764424949624732,167.846537367224,5.998735269144773,0.2024137862253866,0.8998793527947533,0.0100002427698297,72.59679970424017,0.8880308916022361,0.0010001127537238,1.5321434841226962,0.0,0.0,5.149583344994993,0.0,188.1783673121855,cal_final_2008-09-30
08267500,hbv_lite_cma,evaluation,0.519501,0.710545,-0.180315,-0.085709,-0.766053,13,explicit_euler_dt1,hbv,success,,84.96,0.7313,1.690100162377993,5.175581120614328,3.93195821530034e-07,0.1999902253638278,119.0987635570538,1.4358570498364864,0.4388474626112701,0.1525383207289605,0.0121655768901259,99.96777441474944,6.49602500247862,0.0268546629603523,9.99337355774224,0.0,0.0,11.453746536657622,0.0,10.16308472401332,cal_final_2008-09-30
08269000,hbv_lite_cma,evaluation,0.549743,0.567933,-0.264608,-0.314219,-0.548634,13,explicit_euler_dt1,hbv,success,,71.86,0.6545,2.489999993395605,7.89137729838098,0.0615687048332552,8.877263810938511e-13,396.97598008062,3.80836150050555,0.9999999999680887,0.4901985107088099,0.0100000012814058,77.70090178794973,5.545334792047793,0.0445025389456408,7.619464751467722,0.0,0.0,203.1988074774116,0.0,2.253377856767018,cal_final_2008-09-30
08271000,hbv_lite_cma,evaluation,0.649573,0.66646,-0.270243,-0.239589,-0.790811,13,explicit_euler_dt1,hbv,success,,33.07,0.7349,0.5599997292949959,3.1572806419636588,0.0999977341988029,0.0366743898322489,163.3944642714976,1.6872277957651822,0.9999999925016528,0.8422826505249723,0.0422215718692709,99.9999913415036,9.999997564102944,0.0314374429671845,1.4037874043270029,0.0,0.0,57.12746618550206,0.0,12.841711547646812,cal_final_2008-09-30
08324000,hbv_lite_cma,evaluation,0.687133,0.744141,-0.13821,-0.229488,-0.103099,13,explicit_euler_dt1,hbv,success,,45.63,0.7624,0.8500000199336766,6.652356702276728,0.09674062472357,6.301663469600411e-09,524.7744713927414,2.7322441437126894,0.4754942982514962,0.4259801889553495,0.3033826602801379,80.94160718372783,8.27464862577681,0.0351374985705926,1.3739035939433788,0.0,0.0,133.61781036319846,0.0,1.116084957948332,cal_final_2008-09-30
08377900,hbv_lite_cma,evaluation,0.528103,0.536918,-0.144839,-0.336399,-0.035331,13,explicit_euler_dt1,hbv,success,,57.99,0.7658,-0.0399962238571607,2.959590023486737,0.0531577553951346,1.6040747819973e-09,788.7619537694671,2.7691426043754706,0.6954563335693116,0.6876371129593197,0.1728174437528806,65.2724692218457,8.062957523080996,0.0609744785880672,1.5186859566829645,0.0,0.0,432.3916475325803,0.0,5.416998407348468,cal_final_2008-09-30
08378500,hbv_lite_cma,evaluation,0.452746,0.542226,-0.146004,-0.328504,-0.206885,13,explicit_euler_dt1,hbv,success,,47.69,0.7551,-1.0900003457667442,1.4462660103664504,0.0052666091127285,0.0524176439102608,802.0769720113263,4.736267164468544,0.973185337037161,0.4554010907794201,0.1132426994766249,87.20682197733147,3.205907224067394,0.0449281992391714,1.5781636158455408,0.0,0.0,556.4774101426192,0.0,7.700515809731198,cal_final_2008-09-30
08380500,hbv_lite_cma,evaluation,0.329489,0.273625,-0.251495,-0.51008,0.385982,13,explicit_euler_dt1,hbv,success,,54.94,0.6162,0.4000000157127079,1.1778625966670968,0.0991645958563947,2.0086057966497463e-10,214.52875914050404,2.319282046482264,0.6090132200935581,0.6536005425652954,0.2265601466465838,81.74135785399635,1.502379895455076,0.0330836668037227,1.2404896290754448,0.0,0.0,79.48091201479988,0.0,7.819682328490923,cal_final_2008-09-30
09035800,hbv_lite_cma,evaluation,0.839438,0.805403,-0.154284,-0.112851,-0.78767,13,explicit_euler_dt1,hbv,success,,40.05,0.8573,-1.250143411409905,1.3220934478601565,0.0991352788953469,0.0092944497491098,86.8820132142785,1.5739926134806677,0.9142536316387058,0.4488250080324766,0.3575123040704558,32.4709808516957,7.479742823644473,0.0406015137660195,1.6040078020541229,0.0,0.0,29.83060764589224,0.0,9.46831727458416,cal_final_2008-09-30
09035900,hbv_lite_cma,evaluation,0.849283,0.797978,-0.173832,-0.082786,-0.939736,13,explicit_euler_dt1,hbv,success,,34.01,0.8229,0.9527872545300388,2.5934568392953103,0.0087507633786934,6.528267780647911e-12,50.00000003596937,1.000000000315253,0.9999999997783952,0.8999999990350723,0.0127129767829033,99.99999999568112,6.690065949671445,0.0543071557768271,1.7615260888571205,0.0,0.0,15.951124732874886,0.0,9.416951045908943,cal_final_2008-09-30
09047700,hbv_lite_cma,evaluation,0.788253,0.651111,-0.268842,-0.156057,-0.789888,13,explicit_euler_dt1,hbv,success,,53.12,0.77,0.4299999689387848,4.220913312006777,0.0918342134977662,1.681226812526354e-11,997.5672401651524,1.0000000000058074,0.2647724058007425,0.2943538984220012,0.0238519480690708,84.56707090502968,9.850507055043614,0.0409800936738868,1.998780774191972,0.0,0.0,176.80612058215797,0.0,9.30040154371272,cal_final_2008-09-30
09065500,hbv_lite_cma,evaluation,0.705505,0.66848,-0.276027,-0.254581,-0.884629,13,explicit_euler_dt1,hbv,success,,31.37,0.822,-0.5700004274309785,2.662649404842265,0.0999999941416279,0.0163204652029557,58.747138251006135,1.0000004112698304,0.999999942743334,0.1450378825664843,0.4616689756147478,99.59461036994544,9.999999311954651,0.059008130083336,1.880442930874812,0.0,0.0,19.919102126340693,0.0,8.749888260133462,cal_final_2008-09-30
09066000,hbv_lite_cma,evaluation,0.80487,0.717969,-0.234361,-0.183555,-0.748107,13,explicit_euler_dt1,hbv,success,,30.48,0.907,-1.4900003550585197,3.195178791119016,0.0748166756567363,8.607695652688485e-12,228.744967885924,2.6759572208094364,0.9217649997747042,0.0826234029764176,0.0841743837307147,69.77691155028275,9.999999607855267,0.0467895644369455,1.1501349170532575,0.0,0.0,106.06112795198418,0.0,5.587390025701688,cal_final_2008-09-30
09066200,hbv_lite_cma,evaluation,0.656023,0.655947,-0.192865,-0.291644,-0.605174,13,explicit_euler_dt1,hbv,success,,31.17,0.7503,-0.6100001377679161,5.747190700818389,0.0226100646945602,3.827670654768212e-09,996.1163517082408,1.0000000633871866,0.6912198795679316,0.0983950209238419,0.0284267174153858,99.99999967787556,9.999999918477757,0.0524142601092994,1.0083338150947077,0.0,0.0,425.974324406599,0.0,13.025748793553245,cal_final_2008-09-30
09066300,hbv_lite_cma,evaluation,0.688956,0.68998,-0.183607,-0.263177,-0.274065,13,explicit_euler_dt1,hbv,success,,33.98,0.8469,-0.1900000174291909,5.212776316703303,0.0884473639248938,4.0855888439027874e-11,999.9999999642446,1.8201803031403745,0.3561318655743036,0.4612192572648647,0.0341261835027062,99.99999871472872,7.383981671525207,0.0462904022855896,1.9183633408624008,0.0,0.0,414.51842285371896,0.0,8.967824281678121,cal_final_2008-09-30
09081600,hbv_lite_cma,evaluation,0.769448,0.876952,-0.038175,-0.065965,-0.567801,13,explicit_euler_dt1,hbv,success,,36.57,0.819,-1.010000001274748,1.78100524264495,0.0927148106673228,3.9856686401453463e-13,171.0473163673775,1.00000000039509,0.841083544444786,0.5592060490604405,0.244412037651687,64.0729873788965,9.99999999979487,0.0381257832007983,1.9357620561691624,0.0,0.0,41.04700135940068,0.0,14.7230341352673,cal_final_2008-09-30
09107000,hbv_lite_cma,evaluation,0.777304,0.808365,-0.158165,-0.07839,-0.876321,13,explicit_euler_dt1,hbv,success,,44.3,0.8436,-0.8400003573347994,3.400152885477393,0.0544399351838602,1.1315428529861936e-11,980.9166036869656,1.0000000244637242,0.5124281804034492,0.4738469135763214,0.1169514393050785,79.67102401949063,9.35266419070336,0.0390661852214601,1.000410921966174,0.0,0.0,272.1812210842833,0.0,10.830372220903133,cal_final_2008-09-30
09210500,hbv_lite_cma,evaluation,0.554579,0.749928,-0.002002,-0.09038,0.032839,13,explicit_euler_dt1,hbv,success,,36.55,0.7375,-0.849999989760466,1.5212567728597075,0.0297820800501051,5.192498480455361e-10,999.9999916567032,1.3000769562306311,0.9999997257555282,0.5935040581321566,0.1896572161255528,51.0145364560961,4.924806891355532,0.0361051792519711,1.0140163364347812,0.0,0.0,323.05985133192974,0.0,5.09211145275288,cal_final_2008-09-30
09223000,hbv_lite_cma,evaluation,0.685357,0.711817,-0.142047,-0.161707,-0.272095,13,explicit_euler_dt1,hbv,success,,67.89,0.8595,0.3600000144914279,4.76159641779015,0.0880689848778698,6.3459989767044695e-12,999.9999993992686,1.7640789200163431,0.9056776903614204,0.0500000024644481,0.0220157047475736,32.90921596529001,2.3464626035455725,0.0622790904952358,1.0134897374361782,0.0,0.0,384.7584955795351,0.0,2.4596156485479503,cal_final_2008-09-30
09306242,hbv_lite_cma,evaluation,0.502222,0.5191,-0.174214,-0.282955,0.241484,13,explicit_euler_dt1,hbv,success,,78.71,0.5537,-0.8199968744603259,1.0320571497784323,3.804020039032751e-09,0.0913197724982152,999.9999981354016,5.905756567394472,0.9999999999989058,0.0991643818692572,0.4943718223251682,64.71954083671346,8.824717278099902,0.044722345147606,6.4473611724913145,0.0,0.0,441.2625613029784,0.0,0.1580483884998951,cal_final_2008-09-30
09312600,hbv_lite_cma,evaluation,0.463486,0.617513,-0.169747,-0.248919,-0.562525,13,explicit_euler_dt1,hbv,success,,57.35,0.9025,-2.2099757233828083,1.749229304472825,0.0824727560586829,0.1531331672327986,736.9069567281401,5.999933949956031,0.9735544017420146,0.1812905156359279,0.0100004053516185,20.450648275428296,4.209411404820624,0.0882754573156942,9.994206514349706,0.0,0.0,355.3948281018901,0.0,0.0579341422213701,cal_final_2008-09-30
09352900,hbv_lite_cma,evaluation,0.678282,0.720151,-0.194512,-0.248631,-0.755454,13,explicit_euler_dt1,hbv,success,,29.44,0.6624,-1.6367759557651695,3.414521073297739,0.0265063743227145,3.1257679391352783e-14,999.9999999990036,1.0000000000000666,0.9999999999988258,0.2053892187298032,0.3421846053163831,56.0220387917845,9.999999999993811,0.0473180011906209,1.1075534561908689,0.0,0.0,515.6274618601095,0.0,16.531668609096144,cal_final_2008-09-30
09378170,hbv_lite_cma,evaluation,0.547221,0.703764,-0.169912,-0.182414,-0.038286,13,explicit_euler_dt1,hbv,success,,80.05,0.9494,0.3400071438211109,3.3678492488101672,0.0061271467651752,4.633425331996534e-09,653.6530774021206,5.999981446618812,0.7912260281381371,0.6643274679030823,0.010000013648152,99.9338033311339,6.862958813306279,0.0839970066356583,7.33035755888762,0.0,0.0,215.8584542729621,0.0,0.0081299550003371,cal_final_2008-09-30
09386900,hbv_lite_cma,evaluation,0.264205,0.006937,-0.573734,-0.658505,5.210408,13,explicit_euler_dt1,hbv,success,,49.28,0.169,-1.1300000114640274,1.8400807494429128,0.0839190440181108,9.030323459475365e-12,383.3291685928264,3.700222973849352,0.42899064949046,0.619566724184295,0.3626710006440405,54.436309138629646,5.323961687196059,0.1999999991384429,1.2976737739216957,0.0,0.0,44.16128349781504,0.0,9.15366490709936e-05,cal_final_2008-09-30
09404450,hbv_lite_cma,evaluation,-0.158263,0.376368,-0.315587,-0.277699,-0.281071,13,explicit_euler_dt1,hbv,success,,33.87,0.7776,0.8599977615003525,1.190958017618184,0.0541295605623038,0.1137563085936707,920.9146899030072,2.356961655191899,0.7717929647217323,0.7489177392326762,0.3808114309002032,58.14607641673073,2.964609647954908,0.0351919799113685,1.8443115573906768,0.0,0.0,212.7282389912868,0.0,0.5760298228183641,cal_final_2008-09-30
09430600,hbv_lite_cma,evaluation,-0.187032,0.40282,-0.031827,-0.161896,4.485668,13,explicit_euler_dt1,hbv,success,,27.82,0.453,1.5843288763866878,7.665128333829799,0.0143053561287561,0.1999999428466,90.5862673453012,1.8007022284280858,0.2000000459601481,0.8999999994536894,0.4999999948806178,6.461296671447435e-08,5.349453386282993,0.0291983380170413,1.0221707715576214,0.0,0.0,4.037882332204784,0.0,5.285266376199639,cal_final_2008-09-30
09447800,hbv_lite_cma,evaluation,0.138019,0.016861,-0.297636,-0.716494,2.944208,13,explicit_euler_dt1,hbv,success,,29.54,0.3639,-0.2290833492220572,1.5820997542242647,0.0883564718381035,0.0956537585602717,965.773571091108,1.6465124677485394,0.2000004313757675,0.6193573044241112,0.0860492681018332,0.9705209342248629,0.2281463503396801,0.0010000005079075,1.98415109018584,0.0,0.0,107.06635263483966,0.0,35.75243498454153,cal_final_2008-09-30
09484600,hbv_lite_cma,evaluation,0.219933,0.513988,0.127575,-0.060751,1.752028,13,explicit_euler_dt1,hbv,success,,26.02,0.0697,-1.4527248897748724,0.6437951936325746,0.0452000412582543,0.1574346110337073,999.9994957320592,2.4858073068409388,0.2000004391090924,0.4969324589421159,0.4997388156603768,0.448621855227197,0.0002395156650184,0.1880667703048725,1.9325314580908248,0.0,0.0,109.80797032209614,0.001206145365405,0.0009728447150069,cal_final_2008-09-30
09492400,hbv_lite_cma,evaluation,0.409227,0.326853,-0.371319,-0.545939,-0.005627,13,explicit_euler_dt1,hbv,success,,35.13,0.5838,2.49999999616218,1.7484631669534636,5.066968978082453e-06,9.75248489452291e-12,308.5711089989784,1.8009099340788453,0.9999999999925347,0.1379184027635863,0.144284057362375,14.021738482091298,6.625826732889997,0.0384595645822675,1.168077183722307,0.0,0.0,154.12599899993668,0.0,12.99900721654688,cal_final_2008-09-30
09494000,hbv_lite_cma,evaluation,0.354161,0.619917,-0.107485,-0.332346,0.866471,13,explicit_euler_dt1,hbv,success,,34.93,0.5294,0.6699571370337374,9.99999676102506,6.893345619353783e-08,0.1999961134693922,434.98615326146825,3.766487718931672,0.9999897794564884,0.8978780452319015,0.4999999250019279,74.98258020923606,6.156733497108741,0.0135521558108391,1.16514569984588,0.0,0.0,224.4036980319714,0.0,10.120934278560576,cal_final_2008-09-30
09497980,hbv_lite_cma,evaluation,0.604502,0.505259,0.259472,-0.378333,5.029246,13,explicit_euler_dt1,hbv,success,,27.97,0.5347,1.3600000770994658,2.5767230214803307,0.0194551996192167,5.267134178677039e-07,999.9989103612926,1.3939920182030114,0.2061935205443202,0.8999960487987378,0.4999310340710527,2.797358713996448,1.828448820965156,0.0010000016472833,1.3365652411026423,0.0,0.0,158.36767236063275,0.0,152.95820689574714,cal_final_2008-09-30
09505350,hbv_lite_cma,evaluation,0.511327,0.418044,0.248331,-0.17877,,13,explicit_euler_dt1,hbv,success,,27.62,0.5873,0.0899983904293488,0.7461731226777009,0.0589197885877502,0.0845680247005774,952.5192121120256,1.051517032869292,0.2000001045931887,0.8999998887043422,0.4999999968760363,0.0001293156092307,2.035290006195521,0.0879278137717307,1.026512153065867,0.0,0.0,75.32949035047328,0.0,0.560821709166552,cal_final_2008-09-30
09505800,hbv_lite_cma,evaluation,0.425345,0.324758,0.483606,-0.130903,2.941369,13,explicit_euler_dt1,hbv,success,,27.73,0.5999,-0.3000639873005108,1.276732370891125,0.0954364791967482,0.1999951463214577,540.5870966856135,1.473080149187785,0.3425984891963594,0.6704563896115946,0.3155869019943009,6.386331962664356,2.1872033070340366,0.001000000602071,1.98841279042842,0.0,0.0,77.40889878394182,0.0,213.3416795821943,cal_final_2008-09-30
09508300,hbv_lite_cma,evaluation,0.633373,0.494356,0.400023,0.020833,32849.312095,13,explicit_euler_dt1,hbv,success,,27.57,0.6444,2.240000010643349,6.607348765404872,0.0983933226199671,2.3527230016573657e-07,50.00000165452639,1.6735218227046564,0.2000015651588121,0.8999999999930611,0.218614226473533,8.44745429674786,1.0142729005777904,0.0010000106299726,1.4369383660158714,0.0,0.0,0.0803949274933915,0.0,162.94884633989054,cal_final_2008-09-30
09510200,hbv_lite_cma,evaluation,0.652429,0.054184,0.91774,-0.055548,8023.147949,13,explicit_euler_dt1,hbv,success,,28.12,0.7616,2.499815499845556,0.5001045483427076,0.0623196723169993,0.1512596097943541,97.62966168737624,2.5932307683226687,0.2000000882400597,0.8999999980227724,0.0849021003594831,35.56579877557487,2.745213079219754,0.0010000000011653,1.1834193442538552,0.0,0.0,0.7313944394745663,0.0,182.9265103393961,cal_final_2008-09-30
09512280,hbv_lite_cma,evaluation,0.628162,-1.519609,2.495221,0.291602,,13,explicit_euler_dt1,hbv,success,,22.9,0.568,-1.4430206858297918,2.08034919018346,0.011980300001305,0.1372681740273979,111.45629879364692,1.000000000000003,0.200000000000009,0.8999999999999915,0.4999999999999833,5.582173309620574e-13,9.999999999999169,0.0010000000000001,1.3370304464595333,0.0,0.0,0.7791699637428048,0.0,268.70046638186847,cal_final_2008-09-30
09513780,hbv_lite_cma,evaluation,0.491987,-0.130525,0.972345,-0.061698,,13,explicit_euler_dt1,hbv,success,,27.83,0.5616,-1.9743630416528344,5.939674384667558,0.096375523734928,0.1895283912845937,465.7778240774617,1.202094499213973,0.9999999997874564,0.8999999985776242,0.3858853506256502,3.829963720171096,2.4209585258059,0.0010000000002321,1.3150653123101448,0.0,0.0,110.1761238598462,0.0,194.3141530437049,cal_final_2008-09-30
10234500,hbv_lite_cma,evaluation,0.72975,0.730383,-0.218911,-0.12054,-0.702198,13,explicit_euler_dt1,hbv,success,,63.88,0.905,1.5010405383632062,2.2829298091041936,0.093281965947833,0.0080907138928291,404.59159176792105,1.2271104863796016,0.2863703216694341,0.6418687360265227,0.1169864105817143,99.90979696072026,7.104658695215704,0.0252217103669837,6.035177333128016,0.0,0.0,20.688003605248408,0.0,2.0138144838804646,cal_final_2008-09-30
10244950,hbv_lite_cma,evaluation,0.710252,0.836348,-0.044182,-0.105016,-0.1416,13,explicit_euler_dt1,hbv,success,,74.61,0.8526,0.1800000044205529,1.60921004958288,0.0931058118702965,6.457430591218954e-11,239.65541148222923,2.004760505673412,0.9999999997996298,0.050000002735162,0.0253897022062885,99.99999979230547,4.862539994659351,0.0087071645831224,6.141743446888303,0.0,0.0,38.800869768791785,0.0,17.32172485232747,cal_final_2008-09-30
10259000,hbv_lite_cma,evaluation,0.490729,0.653556,-0.236737,-0.132645,-0.455002,13,explicit_euler_dt1,hbv,success,,27.76,0.9088,0.3665589238356759,9.190075960816936,0.0453189681870927,0.1235642717307044,113.1911124819631,3.130402752804537,0.8699925083378959,0.8999999999920264,0.2987367291377861,5.327876172758121,9.479985009924109,0.0093685984624054,1.312628861921432,0.0,0.0,0.9634847843253664,0.0,8.593428761638865,cal_final_2008-09-30
10336645,hbv_lite_cma,evaluation,0.604708,0.668015,-0.178133,-0.330803,1.12044,13,explicit_euler_dt1,hbv,success,,31.63,0.6954,-0.0899997678774151,2.27048089499132,0.0430704421288378,0.0349804029927866,218.2476929475976,1.3238538571098566,0.9999999975170236,0.899999766111521,0.044202165876104,99.99993553303176,3.025665025056491,0.039534767067638,1.5786239781704965,0.0,0.0,11.576644958503769,0.0,0.7415205095016404,cal_final_2008-09-30
10336660,hbv_lite_cma,evaluation,0.728554,0.524995,-0.353848,-0.382575,0.118634,13,explicit_euler_dt1,hbv,success,,29.35,0.6907,1.3899989945206808,2.6596700154428854,0.0143233642713004,0.0215452432510105,95.84996406574982,1.000003662478806,0.999999940463995,0.8999999606792588,0.304421145495668,21.369225062028978,9.999999980670026,0.0604938929458457,1.013368678959464,0.0,0.0,0.2686226448627435,0.0,0.0392051542665647,cal_final_2008-09-30
10343500,hbv_lite_cma,evaluation,0.627948,0.653087,-0.119571,-0.156692,-0.379805,13,explicit_euler_dt1,hbv,success,,34.84,0.8388,-0.9300010755559324,2.272395458519954,0.0366212011392912,0.0222589129345017,999.9999773887045,1.1645894734249227,0.2144907155608801,0.899999773732322,0.217792937185399,37.633425172391895,7.803651068368605,0.0383625895145463,1.0690686426471612,0.0,0.0,19.12655849027757,0.0,0.3728028662503785,cal_final_2008-09-30
11124500,hbv_lite_cma,evaluation,0.416053,0.606626,0.243158,-0.396432,,13,explicit_euler_dt1,hbv,success,,28.27,0.6016,1.4333046269092398,6.7470871788068125,0.0797118657544555,0.1999999997767078,999.9999998647124,1.5483959967742629,0.2000000032181108,0.515018573838707,0.2859831174509721,41.21118386043406,9.99999999262382,0.0010000000511673,1.1503926243955602,0.0,0.0,25.237114761184195,0.0,333.8300271267004,cal_final_2008-09-30
11141280,hbv_lite_cma,evaluation,0.57909,0.790903,0.016316,-0.193697,1.219113,13,explicit_euler_dt1,hbv,success,,22.06,0.6672,-2.305217609341584,4.018349560761915,0.060716870515836,0.1327070710719401,999.9999999999528,1.1038350621888386,0.2942239201197424,0.7881774829515263,0.4999999999999842,95.1700195217032,4.928733629162409,0.0077843233147442,1.1565708639617935,0.0,0.0,32.38790104489391,0.0,15.380768354183692,cal_final_2008-09-30
11143000,hbv_lite_cma,evaluation,0.855687,0.873208,-0.063932,-0.063988,-0.344126,13,explicit_euler_dt1,hbv,success,,29.65,0.7908,-0.6399777349132796,9.73214827008106,0.0583830890053838,0.1347481431858356,820.2945740193011,2.351157391616342,0.9999999999997882,0.8945609598209621,0.4128751754915194,95.98954152348924,9.999999999999694,0.0702467898933196,1.2570646043962437,0.0,0.0,310.9903429674767,0.0,0.0015654760203806,cal_final_2008-09-30
11148900,hbv_lite_cma,evaluation,0.73896,0.699239,-0.004577,-0.065078,,13,explicit_euler_dt1,hbv,success,,19.86,0.7232,1.115021783197267,9.98953621835894,0.0004155696285548,0.1512587474695053,211.17924874328955,1.340194923432655,0.9999999999998213,0.8999999999999793,0.4999999999996613,3.698757563122837e-13,4.624311026622817,0.163101039235549,1.010439646234644,0.0,0.0,3.1706713852468345,0.0,2.0048314969405762e-08,cal_final_2008-09-30
11151300,hbv_lite_cma,evaluation,0.317996,0.257444,-0.336483,-0.315819,-0.640148,13,explicit_euler_dt1,hbv,success,,24.54,0.1609,1.9844007586658927,5.2770378021523445,0.0855884126749455,0.1926975167418601,999.9999999999918,3.6840879784179386,0.4731027856939936,0.5129970484422155,0.4999999999999361,43.46613297896084,6.503638269333109e-11,0.1918392453327215,1.2887183782979292,0.0,0.0,60.60552591749974,0.0,1.4613071804615897e-19,cal_final_2008-09-30
11176400,hbv_lite_cma,evaluation,0.59239,0.513603,-0.110703,-0.247069,,13,explicit_euler_dt1,hbv,success,,25.94,0.5391,2.3584492821883245,2.5745451714282725,0.0835012084408565,0.0009571945814461,999.9996168003792,1.1950124018554575,0.2000003041875102,0.8999952709721407,0.0692064178887322,3.570773855196955,0.3658061978845451,0.0600149193090667,1.7029127795696646,0.0,0.0,7.3722694860986815,0.0,4.326376062182138e-05,cal_final_2008-09-30
11230500,hbv_lite_cma,evaluation,0.618609,0.452341,-0.337828,-0.429858,0.497941,13,explicit_euler_dt1,hbv,success,,48.57,0.5535,-2.4999999999999134,4.021501874416192,0.0377177616310971,5.55094648271396e-16,999.999999999296,1.000000000000001,0.4762056290779046,0.05,0.0100000000000272,2.946686997824077e-12,9.999999999928818,0.020529237795149,1.775925367680762,0.0,0.0,168.611969098356,0.0,21.095942694122872,cal_final_2008-09-30
11237500,hbv_lite_cma,evaluation,0.657583,0.716233,0.081494,-0.161724,4.260594,13,explicit_euler_dt1,hbv,success,,39.38,0.8116,1.4999952325340042,3.097802351766551,0.0449355217622884,0.0433335758131923,366.11130821341385,1.4864468660477623,0.9999997271198596,0.326102238300635,0.1474547675950955,29.259978725826706,9.850331713367396,0.0509553007137953,1.7374744484597129,0.0,0.0,69.14241083948929,0.0,0.3180444008789308,cal_final_2008-09-30
11264500,hbv_lite_cma,evaluation,0.751635,0.858475,-0.036129,-0.094642,1.564854,13,explicit_euler_dt1,hbv,success,,36.12,0.8123,-1.8966845466590785,2.231954768085058,0.03590145867912,0.0065678276419543,206.59472089801264,1.1807467828433795,0.9999997188659664,0.8698236404922997,0.1835902515783544,75.97705071197977,9.999999397800964,0.0358262302978347,1.070497063559976,0.0,0.0,8.346017335350444,0.0,1.893613257279298,cal_final_2008-09-30
11266500,hbv_lite_cma,evaluation,0.667573,0.83274,0.010878,-0.058441,1.110908,13,explicit_euler_dt1,hbv,success,,70.48,0.8232,-1.5899995667683653,1.92176025009923,0.0386620649076638,3.1723991865500767e-10,232.3508664202762,1.1191638253890852,0.9999999025202702,0.8999999649791952,0.0101219442036668,54.85003991405608,5.4888127037441015,0.0395126971264355,7.2969094384742,0.0,0.0,11.933540763425691,0.0,1.0596141294455674,cal_final_2008-09-30
11284400,hbv_lite_cma,evaluation,0.60215,0.483672,0.382045,-0.083832,,13,explicit_euler_dt1,hbv,success,,25.92,0.7025,1.0999260490292824,0.5540296915433727,0.0987661887927004,0.1999996283078754,947.3849834607043,1.1614136487906062,0.2000001515755348,0.8999999881272932,0.10847457894563,30.469730757196672,1.7238942418170458,0.0010000001518152,1.3010276399995022,0.0,0.0,10.174999890801482,0.0,373.4151002465516,cal_final_2008-09-30
11381500,hbv_lite_cma,evaluation,0.768104,0.820827,0.130383,0.030718,0.210393,13,explicit_euler_dt1,hbv,success,,28.54,0.777,-1.2056362443819926,1.6449805103769328,0.0060781989612835,2.408826029094515e-06,792.5210987665852,1.1616920258079113,0.9999998934146136,0.8999999285926255,0.19662237799521,37.80649921355508,9.196816660459842,0.0117034382963769,1.5112254688411988,0.0,0.0,219.5091586325312,0.0,25.1965368652906,cal_final_2008-09-30
11451100,hbv_lite_cma,evaluation,0.617305,0.696118,-0.110218,-0.20811,1.301737,13,explicit_euler_dt1,hbv,success,,27.29,0.7475,-0.8237850486490672,6.0426811599418935,0.0893760259893395,0.1695360876328456,190.1055056616817,1.0000005387158266,0.5938216271832438,0.7251264653410979,0.140912643395296,29.48720627260524,4.990260047660392,0.0602615593811695,1.995160879458276,0.0,0.0,4.583369134173761,0.0,0.0214014110752617,cal_final_2008-09-30
11468500,hbv_lite_cma,evaluation,0.799401,0.711897,0.238296,0.013599,12.146477,13,explicit_euler_dt1,hbv,success,,27.59,0.8256,-2.120185058540954,6.42530373701025,0.0492818595221653,0.0792066343651466,475.07837007609567,2.2799857724509023,0.982986630346186,0.6945133295792111,0.1582144026897769,48.70988491150607,2.268814545750661,0.0010000000000014,1.289912014617379,0.0,0.0,112.42743140847227,0.0,708.4237679749077,cal_final_2008-09-30
11473900,hbv_lite_cma,evaluation,0.769116,0.778466,0.175479,0.046587,1.458957,13,explicit_euler_dt1,hbv,success,,27.71,0.7748,0.0299999794306176,0.5000000000007927,0.0918537269000797,3.8219587785979055e-11,999.9999996406708,1.0000000017029804,0.2000000010522716,0.8999999969766,0.3837910321282306,25.136424477876567,9.430251200100583,0.0698239481510139,1.5437161478355974,0.0,0.0,46.21822224221911,0.0,0.1747423572775647,cal_final_2008-09-30
11475560,hbv_lite_cma,evaluation,0.811523,0.781426,-0.022091,-0.071814,-0.574651,13,explicit_euler_dt1,hbv,success,,27.56,0.837,0.7099998616386332,0.5000000299377171,0.0910134870797225,0.0530409666338234,624.5337808012109,2.522620159086535,0.9999999724566224,0.7039227634750089,0.2380822307083182,52.89608721561932,6.143600921722334,0.1040199731846954,1.8888393994690047,0.0,0.0,206.0223641632382,0.0,0.0705154186398066,cal_final_2008-09-30
11476600,hbv_lite_cma,evaluation,0.810433,0.802556,-0.003472,-0.095158,-0.829748,13,explicit_euler_dt1,hbv,success,,27.8,0.8645,2.460001630335211,1.7091246827004138,0.0216032972558714,1.11881918885357e-08,359.93937379605154,4.444807202927208,0.9999999690626435,0.4596101455410653,0.2220413853847462,58.848701123522176,5.5435151132288905,0.0937269723776661,1.2977316842718103,0.0,0.0,80.83775539132264,0.0,0.0009794864498425,cal_final_2008-09-30
11478500,hbv_lite_cma,evaluation,0.724111,0.777796,-0.013526,-0.120718,-0.525805,13,explicit_euler_dt1,hbv,success,,27.59,0.7912,0.7300001492095682,5.70321011916943,0.0420413799592231,7.611782370345481e-09,117.06298032218903,1.3033834441818373,0.9999999697651488,0.7633817211241221,0.2806011475378415,36.34672857083098,5.016851929329,0.0815072310717643,1.5689978011289374,0.0,0.0,2.824199170773651,0.0,0.0038098531467485,cal_final_2008-09-30
11480390,hbv_lite_cma,evaluation,0.751852,0.700854,0.256048,0.033974,187.75746,13,explicit_euler_dt1,hbv,success,,27.47,0.7712,-0.7199999729849798,6.371108178076934,0.0284801950943073,1.7512609996521e-09,971.8233957515552,1.0000000043753947,0.5491858357817001,0.7898913518533436,0.3169002157725112,27.33902666797411,9.999999497780706,0.0860418302096749,1.4050173785493825,0.0,0.0,191.06388167063344,0.0,0.1840289152257664,cal_final_2008-09-30
11481200,hbv_lite_cma,evaluation,0.765192,0.783037,0.041292,-0.067617,0.056671,13,explicit_euler_dt1,hbv,success,,24.27,0.8337,-2.4194390008952,6.561829534017683,0.0627165502260858,0.147175888518506,635.597540732407,1.000000000012707,0.7277876372954966,0.8999999999868215,0.2792166688600858,26.46267182010697,5.502902347224698,0.0805672417476422,1.3885699283374988,0.0,0.0,165.23946379358196,0.0,0.220089596733806,cal_final_2008-09-30
11482500,hbv_lite_cma,evaluation,0.839866,0.865067,0.092758,0.022919,-0.268705,13,explicit_euler_dt1,hbv,success,,28.0,0.8525,0.1200001469365852,3.724775895015917,0.0756460348216181,1.3664040656380904e-10,390.3522446473698,2.359435252388858,0.997655855454148,0.3950629513420423,0.1905395007578507,31.467057512573405,7.388158770218353,0.0748147077931236,1.005512296756306,0.0,0.0,87.89352800611127,0.0,0.0334794146121962,cal_final_2008-09-30
11522500,hbv_lite_cma,evaluation,0.760048,0.783219,-0.030585,-0.166184,0.781754,13,explicit_euler_dt1,hbv,success,,29.48,0.7793,-1.1899519478192977,1.769098564621412,0.0564837764023536,0.1215195851540975,93.06685539677272,1.0000008804873155,0.9999987222790808,0.6484295505606645,0.1790747158136452,99.99891016838302,9.491626538288736,0.016558192350212,1.4641691091654652,0.0,0.0,0.6354747081796059,0.0,14.602504813837056,cal_final_2008-09-30
11523200,hbv_lite_cma,evaluation,0.678166,0.793719,-0.018573,-0.115024,-0.258022,13,explicit_euler_dt1,hbv,success,,32.63,0.754,1.230005918339124,2.753611045119164,0.0297033806255211,9.025282801660025e-09,95.399194763291,1.0000006247055535,0.9999999869232724,0.0652587212471031,0.2283384150381572,66.4677979005084,9.69379004683023,0.033974764994851,1.109866680838565,0.0,0.0,0.6144810942666983,0.0,1.9935916650565155,cal_final_2008-09-30
11528700,hbv_lite_cma,evaluation,0.718501,0.74868,0.159924,-0.039894,0.569571,13,explicit_euler_dt1,hbv,success,,27.97,0.8374,-0.0599985035325492,3.262164452089417,0.0855179785601523,1.014576209337208e-08,999.6355212773308,1.0000022671720408,0.5542843654245357,0.6194530162690103,0.2934415968930298,37.5964756197016,8.18931291666073,0.0440295307639792,1.5923571519389288,0.0,0.0,179.17078838802755,0.0,0.1642020692680861,cal_final_2008-09-30
11532500,hbv_lite_cma,evaluation,0.843327,0.889157,0.074727,-0.001279,-0.304578,13,explicit_euler_dt1,hbv,success,,27.44,0.882,-0.0299999968041779,5.6482060857314025,0.0128425118404829,4.6505076588758605e-10,264.20765822574845,1.0000000000207645,0.9999999906823926,0.8999999999097431,0.2688791126796195,55.28282740533555,9.999999663086273,0.0438972300418397,1.0238260682936875,0.0,0.0,39.184936564521145,0.0,0.7193313921252567,cal_final_2008-09-30
12010000,hbv_lite_cma,evaluation,0.845436,0.834332,-0.015616,-0.056489,-0.390764,13,explicit_euler_dt1,hbv,success,,35.67,0.8627,0.2100004514446896,8.642701602916958,0.0999058560215639,8.875655022326776e-07,173.48284221035675,2.140449227214095,0.9680359175884964,0.6254756595286936,0.2802682464861246,55.0007105920859,9.055026522201445,0.0991442595707259,2.7863507116500905,0.0,0.0,123.05571416046102,0.0,8.826844471290233,cal_final_2008-09-30
12013500,hbv_lite_cma,evaluation,0.797551,0.613076,0.379823,0.158161,2.419068,13,explicit_euler_dt1,hbv,success,,40.69,0.8015,-2.499999727435903,9.999999713411562,0.0001221054177147,0.0695656503496644,999.9999999839486,1.0000000000183682,0.5547109551911673,0.4669970198921145,0.1872695630414689,32.49139446024319,7.013527882637226,0.0643538487423383,3.362146864496445,0.0,0.0,603.5956917729804,0.0,19.741046503077527,cal_final_2008-09-30
12020000,hbv_lite_cma,evaluation,0.784693,0.82567,0.043765,-0.014427,-0.78777,13,explicit_euler_dt1,hbv,success,,30.14,0.474,-0.2299998740288118,6.150914185830267,0.0943220101691617,0.0908902173077781,191.0761814854801,3.623651339074927,0.6049597160490295,0.8999999785606103,0.4394230642043427,40.34543358831797,8.06314949169387,0.1315706524619792,1.0091907187035072,0.0,0.0,97.7524480095408,0.0,0.7032354519800303,cal_final_2008-09-30
12025700,hbv_lite_cma,evaluation,0.836825,0.883442,-0.028103,-0.071234,-0.458922,13,explicit_euler_dt1,hbv,success,,27.61,0.8284,-2.4299999997646653,9.24486987392746,5.179689580023056e-05,1.2577641989472015e-10,279.5195774605199,1.7641595126965317,0.9999999995120008,0.8999999999648642,0.3903623281424176,34.31214159683672,7.361333018466296,0.1001630296992753,1.6020974321325354,0.0,0.0,121.09803996894212,0.0,1.3278708464635864,cal_final_2008-09-30
12035000,hbv_lite_cma,evaluation,0.842226,0.796954,-0.076279,-0.119623,-0.334348,13,explicit_euler_dt1,hbv,success,,30.24,0.8709,0.5799995254775574,3.839387684277836,0.0236293250511219,0.0069299337727372,205.5804294393697,1.000001585619129,0.9999997383111008,0.7672587094874869,0.2173174881150985,75.43094592607193,6.430808578467994,0.0661453860464875,1.967505584730524,0.0,0.0,102.07143045191437,0.0,10.11200357009732,cal_final_2008-09-30
12040500,hbv_lite_cma,evaluation,0.751988,0.669073,-0.170581,-0.190713,-0.405202,13,explicit_euler_dt1,hbv,success,,27.61,0.8032,-2.380000088681349,1.8193439338116624,0.0432724266202229,6.830188457803622e-09,71.74995698058731,1.0000000022261866,0.9999999993918862,0.8999999997916205,0.3106081387266123,42.27160921861839,4.409748203985281,0.0479197268105798,1.9907925473629509,0.0,0.0,50.82064537684643,0.0,27.77534200147181,cal_final_2008-09-30
12041200,hbv_lite_cma,evaluation,0.621742,0.805458,-0.046325,0.002246,-0.084716,13,explicit_euler_dt1,hbv,success,,30.03,0.7456,-0.6700000224102296,0.8907630389270813,0.0140249976576413,3.112300927226771e-09,50.000001384011775,1.0000000003145837,0.9999999945953052,0.8999999995075355,0.3154553987846015,52.4431907951165,8.9812709936875,0.0130256604955264,1.104631182905893,0.0,0.0,36.58240946426171,0.0,250.96673982960817,cal_final_2008-09-30
12048000,hbv_lite_cma,evaluation,0.192842,0.284173,-0.020541,-0.443377,2.169211,13,explicit_euler_dt1,hbv,success,,36.64,0.2211,0.259999905841652,0.5000000207913423,0.0999998964002241,0.1999999861193767,999.9988045536624,1.0000000031800147,0.5164813831771489,0.0500000447502564,0.1488715093602774,99.99992494806948,9.99999996158145,0.0018616195586676,1.0299357269978124,5400.218791563332,1080.0436833542635,469.41915531837327,0.0,860.2770841223721,cal_final_2008-09-30
12054000,hbv_lite_cma,evaluation,0.589251,0.775658,-0.095232,-0.09179,-0.012569,13,explicit_euler_dt1,hbv,success,,30.56,0.6324,-1.5299999991426765,1.6829483152722289,0.0701397251494412,2.7207676074643885e-11,50.00000008586852,1.0000000060857723,0.9999999984825888,0.8999999996590834,0.4959391593766459,38.69625160508262,9.99999999946471,0.0205988793930735,1.273646509986342,0.0,0.0,21.300919220916235,0.0,83.30879801611954,cal_final_2008-09-30
12056500,hbv_lite_cma,evaluation,0.664775,0.824432,-0.058896,-0.096567,0.196112,13,explicit_euler_dt1,hbv,success,,30.87,0.583,-1.8299999975088928,1.3360879652748103,0.0030522486063657,1.6771459017453304e-11,999.999997946135,1.0000000032325842,0.9999999997914168,0.89999999994755,0.4288980208557427,39.33575252068433,9.999999999932434,0.0307361849664004,1.0829075688186136,0.0,0.0,692.5272023550209,0.0,76.98384025496834,cal_final_2008-09-30
12073500,hbv_lite_cma,evaluation,0.756931,0.7051,0.247494,-0.033555,1.471105,13,explicit_euler_dt1,hbv,success,,30.99,0.8136,-0.0099995788711271,5.474705001956988,0.070238412789849,0.1553498753479064,307.37595202108605,2.3713063485630603,0.2454877957280797,0.8999999999771893,0.1826818760043291,49.51465784424362,6.152573013269445,0.0010000000001064,1.043468906936525,0.0,0.0,44.56598159182704,0.0,1443.168895510261,cal_final_2008-09-30
12082500,hbv_lite_cma,evaluation,0.697948,0.82863,0.02462,-0.079607,0.432281,13,explicit_euler_dt1,hbv,success,,31.84,0.6896,-2.249999807487964,1.7694801343860622,0.0634190854523382,0.0016863389570777,999.9986409875032,1.0000010268587145,0.8838674551227952,0.8999999103457716,0.2126440964167608,63.82384935828025,9.999999980059595,0.0089741741886385,1.2809906584501018,0.0,0.0,621.8704628509126,0.0,342.0977694690954,cal_final_2008-09-30
12092000,hbv_lite_cma,evaluation,0.524179,0.751093,0.088227,-0.088717,0.75957,13,explicit_euler_dt1,hbv,success,,28.73,0.5457,-1.2300000010723555,1.3161053274093892,0.0969200115429125,4.659138868122052e-12,999.9999909716672,1.0000000052310103,0.8531285464254552,0.8491287274712603,0.2463821381168669,99.9999996289278,9.999999984914432,0.0043422801439238,1.1546468608273377,0.0,0.0,688.5018850194856,0.0,994.5922153185442,cal_final_2008-09-30
12114500,hbv_lite_cma,evaluation,0.635109,0.652449,-0.145154,-0.240701,0.411013,13,explicit_euler_dt1,hbv,success,,31.61,0.727,0.2300000035000899,2.299054171023456,0.0634602565672429,2.6417686260310192e-12,999.9999909755272,1.0000000014351678,0.3314898090655618,0.8999999986039724,0.3051422803227958,36.91744325967085,9.999999995493445,0.0437130213388516,1.0107817443825768,0.0,0.0,656.4316852926021,0.0,37.59382358012011,cal_final_2008-09-30
12115000,hbv_lite_cma,evaluation,0.671017,0.660866,-0.084961,-0.222209,0.659705,13,explicit_euler_dt1,hbv,success,,28.66,0.755,0.0600000315494004,1.9328589394491544,0.0871222886453254,5.451305645699174e-11,842.7812577278246,1.000000402694042,0.9999999983637284,0.8999999906015097,0.3074691375573533,41.10217590001941,9.99999997688548,0.0376616346484131,1.0791208498084774,0.0,0.0,599.4640365042044,0.0,53.07136910710425,cal_final_2008-09-30
12117000,hbv_lite_cma,evaluation,0.835964,0.802189,-0.063579,-0.169998,0.091547,13,explicit_euler_dt1,hbv,success,,28.01,0.8555,-2.3403878752747005,0.6009667602636328,0.0724921539493167,5.123590688971009e-05,996.478643011416,1.7602769163219645,0.9430827419643488,0.8999998615329201,0.2576620815359565,54.88810614285552,9.999987940372293,0.0290679074042031,1.412873559044278,0.0,0.0,741.41112973676,0.0,67.29166189788563,cal_final_2008-09-30
12143600,hbv_lite_cma,evaluation,0.715176,0.768329,-0.072372,-0.172384,0.455057,13,explicit_euler_dt1,hbv,success,,27.99,0.7207,0.4699999861215738,2.444820242231347,0.0002906265804929,3.8423038690949684e-13,118.865524526728,1.0000000003002072,0.999999929679301,0.8999999946976471,0.3808700369983081,46.27807343896917,9.999999989663667,0.0230019270892821,1.0163734523967254,0.0,0.0,78.37736101021711,0.0,109.0909353068402,cal_final_2008-09-30
12144000,hbv_lite_cma,evaluation,0.692328,0.738145,-0.120415,-0.210227,0.081532,13,explicit_euler_dt1,hbv,success,,28.07,0.7348,0.2599999930284342,1.6798277939133224,0.0507951862543237,0.0012850297353846,999.9980028642386,1.0000000006273428,0.999999996279276,0.8999998966580817,0.3148157896518167,39.49451978574408,9.999999893195849,0.0294337002631344,1.967982754747741,0.0,0.0,738.9201790585037,0.0,85.94364975023943,cal_final_2008-09-30
12145500,hbv_lite_cma,evaluation,0.850644,0.806645,0.031958,-0.081378,0.086633,13,explicit_euler_dt1,hbv,success,,27.46,0.8895,-2.330000073417109,0.5599427436995895,0.0762312448042541,1.2866687155586188e-07,210.2278491673644,1.0121516758382243,0.598875087623322,0.8999999997612105,0.249826585554605,36.65269068625148,3.8836696865022526,0.0620979613310835,1.0183410504889283,0.0,0.0,100.90584876201972,0.0,16.40777811670731,cal_final_2008-09-30
12147500,hbv_lite_cma,evaluation,0.658119,0.613769,-0.289706,-0.280777,-0.411582,13,explicit_euler_dt1,hbv,success,,26.25,0.6379,0.2599989692832412,1.0268850388525754,0.099999999436295,0.1038880347397243,50.00000109068437,1.0000000001134508,0.9999999350153588,0.8999999449755258,0.4999999553585866,5.963085809862144,8.766088510792041,0.0386374755627952,1.0049016778600042,0.0,0.0,39.58387630909587,0.0,53.16440286502428,cal_final_2008-09-30
12167000,hbv_lite_cma,evaluation,0.618037,0.537783,-0.227418,-0.324019,-0.022769,13,explicit_euler_dt1,hbv,success,,27.58,0.67,-1.0100740604109857,0.6301727612233549,0.0462489369154369,0.00287640744659,50.00019822568358,1.00000113110968,0.9999982297392798,0.6534383591451275,0.2866242095507036,40.69585626978831,6.381095649409288,0.0255093926309216,1.1196569375793624,0.0,0.0,31.19108759187366,0.0,46.31853422441091,cal_final_2008-09-30
12175500,hbv_lite_cma,evaluation,0.468006,0.693856,-0.13326,-0.224031,0.222652,13,explicit_euler_dt1,hbv,success,,29.99,0.558,-2.479999993440221,1.4603877324610255,0.0319346625360771,6.215726169913768e-12,506.46041717010087,1.0000000000815985,0.9999999999354416,0.8999999998870083,0.2598759563237648,65.86114591622638,9.999999997593251,0.0170129543646121,1.335238615912811,0.0,0.0,329.4144126142044,0.0,221.06411767176488,cal_final_2008-09-30
12178100,hbv_lite_cma,evaluation,0.501593,0.682783,-0.143726,-0.231196,0.165099,13,explicit_euler_dt1,hbv,success,,28.59,0.5753,-2.460000000690528,1.538660219692466,0.0857848499787495,1.0009471609005455e-10,999.9999976739,1.0000000099391386,0.999999999937971,0.8537686764594672,0.4552064504753641,40.66810614232842,9.999999772825737,0.0232965109398875,1.1571368054965552,0.0,0.0,671.4817972369427,0.0,113.77853730014344,cal_final_2008-09-30
12186000,hbv_lite_cma,evaluation,0.575163,0.718475,-0.178302,-0.201231,-0.007603,13,explicit_euler_dt1,hbv,success,,27.71,0.5661,-1.1400001641734478,1.6004106593526402,0.0299360329708761,0.0001202990461659,64.61005598555553,1.0000000381245342,0.9999999313305452,0.8999998638034779,0.4607002803953953,15.303271927342216,9.99999804578761,0.02613333334179,1.9802432072089564,0.0,0.0,39.267561803900655,0.0,73.29416056786528,cal_final_2008-09-30
12189500,hbv_lite_cma,evaluation,0.433781,0.659405,-0.109153,-0.228521,0.208391,13,explicit_euler_dt1,hbv,success,,28.78,0.6115,-1.710000149755372,1.2845111123609332,0.0427672317382142,5.7922242221119557e-11,999.9999595283318,1.0000000002656635,0.9999999932012652,0.8999998571846726,0.3796735695157316,45.16086269555258,9.999999999258494,0.0191606295079551,1.022878973050696,0.0,0.0,642.2219561710989,0.0,132.2976811417621,cal_final_2008-09-30
12375900,hbv_lite_cma,evaluation,0.550334,0.732594,0.017684,0.099857,-0.707038,13,explicit_euler_dt1,hbv,success,,52.24,0.7806,0.3699474243866851,1.9580742116201555,0.099856792674987,0.0122690352415055,999.8627361401044,1.0000061555020456,0.9321131480074776,0.3638486525190592,0.3693212937036341,93.96534911674564,9.483304874319725,0.0389412094156384,4.950644652690729,0.0,0.0,539.1558098558882,0.0,41.220302014507816,cal_final_2008-09-30
12377150,hbv_lite_cma,evaluation,0.722108,0.683481,-0.293858,-0.15791,-0.86318,13,explicit_euler_dt1,hbv,success,,40.75,0.7333,2.4600001924728243,2.679724562898661,0.0819865154367509,5.654054684294152e-09,50.00000131721104,1.000000421674046,0.9999999393081656,0.3788741255967912,0.0100140402229638,1.922812715627474,9.999996819412056,0.0356719418046389,1.7477649863213265,0.0,0.0,25.954262382075388,0.0,40.45026239514517,cal_final_2008-09-30
12381400,hbv_lite_cma,evaluation,0.273041,0.458368,0.305991,0.31058,-0.641688,13,explicit_euler_dt1,hbv,success,,36.35,0.8724,1.4899999525799985,3.4392082611046457,0.0999999077700464,0.0241637856362198,945.190745957124,1.0000000257641308,0.3546211022455995,0.2104684021559349,0.063737522328485,70.43485927606638,9.999989867020426,0.0361692315822202,1.017137805129602,0.0,0.0,245.2999242199572,0.0,14.038036798829738,cal_final_2008-09-30
12383500,hbv_lite_cma,evaluation,0.396653,0.602933,0.113352,0.186433,-0.373827,13,explicit_euler_dt1,hbv,success,,50.42,0.7339,2.4999999999999254,1.6627855730631795,0.0555277632793769,1.0161224824545808e-14,999.999999999971,1.000000000000011,0.8809626592388395,0.054780050500546,0.0598810326207334,7.2697780351595395e-12,9.99999999999906,0.0165837667279461,1.3417529532994186,0.0,0.0,485.87973025395246,0.0,86.16529120963123,cal_final_2008-09-30
12390700,hbv_lite_cma,evaluation,0.568408,0.732119,0.175024,-0.066169,0.73468,13,explicit_euler_dt1,hbv,success,,30.05,0.7727,-0.940003105287087,1.758792807037036,0.0721311032148795,1.199418907965811e-08,491.6959139711683,1.2935618891346126,0.2000000000477941,0.7809884109161735,0.2332968335050425,5.994152040207319,9.957424257890516,0.0285502373493343,1.7433510969684405,0.0,0.0,82.45222697230284,0.0,11.729479909839077,cal_final_2008-09-30
12411000,hbv_lite_cma,evaluation,0.702449,0.843616,-0.046611,-0.071601,-0.45695,13,explicit_euler_dt1,hbv,success,,47.2,0.7647,-0.6199999607283837,2.536827007554732,0.0003374539290147,1.99352689268259e-10,196.32593683476887,5.999999983222691,0.2000000253416974,0.1304385626258277,0.4962115988067034,4.374547167431565e-05,9.999999949897838,0.0341242875228191,3.227186406808554,0.0,0.0,56.02652396082303,0.0,2.6041822183884475,cal_final_2008-09-30
12447390,hbv_lite_cma,evaluation,0.56183,0.485885,-0.242602,-0.41383,-0.395491,13,explicit_euler_dt1,hbv,success,,52.2,0.5739,-2.0800000066701445,5.824557649044807,0.079926634654203,6.542704834997944e-13,999.9999981617758,1.000000000923686,0.5103175088206622,0.0500000004458626,0.0100000028065555,30.029639783418737,8.04131758983983,0.030803568991074,1.0010522627530587,0.0,0.0,305.4052496467481,0.0,14.092204387426186,cal_final_2008-09-30
12451000,hbv_lite_cma,evaluation,0.551535,0.759955,-0.109393,-0.056775,-0.152759,13,explicit_euler_dt1,hbv,success,,39.18,0.7189,-2.469999943181173,1.8341799001698147,0.0877098442836242,1.963916432203905e-09,999.9995167840292,1.000000096624241,0.9999969977713874,0.8999992772713755,0.294063275224546,50.48239665931389,9.99999998064818,0.0289670858610833,1.6567708280285114,0.0,0.0,581.0160145696678,0.0,44.09458655095028,cal_final_2008-09-30
12488500,hbv_lite_cma,evaluation,0.698874,0.766335,0.15364,-0.076685,1.11468,13,explicit_euler_dt1,hbv,success,,41.29,0.6241,-1.4100001216140376,2.6703428517156897,0.0201671845137229,8.918091983483796e-10,942.3325144662282,1.0000259438792292,0.3245170635294859,0.363222841408551,0.1214664953002613,99.99995892150535,9.99999998939767,0.019932762985216,1.2401879586590452,0.0,0.0,383.20227937855617,0.0,65.48632291410989,cal_final_2008-09-30
13011500,hbv_lite_cma,evaluation,0.77856,0.882996,0.026656,-0.067403,-0.051503,13,explicit_euler_dt1,hbv,success,,32.61,0.8425,-1.7299999073064656,2.7557451803134,0.0799117103064268,1.07458555599191e-13,449.0735987088936,1.0000000151519752,0.9075705069982922,0.0514908980934605,0.4295053156359059,38.60204208281464,9.999999999994497,0.0515427254507804,1.8838747062699128,0.0,0.0,134.10810044841247,0.0,5.171046626883494,cal_final_2008-09-30
13011900,hbv_lite_cma,evaluation,0.721142,0.75108,0.079855,0.122894,-0.789229,13,explicit_euler_dt1,hbv,success,,33.35,0.8492,-0.3899994403572382,3.1200899399507467,0.0529131630962032,5.365733597835072e-11,999.9999472816052,1.0000002033887463,0.8029123138106458,0.0656665430096115,0.1187519933490397,68.53003140766005,9.298278177820483,0.0397911665775879,1.0248584930502536,0.0,0.0,428.78505488947167,0.0,15.296092304998831,cal_final_2008-09-30
13018300,hbv_lite_cma,evaluation,0.686668,0.739921,-0.214596,-0.124687,-0.72941,13,explicit_euler_dt1,hbv,success,,45.75,0.6333,0.1999776528864441,2.1210676253405287,0.099900812496151,0.014529569303942,999.9999701383912,1.000002478080245,0.3516283577503293,0.6915798948931113,0.4999915164643955,85.10491503139855,7.539542562222227,0.0255900083296307,2.9966341519939963,0.0,0.0,135.02577995131898,0.0,10.781960425241651,cal_final_2008-09-30
13023000,hbv_lite_cma,evaluation,0.783983,0.732002,-0.206918,-0.210262,-0.57192,13,explicit_euler_dt1,hbv,success,,42.24,0.7811,-1.9199941641239904,4.745935132467931,0.0122885373914952,5.424404152071698e-09,999.9994465350358,1.0000000686874655,0.4196079189637909,0.050000002471627,0.0164881155159998,99.86318868771798,8.119035294425865,0.0210446095267704,1.9987654104491503,0.0,0.0,206.0867736401764,0.0,27.3677783791428,cal_final_2008-09-30
13161500,hbv_lite_cma,evaluation,0.671829,0.834852,0.001657,-0.046508,0.224468,13,explicit_euler_dt1,hbv,success,,36.11,0.853,0.460005690075338,9.999987020154643,0.0034942035523192,5.3994253231388275e-09,569.3135253820808,2.819487899833545,0.9856361131267672,0.6787360039598139,0.0105324611602708,60.34034703582246,3.280183495561918,0.0418554890831086,1.699083920453833,0.0,0.0,149.08470584064412,0.0,0.2053552646987238,cal_final_2008-09-30
13235000,hbv_lite_cma,evaluation,0.705289,0.772546,-0.03178,0.054967,-0.460417,13,explicit_euler_dt1,hbv,success,,32.75,0.6543,-0.8399999284282109,2.9845560810354272,0.0253008049630796,4.3785360704268367e-10,50.00000012307378,1.0000000034459609,0.99999919815853,0.053955625121425,0.0209261962395163,63.48847954205706,9.99999999962682,0.0212314053588111,1.1385475736562676,0.0,0.0,12.326787916732153,0.0,17.693837853883657,cal_final_2008-09-30
13240000,hbv_lite_cma,evaluation,0.777237,0.807395,-0.160048,-0.14097,0.049157,13,explicit_euler_dt1,hbv,success,,28.48,0.8241,-0.2999999820402834,3.3652131009104136,0.0745665632732521,8.686554074693696e-12,999.9999994353476,1.0000000001903944,0.9999999999908378,0.705751925058521,0.4999999959225986,66.48911789219191,9.999999999957032,0.0694580152492041,1.0963959333980782,0.0,0.0,507.9278673717764,0.0,9.04338009269014,cal_final_2008-09-30
13313000,hbv_lite_cma,evaluation,0.647977,0.647287,0.160666,0.17904,-0.189936,13,explicit_euler_dt1,hbv,success,,30.44,0.8075,-0.8800029591735712,2.895387169413219,0.0246468794247015,0.0041217331703141,999.9999740947308,1.000000448420079,0.8195385934793036,0.3756383109555168,0.2717404355458236,37.25905634456734,9.999999989978395,0.0460782257376654,1.06209307928192,0.0,0.0,380.6722731633535,0.0,9.021959411905527,cal_final_2008-09-30
13331500,hbv_lite_cma,evaluation,0.658689,0.76919,-0.005892,0.087083,-0.213665,13,explicit_euler_dt1,hbv,success,,31.01,0.7917,0.6999009193592536,1.1919239992228712,0.0343167962418498,7.975697403951512e-09,123.89585412211102,1.0000002109767172,0.9999999784331935,0.5425952608173249,0.261603893061945,35.35930638574092,8.490829164116171,0.0536231201937344,1.7650608718043663,0.0,0.0,38.112534487921344,0.0,5.060598608189055,cal_final_2008-09-30
14020000,hbv_lite_cma,evaluation,0.396245,0.690947,-0.05647,-0.142104,-0.578886,13,explicit_euler_dt1,hbv,success,,30.52,0.5173,1.249997307814363,0.9035845978305675,0.0008072476140058,2.9876470401678475e-08,71.90272153524094,1.00000030741234,0.9999997330099326,0.396265327245255,0.2348750957410853,22.744827573131147,2.6696147274848245,0.0685339717786258,1.69742006181921,0.0,0.0,11.77439422733717,0.0,0.6384742591229945,cal_final_2008-09-30
14096850,hbv_lite_cma,evaluation,0.635822,0.535503,-0.14927,-0.302812,-0.175244,13,explicit_euler_dt1,hbv,success,,43.03,0.5912,-1.379264725017616,1.0315601820329072,0.000928742493961,0.0551543490372844,999.9497777484506,1.0189560226817287,0.2001612592369888,0.1981490813365835,0.4989909091899992,59.79198447631542,2.0223767291396846,0.011162062807812,3.04341412181487,0.0,0.0,98.35770253121524,0.0,27.04285643308033,cal_final_2008-09-30
14137000,hbv_lite_cma,evaluation,0.791333,0.766303,-0.053089,-0.168198,0.042029,13,explicit_euler_dt1,hbv,success,,28.53,0.8008,-1.460000146179222,1.0695469622293947,0.0224825703861467,0.0009045734330734,973.39424561676,1.0000000070165196,0.9999998137438364,0.6157693723013559,0.2129726067828098,45.93108644535857,7.254508319250173,0.0236635433339179,1.8785894426071967,0.0,0.0,612.7194646489145,0.0,56.81791397003504,cal_final_2008-09-30
14138800,hbv_lite_cma,evaluation,0.688152,0.712319,-0.037934,-0.228975,1.390256,13,explicit_euler_dt1,hbv,success,,27.65,0.7195,-0.9400000868223854,1.6193184019649711,0.0999999986393644,0.1864703125794927,119.62462292930852,1.0000000119845136,0.9999994417720306,0.8999999881988145,0.4624857597058949,21.70195598614416,8.165490583690802,0.028853447744949,1.6531672536251174,0.0,0.0,59.86817473681265,0.0,34.478598694373446,cal_final_2008-09-30
14138870,hbv_lite_cma,evaluation,0.756589,0.797079,-0.077448,-0.176774,0.617862,13,explicit_euler_dt1,hbv,success,,27.58,0.798,-0.3600013313537005,1.272983334623478,0.0471869362649556,5.6435547588503815e-08,997.9916040087472,1.0000003987636406,0.9999984774926792,0.899997904808179,0.3739013047972666,21.14713172300124,6.36314306090486,0.0466801591795913,1.743712558546049,0.0,0.0,673.3792929622194,0.0,30.596843391040803,cal_final_2008-09-30
14138900,hbv_lite_cma,evaluation,0.652365,0.694044,-0.180457,-0.186841,-0.558961,13,explicit_euler_dt1,hbv,success,,27.64,0.7068,-0.4700195912121394,0.587396588958681,0.0809251978191152,0.1999909751298357,234.67725148455875,1.0000324948112287,0.99999718741445,0.8999793539963594,0.3879418855787642,28.03276805850953,5.026215609591215,0.0469159850475052,1.7973792549935537,0.0,0.0,107.69249551240364,0.0,15.247732719285922,cal_final_2008-09-30
14139800,hbv_lite_cma,evaluation,0.768988,0.77023,-0.138826,-0.14661,-0.326827,13,explicit_euler_dt1,hbv,success,,27.52,0.7953,0.2899997478618452,1.1920537505258122,0.0885957257172099,9.139010624908834e-09,172.86922540841118,1.00000001159177,0.999999844839863,0.8999999977267853,0.3503110648056781,31.234931728903177,5.177169461541816,0.0491094943879158,1.429244164729337,0.0,0.0,88.78098051878743,0.0,20.5406436004293,cal_final_2008-09-30
14141500,hbv_lite_cma,evaluation,0.804594,0.849287,-0.028748,-0.116524,0.270097,13,explicit_euler_dt1,hbv,success,,27.65,0.8042,0.429964925633933,0.958608565872358,0.0780832935589193,2.521497085082365e-10,904.2924644937328,1.0530428965627308,0.9999158693840712,0.8999991327491912,0.4196851670998082,27.97069969778813,7.074935187212722,0.0551414369110233,1.0159320451674028,0.0,0.0,598.504077929717,0.0,27.339582177934872,cal_final_2008-09-30
14154500,hbv_lite_cma,evaluation,0.753571,0.764396,0.028278,-0.177307,0.989735,13,explicit_euler_dt1,hbv,success,,28.05,0.7847,-2.110001358106561,2.035169387047572,5.806294697649786e-06,0.1123067624717142,916.0279841655696,1.0000005281269226,0.3226622339578971,0.860798425997499,0.3567146803549227,19.28715176183587,5.451052130685277,0.0950806174432655,1.0914998264451672,0.0,0.0,260.3326375773123,0.0,0.5548030028335,cal_final_2008-09-30
14158790,hbv_lite_cma,evaluation,0.724217,0.75173,-0.082557,-0.222399,0.357086,13,explicit_euler_dt1,hbv,success,,28.8,0.6873,-1.6300002614613192,1.5552854767576034,0.0987111645752968,0.0003309315431742,213.09409561688804,1.6043583757246465,0.9999999985159762,0.6915251783520342,0.4083423861611592,45.36109556618881,9.999999907005364,0.0398485451402527,1.3527781386113455,0.0,0.0,66.45335373448046,0.0,5.399366289444071,cal_final_2008-09-30
14166500,hbv_lite_cma,evaluation,0.828587,0.794983,0.181938,0.108938,-0.838688,13,explicit_euler_dt1,hbv,success,,40.72,0.8866,0.239985352550851,1.6234086078310226,0.0007460893229388,3.462914602438656e-05,253.52817102719052,1.8180271721556407,0.2000009429741237,0.4184454491042991,0.216845771483477,24.180312046526144,4.916269379710026,0.0635024300003393,2.920128684422929,0.0,0.0,9.917361356800326,0.0,0.0176288234529939,cal_final_2008-09-30
14182500,hbv_lite_cma,evaluation,0.719666,0.687616,-0.087617,-0.177887,0.214842,13,explicit_euler_dt1,hbv,success,,27.58,0.7506,-0.7800000057124694,1.1752627404062197,0.0279015933868251,3.050805789623042e-12,90.65219579884312,1.0000000007437533,0.9999999999549418,0.8999999998315147,0.346534283386558,45.31029658412718,7.2592263015385345,0.0448778706332604,1.6421955255823415,0.0,0.0,30.2855125463651,0.0,6.907980316504537,cal_final_2008-09-30
14185000,hbv_lite_cma,evaluation,0.8082,0.830528,0.082969,-0.059426,0.764177,13,explicit_euler_dt1,hbv,success,,27.95,0.8196,-2.0700000156733376,0.5000000053612471,0.0067672733320288,5.360772111997863e-09,717.1335100803066,1.000000625621752,0.6434905669099182,0.6550660063721491,0.204973485816885,31.38921851670409,5.80333585714178,0.0560371802794767,1.683886321973957,0.0,0.0,284.82278373584666,0.0,5.288253012165757,cal_final_2008-09-30
14185900,hbv_lite_cma,evaluation,0.80946,0.755074,-0.124637,-0.215445,-0.215184,13,explicit_euler_dt1,hbv,success,,27.65,0.7922,-0.7600000362137591,1.9708217364342635,0.0002201751262015,4.368006656910731e-12,167.57237012160903,1.1433742959778248,0.9999999999970196,0.8999999999922397,0.4970546539484385,32.51349696508466,8.870018526952482,0.0916285592002155,1.0416519768144858,0.0,0.0,47.92385233252084,0.0,1.5069039953845818,cal_final_2008-09-30
14187000,hbv_lite_cma,evaluation,0.837049,0.820861,0.06768,-0.075362,0.29034,13,explicit_euler_dt1,hbv,success,,27.58,0.8329,-1.9200000497097185,0.7258905450179762,0.0461709112648577,5.995278646506189e-10,487.3291222677727,1.000000054713855,0.3085129843744113,0.3547694862896394,0.2156389851945386,18.762073613434925,5.8860366415330105,0.0945119263853722,1.64924874623371,0.0,0.0,70.80812074660729,0.0,1.1263556746167216,cal_final_2008-09-30
14216500,hbv_lite_cma,evaluation,0.645167,0.67241,-0.102421,-0.214437,-0.195478,13,explicit_euler_dt1,hbv,success,,66.47,0.7012,-1.4999997816708173,1.6189456508688107,0.0655680331247157,3.399206426843851e-10,380.6155566523126,1.513293750750523,0.9999999889375186,0.0500000003192052,0.2029593641834789,99.99999996927008,9.999999993986462,0.0261039568143463,1.2296147624158291,0.0,0.0,170.47204677170078,0.0,27.317357829104733,cal_final_2008-09-30
14222500,hbv_lite_cma,evaluation,0.770221,0.789802,0.007176,-0.100142,0.323777,13,explicit_euler_dt1,hbv,success,,22.22,0.8589,-0.6999999298267421,3.2171001796402354,0.0244374986253771,2.535105869549789e-10,442.43702066153696,1.3342192338626662,0.9999999663934722,0.8377187579760706,0.2218158127855238,74.57381082680844,6.031473571032509,0.039311590382938,1.2618999649744107,0.0,0.0,209.312776830607,0.0,10.208479027256834,cal_final_2008-09-30
14236200,hbv_lite_cma,evaluation,0.737435,0.683905,-0.132949,-0.218583,-0.30393,13,explicit_euler_dt1,hbv,success,,27.55,0.8022,0.3499988075348765,0.9063609068763474,0.0554669541054896,8.311789543859934e-09,195.26439638937987,1.000000451236818,0.9999999473314348,0.8999999456979907,0.3429624363608519,64.8649095519932,7.581647168343925,0.068417828540486,1.6795878781462417,0.0,0.0,79.9493131563712,0.0,6.0477542964680895,cal_final_2008-09-30
14301000,hbv_lite_cma,evaluation,0.888782,0.744587,0.251808,0.063897,1.953176,13,explicit_euler_dt1,hbv,success,,44.48,0.8641,-2.4999901820192165,3.1219645625947274,0.0115465427481215,4.116714842879317e-10,999.9999967589712,1.0000000000861382,0.4473490952988865,0.5885559234021531,0.251189279988334,46.1531130623348,6.785534644931771,0.0738218842328977,3.90669641746808,0.0,0.0,497.2289385962965,0.0,6.311047852197163,cal_final_2008-09-30
14303200,hbv_lite_cma,evaluation,0.805352,0.78058,0.112677,-0.09848,0.574547,13,explicit_euler_dt1,hbv,success,,28.04,0.8175,1.3971707671909468,4.354273382381255,0.0209830449763933,0.0004768535879822,999.8740263953786,1.0005293118959695,0.7644295869525857,0.8802815203517874,0.1594058222422454,90.34072657875754,8.838477213230698,0.0478071991842834,1.863231406575894,0.0,0.0,575.7102598781061,0.0,10.717188106272337,cal_final_2008-09-30
14305500,hbv_lite_cma,evaluation,0.847003,0.918739,0.028397,0.017411,-0.5914,13,explicit_euler_dt1,hbv,success,,27.73,0.8832,0.7400000167773149,2.025390726502513,0.0866095340260571,1.0692256713621754e-08,359.7322898693632,2.117784171864169,0.9999999582507936,0.8999999938057873,0.3389447996067211,78.10175181965866,9.999999807387995,0.0717770157470434,1.3754598000961715,0.0,0.0,160.8810470275261,0.0,1.636632245455165,cal_final_2008-09-30
14306340,hbv_lite_cma,evaluation,0.807739,0.836224,0.117765,0.009332,-0.685295,13,explicit_euler_dt1,hbv,success,,38.39,0.8124,-0.5399999169622074,3.0518627767356343,0.080137977721349,1.5349478164416607e-09,275.3059811073409,1.5201246900395238,0.2000000068949537,0.6179456219076251,0.285576930217307,33.04188867669049,9.143118769639925,0.0927356152114903,3.189738123705796,0.0,0.0,18.429348806730808,0.0,0.0878642664881475,cal_final_2008-09-30
14306500,hbv_lite_cma,evaluation,0.822076,0.766058,0.219321,0.066648,0.254473,13,explicit_euler_dt1,hbv,success,,46.44,0.8453,-0.090000116825974,3.1278943024878685,0.038896191749123,2.7424855959795283e-08,748.8665838747954,1.0000000016178396,0.4225503711888321,0.3352916396697613,0.2134434779555784,35.63095940114619,8.14727996600097,0.0745802109162356,3.401030434878958,0.0,0.0,236.42136506100064,0.0,3.3504826007678363,cal_final_2008-09-30
14308990,hbv_lite_cma,evaluation,0.67766,0.624865,0.068863,-0.153978,0.012257,13,explicit_euler_dt1,hbv,success,,28.28,0.7753,-0.5700000403247862,1.218514290363796,0.0901991142428296,2.8794512994513555e-09,999.9999847092004,1.0000000045304969,0.2000000485225806,0.3401879928710889,0.3014075876647273,6.144727638019865,4.587484551564739,0.0689021968268805,1.241027615190341,0.0,0.0,98.21485383631428,0.0,0.0743491977034193,cal_final_2008-09-30
14309500,hbv_lite_cma,evaluation,0.698502,0.643731,0.329318,0.055511,2.110714,13,explicit_euler_dt1,hbv,success,,27.86,0.7675,0.2335564722222214,3.6857251499531225,0.09948892266856,2.5744818711463975e-13,999.9999983387996,1.0000000009498446,0.4932566252145667,0.7984863947457262,0.2313044209719879,31.5822632490297,4.646879313824293,0.0641998597034292,1.1632187735620692,0.0,0.0,292.6027462980286,0.0,0.2529436835376976,cal_final_2008-09-30
14316700,hbv_lite_cma,evaluation,0.78006,0.802806,-0.00371,-0.154224,-0.463092,13,explicit_euler_dt1,hbv,success,,27.75,0.8122,-1.39999916187245,0.888438083368366,0.0075266369734861,5.517901044988971e-09,346.09836504960253,1.000000075788274,0.2000001222401693,0.8999999777699729,0.3547585525262633,21.87246948478635,6.688582621233236,0.0797826674190826,1.177560355183498,0.0,0.0,7.595818993934092,0.0,0.0485014078558057,cal_final_2008-09-30
14325000,hbv_lite_cma,evaluation,0.766337,0.720253,0.246429,-0.003371,2.097097,13,explicit_euler_dt1,hbv,success,,27.75,0.7477,0.9799999895536344,2.802937945420952,0.0150348701028386,4.979065869620658e-09,999.999999106747,1.0000000021262805,0.4621365851023924,0.7430858174600091,0.1732446560763776,49.810233634312695,7.968471961786233,0.0598310789602611,1.8273352280310269,0.0,0.0,444.0787644428689,0.0,3.2313325954269296,cal_final_2008-09-30
14362250,hbv_lite_cma,evaluation,0.459418,-0.044521,1.005105,0.3569,48.210687,13,explicit_euler_dt1,hbv,success,,58.99,0.6705,0.4899961816797327,3.4013719277023364,0.0442879340316759,0.0423061123343749,999.9999924562936,1.813487537704244,0.2000000456832105,0.8061395030264012,0.1115984242110604,16.1978029140876,1.443374449267073,0.0010000000000287,3.399885647068281,0.0,0.0,67.31726306791283,0.0,409.80682812869736,cal_final_2008-09-30
14400000,hbv_lite_cma,evaluation,0.850692,0.906904,0.011278,-0.071601,-0.167548,13,explicit_euler_dt1,hbv,success,,27.43,0.8801,0.3700000027916612,1.6605677329405968,0.0052754913753883,7.94489987463862e-10,186.03621563632896,1.368857389588428,0.9444908510467124,0.8999999998454212,0.253448833462279,59.447499004396455,9.999999964878182,0.0796896070082125,1.0161147750894024,0.0,0.0,27.01000402714943,0.0,0.1632509467007397,cal_final_2008-09-30
