basin_id,run_status,error_message,nse_calibration_table,fc_member1,fc_member2,fc_member3,fc_clipped_any,sigma_obs,obs_median,footprint_12,footprint_23,footprint_13,r_12,r_23,r_13,r_min,t_lik_days,predicted_identifiable,slz_sigma,clip_count_seed0,clip_count_seed1,min_slz_seed0,min_slz_seed1,feasible_zero_clipping,n_forcing_days,_elapsed_s
01022500,success,,0.718417,427.3276699053724,213.6638349526862,854.6553398107447,False,0.1352113319386332,1.352113319386332,1.1818542713780649,3.1001635421415616,1.92136471412001,8.740793056564664,22.92828195456722,14.210086437074947,8.740793056564664,0.07707807818380001,True,0.02,0,0,1.748689790009322,2.2105038255602087,True,1260,0.35
01031500,success,,0.726852,357.210137196152,178.605068598076,714.420274392304,False,0.09114503608347962,0.9114503608347962,0.9871313892176098,2.487234643127338,1.5006003262298946,10.830336260040507,27.28875592137879,16.463873302496655,10.830336260040507,0.05020519664268814,True,0.02,0,0,0.18630601757012197,0.16705066829731816,True,1260,0.35
01047000,success,,0.712267,165.32728621448194,82.66364310724097,330.6545724289639,False,0.10495809041909582,1.049580904190958,0.44996752558688047,1.2239776137422378,0.7740100881553574,4.287116160270904,11.661584246196902,7.374468085925999,4.287116160270904,0.3204070416695308,True,0.02,0,0,1.717911709395499,1.6773457503473013,True,1260,0.35
01052500,success,,0.733254,347.2055844596387,173.60279222981936,694.4111689192774,False,0.11346329008389351,1.134632900838935,0.9574887140138715,2.3119912939696823,1.3545025799558101,8.438753303433337,20.376557847566566,11.937804544133224,8.438753303433337,0.08269437554649715,True,0.02,0,0,0.0017405412923622821,0.0013574716071977845,True,1260,0.35
01054200,success,,0.580771,259.86351340019394,129.93175670009697,519.7270268003879,False,0.13180655321029952,1.318065532102995,0.6531920029492219,1.4870616243871515,0.8338696214379294,4.955686853498424,11.282152428449596,6.326465574951169,4.955686853498424,0.23978656284584354,True,0.02,0,0,0.14688307605325532,0.1028589151981496,True,1260,0.35
01055000,success,,0.528227,102.75639153546754,51.37819576773377,205.5127830709351,False,0.10395902489626557,1.0395902489626556,0.2696108201253485,0.7033548881282949,0.43374406800294657,2.593433522432293,6.765693395355817,4.172259872923525,2.593433522432293,0.8755527444482364,True,0.02,0,0,1.2963314554635146,1.5839435521433807,True,1260,0.35
01057000,success,,0.670524,467.0918056858316,233.5459028429158,934.1836113716632,False,0.08329614498219151,0.832961449821915,1.2845886335282988,3.0529610966128207,1.7683724630845221,15.421945803169406,36.651889439367636,21.229943636198232,15.421945803169406,0.024760203452450592,True,0.02,0,0,1.0174832901976945,0.8383735966276742,True,1260,0.05
01073000,success,,0.683285,784.3760091194501,392.1880045597251,1568.7520182389003,False,0.10943258785942495,1.0943258785942493,2.1547282012955487,4.175457877093583,2.028699900927282,19.690004992511664,38.155525321737784,18.53835261150282,18.53835261150282,0.01713524337304641,True,0.02,0,0,0.03281511838127223,0.03322199025943431,True,1260,0.05
01078000,success,,0.739518,201.45835657728185,100.72917828864092,402.9167131545637,False,0.09458221702778029,0.9458221702778028,0.5044550949300401,1.1970786963321858,0.6926236014021457,5.33350888552204,12.656488015929938,7.3229791304079,5.33350888552204,0.20701723712494036,True,0.02,0,0,1.029940742571757,0.9356197737845053,True,1260,0.05
01123000,success,,0.480794,845.4847662486736,422.7423831243368,1690.9695324973472,False,0.1445646756583173,1.445646756583173,2.3253512537001524,5.092799624384236,2.7713420387042556,16.08519676823532,35.22852039194701,19.170257368089015,16.08519676823532,0.022760395174390238,True,0.02,0,0,0.41155977946136924,0.3642147812697542,True,1260,0.05
01134500,success,,0.657638,121.73265415842174,60.86632707921087,243.46530831684348,False,0.11033710859427048,1.1033710859427048,0.32505323211753223,0.8610729134520938,0.5360196813345616,2.946000998746594,7.804019195558357,4.858018196811763,2.946000998746594,0.6785264387240746,True,0.02,0,0,0.1887807071417628,0.15733737728057334,True,1260,0.05
01137500,success,,0.305519,404.26982514601656,202.13491257300828,808.5396502920331,False,0.1338109822795887,1.338109822795887,0.7017510604391318,1.2356088537885666,0.5338577933494347,5.244345781520922,9.233986872668254,3.989641091147333,3.989641091147333,0.36996862677355796,True,0.02,0,0,3404.653496090089,2796.033615333214,True,1260,0.05
01139000,success,,0.535318,159.5792429001906,79.7896214500953,319.1584858003812,False,0.11422035480859011,1.142203548085901,0.2582420007738956,0.5960635069175177,0.33782150614362205,2.2609105111488774,5.218540144761395,2.957629633612517,2.2609105111488774,1.1520353570709,True,0.02,0,0,2146.1546368331624,799.986112863385,True,1260,0.06
01139800,success,,0.500328,374.8673437531317,187.43367187656585,749.7346875062634,False,0.12876842105263162,1.287684210526316,0.9519883394149027,1.7172317983133236,0.7652434588984208,7.393026423969241,13.335814668500426,5.942788244531183,5.942788244531183,0.1667447015888644,True,0.02,0,0,588.9122828058926,1463.321993570243,True,1260,0.05
01142500,success,,0.445384,245.9223947372865,122.96119736864325,491.844789474573,False,0.11314445661433614,1.1314445661433614,0.5512393141092126,1.1596213411318959,0.6083820270226833,4.871995770753182,10.249033632152017,5.377037861398835,4.871995770753182,0.24809542103322937,True,0.02,0,0,1142.9237525035855,1695.3443063398154,True,1260,0.05
01144000,success,,0.564032,382.1662712076677,191.08313560383385,764.3325424153354,False,0.11206385735990705,1.1206385735990705,1.054465297932943,2.8374878533632937,1.7830225554303505,9.409503855880994,25.320276494234424,15.910772638353427,9.409503855880994,0.06651186182389714,True,0.02,0,0,1.0888642326507572,1.013095058615609,True,1260,0.05
01162500,success,,0.636235,373.0309762701633,186.51548813508165,746.0619525403266,False,0.11320016093341381,1.132001609334138,1.0399703112202594,2.899409687898747,1.876862238280598,9.187003822653459,25.613123373598626,16.580031537098247,9.187003822653459,0.06977257639879804,True,0.02,0,0,0.6540829028742005,0.6391624215109599,True,1260,0.05
01169000,success,,0.461773,109.13941487683864,54.56970743841932,218.2788297536773,False,0.133659209157128,1.3365920915712801,0.32183084003180157,0.9005575269282647,0.5934969460092928,2.4078463583714718,6.737714016170641,4.440374514797448,2.4078463583714718,1.0157223544041598,True,0.02,0,0,3.3469427839629144,3.1149091181517115,True,1260,0.05
01170100,success,,0.450072,322.6659566806576,161.3329783403288,645.3319133613152,False,0.13720534629404618,1.3720534629404617,0.9086007551631078,2.5966827889935824,1.7108306747338087,6.622196435522827,18.925521921198353,12.469125445500572,6.622196435522827,0.134285288242102,True,0.02,0,0,0.7707247489491237,0.692038993566994,True,1260,0.06
01181000,success,,0.474905,199.8173223838548,99.9086611919274,399.6346447677096,False,0.12258119096509242,1.2258119096509241,0.5831301737476176,1.619510591782495,1.069420225452464,4.757093393828065,13.21173810624572,8.724178783325772,4.757093393828065,0.2602251085909201,True,0.02,0,0,0.7024393118726229,0.7728763128043707,True,1260,0.05
01187300,success,,0.658087,773.3429405868525,386.67147029342624,1546.685881173705,False,0.11343657270029675,1.1343657270029674,2.134118740156769,4.755456571262316,2.6349338380906073,18.813321747609415,41.9217229334528,23.22825677263885,18.813321747609415,0.01663801793943654,True,0.02,0,0,0.057765434191954595,0.05661250845830014,True,1260,0.05
01195100,success,,0.570661,937.9702235830304,468.9851117915152,1875.9404471660607,False,0.12694622641509434,1.2694622641509434,2.5658589871355493,5.065678545711246,2.5031308232967024,20.212172189708035,39.904128612277674,19.71804041745877,19.71804041745877,0.015146247495560898,True,0.02,0,0,0.13889419339026676,0.1338516939334796,True,1260,0.05
01333000,success,,0.588525,301.8723046416949,150.93615232084744,603.7446092833898,False,0.12869953637660486,1.2869953637660485,0.8438060514076636,2.4102575086215348,1.5840272484675781,6.556403194324573,18.727787033890777,12.307948366125771,6.556403194324573,0.13699390571191905,True,0.02,0,0,0.2802370806883496,0.24447066182820987,True,1260,0.05
01350000,success,,0.583461,365.1293110019988,182.5646555009994,730.2586220039976,False,0.09187082659874941,0.9187082659874941,1.0177051424767214,2.8099508888566347,1.8096745922160642,11.077565971204343,30.58588882768238,19.69803319741436,11.077565971204343,0.04798923908616014,True,0.02,0,0,0.7937739184658984,0.814635113264517,True,1260,0.06
01350080,success,,0.465822,732.3646749948865,366.18233749744326,1464.729349989773,False,0.06711808206106872,0.6711808206106871,1.9870422045232146,3.574605962373369,1.5875637578501542,29.605169627988847,53.25846407710136,23.653294449112504,23.653294449112504,0.010525658555904451,True,0.02,0,0,0.14246291105532066,0.14591330666443925,True,1260,0.05
01350140,success,,0.349525,611.3300832493072,305.6650416246536,1222.6601664986144,False,0.067091407678245,0.6709140767824499,1.3095144622079544,1.8792817425891712,0.5697672803812165,19.518363193213734,28.010766320506725,8.492403127292986,8.492403127292986,0.0816528505639734,True,0.02,0,0,1243.981565519568,1876.661320888971,True,1260,0.06
01365000,success,,0.664686,416.71577634882914,208.35788817441457,833.4315526976583,False,0.1695444410967159,1.695444410967159,1.1574693426680849,3.041566226039244,1.903624438716502,6.826937734914066,17.93963993372213,11.227878816920855,6.826937734914066,0.1263515780296982,True,0.02,0,0,0.518413495447935,0.5395578797323642,True,1260,0.05
01411300,success,,0.540992,272.1398055388424,136.0699027694212,544.2796110776848,False,0.09407627332324763,0.9407627332324762,0.15683584995244595,0.2400938350053371,0.08325798505289117,1.6671137621869374,2.5521188980389424,0.8850051358520056,0.8850051358520056,7.518669105287074,False,0.02,0,0,2507.402293097047,1919.9815984897743,True,1260,0.06
01413500,success,,0.563026,685.5539863392462,342.7769931696231,1371.1079726784924,False,0.11134020278236266,1.1134020278236265,1.8880956408642406,3.933151459341774,2.0533521173264444,16.95789655202005,35.325528075693626,18.442144580427463,16.95789655202005,0.02047804961166237,True,0.02,0,0,0.16296422353840634,0.16868158531878244,True,1260,0.05
01414500,success,,0.535029,708.5317459801541,354.26587299007707,1417.0634919603083,False,0.13666035686578742,1.3666035686578741,1.9523184981197987,4.029663531333775,2.085276409983191,14.28591687373646,29.486704291949582,15.258824561910934,14.28591687373646,0.02885468360416883,True,0.02,0,0,0.17647364444414176,0.18023241859190003,True,1260,0.06
01415000,success,,0.63014,557.7953970579953,278.89769852899764,1115.5907941159905,False,0.11428704893144928,1.1428704893144928,1.5383992259870098,3.3789452655486696,1.8538916384261863,13.460836029721616,29.56542580406815,16.22136240072287,13.460836029721616,0.03250038352910589,True,0.02,0,0,0.1023851505666181,0.10555061368124298,True,1260,0.06
01423000,success,,0.712317,332.78611815327366,166.39305907663683,665.5722363065473,False,0.1072920388981947,1.072920388981947,0.9289656442650492,2.5291201506064698,1.6212618196106519,8.658290529332834,23.572300205854553,15.110737350690156,8.658290529332834,0.07855398927136938,True,0.02,0,0,0.1610466193332641,0.14881170825717774,True,1260,0.06
01434025,success,,0.462842,931.834229606971,465.9171148034855,1863.668459213942,False,0.17655876288659794,1.7655876288659793,2.5683948395772567,5.203678481437811,2.6433307578299545,14.54696893876014,29.472785130353945,14.971393742307434,14.54696893876014,0.02782835475058367,True,0.02,0,0,0.6470150960049492,0.5633972325352141,True,1260,0.06
01435000,success,,0.673475,441.1178269880601,220.55891349403004,882.2356539761201,False,0.18300556650817582,1.830055665081758,1.226220637494272,3.1906356513673404,1.9839405994412478,6.700455406308585,17.43463716566675,10.840875702830683,6.700455406308585,0.13116679645866178,True,0.02,0,0,0.6691074599351265,0.6516477617065034,True,1260,0.06
01439500,success,,0.702849,631.7210662941285,315.86053314706425,1263.442132588257,False,0.14597374787498368,1.4597374787498367,1.735393288316655,3.589329733836133,1.8670900194929894,11.888393040390373,24.58887153401133,12.79058766848969,11.888393040390373,0.04166642548754041,True,0.02,0,0,0.04373631530689642,0.04592468941179708,True,1260,0.06
01440000,success,,0.573888,967.2226815882228,483.6113407941114,1934.4453631764457,False,0.14003911280705938,1.4003911280705938,2.6075056380982975,4.408443905574568,1.8009382674762713,18.61983831396319,31.48009022056828,12.860251906605093,12.860251906605093,0.03560685391619015,True,0.02,0,0,0.052718174595501585,0.05583154913671115,True,1260,0.06
01440400,success,,0.644184,649.8575169670792,324.9287584835396,1299.7150339341583,False,0.14173272073511786,1.4173272073511787,1.7828965617039674,3.597987453907197,1.8286288201986431,12.579286931463031,25.385722049542967,12.90195242646996,12.579286931463031,0.037215212846142036,True,0.02,0,0,0.015759465849307125,0.01867961754049697,True,1260,0.05
01451800,success,,0.614211,754.0819497963508,377.0409748981754,1508.1638995927017,False,0.09725883392226148,0.9725883392226148,2.0257701003419886,3.5250111641209725,1.5034393995778477,20.828648860433358,36.243609160875785,15.458126927365175,15.458126927365175,0.024644432170496694,True,0.02,0,0,0.007545317227638,0.00730963246196857,True,1260,0.06
01466500,success,,-1.16909,457.52746087015214,228.76373043507607,915.0549217403043,False,0.07730892193308551,0.7730892193308551,0.9411306194343493,1.1664205505211889,0.22528993108683945,12.173635279107136,15.087787041329854,2.914151762222715,2.914151762222715,0.6934389370443743,True,0.02,0,0,3376.919624365586,2298.362246952694,True,1260,0.06
01484100,success,,0.322829,270.1961632297434,135.0980816148717,540.3923264594868,False,0.06524266666666666,0.6524266666666666,0.4383020841947486,0.6003209594113319,0.16201887521658334,6.718028348443993,9.201355341259278,2.483326992815285,2.483326992815285,0.9549150446876625,True,0.02,0,0,2970.1811746892163,3163.7412684871083,True,1260,0.06
01487000,success,,0.384367,682.8948782047981,341.4474391023991,1365.7897564095963,False,0.09073085747825622,0.9073085747825622,1.7228496482109938,2.577122792730789,0.8542731445197951,18.988574516931873,28.40403876209811,9.415464245166236,9.415464245166236,0.0664276788037874,True,0.02,0,0,0.8258032109099088,0.8608759706362445,True,1260,0.07
01491000,success,,0.700911,796.3002635026423,398.15013175132117,1592.6005270052847,False,0.07037200383509108,0.7037200383509108,2.0355417079280627,3.0443213030312246,1.0087795951031628,28.925447578530335,43.260403812931784,14.334956234401467,14.334956234401467,0.02865759965701584,True,0.02,0,0,0.09446606832824195,0.08794325890883613,True,1260,0.07
01510000,success,,0.633179,418.9117341496876,209.4558670748438,837.8234682993752,False,0.13862299276743517,1.3862299276743517,1.1657315239810042,2.9866572560532973,1.8381965783778311,8.409366301423942,21.545179457090125,13.260401767993383,8.409366301423942,0.08327334566694303,True,0.02,0,0,0.15198798414021508,0.13289429306540157,True,1260,0.05
01516500,success,,0.400973,421.202182873027,210.6010914365135,842.404365746054,False,0.04974027954256672,0.4974027954256672,0.8878702782553682,1.0177136210689608,0.13201710392321747,17.85012642511482,20.46055290457349,2.654128708911656,2.654128708911656,0.8359659622119185,True,0.02,0,0,780.5935040933696,999.5660876033536,True,1260,0.08
01518862,success,,0.544973,454.94098235228734,227.47049117614367,909.8819647045747,False,0.05543576589286478,0.5543576589286477,1.2326073982858938,2.287357283603055,1.0573134391548906,22.234876319162474,41.26139950918337,19.07276687036769,19.07276687036769,0.016188445717599028,True,0.02,0,0,0.05362515028628915,0.0623552979474303,True,1260,0.05
01532000,success,,0.516558,337.80469341794014,168.90234670897007,675.6093868358803,False,0.0631591508105571,0.631591508105571,0.9344259877623301,2.0410001636520816,1.125205075751568,14.794783903366541,32.31519324529814,17.815392723163228,14.794783903366541,0.026903903825149345,True,0.02,0,0,0.010278969662597923,0.010027287089537382,True,1260,0.07
01539000,success,,0.669937,296.744517740618,148.372258870309,593.489035481236,False,0.1185334435293112,1.1853344352931119,0.844110728960671,2.2184039210581483,1.4156255074058908,7.121287493448526,18.71542625444419,11.942836260011564,7.121287493448526,0.11612226973756584,True,0.02,0,0,0.13150757372000182,0.13425727328096065,True,1260,0.05
01542810,success,,0.600552,404.2113991606081,202.10569958030405,808.4227983212162,False,0.08083480176211455,0.8083480176211455,1.116247280520342,2.620404803686667,1.5188022148039724,13.808993851501,32.41679012708103,18.788964427395932,13.808993851501,0.030882217801178106,True,0.02,0,0,0.029533142596505097,0.032332774898714396,True,1260,0.06
01543000,success,,0.660681,352.6187945633428,176.3093972816714,705.2375891266856,False,0.09363316796598159,0.9363316796598158,0.9774192998334745,2.4272887746514327,1.4673230704446203,10.438814803196516,25.923386203629306,15.670975385322025,10.438814803196516,0.05404184512722024,True,0.02,0,0,0.015059596387256891,0.01782101463640168,True,1260,0.06
01543500,success,,0.65306,387.6245202345565,193.81226011727824,775.249040469113,False,0.1043574111772182,1.043574111772182,1.0691168698670348,2.4871237844607013,1.4318123601642125,10.244762281918593,23.832747060360713,13.7202748133789,10.244762281918593,0.05610851608469404,True,0.02,0,0,0.02356161558221722,0.02391198510296079,True,1260,0.07
01544500,success,,0.687105,387.57283126608246,193.78641563304123,775.1456625321649,False,0.10473812876696897,1.0473812876696897,1.0653163255963576,2.284702065978919,1.2326447091936392,10.171236951984996,21.813470346239757,11.768825008666525,10.171236951984996,0.05692263690584342,True,0.02,0,0,0.020987395026840692,0.020912454007250735,True,1260,0.06
01545600,success,,0.68595,402.8627199634,201.4313599817,805.7254399268,False,0.09684458333333335,0.9684458333333335,1.0946799941098562,2.186596999256503,1.097633613919647,11.30347156683025,22.57841299941748,11.333970121402213,11.30347156683025,0.0460902285448278,True,0.02,0,0,0.0493787835546067,0.04467716770290554,True,1260,0.05
01547700,success,,0.640367,319.92917603856256,159.96458801928128,639.8583520771251,False,0.07541923551171394,0.7541923551171393,0.8858624677148957,2.0618279241056507,1.197720462393812,11.745842578546235,27.338223599275448,15.880835363383985,11.745842578546235,0.04268391064347573,True,0.02,0,0,0.011132569874572118,0.013189255888885296,True,1260,0.05
01548500,success,,0.740673,363.6362558014973,181.81812790074866,727.2725116029947,False,0.08799306380655729,0.8799306380655728,0.9898423217002598,1.9494593359410357,0.9678822081602139,11.24909485907111,22.154693240670646,10.999528443378134,10.999528443378134,0.04867258585845783,True,0.02,0,0,0.031122767135101297,0.037634070619635515,True,1260,0.06
01549500,success,,0.629438,457.4638234651493,228.73191173257464,914.9276469302986,False,0.08783567545389272,0.8783567545389271,1.234970084367719,2.2502637813395734,1.0202915290186165,14.0600055499771,25.61901835115729,11.61591259754352,11.61591259754352,0.0436441342402192,True,0.02,0,0,0.02789203951552772,0.045208538104418286,True,1260,0.05
01550000,success,,0.620386,413.2085415354646,206.6042707677323,826.4170830709292,False,0.1067428426261377,1.067428426261377,1.1321661655079895,2.313082301453627,1.1919526292117455,10.606483185700363,21.669671188681942,11.166581289075365,10.606483185700363,0.05234675182802018,True,0.02,0,0,0.03792779593805038,0.035274143548700135,True,1260,0.06
01552000,success,,0.665326,211.6234288705345,105.81171443526725,423.246857741069,False,0.11090485086189344,1.1090485086189343,0.5966266715630616,1.5872621123809185,1.0169490483877037,5.379626471938755,14.311926845810284,9.169563283161352,5.379626471938755,0.20348308347751587,True,0.02,0,0,0.08880558748087801,0.08413299933933928,True,1260,0.06
01552500,success,,0.557553,258.6069813518018,129.3034906759009,517.2139627036036,False,0.12103891820580476,1.2103891820580475,0.7337697119295448,1.9255660066347937,1.2264380488040358,6.0622626408631834,15.908651821893496,10.132592615531312,6.0622626408631834,0.16023709339413644,True,0.02,0,0,0.07433437319877485,0.06989755857184435,True,1260,0.06
01557500,success,,0.619149,456.5691150945844,228.2845575472922,913.1382301891688,False,0.09973130962705984,0.9973130962705984,1.2498478411569505,2.563576611472956,1.327267031317763,12.532151095084311,25.70483252510491,13.308428780099355,12.532151095084311,0.03749568649448965,True,0.02,0,0,0.019053775094785425,0.015301262015615805,True,1260,0.06
01567500,success,,0.38113,303.8620471371263,151.93102356856315,607.7240942742526,False,0.050484395150889864,0.5048439515088986,0.8349998483638805,2.0767265142869364,1.2523422717378137,16.539761363252907,41.1360086236535,24.806522252960757,16.539761363252907,0.021526532322006978,True,0.02,0,0,0.1954462064625192,0.20740063326590616,True,1260,0.05
01568000,success,,0.52173,352.2393572068221,176.11967860341105,704.4787144136442,False,0.06318059843934207,0.6318059843934206,0.9734925645704464,2.3137225962851935,1.3632325188675563,15.408093443512877,36.620776843488336,21.576758570534242,15.408093443512877,0.024804743865292602,True,0.02,0,0,0.036738400797577654,0.032727371390606726,True,1260,0.07
01580000,success,,0.081879,247.7710139036093,123.88550695180464,495.5420278072186,False,0.09411155215451979,0.9411155215451978,0.1677099957044707,0.2386742100695238,0.07096421436505312,1.7820341059630085,2.5360777142177997,0.7540436082547918,0.7540436082547918,10.357134786928237,False,0.02,0,0,1638.285537087332,1281.536523079153,True,1260,0.06
01583500,success,,0.06327,242.02777285325087,121.01388642662543,484.05554570650173,False,0.08006198267564966,0.8006198267564966,0.3094675028843439,0.500924749791165,0.19434891857235767,3.865348977654864,6.256711775681743,2.4274807102855775,2.4274807102855775,0.9993577367765029,True,0.02,0,0,2179.603727761351,1602.777111480843,True,1260,0.06
01586610,success,,0.07001,316.5039282001017,158.25196410005086,633.0078564002034,False,0.07403741403026136,0.7403741403026135,0.6464848400409117,0.8471740015464909,0.20068916150557925,8.73186683393174,11.4425120412799,2.710645207348158,2.710645207348158,0.8014698690728861,True,0.02,0,0,1577.550292538282,1283.2540234572034,True,1260,0.06
01591400,success,,0.111977,1367.300781314612,683.650390657306,2500.0,True,0.06624741919106447,0.6624741919106447,3.3385514609065643,4.177311863925905,0.8387604030193404,50.39519277389257,63.056220377100296,12.661027603207724,12.661027603207724,0.036736234851929755,True,0.02,0,0,15.969907468755297,13.171984517680656,True,1260,0.06
01594950,success,,0.537028,393.5123610344279,196.75618051721395,787.0247220688558,False,0.11593366013071896,1.1593366013071895,1.0896953754800836,2.6202058024617183,1.5540668405448685,9.399301067967809,22.600906410677894,13.404794076134642,9.399301067967809,0.0666563352742287,True,0.02,0,0,0.004603291585070694,0.004482828558594887,True,1260,0.06
01596500,success,,0.565093,423.3932396267942,211.6966198133971,846.7864792535884,False,0.06869715202567188,0.6869715202567188,1.1600639618022486,2.4453373969696055,1.3005649723974726,16.886638348104107,35.59590645119891,18.931861569915682,16.886638348104107,0.02065124072653289,True,0.02,0,0,0.0026792274066898946,0.0021053023555623954,True,1260,0.06
01605500,success,,0.45995,265.398640872054,132.699320436027,530.797281744108,False,0.04931704214724588,0.49317042147245876,0.564108773550096,0.8532288585894047,0.3035479901706702,11.438414572103424,17.300892783511216,6.155032357057567,6.155032357057567,0.155443251944121,True,0.02,0,0,824.9609836528206,1961.7257227750003,True,1260,0.05
01606500,success,,0.576179,368.59151402404046,184.29575701202023,737.1830280480809,False,0.057368852215725276,0.5736885221572527,1.009450806891135,2.1819392206300123,1.1975534236268535,17.595799251748602,38.03351708040491,20.874627561375444,17.595799251748602,0.01902017712630979,True,0.02,0,0,0.015727318456560942,0.01873828150351419,True,1260,0.05
01632000,success,,0.433773,233.9870442497455,116.99352212487275,467.974088499491,False,0.03512124558303887,0.3512124558303887,0.4752474134618319,0.6648847356615714,0.19890805389298982,13.53162183095646,18.931126291906477,5.663468097186412,5.663468097186412,0.18359786946372122,True,0.02,0,0,1382.2806640992956,1987.7502933215944,True,1260,0.05
01632900,success,,0.195623,203.20228089854112,101.60114044927056,406.40456179708224,False,0.0479236074270557,0.47923607427055703,0.1682156583143322,0.23269241718030137,0.06447675886596915,3.5100792145159865,4.85548625558878,1.3454070410727932,1.3454070410727932,3.25330785413944,False,0.02,0,0,2019.4870749254358,1833.6944524561702,True,1260,0.06
01634500,success,,0.452508,203.14607277833,101.573036389165,406.29214555666,False,0.045413819228729446,0.45413819228729446,0.3585986011140022,0.5576048215885362,0.20455314376133432,7.89624407733467,12.278307155364445,4.504204826532868,4.504204826532868,0.2902660819534472,True,0.02,0,0,1482.4548908134102,1638.0565878801765,True,1260,0.07
01638480,success,,0.368612,310.4703019698391,155.23515098491956,620.9406039396782,False,0.04218275862068966,0.4218275862068966,0.7316626487242351,0.9246762942895139,0.19301364556527872,17.345064017822953,21.920716532654215,4.575652514831262,4.575652514831262,0.28127198787227936,True,0.02,0,0,2005.9488561203475,1399.6560956298022,True,1260,0.06
01639500,success,,0.244315,294.81130397796863,147.40565198898432,589.6226079559373,False,0.06593128228160793,0.6593128228160792,0.6248904709672747,0.8642115143149749,0.23932104334770044,9.477905621465412,13.107761360134411,3.6298557386690025,3.6298557386690025,0.4469447328965575,True,0.02,0,0,2527.6355373386677,1167.6295291984766,True,1260,0.06
01644000,success,,0.544781,262.95292686784666,131.47646343392333,525.9058537356933,False,0.0508302315024966,0.508302315024966,0.5136628648578351,0.7038114962390305,0.1974251720153868,10.105459874456912,13.846316954201983,3.8840108765920136,3.8840108765920136,0.3903657255394695,True,0.02,0,0,2007.2767590664591,1328.3724439500493,True,1260,0.08
01664000,success,,0.641107,380.8719397986081,190.43596989930404,761.7438795972162,False,0.0763657466824497,0.763657466824497,0.839074656088639,1.2720510458971246,0.44115767296692354,10.987578758022858,16.65735098730418,5.776905119534566,5.776905119534566,0.17645829745181926,True,0.02,0,0,1205.3865546551165,1695.4608217104783,True,1260,0.06
01666500,success,,0.548377,155.42677440580297,77.71338720290149,310.85354881160595,False,0.09561364568714241,0.956136456871424,0.3885027338221789,0.5665848019503972,0.18058776382803038,4.063256149581404,5.925773438284326,1.8887237541274384,1.8887237541274384,1.6508045957678015,False,0.02,0,0,651.6759776349426,721.3351659333034,True,1260,0.06
01667500,success,,0.697204,510.8287150178385,255.41435750891924,1021.657430035677,False,0.0872666170696425,0.8726661706964249,1.221377303959098,1.6600391945608426,0.4518944759940119,13.995928167862706,19.02261426309284,5.178320085828246,5.178320085828246,0.21961134430078136,True,0.02,0,0,1135.6333462539733,1031.2920618405956,True,1260,0.07
01669000,success,,0.335439,378.9059408737916,189.4529704368958,757.8118817475832,False,0.07151809576837417,0.7151809576837417,0.15879789547679724,0.22793921467624922,0.06914131919945198,2.2203876343561544,3.187154414939633,0.9667667805834782,0.9667667805834782,6.300704559066542,False,0.02,0,0,2088.096859396648,1896.4912268389066,True,1260,0.07
01669520,success,,0.634707,691.6125750499152,345.8062875249576,1383.2251500998304,False,0.07232459713760411,0.7232459713760411,1.4237080048516975,2.0050830999171008,0.581375095065403,19.684976635859634,27.723391201229205,8.038414565369566,8.038414565369566,0.09113637565856171,True,0.02,0,0,1724.441930767706,1154.2039265818466,True,1260,0.07
02011400,success,,0.60742,339.64036386255253,169.82018193127627,679.2807277251051,False,0.05940679878347887,0.5940679878347886,0.742580034036175,1.0557514904995187,0.32784481773808155,12.49991666345583,17.77156002543475,5.518641375257133,5.518641375257133,0.19336069958186797,True,0.02,0,0,1090.752244501952,2282.478386374986,True,1260,0.06
02013000,success,,0.614855,582.8863349197493,291.44316745987464,1165.7726698394986,False,0.04982129572955413,0.49821295729554127,1.4254619275859792,1.826046404691055,0.41340993835061735,28.611498491003545,36.651925204904686,8.297856013114115,8.297856013114115,0.08552651283754896,True,0.02,0,0,2773.8600055349316,1770.4302273898938,True,1260,0.05
02014000,success,,0.582715,434.3660520872292,217.1830260436146,868.7321041744584,False,0.07152719391098343,0.7152719391098342,1.05352703265756,1.5953568893175,0.561461209121682,14.729041851812177,22.304200711451696,7.849618843155348,7.849618843155348,0.09557304343489452,True,0.02,0,0,2015.2695105903092,1197.8138111129933,True,1260,0.07
02015700,success,,0.604853,385.2829735867558,192.6414867933779,770.5659471735116,False,0.08143617953120073,0.8143617953120073,1.0555238331452605,2.2649541216451348,1.238377255025513,12.961362372615437,27.812627442540578,15.206720921271266,12.961362372615437,0.03505348877363569,True,0.02,0,0,0.10352846488675452,0.12838579692611427,True,1260,0.06
02016000,success,,0.679642,480.42229623728304,240.21114811864152,960.8445924745661,False,0.06379941400527396,0.6379941400527396,1.2245035261633568,1.81983096730878,0.6178922951626871,19.193021523083793,28.524258344415895,9.684921167326227,9.684921167326227,0.06278275568388957,True,0.02,0,0,1458.3149834436701,1448.152404663243,True,1260,0.06
02017500,success,,0.68196,197.3131395975227,98.65656979876135,394.6262791950454,False,0.0815090349447764,0.815090349447764,0.5173634765292101,1.2605139849371496,0.7684090280714806,6.347314464951421,15.464714872298105,9.42728654059135,6.347314464951421,0.14616807379542138,True,0.02,0,0,0.004452280146721831,0.004976383797723478,True,1260,0.06
02018000,success,,0.70119,362.71009512186777,181.35504756093388,725.4201902437355,False,0.06989547598376235,0.6989547598376235,0.9905795093167493,2.2208471172855155,1.2574503332332971,14.172297925932634,31.77383208323022,17.990439517507824,14.172297925932634,0.029319192660813353,True,0.02,0,0,0.1567975853044384,0.18221101203625795,True,1260,0.06
02027000,success,,0.504573,176.24359890532867,88.12179945266433,352.48719781065734,False,0.14073767495950493,1.4073767495950493,0.5074828483972611,1.3910921439429136,0.9191082460509823,3.605877733473154,9.88429107091032,6.530648217085023,3.605877733473154,0.4529085929153019,True,0.02,0,0,0.2200306399363511,0.2676849643472675,True,1260,0.07
02027500,success,,0.506113,364.9674407074812,182.4837203537406,729.9348814149624,False,0.152738933030647,1.52738933030647,0.9925400543657911,2.271755468478391,1.3050928234272516,6.498278039998081,14.873453830023575,8.544598273220785,6.498278039998081,0.13945560533714216,True,0.02,0,0,0.013007045636602153,0.01318647076676751,True,1260,0.07
02028500,success,,0.56032,518.1621972040297,259.08109860201483,1036.3243944080593,False,0.12459767773477287,1.2459767773477286,1.399035858270802,2.8918425745078076,1.5136522299733972,11.22842643382877,23.209441998297763,12.14831815080423,11.22842643382877,0.04670837498703042,True,0.02,0,0,0.47886108154739304,0.47731241500384075,True,1260,0.06
02038850,success,,0.473611,336.9013954431614,168.4506977215807,673.8027908863228,False,0.06783754545454546,0.6783754545454546,0.6688817867975863,0.888414155502007,0.25364443801426656,9.860052900141714,13.096201366797517,3.7389978707914926,3.7389978707914926,0.42123273935124245,True,0.02,0,0,1796.3841173907101,2496.7086397660514,True,1260,0.05
02046000,success,,0.316551,302.5152917939536,151.2576458969768,605.0305835879072,False,0.03476729516151394,0.3476729516151394,0.7844155482704428,1.1007234442615914,0.3566797384352087,22.561880198801337,31.659737668636645,10.259059175533434,10.259059175533434,0.05595224083186757,True,0.02,0,0,1556.1598189120155,1745.3528477285035,True,1260,0.06
02051500,success,,0.717271,520.9489120626135,260.4744560313068,1041.897824125227,False,0.036817758677408295,0.36817758677408297,1.269285794474868,1.7482659248356072,0.49468110872406235,34.474825194987034,47.48431158326753,13.435937615279201,13.435937615279201,0.03262094940577366,True,0.02,0,0,1261.1126030654177,1308.8446487200677,True,1260,0.06
02053200,success,,0.780648,375.24948521179925,187.62474260589963,750.4989704235985,False,0.033115409656306764,0.3311540965630676,0.9458645766451748,1.6538693634238462,0.7459498483956123,28.562671773110218,49.942591095468146,22.525762360712562,22.525762360712562,0.011605759262338217,True,0.02,0,0,1081.5770808663751,2654.6472155559454,True,1260,0.08
02053800,success,,0.5407,199.75537771728509,99.87768885864254,399.51075543457017,False,0.08236096466229695,0.8236096466229694,0.18448051569434712,0.2849677688997379,0.10268350233248502,2.2399023184195204,3.45998580842497,1.2467496313759336,1.2467496313759336,3.7885590182454116,False,0.02,0,0,1073.5644079795766,1496.1843310706192,True,1260,0.07
02055100,success,,0.378809,751.4795073952091,375.73975369760456,1502.9590147904182,False,0.08812246234446629,0.8812246234446628,1.9619471340787233,3.2035781698015526,1.2416310357228295,22.263871002714044,36.35370692751329,14.089835924799242,14.089835924799242,0.02966338322038301,True,0.02,0,0,0.1313512597195464,0.18578929849448445,True,1260,0.07
02056900,success,,0.524278,221.86649800759287,110.93324900379643,443.73299601518573,False,0.0952016369796384,0.9520163697963839,0.19693284570880093,0.3088322434555099,0.11189939774670894,2.0685867591848304,3.2439803899754636,1.1753936307906327,1.1753936307906327,4.262514682747855,False,0.02,0,0,1924.8127607732313,1624.919145407232,True,1260,0.07
02059500,success,,0.511818,399.1919111733991,199.59595558669955,798.3838223467982,False,0.07913232113059064,0.7913232113059063,0.6482080629100276,0.8251526132791078,0.17905554981084681,8.19144508399168,10.427504229496483,2.2627359750430505,2.2627359750430505,1.1501772961443375,True,0.02,0,0,1135.8350268268114,1244.9202674459827,True,1260,0.07
02064000,success,,0.598737,421.1467397541802,210.5733698770901,842.2934795083604,False,0.07120688687846273,0.7120688687846273,0.8121178613195787,1.150867929854843,0.3468068973552246,11.405046575139803,16.162312106400133,4.870412295192194,4.870412295192194,0.2482567695493965,True,0.02,0,0,2172.38419653753,1363.4970930779846,True,1260,0.06
02065500,success,,0.54506,417.2963396178735,208.64816980893676,834.592679235747,False,0.07216394805606145,0.7216394805606144,0.6489809150846668,0.893482389279903,0.24450147419523616,8.993145920737291,12.38128474603122,3.388138825293929,3.388138825293929,0.5129914898190318,True,0.02,0,0,1672.6579157587043,1804.3445063319289,True,1260,0.07
02069700,success,,0.494431,252.5930785383297,126.29653926916485,505.1861570766594,False,0.15157789535567315,1.5157789535567314,0.19538018179512212,0.37069526756126125,0.17531508576613916,1.288975423076486,2.445576030010415,1.1566006069339292,1.1566006069339292,4.402158976611025,False,0.02,0,0,1666.6606230160114,1638.4199589583393,True,1260,0.06
02070000,success,,0.398443,268.551277612331,134.2756388061655,537.102555224662,False,0.11120498133845756,1.1120498133845755,0.26646757156659734,0.4452615747908585,0.1787940032242611,2.3961837712610268,4.003971489691492,1.6077877184304648,1.6077877184304648,2.278112360054944,False,0.02,0,0,839.8568879207177,1202.133972830923,True,1260,0.06
02074500,success,,0.635729,449.43178122707553,224.71589061353777,898.8635624541511,False,0.07292399403874815,0.7292399403874815,1.071017424298091,1.5952936506630415,0.5427063999983368,14.68676309376316,21.876114599748643,7.442082776074633,7.442082776074633,0.10632700026280781,True,0.02,0,0,1300.1039377263112,2003.575052902263,True,1260,0.06
02077200,success,,0.426862,413.0426583455004,206.5213291727502,826.0853166910008,False,0.038199852083162136,0.38199852083162134,1.1031334981338738,1.9361808437981456,0.8546618511214815,28.877952085581946,50.685558666118034,22.3734335217021,22.3734335217021,0.011764332165449733,True,0.02,0,0,2693.082492633307,1504.9322251005126,True,1260,0.06
02081500,success,,0.725775,393.4059024220379,196.70295121101896,786.8118048440758,False,0.026843663188365202,0.268436631883652,1.0788113692344299,1.7345779770943737,0.731191305627995,40.18867922996505,64.61778204124496,27.238879451628414,27.238879451628414,0.007936957936860918,True,0.02,0,0,1547.4743109553465,2199.1305261586567,True,1260,0.07
02082950,success,,0.65304,436.35520455322745,218.17760227661373,872.7104091064549,False,0.04087842031029619,0.4087842031029619,0.9349636924379928,1.4076194611319461,0.49249838589533224,22.871815626459036,34.434291991890014,12.047882040375345,12.047882040375345,0.040570572910768266,True,0.02,0,0,3048.8992585247847,1881.618727099502,True,1260,0.06
02092500,success,,0.65897,502.4986737941607,251.24933689708035,1004.9973475883214,False,0.04209039724741946,0.4209039724741946,1.3640170209401268,1.9486711869020825,0.6377116851044191,32.406845982518114,46.29728665774363,15.151001815349149,15.151001815349149,0.025653690660722404,True,0.02,0,0,2087.808408682538,2391.7904215640947,True,1260,0.08
02096846,success,,0.596528,604.7442603239118,302.3721301619559,1209.4885206478236,False,0.03500500766479305,0.3500500766479305,1.620499540255094,2.160986129073675,0.5761681874258727,46.29336338883142,61.73362822163092,16.459593237151747,16.459593237151747,0.02173673732930315,True,0.02,0,0,2103.619192856385,1592.869619291434,True,1260,0.07
02102908,success,,0.376624,564.8861480889389,282.4430740444694,1129.7722961778777,False,0.12276401419158643,1.2276401419158642,0.6038277174388622,0.811475810703817,0.20764809326495484,4.918605190740376,6.610046242357487,1.6914410516171106,1.6914410516171106,2.0583480885687964,False,0.02,0,0,1595.0222122891596,665.9460769049764,True,1260,0.08
02108000,success,,0.755461,505.7051140819648,252.8525570409824,1011.4102281639296,False,0.06921339551953513,0.6921339551953513,1.395661516106674,2.183301701530489,0.8662958022598973,20.164615615668726,31.54449633834628,12.516302599478589,12.516302599478589,0.03759070280559547,True,0.02,0,0,2077.2900406386852,767.3028836041658,True,1260,0.06
02111180,success,,0.594326,1678.933251703533,839.4666258517665,2500.0,True,0.16748611850612308,1.6748611850612307,4.475102217996212,6.516106200370948,2.041003982374736,26.719242513418255,38.90535083439006,12.186108320971805,12.186108320971805,0.03965541376314305,True,0.02,0,0,0.5593159894305737,0.4741948347530218,True,1260,0.07
02111500,success,,0.244816,1308.8833350605707,654.4416675302854,2500.0,True,0.15863215783617224,1.5863215783617224,3.138480286162565,3.7714321402851883,0.6329518541226223,19.784640951577035,23.774701118168892,3.990060166591852,3.990060166591852,0.36989091535163177,True,0.02,0,0,1414.218137430338,1320.9441820292473,True,1260,0.08
02112120,success,,0.411173,309.1996328420026,154.5998164210013,618.3992656840052,False,0.138170229931424,1.3817022993142398,0.5164219249701466,0.8929792996963386,0.3770633786316074,3.737577372683354,6.462892188422484,2.728976993226035,2.728976993226035,0.7907383558592158,True,0.02,0,0,3200.7108167516203,1048.207763536783,True,1260,0.08
02112360,success,,0.12381,365.8696531001832,182.9348265500916,731.7393062003664,False,0.1549235265465173,1.549235265465173,0.4845150278037191,0.7905522924604117,0.30603726465669273,3.127446415688444,5.102855002613438,1.975408586924995,1.975408586924995,1.5091022947623076,False,0.02,0,0,1295.7883147289385,2224.640851022818,True,1260,0.07
02118500,success,,0.559208,370.6797295983388,185.3398647991694,741.3594591966776,False,0.1221681272314184,1.2216812723141839,0.5108497465481043,0.8819342956774995,0.3710845491293952,4.181530470549174,7.219021160952113,3.0374906904029393,3.0374906904029393,0.6382673704618937,True,0.02,0,0,1768.7323820018155,1392.575037799223,True,1260,0.07
02125000,success,,0.413674,484.3159132366709,242.15795661833545,968.6318264733418,False,0.03639010722933241,0.36390107229332413,1.4137178508373114,2.7208784342230734,1.4142245516433802,38.8489608433409,74.76972840656806,38.862884979449525,38.8489608433409,0.003901878492791309,True,0.02,0,0,753.243801595923,1489.6614253741272,True,1260,0.06
02128000,success,,0.523231,262.77671283507664,131.38835641753832,525.5534256701533,False,0.05188781629369607,0.5188781629369607,0.6401982522028766,1.3615684519327116,0.7407929503110402,12.338122856803578,26.240619651941888,14.276818783777575,12.338122856803578,0.038684267096313,True,0.02,0,0,1681.5016977237096,1784.344535392305,True,1260,0.06
02137727,success,,0.650407,1919.940938710176,959.970469355088,2500.0,True,0.1937739272925897,1.9377392729258966,4.513679299782801,5.695735794359384,1.1820564945765832,23.29353263799703,29.393716037757162,6.1001833997601365,6.1001833997601365,0.15825111179187082,True,0.02,0,0,2.9393603646118187,2.871710479864462,True,1260,0.09
02140991,success,,0.646894,455.4629123781965,227.73145618909825,910.925824756393,False,0.16521896971206348,1.6521896971206347,1.2542206570972552,3.067169515211723,1.8346035034419328,7.591263032828839,18.564269711626057,11.104073016792205,7.591263032828839,0.10218907654775308,True,0.02,0,0,10.642128636168565,10.326448792240418,True,1260,0.07
02143000,success,,0.546422,459.1424314031949,229.57121570159745,918.2848628063898,False,0.13324355009922925,1.3324355009922926,1.0620448394020998,1.7872792637579853,0.7468913508183836,7.970703562094922,13.413626869195253,5.605459703393959,5.605459703393959,0.1874174757922185,True,0.02,0,0,1122.4052777895004,1018.8109667655664,True,1260,0.07
02143040,success,,0.483343,569.7874209172411,284.89371045862055,1139.5748418344822,False,0.172969614921781,1.72969614921781,1.5881147332179077,3.8385333096699625,2.3016008255221765,9.181466547960303,22.191951525161194,13.30638809922187,9.181466547960303,0.0698567604279928,True,0.02,0,0,0.08525467404842065,0.09928050891187186,True,1260,0.07
02149000,success,,0.511911,1514.6190255700928,757.3095127850464,2500.0,True,0.16202649006622516,1.6202649006622516,3.592206702413847,5.128801789728978,1.5365950873151317,22.1704901522313,31.654094263429894,9.483604111198598,9.483604111198598,0.06547653996554077,True,0.02,0,0,0.4242878242171832,0.4734525009551215,True,1260,0.08
02152100,success,,0.112099,304.3816475352347,152.19082376761736,608.7632950704694,False,0.11049874185431317,1.1049874185431316,0.7979791046373254,1.4660545313271285,0.7033686070160301,7.2216125835117575,13.2676128861272,6.365399236340491,6.365399236340491,0.14533869578198158,True,0.02,0,0,887.9844220326117,747.083226455584,True,1260,0.08
02177000,success,,0.634091,2202.4168191369467,1101.2084095684734,2500.0,True,0.3118803082939424,3.118803082939424,5.874597949057507,7.074026030698767,1.1994280816412586,18.836065608607736,22.68186173534113,3.8457961267333878,3.8457961267333878,0.39816221032374094,True,0.02,0,0,8.066434249426905,8.383749509884407,True,1260,0.07
02178400,success,,0.478116,2499.99918890443,1249.999594452215,2500.0,True,0.2902992464304601,2.9029924643046012,5.3001305943901915,5.300132304194618,1.7098044255684878e-06,18.25747279595441,18.25747868575415,5.88979973800264e-06,5.88979973800264e-06,169758487564.94904,False,0.02,0,0,30.84318846341273,29.606112318020543,True,1260,0.07
02193340,success,,0.57743,333.603913021634,166.801956510817,667.207826043268,False,0.03898076704222146,0.3898076704222146,0.5054462931599735,0.8932438433258167,0.3877975501658432,12.96655585593035,22.914988880498743,9.948433024568393,9.948433024568393,0.05950085317136281,True,0.02,0,0,1183.5982331956234,2437.3383896676096,True,1260,0.07
02196000,success,,0.765675,485.25035215008455,242.62517607504228,970.5007043001691,False,0.029705661824223573,0.2970566182422357,0.8090533276829664,1.0331928936723398,0.2242389508069042,27.23566074610132,34.78100908123244,7.548693987489209,7.548693987489209,0.10334486775813467,True,0.02,0,0,1304.9639680790208,1473.9188683687207,True,1260,0.07
02198100,success,,0.455853,557.1938920002242,278.5969460001121,1114.3877840004484,False,0.061557428607372004,0.61557428607372,1.2183092634366222,1.547697219612067,0.349855423634939,19.79142551920565,25.142330578550478,5.6833989260077855,5.6833989260077855,0.18231242688914856,True,0.02,0,0,1785.0925720624919,1144.3003881056036,True,1260,0.06
02202600,success,,0.638037,499.1705689253757,249.58528446268784,998.3411378507514,False,0.05055044286754619,0.5055044286754619,1.0625002990474213,1.6117752461187236,0.587674604834899,21.01861504619093,31.884493086281086,11.625508531641195,11.625508531641195,0.04357211444183621,True,0.02,0,0,2375.1973797648934,2077.903175196018,True,1260,0.06
02212600,success,,0.692309,419.8782983155169,209.93914915775844,839.7565966310337,False,0.033843158118748676,0.33843158118748673,0.9021134565968058,1.5852926334989057,0.6939336204927592,26.65571142715096,46.84233746556513,20.504399088816974,20.504399088816974,0.014006784976886441,True,0.02,0,0,2302.6193364376204,3138.0525797766404,True,1260,0.05
02215100,success,,0.639964,606.1866257943824,303.0933128971912,1212.3732515887648,False,0.04336807918342098,0.4336807918342097,1.2610396413672076,1.7325956372536362,0.49740220575278926,29.077599587331637,39.95094248757929,11.469316029632672,11.469316029632672,0.04476695084477112,True,0.02,0,0,2082.4384709378596,2022.1170615423457,True,1260,0.06
02216180,success,,0.609293,575.9453376876716,287.9726688438358,1151.890675375343,False,0.03316203237549376,0.3316203237549376,1.0186799330357326,1.344170306880951,0.34106797100263114,30.718260011968432,40.53341157323857,10.284893493279235,10.284893493279235,0.05567150432641158,True,0.02,0,0,958.1178710997353,2293.733019691497,True,1260,0.05
02221525,success,,0.731667,259.6159450200595,129.80797251002974,519.231890040119,False,0.051344702526487374,0.5134470252648737,0.36719946951342014,0.7220991699441809,0.3665002001571284,7.15165248691414,14.063752138239948,7.138033372928018,7.138033372928018,0.11557806142552046,True,0.02,0,0,2821.1553510220524,2307.646857138331,True,1260,0.06
02231000,success,,0.808211,723.8252533985407,361.91262669927033,1447.6505067970813,False,0.037782734775819775,0.3778273477581977,1.4889660654415047,1.5800289940367647,0.09169889893284393,39.40863662400675,41.8188096603307,2.4270053366155344,2.4270053366155344,0.9997492603329537,True,0.02,0,0,1118.4213069721886,1919.3993077808836,True,1260,0.06
02245500,success,,0.507794,1360.1143826360842,680.0571913180421,2500.0,True,0.03861980885687226,0.38619808856872256,3.239838418739774,3.3975856296799285,0.15793518159541786,83.89058658334753,87.97520573630027,4.0894863612799535,4.0894863612799535,0.3521235128416342,True,0.02,0,0,2550.6542774852273,2210.365217404794,True,1260,0.07
02246000,success,,0.735268,718.1509964689275,359.07549823446374,1436.301992937855,False,0.04230807431383852,0.4230807431383852,1.5818220154469607,1.682569180419138,0.10210193947958604,37.388182778377214,39.76945790389679,2.4132967792908877,2.4132967792908877,1.0111395258267792,True,0.02,0,0,1824.3080615866834,2126.588726897381,True,1260,0.06
02296500,success,,0.631476,745.3258378120073,372.66291890600365,1490.6516756240146,False,0.02,0.09384521660649821,1.748074060423361,1.8722452518261552,0.1482357698154036,87.40370302116806,93.61226259130775,7.41178849077018,7.41178849077018,0.10719795962852896,True,0.02,0,0,1563.0602023424015,2140.906363794639,True,1260,0.07
02297155,success,,0.382568,512.3817214391852,256.1908607195926,1024.7634428783704,False,0.02,0.13722916666666668,0.4013592229758455,0.46006847438251175,0.058718061748717375,20.067961148792275,23.003423719125585,2.9359030874358685,2.9359030874358685,0.6832019901015771,True,0.02,0,0,1754.9972394886015,4370.533567395452,True,1260,0.07
02297310,success,,0.725077,371.5312277129001,185.76561385645005,743.0624554258002,False,0.02,0.15280252848328854,0.670469265742321,0.6837354559157495,0.02049128857271881,33.52346328711605,34.18677279578747,1.0245644286359405,1.0245644286359405,5.609885620799605,False,0.02,0,0,1010.4264508043509,2434.2329634869066,True,1260,0.06
02298123,success,,0.510724,1209.0043701053446,604.5021850526723,2418.008740210689,False,0.026699232405437902,0.266992324054379,2.9193487097628124,3.4578727138401404,0.588512290246764,109.34204644655706,129.51206466654324,22.042292501521512,22.042292501521512,0.012120458019587619,True,0.02,0,0,0.000977600045085908,0.001355880802269268,True,1260,0.07
02298608,success,,0.669008,382.4651860604383,191.23259303021916,764.9303721208767,False,0.041907248511237755,0.41907248511237755,0.7529143483759511,0.8274983959156142,0.07894523489660518,17.96620811729148,19.745949097414833,1.8838085940057698,1.8838085940057698,1.6594302642881704,False,0.02,0,0,1132.2398463930103,1759.284166991598,True,1260,0.07
02299950,success,,0.544852,421.8076126400848,210.9038063200424,843.6152252801696,False,0.02,0.1965478854650829,0.7904525995469796,0.8195109011697159,0.041950818254954295,39.52262997734898,40.97554505848579,2.0975409127477147,2.0975409127477147,1.3384793428245658,True,0.02,0,0,2782.1562051394367,1908.4215655658263,True,1260,0.06
02300700,success,,0.632056,354.7616023532067,177.38080117660334,709.5232047064134,False,0.06295422535211269,0.6295422535211268,0.5279782617147032,0.6115050587461113,0.08427297510559507,8.386700952344967,9.71348714603141,1.3386389020632583,1.3386389020632583,3.286288373728483,False,0.02,0,0,923.1235505128604,1285.055480926364,True,1260,0.06
02342933,success,,0.75667,841.055077388965,420.5275386944825,1682.11015477793,False,0.03542130299896588,0.35421302998965876,2.2284316670046787,4.129875058545634,1.9241419058628184,62.912187817306936,116.5929739701051,54.321601492723,54.321601492723,0.00199566400252336,True,0.02,0,0,2191.41060635629,1744.7917519261825,True,1260,0.06
02349900,success,,0.624579,311.20444194879417,155.60222097439708,622.4088838975883,False,0.03584178399934891,0.3584178399934891,0.3432496360390074,0.5891546768905604,0.24927018904431572,9.576801089065286,16.43764933411972,6.954737215336264,6.954737215336264,0.12175059839047467,True,0.02,0,0,1158.5325293907756,2246.832971164036,True,1260,0.07
02350900,success,,0.767814,392.2372569587285,196.11862847936425,784.474513917457,False,0.07321232565635256,0.7321232565635256,0.3871565143309518,0.7187846627045723,0.3316281483736205,5.288132986625847,9.81780945026166,4.529676463635812,4.529676463635812,0.287010765881227,True,0.02,0,0,830.6999520137902,2387.9708593445225,True,1260,0.07
02361000,success,,0.625273,331.0227131133552,165.5113565566776,662.0454262267104,False,0.09262586649154417,0.9262586649154416,0.6019940089149445,1.3310137466429734,0.7325267481297988,6.499199756149117,14.369784565140689,7.908446915275781,6.499199756149117,0.13941605296948037,True,0.02,0,0,1455.3460090381054,2370.1170371464286,True,1260,0.07
02363000,success,,0.713715,536.2989940838495,268.14949704192475,1072.597988167699,False,0.07495907962027373,0.7495907962027373,1.2013723108260135,2.4364190670000534,1.2360256040209072,16.027041912893036,32.50332153679605,16.48933805327309,16.027041912893036,0.022925869117439518,True,0.02,0,0,3629.533379995216,1626.8404002984978,True,1260,0.06
02369800,success,,0.81631,1314.4777874701642,657.2388937350821,2500.0,True,0.12151808711704981,1.2151808711704981,3.186706806950425,5.42773986399868,2.2416630946281484,26.224135703196964,44.666106855109724,18.447155874572914,18.447155874572914,0.01730508429370437,True,0.02,0,0,1471.723742526994,2114.425346617223,True,1260,0.06
02371500,success,,0.788441,425.1802242549479,212.59011212747396,850.3604485098958,False,0.07834933747940502,0.7834933747940501,0.9447634391394647,2.3456497472851487,1.407077117547693,12.058346241763768,29.93834820749733,17.959017431609535,12.058346241763768,0.040500189388830876,True,0.02,0,0,2560.8004297585358,1476.4165325035374,True,1260,0.07
02372250,success,,0.720135,543.1010078192592,271.5505039096296,1086.2020156385183,False,0.0697520913012347,0.697520913012347,1.2954849930061356,2.996545283843735,1.70397847824918,18.5727046865361,42.95993464773281,24.42906651917141,18.5727046865361,0.01707191529995415,True,0.02,0,0,1530.944896964899,869.3971955957028,True,1260,0.06
02374500,success,,0.550481,452.3955199019196,226.1977599509598,904.7910398038392,False,0.12460248586556583,1.2460248586556582,0.8438069967387096,2.0970899068812185,1.2708886388736156,6.771991673176543,16.83024132555251,10.199544816824787,6.771991673176543,0.12841025937209258,True,0.02,0,0,2207.8124663646627,2733.9361721362507,True,1260,0.08
02381600,success,,0.528791,251.3099005107632,125.6549502553816,502.6198010215264,False,0.3319031007751938,3.319031007751938,0.770605795860341,2.1592379240756627,1.4375323481794093,2.3217794412300212,6.505627452809391,4.331180832061842,2.3217794412300212,1.0924224873258563,True,0.02,0,0,0.038818103160482634,0.030808162232832247,True,1260,0.06
02384540,success,,0.573898,235.7672384893796,117.8836192446898,471.5344769787592,False,0.14883387927000466,1.4883387927000467,0.4685321692416738,1.0667562302006126,0.608517395094199,3.1480209448259657,7.167428783236735,4.088567724491456,3.1480209448259657,0.5942337682870261,True,0.02,0,0,1552.1989467447677,2906.6074913116277,True,1260,0.06
02395120,success,,0.635956,720.4100427085735,360.20502135428677,1440.820085417147,False,0.10484180454707773,1.0484180454707772,1.4121924075661303,2.584709320634617,1.1807252100830457,13.469745333618379,24.653422666661463,11.261969547203451,11.261969547203451,0.04643055305129936,True,0.02,0,0,2221.558210434305,1300.804078871114,True,1260,0.06
02415000,success,,0.761605,457.3909689970509,228.69548449852545,914.7819379941018,False,0.0973402051365542,0.9734020513655419,0.9314521918046501,2.018963688782277,1.118252861477052,9.569038718358541,20.74131327286565,11.488088194475297,9.569038718358541,0.06431257971124045,True,0.02,0,0,1414.8685701695945,1495.549655415101,True,1260,0.06
02427250,success,,0.795179,599.9910757458637,299.99553787293183,1199.9821514917273,False,0.04891460813932824,0.4891460813932824,1.4642329010802937,3.151522520718004,1.7028242631318695,29.93447063727009,64.42906609291882,34.812182452357575,29.93447063727009,0.006571876433927561,True,0.02,0,0,3823.3383289851554,3416.0805207608255,True,1260,0.05
02430085,success,,0.599572,247.6727652005798,123.8363826002899,495.3455304011596,False,0.09349679487179487,0.9349679487179486,0.322236760137808,0.8806595366858044,0.5620057430455815,3.446500605498478,9.419141457131088,6.010962662583437,3.446500605498478,0.4957649687066876,True,0.02,0,0,2605.2225878700956,2605.148674895164,True,1260,0.07
02450250,success,,0.675787,387.7309272150128,193.8654636075064,775.4618544300256,False,0.06965259026010438,0.6965259026010439,0.9510387982273237,2.310375374894986,1.4039847823824403,13.654033463448377,33.169985010856415,20.156964402034806,13.654033463448377,0.03158716349164838,True,0.02,0,0,2129.9367026160985,1199.262774951738,True,1260,0.07
02464000,success,,0.832096,531.5126289396574,265.7563144698287,1063.0252578793147,False,0.06550298821985008,0.6550298821985008,1.2772923180957119,3.2002232787843763,1.9802735276677728,19.49975646620409,48.85614176933959,30.23180440289698,19.49975646620409,0.01548724537134211,True,0.02,0,0,2370.683671089778,2163.0725590466286,True,1260,0.06
02464360,success,,0.69554,371.2743798203252,185.6371899101626,742.5487596406504,False,0.09877270892208317,0.9877270892208316,0.6146799005638639,1.3585273892780294,0.8047930929729608,6.223175483105905,13.754076445850071,8.14792974451902,6.223175483105905,0.15205771465430787,True,0.02,0,0,2104.478872351217,2237.5055486720207,True,1260,0.06
02465493,success,,0.711988,320.78080907987874,160.39040453993937,641.5616181597575,False,0.07918748501558381,0.791874850155838,0.4626668706626791,1.0768557186560561,0.6291168295504656,5.842676662500746,13.598811964341774,7.944649706031926,5.842676662500746,0.17250784438765882,True,0.02,0,0,2124.5780407605075,2101.701027892163,True,1260,0.06
02469800,success,,0.802582,500.6326343180084,250.3163171590042,1001.2652686360168,False,0.061934844326677396,0.619348443266774,1.1773009934901457,3.0638149332813063,1.8979825537466677,19.00870190745023,49.46835608597178,30.644826420095537,19.00870190745023,0.0162977493268041,True,0.02,0,0,2626.841378447516,1702.7853370588557,True,1260,0.08
02472000,success,,0.80043,598.7224367255918,299.3612183627959,1197.4448734511836,False,0.06462041481373858,0.6462041481373857,1.5153047383509255,3.456824255562324,2.0384376502277877,23.44931927036725,53.494306180581624,31.54479363995675,23.44931927036725,0.010709571004837673,True,0.02,0,0,1539.6751612736127,1392.5944268594762,True,1260,0.07
02472500,success,,0.78063,472.329507035371,236.1647535176855,944.659014070742,False,0.08625694356533407,0.8625694356533407,0.9136255714508402,1.9781736492881377,1.124693474386735,10.59190754607283,22.93350039454851,13.038874644739204,10.59190754607283,0.052490920829616046,True,0.02,0,0,1324.3646760224563,3289.333167429177,True,1260,0.07
02479155,success,,0.676085,1206.0821981394097,603.0410990697048,2412.1643962788194,False,0.08019886363636364,0.8019886363636364,3.0804577176397476,5.079574693806425,2.0491735609173545,38.41024146685056,63.33724024866672,25.55115456758444,25.55115456758444,0.00902010297851666,True,0.02,0,0,1872.7967741216812,3141.7639540179953,True,1260,0.09
02479300,success,,0.726951,417.1388055260441,208.56940276302205,834.2776110520882,False,0.12337774864534175,1.2337774864534174,0.8628400486505009,2.157298872687011,1.331716306160607,6.9934818727386325,17.485315596804433,10.793812667053293,6.9934818727386325,0.1204053118946343,True,0.02,0,0,1515.8792477604943,1477.073621783178,True,1260,0.08
02479560,success,,0.808678,411.0629987821961,205.53149939109804,822.1259975643922,False,0.11725538220348891,1.172553822034889,0.924848322890602,2.4311036291104067,1.5460527565596605,7.887470114468514,20.73340757093255,13.185345759878116,7.887470114468514,0.0946579512781381,True,0.02,0,0,2985.583252736103,2610.0843178811483,True,1260,0.07
02481000,success,,0.720275,437.725095074383,218.8625475371915,875.450190148766,False,0.08540472655779803,0.8540472655779803,1.1170825275208345,2.6415528076591954,1.585341335062389,13.079867737353434,30.929819860397455,18.562688494640895,13.079867737353434,0.034421187509492406,True,0.02,0,0,1636.5961416413293,991.0300557178475,True,1260,0.07
02481510,success,,0.780641,590.31403552703,295.157017763515,1180.62807105406,False,0.09900562036320038,0.9900562036320036,1.4863404652996353,3.3922297221184388,1.972625979113564,15.012687763048415,34.26300153136866,19.92438380646493,15.012687763048415,0.026128570483734827,True,0.02,0,0,1489.832418561181,1750.6011060724297,True,1260,0.06
03010655,success,,0.613479,389.42897277079294,194.71448638539647,778.8579455415859,False,0.09182923282502752,0.9182923282502751,1.0739285576417084,2.4192448532953676,1.3569234292083865,11.694844055683056,26.34504045030001,14.77659550737927,11.694844055683056,0.043056991751706894,True,0.02,0,0,0.08917870020651864,0.09006291819458466,True,1260,0.07
03011800,success,,0.596878,358.89089621958004,179.44544810979002,717.7817924391601,False,0.14542727272727274,1.4542727272727274,1.00237990808064,2.702697557523443,1.7234378822593859,6.892654240724535,18.584530307406308,11.850857476310086,6.892654240724535,0.12395372068130904,True,0.02,0,0,0.03924268039205623,0.05693847543112754,True,1260,0.07
03015500,success,,0.738636,379.1475940890374,189.5737970445187,758.2951881780748,False,0.13404319296680897,1.3404319296680896,1.0580423470701228,2.86575946180485,1.8294110534831738,7.89329412148597,21.379373307784853,13.647922083862642,7.89329412148597,0.09451831751256938,True,0.02,0,0,0.026210850524139115,0.024330031050600723,True,1260,0.08
03021350,success,,0.602931,303.55657377398666,151.77828688699333,607.1131475479733,False,0.11229023240288732,1.1229023240288731,0.854518261117201,2.4393444671797107,1.6051680164070465,7.609907316348458,21.72356771359739,14.294814268865764,7.609907316348458,0.1016889631787615,True,0.02,0,0,0.0071921768862779015,0.007281506226190381,True,1260,0.08
03026500,success,,0.497494,379.9836090806443,189.99180454032216,759.9672181612887,False,0.12046282619399312,1.204628261939931,1.0586562320476807,2.7592983676493357,1.7231966073118166,8.788240036331395,22.905807997612197,14.304799760689525,8.788240036331395,0.07624804856430885,True,0.02,0,0,0.049173717098606,0.04508990203872359,True,1260,0.07
03028000,success,,0.645929,372.7080407966111,186.35402039830555,745.4160815932222,False,0.14274743963751474,1.4274743963751473,1.0348250325836956,2.6391741034297715,1.6214234928646343,7.249342161312843,18.48841639563939,11.358687041827096,7.249342161312843,0.11205606229969348,True,0.02,0,0,0.03965317219309674,0.03703801813745103,True,1260,0.08
03049000,success,,0.587714,542.4042580648022,271.2021290324011,1084.8085161296044,False,0.0787789444211116,0.7877894442111159,1.4530259665900063,2.609804951734717,1.159082622920551,18.44434419967446,33.128204127540045,14.713101723281456,14.713101723281456,0.02720345583548626,True,0.02,0,0,0.005561703803752813,0.00500969243736083,True,1260,0.07
03049800,success,,0.05161,408.0976338012972,204.0488169006486,816.1952676025944,False,0.05750906648757556,0.5750906648757556,0.8056654370202119,0.9799956040002905,0.1815512661045928,14.009363848642376,17.040714862099385,3.1569155472870647,3.1569155472870647,0.5908899808752504,True,0.02,0,0,1383.3127910556182,802.7754615138304,True,1260,0.08
03050000,success,,0.706091,413.38455662038143,206.69227831019072,826.7691132407629,False,0.0951447187506413,0.951447187506413,1.1521679460872931,2.9910165920690934,1.8717202180121149,12.109636364651372,31.43649622747908,19.67235010613239,12.109636364651372,0.04015784044748436,True,0.02,0,0,0.10197052991409705,0.09765486233161152,True,1260,0.07
03069500,success,,0.758304,305.1598129277135,152.57990646385676,610.319625855427,False,0.13439599321431459,1.3439599321431457,0.8637974250979927,2.3609082397655134,1.541440124068115,6.427255786714847,17.56680525438501,11.469390472155352,6.427255786714847,0.14255464933905715,True,0.02,0,0,0.0023345191421610912,0.0023889731657115013,True,1260,0.06
03070500,success,,0.730914,394.65527179289,197.327635896445,789.31054358578,False,0.11916641540067263,1.1916641540067263,1.099472127785285,2.8117608520495994,1.7422169939183845,9.22635898787872,23.59524571244029,14.620033572886598,9.22635898787872,0.06917861405369262,True,0.02,0,0,0.0008834234359179472,0.0008496952228143443,True,1260,0.06
03076600,success,,0.566836,413.428354062246,206.714177031123,826.856708124492,False,0.0960204081632653,0.960204081632653,1.1466050631015468,2.772004233285287,1.6509240729063068,11.94126420658359,28.86890699914539,17.193470684890336,11.94126420658359,0.041298277597994315,True,0.02,0,0,0.002388635889020901,0.0028609688534819207,True,1260,0.08
03078000,success,,0.546682,397.5603515881385,198.78017579406924,795.120703176277,False,0.10454260589546696,1.0454260589546696,1.0971699746073411,2.465440302789935,1.3894452459578972,10.49495528841524,23.58311505315976,13.290707975533108,10.49495528841524,0.05346522128558315,True,0.02,0,0,0.0007966987022038599,0.0008786266279851662,True,1260,0.07
03140000,success,,0.556146,471.0141804762555,235.50709023812774,942.028360952511,False,0.04173304904051173,0.41733049040511727,1.0049675705110734,1.3254594790673584,0.32067304230448224,24.08085662601638,31.760427515868507,7.683911184950654,7.683911184950654,0.09973965950280574,True,0.02,0,0,565.2044541365443,2403.281014703643,True,1260,0.07
03144000,success,,0.745165,320.3946606130743,160.19733030653714,640.7893212261486,False,0.04308698164607468,0.4308698164607468,0.8700104115938359,1.8861792354000695,1.0161765293550973,20.19195539711461,43.77608185445741,23.58430529439681,20.19195539711461,0.014443611473370654,True,0.02,0,0,0.45220484762261987,0.33168776509729114,True,1260,0.08
03170000,success,,0.342764,191.7735907342474,95.8867953671237,383.5471814684948,False,0.10422003674619953,1.0422003674619953,0.13649977235477068,0.25672692068900727,0.12083412249273699,1.309726772474471,2.4633163516742766,1.1594135471953122,1.1594135471953122,4.380824072293583,False,0.02,0,0,1555.047708493662,2314.5931697964224,True,1260,0.07
03173000,success,,0.639888,214.7963883408497,107.39819417042484,429.5927766816994,False,0.07197557285470439,0.719755728547044,0.4373816548063322,0.8792461674677514,0.4615207990224371,6.076806859033488,12.215896763234765,6.412186533813348,6.076806859033488,0.15947098896978687,True,0.02,0,0,622.8942433193279,1403.3325655259914,True,1260,0.06
03180500,success,,0.598822,373.800947704005,186.9004738520025,747.60189540801,False,0.11415481365559615,1.1415481365559614,1.044732477861786,2.7774541416442093,1.766060680924132,9.151891579567836,24.330591524802088,15.470750854644798,9.151891579567836,0.07030898381654883,True,0.02,0,0,0.03753666337187324,0.04444203526570943,True,1260,0.06
03182500,success,,0.633344,373.8471225543963,186.92356127719816,747.6942451087926,False,0.08791821798281282,0.8791821798281282,1.046013942949412,2.7160948531217,1.7093284095328696,11.897578988167137,30.893424769513306,19.442254958659728,11.897578988167137,0.041602110242767776,True,0.02,0,0,0.010359423384457882,0.008217833041353793,True,1260,0.08
03186500,success,,0.674834,255.1135579674119,127.55677898370595,510.2271159348238,False,0.14768059936908517,1.4768059936908517,0.7372505012094536,2.038650743033547,1.325841060933054,4.992196025470536,13.804458755875753,8.977760562980217,4.992196025470536,0.23629214987421257,True,0.02,0,0,0.002014882644557747,0.0018884637489770969,True,1260,0.07
03237280,success,,0.393995,517.5636269606904,258.7818134803452,1035.1272539213808,False,0.04009602427921093,0.4009602427921093,1.3786289860876335,2.3941713980343575,1.0262815740938356,34.383184140339516,59.71094244562527,25.595594389789515,25.595594389789515,0.008988808234489132,True,0.02,0,0,0.0038350575866094483,0.0037515616218732,True,1260,0.07
03237500,success,,0.745163,417.9626805004423,208.98134025022114,835.9253610008845,False,0.03743514319035895,0.37435143190358944,0.9625117718152478,1.6082275749627633,0.6602939663418439,25.711448916352303,42.96036926544858,17.63834488315504,17.63834488315504,0.018928530264862808,True,0.02,0,0,2028.667930102325,1369.3167903893316,True,1260,0.08
03238500,success,,0.698825,231.9959451314226,115.9979725657113,463.9918902628452,False,0.027543078276165353,0.2754307827616535,0.5102203542315847,1.2856560262673045,0.8144328923590833,18.524449196120116,46.67800793275377,29.569421550962225,18.524449196120116,0.01716097453600697,True,0.02,0,0,1366.4104089273103,966.6364732647966,True,1260,0.06
03241500,success,,0.746387,201.03277564648772,100.51638782324386,402.06555129297544,False,0.05296600549997075,0.5296600549997075,0.30987914865740074,0.6127133333159748,0.3028341846585739,5.850528952151619,11.568048742439396,5.717519790287776,5.717519790287776,0.18014292120711636,True,0.02,0,0,1228.3954939466594,1519.0689810986198,True,1260,0.06
03280700,success,,0.339455,487.1147453753377,243.55737268766885,974.2294907506754,False,0.08350170648464166,0.8350170648464165,1.2680774744162309,2.4693177306512153,1.241523360672043,15.186246219404707,29.57206307041633,14.868239380238231,14.868239380238231,0.026638726852865977,True,0.02,0,0,2274.5303871432798,1333.7830008672568,True,1260,0.05
03281500,success,,0.700993,503.3927360990569,251.69636804952844,1006.7854721981138,False,0.08331818824732623,0.8331818824732622,1.2844992847291596,2.5035540882142957,1.253475617462369,15.41679328067219,30.048110033101175,15.0444416018923,15.0444416018923,0.026018389348967417,True,0.02,0,0,2109.44397103191,1573.668178035162,True,1260,0.06
03285000,success,,0.615124,489.7119432757053,244.85597163785266,979.4238865514106,False,0.05801578422550283,0.5801578422550283,1.3534710599553859,2.8369648628427666,1.5205415237902227,23.32935903606076,48.89987958821181,26.209100576491327,23.32935903606076,0.010819992014300386,True,0.02,0,0,0.016669454275228993,0.016021590072504803,True,1260,0.07
03291780,success,,0.46096,583.11277814084,291.55638907042,1166.22555628168,False,0.03426130794006443,0.3426130794006442,1.4347201458027397,2.3150451063348885,0.9010936850370843,41.87581362371193,67.57024893459263,26.30062129015702,26.30062129015702,0.008513350980799632,True,0.02,0,0,2114.863230673057,2332.953294498502,True,1260,0.07
03338780,success,,0.648935,275.31906502547633,137.65953251273817,550.6381300509527,False,0.05978879634449651,0.5978879634449651,0.7689915389834842,2.062980795125848,1.3024073049204479,12.861799969222309,34.504471092530075,21.783467548269734,12.861799969222309,0.035598283059491885,True,0.02,0,0,0.018124294697211756,0.01653295869391669,True,1260,0.07
03340800,success,,0.708238,518.4748128818198,259.2374064409099,1036.9496257636397,False,0.046175171256815334,0.4617517125681533,1.3997905255733747,2.580386249658825,1.1807274188445769,30.314787957971447,55.8825485520634,25.57061266275877,25.57061266275877,0.009006380409927262,True,0.02,0,0,0.2007591572518942,0.31005863625757873,True,1260,0.06
03346000,success,,0.749975,352.28545034665825,176.14272517332913,704.5709006933165,False,0.0246254649007598,0.24625464900759797,0.8061870724750021,1.2467090693316827,0.4543115244052597,32.737943251992284,50.62682367037125,18.44885066073381,18.44885066073381,0.01730190500944436,True,0.02,0,0,1443.0419881737682,1334.9452365818233,True,1260,0.06
03364500,success,,0.768359,363.3972732507511,181.69863662537554,726.7945465015022,False,0.0361175081192796,0.361175081192796,0.7848797058824165,1.4304826373144683,0.652766030834314,21.73128066560733,39.60634915870272,18.07339611244847,18.07339611244847,0.018028227087328163,True,0.02,0,0,1008.1465629422906,1262.5084243445592,True,1260,0.06
03366500,success,,0.675789,492.0555637886967,246.02778189434835,984.1111275773934,False,0.030452106670903846,0.30452106670903845,1.3560661824854612,2.8731493228509586,1.5455642179686584,44.531112318122325,94.34977205029215,50.75393419153502,44.531112318122325,0.0029696513723418976,True,0.02,0,0,0.0830938754867892,0.09675581264928644,True,1260,0.06
03368000,success,,0.39022,562.177141131698,281.088570565849,1124.354282263396,False,0.022226850605652763,0.22226850605652762,1.3347369152366904,1.982141165377579,0.6574560029114929,60.0506540003125,89.17777873908408,29.579359423250352,29.579359423250352,0.00673061927455692,True,0.02,0,0,639.8105714587783,2383.9765627064785,True,1260,0.06
03384450,success,,0.505212,227.2701964107726,113.6350982053863,454.5403928215452,False,0.02,0.19924169891118512,0.47561255070757935,1.012114033440566,0.5544491680692106,23.78062753537897,50.6057016720283,27.722458403460532,23.78062753537897,0.010413241306061024,True,0.02,0,0,1813.5628415902618,1821.6837449458876,True,1260,0.07
03439000,success,,0.573668,427.304066842211,213.6520334211055,854.608133684422,False,0.3402810208764762,3.402810208764762,0.5691266657671303,1.2280315047178347,0.6589048389507043,1.672519567213025,3.6088745165826235,1.9363549493695982,1.672519567213025,2.105184381412726,False,0.02,0,0,4868.690464241832,2389.3639887929053,True,1260,0.07
03455500,success,,0.370793,258.87129737487817,129.43564868743908,517.7425947497563,False,0.3085499657299521,3.0854996572995206,0.6043165424691832,1.0008916067224831,0.4247712454968343,1.958569468771521,3.2438558350010633,1.376669235700389,1.376669235700389,3.1072295561644028,False,0.02,0,0,5639.065283511346,2904.246712388193,True,1260,0.05
03456500,success,,0.346464,376.04989049853145,188.02494524926573,752.0997809970629,False,0.26404137000674516,2.6404137000674512,0.9289692563974918,1.383382524925886,0.4648520687371533,3.518271611656009,5.2392643050236645,1.7605274079788265,1.7605274079788265,1.8999710030695467,False,0.02,0,0,1950.3629237379569,4592.769540233614,True,1260,0.07
03460000,success,,0.48894,171.64097367086572,85.82048683543286,343.28194734173144,False,0.20031994961423397,2.0031994961423396,0.3326787802035177,0.9244740208573774,0.6157267871245788,1.6607371399811834,4.614987287275595,3.073716763159707,1.6607371399811834,2.13516163701155,False,0.02,0,0,1985.056282938581,2404.409190224179,True,1260,0.06
03463300,success,,0.716685,260.8040525896111,130.40202629480555,521.6081051792222,False,0.2857565977175464,2.857565977175464,0.8167631830770726,2.1739631412867215,1.4345856978220402,2.8582478570954817,7.607744348340668,5.020306475093337,2.8582478570954817,0.720829880188831,True,0.02,0,0,0.19468852382846474,0.1624877451457488,True,1260,0.06
03471500,success,,0.457442,357.0491986821406,178.5245993410703,714.0983973642813,False,0.10618066209123943,1.0618066209123942,0.9790419761922365,2.3233382986314783,1.3742045910096055,9.220529961952588,21.88099276151687,12.942136203942413,9.220529961952588,0.06926610824279072,True,0.02,0,0,5.71456279528933,4.984547777498651,True,1260,0.07
03473000,success,,0.467052,216.6931622133105,108.34658110665525,433.386324426621,False,0.12407420904422728,1.2407420904422728,0.5264448358643534,1.1460070386260528,0.6342680256346827,4.2429836137556824,9.236464592069646,5.112005391939211,4.2429836137556824,0.327107005245299,True,0.02,0,0,780.9666999873191,819.6831252565493,True,1260,0.06
03479000,success,,0.587337,153.8122706175835,76.90613530879175,307.624541235167,False,0.1526528862478778,1.5265288624787778,0.2561312701606919,0.45485553280420243,0.22862226859506352,1.6778671956767717,2.979672012657579,1.4976609628187876,1.4976609628187876,2.6254607756907533,False,0.02,0,0,3174.4920254912818,1563.8699801440807,True,1260,0.07
03488000,success,,0.45219,257.4607928015048,128.7303964007524,514.9215856030096,False,0.08970429428754258,0.8970429428754257,0.5931073224341026,0.9990081666457935,0.427390894503237,6.611805233458803,11.136681633585159,4.764441857524202,4.764441857524202,0.25942300831055193,True,0.02,0,0,1539.68253003897,1765.1241813964475,True,1260,0.07
03498500,success,,0.661431,399.978271237798,199.989135618899,799.956542475596,False,0.13202847465411335,1.3202847465411334,0.8861722742061632,1.767143864022503,0.9048495937404305,6.711978431378132,13.384566235821824,6.853442760063273,6.711978431378132,0.13071681262992785,True,0.02,0,0,2333.259525690997,2361.831879527535,True,1260,0.06
03500000,success,,0.504627,360.85602062136,180.42801031068,721.71204124272,False,0.2587919366450684,2.587919366450684,0.9125214932800977,2.16897619536578,1.2564547020856827,3.5260816280053406,8.381158329289516,4.855076701284178,3.5260816280053406,0.4736394086887807,True,0.02,0,0,4090.8025565961693,2724.309078012566,True,1260,0.08
03500240,success,,0.464427,355.05464718302227,177.52732359151113,710.1092943660445,False,0.2432174688057041,2.432174688057041,0.7350501323347834,1.7446115805696474,1.0095614482348636,3.0221930026004142,7.1730521213644485,4.150859118764033,3.0221930026004142,0.6447452668941822,True,0.02,0,0,2884.8174172708345,3610.583111723746,True,1260,0.07
03504000,success,,0.619958,1502.4121287409926,751.2060643704963,2500.0,True,0.36557136485281,3.6557136485280997,4.133906995318743,8.452878029529822,4.3347311582909915,11.3080711258202,23.122374568186444,11.857414379368265,11.3080711258202,0.04605274176069693,True,0.02,0,0,5.113693448198649,4.885338592741922,True,1260,0.06
03574500,success,,0.737828,454.3115687124487,227.15578435622436,908.6231374248974,False,0.10372044728434507,1.0372044728434506,1.2866905013754766,3.5681148675279917,2.3294010510969727,12.405369770996753,34.4012676473151,22.45845551274014,12.405369770996753,0.03826600519491135,True,0.02,0,0,0.2025409723087267,0.23905870900544762,True,1260,0.07
03592718,success,,0.445702,624.634266464752,312.317133232376,1249.268532929504,False,0.08034811165845651,0.803481116584565,1.2681491002950658,2.1909440112112515,0.9300931833509889,15.7831848704262,27.26814564758546,11.575793931593887,11.575793931593887,0.043947176711384484,True,0.02,0,0,2683.0717820407,888.1111489958635,True,1260,0.08
03604000,success,,0.722541,244.06680179683863,122.03340089841932,488.13360359367726,False,0.10802207165765286,1.0802207165765285,0.369297702077409,0.8428411185016941,0.47354341642428516,3.418724492229695,7.802489857562204,4.38376536533251,3.418724492229695,0.5038535785044983,True,0.02,0,0,2983.095563261264,2947.0972356108423,True,1260,0.07
04015330,success,,0.42931,351.89577253880407,175.94788626940203,703.7915450776081,False,0.025082148428794294,0.25082148428794293,0.9274878741773308,1.3955125060285134,0.46802463185118215,36.97800755825905,55.63767832688789,18.659670768628818,18.659670768628818,0.016913153891031367,True,0.02,0,0,0.0003427890057130113,0.000487803523590251,True,1260,0.09
04024430,success,,0.596507,219.21902077566685,109.60951038783342,438.4380415513337,False,0.03968368384879726,0.3968368384879726,0.424468807303764,0.6410247408377729,0.21655593353400898,10.696305537587557,16.153357719515277,5.457052181927722,5.457052181927722,0.19774993105097383,True,0.02,0,0,1737.3109033662802,363.5338771085668,True,1260,0.05
04027000,success,,0.506851,492.5175540444475,246.25877702222374,985.035108088895,False,0.04629335432293114,0.4629335432293114,0.9981481909618241,1.2918844369919107,0.2937362460300867,21.561371077130982,27.906477201458337,6.345106124327357,6.345106124327357,0.1462698357078131,True,0.02,0,0,1451.5142228544173,1099.0129455118633,True,1260,0.06
04040500,success,,0.514754,949.9051224345474,474.9525612172737,1899.8102448690947,False,0.05565355024652836,0.5565355024652836,1.9275030427817472,2.2581434434159924,0.33064040063424505,34.63396376769304,40.57501153858291,5.941047770889876,5.941047770889876,0.16684241407306263,True,0.02,0,0,443.42191268110423,713.8102924917586,True,1260,0.05
04043050,success,,-0.410287,184.74486316297185,92.37243158148593,369.4897263259437,False,0.06705638214565389,0.6705638214565388,0.4421761955690263,0.6914705957778942,0.24929440020886773,6.594095616559967,10.311779038062976,3.7176834215030072,3.7176834215030072,0.42607665984416343,True,0.02,0,0,1.927362506051984e-14,1.2125520676071556e-14,True,1260,0.06
04045500,success,,0.713261,282.0995201875187,141.04976009375935,564.1990403750374,False,0.07584807209924645,0.7584807209924644,0.6863143552246227,1.0744703376201101,0.3881559823954873,9.048540539390206,14.166086333930497,5.117545794540289,5.117545794540289,0.22485838067312972,True,0.02,0,0,713.0665332935275,557.2116962558796,True,1260,0.07
04057510,success,,0.597697,361.3777959576632,180.6888979788316,722.7555919153264,False,0.05295447346749162,0.5295447346749161,0.2283380937868496,0.3819404524982943,0.15360235871144468,4.311969864586129,7.212619208323634,2.9006493437375047,2.9006493437375047,0.6999098296364544,True,0.02,0,0,977.8754970366315,919.9850885650955,True,1260,0.07
04057800,success,,0.480011,278.73840084352435,139.36920042176217,557.4768016870487,False,0.06545663243289894,0.6545663243289894,0.19511230413585506,0.3372651620007786,0.14215285786492357,2.980787383705831,5.152497912973398,2.171710529267567,2.171710529267567,1.2486153799654398,True,0.02,0,0,2460.383115454166,2435.9083070578013,True,1260,0.09
04059500,success,,0.143864,2499.9999832889,1249.99999164445,2500.0,True,0.032432111586750766,0.32432111586750767,2.9982836474019625,2.998283653788969,6.387006547471344e-09,92.44799369236345,92.4479938892981,1.969346501040215e-07,1.969346501040215e-07,151840729820008.97,False,0.02,0,0,0.02350226183152872,0.022095793292196787,True,1260,0.06
04063700,success,,0.677163,332.39251813231823,166.19625906615912,664.7850362646365,False,0.04453639297239154,0.4453639297239154,0.22539937013720873,0.32098295512284364,0.095583584985635,5.061015387504227,7.207205920825772,2.146190533321547,2.146190533321547,1.2784860812190428,True,0.02,0,0,921.702042814507,2103.0459670283653,True,1260,0.04
04074950,success,,0.460869,287.6549586963215,143.82747934816075,575.309917392643,False,0.07904827752109031,0.790482775210903,0.09867274756356537,0.15793662088241286,0.059263873318847464,1.248259299985875,1.997976753386877,0.7497174534010016,0.7497174534010016,10.477008865351284,False,0.02,0,0,944.4980828320059,1339.3631856897982,True,1260,0.05
04105700,success,,0.103541,247.8549248243039,123.92746241215195,495.7098496486078,False,0.11978457772337821,1.197845777233782,0.358513505389276,0.5125400518737042,0.15402654648442815,2.9929855095135953,4.278848426191616,1.2858629166780207,1.2858629166780207,3.561584154699524,False,0.02,0,0,630.5419091554553,1567.9292841672702,True,1260,0.05
04115265,success,,0.018461,250.36008577855725,125.18004288927862,500.7201715571145,False,0.07918626017957821,0.791862601795782,0.11242991565722077,0.19983526775209015,0.08740535209486934,1.4198159554732446,2.5236103750689165,1.1037944195956713,1.1037944195956713,4.8334381528554395,False,0.02,0,0,841.4422672779627,972.8032285141256,True,1260,0.06
04122200,success,,0.075147,167.50445284633378,83.75222642316689,335.00890569266755,False,0.10969416568092494,1.0969416568092494,0.09195027113736275,0.17822566448598118,0.08627539334861845,0.83824213044133,1.624750627160961,0.7865084967196313,0.7865084967196313,9.51975379652357,False,0.02,0,0,1150.226560592767,1141.349945620859,True,1260,0.05
04122500,success,,-0.292313,2499.999998514591,1249.9999992572955,2500.0,True,0.10924852616168981,1.092485261616898,0.9296344250098603,0.929634425199977,1.9011688735649637e-10,8.509354383728567,8.50935438546879,1.740223818444195e-09,1.740223818444195e-09,1.9445644281480077e+18,False,0.02,0,0,210.11428677657565,252.90424477286095,True,1260,0.08
04127918,success,,0.458246,766.0100751429799,383.00503757148994,1532.0201502859597,False,0.050869503365007576,0.5086950336500757,0.545627214729594,0.7363766061059718,0.19074939137637786,10.726018117663074,14.475797037415447,3.749778919752374,3.749778919752374,0.41881403549815505,True,0.02,0,0,1139.2061818012298,1881.1724775627135,True,1260,0.05
04127997,success,,-0.27555,2499.9926673926284,1249.9963336963142,2500.0,True,0.10998550784136628,1.0998550784136627,1.2555626664388402,1.2555639793890945,1.3129502540546827e-06,11.415710042906351,11.41572198039048,1.1937484126984896e-05,1.1937484126984896e-05,41324436458.88648,False,0.02,0,0,221.71292012850992,170.69586292156123,True,1260,0.05
04161580,success,,0.347464,187.946027822662,93.973013911331,375.892055645324,False,0.05706577515160939,0.5706577515160939,0.21276425070901797,0.3936052932996251,0.1808410425906072,3.7284037611643224,6.897396771601104,3.168993010436783,3.168993010436783,0.586394639325544,True,0.02,0,0,2127.8925192478014,1159.7412794919169,True,1260,0.06
04185000,success,,0.781854,377.92837356039536,188.96418678019768,755.8567471207907,False,0.04759832706766918,0.47598327067669177,0.9092547606807705,1.6429234376303876,0.7401826379660382,19.102662145837794,34.516411370817515,15.55060195526918,15.55060195526918,0.024352196758460905,True,0.02,0,0,1148.4942682627382,646.9341470123214,True,1260,0.05
04196800,success,,0.707041,282.8969270945525,141.44846354727625,565.793854189105,False,0.02293423454536484,0.2293423454536484,0.5382657452292692,0.9347344149493293,0.4067324284553723,23.469967753428083,40.7571664578727,17.73472873711303,17.73472873711303,0.01872334560937191,True,0.02,0,0,772.8584712333844,451.17241324696323,True,1260,0.07
04197100,success,,0.665898,435.5016287360709,217.75081436803546,871.0032574721419,False,0.032141521341541954,0.3214152134154195,0.9951900477868143,1.5262428979053557,0.5336213761780918,30.962754911683692,47.485085776967644,16.60224388596075,16.60224388596075,0.021364807070806,True,0.02,0,0,1307.415840438319,901.7532151307043,True,1260,0.05
04197170,success,,0.648887,429.02282913423335,214.51141456711667,858.0456582684667,False,0.02055750446381683,0.20557504463816828,1.0181499023781406,1.5581311047116224,0.5427396083535589,49.526921138223834,75.793786519861,26.401045385096836,26.401045385096836,0.008448708120110346,True,0.02,0,0,2067.809413441596,1778.1530634054961,True,1260,0.05
04213000,success,,-0.000881,54.296370590351685,50.0,108.59274118070337,True,0.08060399736437515,0.8060399736437515,0.004365252779600878,0.04789039203540868,0.0435251392558078,0.05415677785640697,0.5941441318216183,0.5399873539652112,0.05415677785640697,2007.8299088544554,False,0.02,0,0,1449.898949147478,1111.6445597523245,True,1260,0.05
04213075,success,,-0.284966,913.2102607592504,456.6051303796252,1826.420521518501,False,0.0735030042918455,0.735030042918455,0.0,0.0,0.0,0.0,0.0,0.0,0.0,inf,False,0.02,0,0,0.690786973864549,1.091976642544072,True,1260,0.05
04216418,success,,0.429561,468.3345122558705,234.16725612793525,936.669024511741,False,0.07596202982643661,0.7596202982643661,1.290132183381132,2.8439412745296835,1.559928059315043,16.983908754530606,37.4389847273397,20.535628956720565,16.983908754530606,0.02041537013533877,True,0.02,0,0,0.16681361417751292,0.19283766962474977,True,1260,0.05
04221000,success,,0.61751,401.0950459005483,200.54752295027416,802.1900918010966,False,0.07819944598337952,0.7819944598337951,1.106626186752443,2.399794227853988,1.3054337963162612,14.151330266299391,30.688123140463674,16.693645075103444,14.151330266299391,0.02940614000414149,True,0.02,0,0,0.05118355150556364,0.059720116301334315,True,1260,0.06
04224775,success,,0.484626,252.0310798253926,126.0155399126963,504.0621596507852,False,0.06912193754313321,0.691219375431332,0.5178416707981214,0.7880193816404037,0.27467887083794634,7.491712316006474,11.400423796695033,3.9738306043076737,3.9738306043076737,0.37291843567007726,True,0.02,0,0,745.5384507335124,1336.3699364425531,True,1260,0.05
04233000,success,,0.418155,478.1690095999152,239.0845047999576,956.3380191998305,False,0.07188052230685528,0.7188052230685528,1.2269139527384654,1.742565019734082,0.518920912905794,17.068795737193106,24.242520279626472,7.219214555655841,7.219214555655841,0.1129932903709036,True,0.02,0,0,711.3055992645768,714.9799338787421,True,1260,0.06
04256000,success,,0.720325,138.3475579520399,69.17377897601995,276.6951159040798,False,0.15366900408690043,1.536690040869004,0.37085326570990507,1.040020849795141,0.6691675840852359,2.413325106865312,6.76792861367804,4.354603506812727,2.413325106865312,1.0111157884844846,True,0.02,0,0,0.7808140921912602,0.6009823128519842,True,1260,0.06
04296000,success,,0.571091,629.7103606227793,314.85518031138963,1259.4207212455585,False,0.09513071246566732,0.9513071246566731,1.7320813964061337,3.5617371698243536,1.82965577341822,18.207383835491004,37.44045511179983,19.233071276308824,18.207383835491004,0.017763864772553834,True,0.02,0,0,0.16852467421129227,0.15022719164186132,True,1260,0.07
05057200,success,,0.172383,2499.997829229412,1249.998914614706,2500.0,True,0.02,0.0015473955505895126,0.0762485115674947,0.07624851217654317,6.090484709928321e-10,3.8124255783747345,3.8124256088271586,3.0452423549641605e-08,3.0452423549641605e-08,6350220869158155.0,False,0.02,0,0,393.3543569533917,441.90847667314307,True,1260,0.07
05120500,success,,0.049996,2499.999999621041,1249.9999998105204,2500.0,True,0.02,0.001247744448050443,2.544205832145346,2.544205832145595,2.4939014009770254e-13,127.2102916072673,127.21029160727974,1.2469507004885126e-11,1.2469507004885126e-11,3.787337316725229e+22,False,0.02,0,0,138.0160536698342,140.7301393267727,True,1260,0.1
05291000,success,,0.542209,64.56246468002949,50.0,129.12492936005899,True,0.02,0.028047154129807603,0.0014702257178518707,0.0039647660082126595,0.0024945402903607874,0.07351128589259354,0.19823830041063298,0.12472701451803937,0.07351128589259354,1089.7440706287114,False,0.02,0,0,275.8766555680465,1162.5377153333152,True,1260,0.08
05362000,success,,0.582608,383.0867885577135,191.54339427885674,766.173577115427,False,0.03776000649838557,0.3776000649838556,0.7519846941579096,0.9429096854243325,0.19092499126642307,19.91484546460713,24.971120846196005,5.05627538158888,5.05627538158888,0.23034093000198202,True,0.02,0,0,1027.8610725649517,1217.5904852958913,True,1260,0.08
05393500,success,,0.621022,365.5588567885497,182.77942839427485,731.1177135770994,False,0.039955362003266194,0.3995536200326619,0.9208054317980217,1.2166886704088615,0.29588323861083965,23.045853813632057,30.451198773005785,7.405344959373722,7.405344959373722,0.10738459075305631,True,0.02,0,0,2.5885856848304627e-05,2.4167976618133495e-05,True,1260,0.06
05399500,success,,0.388106,281.0082670116434,140.5041335058217,562.0165340232868,False,0.02,0.12736074960957836,0.20814594694015737,0.34474863518088406,0.1366026882407266,10.407297347007868,17.237431759044203,6.8301344120363305,6.8301344120363305,0.12623333418396354,True,0.02,0,0,565.850722523701,1090.4948199354494,True,1260,0.07
05408000,success,,-0.332686,365.3841869749933,182.69209348749666,730.7683739499867,False,0.04968940855613421,0.4968940855613421,0.0711786190327249,0.09882736913825434,0.02764875010552942,1.4324706431615963,1.9889021022781723,0.5564314591165758,0.5564314591165758,19.019942618468566,False,0.02,0,0,937.9082176284683,2604.4592771613957,True,1260,0.1
05413500,success,,-0.536912,495.0240347825175,247.51201739125875,990.048069565035,False,0.04081595789049804,0.4081595789049804,0.08928550104967811,0.10153389180212101,0.012248390752442872,2.1875145326544887,2.48760281639153,0.30008828373704044,0.30008828373704044,65.39348377754767,False,0.02,0,0,1607.6128733566206,1182.978552332389,True,1260,0.08
05414000,success,,-0.578249,506.90667886689977,253.45333943344988,1013.8133577337995,False,0.04354907090266728,0.4354907090266728,0.7745355597050938,0.7961153423914812,0.02157978268638745,17.78535210168296,18.28088007137532,0.4955279696923623,0.4955279696923623,23.982596917305603,False,0.02,0,0,2238.717404172254,1716.5728892407358,True,1260,0.07
05444000,success,,0.270536,185.69172888318687,92.84586444159343,371.38345776637374,False,0.04810639032815199,0.4810639032815199,0.14678114880339635,0.1700239036461301,0.02324275484273377,3.0511777708147774,3.5343309378719203,0.48315316705714345,0.48315316705714345,25.22684232273546,False,0.02,0,0,1279.7617719489806,3105.0710617521645,True,1260,0.05
05454000,success,,0.149495,716.5990480765222,358.2995240382611,1433.1980961530444,False,0.02993698378709086,0.2993698378709086,1.6016422470413034,1.8437059764952506,0.24206372945394736,53.50045476966014,61.5862302497647,8.085775480104571,8.085775480104571,0.09007187388950101,True,0.02,0,0,615.1912843297904,898.9106905995862,True,1260,0.06
05458000,success,,0.499094,625.4483707739086,312.7241853869543,1250.896741547817,False,0.0313400149338277,0.313400149338277,1.2613731560522348,1.3929305616198897,0.13155740556765502,40.24800749825863,44.44575296345478,4.197745465196156,4.197745465196156,0.334195310731337,True,0.02,0,0,1644.8709529373805,2162.532774380983,True,1260,0.07
05466500,success,,0.693964,444.6797083940089,222.33985419700446,889.3594167880178,False,0.03399324400600919,0.33993244006009193,1.0604425495066523,1.580376580165184,0.519934030658532,31.19568551089715,46.490902130017695,15.295216619120557,15.295216619120557,0.025172206736288002,True,0.02,0,0,573.6616111807662,1025.9799539370715,True,1260,0.1
05487980,success,,0.719567,518.0073825631546,259.0036912815773,1036.0147651263092,False,0.02,0.12472330157579327,1.2358400909233729,1.5184918968033208,0.28265180587994815,61.79200454616864,75.92459484016604,14.132590293997406,14.132590293997406,0.029484177448143162,True,0.02,0,0,1682.0583175691643,521.891010158785,True,1260,0.08
05488200,success,,0.66721,534.1462324722861,267.07311623614305,1068.2924649445722,False,0.02,0.10446180777934333,1.2241829707168406,1.4800813224363991,0.2558983517195587,61.209148535842026,74.00406612181996,12.794917585977936,12.794917585977936,0.03597141884296713,True,0.02,0,0,1344.7470214951666,647.6842678940124,True,1260,0.07
05489000,success,,0.739575,574.4775574285189,287.23877871425947,1148.9551148570379,False,0.02,0.14581813093411833,1.3704496396397272,1.59813790906492,0.2276882694251925,68.52248198198636,79.906895453246,11.384413471259624,11.384413471259624,0.045437165705956926,True,0.02,0,0,1542.766096612924,1001.6573678735008,True,1260,0.05
05495000,success,,0.72369,407.6102808780013,203.80514043900064,815.2205617560026,False,0.02,0.08095411415502897,1.0114333185885414,1.3348884543824393,0.32378062148573344,50.57166592942707,66.74442271912196,16.18903107428667,16.18903107428667,0.022469367150653338,True,0.02,0,0,1579.996092095411,1282.69421890843,True,1260,0.09
05495500,success,,0.711778,480.6406559313054,240.3203279656527,961.2813118626108,False,0.02,0.10807014444100888,1.1107483247000332,1.4021263463265878,0.2913780216265547,55.53741623500166,70.1063173163294,14.568901081327734,14.568901081327734,0.02774463175206398,True,0.02,0,0,1754.1767496896416,920.8377953102665,True,1260,0.09
05501000,success,,0.680391,437.4933629555771,218.74668147778854,874.9867259111542,False,0.02,0.16437393669473252,1.0842346246225363,1.565973062870738,0.48197296786583793,54.21173123112681,78.2986531435369,24.098648393291896,24.098648393291896,0.01014021547308279,True,0.02,0,0,1552.2423689043055,973.1375551385316,True,1260,0.08
05503800,success,,0.684043,409.1304023327871,204.56520116639356,818.2608046655743,False,0.02,0.040270410082769006,0.9960364061151864,1.4291641441479224,0.43402912483540335,49.80182030575932,71.45820720739611,21.701456241770167,21.701456241770167,0.012504167973913339,True,0.02,0,0,1775.5212083462807,1295.3034381709488,True,1260,0.06
05507600,success,,0.66142,352.48320180609227,176.24160090304613,704.9664036121845,False,0.02,0.023988016558936745,0.8758027314909695,1.3048511546345942,0.43230313946150967,43.79013657454848,65.2425577317297,21.615156973075482,21.615156973075482,0.01260421394873005,True,0.02,0,0,729.6187131056955,1552.9781591843603,True,1260,0.06
05508805,success,,0.703463,377.7547423378485,188.87737116892424,755.509484675697,False,0.02,0.10946756152125281,0.940833831415283,1.3762434385735451,0.4421810991175363,47.04169157076415,68.81217192867726,22.109054955876815,22.109054955876815,0.012047368529889947,True,0.02,0,0,711.941926647373,1010.9388898841289,True,1260,0.07
05525500,success,,0.573101,410.6620352088137,205.33101760440684,821.3240704176274,False,0.05246816424453726,0.5246816424453726,1.1282314602866095,2.563637170957124,1.436528600073581,21.50316247064191,48.860813178231936,27.379052054849538,21.50316247064191,0.012735848417198324,True,0.02,0,0,0.06531319246558327,0.060255852238539735,True,1260,0.07
05556500,success,,0.519575,479.5858420031089,239.79292100155445,959.1716840062178,False,0.047470114237066666,0.47470114237066663,1.2813209591930577,1.722830363423028,0.4422676438461424,26.992160852912974,36.29294749153499,9.316759627698582,9.316759627698582,0.06784264513028292,True,0.02,0,0,747.327927709434,825.6091385507988,True,1260,0.06
05584500,success,,0.793839,442.6089325698214,221.3044662849107,885.2178651396428,False,0.02,0.18107786302759382,0.999185817996947,1.3080326388651282,0.30884682086818127,49.959290899847346,65.4016319432564,15.442341043409064,15.442341043409064,0.024694843308260356,True,0.02,0,0,771.0808882557852,1742.3988585967952,True,1260,0.06
05591550,success,,0.60114,354.8407786702186,177.4203893351093,709.6815573404372,False,0.027972767903544332,0.2797276790354433,0.7211845214009441,0.8936706377488125,0.17252897524413452,25.78166464926645,31.947880196567127,6.167747712312516,6.167747712312516,0.15480299268532888,True,0.02,0,0,1192.4585458917604,838.4917413863833,True,1260,0.08
05592050,success,,0.648674,531.908809462931,265.9544047314655,1063.817618925862,False,0.02,0.0688383047379191,1.2708206869418552,1.5587581477466437,0.28886075998230354,63.54103434709276,77.93790738733219,14.443037999115177,14.443037999115177,0.02823029694235922,True,0.02,0,0,944.1856740460973,2205.080397077096,True,1260,0.07
05592575,success,,0.522928,528.4032839338718,264.2016419669359,1056.8065678677435,False,0.02,0.0743002169197397,1.2813267762070217,1.6162442166785216,0.3424954656443156,64.06633881035108,80.81221083392607,17.12477328221578,17.12477328221578,0.02008088703569513,True,0.02,0,0,804.3343194754535,2477.623157337944,True,1260,0.07
05593575,success,,0.798837,243.91810087664152,121.95905043832076,487.83620175328304,False,0.02,0.048331786649515325,0.5790587595303662,1.0252557832125637,0.47461129212115694,28.95293797651831,51.26278916062819,23.730564606057847,23.730564606057847,0.010457224015106946,True,0.02,0,0,936.5861628065109,1831.5366946893948,True,1260,0.07
05593900,success,,0.567684,266.73595017173955,133.36797508586977,533.4719003434791,False,0.02,0.05298583705740805,0.7040231511772135,1.054750681203484,0.38968906077296106,35.20115755886067,52.7375340601742,19.484453038648052,19.484453038648052,0.015511582827691155,True,0.02,0,0,1289.4380738331959,967.3352632148782,True,1260,0.07
05595730,success,,0.742667,359.95241760892594,179.97620880446297,719.9048352178519,False,0.02,0.051668356141240074,0.8523679698683392,1.3707778956517118,0.534090339632152,42.61839849341696,68.53889478258559,26.7045169816076,26.7045169816076,0.008257776035529251,True,0.02,0,0,2073.704161053693,1496.5073185746237,True,1260,0.09
06221400,success,,0.574124,65.13884807623391,50.0,130.27769615246783,True,0.025767245918904693,0.2576724591890469,0.027333960060728323,0.08366867377197158,0.05633471371124326,1.0608025454778687,3.2470941611414617,2.1862916156635928,1.0608025454778687,5.233153185927278,False,0.02,0,0,0.0008677616112751987,0.000813795541813817,True,1260,0.07
06224000,success,,0.781859,73.47365487179964,50.0,146.94730974359928,True,0.03305125190776719,0.3305125190776719,0.03508908304726997,0.065572759542059,0.03048367649478904,1.0616567004841315,1.9839720360682953,0.9223153355841641,0.9223153355841641,6.922671034158616,False,0.02,0,0,0.5301225425896046,0.5246117639911964,True,1260,0.08
06278300,success,,0.756917,870.8063937782324,435.4031968891162,1741.6127875564648,False,0.024944095157179273,0.24944095157179272,0.726813000677496,0.7863100104064346,0.05949700972893852,29.13767751837287,31.522891708506137,2.3852141901332673,2.3852141901332673,1.0350892191699819,True,0.02,0,0,1.6152431439501828e-05,2.876411880342768e-05,True,1260,0.07
06280300,success,,0.468136,724.9898663402788,362.4949331701394,1449.9797326805576,False,0.040214283015303234,0.4021428301530323,0.3906707355705261,0.4312875468410499,0.04061681127052387,9.714725870454023,10.724735454736985,1.0100095842829637,1.0100095842829637,5.772734238030991,False,0.02,0,0,0.029769060384311388,0.03186030292828317,True,1260,0.1
06289000,success,,0.262291,2396.0632463024,1198.0316231512,2500.0,True,0.037119252233326974,0.3711925223332697,3.298621174917511,3.3183889561053896,0.019767781187879342,88.86550715469134,89.39805509136909,0.5325479366777527,0.5325479366777527,20.76419703380151,False,0.02,0,0,0.03177618527569408,0.02954745085184008,True,1260,0.08
06291500,success,,0.431264,395.7238492834449,197.86192464172245,791.4476985668898,False,0.020204991741603964,0.20204991741603964,0.11520012878792948,0.1636130053847817,0.04841287659685222,5.701567724510457,8.097652673021749,2.3960849485112923,2.3960849485112923,1.0257183662401972,True,0.02,0,0,0.0006980348237546343,0.0004799571839680626,True,1260,0.06
06311000,success,,0.701194,1962.2203438005804,981.1101719002902,2500.0,True,0.02,0.1558343949044586,1.8440304552582039,1.8640540430944879,0.020023587836284728,92.20152276291019,93.20270215472439,1.0011793918142364,1.0011793918142364,5.875011904499228,False,0.02,0,0,0.0004040944145046254,0.0002820114150540903,True,1260,0.07
06332515,success,,0.135278,2073.2609094523696,1036.6304547261848,2500.0,True,0.02,0.0022997963340122196,0.07296000763455683,0.07658208421916896,0.0036220765846121323,3.6480003817278415,3.8291042109584477,0.1811038292306066,0.1811038292306066,179.5466423505151,False,0.02,0,0,5.454035229743324e-40,3.569063723446448e-40,True,1260,0.07
06339100,success,,0.103645,2499.999957656528,1249.999978828264,2500.0,True,0.02,0.0015720678837358737,0.11377375029481868,0.11377375116452752,8.697088390433431e-10,5.688687514740933,5.688687558226376,4.3485441952167153e-08,4.3485441952167153e-08,3114187646023481.0,False,0.02,0,0,9.248986552908804e-40,7.805579074368726e-40,True,1260,0.08
06344600,success,,0.099536,2499.9999997474074,1249.9999998737037,2500.0,True,0.02,0.0024314037267080747,0.05555716646318071,0.05555716646659606,3.415350857648043e-12,2.7778583231590352,2.7778583233298026,1.7076754288240214e-10,1.7076754288240214e-10,2.0193978751928467e+20,False,0.02,0,0,6.609073495549225e-34,8.953171049916116e-34,True,1260,0.07
06350000,success,,0.115315,1664.2797796153798,832.1398898076899,2500.0,True,0.02,0.004319303154458547,0.018494804931142597,0.020992177730843102,0.002497372799700502,0.9247402465571298,1.0496088865421551,0.12486863998502509,0.12486863998502509,377.681568344608,False,0.02,0,0,2.8512173986316016e-27,2.449406278774518e-27,True,1260,0.07
06352000,success,,0.011638,1349.5069937533458,674.7534968766729,2500.0,True,0.02,0.0025453070056802815,0.028100753269885974,0.03343949590285699,0.005338742632971019,1.4050376634942987,1.6719747951428494,0.26693713164855093,0.26693713164855093,82.64461771060448,False,0.02,0,0,2.580560436611914e-12,2.442314999007241e-12,True,1260,0.06
06404000,success,,-0.298006,2498.195802524017,1249.0979012620085,2500.0,True,0.02,0.03383955739972338,0.6143775141320283,0.6144500182564298,7.250412440130254e-05,30.718875706601416,30.722500912821488,0.003625206220065127,0.003625206220065127,448091.92858509085,False,0.02,0,0,1.8231904785536182e-05,2.3684221768733625e-05,True,1260,0.08
06406000,success,,-2.031298,2336.704941802435,1168.3524709012174,2500.0,True,0.02,0.020185543383599947,0.25061926969290943,0.25648866102361867,0.005869391330709206,12.530963484645472,12.824433051180932,0.2934695665354603,0.2934695665354603,68.37642854534259,False,0.02,0,0,4.455065947293786e-05,4.251258562139846e-05,True,1260,0.07
06409000,success,,-1.128705,2499.995108688389,1249.9975543441944,2500.0,True,0.02,0.10843062387376418,0.02287417137556278,0.022874177589447434,6.213884656111767e-09,1.143708568778139,1.1437088794723718,3.1069423280558835e-07,3.1069423280558835e-07,61005103796638.1,False,0.02,0,0,867.288367518068,711.1590908775586,True,1260,0.07
06431500,success,,-1.411001,122.03679334728854,61.01839667364427,244.07358669457707,False,0.021195083118707565,0.21195083118707564,0.008475861775261264,0.012207311926280953,0.0037314501510196884,0.399897548303557,0.5759501794784814,0.17605263117492437,0.17605263117492437,189.9973369185923,False,0.02,0,0,1091.6499617737454,664.0663344208167,True,1260,0.08
06440200,success,,-0.011166,1037.069161661836,518.534580830918,2074.138323323672,False,0.02,7.537392750966588e-05,0.154890383142795,0.1830277410376724,0.028137357894877407,7.74451915713975,9.151387051883619,1.4068678947438702,1.4068678947438702,2.975266799598213,False,0.02,0,0,2.0131584289318853e-23,2.2956850138085682e-23,True,1260,0.08
06447500,success,,-3.619213,2499.999999999985,1249.9999999999925,2500.0,True,0.02,0.03847739562792611,0.06008737499779464,0.06008737499779484,1.823176303215416e-16,3.004368749889732,3.004368749889742,9.11588151607708e-15,9.11588151607708e-15,7.086555789151295e+28,False,0.02,0,0,4.3652017966763925e-06,3.861027085293323e-06,True,1260,0.08
06470800,success,,-0.106282,2499.832117511869,1249.9160587559345,2500.0,True,0.02,0.00027409302238736295,1.2508232928358447,1.2508238750591434,5.822232984709596e-07,62.541164641792236,62.54119375295717,2.9111164923547976e-05,2.9111164923547976e-05,6948857163.716692,False,0.02,0,0,468.9943237684612,419.4271092697803,True,1260,0.08
06477500,success,,0.178163,2388.918204249396,1194.459102124698,2500.0,True,0.02,9.705905688820714e-05,0.010308368170310807,0.010556898737593759,0.00024853056728294973,0.5154184085155403,0.5278449368796879,0.012426528364147486,0.012426528364147486,38135.80542971228,False,0.02,0,0,498.88040317707123,960.0916082428924,True,1260,0.06
06479215,success,,0.100077,128.55612985235868,64.27806492617934,257.11225970471736,False,0.02,0.01011972272934733,0.004710770488009789,0.006364450463972712,0.0016536799759629245,0.23553852440048945,0.3182225231986356,0.08268399879814622,0.08268399879814622,861.3697383637012,False,0.02,0,0,974.9107401586722,750.1841433960528,True,1260,0.07
06601000,success,,0.014187,78.18547313337882,50.0,156.37094626675764,True,0.02,0.14673078631719236,0.00038628871455032205,0.0008232210479623882,0.00043693233341206625,0.0193144357275161,0.04116105239811941,0.02184661667060331,0.0193144357275161,15785.869368498334,False,0.02,0,0,1449.079339651842,1926.8385644683658,True,1260,0.06
06614800,success,,0.822685,2499.999989128736,1249.999994564368,2500.0,True,0.027926451612903226,0.27926451612903225,2.931391202851378,2.9313912031023177,2.5093973442823117e-10,104.96826605414304,104.96826606312878,8.985736458988086e-09,8.985736458988086e-09,7.293318839018325e+16,False,0.02,0,0,0.0020201971336160037,0.0017354292271317617,True,1260,0.05
06622700,success,,0.707338,2086.7630887468968,1043.3815443734484,2500.0,True,0.023548834853090173,0.23548834853090173,0.9915581915607022,0.9989276152938208,0.0073694237331185936,42.106465043665885,42.4194072244189,0.31294218075301283,0.31294218075301283,60.1318194470705,False,0.02,0,0,0.02063839946005219,0.018851050369448667,True,1260,0.08
06623800,success,,0.477633,2499.9795412699573,1249.9897706349786,2500.0,True,0.02607481615687947,0.26074816156879466,2.9748770146905548,2.9748782267519998,1.2120614450935842e-06,114.09004753061991,114.09009401460806,4.648398814400841e-05,4.648398814400841e-05,2725372005.162125,False,0.02,0,0,0.10413443787411619,0.10384823959532426,True,1260,0.08
06632400,success,,0.672741,166.29270264814045,83.14635132407022,332.5854052962809,False,0.02,0.16511810540523958,0.023999884466497128,0.03731095900665467,0.01331107454015754,1.1999942233248564,1.8655479503327332,0.665553727007877,0.665553727007877,13.294325702854639,False,0.02,0,0,0.1607008277393158,0.1167479930660335,True,1260,0.07
06746095,success,,0.765453,70.1977344247521,50.0,140.3954688495042,True,0.041234831460674165,0.4123483146067416,0.029713132642902505,0.07889782535401224,0.04918469271110973,0.720583341567433,1.9133781455917296,1.1927948040242964,0.720583341567433,11.341333419121856,False,0.02,0,0,3.116743649477071e-05,2.681918528759256e-05,True,1260,0.07
06803510,success,,0.49836,852.578522841185,426.2892614205925,1705.15704568237,False,0.02,0.09934992937853107,1.5557614901594436,1.5574466885691778,0.0016851984097340366,77.78807450797218,77.87233442845888,0.08425992048670183,0.08425992048670183,829.4504825237124,False,0.02,0,0,792.9893760442692,2044.4892330743053,True,1260,0.07
06803530,success,,0.639875,475.771429178551,237.8857145892755,951.542858357102,False,0.02,0.08688490718321226,0.40484319235917526,0.4067257982081921,0.0018826058490167693,20.242159617958762,20.336289910409604,0.09413029245083847,0.09413029245083847,664.6205080463823,False,0.02,0,0,507.9528205513878,702.636830409041,True,1260,0.08
06814000,success,,0.697443,315.7905841005458,157.8952920502729,631.5811682010916,False,0.02,0.06340739391731925,0.44951558588330387,0.45612373300536546,0.006608147122061635,22.475779294165193,22.806186650268273,0.33040735610308175,0.33040735610308175,53.942756893564564,False,0.02,0,0,1355.2481918443157,1600.7036703090378,True,1260,0.07
06847900,success,,-6.710782,2499.9999999998727,1249.9999999999363,2500.0,True,0.02,0.0019111698422721148,0.28645933234289844,0.2864593323429,1.56718282608857e-15,14.322966617144921,14.322966617145,7.83591413044285e-14,7.83591413044285e-14,9.590764294106855e+26,False,0.02,0,0,4.2532416248097887e-23,4.1245549385414486e-23,True,1260,0.06
06853800,success,,0.388458,612.8827921541628,306.4413960770814,1225.7655843083255,False,0.02,0.014527764111090377,0.9784670885425939,1.0014435267710162,0.022976438228422266,48.923354427129695,50.07217633855081,1.1488219114211133,1.1488219114211133,4.4619750092438375,False,0.02,0,0,844.3834310629157,1217.592827599072,True,1260,0.08
06876700,success,,0.520176,2499.857996265752,1249.928998132876,2500.0,True,0.02,0.010421509976903564,0.17771078566418055,0.177715104817558,4.319153377502216e-06,8.885539283209027,8.8857552408779,0.00021595766887511078,0.00021595766887511078,126268578.77596782,False,0.02,0,0,1147.4481930041234,314.54617417659875,True,1260,0.07
06878000,success,,0.474348,61.18887982144558,50.0,122.37775964289116,True,0.02,0.03781355451946112,0.009246802166089295,0.06149526043911547,0.05224845827302619,0.46234010830446476,3.0747630219557736,2.6124229136513093,0.46234010830446476,27.549226727392757,False,0.02,0,0,1010.0127609733219,785.0155988073286,True,1260,0.07
06879650,success,,0.321765,457.6114883413161,228.80574417065804,915.2229766826322,False,0.02,0.0,0.9703201576839137,1.0716660165952205,0.10134585891130671,48.51600788419568,53.58330082976103,5.0672929455653355,5.0672929455653355,0.22934038116537492,True,0.02,0,0,1748.3530558247494,2540.6002008774326,True,1260,0.07
06885500,success,,0.701228,217.5746821428206,108.7873410714103,435.1493642856412,False,0.02,0.05294325740683245,0.358351128206482,0.38239399086303805,0.024042862656556047,17.9175564103241,19.119699543151903,1.2021431328278023,1.2021431328278023,4.07493038964529,False,0.02,0,0,987.451614952541,1410.8001116738737,True,1260,0.08
06888500,success,,0.657907,206.62792372200056,103.31396186100028,413.2558474440011,False,0.02,0.11327524188282781,0.14607302181327064,0.21201167348693578,0.06593865167366514,7.303651090663532,10.600583674346788,3.296932583683257,3.296932583683257,0.541766841339653,True,0.02,0,0,2167.4801633639386,2251.855315822302,True,1260,0.08
06889200,success,,0.671437,79.87887721715975,50.0,159.7577544343195,True,0.02,0.10784680806928382,0.10256160038549697,0.2322535668631912,0.13365230518700474,5.128080019274848,11.61267834315956,6.6826152593502375,5.128080019274848,0.22393551060187802,True,0.02,0,0,1363.9922924158734,1419.3477490387556,True,1260,0.07
06889500,success,,0.777786,189.3562964976322,94.6781482488161,378.7125929952644,False,0.02,0.09478131929787063,0.47062303855561655,0.6229490483073788,0.1758983281267176,23.531151927780826,31.147452415368942,8.79491640633588,8.79491640633588,0.07613233013272383,True,0.02,0,0,1462.8110975494008,1467.761678329755,True,1260,0.07
06892000,success,,0.781721,310.82786988754503,155.41393494377252,621.6557397750901,False,0.02,0.08060399736437515,0.7267657080207117,0.995740391961765,0.2744492469043314,36.338285401035584,49.78701959808825,13.72246234521657,13.72246234521657,0.031272921778698136,True,0.02,0,0,1668.8604389204213,764.5810153272821,True,1260,0.06
06903400,success,,0.535177,555.4012678725451,277.70063393627254,1110.8025357450902,False,0.02,0.08131278301690831,1.3255609947782399,1.5829801612488192,0.2574191664705791,66.27804973891199,79.14900806244096,12.870958323528955,12.870958323528955,0.03554764103422761,True,0.02,0,0,2096.49740875209,1162.812643562155,True,1260,0.08
06906800,success,,0.79053,265.8358944982666,132.9179472491333,531.6717889965332,False,0.02,0.10376108853154267,0.5910773169031436,0.9522671065437571,0.3627252212152872,29.55386584515718,47.613355327187854,18.13626106076436,18.13626106076436,0.0179034627458745,True,0.02,0,0,1092.5472036989584,1633.972038810146,True,1260,0.06
06910800,success,,0.74956,288.1979642798741,144.09898213993705,576.3959285597482,False,0.02,0.02201169590643275,0.6426697706904482,0.7059244412830573,0.06325467059260925,32.13348853452241,35.296222064152865,3.1627335296304624,3.1627335296304624,0.5887180460817693,True,0.02,0,0,1198.5059348822863,710.9318456063171,True,1260,0.07
06911900,success,,0.712459,162.76668569195834,81.38334284597917,325.5333713839167,False,0.02,0.01836661434518529,0.32271121426638544,0.39184672192331715,0.07103376432862687,16.135560713319272,19.59233609616586,3.5516882164313435,3.5516882164313435,0.46683443706340366,True,0.02,0,0,2101.127962959466,1134.7148565646303,True,1260,0.07
06917000,success,,0.682774,286.25449353694,143.12724676847,572.50898707388,False,0.02,0.0958473713076863,0.6693341786441115,1.1617219466637736,0.4930938580699592,33.46670893220557,58.086097333188675,24.65469290349796,24.65469290349796,0.009687982804931208,True,0.02,0,0,1601.460458780723,1012.6808569397411,True,1260,0.06
06918460,success,,0.624544,558.5650011843953,279.28250059219766,1117.1300023687907,False,0.04794010972967158,0.47940109729671576,1.2118834302075454,1.7783794380043285,0.5664960077967833,25.279112564431077,37.095856643474384,11.816744079043312,11.816744079043312,0.04217323289689491,True,0.02,0,0,1889.973687853454,1562.5905756445131,True,1260,0.07
06919500,success,,0.727585,425.7878693749528,212.8939346874764,851.5757387499056,False,0.02,0.10409408838435787,0.9707258455305268,1.3960361882554784,0.42861330228234384,48.53629227652634,69.80180941277392,21.430665114117193,21.430665114117193,0.012822161844305693,True,0.02,0,0,2527.765893716711,2034.5846790132834,True,1260,0.06
06921070,success,,0.786416,547.5504899005606,273.7752449502803,1095.1009798011212,False,0.03433390869925203,0.34333908699252025,1.3727825772208617,2.261356525623811,0.888573948402949,39.98328851066025,65.86364941528126,25.880360904621,25.880360904621,0.008792085390710564,True,0.02,0,0,1405.392876706041,1951.3129676186845,True,1260,0.07
06921200,success,,0.700509,509.0294575467218,254.5147287733609,1018.0589150934436,False,0.020412273654285894,0.20412273654285892,1.2489807161364654,1.745765170589468,0.49983504660070854,61.187731327236115,85.52526779509031,24.486985382726335,24.486985382726335,0.009821140184055334,True,0.02,0,0,2256.4731630549018,2141.3817507064123,True,1260,0.07
07057500,success,,0.558694,291.1535544680668,145.5767772340334,582.3071089361335,False,0.10305876658152756,1.0305876658152755,0.3879052653417841,0.8224214389150322,0.4345161735732481,3.7639230335142875,7.98012111142852,4.216198077914234,3.7639230335142875,0.41567230112374026,True,0.02,0,0,2091.352761225222,1872.9284614233682,True,1260,0.08
07060710,success,,0.515574,687.2677127299603,343.63385636498015,1374.5354254599206,False,0.024461107778444312,0.2446110777844431,1.7147612685968663,2.2095977401989995,0.49605733379105066,70.10153767884353,90.33105778415103,20.279430444609208,20.279430444609208,0.014319275570171116,True,0.02,0,0,2940.57878105017,2193.1486860427976,True,1260,0.08
07066000,success,,0.538422,331.1214717691332,165.5607358845666,662.2429435382664,False,0.06967062173706692,0.6967062173706692,0.6575104596166157,1.2424142212485556,0.584914825583113,9.437413406443017,17.83268457022471,8.395429967462459,8.395429967462459,0.08355004105721382,True,0.02,0,0,1220.7836287425116,1495.9309325345102,True,1260,0.07
07083000,success,,0.82732,2499.999999553964,1249.999999776982,2500.0,True,0.028186635944700462,0.2818663594470046,1.2553914620336297,1.2553914620437563,1.0126283953672651e-11,44.53853466219204,44.538534662551314,3.5925833694873954e-10,3.5925833694873954e-10,4.562667737410343e+19,False,0.02,0,0,0.0010184176319154126,0.0009019378418174587,True,1260,0.07
07142300,success,,-11.983665,2499.9999945200466,1249.9999972600233,2500.0,True,0.02,0.0014787630361440488,0.4529931800261606,0.4529931801513336,1.2517295641838634e-10,22.64965900130803,22.64965900756668,6.258647820919317e-09,6.258647820919317e-09,1.5033895451686387e+17,False,0.02,0,0,5.434036297968004e-14,5.291279096861901e-14,True,1260,0.06
07145700,success,,0.634363,150.02544220496452,75.01272110248226,300.05088440992904,False,0.02,0.03304479627823216,0.2312099193406481,0.3073015366287203,0.07609161728807225,11.560495967032406,15.365076831436014,3.8045808644036123,3.8045808644036123,0.40683556897422196,True,0.02,0,0,1706.9031061275034,1120.5451723470244,True,1260,0.06
07167500,success,,0.447848,163.57495279526046,81.78747639763023,327.1499055905209,False,0.02,0.06659602027407546,0.35656610688601914,0.5890953068543477,0.23669194311122932,17.828305344300958,29.454765342717387,11.834597155561466,11.834597155561466,0.04204608804625239,True,0.02,0,0,1105.0804774816743,634.4779396595512,True,1260,0.07
07180500,success,,0.661575,303.4983395579279,151.74916977896396,606.9966791158558,False,0.02,0.12432361801749484,0.6501727607572714,0.7559189319821146,0.10741981579281033,32.50863803786357,37.795946599105726,5.3709907896405165,5.3709907896405165,0.2041379451183053,True,0.02,0,0,1640.5423280377101,830.4338069481342,True,1260,0.06
07184000,success,,0.620546,243.68967647066515,121.84483823533257,487.3793529413303,False,0.02,0.037596527288387756,0.6721525999995537,1.415563166802596,0.7846381782617391,33.60762999997768,70.7781583401298,39.231908913086954,33.60762999997768,0.005213828954971554,True,0.02,0,0,1740.8707448608686,1810.2981727600588,True,1260,0.06
07195800,success,,0.360089,243.2216622155013,121.61083110775066,486.4433244310026,False,0.05567726916034528,0.5567726916034528,0.37827627721416446,0.8488841363922931,0.47060785917812875,6.794088196473223,15.246511712842576,8.452423516369356,6.794088196473223,0.12757635609859821,True,0.02,0,0,2477.0753186845745,1666.6771679127978,True,1260,0.07
07196900,success,,0.494039,486.49762768646434,243.24881384323217,972.9952553729287,False,0.04255956746591444,0.4255956746591444,1.2315651980583475,2.070625095600121,0.8524575209611072,28.937446299112334,48.652399892420554,20.029750575915333,20.029750575915333,0.014678493053922981,True,0.02,0,0,1051.6204573906539,3274.175809946267,True,1260,0.08
07197000,success,,0.722109,424.3353566988924,212.1676783494462,848.6707133977848,False,0.06082832580864618,0.6082832580864618,0.9611545229831043,2.037044616099616,1.077948591593687,15.801101052932237,33.4884215374882,17.72116160133519,15.801101052932237,0.02358619327385582,True,0.02,0,0,1850.4454524216285,2417.579070297507,True,1260,0.07
07208500,success,,0.068905,1335.8230509164557,667.9115254582279,2500.0,True,0.02,0.0952701921869112,0.010334350159965935,0.013303182856612573,0.002968832696646641,0.5167175079982967,0.6651591428306286,0.14844163483233203,0.14844163483233203,267.2520816274561,False,0.02,0,0,1243.8971426754758,1816.8813426659501,True,1260,0.06
07261000,success,,0.549043,239.7990275062853,119.89951375314266,479.5980550125706,False,0.05487988156389494,0.5487988156389494,0.5153213177235144,1.387889543872161,0.8829514461688297,9.38998596641543,25.289587082222184,16.088800139643826,9.38998596641543,0.06678865038392534,True,0.02,0,0,2082.4867463192186,2258.399231065605,True,1260,0.06
07263295,success,,0.547727,473.4161819563982,236.7080909781991,946.8323639127964,False,0.026720826682348993,0.2672082668234899,1.2878158281739722,2.4624316853802033,1.232840136925613,48.19520905858299,92.15402332618753,46.137799237326426,46.137799237326426,0.0027664243856529414,True,0.02,0,0,1802.3821995510586,1922.1184717426452,True,1260,0.07
07291000,success,,0.643734,508.8710340650181,254.43551703250904,1017.7420681300362,False,0.054618443563530156,0.5461844356353015,1.257280302569587,2.5223974089052823,1.2963982139009134,23.019335970406498,46.182154677683606,23.73553930355029,23.019335970406498,0.011113400638011743,True,0.02,0,0,1911.1857458504019,2893.6671265498453,True,1260,0.06
07299670,success,,0.298725,2499.999997671561,1249.9999988357804,2500.0,True,0.02,0.04725674827369743,0.3212773518722517,0.3212773519756614,1.0340963599678019e-10,16.063867593612585,16.06386759878307,5.17048179983901e-09,5.17048179983901e-09,2.2027769663150566e+17,False,0.02,0,0,1.6777416304371757e-11,1.6831752280838482e-11,True,1260,0.06
07301410,success,,0.024661,1869.6049150891693,934.8024575445846,2500.0,True,0.02,0.03496641417750465,0.26023293899464384,0.26971598144052755,0.009483042445883674,13.011646949732192,13.485799072026378,0.4741521222941837,0.4741521222941837,26.193718534010525,False,0.02,0,0,0.1421910559840653,0.21914508136616676,True,1260,0.06
07315200,success,,0.418329,1390.482941283759,695.2414706418795,2500.0,True,0.02,0.0036824349108887204,2.225491317768447,2.2814607919387835,0.05596947417033683,111.27456588842234,114.07303959693917,2.7984737085168416,2.7984737085168416,0.7519519533979356,True,0.02,0,0,508.40826980148336,388.37055480274216,True,1260,0.05
07315700,success,,0.479568,463.7235463547601,231.86177317738006,927.4470927095202,False,0.02,0.06573833370278567,0.4714739247995267,0.6035081160300866,0.1320341912305599,23.573696239976336,30.17540580150433,6.601709561527995,6.601709561527995,0.1351200279203994,True,0.02,0,0,1485.9554451815925,1379.8304205029663,True,1260,0.06
07335700,success,,0.62821,757.3772182039537,378.68860910197685,1514.7544364079074,False,0.10614575411913814,1.0614575411913814,2.069061689872981,4.377658389996284,2.3286692393483017,19.49264675769003,41.24195476611146,21.93841156128205,19.49264675769003,0.015498545004712354,True,0.02,0,0,0.07640481610028411,0.0812640267546339,True,1260,0.06
07340300,success,,0.642921,321.0204348319569,160.51021741597845,642.0408696639138,False,0.07803892722301785,0.7803892722301784,0.7331558544984227,1.562289262935422,0.8445228504147357,9.394745424975241,20.01935852437781,10.82181522051524,9.394745424975241,0.06672099611984905,True,0.02,0,0,3118.4514125763453,3248.098176059777,True,1260,0.06
07346045,success,,0.788241,294.4300071898032,147.2150035949016,588.8600143796064,False,0.0864054631259832,0.864054631259832,0.45027426728341424,1.061863103935662,0.611588836652248,5.211178217133023,12.289305161033813,7.0781269439007914,5.211178217133023,0.21685063704988994,True,0.02,0,0,1522.825171319608,1909.6534006673423,True,1260,0.07
07359610,success,,0.584374,341.12029413428974,170.56014706714487,682.2405882685795,False,0.09293691377144025,0.9293691377144025,0.9204829411724775,2.0827227090166955,1.2304693042245465,9.904384639199675,22.410069632167207,13.239833929181676,9.904384639199675,0.06003127372516628,True,0.02,0,0,852.866154994303,900.7576484317179,True,1260,0.07
07362100,success,,0.650308,513.229327823941,256.6146639119705,1026.458655647882,False,0.033895952132358846,0.3389595213235885,1.188882577016704,2.5530067417657327,1.372480569182554,35.074470614493656,75.31892692663143,40.49098735516304,35.074470614493656,0.004786855352548596,True,0.02,0,0,1849.7525071634975,2253.4871843104474,True,1260,0.07
07362587,success,,0.454055,246.9075058200061,123.45375291000305,493.8150116400122,False,0.03506664755625628,0.35066647556256275,0.6701356717168895,1.4235575293912341,0.7994581064461012,19.11034325827163,40.59576915949742,22.79824739914349,19.11034325827163,0.016124846099456594,True,0.02,0,0,3627.9498637099146,3047.2672472559707,True,1260,0.07
07375000,success,,0.585484,1640.3606236017324,820.1803118008662,2500.0,True,0.0858542209745338,0.8585422097453379,4.2065506193126785,6.348822864930154,2.155679841265635,48.99643339097366,73.94887278533866,25.108606388788456,25.108606388788456,0.009340870192851047,True,0.02,0,0,3077.9662013543,1423.3289450519292,True,1260,0.06
08013000,success,,0.698336,776.2834793442505,388.14173967212525,1552.566958688501,False,0.048414195054456634,0.4841419505445663,2.1609633094844236,4.828251725088777,2.7369826674047597,44.634911456314754,99.728018190903,56.532648416981466,44.634911456314754,0.0029558554970330023,True,0.02,0,0,0.0010687327547029392,0.0008312296097207983,True,1260,0.07
08014500,success,,0.72367,633.3394740623476,316.6697370311738,1266.6789481246951,False,0.09288513197716737,0.9288513197716737,1.2333672069795107,2.1472234088739053,0.9296108895445475,13.278413678549672,23.116976454334228,10.008177517291578,10.008177517291578,0.058792584791925014,True,0.02,0,0,1828.0073021264443,1912.1886997671115,True,1260,0.06
08023080,success,,0.65397,412.3645235562348,206.1822617781174,824.7290471124696,False,0.02,0.11997612067587014,0.8280958892148342,1.961510574100164,1.1779202747235655,41.40479446074171,98.0755287050082,58.896013736178276,41.40479446074171,0.0034350359600932856,True,0.02,0,0,1871.1909535978073,913.0189799131886,True,1260,0.06
08050800,success,,0.453431,129.8067896219473,64.90339481097365,259.6135792438946,False,0.02,0.07029763202219359,0.019774585173157787,0.1338398708402197,0.1140652856670619,0.9887292586578894,6.691993542010985,5.703264283353095,0.9887292586578894,6.023900390967592,False,0.02,0,0,1888.330373036555,1624.2444712887334,True,1260,0.06
08066200,success,,0.612693,356.02412424264185,178.01206212132092,712.0482484852837,False,0.02,0.1142266285839833,0.5940506733901586,1.1987752567866665,0.6316747737005144,29.70253366950793,59.93876283933332,31.58373868502572,29.70253366950793,0.0066749122441010795,True,0.02,0,0,2082.2308985242794,2234.618178044806,True,1260,0.06
08066300,success,,0.559054,345.9071270932732,172.9535635466366,691.8142541865463,False,0.04751980081862503,0.47519800818625024,0.3312676743757144,0.6126207576695704,0.28352269974831984,6.9711503135315445,12.891904997831098,5.966411787593084,5.966411787593084,0.16542689031565672,True,0.02,0,0,2088.6393989960975,1688.8470719230947,True,1260,0.07
08070000,success,,0.589005,827.7013522896223,413.85067614481113,1655.4027045792445,False,0.020653532447150028,0.20653532447150028,1.8616413259294755,2.250734760394217,0.39142498954723737,90.1367032827531,108.97577768614563,18.951963328735562,18.951963328735562,0.016395480134081354,True,0.02,0,0,1691.5039887771168,3128.662392806676,True,1260,0.06
08070200,success,,0.570061,788.6134440901291,394.30672204506453,1577.2268881802581,False,0.021019537685597906,0.21019537685597905,1.6314483304686815,1.9361272319322065,0.3053603352854422,77.6158046323974,92.1108380637123,14.527452499331988,14.527452499331988,0.02790317519305432,True,0.02,0,0,2258.2463538812717,2101.7854388383157,True,1260,0.06
08082700,success,,0.222816,106.95396450424316,53.47698225212158,213.90792900848632,False,0.02,0.0,0.03171209125072396,0.039819042700827596,0.00810695145010363,1.585604562536198,1.9909521350413797,0.40534757250518155,0.40534757250518155,35.84077574318954,False,0.02,0,0,804.9276857709605,852.8597236762886,True,1260,0.06
08086212,success,,0.311135,2499.9976350988163,1249.9988175494082,2500.0,True,0.02,0.009880137807448166,0.26430806303213417,0.264308194863584,1.318314497635648e-07,13.215403151606708,13.2154097431792,6.59157248817824e-06,6.59157248817824e-06,135535945327.95206,False,0.02,0,0,0.01199949406630982,0.012140992758238394,True,1260,0.07
08086290,success,,0.396365,727.9464093312239,363.97320466561195,1455.8928186624478,False,0.02,0.002770441212584245,0.6007073571373781,0.6013478812531162,0.000640524115738099,30.035367856868906,30.06739406265581,0.032026205786904946,0.032026205786904946,5741.449830021018,False,0.02,0,0,1182.594093972646,888.6910547977085,True,1260,0.06
08101000,success,,0.517949,1668.327062773311,834.1635313866554,2500.0,True,0.02,0.02598122504460114,2.523604507323935,2.651341908888117,0.12773740156418245,126.18022536619675,132.56709544440585,6.386870078209123,6.386870078209123,0.1443631635024358,True,0.02,0,0,0.017942776141028342,0.02694620918566699,True,1260,0.06
08103900,success,,0.352478,423.1759780163871,211.58798900819355,846.3519560327742,False,0.02,0.015789104651162792,0.0012806861681474713,0.0019837768886007373,0.0007030907204532659,0.06403430840737356,0.09918884443003687,0.035154536022663295,0.035154536022663295,4765.0757970939085,False,0.02,0,0,881.6968989050076,982.8149849258599,True,1260,0.06
08104900,success,,0.701429,607.6490972815421,303.82454864077107,1215.2981945630843,False,0.02,0.09997198061992879,0.06423458361831577,0.0658917463745544,0.001657162756238633,3.2117291809157886,3.29458731872772,0.08285813781193165,0.08285813781193165,857.7529432296931,False,0.02,0,0,1509.0271585466273,1665.0403215544782,True,1260,0.06
08109700,success,,0.624648,221.94200922898708,110.97100461449354,443.88401845797415,False,0.02,0.02025032370150624,0.009327310665780329,0.010373868782595008,0.0010465581168146803,0.4663655332890164,0.5186934391297504,0.05232790584073401,0.05232790584073401,2150.6307184980046,False,0.02,0,0,839.6778260830954,1660.4799424206144,True,1260,0.06
08150800,success,,0.196803,2499.999999871016,1249.999999935508,2500.0,True,0.02,0.01623694217247812,0.055626568078766404,0.055626568078881354,1.149416210359059e-13,2.7813284039383204,2.7813284039440678,5.747081051795296e-12,5.747081051795296e-12,1.7829448503404895e+23,False,0.02,0,0,713.8730506737619,920.6603256092594,True,1260,0.06
08158700,success,,0.66128,884.4491485659645,442.22457428298225,1768.898297131929,False,0.02,0.09928763189111571,0.542578209287436,0.6198049839789939,0.07722677469155785,27.128910464371803,30.99024919894969,3.8613387345778927,3.8613387345778927,0.3949633072347327,True,0.02,0,0,0.019801577834827666,0.020743771743787495,True,1260,0.08
08158810,success,,0.434801,678.4120634395956,339.2060317197978,1356.8241268791912,False,0.02,0.11544196288140925,0.8071574095679879,0.9937992424379344,0.18664183286994668,40.35787047839939,49.68996212189672,9.332091643497334,9.332091643497334,0.06761990620195553,True,0.02,0,0,0.020408589791365027,0.02400397164577997,True,1260,0.06
08164300,success,,0.674931,499.554321001014,249.777160500507,999.108642002028,False,0.02,0.02570017642825638,0.09246468595896142,0.09308973322576733,0.0006250472668059255,4.623234297948071,4.654486661288367,0.031252363340296276,0.031252363340296276,6029.299040584359,False,0.02,0,0,1326.848350231982,783.8122443027837,True,1260,0.06
08164600,success,,0.776315,126.42371581662674,63.21185790831337,252.84743163325348,False,0.02,0.021197700063011977,0.02056940434703587,0.030640315755461927,0.011020882326817156,1.0284702173517937,1.5320157877730962,0.5510441163408578,0.5510441163408578,19.393661662201218,False,0.02,0,0,1504.0293645022614,1477.5827345790876,True,1260,0.06
08165300,success,,0.375568,2499.999998397042,1249.999999198521,2500.0,True,0.02,0.134678318310053,0.07949062120281077,0.0794906212432417,4.043093344686789e-11,3.974531060140538,3.974531062162085,2.0215466723433946e-09,2.0215466723433946e-09,1.4410034114971832e+18,False,0.02,0,0,697.6107916531737,1287.0885828553253,True,1260,0.05
08171300,success,,0.629281,366.8270777411893,183.41353887059466,733.6541554823787,False,0.02,0.1569993536118111,0.05414976896469316,0.0829009071090267,0.028751138144333548,2.707488448234658,4.145045355451335,1.4375569072166774,1.4375569072166774,2.849590554900142,False,0.02,0,0,1444.707447613935,1310.6134950418402,True,1260,0.07
08175000,success,,0.603432,139.59089642687982,69.79544821343991,279.18179285375965,False,0.02,0.014111756678812091,0.000988876748881208,0.001791240611825163,0.0008023638629439551,0.0494438374440604,0.08956203059125814,0.04011819314719775,0.04011819314719775,3658.8939684393386,False,0.02,0,0,1515.0618509601352,1110.36913674547,True,1260,0.07
08176900,success,,0.505771,248.053574766891,124.0267873834455,496.107149533782,False,0.02,0.01348294865145228,0.09073868077808576,0.09477173820586471,0.004033057427778954,4.536934038904288,4.738586910293235,0.20165287138894772,0.20165287138894772,144.81839608558636,False,0.02,0,0,1953.5872331445025,1654.9653357811246,True,1260,0.07
08178880,success,,-0.719012,50.00000006990979,50.0,100.00000013981958,True,0.02099764866326507,0.20997648663265067,2.0142739497957469e-10,0.06771608814756751,0.06771608795127483,9.592854810070593e-09,3.2249367171303964,3.2249367077820796,9.592854810070593e-09,6.399363962715897e+16,False,0.02,0,0,1096.1420171428047,1149.107803233501,True,1260,0.06
08189500,success,,0.710098,795.8955808634138,397.9477904317069,1591.7911617268276,False,0.02,0.023000846103224597,0.03161146630880845,0.040972408925771524,0.009360942616963077,1.5805733154404225,2.048620446288576,0.4680471308481538,0.4680471308481538,26.881492602260604,False,0.02,0,0,1560.2582707126182,2261.1643707917174,True,1260,0.07
08190000,success,,0.447234,2499.999949426583,1249.9999747132915,2500.0,True,0.02,0.14718791901826728,0.19409917960567485,0.19409918363670114,4.0310263001781035e-09,9.704958980283742,9.704959181835058,2.0155131500890518e-07,2.0155131500890518e-07,144964373176950.03,False,0.02,0,0,1.8975662041720702,2.1673410495892838,True,1260,0.05
08190500,success,,0.021383,2499.999999999388,1249.999999999694,2500.0,True,0.02,0.0017678826517850692,0.3626427226296618,0.36264272262969555,3.389136530656444e-14,18.13213613148309,18.132136131484778,1.694568265328222e-12,1.694568265328222e-12,2.050758007879952e+24,False,0.02,0,0,1.3350305773295627e-11,1.679335771633559e-11,True,1260,0.07
08194200,success,,-1.29233,342.907113073963,171.4535565369815,685.814226147926,False,0.02,0.0,0.11434173797156147,0.1440942052996009,0.029752467328039413,5.717086898578073,7.204710264980045,1.4876233664019707,1.4876233664019707,2.6610103973363364,False,0.02,0,0,766.8518524966847,916.6266180579337,True,1260,0.06
08195000,success,,0.449818,2499.995527104587,1249.9977635522935,2500.0,True,0.02474461484600648,0.2474461484600648,0.2984113337422029,0.298411862470149,5.287279460739697e-07,12.059647547529451,12.059668914923908,2.1367394455901208e-05,2.1367394455901208e-05,12898209275.89876,False,0.02,0,0,1.401452100049779,1.1493202156063578,True,1260,0.06
08196000,success,,0.214933,2499.999999696071,1249.9999998480355,2500.0,True,0.02,0.11971863722551838,0.38748822403397837,0.38748822407074435,3.6765922456376706e-11,19.37441120169892,19.374411203537218,1.8382961228188353e-09,1.8382961228188353e-09,1.7426156564298404e+18,False,0.02,0,0,1.857519097532191e-08,1.7742914508987995e-08,True,1260,0.06
08198500,success,,0.141615,2499.9999854636094,1249.9999927318047,2500.0,True,0.02,0.013323360294706493,0.3748194115506939,0.3748194133906334,1.8399395029172144e-09,18.740970577534696,18.74097066953167,9.199697514586072e-08,9.199697514586072e-08,695801656012999.5,False,0.02,0,0,586.8294884998513,1008.9376329574847,True,1260,0.07
08200000,success,,-0.042324,50.00001879420416,50.0,100.00003758840832,True,0.022589137328890854,0.22589137328890851,6.84940457239115e-08,0.06744993964368938,0.06744987307984257,3.032167396508303e-06,2.985945796054055,2.985942849334761,3.032167396508303e-06,640510430854.6786,False,0.02,0,0,981.7329184774837,742.8994886531106,True,1260,0.06
08202700,success,,0.220346,364.9124175518279,182.45620877591395,729.8248351036558,False,0.02,0.0,0.0004784640701639319,0.0004961224248321461,1.7658354668214268e-05,0.023923203508196596,0.024806121241607304,0.0008829177334107133,0.0008829177334107133,7554262.547755579,False,0.02,0,0,583.2260294418577,408.3463757209001,True,1260,0.09
08267500,success,,0.194313,2499.998531123916,1249.999265561958,2500.0,True,0.050833160191148974,0.5083316019114897,0.8376769019530231,0.8376770952678136,1.9331479036368864e-07,16.4789460030242,16.47894980595106,3.8029268618508683e-06,3.8029268618508683e-06,407189534973.2667,False,0.02,0,0,0.041041993940934815,0.0412402566353298,True,1260,0.06
08269000,success,,0.304424,2499.999998227076,1249.999999113538,2500.0,True,0.02,0.1798199301770074,2.2031872417969875,2.20318724206979,2.728023209276678e-10,110.15936208984938,110.15936210348951,1.3640116046383389e-08,1.3640116046383389e-08,3.1651655025473156e+16,False,0.02,0,0,0.005811856134718633,0.003276992169390848,True,1260,0.07
08271000,success,,0.693586,244.37191344198388,122.18595672099194,488.74382688396776,False,0.07825542609092986,0.7825542609092986,0.5165724687319064,0.7158180415223387,0.19924557279043228,6.601107354928573,9.147200102017017,2.546092747088444,2.546092747088444,0.908414618807361,True,0.02,0,0,0.6761823157973079,0.338840154129322,True,1260,0.07
08324000,success,,-8.406005,2499.999973494539,1249.9999867472695,2500.0,True,0.02,0.08304201332836625,1.8708763107989896,1.8708763155085557,4.709565979666414e-09,93.54381553994948,93.54381577542779,2.3547829898332072e-07,2.3547829898332072e-07,106201530161755.75,False,0.02,0,0,0.4118212186541817,0.33961320844147935,True,1260,0.06
08377900,success,,0.511299,744.6931861231719,372.34659306158596,1489.3863722463439,False,0.02287693303603539,0.22876933036035388,0.26540335666794296,0.289721194295609,0.024317837627666018,11.601352167700265,12.66433720985434,1.0629850421540745,1.0629850421540745,5.211686064632223,False,0.02,0,0,1647.7471465254077,2634.320957803259,True,1260,0.07
08378500,success,,0.457315,1092.6141238773132,546.3070619386566,2185.2282477546264,False,0.03079144192736426,0.3079144192736426,0.15978426477752075,0.17531197953626487,0.0155277147587441,5.189242684848772,5.6935293887768745,0.5042867039281024,0.5042867039281024,23.156745291605297,False,0.02,0,0,1691.8622799799723,2406.3554582653364,True,1260,0.08
08380500,success,,0.088773,2499.999925525652,1249.999962762826,2500.0,True,0.02,0.1482338685246895,0.4629302947741173,0.46293030216856224,7.394444981646318e-09,23.146514738705864,23.14651510842811,3.697222490823159e-07,3.697222490823159e-07,43080564118770.48,False,0.02,0,0,0.04809748203285472,0.03248887066964045,True,1260,0.07
09035800,success,,0.789929,2499.999783498858,1249.999891749429,2500.0,True,0.035195204882301656,0.35195204882301656,0.948721841110354,0.9487218510281293,9.917775109779008e-09,26.955997110487925,26.955997392281294,2.817933619919424e-07,2.817933619919424e-07,74160224697587.52,False,0.02,0,0,0.002344540575068142,0.0026195584429712254,True,1260,0.06
09035900,success,,0.860386,99.69186127080204,50.0,199.38372254160407,True,0.03694755628775398,0.3694755628775398,0.1384547006967713,0.17094535168411965,0.032490650987348366,3.7473303949647456,4.626702517286057,0.8793721223213123,0.8793721223213123,7.615302632203315,False,0.02,0,0,0.019704665370706954,0.019215909630306064,True,1260,0.06
09047700,success,,0.681113,390.793612496812,195.396806248406,781.587224993624,False,0.034254476028850234,0.34254476028850234,0.026514404928822226,0.02783887045925956,0.0013244655304373366,0.7740420523872831,0.8127075257497081,0.03866547336242506,0.03866547336242506,3938.9991877172793,False,0.02,0,0,2895.7466009110212,1076.8482816063188,True,1260,0.06
09065500,success,,0.778068,311.9101221063092,155.9550610531546,623.8202442126184,False,0.031084383271572258,0.3108438327157226,0.6613040587119463,0.7286724653196768,0.06736840660773048,21.27447898626098,23.441753981526567,2.1672749952655876,2.1672749952655876,1.2537314296491084,True,0.02,0,0,0.0005891522322474191,0.0004218254981336399,True,1260,0.07
09066000,success,,0.784427,2499.999999866779,1249.9999999333895,2500.0,True,0.021136933045356375,0.21136933045356374,2.5597144420113027,2.5597144420184037,7.101144244625987e-12,121.10150685147072,121.10150685180666,3.359590641361309e-10,3.359590641361309e-10,5.217468412606917e+19,False,0.02,0,0,0.0027453135383071555,0.004277368999956047,True,1260,0.06
09066200,success,,0.661366,2499.9996296543227,1249.9998148271613,2500.0,True,0.02735329192546584,0.2735329192546584,3.60993619409621,3.6099362423324646,4.823625525195934e-08,131.97446961531418,131.97447137876753,1.7634533855521616e-06,1.7634533855521616e-06,1893671249948.5942,False,0.02,0,0,0.3426785652502301,0.3210292063397031,True,1260,0.06
09066300,success,,0.562644,2020.279845616664,1010.139922808332,2500.0,True,0.02,0.10089072164948455,1.6471436174036973,1.652939473784958,0.0057958563812609614,82.35718087018486,82.6469736892479,0.28979281906304805,0.28979281906304805,70.12248767138806,False,0.02,0,0,2642.356583610393,2818.6703759925417,True,1260,0.06
09081600,success,,0.7155,2499.999999944645,1249.9999999723225,2500.0,True,0.04012765367645361,0.40127653676453606,2.444829528479384,2.444829528485242,5.857914193504778e-12,60.92630155233768,60.926301552483665,1.4598197643791288e-10,1.4598197643791288e-10,2.7633384220554517e+20,False,0.02,0,0,0.007106803957695312,0.007307846297411568,True,1260,0.06
09107000,success,,0.215318,2499.999999840737,1249.9999999203685,2500.0,True,0.03319974669802786,0.3319974669802786,3.400629665131713,3.4006296651456474,1.3933175678030689e-11,102.42938586437222,102.42938586479193,4.196771681652123e-10,4.196771681652123e-10,3.343504164527064e+19,False,0.02,0,0,1.5661948429607364,1.6668929250748648,True,1260,0.06
09210500,success,,0.596236,915.8073750055136,457.9036875027568,1831.6147500110271,False,0.02,0.14741884461851323,0.020221436644123455,0.03044413578283356,0.010222699138710104,1.0110718322061727,1.522206789141678,0.5111349569355051,0.5111349569355051,22.540387952390557,False,0.02,0,0,0.018011367202400843,0.021092519575756905,True,1260,0.07
09223000,success,,0.544367,2499.999915219953,1249.9999576099765,2500.0,True,0.02,0.12484526489569264,0.8597545222085266,0.8597545246956366,2.4871100060650637e-09,42.98772611042633,42.98772623478183,1.243555003032532e-07,1.243555003032532e-07,380804924429804.7,False,0.02,0,0,0.018250295050756652,0.020153401333646608,True,1260,0.07
09306242,success,,-0.162399,1375.2325935897738,687.6162967948869,2500.0,True,0.02,0.00954887181363581,0.06361349791654046,0.06482230966554116,0.001208811749000704,3.180674895827023,3.2411154832770577,0.0604405874500352,0.0604405874500352,1612.037723096445,False,0.02,0,0,7.384139558833981,12.219684588277264,True,1260,0.07
09312600,success,,-0.216883,2499.999469527751,1249.9997347638755,2500.0,True,0.02,0.03883690921194122,3.005665893251042,3.005665987646516,9.439547397324348e-08,150.2832946625521,150.2832993823258,4.719773698662174e-06,4.719773698662174e-06,264356627306.9018,False,0.02,0,0,0.00046137038120847354,0.0004319306169956005,True,1260,0.07
09352900,success,,0.677785,534.6780473734559,267.33902368672796,1069.3560947469118,False,0.06631761892107362,0.6631761892107362,0.9461543073341935,1.1626622873877022,0.21650798005350883,14.267012638982669,17.53172544948301,3.264712810500341,3.264712810500341,0.5525131098832345,True,0.02,0,0,1.7412984449177145,2.3315929546791434,True,1260,0.06
09378170,success,,-0.995923,1040.2864870347803,520.1432435173901,2080.5729740695606,False,0.02,0.015640365296803658,1.2459019238150484,1.2740127353641062,0.02811081154905767,62.29509619075242,63.70063676820531,1.4055405774528835,1.4055405774528835,2.980888818346034,False,0.02,0,0,0.0007162907370358393,0.0003473323199967627,True,1260,0.07
09386900,success,,-0.002318,1997.1870259308548,998.5935129654274,2500.0,True,0.02,0.002248956418297827,0.06053494098607415,0.0659936957225521,0.00545875473647796,3.026747049303707,3.2996847861276053,0.272937736823898,0.272937736823898,79.05063845220441,False,0.02,0,0,0.000719957084589626,0.0009102722083012891,True,1260,0.07
09404450,success,,0.183274,1131.0812294299035,565.5406147149517,2262.162458859807,False,0.02,0.11411380597014925,0.10399138105944299,0.12494439786462617,0.020953016805183185,5.199569052972149,6.247219893231309,1.0476508402591593,1.0476508402591593,5.365366863787042,False,0.02,0,0,0.025971463130074583,0.021574307942380987,True,1260,0.07
09430600,success,,-1.074667,340.08496247826685,170.04248123913342,680.1699249565337,False,0.02,0.1284169640982574,0.7401457808835289,0.9384631446692618,0.19831736378573284,37.007289044176446,46.923157233463094,9.915868189286641,9.915868189286641,0.059892310006588206,True,0.02,0,0,0.084796798845604,0.07826132132222026,True,1260,0.07
09447800,success,,0.155051,380.1736816986669,190.08684084933344,760.3473633973338,False,0.02,0.013453859532456902,0.15705168281805335,0.15745488663443158,0.0004032038163782042,7.8525841409026675,7.872744331721579,0.020160190818910212,0.020160190818910212,14489.162298883097,False,0.02,0,0,188.25398602269112,165.9800103471216,True,1260,0.08
09484600,success,,-5.997704,2499.999999999645,1249.9999999998224,2500.0,True,0.02,0.002903754694427725,1.3764439511442934,1.3764439511443192,2.5865632658825492e-14,68.82219755721466,68.82219755721596,1.2932816329412746e-12,1.2932816329412746e-12,3.520840363707223e+24,False,0.02,0,0,4.770646029688544e-21,5.084008183514636e-21,True,1260,0.06
09492400,success,,0.472921,238.0533424375197,119.02667121875984,476.1066848750394,False,0.03414654570830426,0.3414654570830426,0.24192544774951652,0.3183309926986589,0.07640554494914228,7.084917163105066,9.322494738354822,2.237577575249752,2.237577575249752,1.1761869382553327,True,0.02,0,0,0.12276834280150471,0.2035081269024197,True,1260,0.06
09494000,success,,0.309499,338.8688461996893,169.43442309984465,677.7376923993786,False,0.02,0.12246298127414432,0.15525820439608953,0.19074828505419464,0.03549008065810515,7.762910219804477,9.537414252709732,1.7745040329052573,1.7745040329052573,1.8701591767103516,False,0.02,0,0,1.7267157465480967,2.0469720240926734,True,1260,0.07
09497980,success,,0.268847,2385.568616934656,1192.784308467328,2500.0,True,0.02,0.033138931888544894,0.6683964291319867,0.6865139936562118,0.018117564524225103,33.41982145659934,34.32569968281059,0.9058782262112551,0.9058782262112551,7.176173199024502,False,0.02,0,0,0.21405932443669806,0.2012889078318461,True,1260,0.06
09505350,success,,0.381026,975.4034223258564,487.7017111629282,1950.8068446517127,False,0.02,0.0,0.24606894914639116,0.3499642547467679,0.10389530560037669,12.303447457319558,17.498212737338395,5.194765280018834,5.194765280018834,0.21822308730683432,True,0.02,0,0,0.22628715300138502,0.25054814437051903,True,1260,0.06
09505800,success,,0.430502,543.2481287829996,271.6240643914998,1086.4962575659993,False,0.02,0.07161479168699385,0.06871609605178358,0.07078222967307472,0.0020661336212911326,3.435804802589179,3.5391114836537363,0.10330668106455664,0.10330668106455664,551.7924268956092,False,0.02,0,0,470.01688808404685,753.7829484376539,True,1260,0.06
09508300,success,,0.640979,58.90132452158196,50.0,117.80264904316392,True,0.02,0.014863752688172045,0.018621076094765352,0.07637262604307303,0.058636647075944404,0.9310538047382676,3.8186313021536513,2.93183235379722,0.9310538047382676,6.793334439802632,False,0.02,0,0,421.9993713904153,525.7316106848808,True,1260,0.06
09510200,success,,0.585014,298.45005240025,149.225026200125,596.9001048005,False,0.02,0.00348026851002798,0.06909602622340091,0.12920205211007205,0.060106025886671126,3.4548013111700455,6.460102605503602,3.0053012943335564,3.0053012943335564,0.6520133938742093,True,0.02,0,0,7.430200970168555e-07,7.430249874685566e-07,True,1260,0.06
09512280,success,,0.188818,2311.5151636611968,1155.7575818305984,2500.0,True,0.02,0.00012964866726723545,0.401530539134917,0.42123977467470464,0.01970923553978758,20.076526956745848,21.06198873373523,0.9854617769893791,0.9854617769893791,6.063913338920932,False,0.02,0,0,2.279304677346807e-19,1.8895281326600466e-19,True,1260,0.06
09513780,success,,0.380747,781.1765103548802,390.5882551774401,1562.3530207097604,False,0.02,0.0,0.16768606499191605,0.19196594428903294,0.024279879297116867,8.384303249595803,9.598297214451646,1.2139939648558433,1.2139939648558433,3.9957609529346243,False,0.02,0,0,236.5427002417107,244.98132675351832,True,1260,0.06
10234500,success,,0.153977,2499.999997318384,1249.999998659192,2500.0,True,0.02,0.18627358091532023,0.16167290980379703,0.16167290987369276,6.989573712443748e-11,8.083645490189852,8.083645493684639,3.4947868562218742e-09,3.4947868562218742e-09,4.8215998694584416e+17,False,0.02,0,0,0.21111137123326998,0.13356912511159696,True,1260,0.06
10244950,success,,0.716861,295.6407068526718,147.8203534263359,591.2814137053437,False,0.02168971631205674,0.2168971631205674,0.0045934241717042225,0.0050656834413845,0.00047225926968027653,0.2117788958424901,0.23355231430890686,0.021773418466416738,0.021773418466416738,12421.650774462272,False,0.02,0,0,7.5689800745401135,16.345195549348652,True,1260,0.07
10259000,success,,-0.1141,56.98092174740741,50.0,113.96184349481481,True,0.02,0.1525040071237756,0.0033342261064392234,0.013642362498549394,0.01030813639211017,0.16671130532196116,0.6821181249274697,0.5154068196055085,0.16671130532196116,211.88609157811493,False,0.02,0,0,6.199860648842138,5.34408542747886,True,1260,0.06
10336645,success,,0.538009,563.884538113901,281.9422690569505,1127.769076227802,False,0.02,0.17475714285714286,1.291739774339422,1.8293095407282427,0.5375697663888205,64.5869887169711,91.46547703641214,26.878488319441022,26.878488319441022,0.008151224873190317,True,0.02,0,0,0.006660016416181962,0.006925960233449835,True,1260,0.08
10336660,success,,0.740699,102.22470581066744,51.11235290533372,204.4494116213349,False,0.042281845637583894,0.4228184563758389,0.2754492201250475,0.7609530018964373,0.498002866271538,6.5145978367652795,17.997156709262335,11.778172375447785,6.5145978367652795,0.1387577767011793,True,0.02,0,0,0.0007285072817748362,0.0008343782355782326,True,1260,0.08
10343500,success,,0.451352,2499.999963665856,1249.999981832928,2500.0,True,0.02038833333333333,0.2038833333333333,2.9573406589664355,2.9573406795373613,2.057092610010463e-08,145.05063315457053,145.05063416352627,1.0089557475731856e-06,1.0089557475731856e-06,5784799576546.455,False,0.02,0,0,11.830617514477332,9.606403718925613,True,1260,0.06
11124500,success,,0.352868,569.5815430696621,284.79077153483104,1139.1630861393242,False,0.02,0.0,0.0011586685372994942,0.0019900944994203475,0.0008314259621208532,0.05793342686497471,0.09950472497101737,0.04157129810604265,0.04157129810604265,3407.574675970643,False,0.02,0,0,2323.828612764426,1047.0916906483071,True,1260,0.06
11141280,success,,0.698482,2137.397186576515,1068.6985932882576,2500.0,True,0.02,0.08606813553045733,0.18324276062107533,0.20654432768307857,0.02330156706200329,9.162138031053766,10.327216384153928,1.1650783531001645,1.1650783531001645,4.338327038552857,False,0.02,0,0,0.0007997563952365172,0.0008338773205913517,True,1260,0.05
11143000,success,,0.7974,1518.1076068345365,759.0538034172682,2500.0,True,0.024342260177431393,0.2434226017743139,3.4134373497378863,4.19310368165981,0.7796663319219249,140.22680411996458,172.2561360817017,32.02933196173716,32.02933196173716,0.005740329113544709,True,0.02,0,0,0.000725723199405277,0.00060985663276825,True,1260,0.06
11148900,success,,0.662833,221.4089853269638,110.7044926634819,442.8179706539276,False,0.02,0.006670615937538729,0.25070599308733654,0.4573105066196043,0.20660451353226783,12.535299654366828,22.865525330980216,10.330225676613392,10.330225676613392,0.05518396929809613,True,0.02,0,0,1.1152475819586748e-09,1.08945084243342e-09,True,1260,0.06
11151300,success,,0.277932,2499.9999999999923,1249.9999999999961,2500.0,True,0.02,0.0004022491491705441,0.03612162135554151,0.036121621355541596,8.420641905503132e-17,1.8060810677770756,1.8060810677770798,4.210320952751566e-15,4.210320952751566e-15,3.3220192699548705e+29,False,0.02,0,0,6.876159149896724e-46,6.832430118072343e-46,True,1260,0.06
11176400,success,,0.406643,2399.406814252124,1199.703407126062,2500.0,True,0.02,0.0,0.40845349430570366,0.42076865741669445,0.012315163110990854,20.422674715285183,21.038432870834722,0.6157581555495427,0.6157581555495427,15.531457360902142,False,0.02,0,0,2.6724872392353007e-13,2.9867374574741466e-13,True,1260,0.07
11230500,success,,0.634094,2499.9999996383126,1249.9999998191563,2500.0,True,0.03610418357559212,0.3610418357559212,2.4907886968138206,2.4907886968788295,6.500884275340013e-11,68.98892178516658,68.98892178696717,1.8005903004921768e-09,1.8005903004921768e-09,1.8163633965023557e+18,False,0.02,0,0,17.761033630523123,11.81861754641786,True,1260,0.06
11237500,success,,0.589386,699.5114658009417,349.75573290047083,1399.0229316018833,False,0.02,0.07770879304580408,1.5815791972097795,2.1489932341986933,0.5674140369889131,79.07895986048896,107.44966170993466,28.370701849445656,28.370701849445656,0.007316314984159585,True,0.02,0,0,0.00044062539992648303,0.0008175034011362924,True,1260,0.06
11264500,success,,0.734872,560.563477390368,280.281738695184,1121.126954780736,False,0.02823120646181461,0.28231206461814606,0.8770317814171864,1.1841145669561899,0.3070827855390034,31.066039724637886,41.94346311617314,10.877423391535253,10.877423391535253,0.049771472252859564,True,0.02,0,0,0.016252336879951874,0.0185861238658063,True,1260,0.06
11266500,success,,0.747047,375.0302706020151,187.51513530100755,750.0605412040302,False,0.026724996398905267,0.26724996398905265,0.4323455220204079,0.7281513446241408,0.2958058226037331,16.177570824223498,27.24607830644901,11.068507482225524,11.068507482225524,0.04806782020973665,True,0.02,0,0,0.05330316259437937,0.04833418223041889,True,1260,0.07
11284400,success,,0.557066,466.2545705201327,233.12728526006634,932.5091410402654,False,0.02,0.0005864333652924257,0.003764899752093361,0.004294036289562387,0.0005291365374690246,0.18824498760466804,0.21470181447811937,0.02645682687345123,0.02645682687345123,8413.119219623324,False,0.02,0,0,1280.0940420973166,1693.5378748511225,True,1260,0.06
11381500,success,,0.738767,931.5962279847118,465.7981139923559,1863.1924559694237,False,0.08260889138998313,0.8260889138998313,0.6288040445924299,1.0318054216407035,0.4030013770482737,7.611820398653558,12.490246561592482,4.878426162938924,4.878426162938924,0.24744180883748168,True,0.02,0,0,12.33802761459141,11.864191215334092,True,1260,0.08
11451100,success,,0.596613,343.6182113700803,171.80910568504015,687.2364227401606,False,0.02,0.08755322715842415,0.5195658323813099,1.0512049561549996,0.5316391237736896,25.978291619065494,52.56024780774998,26.58195618868448,25.978291619065494,0.008725923048237202,True,0.02,0,0,0.0016263615039007675,0.0015136647511363036,True,1260,0.07
11468500,success,,0.788698,1123.5568815758588,561.7784407879294,2247.1137631517176,False,0.02,0.1699586852400278,2.4146880752363136,3.053427937077106,0.6387398618407922,120.73440376181567,152.6713968538553,31.93699309203961,31.93699309203961,0.005773570926298294,True,0.02,0,0,700.573071530382,1798.8187408388071,True,1260,0.08
11473900,success,,0.654373,2499.9999987659507,1249.9999993829754,2500.0,True,0.02014462782011522,0.20144627820115218,4.105644354477613,4.105644355937314,1.4597020063357292e-09,203.80839949686052,203.80839956932155,7.24611057285535e-08,7.24611057285535e-08,1121560331245969.0,False,0.02,0,0,0.12352658872622532,0.10282624433735,True,1260,0.06
11475560,success,,0.798984,1514.9032744701856,757.4516372350928,2500.0,True,0.05100119118522931,0.5100119118522931,4.0645224091630405,6.537697116700479,2.4731747075374377,79.69465643265575,128.18714553070853,48.49248909805277,48.49248909805277,0.0025042841245659754,True,0.02,0,0,0.0006465545406832107,0.0005321307114778322,True,1260,0.07
11476600,success,,0.797866,297.63495929343446,148.81747964671723,595.2699185868689,False,0.03745664578983995,0.3745664578983995,0.7986094513716432,2.2848249244579817,1.49608301876066,21.320901392304183,60.99918656031226,39.94172428451856,21.320901392304183,0.012954523133475039,True,0.02,0,0,6.573870973366179e-07,6.003607474545099e-07,True,1260,0.08
11478500,success,,0.75628,132.13569662665657,66.06784831332828,264.27139325331314,False,0.044026660610084214,0.4402666061008421,0.3925593508385403,1.0689218496382773,0.7024705693182172,8.916400776229334,24.278967217273866,15.955572364198746,8.916400776229334,0.07407188418380936,True,0.02,0,0,9.834954680842862e-05,0.00011621690501191831,True,1260,0.06
11480390,success,,0.703257,2499.999449116802,1249.999724558401,2500.0,True,0.020169826875515252,0.2016982687551525,6.165412605886893,6.165414371158686,1.7652717919457914e-06,305.6750384591188,305.6751259795425,8.752042359315968e-05,8.752042359315968e-05,768800632.8375884,False,0.02,0,0,0.012005634708037114,0.012000267344842297,True,1260,0.07
11481200,success,,0.741636,543.3905711956809,271.69528559784044,1086.7811423913618,False,0.0661556925996205,0.6615569259962049,1.0588773123452244,2.1035968888263206,1.044719576481096,16.005838208869402,31.797670104634168,15.791831895764764,15.791831895764764,0.023613889654564218,True,0.02,0,0,0.0015732412570278317,0.00156749884527568,True,1260,0.1
11482500,success,,0.826204,378.34049665797687,189.17024832898844,756.6809933159537,False,0.06610222271739737,0.6610222271739736,0.9778182027448445,2.5393472887530195,1.561529086008174,14.79251623542598,38.415459940119256,23.622943704693263,14.79251623542598,0.02691215310411002,True,0.02,0,0,0.00025568722819727926,0.0001604719055664726,True,1260,0.09
11522500,success,,0.744372,107.94641436902126,53.97320718451063,215.8928287380425,False,0.062074076742558375,0.6207407674255837,0.2396143763788522,0.611292800947848,0.3716784245689959,3.8601359690392476,9.847795295982902,5.987659326943656,3.8601359690392476,0.39520947590239075,True,0.02,0,0,9.080287195648594,10.81912529050822,True,1260,0.09
11523200,success,,0.621336,109.23613939698006,54.61806969849003,218.47227879396013,False,0.05238972162740901,0.52389721627409,0.2718339847838308,0.7247556187258356,0.4543874764964869,5.188689237883142,13.833927652455046,8.673217997378375,5.188689237883142,0.21873447234352994,True,0.02,0,0,1.8247607456412949,1.4530817388671105,True,1260,0.09
11528700,success,,0.686911,1410.4188032261684,705.2094016130842,2500.0,True,0.026318421477920087,0.26318421477920084,1.9991928756589004,2.8943940788393707,0.8952012031804696,75.96173187423602,109.97597562101627,34.014243746780224,34.014243746780224,0.005089919513831584,True,0.02,0,0,0.5676150516386135,0.6084303453916791,True,1260,0.08
11532500,success,,0.827033,695.7989295947872,347.8994647973936,1391.5978591895744,False,0.16512642906030572,1.651264290603057,1.8920924168261901,5.315786456625687,3.4440247469647667,11.458446885780956,32.192220753979434,20.85689593461127,11.458446885780956,0.04485192033676962,True,0.02,0,0,0.020122235645472424,0.02094750787585401,True,1260,0.07
12010000,success,,0.884053,334.2420219859749,167.12101099298744,668.4840439719497,False,0.3639442256294838,3.6394422562948376,0.958541233272643,2.8042178752385496,1.8535017985073456,2.633758597528878,7.705075881856152,5.0928182616484685,2.633758597528878,0.8489470849692404,True,0.02,0,0,0.05964219035165746,0.053760418244390026,True,1260,0.08
12013500,success,,0.850098,259.18631026514834,129.59315513257417,518.3726205302967,False,0.20757230003849686,2.0757230003849685,0.5665585232564072,1.8675704807690119,1.3052259904473236,2.7294514882348557,8.997204735037613,6.2880547655214745,2.7294514882348557,0.790463451694949,True,0.02,0,0,2669.9988481490236,6217.953240178247,True,1260,0.09
12020000,success,,0.792452,145.7269227441274,72.8634613720637,291.4538454882548,False,0.20040466317721434,2.0040466317721433,0.4359720857325731,1.2533071432463778,0.8279635384152224,2.1754587883369294,6.253882137154165,4.131458446568525,2.1754587883369294,1.2443164228236283,True,0.02,0,0,0.0002973263902604321,0.00039938153878638896,True,1260,0.06
12025700,success,,0.795634,206.1417741030876,103.0708870515438,412.2835482061752,False,0.2617127783155857,2.617127783155857,0.5825992976021656,1.6813043039948055,1.1005129518173518,2.2261018409259314,6.424234669838738,4.2050409571148295,2.2261018409259314,1.1883448720930305,True,0.02,0,0,0.010874919493459978,0.009630805548868427,True,1260,0.07
12035000,success,,0.86752,221.4565368956356,110.7282684478178,442.9130737912712,False,0.35591531367710094,3.5591531367710094,0.611125749359475,1.7747511554795756,1.1668922320609523,1.7170538211623847,4.986442244206702,3.278567083852982,1.7170538211623847,1.9973985824724354,False,0.02,0,0,0.2291147262452119,0.24766274437374422,True,1260,0.07
12040500,success,,0.727912,177.76791123018012,88.88395561509006,355.53582246036024,False,0.5080114266888612,5.080114266888612,0.5220151754728225,1.4959090003201783,0.9833604756794965,1.027565814562943,2.944636521407163,1.9357054271178225,1.027565814562943,5.5771619907540035,False,0.02,0,0,0.0025534072782014304,0.0022876329704492847,True,1260,0.08
12041200,success,,0.591008,2499.9728332349123,1249.9864166174561,2500.0,True,0.6267593778591035,6.267593778591035,6.37484017557,6.374927531601085,8.735603108518767e-05,10.171112552548156,10.171251929850149,0.00013937730199359768,0.00013937730199359768,303143630.36418384,False,0.02,0,0,0.7029938655590421,0.6458652480539685,True,1260,0.08
12048000,success,,0.096357,251.2078787704955,125.60393938524776,502.415757540991,False,0.17095572948816082,1.709557294881608,0.26379666873578395,0.5102157896119024,0.24641912087611845,1.5430700657157714,2.9844907283276303,1.4414206626118589,1.4414206626118589,2.8343342667853024,False,0.02,0,0,525.6109884965932,792.2227206646583,True,1260,0.07
12054000,success,,0.546845,1605.514151860551,802.7570759302755,2500.0,True,0.39190062907735324,3.9190062907735324,3.73181495558297,5.198316756351018,1.4665018007680468,9.52235000073548,13.264374616058541,3.742024615323057,3.742024615323057,0.42055158495342915,True,0.02,0,0,35.982239507225124,43.490005728242885,True,1260,0.07
12056500,success,,0.625068,2499.9939730287806,1249.9969865143903,2500.0,True,0.531037218479962,5.310372184799619,6.152097633258423,6.152114426779097,1.679352067386465e-05,11.585059237219104,11.585090861218495,3.162399939110545e-05,3.162399939110545e-05,5888422562.519857,False,0.02,0,0,38.93802100667677,34.47278154772022,True,1260,0.08
12073500,success,,0.722854,411.49629445391474,205.74814722695737,822.9925889078295,False,0.08587300574345885,0.8587300574345884,0.6609122834877349,1.631593046946975,0.9706807634592405,7.696391639791625,19.00006914654035,11.303677506748732,7.696391639791625,0.09941644647136015,True,0.02,0,0,1220.2308861848358,1959.6034622927139,True,1260,0.07
12082500,success,,0.68595,2497.180975509192,1248.590487754596,2500.0,True,0.3918055142857143,3.918055142857143,6.618712246474685,6.6298111456940285,0.011098899219345086,16.89285118546891,16.921178758243318,0.028327572774413515,0.028327572774413515,7338.610301281482,False,0.02,0,0,57.035702118956806,86.49423837267723,True,1260,0.08
12092000,success,,0.40314,1311.643201016753,655.8216005083765,2500.0,True,0.4342085270674195,4.342085270674195,2.824605555548083,4.476211462810567,1.6516059072624842,6.505182140537528,10.30889810718882,3.803715966651294,3.803715966651294,0.4070206044379081,True,0.02,0,0,405.5939960579205,961.664999183971,True,1260,0.07
12114500,success,,0.602968,2499.375669340333,1249.6878346701665,2500.0,True,0.42271484375000007,4.2271484375,6.689342457424038,6.691835002705175,0.002492545281136462,15.824716250986956,15.830612768031461,0.005896517044503388,0.005896517044503388,169371.93046424878,False,0.02,0,0,2.7032811758220605,2.593906647863308,True,1260,0.07
12115000,success,,0.664879,2098.436925404624,1049.218462702312,2500.0,True,0.4164931906614786,4.164931906614786,5.59702316789989,7.042625410159326,1.4456022422594366,13.438450599902106,16.90934106023236,3.470890460330256,3.470890460330256,0.48882199430031326,True,0.02,0,0,5.790660336725234,7.185735543882999,True,1260,0.09
12117000,success,,0.824397,2314.236972844953,1157.1184864224765,2500.0,True,0.4145855072463769,4.145855072463768,6.390677410962998,7.369427780075936,0.9787503691129363,15.414618454487345,17.775410985836718,2.3607925313493694,2.3607925313493694,1.0566153337766893,True,0.02,0,0,13.4629512521043,12.1995279476461,True,1260,0.07
12143600,success,,0.695663,85.67162900349773,50.0,171.34325800699546,True,0.47001527180170904,4.70015271801709,0.20058041092775383,0.6534994956168712,0.4562207633942864,0.4267529651938099,1.3903792808940276,0.970650935756738,0.4267529651938099,32.33549095298822,False,0.02,0,0,15.214740475681133,14.010943095794712,True,1260,0.07
12144000,success,,0.715091,1081.8409261459792,540.9204630729896,2163.6818522919584,False,0.4977971062776641,4.977971062776641,2.7369400512529816,5.400556635078212,2.66361658382523,5.498103578220392,10.848911267205839,5.350807688985445,5.350807688985445,0.20568085506962122,True,0.02,0,0,35.11396447901361,25.166646300126047,True,1260,0.08
12145500,success,,0.85268,195.11937325443952,97.55968662721976,390.23874650887905,False,0.20135350721701695,2.0135350721701695,0.5495339207563151,1.5849292862831614,1.0430013530107327,2.729199646689206,7.871376606194096,5.179951257996194,2.729199646689206,0.7906093411483119,True,0.02,0,0,0.007688247874670693,0.00818761030648275,True,1260,0.08
12147500,success,,0.656947,50.01645253945669,50.0,100.03290507891337,True,0.6444052871999223,6.444052871999222,8.98780453296265e-05,0.2700398977098879,0.26995127232659855,0.0001394744070461707,0.41905288965469006,0.4189153591516825,0.0001394744070461707,302721667.20218223,False,0.02,0,0,9.71192053737447,12.358399734290066,True,1260,0.07
12167000,success,,0.612625,968.3199456019332,484.1599728009666,1936.6398912038665,False,0.44727605118829983,4.472760511882998,2.4115354038122887,5.087344444415626,2.675809040603337,5.391604127709155,11.374059556508408,5.982455428799253,5.391604127709155,0.20257999673424162,True,0.02,0,0,6.67081690266615,7.899481086899153,True,1260,0.07
12175500,success,,0.524693,1493.9171727803748,746.9585863901874,2500.0,True,0.3962702140092032,3.962702140092032,4.06884514316253,7.197048919931495,3.1282037767689657,10.267855113299111,18.161972980801295,7.894117867502185,7.894117867502185,0.09449859269301518,True,0.02,0,0,33.273827185739776,28.912550188182774,True,1260,0.07
12178100,success,,0.497217,1332.4075207898627,666.2037603949314,2500.0,True,0.4318768656716418,4.318768656716418,3.1575387738150944,5.296580127251376,2.139041353436281,7.311201466891694,12.26409782106364,4.952896354171943,4.952896354171943,0.24005683409284437,True,0.02,0,0,18.792201589248798,24.121729517811527,True,1260,0.07
12186000,success,,0.568031,50.05139239280216,50.0,100.10278478560431,True,0.489086662985644,4.89086662985644,0.0002615297587390492,0.26160200518842625,0.26134129625768426,0.0005347309148495955,0.5348786319207092,0.5343455792932863,0.0005347309148495955,20595008.139530357,False,0.02,0,0,24.565007685327416,30.6119416543782,True,1260,0.07
12189500,success,,0.422282,2142.709175109252,1071.354587554626,2500.0,True,0.4417626069896299,4.417626069896299,4.640860704517427,5.21369560131285,0.5728348967954222,10.50532713971051,11.802030137501516,1.296702997791004,1.296702997791004,3.502285324307949,False,0.02,0,0,39.51633631626952,42.87143410439048,True,1260,0.07
12375900,success,,0.379073,2499.9984519690674,1249.9992259845337,2500.0,True,0.11103990872210955,1.1103990872210954,3.4221486461492625,3.422149160158781,5.14009518181529e-07,30.819087349158334,30.8190919782104,4.629052059722945e-06,4.629052059722945e-06,274820056153.814,False,0.02,0,0,59.07042347457307,59.84269469043416,True,1260,0.07
12377150,success,,0.745904,63.38071487645743,50.0,126.76142975291486,True,0.1596600372902424,1.5966003729024238,0.0597436593511487,0.27129434235152133,0.21155068300037264,0.37419294373921536,1.6992000437676302,1.3250071000284147,0.37419294373921536,42.057297912422825,False,0.02,0,0,0.2310147076967071,0.3051142454690131,True,1260,0.08
12381400,success,,-0.454474,2499.999999965167,1249.9999999825834,2500.0,True,0.03403683338853926,0.34036833388539256,3.341350317099816,3.3413503171084886,8.673305283856002e-12,98.16865978563392,98.16865978588872,2.5482115756327796e-10,2.5482115756327796e-10,9.069045600498947e+19,False,0.02,0,0,1.5042983874252023,1.441729852286035,True,1260,0.08
12383500,success,,0.140696,2499.9822147364903,1249.9911073682451,2500.0,True,0.0899994340690436,0.8999943406904358,1.7017957040194738,1.7017979954550744,2.2914356007871754e-06,18.90896005761471,18.908985518170372,2.5460555663375474e-05,2.5460555663375474e-05,9084411506.58995,False,0.02,0,0,6.8625482345957955,4.856837395717527,True,1260,0.07
12390700,success,,0.187823,2499.999386833613,1249.9996934168064,2500.0,True,0.06295612785232758,0.6295612785232758,3.937227872279357,3.937228407575611,5.352962542661451e-07,62.53923178875735,62.539240291444415,8.502687069982408e-06,8.502687069982408e-06,81455452867.22838,False,0.02,0,0,5.966200316396236,5.192416395452142,True,1260,0.08
12411000,success,,0.600608,353.931925102972,176.965962551486,707.863850205944,False,0.07967497809747776,0.7967497809747776,0.9787568848138828,2.628974920452385,1.654169297245699,12.284369675212586,32.99624277569283,20.761465352672175,12.284369675212586,0.03902355221211924,True,0.02,0,0,0.23736302459410022,0.16802719015084258,True,1260,0.07
12447390,success,,0.549671,2499.999999573821,1249.9999997869104,2500.0,True,0.022107831325301208,0.22107831325301205,3.205766745938774,3.2057667460107266,7.19536683322117e-11,145.00593471915758,145.0059347224122,3.2546687765735146e-09,3.2546687765735146e-09,5.559285255381904e+17,False,0.02,0,0,1.0871864937655302,1.3952997613124256,True,1260,0.08
12451000,success,,0.663011,845.1318064040502,422.5659032020251,1690.2636128081003,False,0.23711931134119912,2.3711931134119912,1.462955669636639,2.2055384510947342,0.7425827814580952,6.1697027600233785,9.301386878275423,3.1316841182520445,3.1316841182520445,0.6004497306116232,True,0.02,0,0,10.560452835884533,7.5629347167979795,True,1260,0.06
12488500,success,,0.517245,2499.809965002223,1249.9049825011116,2500.0,True,0.12819101233123753,1.2819101233123753,4.942241820549416,4.942439289016191,0.00019746846677480526,38.553731113215434,38.555271536862804,0.0015404236473658475,0.0015404236473658475,2481716.682786485,False,0.02,0,0,21.689623396771715,18.450705287508807,True,1260,0.08
13011500,success,,0.737102,2499.98072795746,1249.99036397873,2500.0,True,0.035117501484854485,0.35117501484854485,2.593108575617706,2.593110999021595,2.4234038885662827e-06,73.84091880044669,73.8409878088837,6.900843699291793e-05,6.900843699291793e-05,1236596953.2167048,False,0.02,0,0,0.005640073522421039,0.008222594428992267,True,1260,0.08
13011900,success,,0.51692,2499.999797095056,1249.999898547528,2500.0,True,0.051700868748532525,0.5170086874853252,2.6728682444937437,2.672868264114095,1.9620351305724766e-08,51.69871047030733,51.69871084980485,3.7949751678556987e-07,3.7949751678556987e-07,40889770886213.53,False,0.02,0,0,0.15857856024615496,0.1977757090159945,True,1260,0.08
13018300,success,,0.310922,2499.896371561097,1249.9481857805486,2500.0,True,0.037707455197132624,0.3770745519713262,0.8884771501409547,0.8884781448574702,9.947165154816639e-07,23.562373687008105,23.562400066844937,2.6379836832831528e-05,2.6379836832831528e-05,8462298567.871744,False,0.02,0,0,1404.2046548256963,1906.0493797320896,True,1260,0.08
13023000,success,,0.352686,2499.999997713748,1249.999998856874,2500.0,True,0.05306199168624616,0.5306199168624616,2.7598561130951493,2.7598561132809616,1.8581260203327015e-10,52.011920875757724,52.01192087925952,3.501802252956769e-09,3.501802252956769e-09,4.8023003481542266e+17,False,0.02,0,0,23.934096599590546,20.66265012888309,True,1260,0.08
13161500,success,,0.451784,765.4276618047337,382.71383090236685,1530.8553236094674,False,0.02,0.04465820936387698,0.16750119579006648,0.22908865468651124,0.06158745889644474,8.375059789503323,11.454432734325561,3.079372944822237,3.079372944822237,0.6210234141912062,True,0.02,0,0,0.0022546210062208056,0.0017714539703159505,True,1260,0.07
13235000,success,,0.607366,2499.9999896016843,1249.9999948008422,2500.0,True,0.06393975396095357,0.6393975396095356,1.8858631921881015,1.8858631932351646,1.0470626050802326e-09,29.494376743140922,29.494376759516697,1.6375768441643488e-08,1.6375768441643488e-08,2.1959840266054044e+16,False,0.02,0,0,0.22129255290144417,0.2387382819570362,True,1260,0.07
13240000,success,,0.778278,2013.242994534344,1006.621497267172,2500.0,True,0.044813092299116036,0.44813092299116036,2.636379319446048,2.746761794409877,0.1103824749638285,58.830560092771194,61.29373478794854,2.4631746951773255,2.4631746951773255,0.970604108793334,True,0.02,0,0,0.0036608375999268076,0.004136617021040155,True,1260,0.05
13313000,success,,0.353474,2499.997860931664,1249.998930465832,2500.0,True,0.0313476883653059,0.313476883653059,2.015634274676217,2.0156346208895117,3.4621329534754727e-07,64.2992954117479,64.29930645604854,1.10443006614395e-05,1.10443006614395e-05,48278760548.361885,False,0.02,0,0,0.05332018076110124,0.04646078184535941,True,1260,0.07
13331500,success,,0.600657,1476.4277696300778,738.2138848150389,2500.0,True,0.06502604494854024,0.6502604494854023,1.4264600620880725,1.544647511227215,0.11818744913914246,21.936749547307276,23.754289722673512,1.8175401753662344,1.8175401753662344,1.7826435628619794,False,0.02,0,0,0.008832068897068402,0.012118377854917303,True,1260,0.06
14020000,success,,0.422029,74.17823083112958,50.0,148.35646166225916,True,0.06879114313329233,0.6879114313329233,0.10595386792298321,0.3853215940938704,0.2793905341550682,1.5402254286962926,5.601325643727953,4.061431769111766,1.5402254286962926,2.482355490877553,False,0.02,0,0,0.1382161953265383,0.1677968897104061,True,1260,0.06
14096850,success,,0.463082,2499.999485833354,1249.999742916677,2500.0,True,0.027429715444984255,0.27429715444984254,2.606788519746723,2.6067887452146814,2.254679584907783e-07,95.03520096572475,95.03520918556791,8.219843145766462e-06,8.219843145766462e-06,87157646298.88512,False,0.02,0,0,4.983385952224496,4.107301612717478,True,1260,0.08
14137000,success,,0.751656,1015.8503151540172,507.9251575770086,2031.7006303080343,False,0.33238692453725677,3.3238692453725673,2.2852191598307905,4.110625038350735,1.8254058785199447,6.875177665343583,12.366987793137394,5.491810127793814,5.491810127793814,0.19525471353664903,True,0.02,0,0,24.025105618479383,30.85652555609852,True,1260,0.08
14138800,success,,0.635784,816.639607869798,408.319803934899,1633.279215739596,False,0.310278064819164,3.1027806481916396,2.067918125845657,4.514147445280868,2.4462293194352105,6.664725484384078,14.548715997412835,7.883990513028757,6.664725484384078,0.13257694962976352,True,0.02,0,0,6.59567640585499,5.845278332119426,True,1260,0.08
14138870,success,,0.712042,2078.6517606421867,1039.3258803210933,2500.0,True,0.4013680456490728,4.013680456490728,5.545420355786778,7.196759436304956,1.6513390805181762,13.816297575007484,17.9305739814606,4.114276406453113,4.114276406453113,0.34789294653087843,True,0.02,0,0,1.5001577624285622,1.3614480301172,True,1260,0.08
14138900,success,,0.613723,270.2158957631291,135.10794788156454,540.4317915262582,False,0.5078274907749079,5.078274907749078,0.7225852203347365,2.042791215808538,1.3471728709415811,1.4228950449927866,4.022608568692071,2.652815957020943,1.4228950449927866,2.908618888083508,False,0.02,0,0,0.03188763368794001,0.02497869937050273,True,1260,0.08
14139800,success,,0.741361,212.31924064771263,106.15962032385632,424.63848129542527,False,0.47489287469287467,4.748928746928747,0.5664043108776501,1.6207735010526234,1.0775443441605266,1.1926991139716683,3.4129244455411527,2.2690261353308405,1.1926991139716683,4.1397180292041424,False,0.02,0,0,0.03389047452406802,0.03549824482721428,True,1260,0.06
14141500,success,,0.758138,792.7325732379331,396.36628661896657,1585.4651464758663,False,0.3984357775179556,3.984357775179556,1.9806826213457156,4.2824389791042154,2.3017563577584994,4.97114650116092,10.748128608784953,5.776982107624033,4.97114650116092,0.23829746909420743,True,0.02,0,0,0.9469315514760679,1.1003217913204806,True,1260,0.08
14154500,success,,0.704802,2499.99909398358,1249.99954699179,2500.0,True,0.11141043506885391,1.114104350688539,4.351685230576894,4.351686352713677,1.1221367838876172e-06,39.05994288495027,39.05995295704793,1.0072097673742266e-05,1.0072097673742266e-05,58048726537.82713,False,0.02,0,0,1.4128243048997275,1.5027515409226353,True,1260,0.05
14158790,success,,0.707934,227.4190570122768,113.7095285061384,454.8381140245536,False,0.2321767315750555,2.321767315750555,0.6035096938995418,1.7882130960826323,1.1929954055647969,2.5993547665410475,7.701947925408532,5.138307346613408,2.5993547665410475,0.8715683274731821,True,0.02,0,0,0.7693185098844698,0.7757474649098023,True,1260,0.06
14166500,success,,0.813439,257.9298016860885,128.96490084304426,515.859603372177,False,0.09072682323856612,0.9072682323856612,0.6926175762487493,1.9687761868460232,1.3033457349969217,7.6340992831581005,21.70004543936392,14.365605324566198,7.6340992831581005,0.10104549286174727,True,0.02,0,0,0.0006998279091681422,0.0006543239981924119,True,1260,0.07
14182500,success,,0.705139,95.20209120784456,50.0,190.40418241568912,True,0.3454324559874499,3.454324559874499,0.23281988778990761,0.7315614979457459,0.5029984283980177,0.6739954041792944,2.117813440125396,1.456141192523879,0.6739954041792944,12.963392889859872,False,0.02,0,0,0.7549013908342279,0.6290043232098399,True,1260,0.07
14185000,success,,0.7951,632.5023255919531,316.25116279597654,1265.0046511839062,False,0.24509786546772017,2.4509786546772014,1.5147175947134661,3.258541485574658,1.743823890861192,6.18005216741864,13.294858685759602,7.114806518340964,6.18005216741864,0.15418718225795755,True,0.02,0,0,2.678628251665036,4.176244725796309,True,1260,0.07
14185900,success,,0.810508,299.6902359798809,149.84511798994046,599.3804719597618,False,0.306061890007746,3.0606189000774595,0.8120207887269543,2.3898684239289576,1.597729191629178,2.653126100431528,7.8084482320503,5.220281399911443,2.653126100431528,0.836597899705749,True,0.02,0,0,0.014594724175560733,0.014418354699388871,True,1260,0.07
14187000,success,,0.808336,1352.849289092,676.424644546,2500.0,True,0.18701283858998147,1.8701283858998146,3.723335858087173,7.650693714168181,3.927357856081009,19.909520042366957,40.90999191206351,21.000471869696558,19.909520042366957,0.014856310674345263,True,0.02,0,0,0.12021637408649184,0.12657290248695385,True,1260,0.06
14216500,success,,0.641451,1155.5114182629188,577.7557091314594,2311.0228365258376,False,0.338094472419318,3.3809447241931796,3.17841472989789,8.101252351875054,4.922837621977166,9.400966265890014,23.961504883249212,14.560538617359205,9.400966265890014,0.06663272362464433,True,0.02,0,0,3.538241433755171,3.006634448870518,True,1260,0.07
14222500,success,,0.773146,362.9178223171916,181.4589111585958,725.8356446343832,False,0.33992096082003154,3.3992096082003154,0.9820625431095683,2.66135611956716,1.6798752325624617,2.8890908661249446,7.829338070670475,4.94195835558331,2.8890908661249446,0.7055213352736566,True,0.02,0,0,1.4152490996848994,1.3098866775074895,True,1260,0.07
14236200,success,,0.745417,266.1448016773814,133.0724008386907,532.2896033547628,False,0.35852832488434583,3.5852832488434583,0.7271970534429234,2.1419636822772268,1.4214812669390127,2.0282834101810585,5.974322064981008,3.964766988487045,2.0282834101810585,1.4314470145463642,True,0.02,0,0,0.13470710807759326,0.17037992479491632,True,1260,0.05
14301000,success,,0.913354,391.35358601628576,195.67679300814288,782.7071720325715,False,0.14313018341993874,1.4313018341993875,0.9800753048860381,2.591309553748235,1.6182107655068108,6.84743973261414,18.104563913995886,11.30586663722102,6.84743973261414,0.12559608932134791,True,0.02,0,0,2894.2168629878997,2627.4143617243694,True,1260,0.07
14303200,success,,0.784273,2499.9999992689814,1249.9999996344907,2500.0,True,0.23373225806451614,2.337322580645161,5.87737111601393,5.877371117926214,1.9122815667380365e-09,25.14574224663343,25.14574225481494,8.181504695043838e-09,8.181504695043838e-09,8.797639990111462e+16,False,0.02,0,0,8.614268535735512,9.808059419778978,True,1260,0.07
14305500,success,,0.850977,583.1044444715593,291.55222223577965,1166.2088889431186,False,0.32399449014876597,3.2399449014876596,1.6422429308596798,4.825884161145843,3.2016472846028723,5.068737218665738,14.894957500450023,9.88179546859824,5.068737218665738,0.22920970445473546,True,0.02,0,0,0.004175138982033717,0.004043355966960638,True,1260,0.07
14306340,success,,0.824404,270.8360161187313,135.41800805936566,541.6720322374626,False,0.1660964019008826,1.6609640190088257,0.7517444063572782,2.1657452287344277,1.4217149635598543,4.525952385205063,13.039085759526735,8.559577132852386,4.525952385205063,0.2874832809461144,True,0.02,0,0,0.007730044865655416,0.007527613649806489,True,1260,0.06
14306500,success,,0.774614,2499.9966883482584,1249.9983441741292,2500.0,True,0.17768077138457233,1.7768077138457232,6.870226527892206,6.870243798304202,1.7270411996437216e-05,38.666122813156214,38.66622001226145,9.71991052372073e-05,9.71991052372073e-05,623315633.8942391,False,0.02,0,0,0.500404387160336,0.46613592431909345,True,1260,0.07
14308990,success,,0.603881,2499.999990229037,1249.9999951145185,2500.0,True,0.03937660944206009,0.3937660944206009,2.41026482227502,2.4102648286837596,6.408739999604217e-09,61.210572886463346,61.21057304921833,1.6275499821878334e-07,1.6275499821878334e-07,222312501124900.7,False,0.02,0,0,1.7169262939552556,1.7221183196582883,True,1260,0.05
14309500,success,,0.618896,2499.9996048217904,1249.9998024108952,2500.0,True,0.06417810777165216,0.6417810777165215,6.279594051983523,6.279595397628446,1.3456449253219927e-06,97.84635711489855,97.84637808224973,2.0967351205022158e-05,2.0967351205022158e-05,13395083173.571732,False,0.02,0,0,0.11798652067982489,0.10569975152765047,True,1260,0.05
14316700,success,,0.71144,386.7332784232661,193.36663921163304,773.4665568465322,False,0.11423570335091,1.1423570335091,0.8790666459480415,1.8956725081564931,1.016605862208452,7.695200538554209,16.594396082399506,8.8991955438453,7.695200538554209,0.09944722519278586,True,0.02,0,0,0.19578059376204043,0.19928368950323688,True,1260,0.05
14325000,success,,0.711888,494.4134308302637,247.20671541513184,988.8268616605274,False,0.12700431083124564,1.2700431083124564,1.0948141902722401,2.653743677456733,1.558929487184493,8.620291572047124,20.89491026003708,12.274618687989957,8.620291572047124,0.07924806061556985,True,0.02,0,0,4285.783995146748,2777.271749497941,True,1260,0.05
14362250,success,,0.578069,587.7625102208501,293.88125511042506,1175.5250204417002,False,0.02,0.044301062288749395,0.1198437817974416,0.12996822972486088,0.010124447927419313,5.992189089872079,6.498411486243044,0.5062223963709657,0.5062223963709657,22.97999042035963,False,0.02,0,0,1889.2720666259215,2671.1574372671225,True,1260,0.05
14400000,success,,0.818338,170.66267630468852,85.33133815234426,341.32535260937703,False,0.21989210537551773,2.198921053755177,0.4854451939843675,1.4170308343155904,0.9443417249162172,2.2076517624648466,6.444209681360208,4.294568571725349,2.2076517624648466,1.2082906570112772,True,0.02,0,0,0.00036113204771675997,0.0002932732524144613,True,1260,0.06
