basin_id,model,period,nse,kge,bias,peak_bias,lowflow_bias,parameter_count,solver_name,family,run_status,error_message,_elapsed_s,_cal_nse,p_parTT,p_parCFMAX,p_parCFR,p_parCWH,p_parFC,p_parBETA,p_parLP,p_parK0,p_parK1,p_parUZL,p_parPERC,p_parK2,p_lag_time,state_SNOWPACK,state_MELTWATER,state_SM,state_SUZ,state_SLZ,state_init_mode
01022500,hbv_lite_cma,evaluation,0.718417,0.77034,0.144895,-0.061194,1.341481,13,explicit_euler_dt1,hbv,success,,30.6,0.803,-2.499999999886745,1.2277231842599894,0.0117813496960806,2.4035371787331785e-10,427.3276699053724,5.999995435664593,0.5850207847214055,0.1201558220773476,0.2303171036900843,130.2199638643527,5.238231096848383,0.0472820324665663,1.017697039810976,0.0,0.0,417.9217235100727,16.572446231760427,43.557442577804586,cal_final_2008-09-30
01031500,hbv_lite_cma,evaluation,0.726852,0.730014,0.225385,-0.020953,3.464165,13,explicit_euler_dt1,hbv,success,,30.93,0.677,-2.4999999999879043,1.707399766772154,0.080281083023366,2.779277012319044e-13,357.210137196152,5.999999999953464,0.5666858373052404,0.2533194976832704,0.3601058665884351,118.06077017355932,5.816840742909536,0.0746308078759601,1.0041633145428612,0.0,0.0,340.2621811905557,0.0,28.38479374827353,cal_final_2008-09-30
01047000,hbv_lite_cma,evaluation,0.712267,0.784223,0.096558,-0.084433,1.662606,13,explicit_euler_dt1,hbv,success,,30.43,0.6686,-2.4999999999555387,1.5303739631395783,0.0451747851789055,5.000070825901929e-12,165.32728621448194,2.344958639524968,0.2000000057960407,0.9655178406050308,0.3356615866527869,144.68157496205333,3.806553577589416,0.0483352870321302,1.876550014033108,0.0,0.0,150.82915553780987,3.787896667067449,35.51252511779595,cal_final_2008-09-30
01052500,hbv_lite_cma,evaluation,0.733254,0.848183,0.03962,-0.106685,1.189298,13,explicit_euler_dt1,hbv,success,,31.21,0.77,-0.7800000988637545,3.1135507817816976,0.0069642555853463,4.3607022326916385e-10,347.2055844596387,4.856555580608108,0.7002656515699137,0.5238730918893466,0.3786094431365369,3.897932277744785e-06,8.2722295241232,0.1141780487954281,1.2302754101578728,0.0,0.0,321.76123502855125,0.0,17.44924288352987,cal_final_2008-09-30
01054200,hbv_lite_cma,evaluation,0.580771,0.639749,0.140804,-0.140908,3.412385,13,explicit_euler_dt1,hbv,success,,30.68,0.4938,-1.0642959572026205,2.024052762853418,0.0338806144943701,8.273634189712071e-07,259.86351340019394,1.0000097524848324,0.3564062526075532,0.989999648493722,0.3690371214708574,8.102026646132156e-05,9.588540791939616,0.0863411095722881,1.3901769539641096,0.0,0.0,195.3459000107948,0.0,30.82901241321969,cal_final_2008-09-30
01055000,hbv_lite_cma,evaluation,0.528227,0.610365,0.116279,-0.130015,2.946711,13,explicit_euler_dt1,hbv,success,,31.03,0.5482,-2.4999999999999685,1.9911184019628885,0.0221509621215362,3.881142529691825e-15,102.75639153546754,1.0000000000026483,0.2000000000004871,0.7144932390018071,0.4999999999999969,198.6547486419214,5.526771958241469,0.0525325611542347,1.8726390276278615,0.0,0.0,77.99074623926165,0.0,42.61921013837914,cal_final_2008-09-30
01057000,hbv_lite_cma,evaluation,0.670524,0.56633,0.376193,-0.017494,6.218152,13,explicit_euler_dt1,hbv,success,,30.42,0.6291,-1.9808401258395123,1.8604887571882305,0.0209078564031211,1.565791429634049e-08,467.0918056858316,5.079850577468707,0.3416049135159643,0.4367726839771385,0.3620796583689201,44.75156249390575,7.785032301155732,0.04722397762939,1.969309062981886,0.0,0.0,453.1191955622283,5.354441694717425,64.8230261947848,cal_final_2008-09-30
01073000,hbv_lite_cma,evaluation,0.683285,0.667504,0.280058,-0.048298,5.160055,13,explicit_euler_dt1,hbv,success,,30.27,0.6752,-0.6301113082181644,2.23645737575369,0.0999868227995065,0.0213563073188349,784.3760091194501,5.952099159617321,0.4516643126713249,0.9899975406730972,0.4995257448275634,1.4053633223211504e-05,18.997351910495,0.1019647108041759,1.7888236490153129,0.0,0.0,764.2625827131734,0.0,49.22479424510964,cal_final_2008-09-30
01078000,hbv_lite_cma,evaluation,0.739518,0.736629,0.227877,-0.036308,3.163867,13,explicit_euler_dt1,hbv,success,,30.24,0.7158,-1.3900037248325825,1.884104553789953,0.0989615495017744,7.796999204722599e-08,201.45835657728185,1.0000299504729349,0.2000008749918172,0.6843547972762717,0.2589285250190974,29.325471284521665,4.741852649275319,0.0648058569338077,1.6614863176446717,0.0,0.0,133.20272792578015,0.0,30.41632015001471,cal_final_2008-09-30
01123000,hbv_lite_cma,evaluation,0.480794,0.501848,0.459045,0.022159,3.478568,13,explicit_euler_dt1,hbv,success,,30.25,0.5696,-1.609999138186917,1.5859679977350083,5.074725312568232e-05,3.871491079453593e-09,845.4847662486736,5.999999898185727,0.2370671730478172,0.5509988136529501,0.3282010354958305,7.404514569497752e-09,13.273632244195548,0.0464913780820326,1.1266457010696538,0.0,0.0,804.9144512946024,0.0,68.37633797148595,cal_final_2008-09-30
01134500,hbv_lite_cma,evaluation,0.657638,0.778242,0.097292,-0.059066,1.453385,13,explicit_euler_dt1,hbv,success,,31.18,0.7011,-1.789999257394967,1.785151663683806,0.0729926894940159,1.2587271105155135e-11,121.73265415842174,1.4598372246374691,0.2000000030380734,0.1202737276405433,0.3964866952382267,184.96839710741835,4.118221918948743,0.0761591869326832,1.320831225650522,0.0,0.0,82.52134602796987,0.0,14.237140110320391,cal_final_2008-09-30
01137500,hbv_lite_cma,evaluation,0.305519,0.346433,0.562419,0.002471,3.751876,13,explicit_euler_dt1,hbv,success,,32.23,0.4753,-2.1300031070804994,1.9152903700908064,0.0903120043512654,1.0083699783000334e-09,404.26982514601656,1.0000003140505207,0.5681358289502614,0.7862150099219667,0.323021090218874,199.8813035823729,8.252393335281118,0.0004603480056394,1.0014903134483153,0.0,0.0,314.1117635204687,0.0,5063.594509588244,cal_final_2008-09-30
01139000,hbv_lite_cma,evaluation,0.535318,0.612941,0.236064,-0.11823,3.021974,13,explicit_euler_dt1,hbv,success,,31.8,0.6535,-1.4100321063899388,1.8490814894115064,0.0386931645511377,8.150186757192675e-08,159.5792429001906,1.000023852722537,0.3644237970389968,0.4815919883177337,0.1819830986248321,107.4154186712324,3.1918102129713324,0.0005768369901945,1.1292150267338157,0.0,0.0,92.15731259812286,0.0,2366.1978272074634,cal_final_2008-09-30
01139800,hbv_lite_cma,evaluation,0.500328,0.651057,0.210975,-0.08407,2.586397,13,explicit_euler_dt1,hbv,success,,51.46,0.6602,-1.190580161950176,1.9026226362173488,0.0748098960988656,2.7496467241564017e-06,374.8673437531317,4.170803950402336,0.556324902640065,0.1555024931417636,0.0591788374745972,89.66165472045475,1.7221281190780144,0.0006237787437654,1.2579855820125292,0.0,0.0,324.4913345317244,0.8447964077996829,1839.863378150301,cal_final_2008-09-30
01142500,hbv_lite_cma,evaluation,0.445384,0.503384,0.35703,-0.040101,3.586057,13,explicit_euler_dt1,hbv,success,,31.35,0.644,-1.3300060130438656,3.186671333239252,0.0305039003019738,0.1095822428493461,245.9223947372865,2.138353988499384,0.5382344854576726,0.6722092776995438,0.1002356784415311,191.2328867847181,2.3613037638282663,0.000468661690991,1.4120689743807378,0.0,0.0,188.9090024679031,1.675787739252406,2506.630809086533,cal_final_2008-09-30
01144000,hbv_lite_cma,evaluation,0.564032,0.563887,0.401903,0.054269,2.594366,13,explicit_euler_dt1,hbv,success,,31.59,0.6536,-2.480000276635934,1.8338312917551487,0.0262413349154522,0.1335508473719729,382.1662712076677,5.35388295521748,0.6075777190295408,0.9899998559723804,0.4039912829661425,21.88563981854569,11.513288361755013,0.0591175157060304,1.680693327388617,0.0,0.0,344.1274646728808,0.0,25.01103276629807,cal_final_2008-09-30
01162500,hbv_lite_cma,evaluation,0.636235,0.662709,0.227564,-0.098084,4.537827,13,explicit_euler_dt1,hbv,success,,31.0,0.6683,-2.379992944757932,1.4940368807448152,0.0490137306828363,1.8336651074309222e-10,373.0309762701633,5.961458810426005,0.551634053428659,0.6687943083083767,0.1828466877818142,146.0122431675138,4.695310485865759,0.0532887881876086,1.4421791206273316,0.0,0.0,358.3116788087514,0.0,44.04524787909945,cal_final_2008-09-30
01169000,hbv_lite_cma,evaluation,0.461773,0.642873,0.260142,0.005954,2.572766,13,explicit_euler_dt1,hbv,success,,30.5,0.681,-2.4999999862503084,1.3441983596775249,0.0002484411525184,1.621049518374225e-10,109.13941487683864,1.8015952524930263,0.2000000832334659,0.9899999993144994,0.2527305955618282,18.53757251279136,4.616033216870142,0.0598169391920094,1.58967808429207,0.0,0.0,98.12817086999904,0.0,39.46401813472238,cal_final_2008-09-30
01170100,hbv_lite_cma,evaluation,0.450072,0.603227,0.268157,-0.057875,3.023143,13,explicit_euler_dt1,hbv,success,,30.43,0.6235,-1.8599368338763087,2.113969950863491,0.0292236747749057,9.514289081631968e-07,322.6659566806576,5.8243638926804335,0.6967887338933286,0.989998976531276,0.4999997457227561,28.50315152068916,10.980788504183266,0.0659972559852621,1.3504977527157267,0.0,0.0,312.0041502761676,0.0,43.49835548499589,cal_final_2008-09-30
01181000,hbv_lite_cma,evaluation,0.474905,0.680264,0.200447,0.00376,2.465419,13,explicit_euler_dt1,hbv,success,,29.73,0.6894,-1.9812121098842697,1.2929478873062068,0.0075239384637453,0.1116467551764027,199.8173223838548,3.449076111311891,0.5327311527005658,0.989995011615528,0.3512151195942566,16.396211083592828,4.542078696956376,0.0794838200095599,1.008701204426778,0.0,0.0,188.79758179441345,0.0,27.73276000276309,cal_final_2008-09-30
01187300,hbv_lite_cma,evaluation,0.658087,0.672325,0.244042,-0.063362,7.340858,13,explicit_euler_dt1,hbv,success,,29.69,0.6991,-0.969998093155248,1.8709715714343975,0.0990879408287666,1.0920082743966249e-08,773.3429405868525,5.999447038866012,0.5862668780629512,0.7295683156667022,0.3044919463069241,0.0257276960047974,9.20082228638886,0.0978782697345091,1.0660138568060396,0.0,0.0,738.3173839857669,0.0,28.32354131782244,cal_final_2008-09-30
01195100,hbv_lite_cma,evaluation,0.570661,0.514397,0.39455,-0.04571,11.181611,13,explicit_euler_dt1,hbv,success,,29.96,0.5002,-0.3999994092668664,2.226874491449476,0.0364050968200229,0.0013076125840748,937.9702235830304,5.9999821242776425,0.3216598181883838,0.2025015827370874,0.4999999806812116,87.79690653011298,9.512847263215155,0.0565311343642717,1.6991881463291394,0.0,0.0,891.7233496239695,0.0,50.31925113298129,cal_final_2008-09-30
01333000,hbv_lite_cma,evaluation,0.588525,0.678595,0.22614,-0.0777,2.405364,13,explicit_euler_dt1,hbv,success,,30.36,0.6216,-2.4900023743784145,1.5816787342114926,0.0522745928284547,0.0942186724086831,301.8723046416949,5.997136136403079,0.5432032879359325,0.6272527470678354,0.3493450020131182,157.56417904537264,8.37198157399174,0.0746039130503855,1.5877571827080432,0.0,0.0,284.75250421914774,0.0,29.937089937031345,cal_final_2008-09-30
01350000,hbv_lite_cma,evaluation,0.583461,0.579455,0.261484,-0.141248,5.146605,13,explicit_euler_dt1,hbv,success,,29.24,0.6501,-1.8000005332941922,2.569634166848309,0.0618647432985455,5.182778088449116e-10,365.1293110019988,5.999999150485066,0.3757373855107007,0.9780141178692816,0.499999996991574,123.6666077592408,9.926068679172191,0.0567185344722867,1.810318498852613,0.0,0.0,347.0985674881268,0.0,45.42809492251761,cal_final_2008-09-30
01350080,hbv_lite_cma,evaluation,0.465822,0.389307,0.305842,-0.251134,9.053515,13,explicit_euler_dt1,hbv,success,,30.52,0.4493,-0.9300223282460252,2.937012895952977,0.020689240619752,1.1212411688449372e-05,732.3646749948865,5.9792223282374914,0.7507880113079917,0.7200541130101441,0.2568922086934504,71.76275233451253,9.508119301799834,0.0457124645117706,1.6385341577323311,0.0,0.0,671.1909478157914,0.0,42.11225725674324,cal_final_2008-09-30
01350140,hbv_lite_cma,evaluation,0.349525,0.329173,0.371986,-0.259249,26.938838,13,explicit_euler_dt1,hbv,success,,30.0,0.4278,-0.0400004871554355,4.436332218577965,0.0244690857227934,0.0429828966770714,611.3300832493072,3.4831765566920225,0.7336484754845283,0.4430955637759292,0.2816393760605677,112.69097379936012,4.318493572089889,0.0005139082062434,1.779735543701706,0.0,0.0,517.1192283373167,0.1520719826052883,2482.737136485297,cal_final_2008-09-30
01365000,hbv_lite_cma,evaluation,0.664686,0.736751,0.132946,-0.083419,1.685685,13,explicit_euler_dt1,hbv,success,,30.17,0.7166,-2.230000786289017,1.5670947158699176,0.0169263223456914,0.0154967604791633,416.71577634882914,4.411374688406243,0.3469425493867358,0.9899989834766834,0.4999999439524323,41.99740087360946,11.54267730288461,0.0860708033257087,1.051924400408157,0.0,0.0,386.3415792435598,0.0,34.99344976427483,cal_final_2008-09-30
01411300,hbv_lite_cma,evaluation,0.540992,0.571043,0.137918,-0.186325,1.513162,13,explicit_euler_dt1,hbv,success,,34.89,0.5276,0.1972746170887567,2.4283520289780727,0.0916884299952697,2.3045969705610523e-06,272.1398055388424,1.2644244200783414,0.2000057784347692,0.1068301897854832,0.0574711919155324,43.61424372573801,2.610278768666821,0.000312212427133,1.019510127930567,0.0,0.0,113.6575010646132,0.0,3046.690496549105,cal_final_2008-09-30
01413500,hbv_lite_cma,evaluation,0.563026,0.494541,0.280236,-0.178764,5.603724,13,explicit_euler_dt1,hbv,success,,31.1,0.5278,-2.1400035952189858,2.6399895272500427,0.0999750979957657,0.0568969796553421,685.5539863392462,5.999638620336772,0.7599631480410132,0.7968141034804073,0.4503209460773586,196.2120012184219,15.383367768952647,0.0695483627338731,1.544931427028372,0.0,0.0,645.9473712942887,0.0,41.70729396513708,cal_final_2008-09-30
01414500,hbv_lite_cma,evaluation,0.535029,0.527186,0.21942,-0.1882,4.602385,13,explicit_euler_dt1,hbv,success,,31.05,0.493,-2.289943002560384,2.6020133961220067,0.0776281284908931,0.0319050009908264,708.5317459801541,5.9998318447048815,0.4420737280728432,0.3722505897964906,0.1005592396043641,5.267918651608708e-06,13.302526699550402,0.0687798504041875,1.708976332691718,0.0,0.0,673.3102109606169,0.0,48.88157677865431,cal_final_2008-09-30
01415000,hbv_lite_cma,evaluation,0.63014,0.576201,0.281742,-0.131843,4.928903,13,explicit_euler_dt1,hbv,success,,31.07,0.6196,-2.0800000851152536,2.1919860822462174,0.0717568176443522,1.880724748516008e-09,557.7953970579953,5.881634446249287,0.7679805094434746,0.5707374437475476,0.2966413758536412,20.64618855182002,8.228004981298202,0.079760494768235,1.001158747045649,0.0,0.0,515.4690609453238,0.0,27.911730645834407,cal_final_2008-09-30
01423000,hbv_lite_cma,evaluation,0.712317,0.648812,0.237062,-0.104217,3.623655,13,explicit_euler_dt1,hbv,success,,31.35,0.7348,-1.3600052793262458,2.289601086684585,0.0573605612962179,0.0031983139143902,332.78611815327366,5.999519671728116,0.4456685539303264,0.864166551785029,0.3843384514816775,21.924935657981397,9.80721635654286,0.0951025699886164,1.514560611461766,0.0,0.0,305.3994277864185,0.0,19.114930628219003,cal_final_2008-09-30
01434025,hbv_lite_cma,evaluation,0.462842,0.5933,0.275014,-0.075138,3.454684,13,explicit_euler_dt1,hbv,success,,31.24,0.532,-2.3400026672046166,2.1756232207520183,0.066711924629863,0.1999996776849036,931.834229606971,5.867588893771039,0.8577356048535918,0.9899999735369036,0.4999988736034725,57.05983175710381,13.781437275322592,0.0575841865120705,1.0597919123782558,0.0,0.0,888.19833615254,0.0,65.30064453486183,cal_final_2008-09-30
01435000,hbv_lite_cma,evaluation,0.673475,0.746311,0.063473,-0.143423,1.306071,13,explicit_euler_dt1,hbv,success,,31.4,0.6978,-2.1099958664505736,1.917606974912379,0.0894466878953239,2.4778552890994717e-08,441.1178269880601,4.482674765975375,0.6419928442078844,0.9899983410711124,0.4782178512312573,10.854337095448168,10.58725528109486,0.0829694254377489,1.0188937577909751,0.0,0.0,409.39226089023776,0.0,35.77445929013775,cal_final_2008-09-30
01439500,hbv_lite_cma,evaluation,0.702849,0.717814,0.132199,-0.121186,3.112228,13,explicit_euler_dt1,hbv,success,,30.38,0.7511,-2.050000143730418,1.3597583083690536,0.0771521812775029,5.616138732838029e-09,631.7210662941285,5.999947503706204,0.7856489880792286,0.4299502844943138,0.4509263653258352,20.219536742610146,11.690455099013343,0.0945679547638902,1.0772548408382288,0.0,0.0,588.2633739197599,0.0,38.52614458191258,cal_final_2008-09-30
01440000,hbv_lite_cma,evaluation,0.573888,0.644908,0.191816,-0.115644,2.922908,13,explicit_euler_dt1,hbv,success,,31.5,0.6758,-0.7602867086118248,3.859861405143157,0.0310461095629019,2.9118175453097488e-06,967.2226815882228,5.999948361824634,0.4113316356300839,0.9897223879677848,0.3286348208575432,20.85009586699788,9.188584085370367,0.0648661095898713,1.9943706905532332,0.0,0.0,878.4705284466776,0.0,34.83858590464116,cal_final_2008-09-30
01440400,hbv_lite_cma,evaluation,0.644184,0.73415,0.175902,-0.04396,2.431322,13,explicit_euler_dt1,hbv,success,,31.08,0.6282,-1.5843691030977631,1.554293315884172,0.0154818965915628,1.264552590534306e-06,649.8575169670792,5.999851710233322,0.6877477079135105,0.9899891472466904,0.4962458535841388,0.0003165543338186,12.815243478178491,0.117878268419731,1.5580719482260847,0.0,0.0,604.4546302031733,0.0,33.01296614616608,cal_final_2008-09-30
01451800,hbv_lite_cma,evaluation,0.614211,0.6532,0.171196,-0.147055,2.512188,13,explicit_euler_dt1,hbv,success,,30.29,0.7294,-2.499999999998162,2.1732320720261247,0.0088277139494063,4.7535888092336864e-14,754.0819497963508,5.999999999065152,0.296135286850533,0.9899999999975256,0.481510371064722,5.488488001466152,8.264124382788234,0.1222687890476813,1.001509362490757,0.0,0.0,667.8315845422271,0.0,17.67398902990901,cal_final_2008-09-30
01466500,hbv_lite_cma,evaluation,-1.16909,0.049381,0.319117,0.221009,0.49798,13,explicit_euler_dt1,hbv,success,,57.14,0.3762,2.482480493343409,14.943884877761649,0.0858713745821358,0.0040243116880801,457.52746087015214,3.726935031652661,0.5607984822998802,0.5037041509016253,0.0100033839268324,169.34329891668713,1.6438721292948368,0.0001152710581443,1.3884733421034556,0.0,0.0,387.7168405743611,23.509437300755103,3923.636229185959,cal_final_2008-09-30
01484100,hbv_lite_cma,evaluation,0.322829,0.441217,0.187681,-0.139625,1.237085,13,explicit_euler_dt1,hbv,success,,40.5,0.3463,-1.382392402886519,9.42206271146853,0.0960786899950457,0.0212529286135869,270.1961632297434,5.997126238534158,0.3308663249585367,0.0965341304150899,0.0103613344552468,199.99864903365548,1.2668881945077888,0.0001000066398226,1.6575127445174216,0.0,0.0,199.5639188033421,0.0,3163.7412684871083,cal_final_2008-09-30
01487000,hbv_lite_cma,evaluation,0.384367,0.444027,0.53299,0.176589,1.507304,13,explicit_euler_dt1,hbv,success,,33.97,0.5023,-0.8699996860953836,5.567278288965861,0.0918484082866453,1.288363674187214e-07,682.8948782047981,5.999999969078296,0.2867888358339073,0.669892509881383,0.2841223683639103,61.090440954174696,14.096491655679785,0.0272419397565227,1.6030656436694322,0.0,0.0,542.7722870183816,0.0,24.16363605818224,cal_final_2008-09-30
01491000,hbv_lite_cma,evaluation,0.700911,0.432176,0.546917,0.103579,4.054726,13,explicit_euler_dt1,hbv,success,,31.56,0.6156,-0.9600089619460216,1.6687013019592134,0.0934418083436135,0.0816037198683811,796.3002635026423,5.999755988919709,0.278539313158167,0.7146058993074077,0.2265218747280035,13.914014430590822,5.416090871036164,0.0537495725019454,1.6437061371020778,0.0,0.0,649.1843068875871,0.0,14.090310993369286,cal_final_2008-09-30
01510000,hbv_lite_cma,evaluation,0.633179,0.645341,0.243696,-0.125816,3.94779,13,explicit_euler_dt1,hbv,success,,32.1,0.7018,-2.4800002861770327,1.7906136127200127,0.0741887977065934,2.4958734295717167e-09,418.9117341496876,5.994748804498229,0.674185458627573,0.9141975803687196,0.3213322765314122,6.541029117176624e-06,9.595193785234626,0.10306162352121,1.0641512644416815,0.0,0.0,371.9821581846483,0.0,11.604526026538965,cal_final_2008-09-30
01516500,hbv_lite_cma,evaluation,0.400973,0.403719,0.311115,-0.253059,22.714088,13,explicit_euler_dt1,hbv,success,,31.83,0.6285,-2.267892166488924,1.0868057804954807,2.258970364639442e-05,0.1266254396816418,421.202182873027,5.665229554120336,0.4609432375351346,0.9898283969681876,0.4379630277177772,11.300399496054784,5.848954119710519,0.0002565107702328,1.774554456210763,0.0,0.0,340.63737589700776,0.0,3205.454483607105,cal_final_2008-09-30
01518862,hbv_lite_cma,evaluation,0.544973,0.50731,0.35121,-0.115246,9.742838,13,explicit_euler_dt1,hbv,success,,31.29,0.6305,-1.6800091115395408,2.056465749138809,0.0999973026849166,0.1004670497648657,454.94098235228734,5.93269408981884,0.2315778599589955,0.9899781569497268,0.4647659318046193,9.108087228701333,6.510772894873601,0.0751031954769298,1.0643188484430826,0.0,0.0,388.77534794705946,0.0,12.02351619769301,cal_final_2008-09-30
01532000,hbv_lite_cma,evaluation,0.516558,0.495008,0.232083,-0.124071,4.277658,13,explicit_euler_dt1,hbv,success,,31.51,0.6807,-2.229989944619992,1.697799666570596,0.0002958092121376,1.351062852760804e-06,337.80469341794014,5.999182477298511,0.3127905669000598,0.904944147775166,0.4981482270354964,12.161786123185408,6.43711529995158,0.0950373309833906,1.9971407229539195,0.0,0.0,286.1719604226988,0.0,9.288089264319034,cal_final_2008-09-30
01539000,hbv_lite_cma,evaluation,0.669937,0.704376,0.181047,-0.093985,2.242924,13,explicit_euler_dt1,hbv,success,,31.04,0.7602,-2.499998727222354,1.2500075419058672,0.0977295824068031,0.0139594097072631,296.744517740618,5.999999251856439,0.580495981456093,0.989999954779694,0.3664235471862341,18.296124736178964,5.8556048394940845,0.1004385677836402,1.0841237930196357,0.0,0.0,279.95407617865783,0.0,23.250697376538472,cal_final_2008-09-30
01542810,hbv_lite_cma,evaluation,0.600552,0.571884,0.28434,-0.14298,7.999781,13,explicit_euler_dt1,hbv,success,,31.11,0.6728,-1.980000002250541,1.7608001904262884,0.0977433119424779,1.0986812567704757e-07,404.2113991606081,5.996029844882814,0.220105151694362,0.9496572921056464,0.2388300393911457,12.460243708737146,3.2184175423486208,0.1114454105125984,1.1848384496543205,0.0,0.0,339.83418288301164,0.0,6.224908911602123,cal_final_2008-09-30
01543000,hbv_lite_cma,evaluation,0.660681,0.631617,0.275213,-0.078501,5.324086,13,explicit_euler_dt1,hbv,success,,31.11,0.7577,-1.6400000154051084,2.0437511813525813,0.0864187429815416,1.888191858116661e-09,352.6187945633428,5.999999971086442,0.2168629784163724,0.881044745031642,0.3436402430192173,17.384310356260137,6.220427372880582,0.1303531729140918,1.0437520614332791,0.0,0.0,296.9547115390749,0.0,5.443724427181156,cal_final_2008-09-30
01543500,hbv_lite_cma,evaluation,0.65306,0.615776,0.29734,-0.073419,5.20075,13,explicit_euler_dt1,hbv,success,,31.13,0.7488,-2.4500654938862145,1.6276207936346858,0.0017100842094924,0.1189426561463157,387.6245202345565,5.998664148243509,0.3304876662819972,0.9464238621423366,0.4033592007464421,23.80082276070933,8.069772305223847,0.1225724491699295,1.9966068031177555,0.0,0.0,327.53126697058445,0.0,5.879539785975349,cal_final_2008-09-30
01544500,hbv_lite_cma,evaluation,0.687105,0.639601,0.149752,-0.173024,3.21151,13,explicit_euler_dt1,hbv,success,,31.2,0.7437,-2.480111528177709,1.578108304080859,0.0323196400109224,0.1416275705507036,387.57283126608246,5.954670488343821,0.6458587653089947,0.7027881496227061,0.1990842541027625,15.317319038025731,7.142407042361158,0.1157233609196361,1.496478742921879,0.0,0.0,319.89715039232425,0.0,6.906627209883083,cal_final_2008-09-30
01545600,hbv_lite_cma,evaluation,0.68595,0.63727,0.142438,-0.174188,3.027889,13,explicit_euler_dt1,hbv,success,,31.48,0.7208,-2.470118972265121,1.4601930862675467,0.0510410489537042,0.1993961109071401,402.8627199634,5.779380376756375,0.3738508751753233,0.7560352213690095,0.2251870427734627,18.50333653820544,7.858032068157047,0.0931637607338864,1.977301541957438,0.0,0.0,325.9253640732855,0.0,6.886392641402232,cal_final_2008-09-30
01547700,hbv_lite_cma,evaluation,0.640367,0.629942,0.303734,-0.066247,5.337923,13,explicit_euler_dt1,hbv,success,,31.66,0.7424,-1.3799991158831069,1.641965327703202,0.0525491777836227,8.626318207895743e-07,319.92917603856256,5.99998691205107,0.3653986233600117,0.9899999348755164,0.3665661290193567,10.575197054865791,5.77133663102416,0.1173505970921507,1.5500968944862956,0.0,0.0,271.56038429644326,0.0,7.820821240022644,cal_final_2008-09-30
01548500,hbv_lite_cma,evaluation,0.740673,0.726099,0.170407,-0.122047,3.070284,13,explicit_euler_dt1,hbv,success,,31.89,0.7384,-1.3800052709632114,1.859405529996517,0.0284355394923379,0.0125771868869272,363.6362558014973,5.99811562384116,0.6653521233233406,0.6469364498714235,0.1839459076765953,21.998743182715074,3.8467618125922014,0.083349497304148,1.0029118779368478,0.0,0.0,307.7653264646739,0.0,10.359274876968556,cal_final_2008-09-30
01549500,hbv_lite_cma,evaluation,0.629438,0.583593,0.12661,-0.239301,5.844411,13,explicit_euler_dt1,hbv,success,,31.31,0.652,-1.4900031130888245,2.299931291473813,0.0015310751406431,1.9349481177242863e-08,457.4638234651493,5.999616994986027,0.3499351752314942,0.9899982112374656,0.4999999994848201,21.476353278682293,9.584301585353314,0.0934927289025354,1.1512382035847823,0.0,0.0,400.8643476678324,0.0,14.901140835872434,cal_final_2008-09-30
01550000,hbv_lite_cma,evaluation,0.620386,0.611629,0.110439,-0.197847,3.174144,13,explicit_euler_dt1,hbv,success,,31.49,0.683,-1.7000004099209032,1.7347274239185198,9.527860880218306e-05,8.142079812112907e-09,413.2085415354646,5.897210134566171,0.2938872688274248,0.9899896972475484,0.4585432500996177,27.97644582834644,8.403065568999919,0.0937537380304664,1.021121757564194,0.0,0.0,359.72345898518245,0.0,13.604995730207673,cal_final_2008-09-30
01552000,hbv_lite_cma,evaluation,0.665326,0.668138,0.047383,-0.210948,1.881608,13,explicit_euler_dt1,hbv,success,,31.8,0.745,-2.019943710621894,2.098239565789377,0.0009013309733456,3.61886179707752e-05,211.6234288705345,5.0745549114924025,0.6667008045493608,0.9899335865519744,0.4999936505065396,28.0080983894936,8.420431690607964,0.0942939706412498,1.992272276112929,0.0,0.0,195.0145473801988,0.0,20.408047130933504,cal_final_2008-09-30
01552500,hbv_lite_cma,evaluation,0.557553,0.628488,0.03728,-0.186801,2.447476,13,explicit_euler_dt1,hbv,success,,32.38,0.6753,-2.1931031316074576,2.1784173786530854,0.0901609268235786,0.0028028736966025,258.6069813518018,5.334784112824558,0.6857584310599618,0.8450057234664852,0.4830290224481369,0.1651590108968162,9.100499865720144,0.1155797033996529,1.1999537626462546,0.0,0.0,245.46829498507296,0.0,23.110382717051067,cal_final_2008-09-30
01557500,hbv_lite_cma,evaluation,0.619149,0.720197,0.164404,-0.113082,2.60128,13,explicit_euler_dt1,hbv,success,,32.15,0.7773,-1.8100007964459013,1.3975733833703496,0.0731746435427083,3.4658858262698326e-11,456.5691150945844,5.999999987641789,0.29664418759669,0.5461366510722527,0.3875513420258983,2.72016740691944e-07,8.944803655089935,0.1233661451976337,1.5747554113933724,0.0,0.0,402.21376788083177,0.0,10.92970282666366,cal_final_2008-09-30
01567500,hbv_lite_cma,evaluation,0.38113,0.442641,0.418583,-0.036653,1.900678,13,explicit_euler_dt1,hbv,success,,32.47,0.5981,-1.8399995682909165,2.761999048722437,0.0143910195415173,7.611661422770495e-07,303.8620471371263,5.99999998886309,0.2970005159968021,0.9899999914864192,0.4938251868029518,15.806097090136529,9.092008733466232,0.0353498812373687,1.2256915624473617,0.0,0.0,289.35892754975646,0.0,45.87369201611392,cal_final_2008-09-30
01568000,hbv_lite_cma,evaluation,0.52173,0.615103,0.293364,-0.049509,1.773732,13,explicit_euler_dt1,hbv,success,,32.05,0.7145,-1.5499991514746054,1.9369231301459764,0.0934424623821967,0.0066182910164074,352.2393572068221,5.999999604338527,0.4969631945217812,0.9389222153048437,0.379333959069362,13.693893056862546,6.645899180243328,0.0728640896407825,1.7023388756324471,0.0,0.0,334.8420462409136,0.0,29.495960621316936,cal_final_2008-09-30
01580000,hbv_lite_cma,evaluation,0.081879,0.076628,0.390171,-0.29612,2.930073,13,explicit_euler_dt1,hbv,success,,35.36,0.2179,-2.4999992933291173,8.101356005077589,0.0625552585441519,4.3777378542985233e-08,247.7710139036093,1.000001973880139,0.2793405990271663,0.9899979460386736,0.4370388738364764,33.20834667812624,16.311272970958367,0.0005638671071046,1.2141341622917894,0.0,0.0,153.83827575351305,0.0,3038.9363762187213,cal_final_2008-09-30
01583500,hbv_lite_cma,evaluation,0.06327,0.119716,0.374987,-0.196351,2.715275,13,explicit_euler_dt1,hbv,success,,36.1,0.1354,-1.0231360236650688,2.2320207479987797,0.0682594007185859,0.1670945427630535,242.02777285325087,1.5228574084445836,0.2714928239051453,0.9677508403680076,0.1498004839376895,79.8544545537827,6.4303017085554135,0.0003745914157802,1.9237958579388992,0.0,0.0,183.59876734148392,4.883220442485157,3268.221583563948,cal_final_2008-09-30
01586610,hbv_lite_cma,evaluation,0.07001,0.238507,0.381974,-0.226804,3.880844,13,explicit_euler_dt1,hbv,success,,32.85,0.2158,-1.0418227373328204,1.8429708801818123,0.0028064433994281,0.1256008281018833,316.5039282001017,3.827232298379203,0.507664152523787,0.1033596907630458,0.4998321510692219,73.58294231499029,9.959524971045,0.0005245434665352,1.227457420994144,0.0,0.0,283.0060701485596,0.0,2569.832803084121,cal_final_2008-09-30
01591400,hbv_lite_cma,evaluation,0.111977,0.145409,0.656693,0.056355,4.04598,13,explicit_euler_dt1,hbv,success,,31.28,0.3575,-1.0345194082226052,2.598854332153357,0.0446556237185546,0.1999911018339443,1367.300781314612,4.977486160158502,0.6712852984971909,0.7241235886388,0.4205794089641348,1.8848241266682275e-05,8.569167304184624,0.008108939724549,1.225226356506813,0.0,0.0,1193.828172630778,0.0,195.88480402736823,cal_final_2008-09-30
01594950,hbv_lite_cma,evaluation,0.537028,0.554538,0.385678,-0.019954,19.291818,13,explicit_euler_dt1,hbv,success,,31.86,0.5684,-1.9099991575503072,1.5811023547705676,0.0092415628989358,2.3750022648707256e-11,393.5123610344279,5.99999378313048,0.7192916643670137,0.98617395759925,0.4997389581100604,2.3070672507701397e-07,9.954659490394777,0.1378218517146313,1.2295960219978428,0.0,0.0,335.61494264314337,0.0,4.4102463142081465,cal_final_2008-09-30
01596500,hbv_lite_cma,evaluation,0.565093,0.668594,0.225344,-0.10295,5.529095,13,explicit_euler_dt1,hbv,success,,31.84,0.7206,-1.9199970837528295,2.0017861888296995,0.013314551715375,9.611628941434434e-09,423.3932396267942,5.969694633079006,0.6788230283260945,0.5867126400392033,0.2146874287147834,8.92478565002065,3.396213740154793,0.1167342464070105,1.7136029741756005,0.0,0.0,379.7896959765539,0.0,11.03237442038973,cal_final_2008-09-30
01605500,hbv_lite_cma,evaluation,0.45995,0.52001,0.402367,-0.028998,3.883597,13,explicit_euler_dt1,hbv,success,,31.85,0.6159,-2.4999982177535625,1.6070671555535705,1.0517543876712224e-05,1.4354646594320258e-07,265.398640872054,3.5510784130519104,0.2083202350159741,0.9899994655046048,0.1576491326643682,16.537193359188887,2.391608869889638,0.0002471895991844,1.923551299174892,0.0,0.0,186.4516822203813,0.0,2802.178130002013,cal_final_2008-09-30
01606500,hbv_lite_cma,evaluation,0.576179,0.512996,0.413452,-0.035594,2.005996,13,explicit_euler_dt1,hbv,success,,31.68,0.508,-2.499999811623372,1.9559346764719368,0.0307576532103569,3.3212698218873675e-08,368.59151402404046,5.996693300815741,0.6850904171104306,0.98999905529815,0.4892527375453846,8.931707053738137,6.806224320045312,0.0992878865214445,1.0152255488209978,0.0,0.0,300.8012990966767,0.0,5.049442762185126,cal_final_2008-09-30
01632000,hbv_lite_cma,evaluation,0.433773,0.436051,0.438719,-0.141795,36.596635,13,explicit_euler_dt1,hbv,success,,32.08,0.4335,-1.3792297408078518,1.7254929335438685,0.0999232529329251,2.0511110375864524e-06,233.9870442497455,2.6089137075746294,0.5689701080519385,0.989901851884752,0.4960695999311467,0.0009795582678728,5.04752554064036,0.0002734470597343,1.9938005314448004,0.0,0.0,159.7437559218375,0.0,2673.594241892986,cal_final_2008-09-30
01632900,hbv_lite_cma,evaluation,0.195623,0.373649,0.497727,-0.051064,5.185878,13,explicit_euler_dt1,hbv,success,,32.13,0.4197,0.1400086854210327,1.667501937839143,0.099179164694224,2.1603660852634952e-08,203.20228089854112,1.2319516572274458,0.2798364841118933,0.1282315373577368,0.4999997749036804,142.39077600389322,5.60179550979339,0.0002615893353706,1.9494860184686136,0.0,0.0,90.42557964576471,0.0,2886.6292625492465,cal_final_2008-09-30
01634500,hbv_lite_cma,evaluation,0.452508,0.486458,0.192105,-0.25988,7.310002,13,explicit_euler_dt1,hbv,success,,31.56,0.5128,-1.0899359994531703,3.724558805939938,0.0744003603885821,4.180085656719225e-06,203.14607277833,1.8858469665153863,0.3203654369425149,0.6119988868248513,0.4999998554130289,166.3757719156595,4.242182933221553,0.0002966752313378,1.0021626670919266,0.0,0.0,132.99062086130493,0.0,2328.4301322888177,cal_final_2008-09-30
01638480,hbv_lite_cma,evaluation,0.368612,0.332203,0.363879,-0.345903,25.196334,13,explicit_euler_dt1,hbv,success,,31.61,0.273,-0.1499235663957074,3.610235551370862,0.0839112371902134,7.244723568451098e-07,310.4703019698391,2.5047083076014194,0.4670127002366399,0.9899824000721668,0.4436201388332328,2.584163417402076e-07,8.934627904085911,0.0003229770350833,1.0003053108580575,0.0,0.0,263.94377835148504,0.0,3023.224814414509,cal_final_2008-09-30
01639500,hbv_lite_cma,evaluation,0.244315,0.299832,0.354584,-0.271788,5.022751,13,explicit_euler_dt1,hbv,success,,32.41,0.2683,-1.659992038017326,2.988408394941662,0.0528821313799889,3.312600610141284e-07,294.81130397796863,3.3832192122489664,0.5629059544680455,0.1035355819320614,0.4999998311128069,165.33202240997664,8.80624608457423,0.0004128264025454,1.867809992203309,0.0,0.0,259.74714899244907,0.0,2915.9817221829417,cal_final_2008-09-30
01644000,hbv_lite_cma,evaluation,0.544781,0.507324,0.336909,-0.284414,24.932717,13,explicit_euler_dt1,hbv,success,,32.18,0.4438,-1.2198119356524049,6.982770217375792,0.0090072376142664,1.809594221718857e-05,262.95292686784666,2.0053739688434438,0.202298720105193,0.5559727033496185,0.4685733541648836,0.0001288143628823,7.814094730849911,0.0003022254671619,1.0132550610081377,0.0,0.0,193.9477371083613,0.0,3031.3511108778143,cal_final_2008-09-30
01664000,hbv_lite_cma,evaluation,0.641107,0.69423,0.254584,0.03475,5.671615,13,explicit_euler_dt1,hbv,success,,32.19,0.6923,-2.3980275478026365,0.5000001283131321,0.0632608273808429,5.999699889179027e-08,380.8719397986081,3.112655229354228,0.5086948664219169,0.4851498980155297,0.1063756071377707,23.98461774089036,1.583630824459355,0.0001938302639281,1.1051914729405703,0.0,0.0,291.72877165586,5.030384550738614,2463.586643434952,cal_final_2008-09-30
01666500,hbv_lite_cma,evaluation,0.548377,0.576561,0.365443,-0.122012,5.137134,13,explicit_euler_dt1,hbv,success,,32.07,0.5804,-1.6697718516942948,2.386023385517229,0.0654767038134842,0.1992876207594306,155.42677440580297,5.2066455555954905,0.3986659121927284,0.9899999779946568,0.499999245702482,35.304657870076184,8.995902680525113,0.0008866813641564,1.0051817345373562,0.0,0.0,140.16019501922625,0.0,1384.5200794020377,cal_final_2008-09-30
01667500,hbv_lite_cma,evaluation,0.697204,0.624178,0.318973,0.030014,4.186139,13,explicit_euler_dt1,hbv,success,,32.51,0.6439,-1.6499420629403527,0.6865270221394881,0.0998911457243878,2.407559748928931e-06,510.8287150178385,4.484116286142053,0.6568492014201699,0.7447543403195586,0.1359766654033033,22.34883972808701,1.93145973916524,0.0003860658806726,1.186016934783889,0.0,0.0,428.7812544340364,0.8001309552029134,1854.083438220569,cal_final_2008-09-30
01669000,hbv_lite_cma,evaluation,0.335439,0.386166,0.367288,-0.237185,7.432709,13,explicit_euler_dt1,hbv,success,,35.86,0.4594,-1.229786193824523,0.5000336619414094,0.0883616213130556,1.9669049087030566e-06,378.9059408737916,1.000081905095342,0.2000067628005998,0.6829587344296515,0.2674380718107405,93.28970347668752,6.986134397449071,0.0003680783933216,1.2010582294636016,0.0,0.0,160.7042386174208,0.0,2851.58022381046,cal_final_2008-09-30
01669520,hbv_lite_cma,evaluation,0.634707,0.625866,0.062944,-0.145864,5.381001,13,explicit_euler_dt1,hbv,success,,32.72,0.6627,-0.02058027844684,1.8950932589198213,0.0091769297013117,0.1279536191458236,691.6125750499152,2.4456070453257994,0.5919415447721417,0.1889710340839665,0.0627505162937559,29.989627076582902,0.7833412846746005,0.0001000001711255,1.8669411432075071,0.0,0.0,472.7775992250729,16.23515266134368,1909.6871499014555,cal_final_2008-09-30
02011400,hbv_lite_cma,evaluation,0.60742,0.618587,0.281718,-0.087164,4.35232,13,explicit_euler_dt1,hbv,success,,32.53,0.7472,-2.398445982754726,1.4239059381928256,0.0155825397507748,5.326208752737547e-07,339.64036386255253,4.214040919572643,0.6423373084695196,0.4727839355347804,0.1331177855932887,17.935516288337205,2.5668079003964994,0.0001869573908934,1.9933024597572304,0.0,0.0,263.95480634155024,0.0,3308.4715420096463,cal_final_2008-09-30
02013000,hbv_lite_cma,evaluation,0.614855,0.671895,0.072024,-0.249412,5.042932,13,explicit_euler_dt1,hbv,success,,32.97,0.719,-1.8999996222456392,3.853527901597671,0.0625762448798922,2.5653078589790292e-08,582.8863349197493,5.997236953543422,0.7077637047738501,0.9899999101975764,0.181274898042574,12.19374929226113,2.5534070451914133,0.000162828859769,1.8387278907283129,0.0,0.0,467.91973416262977,0.0,2951.301134598368,cal_final_2008-09-30
02014000,hbv_lite_cma,evaluation,0.582715,0.709606,0.13186,-0.130251,2.933062,13,explicit_euler_dt1,hbv,success,,33.1,0.7739,-2.3702177048482813,0.89506335418039,0.0109315210736777,2.0597331558583942e-05,434.3660520872292,4.883456577415634,0.6627181141297089,0.9899292027354396,0.1334617123788219,18.531246407046726,1.5175065415580322,0.0002277991537269,1.0033394980678374,0.0,0.0,321.42524740002506,0.0,2186.262537062165,cal_final_2008-09-30
02015700,hbv_lite_cma,evaluation,0.604853,0.63511,0.265283,-0.028799,0.345003,13,explicit_euler_dt1,hbv,success,,33.24,0.6348,-2.059984897683445,1.5216731543191953,0.0030802212803771,0.1798731239122689,385.2829735867558,5.967560616983401,0.3357214463379402,0.84110677539186,0.4264336745451426,9.164027633880204,6.020001770646807,0.060892372751667,1.0717789499330423,0.0,0.0,312.5689591731654,0.0,8.342395862886585,cal_final_2008-09-30
02016000,hbv_lite_cma,evaluation,0.679642,0.7121,0.195349,-0.061949,2.651234,13,explicit_euler_dt1,hbv,success,,33.06,0.79,-2.2306501718485743,0.8192761710594825,0.0720884638717743,0.0892811151288611,480.42229623728304,5.863735268235766,0.6652719273600884,0.8091346592104977,0.1633488250063625,19.22149037027311,1.525776564529208,0.0002154386735568,1.9944218891214915,0.0,0.0,400.6607209799165,0.0,2267.357353065381,cal_final_2008-09-30
02017500,hbv_lite_cma,evaluation,0.68196,0.702931,0.159103,-0.139558,1.524777,13,explicit_euler_dt1,hbv,success,,32.93,0.7111,-1.7299142872015096,3.566352392243654,0.0251170284967243,2.464334060271918e-07,197.3131395975227,2.3411408577887367,0.2000191448607692,0.8838932970271033,0.2479180814238691,9.183008544665835,5.476954663557285,0.1144225512796872,1.3278836966314969,0.0,0.0,95.99510010259075,0.0,2.6883075801169265,cal_final_2008-09-30
02018000,hbv_lite_cma,evaluation,0.70119,0.681857,0.230122,-0.074485,1.278235,13,explicit_euler_dt1,hbv,success,,32.97,0.7638,-1.4699988377308908,1.7715316228185534,0.0224722122472372,5.349435418277069e-06,362.71009512186777,5.999963352047726,0.4848224303583056,0.8614146618805775,0.1868884104578043,16.442781689651873,2.3549480852102382,0.0522872141541514,1.0223146826768168,0.0,0.0,280.47694175655494,0.0,7.168080745665959,cal_final_2008-09-30
02027000,hbv_lite_cma,evaluation,0.504573,0.729257,0.090919,-0.0672,0.400494,13,explicit_euler_dt1,hbv,success,,30.21,0.5851,-1.800000007997435,0.6454006184655732,0.0853675559273543,0.0527958078363268,176.24359890532867,5.9999998774109535,0.3447992607616201,0.9787751849170002,0.4999999997710382,133.43775031573088,7.122515243380702,0.0570325935421039,1.001033543097856,0.0,0.0,150.10445697637402,0.0,10.320382107583608,cal_final_2008-09-30
02027500,hbv_lite_cma,evaluation,0.506113,0.567723,-0.083278,-0.235104,0.858933,13,explicit_euler_dt1,hbv,success,,31.69,0.5864,-1.8100057994198755,0.5393780242617638,0.0025092350555805,5.834335597253919e-09,364.9674407074812,5.9999796613269645,0.358346293047122,0.9899994686031484,0.4565231590939114,15.334437889469475,8.880841469571891,0.1096952184549973,1.960731283872576,0.0,0.0,301.19128203238205,0.0,5.7983118470663335,cal_final_2008-09-30
02028500,hbv_lite_cma,evaluation,0.56032,0.558096,0.346633,-0.037679,3.094467,13,explicit_euler_dt1,hbv,success,,30.63,0.544,-0.9099059585545664,0.8646014629962433,0.0342731422985191,0.0718464447421839,518.1621972040297,5.992158041551093,0.4650218600039377,0.9899957539653508,0.3502489802126977,29.451091604613115,7.41296970774233,0.0508042608430938,1.9925769582471653,0.0,0.0,461.3108276211228,0.0,27.102440090360687,cal_final_2008-09-30
02038850,hbv_lite_cma,evaluation,0.473611,0.495465,0.164449,-0.229058,2.886131,13,explicit_euler_dt1,hbv,success,,32.3,0.5968,0.2931172683304051,2.480827497610273,0.0380449996766193,0.1998602272264982,336.9013954431614,2.4854932674987893,0.6291887530734319,0.9897778327761672,0.4999818887474501,17.919826301774155,8.744627944270993,0.0002202910799229,1.022111016329698,0.0,0.0,251.78900242640512,0.0,3153.704828294316,cal_final_2008-09-30
02046000,hbv_lite_cma,evaluation,0.316551,0.391038,0.528465,-0.073262,26.804108,13,explicit_euler_dt1,hbv,success,,31.5,0.7558,0.4002330752509646,9.346210385525564,0.0616520297307031,4.681478027711616e-06,302.5152917939536,5.998023452568891,0.2017578725644183,0.8506175383030165,0.3340348082355365,30.70944966620141,4.806727873527013,0.0002032056817485,1.873026386911837,0.0,0.0,284.5298430966356,0.0,2992.8098413791686,cal_final_2008-09-30
02051500,hbv_lite_cma,evaluation,0.717271,0.618615,0.292232,-0.078125,6.18151,13,explicit_euler_dt1,hbv,success,,31.87,0.704,-1.7913594392642105,14.593419778894884,0.0146285076419775,0.185196025173125,520.9489120626135,5.975231679249623,0.6431874977549799,0.3221398173440483,0.284828116322988,37.73879166392709,3.54801253381842,0.0001529068209264,1.002572947558132,0.0,0.0,465.6631490912674,0.0,3000.291296358925,cal_final_2008-09-30
02053200,hbv_lite_cma,evaluation,0.780648,0.703023,0.216234,-0.133795,26.539842,13,explicit_euler_dt1,hbv,success,,50.34,0.7374,-0.1733686150379023,6.582500470506062,0.0505734608385836,0.1999550774817405,375.24948521179925,5.99996915192047,0.5811654710536065,0.1415983848561657,0.0929060753963558,21.654325268171743,1.7912476126673826,0.0001000004445542,3.428609533755268,0.0,0.0,323.9950364696596,1.7190746733401578,2961.6110736664605,cal_final_2008-09-30
02053800,hbv_lite_cma,evaluation,0.5407,0.585645,0.27025,-0.226706,3.622065,13,explicit_euler_dt1,hbv,success,,31.85,0.5845,-1.1600025680379005,2.3031819011632515,0.059197136839619,0.1999968968161959,199.75537771728509,1.31426599018989,0.2000073438343827,0.2066203566170828,0.4999999859410571,141.71007058813217,9.007704867615407,0.0002465128199384,1.3901101975367745,0.0,0.0,98.38304555362711,0.0,3474.7559563004856,cal_final_2008-09-30
02055100,hbv_lite_cma,evaluation,0.378809,0.416823,0.502545,0.116864,1.655189,13,explicit_euler_dt1,hbv,success,,32.04,0.4774,-0.7500069831278189,2.179993939638199,0.0581917902488035,0.1999992215355434,751.4795073952091,5.999994421934425,0.2985635190871069,0.9899982822450224,0.2030038570471001,1.2453376993096795e-05,11.589256343263624,0.0509081216527121,1.7920310626785942,0.0,0.0,620.4118465838186,0.0,14.13633936169802,cal_final_2008-09-30
02056900,hbv_lite_cma,evaluation,0.524278,0.556665,0.346445,-0.115495,3.367195,13,explicit_euler_dt1,hbv,success,,32.02,0.5796,-0.198755517611854,2.292303550842174,0.0623410686006039,0.1999980563709384,221.86649800759292,1.1498700487638798,0.2000010162877197,0.2915875298347896,0.483142168354398,63.04051368053833,8.575014864883265,0.0002812677059256,1.561735933086068,0.0,0.0,118.67751627501568,0.0,3355.9196009717,cal_final_2008-09-30
02059500,hbv_lite_cma,evaluation,0.511818,0.587556,0.221035,-0.142517,2.553383,13,explicit_euler_dt1,hbv,success,,31.77,0.5328,-0.1100103245880381,3.182345127398995,0.0292085697899948,0.199957580247354,399.1919111733991,3.295412251787176,0.2440237186873185,0.535942550392022,0.474751379430284,196.61937220104195,5.581598491531783,0.0002660950263365,1.9883924998669067,0.0,0.0,266.0679244570671,0.0,2411.8097562733187,cal_final_2008-09-30
02064000,hbv_lite_cma,evaluation,0.598737,0.556303,0.136531,-0.145736,2.332314,13,explicit_euler_dt1,hbv,success,,31.95,0.7271,-0.7694255594035557,2.163969135743176,0.0282500914748414,0.1941668413620126,421.1467397541802,2.905107325730255,0.6353596211386314,0.8567963000911796,0.264915714640861,13.34115669575403,4.871485059458719,0.0002226413278292,1.879646352254301,0.0,0.0,300.56169649803263,0.0,2784.4351039768285,cal_final_2008-09-30
02065500,hbv_lite_cma,evaluation,0.54506,0.534706,0.122422,-0.202003,1.954222,13,explicit_euler_dt1,hbv,success,,35.16,0.5974,1.1545349246384111,11.454629330019973,0.0489487141397616,1.17443033369521e-05,417.2963396178735,2.608658738960347,0.5978400350247928,0.826742712757366,0.1380837576437299,28.37415282085181,3.768837356122378,0.0002037578533649,1.0966931282285646,0.0,0.0,289.0094530978908,0.0,3048.3110321111526,cal_final_2008-09-30
02069700,hbv_lite_cma,evaluation,0.494431,0.655947,0.210856,-0.14472,1.770838,13,explicit_euler_dt1,hbv,success,,32.73,0.5622,-0.1457092875299723,6.584660653134824,0.0391609980282513,0.0032518686276364,252.5930785383297,1.0617936479535282,0.200774435120343,0.9223801107686932,0.1588579484507639,31.787723231992103,5.263971189973712,0.0003996245154569,1.327371031261924,0.0,0.0,128.83373523549736,0.0,2920.885117301375,cal_final_2008-09-30
02070000,hbv_lite_cma,evaluation,0.398443,0.533927,0.398218,0.019133,1.828574,13,explicit_euler_dt1,hbv,success,,33.03,0.5171,-0.4568775856082401,7.997862166145417,0.0751342233638925,0.1647222653645905,268.551277612331,1.000035827889754,0.2000128192687831,0.9898024873684358,0.4857996127677146,18.9518968818695,7.474365229911517,0.0005264113954756,1.0002307330019993,0.0,0.0,128.36840158232908,0.0,2195.798515111533,cal_final_2008-09-30
02074500,hbv_lite_cma,evaluation,0.635729,0.543245,0.387585,-0.001176,2.229854,13,explicit_euler_dt1,hbv,success,,32.6,0.5277,-0.5799508205882331,2.3825637161445714,0.0982192994452213,0.1276954719800443,449.43178122707553,3.2786849278159127,0.6337999317789086,0.7338459983646491,0.493246498455959,3.887680067254657e-05,8.115911593018748,0.000294404916648,1.8817757660897705,0.0,0.0,368.7870899452439,0.0,2812.0151584789373,cal_final_2008-09-30
02077200,hbv_lite_cma,evaluation,0.426862,0.458587,0.201478,-0.111037,28.785205,13,explicit_euler_dt1,hbv,success,,32.13,0.6617,-2.313516315509781,6.209939121732208,0.0281696479262925,0.1553949662550017,413.0426583455004,4.246426044049104,0.6714769035313939,0.989944517250118,0.1699847255812903,11.33857872801627,2.65600463739349,0.000112961170521,1.1596400222216587,0.0,0.0,376.8309376723332,2.6200214725686743,2901.502554351282,cal_final_2008-09-30
02081500,hbv_lite_cma,evaluation,0.725775,0.65911,0.167486,-0.173484,29.581985,13,explicit_euler_dt1,hbv,success,,32.86,0.6975,-2.220006174165312,11.954150804395171,0.0364820583985086,0.0323890040022934,393.4059024220379,5.999999922829671,0.3936362873070689,0.7072473767256746,0.4999999997584622,174.1566272734932,4.306303511736395,0.0001000000024356,1.2497801086684102,0.0,0.0,376.3435812163668,0.0,3103.4651300487994,cal_final_2008-09-30
02082950,hbv_lite_cma,evaluation,0.65304,0.529533,0.218818,-0.148959,8.756107,13,explicit_euler_dt1,hbv,success,,35.63,0.5934,0.4708762335772523,11.489201878355187,0.0597320641196168,1.318193162472973e-05,436.35520455322745,4.018902037040213,0.6301639148545779,0.1214596012262744,0.2045816118619481,73.02997733891036,3.272525083006101,0.0001265637517822,1.6185772402097207,0.0,0.0,369.42753222085054,0.0,3170.6175649732554,cal_final_2008-09-30
02092500,hbv_lite_cma,evaluation,0.65897,0.598913,0.317338,0.039686,14.020191,13,explicit_euler_dt1,hbv,success,,50.15,0.8928,0.4523352472481745,14.917202503444072,0.0652271892150622,0.191980100899534,502.4986737941607,5.999994657674335,0.4645783252857563,0.5540753062421928,0.0986672233162274,35.18724882490481,1.92981934384364,0.0001000006048918,3.573306570394346,0.0,0.0,469.8494394742723,20.20106890298988,3414.8437115853426,cal_final_2008-09-30
02096846,hbv_lite_cma,evaluation,0.596528,0.667945,0.151654,-0.222706,48.651519,13,explicit_euler_dt1,hbv,success,,32.79,0.5434,-1.87066299967634,13.42466156813609,0.0386145907962847,0.0982916982963653,604.7442603239118,5.9981669088205765,0.6542451849944549,0.989999406394394,0.4999999986653834,9.189289501873658,6.598152809706824,0.0001000000022439,1.9987211940094052,0.0,0.0,569.1502088006457,0.0,3551.890609628003,cal_final_2008-09-30
02102908,hbv_lite_cma,evaluation,0.376624,0.653474,0.114603,-0.152563,0.986738,13,explicit_euler_dt1,hbv,success,,29.4,0.5191,-2.4866751488285783,10.419726948229371,0.0190710669266861,0.1012738993740587,564.8861480889389,1.000000000071875,0.5069200555315022,0.9899999996168528,0.2353499180228452,25.156396757158195,6.0483481941274535,0.0006404884517043,1.3650466860997483,0.0,0.0,332.1647892064136,0.0,1980.801250932609,cal_final_2008-09-30
02108000,hbv_lite_cma,evaluation,0.755461,0.730108,0.219435,0.055286,6.027489,13,explicit_euler_dt1,hbv,success,,42.19,0.7256,1.991137524539745,14.730195839396396,0.00972288491411,0.0181877763829425,505.7051140819648,5.999928321986152,0.2007437910451916,0.6840345198303351,0.1198788786397297,174.7510783602613,1.895916721132461,0.0001062775937341,2.00565920734797,0.0,0.0,483.94174648634805,21.36644154926297,3216.8309282193145,cal_final_2008-09-30
02111180,hbv_lite_cma,evaluation,0.594326,0.498865,0.30468,-0.0688,1.252672,13,explicit_euler_dt1,hbv,success,,32.32,0.5387,-1.00403298677337,5.318918988900695,0.0720353279632084,0.0660787312998175,1678.933251703533,5.9999858754672335,0.2192160588774439,0.989999808744309,0.4049371759114927,28.852590730061845,11.302963443703376,0.0460793250688153,1.0212538943470588,0.0,0.0,1552.29320433387,0.0,53.104552959591416,cal_final_2008-09-30
02111500,hbv_lite_cma,evaluation,0.244816,0.496716,0.318173,-0.003434,1.557529,13,explicit_euler_dt1,hbv,success,,34.02,0.4248,-0.560834421149186,6.407000941084146,0.0448995066574502,0.1521313934043122,1308.8833350605707,5.978257627200037,0.8114763726556866,0.5437718952523805,0.1281693325159986,30.52554638285303,4.581538678801579,0.000502070249372,1.1730519832201358,0.0,0.0,1177.1407866849734,0.0,2384.0891038762256,cal_final_2008-09-30
02112120,hbv_lite_cma,evaluation,0.411173,0.608464,0.188962,-0.09461,1.399221,13,explicit_euler_dt1,hbv,success,,35.29,0.4614,-0.2322651528002617,10.565966574365069,0.005877436539657,0.1190295337981872,309.1996328420026,1.252186885978182,0.2006438111523177,0.920381235663793,0.1143770342566394,45.35771992676606,4.787792597447536,0.0002775012280781,1.661027921646836,0.0,0.0,212.52008277333636,5.007738423230449,3752.040370799729,cal_final_2008-09-30
02112360,hbv_lite_cma,evaluation,0.12381,0.544907,0.247418,-0.046525,1.287448,13,explicit_euler_dt1,hbv,success,,34.8,0.4591,0.0485030531121766,8.031407360962707,0.0266667950427961,0.1525601827586521,365.8696531001832,1.1904639349588264,0.3034910560255777,0.7047981224886186,0.1422008747361521,29.313791718894823,5.578946927974394,0.0004585708850851,1.9859663313169265,0.0,0.0,221.10134571523605,0.0,2869.909929092717,cal_final_2008-09-30
02118500,hbv_lite_cma,evaluation,0.559208,0.652021,0.226347,-0.159424,2.300793,13,explicit_euler_dt1,hbv,success,,34.89,0.6196,-0.2098698142358297,2.848404545714276,0.0584020660143569,0.127045044125481,370.6797295983388,1.0013357390754032,0.2001829395990545,0.9899980082388864,0.1697676345750031,15.553722325741315,4.004167091345714,0.0003298245339983,1.6787022532483094,0.0,0.0,184.6542841771163,0.0,2688.43238314182,cal_final_2008-09-30
02125000,hbv_lite_cma,evaluation,0.413674,0.579226,0.030765,-0.219566,62.20191,13,explicit_euler_dt1,hbv,success,,34.6,0.5945,-2.076283982570394,1.0786917691213458,0.0122979327914547,0.192702526516177,484.3159132366709,5.999999961084814,0.8053271447699002,0.9899999999836736,0.4999999981766706,3.361928452843688,4.179459960818942,0.0001000000000095,1.0329285372652397,0.0,0.0,451.430094102938,0.0,2787.099526980318,cal_final_2008-09-30
02128000,hbv_lite_cma,evaluation,0.523231,0.530649,0.164424,-0.144099,7.122522,13,explicit_euler_dt1,hbv,success,,34.7,0.6165,-0.549958547323421,14.964198791986192,0.0998006747508805,0.0446772693545773,262.77671283507664,1.9581962800179964,0.4177945277167864,0.989998141517182,0.3407322228036369,7.189577779121717,3.795818873256668,0.000180196819861,1.0018461741011393,0.0,0.0,201.2585538512785,0.3952035278247263,2646.6189013606795,cal_final_2008-09-30
02137727,hbv_lite_cma,evaluation,0.650407,0.703836,0.234592,-0.020837,1.007149,13,explicit_euler_dt1,hbv,success,,33.45,0.6889,0.7307875153349039,0.5004202876766274,5.53945755114678e-05,0.106501548518837,1919.940938710176,3.266099543864911,0.2976201566707335,0.9899999323568014,0.4999995762573912,1.1996742191107406e-05,11.842579400402432,0.0479877481625666,1.6940871764917291,0.0,0.0,1562.7209726452118,0.0,39.58377764613044,cal_final_2008-09-30
02140991,hbv_lite_cma,evaluation,0.646894,0.613958,0.295742,0.013653,1.088499,13,explicit_euler_dt1,hbv,success,,33.0,0.7296,-1.1096327145603169,3.788111433988302,0.0034994539959018,0.0846102614860732,455.4629123781965,5.999954684255612,0.2977636470522219,0.9899799180725232,0.3395722254918058,24.06675812336157,7.319650787453666,0.0157254491894664,1.0002104326748222,0.0,0.0,432.8914988969158,0.0,117.59607235261944,cal_final_2008-09-30
02143000,hbv_lite_cma,evaluation,0.546422,0.70006,0.12534,-0.121785,1.376288,13,explicit_euler_dt1,hbv,success,,33.0,0.6694,-0.8093531743712001,3.9322532272798982,0.0639945914898694,0.1850272640043197,459.1424314031949,3.0456666642675363,0.6662820564213128,0.9899999239713708,0.2852444432226372,13.904453278203173,5.4011896527051775,0.0005332887650173,1.17471213587713,0.0,0.0,341.56444736386334,0.0,1993.824439719394,cal_final_2008-09-30
02143040,hbv_lite_cma,evaluation,0.483343,0.711607,0.13379,0.002443,0.308939,13,explicit_euler_dt1,hbv,success,,28.39,0.7263,-2.4811306659722603,5.77602814107984,0.0742278522943264,0.0437355900242092,569.7874209172411,5.999986911764819,0.8174207149859705,0.9899999994034656,0.499999999243873,1.320487058073611e-06,10.735717397230909,0.0750854182810312,1.992272702390729,0.0,0.0,501.7245096569668,0.0,17.203323928154987,cal_final_2008-09-30
02149000,hbv_lite_cma,evaluation,0.511911,0.698018,0.16626,0.031355,0.548178,13,explicit_euler_dt1,hbv,success,,31.81,0.6954,-0.93981959602252,7.375122255190366,0.0094927873857091,0.1599826831216411,1514.6190255700928,3.8369684907530135,0.2898200163762439,0.7704101988068666,0.4976507542191223,4.71775427865261e-10,9.573045784847322,0.058853448323565,1.8336304172394848,0.0,0.0,1174.8750903451855,0.0,21.078154983509165,cal_final_2008-09-30
02152100,hbv_lite_cma,evaluation,0.112099,0.424179,0.426196,0.146334,1.654424,13,explicit_euler_dt1,hbv,success,,32.48,0.5912,-1.1692181608672678,12.27459799472924,0.0008121384068692,0.1529437124523735,304.3816475352347,4.268803172606612,0.3108445414213314,0.8161660322085146,0.3766933553813453,18.886604250577133,5.877501193676011,0.0006555044891742,1.2987822734163106,0.0,0.0,256.3132808702208,0.0,1711.486391616737,cal_final_2008-09-30
02177000,hbv_lite_cma,evaluation,0.634091,0.735113,0.226475,0.011024,0.851927,13,explicit_euler_dt1,hbv,success,,32.05,0.7212,-1.0266981655279093,12.864977471858689,0.0399572550580026,0.0648825166736699,2202.4168191369467,5.651740454305873,0.7865956585585709,0.9899999401699036,0.1230972990684361,50.52704621061564,8.950888441499327,0.0275630720276587,1.1388784797154756,0.0,0.0,1976.9570196156296,0.0,53.81998443776765,cal_final_2008-09-30
02178400,hbv_lite_cma,evaluation,0.478116,0.530425,0.338,-0.034263,1.438931,13,explicit_euler_dt1,hbv,success,,32.21,0.4986,-1.3805575417251903,0.6763330891933149,0.0985427637695408,0.1693173196042056,2499.99918890443,1.71414031753805,0.2999773841951672,0.9899962217939624,0.2937409404780808,61.11350405917575,18.26121484218869,0.0275053069611657,1.2332885594757954,0.0,0.0,1961.7641738779027,0.0,70.73069067945633,cal_final_2008-09-30
02193340,hbv_lite_cma,evaluation,0.57743,0.659627,0.084425,-0.207499,4.092398,13,explicit_euler_dt1,hbv,success,,33.84,0.6764,-2.4387505532024467,8.334647669059596,0.0571413504944438,0.0846700011422115,333.603913021634,1.973547939458654,0.4314346544054996,0.9899999843587992,0.4999999281495495,1.621616543577958e-07,8.440500665561792,0.0001259758411681,1.9907259519777325,0.0,0.0,164.98350703680137,0.0,2830.5365857770257,cal_final_2008-09-30
02196000,hbv_lite_cma,evaluation,0.765675,0.677908,0.150322,-0.221658,15.648166,13,explicit_euler_dt1,hbv,success,,32.8,0.7058,-1.430516899071432,9.090576186479831,0.0622777172679181,0.1628494469694302,485.25035215008455,4.3072166587656255,0.7123305626688472,0.4545316445407051,0.1540288180588219,13.151423829851188,4.2670521197857365,0.0001000000003309,1.1347011573624626,0.0,0.0,317.53288422211915,0.0,3075.1546167359948,cal_final_2008-09-30
02198100,hbv_lite_cma,evaluation,0.455853,0.448778,-0.055734,-0.400326,4.621056,13,explicit_euler_dt1,hbv,success,,30.53,0.5868,-2.229906065601712,13.29709987612763,0.0259246369788776,0.0426112938208421,557.1938920002242,5.999999518963251,0.7328685859416881,0.989999999563347,0.207508645311279,35.42789613891909,4.538015706472961,0.0001301734168772,1.0209879876845842,0.0,0.0,459.1921526991137,0.0,2935.8239919778025,cal_final_2008-09-30
02202600,hbv_lite_cma,evaluation,0.638037,0.725605,0.029038,-0.279928,96.049249,13,explicit_euler_dt1,hbv,success,,43.29,0.8384,-1.385683868302482,13.984259372740524,0.0832369322569797,0.0664209126208194,499.1705689253757,5.999999999951241,0.2267477775695787,0.5825882417089042,0.1186254165559166,43.14744305710369,2.666360889249834,0.0001,3.098893991037696,0.0,0.0,388.0624779683147,0.0,2399.0253159645085,cal_final_2008-09-30
02212600,hbv_lite_cma,evaluation,0.692309,0.721877,-0.011252,-0.306968,8.892895,13,explicit_euler_dt1,hbv,success,,29.67,0.6511,1.331938373191512,13.467435537014582,0.0392525397030574,0.1365925670622156,419.8782983155169,3.18354958578448,0.7881928911787022,0.7929973200662496,0.4848059369305631,10.20293079085904,7.263410138927956,0.0001000382124169,1.643148609057543,0.0,0.0,292.35551578268075,0.0,3483.594052881888,cal_final_2008-09-30
02215100,hbv_lite_cma,evaluation,0.639964,0.728707,0.014964,-0.246929,5.248168,13,explicit_euler_dt1,hbv,success,,29.32,0.833,-0.4458056786521451,13.86827507473084,0.0357848847327501,0.0700279039633366,606.1866257943824,5.704238438117861,0.7351517065414424,0.7952456514106269,0.1250925724035481,45.86422665661992,2.6583799435694764,0.0001332747621316,1.6413992722168689,0.0,0.0,447.0875872201719,0.0,2613.2163065889526,cal_final_2008-09-30
02216180,hbv_lite_cma,evaluation,0.609293,0.495024,-0.169013,-0.392213,,13,explicit_euler_dt1,hbv,success,,29.44,0.6565,0.8396073518917442,0.5000095433157491,0.0576787819643957,0.0828461739670064,575.9453376876716,5.038940934174796,0.6031225538193083,0.6766759502933893,0.2066916986937743,90.6642622072764,2.9239850787021417,0.0001000000019362,1.527495621705985,0.0,0.0,412.55947055639376,0.0,2592.050754243716,cal_final_2008-09-30
02221525,hbv_lite_cma,evaluation,0.731667,0.672233,0.033828,-0.307068,3.578978,13,explicit_euler_dt1,hbv,success,,31.41,0.4913,-0.7983499121582769,14.164399495500046,0.0823504756602737,0.1772759758283853,259.6159450200595,1.5989357183297508,0.34827291179054,0.0648251546693529,0.3146136034345448,36.98521116876991,7.746709867380955,0.0001345997550181,1.2223810446476782,0.0,0.0,117.06135324026155,0.0,3607.7405552605137,cal_final_2008-09-30
02231000,hbv_lite_cma,evaluation,0.808211,0.708737,0.221061,-0.115675,7.746398,13,explicit_euler_dt1,hbv,success,,43.4,0.9078,-0.6478755464602106,12.068468258168055,0.0278311338704962,0.0001746934897219,723.8252533985407,5.999999999994154,0.260904222321915,0.1969809408939328,0.0521601348812895,51.89014998043113,2.029689681720747,0.0001000000000001,3.507372527380337,0.0,0.0,650.5288183735786,0.0,3106.8237906482605,cal_final_2008-09-30
02245500,hbv_lite_cma,evaluation,0.507794,0.54013,0.100162,-0.234025,2.768615,13,explicit_euler_dt1,hbv,success,,29.58,0.743,-0.4278465939255,11.345793498507268,0.0356667519794014,0.1717760353940362,1360.1143826360842,5.999999999998875,0.3763295681220545,0.4609239404296757,0.100326337871498,46.24238095784858,2.621253912999764,0.0001,1.338970510424332,0.0,0.0,1259.4876375991612,0.0,3246.033001792094,cal_final_2008-09-30
02246000,hbv_lite_cma,evaluation,0.735268,0.685458,0.071215,-0.186406,3.311736,13,explicit_euler_dt1,hbv,success,,32.42,0.7599,1.3582825823160456,13.74810811247719,0.0410911825116666,0.1651054658921741,718.1509964689275,5.99998967592475,0.7046972401465701,0.3031178023325975,0.087620034126483,42.53334434130511,2.345313522623913,0.0001000000041826,1.187624395583712,0.0,0.0,654.1889278366447,0.0,3249.3077341826183,cal_final_2008-09-30
02296500,hbv_lite_cma,evaluation,0.631476,0.440107,0.538183,0.126063,14.524428,13,explicit_euler_dt1,hbv,success,,54.78,0.9008,-1.2667810587014627,14.48730825574226,0.0006723212214155,0.1959475904686538,745.3258378120073,5.999999948994634,0.6847906198656946,0.1200612192743337,0.0819330656871516,47.106166564114616,1.834106768102626,0.0001000000000077,4.194295720165265,0.0,0.0,681.78161311587,8.224201956322355,2219.759777622035,cal_final_2008-09-30
02297155,hbv_lite_cma,evaluation,0.382568,0.441953,0.175778,-0.392922,44.657258,13,explicit_euler_dt1,hbv,success,,29.81,0.6053,-0.6268260456725616,9.83687826398726,0.0495406081650612,0.0735603633126689,512.3817214391852,1.5014696483993937,0.2553160824338948,0.6187415477941899,0.0963737807428233,57.767461142116346,4.840785930516447,0.0001000000000013,1.00207917890968,0.0,0.0,368.19046454993753,0.0,4717.052177757695,cal_final_2008-09-30
02297310,hbv_lite_cma,evaluation,0.725077,0.727886,0.191119,-0.10968,14.354867,13,explicit_euler_dt1,hbv,success,,46.74,0.7813,-2.3995030561292325,0.5563055455337697,0.0973578243531952,0.0155874303521756,371.5312277129001,5.999999409195761,0.2003584100695224,0.3916787838826722,0.1104274932507163,57.78505444008981,2.2977825901941937,0.0001000000007362,3.312095640871862,0.0,0.0,330.3888335361612,0.0,2669.6552939327958,cal_final_2008-09-30
02298123,hbv_lite_cma,evaluation,0.510724,0.358497,0.608228,0.05696,4.444978,13,explicit_euler_dt1,hbv,success,,44.11,0.7312,-2.380081168790009,8.225289309735757,0.060211214106102,0.0529264335656582,1209.0043701053446,5.596927447208479,0.717007748356054,0.3493956860053909,0.1372280422558759,184.8140946253538,22.91093724530096,0.1065535999778791,3.622104794296287,0.0,0.0,1103.513453383047,0.0,22.231838309994917,cal_final_2008-09-30
02298608,hbv_lite_cma,evaluation,0.669008,0.75259,-0.086543,-0.240916,4.389342,13,explicit_euler_dt1,hbv,success,,37.51,0.7748,-0.89596069405304,13.637936732152689,0.0322970143157311,0.158069613575139,382.4651860604383,5.999999994963399,0.8723165016501386,0.9899999999983874,0.2048298893804149,40.51662042876623,2.336663132333868,0.0001000000000798,3.126217538758456,0.0,0.0,335.7870421854642,0.0,2746.8002921892635,cal_final_2008-09-30
02299950,hbv_lite_cma,evaluation,0.544852,0.697855,0.026852,-0.306724,7.809734,13,explicit_euler_dt1,hbv,success,,30.34,0.7772,-0.3253339985303793,2.4878906336808337,0.0013151179533011,0.0715722367250007,421.8076126400848,5.868204124826814,0.4523259736645019,0.9899999999899842,0.2754250671032879,55.43304214294008,5.686250767944703,0.000136036483099,1.1498763806203078,0.0,0.0,376.3925035471887,0.0,3895.357186746901,cal_final_2008-09-30
02300700,hbv_lite_cma,evaluation,0.632056,0.61053,0.019364,-0.262525,2.788104,13,explicit_euler_dt1,hbv,success,,30.36,0.5893,-1.1938106178947443,12.48890966875294,0.0202366057852073,0.0539989388146918,354.7616023532067,3.759223991348248,0.7566997650596117,0.6397857488078406,0.4073130611666185,40.53074419527936,2.881193155446716,0.0003101211252391,1.0076293986177265,0.0,0.0,276.3857127066059,0.0,2096.509136347119,cal_final_2008-09-30
02342933,hbv_lite_cma,evaluation,0.75667,0.760861,0.132395,-0.155733,16.940112,13,explicit_euler_dt1,hbv,success,,30.18,0.6621,-0.3398505754376875,9.24752037965266,0.0305856374115171,0.0422314272472227,841.055077388965,5.079286771011822,0.7517653569654994,0.98999999971552,0.4517958472771976,10.46247968497092,5.741862291299553,0.0001139422450181,1.0089638453839462,0.0,0.0,728.8966101355285,0.0,3432.75516450404,cal_final_2008-09-30
02349900,hbv_lite_cma,evaluation,0.624579,0.735699,0.008698,-0.321991,5.47571,13,explicit_euler_dt1,hbv,success,,29.4,0.7779,-0.7798367722416581,6.053079922055138,0.0187622415130355,0.1054832859445966,311.20444194879417,1.4314184003583614,0.3789634646467463,0.7285631548772643,0.1734388136523717,24.51579742476932,4.233957329098345,0.0001262185890018,1.3070160910896418,0.0,0.0,127.89869454821668,0.0,3152.5359828271176,cal_final_2008-09-30
02350900,hbv_lite_cma,evaluation,0.767814,0.838821,0.114308,-0.144522,2.620403,13,explicit_euler_dt1,hbv,success,,41.64,0.7141,1.8490754188239384,10.796731885464338,0.0165002879594203,0.1761519704927946,392.2372569587285,1.0000038149582913,0.331475674953232,0.9899899693004496,0.0769829084676841,84.81767603086803,3.377488556744201,0.0001667326652626,2.754916107078457,0.0,0.0,168.58835010918102,0.0,3608.110958453845,cal_final_2008-09-30
02361000,hbv_lite_cma,evaluation,0.625273,0.550578,0.048048,-0.13723,2.20364,13,explicit_euler_dt1,hbv,success,,34.57,0.66,1.5726110132796425,13.764376500023223,0.0089238914580176,0.1919379360699912,331.0227131133552,1.5373555842670892,0.3809077983234271,0.1138166826039848,0.0931000973117328,35.48071128740201,3.0524505362506917,0.0001664658012098,1.2090084553914096,0.0,0.0,207.5583679929547,0.0,3507.287221525744,cal_final_2008-09-30
02363000,hbv_lite_cma,evaluation,0.713715,0.840829,0.054272,-0.138306,7.047766,13,explicit_euler_dt1,hbv,success,,46.47,0.7862,-2.481052722183179,2.238508897332075,0.006736879471774,0.0857840492680992,536.2989940838495,3.147341729316108,0.6286450250084044,0.9550362024057564,0.1345361374861614,45.96108850450388,3.700584697165246,0.0001257600637937,3.652442344130746,0.0,0.0,425.9234197309378,0.0,3740.59811468901,cal_final_2008-09-30
02369800,hbv_lite_cma,evaluation,0.81631,0.777743,0.169815,-0.117186,1.731058,13,explicit_euler_dt1,hbv,success,,33.5,0.6259,-0.8282116788669098,14.722724992698456,0.0308771009641155,0.130651209600362,1314.4777874701642,4.728445645687604,0.7671910873424035,0.9405500945434156,0.0925859873633675,67.97836042067044,3.552950918255138,0.000214719418476,1.885767785348743,0.0,0.0,1130.0190928267036,0.0,4115.767387677033,cal_final_2008-09-30
02371500,hbv_lite_cma,evaluation,0.788441,0.867233,0.082614,-0.072248,2.849557,13,explicit_euler_dt1,hbv,success,,50.85,0.7982,0.878299692151332,9.152766329270635,0.0484429668140302,0.0102838703670136,425.1802242549479,3.3967049102896123,0.548218623700822,0.8921433617769474,0.1042439163733936,78.52527500392506,2.2596131513108886,0.0001000000905001,3.983466673401954,0.0,0.0,332.63245463013334,0.0,3241.7076088449057,cal_final_2008-09-30
02372250,hbv_lite_cma,evaluation,0.720135,0.759301,0.080215,-0.069597,2.162343,13,explicit_euler_dt1,hbv,success,,44.98,0.7399,2.409884856701007,0.7367441833203555,0.049317096484801,0.0291586888391101,543.1010078192592,3.747161920681065,0.6340214141937502,0.989999960723182,0.1340984245425316,69.04238616374383,2.396127043657033,0.0001011459222392,3.3214712553109225,0.0,0.0,441.1812460846028,0.0,3316.7579845196456,cal_final_2008-09-30
02374500,hbv_lite_cma,evaluation,0.550481,0.523743,0.386095,0.166321,1.329401,13,explicit_euler_dt1,hbv,success,,30.14,0.6813,1.890746465872024,11.706590324014874,0.0424358671760754,0.00739328818718,452.3955199019196,1.7164291072741218,0.486989960272381,0.9541587709321084,0.1124541379055927,85.71523822492153,3.2866107893741776,0.0002758939079171,1.325947471397407,0.0,0.0,286.32158744262046,0.0,3557.2095550080835,cal_final_2008-09-30
02381600,hbv_lite_cma,evaluation,0.528791,0.458752,-0.332427,-0.397766,-0.327444,13,explicit_euler_dt1,hbv,success,,29.53,0.4335,-1.239670811002791,14.820286296040228,0.0835766093691013,0.0058082813038912,251.3099005107632,5.999999538217566,0.2831485018128959,0.98999999811157,0.4999998109796168,2.1783065484202918e-07,12.395772366566405,0.1158844710760339,1.034575030854444,0.0,0.0,191.05003815758985,0.0,0.9868089379092384,cal_final_2008-09-30
02384540,hbv_lite_cma,evaluation,0.573898,0.668968,0.09551,-0.218777,5.890915,13,explicit_euler_dt1,hbv,success,,29.49,0.6061,-1.7903489076325858,0.5000212005380729,0.0949697849561092,0.1536569565895338,235.7672384893796,4.747938726096029,0.3775399768689351,0.7015463725231582,0.4999999863159099,197.35943258071208,6.630443569867137,0.0003716527873825,1.177834621726387,0.0,0.0,175.9720522924811,0.0,3269.5523881033064,cal_final_2008-09-30
02395120,hbv_lite_cma,evaluation,0.635956,0.646578,-0.101247,-0.324844,1.377121,13,explicit_euler_dt1,hbv,success,,30.06,0.5529,-1.9031615811861124,11.10129693105374,0.0628904025129437,0.0670948203845316,720.4100427085735,4.189437467253775,0.2224191011538542,0.439164962969943,0.3810464628826975,8.68982712179122,6.191757060118709,0.0001755409018083,1.357848385704721,0.0,0.0,523.5002194740551,0.0,3463.575908385303,cal_final_2008-09-30
02415000,hbv_lite_cma,evaluation,0.761605,0.800598,0.118689,-0.165276,4.269771,13,explicit_euler_dt1,hbv,success,,29.39,0.7418,-1.0199898430266168,14.748639313934842,0.0422805761184762,0.1496083422076211,457.3909689970509,2.1688556850396763,0.5928007128116615,0.912079678579106,0.2528452342526824,21.00443391489924,5.226474192240493,0.0002395530822192,1.5133508313164925,0.0,0.0,314.33302021214,0.0,3622.812657315468,cal_final_2008-09-30
02427250,hbv_lite_cma,evaluation,0.795179,0.804441,0.162587,-0.03623,3.366075,13,explicit_euler_dt1,hbv,success,,29.19,0.7388,-0.6116670347730997,5.373105046214816,0.0901522091725544,0.1716897331213525,599.9910757458637,5.658020536886144,0.757298036462621,0.8150342159770572,0.3314284948530706,39.98292796286539,4.572018602230923,0.000111531584913,1.1173799159953746,0.0,0.0,520.8403968981033,0.0,3823.3383289851554,cal_final_2008-09-30
02430085,hbv_lite_cma,evaluation,0.599572,0.788046,0.078926,-0.221428,4.042646,13,explicit_euler_dt1,hbv,success,,29.63,0.6296,-0.99558103965144,14.863469452384926,0.0960207018496309,0.0930494233261205,247.6727652005798,1.272765902990977,0.2000001493539127,0.9899999663649196,0.4999999999946939,30.31406172142101,7.177694930405256,0.0003030259857762,1.4510621779655617,0.0,0.0,95.17095070462489,0.0,3407.116327031639,cal_final_2008-09-30
02450250,hbv_lite_cma,evaluation,0.675787,0.588694,0.363496,0.004032,13.556053,13,explicit_euler_dt1,hbv,success,,29.27,0.7256,1.0603991847286882,13.300315306215754,0.084153105464111,0.0375193726823799,387.7309272150128,4.41446196109262,0.3794693896698703,0.8571184949117951,0.2792183850938277,13.996586581285731,2.5248904948284645,0.0003310102271706,1.274993775722722,0.0,0.0,278.58587931127096,0.0,2362.5770222806145,cal_final_2008-09-30
02464000,hbv_lite_cma,evaluation,0.832096,0.875534,0.059348,-0.095436,5.634792,13,explicit_euler_dt1,hbv,success,,29.17,0.7723,-0.2524952201834876,11.408445165564734,0.0717927109819077,0.0781406337987113,531.5126289396574,5.998143501334234,0.6448814646749479,0.5621480564608213,0.1215214275316034,17.68135608531758,1.815525257019112,0.0001001217776694,1.7823571697559843,0.0,0.0,410.02779115675327,0.0,2975.384968616401,cal_final_2008-09-30
02464360,hbv_lite_cma,evaluation,0.69554,0.741318,0.204272,-0.114427,2.417333,13,explicit_euler_dt1,hbv,success,,28.71,0.5556,-2.103193985208673,4.005458680441205,0.060796040186651,0.0484884171958025,371.2743798203252,2.5812765249972403,0.541605590150249,0.989999999999543,0.4999999999999864,29.755806551996837,6.427161843419747,0.000315088456403,1.350563226848559,0.0,0.0,206.17470350458385,0.0,3162.58100783633,cal_final_2008-09-30
02465493,hbv_lite_cma,evaluation,0.711988,0.646873,0.327074,0.024696,1.588217,13,explicit_euler_dt1,hbv,success,,29.8,0.5844,-0.2152038330904258,13.9967003658868,0.0011348949196939,0.1698090433119802,320.78080907987874,1.0000000001153109,0.2697298985578258,0.9899999973638186,0.1370279666122273,36.57604363588776,4.982930827703838,0.0002208673535193,1.492519086817019,0.0,0.0,117.5110814992954,0.0,3948.238185260057,cal_final_2008-09-30
02469800,hbv_lite_cma,evaluation,0.802582,0.763693,0.181872,-0.05718,4.577613,13,explicit_euler_dt1,hbv,success,,31.95,0.7922,0.2081855267078358,13.132782437146728,0.0299422527505868,0.0272887955003588,500.6326343180084,3.5704286237562237,0.6236497150165701,0.3923482568503464,0.0754278978792214,24.0557851848352,1.8739642769892564,0.0001376130884244,1.6935652916095554,0.0,0.0,382.6611197937568,0.0,2882.4647266218785,cal_final_2008-09-30
02472000,hbv_lite_cma,evaluation,0.80043,0.78768,0.088911,-0.090732,2.779295,13,explicit_euler_dt1,hbv,success,,44.54,0.8116,0.8686824443975865,6.844057766744863,0.0502631061224882,0.094732866562246,598.7224367255918,5.99996515588296,0.7546899916793843,0.6683243361836233,0.3168878818167001,40.10909331389644,3.525104920498304,0.0001198405044051,3.6873933640710383,0.0,0.0,540.1435460963784,0.0,3432.479706733125,cal_final_2008-09-30
02472500,hbv_lite_cma,evaluation,0.78063,0.703372,0.201917,-0.075628,1.48203,13,explicit_euler_dt1,hbv,success,,32.32,0.7815,-0.9397830004029504,12.960689377924869,0.0997819294542345,0.1495979644837563,472.329507035371,2.993291120733216,0.6357514883883291,0.3730571627274875,0.1825607148582091,20.799999089347157,5.742611565283566,0.0001867382890747,2.202417704026732,0.0,0.0,379.425008114706,0.0,4311.468780888765,cal_final_2008-09-30
02479155,hbv_lite_cma,evaluation,0.676085,0.589471,0.202517,-0.199821,5.570014,13,explicit_euler_dt1,hbv,success,,29.05,0.6976,-2.475605502194968,3.0964199328536064,0.0245824732677591,0.1120894027714535,1206.0821981394097,5.999868366990054,0.7163894631039764,0.9899999985874672,0.3170170876099885,25.09545824103359,4.952408497083148,0.000224688403872,1.0007804017998194,0.0,0.0,1085.5057495248727,0.0,3835.750257361231,cal_final_2008-09-30
02479300,hbv_lite_cma,evaluation,0.726951,0.670183,0.187791,-0.124681,2.254736,13,explicit_euler_dt1,hbv,success,,42.49,0.7718,-2.397101900653471,0.6118772874922247,0.0993755758573159,0.1564980886172827,417.1388055260441,1.9403992554711489,0.2174826650316215,0.1648562657790144,0.1414428578258677,30.342719430138093,3.135357431242581,0.0002453012442817,2.1202379096530946,0.0,0.0,310.46488592333606,0.0,3711.94411455221,cal_final_2008-09-30
02479560,hbv_lite_cma,evaluation,0.808678,0.756968,0.106212,-0.083949,1.913486,13,explicit_euler_dt1,hbv,success,,29.99,0.8016,0.8005067370786878,11.98805312180806,0.0815166618217005,0.0536622118149247,411.0629987821961,2.702520224369742,0.5639433259796782,0.2788067686834136,0.1457669375539818,197.6593068207516,2.5156544515174604,0.0001732056985843,1.9992004718368368,0.0,0.0,325.4786310491783,0.0,3685.66244748892,cal_final_2008-09-30
02481000,hbv_lite_cma,evaluation,0.720275,0.703029,0.254796,-0.026671,10.669335,13,explicit_euler_dt1,hbv,success,,29.91,0.7913,-2.443585017039228,4.793274227458428,0.0279666509044996,0.0153934575860384,437.725095074383,2.882305418404991,0.2025653279598319,0.9600145314246162,0.3659740164960098,23.33502174261664,2.9976793425763346,0.0002319129749313,1.1916666264914146,0.0,0.0,368.2871502883391,0.0,3082.3449853669017,cal_final_2008-09-30
02481510,hbv_lite_cma,evaluation,0.780641,0.752887,0.165171,-0.064049,3.296994,13,explicit_euler_dt1,hbv,success,,29.53,0.8147,0.4629314548373289,4.176207410105196,0.0698861833913487,0.1937649659481469,590.31403552703,5.999999997597816,0.7574946230690667,0.3077248534469224,0.1891955066819666,24.51261927610033,3.053675154095981,0.0001873513814288,1.5521934865946678,0.0,0.0,540.6915779623588,0.0,3670.8396835929175,cal_final_2008-09-30
03010655,hbv_lite_cma,evaluation,0.613479,0.623521,0.230133,-0.15161,5.501086,13,explicit_euler_dt1,hbv,success,,30.09,0.7368,-1.770025593133307,1.8208962545843048,0.0696785074386922,0.1354602509914608,389.42897277079294,5.999985336355474,0.2885115529678846,0.4503790593798955,0.1717371816353982,15.346776223830528,3.5737489312099315,0.0861865677618099,1.0321262140017606,0.0,0.0,341.1015817409393,0.0,11.35812989438382,cal_final_2008-09-30
03011800,hbv_lite_cma,evaluation,0.596878,0.690077,0.249222,0.022251,2.663726,13,explicit_euler_dt1,hbv,success,,29.95,0.7052,-1.7800001060855264,1.674978985717908,0.099999993987174,0.1160250932359637,358.89089621958004,5.999994132951897,0.5529042037925986,0.725500784308995,0.4999999945631666,113.87329914863066,8.024696975606252,0.1245222364553756,1.214787309706287,0.0,0.0,304.984230502562,0.0,4.247542973412698,cal_final_2008-09-30
03015500,hbv_lite_cma,evaluation,0.738636,0.735932,0.085311,-0.170158,1.873898,13,explicit_euler_dt1,hbv,success,,29.89,0.7578,-1.5800042948429067,2.008774368109527,0.0648944249867253,0.0231108647072733,379.1475940890374,5.999303444867249,0.2070133089084834,0.8953992195876567,0.3879131492845289,19.417816200951915,4.128073568479583,0.111933150681164,1.0006627533581374,0.0,0.0,324.3975041866601,0.0,6.012247965198359,cal_final_2008-09-30
03021350,hbv_lite_cma,evaluation,0.602931,0.718696,0.013756,-0.229912,4.26915,13,explicit_euler_dt1,hbv,success,,29.75,0.6134,-0.819999999882062,2.0708384893067286,7.715047453698925e-10,0.0705739365793958,303.55657377398666,5.999999857322985,0.3123267018138816,0.9371294579150864,0.4259307603637017,1.889283833483444e-05,4.17733928801731,0.1921283074988664,1.233641080510872,0.0,0.0,254.53765035613972,0.0,3.0277973091313064,cal_final_2008-09-30
03026500,hbv_lite_cma,evaluation,0.497494,0.520359,0.425393,0.052099,5.514004,13,explicit_euler_dt1,hbv,success,,29.68,0.7103,-1.7701015402857248,2.034099117503249,0.0159695207115945,0.0160749212144902,379.9836090806443,5.999573285560887,0.2189685180648525,0.905331554559212,0.3970721786961722,14.02777109475934,8.350375498717653,0.1155759768092107,1.384493562153021,0.0,0.0,322.26545575864475,0.0,4.711025131569875,cal_final_2008-09-30
03028000,hbv_lite_cma,evaluation,0.645929,0.683808,0.162233,-0.134643,2.297315,13,explicit_euler_dt1,hbv,success,,29.8,0.7536,-1.3998704505965671,2.9403025821443327,0.0593396967038207,2.199104680508303e-07,372.7080407966111,5.998351533648613,0.4363031933782794,0.924496491892294,0.3090614006346923,15.534274573702412,8.632460662135594,0.1199134181435613,1.0076890744017677,0.0,0.0,314.7689604943886,0.0,4.140374661092534,cal_final_2008-09-30
03049000,hbv_lite_cma,evaluation,0.587714,0.528307,0.384456,-0.079077,4.94705,13,explicit_euler_dt1,hbv,success,,29.74,0.7408,-2.3299598960900627,1.8157351153607324,0.0989365155423799,1.5305858816571946e-07,542.4042580648022,5.998949059290817,0.3031151967720704,0.9899998848714288,0.3988213837007916,17.30792936078336,5.868736175491869,0.1128040684217647,1.0126651807520954,0.0,0.0,441.4827296837735,0.0,4.149743367601386,cal_final_2008-09-30
03049800,hbv_lite_cma,evaluation,0.05161,0.188243,0.643366,-0.192943,23.170927,13,explicit_euler_dt1,hbv,success,,29.74,0.5424,-2.217770628519793,2.7428145780954507,0.0334964234014435,0.0326750148297021,408.0976338012972,5.181628528608736,0.7001751252751565,0.9888396755415249,0.4968307163802771,0.0012797252015845,6.059414089266502,0.0008130866230208,1.0277990828109382,0.0,0.0,311.337806497715,0.0,1593.221372406258,cal_final_2008-09-30
03050000,hbv_lite_cma,evaluation,0.706091,0.59841,0.344446,-0.055222,10.955388,13,explicit_euler_dt1,hbv,success,,29.63,0.6584,-2.499999931087568,2.1074316777144744,0.070350443959586,5.18077889614391e-10,413.38455662038143,5.999999047936648,0.4987337203634069,0.8702566892258063,0.2127287774603994,12.8030403193837,2.819909412998978,0.089850637857234,1.162720602591823,0.0,0.0,336.31017341327896,0.0,5.161708802919795,cal_final_2008-09-30
03069500,hbv_lite_cma,evaluation,0.758304,0.75315,0.065239,-0.132579,1.875031,13,explicit_euler_dt1,hbv,success,,29.91,0.755,-2.439999880197912,1.329818647855518,0.0300395657757876,2.3335738444358714e-09,305.1598129277135,5.999869321215336,0.2977079735112656,0.7821421657710436,0.499998601860067,9.189530072327717,5.437412911086984,0.1825631317356446,1.8808350789481303,0.0,0.0,243.3839151507256,0.0,1.96621168459154,cal_final_2008-09-30
03070500,hbv_lite_cma,evaluation,0.730914,0.756555,0.154737,-0.11442,4.701646,13,explicit_euler_dt1,hbv,success,,29.53,0.6791,-1.4599913424463593,1.79116612259413,0.0814827383934124,4.53851921776675e-08,394.65527179289,5.993775637112662,0.465963209671719,0.989999818943383,0.4826108270341281,1.0265994689182626e-05,6.58318668555207,0.1698408500138017,1.213334953181489,0.0,0.0,337.305004948298,0.0,2.10327518811774,cal_final_2008-09-30
03076600,hbv_lite_cma,evaluation,0.566836,0.666053,0.179776,-0.155336,3.17155,13,explicit_euler_dt1,hbv,success,,29.52,0.6361,-2.3999999987426444,2.0274898865973494,0.0832276440507531,2.0278125120612917e-10,413.428354062246,5.999999983220873,0.6630359933008219,0.5122225343360548,0.499799658080009,1.2817603011908216e-08,7.908348273990767,0.1344892675764473,1.0491129739262994,0.0,0.0,362.2677935450839,0.0,5.421520155084318,cal_final_2008-09-30
03078000,hbv_lite_cma,evaluation,0.546682,0.731678,0.042168,-0.151037,2.774676,13,explicit_euler_dt1,hbv,success,,29.55,0.7162,-2.02999996288787,2.280995046542178,0.0286664921782016,9.255449622205642e-12,397.5603515881385,5.999997681584414,0.5954189268621818,0.4027330419129316,0.4952906381077568,4.919418283725943e-08,6.707605822978016,0.1480334594355529,1.011689279766705,0.0,0.0,354.7641968739559,0.0,7.56772633977508,cal_final_2008-09-30
03140000,hbv_lite_cma,evaluation,0.556146,0.523773,0.392404,-0.108851,19.859103,13,explicit_euler_dt1,hbv,success,,29.89,0.7412,-2.427669863638124,2.0457256972562177,0.05038706079114,0.0004279054829058,471.0141804762555,5.990941989574696,0.3929316217251144,0.9899990989887364,0.1644809878961587,13.322362189288013,2.1936849762045254,0.000233431778978,1.6606126023360823,0.0,0.0,371.8577866686492,0.0,2577.0055208336803,cal_final_2008-09-30
03144000,hbv_lite_cma,evaluation,0.745165,0.442172,0.525673,0.058151,5.322342,13,explicit_euler_dt1,hbv,success,,29.65,0.7205,-2.499999784347892,1.564688655804838,0.0920501559057868,4.885176548533232e-09,320.3946606130743,5.999995287208351,0.4380916269723713,0.9369912066996784,0.1711809192413082,17.151480704099363,1.7060106433188291,0.0276012036021154,1.1102502990396854,0.0,0.0,222.5481573601649,0.0,11.630473074729691,cal_final_2008-09-30
03170000,hbv_lite_cma,evaluation,0.342764,0.534581,0.391485,-0.028784,2.355168,13,explicit_euler_dt1,hbv,success,,30.26,0.5766,-1.3337392509364494,9.151404221026674,0.0006782347422974,0.0479472690610145,191.7735907342474,1.1296516618413233,0.200042233708118,0.7679642130470155,0.151042488294486,31.23333853911937,5.885400570359111,0.0003273566672157,1.153867117081864,0.0,0.0,86.36306486630836,0.0,3238.287670668785,cal_final_2008-09-30
03173000,hbv_lite_cma,evaluation,0.639888,0.619956,0.197026,-0.136299,3.808057,13,explicit_euler_dt1,hbv,success,,30.72,0.736,-1.2999998526058278,3.994927508318025,0.0452666022030158,5.6431701126447374e-08,214.7963883408497,2.344144952457131,0.2132677605999251,0.4403080806963214,0.1284387235026053,18.5095801846938,1.7247224071301068,0.0002177046483817,1.1476716836093883,0.0,0.0,137.606369954813,0.0,2441.5122529841906,cal_final_2008-09-30
03180500,hbv_lite_cma,evaluation,0.598822,0.539418,0.36093,-0.056567,7.376602,13,explicit_euler_dt1,hbv,success,,31.04,0.6494,-2.429999961751228,1.6401882294050456,0.0474695064830474,5.528192898458301e-10,373.800947704005,5.999991266249173,0.287048964283603,0.5859823633473294,0.3001641816357237,12.92057376288091,5.275796779047183,0.1142873139513976,1.98026198243546,0.0,0.0,308.6154851370035,0.0,4.685873979103436,cal_final_2008-09-30
03182500,hbv_lite_cma,evaluation,0.633344,0.51949,0.391607,-0.026725,5.51856,13,explicit_euler_dt1,hbv,success,,30.79,0.6656,-2.459999964199816,1.345016272998118,0.0721955852358787,7.885562965819722e-10,373.8471225543963,5.999999397748138,0.3527638845772355,0.8054425206863775,0.4999999999309813,152.00288843990046,6.106760302391482,0.1314680236279103,1.516097034417606,0.0,0.0,312.24502468511093,0.0,4.789331143634856,cal_final_2008-09-30
03186500,hbv_lite_cma,evaluation,0.674834,0.747612,0.017891,-0.199753,4.262654,13,explicit_euler_dt1,hbv,success,,30.98,0.7204,-2.4299974226152945,1.371363394944737,0.0363529190738021,1.8217310961758026e-09,255.1135579674119,5.999930417477428,0.6558544213915567,0.989999998074484,0.3464638247051209,0.000575181688881,8.657889979841196,0.1935874090278298,1.3771719899417332,0.0,0.0,210.91396835736305,0.0,2.9311277138121654,cal_final_2008-09-30
03237280,hbv_lite_cma,evaluation,0.393995,0.457172,0.44152,-0.059672,78.048933,13,explicit_euler_dt1,hbv,success,,30.72,0.5517,-1.630001821963056,14.999831877020211,0.0346817807909758,0.1999996990980289,517.5636269606904,5.998442948380921,0.4102209594438502,0.9899998891217312,0.4999630054119627,2.0333000849388805,4.461219230166223,0.137786882801044,1.0976533990671329,0.0,0.0,357.1189355928367,0.0,0.4823878485582323,cal_final_2008-09-30
03237500,hbv_lite_cma,evaluation,0.745163,0.680798,0.19454,-0.152954,41.482286,13,explicit_euler_dt1,hbv,success,,30.84,0.6378,-2.499999230655591,1.7681041365021355,0.0913074500643646,2.5519468933532417e-10,417.9626805004423,5.999978809011403,0.5776019069420566,0.9899999997888732,0.4304100938229874,7.432029774135891,2.3125318594575104,0.0001766853329632,1.0483292580380787,0.0,0.0,287.97225422834697,0.0,2415.201227720225,cal_final_2008-09-30
03238500,hbv_lite_cma,evaluation,0.698825,0.745941,0.097662,-0.14661,24.974666,13,explicit_euler_dt1,hbv,success,,31.31,0.6799,-2.4999999999989653,3.996536961960945,0.0584608296225198,2.2646166567896263e-14,231.9959451314226,5.999999999998312,0.2350015136397748,0.9899999999966728,0.4999999999996135,4.127982739973357,1.7444175019228896,0.0001000000000083,1.998916384381072,0.0,0.0,127.0635472594752,0.0,2054.5971783579625,cal_final_2008-09-30
03241500,hbv_lite_cma,evaluation,0.746387,0.647426,0.334305,0.005827,6.746387,13,explicit_euler_dt1,hbv,success,,30.99,0.7839,-2.499999312661183,2.5451288878612623,6.489691084883786e-08,0.0438657572798886,201.03277564648775,1.7711834788948604,0.2736915360948398,0.9010380140507896,0.1653238993904145,15.35204728026531,1.4332521739792046,0.0001980489729555,1.000537290700122,0.0,0.0,61.118824698025584,0.0,2243.427696163029,cal_final_2008-09-30
03280700,hbv_lite_cma,evaluation,0.339455,0.533374,0.350272,0.002021,11.348785,13,explicit_euler_dt1,hbv,success,,31.3,0.6746,-0.1650819375056222,8.850224357023707,0.0513791791680768,0.1935371776323625,487.1147453753377,5.668408847312388,0.3621895807481191,0.9358333863021138,0.4907424601025535,4.85073708340808,3.471638792655769,0.0002167752186626,1.1654463354695923,0.0,0.0,378.31245563221336,0.0,2878.8820088609714,cal_final_2008-09-30
03281500,hbv_lite_cma,evaluation,0.700993,0.720617,0.197234,-0.06014,5.805461,13,explicit_euler_dt1,hbv,success,,30.97,0.8093,-0.8102455684812626,3.7576319485852343,0.0001948174368717,0.0038085580157414,503.3927360990569,5.975930576696613,0.2002411961914697,0.4989637278766337,0.0854094194706918,19.134144559853645,1.0055558230071024,0.000100004474639,1.402397459027076,0.0,0.0,358.4762555671176,0.0,2277.6656073776185,cal_final_2008-09-30
03285000,hbv_lite_cma,evaluation,0.615124,0.528238,0.33394,-0.100317,17.953959,13,explicit_euler_dt1,hbv,success,,31.31,0.6678,0.5801053736519117,3.1089033409857327,0.0763016914476731,1.846059067665608e-07,489.7119432757053,5.998617530403648,0.3010459724220083,0.9646463891646372,0.1268885090797931,0.7858187983206467,5.212970244073393,0.1398173551640485,1.88772811493314,0.0,0.0,309.95430229560185,0.0,0.3588748728674388,cal_final_2008-09-30
03291780,hbv_lite_cma,evaluation,0.46096,0.528213,0.138617,-0.216177,172.531663,13,explicit_euler_dt1,hbv,success,,31.22,0.4031,-1.96000496944193,1.0183586801782116,0.0417557841827521,0.0571984857097086,583.11277814084,5.999802038149179,0.3210796973592766,0.9899999309620544,0.4999993016839281,3.013486993527569e-09,3.633977198555116,0.0001824343747947,1.8611478646296,0.0,0.0,470.6322413079381,0.0,3062.4054296609625,cal_final_2008-09-30
03338780,hbv_lite_cma,evaluation,0.648935,0.515422,0.351282,-0.106591,6.772222,13,explicit_euler_dt1,hbv,success,,31.44,0.7038,-0.6082475873821933,3.1577007529117807,0.0170066030808636,0.0797014822125944,275.31906502547633,5.999947834775679,0.3769741961344318,0.9899949033080044,0.3628783812949356,31.71782265875053,4.425897459344205,0.0601310690664221,1.9862500127346996,0.0,0.0,248.25417165511445,0.0,17.12280172622341,cal_final_2008-09-30
03340800,hbv_lite_cma,evaluation,0.708238,0.272278,0.705796,0.170466,13.139309,13,explicit_euler_dt1,hbv,success,,31.24,0.7764,-1.2896546774834066,5.199227628913211,3.5845090860563295e-07,0.0279399951795957,518.4748128818198,5.999906812747087,0.3021194762042594,0.9682706483206228,0.1564364503153913,16.391833478003058,2.019514355365036,0.0412872578476362,1.8388581285240693,0.0,0.0,418.23854302751215,0.0,12.343280786153391,cal_final_2008-09-30
03346000,hbv_lite_cma,evaluation,0.749975,0.675181,0.190165,-0.09302,32.170977,13,explicit_euler_dt1,hbv,success,,31.24,0.7393,-0.730001596034302,2.642592306002735,0.0969393153937163,1.867113997069538e-09,352.28545034665825,5.999997871160479,0.4538045261503496,0.9899999869228814,0.3775036179671982,39.23783834460428,2.1803735881981967,0.0001000000499098,1.1901024606978037,0.0,0.0,299.7778469477332,0.0,2540.043741897868,cal_final_2008-09-30
03364500,hbv_lite_cma,evaluation,0.768359,0.728386,0.219109,-0.033959,22.061693,13,explicit_euler_dt1,hbv,success,,31.65,0.723,-2.498451871056621,0.9338883263526534,0.0007709301764922,0.013335458882673,363.3972732507511,5.999402963459176,0.4816680520369407,0.9899999679792868,0.1750682969819369,16.56642263130378,1.3928508970286433,0.0001192321247721,1.1612854484281847,0.0,0.0,257.5637626109928,0.0,2460.35673286384,cal_final_2008-09-30
03366500,hbv_lite_cma,evaluation,0.675789,0.397761,0.551707,0.004835,26.56256,13,explicit_euler_dt1,hbv,success,,31.7,0.6053,-2.470000030280536,2.040549198192268,0.0625965025435807,5.13669350583518e-10,492.0555637886967,5.999999639606802,0.3662196681974882,0.989999999467113,0.4999999617132255,3.1868696961943312,3.953767924826677,0.0723863460329528,1.03465917179318,0.0,0.0,388.7528155524982,0.0,4.667455610591741,cal_final_2008-09-30
03368000,hbv_lite_cma,evaluation,0.39022,0.452592,0.100447,-0.235096,69.056913,13,explicit_euler_dt1,hbv,success,,31.97,0.4107,-2.0900766020160018,3.0861717518767264,8.788554726691417e-07,0.1999797453444144,562.177141131698,5.986583190397261,0.6768968006685526,0.9899999874554204,0.4999780290547564,2.151894461824792e-06,3.300660431156181,0.0001210034290752,1.120716390895743,0.0,0.0,448.1532153709971,0.0,3035.5053157446023,cal_final_2008-09-30
03384450,hbv_lite_cma,evaluation,0.505212,0.575973,0.191804,-0.19316,151.038411,13,explicit_euler_dt1,hbv,success,,33.47,0.5647,-2.329981356743729,6.313781709203497,0.0363353599438753,0.1706311518521969,227.2701964107726,1.839392735794024,0.3629486495347613,0.9899999021995808,0.4999999909909241,6.623675129990691e-06,4.435750457359202,0.000147798107582,1.9661172219423049,0.0,0.0,92.138324941346,0.0,3219.8096683511126,cal_final_2008-09-30
03439000,hbv_lite_cma,evaluation,0.573668,0.691993,0.194535,-0.100555,1.772575,13,explicit_euler_dt1,hbv,success,,34.2,0.5708,-2.112352696004927,7.720997350628346,0.0323483018013682,0.0289048101356217,427.304066842211,1.0000036139662851,0.447679179242976,0.9899944439614652,0.1144972532950456,77.43196552971939,7.707085529561269,0.0004898076413618,1.9917874706130307,0.0,0.0,255.29228511528507,0.0,5385.091114031946,cal_final_2008-09-30
03455500,hbv_lite_cma,evaluation,0.370793,0.542291,0.258173,-0.212798,3.527811,13,explicit_euler_dt1,hbv,success,,33.81,0.6046,-1.469848858822821,6.313421845005767,0.0999934109637625,3.981085410220912e-05,258.87129737487817,2.577390905784175,0.6316652399585313,0.9899995298266614,0.3561157331290357,52.21777778159223,17.696165444149578,0.0004892139401159,1.9223008212462185,0.0,0.0,218.780223805864,0.0,6213.611771045004,cal_final_2008-09-30
03456500,hbv_lite_cma,evaluation,0.346464,0.585913,0.282373,-0.192424,3.662658,13,explicit_euler_dt1,hbv,success,,33.4,0.6675,-2.1998672448612098,3.1046869657840785,0.0679365956664046,2.6484650934796407e-05,376.04989049853145,4.5899834811704405,0.6190587316803386,0.989999965352752,0.4442789303831014,39.113300054533525,15.315270910462132,0.0004041333658476,1.0031645527817137,0.0,0.0,337.5954946266188,0.0,6217.586948604881,cal_final_2008-09-30
03460000,hbv_lite_cma,evaluation,0.48894,0.66672,0.250463,0.030281,1.344209,13,explicit_euler_dt1,hbv,success,,33.78,0.5927,-2.4973705063970217,14.471215433431585,0.0139449255286089,0.1798675983878235,171.64097367086572,1.0001095655433807,0.2656304608864361,0.4925560406052567,0.0791011249498432,41.19147110530872,2.380838583034361,0.0002992649365928,1.7721212052089714,0.0,0.0,85.71746430465227,0.0,3857.355148164484,cal_final_2008-09-30
03463300,hbv_lite_cma,evaluation,0.716685,0.836881,-0.042739,-0.144491,-0.083707,13,explicit_euler_dt1,hbv,success,,33.13,0.771,-2.320127147232532,1.3836234579297717,0.0680109307468988,0.0730901402763179,260.8040525896111,5.999954387389286,0.48151129658359,0.9899999993112653,0.4999999972398014,9.44793807167686e-07,15.681651209856485,0.0753540658396384,1.078368052332351,0.0,0.0,252.60809523839657,0.0,38.66308522183673,cal_final_2008-09-30
03471500,hbv_lite_cma,evaluation,0.457442,0.465641,0.493502,0.054743,1.551569,13,explicit_euler_dt1,hbv,success,,34.45,0.4637,-1.4804034953830814,2.2257134451547467,0.0270909116652212,2.312065762240014e-05,357.0491986821406,5.043253323478678,0.3184889595257411,0.6967121820008069,0.1094781461814865,20.39861754221801,4.024381764980657,0.0257040236664785,1.540918862345347,0.0,0.0,314.70077724711985,0.0,44.503772289808914,cal_final_2008-09-30
03473000,hbv_lite_cma,evaluation,0.467052,0.580147,0.360234,0.162965,2.05325,13,explicit_euler_dt1,hbv,success,,34.45,0.5719,-1.3957947575768253,8.379579955453703,0.0990889030340627,0.1657552402865758,216.6931622133105,3.968887067321903,0.6735151262722346,0.2430485610060535,0.0106041635987365,16.33125284592559,1.3934869451459897,0.0003745393928472,1.7431894663815146,0.0,0.0,179.4779415017582,5.257471150785301,2237.0903447496926,cal_final_2008-09-30
03479000,hbv_lite_cma,evaluation,0.587337,0.573451,0.275181,-0.219452,3.832215,13,explicit_euler_dt1,hbv,success,,34.17,0.6844,-1.4899801377004958,13.251018276241314,0.0549715906724191,0.0035873194016086,153.8122706175835,1.0000038926136834,0.3038317724617596,0.9899999999928668,0.3738490649639123,23.619779931298908,9.948895641223109,0.0003896608074962,1.8321746033610915,0.0,0.0,113.862501667778,0.0,4251.323492151658,cal_final_2008-09-30
03488000,hbv_lite_cma,evaluation,0.45219,0.503258,0.357331,-0.228876,7.086369,13,explicit_euler_dt1,hbv,success,,34.21,0.6289,-2.0055718753897875,0.5001196795590912,0.0716930716733014,0.1417411042579885,257.4607928015048,5.034570155494623,0.532809708410846,0.9612964157828,0.2673600262843308,21.007731655346625,4.1299568863866,0.0005175447069983,1.3599673535099006,0.0,0.0,217.1313977263528,0.0,2225.2966170737554,cal_final_2008-09-30
03498500,hbv_lite_cma,evaluation,0.661431,0.719394,0.229903,-0.059573,3.454685,13,explicit_euler_dt1,hbv,success,,34.3,0.6668,-1.1933314308031109,9.321254343537683,0.0340548117054093,0.1984754201615806,399.978271237798,4.240709895154092,0.5220278408949612,0.6646098813520701,0.4933744729751453,4.892049384958658,5.750875515148409,0.0003126416381151,1.0574073398470325,0.0,0.0,314.0734441593972,0.0,3657.9052123684983,cal_final_2008-09-30
03500000,hbv_lite_cma,evaluation,0.504627,0.70252,0.133164,-0.093579,0.417317,13,explicit_euler_dt1,hbv,success,,34.87,0.671,0.7902701785414141,12.093159299428985,0.0321418336804448,0.0906662143420337,360.85602062136,1.0000141966370866,0.2889134960235983,0.5631295132621502,0.0299371230717487,183.2354122290973,1.8985090590940596,0.0001136659845369,1.0015806697510483,0.0,0.0,191.26453132859933,2.1286279383417908,4900.802135593887,cal_final_2008-09-30
03500240,hbv_lite_cma,evaluation,0.464427,0.679725,0.180617,0.026126,0.881489,13,explicit_euler_dt1,hbv,success,,33.95,0.5761,-0.5098017382811884,12.869843509322656,0.0303008879195221,0.0972780575025836,355.05464718302227,1.0001941567427146,0.4218584113151333,0.482623159977414,0.050832356114967,75.92551744977834,2.821557354960516,0.0001866304998801,1.2720833589243172,0.0,0.0,182.62815357562636,0.0,5543.184732999366,cal_final_2008-09-30
03504000,hbv_lite_cma,evaluation,0.619958,0.702077,0.26615,0.040886,0.937146,13,explicit_euler_dt1,hbv,success,,33.92,0.6545,-1.3300052807801064,0.905482065863482,0.0482903469341046,0.0892542452622096,1502.4121287409926,5.999999147254119,0.2929122326005597,0.9899995892314546,0.2480002131874318,74.94770741658779,18.831807622206146,0.031064366411343,1.956408037447237,0.0,0.0,1362.498926136949,0.0,52.70090096421044,cal_final_2008-09-30
03574500,hbv_lite_cma,evaluation,0.737828,0.635992,0.257728,-0.087293,8.941587,13,explicit_euler_dt1,hbv,success,,41.8,0.7792,1.0994413810215593,0.5526515772173436,0.0196245131628496,0.1997534739364421,454.3115687124487,5.997142082584186,0.550342088030328,0.9075154830005302,0.2902296988141813,11.59641346947568,3.2975948859069346,0.0659932330083667,2.024246828605032,0.0,0.0,350.93911800906454,0.0,3.823953876320985,cal_final_2008-09-30
03592718,hbv_lite_cma,evaluation,0.445702,0.547761,0.36646,-6e-06,5.328762,13,explicit_euler_dt1,hbv,success,,33.34,0.6816,-1.1508517095519633,9.665098150459103,0.0988733668421213,0.0952779921122621,624.634266464752,4.010037006036667,0.6805478436757499,0.9899837357421044,0.4879649679077807,8.7205965467403,7.224225847912649,0.0002456154408243,1.8571244706793637,0.0,0.0,482.5003713968001,0.0,3728.018419584128,cal_final_2008-09-30
03604000,hbv_lite_cma,evaluation,0.722541,0.659461,0.195622,-0.022381,1.267268,13,explicit_euler_dt1,hbv,success,,33.13,0.7518,0.0958388228519711,14.013426745688363,0.0786618514366015,0.1565341007696544,244.06680179683863,1.0009768188310817,0.2000036355471264,0.9812514170291792,0.180244960394633,33.25020871974716,3.5635273938902743,0.0002326397517623,1.998089482979132,0.0,0.0,47.7618364621465,0.0,3862.650002778425,cal_final_2008-09-30
04015330,hbv_lite_cma,evaluation,0.42931,0.465591,0.401868,-0.060384,4.825115,13,explicit_euler_dt1,hbv,success,,29.64,0.6343,-0.0699999477987454,3.048569263423924,0.0182223996340943,0.0543470154916674,351.89577253880407,4.842819667321884,0.2675477061680604,0.0970769700481066,0.4999999929063879,115.0425051033218,4.506841497554438,0.0825911177400684,1.1935818685493629,0.0,0.0,321.3155448096197,0.0,23.609945673654224,cal_final_2008-09-30
04024430,hbv_lite_cma,evaluation,0.596507,0.652001,0.140952,-0.206073,2.952545,13,explicit_euler_dt1,hbv,success,,30.15,0.7668,-0.0314905152198812,2.566323654435636,0.035673119123422,0.1688008250893522,219.21902077566685,2.4248412980977694,0.3712795905015026,0.292637631469889,0.1371070402385809,37.234055219503695,2.2259344663152616,0.0002249446522614,1.0148707592376287,0.0,0.0,182.8592612272554,7.103606706863,1808.4818549635927,cal_final_2008-09-30
04027000,hbv_lite_cma,evaluation,0.506851,0.73575,0.085674,-0.183391,1.221308,13,explicit_euler_dt1,hbv,success,,30.04,0.773,0.2400178527697463,5.413179055796351,0.0009543917397564,0.1323731332009568,492.5175540444475,2.7731926152749744,0.6074472721173956,0.2261825481394349,0.0231750374690516,44.83263898741296,1.2611466184281406,0.0001248732024392,1.3466937292392924,0.0,0.0,382.66130246788833,14.315475880515368,2134.7569574153285,cal_final_2008-09-30
04040500,hbv_lite_cma,evaluation,0.514754,0.559016,0.027471,-0.356642,2.782679,13,explicit_euler_dt1,hbv,success,,30.5,0.7789,1.5900035726700876,5.2114336899011535,0.0143584058958931,2.672560835290773e-10,949.9051224345474,2.9987701127678115,0.4939583990267621,0.1801705131116907,0.1253461877882696,70.26090128093652,1.9325388265206989,0.0003497776462354,1.7411040943913023,0.0,0.0,795.7436195089556,2.9276565737298696,1639.2756823070952,cal_final_2008-09-30
04043050,hbv_lite_cma,evaluation,-0.410287,0.350315,-0.018878,0.173603,-0.209911,13,explicit_euler_dt1,hbv,success,,30.13,0.6379,1.2800011117566417,2.204514310537264,0.0840814200982286,0.1897190455618275,184.74486316297185,3.941359964156169,0.2000011885840103,0.1535489043434852,0.4999999997715789,144.65780794107195,5.330084700575668,0.2336610903236264,1.7499930034373363,0.0,0.0,125.9515145292651,0.0,1.7024491161718138,cal_final_2008-09-30
04045500,hbv_lite_cma,evaluation,0.713261,0.795338,0.071639,-0.073533,0.525269,13,explicit_euler_dt1,hbv,success,,54.37,0.8018,-2.280059192783113,1.1724577586989244,0.0009003507936037,2.3207543895217497e-08,282.0995201875187,5.873169447203636,0.3923519137180775,0.9782108591258598,0.0566185604759911,164.51115470830297,0.9147252907876586,0.0003068537880556,2.8818752396810634,0.0,0.0,243.93491339211,3.395871184730837,1304.1026987714854,cal_final_2008-09-30
04057510,hbv_lite_cma,evaluation,0.597697,0.625099,0.218289,-0.1693,1.582259,13,explicit_euler_dt1,hbv,success,,32.94,0.6887,-0.3095477222757794,3.5630934597359616,0.0560403806293528,5.361822907494086e-06,361.3777959576632,1.0000421777469757,0.3468567678419524,0.3365224371956788,0.0521562049823842,194.219000288242,1.776204547561711,0.0002792859031702,1.7434806862180836,0.0,0.0,175.65079173709503,0.2497474155680434,2223.445839871116,cal_final_2008-09-30
04057800,hbv_lite_cma,evaluation,0.480011,0.548097,-0.022522,-0.359189,1.839273,13,explicit_euler_dt1,hbv,success,,30.7,0.7788,-0.9399989119842748,3.5810598826294457,0.005403512750574,0.0240463353542359,278.73840084352435,1.000000015220922,0.2871879694881398,0.2143073265473895,0.0716729391653906,90.29997983047328,2.332135013960305,0.0002261295932748,1.1723740056946546,0.0,0.0,129.83353253187695,0.0,2460.383115454166,cal_final_2008-09-30
04059500,hbv_lite_cma,evaluation,0.143864,0.117995,0.843573,0.122914,4.412552,13,explicit_euler_dt1,hbv,success,,32.5,0.3451,-1.2200081832595109,2.478921992721893,0.0144237241348936,0.1995454655052458,2499.9999832889,1.554017371175156,0.2876083160229583,0.6820357089138219,0.0100045967556452,122.98237072656376,14.542191474023806,0.0781971914833743,1.997515764216274,0.0,0.0,1708.6542959298924,0.0,10.085130984994253,cal_final_2008-09-30
04063700,hbv_lite_cma,evaluation,0.677163,0.72119,0.136581,-0.126894,1.377675,13,explicit_euler_dt1,hbv,success,,37.19,0.8073,0.1404437016423676,2.3507780564053595,0.0150138919181719,0.0090432683332559,332.39251813231823,1.6260618849527084,0.4044905180288244,0.0846003020210433,0.0538978861692173,55.06494752216165,1.959825957333108,0.0001580199063451,2.1703362230360788,0.0,0.0,186.0912594769041,0.0,2409.578394851365,cal_final_2008-09-30
04074950,hbv_lite_cma,evaluation,0.460869,0.694941,0.25864,0.10247,0.795883,13,explicit_euler_dt1,hbv,success,,56.54,0.628,-0.8703144152732265,2.0092469525109347,0.0024956267191446,0.1739187127156481,287.6549586963215,1.0128088216170728,0.253765970231084,0.3779463060679816,0.0347378723215686,126.33641914352542,2.078547173301731,0.0003465661268505,1.4067883803613388,0.0,0.0,112.373235570533,0.0,2007.975034482843,cal_final_2008-09-30
04105700,hbv_lite_cma,evaluation,0.103541,0.533942,0.226085,-0.003202,0.84593,13,explicit_euler_dt1,hbv,success,,31.13,0.2845,1.579946742892428,12.532797451093687,0.0721293745356527,0.0042832549980739,247.8549248243039,1.7570136444810425,0.2000051414047039,0.415691816744395,0.0339261408849525,95.71970800065056,2.757725695539784,0.0005605404021569,1.3547135409667694,0.0,0.0,211.9574148550984,35.66672256538741,1885.499169919748,cal_final_2008-09-30
04115265,hbv_lite_cma,evaluation,0.018461,0.383801,0.423347,-0.002649,1.603875,13,explicit_euler_dt1,hbv,success,,54.06,0.4247,-0.3499979859724749,5.7218862524527125,0.0428060392086915,4.836941102594611e-05,250.36008577855725,1.0337885444287025,0.2065011967073929,0.9213073700202012,0.0844882802296526,65.52351017192828,4.255946075473326,0.0004148730084424,1.4185972092255026,0.0,0.0,133.2323203252956,0.0,2235.5109567368704,cal_final_2008-09-30
04122200,hbv_lite_cma,evaluation,0.075147,0.519035,0.249519,-0.025136,0.861546,13,explicit_euler_dt1,hbv,success,,40.19,0.4768,0.0091570630332693,12.244556278644392,0.0998735566461567,0.013532705489894,167.50445284633378,2.0288282178287607,0.258406764920005,0.2634221677368861,0.0347262281971346,107.58669436748464,2.7521081456252885,0.0006554366955522,1.7967854674254706,0.0,0.0,106.89613228825267,0.0,1621.146742666441,cal_final_2008-09-30
04122500,hbv_lite_cma,evaluation,-0.292313,0.464398,0.271109,-0.02088,0.808919,13,explicit_euler_dt1,hbv,success,,48.35,0.3518,-0.6199840222228272,5.410214202041274,0.0651361892165328,0.199999573740421,2499.999998514591,1.050420291443934,0.2748168357196792,0.1147447403417293,0.0531469502177981,130.59413447090984,2.512069200333051,0.003494421654021,3.4488396643604173,0.0,0.0,1392.446298254076,0.4743574182625164,330.3095770494495,cal_final_2008-09-30
04127918,hbv_lite_cma,evaluation,0.458246,0.54016,0.127018,-0.256094,1.556137,13,explicit_euler_dt1,hbv,success,,31.9,0.5109,1.5800023310644908,6.483933832075437,0.0752359393902515,5.796618431545634e-10,766.0100751429799,1.0000000002749727,0.6160206322010199,0.5670264049115786,0.0579546495516099,130.60197677110088,2.0375211974427847,0.0002571107304365,1.947165604667223,0.0,0.0,453.1129799543408,4.066231711304712,2235.0234012747824,cal_final_2008-09-30
04127997,hbv_lite_cma,evaluation,-0.27555,0.46088,0.215868,-0.035943,0.496035,13,explicit_euler_dt1,hbv,success,,47.8,-0.522,-1.8798727967250533,1.926951619053256,0.020666523601208,1.2265140624113449e-05,2499.9926673926284,1.0000280794436067,0.296778909585443,0.9754516084546392,0.0741120782273309,43.69707628671221,5.224531106669585,0.0032243979123354,1.0115182017147826,0.0,0.0,1412.1638928034645,0.0,421.7556275949221,cal_final_2008-09-30
04161580,hbv_lite_cma,evaluation,0.347464,0.423335,0.235813,-0.233675,3.651771,13,explicit_euler_dt1,hbv,success,,36.19,0.5177,0.6740104738068302,10.355635634170746,0.0876321920647152,2.3989165650702035e-05,187.946027822662,1.602421577618225,0.2231159544989538,0.2952324429426882,0.0532323679480717,60.39400055407464,2.020228205328544,0.0001759987546695,1.1762627041439817,0.0,0.0,131.74802888674128,0.0,2619.7802175989445,cal_final_2008-09-30
04185000,hbv_lite_cma,evaluation,0.781854,0.745894,0.080758,-0.161106,3.779097,13,explicit_euler_dt1,hbv,success,,37.31,0.7923,-0.389867868039949,8.425728038545257,0.0408078486794185,0.1174180656071768,377.92837356039536,5.985994251813837,0.4243542404659901,0.0755816944661088,0.1444147228142382,46.82318715253047,0.929729136026462,0.0001162300368201,2.771810924556456,0.0,0.0,312.93546664898946,0.0,1611.4120170536414,cal_final_2008-09-30
04196800,hbv_lite_cma,evaluation,0.707041,0.697816,0.206067,-0.075055,41.833718,13,explicit_euler_dt1,hbv,success,,37.27,0.7584,-0.7100008487740286,2.042095263271815,0.0769192187286325,2.2842554191032308e-08,282.8969270945525,5.999975793820626,0.4083525501890396,0.2914742949449153,0.3949551929609056,164.86040056150125,1.5152645278533263,0.0001000021589153,2.700316801441532,0.0,0.0,182.27525114485636,0.0,2000.4348643700907,cal_final_2008-09-30
04197100,hbv_lite_cma,evaluation,0.665898,0.593204,0.314782,-0.081687,33.937458,13,explicit_euler_dt1,hbv,success,,29.57,0.7282,0.8300000494340294,5.8757141894572,0.082427228353201,9.225721715846066e-09,435.5016287360709,5.999999856419209,0.3751861560411778,0.4487398392835734,0.3351168416698132,133.0681432805512,1.679563281846602,0.0001508919692051,1.6097929058309686,0.0,0.0,350.980296487027,0.0,2072.991884597161,cal_final_2008-09-30
04197170,hbv_lite_cma,evaluation,0.648887,0.600217,0.250641,-0.130403,10.662694,13,explicit_euler_dt1,hbv,success,,29.46,0.7023,-0.1599987151198947,4.0533225249609135,0.0852569083567931,3.0468114035430536e-07,429.02282913423335,5.999935631313749,0.3021908729286964,0.9209401469688152,0.3313490951356534,6.5712097801133424,2.2948176542632805,0.0001289325178754,1.1531980135561544,0.0,0.0,346.90333669393243,0.0,2253.591477599762,cal_final_2008-09-30
04213000,hbv_lite_cma,evaluation,-0.000881,-0.155422,0.471112,-0.550512,38.716066,13,explicit_euler_dt1,hbv,success,,48.2,0.1383,-2.4999999885810715,0.7384173119608666,0.0294393150519025,5.263844329649467e-13,54.296370590351685,2.298999707447902,0.4112999869772201,0.2340558579172126,0.4999999996524992,104.7661801289986,13.143215433672266,0.0007716445304934,2.56678384724761,0.0,0.0,47.97100183502426,0.0,2926.61653785665,cal_final_2008-09-30
04213075,hbv_lite_cma,evaluation,-0.284966,-0.697648,-0.99973,-0.99991,-0.998082,13,explicit_euler_dt1,hbv,success,,73.15,-0.3637,-2.108553442671293,10.211840068611767,0.0292702926365756,0.0574777656804005,913.2102607592504,2.01481393748232,0.5950143286497889,0.8777053271737326,0.3710010357719078,87.6961075463368,17.296535328023708,0.0007029789780538,14.886216785105448,8144.8400000000065,0.0,273.9630782277751,0.0,1.4856353253892711,cal_final_2008-09-30
04216418,hbv_lite_cma,evaluation,0.429561,0.411376,0.50889,-0.04543,5.615566,13,explicit_euler_dt1,hbv,success,,29.72,0.511,-2.260020451993722,1.5337138125793257,0.0053585483526615,0.0437034041652061,468.3345122558705,5.996704372594169,0.7069743532233685,0.6062868969579919,0.4997688977535021,3.4695069907921885e-05,7.209273493071439,0.0719205466119166,1.7499627275020029,0.0,0.0,423.2063246576048,0.0,14.255520020750485,cal_final_2008-09-30
04221000,hbv_lite_cma,evaluation,0.61751,0.581786,0.331113,-0.058335,4.498591,13,explicit_euler_dt1,hbv,success,,29.78,0.7051,-1.5800589714274689,2.0151387046937472,0.0999648746383654,0.0336105192152105,401.0950459005483,5.997536505198409,0.2757361563563825,0.7359161956958653,0.4034736035311875,13.157794191407737,6.533009623640122,0.0921873603484723,1.107899320745659,0.0,0.0,356.7478638836132,0.0,12.179038795371468,cal_final_2008-09-30
04224775,hbv_lite_cma,evaluation,0.484626,0.4957,0.244506,-0.275643,6.70339,13,explicit_euler_dt1,hbv,success,,29.38,0.5708,-0.390052394129154,2.082054497392269,0.0007747573717711,0.0195053208955194,252.0310798253926,3.119648818413335,0.3852936281508282,0.5761497072922718,0.4999961164165803,119.65518670543412,4.2824106885373725,0.000519476410649,1.1414777550298034,0.0,0.0,208.6785440313665,0.0,1897.01654746002,cal_final_2008-09-30
04233000,hbv_lite_cma,evaluation,0.418155,0.609971,0.16213,-0.162853,2.916558,13,explicit_euler_dt1,hbv,success,,29.84,0.616,-1.217567058160485,4.511586799178198,0.0521090120769914,0.0057907607237943,478.1690095999152,5.298184281537315,0.3026529862506001,0.7987100277422671,0.0766501247136744,36.08033178519569,1.0426287558683307,0.0002262826102415,1.335286245352346,0.0,0.0,404.5434601264666,4.172765111870498,1983.830796532563,cal_final_2008-09-30
04256000,hbv_lite_cma,evaluation,0.720325,0.772117,0.148475,-0.081474,1.243531,13,explicit_euler_dt1,hbv,success,,30.42,0.7583,-2.000001186892629,1.7976407572428583,0.0137063811334313,1.8976147142110687e-10,138.3475579520399,1.1579639190706257,0.2000000253344446,0.4020569435222658,0.4552787407216001,117.63762994966164,6.296090377532587,0.0765174882792124,1.1460718812945925,0.0,0.0,90.67316771062715,0.0,15.84927023230447,cal_final_2008-09-30
04296000,hbv_lite_cma,evaluation,0.571091,0.573231,0.36133,-0.06653,2.681492,13,explicit_euler_dt1,hbv,success,,30.65,0.5878,-2.24999977189255,1.9008491209407432,0.0343023709383985,6.168772998551541e-09,629.7103606227793,5.920641527691175,0.2643641236925055,0.9899739789572513,0.2775231187758585,32.313902674464714,6.691287234191158,0.0613831008597657,1.0177240891242882,0.0,0.0,575.9144336384704,0.0,20.154781744333047,cal_final_2008-09-30
05057200,hbv_lite_cma,evaluation,0.172383,-0.521401,1.454828,-0.050558,141.187335,13,explicit_euler_dt1,hbv,success,,67.89,0.5281,2.415737660225328,9.413383520360362,0.0952307768476745,0.1999992582284039,2499.997829229412,1.8859613053741504,0.4959373179548286,0.4613925352320588,0.086578566265041,165.19484209551857,2.478227812235433,0.0001000000004993,2.337666427355821,0.0,0.0,1279.137041705034,0.0,934.8816681112784,cal_final_2008-09-30
05120500,hbv_lite_cma,evaluation,0.049996,-0.06154,0.167781,-0.638475,146.220889,13,explicit_euler_dt1,hbv,success,,71.55,-0.1364,1.4799835432381163,10.802315409660473,0.001694965384016,0.1027587938266944,2499.999999621041,5.99999993077051,0.2422180651272515,0.0533216042877952,0.2643686975902997,88.71002045826201,7.129104471427114,0.0001142698059454,1.9955984215364104,0.0,0.0,1775.5684831321505,0.0,176.51759446492082,cal_final_2008-09-30
05291000,hbv_lite_cma,evaluation,0.542209,0.483422,0.244705,-0.462639,14.555198,13,explicit_euler_dt1,hbv,success,,37.52,0.7437,-0.6863422250065772,5.201290582063298,0.0048493638223792,8.15311971114425e-06,64.56246468002949,5.999624106134181,0.2002611190967952,0.3091914929718816,0.0574595658430377,27.357771880570716,5.748695083968122,0.0001008753748656,1.826076029280544,0.0,0.0,50.1949613617366,0.0,1806.969692555188,cal_final_2008-09-30
05362000,hbv_lite_cma,evaluation,0.582608,0.771371,0.062524,-0.093378,1.784738,13,explicit_euler_dt1,hbv,success,,33.84,0.8313,0.7000000316891848,4.2825950876677625,0.001440120914165,0.1227435691061864,383.0867885577135,4.875791404226893,0.5776541007819194,0.986693802171948,0.1614886404988863,88.18745765570405,1.6027349910550872,0.0001226450670502,1.9936403982335156,0.0,0.0,290.94743447324913,0.0,1722.477996732136,cal_final_2008-09-30
05393500,hbv_lite_cma,evaluation,0.621022,0.659908,0.269206,0.016035,0.930082,13,explicit_euler_dt1,hbv,success,,33.98,0.7422,-0.7700017687692844,2.160790217903397,0.0696410547264088,0.1753087192465352,365.5588567885497,5.999439860177477,0.6126532737848451,0.9468029515258244,0.3388302130170287,188.08629716978197,5.988405927456883,0.1030107484762756,1.0252514140194666,0.0,0.0,261.18325481633747,0.0,1.5687882192732372,cal_final_2008-09-30
05399500,hbv_lite_cma,evaluation,0.388106,0.638268,0.167774,-0.161182,7.694038,13,explicit_euler_dt1,hbv,success,,33.77,0.6206,1.6409340729924669,6.6383659268607484,0.0999999999429967,5.4807848661251183e-05,281.0082670116434,1.0956901203314011,0.2080387604287613,0.7933573246027792,0.1409718492674538,8.467943370801954,1.6023037550140975,0.000105773920292,1.9179308688734855,0.0,0.0,92.44187662043636,0.0,1696.3914761151914,cal_final_2008-09-30
05408000,hbv_lite_cma,evaluation,-0.332686,0.14663,0.697966,0.06464,1.554459,13,explicit_euler_dt1,hbv,success,,34.57,0.8639,0.439834203293687,8.675918356171332,5.547455814598372e-09,0.1999999815001641,365.3841869749933,1.000000050815821,0.3680333244476553,0.9899999503949766,0.1445749505959963,51.089915235100726,8.411195892488612,0.0003242585673754,1.937080517903757,0.0,0.0,186.99830943472452,0.0,2685.2996061968797,cal_final_2008-09-30
05413500,hbv_lite_cma,evaluation,-0.536912,-0.145235,1.032302,0.071144,3.255236,13,explicit_euler_dt1,hbv,success,,35.38,0.672,-0.6110560695003433,4.5699983746074375,0.0265641806347653,0.1519866038151224,495.0240347825175,1.0006954318603496,0.2891876430471577,0.9899406649326704,0.3665413955941691,16.73737144020162,15.57551843125552,0.0003910956437242,1.007569534917894,0.0,0.0,282.2161240768683,0.0,2807.772284300711,cal_final_2008-09-30
05414000,hbv_lite_cma,evaluation,-0.578249,-0.339366,1.126518,0.009146,4.160935,13,explicit_euler_dt1,hbv,success,,34.03,0.5011,0.6626185230502828,0.573447423962977,0.0136237315140053,0.1999999430594531,506.90667886689977,3.518548616201959,0.6162575752067736,0.989982857189704,0.4179378860056661,2.3850707640884595e-06,21.756240407525496,0.000462677088887,1.985231699072208,0.0,0.0,400.59952354669946,0.0,2757.184015981699,cal_final_2008-09-30
05444000,hbv_lite_cma,evaluation,0.270536,0.18784,0.21841,-0.428963,2.282026,13,explicit_euler_dt1,hbv,success,,35.3,0.5744,-0.5109889051450944,10.16376048843382,9.779639628525917e-06,0.0207576117225873,185.69172888318687,1.9930562322560443,0.2121638481753014,0.6768946622269321,0.2151970452252133,12.811153652145537,14.700219122806326,0.0002652708341912,1.927039902156953,0.0,0.0,144.53611718254533,0.0,3105.0710617521645,cal_final_2008-09-30
05454000,hbv_lite_cma,evaluation,0.149495,0.05781,0.617007,0.076488,55.328923,13,explicit_euler_dt1,hbv,success,,33.59,0.3557,0.4100033051248237,7.247631746819441,0.0499613582572711,1.1042143123529397e-07,716.5990480765222,5.999998990767253,0.2582637006764863,0.2269688177843202,0.1393883863456315,128.08274980943455,1.951783827143358,0.0002908442732457,1.0119443723222643,0.0,0.0,648.7343467872133,3.272693842906732,1787.430683085471,cal_final_2008-09-30
05458000,hbv_lite_cma,evaluation,0.499094,0.557762,0.369469,-0.011202,3.664104,13,explicit_euler_dt1,hbv,success,,36.27,0.7733,-1.9800617630940225,2.1437470028150782,0.0057775530506523,0.1199946092648915,625.4483707739086,5.999446986051847,0.2014785650158461,0.9899992680494246,0.0784242640491096,36.30926341636247,1.811218632081716,0.0001572048577268,2.007308347059966,0.0,0.0,519.7281614936027,0.0,2235.289504374556,cal_final_2008-09-30
05466500,hbv_lite_cma,evaluation,0.693964,0.727393,0.151547,-0.036485,4.133178,13,explicit_euler_dt1,hbv,success,,33.64,0.6376,-0.0801656128384422,14.999997815767813,2.5717871668523256e-11,0.1691767851153033,444.6797083940089,4.674761350799491,0.529622744392185,0.7747264195199977,0.1391469323633918,160.86391196810396,1.6924488183843995,0.0001208715902433,1.6718924824249382,0.0,0.0,414.79116046496847,4.478381732541499,2110.1715404502143,cal_final_2008-09-30
05487980,hbv_lite_cma,evaluation,0.719567,0.605128,0.138782,-0.229075,26.627786,13,explicit_euler_dt1,hbv,success,,33.02,0.6915,-1.4499999899432503,2.175619912325745,0.0011182290313556,8.011043228544819e-10,518.0073825631546,5.999999998840531,0.3113619670673768,0.2905884401095617,0.4999999991691728,141.10880919259307,3.4964773701507093,0.0001131167388355,1.0788512037383549,0.0,0.0,480.2338994167663,0.0,2260.611080169672,cal_final_2008-09-30
05488200,hbv_lite_cma,evaluation,0.66721,0.584231,0.201119,-0.178321,71.004249,13,explicit_euler_dt1,hbv,success,,32.85,0.6387,-1.2487201853937129,6.391636358870644,0.045224980919649,0.0015269649721264,534.1462324722861,4.167653913144396,0.6552984704023286,0.787892173554509,0.0374350325025291,12.80885735285736,1.6451737780094604,0.0001278999299126,1.0118073456371186,0.0,0.0,474.46457511015865,4.27224384337719,2183.5357207135803,cal_final_2008-09-30
05489000,hbv_lite_cma,evaluation,0.739575,0.655841,0.121845,-0.184896,24.139686,13,explicit_euler_dt1,hbv,success,,33.79,0.6749,-2.04827547565129,5.191570584960868,0.0897575264751957,3.911626176862394e-05,574.4775574285189,5.4319849197721615,0.6938976495449722,0.5971490593695183,0.0823412935648823,7.105290759515402,2.137914187252397,0.000100013219442,1.1695336691342162,0.0,0.0,524.8515633496348,0.7260715947342864,2271.437382653806,cal_final_2008-09-30
05495000,hbv_lite_cma,evaluation,0.72369,0.70469,0.087798,-0.211404,27.884106,13,explicit_euler_dt1,hbv,success,,39.43,0.7575,-1.6442278093353777,2.584852982891693,0.0662087216264516,0.0061507966586727,407.6102808780013,5.999900409874536,0.2156863623035633,0.759752738306482,0.0658742180583695,11.096622243201688,1.6831877244409816,0.0001000034600001,2.115221838708726,0.0,0.0,382.55358385145024,1.1302482521886903,2172.8187727412683,cal_final_2008-09-30
05495500,hbv_lite_cma,evaluation,0.711778,0.660374,0.145502,-0.171327,35.713172,13,explicit_euler_dt1,hbv,success,,33.93,0.7741,-2.4999994922681505,14.999998581205324,0.0967537149746152,6.819728833428164e-10,480.6406559313054,4.5806850199244495,0.652861801873692,0.9201095680204208,0.0581262472944238,11.632777333763311,1.671013014833976,0.0001000000154903,1.481700172702105,0.0,0.0,429.8027400906312,1.7623314753469694,2301.487481144355,cal_final_2008-09-30
05501000,hbv_lite_cma,evaluation,0.680391,0.643759,0.068944,-0.223479,17.658324,13,explicit_euler_dt1,hbv,success,,33.41,0.7728,-2.4898376828811903,14.998816524295432,0.0818350228269353,0.0003824483573958,437.4933629555771,5.997208338137473,0.2523336095275869,0.8277567081784065,0.0546319604733421,13.164766696319916,1.5940819916055236,0.0001000288313578,1.4507891522611482,0.0,0.0,411.6114977228966,2.915504676992979,2243.037870384355,cal_final_2008-09-30
05503800,hbv_lite_cma,evaluation,0.684043,0.621396,0.027801,-0.315121,622.717766,13,explicit_euler_dt1,hbv,success,,33.36,0.803,-2.499999675955607,0.7676770200242281,0.0543241791904766,2.872331018638984e-09,409.1304023327871,5.999995844837044,0.2034548348113667,0.887437248462261,0.100648790752523,7.289678242116643,3.19644344566266,0.0001000000229325,1.4507891073294965,0.0,0.0,384.5717847869068,0.0,2766.9196947800915,cal_final_2008-09-30
05507600,hbv_lite_cma,evaluation,0.66142,0.539248,0.37658,-0.023047,463.602094,13,explicit_euler_dt1,hbv,success,,33.81,0.7681,-2.4999999987831134,14.999999558188367,0.0620684851758077,4.413346138009153e-12,352.48320180609227,5.99999990774871,0.208200996612029,0.9899999994398628,0.0100000024816118,5.406010316603807,2.050515483016741,0.000100000005559,1.8657931517099988,0.0,0.0,328.21397964734274,0.8308360549612581,2216.4357098705937,cal_final_2008-09-30
05508805,hbv_lite_cma,evaluation,0.703463,0.678968,0.179394,-0.157755,45.791282,13,explicit_euler_dt1,hbv,success,,32.66,0.734,-2.499894202762432,0.6070294979959042,0.0219854065957861,9.09960410554096e-05,377.7547423378485,5.998705234070751,0.4614803220085751,0.9899819244288738,0.1711578417661698,5.934350545404053,2.947150694367409,0.0001000479697976,1.0167672498538691,0.0,0.0,353.3310737242489,0.0,2302.341668846003,cal_final_2008-09-30
05525500,hbv_lite_cma,evaluation,0.573101,0.338704,0.630591,0.094128,12.827938,13,explicit_euler_dt1,hbv,success,,38.78,0.693,-0.6500003103571395,4.176301527347434,0.0329282890693799,4.189874505572346e-11,410.6620352088137,5.999999212104343,0.2775154238782507,0.9612839178051076,0.4999999972343063,195.3802852080484,4.794211615073306,0.0706145411373586,2.11321533623379,0.0,0.0,379.9445446174626,0.0,14.529473489516173,cal_final_2008-09-30
05556500,hbv_lite_cma,evaluation,0.519575,0.63635,0.144181,-0.143867,7.349247,13,explicit_euler_dt1,hbv,success,,32.78,0.7569,-1.0600591693673185,9.354343102963844,0.0483923455897195,0.1679130804886602,479.5858420031089,5.991322358962867,0.5884924892352511,0.7600744034869954,0.0389955861379783,39.907974515049794,0.93533528272862,0.0001000121426904,1.3200215085275062,0.0,0.0,456.9407847007747,25.49010865133461,1934.6135727035896,cal_final_2008-09-30
05584500,hbv_lite_cma,evaluation,0.793839,0.713299,0.19192,-0.110369,16.17786,13,explicit_euler_dt1,hbv,success,,42.09,0.7021,0.1641837187183465,10.075691275813725,0.0399063259571528,1.1301496842542576e-05,442.6089325698214,4.5861093947768845,0.5957934022241247,0.4022469620408677,0.0738255060872713,19.00698047796497,1.6809627824678657,0.0001000000966097,2.581091579277703,0.0,0.0,400.7897435662448,0.1150698348312507,2372.231364656415,cal_final_2008-09-30
05591550,hbv_lite_cma,evaluation,0.60114,0.424596,0.531703,-0.103786,262.002759,13,explicit_euler_dt1,hbv,success,,33.61,0.5093,-1.0556243117865671,1.60737843124103,0.0821104048423729,0.0340215556848662,354.8407786702186,3.772315793770748,0.3606851557648048,0.9899915113874124,0.4968279966384892,3.5835094205952507e-06,5.660517996483093,0.000283765397831,1.0002864504447797,0.0,0.0,292.1227453638684,0.0,2380.2511475759043,cal_final_2008-09-30
05592050,hbv_lite_cma,evaluation,0.648674,0.603379,0.238859,-0.127191,99.546611,13,explicit_euler_dt1,hbv,success,,33.72,0.7777,-0.380389432374955,3.0766403750806584,0.0491365852259138,0.1184542993920214,531.908809462931,5.373928319009784,0.5382003904050268,0.989985579427952,0.0463423123528847,22.574217516555557,1.2359375959298982,0.0001000132799739,1.428808905475698,0.0,0.0,486.1836282683703,3.418599080068323,2309.0109732200904,cal_final_2008-09-30
05592575,hbv_lite_cma,evaluation,0.522928,0.560022,0.240169,-0.121834,82830.329457,13,explicit_euler_dt1,hbv,success,,34.72,0.5476,-2.3500687910959925,1.325573531229895,0.0990723539645409,0.0547474574644942,528.4032839338718,5.999848881450854,0.6200215605018562,0.9899999977603556,0.4999888098964728,1.4796063400705103e-06,3.7858940828777943,0.0001000012559946,1.0009904279505646,0.0,0.0,459.7679433579297,0.0,2692.516616793368,cal_final_2008-09-30
05593575,hbv_lite_cma,evaluation,0.798837,0.711024,0.179106,-0.089383,47.223388,13,explicit_euler_dt1,hbv,success,,34.83,0.8301,-1.0891399223862928,2.8800854546408474,0.0999993900072878,0.1885433558195082,243.91810087664152,5.999826437426153,0.200814217058981,0.9899955545773552,0.4952280974577872,17.90272662035461,2.6570254022689044,0.000100006955321,1.6815972351220705,0.0,0.0,204.18386169210663,0.0,2150.7689038231024,cal_final_2008-09-30
05593900,hbv_lite_cma,evaluation,0.567684,0.545973,0.386775,0.058369,97.934385,13,explicit_euler_dt1,hbv,success,,33.75,0.7745,-2.070114726322534,6.255334658305901,0.0250055534427714,0.1995431167071929,266.73595017173955,5.999999988048705,0.3291179441714938,0.9899999997564732,0.0179386955120441,16.51577052240592,0.938541807039142,0.0001000007031605,1.199070251256764,0.0,0.0,244.1191146673233,7.453785725219441,1851.2927090306368,cal_final_2008-09-30
05595730,hbv_lite_cma,evaluation,0.742667,0.535929,0.317504,-0.029983,1152.665537,13,explicit_euler_dt1,hbv,success,,33.79,0.7219,-2.049839060005195,2.436788286197946,0.0884598567940164,0.1666957634832797,359.95241760892594,5.999992626727771,0.2141482833018782,0.989999988582797,0.1642071434198767,10.369267786688496,1.488236318940529,0.000100000550878,1.954336685825457,0.0,0.0,294.1057864403058,0.0,2073.704161053693,cal_final_2008-09-30
06221400,hbv_lite_cma,evaluation,0.574124,0.762695,0.119936,-0.02055,-0.78923,13,explicit_euler_dt1,hbv,success,,56.29,0.7658,-0.7000024945399166,1.4577664279270852,0.0006078429966924,0.0313022948846737,65.13884807623391,1.0000003567659794,0.9999989166803912,0.0500005253669026,0.0205276646515062,199.9944643377784,2.387245211344502,0.0515983869894637,1.8566104552442604,0.0,0.0,35.68672710877464,0.0,14.82431787964174,cal_final_2008-09-30
06224000,hbv_lite_cma,evaluation,0.781859,0.816123,-0.058961,-0.140245,-0.205711,13,explicit_euler_dt1,hbv,success,,42.14,0.8488,-0.130065921979924,3.026861445281209,0.0548945326182713,9.306180752454584e-08,73.47365487179964,1.893067755178645,0.2549523007093884,0.1959229574681535,0.1950028172466775,54.6150359419549,18.517370583837447,0.0215373601991284,1.0785864944816117,0.0,0.0,26.031500166988007,0.0,34.97984850479482,cal_final_2008-09-30
06278300,hbv_lite_cma,evaluation,0.756917,0.826725,0.12581,0.066391,-0.864267,13,explicit_euler_dt1,hbv,success,,38.1,0.8068,2.063504889474774,7.565074905268085,0.0494974820883646,2.5129882220020484e-14,870.8063937782324,1.0000000000028488,0.5697316330795958,0.1335885998522372,0.4999999999973841,153.70622666200816,19.421132440383104,0.0704036609477385,1.753016122001238,0.0,0.0,554.1737560446786,0.0,10.375884396910669,cal_final_2008-09-30
06280300,hbv_lite_cma,evaluation,0.468136,0.517127,0.315236,0.254847,-0.752666,13,explicit_euler_dt1,hbv,success,,65.21,0.7838,2.4600001416995383,4.612781231654926,0.0463444334244168,9.191067709429923e-10,724.9898663402788,1.0000000000510791,0.4949772073432219,0.5705995173947893,0.2828322110806241,197.8301002782736,18.004457772549713,0.0384682457794951,1.4369829950115949,0.0,0.0,422.5680420761965,0.0,24.3769868963257,cal_final_2008-09-30
06289000,hbv_lite_cma,evaluation,0.262291,0.463068,0.390469,0.360636,-0.180465,13,explicit_euler_dt1,hbv,success,,108.29,0.7115,-2.480005717472111,0.6057637461838822,0.0595010607076598,0.1999998920698986,2396.0632463024,2.4078621505747493,0.4632714923109782,0.2380092783483643,0.0100268839294412,114.92447176315316,6.517723055641066,0.0425575294941621,1.7157408074434903,0.0,0.0,1752.3533649121669,0.0,11.064765658735023,cal_final_2008-09-30
06291500,hbv_lite_cma,evaluation,0.431264,0.661518,0.153748,0.18838,-0.508112,13,explicit_euler_dt1,hbv,success,,103.58,0.7701,1.6680115380450893,0.5000182910259208,0.0425905184612507,0.0964578260401357,395.7238492834449,1.4352438630116753,0.2000000005745498,0.4568833311532831,0.4044325870175722,9.670690872961549,19.323379266120984,0.0569865719528195,1.336681699542532,0.0,0.0,148.71053304698103,0.0,3.9498673841413168,cal_final_2008-09-30
06311000,hbv_lite_cma,evaluation,0.701194,0.726376,0.227885,0.079944,-0.625811,13,explicit_euler_dt1,hbv,success,,102.64,0.6863,2.180001909835018,7.123625690768511,0.0493933089643443,0.1298212103385182,1962.2203438005804,2.0068489573967065,0.5207389434689006,0.1601854783745462,0.2771698630017951,117.76635193700302,18.221357283499813,0.0574602987903631,1.6248067638325387,0.0,0.0,1301.1557629539273,0.0,8.144215925868279,cal_final_2008-09-30
06332515,hbv_lite_cma,evaluation,0.135278,0.13264,0.09155,-0.429681,22.388042,13,explicit_euler_dt1,hbv,success,,33.81,0.1143,2.099999803258922,4.983940380118917,0.0479005566108469,0.1999999902018557,2073.2609094523696,3.43671783405882,0.2130882869651531,0.5168180462467106,0.3947697731529255,34.09341712280291,21.278463329502664,0.499999999994766,1.1529152333816597,0.0,0.0,665.1529690977244,0.0,0.0008500887785225,cal_final_2008-09-30
06339100,hbv_lite_cma,evaluation,0.103645,0.052987,0.340193,-0.202783,59.441052,13,explicit_euler_dt1,hbv,success,,33.72,0.0895,1.7899998903523704,14.999999997715124,1.0535624149215947e-10,0.1860767537897701,2499.999957656528,2.9506886749322057,0.2394846052362696,0.986884359963124,0.2981142096388263,28.4932831138541,2.710270326195662,0.4999999993527517,1.074689050142873,0.0,0.0,920.147996432303,0.0,0.0017100697567111,cal_final_2008-09-30
06344600,hbv_lite_cma,evaluation,0.099536,0.100772,-0.008678,-0.434198,23.349116,13,explicit_euler_dt1,hbv,success,,34.2,0.0944,1.4100000062799216,14.999999999927356,3.4554561288980924e-13,0.1999999999998324,2499.9999997474074,2.2507153536643543,0.2068086376698328,0.9711431077710946,0.4849173302148784,138.9400071933609,29.033230716914307,0.4999999999590529,1.521824780766056,0.0,0.0,602.5297870731504,0.0,0.0015440818220681,cal_final_2008-09-30
06350000,hbv_lite_cma,evaluation,0.115315,-0.000463,-0.267064,-0.53222,0.370232,13,explicit_euler_dt1,hbv,success,,53.39,0.1472,2.499999999999721,12.16658801292457,0.037730482825978,0.1999999999881208,1664.2797796153798,2.622807188844994,0.2000000000001767,0.0625427871437977,0.459827281904925,53.991348871446256,1.7338164123317052,0.4143926377255791,3.3074555597148336,0.0,0.0,239.72628491136928,0.0,0.0007061092079901,cal_final_2008-09-30
06352000,hbv_lite_cma,evaluation,0.011638,0.073258,0.456903,-0.170592,6.331732,13,explicit_euler_dt1,hbv,success,,54.37,0.1274,2.48319589084636,14.999999981886036,0.0102120954502281,0.199999999999998,1349.5069937533458,2.4390076761685364,0.2000000002011927,0.6221870105898853,0.4999999763627137,108.90870551011533,0.2286267991655008,0.1991584872043829,3.2675972778088798,0.0,0.0,197.0621481092651,0.0,0.0122635370822954,cal_final_2008-09-30
06404000,hbv_lite_cma,evaluation,-0.298006,-0.110233,0.977884,0.576739,2.785673,13,explicit_euler_dt1,hbv,success,,36.02,0.4575,2.4985583025843408,0.5319197881532758,0.099488999954348,0.1696938240706282,2498.195802524017,3.602364616204783,0.3611310653060854,0.3125251305772801,0.4999993639978276,113.64381875657924,0.5891587771762274,0.1114613665821119,1.0266199723731655,0.0,0.0,1315.606025771156,0.0,0.209850314003279,cal_final_2008-09-30
06406000,hbv_lite_cma,evaluation,-2.031298,-0.423651,0.902906,0.660068,3.397543,13,explicit_euler_dt1,hbv,success,,35.18,0.0137,1.7734985449470484,7.191416769440213,0.0961780090580939,0.0599332898193245,2336.704941802435,3.346178249633564,0.2648712874453179,0.9816355146906424,0.2723878004828165,5.333846005250422,0.4737338801200325,0.1230889084863229,1.1216802383816875,0.0,0.0,930.1829814408104,0.0,0.0720008701903517,cal_final_2008-09-30
06409000,hbv_lite_cma,evaluation,-1.128705,0.217069,0.511413,0.112517,1.350124,13,explicit_euler_dt1,hbv,success,,90.21,-1.4695,-0.539290723569599,8.236563703479721,0.0968695132037668,0.0031076383097542,2499.995108688389,1.000000139667636,0.2139576948558761,0.9234531469509014,0.4999999216398918,114.42058201526142,10.691465626663742,0.0001523481005789,5.826365286182282,0.0,0.0,901.7138395152398,0.0,1188.7711410172187,cal_final_2008-09-30
06431500,hbv_lite_cma,evaluation,-1.411001,0.007976,0.852834,0.340303,1.851394,13,explicit_euler_dt1,hbv,success,,138.63,-0.1786,-0.6974433680684966,0.5689619737028226,0.041348776515829,0.1352757882438784,122.03679334728854,3.096235422538006,0.2000460418705461,0.7326311032356854,0.0434745017739415,124.4746098094576,10.942168078145356,0.0002746606751575,13.001006873821016,0.0,0.0,53.61667220961658,0.0,1873.4361162918567,cal_final_2008-09-30
06440200,hbv_lite_cma,evaluation,-0.011166,-0.201006,0.942171,0.244286,7803.088547,13,explicit_euler_dt1,hbv,success,,43.59,0.2588,-0.279922642953649,11.629681561573028,0.0106267778172327,0.1999463058014775,1037.069161661836,2.593905362872813,0.3193714652349189,0.7102179573206958,0.1370127589440228,23.158565180280107,1.885224531981195,0.4999998699681026,2.7819725603008862,0.0,0.0,347.1418205624463,0.0,0.0081155176146644,cal_final_2008-09-30
06447500,hbv_lite_cma,evaluation,-3.619213,-0.706244,1.122643,0.594465,1.155756,13,explicit_euler_dt1,hbv,success,,43.32,-0.0449,1.4357789704032364,14.999999999970996,0.0026655722643436,1.052467351397231e-13,2499.999999999985,2.67983947366097,0.2000000000002348,0.241318400733405,0.4927491007263161,2.88278546780286,28.36994152770564,0.1209344964462347,2.1575060228705225,0.0,0.0,656.6764882686547,0.0,0.1446076026937232,cal_final_2008-09-30
06470800,hbv_lite_cma,evaluation,-0.106282,-0.7759,1.660657,0.08478,1815.374703,13,explicit_euler_dt1,hbv,success,,78.0,0.1409,0.0664939337465577,8.533906575611805,0.0198953223284094,0.0758026987477385,2499.832117511869,3.0433436191754635,0.319641651544397,0.3332859775581021,0.0149782508101771,124.73932845281574,0.7584782271976289,0.0001000057854549,2.4023686859037943,0.0,0.0,1524.6107748592856,0.582556378492835,506.70074787140015,cal_final_2008-09-30
06477500,hbv_lite_cma,evaluation,0.178163,-0.481425,1.306898,-0.142724,2681.326743,13,explicit_euler_dt1,hbv,success,,55.26,0.5221,2.3519982895411644,8.516105359814508,0.0827209655993568,0.1869610470149278,2388.918204249396,1.0000315067248893,0.2000001780976389,0.0996771342431289,0.0581066982683551,185.91836243233877,1.5633762909331876,0.0001000000000435,2.880953652319735,0.0,0.0,681.7654632747306,0.0,998.259237294686,cal_final_2008-09-30
06479215,hbv_lite_cma,evaluation,0.100077,0.199725,0.288447,-0.451683,64.537397,13,explicit_euler_dt1,hbv,success,,42.43,0.7615,0.177242005530215,14.999990976069537,0.0021145194812191,0.1999983733854071,128.55612985235868,1.0007412789747732,0.2000071837705575,0.2831700864251385,0.0310412525309373,33.457630349707095,2.81828459677986,0.00010000127429,1.1259843995136587,0.0,0.0,45.11455024266318,0.0,1834.147897442357,cal_final_2008-09-30
06601000,hbv_lite_cma,evaluation,0.014187,-0.072054,0.57763,-0.287929,4.762838,13,explicit_euler_dt1,hbv,success,,53.89,0.2701,-0.951259693524804,14.958616819177864,0.0125982912415052,0.1994183599743468,78.18547313337882,1.1931498822739033,0.3640844451448936,0.8977080934372146,0.4990598202092867,112.3526122710368,18.26682287585475,0.0002042074379423,1.6898901629533722,0.0,0.0,36.18217669578559,0.0,2290.2551193213462,cal_final_2008-09-30
06614800,hbv_lite_cma,evaluation,0.822685,0.87716,0.076364,0.044747,-0.814937,13,explicit_euler_dt1,hbv,success,,40.82,0.8747,2.4699999447633045,6.199591851950054,0.0500077164537556,6.532044189038133e-10,2499.999989128736,1.000000000486666,0.4967893836584242,0.2378851970644505,0.127865215984778,86.0640642593195,14.8284630234842,0.0505238606681354,1.0472281513158297,0.0,0.0,1773.444908561624,0.0,34.11569587905209,cal_final_2008-09-30
06622700,hbv_lite_cma,evaluation,0.707338,0.63416,0.338396,0.122171,0.813559,13,explicit_euler_dt1,hbv,success,,82.37,0.6796,1.5136528086952108,5.089210135311204,0.0358219488136119,1.3567665421569702e-05,2086.7630887468968,1.0012401841886784,0.533600213863868,0.778222365750189,0.3145524896475429,64.78746348053437,14.344479526158144,0.0355717917754356,1.000912771402956,0.0,0.0,1216.2101476027951,0.0,22.633135079288657,cal_final_2008-09-30
06623800,hbv_lite_cma,evaluation,0.477633,0.294304,0.65846,0.305708,2.542887,13,explicit_euler_dt1,hbv,success,,77.75,0.7652,-1.0100799239473333,2.561215025397674,0.0803800352173232,0.0118281351661521,2499.9795412699573,1.0000033644924613,0.3010663475533224,0.050000000393355,0.0100000006855594,162.35587887865356,0.0919207044681966,0.4497451762878526,1.8472305133928184,0.0,0.0,1789.9092594241947,142.8566414230366,0.1124632651985823,cal_final_2008-09-30
06632400,hbv_lite_cma,evaluation,0.672741,0.636837,0.331178,0.076314,-0.139361,13,explicit_euler_dt1,hbv,success,,63.72,0.6786,-1.6279594551208976,4.95642619342653,0.0183000884848596,0.1016237248994149,166.29270264814045,1.0023272637037646,0.2001423102783457,0.9881966293467,0.0153673722276194,19.569054675269054,27.257182341029235,0.027804956771434,4.512884193123263,0.0,0.0,26.16257761181489,0.0,15.094910572272896,cal_final_2008-09-30
06746095,hbv_lite_cma,evaluation,0.765453,0.689941,-0.235402,-0.201811,-0.698473,13,explicit_euler_dt1,hbv,success,,44.08,0.8475,2.4799999231189647,4.301303021676873,0.0619299521976523,0.0510705982621289,70.1977344247521,1.0000000177217898,0.999999914536712,0.3909018414687678,0.2724495933638702,105.05859628065215,20.72199899882454,0.0633116940851813,1.958375497494716,0.0,0.0,48.176922908721856,0.0,22.896936736574386,cal_final_2008-09-30
06803510,hbv_lite_cma,evaluation,0.49836,0.323829,0.335384,-0.213695,3.590611,13,explicit_euler_dt1,hbv,success,,39.02,0.775,-1.9948755286831976,4.6058879775011,7.355650055165245e-06,0.0328631075373475,852.578522841185,4.195001005700358,0.9999995022187304,0.989999971097603,0.499997407420738,4.679589855679637,8.16232639773831,0.0001028216684119,1.9217224240514987,0.0,0.0,716.1906477805386,0.0,2181.3775663154493,cal_final_2008-09-30
06803530,hbv_lite_cma,evaluation,0.639875,0.273693,0.596771,-0.115596,4.974275,13,explicit_euler_dt1,hbv,success,,38.41,0.7823,-2.329197142424747,7.554271614481502,0.0536835297768963,0.0803383897652198,475.771429178551,2.0927878409194927,0.2315067019887043,0.9899999994673814,0.4999999666482545,5.454151627969388,5.894028453215637,0.0001696201717821,1.6398140298838189,0.0,0.0,311.6097029119861,0.0,1565.9340049417217,cal_final_2008-09-30
06814000,hbv_lite_cma,evaluation,0.697443,0.691682,0.155502,-0.205388,15.75625,13,explicit_euler_dt1,hbv,success,,36.49,0.742,-2.4999999998666707,10.285005383963352,0.0809381108651401,6.57690852300486e-07,315.7905841005458,5.463433100181803,0.6964343713145631,0.9899998759544972,0.2258583842601955,11.778909009227313,3.73012390040156,0.0001106768143715,1.5984879733398738,0.0,0.0,244.44826882928328,0.0,1909.80979134123,cal_final_2008-09-30
06847900,hbv_lite_cma,evaluation,-6.710782,-5.809766,6.556974,4.493212,73.51505,13,explicit_euler_dt1,hbv,success,,32.76,0.1767,0.4392547731177938,14.999999999982572,0.05531233958446,0.1999999999995799,2499.9999999998727,5.999999999999603,0.4544933130808983,0.8723161721269888,0.4701972084083301,61.62913655548905,10.21947473274464,0.4999999999999968,1.3477644259790915,0.0,0.0,1163.1973505968651,0.0,0.0008075634998554,cal_final_2008-09-30
06853800,hbv_lite_cma,evaluation,0.388458,0.158285,0.775194,-0.158636,23.464002,13,explicit_euler_dt1,hbv,success,,51.43,0.6517,1.8203905348734324,0.5473578610777704,0.081987510910332,0.0416201038635766,612.8827921541628,3.794334073129834,0.7165777133476823,0.9899941007855668,0.2274739883593546,6.6001281231035085,6.2833251573496725,0.0001000007885827,2.893178281067083,0.0,0.0,477.13342720392615,0.0,1389.3746872828972,cal_final_2008-09-30
06876700,hbv_lite_cma,evaluation,0.520176,0.358116,0.422339,-0.250597,28.207178,13,explicit_euler_dt1,hbv,success,,52.55,0.5422,-2.289679766522916,1.0003896427187735,0.0794979127143467,0.1129591738831891,2499.857996265752,1.5309397207542403,0.4266430686684058,0.6997475887073719,0.1831741255278464,71.79358130310953,2.454453051074769,0.000100000486632,3.813728605712528,0.0,0.0,1167.6729928127252,0.0,1194.603473103827,cal_final_2008-09-30
06878000,hbv_lite_cma,evaluation,0.474348,0.470265,0.019965,-0.464437,6.532095,13,explicit_euler_dt1,hbv,success,,38.09,0.7643,-1.6198438529731476,1.045267057010495,0.0381490827872893,0.1209804065288349,61.18887982144558,5.993066600877136,0.3182127514660056,0.4299277626266646,0.1095722770712996,23.800898074601943,8.144825474982385,0.0001005138569891,1.325667267698186,0.0,0.0,32.00438589397508,0.0,1878.354922964784,cal_final_2008-09-30
06879650,hbv_lite_cma,evaluation,0.321765,0.296191,0.08278,-0.534728,,13,explicit_euler_dt1,hbv,success,,34.59,0.416,-0.4499297686832291,6.037591848452789,0.0452312821223531,0.0058093770468853,457.6114883413161,5.301377094056404,0.980209068054392,0.8987006741407283,0.0157640771038232,1.1562379175966286e-05,13.007359446316006,0.0001208988762045,1.9960502520122956,0.0,0.0,412.9551793807914,0.0,2910.607209414029,cal_final_2008-09-30
06885500,hbv_lite_cma,evaluation,0.701228,0.663184,0.303639,-0.065564,10.159696,13,explicit_euler_dt1,hbv,success,,33.64,0.771,-1.668723792414363,14.985803977150043,0.0690581550985845,1.8142477499721493e-06,217.5746821428206,5.573104138561816,0.9247513704161396,0.8288869501979899,0.1805037145527146,13.92727303729197,3.780776364177121,0.000100001315922,1.4139650041708027,0.0,0.0,186.33214993168855,0.0,2180.2770605259934,cal_final_2008-09-30
06888500,hbv_lite_cma,evaluation,0.657907,0.544033,0.150787,-0.322828,12.352482,13,explicit_euler_dt1,hbv,success,,34.68,0.6091,-2.499999999844204,0.5181687997086437,0.0024311558392332,0.1957203801675001,206.62792372200056,1.2223551620780708,0.2000074895454268,0.8625063626590883,0.4976456197059157,11.57507885737033,5.807773060625669,0.0001734749424335,1.0163401884116936,0.0,0.0,123.9599165412946,0.0,2323.270940203616,cal_final_2008-09-30
06889200,hbv_lite_cma,evaluation,0.671437,0.613354,0.257134,-0.205179,19.425072,13,explicit_euler_dt1,hbv,success,,35.38,0.3989,-2.4999999995952717,1.415458934156718,0.0665481557624749,8.702204726762127e-10,79.87887721715975,5.999999989767418,0.2000000002735873,0.9899999979547578,0.4999999997165789,11.86076062113128,7.336415704061882,0.0001701560919154,1.361615076373689,0.0,0.0,56.3118370120131,0.0,1958.8198428557732,cal_final_2008-09-30
06889500,hbv_lite_cma,evaluation,0.777786,0.612438,0.311246,-0.136336,13.192989,13,explicit_euler_dt1,hbv,success,,35.5,0.5939,-0.5982004567101293,0.5198015817725746,0.0157636389421646,0.0137244876753453,189.3562964976322,5.999232264282808,0.2000252682342967,0.9544169225060908,0.4999938636724295,8.097983674198797,4.933060292837529,0.0001838413944331,1.0720002073390615,0.0,0.0,162.93598577994285,0.0,1830.0807978139048,cal_final_2008-09-30
06892000,hbv_lite_cma,evaluation,0.781721,0.736065,0.129425,-0.169408,22.507238,13,explicit_euler_dt1,hbv,success,,44.48,0.8562,-2.369759217650053,1.992952407141238,0.0070050822072886,5.6939486329439744e-05,310.82786988754503,5.998431079389302,0.3007443368809383,0.6804320926719825,0.3568176546664093,8.685872388224894,3.5946168559140945,0.0001000891006024,2.0757654539260386,0.0,0.0,286.7602545636404,0.0,2240.792929026434,cal_final_2008-09-30
06903400,hbv_lite_cma,evaluation,0.535177,0.492953,0.157294,-0.197184,59.214598,13,explicit_euler_dt1,hbv,success,,38.08,0.6908,-0.4303055553546548,3.277421982297373,0.0701793141023525,5.135591238603289e-13,555.4012678725451,5.999999999999942,0.2644311476429449,0.1003313455617278,0.4676845960730068,178.4352732375874,3.097275116165432,0.0001,2.059995899532515,0.0,0.0,514.272973540024,0.0,2154.545487202471,cal_final_2008-09-30
06906800,hbv_lite_cma,evaluation,0.79053,0.743053,0.140964,-0.115549,18.485552,13,explicit_euler_dt1,hbv,success,,35.94,0.771,-2.483796411123721,13.717443674733287,0.0707936261771718,0.1743695273400826,265.8358944982666,4.313005102685009,0.6345919880780375,0.821176202755754,0.0785734281250363,7.993573474990072,2.5058745690811666,0.0001000058903973,1.959111179306585,0.0,0.0,236.3547412895932,0.0,2632.9278878251976,cal_final_2008-09-30
06910800,hbv_lite_cma,evaluation,0.74956,0.629638,0.260791,-0.205005,165.651833,13,explicit_euler_dt1,hbv,success,,35.48,0.72,-1.630089910698166,0.5000067735003262,0.0999434453995963,0.0618774696440888,288.1979642798741,5.999621369768759,0.5166916014836163,0.9899993639050292,0.1742425660364173,4.515398227067099,5.051623727327597,0.0001362921604566,1.444691232012154,0.0,0.0,259.38521483030235,0.0,2223.6218609229886,cal_final_2008-09-30
06911900,hbv_lite_cma,evaluation,0.712459,0.463135,0.453709,-0.107871,405.537117,13,explicit_euler_dt1,hbv,success,,35.24,0.7389,-0.3501735313818277,0.5000000080506732,0.0353994579764656,0.12813561056052,162.76668569195834,5.9999347281603725,0.2000047315485317,0.9899993578335804,0.4999999997834423,11.760810984495851,5.360134595364678,0.0001540093653218,1.05516054810449,0.0,0.0,137.25892325202227,0.0,2244.831399173534,cal_final_2008-09-30
06917000,hbv_lite_cma,evaluation,0.682774,0.683866,-0.004414,-0.228994,113.969507,13,explicit_euler_dt1,hbv,success,,40.2,0.7861,-2.1393583550906405,12.788003495464004,0.0998951822791266,0.0961789970239691,286.25449353694,5.548296688027794,0.5767573565742943,0.8422532731346841,0.0648313505439653,5.605885402257177,3.4269496876325407,0.0001000002267336,2.005885782060777,0.0,0.0,251.3162543233884,0.0,2515.929908477477,cal_final_2008-09-30
06918460,hbv_lite_cma,evaluation,0.624544,0.528244,0.215835,-0.187963,6.245776,13,explicit_euler_dt1,hbv,success,,34.29,0.5423,-2.146036068355274,14.026024170124256,0.053518259683383,0.1748755286923334,558.5650011843953,4.563033553274126,0.6436139402779524,0.9899999903831616,0.1721506206849404,63.71999886392648,3.371557535952757,0.0002325034083524,1.2187710970851482,0.0,0.0,482.1133315528288,0.0,2730.565091158929,cal_final_2008-09-30
06919500,hbv_lite_cma,evaluation,0.727585,0.67107,0.279004,-0.053944,55.577497,13,explicit_euler_dt1,hbv,success,,37.68,0.7719,-0.8700369189185351,11.69622514945417,0.0381480583640322,0.0580455050757259,425.7878693749528,5.99999848589988,0.5833969146502958,0.3342627515984899,0.4999999915733589,147.8175993045589,4.560334478810474,0.0001000000732622,2.011349039164343,0.0,0.0,385.7177466655921,0.0,2941.538849238333,cal_final_2008-09-30
06921070,hbv_lite_cma,evaluation,0.786416,0.791018,0.12567,-0.093917,9.360144,13,explicit_euler_dt1,hbv,success,,34.67,0.7601,-2.1492443019112324,4.709959890631027,0.0615516014151208,0.0878765465072137,547.5504899005606,5.02533882147654,0.6970118745581628,0.9899994625793612,0.0693702816397391,17.54433278346628,1.4711381937909296,0.000100000035662,1.1145201809396548,0.0,0.0,489.7369826406567,0.0,2455.927436226722,cal_final_2008-09-30
06921200,hbv_lite_cma,evaluation,0.700509,0.691499,0.144086,-0.206882,52.31557,13,explicit_euler_dt1,hbv,success,,34.71,0.7131,-2.49651827627704,10.518911081131131,0.0132276423889333,0.0035704402058552,509.0294575467218,5.991027463695447,0.7285046249828246,0.9899999578699298,0.4862252872994013,4.480666296253806,5.971809871169801,0.0001266604092086,1.6609163232408024,0.0,0.0,469.0292054806079,0.0,3030.6143857090224,cal_final_2008-09-30
07057500,hbv_lite_cma,evaluation,0.558694,0.504423,0.120964,-0.149672,0.979468,13,explicit_euler_dt1,hbv,success,,34.0,0.8431,-1.1480859160335652,1.4294762055021604,0.0996153361517585,0.1264004450009068,291.1535544680668,1.323723753664907,0.2000017214260774,0.9899832417246396,0.0920324805440843,50.88976697978629,2.601644458393036,0.0003820680618441,1.9840500951184736,0.0,0.0,180.9712019715601,0.0,2361.6322704541603,cal_final_2008-09-30
07060710,hbv_lite_cma,evaluation,0.515574,0.518785,0.367646,-0.218409,9.457559,13,explicit_euler_dt1,hbv,success,,34.31,0.6155,0.4601702766011821,0.6682441427368959,0.0685479461118288,1.1163849418006057e-07,687.2677127299603,5.999996891005864,0.2704924099926911,0.9899999999790644,0.4999995856502561,7.827760842808661,9.531669796890297,0.0001122832773338,1.8072133461466904,0.0,0.0,635.9668404297952,0.0,4096.925161493514,cal_final_2008-09-30
07066000,hbv_lite_cma,evaluation,0.538422,0.528289,0.200091,-0.063839,1.277859,13,explicit_euler_dt1,hbv,success,,33.84,0.7753,-0.5093053016004168,14.998206400187724,0.0018587400430272,0.0261693398495737,331.1214717691332,2.981307445393345,0.4273534806594658,0.941180577712603,0.1778960506305034,56.86302703731193,2.6596539491809907,0.0003188941181762,1.1241535826920683,0.0,0.0,274.3648275766213,0.0,2318.130810497647,cal_final_2008-09-30
07083000,hbv_lite_cma,evaluation,0.82732,0.909397,-0.008541,-0.048214,-0.896297,13,explicit_euler_dt1,hbv,success,,50.7,0.8462,1.9400024584157167,4.279251316087944,0.0267948468866844,6.85744849669241e-11,2499.999999553964,1.000000086270473,0.4374518536757142,0.8549101072755949,0.4999992151197058,171.29041582363843,17.879326652418186,0.0468845085152595,1.6510069465979509,0.0,0.0,1468.8358617388076,0.0,15.2239283404197,cal_final_2008-09-30
07142300,hbv_lite_cma,evaluation,-11.983665,-4.664492,5.120811,4.338212,75.173783,13,explicit_euler_dt1,hbv,success,,65.27,0.2756,-0.8642995231390458,0.5000000038566742,0.063592922474301,4.1912256713515297e-08,2499.9999945200466,5.876088880544592,0.247015477161597,0.7261308413987607,0.0818095278875047,62.67241769899206,0.5833488723007043,0.4999999997979442,5.1445987027357125,0.0,0.0,1246.8727469419152,0.0,9.223029986218616e-06,cal_final_2008-09-30
07145700,hbv_lite_cma,evaluation,0.634363,0.65381,0.269639,-0.122702,25.91827,13,explicit_euler_dt1,hbv,success,,34.2,0.81,-0.8999850441067725,6.740412087087,0.0448372584290364,1.5989763390776214e-05,150.02544220496452,3.546985066210791,0.7702487864297842,0.7942862870259049,0.3384107505793458,7.941123448985392,3.791099914482845,0.0001000000005104,1.243101832820332,0.0,0.0,116.33554407325938,0.0,2212.6560451900727,cal_final_2008-09-30
07167500,hbv_lite_cma,evaluation,0.447848,0.392121,0.334949,-0.180225,132.87699,13,explicit_euler_dt1,hbv,success,,33.74,0.7209,-2.4999989357405235,4.90436234537725,0.0119613926475517,1.0411453451922228e-07,163.57495279526046,5.999988497609115,0.2000075691494158,0.9899999984037148,0.4999988691756851,5.001502033278229e-07,5.289480766910407,0.0001986865415625,1.1177147899598183,0.0,0.0,131.12476639271017,0.0,1857.879556103236,cal_final_2008-09-30
07180500,hbv_lite_cma,evaluation,0.661575,0.618461,0.221283,-0.200816,13.582979,13,explicit_euler_dt1,hbv,success,,34.17,0.6568,-2.4904029996459607,2.46747573551442,0.0085121471099839,2.0995390301780746e-06,303.4983395579279,3.328081609302677,0.6371359587721599,0.9899999925133488,0.4999774591835819,4.152726107920983e-05,4.881887160375053,0.0001920217686135,1.0001142553187223,0.0,0.0,265.64266198130633,0.0,1711.9777164681998,cal_final_2008-09-30
07184000,hbv_lite_cma,evaluation,0.620546,0.58436,0.174489,-0.061792,124.699643,13,explicit_euler_dt1,hbv,success,,39.9,0.7109,-2.330075318091246,14.539810583531873,0.0994127820078554,0.0575371191910186,243.68967647066515,5.999998906516284,0.2707744290856038,0.9899941425086128,0.0656958635081674,6.874590913189708,2.2621957261938124,0.000100000558684,2.927634403065015,0.0,0.0,210.46612622958625,0.0,2245.5987686874896,cal_final_2008-09-30
07195800,hbv_lite_cma,evaluation,0.360089,0.342117,0.117846,-0.206745,1.588002,13,explicit_euler_dt1,hbv,success,,34.2,0.446,-1.002316448450118,0.9176926984480526,0.0338101330756924,0.1307357967679751,243.2216622155013,1.9141304541877069,0.2001639431739537,0.2644421446428907,0.082256668379545,40.24814915470502,2.9316532643617204,0.0001672311472263,1.73503478977135,0.0,0.0,181.5723025301903,0.0,3263.436612425226,cal_final_2008-09-30
07196900,hbv_lite_cma,evaluation,0.494039,0.444019,0.253713,-0.347608,34.994161,13,explicit_euler_dt1,hbv,success,,34.03,0.7008,-2.499982401772161,2.9974255472954567,0.0426534776070365,0.0865480843417294,486.49762768646434,5.98137130553542,0.8291387316916254,0.9899997628171274,0.4999930230165187,5.739732831458044e-06,12.421224484261929,0.0002421751920459,1.9798492649355888,0.0,0.0,443.1834480726275,0.0,3679.6533242958376,cal_final_2008-09-30
07197000,hbv_lite_cma,evaluation,0.722109,0.785661,0.115786,-0.134066,3.231076,13,explicit_euler_dt1,hbv,success,,34.33,0.8299,-0.9511442012988736,9.063975976167509,0.0549377685764546,0.1192340759498544,424.3353566988924,4.068538829312388,0.8400589222497405,0.9025476899007404,0.0563557180743808,43.2524061786912,2.0424200517612983,0.0001000003990895,1.0001959659076438,0.0,0.0,371.9490259051228,0.0,3644.0813927965,cal_final_2008-09-30
07208500,hbv_lite_cma,evaluation,0.068905,0.125515,0.708456,-0.024172,4.183332,13,explicit_euler_dt1,hbv,success,,132.85,0.7497,0.7227954052579282,13.94319195161389,0.0112386892850702,0.1582428148110586,1335.8230509164557,1.0002759969328008,0.3701997494489271,0.4597586803021064,0.0100012178203019,115.73948995223805,2.0661959141575315,0.0001000002163077,8.186704226232166,0.0,0.0,593.5905058811782,0.0,2064.327721404161,cal_final_2008-09-30
07261000,hbv_lite_cma,evaluation,0.549043,0.6674,0.048826,-0.241526,74.767356,13,explicit_euler_dt1,hbv,success,,34.37,0.8698,-0.1898720851951485,13.87872431535012,0.0446426598460022,0.06804562635775,239.7990275062853,2.00833205914107,0.2000190008039764,0.8809497294659104,0.0972994118513632,35.179682628169296,1.295547527777255,0.0001000008309828,1.6320900322769258,0.0,0.0,193.7450878595173,0.0,2476.837249148179,cal_final_2008-09-30
07263295,hbv_lite_cma,evaluation,0.547727,0.533354,0.414377,-0.041016,1342.83684,13,explicit_euler_dt1,hbv,success,,35.02,0.5831,2.0779308718457337,0.5008999704136774,0.0143743439317943,0.1995470062317109,473.4161819563982,5.963627588501475,0.706729757844538,0.9899992649457384,0.498127002715462,0.076954022345651,5.126780228871772,0.0002057030794323,1.8764759988355275,0.0,0.0,434.4800724490943,0.0,3233.351722218088,cal_final_2008-09-30
07291000,hbv_lite_cma,evaluation,0.643734,0.659628,0.096538,-0.22386,2.66633,13,explicit_euler_dt1,hbv,success,,32.37,0.5882,-0.255894909469414,9.397875569497486,0.0925932697070803,0.0332833925688225,508.8710340650181,4.219623976271531,0.6479169989470288,0.9899999952781264,0.4999999055949488,7.615771482458528,8.56475113969143,0.0001269122730765,1.4826085458152378,0.0,0.0,458.6273721360415,0.0,4679.375493312899,cal_final_2008-09-30
07299670,hbv_lite_cma,evaluation,0.298725,0.245065,0.332677,0.233288,0.503985,13,explicit_euler_dt1,hbv,success,,35.06,0.1364,2.0300001080156163,0.5000000000970761,0.0981795874220967,6.949886124048219e-09,2499.999997671561,3.5075484436239663,0.434834908092326,0.0599121687881105,0.0726917703264734,65.47589498623189,17.576850686100414,0.4999999999413156,1.1166575766079458,0.0,0.0,1057.8092507604156,0.0,7.484179295013581e-06,cal_final_2008-09-30
07301410,hbv_lite_cma,evaluation,0.024661,0.454376,0.279497,0.09818,7.822201,13,explicit_euler_dt1,hbv,success,,36.01,0.0929,1.0184004152864108,7.087162798532972,0.0906749221968929,0.1067919695116516,1869.6049150891693,4.032483589869184,0.3813971524954607,0.4114609924652001,0.1162444392424875,83.5729116795137,0.0894801243046418,0.0193392840081497,1.1781471374131778,0.0,0.0,754.1696928201135,0.0,2.183601859936075,cal_final_2008-09-30
07315200,hbv_lite_cma,evaluation,0.418329,0.266342,0.40953,-0.165799,9743.718946,13,explicit_euler_dt1,hbv,success,,40.05,0.127,2.4976019200962565,14.88273070147944,0.0806379233737604,0.1996801165390874,1390.482941283759,5.999997638528493,0.2000000873615773,0.4003213816819191,0.49999991309089,150.1145772728363,2.2080964968625154,0.0001000002432114,2.6172488886785046,0.0,0.0,993.1454074241982,0.0,523.4456024887058,cal_final_2008-09-30
07315700,hbv_lite_cma,evaluation,0.479568,0.406757,0.121727,-0.338046,150.15246,13,explicit_euler_dt1,hbv,success,,51.54,0.7213,-1.5100311644872315,5.7716176875057865,0.0752775330938922,0.1520207029997392,463.7235463547601,2.572955369963152,0.6635202843954646,0.6100442879564572,0.4999999997084436,113.30699675787976,4.274626164758157,0.0001000000002836,3.584522213849013,0.0,0.0,272.7197371227712,0.0,1754.4314332379415,cal_final_2008-09-30
07335700,hbv_lite_cma,evaluation,0.62821,0.566709,0.211799,-0.179646,47.406958,13,explicit_euler_dt1,hbv,success,,38.92,0.5911,-2.250014429285139,12.737262220170887,0.0085805433399302,0.0164185021455282,757.3772182039537,5.999708786974387,0.6705907550545646,0.989999999773521,0.0179250875396927,3.48269723630072,6.36997114826451,0.0970911448863901,1.820873654869104,0.0,0.0,702.9752884580208,0.0,7.291343667000446,cal_final_2008-09-30
07340300,hbv_lite_cma,evaluation,0.642921,0.693654,0.07147,-0.18259,4.714666,13,explicit_euler_dt1,hbv,success,,39.39,0.7455,-2.499819759650848,5.4018856829328765,0.0976527264740882,0.1296880591849597,321.0204348319569,2.048931776885609,0.6453501009842235,0.9899994868512724,0.3658588144659297,15.89077590777509,4.671179216167747,0.0001696171327675,1.170813009688945,0.0,0.0,272.3137065571816,0.0,3902.575877640287,cal_final_2008-09-30
07346045,hbv_lite_cma,evaluation,0.788241,0.7746,0.031237,-0.177229,23.659625,13,explicit_euler_dt1,hbv,success,,71.53,0.8307,0.7032425562330986,13.107028886968507,0.0076579564044038,0.1566506739432964,294.4300071898032,1.7932440948459514,0.2000000000008256,0.581885022041392,0.0980451952363063,52.13562952373477,2.7579098291479243,0.0001,4.152959556684738,0.0,0.0,177.77423945604852,0.0,3178.884021225009,cal_final_2008-09-30
07359610,hbv_lite_cma,evaluation,0.584374,0.582626,0.209124,0.008321,2.167781,13,explicit_euler_dt1,hbv,success,,33.57,0.7619,-2.2000718487555044,12.65124933770976,0.0749608991185385,0.0285586250581135,341.12029413428974,5.998570734313171,0.7160655240693117,0.989999456895484,0.2362416755950497,17.588169330110137,2.3016557770147705,0.000334897930057,1.938828209666444,0.0,0.0,308.5618573901704,0.0,2130.897970953187,cal_final_2008-09-30
07362100,hbv_lite_cma,evaluation,0.650308,0.624742,0.226128,-0.077128,17.622379,13,explicit_euler_dt1,hbv,success,,43.19,0.702,-1.7245511573639765,14.990092570861782,0.0937806841334124,0.0511344895104812,513.229327823941,3.0941693619085324,0.2620903073575706,0.9899999998663308,0.1854682882955123,31.28943543181144,2.111479202641984,0.0001000000000041,3.665377990813432,0.0,0.0,416.2973301269702,0.0,2839.0677401623075,cal_final_2008-09-30
07362587,hbv_lite_cma,evaluation,0.454055,0.484788,0.160348,-0.175611,220.821003,13,explicit_euler_dt1,hbv,success,,33.91,0.4324,0.997161465529468,0.6296372156969291,0.0975074579643909,0.1697789051497432,246.9075058200061,3.318689856005708,0.5157092030157522,0.9899982585994668,0.4999986546075682,8.721049315751713e-08,5.281424302529769,0.0001700436550144,1.0009591825121111,0.0,0.0,209.5952115762739,0.0,3627.9498637099146,cal_final_2008-09-30
07375000,hbv_lite_cma,evaluation,0.585484,0.474851,-0.005985,-0.256349,0.773956,13,explicit_euler_dt1,hbv,success,,34.45,0.6352,0.5774777103363804,7.980609213938535,0.0200403467414214,0.1509911111567257,1640.3606236017324,5.99999999507891,0.2049097653717354,0.9899999999003782,0.1258369452454463,62.552800240309615,3.087796944842326,0.0001229616802791,1.8220465132639745,0.0,0.0,1518.7970979472125,0.0,4138.327389724751,cal_final_2008-09-30
08013000,hbv_lite_cma,evaluation,0.698336,0.456668,0.45168,-0.086541,6.533207,13,explicit_euler_dt1,hbv,success,,47.66,0.6581,1.139998845089206,8.918633101091867,0.0937981065436846,0.0152930843523165,776.2834793442505,5.9999997481154015,0.2501922705092934,0.9899999175734076,0.1192649771857293,16.088104493195598,10.934010418417238,0.1248843233401017,4.722043325081289,0.0,0.0,685.1143277629332,0.0,4.153848283292106,cal_final_2008-09-30
08014500,hbv_lite_cma,evaluation,0.72367,0.700271,0.071562,-0.15864,1.540106,13,explicit_euler_dt1,hbv,success,,54.84,0.7737,1.3555287105645617,14.213251567230197,0.0116828881684617,0.198562887407098,633.3394740623476,3.3635256515054994,0.7221908967072821,0.7503428085586501,0.1635132585361792,56.60662994445552,3.838211696186672,0.0001308004100931,3.9874440572755607,0.0,0.0,501.6450161447604,0.0,4512.123318801951,cal_final_2008-09-30
08023080,hbv_lite_cma,evaluation,0.65397,0.617461,0.318162,-0.062171,433.909351,13,explicit_euler_dt1,hbv,success,,39.11,0.729,-1.339236006663194,0.5273479627896612,0.0489901622026296,0.1408892601320311,412.3645235562348,5.999999880694428,0.5279830450394429,0.8488400817873907,0.2761502015175206,36.31312101883342,2.531524424905848,0.0001000000000921,1.3080748563087818,0.0,0.0,291.32501703431194,0.0,2507.594745086855,cal_final_2008-09-30
08050800,hbv_lite_cma,evaluation,0.453431,0.421466,-0.068196,-0.560029,,13,explicit_euler_dt1,hbv,success,,40.23,0.6598,0.7570499848349899,0.5006578382941376,0.0608656764907587,0.1965858094804893,129.8067896219473,5.999358215375571,0.2000000442137146,0.9899962152893445,0.4994532758596392,0.0010487057827509,21.042541475788564,0.0001000013358002,1.2945855755290747,0.0,0.0,86.01234887268205,0.0,2876.7996822266755,cal_final_2008-09-30
08066200,hbv_lite_cma,evaluation,0.612693,0.553251,0.115685,-0.238682,31.976663,13,explicit_euler_dt1,hbv,success,,39.73,0.6564,2.459756314238728,1.4972573666683369,0.0028133176979102,0.0924526982027886,356.02412424264185,1.658585191939543,0.2005385446742042,0.9899999997064074,0.4999995961594728,11.976428417325872,6.421148564300352,0.0001000000605781,1.138507335059152,0.0,0.0,240.54214549353156,0.0,3510.062732169982,cal_final_2008-09-30
08066300,hbv_lite_cma,evaluation,0.559054,0.55695,0.173847,-0.305399,5.207053,13,explicit_euler_dt1,hbv,success,,50.44,0.6898,-1.6086488093772804,7.257416094712607,0.0998900146873067,0.0553927776332178,345.9071270932732,1.279327732569428,0.200000000874575,0.989999987590221,0.1596657835230561,71.67996449059902,5.845183554961876,0.0001430148954994,2.937692085358787,0.0,0.0,228.86762994240203,0.0,4088.494394293892,cal_final_2008-09-30
08070000,hbv_lite_cma,evaluation,0.589005,0.531361,0.160319,-0.188047,6.733937,13,explicit_euler_dt1,hbv,success,,57.8,0.6504,-1.7502048633001177,9.26908446146242,0.0001938607673236,0.1981746805680338,827.7013522896223,5.294943682162217,0.7245311130924919,0.9899999999285356,0.32092289362763,41.54812471066354,4.467536792090849,0.0001000000000002,3.076028870971224,0.0,0.0,732.2232645978443,0.0,3335.465496204656,cal_final_2008-09-30
08070200,hbv_lite_cma,evaluation,0.570061,0.515662,0.187111,-0.193535,7.0542,13,explicit_euler_dt1,hbv,success,,59.66,0.6653,2.3876409303152366,6.7119064437112845,0.0863100184140658,0.013494673064964,788.6134440901291,4.360963283934304,0.7037368650278155,0.7616880819402521,0.260069289173806,49.157512583242855,4.479046864699702,0.0001000060624314,4.90374655586179,0.0,0.0,681.2122184752211,0.0,3539.0611051359388,cal_final_2008-09-30
08082700,hbv_lite_cma,evaluation,0.222816,-1.112278,1.988643,0.098479,,13,explicit_euler_dt1,hbv,success,,37.35,0.7794,2.028704617179761,11.37730926032221,0.0078445444043154,0.1239931368175832,106.95396450424316,3.7020744936559247,0.3183546635964215,0.8470924056717698,0.0100865033839585,53.36233492480845,1.470087788808191,0.0001000131841449,1.0115037812843346,0.0,0.0,53.16293953679628,0.0,1015.6675443788034,cal_final_2008-09-30
08086212,hbv_lite_cma,evaluation,0.311135,-1.053486,1.953075,0.321609,116302.452336,13,explicit_euler_dt1,hbv,success,,37.43,0.395,-1.6255455257966631,5.866207621922367,0.006090738540882,0.1850171319629726,2499.9976350988163,1.4934409950843053,0.2152518981464384,0.9899999318451396,0.0200945986159915,23.3732044106921,0.007642303795492,0.3665812789807509,1.6231686057623724,0.0,0.0,698.3771202735956,14.858686191032874,0.013205197791989,cal_final_2008-09-30
08086290,hbv_lite_cma,evaluation,0.396365,-0.075449,0.892989,-0.329268,18603.756145,13,explicit_euler_dt1,hbv,success,,35.08,0.6314,-1.388694423730374,12.095772869885142,0.0379599289343565,0.1863042574463484,727.9464093312239,5.999999999998202,0.8164039294717971,0.7660573231078694,0.4999999999999819,133.21385764655676,7.033298665584535,0.0001,1.6105544552233102,0.0,0.0,498.70973993665297,0.0,1280.0279291846236,cal_final_2008-09-30
08101000,hbv_lite_cma,evaluation,0.517949,-0.150531,1.078546,0.14758,189.065553,13,explicit_euler_dt1,hbv,success,,33.97,0.574,1.5691506021555446,1.834654596289919,0.0874530399645746,0.1087028495954373,1668.327062773311,5.999999997519163,0.2003448828754057,0.962901724829256,0.0820746985375596,7.7167878966507955,0.6955816113397948,0.0377905866999278,1.75138178460782,0.0,0.0,1144.2051329204603,0.0,3.801756813715485,cal_final_2008-09-30
08103900,hbv_lite_cma,evaluation,0.352478,0.345079,0.58358,-0.092478,,13,explicit_euler_dt1,hbv,success,,37.05,0.509,-0.6570109607259216,4.7389206824722825,0.0015674013800474,0.1834458803197254,423.1759780163871,2.041929702601568,0.5141652402756476,0.9802656648882978,0.2841665029980473,1.6549120569632577e-12,7.589172019041425,0.0001477804499774,1.250520738985665,0.0,0.0,107.69603861724572,0.0,1786.5915127246597,cal_final_2008-09-30
08104900,hbv_lite_cma,evaluation,0.701429,0.539519,0.37892,-0.255578,138.818067,13,explicit_euler_dt1,hbv,success,,35.65,0.45,1.3803316657268925,3.3245387857235094,0.0318692032742295,0.0031286364341741,607.6490972815421,2.806268717345258,0.9999999997749518,0.9899999999746312,0.4999999991123036,1.23493078973758e-07,7.877773215029013,0.0001171688112353,1.1580060016732858,0.0,0.0,309.1587199367031,0.0,2395.855100559896,cal_final_2008-09-30
08109700,hbv_lite_cma,evaluation,0.624648,0.009561,0.976712,0.224719,559.009341,13,explicit_euler_dt1,hbv,success,,46.13,0.7436,-2.454106000042732,11.409870455241832,0.0602895067841704,0.0104048289149062,221.94200922898708,1.6579985997874656,0.2000000610892231,0.8549493200438316,0.1365528414565156,35.518328545453336,3.274419994247504,0.0001000000001684,2.0216732926622853,0.0,0.0,11.086809578012868,0.0,2217.733011015016,cal_final_2008-09-30
08150800,hbv_lite_cma,evaluation,0.196803,-0.140684,0.859786,-0.268955,95.014866,13,explicit_euler_dt1,hbv,success,,43.15,0.5373,-2.1484322112279046,0.5470910533137832,0.068934989833494,0.1644313058253092,2499.999999871016,1.2810784728732,0.2000000000011431,0.9899999999376558,0.4999999997727137,1.499720320859734e-09,4.692035125341415,0.0001000000000015,1.0578380638224192,0.0,0.0,540.2287964582877,0.0,1077.4393122679876,cal_final_2008-09-30
08158700,hbv_lite_cma,evaluation,0.66128,0.434041,0.532983,0.049245,29.30398,13,explicit_euler_dt1,hbv,success,,38.17,0.5834,2.05104178597736,0.5001185961575112,0.0069674329791591,0.1626609462727735,884.4491485659645,3.7557239678194496,0.4717718538844776,0.9899644445708132,0.497759328326777,0.0019112725046162,9.880721475059886,0.0629888035765551,1.0242065752387368,0.0,0.0,339.7916716128974,0.0,0.3530318530549078,cal_final_2008-09-30
08158810,hbv_lite_cma,evaluation,0.434801,0.11458,0.847332,0.289713,588.192295,13,explicit_euler_dt1,hbv,success,,37.81,0.5396,2.499967434099272,0.5000585496337229,0.0627819934055783,0.1619456216659855,678.4120634395956,4.483035766827811,0.8527561014543892,0.9899994915362206,0.0436911730424121,2.9145351175304794,6.811539319464618,0.0588421466236034,1.836076011580407,0.0,0.0,341.6545671168405,0.0,0.4755221251107961,cal_final_2008-09-30
08164300,hbv_lite_cma,evaluation,0.674931,0.504162,0.317116,-0.021079,53.644197,13,explicit_euler_dt1,hbv,success,,38.01,0.6838,-1.1394994886667675,14.901034170597164,0.075520618228062,0.0680183978960894,499.554321001014,5.743108480874444,0.708685161133719,0.9899999996775096,0.3657038863681598,70.90347478806528,3.397773631245082,0.0001000000000525,1.42856544659652,0.0,0.0,194.805837828954,0.0,1803.765614127425,cal_final_2008-09-30
08164600,hbv_lite_cma,evaluation,0.776315,0.606023,0.300055,-0.1275,357.556328,13,explicit_euler_dt1,hbv,success,,37.59,0.7088,-0.0468532623879855,3.915826027510763,0.0207407029581071,0.0738049617860233,126.42371581662674,1.147783914404327,0.2503302127520726,0.98999999958559,0.4023065311933993,19.432020535732008,5.836197260633924,0.0001000000000045,1.0027397874491577,0.0,0.0,12.87207706270564,0.0,2838.4706256561367,cal_final_2008-09-30
08165300,hbv_lite_cma,evaluation,0.375568,0.246793,0.591123,-0.14472,2.097647,13,explicit_euler_dt1,hbv,success,,40.22,0.1517,-0.4893947831218077,0.7882158759091974,0.018603720329826,0.144833664030575,2499.999998397042,1.0000000000010116,0.4522112556936619,0.9899999654825828,0.4999985849351307,1.943573353170484e-09,12.785450444875751,0.00010000002296,1.976569953172377,0.0,0.0,746.4014023533342,0.0,2041.7298818098848,cal_final_2008-09-30
08171300,hbv_lite_cma,evaluation,0.629281,0.613293,0.325107,-0.121938,28.777536,13,explicit_euler_dt1,hbv,success,,38.06,0.7058,1.899940734954992,8.529016439557529,0.0265289791857156,0.1161237036598667,366.8270777411893,1.5300222665023482,0.4514293329381572,0.9899998443306508,0.0624598189089398,39.04753794666905,1.929661642909763,0.0001165784182412,1.1979827545931816,0.0,0.0,85.79366301692001,0.0,1826.9567612075664,cal_final_2008-09-30
08175000,hbv_lite_cma,evaluation,0.603432,0.092059,0.858984,-0.043118,76.631521,13,explicit_euler_dt1,hbv,success,,55.38,0.6877,-2.4588158132440765,4.9636385722797245,0.0954498070770338,0.0360743943112653,139.59089642687982,1.0000000000426548,0.2000000000716855,0.9899999999768586,0.4999999999633133,18.62121318199837,9.029976406480053,0.0001000000000076,3.3978096059483587,0.0,0.0,5.04634136595492,0.0,2524.1384420312206,cal_final_2008-09-30
08176900,hbv_lite_cma,evaluation,0.505771,0.036351,0.884074,0.023889,188.743595,13,explicit_euler_dt1,hbv,success,,43.07,0.6655,-2.4918778306016685,14.02665531523409,0.0681333788295849,0.1757892528547225,248.053574766891,5.267259405964229,0.7733536562210264,0.989993298358794,0.3577848448498942,28.23518792507728,6.6935467828187045,0.0001000015061226,1.7574810173424804,0.0,0.0,118.91462371771487,0.0,2103.355872922037,cal_final_2008-09-30
08178880,hbv_lite_cma,evaluation,-0.719012,-0.066217,0.805729,0.448922,4.906645,13,explicit_euler_dt1,hbv,success,,49.05,0.3002,1.649761259077918,10.018373981506338,0.0693088371608779,0.1811881499762377,50.00000006990979,1.1169720463490664,0.3219310504044038,0.9899999828034411,0.0844338014423455,42.96281374673929,2.2741664494660814,0.0001240475531539,3.146011782871839,0.0,0.0,0.6569796122224638,0.0,1759.9927811184912,cal_final_2008-09-30
08189500,hbv_lite_cma,evaluation,0.710098,-0.597959,1.593599,0.189863,97.003737,13,explicit_euler_dt1,hbv,success,,44.1,0.734,-1.0460209280793138,1.6433956147039313,0.0497134031317441,0.1803406546526643,795.8955808634138,1.0000000003466143,0.7354007258460948,0.7580453671083438,0.0242580056924595,21.075749090143116,3.4290738091786075,0.0001000000254435,2.5228617307919627,0.0,0.0,309.1777602058876,0.0,2783.9713013291066,cal_final_2008-09-30
08190000,hbv_lite_cma,evaluation,0.447234,0.279368,0.361771,-0.082185,2.528013,13,explicit_euler_dt1,hbv,success,,30.98,0.593,1.6185269011359449,3.8745058801950094,0.0975506015292868,0.0005979746554988,2499.999949426583,1.0000000003772822,0.2084443754096235,0.989999997313548,0.4999997157425211,1.3706078376397324,3.5566290951191544,0.0345897676660656,1.0917674581943175,0.0,0.0,339.59837946378497,0.0,5.465649969991183,cal_final_2008-09-30
08190500,hbv_lite_cma,evaluation,0.021383,-0.297876,-0.402387,-0.688769,52.858173,13,explicit_euler_dt1,hbv,success,,30.66,0.1024,2.499999999959666,0.5000000001240122,0.0635947432904233,2.9921337102378486e-10,2499.999999999388,3.521063858669847,0.2000000000018097,0.0774553916299613,0.3574134680224797,193.9025918861969,17.661950116059167,0.499999999999951,1.0156117729830167,0.0,0.0,861.0261580078912,0.0,6.245793893435273e-06,cal_final_2008-09-30
08194200,hbv_lite_cma,evaluation,-1.29233,-7.07579,8.052928,1.885547,,13,explicit_euler_dt1,hbv,success,,40.3,0.3662,1.6800245727861889,3.681161164924187,0.0379323046347479,0.0083706659878114,342.907113073963,1.0000380581640198,0.9999745636745608,0.9796519542354576,0.4835190830524172,21.41948307898005,6.326075344891735,0.0001000136596317,2.6821991101808687,0.0,0.0,201.88804571303265,0.0,1822.1796592991952,cal_final_2008-09-30
08195000,hbv_lite_cma,evaluation,0.449818,0.431057,0.291064,0.007279,1.222156,13,explicit_euler_dt1,hbv,success,,36.9,0.2291,0.6511780630644788,0.6129196492956955,0.0791467042297305,0.1096742614719354,2499.995527104587,1.0909883388462571,0.2661578752127477,0.9899997531041316,0.010071943675277,2.824691757473486,2.1095936264567468,0.0490234167520776,1.5561157815118358,0.0,0.0,449.9135867400323,0.0,3.562937103329572,cal_final_2008-09-30
08196000,hbv_lite_cma,evaluation,0.214933,0.194052,-0.091886,-0.341725,2.279536,13,explicit_euler_dt1,hbv,success,,28.83,0.0836,-0.530001850564247,0.500000092150052,0.0363873594143317,0.1251988550340488,2499.999999696071,1.7350686940667066,0.3213627706491677,0.3568877822495341,0.4955905521963902,71.35691051561068,17.16589360674842,0.4999999999500988,1.294909565195739,0.0,0.0,608.9812978594671,0.0,1.0302981050136948e-05,cal_final_2008-09-30
08198500,hbv_lite_cma,evaluation,0.141615,-1.100747,2.061115,0.36669,132.837818,13,explicit_euler_dt1,hbv,success,,36.53,0.1062,-1.5523457788254935,0.5176001035084904,0.0484776462332908,0.1924024848295131,2499.9999854636094,1.000000002747861,0.672802672534299,0.5066297712394179,0.0284500945632285,16.831430901386458,1.197583677597301,0.0001000000032115,1.000095715680335,0.0,0.0,951.0536078255878,0.0,1540.0532492286004,cal_final_2008-09-30
08200000,hbv_lite_cma,evaluation,-0.042324,0.187467,0.530856,0.059039,20.70689,13,explicit_euler_dt1,hbv,success,,49.97,0.2034,-1.103020605044776,3.252819059394654,0.0095104241934296,0.0981833250826651,50.00001879420416,1.0298776431762944,0.2000164477697785,0.989999825068506,0.0512969121423405,27.37463152569568,1.7798720300999835,0.0001470573328253,4.6244790258464095,0.0,0.0,0.1146718222494903,0.0,1452.042950533234,cal_final_2008-09-30
08202700,hbv_lite_cma,evaluation,0.220346,-1.681944,2.648385,2.648385,,13,explicit_euler_dt1,hbv,success,,33.91,0.3448,-1.5640341318395818,8.853057799425004,0.0375675709595562,0.1947423574902311,364.9124175518279,5.999999999786643,0.2000000001756776,0.9899999999746611,0.0100000013560675,16.055644891788727,3.9174305662843913,0.0001000000015331,1.27244353685164,0.0,0.0,48.79737870617123,0.0,773.751192065714,cal_final_2008-09-30
08267500,hbv_lite_cma,evaluation,0.194313,0.578461,0.184686,0.045559,-0.630395,13,explicit_euler_dt1,hbv,success,,73.49,0.5951,1.970004216135643,5.61114087841508,0.0987949244685718,0.010771634614204,2499.998531123916,1.162348854329664,0.2562821566917457,0.1714528410961558,0.0100000226640681,53.2181728618317,4.019467830659443,0.0368410350198199,5.487133107002506,0.0,0.0,1348.3549343573784,0.0,17.835816857283444,cal_final_2008-09-30
08269000,hbv_lite_cma,evaluation,0.304424,0.359391,0.581951,0.114465,0.996682,13,explicit_euler_dt1,hbv,success,,83.05,0.4623,1.7000000231343977,3.190032639863666,0.0639974543759576,1.0686881110612136e-09,2499.999998227076,2.356247717053151,0.2064481382173745,0.1770012830152177,0.0662971450798731,26.97770369254061,14.34151904904134,0.0464896502741557,1.023220104265069,0.0,0.0,1593.1198275653742,0.0,7.518392091428174,cal_final_2008-09-30
08271000,hbv_lite_cma,evaluation,0.693586,0.833137,0.001849,-0.088447,-0.475653,13,explicit_euler_dt1,hbv,success,,92.61,0.7142,0.3899987245977447,3.0453732823577435,0.0640512640452728,3.336720295044496e-09,244.37191344198388,3.5666615738451046,0.2193297703445368,0.6011542048139729,0.1533434662728622,196.4756876957536,21.95993309162224,0.0211915661249928,1.5919127781307354,0.0,0.0,154.14857975945975,0.0,30.958889686842987,cal_final_2008-09-30
08324000,hbv_lite_cma,evaluation,-8.406005,-2.222159,2.725819,1.115338,7.54465,13,explicit_euler_dt1,hbv,success,,43.18,0.1335,0.8500004089712738,6.6376328703725145,0.0954923567111642,5.148917897826957e-09,2499.999973494539,3.079574280538337,0.246535275230236,0.3596636704790465,0.3962574877766662,20.317924941026657,4.235850855971102,0.0305829793210699,1.1558391598455664,0.0,0.0,1466.675181592777,0.0,9.558666521975434,cal_final_2008-09-30
08377900,hbv_lite_cma,evaluation,0.511299,0.516381,0.271068,-0.172876,3.586719,13,explicit_euler_dt1,hbv,success,,101.84,0.7675,0.9612798577168408,5.204021267889369,0.0090972038134519,2.350394043088889e-07,744.6931861231719,1.0007505433217587,0.4845779997172961,0.050276260029364,0.0206468754769587,197.1952476854313,2.4826288055750942,0.0001007818576005,1.2908098289452394,0.0,0.0,445.3852805117452,0.0,3196.369297265512,cal_final_2008-09-30
08378500,hbv_lite_cma,evaluation,0.457315,0.481794,0.274856,-0.21072,2.388734,13,explicit_euler_dt1,hbv,success,,137.86,0.7227,2.4299667578868407,11.475068691783315,0.0098647130079511,0.0386281041551263,1092.6141238773132,1.0003471126840884,0.439378768245975,0.062307237181937,0.0134425278846119,160.80517274749846,2.079695166592059,0.0001409036871867,11.767993763199566,0.0,0.0,595.5416860827272,0.0,2465.35145819399,cal_final_2008-09-30
08380500,hbv_lite_cma,evaluation,0.088773,0.156393,0.62987,0.029437,2.315079,13,explicit_euler_dt1,hbv,success,,39.54,0.341,1.0399974276439568,1.0824802292941618,0.048457619234836,5.942424519824622e-10,2499.999925525652,2.090097795279714,0.2779727205893799,0.8889638913076849,0.3410362279928828,78.03866084893512,13.945502378358617,0.0658275232618252,1.074019782958719,0.0,0.0,1270.0096838707923,0.0,3.5936193930477485,cal_final_2008-09-30
09035800,hbv_lite_cma,evaluation,0.789929,0.786062,0.189218,0.083181,-0.443276,13,explicit_euler_dt1,hbv,success,,107.78,0.73,-1.6011519659216555,1.1663022859078145,0.0999716096107235,0.1438608145257819,2499.999783498858,1.0000609656477664,0.2343119502846637,0.6186171618931576,0.4271500223950998,108.12478282659389,26.13918234238799,0.0531372440583955,1.6471273486181903,0.0,0.0,1404.8231186450469,0.0,13.92584921114586,cal_final_2008-09-30
09035900,hbv_lite_cma,evaluation,0.860386,0.903837,-0.056683,-0.002257,-0.706184,13,explicit_euler_dt1,hbv,success,,43.73,0.849,-0.3106223266959662,1.695320031228553,0.0296439178653701,7.056464608672103e-07,99.69186127080204,2.967883194582809,0.4152949130738812,0.7021036598042157,0.4932364065878427,43.307579532084105,16.6290831053907,0.033710808512677,1.5976843926265631,0.0,0.0,63.2068704153719,0.0,18.43057737976788,cal_final_2008-09-30
09047700,hbv_lite_cma,evaluation,0.681113,0.572499,0.403034,-0.005313,2.079016,13,explicit_euler_dt1,hbv,success,,97.58,0.7216,1.06012216526258,4.641752877704482,0.0970133235068864,9.723849323264092e-08,390.793612496812,1.000000000171885,0.8257989365052889,0.0500005938798686,0.0159304261357269,199.9999824714921,5.123716617613922,0.0001697478774419,1.3385898426926943,0.0,0.0,243.9697449947685,0.0,3323.875564586399,cal_final_2008-09-30
09065500,hbv_lite_cma,evaluation,0.778068,0.803346,-0.154875,-0.134989,-0.825503,13,explicit_euler_dt1,hbv,success,,43.47,0.8482,-0.5700041848575133,2.803414450997878,0.0278485061351509,9.004434856003437e-05,311.9101221063092,5.999546566080578,0.4435159747056989,0.5008066056029178,0.4999981527837724,80.31784007770509,15.86630366500997,0.0473590872364281,1.898412402940326,0.0,0.0,258.51902461847544,0.0,12.455767662984826,cal_final_2008-09-30
09066000,hbv_lite_cma,evaluation,0.784427,0.744546,0.234962,0.061667,0.178077,13,explicit_euler_dt1,hbv,success,,56.55,0.8168,-0.1600001325459032,4.713851415295228,0.0320651956116967,2.0498788184777368e-10,2499.999999866779,1.0076073939514765,0.2932484575767866,0.3114531164225849,0.1302320190196406,109.86023523515036,13.422199282935608,0.0467085657196575,1.984543566974009,0.0,0.0,1699.5790484829083,0.0,24.020455798505303,cal_final_2008-09-30
09066200,hbv_lite_cma,evaluation,0.661366,0.672745,0.27477,-0.035693,0.651779,13,explicit_euler_dt1,hbv,success,,144.47,0.6652,-1.5300013916931223,4.536577128517541,0.0830835871655271,0.0197287132873111,2499.9996296543227,1.0000005147999809,0.272207888659581,0.7055945048500487,0.421725146179909,81.23742627680828,29.999998253711208,0.0325327958852635,1.067194143123121,0.0,0.0,1881.1134004523424,0.0,50.01021144596577,cal_final_2008-09-30
09066300,hbv_lite_cma,evaluation,0.562644,0.557766,0.36642,-0.145829,12.104959,13,explicit_euler_dt1,hbv,success,,87.72,0.7426,-2.274601860513121,2.7565470808764285,0.000494051716054,6.952930857432334e-05,2020.279845616664,1.0002542511043482,0.6948047757741983,0.0500040025168922,0.0136086786606512,199.9965757177061,3.437017714012124,0.0001000055906296,1.1222272766853325,0.0,0.0,1481.8044238098669,0.0,4425.415134421368,cal_final_2008-09-30
09081600,hbv_lite_cma,evaluation,0.7155,0.676826,0.231065,0.162957,-0.636922,13,explicit_euler_dt1,hbv,success,,74.75,0.8009,0.6300000148121025,2.6996715388921717,0.0776170386446064,6.3342195418944105e-12,2499.999999944645,1.0000000021834152,0.4792685093970175,0.8341792585738781,0.0861380734548561,43.98698876222143,28.713677703848106,0.0487762565976886,1.0094397260885613,0.0,0.0,1666.5848345061415,0.0,16.645799122625593,cal_final_2008-09-30
09107000,hbv_lite_cma,evaluation,0.215318,0.221122,0.66713,0.376674,0.122,13,explicit_euler_dt1,hbv,success,,73.7,0.5566,-1.2899999646085678,3.9447450153331993,0.0154842714684585,6.833967427232087e-11,2499.999999840737,1.6267345857400828,0.2392694760867322,0.9175473304123546,0.4999999947186839,91.49316984719422,19.653489482325647,0.0193972942124103,1.8213010331872788,0.0,0.0,1848.808541658838,0.0,73.10591213612618,cal_final_2008-09-30
09210500,hbv_lite_cma,evaluation,0.596236,0.7861,0.086857,0.031823,-0.048653,13,explicit_euler_dt1,hbv,success,,105.33,0.7622,-0.9900000258411574,1.410011963028433,0.0962722226943127,1.2240567358917346e-12,915.8073750055136,1.0000000002191571,0.2000000021426178,0.2449364434528102,0.1418024557949588,119.4121893553546,13.564188115424187,0.0392573728858375,1.1798874037831963,0.0,0.0,155.6370221223919,0.0,3.603832269677953,cal_final_2008-09-30
09223000,hbv_lite_cma,evaluation,0.544367,0.480004,0.460337,0.293014,1.210295,13,explicit_euler_dt1,hbv,success,,92.57,0.835,0.4800008980924768,5.129948877994285,0.0633725454814944,1.5726396157080158e-10,2499.999915219953,1.550478032953145,0.2001997961822802,0.2324221413266579,0.4982023146943268,154.87625070738395,21.54542176474961,0.0415711114737301,1.9942175288614048,0.0,0.0,1392.2935771544016,0.0,8.433710953774098,cal_final_2008-09-30
09306242,hbv_lite_cma,evaluation,-0.162399,0.165293,0.691008,0.404998,1.362479,13,explicit_euler_dt1,hbv,success,,116.28,0.7242,-0.1399664165865712,1.6146594001857697,0.0610060289163578,0.0057715645772265,1375.2325935897738,3.83224300817222,0.3709412603742952,0.971602919084486,0.053481376623494,17.096260432318978,0.0473881358329135,0.0009234644652006,14.671262911099673,0.0,0.0,489.9611171074196,0.0,18.16060887822783,cal_final_2008-09-30
09312600,hbv_lite_cma,evaluation,-0.216883,-0.358098,1.300818,0.352538,6.599988,13,explicit_euler_dt1,hbv,success,,143.16,0.7035,-1.6298945788266987,2.4342387915516976,0.0983821422802751,0.0014840840490834,2499.999469527751,3.2463952715506688,0.2892231292601216,0.1073342003808956,0.010000173874645,191.08982331202563,4.640701155861986,0.0710772404397771,14.37854167170018,0.0,0.0,1740.7180562645613,0.0,1.7684944337031878,cal_final_2008-09-30
09352900,hbv_lite_cma,evaluation,0.677785,0.760828,0.130918,-0.10941,0.452664,13,explicit_euler_dt1,hbv,success,,42.52,0.6252,-1.8599993520771971,6.407911151481283,0.0767629716238247,2.1209028668841097e-11,534.6780473734559,2.2529545825666446,0.5261535520265,0.3074741339223954,0.0696061682046639,179.64373694964243,29.999997774426895,0.0218645477364309,1.6960595252373565,0.0,0.0,403.5839702537092,0.0,83.06912438247582,cal_final_2008-09-30
09378170,hbv_lite_cma,evaluation,-0.995923,-1.448537,2.304829,1.324923,17.707858,13,explicit_euler_dt1,hbv,success,,131.08,0.7086,-0.639977152217988,1.905129024011585,0.007450118454789,2.2996246801237355e-07,1040.2864870347803,5.818870580911657,0.3931739430513839,0.7264299973661,0.2326385754189718,26.76501631334237,15.621053300818083,0.0458365404504582,14.98857884268158,0.0,0.0,713.9177819195197,0.0,1.7270416741726131,cal_final_2008-09-30
09386900,hbv_lite_cma,evaluation,-0.002318,0.047602,0.280638,-0.456939,106.42329,13,explicit_euler_dt1,hbv,success,,38.83,0.0879,0.2203067940174508,9.599092206151632,0.0587593828616714,0.1999962095402574,1997.1870259308548,2.5211673076968277,0.2000044388377261,0.3090729431387888,0.4999808275139802,84.26032232161162,0.7533124677688747,0.1052777580428259,1.9783708451546085,0.0,0.0,414.0010821169964,0.0,0.0293464511583844,cal_final_2008-09-30
09404450,hbv_lite_cma,evaluation,0.183274,0.554012,-0.213425,-0.172139,-0.145945,13,explicit_euler_dt1,hbv,success,,50.78,0.6655,1.180000011452968,1.9111180983383345,0.0636195369118238,2.514155043035987e-08,1131.0812294299035,2.6650929590164303,0.4795724632552803,0.0504151320099695,0.4201318293990805,29.859834178948063,18.28811251406471,0.0389080329375871,1.032503268712593,0.0,0.0,333.0022451812405,0.0,0.5981531910549404,cal_final_2008-09-30
09430600,hbv_lite_cma,evaluation,-1.074667,0.094872,0.347652,0.081189,7.205367,13,explicit_euler_dt1,hbv,success,,32.88,0.3883,1.6045315253766956,14.999999995347352,0.0833919340228705,0.1999999997760531,340.08496247826685,5.99999998340753,0.8155522100385189,0.9899999923659266,0.4999998771600372,2.2016953647059423e-08,10.525864078196234,0.0448651078188503,1.471761512653763,0.0,0.0,254.95624027637285,0.0,6.97365702713499,cal_final_2008-09-30
09447800,hbv_lite_cma,evaluation,0.155051,0.029122,-0.309203,-0.774752,3.051581,13,explicit_euler_dt1,hbv,success,,34.5,0.3913,1.602409486431692,14.91371429486305,0.0069866135186053,0.1996177200051333,380.1736816986669,5.04769719501962,0.6920659510261786,0.9854016031988913,0.4722224765321567,170.71255186660747,4.745775166797395,0.000100003425747,1.7982011516449323,0.0,0.0,210.9784308276476,0.0,221.77106860362292,cal_final_2008-09-30
09484600,hbv_lite_cma,evaluation,-5.997704,-4.239286,4.913185,2.544302,28.830832,13,explicit_euler_dt1,hbv,success,,24.39,0.1339,-0.1671130005646941,13.017588177149742,0.0476235146820043,0.0712886725532346,2499.999999999645,5.93244432889594,0.8978458617572376,0.2907465791557895,0.2206057242172014,16.098092311553227,24.18483940953956,0.4999999999999954,1.327433853270605,0.0,0.0,1365.3674095589267,0.0,0.0090847299092283,cal_final_2008-09-30
09492400,hbv_lite_cma,evaluation,0.472921,0.45981,-0.338033,-0.425118,-0.286229,13,explicit_euler_dt1,hbv,success,,43.94,0.6636,2.3752543283570877,1.9601229938878448,0.0229195598452174,5.0939887092175024e-08,238.0533424375197,2.437738058176037,0.4033336483226111,0.989735762641504,0.0141322122480356,97.72086334479842,2.917806484395604,0.0352002665375668,1.1868600202096893,0.0,0.0,128.1355891965678,0.0,11.636594258756936,cal_final_2008-09-30
09494000,hbv_lite_cma,evaluation,0.309499,0.674381,-0.011058,-0.205296,0.62298,13,explicit_euler_dt1,hbv,success,,40.72,0.4613,-0.5801608311638675,10.385753416396282,0.0913142609067348,0.199954260341035,338.8688461996893,2.7112102776649483,0.200000110283455,0.3772135373795129,0.3949639305944639,2.659710730221385e-08,5.516546559795907,0.0154651164646853,1.1218601251485054,0.0,0.0,123.94307761229844,0.0,8.238756909315581,cal_final_2008-09-30
09497980,hbv_lite_cma,evaluation,0.268847,-0.223592,1.178863,0.460127,4.868628,13,explicit_euler_dt1,hbv,success,,34.6,0.2838,1.360014696041488,4.003218201156406,0.0964203902883434,0.1999983562243802,2385.568616934656,2.4307724596718163,0.4121214969987487,0.7053112043512393,0.4999999673013624,175.08896690968672,1.1562110584972762,0.0616204320249782,1.4738193524893322,0.0,0.0,1183.8750414523752,0.0,2.4914533784225,cal_final_2008-09-30
09505350,hbv_lite_cma,evaluation,0.381026,0.010731,0.822853,0.002262,,13,explicit_euler_dt1,hbv,success,,34.43,0.3772,-0.1499998213961522,3.343116958757759,0.0845751666251402,0.137310366434243,975.4034223258564,1.2672321127135344,0.2000000004579293,0.8927346692459308,0.4999999948536542,175.4076068190476,2.3582261893851952,0.0480826689593206,1.56924959322853,0.0,0.0,215.74350439048027,0.0,3.7234388777481127,cal_final_2008-09-30
09505800,hbv_lite_cma,evaluation,0.430502,0.211298,0.697098,-0.016431,3.627741,13,explicit_euler_dt1,hbv,success,,33.1,0.5907,0.4897788182944151,0.6544693662291493,0.0189815854863016,0.0471377076526821,543.2481287829996,1.2906930189577437,0.275344021826988,0.8179922252430212,0.015000025139937,0.0002163621842957,4.127607627895042,0.0002326295824094,1.0000057848942152,0.0,0.0,149.40253280345462,0.0,830.7966240564849,cal_final_2008-09-30
09508300,hbv_lite_cma,evaluation,0.640979,0.483917,0.423385,-0.017967,37834.163938,13,explicit_euler_dt1,hbv,success,,32.91,0.5436,2.3395813434933235,0.9630857708317784,0.0873197199436554,0.0002035826808522,58.90132452158196,1.0000047062281194,0.2000006532615326,0.9899996983050816,0.4980377100170803,2.240919829546144,2.3007162026831693,0.0002294653204305,1.2384539349570387,0.0,0.0,0.2488114160671871,0.0,632.5181196572407,cal_final_2008-09-30
09510200,hbv_lite_cma,evaluation,0.585014,0.200846,0.770486,0.39888,2934.42096,13,explicit_euler_dt1,hbv,success,,32.7,0.7106,-2.456854109049384,2.739778982970779,0.0597107350170836,0.1409504101851863,298.45005240025,1.5510324685376935,0.4798483193618151,0.989999999420302,0.1524970754832148,16.7381852314119,7.039884118507611e-07,0.4658621938722612,1.6270339568268717,0.0,0.0,58.47535486949848,0.0989944289464965,8.071632143397808e-07,cal_final_2008-09-30
09512280,hbv_lite_cma,evaluation,0.188818,-0.430856,1.29464,0.494845,,13,explicit_euler_dt1,hbv,success,,27.18,0.1917,2.499999999475092,0.5000000000000902,0.0356911894216765,3.3759426000102047e-11,2311.5151636611968,2.344467246725487,0.9999999999999274,0.5509084040197271,0.1077190966182144,175.26234206261424,11.15901056773682,0.5,1.0947740950865157,0.0,0.0,971.9787220473384,0.0,0.0095255774096567,cal_final_2008-09-30
09513780,hbv_lite_cma,evaluation,0.380747,0.288109,0.355932,-0.154567,,13,explicit_euler_dt1,hbv,success,,27.5,0.4619,-0.3078550900011549,12.92058594418309,0.0453111642253913,0.1964778451801486,781.1765103548802,1.7179538949062398,0.9979999278412665,0.9893576765830786,0.4817437930851561,0.3737049970149636,1.5704782992963735,0.0001564849504748,1.1070015314520696,0.0,0.0,287.3893377217838,0.0,384.4919303527389,cal_final_2008-09-30
10234500,hbv_lite_cma,evaluation,0.153977,0.30987,0.503386,0.422408,0.067842,13,explicit_euler_dt1,hbv,success,,97.86,0.756,2.4899986059598467,3.196063931709569,0.0999998307498675,0.0043573213029838,2499.999997318384,1.8164790661366963,0.2049667082938574,0.5113806011904303,0.1112970380346298,165.0838831558138,4.367086233161058,0.0244724764853541,5.905370422967175,0.0,0.0,1262.176052615862,0.0,9.646661280870282,cal_final_2008-09-30
10244950,hbv_lite_cma,evaluation,0.716861,0.800773,0.085575,0.022113,-0.012786,13,explicit_euler_dt1,hbv,success,,132.02,0.9379,-2.4295608892040863,0.501416439170551,0.003320165367612,0.047970355015776,295.6407068526718,4.149402586104758,0.5012038963770897,0.1222348265688159,0.0137457558181038,199.9747287306908,1.2831701115162162,0.0050611800648692,12.570621279917248,0.0,0.0,66.33342008706067,0.0,27.948389338717696,cal_final_2008-09-30
10259000,hbv_lite_cma,evaluation,-0.1141,0.474805,-0.085218,-0.120851,0.313723,13,explicit_euler_dt1,hbv,success,,53.02,0.6239,0.8967465583365231,8.332229431008177,0.0305174647330386,0.1557984547158425,56.98092174740741,3.067077914895883,0.201462364135372,0.5512278449390664,0.2834130552414879,28.362899164383133,5.845142705107987,0.0040445136861429,1.0432821189994674,0.0,0.0,7.886640095799988e-05,0.0,41.18550942466771,cal_final_2008-09-30
10336645,hbv_lite_cma,evaluation,0.538009,0.693051,-0.084513,-0.257244,1.113371,13,explicit_euler_dt1,hbv,success,,36.96,0.6385,-0.4919939567569882,2.456434650410472,0.0488853576748389,0.1038785544538458,563.884538113901,5.858809133140555,0.989281054371969,0.9897375245687912,0.3337696028734892,59.552775224141854,16.32419377034629,0.0362120879402175,1.1382455479799256,0.0,0.0,321.0754900759424,0.0,1.3798471932385108,cal_final_2008-09-30
10336660,hbv_lite_cma,evaluation,0.740699,0.596322,-0.259305,-0.284676,-0.557222,13,explicit_euler_dt1,hbv,success,,35.31,0.6766,1.3783377857963912,2.6597778841270103,0.0196604188760676,0.0183051327341738,102.22470581066744,5.527815065579556,0.9996400724213356,0.9888051540526502,0.4995815708313252,42.2312583078696,21.06998763395365,0.0644800732052462,1.0002537799435234,0.0,0.0,5.8359984083633085,0.0,0.031791663614414,cal_final_2008-09-30
10343500,hbv_lite_cma,evaluation,0.451352,0.191358,0.745319,0.187522,3.659683,13,explicit_euler_dt1,hbv,success,,68.44,0.4924,-0.9300003199575806,3.829496365458276,0.0882878180159166,0.1734672682105599,2499.999963665856,1.834333248789441,0.2889809613688094,0.1441753763977712,0.4219075593192132,168.16355267615916,23.67557886029737,0.0171954773226104,1.7359994194854955,0.0,0.0,1638.2939864434377,0.0,21.545083049445704,cal_final_2008-09-30
11124500,hbv_lite_cma,evaluation,0.352868,0.515012,0.045969,-0.566316,,13,explicit_euler_dt1,hbv,success,,36.17,0.4988,1.4999985798375932,10.234796324114075,0.0480822306903075,0.1999998925071987,569.5815430696621,1.000171343070176,0.2169613160147331,0.182025965938593,0.2628653000740429,177.53407170252683,29.99999861461789,0.0001142688513779,1.7087835241248968,0.0,0.0,42.52598584144085,0.0,2337.755428812562,cal_final_2008-09-30
11141280,hbv_lite_cma,evaluation,0.698482,0.816016,-0.109478,-0.137546,-0.537758,13,explicit_euler_dt1,hbv,success,,27.43,0.609,2.388711127224552,13.39832795802728,0.0024983207996187,0.0733342023101056,2137.397186576515,1.406262148125756,0.253691193068488,0.9899999999999944,0.4999999999627184,1.2757344810181438e-10,4.46647532958366,0.058287741091057,1.04133685194411,0.0,0.0,388.7220038597804,0.0,0.0025369302308057,cal_final_2008-09-30
11143000,hbv_lite_cma,evaluation,0.7974,0.86296,0.001536,-0.022453,-0.176492,13,explicit_euler_dt1,hbv,success,,34.44,0.7397,1.8749010455256832,5.340018015793914,0.0838546250601152,0.0886052573326448,1518.1076068345365,5.964882783838604,0.7963155267373074,0.1398159113158171,0.4069331640257718,147.1258206920463,13.592167695722164,0.0686902551938901,1.0450668948823394,0.0,0.0,1109.0779532743345,0.0,0.0024456660192308,cal_final_2008-09-30
11148900,hbv_lite_cma,evaluation,0.662833,0.671805,-0.027894,-0.082795,,13,explicit_euler_dt1,hbv,success,,34.52,0.6417,2.473101847701602,14.248943526307418,0.0888072236794678,0.1084735661549012,221.4089853269638,1.5863922587552317,0.7341969213256974,0.9899998426263448,0.4999999608588186,5.905910028987846e-08,4.20230978846986,0.1672926746951924,1.5667166652756377,0.0,0.0,9.236246185634773,0.0,3.13150409319093e-08,cal_final_2008-09-30
11151300,hbv_lite_cma,evaluation,0.277932,0.174485,-0.288467,-0.354704,6.654442,13,explicit_euler_dt1,hbv,success,,27.46,0.2917,2.0063065311502912,13.743937764520492,0.0791903839591379,0.0872719131649332,2499.9999999999923,2.130887759502861,0.2545016686646386,0.2428205498735026,0.4994731010234536,79.32011372196273,12.912317788921474,0.4999999999999988,1.098322350571181,0.0,0.0,242.1114468516732,0.0,3.414038444717425e-40,cal_final_2008-09-30
11176400,hbv_lite_cma,evaluation,0.406643,0.314697,-0.211877,-0.400326,,13,explicit_euler_dt1,hbv,success,,31.68,0.477,2.3620100146786718,4.972878039033395,0.049402711078605,0.1705609414583202,2399.406814252124,2.021630852629047,0.4821457047193898,0.9899771439309693,0.1024446192296039,0.60843386229194,0.9435038978205852,0.1433145334840061,1.815216970483413,0.0,0.0,686.6551577696166,0.0,6.095887925318864e-12,cal_final_2008-09-30
11230500,hbv_lite_cma,evaluation,0.634094,0.560985,0.185707,-0.238715,4.204428,13,explicit_euler_dt1,hbv,success,,68.65,0.4621,-2.499999994078553,6.11773177492221,0.0509194765621577,4.842610861714091e-12,2499.9999996383126,1.0000000012422536,0.2884775208130842,0.056703409851392,0.0322730568928104,199.99999011359216,29.99999999965775,0.013706697715785,1.964205761008655,0.0,0.0,1692.0369315850032,0.0,97.34267802216482,cal_final_2008-09-30
11237500,hbv_lite_cma,evaluation,0.589386,0.690937,0.174232,-0.062126,2.146125,13,explicit_euler_dt1,hbv,success,,67.83,0.8493,1.2799966554983917,2.9097714995746906,0.0580237895613173,0.0233019660033215,699.5114658009417,5.987914009947332,0.6466453960654923,0.7260702646157042,0.2463677689322183,164.02362567756907,13.924509868889082,0.0526731333043167,1.458599448089272,0.0,0.0,403.1916690621326,0.0,0.2362835180806982,cal_final_2008-09-30
11264500,hbv_lite_cma,evaluation,0.734872,0.84468,0.083157,0.015522,1.999015,13,explicit_euler_dt1,hbv,success,,37.23,0.8137,-2.2404143928812457,1.9102374742469264,0.0692023223628102,4.666273464471887e-07,560.563477390368,3.1907826814152997,0.647945121181785,0.9793563384779088,0.1842798305581584,157.05030376746544,13.373446997938167,0.04056901468583,1.997426761216032,0.0,0.0,260.0618215845005,0.0,1.1302383798653628,cal_final_2008-09-30
11266500,hbv_lite_cma,evaluation,0.747047,0.839608,0.098815,0.015893,1.609466,13,explicit_euler_dt1,hbv,success,,46.85,0.8261,-1.7921430500895608,1.935581071539278,0.0956871135610293,0.0120487234236909,375.0302706020151,1.4462225255348309,0.2031767164617248,0.8654035943705084,0.1894016526416919,125.13827858460552,13.706148568672068,0.0376100425945246,1.0067264371001263,0.0,0.0,34.0154981293684,0.0,1.4672579086188944,cal_final_2008-09-30
11284400,hbv_lite_cma,evaluation,0.557066,0.746658,0.102675,-0.278293,,13,explicit_euler_dt1,hbv,success,,32.59,0.7287,-0.6551059083597068,2.8677973187912094,0.036911875703506,0.1108838863859881,466.2545705201327,4.24509448806759,0.2000518295748179,0.9899509840851862,0.4419592193436299,8.444070235347678e-05,13.101714122544688,0.0001228822522115,1.588250887607129,0.0,0.0,16.45392824960128,0.0,2227.894829409558,cal_final_2008-09-30
11381500,hbv_lite_cma,evaluation,0.738767,0.814047,0.13579,0.039572,0.098279,13,explicit_euler_dt1,hbv,success,,32.43,0.7127,-1.7800002380677813,1.2517614267026804,0.0765571310951254,0.1999998586793911,931.5962279847118,1.0000000044350474,0.3112658246280375,0.7162703977784914,0.4999999948223239,173.60529218941784,12.035037897548404,0.0135574588774779,1.0250482483504442,0.0,0.0,195.9520417269644,0.0,15.472764833296374,cal_final_2008-09-30
11451100,hbv_lite_cma,evaluation,0.596613,0.658003,-0.121939,-0.241993,5.555556,13,explicit_euler_dt1,hbv,success,,30.96,0.7019,-0.4561626700052419,10.431697106446146,0.0019373868841858,0.070697429101359,343.6182113700803,1.0000001703149872,0.91609822164719,0.8948349380618216,0.1947638989500563,19.9499211333018,5.428932601892882,0.0841933477207746,1.2190965559512426,0.0,0.0,74.79600997074768,0.0,0.4396997248787289,cal_final_2008-09-30
11468500,hbv_lite_cma,evaluation,0.788698,0.835471,0.065447,-0.017913,5.694303,13,explicit_euler_dt1,hbv,success,,31.12,0.8445,1.4898209514272391,2.1291815703612818,0.0898797102639119,0.1005660852650824,1123.5568815758588,5.999559855503905,0.960289415955916,0.9899992937881474,0.1507053483799854,50.03540394207309,2.1281575948230143,0.0001326651251181,1.127229414281135,0.0,0.0,791.5814736955535,0.0,2123.455258853984,cal_final_2008-09-30
11473900,hbv_lite_cma,evaluation,0.654373,0.394638,0.58709,0.197532,10.471341,13,explicit_euler_dt1,hbv,success,,31.24,0.6562,-0.0799999707137488,0.5000000164047147,0.0702492574492949,5.485204304796856e-11,2499.9999987659507,1.9909514299994449,0.2137619139292939,0.9899999999952562,0.4999999996051806,2.355263326875336e-08,21.912421107935824,0.0452411400844803,1.401144544571732,0.0,0.0,1758.5988306909262,0.0,2.811998523796887,cal_final_2008-09-30
11475560,hbv_lite_cma,evaluation,0.798984,0.791469,0.027969,-0.046401,-0.10327,13,explicit_euler_dt1,hbv,success,,31.32,0.8344,-1.2576288424011062,5.311193665244656,0.0377478695156262,0.191939646847698,1514.9032744701856,5.999999630180155,0.2828431153532259,0.9899999690266984,0.3418036714537817,28.231807798209697,11.293898827355823,0.1192376818178593,1.796842649436039,0.0,0.0,1150.0419056661372,0.0,0.1827879650143137,cal_final_2008-09-30
11476600,hbv_lite_cma,evaluation,0.797866,0.803278,0.03103,-0.069132,-0.751134,13,explicit_euler_dt1,hbv,success,,30.91,0.8691,2.1309257604325795,1.3688186739898591,2.9809919097088068e-05,0.0026047049992026,297.63495929343446,3.0309969973811106,0.201894751051744,0.5066041567494339,0.4911644481122644,16.67382771078027,20.107826868258325,0.1817630085468287,1.0777606743975423,0.0,0.0,20.806738467465365,0.0,8.634286393079288e-05,cal_final_2008-09-30
11478500,hbv_lite_cma,evaluation,0.75628,0.80645,0.012764,-0.10543,-0.786373,13,explicit_euler_dt1,hbv,success,,30.85,0.816,0.3400005638886503,6.062894994788162,0.0861657860873376,2.3183435848275587e-08,132.13569662665657,3.288943147836106,0.9999992454004164,0.9899999056958247,0.4999998153783778,17.48926931779075,9.49743723584159,0.0997171653553634,1.0058855937833604,0.0,0.0,15.57050086855318,0.0,0.0005303458212119,cal_final_2008-09-30
11480390,hbv_lite_cma,evaluation,0.703257,0.486027,0.496584,0.16897,298.395062,13,explicit_euler_dt1,hbv,success,,30.85,0.7415,-0.8399999360831254,8.767758017910898,0.0333007651285754,8.291171791408748e-09,2499.999449116802,4.706213746842087,0.2560338915218333,0.9761142207028326,0.3988570824634889,1.3874311032692069e-06,21.70076062688674,0.0807815178293128,1.014133552520835,0.0,0.0,2024.211940946186,0.0,0.3720150411761264,cal_final_2008-09-30
11481200,hbv_lite_cma,evaluation,0.741636,0.773224,0.103212,-0.026948,0.291783,13,explicit_euler_dt1,hbv,success,,29.79,0.8081,0.5752697028285998,6.7978380268443,0.0109885498079782,0.1473557396223368,543.3905711956809,1.0000000000609148,0.2981848945985903,0.9899999999972248,0.4999999997815456,7.407645962869699e-12,12.659378450490724,0.1125920239863262,1.0604002275959652,0.0,0.0,164.75540200139108,0.0,0.1482960074653393,cal_final_2008-09-30
11482500,hbv_lite_cma,evaluation,0.826204,0.847503,0.108555,0.043729,-0.268403,13,explicit_euler_dt1,hbv,success,,27.82,0.8481,0.2400000947692753,4.349365303588001,0.0999369921948853,2.8614686868721525e-08,378.34049665797687,2.4219600677858417,0.2000001442692659,0.5700506355916092,0.4999999999581047,155.62439411028743,13.354628126898062,0.108481258746971,1.9405820265019025,0.0,0.0,54.42247091267211,0.0,0.0094212120327936,cal_final_2008-09-30
11522500,hbv_lite_cma,evaluation,0.744372,0.775871,0.030879,-0.1356,1.156476,13,explicit_euler_dt1,hbv,success,,30.93,0.7847,-1.1879442189372356,1.7674520986532054,0.0038480843747697,0.0011367861065128,107.94641436902126,1.0005025088540838,0.99981454539326,0.9895781497077512,0.174953473704967,106.43659994963276,9.398578073926588,0.0173600469242087,1.002487958625105,0.0,0.0,5.105709060278699,0.0,14.07749782050359,cal_final_2008-09-30
11523200,hbv_lite_cma,evaluation,0.621336,0.760552,0.07983,-0.074623,0.197887,13,explicit_euler_dt1,hbv,success,,31.97,0.7453,0.7499999245953921,2.380524937578888,0.0315058121481927,1.0527685777374394e-08,109.23613939698006,1.000009598360589,0.999999474976106,0.5253688836321049,0.2098446183287246,146.1631247486028,11.0934787190393,0.0308432927752198,1.7609210110707367,0.0,0.0,6.755260426912073,0.0,3.774327537460117,cal_final_2008-09-30
11528700,hbv_lite_cma,evaluation,0.686911,0.573399,0.396007,0.075031,2.035416,13,explicit_euler_dt1,hbv,success,,29.63,0.8041,-0.0599998946061424,3.2738500876272054,0.0848085586884275,7.469232010582188e-09,1410.4188032261684,1.621252070896117,0.5590510582211645,0.9899995113447922,0.3392397374441311,41.81775523637275,11.495929769498188,0.0344877802523326,1.0237268386045335,0.0,0.0,767.1724930661433,0.0,0.7179954190331252,cal_final_2008-09-30
11532500,hbv_lite_cma,evaluation,0.827033,0.873072,0.092139,0.013669,-0.387759,13,explicit_euler_dt1,hbv,success,,29.21,0.856,-0.049934485268813,5.747646696895148,2.809415170402024e-05,1.284981705690888e-05,695.7989295947872,4.801664315952252,0.991469855221236,0.9899788339844768,0.3273220136839022,0.0001154888971948,23.48840372092111,0.0886108825079083,1.965668258683309,0.0,0.0,465.1193403686598,0.0,0.1056960599808069,cal_final_2008-09-30
12010000,hbv_lite_cma,evaluation,0.884053,0.859708,-0.001366,-0.054904,-0.376822,13,explicit_euler_dt1,hbv,success,,32.0,0.8895,-2.499524488388996,1.7598080091103772,0.0738229511325438,0.1713779329115644,334.2420219859749,5.999997232738717,0.7547301562348323,0.7011130280964049,0.2979467001643416,53.05351531653005,10.211520267728478,0.1082694097351895,1.3411046140406389,0.0,0.0,296.305737586364,0.0,8.414134452332737,cal_final_2008-09-30
12013500,hbv_lite_cma,evaluation,0.850098,0.774024,0.208259,0.136431,2.801808,13,explicit_euler_dt1,hbv,success,,32.66,0.8504,-2.3823187842058564,14.9964706575878,0.0042942484314386,0.0182072563926247,259.18631026514834,1.3357401587502984,0.4560220721194768,0.3497853402027033,0.1371765187015036,79.38619029244872,3.4876206669152734,0.0001037936755021,1.0669189322260804,0.0,0.0,157.5992654334443,0.0,6432.036248990301,cal_final_2008-09-30
12020000,hbv_lite_cma,evaluation,0.792452,0.819565,0.093626,-0.005336,-0.528577,13,explicit_euler_dt1,hbv,success,,32.51,0.4868,-0.2399835207011293,5.917905704746248,0.0870408714800707,1.6380716294033417e-07,145.7269227441274,2.953112898831808,0.200000573574407,0.9899989637866224,0.4999999920637796,15.52245128176214,10.3152122528264,0.1428095092342682,1.8989170343556523,0.0,0.0,90.60015921005244,0.0,2.0655546857307403,cal_final_2008-09-30
12025700,hbv_lite_cma,evaluation,0.795634,0.882014,-0.007298,-0.062889,-0.46051,13,explicit_euler_dt1,hbv,success,,32.41,0.8229,-2.4500852233128114,12.500415645671485,0.0495752922708507,1.4711089547575143e-06,206.14177410308756,1.230450628860437,0.2000037501637123,0.9899935109309932,0.4498195801128736,6.502212489823389,11.57697357216293,0.1435614829648132,1.5362220652025371,0.0,0.0,50.13771194048068,0.0,0.6558191892067422,cal_final_2008-09-30
12035000,hbv_lite_cma,evaluation,0.86752,0.833538,-0.066775,-0.117601,-0.27672,13,explicit_euler_dt1,hbv,success,,31.91,0.8906,0.7118683934444676,14.999486571726951,0.0132041127520763,0.001640024322504,221.45653689563557,1.000581269489934,0.7023228774419767,0.9896526037290886,0.2767161899589532,40.88705073371104,11.349910954440285,0.1116611601432916,1.9202941044581816,0.0,0.0,116.24134306597104,0.0,5.717045666080588,cal_final_2008-09-30
12040500,hbv_lite_cma,evaluation,0.727912,0.671344,-0.160296,-0.182497,-0.521367,13,explicit_euler_dt1,hbv,success,,30.67,0.7784,-2.499999999990512,11.657428506926276,0.0874765737685995,0.199999999999998,177.76791123018012,2.9249076528863336,0.999999999999588,0.9899999999997678,0.4999999999933187,1.0700381434461628e-11,16.00888278584477,0.2205370212687407,1.4750157964859305,0.0,0.0,159.38508579462484,0.0,7.046168385645782,cal_final_2008-09-30
12041200,hbv_lite_cma,evaluation,0.591008,0.789082,-0.036129,0.001914,-0.328619,13,explicit_euler_dt1,hbv,success,,31.76,0.6907,-0.9900406597139044,0.57153188224609,0.0116553014716068,0.0379350046575924,2499.9728332349123,1.0000000142939856,0.9999988001206304,0.98999999034354,0.4999910069282355,2.1742044088630895e-05,18.458813569218616,0.1029499660690621,1.4451139289416046,0.0,0.0,2245.7352097628764,0.0,23.845361605776485,cal_final_2008-09-30
12048000,hbv_lite_cma,evaluation,0.096357,0.0737,-0.026343,-0.511595,2.349426,13,explicit_euler_dt1,hbv,success,,54.76,0.1668,1.14996067190173,0.5000000783088532,0.0999995645636918,0.1999999595826854,251.2078787704955,1.0000213237633455,0.5020888120748799,0.5792850776703802,0.1678060916945284,199.77748441219603,21.23119890218824,0.001883587213608,1.0931477603298418,7964.051962927224,1592.8100706998516,180.94136812456,0.0,924.419387269967,cal_final_2008-09-30
12054000,hbv_lite_cma,evaluation,0.546845,0.765265,-0.064305,-0.162034,0.497404,13,explicit_euler_dt1,hbv,success,,32.19,0.5688,-2.1635662528143254,1.782133976336751,0.0999698175443441,0.0169078341170311,1605.514151860551,1.0000359394970335,0.9999999816559764,0.989986756184454,0.4815687836733069,0.0001232423838223,14.229875238086777,0.0197420780045476,1.9253493622787397,0.0,0.0,1365.3279390582638,0.0,117.62134926673474,cal_final_2008-09-30
12056500,hbv_lite_cma,evaluation,0.625068,0.808831,0.004064,-0.115024,0.595589,13,explicit_euler_dt1,hbv,success,,31.83,0.538,-1.8200573829363256,2.128446094255309,0.0996026972493631,6.10571533199521e-08,2499.9939730287806,1.0000014128698589,0.2194998475569132,0.989998693462565,0.4997955953707901,6.509483940099058e-05,20.77960063637108,0.0259456462246729,1.4662282077753812,0.0,0.0,2193.9584492346294,0.0,105.87635777546512,cal_final_2008-09-30
12073500,hbv_lite_cma,evaluation,0.722854,0.690138,0.274521,-0.033433,1.606886,13,explicit_euler_dt1,hbv,success,,32.25,0.7758,-2.230782995570922,1.133574206542887,0.0100278029477514,0.0369676733468597,411.49629445391474,1.7403057479642996,0.3160283738139198,0.9890610653135824,0.1974765878103989,36.16104815384221,6.026182227268658,0.0004480415171014,1.8384737682893373,0.0,0.0,187.4790071771029,0.0,3029.5887851753987,cal_final_2008-09-30
12082500,hbv_lite_cma,evaluation,0.68595,0.795725,0.129237,-0.052356,0.652723,13,explicit_euler_dt1,hbv,success,,32.71,0.6723,-1.9102823476306725,2.091984601474853,0.0728029532990608,0.0109688941229399,2497.180975509192,3.4610459931439896,0.8080725051787483,0.9899968425724968,0.2881344054800941,44.356537285116346,16.178086252773845,0.010069604582793,1.997544593938913,0.0,0.0,2312.426201697183,0.0,379.2783538455274,cal_final_2008-09-30
12092000,hbv_lite_cma,evaluation,0.40314,0.64413,0.218296,-0.101348,1.206651,13,explicit_euler_dt1,hbv,success,,34.82,0.5704,-2.4300049672040034,2.121196256977517,0.0380732090413973,0.1999985788082207,1311.643201016753,1.00000892055437,0.7924178237817663,0.9899999923293032,0.4999999801885911,94.4413500223569,22.571730923181786,0.004217621949892,1.0004970805959406,0.0,0.0,1076.1148089301853,0.0,1130.2177036584128,cal_final_2008-09-30
12114500,hbv_lite_cma,evaluation,0.602968,0.669411,-0.02405,-0.213482,0.922861,13,explicit_euler_dt1,hbv,success,,32.47,0.6884,0.4300007394503238,3.072006286652282,0.0229841058108057,5.42820249098081e-10,2499.375669340333,3.0205390216721053,0.4614152414775959,0.6457349463557757,0.1653664069295521,1.3903977479189925e-06,20.88887469218652,0.0375851223309819,1.131758263387681,0.0,0.0,2329.5435430246816,0.0,56.77147161476362,cal_final_2008-09-30
12115000,hbv_lite_cma,evaluation,0.664879,0.667132,-0.020966,-0.229473,1.053366,13,explicit_euler_dt1,hbv,success,,32.65,0.7367,0.1700002830449904,2.659331373064461,0.0405779443286434,6.861023630073257e-10,2098.436925404624,2.4460266245316964,0.6450341893365759,0.9899999916766896,0.4768399676308751,23.98511120522556,16.85340627761582,0.0330393677004934,1.8024133991620688,0.0,0.0,1929.8365095719084,0.0,72.82251843641127,cal_final_2008-09-30
12117000,hbv_lite_cma,evaluation,0.824397,0.817489,0.015447,-0.142271,0.317904,13,explicit_euler_dt1,hbv,success,,32.55,0.8156,-2.445260081248917,0.5086772377544563,0.0591792333217256,0.1945601534877878,2314.236972844953,5.849732506474628,0.5981895984746435,0.9899979941725492,0.3511204568481405,45.94901384217482,13.842746829928313,0.0276602031463572,1.1044636018278415,0.0,0.0,2181.8315893355475,0.0,86.71182863860506,cal_final_2008-09-30
12143600,hbv_lite_cma,evaluation,0.695663,0.777948,-0.032935,-0.167437,0.411223,13,explicit_euler_dt1,hbv,success,,32.74,0.6947,0.4644790152825666,2.639474194795718,0.0400793489438318,0.0002071323316903,85.67162900349773,1.0014246930289072,0.6680250432583474,0.986165159132858,0.4999620989795705,17.85295168343008,15.757233699392629,0.0292171061908467,1.9781809599528295,0.0,0.0,59.47914375671444,0.0,88.5638096709038,cal_final_2008-09-30
12144000,hbv_lite_cma,evaluation,0.715091,0.765918,-0.049942,-0.205836,0.349212,13,explicit_euler_dt1,hbv,success,,32.94,0.7341,0.2599993485782592,2.259103618358655,0.0862459603091691,0.0018233133585647,1081.8409261459792,1.0000002260314538,0.9999996581291442,0.989999973305804,0.4999528060985675,22.3344645066907,16.61081963975231,0.0253467850542817,1.8267372280314975,0.0,0.0,919.521421704032,0.0,122.41649587721068,cal_final_2008-09-30
12145500,hbv_lite_cma,evaluation,0.85268,0.807494,0.069938,-0.069048,-0.052652,13,explicit_euler_dt1,hbv,success,,32.5,0.8801,-2.3300042891721278,1.618174877250245,0.074161661479312,1.279515446840797e-09,195.11937325443952,1.180924738128618,0.2342511411727171,0.9899999995875012,0.4999998197179178,4.367916126824639e-08,13.265782641905076,0.1578820706185669,1.0928747053050656,0.0,0.0,115.56565500348324,0.0,6.650596937453972,cal_final_2008-09-30
12147500,hbv_lite_cma,evaluation,0.656947,0.62622,-0.265015,-0.261843,-0.303358,13,explicit_euler_dt1,hbv,success,,32.67,0.5827,-0.990011836514422,0.5000000355194283,0.0995903623278635,0.1211297254735841,50.01645253945669,1.0000000910135436,0.999995731273035,0.9899959277861412,0.4999324346772668,3.538436809687052e-06,9.508372158162029,0.0372778517483113,1.1078989972717723,0.0,0.0,41.27297122385443,0.0,57.85044480707729,cal_final_2008-09-30
12167000,hbv_lite_cma,evaluation,0.612625,0.530018,-0.242546,-0.341648,0.047087,13,explicit_euler_dt1,hbv,success,,32.21,0.6896,-1.0100000159950224,0.5295138001283461,0.0944459391140535,1.2974430758425028e-10,968.3199456019332,1.0000000003726297,0.2013780678056946,0.9899999987258108,0.2617913827713569,24.4492821870486,4.964039507285996,0.0443081454216747,1.1950777529268437,0.0,0.0,728.9911418827833,0.0,30.812894932699137,cal_final_2008-09-30
12175500,hbv_lite_cma,evaluation,0.524693,0.725381,-0.012503,-0.197915,0.832669,13,explicit_euler_dt1,hbv,success,,33.42,0.5772,-2.4700056502127503,2.3462820315479576,0.0990720546603774,0.0075401919018345,1493.9171727803748,5.999999645925946,0.5565644543606695,0.989999337745756,0.3838900104073598,44.71936584229821,23.65881698794422,0.0123869099734702,1.537635851767528,0.0,0.0,1396.4202764626662,0.0,378.2115761011028,cal_final_2008-09-30
12178100,hbv_lite_cma,evaluation,0.497217,0.707182,-0.045673,-0.194149,0.47781,13,explicit_euler_dt1,hbv,success,,34.14,0.5849,-2.460000362066808,1.7348110455341987,0.0142251281349036,3.0009538248429814e-08,1332.4075207898627,1.00000261847648,0.4986234442148799,0.9899999277105996,0.4999998161113426,44.664038834963705,15.409091030811876,0.0222682949122434,1.5631843667490672,0.0,0.0,1104.7557649302669,0.0,149.90034111778124,cal_final_2008-09-30
12186000,hbv_lite_cma,evaluation,0.568031,0.749722,-0.108098,-0.167035,0.217878,13,explicit_euler_dt1,hbv,success,,32.85,0.5065,-1.310017335740594,1.5526486179706112,0.0929655824950741,0.0170888423416022,50.05139239280216,1.0000022799168402,0.9999989350920644,0.989999713700867,0.4998014526440564,1.4377336282804278e-05,14.093355697436296,0.0260440841064478,1.0715817687346816,0.0,0.0,36.89437859388576,0.0,94.68685571043042,cal_final_2008-09-30
12189500,hbv_lite_cma,evaluation,0.422282,0.683322,-0.013056,-0.194238,0.49168,13,explicit_euler_dt1,hbv,success,,33.07,0.609,-1.7000000470025758,1.9287549954092529,0.0916811737547698,1.820021198622201e-09,2142.709175109252,1.0000005934344414,0.2480863049589383,0.9899969897028572,0.4661692080795592,2.625833976572241e-07,21.26646791660778,0.017639663017321,1.0091240218997102,0.0,0.0,1767.4986751729718,0.0,174.05235513700185,cal_final_2008-09-30
12375900,hbv_lite_cma,evaluation,0.379073,0.561126,0.242434,0.232375,0.266663,13,explicit_euler_dt1,hbv,success,,37.41,0.7714,0.3700015524280782,1.8036405145225631,0.0293866419951037,2.2824329542243413e-08,2499.9984519690674,1.0000034277724492,0.2668465442463624,0.2724804974955741,0.0479427179438733,122.1090822314828,2.255608001115133,0.005898383891114,1.0035677894222637,0.0,0.0,1817.2986621558243,11.9007259805156,231.46686595714343,cal_final_2008-09-30
12377150,hbv_lite_cma,evaluation,0.745904,0.812942,-0.143331,-0.083678,-0.760228,13,explicit_euler_dt1,hbv,success,,34.59,0.8053,1.969976113962492,3.0000003276090634,0.0999957440630656,0.0308634675453603,63.38071487645743,1.0000001266328562,0.9999982716758804,0.5820122873976576,0.376239283575019,60.00155618595334,19.16834039928697,0.0283153913845217,1.158201835391237,0.0,0.0,44.96225646018436,0.0,77.8196546753117,cal_final_2008-09-30
12381400,hbv_lite_cma,evaluation,-0.454474,-0.361375,1.239747,0.723834,1.258137,13,explicit_euler_dt1,hbv,success,,43.73,0.6099,0.7199998182678731,2.703746427661548,0.0178780479805098,2.3119123695542408e-10,2499.999999965167,1.4289621201364946,0.2090951169574186,0.5021115360402575,0.0855373935737056,158.47693380296036,15.467184229460948,0.0219923700012022,1.3392460924308418,0.0,0.0,1809.6069423734104,0.0,69.3327561186643,cal_final_2008-09-30
12383500,hbv_lite_cma,evaluation,0.140696,0.393905,0.293273,0.353297,-0.302016,13,explicit_euler_dt1,hbv,success,,47.16,0.7341,2.409869687683562,1.9801245539856844,0.09995413380594,0.1306221843729709,2499.9822147364903,1.0000961823142644,0.5312826081349689,0.3835614326100829,0.1543830513517251,101.46829207427652,14.981266717634163,0.0153056312533824,1.6937455664562435,0.0,0.0,1525.974655082338,0.0,115.16268864574278,cal_final_2008-09-30
12390700,hbv_lite_cma,evaluation,0.187823,0.208699,0.750859,0.061234,4.561169,13,explicit_euler_dt1,hbv,success,,43.1,0.5654,-0.8400060938782181,2.247858112727158,0.0525682836104613,0.0070910826349198,2499.999386833613,1.5030538328695946,0.292186173108078,0.697741501164269,0.1447412421581418,198.3673885930096,11.083933867608538,0.0230406394131551,1.3750033774535573,0.0,0.0,1804.8730147768767,0.0,56.20943846586374,cal_final_2008-09-30
12411000,hbv_lite_cma,evaluation,0.600608,0.684022,0.258076,0.01455,0.957765,13,explicit_euler_dt1,hbv,success,,39.79,0.6827,-0.8799998349604126,2.2815932225877478,0.0234438880848661,5.659178204403353e-10,353.931925102972,5.999999845835358,0.3714453027870665,0.3057222588091682,0.3568214986315279,186.1006631218239,12.28907448294276,0.0364544121049577,1.986340717863101,0.0,0.0,256.6630364447996,0.0,7.185656580131301,cal_final_2008-09-30
12447390,hbv_lite_cma,evaluation,0.549671,0.565278,0.297136,-0.160533,1.206733,13,explicit_euler_dt1,hbv,success,,71.41,0.4906,-2.0800000090430024,6.261623723536947,0.0674158115499267,1.647199653537928e-11,2499.999999573821,1.0000000002693208,0.296226413933599,0.8204122888742678,0.1846382977798899,97.9561592546467,29.22813111753446,0.0202844682762004,1.0192784964555652,0.0,0.0,1801.340724144176,0.0,62.563237189160176,cal_final_2008-09-30
12451000,hbv_lite_cma,evaluation,0.663011,0.829419,0.042845,-0.04395,0.524662,13,explicit_euler_dt1,hbv,success,,34.8,0.7428,-2.499999999794504,3.3242733466507395,0.0832408043286838,6.936776280843241e-12,845.1318064040502,1.0000000008273195,0.6938448795569029,0.5633674650680822,0.4999999968638809,107.40471011928594,29.9999999992266,0.0197683702738695,1.3205183369780882,0.0,0.0,596.5565028084543,0.0,105.57050563474192,cal_final_2008-09-30
12488500,hbv_lite_cma,evaluation,0.517245,0.464445,0.514343,0.075905,2.536173,13,explicit_euler_dt1,hbv,success,,40.03,0.4466,-1.2502317499646116,3.0228999628483506,0.0698151655969687,7.793136129772545e-07,2499.809965002223,1.0000946029026725,0.3408411159450952,0.0684868544482378,0.1272031550476532,199.98332800018088,17.494628224193125,0.0186471474745548,1.010431119041735,0.0,0.0,2050.6463251050623,0.0,110.55616575931865,cal_final_2008-09-30
13011500,hbv_lite_cma,evaluation,0.737102,0.686508,0.262902,0.110441,0.328104,13,explicit_euler_dt1,hbv,success,,45.12,0.8418,-0.940013507534896,3.389075815003588,0.0002803341529883,0.0236054939162246,2499.9807279574597,1.0953623434764457,0.3745984112996726,0.8257271448246075,0.4998518868992281,53.88162968329904,12.681811129906098,0.0523308091543233,1.9583204997348929,0.0,0.0,1689.407209293645,0.0,10.064691227001918,cal_final_2008-09-30
13011900,hbv_lite_cma,evaluation,0.51692,0.413941,0.491124,0.33857,-0.257143,13,explicit_euler_dt1,hbv,success,,50.67,0.787,-2.4000000221395648,1.501825616204333,0.0966362464240459,3.3671576423826874e-08,2499.999797095056,1.0000005373374246,0.291787398246345,0.4715218397361911,0.2987515699152265,67.86644505490251,7.862531225970829,0.0343662975233363,1.0006728348423917,0.0,0.0,1711.3002087148957,0.0,28.06922859483676,cal_final_2008-09-30
13018300,hbv_lite_cma,evaluation,0.310922,0.504008,0.322507,0.141151,1.883453,13,explicit_euler_dt1,hbv,success,,87.02,0.6127,-0.022210065610956,1.768850679496684,0.0497275486668674,0.0107439819270333,2499.896371561097,1.0008505953235338,0.4824384409779697,0.6241165941888356,0.0285806844247644,199.95385962714852,2.7857841676975994,0.0003404148106894,1.814147855477264,0.0,0.0,1480.0012664018486,0.0,2136.3531462598585,cal_final_2008-09-30
13023000,hbv_lite_cma,evaluation,0.352686,0.466796,0.481794,0.037583,1.261742,13,explicit_euler_dt1,hbv,success,,50.08,0.3825,-2.5,5.283054108848115,0.0619045969898804,1.336478713508221e-09,2499.999997713748,1.134734990366322,0.210145677601574,0.9783677871453524,0.047779332583397,60.928094580046746,20.95220249703384,0.0109877898982547,1.1040438319467367,0.0,0.0,1741.7355761538208,0.0,155.45899538669477,cal_final_2008-09-30
13161500,hbv_lite_cma,evaluation,0.451784,0.609447,0.28031,0.127137,0.7923,13,explicit_euler_dt1,hbv,success,,44.77,0.8347,0.5239576709494296,14.999999999990653,0.0197452162558004,1.896480272629421e-13,765.4276618047337,1.89598401326807,0.2453052288347358,0.325890635389745,0.0100000000000049,80.90611001854204,3.200081969347617,0.0438484743624389,1.515966040919436,0.0,0.0,148.9928144977601,0.0,0.3147613750740515,cal_final_2008-09-30
13235000,hbv_lite_cma,evaluation,0.607366,0.619146,0.032756,0.191723,-0.439411,13,explicit_euler_dt1,hbv,success,,62.75,0.7168,1.1800000610139847,5.97494647955067,0.0816833413270115,2.0400060974807808e-10,2499.9999896016843,1.0000000008445906,0.9999999307993142,0.0504723379620202,0.0186480316173545,6.572664860594882e-12,18.510046757562822,0.0273125673719088,1.0006707905504368,0.0,0.0,1564.4266573262585,0.0,19.56974686538776,cal_final_2008-09-30
13240000,hbv_lite_cma,evaluation,0.778278,0.867056,0.031432,-0.012284,0.724233,13,explicit_euler_dt1,hbv,success,,37.38,0.8454,-0.3299999951111889,3.924371392417645,0.0548875063162633,5.6598697406178685e-11,2013.242994534344,1.0000000109625264,0.7247908919623889,0.6805786760183405,0.4999999901804391,132.2110312490174,20.82581616380643,0.0569868163824967,1.1041254354244958,0.0,0.0,1441.7416769623956,0.0,15.5086364266267,cal_final_2008-09-30
13313000,hbv_lite_cma,evaluation,0.353474,0.242586,0.536933,0.45367,0.540401,13,explicit_euler_dt1,hbv,success,,42.66,0.8016,-0.8800277659956468,2.8959010814482893,0.0246600745636307,0.0041233825982264,2499.997860931664,1.000000709320646,0.2942443217814864,0.1614618170943396,0.3737290771662468,189.80518789683725,12.387243386638534,0.0372655518352173,1.0091826849296708,0.0,0.0,1570.3296705922155,0.0,19.062470840401662,cal_final_2008-09-30
13331500,hbv_lite_cma,evaluation,0.600657,0.661756,0.159786,0.194243,0.665806,13,explicit_euler_dt1,hbv,success,,39.74,0.8154,0.8899291795725306,1.2368146286039432,0.0056938306025107,2.3738802501374278e-08,1476.4277696300778,1.000001181936697,0.973997427887542,0.1124560774736593,0.2812617644349152,30.4037106024482,7.502179185447778,0.0554836627486972,1.0465982638188092,0.0,0.0,968.477884338449,0.0,13.930083040820184,cal_final_2008-09-30
14020000,hbv_lite_cma,evaluation,0.422029,0.69567,0.078704,-0.123242,-0.311755,13,explicit_euler_dt1,hbv,success,,33.04,0.5573,-0.0800018667581405,0.5304468764836643,0.0644302897602494,0.0160899982844723,74.17823083112958,1.0000000481205789,0.9999998258160574,0.6540541981718864,0.21517242142154,21.78607743628067,3.6259421169072,0.0610903043275036,1.0781092067978375,0.0,0.0,15.872694078912316,0.0,1.11420940921337,cal_final_2008-09-30
14096850,hbv_lite_cma,evaluation,0.463082,0.398099,0.328169,-0.079937,0.4426,13,explicit_euler_dt1,hbv,success,,40.63,0.1729,0.0399912696086062,14.971367742119494,0.05996512444627,0.0217525604307946,2499.999485833354,1.9396458025704837,0.2829940608257846,0.7713625225593062,0.4999999445185927,103.65984665761924,18.998146728203963,0.0154784548626257,1.89030352574891,0.0,0.0,1590.8751122853944,0.0,23.194351968040262,cal_final_2008-09-30
14137000,hbv_lite_cma,evaluation,0.751656,0.742553,0.016287,-0.164788,0.22419,13,explicit_euler_dt1,hbv,success,,35.1,0.7716,-1.0900015035917665,1.420755941208507,0.0345081893493348,1.9500083286874099e-07,1015.8503151540172,1.000041262240615,0.2066084113786378,0.9899999856184982,0.3388729750968406,47.78478656952693,11.491186516023449,0.0236971016664117,1.3525092190845664,0.0,0.0,774.4978130665701,0.0,70.50869426123121,cal_final_2008-09-30
14138800,hbv_lite_cma,evaluation,0.635784,0.673215,-0.019419,-0.24134,2.059841,13,explicit_euler_dt1,hbv,success,,33.0,0.6841,-0.9400132222354572,1.5549224240151784,0.0013511340273193,0.1648629377150385,816.639607869798,1.0000910064164428,0.9998734140965548,0.9899996853838928,0.4999944309038382,9.79525653427906,8.474824467930638,0.0401211190085849,1.8271607275480723,0.0,0.0,646.5660272204956,0.0,38.90318217208121,cal_final_2008-09-30
14138870,hbv_lite_cma,evaluation,0.712042,0.812959,-0.026869,-0.153466,0.683842,13,explicit_euler_dt1,hbv,success,,32.68,0.7313,-0.7903262650773475,0.946933673733849,0.0002624875133568,0.0011153937887837,2078.6517606421867,2.435453864885658,0.2024115196904358,0.989999868332228,0.4988953517179733,0.0001158404137451,11.014659586474425,0.0734733423409778,1.445607786014418,0.0,0.0,1868.357532493664,0.0,23.55722298772173,cal_final_2008-09-30
14138900,hbv_lite_cma,evaluation,0.613723,0.706892,-0.147748,-0.168639,-0.49421,13,explicit_euler_dt1,hbv,success,,33.03,0.7003,-0.4700742187998168,0.5867711286077435,0.0205760665521873,0.1999898043063406,270.2158957631291,1.0000000124374495,0.9999970240955742,0.9899965182950312,0.481729449723455,0.0035529618539222,11.17498844782946,0.148692185765773,1.263739405056822,0.0,0.0,168.79257814353363,0.0,5.503185854127652,cal_final_2008-09-30
14139800,hbv_lite_cma,evaluation,0.741361,0.78423,-0.10778,-0.141165,-0.22294,13,explicit_euler_dt1,hbv,success,,32.67,0.7509,0.0299343717613487,0.997351208648081,0.0990275514657787,7.412882842141887e-06,212.31924064771263,1.0022985491239538,0.9999989575965744,0.9899918522026544,0.4985006792117517,5.027581753828243e-07,12.771739862552426,0.1525492260965981,1.3704731793904066,0.0,0.0,134.43053480075366,0.0,8.6995026148092,cal_final_2008-09-30
14141500,hbv_lite_cma,evaluation,0.758138,0.845509,0.018246,-0.110702,0.337802,13,explicit_euler_dt1,hbv,success,,32.05,0.7407,0.4299992740469029,0.9608324861139274,0.00903242535188,2.530807075186861e-11,792.7325732379331,1.0005525405611058,0.5316385657817443,0.9899998320491328,0.4362230272135025,6.664290711671796e-07,13.01630134897261,0.0830245427271567,1.9307685561578949,0.0,0.0,584.1730137999364,0.0,22.051222478443197,cal_final_2008-09-30
14154500,hbv_lite_cma,evaluation,0.704802,0.637445,0.303259,-0.099451,4.464556,13,explicit_euler_dt1,hbv,success,,31.89,0.7251,-1.290013738423415,0.5333225957184491,0.094219933559636,2.168186147992187e-08,2499.9990939835798,1.0388884821466218,0.2000454648144002,0.9899999487443788,0.3728002193871156,27.02113029639977,7.415473257444756,0.0391798556935066,1.1141698588240443,0.0,0.0,1850.3765078295496,0.0,7.246497650293612,cal_final_2008-09-30
14158790,hbv_lite_cma,evaluation,0.707934,0.753619,-0.047175,-0.214987,0.325445,13,explicit_euler_dt1,hbv,success,,32.33,0.6694,-1.6300776741411482,1.5483894448433055,0.0679773112825044,0.0002716864561358,227.41905701227677,2.5070446531327626,0.618921076892667,0.6027552787168343,0.4999964163849181,44.17551785232553,13.075105176896155,0.0436770029267032,1.9386987440398693,0.0,0.0,93.0973833004841,0.0,4.062228973211078,cal_final_2008-09-30
14166500,hbv_lite_cma,evaluation,0.813439,0.75246,0.224937,0.120644,-0.782743,13,explicit_euler_dt1,hbv,success,,31.7,0.8876,-0.2187461863881337,1.637152650926051,0.0178334861959504,0.0154089651959057,257.9298016860885,2.0356706840724814,0.2001852916584323,0.9897739851097368,0.428454476720762,64.11178518537842,7.790177552166925,0.0887520337453477,1.6861528988620025,0.0,0.0,17.925812434439003,0.0,0.0223809297157934,cal_final_2008-09-30
14182500,hbv_lite_cma,evaluation,0.705139,0.699562,-0.057183,-0.171869,0.328792,13,explicit_euler_dt1,hbv,success,,31.63,0.7258,-0.9400002578749752,1.1012124080847898,0.0374080702018824,4.834264202566568e-10,95.20209120784456,1.0000011596777052,0.9999999968535116,0.9899999966770686,0.4999998922479461,25.49581588848528,10.243902451014078,0.0638212559220735,1.5202818001558147,0.0,0.0,41.9287379433015,0.0,5.602644569990236,cal_final_2008-09-30
14185000,hbv_lite_cma,evaluation,0.7951,0.747453,0.21734,-0.028737,1.857096,13,explicit_euler_dt1,hbv,success,,31.73,0.7658,-2.400001234898962,0.500003531967242,0.0811964813834973,0.0714694568106433,632.5023255919531,1.0037112761101208,0.3126425954596576,0.7392577998997558,0.2812127201203364,20.078140141705763,10.063624581141516,0.0445987651805561,1.182768605850416,0.0,0.0,386.6739600616731,0.0,10.790879070930378,cal_final_2008-09-30
14185900,hbv_lite_cma,evaluation,0.810508,0.788011,-0.099813,-0.199246,-0.171959,13,explicit_euler_dt1,hbv,success,,32.25,0.783,-0.7699120888558499,1.972890418918356,0.0471059203969101,6.544888469518398e-07,299.6902359798809,3.1540792082294584,0.9998789973540634,0.989998621342666,0.4245407470843131,9.055436588433848e-05,12.92276465832901,0.1180782148595983,1.966236380679948,0.0,0.0,188.8623448897881,0.0,1.1307865886351969,cal_final_2008-09-30
14187000,hbv_lite_cma,evaluation,0.808336,0.733284,0.22739,-0.014999,1.644218,13,explicit_euler_dt1,hbv,success,,32.06,0.7871,-1.9501105818516964,0.500001813983908,0.0975818478908277,1.097887753632411e-05,1352.849289092,5.999749434611603,0.7341208920525502,0.9899968505202724,0.4407799791085892,69.10794250767749,10.115193208402877,0.0727519777056524,1.1071513824673032,0.0,0.0,1136.400825316878,0.0,3.817718477545637,cal_final_2008-09-30
14216500,hbv_lite_cma,evaluation,0.641451,0.681724,-0.062551,-0.202323,-0.055528,13,explicit_euler_dt1,hbv,success,,32.32,0.694,-1.499975108164896,1.652876194040744,0.0894163290082666,3.4703581560864773e-07,1155.5114182629188,5.993494139945777,0.8061055796617533,0.0500266081468559,0.2241277496530898,175.8156486476622,11.859139497637484,0.026973548041304,1.9616717070027476,0.0,0.0,985.8244136574054,0.0,30.4787284410336,cal_final_2008-09-30
14222500,hbv_lite_cma,evaluation,0.773146,0.812817,0.038078,-0.089051,0.316547,13,explicit_euler_dt1,hbv,success,,31.84,0.8672,-0.6998528934794404,2.900506368664837,0.0417953542723128,1.0603375350098245e-06,362.9178223171916,1.00306638049004,0.2807049582360283,0.989993033246106,0.3076717955939234,45.34508614439892,9.546947269047193,0.0599576187000532,1.8992205527361352,0.0,0.0,159.89206742519494,0.0,6.937491912904708,cal_final_2008-09-30
14236200,hbv_lite_cma,evaluation,0.745417,0.722708,-0.108508,-0.211094,-0.263285,13,explicit_euler_dt1,hbv,success,,32.28,0.8091,0.4399927298081114,0.9240098527186188,0.020038340237587,4.4708457472053644e-10,266.1448016773814,2.259907905552228,0.9999999668761764,0.9899999693805008,0.4236986734340886,33.81908247474471,9.99503142811793,0.0840176415821381,1.790372853602361,0.0,0.0,178.7492132675421,0.0,4.731639124075296,cal_final_2008-09-30
14301000,hbv_lite_cma,evaluation,0.913354,0.880531,0.112291,0.031939,4.664418,13,explicit_euler_dt1,hbv,success,,32.38,0.8972,-2.403445729534464,14.99981925293467,0.0765954065103705,0.0199957705556758,391.35358601628576,1.000012268320794,0.375349836313203,0.2577459900407107,0.1294192990265586,77.84716534493748,3.290323006094725,0.0001204926385939,1.987318236384966,0.0,0.0,185.13326620931255,0.0,5534.0516304467255,cal_final_2008-09-30
14303200,hbv_lite_cma,evaluation,0.784273,0.719171,0.197007,-0.08851,1.681221,13,explicit_euler_dt1,hbv,success,,32.2,0.8089,-0.8900016067451402,4.319129637674626,0.0848462854448301,1.6686114464619863e-09,2499.9999992689814,1.00000000088462,0.2802369998537298,0.9899999999711214,0.1465028002523821,89.92185311589579,8.704170327287391,0.0284173893340361,1.1263661760010577,0.0,0.0,2108.417529893324,0.0,31.68371863915293,cal_final_2008-09-30
14305500,hbv_lite_cma,evaluation,0.850977,0.91621,0.039268,0.016467,-0.698779,13,explicit_euler_dt1,hbv,success,,31.87,0.8718,-1.2400036153105485,0.5000001278549637,0.0009304966115674,0.023021609965585,583.1044444715593,5.999999990171718,0.5570178102911766,0.9899999894392204,0.4999999990469727,40.59856981604075,18.681929795030985,0.1201473425013899,1.9978859757853509,0.0,0.0,414.1740753013821,0.0,0.5934223800945319,cal_final_2008-09-30
14306340,hbv_lite_cma,evaluation,0.824404,0.800553,0.168105,0.013172,-0.255774,13,explicit_euler_dt1,hbv,success,,32.16,0.8178,-2.499993173958739,14.99998947490364,0.0231971934056657,6.481930562736275e-07,270.8360161187313,1.825840578798955,0.2030049737702012,0.4672618065708528,0.2196988811500203,43.5615355669582,8.737478842589391,0.0869426330985405,1.9694690240524733,0.0,0.0,50.87673205863618,0.0,0.4163359114282739,cal_final_2008-09-30
14306500,hbv_lite_cma,evaluation,0.774614,0.609903,0.365611,0.130967,0.938475,13,explicit_euler_dt1,hbv,success,,40.69,0.8354,-2.4503414221662334,8.312033425727417,0.0438672658724943,4.119533132441672e-05,2499.9966883482584,5.999664154127881,0.2832688645942697,0.7806953577324637,0.2982313267441617,47.7872597304066,11.781755881563504,0.0590893505825481,2.896268811249045,0.0,0.0,2234.512387998979,0.0,6.821481548099134,cal_final_2008-09-30
14308990,hbv_lite_cma,evaluation,0.603881,0.359831,0.524473,-0.03693,3.061116,13,explicit_euler_dt1,hbv,success,,32.63,0.5752,-0.5700008415220164,0.8128063732129558,0.0999969963437752,0.1999998628630143,2499.999990229037,1.0856685907614465,0.2869912057275536,0.314183108449269,0.4999999578478006,36.73260072322604,9.619956552179104,0.0326058174963425,1.295950791358874,0.0,0.0,1496.6871557331085,0.0,2.4655877849223664,cal_final_2008-09-30
14309500,hbv_lite_cma,evaluation,0.618896,0.392649,0.585388,0.158641,4.26382,13,explicit_euler_dt1,hbv,success,,32.37,0.7268,0.2100000810745239,5.647075948995638,0.0343038137529259,3.609224607899845e-08,2499.9996048217904,3.607597936737625,0.2952440489328291,0.9899997171682254,0.3484967913872245,24.74625382811325,9.863340624772828,0.0554365265446985,1.1703400608353631,0.0,0.0,2109.553585545743,0.0,0.6512943780305189,cal_final_2008-09-30
14316700,hbv_lite_cma,evaluation,0.71144,0.734672,0.124423,-0.147784,1.008929,13,explicit_euler_dt1,hbv,success,,33.3,0.7396,-1.4099999907616347,1.025037737856475,0.0999495919594597,1.7836452210184197e-12,386.7332784232661,1.0000034927048804,0.2157060966484201,0.9899999998265012,0.499999999712952,18.605783601652,8.78150046999892,0.0622421582128364,1.5084357000681905,0.0,0.0,114.19707634251095,0.0,0.9087399959071328,cal_final_2008-09-30
14325000,hbv_lite_cma,evaluation,0.711888,0.786278,0.147135,-0.054843,10.365588,13,explicit_euler_dt1,hbv,success,,33.09,0.739,1.0074986252182367,2.825613142465104,0.0974086979487101,4.900958674132623e-06,494.4134308302637,1.1325683608268695,0.243206208351129,0.886706879128332,0.1409546358650671,91.67073025929338,5.005473761876952,0.0001849747485305,1.0319503252937483,0.0,0.0,256.7029844528404,0.0,6308.836270127453,cal_final_2008-09-30
14362250,hbv_lite_cma,evaluation,0.578069,0.140212,0.831938,0.146869,53.800829,13,explicit_euler_dt1,hbv,success,,36.29,0.6375,0.3516237421702466,6.816716845698837,3.5223973492303124e-06,0.0997862637943679,587.7625102208501,2.137499041995633,0.3512763834144232,0.9244763779531346,0.1115965265556873,105.35929651012006,5.518932157205546,0.0001000082660271,1.1985571631209846,0.0,0.0,176.4092847161008,0.0,3031.5733859621646,cal_final_2008-09-30
14400000,hbv_lite_cma,evaluation,0.818338,0.886907,0.021435,-0.066882,-0.51676,13,explicit_euler_dt1,hbv,success,,32.48,0.8417,0.3332400323303326,1.3497107749805703,0.0902318505250892,0.0250269414482369,170.66267630468852,1.5986074896355509,0.2000570356249994,0.9899893118234616,0.4999645117632938,0.0003016050046846,28.34240806209816,0.1469385524075774,1.1546018556284356,0.0,0.0,5.603519220777899,0.0,0.0045015985606582,cal_final_2008-09-30
