basin_id,model,period,nse,kge,bias,peak_bias,lowflow_bias,parameter_count,solver_name,family,run_status,error_message,_elapsed_s,_cal_nse,p_parTT,p_parCFMAX,p_parCFR,p_parCWH,p_parFC,p_parBETA,p_parLP,p_parK0,p_parK1,p_parUZL,p_parPERC,p_parK2,p_lag_time,state_SNOWPACK,state_MELTWATER,state_SM,state_SUZ,state_SLZ,state_init_mode
01022500,hbv_lite_cma,evaluation,0.730277,0.781562,-0.025685,-0.149989,0.797097,13,explicit_euler_dt1,hbv,success,,54.64,0.8054,-2.459999845413328,1.1909352131602071,0.0247805086687196,8.68330769916181e-12,398.91542833552745,3.0459209681843675,0.9999999932369634,0.4140287793733015,0.3725334935502411,36.087302793962,4.21220396324777,0.0585292141769992,4.583220056982095,0.0,0.0,357.6927857148656,6.1281475157218415,27.267407818800912,cal_final_2008-09-30
01031500,hbv_lite_cma,evaluation,0.708813,0.795275,-0.02214,-0.131823,1.697709,13,explicit_euler_dt1,hbv,success,,29.14,0.6713,-2.26836397666482,1.786462949487479,0.0778372699312705,3.2865215852816244e-05,370.63815512540975,3.4831858387200008,0.9890671721972548,0.4432355201026361,0.4134458320833225,71.20791106359299,4.7420479208845085,0.1664482749194852,2.3434716313428128,0.0,0.0,316.6032736617808,0.0,12.768477107106932,cal_final_2008-09-30
01047000,hbv_lite_cma,evaluation,0.679882,0.723139,-0.10492,-0.187508,0.636934,13,explicit_euler_dt1,hbv,success,,31.88,0.6476,-2.499999999267589,1.4565676209619758,0.095129052600986,2.9128739531823067e-15,338.16435449763145,2.985445634523272,0.999999999999548,0.1143988176552277,0.4082987454658451,89.67554699192426,2.8626180399571304,0.1264900377759172,2.8472766299875385,0.0,0.0,296.5746967505267,1.8280315723303824,11.666708959450212,cal_final_2008-09-30
01052500,hbv_lite_cma,evaluation,0.743329,0.791254,-0.130693,-0.2081,0.770849,13,explicit_euler_dt1,hbv,success,,27.91,0.758,-0.0499999831391111,4.126184103404332,0.0536372557573004,7.247253815915489e-11,277.07711198811137,1.853579530807817,0.9999999555873632,0.5042974818342758,0.4173825787885972,21.13274910248665,4.647224904532564,0.1466929112825578,1.809800714529731,0.0,0.0,214.723704032418,0.0,11.205772750643256,cal_final_2008-09-30
01054200,hbv_lite_cma,evaluation,0.579759,0.619174,-0.040172,-0.219581,2.62224,13,explicit_euler_dt1,hbv,success,,27.53,0.5364,-0.9400083380653972,1.77289898860941,0.081495925746005,1.907226814305252e-07,524.4280860479298,1.5733487627413971,0.8870767211679058,0.8507663311726008,0.0822828229041167,16.193832455412537,1.2730172033493563,0.0579788103576489,1.412919939276845,0.0,0.0,397.9334136572351,13.43472484724334,17.020648759006008,cal_final_2008-09-30
01055000,hbv_lite_cma,evaluation,0.585212,0.655455,-0.024693,-0.197985,2.060262,13,explicit_euler_dt1,hbv,success,,27.8,0.6234,-2.4500000140382454,1.9862562931473589,5.893002077402784e-07,1.990108860642285e-14,184.74646026114195,1.4136352705987734,0.9547124199234288,0.5553063322299173,0.4372402990048837,1.6409210723688302e-09,5.433268134611308,0.1076396527515379,1.0620666684627815,0.0,0.0,143.0599708538128,0.0,19.9378081981666,cal_final_2008-09-30
01057000,hbv_lite_cma,evaluation,0.644528,0.70053,-0.03101,-0.17707,0.971982,13,explicit_euler_dt1,hbv,success,,27.57,0.7034,-1.980000088352034,1.839282676353394,0.0195929684783926,4.602865381696623e-11,240.45347113159863,1.5057333249706226,0.2000055449922168,0.0509556204249251,0.360060738590241,72.87867851233956,5.083010121175717,0.0785693235514951,1.7141899275579038,0.0,0.0,192.3526488115655,6.140913174710203,27.81046305961462,cal_final_2008-09-30
01073000,hbv_lite_cma,evaluation,0.761624,0.726682,-0.124227,-0.18276,0.370979,13,explicit_euler_dt1,hbv,success,,27.23,0.8447,-1.5200142393984877,0.9478980272113404,0.0234384940609469,0.1419320101406661,348.2631015266373,1.5480636434066748,0.2000001052135875,0.8999999975223034,0.499999863243887,13.911063576184066,6.394596496732742,0.1744977371826835,1.526046635161351,0.0,0.0,273.63976706109594,0.0,18.735223135357707,cal_final_2008-09-30
01078000,hbv_lite_cma,evaluation,0.735655,0.761622,-0.106575,-0.206301,1.279771,13,explicit_euler_dt1,hbv,success,,32.81,0.7113,-1.630000002038944,1.7705627097997143,0.0327313354507381,0.1035173155708368,327.0169342599055,1.0000000011359962,0.3933160962386847,0.6967441376439781,0.2755495281234441,20.67742669574984,2.1616337007994737,0.0817661276840046,2.186221328830963,0.0,0.0,152.22885111082147,0.8456237292074761,13.193910617172836,cal_final_2008-09-30
01123000,hbv_lite_cma,evaluation,0.646053,0.790963,0.030406,-0.113549,0.608269,13,explicit_euler_dt1,hbv,success,,27.27,0.739,-2.1297944924643075,1.0278587776533654,0.0148512850636417,2.332265070431613e-07,412.5739880371734,1.6919949448775826,0.2041187927056434,0.3736481096167908,0.3030586592517389,8.705971920135887,4.75913285360012,0.0705995132332089,1.106226705181731,0.0,0.0,273.5611761337338,0.0,27.3453548360841,cal_final_2008-09-30
01134500,hbv_lite_cma,evaluation,0.661744,0.744974,-0.075033,-0.171823,0.878344,13,explicit_euler_dt1,hbv,success,,30.27,0.6851,-1.660000006781417,1.8649045020205457,0.0811969568515297,1.8822110177908358e-10,239.04197789439544,2.078063680051664,0.9999999894391284,0.2844654330302644,0.3627508389847332,14.29097544534491,2.381112940679275,0.1047054516458803,2.237439551724333,0.0,0.0,174.49587824200302,0.0,7.770184262489524,cal_final_2008-09-30
01137500,hbv_lite_cma,evaluation,0.558073,0.602407,0.332832,0.048262,1.279472,13,explicit_euler_dt1,hbv,success,,27.77,0.5998,-2.340000001634512,1.6279571722412036,0.0554383508721933,1.012267249198591e-13,490.28513308375153,1.000000000084186,0.2094463716545974,0.1765563165603723,0.4333291090795725,3.2545942433611313e-08,8.857485630466718,0.0624555456436376,1.4856357235222315,0.0,0.0,297.7854116528762,0.0,40.625477094100674,cal_final_2008-09-30
01139000,hbv_lite_cma,evaluation,0.637011,0.701074,-0.12977,-0.229596,0.538275,13,explicit_euler_dt1,hbv,success,,28.04,0.75,-1.410000001093902,1.8495299686587785,0.000235803754608,3.701287058497541e-10,238.53772135441807,1.0000000035538614,0.2738606371266538,0.5181396327609039,0.300671007434248,75.3299054679339,4.204960286475319,0.0674268949302146,1.0008929990975477,0.0,0.0,91.06047026802304,0.0,10.941065507968757,cal_final_2008-09-30
01139800,hbv_lite_cma,evaluation,0.613164,0.703355,-0.181869,-0.221342,0.383181,13,explicit_euler_dt1,hbv,success,,31.58,0.7394,-1.1200000162289556,1.903507232256202,0.0023151807043912,0.0162630959898297,209.29594713891805,1.0411589121176048,0.2000001824098094,0.2613282428812128,0.3297117796910779,45.54411045848836,8.766080135410137,0.0719108048004404,1.1059870571357753,0.0,0.0,76.59452144896295,0.0,9.939691553681891,cal_final_2008-09-30
01142500,hbv_lite_cma,evaluation,0.638822,0.736244,-0.003948,-0.128858,0.885641,13,explicit_euler_dt1,hbv,success,,28.96,0.7087,-0.6899999238394221,3.652212176414676,0.0039322350147778,6.636033527337091e-11,255.77375672117105,1.1664008100847751,0.3149625824114053,0.620055621406836,0.2825392514196636,81.89784360815496,8.78581292664442,0.0915007732419575,1.000001712909402,0.0,0.0,107.99949435534116,0.0,8.763904529246105,cal_final_2008-09-30
01144000,hbv_lite_cma,evaluation,0.711632,0.806378,-0.002465,-0.113869,0.632448,13,explicit_euler_dt1,hbv,success,,28.1,0.7109,-1.1500009186948967,2.973524188387786,0.0368949230969533,3.5826371860648053e-07,208.8844559945739,1.0010708466357716,0.2000402172530232,0.063053352065846,0.268800000380711,1.976924102419772e-05,8.159794791806576,0.0938488612949703,1.7359146743780671,0.0,0.0,81.41342981595336,0.0,9.467011698673913,cal_final_2008-09-30
01162500,hbv_lite_cma,evaluation,0.651548,0.701329,-0.007331,-0.210693,2.751063,13,explicit_euler_dt1,hbv,success,,43.91,0.6997,-2.3400000355297563,1.4399370518586778,0.0882417945360592,3.956849362302513e-11,432.3074645791527,3.4464941096655,0.9999999988214724,0.4392743954832593,0.2295103449860526,30.83679997090607,3.31903977127248,0.0812512711256427,3.2864461991621474,0.0,0.0,381.5023662131599,0.0489568085653851,21.465550906550817,cal_final_2008-09-30
01169000,hbv_lite_cma,evaluation,0.481694,0.721973,0.119525,-0.053827,2.357871,13,explicit_euler_dt1,hbv,success,,27.31,0.6372,-0.9699998699630688,2.3335981011539806,0.0909288983105843,1.705142220116264e-09,145.72561265426174,2.1256752116311346,0.9999999639880072,0.6394980675081136,0.2484057825033275,16.69376040748932,3.548138919181345,0.0600458086422785,1.042911520084884,0.0,0.0,130.40212543728288,0.9645658459552966,31.78951185474854,cal_final_2008-09-30
01170100,hbv_lite_cma,evaluation,0.542047,0.69383,0.10986,-0.11958,2.756427,13,explicit_euler_dt1,hbv,success,,27.66,0.6346,-1.859999775458728,1.5929002956134082,0.0335259123291259,2.7171808658202393e-09,279.8842856221211,1.9676490708424568,0.999999936949218,0.5970125261339682,0.1989724296546029,17.952916750206025,3.483964184179278,0.0665750282802062,1.1601226226290695,0.0,0.0,232.2913171944452,2.558172624721572,29.057069455203383,cal_final_2008-09-30
01181000,hbv_lite_cma,evaluation,0.532118,0.756002,0.030831,-0.10557,1.754958,13,explicit_euler_dt1,hbv,success,,27.36,0.6067,-1.3744636175208105,1.587206726433978,0.0623329700892901,2.811522308792441e-10,216.61976977041687,2.744814549152399,0.9999999998329128,0.6666649335438481,0.2931291283204124,21.347823919735937,2.301264207064955,0.0912542055865591,1.0047743939295746,0.0,0.0,195.82897722560872,2.813051022120669,14.798544870761525,cal_final_2008-09-30
01187300,hbv_lite_cma,evaluation,0.642771,0.696334,-0.026486,-0.174994,3.563472,13,explicit_euler_dt1,hbv,success,,27.4,0.6904,-0.9599990484481876,1.7806721884374574,0.0468472016531815,5.195948708795009e-11,798.1667473865543,5.594541333538203,0.9999997120507452,0.5121756941058541,0.229482956491868,9.54087205015106,2.195309690642759,0.0953290398889004,1.1793329994064048,0.0,0.0,734.4335870759468,2.9661493791731344,13.673330921081844,cal_final_2008-09-30
01195100,hbv_lite_cma,evaluation,0.56585,0.712355,0.005901,-0.159498,3.141029,13,explicit_euler_dt1,hbv,success,,27.29,0.7715,-0.6500004602411433,1.1500155575584865,0.0923224857389671,2.3467471287509213e-08,523.339050539081,2.6534710986054364,0.4503717536930132,0.8999999993451496,0.4944274032883564,16.043344257213835,4.939415038359139,0.1086725404651508,1.0714627887116204,0.0,0.0,406.4489839428323,0.0,16.771993927841336,cal_final_2008-09-30
01333000,hbv_lite_cma,evaluation,0.64228,0.732204,-0.026935,-0.196142,1.191036,13,explicit_euler_dt1,hbv,success,,28.25,0.6529,-2.290000009280524,1.7006574184381142,0.0438928663867773,0.0822995773473626,142.25005942771008,1.0956754297538442,0.3247761088863764,0.2710319153202627,0.0465370929557069,7.005380343359133e-07,5.9940180115798505,0.103776023494987,1.000048560744386,0.0,0.0,79.46666120798837,0.0,15.380685146747824,cal_final_2008-09-30
01350000,hbv_lite_cma,evaluation,0.5965,0.606962,-0.003985,-0.235108,2.402135,13,explicit_euler_dt1,hbv,success,,27.26,0.6658,-1.8000033084609337,2.4952027640635785,0.0159295636024113,2.5298383332369077e-09,460.28771551451007,4.341957956764672,0.99999988126275,0.4474691121047787,0.4758947376564919,80.57612555081467,7.297393889459825,0.1120297676990544,1.0193794344613054,0.0,0.0,401.69337689315546,0.0,19.539298284891352,cal_final_2008-09-30
01350080,hbv_lite_cma,evaluation,0.456593,0.370768,-0.251351,-0.424801,0.923517,13,explicit_euler_dt1,hbv,success,,26.05,0.6476,-0.9399007751583244,2.9179691636002656,0.0340912767073169,1.4366279430138528e-08,386.1258150178293,2.1591480110247256,0.2000000610651907,0.8914934515144527,0.2953635129785318,63.99293483902694,6.716913147702721,0.1016741821756595,1.083950807675615,0.0,0.0,206.6871169191528,0.0,8.080726846037145,cal_final_2008-09-30
01350140,hbv_lite_cma,evaluation,0.464472,0.447414,-0.186502,-0.323622,3.805098,13,explicit_euler_dt1,hbv,success,,27.38,0.5311,-0.9600000029464486,2.392696772991782,0.0863135393222207,3.003215360480637e-06,712.0944796062116,5.73676324990211,0.6122031782645796,0.4796527561530874,0.4469956837977106,57.28969690330196,3.90796108875204,0.174365648921246,1.5081219267357309,0.0,0.0,538.1725448088113,0.0,3.825924196429166,cal_final_2008-09-30
01365000,hbv_lite_cma,evaluation,0.652731,0.743934,-0.025826,-0.154542,0.782065,13,explicit_euler_dt1,hbv,success,,27.41,0.7232,-1.6199999905677869,1.9084692347002663,0.0708134302079782,8.659175520068059e-12,231.1901471184985,3.3473148585364805,0.9999999999974708,0.8999999999337369,0.3942839195265205,52.310189762216254,8.28834375665035,0.0856443683359612,1.7259726199845649,0.0,0.0,208.33971408184576,0.0,30.585862558842003,cal_final_2008-09-30
01411300,hbv_lite_cma,evaluation,0.628027,0.574573,-0.17173,-0.281769,0.131509,13,explicit_euler_dt1,hbv,success,,35.86,0.6686,-1.2200015513422044,1.964441040659724,0.0921640456365816,0.1721268224646048,810.6233314455026,1.7827463982349043,0.2137091878469685,0.4501462530844541,0.1528064302936356,77.85928778411093,3.32171922001508,0.0394471645054483,2.227889127186903,0.0,0.0,300.5460887737173,0.0,11.340249080728851,cal_final_2008-09-30
01413500,hbv_lite_cma,evaluation,0.558521,0.475575,-0.155351,-0.34563,1.318741,13,explicit_euler_dt1,hbv,success,,27.65,0.6768,-2.14000127147144,2.0788053178518178,0.0195638237954463,0.0103356728436839,630.5334152304746,4.434039832188082,0.6629811148942166,0.2871695647585341,0.1959439183522038,24.6461634142422,4.779903886216313,0.0844101595466305,1.071691237590633,0.0,0.0,519.7899814011843,0.0,19.298738834252443,cal_final_2008-09-30
01414500,hbv_lite_cma,evaluation,0.590745,0.541263,-0.164976,-0.30953,0.949617,13,explicit_euler_dt1,hbv,success,,27.38,0.6083,-2.289999509951316,2.097376248005165,0.0643473736102683,3.074264946310045e-09,578.2248165568762,4.669606165557419,0.7116940186183061,0.8999998000010229,0.3378477500180188,45.41051158032955,6.750275571925435,0.100470584000536,1.2348719613268957,0.0,0.0,496.7205875050549,0.0,20.961240043605823,cal_final_2008-09-30
01415000,hbv_lite_cma,evaluation,0.668347,0.604583,-0.111328,-0.271317,0.888167,13,explicit_euler_dt1,hbv,success,,29.88,0.6782,-2.080000037261336,2.060759414935455,0.0527957084093652,2.901403591333088e-05,239.8282277588197,1.2965743057257206,0.2000000000026588,0.4799680562609595,0.223716172817824,22.55429667552064,3.587295754757249,0.116493543680696,1.775911722765848,0.0,0.0,114.2809221464802,0.0,11.274683725300118,cal_final_2008-09-30
01423000,hbv_lite_cma,evaluation,0.717469,0.673351,-0.179243,-0.231634,-0.565862,13,explicit_euler_dt1,hbv,success,,27.41,0.7503,-1.060001972443004,2.636858681727205,0.091924503241466,0.0074026578320125,178.63715204742357,5.120883105712727,0.2003755566948818,0.6524753927852588,0.195349651978003,39.30821679214513,2.03455545739942,0.0618958133679114,1.2992316823400067,0.0,0.0,141.2238435646247,0.0,7.269695491684797,cal_final_2008-09-30
01434025,hbv_lite_cma,evaluation,0.553883,0.713367,-0.009558,-0.175082,1.304718,13,explicit_euler_dt1,hbv,success,,27.4,0.6408,-2.3402385385605338,2.0186128466973123,0.099994987544219,0.1999980164149129,413.6703249428732,1.8127546271501216,0.5227346331100919,0.8998865822759019,0.3470753047328295,35.09449217710347,7.057947206548184,0.0742405613860865,1.2439825179411654,0.0,0.0,298.5172125992667,0.0,35.19756040746048,cal_final_2008-09-30
01435000,hbv_lite_cma,evaluation,0.662276,0.70569,-0.083712,-0.219352,0.559318,13,explicit_euler_dt1,hbv,success,,27.18,0.6978,-2.0499921409734867,1.8783006927545256,0.0236657357741892,0.0048703040431416,157.49442218748283,3.4392382831350807,0.9999999761683616,0.7450972565129469,0.2622395612533859,22.322733479570164,5.290372425998003,0.060696637055381,1.0980307738035606,0.0,0.0,146.24154164598627,1.6919893161764388,37.4620098535986,cal_final_2008-09-30
01439500,hbv_lite_cma,evaluation,0.718844,0.672013,-0.076413,-0.23657,1.926759,13,explicit_euler_dt1,hbv,success,,30.44,0.7931,-2.050000215866646,1.263463448880394,0.0844802914375814,1.554453790537223e-08,528.1370534231181,3.697345813656039,0.9999999693943484,0.8270703639126432,0.1746580608887719,31.26483261993018,3.2384215847436915,0.0877859435128664,1.2424640287165112,0.0,0.0,438.13031285368,9.435886048456831,17.641738960356477,cal_final_2008-09-30
01440000,hbv_lite_cma,evaluation,0.555202,0.61624,-0.133158,-0.262552,0.897023,13,explicit_euler_dt1,hbv,success,,27.42,0.7109,-0.7600007280475152,4.117251267339384,0.0431681032480882,1.6573763293461101e-09,345.19552411531635,1.0000000385787209,0.2474003683687873,0.5528374950064083,0.1620110820682581,17.79647204113549,3.117099648679239,0.079112742255524,1.8095229715830663,0.0,0.0,122.2703101293228,0.0,15.878829553587748,cal_final_2008-09-30
01440400,hbv_lite_cma,evaluation,0.670087,0.750384,-0.009424,-0.159428,1.691207,13,explicit_euler_dt1,hbv,success,,27.35,0.6656,-1.8100000056083807,1.2641539195355576,0.0365297722649196,4.786647564733442e-09,468.70084584747474,3.0743444634845583,0.9999999983627488,0.8999999999575211,0.2477165043451535,18.10778400843629,3.4513463146116767,0.1061578731596525,1.0012434797975949,0.0,0.0,378.7201303551121,8.841053314871392,15.683846147783914,cal_final_2008-09-30
01451800,hbv_lite_cma,evaluation,0.653316,0.739309,0.044805,-0.154529,1.035485,13,explicit_euler_dt1,hbv,success,,24.83,0.7434,-1.9199998797323017,2.739936878734068,0.0002890648298304,6.955416225758417e-09,209.56204696978105,3.538708861686314,0.999999996514024,0.8999999998130758,0.27160241528587,20.06621300679976,3.907634194290204,0.0951454708205874,1.1005177828321102,0.0,0.0,183.1968055184844,2.3916127712801205,15.712094696795756,cal_final_2008-09-30
01466500,hbv_lite_cma,evaluation,-0.324176,0.416643,0.448455,0.187304,1.169045,13,explicit_euler_dt1,hbv,success,,64.56,0.1283,-0.0900171857099056,1.9955346779530927,0.0989895572676793,0.0226187021095079,572.1589306483199,2.854573944256257,0.2592673836957489,0.8999813450092143,0.0256956357928729,78.84290939368081,2.044158235965838,0.0010000000489356,1.7787669029020876,0.0,0.0,327.05569867701024,0.0,1087.5715910065078,cal_final_2008-09-30
01484100,hbv_lite_cma,evaluation,0.577208,0.658861,0.181279,-0.07737,1.042074,13,explicit_euler_dt1,hbv,success,,28.18,0.5054,-2.499990787569052,1.0406347114420489,0.0335957662282256,0.026638985714979,883.159981728589,3.1610045864894305,0.3420338733531395,0.5395397636751555,0.3310521665228919,1.1906736671730778e-06,9.999999228382867,0.033878752118372,1.493795332950828,0.0,0.0,429.6328684234264,0.0,8.5915064800434,cal_final_2008-09-30
01487000,hbv_lite_cma,evaluation,0.73352,0.782693,0.151263,0.046757,0.438832,13,explicit_euler_dt1,hbv,success,,27.52,0.814,-2.4999837107996314,1.0406399828181894,0.0518337348618485,0.0189804555796756,895.0975361378777,4.849367191243344,0.9019652939425178,0.899999886454298,0.3521666783106044,22.30766161851429,8.688457545051271,0.046761735464522,1.3039175640390366,0.0,0.0,611.3486081005769,0.0,8.75664201542467,cal_final_2008-09-30
01491000,hbv_lite_cma,evaluation,0.695767,0.672376,-0.029025,-0.135891,0.479424,13,explicit_euler_dt1,hbv,success,,27.67,0.7058,-1.0000019251123595,2.02392539304965,0.0727608215846019,0.199999759958968,602.8442026233889,3.1657976127890493,0.4755171927193968,0.6661066329307689,0.3623535161164697,26.985967098494985,3.101168892986572,0.1020928900788379,1.0081628132889795,0.0,0.0,277.50190803409964,0.0,2.151483068184319,cal_final_2008-09-30
01510000,hbv_lite_cma,evaluation,0.690484,0.689238,-0.028053,-0.245019,2.075431,13,explicit_euler_dt1,hbv,success,,27.88,0.775,-2.490000370204799,1.628218812073125,0.0026999726085047,0.0532388077887908,680.1600695717668,5.999994799320287,0.999998886394892,0.89999985753688,0.3967740293620204,15.677576914252231,4.489122717433012,0.1158378715074575,1.2977452795235331,0.0,0.0,563.8537731202656,0.0,7.070445520854543,cal_final_2008-09-30
01516500,hbv_lite_cma,evaluation,0.492657,0.512264,0.109136,-0.169714,4.797813,13,explicit_euler_dt1,hbv,success,,27.35,0.6753,-2.120000053252868,1.3717301010201983,0.0451085869039528,3.08303409511547e-10,629.0820113615453,5.999999993488631,0.9444026227812335,0.89999997899038,0.2977596065481044,9.100741406224062,3.167786020821751,0.0800308146152315,1.1214320261299209,0.0,0.0,448.370855983029,0.0,3.4836067779455493,cal_final_2008-09-30
01518862,hbv_lite_cma,evaluation,0.584446,0.603313,-0.029118,-0.234605,3.546148,13,explicit_euler_dt1,hbv,success,,27.47,0.683,-1.610000104446045,2.2045903008818266,0.0999999980428928,0.1067234063780238,526.6709436062731,5.999999878824008,0.999999809635114,0.8135950589723465,0.3954484000020732,12.147941754254806,3.1432057121150243,0.1112353988823209,1.0000078028672477,0.0,0.0,407.0727950481951,0.0,4.622507366346872,cal_final_2008-09-30
01532000,hbv_lite_cma,evaluation,0.509778,0.496785,-0.051088,-0.226211,1.213947,13,explicit_euler_dt1,hbv,success,,27.26,0.6631,-2.1300005998191662,1.624069780326641,0.0251827875440911,9.819680568856833e-08,325.8584060304016,5.815209130364707,0.9999999948301376,0.4996049659423689,0.3175016429522688,11.097511360041906,2.825492671007771,0.1174612427285651,1.7938548066619548,0.0,0.0,248.7614855575732,0.0,3.81001863431254,cal_final_2008-09-30
01539000,hbv_lite_cma,evaluation,0.663162,0.738379,-0.042266,-0.183571,1.184908,13,explicit_euler_dt1,hbv,success,,27.25,0.6632,-1.960049247424855,1.4795980869243672,0.056230937626618,1.4728868324267027e-11,250.07008794236967,5.989778298884585,0.9999999996844376,0.6330434639901312,0.1627628354328813,24.006082707824884,0.968397313469742,0.0252197444289623,1.988065408187643,0.0,0.0,232.2187600584719,10.492313140240029,22.20530593624617,cal_final_2008-09-30
01542810,hbv_lite_cma,evaluation,0.620797,0.672492,-0.0056,-0.209256,3.367587,13,explicit_euler_dt1,hbv,success,,26.67,0.6708,-0.549999838045439,3.021644634438596,0.0026882234312557,3.6787852924338047e-10,394.1105712356491,5.999978797554454,0.999999997689094,0.4822363222073467,0.1708091040386768,12.382148574483844,0.666909752464972,0.0675654536629069,1.8252716428645408,0.0,0.0,298.7972747789167,0.2511249826622811,4.19094051863454,cal_final_2008-09-30
01543000,hbv_lite_cma,evaluation,0.66032,0.687515,-0.018008,-0.209483,2.088176,13,explicit_euler_dt1,hbv,success,,32.41,0.75,-2.470001408796638,1.5022549502648497,0.0112810568593439,0.09249369926811,412.457002109308,5.99996190537698,0.9999999763098284,0.6374676781359762,0.2394518332090971,12.751912408253013,2.1247744693189703,0.1564653300573664,2.94464405799106,0.0,0.0,313.04162995680366,0.0,2.357807949628219,cal_final_2008-09-30
01543500,hbv_lite_cma,evaluation,0.691935,0.69741,-0.01425,-0.221774,2.210035,13,explicit_euler_dt1,hbv,success,,32.62,0.7535,-2.450000073504752,1.6163600496887132,0.0721239519456913,1.7139602091048566e-08,533.9239508150786,5.999999230236709,0.9999998212215122,0.545885233083857,0.1372354562814074,21.831844289126902,0.1440993410532916,0.0744440903242905,2.783558131288927,0.0,0.0,407.94936832592265,1.9529618937981377,1.7339745194260086,cal_final_2008-09-30
01544500,hbv_lite_cma,evaluation,0.677476,0.602263,-0.120711,-0.280773,0.865612,13,explicit_euler_dt1,hbv,success,,35.23,0.7287,-2.48000084344803,1.3713014054447623,0.0094211926750501,0.1791818523952159,411.8257229135672,5.999998994499604,0.9999999975100288,0.5898889122309688,0.1654656409977545,14.871343260367713,3.145521449316996,0.1400305056981896,2.392312590090582,0.0,0.0,303.8164281271356,0.0,2.752348995068508,cal_final_2008-09-30
01545600,hbv_lite_cma,evaluation,0.668639,0.638829,-0.13102,-0.246814,0.599894,13,explicit_euler_dt1,hbv,success,,35.76,0.7047,-0.5500000042062445,2.478786734217916,0.009239326311529,1.583632836837647e-12,397.92252410276376,5.999997910742933,0.9999999976766978,0.4567366146557946,0.3735395897132615,21.11239921250649,7.576512463510702,0.1157684486953824,2.1129483118211825,0.0,0.0,288.70010747187166,0.0,2.554397426845884,cal_final_2008-09-30
01547700,hbv_lite_cma,evaluation,0.689954,0.737336,0.039606,-0.179509,3.259145,13,explicit_euler_dt1,hbv,success,,27.39,0.6521,-1.3458336886173154,1.607172998031948,0.0064121611304929,1.2111096125341392e-09,344.0758574503229,5.999999998984771,0.9999999996030564,0.5969870702812125,0.1622391378953214,17.001249583872724,0.711958271724751,0.0253073360290911,1.0151697794925685,0.0,0.0,268.173829013246,0.9691803460841912,11.38673360820013,cal_final_2008-09-30
01548500,hbv_lite_cma,evaluation,0.722204,0.685403,-0.137336,-0.241281,0.771365,13,explicit_euler_dt1,hbv,success,,35.48,0.7667,-0.780000089402473,2.430911490966213,0.0002647072230235,2.8617404729032113e-10,436.3728389833675,5.999999998395455,0.999999989670781,0.540253595606949,0.209972979526586,15.62728932400096,2.8945114122501314,0.1277002007641723,2.246089719980436,0.0,0.0,329.4166029639697,0.0,3.743600077432584,cal_final_2008-09-30
01549500,hbv_lite_cma,evaluation,0.627957,0.534738,-0.195956,-0.336033,1.544334,13,explicit_euler_dt1,hbv,success,,27.34,0.7432,-1.450000010457012,1.7988758037764532,0.0207451094276899,3.412822026221627e-07,465.5019828233972,5.999902024152273,0.9363419466975362,0.6541261525181905,0.2257551602028865,15.540572497637212,2.7900761030692287,0.1129589283479497,1.4960694992306467,0.0,0.0,362.3524119603854,0.0,5.460718506943673,cal_final_2008-09-30
01550000,hbv_lite_cma,evaluation,0.630451,0.580716,-0.131571,-0.290117,1.229803,13,explicit_euler_dt1,hbv,success,,27.74,0.7195,-1.7000000182111827,1.6548666631027869,0.0495527318972469,2.898774437720831e-10,397.36664391266135,4.858426545513665,0.999999130572466,0.5127272367394693,0.1968455106906833,11.720666614546245,3.9277131916430648,0.1220198786228197,1.8519954189742909,0.0,0.0,305.8138264803408,0.0,6.586167325967355,cal_final_2008-09-30
01552000,hbv_lite_cma,evaluation,0.641289,0.637188,-0.131995,-0.279248,1.165684,13,explicit_euler_dt1,hbv,success,,27.37,0.7082,-1.1400000293671309,2.109701672972252,0.0296866298044765,6.186423901386505e-11,180.55051582908507,4.279105659595276,0.9999999968379488,0.46271145452615,0.1978748536613459,15.97170396701902,2.48650443636892,0.0648906193353233,1.0679603183493465,0.0,0.0,159.70458568433727,2.607491554966853,13.746555282938983,cal_final_2008-09-30
01552500,hbv_lite_cma,evaluation,0.576096,0.614666,-0.137403,-0.243552,1.288503,13,explicit_euler_dt1,hbv,success,,27.4,0.6661,-1.4500001689591049,1.9329266984404745,0.0528363771921525,5.800141147124331e-10,187.1048731041355,3.976921880543617,0.9999999956205916,0.6815708255204478,0.3003832658373655,12.23350797646494,3.0049414433871107,0.1172399565257656,1.1994854185262378,0.0,0.0,172.27137096995318,3.7758264174178526,12.740062535981796,cal_final_2008-09-30
01557500,hbv_lite_cma,evaluation,0.664577,0.7429,-0.020891,-0.199604,1.612729,13,explicit_euler_dt1,hbv,success,,27.13,0.7488,-1.7200005081692755,1.2328711650552413,0.0472724337777886,2.5106410906680944e-09,326.3962278898533,3.4977560703809782,0.9999999995612304,0.4685221358257884,0.2451364210926608,9.994245333550191,2.980050389079695,0.1200739166515508,1.634119357055541,0.0,0.0,246.88062876820248,0.0,7.920160916953851,cal_final_2008-09-30
01567500,hbv_lite_cma,evaluation,0.406469,0.605142,-0.010771,-0.206457,0.648813,13,explicit_euler_dt1,hbv,success,,27.16,0.6291,-1.7899671572929536,2.336297469010635,0.09999951662032,0.035144503076657,168.37393842174086,5.999996388816332,0.2000003350657919,0.5937851940666626,0.1763399341799852,18.36098332503008,2.97884513528194,0.0107998625150645,1.9427518382555544,0.0,0.0,141.62754667983756,0.0,43.83120703980296,cal_final_2008-09-30
01568000,hbv_lite_cma,evaluation,0.501503,0.699032,0.047857,-0.145614,0.897801,13,explicit_euler_dt1,hbv,success,,27.32,0.6878,-1.4899900166648177,2.205735887764174,0.0998836173351327,0.0544313089185382,303.8763160218201,5.999998305508605,0.9590577098014256,0.7292645534585688,0.1976317213860166,21.61865696885874,1.888155608626332,0.0274394602699169,1.5693641021158826,0.0,0.0,284.0066270061788,9.974738107893208,19.88616816805788,cal_final_2008-09-30
01580000,hbv_lite_cma,evaluation,0.531112,0.516765,-0.063815,-0.262129,0.232297,13,explicit_euler_dt1,hbv,success,,24.32,0.611,-2.2901174972267726,2.124666833803592,0.0254465490660821,5.5891313142667504e-08,771.1854500590155,1.0418798033137442,0.2000012562149722,0.7966652353883225,0.3738338669091701,2.4282474410285183e-06,9.51440056757206,0.030588564012188,1.2475355404542658,0.0,0.0,275.6930701096716,0.0,41.3238824248964,cal_final_2008-09-30
01583500,hbv_lite_cma,evaluation,0.520031,0.618693,-0.008829,-0.183288,0.259824,13,explicit_euler_dt1,hbv,success,,27.2,0.5358,-1.7599936002377812,1.1734085071823692,0.0064576821671802,0.1354764283079119,691.1669076160434,1.5104918333816009,0.2000199585300761,0.8769477230911349,0.4552119112448514,2.666805970470797e-06,7.700429252707893,0.0255451721065821,1.407314603211063,0.0,0.0,331.47661189995017,0.0,42.7196292727616,cal_final_2008-09-30
01586610,hbv_lite_cma,evaluation,0.492882,0.676399,-0.081556,-0.130495,-0.138155,13,explicit_euler_dt1,hbv,success,,27.17,0.581,-1.1999745058955178,1.704518133917419,0.0001335131845475,0.0450894863990542,908.8361417512116,5.398426758296857,0.6114506435798308,0.8999994563915318,0.4999993254958996,0.0001673005741095,5.93695435135376,0.0473073333567328,1.9677721465720523,0.0,0.0,709.1308505133638,0.0,19.97041424795416,cal_final_2008-09-30
01591400,hbv_lite_cma,evaluation,0.469947,0.619991,0.020497,-0.030164,0.3836,13,explicit_euler_dt1,hbv,success,,27.2,0.5159,-0.9200011714428148,2.02155546377758,0.0297047409062195,0.1893672773894759,856.6405144629638,2.58746162990322,0.2087204406024702,0.8999998969418361,0.4999994716377287,4.464505106267923,2.25372873428016,0.0385862811538822,1.4002820271459957,0.0,0.0,492.6404473084546,0.0,18.5861071704101,cal_final_2008-09-30
01594950,hbv_lite_cma,evaluation,0.581851,0.730645,-0.037312,-0.170166,3.748286,13,explicit_euler_dt1,hbv,success,,27.49,0.6485,-1.9099998602845984,1.463467893396455,0.0011693204666406,1.2377933689263275e-08,457.475672713625,5.999975440798329,0.2550222348219751,0.7132069782918112,0.4999974184463067,9.80297989757252,4.957719542413285,0.1945150043035704,1.0023029532018628,0.0,0.0,324.74064526424377,0.0,0.916576138039024,cal_final_2008-09-30
01596500,hbv_lite_cma,evaluation,0.584414,0.671527,-0.078249,-0.236278,1.774292,13,explicit_euler_dt1,hbv,success,,27.62,0.7129,-1.7400000339554935,2.0745887974462964,0.006537397024323,0.0741134029570874,503.7280311927899,5.999999991999032,0.9999999989584544,0.7536386742336973,0.4385782316092955,53.55245240408468,3.226869586538208,0.1999999993167862,1.096058409844079,0.0,0.0,417.7944394104363,0.0,3.81218403149518,cal_final_2008-09-30
01605500,hbv_lite_cma,evaluation,0.542137,0.649221,0.120035,-0.083942,0.294588,13,explicit_euler_dt1,hbv,success,,27.24,0.629,-2.4999999985850656,1.9079773932838588,0.0182446950707607,1.015685647087522e-09,626.4017689799623,5.321697956140519,0.8988105625781277,0.7749481424809521,0.1732645829724187,12.422498976505944,1.3244843453590789,0.0681787565805598,1.3466113225850669,0.0,0.0,432.43390331875696,0.0,3.5677493402598888,cal_final_2008-09-30
01606500,hbv_lite_cma,evaluation,0.593864,0.631404,-0.044786,-0.226377,0.232886,13,explicit_euler_dt1,hbv,success,,29.35,0.6554,-2.499999999866476,1.764004425156318,0.0681970309422722,5.653301960171234e-12,218.8542880705545,1.2600707350952711,0.2000000073706901,0.8009139842491897,0.2227647128564338,10.385600245399075,1.0942755181798174,0.0890108847470195,2.551017130549674,0.0,0.0,39.5049570286693,0.0,1.8014075955718916,cal_final_2008-09-30
01632000,hbv_lite_cma,evaluation,0.515561,0.552416,0.235988,-0.080399,4.302046,13,explicit_euler_dt1,hbv,success,,27.24,0.5432,-2.499948417752497,1.246870500055703,0.0811673980017913,0.0601881752920072,200.50330691808023,1.3755335560113977,0.2000000403148788,0.899999846776348,0.4999999672221538,2.085383210183014,3.668956007945832,0.1591402299517411,1.691046963235685,0.0,0.0,52.13244531373751,0.0,1.7042641088469723,cal_final_2008-09-30
01632900,hbv_lite_cma,evaluation,0.477351,0.681864,0.178537,0.023374,0.210658,13,explicit_euler_dt1,hbv,success,,27.15,0.5847,-1.159999568238443,1.3592474509665915,0.0620109279305721,1.0051018052545532e-07,972.5548491604634,5.999999999941728,0.7268003089683883,0.899999999929982,0.4661195800246967,6.406533403702136,3.324365461247325,0.1000903135505999,1.2766498394496124,0.0,0.0,688.1548860166514,0.0,2.8863382937806805,cal_final_2008-09-30
01634500,hbv_lite_cma,evaluation,0.545309,0.564707,-0.065486,-0.226155,0.17692,13,explicit_euler_dt1,hbv,success,,27.15,0.63,-1.089999999293505,3.6718283183067335,0.0439704423231505,1.8704752638958924e-09,417.3966568893844,3.567359801737741,0.7293034656982615,0.7035879612498396,0.3668794146297472,10.516051029507976,2.260976102152902,0.1324445869365831,1.0974372689079697,0.0,0.0,269.7270584843204,0.0,5.189453826234901,cal_final_2008-09-30
01638480,hbv_lite_cma,evaluation,0.520914,0.548356,0.069592,-0.222117,3.545993,13,explicit_euler_dt1,hbv,success,,27.15,0.5227,-0.139133128295656,5.892803764012349,1.4506664287933123e-06,0.0938383396994808,407.42558318763,1.3067953767848814,0.2000000614534004,0.89999993577544,0.4999999995985524,1.017691035282529e-06,4.468588543128464,0.0857936632352341,1.937939033837138,0.0,0.0,190.47707220675275,0.0,13.65958582059178,cal_final_2008-09-30
01639500,hbv_lite_cma,evaluation,0.636487,0.758211,0.091848,-0.085488,0.391777,13,explicit_euler_dt1,hbv,success,,27.25,0.6494,-1.290664769004693,2.120068234467633,0.099995482891795,0.0227570247737349,761.2111322960774,5.999782112411339,0.8929450278471482,0.8999999998214989,0.4999994981472654,2.223851728899216e-08,6.022611602404375,0.0522354462842667,1.5586426601225114,0.0,0.0,635.968892952026,0.0,22.450781764898835,cal_final_2008-09-30
01644000,hbv_lite_cma,evaluation,0.605689,0.728369,-0.016127,-0.176184,1.632021,13,explicit_euler_dt1,hbv,success,,27.12,0.65,0.0200005715566358,4.696104815939074,0.0032911779047012,5.3009842024993284e-09,450.30636704552967,2.9916012637752667,0.3287299246163191,0.8999999337781022,0.1641225274444896,13.08025568852611,1.0085130308287955,0.0454395377517807,1.220434193663654,0.0,0.0,264.84096772406576,1.4385569632473665,8.825629115651259,cal_final_2008-09-30
01664000,hbv_lite_cma,evaluation,0.610173,0.707817,0.170402,0.008949,1.994257,13,explicit_euler_dt1,hbv,success,,34.62,0.6776,-2.4699639024807,0.5000004210893046,0.0204312313969247,0.0665890219974706,466.799782645832,2.9976547861089067,0.6898089347989551,0.4670258297428185,0.1458448547910026,11.07607792043584,1.3795075053608976,0.0389885157569143,2.9330077729032182,0.0,0.0,285.094692727415,0.0,13.552665412663073,cal_final_2008-09-30
01666500,hbv_lite_cma,evaluation,0.596588,0.655563,0.114095,-0.05516,0.730116,13,explicit_euler_dt1,hbv,success,,27.38,0.5565,-1.7099994750612522,0.6551717377326832,0.0657669951067928,0.0443973586125857,824.2784013921923,5.999960970686184,0.967788842542858,0.7714731569420157,0.2338608464506262,17.651887413741623,2.2124385404867404,0.0568494571224528,1.872156396251357,0.0,0.0,664.505272975773,0.0,11.17978924517751,cal_final_2008-09-30
01667500,hbv_lite_cma,evaluation,0.579061,0.632663,0.130255,-0.018719,0.875701,13,explicit_euler_dt1,hbv,success,,27.38,0.6389,-2.499988615524801,0.5017546579168226,0.0402860964636282,0.1567061352630026,746.4896982242966,5.999998915982054,0.9062792638342134,0.5404360005852898,0.1717411051432386,17.70715634848397,1.2042667810998016,0.0451901639911977,1.0577586425356718,0.0,0.0,593.2003632468367,0.0,11.206352004067424,cal_final_2008-09-30
01669000,hbv_lite_cma,evaluation,0.586293,0.519543,-0.162324,-0.377569,2.196973,13,explicit_euler_dt1,hbv,success,,25.41,0.6857,-1.919986782941052,8.18704320423461,0.0241640341952674,6.112429696656914e-07,999.9999927248376,1.5120606737537294,0.2000000020574378,0.7205527205279942,0.189684957123923,11.432812711102168,2.5719391957619737,0.0239749049143149,1.9713049767977089,0.0,0.0,308.9197762768373,0.0,22.79058207872267,cal_final_2008-09-30
01669520,hbv_lite_cma,evaluation,0.609003,0.551276,0.058615,-0.180601,6.232036,13,explicit_euler_dt1,hbv,success,,58.88,0.6899,-0.3972033693178574,1.880000160771371,0.0003612636377519,0.0762220952201696,999.9362206181036,3.079913697673378,0.825764163236498,0.4750505057223205,0.0847286380449085,12.801965463473367,0.9465194223445712,0.0376977236167699,5.12975499750242,0.0,0.0,647.3848365388573,7.514329540958975,12.436780901069108,cal_final_2008-09-30
02011400,hbv_lite_cma,evaluation,0.527027,0.559864,-0.104994,-0.220031,-0.236036,13,explicit_euler_dt1,hbv,success,,32.63,0.6887,-2.399999857494965,1.361729269442227,0.0799268969424241,5.58194939349181e-10,808.7856171765111,5.440227155112594,0.523361165968229,0.7112545523024044,0.2907193739992965,12.36117498250452,2.0427584518125865,0.1165644658841736,2.148865307320965,0.0,0.0,519.8164610774371,0.0,1.481020989184597,cal_final_2008-09-30
02013000,hbv_lite_cma,evaluation,0.634748,0.632107,-0.034474,-0.22609,0.458836,13,explicit_euler_dt1,hbv,success,,27.29,0.7589,-1.3900029414782396,2.623591317884927,0.0512673991447148,1.3677362728210758e-07,678.3887349340631,5.999999104563094,0.8880927738020274,0.899999986653565,0.2255496099263398,10.15484583506053,1.3971346757599128,0.0816783119261873,1.5791379646386798,0.0,0.0,464.060873242188,0.0,2.4089006710125465,cal_final_2008-09-30
02014000,hbv_lite_cma,evaluation,0.454128,0.685514,0.047023,-0.23492,1.408411,13,explicit_euler_dt1,hbv,success,,27.55,0.7482,-1.8600047079880373,1.6419555502955798,0.01137980972296,0.115736187478915,63.88367626655919,5.999997885566748,0.3425535793154119,0.8995464845083245,0.17172952379779,17.90170421123688,3.5887825880005444,0.011702178887212,1.7677283047564734,0.0,0.0,30.995445116899315,0.0,20.86050043004303,cal_final_2008-09-30
02015700,hbv_lite_cma,evaluation,0.567166,0.618551,0.008794,-0.169974,0.075042,13,explicit_euler_dt1,hbv,success,,27.26,0.6576,-1.909996773403681,1.608525577471246,0.0056781372775522,0.1723150102171004,423.82994413924473,3.62782037580972,0.9987614556964168,0.530043378862179,0.1989955665335749,10.576701228825073,1.8452267469210604,0.0560873265561275,1.83023330573484,0.0,0.0,282.34283158371096,0.0,7.054435667170618,cal_final_2008-09-30
02016000,hbv_lite_cma,evaluation,0.561662,0.661104,0.143832,-0.085349,1.073633,13,explicit_euler_dt1,hbv,success,,34.65,0.6987,-1.870267129800508,0.9561303188444324,0.0415704000519426,0.0337343291539641,136.40517033276814,1.0000154035352686,0.2000000869350893,0.6542770474237357,0.1932058716038148,11.708951255808405,1.2249485761056895,0.0198190017331833,2.4600474412344213,0.0,0.0,35.246766906954086,0.0,22.05818700748907,cal_final_2008-09-30
02017500,hbv_lite_cma,evaluation,0.659265,0.69234,-0.055801,-0.254486,1.118685,13,explicit_euler_dt1,hbv,success,,27.86,0.7438,-1.729999154820176,1.6067526763436908,0.0618153064352724,1.1775351618667517e-08,378.2370395840098,3.711575186055239,0.9999999980822218,0.8999999217234382,0.2014914080384106,15.122614125657252,1.3551347767697262,0.0964988248119626,1.5483448830551003,0.0,0.0,232.08512534041583,0.0,2.9131638657931083,cal_final_2008-09-30
02018000,hbv_lite_cma,evaluation,0.647127,0.684199,0.008555,-0.185338,0.624213,13,explicit_euler_dt1,hbv,success,,35.37,0.7344,-1.3301393289900003,1.487992789095649,0.0340590865712707,0.0624660153956976,369.8313254794711,4.227255794247645,0.9999996631993032,0.7027642402983965,0.1801437800068773,11.455257954029152,1.2201849683531627,0.0554411349005688,2.78137653008938,0.0,0.0,242.6795520150755,0.0,4.966853568711605,cal_final_2008-09-30
02027000,hbv_lite_cma,evaluation,0.432772,0.71419,-0.065667,-0.1538,0.231681,13,explicit_euler_dt1,hbv,success,,27.44,0.5994,-1.9700005213376128,0.5422528585390002,0.0052317460016473,4.4016083340720785e-10,206.6452597628004,4.763584189692921,0.9999999997674114,0.899999976221815,0.2531136138368813,21.08747808032604,2.7349816094606934,0.0456436059991849,1.0416120693372724,0.0,0.0,158.96782257416197,0.0,9.856083585841173,cal_final_2008-09-30
02027500,hbv_lite_cma,evaluation,0.476459,0.535768,-0.152274,-0.283936,1.109444,13,explicit_euler_dt1,hbv,success,,27.6,0.6271,-1.8699999398807967,0.5399668891136536,0.0104987305507603,5.669809758158093e-10,212.9343816256456,2.6294783091217857,0.999999996131615,0.8999999910248488,0.1586699002170388,25.476554303867864,1.60258698029056,0.0540956328099943,1.198373083350176,0.0,0.0,143.2256085418535,0.0,11.26191366300906,cal_final_2008-09-30
02028500,hbv_lite_cma,evaluation,0.577406,0.686907,0.080951,-0.14019,1.779555,13,explicit_euler_dt1,hbv,success,,27.42,0.6502,-0.909999482538687,0.5156344022945966,0.0005829460075982,3.121380390790241e-08,360.9928014063067,5.999999973424264,0.9625470867611956,0.8999999980666555,0.232654780496145,38.58142169523352,2.951551725692072,0.022714028166794,1.0369908329072015,0.0,0.0,306.55157744212903,0.0,27.13460236344069,cal_final_2008-09-30
02038850,hbv_lite_cma,evaluation,0.431659,0.452171,0.118372,-0.17451,2.21822,13,explicit_euler_dt1,hbv,success,,27.16,0.6034,-0.61000294482157,1.326687492766652,0.0139970596781542,0.0697634920271862,476.3578778893863,1.57092317300609,0.3745071733317414,0.8999999172384796,0.3199235434198936,15.279513862381908,2.8034927906352856,0.0010000000023053,1.0542899782717583,0.0,0.0,195.41413278906572,0.0,691.5352682738417,cal_final_2008-09-30
02046000,hbv_lite_cma,evaluation,0.560072,0.617221,0.279834,-0.082079,15.046211,13,explicit_euler_dt1,hbv,success,,32.34,0.6839,-2.49999987659812,8.821334531407093,0.0532603305130425,8.417372130305082e-07,265.50403059843586,5.99999979475293,0.200000000439753,0.6478221358547857,0.3104391844032032,17.783780435432835,2.6950993609227885,0.0074740046787576,2.5612883836560965,0.0,0.0,206.43717052869383,0.0,54.44798074612156,cal_final_2008-09-30
02051500,hbv_lite_cma,evaluation,0.621861,0.564112,0.153493,-0.173573,4.594351,13,explicit_euler_dt1,hbv,success,,42.59,0.6399,-2.149984355421693,9.999292711655489,0.0438377202413834,0.0031754285436406,505.8384370334182,1.629997014133178,0.2000000041517269,0.6769024534525341,0.4618031407299346,63.368879519954525,1.2980601168290415,0.0010000000084893,3.9987590647996782,0.0,0.0,182.23869028054065,0.0,457.56091152638936,cal_final_2008-09-30
02053200,hbv_lite_cma,evaluation,0.703014,0.625779,0.088992,-0.148217,5.052435,13,explicit_euler_dt1,hbv,success,,81.68,0.6895,-1.44999971470096,9.999990050506682,0.050380781448453,1.3530137052545292e-06,575.6205743490016,5.999999874599382,0.5714757325750532,0.2243920857233021,0.3239508194653573,58.236415956132056,1.0668646157753758,0.1859108520957295,8.984506094571756,0.0,0.0,373.4619394169741,0.0,0.9814308824639868,cal_final_2008-09-30
02053800,hbv_lite_cma,evaluation,0.517569,0.650142,0.178052,-0.093042,2.139285,13,explicit_euler_dt1,hbv,success,,27.33,0.7396,-1.9199988564385184,0.5853432669185863,0.0061233676289002,2.9081391690021053e-07,679.6708878278566,5.999999029970155,0.9126456774850856,0.899999972277099,0.1688546970663726,20.547053954624182,1.750978355870446,0.0010000000173376,1.5671260550609123,0.0,0.0,500.2405725034148,0.0,708.0235293097459,cal_final_2008-09-30
02055100,hbv_lite_cma,evaluation,0.640947,0.684287,0.222907,-0.01469,0.960701,13,explicit_euler_dt1,hbv,success,,27.33,0.6811,0.1499227838729524,1.9305796450720696,0.0677482663882506,6.745272833180306e-07,733.1530267737719,4.299067839657708,0.9999830492108972,0.8999996605961118,0.2029904888833795,11.045732283538555,3.2519991717178605,0.0471359195796892,1.5198739888519788,0.0,0.0,520.8091794011935,0.0,10.555398157856828,cal_final_2008-09-30
02056900,hbv_lite_cma,evaluation,0.612754,0.638572,0.046319,-0.139734,0.292611,13,explicit_euler_dt1,hbv,success,,27.2,0.6438,-0.3997207324867844,2.5695725354140504,0.0006206629368205,0.0717017579555305,896.3407233685712,2.427017312714974,0.3854837590088995,0.7565013445942341,0.1410383549046437,13.65380003899546,2.3569594991213343,0.0586172243707364,1.3741885667079332,0.0,0.0,394.4873251831709,0.0,7.149212966728617,cal_final_2008-09-30
02059500,hbv_lite_cma,evaluation,0.488373,0.500195,-0.083712,-0.233202,-0.195049,13,explicit_euler_dt1,hbv,success,,27.15,0.5934,-0.4132197638548787,1.9893491350304675,6.45358235222919e-10,0.1999999965356802,662.0355285134234,1.7180615283688483,0.2793504659090772,0.3122957595364108,0.4999999999562344,78.44609341257906,2.9250032399764407,0.0802606522178915,1.3505432558466883,0.0,0.0,159.91256589032744,0.0,2.230908701525133,cal_final_2008-09-30
02064000,hbv_lite_cma,evaluation,0.445706,0.418782,0.089332,-0.139403,1.718205,13,explicit_euler_dt1,hbv,success,,27.13,0.6668,-1.3778482746322578,1.1904450400149311,0.0254446345797472,0.0760326937430141,554.0271392082292,1.9910166415617008,0.5605826141967138,0.5948936435482007,0.1721625568541602,10.950766093198911,1.557086517212135,0.0010000004052392,1.7750669865589328,0.0,0.0,255.9789222934201,0.0,613.3032611718078,cal_final_2008-09-30
02065500,hbv_lite_cma,evaluation,0.410425,0.380594,-0.043047,-0.292417,1.306755,13,explicit_euler_dt1,hbv,success,,35.68,0.5201,-0.5101342276532068,1.263790440223147,0.0507369429014251,2.181347783949652e-06,639.2912987398217,1.253029796288116,0.2000002594711785,0.4103494333358086,0.157490860289935,10.05713011259326,1.5118713727389137,0.0010000004552539,2.0161676487712548,0.0,0.0,150.2482037144079,0.0,609.2294231749266,cal_final_2008-09-30
02069700,hbv_lite_cma,evaluation,0.59895,0.631803,-0.116929,-0.26428,0.074547,13,explicit_euler_dt1,hbv,success,,27.23,0.6252,0.4500005113250882,5.133932578102836,0.0195815128087485,9.44058899135708e-12,791.3556515291174,1.0612900926215054,0.2000000133837076,0.684340521942336,0.2100609102376132,21.40982687059202,3.262449294237712,0.0285033057689475,1.0930092200936137,0.0,0.0,189.5713690526787,0.0,21.91647006187629,cal_final_2008-09-30
02070000,hbv_lite_cma,evaluation,0.530506,0.679934,0.014477,-0.091829,0.080796,13,explicit_euler_dt1,hbv,success,,27.42,0.5774,-0.3897123394610875,1.666586184157844,0.0571419439765253,0.0404484349295432,797.8536703605973,1.0001409151638625,0.2311444951897613,0.8999988223498289,0.3654993542214177,18.226467752324417,2.9364429458882224,0.0434981795539767,1.989654111499048,0.0,0.0,195.27573411954032,0.0,16.230754607728347,cal_final_2008-09-30
02074500,hbv_lite_cma,evaluation,0.580695,0.504981,0.36162,-0.001807,1.936742,13,explicit_euler_dt1,hbv,success,,27.42,0.5271,-0.5799999221702739,2.150724392532449,0.0520925462759167,3.094395044204901e-07,558.1235748351587,3.9934672567372616,0.9215016389454254,0.8999999950806252,0.3136605255012432,11.955519833400809,3.5513552260999632,0.0010000000203667,1.0007239984778908,0.0,0.0,437.1492306860949,0.0,888.5824515191232,cal_final_2008-09-30
02077200,hbv_lite_cma,evaluation,0.29105,0.208458,0.450188,-0.02244,37.766389,13,explicit_euler_dt1,hbv,success,,27.1,0.6007,-2.08000018550008,3.8303972138509854,0.0705013327810997,0.1750846352765067,300.02346438569907,3.0885278001488765,0.6836818290381245,0.6065030367234717,0.1433517330311738,11.353824315032032,1.2446179945984457,0.0010000000000107,1.3903920768921136,0.0,0.0,246.10706075282536,6.1412510600811725,590.7547414179251,cal_final_2008-09-30
02081500,hbv_lite_cma,evaluation,0.589129,0.351039,0.494935,-0.043332,38.473244,13,explicit_euler_dt1,hbv,success,,34.48,0.633,-2.419995444283364,0.6193474055414522,0.0277251152718715,2.4353859998920373e-08,403.759981817726,2.6299123361758303,0.683267365377151,0.6042201986446644,0.1048557947991005,8.230319838127045,0.9055773676751292,0.0010000000126569,2.6627020889311326,0.0,0.0,308.6706116391802,6.732511964765763,537.1065054040095,cal_final_2008-09-30
02082950,hbv_lite_cma,evaluation,0.489405,0.399975,0.119719,-0.185121,3.668945,13,explicit_euler_dt1,hbv,success,,42.87,0.6318,-1.3395710032048302,9.998785144495898,0.0502648360120594,0.0749722498519437,668.1559360029331,2.4238021601652067,0.4496295715657051,0.3379279403096736,0.1170980552651584,3.8879548421048056,0.9201664074857736,0.0722257573719131,3.021338300249912,0.0,0.0,327.25031543383795,0.8411047973741734,6.63360254720208,cal_final_2008-09-30
02092500,hbv_lite_cma,evaluation,0.773006,0.581851,0.406183,0.028334,18.736265,13,explicit_euler_dt1,hbv,success,,53.03,0.7827,-1.1699040113792196,7.28628010090743,0.0235095300475242,0.1595167271500883,183.06174108207944,5.999999994608695,0.2000000000759497,0.2659927289695683,0.1322849451924697,32.26150404015729,1.7459952503619496,0.0010000000003369,4.719399512284765,0.0,0.0,166.6898334517527,4.452707368576024,631.6180327521464,cal_final_2008-09-30
02096846,hbv_lite_cma,evaluation,0.528609,0.490375,0.251498,-0.133159,43.863269,13,explicit_euler_dt1,hbv,success,,26.97,0.5674,-1.860070909247272,8.46103382014449,0.0431311601317148,0.0370408025328275,446.2343680706845,4.71323697272015,0.2390854454481348,0.8999999851165504,0.2428609035670255,14.155273884361456,1.2744637170372972,0.0010000000195329,1.067415847346888,0.0,0.0,373.588308505868,1.4080580409345609,461.7277547337087,cal_final_2008-09-30
02102908,hbv_lite_cma,evaluation,0.481835,0.640652,-0.089146,-0.22653,0.417351,13,explicit_euler_dt1,hbv,success,,24.98,0.5723,-2.179989019055976,9.999999950738186,0.0521578274145291,0.0109517322883859,833.5829652994898,1.000000029891294,0.4602762190110057,0.8999999763530252,0.1990237461609727,24.41918769495788,2.89285181462836,0.0047091491640057,1.9914545236372727,0.0,0.0,366.58039291412166,0.0,228.6815667493236,cal_final_2008-09-30
02108000,hbv_lite_cma,evaluation,0.81602,0.692699,0.215783,-0.021827,4.472241,13,explicit_euler_dt1,hbv,success,,84.38,0.7038,-0.8126826152609279,5.756140788453446,0.0187074764195809,0.1261497136969787,516.4729837167763,2.1809955183588703,0.2000000084814321,0.1172333118771671,0.2388708300245666,3.873328245724018,1.4982572352805037,0.0987785463086355,8.55102984892355,0.0,0.0,344.2416236495933,2.0888933858849232,10.08914927850156,cal_final_2008-09-30
02111180,hbv_lite_cma,evaluation,0.575219,0.574799,-0.016382,-0.166389,0.275522,13,explicit_euler_dt1,hbv,success,,27.29,0.6878,-1.68995810086955,3.2187250117453354,0.0532272916265089,3.872627857532382e-06,455.63612197575736,1.0000005441069522,0.295620961224125,0.8999999998795699,0.180124523805369,24.18134147213084,2.3608610693771133,0.0331882835835772,1.9508327789932745,0.0,0.0,217.743884829282,1.810985700541736,36.50591146957768,cal_final_2008-09-30
02111500,hbv_lite_cma,evaluation,0.634767,0.735376,0.048536,-0.089308,0.383132,13,explicit_euler_dt1,hbv,success,,28.08,0.6998,-2.460082260517174,0.610267741388492,0.0241437271567646,0.1059359473252813,999.99972931174,1.5587898808937029,0.5013326217387077,0.8508446348818413,0.1476839975416403,16.9666090124354,2.7066356630086483,0.0190265967447448,1.0675756991759473,0.0,0.0,464.8228153789212,0.0,46.41791145135876,cal_final_2008-09-30
02112120,hbv_lite_cma,evaluation,0.56933,0.627985,0.070029,-0.121514,0.431319,13,explicit_euler_dt1,hbv,success,,26.2,0.5216,-2.019986871330004,4.600672631833811,0.0413862768777656,0.1010974604305508,892.8941587692075,2.5715948494932057,0.5822644197528963,0.7981476567526087,0.160525985476936,27.203445799968595,3.49709697518732,0.0144969430474731,1.9344698292873936,0.0,0.0,559.0683165807471,0.0,62.92691977857358,cal_final_2008-09-30
02112360,hbv_lite_cma,evaluation,0.566547,0.679695,-0.039989,-0.160354,0.082666,13,explicit_euler_dt1,hbv,success,,27.19,0.5734,-2.0112809158557834,3.167775174918053,0.0310126024685127,0.0261203809141655,949.392581680372,1.0015916065194943,0.2698798676429071,0.2342906675289298,0.3365732539679463,64.25228708764705,5.235069115408355,0.0291971037777989,1.8140297979920617,0.0,0.0,288.4346241999648,0.0,37.43691896865211,cal_final_2008-09-30
02118500,hbv_lite_cma,evaluation,0.583764,0.60725,0.143537,-0.163759,1.70133,13,explicit_euler_dt1,hbv,success,,30.15,0.5327,0.0089565250822776,5.092416475501591,0.0018761087620113,0.0021153090479728,901.0861959219978,2.605424264415241,0.8387147604110283,0.5505925614384125,0.1366769113263121,12.5826511349622,1.891333378873174,0.0010000007364562,1.9628698843367145,0.0,0.0,602.1734045945224,1.5173035511916435,831.2682173208871,cal_final_2008-09-30
02125000,hbv_lite_cma,evaluation,0.528319,0.557496,0.24599,-0.117994,50.983985,13,explicit_euler_dt1,hbv,success,,28.82,0.5837,-2.3367044764956937,2.561951201321072,0.0989672752240227,0.146125574109973,197.0763958166865,4.654298104220872,0.6300170609783378,0.8999999215952742,0.1694640567723728,8.12602394249925,1.7021009739024595,0.0118696371752665,1.4557754387899329,0.0,0.0,176.32009276118868,3.3982569496168,55.22285417778587,cal_final_2008-09-30
02128000,hbv_lite_cma,evaluation,0.483572,0.370057,0.362724,-0.102991,8.802132,13,explicit_euler_dt1,hbv,success,,29.26,0.6114,-0.4557403608887957,2.2458382740222405,0.0492430698281888,6.729666288489626e-08,420.1862917977685,2.7378950786253733,0.8619072543609934,0.8999997978821229,0.1780432836324611,11.631130449910607,1.6137985982108594,0.0010000002199944,1.6917991103550696,0.0,0.0,318.6905880626341,3.576760446212853,724.5639575771503,cal_final_2008-09-30
02137727,hbv_lite_cma,evaluation,0.707494,0.809389,0.035245,-0.152867,0.597922,13,explicit_euler_dt1,hbv,success,,29.25,0.7315,-1.05980426422687,9.99997452387873,0.0494646951341627,0.0209096865834734,70.26837377466546,5.999987989503363,0.2000001740229664,0.8999997640102668,0.2687989074550401,42.33852580445068,9.999999393196768,0.0091893023511993,1.948666344742742,0.0,0.0,65.78412826077505,0.0,114.04221842752222,cal_final_2008-09-30
02140991,hbv_lite_cma,evaluation,0.708745,0.709993,0.123832,-0.00971,0.763139,13,explicit_euler_dt1,hbv,success,,29.33,0.7034,-1.345047307650499,2.8954064243861573,0.0406831336810919,3.256005255526039e-05,388.1534027264776,4.416357656203108,0.9851334174931948,0.8222618761305625,0.1629907631728481,26.494133808139104,2.9111828040460908,0.0097263986105359,1.136783735332945,0.0,0.0,351.85035761318574,3.753317096351669,118.0852287762295,cal_final_2008-09-30
02143000,hbv_lite_cma,evaluation,0.643109,0.755695,0.048293,-0.123515,0.46829,13,explicit_euler_dt1,hbv,success,,27.96,0.6996,-2.289787672762462,4.989051439824278,0.0808391628664887,0.0648068275280974,253.96424000998903,5.6237434648236455,0.9402313326931808,0.8999999999504817,0.2516041715188601,22.344514301362288,5.37226248930846,0.0080029336242744,1.4520942791488236,0.0,0.0,213.705639802509,0.0,73.73207464160092,cal_final_2008-09-30
02143040,hbv_lite_cma,evaluation,0.563568,0.759447,0.023348,-0.069436,0.365461,13,explicit_euler_dt1,hbv,success,,27.92,0.6951,0.7600268198423681,5.768780232469698,0.072020977922575,1.885690479360191e-05,328.41682460280475,2.6303901531180105,0.9561402865252262,0.8822951378426496,0.2809517700654328,18.458645695284044,3.1381230523730954,0.0219541547107349,1.8467846432489607,0.0,0.0,239.51317516645807,0.0,41.77167078539559,cal_final_2008-09-30
02149000,hbv_lite_cma,evaluation,0.645697,0.822812,-0.025009,-0.087769,0.296444,13,explicit_euler_dt1,hbv,success,,27.68,0.722,-1.4699970593089793,7.056376770794011,0.0961069725702115,0.0254982977117849,999.9999999940544,2.0813374458544627,0.8357015021968008,0.8105534952224905,0.1186177422131308,16.518907271607436,1.6755013699895531,0.016725132161435,1.7828131591117369,0.0,0.0,582.2316199130222,2.669593839194788,40.221921918012825,cal_final_2008-09-30
02152100,hbv_lite_cma,evaluation,0.53098,0.698534,0.205997,0.015301,0.712434,13,explicit_euler_dt1,hbv,success,,27.64,0.5898,-0.6999912479605706,5.014466028927029,0.0845793623502463,1.6827787686408673e-07,523.6050409913996,5.99999793469826,0.9211874404747608,0.8999999907890768,0.3087479050830809,24.75831391969885,4.79922074508333,0.0072938875755851,1.750259073465093,0.0,0.0,412.8504541632241,0.0,69.02233863914839,cal_final_2008-09-30
02177000,hbv_lite_cma,evaluation,0.770472,0.862131,-0.009114,-0.097324,0.203406,13,explicit_euler_dt1,hbv,success,,27.75,0.7008,-0.1193397453232552,5.00883471660894,0.0424672648959301,0.0351827890720356,784.2701388433306,1.1498652085218526,0.2880157258396653,0.5501207739115382,0.1296356684841809,40.06110566901808,5.653320950043533,0.0399643648545143,1.9952280391223087,0.0,0.0,284.2751582588133,0.0,19.32389530745992,cal_final_2008-09-30
02178400,hbv_lite_cma,evaluation,0.731571,0.839998,0.09635,-0.009849,0.403312,13,explicit_euler_dt1,hbv,success,,27.8,0.7809,-2.3399380516969,4.920831508511343,0.0345182773524419,0.0560995743556743,999.9998597813316,2.253382787380032,0.5708801975018007,0.8335586916729346,0.1359709993148558,42.374619896005335,5.66130100418753,0.029964388001358,1.004594119895743,0.0,0.0,617.1391882582925,0.0,32.04271669591698,cal_final_2008-09-30
02193340,hbv_lite_cma,evaluation,0.526711,0.460425,0.39542,0.023837,4.777195,13,explicit_euler_dt1,hbv,success,,27.23,0.5884,-2.338743611333823,0.5040846951360995,0.0929723748681645,0.1377952072164679,541.1738388497288,2.372920579085439,0.6177614459498053,0.7088797445624798,0.2079188592949211,6.958947156394238,1.725756777352956,0.0010000000143699,1.655863734506672,0.0,0.0,243.47666481840545,0.0,512.5623189571986,cal_final_2008-09-30
02196000,hbv_lite_cma,evaluation,0.560578,0.522546,0.293983,-0.146289,17.388171,13,explicit_euler_dt1,hbv,success,,35.28,0.573,-2.326431323812012,8.072926946786858,0.0919622200266357,0.1560429974663566,406.41873869919016,2.737740676052276,0.2570356263839696,0.4429447738509846,0.1657512495173206,6.783230338000656,1.7197230862242774,0.001000000000049,2.397103380340356,0.0,0.0,80.95847916009396,0.0,422.9044623430155,cal_final_2008-09-30
02198100,hbv_lite_cma,evaluation,0.478091,0.461286,0.02187,-0.287272,4.254861,13,explicit_euler_dt1,hbv,success,,30.03,0.6495,-2.123576814581165,5.684264602009764,0.0166720998961784,0.0668281087011055,420.13341712809626,4.388581816325217,0.4331052293572237,0.6069618808357194,0.097176216694386,28.10286186056059,1.444796949490185,0.0010000000003344,1.0807915465052245,0.0,0.0,207.7788996261245,0.0,442.2051249889167,cal_final_2008-09-30
02202600,hbv_lite_cma,evaluation,0.629382,0.688046,0.093583,-0.204741,99.182272,13,explicit_euler_dt1,hbv,success,,66.63,0.729,-0.957070216252359,4.1631359836104505,0.0622812833677926,0.00814082780911,352.8587228028788,5.999999999996442,0.2000000000000609,0.5175216756257461,0.3794620296752539,90.66617301618416,1.820501216353236,0.001,7.903577996467825,0.0,0.0,100.31802426121634,0.0,270.0881350133181,cal_final_2008-09-30
02212600,hbv_lite_cma,evaluation,0.627212,0.543363,0.325213,-0.130813,12.685632,13,explicit_euler_dt1,hbv,success,,27.06,0.6214,1.7869496685197053,1.1547688015396294,0.0670453701829918,0.1574561052974135,590.0493549746278,2.881841686852006,0.6926162668395316,0.8994688468867096,0.2965557350990049,10.68620876466157,2.304199438178373,0.0010000040657309,1.6805402388323816,0.0,0.0,304.87022707713777,0.0,629.0624542226674,cal_final_2008-09-30
02215100,hbv_lite_cma,evaluation,0.59786,0.685091,0.113517,-0.237388,7.05374,13,explicit_euler_dt1,hbv,success,,35.46,0.746,2.4199791416885006,9.202453597558849,0.067331934428249,0.1284834662937458,249.1565726900112,5.999999823365054,0.4578804339616491,0.5878297843289624,0.1309241189452429,35.47803202626515,2.6443361708069,0.0010000000006313,2.262813771533199,0.0,0.0,88.74934797944142,0.0,528.7655012070469,cal_final_2008-09-30
02216180,hbv_lite_cma,evaluation,0.686772,0.656924,-0.124692,-0.24561,,13,explicit_euler_dt1,hbv,success,,32.26,0.7536,0.3820308415975297,2.6091095575206467,0.0902769039526639,0.0071939371718903,481.1125307177195,5.4401424512593,0.5751393291459975,0.3171933054761796,0.2521267969055097,19.0679127154648,2.1766803866206925,0.0869616482322661,2.898971003733241,0.0,0.0,218.97604284313564,0.0,0.2496892917306087,cal_final_2008-09-30
02221525,hbv_lite_cma,evaluation,0.715206,0.672131,0.135439,-0.25445,4.007712,13,explicit_euler_dt1,hbv,success,,27.64,0.5519,-1.7827673936587156,6.120849586268155,0.0155697997299536,0.0048400955290805,625.2760976205125,1.915291699291331,0.3874531608012077,0.081255575913702,0.4810925526859671,26.823161364298,3.883828560004687,0.001002153301427,1.1248543956000616,0.0,0.0,189.10583303083743,0.0,629.3872310504468,cal_final_2008-09-30
02231000,hbv_lite_cma,evaluation,0.745473,0.685228,0.190784,-0.145796,8.402893,13,explicit_euler_dt1,hbv,success,,49.31,0.8704,-2.483618675181157,3.403596426618673,0.098686932684191,0.0790046703283768,411.6581012800448,5.999999999999597,0.2000000000000714,0.2368822260656474,0.0896002737931158,59.6921419195522,1.1608749353723944,0.001,5.61260450342696,0.0,0.0,314.0285688247652,0.0,464.5002518991542,cal_final_2008-09-30
02245500,hbv_lite_cma,evaluation,0.447313,0.44596,0.270916,-0.228301,4.172657,13,explicit_euler_dt1,hbv,success,,26.91,0.708,0.9111390753322706,4.252973481682007,0.0410411393980022,0.1264571756170798,557.4807305981496,5.999999999948102,0.2000000000012231,0.5815921811127188,0.1278530171748813,41.26762102048084,2.133040748156432,0.001,2.6884824159927243,0.0,0.0,478.29581340137054,0.0,667.8104849990384,cal_final_2008-09-30
02246000,hbv_lite_cma,evaluation,0.648952,0.632861,0.17607,-0.248458,5.476396,13,explicit_euler_dt1,hbv,success,,43.19,0.7244,-0.5164547294380313,2.7535482467660297,0.0406773855131975,0.176737059612123,285.0404471672193,5.999999961952334,0.2000000004072045,0.3610235578227908,0.115294034574253,32.33808424856625,2.8062921481629832,0.0010000000047785,3.301976451141338,0.0,0.0,209.15828111427115,0.0,725.9337748177788,cal_final_2008-09-30
02296500,hbv_lite_cma,evaluation,0.691235,0.577843,0.38742,0.203531,1.429302,13,explicit_euler_dt1,hbv,success,,79.32,0.9166,0.6025895285886014,6.616168854771789,0.0974766816158378,0.1034481763035279,344.2887552572734,4.880337143693196,0.200000000074428,0.899999964429648,0.2115236034794872,77.84699497358764,1.3178523235096786,0.1378353794657096,8.76496773482237,0.0,0.0,278.442531851495,2.609391923566588,5.800683786799076,cal_final_2008-09-30
02297155,hbv_lite_cma,evaluation,0.471146,0.464866,0.320661,-0.376016,54.322689,13,explicit_euler_dt1,hbv,success,,38.0,0.6314,2.405952517358504,8.748752922690686,0.0488016409178218,0.02983409027652,574.7193927561699,3.629690261540559,0.2000000000208014,0.8999999999928513,0.1741768725165602,44.058523443618256,3.272038152954797,0.0010000000000001,1.4410129379814436,0.0,0.0,447.195554922221,0.0,915.7686841726986,cal_final_2008-09-30
02297310,hbv_lite_cma,evaluation,0.713833,0.770208,0.109814,-0.113502,3.970558,13,explicit_euler_dt1,hbv,success,,66.89,0.7599,0.5069455166579213,9.217159967676066,0.0044195377623554,0.1757747799902653,267.114278498115,5.99999999941422,0.2000000001702015,0.3913420830228499,0.2415240828382053,42.12669136505402,2.0814823693352387,0.033727032505199,6.549092424178542,0.0,0.0,213.7580345187968,0.0,35.66847176911585,cal_final_2008-09-30
02298123,hbv_lite_cma,evaluation,0.679857,0.741236,0.080028,-0.143622,0.954835,13,explicit_euler_dt1,hbv,success,,49.19,0.8184,-2.220612646141982,7.260916007458865,0.0827374374167646,0.0889751483331552,606.970976283928,5.999999999999468,0.8473756094667035,0.6713101392803466,0.0663197041307363,85.14481495198557,9.612555780122843,0.1591169626036649,4.856454170509642,0.0,0.0,525.3708709861368,0.0,10.154076518551143,cal_final_2008-09-30
02298608,hbv_lite_cma,evaluation,0.747634,0.752582,-0.017014,-0.21196,0.94821,13,explicit_euler_dt1,hbv,success,,50.8,0.74,-2.4379645924905646,9.062311065404668,0.0759247610702414,0.0988852274251145,218.2330599349569,5.999999998906511,0.7762122375811462,0.3489526095149183,0.2631056535733431,30.244774671612824,3.3954329737843656,0.05419591612197,4.642939529958936,0.0,0.0,164.8296764729216,0.0,19.121630544169285,cal_final_2008-09-30
02299950,hbv_lite_cma,evaluation,0.630499,0.67332,0.138166,-0.317303,10.234678,13,explicit_euler_dt1,hbv,success,,27.05,0.7525,0.7102474170609749,4.626300987312631,0.012615115889268,0.1474200937389291,311.2608282931439,5.999999999147099,0.7495003863262157,0.572425378819876,0.2509759147028688,38.854897598142585,3.9361803457252047,0.0010000000000473,1.950495308975619,0.0,0.0,251.4742325418584,0.0,990.7983734760138,cal_final_2008-09-30
02300700,hbv_lite_cma,evaluation,0.587883,0.516717,-0.200714,-0.314731,0.872673,13,explicit_euler_dt1,hbv,success,,34.94,0.5736,1.4730956711827794,4.72477130938599,0.047822780095043,0.1264914907361299,257.87040975676985,3.256094065378464,0.5702957218673079,0.47589365736507,0.4999999998050701,34.679156666238256,1.0893061613089148,0.0067459113171057,2.142686755796726,0.0,0.0,143.9371287462907,0.0,82.7855050790161,cal_final_2008-09-30
02342933,hbv_lite_cma,evaluation,0.58988,0.623354,0.209602,-0.064507,15.875029,13,explicit_euler_dt1,hbv,success,,27.07,0.5671,2.334243017548541,8.995089771416435,0.0088797382402443,0.1847715752241619,609.5662060675664,4.737694135966452,0.5625197104235321,0.8999998981142346,0.4819775229224169,27.382814261070028,1.6588010384331484,0.0010000002893504,1.0047139541425545,0.0,0.0,423.946302493802,0.0,441.7032993713537,cal_final_2008-09-30
02349900,hbv_lite_cma,evaluation,0.625965,0.664685,0.159181,-0.120665,2.074612,13,explicit_euler_dt1,hbv,success,,27.06,0.7518,-1.018253009449379,3.1140793914876563,0.0009908934736999,0.1243996027415131,733.1237821287903,3.566752970294068,0.6719368734819706,0.6295322749653252,0.2405405135396593,15.196203790291284,2.566877057553305,0.052282194674005,1.0688989047994264,0.0,0.0,394.5356173595169,0.0,3.652776940075712,cal_final_2008-09-30
02350900,hbv_lite_cma,evaluation,0.758576,0.730676,-0.008182,-0.145165,0.737193,13,explicit_euler_dt1,hbv,success,,42.63,0.6802,-1.2406157845103063,1.0133331538046728,0.0439521340553853,0.0528011513100491,999.9999999999948,1.4548422098752627,0.2000000000000023,0.3843623115634483,0.1610423308068894,30.931962801595585,1.7948429745404637,0.046245020567613,5.168778973298083,0.0,0.0,276.5295249335597,0.0,6.879535176174801,cal_final_2008-09-30
02361000,hbv_lite_cma,evaluation,0.637482,0.550939,0.01876,-0.137724,1.995951,13,explicit_euler_dt1,hbv,success,,44.69,0.7229,-1.1987585404573693,8.401426716470807,0.0350066897327469,0.0797719244220602,479.8171499866172,1.4709108931328825,0.2000000000003781,0.2224691049052086,0.1590323426617351,18.91848586686636,1.619957452202213,0.001,3.6152152904520185,0.0,0.0,177.7445144531183,0.0,643.5326070601559,cal_final_2008-09-30
02363000,hbv_lite_cma,evaluation,0.708094,0.690664,0.132679,-0.058366,7.176625,13,explicit_euler_dt1,hbv,success,,64.71,0.7458,1.48328684099992,1.3797287545904298,0.0141970324064089,0.0835180085404824,517.9291381682463,2.539111365337671,0.3757165636514804,0.1520887316839657,0.2689007720964151,28.50541214439169,1.7351265228816757,0.0010001204423063,5.749818506712174,0.0,0.0,276.7476404896024,0.0,572.741299926219,cal_final_2008-09-30
02369800,hbv_lite_cma,evaluation,0.622931,0.537558,0.107838,-0.149312,1.443895,13,explicit_euler_dt1,hbv,success,,36.04,0.6272,0.899229663800436,3.076012026340782,0.0555136508492996,0.130676182993433,999.9999471501952,3.3036280134527,0.4442711340333955,0.3540592993429655,0.1231401087779542,27.549974643643715,1.9540050367183504,0.0010000000009345,2.1599593723711035,0.0,0.0,652.6390312167259,0.0,954.4262135611708,cal_final_2008-09-30
02371500,hbv_lite_cma,evaluation,0.808877,0.75942,0.149241,-0.032468,2.842243,13,explicit_euler_dt1,hbv,success,,70.41,0.7649,1.520345375099648,9.9916371596486,0.0329797580915896,0.1523324045043421,486.7092516702557,2.1133479525387955,0.3164953385097367,0.4000335693000192,0.1750741034863752,46.55658805574884,0.7689866119252617,0.0010000007751559,6.976519557152531,0.0,0.0,219.77590528473672,0.0,408.81421264402377,cal_final_2008-09-30
02372250,hbv_lite_cma,evaluation,0.695764,0.660459,0.146584,-0.022436,2.762362,13,explicit_euler_dt1,hbv,success,,60.16,0.7336,-1.88414634147018,9.391002355434445,0.0750324061412999,0.1967024560855112,451.1007773626983,2.4431590340278766,0.2000000000118731,0.3917872216783388,0.2118106465024239,38.4765235731762,1.1579070411726853,0.003682478099157,5.712752615880057,0.0,0.0,209.16793759269908,0.0,111.37995571256732,cal_final_2008-09-30
02374500,hbv_lite_cma,evaluation,0.695748,0.753945,0.203907,0.06706,0.833679,13,explicit_euler_dt1,hbv,success,,32.8,0.6905,1.7020778240459498,6.382172884168435,0.0598795472449305,0.0836120581846343,698.5084872877135,1.262346632261895,0.2000000019481281,0.3143180063300383,0.1466600242296594,22.69791450769673,1.794020959932931,0.0032612444293258,2.5168007750869017,0.0,0.0,216.6009461194936,0.0,263.1102715063314,cal_final_2008-09-30
02381600,hbv_lite_cma,evaluation,0.47408,0.41847,-0.325427,-0.435042,0.007167,13,explicit_euler_dt1,hbv,success,,27.28,0.48,0.4269050945859209,0.5200581013859148,0.0988197083577882,0.1999961833445226,65.81187316519646,1.49912298527923,0.9999996343324846,0.8999996361572746,0.2621245030350756,23.98237277705345,4.43489194316104,0.0207680994910211,1.0061968958587946,0.0,0.0,17.07940453023732,0.0,38.56103331114582,cal_final_2008-09-30
02384540,hbv_lite_cma,evaluation,0.593379,0.69528,0.069572,-0.196922,2.536529,13,explicit_euler_dt1,hbv,success,,27.16,0.6363,-0.239829013102311,2.449000344197765,0.0318339657648909,5.860237729203748e-05,75.40442311582845,5.494224856515091,0.2000002718175826,0.5088533106083082,0.2529450985291624,32.927684826973845,5.431461068141019,0.0127199475709174,1.478021061257815,0.0,0.0,8.655433309551997,0.0,41.05154205164649,cal_final_2008-09-30
02395120,hbv_lite_cma,evaluation,0.594555,0.627069,-0.179389,-0.261303,0.636325,13,explicit_euler_dt1,hbv,success,,27.24,0.6801,-2.138401859211556,5.4236532377102975,0.0462276695124442,0.1346718066123545,409.0199254355763,3.40401127654744,0.2000001018177808,0.8197380867387022,0.1544007228336941,17.167744502199202,1.5590294377425826,0.0011130003332057,1.9976029917456848,0.0,0.0,103.72211613829992,0.0,438.8964603257177,cal_final_2008-09-30
02415000,hbv_lite_cma,evaluation,0.721243,0.691509,0.049413,-0.162837,1.527366,13,explicit_euler_dt1,hbv,success,,25.31,0.6949,-0.9294830340646936,5.476071543711644,9.809665787387897e-05,0.0563813144741035,771.2849392242285,2.033992944093008,0.5632003672267231,0.4700171078267462,0.2056932218243238,10.99909467498494,3.2102950267904578,0.0452267818432436,1.718630477765349,0.0,0.0,381.1188442012901,0.0,8.864755889648112,cal_final_2008-09-30
02427250,hbv_lite_cma,evaluation,0.723413,0.619024,0.332692,0.035132,4.192785,13,explicit_euler_dt1,hbv,success,,34.95,0.6792,2.329999586075556,2.619220594728839,0.0872479510159135,0.0955610961451322,450.9309264943483,3.0801531989029227,0.5224025790945199,0.5404790091394935,0.1321746519079179,10.55527406971266,1.4736978506220466,0.0010000000066481,2.2671597599104683,0.0,0.0,279.7315244625852,0.0,652.814192598216,cal_final_2008-09-30
02430085,hbv_lite_cma,evaluation,0.617858,0.756626,-0.071505,-0.222283,1.035425,13,explicit_euler_dt1,hbv,success,,27.29,0.7227,0.3878836296739729,7.534758434838773,5.584931980686563e-06,0.199993486451664,573.5087247725302,1.0000020838325965,0.2000000318552319,0.6609372058345244,0.2008301080792117,9.897460846568574,2.519401581450344,0.0610881127111163,1.4560018859483697,0.0,0.0,83.9349435454676,0.0,4.978808787942139,cal_final_2008-09-30
02450250,hbv_lite_cma,evaluation,0.707129,0.743013,0.136008,-0.030761,1.215158,13,explicit_euler_dt1,hbv,success,,27.05,0.744,2.039996326737173,2.975307304991296,0.0798027486221178,0.1999995414743469,313.276415006258,3.40397162719397,0.2000007110776419,0.8999931732435504,0.2790048016858849,17.372246698171974,1.4376052569644393,0.0717650193545254,1.045542351706157,0.0,0.0,78.95573856978413,0.0,0.4113336973033381,cal_final_2008-09-30
02464000,hbv_lite_cma,evaluation,0.777801,0.724451,0.204337,-0.065234,9.580449,13,explicit_euler_dt1,hbv,success,,34.75,0.6945,-1.0099858091939165,8.43562530631673,0.0135289641883931,0.1419217501417598,621.4172615379695,5.999999999705321,0.9484103296582936,0.5037910020920583,0.1475204305788801,11.797812155188398,1.1849208096166588,0.0010000000003893,2.075732362449377,0.0,0.0,432.7791905451528,0.0,616.4182355371296,cal_final_2008-09-30
02464360,hbv_lite_cma,evaluation,0.698531,0.793583,0.081178,-0.079157,1.438096,13,explicit_euler_dt1,hbv,success,,27.44,0.5905,1.9191298885474848,0.8661808472764894,0.0006689729089048,0.1999311561260572,542.2979013769527,3.13136576374362,0.7139187536812159,0.8999999674823794,0.3773401230607101,38.65187165101588,2.5372244013175607,0.0010000002428504,1.970123557280273,0.0,0.0,274.35154267572614,0.0,791.9803095726761,cal_final_2008-09-30
02465493,hbv_lite_cma,evaluation,0.670561,0.654534,0.187548,-0.053324,1.220729,13,explicit_euler_dt1,hbv,success,,22.56,0.5861,-2.4946275314050173,4.43723713673581,0.0429399958407545,0.0002345751917867,674.2197665468843,1.3326327255040853,0.200000000000184,0.8999999999998682,0.1768143744191766,32.30828430604932,2.4419061854561983,0.001000000000012,1.5766412566578631,0.0,0.0,141.70003646214977,0.0,800.2341466346415,cal_final_2008-09-30
02469800,hbv_lite_cma,evaluation,0.7375,0.694059,0.220609,-0.046175,5.19879,13,explicit_euler_dt1,hbv,success,,27.27,0.7291,-1.8595838654245644,6.309090536968936,0.0481624119908625,0.0759803239160851,577.5598584937972,3.188566176649088,0.7018494597641309,0.4003227317657732,0.1243882894505318,13.518382486532683,1.0220739986806908,0.0010000000000005,2.137613253263733,0.0,0.0,347.3407470613804,0.0,556.8225614749208,cal_final_2008-09-30
02472000,hbv_lite_cma,evaluation,0.725525,0.688109,0.187698,-0.031234,2.608337,13,explicit_euler_dt1,hbv,success,,52.2,0.7493,0.1899322082661321,0.5000000021290321,0.0166166238908752,0.1243016004048936,573.671265941689,5.349938632641886,0.7597195334517077,0.1289646827633287,0.3260814997702817,95.72392965265324,1.3428360387616365,0.0010000000027413,4.000108447105079,0.0,0.0,459.0612047858937,0.0,525.7411485239381,cal_final_2008-09-30
02472500,hbv_lite_cma,evaluation,0.721675,0.689721,0.183417,0.015618,0.9273,13,explicit_euler_dt1,hbv,success,,45.84,0.77,-2.464425902861989,0.8147165795132805,0.0213964229975924,0.1431169890453087,441.6640494179896,1.685877317882999,0.2147743991125419,0.3858599191575023,0.1141578187642424,10.783671635990387,1.974449774397164,0.0010000000000061,3.2162150659317232,0.0,0.0,197.68229974560623,0.0,811.3278286740249,cal_final_2008-09-30
02479155,hbv_lite_cma,evaluation,0.602877,0.497993,0.297084,-0.1438,5.489263,13,explicit_euler_dt1,hbv,success,,24.49,0.6206,-1.5466528106736144,2.506764198927377,0.0377856979511339,0.0457347391542556,999.999999999689,5.4150962821202855,0.980469333953146,0.6994489607231793,0.2217309069127563,25.07003089057781,2.4684157298541405,0.0010000000000075,1.554840659716897,0.0,0.0,839.3282812754753,0.0,1123.7391752117042,cal_final_2008-09-30
02479300,hbv_lite_cma,evaluation,0.707636,0.723251,0.089836,-0.105681,1.354764,13,explicit_euler_dt1,hbv,success,,49.96,0.7361,-0.0422683956854861,2.0166651361902703,0.0002254524104247,0.0117578592004428,471.4613702189667,1.659260359535303,0.2000000000005236,0.2588198549902133,0.3246028788445501,41.11478791239814,1.7241129280156,0.0010000000001141,5.096937031143316,0.0,0.0,234.62218866964244,0.0,803.9511231146554,cal_final_2008-09-30
02479560,hbv_lite_cma,evaluation,0.832051,0.796417,0.090405,-0.072218,1.889938,13,explicit_euler_dt1,hbv,success,,56.62,0.8208,-1.594744901270127,1.1261202716467482,0.0988297512168806,0.0786779768603146,351.0718749656914,1.2308664595300065,0.2000000000074655,0.8999999999989827,0.3024975529345018,79.15077261237595,1.7513826183285652,0.0010000000000004,5.027372434508595,0.0,0.0,142.6213423998629,0.0,811.3190422759255,cal_final_2008-09-30
02481000,hbv_lite_cma,evaluation,0.744273,0.666721,0.297375,0.026767,10.37859,13,explicit_euler_dt1,hbv,success,,27.34,0.7847,-0.2470979651236078,3.046938229376029,0.0005289824976344,0.0520396710384949,534.8388238377454,5.999999994509183,0.9999999999997824,0.6161973056379112,0.4142738718931222,32.47041499442104,1.9657744078217272,0.001000000000101,1.2693625636636623,0.0,0.0,467.80369806658166,0.0,903.2752843838635,cal_final_2008-09-30
02481510,hbv_lite_cma,evaluation,0.706256,0.759506,0.135632,-0.083822,3.02097,13,explicit_euler_dt1,hbv,success,,33.7,0.7664,-1.2620338305234406,1.8740665357211128,0.0065909539169014,0.1062061826513758,309.54269401995543,5.999999999846223,0.200000000046992,0.24745471635881,0.2943577286444457,17.33709252385506,2.886172911835762,0.0047512987725846,2.860530005029419,0.0,0.0,254.565437673848,0.0,202.48990214784905,cal_final_2008-09-30
03010655,hbv_lite_cma,evaluation,0.590883,0.632448,-0.083122,-0.258588,2.009483,13,explicit_euler_dt1,hbv,success,,42.54,0.7555,-1.0200000381725087,2.879639559144295,0.0999999777599891,0.1192128376686722,446.40616266265874,5.999999619679342,0.9999999989968118,0.506649633092345,0.2759229944264914,9.123016691206558,3.665170455596356,0.1347025715041518,3.141158427389813,0.0,0.0,358.04540563690284,0.0,4.339009424221778,cal_final_2008-09-30
03011800,hbv_lite_cma,evaluation,0.649082,0.809673,0.036099,-0.06944,1.358822,13,explicit_euler_dt1,hbv,success,,27.73,0.7275,-1.6600017023180982,1.821677394398137,0.099999925781363,0.1393873410679426,302.8145109032644,3.820009122832446,0.9999999901045376,0.4807301660011867,0.2761612724555577,15.561547740778089,3.769522128989721,0.143004445890386,1.3022345210182726,0.0,0.0,214.4968307663224,0.0,2.49391280754264,cal_final_2008-09-30
03015500,hbv_lite_cma,evaluation,0.695148,0.661601,-0.130837,-0.251768,0.572101,13,explicit_euler_dt1,hbv,success,,30.26,0.7535,-1.030000016692325,2.716190529972788,0.0472449566038152,3.1551662901619516e-10,488.0466247222324,5.84397322482508,0.9999999980889804,0.8999999990972267,0.3462631619405787,35.17478473245404,1.6358033950512982,0.1208060921685892,1.620382286922576,0.0,0.0,387.3465884412384,0.4537639624380037,2.8670154746567884,cal_final_2008-09-30
03021350,hbv_lite_cma,evaluation,0.574792,0.626143,-0.171441,-0.303363,1.716088,13,explicit_euler_dt1,hbv,success,,27.4,0.5796,-0.189999805285522,3.364122346164942,0.0847918679028669,0.0102625063605472,374.8294367652999,5.999999999933912,0.999999991793744,0.4925020350758421,0.4476410006372119,8.675076104514481,0.3423485490455364,0.1549816107593638,1.331016994525374,0.0,0.0,292.24575684881273,0.849948304174424,0.7351221979988314,cal_final_2008-09-30
03026500,hbv_lite_cma,evaluation,0.559092,0.71777,0.130362,-0.056609,2.610484,13,explicit_euler_dt1,hbv,success,,27.74,0.7665,-1.6900001565840457,2.3715921509877456,0.0999995809284283,0.1221522425418876,417.4761299346568,5.261036827731498,0.9999998947821658,0.6111532292554195,0.3126899055354706,19.79397842859236,4.800150553105481,0.1475431345366255,1.9460124187827776,0.0,0.0,312.9839171485917,0.0,2.032336508854476,cal_final_2008-09-30
03028000,hbv_lite_cma,evaluation,0.660181,0.693238,-0.054571,-0.219661,1.138485,13,explicit_euler_dt1,hbv,success,,30.15,0.7481,-1.3600000953564886,2.9018779544853723,0.0503748211747183,1.807408311618948e-08,316.38532051197063,3.6678401296193672,0.9999999996629908,0.4358631940725604,0.2177892259036178,18.284266872108827,2.9999534112910817,0.1299124012419766,1.671378735201189,0.0,0.0,218.6704159573379,0.0,2.5558111603343026,cal_final_2008-09-30
03049000,hbv_lite_cma,evaluation,0.604675,0.651833,-0.122337,-0.247983,0.063001,13,explicit_euler_dt1,hbv,success,,27.08,0.7864,-2.4000019895916056,1.528901960706003,0.0883507911311891,8.497595126006696e-08,433.8546517662747,5.999986635542127,0.7427111023017021,0.6522031694191807,0.3229038373816214,18.095551164291223,2.876354111986875,0.1889737089522096,1.6847942190786815,0.0,0.0,263.0257385604259,0.0,0.3678576285229752,cal_final_2008-09-30
03049800,hbv_lite_cma,evaluation,0.131636,0.446363,0.287624,-0.213367,8.932829,13,explicit_euler_dt1,hbv,success,,27.24,0.7189,-2.359998371357756,1.3612941368915952,0.0901685966850681,1.3933108130062561e-09,290.8555354101864,5.999793026289929,0.9999999760484984,0.8999999925317226,0.4999999832334806,7.361434962645768,3.5563116129301657,0.0162313336478156,1.0093049235370402,0.0,0.0,203.19782413142752,0.0,23.81164346925593,cal_final_2008-09-30
03050000,hbv_lite_cma,evaluation,0.65722,0.636833,-0.036248,-0.21636,2.666838,13,explicit_euler_dt1,hbv,success,,31.88,0.6628,-2.479999959718736,2.6049468214334013,0.0876467745548741,1.0087404304303332e-10,226.42871968749964,1.4782420004992995,0.2000002696774071,0.6553554981419231,0.2221524282122473,11.611661487629268,0.1314950583719198,0.1398780231092834,2.0944252024412613,0.0,0.0,37.50915838172207,0.0264227568228066,0.4955156454753067,cal_final_2008-09-30
03069500,hbv_lite_cma,evaluation,0.670763,0.645492,-0.070479,-0.218437,1.685306,13,explicit_euler_dt1,hbv,success,,29.69,0.6845,-2.4799988241132973,1.1246681119614237,0.0626983498659223,3.0234299536266036e-09,233.05168775063603,2.2452903033899188,0.9999999924660672,0.6123775133147573,0.2500390791916786,7.403644381480764,1.4075218066467374,0.1815847092849025,2.33682282267138,0.0,0.0,133.00401286774965,0.0,2.1449170237385298,cal_final_2008-09-30
03070500,hbv_lite_cma,evaluation,0.728315,0.752077,-0.054062,-0.211416,2.559556,13,explicit_euler_dt1,hbv,success,,27.27,0.7231,-2.499999946602028,1.3110043976778545,0.0385782565713163,4.787615380685391e-10,539.3088807647173,5.999999731354453,0.9999999896611848,0.8999998038949412,0.2214786895747812,15.38167958907681,0.174027771877388,0.0053293110547232,1.033687601871397,0.0,0.0,433.9709645060438,0.3673001598802576,30.765777939937973,cal_final_2008-09-30
03076600,hbv_lite_cma,evaluation,0.565234,0.63674,-0.182084,-0.295159,0.127948,13,explicit_euler_dt1,hbv,success,,27.49,0.7228,-2.399999991872772,1.526501382785404,0.0030723989661296,6.389280405866813e-10,200.93164956266608,1.9678826728062044,0.2847993174162792,0.5494258389924297,0.2068623416768316,7.346593999378401,1.7084543263171972,0.1677481469924072,1.1667414708107646,0.0,0.0,79.2448972297849,0.0,1.2701793071044327,cal_final_2008-09-30
03078000,hbv_lite_cma,evaluation,0.533424,0.622341,-0.190235,-0.272603,1.067654,13,explicit_euler_dt1,hbv,success,,27.15,0.7067,-2.0299999455288664,2.175583655110159,0.0282449552049098,1.6643647763911966e-08,419.7688295397339,4.99635753534136,0.9999999969034624,0.4018795750677264,0.2691997975016857,5.86316614731861,1.9510289541054444,0.1809511139372235,1.009017861116701,0.0,0.0,337.74786487283853,0.0,3.714159115350274,cal_final_2008-09-30
03140000,hbv_lite_cma,evaluation,0.680919,0.661258,0.12658,-0.146958,4.672532,13,explicit_euler_dt1,hbv,success,,27.27,0.7133,-2.419984061808804,1.346382603124879,0.0201305572099601,1.2688368787590093e-06,650.0392213500737,5.999991837525774,0.9147630759426172,0.5757751500453449,0.1739203129083524,7.810516679296578,1.1167143163865765,0.0650082749472989,1.574838372276522,0.0,0.0,458.2653309345084,0.0,2.878549124110038,cal_final_2008-09-30
03144000,hbv_lite_cma,evaluation,0.65875,0.615101,0.09272,-0.147181,2.304941,13,explicit_euler_dt1,hbv,success,,25.57,0.6948,-2.4999993568641266,1.2533757763014903,0.0460296767887257,1.3072721870893974e-11,414.27824011615104,5.999999992339252,0.913278930461199,0.4975516154759166,0.1376973474303698,10.274668534215763,0.646673582195473,0.0223815484293803,1.4086243817861774,0.0,0.0,257.4800952447387,0.0,8.044561621999877,cal_final_2008-09-30
03170000,hbv_lite_cma,evaluation,0.590088,0.6703,0.021523,-0.209665,1.07623,13,explicit_euler_dt1,hbv,success,,27.6,0.6946,-1.6499993993394293,2.039028183766216,0.0395021720763703,0.1665833393122751,622.0233221752598,1.0771171664799046,0.2000001014717473,0.8999999115599804,0.1781102380157034,22.728217917698625,2.2951708279146112,0.0030366124651753,1.170250699617866,0.0,0.0,121.2026382642068,0.0,213.3164518288624,cal_final_2008-09-30
03173000,hbv_lite_cma,evaluation,0.619368,0.632584,-0.007157,-0.179389,0.060187,13,explicit_euler_dt1,hbv,success,,34.81,0.7182,-1.2999999070445738,3.2587584742976543,0.0306214321026538,1.1744474111945464e-08,596.8576180801749,5.258109131667871,0.8792169456877181,0.4528639171241615,0.202816748874004,8.388832215164356,1.7268657344689902,0.1086608431778425,2.1476362409366576,0.0,0.0,419.5043737736241,0.0,2.7943808904227563,cal_final_2008-09-30
03180500,hbv_lite_cma,evaluation,0.620265,0.630493,-0.000152,-0.193049,2.718304,13,explicit_euler_dt1,hbv,success,,34.94,0.7444,-2.429999444009832,1.4496236048554136,0.0791775594841692,2.1467397479014824e-09,183.8540218345187,1.0443423045200817,0.2000000515883018,0.5760868295845614,0.2129013300364828,11.673288787365694,0.9652130692268446,0.1022070014735118,2.7389956990740854,0.0,0.0,30.850744149048484,0.0,1.9194890311145576,cal_final_2008-09-30
03182500,hbv_lite_cma,evaluation,0.643687,0.650577,-0.006494,-0.194543,1.875684,13,explicit_euler_dt1,hbv,success,,34.77,0.7192,-2.459999219054029,1.3463445587184393,0.0976895660461684,1.0710586544665247e-09,189.92240013865012,1.1631608744314543,0.2000003102461328,0.6687437317215443,0.2069973733259798,13.098284163008344,0.4546940811661891,0.0464741990509352,2.375062440719944,0.0,0.0,37.26311081475245,0.0,4.277738758736185,cal_final_2008-09-30
03186500,hbv_lite_cma,evaluation,0.60197,0.654568,-0.135802,-0.276031,2.852461,13,explicit_euler_dt1,hbv,success,,27.31,0.6845,-2.5,0.8891924811268848,5.346344657090557e-05,1.3617524047588598e-11,138.10229111151455,3.4445294327348224,0.9999999999856088,0.8999999999218964,0.4110452770969407,16.215062802206955,2.43062373782087,0.183188817433105,1.65625958197089,0.0,0.0,95.15335413482264,0.0,2.3330409348913173,cal_final_2008-09-30
03237280,hbv_lite_cma,evaluation,0.426099,0.59032,0.08741,-0.237144,52.482521,13,explicit_euler_dt1,hbv,success,,27.39,0.5725,-1.7599989816815205,9.999999180308857,0.009278246755308,0.199998155551545,611.7665469835428,5.999987618062296,0.999999750817643,0.8947087999662452,0.1612266449725195,11.901321214951526,0.1727270909460818,0.0010000167376892,1.3737205641759134,0.0,0.0,386.1752885186748,0.0,146.4813811606986,cal_final_2008-09-30
03237500,hbv_lite_cma,evaluation,0.63843,0.582359,0.138789,-0.210147,20.633965,13,explicit_euler_dt1,hbv,success,,27.3,0.5671,-2.409999970545268,9.999999996300971,0.0081366322781998,3.263192320737885e-09,506.75340354228825,4.981799059683617,0.9296243592203928,0.6294598831925369,0.2310459493059676,8.425277313530458,0.661446597469692,0.0366785429901293,1.0170751533631632,0.0,0.0,307.7571347383944,0.0,4.162453764777236,cal_final_2008-09-30
03238500,hbv_lite_cma,evaluation,0.58072,0.584407,0.155965,-0.204205,26.344648,13,explicit_euler_dt1,hbv,success,,27.18,0.5725,-2.290013958271901,4.37523792714998,0.0066257218863103,1.2728466003610245e-07,322.747750696165,5.997348069041574,0.9999982185235978,0.6051901188520499,0.342932846974519,6.310985571832887,0.5911759038381105,0.008423807504346,1.996859985068836,0.0,0.0,186.3176845638324,0.0,36.14297038758838,cal_final_2008-09-30
03241500,hbv_lite_cma,evaluation,0.770025,0.74538,0.163946,-0.071099,1.935023,13,explicit_euler_dt1,hbv,success,,27.2,0.7629,-2.499999999315423,2.029689130581541,0.0243346919229991,9.645507275367668e-11,633.4660229759052,5.749311867100364,0.9647944173780088,0.5844090193458548,0.1750881897047479,9.192502348078602,0.8960719779128858,0.0802872196895374,1.1618665770915582,0.0,0.0,422.0402881090989,0.0,1.1892971573549385,cal_final_2008-09-30
03280700,hbv_lite_cma,evaluation,0.443661,0.649813,0.164661,-0.017323,2.507016,13,explicit_euler_dt1,hbv,success,,27.05,0.6321,-1.0601242980810102,0.5390046507138246,0.0249559820068011,0.0730169582986608,414.9910941817046,5.99998466804472,0.2000066935631914,0.749833122582036,0.3092677849205932,11.7536170922568,0.721863522800032,0.0235974712613573,1.8048038110578977,0.0,0.0,183.48106465439625,0.0,3.451608240280656,cal_final_2008-09-30
03281500,hbv_lite_cma,evaluation,0.645808,0.672109,0.171447,-0.084464,4.407249,13,explicit_euler_dt1,hbv,success,,37.39,0.7428,-0.8496641156112879,1.8784515836903863,0.0079664621955571,3.268348419106793e-05,622.9955518779585,5.999981879009779,0.9077930750984932,0.588927965517018,0.1203009087824396,8.813120740097947,0.5765968592418977,0.0550872195104718,3.999324482310109,0.0,0.0,385.76701294243753,0.0,1.4555976041629095,cal_final_2008-09-30
03285000,hbv_lite_cma,evaluation,0.579544,0.591769,0.072807,-0.209868,9.51567,13,explicit_euler_dt1,hbv,success,,27.31,0.7125,-2.105613769183016,3.2548458532610387,0.017372198112803,0.0606800557614818,562.0976772149394,5.999911316706775,0.9869845487752128,0.7399356291309319,0.19102914891954,12.131577716496029,0.2532692406167515,0.0623248482249646,1.9773921311097395,0.0,0.0,325.6047220920049,0.0,0.5476935350105185,cal_final_2008-09-30
03291780,hbv_lite_cma,evaluation,0.598367,0.550482,0.130948,-0.206017,85.628502,13,explicit_euler_dt1,hbv,success,,27.17,0.5959,-2.499999998371337,1.851144464096788,0.024703675846869,0.0642937566875581,373.6620890734158,2.9610784656553664,0.8607556375645535,0.8999999999796324,0.4999999990595823,0.1276912454639121,2.584783416372674,0.1110038202140477,1.6454550140316266,0.0,0.0,212.0057891265701,0.0,1.6122842645451654,cal_final_2008-09-30
03338780,hbv_lite_cma,evaluation,0.667078,0.587162,0.105367,-0.236004,4.401661,13,explicit_euler_dt1,hbv,success,,35.21,0.7132,-1.1297535399422802,1.6778368414548823,0.0554479852381651,0.0468291965197763,238.2452966404132,5.99999744371942,0.988827794920647,0.8999975883535042,0.3798112815824888,25.72685166709692,3.041737086845872,0.0538101012598193,2.060206923517373,0.0,0.0,202.36733696501665,0.0,12.944307693086952,cal_final_2008-09-30
03340800,hbv_lite_cma,evaluation,0.669106,0.50298,0.381721,-0.005119,14.628028,13,explicit_euler_dt1,hbv,success,,27.09,0.71,-1.20856717570984,5.238594898409962,0.0325330012286382,0.0049986523026241,459.3545955087613,4.489015218844527,0.9996795762724132,0.5957237056730232,0.1299501279938003,16.894447502973126,0.5541526408135313,0.0010075172474532,1.0002148557481454,0.0,0.0,315.6031213917426,0.0,434.9537538003557,cal_final_2008-09-30
03346000,hbv_lite_cma,evaluation,0.673452,0.668833,0.070707,-0.175473,25.938331,13,explicit_euler_dt1,hbv,success,,34.94,0.6835,-0.730000053138836,2.6144310351817888,0.065084557901592,6.272833492382989e-08,243.36408279275287,5.999999575712261,0.2000000081390545,0.899999981243552,0.4578069573352618,35.46281759050531,0.903713962849488,0.0010000000022136,2.1417981085590565,0.0,0.0,148.9270117375731,0.0,339.8609312596077,cal_final_2008-09-30
03364500,hbv_lite_cma,evaluation,0.64102,0.692439,0.047332,-0.129168,10.005959,13,explicit_euler_dt1,hbv,success,,26.99,0.6514,-2.499966356595184,0.931783866047166,0.0909663118665019,1.4540506298930262e-09,186.46300556302924,5.999999988529055,0.200000001382785,0.7155571400543602,0.2758106218627679,19.73784076156055,1.034494948861152,0.0157311671990049,1.1869072775638394,0.0,0.0,26.63400513769048,0.0,18.20097135309605,cal_final_2008-09-30
03366500,hbv_lite_cma,evaluation,0.670039,0.601686,0.14319,-0.188282,23.507843,13,explicit_euler_dt1,hbv,success,,27.21,0.7137,-2.3300164150358538,2.0344928124141592,0.0085107709064959,9.707887629616105e-08,544.3388690902287,5.999995199303856,0.8684112946715399,0.8999999672292853,0.282166934583889,8.799393990226953,0.8227405972482987,0.0010000000334751,1.0116413175628942,0.0,0.0,367.7977317712055,0.0,527.1286308289888,cal_final_2008-09-30
03368000,hbv_lite_cma,evaluation,0.516275,0.464289,0.187046,-0.209375,56.557806,13,explicit_euler_dt1,hbv,success,,27.31,0.5708,-0.3099998805287511,6.683476380661024,0.0536664010186369,4.139947513319305e-09,552.4038015355577,5.675448952404314,0.999999911415174,0.8999999999822846,0.4999999732195718,0.0755340294229785,1.93750527884071,0.0445103770174094,1.0167657376185006,0.0,0.0,394.0007840440941,0.0,5.277922924742638,cal_final_2008-09-30
03384450,hbv_lite_cma,evaluation,0.623612,0.598086,0.190387,-0.140302,32.39028,13,explicit_euler_dt1,hbv,success,,27.18,0.6775,-1.180000063945661,4.404833618569738,0.0533678701854352,4.803109685792655e-08,218.71776290936089,1.7200437451054027,0.2000000368684446,0.8999999996996151,0.499999999968608,4.7472075741921484,2.8375869422229423,0.0953867199209177,1.828279908785604,0.0,0.0,17.219171762797863,0.0,0.2219728027620697,cal_final_2008-09-30
03439000,hbv_lite_cma,evaluation,0.761503,0.779225,0.076743,-0.088579,0.556581,13,explicit_euler_dt1,hbv,success,,27.27,0.6672,-2.4999841865644004,8.375994218280319,0.0392288283642459,0.0081179924864948,439.2832049071371,1.011529928750133,0.2000948502188096,0.8214157307011051,0.1308199742938853,67.93227106806017,7.1054038956086805,0.0149801069009645,1.990513466042641,0.0,0.0,155.23384266975933,0.0,79.02766052801799,cal_final_2008-09-30
03455500,hbv_lite_cma,evaluation,0.563158,0.664651,0.141647,-0.154648,1.683309,13,explicit_euler_dt1,hbv,success,,26.85,0.6979,-2.109931121043747,0.8283124936229634,0.0324876911126789,4.1084628046467567e-08,129.28167453742498,3.0211726734959354,0.200053211897181,0.8999983217552794,0.2195383486081318,84.26134512916549,9.99999069708774,0.0092624577727369,1.980414380742387,0.0,0.0,79.9929873779436,0.0,150.04879199809665,cal_final_2008-09-30
03456500,hbv_lite_cma,evaluation,0.577285,0.729914,0.157975,-0.134359,2.484062,13,explicit_euler_dt1,hbv,success,,27.25,0.6907,-2.499999942597419,9.999999923167588,0.0810637086001716,3.4609107374675285e-07,206.482438205212,4.951047473988343,0.200001020060334,0.8999999974102318,0.1696522265988531,67.08906838913082,6.041708135093331,0.0010000000000009,1.3980348113858825,0.0,0.0,159.21930469062522,0.0,2024.124784876582,cal_final_2008-09-30
03460000,hbv_lite_cma,evaluation,0.669982,0.826145,0.062556,-0.046861,0.122775,13,explicit_euler_dt1,hbv,success,,27.72,0.7598,-1.9299988141032005,4.88255350954651,0.0193737879117883,1.3129374893254687e-06,402.4677516965612,1.8493815402424407,0.2094193767200213,0.8999999992620998,0.187491812699668,25.109553657796447,4.701245371031158,0.0600141351592816,1.2185294118591472,0.0,0.0,148.47413276201183,0.0,5.54754090688192,cal_final_2008-09-30
03463300,hbv_lite_cma,evaluation,0.724324,0.78921,-0.038873,-0.168846,0.553039,13,explicit_euler_dt1,hbv,success,,27.08,0.7856,-2.400036059501172,1.4843629790844282,0.0631310674160904,0.043826218154366,105.99153377608384,1.0000016557930456,0.9999999758837432,0.8999999999924476,0.1449432914848225,31.49173514056428,3.572091270023521,0.042073940359166,1.955565100459556,0.0,0.0,81.68144375741501,10.469939793602531,45.022851252049946,cal_final_2008-09-30
03471500,hbv_lite_cma,evaluation,0.596771,0.727662,0.090142,-0.098727,0.340207,13,explicit_euler_dt1,hbv,success,,35.23,0.6517,-2.2548061407954214,1.064780320193926,0.0964782091687867,0.0084699640307453,614.533831329592,4.235252455669445,0.9169961985955668,0.8998381743252863,0.1402989928374297,17.012008162206513,1.7609539920590631,0.0441588736348879,2.8096536211637044,0.0,0.0,451.37983758184834,0.0,14.073500460530516,cal_final_2008-09-30
03473000,hbv_lite_cma,evaluation,0.700388,0.830481,0.071477,-0.057744,0.235463,13,explicit_euler_dt1,hbv,success,,32.64,0.7307,-2.4999999783010725,9.999999850626242,0.0369779955999556,8.177301172725563e-08,583.2467384303102,5.0455709288293775,0.938368221349002,0.7710701803250662,0.1818663175930236,16.976118286466274,1.8721579067176983,0.0600862363435482,2.757579927325029,0.0,0.0,431.3269743506357,0.0,7.817696720340971,cal_final_2008-09-30
03479000,hbv_lite_cma,evaluation,0.69248,0.679137,0.132723,-0.091679,0.993709,13,explicit_euler_dt1,hbv,success,,26.98,0.7077,-1.4100202010292116,0.5000035034497474,0.0187025199037027,0.0015090561519865,370.367004743443,3.711956980692359,0.6688302458778683,0.8999999025247495,0.2041510115476187,40.68312719943496,3.4804200462793307,0.0183503486084218,1.0735714369638545,0.0,0.0,311.6758664976249,0.002034140673121,65.56193763333988,cal_final_2008-09-30
03488000,hbv_lite_cma,evaluation,0.524474,0.690163,-0.108687,-0.247366,0.590476,13,explicit_euler_dt1,hbv,success,,29.74,0.6482,-2.2900588481134823,0.5000075735917292,0.0340509655258662,0.0041078518657288,193.71101257876583,5.99999827055268,0.2000021758974421,0.5977174343509836,0.197762648848197,17.485009048473536,1.360006827706724,0.0127491165438264,1.7690791772660668,0.0,0.0,65.2087088089383,0.0,12.450440639937533,cal_final_2008-09-30
03498500,hbv_lite_cma,evaluation,0.762071,0.817803,0.11736,-0.003848,0.418101,13,explicit_euler_dt1,hbv,success,,27.3,0.8069,-1.3307064529292982,0.5000000209250064,0.0057261228540335,0.0546657807673967,253.3030673472176,1.516500949146632,0.2329389166289371,0.8999999583122663,0.2278568497123389,18.29352539930382,2.1024948193131143,0.0640296885024765,1.9968246944713528,0.0,0.0,51.72794230551366,0.0,3.326777280714659,cal_final_2008-09-30
03500000,hbv_lite_cma,evaluation,0.710113,0.763118,0.208688,0.062987,0.527535,13,explicit_euler_dt1,hbv,success,,27.8,0.7016,-1.6100943095055074,9.911610289911511,0.0569680464226404,0.0884982468886249,999.9999989073611,2.842566207515955,0.2502964668468253,0.504988037690594,0.132959633160331,49.42905779583256,6.904777994892647,0.0279484569040123,1.2943289231534774,0.0,0.0,638.7894477916572,0.0,29.883950288021293,cal_final_2008-09-30
03500240,hbv_lite_cma,evaluation,0.668939,0.747666,0.21014,0.023315,0.711771,13,explicit_euler_dt1,hbv,success,,27.87,0.5909,-2.4999950131659383,8.898912157830635,0.0513438390905206,0.015502275896603,999.99995749855,1.6137792345144326,0.2200993171179313,0.4001788080367791,0.1137585001769098,24.63149924468156,5.07154571250557,0.030060706991446,1.010095790560526,0.0,0.0,484.6063862170519,0.0,29.35394536816177,cal_final_2008-09-30
03504000,hbv_lite_cma,evaluation,0.760477,0.873143,0.03775,-0.028585,0.213995,13,explicit_euler_dt1,hbv,success,,27.24,0.7682,-2.4999998723446306,9.999999367998145,0.099914910388036,6.4007648966632444e-09,606.3562988809372,1.3168988680802132,0.3463558382708909,0.8999999998297398,0.1781121023602588,70.52312784122805,8.82720970370407,0.0414355280048512,1.9514307783305576,0.0,0.0,245.9610055664332,0.0,18.57084507336212,cal_final_2008-09-30
03574500,hbv_lite_cma,evaluation,0.661369,0.640156,-0.096682,-0.171032,-0.457777,13,explicit_euler_dt1,hbv,success,,42.79,0.7279,-0.4402843888011221,0.5000057780269378,0.0858394208636746,1.9601534519963122e-07,273.460622573875,5.999998085295861,0.2000044856658246,0.4782854349135347,0.2028906778534476,4.328291161634615,1.4839591322372778,0.1630681877629773,3.687717548667712,0.0,0.0,69.48935522378054,0.0,0.0041248466230563,cal_final_2008-09-30
03592718,hbv_lite_cma,evaluation,0.441037,0.468408,0.467191,0.07117,4.830755,13,explicit_euler_dt1,hbv,success,,27.24,0.6742,-1.6587544062583377,5.185057888453032,0.0763405612806899,0.1098082707732035,699.9746068134494,3.0588452621119355,0.8751644713881728,0.8056788453669138,0.1488685273567952,16.32089501665025,2.1041298881701205,0.0010000000146952,1.493177964500087,0.0,0.0,452.4855081001992,0.0,987.4715209141932,cal_final_2008-09-30
03604000,hbv_lite_cma,evaluation,0.606467,0.581571,0.165775,-0.030609,0.96431,13,explicit_euler_dt1,hbv,success,,32.54,0.7242,-0.0299957945165925,9.999998776046672,0.0915288183662155,0.0722942268371682,351.9691995704038,1.0583420304156608,0.2000000492086665,0.7711070422098584,0.1362842933595333,22.650908118607365,1.7364488812601733,0.0010000000084542,2.9462839949577013,0.0,0.0,30.01269530882561,0.0,919.7282504878945,cal_final_2008-09-30
04015330,hbv_lite_cma,evaluation,0.582331,0.674485,0.014132,-0.202158,2.126622,13,explicit_euler_dt1,hbv,success,,27.75,0.7372,-0.1299998799147399,3.091949089904692,0.0409650761738212,0.1240461060559446,461.6118470855637,5.461857721611334,0.9999999945635472,0.6061467628025782,0.2748043256576907,9.853936372726546e-09,2.699355091520133,0.1874530927357363,1.971084332858534,0.0,0.0,402.2899249141422,0.0,7.232481446918248,cal_final_2008-09-30
04024430,hbv_lite_cma,evaluation,0.609432,0.681167,-0.117882,-0.236067,-0.104148,13,explicit_euler_dt1,hbv,success,,27.96,0.7541,-0.0899999873782562,2.746718056484424,0.029262914521788,0.1905065952271772,467.3269901966136,5.3793283767744855,0.8644741804147402,0.2459558478564946,0.2134310775750613,19.742885208002512,1.0933028489508072,0.1288572432940198,1.867077048559332,0.0,0.0,393.3167114155686,2.8144747966029064,5.665094246137709,cal_final_2008-09-30
04027000,hbv_lite_cma,evaluation,0.680173,0.796478,-0.061316,-0.139427,0.052817,13,explicit_euler_dt1,hbv,success,,37.82,0.7847,0.2400040448768785,4.0762455738554575,0.0172085621693411,0.0437577312190101,494.64197218819953,3.542340496629008,0.6778548216758377,0.8999995811853934,0.3480221141141224,44.50134158700051,2.7825429290213446,0.1185969806380249,2.0835725017999867,0.0,0.0,316.7128775660268,0.0,5.258752630421942,cal_final_2008-09-30
04040500,hbv_lite_cma,evaluation,0.415565,0.384625,-0.374278,-0.484002,0.102108,13,explicit_euler_dt1,hbv,success,,38.72,0.8091,-1.1199998552762616,2.571761043232163,0.0183623563185196,0.1431424882085205,411.717705297654,2.7804154040376825,0.6410813845478212,0.4200229430808168,0.1932822981151686,58.87772416223942,3.825610836774476,0.1336327359777468,1.6873871345773686,0.0,0.0,259.7042261450367,0.0,5.090890291769626,cal_final_2008-09-30
04043050,hbv_lite_cma,evaluation,-0.215776,0.46073,-0.134495,-0.045481,0.037672,13,explicit_euler_dt1,hbv,success,,27.97,0.5461,1.4300000843160316,2.1244741149234123,0.0999999988253819,0.1999999987755583,227.3306571365732,1.9034724297007448,0.9999999999856052,0.3446525103285865,0.2425799140357105,10.455023068051103,1.2691396317501492e-08,0.1897083685470078,1.7608012507904744,0.0,0.0,132.91004011002713,3.039201591121526,5.420811061888695e-08,cal_final_2008-09-30
04045500,hbv_lite_cma,evaluation,0.704906,0.683416,-0.218646,-0.237053,-0.277091,13,explicit_euler_dt1,hbv,success,,85.99,0.8484,-1.5200000510969087,1.5686602961926788,0.0492380703563531,3.0222737715431714e-11,260.52726370631297,2.156395350145149,0.569137470612151,0.2594518869265763,0.220919337460031,48.6518277318074,7.834376954763562,0.0736826908059201,9.003612158904497,0.0,0.0,133.59370295434897,0.0,5.61402792805989,cal_final_2008-09-30
04057510,hbv_lite_cma,evaluation,0.62149,0.594001,-0.209418,-0.332553,-0.09067,13,explicit_euler_dt1,hbv,success,,35.7,0.7892,-2.3299687312120274,1.300138292285698,0.0324366016634855,2.254687650918882e-09,447.3557077163582,1.9794801164651536,0.4190740879404277,0.4337260026919185,0.1436026310414333,23.789929158137635,3.392901297028117,0.0693040951734259,1.4630886621146657,0.0,0.0,178.25327356536,0.0,3.707911484490804,cal_final_2008-09-30
04057800,hbv_lite_cma,evaluation,0.481111,0.436703,-0.286309,-0.446378,0.292274,13,explicit_euler_dt1,hbv,success,,45.83,0.804,-1.479999762637779,2.790193399747121,0.0008021602138448,2.571367530584925e-08,516.7590171129186,3.1465593721578284,0.7327268053313569,0.5108657614199219,0.130577983662478,48.707331935949824,1.7883093919846558,0.0359403940890215,3.904063859058424,0.0,0.0,305.43269230270295,0.0,8.624846408919739,cal_final_2008-09-30
04059500,hbv_lite_cma,evaluation,0.756395,0.737312,-0.153261,-0.24465,0.16454,13,explicit_euler_dt1,hbv,success,,38.78,0.8625,-1.9600228752228848,1.7875178264366414,0.0239293523046737,0.1999991309316872,419.5623477479696,3.2754399220917088,0.2000020290038073,0.8761844653413913,0.1236538184257107,75.07864797235459,6.83703614630026,0.113462901062182,2.7722453090392003,0.0,0.0,166.47441004709407,0.0,0.4838373394680229,cal_final_2008-09-30
04063700,hbv_lite_cma,evaluation,0.653629,0.59823,-0.264294,-0.334192,0.199265,13,explicit_euler_dt1,hbv,success,,71.57,0.8645,0.1400005508285531,2.6342440909471083,0.0869817769270742,0.0513478855220904,401.4197972072925,2.4106306802638207,0.2553495444970036,0.631506372379117,0.1881431977699967,94.61483776203188,0.6542242843897177,0.0020532233424973,9.99795956444822,0.0,0.0,122.36655945490487,0.0,117.33491694650452,cal_final_2008-09-30
04074950,hbv_lite_cma,evaluation,0.457827,0.695158,-0.186662,-0.06113,-0.445952,13,explicit_euler_dt1,hbv,success,,31.26,0.6042,-2.4699999506451227,1.185086574859154,0.0787476527661895,1.8429029073723102e-10,552.2863411958033,3.760825387695359,0.7403604652480817,0.2276831644859816,0.0210035699978972,18.10242442918718,6.575769084791659,0.0542276027901788,1.008529823934462,0.0,0.0,320.3701438669202,0.0,3.253486813238499,cal_final_2008-09-30
04105700,hbv_lite_cma,evaluation,0.480329,0.742827,-0.117879,-0.154232,0.182339,13,explicit_euler_dt1,hbv,success,,43.9,0.6164,-1.3399934561139168,1.5426697974302075,0.0052661085522786,0.0695189157038401,405.16863035817727,1.4883075507602337,0.4617781588536343,0.1593866296460591,0.0787189304410034,35.09259884679317,2.0759199228005354,0.0023476362649897,1.3741931426931064,0.0,0.0,259.2000657930129,2.64488440674434,350.21149883118403,cal_final_2008-09-30
04115265,hbv_lite_cma,evaluation,0.483298,0.606392,-0.098794,-0.214282,0.363135,13,explicit_euler_dt1,hbv,success,,27.82,0.6032,-1.29000020767791,2.642504690645347,2.7948292130637397e-10,0.1469360422202118,679.0741325282274,1.2712742654799718,0.3485567518061718,0.5543550305486651,0.1516773992452733,25.91515874185348,1.567830390372622,0.0032840992935275,1.0742009546795688,0.0,0.0,242.98345097930803,0.0,179.95101699055542,cal_final_2008-09-30
04122200,hbv_lite_cma,evaluation,0.470618,0.609998,-0.121092,-0.243592,0.196526,13,explicit_euler_dt1,hbv,success,,68.06,0.6905,-1.420000067321258,2.663862870606182,0.0105736905993274,4.940676866727092e-11,270.899768220302,1.2910590058830231,0.3605561910035711,0.0801979219414581,0.063841493352592,48.461633684963004,2.1604146989046087,0.0035259202739866,3.226986741654424,0.0,0.0,97.71026933439305,0.0,218.01709121645465,cal_final_2008-09-30
04122500,hbv_lite_cma,evaluation,0.533465,0.653718,-0.045092,-0.175073,0.265377,13,explicit_euler_dt1,hbv,success,,62.55,0.6392,-1.0499999115326757,3.75484529169452,0.051541718559068,1.3389868161811906e-08,278.1786238159125,1.5943191507574428,0.6105630311576951,0.4441986711055589,0.0485240718423505,90.41010594540757,2.2400362801669003,0.0031364019429314,4.893293192921125,0.0,0.0,129.4984791464307,0.0,259.2411802396469,cal_final_2008-09-30
04127918,hbv_lite_cma,evaluation,0.480447,0.508813,-0.251429,-0.363935,-0.19146,13,explicit_euler_dt1,hbv,success,,29.03,0.7147,-1.5800000052146244,1.3734359122192008,0.0003801949810196,0.0353624147254866,435.2211214624143,1.1295116618824612,0.2000000028740412,0.8982064678290629,0.2798340726544586,47.346242576497,2.9248276990334574,0.0756263512398763,1.271594919667261,0.0,0.0,116.30488546684244,0.0,5.570499009975882,cal_final_2008-09-30
04127997,hbv_lite_cma,evaluation,0.305232,0.646156,-0.133296,-0.234783,0.015698,13,explicit_euler_dt1,hbv,success,,31.58,0.3874,-2.420000003821082,0.9451674234241496,0.0791565675916663,1.9825866321261812e-10,799.6883009661427,1.0000000000062872,0.509930322535836,0.3092969120049476,0.128196055977157,34.34385670878727,3.2851839792076825,0.0041929264290328,1.3655835509274443,0.0,0.0,280.36079026481457,0.0,229.87894651592845,cal_final_2008-09-30
04161580,hbv_lite_cma,evaluation,0.477898,0.563297,-0.233426,-0.333757,0.354269,13,explicit_euler_dt1,hbv,success,,49.27,0.6051,-1.7699999294736148,2.4165088871777303,0.0005309506008127,1.3118178738070996e-10,544.6329705580747,2.008138556142702,0.2630841932888321,0.2186646355729354,0.2343382078913153,78.12000026350805,2.0196779244091587,0.0895433430836951,3.165601653101179,0.0,0.0,246.876609677227,0.0,3.4045292316581137,cal_final_2008-09-30
04185000,hbv_lite_cma,evaluation,0.77619,0.700561,-0.060511,-0.247127,1.049798,13,explicit_euler_dt1,hbv,success,,60.04,0.8203,-0.4517414899144638,8.807054061393774,0.0504904795747216,0.1999999888120865,341.6242211201317,3.530965799877716,0.7101027756821368,0.4700592418189788,0.2399298865195651,82.06779093306865,0.5851124074935998,0.1140361605686076,5.1678854610353735,0.0,0.0,201.0228916125637,0.0,1.4748704108120032,cal_final_2008-09-30
04196800,hbv_lite_cma,evaluation,0.639972,0.617329,0.199824,-0.142028,41.226385,13,explicit_euler_dt1,hbv,success,,49.08,0.7291,-0.009999749631707,3.462499497815844,0.0213175853280897,8.674685855284685e-08,307.6091084156974,5.999999628849517,0.9127095400244268,0.8999999549126078,0.4363592720456823,38.75365468298303,0.4986893843943654,0.0010000004796429,4.973882805321841,0.0,0.0,175.16846674572392,0.0,270.96212041019083,cal_final_2008-09-30
04197100,hbv_lite_cma,evaluation,0.642915,0.66947,0.074747,-0.194073,7.913041,13,explicit_euler_dt1,hbv,success,,37.92,0.7516,0.5700000356410322,3.328323974945002,0.0651270230117134,1.730090830403733e-09,434.8667335499138,5.999999676674206,0.8084812492353299,0.4243431124326489,0.0947853065907084,7.509535878226593,0.0056832286635103,0.197022061491106,2.784266841978844,0.0,0.0,286.72453153559024,1.2079051442548034,0.0231624174560078,cal_final_2008-09-30
04197170,hbv_lite_cma,evaluation,0.538517,0.485646,0.250288,-0.206523,10.768053,13,explicit_euler_dt1,hbv,success,,27.18,0.652,0.1599659089225733,5.418809195375368,0.0539657986355709,0.1873869313336829,344.626490765184,4.458206100168178,0.8549234848395646,0.6664765147838942,0.010000300479372,18.55962252700158,0.4641012778097247,0.0010000013478431,1.151252973465564,0.0,0.0,223.96188738059817,0.3567622154210224,408.7139303980698,cal_final_2008-09-30
04213000,hbv_lite_cma,evaluation,0.039816,-0.103171,0.121457,-0.654025,29.00312,13,explicit_euler_dt1,hbv,success,,44.37,0.0967,-2.499999805656249,0.734277830746449,0.0289440184711358,1.8536496711760117e-10,50.00000235553612,1.7730935339073592,0.9581935087285232,0.1064768303666243,0.4999995767590257,6.922038926431162,9.999999678426608,0.0014736958820515,3.0903475807097487,0.0,0.0,35.48189356350875,0.0,1312.627832613911,cal_final_2008-09-30
04213075,hbv_lite_cma,evaluation,-0.285065,-0.698276,-0.999893,-0.999963,-0.999254,13,explicit_euler_dt1,hbv,success,,51.72,-0.3637,-0.25008698600791,8.748008020329713,0.0488001585038829,0.0375662827014023,596.2324126549286,3.909599688421181,0.2007991244417109,0.6724553355243185,0.4999700554875614,83.68416431341626,9.530308560841457,0.001,9.70925025678813,8144.8400000000065,0.0,15.52103066170634,0.0,0.5590060987828117,cal_final_2008-09-30
04216418,hbv_lite_cma,evaluation,0.622712,0.713915,0.056654,-0.16504,1.255383,13,explicit_euler_dt1,hbv,success,,27.39,0.6544,-2.2900023013749533,1.6110831658024956,0.0999994967042675,0.0378763563180396,288.44415257471826,2.1274667856084,0.3959041285492319,0.6658040629840966,0.4933770317768439,8.88494788103273,3.1784376597804305,0.1153930843824759,1.98149575827287,0.0,0.0,171.50341253667875,0.0,4.186335855386609,cal_final_2008-09-30
04221000,hbv_lite_cma,evaluation,0.636879,0.671807,-0.041541,-0.209498,1.626731,13,explicit_euler_dt1,hbv,success,,27.32,0.7664,-1.580000132345911,2.154117483452352,0.0363330733457958,0.1400324893249857,507.4033498550249,5.9999483463193215,0.9999997551632064,0.4622933732691339,0.2510092620754649,12.693525905107869,2.3784033411356607,0.1107652090030879,1.0053351177480665,0.0,0.0,419.1675213907261,0.0,6.222978337225181,cal_final_2008-09-30
04224775,hbv_lite_cma,evaluation,0.580934,0.560741,-0.134316,-0.293896,0.787144,13,explicit_euler_dt1,hbv,success,,27.36,0.6562,-0.3900031165206301,2.111645382273122,0.0161360073587747,0.0045549941244363,543.4111532810449,5.999953525418292,0.9497917318123807,0.0698188867142062,0.499999988675909,98.34641502382104,3.525261063103564,0.1343500203746407,1.7756181549944952,0.0,0.0,453.5162752400324,0.0,4.748215736290215,cal_final_2008-09-30
04233000,hbv_lite_cma,evaluation,0.641011,0.585639,-0.182665,-0.255995,-0.029718,13,explicit_euler_dt1,hbv,success,,27.51,0.7102,-1.1400001196050873,1.9637944148294648,5.7144623824969526e-05,5.202951094654977e-11,326.82639939535346,2.0455180722107444,0.3183763052823226,0.717561199387095,0.3644576473649398,14.14737858830016,3.5024551997492703,0.1166799869049765,1.7149411243710329,0.0,0.0,120.4428711932455,0.0,2.2779452551067565,cal_final_2008-09-30
04256000,hbv_lite_cma,evaluation,0.726633,0.8055,-0.017234,-0.16085,0.819523,13,explicit_euler_dt1,hbv,success,,32.85,0.7716,-1.6700001046366697,2.0366135346232355,0.0196550065789365,2.017522340365353e-09,430.8343088409986,2.532896662549041,0.9999998017167576,0.7496231344295621,0.3411411757234796,18.99912115122907,3.3166847281798635,0.0789091359995825,2.225060502214388,0.0,0.0,336.00671581423325,0.0,12.02970125030892,cal_final_2008-09-30
04296000,hbv_lite_cma,evaluation,0.705017,0.802853,-0.053765,-0.185984,0.450286,13,explicit_euler_dt1,hbv,success,,28.08,0.7309,-1.7999995207692705,1.9400060078646315,0.0694586169184869,9.481136825850135e-12,278.5558297334111,1.18221116305885,0.2000000019889817,0.3121795625006914,0.290155664495087,16.27166674578234,4.794991837197276,0.142488879228332,1.9863004337864616,0.0,0.0,140.28797767389975,0.0,5.465319905467449,cal_final_2008-09-30
05057200,hbv_lite_cma,evaluation,-0.002389,0.509334,0.054719,-0.068012,5.845674,13,explicit_euler_dt1,hbv,success,,33.35,0.391,-0.049991531433196,3.672086976306802,0.007913228885153,0.1997884848393163,366.61455721936056,2.5603389305368607,0.2000000057273637,0.2408170316903463,0.2044390401535021,41.76808978988212,6.787525187316704,0.1999989558023655,1.051988673615225,0.0,0.0,84.90974123534404,0.0,0.0890606629169231,cal_final_2008-09-30
05120500,hbv_lite_cma,evaluation,0.236831,0.016548,-0.564649,-0.691817,18.906838,13,explicit_euler_dt1,hbv,success,,81.15,0.2652,-1.2256770809732251,2.1380523596506755,0.0226172264939935,0.1999951051176595,999.9997722810256,2.4720246433464643,0.2000000038119342,0.1914899316940004,0.064135411381416,89.6625102050536,0.5958060854617957,0.104720779422844,9.99918698235642,0.0,0.0,183.56597222263943,0.0,0.1489091950205429,cal_final_2008-09-30
05291000,hbv_lite_cma,evaluation,0.585026,0.497585,-0.091441,-0.321172,2.363042,13,explicit_euler_dt1,hbv,success,,36.65,0.4794,-0.0362245935521738,8.07541477208793,0.0254049817029367,0.1999992702998715,348.6628233142765,1.6319796354415872,0.2000000000139238,0.6653631970874925,0.48016006517894,93.5800839692838,2.4551872502910497,0.1330448756405525,2.1872918386391227,0.0,0.0,67.41086412071697,0.0,0.5825553186356476,cal_final_2008-09-30
05362000,hbv_lite_cma,evaluation,0.583337,0.676873,-0.200254,-0.226418,-0.550787,13,explicit_euler_dt1,hbv,success,,38.63,0.841,0.7000026432462936,4.526625461523077,0.0042056496169908,0.131159893042904,365.6602424595309,5.654588529944453,0.7448486300362998,0.899999832729643,0.2790938981642017,50.94197151803704,1.8900927678814403,0.1948491510396066,2.483861241849227,0.0,0.0,213.76038894502625,0.0,0.376119304163826,cal_final_2008-09-30
05393500,hbv_lite_cma,evaluation,0.651633,0.716736,-0.132969,-0.219322,0.159109,13,explicit_euler_dt1,hbv,success,,33.34,0.7716,0.9300330149740555,4.803555430860284,0.0050930789500453,0.1110091151221333,432.0424336501689,5.039698393596153,0.999999961687286,0.2352726257690837,0.0869939484886504,11.876878590245807,0.0007329643874424,0.1283927176045053,1.8091459406966528,0.0,0.0,269.51055012892215,1.2427308122803578,0.0049758047787881,cal_final_2008-09-30
05399500,hbv_lite_cma,evaluation,0.471508,0.553997,0.272823,-0.13099,6.567242,13,explicit_euler_dt1,hbv,success,,27.43,0.5657,1.640000117635683,6.919362668393831,0.0629568041735293,9.576494595925372e-10,387.446497493478,3.694189323534275,0.9999974544873312,0.6140293498072606,0.2155607347215004,7.489123872496389,0.7650771057597255,0.0864689951961452,1.0654787828847525,0.0,0.0,234.33117197345223,0.0,2.3153997079037474,cal_final_2008-09-30
05408000,hbv_lite_cma,evaluation,0.113479,0.190538,0.145531,-0.294801,0.841305,13,explicit_euler_dt1,hbv,success,,27.43,0.8353,-1.9802707737093432,2.823260284528325,0.0793310401960621,0.1993237569024282,229.8465248512046,4.362233552320028,0.2035870711109872,0.4196465277683103,0.3389858256781826,18.50183133996138,8.56347700455516,0.0023146563108528,1.8055498641145016,0.0,0.0,103.7289103712654,0.0,424.6506301140627,cal_final_2008-09-30
05413500,hbv_lite_cma,evaluation,0.329628,0.495196,0.296457,-0.056061,1.509977,13,explicit_euler_dt1,hbv,success,,27.55,0.7652,-0.7795117252900368,4.523380851090657,0.0271101534364075,0.0968019886411319,734.8189438258205,1.3212772989323918,0.321424421639667,0.8642958458218155,0.1744137911619496,22.19663913312094,3.260595450555239,0.0054085868993466,1.852600906332375,0.0,0.0,321.01490168309465,0.0,219.571962747118,cal_final_2008-09-30
05414000,hbv_lite_cma,evaluation,0.349756,0.485816,0.253646,-0.038415,1.276628,13,explicit_euler_dt1,hbv,success,,27.46,0.8212,-1.719999982419316,3.074143216993117,0.0156456069170731,1.294958727241506e-08,611.0456190341562,2.8606536178753763,0.4660102831868491,0.8999999997658729,0.1028267461867721,26.49015591210128,2.206053412431146,0.0085256444290882,1.209076069485682,0.0,0.0,371.549191291848,0.0,123.68781915432852,cal_final_2008-09-30
05444000,hbv_lite_cma,evaluation,0.452591,0.553461,-0.014846,-0.216515,0.969975,13,explicit_euler_dt1,hbv,success,,27.62,0.769,-1.0854186619934718,9.202848426638749,0.0793882842110118,0.000206658698781,363.7286572158957,5.9968925485905045,0.3146329394561329,0.8996344885840453,0.0505296598556762,24.33565257134331,1.3667133158243745,0.0037603053772062,1.043904610279044,0.0,0.0,303.43255467885456,0.5051825539607873,211.33037136982824,cal_final_2008-09-30
05454000,hbv_lite_cma,evaluation,0.483127,0.560543,0.182575,0.037285,7.781309,13,explicit_euler_dt1,hbv,success,,27.21,0.6436,-1.5099949528039862,2.5425333810404367,0.0017838524397104,0.0428422035810499,600.9033858257553,5.999994649680682,0.7491906335557745,0.8999918966438343,0.4999934729351879,3.0107570351749883e-05,4.124603558743648,0.1536831361570482,1.9422776757990112,0.0,0.0,491.8910748311142,0.0,4.404767239773355,cal_final_2008-09-30
05458000,hbv_lite_cma,evaluation,0.433147,0.69682,0.068566,-0.096178,0.627437,13,explicit_euler_dt1,hbv,success,,35.13,0.7174,-2.169999925202207,1.9813344796231047,0.0755659772021239,2.9906875638283083e-10,187.86252865511327,5.999999999549752,0.2000001698001479,0.5797964311492702,0.2129350012843485,18.98022812275051,1.7908248767501074,0.0296005221913549,2.829919014354526,0.0,0.0,54.86604485909917,0.0,3.2052505027240854,cal_final_2008-09-30
05466500,hbv_lite_cma,evaluation,0.627199,0.792715,-0.050491,-0.076196,-0.153612,13,explicit_euler_dt1,hbv,success,,51.8,0.7222,-0.6300007537558163,9.40512328063341,0.0505778224392252,0.0399258436426414,355.0937285896006,5.592570320402403,0.2000029441261802,0.8999997750577544,0.3080711580007515,15.344680344236115,1.442826925064945,0.0937663999886879,4.878801690765695,0.0,0.0,320.2885260139837,0.3285911557399327,7.473677011695833,cal_final_2008-09-30
05487980,hbv_lite_cma,evaluation,0.628157,0.438268,0.352972,-0.142619,33.625592,13,explicit_euler_dt1,hbv,success,,34.21,0.6154,-2.2896991193595224,3.688853451374987,0.04997850850507,5.203204671311334e-05,624.9784458332643,5.999934610899332,0.9999869684491508,0.626785260101387,0.0348274818892441,7.145209655299703,0.7093148279500305,0.0010000036723119,2.4341174898262885,0.0,0.0,552.755284364842,6.223838502994922,469.12893809281377,cal_final_2008-09-30
05488200,hbv_lite_cma,evaluation,0.529856,0.397453,0.316041,-0.192532,84.079564,13,explicit_euler_dt1,hbv,success,,27.34,0.509,-0.0499998976342066,9.999997509942308,0.0232117692091293,7.500654043265866e-08,739.1641959985726,5.970817958899372,0.9999999668468238,0.5783388158091948,0.0652722520212352,9.04358753676034,0.7154178697196181,0.0010000000056848,1.2491312633632687,0.0,0.0,650.8660411504903,5.080833293200553,453.3567587365271,cal_final_2008-09-30
05489000,hbv_lite_cma,evaluation,0.643923,0.644923,0.098435,-0.152837,16.092069,13,explicit_euler_dt1,hbv,success,,32.19,0.5749,-2.4999992775517432,4.617473332993691,0.0999999776642238,8.693303240225859e-08,193.53262205856885,5.999999891532187,0.200008881872649,0.7838076274704857,0.0100000067719142,22.30433955800678,0.2507803181995893,0.0010000027548515,2.874477942659005,0.0,0.0,166.0578577986097,21.82772547235451,195.6074435287319,cal_final_2008-09-30
05495000,hbv_lite_cma,evaluation,0.629443,0.487897,0.381337,-0.117748,40.679739,13,explicit_euler_dt1,hbv,success,,42.48,0.6441,-1.4900044779089368,2.3834515451235543,0.0244748407012825,1.5624063970375988e-07,299.8886329509639,5.764361821682933,0.9999999989480656,0.6015873941296049,0.0100000055734281,21.77811069910429,0.4606404423059534,0.001000000131422,3.19932453619168,0.0,0.0,270.7981270824717,21.180267932126373,404.8651361306251,cal_final_2008-09-30
05495500,hbv_lite_cma,evaluation,0.528055,0.541955,-0.001672,-0.22601,4.386505,13,explicit_euler_dt1,hbv,success,,27.22,0.6004,-2.4299982615292723,9.999996339155734,0.0863308788368437,2.7376867618062227e-06,334.62952146192384,5.999999715559358,0.2000000770719141,0.6070139267260009,0.2328449605734667,5.368534536311715,0.091376704686605,0.1972697942573216,1.0078773057968495,0.0,0.0,282.6551182489422,2.141080484772244,0.3715014086450194,cal_final_2008-09-30
05501000,hbv_lite_cma,evaluation,0.495013,0.484866,-0.035068,-0.302044,13.312128,13,explicit_euler_dt1,hbv,success,,27.25,0.667,-2.4899995852511023,0.6529797561589653,0.0267717088889734,1.8846242873692383e-08,219.0022197342962,5.999999973719215,0.2000000048482653,0.4984666879349781,0.2317388757080589,4.480905604232093,0.7969383306028841,0.0077693969426576,1.4122457372015338,0.0,0.0,187.16155911123863,0.8011265164469141,63.91524640348797,cal_final_2008-09-30
05503800,hbv_lite_cma,evaluation,0.491929,0.473157,0.040058,-0.365076,643.164537,13,explicit_euler_dt1,hbv,success,,27.18,0.6262,-2.499999982390053,9.47446915874196,0.0114622204343885,2.1376379184123194e-09,243.1039995884453,5.999999980090149,0.2000000231504725,0.554516883120442,0.184650378993915,3.352301527949337,1.3455425143924484,0.0010000000174667,1.3689741850535562,0.0,0.0,209.60742110379573,0.0,393.1425139388396,cal_final_2008-09-30
05507600,hbv_lite_cma,evaluation,0.510504,0.21553,0.672353,-0.03355,747.191178,13,explicit_euler_dt1,hbv,success,,24.57,0.645,-2.499999999983019,9.999999999901084,0.0979432975840601,4.1554005516000287e-10,394.1560238162364,5.999999998442533,0.9999999999951372,0.8590517858554089,0.0531676822158821,7.58182051816745,0.7994325071934683,0.0010000000003854,1.2571369951778082,0.0,0.0,359.8456089862654,3.316219013240015,475.6975924319639,cal_final_2008-09-30
05508805,hbv_lite_cma,evaluation,0.556118,0.363217,0.49223,-0.09981,70.036465,13,explicit_euler_dt1,hbv,success,,27.33,0.6135,-2.499999997683272,9.99999999776924,0.0360808671699838,6.144773059776841e-10,493.46022752783256,5.99999991375242,0.9999999999275628,0.7519114919933065,0.0660689152525372,7.676215142653857,0.8239750107020163,0.0010000000010595,1.6986976089550716,0.0,0.0,455.91808776305,3.5728069016038377,459.3445145789659,cal_final_2008-09-30
05525500,hbv_lite_cma,evaluation,0.689368,0.658266,0.248926,-0.015575,9.13838,13,explicit_euler_dt1,hbv,success,,43.1,0.7688,-0.6999959729921934,4.751533153856859,0.0545016525268232,1.3285702490926958e-07,512.3618387712486,5.999987235655218,0.9776485104824352,0.4316767957704005,0.0353432839139935,13.350598329949278,0.33788525021526,0.0438276555511635,3.786647723997097,0.0,0.0,447.9981719489058,6.9958353895463565,7.371494130358666,cal_final_2008-09-30
05556500,hbv_lite_cma,evaluation,0.522853,0.594742,-0.090002,-0.226148,1.350238,13,explicit_euler_dt1,hbv,success,,27.33,0.6748,-0.6500001979555505,9.999999741853731,0.0650643124606347,4.576357524060936e-08,332.8079604062123,5.99998571119313,0.2000120309641305,0.8384389997650645,0.1309777694243916,22.401192646579144,0.0128612331692962,0.0674826330629649,1.5279470946603957,0.0,0.0,305.69879523579255,9.665936991084209,0.1777245898652697,cal_final_2008-09-30
05584500,hbv_lite_cma,evaluation,0.68352,0.689765,0.11091,-0.169025,14.059998,13,explicit_euler_dt1,hbv,success,,45.59,0.6338,0.0939404290579792,9.997662713852554,0.0440503232771696,0.082065599580887,265.29814149652464,5.999999994004196,0.2000000850596529,0.4054273639344007,0.0736416844229485,12.1911733349254,0.5667027890830595,0.0072946733395035,3.6890334234966895,0.0,0.0,230.0723756520761,3.590505317740273,51.84376794239169,cal_final_2008-09-30
05591550,hbv_lite_cma,evaluation,0.688715,0.580769,0.354931,0.031603,61.779664,13,explicit_euler_dt1,hbv,success,,27.17,0.704,-1.6599999687913014,1.311411359783318,0.0462443425784456,1.6992142065382259e-09,675.285932389744,5.999999983784832,0.9554158938745329,0.899999999999803,0.4999999972368853,2.5006625127815925e-06,4.538763325833238,0.1584076681997994,1.0316479563534326,0.0,0.0,558.2835478617803,0.0,2.63193388862219,cal_final_2008-09-30
05592050,hbv_lite_cma,evaluation,0.567826,0.537117,0.067914,-0.204339,54.295499,13,explicit_euler_dt1,hbv,success,,27.34,0.7128,-1.4199859372052068,1.3017855432460372,2.0843004527398024e-06,2.6772461847322485e-05,319.9922306439175,3.7102981074991614,0.2035943913582155,0.7652419238182211,0.1456086353007619,11.195670957971956,0.281851077499112,0.0010000006723683,1.060780759487812,0.0,0.0,243.9512468565935,2.1035555275417863,173.05852151000565,cal_final_2008-09-30
05592575,hbv_lite_cma,evaluation,0.624535,0.52038,0.305959,-0.104166,85722.453437,13,explicit_euler_dt1,hbv,success,,27.16,0.6292,-2.380013471828851,0.5231988920628833,0.0999971692169048,0.0219859042817146,460.1257675808136,5.99999523405067,0.7374417774219433,0.8999999693189102,0.4999974780027753,2.2644010771397984,1.1834805294088175,0.001000004604513,1.1847607723737654,0.0,0.0,338.36554025848176,0.0,408.896914559969,cal_final_2008-09-30
05593575,hbv_lite_cma,evaluation,0.658774,0.459203,0.358306,-0.10118,70.843771,13,explicit_euler_dt1,hbv,success,,27.23,0.6824,-1.6696656599517097,1.6364886307087343,0.0727374495966277,0.1997035581320289,466.319549010074,5.999986297502158,0.9999984537103328,0.5715659466289634,0.4558849828713423,24.96881644975792,1.10119680041836,0.0010000014638959,1.8728245681116265,0.0,0.0,363.6586163988434,0.0,444.4591701852175,cal_final_2008-09-30
05593900,hbv_lite_cma,evaluation,0.466805,0.278011,0.603076,-0.057913,192.861993,13,explicit_euler_dt1,hbv,success,,27.31,0.6574,-0.9900148131730528,0.5672972671702703,0.003389740985262,2.2903495720310703e-08,237.64562707401,5.999999958230107,0.9999998777003718,0.7443118706783788,0.06719974665012,12.903546423043696,0.8590461315083647,0.001000000311118,1.9337114114647,0.0,0.0,207.88683371213835,2.771545559988309,500.7538721129758,cal_final_2008-09-30
05595730,hbv_lite_cma,evaluation,0.646475,0.541839,0.132202,-0.137624,715.242009,13,explicit_euler_dt1,hbv,success,,27.26,0.6163,-1.9999988608646568,1.710520439823975,0.0309981359941239,0.1679288113486317,259.78286551723914,5.999999961800087,0.2000001442901238,0.5815526786524154,0.2851673522779189,4.957872994584445,0.41517587810956,0.0010000005434003,1.2667423998253922,0.0,0.0,128.68506410806276,0.0,187.05363391532995,cal_final_2008-09-30
06221400,hbv_lite_cma,evaluation,0.534012,0.725757,-0.15316,-0.170942,-0.876046,13,explicit_euler_dt1,hbv,success,,38.56,0.671,0.2099660465577457,2.510227266801551,0.0013250977858747,0.0753445629755429,50.00014449485516,1.0000051220518038,0.9999996815689978,0.0500007457760291,0.0100000003900111,99.99999894639186,3.40914296394454,0.0442224561580939,1.8993317075405187,0.0,0.0,14.868216938148612,0.0,12.296882691563974,cal_final_2008-09-30
06224000,hbv_lite_cma,evaluation,0.751498,0.762965,-0.173284,-0.170178,-0.731228,13,explicit_euler_dt1,hbv,success,,43.28,0.8374,1.000000005291121,6.651832341638313,0.0509647087546412,3.1407559107232067e-10,50.00000001155697,1.000000000115319,0.9999999996068878,0.0500000000637589,0.0100000000557625,99.99999999182756,5.27508310955041,0.0301555294384987,1.2496632173757216,0.0,0.0,14.938765107976682,0.0,19.96427363089153,cal_final_2008-09-30
06278300,hbv_lite_cma,evaluation,0.790539,0.847537,-0.097459,-0.083347,-0.914478,13,explicit_euler_dt1,hbv,success,,39.08,0.8173,0.6600047230178072,4.087769693991287,0.0167733628512928,0.0033900501561935,120.70658883474404,1.0000001839102064,0.8530382694986172,0.4690675843067028,0.4168202885729256,4.050387389386756e-06,9.999998280849413,0.0599164753762307,2.9481045019778467,0.0,0.0,39.12876219205742,0.0,5.830694529395842,cal_final_2008-09-30
06280300,hbv_lite_cma,evaluation,0.612361,0.723731,0.106669,0.100111,-0.724792,13,explicit_euler_dt1,hbv,success,,35.52,0.7945,1.3600000359027151,2.847286526027499,0.0884094691785649,2.570209711314166e-10,50.00000837409405,1.0000000047858746,0.9194431418343404,0.8999932933350218,0.1116735191106163,55.21979514730021,9.999999891608102,0.0323782293678579,1.187032360286554,0.0,0.0,13.01857468532028,0.0,23.679887715247457,cal_final_2008-09-30
06289000,hbv_lite_cma,evaluation,0.712643,0.789867,-0.124225,0.019394,-0.80549,13,explicit_euler_dt1,hbv,success,,43.29,0.7034,0.8599998198099827,2.3260816689652835,0.0489975915577654,0.120001882602036,553.9095166076378,2.1437000017762378,0.999999941515634,0.3655191818234654,0.4510346410019676,99.887293575908,9.998935013726005,0.0324406122847252,4.338547804518177,0.0,0.0,264.6203422453259,0.0,9.653249747530804,cal_final_2008-09-30
06291500,hbv_lite_cma,evaluation,0.504797,0.743637,-0.094309,-0.036154,-0.629869,13,explicit_euler_dt1,hbv,success,,47.56,0.7645,1.6699994017093127,0.5000000000751661,0.0995852616558448,0.189709218575839,386.0371030999353,2.047000212232167,0.9999998509049386,0.6734388869667098,0.0100170638988818,20.66186314034305,8.037386744604143,0.0587123688856806,1.0788081427173024,0.0,0.0,170.92443075212876,0.0,2.6885691746595985,cal_final_2008-09-30
06311000,hbv_lite_cma,evaluation,0.774961,0.676672,-0.189336,-0.208897,-0.687681,13,explicit_euler_dt1,hbv,success,,28.7,0.7527,1.0300000701115355,4.15010145362654,0.0299403884599363,2.613858175699327e-10,274.22427120353814,2.14316353483016,0.9999998419895684,0.2715383463318346,0.0395654922041508,21.35774581683695,7.159942954800841,0.055747798152526,1.2073098798568862,0.0,0.0,113.65946499609788,0.0,2.426605301041078,cal_final_2008-09-30
06332515,hbv_lite_cma,evaluation,0.205466,0.284309,-0.011792,-0.388107,13.445583,13,explicit_euler_dt1,hbv,success,,28.13,0.1945,1.580578189621776,3.3869489438554217,0.0891346950156694,0.1999370835913171,592.4777299336365,5.999987176677209,0.8908190701509064,0.8999863370655723,0.4190133293128355,0.9319497328154616,6.729212598661425e-07,0.1643842326174786,1.001848952303188,0.0,0.0,269.7641381451907,0.0012116212616227,3.4206663619590407e-06,cal_final_2008-09-30
06339100,hbv_lite_cma,evaluation,-0.026485,-0.369778,1.113288,-0.283283,201.042537,13,explicit_euler_dt1,hbv,success,,27.73,0.6407,0.4814245875445815,8.896538540893152,0.0003672455106026,0.074847748043408,91.6777138018704,5.999976238361505,0.7833900518848111,0.8999999776595436,0.1672535317270699,5.625889181314739,4.937379345318503,0.001000000949983,1.1521174446812612,0.0,0.0,32.00777354806139,0.0,107.09257639122124,cal_final_2008-09-30
06344600,hbv_lite_cma,evaluation,0.021582,0.142873,0.311088,-0.124073,22.377266,13,explicit_euler_dt1,hbv,success,,27.23,0.1641,0.8580418268509287,9.999970769063802,0.0887171870229936,0.1999999970144045,287.2914942443788,1.5021915884595365,0.2000000092347388,0.8999999903972402,0.4999999941587913,0.4379910894547204,0.728627662032125,0.1999987127029905,1.9970242961063185,0.0,0.0,22.959382787816587,0.0,0.0347225526952286,cal_final_2008-09-30
06350000,hbv_lite_cma,evaluation,0.10949,0.049747,-0.197613,-0.380437,0.292878,13,explicit_euler_dt1,hbv,success,,40.59,0.1376,2.199995326444946,7.897891476042274,0.0673199854655243,0.0862215818608257,344.2215239725126,2.0654506020273686,0.200000057605795,0.4459822377992883,0.2200087804942517,28.29904477534605,9.449551862807594,0.1999999724339566,3.032957528506377,0.0,0.0,22.766789609005087,0.0,0.0044022559471039,cal_final_2008-09-30
06352000,hbv_lite_cma,evaluation,-0.43486,0.089458,0.499499,0.176789,-0.560774,13,explicit_euler_dt1,hbv,success,,42.98,0.2949,-0.3241713214078614,2.1427135430270887,0.0995738521738439,0.0416953015292033,109.3121339026021,5.999846616522659,0.4213847487456062,0.8120762117739003,0.0100000000409405,44.295840896432026,1.7425481044316415,0.1999997113800492,2.1247663224844864,0.0,0.0,11.85528969971101,0.0,1.5768285390170723e-06,cal_final_2008-09-30
06404000,hbv_lite_cma,evaluation,0.672439,0.669584,-0.123881,-0.247463,2.376052,13,explicit_euler_dt1,hbv,success,,27.53,0.8181,2.347139129242394,0.5001324147104635,0.097677203505847,0.0710187195255051,481.01789463986887,2.097572296462753,0.3974788232342948,0.8999683678919125,0.1308284792843806,3.97061878745396,0.2005278765615877,0.001001064383377,1.4330650076989973,0.0,0.0,109.34412113635196,0.0,59.310911649951365,cal_final_2008-09-30
06406000,hbv_lite_cma,evaluation,-1.931737,-0.18976,0.454788,-0.019041,5.558004,13,explicit_euler_dt1,hbv,success,,27.68,0.1776,-1.0791525153432464,6.423380224165411,0.0221239332692964,0.1304423057909388,97.97079259773795,2.71977072220013,0.2000292070258886,0.8999083235219184,0.1355681394358264,1.6223819165325566,3.69668491702693,0.0025912769527134,1.1614649885164654,0.0,0.0,2.7997398012438657,0.0,40.11996066382734,cal_final_2008-09-30
06409000,hbv_lite_cma,evaluation,0.394965,0.526223,0.133907,-0.180278,0.770617,13,explicit_euler_dt1,hbv,success,,50.46,-0.0763,-2.4999999997719464,9.99999999809405,0.0306964506074522,4.519656728582543e-12,999.9999999994446,1.2325868036074357,0.2000000000000321,0.636492341235829,0.1300383613048966,63.41505572160192,9.98196229951496,0.0031164549324607,1.0182452285111745,0.0,0.0,123.61084128031428,0.0,61.72937319336432,cal_final_2008-09-30
06431500,hbv_lite_cma,evaluation,0.459738,0.630304,0.266132,0.089991,0.604126,13,explicit_euler_dt1,hbv,success,,40.15,0.5304,1.0310546862559629,6.353831762052964,0.0080461549944021,0.0165119320611811,999.961122241532,1.000000392221078,0.2209807080152751,0.8999699896845919,0.0299351026163273,28.573311737244005,0.9875984149876982,0.0030414202962124,1.3247460722538884,0.0,0.0,149.39751976387308,0.0,131.74963896561164,cal_final_2008-09-30
06440200,hbv_lite_cma,evaluation,0.095226,0.460224,-0.011295,-0.259444,1867.50056,13,explicit_euler_dt1,hbv,success,,30.7,0.6133,-0.2799993307178732,7.727638452418825,0.0004201198574586,0.0495139852445557,110.08188972376882,4.73767357191627,0.3130189229618231,0.6431841689290387,0.2794928467134176,0.0003010079992823,4.312829106108196e-09,0.0873095338187736,2.942761954908433,0.0,0.0,21.8831258799797,8.281987824868953e-05,4.5084171627628736e-08,cal_final_2008-09-30
06447500,hbv_lite_cma,evaluation,0.163982,0.125617,-0.061362,-0.478111,1.295534,13,explicit_euler_dt1,hbv,success,,57.81,0.1072,-0.9709480278506644,1.5063824467665057,0.0346700244086635,0.1995353438352561,999.9926391054876,1.5471584631284157,0.2000003437450369,0.4347478744491661,0.107543649146838,94.60016813808735,0.3524840798432579,0.0016766584389229,7.9766236749321955,0.0,0.0,108.91798845361032,0.0,33.009296973723245,cal_final_2008-09-30
06470800,hbv_lite_cma,evaluation,0.228631,0.157681,-0.335975,-0.505019,55.022161,13,explicit_euler_dt1,hbv,success,,44.28,0.5904,0.6500084636213659,2.560004080690513,0.0134680659894968,0.199950176940468,592.3365823584089,5.028274016640814,0.5187576138355343,0.6720727133863592,0.0144008012246343,13.447811500814325,1.364896782467907,0.1524123950606953,3.2641492148918907,0.0,0.0,269.3090121051211,0.0,0.1242552952268158,cal_final_2008-09-30
06477500,hbv_lite_cma,evaluation,0.505455,0.426241,-0.135828,-0.324029,197.524281,13,explicit_euler_dt1,hbv,success,,48.37,0.5407,1.414101592345633,4.526733694774009,0.0999961423386171,0.1671431074542992,514.785566587248,2.5718301395948786,0.2000000000172529,0.2225576969912366,0.3458597600467191,99.68827478326423,0.0931551235198277,0.1318863115599179,5.15012511666862,0.0,0.0,69.34607115799162,0.0,0.0332833823900214,cal_final_2008-09-30
06479215,hbv_lite_cma,evaluation,0.332609,0.296613,-0.065327,-0.392642,16.799483,13,explicit_euler_dt1,hbv,success,,43.04,0.433,0.0252325572929605,9.84473449162223,0.0048404544246709,0.1999957993548211,600.7402722846941,1.2929227620385475,0.2000386998577423,0.8998733694516409,0.0839476901682666,5.916506418628407,0.4459690866248871,0.1818319905234392,4.901864096186133,0.0,0.0,107.06150547264711,0.0,0.5548698383980963,cal_final_2008-09-30
06601000,hbv_lite_cma,evaluation,0.329058,0.304106,-0.036794,-0.364794,2.155825,13,explicit_euler_dt1,hbv,success,,28.73,0.2328,-0.2599999905828487,9.9999999443899,0.014928920226801,7.118696718171712e-09,999.9999995956696,1.5146337792306164,0.3360529092374147,0.2887555427197193,0.4999999999574961,38.99592737624703,1.8965396472822016,0.0041900025964244,1.0074551608146751,0.0,0.0,281.1791652931387,0.0,97.2962129477354,cal_final_2008-09-30
06614800,hbv_lite_cma,evaluation,0.806448,0.715343,-0.187624,-0.178478,-0.918391,13,explicit_euler_dt1,hbv,success,,32.05,0.8766,2.499999999963899,6.248567858513361,0.0258974904502936,0.0059647320132543,999.9999976535544,1.0000000000003295,0.9999999999999908,0.885006448444446,0.1125645418901906,99.89002056094736,9.99999999666173,0.0614889166885884,1.9191038353775096,0.0,0.0,541.6370238549451,0.0,20.147312762984303,cal_final_2008-09-30
06622700,hbv_lite_cma,evaluation,0.761341,0.863624,0.005891,-0.070772,-0.09421,13,explicit_euler_dt1,hbv,success,,30.71,0.728,0.0300724799524254,2.958718671479114,0.0077473417491524,5.788622709774163e-07,265.781309565694,1.000023499864112,0.679053527383533,0.8993801374783497,0.2371488433305833,5.876672061558783,9.999993663312509,0.0365949605503055,2.622083949723745,0.0,0.0,56.42721321064614,0.0,8.707260288752755,cal_final_2008-09-30
06623800,hbv_lite_cma,evaluation,0.781021,0.879743,0.029007,0.016394,-0.558069,13,explicit_euler_dt1,hbv,success,,30.03,0.8774,0.2299996952214815,2.8510932899836385,0.0609451282369572,1.4147737006426935e-09,999.9998157074984,1.000000007240008,0.5905547550144274,0.0930286312320739,0.4354614957985844,60.14259782909185,9.999999988409906,0.0617924853400466,1.0230582906127388,0.0,0.0,387.9844041143379,0.0,10.690602764056994,cal_final_2008-09-30
06632400,hbv_lite_cma,evaluation,0.699657,0.828336,0.074302,0.002158,-0.737628,13,explicit_euler_dt1,hbv,success,,49.08,0.6987,-1.1322128263543272,6.133135320217068,0.0999990845892968,0.0449757227886169,68.16034345033073,2.963029959500619,0.999652852898451,0.1940040555944663,0.0100000007332911,99.99999962382374,9.999996822885114,0.0331730867608054,6.250446429456929,0.0,0.0,25.05126371080765,0.0,5.461659938532381,cal_final_2008-09-30
06746095,hbv_lite_cma,evaluation,0.715235,0.572438,-0.358021,-0.287475,-0.872046,13,explicit_euler_dt1,hbv,success,,62.24,0.8157,2.479999826175627,4.322363780951623,0.0680182678934092,0.0996223281884607,50.00000380277736,1.0000000004450318,0.9999999824869223,0.1491508003964986,0.0468751513594957,53.93535795195139,9.999999856336013,0.0773777235208244,1.3105645509669634,0.0,0.0,21.005758938852978,0.0,13.481055044317952,cal_final_2008-09-30
06803510,hbv_lite_cma,evaluation,0.565793,0.464932,-0.066408,-0.300635,1.559593,13,explicit_euler_dt1,hbv,success,,27.23,0.7503,-2.0300002038921705,0.7775983413048815,0.0036312335014648,0.000141271633576,247.1076101616904,5.801191395315987,0.4205116282943921,0.8999999997603204,0.4999999986270516,2.135593424756146,1.9335920304891696,0.0021326101640399,1.3792358775028215,0.0,0.0,125.75954002171244,0.0,139.68645065780547,cal_final_2008-09-30
06803530,hbv_lite_cma,evaluation,0.533926,0.511848,0.118629,-0.211488,2.289531,13,explicit_euler_dt1,hbv,success,,27.02,0.71,-2.0601621287846967,1.5582026706278584,0.0347026542147657,0.1988899426841028,406.0769338317823,5.642749582160567,0.7076621461740389,0.8999999883719179,0.2650296900609247,4.202294972124021,0.9242510084833088,0.0013121858674329,1.3196910880084831,0.0,0.0,259.5513630022329,0.0,188.4747790450901,cal_final_2008-09-30
06814000,hbv_lite_cma,evaluation,0.57409,0.651838,0.119786,-0.19816,8.909964,13,explicit_euler_dt1,hbv,success,,22.84,0.6014,-2.4999999999995874,1.2103499515183556,0.0630013411882457,4.031990343447359e-14,119.378225559587,5.9999999999999885,0.2000000000000012,0.411339954414709,0.302154604142238,4.2467818769282394e-13,2.630007954148616,0.0053859116758839,1.936504874926496,0.0,0.0,40.90306565671053,0.0,65.85430949646825,cal_final_2008-09-30
06847900,hbv_lite_cma,evaluation,0.058582,-0.09336,-0.384812,-0.470783,5.101019,13,explicit_euler_dt1,hbv,success,,29.31,0.0597,0.1785057852619491,9.988275315878102,0.0320769389241159,0.1999919520242822,999.9999104723556,3.509404858925711,0.2813260600876581,0.2566503034376446,0.4992390784379709,60.60582242760319,0.0009328172584068,0.0508013680200592,1.0554381506604735,0.0,0.0,181.7232819876735,0.0,0.0110772168051471,cal_final_2008-09-30
06853800,hbv_lite_cma,evaluation,0.520975,0.379817,0.421592,-0.184854,19.107103,13,explicit_euler_dt1,hbv,success,,34.17,0.4045,-0.1720943856516594,6.0630824868012585,0.0927505953184966,0.1929560273402486,772.9482726456133,1.827836688604529,0.320324333335262,0.6709776556059459,0.0109881567606319,2.1395434651766907,0.4374138427570884,0.0010000763319071,2.535953946779108,0.0,0.0,218.60664386888928,0.0,164.197766598554,cal_final_2008-09-30
06876700,hbv_lite_cma,evaluation,0.62479,0.54027,0.090703,-0.27592,16.109736,13,explicit_euler_dt1,hbv,success,,58.18,0.4112,-2.442213629970164,0.7330752507120606,0.049491428089359,0.1176430991966362,994.1268753523408,1.5507215827107217,0.2110634467136664,0.4653746026779791,0.2725266086883534,1.4772054588098926,0.2616138425681904,0.0010003592801664,6.912451097488514,0.0,0.0,201.04589135623283,0.0,96.36228838654432,cal_final_2008-09-30
06878000,hbv_lite_cma,evaluation,0.482633,0.582714,0.05438,-0.316615,4.558643,13,explicit_euler_dt1,hbv,success,,30.04,0.6435,-2.1011015954666816,0.805019503273622,0.0999378475501409,0.1999078331292085,156.43846230446843,5.514790923484688,0.2000220882735336,0.6662760658919771,0.461763902039098,99.32288304878068,2.6087247726047806,0.0018140953129127,1.042509485087462,0.0,0.0,63.93870395218136,0.0,120.0101528207171,cal_final_2008-09-30
06879650,hbv_lite_cma,evaluation,0.419448,0.441046,0.021883,-0.308022,,13,explicit_euler_dt1,hbv,success,,27.44,0.4522,-0.0399948019231986,9.009189506072255,0.0269483270887723,1.6074065672249558e-08,171.39510293683105,5.999999930043329,0.2000000001370377,0.8999999985922149,0.4999999999948518,0.3852523190155952,9.39921760177744,0.0250626110026351,1.3613568175211528,0.0,0.0,124.92887974147128,0.0,25.57106223332532,cal_final_2008-09-30
06885500,hbv_lite_cma,evaluation,0.583878,0.310178,0.65934,-0.021779,19.500932,13,explicit_euler_dt1,hbv,success,,27.58,0.6255,-2.110001772477908,9.999999994001726,0.052874458388736,7.0191752746662755e-09,173.61346563514044,5.999999990423273,0.993964159318637,0.497085502115476,0.1847718332409653,7.096357604523115,2.552932114000691,0.0010000000014285,1.8599764769871288,0.0,0.0,135.92102346550993,0.0,524.799673298076,cal_final_2008-09-30
06888500,hbv_lite_cma,evaluation,0.570071,0.537211,0.100132,-0.168107,3.273449,13,explicit_euler_dt1,hbv,success,,27.32,0.525,-1.710016442329243,0.5000002846025204,0.0233952458064529,1.2980937295730882e-07,437.23943002951177,4.01110807060042,0.792072762477255,0.6451376953404853,0.1172975761602541,3.519096286048968,0.9930447404301568,0.0322751385482769,1.998671022694136,0.0,0.0,324.5082125285723,0.0,13.528060586221894,cal_final_2008-09-30
06889200,hbv_lite_cma,evaluation,0.541547,0.332521,0.558247,-0.110335,28.239341,13,explicit_euler_dt1,hbv,success,,27.53,0.306,-1.210014501527372,0.5000055566528342,0.0170787320876552,0.1423756743437771,113.91608078776514,5.999990326079939,0.9843537177019216,0.5500046279855033,0.2428051409012452,6.48703297976721,3.6116919610157416,0.0010000026721332,1.0390478528142204,0.0,0.0,82.48152394688321,0.0,612.2445898416405,cal_final_2008-09-30
06889500,hbv_lite_cma,evaluation,0.655762,0.470528,0.420544,-0.123452,15.808175,13,explicit_euler_dt1,hbv,success,,27.53,0.4695,-1.050000296958141,0.5000001576837632,0.0822586148284679,4.752927761645319e-07,162.69831371012816,5.999999798456811,0.903441709759666,0.5294061331722618,0.2795288277649332,5.135568795377582,2.33803513129899,0.0010000000007665,1.2791757057761537,0.0,0.0,126.76548507796092,0.0,513.9655267474495,cal_final_2008-09-30
06892000,hbv_lite_cma,evaluation,0.669501,0.614478,0.200832,-0.223267,29.910475,13,explicit_euler_dt1,hbv,success,,40.25,0.6815,0.4599999853394747,0.5752760584579609,0.0304814573995879,8.661036461527766e-12,124.99221965062206,5.999999999990912,0.200000000062893,0.5069067762247649,0.4999999999685174,88.93047719507003,2.22369680637385,0.0010000000012459,3.6543371027998655,0.0,0.0,96.65526779888307,0.0,436.7564079057582,cal_final_2008-09-30
06903400,hbv_lite_cma,evaluation,0.598926,0.577466,0.07751,-0.153897,34.306689,13,explicit_euler_dt1,hbv,success,,37.56,0.687,-0.2938952197431725,3.017218952400164,0.037689452012644,9.005311609369373e-09,208.7110755395737,5.999999994773383,0.2000000148566239,0.5978636826978022,0.0401181432200337,1.4555099457179526,0.329454306739464,0.0059393569189246,3.987645641909288,0.0,0.0,179.17004828456777,1.4970703207264435,39.95641480238866,cal_final_2008-09-30
06906800,hbv_lite_cma,evaluation,0.663905,0.640883,0.148798,-0.129911,15.216749,13,explicit_euler_dt1,hbv,success,,27.27,0.6364,-1.4899964738061735,9.999994846590344,0.0575710998868782,3.439453703939381e-05,252.5584957166396,5.9998463529461326,0.251249440785284,0.4933939313599724,0.270440422451189,4.631377414722594,0.7452764964748465,0.0010000004352612,1.1192147949178337,0.0,0.0,208.9602356321974,0.0,292.86470448194115,cal_final_2008-09-30
06910800,hbv_lite_cma,evaluation,0.570059,0.663555,0.069414,-0.149069,78.566714,13,explicit_euler_dt1,hbv,success,,27.13,0.5897,1.169997564289237,0.500000036838077,0.0358486375286913,1.0490398157211605e-07,189.93126967757905,5.999999320084716,0.2000010587425594,0.5595802472559916,0.4978756160106978,3.922595113717343,0.6974170744176449,0.0013347515927593,1.4760409422928793,0.0,0.0,148.57798458816387,0.0,156.92848294669784,cal_final_2008-09-30
06911900,hbv_lite_cma,evaluation,0.589011,0.258083,0.649514,0.010828,476.829216,13,explicit_euler_dt1,hbv,success,,27.36,0.5741,-0.9500012598856789,0.5000000786406055,0.099587989832866,0.020519419630949,265.2339882353328,5.99999968317684,0.9999999548959766,0.7991819104863159,0.212047146851005,8.336189961326628,1.450143422101392,0.0010000001619345,1.0328033586576029,0.0,0.0,228.48941047930103,0.0,540.4682692270007,cal_final_2008-09-30
06917000,hbv_lite_cma,evaluation,0.61,0.582046,0.149799,-0.171843,141.986883,13,explicit_euler_dt1,hbv,success,,39.85,0.7137,-0.4900466930500293,3.881293585842614,0.045092778712561,0.0060027101675753,256.47497320586365,5.9999923406487765,0.8495742285473094,0.6838925874059886,0.0537495911987681,4.996104723032619,0.979219912025752,0.0010000003267332,3.759475389698528,0.0,0.0,203.6875166612188,0.0,445.69606441272623,cal_final_2008-09-30
06918460,hbv_lite_cma,evaluation,0.605337,0.591705,0.040512,-0.112339,0.248337,13,explicit_euler_dt1,hbv,success,,35.14,0.5366,-2.3600609209403283,3.29742681222692,0.033398322336549,0.1249275104018558,657.7894294879435,5.925131250194546,0.7707679969891443,0.3843489854393855,0.1918927399157877,11.334584216944728,4.431286608026284,0.0998185091723249,2.6428424456715773,0.0,0.0,519.1623022415685,0.0,3.939876675799781,cal_final_2008-09-30
06919500,hbv_lite_cma,evaluation,0.755199,0.635484,0.326403,-0.001137,55.284741,13,explicit_euler_dt1,hbv,success,,42.78,0.7169,3.25522369237774e-06,9.999999714662213,0.0682274372660137,8.41158681323651e-07,238.11126393983704,5.999999394234534,0.2000001243682863,0.8426687385934954,0.4999999957740038,81.02287614815674,1.629796299497733,0.0010000002573115,3.242790074635705,0.0,0.0,173.2944592748965,0.0,400.2101276042534,cal_final_2008-09-30
06921070,hbv_lite_cma,evaluation,0.702635,0.745352,0.006236,-0.11948,-0.064249,13,explicit_euler_dt1,hbv,success,,27.0,0.6412,-1.0300031907589056,6.469940824875876,0.0824879170812861,0.0217347797114629,335.2171530137971,5.999990942558232,0.2000019085740911,0.6765004132092115,0.1960738698722686,11.721497975582936,0.0001735412271619,0.1178676068465747,1.046992246970856,0.0,0.0,268.1243497654489,0.4792864448544413,0.0012987990689115,cal_final_2008-09-30
06921200,hbv_lite_cma,evaluation,0.645392,0.681816,0.143691,-0.086869,34.006159,13,explicit_euler_dt1,hbv,success,,26.99,0.6825,-2.0599950285924047,8.765519589822892,0.0267216478182704,2.6607470507742634e-10,248.65566301924045,5.99999994870559,0.2000000005033912,0.899999964175174,0.1862412421551786,12.23196767958034,0.8277412899814179,0.0010000000975864,1.1434727645394305,0.0,0.0,200.21395927842283,0.0,344.5088371310122,cal_final_2008-09-30
07057500,hbv_lite_cma,evaluation,0.515843,0.471621,-0.12403,-0.232079,0.120012,13,explicit_euler_dt1,hbv,success,,30.23,0.763,-1.5100567710014996,1.239744930259473,0.001501560322337,0.1735501207695425,348.403907336971,1.4569800040320309,0.2210706332521908,0.7294130149980731,0.112427162701914,33.1797424238018,1.6490339234507958,0.0072366819398874,2.8944659059409057,0.0,0.0,136.02541151839364,0.0,117.24732195379808,cal_final_2008-09-30
07060710,hbv_lite_cma,evaluation,0.44418,0.215954,0.688283,-0.034641,11.048811,13,explicit_euler_dt1,hbv,success,,26.99,0.6535,2.49999614887198,0.524468464705372,0.017147288414517,0.0548397192639839,297.4143044513281,5.6226839497390735,0.2000010318304383,0.8999999831175483,0.1448317142734341,25.657819966067606,2.4590546799728443,0.0010000000065151,1.0421551684888677,0.0,0.0,238.5316244560796,0.0,729.5373120217808,cal_final_2008-09-30
07066000,hbv_lite_cma,evaluation,0.545488,0.551537,0.066529,-0.117437,0.643193,13,explicit_euler_dt1,hbv,success,,34.87,0.7155,-0.719999305095884,8.610246403628814,0.0528561323580351,0.0002208031855379,627.8690911217019,3.7378757281861135,0.8931455900842529,0.5349723443272879,0.1196695717726335,22.41219707314086,0.976287033365657,0.0010000055824354,2.89284168093418,0.0,0.0,482.0611532098594,0.0,629.4342361235146,cal_final_2008-09-30
07083000,hbv_lite_cma,evaluation,0.750641,0.745096,-0.199336,-0.182572,-0.923616,13,explicit_euler_dt1,hbv,success,,46.29,0.8382,2.320000199020707,6.733874002887933,0.0005192833854584,1.8530870523065184e-10,251.7333709237135,1.0000001291226337,0.9999999173565672,0.1562166379253968,0.0100061503134292,96.8740772957626,9.999986228133274,0.041977623512082,1.5349270533699633,0.0,0.0,78.21586829034851,0.0,12.264774347665636,cal_final_2008-09-30
07142300,hbv_lite_cma,evaluation,0.133259,-0.060575,-0.534863,-0.51748,3.028829,13,explicit_euler_dt1,hbv,success,,59.12,0.4332,0.9600006017022884,6.43609268483585,0.0065726008955923,9.0401612872709e-07,999.9999994242348,4.620402036460511,0.3781415354078087,0.5150333698038473,0.3629659854538895,63.14558019559233,9.971342702258282,0.1999999998110264,5.715653721220523,0.0,0.0,221.70160771179772,0.0,0.0005942897510798,cal_final_2008-09-30
07145700,hbv_lite_cma,evaluation,0.535814,0.300323,0.637218,-0.019351,43.068708,13,explicit_euler_dt1,hbv,success,,27.35,0.688,-1.6802239352843718,0.5000009505307356,0.0369897661257203,0.0138880025387433,154.2124160338832,4.090995408515852,0.9782911563498892,0.406476647326361,0.3905302352317561,6.329939647060832,2.1091705644720427,0.0010000015996599,1.1495652924966957,0.0,0.0,109.23950385162136,0.0,550.5945457002767,cal_final_2008-09-30
07167500,hbv_lite_cma,evaluation,0.418456,0.332368,0.399522,-0.050171,56.678242,13,explicit_euler_dt1,hbv,success,,27.22,0.6333,-1.2893477236422433,9.99999999877516,0.0557297571969543,9.715843089319771e-10,223.8264180692574,5.999999973298446,0.9999999918823436,0.8522120309252281,0.1994909872126484,8.980224411867466,0.9348757919931332,0.0229341661463371,1.1031103849426531,0.0,0.0,177.87450208580222,0.0,20.88718069808427,cal_final_2008-09-30
07180500,hbv_lite_cma,evaluation,0.566104,0.625308,0.164297,-0.177363,10.622007,13,explicit_euler_dt1,hbv,success,,27.24,0.5929,-2.3699998373280904,5.074690477660039,0.0461278698880224,1.7912245548161462e-08,314.9178848503056,5.999999991797275,0.9999999995885922,0.8999999999872713,0.1545992654427968,6.933582420644423,1.0171512738160469,0.0010000000000032,1.1350866153289,0.0,0.0,268.6972653857188,0.0,367.9575498465979,cal_final_2008-09-30
07184000,hbv_lite_cma,evaluation,0.541826,0.486657,0.16062,-0.13534,96.029439,13,explicit_euler_dt1,hbv,success,,35.33,0.5335,-0.9000289054296746,9.99999859782365,0.0448423734824181,5.967042513565552e-07,167.89143099940094,5.999999652635293,0.200000011878576,0.5655387746753191,0.0263358368925604,2.814567814218171,0.8903256886367725,0.0088363192375407,2.281881388705369,0.0,0.0,116.87440511059452,0.0,42.17274844358656,cal_final_2008-09-30
07195800,hbv_lite_cma,evaluation,0.466584,0.494341,-0.030604,-0.108905,-0.26288,13,explicit_euler_dt1,hbv,success,,32.59,0.5774,0.5800009051701287,9.99999573622482,0.0525442701762763,5.592229030632573e-07,619.7262492857029,3.274320351745913,0.2000001433366868,0.8999999878446219,0.4847847810411127,12.932775054421286,9.999999978466468,0.1417428885134642,1.141316495091627,0.0,0.0,445.810784795303,0.0,2.6580948916713725,cal_final_2008-09-30
07196900,hbv_lite_cma,evaluation,0.460696,0.428948,0.332339,-0.15686,24.179385,13,explicit_euler_dt1,hbv,success,,27.34,0.6904,0.900020907831097,2.0711863358842475,0.0172436620615628,1.742576246345893e-07,420.63205814475566,5.999999993966168,0.8986720717401127,0.899999998455978,0.0838956867257001,29.689271811199497,1.4687157326472944,0.0010000000148491,1.984516388814964,0.0,0.0,352.6957349961268,0.0,807.635869306906,cal_final_2008-09-30
07197000,hbv_lite_cma,evaluation,0.667573,0.636007,0.217165,-0.116712,3.802162,13,explicit_euler_dt1,hbv,success,,27.19,0.7419,-2.3300029008735605,0.6016946920161346,0.0376790351486882,0.0520504382441805,490.6167796759448,4.063577745700346,0.6302322556226009,0.6108336452833849,0.0897282596704762,33.08014781997212,0.9220445886049412,0.0010000000750208,1.852585865339813,0.0,0.0,375.20662011002383,0.0,595.704926823251,cal_final_2008-09-30
07208500,hbv_lite_cma,evaluation,0.520972,0.50043,-0.168548,-0.291642,-0.021035,13,explicit_euler_dt1,hbv,success,,65.82,0.7652,0.3999998557733137,8.362361021068397,0.0485991208408762,4.549361424812752e-09,999.9999982057948,4.226373620815036,0.8247829430477651,0.1136147592481799,0.0219473188474871,93.68056230007244,1.0792642218357982,0.0614923759407514,1.8633909989944333,0.0,0.0,467.89442433992747,0.0,0.752361060511404,cal_final_2008-09-30
07261000,hbv_lite_cma,evaluation,0.525019,0.643732,-0.011151,-0.221717,51.28077,13,explicit_euler_dt1,hbv,success,,27.29,0.767,-0.2340939717951236,0.5000000001675792,0.0264088287779813,7.389489800550304e-06,229.4946232570868,5.99999999484711,0.2000001427426535,0.4966752186060616,0.1908429918023798,31.757910485667413,1.1781778896099049,0.0125156863038489,1.1826307011110606,0.0,0.0,172.6582689316971,0.0,53.72054830730519,cal_final_2008-09-30
07263295,hbv_lite_cma,evaluation,0.650485,0.685673,0.266272,-0.012869,200.543553,13,explicit_euler_dt1,hbv,success,,27.24,0.703,-1.8899997121590824,1.3507990557358334,0.0352480912494142,3.963421660267995e-09,231.75522822446447,5.999999999774365,0.2000000003703182,0.899999999992375,0.4999999917027175,8.342448017500207,3.2531233357905216,0.0344850675068681,1.4943580095529851,0.0,0.0,178.46467635101413,0.0,21.39398968809484,cal_final_2008-09-30
07291000,hbv_lite_cma,evaluation,0.608943,0.57945,0.262605,-0.120441,2.960681,13,explicit_euler_dt1,hbv,success,,24.47,0.6285,-2.1984408778260027,9.97939885240243,0.0346870137747982,0.0033693888037217,374.179623336557,5.999999999970149,0.2000000000011734,0.8999999999986212,0.3141394355280623,15.635976808884774,4.189119649853686,0.0010000000000039,1.0064724956920157,0.0,0.0,302.61511706148895,0.0,830.1541003534021,cal_final_2008-09-30
07299670,hbv_lite_cma,evaluation,0.236908,0.218533,0.63786,0.056463,2.551415,13,explicit_euler_dt1,hbv,success,,28.51,0.5087,1.677568303447691,0.5003425025582002,0.0844363727055658,0.1966345856706706,141.76333566278257,5.99990086595888,0.2000247993000905,0.8999913360131269,0.0849009420518737,14.498634045707748,6.047990600113231,0.0010000014162824,1.5985613336630815,0.0,0.0,78.8071106921394,0.0,133.34145938057418,cal_final_2008-09-30
07301410,hbv_lite_cma,evaluation,0.452138,0.676063,-0.193494,-0.144738,1.435622,13,explicit_euler_dt1,hbv,success,,28.29,0.1107,-1.868240901596817,7.545759307676385,0.0518092395624874,0.0480340522676114,999.999840734654,3.68911302800168,0.5026899200263074,0.1795991330467212,0.499981941277944,9.762128206509962,0.6549042723871581,0.0913155269184564,1.9146439131559496,0.0,0.0,349.09338136325266,0.0,0.2723410036243131,cal_final_2008-09-30
07315200,hbv_lite_cma,evaluation,0.496087,0.22537,0.566802,-0.323785,16617.195771,13,explicit_euler_dt1,hbv,success,,35.49,0.6176,-1.6491061067910793,1.1920800318101257,4.330972583478872e-05,0.0005891211643334,203.4375762539948,5.999999853487093,0.2000001054575151,0.4815070223801159,0.1479753271777105,8.766803648677401,3.114115147610496,0.0010000001453827,2.305628967813385,0.0,0.0,58.964738063987774,0.0,157.3714548043342,cal_final_2008-09-30
07315700,hbv_lite_cma,evaluation,0.483643,0.245394,0.438576,-0.272201,202.2261,13,explicit_euler_dt1,hbv,success,,51.72,0.6348,-1.6990200947917873,9.998335908831256,0.0003322843869673,0.1388400054470062,594.6528311091283,2.845718951329052,0.7918504291911881,0.4761487221942909,0.0521572074944004,5.678409978854608,0.9622707770845194,0.0010000000011661,4.766831540030401,0.0,0.0,303.2764647978481,0.0,337.5778814564499,cal_final_2008-09-30
07335700,hbv_lite_cma,evaluation,0.55051,0.561147,-0.130021,-0.258001,3.11343,13,explicit_euler_dt1,hbv,success,,27.07,0.6291,-2.4999946260170267,2.4069544281234414,0.0825499974839407,0.1999937700732308,327.5073222820078,5.999999585068641,0.2000004303790786,0.899999953424267,0.4310352053228048,17.278112396787996,2.4414274290815268,0.1787944707487519,1.0036418959465905,0.0,0.0,269.1986586373225,0.0,0.7249287048156207,cal_final_2008-09-30
07340300,hbv_lite_cma,evaluation,0.572463,0.579591,0.166375,-0.141633,3.077441,13,explicit_euler_dt1,hbv,success,,27.15,0.7189,-2.499198315154346,4.557704336285918,0.0914987271769959,0.1998780855858191,249.5577612810333,1.0000001585247371,0.2380698841313428,0.7833512139679074,0.2194260193237724,17.777438159530757,1.6853305982381936,0.0216048262017439,1.299935642060321,0.0,0.0,145.20080141123375,0.0,45.45265750991942,cal_final_2008-09-30
07346045,hbv_lite_cma,evaluation,0.741185,0.716935,0.192399,-0.055431,25.958174,13,explicit_euler_dt1,hbv,success,,74.84,0.8077,-1.468295061813328,3.1004367684964524,0.0997936840604749,0.1900748152467906,388.1887478044862,2.719782303868864,0.2000000000003947,0.2481147167711668,0.1116106549086496,32.60891603453287,1.142474672669353,0.0010000000000406,7.02817504370933,0.0,0.0,167.95100261005246,0.0,476.3741672619671,cal_final_2008-09-30
07359610,hbv_lite_cma,evaluation,0.536717,0.528473,0.169629,-0.061393,1.370105,13,explicit_euler_dt1,hbv,success,,27.36,0.6727,-2.2405282059565725,9.999901340729124,0.0056171126738618,0.03385486918162,260.7090802219622,4.899107810982401,0.9999999964797504,0.6402354433950435,0.2282721164503386,17.02090089741751,2.0060903012145834,0.0143954618907309,1.999439947196325,0.0,0.0,212.87080375173048,0.0,74.58512019492896,cal_final_2008-09-30
07362100,hbv_lite_cma,evaluation,0.619595,0.5627,0.22808,-0.031189,11.684463,13,explicit_euler_dt1,hbv,success,,51.67,0.6456,-2.316513915085941,9.977056164592035,0.0549667920345525,0.0707507822288966,432.68703616603375,2.371800457559231,0.2000000035344372,0.2533877384822535,0.2508252826216469,25.250192037668928,0.4784599497822666,0.0010000000002042,4.852094663322338,0.0,0.0,240.1973488601935,0.0,265.6439052222707,cal_final_2008-09-30
07362587,hbv_lite_cma,evaluation,0.540394,0.541381,0.148701,-0.183387,111.608019,13,explicit_euler_dt1,hbv,success,,27.06,0.5726,-1.5999999886136218,1.7252254031092746,0.0342484635941284,4.00176737670735e-09,143.47215315770617,5.99999999999997,0.24387504605629,0.8999999999791926,0.49999999996305,4.0962483883524965e-10,5.4182121752154,0.019524250472437,1.0477690726491835,0.0,0.0,93.25327596209334,0.0,41.70852271453444,cal_final_2008-09-30
07375000,hbv_lite_cma,evaluation,0.637629,0.53242,0.098193,-0.186878,1.376847,13,explicit_euler_dt1,hbv,success,,35.72,0.5897,1.6799993596517746,0.5000000495961485,0.0612839984132452,0.1984107295344687,418.2423371303622,5.99999975603538,0.2000002765273854,0.5467656416487818,0.213765470051289,35.055323859451434,3.3297140073413445,0.0010000000094468,2.924591248214341,0.0,0.0,357.39620817578,0.0,1004.0792696247912,cal_final_2008-09-30
08013000,hbv_lite_cma,evaluation,0.70241,0.652467,0.058315,-0.244905,9.490962,13,explicit_euler_dt1,hbv,success,,63.86,0.7417,1.1397209325600517,0.500018153820866,0.0261963289440596,0.1645940360371958,225.29983576188923,5.999999485176485,0.2000001216135,0.2685961735344663,0.1648321841224531,38.812202249775375,1.913866975387792,0.0010000000554123,6.800022195717348,0.0,0.0,153.0073508269032,0.0,648.724683058851,cal_final_2008-09-30
08014500,hbv_lite_cma,evaluation,0.677548,0.637645,0.183187,-0.14293,2.157343,13,explicit_euler_dt1,hbv,success,,58.95,0.6751,1.7247159044714886,9.849284201129906,0.0743939766461274,0.1428535496987037,503.9085739735239,5.414597977711921,0.5287895828341517,0.3907263959447257,0.2706998817938691,72.6866498470821,3.6903896740261537,0.0010000000014132,5.523849451739805,0.0,0.0,338.0999516389916,0.0,1009.1052070231658,cal_final_2008-09-30
08023080,hbv_lite_cma,evaluation,0.596631,0.584054,0.303949,-0.046132,321.395102,13,explicit_euler_dt1,hbv,success,,37.63,0.6835,-2.499142305593342,9.724273235918366,0.0649515973880755,0.190238752508248,347.1603421399525,5.999999999981322,0.3272170002546037,0.6123973597727302,0.3969646110761956,39.79176970423264,1.1550929189571906,0.005701736120842,2.117548003925957,0.0,0.0,86.99131761353321,0.0,34.639027932977854,cal_final_2008-09-30
08050800,hbv_lite_cma,evaluation,0.288951,0.231033,0.186975,-0.539351,,13,explicit_euler_dt1,hbv,success,,27.22,0.5064,0.7600000142458869,6.907376345555869,0.0294640350478925,2.112378110610079e-08,224.1008850270904,5.999999999374029,0.2000000033940281,0.8999999775759799,0.3733870356195092,26.90849673899236,9.154692645911132,0.0010000000037482,1.7526213956734715,0.0,0.0,66.65097956074432,0.0,521.1711487015073,cal_final_2008-09-30
08066200,hbv_lite_cma,evaluation,0.546126,0.29428,0.50071,-0.125387,53.187184,13,explicit_euler_dt1,hbv,success,,27.06,0.6191,0.734251392092137,0.8461394932520577,0.0216605105645203,0.1916174314031025,367.2199387284333,1.0000002491123436,0.2000001416961238,0.8690245034375838,0.1669605302081436,15.92211557926712,2.079236973352758,0.0010000000370984,1.3305061513402108,0.0,0.0,164.7198608963025,0.0,719.7038727631757,cal_final_2008-09-30
08066300,hbv_lite_cma,evaluation,0.506967,0.438504,0.398224,-0.180559,6.248266,13,explicit_euler_dt1,hbv,success,,54.05,0.6662,-1.9753786714432733,4.876714582555693,0.0053219008826424,0.0238305271075682,465.1832619545783,2.9071519397961594,0.5355525856533611,0.8999999999969243,0.2752641738302037,36.932302688589935,4.333831738473949,0.0010000000000022,4.521325592586294,0.0,0.0,334.1022793359382,0.0,856.0591900241787,cal_final_2008-09-30
08070000,hbv_lite_cma,evaluation,0.504031,0.361802,0.337843,-0.089813,8.366571,13,explicit_euler_dt1,hbv,success,,49.02,0.5891,-1.3868008627734367,8.649809878715804,0.0151504851826206,0.1165076589713128,702.8270915229424,5.999999999992587,0.757570186310268,0.2294917462994664,0.3396993920204696,56.59738932044552,1.7535547703203167,0.0010000000000008,4.346667732251286,0.0,0.0,551.1320060220743,0.0,534.9779211541963,cal_final_2008-09-30
08070200,hbv_lite_cma,evaluation,0.470859,0.33926,0.354526,-0.055929,7.523442,13,explicit_euler_dt1,hbv,success,,61.23,0.6531,-0.6064168080964878,0.5120773207087324,0.0334022672297819,0.0835685114457572,666.7183032304466,4.492342399590644,0.6209935525416777,0.6906636188684118,0.310547015580624,90.91591461543838,1.419345361918825,0.001,6.738869153932571,0.0,0.0,477.8094759775633,0.0,497.36078778684976,cal_final_2008-09-30
08082700,hbv_lite_cma,evaluation,0.220686,-1.528067,2.419113,0.139018,,13,explicit_euler_dt1,hbv,success,,34.64,0.5824,-1.068292191196052,7.0683912792116335,0.064392934279179,0.0267224970768973,127.43833199148963,3.801040466922687,0.358289592003839,0.6582491785410526,0.0306360913961232,21.049746147226795,1.7275595998772784,0.0010000000000088,2.7570762835679643,0.0,0.0,33.46135079338746,0.0,158.0792915780221,cal_final_2008-09-30
08086212,hbv_lite_cma,evaluation,0.522468,-0.105383,1.010143,-0.208947,111483.205425,13,explicit_euler_dt1,hbv,success,,27.38,0.6984,2.397940805481041,4.667511468249671,0.0843186580064001,0.0965836374244076,458.5156013055263,5.999999304397002,0.8222147948452094,0.8999999085572272,0.499999999719557,1.4168418369059914e-08,4.525924568162596,0.0010000000164911,1.0908514529583966,0.0,0.0,213.885017449166,0.0,196.4222752227625,cal_final_2008-09-30
08086290,hbv_lite_cma,evaluation,0.421109,-0.054691,0.922787,-0.218563,16186.068574,13,explicit_euler_dt1,hbv,success,,27.46,0.6825,-2.499515747019068,9.331564027751345,0.0894873803863343,0.015509571179928,504.9060972993081,4.716417267534782,0.717359310807147,0.8999999980502132,0.499999999953634,4.811851394165906e-09,2.5535568634680814,0.0010000000025702,1.6959350446459551,0.0,0.0,200.37454225956287,0.0,195.60921886966523,cal_final_2008-09-30
08101000,hbv_lite_cma,evaluation,0.689684,0.713472,-0.059296,-0.382109,79.006578,13,explicit_euler_dt1,hbv,success,,27.17,0.6103,0.5416224920362827,1.690207245477486,1.9679812395851217e-06,0.0186879122357556,298.67031723196925,5.999996067858491,0.2000005006788073,0.8941104721608205,0.3023914391084078,10.238607791006242,1.7249209142036948,0.0020968396250095,1.9214389158472216,0.0,0.0,13.831565481729209,0.0,61.26787937365114,cal_final_2008-09-30
08103900,hbv_lite_cma,evaluation,0.501746,0.61132,0.305988,-0.052859,,13,explicit_euler_dt1,hbv,success,,27.35,0.5087,0.4904679742442259,6.873831704659097,0.0431474607948202,0.1149226003943073,306.7695802906977,5.234005069262412,0.3739016348208783,0.8999999998553073,0.2051321782787836,14.646364204060516,1.694363043265784,0.0035319915172679,1.2349256005009697,0.0,0.0,27.64627512482745,0.0,31.913766134290345,cal_final_2008-09-30
08104900,hbv_lite_cma,evaluation,0.429758,0.26939,0.65369,-0.2926,184.74103,13,explicit_euler_dt1,hbv,success,,24.57,0.4366,2.499999806393741,0.5000012209048157,0.052717682283242,0.1999547420436805,216.15821053826176,5.999999420589843,0.99999997768955,0.8999999431582791,0.4999992765934387,5.25136714847569,9.999998015616296,0.0010000004937921,1.0950618361327509,0.0,0.0,62.30171757246447,0.0,526.2240881599154,cal_final_2008-09-30
08109700,hbv_lite_cma,evaluation,0.542097,-0.099347,1.078609,0.181759,726.181948,13,explicit_euler_dt1,hbv,success,,50.32,0.6427,-1.8999121475478573,7.4817435806842365,0.0610138091093353,0.1570491453205747,220.8012123436065,4.46897364700947,0.2000000706579387,0.7986226371659434,0.1903405317208957,47.86763660639856,2.8086034847986925,0.0010000000000098,3.08121005963003,0.0,0.0,5.73394861422851,0.0,366.7646232085832,cal_final_2008-09-30
08150800,hbv_lite_cma,evaluation,0.15036,-0.659252,1.519727,0.202704,109.200775,13,explicit_euler_dt1,hbv,success,,27.37,0.3502,-2.2393597307843724,1.2120097412929425,0.0721611625129553,0.0754332423209516,999.9999993870632,1.8623646833999776,0.3477736537326841,0.3541986173661446,0.4999999818385472,2.3054827603235486,1.6856764433338156,0.0010000000004085,1.0915399418898877,0.0,0.0,126.21132141691238,0.0,172.87567840274033,cal_final_2008-09-30
08158700,hbv_lite_cma,evaluation,0.709938,0.605299,0.33822,-0.019657,31.886436,13,explicit_euler_dt1,hbv,success,,27.39,0.6126,2.4999999015891534,0.5000000321184839,0.0115291833093896,0.1999994736348962,673.179784909349,3.190712721612217,0.7815812066172114,0.8999999997079513,0.4189953035355774,19.100243595359576,4.862054622670291,0.061694606314779,1.0439696360546264,0.0,0.0,216.240225531359,0.0,0.3109254338863201,cal_final_2008-09-30
08158810,hbv_lite_cma,evaluation,0.617179,0.232789,0.747045,0.245358,493.261952,13,explicit_euler_dt1,hbv,success,,27.38,0.6246,1.1683001549928995,0.500045536813942,0.0078178691069117,0.1400218432135507,319.958323039222,2.594475493056766,0.8650408571539221,0.8999995322168864,0.4999883636807954,11.418237773917262,7.947053300427031,0.0499617476604588,1.9992808578254009,0.0,0.0,79.7793588900592,0.0,0.4961306546945581,cal_final_2008-09-30
08164300,hbv_lite_cma,evaluation,0.518369,0.389125,0.351905,-0.070751,61.139036,13,explicit_euler_dt1,hbv,success,,33.12,0.5794,1.3021724189873956,4.01215922584723,0.0217735461091315,0.0549294294965667,386.52839389660096,5.999999625993328,0.6439446473215009,0.2669576893580951,0.3643869446723077,15.05589060613265,1.674175087309796,0.0010000000017701,2.4979932725807994,0.0,0.0,70.25349954883787,0.0,269.4237857995493,cal_final_2008-09-30
08164600,hbv_lite_cma,evaluation,0.692101,0.428978,0.474011,-0.124997,478.213613,13,explicit_euler_dt1,hbv,success,,24.74,0.6387,0.5563314658085234,5.383810423289276,0.0475255112409591,0.0370257205977397,117.99278685822784,5.732765553246702,0.2000006411122684,0.0500054589783706,0.4873913701371503,62.183182449347605,5.713985766122888,0.0010000027420169,1.1244047261083083,0.0,0.0,3.5884002084215334,0.0,534.5287898133071,cal_final_2008-09-30
08165300,hbv_lite_cma,evaluation,-0.255089,-0.679515,1.601595,0.549211,3.814652,13,explicit_euler_dt1,hbv,success,,28.83,0.1754,0.9903101950616428,7.966003959979989,0.0266652694819491,0.0209308533238083,255.62519697223985,1.0504692156956987,0.2000000001393396,0.8999999990980317,0.4999999996052138,2.510214311656209e-09,9.999999992050498,0.0010000000003749,1.0117019051808014,0.0,0.0,8.590343103611103,0.0,445.68655304106704,cal_final_2008-09-30
08171300,hbv_lite_cma,evaluation,0.647168,0.227683,0.740859,-0.059397,45.10881,13,explicit_euler_dt1,hbv,success,,26.8,0.6803,1.4796805510780402,0.512986995574594,0.0098933042297327,0.0569388540144332,401.4876155037365,2.5297399974286696,0.7973670608588714,0.7106947433837907,0.1159852699439327,20.5913911090348,2.229762429887279,0.0010000441165157,1.0911705129954086,0.0,0.0,122.64378303131691,0.0,446.9613995917377,cal_final_2008-09-30
08175000,hbv_lite_cma,evaluation,0.45732,-0.217574,1.130013,-0.11755,98.624428,13,explicit_euler_dt1,hbv,success,,43.77,0.5127,1.4770414748771534,4.517511959500863,0.0239396419961895,0.0869435413078045,155.74960533463909,2.8301894411552446,0.2000001151363482,0.5944809287340729,0.215052928346641,40.96271206539544,5.608427938765427,0.0010000000140514,3.4593908891562384,0.0,0.0,2.376425252729139,0.0,393.7800844462881,cal_final_2008-09-30
08176900,hbv_lite_cma,evaluation,0.311245,0.115866,0.661327,-0.159733,159.549891,13,explicit_euler_dt1,hbv,success,,27.83,0.5652,0.4032278068547197,5.092252647823842,0.0754347971345001,0.1922771569251369,215.6387956025524,5.999999510200832,0.3648139761169472,0.8999999752183583,0.1423772740621857,24.372031213343053,2.841747055727404,0.0010000000010254,1.7828799966597977,0.0,0.0,20.187632861982287,0.0,279.4341767636076,cal_final_2008-09-30
08178880,hbv_lite_cma,evaluation,-0.202941,-0.21806,1.073292,0.540516,5.768596,13,explicit_euler_dt1,hbv,success,,42.83,0.2935,-0.7144486005791282,2.9764227265020216,0.0105639748794299,0.1749283770508418,50.000000003562526,2.811887865568957,0.2383774970105735,0.6766558642236475,0.0632773954110252,38.25882037723217,1.8409842014637807,0.0022112196695577,3.432242396268184,0.0,0.0,0.0223045377771728,0.0,149.2365107367978,cal_final_2008-09-30
08189500,hbv_lite_cma,evaluation,0.550677,-0.355665,1.333584,0.133609,74.572004,13,explicit_euler_dt1,hbv,success,,35.68,0.6562,-1.687929235542136,2.344796427162274,0.0040937319355755,0.1122934733514119,193.879211389346,2.697889195896268,0.2000000617008024,0.8999995396528416,0.3285854986386382,33.89272998349802,3.663990171013612,0.0010000000122029,2.737078385442237,0.0,0.0,8.006945442428238,0.0,342.9832144666255,cal_final_2008-09-30
08190000,hbv_lite_cma,evaluation,0.49088,0.207915,0.597109,-0.132521,5.640009,13,explicit_euler_dt1,hbv,success,,27.6,0.5868,0.3558195979847549,1.1732524170928187,0.0004586541139203,0.1976170480927165,573.7129744674385,1.000000002460968,0.3207278072000057,0.8999999995928301,0.1479042007564546,11.274430134278193,2.104366149242176,0.0010000000039401,1.0680223056455989,0.0,0.0,65.00439622573698,0.0,318.5220092634995,cal_final_2008-09-30
08190500,hbv_lite_cma,evaluation,0.10952,-0.055439,0.336739,-0.559956,348.942778,13,explicit_euler_dt1,hbv,success,,27.75,0.2166,1.8650551470849983,4.542922262905965,0.0558462145967256,0.1993486321773681,999.999999998922,1.960535945582672,0.2484467812409059,0.6878827714912438,0.3222608400320975,3.9540613692896014,0.7764650920957994,0.0010000000011976,1.0085739677401802,0.0,0.0,101.12495576881896,0.0,83.98633306975447,cal_final_2008-09-30
08194200,hbv_lite_cma,evaluation,-0.77596,-5.561218,6.530816,1.359998,,13,explicit_euler_dt1,hbv,success,,37.45,0.2811,-1.1573499277022412,9.5850282136861,0.0696790315527846,0.1561654662430679,173.04632590161089,1.0000000003186955,0.2000000008262169,0.899983364071648,0.4797475010025524,21.79974120732353,2.316722420462697,0.0010000000002382,3.0253190413219406,0.0,0.0,40.47285424474384,0.0,280.4546166044031,cal_final_2008-09-30
08195000,hbv_lite_cma,evaluation,0.401921,0.401589,0.307434,0.096594,0.914721,13,explicit_euler_dt1,hbv,success,,23.13,0.2096,0.250403996662154,2.1611465570204573,0.0956968871525818,0.1992895486276681,999.9999999999476,1.0000000000057758,0.3406486162371932,0.8999999999999994,0.2984688715526566,10.817674346005104,2.334652334982159,0.0403839274306353,1.272055465001092,0.0,0.0,113.86070588093956,0.0,3.2987051470947137,cal_final_2008-09-30
08196000,hbv_lite_cma,evaluation,0.281623,0.270861,0.202259,-0.077854,2.548159,13,explicit_euler_dt1,hbv,success,,20.79,0.0956,-0.3396911438710925,0.6158988713056095,0.098082885248291,0.0821745620378978,999.9999997066668,1.9618602770600573,0.6592227459553717,0.7510211210665599,0.4999999974624193,41.79714729136864,1.708931373398257,0.064758590788556,1.999639834039305,0.0,0.0,272.29454328128577,0.0,1.1086300904716269,cal_final_2008-09-30
08198500,hbv_lite_cma,evaluation,-0.901285,-2.577251,3.507074,0.861172,216.377446,13,explicit_euler_dt1,hbv,success,,36.62,0.1462,-2.115936686531409,7.636569656334619,0.0990600292232598,0.1071128912682088,50.033300016126994,5.16460775368181,0.641336613889191,0.7884416770524956,0.012958418048183,24.955216034188908,4.12450443092892,0.001000000087201,3.643955268713986,0.0,0.0,3.078373195116049,0.0,444.8812373736574,cal_final_2008-09-30
08200000,hbv_lite_cma,evaluation,0.395138,0.176122,0.699481,0.099461,19.349223,13,explicit_euler_dt1,hbv,success,,51.84,0.1862,-0.345604963029587,6.138233104766449,0.017919677979457,0.0372831158037642,50.000000002578254,5.999999990237497,0.5614439013576957,0.6656334900432784,0.0340465111490779,44.09228537519965,1.1871176430893984,0.0029774082430313,4.787640343668044,0.0,0.0,1.45248582633429,0.0,92.19128329475,cal_final_2008-09-30
08202700,hbv_lite_cma,evaluation,-0.033172,-4.202704,5.148385,5.148385,,13,explicit_euler_dt1,hbv,success,,27.26,0.2852,-2.057718377748289,0.7732738620428168,0.0609958391179938,0.0262017068489825,158.69417947462074,5.999984906479375,0.2000018998921057,0.8999984807361904,0.0100000624612035,73.98136812338393,0.8935152031709235,0.0010000000009047,1.8820537942115152,0.0,0.0,4.336719157984411,0.0,193.42908316913943,cal_final_2008-09-30
08267500,hbv_lite_cma,evaluation,0.519697,0.710467,-0.180577,-0.085723,-0.766252,13,explicit_euler_dt1,hbv,success,,86.36,0.7313,1.6900020136696208,5.176364114452524,1.0765127242723676e-09,0.1999900117547584,119.01892955660084,1.441583312087777,0.4402598912100901,0.152034113300554,0.0122289276481239,99.99979275421713,6.498946001998332,0.0268465972853347,9.73847851348165,0.0,0.0,11.514842723174738,0.0,10.149423354079486,cal_final_2008-09-30
08269000,hbv_lite_cma,evaluation,0.544455,0.566468,-0.2656,-0.315337,-0.547193,13,explicit_euler_dt1,hbv,success,,52.3,0.654,2.4899999929578858,7.8796609900462435,0.0446050639864705,8.388688185026137e-11,399.2505908388392,3.806606259735855,0.9999999999892226,0.7310975384366996,0.0100000031155044,76.88637686141942,5.991770949055111,0.0448455970932674,8.84178255984957,0.0,0.0,204.4742991891274,0.0,2.225854883929409,cal_final_2008-09-30
08271000,hbv_lite_cma,evaluation,0.636726,0.679502,-0.270321,-0.19387,-0.8816,13,explicit_euler_dt1,hbv,success,,30.81,0.7611,1.3400000279710906,5.147585700656714,0.0207743863593195,0.0132369982504805,167.9247270268996,1.7536980157585398,0.999999917827805,0.0500000028702115,0.010000001494148,80.66024366212132,5.016770342651483,0.0379352479403096,1.0595936956054928,0.0,0.0,59.6960558535271,0.0,8.828918782524221,cal_final_2008-09-30
08324000,hbv_lite_cma,evaluation,0.686959,0.770565,-0.122423,-0.205363,-0.131756,13,explicit_euler_dt1,hbv,success,,32.23,0.7646,0.4799999885156998,5.197770361949649,0.0648690953643675,2.1340598735160758e-10,500.8969106869584,2.9748587198853427,0.5156910272732411,0.6775271438989734,0.2930715259466847,23.29803612385959,9.14795458200245,0.0353514653470913,1.2568621181242734,0.0,0.0,138.24145561642666,0.0,1.0082649252285514,cal_final_2008-09-30
08377900,hbv_lite_cma,evaluation,0.529115,0.55528,-0.129078,-0.325846,0.071117,13,explicit_euler_dt1,hbv,success,,30.98,0.7664,-0.6400000012967286,2.205531338845822,7.086631214977632e-06,5.1003022209720345e-15,777.5360956249282,3.1269917390095365,0.7498169713068734,0.5293211744971908,0.1232001759003814,55.85113791999999,3.472622463913446,0.059778879503476,1.897194201918276,0.0,0.0,456.0093621636795,0.0,5.500584583309524,cal_final_2008-09-30
08378500,hbv_lite_cma,evaluation,0.34645,0.554217,-0.163787,-0.318755,-0.327993,13,explicit_euler_dt1,hbv,success,,41.9,0.7602,-1.3900185979411024,1.1593218110659398,0.0073042089522481,0.0564511659295531,745.7461732092462,4.842753802481349,0.9644932719256198,0.0642102418738624,0.4295442644658621,12.864910105628732,4.844776080120914,0.0559269723646297,1.784653800345196,0.0,0.0,519.8216309911691,0.0,5.323692100721666,cal_final_2008-09-30
08380500,hbv_lite_cma,evaluation,0.327333,0.267418,-0.261196,-0.516481,0.366618,13,explicit_euler_dt1,hbv,success,,53.36,0.6162,0.400000000450837,1.2030109799375488,0.0709052011539825,4.1010562877058e-11,210.95310685225704,2.2456435684917206,0.5829642513300645,0.1137529570669195,0.2255086971137716,27.59201795027292,1.4869178315518772,0.0330647500168791,1.236092542718888,0.0,0.0,74.21894552396014,0.0,7.7559591345180925,cal_final_2008-09-30
09035800,hbv_lite_cma,evaluation,0.83822,0.811054,-0.148635,-0.108422,-0.782301,13,explicit_euler_dt1,hbv,success,,44.12,0.856,-1.440913173384592,1.2616906867524658,0.0999877815917269,0.015102463884196,91.34379995298468,1.6626792035522735,0.9612954461637784,0.5902409788859104,0.3422058006208364,98.39988443543352,7.305544257388065,0.0400776718305794,1.8886737875446813,0.0,0.0,33.44605768464025,0.0,9.781280279361493,cal_final_2008-09-30
09035900,hbv_lite_cma,evaluation,0.836943,0.803647,-0.16305,-0.079762,-0.923612,13,explicit_euler_dt1,hbv,success,,29.65,0.8309,0.4999994636120117,3.1222268872961085,0.0999999983470087,0.0482741933086141,60.39182474044617,1.0000008434934566,0.9999985890662452,0.0500001943144619,0.0105347904811844,91.339203697568,5.470880813378258,0.0520591361930169,1.2646726682565257,0.0,0.0,20.09038724960224,0.0,10.009618556089055,cal_final_2008-09-30
09047700,hbv_lite_cma,evaluation,0.783507,0.672711,-0.232539,-0.159382,-0.690885,13,explicit_euler_dt1,hbv,success,,39.94,0.7736,-1.49000015153518,1.892663070630349,0.0999701098141348,0.0429872044589359,814.1397305627627,1.0000011578154868,0.287105564341773,0.899998449885126,0.0901593795695304,1.5244802396127749e-05,8.079214644845328,0.0406440887709867,2.992460528717193,0.0,0.0,145.4212354244631,0.0,9.61737688027634,cal_final_2008-09-30
09065500,hbv_lite_cma,evaluation,0.705523,0.668486,-0.276004,-0.254587,-0.884543,13,explicit_euler_dt1,hbv,success,,34.37,0.822,-0.5700001705795379,2.6626829023372496,0.0999999977363244,0.0163211134466029,58.688820078817045,1.000000201616691,0.9999999837813016,0.4838458866515167,0.4617449720311812,61.04662192920317,9.999999969587009,0.0589855232710411,1.7899741706692582,0.0,0.0,19.895579487978463,0.0,8.756474837354412,cal_final_2008-09-30
09066000,hbv_lite_cma,evaluation,0.804856,0.717932,-0.234403,-0.183569,-0.748222,13,explicit_euler_dt1,hbv,success,,38.46,0.907,-1.4900000084616742,3.1952931566006124,0.0979120757855305,3.788814832363959e-12,228.7461644300974,2.6772786671782822,0.921837587819152,0.0826707460122193,0.0841679280390865,69.79847349030655,9.99999999785365,0.0467845905640744,1.707034623289278,0.0,0.0,106.07751715445946,0.0,5.586348623782817,cal_final_2008-09-30
09066200,hbv_lite_cma,evaluation,0.667855,0.709249,-0.163079,-0.258166,-0.499807,13,explicit_euler_dt1,hbv,success,,29.38,0.7408,-2.229999250882147,2.4388831266161555,0.0999261426067205,1.111244136065087e-09,434.758839164398,1.0000071841385312,0.6665097058916413,0.899998297104058,0.3399771041101605,31.96338817573482,9.99998361082811,0.0503353962531111,1.4341344766622637,0.0,0.0,143.8002628568426,0.0,11.390368278576846,cal_final_2008-09-30
09066300,hbv_lite_cma,evaluation,0.688954,0.689987,-0.1836,-0.263171,-0.274053,13,explicit_euler_dt1,hbv,success,,30.09,0.8469,-0.1900000878948691,5.21275145141526,0.0015377316929194,6.070880462651558e-12,999.9999937582978,1.8201101540295264,0.356123335584381,0.4612021644531275,0.0341262944721495,99.999999457714,7.383745151925315,0.0462907108119823,1.3733390038088835,0.0,0.0,414.50822479942303,0.0,8.967815877434735,cal_final_2008-09-30
09081600,hbv_lite_cma,evaluation,0.797023,0.897488,-0.007391,-0.042771,-0.536832,13,explicit_euler_dt1,hbv,success,,33.49,0.8153,-1.0100087172031815,2.061229900988612,0.0814919521745419,4.898111452414518e-09,165.14049973025948,1.2417445225229964,0.9999995425006962,0.0500011755012352,0.0346466056877099,64.90812108632134,9.999807756552404,0.0363410679783751,1.9298143957807008,0.0,0.0,47.95633865679274,0.0,17.304268497421294,cal_final_2008-09-30
09107000,hbv_lite_cma,evaluation,0.777165,0.808588,-0.158298,-0.080574,-0.874259,13,explicit_euler_dt1,hbv,success,,41.89,0.8436,-0.861015060444654,3.3840475945535973,0.0755669482736392,1.6921252184781577e-14,972.2183283671592,1.0000000000000573,0.5117509656047823,0.0904620842250761,0.1159667377540648,95.56351477179462,9.33392674970085,0.0390084022310416,1.0584515607107745,0.0,0.0,268.74740640601624,0.0,10.8423343875734,cal_final_2008-09-30
09210500,hbv_lite_cma,evaluation,0.54992,0.75578,-0.012291,-0.083617,0.002532,13,explicit_euler_dt1,hbv,success,,32.28,0.7376,-0.3299998701335966,1.786214583652027,0.0865424430784239,7.651565213776862e-12,999.999999622676,1.2855331626079676,0.976123765307257,0.7115173695490751,0.1234182373604113,17.914956611820752,4.896878918022727,0.0367000206936787,1.0046841026928093,0.0,0.0,315.6877247923241,0.0,4.922541928594795,cal_final_2008-09-30
09223000,hbv_lite_cma,evaluation,0.673479,0.701752,-0.119074,-0.177214,-0.082793,13,explicit_euler_dt1,hbv,success,,57.64,0.8513,-0.3099998465421256,3.5680185273388374,0.0052125800404372,6.795234457037308e-09,999.9999692086726,1.9339058955857176,0.9911090785697614,0.0503395577880839,0.0888889258965211,38.08796784152256,8.198510624891911,0.0471659970535846,1.7103056100141392,0.0,0.0,423.6694440703942,0.0,3.5284202321118023,cal_final_2008-09-30
09306242,hbv_lite_cma,evaluation,0.500265,0.521886,-0.176453,-0.282712,0.228234,13,explicit_euler_dt1,hbv,success,,69.81,0.5547,-0.8193512959988534,1.059904898088909,0.000142730630851,0.1048283256803692,998.9193015522118,5.913170561995735,0.999918324218826,0.0613706025994011,0.4884223063041468,58.85586562524367,6.159261954098647,0.0473948966896619,9.931613091204571,0.0,0.0,440.6407317656408,0.0,0.1416003506261811,cal_final_2008-09-30
09312600,hbv_lite_cma,evaluation,0.475044,0.626102,-0.155879,-0.244988,-0.517741,13,explicit_euler_dt1,hbv,success,,82.29,0.9021,-2.1790369348484333,1.72523909344977,0.0439271460943001,0.1397219637329947,758.4420904343556,5.9993290261635694,0.9863454336717644,0.1667324390630385,0.0102760094559159,19.28431383004112,4.135589230024067,0.0879113088461966,9.043650969831203,0.0,0.0,374.0662835911944,0.0,0.0662621680762393,cal_final_2008-09-30
09352900,hbv_lite_cma,evaluation,0.678282,0.720151,-0.194512,-0.248631,-0.755454,13,explicit_euler_dt1,hbv,success,,26.08,0.6624,-1.636775913976528,3.414521091525992,0.0642518393092619,9.87413980100406e-15,999.999999997232,1.0000000000000455,0.9999999999992196,0.1723215962817007,0.3421852579004091,97.86983114343822,9.999999999989209,0.047317958240864,1.1689435810232052,0.0,0.0,515.6274620667829,0.0,16.531696776951524,cal_final_2008-09-30
09378170,hbv_lite_cma,evaluation,0.431392,0.591887,-0.296613,-0.247654,-0.703843,13,explicit_euler_dt1,hbv,success,,60.33,0.9601,-0.6393159342655086,1.2965941345804617,0.023179304105752,0.0860983343571806,368.618329436106,5.999995592996971,0.3820683229910914,0.7711470605673602,0.1353571813815935,44.11980462234057,9.999787572880996,0.0934702945368978,9.896937306944723,0.0,0.0,31.543355610501862,0.0,3.28922070432833e-05,cal_final_2008-09-30
09386900,hbv_lite_cma,evaluation,0.301918,0.116317,-0.480701,-0.610073,9.809741,13,explicit_euler_dt1,hbv,success,,49.91,0.2128,-1.256653258749164,1.5087663384528025,0.0157768896917182,1.41662714993435e-05,364.71661928980654,3.7639917323808456,0.4832957667270054,0.8959818506094367,0.106422496609138,2.344010889414682,0.0985793320329601,0.057344711726811,1.931241676928924,0.0,0.0,48.39556658104825,0.0,0.0114952942383193,cal_final_2008-09-30
09404450,hbv_lite_cma,evaluation,0.088309,0.428935,-0.362753,-0.276395,-0.416916,13,explicit_euler_dt1,hbv,success,,31.22,0.7382,0.9399403912435438,1.5784706141766858,0.0999794046005095,0.0511776551105004,892.278901388448,2.510003936885633,0.7822140577890468,0.7928941761567698,0.4783300687917887,42.18075270966509,8.813071915289191,0.0405908541581189,1.945865898660687,0.0,0.0,206.7611543786172,0.0,0.3615691320534491,cal_final_2008-09-30
09430600,hbv_lite_cma,evaluation,-0.461449,0.252402,-0.297492,-0.241188,-0.118651,13,explicit_euler_dt1,hbv,success,,27.46,0.4634,1.584328424063508,7.665126217419301,0.0132061528056181,0.1999999997667239,108.18259885483884,5.999999848798239,0.2000004026246939,0.8999999834004889,0.4999995969656984,6.492902194213103e-07,5.031881574595969,0.0348949094223282,1.966998833243017,0.0,0.0,7.4453903464849,0.0,0.0567249414084446,cal_final_2008-09-30
09447800,hbv_lite_cma,evaluation,0.148298,0.012418,-0.347867,-0.726493,2.537487,13,explicit_euler_dt1,hbv,success,,30.87,0.3572,-0.4315743473782643,8.710843691910181,0.0908697368393915,0.0191657563968615,619.4181272365383,1.935834222696567,0.2000000000006579,0.8999999999898879,0.220792393105204,3.3550604881061097,0.3536559591096656,0.0010000000000149,1.4105755401167703,0.0,0.0,67.13623536837777,0.0,31.92047082175937,cal_final_2008-09-30
09484600,hbv_lite_cma,evaluation,0.217739,0.487739,0.15555,-0.039219,2.115333,13,explicit_euler_dt1,hbv,success,,28.38,0.0707,2.190319171820218,0.5250558086244094,0.0863979384379605,1.1212143952606212e-06,999.9999553634908,2.4696418240148725,0.2000000102604036,0.7023056924108003,0.4999997673294647,73.78335666514769,7.187864269045135e-05,0.1429543637246143,1.0030786158403575,0.0,0.0,109.78765182076312,0.0014213470287702,0.0004309295610351,cal_final_2008-09-30
09492400,hbv_lite_cma,evaluation,0.308245,0.368101,-0.382895,-0.523108,-0.085054,13,explicit_euler_dt1,hbv,success,,34.8,0.5868,2.4999993541065315,3.421374680948178,0.0035611971399708,0.1999095734762485,248.5202310139166,2.0933681044864376,0.9999993296833184,0.4802580483459173,0.0146140967664536,74.97853859025606,2.0881550873483343,0.0327687515416574,1.8710151801359671,0.0,0.0,129.25414523415913,0.0,14.779327369346856,cal_final_2008-09-30
09494000,hbv_lite_cma,evaluation,0.42587,0.641948,-0.095563,-0.34343,1.027318,13,explicit_euler_dt1,hbv,success,,29.46,0.5227,0.1198795082643133,2.827492897493341,0.0653413358478749,0.1999977885437495,485.45536696989706,3.4509486061100776,0.9999071951714896,0.8999970316438044,0.2599427508836202,2.7570878865606425,4.872860700581728,0.0144650103165309,1.8738769656330776,0.0,0.0,246.235379226534,0.0,10.791942918098083,cal_final_2008-09-30
09497980,hbv_lite_cma,evaluation,0.605675,0.540137,0.21719,-0.359499,4.574789,13,explicit_euler_dt1,hbv,success,,27.47,0.5337,1.3599996981618974,2.1007620001435248,0.0650323725160699,1.4494365597547768e-08,999.9999210890412,1.4090866917580114,0.2000005447934397,0.899999972154023,0.3792306752628717,3.744419581824121,1.3682992605065727,0.0010000000553728,1.0108636611822537,0.0,0.0,154.95539931458347,0.0,141.4657484886805,cal_final_2008-09-30
09505350,hbv_lite_cma,evaluation,0.49929,0.203176,0.596656,-0.26147,,13,explicit_euler_dt1,hbv,success,,27.53,0.6198,2.140000026318276,1.4545683917059744,0.0131108027605242,3.5419418117587816e-08,657.3756582191514,1.0000080900258033,0.2723867112819366,0.8999996457824413,0.499999542277647,0.9213535953308032,2.1754235860392592,0.0010000088090684,1.9517537945441048,0.0,0.0,66.77919440274648,0.0,256.79091273825725,cal_final_2008-09-30
09505800,hbv_lite_cma,evaluation,0.445294,0.342359,0.46967,-0.131244,2.869806,13,explicit_euler_dt1,hbv,success,,27.29,0.5996,-0.1101074198411833,1.5150292208529026,0.020450679253105,0.1368312469703091,549.3823987587486,1.495550940830126,0.3505738842620181,0.6641873153583356,0.3241727622518069,6.288059014444951,2.132117996031292,0.001000011607783,1.501163944815434,0.0,0.0,81.07656394702988,0.0,209.35906067192343,cal_final_2008-09-30
09508300,hbv_lite_cma,evaluation,0.642291,0.498537,0.399306,0.037274,31135.156565,13,explicit_euler_dt1,hbv,success,,27.35,0.647,2.339969923001972,0.9324020944435176,0.0365437095675907,1.0991321684158383e-06,50.0000196898198,1.6735298444188589,0.2000002192800992,0.899999912666676,0.2127455322994957,8.84425953314418,0.8593727991885224,0.001000000259867,1.816417687222449,0.0,0.0,0.0803940550364781,0.0,154.11017783725617,cal_final_2008-09-30
09510200,hbv_lite_cma,evaluation,0.65201,0.053934,0.917909,-0.05658,8032.573952,13,explicit_euler_dt1,hbv,success,,27.66,0.7616,-2.351124504587541,3.981724854335984,0.0034039674230624,0.026949803818148,97.60266503857711,2.592497579423456,0.200000000155734,0.899999999989689,0.0847420050164281,35.54499154207228,2.749838824608638,0.0010000000000028,1.3188856276680263,0.0,0.0,0.7309576830700986,0.0,182.93791009719976,cal_final_2008-09-30
09512280,hbv_lite_cma,evaluation,0.547372,-1.705984,2.680701,0.460423,,13,explicit_euler_dt1,hbv,success,,21.68,0.4778,-0.1267492493394324,1.0979633283025318,0.0742687445002856,0.0342232808331844,481.380772740192,1.000000000000204,0.999999999999984,0.8999999999999884,0.4999999999996798,2.6816734729523715,4.991833432866636,0.001,1.0052635990011312,0.0,0.0,107.5610518196553,0.0,260.4454954807164,cal_final_2008-09-30
09513780,hbv_lite_cma,evaluation,0.491987,-0.130499,0.972317,-0.06169,,13,explicit_euler_dt1,hbv,success,,27.1,0.5616,-0.6689641019988444,3.3342220839122048,0.0359536279945348,0.001247447242446,465.7958245094501,1.2021158172584423,0.9999999998647487,0.8999999999518565,0.3858581995824283,3.830106827225246,2.420680303787296,0.0010000000007582,1.436407986728289,0.0,0.0,110.18131970830744,0.0,194.30619668043087,cal_final_2008-09-30
10234500,hbv_lite_cma,evaluation,0.729512,0.731234,-0.217653,-0.11864,-0.704066,13,explicit_euler_dt1,hbv,success,,53.34,0.9056,1.5078256726457386,2.2251654579873588,0.0999999842664312,0.0077579608743568,397.89314727510055,1.2198035244251428,0.2807049010685501,0.352776869648146,0.1191223119644308,99.55247576682936,7.366668729238111,0.0251584589882229,4.446625607677861,0.0,0.0,20.01897740491616,0.0,2.047320879030368,cal_final_2008-09-30
10244950,hbv_lite_cma,evaluation,0.665167,0.825536,0.03198,-0.139158,0.277676,13,explicit_euler_dt1,hbv,success,,58.02,0.882,0.5899531852215785,0.8895610618155848,0.0092686452393865,0.118528205810488,50.01195093949659,1.0000000000151257,0.3513939638331576,0.2214420058063619,0.0224348841703957,99.99950660887134,2.225897713705012,0.005569692949051,6.228129300568204,0.0,0.0,0.9794174473292254,0.0,46.12789071482421,cal_final_2008-09-30
10259000,hbv_lite_cma,evaluation,0.490729,0.653553,-0.236741,-0.132646,-0.455018,13,explicit_euler_dt1,hbv,success,,27.34,0.9088,0.7856105869021244,9.95255348356878,0.0005478974403391,0.1986696801497718,113.19126442545746,3.13049434503601,0.8699966452181642,0.8999999993454689,0.2987335222245789,5.327940906866907,9.479992208220152,0.0093686359167448,1.1890292499004689,0.0,0.0,0.9635013251074888,0.0,8.593312378381977,cal_final_2008-09-30
10336645,hbv_lite_cma,evaluation,0.611343,0.673091,-0.172856,-0.327348,1.170054,13,explicit_euler_dt1,hbv,success,,29.64,0.6956,-0.089999816970935,2.186139685251451,0.0166835715689777,0.0502374005907199,211.40583956699768,1.283597678634206,0.9999998440362748,0.8999999876123835,0.0446099235605783,99.99996947089458,2.9267782074652056,0.0403817502350747,1.021262608872662,0.0,0.0,10.336738237310444,0.0,0.6742497149600709,cal_final_2008-09-30
10336660,hbv_lite_cma,evaluation,0.728106,0.525985,-0.353562,-0.381241,0.119438,13,explicit_euler_dt1,hbv,success,,31.18,0.6904,1.3899995600324595,2.679960327928492,0.0292851147808828,0.0215533501969642,95.74205892666168,1.000003661019619,0.9999999997233688,0.8999999694294954,0.3050190814140401,21.701041144455186,9.999957636462394,0.0602862663100832,1.8399396391773768,0.0,0.0,0.267140619922303,0.0,0.04045633799132,cal_final_2008-09-30
10343500,hbv_lite_cma,evaluation,0.625871,0.654026,-0.105427,-0.160285,-0.284481,13,explicit_euler_dt1,hbv,success,,32.47,0.8394,-0.9300691832295896,2.2094762489542723,0.0287425694479598,0.0003015740998188,999.9997546079092,1.107626380275352,0.2000001033616526,0.8999772168166291,0.1791862584866759,46.61762492203672,6.274308226841799,0.034658133111656,1.9786409140776269,0.0,0.0,14.915218921818582,0.0,0.6499831763466934,cal_final_2008-09-30
11124500,hbv_lite_cma,evaluation,0.442493,0.614614,0.235381,-0.387199,,13,explicit_euler_dt1,hbv,success,,28.0,0.6126,1.433304316191096,6.747080061883921,0.0268285475899074,0.1999998657236711,999.9999999928142,1.5685033537978303,0.2000000006256956,0.8999999973720112,0.3551413194346532,81.33156189555034,9.999999982016428,0.0010000000001905,1.9818535769365064,0.0,0.0,25.49998639514649,0.0,324.62813279570406,cal_final_2008-09-30
11141280,hbv_lite_cma,evaluation,0.495646,0.74736,0.008521,-0.200041,1.240974,13,explicit_euler_dt1,hbv,success,,27.86,0.6946,1.2986931130182429,8.313582291214132,0.0231154085043311,0.1091980548773265,999.999998609054,1.0872275440538468,0.270166722791727,0.8999999994399572,0.333276225560149,11.5235038663407,4.465445993779037,0.0074277783846355,1.1049740576610734,0.0,0.0,26.212512143652432,0.0,16.88896762912101,cal_final_2008-09-30
11143000,hbv_lite_cma,evaluation,0.850638,0.870938,-0.063938,-0.063992,-0.344121,13,explicit_euler_dt1,hbv,success,,22.96,0.7908,0.048626937270908,9.551102553176875,0.0279801664084736,0.0988622992990643,820.3268942679996,2.3511565349210723,0.999999999996228,0.4995571051134738,0.4128647005372601,83.4159263230033,9.999999999813426,0.070251440049092,1.0006419425218422,0.0,0.0,311.0113121415939,0.0,0.0015654380869678,cal_final_2008-09-30
11148900,hbv_lite_cma,evaluation,0.738976,0.699228,-0.004553,-0.065089,,13,explicit_euler_dt1,hbv,success,,20.55,0.7232,0.1796755142487156,6.065580995081618,0.0866250615642114,0.0764510538648693,211.1661270794229,1.3401205067865407,0.9999999999979974,0.8999999999999306,0.4999999999996858,4.794359261135121e-15,4.622137232898179,0.1628292282044932,1.2271239815322237,0.0,0.0,3.169672916056434,0.0,2.0363370827591097e-08,cal_final_2008-09-30
11151300,hbv_lite_cma,evaluation,0.317999,0.257447,-0.336479,-0.315843,-0.640144,13,explicit_euler_dt1,hbv,success,,25.09,0.1609,2.059119167138721,3.9766440737137527,0.0019982576887217,0.1998582187656702,999.9999999998998,3.6840893500165777,0.4731027962603076,0.3173426493517553,0.4999999999999084,60.34829934330607,1.0065713570869666e-10,0.1632482043867385,1.0490760336257898,0.0,0.0,60.605529663213794,0.0,8.034025999873841e-18,cal_final_2008-09-30
11176400,hbv_lite_cma,evaluation,0.592923,0.511277,-0.11664,-0.249451,,13,explicit_euler_dt1,hbv,success,,24.65,0.5374,2.4715900168399223,5.542147856339474,0.0005142297698006,0.1999690598207831,999.96524213967,1.2027099885158403,0.2000173928430871,0.8999883835128675,0.0668618103766838,3.5331633640284554,0.3650678649696056,0.0688119125797819,1.7713449845254563,0.0,0.0,7.39840103234894,0.0,7.496091657290799e-06,cal_final_2008-09-30
11230500,hbv_lite_cma,evaluation,0.618609,0.452341,-0.337828,-0.429858,0.49794,13,explicit_euler_dt1,hbv,success,,28.65,0.5535,-2.499999999999956,4.021501964534443,0.0726989083500057,1.289098099357047e-14,999.9999999999046,1.0,0.4762057116388745,0.0500000000000094,0.0100000000000003,3.0496451139065544e-11,9.999999999977025,0.0205292464485072,1.885405001868316,0.0,0.0,168.61200527727758,0.0,21.09592010210344,cal_final_2008-09-30
11237500,hbv_lite_cma,evaluation,0.612363,0.736972,0.071007,-0.121498,4.6602,13,explicit_euler_dt1,hbv,success,,69.76,0.8094,2.1399996164834905,3.676366774236434,0.0352691241285099,5.980937705580855e-09,385.1111774221553,1.477913244628627,0.999999932413204,0.8999999545745914,0.4999981043901243,4.0270915331491984e-05,9.999996872974595,0.0475064893889967,7.805566953353744,0.0,0.0,77.26684359640387,0.0,0.4398768434966876,cal_final_2008-09-30
11264500,hbv_lite_cma,evaluation,0.735501,0.8564,-0.031561,-0.095965,1.705205,13,explicit_euler_dt1,hbv,success,,43.18,0.8137,-1.8985541162207349,2.275394564927669,0.0517645720668287,0.0052611077044568,206.7320183438142,1.1542497968843408,0.9999999668886016,0.3064708951685183,0.1590315540372848,38.7678582835863,9.999999386169035,0.0347741101694581,1.955715177482708,0.0,0.0,8.285836093087347,0.0,2.2059545826723723,cal_final_2008-09-30
11266500,hbv_lite_cma,evaluation,0.705196,0.851677,-0.021288,-0.04622,0.934838,13,explicit_euler_dt1,hbv,success,,41.17,0.8231,-0.8899984456456793,2.363458391339188,0.0421609281493814,4.521438140007386e-09,223.0756170396932,1.002758595014546,0.821865290934201,0.1793864244187288,0.156433392142707,25.51721855756224,9.189235160660829,0.0390850602930348,1.60140964551843,0.0,0.0,5.535647502641558,0.0,1.0689809751061712,cal_final_2008-09-30
11284400,hbv_lite_cma,evaluation,0.605879,0.466459,0.418636,-0.083711,,13,explicit_euler_dt1,hbv,success,,24.8,0.7046,0.5048467001788657,0.5000099133780103,0.0624940334404909,0.1999961590782263,862.3335060097268,1.2202991159285623,0.2000029031748879,0.8999991664038862,0.1425249743453251,29.770260894755125,2.260376626058161,0.0010000000002426,1.36665991766217,0.0,0.0,7.284611950901437,0.0,410.05841764960496,cal_final_2008-09-30
11381500,hbv_lite_cma,evaluation,0.768089,0.820811,0.130405,0.030706,0.210514,13,explicit_euler_dt1,hbv,success,,27.33,0.777,-1.1900019541745424,1.6552600698158313,0.0065572808765251,1.0181185217084664e-07,792.4912346426578,1.1615204103441306,0.9999999975038668,0.8999999996514428,0.1966074788716795,37.80895369989613,9.197029832601482,0.0117021530493195,1.0108593388884146,0.0,0.0,219.48573074951105,0.0,25.20438483935261,cal_final_2008-09-30
11451100,hbv_lite_cma,evaluation,0.615856,0.696094,-0.110227,-0.208198,1.306133,13,explicit_euler_dt1,hbv,success,,27.27,0.7475,-1.2899951855999512,9.987302774499453,0.058791968933852,0.0716361808422143,190.12126447015484,1.00000000053549,0.5942669762590749,0.7266979615364259,0.1405665194156026,29.559502480382253,4.971131990475239,0.0599920975125988,1.013312587699468,0.0,0.0,4.585106490574099,0.0,0.0215089094117584,cal_final_2008-09-30
11468500,hbv_lite_cma,evaluation,0.799401,0.711897,0.238296,0.013599,12.146459,13,explicit_euler_dt1,hbv,success,,29.72,0.8256,-2.4765313439494387,3.598484244619488,0.099835678905581,0.1945085788801477,475.0796436479311,2.279974621177126,0.98298659050805,0.6945140698879723,0.1582147299916526,48.70984994032818,2.2688077696732485,0.0010000000000006,1.0625135473834724,0.0,0.0,112.42806229420258,0.0,708.4226862113699,cal_final_2008-09-30
11473900,hbv_lite_cma,evaluation,0.769116,0.778467,0.175479,0.046588,1.458929,13,explicit_euler_dt1,hbv,success,,27.29,0.7748,0.0299999788798781,0.500000001065453,0.0094275318297121,8.37650467375077e-12,999.9999999905936,1.0000000409861118,0.2000000005264429,0.899999998878699,0.3837932171751833,25.13653567569534,9.430249625563205,0.0698251555466663,1.0209923632922984,0.0,0.0,46.21822408241207,0.0,0.1747388610399956,cal_final_2008-09-30
11475560,hbv_lite_cma,evaluation,0.807389,0.787435,-0.022725,-0.068835,-0.563421,13,explicit_euler_dt1,hbv,success,,27.42,0.8366,0.7099871359113221,2.29857828166962,0.0250274700389126,0.1999970689370118,630.9268064044393,2.501686781919843,0.9999998662496228,0.6857185845935826,0.2344762500762426,47.11272699648808,6.557934063257807,0.1056597555007922,1.9758430677229624,0.0,0.0,210.1081946930914,0.0,0.0722169523238723,cal_final_2008-09-30
11476600,hbv_lite_cma,evaluation,0.810909,0.818539,-0.003642,-0.076585,-0.832777,13,explicit_euler_dt1,hbv,success,,27.75,0.8626,2.4999999977509884,9.203326132806074,0.0778325944047967,1.1241824794201242e-11,360.7274746552481,4.454605355284867,0.999999999995506,0.4579781922525735,0.2177029696842317,56.59766009943107,5.924740015727722,0.0964453950448609,1.0035714111500271,0.0,0.0,81.2520470663657,0.0,0.0009090697033823,cal_final_2008-09-30
11478500,hbv_lite_cma,evaluation,0.724289,0.777747,-0.014273,-0.120665,-0.516185,13,explicit_euler_dt1,hbv,success,,27.24,0.7912,0.7300000659523835,5.702571883644509,0.0091632915179785,6.188283667971046e-10,119.31372640609806,1.2878906192138266,0.9999999992389614,0.763511931006326,0.2840094857993175,36.2534826877537,5.002559404086755,0.0822915344897835,1.164194435647741,0.0,0.0,2.9295808423312524,0.0,0.0040774619474294,cal_final_2008-09-30
11480390,hbv_lite_cma,evaluation,0.749559,0.701529,0.249932,0.029359,189.47801,13,explicit_euler_dt1,hbv,success,,27.38,0.7715,-0.7199998788725623,5.962579852068882,3.928431730947606e-06,5.320775262344781e-09,999.9995843384378,1.0000001346065268,0.5460580287946348,0.8999998422548179,0.4321747530231954,42.84306223406049,9.999999604856477,0.0837123095021031,1.1377968875298403,0.0,0.0,200.911494079085,0.0,0.1938449985335574,cal_final_2008-09-30
11481200,hbv_lite_cma,evaluation,0.765244,0.783072,0.041291,-0.067514,0.056671,13,explicit_euler_dt1,hbv,success,,23.84,0.8337,-0.2577671836115391,9.686877446406758,0.0208623230771589,0.1997413293861013,635.5960488091753,1.0000000000204006,0.7277875521159243,0.8999999999998448,0.2792168482795106,26.46266876598143,5.502903893422061,0.080567370599716,1.0174590742060712,0.0,0.0,165.23865440819304,0.0,0.2200884547415445,cal_final_2008-09-30
11482500,hbv_lite_cma,evaluation,0.83954,0.865655,0.092315,0.022816,-0.269675,13,explicit_euler_dt1,hbv,success,,27.48,0.8523,0.1200022158597073,3.9613643246084114,0.026617689370048,0.1999999486810982,390.87788722142574,2.358277859818054,0.996090565724626,0.4019992225990327,0.1895783267777677,31.332756706544668,7.390645332244347,0.0749919284686704,1.8510130803671536,0.0,0.0,87.96001544636445,0.0,0.0333308937226309,cal_final_2008-09-30
11522500,hbv_lite_cma,evaluation,0.749759,0.787682,-0.035094,-0.157507,0.731844,13,explicit_euler_dt1,hbv,success,,27.91,0.784,-0.899999976692283,2.061075663152636,0.0612014170845158,4.3149423470170946e-12,98.19216049857287,1.000000058864054,0.999999596615542,0.6326777518393522,0.178925259522322,99.99998701819054,9.143525741136717,0.0168752517190385,1.9962359494930104,0.0,0.0,0.7188220573838952,0.0,14.060780130709205,cal_final_2008-09-30
11523200,hbv_lite_cma,evaluation,0.718332,0.834369,-0.028425,-0.119689,-0.234328,13,explicit_euler_dt1,hbv,success,,44.1,0.7492,1.0199999991803037,2.6172842443578856,0.0743811289169131,1.748191722378879e-09,118.07632734822036,1.0000001820439204,0.9999999954688256,0.8999999522502221,0.254774800891583,88.41193155901281,9.999998915089614,0.033227780166217,1.4576246718472552,0.0,0.0,1.3145245238421657,0.0,2.2492992233259312,cal_final_2008-09-30
11528700,hbv_lite_cma,evaluation,0.722284,0.754661,0.160683,-0.038089,0.584409,13,explicit_euler_dt1,hbv,success,,29.48,0.8329,-0.0599996462243392,3.262155800545141,0.0293998297861971,3.3642513444250284e-08,999.9994830017704,1.0000001700644676,0.5559124756271141,0.7081582401811003,0.3168136796316803,20.34113931769268,8.534104896275382,0.0437456776744194,2.494029349108379,0.0,0.0,179.98658039844136,0.0,0.1691482239967933,cal_final_2008-09-30
11532500,hbv_lite_cma,evaluation,0.843327,0.889156,0.074729,-0.001277,-0.304581,13,explicit_euler_dt1,hbv,success,,26.99,0.882,-0.0299999841961149,5.647971198179984,0.0080296366185369,7.166287297796406e-09,264.1983128861192,1.000000013917045,0.9999999933966908,0.8999999971870419,0.2688841984308147,55.28448302051484,9.999999101230754,0.0438964830283692,1.4637617575316686,0.0,0.0,39.18193505121408,0.0,0.7193400135782135,cal_final_2008-09-30
12010000,hbv_lite_cma,evaluation,0.845936,0.834362,-0.014497,-0.05682,-0.365104,13,explicit_euler_dt1,hbv,success,,35.18,0.8627,0.2100001828071751,8.855300347766724,0.0675343348640498,1.401270605064717e-06,166.41842737619953,2.0582708365969538,0.9652303543664248,0.6137859009233294,0.2596625466569544,55.62022513534343,8.245419193932847,0.0900251452827955,2.221050367020763,0.0,0.0,117.34755161485282,0.0,9.921058431268523,cal_final_2008-09-30
12013500,hbv_lite_cma,evaluation,0.808648,0.607136,0.38649,0.1752,8.18627,13,explicit_euler_dt1,hbv,success,,40.62,0.8194,-2.499999180157132,9.9999981828829,0.0439736454990845,0.1972611909199702,267.9428197054796,2.2802733469006613,0.2000000039296434,0.355403066020088,0.1588769854408373,73.17631408366816,4.4291815520977575,0.0010000000004896,2.694688659734351,0.0,0.0,113.21433590105671,0.0,2210.2047801484696,cal_final_2008-09-30
12020000,hbv_lite_cma,evaluation,0.779271,0.823998,0.043667,-0.01385,-0.789527,13,explicit_euler_dt1,hbv,success,,27.4,0.4743,-0.2399996251914355,9.999998615567565,0.0355843145649717,0.1612267241440189,190.87512836639752,3.6356277086163926,0.6032339946644849,0.8999999977256966,0.439176871793476,40.79981447889756,8.149004487073046,0.1351940944072726,1.1057009397113613,0.0,0.0,97.5362404257448,0.0,0.672312336282457,cal_final_2008-09-30
12025700,hbv_lite_cma,evaluation,0.839462,0.887627,-0.027159,-0.068839,-0.454722,13,explicit_euler_dt1,hbv,success,,27.53,0.8337,-0.6300000621871191,0.794515463972037,0.0998777450579328,8.577921888291694e-09,273.9176806252291,1.7528897554500964,0.999999988936968,0.89999999199763,0.373561843555249,32.15101080013966,7.429601117154496,0.0931066740246091,1.0001540649758605,0.0,0.0,117.9753233539462,0.0,1.474969540211371,cal_final_2008-09-30
12035000,hbv_lite_cma,evaluation,0.84317,0.797764,-0.076371,-0.120104,-0.32559,13,explicit_euler_dt1,hbv,success,,29.96,0.8708,0.5799999928765907,3.827365894496716,0.0007451366927571,3.140107651454317e-05,206.54737267667824,1.000000004622014,0.9999999998033552,0.7444771336399488,0.2075306910049369,75.90345176141604,5.900203992866034,0.0614306728047563,1.0708652787962385,0.0,0.0,102.532702376974,0.0,11.10912944011209,cal_final_2008-09-30
12040500,hbv_lite_cma,evaluation,0.751988,0.669071,-0.170581,-0.190715,-0.405183,13,explicit_euler_dt1,hbv,success,,27.21,0.8032,-2.38000002908092,1.819351538063292,0.0135459236963583,8.700388839474331e-09,71.74975820469514,1.000000000094737,0.9999999998363024,0.8999999999999473,0.3106026953922717,42.27184187012893,4.40981184351365,0.0479159872195853,1.001254412597248,0.0,0.0,50.82051893643817,0.0,27.77782860148397,cal_final_2008-09-30
12041200,hbv_lite_cma,evaluation,0.627343,0.808497,-0.047925,0.005906,-0.236945,13,explicit_euler_dt1,hbv,success,,27.31,0.7454,-0.6700000022303463,0.6553392865066565,0.0824556148223832,9.400476932907476e-11,50.00000042563437,1.0000000068331427,0.9999999999923954,0.8999999998788794,0.3294288678274979,50.80656363284001,9.500348926945396,0.0205371547808443,1.0506012865731982,0.0,0.0,36.58800703971756,0.0,151.28320191429273,cal_final_2008-09-30
12048000,hbv_lite_cma,evaluation,0.200982,0.296679,0.0858,-0.385728,2.458299,13,explicit_euler_dt1,hbv,success,,28.78,0.2167,0.2599179401918263,0.5000008968675873,0.0995910617521354,0.006477568767863,873.1850964906977,1.0001422998324336,0.4944629733144054,0.058196225964873,0.0902585628147337,3.347323247221446e-05,9.999352440991476,0.0014476059586535,1.002132063373662,5353.219906184163,34.67585007180154,428.14059067333153,0.0,1388.9745035465835,cal_final_2008-09-30
12054000,hbv_lite_cma,evaluation,0.573991,0.772696,-0.092004,-0.109356,0.135519,13,explicit_euler_dt1,hbv,success,,27.37,0.6288,-1.960004976208255,1.4705226729267689,0.0999721668709602,0.0052134435158718,50.00004498779151,1.000001024816522,0.9999995455177768,0.8999986087101858,0.4340285443254576,36.86877724480306,9.999999106049367,0.0168265298887582,1.082285229369013,0.0,0.0,21.300865301631152,0.0,121.11183171806832,cal_final_2008-09-30
12056500,hbv_lite_cma,evaluation,0.664774,0.824432,-0.058896,-0.096565,0.1961,13,explicit_euler_dt1,hbv,success,,27.11,0.583,-1.8299999831526832,1.3360879766511962,0.0425600694196687,5.571284380926562e-14,999.999999598432,1.0000000000095584,0.9999999993878784,0.8999999999822976,0.4289056113467737,39.33537518418018,9.999999998426976,0.0307366949024272,1.2010941800206931,0.0,0.0,692.5272025135539,0.0,76.98127491630652,cal_final_2008-09-30
12073500,hbv_lite_cma,evaluation,0.765118,0.697875,0.245274,-0.042402,1.474724,13,explicit_euler_dt1,hbv,success,,27.38,0.8151,-2.13999998319235,1.1004798934164812,0.0063184848147658,1.1844158201834325e-07,307.3187165859369,2.377147638320065,0.240601400127832,0.8999999980173459,0.1865446832979263,49.28914973547849,6.173214946792499,0.0010000000000012,1.5602886365259636,0.0,0.0,43.759709121291735,0.0,1443.2451748478516,cal_final_2008-09-30
12082500,hbv_lite_cma,evaluation,0.698139,0.828753,0.024604,-0.079559,0.432357,13,explicit_euler_dt1,hbv,success,,27.74,0.6896,-2.2499988609571586,1.7686057283889842,0.0874823736423745,0.001282539764823,999.9992285404963,1.0000000051310898,0.8838030227720013,0.8999999360637579,0.2127051033680015,63.80099755367591,9.999998681398774,0.0089728129257231,1.4832152693864769,0.0,0.0,621.8237370140197,0.0,342.1553324109678,cal_final_2008-09-30
12092000,hbv_lite_cma,evaluation,0.524176,0.751092,0.088231,-0.088712,0.759577,13,explicit_euler_dt1,hbv,success,,27.61,0.5457,-1.230000021936605,1.316107789015513,0.037672441868273,9.640166399755857e-12,999.9999974387528,1.000000004878539,0.8531512657471965,0.8490987878002114,0.2463836584902945,99.99999957953594,9.999999999780975,0.004342215752258,1.4343910385936822,0.0,0.0,688.5078317910461,0.0,994.6078858396532,cal_final_2008-09-30
12114500,hbv_lite_cma,evaluation,0.63511,0.652448,-0.145154,-0.240703,0.411031,13,explicit_euler_dt1,hbv,success,,30.09,0.727,0.2300000227892518,2.299047874720256,4.627100510742044e-07,1.4986294106723834e-09,999.9999827041336,1.0000000658623702,0.4814772593247635,0.8999999377047013,0.3051399977917547,36.91638282882214,9.9999999366838,0.0437116646263824,1.5109601953431089,0.0,0.0,656.4318499756859,0.0,37.59547599110952,cal_final_2008-09-30
12115000,hbv_lite_cma,evaluation,0.671013,0.660864,-0.084966,-0.222206,0.65967,13,explicit_euler_dt1,hbv,success,,27.6,0.755,0.0600004223808343,1.9328616064641329,0.0229332545822508,8.427125379251615e-11,843.0110798448507,1.00000586469153,0.9999998993910516,0.8999999997482089,0.3074797933932323,41.09910764305607,9.999999971636784,0.0376665776767584,1.6345802043998534,0.0,0.0,599.6515899728824,0.0,53.06304583869559,cal_final_2008-09-30
12117000,hbv_lite_cma,evaluation,0.835332,0.799181,-0.068954,-0.17285,0.066045,13,explicit_euler_dt1,hbv,success,,27.55,0.8555,-2.3400075070219475,0.6010337530797901,0.0393179442120095,8.352953410050982e-06,754.942682315831,1.2215502717187838,0.808449587471588,0.8999999929031548,0.2600516369530861,54.25077118279455,9.99999899317038,0.0294880951716666,1.5646406125127512,0.0,0.0,486.0335796329492,0.0,65.09989831260486,cal_final_2008-09-30
12143600,hbv_lite_cma,evaluation,0.709522,0.769442,-0.072193,-0.17383,0.469067,13,explicit_euler_dt1,hbv,success,,27.25,0.7206,0.4699999992085923,2.5358535829358178,0.0707353555944017,5.103602891379196e-15,119.78552254511226,1.0000000000424096,0.9999999999999992,0.8999999999712365,0.3607078702470838,44.237590722598185,9.999999998373791,0.0224900391831141,1.1701463438405433,0.0,0.0,78.8704978990263,0.0,111.96541497939243,cal_final_2008-09-30
12144000,hbv_lite_cma,evaluation,0.692347,0.738165,-0.120417,-0.210246,0.081035,13,explicit_euler_dt1,hbv,success,,27.77,0.7348,0.2599690385283533,1.6781059625656034,0.0233015566462446,0.0013322531626701,999.9882822730616,1.0000015225342245,0.9999999888266492,0.8999873528268421,0.3148945484327374,39.47721748632064,9.999977293069987,0.029463167394579,1.8337588347959808,0.0,0.0,738.8777558361022,0.0,85.80954239911816,cal_final_2008-09-30
12145500,hbv_lite_cma,evaluation,0.850644,0.806637,0.031987,-0.08137,0.087284,13,explicit_euler_dt1,hbv,success,,27.48,0.8895,-2.3300029908853865,0.5600781138610434,0.0237283557052844,2.582065833873374e-07,210.24817879847245,1.012220927837948,0.5992558819313869,0.8999999984017377,0.2498403476585293,36.65479348812418,3.8828355463852073,0.0620622796534232,1.0447276673242685,0.0,0.0,100.9427029858613,0.0,16.420431525300536,cal_final_2008-09-30
12147500,hbv_lite_cma,evaluation,0.65758,0.613832,-0.289642,-0.281103,-0.409947,13,explicit_euler_dt1,hbv,success,,27.18,0.6378,0.2399994797795241,0.988030766698433,9.935129499887978e-07,0.1328924628170568,50.00000045840352,1.000000069623979,0.9999999968608566,0.8999999762955967,0.4999999871471096,6.516620704074569,8.64664439363576,0.0382868328833953,1.362327159055094,0.0,0.0,39.58387689896001,0.0,53.39090657319918,cal_final_2008-09-30
12167000,hbv_lite_cma,evaluation,0.618362,0.53798,-0.227413,-0.323855,-0.023081,13,explicit_euler_dt1,hbv,success,,27.29,0.67,-1.0100570396566686,0.6300047979193508,0.0579140278122005,0.0014139652897127,50.00016032692646,1.0000014126889225,0.999999890762594,0.6529911435922158,0.2873113913941095,40.64393151633618,6.389023906016637,0.0255222470994787,1.0762159103430236,0.0,0.0,31.191086558208287,0.0,46.28482731229729,cal_final_2008-09-30
12175500,hbv_lite_cma,evaluation,0.468006,0.693858,-0.13326,-0.224028,0.222638,13,explicit_euler_dt1,hbv,success,,29.57,0.558,-2.479999974840496,1.4603884181794116,0.0492888220322007,2.984047159099641e-11,506.4335654840693,1.00000000591258,0.999999999362266,0.8999999916523068,0.2598712224781397,65.86172530194737,9.999999996770049,0.0170132233401144,1.2230602964814112,0.0,0.0,329.39443150539785,0.0,221.0590653184442,cal_final_2008-09-30
12178100,hbv_lite_cma,evaluation,0.501597,0.682786,-0.143725,-0.231191,0.165019,13,explicit_euler_dt1,hbv,success,,27.73,0.5753,-2.460000480372796,1.5386907313467186,0.0783827246155709,8.154850631423148e-10,999.997863684262,1.0000000290541569,0.9999999604342652,0.8538881218982969,0.4551263436374034,40.670602924352174,9.99999786608194,0.023299717747495,1.607290623550719,0.0,0.0,671.478698110385,0.0,113.7527450838569,cal_final_2008-09-30
12186000,hbv_lite_cma,evaluation,0.576064,0.718202,-0.177735,-0.201633,0.005756,13,explicit_euler_dt1,hbv,success,,27.17,0.566,-1.1400000572717777,1.62728459432037,0.0650545115655021,0.0001353089625684,64.60991303295735,1.000000042316333,0.9999999636919256,0.8999999956234834,0.3531261444459774,13.769602940546871,9.999999816294174,0.025621474770331,1.0543816430404176,0.0,0.0,39.266186907214994,0.0,75.36251594594395,cal_final_2008-09-30
12189500,hbv_lite_cma,evaluation,0.433774,0.659415,-0.109153,-0.228507,0.208331,13,explicit_euler_dt1,hbv,success,,30.61,0.6115,-1.7100000179900452,1.284511242340892,0.0058925308943263,2.120134305967173e-11,999.9999596714972,1.0000000009121894,0.999999998398398,0.8999999715676453,0.3797230003937845,45.16193325251708,9.999999930536047,0.0191623271734187,1.1546469806927873,0.0,0.0,642.221953142444,0.0,132.27790885285964,cal_final_2008-09-30
12375900,hbv_lite_cma,evaluation,0.550755,0.734195,0.018271,0.096836,-0.699166,13,explicit_euler_dt1,hbv,success,,53.47,0.781,0.36970230919027,1.93172529646998,0.0106211653891461,0.0135465794469001,999.8962129395086,1.0000293260903008,0.9341773632270534,0.4788867857185847,0.036811000990364,0.8116463627946529,8.965872111855663,0.0380984695716981,6.088235831266881,0.0,0.0,539.6095199521292,0.0,41.25063212404995,cal_final_2008-09-30
12377150,hbv_lite_cma,evaluation,0.708842,0.680853,-0.292359,-0.157811,-0.873498,13,explicit_euler_dt1,hbv,success,,34.15,0.7349,2.039999912500818,2.4237353651560327,0.0495481083930786,0.0323438489229914,51.8710324856004,1.000000000006818,0.9999999764052738,0.8592023907320409,0.3533825183314588,99.97498657444568,9.999999998450727,0.0359278142618929,1.409446544953686,0.0,0.0,26.94038180955956,0.0,39.86630072542904,cal_final_2008-09-30
12381400,hbv_lite_cma,evaluation,0.29543,0.488399,0.31279,0.29921,-0.557366,13,explicit_euler_dt1,hbv,success,,45.32,0.8692,0.7499988140802611,2.601312436426885,0.0999963237174366,0.0715557173239206,839.5629662989942,1.0000033535443535,0.3451797919747107,0.0941695415811808,0.0732096515361326,89.2679617451242,9.11092634116222,0.0361159224322007,1.0224511492690649,0.0,0.0,212.5867840421885,0.0,13.86722934862166,cal_final_2008-09-30
12383500,hbv_lite_cma,evaluation,0.454679,0.616799,0.119175,0.186701,-0.343654,13,explicit_euler_dt1,hbv,success,,61.42,0.735,2.409999996662134,1.753612087259016,0.0864669623954168,0.0001929679453153,999.9999920378776,1.00000000794444,0.8922508434884893,0.0752953301745499,0.0756428444517718,77.99045270975952,9.999999922719056,0.0163439129975825,1.061906242387252,0.0,0.0,487.4300365067499,0.0,87.10134774007311,cal_final_2008-09-30
12390700,hbv_lite_cma,evaluation,0.615584,0.741725,0.179395,-0.067593,0.774363,13,explicit_euler_dt1,hbv,success,,33.89,0.7699,-0.9400000178685676,1.7510544640481591,0.0575626094235015,5.626779849767341e-15,496.0344430466535,1.2401039273645076,0.2000000020011383,0.3116400577010125,0.4999999999677045,72.80740860915817,9.99999993265162,0.0284244405149228,2.009257381214992,0.0,0.0,81.93484210934268,0.0,12.203046526821634,cal_final_2008-09-30
12411000,hbv_lite_cma,evaluation,0.702448,0.843621,-0.046601,-0.071585,-0.457,13,explicit_euler_dt1,hbv,success,,45.05,0.7647,-0.6199999712880486,2.536811589698578,0.0037332956796517,2.084114222036905e-09,196.3179010433053,5.99998639909512,0.2000248389474774,0.29824716739067,0.375759305245153,3.961039246974113e-07,9.999999054622496,0.0341261976220656,3.072086453371518,0.0,0.0,56.02801573593038,0.0,2.603458362352812,cal_final_2008-09-30
12447390,hbv_lite_cma,evaluation,0.563743,0.485791,-0.245965,-0.413021,-0.414631,13,explicit_euler_dt1,hbv,success,,48.55,0.574,-2.08000002248974,5.824557757262874,0.0871315801258679,3.589074463848498e-11,999.9999767998888,1.000000004167236,0.5052412478717903,0.0500000025023825,0.0100000005591939,36.77317203600839,7.406025121056387,0.0315777687800177,1.5964474662033306,0.0,0.0,303.2792951595619,0.0,13.256110174017618,cal_final_2008-09-30
12451000,hbv_lite_cma,evaluation,0.553256,0.760755,-0.109425,-0.057772,-0.161623,13,explicit_euler_dt1,hbv,success,,39.3,0.7184,-2.4999999999998312,1.812004058600728,0.054262440992555,1.988447292823505e-15,999.9999999999524,1.0000000000004712,0.9999999999999972,0.8999999999977254,0.2947459944503796,49.754519201369966,9.999999999999998,0.0294025006654046,1.497199304014532,0.0,0.0,581.4381017632531,0.0,42.88658434695586,cal_final_2008-09-30
12488500,hbv_lite_cma,evaluation,0.690594,0.768124,0.153705,-0.074027,1.122177,13,explicit_euler_dt1,hbv,success,,51.99,0.6262,-1.3199999739885806,2.852991084343389,0.022254785431487,6.414263984717693e-11,999.999882325078,1.0000000654799883,0.2172655000681719,0.3483035800999075,0.1096802127341836,99.99999947721284,9.99999999529422,0.020100899343507,1.3992812877366,0.0,0.0,420.88211375168737,0.0,63.20862754105983,cal_final_2008-09-30
13011500,hbv_lite_cma,evaluation,0.781876,0.88467,0.030644,-0.059467,-0.056599,13,explicit_euler_dt1,hbv,success,,29.36,0.8426,-1.7205688522977178,2.758715898595798,1.4006476974563045e-12,1.0551768798775036e-10,417.8672488013207,1.000000000246219,0.9043356615235144,0.0526583396390417,0.3780396180363666,58.0707292548729,9.99999999999994,0.0511679966668198,1.0524560397912313,0.0,0.0,119.0725492134849,0.0,5.024843884264754,cal_final_2008-09-30
13011900,hbv_lite_cma,evaluation,0.766276,0.817829,0.108303,0.090734,-0.659036,13,explicit_euler_dt1,hbv,success,,32.57,0.8462,-1.950000379725493,1.642680665059182,3.80487754033151e-07,8.100819436474464e-12,999.9991607447464,1.0000001190675631,0.86903373591389,0.4035313244809722,0.3590246596207908,84.46212115001663,6.886872625602386,0.0457173702634546,1.133279530426567,0.0,0.0,450.30602279227537,0.0,11.92844902926806,cal_final_2008-09-30
13018300,hbv_lite_cma,evaluation,0.679902,0.736316,-0.214389,-0.122906,-0.729311,13,explicit_euler_dt1,hbv,success,,53.63,0.6361,0.1999962760343128,2.1235609329031027,0.0999496772221063,0.0162017258824441,999.99997355513,1.0000000171870784,0.3515225978617509,0.8957387992756676,0.014196059393083,0.4677306669480846,7.5671067301128705,0.0254285136752708,3.0047250859624506,0.0,0.0,135.01964418609555,0.0,10.874156593672994,cal_final_2008-09-30
13023000,hbv_lite_cma,evaluation,0.794617,0.714869,-0.207347,-0.222042,-0.548922,13,explicit_euler_dt1,hbv,success,,40.04,0.7819,-2.349999107013511,4.033490689787266,0.0566786946441615,7.533116322016691e-10,999.9999883132988,1.0000000378524878,0.4240922956589742,0.0500000204850764,0.0173515190065102,97.85716309090932,7.799807067817968,0.0212022265409214,1.8617707646683848,0.0,0.0,207.8725295512938,0.0,27.115598711157062,cal_final_2008-09-30
13161500,hbv_lite_cma,evaluation,0.655429,0.823278,-0.005226,-0.065456,0.151813,13,explicit_euler_dt1,hbv,success,,59.44,0.8455,-0.0291435745442445,9.33434968576457,0.0579729450736,9.305170584901116e-13,548.2768750774251,2.950926932510243,0.9999999997980196,0.2794132923364508,0.0100000000035845,86.46090422031021,3.230827636706135,0.0431047227201945,6.8258676389137545,0.0,0.0,143.48819386880908,0.0,0.1671789633246084,cal_final_2008-09-30
13235000,hbv_lite_cma,evaluation,0.705264,0.772496,-0.031784,0.055004,-0.460503,13,explicit_euler_dt1,hbv,success,,64.66,0.6543,-0.8399999204831363,2.984263728258091,0.0895488734811371,5.390061516556454e-09,50.000017423743856,1.0000001696093406,0.999999952963577,0.0539633627790379,0.0209450160033602,63.51396252032572,9.99999896907348,0.0212337745691273,1.3892828158373711,0.0,0.0,12.32679592971234,0.0,17.688802958862283,cal_final_2008-09-30
13240000,hbv_lite_cma,evaluation,0.777238,0.807395,-0.160048,-0.140972,0.049171,13,explicit_euler_dt1,hbv,success,,29.12,0.8241,-0.2999999996580005,3.365216705803327,0.0913424512216493,2.953813657441224e-13,999.9999998821272,1.0000000001054032,0.999999999867584,0.1984761000155916,0.4999999951530969,99.99712629569544,9.999999996857188,0.0694561759670955,1.0154865133236788,0.0,0.0,507.9278200469856,0.0,9.043618936473589,cal_final_2008-09-30
13313000,hbv_lite_cma,evaluation,0.647824,0.647194,0.160224,0.178272,-0.188471,13,explicit_euler_dt1,hbv,success,,37.85,0.8075,-0.8802212076437752,2.89472082080803,0.0245710915860051,0.0041083397136463,999.9963770184612,1.0000000743063286,0.8187732223161626,0.6289187617183749,0.2827721289870619,40.11671566348608,9.99999050613617,0.045899714726564,1.8671928307255443,0.0,0.0,380.4001808208529,0.0,9.06361108557234,cal_final_2008-09-30
13331500,hbv_lite_cma,evaluation,0.668111,0.774985,-0.006471,0.086861,-0.21398,13,explicit_euler_dt1,hbv,success,,30.89,0.7914,0.6999999969246229,1.191428823965205,0.0990423419529145,1.0729485823793077e-12,125.23380670896596,1.0000000007773615,0.9999999997168112,0.6599863869711596,0.2720654506159286,63.78397432941188,8.457663820888204,0.0535885782096933,1.1012792949896777,0.0,0.0,38.409591080927,0.0,5.06337680039124,cal_final_2008-09-30
14020000,hbv_lite_cma,evaluation,0.410558,0.694227,-0.055849,-0.149087,-0.578052,13,explicit_euler_dt1,hbv,success,,31.15,0.5178,1.159999943133012,0.8835790934057335,0.0374518363718637,7.329654283405244e-12,72.2764861412549,1.000000008728284,0.9999999998019056,0.4010792205262447,0.2339815735450617,22.6249343549872,2.70069867431077,0.0683971778750183,1.1408950670164328,0.0,0.0,11.814460003676077,0.0,0.639235004648171,cal_final_2008-09-30
14096850,hbv_lite_cma,evaluation,0.682825,0.590581,-0.115977,-0.30092,-0.061637,13,explicit_euler_dt1,hbv,success,,38.03,0.636,-1.3396788953899088,1.0181832556548331,0.0553122131149681,0.0283677814791977,999.9739555379164,1.000064919000168,0.2221252580332078,0.6806909290065314,0.1421474863472565,6.813014962896041,1.6403548438348226,0.009835528554745,1.6327528103944844,0.0,0.0,106.75581213246056,0.0,34.594858451165344,cal_final_2008-09-30
14137000,hbv_lite_cma,evaluation,0.791369,0.766321,-0.053114,-0.168245,0.041517,13,explicit_euler_dt1,hbv,success,,28.02,0.8008,-1.460000078685647,1.0700558613200972,0.0973418040553821,0.0009075158315286,974.5231845515992,1.00000068625642,0.9999999898648548,0.6160649655123996,0.2132936558025603,45.89342479121061,7.262956754876183,0.0236912072368074,1.0695471291855818,0.0,0.0,613.6262742587281,0.0,56.74053660743547,cal_final_2008-09-30
14138800,hbv_lite_cma,evaluation,0.678121,0.704129,-0.031377,-0.240417,1.237048,13,explicit_euler_dt1,hbv,success,,27.33,0.7194,-0.1199998986555241,2.428329299341253,0.0010545797457762,6.1755498236695646e-12,73.95167182610722,1.0000000514442045,0.9999999999990332,0.8999999998870285,0.4999999972518416,18.317855956546445,9.999987507745336,0.0321433071463767,1.4826889774773888,0.0,0.0,40.876293673330366,0.0,31.75509062514632,cal_final_2008-09-30
14138870,hbv_lite_cma,evaluation,0.756594,0.797007,-0.077482,-0.176836,0.617782,13,explicit_euler_dt1,hbv,success,,27.52,0.798,-0.3600005836400344,1.2729833910667971,0.095620513225047,2.9237206761552783e-08,999.730259615142,1.0000016046432656,0.9999990975004592,0.8999999887734039,0.3737969525166111,21.14310520601592,6.364063412372129,0.0467281199341303,1.416306782112743,0.0,0.0,674.7972685425265,0.0,30.57644038764516,cal_final_2008-09-30
14138900,hbv_lite_cma,evaluation,0.652609,0.694352,-0.180396,-0.186411,-0.560307,13,explicit_euler_dt1,hbv,success,,27.23,0.7068,-0.4700154492497654,0.5870918349312678,0.0538537253186199,0.1999990511410455,234.0931598438968,1.0000014564185384,0.9999946957001984,0.8999908554875601,0.3882970930686356,28.018332713458538,5.027844034678768,0.0471352389482203,1.6295063899142574,0.0,0.0,107.33682838839292,0.0,15.130467462914254,cal_final_2008-09-30
14139800,hbv_lite_cma,evaluation,0.768989,0.770232,-0.138823,-0.146609,-0.326454,13,explicit_euler_dt1,hbv,success,,27.05,0.7953,0.2899993038078858,1.192053559479307,0.0296977494215803,1.3469004512211692e-08,172.8495697553987,1.000000648210771,0.99999997880407,0.8999997366393241,0.350325376538572,31.23813418451117,5.175600466703011,0.0490553310365819,1.0991500827478289,0.0,0.0,88.7722154241996,0.0,20.560675217857536,cal_final_2008-09-30
14141500,hbv_lite_cma,evaluation,0.804433,0.850747,-0.030082,-0.116042,0.314193,13,explicit_euler_dt1,hbv,success,,27.55,0.8043,0.429998944454212,0.9586142225505953,0.0604584409943258,2.9689732254051363e-08,925.8937372593346,1.0201658978506496,0.9895231057789486,0.8999999660871042,0.3731851578297701,27.157414556117445,6.458758076474837,0.0505387031429191,1.036177496829619,0.0,0.0,610.5057023648756,0.0,29.404447237868823,cal_final_2008-09-30
14154500,hbv_lite_cma,evaluation,0.761037,0.772077,0.046563,-0.162662,1.08936,13,explicit_euler_dt1,hbv,success,,26.97,0.7958,-1.129999980189024,0.5406316068918964,0.0361970528953268,9.232731449196354e-13,892.0594966961759,1.0000000000396232,0.406376994370934,0.8999999995571154,0.3329553342735188,21.71634379461368,5.202231022108103,0.0862109430871475,1.4240356994729442,0.0,0.0,273.61304369462255,0.0,0.7225201667050275,cal_final_2008-09-30
14158790,hbv_lite_cma,evaluation,0.724232,0.751789,-0.082629,-0.222406,0.355977,13,explicit_euler_dt1,hbv,success,,28.07,0.6872,-1.6300043769784152,1.5549725906481873,0.0709075153612489,0.000269055892299,213.2127036321125,1.6074971443646318,0.9999995154376192,0.691833320711108,0.4085965579041321,45.34730708172287,9.99999424254286,0.0398411282786885,1.29733413889532,0.0,0.0,66.5274467102109,0.0,5.395118654596302,cal_final_2008-09-30
14166500,hbv_lite_cma,evaluation,0.828588,0.794979,0.181947,0.108873,-0.838202,13,explicit_euler_dt1,hbv,success,,39.88,0.8866,0.2399956589357765,1.628485472514822,0.0802551484589366,0.00386038388453,253.5643326589699,1.8165705731248816,0.2000000186377691,0.4185611409466122,0.2168995565127363,24.17986051996588,4.914933830025779,0.063443274541582,2.3023872114781465,0.0,0.0,9.91844951765079,0.0,0.0177495882108559,cal_final_2008-09-30
14182500,hbv_lite_cma,evaluation,0.719667,0.687617,-0.087618,-0.177886,0.214845,13,explicit_euler_dt1,hbv,success,,27.25,0.7506,-0.7800000017827413,1.175255842721194,0.0979754553120021,2.5046452501744275e-14,90.65538743321127,1.0000000018532342,0.9999999993018712,0.8999999994189614,0.3465414619644359,45.310081824778194,7.259171269429443,0.0448776349502342,1.0049961388053323,0.0,0.0,30.286505142492867,0.0,6.908001314183275,cal_final_2008-09-30
14185000,hbv_lite_cma,evaluation,0.808199,0.830519,0.082974,-0.059427,0.764181,13,explicit_euler_dt1,hbv,success,,27.0,0.8196,-2.0700000654010946,0.5000000005379047,0.0006367715389236,1.593462408481845e-09,717.2023175261422,1.0000000150300323,0.6435641187876584,0.655049519195142,0.2049657292815165,31.391944052056264,5.803312066673724,0.0560463141278049,1.832073943528436,0.0,0.0,284.8841425817806,0.0,5.287664531887893,cal_final_2008-09-30
14185900,hbv_lite_cma,evaluation,0.80946,0.755074,-0.124636,-0.215445,-0.215184,13,explicit_euler_dt1,hbv,success,,27.39,0.7922,-0.7600000686765396,1.9708199377574835,0.0646753922445972,2.113274509947104e-12,167.569000062121,1.1433781501507303,0.9999999999876804,0.8999999999815145,0.4970590518794702,32.51398281345937,8.870040057846477,0.0916259227810868,1.8477843064054795,0.0,0.0,47.92278855857906,0.0,1.5069437229125249,cal_final_2008-09-30
14187000,hbv_lite_cma,evaluation,0.837054,0.820875,0.06769,-0.075344,0.290153,13,explicit_euler_dt1,hbv,success,,27.14,0.8329,-1.920000011400946,0.7258842028605202,0.0220734591106076,5.6649173356489606e-09,487.2751292818947,1.000000001600544,0.3084798414595691,0.3547632085886961,0.21565104351231,18.760993248008944,5.886118292728019,0.0945088173187676,1.0633999280420143,0.0,0.0,70.78355910686504,0.0,1.126096405719949,cal_final_2008-09-30
14216500,hbv_lite_cma,evaluation,0.645164,0.672404,-0.102423,-0.214442,-0.195452,13,explicit_euler_dt1,hbv,success,,46.26,0.7012,-1.4999997904099962,1.618935747338163,0.0733881230116467,6.576092450596447e-09,380.643861343704,1.5131963936006882,0.999999999453403,0.0500000013363085,0.2029586312028491,99.99999692299754,9.999999996781698,0.0261041713780003,1.1991473805162505,0.0,0.0,170.4882788074003,0.0,27.31798287223111,cal_final_2008-09-30
14222500,hbv_lite_cma,evaluation,0.77022,0.789803,0.007175,-0.100141,0.323754,13,explicit_euler_dt1,hbv,success,,27.36,0.8589,-0.6999999951926279,3.217117733461325,0.0006067080822967,5.055668694943852e-11,442.4228177859111,1.3343498982067612,0.9999999995697856,0.837734770991656,0.2218111015419025,74.57595096133328,6.031474033674994,0.03930935989748,1.341155467529827,0.0,0.0,209.3070848802272,0.0,10.208545826984333,cal_final_2008-09-30
14236200,hbv_lite_cma,evaluation,0.737594,0.68428,-0.132939,-0.21804,-0.302652,13,explicit_euler_dt1,hbv,success,,27.08,0.8022,0.349999687471056,0.9158493802481158,0.0283241991939777,1.1858162311786744e-09,195.3689197179761,1.000000982273381,0.9999999186884037,0.8999999382952708,0.3427460306042679,64.96030244606646,7.552091810587002,0.0679824992966228,1.392179208975239,0.0,0.0,79.96845376206744,0.0,6.097961134146101,cal_final_2008-09-30
14301000,hbv_lite_cma,evaluation,0.880706,0.743805,0.251873,0.068157,1.965682,13,explicit_euler_dt1,hbv,success,,44.01,0.8677,0.1700003806689256,8.037335939985681,0.0737796724684938,1.547536852479214e-11,999.999999925176,1.0000000016656407,0.4491788498594474,0.6534273923968499,0.2475108628025519,49.48573662464996,6.887649310631825,0.0721028406084002,3.0576180299112776,0.0,0.0,497.5238091002317,0.0,6.508631657334719,cal_final_2008-09-30
14303200,hbv_lite_cma,evaluation,0.801017,0.772056,0.115599,-0.100727,0.633752,13,explicit_euler_dt1,hbv,success,,30.06,0.8162,0.8300003705212284,3.440840124088372,0.0760203650440485,1.3413230562258009e-10,999.9999881095816,1.0000000037243122,0.7879773208119254,0.8999999752198694,0.1581449179400113,92.3400368930772,8.53512903339069,0.0442577177632109,1.787658419565119,0.0,0.0,581.3707697006445,0.0,12.03434372930706,cal_final_2008-09-30
14305500,hbv_lite_cma,evaluation,0.838918,0.914461,0.027337,0.013516,-0.61447,13,explicit_euler_dt1,hbv,success,,27.31,0.8789,-1.2400001169506525,0.5000000041901898,0.0214426988238204,9.575197052240644e-11,364.48778511400735,2.2203806553302314,0.999999995988675,0.8999999973826653,0.322338120871288,75.62155497253205,9.999999972085565,0.074509145592318,1.0761573857240805,0.0,0.0,165.1095553569255,0.0,1.464944882639148,cal_final_2008-09-30
14306340,hbv_lite_cma,evaluation,0.813944,0.809782,0.127722,-0.024174,2.7645,13,explicit_euler_dt1,hbv,success,,34.95,0.8131,-2.4999999999021507,9.999999964840477,0.0070774609410449,2.8217193488186755e-10,236.3752207086824,1.925438542240375,0.2000000001305814,0.4193570490268532,0.1332382987268765,71.76322816349222,2.4409282651196875,0.0130539248137786,2.220137843964037,0.0,0.0,16.199705331243937,0.0,30.181375266690697,cal_final_2008-09-30
14306500,hbv_lite_cma,evaluation,0.826331,0.769615,0.217052,0.058776,0.219589,13,explicit_euler_dt1,hbv,success,,43.34,0.8457,-1.260000212867158,0.500000003066911,0.0654860343919325,2.784238591124445e-09,740.3945170483079,1.0000000022613866,0.3996746042852392,0.2932868115877685,0.166813990759607,26.18363760903009,7.787998369638689,0.0765291343643885,3.622494471945175,0.0,0.0,225.96058404470452,0.0,3.1654650219234104,cal_final_2008-09-30
14308990,hbv_lite_cma,evaluation,0.669014,0.615046,0.068876,-0.154588,-0.025493,13,explicit_euler_dt1,hbv,success,,27.28,0.7722,-0.5700001310906753,1.1923612779784052,0.0059485690294281,0.0006582829378504,999.999979575579,1.0000000030565817,0.2000000060426762,0.7040674389157873,0.4905419960773047,81.14486602251398,5.375069979614277,0.0741840941876913,1.015450853546889,0.0,0.0,98.2220942322614,0.0,0.0588503042189438,cal_final_2008-09-30
14309500,hbv_lite_cma,evaluation,0.702808,0.642521,0.33148,0.054367,2.128911,13,explicit_euler_dt1,hbv,success,,29.8,0.7675,0.2548313823153676,4.680435148195127,0.0829162166812113,1.8870517929107774e-12,999.9999999883916,1.0000000000822993,0.5005272037251483,0.7893053958476763,0.2323249145856618,31.66634289321258,4.774630819464299,0.0641994529555641,1.1232077949698496,0.0,0.0,295.2257571780196,0.0,0.2545025592978115,cal_final_2008-09-30
14316700,hbv_lite_cma,evaluation,0.780057,0.802796,-0.003728,-0.154236,-0.463007,13,explicit_euler_dt1,hbv,success,,27.21,0.8122,-1.3999999845828643,0.8883993377472803,0.0174346447203703,1.1628775383324164e-08,346.1344283813331,1.0000000032057157,0.200002447915955,0.8999999798361573,0.3548040307029407,21.872127437433,6.687841735965553,0.079772972715991,1.5269833233465897,0.0,0.0,7.598143080532783,0.0,0.0485306481744599,cal_final_2008-09-30
14325000,hbv_lite_cma,evaluation,0.761369,0.720731,0.245513,-0.001515,2.085972,13,explicit_euler_dt1,hbv,success,,27.39,0.7479,0.4299986926915764,1.5165413624826791,0.0342368509765494,0.0188308653854083,999.9999896000992,1.000000139240036,0.4525704352069469,0.7475844222313675,0.1753039076529546,49.41129276769256,8.0072588084182,0.0603614723312189,1.9999672002899127,0.0,0.0,443.559108861411,0.0,3.180383123374728,cal_final_2008-09-30
14362250,hbv_lite_cma,evaluation,0.481007,-0.036446,1.004536,0.349054,48.590736,13,explicit_euler_dt1,hbv,success,,59.22,0.6686,0.3500706214125983,3.230586940901368,7.780064015251393e-08,0.1999998491267366,999.9999994705342,1.806913144528404,0.200000076557704,0.899997087229284,0.1137356442009918,14.751668600273469,1.489944735227223,0.0010000000227309,4.995299947708786,0.0,0.0,67.05840304598789,0.0,412.6317232624919,cal_final_2008-09-30
14400000,hbv_lite_cma,evaluation,0.850736,0.906851,0.011317,-0.071739,-0.168923,13,explicit_euler_dt1,hbv,success,,25.02,0.88,0.3700260097241035,1.6614043076696403,0.0034501499542704,0.0429014396053643,185.6382452740264,1.371997671477187,0.9447327063200356,0.8999999639209456,0.2541342986625092,59.68515453653599,9.9973091899396,0.0795161699279349,1.3692008018247726,0.0,0.0,26.944590395053005,0.0,0.1629350941628224,cal_final_2008-09-30
