station_id,slp_dg_uav,ele_mt_sav,ele_mt_smn,ele_mt_smx,urb_pc_use,dor_pc_pva,cly_pc_uav,snd_pc_uav,kar_pc_use,swc_pc_syr,gwt_cm_sav,ari_ix_uav,for_pc_use,hand_p50_m,gageii_Hydro_STRAHLER_MAX,gageii_Hydro_MAINSTEM_SINUOUSITY,gageii_Hydro_STREAMS_KM_SQ_KM
1019000,30.01677676,127.9008992,82.73100761,289.5063794,0.0,450.1762185,7.003914577,60.03355352,0.0,87.0,164.9078166,131.0732585,58.03243507,6.799991607666016,5,1.60220205982678,0.661644622716693
1021480,3.012507198,90.0,47.0,176.0,0.0,0.0,1.338892088,9.87432915,0.0,88.0,131.0,23.26325003,15.89934355,8.299995422363281,3,1.2939543158151,0.762407365586683
1022500,20.49517212,100.4425836,37.54150149,330.2299425,0.0,0.0,6.521191128,55.89592395,0.0,88.00010827,153.8243434,132.28702,88.50187959,7.900001525878906,5,1.48500142620157,0.830011161076191
1038000,18.83867908,113.0441108,41.9383434,264.8646408,0.0,1.209490754,3.89765774,40.27579665,0.0,86.62981227,223.9080477,82.50042216,63.66174309,13.0,4,1.19915161264751,0.660301441087071
1042500,40.97782855,428.438915,328.0669718,831.591183,0.0,166.2832253,6.996214631,56.96917628,15.99134773,90.58589621,156.4587678,131.9286188,85.95349403,15.600006103515623,5,3.30578656894344,0.478248988934041
1046500,48.19929623,446.8617495,305.7529662,889.2723849,0.0,174.5867395,6.885613748,57.0522282,27.54245499,90.73855367,180.6993149,131.8103203,88.52931961,20.0,6,2.97103227639902,0.447952656845738
1047150,49.90921444,427.1884293,277.4195269,874.6103361,0.0,168.9548528,7.985474311,57.89468875,27.94916009,90.53083945,186.9516186,133.7566947,90.83477029,20.70001220703125,6,2.71806592309248,0.449622080976465
1049500,29.55335549,87.88783488,36.50774101,199.6775203,0.98511185,102.6740821,5.910671098,60.09182283,60.09182283,86.38808992,235.6858945,124.1240931,89.64517832,12.300003051757812,4,2.59295151443516,0.595044633607493
1053500,64.35650417,596.6359358,441.4474065,1049.872144,0.0,130.6058144,6.930700449,58.41590379,8.910900578,92.73530951,230.8860862,142.5744092,88.11890571,36.5,5,1.58513559412074,0.366238767793388
1053600,64.86673151,590.3416981,433.7120866,1036.82269,0.0,139.5325898,6.879804857,57.00409739,7.862634123,92.60631852,233.1542465,141.5274142,88.45463388,35.800018310546875,5,1.55835017138352,0.364692482093464
1054000,64.94938071,577.8268791,419.3804912,1031.627815,0.0,176.074053,6.888570681,57.0767285,6.888570681,92.27923489,230.7048749,140.7236582,89.55141886,36.5999755859375,5,1.5415681052714,0.372743312357943
1054500,77.97947835,544.4929247,342.4745506,1068.953122,0.0,142.9755484,6.998158314,57.98474031,4.99868451,91.77203688,259.1020579,143.9621139,92.97553188,41.0,5,1.41815726184541,0.393117529320032
1059000,67.33624533,426.363223,255.6645139,870.0986609,0.990238902,104.2943122,7.921911216,56.44361741,14.85358353,90.32991184,253.2966653,137.6432074,93.08245679,31.5,5,2.17733956978687,0.397312605989408
1064500,97.12346816,522.3133154,195.8686674,1267.58962,0.0,0.0,6.60062405,56.57677757,0.0,92.40156537,346.1432362,151.8143531,91.4657904,50.60003662109375,5,1.8051889976624,0.488758236419091
1064801,43.16762748,418.0,140.0,1195.0,0.0,0.0,4.211475852,30.00676544,0.0,91.0,283.0,77.38586878,52.11701367,26.89999389648437,4,1.27070482157408,1.02050919173727
1066000,71.47663543,330.0558652,139.195154,894.3801282,0.0,17.83180693,6.853923945,57.76878754,0.0,89.33174333,285.0528711,139.0367429,93.99667125,25.09999084472656,6,2.18511664764617,0.663853479355552
1068910,7.780437748,161.0,67.0,296.0,2.88164361,426.0,1.728986166,18.15435474,0.0,86.0,289.0,36.02054513,25.07029941,13.599998474121094,4,2.08320439029782,0.969515250043455
1069500,24.56056039,136.2529081,60.54317181,294.1811474,4.723184689,231.871295,5.667821627,58.56749015,0.0,85.50384286,250.371716,117.1349803,87.85123522,10.70001220703125,5,1.35291692224391,0.988698501702748
1072800,16.42504167,157.0,44.0,392.0,5.47501389,0.0,3.285008334,33.94508612,0.0,85.0,304.0,65.70016668,54.20263751,12.800003051757812,4,1.50675278618844,0.691587666408832
1073000,23.1792955,115.7057429,46.1367901,301.6728961,0.858492426,12.76462397,5.150954556,54.08502283,0.0,84.24935669,290.6773088,97.86813656,84.99075017,8.799999237060547,3,1.27377756922107,0.99507546711653
1073319,17.7853578,152.497828,63.47177977,311.6903015,0.0,0.0,3.55707156,37.94209664,0.0,84.86107089,386.6903015,66.99151438,59.284526,15.399993896484377,4,1.37911690904302,0.961860894171617
1073500,26.3628552,106.8036837,41.04757747,278.6437354,0.976402045,14.96706288,5.858412267,61.51332881,0.0,84.2192398,264.8697127,111.3098331,96.66380241,10.89999771118164,5,2.29802426834713,0.946912938773275
1073587,11.31424177,59.0,11.0,157.0,3.327718167,0.0,4.658805434,40.59816164,0.0,84.0,96.0,75.87197421,66.55436334,9.300003051757812,3,1.42940494293296,0.638401010714308
1075000,131.126393,717.9714154,311.8104293,1423.290099,0.0,0.0,5.827839687,59.24970349,0.0,94.56029046,418.2119324,169.0073509,96.15935484,80.5999755859375,4,1.09921245317289,0.476750190367409
1076000,72.73376206,461.6360774,164.5080928,1179.11638,0.0,0.0,6.688162029,46.8171342,20.90050634,89.25152508,304.9367355,107.8466127,82.76600511,55.899993896484375,5,1.44045483769993,0.791317505977306
1077400,33.77761049,377.0,178.0,775.0,0.0,0.0,3.142103301,22.38748602,0.0,88.0,354.0,48.30983826,37.3124767,44.30000305175781,3,1.14577589586277,0.673694503613304
1078000,39.63882084,369.0,114.0,858.0,0.0,0.0,4.080466851,33.80958248,0.0,87.0,321.0,70.53378414,58.29238358,39.600006103515625,4,1.84825352580689,0.932023594714654
1081000,38.94467342,225.4862936,149.5932361,605.6376065,0.90569008,145.3342824,7.245520636,52.53002461,0.0,86.4372441,233.2230073,109.5884996,68.83244605,18.39999389648437,5,1.55820739990728,0.596623491023175
1081500,71.93006617,380.5294026,169.2653016,892.900965,0.959067549,98.19724148,7.672540391,55.62591784,2.877202647,88.40523804,307.5276562,125.6378489,87.27514695,34.100006103515625,6,1.25503057991145,0.68917627756352
1085500,48.32308677,330.7746512,189.5390858,671.7871652,0.0,57.03469219,5.917112666,61.14349755,0.0,86.98336993,379.9106563,120.3146242,97.63235899,21.79998779296875,6,1.99149328057556,0.968209662290211
1086000,61.94285807,296.7058469,150.7967369,693.5308653,0.0,0.0,6.993548491,59.94470135,0.0,85.87596634,333.9011522,117.891246,98.90875723,26.80000305175781,4,1.36772989308287,0.880997943794247
1089500,31.33985737,252.4000489,153.9827137,524.6437905,0.0,0.0,6.115094121,44.33443237,0.0,86.32919471,305.3762762,91.72641181,74.90990298,20.80000305175781,4,1.51950940592233,0.765623050767617
1091000,45.01037266,238.9802745,116.2870243,509.8866684,0.0,0.0,7.001613525,62.01429122,0.0,85.54837425,362.9987034,119.0274299,100.0230504,22.80000305175781,4,2.77353119897485,0.865367292062389
1092000,60.82201237,315.3823549,148.5503381,717.803123,1.99416434,75.18296576,6.97957519,58.82784803,1.99416434,86.98953615,317.0344133,123.6381891,93.72572398,25.70001220703125,7,1.29652208156374,0.779052286968007
1093852,40.40322463,308.2700411,118.3515395,653.1792965,0.0,0.0,4.947333628,51.9470031,0.0,87.32246688,472.6449338,103.0694506,81.63100487,23.199996948242188,4,1.37822619925686,0.660354655757449
1094000,40.89942587,250.9237693,92.09817956,554.035439,4.755747194,0.0,4.755747194,59.92241464,0.0,86.25957599,424.5455431,115.0890821,93.212645,17.699996948242188,4,1.62572525601761,0.756517913450445
1094400,19.4334938,297.0,131.0,525.0,4.982947129,0.0,2.989768277,30.8942722,0.0,88.0,448.0,62.28683911,44.34822945,21.0,3,1.62255136199158,0.668009342762759
1094500,30.87422711,244.0992332,107.0293401,473.339095,18.86758324,0.0,5.145704519,54.02989745,0.0,87.17342552,420.3097549,105.4869426,74.61271552,16.5,4,1.59668372461183,0.730205930836704
1095220,3.875583481,253.0,120.0,585.0,0.911901995,84.0,0.683926497,7.181228214,0.0,88.0,425.0,14.47644418,10.6008607,16.400009155273438,3,1.19851925571807,1.01843997714558
1095375,10.91046183,253.0,120.0,585.0,2.567167489,84.0,1.925375617,20.21644398,0.0,88.0,425.0,40.7537839,29.84332207,16.600006103515625,3,1.38946689949274,0.911931307670071
1096000,16.36780121,187.0,68.0,456.0,0.0,0.0,2.55746894,33.24709621,0.0,86.0,383.0,60.86776076,51.14937879,14.29999542236328,4,1.447744741344,0.962276410930848
1096500,31.88225553,195.0221828,89.92460577,412.5328372,11.95584582,217.9222193,5.977922911,62.76819057,0.0,86.4937792,362.7139245,121.5510992,91.66148464,14.10000228881836,5,2.6212336329712,0.844625697688777
1097000,21.40824405,112.8023128,59.8792099,212.6924116,26.95852954,0.0,3.964489639,51.5383653,0.0,85.40660083,252.9785598,93.56195547,72.94660935,8.60000228881836,4,1.54123576560333,0.800677158819603
1097300,0.50591417,77.0,37.0,135.0,1.037124048,0.0,0.101182834,1.745403886,0.0,84.0,96.0,2.883710768,2.428388015,9.60000228881836,3,1.19638885944228,0.543576662196568
1098530,21.58143135,94.2385038,48.69540152,184.6299474,49.73112442,229.0207504,3.753292409,62.86764785,0.0,84.76085564,157.6941204,110.7221261,76.00417128,9.599998474121094,4,1.56119870805307,0.740212600466684
1099500,20.59623932,85.76898625,44.40333227,171.9569876,40.25628594,88.99803111,4.680963482,62.72491066,0.0,84.54352598,153.4271269,108.5983528,77.7039938,8.60000228881836,5,1.50978996042234,0.769884115073732
1100505,2.100019987,74.0,16.0,175.0,3.818218158,0.0,0.47727727,6.395515414,0.0,84.0,127.0,10.7864663,6.968248138,10.79999542236328,3,1.1588059208336,0.686741414183831
1100561,6.499997764,74.0,16.0,175.0,11.81817775,0.0,1.477272219,19.79544774,0.0,84.0,127.0,33.38635215,21.5681744,10.599998474121094,4,1.36059835073685,0.767142732603315
1100600,1.024022046,47.0,12.0,98.0,5.056108855,0.0,0.256005512,4.608099209,0.0,84.0,98.0,7.296157081,3.008064762,8.0,3,1.17792293309487,0.690539869220039
1100627,2.974655011,47.0,12.0,98.0,14.68735911,0.0,0.743663753,13.38594755,0.0,84.0,98.0,21.19441695,8.738049094,6.399999618530273,4,1.29359044732425,0.712742777194338
1101000,4.7260432,28.0,0.0,98.0,1.575347733,0.0,1.89041728,19.84938144,0.0,85.0,72.0,37.8083456,28.04118965,5.90000057220459,2,1.54020991765661,0.619788275670629
1101500,6.633788597,38.0,14.0,113.0,26.53515439,0.0,1.769010293,31.84218527,0.0,85.0,74.0,51.30129848,24.7661441,6.800000190734863,4,1.46341588785679,0.777979070562253
1102000,14.0048263,35.32381648,9.734394434,100.3105823,28.88495424,0.0,3.501206575,61.27111506,0.0,85.23196521,74.73462579,104.1608956,70.0241315,7.0,4,1.73989172024524,0.689528215873197
1102345,2.228700958,22.0,-3.0,82.0,11.14350479,0.0,1.620873424,12.76437821,0.0,85.0,81.0,24.71831971,5.875666161,7.69999885559082,3,1.85568167156763,0.62997419743763
1103025,0.458935653,37.0,0.0,111.0,2.271731481,0.0,0.114733913,1.514487654,0.0,84.0,130.0,2.661826785,0.298308174,3.6000003814697266,1,1.32620174287353,0.14342862452668
1103280,16.74968237,85.34292188,50.07433751,151.0143828,40.55186258,0.0,3.52624892,59.94623164,0.0,85.56714609,130.7158211,105.7874676,85.51153632,9.0,3,2.45130324393759,0.838258859146518
1103500,16.05421656,74.56670731,41.26356356,139.1670875,38.02314448,0.0,3.379835065,58.30215488,0.0,85.17917206,120.4375276,100.5500932,72.6664539,9.099998474121094,4,3.44918390439903,0.861964181096125
1104200,17.26115821,71.32171815,35.94633372,135.4940433,42.2898376,0.0,3.452231641,58.6879379,0.0,84.9450633,123.8139993,102.7038913,64.72934327,9.10000228881836,4,3.71634538004865,0.838082551249192
1104460,16.58984285,71.94183577,36.87504325,136.3639742,40.64511498,0.0,3.31796857,56.40546569,0.0,84.98331296,123.4422132,98.70956496,62.21191069,9.30000114440918,3,1.34217491447884,0.675294130005462
1104475,16.89500579,69.11013371,32.6951447,132.5119821,48.15076649,0.0,3.379001157,57.44301967,0.0,84.81292936,125.0653012,99.68053413,54.06401851,12.25,1,1.29257916010742,1.04412293348712
1104500,18.44295962,66.24761406,29.95137081,131.5458975,52.56243491,0.0,3.688591923,62.7060627,0.0,84.74470839,124.8919813,108.8134617,59.01747077,9.099998474121094,4,3.7772761734572,0.817520612444342
1105000,4.454607517,67.0,16.0,151.0,17.29435859,0.0,1.048142945,18.34250154,0.0,85.0,126.0,31.70632409,19.65268022,8.0,3,1.21867146764593,0.758767074547173
1105500,0.288657578,67.0,16.0,151.0,1.120670598,0.0,0.06791943,1.188590029,0.0,85.0,126.0,2.054562764,1.273489316,7.099998474121094,4,1.16459629892942,0.775881289098402
1105554,13.25907325,62.91923436,13.58176851,153.7205104,46.75567935,0.0,2.791383842,48.15137127,0.0,85.0,128.7205104,84.43936121,44.66214147,7.600000381469727,4,1.46183627808631,0.722637715358656
1105583,2.373726837,45.0,-4.0,147.0,11.73676047,0.0,0.527494853,9.231159924,0.0,86.0,102.0,16.22046672,6.989306799,6.5,3,2.05644055415294,0.735395532287351
1105585,0.324296377,45.0,-4.0,147.0,1.603465422,0.0,0.072065862,1.261152579,0.0,86.0,102.0,2.216025246,0.954872667,7.500001430511475,-99,1.13322100656455,0.0930505246514302
1105600,1.042813648,32.0,-1.0,75.0,2.641794574,0.0,0.278083639,4.866463689,0.0,87.0,82.0,9.037718279,6.534965525,7.0,2,1.27720695444876,1.00867199039517
1105730,5.481114681,32.0,-1.0,75.0,13.88549052,0.0,1.461630582,25.57853518,0.0,87.0,82.0,47.5029939,34.34831867,7.600000381469727,3,1.27292439150644,0.946806598698961
1105870,1.086979365,27.0,-2.0,118.0,1.976326119,0.0,0.691714142,6.620692497,0.0,88.0,120.0,13.24138499,9.091100146,10.65000057220459,3,1.65369853472529,0.672822016578443
1105933,0.419713048,9.0,-24.0,80.0,0.384736961,0.0,0.244832612,2.273445679,0.0,88.0,51.0,4.546891358,3.497608737,3.399999618530273,1,1.17834269177462,0.236611379105267
1108000,7.437719384,31.74427731,6.320535139,78.91389416,22.31315815,0.0,3.380781538,45.30247261,0.0,86.45856252,54.08514452,85.19569477,56.79712984,5.500000953674316,5,1.64957755392055,0.582779203315985
1108410,9.434218394,28.25147666,-5.218543832,84.30189089,30.87562384,0.0,4.288281088,57.46296658,0.0,86.47339288,49.60995918,107.2070272,72.04312228,4.200000286102295,4,1.66266116298442,0.746568241792464
1109000,3.610229935,26.0,-16.0,129.0,15.64432972,0.0,2.005683297,26.47501953,0.0,86.0,39.0,48.5375358,36.10229935,3.8999996185302734,3,1.6065929166584,0.696714294203892
1109060,3.810959075,26.0,-16.0,129.0,16.51415599,0.0,2.117199486,27.94703322,0.0,86.0,39.0,51.23622757,38.10959075,3.8999996185302734,4,1.70613989192719,0.74847175142398
1109070,9.489522529,26.78375975,-8.992103789,99.29047245,29.33125145,0.0,4.313419331,57.79981904,0.0,86.32455296,48.1668699,106.9727994,74.1908125,3.700000762939453,2,1.52497595964606,0.949309098404706
1109403,1.830142406,23.0,-19.0,134.0,11.52989716,0.0,1.098085444,11.7129114,0.0,86.0,77.0,22.14472312,16.6542959,3.500001907348633,3,1.54522152270064,0.922544915402058
1109730,25.83029089,191.8697913,115.1734935,336.4857819,46.01020564,0.0,4.843179541,49.238992,0.0,87.45769988,341.9738874,100.0923772,62.96133404,14.0,3,2.59596091507706,0.69138889023477
1110000,13.18327006,224.3844213,139.3397726,404.1513633,23.48269979,0.0,2.471863135,25.13060854,0.0,87.89708677,388.9882849,51.08517147,32.13422076,13.29999542236328,2,1.33274106030787,0.656402824396488
1111212,28.63552542,165.5780679,91.8814858,278.7203864,35.31714802,0.0,5.727105085,60.13460339,0.0,86.95737103,335.6200778,118.3601718,83.99754125,14.100006103515623,5,2.03659805635533,0.737876290661468
1111300,3.067978314,152.0,60.0,241.0,1.022659438,0.0,0.766994579,7.925610645,0.0,87.0,314.0,16.10688615,12.65541055,13.599998474121094,3,1.27360106363744,0.935305449010654
1111500,12.45338266,152.0,60.0,241.0,4.151127555,0.0,3.113345666,32.17123855,0.0,87.0,314.0,65.38025899,51.37020349,13.800003051757812,4,1.64062581457858,0.760526827154546
1112500,27.78279082,150.6164932,75.60097643,250.8991612,29.76727588,0.0,5.953455176,62.51127935,0.0,86.78167025,318.2756485,123.0380736,89.30182764,13.699996948242188,5,1.87244460691952,0.741727323414396
1113895,26.14596376,140.3260188,65.20393958,239.7593712,31.95617793,2.123438756,5.81021417,61.00724878,0.0,86.69325785,305.7525048,120.0777595,84.24810546,12.5,5,1.66942415852097,0.753018312111484
1114000,0.107583513,70.0,-20.0,181.0,0.257264921,0.0,0.028065264,0.294685274,0.0,86.0,228.0,0.580015459,0.243232289,4.600000381469727,2,1.26078229281617,0.685868278376785
1114500,7.517592245,70.0,-20.0,181.0,17.97685102,0.0,1.96111102,20.59166571,0.0,86.0,228.0,40.52962775,16.99629551,13.900001525878906,3,1.87004331585791,0.894588034205323
1115098,1.432264077,70.0,-20.0,181.0,3.424979315,0.0,0.373634107,3.923158124,0.0,86.0,228.0,7.721771547,3.238162261,7.799995422363281,2,1.21594042569685,0.847001924099155
1115187,3.780865202,161.0,64.0,247.0,0.0,0.0,0.9452163,9.767235104,0.0,88.0,387.0,20.47968651,14.80838871,17.00000762939453,3,1.47254155635346,1.04481276287762
1115630,1.12411582,99.0,8.0,199.0,1.328500515,0.0,0.255480868,3.37234746,0.0,87.0,289.0,6.591406399,4.649751801,13.399993896484377,2,1.22291333909335,0.521717548121159
1116000,11.35127486,99.0,8.0,199.0,13.41514302,0.0,2.579835196,34.05382458,0.0,87.0,289.0,66.55974805,46.95300056,9.400001525878906,4,2.28413468598977,0.770409318563133
1116500,21.49985629,107.9920196,18.69210325,208.4836145,24.43165487,0.0,5.86359717,62.54503648,0.0,87.13782191,297.3030862,125.090073,85.02215896,10.400001525878906,5,1.59201148009064,0.821640148604004
1116905,1.880009134,9.0,-20.0,105.0,7.050034252,0.0,1.566674278,9.086710814,0.0,86.0,194.0,19.42676105,14.25673593,5.300000190734863,3,2.15129065579988,0.935330296183446
1117000,2.042758097,9.0,-20.0,105.0,7.660342864,0.0,1.702298414,9.873330802,0.0,86.0,194.0,21.10850034,15.49091557,5.099999904632568,3,1.90935676929969,0.879362278920455
1117350,0.117515416,19.0,0.0,88.0,0.117515416,0.0,0.381925103,1.586458122,0.0,88.0,109.0,3.848629889,2.467823745,11.0,2,1.89705540791777,0.713876296428501
1117370,1.951160405,66.0,-2.0,172.0,0.308077959,0.0,0.616155917,6.469637133,0.0,88.0,204.0,13.35004488,9.755802026,6.600000381469727,3,1.22980968651125,0.915463157769616
1117468,2.409096459,66.0,-2.0,172.0,0.380383651,0.0,0.760767303,7.988056681,0.0,88.0,204.0,16.48329156,12.0454823,7.100002288818359,2,1.15009756540758,0.621167816962824
1117500,12.90503714,65.98914017,-1.958370656,172.0108598,1.290503714,0.0,3.871511141,41.29611884,0.0,88.0,204.0398194,83.8827414,62.58943012,7.499999046325684,4,2.05908021670556,0.692495896328294
1117800,5.878410221,103.0,21.0,203.0,0.0,0.0,1.356556205,14.69602555,0.0,88.0,312.0,29.61814381,22.60927008,16.599998474121094,4,1.20064816308967,0.686468851576544
1118000,10.74452721,103.0,21.0,203.0,0.0,0.0,2.47950628,26.86131803,0.0,88.0,312.0,54.13588711,41.32510466,14.699996948242188,4,1.34727821027445,0.724642114247059
1118300,16.9597334,80.20391872,12.4562533,186.0875482,1.541793945,0.0,4.625381836,49.33740625,0.0,88.0,254.4366032,100.2166064,76.3188003,19.5,2,1.15652061850313,0.500159777700591
1119500,29.14144138,237.6664468,128.929881,385.7857124,1.421533726,0.0,4.264601177,43.35677863,0.0,88.0,459.7365658,89.55662471,71.07668628,22.70001220703125,4,1.34874976157271,0.57434537064299
1121000,2.00647396,185.0,65.0,355.0,0.105603893,0.0,0.316811678,3.168116779,0.0,88.0,417.0,6.653045236,5.280194632,20.199996948242188,2,1.35122787511815,0.612710757522876
1122000,34.50484635,197.24001,68.35795687,371.5696364,2.797690244,0.0,5.595380489,56.8863683,0.0,87.99734762,408.3040621,118.4355537,93.25634148,18.699996948242188,4,1.43320910226037,0.555018372328203
1122500,34.0649189,189.4025913,78.76934755,333.7386414,2.762020451,0.0,6.444714387,55.24040903,0.0,87.90249957,420.7371811,116.004859,91.1466749,20.199996948242188,5,1.42308516960101,0.540671168464525
1123000,0.327528826,141.0,27.0,244.0,0.0,0.0,0.073958122,0.63392676,0.0,88.0,406.0,1.341811642,1.0565446,15.399993896484377,2,1.28092453636577,0.409596917050158
1123360,33.83467157,250.9462505,174.3582574,357.4804941,4.833524511,0.0,4.833524511,49.14083253,0.0,88.0,402.9915474,101.5040147,78.94756701,19.199996948242188,4,1.7684999093586,0.951292484811062
1123600,39.18175948,247.5418655,168.7141454,352.9114511,5.597394212,0.0,5.597394212,56.90684115,0.0,88.0,394.1222285,117.5452784,91.42410546,19.100006103515625,4,2.00269933051758,0.998606404814669
1124000,36.49067069,233.7202641,150.4859878,341.1782836,4.561333836,0.0,5.473600603,55.6482728,0.0,87.78697261,381.1202779,114.9456127,89.40214319,18.100006103515625,4,1.78853216792033,0.927927114360087
1124151,34.25955736,219.9143739,135.2348739,329.9916379,7.830755969,0.0,5.873066976,60.68835876,0.0,87.63295027,371.5533836,123.3344065,95.92676062,17.600006103515625,4,1.54625419594142,0.922268498929275
1125100,20.99954728,216.7217933,128.1697347,333.6618665,8.249822147,0.0,4.499902989,46.49899756,0.0,87.67760293,380.891528,94.49796278,72.74843166,14.099990844726562,4,1.27945188564537,0.8117598713365
1125500,21.79438252,165.0,77.0,270.0,1.320871668,0.0,4.623050837,40.28658587,0.0,87.0,358.0,81.8940434,66.04358339,16.0,5,1.23864109559835,0.881926786485406
1127000,18.30476906,109.0,43.0,194.0,0.0,0.0,4.224177476,44.3538635,0.0,88.0,318.0,91.52384531,70.40295793,15.300003051757812,5,1.40643251599623,0.81433557096621
1127500,27.791077,126.7186157,37.00606193,213.9025366,4.482431774,0.0,7.171890838,53.78918129,0.0,88.0,359.0633276,115.6467398,86.95917642,19.79999542236328,3,1.33087205593967,0.491810284114426
1129200,50.20882672,614.1134886,435.03924,947.3647069,0.0,454.3664759,6.165996264,49.32797011,1.761713218,94.27875553,213.3096018,132.1284914,83.68137787,38.4000244140625,4,1.50959188226981,0.458704000733517
1133000,26.06022515,491.0,220.0,950.0,0.0,0.0,2.77975735,19.11083178,5.559514699,92.0,256.0,47.95081428,34.74696687,55.100006103515625,3,1.10816119231594,0.304803325473727
1134500,39.94085382,545.2693444,342.1320196,997.1707464,0.0,0.0,4.437872647,31.61984261,0.0,91.90845017,244.297537,72.67016459,55.47340809,36.29998779296875,3,1.3591288424095,0.432991151022985
1135150,5.052689348,408.0,174.0,782.0,0.0,0.0,0.896444884,4.156244464,7.497539033,89.0,227.0,10.26836868,8.068003959,29.100006103515625,1,1.07230677213456,0.343776035479528
1135300,32.3886312,408.0,174.0,782.0,0.0,0.0,5.746370051,26.64226115,48.06054952,89.0,227.0,65.82205695,51.71733046,33.399993896484375,3,1.22106626991158,0.592594132506819
1137500,76.85639866,774.0,408.0,1826.0,0.0,0.0,4.117307071,41.17307071,0.0,96.0,292.0,129.0089549,67.24934883,84.9000244140625,3,1.28324066726195,0.487325768974813
1139000,63.6252654,426.8984393,206.8820981,867.1307294,0.0,0.0,9.356656677,50.52594606,90.75956977,88.3175096,296.5400768,114.1512115,93.56656677,36.19999694824219,3,1.24393654512987,0.452865690509566
1139800,7.750406469,464.0,198.0,1017.0,0.0,0.0,0.957915406,4.528327375,7.924572906,89.0,333.0,10.88540234,8.708321875,57.70001220703125,2,1.47837125092224,0.470134256152493
1142500,10.680041,457.0,195.0,929.0,0.0,0.0,0.96120369,5.660421733,6.408024603,90.0,370.0,13.88405331,10.35963977,36.600006103515625,3,1.24891602134581,0.717461871405781
1144000,98.58385522,449.8579493,187.8033991,804.4292529,0.0,0.0,9.760777745,51.73212205,57.58858869,89.2226624,401.7240646,124.9379551,94.67954412,54.0,5,1.6358596571396,0.665166312524997
1150900,35.08849945,593.0,275.0,1212.0,0.0,0.0,2.52637196,14.87752377,10.66690383,92.0,494.0,40.70265936,28.07079956,84.30001831054688,3,1.16601464291808,0.445757250268528
1151500,103.0429325,464.698228,218.5173888,858.1130361,0.0,0.0,10.00416821,52.02167468,62.02584288,89.07668722,441.3715991,130.0541867,100.0416821,57.30000305175781,4,1.60474841085116,0.627211807437654
1152500,52.31000947,394.6952395,222.4724309,777.219645,1.77322066,156.97669,7.09288264,52.31000947,10.63932396,87.01215921,333.1367264,106.3932396,85.11459168,30.800018310546875,5,1.93202950333271,1.18264751189749
1153550,81.70690115,392.0572016,146.1407712,788.7182568,0.0,0.0,8.651318945,51.90791367,8.651318945,88.1121704,408.2553752,122.0797229,95.16450839,42.20001220703125,4,1.46442748198007,0.857668795136741
1155500,63.88733679,548.2107706,296.3002234,1101.487053,0.0,0.0,7.876520975,49.00946384,15.75304195,91.84406661,347.1325075,126.8995046,86.64173072,40.0,4,1.37177987570925,0.510917292683659
1158000,34.56157201,440.784355,267.1141167,721.3414133,2.38355669,0.0,3.575335035,36.34923952,0.0,88.53609696,461.7731717,72.69847905,57.20536056,30.39999389648437,4,1.98506628700897,1.36450696220517
1160350,39.35438847,422.6644925,251.8769596,695.6029723,2.714095757,0.0,4.071143635,41.38996029,0.0,88.22723567,462.2879406,82.77992057,65.13829816,27.199981689453125,5,1.91420402945157,1.02378321457679
1161000,54.47312406,345.7530845,170.5442541,670.9171973,1.878383588,0.0,5.635150765,57.29069945,0.0,87.08849319,482.9274986,112.7030153,92.04079583,27.100006103515625,5,1.95342459562885,0.963201596044394
1162000,15.4946427,355.9189068,291.5720579,527.3813719,0.0,108.820552,2.671490121,33.66077553,0.0,87.88438371,349.0690461,65.18435896,51.29261033,15.699981689453123,4,2.04331971388768,0.704446015291775
1162500,17.91084526,351.3455828,286.2365133,523.8243422,0.0,101.8335293,3.088076769,38.90976728,0.0,87.63031016,340.4305454,75.34907315,59.29107396,12.699981689453123,3,1.35594042987054,0.498974662608371
1163200,3.344709061,322.0,251.0,411.0,1.075085055,0.0,0.71672337,7.525595386,0.0,87.0,381.0,14.4539213,10.87030445,14.70001220703125,3,1.81931218433468,0.703357966174436
1166500,35.31568841,308.2074328,214.8149527,466.7139004,2.716591416,34.6435171,5.433182832,57.04841973,0.0,86.55903946,385.5040292,108.6636566,87.83645578,17.100006103515625,5,1.70322019603265,0.708068203675509
1168500,74.48593458,585.1037858,342.3879818,920.4944537,0.0,916.5209143,6.684635155,54.43202912,12.41432243,93.22385761,462.1571639,144.1971298,93.58489217,42.399993896484375,4,1.64040892845213,0.541363178284414
1169000,41.50836515,435.0,147.0,693.0,0.0,0.0,3.459030429,34.01379922,0.0,91.0,539.0,81.28721508,57.65050715,48.20001220703125,4,1.8036297397271,0.724838407014879
1170000,74.27403537,515.3585038,268.8628079,828.9216769,0.0,725.5346101,6.841029573,56.68281647,8.795609452,92.15293088,484.2260821,142.6843311,96.75170397,42.699981689453125,5,1.6611698407325,0.595747489627099
1170100,12.04250345,305.0,47.0,721.0,0.708382556,0.0,1.416765112,10.27154706,3.187721501,88.0,482.0,22.84533742,16.46989442,46.80000305175781,3,1.41989273369302,0.987985127915628
1171500,25.30376661,246.0,34.0,517.0,6.072903988,0.0,3.542527326,29.85844461,0.0,88.0,374.0,62.75334121,47.57108124,15.5,4,1.35117016740202,0.904614299449449
1172500,6.808039037,309.0,239.0,517.0,0.0,0.0,1.361607807,14.06994734,0.0,88.0,385.0,28.36682932,22.69346346,17.70001220703125,4,2.00699748879452,0.718867472311224
1173500,28.07242591,286.2400066,189.129378,422.6846846,1.517428428,0.0,4.552285283,47.04028126,0.0,87.66937714,436.1443034,92.56313409,75.11270717,18.30000305175781,4,1.53108935447768,0.868175171010788
1174500,5.132455138,280.0,159.0,413.0,0.0,0.0,0.769868271,8.083616843,0.0,87.0,454.0,15.52567679,12.83113785,21.0,3,1.21246283966609,0.842246904733469
1174565,0.206495612,265.0,159.0,396.0,0.0,0.0,0.028342535,0.238887081,0.0,88.0,525.0,0.502067763,0.392746556,22.699996948242188,2,1.1053481529,0.767567133418197
1175500,35.99801525,246.8445799,154.5673934,395.4811958,0.0,1.576364014,5.999669209,51.42573608,0.0,87.2452917,444.3531856,102.8514722,80.56698652,17.600021362304688,4,1.3093536630549,0.658505156480428
1175670,2.748265162,271.0,187.0,375.0,0.257649859,0.0,0.515299718,5.238880465,0.0,88.0,410.0,10.82129408,8.502445345,13.699981689453123,2,1.31258807256824,0.69500870501885
1176000,26.88398291,253.6459073,179.649303,359.5435338,0.707473234,0.0,4.244839407,43.1558673,0.0,87.6516642,381.3212543,87.72668107,67.9174305,16.600006103515625,4,2.09682346277371,0.9622563632076
1177000,36.58506132,246.1803156,151.6741904,383.2418936,2.814235486,301.8080175,5.628470972,57.22278821,0.0,87.40294698,435.2459371,113.5074979,90.05553554,18.5,5,1.54439745776275,0.832343811436707
1179500,47.72821916,458.1468906,242.9990975,648.3353642,0.0,0.0,5.113737768,51.13737768,8.522896279,90.58740389,502.0592952,115.9113894,85.22896279,32.399993896484375,5,1.73072918096505,0.819211460669686
1181000,57.42049294,445.6103151,176.7952435,630.3599427,0.0,0.0,5.300353195,52.12013975,0.0,90.57610315,588.6727794,118.3745547,88.33921991,41.399993896484375,3,1.30438788089679,0.70007063800078
1183500,52.15176895,361.203317,136.6291455,564.3783743,5.794640994,180.1604206,5.794640994,57.94640994,2.897320497,89.29204914,496.4623206,125.5505549,93.68002941,27.79999542236328,5,1.59053053030389,0.817124986753569
1184100,3.499020626,63.0,10.0,204.0,1.590463921,0.0,1.113324745,9.383737135,0.0,85.0,126.0,17.81319592,13.99608251,5.700000762939453,3,1.31774143698949,0.780378004934733
1184490,17.90791784,149.2986606,55.66888038,335.9143007,7.275091623,0.0,3.357734595,34.13696838,0.0,85.93594001,381.0740217,64.91620217,49.80639649,18.099998474121094,2,1.53672844157906,0.700957448150048
1185500,40.82336191,448.3507867,241.9391308,600.0564297,0.0,221.776501,4.621512669,46.9853788,0.0,90.88233118,573.1763183,103.9840351,77.02521115,20.79998779296875,4,1.24360800990321,0.543934642207616
1186000,46.89931231,437.0342232,231.1941109,587.4824702,0.0,283.7318287,5.309356111,53.9784538,0.0,90.76802246,572.3761572,119.4605125,88.48926852,22.5,4,1.19402903728648,0.5338054181839
1186500,26.29425737,373.0,165.0,550.0,2.390387033,75.0,2.86846444,28.6846444,0.0,90.0,525.0,64.5404499,46.85158586,31.199996948242188,4,1.15657915478243,0.630246068284728
1187300,12.66873451,324.0,127.0,494.0,0.0,1171.0,1.555809501,13.33551001,0.0,90.0,571.0,29.33812202,22.22585001,30.59999084472656,3,1.23206619289829,0.766133273985052
1188000,48.73846158,352.1078022,162.577168,506.9171522,5.517561688,450.7166338,5.517561688,56.0952105,0.0,89.99641926,537.4245733,121.3863571,91.03976786,43.59999847412109,1,1.13070206121174,0.170400903656987
1188090,51.77607354,340.3091581,155.9137936,497.3590869,5.861442287,452.258633,5.861442287,59.59132992,0.0,89.87929282,524.7273209,128.9517303,96.71379774,24.800018310546875,5,1.20815353511978,0.612094401313993
1189995,45.62293712,276.352284,118.2661662,444.1313027,14.56051185,349.4130696,5.824204738,59.21274817,0.0,88.9896935,449.5744074,125.2204019,91.24587424,18.80000305175781,5,1.87919051691962,0.616669412863184
1192500,8.501655721,131.0,6.0,296.0,16.43653439,63.0,1.700331144,17.57008849,0.0,87.0,340.0,34.00662288,24.08802454,19.70001220703125,3,1.66290122696654,0.597452742413769
1192883,21.69638692,75.13216375,6.279532159,258.8093567,30.63019329,0.0,5.105032216,37.01148356,0.0,87.10292398,246.9111111,78.48987032,53.60283826,23.600006103515625,3,1.22568782337468,0.905025764589231
1193500,26.26413455,154.1812801,52.78500595,272.8359552,4.146968614,0.0,4.838130049,41.46968614,0.0,88.19387207,410.0036454,89.1598252,69.11614356,18.89999389648437,4,1.4505688791032,0.62765804886375
1194000,10.94504743,104.0,0.0,193.0,0.0,0.0,2.304220511,16.99362627,0.0,88.0,386.0,37.4435833,28.80275638,16.199996948242188,3,1.25307123865046,0.853834331199963
1194500,0.658450491,104.0,0.0,193.0,0.0,0.0,0.138621156,1.022331025,0.0,88.0,386.0,2.252593785,1.73276445,16.800003051757812,3,1.37584242124788,0.765020620719782
1195100,0.827809442,50.0,0.0,166.0,5.27728519,0.0,0.620857081,6.725951713,0.0,88.0,251.0,12.83104634,10.34761802,14.200000762939451,2,1.15574902649416,1.19620509087968
1195490,0.444245099,115.0,42.0,305.0,0.70002258,0.0,0.094233809,0.821180334,0.0,88.0,302.0,1.669284614,1.184653597,13.399999618530272,2,1.35230220051443,0.383766102678628
1196500,22.63712431,94.39679224,25.21557281,297.7912732,44.5440188,0.0,5.111608714,44.5440188,0.0,87.45976472,268.9398089,89.81826741,63.52999402,13.5,4,1.5711716530897,0.589230121001383
1196561,21.92785864,75.23622156,6.213313554,258.5161029,30.95697691,0.0,5.159496152,37.4063471,0.0,87.11238378,247.2705836,79.32725333,54.17470959,16.200000762939453,2,1.1081413417814,0.856067230553399
1196620,4.1139011,81.0,2.0,261.0,7.40502198,0.0,0.82278022,7.169941917,0.0,87.0,253.0,14.45742387,11.04876295,14.5,3,1.21009770529051,0.986597555242125
1197000,13.29349514,487.0,300.0,689.0,3.323373786,0.0,2.114874227,17.5232436,3.927623565,91.0,414.0,40.48473521,29.0039894,27.0,3,1.54398591888849,0.561960002380413
1198000,29.99745455,354.0,201.0,613.0,0.0,0.0,7.845488113,19.84446993,46.14993008,88.0,369.0,54.91841679,45.22693148,27.39999389648437,3,1.49748024445608,0.448353445120383
1198125,53.92775642,399.6098561,249.7611765,677.5111419,3.719155615,4.919419892,11.15746685,46.48944519,67.87458998,88.77807747,370.9821372,115.2938241,89.25973477,23.300018310546875,5,1.92149378213808,0.57130811376971
1199000,40.3578528,363.0,196.0,550.0,0.0,0.0,4.03578528,32.86282299,25.94433394,90.0,574.0,76.10337956,57.65407542,24.0,5,1.22244056833408,0.574496115727227
1199050,54.13374498,386.4205067,231.4952275,660.3918052,1.835042203,4.380309058,10.09273211,47.71109727,64.22647709,88.91643678,405.5511413,115.6076588,88.99954683,17.29999542236328,3,1.21359781134247,0.879952062192997
1200000,60.01002286,253.6610094,122.6615954,462.2342498,0.0,0.0,18.00300686,42.007016,98.01637067,87.57347167,373.6272698,118.0197116,99.01653771,28.5,5,1.6003166227697,0.763745085525331
1200500,58.07824327,344.24005,189.5479209,601.1828386,1.904204697,4.051060207,11.42522818,47.60511743,76.16818789,88.6161111,413.9403179,118.0606912,93.30603017,25.800018310546875,6,1.22728798190149,0.653441105290947
1201487,44.13167849,184.9970141,90.26039982,348.4613871,37.20906226,1289.977818,7.787943264,51.05429473,25.95981088,88.53077469,455.4774558,106.4352246,79.6100867,19.39999389648437,4,1.84371735039337,1.00071642984501
1202501,10.56093115,372.0,207.0,498.0,0.0,180.0,1.642811512,13.61186681,3.520310383,91.0,497.0,31.68279345,23.46873589,19.800018310546875,3,1.3281891177469,0.782073545355981
1203600,0.264667206,195.0,43.0,351.0,0.027006858,0.0,0.037809601,0.324082293,0.0,89.0,504.0,0.675171444,0.540137155,22.199996948242188,3,1.21434009969508,0.959718189507093
1203805,14.3638608,195.0,43.0,351.0,1.465700082,0.0,2.051980115,17.58840098,0.0,89.0,504.0,36.64250205,29.31400164,24.0,3,1.20105086061017,0.857906707303153
1204000,19.09661473,195.0,43.0,351.0,1.948634156,0.0,2.728087818,23.38360987,0.0,89.0,504.0,48.71585389,38.97268311,21.89999389648437,4,1.39910150852042,0.926577708126877
1205500,57.65844149,298.7526401,152.0816519,520.2216999,5.964666361,108.0567587,10.93522166,52.68788619,57.65844149,88.73423063,437.0001235,124.2638825,97.4228839,25.5999755859375,6,1.41493572277116,0.737884366354774
1206900,40.03822986,313.4532798,145.215619,452.5141319,7.850633306,0.0,4.710379983,47.10379983,0.0,89.63536174,519.5083843,103.6283596,75.36607974,25.100006103515625,4,1.18093517386009,0.759530887376464
1208500,44.26400857,248.1993684,101.1669153,377.1250772,24.39037207,0.0,5.420082682,55.10417393,0.0,89.22689546,503.6084949,117.4351248,83.10793446,23.5,4,1.2032228682632,0.757766850367362
1208873,1.376328248,71.0,0.0,195.0,9.175521651,0.0,1.223402887,9.634297734,0.0,88.0,210.0,18.19811794,8.410894847,6.699999809265137,2,1.31839571445921,0.78443635044892
1208950,2.106903383,117.0,0.0,248.0,1.975221922,360.0,0.460885115,4.147966036,0.0,89.0,350.0,8.295932071,4.279647497,9.80000114440918,3,1.20563395064012,1.38601820232545
1208990,8.766880444,119.0,0.0,282.0,5.844586963,364.0,1.704671197,15.09851632,0.0,88.0,350.0,30.68408155,24.35244568,20.09999084472656,3,1.36344151608339,1.21621371820423
1209700,2.560474319,138.0,0.0,297.0,2.786398524,0.0,0.677772614,4.367867956,0.0,89.0,380.0,9.488816594,6.476493866,18.600006103515625,4,1.20467982663125,1.09072871741376
1209901,1.542403073,124.0,0.0,271.0,1.967893576,0.0,0.638235754,2.872060894,0.0,88.0,253.0,6.70147542,4.148532403,15.799999237060549,4,1.25966999776099,1.15778056887778
1302020,2.476747351,97.0,0.0,226.0,4.807803682,1054.0,1.165528165,3.496584496,2.25821082,88.0,236.0,9.03284328,3.423738985,11.90000343322754,3,1.08771606629063,0.725648953700586
1312000,70.33460931,661.2823165,489.4597893,1242.135506,0.0,0.0,5.72491006,47.43496907,0.0,91.94632846,349.4742861,112.0446683,79.33089654,36.0,5,1.79639274901902,0.668821340321421
1315000,75.53273516,642.7593257,497.2084827,1116.245785,0.0,296.5211674,6.945538866,49.48696442,0.0,92.68983141,330.2304523,129.3606614,81.61008167,27.79998779296875,3,1.35884644610484,0.613648995689803
1315500,78.71031981,634.7080971,465.4133641,1127.536883,0.0,80.43245193,7.773858747,55.38874357,0.0,91.78891568,339.2181992,136.0425281,94.25803731,33.79998779296875,5,1.71969858548709,0.635700153068387
1318500,81.73362561,527.8630146,347.5156941,1015.830466,0.0,76.41277838,7.974012254,56.81483731,3.987006127,90.07673836,363.4888913,130.5744507,97.68165012,35.70001220703125,6,1.55280359356476,0.547905038828574
1321000,78.76122386,588.6795112,416.5670057,960.7908766,0.0,0.0,7.778886307,54.45220415,0.972360788,92.5699684,333.5672873,144.8817575,87.51247096,37.899993896484375,5,2.21260846799998,0.669161284298256
1325000,69.97835163,504.1381931,323.2050348,850.29567,0.0,22.10412007,8.997216638,54.98299056,23.9925777,91.10062074,306.903871,140.956394,90.97185711,29.5999755859375,5,2.53706499829012,0.68259192072199
1327750,75.70421256,508.0137627,328.7545304,935.0428632,0.99610806,62.38474957,8.964972539,55.78205136,11.95329672,90.30577368,336.9018775,133.47848,93.63415763,32.20001220703125,6,1.84647090179812,0.59777724511578
1329490,72.49457034,412.3001412,164.5024304,930.0581142,0.0,0.0,10.83252201,39.99700433,34.16410786,88.55650738,366.8963053,102.4923236,81.6605505,44.5,4,1.90311645282576,0.404731323147657
1330000,6.75743308,248.0,126.0,595.0,0.211169784,0.0,3.167546756,9.713810052,19.4276201,86.0,140.0,24.49569491,20.90580859,11.0,2,1.7520905441195,0.452007383986098
1331500,25.88234856,469.0,215.0,1015.0,1.578191985,0.0,2.840745574,17.04447344,21.463411,90.0,395.0,42.29554521,30.30128612,31.39996337890625,3,1.40374217552494,0.452324067465038
1332500,40.83243058,566.0,218.0,915.0,1.921526145,0.0,4.323433826,25.46022142,2.401907681,93.0,358.0,70.61608582,48.03815362,39.899993896484375,4,1.5550568372222,0.395705499982791
1334000,50.95041753,568.8454578,194.7882377,1087.517664,3.352001153,0.0,8.715202998,32.17921107,43.57601499,91.75659271,348.9148176,93.18563206,63.01762168,44.10003662109375,3,1.48827898972744,0.446695388485635
1334500,62.8487161,472.9091649,177.6241629,1022.188744,2.513948644,0.0,11.73176034,38.54721254,62.01073322,89.840567,318.0891337,109.7757574,78.77039084,43.79998779296875,4,1.50666253306974,0.424924056683201
1336000,21.03925239,360.5595878,183.4013583,522.7526981,3.506542065,31.91911044,9.818317781,32.26018699,28.75364493,91.1238716,199.5566525,98.88448622,63.81906558,20.5,4,2.29456811631559,0.950689513020512
1343060,50.88749922,666.9300999,465.0684657,919.1544912,0.0,0.0,5.088749922,50.88749922,5.936874909,94.45369558,329.8608041,137.3962479,74.63499885,31.0999755859375,4,1.34408825846509,0.757150632669973
1346000,43.76266786,511.625917,349.0736014,733.2438799,0.0,22.94412518,8.752533572,54.46020889,39.87265294,92.61765844,270.6860325,145.8755595,78.77280215,20.800018310546875,5,1.72761490248282,0.858968462823146
1347000,37.52095667,376.637592,223.2469531,588.0726328,3.949574387,42.58085875,13.82351035,46.40749904,39.49574387,90.11520802,209.5260904,133.2981355,77.01670054,19.100006103515625,7,1.61953432249428,0.872840747717722
1348000,40.19066483,485.6891275,296.8983619,688.6083372,0.0,21.69234656,8.612285321,52.63063252,33.49222069,91.66785889,212.5697753,135.882724,85.16593262,19.199981689453125,4,1.42394399742902,0.87462192716678
1349150,25.0568608,306.0,96.0,646.0,0.0,0.0,11.86903933,27.03503402,65.93910737,87.0,189.0,75.1705824,60.0045877,18.0,3,1.90983341456181,0.782910552743047
1349700,62.79211344,687.3895651,432.5341612,1217.329317,0.0,0.0,9.704235714,24.54600798,2.854186975,93.67068322,498.4778885,84.48393445,46.23782899,59.10003662109375,1,1.25580216662643,0.2536339140865
1349705,66.02811499,686.929163,430.8898678,1217.362203,0.0,0.0,10.20434504,25.8109904,3.001277954,93.63779736,500.0235242,88.83782744,48.62070285,58.89996337890625,2,1.33546193984108,0.235097652096099
1349711,42.14816566,691.9920437,448.9715847,1217.000568,0.0,0.0,6.513807419,16.47610112,1.915825712,93.99943169,483.0267104,56.70844106,31.03637653,182.20001220703125,1,1.06059210669215,0.307649560533031
1349810,59.120637,687.9729887,434.6178167,1217.287644,0.0,0.0,9.136825719,23.11079446,2.687301682,93.71235633,496.5192523,79.54412978,43.53428725,132.69998168945312,1,1.16791978735481,0.288789236450527
1349950,60.88424656,629.0,375.0,1112.0,0.0,0.0,12.04303778,28.10042149,0.0,92.0,484.0,90.99184101,63.56047718,59.79998779296875,2,1.37982163627378,0.342607262172941
1350000,71.63617868,658.3153705,398.5139173,1171.97404,0.0,0.0,12.42668406,31.43220085,1.46196283,92.72412379,495.9617021,100.8754353,63.59538311,64.70001220703125,3,1.32624388475114,0.308732784905769
1350035,77.80746394,651.864834,393.8721607,1160.949591,0.0,0.0,13.49721313,34.14000969,1.587907427,92.50802614,488.7459473,109.5656125,69.07397309,37.29998779296875,1,1.17771530765253,0.250972002689575
1350140,85.44964751,630.8028307,376.0948936,1119.374523,0.0,12.30000651,15.45365966,39.08866854,1.818077607,91.84519293,466.6322586,123.6292772,80.90445349,47.399993896484375,1,1.14388775767845,0.260274498512333
1350180,1.039017588,563.0,250.0,702.0,0.0,0.0,0.23869323,0.603753463,0.0,90.0,398.0,1.727015721,1.404077822,56.000030517578125,3,1.38408953701118,0.312409161937119
1350355,85.20020067,604.7721076,337.6175948,1022.018807,0.0,45.86243306,16.09337124,40.70676254,2.840006689,91.17390666,446.038156,125.9069632,86.14686957,53.20001220703125,4,1.47884290936806,0.379777979931301
1351500,70.32243054,503.2371141,276.0271019,827.1356353,0.0,55.23460693,16.15515296,39.91273085,36.11151839,89.2431116,364.8833056,117.8375863,85.52728039,38.5999755859375,5,1.62689080664866,0.632198170693614
1357500,45.93373669,381.4865926,205.6670195,619.199273,3.994237973,51.06400781,14.9783924,44.93517719,42.93805821,88.85854093,233.6885407,126.8170556,81.88187844,20.5,7,1.48877193736172,0.784412676481032
1360640,0.506445433,176.0,82.0,511.0,0.0,0.0,0.231517912,0.680083868,0.0,83.0,193.0,1.490396561,1.432517083,29.30000305175781,2,1.3111916312087,0.522825685717496
1362200,108.4406481,677.4956738,303.8616653,1200.03891,0.0,0.0,12.12379916,28.28886472,0.0,93.6412103,614.6037511,102.3787485,51.18937425,111.60003662109376,2,1.74914791446027,0.282143232882283
1362370,87.00401664,684.7704486,317.1460366,1189.443042,0.0,0.0,9.72715714,22.69669999,0.0,93.79935758,604.6404726,82.14043807,41.07021903,119.39999389648438,2,1.15056147635359,0.315243275575244
1362500,134.1006929,617.9931746,259.7713863,1195.907036,0.0,0.0,15.98551306,37.29953047,5.328504353,92.89065444,622.1999196,130.5483566,72.82289282,96.5,3,3.2957771575541,0.316811994106604
1363382,122.4498148,633.1275617,268.0310601,1199.420177,0.0,0.0,14.59666667,34.05888889,4.865555556,93.07062378,623.2660277,119.2061111,66.49592593,49.10002136230469,2,1.12001887259452,0.247672239382937
1364500,100.8094736,419.1146019,156.9624467,988.7541311,1.938643723,379.911435,17.44779351,39.74219633,32.95694329,90.08279462,456.2208696,128.9198076,84.33100196,31.699996948242188,3,2.61741685140443,0.340616605543419
1365000,22.81753168,565.0,255.0,1135.0,0.0,0.0,3.733777912,8.919580567,4.148642124,93.0,520.0,30.2850875,20.74321062,78.0,2,1.20428260138038,0.341468311358578
1367500,61.56740666,367.1155428,116.6940214,820.8576314,0.0,283.6931814,16.79111091,39.17925878,58.76888818,89.76846474,360.0220356,121.2691343,92.35110999,31.4000244140625,4,3.07169418626513,0.514073449883542
1371500,35.00477893,195.7746076,111.0896292,377.4427374,7.000955785,0.0,19.00259427,41.00559817,33.00450585,86.49159957,237.5342161,114.0155656,96.01310792,12.0,5,1.72046832585431,0.826041273183683
1372500,30.79483295,169.5222796,71.80603248,375.3094832,8.685722114,0.0,15.00261093,33.16366626,51.32472159,85.31290384,302.8985368,86.06761004,78.96111013,22.199996948242188,4,1.25573245128703,0.664502480006265
1374505,41.3115563,217.3500766,114.5074699,362.4464184,7.377063626,45.95247544,12.54100816,32.45907995,9.590182714,88.0,355.1139868,89.26246987,73.77063626,25.600006103515625,4,1.67586789793029,0.86936915889991
1374531,44.16772132,214.6100929,112.2748905,358.0827406,7.887093093,56.76018907,13.40805826,34.70320961,10.25322102,88.0,351.6128965,95.43382642,78.87093093,25.30000305175781,4,1.63731999848931,0.847296958026302
1374559,7.79570331,222.0,72.0,383.0,2.227343803,953.0,2.366552791,6.264404446,0.139208988,88.0,303.0,16.84428751,13.92089877,28.95000457763672,3,1.24744793149337,0.630961589642026
1374581,15.91943211,222.0,72.0,383.0,4.548409175,953.0,4.832684749,12.79240081,0.284275573,88.0,303.0,34.39734439,28.42755735,29.5,3,1.45043411173753,0.698462035574874
1374598,1.173086355,222.0,72.0,383.0,0.33516753,953.0,0.356115501,0.942658678,0.020947971,88.0,303.0,2.534704446,2.094797063,34.0,2,1.41549966391303,0.658242109429109
1374701,31.90916868,222.0,72.0,383.0,9.116905336,953.0,9.68671192,25.64129626,0.569806584,88.0,303.0,68.9465966,56.98065835,23.0,4,1.37327273902251,0.855633440099661
1374781,42.79200786,212.1391965,90.3520928,360.4444501,11.09422426,468.1770943,13.47155803,34.86756196,11.09422426,88.0,323.8504852,95.88579539,79.244459,22.80000305175781,3,1.23533883808563,0.950174920592314
1374821,44.52726852,209.9119771,89.36389774,358.0883958,11.54410665,468.6769162,14.01784379,36.28147806,11.54410665,88.0,322.8428634,99.77406466,82.45790468,24.0,3,1.20816274595237,0.917105280188453
1374890,1.420938896,158.0,68.0,301.0,0.453491137,363.0,0.544189364,1.360473411,1.753499063,89.0,288.0,3.779092808,3.023274246,17.399993896484375,3,1.54243656024767,0.840305594283508
1374901,9.421846718,158.0,68.0,301.0,3.006972357,363.0,3.608366828,9.020917071,11.62695978,89.0,288.0,25.05810297,20.04648238,20.100006103515625,3,1.37214120681962,0.913405516570631
1374930,38.74451521,190.4505628,80.69830949,337.3336188,14.43423116,447.4476364,12.9148384,33.42664058,29.62815869,88.22261075,311.4051376,92.68295796,73.69054855,21.60000228881836,3,1.5896916247907,0.799916155649808
1374941,38.79724208,190.3819806,80.58860864,337.3236495,14.4538745,447.6006395,12.93241403,33.47213042,29.66847924,88.22230813,311.3570081,92.8090889,73.79083298,20.59999084472656,3,1.50475705659318,0.799103087766172
1375000,43.83997432,184.5853966,71.31666989,336.4810437,16.33253945,460.5324918,14.61332477,37.82272294,33.52468624,88.19673098,307.2890881,104.8720954,83.38191194,22.09999084472656,5,1.54553274155298,0.933813584476948
1376800,4.356366859,79.0,11.0,223.0,14.74462629,375.0,2.513288573,7.874970861,0.0,88.0,209.0,20.10630858,7.372313146,3.10000228881836,3,2.49779983004672,0.881378322773422
1377000,6.541789188,79.0,11.0,223.0,22.14144033,375.0,3.774109147,11.82554199,0.0,88.0,209.0,30.19287318,11.07072016,4.5,3,2.19126233697721,0.878632688652039
1377370,4.394829997,79.0,11.0,223.0,14.87480922,375.0,2.535478845,7.94450038,0.0,88.0,209.0,20.28383076,7.437404611,10.90000057220459,2,1.27646294109875,0.882471298613594
1377500,7.290883394,79.0,11.0,223.0,24.6768361,375.0,4.206278881,13.17967383,0.0,88.0,209.0,33.65023105,12.33841805,7.799999237060547,3,1.38722244767124,0.850015080743114
1378500,18.81102619,69.6464892,8.810880452,213.6464892,72.79049264,361.2682501,12.26806056,37.62205237,4.907224223,87.80098913,194.4722066,97.32661375,31.07908674,7.5,5,2.11324779225612,0.842237724332787
1379773,4.375651085,265.0,159.0,420.0,3.150468781,81.0,1.487721369,4.025598998,0.175026043,90.0,334.0,11.11415375,7.001041735,19.0999755859375,2,1.19275359815535,0.731253418390558
1379780,5.356173783,265.0,159.0,420.0,3.856445124,81.0,1.821099086,4.927679881,0.214246951,90.0,334.0,13.60468141,8.569878054,20.39999389648437,2,1.18909393820859,0.691863327243199
1381000,42.05984405,231.4626607,120.7236888,388.2853422,42.05984405,121.8280653,14.95461122,42.99450725,0.934663201,89.6354637,290.9847169,117.7675633,75.70771929,16.899993896484375,4,3.04774208839109,0.719464501463001
1381400,4.459888339,130.0,49.0,326.0,11.89303557,0.0,2.378607114,6.838495453,0.0,89.0,183.0,17.9882163,10.70373201,16.5,2,1.21357940601323,0.699423025401797
1381500,11.45804782,130.0,49.0,326.0,30.55479418,0.0,6.110958836,17.56900665,0.0,89.0,183.0,46.2141262,27.49931476,11.300003051757812,3,1.44660671160938,0.714398217140098
1382500,27.96192303,302.0,66.0,450.0,6.579276006,303.0,9.320641009,24.12401202,8.224095008,90.0,311.0,70.72721707,50.44111605,20.70001220703125,4,1.86604020620474,0.740953964903303
1383500,17.1109413,242.0,92.0,435.0,2.369207258,402.0,4.738414515,11.58279104,0.0,89.0,412.0,33.16890161,26.32452508,29.5,3,2.10569119290507,0.67482748227021
1384500,2.193355912,242.0,92.0,435.0,0.303695434,402.0,0.607390868,1.484733233,0.0,89.0,412.0,4.251736075,3.374393711,30.30000305175781,3,1.34558071295037,0.583275346895338
1386000,48.72825984,234.1539383,88.46927224,423.7539782,10.82850219,412.0691125,13.14889551,34.03243545,0.0,89.0,406.3769891,96.68305524,73.47912198,18.39999389648437,3,1.67367507989139,0.875772931972856
1387400,48.10041445,242.0595945,113.8593866,412.5598544,20.04183936,0.0,13.62845076,36.07531084,11.22343004,89.4600104,377.4997401,101.0108704,64.13388594,30.0,4,1.28862335368743,0.769449008951614
1387420,51.1122282,240.8191007,111.9827421,412.114549,21.29676175,0.0,14.48179799,38.33417115,11.92618658,89.49181793,376.7045517,107.3356792,68.1496376,27.70001220703125,4,1.28801042287018,0.758512779263739
1387500,46.33105808,237.6722011,107.4215473,410.8660256,23.55816512,0.114896355,13.3496269,34.55197551,8.637993879,89.56565487,374.6987724,98.15902135,56.5395963,23.20001220703125,4,1.2790642326529,0.751946636302183
1388000,49.50037132,232.2557007,104.3240097,405.8849178,25.16968033,3.050177093,14.26281885,36.91553115,9.228882788,89.5294698,371.5195304,104.873668,60.40723279,19.600006103515625,4,1.33642547355606,0.764670371083673
1388500,52.82631884,238.968174,84.20589299,409.5386847,23.58317805,209.5196102,16.03656108,41.50639338,7.546616978,89.43237006,355.9696493,118.8592174,75.46616978,21.400001525878903,5,1.78492148793197,0.784347129937021
1389500,41.67578624,184.9883748,74.29416174,348.8433962,45.55260357,134.6573516,16.47647363,42.64499058,3.876817325,89.07239312,276.9730401,120.1813371,68.81350752,15.0,6,2.8312024446415,0.786242841645854
1389890,42.85858975,182.1739829,72.40956913,346.2261715,46.8454353,134.7495927,16.94409362,43.85530114,3.986845558,89.07039542,275.3456659,123.5922123,70.76650865,13.800003051757812,6,2.76060703230177,0.775184529333948
1390450,0.281794755,76.0,7.0,214.0,1.282166137,0.0,0.211346066,0.662217675,0.0,88.0,149.0,1.690768532,0.028179476,13.549999237060549,3,1.05946302071682,0.896967791839483
1390500,0.857799827,76.0,7.0,214.0,3.902989212,0.0,0.64334987,2.015829593,0.0,88.0,149.0,5.146798961,0.085779983,11.100004196166992,3,1.15293325060352,0.957555617888917
1391500,6.66611362,76.0,7.0,214.0,30.33081697,0.0,4.999585215,15.66536701,0.0,88.0,149.0,39.99668172,0.666611362,8.89999771118164,3,1.15951826819045,0.862127071521428
1396500,16.75892056,251.0,67.0,376.0,8.379460281,0.0,7.236806606,16.75892056,30.0898801,90.0,314.0,47.22968522,37.32668671,18.199981689453125,3,1.43111093474482,0.560884345579472
1397000,30.28065686,193.0635422,54.15073064,333.8498762,11.45754584,489.8520381,15.54952649,35.19103364,36.00942978,88.29918243,279.4725093,96.57074349,76.92923634,17.400009155273438,5,1.53161394071648,0.617206670042653
1398500,6.116073748,153.0,30.0,336.0,1.25457923,0.0,2.979625672,6.900185767,3.450092884,89.0,272.0,18.81868846,14.27083875,25.699996948242188,3,1.31373486212684,0.769667924626856
1399500,3.682723083,203.0,45.0,372.0,1.739063678,0.0,1.943659405,4.501105991,5.626382488,89.0,243.0,12.5826372,10.02519062,22.600006103515625,2,1.25326345579484,0.47551154802432
1400000,33.2774039,149.0602335,32.99512167,322.3513824,14.6812076,0.0,17.61744912,43.06487563,26.42617368,88.17751419,234.0875714,116.4709136,91.02348713,15.0,4,1.49251387145869,0.690892063337618
1409810,3.954272527,34.36826786,16.00299685,61.91317753,0.0,0.0,3.954272527,55.35981538,0.0,83.72754517,30.18263551,83.83057757,77.50374153,3.299999237060547,4,1.66466302094372,0.935554842155711
1411300,1.126378258,21.0,-1.0,36.0,0.0,0.0,5.256431869,21.02572747,0.0,82.0,15.0,38.29686076,37.54594192,1.9000005722045896,3,1.2334877418141,0.517532360286896
1413088,12.57267368,641.0,407.0,1060.0,0.0,0.0,2.02060827,4.602496615,0.0,91.0,502.0,14.93004999,7.40889699,86.85002136230469,1,1.09124429723924,0.184147654517877
1413398,38.13062262,710.0,410.0,1174.0,0.0,0.0,5.672324026,12.92029362,0.0,94.0,547.0,46.63910866,24.58007078,75.19998168945312,2,1.28378748575552,0.298555079535087
1413408,65.92977655,710.0,410.0,1174.0,0.0,0.0,9.807735355,22.33984164,0.0,94.0,547.0,80.64137959,42.50018654,92.5999755859375,3,1.18731892539538,0.291734697042758
1413500,87.29657628,676.6218061,408.5407229,1118.841104,0.0,0.0,13.54602046,30.85482437,0.0,92.54937614,525.275832,104.6053802,54.18408183,81.5,3,1.15837080340035,0.281189570917408
1414000,98.41488003,672.4845012,406.7850282,1109.595202,0.0,0.0,15.27127449,34.78456966,0.0,92.48731103,531.2322821,117.9281752,61.08509795,64.0,2,1.13157810821911,0.421686180701399
1414500,99.45505692,666.0818376,403.1355064,1099.41038,0.0,0.0,15.43268125,35.15221839,0.0,92.38371291,539.3054407,118.3172229,66.01758089,85.60000610351562,1,1.24127121162263,0.253418141026536
1415000,101.9475312,660.0063937,399.3494984,1094.573968,0.0,0.0,15.95700489,36.34651113,0.0,92.25863806,540.3162603,121.4505372,70.03352145,66.60002136230469,2,1.20806324479011,0.398367720168588
1417000,101.1598126,641.2271385,395.379555,1042.240877,0.0,1.48702708,15.83370981,36.94532288,0.0,91.81833589,540.7289833,117.873173,69.49239303,77.10000610351562,3,1.33650109722573,0.322972438160926
1417500,111.1954934,628.6580293,383.0677698,1001.817172,0.0,170.020017,17.10699899,39.91633098,0.0,91.51010324,550.3296482,126.4017148,75.0807178,77.20001220703125,4,1.419550474871,0.380921102085943
1420500,68.81883593,661.5023633,430.788196,947.211154,0.0,0.0,13.76376719,32.11545677,0.0,93.19391268,485.4359266,107.0515226,74.9360658,48.4000244140625,4,1.47770368779098,0.528692820682848
1421000,98.36622706,629.3032497,386.6868075,957.7789391,0.0,130.7581377,16.5475896,38.6110424,0.0,91.88966159,531.6499229,124.106922,79.98001639,66.29998779296875,5,1.44258230641684,0.45876796890629
1421610,9.818198468,635.0,452.0,956.0,0.0,0.0,1.8545486,4.581825952,0.0,91.0,445.0,13.85456895,6.000010175,50.70001220703125,1,1.1320616722115,0.309989291487762
1421618,5.960447584,635.0,452.0,956.0,0.0,0.0,1.125862321,2.781542206,0.0,91.0,445.0,8.410853813,3.642495746,78.79998779296875,1,1.14185576659007,0.228012596914801
1421900,68.78090523,618.6347875,437.0578494,914.0196722,0.0,0.0,13.439947,33.99516006,0.0,90.64423451,456.3844957,98.03255458,48.22569217,51.39996337890625,3,1.28048009202114,0.363641593093435
1422500,66.1480358,639.0,418.0,981.0,0.0,0.0,11.35875362,28.73096504,0.0,91.0,486.0,85.52473315,56.12560613,66.20001220703125,2,1.19222688701857,0.339622540533497
1423000,80.0684436,598.2323406,405.4258616,858.1421786,0.0,0.0,14.03261383,35.49425851,0.0,90.23718596,472.1741427,102.3555362,56.13045531,55.49996948242188,5,1.29586926692713,0.492648027890349
1425000,86.32138308,579.893993,388.6428159,819.2113881,0.0,3.977109631,15.28607825,38.66478617,0.0,89.8927132,495.9866701,110.5992721,63.84185624,57.29998779296875,5,1.40275877307442,0.551769025847793
1426500,89.82347334,555.7884937,365.3152248,772.8185485,0.0,92.04433909,16.41934459,41.53128337,0.0,89.40067931,491.6506685,118.7987873,72.43828495,55.79998779296875,6,1.47825138298432,0.598523842129129
1427207,94.93866706,578.4262525,360.9843398,843.5796706,0.0,154.1170058,17.43771436,41.65676208,0.0,90.49309651,507.3901921,124.9702862,81.37600033,58.29998779296875,6,1.82521866895682,0.537873617793278
1427510,92.69143202,562.2503662,348.5326043,823.5419193,0.0,161.2702294,17.74942315,41.41532069,0.0,90.28842337,497.9292354,126.2181202,83.81672045,54.29998779296875,6,2.08349314245578,0.544900971386655
1428500,89.36677559,543.8479121,335.6589157,790.7741225,0.0,164.6931893,17.87335512,42.69745945,0.0,89.96882781,486.2130886,125.1134858,86.38788307,49.9000244140625,6,1.98161287868358,0.563119303362754
1429500,28.57679616,459.0,300.0,630.0,0.0,0.0,9.8919679,23.08125843,0.0,89.0,344.0,66.49600644,54.95537722,28.100006103515625,4,1.33643212961777,0.741018810042787
1430000,45.64263456,459.7831655,300.8935465,685.8096795,0.0,0.0,16.10916514,37.58805199,0.0,88.78143129,337.5040439,107.3944342,88.60040825,26.70001220703125,4,1.36055895305029,0.717604484075138
1431500,48.00006044,447.1752449,292.3564162,674.7069514,0.0,0.0,18.00002266,43.00005414,0.0,88.4119795,319.6417775,119.0001498,98.0001234,24.699981689453125,5,1.34412708456266,0.742509552773774
1432110,44.8622036,454.6303192,298.0854473,647.0995205,0.0,186.200692,17.94488144,42.86832788,0.0,88.42719107,304.3240229,118.6356051,98.69684791,23.300018310546875,6,1.56534843666521,0.709772790777875
1432900,30.30207087,455.4397114,335.246862,662.9497923,0.739074899,0.0,13.30334819,31.78022067,1.478149798,89.93153291,301.8775202,93.1234373,72.42934012,20.600006103515625,4,1.46672422742868,0.595532561981474
1434000,73.95799381,504.2302526,311.3964539,723.791187,0.0,179.8211767,17.98978228,42.975591,3.997729395,89.43095666,426.7726141,123.9296113,90.94834374,36.29998779296875,7,2.13449105515337,0.609049801923881
1434017,9.688488639,781.0,502.0,1187.0,0.0,0.0,1.483822584,3.840481983,0.0,96.0,553.0,14.5763748,8.379233417,112.70001220703124,2,1.14906499217668,0.342094931022612
1434025,5.536747292,781.0,502.0,1187.0,0.0,0.0,0.847970306,2.194746674,0.0,96.0,553.0,8.330061242,4.788538199,131.1500244140625,1,1.0615598200478,0.467054802993753
1434498,58.28939844,781.0,502.0,1187.0,0.0,0.0,8.927205166,23.10570749,0.0,96.0,553.0,87.69666252,50.4124527,82.9000244140625,3,1.2076104903342,0.48287391805197
1436000,58.45605393,719.9738823,469.5728379,1106.382472,0.0,193.887407,11.55526648,29.90774852,4.078329344,94.87405687,518.3209516,103.3176767,66.61271262,76.69998168945312,3,1.39924345754958,0.460007935469263
1436690,57.74781863,606.59344,413.2351345,912.1302857,0.836924908,442.2503534,14.22772343,36.82469594,28.45544686,92.89088946,449.6279025,120.5171867,82.01864096,38.5,4,1.45846369337139,0.482248689663049
1437500,53.37087856,488.8614965,295.0000936,700.453047,0.860820622,352.2888468,15.4947712,37.01528674,30.98954239,90.7459518,403.6266172,113.6283221,85.22124157,32.0,4,1.55995035296235,0.54030376620061
1438500,72.80919983,496.91784,304.8657678,714.8993114,0.0,198.2351067,17.95295338,42.88761086,6.981704093,89.47501964,422.3568424,124.6732874,91.75953951,35.399993896484375,7,2.11612794727608,0.613435038442198
1439500,31.06929857,399.6316841,243.6474633,545.024796,0.0,0.0,14.67161322,37.11055107,56.96038072,88.53863494,249.0727615,101.8382564,86.30360715,18.4000244140625,4,1.94399395982466,0.661576722192145
1440000,20.95480154,276.0,117.0,479.0,0.0,0.0,7.372985728,15.9101271,32.20830607,87.0,376.0,44.23791437,38.80518804,19.79999542236328,3,1.24524758210871,0.882425155198771
1440400,25.8569406,426.0,185.0,650.0,0.6013242,0.0,10.8238356,25.2556164,16.2357534,89.0,293.0,72.76022819,60.13241999,20.0,3,1.52250988585444,0.706216140322039
1440485,4.305762751,427.0,189.0,665.0,1.025181607,0.0,1.742808733,4.408280912,4.203244591,89.0,202.0,12.60973377,10.25181607,30.20001220703125,2,1.21897312931225,0.638215360386962
1441495,30.70450821,351.0,132.0,631.0,6.740013998,0.0,12.73113755,32.95117954,68.89792087,88.0,239.0,89.8668533,71.1445922,20.199981689453125,3,1.45139926160249,0.774893777335339
1442500,42.43188736,349.5386355,147.1161905,598.1719926,7.71488861,0.0,17.35849937,40.5031652,59.79038673,88.05250407,265.3218952,114.7589681,94.50738548,22.0,5,1.74682035975119,0.71839164177959
1443280,0.944575254,224.0,148.0,451.0,0.223715192,0.0,0.497144871,0.994289741,2.485724354,87.0,252.0,2.858583007,2.237151918,24.5,2,2.05576942651929,0.65920980050324
1443500,28.19352579,227.8874457,136.7854373,465.6071275,2.013823271,0.0,13.42548847,26.17970252,66.45616794,87.0,280.7353903,76.52528429,64.44234467,16.0,4,2.3377277014095,0.731939213585101
1445000,7.683530258,212.0,161.0,375.0,0.451972368,0.0,4.745709865,9.039447362,17.85290854,88.0,227.0,26.44038353,22.59861841,18.79998779296875,4,1.46602674886172,0.75226767081994
1445500,9.230922419,182.0,60.0,378.0,1.53848707,634.0,4.038528558,7.115502698,19.23108837,87.0,289.0,22.11575163,19.03877749,18.20001220703125,4,1.43813664180159,0.690420247382428
1446000,34.8121475,206.4362617,138.8882455,360.7473151,0.809584826,0.0,16.19169651,30.76422337,72.86263431,87.83636064,274.8556956,93.91183977,80.95848256,14.100006103515623,3,1.21704036203792,0.645903534230397
1446775,12.48082751,183.0,63.0,501.0,9.259968797,0.0,8.454754119,15.29907888,36.63726785,86.0,191.0,45.09202197,17.71472292,17.699996948242188,3,1.68384111304409,0.513495629907411
1446776,12.49557468,183.0,63.0,501.0,9.270910247,0.0,8.464744139,15.31715606,36.68055793,86.0,191.0,45.14530207,17.73565439,17.599998474121094,3,1.66564105271494,0.516731458686145
1447500,18.4647579,563.0,452.0,683.0,0.0,0.0,12.3098386,29.40683666,0.0,91.0,219.0,88.9043899,68.38799223,12.70001220703125,4,2.0563024805437,0.81447161457878
1447680,13.81677349,576.6839518,497.8773417,673.2594202,3.140175794,0.0,10.04856254,28.26158214,0.0,92.0,163.3773773,83.52867612,62.17548072,12.9000244140625,2,3.56076198212164,0.580633550986009
1447720,17.10024944,570.9891626,488.6921978,665.7276022,3.886420328,0.0,12.43654505,34.97778295,0.0,92.0,173.6647385,103.3787807,76.95112249,13.29998779296875,4,1.59514264100014,0.743799222852158
1447800,22.65580615,561.2998963,450.5105857,664.4985113,1.510387076,0.0,12.83829015,32.47332214,0.0,91.41153145,231.2830321,97.41996643,75.51935382,14.39996337890625,5,1.85020929900083,0.774260960095213
1449000,39.11691316,506.6679051,350.755112,629.2711489,1.955845658,0.0,17.60261092,42.05068165,2.933768487,90.99763655,291.6967759,125.1741221,96.81436008,19.29998779296875,5,2.10479468569255,0.670079334674306
1449360,16.89039736,343.0,204.0,614.0,3.142399509,432.0,7.463198834,16.10479748,36.53039429,89.0,246.0,47.13599263,36.92319423,23.79998779296875,3,1.6075629021071,0.583589925373999
1449800,35.70642238,339.1395867,198.5558275,602.7157151,4.760856318,490.3021387,15.07604501,32.53251817,75.38022503,88.90101504,253.3248867,95.21712635,75.38022503,24.999984741210938,4,1.50897856430159,0.614107468025298
1450500,51.97443136,265.0,123.0,509.0,2.135935535,0.0,13.52759172,29.19111898,28.47914047,87.0,457.0,82.58950737,64.79004458,39.5,3,1.1642101390932,0.554948835091662
1451000,44.03209653,426.7389343,277.9043963,591.7090444,2.871658469,81.748562,17.22995081,40.20321857,29.67380418,89.88145954,318.2072915,118.6952167,89.97863203,22.10003662109375,5,2.20848853565241,0.641600667997088
1451500,21.33999208,161.3230408,102.6962723,356.1724684,40.39355643,0.0,16.00499406,28.96141782,76.21425742,85.79665395,187.8301145,83.83568316,44.96641188,13.599998474121094,3,1.59067538566082,0.559064059433301
1451650,25.4203893,158.3830126,98.73362564,347.4802111,48.11716546,0.0,19.06529197,34.49909976,90.78710463,85.66882663,188.9805603,99.8658151,53.56439173,13.300003051757812,3,1.61640990301084,0.530907003833265
1451800,20.06663793,189.0,82.0,447.0,7.392971867,0.0,10.56138838,20.59470734,20.59470734,86.0,209.0,59.14377494,19.53856851,23.5,3,2.11652218568815,0.643045519592947
1452000,25.48930781,189.0,82.0,447.0,9.390797614,0.0,13.41542516,26.16007907,26.16007907,86.0,209.0,75.12638091,24.81853655,19.199996948242188,3,1.99150031050153,0.625238664304062
1452500,10.11214471,148.0,80.0,280.0,17.46643177,0.0,9.652501767,16.54714589,45.96429413,85.0,121.0,50.1010806,4.136786471,10.0,3,1.54815281424777,0.427145241474103
1453000,42.0007511,350.1695711,220.5541948,528.289482,12.0002146,66.44848956,19.00033978,41.00073321,44.00078686,88.59943881,285.5412517,120.002146,79.00141278,19.60003662109375,5,2.28671956429932,0.601123843582556
1454700,41.87719658,338.4783324,211.2219839,514.8343287,13.95906553,63.7783123,18.94444607,40.88012047,47.85965324,88.42539672,285.3030469,119.6491331,79.76608873,19.79998779296875,5,2.65029520729752,0.591883374301994
1455500,3.325507287,303.0,206.0,414.0,2.191811621,598.0,1.209275377,3.476666709,2.342971043,90.0,310.0,9.523043595,7.331231974,21.0,2,1.203913896006,0.383682255977029
1457000,34.39565297,268.1511356,161.9412675,388.3037494,12.44098086,452.4463019,13.17280326,31.46836335,44.64116662,89.34112178,331.7283274,88.55051084,71.71859555,20.70001220703125,3,1.26387354831727,0.596683472601201
1466500,0.096144159,42.0,21.0,66.0,0.11537299,0.0,0.11537299,1.307560556,0.0,84.0,28.0,2.057484992,1.92288317,5.5,1,1.35958998671392,0.641964018523592
1468500,46.33579433,330.2351251,157.3412362,529.1594409,4.343980719,0.0,13.03194216,30.40786503,33.30385218,88.82038519,369.9624492,85.4316208,70.95168507,34.100006103515625,4,1.93681048496571,0.540631504941032
1469500,30.87904401,400.0,236.0,617.0,3.325435509,132.0,8.55111988,19.95261305,4.27555994,91.0,371.0,60.33290138,47.03115934,29.0,4,1.67243293832455,0.662420973185324
1470500,52.12310391,308.4902683,158.2457663,528.5632458,4.272385567,37.74600683,15.38058804,35.03356165,33.32460742,88.91860675,357.6850405,101.6827765,79.46637154,34.30000305175781,5,2.00287120088046,0.600530663406037
1470779,14.67311903,157.0,89.0,406.0,2.347699045,0.0,12.91234475,19.95544188,58.10555136,85.0,146.0,62.21402469,39.323959,11.300003051757812,4,1.59897836369808,0.529824039473207
1470960,29.10103292,161.4087125,83.17639602,418.2740823,8.184665508,164.6256533,19.09755285,32.73866203,64.56791679,85.53776128,173.1194821,98.2159861,57.29265856,14.600006103515623,5,1.63307004623586,0.665849990344233
1471000,31.72904468,160.2152866,82.08503874,415.5181002,8.923793816,191.3268535,20.82218557,35.69517526,70.39881788,85.57604698,176.5883068,107.0855258,62.46655671,14.699996948242188,5,1.59584191809269,0.661306408185245
1471875,23.61213874,176.0,46.0,356.0,3.516701514,0.0,10.04771861,19.59305129,39.68848851,87.0,283.0,56.76961015,45.71711968,26.30000305175781,3,1.33313751824392,0.669440696576677
1472000,44.06634066,208.6048424,100.4635457,426.5634721,11.49556713,66.8664974,18.20131462,37.36059317,45.02430459,87.01437631,270.6587496,109.2078877,78.55304205,20.600006103515625,6,1.77669730969711,0.616405799149678
1472198,14.09714856,193.0,86.0,343.0,1.342585577,0.0,6.377281491,13.76150217,25.17347957,87.0,267.0,37.92804255,32.22205385,16.300003051757812,3,2.08360514794678,0.607333408466372
1472199,13.24617708,193.0,86.0,343.0,1.261540674,0.0,5.992318201,12.93079191,23.65388764,87.0,267.0,35.63852404,30.27697618,17.899993896484375,2,1.54997538608681,0.569976068679926
1473500,40.95270287,180.2116676,82.02847943,366.3308656,17.97923541,54.70599158,18.97808182,39.95385646,43.94924211,86.57791609,248.7221434,111.8707981,79.90771292,17.699996948242188,6,1.71768212189968,0.647632951466197
1485500,3.540945644,17.0,3.0,31.0,0.0,0.0,8.093590043,26.81001702,0.0,82.0,16.0,50.58493777,42.9971971,1.8999996185302728,2,1.38411614906981,0.540233814754054
1487000,2.515580239,16.0,10.0,25.0,0.0,0.0,11.32011107,30.18696287,0.0,82.0,8.0,62.88950597,40.87817888,1.0,4,1.18518169862409,0.892112062203658
1490000,0.293578803,5.0,-2.0,17.0,0.0,0.0,1.663613216,4.990839649,0.0,81.0,9.0,9.590240895,6.06729526,1.3000001907348633,2,1.17317818557941,0.784312666602553
1491000,4.41368443,19.83620789,10.50862366,29.67241577,0.0,0.0,13.24105329,35.30947544,0.0,81.83620789,12.83620789,72.8257931,54.4354413,0.9000015258789062,5,1.40387917114577,0.916994275786099
1492500,0.467858831,15.0,-1.0,31.0,0.0,0.0,1.481552965,3.586917705,0.0,82.0,22.0,7.719670713,5.770258917,2.899999618530273,2,1.30825865577961,0.701466879379972
1493500,3.592126284,20.48453062,7.15333806,31.81615216,0.0,0.0,13.65007988,33.76598707,0.0,81.38382725,19.71184373,70.40567516,48.1344922,3.0,3,1.15140851676986,0.578472680231618
1500000,56.83917041,556.2279074,359.8770767,708.7016614,0.0,0.0,13.80379853,34.9154904,0.0,88.71754153,411.3052492,96.6265897,46.28332448,40.10003662109375,4,1.33736111804796,0.677100397430902
1500500,59.9013139,505.0731267,354.1134063,673.5523303,0.0,327.1848885,16.16384661,40.88502377,14.26221759,88.58798149,348.4969493,113.1469262,75.114346,32.70001220703125,5,1.42721055100141,0.739228432582826
1502500,48.67985615,456.5063553,328.8910816,601.2900458,0.0,0.0,15.61429348,38.57648978,13.77731778,88.00353268,296.7378682,107.4630787,62.45717393,26.199981689453125,4,1.43332868399353,0.72532664190064
1503000,60.31713309,476.4533087,324.0447978,636.5409043,0.0,174.0554535,16.53856875,41.83285037,9.728569854,87.96208747,350.3180893,113.8242673,77.82855883,32.699981689453125,6,1.66338451791515,0.723598675694307
1505000,49.68341521,441.1783687,326.9819864,588.2896315,0.0,0.0,17.19810527,40.12891229,42.03981287,87.97440501,283.3558659,114.6540351,67.83697077,28.800018310546875,4,1.24628864169752,0.7595081161203
1507000,48.86829338,446.9240263,309.488419,584.0708486,0.0,0.0,16.28943113,41.20267873,22.03864211,87.46486403,306.0482116,112.1096142,69.94873366,30.20001220703125,5,1.67154297983301,0.735142180606718
1509000,60.85162377,461.8917813,344.2736614,622.116361,2.992702808,0.0,17.95621685,41.89783932,35.9124337,88.46014153,370.6323378,120.7056799,62.84675897,34.800018310546875,5,1.38227813918194,0.74168347935034
1510000,52.7580319,491.911211,352.4979885,629.3041677,0.0,0.0,14.46591197,36.59024793,23.82620796,88.88211704,376.1901459,103.8141918,70.62768787,34.399993896484375,4,1.42452634421273,0.745647882690229
1512500,52.18580418,447.6279293,315.8144585,587.1157299,0.966403781,23.20187546,16.42886428,41.55536259,18.36167184,87.46363024,335.6071062,113.0692424,71.5138798,31.0,7,1.61064023761086,0.766242909300343
1516350,48.24899733,568.26227,383.5758292,722.5935719,0.0,0.0,13.44644188,34.80255545,0.0,80.88117774,430.8237946,71.97801241,70.39607807,34.0,4,2.21965140758927,0.816443682225598
1516500,48.05572019,568.5971457,383.783264,722.5195424,0.0,0.0,13.39257776,34.66314243,0.0,80.8967876,430.8029763,71.68968094,70.11408356,24.59999084472656,2,1.26525405773369,0.667022087549788
1518000,64.8230036,542.2494168,361.7479724,732.0770775,0.0,0.475465153,16.69683426,43.21533573,0.0,79.77165587,443.3185394,88.3950049,89.37717162,35.199981689453125,5,2.05952068242267,0.778606484144227
1518700,66.73961074,527.8006072,350.0908805,722.1462209,0.0,190.8509748,16.20819118,41.95061247,0.0,79.71768441,456.4551644,85.80807096,85.80807096,37.70001220703125,5,2.13203762043952,0.750492374109788
1518862,65.52103279,599.0378607,415.1779537,768.2528375,0.0,0.0,13.58362875,34.35859037,0.0,83.47665117,433.2334883,78.30562456,75.9085136,42.79998779296875,4,1.18858338740818,0.694251101594667
1520000,72.85424927,549.8765415,373.1128172,707.7641337,0.0,0.0,16.736787,43.31874281,0.0,81.34120281,424.0347098,92.54458692,87.62200251,40.4000244140625,4,1.26495877640629,0.634970323324653
1520500,66.85870641,533.3679227,356.7861601,713.4550982,0.0,132.018001,16.00842266,41.43356454,0.0,80.23198557,441.8350756,85.69214484,84.75047292,38.500030517578125,5,1.97413391499528,0.704278330776194
1521500,14.2563536,516.0,350.0,687.0,0.548321292,0.0,4.660730983,12.06306843,0.0,82.0,387.0,25.49694008,24.94861879,38.70001220703125,2,1.57722912948205,0.41000773790936
1523500,49.85711133,562.0,350.0,715.0,1.445133662,0.0,12.28363613,31.07037373,0.0,83.0,433.0,69.36641577,67.19871528,45.699951171875,3,1.31892942767233,0.351258616688555
1524500,55.59059965,534.5414647,349.8136817,697.9485758,1.853019988,0.0,15.7506699,39.83992975,0.0,82.37697275,406.6179705,87.09193945,86.16542946,37.850006103515625,4,1.56570705770804,0.403634120255897
1525500,65.43676988,554.9604845,343.454498,709.6919608,0.872490265,0.0,14.83233451,38.38957166,0.0,82.14958093,458.7488567,82.01408492,82.01408492,45.9000244140625,4,1.40010748077333,0.412732701575252
1525981,50.20405386,518.0559993,350.7879984,716.9646664,0.0,0.0,13.9912937,36.21276016,0.0,79.61266665,394.4300009,74.07155487,60.08026117,36.10003662109375,3,1.23611461936925,0.393323979421394
1526500,70.60567429,528.4878001,345.9425405,699.9658244,0.0,89.05995679,16.90558398,43.75562914,0.0,80.41318723,441.3191891,91.48904274,88.50570439,40.0999755859375,5,1.87803390193215,0.581573074640778
1527500,55.89947517,525.2368016,376.2478168,661.9249257,0.0,0.0,14.61986274,37.83964473,0.0,81.93156136,411.5955028,80.83924102,61.91941865,40.29998779296875,4,1.52135039471885,0.590933537405366
1529500,54.80835898,486.3980433,348.3140437,638.1934611,0.91347265,211.6381614,15.52903504,40.19279658,0.0,80.8416906,395.4182887,83.12601111,65.77003077,33.0999755859375,4,1.3924085435971,0.538125075172252
1529950,67.43279732,513.5307171,342.1882984,677.7457524,0.0,120.6663094,16.85819933,43.6329865,0.0,80.47203438,430.3284969,90.24094935,83.29933787,38.4000244140625,5,2.03938157213535,0.563772153597636
1531000,66.79876197,496.7409572,327.4533045,658.618003,0.982334735,109.9981534,16.69969049,43.22272833,0.0,80.1056509,427.7111391,89.39246087,81.53378299,37.70001220703125,5,4.39042225514719,0.605833948459685
1532000,64.62309354,493.2911289,272.9765071,714.3152426,0.0,0.0,17.8956259,42.75066188,0.0,75.55258945,426.795589,85.50132376,85.50132376,31.79998779296875,5,1.53565338816527,0.795897758064487
1534000,48.1201057,381.9888283,252.073813,558.8870861,2.776159944,0.0,16.65695967,39.79162587,0.0,86.09057056,339.0961564,100.8671446,78.65786509,30.29998779296875,4,1.31102788129802,0.741734667587113
1534300,13.09257647,574.0,375.0,780.0,0.0,243.0,4.713327531,11.25961577,0.0,91.0,347.0,33.77884731,26.18515295,25.899978637695312,3,1.19532905683227,0.707755691160887
1534500,39.00180499,540.491122,337.8416402,752.4630012,5.25024298,203.5192427,13.50062481,32.25149259,0.0,90.33645786,348.3270843,93.00430421,72.00333229,28.100006103515625,4,1.23767705333576,0.644765903998552
1534860,46.5549922,490.8179393,292.6375605,726.0874882,17.90576623,159.2473716,16.11518961,38.49739739,0.0,89.25974741,345.285,107.4345974,76.99479479,28.199981689453125,4,1.33258561328599,0.670730018469176
1536000,51.7629838,488.0,210.0,666.0,0.908122523,0.0,16.34620541,38.14114596,0.0,89.0,331.0,108.9747027,89.90412976,26.29998779296875,4,1.37676554734343,0.681874492627392
1538000,13.40823254,403.0,168.0,630.0,0.0,0.0,5.363293014,12.21638964,0.0,89.0,366.0,34.56344387,29.20015085,31.5,3,1.26745182153954,0.721488804659404
1539000,60.34748596,412.5104402,221.3938634,668.9987552,0.0,0.0,15.74282243,36.73325233,28.86184111,85.9869079,437.1268909,91.83313081,81.33791586,30.0,5,1.83431015297845,0.748303277596453
1541000,51.41108189,526.3472889,407.4874846,666.2205916,0.0,20.68615984,16.28017593,35.13090596,2.570554094,86.75008198,330.9050602,96.82420422,77.11662283,30.0,4,1.7665063548528,0.825993954359683
1541200,57.88808215,522.9517817,400.9434182,668.657453,0.0,53.61644099,18.33122602,39.55685614,2.894404108,86.66615657,332.9296726,109.0225547,86.83212323,30.699981689453125,4,1.9966083999838,0.82987339814849
1541303,57.34129676,528.0203464,386.3644543,684.5704193,0.971886386,68.74111217,18.46584133,39.84734182,1.943772771,86.79351957,337.798923,109.8231616,85.52600194,30.4000244140625,5,2.00026577970714,0.808860963169158
1541500,51.57232492,525.4463288,401.4865526,694.7820131,0.0,227.6446773,18.48819195,39.89557211,8.75756461,85.57572841,310.9483993,105.0907753,84.65645789,30.5,4,1.82922085337825,0.7481488841438
1542500,46.05991088,561.0,262.0,690.0,0.0,0.0,16.82958282,37.20223571,0.0,87.0,332.0,99.2059619,84.14791411,30.4000244140625,5,2.2308075871044,0.769809099952988
1542810,2.033469881,560.0,320.0,734.0,0.0,0.0,0.338911647,0.713498204,0.0,87.0,529.0,2.033469881,1.78374551,77.35000610351562,2,1.23115648883725,0.874441802087462
1543000,95.53084898,545.5889505,308.474688,725.8157018,0.0,0.0,16.20612617,34.11816035,0.0,86.55073575,499.9065003,95.53084898,85.29540087,62.199981689453125,5,1.39881109953976,0.874940999073845
1543500,99.81795775,536.7747408,306.4297881,714.9355084,0.0,0.0,18.96541197,39.9271831,0.0,86.62573093,472.6338371,112.7942923,99.81795775,52.20001220703125,6,1.50911683226861,0.833549462451455
1544000,110.1381177,585.1667036,334.3525075,755.9150819,0.0,0.0,16.34862685,35.27861584,0.0,86.0,515.2161763,93.78949089,86.04540449,68.10003662109375,4,1.45075663881598,0.840950145262478
1544500,81.35758198,592.1302009,336.6071072,759.8488705,0.0,0.0,13.44168746,29.71320385,0.0,85.9996365,525.4794508,75.6979241,70.74572346,61.9000244140625,4,1.28579894376023,0.806790542786041
1545000,103.9996314,561.7944075,307.7693002,736.3959247,0.0,0.0,17.33327189,38.31565366,0.0,85.60409939,530.329628,97.61368909,91.22774681,63.79998779296875,4,1.53050235915743,0.764340543423455
1545500,80.55743237,533.1525867,329.4604543,707.9265346,0.0,60.02371935,18.89618784,40.77598428,4.97268101,86.05770498,415.7711522,109.3989822,93.48640299,40.0,6,1.9901151590874,0.780300631792915
1545600,35.69282045,544.0,197.0,696.0,0.0,0.0,6.221684299,13.75319687,0.0,85.0,531.0,34.71044925,32.74570684,49.600006103515625,3,1.21531646994098,0.525981874622388
1546400,24.31634099,403.0,290.0,736.0,13.26345872,0.0,11.05288227,21.00047631,1.65793234,83.0,251.0,55.81705546,23.76369688,21.0,3,1.57244645876146,0.504068687704143
1546500,30.39521936,396.8518882,278.6035,719.8049737,9.924969588,0.0,12.40621199,23.57180277,9.304658989,82.85004605,257.5979737,62.03105993,27.91397697,19.29998779296875,4,2.21243978509741,0.577061234744737
1547100,43.02399937,386.6218576,259.6405165,692.8575761,14.04865285,0.0,17.56081607,33.36555053,13.17061205,82.60053311,268.5765431,87.80408034,39.51183615,20.5,4,2.12913218782206,0.549735848536553
1547200,56.60325262,405.4137638,244.5787042,710.2598608,5.660325262,17.41889775,15.36374,31.53609789,38.81365894,82.72257474,353.1186966,81.67040735,61.45495999,28.39999389648437,4,1.1271171797535,0.622266786734467
1547500,67.56296685,391.7221869,233.9420991,705.1896356,6.756296685,89.04159726,18.33851957,37.64222439,46.32889155,82.60537599,353.2616405,97.48370931,73.35407829,28.4000244140625,4,1.13327042116079,0.635290988101343
1547700,66.01660258,406.0,180.0,655.0,0.0,0.0,12.12549843,27.61919087,59.95385336,83.0,478.0,68.71115779,65.34296378,47.399993896484375,3,1.22949857939848,0.571158443031709
1547950,58.84202406,504.429479,289.2780172,696.0742218,0.0,0.0,17.46872589,37.69567166,55.16439756,84.80650086,373.599818,97.45710235,90.10184934,42.0,4,1.71006008810684,0.671220581233498
1548500,89.92555336,582.8493317,348.2452561,748.6164988,0.0,0.0,17.0385259,40.70314521,0.0,83.81560679,523.0492742,95.60506199,92.76530768,50.5,5,1.71643818792762,0.689347206603269
1549500,25.41039098,554.0,327.0,721.0,0.0,0.0,5.318453925,13.00066515,0.0,83.0,519.0,28.66055726,28.95602693,43.5,3,1.2050172462088,0.634213158291558
1549700,93.9562907,555.1324469,307.7205746,729.5150463,0.0,0.0,17.43518796,41.65072681,3.874486214,83.68475469,535.2092121,96.86215536,94.92491225,52.0,5,1.6156636387274,0.663985454088754
1550000,70.30466258,534.5222879,256.4486512,721.6450155,0.0,0.0,13.04622605,31.16598444,9.422274367,81.06257791,537.9993362,68.13029158,72.47903359,44.4000244140625,4,1.35885145677506,0.741384615962377
1552000,63.99136485,516.2455941,301.0874498,698.0353486,0.0,0.0,15.99784121,38.21706512,10.66522748,82.38950635,464.7301231,85.3218198,88.87689563,36.20001220703125,5,1.55561577003496,0.740034227958558
1552500,16.81235345,501.0,220.0,760.0,0.0,0.0,3.802794232,8.206029659,0.0,84.0,448.0,20.01470648,20.01470648,39.350006103515625,3,1.23311390294339,0.636995204358954
1553700,23.20547082,222.0,156.0,393.0,0.0,0.0,11.93424213,26.52053808,65.63833174,82.0,223.0,64.31230483,39.11779366,13.099990844726562,4,1.34104925867692,0.896566891531008
1555000,72.24736582,434.4996637,272.1306501,700.8348301,0.0,0.0,17.57368358,40.02894593,28.31315688,84.64359544,418.9074086,103.48947,83.96315488,29.5,5,1.67427097367771,0.712995933968496
1555500,57.47253089,287.812058,158.9055695,512.5873445,0.0,0.0,16.54512253,34.8318369,0.0,86.19531494,421.0740826,94.04595964,82.72561264,28.70001220703125,4,1.31399813698166,0.669604009982272
1556000,74.17539277,472.4496815,283.4467823,850.0053592,6.656766018,0.0,18.06836491,37.08769639,44.69542898,83.04107311,382.5073005,96.04762398,65.61669361,32.600006103515625,6,1.58406638999493,0.75176656408122
1557500,48.65895048,512.0,274.0,791.0,0.600727784,0.0,11.41382789,24.62983913,60.07277837,84.0,417.0,63.07641729,59.47205059,43.100006103515625,3,1.16977886165029,0.573228802658888
1558000,75.02350325,480.080966,277.6811748,789.5692572,4.001253507,0.0,19.00595416,39.01222169,69.02162299,83.71755423,382.4980804,103.0322778,82.02569688,38.0,4,1.90891585700017,0.683724326832873
1559000,69.2474954,434.8985061,266.4649936,769.0983095,3.901267347,0.0,18.5310199,38.03735663,50.71647551,82.67302853,366.9545841,97.53168366,78.02534693,31.39999389648437,6,1.98173490545601,0.686340169563776
1560000,64.52916037,492.4714702,332.3579171,868.2762516,0.0,0.0,17.26836686,36.35445655,56.34940765,82.18519983,338.0941542,89.97727995,59.9848533,32.0,4,1.9503554217802,0.880622885229753
1562000,67.98898398,464.1476339,312.4481867,789.2604224,0.0,0.0,19.15182647,38.30365295,35.43087898,81.12239112,361.1381342,92.8863584,77.56489722,32.9000244140625,5,2.14581071429896,0.845923670938949
1563200,69.83750637,453.2157866,295.6736379,772.0210923,0.0,40.71439689,18.68891015,39.34507401,31.47605921,81.3045397,368.1887092,95.41180447,82.62465542,32.899993896484375,5,1.95572402159857,0.840572647729175
1563500,72.50551535,432.1035066,269.3961381,760.1239332,1.986452475,37.89985037,18.87129851,39.7290495,40.72227574,81.88592991,372.4313215,98.32939752,83.43100396,33.5,6,2.14335479191053,0.764565348151935
1564500,56.11572933,367.2280791,215.3881426,690.5257911,0.0,0.0,14.80831746,31.17540518,10.91139181,81.91071927,398.7808102,75.60035757,77.15912783,32.0,5,2.2860329871297,0.820224696405342
1565000,73.08555056,367.4708739,177.4151525,695.5925333,2.775400654,0.0,17.57753748,37.93047561,10.17646906,83.09277309,405.692969,94.36362224,87.88768738,32.899993896484375,5,1.3239514592454,0.634780448101292
1566000,76.33063635,315.0965337,182.8480578,654.7880674,0.0,0.0,17.90471717,37.69414141,76.33063635,82.28928862,381.301931,93.29299998,94.23535351,36.899993896484375,4,1.45436994619156,0.813600356079375
1567000,73.24540859,384.2273737,228.0067369,716.6105616,0.989802819,53.55724583,18.80625356,39.59211275,44.54112685,82.05705018,379.6855138,97.99047906,89.08225369,32.80000305175781,6,1.89900364811503,0.76686250171243
1567500,42.31640607,357.4367876,197.193296,676.12081,0.0,0.0,10.3078425,21.70072106,2.712590133,83.0,417.6821508,55.87935673,53.70928463,22.40000915527344,2,1.36435424978818,0.809731281384679
1568000,69.05057222,302.0426152,165.5364978,600.8970759,0.0,0.0,17.97206674,37.83592998,21.75565974,82.8050201,402.6859714,96.48162146,93.64392671,34.19999694824219,6,1.7045638299532,0.781037727163513
1570000,34.4057315,227.904362,146.0936796,571.9456465,9.557147639,0.0,19.11429528,36.31716103,92.70433209,81.18740009,195.4891018,92.70433209,39.18430532,10.100006103515623,4,1.70480056163505,0.648847409136191
1571184,7.366616139,342.0,157.0,628.0,0.0,0.0,2.039986008,4.759967351,0.453330224,84.0,406.0,11.89991838,10.76659282,37.399993896484375,3,1.21986907552051,0.581018343299775
1571500,43.08642157,251.1739076,136.7990061,518.4320918,12.44718845,0.0,19.1495207,36.38408933,36.38408933,82.2736873,289.4809422,95.7476035,74.68313073,21.600006103515625,5,1.66682554143395,0.615688042173676
1572025,36.78577056,288.9384868,154.9193946,516.26084,0.0,0.0,11.27305872,23.7327552,2.37327552,86.99959661,364.7150931,65.85839568,58.14525024,30.89999389648437,4,1.53284708955776,0.626296660736235
1572190,50.10507031,276.9895408,147.761646,509.8099894,0.0,0.0,15.35477961,32.32585181,3.232585181,86.46791267,378.6174199,89.70423877,79.19833693,31.5,4,1.57534012195004,0.652638265955058
1573000,45.36033076,235.3539658,137.3731692,472.3373334,0.945006891,0.0,17.95513093,37.80027563,23.62517227,85.55340019,311.4464351,102.0607442,86.94063395,16.599990844726562,5,1.90273621341366,0.719060264649034
1573560,34.45886107,212.0334193,117.3713441,437.733779,9.719165942,0.0,16.78765026,34.45886107,35.34242161,84.67752476,271.143375,92.77385672,71.56840375,14.100006103515623,5,1.80084095885498,0.713968462128966
1573849,4.892999648,209.0,134.0,437.0,0.0,0.0,3.20575839,7.086413283,0.0,81.0,194.0,16.53496433,7.086413283,15.800003051757812,2,1.19936749855304,0.598757368405462
1580000,27.55217165,191.7991665,94.17407395,287.1578702,2.504742877,0.0,15.86337156,36.73622887,0.0,84.0,209.4728703,87.66600071,62.61857194,19.70001220703125,3,1.60691102433997,0.830907910879331
1581810,11.4174328,225.0,96.0,333.0,0.57087164,943.0,5.423280578,12.55917608,13.13004772,84.0,225.0,29.68532527,25.40378797,23.0,2,1.38932802950584,0.659820864949365
1581830,3.351030525,225.0,96.0,333.0,0.167551526,943.0,1.591739499,3.686133577,3.853685103,84.0,225.0,8.712679364,7.456042917,20.30000305175781,2,1.22729491500897,0.804984348054759
1581870,5.989067188,225.0,96.0,333.0,0.299453359,943.0,2.844806914,6.587973907,6.887427266,84.0,225.0,15.57157469,13.32567449,18.600006103515625,3,1.30363352899199,0.814885983990672
1581960,4.770127559,207.0,105.0,302.0,0.0,0.0,2.517567323,5.830155906,1.325035433,84.0,209.0,13.91287205,11.79281536,19.100006103515625,3,1.36751561925428,0.674743802430788
1583500,20.42715516,164.0,-10.0,273.0,9.285070525,0.0,11.76108933,26.61720217,6.809051718,83.0,238.0,63.13847957,43.33032912,18.89999389648437,4,1.5922028186184,0.780201271227223
1583580,0.579554803,164.0,-10.0,273.0,0.263434001,0.0,0.333683068,0.755177471,0.193184934,83.0,238.0,1.791351209,1.229358673,13.049999237060549,1,1.30203296574703,0.785530139659068
1586610,14.73993407,207.0,121.0,287.0,3.43931795,0.0,9.335291578,22.1099011,7.861298171,82.0,214.0,49.13311357,34.88451063,20.199996948242188,3,1.23058625914249,0.892700334366279
1591400,5.939653816,180.0,119.0,259.0,0.0,0.0,4.648424726,11.62106181,0.0,82.0,148.0,25.04984435,13.42878254,13.300003051757812,3,1.23706389437602,0.910289538701053
1595000,45.59231841,865.0,666.0,1055.0,0.0,0.0,15.19743947,30.39487894,4.559231841,91.0,315.0,98.02348457,74.4674534,33.5999755859375,4,1.36496023975154,0.744832062068374
1595500,54.83689472,864.0584794,606.5107353,1078.778021,0.0,292.4459088,16.12849845,32.2569969,35.48269659,90.1478003,348.7778896,98.38384053,77.41679255,39.5,4,1.3851742027271,0.689659668108452
1595800,62.89962297,837.649019,568.1239777,1060.094398,0.0,333.6578504,18.49988911,36.99977822,40.69975604,89.48803309,359.3158765,112.8493236,88.79946773,43.20001220703125,4,1.50019339526025,0.693985035764773
1596500,47.04108372,749.0,454.0,916.0,0.0,0.0,9.120210108,19.68045339,48.00110583,87.0,412.0,54.24124959,46.56107266,51.29998779296875,3,1.48728939663783,0.760089851224022
1597500,85.78616366,735.9070637,407.8771563,931.7710369,0.0,70.22574914,16.13799118,34.82408624,84.9367957,87.0,440.2688397,95.97857914,82.38869183,61.9000244140625,4,1.4717520800566,0.736095169359373
1598500,77.99473091,793.2448193,498.5263985,1013.847624,0.0,277.7436738,19.99864895,39.9972979,60.9958793,88.42293735,392.0112699,118.9919613,96.99344741,49.70001220703125,5,1.5300634254022,0.705545755867114
1599000,62.08215682,649.0,295.0,892.0,2.243933379,0.0,14.95955586,30.66708951,74.04980151,84.0,410.0,77.78969047,61.33417903,57.59999084472656,3,1.29345600199412,0.704956582548339
1601000,76.81296821,613.629138,360.2522021,855.378992,0.0,0.0,16.1711512,32.3423024,59.02470189,82.90603443,425.8145536,80.85575601,76.81296821,60.0,4,2.22866293525372,0.731589394145018
1601500,92.8482511,562.4540281,301.67057,850.0343378,2.932050035,0.0,19.54700023,39.09400046,69.39185082,81.45843258,438.2306318,95.78030113,88.93885105,58.9000244140625,4,3.80124606195224,0.742526698325989
1603000,88.9983958,656.7891063,376.0401065,935.7302035,1.999963951,164.0526274,19.99963951,39.99927901,65.99881037,84.28947584,413.0644935,106.9980714,92.9983237,51.5999755859375,5,1.68230486017181,0.748584711131106
1604500,74.42145071,414.4271044,239.8759907,851.9622363,0.0,0.0,18.60536268,37.21072536,34.41992095,76.47940968,391.5170208,80.93332765,93.02681339,36.649993896484375,5,1.36969418336158,0.940066526759703
1605500,94.63168777,868.382105,595.3239988,1299.934761,0.0,0.0,16.03926911,32.88050168,63.355113,84.84929613,478.3485002,84.20616284,80.19634556,63.0,4,1.27270138217139,0.531328931902868
1606000,136.8331006,917.1570687,506.1766099,1413.959879,0.0,0.0,18.87353112,38.6907388,38.6907388,88.01675247,507.0037867,111.3538336,94.3676556,89.29998779296875,6,1.28300668234905,0.69894461531696
1606500,129.954356,841.2084313,498.3028144,1328.31578,0.0,0.0,19.69005394,40.36461057,60.05466451,85.20832912,501.2341694,107.310794,96.4812643,74.5,7,1.40947568627592,0.672113630548747
1607500,78.18288366,751.9350603,519.2859095,1275.24158,0.0,0.0,13.27633874,32.45327246,11.06361561,80.81872173,412.4047354,69.33199117,73.75743742,48.9000244140625,4,1.26366287881013,0.633625500513145
1608000,111.9093412,679.6447187,418.6441648,1157.231193,0.0,0.0,17.71897902,40.10084725,7.460622745,79.06140337,467.2062818,85.79716157,92.32520647,61.800048828125,5,1.21482593746968,0.734663790509713
1608500,111.8491475,665.1744671,389.187496,1144.328736,0.0,0.0,19.62265746,40.22644779,37.28304917,80.45450574,457.0602044,95.16988867,96.15102154,55.800048828125,7,1.42918469058474,0.811501606731359
1609000,72.54739163,397.8694246,227.4884046,768.0893179,0.0,0.0,17.44810685,36.73285652,4.591607065,77.56273419,436.7815549,80.81228434,91.8321413,37.199981689453125,4,1.74204482422167,0.959127615459653
1610000,95.92707244,587.852679,339.224133,981.210544,0.988938891,52.25978232,19.77877782,40.54649454,42.52437232,80.33409078,431.5892506,95.92707244,95.92707244,47.5,7,1.48733426175396,0.829430797151754
1610155,60.51921504,346.5815813,210.598705,573.719546,0.0,0.0,17.42219827,37.59526995,24.7578607,78.21550884,369.120841,81.60924453,91.69578037,31.79998779296875,4,1.86772265926425,0.860076724738074
1611500,85.03554606,490.1118327,295.7347844,871.4277946,0.0,0.0,19.32626047,39.61883396,32.8546428,77.88428672,451.8693223,86.00185908,95.66498932,44.0999755859375,5,1.69308533781825,0.796414387745298
1613050,10.06144339,288.0,147.0,706.0,0.0,0.0,3.54013749,7.825567083,3.54013749,79.0,323.0,16.95539535,18.63230258,20.39999389648437,2,1.34984611917721,0.937622140496519
1613095,56.79732675,294.2018981,143.1516613,699.7301889,0.0,0.0,18.60602083,40.14983443,47.98394847,78.95198364,348.5769345,88.13378289,97.92642544,24.199996948242188,5,1.65833219462557,0.980737154115072
1613525,61.64609354,315.1565815,159.7392629,679.7868848,0.0,0.0,16.97501127,35.73686582,2.680264937,80.75804384,362.6287633,83.98163468,87.55532127,33.59999084472656,5,2.00389070428047,0.922545108598998
1613900,16.77442083,291.0,178.0,701.0,0.0,0.0,7.045256748,13.41953666,3.354884166,76.0,322.0,28.51651541,33.21335324,19.30000305175781,3,1.17316101054927,0.977848418656907
1614000,43.94588558,282.3901128,164.8616722,665.0714427,0.0,0.0,17.23368062,35.32904527,26.71220496,76.81914836,347.1024842,74.10482666,83.583351,21.39999389648437,4,1.48895108059037,0.900171904221639
1614500,38.48077361,271.8537604,168.8570623,589.5638912,4.47450856,0.0,18.79293595,34.00626505,76.06664551,81.00024476,246.8614836,85.91056434,40.27057704,13.399993896484377,5,2.36024284869114,0.761603460915783
1615000,9.450622347,224.6524895,167.3590507,432.6099581,16.53858911,0.0,12.40394183,22.44522807,20.08257249,76.14671941,125.3204746,50.20643122,23.62655587,8.300003051757812,3,2.22447581528381,0.7120217723775
1616100,8.912938028,225.4766652,168.2862484,435.9066608,15.59764155,0.0,11.69823116,21.16822782,18.93999331,76.09520842,124.8568758,47.34998328,22.28234507,4.79998779296875,3,1.15963960037085,0.59478088364093
1616500,16.47312599,198.0464797,139.7893076,393.297903,13.8721061,0.0,19.07414588,32.94625198,32.07924535,76.61949619,147.4952285,73.69556365,33.81325861,7.6999969482421875,4,2.16631456988443,0.688055007002866
1617000,15.85385247,199.2203098,142.0079036,391.317117,13.3506126,0.0,18.35709233,31.70770494,30.87329165,76.604631,146.6550986,70.92512946,32.54211822,9.0,2,1.29526920013688,0.552697302529988
1617800,76.89602788,459.3524222,266.616387,819.8639521,1.971693023,30.70457392,19.71693023,39.43386045,43.3772465,79.4262769,382.3431564,92.66957207,85.76864649,8.899993896484375,2,1.11175725620945,0.472915619365104
1619000,20.37842025,312.7514657,171.8873762,626.3556611,4.826467955,0.0,11.79803278,20.37842025,53.62742172,83.06378886,239.7776495,53.0911475,30.56763038,24.39999389648437,4,1.2065512573791,0.756270418055197
1619500,35.86700062,244.3057618,132.7217534,554.0904974,9.438684374,0.0,20.76510562,35.86700062,94.38684374,81.10875897,201.3698435,90.61136999,49.08115874,17.199996948242188,4,1.58642814501929,0.746107957720124
1620500,36.45849875,830.0,488.0,1298.0,0.0,0.0,4.625331931,12.2435257,0.0,84.0,545.0,28.02406993,27.20783489,77.39996337890625,2,1.25082391511361,0.430038627401808
1621050,69.49428857,845.3523562,508.8653981,1239.152787,0.643465635,0.0,12.22584706,26.38209103,19.30396905,83.93323759,555.5751369,61.77270095,57.26844151,14.79998779296875,1,1.14275300570099,0.216529609375966
1622000,72.75698877,618.8127937,411.9263885,973.3945603,3.683898166,0.0,18.41949083,36.83898166,41.44385436,78.18912495,367.2868539,83.80868327,64.4682179,24.600006103515625,5,2.02812106733652,0.497230599047041
1625000,45.36426896,497.1684097,385.7799933,791.8667933,2.95853928,0.0,21.69595472,37.47483088,57.19842607,78.35898418,248.6685853,87.76999863,33.53011184,16.70001220703125,4,2.49758618225553,0.401476943731738
1626000,57.1128733,561.4566428,412.6249707,1073.952278,4.605876879,0.0,20.26585827,35.92583966,87.51166071,82.2789494,297.8767603,91.19636221,64.48227631,26.0,4,1.39750162904831,0.924899550376319
1626850,51.04619609,557.3104026,407.4538598,1065.286291,4.861542485,0.0,17.82565578,31.60002615,77.78467976,82.31199322,299.685513,79.40519392,59.95902398,26.5,4,1.47557543620582,0.849168741947546
1627500,55.08424173,539.2850208,393.3766902,1033.771196,4.371765217,0.0,19.23576695,34.09976869,81.31483303,82.07969407,299.1149815,84.81224521,67.32518434,28.29998779296875,4,1.61304061976268,0.786951405359773
1628500,61.16132686,540.0257983,388.3332589,900.9229288,3.883258848,0.0,20.38710895,37.86177377,58.24888273,78.98237575,303.3397938,88.3441388,59.21969744,19.79998779296875,5,2.02484935569077,0.532164475535693
1629500,65.35554525,524.2099286,364.0617036,921.5540676,2.926367698,0.0,20.48457388,38.04278007,56.57644216,79.24169695,315.1724546,89.74194273,64.38008935,21.5,5,2.43596040137902,0.538898896486404
1631000,69.29569995,501.7547259,334.7773697,944.9423736,2.969815712,0.0,20.78870998,38.60760426,57.4164371,79.15003467,321.1810913,91.0743485,69.29569995,23.199981689453125,5,2.2985746558689,0.511403635046804
1632000,104.9199349,599.1525896,365.3284461,1105.45444,0.0,0.0,19.0763518,39.1065212,7.630540721,77.25521552,491.227307,83.93594793,89.65885347,49.60003662109375,4,2.26326559478543,0.490362505682268
1632082,24.53128008,408.0,314.0,672.0,1.989022709,0.0,14.58616653,24.53128008,66.30075697,72.0,248.0,53.04060557,30.49834821,15.699981689453123,3,1.1558833450747,0.367593038323041
1632900,46.36778524,436.9732799,302.9822656,952.2234576,0.785894665,0.0,16.50378797,30.64989194,28.29220794,76.0,283.8749111,66.80104653,62.87157321,31.600006103515625,3,1.59838204970669,0.400539077178223
1633000,41.73722259,388.0,262.0,564.0,0.0,0.0,18.73916116,31.51586196,24.70162153,72.0,320.0,67.29062418,44.29256275,26.79998779296875,4,2.03991818979324,0.417298403757292
1634000,70.06604387,450.2215643,288.6514401,890.2031834,0.986845688,0.0,20.72375945,38.48698184,35.52644478,74.67606991,363.012242,82.89503782,74.01342662,25.100006103515625,4,2.36683429372499,0.439196082657137
1634500,68.49694321,425.2654449,228.6364355,889.106336,0.0,0.0,18.2080482,34.68199656,13.87279863,77.71970296,405.4245538,76.30039244,84.10384166,28.70001220703125,4,1.53295837042329,0.859880438681924
1635500,57.36311499,408.0,151.0,807.0,0.0,0.0,12.47024239,24.31697266,0.0,78.0,441.0,54.86906652,62.35121195,36.5,3,1.36292551346654,0.419811404929329
1636316,66.97758201,460.717888,296.8563373,892.3833422,1.969928883,0.0,20.68425327,38.41361321,47.27829318,77.60532727,331.8052878,87.66183527,70.91743977,8.400009155273438,3,1.29654348213449,0.724357994043442
1636500,65.68093512,441.8918613,283.6999218,868.3237562,1.990331367,0.0,20.89847936,38.81146166,50.75344987,77.63305507,321.1852114,88.56974584,70.65676354,22.5,6,2.07556458251884,0.520406399280981
1636690,72.54343461,442.0893229,265.0155987,818.987605,1.987491359,19.96145375,19.87491359,39.74982718,47.69979262,78.86332826,353.827844,91.42460252,80.49340004,16.800003051757812,2,1.4348254351757,0.542229226862797
1637500,29.48302008,306.7635537,121.5878512,569.0380705,1.179320803,0.0,11.79320803,23.58641606,20.63811405,82.63982459,330.2467111,56.60739855,22.40709526,30.79998779296875,4,1.56337951221756,0.781663921177789
1638480,25.26192043,170.0,66.0,490.0,1.578870027,0.0,14.20983024,32.36683555,11.05209019,79.0,245.0,71.04915122,33.15627057,14.399993896484377,4,2.03510240901481,0.883247103063815
1639500,24.97361952,203.9201684,129.5367649,312.9968491,1.664907968,0.0,15.81662569,34.13061334,2.497361952,81.23067228,199.5348743,80.74803644,49.11478505,17.400009155273438,4,1.47124948414044,0.767252604532176
1643395,0.493421851,164.0,67.0,311.0,0.058049629,0.0,0.27573574,0.624033517,0.014512407,80.0,213.0,1.335141478,0.928794072,21.90000915527344,1,1.06350008411325,1.03646014492754
1643700,35.59161044,226.0461019,115.3367557,574.8265874,0.0,0.0,15.36910451,33.16490973,12.13350356,79.87775468,269.5084229,73.60992159,70.37432064,16.0,4,1.44589700890794,0.803774079479458
1644000,32.47487344,185.1078925,98.03926924,470.8154784,5.412478907,0.0,17.13951654,36.08319271,24.35615508,79.27708108,232.7919139,81.1871836,64.94974688,15.899993896484377,5,1.50623053736034,0.829636004431254
1644380,0.494512895,146.0,74.0,230.0,0.602015698,625.0,0.408510652,0.924524107,0.0,79.0,169.0,1.978051578,1.161030274,12.199996948242188,1,1.28854739828878,0.924822822822823
1658500,1.531270102,69.0,-1.0,144.0,1.044047797,0.0,0.904841424,3.758572069,0.0,78.0,138.0,6.055477222,6.960318646,15.100006103515623,2,1.13944324912476,0.9446279231361
1661050,0.862498889,28.0,-1.0,58.0,0.0,0.0,1.379998223,4.226244558,0.0,80.0,69.0,8.021239671,7.848739894,7.5,2,1.18505277997112,0.728305254717807
1662800,54.80037186,350.6374257,137.4161093,952.2152737,0.0,0.0,14.6134325,30.68820824,11.690746,81.42311392,366.1560165,67.9524611,73.06716248,20.600006103515625,2,1.31324994374472,0.377785879426463
1663500,54.47140271,291.3498509,125.2587225,813.3942434,0.0,0.0,17.2925088,36.31426847,7.781628959,80.84689959,302.3444991,80.41016591,86.46254399,21.600006103515625,4,1.94196553880863,0.382596072858619
1664000,52.17653613,237.9865661,111.7276955,643.0900169,0.0,0.0,19.68925892,40.36298078,21.65818481,80.20788148,261.0534372,90.57059101,93.52397985,18.100006103515625,5,1.53877940740126,0.580702958879223
1665500,60.72211587,417.2672023,146.1759814,992.1128304,0.0,0.0,15.5697733,33.4750126,0.0,82.83058236,346.0563433,77.07037784,74.73491184,28.0,3,1.50170020630049,0.588033373657926
1666500,53.12672076,261.9134735,111.4404631,709.430601,0.0,0.0,18.64095465,39.14600477,2.796143198,81.08513511,259.0126321,87.61248686,86.68043913,17.400001525878906,4,1.33284375082249,0.59501047509178
1667500,52.45731196,262.6969653,115.1051132,650.488722,0.0,0.0,20.02915548,39.10454164,1.907538617,81.15358546,246.9298165,90.60808429,87.74677637,17.599998474121094,5,2.16034651981499,0.585877460328482
1669000,6.828820478,38.0,0.0,62.0,0.0,0.0,7.739329875,20.94171613,0.0,79.0,53.0,41.42817757,44.15970576,13.60000228881836,3,2.07949042577502,0.863810226819863
1669520,8.753805118,37.45114842,13.16091874,54.74137811,0.0,0.0,14.8814687,42.01826457,0.0,79.35488516,45.64511484,81.4103876,87.53805118,8.59999942779541,4,1.45083095246802,0.875525532345971
2011400,98.48452329,829.0070671,598.0071228,1201.595704,0.0,0.0,17.487906,38.65747643,1.840832211,85.09747191,454.4978685,97.56410718,91.12119445,58.9000244140625,3,1.292850769023,0.304671484723933
2011460,89.23468175,967.141963,679.2693822,1370.520976,0.0,43.83219404,12.02453158,27.21341358,10.75879142,88.61774249,475.7371074,74.04579975,63.28700833,67.4000244140625,2,1.11530066425528,0.361831396538843
2011470,104.5830013,948.1993813,660.4547909,1365.017388,0.0,87.86089746,14.09274486,31.89410679,12.60929803,88.23377124,468.4416536,86.7816394,74.17234137,69.4000244140625,2,1.10359671647613,0.320035852433261
2011500,120.672294,891.9041011,604.0362133,1339.150487,0.0,170.9931895,16.37695419,37.06363317,10.34333949,87.07792348,457.3786898,98.26172514,86.19449574,74.5,2,1.11262245499604,0.329496605042828
2011800,106.4761607,830.1009257,572.6959094,1261.376024,0.0,207.9138178,16.71939713,37.83863561,4.39984135,85.21789086,453.5618885,94.15660488,87.99682699,66.199951171875,4,1.23703154805781,0.375203419071553
2013000,119.4761096,700.4429218,453.3198729,1084.298596,0.0,0.0,19.74811728,41.47104629,0.987405864,79.29054654,470.6182334,91.82874536,97.75318054,68.300048828125,4,1.56358605692413,0.969316341813556
2013100,118.9449761,766.3071286,510.8795219,1202.588073,0.991208134,298.0921332,18.83295455,41.63074164,2.973624403,82.65512597,456.9299394,101.1032297,98.12960529,65.5999755859375,6,1.9626004539384,0.64626001724966
2014000,93.55146613,731.6185861,477.9023505,1154.493952,0.0,0.0,17.16540663,36.04735392,24.03156928,79.64804805,439.2254361,78.96087049,84.96876281,65.89996337890625,4,2.19567379327432,1.08217968007702
2015700,86.9796985,811.3620823,566.3215792,1242.002096,0.0,0.0,15.97586299,38.16456159,0.0,83.92004193,414.240573,90.52989027,88.75479439,44.9000244140625,2,1.27503225628972,0.305735369448877
2016000,97.36830977,666.5813041,438.391955,1168.734005,0.0,0.0,18.49997886,41.8683732,0.0,81.26727878,418.5237533,93.47357738,97.36830977,48.39996337890625,4,1.73827643537176,0.579263505702142
2016500,105.5497742,710.4519207,462.031711,1181.283728,0.0,179.7087351,18.06707846,40.88865125,4.754494331,81.40056419,448.30485,92.23719003,94.13898776,57.5,6,2.90035916441389,0.704409637091471
2017500,88.4467913,707.1088135,461.2233594,1219.154059,0.0,0.0,18.42641485,38.69547119,23.03301857,77.58132869,394.5091616,82.91886684,92.13207427,39.5999755859375,4,1.50666147102745,1.15108218477152
2018000,88.26889407,634.1474395,398.4067299,1138.948278,0.0,0.0,18.01406001,36.92882303,10.80843601,77.42429276,423.2843878,79.26186406,90.07030007,43.60003662109375,4,1.77108976939697,1.07968633757932
2018500,33.49354658,545.0,331.0,907.0,0.0,0.0,8.559461904,14.8860207,8.187311387,77.0,410.0,32.74924555,35.72644969,42.199981689453125,4,1.23732868188672,0.981701269555933
2019500,102.2639278,653.8796881,420.2126776,1130.801774,0.0,140.24559,19.47884339,40.90557112,14.60913254,79.94488044,431.3843128,92.52450611,95.44633262,49.29998779296875,8,2.44914004199879,0.820991423307112
2020500,89.9650194,727.3655248,481.7705854,1320.381339,0.0,0.0,15.13430233,36.99496125,0.0,82.19936743,418.6075909,82.39786823,84.07945738,44.29998779296875,3,1.28828810099002,0.408628381577403
2021500,97.91090853,657.2490179,437.5241028,1227.871083,0.0,0.0,18.79098244,42.52696027,2.966997228,81.40383343,426.4971004,95.93291037,97.91090853,46.9000244140625,4,1.43463643382026,0.529185703679986
2022500,85.58190631,620.7130339,407.4813722,1154.470971,0.0,0.0,18.60476224,39.07000071,21.39547658,80.95152681,409.2269319,88.37262065,86.51214442,41.5,4,1.26382738785369,1.11606943403583
2024000,86.74101848,592.4629315,374.57637,1117.568108,0.942837157,0.0,19.7995803,39.59916061,43.37050924,80.84362112,401.1894438,90.51236711,81.08399553,38.899993896484375,5,1.62596420613242,0.684414941604318
2024752,100.4834924,619.8039899,391.3639834,1121.03835,0.0,106.6032042,19.89772126,41.78521466,26.86192371,80.04677759,420.1993008,94.51417601,94.51417601,46.199951171875,8,2.62508533974629,0.802471216077322
2024915,42.09292831,577.0,234.0,1185.0,0.0,0.0,7.270596709,16.83717133,6.505270739,83.0,407.0,39.03162444,37.88363548,76.89996337890625,3,1.64548943714767,0.73058261514577
2025500,99.28485568,608.963983,381.4220168,1117.233329,0.0,104.576309,19.85697114,41.69963939,25.81406248,80.0593989,416.6758181,94.3206129,94.3206129,45.39996337890625,8,2.44004994909766,0.820001733899077
2026000,92.86224408,567.4890774,355.6165632,1043.598008,0.998518754,100.7590718,19.97037507,41.93778765,27.9585251,79.90621068,394.1767887,93.86076284,93.86076284,39.20001220703125,8,2.39395565370879,0.839420107732721
2027000,91.40531982,551.6670284,213.5280447,1096.640223,0.0,0.0,15.9330374,37.73614121,11.74013282,83.79950419,424.8823986,85.53525341,83.85809157,58.399993896484375,4,1.69501006135515,1.01035357405559
2027500,64.15582246,515.0,170.0,1185.0,0.0,0.0,11.60914883,28.10636031,0.0,83.0,374.0,62.32279896,58.65675196,55.59999084472656,4,1.71377529782238,0.996658080804396
2028500,88.62623338,394.3585506,172.2343246,1099.945539,0.0,0.0,17.37769282,36.49315492,9.557731051,81.41183396,367.53606,85.15069481,86.8884641,33.19999694824219,4,1.27136598466451,1.06151106482941
2030500,19.23466295,156.8696757,100.958427,274.9767642,0.0,0.0,20.19639609,41.35452533,0.0,79.0,118.6202459,87.5177164,96.17331473,14.699996948242188,4,1.82369641302337,0.938740875099639
2032250,67.02881017,345.0429906,145.7610575,970.6012964,1.71868744,0.0,17.1868744,36.95177996,10.31212464,81.6616548,313.6545692,82.49699713,85.07502829,32.30000305175781,3,1.92982501728314,0.600387394210425
2032640,64.41870222,322.0819105,126.754827,950.0944542,0.0,0.0,18.1461133,38.10683793,0.907305665,81.91244172,292.0727327,87.10134385,88.91595518,21.599998474121094,4,1.22169205961204,0.63068439500321
2038850,15.93246454,203.3739593,131.4605968,276.4605968,0.0,0.0,12.74597163,27.40383901,1.274597163,79.0,137.2638282,57.99417092,63.09255957,15.099990844726562,2,1.1442528791558,0.906866106848928
2046000,12.74914005,91.31383785,55.18830271,124.3766054,0.0,0.0,19.61406161,45.1123417,0.0,78.0,75.43794595,88.26327723,98.07030804,10.300003051757812,4,1.38607319721603,0.875494153341943
2051000,9.776362303,160.9894111,114.8056677,199.0918717,0.0,0.0,11.50160271,25.8786061,0.0,78.0,113.0918717,51.75721219,53.4824526,14.0,4,1.39354274107458,0.860061993043908
2051500,16.77448587,125.6786406,78.95996344,169.0844299,0.0,0.0,19.73468926,45.3897853,0.0,77.54687178,110.3078332,87.81936722,91.76630507,12.70000457763672,5,1.64306210559985,0.926462127267611
2053200,5.454270327,27.53146367,14.3268993,42.1973047,0.0,0.0,15.45376593,43.63416261,0.0,79.50252144,14.60459308,84.54119006,69.08742414,3.400000095367432,4,1.36474736668358,0.704957116293239
2053800,74.87816367,714.7600146,436.8561961,1060.666411,0.771939832,0.0,16.21073646,32.42147293,77.19398316,81.46761848,429.4981097,72.56234417,72.56234417,44.5,5,2.74735628465069,0.921927554105013
2054500,73.18393903,634.6662152,410.8547804,1016.061424,4.573996189,1.527839609,16.77131936,32.01797332,56.41261967,78.96477631,424.5822503,68.60994284,69.37227554,45.5,5,1.59451427628843,0.917790542582842
2054530,79.42665901,624.4734577,402.2193534,1026.590022,4.964166188,4.866476663,18.20194269,34.74916332,61.22471632,78.81032985,423.1215432,74.46249282,75.28985385,45.20001220703125,5,6.22933382977937,0.925543045324267
2055000,89.0465347,579.6008204,373.4872757,1015.2617,13.85168318,14.35636506,20.77752476,41.55504953,71.23722776,78.24839674,405.1735296,89.0465347,83.11009905,38.100006103515625,5,4.05236760114242,0.934664715727705
2055100,11.48519561,436.0,310.0,787.0,2.19569916,456.0,3.884698514,6.924897351,9.965096188,77.0,381.0,14.69429438,12.49859522,16.100006103515625,4,1.31703814434721,1.19901523487647
2056000,82.77210318,537.638583,353.383876,955.6347974,16.95332234,87.51757,21.93959361,41.88467872,73.79681488,77.94048274,388.0138934,88.75562871,79.78034041,32.79998779296875,6,3.56013796706812,0.966314793343079
2056650,68.5917396,470.0,263.0,1013.0,5.964499095,0.0,14.91124774,32.05918264,66.35505244,79.0,439.0,67.84617721,70.82842676,43.899993896484375,3,1.60991496594976,0.954403249180552
2056900,68.2134589,468.4388733,309.577836,969.1618293,0.0,0.0,19.48955969,41.90255333,20.46403767,80.52022867,303.7858393,91.60093053,92.57540851,25.9000244140625,4,2.83886083083277,1.08936361632818
2059500,48.61051818,338.5564205,231.6359833,644.9383629,0.0,0.0,19.26077135,39.4387223,25.68102847,78.26959375,275.6601027,82.54616294,77.960265,23.0,4,1.60683602691003,1.12667596194375
2064000,21.77402945,214.0403765,139.5158709,363.2928309,0.0,0.0,19.05227577,39.91905398,61.69308343,78.4065857,158.0723726,81.65261042,88.00336901,15.800003051757812,4,1.39657882953383,0.93475625350365
2065500,20.31919413,190.0156025,133.6781085,256.0140423,0.0,0.0,16.78542123,39.75494503,0.0,78.66718675,143.3109697,79.50989005,84.81054939,16.599990844726562,4,1.31500945078841,0.995728064163764
2068500,50.01378475,552.4309901,322.0992132,905.4747809,0.0,0.0,16.9401529,33.8803058,0.0,85.33173307,276.1820496,84.70076449,65.34058975,30.100006103515625,4,2.83660838594415,0.942922896092967
2069700,52.47735311,471.2190864,301.9659255,906.6800211,0.0,0.0,17.49245104,34.98490207,0.0,85.0714761,263.5036599,87.46225518,77.46656887,25.0,4,1.64396116602699,0.835254796195603
2070000,40.62480456,335.7572142,247.0936534,610.4483007,0.0,0.0,20.31240228,41.59206181,0.0,83.04749228,190.8535299,96.72572513,92.85669613,21.20001220703125,4,1.77298676501927,0.870273058781619
2070500,39.08103487,375.1464175,261.2576372,681.4766865,0.0,0.0,17.84134201,35.68268401,0.0,83.559208,210.1739702,85.80835917,77.31248203,22.39999389648437,5,1.76092874618555,0.859128927423503
2071530,50.28479887,632.0,378.0,1051.0,0.0,0.0,10.45525521,20.41264112,0.0,86.0,413.0,52.77414535,49.78692957,36.399993896484375,3,1.69504035891366,0.730099717359752
2074500,24.38473792,241.8994002,164.1992003,337.7137145,0.937874535,0.0,19.69536524,41.26647955,0.0,78.59284286,166.0715714,85.34658271,50.6452249,17.800003051757812,5,1.53458445285949,1.02255910110179
2077200,6.958963829,178.0,125.0,229.0,0.0,0.0,7.30691202,15.30972042,0.0,77.0,136.0,30.96738904,17.39740957,13.5,3,1.29609366058968,0.678670259272407
2079640,9.577206773,119.0,76.0,160.0,0.0,0.0,12.57008389,25.7387432,0.0,77.0,105.0,52.07606183,49.68176014,11.500007629394531,4,1.6004839218914,0.994955129480205
2081500,13.4380748,152.5729415,116.0339245,212.3599176,0.0,0.0,20.15711219,42.23394936,0.0,77.49205108,80.14925468,85.4277612,58.55161161,8.899993896484375,5,1.44086372672448,0.982296451563277
2082770,9.360986277,98.96079031,59.60364547,137.6736182,1.56016438,0.0,14.82156161,35.88378073,0.0,77.0,95.99090092,69.42731489,47.58501358,10.70000457763672,4,1.71401151007261,0.953319250552709
2082950,13.16676551,87.36613848,52.74161035,128.3523101,0.0,0.0,18.80966501,43.26222952,0.0,77.24462616,92.64163355,83.7030093,89.3459088,10.799999237060549,4,1.55575203803239,0.850403957356476
2084160,9.875679741,69.75702936,40.7721411,103.4756048,2.962703922,0.0,18.76379151,45.42812681,0.0,77.70734381,60.60638786,88.88111767,51.35353466,2.59999942779541,4,1.17096780228102,0.78085966302398
2091000,5.333137435,37.92302215,16.15379746,64.53829112,0.0,0.0,15.9994123,40.887387,0.0,81.0,21.76922468,84.44134272,12.44398735,3.5,4,1.28067944953559,0.753028448758652
2092500,4.296749323,26.17651164,9.899186055,44.42023258,0.0,0.0,17.18699729,36.95204417,44.68619296,84.67027693,18.58427479,86.79433632,58.43579079,2.4000015258789062,5,1.76241354027548,0.691992025472373
2096846,1.579284814,186.0,133.0,238.0,0.0,0.0,1.658249055,3.39546235,0.0,78.0,104.0,7.185745904,7.185745904,11.699996948242188,3,1.20771728411783,0.915421878832475
2102908,13.37199704,116.5054351,76.58903197,176.4646629,2.507249445,0.0,14.20774685,42.62324056,0.0,79.0,109.0930054,76.88898298,57.66673723,14.599998474121094,2,1.24430706676,0.649368577410736
2108000,5.992244582,35.32312595,17.48436587,50.96192187,0.0,0.0,17.97673375,46.93924922,2.996122291,83.96271262,24.34585952,98.8720356,29.96122291,3.69999885559082,7,1.7649536656834,0.790812909967282
2110500,2.821498337,17.57995928,6.663226352,30.87165012,0.0,0.0,17.86948947,45.14397339,0.0,83.02910794,9.571011686,91.22844622,58.31096563,1.5,6,1.68893714076103,0.724557346779836
2111000,42.79454684,629.0,350.0,1233.0,0.0,0.0,7.442529885,16.00143925,0.0,87.0,465.0,42.05029385,37.21264942,57.30001831054688,3,1.40197144928678,0.977325929885951
2111180,93.7200265,651.0,337.0,1232.0,0.0,0.0,16.44210991,35.35053631,0.0,87.0,412.0,92.897921,82.21054956,56.30001831054688,4,1.45740560506617,0.942721573388222
2111500,80.25560527,569.0,290.0,1105.0,0.835995888,0.0,16.71991777,36.78381908,0.0,85.0,389.0,89.45156004,80.25560527,41.0,4,1.52739251053426,0.731397706161113
2112000,87.03273127,539.2755497,317.5631527,1083.56358,0.967030347,108.8546951,19.34060695,41.58230494,0.0,85.22006516,371.7864169,103.4722472,93.8019437,38.5,5,1.87291077724633,0.928274031912375
2112250,74.97238544,499.5960719,308.5682448,1005.098529,0.973667343,134.2333632,19.47334687,41.86769577,0.0,83.9710755,326.197039,101.2614037,90.55106294,31.0,6,1.69056536109089,0.92044321833019
2118500,29.00986791,355.4881926,242.4246003,601.8814601,0.0,0.0,16.03176911,32.82695579,0.0,81.05318612,226.8107559,73.28808735,33.59037337,19.300018310546875,5,1.49012688234203,1.06302920901712
2128000,13.5405809,211.2966869,150.9047869,291.5795618,0.644789567,0.0,13.5405809,27.72595137,0.0,79.0,122.0890263,59.32064015,59.96542972,12.199996948242188,4,1.59537437448493,0.997845878867527
2137727,81.34725417,662.6135626,400.2502108,1485.820501,0.719887205,0.0,13.6778569,32.39492423,7.19887205,86.0,412.9213855,80.62736696,69.82905889,43.79998779296875,4,1.29219053801485,0.925789879348433
2138500,62.52555312,926.0,369.0,1740.0,0.0,0.0,12.12230111,28.71071317,0.0,92.0,458.0,82.94206026,63.16356897,50.20001220703125,4,1.6485280416507,0.814770529337978
2140991,98.76599585,645.9288829,332.2224189,1401.968194,0.0,0.0,18.99346074,41.78561363,0.0,86.92122007,406.155918,107.3130532,94.9673037,46.9000244140625,5,1.6210199595364,1.03873625084174
2142000,28.50722717,418.0,324.0,721.0,0.0,0.0,9.353933915,19.15329325,0.0,83.0,236.0,45.4333933,42.76084075,23.20001220703125,3,1.38945978650618,0.882199769764704
2143000,42.79435497,440.2337365,291.9060246,786.3807259,5.902669651,0.0,14.75667413,33.20251679,0.0,83.88192775,293.469881,75.99687176,58.28886281,29.0,4,1.64414559624989,0.962699431353246
2143040,10.77655524,390.0,252.0,810.0,0.48984342,0.0,4.898434201,11.02147695,0.0,82.0,218.0,24.98201442,19.10389338,41.0,3,1.65215783654753,1.13121146354777
2147500,17.89806649,154.7817585,109.6455418,195.469835,0.994337027,0.0,18.89240351,48.72251432,0.0,76.9047004,125.5629211,89.49033243,95.45635459,12.199996948242188,4,1.42723878119385,0.499547677442289
2149000,82.23124748,475.0,262.0,1052.0,0.0,0.0,17.4960101,38.49122223,0.0,84.0,426.0,92.72885355,87.48005052,36.5,4,1.59434222740345,0.939322363647869
2150495,56.99561831,373.0,258.0,670.0,0.0,0.0,17.0136174,37.42995829,0.0,83.0,295.0,87.62012963,81.66536354,28.199981689453125,4,1.24654058105072,0.781746903155027
2152100,37.46852395,468.0914811,297.0810827,868.5717263,0.0,0.0,10.40792332,22.8974313,0.0,84.69646578,366.0831665,55.16199359,49.95803193,37.4000244140625,4,1.79108407677751,0.933965356167707
2152474,44.70939293,381.6048099,270.4891218,716.0109698,0.0,0.0,17.53309527,39.44946435,0.0,82.82471992,249.8996804,89.41878587,63.11914296,21.89999389648437,4,1.99891564845835,0.825677086894378
2157470,10.32357349,309.0,205.0,872.0,1.843495267,0.0,7.373981067,16.5914574,0.0,83.0,161.0,39.08209966,12.53576781,16.5,3,1.3024831580388,0.772406853278439
2162500,75.83028405,448.0773091,280.2633498,851.223784,0.984808884,301.9797031,17.72655991,45.30120865,0.0,87.49651261,335.834909,120.1466838,85.67837289,27.20001220703125,5,2.0207143402399,0.915708276305335
2167450,14.48799618,174.39711,134.2627257,211.6139013,0.0,0.0,17.38559542,49.25918702,0.0,75.19416494,102.0256268,84.99624427,75.33758015,11.5,4,1.20996465389267,0.536757833935616
2177000,102.1570611,785.0656134,468.7628277,1292.189367,0.0,0.0,18.48556344,41.83574885,0.0,95.02858294,425.8301424,150.8032807,97.29243918,46.70001220703125,4,1.952942577343,0.910087559437299
2178400,109.5049822,893.0,580.0,1616.0,0.0,0.0,15.98612879,33.57087046,0.0,95.0,415.0,126.2904174,79.93064394,68.70001220703125,4,1.39277872667079,0.905966142522937
2181580,107.867703,762.4277268,479.2810979,1287.261064,0.0,259.0318125,19.61230964,42.16646572,0.0,93.40970954,402.3837969,147.0923223,96.10031722,51.29995727539063,4,1.98763093477499,0.865675183007353
2193340,11.26249641,174.0,127.0,212.0,0.0,0.0,11.26249641,30.03332376,0.0,75.0,109.0,55.68678781,62.56942451,12.5,3,1.35958532837562,0.826378661095008
2196000,14.67450197,148.9185548,102.7351516,193.0914803,0.0,0.0,16.50881471,45.85781864,0.0,74.02704019,84.08828176,78.87544806,86.21269904,10.0,5,1.62888839865453,0.813578986382956
2198100,4.649094065,79.0,49.0,121.0,0.0,0.0,8.368369317,21.85074211,0.0,71.0,51.0,38.12257133,25.10510795,7.400001525878906,3,1.23072977471812,0.821810498358865
2198690,5.302625234,33.65148555,13.98048142,49.31598349,0.0,0.0,12.12028625,41.66348398,75.75178906,75.33550206,35.36152684,66.66157437,66.66157437,3.30000114440918,4,1.20443878728093,0.564653538950235
2202600,5.660817981,37.9393891,21.13251199,60.13676391,0.0,0.0,16.03898428,50.00389216,94.34696634,73.66784923,25.02236432,80.19492139,53.77777082,3.0999984741210938,6,1.32047136036756,0.588224166429568
2204130,18.89484042,273.3714488,219.9031412,322.9997224,66.58181862,0.0,17.09533181,42.28845237,0.0,78.57888801,124.9097923,89.07567626,29.69189209,11.70001220703125,3,1.26537096309061,0.611091743911995
2212600,15.88326192,168.5008785,127.5721816,213.3939239,0.0,0.0,13.1209555,32.45710045,0.0,73.0,116.7504393,59.38958805,68.36708392,14.300003051757812,4,1.19733753348105,0.871477867264236
2215100,9.943789246,119.0793396,83.18797297,146.8510039,0.0,0.0,23.86509419,40.76953591,99.43789246,70.37137359,68.44897726,80.54469289,31.82012559,6.8000030517578125,5,1.23500468518902,0.727763035392273
2216180,6.737454645,79.0,41.0,116.0,0.0,0.0,11.63742166,28.78730621,61.24958768,69.0,73.0,48.38717427,44.09970313,7.400001525878906,4,1.28987585923152,0.930510955689291
2221525,16.66104672,182.3704093,139.6731147,227.0515966,0.0,0.0,19.43788784,42.57823052,0.0,73.81994385,110.5106284,81.45400621,86.08207474,12.800003051757812,5,1.39373831254012,0.880517956893025
2228500,0.815458011,40.93541999,36.15312812,50.58114637,0.0,0.0,13.04732817,52.1893127,81.54580109,76.0,15.42985118,71.76030496,80.73034308,0.7000007629394531,4,1.22469501926967,0.214061416826895
2231000,1.85415123,41.79286211,29.39960831,52.46350707,0.927075615,0.0,10.19783176,62.11406619,92.70756148,76.57091584,20.67001248,82.50972971,84.36388094,1.0,4,1.69677085319145,0.216050167928033
2235200,8.029926861,28.32664435,12.85427615,55.03519664,0.892214096,0.0,14.27542553,49.96398936,89.22140957,72.38190795,61.16085353,74.94598404,49.07177526,3.90000057220459,1,1.96085931784012,0.140835873959844
2236500,0.75357493,41.0,22.0,90.0,1.912920977,0.0,0.811542233,3.362103535,5.796730233,71.0,78.0,4.811286093,0.115934605,3.799999237060547,-99,1.06599956142614,0.186338565655947
2245500,4.743787503,44.32564652,19.52808913,66.50612592,2.710735716,0.0,10.84294286,37.95030002,67.7683929,77.0,55.08538401,60.31386968,53.53703039,4.399997711181641,4,1.31942870677543,0.528504783538943
2246000,3.624561576,35.51804876,10.06432082,68.60316353,1.812280788,0.0,13.59210591,53.46228325,90.61403941,77.0,35.52837655,80.64649507,77.0219335,2.299999237060547,4,1.98994915396066,0.594179369491184
2266200,0.832598779,38.0,26.0,63.0,1.665197559,0.0,1.784140242,6.898675601,11.89426828,70.0,31.0,9.753299988,0.475770731,3.1999988555908203,1,1.0258795620438,0.0161624577382185
2268390,1.666104222,32.0,16.0,69.0,0.416526056,0.0,6.66441689,23.32545911,41.65260556,66.0,37.0,32.07250628,7.497469001,4.100000381469727,2,1.28172686968654,0.179262820835388
2295013,2.248170551,46.0,27.0,71.0,0.0,0.0,9.554724841,30.35030244,56.20426377,67.0,47.0,44.40136838,1.686127913,3.5999984741210938,3,1.33449305969647,0.420416212316022
2296500,2.840452247,31.69494841,20.64805516,48.55061564,1.893634831,0.0,10.41499157,60.5963146,94.68174157,65.58727954,23.23515831,72.90494101,23.67043539,1.3999996185302734,4,1.53068697341067,0.739674513606496
2297155,0.981599364,35.0,19.0,48.0,0.0,0.0,5.398796501,30.92037996,49.07996819,70.0,12.0,40.24557392,3.926397455,1.4000015258789062,3,1.24654497761687,0.529814237913926
2297310,1.761687221,27.71252561,17.62838419,39.76786173,0.0,0.0,10.57012333,54.61230385,88.08436105,70.23303457,11.7758293,73.11001967,20.25940304,1.3000011444091797,4,1.39687681761819,0.540162176024104
2298488,0.885314143,28.0,13.0,42.0,0.0,0.0,4.869227788,29.21536673,44.26570717,71.0,13.0,37.18319402,0.0,2.5,3,1.13106845027023,0.739034044222274
2298530,0.949189041,27.49763488,12.91627248,41.33017984,0.0,0.0,5.220539726,31.32323835,47.45945205,71.16745504,13.08372752,39.86593972,0.474594521,2.799999237060547,1,1.12498144274114,0.403939393939394
2298554,1.413053015,25.69366829,12.61561138,38.92489105,0.0,0.0,7.771791583,46.6307495,70.65265075,71.76877724,13.38438862,59.34822663,0.706526508,2.6999988555908203,3,1.23615643016734,0.580515781840641
2298608,1.577683037,24.4450987,12.25430604,37.35588811,0.0,0.0,8.677256702,51.27469869,78.88415184,72.1466645,13.66908875,67.05152906,0.788841518,2.0,4,1.23207553154486,0.588808496319583
2299950,1.29650466,36.46925839,25.09773926,54.25696175,0.0,0.0,6.482523301,42.78465379,64.82523301,71.10614832,18.68996409,54.45319573,1.94475699,1.8000011444091797,3,1.22760310511504,0.639711599429626
2300700,0.926097511,17.0,0.0,48.0,4.630487553,0.0,4.939186724,18.21325104,1.234796681,71.0,25.0,25.62203113,8.026178426,3.300000190734864,3,1.544566344025,0.551764168001967
2301990,7.938967686,38.5726574,26.43594438,64.6835651,8.821075207,0.0,11.46739777,53.80855876,88.21075207,73.85468521,39.24762073,76.7433543,20.28847298,2.899999618530273,3,1.65539170592697,0.302929576403669
2310947,4.730281126,41.3339206,32.69341326,59.39001426,2.838168676,0.0,10.40661848,61.49365464,94.60562252,70.1534637,21.70664041,77.57661047,24.59746186,2.200000762939453,5,1.52992124221395,0.481221078650675
2312200,5.614736754,32.60991553,21.46334776,44.60987435,0.0,0.0,13.10105243,54.27578862,93.5789459,70.53667283,22.53666253,77.6705251,52.4042097,2.200000762939453,2,1.21385953527406,0.161267237578508
2313700,0.948586363,15.83521968,8.420396319,31.27903804,0.0,0.0,18.02314089,47.42931814,94.85863628,72.09314089,12.48483098,79.68125447,57.86376813,0.9000005722045898,4,1.2251894551076,0.16617991611114
2315500,1.954849598,46.56610785,39.8017011,54.69648924,0.0,0.0,14.66137198,58.64548793,97.74247989,75.16334442,14.53558466,85.03595751,96.76505509,0.8999977111816406,5,1.77048453848205,0.268279431021038
2321000,0.802928523,47.52511361,36.95602615,65.70122128,0.802928523,0.0,14.45271341,43.35814022,80.29285227,76.91259099,19.42826222,71.46063852,71.46063852,1.0999984741210938,3,1.22669084442781,0.291848393358748
2322700,1.950112084,37.91422658,24.22432116,55.46444414,0.975056042,0.0,17.55100875,51.67797021,97.50560418,74.11824111,24.70478327,83.85481959,66.30381084,2.899999618530273,2,1.3014364428354,0.149361429693397
2322800,1.982506448,37.49080559,23.95922669,54.90131836,0.991253224,0.0,17.84255803,52.53642086,99.12532238,74.00193385,24.43183838,85.24777725,67.40521922,1.9000015258789065,5,1.66657218468317,0.24483753623144
2324000,1.607705225,22.54344192,14.98787014,34.78958039,0.0,0.0,12.8616418,44.21189368,80.38526124,73.91931699,10.20798361,69.13132467,77.9737034,1.2999992370605469,4,1.33473758192269,0.214291502443858
2324400,1.219794361,32.08369933,26.61761825,42.08369933,0.0,0.0,5.489074623,42.08290544,60.98971803,80.0,7.733040539,56.72043777,60.98971803,0.7000007629394531,2,1.25945900888647,0.330617409883051
2326000,3.34143141,29.07771325,20.74505236,48.76564854,0.0,0.0,10.02429423,51.79218685,83.53578524,80.73721033,14.10041199,78.52363812,82.70042739,1.4000005722045898,2,1.43565087459479,0.164795984846483
2327100,2.814328495,29.46369183,20.571035,45.81185066,0.0,0.0,9.146567609,42.21492743,70.35821238,86.04464107,11.83040546,72.46895875,68.95104813,1.4000005722045898,2,1.45148552564754,0.206177932724546
2330400,1.699849831,25.46239607,12.75746181,37.94995095,0.0,0.0,10.19909898,52.69534475,84.99249154,87.32542097,9.220879654,88.3921912,84.99249154,1.3000011444091797,3,1.41002277359166,0.369276434507819
2330450,66.09373575,713.0,408.0,1299.0,0.0,0.0,11.49456274,24.13858175,0.0,92.0,377.0,83.33557986,57.4728137,63.80001831054688,3,1.30125049475559,1.00914406163387
2331000,83.9382855,599.4102511,398.4822826,1152.286924,0.0,0.0,20.26096547,40.52193093,0.0,90.66450333,318.9558552,133.1434873,96.48078793,32.70001220703125,4,1.43400682997205,0.929709479899955
2338523,5.680853346,298.0,194.0,453.0,0.0,0.0,4.260640009,8.724167638,0.0,79.0,165.0,20.69453719,17.44833528,20.100006103515625,3,1.66887092532808,0.662643321408054
2339495,17.76379699,226.0,181.0,272.0,0.0,0.0,19.63367036,42.07215076,0.0,78.0,88.0,93.49366836,90.68885831,12.899993896484377,5,1.53006550313346,0.961540049508772
2342850,19.32972653,140.6061982,92.94269419,203.2720292,0.0,0.0,15.30270017,40.27026359,24.96756343,72.45107584,133.8138411,68.45944811,74.90269029,14.599998474121094,4,1.18590239162354,1.15733911813845
2343225,20.9323361,134.3990609,89.96852058,179.1429847,0.0,0.0,18.93878028,49.83889549,77.74867696,73.62935343,125.835297,86.71967815,83.72934442,16.5,5,1.27560706198474,0.838914799299625
2343940,6.725241943,69.0,40.0,91.0,0.0,0.0,19.33507059,35.3075202,84.06552429,76.0,28.0,76.4996271,21.85703631,4.199996948242188,4,1.75927169452721,0.84854797912293
2349900,4.210697831,116.0,77.0,155.0,0.0,0.0,13.15843072,20.52715193,52.63372289,71.0,64.0,42.63331554,2.105348916,5.4000091552734375,3,1.17737347341548,0.818843581652726
2350600,19.79548799,169.0767026,123.9256864,217.541995,0.0,0.0,15.29651345,45.88954034,75.58277232,73.0,157.6645536,77.38236214,72.8833876,15.599990844726562,5,1.20192591743888,0.871705032141018
2350900,15.02720198,145.2780012,105.0078736,185.8983247,0.0,0.0,16.90560222,46.96000617,88.28481161,73.0,122.5703933,80.77121062,54.47360716,10.800003051757812,7,1.38612642199978,0.819070118377872
2361000,18.06003794,120.3658811,79.92922038,166.2223361,0.950528312,0.0,18.06003794,45.625359,68.4380385,77.52662665,119.1312566,90.30018968,52.27905718,12.900009155273438,5,1.35383662931307,0.911810153843909
2362240,3.383616762,98.0,50.0,146.0,0.676723352,0.0,4.737063467,10.37642474,22.55744508,80.0,89.0,22.33187063,2.255744508,14.400001525878906,3,1.1561365570593,0.830725752980946
2363000,16.50118106,139.9606105,103.6900307,189.7460815,0.0,0.0,16.50118106,45.83661406,0.0,77.15219694,106.7235421,87.08956672,66.92145653,10.999992370605469,5,1.43125000872843,1.06888982934794
2364500,17.75879999,120.0752716,83.11491308,167.9705059,0.0,0.0,17.75879999,49.32999998,16.77219999,78.19825636,109.5065395,94.71359996,61.16919997,11.000007629394531,6,1.53150611098398,0.987374634270117
2365470,6.793782262,57.4653249,34.54574006,85.03058497,0.0,0.0,18.68290122,38.21502522,84.92227827,81.37110458,28.28637389,84.07305549,34.81813409,5.299999237060547,4,1.30628459389586,0.680641299220616
2365769,13.09095172,48.0,15.0,91.0,0.0,0.0,17.76629162,44.88326303,93.50679799,89.0,86.0,102.8574778,91.63666203,8.099998474121094,4,2.21568339580571,1.07514881689449
2366996,7.900524587,60.0,20.0,91.0,0.0,0.0,10.15781733,27.65183605,56.43231848,89.0,84.0,63.2041967,36.11668383,11.299999237060549,4,1.33910141903899,0.812838868432655
2369800,8.831629206,77.63236526,48.29413173,106.9411976,0.0,0.0,15.25463227,40.9466445,57.00415215,85.0,38.70586827,86.7105413,79.48466286,6.900001525878906,4,1.38535089257272,0.73686722818794
2370000,9.491834236,69.78540867,41.22623898,97.33621355,0.0,0.0,15.02873754,39.54930932,49.04114355,85.73978744,47.05262266,86.21749431,68.81579821,7.0,5,1.38752643746879,0.861771605614086
2371500,16.20831222,134.6813224,100.4095925,181.5210485,0.0,0.0,17.16174235,47.67150653,0.0,77.88363581,101.9858826,91.52929254,78.18127071,10.0,4,1.45063473556085,1.00091817278202
2372250,16.55120652,129.5496833,94.74407896,177.072385,0.0,0.0,18.49840728,47.70641879,0.0,78.0,82.59504893,94.43923719,77.88803067,9.800003051757812,4,1.62424532118215,0.819659227940759
2373000,12.98251266,109.5704394,73.14248927,150.2107682,0.865500844,0.0,16.44451604,42.40954137,6.05850591,79.46353219,69.99429791,87.41558527,84.81908274,8.199996948242188,5,1.54987254493867,0.958027494965409
2374500,16.48401586,116.2948335,74.69329083,160.7983091,0.0,0.0,19.39295984,46.54310362,11.6357759,81.61822321,84.65297869,101.8130392,95.99515121,11.300003051757812,4,1.25664119671807,0.895360511681116
2374745,14.48620411,87.20470768,49.4644867,133.3317029,0.0,0.0,19.31493881,46.35585316,1.931493881,83.25784877,76.96088393,104.3006696,93.67745325,9.5,4,1.24768399779417,1.0328465228412
2374950,13.3402167,99.74716505,51.31789573,132.4110291,0.0,0.0,19.05745243,46.69075845,11.43447146,83.73796068,83.49646327,103.8631157,78.13555495,8.199996948242188,5,1.23943918451005,0.870024958992536
2379500,74.62679893,621.5546066,437.7014264,1095.402853,0.0,0.0,19.83750351,38.730364,46.2875082,90.06600879,314.3763165,126.5821653,94.46430244,34.29998779296875,4,2.12361945730807,0.937857396317326
2380500,78.47107174,603.2049669,412.1616088,1129.378327,0.0,0.0,20.09625008,39.23553587,26.79500011,89.50958977,330.1531946,126.3192862,95.69642895,35.5,5,2.05611071698108,0.92766597801413
2381090,64.36849607,580.0,378.0,1091.0,0.0,0.0,16.68812861,33.37625722,0.0,88.0,310.0,103.3074628,79.4672791,35.0,4,1.31518393106947,0.992843394575678
2381600,3.613244402,465.0,329.0,828.0,0.0,0.0,1.324856281,2.469050341,3.312140702,87.0,301.0,7.527592504,6.022074003,30.79998779296875,2,1.35772980764251,1.0801507050984
2382200,45.42944075,424.6779015,308.8389508,735.9829035,0.0,0.0,19.87538033,39.75076066,23.66116706,85.96610004,260.1609516,115.4664952,94.64466823,24.39999389648437,4,1.71741158498366,1.07672513193168
2382500,50.09443333,406.679273,290.585036,686.1856041,0.0,0.0,20.62711961,41.25423921,19.64487581,85.57691597,259.3311244,117.8692549,98.22437907,30.70001220703125,5,2.01301361325534,0.995408817320816
2383500,53.35724763,431.5131396,294.7634681,827.455428,0.0,92.60627667,20.96177586,40.01793572,27.63143181,85.60094144,251.6023055,114.3369592,92.42237536,23.199981689453125,6,2.01687031140833,1.00471504895737
2384500,59.21010018,422.7305169,243.9977712,825.7954002,0.0,0.0,21.01003555,39.15506625,63.03010665,85.21487132,234.9652318,113.6451923,91.68015512,17.699996948242188,5,3.18927507324839,1.03035450775963
2384540,8.298284353,351.0,209.0,1107.0,0.325422916,0.0,3.742363532,6.508458316,14.3186083,84.0,181.0,18.71181766,11.2270906,73.20001220703125,3,1.89953705238166,1.07898359489785
2385170,35.64837127,265.2938026,215.2714667,403.8207754,10.89255789,0.0,22.77534831,38.61906888,90.11116072,82.0,172.5206623,108.9255789,78.22837029,10.699996948242188,4,1.54808555465417,0.985248834732092
2385500,36.32870368,282.0,208.0,537.0,15.93364196,0.0,15.29629629,24.21913579,54.17438268,82.0,277.0,70.10802465,43.97685182,21.80000305175781,3,1.80062704231246,0.808104960512429
2385800,41.00717445,443.7754199,214.0969275,1103.731454,1.206093366,0.0,13.26702703,24.72491401,30.75538084,85.87959033,321.0896846,71.15950861,53.6711548,40.5,4,1.6808179099449,1.16326529380377
2387000,46.60595196,344.7588767,221.2529091,698.8646556,4.755709383,0.0,20.92512129,38.04567507,64.67764761,83.77431768,205.5110377,108.4301739,80.84705952,13.100006103515623,5,3.26903109026694,1.04063033505701
2387500,51.20366599,383.4530876,258.0210433,744.550441,2.954057653,58.16574098,21.66308946,40.37212126,45.29555068,84.58771341,223.3939427,115.2082485,89.60641548,17.099990844726562,6,2.02567258399262,1.01597710938029
2387600,23.94207309,240.0,189.0,338.0,10.64092137,0.0,20.3950993,35.46973791,13.30115172,80.0,151.0,92.22131857,73.59970617,9.5,3,1.41061814207293,0.960262467288364
2388320,9.539892437,260.0,188.0,465.0,0.0,229.0,4.006754823,7.822711798,4.769946218,81.0,276.0,20.22457197,17.74419993,22.09999084472656,3,1.15166993800665,1.3181345317604
2388350,51.02090618,272.7176185,196.4334042,475.5496387,0.0,93.26882232,21.585768,39.24685091,14.71756909,81.3125654,275.3178415,104.9853262,93.21127091,16.600006103515625,6,1.57681289084472,1.14065405700707
2388500,49.07857767,352.2414551,241.3188172,675.4968906,2.94471466,69.47535578,21.59457418,40.24443369,37.29971903,83.69656128,223.97099,111.8991571,88.34143981,15.699996948242188,7,2.16874854536308,1.04104343454446
2388975,48.64656553,541.9182088,376.6163067,939.6071922,0.0,0.0,16.7471783,34.29184127,0.0,89.01953636,271.547018,102.8755238,78.95098339,28.600006103515625,4,1.67265227405223,1.12081045995099
2390000,51.27857529,538.0,317.0,981.0,0.0,0.0,17.94750135,35.8950027,0.0,89.0,238.0,111.1035798,85.46429215,25.699981689453125,5,1.80734416488756,1.13337557991457
2391540,35.88072937,386.0,282.0,669.0,0.0,0.0,19.32039274,39.56080417,68.08138392,85.0,220.0,109.4822255,86.48175796,21.5999755859375,4,2.18157657916858,1.08312937404287
2391840,42.5578034,443.7023291,309.5213333,745.5660521,4.527425893,0.0,19.01518875,38.93586268,17.20421839,86.53474009,221.1404822,111.374677,88.73754751,27.350006103515625,2,1.47655645890238,1.07734265799213
2392360,34.59459185,375.0,271.0,664.0,0.0,277.0,15.04112689,32.33842282,0.0,84.0,259.0,86.48647963,75.20563446,22.0,4,1.80349410107849,1.045191734613
2395120,14.78453139,263.0,191.0,322.0,2.365525022,0.0,13.60176888,24.24663148,59.13812555,80.0,135.0,60.91226932,56.77260053,10.499984741210938,4,1.30816088904059,0.876952523791669
2397500,19.59305556,282.9261717,233.3393277,385.7054871,2.799007937,0.0,16.79404762,27.99007937,27.99007937,80.5812275,145.2829129,73.47395834,59.47891866,11.599990844726562,4,1.80024640884377,0.857745006810427
2398000,37.70789009,290.3846407,204.6239183,499.9372295,1.639473482,0.0,19.67368179,31.14999617,81.15393738,81.4017841,216.2449298,89.35130479,72.13683322,15.600021362304688,5,1.54188511992786,0.945347946336878
2398300,41.59247014,270.3006235,191.7361707,488.1957739,0.924277114,0.0,21.25837362,35.12253034,92.42771141,81.03523735,221.4903784,99.82192832,81.33638604,14.5,5,1.48399761307767,0.960223462672272
2399200,28.82081988,455.538962,309.3839559,578.4294175,0.0,0.0,19.21387992,34.93432713,87.33581783,85.11654696,182.9861925,103.056265,73.36208697,20.4000244140625,4,1.58661591651726,0.95616452019342
2400100,40.12050485,292.6188677,203.0811715,558.979347,0.0,0.0,19.18806753,35.75958041,55.81983283,81.40604483,235.9414304,93.32378301,69.77479103,17.699996948242188,5,2.06251970474767,1.01281032706906
2400680,28.8825957,340.9943762,241.223269,558.7654834,0.0,0.0,12.8367092,19.78992668,46.53307085,82.8855536,237.4634094,59.90464293,50.27711103,18.70000457763672,4,1.38157774235853,0.841322420197174
2401000,46.90951426,301.7640525,210.7175549,484.3055378,0.0,0.0,21.65054504,34.28002965,82.993756,82.27862155,257.1762008,100.1337708,83.89586204,20.09999084472656,4,1.48053870537174,0.89797483709324
2401390,35.37780171,253.2357831,173.4318083,438.5483111,0.0,0.0,20.21588669,32.00848726,84.23286122,81.34269328,237.5247249,90.12916151,82.548204,12.600006103515623,5,1.64647063529035,0.888536074392675
2404400,37.02481852,264.4856388,177.2998255,565.2776322,4.628102315,0.0,21.28927065,37.02481852,79.60335982,80.23137352,216.0704434,96.26452815,69.42153472,15.199996948242188,5,1.81769108590637,0.751979326390535
2405500,38.77214703,207.7466273,135.5600816,383.2339704,0.945662123,0.0,21.75022882,35.93516066,88.89223952,80.12351426,240.5355207,98.34886075,90.78356377,15.099990844726562,4,1.92423056405847,0.781919171649558
2407514,26.44125536,185.3416108,137.7971127,374.4709109,1.65257846,0.0,18.17836306,33.0515692,65.27684916,79.91789863,161.7369819,85.10779068,78.49747684,12.399993896484377,5,2.39407124691281,0.941087432662966
2408540,30.93106851,254.6081721,178.1566332,405.9345595,0.0,0.0,20.0142208,38.20896698,0.0,80.97870487,200.8100602,97.34189208,89.15425629,16.29998779296875,5,1.7227931670832,0.863793553931018
2415000,19.74713723,285.1226253,199.3989703,413.948433,0.680935767,0.0,14.98058686,28.5993022,0.0,81.36884272,184.2540239,72.86012702,66.73170512,16.100006103515625,5,2.17975918196624,0.847950549357741
2422500,21.13475465,141.1583365,85.21512824,209.0518566,0.0,0.0,18.49291032,40.50827974,0.880614777,79.89206911,127.9135176,90.70332202,69.56856738,13.79999542236328,4,1.43268366338063,0.98548623858776
2423130,17.47616583,273.0,181.0,414.0,6.321166363,0.0,8.923999571,13.75783267,37.18333155,82.0,240.0,40.15799807,33.46499839,23.0,3,1.13597515592413,0.978602598979511
2423380,39.02508513,244.7153299,171.5269404,360.3377215,12.07919302,0.0,21.37087995,36.23757905,92.91686936,81.37781204,210.4652226,98.49188152,83.62518242,20.40000915527344,4,2.14303667866118,0.908829832963098
2423397,12.81126144,216.0,135.0,371.0,10.12983463,425.0,7.150471502,10.72570725,29.79363126,81.0,222.0,31.28331282,25.9204592,9.099990844726562,2,1.06898633248087,0.473413197197059
2423400,18.54323051,216.0,135.0,371.0,14.66208924,425.0,10.34971005,15.52456508,43.1237919,81.0,222.0,45.27998149,37.51769895,10.20000457763672,2,1.17065412920616,0.515007034572408
2423414,37.19690689,216.0,135.0,371.0,29.41150777,425.0,20.76106431,31.14159647,86.50443463,81.0,222.0,90.82965636,75.25885813,12.399993896484377,4,1.21995165973355,0.656186459565568
2423425,32.96074441,234.5827613,159.9288541,360.5491064,26.68250738,108.9434016,18.04993146,30.60640552,78.47796288,81.2544373,213.3916419,83.18664065,65.92148882,18.59999084472656,5,2.0722881377844,0.8438174970152
2423496,36.71680912,229.6119752,156.355079,358.5489232,29.72313119,106.2889806,20.10682404,34.09417989,87.42097408,81.22840434,213.9654658,92.66623253,73.43361823,18.600021362304688,5,1.97639557530009,0.850592472299425
2423500,37.19663929,229.0492927,155.9505352,358.3225067,30.11156514,105.9885058,20.36958818,34.53973648,88.56342688,81.22545746,214.0304215,93.87723249,74.39327858,18.600006103515625,5,1.9632329828922,0.848512790146212
2423555,33.13003438,214.0258824,145.8019254,360.2448619,24.84752578,77.83089941,19.04976977,32.30178352,76.19907907,81.1493031,218.6640084,87.7945911,67.91657047,17.79998779296875,5,1.85735374338736,0.861761691046099
2423630,17.63351319,222.4131749,153.5092008,349.8370194,11.92855304,0.0,11.92855304,20.22667689,51.86327408,81.98933045,225.3811663,55.49370327,33.71112815,15.199996948242188,4,1.40336759849295,0.866243552182686
2424000,30.28393697,178.3459106,116.2881537,279.4509825,15.14196849,32.25366556,21.7665797,37.85492121,74.7634694,80.88002284,176.1859697,100.3155412,79.49533455,15.20000457763672,6,1.78637150867696,0.883309926459379
2427250,15.26910408,99.24154378,58.89810197,157.7299844,0.0,0.0,16.11738764,41.56589444,27.99335748,78.33760541,84.28540479,83.13178888,84.828356,10.0,4,1.57139093084361,1.0463827959053
2430085,11.34020434,154.5206263,119.4214093,199.9338553,0.0,220.044412,12.53391006,26.26152583,0.0,80.0,95.96692764,63.26640314,47.15137592,12.29999542236328,3,1.25788516455094,1.09540383757251
2430880,15.19607677,141.6129245,103.3120732,186.1520795,0.0,612.6304829,17.59545731,34.39112111,0.0,80.0,91.1406366,84.77811252,70.38182926,15.100006103515623,3,1.06530789071985,1.24462171370071
2438000,28.63428483,215.0575678,147.4692444,282.8467695,0.0,0.0,19.95722882,36.44363524,0.0,82.24981893,151.0753417,95.44761612,71.15185929,20.100006103515625,5,1.93161274993319,0.991840945312006
2448900,6.920416776,67.28857434,42.64428717,128.9770185,0.0,0.0,17.68550954,28.4506023,59.97694539,78.98738633,45.62740173,76.89351974,48.44291743,5.5,5,1.66938171143768,1.15816302124121
2449882,17.47614611,254.9750671,185.1847149,320.6335683,1.747614611,65.27994224,18.34995342,35.82609953,25.34041186,81.84436145,105.1493827,95.24499631,55.04986025,19.699996948242188,3,1.02075813311113,1.29881328697118
2450180,25.42563186,232.5710758,157.029705,323.1603661,0.908058281,54.74433494,19.97728218,37.23038952,24.51757358,81.53546891,146.3839492,98.07029434,65.38019622,15.5,6,1.61679941069716,1.04456276940529
2450250,26.78287764,264.4729022,191.6393324,326.8428007,0.0,0.0,13.09385129,21.42630211,0.0,83.0,224.6521723,66.65960658,58.92233081,33.79998779296875,5,1.75502200753182,1.03982569625735
2450825,19.93905472,243.1176954,196.9347856,297.5692303,0.0,0.0,15.12617945,26.81459083,0.0,82.99079213,135.2701438,77.00600445,59.12961056,19.5,4,1.66619417593898,1.04636737464114
2453000,18.44255612,190.981431,150.0228651,250.2240047,0.0,0.0,16.13723661,30.73759354,0.0,81.65630591,119.1074587,83.7599424,63.01206676,14.79998779296875,4,2.10963193146655,0.872875708380184
2454055,27.13038358,156.6940604,105.6103999,226.1921495,0.0,0.0,19.64613983,37.42121873,0.0,81.42419245,137.5295666,101.0372906,73.90690699,15.5,4,2.0257884818084,0.72004500503665
2455000,23.51445637,282.9731787,222.9801974,395.4526299,1.741811583,0.0,19.15992741,35.70713745,41.80347799,81.93180613,157.0063886,94.92873126,53.12525327,12.79998779296875,5,4.5937741831046,1.08927477628977
2455185,19.65976263,329.0,241.0,423.0,0.0,0.0,12.72102288,23.70736082,57.82283128,83.0,206.0,64.18334272,54.3534614,19.29998779296875,3,1.42469251285223,0.801396076188954
2455980,13.73416152,203.0,109.0,412.0,3.96764666,0.0,7.019682553,11.59773639,7.630089732,81.0,198.0,32.04637687,27.16311944,22.5,4,1.69321146175292,0.895665661123575
2456500,35.72303163,242.0650028,159.8151209,386.0212266,1.930974683,0.0,21.24072151,38.61949366,34.75754429,81.53996863,192.1226209,103.3071455,76.27349997,18.09999084472656,5,2.73778813612112,0.991415153704017
2457595,19.52725892,214.5945585,99.92397972,362.8850358,15.93013228,0.0,11.8191304,20.04113416,9.249754226,81.0,179.1351472,53.95689965,25.1798865,17.199996948242188,3,1.44377835647104,0.764717720437278
2458450,13.71130277,201.0,137.0,364.0,51.8644931,0.0,13.71130277,23.84574395,26.82646195,81.0,135.0,62.59507788,6.557579587,9.0,2,1.09975903147762,0.403844565216127
2458600,15.37176598,198.8372027,133.4754414,353.5064277,25.80260717,8.731292996,12.62680777,21.95966568,12.62680777,81.0,138.8449731,58.19311405,21.95966568,10.45000457763672,3,1.24443412624155,0.480193127364346
2461500,11.50155044,183.5595818,143.5106465,308.409601,21.67599891,0.0,10.6168158,17.25232567,25.65730484,81.0,145.3425475,47.33330375,19.46416229,8.399993896484375,4,1.36106012247636,0.588372550333105
2462000,24.21049755,172.1585167,127.3208703,266.4103996,28.24558047,0.0,18.56138145,31.47364681,29.85961364,81.0,163.532788,86.35077459,44.38591217,12.399993896484377,4,2.0392319520166,0.817861353672286
2464000,27.23638799,152.5070318,95.64710283,214.9788962,0.0,0.0,19.9733512,35.40730439,0.0,81.25942118,152.985666,98.05099678,81.70916398,19.0,4,1.77825687315904,0.662391820429167
2465493,32.6368182,184.6784022,120.3519439,269.0452923,3.955977964,61.37941742,21.7578788,39.55977964,11.86793389,81.27264336,173.087403,105.8224105,80.10855377,19.80000305175781,3,1.20458147626639,0.82113396006109
2467500,15.96801294,99.52139232,63.60466366,155.191656,0.0,27.43586299,18.78589758,40.3896798,11.27153855,79.15327956,91.38306708,94.86878279,85.475834,9.400001525878906,5,2.18442198508187,1.08521788074337
2469800,19.20618867,80.00315704,31.23417628,141.8152072,0.0,0.0,16.58716294,41.03140306,53.25352313,79.44124713,120.1788609,89.04687474,87.30085759,13.699996948242188,5,1.88364712121022,0.997231484517653
2470072,2.608076467,116.0,66.0,166.0,0.0,0.0,2.370978606,5.571799725,3.082272188,80.0,140.0,12.09199089,11.85489303,10.899993896484377,2,1.18379626854675,0.7567918163021
2472000,14.49719344,125.5048364,94.84950688,171.3166228,0.0,0.0,22.22902995,41.5586212,32.86030514,80.54673851,73.81050521,99.54739497,93.7485176,8.199996948242188,5,1.60049839275709,1.16536058208718
2472500,11.84161398,116.5132693,84.47087719,155.0476462,0.0,0.0,19.73602329,44.40605241,0.0,81.82421904,58.80615826,104.6009234,93.74611064,7.600006103515625,5,1.44331206789913,1.07407685910877
2472850,11.81689767,120.7750851,87.7918053,162.1849464,0.0,0.0,18.17984257,39.99565365,0.0,81.30508056,69.59856522,95.44417347,78.17332304,9.099998474121094,4,1.37809655800566,1.11382182866976
2479155,11.0918146,77.0,35.0,109.0,0.0,0.0,14.50468062,42.66082537,0.0,84.0,83.0,93.0005993,85.32165074,8.400001525878906,3,1.20145510419121,1.02503704092202
2479300,9.919943535,69.20087958,39.95208699,104.8624549,0.0,36.12675262,16.23263488,43.28702633,0.0,86.02215331,50.16220588,101.9048745,88.37767877,6.700000762939453,5,1.47987969809423,1.10541504508386
2479945,6.85034273,73.0,37.0,99.0,0.0,0.0,10.01203937,25.8205226,0.0,88.0,114.0,60.07223624,36.35951141,8.799999237060547,3,1.08639698336887,0.772208563519067
2481000,10.53281408,54.76694508,28.64895353,91.59142184,0.0,0.0,19.15057105,44.04631341,0.0,87.47050211,47.06045986,111.0733121,93.83779814,6.599998474121094,4,1.50879786058076,1.25934632687027
2481510,11.59511848,72.17948291,42.77470407,107.7370439,0.0,0.0,19.32519746,44.44795416,0.0,86.32403876,58.3883178,109.1873657,91.79468794,7.300003051757812,4,1.36303949334388,1.13845318573507
2483500,13.94445568,143.9486679,117.4763,182.9625554,0.0,0.0,19.92065097,42.82939958,0.0,79.79696063,65.1476823,101.5953199,85.65879916,7.600006103515625,7,1.86295139765255,1.09132564641952
3007800,72.23044383,637.5129616,472.735508,766.8090429,0.0,0.0,14.13204336,32.97476784,0.0,86.4868802,435.6290368,86.36248719,77.72623847,52.199951171875,4,1.6325930392734,0.791571178672944
3010500,83.91989287,613.8898584,459.0165628,748.0164454,0.0,0.0,17.77127143,41.46630001,0.0,87.26326182,429.246056,111.5640929,97.74199287,47.800048828125,5,2.09076405374475,0.8212808330815
3010655,80.87888127,632.7829237,475.3241915,764.6789133,0.0,0.0,15.65397702,37.39561177,0.0,86.0,419.4403622,93.05419673,86.966539,51.0,4,1.32478559277856,0.855267827561284
3011020,82.56284861,591.2268317,448.3519277,733.8101959,0.994733116,10.06644088,17.90519608,41.77879086,0.0,87.56717123,418.9670773,113.3995752,97.48384535,44.5,6,2.036093168897,0.718321369143805
3011800,23.45500675,626.0,449.0,703.0,0.0,0.0,8.570098619,18.94442853,0.0,90.0,391.0,55.93116993,45.1057822,22.0,3,2.00126118154012,0.787364741401444
3012550,79.01974856,586.5945892,438.7658389,724.4014841,0.975552451,9.173103448,17.55994412,39.9976505,0.0,88.17694832,425.6226425,114.1396368,95.60414023,44.20001220703125,6,2.25284207998805,0.705566796522889
3014500,24.47388461,460.4772242,395.7947943,561.8421288,4.894776922,138.4248202,17.62119692,38.17925999,0.0,90.56099573,246.0863338,128.2431554,82.23225229,13.899993896484377,3,1.58025683112629,0.458675752721831
3015000,32.70185968,471.6379558,386.9601097,624.8766986,0.961819402,55.81338932,17.31274924,37.5109567,0.0,89.92470604,281.8701576,123.1128835,91.37284323,16.70001220703125,5,2.25041221592946,0.561536704007311
3015310,67.40810154,552.8690365,421.7434342,694.5021657,0.991295611,32.74704271,17.843321,40.64312005,0.0,88.69229539,386.9126928,118.9554733,96.15567426,34.100006103515625,6,2.14068381042585,0.664610274668927
3015500,43.56827786,495.5058444,399.3569016,589.9695754,0.926984635,0.0,16.68572343,37.07938541,0.0,89.93731965,320.3994985,117.7270487,89.91750962,22.199981689453125,4,2.60617682534039,0.689589735023692
3016000,65.0517098,544.0672657,414.7962892,679.6125279,0.985631967,40.93390486,17.7413754,39.42527867,0.0,88.80883124,382.7139013,119.261468,95.60630077,33.39996337890625,6,2.09546201369993,0.667009699105067
3020000,60.12625142,526.2919049,380.8520918,616.4588356,0.0,0.0,18.7278488,39.42705011,0.0,88.79782767,389.2916369,117.2954741,97.58194903,33.100006103515625,5,3.40221834135236,0.667350525844527
3020500,35.39365477,469.1078409,367.9255562,557.3015667,0.884841369,0.0,15.92714465,34.5088134,0.0,88.92474219,287.6073476,105.2961229,87.59929556,22.39999389648437,4,1.48931318325024,0.72938334482684
3021350,23.98509638,491.5768798,427.1633797,573.67308,0.0,0.0,13.92683016,31.72222425,0.0,91.0,261.7596602,102.9038006,76.59756587,15.600006103515623,3,1.66864829476813,0.569278225686999
3021520,27.13131745,465.6931357,402.7337345,555.0295745,0.0,0.0,17.44156122,39.72800055,0.0,90.8478617,248.6724925,126.9358066,95.9285867,15.0,4,1.57321467257425,0.579045472067298
3022540,11.07368601,433.0,338.0,515.0,0.425911,0.0,7.666398004,17.03644001,0.0,88.0,285.0,50.25749803,41.73927802,13.800018310546877,4,1.63408100724254,0.873836497849157
3023100,25.20184481,431.1796427,360.9925709,521.0102972,0.969301723,0.0,17.44743102,39.74137066,0.0,89.45675303,242.7622226,119.224112,92.08366373,13.79998779296875,6,1.73143024766142,0.840377636223025
3024000,26.35595242,423.542783,352.0654132,511.6175881,0.976146386,0.0,17.57063495,40.02200183,5.856878316,88.92103059,248.6466096,118.1137127,92.73390667,13.899993896484377,6,1.95187970371184,0.839378611539916
3026500,6.719268549,634.0,507.0,737.0,0.0,0.0,2.408794386,5.451482031,0.0,89.0,350.0,15.46699553,12.67786519,26.199951171875,2,1.25564209218833,0.901061273133784
3027500,35.89865185,630.8869049,502.8271279,734.946682,0.0,46.76266188,11.75990319,25.99557548,0.0,89.0,353.6429836,74.89201506,61.89422732,30.0,4,1.29895018953394,0.843560817091905
3028000,30.9091245,587.0,442.0,698.0,0.0,0.0,10.3030415,22.23287903,0.0,89.0,379.0,65.6141064,53.68426887,33.89996337890625,4,1.31663887885327,0.901209855117801
3028500,48.77023596,600.6816858,461.8333935,711.367332,0.0,161.1219515,16.25674532,35.93596334,0.0,88.98380915,376.1591785,103.5297991,85.56181747,33.79998779296875,5,1.27736210852265,0.853225660884496
3029500,52.08172117,552.19858,421.615188,664.5673226,0.0,86.99352924,18.6708057,40.28963336,13.75743578,88.35967865,352.9708918,115.9555301,96.30205046,28.5999755859375,5,1.64431661188696,0.820136175441741
3030500,50.55556282,538.6265541,409.7903972,646.6990796,0.972222362,81.05857445,18.47222488,39.86111684,27.22222613,88.25193603,343.1176825,114.7222387,93.33334674,27.79998779296875,5,1.6227645666281,0.814040070622553
3032500,50.61989504,481.7235512,376.4500971,597.1593156,0.97345952,0.0,18.49573088,40.88529984,62.30140928,87.54808953,249.6755274,111.9478448,77.87676161,26.199981689453125,5,1.87080074923439,0.836063203987732
3034000,41.66597916,488.6929805,389.2208248,639.7626852,0.757563257,0.0,14.39370189,31.81765681,57.57480756,87.3937409,196.7341676,87.1197746,57.57480756,26.699981689453125,4,1.49591199659375,0.838140122112848
3034500,39.8889855,485.5732566,374.7762462,604.2468447,0.0,0.0,12.37934033,29.57286856,33.0115742,87.73471762,246.7347176,80.46571212,56.3947726,30.100006103515625,4,2.34638163129759,0.871609872788259
3036000,50.83814929,472.4988503,372.3733243,605.0927264,0.891897356,7.378115344,16.94604976,37.45968895,64.21660963,87.35385821,226.343234,103.4600933,69.56799377,28.70001220703125,5,1.75219521333487,0.846082706574468
3038000,46.83773937,394.0993616,304.3716216,499.4439497,0.0,169.4454659,13.1731142,31.46910614,0.0,86.13501586,240.3389249,79.03868518,64.40189163,31.300018310546875,5,2.05386974114613,0.87858891349945
3039000,57.90637217,384.8904361,293.880275,486.7984526,0.0,155.6692026,16.8115274,40.16087102,0.0,85.45556119,240.8414271,99.93519068,83.12366328,31.20001220703125,5,2.27809059902122,0.927313849758124
3040000,48.49717563,659.6796038,480.4896589,863.9457957,3.87977405,142.2689055,18.42892674,39.76768402,16.48903971,86.82522272,287.3881024,110.5735604,64.01627183,27.79998779296875,5,1.61270201888019,0.714626773938838
3041029,49.91647329,648.7437617,465.7411008,850.3655344,3.69751654,101.3240672,17.56320357,37.89954454,10.16817049,86.87964782,299.2605107,105.3792214,63.78216032,29.5999755859375,5,1.61290838000216,0.738422302438678
3041500,50.98969522,642.0120247,456.3729647,847.7592092,3.708341471,100.8377495,17.61462199,38.01050007,9.270853677,86.88823208,305.3539956,105.6877319,66.75014647,30.39996337890625,5,1.60931388795024,0.740221035505626
3042000,43.65555984,558.358437,385.7341713,751.4380942,0.0,0.0,17.64799227,38.08250965,0.0,87.64018773,306.7279294,107.745637,85.45343628,25.20001220703125,4,1.61921333087536,0.864978946054911
3042280,37.36664534,497.0,315.0,646.0,0.0,421.0,13.14752336,28.37097146,0.0,87.0,300.0,80.26908999,64.35366697,25.5999755859375,4,1.48330269105307,0.83881490801906
3042500,45.47028766,470.4751293,334.6312146,618.3762553,3.497714435,209.522155,16.61414357,36.72600157,0.0,87.29180435,254.2739601,99.68486141,69.0798601,25.20001220703125,5,1.68280494705724,0.769568242977189
3044000,52.89256018,565.0448978,397.6380437,780.6424852,2.938475566,96.23275963,18.61034525,40.15916606,5.876951131,86.69556763,290.4647577,110.6825796,77.37985656,29.20001220703125,6,2.1457598096298,0.792670939007401
3045000,45.71196034,529.6292028,348.2924039,822.2445768,2.902346689,0.0,13.78614677,28.29788021,26.1211202,86.27817232,294.7632215,79.08894726,66.02838716,40.399993896484375,5,1.82396531789352,0.856001118862976
3047000,55.54393025,468.5268092,321.6376987,720.1893178,2.777196513,0.0,17.58891125,37.02928683,43.50941203,85.20584324,264.1928885,98.12761011,81.46443104,32.100006103515625,5,1.8974299104256,0.859443981685379
3048500,54.06617721,527.7699108,370.6482344,735.4946818,2.89640235,108.1966357,18.34388155,39.58416546,12.55107685,86.09654438,280.4588846,107.166887,78.20286346,29.79998779296875,6,2.01062151166541,0.815745756697742
3049800,1.54862719,344.0,224.0,399.0,1.927882828,0.0,0.568883457,1.390604007,0.0,80.0,210.0,2.970835834,1.896278192,30.800018310546875,2,1.23348019309951,0.855902148067545
3050000,96.94450432,890.9911684,626.3809711,1345.886057,0.0,0.0,18.17709456,32.89188539,50.20340402,92.73522601,426.7831727,117.7183267,86.55759314,60.699981689453125,4,1.61735842313318,0.853947263111883
3051000,91.61371683,797.4987566,593.3087965,1190.705302,0.944471308,0.0,19.83389746,35.88990969,49.11250799,91.08153027,370.6022142,121.8367987,93.50265944,46.9000244140625,5,1.81781083733664,0.904619785432295
3052000,87.14389069,771.3869783,568.7246783,1021.572771,0.0,0.0,19.26338636,33.94025216,41.27868506,92.78631834,386.4654518,123.8360552,91.73041125,52.5999755859375,4,1.55149402926611,0.968631230048069
3052500,62.74754447,697.68965,507.9966299,945.2724299,1.511989023,0.0,15.87588475,28.72779144,6.047956093,92.00044188,319.7799798,98.27928652,75.59945117,36.0,3,1.33956189166802,1.08469147710527
3053500,73.88533101,647.3520368,486.0979873,868.5603901,1.802081244,0.0,18.92185306,34.23954364,6.307284354,90.63291231,288.2822401,114.432159,90.1040622,40.70001220703125,5,1.80852529452845,0.998548115129268
3054500,87.98916026,727.9611817,544.3980622,1028.893713,0.966913849,0.0,20.30519083,36.74272626,32.87507086,90.88476294,342.1812218,124.7318865,96.6913849,44.0,6,1.8414579638197,0.938573362727339
3056000,88.30994265,683.6148465,504.8987264,980.0031112,0.992246547,3.162078867,20.83717748,37.70536877,35.72087568,90.16310648,337.1692142,125.0230649,99.22465467,44.5,6,1.86608584937525,0.913848975047482
3056250,70.24897726,520.9203711,344.360318,696.7303136,0.0,0.0,17.34542648,33.82358165,15.61088384,87.26000883,336.9296069,99.73620229,85.8598611,41.29998779296875,4,1.65285125732449,0.957180208769934
3057000,86.26003095,655.4192178,479.9075985,936.8219146,0.980227624,11.40184291,20.58478011,37.24864973,31.36728398,89.61032824,336.6968805,121.5482254,97.04253482,44.0999755859375,6,1.86687465513276,0.913115223851377
3058000,72.43269399,405.0435353,322.037316,562.7495911,0.0,254.4078507,15.09014458,27.91676747,0.0,85.66873978,286.6500818,82.99579519,74.69621567,39.20001220703125,4,2.37293308248231,0.902851281157213
3061000,91.69320127,385.7474372,298.7343003,519.4016398,1.993330462,177.9489458,19.93330462,38.86994402,0.0,83.66686147,293.3899001,104.6498493,96.67652742,38.79998779296875,5,2.2127112141398,0.814574260059056
3066000,41.05459169,1031.0,938.0,1322.0,0.0,0.0,15.79022757,31.58045515,14.21120482,93.0,336.0,108.9525703,54.47628513,24.5,4,4.43813114027452,0.762524064670393
3067510,51.79576867,1270.804811,1086.523419,1446.867975,0.0,0.0,9.32323836,22.79013821,51.79576867,96.94253166,474.6782281,81.8373145,51.79576867,78.0,3,1.35223741593111,0.45095162438626
3068800,94.45914929,1144.968093,884.9210918,1360.920252,0.0,0.0,14.78491032,34.49812409,77.21008724,95.08502708,476.8935918,122.3862021,82.13839068,73.7999267578125,3,1.65427351918907,0.635019814368887
3069500,104.0121896,998.6506657,690.8593919,1293.769166,0.0,0.0,19.81184564,39.62369127,47.54842953,92.56168484,464.6480837,135.7111426,95.09685905,59.10003662109375,5,1.68282888136694,0.742356018489347
3070500,52.26804963,602.593793,454.7872511,809.4977727,0.0,0.0,17.12229212,36.04693078,9.912905964,87.82637537,274.9369896,105.4372725,89.21615367,29.0999755859375,5,1.52315906181316,0.816124298725461
3072000,95.2361098,375.0249022,282.628505,478.7941037,0.0,0.0,19.43594077,36.92828747,60.2514164,81.78162685,289.8644289,96.20790683,97.17970387,43.70001220703125,4,1.78488552091536,0.944476538308772
3074500,36.77627312,397.7579583,277.756029,772.796544,6.340736744,0.0,12.68147349,26.63109433,63.40736744,82.75024116,200.4956591,62.77329377,55.16440968,29.0999755859375,4,1.42188841914532,0.798343793201243
3075500,43.12008381,796.5667815,726.5869073,978.0754834,0.0,0.0,16.58464762,33.16929524,71.31398477,90.36252928,285.2280961,105.3125124,75.46014667,24.5,5,1.51857459128327,0.763543415251616
3075905,5.215308038,799.0,737.0,939.0,0.0,2004.0,2.108316015,4.549524033,10.98543608,90.0,281.0,13.6485721,9.764832071,16.75,2,1.41591378105339,0.464945035880451
3076500,51.80338826,786.2453815,677.2782579,955.4229915,0.0,517.7594221,17.89571595,37.67519146,72.52474357,90.18016519,298.4546499,118.6768531,85.71106058,25.79998779296875,5,1.44688424292288,0.69563821889836
3076600,52.01475305,761.0,488.0,915.0,0.0,0.0,13.53808641,28.50123455,71.25308636,89.0,374.0,86.2162345,67.69043205,37.79998779296875,3,1.93710205437206,0.712671125620197
3077500,57.46631658,753.0131754,597.4795739,942.1998514,0.0,499.0128604,18.19766692,38.31087772,71.83289573,89.49062965,320.1045334,117.805949,89.0727907,29.79998779296875,5,1.46228707663188,0.711147671600847
3078000,26.20383475,785.9933885,646.8134178,931.6565871,0.0,0.0,9.574478081,20.66071586,49.88807,88.64666991,313.1733593,58.95862819,38.29791233,35.4000244140625,3,1.50458739347816,0.58549972907281
3079000,44.86007902,725.2438825,585.2079237,912.9706766,0.915511817,0.0,17.39472452,37.53598449,52.18417355,87.08618147,301.5998265,104.3683471,52.18417355,28.5,5,2.58023580521682,0.754299828195602
3080000,57.76669503,677.7119651,497.3880683,887.0215171,0.0,0.0,16.62980615,35.0101182,54.26568321,88.2517931,320.4390348,102.4045957,67.39447754,31.29998779296875,4,2.36703741286392,0.916063696153925
3081000,58.10422491,724.7764715,560.0424946,927.4538119,0.0,215.9176234,18.39967122,39.70455369,62.94624365,88.23273514,318.2560661,114.2716423,75.53549238,30.5999755859375,6,1.45123380543244,0.756667472464097
3081500,0.000714684,615.0,373.0,875.0,0.0,0.0,0.000223339,0.000446677,0.000368509,88.0,310.0,0.001295365,0.001116694,31.0,6,1.60592841022648,0.761315485905794
3082500,60.78039842,693.5401814,512.2985168,911.4085116,0.964768229,195.4325562,18.33059635,38.59072915,67.53377602,87.97154312,327.2928022,112.8778828,79.11099477,33.5,6,1.61765545967491,0.782863512006113
3083500,59.18387908,619.393042,453.7575319,833.9613209,3.880910104,169.5212031,18.43432299,39.77932856,74.7075195,86.539398,302.7385624,108.6654829,78.5884296,31.29998779296875,6,1.64075296515513,0.795421379058738
3085500,47.74373191,344.8769433,260.750585,423.0336681,29.02069979,0.0,18.72303212,39.31836746,64.59446082,79.52360927,207.1594238,87.06209937,58.97755119,25.100006103515625,4,1.59550811372089,0.860840674192416
3092460,10.26898905,338.5844075,293.3173971,391.3677838,1.466998436,213.5909671,13.20298592,27.87297028,0.0,82.0,86.15116013,71.14942414,49.87794682,7.20001220703125,4,2.24679645281973,0.792287775318699
3093000,12.35403701,315.0,273.0,404.0,0.0,0.0,14.82484442,31.29689377,0.0,83.0,83.0,81.53664429,57.65217273,6.79998779296875,4,1.80968833196776,0.861667808457193
3094000,12.72060057,329.9283065,292.7281023,386.9581745,3.914030944,244.7340542,17.61313925,37.18329397,1.957015472,81.15692581,72.37285496,92.95823492,52.83941774,5.70001220703125,5,1.95728917508661,0.902213437938024
3095500,6.959307159,304.0,270.5094352,355.4276708,9.743030023,368.0501325,11.83082217,26.4453672,4.871515011,83.16981173,78.10691769,67.50527944,43.14770439,3.5,4,1.25638232966949,1.30627371368112
3098600,12.27796764,323.2885069,281.0683531,380.4697566,14.16688574,354.8273256,16.05580384,36.83390293,15.11134479,80.82449804,78.7526186,88.77915066,48.16741153,5.699981689453125,5,3.46560556720817,0.923138142127305
3101500,11.40460716,334.8949032,302.4248757,397.2838563,0.877277474,463.3242928,14.91371706,36.84565392,0.0,86.27446545,138.7441546,94.74596721,71.05947541,5.0,3,1.24218409109086,0.907241375043075
3102500,19.92280764,373.7647807,297.5362235,443.5301424,0.948705126,0.0,17.07669226,38.89691015,24.66633327,85.43569508,257.2110434,100.5627433,88.22957668,11.20001220703125,4,1.67602247405298,0.970359228674753
3102850,16.21471041,348.6732895,297.6544144,415.6724598,0.953806494,517.2669989,16.21471041,39.10606627,8.58425845,85.61386539,193.9693424,101.1034884,82.02735852,7.600006103515625,4,1.24892702369106,0.919400379719383
3103500,16.35989981,339.4004578,288.044469,405.9610114,2.887041143,430.6231573,16.35989981,40.418576,9.623470476,84.83873421,187.467288,100.0840929,80.837152,7.4000244140625,5,1.61607107555057,0.98115145853997
3105500,16.92756554,333.1898338,278.1215964,394.4686268,8.961652343,373.3093473,16.92756554,39.82956597,31.86365277,82.21066607,150.1524615,96.58669747,67.71026214,7.399993896484375,6,2.83563211846664,0.899834362980604
3106000,41.67747387,365.5969987,291.4179665,425.1705788,8.723192206,0.0,17.44638441,42.64671745,51.36990966,81.6899308,209.2356689,94.01662711,83.35494775,23.100006103515625,5,1.99830753668737,0.81406526688591
3106300,29.73758771,400.0,348.0,476.0,0.0,1478.0,12.74468045,29.73758771,70.80378026,83.0,208.0,70.80378026,68.67966685,22.100006103515625,3,1.2159510229483,0.637942083176028
3106500,31.59170776,400.6923885,348.0225337,469.9123605,1.914648955,232.4526968,17.2318406,40.20762806,95.73244776,83.76034371,173.6588861,97.64709672,89.03117642,16.699981689453125,5,1.71472625109051,0.756982153810765
3107500,22.67300422,345.604085,287.2823312,408.2679651,8.872045129,304.3781015,16.75830747,40.41709448,43.37444285,82.25491817,164.2796684,96.60671362,72.94792661,9.5999755859375,7,2.63551934570775,0.8703812104284
3108000,47.19349647,341.7978427,249.8604812,413.8874496,2.831609788,23.49996638,17.93352866,38.69866711,42.47414682,79.71341504,232.5903893,87.77990344,84.94829365,28.100006103515625,4,1.85948360826348,0.82381881672929
3109500,32.69088036,346.3593467,274.6310825,408.8443843,1.981265476,0.0,16.84075655,40.61594227,56.46606608,79.42788927,195.7922425,91.13821191,82.22251727,18.800018310546875,6,2.32030481264854,0.791346573356224
3110000,52.76870626,349.3491665,245.1763375,410.9026204,0.0,0.0,16.71009032,34.29965907,0.0,80.43830527,259.0182985,82.67097314,87.94784377,32.899993896484375,4,1.93269390858323,0.826522128647961
3111500,42.23942721,341.4315037,238.0037686,394.569562,0.0,0.0,16.37855341,34.48116507,53.44580586,82.0,234.1242626,83.6168253,81.89276704,26.29998779296875,4,1.59635306406994,0.738824054888396
3111548,43.75444823,342.1222769,241.8306398,394.585383,1.823102009,0.0,17.31946909,36.46204019,15.49636708,82.0,236.9978914,88.42044746,82.03959042,24.199981689453125,4,1.8481868360351,0.802835768303358
3112000,75.7612064,371.2746516,236.7795975,452.205963,2.84104524,101.1308091,17.99328652,37.8806032,0.0,82.27079405,281.3114641,93.75449291,87.12538735,40.100006103515625,5,1.84330523778507,0.931295769912524
3113990,43.14542242,355.1032822,253.077747,405.4025814,0.0,0.0,14.13384527,29.75546374,0.0,82.94483552,223.653485,73.64477274,73.64477274,28.300018310546875,4,1.65178074177663,1.08294628251759
3114500,82.91999753,321.9144131,222.5055281,434.6936019,0.0,0.0,17.64255267,33.52085007,0.0,82.23375036,309.3441596,88.21276333,88.21276333,47.70001220703125,5,2.46834638136778,0.836717252369257
3115400,55.12864017,308.1876146,215.8415975,384.7213692,0.0,0.0,16.21430593,31.61789657,0.0,81.54908422,252.3084528,78.63938377,81.07152966,36.20001220703125,4,2.76438026367864,0.99709260771995
3116077,7.223316478,327.8827734,291.9062187,381.3751251,3.611658239,0.0,8.77117001,20.63804708,0.0,82.0,144.4689063,49.01536182,13.93068178,5.600006103515625,3,1.14319743340259,0.877191472601359
3117500,31.38479183,352.8722458,307.3379916,405.4647181,0.0,11.98801765,17.11897736,38.04217192,0.0,80.23540974,153.5001029,88.4480497,91.3012126,17.0,4,1.30528052909081,0.781760557467247
3118000,4.69200499,350.0,309.0,400.0,10.38943962,0.0,5.697434631,13.74087176,0.0,81.0,91.0,31.50346208,9.719153194,6.4000244140625,3,1.85275697211771,0.631584975672555
3118500,14.53766242,345.8465981,305.7735342,394.5362144,39.06996777,0.0,15.44626633,37.25275996,0.0,81.0,95.42977023,85.40876674,28.16672095,7.699981689453125,4,1.46807435898041,0.588301043629853
3124500,27.53702555,335.772231,291.7976811,393.7426855,0.888291147,0.0,15.98924064,34.64335472,0.0,81.49041606,182.9704711,84.38765894,57.73892454,15.199981689453123,5,1.29297020911289,0.752857899577357
3136500,12.45980388,370.7689364,313.7889666,434.1681355,1.557475484,0.0,14.7960171,25.69834549,0.0,83.0,113.8812347,76.31629874,9.344852907,8.0,5,1.95760806033197,0.981101834406012
3139000,28.08549613,327.3065037,255.1158283,391.3115705,1.811967492,0.0,16.30770743,35.3333661,0.0,81.57923072,196.5619402,86.06845589,36.23934985,13.0,5,1.88576058339181,0.86372936253844
3140000,19.52734364,297.0,227.0,381.0,0.0,0.0,7.810937458,17.79157976,0.0,81.0,250.0,40.79045117,42.96015602,26.9000244140625,3,1.12006399926155,0.659458418270885
3141870,35.90895918,304.0,240.0,404.0,0.677527532,0.0,12.8730231,26.42357373,0.0,79.0,249.0,61.65500538,67.07522563,25.600006103515625,4,1.91467450800682,0.947977119576913
3142000,49.57460757,303.382599,243.9157168,379.1818992,0.991492151,128.6595613,18.83835088,39.65968605,0.0,79.30387526,246.3113844,90.22578577,95.18324653,24.100006103515625,5,1.785778795996,0.954450518723108
3144816,4.443604124,328.5574611,283.2963225,385.1204031,1.77744165,7.353430235,8.887208248,14.2195332,0.0,81.0,103.0852192,42.21423918,4.443604124,5.0,3,1.6151824235877,1.09540249555428
3145000,10.37657115,306.3572978,272.3100823,371.8988631,2.223550961,119.9528552,14.82367308,24.45906058,0.0,81.0,89.78472662,70.41244711,15.56485673,4.600006103515625,4,2.15751802617026,1.08790322743847
3145483,12.57488445,337.4326233,274.0089216,403.7970707,8.87638902,0.0,14.7939817,25.14976889,0.0,82.0,114.253262,71.01111216,10.35578719,6.70001220703125,4,1.30982432028992,1.04191309781877
3146500,17.16896198,321.0440102,270.6175466,392.3516917,5.722987328,47.50977904,19.07662443,31.4764303,0.0,81.72352444,114.6550722,91.56779724,24.79961175,6.699981689453125,5,2.18839474024052,1.02964930200885
3149500,19.66267813,274.9257552,217.5916537,342.1136716,0.0,0.0,10.37752457,22.39360565,0.0,79.0,169.818997,49.70288082,42.05628377,20.89999389648437,4,2.39880418555286,0.96608025597729
3151400,68.33005075,548.9135277,302.894305,774.7066709,0.0,22.03345203,13.41057071,23.62814839,0.0,89.93648655,347.1289402,75.3546354,63.85986051,50.899993896484375,4,2.24507175179088,0.996905038547714
3157000,27.52814942,301.0,232.0,365.0,0.0,0.0,18.64810122,27.52814942,0.0,80.0,172.0,82.58444827,39.07221208,13.79998779296875,3,1.68625445320879,0.890629567150465
3157500,30.42156278,291.1643678,236.6668979,348.6239416,2.85202151,0.0,19.01347674,33.27358429,0.0,80.29268049,174.2755532,88.41266682,37.07627963,15.399993896484377,5,1.32479327597155,0.851129812038382
3159500,37.03138128,277.9594337,220.8246055,335.5418128,2.848567791,51.76536403,18.99045194,35.13233609,0.0,79.89038051,199.6841222,87.35607893,65.51705919,20.600006103515625,5,1.41800765458534,0.936061251477264
3161000,85.61634606,1032.181824,881.1952398,1515.491289,3.604898782,0.0,18.02449391,38.7526619,0.0,94.02057983,415.3308915,122.5665586,89.22124484,44.300048828125,4,3.18469678975533,0.828435213419255
3164000,87.83282505,957.3335816,781.680772,1423.462648,0.975920278,0.0,18.54248529,42.94049225,2.927760835,89.58425807,396.99668,117.1104334,97.59202783,41.79998779296875,5,2.76736539355921,0.872428825333521
3165000,27.57273573,791.0,662.0,1050.0,3.509257275,0.0,10.02644936,22.05818859,0.0,83.0,280.0,50.13224679,49.63092432,32.20001220703125,3,1.91720817263841,0.809734293762213
3165500,86.31136671,931.7577873,762.4488147,1364.676039,0.992084675,0.0,18.84960882,43.65172569,3.968338699,88.50629411,383.9005491,116.073907,98.21638281,40.0,5,2.62543293372269,0.854552412090727
3167000,64.33900618,763.4353863,633.9344082,1065.962926,0.960283674,0.0,21.12624084,40.33191432,68.18014088,78.25270837,302.146994,86.42553069,56.65673679,27.39996337890625,4,1.80197049395229,0.897233619315798
3168000,77.95501328,871.227069,710.7322994,1246.627354,0.974437666,0.0,19.48875332,42.8752573,20.46319099,85.46510178,355.72089,105.2392679,88.6738276,36.20001220703125,5,2.43746521520195,0.855129451730766
3170000,50.38610499,764.1898401,637.6537646,976.5449489,0.0,0.0,18.24324491,37.35521577,50.38610499,82.89794611,322.228803,84.26641697,76.44788344,31.70001220703125,5,3.01973358714832,0.890473337433302
3171000,73.96109302,841.1117406,688.828189,1188.034122,0.986147907,1.316637088,19.72295814,42.40436,28.5982893,84.41186433,344.2587552,103.5455302,86.78101581,34.300048828125,6,2.27970426316152,0.855522492091951
3173000,87.33349848,784.2946175,580.7940475,1203.807693,0.0,0.0,19.7204674,39.4409348,12.20790839,77.57274413,431.7176156,83.57721898,88.27256836,46.5,5,1.92982106800191,0.916293888480905
3175500,109.1745904,868.6392062,607.6737454,1292.027749,0.0,0.0,18.98688529,38.92311484,38.92311484,80.41575279,550.5553317,91.13704939,92.08639366,64.4000244140625,4,1.54891132038054,0.760562440099624
3176500,79.93071427,820.718911,650.1944587,1179.562596,0.999133928,5.156504105,19.98267857,42.96275892,31.97228571,82.5996884,370.187179,100.9125268,88.92291963,36.20001220703125,6,2.69733910636371,0.846326349871275
3177710,45.78590854,842.0,707.0,1305.0,3.44625118,0.0,10.33875354,20.18518548,33.97019021,81.0,395.0,47.26287333,41.84733576,48.39996337890625,3,1.92447480862275,0.630474837453896
3179000,86.65130196,792.73212,622.453927,1077.78249,3.938695543,0.0,20.6781516,41.35630321,28.55554269,79.8866823,371.9098544,92.55934527,92.55934527,47.29998779296875,5,2.15671361686031,0.830405867101903
3180500,84.85210091,1072.887011,836.1132541,1370.899739,0.0,0.0,15.01807096,30.03614192,10.51264967,92.99546527,460.796721,102.8737861,75.09035479,58.20001220703125,4,1.51070583205497,0.789258509623354
3182500,94.95522029,959.2532249,739.5217599,1365.735582,0.0,0.0,17.74863931,36.38471058,31.06011879,90.21488778,407.1833679,111.8164276,88.74319653,55.79998779296875,4,1.58047566128413,0.597330938171716
3183500,98.85251735,849.5954844,640.7710789,1204.337935,0.0,0.0,20.75902864,39.54100694,49.42625867,85.7719293,397.2478673,110.7148194,94.89841665,50.40000915527344,5,1.69178039997947,0.686442433811336
3186500,110.4481691,1084.175812,764.9865466,1386.810734,0.0,0.0,17.95905189,35.02015119,7.183620756,95.12483183,526.8778589,132.896984,89.79525945,87.29998779296875,4,1.66192195934176,0.70343559901177
3187500,81.03377322,1048.0,613.0,1394.0,0.0,0.0,13.15933069,27.70385409,4.155578114,94.0,515.0,99.04127838,68.56703888,82.5,3,1.62739908639393,0.735388472386279
3189100,114.3454029,987.1384878,676.0054373,1312.100053,0.0,0.0,19.88615703,37.78369835,4.971539256,94.07034344,487.7175326,141.1917149,99.43078513,74.199951171875,5,1.79795457066785,0.749061068869558
3194700,134.276409,936.7438821,557.8228118,1324.448424,0.0,0.0,19.05273372,33.56910226,27.21819102,94.46680434,547.9132903,130.6473169,90.72730341,96.0999755859375,5,2.06983506840946,0.716676121443157
3197000,126.1350262,578.1466648,331.5312685,831.3503054,0.0,74.28011489,20.53360892,36.17826333,6.844536306,88.46760357,455.7682948,117.3349081,97.77909009,70.20001220703125,5,2.41756097748694,0.832577548967234
3198350,145.3338135,611.0,270.0,972.0,0.0,0.0,17.54028783,31.73956846,0.0,86.0,659.0,89.37194278,83.52518017,108.199951171875,3,1.49953849111963,0.679471067088578
3198500,129.345219,539.6657443,304.6186879,829.1675581,0.0,0.0,18.35303784,33.21025894,0.0,84.8335397,561.8039498,91.76518918,86.52146409,78.79998779296875,4,1.81000422573047,0.753412701231761
3200500,141.331915,471.4489877,261.1346418,736.3026625,0.961441599,0.0,20.19027357,36.53478075,0.0,84.2796036,537.7789892,99.98992625,95.18271826,77.30001831054688,5,1.71353162319111,0.76626738938688
3202000,37.77469816,253.0206089,199.3210916,306.9955562,0.944367454,0.0,18.88734908,36.8303307,0.0,79.33500993,207.5831665,86.88180576,84.0487034,23.09999084472656,5,2.18456994810426,0.992795397601851
3202400,121.6455362,670.5807413,427.6648386,972.8581752,0.0,0.0,20.27425603,37.65218978,0.0,82.21542742,471.6976933,95.57863559,96.54407635,67.39996337890625,5,1.75565920051147,0.956942620139544
3202750,148.6191693,624.2851072,379.8613155,1027.256771,0.0,0.0,19.38510903,35.07781635,0.0,84.79003869,592.5800774,97.8486456,92.31004302,92.5,4,1.55610793329729,0.693054844782436
3203600,151.561422,582.5776918,339.7834685,884.8684624,0.0,74.66590523,20.66746664,38.38243805,0.0,83.18253879,554.0497473,100.384838,98.41650781,84.30001831054688,5,2.01409890809103,0.809501478668892
3205470,42.12418559,241.7490795,188.9246386,297.7648025,0.0,0.0,16.84967424,32.85686476,0.0,79.54850951,217.7935159,78.3509852,77.50850149,24.30000305175781,4,1.8306655400129,0.91227485281395
3207800,151.0564558,624.7498333,346.7967471,836.1710979,0.0,0.0,20.33452289,37.76411394,0.0,82.36516007,603.8110847,96.83106139,96.83106139,98.80001831054688,4,1.53133379506392,0.838791839810601
3207965,142.1600457,595.0987707,328.3049286,812.6777881,0.0,8.955717782,18.54261465,34.43628435,0.0,82.09355665,599.2775351,87.41518336,88.29816501,110.10000610351562,2,1.09843595966653,0.778103187824291
3208500,130.6692385,622.9253235,431.1755238,902.9119444,0.0,0.0,20.78828794,38.60682047,0.0,82.08254014,502.7124348,98.99184735,98.00192887,83.0,5,1.40301884004115,0.934605311019735
3208950,73.92144732,624.0,432.0,864.0,0.0,0.0,13.61710872,25.93734994,0.0,82.0,476.0,65.49180859,63.54650734,73.0,4,1.38196658534796,0.85949773880673
3209000,108.0018126,611.7002863,445.0229411,942.5105443,0.0,24.84069635,20.80768868,39.63369272,19.81684636,82.25799679,446.0690534,100.0750741,96.11170483,60.29998779296875,5,1.71616433094125,0.92354291482043
3210000,150.7951701,437.0,226.0,683.0,0.0,0.0,18.30461603,33.12263852,0.0,81.0,590.0,84.54989307,87.16483822,91.70001220703124,3,1.61746732484154,0.783786428428219
3212750,94.83814223,670.292478,401.2886472,961.251521,0.0,0.0,13.83056241,26.3439284,0.0,80.4685533,499.5215555,63.22542816,65.859821,79.79998779296875,5,1.68719090624638,0.813848455062941
3212980,126.6751718,652.5815126,410.0597188,970.8967537,0.0,0.0,18.47346255,35.18754771,2.639066078,81.11954301,533.2363336,85.3298032,87.96886928,86.89999389648438,4,1.83231516789412,0.802635191586682
3213700,149.756646,552.0030322,318.4400219,818.7588799,0.0,0.0,20.42136082,37.92538437,0.972445753,81.14857641,544.1583624,94.32723805,97.24457531,89.60003662109375,6,1.86735701340058,0.802500144326326
3214500,147.3933504,501.7837305,286.3219903,752.2339886,0.0,0.0,20.09909323,37.32688743,0.0,81.02391082,534.187137,92.83866874,94.75286809,86.60000610351562,6,1.85345927282417,0.806136495162516
3217000,50.7930954,288.9556587,195.7768011,365.3203346,0.0,0.0,17.4861476,30.80892672,64.11587452,80.26918407,279.0719433,79.10400103,82.43469581,35.40000915527344,4,2.31263368956169,0.940928939611494
3219500,3.751453795,301.5709101,284.2138445,334.8214016,1.875726897,0.0,23.44658622,21.57085932,77.84266625,78.50045026,22.40833359,83.46984694,0.937863449,1.699981689453125,5,1.76481553274232,0.796419617994594
3220000,6.846794675,317.4051093,292.6298477,371.0474032,4.890567625,0.0,23.4747246,25.43095165,97.8113525,78.34668545,49.86032255,87.05210372,5.86868115,3.0,4,1.66576182708843,0.816488381386939
3221000,3.871750476,302.0814358,282.3824201,336.4158878,4.839688095,1.413268119,24.19844047,23.23050285,84.21057285,78.35731748,27.32429504,86.14644808,1.935875238,1.800018310546875,5,1.72534038473568,0.771041481958055
3223425,3.852133935,356.0,300.0,431.0,0.0,0.0,8.560297632,13.26846133,0.0,82.0,52.0,41.08942864,0.0,5.5999755859375,4,1.48629344915064,1.05700972430833
3225500,4.611285823,319.3956003,292.7248519,370.1184818,4.611285823,18.06792507,20.28965762,25.82320061,0.0,80.65519722,22.42947426,85.76991632,4.611285823,1.899993896484375,5,2.04704536090762,0.818024602721561
3226800,5.555438946,311.8252422,283.4476814,356.42267,14.81450386,90.69546959,20.3699428,26.85128824,0.0,80.32842175,35.39933598,85.18339717,3.703625964,2.0,5,1.8679713965255,0.792555176322507
3227500,4.868014362,301.3935677,276.636348,338.5381268,13.63044021,39.13576158,23.36646894,25.31367468,57.44256948,78.90234671,34.05172902,87.62425852,3.89441149,2.0,6,1.64433297343095,0.764548217411156
3228300,6.782467338,348.2264448,300.1771116,410.0661119,2.543425252,0.0,16.95616834,27.12986935,0.0,82.0,32.57622249,81.38960805,2.543425252,3.600006103515625,4,1.21066956495479,1.087147506207
3228500,7.075992185,325.3554086,280.0280331,380.0354584,10.61398828,177.376148,17.68998046,29.18846776,0.0,81.11247176,34.02030235,83.14290817,4.422495116,3.5,4,1.20551343032959,0.935238070798017
3228750,5.397469658,321.0,284.0,378.0,0.0,0.0,15.42134188,23.90307991,0.0,81.0,24.0,72.48030684,4.626402564,3.4000244140625,4,1.23290110051316,1.05630628245452
3228805,5.901587291,304.5741847,268.006443,348.1741775,10.96009068,536.8648057,16.86167797,26.97868476,0.0,80.1354834,45.61291488,77.56371868,9.273922886,3.29998779296875,4,1.24410953248881,0.889901788380504
3229500,6.784217649,298.5249296,255.6852509,344.8781814,31.98274034,392.0122507,19.383479,31.98274034,0.0,80.0757349,42.36471827,89.16400339,8.722565549,3.300018310546875,5,1.30989298220999,0.854617479469832
3229610,4.883021012,297.6294841,267.2433835,336.7317374,18.55547984,128.2797846,22.46189665,27.34491767,41.9939807,79.11953186,35.82016284,87.89437821,4.883021012,2.29998779296875,6,1.64518723841035,0.791293829964351
3229796,8.776534061,264.9756446,226.9109536,337.3596716,7.80136361,0.0,20.47857948,29.25511354,0.0,79.01483488,65.27285632,88.74051106,6.826193159,4.100006103515625,5,1.67404226958183,0.961770049286444
3230450,4.55636728,309.448032,283.7452685,363.0732453,0.911273456,0.0,23.69310986,20.95928949,87.48225178,78.34129554,34.26469979,81.10333758,0.911273456,1.29998779296875,3,1.57604152814453,0.495184954930155
3230500,4.702739868,302.8688619,275.6020924,354.206181,0.940547974,0.0,23.51369934,21.63260339,81.8276737,78.29788837,37.28401852,83.70876965,0.940547974,2.0,5,1.43369479879737,0.724569445715373
3230800,2.700805752,306.8069654,275.4548987,352.7139126,1.800537168,0.0,23.40698318,19.80590885,81.02417256,79.49731789,22.73251026,82.82470972,0.0,2.0999755859375,4,1.77972964727839,0.792266800595276
3231500,5.98275593,287.9501353,256.6684234,334.1878619,12.96263785,107.62983,22.93389773,26.92240168,43.87354348,78.92769627,40.41833702,89.74133894,3.988503953,2.399993896484375,6,1.66194979880415,0.801804183471988
3232000,3.606854785,312.3993668,283.7675325,345.0755959,2.705141089,0.0,24.3462698,18.93598762,85.66280114,81.0,20.49705357,86.56451483,0.901713696,1.899993896484375,4,1.56410873352168,0.653708745154949
3232500,19.47306109,309.0889421,256.6291199,375.5816901,2.920959163,252.6467431,22.39402025,29.20959163,97.36530543,82.28931999,118.4832167,97.36530543,27.26228552,11.5,4,1.86999288111827,0.903932437960673
3234000,13.46386973,308.0241025,265.5267189,358.3175546,0.961704981,73.70870155,24.04262452,23.08091954,83.66833333,81.49535066,74.8196297,93.28538314,16.34898467,3.600006103515625,5,1.71714315635145,0.793122780699241
3234300,14.94406982,297.9413574,251.7893279,355.4998113,0.996271322,77.41808255,24.90678304,24.90678304,68.74272119,81.05096202,92.48908321,95.64204687,17.93288379,4.0,5,1.97999510890458,0.827800507869532
3237280,67.95765461,440.6188485,320.6907672,587.3622801,2.998131821,70.1624427,19.98754547,38.97571368,18.9881682,82.94399655,298.8179762,101.9364819,82.94831372,48.0,3,1.39554182210401,0.972520953323097
3237500,28.60231507,274.224958,195.8217663,353.9500299,0.0,0.0,19.66409161,28.60231507,57.20463014,81.65576442,163.7990126,87.59458991,58.99227484,14.699981689453123,5,1.85076223983435,0.947831057966045
3240000,6.549354067,322.3824057,275.8899454,354.4127142,2.456007775,0.0,20.46673146,20.46673146,81.04825658,80.99866295,47.61409342,77.77357955,0.0,3.399993896484375,4,1.36547835143199,0.652036831960423
3241500,4.778148805,321.0,251.0,352.0,0.0,0.0,20.70531149,17.51987895,79.63581342,81.0,39.0,75.65402275,0.0,2.0,4,1.31374936597388,0.633100760906769
3244936,7.425578664,257.0,180.0,282.0,15.67622162,0.0,18.97647881,26.40205747,0.0,82.0,61.0,81.6813653,14.85115733,3.600006103515625,3,1.500944456267,1.01543270254879
3245500,9.931189142,289.0890194,233.4144172,325.1376669,14.89678371,129.9853889,23.83485394,27.8073296,44.69035114,81.51258801,83.87749348,96.33253467,6.951832399,4.70001220703125,5,1.60108434943165,0.834771050024963
3247500,9.450096379,284.9029281,230.4322295,316.2446144,7.560077103,120.9895911,22.68023131,27.4052795,22.68023131,82.68004065,52.52161364,94.50096379,17.95518312,3.29998779296875,5,2.33766401536115,1.01106976962912
3248300,65.22820523,358.4225319,266.6217289,465.4124705,0.0,0.0,15.26617569,25.67493185,0.0,80.0,289.2635805,65.22820523,69.39170769,47.600006103515625,4,1.76355338302648,0.883318764426738
3250322,39.9458772,285.5960246,200.7400046,420.85602,0.0,0.0,12.73636664,19.68347572,0.0,81.94800091,312.1800319,57.31364989,56.73472413,41.90000915527344,2,1.44224561293957,0.710908216543006
3250500,60.18127637,297.0532275,219.1411104,390.8311894,0.0,85.51642292,21.70472263,34.53024054,16.77183112,81.42076027,242.1270635,97.67125182,77.93968579,28.70001220703125,7,2.38079983473414,0.940217528867736
3251200,26.16221183,262.5616765,212.8319286,313.8389391,0.0,0.0,20.25461561,25.31826952,43.88500049,82.0,130.4846739,83.5502894,37.13346196,16.600006103515625,4,2.05246621662221,0.798323958588082
3252300,20.70937204,287.7070364,251.1499609,319.539717,3.765340372,0.0,22.59204223,28.24005279,15.06136149,82.52408882,103.0086884,96.01617947,0.0,15.399993896484377,4,2.59842513847927,0.761424132928814
3260706,5.795293255,325.6165152,299.0193408,380.3162972,1.655798073,132.6480367,20.69747591,19.86957687,82.78990364,79.27064386,46.25024826,75.33881231,3.311596146,5.0999755859375,4,1.37424922066625,0.805608286351019
3261500,6.623664489,325.7889022,296.6560298,374.5897215,2.838713352,126.0550608,23.6559446,22.70970682,94.62377841,79.46624053,46.2133034,86.10763835,3.784951136,2.699981689453125,5,1.57976728442075,0.738724320010261
3261950,3.538055777,299.1685691,288.4855122,318.1478839,0.0,0.0,22.11284861,22.11284861,88.45139443,78.32664232,19.91821536,78.72174104,7.960625499,1.800018310546875,4,1.36289746527604,0.828176345443049
3262000,4.929397025,300.6351217,284.4794881,321.2645148,0.0,0.0,24.64698512,25.63286453,98.58794049,78.60559387,30.10086828,88.72914644,7.887035239,2.399993896484375,4,2.07590390812249,0.818818194793777
3262700,5.782653273,313.2072907,286.6623814,351.7816212,2.891326636,80.81094622,24.09438864,24.09438864,95.413779,79.14799828,40.31411717,87.70357464,4.818877727,2.5999755859375,5,1.6497873614678,0.746481622438872
3263000,5.861385531,310.0164224,278.7261879,350.3882698,4.884487942,70.09974063,23.44554212,24.42243971,90.85147573,79.19942412,42.03269845,88.89768055,4.884487942,2.699981689453125,5,1.66237112130752,0.744289513073742
3264000,4.27784588,328.7521592,307.0081911,357.0859687,1.711138352,0.0,21.3892294,20.53366022,85.5569176,79.70960918,29.81017574,78.71236419,0.855569176,2.70001220703125,4,1.7101845804951,0.633765727826695
3265000,4.740686913,316.1446736,295.5343276,338.650522,0.948137383,0.0,23.70343457,22.75529718,94.81373826,79.33874773,26.21453841,86.28050182,2.844412148,2.29998779296875,5,1.57640090604448,0.696855817728742
3266000,4.777460638,310.7014446,281.9984237,334.9314817,3.821968511,0.0,23.88730319,23.88730319,87.90527575,79.24620949,34.40012637,86.94978362,2.866476383,2.20001220703125,5,1.61125988293064,0.667855717347035
3266560,8.919043612,391.9926798,328.9976427,464.9916872,0.0,0.0,12.06694136,14.16553985,52.46496243,80.99987593,241.9766747,48.79241506,8.394393988,14.600006103515623,3,1.46717986272916,0.802111474219317
3267000,10.20332843,361.0654788,316.2154758,427.4462833,1.457618347,0.0,17.49142016,19.67784768,72.88091735,80.35082893,140.7924004,67.77925313,6.559282561,5.5,4,1.32071493395654,0.755886920784573
3267900,12.31045229,347.4448857,303.8228797,404.9542403,3.787831475,0.0,22.72698885,25.56786246,94.69578688,80.30952888,117.0195555,88.06708179,7.57566295,4.899993896484375,5,1.21823102780654,0.793142153852903
3269500,10.07523962,343.8479395,297.476833,398.3084351,5.495585249,179.3845072,21.982341,24.73013362,91.59308749,80.38867318,107.0324499,85.18157137,5.495585249,4.899993896484375,6,1.26466316729727,0.785282511678477
3270000,10.45905931,331.6471714,286.0382851,386.1468269,10.45905931,168.024304,22.81976577,25.67223649,87.47576877,80.33042112,101.2825292,88.42659234,5.704941441,4.600006103515625,6,1.31277090340902,0.766310446785361
3270500,6.997456233,314.1913531,279.43066,354.4571807,5.997819629,77.98465678,23.99127851,25.99055172,91.96656764,79.48737637,58.52292636,91.96656764,4.998183024,2.9000244140625,7,1.6498336454059,0.726020084259332
3271000,7.060269355,288.0,225.0,324.0,25.59347641,0.0,20.2982744,26.47601008,36.18388045,80.0,67.0,81.19309758,7.942803025,5.0,4,1.34262692172302,0.704720805980428
3271300,6.861529004,313.0665067,277.3785137,353.3434939,8.821965862,75.64485815,23.5252423,25.48567916,87.23944019,79.50532551,59.23739514,90.18009548,4.901092146,5.300018310546875,2,1.89142145815895,0.670627712880477
3272000,6.182298358,306.2469193,259.7149563,347.583852,0.88318548,0.0,21.19645151,22.96282247,54.75749974,80.0,48.70684115,82.13624961,0.0,2.899993896484375,4,1.60354909770307,0.776121481514771
3272700,5.052450133,322.0,252.0,371.0,2.526225066,0.0,15.1573504,16.42046293,51.78761386,80.0,63.0,59.99784532,2.526225066,3.29998779296875,4,1.25736788770455,0.813313361544049
3274000,7.910379486,303.8329935,262.6972975,347.4002128,9.887974358,56.80680778,23.73113846,26.69753077,73.17101025,79.6642092,69.46301444,90.96936409,3.955189743,3.4000244140625,7,1.56605045465375,0.745545717054853
3274650,1.307227827,337.0,290.0,368.0,0.0,0.0,2.723391307,2.723391307,10.89356523,82.0,94.0,10.45782262,0.0,4.20001220703125,1,1.5022844106842,0.32478011086847
3275000,9.631779068,320.1795741,266.1141072,360.9958813,0.875616279,0.0,21.89040697,21.89040697,87.56162789,81.48409272,77.23595977,84.05916277,9.631779068,4.800018310546875,4,1.3076702336054,0.564103156032229
3275600,10.37939662,330.3254198,270.3062209,374.4533551,4.790490749,0.0,19.96037812,20.75879324,79.84151248,80.99505276,90.12875467,75.84943685,11.17781175,5.800018310546875,4,1.49176478609344,0.866861993995636
3276500,15.35226706,309.248135,243.947124,351.6803503,1.919033382,38.02415437,23.98791728,24.94743397,95.95166911,81.01472735,101.7659648,91.15408566,22.0688839,6.70001220703125,5,1.57156357598539,0.615299156612836
3277300,73.75949304,531.8822427,356.8822427,982.6231766,0.0,0.0,10.60924215,19.19767627,39.40575656,81.0,473.1795799,49.5097967,50.52020071,69.39996337890625,4,1.76300072429887,0.80163596691884
3281000,130.6098056,441.5802931,261.7757483,656.6685305,0.0,107.0997949,20.97383739,34.32082483,8.580206207,82.91432239,453.9104116,99.1490495,95.33562452,70.79998779296875,5,2.10693357203334,0.89896548258335
3281500,107.6348679,377.6063221,242.4204552,524.6677756,0.0,0.0,20.77164117,33.98995828,0.0,83.06784097,373.8549505,98.19321281,92.52821976,56.399993896484375,5,2.12969917941172,0.888908291716987
3282000,122.8304288,401.3198128,255.0608427,572.2252474,0.0,57.56881608,21.96967019,36.94899077,7.988970978,81.85704492,406.4357821,100.8607586,98.86351585,60.4000244140625,6,2.5499558224852,0.88411057040971
3282040,38.75563771,335.5358794,233.8985527,408.5751156,0.0,0.0,15.2254291,26.29846844,0.0,83.0,233.1406835,71.28269078,63.66997623,31.5,4,1.90625136796712,0.836198526954274
3282060,118.5955633,397.9479746,253.4362401,564.5983637,0.0,55.50919733,21.74251995,36.56696536,7.90637089,81.90734411,400.0516532,99.81793248,97.84133976,58.5,6,2.51920994660792,0.883311379852528
3282290,114.3555596,386.4256619,245.1191981,548.8930423,0.0,51.73661175,21.87671575,36.79265831,16.9047349,82.05062935,394.2259624,101.4284094,97.4508247,56.100006103515625,6,2.42344918413204,0.853368077938423
3282500,33.11177056,345.4129984,271.2775365,420.9614587,0.0,0.0,11.03725685,19.97217907,0.0,81.04515397,239.6387682,52.03278231,52.03278231,35.0,4,1.48872604330564,0.837336532848019
3283500,66.43736887,327.2780727,223.1331129,411.3363866,0.0,0.0,18.35769403,33.21868443,40.21209168,82.48962737,304.9889429,89.16594243,82.17253518,38.399993896484375,5,1.90684911778027,0.914315296838257
3291780,9.978307639,266.0,146.0,314.0,0.0,0.0,8.25790977,10.66646679,34.40795737,81.0,162.0,34.0638778,26.1500476,11.899993896484377,2,1.461426383765,0.534650506578164
3294000,20.82099183,191.9079739,137.3877474,293.5203432,10.41049592,0.0,18.21836785,32.09902908,59.86035152,80.35540832,142.1171854,85.01904998,40.77444234,9.79998779296875,4,1.59786180941417,0.569870585539989
3300400,22.75190933,252.1537732,202.9818998,312.3425858,0.0,0.0,21.8039131,30.3358791,65.41173931,82.79723346,101.1711595,97.64361086,36.02385643,16.099990844726562,4,3.07014312542621,0.823678646934461
3302050,11.00527486,165.1134186,137.4896162,270.1134186,38.51846202,0.0,12.10580235,20.3597585,34.66661582,80.0,70.06789586,53.92584683,15.40738481,36.69999694824219,1,1.19338182499298,0.554692242162122
3302680,3.733086014,259.0,209.0,311.0,0.785912845,0.0,4.715477071,6.483780972,19.05838649,82.0,150.0,19.84429934,8.252084874,10.899993896484377,3,1.22911552755597,0.513561435688817
3310400,22.85177064,235.0,171.0,321.0,0.0,0.0,19.58723198,29.38084797,81.61346658,83.0,144.0,88.14254391,51.41648395,12.29998779296875,3,1.81057117267354,0.635874487240957
3318800,23.57755636,186.3241351,136.3043926,245.2245993,0.0,0.0,15.97189302,28.9015207,0.0,82.91831188,166.2474807,81.38059776,46.39454639,19.29998779296875,4,1.68680961115682,0.869179723593385
3322900,3.715816162,276.5273066,259.9860414,306.4633624,0.92895404,417.2755841,22.29489697,22.29489697,87.32167981,78.07061638,23.16046244,82.6769096,9.289540405,2.300018310546875,5,2.48160692886254,0.840430112847028
3324000,5.252067413,248.648759,203.3442043,269.4423558,5.252067413,0.0,21.88361422,24.50964793,87.53445688,80.0,36.44538599,79.65635576,0.0,2.100006103515625,4,1.1527645817623,0.482498554589214
3324300,3.563116318,272.7236573,257.6932335,297.6382953,0.89077908,0.0,22.26947699,21.37869791,39.1942795,80.18568664,19.6353323,81.95167532,0.89077908,2.0,4,1.40680098660997,0.439706886208015
3325000,4.914156622,263.3611391,240.3552915,287.8483483,1.965662649,210.5803971,24.57078311,24.57078311,75.67801198,79.56819965,27.03559332,89.43765053,4.914156622,2.0999908447265625,5,1.88606167738092,0.520639120019809
3326500,3.831458739,286.5715067,270.604997,307.0977708,2.873594054,0.0,23.94661712,22.98875243,89.08141568,80.56645011,22.06108579,89.08141568,0.957864685,2.199981689453125,3,1.61667140836882,0.429055748494941
3327500,4.908965392,267.4333635,245.3187908,290.7259927,1.963586157,164.9095849,24.54482696,24.54482696,80.50703243,79.94020512,28.59328801,90.32496322,4.908965392,2.100006103515625,5,1.81260616860407,0.484293321663494
3328000,7.947967045,263.6408953,242.6414476,296.5585074,1.986991761,0.0,21.85690937,34.77235582,94.38210866,81.52059914,35.75509166,93.38861278,1.986991761,3.800003051757813,4,1.28620130770489,0.612477148501144
3328500,7.718034422,254.0222906,229.4316788,286.9677096,1.929508606,0.0,22.18934896,31.83689199,85.86313295,81.80292959,37.91476406,90.68690446,4.823771514,3.600006103515625,4,1.37923160656524,0.576686630340022
3329000,5.948313736,262.3312629,239.1747216,287.1329038,1.982771245,128.963029,24.78464057,25.77602619,84.26777793,80.40986858,30.83065527,91.20747729,4.956928113,2.300018310546875,5,1.71732863560243,0.504925002547502
3329700,1.84440695,233.3679962,208.4771979,253.5534215,0.0,0.0,24.89949383,20.28847645,82.07610929,80.76235429,12.98396683,84.84271971,1.84440695,1.5,4,1.34134568136856,0.537158948033698
3330241,5.973189149,277.0,252.0,307.0,0.0,0.0,12.61006598,23.8927566,1.99106305,83.0,46.0,63.71401759,9.291627565,4.5999755859375,3,1.28296397198967,0.583325121187805
3330500,7.781244688,275.4948945,251.812245,303.2717223,0.0,0.0,17.29165486,31.12497875,6.916661945,83.03755101,46.2268386,83.86452608,10.37499292,4.699981689453125,4,1.3511728854107,0.601426792871152
3331500,6.815054033,253.93731,235.5692095,280.9604569,1.947158295,0.0,21.41874125,31.15453272,13.63010807,82.95459707,31.16246992,93.46359817,11.68294977,2.900009155273437,5,1.84233109252562,0.636838761773669
3333050,4.922488795,233.3187736,217.7713442,254.2494508,0.984497759,1.38844341,21.6589507,31.50392829,42.33340363,81.90018573,23.64794977,92.54278934,9.844977589,1.6999969482421875,5,2.14009925577128,0.715653286006194
3333450,0.726115273,265.5054208,258.376584,279.4914842,0.0,0.0,19.60511237,15.24842073,71.15929674,81.56094795,4.912808592,68.98095092,4.356691637,0.79998779296875,4,1.54319391033683,0.399759392381261
3333700,1.689100418,262.7990049,252.0373113,276.9352646,7.600951882,0.0,21.95830544,18.5801046,81.07682007,81.72781354,6.320096345,80.23226986,6.756401673,0.899993896484375,4,1.73694805736226,0.39799122150376
3334000,2.794903976,256.1033288,231.6540612,276.1899871,5.589807953,0.0,24.22250113,21.42759715,74.5307727,81.32086392,13.47751148,87.57365793,8.384711929,1.29998779296875,4,1.53070849438502,0.473231824138396
3334500,3.964074516,248.682447,208.2365913,273.3302213,1.982037258,0.0,23.7844471,24.77546573,4.955093145,80.63125276,20.75375518,92.16473251,6.937130404,1.899993896484375,4,1.82570705222515,0.520540271468828
3335000,2.979701878,251.1813788,218.6117349,273.9007223,3.972935838,0.0,24.83084899,23.83761503,45.68876213,80.95801104,18.41645323,92.37075823,7.945871676,1.600006103515625,5,1.69479281483274,0.526185937137812
3336645,2.862792886,225.9176798,210.7421106,246.1087348,0.0,0.0,23.85660738,20.99381449,0.0,79.52974884,27.64267952,85.88378657,9.542642952,2.1999969482421875,4,1.57756224254471,0.843388188874457
3336900,1.88471068,216.8770687,203.2192672,247.0,1.88471068,0.0,22.61652816,24.50123884,0.0,79.39036641,19.78073283,84.81198061,0.94235534,1.5,4,1.39963149032046,0.742158011654012
3337000,1.13697005,226.3131272,218.8323163,252.1070654,9.0957604,0.0,13.6436406,13.6436406,0.0,79.06868728,20.65656362,51.16365225,0.568485025,2.5,1,1.45055414368719,0.225670576654909
3337100,1.145871919,226.2408239,218.7094006,252.013071,9.166975348,0.0,13.75046302,13.75046302,0.0,79.07591761,20.62041194,51.56423633,0.572935959,2.600006103515625,1,1.47284132488342,0.252919294960247
3339000,2.818264724,216.9188516,199.6440279,239.2402168,2.818264724,0.0,22.54611779,23.48553936,0.0,80.21630992,26.38462839,85.48736328,9.394215745,1.899993896484375,6,1.61480574476915,0.686793018629577
3339280,0.837372191,283.0,249.0,294.0,3.768174861,0.0,10.0484663,10.46715239,0.0,82.0,9.0,40.19386518,3.349488765,1.300018310546875,3,1.80474548299247,0.554472245090309
3339500,1.93629439,268.8434502,240.1804265,286.3548332,2.904441584,0.0,24.20367987,23.23553267,0.0,81.36437786,13.94908279,91.9739835,9.681471948,1.5,5,1.32365777042814,0.596296243143499
3340800,3.948721303,267.8650046,237.1883209,293.0779003,0.0,0.0,18.95386225,19.74360652,12.63590817,82.0,29.28709265,76.60519328,7.107698346,2.6999969482421875,3,1.38199195472286,0.397371256050196
3341300,9.556968244,236.6747733,198.1450822,266.6059915,0.0,127.3959456,19.11393649,26.93327414,21.72038237,81.82153276,74.70130073,84.27508361,33.8837965,4.600006103515625,5,1.49141562418066,0.651012268616311
3343400,1.922797957,207.5106777,196.9134504,227.4075786,2.884196936,0.0,23.07357548,24.99637344,0.0,79.89950296,21.72742179,87.48730705,0.0,1.8000030517578125,4,1.315815378753,0.66881612470191
3345500,3.913694261,195.5452624,174.7528508,217.5993327,0.978423565,0.0,23.48216557,25.4390127,0.0,79.63783232,28.25251009,89.03654444,2.935270696,1.8000030517578125,5,1.76186105064387,0.727426287201178
3346000,3.558710737,183.6696661,160.4337457,209.5530592,0.0,0.0,23.13161979,20.46258674,0.0,79.95254822,26.25164087,82.74002463,1.779355368,2.600006103515625,4,1.38840460308019,0.468607028287325
3347000,4.790656961,327.008904,303.1187055,360.9689091,5.748788353,89.06574127,23.95328481,22.99515341,95.81313922,81.0,27.01805474,91.02248226,1.916262784,2.79998779296875,4,1.8490082241114,0.405125084730034
3348000,4.882763116,314.0866898,289.773717,348.2199844,8.788973608,89.62560469,24.41381558,23.43726295,97.65526231,81.25371157,26.50404996,92.7724992,0.976552623,2.699981689453125,4,1.77524158000859,0.381613687841405
3348130,3.640128738,305.6273958,282.5993611,336.2831492,9.100321844,73.25949893,22.75080461,21.84077243,91.00321844,81.41451864,24.28712184,86.45305752,1.820064369,2.4000244140625,4,1.76456910638185,0.369466225777075
3349000,3.988841233,288.1765595,269.0236364,310.6699051,6.980472159,52.09206166,24.93025771,23.9330474,99.72103084,81.42954289,19.16088013,94.73497929,0.997210308,1.800018310546875,4,1.72595203949261,0.356337610944655
3349210,0.0,276.9806528,263.2788046,291.9806528,0.0,0.0,15.70250647,13.28673624,53.75088752,82.0,5.567282746,57.37454286,5.435483007,1.0,3,1.24751306569207,0.513784411106642
3349510,1.536069351,272.377999,259.3923593,289.0038977,4.608208052,8.415978783,19.96890156,17.66479753,72.19525948,81.9629252,7.137572472,72.96329416,6.144277403,0.899993896484375,3,2.01632081767445,0.51632139450004
3350700,1.822100059,252.0,228.0,268.0,12.14733373,0.0,15.79153384,13.96943379,60.73666863,82.0,20.0,57.6998352,2.429466745,1.699981689453125,2,1.34011677365247,0.294832385067547
3350800,2.843517746,281.7265659,262.7575539,303.0280006,11.37407098,50.7269167,23.69598122,22.74814197,93.83608562,81.53212929,16.86447383,90.04472862,2.843517746,1.6999969482421875,5,1.79127516132545,0.386927014954049
3351000,2.914708756,279.8897285,259.8117016,301.9151759,14.57354378,52.91218013,24.28923964,23.31767005,96.18538896,81.49845395,17.67484328,92.29911061,3.886278342,1.70001220703125,5,1.8151813938366,0.396844788968174
3351072,2.904471747,280.0056431,260.0859366,301.9818394,14.52235873,52.80966471,24.20393122,23.23577397,95.84756765,81.50021067,17.60673482,91.97493865,3.872628996,1.899993896484375,2,1.32844752429754,0.39089930340171
3351310,2.951869035,278.5119998,257.0012026,301.0772783,16.72725787,54.05015028,24.59890863,23.61495228,95.44376547,81.47832049,18.46773463,93.47585278,3.93582538,2.399993896484375,2,1.39107444126323,0.451482579688658
3351500,2.950888432,285.7804605,259.2715875,319.0674578,11.80355373,0.0,19.18077481,17.70533059,73.77221079,82.0,19.95825216,71.55904447,1.475444216,2.20001220703125,2,1.41953748915574,0.381377460977806
3352500,3.702509916,274.6040161,244.2777357,300.8934366,25.91756941,27.19474382,23.14068698,23.14068698,90.71149295,82.0,24.79039345,89.78586547,3.702509916,1.9000244140625,3,1.39209226677317,0.400082671769248
3352988,3.837424364,276.682924,253.1033802,300.0845213,22.06519009,52.13525633,23.98390227,23.98390227,91.13882864,81.57330562,20.28518118,92.09818473,3.837424364,2.8000030517578125,-99,1.16493219463238,0.447835495238209
3353000,3.881221144,276.2690329,252.5719157,299.7450795,22.31702158,52.69787708,24.25763215,24.25763215,92.17900218,81.56683704,20.31581231,93.14930746,3.881221144,1.800018310546875,5,1.913303302522,0.393934690207117
3353120,3.832929969,276.7259322,253.1586057,300.1197934,22.03934732,52.07679326,23.95581231,23.95581231,91.03208677,81.57397778,20.28199824,91.99031926,3.832929969,2.300018310546875,1,1.16264776648725,0.27634030364601
3353200,2.694912616,283.5597491,261.1455415,294.5457241,9.432194155,11.94367792,15.49574754,18.86438831,14.82201939,81.39945267,21.71092373,64.67790278,15.49574754,1.79998779296875,4,1.27840424569902,0.62826116486136
3353460,3.187764249,278.3759229,251.4703638,293.642699,24.70517293,285.6898016,18.32964443,23.1112908,13.54799806,81.26405313,31.69347771,76.50634197,17.53270337,2.0,4,1.22859221808397,0.553011348752912
3353500,3.373335226,276.209809,249.1340211,292.5071209,26.143348,305.3458387,19.39667755,24.45668039,14.33667471,81.24952727,31.98539549,80.96004542,18.55334374,2.0,4,1.27280829303628,0.540487988542334
3353600,3.483813265,275.0298184,247.8612985,291.8885147,26.99955281,316.0534648,20.03192628,25.25764617,14.80620638,81.24161431,32.1444177,83.61151837,19.16097296,2.0,2,1.26007029920026,0.347695893511109
3353611,3.843717544,274.6382955,250.1885974,297.8320209,24.98416404,86.65932983,24.02323465,24.02323465,80.71806843,81.51333488,21.72206773,92.24922106,5.765576316,1.899993896484375,5,1.89395976075847,0.407665804364901
3353620,3.844930558,276.611319,253.0114345,300.0257964,22.10835071,52.23259216,24.03081598,24.03081598,91.31710074,81.57218652,20.2904805,92.27833338,3.844930558,1.70001220703125,2,1.13096189728636,0.414911596564248
3353800,4.963338398,266.941411,224.6837121,296.7722132,23.82402431,0.0,22.83135663,26.80202735,0.0,82.0,36.3813273,96.28876491,8.934009116,2.5,3,1.4102578895748,0.395841236726621
3354000,4.84496696,267.8577311,238.0623311,293.8308591,24.2248348,78.9972551,23.25584141,25.19382819,63.95356388,81.50363056,29.38683158,93.02336564,11.6279207,2.100006103515625,5,1.86625031137682,0.415404303923317
3357330,4.456483255,285.0072029,257.3807071,304.6789771,0.0,0.0,15.27937116,16.55265209,3.81984279,82.1102015,30.10594927,62.39076556,16.55265209,2.100006103515625,3,1.25274026132006,0.366169601287191
3357350,4.083784482,286.3757813,260.8808267,305.2880649,0.0,0.0,14.00154679,15.16834236,3.500386698,82.02905653,26.74140497,57.17298274,15.16834236,5.20001220703125,1,1.20103996774833,0.396146772425356
3360000,11.69444626,246.8336615,209.7517488,289.2327664,0.974537188,100.7316728,22.41435533,29.23611565,50.67593378,82.48524934,79.75782875,96.47918163,38.98148753,6.0,5,1.63664649075082,0.430047021899859
3361500,4.863967162,295.6204683,261.7983772,325.1296924,2.918380297,148.0801132,25.29262924,22.37424895,97.27934324,82.09106048,38.69361134,94.36096295,2.918380297,2.5,4,1.40130685923686,0.406367599173216
3361650,1.772871921,279.2131432,260.7790403,306.3410291,0.886435961,0.0,23.93377094,19.50159113,88.64359606,82.0,13.34884564,86.87072414,0.0,1.79998779296875,2,1.74162478151379,0.415499932370181
3361850,2.196049657,256.0,232.0,269.0,18.30041381,0.0,18.30041381,19.03243036,73.20165524,82.0,18.0,71.00560559,8.784198629,1.6999969482421875,3,1.19375037914728,0.447071769626495
3362000,2.890647012,251.1318928,231.043996,275.5874526,9.63549004,0.0,25.0522741,23.1251761,64.55778327,81.4709119,18.24790355,92.50070438,4.81774502,2.5,2,1.76452571117689,0.382062509071556
3362500,2.988217523,250.0828933,230.095806,275.1765141,9.960725078,0.0,25.8978852,23.90574019,66.73685802,81.42289151,19.02333061,95.62296074,4.980362539,1.800018310546875,4,1.34059972128938,0.426893259580973
3363500,3.879561482,307.6907656,276.7095752,336.7122811,0.96989037,0.0,26.18704,20.36769778,96.98903704,81.94450619,27.89360391,95.0492563,0.0,2.399993896484375,3,1.34415171075354,0.469065816997274
3363900,3.910491123,279.2087418,246.9964075,313.3666712,1.955245562,0.0,26.39581508,21.50770118,88.96367305,81.5391147,26.18946329,94.82940974,0.0,2.20001220703125,4,1.45791509092128,0.465729846063686
3364000,4.99999828,268.2311569,239.3196591,301.4085499,4.99999828,41.52999311,25.99999106,22.99999209,79.99997248,81.53505814,32.78936877,96.99996663,5.999997936,2.1999969482421875,5,1.46268041120619,0.438843593714392
3364500,3.520685353,286.8828527,250.8535659,315.2649974,0.0,0.0,23.76462613,18.4835981,88.01713383,81.58089276,16.74267829,86.25679115,2.640514015,2.899993896484375,3,1.33426562564491,0.413522242172629
3365500,5.891214798,260.0341628,229.3551344,298.2083687,3.927476532,30.84782617,25.52859746,23.56485919,77.56766151,81.28616384,32.91224501,95.24130591,5.891214798,2.5,5,1.54283230886526,0.44893874623421
3366500,9.470075895,248.6987084,203.1342189,285.0463843,0.0,0.461817014,18.1509788,24.46436273,64.71218528,80.70615081,51.3840945,77.33895314,23.67518974,6.0,4,2.00994040062827,0.566560308447222
3369500,8.154870813,265.132605,209.6113927,306.6309568,0.679572568,0.0,15.63016906,20.38717703,63.2002488,80.99520326,48.36661063,65.91853907,25.82375757,6.0,3,1.5418703884171,0.44194505640801
3371500,9.926655455,242.2736048,208.2249524,289.8790651,2.977996636,23.75672127,24.81663864,26.80196973,70.47925373,80.98878052,52.55078543,96.28855791,17.86797982,3.3000030517578125,6,1.71198995212853,0.477797352273394
3373508,37.46443899,214.0,142.0,280.0,0.0,0.0,18.31594795,29.97155119,81.58922268,82.0,217.0,84.08685195,81.58922268,24.39999389648437,2,2.23920704114252,0.262883374372181
3384450,15.63772946,178.0,100.0,323.0,0.0,0.0,10.11853083,15.17779624,25.75626029,82.0,239.0,46.91318839,39.09432366,22.30000305175781,4,1.80023031984869,0.955251038005302
3400500,86.72099381,738.811689,438.7751511,1224.969083,0.0,0.0,10.97734099,20.85694788,54.33783789,85.0,609.3063567,61.47310954,54.88670494,93.0,4,1.52550043050661,0.823102065692913
3401000,146.3763799,688.5265933,394.0113287,1151.514035,0.0,0.0,18.51749384,32.62606057,61.72497946,85.42727375,658.728386,99.64175256,88.17854209,106.0,5,2.68100568656301,0.798903808463445
3406500,61.54249275,368.3670991,278.3607635,451.3594992,0.0,52.68787095,21.77657436,35.03188049,46.39357146,84.12471161,276.5018035,101.3084111,76.69141405,33.5999755859375,5,2.95517456671204,0.881528443351114
3408500,122.2739052,574.072409,369.4757259,894.3484739,0.0,0.0,21.01582745,35.34480071,5.731589305,87.323216,526.9499889,116.5423159,91.70542888,81.19998168945312,4,2.8569112441923,0.775420366907153
3409500,33.67965379,471.7084141,396.0908536,616.7619029,0.0,0.0,21.1700681,36.56648126,0.0,86.37279529,171.145143,114.5108229,69.28385922,18.699981689453125,5,1.73579939793365,0.956609326617914
3410210,75.79346105,516.7112622,366.3494201,730.9195167,0.0,0.0,20.58587831,34.62170443,2.807165224,86.70986185,349.7956738,112.286609,80.47206976,34.70001220703125,5,2.53820605182133,0.875619393851169
3413200,79.47153809,372.0,259.0,515.0,0.0,0.0,23.21640438,30.35991343,72.32802904,85.0,373.0,100.0091266,86.61504713,48.5999755859375,3,1.6878635508661,0.60964210178847
3416000,51.82838758,415.011948,261.0360109,545.2572148,0.0,0.0,16.80920678,23.81304294,39.22148249,85.57050122,407.4407233,79.1433486,54.62992205,42.79998779296875,4,1.74641985333829,0.816038527429744
3424730,71.04642136,274.827659,173.4149907,460.9356015,0.0,0.0,22.14433912,31.37114709,78.42786773,83.41259356,267.0925416,103.3402492,74.73714454,33.899993896484375,4,2.05205419079812,0.902375412281527
3427500,36.10929573,259.2219833,181.2436731,448.4190642,2.461997436,0.0,20.5166453,28.72330342,73.85992308,82.64808674,204.1647951,89.45257351,44.31595385,14.600006103515623,5,1.7362037904709,0.920887279293195
3436690,27.69472393,220.8871512,145.3839109,273.8210059,0.0,0.0,23.36742331,29.42564417,86.54601227,80.56290504,184.3644689,90.00785276,77.02595092,19.699996948242188,3,1.61177358483451,0.966323826333755
3439000,64.78640494,981.3773216,682.5229343,1731.623229,0.0,0.0,12.18754152,27.58233082,0.0,97.92009465,392.1234075,104.5562773,64.14495539,46.70001220703125,4,1.41215990355739,0.938086075019841
3441000,101.5945302,981.0,643.0,1862.0,0.0,0.0,13.44633488,32.86881859,0.0,95.0,450.0,113.5468279,73.95484183,70.0,4,1.33736206599211,0.999113067157596
3443000,80.04922151,881.8999864,652.2825424,1402.270842,2.610300702,0.0,16.53190444,37.41431005,0.0,95.74823774,370.8628193,130.5150351,84.39972268,40.70001220703125,5,2.11110296638215,1.01484171575391
3446000,82.41818942,902.0,625.0,1585.0,0.0,0.0,13.7363649,31.81052925,0.0,91.0,412.0,96.15455433,66.5129248,58.300048828125,4,1.4470060830993,1.15163979550799
3447687,80.00540853,829.8609378,638.9024645,1336.939027,7.356819175,0.0,17.47244554,40.46250546,0.0,91.96892267,359.4472205,123.2267212,82.76421572,32.20001220703125,5,2.01826425217729,1.0294741190924
3450000,9.839740278,1020.0,656.0,1903.0,0.797816779,150.0,1.196725169,2.991812922,0.0,91.0,510.0,8.709499841,6.515503698,163.9000244140625,2,1.09847240247156,0.692558715954689
3451000,118.7062463,939.2497322,639.513487,1778.846463,19.1756244,129.8124331,16.43624949,41.09062372,0.0,88.64478386,473.9988389,110.4881216,85.83374733,60.649993896484375,4,1.46037682823869,0.878390879368124
3451500,88.08165259,835.0002396,635.9759533,1393.64855,12.18150515,18.16647417,17.80373829,41.22970972,0.0,89.96638626,376.5573805,119.0039349,83.3964583,33.9000244140625,5,1.95112962401398,0.993292118249169
3453000,119.2127904,881.4808381,601.4819043,1422.569651,0.0,0.0,17.69564857,40.97939669,0.0,85.86511161,491.5018164,104.3111916,93.13499248,55.9000244140625,4,1.71775732206115,0.862777410751425
3453500,95.47488859,828.0454956,617.5365178,1391.689389,8.424254875,13.99632732,17.78453807,41.18524606,0.0,88.02883239,390.5122114,113.2594267,86.11460539,36.70001220703125,5,1.89775508208422,0.957738951552732
3455000,106.2354514,811.7668217,561.5752438,1379.603337,6.885631107,11.04040411,18.68957015,43.28110982,9.836615868,86.54858784,418.7472574,115.0884057,91.48052757,43.9000244140625,6,2.16643331750176,0.978520239649823
3455500,66.21855049,1292.0,814.0,1891.0,0.0,0.0,7.011375934,17.13891895,0.0,97.0,568.0,66.99759226,38.95208852,112.1500244140625,4,1.39973222597217,0.790601654233868
3456100,135.1834162,1292.0,814.0,1891.0,0.0,0.0,14.31353819,34.9886489,0.0,97.0,568.0,136.7738093,79.5196566,104.9000244140625,4,1.46031481621793,0.891486408612333
3456500,139.6402375,1231.0,824.0,1806.0,0.0,0.0,15.05104356,36.79143982,0.0,96.0,539.0,136.2955612,83.61690868,107.5999755859375,4,2.01417654808959,0.938100141800598
3456991,113.7796648,1233.86178,814.4063535,1807.236194,1.527243823,0.0,13.74519441,33.59936411,0.0,95.70187636,540.4321576,116.0705306,74.83494733,92.5,5,1.43545179106546,0.936387707997133
3459500,129.246314,1117.915962,778.3941186,1747.225483,2.655746178,0.097539514,16.8197258,38.95094395,0.0,92.31233287,501.206096,125.7053191,87.63962388,71.199951171875,5,1.79725287538892,0.967583120155186
3460000,112.1387838,1206.0,702.0,1856.0,0.0,0.0,12.61561318,31.53903294,0.0,94.0,510.0,105.1301098,70.08673987,97.20001220703124,4,1.53392411382926,0.950219258536124
3460795,149.6877715,1106.206368,716.9105646,1774.814853,1.96957594,4.620637814,18.71097143,43.33067069,0.0,91.73603802,511.9493528,139.8398918,97.49400905,81.0,5,1.74885784569797,0.981912103746398
3461500,136.3770727,1007.116922,640.9112568,1724.647785,1.934426563,5.646794814,18.37705235,41.5901711,14.50819922,89.80112853,490.8796228,128.6393664,91.88526174,71.7999267578125,5,1.67618053769545,1.04302204294927
3463300,56.19147592,1066.0,752.0,2016.0,0.0,0.0,7.736507555,17.91612276,0.0,93.0,459.0,56.19147592,40.71846082,79.20001220703125,4,1.39036625688746,0.932691921907223
3465500,128.3682569,993.8122646,677.1096194,1675.268052,0.950875977,0.0,18.06664356,40.887667,20.91927149,90.75421483,496.6675821,119.8103731,95.08759767,68.699951171875,6,3.00938158543727,0.939607513451191
3466208,30.68404813,500.0,417.0,619.0,0.0,0.0,23.67055142,30.68404813,87.66870895,78.0,169.0,81.53189933,81.53189933,15.0,4,1.19755720301583,1.01116099015566
3467609,85.32954637,716.9931712,514.3090166,1228.589702,0.958758948,0.0,21.09269686,38.35035792,39.30911687,83.95986905,355.0991921,103.5459664,72.86568005,29.0,7,2.4937158940478,1.01259614784352
3471500,46.84602362,926.6985946,670.5084184,1349.99483,0.0,0.0,11.57991595,21.05439264,38.42426657,86.87968978,407.7464536,56.32050031,50.00418252,47.29998779296875,4,1.51284351852397,0.868956117017921
3473000,92.72651357,909.2195855,617.5679322,1405.387218,0.0,0.0,19.47256785,38.01787056,50.99958246,87.63161685,390.1501779,105.7082255,90.8719833,50.39996337890625,5,1.55754750717945,1.01111781334805
3474000,58.11972575,799.4758896,638.3704366,1156.321811,1.435054957,0.0,16.503132,28.70109913,60.27230818,82.98162377,388.7262005,71.75274783,57.40219827,37.5,4,1.37074504565098,0.823884688917271
3475000,61.0277098,749.0207271,614.2024234,1070.387237,1.695214161,0.0,19.49496285,33.05667614,74.58942309,82.62865297,349.8990614,83.91310098,62.72292396,30.20001220703125,4,1.41103926387598,0.829502978041544
3478400,16.76542034,594.0,480.0,774.0,8.382710168,0.0,8.060298239,11.92924139,22.891247,81.0,204.0,31.27395717,14.1861249,19.199951171875,3,1.26729629858829,0.896102508089189
3479000,97.67080066,1055.0,804.0,1710.0,1.655437299,0.0,15.72665434,35.59190194,0.0,94.0,464.0,112.5697364,81.94414632,53.5,4,2.20366567744651,1.02208011762254
3488000,94.32996501,807.2324532,572.4014645,1309.573034,0.0,0.0,18.00844787,33.44426032,22.29617355,82.31656867,499.2497769,86.61205878,80.60924283,62.0,4,1.99289476006558,0.796125429345251
3491544,88.27846694,712.4764456,506.0210976,1140.985831,3.923487419,135.0913346,21.57918081,38.25400234,56.89056758,83.44212456,369.0614566,102.9915448,77.48887653,26.5,1,1.10698482523414,0.599836311685796
3497300,147.1309238,1000.0,381.0,1972.0,0.0,0.0,17.8056532,40.29700462,45.91984247,93.0,474.0,136.8223878,93.71396423,99.300048828125,5,1.70740239333411,1.01187757084686
3498500,89.69557152,646.5866424,316.0194335,1323.317264,1.741661583,0.0,18.28744662,36.57489324,49.63735511,87.09993689,380.3176008,105.3705258,74.02061727,49.600006103515625,5,1.58866449554013,1.10431294529436
3498850,98.82656239,616.7855361,310.1052086,1269.429416,1.918962376,0.0,20.14910495,40.29820991,54.69042773,86.53641428,361.6271545,116.0972238,81.555901,40.70001220703125,5,1.70674754931495,1.09748571926603
3500000,118.0787071,862.1455084,626.6582033,1539.079956,0.0,0.0,18.09270512,40.94664843,0.0,94.20727542,425.487305,146.6461362,94.27251615,55.9000244140625,4,1.95059397112817,0.817553889183785
3503000,123.5795663,881.5425778,605.2977482,1544.079668,0.0,0.0,19.15962268,40.23520763,4.78990567,93.09989607,421.7800151,142.739189,94.84013226,57.70001220703125,5,2.04227758003787,0.820660519962334
3504000,107.29715,1192.0,920.0,1565.0,0.0,0.0,14.05962656,31.81915484,0.739980345,98.0,484.0,131.7165014,73.99803451,82.19998168945312,4,1.42565062980407,0.867528715765403
3505550,117.5190217,1125.303637,820.1609388,1577.118293,0.0,277.7530161,15.18953341,33.57686333,35.17576158,96.8719555,464.3015841,130.3102077,79.94491269,78.70001220703125,4,1.74822765723771,0.90299978895316
3508050,123.213137,1134.365985,658.3566833,1678.584735,0.0,360.6705722,17.60187671,42.0489277,0.0,97.91851148,444.5178367,169.1735928,97.78820395,62.10003662109375,4,1.7499085060706,0.798023300402582
3510577,127.1190755,1060.84766,638.102405,1655.761354,0.888944584,193.1492245,16.88994709,37.33567252,0.0,95.32658322,491.4719531,138.6753551,88.00551379,74.20001220703125,4,1.83789242525049,0.804063306527876
3512000,170.0570416,1163.918115,625.4493427,1803.690275,0.0,0.0,18.56944708,43.00293007,0.0,94.32593373,591.3454733,149.5329159,97.73393198,106.9000244140625,5,1.78245028366142,0.898970305291026
3513000,137.0120754,1065.686803,618.1486393,1689.175529,0.889688801,115.3284206,16.90408722,38.25661845,0.0,94.24179086,517.1724661,136.1223866,88.96888011,82.4000244140625,5,1.80920387601853,0.850112823127325
3524000,93.73473647,772.3503917,578.7836479,1179.176399,0.910045985,0.0,20.02101167,36.40183941,70.98358684,83.46747951,416.0098257,93.73473647,78.26395472,50.0,5,1.99441603420538,0.897122135034661
3527000,96.5233945,701.6470178,503.1251194,1081.409759,0.955677173,0.0,21.02489781,36.31573258,71.67578799,82.74070054,409.398376,97.47907167,85.05526842,49.20001220703125,5,1.78496393044271,0.897844252654823
3527220,98.60783913,697.2360404,499.9513453,1073.38871,0.976315239,0.0,21.47893526,37.09997908,73.22364292,82.68275977,412.6456463,99.58415437,86.89205626,49.39996337890625,5,1.69491062900805,0.898356029258098
3528000,97.11905606,654.2132072,466.8308516,1015.268032,0.952147608,0.0,21.89939499,36.18160912,72.36321824,82.28495288,426.9395792,97.11905606,83.78898954,49.70001220703125,5,1.63751912009195,0.89339513264874
3529500,13.95454213,744.0,447.0,1230.0,0.46906024,0.0,2.579831318,4.338807217,0.0,85.0,457.0,12.78189153,11.49197587,70.70001220703125,4,2.0868019960878,0.86897834827131
3531500,103.6791776,662.8635583,440.3874013,1089.083416,0.917514846,0.0,20.18532661,33.94804929,33.94804929,83.88125135,477.3645366,99.09160334,79.82379158,57.0,5,1.8626180379233,0.852093608914638
3532000,92.05086427,572.4283194,398.075338,946.3761346,0.0,0.0,22.31536104,33.47304155,57.64801601,83.07204312,433.8323021,99.48931795,64.15666298,45.5,5,2.29833307460667,0.805201499426148
3535000,45.96288162,380.3076651,272.762623,526.3735933,1.259257031,0.0,15.11108437,23.29625507,8.1851707,82.0,331.4351617,67.37025114,52.88879529,29.29998779296875,3,1.34885257460468,0.974140503415198
3535400,35.04704349,339.0,254.0,458.0,49.94203697,0.0,21.02822609,33.29469131,55.19909349,82.0,231.0,93.75084133,27.1614587,15.100006103515623,3,1.78945601103262,0.947419895636628
3539600,28.69218926,562.6995903,461.0060264,829.65564,0.797005257,128.8573818,17.53411566,31.08320503,18.33112091,88.0,166.6435576,101.2196677,31.88021028,16.5999755859375,4,1.72619683494154,0.973564024731501
3539778,30.62642096,500.4450374,380.3515817,568.8205954,0.0,0.0,21.73487939,38.53001347,0.0,87.11085491,155.36587,120.5297857,58.28899474,17.79998779296875,5,1.78110864663009,0.921219334785074
3539800,33.89134796,529.400095,417.4321074,671.7113859,1.993608703,39.86317574,21.92969574,38.87536972,7.974434814,87.52756606,170.711582,124.600544,51.83382629,18.100006103515625,6,1.66189665461358,0.939120147808127
3540500,47.30243454,514.3835255,377.2833177,740.9218422,0.946048691,28.5275402,20.8130712,35.94985025,10.4065356,87.10203758,222.7894668,116.363989,56.76292145,22.29998779296875,6,2.3891758972046,0.940523741958591
3544970,62.70312042,849.0,593.0,1326.0,0.0,0.0,8.769667192,18.4163011,0.0,94.0,497.0,66.64947066,43.84833596,76.39996337890625,3,1.35939977982215,0.913743723247909
3550000,103.072251,782.5746489,492.9413827,1414.043086,0.0,0.0,17.74194484,34.63903516,40.55301677,90.79609218,402.0671341,115.7450687,84.48545161,57.70001220703125,4,1.34325611381019,1.18185979260533
3550500,64.23326416,771.7636508,562.1366091,1319.613374,0.0,0.0,12.37521603,24.16113606,0.0,92.3565571,445.1284085,82.50144021,57.75100814,53.5,4,1.50522233053235,0.891232922482923
3565500,27.15692499,283.0,211.0,441.0,5.871767565,0.0,16.88133175,27.89089593,60.91958848,82.0,154.0,81.47077496,66.0573851,14.399993896484377,3,1.97600833845757,0.996689671548451
3568933,57.73477847,385.9996193,225.7171533,667.1974969,0.0,0.0,18.19040966,30.0537203,41.12614357,83.98269713,317.0311099,91.74293566,68.01631437,22.600006103515625,5,1.45827971830374,0.911676838680567
3571000,62.98112329,435.3259581,222.542274,728.2287824,0.0,0.0,20.69379765,33.29002231,73.77788728,85.36769598,282.8347688,107.9676399,58.48247162,28.5,5,1.74785728102851,0.964958345492559
3574500,87.18496005,381.2078365,189.743817,550.8833101,0.0,0.0,22.74390262,32.22052871,33.16819132,84.22538214,493.340894,111.8241879,93.81859832,65.70001220703125,4,1.41719446341259,0.771966048273383
3578000,22.84110861,511.8594512,304.3738039,629.1741176,0.0,0.0,11.42055431,16.1791186,39.97194007,87.84345099,287.8865883,60.43376654,34.26166292,12.20001220703125,4,1.43923264595177,0.954441357349863
3578500,10.54280766,339.0,295.0,619.0,0.0,0.0,17.5713461,23.89703069,70.2853844,84.0,74.0,82.23389974,16.16563841,5.699981689453125,3,1.47815677422327,0.774501892520222
3588500,26.26061579,267.1792081,196.0723981,315.9652025,0.937879135,0.0,23.44697839,34.70152801,0.937879135,82.05886771,145.5012772,103.1667049,56.27274813,16.70001220703125,5,1.8477099227769,1.0113219790429
3597590,30.78714857,286.0,242.0,401.0,0.0,0.0,20.80212741,29.12297837,83.20850964,82.0,163.0,91.5293606,55.74970146,12.25,4,1.44475788372441,1.0254444121666
3599450,31.38793595,256.9555297,194.4777649,347.4391974,0.0,0.0,18.24879997,25.54831996,72.99519988,81.85163323,208.5045265,78.83481588,18.97875197,20.40000915527344,4,1.68927036788632,0.889605876164713
3604000,25.61248394,271.6755984,199.9996131,319.4970334,0.0,0.0,22.86828924,34.75979964,26.52721551,82.31748168,162.2169382,100.6204726,64.94594143,17.0,5,2.0845285269186,0.968869999466908
4043244,6.478067604,279.0,179.0,459.0,0.0,0.0,1.333719801,11.24135261,0.0,84.0,148.0,19.05314001,13.71826081,16.0,2,1.19825060078009,0.651790515674523
4044724,10.54812175,276.3543715,228.2572858,330.9029143,0.0,6.747076859,6.328873047,37.97323828,70.32081163,85.0,79.55290552,73.83685222,60.47589801,5.5999755859375,4,1.74703191505069,0.493491653128839
4058200,8.516732493,418.0,158.0,570.0,0.0,1553.0,1.330739452,16.7673171,0.26614789,86.0,178.0,27.94552849,19.69494389,10.0,2,1.18294127902472,0.463184363384004
4060500,19.18259376,486.0,435.0,537.0,0.0,0.0,8.221111612,51.15358336,0.0,84.0,116.0,84.95148666,53.8939539,9.300018310546877,3,2.16085720066544,0.462494975279007
4062011,18.8894682,476.7937476,432.1269024,533.4250628,0.0,0.0,8.947642831,56.6684046,0.0,83.63168412,97.55310537,92.45897592,85.49969816,8.300018310546875,5,1.80265089267048,0.461680248565331
4062500,14.55214869,492.0859898,438.9110166,549.1528022,0.0,6.789224344,8.185583639,51.84202972,0.0,84.37993246,72.24373552,88.22240145,80.9463271,6.70001220703125,5,1.96177862691972,0.547287219166589
4063000,17.39589053,479.6854393,431.5259407,536.3112284,0.0,11.22086866,8.697945265,55.08698668,0.0,83.83515759,88.42391108,91.81164446,85.04657592,7.600006103515625,6,1.84500045709971,0.492543872256324
4065722,17.79573998,449.3477907,401.0115178,511.3202432,0.0,19.82037423,7.909217769,56.3531766,11.86382665,83.36687545,97.85538362,91.94465656,88.9786999,7.800018310546875,6,1.90088428313552,0.489823205787863
4087070,2.468226198,253.0,217.0,333.0,11.66797839,0.0,4.263299796,8.526599593,22.43841998,81.0,67.0,19.97019378,2.243841998,5.600006103515625,3,1.11257782810544,0.650869097139347
4093000,4.903782172,210.2779833,196.7446185,245.9026911,37.82917675,0.0,13.31026589,25.91999148,52.54052327,83.0,32.00852829,66.55132947,12.60972558,3.9000091552734375,4,2.16944320716863,0.764407661975343
4094000,8.782323709,215.0,183.0,277.0,7.983930644,0.0,11.97589597,37.52447403,0.0,84.0,85.0,79.04091338,48.70197693,4.8000030517578125,3,1.35334861714063,0.720870641536012
4095300,7.069481448,210.0,175.0,289.0,12.2109225,0.0,9.640201975,30.20596619,0.0,85.0,84.0,64.9106933,39.84616816,4.70001220703125,4,1.70002429108389,0.763052321523902
4095380,9.159919518,210.0,175.0,289.0,15.82167917,0.0,12.49079934,39.13783794,0.0,85.0,84.0,84.10471557,51.62863728,4.29998779296875,4,1.66862893828463,0.700662428983888
4096405,5.470419471,296.0,272.0,323.0,0.0,0.0,13.67604868,23.24928275,0.0,81.0,37.0,62.22602149,12.30844381,4.29998779296875,4,1.73491319297032,0.568078416867024
4096515,9.205304301,332.0,308.0,371.0,0.0,0.0,16.73691691,26.77906706,0.0,81.0,93.0,77.82666364,4.184229228,5.5,3,1.32596822888922,0.642568567188064
4097540,5.84055435,284.0440227,265.248425,312.0220114,0.0,0.0,17.52166305,25.86531212,0.0,82.0,34.7625807,77.59593637,15.85293324,2.20001220703125,4,1.46113080473159,0.546590347492719
4099510,7.63880634,308.7569199,286.7569199,344.1353798,1.527761268,0.0,16.04149331,24.44418029,0.0,81.32430801,56.05354838,71.04089896,10.69432888,4.100006103515625,3,1.88618383364952,0.451901032538006
4099750,7.078439179,293.5019007,272.7717033,325.9088431,0.884804897,0.0,18.58090285,27.42895182,0.0,81.80750644,50.85240368,82.28685546,14.15687836,3.79998779296875,5,1.73486494370223,0.47342887416059
4100222,6.857344121,290.7475162,266.7721926,320.6503504,2.571504045,0.0,16.28619229,30.85804854,0.0,82.0,40.9369932,80.57379342,9.428848166,4.399993896484375,4,2.22821830304032,0.561521397813479
4100500,6.156828763,274.4125243,256.2677209,305.14503,4.397734831,0.0,17.59093932,30.78414381,0.0,82.52547955,40.45924116,83.55696178,8.795469661,3.399993896484375,6,1.93804529674502,0.583428856021337
4101000,7.928712636,278.1992853,258.4597551,313.1639674,2.973267238,14.00254041,19.82178159,32.70593962,0.0,81.94697187,42.23603155,93.16237347,19.82178159,3.399993896484375,7,1.87164636890461,0.549101311168564
4101370,7.919819034,276.0035145,255.7330569,310.6404218,4.949886896,13.51945949,19.79954758,32.66925351,0.0,82.03261391,42.35949088,93.05787365,19.79954758,2.399993896484375,2,1.45311902347173,0.259821309798739
4101500,7.986806419,275.0919118,254.5292919,309.8079311,5.990104814,13.44376464,19.96701605,32.94557648,0.0,82.07492751,43.34762123,93.84497543,19.96701605,3.300018310546875,7,1.95703701979824,0.54010725527662
4102700,5.23542808,215.8580079,194.9770074,255.2400175,0.0,0.0,11.05257039,21.52342655,0.0,84.0,49.50100919,58.75313734,39.55656772,4.8000030517578125,4,1.78423138370271,0.679172708205628
4105700,9.780933266,298.815772,275.6940898,326.7793307,3.912373306,0.0,18.58377321,34.23326643,14.6713999,80.12333295,58.12659791,88.02839939,28.36470647,9.0,3,1.51988020136884,0.388473758561426
4108600,6.316057379,242.0,212.0,285.0,0.0,0.0,11.36890328,25.26422952,0.0,82.0,60.0,60.63415084,11.36890328,4.20001220703125,4,1.98434554876114,0.673798393240529
4114498,6.303804576,260.4002748,245.2020533,284.0228918,4.502717554,0.0,16.2097832,35.12119692,0.0,75.7769625,31.01871571,74.7451114,3.602174043,3.300018310546875,4,1.85957652014504,0.681075275546289
4115265,5.954078275,269.0,236.0,315.0,0.0,0.0,5.954078275,32.15202268,0.0,79.0,77.0,51.80048099,8.335709585,6.79998779296875,3,1.39622324243598,0.492545765893333
4117500,9.767954494,272.9845873,248.8275575,297.6748162,0.0,0.0,17.58231809,38.09502252,38.09502252,79.53869563,79.68672692,85.95799954,3.907181797,5.100006103515625,4,1.80414637254614,0.548873731915319
4146063,12.56653913,285.4841592,248.9811416,359.815964,1.933313712,0.0,16.43316655,38.66627424,0.0,73.85555189,92.87093033,77.33254847,28.99970568,5.699981689453125,5,1.84036691410205,0.680480274246821
4155500,3.264469217,219.4012534,203.8602244,239.5897099,2.448351912,0.0,13.05787687,34.27692677,0.0,76.72948549,17.08205803,66.92161894,12.24175956,2.5999908447265625,4,2.29316119610776,0.697501355503344
4156000,7.993994221,259.1835706,226.4092238,317.0561423,0.999249278,52.28445906,10.99174205,51.96096244,0.0,76.77924778,57.14287996,82.93769005,46.96471605,3.0,6,1.84846897642171,0.679549676879112
4161820,8.991428174,294.1988721,242.7468692,359.2871636,44.95714087,0.0,14.7132461,31.87869989,43.32233575,75.71149496,89.74426056,67.84441259,16.34805123,5.79998779296875,4,2.43736933595885,0.592867756500093
4164300,0.599258211,220.0,185.0,253.0,0.149814553,0.0,2.696661949,6.142396661,13.03386608,76.0,21.0,12.58442243,0.0,1.8000030517578125,2,1.54980568784147,0.784639913179202
4173500,8.207773839,286.0,257.0,341.0,0.0,0.0,15.59477029,29.54798582,0.0,78.0,67.0,70.58685501,5.745441687,5.0,4,1.25988731568072,0.538152499678232
4177000,1.725168519,206.8333255,184.187497,218.7812456,27.6026963,0.0,16.38910093,34.50337038,86.25842594,76.0,13.94792012,72.45707779,0.862584259,1.0,3,1.57452835226289,0.997219509797163
4177720,8.092283976,292.0,271.0,323.0,0.0,673.0,15.44890577,23.54118975,0.0,80.0,47.0,66.94525835,2.942648719,4.20001220703125,3,1.64580029207347,0.785731990706722
4178000,7.193597124,294.1346834,267.0001706,334.1707105,0.0,56.4029499,18.88319245,29.67358814,16.18559353,79.4368818,43.22601812,80.92796765,3.596798562,3.300018310546875,5,1.97612806858912,0.75631302400224
4179520,6.948487217,283.0,256.0,327.0,4.342804511,0.0,18.23977894,27.79394887,13.89697443,80.0,30.0,78.17048119,0.868560902,3.20001220703125,3,1.75858372118045,0.51965950171651
4180000,7.781603864,278.6118378,253.0254801,316.2531608,2.918101449,0.0,19.45400966,34.04451691,35.98991787,80.14821296,28.22369587,88.51574395,0.972700483,3.100006103515625,4,1.84585213568112,0.580872300737844
4180500,7.640278442,284.5241144,259.5683209,320.793321,4.775174026,39.37669375,20.05573091,32.47118338,31.51614857,79.39680277,37.01875871,85.95313248,2.865104416,3.100006103515625,5,1.80980943995472,0.73171607266922
4180988,2.876803936,264.8875203,250.0958552,285.0131313,1.917869291,0.0,23.97336613,23.01443149,95.89346453,77.00823033,16.63457352,82.4683795,0.958934645,1.79998779296875,4,1.94480826158577,0.81862050909549
4181500,2.634725781,257.6057089,244.3717119,274.8317792,1.756483854,0.0,21.95604817,21.07780625,75.52880572,77.1701503,14.7205678,76.40704764,0.878241927,1.6999969482421875,5,1.70441098445209,0.778446481275929
4182000,2.850898653,255.6602803,240.1955901,272.6193233,1.900599102,0.0,23.75748878,22.80718923,83.6263605,77.40032075,15.08485534,82.67606095,0.950299551,1.6999969482421875,5,1.62557461957075,0.710825976633058
4182950,5.851871163,270.6615113,248.6815777,298.6096606,5.851871163,22.15994791,22.43217279,29.25935581,56.56808791,78.60198907,28.41420609,86.80275558,1.950623721,2.400009155273437,6,1.82841706617119,0.716794751128137
4183000,5.878887513,270.5114011,248.5635468,298.4092334,5.878887513,22.11784937,22.53573547,29.39443756,56.82924596,78.59922236,28.39851462,87.20349811,1.959629171,2.399993896484375,6,2.0251882373311,0.698240295753015
4184500,6.474767178,288.9407132,261.1700873,339.2161019,0.0,0.0,16.99626384,25.89906871,0.809345897,78.35513648,48.33999244,71.22243896,4.856075383,4.199996948242188,4,2.0185208180614,0.641330188481644
4185000,5.837864149,262.5381408,239.3941171,304.0313262,0.0,0.0,20.43252452,31.13527546,8.756796223,77.63511695,31.42263533,84.64903015,3.891909432,2.6999969482421875,4,2.18121292853207,0.813137769607359
4186500,4.682367618,272.1531859,253.8719501,307.6273079,2.809420571,0.0,23.41183809,23.41183809,93.64735237,77.92938391,24.7825532,82.40967008,0.0,1.79998779296875,4,2.41481868330917,0.834102656938987
4188337,3.167470948,276.8996264,260.1960804,302.9244039,0.0,0.0,19.79669342,18.21295795,79.18677369,78.0,19.94870904,70.47622858,2.375603211,1.899993896484375,4,1.56766484638793,0.902357575127469
4188400,3.820675107,264.8772754,250.1770002,290.5914418,2.86550633,20.19567906,23.87921942,22.92405064,95.51687767,78.00134025,20.77089243,85.01002113,2.86550633,1.8000030517578125,4,1.6097051598513,0.807794351194255
4188433,3.50299765,270.9585343,255.3572691,296.045367,0.0,9.653535577,21.89373531,21.0179859,87.57494126,78.0,17.84423363,77.94169772,2.627248238,1.4000091552734375,2,1.26596942139288,0.561524692965595
4188496,2.622558683,259.0,235.0,300.0,3.14707042,0.0,13.11279341,13.11279341,52.45117366,79.0,17.0,46.68154456,1.57353521,2.0,3,1.33293239051021,0.714044073871169
4189000,3.531458782,262.6976105,246.6472719,290.5833606,5.297188173,21.06497677,22.07161739,22.07161739,88.28646956,78.22640799,20.19387144,78.57495791,2.648594087,1.800018310546875,4,1.7449609733241,0.75781275431785
4191500,2.993140981,247.0099939,232.242544,270.3029542,2.993140981,12.83950482,24.9428415,25.94055516,99.77136602,77.09974198,13.39214765,86.80108844,1.99542732,1.1999969482421875,6,2.13596935325035,0.829926123955167
4195500,1.954744198,218.6511806,203.5657096,243.318342,0.977372099,0.0,22.47955828,30.29853507,97.73720991,76.96816323,9.841192676,84.05400052,0.977372099,0.9000091552734375,5,1.24289071983883,1.02782703057048
4195820,1.848505471,215.804107,200.0930035,240.2118665,0.924252736,0.0,21.25781292,28.6518348,92.42527356,77.00538596,10.69351348,79.48573526,0.924252736,0.9000091552734375,5,1.2816707449266,1.04595943640614
4196000,3.24309807,333.9788777,297.6469526,401.6216058,1.297239228,0.0,14.26963151,17.51272958,12.32377266,81.55461679,31.65962591,60.97024371,2.594478456,2.5,4,1.65997265418904,0.77330408912208
4196500,5.103266205,303.45147,275.4859042,344.5253703,0.850544367,0.0,20.41306482,21.26360919,43.37776274,80.21289653,27.36911535,78.2500818,2.551633102,2.5,5,1.99954744760034,0.749494559627189
4196800,3.698826525,271.871334,258.5765789,294.1527668,0.0,0.0,23.11766578,22.19295915,92.47066313,78.0,16.22729594,81.37418355,0.924706631,1.600006103515625,4,2.07907950473796,0.897534646675449
4197100,4.679465026,285.536514,263.242076,308.9593696,0.0,0.0,17.93794927,19.49777094,29.63661183,80.8350662,23.97775166,72.53170791,2.339732513,2.5,4,2.07767176037206,0.799625203336849
4197170,4.032572513,259.0,228.0,291.0,2.688381675,0.0,16.80238547,16.13029005,60.48858769,80.0,30.0,61.16068311,0.0,3.899993896484375,3,1.72638209709036,0.977168904689097
4198000,4.716138694,271.2385688,244.6024789,302.2684659,1.886455477,0.0,22.63746573,24.52392121,71.68530814,79.14264342,22.220406,84.89049649,1.886455477,2.0999908447265625,5,2.71203531584359,0.871372649844566
4199000,5.250143709,264.1574778,216.5557735,313.5056108,2.625071855,0.0,17.50047903,27.1257425,0.0,81.207283,22.36228468,82.25225144,1.750047903,3.100006103515625,5,1.73383845619794,0.995253828951643
4199155,2.452529407,221.0,172.0,291.0,0.350361344,0.0,6.30650419,12.26264704,0.0,81.0,29.0,32.58360498,5.956142846,3.800003051757813,3,1.46441706759762,0.783702035940842
4199500,7.986351057,298.9252715,258.9712505,338.6383749,0.88737234,0.0,15.97270211,31.05803189,0.0,81.95332685,48.71734422,84.30037227,6.211606378,3.5999755859375,4,1.99322357253119,1.01663378994863
4200500,7.120626462,278.425401,239.2900241,341.6453526,8.900783078,0.0,15.13133123,33.8229757,0.0,80.55738831,39.18745196,82.77728262,7.120626462,3.29998779296875,5,2.40144007707773,1.22589076178513
4201500,12.89669919,302.2312264,238.7424364,378.8834186,35.00532636,0.0,15.66027758,35.92651916,0.0,81.50804275,139.3512252,88.43450871,42.37486876,7.0,5,1.78615135251954,1.19504706043997
4202000,12.71382956,365.6671,331.1186967,416.1937609,0.747872327,344.2162125,12.71382956,29.91489309,0.0,85.92478805,129.7426074,80.77021135,53.84680757,8.5,4,1.3680600339638,0.779674337235904
4206000,14.42324227,348.5096968,300.9882231,394.8320497,25.24067397,166.1721564,15.32469491,36.95955831,0.0,83.50724461,103.1352475,91.04671681,39.66391623,7.899993896484375,4,1.55515941023301,0.684253372149535
4213000,13.85264673,312.819983,251.2038148,395.9985726,0.86579042,0.0,15.58422757,33.7658264,0.0,87.58741372,107.8679467,97.83431751,83.11588036,7.599990844726562,4,2.87245184871696,1.06975638341005
4213075,10.56633492,366.1987305,240.6873241,461.0553859,0.528316746,0.0,8.453067938,20.6043531,0.0,88.9674271,183.710137,62.86969279,44.90692342,10.399993896484377,2,1.14013679270265,0.615065571519302
4216418,21.49538851,466.6565913,310.9113351,618.1400505,1.433025901,0.0,12.18072016,30.09354392,0.0,86.71217465,249.6235098,79.5329375,60.18708783,17.70001220703125,4,1.51437428276979,1.10596586701359
4221000,50.82553878,627.0,458.0,736.0,0.0,0.0,14.16449441,36.66104436,0.0,84.0,413.0,83.32055537,76.65491094,35.79998779296875,4,1.23635679206966,0.532274973730787
4224775,43.11983527,500.3335465,261.822748,650.6296059,0.0,0.0,13.08994999,33.10987351,0.0,82.34815762,372.0076253,72.37972349,71.60972643,38.5999755859375,4,2.41164309254293,0.651132116569511
4233286,10.08332472,402.0,120.0,605.0,1.061402602,0.0,3.007307373,7.606718649,0.0,85.0,364.0,18.3976451,15.39033773,41.500030517578125,3,1.36693033656831,0.879112228761354
4233300,19.43471499,402.0,120.0,605.0,2.045759473,0.0,5.796318507,14.66127622,0.0,85.0,364.0,35.45983087,29.66351236,39.199981689453125,3,1.76910071067612,0.86883182552012
4256000,20.7620383,486.0,224.0,706.0,0.0,0.0,4.018459025,41.5240766,0.0,92.0,177.0,97.78250295,66.30457392,12.899993896484377,4,1.46253114235035,0.802872240699656
4265432,23.76722174,298.1058238,190.260718,448.8257717,0.914123913,0.0,9.141239129,50.27681521,9.141239129,87.46701184,161.2838302,106.9524978,89.58414347,12.0,6,1.49097535655156,0.861331940668902
4268800,31.62885758,477.2136953,380.137031,730.024639,0.0,0.0,4.274169943,55.56420926,0.0,89.29306079,205.0699942,105.9994146,85.48339886,14.699981689453123,5,1.60294477167357,0.853198152139216
4273800,18.76371612,202.0,28.0,618.0,0.0,0.0,3.863118025,33.11244021,36.97555824,82.0,202.0,51.87615633,46.3574163,14.099998474121094,2,2.34295939033419,0.417466220130852
4282525,62.90293223,471.4030208,165.6225406,1057.084004,0.0,0.0,8.438198226,37.58833755,19.94483217,90.71281952,332.5435708,99.72416085,75.17667511,58.0999755859375,3,1.79278779951275,0.356774212839757
4288230,5.825086835,480.0,202.0,1187.0,0.0,0.0,0.485423903,3.39796732,0.0,93.0,341.0,8.616274276,5.885764823,63.4000244140625,1,1.03267521165552,0.230047195498276
4296000,45.28130494,392.5830356,240.5121742,747.2024613,0.0,0.0,7.674797448,40.67642648,76.74797448,90.67004102,258.670041,100.5398466,76.74797448,29.5,3,2.84895359275513,0.528628403246441
5046000,11.8527079,422.7464146,399.7143627,479.4445571,0.0,1185.839737,14.81588488,46.42310595,0.0,66.50577793,64.94796478,73.09169873,41.48447766,4.20001220703125,4,2.10248116057131,0.231482347515113
5124480,13.90897557,467.0,435.0,521.0,0.0,0.0,7.363575304,46.63597693,0.0,85.0,36.0,76.90845318,74.45392807,8.0999755859375,5,1.47057881831612,0.646460203143501
5127500,14.96344579,489.1053076,447.0334967,561.829354,0.0,6.030226882,8.978067476,56.86109402,0.0,85.76670123,31.57534256,94.76849003,85.79042255,6.29998779296875,6,1.49645533402309,0.550972660236842
5129115,18.31208185,429.0381565,400.0537678,483.0912278,0.0,1124.510619,6.746556471,55.90003933,0.0,80.38156796,37.26223686,83.850059,69.39315227,6.600006103515625,5,2.11302270624371,0.488592351919443
5288705,8.986468936,380.3473056,358.9165493,419.7559605,1.996993097,270.6418508,13.97895168,44.93234468,7.987972387,72.29910961,36.80052816,79.87972387,46.92933778,3.20001220703125,3,1.93313267173391,0.470903390413271
5320000,3.979311186,351.0162682,326.5345673,379.5499203,0.0,17.35674971,21.88621152,25.86552271,23.87586711,69.279309,28.92331767,77.59656812,1.989655593,2.300018310546875,6,2.4278116048194,0.503897191932111
5338500,9.663393922,340.6795313,308.8491765,377.8962683,0.0,16.48353553,14.49509088,41.55259386,0.0,76.69224126,26.61832469,82.13884834,73.44179381,3.399993896484375,5,2.73906655119938,0.499599093257837
5345000,8.105289541,300.7032277,271.7504272,351.5976141,19.8948016,0.0,15.47373458,25.05271313,70.73707235,74.48300495,79.46179672,61.15809381,3.684222518,4.399993896484375,4,1.25352663006866,0.60427115537391
5353800,7.56238363,362.9502879,337.2474213,386.0362491,3.781191815,0.0,20.79655498,24.5777468,55.77257927,74.85035047,40.30630963,79.40502811,3.781191815,3.800018310546875,5,1.69411321570537,0.553285022270135
5355200,11.96624787,332.420334,295.403715,369.6875232,2.991561968,105.5226008,21.9381211,26.92405771,63.81998866,74.70519342,68.88997435,82.76654779,6.980311259,5.199981689453125,5,2.7365474976337,0.638004815082927
5372995,14.39047828,364.4916196,306.8871277,404.1731113,9.311485949,0.0,18.6229719,22.85546551,78.7243812,77.28876831,98.13757661,73.64538887,1.692997445,7.79998779296875,5,1.82231902467231,0.930060229997071
5383950,16.47792614,382.7018085,319.104618,418.1089105,0.0,0.0,21.05512785,24.71688922,69.57346594,79.15000133,97.92957722,81.47419038,3.661761365,7.29998779296875,5,2.27840509874203,0.931625791881446
5385500,37.60791421,343.9968063,236.4549475,409.3635191,0.0,0.0,20.68435281,26.32553994,40.42850777,79.19698818,183.188012,82.73741125,25.38534209,18.699981689453125,5,1.80779058073603,0.95171274965482
5387440,12.52164973,386.8367355,345.2030627,417.5120023,0.0,0.0,23.1168918,23.1168918,93.43077104,81.13695704,75.62786091,87.65154809,0.0,6.699981689453125,4,1.97289526604793,0.911282601226746
5387500,14.22176185,379.8232439,331.8468504,413.7349489,0.948117457,0.0,21.8067015,23.70293642,83.43433619,80.71092735,86.80629407,86.27868856,0.0,7.5,4,2.00630819133998,0.902153025794237
5388250,24.03819872,360.7974052,285.0982162,407.5065494,0.0,0.0,20.3400143,26.81183704,82.28460332,79.18557492,129.1506392,82.28460332,9.245461048,9.70001220703125,4,3.63256235613265,0.888855836128171
5389000,28.04656144,335.9659218,246.600542,380.7968274,0.0,0.0,18.99928356,28.95128923,90.47277884,76.22510118,168.923518,77.8065898,9.047277884,14.79998779296875,4,1.60126288794796,0.885013094329826
5406500,27.98401643,306.0,246.0,373.0,0.0,0.0,12.36503051,24.07926995,65.07910797,78.0,191.0,56.61882393,44.9045845,21.39999389648437,4,1.5215964675523,0.966518467881776
5410490,54.31219146,338.0863779,239.1287529,408.721945,0.0,0.0,17.79192479,34.64743248,66.48561368,79.52382356,250.0681116,82.40470428,65.54919659,33.5999755859375,5,1.93171746191398,0.892426922800266
5412020,16.95942693,348.6453519,301.6263423,387.609254,0.0,0.0,22.94510702,24.94033372,99.76133487,79.77920494,112.4682722,89.78520138,3.990453395,8.20001220703125,5,1.81778075427103,0.907882559709286
5414820,16.42479983,264.0,181.0,314.0,0.0,0.0,15.7106781,22.85189541,71.41217316,82.0,152.0,65.69919931,3.570608658,13.300003051757812,4,1.58772109871081,1.17052045538769
5416900,8.506871462,329.1771112,300.3754064,363.5028435,0.0,0.0,21.26717865,18.71511722,85.06871462,79.67362025,68.80712657,75.71115601,1.701374292,5.899993896484375,5,1.57506068772866,0.889809457629623
5418400,18.58067938,299.4256016,252.0027784,346.0048615,0.0,0.0,23.47033185,26.40412333,97.79304937,81.50540701,126.8123935,88.99167493,9.779304937,11.5,5,2.25692038691117,1.02456430248085
5418500,16.69323386,293.162553,251.4434171,336.5120547,0.0,0.0,23.5669184,24.54887333,98.19549332,80.4276171,111.721337,88.37594399,7.855639466,9.199981689453123,6,1.70417076288066,0.996817291323835
5419000,25.70123378,274.6807982,217.7326468,356.1446867,0.0,131.3390394,20.19382654,29.3728386,91.79012063,82.29250681,149.6626569,84.44691098,19.27592533,14.20001220703125,5,1.78348633209804,0.992716653944767
5420680,7.918082557,359.3747669,334.2107658,387.6615321,0.0,0.0,24.74400799,21.77472703,98.97603197,81.20680705,62.6609549,91.05794941,1.979520639,4.79998779296875,5,1.45683988238364,0.865865683743518
5421000,6.752817806,333.7729018,310.2368437,361.525247,0.964688258,0.0,24.11720645,20.25845342,96.46882581,80.99804481,60.336762,88.75131974,2.894064774,4.600006103515625,5,1.48998321373891,0.836655663774509
5421740,8.759035515,321.1817789,295.1609679,351.8685358,0.0,0.0,24.33065421,21.4109757,97.32261683,80.40879647,69.95662929,88.56358132,3.892904673,5.300018310546875,5,1.54014162321527,0.86290581951714
5422000,9.726857455,292.3173679,265.9300105,325.5642161,0.0,0.0,24.31714364,20.42640066,97.26857455,80.36515219,69.0135696,88.51440284,3.890742982,5.399993896484375,6,1.62186302617371,0.859231098081316
5422600,7.786780797,219.0,175.0,245.0,36.33831038,0.0,20.76474879,22.49514452,0.865197866,80.0,65.0,77.86780797,0.0,6.29998779296875,3,1.15834924198803,0.799211032579006
5435500,24.7851243,298.6415736,243.5945275,368.6465449,0.991404972,0.0,22.80231435,26.76793424,99.14049719,81.18923488,145.6256027,90.21785245,8.922644747,15.5,6,2.10224068043493,0.934561174265524
5437050,21.88399313,286.8675462,242.0115964,349.8609343,0.994726961,0.0,22.87872009,25.86290098,95.49378822,80.68911429,126.9813707,89.52542645,9.947269606,11.70001220703125,7,2.52655150690588,0.872271890265428
5438500,5.794930546,269.607826,244.2512087,320.3716995,7.726574062,0.0,22.21390043,23.17972218,51.18855316,82.54566281,50.4396538,88.85560171,10.62403933,2.900009155273437,5,1.79117448556545,0.648414636229808
5439000,1.463890117,269.9796281,257.4490703,291.1532335,9.515285758,0.0,19.03057152,14.63890117,40.25697821,84.0,19.27546486,68.80283548,2.195835175,1.70001220703125,3,1.33814630333887,0.592930331431069
5439500,4.379293756,263.5490591,236.7115842,291.913463,5.255152507,0.0,21.89646878,18.39303377,29.77919754,83.38749978,35.52370109,81.45486386,6.131011258,2.70001220703125,4,2.29703146969308,0.645180266335858
5440000,5.934691453,265.4756176,238.3868852,306.4886661,7.912921938,0.0,23.73876581,22.74965057,41.54284017,82.81163656,46.49367283,91.98771753,8.90203718,3.0,5,1.73008245808422,0.6698426079107
5444000,12.41431711,254.365245,217.5488415,304.72213,0.0,0.0,23.87368676,20.05389688,95.49474703,82.0,92.4857174,87.85516726,0.0,8.699996948242188,5,2.33404437495638,0.867058747255223
5447500,5.638836852,216.9419517,196.4628855,261.8148883,0.939806142,0.0,23.49515355,19.73592898,0.939806142,80.67039955,44.92320697,84.58255279,2.819418426,2.1999969482421875,5,1.22607667731301,0.832678829121406
5448000,12.29706867,229.0,169.0,248.0,2.837785077,0.0,21.75635225,26.48599405,0.0,80.0,78.0,85.1335523,0.945928359,8.900009155273438,3,1.96796228842381,0.87981731454845
5449500,3.636159278,372.055731,357.98959,392.3336793,0.0,0.0,21.81695567,20.90791585,90.90398196,73.90505646,35.96668855,76.35934484,0.90903982,2.29998779296875,4,1.88403519435707,0.463307685210813
5451210,4.910977238,349.6935531,317.8785145,370.5078862,0.0,0.0,24.55488619,22.5904953,97.23734931,75.21926159,46.86887598,84.46880849,0.0,2.4000244140625,3,1.86218777627579,0.472597425728998
5451500,6.840192703,346.2835351,319.3061937,372.1018556,0.0,0.0,24.42925965,21.4977485,85.99099399,75.07871136,54.73688813,84.03665321,1.954340772,3.399993896484375,5,1.77093820823719,0.558517664069516
5452000,12.71793359,282.04121,247.3612187,308.9778554,0.0,0.0,23.61901952,19.98532421,82.66656832,77.0,87.1781369,79.94129684,0.908423828,7.70001220703125,5,1.45375390593419,0.879584792632436
5452200,13.0531596,277.0,235.0,314.0,0.0,0.0,19.19582294,19.19582294,33.01681546,77.0,113.0,67.56929676,2.303498753,11.399993896484377,4,1.13795237409291,0.889982695088109
5453100,10.82016789,316.9407296,285.6251501,345.6012339,0.0,0.0,24.59129065,22.6239874,72.79022033,75.96165192,73.76676803,84.59403984,2.950954878,5.20001220703125,6,1.74745096292998,0.721572948917237
5453520,10.84056755,309.1320019,277.8619081,338.2379283,0.985506141,4.828678422,24.63765353,22.66664125,71.94194832,76.10003186,76.93495278,85.7390343,3.942024565,5.5,6,1.72030857750659,0.744229835302225
5454000,10.92232298,308.5846371,277.1219649,337.6822862,0.992938452,6.895714014,24.82346131,22.8375844,72.48450702,76.121737,77.09261651,86.38564535,3.971753809,9.5,4,1.78198543380988,0.892807128632914
5454090,10.8659201,308.9613818,277.6312591,338.0647281,0.987810918,5.472997845,24.69527294,22.71965111,72.11019699,76.10679761,76.98409843,85.93954984,3.951243671,6.699996948242188,2,1.21335201888267,0.596444070182943
5454220,9.391277978,247.3693173,217.6770324,271.2000592,3.521729242,0.0,14.08691697,15.26082671,25.82601444,77.86154302,104.7999408,51.06507401,0.0,10.899993896484377,3,1.16924414405027,0.727663053028046
5454300,15.06979882,241.2035781,209.8887302,266.9813955,5.651174557,0.0,22.60469823,24.48842308,41.44194675,77.53703042,109.0186045,81.94203107,0.0,10.300003051757812,4,1.24005004892622,0.775902876330038
5454500,11.76505649,305.8310698,274.2045644,334.8336768,0.980421374,8.848301901,24.51053435,22.5496916,70.59033892,76.18724438,78.24112547,85.29665953,3.921685496,5.600006103515625,6,1.84317835128453,0.747468370255538
5455100,13.04126893,241.6446918,213.7945286,265.8389157,0.0,0.0,19.56190339,19.56190339,63.57618601,77.275405,92.96064431,70.91189978,0.815079308,10.5,3,1.30183023723189,0.801686626679559
5455500,13.45954802,253.2588696,220.477143,278.7268884,0.0,0.0,22.43258003,19.74067043,80.75728813,77.3289125,94.13720233,78.06537852,0.897303201,10.400009155273438,5,1.2869112507652,0.85749334524173
5457000,4.97141118,383.7438742,366.3165377,408.8817934,1.988564472,0.0,22.86849143,23.86277367,99.42822361,76.74276022,25.92949048,85.5082723,4.97141118,3.0,5,1.58434696027078,0.718339018120803
5457700,3.965886436,369.8432309,347.3595341,393.2433753,0.991471609,0.0,23.79531862,22.80384701,99.1471609,77.70454463,29.84149913,86.25802998,2.974414827,2.899993896484375,5,1.58322820127129,0.663334966965655
5458000,6.585052546,363.1252706,337.5046508,392.675805,0.0,0.0,22.57732301,20.69587943,94.07217922,79.84697243,49.55875004,84.6649613,0.0,4.600006103515625,4,1.56071158975322,0.784146629713396
5458500,5.944638334,357.646737,333.9323918,382.8640523,0.990773056,0.0,23.77855333,22.78778028,99.07730556,78.41529158,41.02785274,88.17880195,1.981546111,3.5,5,1.58159325108139,0.710969019416566
5458900,6.947452885,338.443673,308.0674934,368.1908849,0.0,0.0,24.81233173,21.83485192,77.414475,76.68080341,50.2562385,86.34691442,1.984986538,3.9000244140625,5,1.50589724710453,0.698860866438075
5459500,6.217920889,372.9598329,353.7398816,401.9868015,1.776548825,0.0,21.3185859,20.43031149,88.82744127,75.64858849,46.0513168,76.39159949,0.888274413,3.600006103515625,4,2.33747657138858,0.512478918602673
5462000,6.859050942,354.9807962,332.30247,382.7324719,0.97986442,13.73512755,23.51674609,22.53688167,97.98644202,76.59310847,49.02396951,85.24820456,0.97986442,3.70001220703125,5,1.43310963118238,0.623771945423857
5463000,8.800519857,322.4976547,291.1469678,356.3881175,0.0,0.0,22.00129964,18.4810917,71.28421084,76.57006488,65.23930984,76.56452276,0.880051986,5.899993896484375,4,1.50008100518252,0.79328286417302
5463500,7.923709578,305.3055252,281.4040481,329.5305847,1.760824351,0.0,22.01030438,18.48865568,64.2700888,77.08105742,63.07193312,77.47627143,0.880412175,5.70001220703125,5,1.70324943260104,0.785659277173805
5464220,9.883291412,301.3283854,274.6582197,327.7290086,0.0,0.0,22.46202594,18.86810179,65.58911574,77.26480086,73.77359957,79.0663313,0.898481037,6.600006103515625,5,1.84297027057083,0.795349686207986
5466000,7.281494524,236.1669179,207.0800431,263.2630236,0.0,0.0,17.47558686,16.01928795,0.0,81.0,70.59410874,66.26160017,0.0,6.100006103515625,5,1.17858362170084,0.81487717525634
5466500,9.694218982,226.0635946,193.5340329,251.7649769,0.0,0.0,23.26612556,23.26612556,1.938843796,79.73717541,82.34845101,87.24797084,1.938843796,7.0,5,1.3449432221261,0.842648755999434
5467000,8.566841289,221.1718181,188.2326053,244.4771328,0.0,0.0,22.8449101,22.8449101,30.45988014,79.13735864,76.23141627,84.71654164,0.951871254,6.0,3,1.45144850382134,0.728033450420504
5469000,5.414038456,217.772578,185.7183235,240.5339362,1.804679485,0.0,22.55849356,20.75381408,36.0935897,78.7562434,48.23012043,79.40589735,0.902339743,4.3000030517578125,5,1.49965023047727,0.773111507598353
5470000,4.770827356,332.429454,301.806461,363.505511,0.954165471,0.0,22.89997131,22.89997131,82.05823052,73.64863362,40.06108031,80.14989958,1.908330942,2.899993896484375,4,1.62917446688779,0.513833312216968
5470500,5.635810535,321.7595246,290.4567497,355.863664,5.635810535,0.0,21.60394038,24.42184565,54.47950184,72.0,79.33893703,77.02274398,0.939301756,3.4000244140625,4,1.53183382784168,0.550585466146962
5471000,5.501039006,326.6856364,295.7752097,359.0408765,2.750519503,0.0,22.00415602,22.92099586,62.34510873,72.99211846,56.61509809,76.09770625,0.916839834,3.100006103515625,5,1.59086610407776,0.535641469024054
5471050,5.946043773,312.063354,279.5172371,346.623036,1.982014591,0.0,22.7931678,24.77518239,48.55935748,73.28118526,70.1985799,83.24461282,0.991007296,3.20001220703125,5,1.44976190379844,0.676151354812522
5471200,6.575439987,307.7968397,270.9060967,343.6362612,0.93934857,0.0,21.6050171,22.54436567,23.48371424,74.7772365,71.09513364,80.78397698,1.878697139,3.399993896484375,4,1.52695657322824,0.63402887056113
5471500,9.922160926,295.707254,261.0930383,330.240748,1.984432185,0.0,23.81318622,23.81318622,46.63415635,74.78743812,82.09848527,84.33836787,0.992216093,4.399993896484375,6,1.40017936089811,0.756047843534867
5472500,14.92512977,268.6795023,232.6104999,299.5922789,0.0,0.0,23.32051526,19.58923282,65.29744272,77.08428906,97.08439223,81.1553931,0.93282061,10.600006103515623,5,1.46746212706249,0.937254294870377
5473400,8.449730106,229.6955258,203.2147336,245.4414911,0.938858901,0.0,22.53261362,22.53261362,57.27039294,76.86357201,64.65281323,80.74186546,3.755435603,6.199996948242188,5,1.55252591918675,0.809680445006058
5473450,2.750580339,221.6368815,205.0922038,245.0028484,0.0,0.0,16.50348203,8.251741016,55.01160677,77.90922038,31.81701657,47.86009789,0.0,2.6999969482421875,3,1.6972980011577,0.627639136462666
5476750,4.956230599,430.2138063,404.7075073,466.8786443,0.0,150.6730419,20.81616852,29.73738359,5.947476719,66.49898215,52.31060731,74.34345899,2.973738359,2.79998779296875,6,1.72362720837507,0.580737422484841
5479000,3.967120653,366.227838,348.0537045,387.6660648,0.0,0.0,21.81916359,25.78628424,49.58900816,69.86515906,29.48773006,78.35063289,0.991780163,2.300018310546875,4,2.04844659634561,0.436689831754804
5481000,2.874087415,350.3502637,330.5148222,372.2458334,0.0,0.0,21.07664104,24.90875759,76.64233106,71.96656154,28.23416647,78.55838933,0.958029138,2.100006103515625,4,1.78247670148774,0.515252437903177
5481950,5.789122685,307.8955348,280.9502417,336.549839,2.894561342,0.0,21.22678318,26.05105208,0.0,70.60984079,74.70128106,77.18830246,0.0,2.9000244140625,5,1.63624241415636,0.627392353452104
5482300,3.946332978,389.851992,370.1031779,418.6194079,0.0,0.0,22.69141462,24.66458111,0.0,69.15872554,33.94284932,77.94007631,2.959749733,2.29998779296875,4,1.99765134927402,0.404022742629819
5482500,4.962942705,372.2340585,349.060852,397.9527096,0.0,0.0,21.8369479,25.80730207,0.0,69.29726206,45.06614028,78.41449475,1.985177082,2.4000244140625,5,1.90462093962593,0.517356166385384
5483450,12.56967408,372.1688847,342.8622362,414.6393258,0.897833863,9.757091672,19.75234499,24.24151431,7.182670905,70.02615842,108.3336167,71.82670905,2.69350159,6.399993896484375,5,1.5305447561664,0.772633439883577
5483600,12.53602314,369.6414062,339.6230382,411.1318158,0.895430224,47.28942054,19.69946493,24.17661605,9.849732464,70.12693467,115.0093649,71.63441792,2.686290672,6.800018310546875,5,1.49927661259309,0.768699212863818
5484000,17.3044993,364.2046632,322.878636,407.9164661,0.0,38.93598434,21.14994359,25.95674895,26.91811003,70.68083242,126.7520799,76.90888579,2.884083217,9.0,6,1.53470540786065,0.826993002107884
5484650,8.98827866,356.2436508,325.9566982,386.4252525,0.998697629,14.99788721,21.97134784,25.96613835,13.9817668,69.91789629,76.01068738,79.89581031,1.997395258,3.399993896484375,6,1.85338130025101,0.622167813404585
5484800,10.11692016,295.0,243.0,321.0,37.70852059,0.0,20.23384032,26.67188042,0.0,71.0,146.0,74.49732117,0.919720014,6.5,3,1.40510383996812,0.690737640473126
5484900,8.983606258,354.5175556,323.7395424,384.6205991,1.996356946,14.79305577,21.95992641,25.9526403,13.97449862,69.94954859,77.8573181,79.85427784,1.996356946,3.5,6,1.88521323145857,0.624005690616248
5485605,5.188061267,296.0,261.0,318.0,12.97015317,0.0,19.02289131,24.21095258,0.0,73.0,91.0,71.76818086,0.0,3.100006103515625,3,1.33572747573147,0.484741402835376
5485640,7.06259002,288.9382965,249.3481893,313.7629779,18.83357339,0.0,17.26410894,21.97250228,0.0,73.0,95.94319244,65.13277463,0.0,4.0,4,1.34542878283977,0.581674974251959
5486000,15.45045013,322.2021931,270.0348403,362.9841287,1.716716681,0.0,21.45895852,18.88388349,41.20120035,71.63710825,141.2650414,70.38538393,0.858358341,11.100006103515623,5,1.87620171966977,0.940116185941282
5486490,19.54758934,342.9268045,295.7609886,382.2640659,0.0,0.0,23.27093969,21.40926451,32.57931557,72.82618799,149.4200989,76.32868218,0.930837588,13.399993896484377,5,1.90677840017657,1.0066459159014
5487470,18.00220828,304.7602901,258.7260532,343.7037505,0.0,0.0,19.80242911,25.20309159,32.4039749,74.53242853,148.7669717,76.50938518,0.900110414,13.5999755859375,5,1.49134191012381,0.917724976789239
5487980,18.32334203,300.6556913,255.8814623,329.9246859,0.0,0.0,20.15567624,26.56884595,17.40717493,77.90788005,131.1278174,80.62270495,4.580835508,13.899993896484377,4,1.76478912047117,0.890982858315848
5488200,14.27450762,273.4606799,227.7338302,302.6412289,0.0,0.0,16.65359222,23.79084603,7.137253808,82.0,137.4513725,75.33767909,1.586056402,14.399993896484377,4,1.7056286658691,0.875410744600544
5489000,18.5842244,275.5806553,228.5961518,305.8882907,0.0,0.0,17.69926133,29.2037812,23.8940028,80.91427302,140.5876203,81.41660213,11.50451987,15.0,5,2.2727131359734,0.965566004830859
5495000,11.81903841,232.3808965,198.6052501,255.5144922,0.0,0.0,20.00144961,27.27470402,27.27470402,77.80956275,101.7340533,79.09664165,16.36482241,9.399993896484377,5,1.37613205147075,0.894851744729221
5495500,6.335079355,201.4658205,170.001974,227.9245048,0.0,0.0,23.53029475,21.72027207,52.49065751,80.05565584,50.6034957,81.45102028,2.715034009,4.9000091552734375,5,2.05084871703978,0.825959463343889
5496000,11.90784126,223.8821033,191.8791224,247.3887267,0.0,0.0,23.81568252,26.79264283,63.50848672,78.04385698,92.33300862,86.33184913,4.961600525,8.100006103515625,5,1.25221988133562,0.911087200880587
5497150,13.67424463,236.3379599,199.1108787,265.3480479,0.0,0.0,22.46483046,26.3717575,62.51083259,76.84542547,105.4161863,83.9989313,3.906927037,9.199996948242188,4,1.67623116882706,0.944445674883539
5498150,15.06390249,239.1818359,198.1897216,271.7116649,0.0,0.0,21.65435982,26.36182935,78.14399415,76.89991891,95.55242222,80.96847587,15.06390249,10.300003051757812,4,1.7225046058931,0.923646637555766
5498700,12.57650285,255.2349474,212.8097749,290.2974476,0.0,0.0,22.25073582,26.120429,83.19840349,77.0,76.17647158,83.19840349,5.804539779,8.699996948242188,4,1.55161117349665,0.921012316628683
5500000,11.59619924,229.2474809,190.4665074,256.7027949,0.0,0.0,23.19239848,25.12509836,91.80324399,77.41324078,83.85892477,84.0724445,5.798099621,8.100006103515625,5,1.88368912407427,0.905542040735059
5501000,11.33662283,217.8553221,177.6232076,240.623763,0.0,0.0,22.67324566,23.61796423,86.91410836,77.84143201,87.24760966,82.19051551,13.22605997,7.0,5,1.57652864151503,0.891484498296323
5502300,10.79895956,268.1583511,237.6743525,290.9453693,0.981723596,0.0,20.61619552,27.48826069,6.872065172,76.87768329,74.168909,84.42822925,2.945170788,8.0,5,1.121092674763,0.94603825991217
5502500,10.32796076,261.3019491,230.8973078,283.0736511,0.938905524,90.71590845,20.65592153,25.35044915,20.65592153,77.12721691,70.11056027,80.74587507,4.69452762,7.5,5,1.24230359624413,0.958985344969813
5503800,5.181329484,235.6075055,208.672968,249.9906883,0.0,0.0,17.0243683,17.0243683,74.01899263,77.69159141,39.47658041,63.65633366,4.441139558,4.4000091552734375,3,1.42211038529378,0.781678244855654
5504800,5.902422686,250.3900745,217.2713441,276.8715434,1.967474229,0.0,23.60969075,23.60969075,28.52837632,77.63944395,37.32230751,85.58512895,0.983737114,4.699996948242188,5,1.87460653574563,1.01790335148422
5506100,4.771089219,250.330736,210.4819532,274.1179362,0.0,0.0,23.8554461,20.03857472,2.862653532,77.50769782,26.28058585,83.01695242,1.908435688,3.0,5,2.22655893913836,0.90101614214131
5506350,9.685588779,248.2825226,216.6316148,268.1249353,0.0,0.0,19.37117756,25.53473405,5.283048425,79.63898295,73.22995169,78.3652183,7.924572638,7.5,4,1.63669870807889,0.92372250157386
5506800,5.432184672,254.4188978,223.7525358,269.235688,0.679023084,0.0,15.61753093,17.65460019,14.25948476,78.83222974,46.77761669,59.7540314,0.0,5.199996948242188,5,1.76366983225728,0.917935391506393
5507600,3.614941922,228.7916985,201.0228814,238.9127296,0.0,0.0,18.07470961,15.18275607,0.0,78.0,26.7736954,63.62297783,0.722988384,1.600006103515625,4,1.45645597400647,0.85178576032671
5507800,8.841744661,242.5190827,209.9170678,262.1645455,0.0,41.01137345,22.59556969,24.56040184,32.41973043,77.89378672,58.45658202,85.47019839,3.929664294,5.399993896484375,6,1.98250328676799,0.918384248539064
5508000,8.881800192,240.5654944,207.392542,260.9865098,0.0,107.0390549,22.69793382,24.6716672,35.52720077,77.94361672,61.22194935,85.85740186,3.947466752,5.5,6,1.96026930574779,0.924196193094902
5508805,9.618450725,218.6813312,173.740232,245.2826171,0.0,0.0,23.08428174,24.04612681,62.51992971,78.54666467,75.27182599,84.64236638,7.69476058,4.8000030517578125,5,2.75289180874259,1.07981255842169
5514500,10.46139452,223.9017553,180.2296464,257.5165628,0.0,0.0,23.77589663,23.77589663,82.74012028,76.02718215,76.5853606,80.83804855,14.26553798,6.29998779296875,6,1.89993812072424,1.06307813663724
5515500,5.933665797,230.3071976,207.0739194,276.296128,3.955777198,0.0,20.76783029,30.65727329,0.0,84.11659621,40.03220937,98.89442995,19.77888599,2.400009155273437,4,1.47819562890803,0.511913688536185
5516500,4.150723382,252.9632607,241.4325408,271.9214938,2.490434029,0.0,17.43303821,28.224919,0.0,83.08760646,19.17845839,79.69388894,4.980868059,1.79998779296875,3,1.50643903165394,0.555922312832844
5517000,4.608544086,247.0625032,234.9655806,269.30315,1.843417634,0.0,18.43417634,32.2598086,0.0,82.73580231,22.69686616,88.48404645,10.13879699,2.100006103515625,4,1.80725153716513,0.58636872132852
5517500,5.865051359,231.6739771,214.9513113,263.2670846,1.95501712,0.0,19.5501712,34.21279959,0.97750856,83.2582189,28.30743008,94.8183303,18.57266264,1.899993896484375,5,1.33705801376243,0.688703150912106
5517530,5.968431295,231.2465731,214.6403577,262.7081524,1.989477098,0.0,19.89477098,34.81584922,0.994738549,83.23642396,28.23281655,96.48963926,18.90003243,1.8000030517578125,5,1.43603422368537,0.697624780141631
5518000,4.977614158,227.5803012,210.8661116,259.017652,1.991045663,0.0,19.91045663,33.84777627,10.95075115,83.13681566,28.49540643,96.56571466,21.90150229,1.6999969482421875,5,1.39805825457925,0.745573608381193
5520500,4.909631495,223.9026114,207.0274913,253.7903201,1.963852598,0.0,20.62045228,32.40356787,29.45778897,83.16638175,29.66250035,94.2649247,21.60237858,1.600006103515625,5,1.40345244537197,0.771524551929906
5522500,2.776562348,209.7196389,201.5120043,224.332888,0.925520783,0.0,18.51041565,35.16978974,86.99895356,81.52154795,24.75914635,85.14791199,21.286978,1.399993896484375,4,3.88889059767909,0.748337064187784
5524500,1.834684628,210.1708319,199.6904289,229.4240572,0.917342314,0.0,19.26418859,31.18963867,51.37116957,81.4246101,18.3285643,84.39549287,18.34684628,1.3000030517578125,5,3.5906474352919,0.68521413742069
5525000,1.869540576,209.8190564,199.0820774,231.4476109,0.0,0.0,20.56494633,29.91264921,39.26035209,81.51637902,16.88354621,85.99886649,18.69540576,1.4000091552734375,5,2.40577914947732,0.616674130176593
5525500,0.993558774,211.9802632,200.0559157,236.8399508,0.0,0.0,24.83896935,22.85185181,0.0,80.22136508,7.550170721,89.42028968,16.89049916,1.5,5,1.29853113313257,0.723991615167606
5526000,1.976822336,208.3692952,197.4162804,228.3339742,0.0,0.0,22.73345687,27.67551271,24.71027921,81.03068465,14.12082204,90.93382748,15.81457869,1.29998779296875,6,3.00424540403452,0.688600509950849
5527800,7.747749849,230.2509181,205.9844482,257.4801648,7.747749849,0.0,18.07808298,30.99099939,75.7557763,84.55477947,71.65819841,82.64266505,20.66066626,4.3000030517578125,4,1.51634980414461,0.698889881508875
5527950,5.809254582,237.0,208.0,261.0,35.58168432,0.0,13.79697963,26.86780244,72.61568228,85.0,54.0,69.71105499,29.77242973,3.899993896484375,3,1.89654082098956,0.510000102592118
5528000,7.657493517,229.8811263,205.3615905,257.7936343,29.77914146,0.0,17.01665226,30.62997407,79.12743301,84.7373694,67.51371211,81.67993085,24.67414578,4.29998779296875,4,1.53595882846667,0.621170286432804
5528500,7.075806924,228.1866127,202.7228768,260.780482,43.33931741,0.0,18.57399318,30.07217943,84.02520722,84.63506556,62.51905642,84.90968309,24.76532423,4.3000030517578125,3,1.41825089491629,0.625099896531124
5529000,7.553339382,227.0999398,202.1713479,260.7943617,46.26420372,0.0,19.82751588,32.10169237,89.69590516,84.59491172,60.02035067,90.64007259,26.43668784,4.100006103515625,4,1.44861120874294,0.621738751479964
5529500,7.020869501,228.3211106,202.7911398,260.7787641,43.00282569,0.0,18.42978244,29.83869538,83.37282533,84.64003542,62.82832228,84.25043401,24.57304325,2.3000030517578125,1,1.4017736225279,0.505021849996807
5530000,6.047418647,225.8400644,201.5172953,260.3577739,49.24326612,0.0,18.14225594,29.37317628,82.0721102,84.552956,57.3939622,82.93602715,19.87008984,2.1999969482421875,-99,1.22992120103469,0.141032182044017
5530990,3.250836219,233.0,208.0,274.0,42.72527602,0.0,10.681319,13.46775005,46.44051741,84.0,41.0,43.65408637,9.752508656,4.0,3,1.60526665673593,0.597041556973206
5531300,5.351733688,227.5353425,196.6503267,265.1724763,85.627739,0.0,20.51497914,25.86671282,89.19556146,83.57964173,41.0,83.84382777,15.16324545,4.0999908447265625,4,1.4297881229726,0.515631410519406
5531500,4.816607735,224.0563336,187.2785768,260.0343201,77.86849171,0.0,18.46366298,24.08303867,80.27679558,83.44342053,41.99641106,75.46018784,15.25259116,4.100006103515625,4,1.53624710539105,0.513709054958381
5532000,4.241695508,226.2325819,193.5510967,263.1563528,68.57407738,0.0,16.25983278,21.20847754,70.69492513,83.503521,41.18269478,66.45322962,13.43203577,1.899993896484375,2,1.34330526915328,0.345193516326733
5532500,5.4004192,220.6326609,194.1923412,253.8793987,64.8050304,0.0,19.80153707,28.80223573,87.30677706,84.12950911,48.25565067,86.4067072,18.9014672,3.29998779296875,5,1.41805994706812,0.54115106443261
5533000,5.485661185,220.2033252,192.7443878,253.6792882,65.82793422,0.0,20.11409101,29.25685965,88.68485582,84.11195964,48.32936485,87.77057896,19.19981415,5.29998779296875,2,1.20616820443753,0.495668262498071
5533400,6.612460503,217.7571788,184.382977,252.3827819,67.06924225,0.0,20.78201872,30.22839087,91.62980983,83.99971798,50.23304721,89.7405354,21.72665594,4.3000030517578125,3,1.35255528842229,0.691382933679548
5534500,2.177097374,208.0,191.0,228.0,35.92210668,0.0,6.894141685,13.78828337,34.47070843,85.0,69.0,35.19640755,10.88548687,4.0,2,1.12508445804308,0.577827144145923
5535000,1.203304703,208.0,191.0,228.0,19.85452759,0.0,3.810464892,7.620929783,19.05232446,85.0,69.0,19.45342603,6.016523513,4.3000030517578125,2,1.06062095715868,0.32808986825648
5535070,2.101430136,208.0,191.0,228.0,34.67359724,0.0,6.654528763,13.30905753,33.27264381,85.0,69.0,33.97312053,10.50715068,4.399993896484375,2,1.06131011181857,0.375542278041973
5535500,2.958094933,206.7586805,190.5345052,227.2241753,59.16189866,0.0,12.42399872,20.70666453,56.20380372,84.84483507,63.87955725,57.3870417,15.38209365,3.29998779296875,2,1.12077041560706,0.421406691092558
5536000,4.370201404,204.5748049,189.7155518,225.859253,87.40402808,0.0,18.3548459,30.59140983,83.03382667,84.57185061,54.87107009,84.78190724,22.7250473,3.29998779296875,3,1.22893071153208,0.476800659657802
5536195,3.922673961,199.0,181.0,235.0,60.409179,0.0,17.25976543,25.88964814,78.45347923,84.0,22.0,75.31534006,12.55255668,2.900009155273437,4,1.19678104943433,0.507151722961527
5536215,1.610096713,209.0,85.0,248.0,20.39455837,0.0,5.903687948,8.58718247,26.83494522,84.0,32.0,25.76154741,3.488542879,3.600006103515625,2,1.13944275427346,0.395314849443252
5536235,1.444411559,209.0,85.0,248.0,18.29587974,0.0,5.296175715,7.703528313,24.07352598,84.0,32.0,23.11058494,3.129558377,3.5,2,1.41921992468572,0.562206700807046
5536255,0.493576056,209.0,85.0,248.0,6.251963377,0.0,1.809778872,2.632405633,8.226267602,84.0,32.0,7.897216898,1.069414788,3.1999969482421875,2,2.135619619321,0.467148915437429
5536275,5.26412723,209.0,85.0,248.0,66.67894491,0.0,19.30179984,28.07534522,87.73545383,84.0,32.0,84.22603567,11.405609,2.899993896484375,3,1.30404251649727,0.526961143373901
5536290,4.06261803,204.2731231,129.8240198,241.6992478,65.81441208,0.0,17.87551933,26.00075539,81.25236059,84.0,27.36930341,78.00226617,13.8129013,2.70001220703125,4,1.30050844718683,0.51516016124127
5536340,4.09767907,204.2023037,130.262095,241.539179,66.38240093,0.0,18.02978791,26.22514605,81.95358139,84.0,27.3404616,78.67543814,13.93210884,3.699996948242188,2,1.29007691492201,0.632197021388866
5536500,0.642372105,198.0,180.0,236.0,10.06382964,0.0,2.462426401,3.318922541,10.70620174,84.0,43.0,10.17089166,2.462426401,3.800003051757813,3,1.36160127736191,0.891330738743885
5537500,6.63805787,217.1142895,181.9119492,251.4918846,66.3805787,0.0,20.86246759,30.34540741,91.9845162,83.89845723,56.30084864,90.08792824,20.86246759,5.899993896484375,2,1.56448458340801,0.464294135955036
5537980,6.952224903,216.6120642,180.3343706,251.1081588,69.52224903,0.0,21.8498497,31.78159956,96.33797366,83.81267097,58.45624712,94.35162369,21.8498497,2.8000030517578125,7,1.43737224968018,0.520161680349091
5539000,6.670677081,216.5378501,180.8988187,249.9330863,66.70677081,0.0,20.96498511,30.4945238,93.38947914,83.75938699,57.21512145,90.53061753,18.10612351,4.399993896484375,3,1.36874764458076,0.682971314575907
5539900,3.171186403,240.0,221.0,271.0,40.31936998,0.0,10.41961247,12.68474561,45.3026629,83.0,54.0,42.13147649,7.248426063,3.800003051757813,3,1.99383476889776,0.436164792007387
5540060,5.018998217,238.3125198,219.5535884,268.8303826,51.62398166,0.0,17.20799389,19.35899312,71.69997453,83.0,51.58931401,66.68097631,6.452997707,2.1999969482421875,2,1.67166130621398,0.448781997499424
5540095,5.206271928,236.2873642,217.5864733,266.1260601,54.29397868,0.0,17.85007518,20.08133458,74.37531326,82.96480713,49.53080843,69.16904133,5.950025061,3.79998779296875,3,1.91932439139014,0.500134779587916
5540130,6.610229807,233.2519928,213.6377499,261.6377977,68.9352537,0.0,22.66364505,25.49660068,94.43185438,82.75983244,50.05539178,87.82162458,7.554548351,3.699996948242188,3,1.71510587218108,0.518054753487237
5540160,3.317234345,225.0,177.0,251.0,31.84544971,0.0,7.297915558,9.951703034,33.17234345,82.0,82.0,30.85027941,2.98551091,4.8000030517578125,2,1.40369778631994,0.434806294430879
5540195,1.357444333,225.0,177.0,251.0,13.0314656,0.0,2.986377533,4.072332999,13.57444333,82.0,82.0,12.6242323,1.2216999,4.699996948242188,2,1.15875686673449,0.533546968916366
5540250,8.901598592,225.0,177.0,251.0,85.45534648,0.0,19.5835169,26.70479578,89.01598592,82.0,82.0,82.7848669,8.011438733,4.8000030517578125,3,1.16021101143486,0.513789483729363
5540275,5.390882687,229.0325895,199.391479,256.7467608,64.69059224,0.0,17.71290026,21.56353075,77.01260982,82.45842785,60.20966921,70.85160103,7.701260982,3.0,2,1.97837857746415,0.450126359428685
5540500,5.346757084,219.1985726,189.2361497,247.8916317,72.18122063,0.0,21.38702834,24.06040688,89.11261806,82.19887182,52.94664258,81.98360862,8.020135626,3.399993896484375,5,1.53682030002168,0.538562673523567
5541710,2.860740261,191.8989041,167.1967181,235.5876297,4.767900436,0.0,23.83950218,20.02518183,84.86862776,81.0,29.14793657,86.77578793,1.907160174,2.0,5,2.23436386653361,0.805636989621818
5542000,0.907798408,195.2742373,176.9486311,221.349995,1.815596816,16.56717571,20.87936338,24.51055702,11.8013793,78.62259918,9.488065909,79.8862599,5.446790448,1.1999969482421875,5,1.39377386122562,0.670127665050834
5548280,8.442166491,272.5943025,240.2719242,332.0088407,6.566129493,0.0,18.76036998,33.76866596,93.8018499,83.0,75.49319982,87.2357204,21.57442548,4.600006103515625,5,1.90957438810907,0.579105712987449
5550300,11.7629695,262.146748,231.3731231,310.1854401,20.58519662,138.4574562,18.6247017,35.28890849,91.1630136,82.56052124,84.49594765,90.18276614,29.40742374,2.9000167846679688,3,1.61907672245506,0.516816391840868
5550500,6.282011915,251.0,220.0,279.0,52.61184979,0.0,18.06078426,21.9870417,78.52514894,83.0,58.0,73.81364,5.496760426,4.8000030517578125,2,1.95884050260588,0.519278209048393
5551200,11.66192795,261.6872787,230.6955794,308.8697295,24.29568324,133.0213769,18.46471926,34.98578386,90.37994163,82.58248997,83.66335229,89.40811431,27.21116522,4.5999908447265625,3,1.42604875245862,0.568196728897673
5551330,3.184112338,254.0,213.0,317.0,13.05486059,0.0,7.323458378,8.597103313,31.84112338,83.0,60.0,29.61224474,3.184112338,4.5999908447265625,2,1.54888416162378,0.30720714007766
5551540,11.75309798,259.6415946,228.3249488,306.9166787,27.42389529,123.6058734,19.58849664,34.27986912,92.0659342,82.60213613,81.49384888,90.10708454,26.44447046,4.899993896484375,6,1.53299548200635,0.538686880433944
5551675,3.451511145,220.0,188.0,307.0,18.9833113,0.0,13.80604458,13.80604458,55.22417833,82.0,29.0,52.9231709,3.451511145,3.399993896484375,3,1.64225346388767,0.378101513638068
5551700,4.273933864,220.0,188.0,307.0,23.50663625,0.0,17.09573546,17.09573546,68.38294183,82.0,29.0,65.53365259,4.273933864,2.899993896484375,3,1.75400774428783,0.388509234292813
5552500,8.961183635,245.0038409,213.3630888,290.1868628,20.90942848,84.86465031,21.90511555,29.87061212,81.64633978,82.40251262,63.59245047,91.60321049,19.91374141,3.800018310546875,6,1.52918967771728,0.573458499017002
5554500,1.942849396,215.2344367,200.5528311,240.4498445,0.971424698,0.0,23.31419275,24.28561745,7.771397585,76.97484036,17.34694065,83.54252403,0.971424698,1.5999908447265625,5,1.99184696976475,0.666474079377428
5555300,1.948040677,209.9939328,192.7907265,234.8385734,0.974020338,0.0,24.35050846,23.37648812,3.896081354,77.54470994,16.47652367,84.73976944,0.974020338,1.6999969482421875,5,1.78573225586538,0.638947670925099
5556500,6.646787208,248.2998006,209.0610683,281.4454259,0.94954103,0.0,23.73852574,18.99082059,21.83944368,81.14641618,58.98201928,86.4082337,0.0,4.199981689453125,5,1.65804634368354,1.02475734248594
5560500,5.299670552,218.0,134.0,258.0,15.08367773,0.0,8.968673242,11.822342,0.0,80.0,117.0,36.28235993,2.038334828,4.5,3,1.84269215201824,0.993792416263673
5567500,4.451937844,231.3410823,209.206555,255.7507913,0.0,89.84224566,23.15007679,18.69813895,0.0,78.37994138,34.95513564,77.46371849,5.342325413,2.8000030517578125,5,1.491836299367,0.717071576259585
5568000,4.808703356,224.8531729,196.8699099,255.318554,0.961740671,76.63798803,24.04351678,21.15829477,0.0,78.60344582,47.88573018,84.63317907,4.808703356,3.0,5,1.67430055348068,0.769123369101318
5568800,6.576953313,228.0,191.0,264.0,0.822119164,0.0,20.5529791,17.26450245,0.0,81.0,57.0,73.99072477,0.0,5.8000030517578125,3,1.39850538394786,0.920527195348851
5569500,8.980767412,220.5320511,186.5932151,253.1695836,0.997863046,13.11645371,23.9487131,23.9487131,0.0,80.26693385,69.28074276,89.80767412,6.985041321,5.5,5,1.8186198324176,0.862197316370429
5570000,8.739365943,214.6406169,179.1257121,245.3877718,0.0,9.80929009,23.30497585,24.27601651,0.97104066,79.72230276,67.81786611,86.42261877,6.797284622,5.20001220703125,5,1.90432681962925,0.829384263957476
5570910,2.440176452,235.6039834,216.6651531,264.3686873,0.0,0.0,21.96158807,15.45445087,0.0,78.52484167,29.1994876,71.57850927,1.626784302,2.0,5,1.69641332115507,0.919348353130277
5572000,2.612813107,226.1809072,209.3597942,253.1361724,0.870937702,0.0,22.64438026,18.28969175,0.0,78.77717328,24.83014262,77.5134555,1.741875404,1.8000030517578125,5,2.65457243839791,0.808383288104724
5573540,2.982607193,219.6415405,202.4201367,242.1046014,2.982607193,1.329426139,25.84926234,22.86665515,0.0,78.74350742,25.81196296,88.48401339,2.982607193,1.6999969482421875,5,2.52447724203382,0.741847550247875
5576000,1.963426737,190.8097787,175.7626253,210.1667173,0.981713369,197.0594424,26.50626096,18.65255401,0.0,75.8299237,16.15676321,83.44563634,2.945140106,1.3000030517578125,5,2.32954537111678,0.668997236747734
5576500,1.997988309,200.0971629,184.1021015,220.4350875,2.996982463,81.82882193,25.97384801,21.9778714,0.0,76.90866071,21.40492283,85.91349727,3.995976617,1.5,6,1.82118327111445,0.685172222431035
5577500,3.366733971,188.4368457,170.3688647,199.2232495,19.35872033,0.0,19.35872033,21.88377081,0.0,75.78640381,24.55350104,71.54309687,4.208417463,2.100006103515625,3,1.5039390044869,0.532782777781479
5578500,2.978351672,229.6431639,213.4186474,254.4215373,0.0,145.5811948,25.81238116,20.84846171,0.0,79.0,31.63412863,88.35776628,6.949487235,1.899993896484375,5,1.47273632217714,0.852593242450891
5579500,1.955497606,191.8422506,175.0749985,223.5417317,0.0,0.0,26.39921768,18.57722726,0.0,77.17396684,25.31673624,84.08639706,0.0,1.4000091552734375,4,1.38218147986096,0.556328754092618
5579725,3.993224911,247.7036783,215.7489402,279.5678928,2.66214994,0.0,15.97289964,15.30736216,0.0,79.0,59.89710101,58.56729869,1.996612455,4.100006103515625,3,1.27997311072839,0.933545579371174
5580000,4.254339488,236.3154928,205.4326717,265.4927341,1.701735795,0.0,21.27169744,18.71909375,0.0,79.0,49.12592796,74.87637498,0.850867898,3.100006103515625,4,1.42109831346832,0.850307927842172
5580950,3.474529081,238.0,201.0,268.0,22.33625838,0.0,12.40903243,11.91267113,0.0,79.0,56.0,43.67979416,4.467251675,5.5999908447265625,3,1.17926083028669,0.583041067044253
5582000,3.881183455,206.2108151,183.9923503,239.2409145,1.940591728,97.41019281,24.25739659,21.346509,0.0,77.85744893,38.27693204,84.41574015,1.940591728,2.29998779296875,6,1.66574148190296,0.744676141531715
5584500,5.950275042,204.6154216,170.4674614,226.0960342,0.0,0.0,25.78452518,22.80938766,71.4033005,77.97910863,41.86410695,86.2789881,1.983425014,4.0,5,2.59599422335454,0.773663051382019
5585000,6.746457579,198.7994327,159.233632,222.2791142,0.0,0.0,23.1307117,24.09449136,57.82677925,78.1149188,57.99048865,83.84882992,11.56535585,4.8000030517578125,5,2.4586890105517,0.797923334112361
5587000,4.891040567,184.7136192,155.7413962,204.4457324,0.978208113,111.4274572,22.49878661,25.43341095,19.56416227,76.12331817,31.98150648,83.14768964,5.869248681,3.1999969482421875,5,1.8527848137653,0.861061314377955
5590800,0.0,206.999711,201.8573451,220.1436517,0.0,0.0,17.85157716,17.85157716,0.0,79.52367949,8.18958043,66.94341436,0.0,1.0,3,1.20405441098388,0.435964795473689
5590950,0.836086933,209.5601792,202.5752669,225.8218996,2.508260798,0.0,20.06608638,20.06608638,0.0,79.58908207,14.45486901,75.24782394,0.836086933,1.1999969482421875,4,1.23389740544397,0.489781532664987
5591200,0.902573396,207.9004406,200.8834594,222.760879,1.805146793,0.0,21.66176151,21.66176151,0.0,79.52599543,13.37179482,81.23160568,0.902573396,1.29998779296875,5,1.37756087048135,0.525857443915759
5591550,0.882110087,207.1731946,198.9718477,223.3674546,1.764220174,0.0,21.17064208,21.17064208,0.0,79.45802291,13.45301198,79.38990781,1.764220174,2.1999969482421875,3,1.3270089076926,0.697277422052022
5591700,0.0,210.1891075,200.2072617,227.3963692,0.0,0.0,20.20280868,21.88637607,0.0,79.0,12.17095323,74.91874884,0.0,1.1999969482421875,4,1.24805614825062,0.460705477094054
5592000,1.975308435,206.132554,193.1767957,224.0438025,0.987654218,41.71240833,23.70370122,24.69135544,0.0,79.12244221,20.27897612,87.90122537,2.962962653,1.4000091552734375,6,1.80424707536412,0.605592584259091
5592050,4.085230429,197.1187329,168.5593665,224.4124886,0.0,0.0,19.60910606,19.60910606,0.0,78.0,35.17502279,71.08300947,0.817046086,2.600006103515625,4,1.717278099672,0.756797246039588
5592100,2.915741684,203.068251,186.6292649,223.0222673,0.971913895,118.935823,23.32593347,24.29784737,0.0,78.88857882,25.57642797,86.50033663,3.887655579,1.600006103515625,6,2.00442082845763,0.635051854040907
5592500,3.909852049,197.2944836,177.2336979,220.0523223,0.977463012,170.6932219,23.45911229,24.43657531,0.0,78.30492159,32.28014621,86.01674508,5.864778074,2.0,6,1.55468469351767,0.677902121914794
5592575,2.496588379,178.0,148.0,191.0,0.0,0.0,11.48430654,12.98225957,0.0,77.0,24.0,43.93995546,9.986353515,2.6999969482421875,3,1.28366553480723,0.810028945669603
5593575,2.53561302,148.7614562,133.7762808,172.3881404,0.0,0.0,22.82051718,17.74929114,0.0,77.5970351,24.77628077,74.37798192,1.69040868,2.600006103515625,4,1.69190018058201,0.968664938386967
5593900,4.810720326,200.0,175.0,230.0,0.0,0.0,21.64824147,15.2339477,0.0,76.0,46.0,68.15187129,2.405360163,2.8000030517578125,3,2.09588365693562,0.883581120846603
5595730,5.46222232,154.4683518,133.9037951,175.5164543,0.0,0.0,24.58000044,19.11777812,0.0,78.56455679,34.56455679,82.84370518,5.46222232,4.3000030517578125,4,1.51669313608937,1.03210335516554
6036805,39.07855204,2482.0,2220.0,2678.0,0.0,0.0,6.796269921,46.7243557,10.19440488,75.0,247.0,76.45803661,79.00663783,24.5,3,1.43490352642598,0.529007587689013
6036905,42.70886868,2436.777818,2203.423112,2667.684305,0.0,0.0,7.945836034,53.63439323,1.986459009,74.17606709,249.0053851,86.41096687,90.38388489,22.900146484375,4,1.44716115692501,0.425261390676848
6037100,55.45702316,2405.964855,2183.746892,2727.139863,0.0,0.0,7.783441847,52.53823247,0.0,73.132292,319.8911381,80.75320917,92.42837194,29.699951171875,3,1.76827195260347,0.280321360543206
6037500,45.75431831,2409.098697,2184.314538,2679.456155,0.0,0.0,7.470092786,50.4231263,0.933761598,73.42132065,273.5082282,78.43597425,86.83982863,23.7001953125,4,1.78888544914539,0.377562026802291
6043500,145.6267734,2410.887542,1867.282323,3142.969963,0.0,0.0,9.773608956,52.77748836,46.91332299,77.23888671,581.5515608,91.87192418,91.87192418,94.5,6,1.32435272816068,0.74143282934513
6190540,92.77130915,2438.566989,2038.868373,3059.977179,0.0,0.0,9.56405249,50.6894782,0.0,73.51257023,421.7236362,82.25085141,86.07647241,46.60009765625,3,2.74695635624766,0.41602084004084
6191000,93.20562924,2436.62043,2036.920409,3057.776977,0.0,0.0,9.608827757,50.92678711,0.0,73.41694742,421.3706377,82.63591871,86.47944981,46.800048828125,3,2.80459786174559,0.415861184425222
6191500,115.775269,2548.196063,2144.958716,3096.144293,0.0,0.0,10.9786893,49.90313318,20.95931594,73.28347968,451.1478741,86.83145173,82.83920108,58.4000244140625,8,1.53330942396444,0.503976137719347
6195600,71.60368994,1817.078094,1519.140943,2588.190448,0.0,0.0,19.88991387,38.78533205,14.9174354,56.43982934,300.3986832,63.64772439,52.70827176,28.800048828125,5,2.07052860313825,0.961061888649252
6209500,158.1625517,2925.833854,2034.373006,3679.279428,0.0,0.0,9.936914245,40.57573317,51.3407236,84.49395266,866.1820456,94.40068533,60.44956166,129.199951171875,3,1.23922401727054,0.544651393578526
6289000,102.4659353,2397.128855,1581.504499,2963.36848,0.0,0.0,9.531714911,41.30409795,77.84233844,64.63488948,785.445427,53.21874159,63.54476607,96.199951171875,4,1.12710703571238,0.562313389367891
6307500,65.39627816,1614.349314,1285.289137,2099.704982,0.0,274.8809016,14.6409578,45.8750011,19.52127706,42.35063922,708.1623497,46.85106495,28.30585174,32.0,5,2.03176032690142,0.78297998696596
6309200,42.16551659,2333.0,1548.0,2691.0,0.0,0.0,9.475396986,18.47702412,17.52948442,44.0,916.0,23.21472262,40.74420704,40.0,4,1.26153222915946,0.872543339569365
6463500,11.33394643,780.8535074,715.1730328,837.6911681,0.0,0.0,15.11192857,46.28028125,0.0,45.41280538,144.364577,50.05826339,4.722477678,4.699951171875,4,1.80546119021133,0.304676154728054
6481000,7.94761612,536.9233083,505.8885732,579.2911687,0.0,0.0,18.87558829,41.72498463,0.0,54.52302604,62.72481068,61.59402493,12.9148762,4.0,5,1.986396602239,0.684514148901841
6600100,6.693577579,434.1994626,404.9148845,461.4647234,0.0,0.0,20.08073274,17.57064115,0.0,62.66075136,76.85953208,58.56880382,1.673394395,4.399993896484375,4,1.84857620696555,0.78970068654212
6600500,10.65118954,416.9660032,381.0676375,448.2729354,1.936579916,0.0,23.238959,21.30237908,0.0,60.37248963,120.9942259,65.84371716,2.904869875,6.100006103515625,5,1.6011504696347,0.661039578775676
6605850,5.926756041,436.3779145,411.0252024,463.284171,0.0,0.0,21.73143882,26.67040219,0.0,66.56795368,65.80300523,74.08445051,2.963378021,3.4000244140625,6,2.14345348605372,0.584882102771528
6606600,8.748679746,429.8839705,396.035722,460.4920021,0.0,0.0,21.3856616,24.30188818,0.0,65.71989054,92.61262789,71.93358903,2.916226582,4.399993896484375,6,2.23214319112724,0.703373092111624
6607200,15.93169625,409.9611078,370.6893416,450.6776756,0.0,0.0,22.49180647,20.61748926,9.371586028,66.91906427,141.8846977,71.22405381,1.874317206,8.79998779296875,5,1.49198281940494,0.966269790933936
6608500,26.61084403,399.2817382,350.3992447,443.4546865,0.0,0.0,23.65408359,22.66849677,2.956760448,65.37868936,189.8366623,73.91901121,2.956760448,14.5,5,1.29182809061325,0.955982677370756
6609500,21.95272725,398.903897,351.646838,447.039307,0.0,0.0,23.94842973,22.95057849,12.9720661,68.40061819,161.7732252,77.83239662,0.0,11.79998779296875,5,1.39076442439287,0.918021620651959
6775500,25.85720159,1064.249435,1011.520086,1139.305913,0.0,0.0,13.92310855,52.70891093,0.0,38.09820211,429.6192333,44.7528489,0.994507753,10.800048828125,3,1.28158641253249,0.0946954483746917
6784000,17.93650757,779.5951516,729.5832315,843.2600302,0.0,0.0,20.9259255,37.86596043,0.0,44.85957371,188.8752298,52.81305008,0.996472643,8.70001220703125,6,1.64292844692459,0.987684195925243
6786000,18.91197868,907.1490995,861.9931837,973.2680905,0.0,0.0,13.93514218,53.74983414,0.0,41.98392074,317.4199295,49.76836494,0.0,7.29998779296875,4,1.35539379361801,0.133201171812441
6794000,11.90148301,595.2961501,555.9417707,646.3261388,0.0,0.0,19.83580502,40.66340029,28.76191728,51.42150764,166.1217686,59.50741506,0.0,5.5,5,1.8433849534086,0.667042791720846
6794650,2.500451765,478.7767404,448.4437183,520.8883702,0.0,0.0,15.62782353,16.87804942,0.0,55.11116298,60.99906634,40.00722824,0.625112941,1.79998779296875,4,1.47392246487024,0.747656535266212
6799100,10.61149398,531.6064432,498.9353245,573.6102604,0.0,0.0,23.15235049,27.97575684,27.01107557,47.75013736,136.2426647,53.05746988,0.0,5.60003662109375,5,1.8864290303916,0.678975287820461
6799445,18.96135716,485.5109558,438.4294073,547.3136958,0.0,0.0,23.951188,28.94101883,16.96542483,54.39606513,155.0295397,62.87186849,0.0,9.899993896484377,6,1.40852429468851,0.833371855618475
6800000,14.49945444,464.4567378,422.0250049,515.7296067,0.0,0.0,21.74918166,23.56161346,0.0,58.93374174,158.932231,61.62268136,0.0,10.20001220703125,5,1.63598621581732,0.91377268283335
6803170,15.18254497,414.7771371,365.2337972,472.3962225,3.795636241,0.0,22.77381745,22.77381745,0.0,58.84632207,131.3117296,63.57690704,0.0,10.29998779296875,3,1.41752844187819,0.421149283665994
6803486,17.09230915,428.2013392,378.7470767,486.1379073,1.899145461,427.8492616,22.78974553,22.78974553,0.0,59.79581521,152.4363469,65.52051839,0.94957273,11.5,5,1.63999752756262,0.963795017653325
6803495,15.63543902,413.9608733,368.7518346,464.9347563,8.794934448,189.744749,23.45315853,23.45315853,0.0,59.82184255,134.6950602,67.42783077,2.931644816,9.800018310546877,5,1.70105478994802,0.618538517589117
6803500,15.65693101,413.9046439,368.7192291,464.8867993,8.807023691,190.1157442,23.48539651,23.48539651,0.0,59.82208712,134.6570416,67.52051497,2.935674564,9.800018310546877,5,1.74079328572624,0.618373893100772
6803510,14.26192588,381.0,343.0,437.0,5.348222206,0.0,21.39288882,20.50151846,0.0,60.0,159.0,61.50455537,1.782740735,10.100006103515623,3,1.30353199652312,0.659306487991984
6803513,15.94853203,410.4786058,366.3885764,461.8181762,8.97104927,185.8429775,23.92279805,23.92279805,0.0,59.83841924,135.0234151,68.7780444,2.990349757,9.600006103515623,5,1.94904870334289,0.608694430135485
6803520,12.64730905,389.0,342.0,443.0,6.323654524,0.0,21.68110123,20.77772201,0.0,62.0,135.0,64.13992446,2.710137653,9.399993896484377,2,1.66209936198469,0.369927962847844
6803530,12.94976085,386.4965893,346.6229292,448.8707367,0.0,0.0,20.71961736,18.99298258,0.0,61.37512181,138.3712239,61.29553469,0.0,9.399993896484377,5,1.58333439259702,1.22108160950044
6803555,13.97525222,401.3771198,358.9466544,453.6782557,6.521784368,156.9239941,22.36040355,21.42872007,0.0,60.37678482,132.1732004,65.21784368,2.795050444,9.20001220703125,6,1.86703621648655,0.658433884437083
6804000,14.88957033,409.7021553,359.9843645,474.1499912,0.0,0.0,23.82331253,21.83803649,0.0,62.51869522,126.3515352,70.47729957,0.0,8.9000244140625,5,2.12750309860935,1.06037610967032
6804700,10.98968458,390.484461,347.6573761,447.3049444,0.0,0.0,23.97749364,21.97936917,0.0,62.73116888,99.36303961,71.93248092,0.999062235,5.5,5,2.00154172454726,0.955731607836631
6807410,19.62151391,405.9216869,369.2882157,448.1613886,0.0,0.0,24.29330293,18.6871561,23.35894513,70.16569571,151.0833337,73.81426661,0.0,11.5,5,1.23561194238408,0.877769145729402
6808500,19.42670456,378.2785953,338.4630704,420.4287281,0.0,0.0,25.25471592,19.42670456,12.62735796,69.71418111,157.5799029,76.735483,0.0,11.399993896484377,5,1.23371196102399,0.856197685159933
6809210,20.90233255,406.0176064,364.6967357,450.7075302,0.0,0.0,24.88372922,21.89768171,20.90233255,70.99951194,162.5014502,79.62793351,0.0,12.20001220703125,5,1.35490557743582,0.967858968795405
6809500,20.34054935,393.3163395,352.702982,438.1260898,0.0,0.0,24.2149397,21.30914694,19.37195176,70.71323529,155.5936626,77.48780705,0.0,12.29998779296875,5,1.31862932265019,0.952019670161397
6810000,19.833823,373.4146871,334.1437415,416.4600556,0.0,0.0,25.7839699,19.833823,13.8836761,70.05934429,155.9533017,78.34360086,0.0,11.20001220703125,6,1.20664190088677,0.871187477864214
6813000,16.59753178,332.6068686,292.0957408,370.2852631,0.0,0.0,23.05212748,18.44170198,0.0,70.50436451,161.9647941,73.76680793,0.922085099,11.20001220703125,4,1.07564752594196,0.642189556858648
6814000,16.1687998,398.3348605,340.1193364,462.1035241,0.0,0.0,23.77764677,22.8265409,0.0,64.28811954,123.5378019,69.43072856,0.0,11.899993896484377,4,1.91782614901579,0.621278855071124
6815000,15.93224114,371.5083502,321.6983357,425.2321709,0.0,0.0,24.89412678,22.90259664,3.983060284,64.78693169,136.0134445,73.68661526,0.0,10.5,5,2.12684014155966,0.622457890268098
6817000,19.13532456,372.8982215,329.9835067,413.2662174,0.0,0.0,23.9191557,20.09209079,0.956766228,71.75322558,136.6668847,77.49806446,0.0,12.70001220703125,5,1.39701686822439,1.02396392403234
6817700,18.67277463,356.514885,315.2187217,395.462722,0.0,48.06341187,24.56944031,20.63832986,9.827776123,71.74795643,134.7550694,79.60498659,0.982777612,11.800018310546877,6,1.31788421061389,0.906870035830869
6819185,11.99047997,370.9657979,339.4122435,396.1116114,0.0,0.0,19.48452996,15.73750497,17.23631496,73.70387047,93.73356999,62.20061486,0.749404998,10.100006103515623,3,1.16293222713573,0.86739637149741
6820410,14.03010044,328.0,280.0,365.0,1.870680058,0.0,24.31884076,18.70680058,31.80156099,72.0,138.0,75.76254237,0.935340029,10.0999755859375,5,1.29854040735807,0.713072996955839
6820500,14.5086897,338.7792535,303.0882107,371.3320818,0.96724598,0.0,24.18114949,21.27941155,20.31216557,72.99207553,119.9568825,79.31417034,2.901737939,9.600006103515623,5,1.27363147075918,0.653280854112964
6821080,6.086822006,309.8914649,283.832757,325.7918108,0.0,0.0,15.21705501,13.99969061,1.826046602,75.0,81.27577805,51.73798705,1.826046602,6.100006103515625,3,1.56311794042864,0.544581806126447
6821150,10.39769373,298.2622078,267.5299453,324.971262,1.732948955,255.8920918,21.66186194,20.79538746,0.866474477,74.91430942,108.0069605,73.65033058,3.46589791,7.600006103515625,4,1.64511851410774,0.638048271871009
6821190,14.63123753,326.5508133,291.0999476,359.1774313,0.975415835,79.92975495,24.38539589,22.43456422,15.60665337,73.28424245,118.5717291,80.95951434,2.926247506,9.300018310546877,5,1.40725505294229,0.652235631665823
6827000,9.909928228,1361.176629,1283.411848,1436.603705,0.0,40.32432113,21.8018421,39.63971291,0.0,28.20618916,482.9331005,33.69375598,0.0,5.7999267578125,4,1.26445861028787,0.51232536633597
6834000,6.977230817,1110.332713,1056.347583,1169.433916,0.0,103.7438996,18.93819793,43.85687942,0.0,31.38511111,258.3837993,37.87639586,0.0,3.0999755859375,4,1.76596489949121,0.433304830408528
6835500,6.989460249,1070.335808,1017.947614,1122.972006,0.0,62.79005474,18.9713921,43.93375014,0.0,32.06139098,248.5152696,38.94127853,0.0,3.0999755859375,5,1.70175523879123,0.372930315133541
6836500,14.49624018,897.5536305,832.4039633,958.567296,0.0,0.0,18.12030023,38.95864549,0.0,37.24597762,345.833568,40.77067551,0.0,11.699951171875,4,1.90910173334407,0.840034617911539
6838000,14.96828526,918.587277,864.2500143,974.3131365,0.0,522.8344309,18.959828,43.90697011,0.0,35.93819231,337.7378675,42.90908442,0.0,8.39996337890625,4,1.45097493473678,0.514218072436402
6845110,10.79412685,932.644161,882.0184578,978.4507747,0.0,0.0,20.60696945,41.21393889,0.0,35.3704767,226.4124274,41.21393889,0.0,7.0999755859375,5,1.97458715381897,0.779296488205045
6846500,10.82784455,1064.494232,1008.868868,1113.595535,0.0,0.0,19.6869901,41.34267921,0.0,33.06972001,266.7001252,39.3739802,0.0,5.9000244140625,5,1.8400951389685,0.597897588622406
6847900,9.708853311,861.3568036,812.9309913,904.7718886,0.0,0.0,20.38859195,40.77718391,0.0,36.20231291,185.1309291,41.74806924,0.0,6.70001220703125,4,1.78698173272384,0.926307847737386
6848500,11.65808573,799.9625853,754.5486861,842.4518956,0.0,1270.78265,21.37315717,38.86028577,19.43014288,37.87043066,218.7383724,43.71782149,0.971507144,7.79998779296875,5,1.69735179862019,0.996903440539652
6853800,10.94824582,566.1419695,527.895478,603.0929341,0.0,0.0,17.98640384,28.93464966,45.35701838,50.45855085,181.8455552,46.13903594,0.0,8.0,4,2.32718908796793,1.1988289270922
6860000,9.814521999,1107.456903,1043.201409,1172.082281,0.0,0.0,18.6475918,44.165349,3.9258088,29.37207694,281.0342189,34.350827,0.0,5.7000732421875,6,1.59900494470641,0.612138593499003
6863500,7.83848053,747.8670377,709.6096426,787.3992511,0.979810066,0.0,19.59620132,42.13183285,78.3848053,38.09665431,308.4992892,44.09145298,0.0,5.89996337890625,5,1.88102621454981,1.06920478214485
6866900,8.603912994,857.6397231,804.3079527,907.4082762,0.0,0.0,19.11980665,40.15159397,55.44743929,35.46877038,207.0919558,40.15159397,0.0,6.20001220703125,4,1.85810327819357,0.89144329490623
6867000,12.79901957,742.8143925,686.6984829,793.7630261,0.0,0.0,20.67533931,39.38159869,47.25791842,38.04862506,273.2728957,44.30429852,0.0,7.5999755859375,5,1.90850375411351,1.0243438152636
6868200,13.86298361,700.5311369,643.119451,752.3554479,0.0,129.6092301,20.79447541,39.6085246,41.58895083,39.50903415,282.6871252,46.5400164,0.0,8.0,5,1.88476036726706,1.05410301914706
6869500,13.70362756,632.9038709,577.6250248,690.7840807,0.0,431.8018374,21.53427188,37.19556051,28.38608565,41.84249826,260.3051144,47.96269645,0.0,7.9000244140625,6,2.02994080179843,1.11577903359978
6869950,13.58754717,440.0687988,393.4995154,510.8523785,0.0,0.0,22.32239893,30.0867116,0.0,50.92514684,178.5987863,57.26180595,0.0,7.5,6,1.50849229416506,1.17155154277935
6871000,12.35801042,756.28201,703.5187465,806.6850872,0.0,0.0,19.9629399,38.02464743,24.71602083,37.66884812,238.3927284,42.77772836,0.0,8.0999755859375,5,1.7397474960834,1.090794948705
6871500,9.597821089,749.6369579,707.8074078,791.1632415,0.0,0.0,20.15542429,38.39128436,42.23041279,38.01225439,317.4414767,43.1901949,0.0,5.800048828125,4,1.86463875602743,1.0592961517803
6872500,12.80768776,671.3397351,617.1308263,728.8031658,0.0,53.94375244,21.67454852,38.42306328,47.28992404,40.13715691,230.5719714,46.30471729,0.0,7.5,6,1.7478189710063,1.20111531727592
6873000,10.67561844,800.0675352,743.0133102,852.1791808,0.0,0.0,20.38072611,38.82043069,24.26276918,35.89297782,233.2570005,41.73196299,0.0,7.39996337890625,5,1.6757965231814,0.969964414235492
6873460,11.65872831,735.2962909,676.8356268,790.4369237,0.0,1062.771716,21.37433523,37.89086699,40.80554907,37.56640704,250.2996737,43.72023115,0.0,7.5,5,1.66014963574529,1.04251564003113
6874000,11.82949911,698.0408939,638.6190208,755.1131949,0.0,1304.282526,21.68741503,38.4458721,45.34641325,38.78303511,249.472409,45.34641325,0.0,7.5999755859375,5,1.6623892606293,1.07635173803289
6876700,14.7443748,448.9213186,403.2673177,513.6091762,0.0,0.0,21.62508305,32.43762457,0.0,48.596147,214.1310259,55.04566594,1.965916641,7.9000244140625,5,2.13499419795437,1.15966707116908
6878000,10.97513944,402.6725885,364.6839769,448.3109401,0.0,0.0,20.12108897,29.2670385,3.658379812,56.67809304,155.0480611,60.3632669,0.0,7.29998779296875,4,1.71699784102089,1.21348646728188
6879650,1.211016072,401.0,313.0,459.0,0.0,0.0,1.211016072,1.362393081,5.045900302,66.0,256.0,3.784425226,0.0,24.39999389648437,2,1.21482672008291,0.909758831964542
6880800,3.959579893,525.3664074,495.6549822,547.3024673,0.989894973,0.0,26.72716428,23.75747936,37.61600899,53.94440875,56.2184498,62.36338332,17.81810952,2.5999755859375,5,2.39249486063173,0.837520565880707
6881000,4.952080428,507.3552463,479.3842771,528.2607563,0.990416086,0.0,25.75081823,24.76040214,24.76040214,55.26356984,67.38285335,63.38662948,12.87540911,2.79998779296875,6,2.29938902046319,0.833735155534732
6883000,5.721586797,606.3340778,568.2796406,636.8147304,0.0,0.0,25.74714059,26.70073839,80.10221516,50.65462163,65.11445421,56.26227018,8.582380196,3.5999755859375,5,2.20520423565837,0.99698986181418
6884000,5.944255263,543.661119,508.0365717,572.0917458,0.0,0.0,25.75843947,26.74914868,42.60049605,53.41602415,75.78837096,61.42397105,5.944255263,3.5,6,1.74776989785361,1.02691685979643
6884025,6.853496846,530.5533712,494.5916853,560.5801948,0.0,0.0,25.45584543,27.41398738,35.24655521,54.11570594,86.48582734,61.68147161,4.89535489,3.9000244140625,6,1.75002164689583,1.04939769552342
6884200,11.31174758,452.1594014,413.2793624,489.0709307,0.0,0.0,22.62349516,25.45143206,0.0,58.0,148.3839136,63.15725732,0.0,7.399993896484375,5,1.98812573919777,1.23190550008509
6884400,7.879115018,513.6160006,476.8424489,546.166751,0.0,0.0,24.62223443,27.57690256,32.50134945,54.82811287,98.31693067,62.04803076,3.939557509,4.5,6,1.72612912538056,1.04718009325367
6885500,13.19945228,399.561993,354.616466,444.7244501,0.0,0.0,23.5704505,20.74199644,21.68481446,64.73520782,123.7365351,69.76853347,0.0,9.100006103515623,4,1.66018341895624,0.503758788712438
6888000,16.2037463,383.4357366,329.0484105,449.0256528,0.0,0.0,20.46789006,22.17354756,34.1131501,67.37569752,156.1882592,65.66781394,0.0,11.70001220703125,4,1.72019978200819,0.791652239522038
6888500,20.44915684,401.5171106,330.1994476,470.265017,0.0,0.0,21.33825062,24.89462572,52.45653277,66.89903031,230.2205851,68.46022073,0.0,14.0999755859375,5,1.58837782089207,1.10193649640409
6889200,11.76083633,360.9547531,311.4388413,411.9362815,0.0,0.0,18.81733813,21.1695054,41.55495505,68.86245245,158.5712693,61.15634894,0.0,9.5,4,1.51717228701826,1.08192140276964
6889500,13.60834288,344.8478917,295.4254294,400.1211546,1.814445717,0.0,21.7733486,24.49501718,33.56724577,68.78351958,144.7612653,70.76338296,0.0,9.0,5,1.57375942076402,1.05190866146697
6890100,13.64893107,351.842329,307.1390485,388.3393235,0.0,0.0,24.37309119,21.44832025,19.49847295,69.83484074,123.5391057,77.01896817,0.0,9.399993896484377,5,1.42443059989313,0.991442314912564
6890900,10.98769545,759.6083838,707.4411752,813.1380731,0.0,310.7316283,21.97539091,36.95861198,18.97874669,43.08035405,235.9947678,50.94295164,1.99776281,9.800018310546877,6,1.34689356914314,0.961815857468674
6891260,10.20060332,339.4880913,298.8677356,385.8826883,0.0,0.0,17.48674855,19.67259211,48.0885585,70.39406216,105.1780785,57.5605473,0.728614523,8.20001220703125,4,1.67411794959603,1.14293808383796
6891500,15.22258489,321.8690135,278.2713769,369.2030576,2.854234668,74.75530454,22.83387734,24.73670045,49.47340091,71.31374767,129.8916045,77.06433603,0.951411556,9.4000244140625,5,1.3503285151117,1.02694068519128
6892360,10.73050179,297.0,245.0,333.0,7.153667858,0.0,21.46100358,23.24942054,10.73050179,75.0,88.0,76.00772099,1.788416965,7.4000244140625,3,1.5222620376752,0.970948984269942
6892495,16.29816684,307.0,238.0,342.0,21.09174532,0.0,24.92660811,23.00917672,19.17431393,75.0,124.0,82.4495499,5.752294179,9.899993896484377,3,1.63126451133928,0.86492429220173
6892513,17.85382365,298.0,233.0,332.0,59.19952053,0.0,24.43154815,22.5521983,0.0,76.0,163.0,81.75171882,9.39674929,11.79998779296875,3,1.32586457002033,0.794649470148218
6893080,9.025854498,319.0,272.0,346.0,6.942964998,0.0,18.7460055,15.9688195,63.18098149,77.0,90.0,61.09809199,0.6942965,8.20001220703125,4,1.59049017020997,0.872456497750615
6893100,9.231128347,318.3877025,271.1093854,345.8051781,14.76980535,0.0,16.61603102,13.53898824,54.15595297,77.0,91.78122915,53.54054441,0.615408556,8.899993896484375,4,1.58472886477196,0.893839479570399
6893150,12.82793301,312.3883388,262.3830382,343.8962896,20.52469282,0.0,23.09027942,18.81430175,75.25720699,77.0,109.2339236,74.40201146,0.855195534,9.29998779296875,4,1.71535279650066,0.910580977980776
6893300,5.460676895,303.0,244.0,335.0,33.44664598,0.0,8.873599955,8.191015343,0.682584612,77.0,123.0,29.69243062,6.143261507,10.0,3,1.41970919953667,0.799477470080913
6893390,13.50503689,303.0,244.0,335.0,82.71835097,0.0,21.94568495,20.25755534,1.688129612,77.0,123.0,73.43363811,15.1931665,10.29998779296875,4,1.5556049025261,0.812025481997428
6893500,13.07075724,307.1263265,252.8602306,339.8052044,49.97642473,0.0,19.99056989,18.45283375,46.13208437,77.0,118.995232,66.89152233,5.38207651,10.0,5,1.79242782997389,0.842679569505681
6893557,13.87012654,305.9082838,251.8304954,339.412849,53.03283676,0.0,21.2131347,19.58135511,48.95338778,77.0,122.4548191,70.98241228,5.711228574,11.899993896484377,2,1.20869543456196,0.485353160289507
6893578,16.1878953,300.5182777,247.2484602,337.8452169,62.05359863,0.0,23.38251543,21.58386039,57.55696105,76.9465443,136.1899888,78.24149393,5.395965099,10.899993896484377,5,1.88244723448331,0.776960526919952
6893620,15.91119567,301.0491627,247.7050691,337.9642938,60.99291674,0.0,22.98283819,21.21492756,56.57314017,76.96301005,135.1669509,76.90411241,5.303731891,15.800003051757812,2,1.18881356118581,0.746322638233753
6893890,14.09958996,284.0,234.0,323.0,39.81060696,2720.0,19.90530348,22.39346641,0.0,77.0,123.0,72.15672511,6.63510116,11.100006103515623,3,1.58819503063909,0.833448574480488
6893970,13.75114078,288.7329458,238.378183,330.7339095,31.12100281,1419.729954,18.09360629,18.81735054,15.92237353,76.9485241,145.8205931,62.96574988,5.789954012,15.800018310546877,2,1.18298045254058,0.727266639759301
6894000,15.58860798,285.2304429,235.8598604,329.35167,35.27948122,1352.852093,20.51132629,21.33177934,18.04996713,76.83678917,148.9044937,71.37941548,6.563624412,11.899993896484377,4,1.53564179262514,0.884669953888964
6894200,10.65139572,278.0,233.0,321.0,5.680744384,0.0,17.7523262,17.7523262,39.05511764,76.0,125.0,61.06800213,3.55046524,10.500007629394531,3,1.47813809297257,0.927877235634949
6895000,15.05948976,289.6098201,243.7248418,329.3776849,0.0,0.0,21.26045613,23.91801315,36.31994589,77.0,135.806458,76.18330114,6.200966372,10.699981689453123,4,2.30674833263584,0.805366715545756
6896000,11.50822028,240.8266019,208.6907765,294.026519,0.0,0.0,20.36069741,23.01644055,0.0,76.07243478,97.98147244,75.24605565,3.540990854,7.100006103515625,5,1.24929684655444,1.11819488703479
6897000,13.97718635,318.0,260.0,354.0,0.0,0.0,22.36349816,25.15893543,0.0,76.0,125.0,79.20405597,0.0,9.79998779296875,4,1.50976414790148,0.795330417231741
6897500,16.88718549,309.511489,268.4585663,346.8138921,0.0,0.910052366,23.84073245,25.82746016,14.90045778,73.81627221,128.164031,82.44919973,4.966819261,10.70001220703125,6,1.72696289357108,0.592401337875405
6898000,19.23501419,352.8514986,306.9716108,388.2546903,0.0,239.2811432,23.08201702,24.04376773,30.7760227,74.5994559,127.9455161,80.78705958,1.923501419,13.0,5,1.88491150283056,1.02092947730433
6899500,17.7321856,318.8171026,276.5694069,354.4021796,0.0,195.7521,22.65779271,26.5982784,14.77682134,75.29996015,126.5853467,83.7353209,2.955364267,11.600006103515623,6,1.62288632504469,0.987215943151094
6899700,13.4934926,280.6709321,242.9581771,314.7097583,0.9638209,0.0,23.1317016,25.0593434,73.25038841,75.04093744,109.3010642,80.96095561,5.782925401,9.600006103515623,5,2.16496714498906,0.712489532312172
6900050,15.01935702,297.3936938,259.833711,328.7821585,0.0,0.0,18.55332337,25.62125609,0.0,80.77278736,116.4665374,79.51424302,1.766983178,11.0,4,1.28721681425018,0.964863382927095
6901500,16.10282321,285.9843101,243.8320774,321.142613,0.0,0.0,19.68122837,25.94343739,0.0,82.74763233,122.2343697,84.98712249,7.156810315,11.800018310546877,6,1.50723084747617,0.87264697672055
6903400,12.89961909,315.0,281.0,334.0,0.0,0.0,22.82240301,25.79923819,78.38999295,78.0,69.0,87.32049847,0.0,8.899993896484375,4,2.54588892812479,0.781380072178829
6903700,9.962294686,318.5780476,281.7335555,336.9577411,0.0,0.0,16.36662698,18.50140442,29.17529158,78.44395361,77.853896,62.62013803,1.423184955,9.899993896484377,4,1.88128277535799,0.831454728805702
6903900,12.23497579,311.5096113,280.2622585,332.5058867,0.0,114.6950899,20.70534364,25.41110356,38.58723133,78.31244652,82.76976716,82.82137457,4.705759919,9.399993896484377,5,2.1095263043147,0.81342654442122
6904500,15.959118,296.8041775,259.8206507,323.2084657,0.0,353.9227512,20.94634238,28.92590138,16.95656288,77.82576875,101.9454532,87.77514902,14.96167313,10.300018310546877,6,2.13633640873822,0.904325796429816
6905500,16.72480135,286.1971599,248.9298936,317.0301763,0.0,367.1823775,20.66004873,28.53054348,11.80574213,78.46898511,105.6563174,86.57544229,20.66004873,10.400009155273438,7,1.95540199371747,0.945960260737502
6906000,13.5904344,269.0337228,230.3630821,304.3163486,0.0,0.0,16.78818367,25.58199416,0.799437318,82.11162027,135.4798944,73.54823322,15.98874635,11.100006103515623,4,1.53142914408202,1.00167982453526
6906150,8.338874456,278.0291772,244.5721276,299.9432765,0.0,419.3430612,14.5930303,19.45737373,0.0,78.22852483,86.14262414,61.15174601,11.81340548,5.800018310546875,3,1.18863932161707,0.754748271127621
6906200,11.13270565,275.5133233,241.6692192,298.2015315,0.0,774.4655166,19.48223488,25.97631318,0.0,78.42205205,87.11026026,81.63984141,15.771333,7.600006103515625,4,1.30762324044268,0.779852779032819
6906800,14.04535026,279.9681891,227.732302,327.5898404,0.877834391,0.0,21.94585978,21.06802539,87.78343912,80.23319399,131.7259621,79.00509521,34.23554126,8.79998779296875,5,2.263889525337,1.06410659669921
6907700,11.80229116,256.4294421,218.5809444,301.5923816,0.907868551,0.0,22.69671377,21.78884522,0.0,78.87515607,95.8727069,80.80030104,11.80229116,8.399993896484375,6,1.36262725551893,1.04572635404772
6908000,12.66218628,244.9351462,210.9285798,283.7919445,0.974014329,0.0,25.32437255,22.40232957,17.53225792,78.4813392,91.19289509,85.71326095,8.766128961,8.099990844726562,9,1.72164793540885,1.06147306257155
6910230,10.55550534,246.0,178.0,293.0,25.63479868,0.0,18.09515201,21.11101068,74.64250205,77.0,94.0,65.59492604,6.785682004,8.9000244140625,4,1.5311976024729,0.898143291492789
6910750,18.29687573,255.1544479,206.9310789,302.383547,0.962993459,0.0,24.07483648,23.11184302,96.29934593,77.43635023,153.9724518,82.8174375,23.11184302,10.699996948242188,5,2.22711308640533,1.07582950745883
6910800,11.66186554,389.3988558,343.83045,448.6204424,0.0,0.0,23.32373107,27.21101959,66.08390471,68.0,113.4836308,75.80212599,0.0,7.399993896484375,5,1.91306689011682,1.18479104573959
6911000,10.29393782,366.6468634,324.8290771,422.9350286,0.0,216.1576343,22.45950069,25.26693828,45.85481391,68.41010253,95.50527542,73.92918978,0.935812529,6.70001220703125,5,1.98077371820883,1.10974315924127
6911490,8.158801726,343.1618837,307.0677851,380.7942605,0.0,0.0,17.80102195,20.76785894,48.95281035,69.27352465,98.20573954,58.59503058,0.0,6.20001220703125,3,1.67273490352175,1.14201413068709
6911900,10.59915128,368.8383053,323.2068673,447.4309027,0.0,0.0,20.31503996,24.731353,65.36143292,69.0,92.35772567,69.77774595,0.0,7.899993896484375,5,1.79994857045542,1.14475083712869
6912500,11.33641768,347.3825143,307.2773806,399.0657207,0.0,146.5168368,22.67283536,25.50693978,65.18440167,69.50753268,91.7462204,74.63141641,0.944701474,7.29998779296875,5,1.66945534030226,1.07996398089927
6913000,11.46401708,348.5679921,308.038182,396.241497,0.0,275.4472956,22.92803417,25.79403844,47.76673785,69.42578924,97.25565509,75.4714458,0.955334757,7.100006103515625,6,2.30919722719756,1.072925096631
6913500,10.73128664,342.6705183,302.7360681,389.9679158,0.0,298.9160451,23.4137163,26.34043083,41.94957503,69.90742271,97.47603808,78.04572099,0.975571512,7.100006103515625,6,2.37849101947002,1.08151510992612
6914950,3.094124511,312.0,278.0,342.0,0.618824902,0.0,7.425898828,7.735311279,22.27769648,75.0,83.0,26.6094708,0.0,5.300018310546875,3,1.37715855651403,0.948029658648839
6914990,2.137571123,314.0,278.0,340.0,0.890654635,0.0,4.453273173,4.275142246,17.81309269,76.0,98.0,15.31925972,1.781309269,4.9000244140625,3,1.22127143837673,0.901178525518365
6915000,10.78482715,311.4291288,277.269837,340.8184801,2.941316496,143.0389238,24.5109708,24.5109708,78.43510656,75.29869475,89.45186123,84.31773955,2.941316496,6.79998779296875,4,1.48063652467186,0.965019789289003
6915800,10.93439559,323.1702651,285.7143482,367.5653266,0.0,227.7962303,24.85089907,25.84493503,38.76740255,72.56347858,95.28956689,81.51094894,0.994035963,6.70001220703125,6,2.72847698122492,1.09600060339252
6916600,11.92901331,318.0898766,279.9103798,363.2135002,0.0,239.4122919,24.85211107,25.84619551,42.74563104,73.26771697,97.03313791,82.50900875,1.988168886,6.70001220703125,6,2.53804186452705,1.08652727210293
6917000,10.37167497,303.0890984,267.0917701,342.3419493,0.0,0.0,23.57198856,22.62910902,63.17292935,77.60376338,93.85364437,82.0305202,4.714397713,6.800018310546875,4,1.84595670579236,0.922520961853599
6917060,9.701518219,284.6410161,253.8150411,321.3229915,0.0,0.0,24.25379555,23.28364372,44.62698381,77.76394719,78.65750706,84.4032085,4.850759109,6.0,4,1.85107577363457,0.815060832496948
6917500,8.479574471,290.2680184,254.2738995,330.6131177,0.847957447,0.0,21.19893618,20.35097873,66.98863832,77.9792619,78.3088156,74.62025535,0.847957447,6.399993896484375,4,2.30059992041192,0.519086737707629
6917560,9.428482927,287.0199256,252.3337924,327.5316069,0.942848293,0.0,23.57120732,22.62835902,74.48501512,77.98134939,77.47245176,82.97064975,0.942848293,6.29998779296875,4,1.89467117043518,0.502965832818682
6917630,0.508241706,278.0,249.0,314.0,0.0,0.0,1.524725119,1.524725119,0.0,80.0,38.0,5.717719196,0.0,4.899993896484375,1,1.90940202653634,0.953254386872134
6918060,7.479048899,276.5967809,246.0894085,313.666081,0.934881112,0.0,22.4371467,22.4371467,38.33012561,78.71083581,62.58680041,82.26953789,3.739524449,5.5,5,1.83148768656974,0.433164842552001
6918440,15.57793126,352.6901903,297.6461873,398.5061428,0.916348898,0.0,21.99237355,34.82125812,91.63488979,80.67321462,114.2662043,82.47140081,2.749046694,9.899993896484377,4,1.74954256492393,0.832391329196215
6918460,18.40795893,354.7551318,296.0587382,413.1173252,0.0,0.0,22.08955072,34.05472403,92.03979466,81.18757923,127.1680164,83.75621314,5.52238768,12.20001220703125,5,1.73475634042705,0.937943644984426
6918493,3.338921333,402.0,334.0,462.0,2.921556166,527.0,5.008381999,7.929938165,20.86825833,82.0,107.0,19.19879766,1.669460666,8.300018310546875,3,1.25531341168253,1.02132403970912
6918740,17.6580216,366.1401714,301.960732,419.632349,4.204290856,267.9446563,20.18059611,31.95261051,84.08581713,81.06751495,141.2089497,75.67723542,12.61287257,12.199981689453123,5,1.77775551112676,0.931675281106885
6919020,18.37318418,336.2494737,283.4147225,388.7979467,0.967009694,77.77662578,23.20823265,34.81234897,96.70096937,80.33981678,131.8183954,87.03087243,14.5051454,11.29998779296875,6,1.73666161328895,0.867456127019857
6919500,12.49073961,292.9521662,257.373676,325.1587748,0.0,0.0,22.09900084,36.5113927,84.55269888,79.82737404,99.6103757,85.513525,17.29487023,8.0,5,1.89825987407281,0.707180687921722
6919900,17.8231716,322.6805024,274.4438867,370.7517443,0.9901762,119.63573,22.7740526,36.63651941,96.04709142,80.09558375,125.3246179,89.11585802,17.8231716,10.399993896484377,6,1.76784622060814,0.838420573234113
6921070,16.65646555,365.0789707,310.322406,428.2874663,1.753312163,0.0,21.91640204,32.43627501,87.66560815,80.74128179,132.3245833,78.89904733,9.643216896,11.699981689453123,5,1.60543654154914,1.0321580833752
6921200,15.30794959,331.4727711,285.9942607,382.4727711,0.0,0.0,23.91867123,35.39963342,95.67468492,80.5214896,135.0,85.15046957,15.30794959,10.100006103515623,4,1.57591605150835,1.000247204045
6921350,18.48996224,337.4819352,288.2699521,396.6513775,0.924498112,0.844793929,22.18795469,34.20643015,92.44981122,80.21065907,140.3106944,82.28033199,25.88594714,11.399993896484377,5,1.86457485463038,0.949780728971471
6921590,10.97074055,290.4799129,252.7027003,338.8929966,2.742685137,0.0,24.68416623,21.02725271,11.88496893,76.91023968,84.54688342,79.53786896,8.22805541,7.199981689453125,5,1.49047060596168,1.01497135057373
6921720,10.61695644,276.374432,244.5400049,313.4917734,2.895533575,89.68241892,25.09462431,23.1642686,0.0,77.3882867,75.16966292,83.97047367,4.825889291,6.70001220703125,5,1.70018873302574,1.01210194268271
6923250,19.9748928,372.9797635,313.3192964,431.6789386,0.907949673,0.0,22.69874182,34.50208757,90.79496729,80.91764133,151.2784549,81.71547056,49.93723201,12.70001220703125,5,1.70218675828448,1.10376738907051
6923940,23.73997704,362.4233648,295.1062361,421.7629778,0.0,0.0,23.73997704,36.08476509,94.95990814,80.47899517,160.2958463,85.46391733,62.67353937,14.100006103515623,6,3.90844223632488,1.12721836013648
6923950,25.95072411,354.6559561,285.9868306,414.2437189,0.0,0.0,23.17028938,35.21883986,92.68115752,80.28543043,168.7558108,82.48623019,65.80362184,15.0,6,3.43803887600745,1.12708036938358
6927000,27.25818435,267.2481047,195.6748863,340.3461923,0.0,0.0,21.10311046,32.53396197,87.92962693,77.21669074,212.3858402,75.61947916,56.27496124,17.100006103515625,4,1.66565745453153,0.730748855490498
6928000,26.73347755,393.5146591,323.9449795,461.8215848,0.0,0.0,24.75321995,37.62489432,99.0128798,79.89272975,206.3922815,88.12146302,56.43734149,16.20001220703125,9,2.34346411942406,1.06788741211228
6928300,29.41894933,397.1760733,325.6392489,455.5491568,0.0,0.0,22.98355416,34.93500233,91.93421665,80.0,248.6899138,82.74079498,79.98276849,20.0,5,1.48796335716744,0.930614806077626
6930000,29.64947433,377.9975252,302.0892052,459.1550008,0.0,0.0,22.23710575,36.13529684,92.65460727,79.35530031,190.9288697,82.46260047,63.93167902,17.600006103515625,5,2.06154686342341,1.03369254952859
6930060,31.80690739,373.2493488,297.3348099,454.8031433,0.0,0.0,23.85518054,38.76466838,99.39658559,79.26336556,194.8002036,88.46296118,68.58364406,17.70001220703125,6,2.04410394474539,1.05309743732656
6932000,31.07647636,325.7821447,247.601398,386.5101309,0.0,0.0,22.33621739,38.84559545,97.11398864,78.7249703,199.3996925,85.46031,88.37372966,17.199981689453125,5,1.69770650496657,1.09289333438345
6933500,30.48135538,366.8984402,293.8775532,437.5573149,0.0,0.0,24.58173821,37.36424208,98.32695283,79.3291787,212.5826406,87.51098802,69.81213651,17.399993896484375,10,2.67468359960969,1.06199464405297
6934000,31.55267495,354.5378454,281.8794032,426.9056537,0.0,0.0,23.66450621,37.4688015,98.60210922,79.02611582,213.772319,86.76985611,70.99351864,17.800018310546875,10,2.36064764124689,1.05870476351801
7010350,28.4226299,366.2214663,301.402572,421.8803608,0.0,0.0,23.68552492,35.05457688,94.74209968,77.46505407,190.8949814,81.47820573,90.0049947,16.600006103515625,6,1.54425555652145,1.09819856529425
7013000,25.8355162,343.0035911,281.8058087,400.6295627,0.9936737,0.0,23.8481688,38.7532743,99.36737001,77.2957645,181.4860727,85.45593821,84.46226451,14.399993896484377,9,2.21704547103243,1.0482132406143
7014000,28.72401817,304.0,215.0,410.0,0.0,0.0,22.97921453,36.38375634,95.74672722,76.0,220.0,80.42725087,93.83179268,21.39999389648437,5,1.50917449758426,0.988941857336507
7014500,31.11983957,325.6828093,254.8566015,393.6416862,0.0,0.0,24.31237466,36.95480949,97.24949865,76.94070138,211.9792545,83.63456884,89.46953876,17.20001220703125,9,2.32284347331148,1.03165908204395
7015720,14.2077652,307.2875726,252.487752,360.9862305,0.0,0.0,16.23744594,26.38584965,67.65602474,76.96234366,183.0368511,57.50762103,51.4185788,11.399993896484377,5,1.36747703325329,1.1014215725369
7016500,22.79735482,269.5250706,213.5876336,323.6121233,0.949889784,24.77113046,21.84746504,35.14592202,94.98897842,75.97217088,193.4480641,79.79074187,68.39206446,13.100006103515623,5,2.68860144793276,0.984283970535573
7017200,22.397832,330.1838313,241.114332,505.3409648,0.678722182,155.7036482,16.96805454,24.43399854,30.54249818,78.443967,255.7526556,59.72755199,56.33394109,17.300018310546875,5,1.24390669129509,1.05475200497414
7018100,30.19576645,287.6227614,208.4165395,402.3276066,0.943617701,61.48045031,22.64682484,33.02661955,70.77132761,77.97811061,233.408205,82.09474003,78.32026922,16.599990844726562,6,1.66195505690292,1.0427652027549
7018500,31.28183504,273.0005431,197.4609713,380.0693674,0.977557345,56.61840892,23.46137628,33.23694973,77.22703026,77.48469341,231.025166,85.04748902,82.11481698,16.800003051757812,7,1.97548810634393,1.0499790613158
7019000,30.57875989,284.6311476,216.6453522,360.9925735,0.986411609,19.7056894,23.67387863,35.51081794,93.7091029,76.60651022,217.6453301,83.8449868,82.85857519,16.300003051757812,9,2.40063659170919,1.04273369235915
7019072,30.51099925,284.8457694,216.8533425,361.152472,0.984225782,19.72280407,23.62141877,35.43212816,93.5014493,76.61007834,217.5268271,83.65919148,82.6749657,20.699996948242188,2,1.13295912652986,0.77316088170756
7019090,30.53937526,284.7557767,216.7661304,361.0854252,0.985141137,19.71562774,23.6433873,35.46508094,93.58840804,76.6085822,217.5765164,83.73699667,82.75185553,21.90000915527344,3,1.11559854096004,1.46656576663841
7019150,30.5359701,283.162036,215.23915,359.8257378,2.95509388,19.59095491,23.64075104,35.46112656,93.57797288,76.58390795,218.3053225,83.72765994,81.75759736,16.800003051757812,2,1.08715485458622,0.620994048026271
7019175,30.53585133,283.1624956,215.2395438,359.8262934,2.955082387,19.59098443,23.6406591,35.46098864,93.57760892,76.58391022,218.3055143,83.7273343,81.75727937,16.199996948242188,3,1.28972576243423,0.964519425098234
7019195,30.51572104,283.2404501,215.3063338,359.9205192,2.953134294,19.59599238,23.62507435,35.43761153,93.51591931,76.58429544,218.3380423,83.67213833,81.70338214,9.800010681152344,1,2.12875146468697,0.831941936380053
7019220,30.52734065,283.1954407,215.2677705,359.866115,2.954258772,19.59310089,23.63407018,35.45110527,93.55152779,76.58407303,218.3192612,83.70399855,81.7344927,16.900001525878906,2,1.31862506124524,0.857434261875925
7020550,18.10292926,223.8849053,142.9402393,322.8561316,0.0,0.0,12.24609921,17.03805107,53.24390959,78.99778664,187.9579462,48.45195773,36.20585852,19.80000305175781,4,1.3542790519984,1.05647081856257
7021000,30.68015221,212.5062084,140.2848219,290.6771016,0.0,0.0,23.24253955,31.60985379,84.60284397,79.41578762,174.6141391,88.3216503,85.53254555,18.09999084472656,5,1.61887876604132,1.01247996608169
7030392,12.05047226,164.4533003,125.9951208,212.8254983,0.0,0.0,16.87066116,31.33122787,0.0,82.0,77.14244138,87.56676507,50.61198348,10.0,5,2.07335545395612,0.994484355579852
7030500,13.08031806,150.4785806,113.936891,198.3338753,0.0,0.0,18.68616866,37.37233732,0.0,81.87855405,68.00726295,99.97100234,52.32127225,8.300003051757812,6,1.56097570483331,1.09008522238868
7035000,20.3495564,279.2401294,213.3868152,386.0264414,0.0,0.0,15.09805798,23.63174292,4.595061124,79.78667146,183.5465421,60.39223191,47.26348584,12.300018310546877,4,1.8810925613572,1.14963954493662
7035800,36.76640687,299.7916964,221.9867034,456.2144239,0.967537023,0.0,22.25335152,36.76640687,20.31827748,79.76740444,241.5086582,89.0134061,73.53281373,14.599990844726562,6,3.09082771119333,1.06923760801788
7036100,37.28811803,293.6065555,207.5032312,451.7080955,0.887812334,0.0,21.30749602,32.84905636,39.0637427,79.5829422,255.5752672,81.67873474,73.68842373,16.600006103515625,6,3.01732360135057,1.02645517785897
7037300,51.22648777,263.6022743,162.4371106,458.4949252,0.0,0.0,25.61324389,34.47936677,98.51247649,78.3678497,286.8730063,89.6463536,98.51247649,26.20001220703125,4,1.43613321321765,0.946334466757137
7037500,41.36271567,273.4606826,186.0967497,440.8494898,0.94006172,0.0,22.56148127,34.78228363,57.3437649,79.10912812,257.1332665,86.48567821,82.72543134,18.80000305175781,6,2.6971520957237,0.999697291860691
7039500,41.18009279,250.2815459,168.7940319,397.9491504,0.0,28.84649513,23.53148159,36.27770079,65.69205278,79.03521263,237.8672175,90.20401278,86.28209918,18.5,6,2.20347166374255,0.963689553424097
7048550,56.70572934,488.7839954,380.8760766,660.9858015,8.799164897,0.0,21.50906975,40.08508453,15.64295982,83.64070575,379.518505,94.83544389,74.30405913,33.399993896484375,4,1.64068203342302,0.976776745073421
7048600,71.86784677,519.582322,387.3312971,707.2595181,2.913561355,0.0,20.39492949,39.81867186,7.769496948,84.01464147,414.8817102,95.17633761,82.55090507,42.0999755859375,5,1.44732217141843,0.869384289816125
7049000,53.16747303,494.7500206,391.0374408,655.6415927,0.0,0.0,20.88722155,37.97676645,37.02734729,82.85088029,324.800168,91.14423948,67.40876045,33.100006103515625,4,1.62435241551782,0.856249416813055
7050152,28.28575527,406.0,280.0,478.0,0.0,0.0,11.61736377,19.69900814,50.51027727,81.0,222.0,46.46945509,44.95414677,28.100006103515625,4,1.13754829203328,1.09081003362379
7050500,56.97006981,487.3830921,366.7999156,635.7254159,0.0,0.0,20.47361884,34.71613629,66.76180056,82.38059901,329.9356698,84.56494737,70.32242992,36.100006103515625,5,1.98489006856198,0.843311490685729
7050690,16.33965884,452.5409384,389.3258245,510.7579665,1.556157985,0.0,20.23005381,28.78892272,77.80789925,82.58220326,173.776365,72.36134631,24.89852776,9.0,3,1.42439707281676,0.789155177882523
7050700,17.02516524,445.3796496,382.5155409,500.599904,5.107549571,0.0,21.28145655,31.49655569,85.12582619,82.44899141,161.0789772,79.16701836,22.98397307,12.79998779296875,4,1.44640690793832,1.12446892354402
7052000,3.462574268,394.0,347.0,430.0,27.35433672,0.0,8.310178243,13.15778222,34.62574268,82.0,73.0,31.50942584,3.116316841,6.100006103515625,2,1.20753231353272,0.334209759970001
7052100,6.439002494,394.0,347.0,430.0,50.8681197,0.0,15.45360598,24.46820948,64.39002494,82.0,73.0,58.59492269,5.795102244,6.300018310546875,3,1.41415721089463,0.419127976249251
7052120,1.962004125,394.0,347.0,430.0,15.49983259,0.0,4.708809901,7.455615676,19.62004125,82.0,73.0,17.85423754,1.765803713,7.900009155273437,2,1.20944568587545,0.510604864355111
7052152,9.266288328,394.0,347.0,430.0,73.20367779,0.0,22.23909199,35.21189565,92.66288328,82.0,73.0,84.32322379,8.339659495,6.899993896484375,3,1.58440215142739,0.432305317074479
7052250,17.47813451,418.9725551,361.7530194,467.6521066,18.44914198,0.0,24.27518682,36.89828396,97.10074727,81.97510588,137.7440534,89.33268749,17.47813451,10.70001220703125,4,1.65835996754623,0.944880769662711
7052345,23.2106527,431.9562243,364.6143939,479.0882015,5.802663174,0.0,24.17776323,35.78308957,96.7110529,82.21146247,169.1371119,89.9412792,21.27643164,14.9000244140625,5,1.30907586813641,1.06535866040954
7052500,21.98841939,413.5085374,348.3640713,464.350696,9.560182342,0.0,23.90045586,36.3286929,95.60182342,81.86854786,152.3706839,87.95367755,21.03240115,13.20001220703125,6,1.84668945233677,0.991124977860131
7052820,28.77781542,422.5663581,346.6435796,478.2174911,0.0,0.0,20.31375206,33.0098471,84.64063358,82.36726688,185.5828906,78.71578923,40.62750412,16.5,5,2.06552248893615,1.00740861631186
7053250,21.75636438,385.0,280.0,545.0,0.0,0.0,16.14181873,27.37091003,70.18182058,80.0,183.0,63.16363852,11.22909129,16.5,4,1.44103956475364,0.872428923563267
7053810,52.77258042,360.3790065,254.5287398,429.1498623,0.0,0.0,23.45448019,37.13626029,97.72700077,80.17063832,222.0378451,86.97703069,89.90884071,33.20001220703125,5,1.44881993043585,1.12237412247347
7054080,33.90628097,374.5631374,285.6141752,496.3900383,0.0,0.0,19.84757911,31.42533359,82.69824628,78.61589037,209.4459233,71.94747426,60.36971978,21.20001220703125,5,1.87319572257349,1.00711132127627
7055646,91.79725081,618.0,358.0,777.0,0.0,0.0,21.71547869,38.49562131,0.0,85.0,491.0,102.6549902,98.7067213,58.29998779296875,4,2.63000538494306,0.854372536344937
7055875,46.42788947,525.3619917,322.9826354,679.7499697,0.0,0.0,11.47655695,20.3448055,11.47655695,82.99137827,419.2155433,51.64450626,51.64450626,49.79998779296875,4,1.40133712065074,0.937296887464131
7056000,87.50910466,455.13671,255.4615679,677.0707239,0.0,0.0,21.63146407,37.36343794,46.21267325,81.75942447,418.3421291,94.39184323,95.37509159,53.79998779296875,5,2.18685163122513,0.955123003828109
7056515,62.63493384,385.0,180.0,615.0,0.0,0.0,18.62119655,33.01030297,50.78508149,80.0,387.0,79.56329434,69.40627804,44.75001525878906,4,1.30993857551324,0.912766413654102
7056700,81.1236885,424.6618703,236.2514207,635.5606237,0.0,0.0,21.24668032,36.69881147,55.0482172,81.04071293,391.2242603,91.74702866,91.74702866,48.700042724609375,6,2.23927719900796,0.968170906584483
7057500,31.50710747,333.183683,241.6928485,407.3719922,0.0,0.0,24.61492771,37.41469012,98.45971085,77.85377941,163.3156469,85.65994844,72.86018603,17.300018310546875,6,1.71659371552614,1.06228080052951
7058000,47.00302349,287.0,187.0,439.0,0.0,0.0,23.98113443,37.41056971,95.92453773,76.0,209.0,80.57661169,84.4135932,24.699981689453125,5,1.67878187339252,1.04182843688096
7060710,55.63628053,278.0,102.0,396.0,0.0,0.0,18.04419909,26.31445701,75.18416288,79.0,309.0,69.16942985,75.18416288,42.100006103515625,4,1.50285034724968,1.14242036637234
7061270,37.1685274,359.0,204.0,537.0,0.0,0.0,13.46685775,19.39227517,53.86743101,79.0,403.0,49.01936222,53.86743101,34.399993896484375,4,1.13480924025374,0.894533985832957
7061290,62.05348369,359.0,204.0,537.0,0.0,0.0,22.48314627,32.37573062,89.93258506,79.0,403.0,81.8386524,89.93258506,37.20001220703125,4,1.25612322282884,0.898428740686551
7061500,52.32869978,338.0917308,228.6662028,463.3243016,0.0,0.0,23.86923148,32.13165776,91.80473645,78.70231694,304.5595048,81.70621544,90.88668909,31.0,6,1.53737357649432,0.933648920395207
7061600,52.80308782,337.1745288,228.0403149,461.9558053,0.0,0.0,24.085619,32.42294866,92.63699617,78.69600725,304.0962892,82.44692659,91.71062621,31.0,6,1.5477889015223,0.934734982773256
7061900,37.03848084,308.7534704,225.2387344,383.5334312,0.0,391.7979533,24.07501254,32.40867073,92.59620209,78.6363522,225.2220022,82.41061986,91.67024007,21.600006103515625,4,1.77288954806894,1.15191877393487
7062500,49.07919659,298.3070429,200.2531449,407.8191364,0.0,115.7232479,25.52118223,34.35543761,98.15839318,78.52998206,268.4767432,88.34255386,97.17680925,26.39999389648437,7,1.70180180530043,0.968089347799568
7063000,46.75280667,273.2855319,182.2361732,373.5258483,0.0,157.1762249,25.86325475,34.81591986,97.4845756,78.61189715,245.7508505,90.52139163,97.4845756,23.800018310546875,7,1.5759765515756,0.992478750652559
7064000,33.9075081,229.3217862,156.2116274,315.9511523,0.0,161.1396783,23.2508627,34.87629405,74.59651782,78.59022231,192.8506168,89.12830701,79.44044755,16.300003051757812,7,2.0453418967102,1.02558400853973
7064440,21.69410101,372.0,275.0,427.0,0.0,0.0,17.8201544,30.99157288,77.47893219,79.0,157.0,68.95624965,72.83019626,15.79998779296875,4,1.959719544195,1.03950262022835
7064533,33.912774,369.815853,280.2371204,427.2908853,0.0,0.0,23.9384287,38.89994664,99.74345293,79.13666581,172.6116723,88.77167311,86.77680405,17.100006103515625,5,1.95004902892944,1.07150806517645
7065200,31.0659604,376.9816215,280.0708095,456.5702451,0.0,0.0,24.47621123,34.83153136,94.13927394,79.0,176.6150941,84.72534655,87.54952477,20.0,5,1.83465158620726,1.03681637575355
7065495,31.46685492,358.365102,260.1794602,433.4985094,0.0,0.0,21.85198258,33.21501352,87.40793033,78.98582777,167.5778273,77.79305799,78.66713729,18.79998779296875,5,1.7416180507112,1.08572082063798
7066000,34.55010027,343.0858195,245.459961,416.4842765,0.0,0.0,22.73032912,34.55010027,90.92131649,78.87535786,178.2255908,80.91997168,83.64761117,19.89999389648437,5,1.69079731124814,1.08889639827773
7067000,42.64707358,324.6390488,227.0999282,402.564979,0.0,0.0,24.23129181,35.86231187,96.92516722,78.5132213,201.4409539,86.26339883,89.17115384,20.89999389648437,6,1.87956918337266,1.06438245384985
7068000,42.76909675,303.2829609,207.6435351,381.568014,0.0,0.0,24.86575392,36.80131581,99.46301569,78.48655848,198.5451712,88.52208397,92.50060459,21.09999084472656,6,1.82047932310375,1.05223193763003
7068510,18.25193452,174.4182677,108.4485443,234.2464194,0.0,0.0,19.0815679,32.3557021,71.34847129,78.91832058,136.5122147,77.98553838,66.37067097,13.20001220703125,5,1.75533390143527,0.96098375561108
7069305,25.57815953,248.164944,177.610605,319.8680448,0.913505697,2.826990285,24.66465383,32.88620511,91.35056975,77.60186791,146.1564614,81.30200707,62.11838743,13.5,6,1.59023022881138,0.976755526063717
7069500,27.80495084,229.7791933,156.4287511,304.5222891,0.958791408,3.7090878,25.88736803,34.5164907,95.87914084,77.64000978,163.9420218,86.29122676,71.90935563,14.600006103515623,6,1.58155342833089,0.993348652072852
7071500,28.69575522,294.8987543,209.3928916,358.8566825,0.0,0.0,22.95660418,37.30448179,95.65251741,78.46808809,143.5970523,86.08726567,73.6524384,13.500015258789062,5,1.6568660635978,0.987301416317771
7072000,28.1402155,264.6731988,184.3611106,337.1802525,0.0,0.0,24.25880646,36.87338582,97.03522585,78.32630332,145.5049058,87.33170326,76.65782842,13.899993896484377,7,1.7529141340582,1.02545510692824
7075000,61.26417123,394.5813638,234.8805093,530.3089462,0.0,0.0,18.12038867,34.51502605,13.80601042,82.2147437,374.2780305,85.42468947,81.11031121,43.199981689453125,4,2.50779875942742,0.971034120589821
7075300,61.26346542,375.9675441,198.8060043,542.949884,0.0,0.0,17.62373663,33.56902215,0.0,82.05290212,396.9902085,83.08332982,81.40487872,57.70001220703125,4,1.70550188378888,0.929299176398915
7076517,56.24117407,307.5259471,169.0237684,453.784918,0.0,225.9300332,20.36318371,38.7870166,5.81805249,81.74322577,324.5053779,95.99786608,88.24046276,34.0999755859375,6,2.17380621756768,0.954490711311952
7140850,6.785007771,796.1143121,742.6673293,842.5439938,0.0,0.0,20.35502331,39.7407598,2.907860473,34.48724615,197.398296,39.7407598,0.0,4.29998779296875,5,2.38556827066992,0.908335204210601
7141200,6.753506314,769.2928164,721.0128336,811.2212078,0.0,0.0,21.22530556,39.55625127,1.929573233,35.70685583,196.5374596,40.52103789,0.0,4.20001220703125,6,2.32769185058947,0.956642241233587
7141780,5.828112003,779.9528434,736.1414152,821.5889293,0.0,0.0,20.39839201,39.82543202,28.16920802,35.75786851,203.0428177,40.79678402,0.0,3.70001220703125,5,1.89875960463423,0.945196327867825
7141900,6.797144476,750.9937213,709.6525867,793.627786,0.0,0.0,21.36245407,38.84082558,22.33347471,36.65570732,200.854293,41.7538875,0.0,4.0,5,1.85916010581058,1.01731507453862
7142300,1.91556704,683.4788179,657.6397921,711.2594671,0.0,0.0,21.07123744,37.35355728,7.662268161,41.58075186,83.46846819,46.93139248,0.0,1.5,5,1.79417917934051,0.480886797978616
7142575,1.942273873,654.3910304,629.2411683,680.1133737,0.0,0.0,21.3650126,37.87434052,4.855684682,42.19361977,59.01833724,47.58570988,0.0,1.29998779296875,5,1.86725902649483,0.410448319680814
7143300,3.746534257,556.5965393,531.7584283,591.8313494,0.0,0.0,22.47920554,32.78217475,0.0,46.54320015,87.77306204,50.57821247,0.936633564,2.70001220703125,5,1.85404146075629,1.17106810848792
7143665,3.571941818,475.0577887,454.1577002,504.2160156,0.892985455,0.0,19.64568,31.25449091,0.0,53.63911802,75.43291977,55.36509818,7.143883637,2.399993896484375,6,1.62654233601949,1.04334284702943
7143672,3.717168854,473.7269093,452.9792249,502.5272592,0.929292213,0.0,20.4444287,32.52522747,0.0,53.73137443,73.57937906,57.61611723,7.434337707,2.300018310546875,6,1.60042379994967,1.0361975727191
7144100,2.850287005,464.2564436,443.4091975,491.9689797,0.950095668,0.0,20.9021047,33.25334839,0.0,55.25042574,62.2629351,60.80612276,8.550861014,1.899993896484375,6,1.57555676636592,0.997771497920856
7144200,2.87776619,463.900636,443.0710315,491.596817,0.959255397,0.0,21.10361873,33.57393888,0.0,55.2766848,62.1267208,61.39234538,8.63329857,1.899993896484375,6,1.57136539890734,0.994298700145086
7144480,1.515197876,437.9758252,412.3156051,471.3107702,11.36398407,0.0,16.66717664,25.7583639,0.0,55.33494499,74.96615525,48.48633204,2.272796814,2.100006103515625,4,2.45631701646593,1.06380848303204
7144780,3.969249965,554.5315289,526.4551354,580.729614,0.0,0.0,21.83087481,38.70018716,1.984624982,46.58344443,40.69599141,53.58487453,0.0,1.79998779296875,4,1.61030815634815,0.372979874991943
7144910,3.42414111,612.0249381,573.183573,641.5700563,1.369656444,0.0,15.06622089,26.70830066,13.01173622,44.1376122,65.08297534,34.92623932,0.684828222,3.10003662109375,4,1.81215216061794,0.844757052340827
7145200,5.9335717,539.1627105,503.0345411,568.7892282,0.0,0.0,21.75642957,37.57928743,5.9335717,47.25964486,86.80196388,53.4021453,0.988928617,4.29998779296875,4,1.54407422349396,1.12954897801315
7145500,3.99496167,512.3827402,482.4939072,541.3914092,0.0,54.03828963,21.97228918,36.95339544,1.997480835,48.76543378,67.06638334,55.92946337,2.996221252,2.699951171875,6,1.53063256037187,0.848030854754417
7145700,3.175680956,405.1343884,381.1567388,436.96774,1.587840478,0.0,17.46624526,26.99328813,0.0,54.73391208,85.40360865,50.01697506,7.145282151,3.0999755859375,4,1.77278603757914,1.05218120780189
7147070,4.486631476,428.7222966,398.8080338,461.1208396,0.897326295,0.0,20.63850479,27.81711515,34.09839922,60.51486337,70.08939026,61.91551437,0.0,4.0,5,1.90030677834319,1.10432054573395
7147800,6.749996782,420.3625286,385.6530593,455.8702515,1.928570509,244.0226535,23.14284611,28.92855764,53.99997426,61.94851005,91.34409244,68.46425307,0.964285255,4.600006103515625,6,1.97154071271405,1.07499735338525
7148400,13.26649655,558.184042,493.7232147,633.4110349,0.0,0.0,18.00453103,43.58991724,47.38034482,41.21041486,277.8175122,45.48513103,12.31888965,8.70001220703125,5,1.91472064361737,1.10636847102618
7149000,13.55075638,561.5791566,498.1443043,622.4082838,0.0,0.0,19.35822341,42.58809149,35.8127133,43.35304728,193.874405,48.39555851,9.679111703,8.29998779296875,6,1.79876316110378,1.23286497593618
7151500,4.943109334,467.8601103,431.4607098,511.9410747,0.0,0.0,21.74968107,37.56763094,0.0,49.98700632,106.6914415,56.35144641,4.943109334,3.5999755859375,4,1.4535036654963,1.14467737255073
7152000,4.915709975,418.690735,385.3488882,457.8097064,0.0,0.0,21.62912389,34.40996982,0.0,51.95493475,94.14851593,58.9885197,5.89885197,3.5,6,1.46711700476765,1.07589643723426
7153000,9.600187307,319.3906345,287.2332512,358.3688527,0.0,0.0,22.08043081,31.68061811,4.800093654,57.53477569,138.5063328,63.36123623,0.960018731,5.79998779296875,4,1.7555002344671,1.00814031193176
7154500,47.91016402,1757.533218,1573.021616,1992.978142,0.0,0.0,19.96256834,44.91577877,24.95321043,28.14197246,689.6995662,32.93823776,48.90829243,19.699951171875,5,1.62676461366348,0.619825791339211
7157500,3.894601298,833.8520036,790.811088,867.7208377,0.0,0.0,21.42030714,38.94601298,2.920950974,33.0881855,204.0612421,37.97236266,0.973650325,2.0,5,1.70966801084163,0.567097122864904
7160350,2.203568808,387.6050158,353.6614421,419.8307211,7.161598626,0.0,12.67052065,19.28122707,0.0,52.0,171.8489032,33.60442432,1.101784404,2.600006103515625,4,1.28107210443637,0.712551893906911
7160500,4.967337289,346.1231608,313.7579182,389.2362667,3.973869832,0.0,22.84975153,33.77789357,0.0,52.20413227,116.020199,59.60804747,0.993467458,3.300018310546875,5,1.60313489070777,1.06762730325009
7164600,18.98943915,1062.487455,961.1983513,1219.90963,0.999444166,360.6656578,19.98888331,42.97609912,16.99055082,37.81996378,355.0594399,43.97554329,11.99332999,6.5999908447265625,2,1.2316887218864,0.390503837369875
7165562,18.98389714,1057.854691,956.9209569,1214.715756,0.999152481,359.4062907,19.98304962,42.96355668,16.98559218,37.97531284,353.9316486,43.96270916,11.98982977,4.899993896484375,1,1.37796699607668,0.138380573865839
7166500,12.79394666,332.3400138,290.224426,395.8463357,0.0,125.8079175,23.61959383,29.52449228,30.50864203,68.39824416,113.3897768,76.76367994,0.984149743,7.100006103515625,5,2.36304656083675,1.07690179989228
7167500,13.82434435,383.834447,325.8094284,468.5202947,0.0,0.0,19.51672143,23.58270506,42.28622976,65.0,185.1713322,60.17655774,0.0,9.4000244140625,4,1.54002404065055,1.14131248594024
7169500,15.77149294,361.5513843,306.6660674,429.8584568,0.0,181.8641702,23.65723941,30.55726757,49.28591543,65.52850194,156.8828292,73.92887315,0.985718309,8.5999755859375,6,1.9018488522346,1.1179000724182
7169800,14.8733391,360.4029926,303.0407277,451.8725399,0.0,0.0,24.78889851,27.76356633,70.40047176,64.73663624,146.3980257,73.37513958,0.0,8.399993896484375,5,1.66835333893036,1.09931668014404
7170500,13.80990463,331.6310789,286.1459572,395.4877721,0.0,131.0540132,23.67412223,29.59265278,39.45687038,67.39947209,128.2188471,74.96805372,0.986421759,7.399993896484375,6,1.96898798040184,1.09111499150422
7170990,12.77780216,319.19204,276.5814127,379.9241525,0.0,147.752387,24.57269646,28.5043279,44.23085363,68.30123631,118.456074,75.68390511,0.982907859,6.70001220703125,6,1.72726903963327,1.09486310916652
7171000,12.9612146,315.655072,273.4951164,376.2924028,0.0,149.8848126,24.9254127,28.91347873,45.86275937,68.48302063,116.2986567,77.76728762,0.997016508,6.600006103515625,6,1.72089161362596,1.06857173937511
7172000,20.65478558,346.8176014,277.2325279,427.5911778,0.0,0.0,24.58903045,28.52327533,59.01367309,63.64494621,211.0929541,70.81640771,0.0,11.399993896484377,5,1.67064574992214,1.04752515913326
7174400,19.93275264,298.3150703,245.0864567,362.6437046,0.0,75.07020803,23.91930316,30.89576659,31.89240422,65.43966886,164.4893049,73.75118476,1.993275264,9.9000244140625,6,1.87292070240556,0.900580512672545
7175500,17.54472987,284.400766,234.6491066,347.2531971,0.974707215,76.20521392,23.39297316,29.24121646,33.14004532,65.85646553,154.5139308,72.12833392,2.924121646,9.29998779296875,6,1.89257905960359,0.784122509079417
7176500,21.82949512,285.1964003,234.0273986,351.4543622,0.0,994.1605325,22.82174489,33.73649245,23.81399467,65.57999193,160.1835717,73.42648357,14.88374667,12.199981689453123,4,1.6240179332632,0.481200860245379
7177500,20.88505011,268.9154164,222.9242336,330.7300872,0.0,654.2492965,22.8741025,31.82483827,29.83578587,65.45168537,159.440853,73.59493849,17.90147152,11.0,5,1.88946689949168,0.671935284725918
7177800,19.63867286,266.5123017,220.3271418,329.4588534,3.740699593,622.6231625,21.50902266,28.99042184,28.05524695,65.56478332,161.1075842,69.20294246,15.89797327,6.899993896484375,1,1.20545821301719,0.117137709889682
7178000,20.49859272,264.0154642,218.3834874,328.0550878,3.904493851,635.1415573,22.45083964,30.25982735,29.28370388,65.66695279,158.3340417,72.23313624,16.59409887,10.600006103515623,5,1.74408501632727,0.677901421170208
7178200,19.35581104,258.8229907,214.3339807,321.9755054,8.710114968,614.0887886,23.22697325,29.03371656,27.09813546,65.98830159,153.0979288,71.61650085,15.48464883,9.600006103515623,5,1.73355379614954,0.637299734600342
7179500,8.302537764,436.5233535,395.0928983,472.0249628,0.0,30.60059237,19.09583686,25.73786707,65.59004834,65.05043709,135.967627,62.26903323,0.0,6.29998779296875,5,1.80971260523534,0.985281420871366
7179730,11.56195754,425.3943454,379.9453244,468.4591763,0.0,26.57093619,22.16041862,27.94139739,52.99230539,65.31185412,151.4484364,72.26223462,0.0,7.199981689453125,5,2.06872627745054,1.04252747795234
7179795,6.881964204,442.5115327,416.5401747,480.3626387,0.0,680.6145355,21.62903036,31.46040779,0.0,61.00948498,114.6818652,68.81964204,3.932550974,4.699981689453125,4,2.31482340142848,1.19125604255093
7180400,6.543480198,436.8618797,406.615188,469.62691,0.0,362.615896,21.50000637,29.91305234,17.76087482,60.74174185,94.33548941,65.43480198,1.869565771,4.699981689453125,5,2.11572232949523,1.13442531992683
7180500,7.721771546,436.7637865,398.9157111,466.1519246,0.0,0.0,18.53225171,22.39313748,71.81247537,61.69198744,96.62018839,54.05240082,0.0,6.29998779296875,5,1.80376381502382,1.10842949300794
7182250,10.9085382,430.3026301,390.5092456,472.3400519,0.0,238.2880443,22.80876169,29.75055873,49.58426454,61.82252212,130.6068196,70.40965565,1.983370582,6.20001220703125,6,2.28507406590821,1.13529237276399
7182510,10.82386662,412.2632806,374.2231884,455.9340787,0.0,177.3943878,22.63172111,28.53564836,48.21540584,63.84730281,121.6325444,71.83111483,0.983987874,6.0,6,2.01170021971167,1.11347623091598
7183000,9.918397254,395.1326764,359.1668681,436.498967,0.0,169.3152301,23.80415341,27.77151231,39.67358902,65.62119018,108.4047323,74.38797941,0.991839725,5.5999755859375,6,2.00452926564043,1.1152749924553
7184000,3.346690201,283.6016943,262.2279247,308.1316456,0.0,0.0,20.08014121,20.91681376,18.40679611,78.54176501,36.05530447,73.62718443,2.510017651,3.399993896484375,3,1.63857785536229,0.514087116667459
7185090,2.596776353,255.0,233.0,296.0,4.544358617,0.0,16.2298522,15.58065812,64.91940882,77.0,31.0,55.83069158,3.895164529,2.8000030517578125,2,1.27089177130594,0.45214863047299
7185095,3.425253633,255.0,233.0,296.0,5.994193858,0.0,21.40783521,20.5515218,85.63134082,77.0,31.0,73.64295311,5.137880449,2.79998779296875,2,1.23706776333999,0.439982812550222
7185700,10.53744227,392.2377671,341.8692136,434.163461,0.878120189,0.0,21.07488453,31.6123268,87.81201888,82.76561683,103.8725962,81.66517756,2.634360566,7.70001220703125,6,1.43820066956268,0.972434025673169
7185765,10.99345379,376.1491383,326.3702666,421.0035122,1.832242299,0.0,22.90302873,29.31587678,91.61211494,82.27962717,103.2162538,84.28314574,3.664484598,7.399993896484375,6,1.43690105742067,0.847937190259419
7185910,5.634107082,308.0805716,283.9828515,340.9630586,0.0,0.0,24.41446402,21.59741048,89.20669547,80.75396092,45.95815892,84.51160623,1.878035694,3.899993896484375,4,2.48236531102657,0.513430570172353
7186000,7.833623698,331.2950617,296.8852852,367.7551664,0.979202962,0.0,24.48007405,25.45927702,94.00348437,81.18909827,68.72424938,89.10746956,2.937608887,4.70001220703125,6,1.43412354934625,0.64880866835281
7187000,14.59402786,378.8763571,318.3531182,424.683995,3.648506965,0.0,21.89104179,34.66081617,91.21267413,81.72196135,126.7211056,83.00353346,16.41828134,9.399993896484377,5,1.59118735202944,0.510690147985984
7188000,8.860127165,329.058949,290.1730188,368.2839655,2.953375722,0.0,24.61146435,29.53375722,88.60127165,80.79259899,79.15731538,89.58573022,8.860127165,5.100006103515625,6,1.94220170122184,0.571437586036316
7188653,35.63709532,410.0973971,326.4846449,497.8713075,0.0,0.0,23.75806354,37.61693395,98.99193144,82.0,213.9344834,92.06249624,73.25402926,23.0,4,1.81806899659256,0.707428224834755
7188838,29.49384719,377.7616903,296.7165904,455.8783753,13.76379535,94.83178641,23.59507775,37.3588731,98.31282395,81.54518664,194.7358835,90.44779804,71.76836148,20.199981689453125,5,1.47453701099483,0.831268036859911
7188885,19.55773288,366.7236973,304.7879805,412.6824055,0.0,0.0,23.46927945,38.13757911,97.78866439,81.23039871,170.0798663,88.9876846,28.35871267,11.29998779296875,4,1.77962712154342,0.44692047115668
7189000,29.53978119,371.2722029,293.4450436,438.0140658,2.953978119,27.08792862,23.63182495,37.41705617,98.46593729,81.23868679,199.65361,89.60400294,64.98751861,18.89999389648437,5,1.85555349672966,0.621633116542322
7189100,17.49529981,339.1285439,262.6387954,386.9534679,0.0,0.0,19.88102251,30.21915422,79.52409006,80.28864328,179.0930643,70.77644015,27.03819062,14.5999755859375,3,1.36959475158571,0.390570646797584
7189540,2.151547189,315.0,238.0,390.0,0.0,0.0,2.988259984,4.542155176,11.95303994,80.0,152.0,10.63820554,3.346851183,6.25,1,1.17002470712049,0.302913579181115
7189542,13.12745389,315.0,238.0,390.0,0.0,0.0,18.23257485,27.71351378,72.93029941,80.0,152.0,64.90796647,20.42048383,10.20001220703125,3,1.19856905478456,0.608567130291194
7191000,8.155255943,239.5141921,212.8519577,289.1692975,0.0,0.0,22.65348873,22.65348873,55.2745125,75.74311623,67.36261466,76.11572213,7.249116393,4.3000030517578125,4,1.54822581168373,0.49807930097154
7191160,17.90437058,382.6318192,310.0465464,443.9263638,0.0,0.0,20.46213781,33.25097393,85.25890752,82.0,177.4650902,78.43819492,40.92427561,14.29998779296875,4,1.27026892743838,0.940115428844193
7191179,12.72963757,379.9548711,307.5110645,443.3295666,0.0,0.0,15.27556508,24.82279325,63.64818783,81.98771848,178.7096401,58.5563328,30.55113016,14.399993896484377,4,1.30692983628963,0.941186581723459
7191220,16.04498337,371.2909112,299.7647802,440.5769224,0.0,0.0,19.25398004,31.28771757,80.22491683,81.78374804,173.6069351,73.80692349,38.50796008,14.79998779296875,4,1.31743793017329,0.914160583941606
7191222,15.268314,326.0,245.0,381.0,0.0,0.0,22.902471,37.21651538,95.42696251,80.0,163.0,85.88426626,22.902471,9.0,3,1.18935886208045,0.804385362707774
7191288,21.20802312,338.486962,263.9358109,402.9689508,0.0,48.03178676,21.20802312,34.46303756,88.36676299,80.76532003,188.8878716,79.53008669,50.3690549,14.600006103515623,4,1.29652904121933,0.835719102634683
7194800,27.87985289,399.1650186,320.8974382,548.5984301,13.01059802,0.0,20.44522545,38.10246562,75.27560281,82.2945352,240.0766155,86.42754396,35.31448033,13.9000244140625,5,1.46206388726017,0.862176679308513
7195000,9.474241014,392.6122875,332.8663707,482.2889933,16.42201776,0.0,15.15878562,24.63302664,63.16160676,82.0,118.9336842,58.74029429,2.526464271,7.100006103515625,5,1.47848648637294,0.89809197724557
7195400,22.49587357,388.2233765,318.428519,499.7471121,16.62738482,0.0,22.49587357,39.12325839,88.02733138,82.14202214,195.5458712,90.96157576,25.43011795,10.899993896484377,6,1.85085242416618,0.900855713683443
7195430,22.70582033,385.274343,314.98787,497.3634935,15.79535327,0.0,22.70582033,39.48838318,89.83607174,82.12670479,198.193485,91.8104909,25.66744907,11.0999755859375,6,2.16116943155043,0.895316212002534
7195500,22.22508598,382.7373989,311.7138835,493.0222859,12.96463349,0.0,21.29904073,37.04180997,86.12220817,82.17601321,199.5580787,86.12220817,26.85531223,11.100006103515623,6,2.11290731623218,0.889330606951293
7195800,2.547183124,369.0,294.0,441.0,1.358497666,528.0,4.075492998,6.79248833,16.98122082,82.0,143.0,15.62272316,0.849061041,11.5,3,1.12373035765067,0.905697703918169
7195855,10.50112407,369.0,294.0,441.0,5.600599506,528.0,16.80179852,28.00299753,70.00749383,82.0,143.0,64.40689432,3.500374691,9.70001220703125,3,1.18698451610707,0.890418907001803
7195865,3.46977055,369.0,294.0,441.0,1.850544293,528.0,5.55163288,9.252721466,23.13180366,82.0,143.0,21.28125937,1.156590183,5.600006103515625,2,1.39957717790716,0.755331927093092
7196000,17.05358942,358.9945691,285.2073486,420.6859432,4.48778669,470.6961683,21.54137611,35.90229352,89.7557338,82.0,159.3725234,82.5752751,19.74626144,9.699981689453123,3,1.2831535836561,0.813912378336706
7196500,24.30643692,363.453884,292.7100978,458.6659209,10.69483225,66.78574426,22.36192197,38.89029908,92.36446031,81.78227488,204.9088893,89.44768788,37.9180416,12.5,6,2.97421813664718,0.902335125153761
7196900,25.12211141,395.0,280.0,549.0,0.0,0.0,12.5610557,23.98019725,43.39273788,83.0,335.0,54.24092236,41.67986665,25.39999389648437,4,1.62329503997103,1.10413804710955
7197000,30.66034477,351.70412,260.6559995,478.2935934,0.0,0.0,20.74082146,36.07099385,75.74908708,81.99380791,273.8240728,83.8650607,68.53488831,19.100006103515625,5,1.55879358679485,0.946083269373374
7197360,31.57794522,307.0,197.0,484.0,0.0,0.0,22.29031427,36.22176069,92.87630946,80.0,251.0,83.58867851,75.22981066,16.600006103515625,4,1.50007229672038,1.00869311379363
7198000,29.36818889,342.0865771,264.2850015,455.8283276,5.873637777,92.48175174,22.51561148,39.15758518,91.04138555,81.13542698,233.2817619,89.08350629,53.84167962,14.5,6,3.01935579746113,0.923259680099943
7230000,12.953419,358.172856,323.3901158,398.1564659,6.4767095,2428.372485,17.00136244,31.57395881,0.0,58.20928987,124.569015,54.24244207,44.52737782,8.20001220703125,4,1.49636619378087,0.368234676512781
7230500,15.34864588,344.5803782,307.9428001,388.26951,4.514307612,2734.9015,18.96009197,35.21159937,0.0,59.24304803,130.0936062,61.39458352,55.97741438,9.600006103515623,4,1.34326052666454,0.361683242371475
7231000,16.60336906,320.1281795,285.2115038,365.3655321,2.930006304,1820.44069,20.51004413,38.09008195,0.0,60.97879226,136.9417617,67.39014499,55.67011977,9.600006103515623,5,1.70666125754903,0.443024822263554
7235000,8.626064473,876.9349035,825.5282914,915.5448667,0.0,0.0,21.08593538,40.25496754,0.0,31.73355091,325.0574991,36.42116111,0.958451608,4.5,4,1.61431928959767,0.258914406460094
7242380,16.4445698,326.0421856,282.0533978,376.8329666,9.67327635,0.0,20.31388034,38.6931054,0.0,57.91098417,152.2546362,63.84362391,27.08517378,10.800018310546877,5,1.30554064314153,0.838381967389546
7243500,14.52262216,282.7910895,245.8134682,333.1380732,2.904524432,30.32138899,21.29984583,34.85429318,0.0,60.97370299,132.3154606,67.77223674,33.88611837,8.600006103515625,6,1.83780094224135,0.930896436541701
7247000,42.49552545,276.616066,192.8855185,551.5773234,0.0,320.6088417,18.47631541,40.64789391,0.0,69.35010978,268.3120884,72.05763011,75.75289319,13.199996948242188,5,1.40070782930825,1.18205942646546
7247015,41.8181721,276.6851292,186.9090537,612.9300773,0.0,290.2165354,17.42423837,38.33332442,0.0,69.73710106,283.0079034,69.6969535,71.43937734,13.399993896484377,6,1.45291566199323,1.18413308609461
7247250,37.17378099,405.3136527,228.485067,785.5418253,0.0,0.0,10.32605027,22.20100809,0.0,82.32701423,550.8820877,48.01613378,51.63025137,32.29998779296875,5,1.38115864539323,1.15888791068643
7247500,42.51926849,274.7140785,178.1713353,497.2004351,0.0,0.0,18.99797103,38.90060734,44.32859907,80.0,311.028012,80.51521055,73.27788825,18.0,4,2.57286897458634,1.04367565882679
7249400,29.41362878,233.0496684,163.2833342,673.3973613,0.0,0.0,18.16724131,38.06469607,0.0,60.91930375,191.2789319,60.55747102,42.39022971,9.800003051757812,4,2.04771037925863,1.0796177865672
7249413,42.63639259,249.9472227,162.569423,596.9247103,0.0,102.8211725,20.34918737,41.66738367,5.814053535,74.82445805,266.9993296,81.39674949,68.79963349,12.599990844726562,6,2.47374499011339,1.14166638359411
7249800,30.04017528,343.61777,217.4929602,523.7893835,0.0,0.0,11.71057681,19.85706502,1.52746654,81.99219939,372.0234018,46.84230722,49.38808479,52.5,4,1.59897434408629,0.903146271329689
7249920,49.93149287,324.2498031,191.8007592,513.1172384,0.0,0.0,19.46481925,33.00556308,2.538889468,81.59693476,373.2091957,77.85927702,82.09075946,37.19999694824219,4,1.45325084310646,0.83820820094739
7249985,60.18374039,350.97893,191.9012241,535.4436407,0.940370944,0.0,20.68816076,37.61483774,0.940370944,82.02338742,404.1490419,87.45449775,89.33523964,40.199981689453125,5,1.81067324155584,0.908322938957528
7250085,62.03731674,346.2595743,189.8130422,529.276483,0.969333074,0.0,21.32532763,38.77332297,0.969333074,81.90319547,400.768904,90.14797589,92.08664204,39.4000244140625,5,2.04598520140165,0.922650881659838
7250935,25.85908249,499.0,234.0,739.0,0.0,595.0,5.267590878,9.098566063,0.0,84.0,544.0,23.464723,23.9435949,82.0,3,1.24093322237208,0.86323311605807
7250965,68.35799838,499.0,234.0,739.0,0.0,595.0,13.92477745,24.05188832,0.0,84.0,544.0,62.02855409,63.29444295,85.89999389648438,4,1.30071097034549,0.786835703200369
7250974,6.495998341,499.0,234.0,739.0,0.0,595.0,1.323258921,2.285629046,0.0,84.0,544.0,5.894517013,6.014813279,87.90000915527344,2,1.46671280443703,0.641778288684526
7252000,82.99393505,459.3978797,234.4601805,726.9754394,0.0,0.0,18.74056598,34.80390825,0.0,82.25334914,496.1394696,85.67115876,85.67115876,70.49996948242188,5,1.71156053231479,0.872805226475622
7257006,89.86610376,432.1973228,216.2890284,664.94374,0.0,0.0,18.68503148,35.59053614,0.0,82.07286008,515.6971436,85.41728675,88.97634036,76.39999389648438,6,2.01077061927583,0.894965926339116
7257500,67.95410084,399.3622914,180.9823893,626.4969308,0.0,0.0,16.57417094,33.97705042,0.0,81.1209814,435.0520138,78.72731194,78.72731194,63.5,4,1.51575141934026,0.905864352916018
7258500,32.18245423,230.3737353,148.0728418,506.7625995,0.0,0.0,17.78504049,37.26389437,0.0,61.94173233,244.2156118,60.13037501,54.20202817,13.5,5,3.29207284174248,1.03268400911708
7260000,42.80251269,291.3988956,134.819546,690.5805768,0.0,0.0,11.88958686,26.15709109,0.0,79.0,375.3391533,54.09762021,58.25897561,30.70001220703125,4,1.49161066252498,0.855755750656153
7260500,46.42662818,240.4616482,128.7496163,619.0590877,0.0,150.3585863,18.57065127,40.85543279,0.0,72.30252572,282.7802424,77.06820277,72.42553995,16.70000457763672,5,2.25405195070717,0.96663910851314
7261000,21.85598063,224.6118488,156.1867874,328.2379006,0.0,0.0,17.4847845,38.46652591,0.0,81.80499151,186.0861576,87.42392252,47.20891816,16.100006103515625,5,1.70355351045791,1.24268994632516
7261500,51.97755317,306.5415729,192.036748,598.1426894,0.0,0.0,19.25094562,41.38953308,0.0,80.09205117,277.9133763,89.51689713,93.36708625,22.70001220703125,6,1.60775454078332,1.1448351030365
7263012,49.64807882,264.1101119,155.0968284,515.6091102,0.0,22.49714384,19.09541493,42.00991285,0.0,80.70538789,272.3395976,90.70322092,91.65799167,20.89999389648437,7,1.51381520694431,1.09214375176761
7263295,33.75608522,228.0,104.0,455.0,0.0,0.0,12.27494008,26.39112117,0.0,81.0,274.0,60.76095339,61.37470039,21.40000915527344,4,1.8103038211002,1.14602987371847
7263296,23.55038844,226.9460834,103.6096605,453.2434723,0.0,24.90365917,9.727334357,22.01449355,0.0,80.98698868,273.4275021,50.17256668,45.05291702,21.59999084472656,4,1.72476851699191,1.09599497620164
7263300,44.59393034,189.2092517,89.6330562,390.3487529,0.0,916.6110145,18.4192321,41.68563054,0.0,80.52110187,252.9284824,95.00446029,85.31012761,18.5,4,1.45240146992838,1.01939920413088
7263580,14.18521093,135.660819,86.87524424,214.1335273,26.34396316,0.0,14.18521093,28.37042186,0.0,81.0,109.5623779,66.87313725,38.50271538,13.600006103515623,3,1.32673164752113,0.976509884117246
7264000,10.19666322,99.99833458,72.53277908,159.0799401,10.19666322,0.0,17.84416063,33.9888774,0.0,80.29513795,96.14877154,82.42302769,23.79221418,4.3000030517578125,4,1.81679463706015,1.09650680735585
7291000,15.56495985,133.7195018,90.67828395,164.3658858,0.0,0.0,17.51057983,45.72206957,0.0,81.19794611,81.56911127,102.145049,96.30818909,9.900001525878906,4,1.55088932990517,1.00944343567304
7292500,16.72509185,117.409851,69.64654494,157.5276494,0.0,0.0,17.70892078,45.25613089,0.0,81.67568031,88.98316825,104.2858668,94.44757751,10.800003051757812,5,1.51097206200081,0.947818067013877
7295500,4.858835264,1290.867884,1245.87098,1339.195851,0.0,0.0,21.37887516,39.84244916,0.0,27.31005246,231.9315876,30.12477864,0.0,3.9000244140625,4,1.43481861771121,0.14611793004336
7297910,7.999725634,1215.963266,1147.440703,1262.431421,0.999965704,373.5437265,21.99924549,41.99855958,0.0,28.66358092,281.2830812,32.99886824,1.999931408,3.89990234375,4,1.68804135370094,0.163723554986539
7299670,5.299760156,501.2015012,470.2787427,556.2652014,0.0,0.0,19.43245391,37.09832109,88.32933594,34.46595672,167.4122063,35.33173438,0.0,4.199981689453125,4,1.4907936947929,0.389294450595172
7299890,9.573240329,812.0,712.0,884.0,0.0,0.0,17.40589151,40.03355047,77.45621721,33.0,412.0,33.94148844,0.0,7.9000244140625,3,1.39082759143878,0.329831410597392
7300000,13.57333998,820.2772557,736.7952457,903.5874401,0.0,1118.069538,20.36000997,42.65906851,39.75049566,33.47607914,283.8051632,37.81144709,1.939048569,8.60003662109375,8,1.34137952492207,0.494335514713871
7301110,11.97514011,680.880534,616.259829,753.1226172,0.0,1131.079824,20.9564952,41.91299039,61.87155725,34.6747818,234.6730915,39.91713371,1.995856685,6.39996337890625,9,1.55643712490591,0.623878398128745
7301300,10.704391,942.8949049,885.2549003,990.7645097,0.0,0.0,20.43565554,41.84443754,8.75813809,34.24238554,263.7694923,38.92505818,0.973126454,5.300048828125,10,1.36634524055311,0.339567079560747
7301410,11.82614199,805.1098056,740.0875576,873.2433842,0.0,0.0,20.69574849,43.36252065,3.942047332,35.19966662,297.2417483,40.40598515,0.0,7.79998779296875,3,1.59995672046584,0.424747578688719
7301500,10.95628088,818.5970735,759.5777476,879.9340461,0.0,0.0,20.91653622,42.82909798,21.91256176,35.49513663,255.7960331,40.83704691,0.996025534,6.0,11,1.53552791605631,0.452749025972847
7303000,10.97248736,799.6600864,741.8807332,863.3926008,0.0,20.8489692,20.94747587,42.89245059,21.94497472,35.83799496,251.0811563,41.89495174,0.997498851,5.800048828125,11,1.67079841887926,0.464061437150862
7303400,15.98234149,682.3282887,602.7890591,750.8972707,0.0,0.0,19.53397293,37.29213014,83.4633389,34.85016319,319.356266,36.40422228,3.551631442,10.0,4,1.55809258196667,0.602630130461245
7308200,11.97487618,715.8661693,648.5008586,786.8253222,0.0,0.0,20.95603331,43.90787932,32.93090949,33.20988113,253.5259809,37.92044124,8.981157135,6.0999755859375,12,1.51215730664361,0.42441838900316
7311000,13.69109974,405.3184159,353.6580066,528.8412824,4.889678478,1709.26717,21.5145853,37.16155643,30.31600656,48.93423918,266.8814321,54.76439895,2.933807087,5.600006103515625,5,2.46606800895354,0.99075594914853
7311500,5.807951271,353.4430441,319.3171708,401.9224879,0.0,224.9374382,20.32782945,37.75168326,0.0,43.09327091,98.91871136,47.43160204,0.0,3.800018310546875,4,1.84758701618007,0.698799251348898
7311700,10.49596902,547.9895554,494.0001594,612.0628471,0.0,230.3015901,20.03775905,41.02969709,83.96775219,34.97446131,280.0802403,38.16716009,9.541790022,6.699981689453125,5,1.86033659031408,0.544915956603224
7311800,14.77231055,552.2892504,496.0489124,628.6263872,0.0,0.0,19.3886576,39.7005846,73.86155274,34.92084725,282.3150062,36.93077637,13.84904114,9.70001220703125,4,2.06052145436225,0.634294720460398
7311900,11.68431217,525.4539838,473.9828693,590.8331921,0.0,328.4000622,20.4475463,41.86878527,70.10587301,35.49248168,269.8080567,38.94770723,9.736926807,6.79998779296875,5,1.99149506567172,0.567295938329826
7312100,11.70124404,510.6547625,461.4982623,574.4766364,0.0,389.7504909,20.47717708,40.95435415,63.38173857,35.91777553,259.5069452,39.97925048,8.775933033,6.5,5,1.89860930828228,0.564903927258804
7312200,5.760111114,382.6255652,351.2304832,423.3753014,0.0,622.9310561,20.1603889,37.44072224,7.680148152,39.66425827,131.6098357,43.20083336,0.0,3.800018310546875,4,2.01721270875026,0.604088159201964
7312500,9.918558931,457.9762308,416.2342126,512.9255186,0.991855893,845.468606,20.82897375,40.66609162,43.6416593,37.63980681,211.9922612,42.6498034,5.951135359,5.20001220703125,5,1.94928076166291,0.592076045957834
7314500,7.021862153,353.0548442,314.8022837,405.6498587,0.0,968.8730422,19.31012092,32.47611246,0.0,42.31677107,167.4653212,42.13117292,0.0,4.600006103515625,5,1.90529132365409,0.702527551618226
7314900,6.875652864,327.2309307,296.0520658,370.665028,0.0,1241.794847,20.62695859,36.34273657,0.0,43.80346866,125.2627999,49.11180617,0.0,4.29998779296875,5,1.91970083324672,0.662287354426195
7315200,7.929860305,304.2762398,275.916912,343.3974298,0.0,0.0,19.38410297,33.4816324,0.0,48.72891995,104.1665759,48.46025742,0.0,5.79998779296875,4,1.50699572629418,0.583331389615042
7316500,14.6475153,757.2785512,688.3031879,825.2077951,0.0,0.0,20.50652142,42.96604489,0.0,36.28934878,333.1749637,41.01304285,0.97650102,9.5999755859375,4,1.73717322713666,0.70969699326696
7324200,15.36085567,692.4468647,624.8287362,769.8513486,0.0,0.0,20.16112307,41.28229962,24.00133699,37.94325155,337.1707372,42.2423531,0.96005348,10.5999755859375,6,1.86679296991975,0.833905555751775
7324400,15.58602648,677.4578295,610.8684108,754.5084665,0.0,64.79660089,20.45665976,41.88744617,23.37903972,38.47899389,327.0666666,43.83569948,0.974126655,10.29998779296875,6,1.87219122816773,0.839862300148324
7325000,15.96682849,646.8190129,583.039398,720.2655318,0.0,123.420194,20.95646239,42.91085156,33.92951053,39.68535816,313.4126979,45.9046319,0.99792678,10.300048828125,6,1.924353785154,0.856592035758222
7325840,3.519421073,475.0,416.0,540.0,0.0,0.0,5.955943355,11.09971262,0.0,48.0,303.0,14.88985839,1.082898792,9.0,2,1.06741964427993,0.373825207013978
7325850,9.67132356,475.0,416.0,540.0,0.0,0.0,16.36685526,30.50186661,0.0,48.0,303.0,40.91713814,2.975791865,8.600006103515625,2,1.09269041074442,0.331822654957531
7326000,11.07100231,470.982153,420.261167,533.0071395,0.0,145.0365923,20.29683757,36.90334103,36.90334103,47.59948381,302.2548556,50.74209392,3.690334103,7.100006103515625,4,1.31133470210511,0.338003058571267
7326500,13.83556729,562.7773999,506.6599122,638.6333068,0.0,247.7133282,20.75335094,41.50670187,45.4597211,42.41275617,280.5676117,48.42448552,0.988254806,8.5,6,2.29239597166339,0.716560366694341
7327447,6.856700838,418.821047,373.8111052,468.0298255,0.0,0.0,10.28505126,20.08033817,0.489764346,52.00994183,276.5625594,29.38586073,0.0,8.0,3,1.33045019036835,0.895681880938141
7327550,15.31314476,395.4765768,350.9158594,456.485012,0.0,0.0,20.09850249,38.28286189,2.871214642,52.73656562,237.1111689,57.42429284,0.0,10.399993896484377,4,1.79467733837648,0.716466121054717
7329780,13.88663642,469.5310353,418.8330769,539.3092622,0.0,368.2346426,21.82185723,39.67610405,29.75707804,48.17610177,236.9183227,54.55464307,1.983805202,9.5,2,2.14756145783005,0.517833734877335
7329852,7.037473939,330.0,274.0,408.0,0.0,0.0,12.56691775,15.58297801,34.18201627,63.0,172.0,36.19272311,5.026767099,9.0999755859375,4,1.25464809572826,1.20275932549821
7331200,5.584473248,324.0,203.0,402.0,0.0,0.0,12.09969204,13.49581035,33.50683949,64.0,166.0,33.97221226,5.584473248,6.100006103515625,3,1.40356137837675,0.762748337798948
7331300,6.707153883,313.0,199.0,388.0,0.0,0.0,17.43860009,20.79217704,67.07153883,66.0,97.0,49.63293873,7.377869271,7.600006103515625,4,1.38815438408694,0.677459345401839
7332390,8.187519981,345.358298,296.6541695,385.4697431,0.0,0.0,24.56255994,25.47228438,81.87519981,67.0,126.6023186,69.13905762,1.819448885,6.5,4,1.83327695915609,0.880427781855219
7332500,8.41796914,262.1030221,220.9429941,307.672959,0.935329904,0.0,24.31857752,28.05989713,33.67187656,67.59098176,106.6510812,72.02040264,15.90060838,6.29998779296875,4,1.80039855229065,0.658998023960191
7334000,20.61516628,226.6946018,184.0183619,301.3365113,0.0,47.99260185,21.55221929,32.79685545,19.67811327,71.58170256,144.9527872,75.90129403,48.72675666,8.900009155273438,6,2.10654794341214,1.01901865038756
7335300,16.85988284,216.5327728,175.4872256,287.9974234,0.0,33.30959344,24.79394535,32.72800786,35.70328131,70.27642883,121.9528789,78.34886731,42.645586,8.0,9,2.13235464538056,0.898195891012983
7335700,59.85217773,455.0,265.0,800.0,0.0,0.0,13.66191013,26.67325312,0.0,85.0,457.0,66.35784922,65.05671492,47.100006103515625,4,1.2187440334471,1.13780008891523
7335790,53.97150874,301.7859348,195.772042,618.7953512,0.0,0.0,19.54140834,38.15227342,0.0,81.79925746,328.6510264,86.54052264,81.88780636,15.5,6,1.4565475527963,1.24967816154164
7336200,52.78439747,283.9142891,182.7008608,544.1983677,0.0,0.0,20.91457258,40.83321314,0.0,80.84340661,314.0290393,91.62574656,88.63795047,15.79998779296875,6,1.63141304517722,1.08644240096808
7337900,33.30731455,282.4462225,191.1790859,442.2478615,0.0,0.0,19.42926682,38.85853365,3.700812728,82.75916481,221.0571739,88.81950548,89.74470866,17.400009155273438,4,1.58181634286418,0.552634311473033
7338500,37.84693564,256.5763544,166.4400188,409.161038,0.0,275.7285792,21.91138379,42.82679559,11.95166389,81.76863507,228.4746215,93.62136711,89.63747915,14.899993896484377,5,2.56909697035794,0.711391266610751
7338750,46.93567269,358.7508698,249.8188896,700.4024715,0.0,0.0,21.51218332,40.09088709,0.0,84.1841609,242.0945563,99.73830447,87.02655978,17.70001220703125,5,2.96061672688316,0.9769363134387
7339000,46.34595185,323.9131736,218.134947,573.1501557,0.0,154.6678588,20.27635393,39.58716721,3.862162654,83.80178549,238.7543451,96.55406636,86.89865972,18.800018310546875,6,1.9975949906108,0.799679883881907
7340000,36.95688094,259.7545319,169.9467362,432.5951395,0.0,313.8333983,20.97552702,42.94988866,10.98718082,82.34270775,205.6519436,95.88812353,87.89744657,14.0,7,2.84293150421892,0.734065457646112
7340300,61.95068592,415.6794548,274.3246866,672.1545498,0.0,0.0,17.47327039,31.76958252,0.0,86.91182561,388.1244681,87.36635194,79.42395631,36.5,3,2.14040877048181,0.568984619069958
7341200,17.88507631,197.5534327,128.0169933,380.6795525,0.0,432.3707773,17.88507631,36.62182291,37.47349321,83.26169534,109.2570112,86.87037063,80.05700823,11.100006103515623,5,1.78700793895087,0.697083729327211
7342480,3.803893064,178.0,150.0,215.0,0.633982177,0.0,20.28742968,19.6534475,0.0,71.0,48.0,50.71857419,0.0,4.0,2,1.50945230748192,0.35700673923479
7342500,5.7387327,168.5451031,144.7782306,200.0324306,0.95645545,282.7748771,26.7807526,32.5194853,0.0,71.19282315,48.23140379,76.51643599,4.78227725,4.0999908447265625,4,1.9593698013437,0.475902648910437
7343000,6.874769462,173.5791451,143.1526459,207.9220086,0.0,0.0,28.48118777,32.40962746,44.19494654,72.6849252,52.33982263,80.5330137,0.982109923,5.199996948242188,5,1.19727629607414,0.606051724760563
7343450,6.930803729,145.5400614,119.9740585,176.3799831,0.0,223.3932504,23.76275564,38.61447792,12.87149264,73.61270067,43.88779399,82.17952992,15.84183709,4.200004577636719,6,1.95573849947464,0.58917714452063
7346045,15.60234441,105.2473148,72.43644112,154.9852063,0.0,0.0,22.94462413,40.38253847,0.0,75.19113983,94.58812686,78.01172204,78.01172204,10.5,4,1.73093236361535,0.426073738478981
7351500,8.346048879,84.0,50.0,124.0,0.0,0.0,18.20956119,33.38419552,0.0,75.0,57.0,66.00965931,70.56204961,7.600006103515625,3,1.17378630495325,0.521143451290253
7356000,42.71022482,354.3637906,257.3669035,638.8311386,0.0,0.0,19.17601931,35.73712689,0.0,84.82342008,229.1048797,90.65027309,69.7309793,15.5,6,1.75778086525623,1.04229502659011
7359002,45.08160939,270.8310037,183.8804382,495.7879526,1.960069974,476.0244503,20.58073472,40.18143446,0.0,83.97406447,219.6090417,101.9236386,85.26304385,15.400009155273438,6,1.77522318871627,0.922547967152514
7359610,57.89902639,302.8487827,201.6989975,577.3723149,0.0,0.0,22.19462678,37.63436716,0.0,85.5249642,262.9771839,105.1832313,94.56840978,21.70001220703125,4,1.34508896646183,1.035466283538
7360200,56.40158311,408.5452379,258.555032,661.3556566,0.0,0.0,14.42831196,26.23329447,0.0,87.62475515,392.6631372,74.10905688,65.58323617,38.40000915527344,4,1.8480224505688,1.0548199743953
7361500,29.89962079,170.7231129,111.4905656,282.3971987,0.0,0.0,20.25458182,41.47366754,12.53855065,83.72940425,170.7851482,101.2729091,95.48588574,15.199996948242188,4,1.69079982644848,1.01162954518429
7362100,12.08692417,79.50349923,48.5530097,120.2915437,0.0,0.0,18.59526796,41.8393529,0.0,78.47737425,63.90268936,86.467996,92.04657639,8.39999771118164,5,1.63603239107798,1.2146019400477
7362587,20.88651293,299.0,166.0,537.0,0.0,1027.0,7.595095612,16.32945557,0.0,83.0,270.0,39.87425196,37.97547806,28.800018310546875,3,1.49182750226989,0.990855566304776
7363000,29.24894417,202.6912378,124.5495624,372.3749909,1.772663283,341.1968634,18.61296447,38.11226059,0.0,82.4139907,178.0603923,90.40582744,84.20150595,15.20001220703125,5,2.6683487481064,1.03933123756833
7363200,23.97446549,149.5022448,95.00165444,265.7910967,0.998936062,206.8791917,19.97872124,44.95212279,0.0,81.51709498,117.6424119,99.89360621,95.89786196,9.5,11,2.25501018838315,1.26105769049665
7366200,12.66460885,69.3720608,42.37640294,101.6770894,0.0,0.0,21.43241497,44.81323131,0.0,78.0,53.31371285,90.6006633,97.42006807,8.0,4,1.36578688405638,0.998263763987012
7373000,8.330795308,60.0,14.0,90.0,0.0,0.0,14.09826898,30.11902919,40.37231572,80.0,71.0,64.72387124,64.08304083,8.900001525878906,4,1.42380964103718,0.564395799584532
7375000,6.582354414,64.178632,37.4683123,94.4683123,0.0,0.0,14.62745425,31.44902664,0.0,85.0,35.94447585,80.45099839,72.40589855,6.900001525878906,5,1.42451173499046,0.938266123970664
7375800,8.493544473,104.6915356,76.11803879,132.5517807,0.0,0.0,14.15590745,29.72740565,0.0,84.28674838,47.85300646,77.857491,70.77953727,7.100006103515625,5,1.39646539284697,1.11811196998757
7375960,8.221888641,84.63503601,55.90226128,115.9108844,0.0,0.0,16.44377728,34.53193229,0.0,85.17620233,42.47707326,92.08515277,82.21888641,6.900001525878906,6,1.50039195271778,1.19554949405022
7376000,9.220824805,78.49949099,51.14611881,108.7704422,0.0,0.0,18.44164961,38.72746418,0.0,85.37378307,39.60868496,103.2732378,92.20824805,6.200004577636719,6,1.60910278578501,1.18144542409339
7376500,3.992669719,44.23849822,17.38912396,84.97280991,2.281525554,0.0,11.40762777,23.95601832,0.0,86.0,21.61924911,63.31233412,48.48241802,3.6000003814697266,4,1.39047180118835,1.0333093070438
7377000,12.64882775,113.623745,82.15276119,140.894303,0.0,0.0,18.48674825,42.81141699,0.0,83.33600187,53.65354926,106.0555557,96.32568823,7.800003051757812,5,1.55993910734423,1.01231682436118
8013000,9.096305079,81.42334617,56.55938104,118.579856,0.0,0.0,20.92150168,40.93337286,0.0,80.77885224,42.71710157,91.8726813,90.05342029,6.0,5,1.89860399126192,1.17074220854561
8014500,8.273955815,68.67790028,41.04839013,102.2985585,0.0,0.0,20.22522532,42.2891075,0.0,82.03924904,38.66254034,95.61015608,87.33620027,6.100002288818359,5,1.69693869640446,0.56490855053109
8017200,4.13237053,185.5931534,158.7558921,214.9448651,5.509827373,0.0,19.28439581,24.10549476,0.0,69.0,57.70075715,53.72081689,2.066185265,5.0,3,1.31973087802582,0.486844344066029
8017300,3.332742745,172.4831883,152.2947602,197.8600444,3.999291294,0.0,17.33026227,23.99574776,0.0,66.0,65.31899646,49.32459262,1.999645647,4.199996948242188,3,1.21737531478784,0.42880636007007
8017410,5.868991493,165.3545892,142.7738826,196.1309682,1.956330498,254.2219918,23.47596597,36.19211421,0.0,67.38622225,53.15208587,74.34055891,2.934495747,3.699996948242188,4,1.4529289959622,0.505865928826663
8023080,9.202062009,91.0,62.0,126.0,0.0,0.0,22.08494882,41.40927904,0.0,75.0,61.0,80.05793947,89.26000148,6.799995422363281,2,1.58340632307705,0.479646402137215
8023400,6.519489201,99.00205698,73.20287978,123.6004114,1.185361673,0.0,13.63165924,27.26331848,0.0,76.0,64.79814872,52.74859445,59.26808365,7.0,2,1.56569749695708,0.446605177910691
8025500,11.8592247,94.99460205,61.24025864,144.7723446,0.0,0.0,18.18414454,35.57767409,0.0,78.0,82.79775583,73.52719312,78.270883,7.800003051757812,4,1.35737560488965,0.631850374140362
8029500,11.38849544,104.2544725,56.14086648,167.4201551,0.0,0.0,17.89620712,36.60587819,0.0,78.0688568,84.92998981,75.65214827,80.53293203,9.800003051757812,3,1.29373916257543,0.547525551920278
8041500,10.90161224,73.0561513,41.19835983,114.2754524,0.0,0.0,20.81216883,43.60644897,0.0,77.4997289,59.76441604,89.19500927,99.10556585,5.600006103515625,5,1.74767141516677,0.595537947148753
8042800,13.98525634,335.7823559,296.7604474,392.6364237,0.0,0.0,20.97788451,39.95787527,0.0,47.06795156,159.3919504,52.94418473,8.990521935,7.0999755859375,4,1.72953171093893,0.407378638762404
8044000,13.12240339,300.3005867,257.0425302,360.3235852,0.0,498.6480136,19.68360509,38.42989565,0.0,51.21571203,151.9238283,54.36424263,7.498516225,8.0,5,1.70875387199317,0.737493605711972
8044500,14.87847382,312.7458081,267.1853469,374.916246,0.0,505.2735897,20.82986334,39.67593018,0.0,49.11130269,169.7614991,55.54630225,7.935186036,7.79998779296875,6,1.83286257814551,0.607531003626309
8044800,7.919148185,286.7361957,226.7201505,384.4694036,3.393920651,0.0,13.01002916,22.06048423,0.0,52.0,184.4694036,33.37355306,6.22218786,8.0,2,1.41856217634287,0.392456612547265
8047000,14.78452175,304.295078,245.0363747,366.3151894,4.928173917,369.1467683,25.62650437,33.51158264,36.46848699,51.0,227.1128909,57.16681744,4.928173917,10.0,4,1.47579349937561,0.479284612162631
8047050,15.32018476,265.0,191.0,335.0,17.23520786,0.0,29.68285797,27.76783488,95.75115476,51.0,247.0,56.49318131,1.915023095,11.29998779296875,3,1.22368579848715,0.493665964418471
8047500,14.80791834,294.6188157,234.8104176,357.2442584,11.84633467,492.2038378,26.65425301,32.57742035,46.39814413,51.0,226.1209126,57.25728425,5.923167336,10.0,4,1.64410202567829,0.466420341297539
8048000,14.62542763,299.3563165,250.3523794,364.4327085,6.825199562,667.4546214,22.4256557,37.05108333,15.60045614,49.90896156,182.7901689,55.576625,7.80022807,8.300003051757812,6,1.91979548998199,0.562607288083598
8048543,14.82183564,297.0830473,247.9582962,361.8306857,7.904979006,738.0221451,22.72681464,37.54865028,15.80995801,49.98731669,182.4488427,56.32297542,7.904979006,8.29998779296875,6,1.94479164759157,0.558024175271149
8048970,9.987479057,238.1282529,196.1282529,289.1270137,30.87038981,0.0,21.7908634,33.59424774,0.0,52.0,113.3748451,54.4771585,14.52724227,6.0,3,1.36708724005564,0.396925848822737
8049500,13.97749143,285.1915089,236.9796057,347.763138,15.97427592,836.7218499,22.96302164,36.94051307,14.97588368,50.41808318,174.717657,56.90835797,9.98392245,7.899993896484375,6,2.03946188549154,0.542595622244809
8049580,2.010739658,205.0,166.0,271.0,0.89366207,0.0,7.596127597,6.479050009,0.0,54.0,103.0,13.85176209,1.117077588,6.399993896484375,2,1.45602648970105,0.420732675251019
8049700,6.203755368,206.0,160.0,268.0,26.19363378,0.0,17.92195995,23.43640917,0.0,54.0,111.0,42.73698142,9.650286128,7.100006103515625,2,1.54435927065035,0.464578133183999
8050100,9.617220612,195.4957975,152.2329533,267.3090626,34.6219942,1629.67901,30.77510596,27.88993977,0.0,54.4049766,128.3787637,59.62676779,19.23444122,6.0,3,1.36140955243193,0.544819448716045
8050400,9.240567538,301.5743592,249.5236005,360.5770363,2.310141885,0.0,20.79127696,24.64151343,0.0,57.90152364,149.9462508,50.82312146,0.0,8.100006103515625,3,1.57611677700658,0.497538096743941
8050800,5.657511639,233.0,194.0,282.0,0.0,0.0,12.44652561,21.49854423,0.0,61.0,72.0,39.03683031,1.131502328,7.100006103515625,2,1.41262695539242,0.490286171734745
8050840,1.736502064,222.0,195.0,272.0,0.0,0.0,9.377111145,11.80821404,1.041901238,63.0,49.0,25.00562972,0.0,3.1999969482421875,2,1.25021198243473,0.505242503256008
8051500,14.44458485,285.174429,229.7466714,342.7164217,0.962972323,0.0,27.92619737,29.85214202,0.0,57.3027586,179.577222,62.593201,0.0,9.79998779296875,4,1.44300914204772,0.7008296812582
8052700,4.442779282,208.3501529,180.1637476,251.1637476,0.0,0.0,26.65667569,20.73296998,1.480926427,62.69773422,73.51390051,52.57288817,0.740463214,4.5999908447265625,3,1.38457447862649,0.420543150743154
8052745,3.630441401,197.0,157.0,248.0,9.335420745,0.0,19.18947598,13.48449663,8.298151773,62.0,94.0,36.30441401,0.518634486,3.5,1,1.45730235931937,0.201618773170846
8052780,7.909287071,229.6951228,187.348715,284.7112735,3.954643535,0.0,28.67116563,30.6484874,0.0,58.33256425,123.0138435,65.25161833,0.0,5.5999908447265625,4,1.35905687250575,0.831575182676178
8053000,9.629505536,233.1581939,195.0607728,285.3085894,11.55540664,513.8271821,25.99966495,30.81441771,0.962950554,59.64737553,113.3590288,65.48063764,1.925901107,5.600006103515625,5,1.65810937090176,0.612513472172112
8053009,9.632317936,233.1400453,195.0438205,285.2906888,11.55878152,515.4646308,26.00725843,30.82341739,0.963231794,59.64689454,113.3560042,65.49976196,1.926463587,7.100006103515625,1,1.40021840882706,0.35313812251298
8053500,13.36919875,289.3765111,242.6435957,349.5909493,0.0,0.0,23.8735692,34.37793965,0.0,55.21288238,186.9000242,59.20645162,0.954942768,9.100006103515623,5,1.72075841042165,0.74478411342147
8055000,11.7033891,260.1144715,212.4698768,317.0778137,9.752824248,166.1822029,25.35734305,34.13488487,3.901129699,55.679327,167.3428841,61.44279276,1.95056485,7.699981689453125,5,1.72407193211671,0.741059346766304
8055500,9.728342496,238.7509995,198.0302877,292.2062205,13.61967949,583.0185532,26.26652474,32.10353024,1.945668499,58.44642036,128.4572799,64.20706047,1.945668499,6.100006103515625,6,1.68081861675146,0.647144523974293
8056500,11.87322365,257.1075629,212.550898,316.0686878,18.79927077,872.1629202,25.7253179,34.63023563,8.904917735,54.1213898,150.9652988,60.35555353,7.915482431,6.100006103515625,-99,1.13245584383961,0.33932641274767
8057200,7.427241889,200.0,153.0,237.0,92.84052361,0.0,38.06461468,18.56810472,15.78288901,61.0,169.0,64.98836652,15.78288901,5.70001220703125,2,1.28382395198489,0.295007167712922
8059000,8.755122517,217.2086978,174.2451175,253.9775023,4.377561259,0.0,35.02049007,20.13678179,87.55122517,64.6179454,131.0092157,63.91239438,0.0,6.699996948242188,3,1.38776112274709,0.422628680941487
8059350,7.3728925,195.7340543,160.8457663,235.5318913,0.0,0.0,30.31078028,22.93788778,22.93788778,67.62234239,75.42017936,63.07919139,0.819210278,6.0,3,1.26665647778354,0.517390252360197
8061540,6.461896772,200.0921381,154.4625109,239.0694572,71.08086449,0.0,31.50174676,17.77021612,76.73502416,62.99659372,140.2114836,57.34933385,6.461896772,5.899993896484375,3,1.36674316792347,0.418320574318245
8061750,8.580089247,191.3444262,153.8345372,230.1259787,23.83358124,214.0514271,36.22704349,22.88023799,69.59405722,64.4799265,108.1437407,69.59405722,2.860029749,5.8000030517578125,4,1.26264871469104,0.412408304928891
8062000,8.702385325,186.0715929,149.2747975,224.6427797,25.14022427,490.6749842,36.7434047,24.17329257,65.75135579,64.09645661,106.8611266,70.5860143,3.867726811,5.79998779296875,4,1.33016442821388,0.414301809428235
8062895,3.658380603,150.0523572,128.0175347,178.3944501,3.658380603,0.0,16.09687465,29.26704482,0.0,63.34402701,49.33964424,51.94900456,2.195028362,3.9000091552734375,3,1.17329138636739,0.441751561327669
8063100,6.626071496,176.5255093,132.1654553,245.6947005,0.0,194.246286,29.81732173,23.19125024,30.64558067,54.76250868,109.5105637,51.3520541,0.828258937,5.5999908447265625,4,1.37826685761631,0.527751444505976
8063800,7.732510351,185.057433,138.9796491,244.7047235,11.59876553,1597.070191,36.72942417,25.13065864,41.56224314,56.58197416,147.9713907,61.86008281,5.799382763,6.5,3,1.27556007819505,0.391367716696048
8064100,8.791337851,185.836039,142.1607201,245.7369639,2.93044595,416.1037339,34.18853609,28.32764419,35.1653514,55.15530021,123.5741039,61.53936496,2.93044595,6.0,4,1.49137064813554,0.503169544651294
8064700,5.446255622,136.4775163,108.6996162,177.7899755,0.90770927,0.0,20.87731322,35.40066154,0.0,59.1662714,67.88597129,59.90881184,4.538546352,5.5,4,1.46455651799472,0.523600719762564
8066200,12.21921929,88.61911467,46.52516391,135.4677823,0.0,0.0,20.07443169,39.276062,0.0,72.9826206,80.57490611,71.56971298,83.78893227,7.6999969482421875,4,1.29951734182096,0.743629713484723
8066300,8.127241759,74.14244898,46.14476519,115.391723,0.0,0.0,18.9635641,38.83015507,0.0,76.57447648,49.23158362,79.46636386,90.30268621,5.100002288818359,3,1.92383018077019,0.483675790217936
8068780,1.316708244,61.0,44.0,92.0,9.655860454,0.0,9.655860454,17.11720717,0.0,70.0,18.0,34.23441434,4.389027479,1.3000030517578125,2,1.44143407004456,0.230134896651123
8070000,8.922606819,97.14940265,63.73283595,134.0105727,0.811146074,0.0,17.84521364,35.69042728,0.0,72.50230899,86.2704345,67.32512418,79.4923153,7.199996948242188,5,1.52747248068781,0.784625483648283
8070200,10.3332354,89.89528923,58.03691633,126.0929809,0.939385036,0.0,20.6664708,41.3329416,0.0,73.1161778,77.90791942,77.96895802,92.05973357,6.299995422363281,5,1.48696268840505,0.733847501252065
8079600,7.5574097,882.6178101,826.9120503,934.8233423,0.944676213,0.0,19.83820046,43.45510578,0.0,30.07277608,241.7965312,33.06366744,0.0,3.0,5,1.52493464319268,0.104339602866214
8080700,3.957092899,1209.142259,1169.371061,1249.406825,0.0,0.0,22.75328417,38.58165577,0.0,27.54864337,168.8669616,31.65674319,0.0,3.7999267578125,3,1.36277597835047,0.117048058977711
8082700,3.452374773,449.9316356,425.711384,485.422768,0.0,0.0,18.98806125,34.52374773,0.0,38.38987418,112.7797484,37.11302881,0.0,3.5,3,1.79672121221295,0.588892584067116
8083100,7.864314042,661.8295808,601.6409722,728.0314495,0.0,0.0,21.62686362,42.27068798,7.864314042,34.78603543,253.8629698,38.33853095,0.0,4.5999755859375,3,1.65038551303094,0.233215163187552
8083420,12.63144848,641.8557956,570.7061372,737.8884441,7.578869091,2165.928287,20.21031758,34.52595919,32.84176606,39.40610872,401.2543931,37.89434545,19.36822101,3.4000244140625,1,1.12606141473014,0.553845459356807
8084000,10.9068319,622.1815107,566.9793931,704.6133326,1.983060346,400.3234464,22.80519398,41.64426726,29.74590519,37.30577054,271.9572244,41.64426726,4.957650865,4.89996337890625,5,2.01231306572216,0.383117243247642
8084800,3.534018288,520.6024286,489.6348172,570.543728,0.0,0.0,20.32060516,37.10719203,37.10719203,36.61812177,146.3149031,37.10719203,0.0,2.5,3,1.68402123445956,0.330603906738026
8086050,15.89210632,502.2262947,436.2348796,607.3550964,0.0,0.0,23.83815949,37.74375252,0.0,40.57190953,275.8871661,45.68980568,7.946053162,8.199981689453125,4,1.61866330241443,0.596911676189794
8086212,14.21008359,486.4193511,416.5977422,581.4052708,0.0,0.0,21.31512539,33.74894853,0.0,40.5593721,308.6666526,40.85399033,3.552520898,8.20001220703125,4,1.56586137965701,0.559154489663797
8086290,10.23039154,459.2075608,402.3639399,543.0539541,0.0,2126.466279,16.5260171,32.26508101,0.0,41.61688685,222.1845431,36.98680018,5.508672367,7.300018310546875,4,1.70428204689372,0.586296398617975
8091500,20.70878792,330.3302497,251.5863795,415.8567623,0.0,0.0,21.65009646,36.71103313,0.941308542,47.45602283,227.7694427,50.83066125,33.8871075,12.79998779296875,4,1.84546663443421,0.635933915243612
8092000,8.829292786,250.4312909,205.7015141,296.6762531,4.414646393,505.9520788,22.07323196,31.78545403,0.0,50.42247156,149.4930621,51.20989816,6.18050495,6.0,3,1.30868006658227,0.381123471442442
8093360,6.683858419,207.0849179,172.080731,257.4392896,0.742650935,12.77379797,24.50748087,22.27952806,21.53687713,52.10401989,125.2597029,43.81640519,2.227952806,6.399993896484375,4,1.41306787658332,0.4071753006875
8095000,15.59094694,350.2158982,286.6117355,417.1007811,0.974434184,0.0,26.30972297,33.13076225,22.41198623,48.07424075,229.218066,53.59388012,16.56538113,8.899993896484375,4,1.6059048106276,0.497307195132005
8095200,15.48751076,338.6712974,274.2136863,406.1323751,0.967969422,0.0,26.1351744,32.91096036,27.10314383,48.19473519,240.8385924,53.23831823,20.32735787,9.199981689453123,4,1.57575700557758,0.472417688384993
8095300,9.108738613,264.7923743,201.6905781,322.4201571,0.0,0.0,29.14796356,25.50446812,91.08738613,50.61048249,240.3686126,51.91981009,14.57398178,7.100006103515625,3,1.2530524620625,0.359965746585198
8095400,6.646948863,264.0,146.0,374.0,0.0,0.0,26.58779545,23.26432102,81.42512357,50.0,315.0,47.35951065,15.78650355,6.5,2,1.2784764196325,0.452456346333798
8098300,3.154611253,134.0,98.0,177.0,0.0,0.0,12.61844501,19.9792046,0.0,53.0,78.0,31.54611253,0.0,4.5,2,1.32624424364135,0.633200568373954
8099100,9.07688977,465.4854268,422.8886478,519.4599607,0.0,877.9897665,19.06146852,38.12293703,9.984578747,44.45241444,221.0799372,46.29213782,1.815377954,6.399993896484375,4,1.97730669751361,0.529843127671385
8099300,8.565870061,470.5269007,427.9487112,527.0803933,0.0,0.0,18.84491413,34.26348025,1.713174012,43.9589143,182.6850596,42.82935031,0.856587006,6.0999755859375,3,1.72631948676756,0.479128071143167
8099500,10.48882191,453.3449259,404.6113068,521.0586905,0.0,440.20485,20.97764382,38.14117059,9.535292647,44.6725556,203.4323593,48.6299925,0.953529265,6.699981689453125,5,2.13534386234301,0.525631063236836
8100000,12.85174825,438.3863626,382.5441103,508.8769379,0.0,637.029195,23.72630446,36.57805271,13.84034427,44.78520723,216.229942,50.41839698,0.988596019,7.29998779296875,5,2.09390025612195,0.537271559217595
8100500,12.82142339,415.9217918,359.4496708,486.63711,0.0,830.9454064,24.65658344,35.50548016,11.83516005,45.09480149,226.9880462,50.29943023,3.945053351,7.600006103515625,5,2.21377423235764,0.519925648870061
8101000,17.53784075,382.3124475,308.9147268,464.6035738,0.0,0.0,28.2554101,30.20405907,23.38378767,45.42387917,339.2390461,50.66487328,11.69189383,10.70001220703125,4,1.63329695994154,0.44192549486025
8102500,14.99299996,379.544814,319.6525967,452.2510958,0.999533331,717.8076102,26.98739993,33.98413324,23.98879994,46.01776371,257.4160224,51.97573319,11.99439997,8.300018310546875,5,2.33182041627622,0.487658776043755
8103800,18.90297575,404.6571545,331.7475992,487.5644098,0.0,0.0,29.84680381,30.84169727,53.72424686,44.70554929,329.7992184,50.73956648,10.94382806,10.899993896484377,4,1.31390464146356,0.490856718046987
8103900,9.23079393,356.0,279.0,435.0,0.0,0.0,15.74664847,17.3756121,0.0,47.0,227.0,29.32134542,23.89146664,11.600006103515623,2,1.28302579288837,0.722534919426368
8104700,12.91535582,353.157061,288.9416694,423.3625185,1.845050831,432.2656078,26.75323705,28.59828788,13.83788123,48.7486549,227.2399865,50.73889785,50.73889785,9.5,3,1.37027107970907,0.502172545405725
8104900,14.60273694,345.3652245,271.7299048,420.859483,1.947031592,0.0,27.25844229,30.17898968,15.57625274,49.34117007,241.4827755,54.51688458,75.93423209,10.150001525878906,3,1.26199804305324,0.517994999670186
8105095,6.490583021,298.2067739,240.813312,349.2690033,5.192466417,0.0,20.76986567,18.17363246,40.24161473,50.12130761,197.4166989,36.99632322,18.82269076,7.29998779296875,3,1.31838564332978,0.453010778198259
8105700,10.45281588,292.7044567,232.209707,360.3069817,3.801023957,1012.390811,30.40819165,26.6071677,41.81126353,50.12667212,187.660471,54.16459139,36.10972759,7.600006103515625,4,1.45167775624687,0.53411062802008
8109700,10.59346603,145.8925963,113.3788304,190.840854,0.0,0.0,21.18693206,37.5586523,0.0,54.23861376,93.90578231,58.74558436,0.963042367,7.0,4,1.6718192224615,0.621672532666193
8110325,5.804992642,165.0939416,140.9104465,197.5156664,0.0,0.0,21.56140124,31.5128172,0.0,56.46201798,79.52417229,52.24493378,2.487853989,4.600006103515625,3,1.43367874971419,0.552427197119889
8111700,11.10763221,97.59249192,64.89939036,139.3737454,0.0,0.0,22.21526442,35.17416867,0.0,61.43503972,99.0030402,63.86888521,6.479452123,8.5,4,1.2574147648346,0.550228790471694
8120500,6.648219477,753.0739212,703.6028518,807.7365966,1.662054869,0.0,17.45157613,36.56520712,0.0,32.72271568,396.9822691,30.74801508,0.0,5.5,2,1.53781487924404,0.337748153081822
8127000,9.76107401,588.3064237,529.3735518,688.1554981,0.0,776.1719047,24.40268503,37.09208124,17.56993322,37.82997957,242.7784935,41.97261824,4.880537005,5.0999755859375,4,1.2883087333003,0.511887280790029
8128000,11.38783163,714.6826845,659.2182113,757.6938483,0.0,0.0,26.57160714,33.21450893,94.89859694,31.67705444,297.3360627,34.1634949,0.0,6.5,4,1.23279588151588,0.270090346065558
8128400,7.836555722,791.9433823,749.3668399,833.6502065,0.0,0.0,20.57095877,46.03976487,86.20211295,26.62151566,233.5770603,29.38708396,0.0,2.89996337890625,4,1.82453031823682,0.18439396462612
8130700,12.67614779,735.6997835,681.3919686,799.4494915,0.0,0.0,24.3772073,38.02844338,95.55865261,30.27066122,297.6254305,33.15300192,0.0,7.300048828125,4,1.3509913819615,0.312260909435375
8131400,10.92039476,668.0,578.0,748.0,0.0,0.0,24.57088821,32.76118428,86.45312519,32.0,329.0,32.76118428,0.0,8.0,2,1.20612849985018,0.248399258833082
8133250,12.75307725,799.6844444,756.0480806,843.5742517,0.0,0.0,19.62011885,50.03130308,90.25254673,29.0,335.1728931,32.37319611,0.0,7.10003662109375,3,1.50010016731326,0.317683350617374
8134000,15.76562562,762.8466152,707.1278857,814.1460463,0.0,0.0,21.67773522,44.34082204,87.69629249,29.45901231,337.1089308,32.51660283,0.0,7.5,4,1.41697086777372,0.288190062320311
8134250,15.5090387,754.1229739,696.8090911,807.6946624,0.0,0.0,22.29424313,42.64985642,83.36108301,29.89403347,353.3406521,32.95670724,0.0,7.5999755859375,4,1.40377723841987,0.310849516173337
8144500,11.39556206,690.9834111,641.406856,735.3040618,0.0,0.0,27.53927497,31.33779566,94.96301714,32.80551581,289.6989696,35.13631634,0.949630171,7.89996337890625,4,1.3766170333648,0.418776629709374
8145000,8.375960738,609.7976719,563.9587063,661.8515637,0.0,1099.737303,26.05854452,30.71185604,78.17563355,35.45651738,292.8401578,38.15715447,1.861324608,6.70001220703125,4,1.45245661066389,0.481859622756321
8146000,11.97654958,603.8616222,548.7648973,662.506873,0.0,505.5562773,28.94332816,31.93746556,85.83193868,35.41389523,311.8957113,39.92183194,8.982412188,7.899993896484375,5,1.44463981693865,0.516254895741875
8148500,18.64104757,676.2025149,604.3715215,729.1999505,0.0,0.0,28.45212525,33.35766408,98.11077671,33.02417455,353.2432583,37.28209515,6.867754369,11.20001220703125,5,1.42871977923344,0.448815669654167
8150000,19.86274856,672.3808099,603.463795,724.2902231,0.0,0.0,28.80098541,33.76667254,98.32060535,34.47820825,370.1938021,38.73235968,12.91078656,11.5999755859375,6,1.5083183678306,0.454235487661379
8150700,20.98486478,634.4270915,554.2982721,701.4683766,0.0,0.0,28.97909899,33.97549536,87.93657624,35.38445644,379.5315998,40.97045029,23.98270261,11.9000244140625,6,1.47314253951513,0.501079502648933
8150800,24.57664985,563.4535923,460.0063959,664.1775789,0.0,0.0,27.52584783,33.42424379,93.39126941,40.9355686,366.7814952,46.20410171,37.35650777,15.10003662109375,4,1.53461327011106,0.609779143824486
8152000,26.55473745,447.7913255,324.5561424,608.4504566,0.0,0.0,21.24378996,32.75084285,11.50705289,43.49873868,393.8085684,44.25789575,56.65010656,13.70001220703125,4,1.42523392228349,0.555182959727625
8152900,16.72515526,604.3850689,522.4692559,670.8855109,0.836257763,0.0,23.41521737,26.76024842,83.62577631,43.44736031,314.3848442,41.81288816,38.4678571,12.70001220703125,4,1.39639619118062,0.510992840656112
8153500,20.89596489,544.0553183,465.2633364,634.533398,0.995045947,0.0,27.86128652,31.84147031,84.57890551,45.36894518,315.4042616,51.74238925,35.8216541,12.4000244140625,4,1.43005960347627,0.488557624009411
8154700,11.98800356,734.6358085,678.5829664,800.4314546,0.999000296,531.0460949,23.97600711,40.95901215,36.96301096,32.17090189,257.2786461,36.96301096,8.991002667,26.59999084472656,2,2.54152833926745,0.602393977817317
8155240,21.73634459,319.3113718,219.2185545,414.7964031,15.29594619,0.0,24.15149399,24.15149399,0.8050498,50.62574844,308.5029937,45.88783858,71.64943217,17.5,3,1.95172523661623,0.580859701231356
8155300,23.71086586,315.0339823,212.6981437,411.5622793,16.68542412,0.0,26.34540651,26.34540651,0.878180217,50.57358515,308.2943406,50.05627237,78.15803931,17.5,3,1.95393929698391,0.592337599462996
8155400,24.27191226,313.9456867,211.0391565,410.7394216,17.08023455,0.0,26.9687914,26.9687914,0.898959713,50.56031325,308.241253,51.24070366,80.00741448,17.5999755859375,3,1.95676813305272,0.600496896013216
8155541,11.98228936,732.7650355,676.5107666,798.6954445,0.998524113,532.6705285,23.96457872,40.93948865,36.94539219,32.24792948,257.5539813,36.94539219,8.98671702,11.599990844726562,1,1.08103739573048,0.351008238524912
8156675,11.98337465,732.7169634,676.4630645,798.6494656,0.998614554,532.9478938,23.9667493,40.94319672,36.9487385,32.24938635,257.5482803,36.9487385,8.987530987,9.599998474121094,1,1.18410673621542,0.277072315892076
8156800,11.98554397,732.6208998,676.3677402,798.557585,0.998795331,533.5021591,23.97108794,40.95060857,36.95542725,32.25229765,257.5368878,36.95542725,8.989157979,9.900009155273438,2,1.20480290250703,0.541917150642368
8156910,11.98216025,732.770755,676.5164421,798.7009149,0.998513354,532.6375285,23.9643205,40.93904751,36.9449941,32.24775615,257.5546596,36.9449941,8.986620186,6.70001220703125,1,1.02420070189716,0.714603428084744
8158030,11.98234945,732.7623735,676.508125,798.6928984,0.998529121,532.6858879,23.96469891,40.93969397,36.94557748,32.24801016,257.5536656,36.94557748,8.98676209,7.0,1,1.10030459319057,0.409071140753092
8158035,11.98291307,732.7374077,676.4833514,798.6690197,0.998576089,532.8299349,23.96582614,40.94161966,36.9473153,32.24876677,257.5507048,36.9473153,8.987184803,7.6999969482421875,1,1.18759723663209,0.555556790248173
8158200,6.040877288,212.0,130.0,294.0,36.67675496,0.0,17.25964939,10.78728087,43.14912349,50.0,173.0,24.59500039,32.36184261,9.650001525878906,2,1.38622164396114,0.589783079058483
8158380,1.191524369,212.0,130.0,294.0,7.234255099,0.0,3.404355341,2.127722088,8.510888352,50.0,173.0,4.85120636,6.383166264,8.399993896484375,1,1.11822043208704,0.333819749146833
8158600,11.97229363,212.0,130.0,294.0,72.68892561,0.0,34.20655323,21.37909577,85.51638307,50.0,173.0,48.74433835,64.13728731,9.79998779296875,3,1.46310210625563,0.607092268140817
8158700,13.8000273,374.3115614,302.9507189,469.7754957,2.070004096,0.0,21.39004232,20.01003959,17.9400355,51.99403192,282.478137,40.02007918,49.68009829,14.600006103515623,3,1.8967343791884,0.429628818002636
8158810,4.473628012,284.0,196.0,367.0,1.883632847,0.0,8.0054396,6.592714965,9.653618341,51.0,195.0,13.65633814,23.30995648,13.29998779296875,2,1.35912982741991,0.542663005011183
8158827,15.40074994,327.181377,253.1216628,423.8193784,11.34792101,0.0,25.93810516,23.5064078,29.99093409,51.53049999,229.9656796,47.0128156,63.22413133,12.600006103515623,3,1.89033663020859,0.466957696425325
8158840,15.94784098,324.0882099,250.2363403,421.458915,11.75104072,0.0,26.85952165,24.34144149,31.0563219,51.47800476,228.3204856,48.68288298,65.47008401,14.25,2,1.1774540707737,0.529944800993054
8158860,16.85711106,319.391413,245.8551435,417.8746868,12.4210292,0.0,28.39092389,25.72927478,32.82700575,51.39829376,225.8223528,51.45854956,69.20287699,9.5,2,1.31412032117091,0.560058104904074
8158920,14.91613358,342.8115926,255.0420619,432.5648627,10.49653844,0.0,16.57348175,16.57348175,0.552449392,50.9123365,309.649346,31.48961533,49.16799586,15.25,1,1.17337031715823,0.436558633391429
8158930,15.85003474,305.6490786,233.2852335,407.1534674,17.61114971,0.0,29.05839703,24.6556096,32.58062697,51.15825403,217.650415,51.07233417,65.16125394,8.600006103515625,2,1.22618057832066,0.602666165129166
8158970,16.31020052,302.3580146,230.399422,404.4688671,18.12244502,0.0,29.90203429,25.37142303,33.52652329,51.09736241,215.2621412,52.55509057,67.05304659,8.900009155273438,2,1.38803851148646,0.56905307272763
8159000,16.91225498,298.3226155,226.8609308,401.1770947,18.79139443,0.0,31.0058008,26.3079522,34.76407969,51.02269901,212.3337151,54.49504384,69.52815938,11.20001220703125,4,1.86987719823042,0.535571003059684
8164000,6.650091728,81.07441792,53.71093076,116.4928226,0.0,0.0,22.8003145,37.05051106,0.0,56.1321336,63.90166422,60.80083866,17.10023587,5.0,5,1.61638413122591,0.558673576280946
8164300,8.865532098,105.7861492,72.60991805,148.573974,0.0,0.0,23.93693666,32.80246876,0.0,57.92455615,86.04027595,58.51251184,5.319319259,7.399993896484375,4,1.45564247234296,0.512417443094191
8164390,6.588265058,85.93857842,58.93289854,121.4687146,0.0,0.0,23.52951807,35.76486746,0.0,58.53726244,63.50302638,63.05910841,25.41187951,4.900001525878906,4,1.47048109367453,0.551373815899262
8164600,1.792624346,45.0,16.0,76.0,0.0,0.0,19.71886781,37.64511127,0.0,55.0,22.0,56.46766691,5.377873039,1.7000007629394531,3,1.29107322604614,0.515945535730461
8165300,20.36467413,666.8041711,594.7931037,724.081918,0.0,0.0,24.79177721,30.10430089,88.54206145,42.0,333.4256574,42.50018949,60.20860178,13.699951171875,3,1.41645233447879,0.554562418977946
8165500,23.99668179,658.5642482,571.4120828,722.2594093,0.0,0.0,25.84258039,31.38027618,92.29492995,42.334569,351.5887469,44.30156638,70.14414676,15.0,4,1.43913319120323,0.575378850916155
8166000,18.63771919,634.718716,551.6975855,694.2829309,0.887510438,0.0,24.85029225,29.28784444,88.75104375,41.41300768,294.1072994,41.71299056,60.35070975,12.9000244140625,3,1.47056862451475,0.530772164438345
8166140,23.86060482,642.9172101,557.3435656,707.9291351,0.91771557,0.0,25.69603596,31.20232938,91.771557,42.18224099,338.4483903,44.05034736,68.82866775,15.0999755859375,4,1.34059323451409,0.569332327949772
8166200,24.62747201,640.9891893,555.4334074,706.5612394,0.947210462,0.0,26.52189293,32.20515571,94.7210462,42.20770494,338.434428,45.46610217,71.04078465,15.20001220703125,4,1.3286993350906,0.569864443286655
8166250,26.46557733,631.3134812,546.1225134,699.5478221,2.940619703,0.0,27.44578389,32.34681673,98.02065676,42.37926493,339.9374002,47.04991525,72.535286,15.70001220703125,4,1.36633732818325,0.569320468813766
8167000,29.06382148,600.7796534,512.6426217,680.8995207,1.937588099,0.0,27.12623338,31.00140958,96.87940495,43.1673617,351.4509094,47.47090842,62.97161321,16.79998779296875,4,1.37222966915504,0.573619809655561
8167500,29.92809335,543.7301125,457.2287115,637.9949657,0.997603112,0.0,27.93288713,30.92569647,99.76031118,45.17342551,325.667384,50.8777587,64.84420227,17.0,4,1.62319561652089,0.540248134363442
8167800,29.98064109,526.5455124,442.258031,622.0987728,0.967117454,6.944213194,27.07928873,30.94775854,96.71174545,45.69234584,319.7032302,50.29010763,63.829752,17.0999755859375,4,1.70299561507294,0.544689574941281
8168500,29.65162449,514.0697547,429.5955478,609.8412061,0.988387483,123.8359888,27.67484952,30.64001197,98.8387483,46.01097384,319.0016441,51.39614912,66.22196136,17.29998779296875,4,1.79700202149482,0.54885659482637
8168797,17.59723291,288.2911183,216.2101151,386.8075657,8.335531377,0.0,30.56361505,26.85893444,92.6170153,49.28227796,205.5208675,51.86552857,59.27488979,11.0999755859375,3,2.05260601471804,0.482695745724366
8169792,26.56136986,457.4732626,380.141415,550.2941398,2.951263317,267.4572263,28.52887873,31.48014205,87.55414508,46.4189384,282.5655015,52.13898527,57.05775747,14.399993896484377,4,1.8333891029169,0.539949658219194
8170500,19.18569945,268.0,177.0,385.0,9.592849727,0.0,36.45282896,24.94140929,95.92849727,52.0,231.0,55.63852842,84.4170776,12.5,2,1.15404537757714,0.466694064784807
8171300,26.25114478,401.4646008,317.5027021,514.1734981,0.937540885,0.0,27.18868567,28.12622655,58.12753487,51.38560555,298.47744,54.37737133,64.69032107,16.0,3,1.62433245590876,0.47353621727555
8172000,19.40313816,297.7567672,228.2451564,399.4623492,1.940313816,0.0,31.04502105,29.10470724,48.50784539,50.8577861,216.1171897,55.29894375,44.62721776,10.20001220703125,4,1.84605533560154,0.513892973500878
8172400,8.136856374,191.6133462,146.5448817,258.9620102,11.09571324,0.0,27.36942599,20.71199804,14.79428432,50.0,105.1828805,42.1637103,2.958856863,7.29998779296875,4,1.47381456549121,0.579736120191925
8173000,8.048324098,168.9086217,129.3009769,224.5047588,5.633826869,0.0,24.9498047,25.75463711,6.438659278,50.57321632,100.0394761,45.87544736,3.219329639,5.899993896484375,4,1.43478309103138,0.587279821673479
8173900,21.61284201,351.8696098,285.8238965,438.3244596,2.947205728,221.8863177,29.47205728,31.4368611,59.92651647,48.24201533,226.9627875,54.03210502,43.22568401,10.699981689453123,5,1.99518186497922,0.542018661378069
8175000,7.478635394,111.4684893,81.17577131,163.4322725,0.0,0.0,28.97971215,30.849371,0.0,47.37457244,69.10661092,50.48078891,11.21795309,5.100006103515625,5,1.78512144142079,0.595302453404724
8176900,6.005978361,90.79799578,57.61207503,131.4624544,0.0,0.627852525,22.30791963,32.60388253,0.0,48.80707403,75.16842179,48.04782689,12.86995363,5.5,4,1.49404227772758,0.750014722693078
8177300,1.760644482,58.0,29.0,95.0,0.0,0.0,7.394706824,15.14154254,0.0,50.0,54.0,20.07134709,17.95857371,5.299995422363281,3,1.21370318299101,0.996260914269719
8177700,5.353631541,321.0,187.0,538.0,14.60081329,0.0,7.543753536,7.300406647,24.33468882,45.0,176.0,12.65403819,12.16734441,10.899993896484377,2,1.26003513317703,0.392802124131117
8178565,13.34349733,276.7819626,182.4083951,429.6266296,66.71748667,0.0,27.57656116,27.57656116,76.50271805,42.99622772,149.489263,43.58875796,24.90786169,6.3000030517578125,3,1.352785345289,0.377489948553306
8178800,13.33749662,292.7818398,209.3629826,384.0624461,55.85076709,0.0,25.00780616,26.67499324,76.69060556,45.79086311,179.944036,42.51327047,47.51483171,9.600006103515623,4,1.54412369372631,0.51319927887291
8178880,52.44999538,560.3815698,452.1775835,673.6937344,0.0,0.0,27.70943152,31.66792174,96.98301033,42.69404139,478.1508913,48.49150516,77.19055924,23.0,4,1.74437648581717,0.694769164352949
8180700,38.02096181,447.6099992,351.8606489,570.4557022,0.0,385.8691435,28.27199724,31.19668661,92.61516337,43.03699384,368.8458188,47.76992637,63.36826968,16.5999755859375,4,2.0305411229658,0.652300475157733
8181400,6.021986862,355.0,261.0,511.0,4.273668096,0.0,5.050698658,6.604759784,19.42576407,45.0,250.0,9.907139676,15.34635362,23.39999389648437,2,1.27307319682288,0.661835378916189
8181480,16.39219055,305.441361,232.56075,422.6743819,42.27459669,0.0,25.01965926,28.47064675,74.19623092,43.49205895,183.8361628,42.27459669,51.76481227,9.399993896484377,4,1.676432650349,0.492994283225972
8181500,30.13124667,387.4393185,303.6614461,497.3223438,9.719756989,344.6701044,28.18729527,31.10322237,79.70200731,42.37209785,301.9303238,46.65483355,54.43063914,11.70001220703125,5,2.02878408902441,0.618952443142376
8181800,26.44678552,352.7450625,271.6888985,460.2354589,22.52874322,289.8480765,28.40580667,32.32384897,79.34035657,42.54877237,262.6621442,47.0165076,50.9345499,10.100006103515623,5,1.97064481551854,0.583067790404593
8183200,24.97351912,331.3219038,254.7347025,434.2589857,20.97775606,542.6700926,27.97034142,32.96504524,72.92267584,42.24266549,248.6616777,47.94915672,46.95021595,9.5,5,1.74668320244661,0.580957827850396
8183500,23.89669172,317.6536507,244.4619336,416.0854872,18.91821428,554.9654143,27.87947367,33.8536466,67.7072932,42.06622769,239.69266,47.79338344,43.81060148,9.0,5,2.00609831538744,0.583320721528232
8183900,17.28548636,506.5559143,420.4121921,606.0908356,4.938710388,0.0,17.90282516,18.52016395,61.73387985,49.0,340.4860716,34.57097271,46.91774868,17.199981689453125,3,1.47222356685092,0.533103816857855
8185000,20.43264832,409.9379465,342.0381017,504.6623468,7.66224312,0.0,24.68945005,26.39217075,82.58195363,49.58565555,262.1901615,46.82481907,57.89250358,13.400009155273438,3,1.76990327810928,0.509709814370817
8185065,23.12101999,388.5615643,322.3933077,482.7369175,8.670382496,0.0,27.93789915,29.86465082,93.44745579,48.93651756,243.922278,52.98567081,65.50955664,12.100006103515623,3,1.76228600951789,0.500808727203876
8185100,9.083373522,205.0,160.0,303.0,25.43344586,0.0,29.06679527,30.88346998,60.8586026,42.0,119.0,43.60019291,10.90004823,6.3000030517578125,3,1.60838983769068,0.565359155689172
8185500,15.13355463,282.5326052,232.8387129,363.6903892,8.512624479,0.0,26.4837206,32.15880359,56.75082986,45.97891266,175.2222276,49.18405255,31.21295642,7.5999755859375,4,1.87528305138609,0.529659540539491
8186500,7.320494006,129.5342917,98.21494378,175.3242358,0.0,0.0,28.36691427,30.19703777,0.0,44.98459081,93.63990331,46.66814929,8.235555757,5.0,4,1.59862823528973,0.62056020529961
8189300,7.998076443,112.9554112,78.92634951,150.4490894,0.0,0.0,19.55085353,37.32435673,0.0,42.16820899,125.1988407,42.65640769,2.666025481,7.0,4,1.55818777226187,0.74600817369442
8189500,4.760882223,71.86250646,45.49233859,104.0298728,0.0,0.0,21.90005823,39.03923423,0.0,46.6450824,73.83417136,51.41752801,20.94788178,3.4000015258789062,5,1.5105036498213,0.590928647348926
8190000,48.32401004,589.7499266,477.5790768,698.0833394,0.0,0.0,27.06144562,33.82680703,59.92177245,38.00956225,556.3854062,41.55864863,63.78769325,20.79998779296875,5,1.3390642008002,0.577243780440117
8190500,27.60012408,614.8890355,535.7432624,693.0898058,0.0,0.0,28.5858428,33.51443639,98.57187172,34.98261785,504.7443217,39.42874869,28.5858428,14.39996337890625,4,1.45032588330438,0.423520279696958
8192000,35.30094278,553.8635176,463.1963397,652.4330871,0.0,0.0,27.45628883,33.33977929,77.46595777,36.20966425,500.1349213,41.18443324,42.16501499,15.20001220703125,5,1.38853374231957,0.525795958949581
8194200,4.373610021,157.6244614,124.2353894,203.2667176,0.0,0.0,22.74277211,34.11415816,0.0,26.69408673,111.9898909,27.11638213,13.12083006,3.600006103515625,4,1.37111583165631,0.58247732233095
8195000,60.56489875,602.1207243,472.5201636,716.3014808,0.0,0.0,26.8074142,33.75748455,99.28671926,40.4686418,574.2868214,45.67189086,75.45790664,23.5,4,1.43817624606682,0.68290213034117
8196000,48.82219114,557.8613645,448.1567972,675.4491132,0.0,0.0,25.34998386,32.86109019,87.31661107,39.5415368,620.104352,42.2499731,81.68328132,23.5,4,1.88273130359592,0.856266826432718
8197500,45.25140664,554.6816198,436.2404937,676.8181112,0.0,0.0,24.43575958,30.77095651,88.69275701,39.48515313,546.2451398,40.72626597,57.01677236,20.70001220703125,5,1.52169605875155,0.719698383482812
8198000,44.16738918,528.7923143,394.479098,690.3679545,0.0,0.0,22.50036807,28.33379683,49.16747098,39.9409022,513.7590301,37.50061346,55.00089974,21.10003662109375,4,1.38283851640493,0.602743781395421
8198500,50.63151921,504.4414241,376.804962,671.0488092,0.0,0.0,25.79341545,32.48059723,56.36338931,39.43792347,476.011201,42.98902575,63.05057109,16.79998779296875,4,1.44865579737393,0.630167038521848
8200000,49.52394075,478.6675889,378.6005533,651.6588352,0.0,0.0,23.45870878,27.80291411,66.03192101,40.63556785,527.6150671,40.8355301,66.03192101,21.100006103515625,4,1.33990403571609,0.583757435332975
8200720,42.92831084,436.5448526,339.4254144,607.1681377,0.0,0.0,26.71094897,30.52679882,80.1328469,40.10825605,436.1017612,43.8822733,66.77737242,14.899993896484377,4,1.38507797827862,0.634550992718668
8200977,17.35301732,427.0,310.0,573.0,0.0,0.0,12.45857654,13.34847486,44.4949162,42.0,436.0,21.35755978,34.26108548,21.39999389648437,3,1.1894742311629,0.65303984353038
8201500,57.81717698,516.0,390.0,678.0,0.0,0.0,21.68144137,27.3025558,0.0,41.0,569.0,36.93875196,69.86242218,28.800018310546875,3,1.38291330954854,0.631615188217944
8204005,5.880956413,312.7070237,267.7701054,429.3119943,3.675597758,0.0,20.58334745,24.2589452,42.63693399,34.48993575,185.6206471,28.66966251,6.616075965,3.79998779296875,4,1.45187407249109,0.565660717600573
8205500,23.54805029,347.2554988,278.3994296,450.0133569,0.0,0.0,27.47272534,33.35973791,47.09610059,36.39626846,278.1160175,41.20908801,39.24675049,5.899993896484375,6,1.66938264511665,0.594061718961876
8206700,6.599999593,174.5716515,138.8585063,224.9267333,0.0,0.0,24.5142842,36.7714263,1.885714169,35.31908725,150.2116803,37.71428339,9.428570847,4.700004577636719,4,1.44572754473525,0.565931127307318
8211900,5.023850971,125.567888,89.72677872,174.6740648,0.837308495,0.0,18.42078689,36.84157379,0.0,35.6323535,109.4762247,34.3296483,11.72231893,4.5,4,1.39351261518012,0.415573516484697
8212400,4.450966971,172.522817,131.302793,218.7928907,0.0,0.0,18.69406128,40.05870274,0.0,31.35434462,111.2144981,32.04696219,18.69406128,3.5,4,1.34502250108349,0.347035426715451
8269000,86.2838026,2863.882258,2311.814118,3804.813895,0.639139278,0.0,7.030532063,35.7917996,63.91392785,55.08478541,746.2713356,34.51352104,55.60511723,118.7998046875,3,1.58743643945988,0.560766367584737
8271000,59.35743011,2814.0,2061.0,3916.0,0.0,0.0,5.016120854,23.82657406,41.80100712,53.0,862.0,25.91662441,27.5886647,188.699951171875,2,1.2539151800222,0.481198742638358
8277470,91.63314506,3002.660178,2489.802999,3795.352312,0.0,0.0,7.813679036,39.77872964,63.93010121,63.17103635,801.1992517,47.59240868,71.03344578,100.900146484375,3,1.48652229532164,0.526094452273865
8324000,94.33462804,2601.020256,2161.166821,3102.002227,0.0,0.0,10.5885807,53.90550174,27.91534911,52.21113102,812.4846063,53.90550174,91.44683331,52.199951171875,5,1.31346801229326,0.841385556331895
8378500,125.2435049,3067.046101,2408.736821,3727.512774,0.0,0.0,9.567212179,48.70580746,85.23516305,68.47179003,817.1512529,66.10073869,86.97465617,115.7001953125,4,1.17963360636995,0.555812208358027
8380500,87.43400542,2631.246233,2149.937084,3223.497585,3.736495958,0.0,9.714889491,41.84875473,60.53123452,49.47682104,811.9714018,38.11225877,69.49882482,76.099853515625,4,1.17848736891,0.661647028886395
8382500,50.3926182,1995.575593,1789.866782,2290.363352,0.988090553,1172.02108,17.78562995,47.42834654,47.42834654,30.18777005,687.5320132,33.5950788,57.30925207,17.199951171875,4,1.63660687694965,0.627226997472508
8382650,57.49854105,2081.407384,1831.402196,2438.709005,0.0,332.7294503,16.85302065,50.55906196,46.59364533,32.39295867,679.4380736,35.68874962,64.43802014,20.9000244140625,5,1.86449774449816,0.623022670353064
8386505,31.2220671,2422.0,1986.0,3546.0,0.0,0.0,4.4602953,12.33140465,22.56384681,44.0,764.0,12.59377496,24.92517962,118.5,3,1.3200913826258,0.657865580364891
8405500,54.90021938,1353.262463,1101.097449,1843.658935,0.0,0.0,18.93111013,45.43466431,66.25888546,17.72236191,762.0476213,18.93111013,9.465555065,14.29998779296875,5,1.32921519795203,0.960775261793197
8406000,57.26829399,1337.417521,1092.659596,1814.32002,0.0,0.0,19.74768758,47.3944502,69.11690654,17.77518238,744.3511587,19.74768758,9.873843792,13.5,5,1.31678494824713,0.950110314808082
8408500,25.76988781,1267.662586,1105.308755,1575.515774,0.0,0.0,18.83184109,50.54862609,77.30966343,14.97158293,601.4198991,16.84954203,0.991149531,12.699951171875,5,1.38572696145783,0.436522592078202
8447020,30.94188736,848.3421975,738.8934937,940.1159915,0.0,0.0,21.95875877,48.90814454,99.81253987,22.04895203,478.4716266,23.95500957,0.0,16.29998779296875,4,1.31349517698821,0.338747314725456
9183500,40.55955962,2169.0,1294.0,3776.0,0.0,0.0,6.34845281,15.87113202,0.0,38.0,875.0,14.10767291,14.10767291,101.39990234375,2,1.81977549558156,0.819193105991478
9258980,31.79987537,2122.839508,2006.122915,2340.299417,0.0,0.0,16.89368379,49.68730527,0.0,25.42201943,631.5568285,25.83739874,9.937461053,13.599853515625,5,1.9502671349716,0.471607863939111
9295000,100.4858179,2452.168014,2027.707053,3044.708382,0.0,916.7754278,17.56062838,43.90157094,2.926771396,47.58924605,550.7962114,50.7307042,55.60865653,54.5,9,1.70173302608181,0.903268989040725
9329050,27.31300991,2894.0,2343.0,3495.0,0.0,5257.0,3.901858559,13.2663191,0.0,51.0,876.0,14.56693862,24.19152306,80.2999267578125,2,1.29575787962897,0.357311792348693
9337500,96.41314114,2476.184821,1833.865876,3201.270596,0.0,0.0,14.75711344,50.17418569,0.0,36.0141622,915.7826355,36.40087982,73.7855672,51.7998046875,5,1.35952957803352,0.616473121215069
9367000,66.34818415,2294.103289,1947.760237,3028.207773,0.0,0.0,14.63562886,52.68826388,0.0,42.20159236,677.2553274,43.90688657,56.59109824,26.699951171875,4,1.26846335783694,0.741077737441121
9379200,41.7780504,1906.835881,1723.585243,2252.570476,0.0,0.0,14.92073229,53.71463623,2.984146457,21.69655065,982.3819084,21.88374069,18.89959423,13.4000244140625,6,2.6801088431484,0.598546162758776
9381800,81.47560478,1941.016759,1624.158383,2490.866979,0.0,0.0,16.85702168,44.95205781,26.22203372,23.38591664,902.6490733,21.5395277,14.04751807,41.300048828125,6,1.30315273441485,0.709674505345472
9382000,72.81833919,1879.425342,1532.600885,2351.014302,0.0,0.0,18.95271842,46.8830403,42.89299432,22.58867884,903.5838145,22.9427644,15.96018393,30.5999755859375,6,1.47793182224972,0.521924596593078
9401260,35.81224838,1883.238862,1709.799503,2100.234021,0.0,0.0,14.92177016,54.71315724,0.0,18.37816606,1093.686546,18.90090887,5.968708063,18.699951171875,5,1.88187797055566,0.605117347118225
9403600,61.57339236,2006.819942,1738.545423,2475.909747,0.0,0.0,14.95353814,42.22175476,1.759239782,31.37445768,753.041183,28.14783651,34.30517574,33.300048828125,3,1.26468115469192,0.505007170145942
9404115,67.98332027,2092.267684,1787.352239,2546.827708,0.0,183.3644425,15.99607536,49.98773549,11.99705652,30.93260383,741.2621339,32.99190543,34.99141485,10.199951171875,5,1.52541149971924,0.692781756429417
9404208,108.9611969,1508.420547,831.0929348,1925.680163,0.0,0.0,19.99288016,45.98362437,56.97970846,20.91672178,870.6745065,21.99216818,22.99181218,40.4000244140625,5,2.53752442616186,0.896793035398837
9404450,112.9007019,2232.0,1813.0,2591.0,0.0,0.0,15.9942661,45.16028075,67.74042113,36.0,787.0,34.81104975,88.43888314,65.900146484375,3,1.09964045899332,0.494212271973466
9404900,90.03285026,1941.051532,1547.989664,2334.652208,0.0,0.0,15.4342029,40.30041869,14.57674718,31.23678559,756.9176847,27.43858294,39.44296297,52.7000732421875,4,1.47819571205875,0.55621010196053
9405500,126.3531408,2245.263268,1574.571294,2880.629401,0.0,0.0,18.32602806,42.43922288,52.0845008,39.2814256,719.3040805,39.5456395,80.05580679,72.300048828125,4,1.41904883341467,0.625842144437443
9406000,113.0957945,1970.50803,1440.121127,2541.869262,0.0,0.0,18.36598372,43.49838249,34.79870599,33.44778519,752.2597789,33.83207527,52.19805898,60.2000732421875,5,1.60569135895681,0.635758678397012
9406100,116.8869429,1947.009105,1423.316221,2516.444996,0.0,0.0,18.98164031,44.95651652,35.96521321,33.10891839,747.9051543,34.96617951,53.94781982,58.9000244140625,5,1.43169960365344,0.646432038366964
9408135,114.9082841,1881.597874,1351.403103,2553.38546,0.0,0.0,18.98484694,45.96331365,37.96969388,32.3952301,737.4310712,33.972884,53.95693341,56.800048828125,5,1.49763073496286,0.683378130119322
9408150,110.4602728,1863.858155,1325.085047,2580.458134,0.0,164.7124395,18.41004547,44.57168903,37.7890407,32.16067091,737.308894,31.97534213,51.35433735,57.0,5,1.40655914911917,0.686687273239681
9408195,37.9183452,1562.121767,1397.966778,1882.82173,0.0,0.0,20.95487498,43.90545234,62.86462494,24.56538409,603.2566851,25.94413093,5.987107137,12.300048828125,5,1.45978153592789,0.787688520342057
9413000,93.88775722,1605.071894,1163.768763,2395.173441,1.997611856,64.31885949,16.97970077,48.94149046,73.91163866,27.58891485,837.2906337,28.96537191,47.94268454,42.5,5,2.57841872852316,0.976175422317649
9413200,76.81745538,1655.457618,1300.979667,2203.80429,0.997629291,79.22121407,19.95258581,45.89094737,56.86486957,27.57122322,699.6531045,28.93124943,30.92650801,26.5,9,1.41600999383821,0.778589325379349
9413900,69.53275812,1795.0,1389.0,2177.0,0.0,0.0,13.74484754,38.80898128,6.468163546,27.0,1109.0,22.63857241,74.38388078,42.7000732421875,4,1.70433730195674,1.22340413503204
9418500,54.79149864,1856.105933,1600.651646,2434.758848,0.0,0.0,15.38006979,47.10146375,0.0,25.23318501,1048.899752,24.99261342,44.21770066,22.699951171875,6,1.17186735192152,1.2062175109666
9419696,61.21516072,1176.946471,738.3072398,2103.523184,24.86865904,0.0,17.21676395,47.82434431,33.47704102,13.10810628,776.7520971,12.43432952,15.30379018,19.0,4,1.14297614176376,0.78517484878711
9419700,62.02636586,1170.434305,734.8506179,2090.739092,25.19821113,0.0,17.4449154,48.45809833,33.92066883,13.04130224,777.5138657,12.59910557,15.50659146,23.0,5,1.42585684629288,0.738358750557877
9419753,63.0455483,1148.872321,722.9465029,2049.402387,25.612254,6.066228938,17.73156046,49.25433461,33.49294753,12.82162501,778.9124962,12.806127,15.76138707,22.899978637695312,5,1.64109445360999,0.742328925093123
9419800,63.63773429,1143.46724,719.6902123,2039.628278,25.85282955,11.18342288,17.89811277,49.71697991,33.80754634,12.76745415,778.5969367,12.92641478,15.90943357,22.9000244140625,5,1.75939175537994,0.743554397766867
9423350,0.44422872,1355.0,1054.0,2191.0,0.0,0.0,0.197434987,0.66634308,0.0,18.0,1023.0,0.22211436,0.0,126.9000244140625,1,1.16,0.99104556803995
9424447,82.68217368,1419.151239,1004.653262,1851.917938,0.0,0.0,20.91958611,43.83151376,0.0,25.2928263,893.812766,26.89661072,18.92724458,37.800048828125,5,1.48113151516351,0.585328599746243
9424900,69.91138367,1215.056773,868.5009298,1712.51153,0.0,0.0,18.19611356,45.96912899,0.0,25.1400188,786.9807017,24.89994487,21.06918412,32.2000732421875,5,2.54899357532938,0.789311339901892
9430500,84.92153924,2270.826335,1948.793185,2721.898264,0.0,0.0,18.98246171,45.95753888,1.998153865,35.32236286,930.6690982,36.96584649,86.91969311,39.7998046875,6,2.67314433245459,0.824843332687469
9430600,102.0263046,2381.747498,1701.316433,3230.912316,0.0,0.0,11.40293993,27.00696298,0.0,42.78711058,1126.28368,24.00618932,51.0131523,138.0,3,1.31727595215313,0.580716137768867
9444200,124.8753579,2093.079474,1630.2008,2693.243202,0.0,0.0,17.5605972,44.87708174,0.975588733,37.89579124,839.2100626,39.02354934,92.68092968,69.099853515625,5,1.39504061624706,0.971202100676801
9447800,79.40104324,1597.667425,1332.175114,2149.872813,0.0,0.0,19.85026081,40.64577214,0.0,29.34584567,758.1935732,29.30276596,41.59102265,33.4000244140625,4,1.52980009333682,1.3217084628474
9468500,68.66545071,1359.747149,1029.708095,1904.45542,0.0,0.0,20.02742312,41.96221988,14.30530223,30.90156314,600.7536779,30.51797809,66.75807708,29.9000244140625,7,1.95507629134772,1.0707870181198
9470700,40.26217345,1517.015586,1351.796748,2312.775002,0.982004231,0.0,19.64008461,47.13620306,2.946012692,27.54933349,800.6203171,29.46012692,40.26217345,111.29998779296876,2,1.17902023088549,1.21074927502155
9470750,9.017867569,1695.0,1246.0,2611.0,0.819806143,0.0,1.639612285,4.463388999,5.920822141,33.0,993.0,3.279224571,5.374284713,176.800048828125,1,1.19475859337655,0.447672032565455
9470800,18.65592245,1695.0,1246.0,2611.0,1.69599295,0.0,3.3919859,9.233739394,12.24883797,33.0,993.0,6.7839718,11.118176,116.4000244140625,2,1.95355673194665,0.733020490526686
9471310,35.8516715,1567.746206,1394.10415,2035.085533,0.0,0.0,15.36500207,33.6566712,17.56000237,30.27413889,1090.378313,23.41333649,40.97333886,155.800048828125,2,1.49860978449445,0.653208746290386
9471380,35.13929513,1568.531705,1395.991643,2028.214745,0.0,0.0,15.05969791,32.98790972,17.21108333,30.32024234,1091.521266,22.94811111,40.15919444,16.60009765625,4,1.31071391271073,0.802058435799004
9471400,41.86706761,1519.883545,1331.302985,2193.056895,0.0,0.0,19.4730547,44.78802582,22.39401291,28.3383505,1038.599764,30.18323479,48.68263676,14.5,4,1.27057265701393,0.749638014376189
9473000,89.33223388,1384.557274,1052.064993,2151.440514,0.0,0.0,20.17179475,42.2647128,1.921123309,27.89065412,676.9722775,27.85628798,50.9097677,42.5999755859375,5,1.54506890239854,1.13852426925271
9484000,90.00141796,1590.0,760.0,2765.0,6.265921504,0.0,9.683696869,29.05109061,0.0,38.0,762.0,23.35479833,45.00070898,122.7999267578125,3,1.51912712155115,0.799446031484167
9484550,38.30202063,1507.387811,1319.734139,2193.509149,0.0,0.0,17.48570507,37.46936801,11.65713671,31.07774185,976.1655339,27.47753654,32.47345227,16.9000244140625,4,1.2386564787859,0.853048106836058
9484600,45.91214336,1398.388192,1176.357363,2087.477292,0.956502987,0.0,20.08656272,43.0426344,14.3475448,28.09684133,917.5878617,28.6950896,38.26011947,19.199951171875,5,1.4972416671089,0.784304363638522
9485000,50.11199153,1337.0,877.0,2595.0,0.533106293,0.0,9.062806979,27.72152723,0.0,29.0,699.0,16.52629508,19.72493284,70.7999267578125,4,1.19973482394357,0.726347620185895
9485700,62.69695843,1318.393518,992.4986959,2198.056146,12.16508149,0.0,17.77973448,44.91722395,6.550428493,27.77032994,799.074153,27.13748947,35.55946896,20.89990234375,5,1.41590366647337,0.790187446906726
9492400,71.48577384,2507.0,1838.0,3467.0,0.0,0.0,12.93552098,29.95594332,0.0,57.0,664.0,41.52983052,68.08168937,66.0,3,1.18849373418087,0.769237240757929
9494000,74.81500487,2214.803598,1773.129747,2820.199186,0.0,0.0,19.68815918,43.31395019,14.76611938,47.95438021,658.6138262,50.2048059,96.47197996,40.5999755859375,5,1.82049590383227,0.839234431541529
9497800,94.45418519,1748.335383,1394.22243,2109.064237,0.0,0.0,20.8793462,44.74145614,62.6380386,36.49190116,669.2503981,37.78167407,99.42545809,51.199951171875,4,1.75608361438529,0.833650435206006
9497980,97.69244665,1675.971118,1314.078657,2155.842354,0.0,0.0,15.98603672,41.74131811,0.0,40.14913457,648.967428,37.30075236,87.92320198,50.0,3,1.67060704837171,0.698767990588199
9498503,86.79818013,1849.568625,1471.295865,2322.06397,0.0,275.619622,18.74051617,44.38543302,14.79514434,40.12349474,682.2106617,41.42640415,93.70258083,122.199951171875,1,1.43054002642775,0.962012973425403
9505200,47.08606217,1957.858645,1419.306264,2363.252787,0.0,0.0,16.98185849,32.41991166,0.0,47.23663084,516.0021894,37.05132761,73.33075257,28.4000244140625,4,1.40066712778914,0.679066680528471
9505350,64.43093848,1886.795839,1493.059111,2286.404622,1.895027602,0.0,19.89778982,40.74309345,0.0,44.23066537,505.2984414,43.58563485,92.85635252,29.199951171875,4,1.65724084894799,0.757235303978894
9508300,59.77123129,1666.768066,1366.098886,2163.573905,0.996187188,0.0,20.91993095,42.83604909,14.94280782,33.52944588,589.3272868,34.86655158,66.7445416,89.7000732421875,3,1.58437143959645,0.700664189263295
9510200,86.75835307,1144.522439,741.0034751,1862.471902,0.0,0.0,16.68429867,39.20810187,0.0,34.92111481,634.8598831,28.36330773,47.5502512,62.0,5,1.3911189261423,1.04477855486077
9512280,60.37026498,1112.219105,766.8227654,1560.300855,0.0,0.0,15.09256625,26.41199093,0.0,31.95356461,773.2923479,19.49456473,37.10255869,60.5999755859375,4,1.51125066086184,0.976421935749854
9513780,45.97269051,1189.832704,751.4620884,1744.292429,0.540855182,0.0,10.27624847,25.42019358,0.0,33.35969337,736.4673909,15.14394511,36.23729722,66.5,3,1.3602381321743,0.868171596229449
9516500,67.47895257,1138.476329,816.6301708,1775.311238,0.0,0.0,17.35173066,48.19925183,0.0,27.15602164,746.6348391,26.99158103,32.77549125,23.4000244140625,5,1.67911340969667,0.827044883316283
9537200,46.25328076,1582.041693,1379.841363,2012.061316,0.0,0.0,16.68151109,32.60477168,25.02226664,26.34423526,918.4145389,21.23101412,30.33002017,26.9000244140625,4,1.29306268972316,0.779071505404008
9537500,39.04987948,1447.67213,1280.235973,1971.200057,0.0,0.0,20.50118673,44.9073614,14.6437048,22.57108588,723.4345984,24.40617467,30.2636566,7.0999755859375,4,1.82241503614171,0.638446793839865
10020300,66.73725969,2437.7498,2186.078458,2904.426478,0.996078503,189.9627855,16.93333455,46.81568964,27.89019808,45.25941631,459.8696519,49.80392514,47.81176814,29.2001953125,6,1.59333541275274,0.886151759737121
10129900,29.05794818,2138.0,1796.0,2781.0,0.631694526,0.0,6.316945258,12.31804325,23.37269745,56.0,404.0,19.26668304,20.53007209,24.9000244140625,1,1.26563433761235,0.428753017207817
10155500,101.6389709,2397.31259,1914.431524,3125.748522,0.949896925,687.6842417,18.04804157,37.99587698,10.44886617,60.47881649,415.2454909,65.5428878,82.64103244,58.39990234375,4,1.61039572385525,0.437576050489081
10156000,100.8994949,2399.513339,1916.354673,3125.131111,0.942985934,675.6123921,17.91673274,37.71943734,10.37284527,60.50430993,415.1080542,65.06602941,82.03977622,99.2999267578125,3,1.1259481045992,0.749004557591824
10172200,22.18555231,1826.0,1291.0,2830.0,5.229451616,0.0,3.486301077,5.546388077,0.0,55.0,562.0,9.666562077,7.289538616,141.699951171875,-99,1.03225850119416,0.457785057911669
10172700,29.24561422,2011.0,1615.0,2511.0,0.0,0.0,7.768366278,22.39117339,0.0,38.0,608.0,18.27850889,3.655701778,45.199951171875,3,1.15081697070748,0.721453197388041
10172800,4.582872358,1734.0,1294.0,3305.0,0.116022085,0.0,1.044198765,2.726518998,0.0,39.0,368.0,2.436463785,1.508287105,173.699951171875,1,1.22105816442416,0.5224932029013
10172870,58.7972574,1937.016314,1632.436164,2758.738606,0.0,7.575957783,16.65922293,48.01776021,22.53894867,23.63528327,766.1706902,24.49885725,20.57904009,223.900146484375,2,1.10171906551357,0.470468787405123
10172952,49.04567769,1816.163361,1490.282814,2816.47456,0.0,0.0,17.25681252,39.96314478,0.90825329,31.31593754,618.5753287,30.88061188,5.449519743,162.89990234375,3,1.10766159411538,0.809479633184048
10234500,105.2785893,2745.821586,2137.169114,3574.026101,0.0,0.0,12.63343072,42.95366444,0.0,51.89835181,946.9104086,46.3225793,75.80058431,80.89990234375,4,1.38542295136582,0.867419397409347
10242000,62.18561648,2603.738782,1950.671563,3314.095732,3.454756471,0.0,10.94006216,25.33488079,23.03170981,48.54161626,749.5165024,24.75908804,33.97177197,97.800048828125,4,1.17556442850934,0.66740030581875
10243700,86.42551579,2406.0,1696.0,3524.0,0.0,0.0,9.418165183,26.03845668,23.2684081,37.0,820.0,21.60637895,32.13256356,176.7001953125,3,1.19283474490054,0.702803540102953
10244950,30.73024439,2538.0,2000.0,3223.0,0.0,0.0,4.190487872,10.70902456,23.28048818,39.0,882.0,9.777805035,11.87304897,109.9500732421875,3,1.27254042895745,0.973561946510333
10249280,52.75066435,2325.0,1708.0,3422.0,0.0,0.0,3.723576307,18.61788154,0.0,29.0,721.0,9.619238793,19.23847759,174.4000244140625,2,2.16215803547761,0.48558833603884
10249300,78.05696484,2161.43328,1697.392194,3409.520833,0.0,2595.195138,9.461450284,45.73034304,0.0,21.43126271,709.833804,18.13444638,22.07671733,173.099853515625,3,1.25462708048005,0.695737483489621
10251300,52.9133703,1110.101085,860.8545324,1715.958057,0.0,0.0,16.97221311,51.91500482,2.995096432,9.176324949,913.3292268,9.983654773,1.996730955,18.0,7,1.16966403935052,0.79345285532541
10256500,118.9947576,1122.196147,487.1340725,2519.296803,4.189956253,0.0,13.40786001,45.25152753,0.837991251,32.66660763,549.967704,28.49170252,26.81572002,260.70001220703125,3,1.19874992741962,0.732579201692686
10257500,114.7106946,1122.801437,493.0065665,2493.035024,4.039108965,0.0,12.92514869,43.62237682,0.807821793,32.80363795,544.1737587,27.46594096,25.85029738,270.1000061035156,2,1.12493280470437,0.627739046631936
10257548,140.2765685,1234.952335,433.1276687,2822.510456,3.596835089,0.0,14.38734036,47.65806493,8.09287895,34.06988187,635.6347668,31.47230703,28.77468071,81.89990234375,4,1.25940490035336,0.981274769859922
10257720,142.4142334,1228.918953,429.0429803,2827.621269,3.65164701,0.0,14.60658804,48.38432288,8.216205773,33.88871064,635.1449127,31.95191134,29.21317608,277.70001220703125,2,1.10660516626903,0.787463864182354
10258000,107.156776,1175.319184,402.5290266,2537.120095,8.541482142,0.0,12.42397402,42.70741071,17.08296428,28.60742023,584.8926286,22.51845292,24.07144967,122.0,3,1.283859324258,0.871192042369894
10258500,118.3063447,1241.09878,488.9092523,2447.594764,0.0,0.0,12.67567979,48.16758319,21.12613298,29.90389764,584.0181495,26.19640489,30.42163149,69.70001220703125,4,2.22090480412017,0.982429466325318
10259000,97.58124705,1208.102522,432.489201,2477.903635,7.778215345,0.0,11.31376777,38.89107672,15.55643069,29.25534382,591.4521194,20.50620409,21.92042506,186.0,3,1.22576401900757,1.00750418581454
10259200,75.15593737,1017.0,50.0,2482.0,4.175329854,0.0,10.14008679,32.20968745,0.0,23.0,571.0,14.31541664,8.350659708,88.04998779296875,3,1.70649508695473,1.02690919891056
10260500,100.1725166,1776.924535,1188.587583,2423.074585,1.983614191,1257.754194,13.88529933,57.52481153,0.0,52.35724469,541.6739058,57.52481153,56.53300443,58.2000732421875,4,1.95831361019516,1.07305564217476
10260950,88.86140122,1249.0,921.0,1821.0,7.689928952,0.0,11.10767515,50.41175646,0.0,43.0,627.0,39.30408131,49.55731991,61.9000244140625,4,1.24098744546345,0.968344137762035
10261500,50.11633083,1228.763044,946.055854,1719.390876,18.46391136,423.0422181,14.06774199,48.35786308,0.0,30.8654843,511.7523528,27.2562501,17.58467748,23.0,5,1.56053543459973,0.777646664036197
10293000,109.7370204,2524.307814,1987.214979,3479.713862,0.0,12.06119072,12.9610654,43.20355132,0.0,51.49719463,562.7056947,50.11611953,69.98975314,66.39990234375,5,1.20545940661667,0.725796057247788
10293500,98.28547142,2236.688793,1769.500281,3121.738967,0.0,107.2662499,16.54309915,47.68305049,0.0,34.25236819,547.0082617,36.97869222,51.57554441,52.60009765625,5,1.59500608685608,0.640499389291624
10297500,116.6550488,2276.4622,1744.278964,3135.886737,0.0,0.0,14.34283387,48.76563516,0.0,49.39357315,523.7798836,55.45895764,65.97703581,70.0,5,1.54018766599073,0.70380092804381
10300000,98.09911099,2151.045933,1670.715489,3011.580332,0.0,0.0,15.09217092,47.16303413,0.0,40.88589062,516.3439439,43.3899914,53.76585891,47.9000244140625,6,1.67588949284158,0.615753794657327
10301500,89.58115416,2060.331396,1644.05778,2907.153383,0.0,61.25820833,16.73494089,48.23600608,0.0,31.93557036,522.0585492,35.43869835,45.28278122,40.4000244140625,6,1.20015141876226,0.625830278662487
10301600,89.23988344,2038.766659,1632.017125,2872.519047,0.0,63.61269468,16.85642243,48.58615876,0.0,31.18059449,525.7089885,34.70439912,43.62838746,39.4000244140625,6,1.76985940228225,0.620794093267904
10301745,88.46141342,2018.328066,1620.086789,2840.614314,0.0,66.22502661,16.89712391,48.7034748,0.0,30.44656071,533.3893636,33.79424782,42.73978401,38.5999755859375,4,2.13293343115919,0.0693088693266476
10308200,142.1138687,2416.57316,1806.558338,3149.543037,0.0,0.0,11.9192277,50.42750181,0.0,65.31333566,626.3489456,77.01654822,81.60086657,103.5,5,1.42053720813352,0.840666293702545
10308783,8.581035061,2125.0,1611.0,2770.0,0.0,0.0,1.225862152,3.317038763,0.0,49.0,543.0,3.749695993,6.48985845,63.0,2,1.06637789684992,0.382724264773841
10308789,15.21558632,2125.0,1611.0,2770.0,0.0,0.0,2.173655188,5.881655215,0.0,49.0,543.0,6.648827635,11.50758629,67.5999755859375,3,1.19136068300859,0.510819636413878
10308794,44.77587535,2125.0,1611.0,2770.0,0.0,0.0,6.396553622,17.30832156,0.0,49.0,543.0,19.56592873,33.86410741,72.300048828125,3,1.25060749734383,0.598489966687532
10310500,107.2105541,2067.515843,1613.02561,2942.094983,1.91447418,90.99183829,14.35855635,49.77632868,0.0,47.7449963,497.9056811,56.47698831,66.04935921,96.6500244140625,3,1.51914935440598,0.630214007338697
10311000,109.3506987,2060.556992,1608.875431,2938.70683,1.952691048,91.4813469,14.64518286,50.76996724,0.0,47.39765656,497.4964742,57.6043859,67.36784114,52.89990234375,6,1.63479887191146,0.856688869502924
10311300,54.98234271,1689.0,1405.0,2724.0,20.16019233,0.0,10.38555362,29.93483103,0.0,30.0,438.0,18.93836249,25.6584266,40.4000244140625,2,1.25498575498576,0.536915556193529
10311400,101.902868,2032.563619,1592.673862,2919.57303,2.804666092,88.11981942,14.02333046,47.67932357,0.0,45.99875967,495.0877789,51.41887836,61.70265403,51.5,7,1.61154716590355,0.837406203167031
10312000,103.9981928,1924.926612,1516.350916,2771.57617,2.999947869,81.87685701,15.99972197,49.99913115,0.0,38.67597078,519.6307844,46.99918328,60.99894,47.0,7,1.96410620689487,0.753456295766566
10312150,90.32959934,1809.266899,1459.010686,2582.606683,1.98526592,77.38486253,16.87476032,47.64638207,0.0,31.71365314,566.7273775,37.72005247,47.64638207,35.699951171875,7,1.83801488390083,0.667765158180551
10312275,83.84808422,1785.097017,1448.288212,2535.030645,1.949955447,118.6228666,16.5746213,47.77390845,0.0,30.74732179,559.863709,35.09919804,43.87399756,29.900146484375,7,1.84963918170821,0.691156746284763
10315500,68.90865986,2007.519986,1772.49823,2600.660186,0.0,0.0,18.62396212,37.24792425,2.793594319,32.11049762,873.0477005,30.7295375,28.86714129,28.4000244140625,5,1.39437712623696,0.956259727169869
10316500,49.71674272,2372.0,1678.0,3381.0,0.0,0.0,5.795203139,12.50543835,0.0,47.0,1150.0,15.55554527,17.38560942,227.10009765625,2,1.4109267275872,0.515547312066985
10317500,55.06458774,1958.474845,1761.501217,2566.189118,0.0,266.8755274,18.35486258,40.57390676,37.67577056,32.21267817,980.7586483,32.84554357,5.796272394,22.699951171875,6,2.04668985944862,1.02384382688805
10318500,59.56932634,1920.756578,1699.863412,2573.845889,0.0,90.3941725,18.55438033,41.014946,18.55438033,30.94878622,847.3832174,31.24948267,11.718556,19.60009765625,11,2.15953501700033,1.07981698090307
10319900,65.93224542,1985.731675,1700.590134,2848.571225,0.0,0.0,17.1997162,44.91037007,34.39943239,32.61536964,874.342452,32.48835282,16.24417641,21.60009765625,5,1.29722227666753,0.58059069514408
10320000,63.90995234,1939.773603,1682.650843,2812.666359,0.0,1.115184006,17.9746741,46.93387125,29.95779016,31.67358133,859.500309,33.95216218,14.97889508,19.7999267578125,5,1.47489862036776,0.801443136078819
10321940,79.04013319,1887.89682,1650.803451,2491.211843,0.0,0.0,17.35027314,45.30349098,5.78342438,29.42643837,1025.894892,28.9171219,0.0,36.199951171875,6,1.47076567738005,1.31542288489195
10321950,79.48035083,1887.205288,1649.448017,2490.186357,0.0,0.0,17.44690628,45.55581084,5.815635427,29.40746678,1025.829032,29.07817713,0.0,36.2999267578125,6,1.49683116972026,1.31363044023567
10322000,61.87193732,1906.174606,1677.036535,2592.999273,0.0,59.58336023,18.96075499,43.90911681,22.95249288,30.6671673,868.0935086,31.93390313,10.9772792,32.800048828125,6,1.52719650318073,1.3355087043493
10322150,63.09617492,1761.0,1494.0,2333.0,0.0,0.0,15.06774326,48.02843166,14.12600931,26.0,1062.0,25.42681676,0.0,28.4000244140625,4,1.99098564686106,0.974954051409247
10324500,54.54490208,1750.44119,1562.432746,2216.638209,0.0,0.0,17.22470592,45.93254912,10.52620917,25.31668825,1054.456765,24.88013077,0.0,23.59991455078125,6,1.73086871716599,1.23208889925917
10329000,41.71640296,1702.029854,1531.893445,2125.171467,0.0,131.145242,18.43282922,43.65670077,3.880595624,25.4633176,1042.702147,25.22387156,0.970148906,17.39990234375,6,2.41012683295595,0.949640755007554
10329500,63.38639702,1876.18669,1578.444572,2341.61415,0.0,0.0,15.24482966,33.69909715,8.825954016,30.18914214,1051.490198,23.26842422,18.45426749,45.2000732421875,5,1.48381871784098,1.06257844802228
10336645,68.59587629,2168.94972,1897.911527,3039.884296,2.540588011,0.0,10.16235204,49.96489755,0.0,64.58429462,363.7056307,74.52391498,48.27117221,48.699951171875,2,1.53270844274502,0.875197465099192
10336660,26.9031877,2135.0,1895.0,2630.0,0.0,0.0,3.017179929,14.33160466,0.0,69.0,470.0,26.14889272,16.84592127,136.199951171875,2,1.48194955295719,0.708717189718186
10336676,22.27587414,2135.0,1895.0,2630.0,0.0,0.0,2.498228876,11.86658716,0.0,69.0,470.0,21.65131692,13.94844456,91.9000244140625,2,1.23223116923443,0.54826898412814
10343500,42.9718276,2178.784785,1889.005148,2713.811526,0.0,483.9204907,6.759613331,26.07279428,0.0,68.8891749,475.1133992,42.9718276,47.80012284,51.800048828125,2,1.15254353437445,0.7972973658374
10349300,85.81083288,1869.057608,1486.686916,2902.098172,4.378103718,0.0,14.0099319,44.65665793,0.0,35.3676445,475.6277281,32.39796752,53.41286536,50.7999267578125,3,1.32009624877089,0.654275305215792
10349849,92.26202739,1840.302414,1445.187804,2889.231643,9.414492591,0.0,15.06318815,47.07246296,0.0,33.67058096,478.748013,35.77507185,56.48695555,46.5,3,1.27463554258635,0.701136020910827
10349980,90.9674929,2012.64882,1703.556421,2811.973191,6.997499454,463.172798,12.99535613,53.98071007,0.0,54.88759117,423.7227711,70.97463732,69.97499454,38.1500244140625,4,1.29733584338909,0.745263053279444
10352500,70.76415833,1786.164557,1471.837053,2386.257512,0.0,0.0,17.92692011,40.57145077,0.943522111,28.13584619,1063.30377,27.36214122,0.0,40.800048828125,5,1.31736134507686,0.979523143387405
10396000,74.30136518,1887.088166,1498.540045,2775.482158,0.0,0.0,20.80438225,39.62739476,0.0,34.45207445,1091.671688,35.66465529,0.0,35.5,4,1.56391340843628,0.806799283032139
10735562,1.38931958,59.0,11.0,157.0,0.408623406,0.0,0.572072768,4.985205552,0.0,84.0,96.0,9.316613654,8.172468117,,2,1.37882488955066,0.603401967256094
10965852,4.553468175,92.0,24.0,193.0,5.828439264,0.0,0.910693635,12.20329471,0.0,84.0,208.0,20.58167615,16.39248543,,3,1.43225855458544,0.775868537963803
11014000,45.14034902,489.0637496,175.1032251,1115.963914,8.207336186,21.90399967,8.207336186,26.6738426,0.0,24.94641879,642.0141057,12.31100428,32.82934474,53.899993896484375,5,1.38798437218795,1.26308343797664
11015000,76.44589607,1249.0,571.0,1834.0,0.0,0.0,10.03834999,47.87520764,0.0,45.0,669.0,37.06467688,62.54664224,52.199951171875,3,1.32304102858254,0.707706489017965
11016200,74.22682224,897.2900016,376.0697938,1440.990393,5.356574801,485.8367374,10.7131496,45.91349829,0.0,36.09840494,637.4907337,26.782874,52.03529806,55.0,4,1.438525387916,0.763193512725255
11022200,88.57325203,728.2520596,192.4427104,1490.607925,13.89384346,1684.073192,12.15711302,51.23354774,0.0,33.15038932,624.5276196,29.52441734,50.36518252,40.80001831054688,3,1.09584882225944,0.980459486556666
11022480,93.71445907,634.0048793,170.8701118,1320.891815,17.03899256,1838.356918,14.19916047,55.85003117,0.0,31.16684206,610.5006566,31.23815302,54.90342047,50.30001831054688,5,1.19024691443676,0.83698629504907
11023000,90.20063547,565.1261906,147.953967,1193.727466,25.49148394,1902.46319,14.70662535,55.88517632,0.0,29.92350233,607.8238442,31.37413408,51.96340956,44.30000305175781,5,1.30050000945197,0.832544520375318
11023340,23.12054966,186.0,0.0,760.0,32.96819118,0.0,8.135008212,20.97975802,0.0,24.0,542.0,11.1321165,11.1321165,33.600006103515625,3,1.16729075282622,1.07661897710591
11025500,71.33156269,886.8249062,427.1064941,1496.309897,0.0,1447.788386,8.831526809,42.79893761,0.0,36.9515698,602.3474649,25.13588399,46.19567869,62.79998779296875,4,1.38633505931442,0.883146837889225
11027000,84.63439998,828.2242773,378.835487,1455.551561,0.0,1319.562745,10.47854476,50.78063999,0.0,35.85892187,611.2521119,29.82355047,54.81084951,32.9000244140625,3,1.16041521135689,0.999773302259071
11028500,45.74530481,547.0,119.0,924.0,7.917456602,0.0,12.3160436,51.90332661,0.0,30.0,469.0,28.15095681,42.22643521,17.70001220703125,3,1.38627933660875,0.822768882081272
11042000,91.17392361,717.8988472,371.1137464,1352.30476,5.946125453,271.1530362,13.87429272,59.46125453,0.0,31.8773785,550.9443786,33.6947109,62.43431725,42.69999694824219,5,1.4720998857248,0.912024493579539
11042400,87.2485689,1102.262362,605.0641847,1790.26973,0.0,0.0,12.32860213,58.79794861,0.0,37.11376123,513.8321052,36.98580638,48.3660545,54.0999755859375,4,1.33449380895783,0.921760356192298
11042800,37.99885938,478.0,319.0,753.0,21.71363393,1000.0,17.1899602,44.33200261,0.0,22.0,347.0,20.80889919,15.3804907,12.20001220703125,4,1.23023326824898,0.943220905082436
11042900,42.03751849,528.6312772,318.581331,1040.86134,26.75114813,1083.716064,16.24176851,51.59149996,0.0,24.13877953,415.3133492,23.88495369,28.66194442,20.70001220703125,3,1.35498132557183,0.996874146874147
11043000,43.90601761,521.6651302,317.8754269,1019.581133,27.94019302,1080.152085,16.96368862,53.88465797,0.0,24.00515471,410.5319204,24.94660091,29.93592109,16.5,5,1.08486423942375,1.02260142815368
11044000,60.09188144,809.2505197,501.3350911,1444.919038,10.92579662,466.3520082,13.65724578,53.71850007,0.0,29.90545728,455.726557,28.22497461,35.50883903,27.79998779296875,6,1.39821719583892,0.930315693874999
11044250,60.27720679,807.7646427,499.9780937,1442.468707,10.95949214,480.7008083,13.69936518,53.88416971,0.0,29.88422469,456.2593304,28.31202137,35.61834947,53.60003662109375,2,1.22243475295652,0.996999081850748
11044300,62.57704563,790.0576406,483.8069339,1413.268434,11.37764466,651.6935796,14.22205583,55.94008625,0.0,29.63119869,462.6083214,29.39224871,36.97734515,28.800018310546875,6,1.51658065361528,0.940587329204942
11044350,62.09904266,793.6299215,487.0693679,1419.159413,11.29073503,617.1968195,14.11341879,55.51278056,0.0,29.68224516,461.3274508,29.16773216,36.69488885,42.699981689453125,3,1.23862103736169,1.04599797645327
11044800,68.09967352,389.0,58.0,941.0,0.0,0.0,7.857654637,41.25268684,0.0,26.0,600.0,18.33452749,58.27760522,54.0,3,1.18509431630797,0.857510445059513
11045300,63.48940541,733.2536371,429.0635583,1333.4739,10.42363372,854.7947109,14.21404599,55.90858088,0.0,28.98014765,480.2894469,28.42809197,42.64213796,18.09999084472656,2,1.39795248979692,0.709510603499675
11046000,66.3942202,705.3264115,410.3770994,1289.041143,10.90054361,1020.593987,14.86437766,58.46655212,0.0,28.63097082,479.4454239,29.72875531,44.59313297,30.20001220703125,6,1.84258814281687,0.924013919293618
11046100,11.26939015,215.0,-3.0,912.0,4.257325169,0.0,4.758186954,11.77025194,0.0,25.0,524.0,6.260772307,15.27628443,34.899993896484375,3,1.15392115596626,0.951500650854514
11046300,61.60286829,644.6357581,172.925995,1032.930945,1.219858778,0.0,8.539011446,34.76597517,0.0,35.65006862,682.1215939,20.12766984,46.35463356,60.29998779296875,3,1.63114670573017,0.858270807782887
11046360,82.68443092,539.6834119,129.8559285,955.9493894,1.637315464,0.0,11.46120825,46.66349072,0.0,32.6797192,649.2002212,27.01570515,62.21798762,45.100006103515625,3,1.31781894789888,1.0532969630842
11046530,103.755254,456.0321415,90.11485026,1134.015286,13.44975515,0.0,15.37114874,51.87762699,0.0,29.92955535,620.7319963,30.74229747,65.32738213,55.19999694824219,4,1.46041629930183,1.05047013737165
11047300,82.05760781,416.0,26.0,1689.0,53.85030513,0.0,16.24056821,41.88357065,0.0,30.0,491.0,28.20730269,47.86693789,38.20000457763672,3,1.27307170931643,1.07834609363272
11048600,26.38917198,129.7603021,12.80272441,489.8292796,59.76371302,0.0,15.52304234,35.70299739,0.0,22.46406087,346.3815207,19.40380293,20.17995504,25.39999771118164,2,1.25075544451788,0.894419090231171
11051499,151.7672186,2038.290649,1042.955371,3009.605674,0.972866786,1123.712774,11.67440143,58.37200714,0.0,52.4772679,618.4240173,57.39914036,86.58514393,83.800048828125,4,1.29367795832383,0.966691248566901
11055500,109.4141204,1894.151498,873.4803052,3006.041104,8.358023089,831.7497541,9.877663651,45.58921685,0.0,50.3865804,646.5380934,38.75083432,57.74634134,105.5999755859375,3,1.28390941613802,1.3324152259774
11055566,14.21862049,61.37184868,12.66479922,154.7521009,50.13934592,0.0,2.993393787,51.63604282,0.0,85.0,129.7521009,90.55016204,47.89430058,,4,1.3902149469614,0.709712414016106
11055800,110.2744493,1885.489079,869.1069248,2997.746284,8.423742655,828.8100076,9.955332228,45.94768721,0.0,50.22750564,644.9420999,39.05553413,58.2004038,114.8499755859375,3,1.3482721521646,1.20865237532676
11057500,122.7005952,1414.047148,661.7825245,2640.863816,16.95861885,531.7615638,13.96592141,57.85881726,0.0,41.7018708,570.0464065,45.88802748,62.84664633,31.29998779296875,4,1.49408946053495,1.04641968553602
11058500,23.18878741,733.0,311.0,1825.0,9.275514963,0.0,3.162107374,12.22681518,0.0,30.0,496.0,6.745829064,8.853900647,122.04998779296876,3,1.33246417049775,1.24480283915123
11058600,10.78172439,733.0,311.0,1825.0,4.312689757,0.0,1.470235145,5.684909226,0.0,30.0,496.0,3.136501642,4.116658405,169.3499755859375,2,1.15600216078367,0.412470542557142
11059300,108.8379553,1261.314363,598.4185453,2436.622869,21.00381594,377.8240401,13.36606469,55.37369657,0.0,39.9236904,550.9275874,40.09819407,51.55482095,70.300048828125,5,1.86178884080114,1.05478713957707
11060400,108.8426892,1261.27712,598.4041309,2436.554515,21.0047295,377.8152621,13.36664604,55.37610504,0.0,39.92286735,550.9214146,40.09993813,51.55706331,4.79998779296875,5,1.2464333205666,0.418102406647112
11062000,111.2646882,1316.0,270.0,2987.0,15.32387921,0.0,8.661323034,39.30908146,0.0,46.0,707.0,35.31154775,39.30908146,158.0,4,1.18655528877346,0.937898621175826
11063510,94.60373071,1231.0,663.0,2315.0,0.0,0.0,10.0807254,46.52642494,0.0,44.0,594.0,36.44569954,28.69129538,61.200042724609375,4,1.54163937480943,0.958572495192544
11063680,54.26019924,1189.560987,637.3164453,2269.316366,12.47984583,0.0,7.596427894,31.47091556,0.0,43.06474451,582.4891631,21.16147771,19.53367173,160.29998779296875,2,1.04291055784689,1.44500724395408
11065000,108.8928279,1260.882855,598.251539,2435.830907,21.01440538,377.7223382,13.37280343,55.4016142,0.0,39.9141545,550.8560682,40.11841028,51.58081322,66.80001831054688,5,1.12226828212895,1.10540135794792
11069500,98.60263382,1613.017061,938.7324115,2928.358086,0.795182531,268.8973906,10.3373729,47.71095185,0.0,43.87611867,599.176904,34.98803136,60.43387234,77.300048828125,4,1.38412556387157,0.844926706828402
11070365,70.23138958,924.3689193,577.7551147,1680.786547,18.03238381,938.082336,15.18516531,52.19900577,0.0,29.80099113,471.0595396,29.4212578,32.26847629,26.79998779296875,4,1.41996265580282,0.826277710781152
11070465,37.81782987,573.468713,442.5074108,1131.469953,26.89267902,0.0,15.12713195,43.7006034,0.0,22.88781395,398.9613022,20.16950926,10.08475463,8.699981689453125,3,1.3097560702167,0.624973835316015
11070500,63.98292168,831.1236696,541.9860863,1522.227116,21.32764056,749.1103012,15.76390824,50.07359088,0.0,28.06103038,450.935408,27.8186616,26.89137288,21.70001220703125,4,1.55195577700453,0.789809622235254
11072100,67.99824686,746.8967486,469.5527788,1443.879973,25.25649169,1297.931605,16.51385995,52.45579044,0.0,27.71268729,462.4498551,28.17070227,29.1421058,23.199951171875,4,1.22567681129028,0.804226218839879
11073300,53.02913823,875.0,202.0,2951.0,27.70891907,0.0,7.16609976,27.23117909,0.0,39.0,578.0,21.0205593,21.49829928,133.29998779296875,3,1.12436512766808,1.21112654337603
11073360,82.81224234,875.0,202.0,2951.0,43.27126176,0.0,11.19084356,42.52520552,0.0,39.0,578.0,32.82647444,33.57253068,45.199951171875,3,1.1221389889585,0.904120906740079
11073495,42.93880345,507.0,160.0,2682.0,58.93561257,0.0,15.1548718,44.62267809,0.0,30.0,310.0,26.94199432,30.30974361,13.20001220703125,4,1.14787969310488,0.748367580879002
11074000,78.4502953,862.7205338,455.0749076,1825.853449,34.86679791,690.7982555,15.49635463,52.30019687,0.0,31.66902996,475.8523078,32.92975358,36.80384224,25.199981689453125,6,1.22303425924686,0.910649738602887
11075720,10.17182734,189.0,34.0,484.0,13.98626259,0.0,4.450174461,9.324175062,0.0,26.0,390.0,5.933565949,6.993131296,53.70001220703125,3,1.36413603705255,1.12216413501608
11078000,78.63256935,830.6125307,426.7428995,1786.719929,35.91858106,697.1946446,15.53235938,52.4217129,0.0,31.56066299,480.526762,32.03549122,35.91858106,25.5999755859375,6,1.2509473019115,0.878765389339749
11085000,170.5628137,1304.882061,410.070332,2558.885751,9.152150979,88.78371114,9.984164704,50.75283725,0.0,47.36151182,780.8664034,42.43269999,66.56109803,157.49998474121094,5,1.55696878415366,1.06858076853732
11087020,133.2310427,841.2633827,246.5798015,2007.834172,38.06601219,139.3514725,13.32310427,54.24406737,0.0,40.0351462,615.2871792,40.92096311,63.76057042,66.90000915527344,5,1.45658657336864,0.942420997672628
11088500,12.17703597,189.0,34.0,484.0,16.74342446,0.0,5.327453237,11.16228297,0.0,26.0,390.0,7.103270983,8.37171223,36.60000228881836,2,1.2700340539162,0.716577373203282
11089500,2.846432053,189.0,34.0,484.0,3.913844073,0.0,1.245314023,2.609229382,0.0,26.0,390.0,1.660418698,1.956922036,14.099998474121094,2,1.0819727248455,0.988488577789978
11092450,46.84521335,367.3344476,227.7314543,1025.15308,70.26782003,75.41408268,14.99046827,52.46663896,0.0,32.18642091,370.0002826,31.85474508,27.17022375,12.600006103515623,4,1.34410127756941,0.701012458331688
11097000,119.2648814,1067.839419,553.4156793,1957.157049,18.6087049,0.0,10.15020267,52.44271382,0.0,40.64733325,624.7607068,35.52570936,61.74706627,100.199951171875,4,1.36630022957271,1.04057492362156
11098000,44.32739917,672.0,106.0,1727.0,16.91885465,0.0,4.398902208,20.30262558,0.0,38.0,628.0,13.53508372,15.90372337,146.4000244140625,3,2.16759485425042,1.13362323024551
11101250,23.95473706,267.0,29.0,1839.0,46.31249165,0.0,9.049567335,28.21335698,0.0,30.0,321.0,17.56680718,6.920257374,23.30000305175781,3,1.35847428810253,0.849246807190732
11109000,112.3086993,826.0210746,450.8649714,1493.357668,9.851640288,688.4339776,13.7922964,59.10984173,0.0,29.08844295,557.7648581,29.55492086,82.75377842,57.0,5,1.32856984794413,0.971440430844428
11109600,131.0437365,1368.999593,867.6446009,2266.952367,0.0,333.8535626,12.43480712,57.39141746,0.0,42.01210519,592.414759,44.00008672,80.34798444,72.5999755859375,5,2.07812097991382,1.09578216334678
11109800,130.8655319,1285.487954,793.2942847,2164.33988,0.0,451.2709733,12.50920526,56.77254694,0.0,40.86733309,600.294282,42.33884857,81.79095746,73.10009765625,5,2.01817333095515,1.09563509013265
11111500,124.2915209,1465.0,1036.0,2276.0,0.0,0.0,11.67839794,48.38193432,0.0,54.0,603.0,50.88444816,82.58295685,76.699951171875,4,1.36963723548598,1.24952694838135
11113000,161.1515936,1235.709215,681.3814621,2069.886874,0.947950551,0.0,12.32335716,56.87703304,0.0,45.59036492,641.5774926,46.44957698,92.89915397,100.699951171875,4,1.67009778269076,1.22245608269553
11113500,134.2748203,908.0,82.0,1975.0,2.41212252,0.0,11.25657176,47.43840957,0.0,42.0,609.0,36.18183781,77.18792065,113.5,4,1.5884880489942,1.1794126847163
11114495,86.00137108,910.0,102.0,1785.0,3.459825273,0.0,6.919650546,28.66712369,0.0,47.0,634.0,25.20729842,48.93181458,144.4000244140625,4,1.36746873849952,1.04753619551167
11118500,122.2429233,719.3760633,103.0612916,1634.054482,5.860962078,227.765999,11.72192416,47.72497692,0.0,43.58354617,579.832159,37.67761336,78.7043479,85.39996337890625,6,1.3876320164207,1.20478608913915
11119500,4.900910036,344.0,0.0,1402.0,3.600668598,0.0,1.40026001,5.801077185,0.0,40.0,437.0,3.70068717,7.601411484,97.9000244140625,3,1.33263744299614,1.06448285786447
11119745,2.414221117,344.0,0.0,1402.0,1.773713473,0.0,0.689777462,2.857649485,0.0,40.0,437.0,1.822983292,3.744506222,96.14997863769533,3,1.23026130074577,1.29263375792433
11119750,3.229466043,344.0,0.0,1402.0,2.37266893,0.0,0.922704584,3.822633276,0.0,40.0,437.0,2.4385764,5.00896774,64.30000305175781,3,1.324028360281,1.22263160219043
11119940,2.00856481,344.0,0.0,1402.0,1.475680268,0.0,0.57387566,2.377484877,0.0,40.0,437.0,1.516671387,3.115325011,78.0999755859375,2,1.16259000005545,1.19999694934075
11120000,6.733385733,344.0,0.0,1402.0,4.946977274,0.0,1.923824495,7.970130052,0.0,40.0,437.0,5.084393309,10.44361869,40.79999542236328,3,1.27024490810105,1.26413972704428
11120500,2.422130496,286.0,0.0,1257.0,0.698691489,0.0,0.698691489,2.608448226,0.0,38.0,429.0,1.723439006,4.331887233,70.50001525878906,2,1.59921977639933,1.2109245452457
11123000,135.2481759,1034.45752,526.1637667,1877.350057,0.0,0.0,10.65591689,49.18115488,0.0,51.96576102,642.92888,45.90241122,81.96859146,102.9000244140625,5,1.37132542592193,1.26712092760355
11123500,143.6313015,936.939552,467.897678,1737.269957,0.0,0.0,11.89303771,53.9760942,0.0,50.60918266,648.0521969,50.31669798,88.74035826,100.29998779296876,5,1.39344069295742,1.26918328430271
11124500,157.482518,1014.0,230.0,1968.0,0.0,0.0,13.8955163,51.87659418,0.0,51.0,596.0,54.65569744,88.00493655,119.800048828125,4,1.8455450769929,1.16574849874192
11128250,47.1330009,432.0,130.0,1358.0,0.0,0.0,12.2423379,28.15737716,0.0,38.0,424.0,25.09679269,20.19985753,37.29998779296875,4,1.40130303948214,1.14818165561191
11128500,132.6299206,759.0158452,314.2470818,1603.21694,0.0,176.2205296,14.62830006,54.61232023,0.0,46.36241563,565.2784066,49.73622021,78.01760033,75.5999755859375,5,1.34287800081491,1.24519314857614
11129800,77.19409089,415.0,112.0,1260.0,0.0,0.0,15.89290106,34.05621657,0.0,38.0,495.0,31.02899732,36.32663101,44.30001831054688,3,1.27808909097797,0.967216032188177
11132500,77.33854292,262.0,47.0,518.0,0.0,0.0,19.7642943,35.23200289,0.0,37.0,538.0,36.09132003,61.01151719,52.100006103515625,4,1.1671796690129,1.24382718324614
11133000,111.9165649,630.5219945,248.66081,1380.364411,0.932638041,237.5868194,15.85484669,48.49717812,0.0,43.53448376,554.9343808,43.83398791,68.08257697,63.899993896484375,5,1.38627729931769,1.17670593323835
11134000,115.3271541,615.4833885,241.8098661,1351.283211,0.961059618,248.0679397,16.3380135,49.97510012,0.0,43.16379938,549.8497366,45.16980203,70.15735209,61.89996337890625,5,1.39169835747229,1.16411845948956
11135800,45.15997322,305.0,163.0,532.0,0.0,0.0,12.99122517,27.83833966,0.0,34.0,473.0,22.88930149,16.08437402,30.0,4,1.37679580655809,1.15647382004674
11136800,100.2971638,1035.141529,697.6624504,1751.558384,0.0,0.0,16.55390083,51.60922022,0.0,45.04372978,473.5644072,46.74042586,48.68794361,47.10003662109375,5,1.48363772457978,1.18606660286745
11137900,90.20428918,442.8160471,213.7032546,833.8713077,0.0,0.0,13.87758295,47.70419139,0.0,36.35276303,553.1150639,32.95925951,73.72465942,53.29998779296875,4,1.55588450685649,0.820608835655322
11141050,15.54084086,136.0,30.0,456.0,8.158941449,0.0,6.604857363,20.59161413,0.0,30.0,337.0,12.82119371,13.59823575,25.39999389648437,3,1.17663310212563,1.03512364550734
11141280,39.32543979,422.0,100.0,940.0,0.0,1980.0,4.517111328,13.81704641,0.0,40.0,647.0,11.1599221,23.91411879,121.79999542236328,2,1.16342618746963,0.692944829578279
11143000,157.7968,705.0,5.0,1452.0,0.0,0.0,15.10017225,33.97538756,42.2804823,58.0,699.0,52.85060287,74.74585264,157.0,4,1.47008714996788,0.978181384034504
11143200,110.7170947,689.0371396,190.8423967,1319.227666,0.758336265,0.0,12.89171651,37.91681326,44.74183964,53.30360131,578.7231454,45.50017591,72.04194519,97.10000610351562,5,1.89361526101969,1.05467982769117
11143250,141.0043404,605.5136417,149.8698958,1257.13255,0.965783154,0.0,16.41831361,48.28915768,56.98120606,52.80903455,560.3189978,57.94698922,91.74939959,91.0,5,1.76976997395067,1.06300457725896
11147500,72.86074716,464.6085709,296.3968285,847.8327163,5.752164249,248.5687854,16.29779871,49.85209016,0.0,37.94934641,461.8648239,37.38906762,61.35641866,32.899993896484375,5,1.45846285723762,0.841738391497456
11149400,86.45049742,480.7847424,272.1528766,953.9145924,0.0,189.8464382,14.11436693,47.63598838,0.0,29.86889534,478.2549715,27.34658592,67.92539083,50.0,5,1.3779889383258,0.897987740247732
11149900,82.77279365,537.6144198,311.4347217,1164.812562,0.0,0.0,12.79991654,48.63968286,0.0,33.00056412,429.5233089,29.01314416,59.73294387,40.699981689453125,4,1.35051258364908,1.12972883597884
11150500,71.95346556,481.864501,294.480425,893.5128275,0.999353688,144.8135482,17.98836639,50.9670381,0.0,30.44426317,443.1223317,30.97996434,39.97414753,27.89999389648437,6,1.37250283900561,0.905369283468925
11151300,89.73706843,620.3169336,293.9431532,1146.474238,0.0,0.0,17.76971652,39.98186217,0.0,30.27923787,478.8968291,26.65457478,29.32003226,58.80001831054688,5,1.74737676358874,1.09697661124174
11152000,130.5428368,762.3788573,217.7477383,1607.332705,0.0,0.0,12.1623761,44.59537903,21.0814519,48.11800632,608.1761869,39.73042859,70.54178137,114.89999389648438,5,2.35089078611863,1.03320586948009
11152050,159.1280336,680.0373016,188.1530377,1511.706342,0.0,0.0,14.82559319,54.36050836,25.69769486,44.68371532,565.5706961,48.43027109,85.9884405,98.99998474121094,6,2.01644607786484,1.0447291207156
11153000,94.89030026,406.6721768,120.4508925,822.1936414,0.0,0.0,15.2182557,46.54995862,0.0,31.42778559,569.0976121,27.75093687,58.18744827,63.100006103515625,5,1.84696063687578,1.1082253711255
11153650,45.48462382,171.0,42.0,1023.0,13.23189056,0.0,14.05888373,44.65763066,0.0,38.0,294.0,33.07972641,38.04168537,8.199996948242188,4,1.50154372259461,0.835579679457945
11156500,105.612708,828.5476521,509.5729089,1297.218513,0.0,399.6573325,15.8419062,42.2450832,0.0,38.80612615,537.2747194,34.3241301,66.0079425,71.5,4,1.64122458288073,1.04889316647638
11157500,95.77088063,653.79888,318.7466962,1110.132768,0.0,0.0,20.8609839,39.82551472,0.0,33.05808482,491.1479731,30.34324931,15.17162465,56.5,5,1.62298731720603,1.08927680336254
11158600,96.99084141,665.3124617,355.2478292,1130.813683,0.915007938,203.3745611,17.38515082,43.00537308,0.0,35.13274028,502.7624721,32.02527782,46.66540483,60.300048828125,6,1.67721776797722,1.03840004897575
11159000,91.96844329,471.880879,210.5089039,1021.88699,2.935163084,131.600586,18.5893662,46.96260934,0.0,34.52606404,460.3185024,34.24356931,50.87616012,47.300048828125,6,1.57176617167242,0.980538859300887
11162500,68.78921648,294.0,-1.0,798.0,0.0,0.0,11.64978666,23.29957332,0.0,60.0,510.0,42.16113268,43.27063617,81.79998779296875,3,2.0210754639228,1.01384693167641
11162570,106.8979845,310.0,7.0,736.0,0.0,0.0,20.99781839,39.1322979,0.0,60.0,492.0,71.58347177,34.36006645,73.64999389648438,4,2.51094114841792,0.900209086157133
11169025,51.03463427,272.8176944,18.14063816,1021.970894,38.81507395,390.2641948,10.78196499,39.53387161,0.0,45.86902579,376.4694327,35.93988329,33.06469262,19.80000305175781,4,1.44360622648912,0.734929979177992
11169800,108.7689301,606.0702635,312.2184832,1004.274307,0.811708434,233.7054734,12.98733494,43.83225541,0.0,41.9027912,617.9258901,34.09175421,77.92400962,81.29998779296875,4,1.40686074770027,0.994630223443783
11172175,82.35184104,405.2491912,159.9473527,830.4143158,20.58796026,427.756818,15.21718802,46.54669276,0.0,40.32321697,452.2012599,36.70027699,53.70772242,54.5999755859375,5,2.64220901323843,0.954023043576702
11172945,117.6552589,768.0,208.0,1148.0,0.0,0.0,13.98698882,43.60649454,0.0,48.0,674.0,39.4926743,64.99835979,97.0,3,1.31400046791203,1.06954391040926
11173200,102.2360655,741.0,215.0,1273.0,0.0,3678.0,12.20729141,40.43665279,0.0,47.0,627.0,36.62187422,61.03645703,86.70001220703125,4,1.41503094099245,0.96454566363451
11173500,129.1430569,741.0,215.0,1273.0,0.0,3678.0,15.42006649,51.07897025,0.0,47.0,627.0,46.26019947,77.10033245,82.9000244140625,4,1.43988323917513,1.00033733433006
11173510,124.6974068,741.9347668,210.5518835,1228.587614,0.0,2608.699418,15.58717585,47.67842024,0.0,47.15197702,639.2856942,43.09395675,69.68384496,87.29998779296875,4,1.31613601614918,1.01399315145008
11173575,132.6011266,717.6132529,201.9931643,1199.51711,0.0,2592.679267,16.57514083,50.70043077,0.0,46.66594729,634.618216,45.82538935,74.10062959,86.79998779296875,4,1.31411226897923,1.04522078769184
11174000,104.2427323,478.0,87.0,1143.0,0.0,4323.0,16.75329627,46.53693408,0.0,40.0,516.0,38.16028595,35.3680699,69.20001220703125,3,1.30550333854389,1.15262150943136
11176400,86.39908818,729.4355168,415.1578891,1169.176052,3.822968503,154.2750348,12.23349921,41.28805984,0.0,43.27619971,521.859328,32.11293543,61.93208976,72.0999755859375,5,1.51040234656041,1.02069877490355
11176500,96.92997708,689.9714307,380.3931567,1159.492762,4.288937039,340.0361788,13.72459852,46.32052002,0.0,42.37751854,510.7988094,36.02707113,69.48078003,72.199951171875,5,1.44936682672509,1.02281562607434
11176900,82.99842572,460.102755,209.2579475,945.6037944,17.37176352,259.6306255,16.40666555,49.21999665,0.0,37.62659865,425.1176455,36.67372299,50.18509462,38.09999084472656,5,1.58360291660985,0.978094545176052
11179000,92.63587602,505.2897473,189.4030412,996.1182294,14.17896062,1137.919629,16.0694887,48.20846609,0.0,39.7741159,479.2005431,37.81056164,52.9347863,49.600006103515625,6,1.35019833205989,1.02248276459708
11180500,91.96860107,507.7516057,190.777334,998.7747529,14.07682669,1136.199393,15.95373692,47.86121076,0.0,39.78698874,479.9783814,37.53820452,52.55348632,70.10000610351562,3,1.85442973490358,1.00344135631135
11180700,95.68676279,494.4711493,183.363733,984.444178,14.64593308,1145.479177,16.59872416,49.79617247,0.0,39.71754641,475.7823449,39.05582155,54.67815017,49.0,6,1.38308053542932,1.01976598732579
11180825,27.45652872,211.0,1.0,537.0,12.74767405,0.0,5.883541868,16.01630842,0.0,43.0,442.0,14.70885467,13.72826436,66.0999755859375,3,1.32297156011657,1.13021824130141
11180900,15.86351204,211.0,1.0,537.0,7.36520202,0.0,3.399324009,9.253715358,0.0,43.0,442.0,8.498310023,7.931756021,66.25000762939453,3,1.15907380382245,0.935999015838392
11180960,9.063038023,211.0,1.0,537.0,4.207839082,0.0,1.942079576,5.28677218,0.0,43.0,442.0,4.855198941,4.531519011,67.90000915527344,2,1.12291949802492,0.918646430847674
11181000,57.81992143,211.0,1.0,537.0,26.84496352,0.0,12.38998316,33.7282875,0.0,43.0,442.0,30.97495791,28.90996072,61.49998474121094,4,1.47207553544528,1.08747516473223
11181008,7.693699577,211.0,1.0,537.0,3.572074804,0.0,1.648649909,4.48799142,0.0,43.0,442.0,4.121624773,3.846849789,15.5,2,1.0780794921354,0.758438415755719
11181040,0.112624539,13.0,-3.0,198.0,2.196178517,0.0,1.069933124,2.702988944,0.0,44.0,53.0,2.871925753,0.450498157,49.399993896484375,4,1.46130222075215,1.08419745031945
11182500,7.701003284,221.0,49.0,592.0,5.877081454,0.0,1.72259284,5.066449529,0.0,42.0,423.0,4.357146595,5.26910751,77.79999542236328,2,1.16355805880411,0.740816768603466
11200800,76.72214392,1187.362062,434.4562598,2283.488276,0.0,0.0,10.18965974,31.16837097,0.0,40.52715832,661.9265291,20.97871123,31.16837097,103.10009765625,3,1.41478718059636,0.643336594456091
11203580,55.01204954,1583.0,487.0,2794.0,0.0,0.0,4.231696119,16.62452047,1.209056034,50.0,664.0,16.92678448,29.62187283,124.39996337890624,3,1.45385382975822,0.799170556788069
11204100,127.4346902,1296.948116,390.6829806,2508.914508,0.0,0.0,12.50892664,41.43581951,2.345423746,44.20165101,671.4090015,35.18135618,57.07197781,117.4000244140625,4,1.3565824089074,0.744151846098889
11224500,63.05336965,815.0622601,397.84941,1449.478333,0.578471281,0.0,11.56942562,27.7666215,0.0,37.11969162,529.1469882,17.35413844,25.45273637,75.800048828125,5,1.81516104035856,1.19339043111085
11230695,35.9039905,177.8227759,69.70498004,315.8551214,2.991999208,0.0,6.981331486,59.83998416,0.0,87.83653838,413.4158805,125.6639667,98.73597387,,5,1.39166520725142,0.535183726067193
11253310,110.8413568,749.0,192.0,1529.0,0.0,0.0,16.71417285,43.1049721,0.0,34.0,538.0,30.78926578,43.1049721,73.29998779296875,4,1.70843661575528,1.23728153534085
11264500,155.7361591,2753.507224,1717.391126,3616.754103,0.0,0.0,11.97970455,58.90021402,0.0,69.99098261,610.9467044,101.8274886,77.86807955,91.300048828125,4,2.00806028961614,0.771184682294673
11266500,140.7016652,2584.755016,1479.322882,3368.543166,0.0,0.0,11.03542472,55.17712362,0.0,68.89185876,623.2509023,90.12263525,79.08721052,85.900146484375,6,1.97711599351923,0.740590868818749
11274500,102.6493863,468.8628416,189.8849199,998.2014881,0.0,0.0,14.15853603,46.90015061,0.0,33.34489273,555.0933983,28.31707207,63.71341216,73.199951171875,4,1.62585943829351,1.04750247519556
11274630,95.51838947,493.0,14.0,1112.0,0.0,0.0,13.64548421,41.73912817,0.0,34.0,564.0,26.48829288,48.16053251,82.39999389648438,4,1.41889345648421,1.08467729243081
11274790,169.1966696,2843.259883,1892.988463,3602.057438,0.0,0.0,11.40651705,56.08204218,0.0,70.55400018,733.8347429,93.1532226,75.09290393,106.39990234375,5,1.48742542523891,0.7342988049771
11284400,141.5834361,2195.867216,1282.205442,2972.07237,0.0,187.985021,12.52098414,55.86285232,3.852610505,67.59139862,650.5584715,92.46265212,81.86797323,39.29998779296875,3,1.35016436767319,1.0243302458482
11299600,123.4748073,1654.356115,1001.055344,2270.978904,0.0,640.9069216,13.71942303,52.91777456,12.73946425,64.67022555,552.4797967,92.11612609,88.19629094,39.70001220703125,3,1.16119547435531,1.23506037686308
11374000,68.79639763,689.0486793,201.0688813,1551.341618,0.0,0.0,17.69050225,44.22625562,0.0,65.13459669,312.7416348,94.34934533,91.40092829,34.699951171875,5,1.39208172876166,0.815279574385013
11376000,99.89318582,698.6935852,293.3636723,1543.532825,0.0,0.0,15.22181879,49.47091107,0.0,60.3635074,409.5052741,76.10909396,82.76863968,44.899993896484375,6,1.51232092716002,0.783399905471456
11379500,119.1988676,905.5890582,250.9435776,1848.904028,0.0,0.0,14.67062986,48.5964614,0.0,59.93549001,478.9920394,72.43623492,82.52229295,81.0,4,1.25158122878745,0.976729052079618
11381500,123.5482853,1210.672383,655.8639817,2180.045263,0.0,0.0,14.75203406,45.17810432,0.0,65.09433786,541.0485412,84.82419586,73.76017031,94.29998779296876,3,1.34349651873109,0.605098769216644
11383500,105.0472543,1265.965116,789.1998382,1890.271569,0.0,0.0,14.48927645,44.37340913,0.0,64.74466831,469.7617352,81.50218004,83.3133396,77.5999755859375,4,1.48756266463936,0.616244018575878
11390000,89.5461779,1112.624763,540.4744428,1687.057433,6.145325935,14.69863038,14.92436298,42.13937784,0.0,63.55060131,476.2164107,80.76714085,85.15665938,64.0,4,1.45320947685923,0.9432131287471
11402000,105.3139265,1467.449819,1025.312437,2224.951821,0.0,0.0,12.71030147,48.11756985,0.0,63.82796905,395.6040652,82.61695955,88.97211029,63.5,5,2.19235960383933,0.863344785916691
11413000,144.9227824,1730.585715,1023.166046,2342.691718,0.0,0.0,13.09543215,47.14355573,0.0,70.85560746,606.2011392,111.7476876,87.30288097,106.4000244140625,5,1.30657328511931,0.83670107351784
11418500,68.00424058,739.0,134.0,1458.0,6.263548474,415.0,14.31668223,43.84483932,0.0,64.0,361.0,94.84801975,87.68967864,39.0999755859375,4,1.23486767660035,1.51184382131632
11421000,121.6625815,1289.563741,713.95267,1867.946808,0.989126679,356.5937743,15.82602686,51.43458729,0.0,68.1995967,530.7261501,120.6734548,95.94528783,66.4000244140625,7,1.54412174576402,0.97709758025689
11424000,62.57933841,696.203536,395.4303715,1077.103154,2.644197398,93.24424548,15.86518439,40.5443601,0.0,62.29828592,377.0911062,81.0887202,74.03752713,40.2999267578125,5,1.38302273058119,1.23138263006098
11427000,148.4843388,1340.870185,639.4769919,1900.040772,0.0,18.8264643,15.52777399,50.46526548,0.0,68.49678324,648.2146835,118.3992767,97.04858746,88.0,5,1.44377947099349,0.92212525587712
11446500,121.0738855,1323.984665,704.8659687,1918.163127,2.977226694,336.7007572,14.88613347,52.59767159,0.0,66.07666235,536.1254081,107.180161,95.2712542,65.5,6,1.29207356807533,0.925892651860257
11447360,3.724082194,41.0,7.0,79.0,74.48164387,0.0,12.66187946,35.75118906,0.0,38.0,55.0,27.55820823,1.489632877,4.5,3,1.465035771469,0.870095696274267
11449500,37.64399826,691.0,401.0,1410.0,0.0,0.0,8.459325451,16.9186509,0.0,59.0,381.0,32.99136926,39.75882962,66.79998779296875,3,1.51777711557522,0.697122966235657
11451000,84.39135788,612.7655553,398.467297,1210.75903,1.940031216,0.0,18.43029655,40.74065553,11.64018729,57.02810799,365.1434493,69.84112376,82.45132666,35.70001220703125,5,1.1792975199591,0.729338128146413
11451100,95.93707602,935.5628029,515.8877543,1800.001575,0.0,0.0,12.15202963,27.50196179,0.0,60.65248628,583.7447531,48.60811851,62.03930916,124.30001831054688,4,1.25923363680166,0.879813764915925
11451715,90.4775743,548.3783106,318.4362569,1053.62086,0.0,0.0,17.54157053,42.46906549,0.0,50.0,436.8451998,48.00850881,74.78248488,50.5,4,1.19479958334251,0.962156386548419
11452500,90.25375853,555.6571826,315.5025651,1107.033561,1.920292735,210.4694193,17.28263461,41.2862938,4.800731837,53.28778367,395.4560094,59.52907478,77.77185576,45.0999755859375,6,1.51369762968952,0.806686674932972
11453500,79.39670179,544.8186092,303.5265756,1268.915943,0.0,0.0,15.87934036,34.14058177,42.08025195,57.36075451,403.2160159,57.95959231,78.60273477,58.9000244140625,3,1.50348960291541,0.617734308095632
11454000,98.77913721,410.6346636,176.6079197,930.3226306,0.0,192.2843369,16.14658974,44.64057162,30.39358068,54.18744293,420.3956218,59.83736196,91.18074204,54.79998779296875,5,1.46245464790997,0.693767537435551
11456000,81.69470576,300.0026134,60.14607794,1051.541171,2.379457449,0.0,15.86304966,32.51925181,0.0,57.28954246,430.0977103,57.90013126,74.55633341,55.59999847412109,4,1.38574966572447,0.683662618419243
11458000,78.70385882,282.3920276,39.80859127,858.9983014,3.279327451,184.6626208,16.39663725,33.61310637,0.0,55.67508202,415.1117811,55.74856667,78.70385882,48.0,4,1.21112225120821,0.675906591107255
11458433,24.81932489,312.0,56.0,812.0,0.775603903,0.0,5.170692685,10.34138537,0.0,58.0,353.0,19.90716684,23.78518635,77.89999389648438,2,1.32160157158999,0.608639534379136
11458500,43.96457255,295.0046965,49.17875574,804.8319128,5.072835294,0.0,11.83661569,21.98228627,0.0,57.65315707,343.8664695,40.01903398,43.96457255,46.600006103515625,3,1.76646545114747,0.637582958937487
11459500,28.62246545,116.0,-3.0,533.0,10.1446713,0.0,7.246193785,15.94162633,0.0,59.0,308.0,28.62246545,24.63705887,54.0,2,2.57436618549966,0.612016787732042
11460000,10.18203076,99.0,-17.0,728.0,7.091057135,0.0,2.181863734,10.90931867,0.0,62.0,388.0,15.09122416,13.27300438,60.25000381469727,3,1.3184567456129,0.896129854322772
11460400,49.74659342,219.0,23.0,670.0,0.0,668.0,8.633706295,16.85628372,0.0,63.0,527.0,38.64611389,29.19014986,90.0,3,1.67670103160179,0.70343894849567
11460600,81.35732079,216.386566,22.20059665,662.5286533,0.0,661.6355194,15.25449765,29.78259065,0.0,63.0,523.0029832,68.28203709,47.94270689,73.70000457763672,4,1.57301170915633,0.733389100378318
11460750,39.22700829,146.0,-1.0,409.0,0.0,105.0,8.845305792,14.99856199,0.0,61.0,465.0,33.4583306,8.845305792,57.90000915527344,3,1.58362258116284,0.736538905493274
11461000,85.32276563,478.8747696,226.4536539,1001.193805,1.537347129,168.983236,15.37347129,32.2842897,0.0,60.88344847,388.5166177,67.64327365,66.10592653,64.29998779296875,4,1.10263608385328,0.948584512344716
11461500,94.44834911,493.2333732,253.1971299,1057.236961,0.0,215.6368326,17.86860659,33.18455509,0.0,60.0,379.8016742,69.7726543,70.62354033,68.89999389648438,4,1.34803710580905,1.06245228931675
11462500,104.2547192,472.6025975,201.2481386,1025.362132,1.861691414,227.1818246,18.61691414,38.16467399,0.0,60.97961235,390.7080784,81.91442222,81.91442222,67.4000244140625,5,1.17836953381919,1.01129039990029
11463000,112.3221628,470.5957272,179.8993884,1019.098016,0.968294507,200.5584185,19.36589014,39.70007479,0.0,60.83556662,405.7627204,85.20991662,86.17821113,70.9000244140625,5,1.19897659153098,0.94146682603252
11463170,21.76934001,645.0,101.0,1360.0,0.0,0.0,2.941802703,6.030695542,0.0,61.0,646.0,12.9439319,14.70901352,117.4000244140625,2,1.15166753096877,0.530596159865814
11463200,141.3763125,645.0,101.0,1360.0,0.0,0.0,19.1049071,39.16505955,0.0,61.0,646.0,84.06159123,95.52453549,122.9499969482422,4,1.29355854487197,0.647394470839751
11464000,113.2491934,439.1167011,138.5381085,1032.282428,1.986827954,149.8592291,19.86827954,40.72997306,0.0,60.23683856,422.6825992,85.43360202,89.40725793,68.69999694824219,5,1.3783189069386,0.849803843948584
11465200,93.13820331,350.9247783,135.7062011,815.1909867,0.763427896,1205.572789,13.74170213,35.11768322,0.0,62.13149242,539.072111,70.99879433,67.94508275,84.10000610351562,5,1.46963549312493,0.782642307723328
11465350,120.0044503,310.4198656,110.4738649,754.9252922,0.983643035,1207.459449,17.70557464,45.24757963,0.0,61.6543001,503.2356328,91.47880229,87.54423015,71.90000915527344,5,1.36921468445877,0.787296871430161
11465680,12.65462028,81.0,13.0,732.0,12.65462028,0.0,11.68118795,17.52178193,0.0,57.0,151.0,34.55684769,18.49521426,6.0,3,1.09533779272319,0.797867681248957
11465700,1.379755067,81.0,13.0,732.0,1.379755067,0.0,1.273620062,1.910430092,0.0,57.0,151.0,3.767792682,2.016565098,1.6999988555908203,-99,1.30995859534406,0.716145833333333
11465750,23.49624093,81.0,13.0,732.0,23.49624093,0.0,21.68883778,32.53325667,0.0,57.0,151.0,64.16281176,34.34065981,4.399999618530273,3,1.18099628459014,0.686904533171213
11466320,53.84824971,194.0,16.0,732.0,35.89883314,0.0,17.94941657,34.18936489,0.0,58.0,312.0,64.9597933,64.9597933,20.40000915527344,4,1.30392717051581,0.674160605613784
11466800,49.33775265,154.3199592,14.9724819,664.0127991,27.62914148,0.0,21.70861116,38.48344706,0.0,57.86804901,255.3165131,74.99338402,66.11258855,11.100006103515623,4,1.70914190138426,0.679353373546238
11467000,97.23403089,345.9524017,103.1448826,886.1223154,5.776279063,302.0077418,19.25426354,39.47124026,0.0,60.00341473,401.1214839,82.79333323,81.83062005,52.20001220703125,6,1.48341515302694,0.79918544431176
11467200,133.6841356,305.0,15.0,712.0,0.0,0.0,18.46951873,36.05953657,0.0,64.0,557.0,93.22709454,87.95008919,99.70000457763672,4,1.31994973626068,0.806362225875069
11467510,133.6943141,318.6839245,67.82335983,690.5198447,0.0,0.0,17.69483569,47.1862285,0.0,65.58793942,515.850452,106.1690141,86.50808558,87.29999542236328,5,1.78164122275595,0.906785748005053
11468000,127.0030876,357.7014599,61.22980869,937.4332735,0.0,0.0,15.99298141,47.03818061,0.0,64.78859119,495.4145466,97.83941566,81.84643425,86.699951171875,5,1.72385733984763,0.815893545759306
11468500,106.2489703,301.3984006,65.77600872,765.6134496,0.78702941,0.0,12.59247056,40.13849991,0.0,65.71159578,481.1129771,86.57323509,78.702941,92.70001220703124,5,1.61695448045214,0.753674485264949
11468900,101.1195966,453.8059417,196.8850025,1018.302828,0.0,0.0,12.46679958,31.85959892,0.0,73.99281266,444.1940583,126.7457957,68.56739767,74.5999755859375,4,2.14499137818609,0.986546521237779
11469000,157.2670782,424.481453,120.8886417,1025.327022,0.0,0.0,17.58265471,44.93345092,0.0,74.98640582,518.3750672,191.4555735,88.89008769,94.29998779296876,4,2.25440978995444,0.913430401227878
11473900,140.5369029,1125.433333,582.9085168,1868.659697,0.0,0.0,17.81453699,45.52603898,0.0,65.69021881,479.6582707,107.8769184,94.02116745,105.800048828125,6,2.13863588701724,0.879340555102745
11475000,141.8366463,928.7692559,458.3041621,1622.55081,0.0,15.6129642,17.97929319,44.94823298,0.0,65.05006018,487.363686,107.8757591,91.8941652,98.4000244140625,8,2.43640742632377,0.907833240851439
11475560,16.59567704,679.0,412.0,1259.0,0.0,0.0,2.088966341,5.57057691,0.0,69.0,512.0,15.66724756,11.60536856,122.20001220703124,2,1.14014391200525,0.802990353697749
11475800,118.8071961,643.6923909,332.5516629,1240.29096,0.0,0.0,14.54781993,38.79418648,0.0,68.71615257,497.8453139,111.5332861,78.39658519,83.4000244140625,5,1.79641609283148,0.886808863995869
11476500,141.1743616,541.2412078,216.6275917,1123.702096,0.0,0.0,17.6467952,46.07774301,0.0,69.75749977,496.8614142,141.1743616,91.17510851,89.4000015258789,5,1.9199656725849,0.861095506325153
11476600,95.61762754,452.0,98.0,1010.0,0.0,0.0,10.48709463,29.61062014,0.0,74.0,547.0,110.4229376,61.68879196,118.4499969482422,3,1.51684109456572,0.844232600090194
11477000,140.1551899,794.253541,355.5097383,1463.287999,0.0,11.27405926,17.76615083,45.40238546,0.0,66.80211932,489.4263233,119.4280139,91.7917793,97.10000610351562,8,2.07079021122727,0.888260790723992
11478500,110.1198182,928.9220255,462.3067901,1545.350121,0.0,0.0,12.67566253,39.61144541,0.0,70.95826553,491.4409826,113.2887339,76.05397519,100.60003662109376,6,1.66785043056632,0.859061324309904
11480390,119.6911112,1149.474764,852.926285,1818.524439,0.0,0.0,12.04944073,41.77139452,0.0,67.0,462.7920706,89.96915743,80.32960485,88.4000244140625,4,2.23360510706099,0.766350629045535
11481000,132.9275696,817.3840804,392.5614769,1468.392652,0.970274231,46.43010554,15.52438769,49.48398577,2.910822692,71.05540159,435.2784299,130.9870211,95.08687461,95.5999755859375,4,1.36345029105216,0.832502262580184
11481200,87.25728791,316.0,0.0,980.0,0.0,0.0,13.55453016,42.35790675,0.0,75.0,372.0,128.7680365,84.71581351,77.80000305175781,4,1.61850332410326,0.720834792013548
11481500,90.40809532,914.8656561,315.5009529,1554.541787,0.0,0.0,9.727453294,28.03795361,0.0,72.88672619,446.288452,81.25284516,56.64811036,115.699951171875,3,1.31455746813283,0.853601971796729
11482500,147.8830189,582.1489395,155.4385241,1144.906562,0.0,0.0,16.6490816,47.98852932,0.0,74.03721388,495.2781795,149.8417344,96.95641638,115.69998168945312,5,1.34836775178982,0.730651559983165
11493500,33.34592863,1567.553965,1410.971145,2067.066332,0.0,0.0,10.480149,53.35348581,0.0,59.37531474,357.5571038,67.64459808,68.5973389,10.2000732421875,4,2.62732040815119,0.402016591994061
11501000,44.45415909,1602.27939,1392.017474,2099.005298,0.0,0.0,13.83018283,46.42989949,0.0,45.64315369,734.3513437,46.42989949,61.24795252,18.5,6,1.92533518498882,0.610399208982657
11502500,39.5249199,1581.762704,1397.024752,2075.754394,0.0,0.0,12.84559897,50.39427287,0.0,52.03500656,559.8848442,57.31113385,65.21611783,14.60009765625,6,2.86303855575985,0.508414953575051
11507500,43.70793915,1563.24849,1370.284738,2087.63503,0.0,19.47730147,11.92034704,50.66147493,0.0,53.50372844,513.5405385,61.58845971,67.54863324,14.5,6,2.79895210707687,0.518143300391713
11517000,76.43044912,1257.328691,835.8086828,2610.948038,0.0,35.03017331,18.41697569,36.83395139,0.0,55.86615725,281.6798765,56.17177586,65.38026371,31.2999267578125,5,1.52063991572142,0.458929597734446
11517500,57.40752987,1462.578293,1211.896081,2106.569985,0.0,68.58261484,13.85698997,46.5198949,0.0,53.13368013,450.9214438,59.38709987,70.27473484,28.800048828125,5,1.5634368355559,0.490986115276517
11519500,142.5120264,1329.614278,890.0050482,2194.523209,0.0,0.0,15.00126594,45.94137694,0.0,59.31335197,516.1202087,68.44327584,83.44454178,80.79998779296875,5,2.10265170884213,0.681174990400405
11521500,166.3357785,1126.118295,452.2459811,1957.966956,0.0,0.0,15.04100125,43.35347419,38.04488552,68.94615368,593.5782403,97.32412574,88.47647795,77.4000244140625,4,1.18069441102132,0.690783711936261
11522500,223.7540335,1311.298364,558.3437158,2184.951431,0.0,0.0,14.98352903,51.94290063,0.0,67.21071347,681.2507341,98.89129158,99.89019352,159.4000244140625,5,1.4666056508152,0.721709930421178
11523200,170.894074,1628.827578,941.0322441,2469.272004,0.0,0.0,14.08467643,49.76585671,0.0,67.97232704,591.2998815,88.26397227,93.89784284,127.4000244140625,4,1.22453593214827,0.599459282448537
11525500,170.961293,1424.363099,826.2072691,2245.728684,0.0,113.7779838,14.65382512,51.77684874,0.0,67.06873163,590.6423206,94.76140242,95.73832409,113.39990234375,5,1.21965942775136,0.639883847534312
11525530,162.1417374,1401.07642,811.6203284,2228.134179,0.0,200.6309454,14.14026779,49.96227954,0.0,66.85897512,588.8022026,90.49771389,93.32576745,106.79998779296876,2,1.45447541452163,0.573071659050671
11525655,163.9933507,1373.256782,791.8590531,2225.818529,0.0,305.3601917,14.3017457,50.53283482,0.0,66.57612306,585.844481,91.5311725,94.39152164,110.5,5,1.34026420279681,0.64854416092808
11525670,168.4046261,1363.085646,784.2656361,2221.107836,0.0,339.4329602,14.68644995,51.89212315,0.0,66.45624269,586.8702353,93.99327967,96.93056966,126.199951171875,3,1.25165387178076,0.614493564247044
11525854,170.3651742,1324.285352,755.5664695,2203.181012,0.0,382.3397243,14.85742798,52.49624554,0.0,65.99889952,580.8346001,94.0970439,98.05902469,109.5,5,1.40243723027769,0.654012584028589
11526250,172.8759797,1285.20457,723.1029026,2153.420281,0.0,402.0537796,14.9892468,52.96200535,0.0,65.54446506,580.5099825,92.93333015,98.92902887,110.9000244140625,5,1.73595440507337,0.665626428989739
11526400,177.7019518,1286.086075,704.5493161,2174.657078,0.0,388.4556463,14.97488358,52.91125531,0.0,65.62934336,589.0239804,93.84260375,98.83423161,113.5,5,1.89054410364906,0.679264683745303
11527000,184.848377,1260.001478,661.2926709,2180.614927,0.0,379.285002,14.67050611,51.83578826,4.890168704,65.69010776,617.6610562,92.91320537,96.82534033,123.0,5,1.9851389747094,0.696904554411241
11528700,140.5243906,1130.17904,659.1368724,1811.476481,0.0,0.0,13.29284776,50.32292367,16.14131514,66.1158774,476.2336042,100.6458473,94.94891258,92.0,5,1.36978066040369,0.763211946165893
11530000,179.1483574,1159.157083,578.7074302,1988.58499,0.0,220.1615958,14.84654896,52.45780631,10.88746924,66.38735822,581.9220746,100.9565329,97.98722312,116.5999755859375,6,2.55274508011022,0.735328491922157
11532500,167.6031179,781.2024464,231.977262,1419.025583,0.0,0.0,15.48507067,43.72255249,0.0,74.70713736,604.6649486,153.0289337,91.08865103,76.70001220703125,5,1.6055346268218,0.756186777628359
12010000,124.6361141,282.0,25.0,693.0,0.0,0.0,15.22273149,34.25114586,0.0,91.0,359.0,311.1145749,95.14207183,70.80001831054688,3,1.84684463341991,0.868968645820146
12013500,94.80750253,219.810178,27.44650395,691.0970625,0.0,0.0,15.16920041,36.02685096,0.0,88.0,290.1656599,268.3052322,89.11905238,51.0,4,1.88586059333579,0.816317791648676
12020000,136.285418,405.4647192,128.0109647,830.4107411,0.0,0.0,16.43157522,35.76284019,0.0,86.7374192,448.5726755,254.2061343,93.75663509,71.5,4,1.65918263627565,0.786121774773259
12025000,60.1943994,301.6438035,82.24914027,899.1528607,0.885211756,0.0,15.04859985,38.0641055,0.0,81.01048307,267.629862,147.8303632,63.73524642,30.300018310546875,4,1.51491886931111,0.632096965278411
12025700,91.16292091,535.0,145.0,1107.0,0.0,0.0,12.37211069,24.74422139,0.0,85.0,385.0,142.6048549,65.11637208,105.8000030517578,3,1.26943309438674,0.733606994576145
12026150,57.7576943,504.9422248,137.9226845,1074.111299,0.0,20.39932109,9.901319022,22.00293116,0.0,84.41716225,372.9269324,99.5632635,50.60674167,88.20001220703125,3,1.32097222482822,0.760874078229966
12026400,97.58413218,369.9241669,106.131729,926.3768585,0.0,112.0320751,16.72870837,37.1749075,0.0,81.79908357,318.6953025,168.2164564,85.50228725,55.80001068115234,3,1.53482343948275,0.774076071257265
12027500,84.61389078,261.2853561,76.60792423,734.9935816,1.967764902,18.05622809,16.72600167,40.33918049,0.0,81.53266468,290.25701,183.9860183,82.64612588,40.90000915527344,6,2.32208826110577,0.733905824746965
12031000,76.79635561,229.9983497,60.92574172,688.3261905,1.91990889,15.63120311,16.31922557,40.31808669,0.0,81.01063515,265.9589054,176.6316179,79.67621894,35.0,7,2.5283492210447,0.712114562545803
12035000,88.03769273,231.3743879,51.14052395,797.6620352,0.0,0.0,12.85943826,47.48100282,0.0,86.78776221,297.7735192,277.961704,96.94038076,16.29999542236328,4,1.37865548084764,0.743464862171639
12035055,56.48123782,316.1957729,168.5415273,549.2773347,5.842886671,116.1328244,10.7119589,50.63835114,63.29793893,88.69847351,429.695513,120.7529912,95.43381562,,3,1.20176495479043,1.10304170678584
12035400,157.4791072,633.0,194.0,1391.0,0.0,305.0,8.708522055,34.10837805,0.0,92.0,740.0,275.7698651,72.57101712,86.00006103515625,3,1.35092428263953,0.703958337456798
12036000,103.523982,542.0814584,165.8585467,1246.684855,0.0,267.7185874,8.227071419,32.90828568,0.0,91.75947476,639.9414992,255.039214,68.55892849,56.899993896484375,4,1.4596096594239,0.696709990215233
12037400,85.17859007,342.6112511,100.0786623,822.5022167,0.0,190.5868336,9.464287785,37.06846049,0.0,90.67136706,454.2392367,264.2113673,75.71430228,25.30000305175781,4,1.63287110134662,0.737840423234669
12039005,70.99347602,359.8915368,59.13315563,1174.705469,0.0,0.0,9.769744407,26.05265175,7.164479232,92.0,471.7108066,252.0594057,64.48031309,35.600006103515625,4,1.66772361529195,0.748614727488686
12039500,202.6312962,790.509324,99.72633742,1706.351688,0.0,0.0,8.177944689,44.52436553,21.8078525,92.77589714,814.0985957,368.007511,82.68810741,118.29998779296876,5,1.25529306039265,0.64402228642491
12040500,155.9997355,478.3809037,91.34334351,1123.048152,0.0,0.0,11.77356494,45.13199895,0.0,93.13056155,560.4269071,402.2634689,94.18851955,51.70000457763672,4,1.31684679826013,0.641414225484357
12041200,158.9996918,750.8849268,150.74621,1797.889639,0.0,0.0,10.20318878,35.71116072,9.352923047,92.76016023,651.7986332,342.6570898,75.67365011,96.0,4,1.50370274817994,0.595200006343429
12043000,171.1255538,466.1951907,120.6209177,1012.950613,0.0,0.0,13.45931322,38.45518062,0.0,91.66140861,610.0581693,355.7104207,96.13795155,64.19998168945312,4,1.29903110311492,0.64285688865163
12043300,87.42440166,225.0,5.0,767.0,0.0,0.0,10.57553246,27.49638439,0.0,91.0,393.0,239.7120691,68.38844323,39.600006103515625,3,2.168131646186,0.780961235631355
12045500,202.7760285,1123.995244,338.3469175,1973.377826,0.0,0.0,6.787482126,40.72489276,3.393741063,92.6335244,773.1228944,311.3757425,76.35917392,153.80001831054688,4,1.93033431655212,0.573593861718399
12048000,156.4518527,1266.907375,290.0779061,2205.369918,0.782259264,0.0,7.040333374,39.11296319,0.0,92.60365174,800.9262308,255.01652,59.45170404,125.300048828125,4,1.36274149821489,0.564675413691096
12052210,112.5303303,845.0,0.0,2258.0,0.0,0.0,7.742912634,22.19634955,0.0,88.0,680.0,145.0505633,48.00605833,126.199951171875,4,1.35336545894965,0.631505616136889
12054000,214.8074926,972.0,0.0,1961.0,0.0,0.0,14.15398207,33.30348723,0.0,90.0,878.0,283.9122286,73.26767191,161.5999755859375,3,1.21514699642979,0.525365603611475
12056500,256.3821886,1015.0,266.0,1768.0,0.0,0.0,14.5671698,41.75922011,0.0,93.0,876.0,376.8041256,90.31645279,156.0999755859375,3,2.07336630283818,0.539306600259234
12058790,172.0290084,788.8398227,170.0649333,1716.757575,0.0,445.3852896,13.36147638,35.07387551,0.0,89.91774886,724.9696942,274.7453581,77.66358148,106.5,3,1.77929551931578,0.577186864868212
12059500,202.6487579,734.3370407,146.9453546,1704.408563,0.0,552.7195587,15.73970935,41.31673704,0.0,89.17495115,688.5726064,323.6477735,91.48706058,79.80003356933594,4,1.76999438690214,0.612377614332413
12060500,147.2583635,614.9125978,144.7623525,1354.715308,0.0,0.0,11.60657052,30.46724762,0.0,89.18385703,710.1143849,224.8773039,72.54106577,80.0,3,1.5421963942676,0.738624453906203
12073500,1.807994342,68.0,-18.0,163.0,0.0,0.0,0.485071653,2.601747955,0.0,76.0,243.0,5.997249524,4.409742297,12.300003051757812,1,1.42507059821597,0.362592294833021
12076800,26.06054463,118.0,-2.0,411.0,3.948567369,0.0,12.63541558,37.11653327,0.0,81.0,147.0,157.9426947,77.39192043,10.199996948242188,3,3.42147251044217,0.289897069577193
12079000,70.57732502,435.8724,141.513966,981.0998856,0.0,0.0,12.49806797,30.8775797,0.0,83.70815637,344.4388816,132.3324844,67.63660314,59.899993896484375,3,1.7427266554088,0.754762067317539
12080010,65.88033905,300.0005475,96.77201276,743.7494744,9.793023372,0.0,13.35412278,41.84291804,0.0,80.70916517,269.0816467,146.8953506,76.56363727,22.0,3,1.61860245585176,0.609481579056761
12082500,164.4123023,1233.378246,553.9760379,3607.355662,0.0,0.0,13.93324596,38.08420563,0.0,91.5843158,545.3489714,334.3979031,80.81282658,105.60006713867188,4,1.33799634621541,0.796018152088167
12086500,150.625999,912.5959823,364.1313428,2191.937174,0.0,53.08301585,15.85536831,39.63842078,0.0,89.74215583,489.1757969,295.3062348,93.15028883,93.0999755859375,4,1.44405518480934,0.652375439103774
12087000,108.4150027,698.0,167.0,1410.0,0.0,0.0,15.35079684,39.33641691,0.0,89.0,401.0,240.8156255,94.98305547,61.90000915527344,4,1.38329412386168,0.612057260402845
12088000,46.36015625,456.0,137.0,1080.0,0.0,0.0,7.042049051,27.58135878,0.0,85.0,320.0,111.49911,55.74955498,43.399993896484375,3,1.20235169235917,0.662887863244904
12089500,120.0493758,739.0611654,294.7902174,1771.938277,0.0,68.84844432,14.64016777,40.99246977,0.0,87.27537289,417.1561453,248.8828522,89.79302902,50.9000244140625,5,1.45903235037131,0.640631228238904
12090500,10.47088152,131.1821035,79.44876025,263.0812671,51.69997751,0.0,5.889870855,37.95694551,0.0,75.95772334,105.6764266,77.87718131,34.68479504,5.8000030517578125,3,1.33931838748202,0.209482641974496
12091100,11.86284161,126.3521074,70.01341916,247.3556986,58.57278044,0.0,6.672848404,43.00280083,0.0,75.84539785,107.4736344,88.22988445,39.29566282,6.900001525878906,1,1.63266876102831,0.114743649599696
12091200,10.59052642,130.7170945,78.54037057,261.5672843,52.29072419,0.0,5.95717111,38.39065827,0.0,75.94690917,105.8494532,78.76704024,35.08111876,10.0,1,1.01225127272727,0.0227794225953749
12091500,15.22016583,118.3362911,54.35461522,221.257692,75.14956879,0.0,8.561343279,55.17310113,0.0,75.65898351,110.4562638,113.1999834,50.41679931,5.900001525878906,3,1.49415670539017,0.196251092164122
12092000,79.00904214,1337.892865,551.4233304,3286.95821,2.149905909,0.0,4.299811817,25.26139443,0.0,93.78939477,774.7858283,163.3928491,45.68550056,140.699951171875,4,1.21984477607734,0.668234243075638
12093500,130.5845777,974.9679889,347.457362,2536.157928,3.553321843,0.0,7.106643687,41.75153166,0.0,89.9229866,610.9624915,270.0524601,75.50808917,81.5,4,1.23209379311849,0.63373010329441
12094000,148.2297484,1215.99505,405.9797212,3296.600432,0.0,0.0,5.548707159,37.25560521,0.0,92.82691014,749.4385872,280.6060477,67.37715836,144.4000244140625,3,1.25424015915004,0.765483424721147
12095000,97.81232927,614.0,95.0,1666.0,5.059258411,0.0,6.745677881,39.63085755,0.0,89.0,451.0,201.5271267,75.88887616,66.30001831054688,4,1.5009027679126,0.738374448709989
12095493,1.329641604,138.0,0.0,297.0,1.446962922,0.0,0.351963954,2.268212148,0.0,89.0,380.0,4.927495357,3.363211116,,1,1.19795740947939,0.530672134962187
12096500,127.6788702,818.7832678,235.3104411,2153.915944,7.679932042,1.981095984,7.679932042,46.07959225,0.0,89.03334925,549.981278,265.9176469,80.63928644,61.600006103515625,5,1.35736043201133,0.674696124764946
12097500,176.9193701,1215.0,538.0,1951.0,0.0,0.0,7.488650586,40.2514969,0.0,92.0,667.0,317.3315686,93.60813232,135.94998168945312,3,1.41908906449776,0.693190045570052
12097850,185.9808748,1271.315953,578.9986545,2588.074009,0.0,0.0,7.629984608,41.96491534,0.0,92.96364407,653.4200544,349.0717958,86.79107491,135.00006103515625,5,1.57460650783059,0.748282309644293
12099200,168.8599245,1213.879442,549.5138873,2486.31319,0.0,0.0,7.463422079,41.98174919,0.0,92.64398479,628.6560129,324.6588604,82.09764287,125.39990234375,5,1.52509389385693,0.747455250164241
12099600,164.3141695,1237.232173,561.6765842,2520.221363,0.0,0.0,7.262504728,40.8515891,0.0,92.82784422,639.1345858,315.9189557,79.88755201,31.89999389648437,2,1.34310427574958,0.535021145630183
12101500,133.9869485,902.8729359,343.9742989,2091.484349,10.4528825,1.614704226,7.602096366,45.6125782,0.0,89.7062882,538.4994619,274.6257312,76.02096366,74.800048828125,6,1.35640356999611,0.69539257544109
12105900,174.959677,897.1602591,414.1477312,1531.136726,0.0,44.79856162,7.775985646,41.79592285,0.0,91.18275059,652.0851657,289.6554653,97.19982057,110.00006103515624,5,1.2386109007113,0.730561949822947
12106700,132.8222029,878.8008799,403.011841,1513.566618,0.0,52.2039083,6.599861012,37.12421819,0.0,91.11752361,643.1199979,229.3451702,78.37334952,111.70001220703124,5,1.22676697573213,0.746470441298222
12108500,131.9074197,883.0160031,405.6611083,1516.719055,0.0,51.38005269,6.554405947,36.86853345,0.0,91.15301384,645.1319916,227.7656066,77.83357062,7.400009155273437,2,1.57917265229336,0.521738188400587
12112600,25.63609318,185.0,29.0,962.0,30.62088908,56.0,6.409023295,37.74202607,0.0,83.0,217.0,116.7866467,56.96909596,13.900001525878906,4,1.33432946696289,0.449581743732224
12113000,89.91143206,625.8089497,259.7490724,1310.56294,22.68036124,69.33473112,7.290116113,39.69063217,0.0,88.36701067,499.3308368,181.4428899,66.42105792,46.80000305175781,5,1.42647762002257,0.648554460755496
12113347,89.85602968,626.1585719,259.9123763,1311.268936,22.66638587,69.30101219,7.285624028,39.66617527,0.0,88.37525578,499.503752,181.3310869,66.38013004,15.5,2,1.94475160349574,1.07881934958677
12113349,90.43814533,622.5064766,258.2065302,1303.894223,22.81322585,69.65323453,7.332822594,39.92314523,0.0,88.28912871,497.6975086,182.5058068,66.81016141,9.099998474121094,3,1.16263299037792,1.02577622203142
12114500,66.81127703,966.0,474.0,1589.0,0.0,0.0,2.755104208,14.46429709,0.0,93.0,730.0,116.7475408,34.43880259,135.0999755859375,3,1.73087227448824,0.809627846667238
12115000,103.8244383,966.0,474.0,1589.0,0.0,0.0,4.281420135,22.47745571,0.0,93.0,730.0,181.4251782,53.51775169,148.39999389648438,3,1.56628134027537,0.736682707787969
12115500,35.14745227,966.0,474.0,1589.0,0.0,0.0,1.449379475,7.609242244,0.0,93.0,730.0,61.41745526,18.11724344,125.699951171875,3,1.28436096010035,0.580079151112954
12115700,13.15852413,966.0,474.0,1589.0,0.0,0.0,0.542619552,2.848752646,0.0,93.0,730.0,22.9935035,6.782744395,142.70001220703125,2,1.13830828809065,0.633597437420967
12116400,113.2998434,909.9741524,434.089114,1540.805723,0.0,67.32138134,5.460233417,29.34875462,0.0,93.0,686.1733289,219.7743951,68.25291772,134.0999755859375,4,1.37586944788199,0.726352578814087
12116500,113.7993924,908.5864806,433.1005843,1539.612026,0.0,68.98882576,5.484308067,29.47815586,0.0,93.0,685.0878114,220.7433997,68.55385084,133.10003662109375,4,1.38020351250268,0.728097860194399
12117000,117.6189266,898.3661738,425.8199894,1530.820365,0.0,81.26967831,5.668382003,30.46755327,0.0,93.0,677.092894,228.1523756,70.85477504,76.29998779296875,3,1.28912071787557,0.782429203611837
12117500,92.4345685,781.8464489,347.0463081,1425.763932,10.11003093,194.0540852,6.499305598,33.21867305,0.0,92.52662837,593.3191409,196.4234581,67.15949118,93.5,4,1.36436027851196,0.784829331236517
12117600,94.52417361,768.195938,339.4008665,1411.651277,10.33858149,197.0797265,6.646230957,33.96962489,0.0,92.29405625,586.2642012,200.8638689,68.67771989,89.0,4,1.41353672891311,0.779216018562123
12118500,89.23358742,803.9961226,359.4520002,1448.663493,9.759923624,189.1446011,6.274236615,32.06832048,0.0,92.90400593,604.7666693,189.6213733,64.83377836,16.5,1,1.15029996370649,0.0839673804974361
12119000,118.7760518,644.8874549,270.3376788,1284.168127,12.99113067,224.4111015,8.351441142,42.68514362,0.0,90.1931741,522.5351647,252.3991101,86.29822514,59.10003662109375,4,1.48924070115289,0.774556015202009
12120600,15.093699,219.0,5.0,873.0,7.35334054,0.0,1.741580654,9.675448079,0.0,85.0,334.0,35.60564893,16.25475277,39.40000915527344,2,2.42814243737993,0.537413938082372
12121600,43.86279661,219.0,5.0,873.0,21.36905476,0.0,5.061091917,28.11717731,0.0,85.0,334.0,103.4712125,47.23685789,47.5,3,2.58505481972992,0.637373374008112
12134500,227.0245062,1062.125153,313.0090563,1901.466373,0.0,0.0,6.594072795,45.21649917,0.0,90.46824294,909.2101621,289.1971926,87.60696713,171.29998779296875,5,1.42574618553723,0.723324791726184
12137290,44.04628036,955.0,432.0,1851.0,0.0,0.0,1.167893797,7.84157264,0.0,92.0,1062.0,52.88890482,15.84998725,235.4999389648437,2,1.14936904472253,0.482422718532761
12137800,140.0206488,881.9588602,384.3021035,1761.700931,0.0,54.39233816,4.925349455,33.77382483,0.0,91.6413692,992.5451682,199.8284636,67.54764967,181.79998779296875,3,1.31845968303688,0.561508008480041
12138160,170.211625,786.5785717,322.0161213,1645.090332,0.0,125.4202126,5.987343592,41.05607035,0.0,91.17305354,901.8480363,242.9150829,82.1121407,131.60009765625,3,1.54406100336266,0.56773151946208
12141300,220.4780396,1036.592564,294.4772984,1894.995749,0.899910366,0.0,6.299372561,43.19569756,23.39766951,92.86185418,921.8740438,306.8694348,79.1921122,160.89996337890625,4,1.50414181571903,0.702804763420469
12142000,131.9359311,956.4232772,390.3120809,1688.749761,0.0,0.0,4.335922617,29.11262329,0.0,93.82638756,990.3328225,209.9825382,61.32233415,169.300048828125,4,1.50130556447445,0.66604183985236
12143400,98.23497764,833.0,130.0,1763.0,1.964699553,0.0,3.929399106,22.59404486,10.80584754,92.0,744.0,157.1759642,46.66161438,150.9000244140625,3,1.90656550269821,0.640466465548002
12143600,149.9806424,833.0,130.0,1763.0,2.999612849,0.0,5.999225698,34.49554776,16.49787067,92.0,744.0,239.9690279,71.24080516,152.0,3,1.71852096414585,0.697844150759756
12143700,2.055285613,833.0,130.0,1763.0,0.041105712,0.0,0.082211425,0.472715691,0.226081417,92.0,744.0,3.288456981,0.976260666,56.199981689453125,1,1.07509918032787,0.191707006928001
12143900,5.613988381,833.0,130.0,1763.0,0.112279768,0.0,0.224559535,1.291217328,0.617538722,92.0,744.0,8.98238141,2.666644481,48.0,1,1.2046895470908,0.441718830169318
12144000,183.5046815,833.0,130.0,1763.0,3.670093631,0.0,7.340187261,42.20607675,20.18551497,92.0,744.0,293.6074904,87.16472373,119.35000610351562,3,1.69025167497851,0.68415974991659
12144500,172.8871262,896.7091258,237.671801,1736.454015,1.728871262,0.0,6.051049419,41.4929103,12.10209884,92.66697602,828.5844325,275.7549664,80.3925137,127.80003356933594,5,1.56380538822117,0.704151632623625
12145500,178.9701544,877.6870333,230.4779919,1710.507515,1.789701544,0.0,6.263955403,42.95283705,12.52791081,92.57633704,812.1834748,285.4573962,83.22112178,64.19998168945312,3,1.84908871763706,0.86562235693919
12147600,13.28699824,762.0,208.0,1650.0,0.0,282.0,0.65345893,3.049475006,0.0,93.0,717.0,22.87106254,7.188048228,174.20001220703125,1,1.09453617408616,0.419478989693057
12148000,50.26212574,762.0,208.0,1650.0,0.0,282.0,2.471907824,11.53556984,0.0,93.0,717.0,86.51677382,27.19098606,149.35000610351562,3,1.13504632422095,0.498062692901235
12148300,75.08263431,762.0,208.0,1650.0,0.0,282.0,3.692588572,17.23208,0.0,93.0,717.0,129.2406,40.6184743,87.29998779296875,3,1.16557446393792,0.704942498189227
12148500,78.92227458,719.5506456,192.1756844,1583.856036,0.0,271.7016359,4.747204486,27.2964258,0.0,92.58136731,684.5978301,160.2181514,57.55985439,92.70001220703124,4,1.37841781598544,0.727225109967431
12149000,140.3845892,712.6411347,177.5119999,1485.36986,2.632211047,49.06443313,7.019229459,42.11537675,7.896633141,91.38106819,684.5733464,248.3052421,80.72113878,81.0999755859375,5,1.81671744633593,0.705650775515014
12150800,179.7145158,754.0117294,202.6037312,1535.910305,1.974884789,35.44644682,6.912096763,47.39723494,3.949769579,90.22411455,720.1929071,278.4587553,89.85725791,88.30001831054688,6,1.37747099943745,0.708942455961323
12155300,53.01056778,268.0728506,71.57456506,843.1534217,9.63828505,0.0,7.228713788,41.76590189,0.0,86.42407454,381.7963209,150.1966087,63.45204325,23.900001525878903,4,1.94832306349793,0.687504948428379
12157250,8.062851879,94.0,0.0,192.0,0.0,0.0,1.752793887,10.34148393,0.0,80.0,292.0,19.98185031,17.35265948,18.5,2,1.62367497665775,0.712543515473237
12158010,9.862019063,94.0,0.0,192.0,0.0,0.0,2.143917188,12.64911141,0.0,80.0,292.0,24.44065594,21.22478016,19.80000305175781,2,1.18835491283536,0.428182600588109
12167000,154.401799,664.8884202,89.85046178,1655.902056,0.0,0.0,6.510919237,46.50656598,0.0,89.97911421,621.0747661,240.9040118,89.29260667,111.1999969482422,4,1.93568073303567,0.593099842413739
12175500,266.0484483,1553.384659,505.8039139,2599.215763,0.0,0.0,5.466748938,43.7339915,10.93349788,85.12700343,1046.040677,174.935966,51.02299008,266.9000244140625,4,1.18799573736045,0.565442324442472
12178100,251.8607467,1410.443771,555.5223803,2423.851496,0.0,20.29310026,5.724107881,46.74688102,11.44821576,81.67234905,973.2335157,147.8727869,81.09152831,240.7499389648437,3,1.2645620302906,0.556519056188418
12179900,266.5600738,1105.0,123.0,2113.0,0.0,0.0,6.616739421,45.37192746,1.890496977,88.0,904.0,224.9691403,62.38640025,221.0,3,1.25384946688227,0.535824001994841
12182500,255.7767881,1270.240309,303.4504055,2416.564618,0.0,0.0,5.540291438,45.24571341,31.39498482,86.18860254,1002.962878,209.6076927,72.9471706,234.1000366210937,4,1.39446838571357,0.675448571809306
12186000,208.3503732,1249.496415,354.8509869,2463.689386,0.0,0.0,6.56221648,38.55302182,18.04609532,90.05795819,917.402431,238.7006245,70.54382716,212.70001220703125,4,1.20699819736765,0.625171608747616
12189500,234.0472874,1157.48627,350.741725,2288.746153,0.0,0.0,7.834218827,47.00531296,9.792773533,88.67877577,864.8375885,261.4670533,83.23857503,189.5,5,1.5122828014761,0.584790092474763
12201500,62.01060729,283.6177082,17.83939606,1267.632123,0.0,0.0,7.562269182,40.83625358,0.0,84.93754291,323.9746059,114.9464916,58.98569962,40.600006103515625,4,1.53229469698201,0.732886346147412
12201950,5.302322156,300.0,0.0,963.0,1.05046005,624.0,0.500219071,2.701182985,0.0,85.0,383.0,8.35365849,4.451949734,178.10000610351562,1,1.02252122693722,0.378388860606746
12201960,5.574907132,300.0,0.0,963.0,1.104462734,624.0,0.525934635,2.84004703,0.0,85.0,383.0,8.783108407,4.680818253,73.90000915527344,1,1.58237288660033,0.565426894757239
12202300,6.052875949,300.0,0.0,963.0,1.199154669,624.0,0.571026033,3.083540578,0.0,85.0,383.0,9.536134749,5.082131693,112.1999969482422,2,1.25699193399899,0.938847853816262
12202310,0.934007728,300.0,0.0,963.0,0.185039267,624.0,0.088113937,0.475815258,0.0,85.0,383.0,1.471502742,0.784214036,32.19999694824219,1,1.1812506944212,1.34017344025272
12205000,164.4004691,1313.344418,517.1209824,2965.039601,0.0,0.0,4.162037191,32.60262467,9.711420113,90.03591006,862.3390942,172.7245434,53.41281062,187.9000244140625,4,1.24143195195951,0.576704092964605
12208000,174.5408994,1023.0,90.0,3088.0,0.0,0.0,5.736085896,38.51371959,61.45806317,91.0,780.0,210.5962965,71.29135327,163.29995727539062,4,1.26917110624064,0.643562311172564
12210000,117.3794281,847.1712596,202.404865,1886.640279,0.0,0.0,5.556422633,34.72764146,9.723739608,90.4360594,642.6998614,163.9144677,65.98251877,142.2000732421875,3,2.67558288324924,0.636151615085634
12210700,166.9900213,874.537686,213.6731156,2190.128306,0.0,0.0,7.421778725,45.45839469,22.26533617,89.64993343,649.2852691,216.1593054,81.63956597,132.20001220703125,5,1.64587678028712,0.694084724665169
12210900,166.3864528,876.9085548,214.3720848,2194.75052,0.0,0.0,7.394953457,45.29408992,22.18486037,89.6668022,650.842607,215.3780194,81.34448802,38.799991607666016,2,1.45662406648966,0.667423109865296
12213100,134.1204456,680.0369049,163.0455978,1729.767961,2.853626503,0.0,8.560879509,46.60923288,18.07296785,88.10999268,513.1744405,202.6074817,66.5846184,86.20000457763672,5,1.74617373419988,0.727102789016165
12302055,133.8184144,1258.572523,898.4058437,1878.43827,0.0,0.0,9.98644884,48.93359931,13.98102838,67.93414264,539.1821395,77.89430095,64.91191746,88.199951171875,5,2.05005596176916,0.771458289670093
12323250,79.53694619,1903.57941,1640.424209,2472.198138,7.855500858,0.0,10.80131368,54.0065684,53.02463079,39.0,828.3812719,42.22331711,58.91625644,36.0,5,2.87908006488207,0.915799816253112
12323670,97.16368184,2082.0,1493.0,3155.0,0.0,0.0,10.5448957,36.15392813,8.285275195,48.0,856.0,39.91996231,47.45203066,106.4000244140625,3,1.18417127813894,0.719953303334974
12323700,104.2526832,2082.0,1493.0,3155.0,0.0,0.0,11.31424469,38.79169607,8.889763682,48.0,856.0,42.83249774,50.91410109,97.0,3,1.1764236066386,0.754740071159641
12323710,73.87137368,1886.719025,1613.891839,2378.176897,2.576908384,0.0,13.74351138,39.51259523,66.99961799,39.02274708,812.9938887,36.07671738,48.9612593,107.5,3,1.88465653259919,0.802705431392566
12323720,77.56244971,1879.073907,1608.046093,2376.551163,2.70566685,0.0,14.4302232,41.48689171,70.34733811,38.83139217,808.6179034,37.87933591,51.40767016,44.39996337890625,3,1.88139368295279,0.940239459129657
12323750,83.25370138,1881.492173,1581.375817,2451.690957,1.913878193,2.207097269,15.31102554,44.01919843,67.94267584,39.32820669,798.328184,41.14838114,53.58858939,39.7999267578125,5,1.59799553309445,0.934789251804563
12323760,131.7425134,2176.646972,1701.412462,3080.588545,0.954655894,0.0,12.41052662,47.73279471,2.863967683,52.3557414,857.5396371,55.37004186,73.50850385,84.5,4,1.57198790613879,0.673620185891278
12323770,81.36707178,1887.460531,1584.328235,2459.84273,1.870507397,0.357593872,14.96405918,43.02167014,66.4030126,39.4980657,805.0344629,40.21590904,52.37420712,80.2000732421875,4,1.70869878170833,0.698455558816673
12323800,92.69416994,1933.205847,1591.073292,2586.207966,1.911219999,4.482561406,15.28975999,43.95805997,48.73610997,42.03779006,799.0790517,43.95805997,57.33659996,46.89990234375,5,1.67271132987959,0.871821813293955
12323840,59.99271901,1968.0,1493.0,2716.0,0.0,0.0,9.188074082,23.24042268,8.647599136,45.0,901.0,27.0237473,38.37372117,91.60009765625,3,1.19017184024907,0.713662761460168
12323850,91.55486309,1935.124051,1593.076921,2590.340381,1.887729136,3.92879822,15.10183309,43.41777012,48.13709296,42.08801711,800.0254174,43.41777012,56.63187407,38.2000732421875,3,1.46930478901714,1.04289025986166
12324200,90.30895836,1899.865302,1537.73926,2611.975379,0.971064068,10.44591799,15.53702509,43.69788308,41.75575494,41.75129416,778.9288379,44.66894715,52.43745969,41.5999755859375,5,2.67407468176368,0.887368369465768
12324590,91.73090733,1793.439522,1490.461005,2307.071596,0.0,0.0,17.94735143,44.86837858,0.0,44.600464,790.4011018,48.8566789,59.82450478,54.199951171875,5,2.36406803592592,0.796094039469325
12324680,89.58418675,1847.498557,1482.560211,2525.688225,0.963270825,8.557118643,16.37560403,42.38391631,30.82466641,42.55521585,773.6534975,45.27372879,52.97989539,46.0999755859375,6,1.71653535534625,0.846721807017487
12329500,88.52149001,1915.980235,1641.34253,2493.716741,0.0,2151.423514,12.93010528,50.72579765,16.90859922,45.54561441,711.9633187,49.73117416,67.63439686,48.0,4,1.30213928289529,0.79746890094782
12330000,77.86383662,1966.61357,1596.676532,2579.17702,0.0,1604.691222,10.68719326,38.16854736,36.64180547,47.65367837,750.3126481,38.16854736,52.67259536,107.5999755859375,3,1.1613923563913,0.59305147276422
12331800,94.1387674,1811.420252,1451.035479,2466.978921,0.0,210.9922647,16.84588469,43.60111332,38.64644135,42.71317396,752.4956699,46.5739165,56.48326044,48.199951171875,7,1.72136885407453,0.843876396746921
12334510,148.7445592,1967.824758,1475.713846,2580.438178,0.0,117.1455841,11.97942758,51.91085286,0.0,50.66532535,835.1311385,54.90570976,84.85427871,93.2001953125,6,1.88603274554292,0.835560405367445
12334550,113.1694345,1829.045311,1430.704001,2468.282078,0.0,178.65185,14.89071506,46.65757387,26.80328712,44.78370887,777.6087075,48.64300254,64.52643195,60.5,7,1.6823513637655,0.837175287759262
12338300,153.2045337,1871.743995,1477.629415,2591.573838,0.0,0.0,13.74912482,49.1040172,1.964160688,60.07006491,635.4497949,65.79938305,77.58434718,93.0,5,1.29201810104107,1.06243036122015
12340000,121.5744928,1658.638559,1294.486874,2332.723731,0.0,14.48414693,14.82615766,48.43211503,25.69867328,53.69032447,585.6599055,58.31622013,67.21191473,64.5999755859375,6,1.78369770990433,0.982100481743288
12342500,169.7683085,2019.66812,1473.663659,2584.73008,0.0,26.98756087,6.529550327,49.43802391,0.0,52.08167127,977.2538858,52.23640262,79.28739683,127.800048828125,4,1.13819480612112,0.733251220654838
12344000,168.8403267,1939.493328,1406.758511,2619.426417,0.0,39.34809701,8.886332985,51.34325725,0.0,49.30206806,934.436315,52.33062758,81.95173753,114.699951171875,6,1.22565744573208,0.742831363568316
12352500,153.8545141,1758.106589,1209.667506,2569.78818,0.0,63.46519015,11.7595807,47.03832279,0.0,48.51810486,893.9264423,50.95818302,72.5174143,95.0999755859375,6,1.64352415594688,0.809395340137725
12354000,188.3013426,1397.990703,909.2104141,2006.717855,0.0,0.0,7.928477583,48.56192519,0.0,72.35505369,743.5751738,91.1774922,96.13279069,131.5999755859375,5,1.20086993713501,0.676443648174969
12358500,206.2951303,1724.057097,1204.349043,2552.741141,0.0,0.0,14.87705267,43.63935449,17.8524632,76.77872703,734.7483829,90.25411951,89.26231599,134.2999267578125,5,1.56707988629572,0.723764746389656
12362500,189.2657739,1774.960497,1258.040743,2477.952675,0.0,34.11550293,12.94976348,46.81837564,21.91498434,74.6368912,685.823132,87.65993737,91.64447998,136.800048828125,5,1.31163899316838,0.708105699674329
12370000,129.7691938,1538.747559,1047.538896,2475.362265,0.0,0.0,12.31386511,46.41379925,0.0,71.14658916,514.98229,77.67207221,88.09149653,58.2999267578125,5,1.53388252842847,0.812452226235559
12377150,27.28626364,1493.0,828.0,2807.0,0.0,404.0,2.526505893,7.747951405,0.0,59.0,619.0,11.45349338,12.29566201,217.1500244140625,2,1.31739184512328,0.745779257104498
12381400,81.39744712,1854.871017,1308.620877,2324.003914,0.0,0.0,6.374498871,24.51730335,26.96903369,69.87493012,687.1267471,37.26630109,48.05391457,96.89996337890624,3,5.13820808987323,0.616445695213754
12389500,144.8073864,1392.781381,942.4616997,2095.151437,0.0,0.0,7.989373043,49.93358152,0.0,69.36109633,586.2222825,80.89240206,86.88443184,92.7999267578125,5,1.95288579692693,0.758124301925399
12390700,141.8167843,1582.208989,1145.264085,2324.460465,0.0,78.01466169,12.98322673,46.93935818,11.98451698,58.65565043,651.8365487,66.91355315,74.90323113,154.800048828125,5,1.26615892983082,0.515780235278706
12392155,203.3470223,1424.52578,773.1033972,2043.689532,0.0,0.0,6.909850271,49.35607336,0.0,78.08251671,779.0363586,113.5189687,96.73790379,156.30001831054688,4,1.29048793724407,0.605848749573872
12395000,134.1255565,1139.555979,731.5475464,1906.205161,0.0,0.0,5.961135845,51.66317732,3.974090563,74.21096134,555.3581754,97.36521879,92.39760559,75.79998779296875,5,1.57837324616184,0.761449324262522
12409000,102.0604552,890.9331779,552.5552077,1649.456436,0.0,0.0,5.888103182,51.03022758,36.30996962,56.35678607,562.9481203,58.88103182,75.56399083,53.5,5,1.96509920038952,0.768236094023431
12411000,175.8696224,1209.03714,871.8263182,1691.901717,0.0,0.0,6.955295802,48.68707062,0.0,76.26755665,617.0850757,109.2975055,99.36136861,114.20001220703124,5,1.71576118210119,0.862870213178744
12413000,183.967083,1177.067133,797.3548046,1733.825158,0.0,0.0,6.998747723,49.99105516,0.0,75.71114227,659.0667856,107.9806792,99.98211032,121.800048828125,5,2.51392377528873,0.774995849758684
12413125,140.6647368,1461.913816,875.5453184,2016.412703,0.0,0.0,5.258494832,32.8655927,0.0,77.99368498,830.6779338,76.24817506,64.41656169,185.0999755859375,2,1.25134017070046,0.371468453378001
12413130,161.5621318,1439.827805,866.3000115,2004.470848,0.0,0.0,6.039705862,37.74816164,0.0,77.86527794,824.1291748,87.57573501,73.98639682,142.60003662109375,2,1.13186407594103,0.579822192553934
12413210,179.5779377,1310.766262,795.6463618,1935.607815,0.0,0.0,6.973900492,42.71514051,0.0,77.05273549,774.1404227,97.63460689,84.55854347,158.2000732421875,4,1.19279988489389,0.68762569136225
12413355,204.0000063,1275.963439,780.128539,1927.754988,0.0,0.0,7.922330341,48.52427334,0.0,76.68734299,758.563464,110.9126248,96.05825539,152.4000244140625,4,1.17084053833469,0.694921895856413
12413470,196.15312,1253.955686,749.5713613,1905.963829,0.0,0.0,7.692279214,47.11521019,0.0,76.4755364,746.0353356,106.7303741,94.23042037,148.7000732421875,5,1.18535556746283,0.68513436241538
12413500,185.8816313,1190.085392,783.0885195,1774.05871,0.0,0.0,6.921124568,49.43660406,0.0,75.82314465,677.6486536,106.7830648,97.88447603,126.10003662109376,6,2.62668414325492,0.756649066721073
12414500,177.9897755,1387.695179,897.9212159,1942.691183,0.0,0.0,7.655474217,47.84671386,0.0,75.92040249,702.299727,101.4350334,95.69342771,133.4000244140625,5,1.68354163601086,0.704174959648701
12414900,83.29971982,1088.556997,831.0004895,1639.39519,0.0,0.0,6.469881151,39.62802205,0.0,73.29740867,458.3882903,77.63857381,76.02110352,61.20001220703125,5,1.42219222013263,0.891009560878065
12422990,61.08877748,904.4722847,769.8742479,1409.818817,0.0,0.0,10.18146291,43.50261426,0.0,65.21856197,365.6908467,67.56789024,53.68407718,23.60003662109375,3,1.28692141904143,0.653818870718748
12424000,128.4651238,1063.16632,746.7641037,1623.500366,2.96457978,4.748273967,9.881932601,46.44508323,0.0,70.1864938,539.7010825,88.93739341,83.00823385,16.199951171875,5,1.51818458738737,0.700323877296325
12431000,59.96991753,771.6944572,588.0888987,1376.584794,2.855710358,0.0,9.519034528,45.69136574,0.0,59.95816714,380.9491944,60.92182098,67.58514515,23.800048828125,6,1.27201713895882,0.726059956941275
12433200,69.36200532,750.6374712,560.1814541,1222.7461,0.0,0.0,7.927086323,49.54428952,16.84505844,48.11962077,653.7385478,49.54428952,73.32554849,28.79998779296875,4,2.00893734092794,0.732045121965271
12434590,115.4534292,1102.34288,637.1958297,1751.198151,0.0,0.0,5.678037499,51.10233749,24.60482916,43.29656727,846.7537123,42.58528125,64.35109166,76.0999755859375,5,1.34297668375213,0.612955155585487
12447383,192.9352318,1698.625089,824.8046488,2531.458637,0.0,0.0,5.747006905,40.22904833,0.0,77.10339659,874.3767172,87.02610456,70.60608483,194.9000244140625,5,1.52440568782417,0.760418737602
12447390,138.5830126,1882.148675,1145.20336,2485.435512,0.0,0.0,4.834291137,44.31433543,0.0,69.36823759,774.1082913,63.65149998,73.32008225,124.699951171875,3,1.13420661208272,0.753135185383116
12448000,189.8430828,1602.80009,782.6079472,2432.060104,0.0,0.0,6.711624139,48.89897587,0.0,69.72898259,769.131653,83.41590002,81.49829312,118.5,5,1.4651764715877,0.794606602209477
12448500,192.4631553,1591.421611,778.5427356,2422.093928,0.0,0.0,6.804252966,49.57384304,0.0,69.40593916,765.3724309,84.567144,82.62307173,139.300048828125,6,1.46864229687382,0.785090956922948
12448998,211.9474803,1472.508149,716.6040361,2334.070021,0.0,0.0,6.932861506,49.52043933,0.0,71.34916311,739.8948448,103.9929226,80.22311171,156.4000244140625,4,1.27095340262343,0.862042663652318
12449500,198.4835799,1549.206719,759.8188059,2387.471345,0.0,0.0,6.946925298,50.61331288,0.0,69.1870485,754.1911975,89.31761097,83.36310357,139.0,6,1.53826206165331,0.80835224505385
12449950,187.101348,1432.792075,684.4172666,2273.103324,0.0,0.0,7.877951496,50.22194079,0.0,64.86288639,723.0211405,80.74900283,77.79477102,127.0999755859375,6,1.72139109990855,0.81933940683759
12451000,237.3260178,1540.534789,553.902878,2674.469131,0.0,0.0,5.997408391,41.12508611,0.0,82.27425217,989.5821453,146.5081193,59.97408391,245.7000732421875,5,1.28024046121494,0.666456336126263
12452500,236.6030788,1349.515503,400.3689413,2393.592333,0.0,33.6196848,6.988276589,49.91626135,11.97990272,72.0781833,843.635676,128.7839543,73.87606679,181.5,5,1.24045044213839,0.721163681116954
12452890,161.9799559,1380.755514,596.900317,2188.935682,0.0,0.0,8.180805856,40.90402928,15.54353113,73.53738204,724.9916236,94.89734793,68.71876919,121.699951171875,4,1.36777297329183,0.819690738496893
12452990,196.214222,1292.863311,529.9197207,2098.045987,0.0,0.0,9.90980919,49.54904595,18.82863746,69.95414433,740.3467907,114.9537866,83.2423972,136.69996643066406,5,1.2804893944291,0.785225704702046
12456500,186.5658721,1371.480421,714.0211523,2352.148488,0.0,0.0,6.218862403,44.42044574,21.32181395,80.10936123,711.0550519,150.1411066,81.73362016,142.4000244140625,4,1.33619737609484,0.758259416463953
12457000,206.7636321,1286.942662,670.4487795,2212.165392,0.0,0.0,6.763296377,46.37688944,13.52659275,81.7248299,794.2111974,193.2370394,86.95666771,155.800048828125,5,1.48344941580209,0.702429034533184
12458000,221.1039331,1544.343148,750.6665845,2407.118183,0.0,0.0,6.343145621,44.40201934,0.0,87.54630939,908.3084192,233.7902243,77.02391111,186.79998779296875,4,1.32219221393568,0.66968348716815
12459000,212.9827922,1294.094548,630.0437062,2204.254234,0.0,0.0,6.870412652,47.11140105,7.851900174,80.87613149,812.149833,195.3160168,85.38941439,150.4000244140625,5,1.51331543001693,0.715696192944206
12462500,203.041166,1219.47937,567.5875379,2138.365218,0.0,0.0,8.743399493,44.6884863,8.743399493,77.02429257,788.7138275,169.0390569,80.6335731,140.199951171875,5,1.47045437100605,0.762802758931537
12464800,11.24134242,688.5058172,608.7021521,735.9711556,0.0,0.0,12.42464162,22.48268484,0.0,33.71824703,736.4631082,18.93278723,0.591649601,10.5999755859375,3,1.24445475996323,0.690489210820275
12465000,19.59949813,652.5692431,562.7362855,738.483357,0.0,0.0,20.57947304,36.25907155,0.0,33.23067796,671.5398225,32.33917192,7.839799254,11.39996337890625,5,1.57578203333094,0.648759645284739
12465400,18.23192639,696.0070047,594.3063463,817.9255434,0.0,0.0,17.36373942,32.9911049,0.0,31.20467134,990.0251434,26.91379611,0.868186971,11.5,5,1.45398564182467,0.511669617422143
12467000,19.78421718,606.1245844,510.3839022,709.0448573,0.0,18.95342754,19.78421718,37.59001264,0.0,29.35164965,745.1828266,28.68711491,6.924476012,11.199981689453123,6,1.76498826351729,0.556467740533081
12484500,121.9512834,1035.597125,590.7744843,1776.299416,0.0,261.7512978,11.9952082,43.98243007,5.9976041,67.59659943,665.7187635,150.9397032,69.97204783,57.199951171875,6,1.48224855032061,0.933380347601173
12488500,192.4177841,1478.0,858.0,2077.0,0.0,0.0,6.667943014,44.77047452,0.0,91.0,840.0,326.7292077,92.39863891,157.60009765625,3,1.3166292758468,0.770017882705245
12500450,112.8116087,1031.486427,597.0683832,1707.495836,0.980970511,167.0542946,11.77164613,44.14367299,2.942911532,63.44626459,696.1624986,140.278783,60.82017167,58.9000244140625,8,1.55110833471292,0.919144792415364
12502500,80.40476093,910.2718653,528.971709,1533.335565,5.812392356,0.0,13.56224883,43.59294267,0.0,53.51549359,595.1255854,92.02954564,46.49913885,61.5,4,1.19943871953914,1.00309020284851
13010065,65.7131854,2508.979236,2228.285962,2925.77104,0.0,0.0,8.761758053,45.56114187,19.27586772,73.97218603,293.1918536,75.35111925,85.86522892,42.5,4,1.75160219523843,0.493052040969101
13011000,88.60990423,2465.987769,2159.136457,2986.020263,0.0,59.98543389,10.83009941,51.19683356,31.50574373,73.16858846,323.2885059,83.68713177,95.50178567,41.10009765625,4,2.48913272308525,0.484301904083087
13014500,103.2179265,2688.369213,2269.140044,3238.496276,0.0,0.0,9.469534542,51.13548653,16.09820872,65.71808113,343.8836676,70.07455561,84.27885742,69.0,5,1.36763100883935,0.555854508900737
13018350,117.7278138,2419.914698,1883.170839,3287.535823,2.675632131,0.0,14.27003803,45.48574623,24.08068918,63.02950638,377.2313428,62.4314164,73.13394492,78.2001953125,4,1.50666290386689,0.435967351542028
13018750,106.5585139,2520.076876,2134.368667,3115.674854,0.0,96.74506987,11.95048754,51.78544602,29.87621886,68.13154738,357.2460657,77.67816903,92.61627846,55.800048828125,6,2.03431997958663,0.563288134854636
13022500,116.2347583,2490.577124,2088.758573,3118.426018,0.0,89.33027293,11.92151367,51.65989256,29.80378417,65.67289254,381.1608597,73.51600096,92.39173093,62.2001953125,6,1.90924931432236,0.560079408391022
13027500,116.9149909,2217.334176,1839.319652,2908.106316,0.0,0.0,16.29143316,45.9993407,29.70790753,51.62196912,506.970889,52.70757788,87.2070834,63.0,5,1.98014429047568,0.941619952717991
13039500,70.96704474,2225.134362,1967.846994,3100.802315,0.0,0.0,7.31619018,37.31256992,0.0,70.72388301,337.2201867,59.99275947,60.72437849,49.099853515625,4,1.30326204482924,1.08470264383439
13042500,58.11453449,2155.496103,1941.972926,2811.733431,0.0,3.389195812,11.81990532,46.29462917,0.0,66.63908312,226.5949158,73.87440825,88.64928991,17.7000732421875,6,2.41250342430273,0.977370532719498
13046000,45.84269598,2045.623472,1841.312893,2509.044425,0.0,56.48958405,11.95896417,46.83927632,0.0,63.81761934,192.179964,70.75720466,91.68539196,14.5,6,2.01335628359133,0.838221164668572
13046995,43.98782211,2311.622598,1923.151571,2656.572752,0.0,62.98459346,9.874817208,43.98782211,33.21529425,70.91827245,203.0581103,71.81685242,85.28251225,20.60009765625,5,1.35076885903673,0.62766087883388
13047500,44.55363713,2305.024331,1919.225905,2648.464033,0.0,62.8324108,10.00183691,44.55363713,33.64254232,70.6780446,202.3970664,72.74063205,86.37950056,19.800048828125,5,1.39811034119667,0.664157726120595
13047600,45.86242505,2290.385642,1910.516557,2630.474307,0.0,62.49478356,10.29564644,45.86242505,34.63081075,70.14508335,200.9304972,74.87742865,88.91694653,20.5999755859375,5,1.36991393224997,0.660574026114947
13050500,42.87945978,2043.876079,1804.432866,2468.515746,0.0,51.47848911,13.64346448,43.85399296,13.64346448,61.82789206,189.4045345,66.26825603,83.80985321,14.099853515625,6,1.85174005979701,0.804104702701938
13052200,111.4060018,2249.498831,1850.220777,3145.18431,0.0,0.0,15.91514311,42.77194711,53.713608,59.80234099,401.9907258,67.63935822,69.62875111,42.89996337890625,4,1.50132912919771,0.860922340618431
13055000,70.68680571,2074.577285,1742.695741,2801.710866,0.0,0.0,16.02234263,36.75713897,60.31940754,55.10710142,320.0863862,55.60695382,51.83699085,27.800048828125,5,1.61064670002081,0.954031945601215
13055250,71.62431552,2067.528659,1739.179188,2788.771121,0.0,0.0,16.23484485,37.24464407,61.11941591,54.84394989,316.7217702,56.34446154,52.52449805,1.300048828125,5,1.51320638027423,1.54715955185328
13056500,49.62998222,1988.563212,1742.065609,2466.753811,0.0,32.25561243,14.88899466,41.68918506,25.80759075,56.0430261,218.9888806,61.54117795,70.47457475,14.4000244140625,6,1.84425181702872,0.854281439671956
13058000,52.20299461,1953.413619,1787.334233,2297.937785,0.0,4.950925765,18.03376178,35.11837819,37.01666891,41.82276339,640.1548081,41.76239569,65.4910296,25.7999267578125,5,1.92018059848417,0.991873133096715
13066000,71.37840493,1997.300612,1820.84746,2372.716364,0.0,534.7641007,17.36231471,37.61834855,77.16584317,43.34659073,641.5136349,44.37035982,71.37840493,30.300048828125,5,1.64735438569514,0.982991814474618
13075000,73.50678927,1709.119583,1421.9789,2376.716048,0.0,0.0,19.34389191,36.75339463,73.50678927,38.17262379,692.8143054,38.68778383,30.95022706,29.800048828125,4,2.82586758792989,0.831248418871491
13075500,82.92072808,1778.310396,1495.847059,2403.519081,0.999044917,0.0,19.98089833,36.96466191,68.93409925,38.21709915,680.0098981,39.96179666,49.95224583,35.5999755859375,5,3.43102327797761,0.761711749589545
13075910,81.57825544,1770.758052,1490.450403,2390.993483,1.989713547,0.0,19.89713547,36.80970063,69.63997416,37.98946128,679.8073872,39.79427095,48.74798191,35.199951171875,5,2.43783244732211,0.773783900451084
13075983,81.65123458,2093.209881,1807.442512,2591.651069,0.0,125.7617589,14.93620145,44.80860434,30.86814966,51.91159886,411.6472971,56.7575655,73.68526047,1.199951171875,4,1.47826276553106,1.11084893442974
13078000,76.71180689,1943.884497,1612.124791,2744.894856,0.0,0.0,16.83917712,42.09794281,14.0326476,35.17104771,757.8257358,35.54937392,22.45223616,37.0,4,1.56342907343749,0.993582634319645
13082500,75.82781061,1834.936315,1561.495163,2351.652503,0.0,0.0,19.44302836,37.91390531,39.85820814,30.53469766,950.1539842,31.10884538,14.58227127,35.5999755859375,5,1.75642741433048,0.880101526760104
13083000,80.36668742,1893.0,1442.0,2374.0,0.0,0.0,13.75646001,29.68499265,45.61352529,34.0,911.0,26.0648716,41.99340424,79.9000244140625,3,1.2389292345633,0.856701040216603
13092747,53.06567315,1584.188867,1221.725572,1986.8877,1.632789943,0.0,16.32789943,29.39021898,31.83940389,28.55550203,940.7991587,22.8590592,17.96068937,32.2999267578125,5,1.32386702473446,0.871752509538194
13105000,64.70359243,1937.68002,1693.947635,2508.735053,0.0,0.0,18.91335779,40.81303523,11.9452786,30.9434817,856.357188,31.85407627,10.94983872,27.699951171875,6,1.66246081611234,0.758935582255847
13108150,52.52770698,1804.948979,1563.944152,2285.073821,0.0,0.0,18.83068741,40.63464125,7.928710487,29.17809892,882.0752915,29.73266433,6.937621676,22.5,6,1.76709629504828,0.774824460243654
13112000,38.82423437,1886.382912,1683.95465,2350.127119,0.0,0.0,16.50029961,41.73605194,0.0,36.47459152,205.3262166,36.88302265,42.7066578,9.0999755859375,4,1.45123447056246,0.754582087598392
13127000,146.3070475,2464.340058,2043.492204,3369.018472,0.0,0.0,14.82841698,47.45093433,71.17640149,48.63086926,528.7157795,52.39373999,57.33654564,80.0,5,4.12491215014083,0.788375595003261
13132500,118.3053901,2247.237868,1869.345028,3183.559859,0.0,0.0,15.38931903,44.24429222,49.05345442,42.49078404,480.0353646,43.28245978,46.1679571,55.10009765625,6,2.93342116318944,0.826468685539333
13140800,173.0847192,2256.520737,1751.667067,2997.255846,0.966953739,0.0,19.33907477,35.77728833,59.95113179,51.80357522,663.2807229,53.18245562,79.29020656,113.89990234375,5,1.49033981607295,0.912013500741119
13141500,55.61655779,1717.387665,1528.574581,2365.068962,0.0,0.0,17.04378384,35.88165019,0.0,41.36942022,473.5142167,37.67573269,18.83786635,13.0,5,1.27406406927144,0.848227942140454
13142500,117.2413426,1968.430521,1628.391857,2645.316711,0.0,7.157631343,19.70442732,38.42363328,30.54186235,45.94920599,570.0853473,47.29062557,49.2610683,46.60009765625,6,1.58734917599829,0.870200870067755
13147900,106.7297664,2166.632456,1683.170201,3133.514077,0.0,1.036105224,14.48475402,30.49421898,10.67297664,45.28531903,579.3536744,35.06835183,43.45426205,90.7999267578125,5,1.17564867899606,0.973664332327565
13148500,129.6858649,2092.67828,1641.526362,2983.790806,0.0,41.93509296,17.60022453,37.05310427,12.96858649,43.81815828,569.3745898,42.61106991,52.80067358,77.5,5,1.20998740912523,0.999703643501093
13150430,44.47104557,1620.274036,1473.448019,2317.300162,0.0,0.0,14.14987814,25.60454139,0.0,35.62200108,457.0079971,23.58313023,22.90932651,8.39990234375,4,1.81927709744112,1.03861802466492
13152500,85.94399982,1765.651803,1485.841119,2343.769587,0.0,42.86411979,19.75724134,38.52662061,16.79365514,39.42643023,556.5602507,40.50234474,39.51448268,18.4000244140625,6,1.94535427027005,0.841196337660295
13159800,34.10131672,1458.023091,1124.677375,1933.257916,0.0,0.0,10.65666148,20.78048988,0.0,44.26994515,916.3226253,20.2476568,3.196998443,55.60009765625,4,2.15394520374099,0.814141147726835
13161500,110.6373849,2047.853752,1730.761135,2654.457,0.0,0.0,18.93793074,39.86932788,0.0,35.11014882,947.2606745,36.87912829,25.91506312,55.900146484375,5,1.74446680482186,0.86258315199331
13162225,43.59406741,2222.0,1568.0,3266.0,0.0,0.0,5.18251151,12.49899835,0.0,42.0,1005.0,13.4135592,16.46209538,154.7999267578125,3,1.14475221780361,0.688949439545226
13168500,54.35731508,1712.500289,1412.507076,2130.235764,0.0,0.0,18.44266047,40.76798631,0.0,29.91234708,1044.534838,29.11999022,12.61866243,19.0999755859375,6,1.47277354177279,0.719517915489201
13174500,67.82680662,2056.742219,1889.497743,2594.527523,0.0,608.6286866,18.58268674,36.23623915,0.0,35.53079739,1001.689226,34.37797048,8.362209035,28.199951171875,5,1.31244373439986,0.757255126966499
13185000,179.0057428,1955.497758,1376.765504,2677.547325,0.0,0.0,10.30923126,46.8601421,0.0,57.24343004,753.485681,56.23217052,70.29021315,120.2999267578125,6,1.48902367766309,0.788966616520972
13186000,172.2588028,2144.329268,1581.284464,2904.84084,0.0,0.0,13.25067714,43.53793918,13.25067714,55.51145883,686.4524039,54.89566244,66.2533857,116.89990234375,5,1.86828200454725,0.893282108552683
13190500,147.6700496,2020.299804,1502.032221,2762.024376,0.0,102.3226249,14.67528444,40.3570322,8.254847495,53.19663072,681.000777,50.44629025,61.45275357,96.300048828125,6,1.65898704611724,0.951127849236834
13200000,122.5758892,1549.593658,1134.303666,2287.617606,0.0,0.0,15.90679478,39.29914004,0.0,57.54587176,624.1321628,55.20593482,56.14162863,75.2999267578125,5,1.28693503011174,0.869878406749349
13206000,156.0392896,1801.647655,1302.438642,2534.809827,1.975180881,209.2495983,14.8138566,44.44156981,2.962771321,53.83914581,716.4531508,55.30506466,61.2306073,94.2000732421875,7,1.64749080823432,0.876018827218293
13235000,197.76717,2090.418879,1385.658169,2765.086174,0.0,0.0,6.720243642,50.88184472,0.0,59.41469371,805.2816788,60.48219278,72.96264526,145.599853515625,4,1.56718323365539,0.751218891551019
13236500,119.253336,2011.600902,1646.249773,2519.431672,0.0,698.2262683,6.372315667,48.2475329,0.0,63.7330316,559.4615371,62.81282586,63.72315667,83.5999755859375,4,1.30947448568589,0.746711499360263
13237920,153.925937,1669.186076,1093.709789,2427.024981,0.0,0.0,7.944564488,51.63966917,0.0,59.66903594,572.0196675,62.56344535,63.55651591,99.5999755859375,4,1.37548887791963,0.825575608015223
13239000,95.26591122,1963.661029,1569.65067,2572.979385,0.0,0.0,7.25835514,45.36471963,0.0,71.67734792,496.9851589,77.12002337,68.04707944,62.300048828125,4,1.48929912362465,0.703926781501154
13246000,98.69343668,1774.903614,1450.275487,2430.363567,0.0,184.2929963,11.96284081,45.85755644,0.0,65.89062989,411.101536,72.77394826,67.78943125,43.5001220703125,6,1.44344710831424,0.809788427138815
13247500,140.9285244,1798.40446,1320.666136,2470.27028,0.0,210.0883233,9.924543972,47.63781106,0.992454397,61.804003,558.4871728,66.49444461,67.48689901,80.7999267578125,7,1.40977604915389,0.804486753724555
13249500,134.6444113,1710.197122,1234.518464,2388.367073,0.0,183.479568,11.88038923,45.54149205,3.960129743,60.06726166,543.5699003,63.36207589,62.37204346,76.800048828125,7,1.53458111018382,0.809101272927963
13250000,131.2560176,1677.086042,1213.840921,2360.242053,0.0,190.9260574,11.93236523,45.74073339,3.977455078,59.02091403,539.3188202,62.64491747,60.65618993,73.7999267578125,7,1.69838534125352,0.817496110763913
13251000,121.2603654,1571.936802,1148.689688,2212.706752,0.0,181.3657338,13.9151239,44.72718396,4.969687106,55.85684585,539.7358989,58.64230785,52.67868333,62.0999755859375,7,1.71622161182818,0.846645491322585
13258500,102.6296962,1412.894492,927.337304,2198.42255,0.0,0.0,22.69695204,29.60472005,0.0,61.49976582,368.5531924,64.14356011,71.05132812,58.0999755859375,4,1.51985253295541,0.702251549518703
13265500,83.88370904,1263.409665,893.0598651,1890.962735,0.0,0.0,22.6979448,30.59288212,0.0,55.51727946,370.5984352,57.23829558,42.4352881,21.300048828125,5,1.03421628197079,0.775645895878052
13266000,84.19551016,1261.771158,892.2152236,1888.203695,0.0,0.0,22.78231451,30.70659782,0.0,55.44129175,371.4628602,57.45105399,42.59302279,41.199951171875,6,1.52362012054165,0.727328653986246
13295000,118.5292201,2225.027699,1954.273022,2892.895883,0.0,0.0,9.877435005,48.39943153,0.0,57.41905562,544.0414129,61.24009703,78.03173654,54.10009765625,4,2.39626749112072,0.883333705290722
13296500,151.9065899,2379.692479,1987.046976,3006.362678,0.0,0.0,11.83687714,45.37469569,26.63297356,59.0352666,609.7996105,63.1300114,81.87173353,86.800048828125,5,1.67191542894985,0.868748849188035
13297330,156.9018066,2389.755521,1945.897713,3058.038604,0.0,0.0,12.59088572,42.6153055,31.96147912,58.60719577,622.0101959,61.98589891,81.35649231,155.39990234375,3,1.26962358499881,0.806335891486703
13302005,129.8873162,2246.445699,1708.739869,3239.24137,0.0,0.0,14.98699802,48.95752686,52.95405966,38.60514317,462.7852407,41.96359445,43.96186085,60.699951171875,5,1.33394898266263,0.734140094875979
13302500,144.19086,2234.301863,1697.466932,3067.829401,0.0,0.0,15.91071558,45.7433073,40.77120868,43.55300805,596.5895901,46.73772703,61.65402288,90.199951171875,7,2.56440400875694,0.813907688682422
13305000,120.6253927,2261.980836,1751.412037,3121.082478,0.0,0.0,14.95356108,49.84520359,44.86068323,38.31798036,582.5107674,40.87306695,56.8235321,61.0,6,1.36865484029206,0.680649920756033
13305310,120.4053879,2184.613667,1660.045554,3075.760178,0.0,0.0,14.56516789,48.55055965,35.92741414,37.02846543,621.0927908,38.84044772,51.46359323,66.7999267578125,6,1.31051878271855,0.683175170699527
13306385,53.41091269,2258.0,1531.0,2688.0,0.0,0.0,8.011636903,17.80363756,0.0,49.0,805.0,23.58981977,39.61309358,76.7000732421875,3,1.26708554690636,0.596833815722562
13309220,176.5561791,2199.122716,1696.519922,2759.269441,0.0,0.0,6.866073633,50.02425075,6.866073633,63.25361854,693.2393714,67.67986867,82.3928836,116.2001953125,5,1.80957049488572,0.826583263307244
13310199,206.9026305,2166.929574,1506.892442,2798.175964,0.0,0.0,6.99670731,49.97648079,11.99435539,59.4468265,789.5658601,64.96942502,87.95860619,146.0,6,1.57995364332664,0.768365978264867
13310700,158.9256727,1961.786737,1398.163205,2636.571256,0.0,0.0,6.393561546,48.40839456,0.0,66.94984636,633.2770832,68.50244513,80.37620229,108.10009765625,5,1.4132489430737,0.856477862465678
13313000,138.4013265,2205.594582,1648.199939,2681.267291,0.0,0.0,5.766721938,43.66232324,7.414356777,69.70467557,680.7251308,65.08157615,72.49593293,83.300048828125,4,1.25586553694014,0.759144372008333
13331500,190.5892794,1754.797457,1085.375636,2499.478446,0.0,0.0,12.77144656,41.26159658,0.0,67.07757597,776.3454563,77.61109833,86.45286902,138.9000244140625,4,1.36714273083448,0.630387551659794
13333000,178.4923695,1326.698801,733.5033902,1800.277376,0.0,0.0,15.8659884,35.6984739,0.0,68.21641718,843.433001,79.32994201,84.28806339,55.70001220703125,7,2.052493901886,0.74280832384237
13335050,113.6794964,1016.823358,442.1137875,1523.936699,0.0,0.0,20.94095987,32.90722265,0.0,55.66042493,718.8613401,59.83131391,47.86505113,67.5999755859375,5,1.21704467363597,0.899606180486038
13336500,196.1837647,1682.826193,910.5694703,2359.626683,0.0,0.0,5.885512942,52.96961648,0.0,59.78549125,804.7491146,64.74064236,87.3017753,145.0,6,1.6113140502952,0.787213222711231
13337000,176.5714619,1593.362774,918.8915332,2224.636881,0.0,0.0,5.985473283,54.86683843,0.0,61.49682773,766.1935795,67.83536388,94.76999365,121.7000732421875,5,1.52287462736289,0.723759971206029
13338500,113.0975447,1397.537133,936.0190457,1986.896096,0.0,0.0,11.9050047,45.63585137,2.976251176,67.20064268,462.0590108,76.39044685,77.38253058,64.699951171875,5,1.96905849326698,0.882626109926587
13339500,96.02645473,1089.556431,766.1587222,1504.748877,0.0,0.0,6.929744156,53.45802634,12.86952486,72.38805995,460.5316932,85.13685677,93.05656437,50.899932861328125,4,1.68308937870647,0.894604558658718
13340600,181.8162405,1448.825903,879.5999531,2045.763773,0.0,0.0,6.992932326,52.94648761,0.0,68.59968583,706.7426207,78.92023625,98.90004289,120.199951171875,5,2.8056282420459,0.719265240614293
13341570,75.92570985,874.1288617,505.0139767,1283.292,0.0,0.0,13.98631497,42.95796742,16.98338247,66.16698836,368.3020884,75.92570985,71.92961986,34.9000244140625,6,1.19075675963949,0.869913282138079
13342450,81.84731079,958.7563839,370.89157,1297.660574,0.0,0.0,19.72224356,32.54170188,34.51392624,56.11869457,381.2197773,59.16673069,43.38893584,39.699951171875,5,1.49207145578039,0.806689861310583
13344500,101.5127321,892.8383472,500.9395123,1355.248638,0.0,0.0,19.92305956,30.35894791,0.0,54.56771906,901.9995553,55.97431021,40.79483625,65.5999755859375,5,1.40870639578824,0.827859281624676
13345000,61.66075133,966.9145555,776.4603512,1422.18399,0.0,0.0,10.14670592,35.12321278,0.0,68.12143446,396.4098636,58.53868797,52.29456126,44.0999755859375,4,1.44994118030814,0.803982092719933
13346800,27.29803751,844.0581897,734.3464156,1373.905286,4.443866571,0.0,13.96643779,19.04514245,0.0,59.81732078,292.6360027,39.99479914,8.25289506,15.4000244140625,2,1.74234236051821,0.957873079457339
13348000,35.29984104,829.8672971,725.9376019,1322.426527,5.88330684,0.0,18.49039292,24.37369976,0.0,59.25965974,265.7806602,51.26881674,9.245196462,21.5999755859375,4,1.54569721720558,0.800826114678614
13351000,36.39379638,693.2327643,581.7415088,878.3184,0.0,0.0,20.65593849,33.44294803,0.983616118,46.2587386,489.739067,47.21357369,15.7378579,18.89996337890625,6,1.75945389739083,0.713202980172681
13621955,30.99179933,694.0,334.0,1176.0,0.0,0.0,3.670081499,8.359630082,0.0,94.0,592.0,31.19569275,17.53483383,,1,1.41992281767568,0.312596241461341
14013000,72.87299331,1219.296718,649.4447528,1883.759592,4.164171046,0.0,10.41042762,15.61564142,0.0,69.66667868,884.9445546,37.47753942,39.03910356,130.2000732421875,3,1.40915739333544,0.744317456557641
14013700,110.8995923,1006.687707,494.0248741,1715.892667,6.337119558,0.0,15.84279889,23.76419834,0.0,63.61135873,829.437455,57.03407602,59.41049585,109.5999755859375,3,1.39985870095992,0.767004265035739
14015000,113.160805,998.5443927,488.0720086,1709.463057,6.466331717,0.0,16.16582929,24.24874394,0.0,63.37942891,827.3114316,58.19698545,60.62185984,104.0,3,1.39462905883368,0.799057855498897
14018500,77.69531408,627.6246733,312.1487426,1065.841677,0.971191426,0.0,20.39501995,32.04931706,0.0,48.24108439,863.1703811,50.50195415,40.79003989,32.0999755859375,6,1.60886115135362,0.868717674755144
14020000,156.898709,1208.636486,674.7123196,1609.908514,0.0,0.0,16.06794007,31.1907072,0.0,68.79152611,954.9821886,77.50418153,84.12039215,112.0,4,1.94453544289462,0.647053086357921
14020300,146.7699213,1193.983963,720.7093416,1600.573233,0.0,0.0,16.74556149,34.47615601,0.0,67.52753519,973.115797,77.81760927,90.62303864,89.0,4,1.9457770872807,0.789398471973807
14020850,138.3348668,1067.606298,613.8970146,1494.203127,0.0,0.0,18.77401764,31.61939814,0.0,63.21728664,930.2440987,72.131752,78.06038915,84.0999755859375,5,1.68789370038116,0.737572998188596
14033500,73.65805758,719.0029698,412.8517789,1058.219682,0.995379156,59.69179155,20.90296229,34.83827048,6.967654095,41.78827232,1037.710398,44.79206204,25.87985807,34.5999755859375,6,1.67945683345692,0.767000406744149
14034470,72.01306546,1163.227513,737.8451476,1673.340272,0.0,181.5086442,14.53474716,22.46279106,33.69418659,47.65795298,1009.569341,30.39083496,15.19541748,75.20001220703125,3,1.3151008938145,0.752058401284692
14034500,101.1174189,1085.130061,697.2900911,1551.44336,0.0,397.0298016,20.40902033,31.54121323,47.31181985,44.87703482,1049.429168,42.67340614,21.33670307,67.89996337890625,4,1.30594518671767,0.773960274453547
14034608,66.24000876,1026.615836,667.0402655,1476.115198,0.0,309.4295325,16.92800224,25.02400331,27.9680037,43.03349832,1095.410961,30.91200409,8.832001168,63.0,4,1.29809756250534,0.756158241668377
14038530,113.3987834,1526.095711,1087.103046,2411.591671,0.0,0.0,16.61878722,38.12545304,8.79818147,45.89782859,769.3796531,46.92363451,63.54242173,65.0,4,1.43073907437143,0.72072789934192
14044000,95.60871559,1456.984316,1057.540857,2021.117244,0.0,0.0,14.85183931,36.20135833,0.0,49.51069289,686.888994,47.34023782,71.4744767,63.5999755859375,5,1.38917418262138,0.810418005861337
14046000,91.4417586,1385.006191,988.3992163,1838.800338,0.0,0.0,15.73191546,39.32978864,0.0,50.68032671,819.8813877,53.09521467,64.89415126,50.5999755859375,6,1.64495162892746,0.802517315412892
14046778,109.1795903,1140.537906,630.7074857,1813.586574,0.0,0.0,13.89558422,42.67929439,0.0,38.57551529,879.0927689,39.7016692,34.73896055,68.39996337890625,4,1.53122612892634,0.72296167808515
14046890,109.8168888,914.0,397.0,1372.0,0.0,0.0,18.93394634,37.86789268,0.0,35.0,948.0,34.08110341,3.786789268,73.800048828125,4,1.11568912331204,0.844015645124069
14076500,42.50458156,1419.603614,1184.3782,2057.451723,1.976957282,84.77531287,11.86174369,51.40088933,0.0,56.63600593,355.6085032,77.10133399,78.08981263,15.0,5,2.21743761577588,0.371648327400762
14091500,88.52000741,1278.005428,824.2725615,2433.347279,0.0,0.0,10.62240089,46.03040385,0.0,76.34412864,450.3125013,131.009611,71.701206,50.9000244140625,4,1.77908173711385,0.666777535992192
14092750,34.47277622,1233.0,734.0,2037.0,0.0,0.0,4.545860601,19.31990755,0.0,77.0,594.0,59.47500953,34.47277622,87.5999755859375,3,1.25971566810573,0.840680024286582
14096850,54.12330702,881.0,704.0,1150.0,0.0,0.0,14.49731438,46.39140602,0.0,67.0,380.0,80.21847291,56.05628227,31.5999755859375,4,1.18106968369358,0.749668466875517
14097100,60.10027606,1005.485528,708.6290465,1505.523036,0.0,0.0,13.3556169,46.74465915,0.0,71.04483042,379.7029496,119.2465795,62.96219396,29.70001220703125,5,1.38437500530633,0.747817362826386
14107000,109.1448459,1438.833644,948.4764046,2098.383572,0.0,0.0,7.276323063,43.65793838,0.0,84.59784181,533.9790251,209.1942881,76.40139216,79.9000244140625,4,1.63800969047342,0.836962625189045
14111400,74.47970762,1120.239294,683.0360649,2142.300775,0.0,0.0,6.516974417,45.61882092,0.0,75.54271837,409.380419,148.0284189,76.34170032,36.300048828125,5,1.51531384414853,0.818778571312369
14113000,69.19213622,936.4290008,528.2694039,1787.660119,0.0,0.0,9.610018919,45.16708892,0.0,66.21831696,472.2012681,115.320227,63.42612487,31.70001220703125,5,1.68031566408577,0.762682008728695
14113200,76.20569469,556.0,20.0,1203.0,0.0,0.0,11.54631738,36.94821561,0.0,66.0,470.0,71.58716774,59.27109587,57.5,4,1.15844960890196,1.00943901907905
14120000,103.1915952,1025.037054,397.7502344,2532.454591,0.818980914,0.0,9.827770973,38.49210298,0.0,82.81670174,473.5004686,171.985992,74.52726321,77.5999755859375,5,1.57536162400904,0.983437117165942
14123500,92.2151134,915.2846086,385.1776814,1890.304546,0.0,0.0,8.924043232,44.62021616,0.0,77.13291614,363.3539941,189.3880286,92.2151134,47.0,4,1.34662659460802,0.637644199818463
14137000,127.7467533,1008.625189,453.5230527,2282.325439,0.869025532,0.0,9.559280857,41.71322556,0.0,87.37171131,571.1451241,235.5059193,79.95034899,96.0999755859375,5,1.25151009184088,0.860100602234073
14138800,17.56680027,899.0,335.0,1371.0,0.0,76.0,1.351292328,5.896548342,0.0,87.0,561.0,35.13360054,12.28447571,91.0999755859375,3,1.09880108029858,0.856678222147065
14138850,102.6816641,899.0,335.0,1371.0,0.0,76.0,7.89858955,34.46657258,0.0,87.0,561.0,205.3633283,71.80535955,109.20001220703124,3,1.1847623123362,0.84773665527321
14138870,11.30496678,899.0,335.0,1371.0,0.0,76.0,0.869612829,3.794674165,0.0,87.0,561.0,22.60993356,7.905571176,112.699951171875,2,1.19454689708779,0.666542596391551
14138900,17.29087322,899.0,335.0,1371.0,0.0,76.0,1.330067171,5.803929473,0.0,87.0,561.0,34.58174644,12.09151974,80.70001220703125,2,1.11027547012091,0.731724223808733
14139800,77.72989491,842.0338207,290.1061236,1356.286881,0.0,98.06967872,8.149101886,28.8352836,0.0,87.0,531.7623914,172.3848476,62.68539912,77.70001220703125,3,1.07652174825322,0.805331004289568
14140000,102.8874228,782.0977645,242.8717482,1340.806707,0.0,121.2899389,10.78658465,38.16791492,0.0,87.0,501.0005083,228.1777522,82.97372808,89.5,4,1.25575767825496,0.741887008209543
14141500,73.60243098,855.7817055,300.9405494,1359.837659,0.0,92.74351143,7.716383893,27.30412762,0.0,87.0,538.818425,163.2311977,59.35679918,66.0,3,1.1636009718806,0.654083083188425
14142500,113.4923843,882.4528796,349.7111508,1904.416749,1.746036682,39.46092479,11.34923843,40.15884369,0.0,87.13071188,524.3079971,230.4768421,78.5716507,84.0999755859375,5,1.46040754692811,0.828723285258805
14142800,115.5662334,871.7664852,343.5247347,1891.451776,1.777942053,39.68595939,11.55662334,40.89266721,0.0,87.07452603,518.6313228,234.6883509,80.00739236,11.0,3,1.21003230410015,1.18786529632866
14145500,160.5226878,1244.153539,608.6042058,2010.24378,0.0,2.606580539,9.970353282,52.8428724,0.0,76.64682029,578.0843059,149.5552992,98.70649749,107.20001220703124,4,1.43926294382069,0.64966730089431
14148000,149.8550233,1201.749554,591.4358817,1919.99612,0.0,11.13750283,10.70393023,50.60039747,0.0,77.23005584,576.7417811,149.8550233,95.36228754,96.800048828125,5,1.42582187124733,0.646273841450076
14150000,148.3757661,1124.48546,545.5250156,1843.729366,0.0,31.98188536,11.87006129,50.44776046,0.0,77.32014289,553.1240348,152.3324532,95.94966206,94.60009765625,5,1.33315818951816,0.650202614702722
14150800,117.2641843,721.0,234.0,1507.0,0.0,0.0,13.74821471,35.58361454,0.0,79.0,418.0,135.86471,80.87185122,92.89993286132812,3,1.15612176790742,0.617874200449019
14151000,153.520255,725.5026227,292.7800987,1452.549874,0.0,4.439338032,15.74566718,44.28468893,0.0,78.96735781,483.197417,167.2977137,97.42631565,99.20004272460938,4,1.17172647048283,0.61477433634573
14152000,144.9404937,1019.614389,482.0976591,1723.789535,0.0,36.4085928,12.81786679,48.3134979,0.0,77.63993362,528.5660297,153.8144015,93.66902655,90.699951171875,5,1.31752223777264,0.63361368606318
14153500,77.76365399,575.4788717,270.6590752,1130.009595,1.388636678,4.583802248,11.80341177,31.9386436,0.0,77.06332971,394.9157425,100.6761592,63.87728721,73.4000244140625,4,1.48449128276289,0.606721988019283
14154500,125.3947312,874.5330456,337.073753,1562.914186,0.0,14.68312767,11.61062326,37.92803598,0.0,78.57683347,536.8958822,127.7168558,75.85607196,115.9000244140625,5,1.45193471359626,0.676277064906398
14155500,159.0283512,806.9731468,310.4175742,1473.284647,0.0,60.20826599,14.72484733,48.10116794,0.0,78.45487172,506.0486469,161.9733206,96.20233588,104.5999755859375,5,1.35003406155096,0.647802012312126
14157500,125.0432312,608.0098602,250.9045957,1211.687253,0.969327374,59.63734296,15.50923798,45.55838657,0.0,77.12166923,408.9523916,146.3684334,83.36215414,72.39996337890625,5,1.44608517994657,0.661597671114658
14158500,91.6297252,1258.0,808.0,1954.0,0.0,0.0,9.446363423,47.23181711,0.0,83.0,485.0,209.709268,93.51899789,48.40005493164063,3,1.5006954881868,0.463013087303666
14158790,74.43021304,1296.996001,785.6513743,2024.017309,0.0,2.77260916,7.156751254,35.78375627,0.0,82.48589135,423.5870435,150.2917763,67.27346179,108.0,3,1.71234372480501,0.542581049071876
14158850,85.47541842,1273.090662,759.2061518,1997.007917,0.0,6.161734638,8.218790232,41.09395116,0.0,82.29388322,437.9839193,172.5945949,77.25662819,47.70001220703125,4,1.95521744916668,0.34065522323277
14159200,149.1955357,1297.102595,676.5647655,1807.071288,0.0,0.0,9.688021801,52.31531773,0.0,78.31626674,657.4193999,157.9147554,96.88021801,90.89990234375,4,1.32255845070779,0.704536595126668
14159500,158.1371577,1232.90986,608.9405711,1778.386663,0.0,86.19164438,9.642509616,51.10530096,0.0,78.68453522,677.4910162,161.9941615,96.42509616,101.0999755859375,4,1.36122462765786,0.712721501405033
14161500,48.91969684,937.0,350.0,1594.0,0.0,321.0,2.731556676,11.91952004,0.0,82.0,703.0,52.39622352,24.83233342,144.29998779296875,3,1.36920039575951,0.54562452642489
14162200,184.3470477,937.0,350.0,1594.0,0.0,321.0,10.29348997,44.91704715,0.0,82.0,703.0,197.4478531,93.57718156,138.90005493164062,4,1.19857535760397,0.591213967606267
14162500,137.3008006,1185.790488,564.4231313,1956.111557,0.0,66.05913899,10.63597751,49.31225936,0.0,80.289861,573.2096204,180.8116177,91.8561694,78.199951171875,5,2.05723513719326,0.561112234849715
14163150,136.8872028,1130.2651,531.9717474,1884.441268,0.0,65.75149693,11.487038,46.90540515,0.0,80.35209669,563.3387907,179.0063421,91.89630397,81.0,5,1.99870594714203,0.56893125651193
14163900,131.8042713,1099.541134,514.4119897,1846.528982,0.0,67.89290166,11.37878601,45.51514405,0.0,80.31824753,552.5067729,175.422951,90.08205592,80.69998168945312,5,1.82213919111557,0.575611025885363
14164700,131.8734566,1099.144269,514.216106,1845.999405,0.0,67.91184264,11.38475884,45.53903537,0.0,80.31703143,552.3627727,175.5150322,90.12934084,49.600006103515625,3,1.21170815999178,0.945397986170857
14164900,138.6844136,1062.012897,495.8888807,1796.451277,0.0,69.68399497,11.97275513,47.89102053,0.0,80.20325082,538.889859,184.579975,94.78431147,78.4000244140625,5,1.77937301890551,0.587881588619363
14165000,104.1173564,466.4555738,164.5020613,1020.267614,0.0,0.0,19.8318774,36.68897319,0.0,79.81473349,308.9073771,170.5541457,95.19301153,63.600006103515625,4,1.43840950003088,0.62982056870145
14166000,131.3284394,890.5200867,410.454516,1557.274529,0.987431875,56.95333584,13.82404625,46.40929812,0.0,78.29507396,479.3780042,161.9388275,88.86886875,76.4000244140625,7,1.35151013976058,0.62749146278837
14166500,63.31683179,259.2051903,127.6705044,564.6160579,0.0,0.0,12.37225449,32.75008541,0.0,75.41472344,362.2223788,101.1613749,65.50017081,52.69999694824219,4,1.58138144763505,0.581845856917968
14169000,62.65954971,220.8640612,120.2159921,498.9150379,0.0,0.398808914,14.7946159,39.16221857,0.0,73.44235838,283.1987633,112.2650266,59.17846362,31.90000915527344,5,3.08602975039145,0.577820953945018
14170000,57.14691363,193.6650111,109.5169843,509.4160967,6.667139923,28.61213723,16.19162553,41.90773666,0.0,72.75878635,225.4713406,120.0085186,52.38467083,19.80000305175781,5,4.27957967396141,0.596596780224793
14171000,91.33215128,300.2912024,127.4650546,1095.873055,0.0,0.0,14.91137164,39.14235055,0.0,78.0197996,324.9755607,161.2292058,82.94450473,53.59999084472656,4,2.04028094625332,0.766512115350764
14178000,124.4140366,1261.233319,688.8765849,2279.730371,0.0,0.0,10.28988273,45.83675033,0.0,84.51524281,551.5108981,223.5710883,91.67350065,79.5,4,1.68089480568962,0.761292352879471
14179000,154.2466404,1173.907524,600.416899,2243.111577,0.0,0.0,9.12211314,39.80558461,0.0,85.38900463,723.8329861,211.4671682,81.26973525,134.20001220703125,4,1.29368232251786,0.850861299706173
14180300,76.33625911,989.0,455.0,1684.0,0.0,0.0,4.626439946,23.13219973,0.0,85.0,615.0,117.0489306,46.26439946,99.49993896484376,3,1.27797460924591,0.620616165299028
14181500,150.8926424,1143.132237,585.8855102,2071.355935,0.0,22.59602207,10.37386916,46.21087173,0.0,85.05714988,615.9040065,235.7697537,93.36482247,104.39996337890624,5,1.63436365932238,0.746984560491974
14182500,167.5044039,834.5831353,283.7306779,1495.249121,0.0,0.0,13.88158043,39.79386391,0.0,87.09348164,699.4896537,252.6447639,92.54386956,135.20001220703125,3,1.26168579453784,0.677498119224765
14183000,125.958088,1015.23228,481.2638972,1878.051823,0.0,49.95105443,11.45073527,39.63716056,0.0,85.46606202,604.6287382,210.5173639,78.39349533,104.70001220703124,5,1.52506611820921,0.700236881605182
14185000,140.5950922,892.2981129,336.7935704,1529.146452,0.0,0.0,11.64163184,41.1934665,0.0,83.80158277,553.3996818,206.8628427,89.55101414,109.300048828125,4,1.34893377098304,0.688224037239724
14185900,163.4706281,906.1497531,415.4929686,1411.282364,0.0,0.0,9.316978805,39.80890944,0.0,86.0,640.9329153,221.9134952,84.69980732,132.699951171875,4,1.33663118403359,0.677101742277684
14187000,114.0917508,674.0,181.0,1308.0,0.797844411,0.0,15.15904381,30.31808762,0.0,83.0,455.0,170.738704,79.78444111,118.14999389648438,3,1.2065259033368,0.632624389795013
14187200,141.5037148,829.9505471,335.1466645,1449.988204,0.907075095,38.68996365,12.69905133,40.81837927,0.0,84.03406775,555.4832358,207.7201967,87.0792091,107.199951171875,5,1.27360885219625,0.656632337746195
14187500,138.3658215,770.667067,310.4787345,1400.007715,0.934904199,64.07134862,14.02356299,41.13578476,0.0,83.40783364,516.6783769,207.5487322,87.88099472,93.29998779296876,5,1.36322943916628,0.652514733997769
14188610,2.220242065,801.0,304.0,1332.0,0.0,0.0,0.319865382,0.77144004,0.0,86.0,350.0,4.910874399,1.881561072,120.0999755859375,1,1.06581301314834,0.814997291860105
14188800,75.63209935,527.26702,137.0624752,1300.205923,0.0,0.0,14.968853,29.93770599,0.0,83.10920896,354.3854777,159.9303767,51.20923393,69.50003051757812,4,1.17129392153596,0.589900736106362
14189000,126.0776701,745.9253173,321.3473384,1453.863399,0.0,64.14519114,14.6601942,42.02589004,0.0,82.910994,468.6406328,213.061489,80.14239496,72.5,6,1.42603762928285,0.711355151680401
14190500,85.64345152,277.2550244,76.16538911,852.8593153,0.0,0.0,17.51797872,39.90206264,10.70543144,77.58854587,289.5380246,185.8852186,72.01835696,42.400001525878906,5,3.00489373687214,0.89340792339015
14194150,71.34375033,243.1840228,61.64281618,727.3985274,1.902500009,0.0,16.17125008,38.05000018,2.853750013,77.5969229,259.1200723,183.5912509,53.27000025,32.19999694824219,5,2.13767583152851,0.796100139475355
14198400,1.841538321,950.0,404.0,1490.0,0.0,0.0,0.116307683,0.44584612,0.0,89.0,659.0,2.946461314,0.969230695,198.29998779296875,1,1.04487884108867,0.651405035577449
14199704,0.512907665,319.0,52.0,1110.0,0.0,0.0,0.151349803,0.327924572,0.008408322,82.0,195.0,1.572356283,0.613807533,16.600006103515625,1,1.06285148074063,0.805016976934785
14200000,102.5052125,600.7625556,180.283468,1199.728276,0.940414794,0.0,15.98705149,37.61659174,0.0,85.32265057,396.0792252,219.1166469,76.17359827,60.09999847412109,5,1.35259115918264,0.690008922194618
14201300,41.97996959,289.4745545,46.37293326,742.4325875,3.650432138,0.0,18.25216069,33.76649728,0.0,78.0587722,183.4965966,143.2794614,30.11606514,5.100002288818359,3,1.2855618024282,0.798986909094653
14201340,44.95444236,273.9602217,45.48809466,700.7191445,3.909081945,0.0,19.54540972,36.15900799,0.0,77.59171879,172.5462857,153.4314663,32.24992604,11.29998779296875,5,2.25611844060983,0.785264806291247
14202000,42.58280688,265.3054091,41.38076162,751.6400982,2.838853792,0.0,18.92569195,35.0125301,0.0,77.8737384,173.6961903,146.6741126,32.17367631,12.200000762939451,5,2.3419096046448,0.800368459312119
14203500,88.53538677,320.5466694,47.47120599,986.3454551,0.0,182.6432968,16.53957775,37.94373719,0.0,78.6286143,330.1102864,190.6916023,72.96872536,33.19999694824219,4,1.54518972034013,0.736694258696293
14206900,1.441922201,109.0,43.0,378.0,4.240947649,0.0,0.7209611,1.781198013,0.0,73.0,151.0,4.749861367,0.975417959,23.299991607666016,2,1.07188046676932,1.03691340176377
14206950,18.68674583,109.0,43.0,378.0,54.96101716,0.0,9.343372917,23.08362721,0.0,73.0,151.0,61.55633922,12.64103395,15.099998474121094,3,2.19008733189525,0.908402793087134
14207500,59.74320882,199.490401,42.75459249,611.4752718,18.91868279,43.96391837,17.92296265,37.83736558,0.0,75.39310886,206.3492167,151.3494623,51.77744764,16.099998474121094,5,2.15902004008118,0.786430977808694
14208700,44.78809617,1152.0,945.0,1585.0,0.0,404.0,7.342310847,35.97732315,0.0,86.0,370.0,176.9496914,72.68887739,32.5,3,1.47886588734392,0.515268046957049
14209000,82.23667981,1117.695192,745.0280727,1560.317273,0.0,315.7278731,9.522141873,42.4168138,0.0,86.41835131,455.762019,220.7405616,85.69927686,47.5,4,1.39327685791298,0.578732895648856
14209500,122.0098549,1089.995784,628.4461401,1646.579776,0.0,90.50125183,9.76078839,48.80394195,0.0,86.38676433,498.0754269,255.7326558,97.6078839,69.4000244140625,5,1.43092891668463,0.741891185325831
14210000,130.3833242,1018.690572,512.7398188,1599.940771,0.0,71.9355683,10.78358321,47.05563581,0.0,86.69621367,513.1080677,260.7666484,96.07192311,78.60003662109375,5,1.39111531792662,0.730364269603403
14211010,109.7618123,843.7941196,386.394978,1443.080023,1.92564583,54.36776735,12.51669789,45.252677,0.962822915,85.79242014,442.3345513,236.8544371,82.80277069,59.70001220703125,5,1.48271354690885,0.741504643645133
14211315,98.40330658,572.0203885,244.8940199,1130.9232,3.975891175,46.10140494,15.9035647,42.74083013,0.993972794,78.41525286,353.642507,174.9392117,69.57809556,18.699996948242188,2,1.74056267026317,0.89936593329887
14211400,113.9878372,1381.979104,953.4919599,1996.509231,0.0,75.48641619,14.99839963,43.99530557,12.99861301,51.92830847,685.4949224,65.99295836,53.99423865,16.600006103515625,3,1.17124867990048,0.822251906188604
14211500,98.40048036,572.0341756,244.9009675,1130.946376,3.975776984,46.09994304,15.90310794,42.73960258,0.993944246,78.41535096,353.6474369,174.9341873,69.57609722,17.300003051757812,3,1.27215146588322,0.756833731942145
14211550,98.61357404,570.9968644,244.378241,1129.202637,3.98438683,46.20993353,15.93754732,42.83215842,0.996096707,78.40797069,353.276522,175.3130205,69.72676952,12.099998474121094,3,1.33642818092595,0.546572133456251
14216000,111.4552653,1073.756082,513.1741031,1878.264801,0.0,0.0,8.799099893,43.0178217,0.0,86.79159759,443.4446262,285.4819076,96.79009882,64.800048828125,4,1.36044028775308,0.748435354998464
14216500,159.673739,923.93693,382.9593493,1900.121263,0.0,0.0,8.981647816,41.91435648,0.0,88.43429197,558.0886736,315.3556344,92.81036077,101.70001220703124,4,1.5315437311718,0.819435003032696
14219000,146.4224935,676.0,131.0,1281.0,0.0,0.0,18.53449285,31.50863785,0.0,89.0,554.0,294.6984363,92.67246425,106.89999389648438,3,1.25586410919034,0.510090297040111
14219800,125.625577,863.9398642,337.4255265,1866.808125,0.0,44.79268629,11.92067519,36.67900058,0.0,87.79089152,491.7118641,278.7604044,89.86355141,128.30001831054688,3,1.20452414198659,0.67925006635366
14220500,135.651365,829.5120331,315.2273845,1810.592773,0.0,76.94971996,12.87202733,39.60623794,0.0,87.65856433,489.2209281,301.0074084,97.03528296,83.29998779296875,5,1.35702410591562,0.692255623017366
14222500,93.64178564,588.3584156,214.6202842,1238.54355,0.780348214,0.0,14.82661606,26.53183926,0.0,87.73479816,433.2967796,214.5957587,70.23133923,84.70001220703125,4,1.24660837822762,0.677378042436104
14226500,186.8897537,1253.235191,436.0244986,2382.79311,0.0,0.0,11.44222982,41.00132352,0.0,89.11755402,727.555601,300.3585328,87.72376195,143.2000732421875,4,1.50106639505528,0.826067327593333
14231000,172.8848078,1141.688309,373.7618607,2123.991735,0.0,0.0,12.6061839,36.91811,0.0,88.30015447,706.7699608,265.6303036,84.64152048,141.5,4,1.77214783431095,0.819011105523153
14236200,154.0157646,672.9059199,265.6564388,1271.312937,0.0,0.0,17.31538182,34.63076364,0.0,88.02577097,538.8550577,233.3019866,90.22225264,117.5999755859375,4,1.87646667654168,0.582216970051547
14238000,161.1192682,968.0432644,377.9893804,1903.212011,0.0,20.9277645,14.55897002,38.82392005,0.0,87.51664263,585.4171996,270.7968423,91.23621211,106.20001220703124,5,1.31770680087796,0.726525486233392
14240525,130.4013705,845.1039937,392.0870452,1670.047704,0.0,69.16980651,17.00887442,34.01774883,0.0,89.62302938,511.5990095,295.7654273,86.93424701,83.89999389648438,4,1.3723056541334,0.652508256521425
14243000,140.7689293,783.6577422,307.7932089,1608.601988,0.0,52.55634509,15.97377921,39.93444802,0.0,86.22655077,496.7604253,263.5673569,90.85086924,72.89996337890625,6,1.57528173358058,0.704385293727462
14299800,62.17468022,382.0,192.0,817.0,0.0,0.0,10.59795686,28.96774874,0.0,84.0,315.0,170.2738401,69.23998479,50.5,4,2.07631829513821,0.732599851068468
14301000,104.1105857,370.5938881,145.3081354,784.1664494,0.0,0.0,14.61201203,35.61677931,0.0,85.98740096,359.8348141,242.9246999,90.41182441,56.70001220703125,5,3.9421253277592,0.697894633000372
14301500,145.958167,524.4980958,157.5346257,1027.527774,0.0,0.0,13.04654006,29.35471514,0.0,87.9997589,553.5586205,248.6996699,77.46383162,104.79998779296876,4,1.58161061774766,0.636844429500756
14302480,133.7767801,517.5741924,106.3904511,1001.703118,0.0,44.15773487,14.30317775,29.44771889,0.0,87.0870581,487.2355187,253.2503825,77.40543252,105.5,5,2.1713829935782,0.690595723848766
14303200,8.343655136,582.0,220.0,941.0,0.0,0.0,0.940130156,2.174050986,0.0,87.0,448.0,18.33253805,5.875813476,91.15000915527344,2,2.02492289546581,0.747774055462498
14303600,104.1451073,414.4543523,105.7893229,945.5706076,0.0,0.0,12.43523669,28.75648485,4.66321376,87.00414661,406.9461741,236.2694972,76.16582474,77.10000610351562,4,1.78170440701842,0.771198139987009
14305500,109.3552876,409.4913425,121.3975754,881.3039931,0.0,0.0,13.25518638,31.48106764,6.627593188,86.05040534,422.7556781,243.5640496,80.3595674,76.60000610351562,5,1.92975941889187,0.967440382923334
14306340,16.09276637,315.0,54.0,1022.0,0.0,0.0,1.365446844,4.193872448,0.0,81.0,474.0,21.26195799,9.753191741,148.10000610351562,1,1.21405122118895,0.425916035199218
14306500,132.7865264,336.094406,61.94334803,987.8085761,0.0,0.0,12.15040111,36.45120332,0.0,81.36200472,441.8321815,197.0100751,85.92069355,85.30001831054688,5,2.48729188502987,0.670309261849197
14307620,129.5884024,304.621133,120.1427862,659.8166732,0.0,0.0,13.49879191,40.49637574,0.0,77.76664063,412.241147,161.0855835,88.19210718,75.10000610351562,5,2.22552002240799,0.727604176883292
14308000,154.8327533,993.4759762,494.2388186,1649.128366,0.0,0.0,16.98165681,45.95036548,0.0,72.93907683,501.5392794,122.8672816,99.89209887,101.79998779296876,5,1.47787923474871,0.692808279324392
14308500,90.15437222,852.0,356.0,1437.0,0.0,0.0,11.26929653,31.1562904,0.0,69.0,407.0,66.28997957,66.28997957,86.800048828125,4,1.21574668180028,0.717633446592844
14308990,92.95701875,927.0155586,572.0485903,1466.508737,0.0,55.54291691,9.595563226,29.98613508,0.0,68.81966585,483.6233902,58.77282476,59.97227016,78.00006103515625,4,1.68895807069834,0.752329431821907
14309000,111.9045548,908.566419,559.0093488,1478.438255,0.0,98.26724015,11.55143791,36.09824347,0.0,68.68095052,493.3334637,70.7525572,72.19648694,79.800048828125,4,1.95518579392921,0.767451260351625
14309500,167.6222131,755.0,347.0,1199.0,0.0,0.0,15.41353684,45.27726446,0.0,74.0,614.0,135.8317934,96.33460523,117.20001220703124,3,1.61797358079547,0.663863457714893
14310000,151.8803998,725.2287575,390.0243069,1283.505993,0.0,94.43086287,15.74369998,43.52669994,11.11319998,69.48680016,565.8787241,100.9448999,91.68389987,100.199951171875,4,2.83510299477483,0.667065028803767
14312000,148.0362921,710.7689322,342.6665543,1306.361304,0.0,35.07121374,16.55669057,44.80045683,5.843537848,69.84090532,513.4264165,106.1576042,90.57483664,92.0,5,1.96327828052583,0.672246877693145
14313200,64.24697973,1711.949641,1255.91868,2502.82168,0.0,0.647062075,6.086555974,37.87190384,0.0,76.47729903,372.7884188,99.41374758,66.95211572,40.5999755859375,4,1.45843205623675,0.491049012469963
14313700,72.81375791,1667.869999,1195.148945,2437.125765,0.0,3.27490697,6.898145486,42.92179413,0.0,76.18606404,391.035325,112.6697096,75.87960034,44.7000732421875,4,1.43334504306729,0.498452780841336
14314500,50.05008811,1461.0,795.0,2412.0,0.0,0.0,5.107151848,28.08933517,0.0,75.0,450.0,73.03227143,51.07151848,46.7000732421875,3,1.8845616934299,0.614320826159224
14314700,73.91939998,1461.0,795.0,2412.0,0.0,0.0,7.542795916,41.48537754,0.0,75.0,450.0,107.8619816,75.42795916,49.6500244140625,3,1.68731930410535,0.624562181206895
14315500,95.71282566,1558.498393,1019.661277,2338.69271,0.0,6.104362175,8.880571453,54.27015888,0.0,75.50788011,430.2143685,143.0758734,97.68628599,52.300048828125,4,1.96694696180151,0.606930696722663
14315700,96.23286918,1554.973491,1017.464427,2332.535905,0.0,6.163222173,8.928822914,54.56502892,0.0,75.48892998,431.7366201,143.8532581,98.21705205,52.4000244140625,4,1.91504037438224,0.610610566187978
14315950,98.33582505,1388.0,609.0,2007.0,0.0,0.0,8.072343847,38.89402035,0.0,76.0,545.0,107.1420183,73.38494406,88.699951171875,3,1.46450073508444,0.55730183197477
14316455,100.1371903,1507.436536,924.9347018,2250.859702,0.0,5.284660987,8.632516407,47.47884024,0.0,75.54552169,458.7230591,125.1714879,85.46191243,57.0999755859375,4,1.81136408264927,0.617194345756878
14316495,103.9716996,1493.595067,909.8582335,2235.675396,0.0,5.532239867,8.963077549,49.29692652,0.0,75.52540957,463.1942569,129.9646245,88.73446774,124.9000244140625,3,1.18569392569294,0.746478595084009
14316500,107.6851819,1481.129729,896.2806812,2222.000727,0.0,5.755204234,9.283205335,51.05762934,0.0,75.50729703,467.2209243,134.6064774,91.90373281,60.89990234375,4,1.80210331710877,0.627047594638487
14316700,180.9210015,960.6848363,468.9981932,1675.885391,0.0,0.0,12.99432607,49.9781772,0.0,77.03803244,554.5497698,153.9327858,99.95635441,113.20001220703124,4,1.35430547073468,0.686316984093694
14318000,123.570714,870.2089742,343.1550306,1548.887905,0.0,0.0,14.58820929,39.47397808,0.0,74.90437265,465.6611083,114.9894144,82.380476,89.5,4,1.3546934288947,0.705401170786532
14319500,141.8339845,1017.641602,529.3488117,1692.138183,0.0,3.779829998,13.98363227,48.94271295,0.0,74.94561811,486.716254,139.8363227,92.89127151,82.60009765625,5,1.63721981109161,0.650120326842873
14320934,141.0920879,776.260623,384.7105293,1396.081761,0.986657957,18.75408734,15.78652731,46.37292398,2.959973871,71.90883574,485.3016283,120.3722708,87.81255818,90.10000610351562,2,1.2189183567952,0.649134998190373
14321000,141.8355562,758.9656109,372.8970116,1371.795741,0.991857036,18.50520163,15.86971258,46.61728071,2.975571109,71.93990306,484.6258905,121.0065584,88.27527624,82.0,6,2.56417423492609,0.649943967487682
14325000,135.4164291,649.1490781,180.1838042,1143.34931,0.0,0.0,14.54136151,43.62408454,0.0,77.0,476.0501273,159.0461416,89.06583927,95.20001220703124,4,3.19307391298799,0.645273198976696
14330000,86.45811285,1448.355021,1022.478081,2108.2918,0.0,0.0,11.92525694,51.67611343,0.0,74.32657075,381.87825,135.152912,98.38336979,39.699951171875,5,1.67091598071925,0.738742390916304
14332000,68.67658285,1526.424518,1041.692993,2189.019141,0.0,0.0,10.05023164,44.38852306,0.0,71.48219042,398.9122837,91.28960403,83.7519303,47.39990234375,4,1.17856919178241,0.546023870398901
14337500,78.84071861,1082.585035,709.0793861,2066.530117,0.0,0.0,17.96370804,43.91128632,0.0,66.31537207,268.9946916,83.83063751,91.81450775,40.9000244140625,4,1.46527228479658,0.707010274562052
14337600,88.60067099,1305.513503,850.0922781,2054.634335,0.0,36.54226196,13.9371842,48.7801447,0.0,70.97209238,369.6128034,112.4929868,96.56477625,45.0999755859375,6,1.60988976037774,0.691672743768339
14338000,156.4164763,962.0173218,521.4320709,1619.821145,0.0,0.0,18.45908727,41.77582908,0.0,69.81755753,476.7435043,98.1246218,95.21002907,94.29998779296876,4,1.1972448200093,0.663011494191285
14339000,96.13407506,1193.226101,761.3616389,1905.508882,0.0,53.63994137,14.71439924,47.08607758,0.0,69.80374688,382.7776517,103.9817547,92.21023527,50.5,6,1.55935753503697,0.683908597953157
14353000,92.01076941,1150.832134,587.4769144,1883.711845,2.059942599,481.1006843,13.04630313,31.58578651,0.0,59.15601358,400.7071977,46.00538471,58.3650403,145.20001220703125,2,1.02589829890268,0.525131854365234
14353500,90.71673766,1150.601731,588.2817475,1879.17603,2.030971739,483.4249759,12.86282101,31.14156666,0.0,59.15823687,400.7315264,45.35836883,57.54419926,121.0,2,1.19678009222232,0.538998121957763
14354200,103.0753415,1152.27268,568.3995623,1985.833122,3.10001027,427.2359648,14.72504878,35.6501181,0.0,59.04488183,399.6696005,50.37516688,64.32521309,76.9000244140625,4,1.34320365614958,0.592192881291668
14357500,98.9691826,1015.097405,523.0473244,1910.113512,11.28595942,349.1069473,16.49486377,40.80308406,0.0,56.48738309,367.3746798,52.08904348,68.58390724,66.10003662109375,4,1.26581540420616,0.702438658782695
14359000,94.86292987,1080.127011,649.289066,1841.924803,2.933905048,101.4604746,16.62546194,44.98654406,1.955936698,64.73134691,364.5429985,87.03918308,85.08324638,47.2999267578125,7,1.53201481956678,0.700641303758338
14361500,102.2719395,1011.195127,600.3417025,1745.208956,2.950152101,104.3470342,16.71752858,45.23566556,2.950152101,64.14558228,380.6874221,84.57102691,87.52117901,51.0,7,1.58912345961955,0.702609264216097
14362000,177.770142,1292.795626,613.6734619,2045.683958,0.0,48.57247421,13.467435,45.789279,0.897829,66.85968471,671.4496149,79.00895199,89.78289999,104.0999755859375,4,1.47131852181526,0.637977057758239
14362250,168.2298569,1245.491069,594.8494385,2008.246448,0.0,80.14498433,13.94651663,44.45452177,0.0,65.94031784,659.6252618,73.21921232,87.16572895,77.89990234375,2,1.42573986589976,0.755973453463893
14366000,158.5286949,1130.028713,544.0220806,1923.809107,0.0,85.3956936,14.17016267,44.28175835,0.0,63.25159066,592.1765195,67.30827269,87.67788154,75.20001220703125,5,1.69454241737943,0.713464768046997
14369500,166.3539998,1004.875723,479.0916337,1861.793035,0.0,83.04538376,15.56528653,47.66869,0.0,62.80551448,558.3927539,74.90794142,96.3102104,65.0,5,1.97603593124959,0.744240495871879
14375100,148.0265932,1160.518053,541.251838,2035.654655,0.0,0.0,13.98028936,38.65138824,3.28947985,69.20863362,586.2446312,87.99358598,80.59225632,87.70001220703125,4,1.30462967311784,0.720554359625398
14377100,145.9218993,892.8163423,440.1952853,1685.956357,0.0,0.0,16.87532169,46.65530115,7.941327855,69.90527121,479.6451016,120.1125838,98.27393221,54.600006103515625,5,1.23186667274093,0.728023114986116
14400000,138.729382,679.086199,184.6080238,1327.506649,0.0,0.0,13.24943536,36.63079188,0.0,76.63417583,627.7504796,144.9644104,77.93785507,146.5,4,2.78055267649157,0.610234197153712
71912213,17.79645001,364.5050864,293.6112718,438.1809545,0.0,0.0,19.4143091,31.54825229,80.8929546,81.62549407,170.0569275,73.61258868,41.25540684,,4,1.3122287986613,0.86335522638777
72632971,24.08189582,225.1806652,102.9558019,450.3011087,0.0,66.61983726,9.946870012,22.5113374,0.0,80.9651934,272.4685095,51.30490848,46.06971374,,2,2.94363592040332,1.39437003283316
72632982,24.89502225,222.6257933,102.0095531,446.0429888,0.0,126.9905144,10.28272658,23.27143384,0.0,80.93365177,271.0806778,53.03722131,47.62525996,,2,1.35104847099874,1.31995797602723
94196783,69.50058222,1243.31508,773.3310037,2254.506943,22.83590559,0.0,16.87871283,49.64327302,41.70034933,14.02291772,757.0394008,14.8929819,16.87871283,,5,1.62023713368317,0.764499490647994
103087891,1.427288486,2125.0,1611.0,2770.0,0.0,0.0,0.203898355,0.551724961,0.0,49.0,543.0,0.623689086,1.07946188,71.25,1,1.07073954703833,0.816858718766614
136230002,77.30974423,689.3865954,325.575522,1182.719524,0.0,0.0,8.643325442,20.16775937,0.0,93.89970859,598.3183585,72.98808151,36.49404076,,2,1.34438836504928,0.288516794991116
137449480,37.89953754,221.1649738,117.6159046,368.5219953,6.767774561,30.90482558,11.50521675,29.77820807,8.798106929,88.0,359.9885776,81.89007219,67.67774561,,4,1.59837622948165,0.896271695482932
137462010,28.87474768,222.0,72.0,383.0,8.249927908,953.0,8.765548402,23.20292224,0.515620494,88.0,303.0,62.3900798,51.56204942,,3,1.34143258076707,0.833051031134519
142400103,31.59090625,527.0,345.0,669.0,0.0,0.0,5.616161111,15.79545313,0.0,89.0,515.0,42.4722184,28.08080556,,3,1.16810663406615,0.764943902295947
208111310,4.815142919,25.0,9.0,36.0,0.0,0.0,13.64290494,38.52114335,0.0,81.0,15.0,76.23976288,73.83219142,,4,1.34825692648025,0.569456447096987
211139110,83.55189537,547.2199094,327.5934235,1112.62925,0.0,81.00079828,18.36305393,39.48056595,0.0,85.52054126,381.5518405,98.24233851,89.97896425,,5,1.98674079492485,0.981644638140367
242354750,11.97181257,185.0,127.0,377.0,11.97181257,0.0,6.841035755,10.54659679,27.93422933,81.0,232.0,29.92953143,19.09789148,,3,1.19172157428194,0.952887069234027
344894205,22.4567274,1020.0,656.0,1903.0,1.820815735,150.0,2.731223603,6.828059007,0.0,91.0,510.0,19.87723844,14.86999517,,3,1.06960939199778,0.734599503686089
345577330,80.20281527,1292.0,814.0,1891.0,0.0,0.0,8.492062793,20.75837572,0.0,97.0,568.0,81.1463778,47.17812663,,4,1.37963787474028,0.830567609828164
351706800,143.0155457,921.6290159,567.0999504,1560.703677,0.0,52.05639387,18.94245638,39.77915841,0.947122819,92.92059874,518.997614,139.2270544,92.81803628,,4,1.73917654229633,0.86034723042843
810464660,12.47884418,365.9492832,300.8775756,439.1140971,0.0,0.0,27.83742163,29.75724381,1.919822181,48.36461789,225.6571405,52.79510998,47.99555453,,3,1.40143150996309,0.524033071297918
402913084285400,0.497414181,274.0,261.0,308.0,0.24870709,0.0,5.968970168,6.715091439,24.87070903,77.0,11.0,21.63751686,2.735777994,2.100006103515625,3,1.27348546997476,0.9767583802702
