basin_id,model,period,nse,kge,bias,peak_bias,lowflow_bias,parameter_count,solver_name,family,run_status,error_message,_elapsed_s,_cal_nse,p_parTT,p_parCFMAX,p_parCFR,p_parCWH,p_parFC,p_parBETA,p_parLP,p_parK0,p_parK1,p_parUZL,p_parPERC,p_parK2,p_lag_time,state_SNOWPACK,state_MELTWATER,state_SM,state_SUZ,state_SLZ,state_init_mode
01022500,hbv_lite_cma,evaluation,0.721862,0.777363,-0.013734,-0.154067,0.888833,13,explicit_euler_dt1,hbv,success,,51.15,0.805,-2.3399999351954963,1.4660349655425406,0.0258525573169388,2.477016627736461e-10,359.18894737798536,2.8461509318711347,0.9999999944004314,0.153444032418776,0.4633765400269338,17.84922894573306,4.961322650139484,0.0518691411261253,5.884917759742789,0.0,0.0,322.2032019367406,2.3924907160206947,33.13367857119235,cal_final_2008-09-30
01031500,hbv_lite_cma,evaluation,0.708486,0.79258,-0.04231,-0.137676,1.43562,13,explicit_euler_dt1,hbv,success,,30.92,0.6723,-2.2699999585334663,1.80609604466166,0.0254095328673516,3.289034146547605e-11,440.45737016493257,4.441567390129474,0.999999999873236,0.2709697048426421,0.4048907175416815,72.35470273158583,4.34825088667604,0.1653372875587786,2.871315392876633,0.0,0.0,387.30186865210817,0.0,12.222310686492811,cal_final_2008-09-30
01047000,hbv_lite_cma,evaluation,0.679882,0.723139,-0.10492,-0.187508,0.636936,13,explicit_euler_dt1,hbv,success,,30.96,0.6476,-2.499999997249724,1.4565679688021866,0.0008470209411847,7.62251817010687e-14,338.1643218446773,2.9854385714199863,0.9999999999983392,0.5005699930308969,0.4082987804627645,99.62001064536489,2.862619179959528,0.1264902439463017,2.836950127145231,0.0,0.0,296.57456382770505,1.828030352490838,11.666698790194246,cal_final_2008-09-30
01052500,hbv_lite_cma,evaluation,0.714869,0.76801,-0.133562,-0.20895,0.722239,13,explicit_euler_dt1,hbv,success,,28.46,0.7616,-0.7800080316777316,3.18008363849676,0.06035957712987,0.0262727494232745,264.00902678726106,1.941188846866388,0.999999999827972,0.5701321334901386,0.3525277682011952,15.434804651657386,3.577161860457472,0.14765340045806,1.002552249646137,0.0,0.0,206.42564340926364,0.0,10.422767296663192,cal_final_2008-09-30
01054200,hbv_lite_cma,evaluation,0.579393,0.617364,-0.043774,-0.221357,2.582308,13,explicit_euler_dt1,hbv,success,,29.1,0.5363,-0.9804715314347114,1.7536408229090803,0.0196782867624797,9.859266553989586e-06,542.7774229240699,1.6722383358824913,0.8940485124173043,0.855285546708998,0.0850825068454749,16.188914827919916,1.242583534499842,0.0559550247598453,1.946281943626694,0.0,0.0,417.6708739910392,13.359966402680294,17.271884569814272,cal_final_2008-09-30
01055000,hbv_lite_cma,evaluation,0.585212,0.655459,-0.024691,-0.197981,2.060241,13,explicit_euler_dt1,hbv,success,,28.57,0.6234,-2.450000006274851,1.986259137498369,0.0347538461786805,4.287602683335405e-13,184.74341202893987,1.4136385102133455,0.9547155309551384,0.5281886708358238,0.4695929611489811,4.225878958805885e-07,5.433216235332326,0.1076425703273431,1.0000162950334963,0.0,0.0,143.0579842435402,0.0,19.93724151440929,cal_final_2008-09-30
01057000,hbv_lite_cma,evaluation,0.642446,0.692168,-0.007938,-0.182259,1.748163,13,explicit_euler_dt1,hbv,success,,28.4,0.7027,-1.980000035787396,1.839817260379328,0.0010109287726769,1.3832743117721363e-09,464.8102937768386,3.874339978411189,0.7704599146781472,0.6946711303442696,0.3591295939187896,79.07144344467058,5.123722380667484,0.0763392441668231,1.011994538030419,0.0,0.0,428.2709305276073,6.205265272855769,28.673183291936205,cal_final_2008-09-30
01073000,hbv_lite_cma,evaluation,0.761592,0.726618,-0.12427,-0.182789,0.370675,13,explicit_euler_dt1,hbv,success,,27.65,0.8447,-1.5200067186037067,0.947877580746609,0.0234385511660142,0.1419281888671507,348.3021802279115,1.548373266956799,0.200000005318843,0.8999999996330392,0.4999999805151787,13.905138041004758,6.397402634974649,0.1745446931691147,1.0338264101440375,0.0,0.0,273.68374535628647,0.0,18.734020858520694,cal_final_2008-09-30
01078000,hbv_lite_cma,evaluation,0.740541,0.777566,-0.116335,-0.182912,0.881059,13,explicit_euler_dt1,hbv,success,,33.04,0.7046,-0.709999998391895,2.5186417521685835,0.0358211183600594,3.990364544124853e-12,322.0631934445112,1.0000000002478666,0.3634297227433575,0.7001038737334154,0.4999999999973472,56.79458977747643,5.982032747059635,0.161184442773319,2.7663725168043696,0.0,0.0,147.93914506972044,0.0,9.443436223598134,cal_final_2008-09-30
01123000,hbv_lite_cma,evaluation,0.638288,0.786083,0.033764,-0.1129,0.639511,13,explicit_euler_dt1,hbv,success,,27.5,0.7351,-2.129999995288005,1.0187176974721506,0.0646556726494464,5.591326529017347e-11,460.5760705166522,2.0806302546965743,0.3416217767689765,0.0566998854838073,0.499999983944851,57.396374999760894,5.872702924723897,0.0763132361763141,1.0614797566909386,0.0,0.0,328.6923015561249,0.0,25.49101482597699,cal_final_2008-09-30
01134500,hbv_lite_cma,evaluation,0.657676,0.736326,-0.075641,-0.175458,0.857339,13,explicit_euler_dt1,hbv,success,,30.49,0.6843,-1.660000021031318,1.8702484463805664,0.0956142394811538,4.566611178041969e-10,225.97112347368423,2.128329443824703,0.9999999998401644,0.2371226891500786,0.2644657336502842,20.64063960865916,1.4270360949654837,0.0753296776958678,1.5019450041483795,0.0,0.0,165.19753794799018,0.0,9.699681506906238,cal_final_2008-09-30
01137500,hbv_lite_cma,evaluation,0.557407,0.600467,0.332753,0.047614,1.294045,13,explicit_euler_dt1,hbv,success,,25.46,0.5996,-2.3499999938246257,1.6255167953865255,0.0392727450509448,2.384324353798796e-14,489.1068140223583,1.0000000000036784,0.2034284842069637,0.3541489173455428,0.4999999996451322,66.96389518493233,8.469390165775904,0.060730592972392,1.0527002425356924,0.0,0.0,297.0807333433583,0.0,41.23910470064144,cal_final_2008-09-30
01139000,hbv_lite_cma,evaluation,0.636737,0.700731,-0.130093,-0.229739,0.540503,13,explicit_euler_dt1,hbv,success,,32.04,0.75,-1.4100001199327523,1.8494124247627584,0.0256283265504234,1.7002287071717216e-11,238.27591682667656,1.0000000013013788,0.2723989910749447,0.3206521126992643,0.2974173816402572,76.28389124834247,4.105691135554725,0.066300626802313,1.3244669493684662,0.0,0.0,90.91134258740888,0.0,11.180812359706875,cal_final_2008-09-30
01139800,hbv_lite_cma,evaluation,0.627756,0.745098,-0.124123,-0.186135,0.578727,13,explicit_euler_dt1,hbv,success,,30.13,0.7323,-1.120000501795779,1.9030723110087828,0.0023157281893198,0.0162615048034892,649.0175926572086,5.999992110542275,0.9999999458384052,0.8604757155343058,0.327052266295777,98.42927955125955,9.324856464260863,0.069704852194721,1.0429816831157697,0.0,0.0,557.883454881314,0.0,11.8768985188847,cal_final_2008-09-30
01142500,hbv_lite_cma,evaluation,0.638831,0.736216,-0.00394,-0.128891,0.885949,13,explicit_euler_dt1,hbv,success,,29.9,0.7087,-0.689992166704797,3.652228980759321,0.0128475937427625,2.441784670950996e-09,255.7866725944669,1.166087832606947,0.3149019724467886,0.4071883200894755,0.2825764224524739,91.91767402977852,8.785934161633195,0.0914852850536848,1.674115750068599,0.0,0.0,107.98389542701304,0.0,8.76598624104915,cal_final_2008-09-30
01144000,hbv_lite_cma,evaluation,0.711515,0.806479,-0.002217,-0.113628,0.633689,13,explicit_euler_dt1,hbv,success,,30.32,0.7109,-1.1500001297693734,2.9730656629455043,0.0378313428846354,5.447011871244951e-13,208.5648751884908,1.0000014830229955,0.2000054135015977,0.0955750080553458,0.3146289237544444,64.57506523209194,8.155562165567677,0.0938909959759449,1.4561332350171807,0.0,0.0,81.21089197633908,0.0,9.461523013651696,cal_final_2008-09-30
01162500,hbv_lite_cma,evaluation,0.655414,0.702356,-0.039578,-0.212161,2.403338,13,explicit_euler_dt1,hbv,success,,53.16,0.6973,-2.37999993388079,1.341979167351668,0.0538145687417702,1.8337468794855759e-10,510.12246604558896,4.239315309166886,0.9999999797268369,0.8999999475387714,0.2352842568156559,39.73638843766605,2.6021228620811327,0.0792291165295761,3.996717100867159,0.0,0.0,458.5898767706078,1.4819216705992304,17.99820771718781,cal_final_2008-09-30
01169000,hbv_lite_cma,evaluation,0.488731,0.709625,0.12707,-0.075112,2.396138,13,explicit_euler_dt1,hbv,success,,28.09,0.6371,-1.8099997278269413,1.6433632177661324,0.0642874607482383,4.551606816575099e-12,150.16968004337372,1.9596354798728093,0.9999999973909152,0.7021513633323537,0.2285427416835857,17.60478983718034,3.138962200149156,0.0658993219251046,1.5268932929581989,0.0,0.0,132.20024983649714,2.4280498800458945,26.76105548987648,cal_final_2008-09-30
01170100,hbv_lite_cma,evaluation,0.542706,0.695374,0.110286,-0.119247,2.775497,13,explicit_euler_dt1,hbv,success,,25.84,0.6346,-1.829997455555652,1.605270698037126,0.0997951686463662,2.881954144908265e-09,282.23318067621983,1.95120245592887,0.9999998877941334,0.5781929482830215,0.1891153020589271,17.159889218667224,3.4295718503154395,0.0664279840336111,1.7232385666601315,0.0,0.0,233.65188821336136,2.751901366700087,28.865976094124385,cal_final_2008-09-30
01181000,hbv_lite_cma,evaluation,0.558951,0.749606,0.056712,-0.130972,2.144921,13,explicit_euler_dt1,hbv,success,,28.06,0.6063,-1.7300015491307317,1.7430818981618437,0.0726413389410042,0.0073882283795873,195.87192118590625,2.266370984210225,0.9999986334901394,0.6568576877699283,0.2976316132604459,22.774070501466664,2.9535686120903333,0.0886874185404659,1.0138392624913644,0.0,0.0,173.46405259567914,1.4046238420566373,18.84815531163956,cal_final_2008-09-30
01187300,hbv_lite_cma,evaluation,0.643035,0.696832,-0.025137,-0.174308,3.582963,13,explicit_euler_dt1,hbv,success,,27.55,0.6904,-0.95999967296826,1.780743803061224,0.0980701191885486,8.050144823659218e-07,789.192876541509,5.520405012445291,0.9999902331271432,0.5117553256828071,0.22934118133725,9.543485770512769,2.1980490712281227,0.0951318409704923,1.994894047413915,0.0,0.0,725.5119215666759,2.970177384022352,13.718901738909226,cal_final_2008-09-30
01195100,hbv_lite_cma,evaluation,0.542431,0.710039,0.006691,-0.154615,3.154892,13,explicit_euler_dt1,hbv,success,,27.4,0.7722,-0.759973637707285,1.2609717183553877,1.116158343612513e-06,0.1999967209464876,513.2471313693377,2.568501734192331,0.4387483136777281,0.8999986930192028,0.4921524079437261,16.057350046336115,5.023560611030815,0.1078131542073699,1.481924482972906,0.0,0.0,395.3225400426991,0.0,17.045183618873377,cal_final_2008-09-30
01333000,hbv_lite_cma,evaluation,0.664167,0.752157,-0.03377,-0.18017,0.8479,13,explicit_euler_dt1,hbv,success,,28.8,0.6524,-1.489999978368642,2.2909630030886152,0.0764904602874554,5.881140668091492e-12,419.4368330227915,5.36777147035426,0.9999999999910344,0.8367662415420092,0.2842581596254574,97.3440885830666,6.805875741431784,0.1151392265101098,1.509497904726814,0.0,0.0,378.8183595360576,0.0,15.705328002604382,cal_final_2008-09-30
01350000,hbv_lite_cma,evaluation,0.607933,0.615684,0.007666,-0.240871,2.823341,13,explicit_euler_dt1,hbv,success,,27.62,0.667,-2.210000081400844,2.1419223121129085,0.0783341082885847,1.5802518046653122e-10,444.18022029056834,3.8707880645270527,0.9999999971699804,0.319518741036372,0.2954792059136311,10.104665597571602,5.366027628290406,0.0964607801238677,1.8162585597677383,0.0,0.0,381.8026503637523,0.0,21.812100887168604,cal_final_2008-09-30
01350080,hbv_lite_cma,evaluation,0.44538,0.365388,-0.253429,-0.43026,0.703033,13,explicit_euler_dt1,hbv,success,,31.44,0.6424,-1.4700006267791632,2.37638205796324,0.0955273049360343,0.0026168216296874,379.5192022313905,2.392574170608824,0.2000003767535813,0.1849124011171758,0.2535386740354576,13.698886084638747,6.701550701093302,0.1031999661740598,1.0316707433194026,0.0,0.0,213.1696805236037,0.0,7.599490801557784,cal_final_2008-09-30
01350140,hbv_lite_cma,evaluation,0.464041,0.447501,-0.186477,-0.323908,3.822707,13,explicit_euler_dt1,hbv,success,,27.86,0.5311,-0.9600002452512038,2.420457435985684,0.0538577226891352,0.0045698034581549,708.4453032743469,5.678433970450903,0.6096025520303638,0.8290076946283713,0.4468668241898768,65.83918356974277,3.92589451909165,0.1741101163532407,1.0008316006113136,0.0,0.0,534.0454084622163,0.0,3.838846534213644,cal_final_2008-09-30
01365000,hbv_lite_cma,evaluation,0.65187,0.740213,-0.024687,-0.156,0.8084,13,explicit_euler_dt1,hbv,success,,27.78,0.7231,-1.6199999972889925,1.917287125958104,0.0626363592683263,8.783635388147048e-11,233.48674120708887,3.2695938419820667,0.9999999999904532,0.8999999959892394,0.3746282194348243,48.55845705624435,7.916570257506837,0.0839001400796146,1.1403664661314656,0.0,0.0,209.5098040513396,0.0,30.96620941732692,cal_final_2008-09-30
01411300,hbv_lite_cma,evaluation,0.62805,0.574477,-0.171736,-0.281851,0.133216,13,explicit_euler_dt1,hbv,success,,37.97,0.6686,-1.2201962611117625,1.965276678675233,0.0999137401092562,0.1704778671770721,810.5403934475664,1.772776206252032,0.2062175519546285,0.4438291969646406,0.1525904309739283,58.91826624931353,3.29398940896555,0.0393369479761688,2.470835951369289,0.0,0.0,299.10293048519924,0.0,11.39397164957669,cal_final_2008-09-30
01413500,hbv_lite_cma,evaluation,0.552816,0.475071,-0.155165,-0.347768,1.335532,13,explicit_euler_dt1,hbv,success,,28.96,0.677,-2.3700041392284747,1.9688654392067868,0.0769716095099084,0.0353443007339081,645.3654606358651,4.540887731672735,0.6730372904921428,0.2927371592566405,0.1968235588772993,24.846315888189004,4.75187576074751,0.0841312342811654,1.0056889653625662,0.0,0.0,534.3626295123294,0.0,19.34760490182158,cal_final_2008-09-30
01414500,hbv_lite_cma,evaluation,0.570926,0.521967,-0.188738,-0.322566,0.783116,13,explicit_euler_dt1,hbv,success,,27.77,0.6075,-2.289999876192532,2.0975250982847085,0.0160626459387806,5.3095241679672395e-09,686.1265175510388,5.710418712335139,0.2726723443425328,0.8999999984711855,0.3386751376189901,45.53704562663965,6.752308652535604,0.1016475299451095,1.9320701224577768,0.0,0.0,604.4353932136745,0.0,20.41887653288708,cal_final_2008-09-30
01415000,hbv_lite_cma,evaluation,0.661645,0.598114,-0.066307,-0.272721,1.855618,13,explicit_euler_dt1,hbv,success,,27.95,0.6796,-2.0800003428722977,2.1038567135231663,0.0258632140978035,1.4547118926362717e-05,735.069757564075,5.999997813147311,0.956808608607992,0.5019464092328004,0.2206419752257245,24.747685241518504,3.6602139227375474,0.1046395930659767,1.2692212395778286,0.0,0.0,634.8320219431212,0.0,13.96973063980381,cal_final_2008-09-30
01423000,hbv_lite_cma,evaluation,0.700555,0.652175,-0.191679,-0.253119,-0.702484,13,explicit_euler_dt1,hbv,success,,35.01,0.7423,-1.6800003463157305,2.127924434032644,0.0981784153091284,0.0164906887851381,228.6869248429956,5.997233175592965,0.3526068704831075,0.7513658972951872,0.2370652557830607,21.090530243997787,4.360724894100475,0.1131698231817106,2.008250529660129,0.0,0.0,182.4981946835675,0.0,4.61216589655613,cal_final_2008-09-30
01434025,hbv_lite_cma,evaluation,0.557206,0.713323,-0.000546,-0.167985,1.296409,13,explicit_euler_dt1,hbv,success,,27.91,0.641,-2.340048966811307,2.018680133992306,0.0999962645675261,0.1999329489068463,303.26546633116766,1.115827669644409,0.3100444335930955,0.8999837476571602,0.3585287788670687,38.38968077909264,7.109745896469973,0.0723854913942769,1.1954209566937684,0.0,0.0,183.1656926846561,0.0,36.77618122602237,cal_final_2008-09-30
01435000,hbv_lite_cma,evaluation,0.662461,0.706061,-0.083835,-0.21952,0.558524,13,explicit_euler_dt1,hbv,success,,27.85,0.6977,-2.049999926224812,1.879994277552817,0.0797559695044598,0.0041635178743974,157.96917702939282,3.441393145802986,0.999999983528984,0.7489670465048273,0.258373320713905,22.302255434661728,5.239180748740915,0.0604752564119713,1.6123486517401748,0.0,0.0,146.66121488732372,1.7352389100412913,37.46052563253821,cal_final_2008-09-30
01439500,hbv_lite_cma,evaluation,0.719227,0.671223,-0.077647,-0.237438,1.916577,13,explicit_euler_dt1,hbv,success,,30.25,0.7931,-2.050000422213997,1.2726789042107582,0.0112727160749612,2.2605900643368205e-07,532.1742754782736,3.729851687712419,0.9999998172696314,0.8288538886459518,0.1716050954102309,31.300256693470736,3.169278392704099,0.08762700018779,1.0601465827948813,0.0,0.0,441.8860979809367,9.690635352698168,17.34189124796644,cal_final_2008-09-30
01440000,hbv_lite_cma,evaluation,0.555234,0.616265,-0.133151,-0.262521,0.896737,13,explicit_euler_dt1,hbv,success,,32.67,0.7109,-0.7600000741379231,4.117081915062057,0.0836696554362524,2.4145453013141965e-08,345.14880160716035,1.000000509716262,0.2473629613480559,0.5526898559485485,0.1619818168557809,17.795448548486117,3.1176233522674783,0.07914937251686,1.2169588719923312,0.0,0.0,122.25495361158208,0.0,15.873933110564025,cal_final_2008-09-30
01440400,hbv_lite_cma,evaluation,0.658024,0.751858,0.003631,-0.141981,1.747663,13,explicit_euler_dt1,hbv,success,,27.81,0.6633,-1.5800008738326112,1.4023675327812295,0.0421077419652969,6.954852861079184e-11,434.4371663862737,2.8207558284893803,0.99999999878912,0.8999999830891278,0.3236314231657577,12.491503426029157,5.9725022447579015,0.1317459034706833,1.0006812717649978,0.0,0.0,347.5688593795638,2.972372480385585,21.730109986347955,cal_final_2008-09-30
01451800,hbv_lite_cma,evaluation,0.650503,0.745748,0.0238,-0.16063,0.805115,13,explicit_euler_dt1,hbv,success,,27.73,0.7457,-2.499999998169012,2.048117895666832,0.0553056529953594,2.061131620134407e-11,218.873611910202,4.188732928656443,0.999999999986428,0.899999999802379,0.2615936628687388,19.307009228134422,3.6267047949985054,0.0934621793810914,1.907996416292616,0.0,0.0,195.5340297747024,2.6318926847328603,14.499484388964673,cal_final_2008-09-30
01466500,hbv_lite_cma,evaluation,-0.283923,0.412219,0.454383,0.216139,1.120483,13,explicit_euler_dt1,hbv,success,,66.41,0.1318,-2.240466335640345,4.594874644850147,0.0031740249504933,0.053063577009624,554.8488635832209,3.4038731669699995,0.3138982510131511,0.8999999435921326,0.021295885511749,83.99797304670963,1.892115266536492,0.0010000000214873,1.3583108595779658,0.0,0.0,339.1720755614321,0.0,1068.6765282094432,cal_final_2008-09-30
01484100,hbv_lite_cma,evaluation,0.581268,0.649349,0.181381,-0.066672,0.948733,13,explicit_euler_dt1,hbv,success,,29.74,0.4977,-2.4101804181971214,1.057079295223765,0.024152257824592,0.071335476479475,883.2471807187206,3.563900975657632,0.4253443059916234,0.0500012156350525,0.4999998560311076,89.48446516755824,9.559979449422697,0.0336053940451735,1.1189937331005562,0.0,0.0,455.6829706581286,0.0,8.04727224515953,cal_final_2008-09-30
01487000,hbv_lite_cma,evaluation,0.773947,0.812576,0.152201,0.039854,0.469614,13,explicit_euler_dt1,hbv,success,,27.82,0.8107,-1.829999852452844,1.4247841383910846,0.0832698837102915,0.0004498756527392,881.1572489099639,4.597944071910956,0.8935664849576044,0.3334172785597343,0.4116913406342533,63.76720020894541,9.479385448746964,0.0473178579485206,1.34497779025335,0.0,0.0,593.0675709701732,0.0,8.973250964498684,cal_final_2008-09-30
01491000,hbv_lite_cma,evaluation,0.696656,0.694598,-0.016148,-0.161424,1.04565,13,explicit_euler_dt1,hbv,success,,27.44,0.7265,-0.7623598907447655,1.9149212285483288,0.0998543343502756,0.1235543381324516,597.6625466940621,2.366987990688394,0.4293294546397846,0.497697060302297,0.0866403612919206,18.70566068701541,0.24922421128762,0.0293524117225089,1.1594781286291127,0.0,0.0,237.5709490787284,1.4816875392581963,5.493279690378185,cal_final_2008-09-30
01510000,hbv_lite_cma,evaluation,0.689715,0.687749,-0.028053,-0.245032,2.075773,13,explicit_euler_dt1,hbv,success,,28.78,0.7749,-2.490003214552443,1.6407068244786316,0.0081022033039935,0.0400816471846895,680.175230575406,5.9999970877693,0.999999600350066,0.8999995237715164,0.3951126935531504,15.700320658900344,4.451683406019433,0.1157674165389098,1.117386868794219,0.0,0.0,563.8620887432905,0.0,7.073255617324205,cal_final_2008-09-30
01516500,hbv_lite_cma,evaluation,0.492657,0.512272,0.109132,-0.169704,4.797493,13,explicit_euler_dt1,hbv,success,,27.58,0.6753,-2.1200000171258213,1.3717037771957488,0.0681157277366779,2.206805495464825e-11,629.1060987350843,5.999998634341109,0.9444027318349956,0.899999991435595,0.2977946000679233,9.097287412973,3.1686119921072864,0.0800589874382876,1.1477886691835135,0.0,0.0,448.38948161264346,0.0,3.48287086585084,cal_final_2008-09-30
01518862,hbv_lite_cma,evaluation,0.585135,0.604273,-0.028383,-0.233294,3.523216,13,explicit_euler_dt1,hbv,success,,27.69,0.683,-1.6100005818581398,2.206270850641795,0.0999999330721124,0.1068199473695513,522.1220709429842,5.999993270352165,0.9999994108992972,0.8299434230055489,0.4006186568796582,12.639745198840838,3.147473920463204,0.1108079707974047,1.001329144655176,0.0,0.0,403.5188221524679,0.0,4.6193110363705,cal_final_2008-09-30
01532000,hbv_lite_cma,evaluation,0.509809,0.496895,-0.050868,-0.22611,1.21452,13,explicit_euler_dt1,hbv,success,,27.5,0.6631,-2.13000003873213,1.6241255496296705,0.0624112687297001,1.839760610769101e-09,325.27738741843524,5.811589432165588,0.999999964734002,0.4998637230132484,0.3169772683054622,11.098811475627857,2.823812949707296,0.1173668235264521,1.0433180725208084,0.0,0.0,248.3230466058476,0.0,3.813976693498998,cal_final_2008-09-30
01539000,hbv_lite_cma,evaluation,0.663148,0.738348,-0.042174,-0.183592,1.186934,13,explicit_euler_dt1,hbv,success,,27.83,0.6632,-1.960037116192404,1.4796938144249911,0.0017549989493999,8.471235168525055e-12,249.9466646552836,5.9849508980862725,0.9999999971025264,0.6332485597580221,0.1627321945605646,24.009935685109976,0.9686279409277598,0.0251766579050949,1.6830011637399165,0.0,0.0,232.0916916080424,10.495074137011889,22.252694521789195,cal_final_2008-09-30
01542810,hbv_lite_cma,evaluation,0.620794,0.672507,-0.005583,-0.209244,3.368131,13,explicit_euler_dt1,hbv,success,,27.76,0.6708,-0.5499996683316788,3.021664893462842,0.0002876744369919,1.2120161642752637e-08,393.9800756417391,5.99998560386037,0.9999999756392002,0.4822214285539371,0.1708009410512078,12.381300506839825,0.6669581743108546,0.0674430094419002,1.4387420397131852,0.0,0.0,298.6990563701289,0.2509187202439916,4.198419779370745,cal_final_2008-09-30
01543000,hbv_lite_cma,evaluation,0.660334,0.687428,-0.018021,-0.209578,2.089286,13,explicit_euler_dt1,hbv,success,,32.67,0.75,-2.4700001376309983,1.5023837389840842,0.0113594124794393,0.0924554639399321,412.5617109815717,5.999992560370629,0.99999991499148,0.637233074553428,0.2395822387916172,12.747867888753603,2.1264516474846253,0.1562214966558794,2.997758993454597,0.0,0.0,313.1211073841046,0.0,2.3608569842168468,cal_final_2008-09-30
01543500,hbv_lite_cma,evaluation,0.685362,0.699308,-0.1014,-0.225867,0.703645,13,explicit_euler_dt1,hbv,success,,32.46,0.7514,-2.450000816165218,1.5513280722198763,0.0017092965079782,0.1253082836346086,425.40589188921206,5.999965205591661,0.8301234817645047,0.585980938363002,0.2556608003732842,13.748234672338294,2.863496019287788,0.1673033679646275,2.0055366307174136,0.0,0.0,296.19072523343283,0.0,1.284645374449528,cal_final_2008-09-30
01544500,hbv_lite_cma,evaluation,0.721272,0.671641,-0.115941,-0.233452,0.807804,13,explicit_euler_dt1,hbv,success,,35.39,0.7294,-0.6700000148987384,2.555615542482096,0.0898445992417134,6.304976739933476e-11,373.3878267682416,5.999999489658289,0.999999999497291,0.5120809794556311,0.1780302498035199,13.479992423156908,3.8420102986464464,0.1369421272519809,2.9194309020659555,0.0,0.0,276.13753434022084,0.0,2.727088110617766,cal_final_2008-09-30
01545600,hbv_lite_cma,evaluation,0.64971,0.586473,-0.137296,-0.286386,0.735385,13,explicit_euler_dt1,hbv,success,,35.75,0.7033,-2.3000003167074228,1.543029324578738,0.0472797824070614,0.1942533467070031,446.0618766891059,5.999990392747953,0.9999999851806108,0.6215795332126146,0.1949066415539461,13.050727425133946,5.548941909436081,0.1201199344179541,2.161572778915996,0.0,0.0,323.95640812966883,0.0,2.607195828313772,cal_final_2008-09-30
01547700,hbv_lite_cma,evaluation,0.674199,0.70093,-0.177508,-0.217221,-0.898286,13,explicit_euler_dt1,hbv,success,,27.34,0.6495,-1.3100001022834558,1.6318864308328556,0.0614523285981391,2.0366786365474346e-08,224.4635141968908,5.999999941179225,0.2000000276146552,0.4617660074634214,0.32759209767907,9.502286700108815,3.1353451508119523,0.1929970133209406,1.221541760047928,0.0,0.0,82.86582043108612,0.0,0.0138437526094153,cal_final_2008-09-30
01548500,hbv_lite_cma,evaluation,0.722204,0.685401,-0.13734,-0.24128,0.771407,13,explicit_euler_dt1,hbv,success,,35.2,0.7667,-0.780000358061099,2.4309308871866016,0.0489056179736339,4.210659537345804e-09,436.4011308953032,5.999999824452414,0.999999992712898,0.540216536675691,0.2099964805991776,15.62690509988188,2.894539824390494,0.1277083481022265,2.331610896851162,0.0,0.0,329.43766878512054,0.0,3.743539856091109,cal_final_2008-09-30
01549500,hbv_lite_cma,evaluation,0.627917,0.534669,-0.19604,-0.336071,1.543206,13,explicit_euler_dt1,hbv,success,,27.66,0.7432,-1.4500008026649616,1.7989317128601912,0.0010351731674692,4.82343916339064e-09,465.515192821342,5.99986953587056,0.9362076257750384,0.654357450590982,0.2256670352081896,15.540415009281372,2.790941449876608,0.113019535711442,1.989902857221848,0.0,0.0,362.340796769839,0.0,5.4569047775944215,cal_final_2008-09-30
01550000,hbv_lite_cma,evaluation,0.63045,0.58071,-0.131586,-0.290122,1.229658,13,explicit_euler_dt1,hbv,success,,27.52,0.7195,-1.7000001053442588,1.6548831261080947,2.372641411187812e-05,6.603361946985623e-10,397.4118590985212,4.858862408434479,0.9999995811852422,0.512786655888494,0.1968027104670515,11.719678058663405,3.927810826561709,0.1220326053790425,1.4054722548542051,0.0,0.0,305.8515257872478,0.0,6.585321573325962,cal_final_2008-09-30
01552000,hbv_lite_cma,evaluation,0.642136,0.633488,-0.134203,-0.280612,1.053777,13,explicit_euler_dt1,hbv,success,,27.68,0.7077,-1.159999995241381,2.1201975402756226,0.036711458042673,3.738052758037824e-12,182.12450888190205,4.387821822430665,0.9999999993616852,0.4369024098656971,0.2176148702809498,13.415162103154628,3.413056127525503,0.0844286585359951,1.2164871836465323,0.0,0.0,161.5570747524543,0.0550409037167539,15.037962628095933,cal_final_2008-09-30
01552500,hbv_lite_cma,evaluation,0.584339,0.613609,-0.138188,-0.245886,1.349401,13,explicit_euler_dt1,hbv,success,,27.8,0.6691,-2.1600003262568803,1.5184592146758469,0.0090593082911997,2.410210700840658e-09,187.0940389654476,4.018592090031215,0.9999999928996222,0.7327923692324445,0.2168574585689325,15.753543497038272,1.203399990178134,0.0596478362541151,1.0687925743914026,0.0,0.0,172.53170587336865,9.80338255523445,11.506357760464164,cal_final_2008-09-30
01557500,hbv_lite_cma,evaluation,0.664576,0.742901,-0.020893,-0.199609,1.612717,13,explicit_euler_dt1,hbv,success,,27.51,0.7488,-1.7200001474696966,1.2328643170929787,0.0705611817982242,1.608537949050188e-09,326.393964296322,3.497844967248492,0.9999999927192018,0.4685054991202108,0.2451647242171204,9.994357630770338,2.9799075290551564,0.1200512643444265,1.6674637174090745,0.0,0.0,246.8803845929568,0.0,7.921047543554033,cal_final_2008-09-30
01567500,hbv_lite_cma,evaluation,0.466417,0.584931,0.113189,-0.12611,0.874954,13,explicit_euler_dt1,hbv,success,,27.77,0.5898,-1.6799731495365846,2.65197539729962,0.0168071364420006,2.850591319859081e-08,757.3144086511046,5.961384355615451,0.9999999965974118,0.681546303576389,0.1919021526901431,14.55762880979466,2.4243307671909644,0.0552391492680702,1.6454235432650268,0.0,0.0,642.4701682668205,3.4485062809782683,16.48643396609535,cal_final_2008-09-30
01568000,hbv_lite_cma,evaluation,0.499244,0.699677,0.038391,-0.149045,0.846534,13,explicit_euler_dt1,hbv,success,,27.64,0.6878,-1.489987817289271,2.209780256198959,0.0997121751014061,0.0544559603816706,297.6227009639106,5.999999291732266,0.940212193863293,0.7515377516117672,0.1998547157706445,21.988265853278406,1.8745144433360408,0.0266935506657294,1.881570583651842,0.0,0.0,277.99952172390493,9.604870300875122,19.73079963183555,cal_final_2008-09-30
01580000,hbv_lite_cma,evaluation,0.528804,0.514569,-0.063916,-0.268586,0.257354,13,explicit_euler_dt1,hbv,success,,27.8,0.6137,-1.7199988915108544,3.11148651395867,0.0269250805402082,9.040403609012965e-09,784.2377280299124,1.0310225932948762,0.20000038443224,0.7635789595074995,0.4400053502682525,4.028760148168659e-07,9.580678101811078,0.0294724734938744,1.7873626945787688,0.0,0.0,277.7664539963602,0.0,42.97206248645495,cal_final_2008-09-30
01583500,hbv_lite_cma,evaluation,0.52188,0.62176,-0.009574,-0.178308,0.224093,13,explicit_euler_dt1,hbv,success,,27.74,0.5295,-2.4999998094065505,0.9486519337444208,1.2578637539475352e-08,0.1658606711432483,705.8993213877718,1.6257726109954826,0.2282035747495595,0.8836890070097453,0.4408183389387222,1.749124822803133e-06,7.756926492144266,0.0277419928779867,1.2430433418066502,0.0,0.0,355.9326363736224,0.0,39.63163836826923,cal_final_2008-09-30
01586610,hbv_lite_cma,evaluation,0.479171,0.668053,-0.076197,-0.133185,-0.100594,13,explicit_euler_dt1,hbv,success,,27.73,0.5813,-1.1600005343826223,1.71947174214073,0.0683078862389292,0.1999997884844799,907.2251832929217,5.314541541667047,0.6390440242085824,0.8999999845033417,0.4999998981437615,3.741570211311513e-07,6.170279579551499,0.0456286899625916,1.385109388045165,0.0,0.0,705.9362459446935,0.0,20.82635544007074,cal_final_2008-09-30
01591400,hbv_lite_cma,evaluation,0.470021,0.619923,0.020491,-0.030283,0.383588,13,explicit_euler_dt1,hbv,success,,27.35,0.5159,-0.9200000953258248,2.021510715090593,0.0297053488863267,0.1893616943094813,855.7805778499428,2.580923979991681,0.223600032102034,0.8999997260352249,0.4999875626891478,4.464417687703188,2.254516030233129,0.0386203562434333,1.5232801603545836,0.0,0.0,491.4828679041728,0.0,18.57757643673159,cal_final_2008-09-30
01594950,hbv_lite_cma,evaluation,0.581815,0.730655,-0.037312,-0.170161,3.747878,13,explicit_euler_dt1,hbv,success,,27.82,0.6485,-1.909999076497538,1.4634466116217648,0.0935792216681324,9.944140168602211e-10,457.4305080827513,5.999992278258434,0.202029673932664,0.7138390142961126,0.499999999611341,9.80321551221341,4.957689251394813,0.1945038032501189,1.4557223290482926,0.0,0.0,324.703584440041,0.0,0.9165378636644806,cal_final_2008-09-30
01596500,hbv_lite_cma,evaluation,0.584301,0.671606,-0.078252,-0.236284,1.774385,13,explicit_euler_dt1,hbv,success,,27.64,0.7129,-1.740000180230591,2.074488053732288,0.0065314478830399,0.0740416841826016,503.7567793643323,5.999999967568918,0.9999999938341222,0.0522907435088704,0.4385717137696576,40.31374974962094,3.2268717206006663,0.1999999823479835,1.3562704586136274,0.0,0.0,417.817889549138,0.0,3.812212943816063,cal_final_2008-09-30
01605500,hbv_lite_cma,evaluation,0.5421,0.649212,0.120012,-0.083978,0.294616,13,explicit_euler_dt1,hbv,success,,27.52,0.629,-2.4999981524322585,1.9076679362646576,0.0861345196238435,1.875750858609558e-07,626.0019422354364,5.317314554171237,0.8985895053428159,0.7751171613600807,0.1732073793509628,12.421262387385756,1.324559067449401,0.0681760447178454,1.0133920817398847,0.0,0.0,432.0284145862017,0.0,3.5679190022704064,cal_final_2008-09-30
01606500,hbv_lite_cma,evaluation,0.593775,0.631619,-0.044153,-0.226111,0.241401,13,explicit_euler_dt1,hbv,success,,31.46,0.6554,-2.4999760240795728,1.763711709615835,0.0446586453259621,2.291992330395485e-11,218.708684666324,1.2616774030016389,0.2019231013092295,0.8006227009369267,0.2230363157064736,10.392739512248111,1.0910195969497465,0.0881417048593462,2.311960537456742,0.0,0.0,39.75151342004425,0.0,1.8332100827844828,cal_final_2008-09-30
01632000,hbv_lite_cma,evaluation,0.515611,0.552325,0.236106,-0.080358,4.307461,13,explicit_euler_dt1,hbv,success,,27.37,0.5432,-2.499993797065887,1.2468543672259524,0.0799391527694645,0.0602846556485697,200.52336027054423,1.374543583936327,0.2000001669988324,0.899999863218976,0.4999992522000797,2.09390396152457,3.669589322447245,0.1592485579757169,1.6661411037849574,0.0,0.0,52.1229794320152,0.0,1.705254635468664,cal_final_2008-09-30
01632900,hbv_lite_cma,evaluation,0.476743,0.682871,0.17692,0.023814,0.198641,13,explicit_euler_dt1,hbv,success,,27.47,0.5847,-1.1599996362452891,1.3592498015796797,0.0108898638514368,1.193484085958032e-07,965.8316270705776,5.999941443998634,0.7226061906271972,0.8999999618589317,0.4565396147401657,6.41954097837219,3.290782124275218,0.0998788687494171,1.9911259421457368,0.0,0.0,682.1447257628267,0.0,2.8579058296454605,cal_final_2008-09-30
01634500,hbv_lite_cma,evaluation,0.513335,0.526926,-0.077619,-0.228113,0.02552,13,explicit_euler_dt1,hbv,success,,27.64,0.6193,-1.0899999973817225,3.658856277240436,0.0906413417378813,4.9940285723057386e-11,444.8315413765615,4.091421823417921,0.7607908795298644,0.4256938443433641,0.4999999999577674,85.51035769180643,3.220275813054003,0.1509863495437806,1.397226124452565,0.0,0.0,300.543726233857,0.0,4.545465604612893,cal_final_2008-09-30
01638480,hbv_lite_cma,evaluation,0.524579,0.546046,0.074843,-0.218662,3.569414,13,explicit_euler_dt1,hbv,success,,27.36,0.5224,-0.149999894167514,5.864923603525486,0.0008992994568743,1.96638903645264e-08,402.69454610090247,1.2948615133511816,0.2000000011055432,0.8999999965425135,0.4999999561665739,4.524271482399337e-09,4.6309569227091,0.0886687796561604,1.2771046128426784,0.0,0.0,188.3844449674873,0.0,13.701187841983632,cal_final_2008-09-30
01639500,hbv_lite_cma,evaluation,0.636733,0.758432,0.091541,-0.085584,0.390615,13,explicit_euler_dt1,hbv,success,,27.49,0.6494,-1.303355435193863,2.110318060453665,0.0998323186508383,0.0226865291904265,761.892833389614,5.999334207659579,0.8927055433370275,0.8999971028795204,0.4999960818159839,2.999178297243409e-06,6.013999699312878,0.0523575627388672,1.9135640650988293,0.0,0.0,636.4584805954383,0.0,22.40770702492053,cal_final_2008-09-30
01644000,hbv_lite_cma,evaluation,0.605683,0.728377,-0.016152,-0.176166,1.630008,13,explicit_euler_dt1,hbv,success,,27.5,0.65,0.0200001174419672,4.696430352621793,0.0204871381958327,3.395699395302864e-09,450.4375228323429,2.9928006759950114,0.3289334590167379,0.8999999781840118,0.1641333708877603,13.07943222121616,1.0084849105780245,0.0454974955073797,1.363005430571414,0.0,0.0,264.9726858525869,1.438648435501591,8.816466084306139,cal_final_2008-09-30
01664000,hbv_lite_cma,evaluation,0.606826,0.703878,0.174406,0.006929,2.082082,13,explicit_euler_dt1,hbv,success,,35.12,0.6777,-2.499959408571536,0.5865035954809752,0.0402043003852911,0.0757207801600877,451.26518479531694,2.800210116764953,0.6704904343890954,0.4713356065824188,0.1373148604957497,11.086953704398288,1.3592329680241169,0.0381045865078769,2.9985401029161967,0.0,0.0,268.0343310539928,0.0,14.124425040698146,cal_final_2008-09-30
01666500,hbv_lite_cma,evaluation,0.594379,0.637705,0.133366,-0.06364,1.040466,13,explicit_euler_dt1,hbv,success,,27.56,0.5586,-1.7091607334903784,0.6554130089621915,2.88456695397548e-06,0.0823281443847519,999.875564015809,5.690504786781126,0.9919799222462746,0.6628318158279644,0.1736175510701991,13.695783585952997,1.7496642662427264,0.0521343521262806,1.7064564321778013,0.0,0.0,807.5487120820209,0.0,13.1980907011815,cal_final_2008-09-30
01667500,hbv_lite_cma,evaluation,0.586147,0.630871,0.127253,-0.021391,0.890911,13,explicit_euler_dt1,hbv,success,,26.24,0.6379,-1.6499993146574552,0.6430499949951111,0.0672083145591167,5.789666371916986e-09,783.5337293615322,5.9999954383022684,0.9068339535572868,0.5503441892213979,0.1815747445711341,18.12434689259046,1.274969059370307,0.0490157462971602,1.8667178281379324,0.0,0.0,622.7763408967497,0.0,10.538222647047144,cal_final_2008-09-30
01669000,hbv_lite_cma,evaluation,0.605723,0.530876,-0.163516,-0.357922,1.595705,13,explicit_euler_dt1,hbv,success,,27.42,0.6595,-2.2600014183265795,0.5000000257427583,0.0718294045650032,0.0139360330448054,999.999999865468,1.643740381299556,0.2000000000308698,0.8286237612745263,0.4682271036388327,53.47858103624317,5.008489777932543,0.0453907152535485,1.855238598418813,0.0,0.0,337.78504265061304,0.0,12.881279780396344,cal_final_2008-09-30
01669520,hbv_lite_cma,evaluation,0.611114,0.550049,0.058442,-0.186873,6.176149,13,explicit_euler_dt1,hbv,success,,56.14,0.6912,-1.5177236008101462,1.218884945459366,0.0985121054339549,0.0002346346963569,999.3613455881556,3.042364689641005,0.8224257807968292,0.3825795235165899,0.0832377720899425,13.058236164959276,0.9446449422681418,0.0396203647001657,4.044387683244436,0.0,0.0,644.0637350831313,7.624399854553176,11.836349708589406,cal_final_2008-09-30
02011400,hbv_lite_cma,evaluation,0.518514,0.564234,-0.105685,-0.204693,-0.347421,13,explicit_euler_dt1,hbv,success,,30.03,0.6897,-2.3199983115931624,1.3914943390722354,0.0882396647748353,3.821542471119372e-09,786.4633925797006,5.999813553898116,0.2913811105374261,0.5116915136261119,0.2393813473777372,16.278539315507984,1.7249548764622524,0.1111196322544165,1.3877372347573949,0.0,0.0,515.0382743812273,0.0,1.344156030917661,cal_final_2008-09-30
02013000,hbv_lite_cma,evaluation,0.634752,0.632119,-0.034509,-0.226085,0.458368,13,explicit_euler_dt1,hbv,success,,27.37,0.7589,-1.390004486546923,2.623593299494464,0.0999999971023215,2.460772288156163e-07,678.3085757090597,5.999997746425119,0.8880450853319839,0.8999999840255165,0.2255565883843555,10.154840647044471,1.3971724336525573,0.081696023645161,1.1875961199640244,0.0,0.0,463.9872848337914,0.0,2.407755868900776,cal_final_2008-09-30
02014000,hbv_lite_cma,evaluation,0.601917,0.686072,0.090065,-0.154356,1.07669,13,explicit_euler_dt1,hbv,success,,27.7,0.7306,-1.499999991581452,2.343483442413896,0.0697836753844713,2.8054974219742232e-12,387.6816405764503,2.733075501085814,0.8833602689798856,0.8677691726961476,0.1569865192830414,12.348936486212793,1.5821756500713429,0.0545452185532242,1.1320649555763058,0.0,0.0,211.0683648549044,0.0,6.139633979769438,cal_final_2008-09-30
02015700,hbv_lite_cma,evaluation,0.564776,0.621263,0.009144,-0.167982,0.060073,13,explicit_euler_dt1,hbv,success,,27.77,0.6582,-2.0599999470095427,1.5445039068134483,0.0095411337471375,0.1830703074419878,405.4630034450307,3.630303005012938,0.9948500821676772,0.578828027359994,0.2142342727436856,11.96341616828476,1.8551405668913568,0.054275538210527,1.2397243406851175,0.0,0.0,269.4595184469819,0.0,7.172825181901877,cal_final_2008-09-30
02016000,hbv_lite_cma,evaluation,0.5624,0.661389,0.143683,-0.084915,1.059317,13,explicit_euler_dt1,hbv,success,,35.18,0.6987,-1.8700864602509348,0.9534849356376564,0.0425491651931703,0.0274239622053814,136.5371105560067,1.0000071328732492,0.2000134568324513,0.6548029685542636,0.192999481040489,11.707118712901776,1.223438960578176,0.0201137941509993,2.880255511431841,0.0,0.0,35.27039852874436,0.0,21.6756785833542,cal_final_2008-09-30
02017500,hbv_lite_cma,evaluation,0.659258,0.692274,-0.055815,-0.254545,1.119305,13,explicit_euler_dt1,hbv,success,,27.65,0.7438,-1.7299995690010523,1.6069759045963128,0.0540350884847752,1.1918096482695384e-08,378.346462207009,3.711312215603874,0.9999999965701056,0.8999993923865063,0.2014643872367643,15.121110801008689,1.3551480521716577,0.0964592299252715,1.9126235764341275,0.0,0.0,232.15163676670807,0.0,2.914692445920605,cal_final_2008-09-30
02018000,hbv_lite_cma,evaluation,0.64729,0.684229,0.008528,-0.185269,0.62044,13,explicit_euler_dt1,hbv,success,,35.4,0.7344,-1.3300249532097568,1.488055669925334,0.0616618705995724,0.0549077441110252,369.9170748762394,4.22754160479065,0.9999999350777312,0.7032633272956266,0.1800107482182619,11.455267353212523,1.2203287883717393,0.0558027599642456,2.178203238833252,0.0,0.0,242.7387743671618,0.0,4.937519552918402,cal_final_2008-09-30
02027000,hbv_lite_cma,evaluation,0.43278,0.714192,-0.065668,-0.1538,0.231681,13,explicit_euler_dt1,hbv,success,,27.56,0.5994,-1.970000046344494,0.542253030167255,0.096328864710908,6.116254561527857e-10,206.645942981176,4.763657364807249,0.9999999997821232,0.8999999959511155,0.2531224498239801,21.088686945035462,2.734978822780107,0.0456422410735896,1.1452167389988526,0.0,0.0,158.9686931291791,0.0,9.856195941783811,cal_final_2008-09-30
02027500,hbv_lite_cma,evaluation,0.476455,0.535759,-0.152281,-0.283947,1.109478,13,explicit_euler_dt1,hbv,success,,27.69,0.6271,-1.869999838379616,0.5399582927589492,0.018550979936341,2.709485699012186e-09,212.94821649596,2.629568052986356,0.9999999960702152,0.899999998739735,0.1586624553580759,25.475251520233087,1.6026303153742425,0.0540868091978094,1.8001028984345973,0.0,0.0,143.23506773900863,0.0,11.26344548879189,cal_final_2008-09-30
02028500,hbv_lite_cma,evaluation,0.577406,0.686903,0.080949,-0.140199,1.779856,13,explicit_euler_dt1,hbv,success,,27.49,0.6502,-0.9099997265435256,0.5156560268643827,0.0097543419064356,9.001428354365747e-10,361.0004024614468,5.999999993009158,0.9625463427801884,0.899999999998688,0.2326595132974302,38.58101612901555,2.951541199735501,0.0227104548440966,1.3539516356473202,0.0,0.0,306.55724069713096,0.0,27.13842622390861,cal_final_2008-09-30
02038850,hbv_lite_cma,evaluation,0.413564,0.431487,0.11412,-0.184238,2.233264,13,explicit_euler_dt1,hbv,success,,27.58,0.6039,-0.2986564071600557,1.4169690731039544,0.062317627544523,0.1990929492834401,476.59952797211247,1.4671226975686416,0.3416415909558,0.8999986347366808,0.342085065251391,16.05751166250674,2.920369266708036,0.0010000110070477,1.9943096379045,0.0,0.0,185.679832826089,0.0,695.147234523855,cal_final_2008-09-30
02046000,hbv_lite_cma,evaluation,0.572857,0.633767,0.248255,-0.093843,14.466857,13,explicit_euler_dt1,hbv,success,,34.55,0.6836,-2.499951428992416,2.976113616683909,0.0570854544342166,6.568889944378167e-07,285.3155919687528,5.999999556363638,0.2000000302155363,0.8600286883904013,0.3804123778632634,25.017618924024376,2.786759404366334,0.0077854978591517,2.654021874517465,0.0,0.0,211.96441452841933,0.0,47.68249084094886,cal_final_2008-09-30
02051500,hbv_lite_cma,evaluation,0.602917,0.578576,0.127382,-0.147297,1.561559,13,explicit_euler_dt1,hbv,success,,42.89,0.6243,-1.5400000353693466,1.3823870677407142,0.0077193155788284,1.0199782405287012e-09,640.6184066102342,1.776795524262814,0.200000001474301,0.7839270696413431,0.4898227400379213,93.09343015504354,1.463313698969699,0.0865730803950432,3.870918163847362,0.0,0.0,221.25805751504544,0.0,4.817835927694018,cal_final_2008-09-30
02053200,hbv_lite_cma,evaluation,0.68365,0.604993,0.09367,-0.159326,6.29684,13,explicit_euler_dt1,hbv,success,,81.7,0.6926,-1.4498097565541317,9.99653983951439,0.0945728371417722,0.146441046865428,614.3184936721163,5.999791393388308,0.6102063767556288,0.2732397473823613,0.0909934327666725,3.248639551084636,0.5074877924598855,0.1991233428181051,8.50498514302717,0.0,0.0,404.2649412004606,0.0,1.1395998077017957,cal_final_2008-09-30
02053800,hbv_lite_cma,evaluation,0.393885,0.650842,-0.000233,-0.22016,1.218462,13,explicit_euler_dt1,hbv,success,,27.41,0.7304,-2.290000225673299,0.5000000000858545,0.0022208199598732,6.440581378552563e-09,265.4695396235295,5.999999610994544,0.2000000041497439,0.8999999999999921,0.1888794014897568,23.24946983634123,2.8815314397914453,0.0061057663007128,1.0127044000731864,0.0,0.0,98.50785242372676,0.0,43.85596527323424,cal_final_2008-09-30
02055100,hbv_lite_cma,evaluation,0.640901,0.684278,0.22318,-0.014386,0.96106,13,explicit_euler_dt1,hbv,success,,27.61,0.6811,0.1499986954284415,1.9306265580134945,0.0044178970139236,1.6555966235580645e-06,732.1431970146044,4.296193648283969,0.9999998722813236,0.8999999960521282,0.2028397262261058,11.050059381756348,3.2489782195609203,0.0470866976516706,1.0399552006343615,0.0,0.0,520.0266454193259,0.0,10.569064901557653,cal_final_2008-09-30
02056900,hbv_lite_cma,evaluation,0.614661,0.647139,0.044537,-0.135995,0.26629,13,explicit_euler_dt1,hbv,success,,27.63,0.6443,-1.3799753442591962,1.6233909263112696,0.0972507937879659,0.1880970868432459,857.4790151667311,2.320881436332121,0.26541222766133,0.7562728377616988,0.1472694831676417,13.33735351459624,2.386786723091258,0.0591747194759839,1.2994738181548002,0.0,0.0,354.41920537388773,0.0,6.584825584916286,cal_final_2008-09-30
02059500,hbv_lite_cma,evaluation,0.517743,0.496587,-0.080861,-0.266724,0.08533,13,explicit_euler_dt1,hbv,success,,27.61,0.6305,-0.5274193631446813,1.932641739039128,0.0008284409039729,0.1998585558462693,736.6049220061157,1.3527212777954514,0.2276229430507492,0.8999384769159634,0.2542675610128819,10.793428287640102,1.6374587146882302,0.0436536090908222,1.6362672553635562,0.0,0.0,143.17714305297852,0.0,5.086228335897406,cal_final_2008-09-30
02064000,hbv_lite_cma,evaluation,0.4446,0.417642,0.086931,-0.142364,1.714719,13,explicit_euler_dt1,hbv,success,,27.57,0.6668,-1.1301110256022868,1.242282850846121,0.0534496665398652,0.1573267032349973,546.3523401418413,1.9045330620716647,0.5375407063191975,0.5959244703325874,0.1715972599432949,10.935187868398314,1.5575268457736904,0.0010000002270103,1.2566489719243708,0.0,0.0,244.1896121962465,0.0,613.0577410243654,cal_final_2008-09-30
02065500,hbv_lite_cma,evaluation,0.404488,0.367562,-0.025838,-0.296827,1.426749,13,explicit_euler_dt1,hbv,success,,35.34,0.5171,0.6600000036599578,4.846312325630539,0.0120658120965996,1.203389667211981e-07,638.2131838358818,1.1732785396689531,0.2000000300159261,0.4229837683382739,0.1947620253711408,12.497712647356217,1.7779051276293931,0.0010000000000898,2.073093371063554,0.0,0.0,145.1268354674697,0.0,640.7442586513014,cal_final_2008-09-30
02069700,hbv_lite_cma,evaluation,0.598936,0.631787,-0.116926,-0.264304,0.074659,13,explicit_euler_dt1,hbv,success,,27.89,0.6252,0.4500056194734041,5.1342302935587885,0.0172976543458872,6.835215687334852e-06,791.2372788064208,1.061353667008225,0.2000027066278217,0.6843383351429844,0.2100724754230058,21.41090225240906,3.262694182605742,0.0284870209198002,1.147976186022076,0.0,0.0,189.55407362731515,0.0,21.928159256223108,cal_final_2008-09-30
02070000,hbv_lite_cma,evaluation,0.499312,0.68857,-0.006074,-0.088092,-0.006114,13,explicit_euler_dt1,hbv,success,,27.43,0.5642,0.6456464465112832,9.87547123559352,0.0638174677454137,0.1619802555076617,895.91325270474,1.0003241099351052,0.2003642487247913,0.783343427368448,0.4583956516134781,15.100656736744344,3.299913725784016,0.0743533821104143,1.1169277444975714,0.0,0.0,201.2801107550996,0.0,10.237577264774838,cal_final_2008-09-30
02074500,hbv_lite_cma,evaluation,0.58039,0.50401,0.362126,-0.00286,1.94192,13,explicit_euler_dt1,hbv,success,,27.38,0.5271,-0.5799999595219154,2.1478609945276066,0.0968040993241424,4.9525459111258664e-08,559.1978338105017,3.968920928484644,0.921115043326822,0.8999999976700799,0.3169835715736849,11.92792057205185,3.5731890088494644,0.0010000000038681,1.0027563327703843,0.0,0.0,437.36006396769534,0.0,890.1055131670876,cal_final_2008-09-30
02077200,hbv_lite_cma,evaluation,0.291001,0.208581,0.450015,-0.022191,37.708255,13,explicit_euler_dt1,hbv,success,,27.39,0.6007,-2.08021161062086,3.722121065057732,0.0551455442433197,0.0661256968448866,299.15883188754844,3.0757968020186297,0.6812068742147767,0.6065263970794851,0.1430674920623096,11.365368159512936,1.2408608303121402,0.001000000001435,1.0325264700483203,0.0,0.0,245.2134611718581,6.165880507430568,590.0769458671122,cal_final_2008-09-30
02081500,hbv_lite_cma,evaluation,0.588354,0.350065,0.498551,-0.03659,38.39564,13,explicit_euler_dt1,hbv,success,,34.82,0.636,-2.4999998963748835,9.999999937469513,0.0265012108153254,1.0841899040763685e-07,391.3944551127423,2.489426504269124,0.6614464326215829,0.604782810184928,0.0921169181737622,8.301555279562853,0.8820465816097016,0.0010000000079324,2.126269945327527,0.0,0.0,295.3962069047613,7.175444606990531,537.6512230363911,cal_final_2008-09-30
02082950,hbv_lite_cma,evaluation,0.4735,0.394036,0.101442,-0.181098,2.968167,13,explicit_euler_dt1,hbv,success,,42.99,0.6242,-1.339999986130638,9.9999976584351,0.0513607172608876,2.544975309314272e-08,680.8578740994374,2.8077946875770805,0.4761739003499277,0.3765079097807166,0.3705015798062482,96.30757301797482,1.5391253402714034,0.0979641002325107,3.1761990445212334,0.0,0.0,357.6140981060732,0.0,5.100400229814904,cal_final_2008-09-30
02092500,hbv_lite_cma,evaluation,0.772979,0.581809,0.406251,0.027137,18.769213,13,explicit_euler_dt1,hbv,success,,51.11,0.7826,-1.8401060715058373,0.5000058785806081,0.0610876985650294,0.1269053557060472,183.08616184610352,5.999999972052038,0.2000000028757973,0.2659512190351814,0.1323080309962206,32.25505574227266,1.7466523696802234,0.0010000000036898,4.469801545811986,0.0,0.0,166.70335344902253,4.445443506562038,632.0046426518256,cal_final_2008-09-30
02096846,hbv_lite_cma,evaluation,0.528591,0.490351,0.251499,-0.133224,43.871956,13,explicit_euler_dt1,hbv,success,,27.43,0.5674,-1.860341965912672,8.46222798843368,0.025527877636629,0.1346270019166922,446.3362572218777,4.713853282235668,0.2395101801428593,0.8999999977539519,0.2427850198266662,14.155340625368584,1.2746606071700362,0.0010000000321365,1.971941698256532,0.0,0.0,373.6776027786669,1.4078893630363956,461.7958601931975,cal_final_2008-09-30
02102908,hbv_lite_cma,evaluation,0.479817,0.639566,-0.089624,-0.227146,0.417615,13,explicit_euler_dt1,hbv,success,,25.49,0.5724,0.3542640534203727,7.540050846239329,0.0209235392060322,0.1691797976865625,839.5276018475903,1.0000000000000109,0.4604897463579103,0.8999999998000952,0.198867173656844,24.373323206399945,2.8981239170969832,0.0047441238588675,1.05092753009311,0.0,0.0,368.80839192492175,0.0,227.3544538919253,cal_final_2008-09-30
02108000,hbv_lite_cma,evaluation,0.818821,0.693801,0.216033,-0.019959,4.351772,13,explicit_euler_dt1,hbv,success,,86.95,0.7035,-0.2691627167227954,1.0579964546478866,0.0740818201725194,0.1285292992471141,510.9031956983744,2.2058165208558616,0.2000000053928138,0.0555345553768251,0.3179798758750794,62.662546832163336,1.764206904205251,0.1038147809616027,8.527167744340188,0.0,0.0,342.95752918643126,0.9053051028125494,10.721838994401066,cal_final_2008-09-30
02111180,hbv_lite_cma,evaluation,0.575524,0.576096,-0.01642,-0.166461,0.275209,13,explicit_euler_dt1,hbv,success,,27.45,0.6878,-1.1501467027868135,6.52061400337949,0.0377683899842132,0.1485955671676314,455.546550916226,1.0000058526178504,0.2954862665140662,0.8999999954992036,0.1802011962303511,24.175130494723064,2.3609959006336543,0.0330976102038507,1.1206349461703098,0.0,0.0,217.70330572137652,1.8088218698098908,36.58358704344249,cal_final_2008-09-30
02111500,hbv_lite_cma,evaluation,0.501843,0.599977,0.027834,-0.100525,0.241446,13,explicit_euler_dt1,hbv,success,,27.63,0.6595,-2.499999987076557,3.853749936427165,0.0187907676452365,1.5557262476526554e-09,871.2307407650244,1.0718175471613305,0.2706994217305232,0.3863334740610046,0.3333220844059997,97.761554562824,4.118798884995072,0.0292783016175091,1.024750891586949,0.0,0.0,267.59370304006814,0.0,29.05068376329041,cal_final_2008-09-30
02112120,hbv_lite_cma,evaluation,0.506954,0.562804,0.058845,-0.129443,0.26904,13,explicit_euler_dt1,hbv,success,,27.26,0.5012,-2.250295856460618,3.827180038035455,0.0357209497925035,0.199759444049945,999.9994351799525,2.3516658415306733,0.5431285285111329,0.2854739705477369,0.2685721712305527,71.8399658401737,4.862036073316856,0.025194888921403,1.973643123926384,0.0,0.0,589.4799628333346,0.0,41.18904017557657,cal_final_2008-09-30
02112360,hbv_lite_cma,evaluation,0.566543,0.679869,-0.040649,-0.160435,0.079833,13,explicit_euler_dt1,hbv,success,,27.56,0.5733,-2.2999926050164423,2.086335852802866,0.0786581132015637,4.220984564460716e-07,952.9010533903652,1.000000031432959,0.2677093042614582,0.7525360277122584,0.3370589946207388,84.69947504227905,5.235652751248035,0.0294793343708131,1.2563352124025122,0.0,0.0,288.06794542898666,0.0,37.0795775575935,cal_final_2008-09-30
02118500,hbv_lite_cma,evaluation,0.582597,0.608143,0.141677,-0.166207,1.70104,13,explicit_euler_dt1,hbv,success,,27.56,0.5331,-0.2499266283473424,2.508575150949976,0.0221214553493785,6.087990474348842e-07,907.5859545635916,2.6410859871922283,0.8411433164105724,0.5524154770466072,0.138250689985177,12.357733820517344,1.901796222685155,0.0010000001588612,1.541159956469085,0.0,0.0,608.9450371713011,1.4268132670549294,829.659304583484,cal_final_2008-09-30
02125000,hbv_lite_cma,evaluation,0.528267,0.557539,0.245908,-0.117999,51.072532,13,explicit_euler_dt1,hbv,success,,27.52,0.5837,-2.4638359957061864,5.037915565863945,0.0418072583308524,0.1961627210325909,197.252968312963,4.664724343035939,0.6307127625795701,0.8999999999985815,0.1692410165994315,8.117807704070945,1.700885885463641,0.0118224544435066,1.0040076500530517,0.0,0.0,176.527148375895,3.4015286728680105,55.36545389816335,cal_final_2008-09-30
02128000,hbv_lite_cma,evaluation,0.484188,0.373568,0.356973,-0.103498,8.623915,13,explicit_euler_dt1,hbv,success,,27.61,0.6107,-2.2593627672294385,3.7940370170663225,0.0493445308550849,0.1919170871907885,423.5252552886302,2.639797490597904,0.8456235310350488,0.8999999302932788,0.1709400362941991,11.775346202165638,1.5255442698819683,0.0010000004612375,1.000133223876372,0.0,0.0,316.42556443978793,3.9145844085753927,711.0337402079343,cal_final_2008-09-30
02137727,hbv_lite_cma,evaluation,0.650608,0.751453,0.057605,-0.152013,0.592855,13,explicit_euler_dt1,hbv,success,,27.25,0.736,-0.0800324638993115,6.269190277177971,0.0931177607600546,0.09807882000557,111.5816421482036,1.2837213934526033,0.2000000089434542,0.8999999958188835,0.4999999048582725,34.677570150708256,9.821957839655266,0.0118828616508834,1.4805676888498178,0.0,0.0,73.11551530573102,0.0,104.20725687127712,cal_final_2008-09-30
02140991,hbv_lite_cma,evaluation,0.705218,0.704621,0.123645,-0.01367,0.769897,13,explicit_euler_dt1,hbv,success,,27.58,0.7035,-2.4949444767054803,8.73551436772635,0.0305744930422133,0.0416112329991088,385.4174375740752,4.378567282704779,0.9830899063801388,0.822556101451915,0.1628189875570742,26.480794947846302,2.9114655197508927,0.0096829910464907,1.241475357089089,0.0,0.0,349.0528386204612,3.7560421121095753,118.5799816074424,cal_final_2008-09-30
02143000,hbv_lite_cma,evaluation,0.645369,0.75784,0.048001,-0.123248,0.468168,13,explicit_euler_dt1,hbv,success,,27.68,0.7001,-0.3799869042111243,3.107965147634617,0.0558799232254057,1.4843682122848924e-05,254.5106328678342,5.633761155593162,0.940416114866923,0.8999999993623102,0.2550116184724124,22.33021171775391,5.397762177715627,0.0080158289803362,1.7440628544306311,0.0,0.0,214.1854432113087,0.0,73.47457674053122,cal_final_2008-09-30
02143040,hbv_lite_cma,evaluation,0.578609,0.762257,0.019608,-0.067615,0.342811,13,explicit_euler_dt1,hbv,success,,27.74,0.6929,-0.5800366474719609,8.34329587959553,0.0246258588139018,0.1088683419453224,329.5356673989879,2.6468988007709164,0.95105746354827,0.8861630101145769,0.2823565198370708,18.005748151200958,3.0908045333985674,0.0225815123326269,1.132881169971523,0.0,0.0,240.1429598142441,0.0,40.28786971403014,cal_final_2008-09-30
02149000,hbv_lite_cma,evaluation,0.646498,0.823086,-0.025019,-0.087625,0.296525,13,explicit_euler_dt1,hbv,success,,27.79,0.722,-2.48011492053339,2.4426300398517187,0.043783350070066,0.179740224895823,999.9999965109477,2.081382283215677,0.8356934070884432,0.8105585040558656,0.1186567774609747,16.517806989406054,1.675372588808337,0.016706621091422,1.1232280559055134,0.0,0.0,582.2320557819987,2.669185787292334,40.260620033956734,cal_final_2008-09-30
02152100,hbv_lite_cma,evaluation,0.511454,0.69238,0.207671,0.023345,0.705534,13,explicit_euler_dt1,hbv,success,,27.72,0.5899,-1.7399199291051528,0.9934296290889332,0.0282222953542212,0.1996509123512111,525.6085937212671,5.999999999102775,0.923675465455972,0.899999990817264,0.3250122327987268,26.41585779547361,4.891937546146113,0.0074423027494241,1.084132185948849,0.0,0.0,414.7688801652133,0.0,67.73903622601091,cal_final_2008-09-30
02177000,hbv_lite_cma,evaluation,0.759603,0.87331,-0.009368,-0.085604,0.175614,13,explicit_euler_dt1,hbv,success,,28.18,0.7015,-0.6126315156848641,0.5000071644439689,0.0459466121470164,0.0649228835371899,864.6202422511285,1.5194738441823716,0.2124140782171661,0.5420858813661099,0.1298830777806637,37.558170326158304,5.871843175745154,0.0408795320554989,1.755373373053374,0.0,0.0,396.3835578664346,0.0,18.576760273380128,cal_final_2008-09-30
02178400,hbv_lite_cma,evaluation,0.73088,0.839778,0.096353,-0.010084,0.403262,13,explicit_euler_dt1,hbv,success,,27.99,0.7809,-1.9700797611811167,5.34535258441081,0.0014216968401436,0.0210547874644148,999.997298190946,2.253900735989621,0.5710931704410753,0.8334876496023057,0.1360017082105317,42.37162196103876,5.660722440210315,0.0299506280246273,1.2700419489014114,0.0,0.0,617.2043985809306,0.0,32.06181977954967,cal_final_2008-09-30
02193340,hbv_lite_cma,evaluation,0.491902,0.460642,0.368298,-0.002733,4.688792,13,explicit_euler_dt1,hbv,success,,27.52,0.5885,0.360008176674,1.3847965821633772,0.0558219464285398,0.0039468169791836,474.6382423192187,1.741115434639796,0.4337472209890596,0.7151261688993171,0.1995527605387641,6.903203815576181,1.69198679160431,0.0010000000008788,1.0211049943048516,0.0,0.0,159.10353115761313,0.0,506.5729944806344,cal_final_2008-09-30
02196000,hbv_lite_cma,evaluation,0.551488,0.519066,0.294068,-0.146167,17.389518,13,explicit_euler_dt1,hbv,success,,35.63,0.573,-1.5416531222020384,4.174738430793351,0.0380456880137685,0.1980176271151384,406.3635743318564,2.736877650479915,0.2568963491025147,0.4430423257321274,0.1657387888126325,6.783283992397241,1.7200012960452515,0.0010000000289882,2.413898765458251,0.0,0.0,80.90511365629648,0.0,422.9439679845399,cal_final_2008-09-30
02198100,hbv_lite_cma,evaluation,0.477916,0.461068,0.021867,-0.287732,4.261425,13,explicit_euler_dt1,hbv,success,,32.54,0.6495,-1.2350069192150022,0.751526280798649,0.0998319004840104,0.1945298248789157,437.8461750582292,4.612889894042821,0.4697497576542742,0.6070298494922881,0.0972734210905483,28.072031896170813,1.443754867545014,0.0010000000145762,1.5745695065571943,0.0,0.0,226.81286889785,0.0,443.471914143168,cal_final_2008-09-30
02202600,hbv_lite_cma,evaluation,0.651614,0.703974,0.103856,-0.121072,20.613533,13,explicit_euler_dt1,hbv,success,,56.04,0.7129,2.03204845889554,3.983044222946445,0.0252552501455165,0.1813163838657599,648.9529910492373,5.999999999746361,0.4824017142893271,0.3370414344301371,0.1863350026451213,21.89787242039075,0.5785723156918445,0.1214732651050252,5.27036583940778,0.0,0.0,324.4221196961771,0.0,0.1012057232577835,cal_final_2008-09-30
02212600,hbv_lite_cma,evaluation,0.627049,0.544042,0.324932,-0.130544,12.658626,13,explicit_euler_dt1,hbv,success,,27.42,0.6211,1.6699851289331384,6.578182599725068,0.0896403049429946,0.016102399161044,590.3690012883359,2.8914062021642466,0.693620911746607,0.8999971296773466,0.2959180148723072,10.704277403956278,2.30233615507404,0.0010000013116767,1.0173465957202288,0.0,0.0,305.5716321360204,0.0,627.2190105308812,cal_final_2008-09-30
02215100,hbv_lite_cma,evaluation,0.581047,0.683833,0.116567,-0.228939,7.025449,13,explicit_euler_dt1,hbv,success,,31.63,0.7463,2.4635859127873942,0.5000035474455751,0.0261903004979224,0.1998380086577889,260.8470555627066,5.999875843702445,0.4960205423402081,0.5897286213124592,0.1339950671310141,35.28732068493111,2.613347555634241,0.0010000017773475,2.8238707925568844,0.0,0.0,98.5414466135214,0.0,529.8476219287188,cal_final_2008-09-30
02216180,hbv_lite_cma,evaluation,0.685983,0.657327,-0.122425,-0.244596,,13,explicit_euler_dt1,hbv,success,,37.27,0.7533,-0.9563194530784278,0.7391373937166903,0.0182098878391915,0.1976582625634131,482.1527218323999,5.778499688872371,0.5914423767833034,0.3562737432102866,0.2635620499182771,26.713409407063114,2.200795481466323,0.0774271716032052,2.481410059401621,0.0,0.0,225.58030995376063,0.0,0.3181148103715964,cal_final_2008-09-30
02221525,hbv_lite_cma,evaluation,0.731673,0.720528,0.08521,-0.22092,3.424377,13,explicit_euler_dt1,hbv,success,,27.83,0.5727,-2.451890024043076,5.607945727714125,0.0205806800313827,0.1063953239867888,496.7285659847561,2.028274942442335,0.2000000000006983,0.6461776324389722,0.4121511245753646,99.31582346108245,3.3431610895435244,0.0010000000000013,1.0672783596349422,0.0,0.0,98.62500941653988,0.0,524.4448412605607,cal_final_2008-09-30
02231000,hbv_lite_cma,evaluation,0.734825,0.684677,0.187372,-0.145984,8.263003,13,explicit_euler_dt1,hbv,success,,56.31,0.8697,-0.9688952437216112,9.868229608185516,0.0097438560460901,0.1456111250081611,424.9422998442009,5.999999999999988,0.2000000000111889,0.3061829200595027,0.0941812902440557,59.44698619872625,1.1347550188146025,0.001,6.589023106473024,0.0,0.0,326.7271279933894,0.0,456.0704782816901,cal_final_2008-09-30
02245500,hbv_lite_cma,evaluation,0.447313,0.44596,0.270916,-0.228302,4.172661,13,explicit_euler_dt1,hbv,success,,28.66,0.708,-0.8564505274235126,1.8411773523043176,1.5863646037944465e-05,0.1983766156720402,557.4806874791316,5.999999999988672,0.2000000000069014,0.5815916319484397,0.1278532624406754,41.26760823929846,2.133046020628809,0.001,2.8016579153565644,0.0,0.0,478.2957742438831,0.0,667.8109322707598,cal_final_2008-09-30
02246000,hbv_lite_cma,evaluation,0.648954,0.632867,0.176066,-0.248454,5.47639,13,explicit_euler_dt1,hbv,success,,42.86,0.7244,0.6611327614404456,5.615859391119578,0.0549761741811858,0.1317675624811204,285.04045282523373,5.999999983571538,0.2000000577834492,0.3610332879594601,0.1152915682805598,32.33734246195571,2.806298814682552,0.0010000000085138,3.60052853923978,0.0,0.0,209.15828643925988,0.0,725.9354171988055,cal_final_2008-09-30
02296500,hbv_lite_cma,evaluation,0.691236,0.577844,0.387419,0.20353,1.429281,13,explicit_euler_dt1,hbv,success,,79.26,0.9166,-1.5783437270499785,5.832796809526128,0.0079713287879235,0.1330979704999298,344.2909823370848,4.880407957436673,0.2000000080825054,0.8999999535132469,0.2115194841649401,77.84746025717112,1.3178803544801094,0.1378370169182962,8.817910855481392,0.0,0.0,278.4450446325031,2.6093607821201736,5.800678141562062,cal_final_2008-09-30
02297155,hbv_lite_cma,evaluation,0.471146,0.464866,0.320661,-0.376006,54.321689,13,explicit_euler_dt1,hbv,success,,30.31,0.6314,-0.0099152135555224,8.480314790308878,0.0257703272239755,0.1323813620645372,574.7190102696848,3.6296963321207927,0.2000000000000694,0.8999999999997136,0.1741767005890754,44.0584936549271,3.2720468183227536,0.0010000000000015,1.0049842445025612,0.0,0.0,447.19541892615865,0.0,915.7695267834606,cal_final_2008-09-30
02297310,hbv_lite_cma,evaluation,0.713833,0.770208,0.109814,-0.113502,3.970557,13,explicit_euler_dt1,hbv,success,,70.35,0.7599,-1.7052724526817362,2.0725019764827834,0.0214033262736619,0.0744208386471411,267.1142767168135,5.999999999970648,0.2000000000299344,0.3913456290764305,0.2415248319933001,42.12668318731958,2.0814820467695347,0.0337270234183746,6.784582156232599,0.0,0.0,213.75803296334493,0.0,35.66846824974994,cal_final_2008-09-30
02298123,hbv_lite_cma,evaluation,0.694589,0.705077,0.115027,-0.158783,3.561529,13,explicit_euler_dt1,hbv,success,,62.72,0.8206,-1.6643924592187762,1.3371418795722978,0.0997570120447647,0.0833575329567837,586.837542817386,5.999999999633735,0.8743754035011042,0.0500000034241877,0.1613398464753386,99.99999999996518,0.5476364448726239,0.0031347806011806,7.49381847093137,0.0,0.0,507.77038273759456,7.089374752085022,106.5175681418004,cal_final_2008-09-30
02298608,hbv_lite_cma,evaluation,0.747785,0.752589,-0.018574,-0.212109,1.012624,13,explicit_euler_dt1,hbv,success,,51.78,0.74,-2.467399815438183,1.177355125714295,0.0946635310891472,0.1748522958694665,220.79387514475525,5.999999997877789,0.7762765423805531,0.3526461745312689,0.2613089263288071,30.73808411539381,3.179037843647889,0.0519532313540495,4.356830674666487,0.0,0.0,166.99492985372777,0.0,20.284243598356284,cal_final_2008-09-30
02299950,hbv_lite_cma,evaluation,0.63038,0.670485,0.136619,-0.316768,10.206032,13,explicit_euler_dt1,hbv,success,,27.28,0.7523,-1.7919119133517951,9.998204724277386,0.0629908579435746,0.1397353858481351,297.662985427799,5.99999999235493,0.7354410706024777,0.5879588000407576,0.2460960198806374,43.36528220005022,3.955777519446938,0.0010000000000172,1.090043788477747,0.0,0.0,239.6262443936946,0.0,990.8688483830302,cal_final_2008-09-30
02300700,hbv_lite_cma,evaluation,0.594908,0.522967,-0.20706,-0.318125,0.857295,13,explicit_euler_dt1,hbv,success,,35.03,0.5733,-2.166222577497205,6.085455035280022,0.0257448948408471,0.1996355827921387,259.8447793856342,3.431204760575508,0.5740306140270428,0.3837359477136706,0.4999999997016801,20.98706384080827,1.1112759665576777,0.0066082011072206,2.63854572093864,0.0,0.0,147.68802337980773,0.0,84.7208956949661,cal_final_2008-09-30
02342933,hbv_lite_cma,evaluation,0.590368,0.623399,0.20959,-0.063503,15.8888,13,explicit_euler_dt1,hbv,success,,27.27,0.5672,2.069907377650872,5.787121658348252,0.054545423114472,0.00042910614145,609.6528417753464,4.740932372247533,0.5626655597545211,0.8998585255040893,0.4821591897341106,27.38453584178552,1.6576928982485324,0.0010000001473935,1.3726012534090886,0.0,0.0,424.0863228319894,0.0,441.5201598244331,cal_final_2008-09-30
02349900,hbv_lite_cma,evaluation,0.616439,0.661672,0.159661,-0.119461,2.082753,13,explicit_euler_dt1,hbv,success,,21.42,0.7519,1.2002392326565392,0.5327315246843933,1.601858849191827e-05,0.0349995242848974,732.5200187468846,3.569154460889408,0.6724625536600772,0.628789709172703,0.2415713095833927,15.220664595295135,2.5664913929168214,0.0519311981761406,1.0527500503071412,0.0,0.0,394.415788467239,0.0,3.703235263799449,cal_final_2008-09-30
02350900,hbv_lite_cma,evaluation,0.758637,0.730736,-0.008074,-0.145052,0.73936,13,explicit_euler_dt1,hbv,success,,45.86,0.6801,1.0178740043017935,6.311051651982983,0.0272115118766095,0.0632003869705856,999.999999999964,1.4536511330964643,0.2000000000000686,0.3845685803352001,0.1608979790233725,30.94859593881604,1.7867424425320586,0.0460355950098101,5.3854433162731965,0.0,0.0,276.33113871297587,0.0,6.930930206041642,cal_final_2008-09-30
02361000,hbv_lite_cma,evaluation,0.642446,0.582281,0.01974,-0.128028,0.619979,13,explicit_euler_dt1,hbv,success,,48.59,0.6991,1.5700096199028906,9.999999725190504,0.0836985737361639,0.1513362990086961,575.6327812478717,1.4951666249151898,0.2000000014528647,0.8999999854976346,0.3317712405762578,35.46092379319239,3.340800232466936,0.0403592965861326,4.005242008066388,0.0,0.0,205.272121457271,0.0,11.735156820881588,cal_final_2008-09-30
02363000,hbv_lite_cma,evaluation,0.715005,0.679641,0.142732,-0.061442,7.28467,13,explicit_euler_dt1,hbv,success,,60.08,0.7512,1.7900004252487207,9.999762732821797,0.0497413186156782,0.1259284977462651,500.8178541101319,2.342176735744736,0.3592330914977759,0.2254221463106223,0.2084638191266556,22.606639696176124,1.5816561191297516,0.0010000000007344,5.591265076385712,0.0,0.0,258.5621451389818,0.0,586.284509285035,cal_final_2008-09-30
02369800,hbv_lite_cma,evaluation,0.622708,0.537128,0.107765,-0.150006,1.445561,13,explicit_euler_dt1,hbv,success,,35.18,0.6271,-0.4965605114096845,8.98426596654084,0.0995280545296294,0.0341979622987066,999.9999930523196,3.2999241259910126,0.4441735766804534,0.3543022299616642,0.1229406630857944,27.54001023938831,1.9544402949177129,0.0010000000006808,2.37273222307124,0.0,0.0,652.3955737236407,0.0,954.7884118963744,cal_final_2008-09-30
02371500,hbv_lite_cma,evaluation,0.790879,0.774748,0.143079,-0.029573,1.481931,13,explicit_euler_dt1,hbv,success,,73.85,0.7519,0.7425226982866144,1.0075033283129269,0.094164673724912,0.1011591471649325,555.10946175768,2.1701923595384143,0.3069350489514765,0.8380989628628794,0.2130535758173653,46.23261091613939,1.0874536599279012,0.050222480347958,7.176421426952245,0.0,0.0,248.3464639519557,0.0,5.011246400017038,cal_final_2008-09-30
02372250,hbv_lite_cma,evaluation,0.695619,0.659908,0.146155,-0.024119,2.763145,13,explicit_euler_dt1,hbv,success,,56.93,0.7337,0.1699997658949348,0.5000053413733018,0.0402107239424204,0.1998203404860778,451.9271681537893,2.4542212060053945,0.2000000513875497,0.3917614076181297,0.2117990724180662,38.48505441052752,1.1576432811834985,0.0036923674243723,5.452028149656307,0.0,0.0,209.89421246420332,0.0,110.87909309172238,cal_final_2008-09-30
02374500,hbv_lite_cma,evaluation,0.710358,0.752782,0.205791,0.088335,0.861758,13,explicit_euler_dt1,hbv,success,,36.07,0.6915,-1.613489508820793,7.699346533526612,0.0986754286146238,0.0792644434094019,620.4740819974769,1.4342077181375266,0.2000000004137455,0.4549757690811005,0.1882462735061986,39.60859899689712,2.1492204029127047,0.0035870820350594,2.556088595310667,0.0,0.0,209.9941571535552,0.0,238.72574845319767,cal_final_2008-09-30
02381600,hbv_lite_cma,evaluation,0.475403,0.416345,-0.321296,-0.437072,0.016823,13,explicit_euler_dt1,hbv,success,,27.81,0.4782,-2.000036414343535,3.61431111056135,0.0411140053146018,0.1051629016527129,62.96878056193331,1.4190580580102066,0.9999999899720766,0.8999999919423928,0.3087047809742971,25.577237004843905,4.7558612132771945,0.0214972139249891,1.0600146661025829,0.0,0.0,15.415269869509736,0.0,37.13078977134948,cal_final_2008-09-30
02384540,hbv_lite_cma,evaluation,0.595088,0.696939,0.068468,-0.179352,2.655908,13,explicit_euler_dt1,hbv,success,,27.55,0.6364,-1.6899998606200457,0.5118972141776066,0.0404456565005646,0.1563625203997341,74.84545918349556,5.999999556920426,0.200000221684415,0.5496822001851289,0.2134383098201654,34.50279798014539,4.450865600193603,0.0111577455472583,1.239024435597375,0.0,0.0,8.499048572202915,0.0,49.14977624529109,cal_final_2008-09-30
02395120,hbv_lite_cma,evaluation,0.594533,0.62704,-0.179391,-0.261386,0.636714,13,explicit_euler_dt1,hbv,success,,27.3,0.6801,-2.042279397717725,7.224667009437778,0.0007227945078332,0.1625738660834074,409.023372517078,3.4040669711483686,0.200000000724928,0.8198198597649318,0.1543543013652196,17.166563031760482,1.559707043629746,0.0011141744126287,1.000000949999159,0.0,0.0,103.72575423945533,0.0,438.4278686370873,cal_final_2008-09-30
02415000,hbv_lite_cma,evaluation,0.711936,0.691719,0.049398,-0.162833,1.526884,13,explicit_euler_dt1,hbv,success,,27.41,0.6949,-1.449984010537937,2.5511109089019985,0.0991140141156027,0.088048053094547,771.3053196723487,2.0346823006826176,0.5632868231492881,0.4698550008120393,0.20584354743338,10.99173154952092,3.211448364858209,0.0452434093503254,1.2541237122458118,0.0,0.0,381.1995489180734,0.0,8.858110702504002,cal_final_2008-09-30
02427250,hbv_lite_cma,evaluation,0.724063,0.620451,0.330415,0.035588,4.167977,13,explicit_euler_dt1,hbv,success,,35.06,0.6794,0.1874288694115766,8.45754696734983,0.0822923433283117,0.1861310574801538,423.9500515160012,2.7998747525595755,0.4667595114087079,0.5401634034604123,0.1320623661920115,10.49782964781259,1.4698186039956207,0.0010000077660985,2.806588236086833,0.0,0.0,250.00529390660907,0.0,650.2152857282005,cal_final_2008-09-30
02430085,hbv_lite_cma,evaluation,0.617871,0.756653,-0.071505,-0.222172,1.035142,13,explicit_euler_dt1,hbv,success,,27.48,0.7227,0.3791485051935006,7.525148134988523,0.0742603563146119,0.1999837808361228,573.5093139046629,1.000007536478794,0.2000009666718145,0.6608922416277698,0.2009302603096358,9.892626602767209,2.5193359554786685,0.0610983469966943,1.0243448311522714,0.0,0.0,83.93560676505918,0.0,4.9773527192338936,cal_final_2008-09-30
02450250,hbv_lite_cma,evaluation,0.707876,0.746768,0.134625,-0.034404,2.744602,13,explicit_euler_dt1,hbv,success,,27.48,0.7453,1.4299640594529368,2.6435000980968093,0.0056572813301442,0.1999994724390594,306.0004290125854,3.7741407925024406,0.2000012946155288,0.8956329757078332,0.2842296956902804,18.0372854126576,1.2683623804116997,0.027915375139311,1.1768884660059702,0.0,0.0,79.35603136947995,0.0,2.444773248052415,cal_final_2008-09-30
02464000,hbv_lite_cma,evaluation,0.777943,0.725762,0.202559,-0.066034,9.538093,13,explicit_euler_dt1,hbv,success,,34.85,0.6945,-1.8299626687909305,6.518609619852208,0.096803191149798,0.1717421225810014,620.4838445729793,5.999999998929599,0.946033419804235,0.5036132261276753,0.14772153022843,11.739367714752447,1.180350789505871,0.0010000000000001,2.7850751157547533,0.0,0.0,431.5182278085852,0.0,613.8974445712528,cal_final_2008-09-30
02464360,hbv_lite_cma,evaluation,0.686111,0.795279,0.070084,-0.063895,0.208735,13,explicit_euler_dt1,hbv,success,,25.21,0.5795,0.1531858682437779,9.999735639442063,0.0607893237251809,0.0207029420566038,757.1887581644198,3.564487625943381,0.7498326245640874,0.8999999997791852,0.4310438473247878,34.78889852916341,3.544748632163361,0.0648978809852108,1.49904287863632,0.0,0.0,423.27406190955503,0.0,2.7144258355092714,cal_final_2008-09-30
02465493,hbv_lite_cma,evaluation,0.66272,0.648876,0.187517,-0.056565,1.222894,13,explicit_euler_dt1,hbv,success,,26.42,0.5865,2.494242994046738,0.8200695674391867,0.0243041282842249,4.327541811925753e-06,672.7509505290059,1.3299551986001763,0.2000002425081503,0.8999999775005436,0.1771630931772493,32.32657352644588,2.445071187968178,0.0010000000095969,1.013102813087032,0.0,0.0,141.13015917899102,0.0,803.066494893146,cal_final_2008-09-30
02469800,hbv_lite_cma,evaluation,0.715276,0.751299,0.142817,-0.022547,1.173412,13,explicit_euler_dt1,hbv,success,,28.48,0.7136,-1.5651247105115964,5.430443337470099,0.0641494954309978,0.140444306268251,563.0201983345532,3.394997696574471,0.5443710788148064,0.8999999999984613,0.3890647776264063,48.33394117546611,2.313430765500663,0.0923704647355385,2.559106893645505,0.0,0.0,311.41043008639946,0.0,1.3465663645627737,cal_final_2008-09-30
02472000,hbv_lite_cma,evaluation,0.726438,0.687809,0.188074,-0.03087,2.605056,13,explicit_euler_dt1,hbv,success,,50.41,0.7492,-1.1084189429983744,0.5001474080706495,0.0548274163510769,0.1277368018937929,571.568183416784,5.321955086973216,0.7585309073781803,0.866616289795513,0.3259782369143853,97.6567179516623,1.3373246488093855,0.0010000001938493,4.980031651212963,0.0,0.0,456.9165856959581,0.0,525.195256873825,cal_final_2008-09-30
02472500,hbv_lite_cma,evaluation,0.696529,0.671574,0.175721,-0.002576,0.941639,13,explicit_euler_dt1,hbv,success,,43.38,0.7575,2.4790740014095167,4.149686533537055,0.0526639556027196,0.0893516171331229,416.52527212132935,2.0075007652878694,0.2257652714106996,0.8999999543225634,0.37322422711441,79.35039827117882,3.0374318594269174,0.0010000000220452,3.2776967193332687,0.0,0.0,206.0760033891582,0.0,797.5556847559342,cal_final_2008-09-30
02479155,hbv_lite_cma,evaluation,0.587128,0.492287,0.302246,-0.129078,5.490115,13,explicit_euler_dt1,hbv,success,,24.28,0.6206,-0.136368078481893,9.73186916700114,0.0569644136950908,0.1995029785560547,999.9999999999204,5.999999999996796,0.9971423933490866,0.8999999999999084,0.2609836318122396,35.7719479952611,2.63615837616935,0.0010000000000001,1.094616140966146,0.0,0.0,853.8411557096497,0.0,1124.5054319721496,cal_final_2008-09-30
02479300,hbv_lite_cma,evaluation,0.707638,0.723243,0.089841,-0.105685,1.354793,13,explicit_euler_dt1,hbv,success,,52.08,0.7361,-1.1235282627400949,9.941355443293435,0.0306571566967358,0.1240314798701878,471.4355385311383,1.658986771361566,0.200000000123921,0.2588616342060796,0.3245914711503848,41.11542617304536,1.7241136712162413,0.0010000000000238,5.886176513071535,0.0,0.0,234.5842683958057,0.0,803.9642277583473,cal_final_2008-09-30
02479560,hbv_lite_cma,evaluation,0.823849,0.781911,0.118687,-0.06541,2.028099,13,explicit_euler_dt1,hbv,success,,61.12,0.8231,-0.8519529982392546,1.581718020767908,0.064651121785752,0.0153253318672997,534.0863499463735,2.5052941750276805,0.6318869648841098,0.2067408582062364,0.2760427235692098,37.6769088003656,1.7096954292313036,0.0010000000412932,5.491947735419348,0.0,0.0,345.17406387274906,0.0,847.3596480456011,cal_final_2008-09-30
02481000,hbv_lite_cma,evaluation,0.737572,0.663719,0.297562,0.029073,10.422705,13,explicit_euler_dt1,hbv,success,,27.53,0.7847,-1.2766804324102603,3.7711891739723855,0.0791852333179432,0.0354218658334101,534.8388209129682,5.99999996041647,0.9999999993606477,0.7579525248677753,0.4429293467122678,45.476323733775146,2.0231288379580383,0.0010000000000018,1.0003746638258082,0.0,0.0,467.8036951409299,0.0,906.9902152214794,cal_final_2008-09-30
02481510,hbv_lite_cma,evaluation,0.706246,0.759564,0.135633,-0.083609,3.01879,13,explicit_euler_dt1,hbv,success,,37.8,0.7664,-2.399382634829575,9.545346485788029,0.0996442579616432,0.0471146583639101,309.5434921318288,5.999999999729689,0.2000000000033502,0.2474545377557614,0.2943584488174869,17.337109708973568,2.886164507035573,0.004751320529336,2.0564314806924333,0.0,0.0,254.56616741828284,0.0,202.4887417696875,cal_final_2008-09-30
03010655,hbv_lite_cma,evaluation,0.598121,0.637531,-0.084308,-0.258996,2.073025,13,explicit_euler_dt1,hbv,success,,42.75,0.7566,-1.020000240991825,2.7766488009595003,0.094449097687508,0.0849190450365444,456.348050616682,5.999986059002414,0.9999997438049302,0.5339781314242557,0.1827678138093549,10.757017625482376,2.0139064601617123,0.1172164433290524,3.863012440132281,0.0,0.0,365.9031138729447,0.0,4.826637399079029,cal_final_2008-09-30
03011800,hbv_lite_cma,evaluation,0.636825,0.799475,0.028316,-0.070801,1.25843,13,explicit_euler_dt1,hbv,success,,27.88,0.7178,-1.7800001341917358,1.719346273911608,0.0999998287993397,0.1773762743344573,324.8704405386242,4.061821592569951,0.9999999648425202,0.8153347453889672,0.4413357145834898,83.87156512397695,6.380561044592317,0.1686028361794668,1.5142397917062396,0.0,0.0,233.30625876451404,0.0,2.066882528356969,cal_final_2008-09-30
03015500,hbv_lite_cma,evaluation,0.718684,0.686183,-0.116103,-0.246246,0.776296,13,explicit_euler_dt1,hbv,success,,36.87,0.7598,-1.5800003370109363,1.953900482446573,4.728207998281827e-08,0.1246183311883099,440.9570497027567,4.980682218410371,0.9999999802866646,0.6433110352984207,0.3385565437055833,13.18614103942558,1.5713967055384512,0.1056343552711291,2.823780648492235,0.0,0.0,340.6789561560795,0.6153520959234152,3.3431101816747284,cal_final_2008-09-30
03021350,hbv_lite_cma,evaluation,0.574713,0.626266,-0.171382,-0.303334,1.718747,13,explicit_euler_dt1,hbv,success,,27.35,0.5796,-0.1899991674248808,3.3688246283434347,0.0376250826095598,0.01118037953135,374.20373582034085,5.99941704013456,0.9999998934778344,0.4935242270055568,0.4492770705692391,8.75291203313574,0.3525890371643644,0.1548289513524355,1.0123599326197006,0.0,0.0,291.7362963580539,0.8411821938498043,0.7471052043820176,cal_final_2008-09-30
03026500,hbv_lite_cma,evaluation,0.555515,0.717641,0.131161,-0.054583,2.595551,13,explicit_euler_dt1,hbv,success,,29.93,0.7665,-1.6900009187363103,2.384133783755419,0.0999999977932607,0.1410202007720798,412.6091138788239,5.236887159061442,0.9999999945557873,0.6254920868394303,0.322900727159491,19.13829033379813,5.259288483218947,0.1509702864282016,1.116852148679509,0.0,0.0,308.99061817300463,0.0,1.985225544780832,cal_final_2008-09-30
03028000,hbv_lite_cma,evaluation,0.661843,0.695095,-0.060807,-0.217985,1.016722,13,explicit_euler_dt1,hbv,success,,30.47,0.7492,-1.070000112570553,3.335390754413376,0.0997735630364133,1.052728856319025e-09,312.98431487692983,3.950346760080322,0.9999999997977762,0.5502838536780802,0.2787212786115783,24.150375257951712,4.579880981970598,0.1396462638567539,1.7392316493108508,0.0,0.0,219.44344332896847,0.0,2.232686381002153,cal_final_2008-09-30
03049000,hbv_lite_cma,evaluation,0.633589,0.680693,0.011724,-0.207492,1.402577,13,explicit_euler_dt1,hbv,success,,30.2,0.79,-2.3300000300733177,1.5806942071101984,0.0341576532404829,2.861766546038676e-11,486.0704601752473,5.999999994931708,0.9486359934073892,0.6657078000186692,0.3068013081754162,19.16553596455325,2.663647732916215,0.1408023533089065,1.187759878329321,0.0,0.0,343.09370368670443,0.0,1.2771362552780017,cal_final_2008-09-30
03049800,hbv_lite_cma,evaluation,0.134704,0.446034,0.287631,-0.21463,8.939514,13,explicit_euler_dt1,hbv,success,,29.45,0.7187,-2.4499953618523618,1.3339880357482103,0.006918449097284,6.19642261806258e-10,290.8637635640116,5.999995531222606,0.9999999998575976,0.8999999913273679,0.499999998102304,7.365327987625951,3.5665836615831155,0.0162497355741425,1.3660085482770143,0.0,0.0,203.20442932609504,0.0,23.77301574687284,cal_final_2008-09-30
03050000,hbv_lite_cma,evaluation,0.657209,0.636848,-0.036305,-0.216352,2.656181,13,explicit_euler_dt1,hbv,success,,31.04,0.6628,-2.479999974528475,2.604815718680499,0.0304592082058857,1.0342961091675689e-08,226.50119955322413,1.4792733147903974,0.2000000693068614,0.655307178492796,0.2221512505955767,11.611424164381717,0.1314658318917325,0.1650495832221653,2.488129653745123,0.0,0.0,37.53441354615608,0.0260854869149615,0.4295870429884217,cal_final_2008-09-30
03069500,hbv_lite_cma,evaluation,0.66443,0.640773,-0.063066,-0.217279,1.76761,13,explicit_euler_dt1,hbv,success,,30.87,0.6838,-2.0799992058948686,1.5295810129420015,0.0854493012762245,1.3191023197505094e-08,225.79841109208772,2.101971265750124,0.9999999941289168,0.5713745249463679,0.2034874259126185,5.152945114401842,2.0268386642959264,0.1999857470614967,2.056701196184517,0.0,0.0,126.43744949479918,0.0,2.059116800351168,cal_final_2008-09-30
03070500,hbv_lite_cma,evaluation,0.719164,0.723098,-0.129812,-0.229779,0.95805,13,explicit_euler_dt1,hbv,success,,27.9,0.7243,-2.499493045684725,1.303310292204502,0.0037098256936322,1.6767895296126312e-05,189.02884174021875,1.532570645331642,0.2002168844850659,0.8990956628463164,0.2585249673449042,13.59453124471327,0.2292243698804594,0.0528847700608355,1.9672337316149568,0.0,0.0,53.13914894904887,0.0,2.461969882013459,cal_final_2008-09-30
03076600,hbv_lite_cma,evaluation,0.559396,0.635737,-0.182951,-0.294017,0.125543,13,explicit_euler_dt1,hbv,success,,27.76,0.7228,-2.109999756639322,1.6903890819083276,0.0521783161502953,7.171387491688925e-10,203.0847414972993,1.979040592164699,0.2878537111388667,0.5358744727231817,0.2087514297447743,7.336600672605675,1.7198481778495616,0.1683391911244453,1.7886702680012756,0.0,0.0,80.69036165425267,0.0,1.2724885272231747,cal_final_2008-09-30
03078000,hbv_lite_cma,evaluation,0.540168,0.616701,-0.195492,-0.27282,0.934828,13,explicit_euler_dt1,hbv,success,,27.94,0.7025,-2.029999998540855,2.195004732149827,0.0897631575413836,6.952397349519145e-12,427.313828000221,5.284097119082138,0.999999999994266,0.1928901138500228,0.499999999931855,62.03452304825983,3.3126349970893654,0.1999999995250722,1.5090800155833324,0.0,0.0,346.7435828305718,0.0,3.24258730624883,cal_final_2008-09-30
03140000,hbv_lite_cma,evaluation,0.680883,0.661207,0.126389,-0.147089,4.67137,13,explicit_euler_dt1,hbv,success,,27.84,0.7133,-2.419996762642368,1.3463898549113318,0.0370574330459067,5.450140562733462e-06,650.1947599687188,5.999976969244639,0.9146348632101108,0.5756755188161737,0.173977343230148,7.813142849524771,1.116323222428477,0.0650092232050461,1.9365243133083283,0.0,0.0,458.3588013828127,0.0,2.877913619183161,cal_final_2008-09-30
03144000,hbv_lite_cma,evaluation,0.663344,0.619544,0.091359,-0.14125,2.302056,13,explicit_euler_dt1,hbv,success,,32.71,0.6976,-2.499999957209288,1.6364774872735603,0.0881404658028809,5.939623470499719e-11,421.3809923259465,5.999996779320146,0.9141135292425048,0.660019723729565,0.1217283312442136,9.444350327504308,0.6618723921780733,0.0240783746690742,2.878224838854852,0.0,0.0,262.8404011875033,0.0,7.17207180488963,cal_final_2008-09-30
03170000,hbv_lite_cma,evaluation,0.572787,0.65167,0.021341,-0.206434,1.063386,13,explicit_euler_dt1,hbv,success,,27.79,0.694,-1.3301921682630933,9.317114114901855,0.0999519272921906,0.1493348760132738,626.4654611268426,1.0711141345317612,0.2000003983983052,0.8999981818636356,0.1637042688690833,22.39557870219929,2.1741363831022458,0.0028989304758385,1.923772789103904,0.0,0.0,121.67297916067945,0.0,224.5317298497539,cal_final_2008-09-30
03173000,hbv_lite_cma,evaluation,0.616898,0.640191,-0.017575,-0.175381,-0.004466,13,explicit_euler_dt1,hbv,success,,35.27,0.714,-1.599999184402629,1.1720861277088417,0.0645254475874351,1.7775668872634747e-09,616.5843798735995,5.802193291275653,0.8884916655155608,0.8729238648812145,0.2712189208940543,14.3172870411839,1.6413700051800253,0.0982183298801567,2.791152002484562,0.0,0.0,443.0335131181066,0.0,2.828818153681616,cal_final_2008-09-30
03180500,hbv_lite_cma,evaluation,0.620264,0.63045,-1.7e-05,-0.193084,2.730534,13,explicit_euler_dt1,hbv,success,,34.95,0.7444,-2.429953900590432,1.449288121425068,0.0101469015348158,1.6847388662700485e-07,183.8011098832937,1.043048429567709,0.2000005544494133,0.5761337380045682,0.2128095353141036,11.66973046744765,0.964129159852709,0.1008452149130318,2.8807143373831217,0.0,0.0,30.834262140139064,0.0,1.9496219087710949,cal_final_2008-09-30
03182500,hbv_lite_cma,evaluation,0.643739,0.650842,-0.00607,-0.194356,1.881078,13,explicit_euler_dt1,hbv,success,,35.0,0.7192,-2.459857233063502,1.3469638814931688,0.0025457214381793,2.0250559018933266e-06,189.49997961952403,1.1613890605268,0.2000000955638692,0.6702050542130629,0.2067047361032931,13.107468778072908,0.4568234898486107,0.0465825642783171,2.796035742579755,0.0,0.0,37.18761365949428,0.0,4.280800196200754,cal_final_2008-09-30
03186500,hbv_lite_cma,evaluation,0.603326,0.653853,-0.135681,-0.274983,2.86865,13,explicit_euler_dt1,hbv,success,,27.64,0.6843,-2.4999999976564475,0.8885350268261676,0.0150342407832755,1.4857358137480223e-10,137.62653082497349,3.443470777765833,0.999999999977968,0.8999999996298192,0.4354300298269796,17.497525835089917,2.488839534261383,0.1814001882769333,1.475402616583014,0.0,0.0,94.8453415193355,0.0,2.356390620652389,cal_final_2008-09-30
03237280,hbv_lite_cma,evaluation,0.426072,0.592638,0.086958,-0.228912,43.600126,13,explicit_euler_dt1,hbv,success,,27.71,0.5715,-1.7599985977308887,9.999992735448776,0.0297689275701755,0.1999984630117619,616.4442541810057,5.999994104562628,0.9999999911240424,0.8999976976479398,0.1813723253802326,12.450328187124152,0.0035046454188603,0.1511878563432145,1.9999483619715943,0.0,0.0,389.87778997514704,0.1853447967310192,0.01967608816403,cal_final_2008-09-30
03237500,hbv_lite_cma,evaluation,0.639226,0.563322,0.188661,-0.207161,34.837008,13,explicit_euler_dt1,hbv,success,,27.72,0.5709,-2.4458491846763715,9.99999999934989,0.0732560052025039,1.3304077327115628e-12,536.5054015262829,5.554835020432984,0.9999999995199896,0.6335324917835456,0.2157185133184418,9.075237813456988,0.7133206248920587,0.001,1.7828182783358315,0.0,0.0,348.81355331020995,0.0,464.3574430120036,cal_final_2008-09-30
03238500,hbv_lite_cma,evaluation,0.58558,0.562019,0.199941,-0.203958,36.316046,13,explicit_euler_dt1,hbv,success,,27.44,0.5735,-2.290081929700949,4.375583670045868,0.0017791867013922,7.216381982435025e-06,308.77102102050463,4.3089854325885,0.9999997317586058,0.6402038862671988,0.2012718981079727,4.286330734836604,0.622589441173176,0.00100001194179,1.1993716397884706,0.0,0.0,168.28829934763854,0.0,402.84706217796327,cal_final_2008-09-30
03241500,hbv_lite_cma,evaluation,0.770026,0.74538,0.163976,-0.071069,1.934884,13,explicit_euler_dt1,hbv,success,,27.75,0.7629,-2.499999998201378,2.029688958917779,0.0026163593720701,2.335168838104466e-09,633.5408512909393,5.750671926641351,0.9648601554475922,0.5844120784551371,0.1750852829295276,9.192822473729642,0.8961145168996967,0.0802991439818094,1.432984917281325,0.0,0.0,422.1274576230421,0.0,1.188935639354388,cal_final_2008-09-30
03280700,hbv_lite_cma,evaluation,0.428579,0.648843,0.164672,-0.012615,2.52939,13,explicit_euler_dt1,hbv,success,,27.66,0.6323,-0.960100202485286,0.5850674651878836,0.0997449624741891,0.1999942059611593,414.3919597428052,5.999960678305729,0.2000030392256331,0.7517576028416909,0.3084240801463172,11.801472213977991,0.727377888427192,0.0234242512982244,1.3784091795253626,0.0,0.0,183.01850602518573,0.0,3.511936673055762,cal_final_2008-09-30
03281500,hbv_lite_cma,evaluation,0.678609,0.674284,0.179047,-0.097334,3.928621,13,explicit_euler_dt1,hbv,success,,35.33,0.7422,-1.930007439915652,9.99869975874356,0.0132174328231874,0.1720066365953931,624.0877429158584,5.999999999039771,0.9173713299244064,0.4781653853248064,0.1294106556088989,14.980383582336074,0.0348588832508624,0.1237782714022358,2.078999423559657,0.0,0.0,389.0427827807754,0.1270884084908594,0.234806495345012,cal_final_2008-09-30
03285000,hbv_lite_cma,evaluation,0.57947,0.592169,0.071625,-0.209568,8.729712,13,explicit_euler_dt1,hbv,success,,27.77,0.7124,-2.114342054378308,3.142573010720888,0.0980543103064254,2.568346913673753e-05,562.0681553904192,5.999999439557843,0.9854715606624812,0.7399407885355366,0.1915498501083,13.206148192002068,0.036393456698312,0.1895916263535372,1.0289130137074671,0.0,0.0,325.2510365674287,0.098341206537639,0.0673695914415237,cal_final_2008-09-30
03291780,hbv_lite_cma,evaluation,0.598368,0.550487,0.13096,-0.206005,85.633714,13,explicit_euler_dt1,hbv,success,,27.73,0.5959,-2.499999981795503,1.8511983531328968,0.0247035723782823,0.0644316833069846,373.6290703160197,2.9606376332825546,0.8607303289411266,0.899999999936072,0.4999999970405154,0.1270086356886688,2.584546849031394,0.1109875127294992,1.090380131337744,0.0,0.0,211.97404776415905,0.0,1.6127063139328912,cal_final_2008-09-30
03338780,hbv_lite_cma,evaluation,0.661136,0.595267,0.107479,-0.230395,4.475284,13,explicit_euler_dt1,hbv,success,,35.38,0.7073,-0.7900001765161275,2.821443782433459,0.0136213151244255,0.1476167580403454,235.41775149690665,5.999999896775184,0.990432305910124,0.8999999444411038,0.3758683129082291,27.24391963942131,2.9963655490596457,0.0525745907956835,2.79849604755643,0.0,0.0,199.63194655682733,0.0,13.362967550492623,cal_final_2008-09-30
03340800,hbv_lite_cma,evaluation,0.678698,0.495396,0.399523,-0.001183,15.78436,13,explicit_euler_dt1,hbv,success,,28.28,0.7079,-1.7042144830543675,3.3363743608828407,0.0004948440090484,0.0671245668368774,426.7812228080573,4.296754077584477,0.9999998109215706,0.5981314916781789,0.1246466567013738,16.74170650188753,0.6124442617283684,0.001000003619251,1.0448489264317713,0.0,0.0,288.0895374325067,0.0,478.1758449810535,cal_final_2008-09-30
03346000,hbv_lite_cma,evaluation,0.673455,0.668857,0.070708,-0.175426,25.931734,13,explicit_euler_dt1,hbv,success,,36.1,0.6835,-0.7300022028539495,2.6147439619158783,0.0969614285334021,2.433043185515764e-07,243.35923732718985,5.999999966630277,0.2000001450610682,0.899999909985427,0.4578101919897004,35.463335821089416,0.903366536812569,0.0010000000346372,2.851742403169552,0.0,0.0,148.92322482408036,0.0,339.7716675502868,cal_final_2008-09-30
03364500,hbv_lite_cma,evaluation,0.641014,0.692497,0.047357,-0.129155,10.007232,13,explicit_euler_dt1,hbv,success,,28.07,0.6514,-2.494780495469032,0.9338014197705524,0.0531441863475065,6.5801395599039475e-09,186.43557102668,5.999999778382818,0.2000000088139305,0.7156596245699828,0.2757894708206989,19.73915392064504,1.0345333275374755,0.0157291310408281,1.0789237710020383,0.0,0.0,26.618527120415347,0.0,18.20514499958986,cal_final_2008-09-30
03366500,hbv_lite_cma,evaluation,0.671136,0.602429,0.142646,-0.189659,23.521646,13,explicit_euler_dt1,hbv,success,,27.98,0.7136,-2.472011474633368,1.9953139354509013,0.0082823164606555,4.2427016016076685e-06,547.2376157931742,5.999969952401386,0.8685432447052588,0.899999810377423,0.2711596864791186,8.67232492488331,0.8154510722869057,0.0010000043812624,1.790355502583092,0.0,0.0,370.0707288321961,0.0,526.7443358813166,cal_final_2008-09-30
03368000,hbv_lite_cma,evaluation,0.520044,0.463239,0.184632,-0.204502,55.557938,13,explicit_euler_dt1,hbv,success,,27.93,0.5687,-2.2900055650835887,2.0001557390546854,0.0151560173005814,0.0053088292917144,550.2607997210514,5.823500384417621,0.9999999527089698,0.8999998797449499,0.4999997499087249,1.159545105768824e-05,1.8469540982063173,0.0422449952540231,1.9103359100168529,0.0,0.0,393.6027851502935,0.0,5.5578512549416255,cal_final_2008-09-30
03384450,hbv_lite_cma,evaluation,0.623617,0.598094,0.190379,-0.14028,32.383823,13,explicit_euler_dt1,hbv,success,,27.71,0.6775,-1.1800000981376322,4.404823306907906,0.0726803639440577,2.2238804643037988e-08,218.72779329498965,1.720016090310727,0.2000001404741073,0.8999999995172975,0.4999999982009954,4.747309248275838,2.837631809032812,0.0954482966944073,1.0054897699367744,0.0,0.0,17.22048944958348,0.0,0.2215640624861628,cal_final_2008-09-30
03439000,hbv_lite_cma,evaluation,0.754237,0.761499,0.076151,-0.089975,0.557889,13,explicit_euler_dt1,hbv,success,,28.39,0.6671,-2.4999953657870475,8.40485713103565,0.0006043885819984,0.0008042824716331,456.3344537660002,1.0004125745045926,0.2000032405357577,0.8999971444494252,0.1343206910959393,73.22073852639815,7.081576772710272,0.0153270528209176,1.993298181198132,0.0,0.0,158.3283530995089,0.0,76.92382147526992,cal_final_2008-09-30
03455500,hbv_lite_cma,evaluation,0.563936,0.664326,0.141495,-0.155133,1.686037,13,explicit_euler_dt1,hbv,success,,28.16,0.6979,-2.109997789766351,0.9006653919631578,2.707634810984818e-07,1.9074231849297872e-07,129.5195522356857,3.038076094700771,0.2000040186218105,0.8999999746833957,0.2187478223172867,84.22438136801253,9.999999830149305,0.0092291799390507,1.508679850566423,0.0,0.0,80.28041771803512,0.0,150.54446637441148,cal_final_2008-09-30
03456500,hbv_lite_cma,evaluation,0.574397,0.716491,0.156594,-0.150988,2.562576,13,explicit_euler_dt1,hbv,success,,24.79,0.6908,-2.499999999999986,9.999999999999831,0.0915001710910924,1.390253694585828e-13,207.41990155745967,5.999999999996481,0.2000000000156144,0.8999999999999123,0.1911495378710632,74.54515551134864,6.869649879576146,0.0010000000000001,1.213937352935632,0.0,0.0,164.36098064939017,0.0,2066.028639911429,cal_final_2008-09-30
03460000,hbv_lite_cma,evaluation,0.669978,0.826144,0.062549,-0.046854,0.122781,13,explicit_euler_dt1,hbv,success,,28.01,0.7598,-1.9299928724534032,4.882691668063963,0.0075767649463157,4.910002520683861e-07,402.7347727672196,1.851294589963565,0.2098321435406852,0.8999997616134352,0.1874939730027197,25.10954272415641,4.701234637851828,0.060022831669213,1.8555547447341807,0.0,0.0,148.74128646205594,0.0,5.5477295245919445,cal_final_2008-09-30
03463300,hbv_lite_cma,evaluation,0.740818,0.801598,-0.041808,-0.168254,0.575564,13,explicit_euler_dt1,hbv,success,,27.9,0.7862,0.2062912340979936,0.5733098212782319,0.0901263191802438,7.393685112406988e-05,105.22993042731144,1.0242654110424272,0.9973994126614552,0.8999926815934303,0.139574555174237,30.92548293476624,3.585781739361229,0.0368450579816907,1.014146812162933,0.0,0.0,81.46386230998515,10.664799265984346,50.42655439446485,cal_final_2008-09-30
03471500,hbv_lite_cma,evaluation,0.603601,0.729362,0.095702,-0.096316,0.36099,13,explicit_euler_dt1,hbv,success,,36.12,0.6502,-2.130046680984268,1.2105369817466696,0.083305053335974,4.4443766709208065e-09,596.5541483378804,4.122916409756706,0.9163143584301748,0.8999625507300871,0.1416643935546377,16.98882557464319,1.798357819716703,0.0431571944804843,2.8880564087098897,0.0,0.0,436.34678416020216,0.0,14.568891650944948,cal_final_2008-09-30
03473000,hbv_lite_cma,evaluation,0.683833,0.825353,0.073175,-0.048422,0.252107,13,explicit_euler_dt1,hbv,success,,33.14,0.7326,-1.1299994446103525,5.148336480856012,0.0870867524715436,2.9901303166403657e-07,595.7054795665379,4.929396956731015,0.9387297525281728,0.772173186613835,0.1821231574216643,17.296058070265914,1.8907869366874783,0.0628489321730752,2.3667927735742915,0.0,0.0,438.8937663227837,0.0,7.678074951514501,cal_final_2008-09-30
03479000,hbv_lite_cma,evaluation,0.702638,0.671496,0.132443,-0.086711,0.976594,13,explicit_euler_dt1,hbv,success,,27.94,0.706,-2.449615536701766,2.725461976583188,0.0211257680192867,0.0003142873055944,376.4149330627017,3.7739949015403846,0.6735635578516057,0.899999842308911,0.2041261881770004,40.5651127943697,3.4729390511271943,0.0185311469582809,1.5836878004632775,0.0,0.0,317.43498172638454,0.0,64.83092083282388,cal_final_2008-09-30
03488000,hbv_lite_cma,evaluation,0.535801,0.697198,-0.108654,-0.242819,0.621384,13,explicit_euler_dt1,hbv,success,,35.31,0.6464,-2.2901071321074973,0.5000023331903191,0.0004460781319918,0.0004068425631536,193.6532921692836,5.999997926877036,0.2000008243723536,0.7589405756123325,0.2163789712284058,14.548595306910087,1.4401074267660725,0.0126715314532299,2.0410665162257686,0.0,0.0,65.19696261536939,0.0,12.639320503465996,cal_final_2008-09-30
03498500,hbv_lite_cma,evaluation,0.762833,0.815327,0.121325,-0.006958,0.445375,13,explicit_euler_dt1,hbv,success,,27.86,0.8059,-2.4716239274345773,8.95363640472499,0.0955132123663688,0.1564801276942552,241.610522972709,1.4039531669169487,0.2000098365797719,0.8999999974018172,0.2266935398396082,18.50429960960298,2.053373023324193,0.0607121169999914,1.7631753491818958,0.0,0.0,43.13482219036759,0.0,3.729717643210347,cal_final_2008-09-30
03500000,hbv_lite_cma,evaluation,0.709841,0.763079,0.208687,0.062373,0.528235,13,explicit_euler_dt1,hbv,success,,28.98,0.7016,-1.0682075317935344,9.999979514839572,0.0749312433238093,0.0231582979794139,999.999997180081,2.8420587313031653,0.2092984181702245,0.5050650088410683,0.1329445944408834,49.428167387358336,6.904992345267856,0.0279177869367638,1.0109493582776288,0.0,0.0,638.7490120384716,0.0,29.9333075675966,cal_final_2008-09-30
03500240,hbv_lite_cma,evaluation,0.668569,0.747553,0.21014,0.023344,0.7117,13,explicit_euler_dt1,hbv,success,,28.29,0.5909,-2.4999967969352945,9.1138371909358,0.0511707491054793,0.1108794669492718,999.9994785294756,1.614039709462825,0.246234425087542,0.4002779684233452,0.1137162178146933,24.62818586328149,5.0720900064485726,0.030064980290441,1.0004392879845587,0.0,0.0,484.6534415493246,0.0,29.34842298300861,cal_final_2008-09-30
03504000,hbv_lite_cma,evaluation,0.760381,0.87309,0.03775,-0.028605,0.214005,13,explicit_euler_dt1,hbv,success,,28.9,0.7682,-2.4899992155591986,9.999999398933952,0.0987827946749302,7.369338884429892e-09,606.2176378304337,1.3165194456477094,0.3462158010848627,0.8999999941521257,0.178114082408338,70.52172513943826,8.827188279052042,0.0414317392712045,1.6477630374527903,0.0,0.0,245.83673191830627,0.0,18.57303712512697,cal_final_2008-09-30
03574500,hbv_lite_cma,evaluation,0.655021,0.64643,-0.095376,-0.17197,-0.32549,13,explicit_euler_dt1,hbv,success,,43.74,0.731,1.149898540949199,0.6062050894068332,0.0985495718112299,0.1999986563594176,268.6095007948897,5.999990021999961,0.200060733772324,0.4595450566384786,0.2248755122250562,5.182186514924695,1.3088095104043804,0.114062356597401,3.406892365116544,0.0,0.0,68.53429212761768,0.0,0.0150829263986473,cal_final_2008-09-30
03592718,hbv_lite_cma,evaluation,0.442149,0.468648,0.467242,0.071318,4.831183,13,explicit_euler_dt1,hbv,success,,28.11,0.6743,-1.3965344494090892,5.4603253856216085,0.0599662474806292,0.0047674652031499,699.7927157131656,3.057693429290765,0.8751334928932288,0.8055728717686962,0.1488897919560043,16.321233372990527,2.104374723360089,0.0010000000074986,1.469255277319686,0.0,0.0,452.3154427486331,0.0,987.5350886354088,cal_final_2008-09-30
03604000,hbv_lite_cma,evaluation,0.606578,0.581585,0.1656,-0.03065,0.963861,13,explicit_euler_dt1,hbv,success,,35.37,0.7242,-0.0299950730184135,9.999983736119122,0.0002281267367711,0.0288654957477446,352.04329027771286,1.0595177542365406,0.2000000096896401,0.7710082512184778,0.136311624830506,22.65288720866916,1.7361163208918662,0.0010000000109582,2.686333710828878,0.0,0.0,30.03376203991413,0.0,919.4295511101536,cal_final_2008-09-30
04015330,hbv_lite_cma,evaluation,0.571797,0.669077,0.017194,-0.198211,2.176162,13,explicit_euler_dt1,hbv,success,,28.26,0.7356,0.1900003811278456,3.4216460052135407,0.001830375117029,0.1233933912174056,456.7454578498259,5.310672676092773,0.9999999878352162,0.416851211009667,0.4906155765835962,3.17045158645616e-07,3.0248797745716205,0.1997901351883482,1.9733781056206507,0.0,0.0,396.7668869301441,0.0,7.093795801174973,cal_final_2008-09-30
04024430,hbv_lite_cma,evaluation,0.631541,0.682266,-0.135579,-0.242256,-0.192937,13,explicit_euler_dt1,hbv,success,,36.13,0.7529,-0.0899991653840661,2.6495118540477263,0.024790470572698,0.1862160024314097,461.85929147104224,5.0889975803109655,0.8355241965381326,0.7718401960718267,0.3964051238832065,40.14338188856036,3.633038800704997,0.1775144485728911,2.351242153467872,0.0,0.0,382.1346602008717,0.0,7.367668521678852,cal_final_2008-09-30
04027000,hbv_lite_cma,evaluation,0.685236,0.793096,-0.058549,-0.140926,0.056036,13,explicit_euler_dt1,hbv,success,,38.21,0.7864,0.3200000823615632,4.0203268228081885,0.0234851879897407,1.2750789014384332e-08,489.3672180083724,3.7106795084439055,0.6912416814543612,0.8999999998269836,0.3448282633253431,43.3991450732795,2.667446542336544,0.1123762214217089,2.506877262449801,0.0,0.0,318.67284171172577,0.0,5.354882894830862,cal_final_2008-09-30
04040500,hbv_lite_cma,evaluation,0.430217,0.42351,-0.288307,-0.459232,0.495219,13,explicit_euler_dt1,hbv,success,,49.21,0.8097,-1.0700002829290014,2.3688020077409018,0.0533110240257548,2.176428874112901e-09,806.0393663652012,5.999987059121152,0.9718335780758058,0.8999997431758018,0.3201462880238939,26.565311703177752,3.972237522537644,0.1206180185706895,4.9313943894928975,0.0,0.0,672.7924050357379,0.0,6.9640465555418585,cal_final_2008-09-30
04043050,hbv_lite_cma,evaluation,-0.331527,0.422261,-0.136054,-0.044799,0.035045,13,explicit_euler_dt1,hbv,success,,32.09,0.5484,1.6600349873747708,2.224427448244805,0.0999969534361877,0.1928722727812912,230.6696273241462,1.9087282682053224,0.9999982309118576,0.3569866599170518,0.2457022135508603,10.261429641805623,3.141071272780248e-07,0.0010003324776222,1.4140949436331756,0.0,0.0,134.8484632687347,2.999261673893796,0.3725332407468312,cal_final_2008-09-30
04045500,hbv_lite_cma,evaluation,0.704894,0.683395,-0.218682,-0.237066,-0.277216,13,explicit_euler_dt1,hbv,success,,72.12,0.8484,-1.5200001230342186,1.5686623979829886,0.0540843119376644,5.138546587441002e-11,260.5180991662853,2.156450149650521,0.5690704792515635,0.4851489126463744,0.2209401799422509,99.57644925823008,7.834117885312891,0.0736836105209875,9.133364872624597,0.0,0.0,133.5820788804431,0.0,5.612919021869678,cal_final_2008-09-30
04057510,hbv_lite_cma,evaluation,0.622202,0.594985,-0.209152,-0.331791,-0.091679,13,explicit_euler_dt1,hbv,success,,35.6,0.7893,-2.3299997176286023,1.2962511574815498,0.0175885078148216,3.239302021675451e-09,445.8357533832391,1.9767084220900808,0.4182699102480657,0.8999946126786204,0.1453246611328341,25.45610834440348,3.400521342789413,0.0693060662765421,1.1686022271928185,0.0,0.0,177.2473322989337,0.0,3.6980920923741634,cal_final_2008-09-30
04057800,hbv_lite_cma,evaluation,0.481112,0.436656,-0.286356,-0.446407,0.292147,13,explicit_euler_dt1,hbv,success,,40.17,0.804,-1.4799977588374498,2.790078422535483,0.0467797204908984,4.538095450799695e-09,516.7179430537308,3.144996936982075,0.7325163753094202,0.5108306099907712,0.1305841232831858,48.70381723360491,1.7881795460084804,0.0359487733781324,3.2364046996879368,0.0,0.0,305.33596681694945,0.0,8.622753374868703,cal_final_2008-09-30
04059500,hbv_lite_cma,evaluation,0.756752,0.747547,-0.153074,-0.245325,0.165015,13,explicit_euler_dt1,hbv,success,,58.34,0.8615,-1.9600024474576745,1.8079472442847104,0.0235923318993781,0.1999995237262177,422.7966068925435,3.2219167875534214,0.2000001162144618,0.6318466459187728,0.1437448404615569,27.52642864385911,6.803789828254393,0.1175493733842108,3.922197634395414,0.0,0.0,167.19627252424473,0.0,0.4844650910739704,cal_final_2008-09-30
04063700,hbv_lite_cma,evaluation,0.651594,0.593639,-0.263194,-0.334344,0.206039,13,explicit_euler_dt1,hbv,success,,74.06,0.8651,0.1400004077579049,2.5674524093918336,0.0097449778509114,0.0590045752881173,397.63122509745887,2.387598585976973,0.2547386533100178,0.554657927706928,0.1774493421597991,42.32516333178136,0.6480239185058544,0.0020510742483817,9.9661822471328,0.0,0.0,119.71881263506395,0.0,118.21974023451696,cal_final_2008-09-30
04074950,hbv_lite_cma,evaluation,0.674,0.792132,-0.148623,-0.129266,-0.03002,13,explicit_euler_dt1,hbv,success,,51.17,0.8096,-1.801373163025135,1.2970670622007718,0.09997788512175,0.0039229418405209,368.934368730864,1.935862073650635,0.5396638755492689,0.5683417929093348,0.0815679138462316,68.81242688046828,1.0962239204581623,0.0033446943362069,9.61263020568185,0.0,0.0,140.34608338846843,0.0,141.2992779610771,cal_final_2008-09-30
04105700,hbv_lite_cma,evaluation,0.478941,0.742173,-0.118724,-0.155153,0.181449,13,explicit_euler_dt1,hbv,success,,34.11,0.6164,-1.3395559638955628,1.542246477475574,0.0052598894436028,0.0691155248116368,404.6425230625887,1.4742829275181772,0.4562871136759824,0.1591643322261774,0.07894229945217,35.02849495111579,2.078898094076364,0.0023500544096853,1.2714518211165635,0.0,0.0,257.6130667949817,2.637814427707659,349.6859029346897,cal_final_2008-09-30
04115265,hbv_lite_cma,evaluation,0.482131,0.606414,-0.093664,-0.21345,0.379692,13,explicit_euler_dt1,hbv,success,,29.57,0.5966,-1.5100000074059263,2.376161083649364,0.0769342914823126,8.693135082285974e-09,645.6182334815034,1.281633739024855,0.3480895123591975,0.3914834229543882,0.158791873974226,99.60463815391606,1.638684150956122,0.0033038358708665,1.3657247338208511,0.0,0.0,234.0071161801324,0.0,182.4444026863732,cal_final_2008-09-30
04122200,hbv_lite_cma,evaluation,0.353745,0.544974,-0.129939,-0.283327,0.22485,13,explicit_euler_dt1,hbv,success,,77.41,0.6799,-1.559999932725178,2.981229105361968,0.070906228085447,3.352653118466942e-08,466.201648124626,1.000230035791732,0.3676500498038764,0.4963928231762173,0.1793434524589451,22.941259276742475,2.828416398379531,0.0041991425290256,9.918686795427869,0.0,0.0,137.3807101264267,0.0,185.28221835719,cal_final_2008-09-30
04122500,hbv_lite_cma,evaluation,0.539071,0.657634,-0.044848,-0.172376,0.265155,13,explicit_euler_dt1,hbv,success,,60.51,0.6392,-0.9699999940996044,3.855076331990257,0.0629029351896212,2.7051733148177875e-09,277.4457984528986,1.593487617052627,0.6103734781147503,0.1819052602896168,0.047586387097994,98.1521250503481,2.212672676491164,0.003099385546417,4.2327829602150695,0.0,0.0,129.16905101172446,0.0,261.96231379944413,cal_final_2008-09-30
04127918,hbv_lite_cma,evaluation,0.480311,0.508649,-0.251494,-0.363992,-0.192591,13,explicit_euler_dt1,hbv,success,,32.96,0.7147,-1.600001888076586,1.3649306163281456,0.0003783870625573,0.0356504666044129,434.6716980322438,1.130706994352758,0.2000000022796945,0.2716025670090816,0.2802702706834387,83.52388837564328,2.925813369868316,0.0757090038037964,1.3916806049441672,0.0,0.0,116.22022002835703,0.0,5.556882621101164,cal_final_2008-09-30
04127997,hbv_lite_cma,evaluation,0.305221,0.64616,-0.133299,-0.234784,0.015693,13,explicit_euler_dt1,hbv,success,,38.27,0.3874,-2.420000044298626,0.9451641140513248,0.0990176940830447,6.885545206635318e-10,799.7039578986638,1.0000000000204514,0.5099268117732778,0.2114434542947057,0.128200721563466,59.29774420461607,3.285173938436606,0.0041928123398338,1.265094923470436,0.0,0.0,280.3655762026597,0.0,229.88381089119613,cal_final_2008-09-30
04161580,hbv_lite_cma,evaluation,0.478304,0.563341,-0.233272,-0.333717,0.354078,13,explicit_euler_dt1,hbv,success,,51.3,0.6051,-1.7699999896102807,2.4109203442838303,0.0462341339416276,3.238014872938874e-10,545.5412118850172,2.0155969789414203,0.2652777437954592,0.6972098012996812,0.2352923173638781,55.22283519159298,2.0448771106004995,0.0899621768065226,3.753508775667761,0.0,0.0,248.009815189489,0.0,3.38255099470914,cal_final_2008-09-30
04185000,hbv_lite_cma,evaluation,0.773401,0.707123,-0.04182,-0.233749,0.840455,13,explicit_euler_dt1,hbv,success,,51.89,0.8192,-0.4400321245454726,8.953582063448088,0.0546431030935326,0.1999994255945776,464.2851151197937,5.54214722407338,0.8922533416197489,0.8999841420401217,0.1094826402735494,28.98955233665163,9.999889141219231,0.1999999780123936,4.63586024604838,0.0,0.0,332.2821680092825,0.0,0.7483272332195543,cal_final_2008-09-30
04196800,hbv_lite_cma,evaluation,0.631293,0.661073,0.140881,-0.135469,12.644276,13,explicit_euler_dt1,hbv,success,,48.46,0.7268,-0.0099878033382729,3.462810354518505,0.0029781867680582,0.0879585428672813,290.5159780432315,5.999981125154518,0.8526359390656821,0.7307272027416511,0.3764061953566561,41.83033773383996,0.680075609964669,0.1645819563565275,3.4380461143807577,0.0,0.0,155.41947995900696,0.0,0.130687104059737,cal_final_2008-09-30
04197100,hbv_lite_cma,evaluation,0.640061,0.675348,0.045681,-0.18618,5.306833,13,explicit_euler_dt1,hbv,success,,35.52,0.7459,0.5700000616830758,3.264104246726302,0.0729069531568231,6.969452038928109e-09,417.9156655255687,5.999999192268437,0.7660551271725438,0.8160868935100343,0.4435503327589236,47.661032221732455,0.895825814106348,0.1999996947148751,2.201130552102839,0.0,0.0,267.7744476785343,0.0,0.4282104388978854,cal_final_2008-09-30
04197170,hbv_lite_cma,evaluation,0.53477,0.482502,0.246749,-0.215202,10.217005,13,explicit_euler_dt1,hbv,success,,27.55,0.6513,0.1543456580699538,5.739916730020222,0.0502176010409347,0.1932502950399906,316.4465782678616,4.006597719743184,0.8143320676501153,0.6681347783354478,0.0115751523189098,22.79011506321412,0.4067088734777701,0.0010048804756813,1.0088706186581005,0.0,0.0,197.18042135584992,0.4998272166464368,369.673940199759,cal_final_2008-09-30
04213000,hbv_lite_cma,evaluation,0.039324,-0.10443,0.12572,-0.652897,29.112388,13,explicit_euler_dt1,hbv,success,,42.86,0.0964,-2.4999999940074344,0.7344865171944548,0.019025899889629,1.853322366466076e-13,50.00000023919621,1.8622590764308384,0.9794433980496736,0.6778988248424237,0.4999999951854709,44.34369068161777,9.999999977672042,0.0014657650448983,3.4807687830748617,0.0,0.0,36.14951145886858,0.0,1322.7505344735937,cal_final_2008-09-30
04213075,hbv_lite_cma,evaluation,-0.285065,-0.698276,-0.999893,-0.999963,-0.999254,13,explicit_euler_dt1,hbv,success,,36.02,-0.3637,2.438894502831353,7.476114577595582,0.075842552989606,1.2364499908813108e-05,657.1717330905295,5.620931702940629,0.999527014425414,0.2109023719608304,0.1010091163549042,80.49165749243025,6.642746653385645,0.0010000000000001,9.806543160824988,8144.8400000000065,0.0,124.18840740487823,0.0,0.5590060987825523,cal_final_2008-09-30
04216418,hbv_lite_cma,evaluation,0.648395,0.721758,0.049025,-0.161699,1.404671,13,explicit_euler_dt1,hbv,success,,27.75,0.6525,-1.5100176462071535,1.984887878021444,0.0356901517275155,5.241902962935835e-08,357.5674142555975,2.651369742495559,0.5108697249287271,0.7000370806008389,0.4999965999113399,10.42807634429944,3.298726783123059,0.1199993129729739,1.973180455857911,0.0,0.0,235.96724034149025,0.0,4.02061569068849,cal_final_2008-09-30
04221000,hbv_lite_cma,evaluation,0.628883,0.674245,-0.040799,-0.204181,1.610704,13,explicit_euler_dt1,hbv,success,,27.65,0.773,-1.6500001566467557,1.8677991135405616,0.0031641988995309,0.1999999605186899,501.1285662711098,5.999999900676952,0.9999999061159366,0.4635428925026669,0.2445944308330053,12.32694538650011,2.298431612834067,0.1101772796945673,1.1166575045072704,0.0,0.0,414.0958967595262,0.0,6.22939824006261,cal_final_2008-09-30
04224775,hbv_lite_cma,evaluation,0.560696,0.570626,-0.122452,-0.305362,0.983171,13,explicit_euler_dt1,hbv,success,,27.39,0.6726,-0.3900007260818103,2.63109755131928,0.0999999464056678,0.1608605734335228,582.7042784684284,5.999672980054425,0.969577851995628,0.6096967010837749,0.4130590355453288,10.203102511326556,3.722511789100519,0.1267123883665983,1.2972838896559105,0.0,0.0,487.9757660291178,0.0,5.243681672096984,cal_final_2008-09-30
04233000,hbv_lite_cma,evaluation,0.640575,0.584991,-0.182448,-0.25658,-0.023652,13,explicit_euler_dt1,hbv,success,,27.41,0.7102,-1.1400001325803375,1.9633421144630805,0.0744708442367911,6.86754497325442e-12,326.55355471329625,2.032842372589384,0.3165572670012915,0.7092692314544518,0.3558776942360082,13.966139320507892,3.4229036861342443,0.1155925436570919,1.0136732595538824,0.0,0.0,119.71741027795478,0.0,2.2994733748992333,cal_final_2008-09-30
04256000,hbv_lite_cma,evaluation,0.739796,0.80774,-0.020247,-0.156387,0.809366,13,explicit_euler_dt1,hbv,success,,32.9,0.7733,-2.0000020546321826,1.742456451591771,0.0073959221339102,0.0369871296736763,437.97628530112246,2.619965523045668,0.9999515231489642,0.6241599747785537,0.3041179728138931,15.726529137186995,2.783096290713845,0.0720331544197019,2.2492438027110166,0.0,0.0,343.7220967942783,0.0,13.18270430379542,cal_final_2008-09-30
04296000,hbv_lite_cma,evaluation,0.708227,0.803912,-0.056951,-0.176844,0.359681,13,explicit_euler_dt1,hbv,success,,29.42,0.7297,-1.7800002922068774,1.956009787573232,0.0407753297648545,1.0549690691498844e-11,282.3019014252721,1.2786860584232649,0.2000000057772407,0.3286747515616756,0.4336023459361781,76.7447956420462,7.935318358410503,0.1666934382686208,1.6310663851942242,0.0,0.0,149.11516220516938,0.0,4.657937007602483,cal_final_2008-09-30
05057200,hbv_lite_cma,evaluation,-0.110102,0.460839,0.098752,-0.097043,9.822705,13,explicit_euler_dt1,hbv,success,,39.18,0.4044,-0.0498915999253046,3.488951200238376,0.012183061346733,0.0019277451681198,413.4534802295176,2.3438052557073394,0.2000000002200296,0.3071087667909552,0.4355741246877244,43.52627445736504,0.2962099599029482,0.115454006799316,4.737374863275797,0.0,0.0,91.3932100446577,0.0,0.2948565876133016,cal_final_2008-09-30
05120500,hbv_lite_cma,evaluation,0.235882,0.015193,-0.565298,-0.691055,18.890147,13,explicit_euler_dt1,hbv,success,,85.41,0.2651,-1.0499999157482325,2.286274678899409,0.0121769342445753,0.1999999997978424,999.9999993058252,2.4724165544743624,0.2000000000713262,0.3756757481463643,0.1054280016871014,76.36419297962729,6.906579882045673,0.1050840293847447,9.43920494255454,0.0,0.0,183.5737231491977,0.0,0.1479617240013833,cal_final_2008-09-30
05291000,hbv_lite_cma,evaluation,0.597216,0.500586,-0.090409,-0.316684,2.350996,13,explicit_euler_dt1,hbv,success,,37.63,0.4803,-0.0470039288177757,7.544726883949769,0.0118885631265047,0.1999999487909369,347.034235533653,1.6337748847999634,0.2000000077788416,0.2182205651984208,0.4826325280215011,69.17181978912002,2.4802761032623257,0.134286166287099,2.6852515605633727,0.0,0.0,67.12150349134095,0.0,0.5726622356955797,cal_final_2008-09-30
05362000,hbv_lite_cma,evaluation,0.595173,0.687454,-0.187635,-0.222215,-0.504636,13,explicit_euler_dt1,hbv,success,,46.15,0.8424,0.7000184260867712,4.569970120202389,0.0041961359281966,0.1322751074794899,404.53990670460894,5.998213640325034,0.7912796771295945,0.8999778053285856,0.3316801092049253,42.47880871860082,2.2059989028398217,0.1997262922081041,3.420113027975813,0.0,0.0,249.22505813880707,0.0,0.4280196567240885,cal_final_2008-09-30
05393500,hbv_lite_cma,evaluation,0.629369,0.698716,-0.146613,-0.215259,-0.193745,13,explicit_euler_dt1,hbv,success,,35.65,0.7653,0.5400000048530229,4.183792876157028,0.0222146614687735,0.1503730298461997,441.1774594816069,5.5200302006671205,0.999999993899158,0.5234908512635831,0.4318012948707983,96.62491381718915,6.5401214068325455,0.1999999993236375,2.5023053707793155,0.0,0.0,279.39743902447793,0.0,0.3980776168633039,cal_final_2008-09-30
05399500,hbv_lite_cma,evaluation,0.470879,0.553881,0.272732,-0.131051,6.567,13,explicit_euler_dt1,hbv,success,,21.66,0.5657,1.6400002177356257,6.918091122892947,0.0684240958308939,7.491299490742345e-10,388.39477392377415,3.6934788177202447,0.9999999913035224,0.6176115373122444,0.2175988719553786,7.555468951928946,0.7674990773995727,0.0868960471487155,1.5842947534390546,0.0,0.0,234.96687198317764,0.0,2.308055773600371,cal_final_2008-09-30
05408000,hbv_lite_cma,evaluation,0.116693,0.190451,0.145886,-0.294488,0.842233,13,explicit_euler_dt1,hbv,success,,27.69,0.8353,-1.948125899184315,2.833730899220326,0.0323871229410383,0.1999810279672643,229.0201618514992,4.343485233148408,0.201400473576844,0.4179496641628416,0.3404011090674483,18.59143093170294,8.58659517663841,0.00231639918148,1.9973943641949687,0.0,0.0,102.90995753283778,0.0,424.63682553126375,cal_final_2008-09-30
05413500,hbv_lite_cma,evaluation,0.353714,0.517557,0.288649,-0.055372,1.479797,13,explicit_euler_dt1,hbv,success,,28.39,0.767,-0.5399966662944626,5.330062168861341,0.0585281604899562,0.1038954434125291,768.4819887015228,1.3317970915534507,0.3204726715369657,0.8167123298035565,0.1702205400954901,20.26033769593285,3.153712896680931,0.0055834449517388,1.9691590250573467,0.0,0.0,341.5838267807454,0.0,208.92551380247747,cal_final_2008-09-30
05414000,hbv_lite_cma,evaluation,0.349759,0.485825,0.253648,-0.038396,1.276586,13,explicit_euler_dt1,hbv,success,,25.15,0.8212,-1.7199994184968146,3.0741973712299173,0.000298639459771,4.08604418418937e-09,610.9045822543657,2.859768591898109,0.4658831027767394,0.8999999999989018,0.1028265399488637,26.49189350470069,2.2059175102750324,0.0085257896306137,1.0028745244499473,0.0,0.0,371.403806284608,0.0,123.68145254763108,cal_final_2008-09-30
05444000,hbv_lite_cma,evaluation,0.47372,0.541348,-0.021642,-0.239709,0.962417,13,explicit_euler_dt1,hbv,success,,27.61,0.7665,-1.0200556739441375,9.86507978847634,0.0067688903725656,0.103150458596564,367.649593279648,5.827513530487361,0.2038668822756803,0.8999806618104531,0.0658842048914069,22.01791926020156,1.7193219533243809,0.0046271687574709,1.0296632846678506,0.0,0.0,304.69534847522954,0.0,186.41449345370825,cal_final_2008-09-30
05454000,hbv_lite_cma,evaluation,0.483317,0.560918,0.182036,0.037285,7.726191,13,explicit_euler_dt1,hbv,success,,27.57,0.6433,-1.509999792957666,2.5099289003863685,0.0538547330626257,6.884532066341284e-08,598.0292075699284,5.999999912757495,0.7473579236929644,0.899999992460299,0.4999999143162122,0.1231116624445959,4.0804175014976245,0.1540004024624989,1.9681960610961144,0.0,0.0,489.5003155397899,0.0,4.391709375587686,cal_final_2008-09-30
05458000,hbv_lite_cma,evaluation,0.433142,0.696813,0.068563,-0.096196,0.627482,13,explicit_euler_dt1,hbv,success,,35.24,0.7174,-2.1699997875818013,1.981433036198228,0.0789356323180353,1.0295737858753238e-10,187.87367910298863,5.999997516430844,0.200000144310564,0.5798103962042434,0.2129438649157117,18.978694455232965,1.7910166065622002,0.0296002538258045,2.0340454499064062,0.0,0.0,54.87442867760864,0.0,3.205606426283868,cal_final_2008-09-30
05466500,hbv_lite_cma,evaluation,0.629168,0.79318,-0.050014,-0.07567,-0.157894,13,explicit_euler_dt1,hbv,success,,47.32,0.7233,-0.528918946501179,9.988475094178147,3.306066006441501e-09,0.1999994014746434,354.99898845743843,5.513375664306573,0.2000000801460504,0.8999999973644528,0.3094190814255516,15.42588431840422,1.4720613707235617,0.0958235221172752,4.789362604556905,0.0,0.0,319.680751996098,0.2792094788855077,7.433773645044759,cal_final_2008-09-30
05487980,hbv_lite_cma,evaluation,0.628474,0.438409,0.353239,-0.142395,33.589202,13,explicit_euler_dt1,hbv,success,,32.94,0.6153,-2.349012995837489,3.568273553117735,0.0996737051008496,8.725985222705348e-05,623.279771778609,5.999862237452389,0.9999991991296372,0.6275860895438334,0.0356403973795821,7.151766902023482,0.7087005094700443,0.0010000000289397,2.7922797842865945,0.0,0.0,551.2785391314704,6.205313629619478,468.51580746875686,cal_final_2008-09-30
05488200,hbv_lite_cma,evaluation,0.556816,0.533468,-0.029738,-0.202172,13.648374,13,explicit_euler_dt1,hbv,success,,27.65,0.4974,-0.9000340749129068,3.0560055121329577,0.0945288732718189,3.1154350180673234e-08,321.5547846844091,5.999999456186009,0.2000000005741092,0.5670264000643593,0.2642395688561963,4.796572753029094,0.1049892254937189,0.0060727612886797,1.0794644453450548,0.0,0.0,277.39398666684167,2.64505761412384,15.12420017548411,cal_final_2008-09-30
05489000,hbv_lite_cma,evaluation,0.632324,0.611513,0.074755,-0.168103,5.699977,13,explicit_euler_dt1,hbv,success,,27.22,0.5439,-2.4999999999913123,4.129990040309936,0.0729571911101213,3.016808952311148e-13,210.90754668277256,5.999999999999873,0.2000000000000027,0.5187663713338779,0.4999999999986545,73.91110652478862,1.1024836005624572,0.0415449830680688,1.2575088624471853,0.0,0.0,181.4702945844651,0.0,11.153888418632585,cal_final_2008-09-30
05495000,hbv_lite_cma,evaluation,0.631132,0.486145,0.387093,-0.119779,40.989331,13,explicit_euler_dt1,hbv,success,,40.25,0.6499,-2.499452458973917,2.043031183023176,0.0826644431086178,0.0761030341819807,292.9627861351433,5.676862160320973,0.9999999703802048,0.6038544530242508,0.0100001140896079,24.19146161084038,0.4485740776532949,0.0010000031548798,3.572301956643817,0.0,0.0,263.9947724866568,23.487287045540377,399.0652794644564,cal_final_2008-09-30
05495500,hbv_lite_cma,evaluation,0.575005,0.417885,0.364557,-0.163251,54.221903,13,explicit_euler_dt1,hbv,success,,27.15,0.6298,-2.499999999996665,9.999999999999126,0.0170878005348291,1.3570870205039017e-12,592.0482664066617,5.387470210057656,0.9999999999999942,0.6436376556277662,0.0407721660813898,8.57253882220973,0.7609054572685223,0.0010000000000005,1.7657593907699551,0.0,0.0,512.2338813039377,2.796262518290232,490.2133944362548,cal_final_2008-09-30
05501000,hbv_lite_cma,evaluation,0.495024,0.484878,-0.035122,-0.302015,13.30923,13,explicit_euler_dt1,hbv,success,,27.65,0.667,-2.489999637474228,0.6527910972762601,0.0003672469397248,5.642595751396311e-09,219.0369692489374,5.999999955133887,0.200000006237747,0.4983753057272334,0.2320263659875276,4.482848916397807,0.7964107886041161,0.0077642473739794,1.5051239136821102,0.0,0.0,187.1955579257543,0.8013222026743042,63.91348157160836,cal_final_2008-09-30
05503800,hbv_lite_cma,evaluation,0.491931,0.473159,0.040058,-0.365076,643.166273,13,explicit_euler_dt1,hbv,success,,27.58,0.6262,-2.4999999996386726,9.47347599100295,0.0564974800111959,4.3483776206948775e-12,243.1040145650813,5.999999989789474,0.2000000423803336,0.5545308555565305,0.1846482563818237,3.352293939245906,1.3455546363947597,0.0010000000064009,1.9276043799735223,0.0,0.0,209.6074358360994,0.0,393.14370522863584,cal_final_2008-09-30
05507600,hbv_lite_cma,evaluation,0.510505,0.21553,0.672353,-0.033551,747.194065,13,explicit_euler_dt1,hbv,success,,24.45,0.645,-2.4999999999871445,9.999999999996534,0.0654464677957393,8.359716772271767e-12,394.15622150316193,5.99999999986154,0.9999999999971084,0.8590498103947404,0.0531672347307524,7.581870948309108,0.7994360219199894,0.001000000000001,1.1426192584996744,0.0,0.0,359.8458040667107,3.316215027026117,475.6995687406649,cal_final_2008-09-30
05508805,hbv_lite_cma,evaluation,0.556118,0.363216,0.492226,-0.099818,70.037387,13,explicit_euler_dt1,hbv,success,,27.58,0.6135,-2.5,9.999999999970624,0.0183840274398143,1.0132265298979744e-11,493.4769146532417,5.999999998679064,0.9999999999842456,0.7519024996777035,0.0660668361440341,7.676284598210644,0.8239863993959345,0.001000000000007,1.0076117740697084,0.0,0.0,455.9340342773708,3.5728381201278343,459.3514381686993,cal_final_2008-09-30
05525500,hbv_lite_cma,evaluation,0.683831,0.657872,0.246714,-0.014005,9.423203,13,explicit_euler_dt1,hbv,success,,45.98,0.7652,-0.6999531530971617,4.7122600095988325,0.0408792366455913,3.096563686056923e-06,517.1469724363642,5.9963974305904735,0.9763689352792476,0.5355198529276586,0.0293181809223581,11.707256214459004,0.4283593584811351,0.0420444845727961,4.048045712772783,0.0,0.0,451.8156093605153,5.062771157699733,9.251711027007737,cal_final_2008-09-30
05556500,hbv_lite_cma,evaluation,0.522907,0.594773,-0.090033,-0.226044,1.344474,13,explicit_euler_dt1,hbv,success,,29.88,0.6748,-0.650000021574535,9.999999998515095,0.0194677532059002,1.0196750343536002e-09,332.8255500344831,5.999999996990313,0.2000000023317514,0.8382681742394459,0.1311193505524583,22.40449629192986,0.0115711291532988,0.1264601381166094,1.000812460876647,0.0,0.0,305.71609432829706,9.663261858141484,0.079929080522489,cal_final_2008-09-30
05584500,hbv_lite_cma,evaluation,0.681876,0.695426,0.097477,-0.124661,11.58742,13,explicit_euler_dt1,hbv,success,,50.87,0.6167,-0.2800001625271791,8.16411302025365,0.0248642161427137,9.351520958572635e-09,290.67880372714427,5.99999999661916,0.2000000217487021,0.6647585005232147,0.3800888339401042,24.824710697154583,0.8465995040806997,0.0135006682893314,4.67162721601507,0.0,0.0,252.20645353997423,0.1999003144180378,29.84651852611997,cal_final_2008-09-30
05591550,hbv_lite_cma,evaluation,0.688715,0.58076,0.354943,0.031613,61.783303,13,explicit_euler_dt1,hbv,success,,27.54,0.704,-1.6599998822200512,1.3113674998171103,0.0845283428737374,1.1607715999239441e-08,675.3198776965597,5.999999899262916,0.9554292994942246,0.8999999980916892,0.4999999992403853,0.0001518688507896,4.538681733438871,0.1584200101263382,1.9685690817063533,0.0,0.0,558.3141526061072,0.0,2.631586711102569,cal_final_2008-09-30
05592050,hbv_lite_cma,evaluation,0.565552,0.537061,0.065956,-0.20542,54.116525,13,explicit_euler_dt1,hbv,success,,27.45,0.7128,-1.3199938522617891,1.3140746852302714,0.0015460609408251,3.096111194472597e-08,320.1267099455586,3.717814610026304,0.2000233481908484,0.7649454919398012,0.1465109545757474,11.16710237575158,0.2813147306116487,0.0010000000109723,1.0028950373846175,0.0,0.0,244.1976656660185,2.089301086917908,172.21496305609847,cal_final_2008-09-30
05592575,hbv_lite_cma,evaluation,0.624535,0.520243,0.306377,-0.103669,85650.509074,13,explicit_euler_dt1,hbv,success,,27.65,0.6292,-2.380004936482228,0.5246709666213862,0.0998640787139941,0.0219928961716532,460.2082151225193,5.999975138603628,0.7380726529234467,0.8999999898642634,0.4999993142165457,2.262314364147747,1.181231213662462,0.0010000028910052,1.866501695963083,0.0,0.0,338.4862322979756,0.0,408.56041420475015,cal_final_2008-09-30
05593575,hbv_lite_cma,evaluation,0.658826,0.459276,0.358293,-0.101054,70.802369,13,explicit_euler_dt1,hbv,success,,27.55,0.6824,-1.6698922157188836,1.6613043017492508,0.0999890729939748,0.1999261546511193,466.3485495122008,5.999999859596585,0.9999926651767754,0.5716556329265134,0.4560818931316261,24.967372042874587,1.1001743049981356,0.0010000005324386,1.0198156927277602,0.0,0.0,363.680891321996,0.0,444.1420560032775,cal_final_2008-09-30
05593900,hbv_lite_cma,evaluation,0.469593,0.276429,0.603394,-0.057896,190.263473,13,explicit_euler_dt1,hbv,success,,28.05,0.6573,-0.9906826939065092,0.6333040167937536,0.0017554291103359,0.018076585686427,237.57370856823889,5.999928504073771,0.9999999375457332,0.750373565063559,0.0695873788869037,13.529553891902784,0.8409019311970647,0.0010000136693519,1.9954397843571536,0.0,0.0,207.8171625857356,2.790055650509191,494.0339587476928,cal_final_2008-09-30
05595730,hbv_lite_cma,evaluation,0.642886,0.548423,0.121765,-0.081391,27.734992,13,explicit_euler_dt1,hbv,success,,27.62,0.6156,-1.9201861966179048,1.8381883512995032,0.0813850531643746,0.099258482049385,268.1843457254547,5.999999435329536,0.2000001507593408,0.5514143624221182,0.4999999639701472,17.2186372993833,5.519799190145954e-07,0.1866596497827337,1.0059300009820649,0.0,0.0,135.09934136404328,0.0282722153665376,2.405166521885103e-06,cal_final_2008-09-30
06221400,hbv_lite_cma,evaluation,0.610335,0.72584,-0.171209,-0.211192,-0.487807,13,explicit_euler_dt1,hbv,success,,41.56,0.6595,0.1899996094864375,2.198291985929328,0.00083936137753,0.0449531534228273,50.00000016229474,1.0000000159682552,0.9999999736320292,0.3808432713302944,0.1424552103021528,57.18628969970181,9.999998872979766,0.0288095240705505,1.3065023140083736,0.0,0.0,14.871189022129643,0.0,23.1526931404848,cal_final_2008-09-30
06224000,hbv_lite_cma,evaluation,0.751498,0.762966,-0.173284,-0.170177,-0.731232,13,explicit_euler_dt1,hbv,success,,33.53,0.8374,1.0000000058714194,6.651823816490429,0.0305737604329529,3.068919413198625e-10,50.00000006978338,1.0000000010933674,0.999999997666777,0.0500000000328514,0.0100000000078475,99.99999976016402,5.275028340537668,0.0301556668208378,1.2638823726276969,0.0,0.0,14.938765110489332,0.0,19.96410491312185,cal_final_2008-09-30
06278300,hbv_lite_cma,evaluation,0.759955,0.778204,-0.155252,-0.156417,-0.93257,13,explicit_euler_dt1,hbv,success,,23.31,0.8151,2.073539792368625,7.515975610065835,0.0641174711446757,3.190311527492205e-15,450.02317596425024,1.000000000000013,0.999999999999974,0.8572511314529032,0.3258389896210263,71.92556111396313,9.999999999999991,0.0867345565059857,1.5823206460939852,0.0,0.0,188.0899392923677,0.0,4.535034593730948,cal_final_2008-09-30
06280300,hbv_lite_cma,evaluation,0.627587,0.738163,0.100967,0.107979,-0.769845,13,explicit_euler_dt1,hbv,success,,32.78,0.7997,0.7399999935061059,2.0611504710517456,0.0999535317004399,5.331628039846886e-10,72.19761515373466,1.0000000495909902,0.9999999956138994,0.6761865301977658,0.338986084051625,30.6611284002542,9.458873247666368,0.0376588348195215,1.3852470904208194,0.0,0.0,23.574046187809504,0.0,16.04436097784687,cal_final_2008-09-30
06289000,hbv_lite_cma,evaluation,0.631705,0.79582,0.099962,-0.002914,0.493377,13,explicit_euler_dt1,hbv,success,,41.78,0.7658,-1.4939531711899705,0.858038981910594,0.0914135591310996,0.1995544397312304,417.230286361849,1.1727024619716384,0.9999981083225928,0.0500066686127127,0.0211126660618218,56.37351840533861,0.8704495355043113,0.0011127896384321,1.8505976529953048,0.0,0.0,159.1160507180463,0.0,383.7537156611141,cal_final_2008-09-30
06291500,hbv_lite_cma,evaluation,0.570193,0.771584,-0.086113,-0.05359,-0.587842,13,explicit_euler_dt1,hbv,success,,53.98,0.7598,1.4099968289935667,0.5000000090462465,0.0475372064769413,0.1999993207532539,347.2456461725624,2.055848456970052,0.9999621270994888,0.103352374330188,0.1398614423977978,54.15316425189951,9.999845527141485,0.0506799087230731,1.5150469051272435,0.0,0.0,149.7007474254935,0.0,3.268996676855673,cal_final_2008-09-30
06311000,hbv_lite_cma,evaluation,0.751045,0.706939,-0.189834,-0.212376,-0.798178,13,explicit_euler_dt1,hbv,success,,39.84,0.7371,2.1800000036246123,9.99999998932794,0.099999970761489,0.1674534332613266,346.64607160935105,2.0065932716334904,0.9999999957641744,0.5787965787959799,0.1093639778082641,93.88207508611048,8.890374226107067,0.0562130553742132,3.933435231609863,0.0,0.0,148.8592285486704,0.0,3.088582803830875,cal_final_2008-09-30
06332515,hbv_lite_cma,evaluation,0.203119,0.381322,-0.09825,-0.350307,7.703995,13,explicit_euler_dt1,hbv,success,,28.0,0.2461,0.6400091801531067,2.572904654778999,0.0860787851091922,7.189374018958837e-08,257.78473587680526,3.797189628318188,0.5380771298901892,0.8999964470131729,0.4999323549412052,0.476801783943074,6.291866106692968e-08,0.0869843105669625,1.781694698710128,0.0,0.0,77.8209217617547,0.0004273877485862,6.604147823988131e-07,cal_final_2008-09-30
06339100,hbv_lite_cma,evaluation,-0.006962,-0.284409,0.996376,-0.311015,185.829019,13,explicit_euler_dt1,hbv,success,,27.79,0.6366,0.5818369391690013,7.664666716995371,0.0212702333843052,1.8772002000757825e-05,88.74465453689194,5.996825841326532,0.7275145919827362,0.8999606499620116,0.3264140459129081,7.134045574940701,5.274330374166176,0.0010007403534276,1.911789346244112,0.0,0.0,29.1607630260446,0.0,99.47716831094556,cal_final_2008-09-30
06344600,hbv_lite_cma,evaluation,0.018751,0.145476,0.31348,-0.121175,22.145189,13,explicit_euler_dt1,hbv,success,,28.13,0.1659,0.8499998289771722,7.900569314495337,1.2418585797494288e-10,0.1999999931168381,284.8128943524732,1.5041435753889063,0.2000000001607354,0.8999999795852088,0.4999998916040546,0.4950361043581411,0.7004582236066348,0.1999999525005841,1.0966260303864657,0.0,0.0,22.78485639047651,0.0,0.0345892537032254,cal_final_2008-09-30
06350000,hbv_lite_cma,evaluation,0.090006,0.026421,-0.188208,-0.372426,0.299701,13,explicit_euler_dt1,hbv,success,,45.02,0.1434,2.1999989098997528,7.666268511216548,0.0403570074740061,0.1003903029780967,343.21607952078074,2.0575790645766867,0.2000000001651934,0.1276513727280509,0.010000246876677,78.44763072340871,0.7767933695410703,0.199999952466636,2.934120346879688,0.0,0.0,22.707551349881385,0.0,0.0045019174731599,cal_final_2008-09-30
06352000,hbv_lite_cma,evaluation,-0.763548,0.125152,0.463044,0.126121,-0.553549,13,explicit_euler_dt1,hbv,success,,52.5,0.2964,-0.2000025546107062,2.1413810576955736,0.0176174378680217,1.9783374011504722e-07,112.49595126415008,5.999998667812358,0.4353718117659497,0.6339589834911981,0.4000035581686685,87.81216187639541,0.0994602930752461,0.1999977234544946,5.155571957654725,0.0,0.0,12.501249630751614,0.0,1.745077733947129e-06,cal_final_2008-09-30
06404000,hbv_lite_cma,evaluation,0.558059,0.781792,0.036328,-0.01868,0.11006,13,explicit_euler_dt1,hbv,success,,28.63,0.7428,2.069627840111316,4.7749964659207125,0.0541178903309225,0.1987602017712099,290.9111775482616,2.709341737591557,0.47683136674889,0.8999986648502829,0.3266266604689214,1.332941101451209,0.7023107456349031,0.0604031461789825,1.2064953903430262,0.0,0.0,69.54303336285247,0.0,0.3711623020469115,cal_final_2008-09-30
06406000,hbv_lite_cma,evaluation,0.546283,0.506783,-0.24255,-0.446386,3.714416,13,explicit_euler_dt1,hbv,success,,34.89,0.1762,2.499055850591624,0.5000005460044175,0.0999774970405153,0.1976766567875595,923.5317236443614,1.516088268927323,0.2000001674336234,0.8999999383240574,0.0644708889932034,2.723724606480173,0.3137253523798776,0.0035513353846733,1.062934488848528,0.0,0.0,107.07365793355288,0.0,23.525891115090165,cal_final_2008-09-30
06409000,hbv_lite_cma,evaluation,0.394965,0.526223,0.133907,-0.180278,0.770617,13,explicit_euler_dt1,hbv,success,,40.16,-0.0763,-2.4999999999994067,9.99999999993382,0.0717645990448627,3.793493633638656e-12,999.9999999994246,1.2325865959337103,0.2000000000000338,0.8988164377065219,0.4358191180490076,99.83030855455048,9.98588008173234,0.0031164493152816,1.269075934756966,0.0,0.0,123.61083482955225,0.0,61.72947576351508,cal_final_2008-09-30
06431500,hbv_lite_cma,evaluation,0.387592,0.618668,0.254088,0.078994,0.69042,13,explicit_euler_dt1,hbv,success,,41.2,0.4779,1.8563058975841464,1.4168724566870627,0.0062803657599131,6.161550879846309e-07,999.9756603458028,1.0000004592287794,0.2196498016593395,0.687978096523751,0.1495669320086253,25.74282902394093,2.368636055468993,0.0028486496691425,1.5394591510713904,0.0,0.0,159.9892810761464,0.0,158.31407236407532,cal_final_2008-09-30
06440200,hbv_lite_cma,evaluation,0.103109,0.455187,0.014211,-0.240687,1829.232305,13,explicit_euler_dt1,hbv,success,,28.87,0.6082,-0.2799987821253631,7.739302356010477,0.015624877461672,0.0179318478505994,106.2975562082225,4.7263411495944805,0.2962531279396846,0.8428262827540532,0.499999995745435,29.663051460444,3.637231615167806e-10,0.1825088385990574,1.5458882538448169,0.0,0.0,20.759502519784128,6.75306576834214e-05,1.628812802310114e-09,cal_final_2008-09-30
06447500,hbv_lite_cma,evaluation,0.187802,0.16485,-0.05381,-0.45618,1.271384,13,explicit_euler_dt1,hbv,success,,48.24,0.1256,2.446528445414748,9.990479894851884,0.0214017003069875,0.105285791509552,999.902680538196,1.5418398947014238,0.2000212496840223,0.4305791202781486,0.1193611834746324,7.634777018468652,0.3477480307873664,0.001670521309039,7.971566203018189,0.0,0.0,108.92030400848634,0.0,32.73903200027902,cal_final_2008-09-30
06470800,hbv_lite_cma,evaluation,0.228612,0.15787,-0.335169,-0.50419,55.514,13,explicit_euler_dt1,hbv,success,,47.14,0.59,0.6500002086293395,2.487900984843759,0.0012694354475185,0.1999962101977146,591.971913422695,5.036148235751101,0.5194111477427015,0.8945410509210684,0.4165714311136651,92.0301552884418,9.662717412884568,0.150923461943298,3.904158670985307,0.0,0.0,269.4578104725192,0.0,0.12654983659037,cal_final_2008-09-30
06477500,hbv_lite_cma,evaluation,0.507749,0.427463,-0.13963,-0.321526,187.816369,13,explicit_euler_dt1,hbv,success,,46.8,0.5395,1.414116326166866,4.521031349878375,0.099999989972268,0.1668906286210661,504.9905673648661,2.60902347320951,0.2000000005162962,0.3144568645785368,0.2981924628038503,51.10726925278384,0.0912524259957688,0.1550248435990751,4.64315042021104,0.0,0.0,67.98185551243972,0.0,0.0230373883581358,cal_final_2008-09-30
06479215,hbv_lite_cma,evaluation,0.32012,0.291835,-0.049795,-0.386886,17.44345,13,explicit_euler_dt1,hbv,success,,46.52,0.436,0.0370375278156425,9.999925920813036,0.0045924441909528,0.1999565665897811,602.163160808113,1.272945603950891,0.2000023085239008,0.8999998057975918,0.0889744079985938,7.010035302666928,0.4794600391413533,0.1706774473452964,3.846553603177808,0.0,0.0,106.78833437191533,0.0,0.6334546032747471,cal_final_2008-09-30
06601000,hbv_lite_cma,evaluation,0.361641,0.316763,0.158682,-0.37777,3.434488,13,explicit_euler_dt1,hbv,success,,29.09,0.2719,-0.248404106197225,7.847465895947909,4.705076889467857e-06,0.1999879803458258,999.645376575702,1.0776432969769794,0.2865306063894761,0.8999872905247099,0.4803495552051876,0.0082688589338383,4.066839820625507,0.001003779391854,1.678662584491867,0.0,0.0,215.50305366208727,0.0,424.8208209951774,cal_final_2008-09-30
06614800,hbv_lite_cma,evaluation,0.807482,0.717602,-0.187665,-0.176915,-0.921039,13,explicit_euler_dt1,hbv,success,,57.25,0.8768,2.4699999934107018,6.114672704102952,0.0245153357570557,0.0073978807656679,999.9993707136728,1.0000000045126274,0.9999999938586746,0.8999569749719096,0.1128815126448483,98.29953851415272,9.999997194726223,0.0626811651203926,1.9956947508381608,0.0,0.0,542.0075355670944,0.0,19.644057871946668,cal_final_2008-09-30
06622700,hbv_lite_cma,evaluation,0.769335,0.862787,0.00501,-0.07189,-0.095392,13,explicit_euler_dt1,hbv,success,,30.9,0.7264,0.038702697472396,2.9668939739557927,0.0916152948582377,4.6313198082167284e-14,264.44044295725905,1.0000000000216611,0.6750827099280685,0.128014696613446,0.4968431765314179,78.11598697562606,9.999999999999927,0.0361769326845894,1.1628527477394188,0.0,0.0,55.86245897620153,0.0,8.862162022895859,cal_final_2008-09-30
06623800,hbv_lite_cma,evaluation,0.70938,0.84802,-0.001655,0.038799,-0.718858,13,explicit_euler_dt1,hbv,success,,60.15,0.8755,-0.6400105372831537,3.3496496879322,0.0886618434860817,0.0389489756921997,376.333729851207,1.0365003302587277,0.2434416368985204,0.0500015362208414,0.0100000010614099,7.575600857459952,9.999195734158745,0.041241313582342,1.9894684606003488,0.0,0.0,48.88836340706892,0.0,8.965632651536907,cal_final_2008-09-30
06632400,hbv_lite_cma,evaluation,0.699463,0.828342,0.073934,0.002096,-0.738628,13,explicit_euler_dt1,hbv,success,,71.16,0.6987,-1.1304971829801262,6.136124763465812,0.0998086314901461,0.0449551289399952,68.16884250834424,2.967315822477924,0.998338114723098,0.1943240765315942,0.010000054831936,99.999932379942,9.999967569996528,0.0331873302031552,6.555292270692648,0.0,0.0,25.03198807612388,0.0,5.444473889859422,cal_final_2008-09-30
06746095,hbv_lite_cma,evaluation,0.715243,0.572447,-0.35802,-0.287471,-0.872057,13,explicit_euler_dt1,hbv,success,,39.87,0.8157,2.4799994791221787,4.3224591675031405,0.0680591121685222,0.0996248163255157,50.00000064483668,1.0000000363822277,0.9999999632063652,0.1492467914625987,0.0467886384609137,53.94456170772573,9.999999917108646,0.0773871839990033,1.1110941590301069,0.0,0.0,21.005757044796148,0.0,13.478959991186487,cal_final_2008-09-30
06803510,hbv_lite_cma,evaluation,0.56004,0.466001,-0.020684,-0.28772,1.836183,13,explicit_euler_dt1,hbv,success,,27.68,0.751,-0.6500529215245219,0.5000000008877155,0.0833576143520291,0.0734606666153795,260.21869106411793,5.9999836487299545,0.5099701640134431,0.8999999945341338,0.4999991867025452,2.4610226080038893,2.13117523409141,0.0019627777817079,1.0936166267467662,0.0,0.0,142.46502951918768,0.0,158.12956573911015,cal_final_2008-09-30
06803530,hbv_lite_cma,evaluation,0.533929,0.511671,0.119098,-0.211539,2.293897,13,explicit_euler_dt1,hbv,success,,27.52,0.71,-2.060476907520369,1.561736995835161,0.0699351829217238,0.1999351870478176,406.3928120394766,5.647912101996426,0.7083994305101393,0.8999998641276651,0.2642483348619672,4.211097041606733,0.9252337976020798,0.001306140738019,1.0670953848246465,0.0,0.0,259.925299904403,0.0,189.29123753328568,cal_final_2008-09-30
06814000,hbv_lite_cma,evaluation,0.608142,0.426139,0.476014,-0.074422,24.124383,13,explicit_euler_dt1,hbv,success,,27.68,0.6088,-2.119999674233568,1.41732187023692,0.0840387017437576,3.8867227217362375e-08,321.86246495043804,5.999999226937129,0.9999999542470128,0.6056957974410179,0.1537131538483127,5.861755676222499,1.480720712536405,0.0010000000084757,1.0563475556621846,0.0,0.0,230.8397712283442,0.0,454.7067631112551,cal_final_2008-09-30
06847900,hbv_lite_cma,evaluation,0.053816,-0.089664,-0.267697,-0.40352,6.728543,13,explicit_euler_dt1,hbv,success,,29.36,0.0474,-0.1799999805963374,8.037658286386852,2.9262267829142175e-10,0.199999942441083,999.9999984194696,3.395783675031631,0.2850968459004341,0.4193644352418565,0.3948310613034682,87.86864346422982,6.986030528984833,0.1999999998898513,1.281432017135623,0.0,0.0,184.0300745191446,0.0,0.0048671871818127,cal_final_2008-09-30
06853800,hbv_lite_cma,evaluation,0.515444,0.35112,0.497436,-0.124393,18.860458,13,explicit_euler_dt1,hbv,success,,33.15,0.3632,-0.7169499087599789,3.3527052638843644,0.0234466042488129,0.1549595618110137,556.4798224221829,2.9734993606643947,0.5320001623229977,0.2330165138176462,0.4999999739651867,61.00904782901767,0.9300306219528264,0.0010000052673783,2.103478015999136,0.0,0.0,257.09830690079974,0.0,163.05652376296973,cal_final_2008-09-30
06876700,hbv_lite_cma,evaluation,0.631658,0.546661,0.117306,-0.25979,17.562325,13,explicit_euler_dt1,hbv,success,,42.15,0.4219,-2.1698442547559864,0.7229522687455163,0.0382101236118913,0.0003679743801135,999.9999497243168,1.6888247553418283,0.2554490905118595,0.4658816902649544,0.0915222627308527,1.2046774625541874,0.2368117956866634,0.001000000399558,5.261503931271897,0.0,0.0,239.91833366606923,0.0,108.32576951718129,cal_final_2008-09-30
06878000,hbv_lite_cma,evaluation,0.439558,0.654789,-0.047322,-0.046223,-0.489832,13,explicit_euler_dt1,hbv,success,,32.23,0.6024,-2.0993954457052943,1.1541001889560294,0.044363267394323,1.0996883559258269e-05,214.9501088341636,5.185790983864429,0.2000014347359155,0.7894155189201156,0.4609436615237216,10.73480283088638,1.527927119584917e-05,0.157567212287399,2.1627305358517006,0.0,0.0,88.00130630245303,0.0006437292284552,8.169059311818162e-05,cal_final_2008-09-30
06879650,hbv_lite_cma,evaluation,0.426589,0.461,0.009624,-0.31896,,13,explicit_euler_dt1,hbv,success,,27.66,0.4511,-0.0893426350483865,8.240001791892297,0.0699557574786622,0.0002678725663335,177.187130309037,5.999952441738522,0.2000213974417149,0.899999881443965,0.4959619640365674,2.9933355739179617,7.294755313129638,0.0215656936295556,1.838048933570675,0.0,0.0,130.7027677685595,0.0,28.364213821619607,cal_final_2008-09-30
06885500,hbv_lite_cma,evaluation,0.583871,0.310173,0.659344,-0.021785,19.501166,13,explicit_euler_dt1,hbv,success,,27.76,0.6255,-2.110000335321604,9.999999999866407,0.0579621503696291,5.892661395306913e-11,173.61780105823044,5.999999999615745,0.9939706157002036,0.4971041068103131,0.184778056747987,7.096156991645494,2.553017123116412,0.001000000000147,1.5202443750790842,0.0,0.0,135.9249601007555,0.0,524.805677219794,cal_final_2008-09-30
06888500,hbv_lite_cma,evaluation,0.570105,0.537301,0.100089,-0.167948,3.266518,13,explicit_euler_dt1,hbv,success,,27.87,0.525,-1.7100073860896845,0.5000001604285902,0.0256184196372706,3.3139790057442742e-06,437.3179471334002,4.010423122649055,0.7920212359203234,0.6453445136184174,0.1176725742702596,3.5198989384733435,0.9923718273196098,0.032388034567945,1.8896062185732023,0.0,0.0,324.5450929912551,0.0,13.457787235925124,cal_final_2008-09-30
06889200,hbv_lite_cma,evaluation,0.541696,0.332562,0.558369,-0.10946,28.21438,13,explicit_euler_dt1,hbv,success,,27.51,0.306,-1.210493358470679,0.5003256846867824,0.0172945084485178,0.1284864483447551,113.91097537616432,5.999998184915056,0.9842733532920758,0.5472589647735068,0.2459696696323353,6.520982540934483,3.603969570573305,0.0010000002230603,1.21413509095505,0.0,0.0,82.47462785305942,0.0,611.64498940347,cal_final_2008-09-30
06889500,hbv_lite_cma,evaluation,0.656067,0.466373,0.425586,-0.116615,15.731438,13,explicit_euler_dt1,hbv,success,,27.81,0.4697,-1.0500182698350136,0.5000008304529229,0.0005806432324627,4.195521449857266e-07,172.164864991367,5.999998492461528,0.916951990177836,0.5331050812050401,0.2893116644931923,5.23978259847003,2.257805452266925,0.001000016875959,1.9496487527309707,0.0,0.0,135.85952586222038,0.0,512.4462462161558,cal_final_2008-09-30
06892000,hbv_lite_cma,evaluation,0.66564,0.62473,0.195388,-0.224192,29.547577,13,explicit_euler_dt1,hbv,success,,35.58,0.6778,0.4599999111870994,0.576883440796418,0.0511774108934083,8.536872938897164e-11,127.51014706740705,5.999999975251183,0.2000000022058176,0.8832850223993156,0.4364900996887547,87.1215634565239,2.063479315057956,0.0010000001001056,2.032263885289276,0.0,0.0,99.03180426229872,0.0,432.3680281933201,cal_final_2008-09-30
06903400,hbv_lite_cma,evaluation,0.604026,0.577929,0.085671,-0.1539,29.660145,13,explicit_euler_dt1,hbv,success,,42.27,0.6693,-1.5599999237099782,7.354441840211545,0.083182772712909,2.7000574646396092e-08,199.13403649791604,5.999999995180852,0.2000001527101412,0.5649699410995566,0.0621744457194889,3.7328131435319474,0.1733742493931213,0.0010000012208119,3.1846499718661136,0.0,0.0,170.5511931347897,3.609138283886263,113.78121892992536,cal_final_2008-09-30
06906800,hbv_lite_cma,evaluation,0.664531,0.642552,0.147355,-0.128714,14.997935,13,explicit_euler_dt1,hbv,success,,27.89,0.6364,-1.4899505294845472,9.999999872878885,0.0686710945817447,2.3746198394460527e-05,249.17113824436765,5.999803904148717,0.2200832221450118,0.4894283294467206,0.2770767011475812,4.881200433192155,0.735599837814515,0.0010000038882578,1.977810495152283,0.0,0.0,205.58749430790272,0.0,288.6189601266517,cal_final_2008-09-30
06910800,hbv_lite_cma,evaluation,0.606887,0.334051,0.576912,-0.015179,212.065103,13,explicit_euler_dt1,hbv,success,,27.77,0.5921,-0.4617321336614783,0.5000000023147481,0.0021047447930956,9.771089925387654e-11,296.0499669279234,5.9999999989456265,0.9999999989974004,0.7590006301110047,0.1883379925716602,8.16548594314096,1.4581319392216852,0.0010000000000646,1.7425605815162335,0.0,0.0,254.79664454157964,0.0,534.6145333745308,cal_final_2008-09-30
06911900,hbv_lite_cma,evaluation,0.589025,0.257709,0.649919,0.01091,477.273253,13,explicit_euler_dt1,hbv,success,,27.83,0.5741,-0.9501365038660472,0.5000011463147873,0.0330112710218241,0.0143472280585533,265.21518019919887,5.9999571254635535,0.9999924325822216,0.7989566655773878,0.2116611980316992,8.332916524858183,1.4498113403943922,0.0010000000126266,1.2497463746579776,0.0,0.0,228.47074718733256,0.0,541.4723591116357,cal_final_2008-09-30
06917000,hbv_lite_cma,evaluation,0.625267,0.592883,0.144086,-0.173525,136.495068,13,explicit_euler_dt1,hbv,success,,35.53,0.7113,-0.6000773158389474,3.6502845688209,0.0694110149841757,0.0081407231250639,256.07251452228627,5.999993918673092,0.8411989792879437,0.5324791002690139,0.0881062581899793,5.549526773512311,0.9250398959464188,0.0010000001559843,2.7058609898375465,0.0,0.0,203.09804280896148,0.0,428.5214661777192,cal_final_2008-09-30
06918460,hbv_lite_cma,evaluation,0.605031,0.591385,0.040831,-0.113726,0.249202,13,explicit_euler_dt1,hbv,success,,35.09,0.5368,-2.1101554225527948,8.223764772843666,0.0730834868500342,0.1999924162802858,654.7905714513032,5.908502951685873,0.7699328153601539,0.3814168901615838,0.1945163017415428,11.330419324914043,4.4372275577788525,0.0989539266833308,2.81031918770911,0.0,0.0,516.3853013551122,0.0,4.000634641465648,cal_final_2008-09-30
06919500,hbv_lite_cma,evaluation,0.750734,0.633504,0.329372,-0.005977,56.01674,13,explicit_euler_dt1,hbv,success,,41.51,0.7167,0.7400000841378924,9.10316007207584,0.0767776536751815,4.93647106293714e-09,231.6898395373437,5.999999985869948,0.2000000030068003,0.50568659351598,0.4999999983665318,69.32575873714525,1.682155304967588,0.0010000000277215,3.886788894270776,0.0,0.0,167.95162740184512,0.0,407.7147135976754,cal_final_2008-09-30
06921070,hbv_lite_cma,evaluation,0.708145,0.740465,0.005573,-0.125572,-0.051726,13,explicit_euler_dt1,hbv,success,,27.51,0.6433,-2.460024014415121,2.2192206539199324,0.0138501233059068,0.1999999053888736,337.56032408548054,5.999999788033345,0.2000002272865878,0.6796795377357108,0.192723393524285,11.89906049073675,5.150004175443312e-05,0.0967757977527061,1.5279876378615378,0.0,0.0,270.0469723482778,0.5150006681451543,0.0004806582349051,cal_final_2008-09-30
06921200,hbv_lite_cma,evaluation,0.644938,0.681973,0.143938,-0.08326,33.874074,13,explicit_euler_dt1,hbv,success,,27.7,0.6825,-1.7401114871395946,8.10700026915677,0.0728439596372914,5.272001786316482e-06,248.70733039534824,5.999999790250756,0.2000002542309502,0.8999989139570274,0.1878490711694292,12.278375581046012,0.824252235321965,0.0010000002816827,1.5136725918612552,0.0,0.0,200.26538041145088,0.0,343.3227992877684,cal_final_2008-09-30
07057500,hbv_lite_cma,evaluation,0.516252,0.471529,-0.124078,-0.232231,0.119787,13,explicit_euler_dt1,hbv,success,,35.16,0.763,-1.5643826285226514,1.1753248459300942,0.0186225660158551,0.1390112735223721,348.26828468258293,1.4549156270287924,0.2201917998837501,0.7294906921905918,0.1124086317846943,33.15967746355933,1.6509168658105955,0.0072627222267037,2.266509548103212,0.0,0.0,135.781430655976,0.0,116.87256353566328,cal_final_2008-09-30
07060710,hbv_lite_cma,evaluation,0.44442,0.222318,0.683811,-0.032273,10.945894,13,explicit_euler_dt1,hbv,success,,27.56,0.6537,2.499999998593601,0.5241083292900812,0.0882044174152032,1.0334431443305463e-09,324.80667512982404,5.999999997887178,0.2896359848972015,0.8999999999998094,0.1417202272102472,24.78843841007498,2.378928533914328,0.0010000000000436,1.1104156422030234,0.0,0.0,265.7054808376579,0.0,726.8058161030905,cal_final_2008-09-30
07066000,hbv_lite_cma,evaluation,0.538858,0.563315,0.021492,-0.12163,-0.02338,13,explicit_euler_dt1,hbv,success,,35.21,0.7139,-1.0091560816889285,7.711116918090656,0.0326589474199406,0.0335167099123633,709.4234290649704,4.339913037059604,0.8811479910358129,0.5326060064545088,0.1403631268999275,18.42909705231406,1.3861176842052445,0.032765820286078,2.003998073603978,0.0,0.0,555.3426257986919,0.0,24.29816005650574,cal_final_2008-09-30
07083000,hbv_lite_cma,evaluation,0.750659,0.745171,-0.199273,-0.182514,-0.923561,13,explicit_euler_dt1,hbv,success,,39.63,0.8382,2.3200098469408523,6.734858548580025,0.0117747108049281,4.979694281132277e-09,251.58366618003143,1.0000000699934866,0.9999998016460736,0.1563044884349844,0.010014444149206,96.94970445487168,9.999984429734695,0.0419675328895244,1.410912424639208,0.0,0.0,78.15229025599889,0.0,12.269423258388452,cal_final_2008-09-30
07142300,hbv_lite_cma,evaluation,0.031539,-0.20263,-0.290229,-0.637796,38.986743,13,explicit_euler_dt1,hbv,success,,64.09,0.5319,-0.042363974675788,9.570649523742858,0.0145270566083303,0.0027599024504788,715.9001552760809,3.184864370151725,0.2046700465197113,0.3260355544168718,0.1852350511031863,5.8802603621288165,0.3594717414682356,0.0010003454326067,7.774006133096889,0.0,0.0,82.31240356322448,0.0,20.154596368599,cal_final_2008-09-30
07145700,hbv_lite_cma,evaluation,0.535467,0.298846,0.63873,-0.019781,43.207661,13,explicit_euler_dt1,hbv,success,,27.7,0.688,-1.6818662620455611,0.5000059996508397,0.0701144131442406,0.024821581996827,153.75632946172672,4.081136452478145,0.978199617217564,0.4071018155530621,0.3896206549792544,6.378118165760912,2.1186398774582864,0.0010000036685125,1.9577761140562584,0.0,0.0,108.80072371815906,0.0,552.4260622272399,cal_final_2008-09-30
07167500,hbv_lite_cma,evaluation,0.418172,0.330683,0.400343,-0.05477,58.048493,13,explicit_euler_dt1,hbv,success,,27.75,0.633,-2.440225246287397,0.7961947109213037,0.0999374807956783,0.0339932539552643,222.923498248087,5.9999993751311465,0.999996919359846,0.8509800485054779,0.1988645047751612,8.927362433555555,0.958824866985208,0.0212820063938355,1.024530378108615,0.0,0.0,176.99145228516605,0.0,23.23436232530904,cal_final_2008-09-30
07180500,hbv_lite_cma,evaluation,0.563907,0.626369,0.162726,-0.187571,11.028852,13,explicit_euler_dt1,hbv,success,,27.49,0.5949,-2.469996514636666,0.559367793472535,0.0366646725755812,9.394149135762296e-08,325.57763443770085,5.9999999422638,0.9999999907538936,0.8999999990606933,0.1814378057814557,4.925966172771201,1.1883553510404767,0.0010000004927737,1.0746654933231916,0.0,0.0,279.24144684056995,0.0,379.9659287455608,cal_final_2008-09-30
07184000,hbv_lite_cma,evaluation,0.54231,0.486635,0.16169,-0.134753,90.528419,13,explicit_euler_dt1,hbv,success,,35.11,0.5333,-0.9012976099920604,9.989762016529909,0.0824690176046166,0.0006046238467654,166.87651031062708,5.999952678038595,0.2001419773959186,0.5423825658076171,0.077575653974179,3.3947630332426475,0.8742195144482765,0.0095833397472678,2.926678273384248,0.0,0.0,115.86371319100616,0.0,37.31776434703238,cal_final_2008-09-30
07195800,hbv_lite_cma,evaluation,0.457022,0.479122,0.049307,-0.089154,0.011809,13,explicit_euler_dt1,hbv,success,,27.52,0.5765,2.2935535968572065,9.999171056861972,0.0229600890160883,0.0391104793236841,668.0116177681424,2.843168114131376,0.494512827170685,0.8999908694124007,0.2360427987793733,9.684968854893466,8.802427199884566,0.1305287931071706,1.0213169043871089,0.0,0.0,463.3138108670704,0.0,3.640934359994468,cal_final_2008-09-30
07196900,hbv_lite_cma,evaluation,0.5008,0.421886,0.356043,-0.150797,27.533932,13,explicit_euler_dt1,hbv,success,,27.76,0.6903,-0.8386183997604877,1.0439947996957426,0.0739688572562209,0.1561725252093956,451.63440684244193,3.742508881526069,0.8567084867855548,0.8999985431200276,0.1054195254642934,18.972914386934143,1.815632623504885,0.0010000006139073,1.345034018825483,0.0,0.0,350.35296788008094,0.0,904.3785654890302,cal_final_2008-09-30
07197000,hbv_lite_cma,evaluation,0.667986,0.63459,0.217131,-0.118327,3.827563,13,explicit_euler_dt1,hbv,success,,27.78,0.7416,-1.8803541816121991,0.9498937570302268,0.0298405237260421,0.0398774620063374,503.5596925321098,4.136669332839491,0.6427999168927987,0.6099029465340872,0.0896626820299757,33.04382833694749,0.9258330793375752,0.0010002963186477,1.7184601385282163,0.0,0.0,387.0107123523421,0.0,597.862850276144,cal_final_2008-09-30
07208500,hbv_lite_cma,evaluation,0.501985,0.486555,-0.166592,-0.308855,0.094172,13,explicit_euler_dt1,hbv,success,,83.75,0.7523,0.3300055789461837,8.23177349220096,0.0372976690854635,5.612474613475563e-09,999.9997363999436,4.097081840137775,0.8124073818140627,0.1160789360234866,0.0100000074527726,64.50290594570765,2.656079856029528,0.0520599566202522,7.869586267226497,0.0,0.0,459.4703594989175,0.0,1.0343182558345936,cal_final_2008-09-30
07261000,hbv_lite_cma,evaluation,0.519168,0.646094,-0.015241,-0.212738,50.346235,13,explicit_euler_dt1,hbv,success,,27.76,0.7663,-2.49999856910606,9.999978149711756,0.0157063556135008,4.610716212079734e-07,233.139875548768,5.999999993598621,0.2000000000000171,0.5290624161317833,0.2025403349000648,35.45132548503974,1.1477291902253866,0.012398876986754,1.6244518080108696,0.0,0.0,176.16462622345423,0.0,52.57545754888467,cal_final_2008-09-30
07263295,hbv_lite_cma,evaluation,0.650483,0.685672,0.266273,-0.012874,200.587402,13,explicit_euler_dt1,hbv,success,,27.69,0.703,-1.8899999512373569,1.3508054207002524,0.056752837779754,1.0989891389110422e-09,231.75487197528864,5.999999999934853,0.2000000007484541,0.8999999999760593,0.499999999273094,8.342056743252046,3.2530760754024355,0.0344805237078263,1.798942859710866,0.0,0.0,178.4643326802522,0.0,21.39684461117246,cal_final_2008-09-30
07291000,hbv_lite_cma,evaluation,0.605457,0.579415,0.262783,-0.121394,2.954381,13,explicit_euler_dt1,hbv,success,,27.47,0.6285,0.6779481187589402,1.399251740194159,0.0299640724583682,0.1392494758516643,374.1796237425253,5.999999999835827,0.2000000000064648,0.8999999999966924,0.3141511990739858,15.636470487548388,4.18934727701682,0.001,1.0002470669805943,0.0,0.0,302.6151174595893,0.0,830.1677012398244,cal_final_2008-09-30
07299670,hbv_lite_cma,evaluation,0.204345,0.281476,0.538634,0.047719,2.194725,13,explicit_euler_dt1,hbv,success,,29.78,0.5041,0.9056240777355112,8.658048417246224,0.0984592918560433,0.1213856710971667,150.03891846128545,5.999983263187008,0.2001808595053972,0.8999861764094766,0.2850121588565306,8.701557077356014,6.7404429061131,0.0010008007795124,1.0059926220782642,0.0,0.0,87.06969187680647,0.0,119.74861388849465,cal_final_2008-09-30
07301410,hbv_lite_cma,evaluation,0.452183,0.676305,-0.193075,-0.145199,1.438632,13,explicit_euler_dt1,hbv,success,,29.73,0.1107,-2.176270408738908,7.273753478778096,0.0324171093179131,0.164722385549602,999.9999893774868,3.689026981482264,0.50276903175526,0.7396339856023476,0.4999979343774662,13.385891043960266,0.6550888215046613,0.091111602547423,1.0383166852160668,0.0,0.0,349.1398089676387,0.0,0.2737884499673895,cal_final_2008-09-30
07315200,hbv_lite_cma,evaluation,0.472412,0.257321,0.478029,-0.336339,15074.667041,13,explicit_euler_dt1,hbv,success,,36.1,0.6002,-2.4810226458156635,5.256269812885144,0.0927111491714697,0.110288274548741,216.976421929631,5.9999999999999165,0.2002969101493295,0.8998425762668435,0.4137948536471118,86.73398948076766,3.390052297701528,0.0010000000000598,2.472547958462052,0.0,0.0,60.48399694736393,0.0,144.5206426174813,cal_final_2008-09-30
07315700,hbv_lite_cma,evaluation,0.483883,0.246984,0.436152,-0.271438,200.982436,13,explicit_euler_dt1,hbv,success,,51.61,0.6351,-2.470822236826871,1.1515247773336763,0.0639991082100768,0.0512839546338949,593.8526285665561,2.845633004397476,0.7903663711061322,0.4757122489439997,0.0547693603446495,5.643754244225896,0.958814305857548,0.0010000006206573,4.616118774000818,0.0,0.0,302.4841640607587,0.0,335.53633969200115,cal_final_2008-09-30
07335700,hbv_lite_cma,evaluation,0.55053,0.560948,-0.130019,-0.257937,3.127447,13,explicit_euler_dt1,hbv,success,,27.51,0.6291,-2.4999929855546976,2.389501422272054,0.0546099447618615,0.1999397200658494,327.5104169096529,5.999999867205562,0.2000152097557031,0.8999997446930201,0.4363982899326233,17.578170753598066,2.442897636901692,0.1778842611149238,1.509037220714676,0.0,0.0,269.2015193750527,0.0,0.7384927668835628,cal_final_2008-09-30
07340300,hbv_lite_cma,evaluation,0.57227,0.579323,0.16661,-0.141951,3.06172,13,explicit_euler_dt1,hbv,success,,27.61,0.7189,-2.4998548913779395,4.552899344740252,0.0998076095539488,0.1999984725806817,249.2651936559006,1.00000002361588,0.2384606768915371,0.7831247449052479,0.220091812909891,17.706880602494827,1.7153140592551297,0.0222751108937116,1.4404813968096934,0.0,0.0,145.04120586693617,0.0,44.52684832959072,cal_final_2008-09-30
07346045,hbv_lite_cma,evaluation,0.707971,0.785613,0.153724,-0.000296,2.324437,13,explicit_euler_dt1,hbv,success,,75.32,0.7547,-2.4939428069988274,9.861690779080307,0.0412594418078419,0.1835322932568737,454.4325822060019,2.8595884393589346,0.2000000000174474,0.8999999998775079,0.2662764928924098,69.05225538762512,4.517361067581532,0.088827855357875,7.1149645018979655,0.0,0.0,208.0975843872738,0.0,2.257498269954492,cal_final_2008-09-30
07359610,hbv_lite_cma,evaluation,0.533023,0.527179,0.174383,-0.070341,1.542163,13,explicit_euler_dt1,hbv,success,,26.15,0.6754,1.029998443999201,0.6289907749752661,0.0325872570839213,0.1441512997948957,256.0489929020666,4.72947559309446,0.9999999390064171,0.6329390623414739,0.2320474826546926,17.137139845449276,2.101495383090458,0.0128305929605072,1.299352363690252,0.0,0.0,208.13202605921435,0.0,86.5032562619877,cal_final_2008-09-30
07362100,hbv_lite_cma,evaluation,0.619611,0.562794,0.227987,-0.031089,11.648719,13,explicit_euler_dt1,hbv,success,,51.26,0.6455,-1.3550523190680592,4.093970620647736,0.0930580532865545,0.0245246683578229,432.7791277334634,2.3728395583082103,0.2000000467769484,0.2536582973133993,0.2506129371374481,25.25911864303066,0.4765307543194137,0.001000000004564,4.991214768166428,0.0,0.0,240.2759870142065,0.0,264.7823500683937,cal_final_2008-09-30
07362587,hbv_lite_cma,evaluation,0.53093,0.522629,0.15258,-0.200444,123.797674,13,explicit_euler_dt1,hbv,success,,27.34,0.5771,1.7497277099655966,0.9303589454733108,0.0993622658336877,0.199997911752955,140.021004201383,5.999991726906012,0.2497875256422516,0.8999999947083622,0.4999993721847789,4.1230319090387566e-08,6.029986614984687,0.018512320439593,1.0729070853344371,0.0,0.0,89.81800117621634,0.0,47.7966539318888,cal_final_2008-09-30
07375000,hbv_lite_cma,evaluation,0.637511,0.532148,0.098262,-0.186982,1.378081,13,explicit_euler_dt1,hbv,success,,37.66,0.5896,-1.3634762393893172,8.679709417059073,0.0967224075243397,0.1844267518838322,418.11994565567767,5.999999999885364,0.2000000001648428,0.5472455852370258,0.2132515227300821,35.07056087193614,3.331822189723774,0.0010000000000004,2.8840125032390715,0.0,0.0,357.28293693530884,0.0,1004.8229916612312,cal_final_2008-09-30
08013000,hbv_lite_cma,evaluation,0.703167,0.65189,0.058132,-0.245959,9.507351,13,explicit_euler_dt1,hbv,success,,60.09,0.7417,-0.9597309795129249,0.6059472442374592,0.0428617129969701,0.0849626488667349,225.3242108338728,5.999999999997628,0.2000000000000824,0.2685825076130817,0.1647985597695135,38.78792173927806,1.914227806917248,0.0010000000000003,6.207276730820637,0.0,0.0,153.02282637421328,0.0,648.7446391223206,cal_final_2008-09-30
08014500,hbv_lite_cma,evaluation,0.677595,0.63777,0.18327,-0.142706,2.156672,13,explicit_euler_dt1,hbv,success,,59.4,0.6751,1.600922458540582,4.9102914095217045,0.0861202251246603,0.0002281345783706,504.3096071503543,5.418815063082217,0.529131564097048,0.3904860909863334,0.2708166237382823,72.6853827406703,3.6879958415075977,0.0010000000000202,5.376050863209135,0.0,0.0,338.47372660989754,0.0,1009.417705834322,cal_final_2008-09-30
08023080,hbv_lite_cma,evaluation,0.595985,0.596944,0.28546,-0.051866,379.704237,13,explicit_euler_dt1,hbv,success,,34.4,0.6835,-0.8743138407359372,8.328806958304298,0.0194057460847352,0.1796106048155869,350.0041890287061,5.999999995172944,0.3341342339199369,0.6158379385213347,0.3976095574699769,39.95670983956295,1.0415801565074805,0.0010000001130485,2.04791033022223,0.0,0.0,89.43343579515849,0.0,282.22138842929223,cal_final_2008-09-30
08050800,hbv_lite_cma,evaluation,0.290114,0.227387,0.195056,-0.53498,,13,explicit_euler_dt1,hbv,success,,27.64,0.5064,-1.3213021333898252,9.449143332098116,0.0225339509537059,0.0108807340538041,220.82339634202185,5.999999957017607,0.2000000008522916,0.899999999649469,0.3570587962795535,29.05983895275846,8.952987702505592,0.0010000000000104,1.054504455354395,0.0,0.0,66.37540181358551,0.0,527.3461777750741,cal_final_2008-09-30
08066200,hbv_lite_cma,evaluation,0.546527,0.29405,0.500742,-0.125455,53.223486,13,explicit_euler_dt1,hbv,success,,27.6,0.6191,-2.4988922755475294,4.161504525603327,0.0831762215041757,0.0087172622924085,367.225446576373,1.000000053151597,0.2000000000557011,0.8692780804168222,0.1668517147003651,15.92130702142341,2.0799355245657583,0.0010000000867693,1.1800051488314178,0.0,0.0,164.72102557859017,0.0,719.7184447685386,cal_final_2008-09-30
08066300,hbv_lite_cma,evaluation,0.506965,0.438508,0.398219,-0.180561,6.248243,13,explicit_euler_dt1,hbv,success,,53.06,0.6662,-0.7562412413344184,0.5063292662372456,0.0931518317802598,0.1514620447201103,465.1887611819846,2.907267535378057,0.5355623161159173,0.8999999999851926,0.2752669963765779,36.93228049833039,4.3338674626052,0.0010000000000116,4.509776623643308,0.0,0.0,334.1093502745491,0.0,856.055184695009,cal_final_2008-09-30
08070000,hbv_lite_cma,evaluation,0.492688,0.325667,0.388469,-0.097458,9.866801,13,explicit_euler_dt1,hbv,success,,52.87,0.6009,-1.139131590667633,2.121558929374551,0.0430887871791166,0.1726249995239066,811.977313161459,5.999999999995407,0.8353020458774303,0.3665396790667665,0.0295123740486964,8.404504371216658,1.3216722975732151,0.001,4.096860780143904,0.0,0.0,648.9759831774077,0.0,633.8226958369581,cal_final_2008-09-30
08070200,hbv_lite_cma,evaluation,0.469491,0.338354,0.35453,-0.055951,7.523375,13,explicit_euler_dt1,hbv,success,,65.28,0.6531,-0.8176419421029983,7.85327155064534,0.0645478444785244,0.1687763733094578,666.208320362545,4.48802416499553,0.6205290685468494,0.8997106729715144,0.3105482203068284,99.21992004661186,1.419384140998371,0.0010000000000001,6.071981799370992,0.0,0.0,477.2949719811288,0.0,497.3468253943217,cal_final_2008-09-30
08082700,hbv_lite_cma,evaluation,0.220585,-1.529611,2.420684,0.139434,,13,explicit_euler_dt1,hbv,success,,35.89,0.5824,0.2007902354004613,2.770162195474923,0.046781208955236,0.0216403722124521,127.3991737457718,3.799785201383469,0.3583563020510574,0.6582994570988477,0.0306619443776795,21.073663886681,1.7270488738658902,0.0010000017608873,2.3094249356695142,0.0,0.0,33.45188863873179,0.0,158.15523557230986,cal_final_2008-09-30
08086212,hbv_lite_cma,evaluation,0.523512,-0.105268,1.00992,-0.210091,111548.952374,13,explicit_euler_dt1,hbv,success,,28.08,0.6984,2.4994217072423472,4.484252508726934,0.0434199414916189,0.0968876352398596,458.510151074032,5.999999605236956,0.8221844473279978,0.8999998631867863,0.4999991602390568,1.3349055736744478e-06,4.526459486499043,0.001000000038788,1.198355377640015,0.0,0.0,213.8769780609824,0.0,196.40841307525127,cal_final_2008-09-30
08086290,hbv_lite_cma,evaluation,0.417695,-0.054761,0.923074,-0.212961,16122.250769,13,explicit_euler_dt1,hbv,success,,27.93,0.6826,1.8710289613661133,3.3766435565192188,0.0564648392315828,0.1863076778129522,504.9136981310114,4.715427254358767,0.717303998232169,0.8999992770745522,0.4999846761908578,3.4404356091565025e-06,2.553915484287754,0.0010000006225032,1.948372643336489,0.0,0.0,200.36083905950468,0.0,195.62038937661944,cal_final_2008-09-30
08101000,hbv_lite_cma,evaluation,0.688015,0.714166,-0.059182,-0.381135,79.055112,13,explicit_euler_dt1,hbv,success,,27.6,0.6103,0.8207331454636053,1.831275838743784,0.0606055541481121,0.0984046841861588,298.6383782619779,5.99999998004342,0.2000002320876771,0.8946167900630122,0.3020980555230462,10.250613509840582,1.7238776429764469,0.0020882476062,1.73115118424715,0.0,0.0,13.82872770235605,0.0,61.6111657987343,cal_final_2008-09-30
08103900,hbv_lite_cma,evaluation,0.501798,0.610949,0.306479,-0.052283,,13,explicit_euler_dt1,hbv,success,,27.61,0.5087,0.6507206633296208,7.2904290385160495,0.0483274836638012,0.1125171721640169,306.73322011929054,5.233316057117261,0.3738374951438745,0.899999999855992,0.2053652654763573,14.62816970256454,1.700297974403725,0.0035825350503292,1.2158137616744211,0.0,0.0,27.6343990735842,0.0,31.13846746327957,cal_final_2008-09-30
08104900,hbv_lite_cma,evaluation,0.428767,0.276772,0.646008,-0.289109,182.440013,13,explicit_euler_dt1,hbv,success,,27.42,0.4363,1.0885386066365623,2.5486014485927746,0.0010143878847386,0.1690560970831578,221.32421066783235,5.999999999810162,0.99999999992601,0.8999999999466001,0.4999999973810636,2.407244775783671,9.999999998003885,0.0010000000196855,1.19447920985083,0.0,0.0,64.08080454277808,0.0,520.696337260499,cal_final_2008-09-30
08109700,hbv_lite_cma,evaluation,0.519669,-0.219813,1.198664,0.281022,745.048403,13,explicit_euler_dt1,hbv,success,,46.83,0.6365,2.496672128062941,0.5000192318306294,0.089652675986459,0.1940374357436597,299.14506572133905,2.670274183866161,0.38007044788948,0.616942126338255,0.1810482141102735,20.720328959365364,1.8324902726297791,0.0010000469614306,4.639749624577112,0.0,0.0,26.827743095188488,0.0,367.4813665847399,cal_final_2008-09-30
08150800,hbv_lite_cma,evaluation,0.150356,-0.659303,1.519786,0.202712,109.204885,13,explicit_euler_dt1,hbv,success,,28.68,0.3502,0.0728864458157896,2.133014551642054,9.783687977316362e-05,0.093228957093196,999.9999996657988,1.862312713531495,0.3477689267740505,0.3541489240581161,0.4999999999086227,2.3054889205941445,1.6857786818496372,0.0010000000005266,1.8978711796940704,0.0,0.0,126.20854000336683,0.0,172.88184848138033,cal_final_2008-09-30
08158700,hbv_lite_cma,evaluation,0.709966,0.604735,0.338088,-0.020776,31.884282,13,explicit_euler_dt1,hbv,success,,28.54,0.612,0.9441792074385268,9.273406653876094,0.0988574728609699,0.1939013446232135,676.9489689929883,3.2149307520400283,0.7852948736417718,0.8999999998004735,0.4177371585315791,19.109253901771243,4.857746000348988,0.0613135516102847,1.5416512393897084,0.0,0.0,219.18552305887843,0.0,0.3154626860291663,cal_final_2008-09-30
08158810,hbv_lite_cma,evaluation,0.617476,0.23149,0.748419,0.244497,493.9379,13,explicit_euler_dt1,hbv,success,,28.51,0.6242,1.460010403201638,5.035195902010327,0.026385031413924,3.227550945981291e-08,321.51874832363444,2.604656423897656,0.8686903717123509,0.8999999994979431,0.4999999661578008,11.370227883861798,7.928775839713721,0.0490709185707667,1.6609293370154243,0.0,0.0,80.6987776366549,0.0,0.5163574118039933,cal_final_2008-09-30
08164300,hbv_lite_cma,evaluation,0.572074,0.228445,0.613216,0.023068,86.687436,13,explicit_euler_dt1,hbv,success,,33.75,0.585,-1.9522182047792287,3.855366092152724,0.0022115895881937,0.0631890354648192,544.8563217717342,5.999999999999982,0.957563213384877,0.266624016198357,0.3409389675337636,14.692046692870523,1.9647126733282936,0.001,2.6334584672107946,0.0,0.0,199.3281229282312,0.0,381.85281349374566,cal_final_2008-09-30
08164600,hbv_lite_cma,evaluation,0.695886,0.429978,0.473517,-0.121779,475.741768,13,explicit_euler_dt1,hbv,success,,28.58,0.6394,-2.395959506412748,0.5001495848044987,0.0208945922877253,0.1655354147403352,118.01537996621012,5.790468226943952,0.200000001754247,0.1462079723692461,0.4356865235769701,25.589982479612672,5.471775280134801,0.0010000000013622,1.001870121169722,0.0,0.0,3.590648670290784,0.0,531.8569468521479,cal_final_2008-09-30
08165300,hbv_lite_cma,evaluation,-0.255086,-0.679583,1.601669,0.549243,3.814825,13,explicit_euler_dt1,hbv,success,,29.16,0.1754,-2.2549341160566176,1.0847425317715378,0.0008161545095089,0.1244872771762164,255.6246653140253,1.0504293793876722,0.2000000000000803,0.8999999999995506,0.4999999999999981,4.679097480084593e-15,9.9999999999934,0.0010000000000008,1.9294629899263964,0.0,0.0,8.590247134258604,0.0,445.7066939580182,cal_final_2008-09-30
08171300,hbv_lite_cma,evaluation,0.644677,0.228732,0.73972,-0.05755,44.95825,13,explicit_euler_dt1,hbv,success,,27.69,0.6803,2.162453773038763,1.946486566674818,0.0696399576296998,0.1004098517408135,402.93729972713743,2.5455338647852424,0.8001619506580226,0.706866609847732,0.1168233867591114,20.58313870311164,2.2271102959947244,0.0010000014926861,1.1375654437612028,0.0,0.0,123.6741389287222,0.0,445.8389815236654,cal_final_2008-09-30
08175000,hbv_lite_cma,evaluation,0.457338,-0.217495,1.129942,-0.117547,98.618996,13,explicit_euler_dt1,hbv,success,,48.11,0.5127,-1.3495479549086051,1.3832478140607325,0.0949299262482741,0.1998147680730909,155.76027630841554,2.8303938908559747,0.2000000012299976,0.5944618098934777,0.2151013942785526,40.9562945978445,5.608268920622081,0.0010000000000322,3.189888142289468,0.0,0.0,2.3769489401064825,0.0,393.7901489664065,cal_final_2008-09-30
08176900,hbv_lite_cma,evaluation,0.325482,-0.387205,1.284704,0.093271,233.366624,13,explicit_euler_dt1,hbv,success,,28.25,0.5708,-1.305721760918359,4.768314858879948,5.980010337395755e-06,0.1854359886376457,243.83852503384625,5.999999951883364,0.8262413510571376,0.8999999999794382,0.1352312913613744,26.40549856827768,3.06512291357766,0.0010000000003618,1.3755730659482146,0.0,0.0,81.278436351114,0.0,378.8871078434239,cal_final_2008-09-30
08178880,hbv_lite_cma,evaluation,-0.202955,-0.218035,1.07326,0.5405,5.768698,13,explicit_euler_dt1,hbv,success,,46.08,0.2935,-2.195697919710565,0.675452969667028,0.0611131399341443,0.1264531250712582,50.00000000788477,2.811888477053028,0.2383058211040752,0.6766584458311594,0.0632818109084251,38.25840756094663,1.8409186181211112,0.0022106757318745,3.8525983467584295,0.0,0.0,0.0222609786588793,0.0,149.27701007895877,cal_final_2008-09-30
08189500,hbv_lite_cma,evaluation,0.579504,-0.440085,1.422639,0.136295,79.809772,13,explicit_euler_dt1,hbv,success,,36.45,0.6546,-2.3408232901999058,6.001250899218198,0.0632160164030667,0.1350389507099159,186.0571645634437,2.5578651215616115,0.2,0.5628822548891683,0.3159224298427087,27.1470393455434,4.041574345495019,0.001,2.116812307720113,0.0,0.0,7.228491719938982,0.0,365.2111381797866,cal_final_2008-09-30
08190000,hbv_lite_cma,evaluation,0.490881,0.208021,0.596967,-0.132588,5.639292,13,explicit_euler_dt1,hbv,success,,24.66,0.5867,-1.5614653352245185,3.750328486072109,0.0308159212406732,0.0686489293981853,573.6432804022835,1.0000000002455578,0.3206932148934983,0.8999999989985503,0.1478803439801805,11.273288098329328,2.104527226227504,0.0010000000000018,1.5152737485404386,0.0,0.0,64.99076908963521,0.0,318.4248879840231,cal_final_2008-09-30
08190500,hbv_lite_cma,evaluation,0.110419,-0.085134,0.431706,-0.482758,358.828021,13,explicit_euler_dt1,hbv,success,,28.28,0.2351,2.1882248990754363,9.953705088311596,0.0100273420088802,0.1704778605392645,999.9932321420296,1.7386543313122012,0.2020208755851408,0.8999980229354851,0.0408826944663733,7.482666307004412,0.2919171582030493,0.0010000186944875,1.411277392918961,0.0,0.0,82.02571787032882,0.0,80.53783080792428,cal_final_2008-09-30
08194200,hbv_lite_cma,evaluation,-0.775804,-5.56122,6.530818,1.359845,,13,explicit_euler_dt1,hbv,success,,40.42,0.2811,-1.6744060722303031,0.5833290395408155,0.0847635792945171,0.1483261892600441,173.05136275298963,1.0000000092429555,0.2000000522256779,0.8999855531130343,0.4796794900377957,21.800759772288124,2.316948793969244,0.0010000001187331,3.6620325887607006,0.0,0.0,40.474514110950174,0.0,280.46970258930594,cal_final_2008-09-30
08195000,hbv_lite_cma,evaluation,0.401356,0.401601,0.307587,0.096764,0.914665,13,explicit_euler_dt1,hbv,success,,25.9,0.2096,1.3789731008401236,0.5070662855372754,0.0848202533158289,0.0402818189684767,999.999997234508,1.0000000000878655,0.3407229772603248,0.8999999449073427,0.2983463260937211,10.820678472636702,2.33577873865537,0.0404419114164065,1.9983486605444725,0.0,0.0,113.88467564598444,0.0,3.2930216598833666,cal_final_2008-09-30
08196000,hbv_lite_cma,evaluation,0.28162,0.270863,0.20225,-0.077856,2.548084,13,explicit_euler_dt1,hbv,success,,23.13,0.0956,-0.3366064657556729,0.8794118133418101,0.0820719920653706,0.1716954435690496,999.9999998065492,1.961955884798404,0.6592483948551253,0.4261234052712722,0.499999999869808,63.91921502685042,1.7088985587516168,0.0647602360947919,1.3359172723664736,0.0,0.0,272.3080652719605,0.0,1.10854691292415,cal_final_2008-09-30
08198500,hbv_lite_cma,evaluation,-0.627946,-2.574329,3.524805,0.925675,199.450959,13,explicit_euler_dt1,hbv,success,,42.17,0.1355,1.1183017178659735,9.951777799350417,0.0909692298247881,0.0680088320548256,50.00000000008121,4.739209078929512,0.6208204249228999,0.1817247728637356,0.4309195650868251,99.74199780588718,7.917915910277086,0.0010000000001952,4.658774195562703,0.0,0.0,2.796179662965715,0.0,421.8593174960328,cal_final_2008-09-30
08200000,hbv_lite_cma,evaluation,0.333943,0.368133,0.469771,0.12535,11.639871,13,explicit_euler_dt1,hbv,success,,51.88,0.1765,-1.2687948529181772,3.426470714596871,0.0745884860599386,0.0388963211701532,74.27556884055377,2.321839862959542,0.2651047404060522,0.8999972464438143,0.4999999975249317,74.93751537709795,1.994954558924931,0.0081448288023964,4.675942658767778,0.0,0.0,0.4254324293811013,0.0,16.171028711053328,cal_final_2008-09-30
08202700,hbv_lite_cma,evaluation,-0.033366,-4.203996,5.149653,5.149653,,13,explicit_euler_dt1,hbv,success,,27.88,0.2852,1.763497232925438,9.492726677495886,0.0543696259200604,0.0669510121226991,158.6467361246754,5.999993619222979,0.2000001245641399,0.8999947929450108,0.0100000248685041,74.01376694936258,0.8936156399906328,0.0010000085386247,1.5829647117432928,0.0,0.0,4.33328018576474,0.0,193.4227482996129,cal_final_2008-09-30
08267500,hbv_lite_cma,evaluation,0.522533,0.710442,-0.182565,-0.086426,-0.769441,13,explicit_euler_dt1,hbv,success,,82.03,0.7313,1.7900016432139312,5.441832766728098,3.6220334793595756e-09,0.199999696135326,120.09849446727112,1.4310386756827138,0.4289578104200227,0.1359114963119483,0.011641987309377,99.99995288268234,6.465993906849628,0.0268156030327436,9.477954294799243,0.0,0.0,11.169889340578118,0.0,10.0730596661105,cal_final_2008-09-30
08269000,hbv_lite_cma,evaluation,0.456412,0.56518,-0.26407,-0.310068,-0.546902,13,explicit_euler_dt1,hbv,success,,82.34,0.6547,2.489999907985677,7.877718551646231,1.847972963165601e-06,6.493973195953417e-12,396.6020523376073,3.805809785564135,0.9999999984039596,0.7294441634299609,0.0100000073697316,36.40065994234308,5.48955005912338,0.0442945465542942,7.769769597355654,0.0,0.0,202.9700737392245,0.0,2.27534633575006,cal_final_2008-09-30
08271000,hbv_lite_cma,evaluation,0.604782,0.670115,-0.273124,-0.201286,-0.865102,13,explicit_euler_dt1,hbv,success,,61.71,0.7562,1.191443372733518,5.363368338230064,0.0629377165784852,0.0358760267576795,169.97056847244454,1.7817752776230291,0.9999381758059214,0.0500000196682266,0.0100051065544903,73.89743003381354,5.094166318395583,0.0369659020089033,5.7040559120972,0.0,0.0,60.83877029948047,0.0,9.09857854378794,cal_final_2008-09-30
08324000,hbv_lite_cma,evaluation,0.684061,0.77005,-0.122936,-0.205974,-0.130659,13,explicit_euler_dt1,hbv,success,,31.13,0.7646,0.5200000944688239,5.312914033338856,0.0007620924104023,3.397719892609283e-11,502.12525712044106,2.9647434182628216,0.5142883476804788,0.2813724561701778,0.4962387671115684,45.732470816458495,6.166684973649748,0.0353652823724487,1.2889976514737145,0.0,0.0,138.20875223714168,0.0,1.0123647517514134,cal_final_2008-09-30
08377900,hbv_lite_cma,evaluation,0.528141,0.537041,-0.144643,-0.336281,-0.034954,13,explicit_euler_dt1,hbv,success,,39.5,0.7658,-0.0399998698710661,2.9594400009115027,0.0002637676198921,5.939058012589383e-11,789.411273527619,2.7717573365198778,0.6959841232193404,0.8999999766661008,0.1729504036144132,38.16192410946741,8.060668934483616,0.060969823699007,1.074909043417144,0.0,0.0,433.0394489577612,0.0,5.4190149768317735,cal_final_2008-09-30
08378500,hbv_lite_cma,evaluation,0.337262,0.560684,-0.1613,-0.310607,-0.334645,13,explicit_euler_dt1,hbv,success,,38.46,0.7578,-1.1099996512856023,1.248064508844541,0.0612839978932536,4.200357302781854e-11,749.3683655714083,5.126094850344178,0.9826862002763552,0.531173770379341,0.4671594751236723,98.02107006190224,4.779151448151236,0.057135379439273,1.0676925448674115,0.0,0.0,531.5990003711033,0.0,5.053673424983664,cal_final_2008-09-30
08380500,hbv_lite_cma,evaluation,0.318792,0.263676,-0.256353,-0.513189,0.391032,13,explicit_euler_dt1,hbv,success,,32.35,0.6109,0.4000000652206399,1.202605711336428,0.0053514774238613,2.94986261452592e-11,216.83858474621823,2.1903717356844004,0.5761884063657245,0.7532699861490834,0.25053610948139,65.53077589600946,1.4803085987113918,0.0332008587475781,2.7109159473420155,0.0,0.0,75.5044536659985,0.0,7.697021769901418,cal_final_2008-09-30
09035800,hbv_lite_cma,evaluation,0.830257,0.807257,-0.148486,-0.113183,-0.747961,13,explicit_euler_dt1,hbv,success,,32.42,0.8559,-1.6000546563766775,1.2281753341542156,0.0976790569038454,0.0356374775119793,89.89866018291173,1.6398888559689435,0.9497534287332348,0.3630952607256519,0.010022496403881,0.719284522835289,7.339242963956516,0.0392136746960124,1.9837699558128712,0.0,0.0,32.39026186482386,0.0,10.139682851674138,cal_final_2008-09-30
09035900,hbv_lite_cma,evaluation,0.84181,0.793192,-0.175083,-0.09023,-0.931055,13,explicit_euler_dt1,hbv,success,,36.08,0.8209,0.5798511584804085,2.353156041318944,0.0541236560807382,0.0181399880286265,50.008349911537344,1.000050601063565,0.999997658386082,0.8992222039919939,0.0125920472162481,97.14839412340108,6.516894846461864,0.0537888654144342,1.63996477064846,0.0,0.0,15.954764240864767,0.0,9.59230462861287,cal_final_2008-09-30
09047700,hbv_lite_cma,evaluation,0.707977,0.670679,-0.271887,-0.139825,-0.852784,13,explicit_euler_dt1,hbv,success,,69.36,0.7675,1.10007495535374,8.589182762993191,0.0855795703826184,0.0489043075013004,907.4942246763042,1.0000581446482335,0.2243622590478304,0.5714077033002203,0.0121186114244982,73.32493799860757,7.385005366574734,0.0355571631421747,1.0603537300474997,0.0,0.0,136.2616352538648,0.0,10.690414821432304,cal_final_2008-09-30
09065500,hbv_lite_cma,evaluation,0.676619,0.587675,-0.358887,-0.315027,-0.989544,13,explicit_euler_dt1,hbv,success,,30.66,0.7929,2.120000017356202,6.743724051727137,0.0286223880392745,2.651093695871651e-12,471.19589594176006,1.0000000028653429,0.9999999984835588,0.0500000142970025,0.0822045814341314,99.99999002753168,9.377221896255492,0.1059818509059291,1.062721179769842,0.0,0.0,218.9840787274591,0.0,4.218800623482947,cal_final_2008-09-30
09066000,hbv_lite_cma,evaluation,0.817598,0.734326,-0.212658,-0.186323,-0.657133,13,explicit_euler_dt1,hbv,success,,50.59,0.9042,-1.0199980649092566,3.633666646315005,3.889839030746312e-05,3.1171708338637886e-11,268.30624841247334,1.6272123144481274,0.7992400343698178,0.22426307344831,0.0934289552086307,99.9894976590041,9.999999521365677,0.050897996263485,1.3554992579517542,0.0,0.0,102.33465946106573,0.0,7.029890387810532,cal_final_2008-09-30
09066200,hbv_lite_cma,evaluation,0.661202,0.709358,-0.1656,-0.256265,-0.50424,13,explicit_euler_dt1,hbv,success,,36.38,0.7408,-2.3299744794108146,2.3797182612494856,0.0010938462814041,7.808619432587321e-09,408.1646583960141,1.1171234454400047,0.7090338274485297,0.8999555603050926,0.3474804133893645,31.190472007519155,9.99999613058096,0.0496367279129659,1.2810640277596483,0.0,0.0,143.7884233517906,0.0,11.171686811061392,cal_final_2008-09-30
09066300,hbv_lite_cma,evaluation,0.69792,0.679603,-0.191155,-0.274895,-0.218134,13,explicit_euler_dt1,hbv,success,,41.63,0.8477,-0.5999995049651565,4.599015296354529,0.0616330101222785,1.270685578094318e-10,999.9999958893848,2.444851199655491,0.4726890417987863,0.3846066863267485,0.0488887105481871,71.48254216503292,9.999999557153828,0.0428566936591149,1.355738066845951,0.0,0.0,496.8578929035755,0.0,9.905885152142,cal_final_2008-09-30
09081600,hbv_lite_cma,evaluation,0.797786,0.880444,-0.03586,-0.021041,-0.729641,13,explicit_euler_dt1,hbv,success,,38.52,0.8163,0.6100001900373693,3.68663535686993,0.0985226959292764,3.159313106829565e-13,348.820736689256,1.000000066833634,0.8829793738887353,0.0500000034283736,0.014765724579587,99.99998948807809,9.999998690381226,0.0424799807705115,1.274418332103651,0.0,0.0,107.43885584710912,0.0,13.381270211489024,cal_final_2008-09-30
09107000,hbv_lite_cma,evaluation,0.778032,0.808527,-0.159204,-0.081279,-0.87709,13,explicit_euler_dt1,hbv,success,,41.49,0.8438,-0.9199958753209256,3.229976213346338,0.0157246258694701,2.71804686658765e-10,995.4238334383194,1.000000009154089,0.5129762690990822,0.0558227958307879,0.0996581187917657,98.85639624174512,8.486581553154263,0.0398358568746085,1.0412537519227798,0.0,0.0,278.55845258170507,0.0,10.492748489486877,cal_final_2008-09-30
09210500,hbv_lite_cma,evaluation,0.550092,0.755804,-0.01239,-0.083689,0.002321,13,explicit_euler_dt1,hbv,success,,33.2,0.7376,-0.3299845479752621,1.786633085065028,0.0286619001276034,4.9843370696163095e-08,999.999981660742,1.2849273654733893,0.9755660017894424,0.0510040433413786,0.1223198788896802,84.77650866295802,4.892426648117688,0.0367059339940679,1.7103626602700577,0.0,0.0,315.4889432184475,0.0,4.921002264683581,cal_final_2008-09-30
09223000,hbv_lite_cma,evaluation,0.673552,0.69863,-0.119026,-0.179139,-0.056652,13,explicit_euler_dt1,hbv,success,,59.62,0.851,-0.4538060832463193,3.3780599910624662,0.0157360031847083,8.440562995183476e-16,999.9999999943813,1.9468293850033715,0.995703677525223,0.6713109022211408,0.1183572942216233,35.27785250136856,9.331801151508014,0.0475152255106864,1.3875009377907757,0.0,0.0,425.87198240473936,0.0,3.492660854605438,cal_final_2008-09-30
09306242,hbv_lite_cma,evaluation,-2.109907,-0.055923,-0.108909,-0.194076,0.318153,13,explicit_euler_dt1,hbv,success,,73.25,0.7458,2.307366483982448,3.3717363585355384,0.0755415470698358,0.1999884366572343,211.08257592525777,4.283201642888199,0.2000000520384023,0.6281959142782996,0.0172300644631989,30.444501442513825,0.1466627388470337,0.0013119263981968,5.805959446129325,0.0,0.0,12.42044451482721,0.0,16.860831868217783,cal_final_2008-09-30
09312600,hbv_lite_cma,evaluation,0.526043,0.646022,-0.163633,-0.2351,-0.548217,13,explicit_euler_dt1,hbv,success,,50.39,0.9,-2.0064695166240134,1.5418678006957849,0.0795255747202987,0.1181471446191314,751.2252829714934,5.995764623861968,0.9834500144257868,0.4147389837853044,0.0122067713447326,71.9766843499198,4.619909892514205,0.0918825334301726,1.2289827592519131,0.0,0.0,371.1363924766905,0.0,0.0606098665911054,cal_final_2008-09-30
09352900,hbv_lite_cma,evaluation,0.678282,0.720151,-0.194512,-0.248631,-0.755454,13,explicit_euler_dt1,hbv,success,,34.72,0.6624,-1.6367759442839651,3.414521107752976,0.0860390600594931,3.073384678000937e-15,999.9999999646052,1.0000000000000002,0.9999999999942292,0.0761352072733935,0.3421838757100518,37.69985049570578,9.999999999999464,0.0473180162345665,1.03751083605412,0.0,0.0,515.6274616377185,0.0,16.531659044340827,cal_final_2008-09-30
09378170,hbv_lite_cma,evaluation,0.551605,0.7044,-0.171204,-0.182319,-0.064249,13,explicit_euler_dt1,hbv,success,,65.11,0.9493,0.3400002008464922,3.361865587739,0.0845956491585916,1.560432635506139e-09,647.4407123258569,5.999998833530026,0.7867636444684754,0.5661607812596282,0.0100000030507997,99.9997292393258,6.903855000489076,0.0810302040626589,6.539278646273338,0.0,0.0,211.2944735516196,0.0,0.0082223574865022,cal_final_2008-09-30
09386900,hbv_lite_cma,evaluation,0.149416,-0.082315,-0.585082,-0.656791,4.335829,13,explicit_euler_dt1,hbv,success,,50.67,0.176,-2.480002643096661,0.5000003272495686,0.0999995229002792,0.1790266485368327,306.25585818284134,5.002722393253789,0.5323490836569647,0.6184259684155105,0.4999999922735569,34.599160275990684,0.4114966131871707,0.1462039759558365,2.69933121206421,0.0,0.0,43.695579825800095,0.0,0.000106744498342,cal_final_2008-09-30
09404450,hbv_lite_cma,evaluation,0.160647,0.463648,-0.333651,-0.263834,-0.348086,13,explicit_euler_dt1,hbv,success,,38.88,0.7554,1.1800000776129052,1.762339455274471,0.0994489909886504,5.4371391944787876e-11,895.1603600885641,2.193890829676721,0.6954848662261996,0.26513660624018,0.2187005175404986,2.220344993565305e-07,4.324485036910967,0.0368256224770214,1.0240655174085782,0.0,0.0,176.68640616485112,0.0,0.4727316899209698,cal_final_2008-09-30
09430600,hbv_lite_cma,evaluation,-0.21339,0.400405,0.063706,-0.106436,4.980146,13,explicit_euler_dt1,hbv,success,,27.93,0.4537,1.5843287071768088,7.665128057053671,0.0132067788614632,0.1999997976572804,170.67313198013113,3.875707673304479,0.9999998759636516,0.8999999542238027,0.4999999829300766,2.0816081529534405e-07,5.389488931466687,0.0326362133107005,1.6731176388188669,0.0,0.0,96.06835309531876,0.0,9.154659328619172,cal_final_2008-09-30
09447800,hbv_lite_cma,evaluation,0.135224,0.006772,-0.31611,-0.718428,2.80168,13,explicit_euler_dt1,hbv,success,,31.85,0.3608,1.5827885871913443,9.81543791683804,0.012118673661994,0.0175049173433919,940.5940587196446,1.6712064306329224,0.2001177889653692,0.8074289406022337,0.0578825154009928,0.9128017951140032,0.2214212703786067,0.0010002061124209,2.9048771314118804,0.0,0.0,104.51567730550951,0.0,34.73289123648729,cal_final_2008-09-30
09484600,hbv_lite_cma,evaluation,0.218987,0.488116,0.150358,-0.04317,1.999366,13,explicit_euler_dt1,hbv,success,,25.89,0.0701,2.190438855754381,2.0249705880676494,0.0561341339009943,8.100082752057019e-05,999.9999778600346,2.4725128612681253,0.2000001176969503,0.3153855805883811,0.4999999020369823,99.0707643919363,0.000249124258245,0.1994961412132376,1.2917993233652325,0.0,0.0,109.79135476847966,0.001236674955669,0.0009414856214422,cal_final_2008-09-30
09492400,hbv_lite_cma,evaluation,0.410365,0.327869,-0.371291,-0.54562,-0.005522,13,explicit_euler_dt1,hbv,success,,34.76,0.5837,2.4999999999512585,1.7470676826012894,0.0004568122426135,3.254730392687297e-13,308.7614251000251,1.8004438142900718,0.999999999999798,0.327131110182829,0.1604980465529782,57.39276122334335,6.597856205234882,0.0384549718527177,1.1540375328949335,0.0,0.0,154.20835672816509,0.0,13.002574892784253,cal_final_2008-09-30
09494000,hbv_lite_cma,evaluation,0.174243,0.577077,-0.126272,-0.346858,0.827819,13,explicit_euler_dt1,hbv,success,,33.14,0.5477,0.6633330946715961,9.995113707211797,0.0022700897486469,0.1999914121837789,463.8659793061455,3.675852688163401,0.9960984760195232,0.8999886004516959,0.2216555769565869,2.984536502057121,5.478490856463219,0.0143355913134937,1.9426068808523191,0.0,0.0,237.3934353542629,0.0,9.649082582307264,cal_final_2008-09-30
09497980,hbv_lite_cma,evaluation,0.629317,0.643314,-0.048468,-0.123896,-0.093967,13,explicit_euler_dt1,hbv,success,,28.27,0.5182,1.3484321392809306e-06,1.4541983214338057,0.0744428866625085,2.651389286658669e-09,999.999994471575,1.625239404718947,0.2000000843428169,0.8999999955559536,0.4999999976690554,2.836653548902675,1.2923664326021655,0.0800377980149096,1.4823709391347026,0.0,0.0,164.96651711019933,0.0,0.7018877695573773,cal_final_2008-09-30
09505350,hbv_lite_cma,evaluation,0.512612,0.413299,0.253815,-0.177489,,13,explicit_euler_dt1,hbv,success,,27.8,0.589,0.6099796667196551,0.9939885415521184,0.0999953311750803,0.0940797220477705,953.28917430868,1.044317128307941,0.2000010282114505,0.8999970079612369,0.4999975434651979,1.426274359859005e-07,1.990204924801879,0.0807333364845945,1.0160489643771238,0.0,0.0,75.31564968981507,0.0,0.6706184108889529,cal_final_2008-09-30
09505800,hbv_lite_cma,evaluation,0.405342,0.155028,0.706895,-0.053827,3.772021,13,explicit_euler_dt1,hbv,success,,27.85,0.6078,0.380025216206679,0.978940128929396,0.0021327710867882,1.329915170505996e-07,526.2140372017727,1.0059737212779531,0.2000059390051365,0.7340345028687758,0.2597930158112334,5.236156879081655,2.2158947020793733,0.0010000013392434,1.940430896574744,0.0,0.0,37.29858179360623,0.0,277.47527301987446,cal_final_2008-09-30
09508300,hbv_lite_cma,evaluation,0.642356,0.498477,0.399244,0.036901,31167.259659,13,explicit_euler_dt1,hbv,success,,27.81,0.647,2.259989571503654,0.9005514590865314,0.04334887937677,3.300061459868799e-07,50.000002383333744,1.6735206262381823,0.2000000003538007,0.8999999997539829,0.2125799692167257,8.843074530107787,0.8605693322828656,0.0010000081683091,1.1639801667236576,0.0,0.0,0.0803938570312816,0.0,154.17544403057886,cal_final_2008-09-30
09510200,hbv_lite_cma,evaluation,0.65201,0.053933,0.91791,-0.056582,8032.594228,13,explicit_euler_dt1,hbv,success,,28.11,0.7616,-2.185376970331467,6.713899419854771,0.0880403117498179,0.0096568021654418,97.6025568032636,2.592494655573746,0.2000000001261955,0.8999999997696605,0.0847419097201879,35.54499511254862,2.749851691978976,0.0010000000001157,1.4104377240427592,0.0,0.0,0.7309559351649335,0.0,182.9383792697076,cal_final_2008-09-30
09512280,hbv_lite_cma,evaluation,0.547354,-1.70601,2.680726,0.460504,,13,explicit_euler_dt1,hbv,success,,21.98,0.4778,0.4774583830857954,3.287387047332192,0.0832839649963499,0.1871669193208296,481.38045855289,1.0000000000000009,0.999999999999946,0.8999999999999733,0.4999999999999264,2.681674351116796,4.991834994879351,0.001,1.0099926390314695,0.0,0.0,107.56097474248244,0.0,260.44552795496213,cal_final_2008-09-30
09513780,hbv_lite_cma,evaluation,0.491973,-0.130481,0.972286,-0.061801,,13,explicit_euler_dt1,hbv,success,,27.75,0.5616,-2.4986958293805324,9.6159036020054,0.0819097628059832,0.1021261103020951,465.8086054744069,1.2021305740473334,0.9999999950490612,0.8999999993946229,0.3858767470203212,3.8300105898355503,2.420681924854714,0.0010000000001386,1.6139992947121515,0.0,0.0,110.18499829188164,0.0,194.30336992988364,cal_final_2008-09-30
10234500,hbv_lite_cma,evaluation,0.735367,0.731188,-0.219036,-0.117486,-0.71312,13,explicit_euler_dt1,hbv,success,,47.79,0.9061,1.509532009765043,2.1905768800421948,0.0726808641375997,0.007963115683307,383.2338254500843,1.273187046901424,0.2961576198540315,0.5230361721747965,0.092469114128879,45.72371157150543,7.287772831306889,0.0247823879392731,1.3947932403559564,0.0,0.0,20.358880764388854,0.0,2.1041460994175694,cal_final_2008-09-30
10244950,hbv_lite_cma,evaluation,0.700204,0.835888,-0.039376,-0.103799,-0.126495,13,explicit_euler_dt1,hbv,success,,55.16,0.8508,0.1800003659257942,1.4477264713120026,0.0300968323960261,3.574042048308961e-11,227.70205347386212,2.01773842147046,0.9999999992403168,0.0500000001543733,0.0249346904950887,99.99999883111596,4.587659339889681,0.0084893120137188,2.235874450114985,0.0,0.0,36.16063344818367,0.0,18.454108620293088,cal_final_2008-09-30
10259000,hbv_lite_cma,evaluation,0.49074,0.653554,-0.236743,-0.132629,-0.455063,13,explicit_euler_dt1,hbv,success,,28.61,0.9088,-2.4927875644183324,0.5415767694286527,2.3804039970869256e-06,0.1351924196199112,113.19057335505272,3.130587385703347,0.8700019493757531,0.8999999999461595,0.2987256878648009,5.32796134309109,9.480048609851826,0.0093693087524192,1.0917829422214504,0.0,0.0,0.9635013237884136,0.0,8.591870939558683,cal_final_2008-09-30
10336645,hbv_lite_cma,evaluation,0.685319,0.754267,-0.165557,-0.257914,0.545061,13,explicit_euler_dt1,hbv,success,,37.88,0.6988,0.799999503702578,3.0511391510185377,0.0103835105103616,2.9706490860693816e-10,128.56410727245208,1.6567920882796243,0.9485165355433456,0.8999999945008887,0.3025965752145533,31.143236494665683,9.99999909166852,0.0472904287607278,1.5119740318212656,0.0,0.0,0.902978388077574,0.0,0.2356263949614569,cal_final_2008-09-30
10336660,hbv_lite_cma,evaluation,0.728395,0.524717,-0.35381,-0.383057,0.118822,13,explicit_euler_dt1,hbv,success,,58.45,0.6907,1.389999785523807,2.6686246493838373,0.019437818914691,0.0185163832837438,95.9649461886162,1.0000171701089466,0.9999980251409132,0.8999996179201015,0.3050820415505108,21.74005220739447,9.999988229942998,0.060497346091083,1.7869632852940445,0.0,0.0,0.2701644042157075,0.0,0.0392115016229156,cal_final_2008-09-30
10343500,hbv_lite_cma,evaluation,0.62595,0.651288,-0.122237,-0.157876,-0.392055,13,explicit_euler_dt1,hbv,success,,35.14,0.8388,-0.9300309933841672,2.272162859044162,0.0364966966089817,0.0221839335970217,999.999517817492,1.14801900731117,0.200500178648867,0.8999998946322482,0.2174896161064033,37.538304623031216,7.804883614001118,0.0385120034726615,1.96890588250526,0.0,0.0,15.662927664433797,0.0,0.3613549708418299,cal_final_2008-09-30
11124500,hbv_lite_cma,evaluation,0.420299,0.497868,0.390392,-0.370228,,13,explicit_euler_dt1,hbv,success,,29.3,0.6052,0.5882447284286125,5.530022461457181,0.025309593465729,6.792877388619695e-05,999.9999964502608,1.2554958025283374,0.2000000575028753,0.4326266693349284,0.1362770395226816,29.234515446548503,9.999825107799293,0.0010000132439319,1.931888062825124,0.0,0.0,21.16342335093522,0.0,393.6412645807363,cal_final_2008-09-30
11141280,hbv_lite_cma,evaluation,0.462862,0.729409,0.002589,-0.283793,2.845715,13,explicit_euler_dt1,hbv,success,,23.79,0.712,1.2343058053214158,8.640431531203474,0.0625221220156587,0.0069880938974349,999.9999999999918,1.0958905280333315,0.3563879215492611,0.8999999999999315,0.1093404434583004,20.9339440651467,2.691537725066386,0.0010000000000012,1.0164283881508644,0.0,0.0,49.42311039863384,0.0,273.37729464207865,cal_final_2008-09-30
11143000,hbv_lite_cma,evaluation,0.849054,0.868105,-0.062939,-0.062725,-0.34565,13,explicit_euler_dt1,hbv,success,,23.93,0.791,1.4799307366846983,9.710832615233484,0.0429579351591685,0.062211967754817,815.1295352065557,2.347519011434123,0.999999787082262,0.4226063726205025,0.4105254786056156,94.44700604913436,9.999999976056902,0.0701426968699275,1.834432104516984,0.0,0.0,307.5630856004581,0.0,0.0015575448773973,cal_final_2008-09-30
11148900,hbv_lite_cma,evaluation,0.738964,0.699204,-0.004538,-0.065211,,13,explicit_euler_dt1,hbv,success,,20.11,0.7232,-1.198919826504654,4.338370464192463,0.0157597390016669,0.0210042135982913,211.1651534963797,1.340115670685612,0.9999999999993344,0.8999999999999738,0.4999999999990843,2.219903924265173e-11,4.62197484439828,0.1628082418582544,1.099908778327754,0.0,0.0,3.169599131575448,0.0,2.0387853247587092e-08,cal_final_2008-09-30
11151300,hbv_lite_cma,evaluation,0.342636,0.236148,-0.400943,-0.382115,-0.722794,13,explicit_euler_dt1,hbv,success,,22.76,0.1617,-1.3463116629307446,7.510310311028306,0.0315534506556773,0.1687802793620421,999.0114366449108,3.757303639622781,0.4416429722986075,0.3657334335720654,0.4999914866057369,0.1837343558483158,0.0391480971610115,0.1780878109687956,1.2814434252073883,0.0,0.0,51.82208452985596,0.0,8.797440233201534e-14,cal_final_2008-09-30
11176400,hbv_lite_cma,evaluation,0.606857,0.541253,0.013612,-0.299534,,13,explicit_euler_dt1,hbv,success,,27.37,0.5684,-1.908237609798805,8.168807660604834,0.0075412570401984,0.032163944128112,999.9870397778142,1.0224540441534828,0.221840929629526,0.8999070914134981,0.0456980493199457,5.8641415286126986,0.4979153505622246,0.0010001366260436,1.2416103731725427,0.0,0.0,9.690573620299832,0.0,131.16454479152745,cal_final_2008-09-30
11230500,hbv_lite_cma,evaluation,0.61861,0.452341,-0.337827,-0.429858,0.497939,13,explicit_euler_dt1,hbv,success,,63.56,0.5535,-2.4999999999976907,4.0215025363203365,0.0360999135569279,1.9612201720985403e-15,999.9999999998907,1.0000000000000964,0.4762062313343409,0.0500000000006794,0.0100000000001334,3.2614032567882326e-10,9.999999999985748,0.0205292702290049,1.002061657387717,0.0,0.0,168.61223298466237,0.0,21.095861991000262,cal_final_2008-09-30
11237500,hbv_lite_cma,evaluation,0.652345,0.719949,0.081332,-0.154354,4.479205,13,explicit_euler_dt1,hbv,success,,68.33,0.8112,1.4999993644813086,3.0614554267447103,4.153195696612081e-07,0.0790269559821182,373.0715829611214,1.469834115503414,0.9999999605939044,0.8999999888377228,0.174357650144865,28.780832463798657,9.999999761420808,0.0497676740375715,4.161983673427642,0.0,0.0,71.81916730630456,0.0,0.3597181188087887,cal_final_2008-09-30
11264500,hbv_lite_cma,evaluation,0.734904,0.856102,-0.031217,-0.095715,1.706857,13,explicit_euler_dt1,hbv,success,,50.3,0.8139,-1.890005507679784,2.2745295631108533,0.0304769585998972,0.0057461384033167,206.9150819750358,1.1504402343667552,0.999999943956796,0.3068050280479232,0.1585465380138047,38.7698711230443,9.99999999325224,0.0348141771384065,1.5223914255169464,0.0,0.0,8.304067089056947,0.0,2.193520233636127,cal_final_2008-09-30
11266500,hbv_lite_cma,evaluation,0.731412,0.851927,0.030959,-0.058436,1.876526,13,explicit_euler_dt1,hbv,success,,68.81,0.8298,-1.3100132683924428,2.300823289708938,0.0999100319023811,8.574686343802512e-09,234.2492604998295,1.0133861833701274,0.9999962504558988,0.2520644319093904,0.0695595493428231,32.424505858193065,9.493668505046957,0.0326768093900998,1.1262435177677628,0.0,0.0,11.66733809610607,0.0,2.880897180211401,cal_final_2008-09-30
11284400,hbv_lite_cma,evaluation,0.618797,0.471252,0.472348,-0.104498,,13,explicit_euler_dt1,hbv,success,,26.13,0.6934,0.2900483738605883,5.19550851285238,0.0936404338704348,0.1675369863314577,629.5301227557203,1.9159408732843384,0.2000006345871216,0.8340938877486803,0.2953617426654094,19.622910548320142,4.6130988051521244,0.0010000000331617,1.941809205313691,0.0,0.0,2.3644243592299814,0.0,485.6089381497484,cal_final_2008-09-30
11381500,hbv_lite_cma,evaluation,0.768091,0.820817,0.130398,0.03071,0.210427,13,explicit_euler_dt1,hbv,success,,28.59,0.777,-1.1901563908236514,1.6551385623906738,0.0279119769229626,1.01401653308435e-08,792.541520606658,1.16153041148625,0.9999999236545618,0.8999999619311843,0.1966054726021308,37.80712112372285,9.197219194624296,0.0117036222316554,1.0471131612583302,0.0,0.0,219.51098841331887,0.0,25.195418021175183,cal_final_2008-09-30
11451100,hbv_lite_cma,evaluation,0.616173,0.695725,-0.110342,-0.208162,1.301999,13,explicit_euler_dt1,hbv,success,,27.65,0.7474,-2.076632283535687,4.3435911158712495,0.014989855134573,0.0623903855039487,190.334075601684,1.0000000002314509,0.5951331424568471,0.7272070857068389,0.1400397532057097,29.54287419743684,4.976797994137685,0.0602910436022995,1.0716655689273464,0.0,0.0,4.59065188495334,0.0,0.0214368855625763,cal_final_2008-09-30
11468500,hbv_lite_cma,evaluation,0.799264,0.711988,0.238057,0.012725,12.154044,13,explicit_euler_dt1,hbv,success,,27.98,0.8257,1.4896505532937336,1.0320042590969276,0.0007622774750298,0.0094696248616298,475.7499559748018,2.2823591835847954,0.9833286768259064,0.6940603640305651,0.1584396272476482,48.69640484556928,2.266612518600658,0.0010000004245863,1.2072070469843206,0.0,0.0,112.85337650775205,0.0,707.8411064608481,cal_final_2008-09-30
11473900,hbv_lite_cma,evaluation,0.771342,0.77887,0.176305,0.052053,1.466195,13,explicit_euler_dt1,hbv,success,,27.99,0.7748,-0.0700004120270372,0.5000000005407557,0.0961697561828176,2.818815751422078e-10,999.9999961089098,1.0000060910157484,0.20000000188783,0.8999999989566855,0.3852885039049618,25.08522116604864,9.473387122217591,0.06943721558428,1.1749816001840925,0.0,0.0,45.98066098742443,0.0,0.1745925202176531,cal_final_2008-09-30
11475560,hbv_lite_cma,evaluation,0.807507,0.787164,-0.023096,-0.067674,-0.572934,13,explicit_euler_dt1,hbv,success,,25.4,0.8365,0.7099818455301534,2.2875642024414766,0.0033987446155354,0.19998791458161,631.1527061383582,2.5303082659858607,0.9999973211255202,0.6926247266706016,0.2418963305704028,45.3512809243146,7.287634487792021,0.113384380693494,1.2183780921503615,0.0,0.0,210.40624061735727,0.0,0.0631914155549445,cal_final_2008-09-30
11476600,hbv_lite_cma,evaluation,0.818205,0.800898,-0.005608,-0.072107,-0.862184,13,explicit_euler_dt1,hbv,success,,24.51,0.8579,-2.3177108531150825,8.247107896066247,0.0562755023104276,0.1109944605518394,364.8315868504718,4.644700228846043,0.9999999999907612,0.5925522089050994,0.2794193343310733,67.68027476549393,9.28400757015919,0.1214545467091523,1.9881236229159416,0.0,0.0,83.66670693332968,0.0,0.0004269183170462,cal_final_2008-09-30
11478500,hbv_lite_cma,evaluation,0.724111,0.777802,-0.013537,-0.120712,-0.525978,13,explicit_euler_dt1,hbv,success,,27.79,0.7912,0.7300018483511206,5.702863967028103,0.0347204444791258,6.205797428306727e-09,117.07373101099496,1.3035948369776966,0.999999668248021,0.7633728828293478,0.2806411376497986,36.34523056874031,5.016771077585174,0.0815165752419079,1.5508952994349423,0.0,0.0,2.8247490275656246,0.0,0.0038067630863844,cal_final_2008-09-30
11480390,hbv_lite_cma,evaluation,0.780106,0.710033,0.258168,0.042456,165.36564,13,explicit_euler_dt1,hbv,success,,27.78,0.7712,-1.8900359996066456,0.5000052138166465,0.0025047401532713,0.005723140873328,889.3859904854525,1.000000748997455,0.5099174321175339,0.8174687836101426,0.2938709916544144,30.00230898846395,9.209924812505124,0.0843744646375468,1.0828059642075143,0.0,0.0,146.93213564326382,0.0,0.1590364607027036,cal_final_2008-09-30
11481200,hbv_lite_cma,evaluation,0.765253,0.783091,0.04129,-0.067485,0.056674,13,explicit_euler_dt1,hbv,success,,24.39,0.8337,0.0116221284106812,5.464176746244047,0.0413364769446701,0.0996197562377486,635.5978579972418,1.0000000000099256,0.7277876538251056,0.8999999999655274,0.2792172990806738,26.46266270363742,5.502900844282146,0.0805665778643638,1.0140761619564596,0.0,0.0,165.23963553019345,0.0,0.2200928758296364,cal_final_2008-09-30
11482500,hbv_lite_cma,evaluation,0.839532,0.865659,0.092314,0.022823,-0.269894,13,explicit_euler_dt1,hbv,success,,28.24,0.8523,0.1200019712631395,3.9613963046635225,0.0945590574931536,0.1999974520237573,390.8177187607071,2.3583289015731186,0.9960080074062618,0.4019221594849433,0.1896153569400323,31.335486843527832,7.38957030842132,0.0749691478343272,1.9907988016945373,0.0,0.0,87.918350305332,0.0,0.0333255340057209,cal_final_2008-09-30
11522500,hbv_lite_cma,evaluation,0.749745,0.787661,-0.035062,-0.15751,0.732072,13,explicit_euler_dt1,hbv,success,,28.87,0.784,-0.8999999458262267,2.0610745301313287,0.0988449995261385,5.851069979238184e-09,98.15037006849514,1.0000001729748318,0.9999998515396048,0.6325617682663977,0.1788974166820213,99.9999990967372,9.144253110610652,0.0168739328245772,1.965780386456513,0.0,0.0,0.7181029150098676,0.0,14.064775476221932,cal_final_2008-09-30
11523200,hbv_lite_cma,evaluation,0.696274,0.827085,-0.015586,-0.1109,-0.20174,13,explicit_euler_dt1,hbv,success,,42.75,0.751,1.3000008903311526,2.918348703147129,0.0420634147407898,9.047147446655133e-09,91.2435142271641,1.0000054036241703,0.9999978631374756,0.8325728619590804,0.2691597798957647,99.99997445184675,9.999995153719972,0.0321516489731013,1.015291510590224,0.0,0.0,0.5284783571053226,0.0,2.5466047109772143,cal_final_2008-09-30
11528700,hbv_lite_cma,evaluation,0.729848,0.7404,0.172192,-0.03157,0.567918,13,explicit_euler_dt1,hbv,success,,27.85,0.8283,-0.2000011630083973,2.8705896583430843,0.0566328366928362,1.0900102632680676e-08,999.9469895626644,1.000001092466172,0.5783646511130222,0.6066339376953762,0.3319006070440913,41.32719954492361,9.200480304269396,0.0465972335060767,1.1908310517228182,0.0,0.0,189.166255479122,0.0,0.1363433201180673,cal_final_2008-09-30
11532500,hbv_lite_cma,evaluation,0.843327,0.889156,0.074728,-0.00128,-0.304549,13,explicit_euler_dt1,hbv,success,,27.42,0.882,-0.0299998909929524,5.648387467379903,0.0945629068551963,3.818297527925498e-09,264.201460969703,1.0000000340028885,0.9999992206067568,0.8999999938820457,0.2688947743142026,55.281678938084646,9.999999327369608,0.0438931161539264,1.0017475278940018,0.0,0.0,39.182897343014616,0.0,0.7195117493650756,cal_final_2008-09-30
12010000,hbv_lite_cma,evaluation,0.855415,0.822849,-0.013995,-0.069339,-0.218075,13,explicit_euler_dt1,hbv,success,,35.46,0.8612,-1.0200640422331717,9.769890475274146,0.098896060583551,0.080346532510201,140.7443554743286,2.3354228985495213,0.9603099267062338,0.5520850604411139,0.2000146748227124,63.61724921123764,5.073418602035316,0.0415772857882249,2.586737398854789,0.0,0.0,103.62278994251892,0.0,20.869219405412363,cal_final_2008-09-30
12013500,hbv_lite_cma,evaluation,0.797618,0.613684,0.379192,0.158065,2.411628,13,explicit_euler_dt1,hbv,success,,43.23,0.8015,-2.499998950000629,9.999940066231046,0.099505107820818,0.0013360078620998,999.9999995479876,1.0000000160355655,0.2665819654756919,0.4667970521824219,0.1875437861829165,32.29159621029157,7.025737388637191,0.064677803351458,3.842641082701258,0.0,0.0,603.5891094323318,0.0,19.63500816701314,cal_final_2008-09-30
12020000,hbv_lite_cma,evaluation,0.779402,0.824156,0.043169,-0.013929,-0.793856,13,explicit_euler_dt1,hbv,success,,27.79,0.4743,-0.2399997261694384,9.999979688588123,0.0581615921891224,0.1612271303975487,192.6703241609148,3.674021778004536,0.6053167803132122,0.8999999835129376,0.4394981777818934,40.73582614294502,8.175429673681569,0.1358345474387559,1.8448261475634005,0.0,0.0,98.670566125801,0.0,0.6566810612435579,cal_final_2008-09-30
12025700,hbv_lite_cma,evaluation,0.836489,0.88523,-0.028943,-0.070706,-0.46059,13,explicit_euler_dt1,hbv,success,,24.5,0.828,-2.450000217425204,8.125965508977943,0.0373483339977926,2.668093873074825e-07,283.76296667438226,1.780662311234019,0.9999997469570994,0.8999999375147599,0.3832510425194392,32.656814124177686,7.262647992504712,0.1007989624103055,1.4833487832414052,0.0,0.0,123.61985295643294,0.0,1.3114909023373906,cal_final_2008-09-30
12035000,hbv_lite_cma,evaluation,0.857594,0.797666,-0.074949,-0.118413,-0.313751,13,explicit_euler_dt1,hbv,success,,35.23,0.8633,-2.0210626401710408,4.341912314421508,0.0399214556299142,0.1112350996734818,195.3757718010568,1.000000051599635,0.999999985108645,0.7618383156882634,0.182453448280358,60.08032260612563,5.023125708546212,0.0523239952495901,2.1503010752310168,0.0,0.0,97.23428399871509,0.0,13.585718130944253,cal_final_2008-09-30
12040500,hbv_lite_cma,evaluation,0.751987,0.669069,-0.170581,-0.190719,-0.405156,13,explicit_euler_dt1,hbv,success,,27.4,0.8032,-2.380000049779927,1.8193685726540176,0.0962580236524864,1.189981557485851e-09,71.74981205297732,1.0000000014750403,0.999999998279408,0.8999999999303931,0.3105907874647933,42.2726469198632,4.409852614352702,0.0479105098668685,1.0026826495880798,0.0,0.0,50.820553180890656,0.0,27.781414041223265,cal_final_2008-09-30
12041200,hbv_lite_cma,evaluation,0.621742,0.805459,-0.046325,0.002241,-0.084613,13,explicit_euler_dt1,hbv,success,,27.53,0.7456,-0.6700001010501644,0.8907619375206298,0.0040414090591667,3.905300228963719e-08,50.00000009064022,1.000000001942469,0.9999998112652912,0.8999999983744145,0.315432045867309,52.43432311735419,8.981304383698735,0.0130226190918417,1.3930874851662831,0.0,0.0,36.58240718499909,0.0,251.05144521623933,cal_final_2008-09-30
12048000,hbv_lite_cma,evaluation,0.202003,0.29525,0.085658,-0.38696,2.463733,13,explicit_euler_dt1,hbv,success,,33.36,0.2159,0.2599974849455488,0.5000000073893631,0.0999979349646977,0.0064752382274337,932.5601668808469,1.0000032679438986,0.5022955891003638,0.0500016492436927,0.1447070679917945,99.99997637368216,9.999998907110118,0.0014600009678304,1.4439482722789043,5353.755469848285,34.66684207869416,459.700890886283,0.0,1380.841682543676,cal_final_2008-09-30
12054000,hbv_lite_cma,evaluation,0.589252,0.775658,-0.095232,-0.09179,-0.012569,13,explicit_euler_dt1,hbv,success,,27.88,0.6324,-1.529999998912621,1.6829441714717122,0.0832608220318812,2.112867017734364e-11,50.000000008031954,1.000000001510541,0.9999999945001756,0.8999999991929053,0.4959349256986054,38.69656464960492,9.999999997721856,0.020598890791102,1.8324520899396253,0.0,0.0,21.300919152376263,0.0,83.30883270448396,cal_final_2008-09-30
12056500,hbv_lite_cma,evaluation,0.664774,0.824432,-0.058896,-0.096565,0.196115,13,explicit_euler_dt1,hbv,success,,27.94,0.583,-1.82999996161141,1.3360879605905136,0.0314854772092529,8.894375236844973e-11,999.9999969287542,1.0000000028125562,0.9999999980488764,0.8999999999966234,0.4289248727570693,39.33696120795669,9.999999999814516,0.0307358657643431,1.0009981797379552,0.0,0.0,692.5272024135897,0.0,76.98532147584227,cal_final_2008-09-30
12073500,hbv_lite_cma,evaluation,0.765117,0.697853,0.245294,-0.042415,1.474829,13,explicit_euler_dt1,hbv,success,,27.72,0.8151,-2.1399969714522107,1.1004289150262736,0.0099254713264631,3.875511840058192e-09,307.3094846883142,2.37671753012538,0.2406140310584857,0.8999999999987867,0.1865375905477324,49.28684653663479,6.17343797183694,0.0010000000002208,1.9298415042907484,0.0,0.0,43.75968298670683,0.0,1443.3014785522987,cal_final_2008-09-30
12082500,hbv_lite_cma,evaluation,0.698701,0.828982,0.024706,-0.079564,0.432246,13,explicit_euler_dt1,hbv,success,,28.61,0.6896,-2.249996036201974,1.762270669497782,0.0150449307649206,6.872291031968112e-05,999.9912708738016,1.0000087826236497,0.8842654451310603,0.8999995457666954,0.2125580266702396,63.74446322265926,9.999999976485851,0.0089943313106059,1.61083453083161,0.0,0.0,621.8401720705943,0.0,341.22603711201367,cal_final_2008-09-30
12092000,hbv_lite_cma,evaluation,0.524172,0.751082,0.08824,-0.088721,0.759596,13,explicit_euler_dt1,hbv,success,,28.56,0.5457,-1.230000024450997,1.3161069808401988,0.0899041855954544,3.6265502737696856e-11,999.9999170954892,1.000000000015849,0.8531934511838519,0.8490628854651435,0.2463485180836176,99.99999964450468,9.999999998712056,0.0043424622726742,1.858517486178921,0.0,0.0,688.519239669314,0.0,994.566337426112,cal_final_2008-09-30
12114500,hbv_lite_cma,evaluation,0.635111,0.65245,-0.145154,-0.240701,0.411022,13,explicit_euler_dt1,hbv,success,,28.72,0.727,0.2300000104868287,2.2990583853937765,0.0999978537316493,1.8531249532303266e-12,999.9999926852396,1.000000002758222,0.3889875236163976,0.8999999998949513,0.3051489795525342,36.916795207564505,9.99999999258872,0.0437123326505966,1.0508366493265329,0.0,0.0,656.4315805306633,0.0,37.59462361723559,cal_final_2008-09-30
12115000,hbv_lite_cma,evaluation,0.671018,0.660869,-0.084961,-0.222205,0.659671,13,explicit_euler_dt1,hbv,success,,28.5,0.755,0.0600000106093863,1.932869187128736,0.059280790530417,3.579204057224504e-11,842.7693313964126,1.0000000112931882,0.9999999347833356,0.8999999847666333,0.3074682835476679,41.102490914698926,9.999999968203849,0.0376630998168592,1.3791548639678548,0.0,0.0,599.4540496954717,0.0,53.06825349124483,cal_final_2008-09-30
12117000,hbv_lite_cma,evaluation,0.835963,0.802186,-0.063561,-0.169995,0.091626,13,explicit_euler_dt1,hbv,success,,28.39,0.8555,-2.3400030676230394,0.601040682566009,0.0839402734854768,1.8660932386584384e-05,998.7620786153896,1.765383940384447,0.9437953227557574,0.8999999941813354,0.2576149432639867,54.89466676904333,9.99999982578851,0.0290668646039571,1.889012894177641,0.0,0.0,743.761201294281,0.0,67.29819293106569,cal_final_2008-09-30
12143600,hbv_lite_cma,evaluation,0.709522,0.769434,-0.072193,-0.173837,0.469103,13,explicit_euler_dt1,hbv,success,,27.84,0.7206,0.4699999737397902,2.535860650633641,0.0611637459382174,2.661939841900825e-10,119.78988195976817,1.0000000041956365,0.999999934324766,0.8999999876113908,0.360689824175011,44.24077778520979,9.999999982303873,0.0224893842622161,1.2773197653662272,0.0,0.0,78.87316936240993,0.0,111.97085613242608,cal_final_2008-09-30
12144000,hbv_lite_cma,evaluation,0.692319,0.738133,-0.120414,-0.210251,0.081521,13,explicit_euler_dt1,hbv,success,,28.24,0.7348,0.2599994093535058,1.6794544150178432,0.0362644665766727,0.0013436796656754,999.9659324185776,1.000000186418094,0.9999998813529588,0.8999998771945126,0.3148327007849341,39.49367769987708,9.999996732901778,0.0294333758665764,1.1838746308966943,0.0,0.0,738.8820141357164,0.0,85.94231855801888,cal_final_2008-09-30
12145500,hbv_lite_cma,evaluation,0.843723,0.803034,0.032703,-0.083906,0.099999,13,explicit_euler_dt1,hbv,success,,27.55,0.8901,-1.2200014453483163,0.6185051029397655,0.0189737853951298,4.3837870580165433e-08,208.60811818762,1.0104948574154602,0.6012991258420195,0.8999999999959636,0.2542158960220765,36.15968369206724,4.028285534547606,0.0611618908118887,1.638430908445086,0.0,0.0,100.36394853410206,0.0,16.775806002804,cal_final_2008-09-30
12147500,hbv_lite_cma,evaluation,0.656511,0.613374,-0.289672,-0.281747,-0.411119,13,explicit_euler_dt1,hbv,success,,27.49,0.6379,0.239857097282663,0.9982495661069604,0.0699952647613107,0.1353230570012721,50.01042002663264,1.0000111511164174,0.9999973655777612,0.8999739288581495,0.4999815674232464,6.046651831403915,8.701285594156632,0.0384861518868348,1.201487520167647,0.0,0.0,39.59143618059895,0.0,53.24067827741538,cal_final_2008-09-30
12167000,hbv_lite_cma,evaluation,0.618049,0.537914,-0.227424,-0.323887,-0.022835,13,explicit_euler_dt1,hbv,success,,27.68,0.67,-1.0100000929246362,0.630389992168091,0.0745252306487695,0.0033023780347506,50.00000426786326,1.0000000005229954,0.9999998453353524,0.6526022229888592,0.2878375825737444,40.631465547228274,6.384006984061124,0.0255155315139374,1.3233511679389778,0.0,0.0,31.190984747594204,0.0,46.303733260369725,cal_final_2008-09-30
12175500,hbv_lite_cma,evaluation,0.468007,0.693853,-0.133261,-0.224036,0.222683,13,explicit_euler_dt1,hbv,success,,30.54,0.558,-2.479999962804951,1.4603872559587252,0.0350745498622067,2.2303260500311005e-11,506.4695015474819,1.000000000079038,0.9999999998394552,0.8999999989722998,0.2598820489585121,65.86127045707634,9.999999983708715,0.0170122995113083,1.0000697200218718,0.0,0.0,329.4211899639369,0.0,221.07580058831803,cal_final_2008-09-30
12178100,hbv_lite_cma,evaluation,0.501603,0.682771,-0.143726,-0.231216,0.165277,13,explicit_euler_dt1,hbv,success,,29.32,0.5753,-2.460000012707515,1.5386763427548078,0.0779187537246913,4.622683059477297e-09,999.9999986720056,1.0000000006498635,0.9999999480112972,0.8537224884608061,0.4552353982746221,40.66725798920564,9.99999997693624,0.0232895715176347,1.2375702422764123,0.0,0.0,671.4810132411103,0.0,113.83173559231696,cal_final_2008-09-30
12186000,hbv_lite_cma,evaluation,0.576148,0.718238,-0.177732,-0.20168,0.005322,13,explicit_euler_dt1,hbv,success,,28.06,0.566,-1.1400000163523325,1.626382142812685,0.0468263431646642,2.378356151488141e-05,64.6101668963686,1.0000043901914584,0.9999998404131148,0.8999998954815523,0.3532735178557101,13.767039637671749,9.999999771906143,0.0256425313635609,1.2120305392335071,0.0,0.0,39.26636947961112,0.0,75.25731532543927,cal_final_2008-09-30
12189500,hbv_lite_cma,evaluation,0.433776,0.659416,-0.109153,-0.228509,0.208359,13,explicit_euler_dt1,hbv,success,,28.39,0.6115,-1.710000097687995,1.2845111538863283,0.0876825991833361,8.50990852530106e-12,999.9999990276722,1.0000000000864906,0.9999999993374018,0.8999999913975261,0.3797374733190755,45.16086274558609,9.99999999956884,0.0191614025867345,1.9681296637428285,0.0,0.0,642.2219858587889,0.0,132.28819557195067,cal_final_2008-09-30
12375900,hbv_lite_cma,evaluation,0.556477,0.727411,0.010825,0.103411,-0.736851,13,explicit_euler_dt1,hbv,success,,63.39,0.7806,0.7400011472225683,2.139065925611078,0.0067705877847173,0.0054563071431746,999.9999701609182,1.000000006062921,0.913723544196316,0.8410293567907012,0.4216030427313067,99.9064884142867,9.438110241601768,0.038369967647454,5.894019244727163,0.0,0.0,533.8134961886093,0.0,41.08697746903251,cal_final_2008-09-30
12377150,hbv_lite_cma,evaluation,0.708596,0.680928,-0.292045,-0.158005,-0.872907,13,explicit_euler_dt1,hbv,success,,36.45,0.7357,2.0399938289335733,2.4266659842258367,0.0555589219626258,0.0321556472265702,50.07284615680617,1.0000011744854294,0.9999999120408564,0.8998252132959605,0.3435141996906778,53.29989782128296,9.999987159309496,0.0359316715819435,1.433521190619175,0.0,0.0,25.992734605733613,0.0,39.957431778965855,cal_final_2008-09-30
12381400,hbv_lite_cma,evaluation,0.327973,0.486891,0.306644,0.295935,-0.594063,13,explicit_euler_dt1,hbv,success,,80.02,0.8614,1.489999947206118,3.4963557148203006,0.0266207514478769,3.2676797140114666e-11,994.8861392860427,1.0000000212593276,0.3662347613790006,0.5982635290647835,0.1105197562996281,87.08632165804833,9.999999995150278,0.0370224614508333,7.592489261002616,0.0,0.0,263.2515349585393,0.0,13.659614047300996,cal_final_2008-09-30
12383500,hbv_lite_cma,evaluation,0.396653,0.602933,0.113352,0.186433,-0.373827,13,explicit_euler_dt1,hbv,success,,67.31,0.7339,2.4999999999988463,1.662785620967512,0.0692005210776873,4.510401536402369e-16,999.9999999999704,1.0000000000001033,0.8809626318477852,0.4155451088210056,0.1113806845791143,55.53111597780445,9.999999999999972,0.0165837668318429,1.577911493538136,0.0,0.0,485.87972119490223,0.0,86.16528887743955,cal_final_2008-09-30
12390700,hbv_lite_cma,evaluation,0.591766,0.735782,0.18134,-0.066467,0.809281,13,explicit_euler_dt1,hbv,success,,37.82,0.7731,-0.9400132075307888,1.7547931595837385,0.0978573894848024,1.5648137590614613e-08,502.3692288883775,1.2022269222874926,0.2000001418436275,0.8197123249999054,0.1644068314029987,2.27692013511735,9.827176371109314,0.0283838604630515,2.588595129662847,0.0,0.0,82.15374312126961,0.0,12.498877626037434,cal_final_2008-09-30
12411000,hbv_lite_cma,evaluation,0.699592,0.841152,-0.045884,-0.072791,-0.464367,13,explicit_euler_dt1,hbv,success,,40.8,0.7637,-0.6199991724748255,2.5373656261592283,0.0628981884704152,1.567342959426796e-08,195.49582536125027,5.999588993667984,0.2000007367627917,0.467491929656058,0.499999683732901,38.11280534174216,9.999999245415054,0.0344620659901445,3.008494114259641,0.0,0.0,55.94555198244787,0.0,2.499507924093784,cal_final_2008-09-30
12447390,hbv_lite_cma,evaluation,0.502652,0.431584,-0.317575,-0.455965,-0.46494,13,explicit_euler_dt1,hbv,success,,81.44,0.5284,-2.4999999999956177,4.243513755263827,0.0990692354583042,5.92113379380592e-14,999.9999999999952,1.000000000000736,0.3995277352513363,0.8883935186088784,0.4999999999987768,98.32496076259602,9.999999999998206,0.0291125290474339,9.996063252600688,0.0,0.0,261.1500611199704,0.0,13.16673895937402,cal_final_2008-09-30
12451000,hbv_lite_cma,evaluation,0.555763,0.761806,-0.109433,-0.05786,-0.161602,13,explicit_euler_dt1,hbv,success,,38.37,0.7185,-2.499999999999724,1.811427248113554,0.0410343865320967,2.236083962591457e-14,999.9999999951042,1.0000000000010796,0.999999999999852,0.8999999999999938,0.3054545336806785,53.09520046817013,9.999999999994593,0.0293259428710276,1.8748543149743573,0.0,0.0,581.4602880447022,0.0,43.07493836791009,cal_final_2008-09-30
12488500,hbv_lite_cma,evaluation,0.706545,0.758443,0.152976,-0.090776,1.116223,13,explicit_euler_dt1,hbv,success,,57.91,0.6215,-1.5600047424717849,2.512359118089025,0.0788294788256639,3.3258818627007856e-08,997.7205271571196,1.0959862184004214,0.2988668899043791,0.3011941085099429,0.1345623502126395,99.9999734544978,9.999999895797442,0.0199485146958117,1.1888912613869256,0.0,0.0,443.0257458786685,0.0,65.96945719344555,cal_final_2008-09-30
13011500,hbv_lite_cma,evaluation,0.74403,0.870606,0.025469,-0.061958,-0.088238,13,explicit_euler_dt1,hbv,success,,31.64,0.8378,-1.11999064506783,3.6587624277866015,0.0797829582616697,0.0119894537310399,740.882963580091,1.0563511387583144,0.9999392849818712,0.8367671892209105,0.2816514111579163,68.97990368802684,9.999999193126293,0.0495493402992374,1.7996709923468046,0.0,0.0,308.7782798528008,0.0,6.95808229200121,cal_final_2008-09-30
13011900,hbv_lite_cma,evaluation,0.71202,0.744453,0.063692,0.120063,-0.810935,13,explicit_euler_dt1,hbv,success,,31.12,0.85,-0.059999996133107,3.474405986052747,0.0022806674142392,3.865772980547155e-11,999.9999999588464,1.0000000052849436,0.7725693683238983,0.1144448287664931,0.095806175083186,86.14818812340688,9.09067125075715,0.0408286119311559,1.0971384421312658,0.0,0.0,419.12442099013634,0.0,14.426691256829418,cal_final_2008-09-30
13018300,hbv_lite_cma,evaluation,0.686716,0.740235,-0.21419,-0.124445,-0.728975,13,explicit_euler_dt1,hbv,success,,53.39,0.6333,0.1999359080398779,2.1214130215005595,0.0999094169251703,0.0145632070734692,999.9986338618504,1.0000008537618723,0.3520860747949613,0.0722371039046461,0.4999998513246569,80.73321090284936,7.549396684059161,0.0255763354320705,2.9483723392044405,0.0,0.0,135.23581577043194,0.0,10.804875445795169,cal_final_2008-09-30
13023000,hbv_lite_cma,evaluation,0.781739,0.715502,-0.205184,-0.227859,-0.507246,13,explicit_euler_dt1,hbv,success,,56.18,0.7786,-2.490000113097058,3.880474394628612,0.0168158871997201,1.2804204836302052e-09,999.9999584785736,1.0000000001203309,0.4284961798126995,0.8991864994874756,0.0195999499932387,99.99956010171422,9.940856208178712,0.0209402810187411,2.420700466564339,0.0,0.0,209.7622754316649,0.0,27.71145530111804,cal_final_2008-09-30
13161500,hbv_lite_cma,evaluation,0.671716,0.834821,0.002229,-0.046245,0.226831,13,explicit_euler_dt1,hbv,success,,43.9,0.853,0.4600002279799469,9.999999997113967,0.0252567364257264,2.3418101034389e-09,570.1838277805023,2.821806820604565,0.986936787177761,0.5789360155774067,0.010515257656836,85.8192550227317,3.2803926285100733,0.0418625334527079,1.5389572242099607,0.0,0.0,149.72566832170804,0.0,0.205730067748164,cal_final_2008-09-30
13235000,hbv_lite_cma,evaluation,0.562359,0.753005,-0.033328,-0.020082,-0.316546,13,explicit_euler_dt1,hbv,success,,54.72,0.6511,-2.1099999418799924,2.5277229605999443,0.0707240721965754,6.140627248462248e-09,50.00018967550521,1.0000001063794808,0.9999998565204616,0.8999992148050387,0.0100000177481645,41.59279233928018,9.999999875679151,0.0195505842957078,9.056891162626451,0.0,0.0,12.32682135095407,0.0,19.386735930202107,cal_final_2008-09-30
13240000,hbv_lite_cma,evaluation,0.776397,0.807316,-0.160042,-0.141077,0.054416,13,explicit_euler_dt1,hbv,success,,32.03,0.8244,-0.2999999932192403,3.3651968266186203,0.0004565546771162,9.223952642417763e-11,999.9999890432204,1.0000000007316452,0.9999999994889146,0.4526199134095466,0.163742885058402,4.690734768401176e-07,9.999999984137071,0.0687068361257896,1.876774430686826,0.0,0.0,507.9280744852828,0.0,9.140913485785244,cal_final_2008-09-30
13313000,hbv_lite_cma,evaluation,0.661596,0.654678,0.164869,0.177457,-0.177256,13,explicit_euler_dt1,hbv,success,,34.64,0.8069,-0.8800000538417194,2.882455863075582,0.0562284662453511,1.7529362608439016e-10,999.9999967341156,1.0000000007009286,0.8271766765991455,0.3282386821557432,0.2914690214989135,59.9938966990622,9.999999983800103,0.0457285413600013,1.0099364497199623,0.0,0.0,383.2166397984662,0.0,9.169210171488668,cal_final_2008-09-30
13331500,hbv_lite_cma,evaluation,0.657912,0.768654,-0.005813,0.087166,-0.213588,13,explicit_euler_dt1,hbv,success,,47.29,0.7917,0.6999949593844459,1.1918784115043546,0.01577606729151,5.482166208125036e-09,123.68939256163884,1.0000005217461445,0.9999998100944384,0.5966919813852811,0.2612458913645794,35.697616257320696,8.485717326657205,0.0536225020745469,1.2004615595982635,0.0,0.0,38.067064193591165,0.0,5.060796566890887,cal_final_2008-09-30
14020000,hbv_lite_cma,evaluation,0.426683,0.69204,-0.055405,-0.147339,-0.574839,13,explicit_euler_dt1,hbv,success,,29.25,0.5143,1.1599999893426287,0.8882963063477751,0.06638134168571,1.346854486377433e-09,71.95101686272281,1.0000000000262357,0.9999999970802668,0.8939738697205475,0.2614366770579468,88.90117137688675,2.7517162777814947,0.0670651829078547,1.0583403511716831,0.0,0.0,11.779453554849368,0.0,0.6543791396784571,cal_final_2008-09-30
14096850,hbv_lite_cma,evaluation,0.621251,0.520711,-0.143369,-0.303569,-0.162555,13,explicit_euler_dt1,hbv,success,,31.83,0.5918,-1.2496269772548472,1.1056073630446233,0.0573289534598553,0.0392615695176501,999.9999545754896,1.009731386549772,0.2000815876433088,0.7548511555237187,0.3136822230691771,57.249795627048805,1.911860590177609,0.011074195826902,1.983152888578248,0.0,0.0,97.53048073366313,0.0,27.638404215749024,cal_final_2008-09-30
14137000,hbv_lite_cma,evaluation,0.791102,0.765112,-0.053687,-0.16894,0.042599,13,explicit_euler_dt1,hbv,success,,28.53,0.8008,-1.4600003277543157,1.0698786373084292,0.054055130881359,0.0009089892810298,999.9945505222992,1.0000017847261709,0.999999970157394,0.6144374073856267,0.2130617802814336,45.77793047807369,7.240484485400317,0.0237452286670965,1.8044119070853744,0.0,0.0,633.6109501045631,0.0,56.670777592781405,cal_final_2008-09-30
14138800,hbv_lite_cma,evaluation,0.688148,0.71229,-0.03793,-0.229013,1.391815,13,explicit_euler_dt1,hbv,success,,27.73,0.7195,-0.940001457668778,1.619299026107607,0.0999977070513473,0.1864855835417967,119.60675342381737,1.000000198525618,0.9999999475655748,0.8999999898104577,0.4625102510590851,21.694159073849907,8.166914678483666,0.0288353577753791,1.0049894226817933,0.0,0.0,59.86108912903276,0.0,34.518197611607505,cal_final_2008-09-30
14138870,hbv_lite_cma,evaluation,0.756635,0.797236,-0.077386,-0.176672,0.615259,13,explicit_euler_dt1,hbv,success,,27.61,0.798,-0.3600030631451876,1.2729735484595834,0.0827914485331408,7.339174715950859e-09,994.6762637868916,1.0000002064363709,0.9999997759621724,0.8999970887077232,0.3741954400685126,21.110760809523715,6.375205996690364,0.046835169054208,1.1177471456862411,0.0,0.0,670.6769407665407,0.0,30.49446494765066,cal_final_2008-09-30
14138900,hbv_lite_cma,evaluation,0.656635,0.695027,-0.180429,-0.184921,-0.559922,13,explicit_euler_dt1,hbv,success,,27.61,0.7038,-0.4700000097536687,0.5875949784884663,0.099957290996923,0.0872674584453329,234.9821833004385,1.0000000070603374,0.9999999218821292,0.8999999868907939,0.397579562970892,28.695316327951165,5.021299658346715,0.0469311678588821,1.0000739502999436,0.0,0.0,107.31912513857544,0.0,15.126732144687706,cal_final_2008-09-30
14139800,hbv_lite_cma,evaluation,0.768982,0.770267,-0.138801,-0.146574,-0.326808,13,explicit_euler_dt1,hbv,success,,27.68,0.7953,0.2899986031526409,1.192053895254717,0.0180136413428472,1.0194619695682729e-07,172.676945584375,1.0000023030134708,0.9999999654016732,0.8999986893726939,0.3502336053316142,31.24663579966793,5.175558729154651,0.0490879076166247,1.7493926255333718,0.0,0.0,88.69508271028539,0.0,20.547758034334954,cal_final_2008-09-30
14141500,hbv_lite_cma,evaluation,0.804419,0.850746,-0.030487,-0.116267,0.313558,13,explicit_euler_dt1,hbv,success,,27.96,0.8043,0.4299995913341585,0.9586145568287884,0.0769558045350963,1.0058104123521686e-07,917.9806015386796,1.0039286957370104,0.983036933725716,0.8999999979433547,0.371568499739741,26.958848249475047,6.448255674099469,0.0505768173145473,1.0910467493309788,0.0,0.0,601.0868183017899,0.0,29.371168232029344,cal_final_2008-09-30
14154500,hbv_lite_cma,evaluation,0.761037,0.772076,0.046563,-0.162663,1.089369,13,explicit_euler_dt1,hbv,success,,27.83,0.7958,-1.1299993646809814,0.5406382359970195,0.0996223310338493,4.7026129700579934e-11,892.0614860151603,1.0000000051702538,0.4063789225991122,0.899999975513214,0.3329563445754546,21.716571484490142,5.202236647304478,0.0862104106048081,1.6337939733617386,0.0,0.0,273.6144710414072,0.0,0.7225312539617343,cal_final_2008-09-30
14158790,hbv_lite_cma,evaluation,0.724275,0.75173,-0.082513,-0.222462,0.358314,13,explicit_euler_dt1,hbv,success,,28.09,0.6872,-1.6300001638255264,1.5541428609639685,0.0368796593250248,0.0001221474504338,213.11944946730995,1.6014862579612164,0.999999834721334,0.6921781553363042,0.4083546258588486,45.3519989230445,9.999999471420557,0.0398552597052355,1.097190609887714,0.0,0.0,66.43905923607873,0.0,5.403810891589392,cal_final_2008-09-30
14166500,hbv_lite_cma,evaluation,0.823958,0.797229,0.178108,0.108492,-0.862231,13,explicit_euler_dt1,hbv,success,,40.43,0.8858,-0.2100008885790991,1.4049043174553997,0.0004746459643422,0.0053095240791874,259.38070704329823,1.7909126433241591,0.2000002405169295,0.5472089473805105,0.2594522192072981,18.008265107920668,5.480489620596564,0.0707314018255465,3.980947393027995,0.0,0.0,10.118573913444363,0.0,0.0138336630575243,cal_final_2008-09-30
14182500,hbv_lite_cma,evaluation,0.719666,0.687616,-0.087615,-0.177886,0.214871,13,explicit_euler_dt1,hbv,success,,27.57,0.7506,-0.7800000032124077,1.1752636536253216,0.0625268083069738,8.226586685961251e-11,90.64454644237746,1.0000000012800228,0.999999999960985,0.8999999999873787,0.3465361866269399,45.31086742226712,7.259213288222869,0.0448767131384765,1.4647558302513892,0.0,0.0,30.28313419376781,0.0,6.908384204565559,cal_final_2008-09-30
14185000,hbv_lite_cma,evaluation,0.808198,0.830519,0.082985,-0.059409,0.764226,13,explicit_euler_dt1,hbv,success,,28.05,0.8196,-2.070000057781182,0.5000000044986608,0.008263694141464,5.605344847125073e-12,717.0920973537058,1.0000004286923572,0.6435662390753911,0.6550001290669023,0.204990318946496,31.39786699949861,5.802733441456756,0.0560339338522141,1.6793703626857548,0.0,0.0,284.8136602890495,0.0,5.288759805873315,cal_final_2008-09-30
14185900,hbv_lite_cma,evaluation,0.80946,0.755074,-0.124637,-0.215444,-0.215193,13,explicit_euler_dt1,hbv,success,,27.84,0.7922,-0.7600000082937055,1.970821971639277,0.0832473264746778,4.416208399046691e-12,167.5729141123704,1.143392842761462,0.9999999999830906,0.8999999999813775,0.4970641475982748,32.51390045456565,8.870025032193054,0.0916280390129917,1.482165630549958,0.0,0.0,47.9242462757986,0.0,1.506887003106978,cal_final_2008-09-30
14187000,hbv_lite_cma,evaluation,0.836626,0.820571,0.068038,-0.075676,0.296301,13,explicit_euler_dt1,hbv,success,,27.78,0.8328,-1.9200000449811805,0.7195686096282006,0.0650697257885023,0.0379464328957797,486.9079297716743,1.0000000370130944,0.3101257244843659,0.3552862127705154,0.2154552574796003,18.733454405404338,5.887787105111566,0.0936136265051299,1.9636970618410992,0.0,0.0,70.98623584323528,0.0,1.1423113527169009,cal_final_2008-09-30
14216500,hbv_lite_cma,evaluation,0.645167,0.672411,-0.102432,-0.214438,-0.195547,13,explicit_euler_dt1,hbv,success,,64.19,0.7012,-1.4999999064286014,1.6189317909237426,0.0768688885642602,1.894048188775089e-09,380.6619749245981,1.5137982648757184,0.9999999857738971,0.0500000001024488,0.2029610667979369,99.99999992794986,9.999999992767895,0.0261038371463533,1.7661053342348536,0.0,0.0,170.5124148284098,0.0,27.3156204247324,cal_final_2008-09-30
14222500,hbv_lite_cma,evaluation,0.771038,0.790818,0.006918,-0.100409,0.329591,13,explicit_euler_dt1,hbv,success,,27.69,0.8589,-0.6699999996872108,3.2724987600049973,0.0092466288655207,7.68337911072722e-10,448.09283518138784,1.317754151383616,0.9999999863814032,0.8279845506723413,0.2224481843317581,73.41392718380749,6.031249335827847,0.0396540814403392,1.1325121872982538,0.0,0.0,212.61402534769732,0.0,10.224938285536352,cal_final_2008-09-30
14236200,hbv_lite_cma,evaluation,0.733503,0.68175,-0.13379,-0.225193,-0.319903,13,explicit_euler_dt1,hbv,success,,27.66,0.8016,0.4399996153844947,0.9137261729538528,0.051088951635291,4.027383355387089e-09,194.3753394891903,1.0231786413855943,0.9999999978509028,0.8999999776154712,0.3437156266689354,64.69420349210698,7.659525207779309,0.0702173863796103,1.7424284816508333,0.0,0.0,80.23579896954756,0.0,5.7551934275338175,cal_final_2008-09-30
14301000,hbv_lite_cma,evaluation,0.888413,0.744557,0.251791,0.0621,1.925971,13,explicit_euler_dt1,hbv,success,,44.14,0.8641,-2.4999999367804544,2.739426099913981,0.0167538389918517,1.4849631367862695e-09,999.9999998588512,1.0000000000445994,0.4473491940993531,0.5689849443372922,0.2640037057434893,43.68512776483624,7.345659668047707,0.0786221841487812,3.9990882544777975,0.0,0.0,497.2289442770019,0.0,5.838406429252451,cal_final_2008-09-30
14303200,hbv_lite_cma,evaluation,0.803024,0.77396,0.115599,-0.100619,0.623281,13,explicit_euler_dt1,hbv,success,,30.69,0.8175,1.0900000129706782,3.6160281619177375,0.0504222347440432,5.530397818270672e-10,999.9999999308852,1.0000000000007048,0.7880319579026427,0.899999999992098,0.1577641060941422,91.87364762292768,8.678644977023215,0.0450713301555996,1.943625098908064,0.0,0.0,581.4054346877872,0.0,11.73271870232193,cal_final_2008-09-30
14305500,hbv_lite_cma,evaluation,0.847004,0.918741,0.02839,0.017414,-0.591538,13,explicit_euler_dt1,hbv,success,,27.25,0.8832,0.7400000075357935,2.0253881562213425,0.0411631322849373,2.7387340697158985e-08,359.7560385865333,2.118485142161272,0.9999999524873971,0.8999999178596846,0.3389220114539569,78.10660869400294,9.999999594711364,0.0717802819601491,1.0523770121739209,0.0,0.0,160.90478219690888,0.0,1.6358728691693971,cal_final_2008-09-30
14306340,hbv_lite_cma,evaluation,0.815601,0.832167,0.118293,0.002106,-0.63858,13,explicit_euler_dt1,hbv,success,,37.38,0.8104,-2.499999998466055,9.999999961850266,0.0982441845241404,1.747264435423219e-09,280.07382688120543,1.3932440601400238,0.2000000001161586,0.5838504221039468,0.2480669320013867,35.11378595225764,8.270812392135301,0.0940308647031623,3.840564758161985,0.0,0.0,18.613652279699767,0.0,0.123901103639995,cal_final_2008-09-30
14306500,hbv_lite_cma,evaluation,0.829261,0.769279,0.217848,0.06055,0.226535,13,explicit_euler_dt1,hbv,success,,47.92,0.844,-1.4900004849127388,2.468296835938535,0.0145917022206908,4.394441006444757e-08,741.1313446217962,1.0000000001396854,0.4060530220857917,0.3008163892507937,0.1866278753604152,31.61561950761583,7.843750096793551,0.076420564596349,3.981989076286151,0.0,0.0,227.7885203220212,0.0,3.189772173564019,cal_final_2008-09-30
14308990,hbv_lite_cma,evaluation,0.683767,0.626106,0.068864,-0.154229,0.011242,13,explicit_euler_dt1,hbv,success,,29.19,0.7748,-0.5700005388753908,1.2475743635711871,0.0444653465350479,1.4317370288323172e-09,999.9999943018894,1.0000000010470191,0.2000000000051784,0.3955790821963729,0.3762862773358725,12.048155970749278,4.69732636578243,0.0690053822999555,1.6157421532852372,0.0,0.0,98.20796341324184,0.0,0.0739316667953634,cal_final_2008-09-30
14309500,hbv_lite_cma,evaluation,0.702808,0.64252,0.33148,0.054368,2.12891,13,explicit_euler_dt1,hbv,success,,28.26,0.7675,0.2548409559375364,4.680459130780643,0.0073190833529193,6.318029868485795e-12,999.9999999548256,1.00000000000432,0.5005277855230073,0.7893070444309084,0.2323241446637679,31.666308717047965,4.7746335885045,0.0641995955692534,1.0019058694998977,0.0,0.0,295.22596592724454,0.0,0.2545010140423894,cal_final_2008-09-30
14316700,hbv_lite_cma,evaluation,0.780741,0.80233,-0.002665,-0.154657,-0.467833,13,explicit_euler_dt1,hbv,success,,28.41,0.8122,-1.3999999791859172,0.9024652153689924,0.0634852900340107,1.0696416099153624e-09,344.0401703452454,1.000000007240199,0.2000004451889585,0.8999999914863683,0.3646011113354577,21.73412605641344,6.880126333291846,0.0803835659406576,1.9742888714896447,0.0,0.0,7.456531027335986,0.0,0.0466368567177679,cal_final_2008-09-30
14325000,hbv_lite_cma,evaluation,0.766336,0.720252,0.24643,-0.003371,2.097034,13,explicit_euler_dt1,hbv,success,,28.24,0.7477,0.9799999821550888,2.802938480537618,0.0838405404881085,5.3295871311395735e-09,999.9999897298457,1.0000000064152914,0.4621434792812875,0.7430534928478609,0.1732414409458728,49.80890202912916,7.968895577955357,0.0598378383006504,1.8021365435571348,0.0,0.0,444.0791140628736,0.0,3.230700548310839,cal_final_2008-09-30
14362250,hbv_lite_cma,evaluation,0.468908,-0.041068,1.002419,0.353998,48.086457,13,explicit_euler_dt1,hbv,success,,59.25,0.6719,0.4899971297112659,3.4498021585898937,9.914976827819806e-08,0.1999997519553605,999.9999914563888,1.8146464797922208,0.2000000013701433,0.8999997351848154,0.1142011570545785,17.435700255260517,1.448439422066348,0.0010000000170613,3.007668308020972,0.0,0.0,67.40622744301145,0.0,407.8263786925935,cal_final_2008-09-30
14400000,hbv_lite_cma,evaluation,0.850692,0.906904,0.011269,-0.071608,-0.167642,13,explicit_euler_dt1,hbv,success,,27.64,0.8801,0.3700001146274907,1.6604351535163775,0.0581739288277091,4.669145989340964e-09,186.0251423044111,1.3687273843066212,0.9442563313363992,0.8999999974980332,0.2534425186779135,59.44684525323929,9.99999952227158,0.0796833890793674,1.8615678774090587,0.0,0.0,26.99887964723028,0.0,0.1632366755433164,cal_final_2008-09-30
