basin_id,model,period,nse,kge,bias,peak_bias,lowflow_bias,parameter_count,solver_name,family,run_status,error_message,_elapsed_s,_cal_nse,p_parTT,p_parCFMAX,p_parCFR,p_parCWH,p_parFC,p_parBETA,p_parLP,p_parK0,p_parK1,p_parUZL,p_parPERC,p_parK2,p_lag_time,state_SNOWPACK,state_MELTWATER,state_SM,state_SUZ,state_SLZ,state_init_mode
01022500,hbv_lite_cma,evaluation,0.731358,0.797716,-0.02482,-0.13676,0.707007,13,explicit_euler_dt1,hbv,success,,55.2,0.8053,-2.5,1.1780433599638735,0.027446498624608,6.098327046701453e-10,384.107059031097,3.0923193930672155,0.999999993928921,0.3929725611927595,0.3837269479035249,35.73683683183273,4.085110090262829,0.0630851568556866,4.1769908079157405,0.0,0.0,346.6443343479736,6.01497062901441,25.09073516718908,cal_final_2008-09-30
01031500,hbv_lite_cma,evaluation,0.707902,0.805156,-0.030873,-0.123525,1.435101,13,explicit_euler_dt1,hbv,success,,33.88,0.6715,-2.269999983123644,1.8001676325265858,0.0918311823344711,9.529733678332065e-14,384.1815416918639,4.113421587575635,0.999999999828146,0.619429344433816,0.4160533296686697,72.43070251179523,4.4730985484638905,0.1780012023353326,2.3929192230643337,0.0,0.0,336.74571364499684,0.0,11.75068153970102,cal_final_2008-09-30
01047000,hbv_lite_cma,evaluation,0.674382,0.74204,-0.083172,-0.172819,1.070217,13,explicit_euler_dt1,hbv,success,,32.97,0.6544,-2.4999999999999902,1.4546909219965785,0.0231610784782154,2.9541654801218353e-16,299.0167821752958,2.430198957875332,0.9999999999999982,0.3971020126012569,0.0522977814720506,22.97891166498108,0.0110418561776322,0.1957129719450427,2.5928635117016183,0.0,0.0,255.67654773509844,24.93297346338733,0.0453767657864389,cal_final_2008-09-30
01052500,hbv_lite_cma,evaluation,0.710962,0.794085,-0.102524,-0.187333,0.864472,13,explicit_euler_dt1,hbv,success,,28.58,0.7604,-0.7800014885703479,3.2031131932642376,0.0611348912473875,0.0324896000732505,212.3574758586368,1.4749956418539147,0.99999962980105,0.5892939661313635,0.3524340444638531,15.843383487681418,3.649371178260516,0.1519911276802552,1.9823952145504533,0.0,0.0,157.23732905921312,0.0,10.478093721942598,cal_final_2008-09-30
01054200,hbv_lite_cma,evaluation,0.582219,0.639556,-0.02736,-0.19634,2.576411,13,explicit_euler_dt1,hbv,success,,29.05,0.535,-0.7740749437021748,1.8566226615669656,0.0989066876558209,3.1752495471633876e-09,497.5729838116641,1.6943595814291976,0.9345583380637156,0.8586995342659629,0.0863676932878414,16.28857554723079,1.2143188401035787,0.0632712121963347,1.944610841168756,0.0,0.0,389.1114238786221,13.453266912522226,14.991660689920012,cal_final_2008-09-30
01055000,hbv_lite_cma,evaluation,0.584119,0.669494,-0.020624,-0.184188,1.955134,13,explicit_euler_dt1,hbv,success,,29.04,0.6227,-2.4500000002279787,1.98486442856104,0.0518494184454626,4.423436923288619e-11,186.0551450287648,1.5688777387703,0.9999999846358424,0.7609417770323185,0.0216255402966331,2.145229518371334e-08,5.352383595049082,0.1180679459466074,1.267911421180685,0.0,0.0,148.87368744583324,0.0,18.31462128973273,cal_final_2008-09-30
01057000,hbv_lite_cma,evaluation,0.638254,0.710175,-0.041537,-0.169928,0.713455,13,explicit_euler_dt1,hbv,success,,29.4,0.7027,-1.9800024545779944,1.8387506416986203,0.0540794088452731,2.6291327306768168e-08,246.3657139712628,1.6901837065084784,0.2071008226255474,0.7935887244215125,0.371887947599209,86.09713881100168,5.056397480130064,0.0874181348024529,1.4640061859316131,0.0,0.0,203.33656604097385,5.836381123977084,25.39300769742817,cal_final_2008-09-30
01073000,hbv_lite_cma,evaluation,0.770685,0.757365,-0.110858,-0.163366,0.400854,13,explicit_euler_dt1,hbv,success,,28.0,0.8437,-1.5318226172145295,0.9466376397234108,0.0249214321524446,0.1506967462185723,333.2022861029573,1.4826503003606772,0.2000017708891615,0.8999999698097512,0.4738362070218705,14.922909752562203,5.233829891365421,0.1699338498628005,1.242275445726062,0.0,0.0,260.0898905402261,0.9204482013228544,16.574248293045535,cal_final_2008-09-30
01078000,hbv_lite_cma,evaluation,0.731643,0.823984,0.000497,-0.13933,1.896832,13,explicit_euler_dt1,hbv,success,,36.27,0.7064,-1.3700032327562417,1.9365676772375977,0.0399021419531468,0.0771432732908142,483.5669986348488,2.454273106229293,0.999999956308646,0.6724538821732046,0.2957379283860966,22.411658441400643,3.198762495911965,0.0878071011740032,2.9514834738461087,0.0,0.0,384.1800120516348,0.0,17.49267847617266,cal_final_2008-09-30
01123000,hbv_lite_cma,evaluation,0.640515,0.799165,0.030116,-0.099977,0.548605,13,explicit_euler_dt1,hbv,success,,28.12,0.7384,-2.129995541868211,1.0274782277626358,0.048171857829661,2.866091689359972e-07,408.4926480867994,1.7180605757951013,0.2000189020091483,0.3976732045140002,0.3045402681613968,9.033784527537538,4.523064454300411,0.0736060323173697,1.964416743119272,0.0,0.0,273.120240691358,0.0,26.053729496397107,cal_final_2008-09-30
01134500,hbv_lite_cma,evaluation,0.651908,0.761089,-0.061988,-0.146694,0.861619,13,explicit_euler_dt1,hbv,success,,31.6,0.683,-1.6600319959315573,1.8818710927258349,0.0011819974154712,0.0278260989097335,210.8152040087016,1.9077874382681173,0.9999887582283508,0.899548424120609,0.4495874975065501,48.206089291518026,2.900699977902741,0.1297794622039284,2.99701729141011,0.0,0.0,150.32806751132452,0.0,6.497385980815667,cal_final_2008-09-30
01137500,hbv_lite_cma,evaluation,0.556975,0.605317,0.332771,0.05647,1.242386,13,explicit_euler_dt1,hbv,success,,28.71,0.5995,-2.340000013114293,1.6261490590005117,0.0347010331570212,1.414306940875542e-10,479.2455020167733,1.000000000033887,0.2024813597221512,0.09600407391578,0.4947270280448032,2.4889071225368594e-06,8.795510877485382,0.0645876634930636,1.010721401137315,0.0,0.0,291.2600407573985,0.0,39.0652572001692,cal_final_2008-09-30
01139000,hbv_lite_cma,evaluation,0.638468,0.715698,-0.128229,-0.216797,0.487113,13,explicit_euler_dt1,hbv,success,,29.57,0.749,-1.4100000264114938,1.8459853188075663,0.082014355806601,1.2126613487838696e-10,235.27121005369025,1.0000000054615714,0.2746503191986881,0.4929789243720153,0.3239984851043754,76.53741110264967,4.513251409300937,0.0768962472560009,1.0043406746975791,0.0,0.0,89.57767656013444,0.0,9.074277618347384,cal_final_2008-09-30
01139800,hbv_lite_cma,evaluation,0.616406,0.712364,-0.176052,-0.213707,0.418492,13,explicit_euler_dt1,hbv,success,,31.14,0.7385,-1.070000274291927,1.8980875055890805,0.0484767981168078,2.1468271000889062e-09,205.92650943363924,1.0021209616056308,0.2000000915713552,0.3938881735903689,0.3544075199058668,49.70571489582678,8.715431495751101,0.0752050037469074,1.1608154342817878,0.0,0.0,72.77510299457909,0.0,9.320209159386865,cal_final_2008-09-30
01142500,hbv_lite_cma,evaluation,0.633771,0.748379,-0.004203,-0.116086,0.845242,13,explicit_euler_dt1,hbv,success,,30.36,0.7077,-0.6821801478798852,3.6599048548220976,0.0004969400231058,2.066549780587553e-05,296.71227335690673,1.653427508869966,0.4850334534207751,0.8807777203840945,0.2823464073805799,62.56522779928297,8.744818680521924,0.0981878740319267,1.1228457189311316,0.0,0.0,160.62388522788956,0.0,8.087723750206383,cal_final_2008-09-30
01144000,hbv_lite_cma,evaluation,0.707518,0.817839,0.000349,-0.101392,0.611709,13,explicit_euler_dt1,hbv,success,,30.29,0.7102,-1.1500011758282844,2.9593608180966267,0.0369044868211958,4.049908235693371e-11,202.56755370381848,1.004038256779039,0.2001777034366106,0.5109903395252436,0.322729144398564,85.39747213315009,8.10172299700364,0.0995457481900627,1.5732744520486213,0.0,0.0,78.96508504981273,0.0,8.820429528863281,cal_final_2008-09-30
01162500,hbv_lite_cma,evaluation,0.654053,0.72623,-0.009239,-0.197674,2.610256,13,explicit_euler_dt1,hbv,success,,57.13,0.6996,-2.3400000699757144,1.3746473220049376,0.0999837232570036,8.972812107463486e-12,434.290292353732,3.506787068768288,0.9999999999985394,0.2774308816188215,0.1597823478211373,15.00871284691912,2.479397291024761,0.0870250237064623,3.390203662355953,0.0,0.0,384.13545228491193,3.989727854456293,16.81292014522746,cal_final_2008-09-30
01169000,hbv_lite_cma,evaluation,0.461486,0.702758,0.135275,-0.057642,2.397603,13,explicit_euler_dt1,hbv,success,,28.52,0.6361,-1.800000058082335,1.6503009246118534,0.0043881650683135,7.052671703697968e-11,138.35099865177705,1.8721076667324232,0.999999997133178,0.7005933835046799,0.2254861791716679,17.33973149415035,2.869723429299385,0.0708763964571486,1.5882295625552796,0.0,0.0,121.80284067286244,3.003519903341906,23.44042855727892,cal_final_2008-09-30
01170100,hbv_lite_cma,evaluation,0.530098,0.699395,0.115574,-0.105295,2.731913,13,explicit_euler_dt1,hbv,success,,29.12,0.6339,-1.859999985848957,1.5920913119067557,0.0016720591692891,1.427713378715854e-09,264.357148951928,1.913716150217236,0.9999999881198668,0.6144779287367258,0.2039406895270545,17.780924965090644,3.397848541222757,0.0719849680608862,1.030941234996519,0.0,0.0,219.3749713194436,2.601623325674125,26.558145208319587,cal_final_2008-09-30
01181000,hbv_lite_cma,evaluation,0.530345,0.749529,0.063141,-0.112189,2.140356,13,explicit_euler_dt1,hbv,success,,28.45,0.6056,-1.73000005672588,1.7741048807941338,0.0176161234896025,0.0603085449416347,184.0832983648264,2.190606202864947,0.9999999847291372,0.6434224095192151,0.2892402553493237,21.237507064499844,2.752851028997101,0.0953039357799648,1.0433353749346097,0.0,0.0,162.9038680738194,2.0882277412061216,16.675081952363318,cal_final_2008-09-30
01187300,hbv_lite_cma,evaluation,0.643957,0.712013,-0.027981,-0.159243,3.265615,13,explicit_euler_dt1,hbv,success,,28.16,0.6895,-0.9599999270045444,1.7806714460752038,0.0363599655496908,3.5832743568834433e-09,786.9386438540292,5.782566097787137,0.9999999999663598,0.5234738076598805,0.2421611475838452,9.765515736427965,1.981620456952573,0.1066438087856855,1.3258897725441168,0.0,0.0,727.1293175367441,3.157998602642772,11.207783427823664,cal_final_2008-09-30
01195100,hbv_lite_cma,evaluation,0.538377,0.717745,0.001669,-0.145665,2.687698,13,explicit_euler_dt1,hbv,success,,28.05,0.7717,-0.7599963896665749,1.2302433994346489,5.872544455571348e-06,0.1999347799497449,441.5043384266901,2.1319121343374965,0.2974146429286387,0.8999998180864489,0.4999932813623681,15.988013360243553,4.890143083996163,0.1139211173084305,1.0891018504947514,0.0,0.0,324.69764084276585,0.0,16.06708131384936,cal_final_2008-09-30
01333000,hbv_lite_cma,evaluation,0.638028,0.759031,-0.032624,-0.170977,0.954393,13,explicit_euler_dt1,hbv,success,,31.93,0.6514,-1.4899842460745971,2.317833050281135,0.0521415001058393,0.0024894307648615,227.2524747774467,2.6800877869586843,0.7837060215639833,0.6738028682464924,0.319874952035752,60.92329043256765,8.43430677229225,0.1355077704282756,1.4072835516544338,0.0,0.0,181.45284395705823,0.0,12.511330857255023,cal_final_2008-09-30
01350000,hbv_lite_cma,evaluation,0.604575,0.625877,-0.001605,-0.226305,2.439314,13,explicit_euler_dt1,hbv,success,,28.34,0.6658,-1.8000017766458316,2.474555503075975,0.0185345069144516,1.5125137837622232e-10,453.0424108325584,4.269640593084816,0.9999999999205862,0.3173014841855537,0.3091282690967389,8.550514766233496,5.660148071722901,0.1100158827967089,1.5079035707783648,0.0,0.0,394.7873708192738,0.0,19.62226605472379,cal_final_2008-09-30
01350080,hbv_lite_cma,evaluation,0.454024,0.37941,-0.253236,-0.417793,0.502015,13,explicit_euler_dt1,hbv,success,,28.86,0.6441,-1.470126359274255,2.392730388476237,0.0870784262480342,0.0024239863801334,370.17043776234885,2.5398733482513536,0.2001257108331124,0.8973382669910898,0.3219692106357092,60.38581041327168,7.540900211265974,0.1111313827794269,1.2840100983389648,0.0,0.0,213.1813628222586,0.0,6.931275785532958,cal_final_2008-09-30
01350140,hbv_lite_cma,evaluation,0.465614,0.463843,-0.186605,-0.311848,3.62954,13,explicit_euler_dt1,hbv,success,,28.46,0.5301,-0.9601598539076854,2.4577073966272778,0.0082437735636382,0.0658421341924319,719.7525592850109,5.9713073838939135,0.6197731352744108,0.846999938689765,0.4584510101486869,55.60982752827349,3.816553032859806,0.1840170485361708,1.478767344246044,0.0,0.0,548.9619896789558,0.0,3.6187187144729176,cal_final_2008-09-30
01365000,hbv_lite_cma,evaluation,0.657855,0.776832,-0.018419,-0.145141,0.857752,13,explicit_euler_dt1,hbv,success,,28.17,0.7216,-1.61999992916323,1.934738331344344,0.0674405023667662,1.935535583728229e-09,217.6967974137052,3.1002820750929025,0.999999999035468,0.574937618383045,0.2512830264193294,22.80382694456675,6.318790414832161,0.0845835641058775,1.2371360908507305,0.0,0.0,194.9490145940973,0.0536414759182566,30.783910424201032,cal_final_2008-09-30
01411300,hbv_lite_cma,evaluation,0.631953,0.579542,-0.171668,-0.27844,0.124516,13,explicit_euler_dt1,hbv,success,,37.47,0.6684,-1.2317619734143133,1.939448123092689,0.016187414436752,0.1796129113463821,824.6450217951814,1.852918909346122,0.2260509466254059,0.8522223300578327,0.1553831873332318,57.419493907539376,3.300958333921206,0.0403923828187952,2.089262116239934,0.0,0.0,318.15619455083475,0.0,11.074363658371766,cal_final_2008-09-30
01413500,hbv_lite_cma,evaluation,0.561778,0.493003,-0.171411,-0.335282,0.989767,13,explicit_euler_dt1,hbv,success,,33.53,0.6687,-2.3700004275896944,1.9520690148279856,0.0759349405887333,0.0344342115669539,648.5032398054376,4.770125975181058,0.392830923883409,0.741362078533904,0.3394000777154261,90.57030987034832,7.592085754247919,0.1077290855105085,1.900031359872648,0.0,0.0,542.1382665945451,0.0,16.010868472555853,cal_final_2008-09-30
01414500,hbv_lite_cma,evaluation,0.600234,0.558753,-0.166723,-0.296476,0.848429,13,explicit_euler_dt1,hbv,success,,28.9,0.6075,-2.287221328972339,2.101098146891005,0.0023771815122246,1.7976255181698253e-07,627.4012985881849,5.374488448233301,0.7413480622405193,0.8999985870427184,0.3595637441154308,43.23214950294344,7.238037492292367,0.1137413342222536,1.4066341794365609,0.0,0.0,550.5911408418076,0.0,19.081479800402064,cal_final_2008-09-30
01415000,hbv_lite_cma,evaluation,0.670601,0.617403,-0.071066,-0.260572,1.672458,13,explicit_euler_dt1,hbv,success,,28.54,0.6788,-2.0800012963891525,2.105935850980773,0.0993933699869105,0.006072374021128,708.513960313576,5.999926060697653,0.946419483317466,0.5206337824503445,0.230044194898731,24.60559776885969,3.6162088437658975,0.1154763879186232,1.0797053306160298,0.0,0.0,611.199561898457,0.0,12.803893157940989,cal_final_2008-09-30
01423000,hbv_lite_cma,evaluation,0.708447,0.679055,-0.177675,-0.22763,-0.619059,13,explicit_euler_dt1,hbv,success,,28.96,0.749,-1.3600002055536673,2.5269610403819645,0.0551648752490386,0.0512885960898522,175.16369093223108,5.389290353532431,0.2000019071583006,0.6834523495783155,0.1999889955467609,40.0059235057835,2.034261227914592,0.0671035282598428,1.802628246218888,0.0,0.0,140.7777881686673,0.0,6.810451205061708,cal_final_2008-09-30
01434025,hbv_lite_cma,evaluation,0.55271,0.714702,-0.023326,-0.170138,0.9737,13,explicit_euler_dt1,hbv,success,,28.35,0.6389,-2.302172336613119,1.993434190605755,0.0401565717868422,0.1995155528121667,366.59161328065954,1.657536218955963,0.3385488460484483,0.8995762371773254,0.3432019401240898,35.194262465212056,6.975223449935083,0.0817065001872829,1.052114223243172,0.0,0.0,257.6665137637992,0.0,32.569557944965865,cal_final_2008-09-30
01435000,hbv_lite_cma,evaluation,0.6617,0.720317,-0.077038,-0.205843,0.587319,13,explicit_euler_dt1,hbv,success,,28.15,0.6969,-2.0499999775569204,1.8750410348360205,0.0737136539351982,0.0041502443377405,145.46071514587618,3.193934905605815,0.9999999977205783,0.7725587092030053,0.2593804892219442,22.695844531188644,4.897414413701964,0.0640628599437884,1.322990467698156,0.0,0.0,134.64306896706444,2.0417526334953893,35.17520046617051,cal_final_2008-09-30
01439500,hbv_lite_cma,evaluation,0.727064,0.697692,-0.074614,-0.223116,1.831002,13,explicit_euler_dt1,hbv,success,,36.37,0.7918,-2.0500000780806795,1.2119325605425306,0.0152780181763483,2.9433383941541833e-09,505.508740055062,3.7266297262731545,0.999999963755036,0.8999999890114393,0.189234033063419,24.16491097363188,3.6361384392164178,0.0967763918806596,2.1166695275579244,0.0,0.0,421.5647187035073,7.923562422653037,18.11358148969124,cal_final_2008-09-30
01440000,hbv_lite_cma,evaluation,0.546344,0.615824,-0.094691,-0.247292,1.327142,13,explicit_euler_dt1,hbv,success,,30.63,0.7062,-0.7600040521228559,4.1060752631182496,0.0250357368777163,2.2899231251374043e-09,999.9352846301322,5.088135215683921,0.9769039614982902,0.5568657016426303,0.1590469191280681,18.54503395498532,3.1912532143086763,0.0804938157207945,1.0013865046267934,0.0,0.0,827.0037654078632,0.0,18.252009542592173,cal_final_2008-09-30
01440400,hbv_lite_cma,evaluation,0.657415,0.759721,0.000851,-0.146862,1.699627,13,explicit_euler_dt1,hbv,success,,28.25,0.6671,-2.010000035935392,1.107707729064639,0.003367504562466,3.726373900891088e-08,427.574997098086,2.918345387109606,0.9999999116123076,0.8999999998124923,0.2428282582084117,18.99162172814,2.908367892124839,0.1041542717349579,1.0501825225771908,0.0,0.0,345.10351207074,10.692887171098157,13.878317477319673,cal_final_2008-09-30
01451800,hbv_lite_cma,evaluation,0.64593,0.763553,-0.004326,-0.154709,0.426805,13,explicit_euler_dt1,hbv,success,,27.56,0.7443,-2.4999999984168286,2.0431695181809086,0.0827439168974232,4.0561335975003083e-13,229.8884859384116,5.414500401131772,0.9999999999999756,0.8999999999975765,0.272833240998957,18.64051233385036,3.765780768976205,0.1065520626431704,1.2346750866279734,0.0,0.0,211.84313686782264,1.8370612272567988,13.00669400932004,cal_final_2008-09-30
01466500,hbv_lite_cma,evaluation,-0.413738,0.389522,0.447171,0.193487,1.158109,13,explicit_euler_dt1,hbv,success,,67.72,0.1317,1.900001589298804,9.999998013962418,0.000961070741902,4.104153996146028e-07,590.6075738247439,2.782219649775444,0.2110489747101905,0.8999992043614726,0.0241285365090658,83.44752373079449,2.038702979072108,0.0010000000004622,1.2925092031684484,0.0,0.0,335.67953836426534,0.0,1087.3461882645702,cal_final_2008-09-30
01484100,hbv_lite_cma,evaluation,0.578959,0.665133,0.181453,-0.070982,1.017423,13,explicit_euler_dt1,hbv,success,,28.52,0.5052,-2.499933847682104,1.0329364996087314,0.0592471852082887,0.0264202730710495,927.292244899741,3.4472045190097886,0.4327223209565519,0.4482257448880057,0.452978781157217,6.535444360149993e-08,9.999997073154605,0.0346204982124983,1.036273158867234,0.0,0.0,479.46841344351424,0.0,8.407067659561825,cal_final_2008-09-30
01487000,hbv_lite_cma,evaluation,0.764528,0.804678,0.151319,0.048762,0.434668,13,explicit_euler_dt1,hbv,success,,28.39,0.81,-1.8299967138008093,1.4244856950442846,0.0140561321473727,0.0002371802932662,919.493721479848,4.946797160420521,0.9077987602231834,0.6110401314613463,0.4248487096984067,76.09012216192802,9.432607302317424,0.0497023932181312,1.0553458407199086,0.0,0.0,633.6687801792598,0.0,8.465163935537412,cal_final_2008-09-30
01491000,hbv_lite_cma,evaluation,0.713464,0.70684,-0.024441,-0.143412,0.734346,13,explicit_euler_dt1,hbv,success,,28.32,0.724,-1.0000282213598652,1.6303344401473108,0.014678993270064,0.1999939244992604,581.7597134279571,2.7082843091947844,0.4367767481454181,0.4847313449355213,0.1180688512477761,9.856172763493506,1.250373330442489,0.0761258390350498,1.9983549232933413,0.0,0.0,243.67196351795712,0.0,3.031100954795804,cal_final_2008-09-30
01510000,hbv_lite_cma,evaluation,0.683089,0.668333,-0.139101,-0.270347,0.550559,13,explicit_euler_dt1,hbv,success,,28.83,0.7685,-2.4900074005677704,1.6168658830346134,0.0607316906094044,0.0005877684471933,533.7482827030921,5.471607006515635,0.7181940884157811,0.8999976591580262,0.3477972747160714,14.553326193060718,3.681233980946203,0.1416184840756705,1.9958097591945887,0.0,0.0,394.42386677797407,0.0,3.307272106902322,cal_final_2008-09-30
01516500,hbv_lite_cma,evaluation,0.462641,0.519406,-0.111588,-0.212628,-0.188046,13,explicit_euler_dt1,hbv,success,,28.11,0.6656,-2.21000154734986,1.4655102706248695,0.0464956787850905,2.0697836126811008e-15,323.4909499835969,4.998923973790065,0.2000000058344163,0.8871788116151377,0.424216434960661,8.09212031017292,3.897849252005172,0.117622022851801,1.1295544187608828,0.0,0.0,97.7892288470145,0.0,0.024514972107079,cal_final_2008-09-30
01518862,hbv_lite_cma,evaluation,0.587875,0.624031,-0.024702,-0.21599,3.330567,13,explicit_euler_dt1,hbv,success,,28.16,0.682,-1.5500012729833157,2.287447166801359,0.0999999946822328,0.1047118188581301,500.6083450379483,5.999999658010371,0.9999829233499457,0.8679511345779657,0.4060643348237441,12.88565559565532,3.0006082989997744,0.1184069434967557,1.0038443092770577,0.0,0.0,386.8350791133704,0.0,4.373720694517925,cal_final_2008-09-30
01532000,hbv_lite_cma,evaluation,0.512761,0.509569,-0.052422,-0.214237,1.064937,13,explicit_euler_dt1,hbv,success,,28.35,0.6622,-2.1300000770747607,1.5933370425716644,0.0181635107675965,1.2019454579382643e-09,320.1522389769972,5.999986338750507,0.9999999554232372,0.505641364553077,0.3262837840899118,10.92402187406735,2.6582769552156127,0.1271296873783088,1.0055280658650942,0.0,0.0,245.8526980075709,0.0,3.48383724453986,cal_final_2008-09-30
01539000,hbv_lite_cma,evaluation,0.65686,0.749993,-0.041044,-0.170234,1.077993,13,explicit_euler_dt1,hbv,success,,28.47,0.6624,-1.9600126396158213,1.4822079744523655,0.0364600967999388,3.133070611244453e-09,242.62315516551283,5.999792471381783,0.999999962007604,0.6320978108434833,0.1733790751575946,23.519138351901457,0.8799776164915787,0.0291322079276259,1.8530278580049144,0.0,0.0,226.00579952156232,10.533786415583446,17.962291918281064,cal_final_2008-09-30
01542810,hbv_lite_cma,evaluation,0.622239,0.687389,-0.00363,-0.196366,3.157051,13,explicit_euler_dt1,hbv,success,,28.44,0.6701,-0.4844265986725045,3.055695295355888,0.0608869594188243,9.93749253177202e-11,378.239598074662,5.999999989460441,0.999999995155744,0.4918280539729335,0.1807529439473674,12.12521120546796,0.6202933281684593,0.0821127699389111,1.82889893540616,0.0,0.0,286.8795098469827,0.3434085316140553,3.2959215813838685,cal_final_2008-09-30
01543000,hbv_lite_cma,evaluation,0.680596,0.730179,-0.015933,-0.176693,2.000565,13,explicit_euler_dt1,hbv,success,,31.07,0.7518,-1.4800024334753594,1.9879093245759487,0.089873624725617,1.5857969390869803e-10,390.5740352607986,5.999995418549222,0.9999996615419496,0.6733103932490119,0.270516205199516,13.925686429127948,2.130145237818792,0.1688141032170913,2.359196164923324,0.0,0.0,296.5606186004828,0.0,2.201385215782389,cal_final_2008-09-30
01543500,hbv_lite_cma,evaluation,0.69529,0.726399,-0.014762,-0.194854,1.988763,13,explicit_euler_dt1,hbv,success,,33.48,0.7524,-2.4500003167581497,1.5406478662966037,0.0017093352849011,0.1389213105539799,488.87666114758014,5.999999218163919,0.9929722250802004,0.6044810089335386,0.217824740348571,14.194574912366342,2.148757608361876,0.1485613247647582,2.3506606886025496,0.0,0.0,371.7957333407607,0.0,2.533376980412324,cal_final_2008-09-30
01544500,hbv_lite_cma,evaluation,0.726133,0.686606,-0.112692,-0.221483,0.760684,13,explicit_euler_dt1,hbv,success,,36.08,0.7286,-0.6700558595677824,2.551737085862595,0.0549666249286687,2.866741259156582e-09,353.89207417372126,5.999968183656074,0.9999998618347988,0.5282730864909201,0.1805911481879813,13.765637517301958,3.685989933712373,0.1455256521546343,2.839745181190612,0.0,0.0,262.1433480097665,0.0,2.58858285078154,cal_final_2008-09-30
01545600,hbv_lite_cma,evaluation,0.676228,0.662698,-0.128632,-0.234262,0.551456,13,explicit_euler_dt1,hbv,success,,36.53,0.7071,-0.550000029597415,2.4508604095822486,0.0151905021590503,4.6796028605854166e-09,383.8370315859569,5.999999997130643,0.999999999881866,0.4889231004601905,0.1715460202246604,8.617969904545435,6.1894032203165885,0.1232611422083611,2.015833503075066,0.0,0.0,278.46700306522945,0.0,2.414471985527562,cal_final_2008-09-30
01547700,hbv_lite_cma,evaluation,0.670885,0.715937,-0.171377,-0.205955,-0.901563,13,explicit_euler_dt1,hbv,success,,27.98,0.6488,-1.0499999842570462,1.8212644369608768,0.0073245414268784,1.8999137717709438e-11,216.18885065998057,5.999999998726216,0.2000000000400596,0.46661182047958,0.3335179218397486,9.606808030514888,2.9708481436412533,0.1999999991805756,1.0457134809373303,0.0,0.0,79.02964474872506,0.0,0.0122598194687579,cal_final_2008-09-30
01548500,hbv_lite_cma,evaluation,0.72637,0.701905,-0.133908,-0.229003,0.710552,13,explicit_euler_dt1,hbv,success,,36.05,0.7658,-0.7800001262481628,2.377751864529968,0.0599492065056593,3.0771939641487364e-09,416.0096219474505,5.999999999648047,0.9999999999999992,0.5376162597709084,0.2127178552936691,15.248363661163722,2.727557268278939,0.135243814304291,2.423327401220991,0.0,0.0,314.3208456406355,0.0,3.562699520695669,cal_final_2008-09-30
01549500,hbv_lite_cma,evaluation,0.635598,0.546433,-0.204084,-0.325097,1.257616,13,explicit_euler_dt1,hbv,success,,28.32,0.7422,-1.450000013504196,1.789434415956716,0.0485086448086836,2.651435983746949e-09,447.0336538928482,5.999999999209088,0.9168380404572816,0.6138147309972212,0.2189506486949447,10.347874766235474,3.695424213275344,0.1441648782127754,1.84035046152636,0.0,0.0,345.47943664538536,0.0,4.352873701700459,cal_final_2008-09-30
01550000,hbv_lite_cma,evaluation,0.636458,0.593767,-0.136734,-0.279938,1.056116,13,explicit_euler_dt1,hbv,success,,28.45,0.7186,-1.7000003086769957,1.649716838307181,0.0007841123950945,3.854097508928518e-09,395.6741196657295,5.191420046071925,0.9999954318920256,0.5165605586609234,0.2028082534101729,11.862841367289551,3.729083663660975,0.1307153552037616,1.3056866683376782,0.0,0.0,308.0059741908127,0.0,5.950712719103391,cal_final_2008-09-30
01552000,hbv_lite_cma,evaluation,0.643158,0.650756,-0.133869,-0.267629,1.085574,13,explicit_euler_dt1,hbv,success,,28.32,0.7074,-1.1400002122746629,2.1088281863737306,0.0268771226759285,4.9085591249685506e-09,178.7370011253414,4.410320163941467,0.9999999534644026,0.4718754752786813,0.2037539968013308,16.207849540553354,2.3004027607523625,0.0701922234156729,1.4351165110135216,0.0,0.0,159.16333887971587,3.021247832350172,12.296611829212582,cal_final_2008-09-30
01552500,hbv_lite_cma,evaluation,0.583462,0.625218,-0.132362,-0.233904,1.37198,13,explicit_euler_dt1,hbv,success,,28.28,0.6684,-2.1600018178104863,1.5243452339330197,0.0261161686049214,1.9561478409347984e-08,176.90991397416926,3.869002181867272,0.9999999006969988,0.7489757426745532,0.2209232732716094,16.180150345137278,0.998064635614776,0.0604774333294717,1.1188241771577936,0.0,0.0,163.4073131766306,10.26080324677173,10.112544414083857,cal_final_2008-09-30
01557500,hbv_lite_cma,evaluation,0.655212,0.75585,-0.017465,-0.187656,1.570663,13,explicit_euler_dt1,hbv,success,,28.28,0.7478,-1.720003262046774,1.2414007646345435,0.0062845711563402,0.0156298146970456,308.8821920953181,3.491652575407814,0.9999999086416054,0.4878996500851211,0.2511832926351374,10.018253903428842,2.946407739121134,0.1283288935270424,1.198429018402675,0.0,0.0,234.99236077377915,0.0,7.5628726858207695,cal_final_2008-09-30
01567500,hbv_lite_cma,evaluation,0.403664,0.615321,-0.009928,-0.190483,0.531472,13,explicit_euler_dt1,hbv,success,,28.26,0.6279,-1.728125029117752,2.3821569582376805,0.0557317391569383,0.0286052135952276,166.94404416312491,5.999917416823262,0.2000000288472082,0.5967810036736951,0.1868762768149666,18.018801222564164,2.902326823425621,0.011609886862107,1.4798871972247185,0.0,0.0,141.19061931360656,0.0,37.64895119325634,cal_final_2008-09-30
01568000,hbv_lite_cma,evaluation,0.495866,0.710359,0.034387,-0.131757,0.758315,13,explicit_euler_dt1,hbv,success,,28.24,0.6864,-1.4899839890198006,2.163842711597149,0.0877764166956266,0.0371567303720026,294.64960075847057,5.999997236286983,0.9318495324451972,0.7274930224196864,0.1957356016537421,21.596125645772645,1.4664361891731967,0.0256313016787895,1.4249856962765617,0.0,0.0,275.1981862844349,10.772427278290111,17.883681289704832,cal_final_2008-09-30
01580000,hbv_lite_cma,evaluation,0.533753,0.524671,-0.071127,-0.266044,0.219216,13,explicit_euler_dt1,hbv,success,,28.23,0.6147,-1.7099970432802705,3.1555677062404284,0.0327033133339903,0.1756249784618048,786.7118620132408,1.1072388670085809,0.2000016107306861,0.8057477986150366,0.3736213341004248,4.570512897037946e-05,9.404535408333295,0.0306961355425108,1.0485621521941986,0.0,0.0,298.1439772373318,0.0,41.10608077407312,cal_final_2008-09-30
01583500,hbv_lite_cma,evaluation,0.522779,0.634538,-0.01076,-0.172831,0.225683,13,explicit_euler_dt1,hbv,success,,28.3,0.5355,-1.7540436837686113,1.1930839356157952,0.099838432134495,0.1373631225346164,691.6906644128786,1.5796504189456213,0.2004531732979656,0.8901008702200406,0.4987812226482113,2.112090451471468e-05,7.540354998708677,0.026666907381303,1.1736047187287029,0.0,0.0,342.0892889482887,0.0,40.60549882169477,cal_final_2008-09-30
01586610,hbv_lite_cma,evaluation,0.482089,0.684037,-0.09113,-0.118256,-0.242446,13,explicit_euler_dt1,hbv,success,,28.1,0.5792,-1.1999936964601736,1.704472984139438,2.7918676361405064e-05,0.0108194567260346,888.1179349953551,5.6051463423768215,0.2398991869528458,0.8999999721311344,0.499999736960515,8.466405602617685e-08,5.725941741625954,0.0531622949147178,1.1112433752380229,0.0,0.0,697.5730995222136,0.0,17.82387439285834,cal_final_2008-09-30
01591400,hbv_lite_cma,evaluation,0.467935,0.631505,0.020235,-0.012182,0.271203,13,explicit_euler_dt1,hbv,success,,28.19,0.5151,-0.9203097266893736,2.0677475943797567,0.0430220363415648,0.1837885099771047,833.6344278227393,2.520805531654695,0.205341371260315,0.8999960052190602,0.4999986014498617,4.3203705675605,2.164869904175915,0.0481307009932159,1.7365782439431054,0.0,0.0,472.0924948571671,0.0,15.44375024809288,cal_final_2008-09-30
01594950,hbv_lite_cma,evaluation,0.578586,0.740778,-0.03012,-0.155747,3.612391,13,explicit_euler_dt1,hbv,success,,27.94,0.6478,-1.9099980210048528,1.455535958364571,0.0598040953757197,6.244193985795074e-10,435.7208260140798,5.999999439430051,0.5286280729894736,0.744263126940595,0.4999984764744557,9.96762727332866,4.609025790812084,0.1999991696424252,1.965019193401519,0.0,0.0,306.8275297102956,0.0,0.8364304883478484,cal_final_2008-09-30
01596500,hbv_lite_cma,evaluation,0.578166,0.680489,-0.075759,-0.229309,1.699698,13,explicit_euler_dt1,hbv,success,,28.08,0.7121,-1.740000370692499,2.049919391284684,0.00230081537106,0.0958320509325774,481.0784145178548,5.99998715535275,0.9999999367053328,0.5430985253175267,0.4488100590556081,46.1463088300621,3.009473934916684,0.1999999974410563,1.0111544224632567,0.0,0.0,399.346252507153,0.0,3.756848180827927,cal_final_2008-09-30
01605500,hbv_lite_cma,evaluation,0.52755,0.660318,0.096857,-0.081034,0.143394,13,explicit_euler_dt1,hbv,success,,28.08,0.6276,-2.49999991058819,1.7963741330351608,0.0369407338475926,1.0861614913116128e-10,667.3294122905733,5.998909057062776,0.9023240798871102,0.8080518631383309,0.1861367662910896,12.082748684690827,1.2739008078994032,0.0759367163643162,1.040429286322924,0.0,0.0,472.2851837747557,0.0,2.8657251833333226,cal_final_2008-09-30
01606500,hbv_lite_cma,evaluation,0.589166,0.60425,-0.068609,-0.223564,-0.11841,13,explicit_euler_dt1,hbv,success,,34.82,0.6348,-2.5,1.7404796607182265,0.0301447577032195,7.851829757045283e-13,233.8788337787523,1.4956398633111214,0.2412899446304608,0.6633166515018758,0.4999999999984811,88.08738375977772,3.286364335936841,0.1999999999791147,2.925541916872386,0.0,0.0,49.46833555856497,0.0,0.6724100043783092,cal_final_2008-09-30
01632000,hbv_lite_cma,evaluation,0.529897,0.573333,0.243899,-0.065089,5.160652,13,explicit_euler_dt1,hbv,success,,28.03,0.5398,-2.4999996978759214,1.246855698386375,0.0941350216149586,0.0650967368320005,395.8926125782584,4.219187449326522,0.8024942094120737,0.8999989775349863,0.4999942951894042,2.23873031886273,3.338489913420953,0.1743093285264403,1.5694435981766892,0.0,0.0,260.87025848638103,0.0,2.0899793002289395,cal_final_2008-09-30
01632900,hbv_lite_cma,evaluation,0.460149,0.688321,0.162982,0.035805,0.053454,13,explicit_euler_dt1,hbv,success,,28.07,0.5834,-1.429999991494857,1.2034048374574835,0.0312585638662286,2.6168851651984176e-10,893.8257859819903,5.9999997478580624,0.6698461875210217,0.8999999999996818,0.47020876214317,6.447396245289331,3.205372700793095,0.1076856684063852,1.939160691022232,0.0,0.0,619.8953041404208,0.0,2.3542871200840976,cal_final_2008-09-30
01634500,hbv_lite_cma,evaluation,0.54654,0.576495,-0.077971,-0.219961,0.02287,13,explicit_euler_dt1,hbv,success,,28.28,0.6291,-1.089998017939085,3.704937643410482,0.0721163959128849,9.062327151239664e-09,435.4018303573999,4.047661454739387,0.7531173819467576,0.8183928565139047,0.4028627671496928,12.521135256827156,2.1463811822910914,0.1431584014826734,1.0094527552618957,0.0,0.0,292.3928320978084,0.0,4.580445288491208,cal_final_2008-09-30
01638480,hbv_lite_cma,evaluation,0.523553,0.563234,0.052403,-0.214076,2.935602,13,explicit_euler_dt1,hbv,success,,28.16,0.522,-0.1389449418867467,5.893293386737372,1.2030013928798148e-08,0.1014812198972858,403.9395223491786,1.4283804491965424,0.2000031102966988,0.8999995507402158,0.4999998313471961,0.1634790819665211,4.21607386021411,0.0954717236078447,1.9813222289671304,0.0,0.0,197.19895885760587,0.0,12.153006458731465,cal_final_2008-09-30
01639500,hbv_lite_cma,evaluation,0.635171,0.766498,0.069045,-0.086668,0.284398,13,explicit_euler_dt1,hbv,success,,28.11,0.6483,-1.302444436874488,2.110743062146056,0.0999999680892978,0.0225406352856819,780.4101565460778,5.999999971196095,0.8703236954827307,0.8999999653715068,0.4999999872337823,2.5821329588142345e-08,5.727402423194549,0.0592986789972983,1.0381486830514235,0.0,0.0,646.8698824564619,0.0,19.921773638253253,cal_final_2008-09-30
01644000,hbv_lite_cma,evaluation,0.597767,0.742204,-0.021524,-0.161558,1.249666,13,explicit_euler_dt1,hbv,success,,28.18,0.6493,0.0200001328775014,4.6774353010454,0.041058795939849,1.3917895848124775e-09,468.0993628817051,3.469186380250512,0.3699906018306652,0.8999999987992218,0.1726564379008981,12.763456453745064,0.9553407071216204,0.0498711733387877,1.5398403218902397,0.0,0.0,293.51798336075376,1.3448944373551783,7.712274807999925,cal_final_2008-09-30
01664000,hbv_lite_cma,evaluation,0.600108,0.714518,0.112063,-0.0001,0.96718,13,explicit_euler_dt1,hbv,success,,33.27,0.6569,-2.4999999981641063,0.5909665990731434,0.0279893653711796,4.591131196859244e-12,693.4714766472493,5.062859445868013,0.787318798457538,0.3040268797296026,0.4259981932740264,61.97685926400541,3.518547623748098,0.1193865176178465,2.772256138886336,0.0,0.0,497.86211510452137,0.0,4.837696468631671,cal_final_2008-09-30
01666500,hbv_lite_cma,evaluation,0.616013,0.729685,0.095112,-0.121684,1.354634,13,explicit_euler_dt1,hbv,success,,28.44,0.5733,-1.360333373842413,0.5000031383926734,0.0897044127276226,0.0228030829125585,108.19861879381492,5.999441353321228,0.422158155719867,0.3154401058313618,0.3450592528157762,31.751563540840632,5.5705874045647255,0.00926395649697,1.9970671872426804,0.0,0.0,92.90870807511588,0.0,66.67244447379622,cal_final_2008-09-30
01667500,hbv_lite_cma,evaluation,0.546736,0.593288,0.113562,-0.024799,0.527942,13,explicit_euler_dt1,hbv,success,,28.1,0.6146,-2.4999999999986686,0.5526135221078039,0.0022423075888682,1.1252213983145813e-13,788.1507120334754,5.999999999997931,0.8908481883205448,0.6446876915017318,0.3994408125069842,47.109946462361904,4.390191647941382,0.1332263229230556,1.9538662026460247,0.0,0.0,622.6801062473143,0.0,4.552169922972302,cal_final_2008-09-30
01669000,hbv_lite_cma,evaluation,0.593663,0.528277,-0.162384,-0.372237,2.140043,13,explicit_euler_dt1,hbv,success,,28.33,0.688,-2.1703234346338647,0.5236583650510258,0.0265862836257796,0.00021000620734,999.8409424913648,1.5141061527514483,0.2000286002131704,0.746048756629028,0.1930504923609563,11.311882954938955,2.542557937607844,0.024942568857024,1.812624484042836,0.0,0.0,309.3211898510661,0.0,21.795614121217472,cal_final_2008-09-30
01669520,hbv_lite_cma,evaluation,0.606883,0.564372,0.055491,-0.164929,5.572867,13,explicit_euler_dt1,hbv,success,,60.17,0.6856,-0.2297077502906024,7.888872522999773,0.0759506904966662,0.1617194336127758,999.9988304930304,3.4254745736339265,0.8483232191987498,0.4542951254152945,0.0896684668746911,12.081896821744552,0.9111339744362744,0.0470018075846949,5.220220553620811,0.0,0.0,670.1042368675012,6.967274195465062,9.44856364726992,cal_final_2008-09-30
02011400,hbv_lite_cma,evaluation,0.524449,0.57149,-0.10571,-0.19929,-0.371839,13,explicit_euler_dt1,hbv,success,,33.19,0.6894,-2.399998536886341,1.3596723961086967,0.0438796576350992,1.9869410446686622e-09,778.7688037766945,5.999999370799959,0.2871356497952286,0.5158050352481526,0.2427213604580023,16.05227438989482,1.704119886718787,0.1182958166857881,1.4543425845623177,0.0,0.0,508.78574429306383,0.0,1.2359922888149324,cal_final_2008-09-30
02013000,hbv_lite_cma,evaluation,0.586189,0.551939,-0.212362,-0.279086,-0.774089,13,explicit_euler_dt1,hbv,success,,28.23,0.7497,-1.3900000491876454,2.6582877772742366,0.0335751611977209,0.0081909820777627,328.35248243889697,2.9261145723979127,0.2000000407621036,0.8999999968837872,0.2780953125983284,10.505535482964271,1.1564117112061791,0.1299849309390706,1.8480333708178736,0.0,0.0,68.99954187338604,0.0,0.1136594408338456,cal_final_2008-09-30
02014000,hbv_lite_cma,evaluation,0.601901,0.692942,0.021906,-0.169989,0.561655,13,explicit_euler_dt1,hbv,success,,28.44,0.7279,-1.4992812795984036,2.3761264899232,0.0344791036483414,2.783106216431652e-05,577.2495912666769,4.6502037450434734,0.9774305831868746,0.8738080427842646,0.1677059842884909,11.682918869671807,1.5595735237972543,0.0802292388029367,1.9920785471270144,0.0,0.0,382.2706993135853,0.0,3.4457577621937654,cal_final_2008-09-30
02015700,hbv_lite_cma,evaluation,0.551523,0.592466,-0.04658,-0.172664,-0.284788,13,explicit_euler_dt1,hbv,success,,28.31,0.6326,-2.0599990770959327,1.5343633927386386,0.0095396754457812,0.0959496260277339,519.9618280747367,4.842400326112763,0.9999999429546882,0.2613517404042214,0.4615581280704111,63.89828176036024,3.581161870942364,0.127884402115678,1.8266875460364869,0.0,0.0,366.95168406548174,0.0,2.4465119684245207,cal_final_2008-09-30
02016000,hbv_lite_cma,evaluation,0.562418,0.668999,0.141178,-0.074383,0.917953,13,explicit_euler_dt1,hbv,success,,33.2,0.6982,-1.8700336807190363,0.9554578918748872,0.028486039398724,0.024509815769684,138.95205782226375,1.0000022792639456,0.20000041452772,0.6593161768939241,0.2000809461197818,11.636491527675515,1.120320183324288,0.0221615680940074,2.326929828228769,0.0,0.0,35.692459232057,0.0,18.738470134292463,cal_final_2008-09-30
02017500,hbv_lite_cma,evaluation,0.656895,0.702379,-0.086043,-0.248271,0.666416,13,explicit_euler_dt1,hbv,success,,28.5,0.7421,-1.7299997998789411,1.6781903998804506,0.0993649272752876,3.1903135421233507e-10,390.1757938335117,4.41951870948603,0.999999999169185,0.8999999856824712,0.2151178896519065,14.635570721333115,1.3273624628016256,0.1217966485280284,1.9269970420354376,0.0,0.0,247.38103941818028,0.0,1.936702422480557,cal_final_2008-09-30
02018000,hbv_lite_cma,evaluation,0.615055,0.683788,-0.013506,-0.194166,0.712325,13,explicit_euler_dt1,hbv,success,,33.28,0.7323,-1.3300327335518585,1.4878399182441109,0.0980573910063829,0.0471771020034559,144.8066586580668,1.0335087392032616,0.2000399440854295,0.7254589632375763,0.1825609741055219,11.796961163506827,1.0097149064470474,0.0324654879007641,2.637238680319469,0.0,0.0,33.713620444529845,0.0,8.125849402554183,cal_final_2008-09-30
02027000,hbv_lite_cma,evaluation,0.419498,0.712467,-0.06287,-0.139359,0.133462,13,explicit_euler_dt1,hbv,success,,28.36,0.5985,-1.970000867522463,0.5475715080092373,0.0399647844079486,4.493976140957463e-09,202.5357825098157,4.720664087375114,0.999999991398442,0.8999999930013557,0.2625072050990992,20.732704955096533,2.654851595616054,0.0546142708942347,1.0116972129101076,0.0,0.0,155.92490702902757,0.0,8.525178119370088,cal_final_2008-09-30
02027500,hbv_lite_cma,evaluation,0.475556,0.545313,-0.148702,-0.27603,1.078801,13,explicit_euler_dt1,hbv,success,,28.53,0.6264,-1.8699985903031944,0.546434122751528,0.0978347744499427,6.470401646706528e-08,204.37496666341264,2.6016610687810853,0.9999999950013913,0.8999999970014724,0.1628613275644233,25.1689118902545,1.5620491232977898,0.0590794383986618,1.678837927312539,0.0,0.0,137.73269615736766,0.0,10.403227884561517,cal_final_2008-09-30
02028500,hbv_lite_cma,evaluation,0.578015,0.698841,0.067603,-0.134012,1.250677,13,explicit_euler_dt1,hbv,success,,28.17,0.6491,-0.9099990196055944,0.5153392530206955,0.0496487979697886,4.734583023479883e-11,361.4786029129934,5.999999717871627,0.9430923977695236,0.8999999917708394,0.2532248290616372,37.06487105815825,3.170490410079691,0.0297451208157679,1.1171096483306633,0.0,0.0,304.87814910097643,0.0,20.68293224391377,cal_final_2008-09-30
02038850,hbv_lite_cma,evaluation,0.412398,0.458647,0.08313,-0.156973,1.933635,13,explicit_euler_dt1,hbv,success,,28.09,0.5977,-0.229896320488697,2.8059731062885134,0.0377903675064188,0.0999080215250295,556.6945059417488,2.146384104352375,0.4891617796036736,0.8999998701722642,0.3271282541372736,15.292864473515522,2.398051741905368,0.0010000000883927,1.9970132254492856,0.0,0.0,267.41163832992765,0.0,627.7988953273406,cal_final_2008-09-30
02046000,hbv_lite_cma,evaluation,0.560572,0.646817,0.245581,-0.076877,16.669798,13,explicit_euler_dt1,hbv,success,,35.54,0.6803,-2.489999938894337,9.999989835060717,0.0524677572262382,0.1481854604977268,286.896196155128,5.999999999772357,0.2000000013100747,0.677516316394209,0.308690190909072,17.552173901890257,1.8165992930410075,0.0010000000000358,2.265455317651365,0.0,0.0,212.41191160600485,0.0,501.2397107008523,cal_final_2008-09-30
02051500,hbv_lite_cma,evaluation,0.605163,0.597815,0.11196,-0.139521,1.386871,13,explicit_euler_dt1,hbv,success,,43.31,0.6234,-2.4999764560544144,7.347759588193016,0.0132375614289272,0.0014199744493657,659.7131450120727,2.11009907100282,0.2000065897905261,0.4240442446457396,0.1636800720770725,1.5914917913879376,1.089179984853888,0.0987484806531345,3.0455845228996585,0.0,0.0,248.6617334257549,0.0,3.773841363264756,cal_final_2008-09-30
02053200,hbv_lite_cma,evaluation,0.757956,0.716073,0.080737,-0.102067,1.917791,13,explicit_euler_dt1,hbv,success,,78.25,0.6876,-1.449985234497762,9.999337477050563,0.0330131137207863,0.0666484428677399,439.8137464771625,5.999999824338847,0.3377965235474143,0.4517970984860506,0.2808377429262552,34.28982128949186,0.8355539635952418,0.1999963474010552,7.6486112573060705,0.0,0.0,268.83642686408075,0.0,0.5591646124813232,cal_final_2008-09-30
02053800,hbv_lite_cma,evaluation,0.534464,0.644539,-0.035401,-0.122528,-0.42703,13,explicit_euler_dt1,hbv,success,,28.0,0.6409,-1.700009663226701,1.2533532825014304,0.0984919174975768,0.1109730541560467,496.3779031656188,2.399960321572694,0.231272398138062,0.5380025443521891,0.4999999922966038,54.570664290776485,5.102281905272359,0.1178146633496248,1.0148471271582766,0.0,0.0,145.6697669535287,0.0,0.9763920409875416,cal_final_2008-09-30
02055100,hbv_lite_cma,evaluation,0.638764,0.712184,0.182858,-0.017222,0.752098,13,explicit_euler_dt1,hbv,success,,27.99,0.6794,0.1499988133436716,1.9306311939271448,0.0394698412335483,0.0788215261895452,840.9495664731415,4.994578307006537,0.9999989239808884,0.8999998661104264,0.22345595538052,10.61607978222887,3.104051343819826,0.0576845596627423,1.709176272901355,0.0,0.0,614.3143992717662,0.0,7.858193024269101,cal_final_2008-09-30
02056900,hbv_lite_cma,evaluation,0.611656,0.650118,0.045654,-0.129712,0.254001,13,explicit_euler_dt1,hbv,success,,27.94,0.6435,-0.6999298730671268,2.1432857899704976,0.0796769074956247,0.161878903945367,995.4294271121483,2.9582196940079566,0.4499020431165046,0.7642444030376798,0.1424077693101486,13.47630600196887,2.346494354617633,0.0640445120896279,1.4499923250900573,0.0,0.0,505.8472101483218,0.0,6.6999049231769545,cal_final_2008-09-30
02059500,hbv_lite_cma,evaluation,0.560594,0.631094,0.135899,-0.129436,1.746519,13,explicit_euler_dt1,hbv,success,,28.19,0.6318,0.0172410198563905,2.236826788147205,0.0472372693923214,4.8555787679616e-10,861.9230949395388,5.152131781310573,0.910734795979338,0.8999999788197297,0.186529517679652,13.615639624480677,1.6496743927878033,0.0010000000041034,1.5054445595731236,0.0,0.0,590.0722040263769,0.0,575.5107638555362,cal_final_2008-09-30
02064000,hbv_lite_cma,evaluation,0.410587,0.400363,-0.032911,-0.127947,-0.064764,13,explicit_euler_dt1,hbv,success,,28.3,0.6373,-1.529959566950811,1.1607112077481585,0.0602204399636921,0.1999950391366344,771.2769090978707,2.548662863108663,0.5467644358050483,0.624605423978227,0.2856486482093658,11.151097731509628,1.590492555577034,0.0613612541171002,1.940556725457301,0.0,0.0,369.4085340944112,0.0,5.44001898850304,cal_final_2008-09-30
02065500,hbv_lite_cma,evaluation,0.413308,0.404038,-0.055376,-0.263923,1.091489,13,explicit_euler_dt1,hbv,success,,36.18,0.5189,-0.1013848018717067,3.9689554907073648,0.0029305167827875,0.1308660974396722,641.2836035187388,1.3467833929502555,0.2000267254367439,0.4287053589805583,0.1242441079824996,9.489304570442602,1.1782706751088985,0.001000003796418,2.784327335801561,0.0,0.0,156.43275011172824,0.0,558.4746589892302,cal_final_2008-09-30
02069700,hbv_lite_cma,evaluation,0.611081,0.660303,-0.121022,-0.243284,-0.007793,13,explicit_euler_dt1,hbv,success,,28.26,0.6197,-0.9799983083041774,9.76087954536711,0.0221064671097757,0.1229403636183492,763.3550593744794,1.1374728654533364,0.2000002426895189,0.6905465664196627,0.2294059875371016,21.30191926332018,3.2742270467118533,0.0349341462989943,1.9709511519360785,0.0,0.0,193.73950829348672,0.0,17.08687394971493,cal_final_2008-09-30
02070000,hbv_lite_cma,evaluation,0.52243,0.694186,0.017717,-0.066516,0.041829,13,explicit_euler_dt1,hbv,success,,28.11,0.5734,0.2894736494483227,7.804397918022534,0.0665020131739591,1.40105391755725e-05,750.211037196524,1.0000001010696429,0.2249903352572365,0.89999996318506,0.3582954905986494,18.11946245641456,2.689462944623128,0.0441541087688826,1.7748920012065716,0.0,0.0,183.3143895301365,0.0,15.444980991602884,cal_final_2008-09-30
02074500,hbv_lite_cma,evaluation,0.568956,0.53878,0.321107,0.010077,1.724052,13,explicit_euler_dt1,hbv,success,,28.19,0.5126,-2.329986497799393,9.99971190402537,0.0719259450772339,6.03974396315082e-05,640.4462038617451,5.073812568176834,0.937796720413682,0.899997280542619,0.3239208486950258,11.712273818795842,3.2195670442939264,0.0010000024351609,1.987157398895934,0.0,0.0,519.2078201995753,0.0,822.9041837242158,cal_final_2008-09-30
02077200,hbv_lite_cma,evaluation,0.284258,0.256689,0.333276,-0.056126,32.066295,13,explicit_euler_dt1,hbv,success,,28.12,0.5983,-2.300082281027399,2.305517501992041,0.0257123125577793,0.0345263018039187,219.1726657538516,2.282449007399885,0.2137274937562639,0.601627178970189,0.1550115086040447,10.848825881658197,1.183747414629324,0.0010000000011461,1.3062180160681145,0.0,0.0,167.02192608266475,5.678373765164115,515.3287326644055,cal_final_2008-09-30
02081500,hbv_lite_cma,evaluation,0.584057,0.384214,0.448562,-0.047967,35.858002,13,explicit_euler_dt1,hbv,success,,35.51,0.6341,-2.499998039113369,9.999962550063684,0.0978856021266762,9.373625522006822e-07,392.9830481557514,2.5310012387497767,0.612235867775587,0.6126798298390778,0.0883245681002718,7.464212282275123,0.8424903610016776,0.0010000000835995,2.889304576130417,0.0,0.0,293.41700052098525,6.613491343819834,508.5113636151672,cal_final_2008-09-30
02082950,hbv_lite_cma,evaluation,0.472365,0.399566,0.052744,-0.196803,2.361875,13,explicit_euler_dt1,hbv,success,,43.7,0.6226,-1.339999911327563,9.999999432080386,0.0889449228931631,8.889565864355435e-09,643.5136053928139,2.648773021922871,0.3467766200071611,0.7392133793135011,0.378804942203592,40.01313887500248,1.4615182307554777,0.1166094603915535,3.0184710628516647,0.0,0.0,305.81216054758505,0.0,3.726622043502424,cal_final_2008-09-30
02092500,hbv_lite_cma,evaluation,0.772702,0.586709,0.400828,0.028706,18.571267,13,explicit_euler_dt1,hbv,success,,57.22,0.7828,1.6899996000512836,5.794485690562041,0.0981056493096753,9.867868668164844e-05,188.69917503227185,5.99999998800973,0.2000000041741126,0.2644151060612727,0.1388911833494626,30.79540044097008,1.759028214132166,0.0010000000012655,4.763155399748022,0.0,0.0,169.6953802240643,3.291965581599959,629.7286509330545,cal_final_2008-09-30
02096846,hbv_lite_cma,evaluation,0.524328,0.502097,0.244424,-0.13095,43.688278,13,explicit_euler_dt1,hbv,success,,28.0,0.5655,-2.0009879245095497,1.887772346709976,0.0839629356018427,0.0001283242458759,498.0416906541238,5.999996676173239,0.2831982265081543,0.8999999990119556,0.2559437801160652,13.551257460312632,1.3447917326500016,0.0010000000372745,1.176874521575202,0.0,0.0,434.1561652425182,1.1816970725143197,449.5495857521352,cal_final_2008-09-30
02102908,hbv_lite_cma,evaluation,0.478506,0.662237,-0.09137,-0.208861,0.383838,13,explicit_euler_dt1,hbv,success,,28.44,0.5713,-0.7627146187948728,1.0190207583415043,0.0633372849550117,0.1321346342224326,780.6043496666222,1.000004985397922,0.4508319476790776,0.8999980282389869,0.2104606708450276,24.22933154447723,2.784737789838527,0.0048877244945721,1.9847515597406007,0.0,0.0,344.1807099900301,0.0,216.1184439829853,cal_final_2008-09-30
02108000,hbv_lite_cma,evaluation,0.828385,0.708875,0.218071,-0.002866,4.014201,13,explicit_euler_dt1,hbv,success,,79.8,0.703,-0.6228319036608199,8.205624137043117,0.05686343622302,0.0034356030919743,492.4214232123107,2.2984023211847813,0.2000000397898722,0.1018066707557378,0.3203345575093559,74.3399147936235,1.632534973719636,0.1065449235255703,8.598278315558279,0.0,0.0,338.87670217666295,1.1916250024965958,9.844020130230472,cal_final_2008-09-30
02111180,hbv_lite_cma,evaluation,0.576622,0.603061,-0.019717,-0.157789,0.225786,13,explicit_euler_dt1,hbv,success,,28.1,0.6862,-1.1500028144953247,8.272181517703498,0.0986969757711371,5.696229554221515e-07,448.135121153531,1.0000000352362564,0.2774520060491487,0.8729826759321326,0.1582807888070473,21.313373036319604,2.0506392381605303,0.0342839236041341,1.2908334165400344,0.0,0.0,213.531674975605,3.246009681615758,33.16718215865051,cal_final_2008-09-30
02111500,hbv_lite_cma,evaluation,0.63512,0.737047,0.025009,-0.093933,0.281707,13,explicit_euler_dt1,hbv,success,,28.11,0.6972,-1.312264888721279,9.99897856998346,0.0223793358314175,0.1999122148221287,890.2627976647292,1.00000050671758,0.2298693527656708,0.8999998625363267,0.1643779915428939,17.257491654685936,2.58467123965298,0.0225672674595211,1.5342702452419772,0.0,0.0,247.24065020600403,0.0,35.351296565081135,cal_final_2008-09-30
02112120,hbv_lite_cma,evaluation,0.509185,0.576083,0.053238,-0.11916,0.20903,13,explicit_euler_dt1,hbv,success,,26.09,0.5001,-1.129995740512714,4.368000775253552,0.0386483034660374,4.66490019212508e-07,999.9999702777378,2.374553838838436,0.5164618766483866,0.0903565504723046,0.274025479542421,69.65768310587175,4.826505864600819,0.0282115990945826,1.298623495853062,0.0,0.0,582.7650765399924,0.0,36.324139150242445,cal_final_2008-09-30
02112360,hbv_lite_cma,evaluation,0.587093,0.721744,-0.041958,-0.147768,0.082749,13,explicit_euler_dt1,hbv,success,,28.32,0.5891,-2.278570493522728,5.8684476343985335,0.063074242285362,0.0007801659680675,951.2623742198482,1.0000034031737977,0.2620661887926531,0.3896225475508847,0.1770338768733784,11.115589250652292,3.796576395761964,0.0273068810798819,1.0674368918849555,0.0,0.0,285.07653699138683,0.0,38.84741867610968,cal_final_2008-09-30
02118500,hbv_lite_cma,evaluation,0.579464,0.581319,-0.057199,-0.26396,0.968407,13,explicit_euler_dt1,hbv,success,,26.52,0.5208,-1.7999995590203954,1.0713930665108022,0.0592567873002962,4.166403994657004e-08,967.4131424301733,1.0000000704024763,0.2258317597164191,0.5905353503149412,0.14836604013227,9.440724935542978,1.0661639797740317,0.0016745610345436,1.1802137607421566,0.0,0.0,243.52605697131207,1.9524864732759968,335.273752184722,cal_final_2008-09-30
02125000,hbv_lite_cma,evaluation,0.493834,0.588821,0.143448,-0.142488,62.274401,13,explicit_euler_dt1,hbv,success,,28.14,0.5769,-2.4999358352700187,8.745792228333029,0.0658118503582807,0.1320427601850698,206.4268419010954,5.9999999982055225,0.4765753980741856,0.8999999999799729,0.2129226630031098,8.426091736203405,1.2296381796902618,0.0010000000001141,1.8318015294341965,0.0,0.0,188.74728219800028,3.668589392568915,400.4884476388688,cal_final_2008-09-30
02128000,hbv_lite_cma,evaluation,0.481479,0.402323,0.299747,-0.115638,7.856012,13,explicit_euler_dt1,hbv,success,,26.61,0.6084,-2.2334294891419093,3.886459205474631,0.0478275278496742,0.1785648001341748,433.5036852589851,2.772523517782589,0.7990094041529738,0.8999983420307628,0.184247637466308,10.751807262612273,1.4336518620356464,0.0010000004094108,1.0070455306985335,0.0,0.0,320.5527118634924,3.3127041897389216,653.1231529775226,cal_final_2008-09-30
02137727,hbv_lite_cma,evaluation,0.654705,0.799023,0.046434,-0.134459,0.509603,13,explicit_euler_dt1,hbv,success,,28.14,0.7352,-0.2699767072353882,0.5122738286792242,0.0788381390688311,0.108194000813757,115.00640515351392,1.4226128631939905,0.2000000004052267,0.8999999999989631,0.4999985075275985,22.630946212702163,9.529906085349406,0.0122385863690064,1.4230261151735488,0.0,0.0,78.08521498831945,0.0,97.16142463112152,cal_final_2008-09-30
02140991,hbv_lite_cma,evaluation,0.702599,0.737986,0.106476,0.00424,0.632909,13,explicit_euler_dt1,hbv,success,,28.32,0.7013,-0.9798887983894692,1.493693527791046,0.0641103423856041,9.935493440938048e-07,386.5481480678076,5.9673163780418825,0.9974318705398046,0.7027884648786886,0.1728154586622817,25.54475435401851,2.955368042707965,0.0097477297839286,1.8216662394507703,0.0,0.0,360.7024389127717,3.0850525997578058,112.01364300820406,cal_final_2008-09-30
02143000,hbv_lite_cma,evaluation,0.63998,0.770099,0.032422,-0.115077,0.370491,13,explicit_euler_dt1,hbv,success,,28.06,0.6983,-1.3956590847349708,8.18426203756093,0.095594138702652,0.0608981540551738,254.6309782472926,5.999999949615472,0.9228595864585678,0.8999999998998085,0.2601647484137319,22.08679781342738,5.224649407796563,0.0084161800320077,1.467860434344593,0.0,0.0,214.8550978361268,0.0,65.19075598894663,cal_final_2008-09-30
02143040,hbv_lite_cma,evaluation,0.565834,0.767728,0.011204,-0.048491,0.225262,13,explicit_euler_dt1,hbv,success,,28.21,0.6918,-0.5825761790544215,8.5023289915941,0.0006517731824761,0.1425167471120875,353.18489207723434,2.974493340634125,0.970411697641852,0.8835811633718219,0.296967819693637,17.830505792406633,2.895740446693444,0.027197095694168,1.0018202622054837,0.0,0.0,263.8549519832216,0.0,32.45257612583334,cal_final_2008-09-30
02149000,hbv_lite_cma,evaluation,0.612189,0.793934,-0.015539,-0.064358,0.278091,13,explicit_euler_dt1,hbv,success,,28.09,0.7208,1.0335492706223377,0.58130989231795,7.712173687593305e-06,5.418862010719893e-05,999.9998973007722,2.194492751553048,0.8631116263645198,0.8249406911656201,0.1222991439067043,16.595713817309466,1.6368745684216486,0.0182758557428425,1.0672334996118589,0.0,0.0,599.7314947971573,2.7633938691670727,36.57171584937426,cal_final_2008-09-30
02152100,hbv_lite_cma,evaluation,0.511236,0.706015,0.185871,0.032755,0.572671,13,explicit_euler_dt1,hbv,success,,28.2,0.5886,-1.6800150864407162,6.528772159422713,0.0006203060343736,0.1513685154247079,495.0901428709093,5.999999990439815,0.8859283236990447,0.8999999994352565,0.331618161038135,25.26708033994572,4.571539465215982,0.0078970291862062,1.0699688480072074,0.0,0.0,385.8092585629085,0.0,58.01902354644612,cal_final_2008-09-30
02177000,hbv_lite_cma,evaluation,0.745443,0.873333,-0.009276,-0.069643,0.134908,13,explicit_euler_dt1,hbv,success,,28.68,0.7009,0.7600098604750878,1.8930190473511588,0.0869701868583792,0.043077113293982,901.1571968178758,1.7574845960409102,0.2514471477100459,0.548133339188945,0.1299064169097888,37.58080622583864,5.464657773610245,0.0426322323477986,1.0010138919897074,0.0,0.0,455.3988732682856,0.0,17.00701956077241,cal_final_2008-09-30
02178400,hbv_lite_cma,evaluation,0.724176,0.837406,0.096227,0.000794,0.37028,13,explicit_euler_dt1,hbv,success,,28.26,0.7805,-1.9700092761972887,5.562523702659973,0.0199825886452854,1.7157386342267595e-06,999.9999688041316,2.403941429564102,0.2811290254554488,0.8173671659402741,0.1366396632128593,40.65309052767418,5.637214591360761,0.0305359858539606,1.336401519622403,0.0,0.0,630.7793350250448,0.0,30.626026746659328,cal_final_2008-09-30
02193340,hbv_lite_cma,evaluation,0.487266,0.511404,0.274253,-0.0219,3.93669,13,explicit_euler_dt1,hbv,success,,28.2,0.5841,-1.410822277109049,2.2202646008037723,0.0985587574297878,0.0783291696684209,496.5991428977015,1.8152321484749248,0.3575437920523623,0.7020201026277443,0.2207976942138043,5.024754161749947,1.5350447638709146,0.0010000000235369,1.620377096797777,0.0,0.0,146.43692646591322,0.0,432.6065113058486,cal_final_2008-09-30
02196000,hbv_lite_cma,evaluation,0.539972,0.546504,0.256093,-0.155147,16.578875,13,explicit_euler_dt1,hbv,success,,36.04,0.5681,-2.492456603205813,4.046616523679765,0.0813182914738822,0.1601333259708263,479.3057068675425,3.930444446324456,0.3882950595201566,0.4559931760316348,0.15260995697653,6.130390251005177,1.683625693301861,0.0010000000001715,2.945953336017559,0.0,0.0,144.32803116148602,0.0,398.7279982824831,cal_final_2008-09-30
02198100,hbv_lite_cma,evaluation,0.485856,0.475744,-0.002444,-0.282746,3.941749,13,explicit_euler_dt1,hbv,success,,33.26,0.6472,-2.499924078730672,8.494623093070615,0.0060275104051041,0.0921384652732316,535.8981263305266,5.999997856170117,0.5604514076008136,0.579788741998376,0.1042521108510873,24.779452398090854,1.3695593634997971,0.0010000000047039,1.592493003980544,0.0,0.0,318.6592072176236,0.0,409.6323377772226,cal_final_2008-09-30
02202600,hbv_lite_cma,evaluation,0.641376,0.715714,0.089301,-0.119719,15.676957,13,explicit_euler_dt1,hbv,success,,46.53,0.7094,-0.3706598224942237,5.202388826105885,0.0613330604122207,0.1047491380380342,600.0837974390282,5.999999999998391,0.343174186610618,0.3372903616699241,0.1874728517724944,24.31786985493053,2.244398160024078e-05,0.1126578652141646,5.618757873152292,0.0,0.0,273.96512165709606,0.0139753901548932,0.0001767785188223,cal_final_2008-09-30
02212600,hbv_lite_cma,evaluation,0.624326,0.601723,0.245765,-0.137853,11.026958,13,explicit_euler_dt1,hbv,success,,26.98,0.6154,-0.6197520065437792,8.624522843039376,0.0984265320235268,0.1234817163325542,650.8673387877483,3.7707889381380015,0.7092755556650614,0.8999999999999877,0.3387954016825766,11.09659281829652,2.102592290601929,0.0010000000000009,1.7471381837420183,0.0,0.0,365.53138970111496,0.0,546.2444169350664,cal_final_2008-09-30
02215100,hbv_lite_cma,evaluation,0.695047,0.792329,0.033046,-0.084737,0.473446,13,explicit_euler_dt1,hbv,success,,30.22,0.6922,-1.394551172407669,3.0092703304503026,0.0579003981347447,0.0407348449566255,693.0762868219668,5.999999999752777,0.7143687217752415,0.5603980178865607,0.217304174024728,26.259325378851155,1.8160405208583723,0.0722777560394017,2.736912835933552,0.0,0.0,392.2536438119265,0.0,0.5896753440016828,cal_final_2008-09-30
02216180,hbv_lite_cma,evaluation,0.683377,0.651592,-0.154672,-0.248641,,13,explicit_euler_dt1,hbv,success,,33.3,0.7499,-1.4130363980368306,8.699094203501916,0.0410736932689238,0.0475325550596981,487.461196274172,5.732234503615517,0.5296185952809861,0.3080480600251907,0.2616850524090138,16.968132945341015,2.28559750468832,0.120575336275554,2.340202833585509,0.0,0.0,211.1634287909528,0.0,0.0587805865258246,cal_final_2008-09-30
02221525,hbv_lite_cma,evaluation,0.741889,0.762178,0.072179,-0.212854,3.281988,13,explicit_euler_dt1,hbv,success,,28.09,0.5718,-0.9158997605564768,2.157078763619261,0.0031455630871492,0.1231212699661535,504.7622290533768,2.1820581465350832,0.2000000074696452,0.4471430657114128,0.4197009485818042,29.646839271638093,3.2294648807979915,0.0010000000006605,1.0911013119774582,0.0,0.0,108.01751177617788,0.0,501.74863525810434,cal_final_2008-09-30
02231000,hbv_lite_cma,evaluation,0.728844,0.680536,0.184608,-0.15837,8.468126,13,explicit_euler_dt1,hbv,success,,55.6,0.8692,-1.8921674028036928,4.529219532231255,0.0468699752103743,0.1597302636514296,445.47056165574975,5.999999999999915,0.2000000000001399,0.3084512967591278,0.0975739706837051,55.43527418199293,1.1769546836956415,0.001,6.1596113834787545,0.0,0.0,346.3124020089323,0.0,465.0203523542504,cal_final_2008-09-30
02245500,hbv_lite_cma,evaluation,0.453627,0.468309,0.270608,-0.212458,4.029363,13,explicit_euler_dt1,hbv,success,,30.41,0.7076,0.0248282588317536,1.54257710359257,0.0700143644256039,0.1999288369226004,613.5393465220669,5.999999999998751,0.2000000000001939,0.5475928241259487,0.1313523504915437,33.90422494625852,1.9380892042316549,0.001,2.61125026486786,0.0,0.0,528.9723460015612,0.0,644.806952539229,cal_final_2008-09-30
02246000,hbv_lite_cma,evaluation,0.654931,0.647311,0.166364,-0.243959,5.32741,13,explicit_euler_dt1,hbv,success,,43.9,0.7237,1.1974637213028458,6.900454331820183,0.0782815349750085,0.1943050578753008,298.3242039432502,5.999999999999986,0.2000000001044181,0.3620070330572064,0.1164900308652165,28.54905038564894,2.673544396146136,0.001000000000036,3.635680588496722,0.0,0.0,221.52504917628409,0.0,703.769493228706,cal_final_2008-09-30
02296500,hbv_lite_cma,evaluation,0.678205,0.572327,0.385055,0.225287,0.966532,13,explicit_euler_dt1,hbv,success,,82.41,0.9154,2.0089870799119227,5.002604741061371,0.0309848117640709,0.1105785026628181,354.6716976801632,5.475845537191521,0.20000000003273,0.8999999999881239,0.1818019566377221,67.73294957999715,4.303503994776829,0.1999999999904081,7.20707235910291,0.0,0.0,292.25220655971344,0.0,6.203972498458693,cal_final_2008-09-30
02297155,hbv_lite_cma,evaluation,0.46651,0.464985,0.321846,-0.383458,54.999215,13,explicit_euler_dt1,hbv,success,,32.87,0.6308,-2.3011210689714128,4.516820906305286,0.0361728085424859,0.1633287301485951,581.2749913960618,3.930667030744694,0.2000000002023408,0.8999999999994298,0.1761410805075313,43.25964266354937,3.477108866964303,0.0010000000000028,1.394336910401377,0.0,0.0,460.2988380021351,0.0,930.1525176135872,cal_final_2008-09-30
02297310,hbv_lite_cma,evaluation,0.703968,0.783349,0.089982,-0.102314,2.498648,13,explicit_euler_dt1,hbv,success,,71.83,0.7589,-2.1072132250548226,7.928770311705685,0.0237132829562662,0.0267674749287693,287.2390498569532,5.999999999937654,0.2000000000222879,0.3788273014259311,0.2684467482545534,42.18676990437795,1.8069089103124287,0.0448003805805361,6.664751535334566,0.0,0.0,231.3948554809513,0.0,23.50255557766593,cal_final_2008-09-30
02298123,hbv_lite_cma,evaluation,0.699491,0.729215,0.100365,-0.145781,2.9286,13,explicit_euler_dt1,hbv,success,,63.33,0.8195,2.433321397045348,1.0119820214038344,0.0645003092041367,0.0469089563775121,545.9529603355193,5.999999999999841,0.865944200315425,0.0500000000000329,0.1511427576388587,99.99999999980622,0.4347029947864941,0.0010000000000002,6.23767409071302,0.0,0.0,470.6238643085295,7.87664926849841,254.31487721614613,cal_final_2008-09-30
02298608,hbv_lite_cma,evaluation,0.748963,0.757114,-0.048628,-0.207125,0.368337,13,explicit_euler_dt1,hbv,success,,51.53,0.7385,0.2963347021731186,4.248535061169954,0.0771911639914678,0.109234074477287,222.9724463711896,5.999999999679892,0.7178967753289764,0.3572829084854571,0.2738142525364455,30.08206269795156,2.8993522020826683,0.0688286076316807,4.6453669113188365,0.0,0.0,168.67053064826666,0.0,12.070639038226672,cal_final_2008-09-30
02299950,hbv_lite_cma,evaluation,0.619587,0.672551,0.062591,-0.349358,9.256497,13,explicit_euler_dt1,hbv,success,,27.66,0.7503,-2.453098571326083,2.8690209982626413,0.0868534197359933,0.1922655258710114,274.9270968510393,5.999999999999991,0.532550991541981,0.6805899626269012,0.2887494862826208,55.21241769799608,4.036922127030625,0.0010000000000021,1.528578102036847,0.0,0.0,219.8949600769504,0.0,928.9161319363554,cal_final_2008-09-30
02300700,hbv_lite_cma,evaluation,0.59062,0.547399,-0.1973,-0.312196,0.903551,13,explicit_euler_dt1,hbv,success,,35.93,0.5721,0.0966024148273736,3.881151863455012,0.0998148015353057,0.0526969785871232,186.99544893171907,4.714634269899626,0.5575725788053556,0.8999999999990824,0.4999999999987078,99.99999985280844,1.796080768608161,0.00934894033191,2.537196731919632,0.0,0.0,98.809840818434,0.0,81.8832324789672,cal_final_2008-09-30
02342933,hbv_lite_cma,evaluation,0.581328,0.643818,0.197681,-0.048011,14.952096,13,explicit_euler_dt1,hbv,success,,27.52,0.566,2.069999331735228,5.7868946303570015,0.0803140318752756,0.1236359363843337,599.8905663255728,5.491332594259037,0.5483898899976334,0.8999994764454899,0.499686102912187,28.340729112831685,1.6336335159059112,0.0010000001006055,1.830084716117606,0.0,0.0,426.5990363524148,0.0,413.6956714212863,cal_final_2008-09-30
02349900,hbv_lite_cma,evaluation,0.601844,0.674607,-0.010019,-0.175065,0.521879,13,explicit_euler_dt1,hbv,success,,26.06,0.7373,1.200001228489524,1.2073458673412711,0.0969229050082416,0.1122304318952803,643.0350675947154,2.8883734642046504,0.3081236498430209,0.68181123427216,0.3007914391511228,19.155184506520413,2.073494914496572,0.0939230439943652,1.990573016119932,0.0,0.0,206.6624874498076,0.0,0.3681199836266851,cal_final_2008-09-30
02350900,hbv_lite_cma,evaluation,0.754439,0.73008,-0.015114,-0.146441,0.692685,13,explicit_euler_dt1,hbv,success,,51.7,0.6793,-0.9439982395449388,8.781291267547408,0.0011624609031471,0.1937069293143409,999.999999994288,1.543332176480766,0.2000000000262423,0.3831364104868828,0.1606491762812249,30.894144679794184,1.8029224996520368,0.0487005879437797,5.553521134860621,0.0,0.0,291.68723404750483,0.0,6.128010781805784,cal_final_2008-09-30
02361000,hbv_lite_cma,evaluation,0.642095,0.583998,0.010132,-0.12722,0.551222,13,explicit_euler_dt1,hbv,success,,52.14,0.6982,1.5700281945442691,4.866726908775301,0.0028597301195202,0.1163610696663654,589.2947165920943,1.5807632030963217,0.200000000177397,0.8999998755075869,0.3362380517180794,35.20050503638982,3.2177432121342275,0.0435496985381435,4.16186387747825,0.0,0.0,216.12979107379223,0.0,10.090731087268118,cal_final_2008-09-30
02363000,hbv_lite_cma,evaluation,0.727082,0.712263,0.121667,-0.055419,6.847655,13,explicit_euler_dt1,hbv,success,,58.32,0.7429,1.790699408448308,5.570815905739815,0.0946865147647208,0.0095390948874168,531.76827755171,2.792436520418564,0.383812284130983,0.4358358252970742,0.2986786385467206,37.17354557466775,1.7274149375645913,0.0010000000170248,6.985549287511232,0.0,0.0,293.9373985697357,0.0,546.6528273665713,cal_final_2008-09-30
02369800,hbv_lite_cma,evaluation,0.624122,0.543847,0.108885,-0.136963,1.392139,13,explicit_euler_dt1,hbv,success,,37.5,0.6267,1.0998571061138875,1.844530387952579,0.0926170485180757,0.0317753855439687,999.9999406151352,3.400690682535781,0.4424337924913648,0.3591160784137938,0.1279724877705984,27.419731831186933,1.9010579020987008,0.0010000000040095,2.9146255201360454,0.0,0.0,658.86047223205,0.0,934.4739673370168,cal_final_2008-09-30
02371500,hbv_lite_cma,evaluation,0.753072,0.735355,0.127663,-0.042158,2.908611,13,explicit_euler_dt1,hbv,success,,71.36,0.75,-2.2240770138414714,4.449554170426525,0.0451530818641946,0.0726311786480752,539.7605608907095,2.3975802219080795,0.3469692905719479,0.2069259663051811,0.2738797862954729,99.7272622204968,0.8829700696673957,0.0010648418438849,8.467290615444986,0.0,0.0,259.09196999103534,0.0,373.1253281062923,cal_final_2008-09-30
02372250,hbv_lite_cma,evaluation,0.689727,0.684353,0.145436,0.01946,0.728128,13,explicit_euler_dt1,hbv,success,,60.68,0.7207,0.1667927834022693,0.5015075844325637,0.0585684866064533,0.1952881405809671,517.5555634360553,2.439282306514204,0.200007565565871,0.3844106798953832,0.2261893049030036,33.73780762943564,1.1838558576566962,0.0627771195439366,5.923390050193253,0.0,0.0,240.7609252636044,0.0,2.900354230626325,cal_final_2008-09-30
02374500,hbv_lite_cma,evaluation,0.699326,0.745804,0.203332,0.111074,0.775809,13,explicit_euler_dt1,hbv,success,,32.62,0.6906,-0.2556970639764295,6.691717633750671,0.0945707976703367,0.0282768126085594,618.4731768442601,1.517992161973316,0.2000000000000518,0.4651777589549559,0.1918353880489184,39.52165688195993,1.955258461634632,0.0031314179995908,2.761815120206472,0.0,0.0,220.06006340761263,0.0,259.5779350816811,cal_final_2008-09-30
02381600,hbv_lite_cma,evaluation,0.476798,0.431613,-0.313957,-0.425531,0.012308,13,explicit_euler_dt1,hbv,success,,28.08,0.4773,-0.5600005734135673,5.976370908044785,0.0929875163772535,0.1224120095141459,57.904375564524216,1.29122505782397,0.9999999996660618,0.8999999999930922,0.3233018033615131,24.49206992992455,4.613261393515627,0.0244326677686777,1.1412962137715874,0.0,0.0,12.628906151388971,0.0,30.27445555131976,cal_final_2008-09-30
02384540,hbv_lite_cma,evaluation,0.583707,0.701984,0.059744,-0.173859,2.420145,13,explicit_euler_dt1,hbv,success,,28.33,0.6367,0.4357587211692948,0.5000625279770854,0.098052501212305,0.1932610470497735,81.23004700502212,5.994236353058073,0.2000015914462014,0.563647316116787,0.2211623829890016,34.31032624997356,4.276407859899464,0.0117352584231362,1.9235146332470607,0.0,0.0,13.249869214589594,0.0,42.39312752153797,cal_final_2008-09-30
02395120,hbv_lite_cma,evaluation,0.593298,0.633598,-0.181969,-0.24469,0.529622,13,explicit_euler_dt1,hbv,success,,27.88,0.6793,-1.0716991100736493,7.578842777280639,0.0681053217530262,0.1192040144212796,415.7615793640147,3.494211607629304,0.2000002403131857,0.8326952109281088,0.1557104386832986,17.62721503782357,1.382407375211831,0.0010000010125352,1.0653130062688412,0.0,0.0,110.25561524032756,0.0,467.9264106472445,cal_final_2008-09-30
02415000,hbv_lite_cma,evaluation,0.721794,0.704374,0.024689,-0.162426,1.289386,13,explicit_euler_dt1,hbv,success,,25.4,0.6933,-0.5600723025660803,9.53532127616238,0.0515725640864352,0.1285170803567167,823.1324424109227,2.327521227190487,0.5660713029698237,0.467263708918899,0.2149729212351729,10.197811897128432,3.051027214588291,0.0521659767528259,1.3978773422244175,0.0,0.0,426.27875368435406,0.0,6.196749702469788,cal_final_2008-09-30
02427250,hbv_lite_cma,evaluation,0.695815,0.653463,0.288716,0.039591,3.797794,13,explicit_euler_dt1,hbv,success,,35.82,0.6774,-2.0989930885914614,9.996948273965875,0.0590076227402391,0.1331244786236243,367.1814196123133,2.4797673226530224,0.2000222735677748,0.5514598709544319,0.098370452239971,7.838363779262305,1.3992073854039944,0.0010000001113542,2.0679576527073644,0.0,0.0,186.4018989205214,0.0,587.1915599277977,cal_final_2008-09-30
02430085,hbv_lite_cma,evaluation,0.611913,0.751812,-0.085811,-0.22291,0.930788,13,explicit_euler_dt1,hbv,success,,27.91,0.7218,0.3834397935237419,7.105291756893229,0.0132694663822326,0.1456133134994459,587.9839835534614,1.0774275612663826,0.2000000145654821,0.6847076456509497,0.1982719177902373,10.583108179555731,2.113321711223249,0.0630244798440823,1.9995287782762488,0.0,0.0,89.48158496097109,0.0,4.284271905683398,cal_final_2008-09-30
02450250,hbv_lite_cma,evaluation,0.701832,0.765429,0.127986,-0.020257,2.723762,13,explicit_euler_dt1,hbv,success,,28.04,0.744,1.429353561319029,2.643252258515832,0.0168670224511332,0.1999898221136652,307.20152604894065,5.999999972192536,0.200026053810425,0.8630224569595103,0.2969517979123889,17.337361045614305,1.3505988670915643,0.0229671270507461,1.3989305406157728,0.0,0.0,97.47274470546948,0.0,2.994980414977785,cal_final_2008-09-30
02464000,hbv_lite_cma,evaluation,0.777612,0.842565,0.036664,-0.056154,0.052279,13,explicit_euler_dt1,hbv,success,,35.49,0.6745,-1.769786132119165,8.64386308350653,0.0394801891011941,0.0782150697340137,464.6071878658105,5.485382764159864,0.5040979262178322,0.4604976043564969,0.226625460118599,8.801736416742074,1.164182752495819,0.1476398279346918,2.5330845102585533,0.0,0.0,210.2344099266344,0.0,0.0668373704272937,cal_final_2008-09-30
02464360,hbv_lite_cma,evaluation,0.684008,0.809163,0.050842,-0.056197,0.079211,13,explicit_euler_dt1,hbv,success,,26.62,0.5784,0.0932314462555838,8.461357499378757,0.0835729807930496,0.0186479535142317,808.2388872906937,4.097984549484687,0.7628795982201095,0.899999999794441,0.442388076543881,35.06756873351967,3.4006868789403484,0.0738776027640409,1.0144544180765014,0.0,0.0,473.13912330488085,0.0,1.8395314565909129,cal_final_2008-09-30
02465493,hbv_lite_cma,evaluation,0.664671,0.660273,0.185437,-0.039574,1.172193,13,explicit_euler_dt1,hbv,success,,31.38,0.5855,0.948927349299486,6.653258387567394,0.0972837756762837,0.191344150888961,674.482630681397,1.3804320207175946,0.2000000000953044,0.8999999998718353,0.1837329947296911,32.224010723979745,2.364155038901301,0.0010000000000172,1.0063198190030584,0.0,0.0,145.88981689501313,0.0,778.7875162719824,cal_final_2008-09-30
02469800,hbv_lite_cma,evaluation,0.707735,0.779617,0.108844,-0.012795,0.456159,13,explicit_euler_dt1,hbv,success,,33.74,0.7113,-1.7729922034721572,5.188237740739586,0.0168035674946812,0.1998858272737108,499.4848878049263,3.356755777968331,0.3762084582190125,0.8999999999953047,0.4061817797593688,48.94726332489519,2.4253665102682893,0.1353181847018424,2.904595575550643,0.0,0.0,243.0017093100083,0.0,0.3120421891577608,cal_final_2008-09-30
02472000,hbv_lite_cma,evaluation,0.729081,0.707063,0.176348,-0.024161,2.40421,13,explicit_euler_dt1,hbv,success,,51.05,0.7514,1.3268403589405704,0.500288939353391,0.0482708637407528,0.0546851864279674,612.5526095929201,5.770011747977571,0.7636630629404755,0.223601365846379,0.1681981736963009,5.771089958607312,1.0868440638335124,0.0010000000475249,4.889386755671141,0.0,0.0,495.74862391089744,0.0,501.086154763738,cal_final_2008-09-30
02472500,hbv_lite_cma,evaluation,0.691091,0.683648,0.164223,0.007189,0.851316,13,explicit_euler_dt1,hbv,success,,51.75,0.752,2.380829863783396,0.9138255866931322,0.0597258397688801,2.555701144920756e-06,441.2153094754996,2.282764543059624,0.2576337077994262,0.7172358485264289,0.4603556027122325,66.17889720646495,3.09707835000126,0.001000000017472,4.585822703941135,0.0,0.0,231.66507843497965,0.0,762.0573854918069,cal_final_2008-09-30
02479155,hbv_lite_cma,evaluation,0.60615,0.529955,0.263536,-0.139749,5.102819,13,explicit_euler_dt1,hbv,success,,27.59,0.6192,-0.3153586187928825,4.559456541492194,0.0847338475980601,0.0483994371111738,999.9999999069694,5.971115347455315,0.9578259846372013,0.7168209358559906,0.2386777073626109,23.86264514149426,2.383320605457334,0.001000000004933,1.690095967426451,0.0,0.0,845.39775945949,0.0,1058.2110690276686,cal_final_2008-09-30
02479300,hbv_lite_cma,evaluation,0.718373,0.746081,0.090713,-0.088496,1.262897,13,explicit_euler_dt1,hbv,success,,57.31,0.7389,-0.8256884102395865,8.693139528273662,0.0150320224581867,0.1863345696290695,466.4179102301018,1.638474731003711,0.2000000000514236,0.2196104319464028,0.155416290079039,8.596568872966218,1.3620170219963434,0.0010000000002987,4.627587215054014,0.0,0.0,230.1708185840263,0.0,790.1771488818956,cal_final_2008-09-30
02479560,hbv_lite_cma,evaluation,0.814728,0.791091,0.107346,-0.059873,1.899753,13,explicit_euler_dt1,hbv,success,,65.85,0.8183,-2.4034317213528507,1.299193850308329,0.0680812194980881,0.1646737486501696,625.3504400315046,3.381421086391936,0.706203640564325,0.2648237587210126,0.4473313938791929,95.01021155339546,1.944391160808523,0.001,7.771060922366585,0.0,0.0,446.51474521214095,0.0,808.5880817616274,cal_final_2008-09-30
02481000,hbv_lite_cma,evaluation,0.739363,0.689259,0.272763,0.029801,9.684222,13,explicit_euler_dt1,hbv,success,,26.19,0.7836,-0.6137701956074575,5.36961367302463,6.2879577430211135e-06,0.036868523168587,521.4750057858948,5.999999999995403,0.9654275044932404,0.7595421148363452,0.4657747425889011,43.70034680941424,1.89975999746036,0.0010000000000014,1.7638949981735674,0.0,0.0,452.98306554600543,0.0,846.649272432009,cal_final_2008-09-30
02481510,hbv_lite_cma,evaluation,0.701323,0.780689,0.120859,-0.059386,2.945157,13,explicit_euler_dt1,hbv,success,,36.16,0.7635,-2.499887857929089,0.7517118652661916,0.0908297011047396,0.0349374886476579,313.68564006467767,5.990489046457727,0.2000000003367761,0.2451887245904344,0.3104742860501836,17.744728867562824,2.3742748719072764,0.0010000000000017,2.275050687233544,0.0,0.0,258.310574609659,0.0,815.699052069006,cal_final_2008-09-30
03010655,hbv_lite_cma,evaluation,0.600622,0.651957,-0.081802,-0.246289,1.981229,13,explicit_euler_dt1,hbv,success,,39.61,0.7559,-1.0200022105989228,2.710116701712572,0.0999999971006299,0.0846937067793785,435.54800035880993,5.999029884247898,0.9999999638233265,0.56407039655826,0.2018288575355253,10.893117774424478,2.0606975155743967,0.1270245341310703,3.632700914216354,0.0,0.0,349.4885764094081,0.0,4.522802906296024,cal_final_2008-09-30
03011800,hbv_lite_cma,evaluation,0.643781,0.811977,0.038332,-0.058266,1.346521,13,explicit_euler_dt1,hbv,success,,29.13,0.7272,-1.6400018120891329,1.858961627284142,0.099999988184438,0.1448220170661996,292.8402223754489,3.778355104091044,0.9999999835700016,0.706806154649389,0.3170697973416409,21.44916547628977,3.8999292078358354,0.1501627528856323,1.828564116123232,0.0,0.0,206.79411806602823,0.0,2.374159781876608,cal_final_2008-09-30
03015500,hbv_lite_cma,evaluation,0.709746,0.698619,-0.103179,-0.234503,0.844458,13,explicit_euler_dt1,hbv,success,,35.9,0.7593,-1.0399999959951167,2.6725664485119216,0.0991118977836866,4.5068891401231206e-11,389.3200734513613,4.4617765124915,0.9999999992864655,0.6733218570486449,0.3416906577529092,14.627763563881093,1.535035460554711,0.1123793815025514,2.742338564989052,0.0,0.0,294.30904300005176,0.6931487579346227,3.113744344978151,cal_final_2008-09-30
03021350,hbv_lite_cma,evaluation,0.565633,0.640726,-0.158973,-0.291841,1.851093,13,explicit_euler_dt1,hbv,success,,28.23,0.5787,-0.1899994554749069,3.4489590270006194,0.0228481827915898,0.0289427442454483,323.3738976334578,5.274597911356721,0.9999999917979052,0.4996716984518357,0.4650194766425168,9.119857906108814,0.1590498225559911,0.1637021589067115,1.6503446175287242,0.0,0.0,245.98921051727976,0.9674125695832644,0.4580946804426183,cal_final_2008-09-30
03026500,hbv_lite_cma,evaluation,0.551887,0.722144,0.131888,-0.045277,2.538297,13,explicit_euler_dt1,hbv,success,,28.98,0.7657,-1.690007315025475,2.373544273652009,0.0999982160749645,0.1222710953773204,399.4341677584872,5.275366000253123,0.9999988572776486,0.6582170191452217,0.3216931308877535,19.98270941926959,4.758068344267995,0.1562030284834933,1.0598134136802992,0.0,0.0,299.170427579683,0.0,1.891233561466243,cal_final_2008-09-30
03028000,hbv_lite_cma,evaluation,0.656837,0.711322,-0.041946,-0.204903,1.201059,13,explicit_euler_dt1,hbv,success,,28.49,0.7504,-1.0700000256788242,3.2614198898822337,0.0728483796820849,2.1232885559833515e-10,282.3200622352673,3.35095945154675,0.9999999814326545,0.4631775941004895,0.2292834536857352,18.43386902541314,3.410501014783658,0.1379844575386352,1.3929964436339073,0.0,0.0,191.0644056780192,0.0,2.490016360459782,cal_final_2008-09-30
03049000,hbv_lite_cma,evaluation,0.630631,0.695748,-0.020578,-0.203854,0.965878,13,explicit_euler_dt1,hbv,success,,28.24,0.7888,-2.330000045482308,1.556356688848315,0.0310834876640353,1.1666219867573511e-09,456.0190504090277,5.999999834239583,0.9031117893045248,0.6656299471399687,0.3167811200893473,18.75997045441613,2.541527624139528,0.1616449459520461,1.04631607133447,0.0,0.0,312.30327393123457,0.0,0.9128342368486116,cal_final_2008-09-30
03049800,hbv_lite_cma,evaluation,0.049412,0.417882,0.319657,-0.205884,14.354273,13,explicit_euler_dt1,hbv,success,,27.95,0.7158,-2.359958800763328,1.3496828682440212,0.0795930005230823,2.0124773489421217e-07,288.0693050474459,5.93050511958267,0.9999998386094876,0.8999999750464325,0.4999982684853005,8.652034350816889,2.4953752901946338,0.0010000007124892,1.0022969081704367,0.0,0.0,200.95564357542304,0.0,829.3932081114286,cal_final_2008-09-30
03050000,hbv_lite_cma,evaluation,0.654045,0.647521,-0.036116,-0.205623,2.537672,13,explicit_euler_dt1,hbv,success,,33.08,0.662,-2.069999978672565,3.6124029890747935,0.098910091279072,2.2139474349123724e-10,222.90196762906777,1.505518044040108,0.200000000020152,0.6558813379507298,0.2276884736452221,11.707625245660076,0.0227723308356277,0.1301229938468959,2.5978814388016502,0.0,0.0,37.06983409922694,0.2639238584309969,0.1290905196282496,cal_final_2008-09-30
03069500,hbv_lite_cma,evaluation,0.652063,0.637962,-0.052342,-0.215675,1.784213,13,explicit_euler_dt1,hbv,success,,28.15,0.6705,-1.919999995309901,1.5721400831187269,0.0648180187154306,4.455446944838078e-12,177.57177782248493,2.003450099670435,0.9999999999969544,0.7419098477905375,0.4572079688419714,88.11167140498495,3.090644674746966,0.1999999997244197,1.0756251101637504,0.0,0.0,96.88773778431172,0.0,2.0128096478187407,cal_final_2008-09-30
03070500,hbv_lite_cma,evaluation,0.728416,0.761203,-0.05293,-0.20293,2.352405,13,explicit_euler_dt1,hbv,success,,28.18,0.7227,-2.499810160259712,1.302621582066234,4.775093354534863e-05,7.11212836072836e-05,517.7640420704513,5.999996578321814,0.999994738223562,0.899981924942338,0.2324172897745022,15.085224492216362,0.1209603203688301,0.0042666764828245,1.0032571574728464,0.0,0.0,415.7790523363479,0.4823489563650781,27.12582763732654,cal_final_2008-09-30
03076600,hbv_lite_cma,evaluation,0.55545,0.64431,-0.17879,-0.28624,0.134254,13,explicit_euler_dt1,hbv,success,,28.46,0.7222,-2.1099981815697286,1.6802105034742636,0.0907794146086298,4.950967180700669e-09,197.10189776813348,1.976296538438866,0.2952284700876233,0.5568602778867533,0.2139108787143959,7.360348960305722,1.6671717217978266,0.1822901560153491,1.0908310130842092,0.0,0.0,77.79539994223364,0.0,1.1261709821032375,cal_final_2008-09-30
03078000,hbv_lite_cma,evaluation,0.535905,0.640936,-0.175384,-0.256667,1.192749,13,explicit_euler_dt1,hbv,success,,28.41,0.7055,-1.889999980320752,2.194082798721735,0.0002389194848931,5.033119385939584e-09,375.7716012986374,4.418976809180781,0.9999999997609544,0.4183191069652907,0.2724201148993498,5.985936352558941,1.9151732774103896,0.1895811609142507,1.2168200905521755,0.0,0.0,296.772914643534,0.0,3.6677543349161015,cal_final_2008-09-30
03140000,hbv_lite_cma,evaluation,0.67596,0.682139,-0.051575,-0.184388,0.361334,13,explicit_euler_dt1,hbv,success,,28.23,0.7018,-2.4299985082884628,1.342960268163961,0.0174492415200083,5.101802280262987e-06,296.34660841332885,2.4630499214174724,0.2042362657694891,0.5543621446483343,0.2255380897748581,6.610102081454583,0.937213927239268,0.1235108734658991,1.0670721466731854,0.0,0.0,64.06987413366201,0.0,0.2178854898180388,cal_final_2008-09-30
03144000,hbv_lite_cma,evaluation,0.656753,0.63156,0.062776,-0.138378,1.76555,13,explicit_euler_dt1,hbv,success,,30.95,0.6969,-2.4999912293884425,1.2083872982286663,0.0058607227394557,8.490528557121554e-09,404.5287068492012,5.999999988902247,0.8758724565810925,0.6701190897258815,0.1347476091534871,8.511524470701504,0.5815085201045931,0.0262189599156706,2.769447940123188,0.0,0.0,243.711697182874,0.0,5.121354892589403,cal_final_2008-09-30
03170000,hbv_lite_cma,evaluation,0.579467,0.670195,0.013049,-0.191398,1.014992,13,explicit_euler_dt1,hbv,success,,28.33,0.6924,-1.330004189700142,9.02324096800866,0.000510788339436,0.1436590609506988,623.2026230643634,1.1125963418860614,0.2000002606460958,0.8999997676837656,0.1690718788892567,22.404121441367025,2.004764292128912,0.0022478818666318,1.7795272996952665,0.0,0.0,122.79355812193047,0.0,296.5185496627755,cal_final_2008-09-30
03173000,hbv_lite_cma,evaluation,0.627707,0.649565,-0.025252,-0.1717,-0.065333,13,explicit_euler_dt1,hbv,success,,35.74,0.7158,-1.5999995090278691,2.5037842195170104,0.0804592952923879,1.5123383654649635e-08,627.5605010852695,5.945691813062525,0.8865410832442067,0.4737462559635659,0.1985772472713333,8.983847309182009,1.3098454963708317,0.110924061401471,2.3893846576745625,0.0,0.0,452.4917059911146,0.0,2.4593310696035777,cal_final_2008-09-30
03180500,hbv_lite_cma,evaluation,0.622409,0.641969,-0.004031,-0.183934,2.368786,13,explicit_euler_dt1,hbv,success,,35.27,0.7437,-2.42999886831543,1.4412513908243931,0.0581481829162799,9.328276156937122e-09,182.1905408007977,1.098295809883205,0.2000000346993704,0.5939546920345816,0.2247404805362021,12.019913040963232,0.7511678434175578,0.1178126403251455,2.166741371794257,0.0,0.0,31.01629673905374,0.0,1.4959803206909357,cal_final_2008-09-30
03182500,hbv_lite_cma,evaluation,0.645004,0.661493,-0.011811,-0.185959,1.469951,13,explicit_euler_dt1,hbv,success,,35.59,0.7185,-2.426843449726749,1.3485009923389106,0.02577917749949,6.395305542518148e-13,187.54003701907865,1.2294921381508606,0.2000196994575842,0.6709507021557771,0.2217541314744852,12.8187720138389,0.3441059936577416,0.0549973826743586,2.47478743036889,0.0,0.0,37.495718987436,0.0,3.0187861047952054,cal_final_2008-09-30
03186500,hbv_lite_cma,evaluation,0.598621,0.665609,-0.137636,-0.26697,2.637565,13,explicit_euler_dt1,hbv,success,,28.2,0.6836,-2.5,0.8877740656186401,0.0070465328668284,3.080359399152069e-11,129.43491670648655,3.602188379044791,0.9999999999924348,0.8999999995671455,0.4064842713654552,15.388587827401285,2.2764980143459,0.1999999914308888,1.1369206278105437,0.0,0.0,90.50007173333222,0.0,2.033225531670108,cal_final_2008-09-30
03237280,hbv_lite_cma,evaluation,0.421817,0.597229,0.089647,-0.221946,42.612911,13,explicit_euler_dt1,hbv,success,,28.32,0.5712,-1.7599954807079523,9.999999075535609,0.0137706214980598,0.1999994139796717,600.2149179517806,5.999972096965727,0.9999999791025718,0.8999999558305685,0.1841448826436687,11.910844637287026,0.0012046479195619,0.0439677264396104,1.9945241455723488,0.0,0.0,377.0514858605064,0.185098806272144,0.0261938103840872,cal_final_2008-09-30
03237500,hbv_lite_cma,evaluation,0.64169,0.60539,0.093482,-0.208039,14.420525,13,explicit_euler_dt1,hbv,success,,28.07,0.5656,-2.409999245224297,9.999999754264003,0.0721265402391878,6.312033240447979e-08,556.5873600613261,5.999982155915574,0.9154666139634356,0.6153943969278111,0.2513700603869802,7.267331603979218,0.5195515855693051,0.0619279853943207,1.0597667408765303,0.0,0.0,351.8467450950214,0.0,1.295268659464537,cal_final_2008-09-30
03238500,hbv_lite_cma,evaluation,0.578329,0.589744,0.15539,-0.197859,27.303273,13,explicit_euler_dt1,hbv,success,,28.18,0.5723,-2.290000003729445,4.375260041184456,0.089741143113521,6.71979224084368e-07,322.14048173553334,5.999994518638232,0.9999999994616348,0.606720226044141,0.3785615861817138,6.350765890275745,0.5129327604519027,0.0010000000598208,1.2994776477331536,0.0,0.0,185.8823932552207,0.0,304.3921058765215,cal_final_2008-09-30
03241500,hbv_lite_cma,evaluation,0.769383,0.76981,0.127429,-0.075761,1.520119,13,explicit_euler_dt1,hbv,success,,28.5,0.7619,-2.499999937996175,2.0296891909231225,0.0882309624813595,3.131989996379023e-09,633.8293894303451,5.999999015899494,0.9414986589309876,0.593229444522307,0.1898644090829046,8.881122201176222,0.8142028937155323,0.0995763773096249,1.4100333658432378,0.0,0.0,419.5417203520636,0.0,0.6932863836932909,cal_final_2008-09-30
03280700,hbv_lite_cma,evaluation,0.417775,0.651919,0.164373,0.004648,0.943905,13,explicit_euler_dt1,hbv,success,,28.11,0.6315,-0.960281949977537,0.5833352162660382,0.070737499946462,0.1999206051781026,412.062026493624,5.999999565016879,0.2000000214671975,0.7660018463847398,0.3209138305154104,11.222118952634904,0.7781758857994348,0.1126451133662635,1.2767748220940274,0.0,0.0,181.22119695053243,0.0,0.1079780962777504,cal_final_2008-09-30
03281500,hbv_lite_cma,evaluation,0.634778,0.729546,0.046969,-0.112757,0.594172,13,explicit_euler_dt1,hbv,success,,36.33,0.7398,-0.8499964544546488,1.878244163353857,0.0197904745775591,8.868813312583398e-08,312.9072228679472,3.648101222293792,0.2000000141674678,0.4276861953411183,0.212168217227352,10.62449243059105,0.0001072028590247,0.0454523075028073,2.9518314209874448,0.0,0.0,32.06046311721901,0.0004723461571927,0.0022513760357049,cal_final_2008-09-30
03285000,hbv_lite_cma,evaluation,0.573527,0.597891,0.047434,-0.212865,7.438669,13,explicit_euler_dt1,hbv,success,,28.18,0.7114,-2.114758370670926,3.1375338448269496,0.0061357399039132,6.753789153779966e-08,532.0821630099729,5.999999994327709,0.951254569391522,0.7563641792220646,0.2059447711857726,12.391614594652069,0.0290560630039636,0.1694197576549077,1.0393493985479385,0.0,0.0,295.16433950413733,0.072293775741941,0.0592558624534051,cal_final_2008-09-30
03291780,hbv_lite_cma,evaluation,0.598343,0.554447,0.150561,-0.206661,156.834805,13,explicit_euler_dt1,hbv,success,,28.13,0.5926,-2.4726239201537794,1.8188732238818195,0.0816547493152536,0.0946765563467992,572.0907263299908,5.404736406069319,0.9999997354356563,0.8999999969159851,0.4999999985037386,1.945206599117168,1.4891602507250097,0.0010000000309879,1.1766459359889718,0.0,0.0,411.4833345280608,0.0,690.2955269798579,cal_final_2008-09-30
03338780,hbv_lite_cma,evaluation,0.667606,0.605684,0.070004,-0.236084,3.695691,13,explicit_euler_dt1,hbv,success,,33.43,0.7118,-1.1297863533628043,1.678112492208525,1.5360660115655374e-05,0.1215136147260409,225.59332094267464,5.999886126446663,0.9375923319213546,0.899848704908707,0.3959907271259466,25.928330850877025,2.821034372787172,0.0586974957092725,2.007360832176247,0.0,0.0,188.57341008157132,0.0,10.622216494793562,cal_final_2008-09-30
03340800,hbv_lite_cma,evaluation,0.679205,0.748554,0.108066,-0.034469,3.447475,13,explicit_euler_dt1,hbv,success,,28.03,0.6923,-1.2099977586736934,5.082690831772218,0.000113285579603,4.790629572945113e-07,175.58813760594387,5.999999515267184,0.2000005949741495,0.529621500429916,0.2113939625866273,11.971590972238502,0.9354882172650616,0.0159294937827361,1.0089621457894318,0.0,0.0,44.12940761153491,0.0,16.34566139989199,cal_final_2008-09-30
03346000,hbv_lite_cma,evaluation,0.673624,0.681141,0.065565,-0.159955,22.979295,13,explicit_euler_dt1,hbv,success,,35.78,0.6827,-0.7300050750203215,2.70381050581857,0.0373147835107558,0.0757495156128036,246.93771813135712,5.999996855816484,0.2000008204441312,0.8999999789948852,0.4717586226011979,34.91689460703516,0.7681306495973259,0.0010000014445121,2.464481874440976,0.0,0.0,151.72390526285662,0.0,301.2094296532874,cal_final_2008-09-30
03364500,hbv_lite_cma,evaluation,0.644345,0.708311,0.041319,-0.106435,7.513215,13,explicit_euler_dt1,hbv,success,,28.28,0.6508,-2.49981653473335,0.93184434831676,0.0850534292685302,8.283711435855077e-08,192.28151749458425,5.999999917485281,0.2000000067599934,0.7245369139749237,0.2950506242214069,19.61281005053841,0.8278652752803228,0.0179938203055288,1.9698297992740184,0.0,0.0,30.14616574479951,0.0,12.265276484648684,cal_final_2008-09-30
03366500,hbv_lite_cma,evaluation,0.666252,0.662191,0.012106,-0.179778,4.170855,13,explicit_euler_dt1,hbv,success,,28.16,0.7076,-2.330003637347402,2.0344970042545025,0.0694343316662272,1.2930139480755993e-08,389.7508307989397,5.999825214730199,0.200002040734253,0.8999999967005754,0.3702782342268,8.02275088758099,0.8150866763630373,0.1040358046091166,1.971722735914189,0.0,0.0,199.3293778312391,0.0,0.2404863036752623,cal_final_2008-09-30
03368000,hbv_lite_cma,evaluation,0.505882,0.496534,-0.031362,-0.245789,22.102762,13,explicit_euler_dt1,hbv,success,,27.97,0.5552,-0.3099995201279242,6.799519881884416,0.0991801300532182,1.4304926675954044e-09,395.6143399223099,5.64137210275237,0.4163434867443949,0.8999999937744371,0.4999999996964862,1.0200132571487012e-05,0.7963722709291898,0.0408806897211918,1.291983631114329,0.0,0.0,204.87943909807612,0.0,2.1182810261545133,cal_final_2008-09-30
03384450,hbv_lite_cma,evaluation,0.60542,0.653742,0.078352,-0.142362,8.417109,13,explicit_euler_dt1,hbv,success,,28.12,0.6722,-1.1800185384457638,4.408720263777648,0.0550801597078271,4.6791242117658674e-07,254.6456578388801,3.889423223221133,0.2000004354620816,0.8999999939593452,0.499999995798444,3.817900439577115,2.632938820993304,0.1404528343706122,1.9052635642647864,0.0,0.0,57.93469067871313,0.0,0.0384075606468115,cal_final_2008-09-30
03439000,hbv_lite_cma,evaluation,0.764348,0.791912,0.075278,-0.078328,0.494852,13,explicit_euler_dt1,hbv,success,,28.07,0.667,-2.496736461618286,8.638798347274438,0.0441137863255262,0.0313119360679611,458.58093675415273,1.079610039086216,0.2000892484597602,0.8279848522381856,0.132736454162376,67.71435811975789,7.003808137494128,0.0165312215665637,1.8731115081115235,0.0,0.0,165.44200336715323,0.0,66.87019988934517,cal_final_2008-09-30
03455500,hbv_lite_cma,evaluation,0.564506,0.676651,0.136433,-0.148113,1.567956,13,explicit_euler_dt1,hbv,success,,28.1,0.6967,-2.109660543214652,0.8932545755325598,0.0292330004000201,4.7500892520686216e-06,149.4244228042553,5.7294781322022015,0.348022743066354,0.899988573534428,0.2078175996088464,85.65253540283541,9.999932995153191,0.0096439436805934,1.9950066204384915,0.0,0.0,106.79682310312432,0.0,133.50596906750266,cal_final_2008-09-30
03456500,hbv_lite_cma,evaluation,0.573017,0.736945,0.158024,-0.121989,2.430036,13,explicit_euler_dt1,hbv,success,,28.13,0.6901,-2.4999999060163574,9.999999940191838,0.0005222064779383,1.7869218079465694e-07,245.06873211443744,5.999999629473044,0.2740689039126756,0.8974711839601855,0.1682665553288466,63.47661755893691,5.790129832627024,0.0010000000000992,1.8272761161359472,0.0,0.0,197.29511899380333,0.0,1994.00510989462,cal_final_2008-09-30
03460000,hbv_lite_cma,evaluation,0.721373,0.848927,0.063222,-0.032963,0.090984,13,explicit_euler_dt1,hbv,success,,28.35,0.7588,-2.270040471610637,0.6395747378109835,0.0798754436132654,3.7922168654835495e-09,374.187157094129,1.9415094013207248,0.2000001059907532,0.8999999967296449,0.1905630904712561,24.76164009763161,4.7239398939574215,0.0573901888769299,1.9471413722439173,0.0,0.0,139.24589834355496,0.0,5.448770966407199,cal_final_2008-09-30
03463300,hbv_lite_cma,evaluation,0.721884,0.805964,-0.061966,-0.15858,0.349413,13,explicit_euler_dt1,hbv,success,,28.12,0.7845,-2.319999549376808,8.029331012319993,0.0693332664200497,0.0967804832987365,115.17717734607304,1.2950307394840377,0.99999997277497,0.8999999988420403,0.1629905107675147,26.38947459691901,3.767754983275747,0.0517128052198822,1.9990773033224776,0.0,0.0,93.16616350015332,7.11009348308524,37.30931019496126,cal_final_2008-09-30
03471500,hbv_lite_cma,evaluation,0.586228,0.73301,0.077904,-0.095774,0.250984,13,explicit_euler_dt1,hbv,success,,35.71,0.6501,-2.2300002526672835,0.5576178864247249,0.012202395774311,9.31255748169691e-08,668.3348602530759,4.7676408640599375,0.9292428160104382,0.850827475464613,0.1598764422340902,16.292501208285653,1.7572716181998156,0.0493048347012267,2.229977992099106,0.0,0.0,502.6645861741191,0.0,11.96339808373804,cal_final_2008-09-30
03473000,hbv_lite_cma,evaluation,0.681269,0.826875,0.065657,-0.04872,0.177853,13,explicit_euler_dt1,hbv,success,,36.32,0.7319,-1.787453351936089,1.370918533516034,0.0810243113127735,1.0145335990662092e-06,638.0269977923706,5.594574047010795,0.9524874262331278,0.7619480749109131,0.1924160536963268,17.01504347929614,1.85782575970323,0.0669224638019978,2.940685639544413,0.0,0.0,482.6521415168948,0.0,6.782440931713646,cal_final_2008-09-30
03479000,hbv_lite_cma,evaluation,0.700896,0.720903,0.117583,-0.07256,0.670276,13,explicit_euler_dt1,hbv,success,,27.94,0.7078,-1.4188721699011395,0.5215864050501536,0.0455220265613284,0.1999054949429397,592.4346189795732,5.986730138222967,0.7476695224869414,0.8999996235899554,0.1928981781952941,33.340189585467925,3.1191842947162507,0.0250094206531754,1.9066574117387831,0.0,0.0,525.1176512714724,0.3831175593912065,45.99283418884176,cal_final_2008-09-30
03488000,hbv_lite_cma,evaluation,0.553069,0.716236,-0.107672,-0.215783,0.450209,13,explicit_euler_dt1,hbv,success,,30.6,0.6373,-0.8199996426984588,4.586243075909622,0.0986749262913681,2.438002442248907e-10,192.0252114283203,5.999998549311988,0.2000000600629812,0.7612314456013877,0.2244434090315323,14.60278141040044,1.466914496031032,0.0141766664956133,2.3535907802377007,0.0,0.0,64.88451321173272,0.0,9.448691913265586,cal_final_2008-09-30
03498500,hbv_lite_cma,evaluation,0.754247,0.841986,0.08849,0.0061,0.072562,13,explicit_euler_dt1,hbv,success,,28.03,0.8041,-2.489663451668345,5.791289756737894,0.0090111468667287,0.1883296516924538,279.86376694338765,2.1174989510032645,0.2000000065779656,0.8999999980061356,0.2508388548788475,17.989784870210485,2.0263941307635025,0.0862374451328698,1.4686429415297353,0.0,0.0,68.1638068393835,0.0,1.0978018591139118,cal_final_2008-09-30
03500000,hbv_lite_cma,evaluation,0.708898,0.762417,0.208716,0.066443,0.517766,13,explicit_euler_dt1,hbv,success,,29.27,0.7016,-1.4800232398360504,9.011821106981866,0.0584735484987057,0.0510149406355349,999.9999084863966,2.87353168381285,0.2727239932164071,0.5051232125731372,0.1336847570196322,49.260176712092594,6.874715235547905,0.0281531961951699,1.9581193729212203,0.0,0.0,641.0233199959331,0.0,29.42330685939748,cal_final_2008-09-30
03500240,hbv_lite_cma,evaluation,0.663786,0.744998,0.210211,0.030296,0.689514,13,explicit_euler_dt1,hbv,success,,28.87,0.5907,-2.498879722676252,8.57970868431257,0.0195337471749615,0.0149403614017509,999.9983377232564,1.6569311294537985,0.2881721870981443,0.4003894975163976,0.1135784205726104,23.956464932750485,5.031269769360909,0.0307796564074608,1.850204514739576,0.0,0.0,492.07580517367774,0.0,28.096575359091773,cal_final_2008-09-30
03504000,hbv_lite_cma,evaluation,0.746632,0.856208,0.037877,-0.012245,0.159863,13,explicit_euler_dt1,hbv,success,,29.18,0.7673,-2.489999040035753,9.999996572935236,0.0713229551131041,1.285534383467595e-07,583.6456935601221,1.4035891451105706,0.3450189699514828,0.8999999999886362,0.1810676568462729,69.97843707483493,8.595436487323962,0.0428642219947426,1.5210679476641529,0.0,0.0,243.7917597298068,0.0,16.77782858350495,cal_final_2008-09-30
03574500,hbv_lite_cma,evaluation,0.658968,0.656029,-0.093003,-0.161043,-0.439695,13,explicit_euler_dt1,hbv,success,,43.11,0.7304,1.1189338216720328,0.5941483930507985,0.060252543780718,0.1999818760981732,260.47841953993964,5.999991749779828,0.2000033806455501,0.4663985656230287,0.2330971247571558,5.443762765237532,1.030412774455871,0.1393798198515196,3.999093921984809,0.0,0.0,67.0907413708716,0.0,0.0087281561972557,cal_final_2008-09-30
03592718,hbv_lite_cma,evaluation,0.437531,0.491544,0.439758,0.075267,4.536041,13,explicit_euler_dt1,hbv,success,,28.1,0.6729,-0.5801057339748126,8.568014710846969,0.0212361657859547,0.1529160736192821,790.161928398517,3.815502002366368,0.891192790434616,0.8176375657381543,0.1588840269904001,15.43574459007144,2.03439663886479,0.0010000000729099,1.965764278865254,0.0,0.0,542.7192467817276,0.0,929.2517897823968,cal_final_2008-09-30
03604000,hbv_lite_cma,evaluation,0.630263,0.639856,0.102383,-0.138096,1.38436,13,explicit_euler_dt1,hbv,success,,30.73,0.7208,-0.0997478965369791,9.996188266125756,0.0440481405029626,0.0088670512570552,203.7636119725774,5.9999853409070845,0.2000145180112301,0.5410949019969821,0.1966768853846334,30.660092342622104,4.275678932372903,0.0010000610643674,1.5027486622454496,0.0,0.0,16.069503490773887,0.0,1097.4615070751208,cal_final_2008-09-30
04015330,hbv_lite_cma,evaluation,0.579662,0.687124,0.017674,-0.191266,2.05813,13,explicit_euler_dt1,hbv,success,,28.52,0.7363,-0.1199997532126686,3.1388444864628395,0.050898925802142,0.1392313053226337,444.8334239480428,5.35886166273327,0.9999999970574972,0.5679878647572976,0.4026821877426531,9.411073994709129e-08,2.6890894644880605,0.1999999744925695,1.9151333009691016,0.0,0.0,387.702276944915,0.0,6.744826003019878,cal_final_2008-09-30
04024430,hbv_lite_cma,evaluation,0.635028,0.70088,-0.118436,-0.223901,-0.196436,13,explicit_euler_dt1,hbv,success,,36.76,0.7517,-0.0899975544820144,2.5898217577586924,0.0247989515297706,0.1802542353730588,462.784727091839,5.4763797613770295,0.8662332203609362,0.6610531951142362,0.4087778292143149,38.64405244164611,4.0271530982543,0.1851804528011011,2.78037833546248,0.0,0.0,391.1424827941028,0.0,7.34565429704088,cal_final_2008-09-30
04027000,hbv_lite_cma,evaluation,0.681457,0.804271,-0.052566,-0.126881,0.033448,13,explicit_euler_dt1,hbv,success,,37.24,0.7855,0.3200005157287138,4.014017133396189,4.08961209942072e-13,3.70921051320827e-07,482.79909456003776,3.877982572521929,0.7082401859886145,0.8999875663126865,0.3495187524133194,44.25263965542157,2.664637308932424,0.1180220374808849,2.447967596431501,0.0,0.0,320.1959146677734,0.0,5.088945944135141,cal_final_2008-09-30
04040500,hbv_lite_cma,evaluation,0.468445,0.447023,-0.28772,-0.436325,0.392227,13,explicit_euler_dt1,hbv,success,,42.6,0.8107,-1.269999676213243,1.857307391769471,0.0474573876172961,2.0047087589909826e-15,743.9040560376739,5.999993788847934,0.9691186209133488,0.8999991800350233,0.2280396082234886,30.27281847937339,5.010247024452902,0.1583702300720864,1.5333391641120548,0.0,0.0,620.1652296871924,0.0,5.438444874444444,cal_final_2008-09-30
04043050,hbv_lite_cma,evaluation,-0.369552,0.416262,-0.09497,-0.021138,0.168698,13,explicit_euler_dt1,hbv,success,,29.13,0.546,1.660006640488466,2.224919759255955,0.0999940688119594,0.1999999857378107,206.6524166228768,1.5356284506408922,0.9999998701927236,0.3625523360385512,0.2353280151827487,11.215613255642086,5.632695137543008e-06,0.1481131812035131,1.4063952183500497,0.0,0.0,114.56904663806247,3.5440896521908503,3.239697306465616e-05,cal_final_2008-09-30
04045500,hbv_lite_cma,evaluation,0.712183,0.696824,-0.20404,-0.227189,-0.251271,13,explicit_euler_dt1,hbv,success,,75.94,0.8474,-1.5200000451755242,1.5544212572427372,0.0073263875616329,2.321615926518765e-11,256.7477136040668,2.1879403197901333,0.597204069487224,0.6739298926032449,0.1584943197624556,91.27030793059907,6.942566787026499,0.0722055339527186,8.754987965816724,0.0,0.0,135.71432208704437,0.0,5.992933425250073,cal_final_2008-09-30
04057510,hbv_lite_cma,evaluation,0.643017,0.604999,-0.192188,-0.349382,0.429514,13,explicit_euler_dt1,hbv,success,,34.18,0.8127,-0.3099998252352693,3.398349260377019,0.0363315940215805,0.0758355239228829,509.3944693929941,1.0000188111770518,0.2000752905293339,0.0536801125529529,0.0871214367302641,89.00679421880541,0.8163858064248636,0.0048833010583052,1.0002006861552168,0.0,0.0,107.14312010042656,0.0447722617128312,98.06727098994504,cal_final_2008-09-30
04057800,hbv_lite_cma,evaluation,0.486839,0.451854,-0.29051,-0.435265,0.247111,13,explicit_euler_dt1,hbv,success,,47.88,0.8021,-1.1496509761036615,3.2195907807539466,0.0097193357990578,0.0275576890951239,511.782562937013,2.6852464128670395,0.6804260131988445,0.5192807921600918,0.1370940029364636,54.04489975646764,1.6755993452900664,0.0384576665408386,3.021401764842863,0.0,0.0,282.7061760959029,0.0,8.298115398819114,cal_final_2008-09-30
04059500,hbv_lite_cma,evaluation,0.782538,0.763681,-0.153594,-0.224301,0.2091,13,explicit_euler_dt1,hbv,success,,40.6,0.8592,-0.6299999613592844,3.139125581102759,0.0635029313125595,4.6462447006143e-09,420.44464591167855,3.261336521925233,0.2000002605531629,0.0943992604165662,0.093214211859505,81.94369487805876,4.099633279724207,0.1140718596003447,2.801483349922936,0.0,0.0,165.86562740599473,0.0,0.4780853848912377,cal_final_2008-09-30
04063700,hbv_lite_cma,evaluation,0.658757,0.608322,-0.258947,-0.320788,0.154337,13,explicit_euler_dt1,hbv,success,,88.24,0.867,0.1401073874766343,2.548660051117,0.0097421767097184,0.0585062991937175,400.98610704363983,2.5366912582097543,0.2982890558623679,0.1143043208718859,0.1611738960444521,22.27316109257943,0.5859007736206269,0.0024777862576251,9.85223717680241,0.0,0.0,131.4082304970262,0.0,94.00881898473422,cal_final_2008-09-30
04074950,hbv_lite_cma,evaluation,0.704476,0.812865,-0.1406,-0.115419,-0.010262,13,explicit_euler_dt1,hbv,success,,57.84,0.8424,-1.8299792983858405,1.3194231601274182,0.0035938735849122,0.1967943976928575,361.2694080620955,1.8632413340939176,0.5335398881352009,0.632126524045732,0.0609626859078199,49.99188399954704,1.059663616742172,0.003218126677576,4.586976937954736,0.0,0.0,134.51208164335844,0.0,150.6927713060046,cal_final_2008-09-30
04105700,hbv_lite_cma,evaluation,0.473064,0.751036,-0.117193,-0.14165,0.171715,13,explicit_euler_dt1,hbv,success,,31.62,0.6149,-1.3399999359443695,1.5077413580168344,0.0468852534207133,2.8300669867961477e-08,404.3999540021151,1.5840370764243437,0.4876977573853941,0.1649594486755631,0.0804075354860231,34.72850039548018,2.003522106763111,0.0023503128051347,1.0171915708225128,0.0,0.0,266.8629339608775,2.732450676854693,346.2039855604344,cal_final_2008-09-30
04115265,hbv_lite_cma,evaluation,0.502478,0.637619,-0.097977,-0.198811,0.347214,13,explicit_euler_dt1,hbv,success,,29.1,0.6024,-0.8700000175152158,3.279681100706352,0.0850455530522071,1.2951431439139146e-08,668.6983152663581,1.260648301217359,0.3432141539475007,0.8975734537353166,0.1585943460986792,99.98017847084016,1.5486293758397165,0.003294304088166,1.5701277129711255,0.0,0.0,237.6725210043556,0.0,177.55944514730731,cal_final_2008-09-30
04122200,hbv_lite_cma,evaluation,0.44119,0.570097,-0.128843,-0.271204,0.209302,13,explicit_euler_dt1,hbv,success,,72.3,0.6891,-1.9399883348332223,2.033713669974171,0.0560159024012424,2.011159008409301e-06,329.2753512562444,1.0001620612413782,0.2860152587956653,0.0810090834571532,0.0839736234022366,27.90068679726486,2.307635511590784,0.0039268667120252,4.320425100821609,0.0,0.0,92.65339972655065,0.0,197.9530569093612,cal_final_2008-09-30
04122500,hbv_lite_cma,evaluation,0.544001,0.670591,-0.044285,-0.165701,0.26044,13,explicit_euler_dt1,hbv,success,,61.24,0.6388,-0.9699124013087967,3.845302952528322,0.0039707861904339,7.515247889215325e-08,287.536952593261,1.6664722610170966,0.6385694437644777,0.2023581747419776,0.0488000862733359,99.994483595776,2.1751256179800165,0.0031234317375307,4.3143514737432325,0.0,0.0,138.1112276472842,0.0,258.14892961919475,cal_final_2008-09-30
04127918,hbv_lite_cma,evaluation,0.47865,0.514409,-0.258041,-0.358642,-0.228989,13,explicit_euler_dt1,hbv,success,,31.72,0.7143,-1.6290693139135446,1.3536641999071763,0.0006165208015733,0.0590795067348206,432.3176734424194,1.164608865028296,0.2000019597267594,0.2258149565006451,0.2847059380527597,38.82425716019685,2.9265993015556715,0.0791924347590213,1.996841450046285,0.0,0.0,119.155217058446,0.0,5.2396164195055865,cal_final_2008-09-30
04127997,hbv_lite_cma,evaluation,0.304302,0.652324,-0.133827,-0.232892,0.013834,13,explicit_euler_dt1,hbv,success,,43.36,0.3872,-2.420001116703928,0.9446847130397966,0.0969901927569074,1.8369861069068067e-11,796.6950204328149,1.0000000026372406,0.509032260658379,0.3151917301011944,0.1304887705612612,77.78710107415912,3.2763780157113604,0.0041916390597047,1.5209309346911497,0.0,0.0,278.8606265158928,0.0,229.4385037349172,cal_final_2008-09-30
04161580,hbv_lite_cma,evaluation,0.475722,0.564306,-0.234984,-0.332643,0.341673,13,explicit_euler_dt1,hbv,success,,48.5,0.6053,-1.6099999864517711,2.6545914646269195,0.0994432890189111,5.986467125475691e-11,537.6746272441458,1.9609557576007948,0.2473785625445126,0.3662411168554945,0.2316774469063456,61.00014926330311,1.949433771829016,0.0889015568171069,3.447107372060212,0.0,0.0,239.12051884142207,0.0,3.42295809433544,cal_final_2008-09-30
04185000,hbv_lite_cma,evaluation,0.789873,0.729356,-0.044742,-0.225838,0.989165,13,explicit_euler_dt1,hbv,success,,58.15,0.8191,-0.4625467251478437,8.684866717263587,0.0516330953989431,0.1999999999711424,448.9348824956217,5.367312520154243,0.8784930615726154,0.5473364126855503,0.24496364904001,76.76147699917819,0.5797037887304196,0.1344472950818927,5.732149135210856,0.0,0.0,317.07491898356466,0.0,1.1854916697623028,cal_final_2008-09-30
04196800,hbv_lite_cma,evaluation,0.620714,0.652292,0.140964,-0.150788,32.259523,13,explicit_euler_dt1,hbv,success,,44.36,0.7299,-0.0099977806432276,3.46301388881212,0.0051594400705983,0.1523705482717981,277.9342618709535,5.999945278843217,0.8337540186938539,0.7975102990234677,0.3800851023553939,42.57502704612372,0.3509955085303147,0.0010000013007013,3.097232452426484,0.0,0.0,144.96228380582178,0.0,207.61779653805604,cal_final_2008-09-30
04197100,hbv_lite_cma,evaluation,0.624519,0.687491,-0.032584,-0.198935,1.780436,13,explicit_euler_dt1,hbv,success,,36.34,0.7438,0.5700000542049084,3.2173878473155453,0.0495819195365693,1.744447500743462e-09,342.4505270715585,5.999999957810626,0.5741080660906461,0.8647152354387385,0.458231249350029,48.47854297810057,0.5126514297025703,0.1999999998722252,2.979870606177337,0.0,0.0,187.4381761163248,0.0,0.1605869059089798,cal_final_2008-09-30
04197170,hbv_lite_cma,evaluation,0.545674,0.519393,0.184629,-0.211684,9.26937,13,explicit_euler_dt1,hbv,success,,28.11,0.6445,0.1599580417084567,4.6560612397944325,0.0878840667242958,0.1461644005287604,432.0101260737844,5.999713257725559,0.8786508164759612,0.6622563081993295,0.0690784462715893,5.682337785416053,0.5451722533518846,0.0010000012098159,1.0176168685754037,0.0,0.0,297.9885563035217,0.0,369.3870803462256,cal_final_2008-09-30
04213000,hbv_lite_cma,evaluation,0.034837,-0.101026,0.135598,-0.651374,29.460053,13,explicit_euler_dt1,hbv,success,,41.73,0.0956,-2.4999999757193683,0.7454304727265639,0.0006663202362309,8.279372418096475e-10,50.00000202770438,1.85510565838516,0.9999886738084852,0.4282258667788923,0.4740260047973845,48.06476036288127,9.999999988609485,0.0014558505111699,2.985088037228503,0.0,0.0,36.35609690770072,0.0,1341.274852427577,cal_final_2008-09-30
04213075,hbv_lite_cma,evaluation,-0.285132,,-1.0,-1.0,-1.0,13,explicit_euler_dt1,hbv,success,,36.05,-0.3652,-0.3041154676727204,7.073308489611647,0.0908718850410308,0.045275763581557,560.9239902142024,2.8383464998354886,0.4694126407089944,0.089476169198026,0.3751966795062839,77.25225627838316,0.0138268050355145,0.1999999999999475,1.461485959080551,8144.8400000000065,0.0,53.11098376820252,0.0,2.43949e-318,cal_final_2008-09-30
04216418,hbv_lite_cma,evaluation,0.619973,0.726595,0.058221,-0.151163,1.152117,13,explicit_euler_dt1,hbv,success,,28.22,0.6536,-2.290001124036679,1.6212218315795808,0.0999998990586061,0.0434781805686707,283.0568384323953,2.1936524396363897,0.4024710869636454,0.6878593672401565,0.4999995991754792,8.567179925846764,3.1369597484681435,0.1245637793192979,1.6429591701712378,0.0,0.0,170.59904329380285,0.0,3.7605940611125512,cal_final_2008-09-30
04221000,hbv_lite_cma,evaluation,0.641212,0.685271,-0.036363,-0.192928,1.47561,13,explicit_euler_dt1,hbv,success,,28.36,0.7645,-1.5800001423096104,2.300398192991012,0.0999999544943353,0.169196789006033,472.2339895290066,5.999995585069018,0.9999999911735667,0.5508845056487218,0.363442863057889,18.24497835174424,3.5697086867442644,0.1330978157428184,1.8188222077882776,0.0,0.0,390.50073544744623,0.0,5.4414627950915095,cal_final_2008-09-30
04224775,hbv_lite_cma,evaluation,0.569483,0.591769,-0.122601,-0.29051,0.982421,13,explicit_euler_dt1,hbv,success,,28.52,0.6672,0.0399988358779106,3.215344072103635,0.0999992511061781,0.1371211668549366,598.8917440002161,5.999983313362843,0.9727086852253924,0.6333456967288494,0.3579807680134719,8.297889730036518,3.833121474135451,0.1434752934500058,1.1710155291993931,0.0,0.0,501.5549152552201,0.0,4.643591007246732,cal_final_2008-09-30
04233000,hbv_lite_cma,evaluation,0.640946,0.627491,-0.121576,-0.222899,0.465028,13,explicit_euler_dt1,hbv,success,,28.17,0.7071,-1.14000001863835,1.9580006648802848,0.0505093804301894,1.7675085187474912e-08,715.5917825424127,5.999994621979511,0.888490082419118,0.7153932346512675,0.3686458925700788,14.393502024713802,3.5613683606583484,0.1158743965900978,1.2150588479561255,0.0,0.0,549.8601216528958,0.0,4.085195480219372,cal_final_2008-09-30
04256000,hbv_lite_cma,evaluation,0.734457,0.819964,-0.018647,-0.143255,0.767044,13,explicit_euler_dt1,hbv,success,,37.19,0.7727,-2.0000000856357323,1.7171199017272472,0.000571532248288,0.0658723922111618,421.09374579962986,2.607929600214324,0.9999963729453152,0.6520748051264038,0.3096530213251828,16.209649433401115,2.6295796742062576,0.075924426122478,2.975158084323377,0.0,0.0,330.2445740699205,0.0,12.086673391163274,cal_final_2008-09-30
04296000,hbv_lite_cma,evaluation,0.692691,0.809752,-0.055792,-0.173956,0.349277,13,explicit_euler_dt1,hbv,success,,29.33,0.7309,-1.7912945391038495,1.9864743034695165,0.0397225930553089,3.638020512012151e-09,280.301100038964,1.2484895850017812,0.2000007296888043,0.8778384026242357,0.391407568933143,15.675028692279891,8.022962003632852,0.1750656021732695,1.4890595233657429,0.0,0.0,145.8818009574441,0.0,4.447166944332704,cal_final_2008-09-30
05057200,hbv_lite_cma,evaluation,-0.077011,0.491761,0.092072,-0.038419,6.585963,13,explicit_euler_dt1,hbv,success,,34.16,0.3909,-0.0499971744944547,3.670852820110829,0.0078657265360023,0.1985118372093782,363.8706627684391,2.507482932831792,0.2000000661635204,0.8748186777019231,0.4999981406066947,56.59714706022395,4.77446292879146,0.199999977002744,2.767310985909201,0.0,0.0,84.40636949330965,0.0,0.09705085251471,cal_final_2008-09-30
05120500,hbv_lite_cma,evaluation,0.251592,0.044634,-0.538335,-0.672683,20.697556,13,explicit_euler_dt1,hbv,success,,88.16,0.2641,-0.2799920216878164,3.264127810777853,0.0012028511397971,0.1999910243377658,999.998965857336,2.429327971059749,0.2000000003848604,0.6777210667371042,0.3503533669430018,74.72715530188641,0.4021143133305372,0.1005984033757764,9.82797429203589,0.0,0.0,183.424544536049,0.0,0.1709672999476979,cal_final_2008-09-30
05291000,hbv_lite_cma,evaluation,0.597897,0.487719,-0.170788,-0.343546,1.277301,13,explicit_euler_dt1,hbv,success,,37.26,0.4753,-0.1301169982914607,7.614091540956671,0.02856554294462,0.1999992583439844,322.5211034624854,1.91061685593226,0.2000000007199911,0.8993792535285442,0.4940101465267885,56.541200538834055,2.368758900419157,0.1600804934410012,2.3937989280532666,0.0,0.0,67.61033785668135,0.0,0.3164504986497564,cal_final_2008-09-30
05362000,hbv_lite_cma,evaluation,0.64827,0.736565,-0.113292,-0.179647,-0.255787,13,explicit_euler_dt1,hbv,success,,44.02,0.8374,0.9899999204178748,4.510838108060279,0.0627160191043578,1.5323164330647934e-08,435.6743732580835,5.999999038623233,0.8837079508625574,0.7368546870916978,0.2859038538380176,19.754526257696146,0.7875207619060323,0.1448299653395436,4.367016242391246,0.0,0.0,288.481021989275,0.0,0.940111543919436,cal_final_2008-09-30
05393500,hbv_lite_cma,evaluation,0.574637,0.744663,-0.135316,-0.197882,-0.146132,13,explicit_euler_dt1,hbv,success,,34.05,0.7739,0.9300007000771444,5.048531211595943,0.0153837087704323,0.176730488312391,415.9638892641462,5.218503455831492,0.9999991896198056,0.8999973869854136,0.2588441950508072,48.99066505725863,2.117992130140472,0.1801467372986366,1.8550485575141027,0.0,0.0,259.27169642081043,0.0,0.4783528246759538,cal_final_2008-09-30
05399500,hbv_lite_cma,evaluation,0.477605,0.597485,0.206583,-0.136695,5.015549,13,explicit_euler_dt1,hbv,success,,28.29,0.5636,1.6500001201736012,6.985922171576852,0.0715097004160352,3.081319016030725e-10,386.8230811260679,4.271048636240323,0.9755287004344269,0.6298633424295302,0.2539889487535343,7.093406632006491,0.5844629981453184,0.1226954941100096,1.491174268037513,0.0,0.0,236.59507898154652,0.0,1.2721652330613096,cal_final_2008-09-30
05408000,hbv_lite_cma,evaluation,0.13048,0.226811,0.141957,-0.284987,0.82099,13,explicit_euler_dt1,hbv,success,,28.17,0.8342,-1.8764485675200708,2.946656852212332,0.0361053196374396,0.1883731661557871,230.9813268850588,4.387282747379814,0.2033461644109734,0.4409006157894582,0.3360502196624841,17.494766899535456,8.198198517785315,0.0025119314125147,1.8744781242167643,0.0,0.0,104.84704504238704,0.0,393.8382932148771,cal_final_2008-09-30
05413500,hbv_lite_cma,evaluation,0.358634,0.540328,0.272032,-0.049325,1.410652,13,explicit_euler_dt1,hbv,success,,28.35,0.766,-0.5399937081084916,5.330066763738648,0.0714293375911393,0.1038965223426144,745.8558656365226,1.723625739705415,0.4022503436965576,0.8060157567630664,0.1879805811094747,19.397360191789627,3.3403716240243497,0.0058919078562417,1.0014440296484417,0.0,0.0,384.7648667500696,0.0,200.54927045646613,cal_final_2008-09-30
05414000,hbv_lite_cma,evaluation,0.34642,0.509068,0.247673,-0.00801,1.145257,13,explicit_euler_dt1,hbv,success,,28.03,0.8199,-1.7099999096311624,2.990805808319504,0.0603182889296644,7.358555747919382e-11,718.0154799646629,3.744353936034072,0.5551962806283353,0.8999999999849577,0.1087604428228085,25.558647610024927,2.149804176201658,0.0102823388451971,1.0017523961447696,0.0,0.0,488.0935852222116,0.0,96.90559073888916,cal_final_2008-09-30
05444000,hbv_lite_cma,evaluation,0.472273,0.544829,-0.022784,-0.247259,0.98706,13,explicit_euler_dt1,hbv,success,,28.13,0.7652,-1.020001229410109,9.94803698041967,0.0723796496322395,0.1334283448955776,370.36269571407706,5.999268863168621,0.2007408453535671,0.8999387854879699,0.0681384484468385,21.16518406052078,1.8002491921711872,0.0043821393447774,1.666936522518117,0.0,0.0,308.76288419882314,0.0,196.6283701117438,cal_final_2008-09-30
05454000,hbv_lite_cma,evaluation,0.487113,0.542866,0.225194,0.050405,10.121658,13,explicit_euler_dt1,hbv,success,,28.02,0.6422,-0.9899999928802904,3.299056901277871,0.0071876596614971,2.451357260962373e-09,667.5787956690708,5.999988382910604,0.8251872480866036,0.8999994239659064,0.4999995905619944,0.6404963488757551,4.09223401391017,0.149561116394313,1.9886275790874344,0.0,0.0,550.2306576059842,0.0,4.767680617983499,cal_final_2008-09-30
05458000,hbv_lite_cma,evaluation,0.46601,0.720303,0.069602,-0.071779,0.547782,13,explicit_euler_dt1,hbv,success,,38.25,0.7129,-2.16999899366906,1.9319369381386533,0.000374691453326,4.55221315411652e-10,185.67837170202105,5.999994332948139,0.2000001255119755,0.7264936278185169,0.2225553718910421,15.339633334067177,1.5940524387859978,0.031242775237563,3.115749317888268,0.0,0.0,53.22391772521566,0.0,2.468575743408236,cal_final_2008-09-30
05466500,hbv_lite_cma,evaluation,0.621324,0.794845,-0.047181,-0.068573,-0.196193,13,explicit_euler_dt1,hbv,success,,51.95,0.7223,-0.6300009297285138,9.198789008301643,5.339996652148269e-08,0.1999998887004297,342.85023189234937,5.626491016976496,0.2000015701425946,0.8999999861160526,0.3161467794535729,15.170630252911494,1.513867928001614,0.1002287554182368,4.099575642792511,0.0,0.0,309.5831975624188,0.2108034004430651,7.230887976489138,cal_final_2008-09-30
05487980,hbv_lite_cma,evaluation,0.615561,0.525673,0.164146,-0.162138,20.346437,13,explicit_euler_dt1,hbv,success,,32.96,0.6031,-0.7699263540130918,3.123397303731319,0.0261911857876318,2.1399116251752382e-09,535.9947195139796,5.999999834024234,0.8378483175217382,0.6695098675537509,0.0250793114200348,5.006631353844455,0.3706891193839297,0.0010000004347556,2.240450259333276,0.0,0.0,462.4097106168035,4.914422995215693,267.8626348433195,cal_final_2008-09-30
05488200,hbv_lite_cma,evaluation,0.554062,0.533134,-0.029301,-0.20228,6.370519,13,explicit_euler_dt1,hbv,success,,30.4,0.4949,-0.0499996776258329,9.999997664713325,0.0597963018996397,6.777674273129413e-10,317.9435023275616,5.999999352047706,0.2000000054399928,0.595717264108024,0.1937987330606896,6.322734389883106,3.094829633881317e-05,0.1668265519667728,1.0064826264124556,0.0,0.0,274.35057298455484,4.203214744932977,0.0001545635180213,cal_final_2008-09-30
05489000,hbv_lite_cma,evaluation,0.64532,0.64824,0.098822,-0.150534,16.051364,13,explicit_euler_dt1,hbv,success,,30.76,0.5747,-2.4999993534678806,4.602063406019091,0.0003018477491441,6.207611291639792e-08,193.16121755699064,5.999999688115398,0.2000000686586683,0.7965081204138226,0.0100000005931388,21.527521717824914,0.2525390443794129,0.0010000000000002,2.6960658099566777,0.0,0.0,165.72592904115635,21.05572848268963,196.3817196107289,cal_final_2008-09-30
05495000,hbv_lite_cma,evaluation,0.630488,0.491392,0.35162,-0.172692,48.153065,13,explicit_euler_dt1,hbv,success,,40.85,0.6435,-2.3499987742253183,1.759836123829728,0.0120720236222045,1.4974465021699242e-08,314.18181572510144,5.999999987027196,0.9883738624413988,0.6189209212747169,0.0100000037025604,10.526342815676127,0.7437310123453147,0.0010000000001153,3.4136350944306777,0.0,0.0,284.5874663587694,7.87484664598978,531.8158083010143,cal_final_2008-09-30
05495500,hbv_lite_cma,evaluation,0.528877,0.547738,-0.00119,-0.217625,4.29009,13,explicit_euler_dt1,hbv,success,,28.12,0.6,-2.429999202134984,9.99999465529875,0.0999995020758375,2.925693897908769e-07,329.0993914710841,5.9999999987489465,0.2000000023582225,0.5976456699509297,0.2732135906168688,5.0106721360503705,0.0777272884438853,0.1976150009870296,1.0627745265990023,0.0,0.0,278.16218459714526,1.895994543372566,0.3153505473805889,cal_final_2008-09-30
05501000,hbv_lite_cma,evaluation,0.499932,0.493866,-0.04957,-0.293744,13.725115,13,explicit_euler_dt1,hbv,success,,28.18,0.6662,-2.489998248927037,0.6516688260388537,0.0053936611178392,2.230984039639553e-08,218.7869082611105,5.999999844267792,0.2000000297211521,0.5084346171582947,0.2448214166211808,4.706790397837842,0.612429452361243,0.001000000007948,1.219598980623929,0.0,0.0,186.95090181912303,1.072845922538919,230.62599722979988,cal_final_2008-09-30
05503800,hbv_lite_cma,evaluation,0.493143,0.476909,0.03038,-0.365329,627.902087,13,explicit_euler_dt1,hbv,success,,24.89,0.6257,-2.5,9.41158759141298,0.0811143953543771,3.5842946545579656e-11,255.8648035888509,5.999999999966178,0.2000000000001985,0.6129832727039913,0.1283045683644307,3.63924807156053,1.187512365595971,0.0010000000000002,1.9494617266993743,0.0,0.0,222.1613976321684,0.2899511002320148,380.12385977340085,cal_final_2008-09-30
05507600,hbv_lite_cma,evaluation,0.48963,0.509698,0.270861,-0.138568,359.14235,13,explicit_euler_dt1,hbv,success,,28.01,0.6417,-2.4999999999999543,9.999999997774736,0.0173863286041669,2.642259361625571e-11,226.9355652884603,5.9999999999948574,0.2000000000059354,0.8342436977095364,0.0899304283004394,2.5991318904139784,0.5312916748850517,0.0010000000012749,1.0070465549196148,0.0,0.0,193.1825153614167,1.853151175734416,224.6637685896321,cal_final_2008-09-30
05508805,hbv_lite_cma,evaluation,0.537165,0.54654,0.181483,-0.183115,36.51166,13,explicit_euler_dt1,hbv,success,,28.11,0.5941,-2.5,9.999999982938018,0.0452240786743408,4.698376223017722e-10,349.2276526374167,5.999999953156398,0.6075175228576427,0.7572126246122219,0.1745935831484951,4.537938822216836,0.5239830584456941,0.0010000000000233,1.106129922874305,0.0,0.0,314.0298505999529,2.5634163021537075,232.1947371275648,cal_final_2008-09-30
05525500,hbv_lite_cma,evaluation,0.67214,0.687969,0.191427,-0.03092,5.276663,13,explicit_euler_dt1,hbv,success,,44.3,0.7489,-0.08999985656241,5.55099475302539,0.023054906706938,8.98575326768873e-10,467.18335685551074,5.999999990557118,0.9198562910497792,0.2168865262561614,0.3728050222090132,17.873421273569637,1.194232965235687,0.0994406056378333,3.8998484705350944,0.0,0.0,404.7724984811164,0.0,3.706761403609036,cal_final_2008-09-30
05556500,hbv_lite_cma,evaluation,0.522984,0.604989,-0.087078,-0.214251,1.283004,13,explicit_euler_dt1,hbv,success,,28.1,0.6745,-0.6500612585273349,9.999998507339932,1.0068794997630589e-08,0.1824711360692041,320.9350959739173,5.999994341480482,0.2000152805014431,0.8147924010221296,0.1405531859641101,21.52369740606402,0.0024380578183581,0.1676680074586318,1.6712652672279673,0.0,0.0,294.03652438511665,8.868176991352797,0.0121029262090191,cal_final_2008-09-30
05584500,hbv_lite_cma,evaluation,0.687816,0.730421,0.091023,-0.087184,4.830783,13,explicit_euler_dt1,hbv,success,,44.2,0.6128,-0.2800000205761561,8.065902809618208,0.0330727510637971,5.040708005259056e-11,294.0833244975146,5.999999996094755,0.2000000007462528,0.057571700652739,0.3983923886054383,73.90057586287053,1.363666087068233,0.105944107748811,3.928294317852943,0.0,0.0,255.13898766749085,0.0,5.418474884999255,cal_final_2008-09-30
05591550,hbv_lite_cma,evaluation,0.701297,0.535863,0.416334,-0.001439,151.476605,13,explicit_euler_dt1,hbv,success,,28.07,0.7179,-1.600001479498869,1.3924448602718302,0.0858989435879166,1.3045859755103223e-06,671.0960768575096,5.999988390665648,0.988812345365359,0.899999999659119,0.096699009070343,12.56351537753076,0.6746780945339137,0.0010000001117968,1.0007082242703205,0.0,0.0,559.5729997581221,0.254910430347908,487.5112687448412,cal_final_2008-09-30
05592050,hbv_lite_cma,evaluation,0.571141,0.551222,0.054533,-0.199525,52.206643,13,explicit_euler_dt1,hbv,success,,28.07,0.712,-1.2983359981579423,1.31897726396222,0.0664126690912122,9.17972053892033e-09,330.26177009034404,4.277856670977641,0.2254397300195435,0.772409190296875,0.1558440697432242,10.468048409859632,0.2769497644449787,0.001000000366188,1.000848523943526,0.0,0.0,261.76533602153546,1.9464146497289003,164.71329116303792,cal_final_2008-09-30
05592575,hbv_lite_cma,evaluation,0.629832,0.588215,0.232578,-0.10308,68818.368892,13,explicit_euler_dt1,hbv,success,,28.17,0.6274,-2.380033954902033,0.505472182841741,0.0999878891140897,0.0170144409882301,348.12229823281103,5.999666851299226,0.452395344249585,0.8999998731801917,0.4999995789733745,1.6008093835282264,1.029219305739721,0.0010000007857044,1.181183937124447,0.0,0.0,244.2831745672719,0.0,323.758383779135,cal_final_2008-09-30
05593575,hbv_lite_cma,evaluation,0.63794,0.545446,0.182641,-0.150976,44.966433,13,explicit_euler_dt1,hbv,success,,28.23,0.6725,-0.106460874162944,5.444017438499799,0.0608132672844449,2.6672486231629847e-06,437.3068877611888,5.999999900458656,0.8195363013292107,0.5193267692032636,0.4814725581952718,21.21576023257626,0.6699556417747685,0.0010000000796372,1.9772552253600304,0.0,0.0,312.9599745380177,0.0,282.4878439946898,cal_final_2008-09-30
05593900,hbv_lite_cma,evaluation,0.471158,0.27955,0.601749,-0.074766,218.3121,13,explicit_euler_dt1,hbv,success,,28.33,0.6568,-0.9900021831230263,0.6353683099936005,0.0955606904472613,1.756470685339238e-07,238.8015569315233,5.99999954717853,0.9999999667301116,0.7622808969420973,0.0411680743300395,11.707720763563072,1.0254486065574844,0.0010000000276071,1.285109199586954,0.0,0.0,209.00586868560336,2.6214119046410955,570.8642604485955,cal_final_2008-09-30
05595730,hbv_lite_cma,evaluation,0.648839,0.547601,0.136865,-0.09755,484.074495,13,explicit_euler_dt1,hbv,success,,28.29,0.6169,-2.000027250535127,1.76482964110143,0.08958257149808,0.1219497363483481,256.7209402491062,5.999999819352537,0.2000000286960255,0.5722400858384932,0.4999999959750827,16.370490091928296,0.2850817912702501,0.0010000000154318,1.0071395474779004,0.0,0.0,126.34997274414026,0.0,125.29341426668503,cal_final_2008-09-30
06221400,hbv_lite_cma,evaluation,0.472705,0.710023,-0.144438,-0.156813,-0.893778,13,explicit_euler_dt1,hbv,success,,47.28,0.6566,0.2099954706695648,2.647884674256598,0.0016976008084914,0.1040211459729085,50.00000212577984,1.0000000489010348,0.9999999975124916,0.0500000058141051,0.0100000093543823,99.99996919818416,3.3518706725296035,0.0469616939445426,7.746285152083683,0.0,0.0,14.867035469116024,0.0,10.776239326541804,cal_final_2008-09-30
06224000,hbv_lite_cma,evaluation,0.748048,0.772314,-0.167569,-0.16016,-0.732376,13,explicit_euler_dt1,hbv,success,,35.39,0.8365,1.0300000786959522,6.865975077770623,0.0167441717441224,0.0119820793971794,50.00000903652008,1.000000005388655,0.999999999677327,0.050000002822717,0.0100000025541037,99.99996695859768,5.473059035232868,0.0301274372842254,1.3904202737052396,0.0,0.0,14.93877494775798,0.0,20.19162498262304,cal_final_2008-09-30
06278300,hbv_lite_cma,evaluation,0.797517,0.874739,-0.06534,-0.053201,-0.903372,13,explicit_euler_dt1,hbv,success,,29.11,0.8208,0.6600001291532553,4.04255253016622,0.0367671712688224,0.0005137880675012,109.32432611295565,1.0000000020100992,0.9381462014442896,0.2476544810065404,0.4999990125521369,90.29077040482848,9.999999907979284,0.060812808555436,1.5148763137622987,0.0,0.0,37.87466188303567,0.0,6.127390213595188,cal_final_2008-09-30
06280300,hbv_lite_cma,evaluation,0.623264,0.726694,0.112586,0.123478,-0.776045,13,explicit_euler_dt1,hbv,success,,32.73,0.7986,0.739894617921852,2.085823962948205,0.0002384970641125,0.0120502969659309,60.12889452432061,1.0000503073849594,0.99996584210729,0.2671276809130775,0.3189540320035786,98.2609041693918,9.91515659890444,0.0376652829931633,1.9301852719229915,0.0,0.0,18.61281833032472,0.0,16.735120997379116,cal_final_2008-09-30
06289000,hbv_lite_cma,evaluation,0.568336,0.762745,0.114563,0.034444,0.493602,13,explicit_euler_dt1,hbv,success,,39.11,0.7565,-1.5262151376134594,0.8292311732107129,0.0909971601430824,0.1856258050031471,403.3815026874362,1.057087768234003,0.9523765492998948,0.2045163195370133,0.0313175862920728,83.57598131079452,0.935273332889726,0.0010715441165997,1.0328627354605282,0.0,0.0,141.93686052740776,0.0,396.8047138667513,cal_final_2008-09-30
06291500,hbv_lite_cma,evaluation,0.44353,0.729024,-0.050336,0.009715,-0.634423,13,explicit_euler_dt1,hbv,success,,67.87,0.7549,2.499999999991097,0.5306384044361998,4.61827617034078e-13,0.120137461261279,433.8334082946852,1.8359543511822325,0.9999999999965508,0.1456430733736026,0.1323465687532396,43.40340730837846,9.999999999871877,0.0652003070524456,1.974790671551412,0.0,0.0,191.60996673626664,0.0,2.6542692140135946,cal_final_2008-09-30
06311000,hbv_lite_cma,evaluation,0.759478,0.764559,-0.150405,-0.180206,-0.777597,13,explicit_euler_dt1,hbv,success,,30.35,0.7365,2.44000048320544,9.99999643767064,0.0563406672512086,0.0824548388559072,347.5363715075454,1.7886696755309273,0.9999964954531037,0.1983872581757262,0.0637289836769041,59.20357958613172,3.902391156300912,0.0567738264257445,1.0114807904210217,0.0,0.0,145.26059537311272,0.0,3.513097430467908,cal_final_2008-09-30
06332515,hbv_lite_cma,evaluation,0.178716,0.354172,-0.014939,-0.285117,8.977881,13,explicit_euler_dt1,hbv,success,,28.79,0.2288,0.6400000103568098,2.811290595265657,0.0359158502213073,1.0530697543877722e-09,242.21201846290944,3.999123792771758,0.574048638798099,0.6588119358845759,0.4999999999012873,43.8770473362677,8.561897821283419e-13,0.1494479007586878,1.0068265702982746,0.0,0.0,77.98259847974714,0.0004333331210565,4.872828677025683e-12,cal_final_2008-09-30
06339100,hbv_lite_cma,evaluation,-0.073266,-0.545418,1.33283,-0.21384,221.237561,13,explicit_euler_dt1,hbv,success,,28.74,0.5912,0.7291394991283862,8.965924568688585,0.0905426080746209,0.0029726573401442,73.51139899315126,3.701517536011399,0.5058228825330033,0.8999950147897627,0.310710275743091,6.1455985324262565,5.168603140961916,0.001005863924334,1.1986254607865672,0.0,0.0,17.69957400463251,0.0,110.47703593952136,cal_final_2008-09-30
06344600,hbv_lite_cma,evaluation,0.024274,0.188541,0.048013,-0.266423,13.191674,13,explicit_euler_dt1,hbv,success,,28.97,0.1622,0.6799998416883852,5.82299379441812,7.350486095937819e-09,0.1999999971855548,282.76803393754375,1.6783350015023824,0.2000000102460135,0.8999999688528059,0.3589464614685879,0.6493869588842041,4.558857475146316e-08,0.0478933602448312,1.9414166589427404,0.0,0.0,22.78225988891176,0.0036344592572768,9.062702188696896e-07,cal_final_2008-09-30
06350000,hbv_lite_cma,evaluation,0.10601,0.09425,-0.109096,-0.308115,0.368976,13,explicit_euler_dt1,hbv,success,,42.39,0.1354,2.1999997661528106,7.898119044122249,0.065775205407094,0.0862232043706454,312.67464903362213,2.0546390962620573,0.2000000256979503,0.2088066767581285,0.4786759108911544,97.68880066501816,6.369542907909236,0.1999999543838094,3.803009010617551,0.0,0.0,20.96082390185976,0.0,0.0045485290960797,cal_final_2008-09-30
06352000,hbv_lite_cma,evaluation,-0.362156,0.214526,0.383568,0.092904,-0.037683,13,explicit_euler_dt1,hbv,success,,46.28,0.2874,2.0100024581810763,9.999999278528511,0.0031956742081485,3.078654748652922e-07,128.75451038290578,3.590556551053643,0.2418555454791505,0.8766723504676535,0.3669485165602664,30.02009245645486,0.0582668603045768,0.1989655151164313,4.000593746802116,0.0,0.0,8.664361646141298,0.0,6.613104435155679e-05,cal_final_2008-09-30
06404000,hbv_lite_cma,evaluation,0.656866,0.79837,-0.074555,-0.11832,-0.226292,13,explicit_euler_dt1,hbv,success,,28.88,0.7479,0.4395044402481702,0.5000269431033673,0.0933812225275014,0.1995994543326228,301.9451826079313,2.301004391789782,0.3425132046555965,0.8999676876734622,0.3184088007507394,1.1037257860323284,0.6470184936407466,0.0827663027899698,1.5731303627337148,0.0,0.0,48.71467631792797,0.0,0.1269570427809739,cal_final_2008-09-30
06406000,hbv_lite_cma,evaluation,0.513619,0.556175,-0.213875,-0.421072,3.695519,13,explicit_euler_dt1,hbv,success,,29.12,0.1696,1.2021472574362315,8.748802527705646,0.0999557883244865,0.1868101259165379,925.9195208111448,1.4884322955774212,0.2000000036969178,0.8999990487431904,0.0530480059953542,2.064836012253481,0.2731311616826947,0.0040019447807947,1.2882878081268208,0.0,0.0,102.75356230964702,0.0,20.551697920698285,cal_final_2008-09-30
06409000,hbv_lite_cma,evaluation,0.390594,0.53089,0.136305,-0.176073,0.764972,13,explicit_euler_dt1,hbv,success,,44.76,-0.0772,-2.49999999999924,9.999999999978376,0.0625458333335866,8.509151674249457e-12,999.9999999999098,1.234221504668925,0.2,0.8401759831425004,0.0202285373394872,35.68729324949436,9.995221091062543,0.003271649730488,1.823631780451244,0.0,0.0,123.66155763026818,0.0,59.37707917622271,cal_final_2008-09-30
06431500,hbv_lite_cma,evaluation,0.300189,0.599761,0.269445,0.084424,0.618499,13,explicit_euler_dt1,hbv,success,,44.37,0.4097,0.9602247348638566,6.172621020319006,0.0108361289811831,0.0671265973425726,999.9991087849284,1.0000169253242954,0.2217319394737107,0.5980342137052859,0.0498866231661889,84.19994996534524,1.285231956505065,0.0032238681242247,1.9221319172746707,0.0,0.0,149.91368871000745,0.0,128.0949562782973,cal_final_2008-09-30
06440200,hbv_lite_cma,evaluation,0.088211,0.459996,0.017054,-0.236957,1785.26135,13,explicit_euler_dt1,hbv,success,,29.16,0.6073,-0.2799695044613393,7.741913419901056,0.0007601676490319,0.0033176430163088,104.71429551753732,4.945339378652559,0.3035065435544861,0.1010616404355608,0.4999999954146233,64.66609361487163,7.678314916602607e-08,0.1921672466585896,1.95320729810556,0.0,0.0,20.870426590855807,5.340726944831194e-05,2.870650822724649e-07,cal_final_2008-09-30
06447500,hbv_lite_cma,evaluation,-0.01586,-0.234678,-0.333604,-0.712982,0.830893,13,explicit_euler_dt1,hbv,success,,50.27,-0.0734,-1.16045218121468,4.134049371285275,0.0553894353120741,0.0012395992105488,999.982890353853,1.698164948061179,0.200029489063893,0.6264392111463702,0.1117377154110408,60.02190148743611,1.863488775116912,0.0010672937644859,7.755460809823954,0.0,0.0,110.0809380728656,0.0,40.63901662559248,cal_final_2008-09-30
06470800,hbv_lite_cma,evaluation,0.231168,0.178899,-0.313958,-0.484613,55.457252,13,explicit_euler_dt1,hbv,success,,49.37,0.5891,0.6500013933914612,2.55104659411282,0.0140396822665309,0.1999996857622622,578.9150097182277,5.124394002280556,0.5286689447301527,0.4378978250151416,0.1204875208306949,89.3204987368631,5.696934579362042,0.1536094442078564,3.935957845417732,0.0,0.0,268.37557300361607,0.0,0.1249161262264113,cal_final_2008-09-30
06477500,hbv_lite_cma,evaluation,0.513535,0.404202,-0.245094,-0.355876,97.148141,13,explicit_euler_dt1,hbv,success,,49.47,0.5345,1.4499959956409243,4.459057679656925,0.0999995737971485,0.1589304379764073,436.2339843514716,3.1324845119973377,0.2000000000486673,0.8878597466115531,0.3674976294153153,97.65082933550596,9.215628910279875e-11,0.1537223013990567,5.500456912823035,0.0,0.0,60.14491946101909,0.000948778356484,5.073422108810443e-10,cal_final_2008-09-30
06479215,hbv_lite_cma,evaluation,0.325004,0.278157,-0.132438,-0.419581,13.869345,13,explicit_euler_dt1,hbv,success,,44.35,0.4314,0.0361478778376502,9.98798096989632,0.0045901883057647,0.1999882484073119,583.2054366347547,1.393525881486881,0.2000017426068297,0.7950939654936008,0.069199838461301,4.875760482184761,0.5174936086500842,0.1999865972084631,3.2681301375326,0.0,0.0,106.52484093431426,0.0,0.3933416903925443,cal_final_2008-09-30
06601000,hbv_lite_cma,evaluation,0.386296,0.409749,-0.062326,-0.24263,1.131719,13,explicit_euler_dt1,hbv,success,,30.29,0.2617,-0.2599998026468708,7.822873305212652,4.966331807728513e-09,0.1999999968948451,999.9999205654696,1.571335472894071,0.3373746220241813,0.8999982418488975,0.499996650040436,1.3329079658927564e-06,2.4939535583231507,0.0224275455327099,1.1112753845045853,0.0,0.0,287.202688945328,0.0,16.497272665629563,cal_final_2008-09-30
06614800,hbv_lite_cma,evaluation,0.819438,0.736044,-0.176713,-0.15999,-0.924158,13,explicit_euler_dt1,hbv,success,,44.67,0.8751,2.4999999998898046,6.288866029347305,0.0175077234770849,0.0041260608220915,720.2681412581521,1.0000000002878011,0.9999999999890904,0.0500000111089086,0.1043002593528851,99.99999991728636,9.999999962516544,0.0619930506753697,1.1657295659369225,0.0,0.0,381.1403870372882,0.0,19.51034968645586,cal_final_2008-09-30
06622700,hbv_lite_cma,evaluation,0.759874,0.87,0.028153,-0.047823,-0.08263,13,explicit_euler_dt1,hbv,success,,32.49,0.7271,0.0300357929438757,2.9577015055854416,0.0133402101334596,9.40769969424484e-08,244.1883355341947,1.00000024796299,0.7022049058257738,0.8994341787508565,0.2408549866167338,6.8078498762299375,9.999999963456624,0.0364977662291183,2.459393786468429,0.0,0.0,52.91739299915369,0.0,8.794231092006088,cal_final_2008-09-30
06623800,hbv_lite_cma,evaluation,0.761104,0.864114,0.041883,0.027171,-0.559215,13,explicit_euler_dt1,hbv,success,,38.33,0.8764,-0.1525876719309176,2.6284106569663424,0.0914120561560775,3.447162388767753e-13,797.1782506155812,1.000000000030226,0.5815803623735052,0.4942949984566776,0.481376987600484,73.7812851177005,9.999999999235705,0.0583651506878173,1.064176493669946,0.0,0.0,288.0469170704015,0.0,10.875041717666653,cal_final_2008-09-30
06632400,hbv_lite_cma,evaluation,0.709445,0.809959,0.110036,0.030512,-0.713706,13,explicit_euler_dt1,hbv,success,,65.08,0.6967,-0.9900088722509972,6.42561566698126,0.0940107036330642,0.0663410397330783,67.92709920391096,2.292264101373404,0.9853283909242004,0.1333043557488061,0.0100000081509812,99.92584699927632,9.999995425364808,0.0339521196223967,4.269254469194106,0.0,0.0,23.81157943570265,0.0,6.069941030747417,cal_final_2008-09-30
06746095,hbv_lite_cma,evaluation,0.711922,0.576878,-0.357391,-0.284184,-0.876625,13,explicit_euler_dt1,hbv,success,,49.53,0.8154,2.4799997195290864,4.337892089781983,0.0845278158315211,0.1049688685128113,50.00000351065511,1.000000112273193,0.999999951980128,0.1576923157101416,0.0539527730049999,59.789576959947965,9.999999526279852,0.0808582636023707,1.296531269643692,0.0,0.0,21.005758230226096,0.0,12.665708254830747,cal_final_2008-09-30
06803510,hbv_lite_cma,evaluation,0.562136,0.473059,-0.028451,-0.273361,1.679253,13,explicit_euler_dt1,hbv,success,,28.7,0.7503,-0.6502451552331143,0.5000159503646179,0.0614490801434223,0.0672532421417467,253.0656729406363,5.999999919191513,0.4837347253663747,0.899999996180529,0.4999993684977475,2.222318508407289,2.031128324571604,0.0023659929307661,1.0024889010550764,0.0,0.0,135.71744519970093,0.0,134.9085396804308,cal_final_2008-09-30
06803530,hbv_lite_cma,evaluation,0.535772,0.541013,0.075003,-0.212337,1.874381,13,explicit_euler_dt1,hbv,success,,29.04,0.7078,0.1002156888661809,5.079639374948581,0.0634739244155005,0.0005725089533532,376.38162542385385,5.995084864906677,0.6718675522023911,0.8999933826986607,0.4999380774110992,5.784903945624379,1.105953082356497,0.0024162338751478,1.5392240507860029,0.0,0.0,236.02270277760329,0.0,117.2233035165611,cal_final_2008-09-30
06814000,hbv_lite_cma,evaluation,0.572163,0.665135,0.088041,-0.23077,13.547564,13,explicit_euler_dt1,hbv,success,,26.6,0.5966,-2.4999999999999707,1.2042257120710076,0.0483172194353955,2.63893549269881e-15,120.3339973261737,5.999999999999885,0.2000000000000107,0.5041617750044314,0.2044238014481055,1.2308406371937408e-12,2.297476766364874,0.0010000000000001,1.0510847749924386,0.0,0.0,40.99184726610449,0.0,279.16876052493427,cal_final_2008-09-30
06847900,hbv_lite_cma,evaluation,-0.001633,0.063329,-0.006679,-0.160637,8.997161,13,explicit_euler_dt1,hbv,success,,30.37,0.0564,0.2129615292823801,9.463551608758465,1.4201651696266426e-08,0.1999774582673208,999.9978637653626,4.5882039344239605,0.4636588464399297,0.686899047989572,0.4631849591181924,76.74778080521116,0.0030177720469041,0.0487844115637729,1.660492365594774,0.0,0.0,297.6252491779833,0.0,0.0313069025013349,cal_final_2008-09-30
06853800,hbv_lite_cma,evaluation,0.439024,0.542994,0.14713,-0.189697,11.922593,13,explicit_euler_dt1,hbv,success,,33.66,0.3825,0.7898910405185298,6.510482814863579,0.0834896184363788,0.1991258148964465,546.6267005950477,2.0401388205170705,0.2510690338542055,0.8559063334277208,0.0562080017154422,1.8438961574103403,0.3221035547966364,0.0010000005373732,2.7233563248468178,0.0,0.0,148.29819972677785,0.0,107.80720835130802,cal_final_2008-09-30
06876700,hbv_lite_cma,evaluation,0.614583,0.542503,0.003181,-0.294771,11.740011,13,explicit_euler_dt1,hbv,success,,51.1,0.3953,-2.278609221829518,0.6538978756432101,0.0521324129625901,1.5494474602080797e-07,999.9957921683122,2.1987498468792435,0.3278777907194601,0.4462134303986698,0.3980604524826042,70.22075379327323,0.1705659881966073,0.0010000393141919,5.825529536055936,0.0,0.0,310.74894078560686,0.0,66.63980813122056,cal_final_2008-09-30
06878000,hbv_lite_cma,evaluation,0.463818,0.632502,0.051928,-0.253007,4.668349,13,explicit_euler_dt1,hbv,success,,33.39,0.6648,0.7229466853963755,4.202007333584408,0.0126698912323215,0.1253088137474373,153.77590951395106,4.950926134673937,0.2000149234875831,0.7670036558363282,0.0907619605772125,8.620934723643078,1.4660702743576994,0.0010001852875033,2.9460065178844337,0.0,0.0,62.168671118321136,0.0,185.26997567350213,cal_final_2008-09-30
06879650,hbv_lite_cma,evaluation,0.407004,0.433086,-0.01877,-0.50111,,13,explicit_euler_dt1,hbv,success,,28.07,0.4472,-1.2422140343215364,5.755851652665436,0.0587685303638169,2.42059752432112e-08,176.38440357295443,5.999999299194562,0.2000000895568609,0.899999752454935,0.499997818877295,3.489793870962105,6.275996986788447,0.0011476728012312,1.291631072529705,0.0,0.0,129.9024928639565,0.0,387.862935617759,cal_final_2008-09-30
06885500,hbv_lite_cma,evaluation,0.574302,0.460735,0.497416,-0.05971,15.761519,13,explicit_euler_dt1,hbv,success,,28.55,0.6192,-2.1120093322918776,9.999985952191064,0.0960257369882253,2.1324426568510329e-07,164.41378375518806,5.999999998335637,0.8714236127193893,0.5261141685927749,0.2102332915287545,5.822774230336824,2.250304625753539,0.0010000000030292,1.3880921073455204,0.0,0.0,122.19980415017947,0.0,425.8218446491894,cal_final_2008-09-30
06888500,hbv_lite_cma,evaluation,0.576075,0.516836,0.164637,-0.207293,9.818074,13,explicit_euler_dt1,hbv,success,,28.31,0.5329,-1.5084945061996269,0.5000001248335558,0.0829793290331092,1.8191341450567847e-08,458.3177599787753,4.531558032999371,0.8806167086960273,0.637753332911499,0.1156154343707541,4.042258081741888,1.0967321340531018,0.0010000000000611,1.7273604481841744,0.0,0.0,360.4525108495532,0.0,453.46343848630187,cal_final_2008-09-30
06889200,hbv_lite_cma,evaluation,0.544272,0.433573,0.447367,-0.119998,24.277359,13,explicit_euler_dt1,hbv,success,,28.42,0.3032,-1.2125572470311106,0.5067341884761881,0.0157900760188426,0.0669510819876603,116.21244782516706,5.999993391507874,0.8751146698430035,0.5851618345858035,0.2509995041261933,4.307336400024653,3.100789683238592,0.001000000523684,1.9477375944703847,0.0,0.0,81.94663693464919,0.0,523.7529923597681,cal_final_2008-09-30
06889500,hbv_lite_cma,evaluation,0.654797,0.591978,0.272407,-0.140467,12.110947,13,explicit_euler_dt1,hbv,success,,28.41,0.4659,-1.2300712721024334,0.500001601965698,0.0496405288321067,3.184170460020006e-07,160.32861123216458,5.999999999053383,0.7272495639466883,0.5522747598402764,0.308221581989156,2.978116914357895,1.8138304337749296,0.0010000000002588,1.964456868778856,0.0,0.0,120.53626027555936,0.0,395.8344499035893,cal_final_2008-09-30
06892000,hbv_lite_cma,evaluation,0.666602,0.632256,0.192485,-0.215047,28.925228,13,explicit_euler_dt1,hbv,success,,38.59,0.6762,0.1517533653354172,0.5478806101361814,0.0923186958176528,6.161949391154757e-07,129.74216018198314,5.999951381128379,0.2000058614806233,0.5824635062280475,0.4482525745961442,89.64572283747326,1.995264455901708,0.0010000077983128,2.462411406709798,0.0,0.0,101.14036768343392,0.0,424.3088632289098,cal_final_2008-09-30
06903400,hbv_lite_cma,evaluation,0.626237,0.596513,0.077929,-0.135906,28.331553,13,explicit_euler_dt1,hbv,success,,37.84,0.6767,-0.3244283818351157,2.9832879922698288,0.06204908849886,1.620085377704492e-09,204.0860460071024,5.999999942167326,0.2000000124893991,0.888403552736206,0.4913665774411397,76.16617969410265,0.2237088037111246,0.0010000007660466,2.2718870866231136,0.0,0.0,175.0137463923536,0.5394838075800881,97.7940711450205,cal_final_2008-09-30
06906800,hbv_lite_cma,evaluation,0.655904,0.652199,0.153002,-0.07507,1.038498,13,explicit_euler_dt1,hbv,success,,28.19,0.6284,-1.489999717215317,9.999859318118014,0.0377745156694494,2.132978880403232e-05,276.3620293474142,5.999990567777007,0.2000004010371935,0.5187859874330729,0.2745938925780399,4.936564183562927,0.0832102388719371,0.1384765374937534,1.5683873673340911,0.0,0.0,232.66952707549856,0.0,0.3666570055172198,cal_final_2008-09-30
06910800,hbv_lite_cma,evaluation,0.5872,0.681959,0.057185,-0.102497,57.590884,13,explicit_euler_dt1,hbv,success,,28.33,0.5825,-1.018384772338775,0.5000001158601467,0.0800577644753992,7.388690255713506e-09,200.14347752848485,5.99999999813426,0.2000000002308193,0.6266779356445435,0.4914675471213469,4.435614330459998,0.4193685215150081,0.0013395112308708,1.176048369882783,0.0,0.0,157.7771806514622,0.0,113.11935800730878,cal_final_2008-09-30
06911900,hbv_lite_cma,evaluation,0.575115,0.628047,0.161013,-0.122901,215.340866,13,explicit_euler_dt1,hbv,success,,28.07,0.5672,1.3299999900749766,0.5000000006223114,0.0425476346610951,0.0001252001055384,157.05738362765783,5.9999999966288975,0.200000008125953,0.7233108181703028,0.2533182237032028,1.948557901024588e-07,0.9645350223026236,0.0010000004719303,1.847250987232508,0.0,0.0,118.74906319575224,0.0,229.72610107464752,cal_final_2008-09-30
06917000,hbv_lite_cma,evaluation,0.605559,0.622219,-0.043585,-0.145904,1.103283,13,explicit_euler_dt1,hbv,success,,43.09,0.7015,-0.909996388872879,8.476940648240884,0.0997138510856471,0.0348318804048249,245.99575815798227,5.999999909003616,0.2000000860378692,0.6230017470644715,0.2170999477966731,2.2236487489880563,0.0008042711893549,0.1239033070385479,3.8981990047358193,0.0,0.0,187.62062949040205,0.0589258064462126,0.0056868484472235,cal_final_2008-09-30
06918460,hbv_lite_cma,evaluation,0.587695,0.591552,0.010703,-0.110283,-0.031465,13,explicit_euler_dt1,hbv,success,,36.0,0.5313,-2.110167182394496,7.822307741114538,0.09831493813494,0.1894611621375214,627.7119125724081,5.998169241223369,0.7112202966541383,0.8999519177427521,0.4072012141082441,48.494659649411865,6.187661899624752,0.1166199511909809,2.1958125670015614,0.0,0.0,491.90735315337736,0.0,2.420889754733894,cal_final_2008-09-30
06919500,hbv_lite_cma,evaluation,0.753619,0.636686,0.320973,0.000721,53.820805,13,explicit_euler_dt1,hbv,success,,43.81,0.7166,3.210999511527035e-05,9.999818789967732,0.0298552666068477,3.136231368985522e-07,247.9615485356584,5.99999981468193,0.200000001376592,0.136369488538926,0.4999983787793535,70.01941641653316,1.553740311100133,0.0010000000232103,3.8837658654899534,0.0,0.0,181.4700131558292,0.0,387.8871059283391,cal_final_2008-09-30
06921070,hbv_lite_cma,evaluation,0.710103,0.752378,0.011525,-0.117728,0.978378,13,explicit_euler_dt1,hbv,success,,28.01,0.6429,-2.3900045620691093,2.257874495273745,0.0236907808981729,0.1999999592124649,321.35874829841447,5.999999328300467,0.2000000939508033,0.6883195577814809,0.2003283883711852,10.899538786749009,0.1020298170109448,0.0117579465161681,1.4058620966100872,0.0,0.0,256.73525702411376,0.0293159021477481,7.664383389632594,cal_final_2008-09-30
06921200,hbv_lite_cma,evaluation,0.645563,0.686947,0.14025,-0.092949,34.834635,13,explicit_euler_dt1,hbv,success,,28.02,0.6821,-2.059998052818576,8.640804045332752,0.0320752068294165,1.032514171281356e-08,252.4653932497177,5.999999999189589,0.2000000107586893,0.8999999762492438,0.1649996232242309,10.72845543200896,0.8436297758504254,0.0010000000524889,1.101953020831953,0.0,0.0,204.00579856239943,0.0,351.61488010543343,cal_final_2008-09-30
07057500,hbv_lite_cma,evaluation,0.51805,0.489434,-0.133822,-0.216552,0.023774,13,explicit_euler_dt1,hbv,success,,35.16,0.762,-1.5100561225635134,1.346119841041482,0.0426698036710898,0.1936104630576575,353.2380976450663,1.6746060427039806,0.2659438919158862,0.7390963931747278,0.1190811249167935,32.96087057407804,1.5761618996860949,0.0083129609639416,2.591667622478551,0.0,0.0,152.6167553371738,0.0,96.39188111614048,cal_final_2008-09-30
07060710,hbv_lite_cma,evaluation,0.425285,0.262291,0.64204,-0.089368,11.210988,13,explicit_euler_dt1,hbv,success,,28.23,0.6517,2.499976865273686,0.579401830734896,0.0667613147250288,0.1211605228838266,331.3885530291365,5.999999838769727,0.200000025332271,0.8999999996431297,0.1196345905808307,18.92421708850352,2.642596325684958,0.0010000002584482,1.49726932090939,0.0,0.0,272.1147710519173,0.0,735.8880970421804,cal_final_2008-09-30
07066000,hbv_lite_cma,evaluation,0.53549,0.58294,-0.010555,-0.106916,-0.254647,13,explicit_euler_dt1,hbv,success,,36.13,0.7123,-1.009765303798421,7.709904731034087,0.0706682088219023,0.022993713717919,781.237176834297,5.258848872721744,0.8917882199225491,0.5369669266322674,0.1509958298461279,17.45804769410602,1.3086994424568532,0.0520076659937918,2.870608983573244,0.0,0.0,631.7950290877685,0.0,13.30811090668865,cal_final_2008-09-30
07083000,hbv_lite_cma,evaluation,0.781246,0.701685,-0.241643,-0.190454,-0.993981,13,explicit_euler_dt1,hbv,success,,47.52,0.8431,2.499999999995298,6.334662206082572,0.0058449087440891,1.4087394019450372e-13,401.9042931375053,1.0000000000015132,0.9999999999999148,0.0500000000000403,0.0205396042788335,99.99999999831876,3.786547299758907,0.0859056076574944,1.1074924328772917,0.0,0.0,149.29148229221022,0.0,4.043240856065439,cal_final_2008-09-30
07142300,hbv_lite_cma,evaluation,0.017426,-0.250617,-0.392374,-0.683248,33.037207,13,explicit_euler_dt1,hbv,success,,60.39,0.5281,-1.5864188593815545,6.780805629268297,0.0626861757456608,0.0084571496141272,664.3312106677581,3.49709195977296,0.210446418467452,0.0767707271233241,0.2002909013063322,15.08114475879764,0.3383229197572803,0.0010000317897238,7.841833961820451,0.0,0.0,78.80525664515794,0.0,17.741319712960266,cal_final_2008-09-30
07145700,hbv_lite_cma,evaluation,0.532316,0.491304,0.423156,-0.067442,32.049642,13,explicit_euler_dt1,hbv,success,,28.17,0.6822,-1.6800000608918506,0.5000000003192796,0.022039310997524,0.0024224689504386,159.37855450692524,5.321015829906482,0.8945715110030805,0.2998921215739575,0.4999678860215527,4.798651164646111,1.7971693883001982,0.0010000000120964,1.001871460095633,0.0,0.0,111.47554733858536,0.0,428.20999235286666,cal_final_2008-09-30
07167500,hbv_lite_cma,evaluation,0.41537,0.36652,0.336864,-0.111734,103.79497,13,explicit_euler_dt1,hbv,success,,28.37,0.6326,-1.9600006618106007,3.087840242559499,0.0856474367952337,0.0278718720984218,209.8686299041157,5.999999993218295,0.953740683787612,0.8636973711801722,0.2118773006172503,8.013592901346831,0.8138597728233743,0.0010000002887003,1.105262974598554,0.0,0.0,162.52904108896004,0.0,361.402310008181,cal_final_2008-09-30
07180500,hbv_lite_cma,evaluation,0.549334,0.618455,0.176088,-0.191286,11.395108,13,explicit_euler_dt1,hbv,success,,28.19,0.5937,-2.4698468657374413,0.616916166753746,4.293357820293693e-05,0.0571043833797587,300.92136702667835,5.99999693098965,0.999998491956829,0.899999986219089,0.4999994624837638,7.125549415708318,1.5962592484328708,0.0010000023818513,1.21266908241109,0.0,0.0,254.8641550046926,0.0,388.453535206922,cal_final_2008-09-30
07184000,hbv_lite_cma,evaluation,0.543391,0.494902,0.14291,-0.138954,122.11342,13,explicit_euler_dt1,hbv,success,,36.18,0.5325,-0.9059673500143042,9.999756677384228,0.0152613208331293,0.000122118918116,168.3380766847558,5.999997521181018,0.2000000960618711,0.5449953380026029,0.0951084294216429,3.036100523486032,0.7563580801862257,0.0010000098291276,2.247727782382263,0.0,0.0,117.31920287649496,0.0,290.69358005276007,cal_final_2008-09-30
07195800,hbv_lite_cma,evaluation,0.46845,0.510304,-0.028674,-0.087932,-0.346426,13,explicit_euler_dt1,hbv,success,,28.13,0.5695,-2.420005268624694,9.638309072850246,0.0152540751510406,0.1999913384954493,550.3975510864334,3.6138159954981455,0.2000000039492034,0.8999999990909481,0.2180711169445315,15.457973423095693,7.585139855515698,0.1380483923043269,1.4328573674067897,0.0,0.0,404.624513666549,0.0,2.9560414225587173,cal_final_2008-09-30
07196900,hbv_lite_cma,evaluation,0.49136,0.493082,0.224954,-0.194892,23.600305,13,explicit_euler_dt1,hbv,success,,27.99,0.6843,-1.5996725576220516,0.8169395614613371,0.0900282251787105,0.1531338891807691,307.45195559336486,4.949050501471965,0.5686674977692066,0.8999999338192138,0.1217147735866923,22.39506887980647,1.937319385997208,0.0010000169996544,1.009439380746863,0.0,0.0,241.3048653209633,0.0,746.6863917871142,cal_final_2008-09-30
07197000,hbv_lite_cma,evaluation,0.66641,0.66188,0.185815,-0.121125,3.680899,13,explicit_euler_dt1,hbv,success,,28.46,0.7395,-2.433862649556745,0.5271107514416455,0.0701125742056425,0.0321440004659567,618.9048777530111,5.994438361637383,0.6931166362836696,0.6214598142067663,0.0978448727402699,31.671136662228623,0.9496820284847564,0.0010000427431867,1.3225899641630596,0.0,0.0,514.6149212050792,0.0,575.2227964972408,cal_final_2008-09-30
07208500,hbv_lite_cma,evaluation,0.502722,0.504681,-0.139684,-0.282304,0.089165,13,explicit_euler_dt1,hbv,success,,84.65,0.7608,0.3300000217428183,9.40902825771426,0.0069499356999974,4.8379970267097215e-11,999.999999551073,4.029219492183121,0.8152584610883056,0.5207658542806537,0.0264838007719176,92.42054484159937,1.0884296065213397,0.0661050954359451,9.998426418074956,0.0,0.0,459.2041893536104,0.0,0.7036909557040353,cal_final_2008-09-30
07261000,hbv_lite_cma,evaluation,0.526141,0.662873,-0.020854,-0.208167,66.502719,13,explicit_euler_dt1,hbv,success,,28.32,0.7635,-0.8299819821914554,3.3288259014285173,0.0347439507632597,0.04887028386257,241.67497302068367,5.9999999686938414,0.2000000042781808,0.5148724531423461,0.2081375146794294,32.23458055006297,0.7215731851875393,0.0010000000008452,1.4385646793482936,0.0,0.0,184.38433613635053,0.0,359.3075585804424,cal_final_2008-09-30
07263295,hbv_lite_cma,evaluation,0.663542,0.69939,0.253578,0.033968,34.531483,13,explicit_euler_dt1,hbv,success,,28.18,0.7015,-2.183573376977581,0.7857795426211993,0.0061751463927809,0.048783975464178,243.2368531658367,5.999999972736898,0.2000001306789407,0.8999997691479501,0.49999989671219,7.112182644385101,3.4996289141689285,0.097389419185237,1.0296677674911832,0.0,0.0,189.5468145478334,0.0,4.434603897415066,cal_final_2008-09-30
07291000,hbv_lite_cma,evaluation,0.603291,0.587509,0.263578,-0.107235,2.876003,13,explicit_euler_dt1,hbv,success,,21.03,0.6284,2.4994513240350145,1.4730209197797783,0.0715156483312495,0.0256230271359347,371.758475165349,5.9999999357865,0.2000000005299426,0.8999999902254424,0.2903127376687874,14.442213684839212,3.9658080689151376,0.001000000043266,1.269528919892991,0.0,0.0,300.24020044841006,0.0,815.5880518142449,cal_final_2008-09-30
07299670,hbv_lite_cma,evaluation,0.185739,0.260134,0.55495,0.059554,2.224081,13,explicit_euler_dt1,hbv,success,,29.19,0.5006,-0.3133655637467845,9.707332392134289,0.0116441248474644,0.0750080900526495,149.28548198422354,5.874791378001844,0.2002869436472209,0.8997724210964106,0.2714284655880452,8.135814050781986,6.652774388035768,0.0010041624146258,1.0333003340698528,0.0,0.0,86.31271971068826,0.0,120.17019652731976,cal_final_2008-09-30
07301410,hbv_lite_cma,evaluation,0.430401,0.690597,-0.150608,-0.10167,1.60171,13,explicit_euler_dt1,hbv,success,,29.9,0.1069,-0.0399990035059785,1.5257717733298723,0.0202200381885457,1.22724793370053e-08,999.9999999480395,3.662483798111712,0.5080842902147122,0.2954197705508635,0.4999993699124817,99.15828490382567,0.690271528804709,0.0945230384849513,1.27919349779274,0.0,0.0,352.15237877684206,0.0,0.268098128303838,cal_final_2008-09-30
07315200,hbv_lite_cma,evaluation,0.444602,0.394227,0.048332,-0.434467,8993.90938,13,explicit_euler_dt1,hbv,success,,34.68,0.5487,1.5896172256159584,6.599657971469077,0.0718073202605289,0.1820437203851251,362.04372834084137,5.7982688788194885,0.3894973881444623,0.8999787359237693,0.446220093994149,19.17188777528685,1.3981980006942556,0.0010000008184279,2.881714559316979,0.0,0.0,113.05951388050327,0.0,81.62457341351565,cal_final_2008-09-30
07315700,hbv_lite_cma,evaluation,0.448174,0.340238,0.050116,-0.390797,124.454179,13,explicit_euler_dt1,hbv,success,,51.71,0.6185,-2.281136105084952,0.896028185087985,0.0005712336936786,0.1466709708005779,511.3359089185264,2.000319004796019,0.3917104022221469,0.5016916940236441,0.0100003770499902,2.4606623685248,0.5829472476397891,0.001000000130485,4.203819529020056,0.0,0.0,141.63187642964442,0.0,204.62132940636084,cal_final_2008-09-30
07335700,hbv_lite_cma,evaluation,0.551822,0.568663,-0.129712,-0.249269,2.701469,13,explicit_euler_dt1,hbv,success,,28.3,0.6287,-2.499997497052055,2.415757183015266,0.0409746190219154,0.1999999265946383,323.3095606577577,5.999998914081195,0.2000000269282146,0.8999999999902732,0.4616413513814303,17.813803047478128,2.20337221336444,0.1986081784038705,1.8912182878928108,0.0,0.0,265.3145995357362,0.0,0.4284729017702317,cal_final_2008-09-30
07340300,hbv_lite_cma,evaluation,0.570593,0.58928,0.140965,-0.157642,4.275934,13,explicit_euler_dt1,hbv,success,,28.17,0.7225,-2.4923207716194007,4.511320822585772,0.0610693532722491,0.1139814490921493,245.4361321198256,1.085818287580532,0.2108549810944448,0.7876009517438864,0.2204043980130229,17.258227515154477,1.5216700674453882,0.0010000001691569,1.000161081852644,0.0,0.0,147.7542066231235,0.0,821.1322042120655,cal_final_2008-09-30
07346045,hbv_lite_cma,evaluation,0.711664,0.801415,0.132981,-0.003321,2.014862,13,explicit_euler_dt1,hbv,success,,77.59,0.753,-2.482652609131145,1.0573961971235115,0.0997640826472643,0.1969982027318861,474.837812460829,3.081992142358964,0.2000000002807543,0.8999999997444011,0.2671704382828907,68.50574602250569,4.433025914584997,0.0961453467999317,7.597636770229477,0.0,0.0,230.4749556637613,0.0,1.889972126155336,cal_final_2008-09-30
07359610,hbv_lite_cma,evaluation,0.538403,0.550621,0.142917,-0.045245,1.010334,13,explicit_euler_dt1,hbv,success,,28.35,0.6719,-2.4100041397205185,6.074530747144952,0.0994516425420451,0.0037855298808445,302.26384614734854,5.999999512925424,0.9999997916957042,0.6425684544099785,0.2519694087584998,16.80054167725035,1.658260470162164,0.0150923294586893,1.056157547594991,0.0,0.0,254.28357855450048,0.0,60.603594270408585,cal_final_2008-09-30
07362100,hbv_lite_cma,evaluation,0.621916,0.580857,0.217147,-0.0073,10.636519,13,explicit_euler_dt1,hbv,success,,50.1,0.6443,-1.815377609791575,5.835085405660482,0.005922633343738,0.0170492940097134,425.4593404334361,2.887656969672573,0.2009386914357226,0.2581426574999437,0.2670793256692694,29.65081706884085,0.4572379918064464,0.0010004573527232,4.413205446318161,0.0,0.0,254.54564183124447,0.0,243.51480044603852,cal_final_2008-09-30
07362587,hbv_lite_cma,evaluation,0.541699,0.555294,0.143051,-0.160889,98.133456,13,explicit_euler_dt1,hbv,success,,28.8,0.5718,-1.5999999896678752,1.738775465043264,0.0665144867195442,1.272354266582503e-09,146.3062676320926,5.999999979748797,0.2131574665184041,0.8999999999195755,0.4999999989595124,6.673603769425344e-10,4.689711082085491,0.0207277550946317,1.2414497150174817,0.0,0.0,96.07489458482276,0.0,34.97663874277889,cal_final_2008-09-30
07375000,hbv_lite_cma,evaluation,0.641733,0.540225,0.098406,-0.176298,1.337809,13,explicit_euler_dt1,hbv,success,,39.33,0.5893,0.1999999608196772,0.5000011341033358,0.0809082517741212,0.1377100646712048,416.40308246028326,5.999999896921274,0.2000000002051835,0.5486606855168505,0.2255095464339022,34.838899361962746,3.2864818220538607,0.001000000009065,2.312050904009755,0.0,0.0,355.6935887435445,0.0,990.0301419703708,cal_final_2008-09-30
08013000,hbv_lite_cma,evaluation,0.706413,0.659605,0.055869,-0.240883,9.23798,13,explicit_euler_dt1,hbv,success,,72.97,0.7415,-2.4966013014202395,2.2749837850142454,0.0595539454756672,0.1118275801178381,231.40791550451928,5.999999999107755,0.2000000002870937,0.2679050806957423,0.1707558767872651,37.274038930599694,1.8498656372147029,0.0010000000000006,6.230712132507223,0.0,0.0,156.78342385798308,0.0,632.1437929197369,cal_final_2008-09-30
08014500,hbv_lite_cma,evaluation,0.664446,0.648233,0.167229,-0.157088,2.150721,13,explicit_euler_dt1,hbv,success,,57.74,0.6743,1.0964807199134483,9.258162466097463,0.0866144980288571,0.1550398927815981,469.4843800850954,5.999999942114681,0.4155927765753773,0.2094055547391966,0.201924623644443,27.77676609294515,3.559206745264952,0.0010000000002556,5.130659568551988,0.0,0.0,312.67178611277825,0.0,998.1547703171494,cal_final_2008-09-30
08023080,hbv_lite_cma,evaluation,0.595386,0.606319,0.280369,-0.038622,338.127486,13,explicit_euler_dt1,hbv,success,,35.35,0.6831,-1.146407473597442,6.51607749451455,0.033375422147598,0.0502207916986582,345.49403703165314,5.999999999524446,0.2884560630541045,0.6191278956528498,0.4109092496439505,39.71218195527473,0.8964137670531407,0.0010000000000152,2.616652984530363,0.0,0.0,79.03292857931437,0.0,251.6085885683565,cal_final_2008-09-30
08050800,hbv_lite_cma,evaluation,0.268814,0.229537,0.119047,-0.57461,,13,explicit_euler_dt1,hbv,success,,28.22,0.5,0.7602313649711641,9.99947051515502,0.0884412160930514,1.3521871614011076e-05,258.317133632992,5.999998765667656,0.2000000195470376,0.8872345629516722,0.4576901437369512,20.39270877034585,9.999990798286646,0.0010000000774493,1.016411232894956,0.0,0.0,69.3533569241016,0.0,490.9686191400201,cal_final_2008-09-30
08066200,hbv_lite_cma,evaluation,0.533984,0.314807,0.464065,-0.134062,51.163896,13,explicit_euler_dt1,hbv,success,,26.9,0.6167,2.130121406206833,0.8225579916229173,0.0160587819848003,0.0367266237268513,377.45759368423,1.09325374912692,0.2000000015071386,0.8999999963617109,0.2068966089875682,15.616956244307346,2.1551664189157265,0.0010000000001959,1.2169416557018171,0.0,0.0,172.9949769163294,0.0,688.4426355916441,cal_final_2008-09-30
08066300,hbv_lite_cma,evaluation,0.48319,0.453547,0.340955,-0.212787,6.010894,13,explicit_euler_dt1,hbv,success,,56.61,0.6593,-1.9278184661213715,7.073318172984545,0.0998649318597809,0.0056595034359935,683.3824460359983,5.999999999921104,0.7569696241102035,0.8999999988268093,0.3629656650416976,33.91401144581284,5.152885409961717,0.0010000000000013,5.6907960455509965,0.0,0.0,562.8955805951467,0.0,823.1663036484338,cal_final_2008-09-30
08070000,hbv_lite_cma,evaluation,0.480053,0.384006,0.281705,-0.090071,7.169912,13,explicit_euler_dt1,hbv,success,,52.71,0.584,-0.8574115679316572,6.384296094042481,0.0048907062673409,0.1794919593049759,634.0965545265844,5.999999999929215,0.6632437538481138,0.465547553454619,0.4149759368739977,79.54022423078642,1.642777022065407,0.0010000000000014,5.262470258997963,0.0,0.0,481.7831041136325,0.0,464.30880256492014,cal_final_2008-09-30
08070200,hbv_lite_cma,evaluation,0.461661,0.353753,0.313959,-0.070499,7.079032,13,explicit_euler_dt1,hbv,success,,65.45,0.6517,-1.9032250715754635,3.426230796912954,0.0753678129384872,0.0619627193951427,795.9217077832072,5.999999999969537,0.6908570931996373,0.3270957796319216,0.3184562651943207,85.88816983459427,1.3590729743626966,0.0010000000000004,6.106308622641103,0.0,0.0,608.0353776178698,0.0,471.1668544895098,cal_final_2008-09-30
08082700,hbv_lite_cma,evaluation,0.158463,-0.298078,1.112995,-0.131815,,13,explicit_euler_dt1,hbv,success,,35.02,0.5544,-2.277411027838476,7.869368979083203,0.0927472348557206,0.0773793521483469,156.54425065056853,5.999999087238783,0.3041169034095534,0.6423134301860937,0.1406777544426063,3.6522720323620255,2.988655675278877,0.0010000010269416,2.12669255695723,0.0,0.0,38.27178666961775,0.0,102.76019447048236,cal_final_2008-09-30
08086212,hbv_lite_cma,evaluation,0.493209,0.344829,0.434483,-0.343918,71924.53129,13,explicit_euler_dt1,hbv,success,,30.32,0.6683,-0.9406744334193526,6.5223416742095575,0.0978612684948186,0.0197562224567956,457.0107958226354,5.99999999991777,0.7000721695636063,0.8999999999993384,0.4999999999954764,0.307781909230901,2.610259996017978,0.0010000000000114,1.055414663374479,0.0,0.0,181.92194313970663,0.0,129.85061035502392,cal_final_2008-09-30
08086290,hbv_lite_cma,evaluation,0.375798,0.395537,0.123011,-0.408029,7545.906306,13,explicit_euler_dt1,hbv,success,,28.94,0.6581,-1.8583189241937137,7.201864278225149,0.0001537015829459,0.1211517904849938,553.6880793385885,5.999999999024056,0.645755659628395,0.8999999999967504,0.4999999994261559,1.8514368306348143e-11,1.1052764472971206,0.0010000000002684,1.0098898064321962,0.0,0.0,205.5826144982381,0.0,99.1220155395778,cal_final_2008-09-30
08101000,hbv_lite_cma,evaluation,0.690968,0.7296,-0.059008,-0.376301,89.18978,13,explicit_euler_dt1,hbv,success,,28.8,0.6093,2.259888817002931,0.9885575485800076,0.0379572724019749,0.1979989028740559,297.1854024148247,5.999999896907081,0.2000000226196557,0.8999999380228443,0.3209060310954452,10.306782862994575,1.5538944039670493,0.00100000005046,1.3406950033057463,0.0,0.0,13.70128895155618,0.0,140.47528118144783,cal_final_2008-09-30
08103900,hbv_lite_cma,evaluation,0.468079,0.60305,0.28742,0.145645,,13,explicit_euler_dt1,hbv,success,,28.91,0.5068,0.5136621898994593,8.572707574580079,0.0575294627566177,0.0006110978295697,318.4489822382097,5.456915595786303,0.3748067727732701,0.8999999985047241,0.2589176322253205,9.516817186012826,2.3032292817056024,0.0332438667831341,1.3656652491442325,0.0,0.0,29.31712324124983,0.0,0.0091976647788099,cal_final_2008-09-30
08104900,hbv_lite_cma,evaluation,0.456041,0.639501,0.180797,-0.395961,115.46591,13,explicit_euler_dt1,hbv,success,,28.81,0.4171,2.104624088575872,5.029545640108745,0.0823930036743,0.0766213093858847,140.5154248806706,5.999999998580797,0.2000000018400367,0.8999999999912988,0.4999999983988168,1.7562300174075923e-08,9.999999988551536,0.0010000000014801,1.0092135351706204,0.0,0.0,1.3982389395470642,0.0,345.9778790609957,cal_final_2008-09-30
08109700,hbv_lite_cma,evaluation,0.562605,0.014403,0.950785,0.165166,648.160774,13,explicit_euler_dt1,hbv,success,,54.48,0.6233,-1.928601078577812,7.006492087285787,0.0996198671973998,0.1119949708300325,357.1653359276613,3.9395649987429073,0.5136371472605068,0.744539006244558,0.2023452965541559,17.253754797433658,1.7725328162682252,0.001000000005591,5.03613544343704,0.0,0.0,48.26489316978479,0.0,325.0266036888163,cal_final_2008-09-30
08150800,hbv_lite_cma,evaluation,0.116877,-0.034574,0.754704,0.09863,57.080644,13,explicit_euler_dt1,hbv,success,,28.62,0.3333,2.467034671938544,2.6111947849363344,0.0621985144769596,0.0518696251042237,999.9999991861756,2.348997845955807,0.3398845244512716,0.6575931104957663,0.2900026205872765,0.5685616598511417,0.6483822278560591,0.0010000000036857,1.1038362807060198,0.0,0.0,128.93212112441856,0.0,93.59801821434915,cal_final_2008-09-30
08158700,hbv_lite_cma,evaluation,0.705732,0.660239,0.267845,-0.045996,27.657509,13,explicit_euler_dt1,hbv,success,,28.08,0.61,0.9843744725615626,8.848491996465992,0.0493133290890617,0.1049739931210125,695.5420762355877,3.3320576763293137,0.7677689727919617,0.899999999958762,0.4365230030843535,17.731219684987177,4.384811431393902,0.0721923626887266,1.084475818042408,0.0,0.0,222.9051570186541,0.0,0.1703458577794674,cal_final_2008-09-30
08158810,hbv_lite_cma,evaluation,0.604788,0.632552,0.313809,0.129584,112.247383,13,explicit_euler_dt1,hbv,success,,28.29,0.6197,2.4999999865370155,0.5000000000605864,0.0016734365959361,0.1999999999952124,196.93269537829136,2.7187072511241994,0.2000000004759372,0.8999999999945675,0.4999999999951631,10.642969708651115,9.999999999457051,0.0505593613394149,1.040256460341005,0.0,0.0,1.7050679569258198,0.0,0.0685169737687771,cal_final_2008-09-30
08164300,hbv_lite_cma,evaluation,0.490632,0.42101,0.271333,-0.102676,54.20418,13,explicit_euler_dt1,hbv,success,,36.0,0.5773,-1.840682771300695,6.550070474574321,0.0937465999512972,0.0396518058032442,348.398703017056,5.999999998447392,0.4696485803835667,0.2981888835025094,0.3804123507008064,14.047696361314037,1.5826517493406582,0.001,2.3207425566476303,0.0,0.0,38.599274704001125,0.0,242.75620503647212,cal_final_2008-09-30
08164600,hbv_lite_cma,evaluation,0.701112,0.467658,0.427115,-0.136801,452.646435,13,explicit_euler_dt1,hbv,success,,27.79,0.6374,1.3204403532493862,1.297762864208147,0.0050828959872502,0.1985321769408566,131.38441369558916,5.999999966208489,0.2000000020042034,0.1131465871953038,0.4634414242954255,21.63213975341038,5.257209271340968,0.0010000000005848,1.1861955978328125,0.0,0.0,4.5932066099511175,0.0,511.5910173842952,cal_final_2008-09-30
08165300,hbv_lite_cma,evaluation,0.116375,-0.040883,0.880369,0.197476,2.436029,13,explicit_euler_dt1,hbv,success,,25.49,0.1066,0.830849057191311,1.6086705112845807,0.0762762211241393,0.1630462088995897,999.999998326941,1.000000002288738,0.2000000004684376,0.6306228331335192,0.3657146327631952,5.199928555177965e-08,4.075817010595456,0.0010000000006591,1.0201959170278716,0.0,0.0,61.31952341801632,0.0,310.5435460565692,cal_final_2008-09-30
08171300,hbv_lite_cma,evaluation,0.644951,0.362973,0.598556,-0.099274,39.739098,13,explicit_euler_dt1,hbv,success,,28.0,0.6765,-1.6826053065130542,0.5649233815875475,0.0070534454447741,0.1239903844687447,404.9792680035077,2.87540421049962,0.7734409629476171,0.751643698293809,0.1348747693719169,18.279973383471244,2.188863376448909,0.0010000016596213,1.8200718322930045,0.0,0.0,122.44393956583718,0.0,400.2743125033895,cal_final_2008-09-30
08175000,hbv_lite_cma,evaluation,0.507851,0.016402,0.891223,-0.182952,84.498611,13,explicit_euler_dt1,hbv,success,,40.3,0.5037,-0.3420293042871902,4.268815357914381,0.0346758023003513,0.0071215733518555,166.4030441700454,5.860175769241232,0.2000173493835943,0.3388431961955357,0.1967044186801941,27.51302941901457,6.515516030065404,0.0010000741199631,3.543473333679401,0.0,0.0,3.143059051569285,0.0,336.9001303778536,cal_final_2008-09-30
08176900,hbv_lite_cma,evaluation,0.296093,0.213629,0.509065,-0.223761,141.896473,13,explicit_euler_dt1,hbv,success,,30.22,0.5625,-1.244162140511308,7.540483789213338,0.0930876183718621,0.1985852699109256,214.40245151580783,5.999999944864541,0.2000000003407574,0.8999999999972101,0.1398468743829396,22.32838149261736,2.719651719155661,0.0010000000001506,1.8038349782998728,0.0,0.0,6.853060205878167,0.0,259.236611319273,cal_final_2008-09-30
08178880,hbv_lite_cma,evaluation,-0.23878,-0.179513,1.018377,0.507703,6.103983,13,explicit_euler_dt1,hbv,success,,43.68,0.2932,-0.6686411814838848,7.994423525028029,0.0025976942783277,0.0758835321108255,50.00000007714166,3.3290464735949974,0.2329527184229403,0.6826363010667861,0.0674723997080594,38.49432659950831,1.751530101875565,0.0010000000027512,3.783185997051352,0.0,0.0,0.0192076363086834,0.0,357.30826426469224,cal_final_2008-09-30
08189500,hbv_lite_cma,evaluation,0.530421,-0.289396,1.263913,0.078945,73.567082,13,explicit_euler_dt1,hbv,success,,38.28,0.6421,-2.3286328604112287,4.033149171842235,0.0154248289559273,0.004106013593352,196.439866603332,2.9652923613917874,0.2000001227610588,0.8999999710329747,0.4999991851220017,24.880938819855825,4.638515041159878,0.0010000001557036,3.649391528099007,0.0,0.0,8.350360383518376,0.0,345.24584810496964,cal_final_2008-09-30
08190000,hbv_lite_cma,evaluation,0.482282,0.26503,0.515287,-0.149798,5.135799,13,explicit_euler_dt1,hbv,success,,28.69,0.5848,2.0500045616627363,7.00952608859087,0.039072073277094,0.0825169757911162,562.8982526016624,1.0000000211483555,0.286396745244187,0.8999999948064056,0.1659162643811566,10.410344895727697,1.9820046693252835,0.0010000000095412,1.5093290896419542,0.0,0.0,57.764892723878205,0.0,293.82603718995784,cal_final_2008-09-30
08190500,hbv_lite_cma,evaluation,0.056174,-0.203783,-0.48462,-0.672564,11.170981,13,explicit_euler_dt1,hbv,success,,29.27,0.1834,0.1612340578904603,6.577238189967603,0.0766901598024393,0.1598679064324905,999.9999970455876,2.977140642972373,0.2974206388455265,0.8999999207253465,0.3783997577584621,2.033353845091539,0.1393010640277197,0.1121746368339412,1.0023981379709328,0.0,0.0,124.79179400247736,0.0,0.0084035383294822,cal_final_2008-09-30
08194200,hbv_lite_cma,evaluation,-0.468736,-1.795104,2.680232,0.299131,,13,explicit_euler_dt1,hbv,success,,28.67,0.2566,-2.465422399541626,7.056235301558871,0.0530048729807633,0.0947002223040294,144.84228866315112,1.9341220635653205,0.2000000000000643,0.6529380165488525,0.4999999999973024,94.6493923503548,1.5505992054718134,0.0010000000000007,2.587068356931775,0.0,0.0,56.807478838346135,0.0,154.59713319480238,cal_final_2008-09-30
08195000,hbv_lite_cma,evaluation,0.386097,0.434369,0.248536,0.074276,0.720673,13,explicit_euler_dt1,hbv,success,,28.18,0.2084,0.7418573830431314,2.7963175646460114,0.0283304532910672,0.0589789117754597,999.9999824285726,1.0000000353523324,0.314550568703377,0.8999999338754037,0.315687963621296,9.032917462923592,1.9881389833831025,0.0501554042244679,1.4840507987298956,0.0,0.0,105.53730749155248,0.0,2.228665771469049,cal_final_2008-09-30
08196000,hbv_lite_cma,evaluation,0.295924,0.33585,0.167428,-0.094204,2.335505,13,explicit_euler_dt1,hbv,success,,28.4,0.1032,0.2264662221747881,6.124253728750965,0.0309563848248442,0.0108518644823236,999.9999986319197,1.8376476220661528,0.6029946357923477,0.8999999906806981,0.0993921395017885,2.325271923593407,1.1974754466391304,0.0825692868699386,1.1381970555199816,0.0,0.0,245.21056242327,0.0,0.6338662224950914,cal_final_2008-09-30
08198500,hbv_lite_cma,evaluation,0.104055,-0.121777,0.994492,0.209347,30.684368,13,explicit_euler_dt1,hbv,success,,30.29,0.0566,-0.1928076129303022,5.163771350179438,0.0996927724415303,0.0408562706299099,469.34559547845777,1.3703231563758145,0.2031329505077672,0.8411520244036708,0.4826090337604951,7.544650318933839,0.2010207673105668,0.1979957605902519,1.9590302342377468,0.0,0.0,32.108747045021225,0.0,0.0137303230306808,cal_final_2008-09-30
08200000,hbv_lite_cma,evaluation,0.370933,0.225209,0.644161,0.086297,20.803218,13,explicit_euler_dt1,hbv,success,,52.37,0.1857,0.1349294456424434,4.839342055659516,0.0087281256848667,0.0126114881583345,50.00000000102864,5.999999999079975,0.492521526910003,0.622821926345706,0.0349521943393218,38.339487395796965,1.0301780831887482,0.0010000000004576,4.087695562637701,0.0,0.0,0.9484351162394552,0.0,293.5652727560092,cal_final_2008-09-30
08202700,hbv_lite_cma,evaluation,-0.000855,-1.8935,2.761954,2.761954,,13,explicit_euler_dt1,hbv,success,,27.19,0.2619,1.8854714868173368,5.776646543279462,0.0995670323649035,0.0839578716270226,266.3244355014348,5.998367627802413,0.2004695496166922,0.8999954280714542,0.0105106816225382,37.7110245934236,1.48263880642016,0.0010000165726196,1.768682907320671,0.0,0.0,13.457000885565176,0.0,145.3875866461566,cal_final_2008-09-30
08267500,hbv_lite_cma,evaluation,0.5188,0.721805,-0.152789,-0.066163,-0.745449,13,explicit_euler_dt1,hbv,success,,88.01,0.7298,1.7900171960946656,5.429088427990114,1.7333748692505074e-12,0.1999998773613437,111.62731334651252,1.3588810552818158,0.4344607469890062,0.1371114242829851,0.0113853470932116,99.99656242328535,6.698955224990128,0.0264917633809383,9.098772451041508,0.0,0.0,9.779568752024964,0.0,11.165065719459909,cal_final_2008-09-30
08269000,hbv_lite_cma,evaluation,0.564402,0.613271,-0.226548,-0.2827,-0.510739,13,explicit_euler_dt1,hbv,success,,71.06,0.6583,2.499999999139253,7.841142156956252,0.0474361836726978,3.832942731168789e-12,365.0389433406263,3.6544432135324514,0.9999999999999476,0.4202907677523708,0.010000000003548,70.6289495148686,5.103496603470026,0.0404521138511575,1.0031458631668346,0.0,0.0,183.94065958494616,0.0,2.829066515248535,cal_final_2008-09-30
08271000,hbv_lite_cma,evaluation,0.632389,0.701231,-0.241784,-0.186911,-0.84326,13,explicit_euler_dt1,hbv,success,,66.99,0.7558,0.9179408355281264,4.128628119464531,0.0926622566030184,0.04998230171324,158.82700776171728,1.5553997296556037,0.9999987099915671,0.0500090443356648,0.0102063536648068,72.73558309098645,5.091971909068742,0.0375644246109797,1.942116151267068,0.0,0.0,53.75053679437477,0.0,10.022586317924548,cal_final_2008-09-30
08324000,hbv_lite_cma,evaluation,0.686797,0.796823,-0.078184,-0.181525,-0.040791,13,explicit_euler_dt1,hbv,success,,50.24,0.7628,0.5200000234832363,5.311440201488958,2.6983322288914912e-06,2.3503119938940423e-11,505.6865658650945,2.8682354138315564,0.5148119101164311,0.5562389505909058,0.1245197642905427,0.6280736906552468,6.263347380491195,0.034659427217523,1.3392888438994548,0.0,0.0,138.9251286173669,0.0,1.1636689881183422,cal_final_2008-09-30
08377900,hbv_lite_cma,evaluation,0.53616,0.545547,-0.145489,-0.32895,-0.170708,13,explicit_euler_dt1,hbv,success,,40.78,0.7523,0.9600000102067554,4.849553920915601,0.067683004261437,7.041037134823276e-12,843.3374172533296,2.394348587905884,0.6404088403776413,0.6983239191359448,0.0909195677521805,56.68394279208584,9.999999671679715,0.0579943920308213,1.605307080707589,0.0,0.0,424.4951163003502,0.0,6.048542253287835,cal_final_2008-09-30
08378500,hbv_lite_cma,evaluation,0.538912,0.544205,-0.072035,-0.317538,0.793607,13,explicit_euler_dt1,hbv,success,,56.58,0.7612,2.020000356303401,7.079847610857782,0.0405617290675213,7.0442973421023015e-12,831.0679986378029,2.4783123205518773,0.809071892335629,0.050000000605057,0.0362374413826554,71.74642993659681,0.4326486773378665,0.0010000000018846,7.796418823857593,0.0,0.0,455.6304767896023,2.4511517841486388,245.3088228057078,cal_final_2008-09-30
08380500,hbv_lite_cma,evaluation,0.340414,0.343747,-0.255997,-0.394959,-0.366523,13,explicit_euler_dt1,hbv,success,,30.24,0.5552,0.5000001656667648,0.6852950068588547,0.0664722184066204,4.726563441918811e-11,267.883346286616,2.6511917846845408,0.7112884317883432,0.0509968381887929,0.0100000561493138,67.78614306681513,4.461972561521764,0.1588595128565924,1.0593122976194262,0.0,0.0,120.2504960400204,0.0,0.2041360526728668,cal_final_2008-09-30
09035800,hbv_lite_cma,evaluation,0.833868,0.834725,-0.117041,-0.09462,-0.717702,13,explicit_euler_dt1,hbv,success,,40.57,0.8544,-1.6000001278934055,1.2260504523038205,0.0927573284971258,0.0334747614010672,88.02927211599388,1.5868917171151904,0.9961392178059778,0.7264808262951092,0.3338062889272081,52.6057750879442,7.499235672629871,0.0380340189313497,1.0934702137163357,0.0,0.0,32.57802862783853,0.0,11.585184765513826,cal_final_2008-09-30
09035900,hbv_lite_cma,evaluation,0.8342,0.815186,-0.153255,-0.070229,-0.926126,13,explicit_euler_dt1,hbv,success,,44.98,0.8276,0.4999996907284094,3.1937630496620337,0.0999999959322046,0.0557420438717918,50.00035978907666,1.0000002239926162,0.9999999994946224,0.0500000669807924,0.0100000130577995,91.60218686161404,5.654013684706656,0.0513513639045381,2.500082483218109,0.0,0.0,15.951142305337532,0.0,10.418497310429416,cal_final_2008-09-30
09047700,hbv_lite_cma,evaluation,0.814146,0.69366,-0.241136,-0.129135,-0.772154,13,explicit_euler_dt1,hbv,success,,45.11,0.7701,0.2700000012619679,3.324640001867711,0.0342286541474138,7.1545206910140346e-12,999.9999984689592,1.0000000047131756,0.2906977883197348,0.764448002146047,0.3142234045180848,42.31664440944023,9.993063721037602,0.0431761438322407,1.0049208651287294,0.0,0.0,194.4325500220821,0.0,9.313297729005816,cal_final_2008-09-30
09065500,hbv_lite_cma,evaluation,0.758744,0.730564,-0.243272,-0.161916,-0.997723,13,explicit_euler_dt1,hbv,success,,47.6,0.8018,1.0400000464871,4.535494028306386,0.0380139358509396,4.101185553807152e-12,50.00000000480116,1.000000000020575,0.9999999999989602,0.0500000000022987,0.0382174205171665,99.99999999661011,4.802510507465592,0.1999999999865701,1.20528848303108,0.0,0.0,16.316386250959397,0.0,0.7803184921239786,cal_final_2008-09-30
09066000,hbv_lite_cma,evaluation,0.823616,0.763949,-0.179832,-0.167381,-0.598555,13,explicit_euler_dt1,hbv,success,,33.5,0.9033,-1.0199995700275724,3.601867697911687,0.0007456100733273,3.261777765770128e-12,257.9634520605532,1.417287232735602,0.7928797138814998,0.223149246944473,0.0948139227580591,99.99989203717136,9.999999838908678,0.0499107505569681,1.9664551804134387,0.0,0.0,93.55602116634124,0.0,8.16099377553278,cal_final_2008-09-30
09066200,hbv_lite_cma,evaluation,0.657708,0.692622,-0.176354,-0.259878,-0.492872,13,explicit_euler_dt1,hbv,success,,34.46,0.7429,-2.299908890687915,2.8809296775846485,0.0434270019690517,3.95825415901409e-08,404.5072675326284,1.4389649038279162,0.7874791238899437,0.8999664976680757,0.0873554862466838,99.99999896069852,9.999992519945405,0.043923541505015,1.2755501342197304,0.0,0.0,160.24338900110732,0.0,12.66354643738008,cal_final_2008-09-30
09066300,hbv_lite_cma,evaluation,0.694809,0.68489,-0.198413,-0.270786,-0.287583,13,explicit_euler_dt1,hbv,success,,43.46,0.847,-0.5999999062779591,4.606318302928653,0.0747318250534433,1.6415387969176727e-09,999.999971328504,2.78517267705768,0.5131140896233278,0.3870991809952688,0.0454924816015714,76.44110763302982,9.999762699796769,0.0440324246599201,1.195067801704967,0.0,0.0,527.6168562088931,0.0,9.0042206853231,cal_final_2008-09-30
09081600,hbv_lite_cma,evaluation,0.762443,0.874411,-0.004909,-0.045888,-0.52964,13,explicit_euler_dt1,hbv,success,,47.52,0.8177,-1.0899998617125592,1.7289126110970052,0.0979957045288293,1.1764675729738178e-11,168.63112690856656,1.000000000009894,0.9283827069231914,0.2874868255470736,0.2659996596494365,82.59511999669269,9.999999951693322,0.0379702949332813,1.3555244528459678,0.0,0.0,44.288627992661695,0.0,15.783642866620127,cal_final_2008-09-30
09107000,hbv_lite_cma,evaluation,0.772335,0.827263,-0.127961,-0.072207,-0.838215,13,explicit_euler_dt1,hbv,success,,77.29,0.8366,-1.0399982942376431,3.284603402342678,0.0782953376090835,3.7442814221265784e-10,999.9998291039852,1.000000649684991,0.5478763416049774,0.7920489555225289,0.3815796499817581,17.08985267998503,9.433108888613846,0.0368531876823569,5.967778539400487,0.0,0.0,294.8077522066924,0.0,12.518416001460658,cal_final_2008-09-30
09210500,hbv_lite_cma,evaluation,0.545963,0.752105,0.029553,-0.068505,0.088746,13,explicit_euler_dt1,hbv,success,,35.21,0.7362,-0.8499961292017089,1.5242234545563904,0.0406962731202504,2.554230975988688e-11,999.9997110345628,1.2438113446301455,0.9999960566479762,0.0885477336525992,0.205998233585955,98.83626466310578,5.1431551291281,0.0353239259603708,1.7992242990225509,0.0,0.0,318.38249278689534,0.0,5.473209961388562,cal_final_2008-09-30
09223000,hbv_lite_cma,evaluation,0.676838,0.723848,-0.09546,-0.156648,-0.045977,13,explicit_euler_dt1,hbv,success,,56.04,0.8505,-0.2999999238590911,3.560979147239424,0.0471324260133141,2.973978627283281e-12,999.9999990523216,1.8762024881701915,0.9999999993516308,0.0991203251784645,0.0918619515324834,53.11522899115446,8.390436001767975,0.0473672369962446,1.1541834241865168,0.0,0.0,423.12232481551786,0.0,3.669926219904225,cal_final_2008-09-30
09306242,hbv_lite_cma,evaluation,-0.134461,0.456806,-0.225127,-0.155505,-0.834822,13,explicit_euler_dt1,hbv,success,,73.28,0.6412,2.1961277435808944,4.281668175370417,0.0782044876205677,0.1979643691811915,210.22330649315023,5.583416542357584,0.2007785587496987,0.6513900122679535,0.0104157353638894,53.58298781948303,0.8377197276156212,0.0241025138743098,1.1356963191127525,0.0,0.0,12.417695786626137,0.0,0.3968147136375711,cal_final_2008-09-30
09312600,hbv_lite_cma,evaluation,0.525722,0.67222,-0.094261,-0.203296,-0.373089,13,explicit_euler_dt1,hbv,success,,70.55,0.8962,-2.209999989114864,1.6072253979770526,0.0716715420927127,0.0798816634420088,754.1552160972082,5.67424630800732,0.999999993714402,0.0532391149267193,0.0100005410405565,88.63938003780535,5.479235094383981,0.0835554065893256,9.29842641582453,0.0,0.0,373.4004780821815,0.0,0.0942792746771289,cal_final_2008-09-30
09352900,hbv_lite_cma,evaluation,0.678252,0.727453,-0.194295,-0.240711,-0.782645,13,explicit_euler_dt1,hbv,success,,28.25,0.6616,-1.4599999916654238,3.654741391473349,0.0897604077314746,1.493753901903252e-12,999.9999999971642,1.000000000025126,0.9999999998646748,0.091938297099634,0.3177266415326174,69.82353903445097,9.99999999995054,0.0482939965734491,1.723580208598278,0.0,0.0,515.356298844279,0.0,15.880289440450287,cal_final_2008-09-30
09378170,hbv_lite_cma,evaluation,0.539388,0.775007,0.023992,-0.025777,0.63879,13,explicit_euler_dt1,hbv,success,,48.34,0.9447,-0.1799998290833215,2.538928081622844,0.0054090619073135,2.765919171749233e-11,660.2407689219668,5.999999915367805,0.8776386797827158,0.2581896721210666,0.0100000001991275,87.74246028769409,7.177454890283336,0.0749498163072307,4.026175882990575,0.0,0.0,250.3058921578697,0.0,0.02265607795853,cal_final_2008-09-30
09386900,hbv_lite_cma,evaluation,0.294022,0.073724,-0.523607,-0.617996,6.334616,13,explicit_euler_dt1,hbv,success,,33.95,0.1771,-1.2499850536181814,1.5499696166223988,0.0001291878824945,2.359950323362524e-09,339.0112899496883,3.841928237024636,0.4343867285780776,0.2342595574253291,0.4542436557511795,26.40669505191962,0.4422328007335157,0.1217676044927265,2.0927355122267866,0.0,0.0,37.9972300851038,0.0,0.0006728539787061,cal_final_2008-09-30
09404450,hbv_lite_cma,evaluation,0.101882,0.341411,-0.262837,-0.39986,0.318207,13,explicit_euler_dt1,hbv,success,,47.59,0.8015,0.8926894000796914,1.54212357215783,0.0532923621961924,0.0783087487914811,521.7136925040074,1.662636735683052,0.4413279638079533,0.3585632808239432,0.0328844071494879,91.48581686881346,0.6243805372195075,0.0020532188433579,5.325708036516199,0.0,0.0,44.60178502583805,0.0,45.74193587135626,cal_final_2008-09-30
09430600,hbv_lite_cma,evaluation,-0.545946,0.220635,-0.292015,-0.231488,-0.337039,13,explicit_euler_dt1,hbv,success,,28.3,0.4627,1.584328615511902,7.665127057320207,0.0132059999271013,0.1999999912950053,106.74386586385812,5.99999952237425,0.2000001103124596,0.8999999747070101,0.4999990507244008,3.075459254175584e-07,4.599544250987813,0.0383029425969026,1.1617125172992353,0.0,0.0,7.282947189759618,0.0,0.050012855072826,cal_final_2008-09-30
09447800,hbv_lite_cma,evaluation,0.116365,-0.124059,-0.584248,-0.784725,1.003691,13,explicit_euler_dt1,hbv,success,,29.03,0.3096,-1.4106827173561216,1.1843912932892415,0.0147385418203827,0.1295990609568599,675.2340171205539,2.1924019673293222,0.2000000006394726,0.6065131114047309,0.4986965229543131,63.911850570470605,0.1834429209733701,0.0010000000163723,1.8881802326545367,0.0,0.0,74.88276234116285,0.0,17.739294532290803,cal_final_2008-09-30
09484600,hbv_lite_cma,evaluation,0.092481,0.421806,0.374166,0.125746,2.578098,13,explicit_euler_dt1,hbv,success,,29.29,0.066,0.1941003828060021,9.98081310306438,0.0522437061782979,0.1662430279185961,999.9999930332908,2.356153560524738,0.2000006542165105,0.8613611075237315,0.4999980404548751,0.5660713129889907,0.0003452108965451,0.1953463881637129,1.1299341266491791,0.0,0.0,109.6257646423968,0.0015633008872237,0.0013274216308245,cal_final_2008-09-30
09492400,hbv_lite_cma,evaluation,0.421093,0.345229,-0.359006,-0.535354,0.008404,13,explicit_euler_dt1,hbv,success,,34.94,0.5827,2.4999999999803784,1.74424833039588,0.0021379570362271,0.008944112010811,303.2191271813064,1.7556376346847549,0.9999999989628954,0.2078523164164435,0.1491970010365096,16.301721954066466,6.6251407397102255,0.0395535760941511,1.7666307356556596,0.0,0.0,150.49174013554304,0.0,12.785784525558883,cal_final_2008-09-30
09494000,hbv_lite_cma,evaluation,0.162,0.58188,-0.116562,-0.32961,0.778682,13,explicit_euler_dt1,hbv,success,,31.31,0.5462,0.666164283005541,9.952772636312526,0.0861805624515513,0.1720100867190884,440.6647866050122,3.7887695128314793,0.999947885610024,0.8995359070521767,0.220955509787545,3.166127469423183,5.73396689912569,0.0143064148962242,1.0011893901949231,0.0,0.0,227.4346965213685,0.0,9.29516245994736,cal_final_2008-09-30
09497980,hbv_lite_cma,evaluation,0.581101,0.612604,0.090581,-0.293731,3.10462,13,explicit_euler_dt1,hbv,success,,28.27,0.5777,1.3599763957977866,1.908763627217798,0.0194102850587766,3.1476255443473764e-07,999.999846485092,1.5049954197592628,0.2000102482642656,0.8999999624541949,0.0552239044778167,7.019729454534607,0.3845699363109136,0.0010000006494358,1.9217029174889213,0.0,0.0,159.36720823740538,0.0,102.62309368907836,cal_final_2008-09-30
09505350,hbv_lite_cma,evaluation,0.499341,0.452935,0.082082,-0.243431,,13,explicit_euler_dt1,hbv,success,,28.24,0.5828,0.6099908875223625,0.9516314886700208,0.013994993944366,0.0084644019100407,891.4314900795234,1.2234029310906502,0.2000000711228735,0.8999998981448916,0.499975765480081,0.0004038431342149,1.2852580172503922,0.0995439002411279,1.981640290682992,0.0,0.0,72.25874290541176,0.0,0.3034011535384801,cal_final_2008-09-30
09505800,hbv_lite_cma,evaluation,0.407913,0.42577,0.306241,-0.160927,2.16896,13,explicit_euler_dt1,hbv,success,,28.32,0.5968,-0.5707651977944073,1.1394995422245666,0.0997433434930049,0.1973110337774318,540.5211691692957,1.494268803931358,0.2560948670191602,0.695874368328791,0.3406161132482519,5.327900249756978,1.7613310531932314,0.0010000151968508,1.000751282278033,0.0,0.0,56.24466346527096,0.0,171.994912146808,cal_final_2008-09-30
09508300,hbv_lite_cma,evaluation,0.63909,0.551658,0.338119,0.015667,28078.89772,13,explicit_euler_dt1,hbv,success,,28.32,0.6445,2.4999999808562423,0.5000000001225638,0.0012926204570945,6.100686452923855e-09,50.000000018190775,2.211686139298962,0.200000000005106,0.8999999999856381,0.2101642311035805,8.703577491997137,0.8562530257725615,0.0010000000002147,1.2534586900099227,0.0,0.0,0.0804184956086171,0.0,137.82022067851494,cal_final_2008-09-30
09510200,hbv_lite_cma,evaluation,0.651485,0.279045,0.686221,-0.131642,6698.332805,13,explicit_euler_dt1,hbv,success,,28.47,0.753,-2.400852612442847,6.19793513256642,0.0121356907844659,0.1116028832907634,115.73482520453312,5.999999999962501,0.3500999109673799,0.8861416944834487,0.0646619981488809,37.83690292556038,2.6050418386391847,0.001000000000002,1.248146320651826,0.0,0.0,4.7946519877171125,0.0,158.15195462962083,cal_final_2008-09-30
09512280,hbv_lite_cma,evaluation,0.512736,-0.401693,1.343042,0.285028,,13,explicit_euler_dt1,hbv,success,,28.31,0.4138,-0.8697434085266298,0.6577297649091003,0.0362619986636071,0.1390686747037246,858.7285451884294,1.6319711215082922,0.9999994767627368,0.8999999939108921,0.4999994001717201,0.948326481686417,1.421327212619342,0.0010000000004203,1.8121828927617327,0.0,0.0,236.9712240984154,0.0,117.37850949971168,cal_final_2008-09-30
09513780,hbv_lite_cma,evaluation,0.392581,0.342178,0.007592,-0.193725,,13,explicit_euler_dt1,hbv,success,,20.91,0.5204,-1.901785023896633,2.603169416795448,0.0483788185291242,0.015903372943525,407.7927603190811,1.2745712690410742,0.2000000000003727,0.8999999999998064,0.499999999999755,3.656830481025062e-12,1.2479892207797938,0.1109313479005921,1.0001057944646228,0.0,0.0,19.130574960311773,0.0,0.0986624906716945,cal_final_2008-09-30
10234500,hbv_lite_cma,evaluation,0.740794,0.791954,-0.138909,-0.080773,-0.593424,13,explicit_euler_dt1,hbv,success,,60.33,0.9021,1.5099138208933134,2.183918603541512,0.0999978820472564,0.007574234955257,389.26103104848033,1.0468107929111716,0.2510954133469608,0.2773663226705564,0.0921661500252385,99.23053903331058,7.163021987616584,0.0225889682009882,1.0048233487838274,0.0,0.0,17.673664884767025,0.0,3.339334224374939,cal_final_2008-09-30
10244950,hbv_lite_cma,evaluation,0.675981,0.839432,-0.017074,-0.061824,-0.119628,13,explicit_euler_dt1,hbv,success,,77.2,0.8481,0.4700012340677828,1.775778859937951,0.0159653086381656,2.90854164708003e-09,235.6536708645786,1.9225731419068173,0.9999997500515174,0.5624300438449422,0.0386369490722032,99.99990595626488,6.025750554109935,0.0090840174875132,8.063423232820519,0.0,0.0,37.55173192756529,0.0,17.21707067717885,cal_final_2008-09-30
10259000,hbv_lite_cma,evaluation,0.212404,0.553877,-0.076796,-0.050191,-0.040326,13,explicit_euler_dt1,hbv,success,,27.92,0.9052,0.5893114745537789,9.758654622441783,0.0810907244641502,0.0407009559183963,78.94809060073277,2.2719732520742184,0.8168977305625691,0.8999999999619624,0.2555273307863109,8.58039051485677,8.980491431509693,0.0076086643672093,1.0037177883884427,0.0,0.0,0.2529881010928624,0.0,16.489684102094916,cal_final_2008-09-30
10336645,hbv_lite_cma,evaluation,0.690932,0.772562,-0.149921,-0.237977,0.576368,13,explicit_euler_dt1,hbv,success,,39.31,0.6981,0.799999877079812,2.969891202133144,0.0462629958284369,7.61347420281171e-10,127.2754330502952,1.578244326083718,0.9999996541823826,0.8999999313931634,0.3005505853878,30.50942221154596,9.999957971167245,0.0527796332362452,1.9952436595676688,0.0,0.0,1.0950076149011283,0.0,0.1074652605775623,cal_final_2008-09-30
10336660,hbv_lite_cma,evaluation,0.724898,0.531682,-0.35132,-0.375117,0.139983,13,explicit_euler_dt1,hbv,success,,32.04,0.6899,1.3899997101319967,2.6879663448493893,0.0407689075648798,0.0288531256195383,91.15231702333227,1.0000000095225556,0.9999998983486582,0.8999999048858834,0.3167072723496422,21.49107430929752,9.99999867873151,0.0626910798251595,1.0560384268198018,0.0,0.0,0.209057660623686,0.0,0.0282910239545826,cal_final_2008-09-30
10343500,hbv_lite_cma,evaluation,0.625537,0.656937,-0.100544,-0.154586,-0.270964,13,explicit_euler_dt1,hbv,success,,36.83,0.8396,-0.9300445008174664,2.245593840770922,0.0216274804689415,0.0130810696339517,999.9997025274612,1.0933702809374837,0.2001659374072823,0.8999840800796276,0.1882441687493635,45.80058657509019,6.590243407922404,0.0345782045248815,1.153562846722667,0.0,0.0,14.935966232806258,0.0,0.6730886034151723,cal_final_2008-09-30
11124500,hbv_lite_cma,evaluation,0.365513,0.645955,0.12219,-0.436674,,13,explicit_euler_dt1,hbv,success,,27.03,0.5913,1.433304069365949,6.747067406522806,0.0728022863606604,0.1999993670208951,999.9999975866843,1.872934144616187,0.2000000144914072,0.4194009512264972,0.3556551875070989,35.00258195957032,9.999999681360418,0.0010000000008607,1.1129191522674358,0.0,0.0,29.185037548589143,0.0,290.54727953124313,cal_final_2008-09-30
11141280,hbv_lite_cma,evaluation,0.49394,0.730579,-0.038002,-0.168544,0.66405,13,explicit_euler_dt1,hbv,success,,21.93,0.6952,-2.440537304728081,7.579441169188961,0.0786903567342786,0.1549354139917483,999.9999999999956,1.167458400701609,0.2734551456673476,0.8999999999999984,0.2084423980976316,10.108484783923322,3.6383001511322224,0.0103550790177056,1.661189466274613,0.0,0.0,27.99696882855204,0.0,7.517012825464602,cal_final_2008-09-30
11143000,hbv_lite_cma,evaluation,0.847906,0.889582,-0.040986,-0.042292,-0.326998,13,explicit_euler_dt1,hbv,success,,23.1,0.7894,0.049306381412884,9.831022772861395,0.0556282321057111,0.0866886578216356,730.3243521394699,2.1709184415746745,0.9999999999925444,0.4205353172020916,0.4069627998197432,89.72703472205977,9.999999999999952,0.0677329137994677,1.205660748534042,0.0,0.0,250.0710736429753,0.0,0.0015826448831221,cal_final_2008-09-30
11148900,hbv_lite_cma,evaluation,0.739054,0.709021,0.004681,-0.052929,,13,explicit_euler_dt1,hbv,success,,19.52,0.7225,1.5685185483935022,8.32888218407799,0.0116108064782312,0.0448396342187149,202.8820357438545,1.3697399401359842,0.9999999999988884,0.8999999999999686,0.4999999999997833,1.0841145802700579e-11,4.544335461767433,0.1782144384047629,1.0858371444994035,0.0,0.0,2.6050895693652096,0.0,6.371158674021426e-09,cal_final_2008-09-30
11151300,hbv_lite_cma,evaluation,0.420938,0.398788,-0.276112,-0.255795,-0.491433,13,explicit_euler_dt1,hbv,success,,27.99,0.1652,-1.183223541067541,6.638654335836186,0.0179432123575643,0.0606461503846884,999.9999998406744,3.500843388910724,0.4694139057581121,0.7547919010078908,0.3235097760900035,0.1534474071455384,3.94977889396576e-08,0.1984733581117671,1.187496334152682,0.0,0.0,59.45815992956388,0.0,7.488366885753062e-17,cal_final_2008-09-30
11176400,hbv_lite_cma,evaluation,0.566672,0.457969,-0.195132,-0.29659,,13,explicit_euler_dt1,hbv,success,,25.83,0.5217,-2.457318228362743,6.624021429733297,0.045392537738184,0.1192553025634748,999.99999898538,1.313800089624546,0.2000000116860782,0.8999983773152729,0.0602109530344564,3.141262562193592,0.2859587861236744,0.1496920599337996,1.0268403963985229,0.0,0.0,7.697157120667778,0.0,1.5312537570358572e-12,cal_final_2008-09-30
11230500,hbv_lite_cma,evaluation,0.61882,0.458825,-0.324072,-0.427731,0.64802,13,explicit_euler_dt1,hbv,success,,67.66,0.5533,-2.499999999999968,4.031019269034159,0.0252472509069518,8.396100881085986e-18,999.9999999999688,1.0000000000000588,0.5015506609324945,0.0500000000000017,0.01,5.482356251228029e-13,9.999999999999998,0.0195857133944717,1.552266224301353,0.0,0.0,179.78416822261906,0.0,24.27035650338654,cal_final_2008-09-30
11237500,hbv_lite_cma,evaluation,0.617428,0.736039,0.107808,-0.103919,5.02094,13,explicit_euler_dt1,hbv,success,,38.26,0.809,2.139998018264385,3.6649907367897647,5.779199246406135e-06,0.0106601674215212,342.8639338112335,1.2392963490700275,0.9999999866261248,0.2262090294399335,0.1703507445932915,30.55478495252476,9.87888741603205,0.0520243084735708,1.4615971377124837,0.0,0.0,57.60937902745499,0.0,0.346449110958657,cal_final_2008-09-30
11264500,hbv_lite_cma,evaluation,0.747794,0.866378,-0.00813,-0.077558,1.78504,13,explicit_euler_dt1,hbv,success,,68.95,0.8116,-1.890001851541013,2.223422729667841,0.035600302669083,0.006478368025386,195.63422996082696,1.0000012406686332,0.999999990931178,0.7753937288339479,0.1714028444299082,65.09228568852751,9.999982212071348,0.0368731793252449,1.941152304767293,0.0,0.0,6.6331612134569085,0.0,1.6859098186859511,cal_final_2008-09-30
11266500,hbv_lite_cma,evaluation,0.708214,0.854508,0.019488,-0.013996,1.143558,13,explicit_euler_dt1,hbv,success,,65.13,0.8207,-0.8899999849751283,2.3607601172650687,0.0073220038503636,1.6980730350367098e-12,207.60970736746296,1.0876474394214375,0.9685423057990834,0.3478577728638248,0.2030883073303959,97.0832562457678,9.728220791464498,0.0373460209299918,1.5277441490518502,0.0,0.0,7.242505723975904,0.0,1.434826963395662,cal_final_2008-09-30
11284400,hbv_lite_cma,evaluation,0.623305,0.60899,0.173917,-0.128781,,13,explicit_euler_dt1,hbv,success,,27.97,0.6866,0.4586086934275464,4.449952711394339,0.0578277282539065,0.0582844616048966,999.9979656632646,1.53413609361764,0.2000014839715033,0.8999906104649917,0.1845928818022127,20.79825280694758,1.2936750475515326,0.0010000021117471,1.264699887210238,0.0,0.0,15.339722161860625,0.0,248.67611774361256,cal_final_2008-09-30
11381500,hbv_lite_cma,evaluation,0.758727,0.802056,0.144481,0.04626,0.217582,13,explicit_euler_dt1,hbv,success,,28.53,0.7763,-1.1903745357489324,1.6359067828586624,0.0347443477996891,7.643409099003974e-07,717.5353510309642,1.1262109499899835,0.9999999909047784,0.8999997780540165,0.1989567504316454,38.5909687238993,9.342980306768736,0.0117664719897299,1.375738326890642,0.0,0.0,181.53824323193555,0.0,25.33127606336256,cal_final_2008-09-30
11451100,hbv_lite_cma,evaluation,0.617438,0.680167,-0.145111,-0.220015,0.621785,13,explicit_euler_dt1,hbv,success,,28.13,0.7472,-1.4300053940726916,0.5207623877458311,0.0561613360723408,0.19999708229845,205.8289316031908,1.0000005752539756,0.2000086324695895,0.7345571118643641,0.1482753537307477,27.28147772301895,4.892373474617665,0.0741203681164153,1.1932561140630629,0.0,0.0,2.991621279400326,0.0,0.0137129293201605,cal_final_2008-09-30
11468500,hbv_lite_cma,evaluation,0.80167,0.756259,0.18917,0.009187,10.503075,13,explicit_euler_dt1,hbv,success,,28.4,0.8245,2.499998266740856,8.336796722439473,0.08500492171942,0.1999997858619717,477.5621640856525,2.5101205493443857,0.8418710016078381,0.7497285443788413,0.1835887943307068,47.75566937401742,2.075597526294018,0.0010000000008667,1.2916648549370349,0.0,0.0,91.65470964144208,0.0,622.7600995567767,cal_final_2008-09-30
11473900,hbv_lite_cma,evaluation,0.766226,0.78895,0.162626,0.051932,1.214081,13,explicit_euler_dt1,hbv,success,,28.43,0.7742,-0.0700000214407996,0.5000000083609195,0.0659815226895688,1.0171977089023143e-09,999.999999947902,1.0719798867498458,0.2000000004951485,0.899999999776893,0.3996950261214597,24.53263780695722,9.506869628946632,0.0749954321594687,1.0243239391059893,0.0,0.0,49.63995312650939,0.0,0.1409643863352644,cal_final_2008-09-30
11475560,hbv_lite_cma,evaluation,0.805178,0.798827,-0.006686,-0.053421,-0.579833,13,explicit_euler_dt1,hbv,success,,26.8,0.8354,0.7099981890425204,2.296580297244487,0.021100438100434,0.199997239627824,550.0039825147356,2.29287713479122,0.9999999915503148,0.6829418258383372,0.2329163339981055,47.94488436600097,6.445051085100451,0.1087958967196526,1.8170126379000384,0.0,0.0,157.14330387557058,0.0,0.0611282874583702,cal_final_2008-09-30
11476600,hbv_lite_cma,evaluation,0.807675,0.810449,0.002238,-0.086219,-0.825697,13,explicit_euler_dt1,hbv,success,,26.98,0.8638,2.4600005272026,1.7091240999248014,0.0732023440192755,1.5940546016301713e-08,341.8595514662327,4.238227587257882,0.9999999946968964,0.5185577919173225,0.2286478931188895,63.156669807378606,5.081377493114665,0.1008037046380441,1.1544876226005494,0.0,0.0,71.38426086791688,0.0,0.0008107888009,cal_final_2008-09-30
11478500,hbv_lite_cma,evaluation,0.720171,0.783115,-0.005273,-0.112617,-0.447288,13,explicit_euler_dt1,hbv,success,,28.24,0.7905,0.7300000299859666,5.719747259497424,0.074479366341055,9.96487095934566e-10,106.48867201236844,1.1934800665748029,0.9999999972852412,0.7921579554836383,0.2837758916060661,37.82149262611093,4.5495644281003855,0.0833302674646584,1.667952497905446,0.0,0.0,2.360699048910853,0.0,0.0046928327890153,cal_final_2008-09-30
11480390,hbv_lite_cma,evaluation,0.776207,0.744202,0.218843,0.03496,125.65978,13,explicit_euler_dt1,hbv,success,,28.29,0.7699,-1.890000012164932,0.500000000591386,0.0092814345688782,3.0197566339827677e-10,845.4651781616216,1.000000018139796,0.3583808303796854,0.8843394132341817,0.2997186155828175,30.392951291798788,8.803267003336963,0.0966637751174127,1.357939816445659,0.0,0.0,82.56162656205407,0.0,0.0813168982402119,cal_final_2008-09-30
11481200,hbv_lite_cma,evaluation,0.760611,0.79122,0.028641,-0.059922,-0.110605,13,explicit_euler_dt1,hbv,success,,19.31,0.833,-1.6989962141755073,2.781849485393097,0.0653013238690769,0.1516805441753767,598.2918842699621,1.0,0.6295058079737658,0.8999999999999936,0.2748347690019122,27.697232528687664,4.797200473353761,0.0858763532725696,1.0014664349076237,0.0,0.0,123.6491390356175,0.0,0.1586017505797313,cal_final_2008-09-30
11482500,hbv_lite_cma,evaluation,0.838263,0.875771,0.084099,0.030711,-0.453553,13,explicit_euler_dt1,hbv,success,,27.46,0.8516,0.1200021235512278,4.036184217956315,0.0848994478855141,0.1999990590320476,392.5157523997029,2.682490968485649,0.9799186103432034,0.4141969243536434,0.1942064800254924,30.823586355272724,7.462315580662612,0.0825597387909896,1.9122894756567428,0.0,0.0,87.6082094528314,0.0,0.0171793374559868,cal_final_2008-09-30
11522500,hbv_lite_cma,evaluation,0.764176,0.806376,-0.027269,-0.153361,0.640233,13,explicit_euler_dt1,hbv,success,,32.27,0.7775,-1.1899924979875365,1.7952353397993042,0.0651668127802282,0.1235385077091649,88.82997040210014,1.0000002957465284,0.9999995438357288,0.8835089851793767,0.1995902896401977,99.99996955672866,9.646669771679283,0.0175198394286551,1.092039290265966,0.0,0.0,0.5743989280090612,0.0,11.838412939656491,cal_final_2008-09-30
11523200,hbv_lite_cma,evaluation,0.678197,0.801815,-0.01524,-0.107252,-0.288607,13,explicit_euler_dt1,hbv,success,,40.2,0.7535,1.230001570463506,2.752054545429208,0.0002797773214881,4.129411395130133e-09,90.05034719557437,1.0000001479207974,0.9999999984058484,0.0846902298263619,0.2391262102039173,83.52002843275223,9.671120462222929,0.0351286252019563,1.9152680977665024,0.0,0.0,0.5085525074908105,0.0,1.658559181710985,cal_final_2008-09-30
11528700,hbv_lite_cma,evaluation,0.716972,0.766024,0.142064,-0.038066,0.350279,13,explicit_euler_dt1,hbv,success,,28.72,0.8366,-0.0599999026284421,3.26215562584878,0.0998912931143172,1.9199965052091764e-08,963.9946947598768,1.0000039283633806,0.5035107770149498,0.701729396490604,0.3050651183146521,37.38010700853776,7.981831129613327,0.0481043136454803,1.474636301776727,0.0,0.0,146.54543576554877,0.0,0.1067962183959952,cal_final_2008-09-30
11532500,hbv_lite_cma,evaluation,0.841748,0.896642,0.065621,0.006041,-0.423368,13,explicit_euler_dt1,hbv,success,,28.01,0.8813,-0.0299999406150193,5.634559486094912,0.0380087228839706,8.627566252299372e-10,278.6008717097152,1.168658576350234,0.9706596496722282,0.8999999942149618,0.2785190694641807,53.69069355691369,9.999999344921331,0.0501325769132725,1.1568070061972802,0.0,0.0,43.21865379585085,0.0,0.3964935419259939,cal_final_2008-09-30
12010000,hbv_lite_cma,evaluation,0.85507,0.834376,-0.024039,-0.059701,-0.398525,13,explicit_euler_dt1,hbv,success,,36.11,0.8604,-0.9600165089642174,9.999725317317274,0.0249189591218653,0.1690818555450455,165.6047882364045,3.923100786313702,0.9543111072677496,0.5359417011992277,0.1829427683123728,66.84312793413365,3.4839689403234866,0.0374219527608121,2.9830314667221383,0.0,0.0,132.3573411817592,0.0,17.156243152543055,cal_final_2008-09-30
12013500,hbv_lite_cma,evaluation,0.79725,0.613634,0.379167,0.161343,2.381608,13,explicit_euler_dt1,hbv,success,,44.08,0.8014,-2.499999999863189,9.99999999985929,0.0999320811875293,1.6307057129244542e-08,999.9999999741189,1.000000000105623,0.2660109648028421,0.4727546676661152,0.1885319195515204,32.63816969470106,6.88144446831299,0.0668728523563476,3.639465058185467,0.0,0.0,603.5891074578267,0.0,18.87427287754428,cal_final_2008-09-30
12020000,hbv_lite_cma,evaluation,0.775813,0.83097,0.041993,-0.003945,-0.81778,13,explicit_euler_dt1,hbv,success,,30.64,0.474,-0.2399999828419226,9.999999142497362,0.0999368833696963,0.1612269173079872,184.6525172104277,3.8218472771329712,0.5548529062840861,0.8999999924852989,0.4476988920882978,40.582668695915565,7.826635889623709,0.1533440936906411,1.2806230457636998,0.0,0.0,90.89422380983436,0.0,0.4258306929271841,cal_final_2008-09-30
12025700,hbv_lite_cma,evaluation,0.83351,0.890057,-0.022566,-0.063429,-0.442104,13,explicit_euler_dt1,hbv,success,,28.37,0.8274,-2.4500000824795096,8.179596464681211,0.0893192632801143,4.751450825566943e-10,256.5256388950045,1.6242117424443725,0.9999999978286628,0.8999999737346088,0.3924382810819854,32.099439948193975,7.334859551307037,0.108761047662844,1.1224224913477612,0.0,0.0,107.03643085549676,0.0,1.242665276527888,cal_final_2008-09-30
12035000,hbv_lite_cma,evaluation,0.853494,0.816278,-0.073155,-0.107067,-0.365832,13,explicit_euler_dt1,hbv,success,,30.93,0.8715,0.7100000063149707,9.999999985133451,0.0083173998597204,1.360461538397475e-09,179.9454396022944,1.000000000435125,0.9999999987295763,0.8999999985023622,0.2311180982383039,58.04930121460444,6.878974792868505,0.0768495752892373,2.209493272130965,0.0,0.0,90.01357496348024,0.0,8.360751235932886,cal_final_2008-09-30
12040500,hbv_lite_cma,evaluation,0.75306,0.676356,-0.169307,-0.182734,-0.446508,13,explicit_euler_dt1,hbv,success,,28.03,0.8027,-2.180000132799886,1.9372473338618648,0.0290444247851104,4.299484113734568e-09,61.36086485480723,1.0000000179014912,0.999999995697998,0.8999999981751394,0.3158091579001275,40.84592634678988,4.188033475168788,0.0593021536003983,1.001251214327248,0.0,0.0,44.24789741704243,0.0,21.724770741287912,cal_final_2008-09-30
12041200,hbv_lite_cma,evaluation,0.622675,0.809044,-0.048106,0.022727,-0.343543,13,explicit_euler_dt1,hbv,success,,28.5,0.7449,-0.6700000159970232,0.6626348712874539,0.0807999755362631,2.079091616546386e-09,50.000000131826575,1.0000000006826768,0.9999999923838954,0.8999999976923868,0.3313108389153473,47.357070028984246,9.534943831483517,0.0277350016192304,1.7383505135776474,0.0,0.0,36.58758144467346,0.0,95.56901677061686,cal_final_2008-09-30
12048000,hbv_lite_cma,evaluation,0.201739,0.324771,0.085344,-0.377763,2.444581,13,explicit_euler_dt1,hbv,success,,41.34,0.2143,0.2599996626262535,0.5000000432752291,0.0999991116250864,0.006475504479952,953.5793541405512,1.0000000269676064,0.5054644782968563,0.0500000450365816,0.1639261139661213,99.99961426651706,9.999998768093484,0.0014348574125472,1.013062706405668,5353.759964496802,34.66829663468684,471.1275300179012,0.0,1403.1021655635077,cal_final_2008-09-30
12054000,hbv_lite_cma,evaluation,0.570298,0.768868,-0.091896,-0.101264,0.089509,13,explicit_euler_dt1,hbv,success,,28.58,0.6286,-1.960000278671789,1.4703103330602691,0.0999985301555861,0.0052236146531641,50.000027077507006,1.0000000008997452,0.9999997985538868,0.8999999826452206,0.4753804886877556,36.86137316386951,9.99999990750337,0.0176699487182182,1.1272449679146146,0.0,0.0,21.30085646277032,0.0,110.63094428474464,cal_final_2008-09-30
12056500,hbv_lite_cma,evaluation,0.662406,0.824272,-0.058945,-0.090167,0.133766,13,explicit_euler_dt1,hbv,success,,28.42,0.5827,-1.8299999782690768,1.3366725765488598,0.033663033124039,5.5017896195340425e-12,999.9999998678976,1.000000000003583,0.9999999999767016,0.8999999999927143,0.4465094867696091,37.69232164490307,9.999999987048051,0.0338733343506048,1.3486898742112152,0.0,0.0,692.4785399585879,0.0,63.22368303036044,cal_final_2008-09-30
12073500,hbv_lite_cma,evaluation,0.768258,0.71623,0.23063,-0.037739,1.40933,13,explicit_euler_dt1,hbv,success,,28.59,0.8142,-2.139997822443491,0.952325446488293,0.0961835615507211,2.7372184676398456e-07,312.94888958215387,2.711694089074133,0.2264204825453823,0.8999999922574948,0.1908466743619364,49.267929301342434,6.092695480851884,0.0010000000009301,1.7207212868500597,0.0,0.0,42.63660499290274,0.0,1409.4722656533197,cal_final_2008-09-30
12082500,hbv_lite_cma,evaluation,0.69458,0.83217,0.03284,-0.065962,0.423086,13,explicit_euler_dt1,hbv,success,,29.35,0.6889,-2.2499995087515288,1.7660348929113163,0.0381248948955242,0.0010126055797489,999.9999960838028,1.000000366389372,0.9279347802352717,0.8999998635905927,0.2174452159158143,63.44160453572205,9.999999756046822,0.0095181470733753,1.0463134774158525,0.0,0.0,634.9546892172598,0.0,317.71153885643787,cal_final_2008-09-30
12092000,hbv_lite_cma,evaluation,0.518535,0.751755,0.092442,-0.074763,0.752044,13,explicit_euler_dt1,hbv,success,,29.37,0.545,-1.2300000047176394,1.3311143180230642,0.0371290518682592,8.735570631365083e-13,999.99999763162,1.00000000029376,0.8734486051118835,0.8588861329408501,0.2613295838505297,99.99999986936926,9.99999999671721,0.0044621749018537,1.004467403160043,0.0,0.0,692.7217393428544,0.0,963.9802940167988,cal_final_2008-09-30
12114500,hbv_lite_cma,evaluation,0.636708,0.657697,-0.145182,-0.2361,0.381617,13,explicit_euler_dt1,hbv,success,,32.27,0.7268,0.2300000215430619,2.297827360334324,0.0033660832753251,8.669587333523951e-11,999.999991305878,1.0000000013321737,0.3390521363033378,0.899999937268848,0.3057874463078727,35.91162813512372,9.999999987462076,0.046085729416494,1.7852963078119162,0.0,0.0,656.4626921043623,0.0,34.95052071127382,cal_final_2008-09-30
12115000,hbv_lite_cma,evaluation,0.685139,0.686185,-0.077755,-0.204666,0.543299,13,explicit_euler_dt1,hbv,success,,28.47,0.754,0.0600000013567076,1.929205484494588,0.0562146473784128,2.334941988991097e-13,566.265709975105,1.000000000089611,0.999999996972414,0.8999999999596469,0.3120955908021678,43.06959464627288,9.999999999995978,0.0379035591761523,1.7198765439077577,0.0,0.0,378.4000669021388,0.0,49.71789302309043,cal_final_2008-09-30
12117000,hbv_lite_cma,evaluation,0.839853,0.819609,-0.057418,-0.156835,0.069093,13,explicit_euler_dt1,hbv,success,,28.34,0.8548,-2.3400000632659568,0.6010414182777216,0.0604460800363351,0.0109632819289271,999.9996358896832,1.9371851971970124,0.9863961633929988,0.8999999380946552,0.2639908953317672,54.6700905202072,9.99999991264207,0.0300296742337492,1.1091942396041066,0.0,0.0,762.9647627948145,0.0,64.36019932218332,cal_final_2008-09-30
12143600,hbv_lite_cma,evaluation,0.714854,0.776221,-0.071291,-0.164649,0.377228,13,explicit_euler_dt1,hbv,success,,28.27,0.7203,0.4699999945553674,2.4466956033302605,0.0849925306204045,7.196227446427948e-13,109.05380420363524,1.0000000129653737,0.9999999908913082,0.8999999982133202,0.3911919888075306,45.119203680589735,9.99999997931076,0.0246534830121557,1.4951655055334971,0.0,0.0,72.30366993200299,0.0,97.50148107217088,cal_final_2008-09-30
12144000,hbv_lite_cma,evaluation,0.695458,0.76117,-0.114304,-0.193696,0.016484,13,explicit_euler_dt1,hbv,success,,28.93,0.7332,0.2599994461554593,1.675402090888213,0.0257173652417898,0.001340698789954,683.2306301680366,1.0000002101962768,0.9999999260903324,0.8999981499170708,0.3196927878884815,40.06332762162991,9.999997868570848,0.0299245492372612,1.168860166712512,0.0,0.0,481.9504271695168,0.0,81.19203795722214,cal_final_2008-09-30
12145500,hbv_lite_cma,evaluation,0.845382,0.822431,0.010895,-0.073878,-0.327815,13,explicit_euler_dt1,hbv,success,,28.15,0.8886,-0.9400011809874128,0.6812245758260238,0.0837102728870638,5.497502530699912e-10,191.25228259921607,1.0476982669795218,0.2957652326687148,0.8999999998803353,0.2636402042715211,35.89797211238325,3.867542566514942,0.0730184967764448,1.0357834962084531,0.0,0.0,74.52289544481849,0.0,10.416059482149723,cal_final_2008-09-30
12147500,hbv_lite_cma,evaluation,0.656721,0.617974,-0.289775,-0.274571,-0.429807,13,explicit_euler_dt1,hbv,success,,28.42,0.6376,0.2598887927606581,1.0229361028287292,0.0738335955652915,0.1108318930503754,50.00206953034312,1.0002578625036531,0.999998962630538,0.899986235576907,0.4999153316879616,5.284628430156337,8.510244405561012,0.0407669999859034,1.006693443349996,0.0,0.0,39.5875986392925,0.0,50.22870624676185,cal_final_2008-09-30
12167000,hbv_lite_cma,evaluation,0.626551,0.553679,-0.227422,-0.312895,-0.073909,13,explicit_euler_dt1,hbv,success,,28.45,0.6698,-1.0100011933995132,0.6291858772075575,0.0397887959969679,2.556297970317259e-07,50.000017953722185,1.00000000240127,0.9999999476631964,0.5815546106207353,0.2417443794783545,30.86009765674772,5.988480206531231,0.0271789815256953,1.0095792705079238,0.0,0.0,31.190993396662137,0.0,42.3161488879403,cal_final_2008-09-30
12175500,hbv_lite_cma,evaluation,0.467932,0.7034,-0.130682,-0.204783,0.232407,13,explicit_euler_dt1,hbv,success,,29.99,0.5569,-2.4799875016830177,1.5312984305933048,0.0645845620041206,0.0026161361560939,458.5245624187615,1.0000000004968834,0.9999999890149778,0.8999998854755409,0.281925686797543,64.73359221139913,9.999999543474424,0.0160756083723904,1.6103670425191494,0.0,0.0,290.0348311720369,0.0,228.8686696406145,cal_final_2008-09-30
12178100,hbv_lite_cma,evaluation,0.480325,0.709099,-0.114964,-0.203748,0.232922,13,explicit_euler_dt1,hbv,success,,29.01,0.57,-2.4900003826999604,1.6768188358871727,0.0204601575084088,0.0398891677120811,216.64474667416616,1.0000011213992126,0.9999998657637372,0.8999923939157402,0.3486845262682064,55.72323545575355,9.999998567871229,0.0176980465986423,1.2241113842374844,0.0,0.0,116.27877112928948,0.0,147.95612401111504,cal_final_2008-09-30
12186000,hbv_lite_cma,evaluation,0.56987,0.721767,-0.177433,-0.191159,-0.038747,13,explicit_euler_dt1,hbv,success,,28.76,0.5656,-1.1400004918248152,1.6274035004225282,0.0651274023777411,0.000224215036058,62.82998570024884,1.0000000202874249,0.99999960569377,0.8999999984960323,0.3771309556037652,10.767667883772312,9.99999994640002,0.0271253971296468,1.2762294093510445,0.0,0.0,38.32261117064315,0.0,68.15191184643888,cal_final_2008-09-30
12189500,hbv_lite_cma,evaluation,0.42887,0.665494,-0.108949,-0.221138,0.17253,13,explicit_euler_dt1,hbv,success,,28.91,0.611,-1.710000045479354,1.2839534888500446,0.0244484350457111,1.3942458336708199e-12,999.9999964616144,1.0000000000326827,0.9999999998754312,0.8999999841713058,0.3992707317566659,43.426804777089,9.999999998258147,0.020247346155516,1.466854954835764,0.0,0.0,642.2491086368871,0.0,120.6028558632176,cal_final_2008-09-30
12375900,hbv_lite_cma,evaluation,0.53058,0.722955,0.023521,0.094574,-0.683437,13,explicit_euler_dt1,hbv,success,,55.79,0.7795,0.3683203865641955,1.9252364580803265,0.0433688777641915,0.0088315488546415,221.38091985604453,1.000018188436721,0.8026430617984135,0.5229690774372491,0.063285995283228,0.0062296610444649,9.870482217763984,0.0278842606176858,6.960343487837393,0.0,0.0,103.72957849167686,0.0,53.32113350931088,cal_final_2008-09-30
12377150,hbv_lite_cma,evaluation,0.718474,0.686745,-0.291056,-0.146448,-0.881791,13,explicit_euler_dt1,hbv,success,,39.91,0.7326,2.499993365489688,2.6949892219177114,0.0385043380022021,0.0102500812109078,50.000000078160525,1.0000000010574288,0.999999998316636,0.6213410584669226,0.373410236899837,80.28261726589422,9.99999999659494,0.0356362506066854,1.2901014348659,0.0,0.0,25.954261819457827,0.0,40.233359381370434,cal_final_2008-09-30
12381400,hbv_lite_cma,evaluation,0.265823,0.447642,0.319126,0.32304,-0.634105,13,explicit_euler_dt1,hbv,success,,67.01,0.8705,1.4899730962764095,3.4623885863958326,0.0998972163526896,0.0243071904297211,931.7968716103198,1.000000214765745,0.3654112978458658,0.1845500838774478,0.0681516609354298,79.43024019915008,9.999998871920356,0.0362065373887582,2.608640674894,0.0,0.0,246.0076473215452,0.0,14.222249669831331,cal_final_2008-09-30
12383500,hbv_lite_cma,evaluation,0.358105,0.574506,0.12462,0.204909,-0.389962,13,explicit_euler_dt1,hbv,success,,65.78,0.7344,2.4099858459239245,1.626776070862589,0.0388140846661313,0.0202606616233465,999.9997075062478,1.000002390687967,0.902933437871256,0.8142455137067962,0.1070371325360282,41.30323418878871,9.9999531647831,0.0165624316066569,1.4889738076882375,0.0,0.0,493.24274529532994,0.0,88.01607254628549,cal_final_2008-09-30
12390700,hbv_lite_cma,evaluation,0.607016,0.742541,0.179076,-0.054379,0.683405,13,explicit_euler_dt1,hbv,success,,32.71,0.7692,-0.940000008996576,1.7490357599086033,1.937145389222696e-05,3.2342491112267477e-10,475.6269031243223,1.330496123532238,0.2000000004622186,0.8844451484688663,0.4999999976088699,88.87567295575923,9.999999717628675,0.0289451490027686,2.038523955315772,0.0,0.0,79.83957080718429,0.0,10.98592743953185,cal_final_2008-09-30
12411000,hbv_lite_cma,evaluation,0.70145,0.845111,-0.044848,-0.063099,-0.493276,13,explicit_euler_dt1,hbv,success,,41.68,0.7644,-0.6199996490837154,2.5342906992224323,0.0217855975674428,1.904700769101469e-09,194.2925670100676,5.999990899254437,0.200087262795332,0.2406735408276735,0.4345292814067336,1.2731132462019164e-08,9.99999891838941,0.0353925050765515,3.205211133267385,0.0,0.0,55.83594794176947,0.0,2.165224444570097,cal_final_2008-09-30
12447390,hbv_lite_cma,evaluation,0.597637,0.52427,-0.246282,-0.376003,-0.581082,13,explicit_euler_dt1,hbv,success,,34.91,0.5752,-0.7799999141624379,9.013934453725234,0.0262382713005871,5.501903168773626e-10,999.9999844608176,1.0000000017538118,0.502455033921978,0.0500000002692756,0.0100000026045718,45.289402227730726,7.542907069206841,0.0332998807331346,1.0812930370420728,0.0,0.0,305.015191407372,0.0,11.866897301939794,cal_final_2008-09-30
12451000,hbv_lite_cma,evaluation,0.541855,0.756241,-0.105198,-0.046124,-0.178539,13,explicit_euler_dt1,hbv,success,,47.98,0.7178,-2.4999999996960405,1.8057668463302448,0.0571585723143113,4.2168542790808e-12,751.4558594038613,1.0000000000255236,0.999999998551648,0.8999999878506288,0.3200858567281266,47.1099554615352,9.999999975468238,0.028482982162775,1.863799431526605,0.0,0.0,408.2922229324279,0.0,44.446297932038526,cal_final_2008-09-30
12488500,hbv_lite_cma,evaluation,0.689915,0.772559,0.153872,-0.065809,1.061795,13,explicit_euler_dt1,hbv,success,,33.85,0.6259,-1.3199997962103285,2.83682719300873,0.0991239006611622,9.9903632424634e-11,999.998193946902,1.0957347004953817,0.365660211661676,0.4156221834392761,0.1091424141626182,99.99990514124674,9.999999978979304,0.0206157059416176,1.942034528007504,0.0,0.0,443.40460436626654,0.0,59.89523370232854,cal_final_2008-09-30
13011500,hbv_lite_cma,evaluation,0.773699,0.880459,0.041345,-0.040322,-0.080301,13,explicit_euler_dt1,hbv,success,,32.04,0.8417,-1.7299972181764856,2.753356836000401,0.002359207035613,8.59791234978667e-10,382.3947285098861,1.0882033930947097,0.9567126426559556,0.6465425707573645,0.3741736237213289,69.67210400350957,9.999999998559506,0.0514479832029354,1.7866436480754642,0.0,0.0,112.06635404669316,0.0,4.635311515950557,cal_final_2008-09-30
13011900,hbv_lite_cma,evaluation,0.69886,0.719923,0.09717,0.143742,-0.790322,13,explicit_euler_dt1,hbv,success,,34.96,0.8489,-0.0599999820007477,3.476696803655048,0.0246557239370717,1.0356765753801893e-11,999.9999991512866,1.000000005169814,0.8327020090684638,0.0517849844074449,0.0956782110795502,87.53351218741193,9.359078053723922,0.039331177708787,1.7146173013600348,0.0,0.0,440.4592297353196,0.0,16.19126909286567,cal_final_2008-09-30
13018300,hbv_lite_cma,evaluation,0.697863,0.756311,-0.196481,-0.116153,-0.691219,13,explicit_euler_dt1,hbv,success,,48.37,0.6342,0.0698695067019357,2.0084633078706986,0.0399089283360594,0.0090377684607119,999.98521421434,1.0000095344799893,0.3760983330192485,0.8930434087570179,0.0109885303735764,0.2532864576460358,6.965461856366254,0.0249260851549379,5.9834267490124615,0.0,0.0,145.96070127245608,0.0,11.686946854367664,cal_final_2008-09-30
13023000,hbv_lite_cma,evaluation,0.804231,0.722965,-0.187955,-0.220358,-0.478636,13,explicit_euler_dt1,hbv,success,,50.23,0.7805,-2.491054231708419,3.857233844520021,0.0996761590767423,4.8325358705724974e-08,999.9902031260324,1.0000013951759743,0.451146422317175,0.0942354099716397,0.0204539559091595,99.002535136261,9.866982361058898,0.0204740819360052,1.629280788197656,0.0,0.0,219.98311968108416,0.0,29.78634645200546,cal_final_2008-09-30
13161500,hbv_lite_cma,evaluation,0.663452,0.829302,0.041757,-0.015494,0.321075,13,explicit_euler_dt1,hbv,success,,34.61,0.8519,0.4600005074836835,9.999999949594349,0.0215035780157852,3.9222864426636575e-08,564.2680745490787,2.770446977982243,0.9999942551058252,0.6770533641364141,0.0105997522772433,88.83689293189617,3.3442329823983394,0.0413698074429599,1.416716855793512,0.0,0.0,149.2360265184897,0.0,0.228377533507463,cal_final_2008-09-30
13235000,hbv_lite_cma,evaluation,0.676443,0.75142,-0.031162,0.061431,-0.466587,13,explicit_euler_dt1,hbv,success,,38.44,0.6461,-0.839999972860789,3.013250449866129,0.0122452164723357,5.421535164439119e-12,50.00000060448623,1.00000005618435,0.9999999898842866,0.0721003019010903,0.0229177193445076,76.34521981365585,9.999999917281508,0.0215796274088709,3.6204584162126574,0.0,0.0,12.326793035897811,0.0,16.93781190133149,cal_final_2008-09-30
13240000,hbv_lite_cma,evaluation,0.718939,0.842835,-0.069545,-0.114373,-0.012223,13,explicit_euler_dt1,hbv,success,,29.06,0.8191,-1.6599998025258629,2.483032976355502,0.023378094820381,9.548226024813915e-11,171.70209799213492,1.0000000001816196,0.9999999656732446,0.5163895579555926,0.2591365637838301,33.34847634980104,9.99999998349608,0.0443630914694979,1.0050984418874804,0.0,0.0,44.303057100739686,0.0,7.485170511815388,cal_final_2008-09-30
13313000,hbv_lite_cma,evaluation,0.633663,0.613047,0.200589,0.205138,-0.118149,13,explicit_euler_dt1,hbv,success,,45.12,0.8068,-0.8800001061081524,2.885364795966969,0.0926030882109287,1.1197786356414954e-09,999.9999979848036,1.0000000069090416,0.8920284226390269,0.3617920212220546,0.2643607242121622,38.809200728327134,9.999999699275136,0.0445652929666786,1.401668839195372,0.0,0.0,405.3682911859283,0.0,10.000310685070678,cal_final_2008-09-30
13331500,hbv_lite_cma,evaluation,0.671153,0.772125,0.019294,0.099436,-0.051363,13,explicit_euler_dt1,hbv,success,,37.68,0.7902,0.919999999088585,1.3516677744553385,0.0354792247455992,1.7690485226040293e-12,75.57346947417845,1.000000003878366,0.999999999520106,0.8059407507645369,0.2471961807825002,65.40915429270508,9.999999996998334,0.046175422082416,1.7801424778028538,0.0,0.0,27.463336669202587,0.0,6.744356098817325,cal_final_2008-09-30
14020000,hbv_lite_cma,evaluation,0.41006,0.690549,-0.055101,-0.137343,-0.588722,13,explicit_euler_dt1,hbv,success,,30.98,0.5137,1.249999999989539,0.89731846262263,0.0597627315312589,4.688630750056284e-10,69.62321094831736,1.0000000648667304,0.9999999965682478,0.1062974677176293,0.2643408103114931,81.29601662862184,2.6710504752340327,0.0719647112751981,1.25850893833022,0.0,0.0,11.528421109055833,0.0,0.6082842128531356,cal_final_2008-09-30
14096850,hbv_lite_cma,evaluation,0.687088,0.59716,-0.126743,-0.291918,-0.129695,13,explicit_euler_dt1,hbv,success,,36.03,0.6355,-1.3399646230389295,1.0240202116455488,0.0745652840874718,0.038606451648705,999.993084617822,1.0000000005738474,0.2111664128616672,0.7039521316829895,0.1503256967229854,6.742586265531332,1.60035233225135,0.0108068911090453,1.9036870470578908,0.0,0.0,101.76812775996407,0.0,28.5167208654808,cal_final_2008-09-30
14137000,hbv_lite_cma,evaluation,0.795786,0.780103,-0.05167,-0.159398,0.002875,13,explicit_euler_dt1,hbv,success,,30.16,0.8003,-1.460000156382111,1.0699960468175087,0.0807001678282789,0.0009075780720896,913.070452429758,1.0000003789685954,0.9999999999999992,0.64989747943939,0.2211043032019033,45.70217953482064,7.271688657677396,0.0247944243035256,1.490880960025534,0.0,0.0,565.5418238766341,0.0,52.000960346435726,cal_final_2008-09-30
14138800,hbv_lite_cma,evaluation,0.689563,0.723046,-0.036578,-0.217618,1.203963,13,explicit_euler_dt1,hbv,success,,28.19,0.7189,-0.9400017869594036,1.6250334701433111,0.0999966356487652,0.1873140176139984,110.84687346677808,1.0000000473013235,0.9999999243544008,0.8999999867665631,0.452164720984928,21.373247616216894,7.724487399501248,0.030814633408864,1.313243200854611,0.0,0.0,56.351771286421965,0.0,30.507512947499432,cal_final_2008-09-30
14138870,hbv_lite_cma,evaluation,0.758317,0.814605,-0.072094,-0.15922,0.481939,13,explicit_euler_dt1,hbv,success,,28.22,0.7969,-0.3600003525562396,1.272983383658883,0.0123791005927158,7.541303714895627e-11,778.5378096551992,1.0000001365274274,0.9999994698017522,0.8999999816684205,0.3903970828727309,21.51864987758801,6.2810770875735376,0.0513618333739807,1.271429247980296,0.0,0.0,496.2876755029731,0.0,26.47715657648896,cal_final_2008-09-30
14138900,hbv_lite_cma,evaluation,0.652007,0.702797,-0.176891,-0.176497,-0.583456,13,explicit_euler_dt1,hbv,success,,28.26,0.7063,-0.4704319440748463,0.5871701599143752,0.0679640026785442,0.1999322849369192,199.74871618221343,1.0000686009180626,0.9999798421092416,0.8999226544030334,0.3946258687449209,27.2605988315694,4.969290445996616,0.049022128153649,1.8597564685419887,0.0,0.0,89.9937739514771,0.0,13.857889740249815,cal_final_2008-09-30
14139800,hbv_lite_cma,evaluation,0.768358,0.778388,-0.136351,-0.13721,-0.36469,13,explicit_euler_dt1,hbv,success,,28.16,0.7948,0.2899993826090243,1.1920535979564513,0.0005286375634457,2.566699883649456e-09,153.770619481005,1.0000000229142567,0.9999999750550208,0.8999999939647954,0.3547793463960553,30.912683478211537,5.0054305688232406,0.0522513003388557,1.1073528595392947,0.0,0.0,80.36417465791385,0.0,19.358485686233163,cal_final_2008-09-30
14141500,hbv_lite_cma,evaluation,0.805044,0.863377,-0.024786,-0.102195,0.259695,13,explicit_euler_dt1,hbv,success,,28.18,0.8037,0.4299992422779803,0.9586145040192696,0.0080554848289537,3.2166192198796074e-09,810.8603519233524,1.0000028987867284,0.99999996391452,0.8999999767797147,0.377181999717731,27.230324513630617,6.336935763668646,0.0533607579630411,1.69305392592009,0.0,0.0,519.4259523100699,0.0,27.351474636197988,cal_final_2008-09-30
14154500,hbv_lite_cma,evaluation,0.758166,0.790102,0.031329,-0.150365,0.634876,13,explicit_euler_dt1,hbv,success,,28.18,0.7942,-1.1299998616246492,0.539049250898927,7.90123804514014e-05,4.066219223087451e-11,789.5653332983981,1.000000000083992,0.2649681035997303,0.8999999842347719,0.3656030796606479,19.40386958956844,5.57875868850486,0.1105886095771309,1.288821083170337,0.0,0.0,188.29807074813417,0.0,0.3489107355384362,cal_final_2008-09-30
14158790,hbv_lite_cma,evaluation,0.725223,0.761441,-0.080951,-0.216465,0.278322,13,explicit_euler_dt1,hbv,success,,32.21,0.6859,-1.6300002543346603,1.556001851800184,0.0412172735241024,0.0001380330764989,209.37776777833287,1.547501321760559,0.9999999764783818,0.509801006665155,0.4000015800997628,30.454525507271168,9.999999866211398,0.0423892298642008,1.287140417187158,0.0,0.0,64.40323370568679,0.0,4.504228544278058,cal_final_2008-09-30
14166500,hbv_lite_cma,evaluation,0.823088,0.801509,0.168191,0.118881,-0.91636,13,explicit_euler_dt1,hbv,success,,41.18,0.8857,-0.2100012650497431,1.404907443459678,0.0415421920126807,0.0058748210336963,260.3458941014678,2.184008780819433,0.200001146134719,0.4154130090800034,0.236360551806716,23.556934243158885,5.071024460586315,0.0763154650122004,2.147722238140767,0.0,0.0,10.178995464092452,0.0,0.0037421710245158,cal_final_2008-09-30
14182500,hbv_lite_cma,evaluation,0.722927,0.698177,-0.086875,-0.16745,0.154521,13,explicit_euler_dt1,hbv,success,,28.33,0.7501,-0.7800000125860251,1.1759154298340038,0.0391750086505997,2.5336363396530124e-09,87.37711861931183,1.0000000010202432,0.9999999981221784,0.8999999449153384,0.3396153398270392,44.09526901135564,6.761674598376372,0.047215240937239,1.003477525023431,0.0,0.0,29.262447927084672,0.0,6.339001905860156,cal_final_2008-09-30
14185000,hbv_lite_cma,evaluation,0.808368,0.844309,0.078351,-0.047232,0.540909,13,explicit_euler_dt1,hbv,success,,28.31,0.8187,-2.070000001704692,0.500000001706856,0.0549773352660306,3.06648189300419e-10,644.4957903424765,1.0000000091647974,0.5623284826417397,0.6607200474541836,0.210449729572634,31.24442399371309,5.638626364924926,0.0612619121686435,1.4668660874939792,0.0,0.0,221.3046626087643,0.0,4.102303680606678,cal_final_2008-09-30
14185900,hbv_lite_cma,evaluation,0.810598,0.764817,-0.118156,-0.206892,-0.158074,13,explicit_euler_dt1,hbv,success,,28.31,0.7916,-0.7600000015461472,1.970863205028819,0.0987535068052018,1.290309771679804e-12,150.60223124295248,1.0000000003592102,0.9999999999531752,0.8999999994681214,0.4999999968570495,31.135585466379297,8.829704486615416,0.1014390422410895,1.4992165508636832,0.0,0.0,40.92919135051899,0.0,1.5032897325735812,cal_final_2008-09-30
14187000,hbv_lite_cma,evaluation,0.836614,0.830635,0.054377,-0.074063,0.05822,13,explicit_euler_dt1,hbv,success,,28.45,0.8324,-1.9200112149208088,0.7362962698849443,0.0686805955571804,1.0577815859821379e-10,477.5394799423877,1.000001525271786,0.2000010093742375,0.3604572163776909,0.2115961246304877,17.276445339797135,5.864002093163204,0.1053754193178301,1.110711331815147,0.0,0.0,46.25243090487077,0.0,0.6472178084723178,cal_final_2008-09-30
14216500,hbv_lite_cma,evaluation,0.642491,0.677221,-0.096055,-0.207947,-0.219043,13,explicit_euler_dt1,hbv,success,,64.97,0.703,-1.4999999911303434,1.6217604187108992,0.0878986389464982,8.123338491141806e-10,332.6653698934614,1.398187910898756,0.9999999999368676,0.0772706667675781,0.1469531921989211,11.965268661858042,9.999999999871635,0.0268059835557325,1.884933160218636,0.0,0.0,138.47029288020445,0.0,25.2594565868256,cal_final_2008-09-30
14222500,hbv_lite_cma,evaluation,0.773849,0.80505,0.006333,-0.087568,0.174135,13,explicit_euler_dt1,hbv,success,,28.58,0.8581,-0.66999987892402,3.2746424386752206,0.0316408449555738,9.632677571330574e-10,430.2616857343885,1.4668555884567556,0.9999999847249484,0.8344046610087235,0.2273396896353145,73.38735577344394,5.937897373144509,0.0427929064772278,1.2680579290380507,0.0,0.0,204.8466908751494,0.0,8.178527795530348,cal_final_2008-09-30
14236200,hbv_lite_cma,evaluation,0.737594,0.693088,-0.130554,-0.212027,-0.338613,13,explicit_euler_dt1,hbv,success,,28.21,0.8009,0.3899999549880699,0.8998100655037736,0.0762691537054235,8.880505509268714e-11,179.60457446524794,1.0000001284114974,0.9999999962159224,0.8999999946281111,0.3528098236565828,64.58359935564594,7.587944754515053,0.0788386714112752,1.7718686948543645,0.0,0.0,73.60086249049533,0.0,4.957099934097726,cal_final_2008-09-30
14301000,hbv_lite_cma,evaluation,0.888686,0.745394,0.251009,0.065183,1.943568,13,explicit_euler_dt1,hbv,success,,44.43,0.8641,-2.4707677488849016,2.5477741713039403,0.066832182263007,2.0170814859786128e-05,999.999855285038,1.0000004042079615,0.2584686517343061,0.5912878990259041,0.2525611017175818,46.37017346071202,6.701224720334279,0.074390605557652,3.0944513704260883,0.0,0.0,497.2288884512038,0.0,6.248276842424822,cal_final_2008-09-30
14303200,hbv_lite_cma,evaluation,0.80389,0.786372,0.096264,-0.100857,0.440583,13,explicit_euler_dt1,hbv,success,,28.79,0.8151,0.8300000286182092,3.440836751696402,0.0804850560812003,1.5290281488947654e-09,999.9999996707598,1.0000000013005852,0.5969885855621075,0.8999999956309566,0.1647320306061523,86.85219528502746,8.603324374848558,0.0560880979799925,1.876943338044472,0.0,0.0,543.0444985745353,0.0,8.207721507215856,cal_final_2008-09-30
14305500,hbv_lite_cma,evaluation,0.83886,0.914325,0.028797,0.016674,-0.614613,13,explicit_euler_dt1,hbv,success,,27.99,0.8788,-1.2400002738999132,0.5000000000284844,0.0408264599826668,1.927024274406532e-08,353.50518874401433,2.1456073043528017,0.9999999992258646,0.8999999997656711,0.324241898095543,75.18005394104947,9.999999954209002,0.0777196272816086,1.1315485136522194,0.0,0.0,157.4885661255991,0.0,1.4040042114399172,cal_final_2008-09-30
14306340,hbv_lite_cma,evaluation,0.817386,0.844212,0.099062,0.004758,-0.897633,13,explicit_euler_dt1,hbv,success,,37.06,0.8154,-0.4300000717988452,0.500000001490865,0.0084506925329257,1.4204756453872385e-08,279.0839951922277,2.9598177615102963,0.2000000007833081,0.4166261406086461,0.2701331146854425,38.80065458787429,9.501191763433022,0.0890093705137489,2.396178639972748,0.0,0.0,19.141157757617723,0.0,0.0021328503924558,cal_final_2008-09-30
14306500,hbv_lite_cma,evaluation,0.832913,0.776794,0.209277,0.067105,0.085494,13,explicit_euler_dt1,hbv,success,,49.56,0.8433,-1.4902775317936896,4.188082929325217,0.0047198649708011,0.0051988135823723,704.4719612538589,1.000007387470904,0.2979650849577925,0.2913683313013072,0.180699144354528,28.33017856305801,7.708359554488343,0.083849027137578,3.004977107240273,0.0,0.0,185.0746304698657,0.0,2.52714136999239,cal_final_2008-09-30
14308990,hbv_lite_cma,evaluation,0.67072,0.618615,0.068881,-0.152183,-0.04146,13,explicit_euler_dt1,hbv,success,,28.88,0.7721,-0.5700078462088447,1.192518049719638,0.0055111510757179,0.0007136876086,999.9998798215134,1.000005918074634,0.2000000002787556,0.8741935828156705,0.4971991243025732,75.96927081571539,5.3481447228646175,0.0765580629999087,1.0168101583885796,0.0,0.0,98.222775951563,0.0,0.0532762526316902,cal_final_2008-09-30
14309500,hbv_lite_cma,evaluation,0.691058,0.639894,0.331091,0.038309,11.856556,13,explicit_euler_dt1,hbv,success,,28.14,0.7665,0.230000506248071,3.8422596552491135,0.0316283593215547,1.7737213152706584e-08,932.938638055951,1.000000000293182,0.5260504787945346,0.6515670779657597,0.1589883361061495,43.39743766866297,1.710540597364782,0.001000000016709,1.680738595280418,0.0,0.0,268.2043810281256,0.0,891.1710607410872,cal_final_2008-09-30
14316700,hbv_lite_cma,evaluation,0.780166,0.80319,-0.010375,-0.152756,-0.489376,13,explicit_euler_dt1,hbv,success,,28.46,0.812,-1.3999998360038444,0.886449234151474,0.0097506775893902,3.9898594511323525e-10,359.3690800992941,1.000000001060336,0.2000000100085196,0.8999999778296173,0.3684429391465676,21.41997869049796,6.608834268186072,0.0878936051607822,1.0859470387523826,0.0,0.0,8.43806555173421,0.0,0.0389116917640393,cal_final_2008-09-30
14325000,hbv_lite_cma,evaluation,0.759674,0.725495,0.240953,0.001754,2.007443,13,explicit_euler_dt1,hbv,success,,28.16,0.7476,0.4299991613978235,1.5677359584736428,0.0064510818478586,0.1999859813639336,999.9999886914792,1.0000000486345657,0.3787181571180474,0.7406498549905891,0.178707955781418,48.39744944605143,7.894884487126489,0.0648806043260907,1.200376201986995,0.0,0.0,443.3164980324204,0.0,2.804083656322709,cal_final_2008-09-30
14362250,hbv_lite_cma,evaluation,0.428342,-0.003374,0.956443,0.365611,44.72644,13,explicit_euler_dt1,hbv,success,,49.49,0.6651,0.7699978824042928,4.020437907869207,1.1753928441806837e-06,0.1999999991001907,999.9998570954552,1.96894647953477,0.2000000052254834,0.8999999853920893,0.1186241737231402,13.294771902669384,1.4217891852672635,0.0010000000001785,4.471653052998291,0.0,0.0,74.07243475608443,0.0,388.0134933681983,cal_final_2008-09-30
14400000,hbv_lite_cma,evaluation,0.84958,0.912489,0.011653,-0.063455,-0.192925,13,explicit_euler_dt1,hbv,success,,27.98,0.8795,0.3700000134483723,1.7635166759630057,0.0076446611497163,1.47945142976447e-08,186.3632086400177,1.4279121132183454,0.9648712444284636,0.8999999988278952,0.2410946023986496,59.97410669986984,8.868104968808245,0.0841600868074881,1.8527789269928367,0.0,0.0,28.02292903730321,0.0,0.1374330372360954,cal_final_2008-09-30
