=== COMPLETE LINUX SAFETY TEST GATE ===
............EEEEEEEEEE....................EEEEEEEEEEEEEEEFsFF........... [ 25%]
.....................s...............................FF..FFFFF....sFFFF. [ 51%]
...........s...............................F....s......................s [ 77%]
sE.EEEEE.......s.....................FF.FFFF.FF....EEEEEEE....           [100%]
==================================== ERRORS ====================================
_ ERROR at setup of test_classification_declares_thresholds_and_covers_every_basin _

tmp_path_factory = TempPathFactory(_given_basetemp=None, _trace=<pluggy._tracing.TagTracerSub object at 0x2b3fbd367ed0>, _basetemp=PosixPath('/tmp/pytest-of-sunyiq/pytest-0'), _retention_count=3, _retention_policy='all')

    @pytest.fixture(scope="module")
    def packages(tmp_path_factory) -> Path:
        root = tmp_path_factory.mktemp("eligibility")
        camels_root = write_camels_tree(root / "camels_us", frozen_64_basins())
        source_root = root / "development_source"
        package_root = root / "packages"
>       build_source(source_root, camels_root)

../../../src/unified_autoresearch/tests/test_basin_eligibility.py:33: 
_ _ _ _ _ _ _ _ _ _ _ _ _ _ _ _ _ _ _ _ _ _ _ _ _ _ _ _ _ _ _ _ _ _ _ _ _ _ _ _ 
../../../src/unified_autoresearch/tests/test_scaleup_64_data_base.py:85: in build_source
    return build_development_source_root(
src/unified_autoresearch/data/real_source.py:145: in build_development_source_root
    static_attributes = _frozen_static_attributes(static_table_path, basins, selection["static_sha256"])
                        ^^^^^^^^^^^^^^^^^^^^^^^^^^^^^^^^^^^^^^^^^^^^^^^^^^^^^^^^^^^^^^^^^^^^^^^^^^^^^^^^
src/unified_autoresearch/data/real_source.py:104: in _frozen_static_attributes
    if _sha256(static_table_path) != expected_static_sha256:
       ^^^^^^^^^^^^^^^^^^^^^^^^^^
src/unified_autoresearch/data/real_source.py:41: in _sha256
    with path.open("rb") as stream:
         ^^^^^^^^^^^^^^^
_ _ _ _ _ _ _ _ _ _ _ _ _ _ _ _ _ _ _ _ _ _ _ _ _ _ _ _ _ _ _ _ _ _ _ _ _ _ _ _ 

self = PosixPath('/data1/home/sunyiq/autoresearch64/runs/unified_autoresearch/dlopen_timezone_fix_validation_20260809_seq24/src/fair_benchmark/frozen/bundle/track0_statics.csv')
mode = 'rb', buffering = -1, encoding = None, errors = None, newline = None

    def open(self, mode='r', buffering=-1, encoding=None,
             errors=None, newline=None):
        """
        Open the file pointed by this path and return a file object, as
        the built-in open() function does.
        """
        if "b" not in mode:
            encoding = io.text_encoding(encoding)
>       return io.open(self, mode, buffering, encoding, errors, newline)
               ^^^^^^^^^^^^^^^^^^^^^^^^^^^^^^^^^^^^^^^^^^^^^^^^^^^^^^^^^
E       FileNotFoundError: [Errno 2] No such file or directory: '/data1/home/sunyiq/autoresearch64/runs/unified_autoresearch/dlopen_timezone_fix_validation_20260809_seq24/src/fair_benchmark/frozen/bundle/track0_statics.csv'

../../../../miniconda3/envs/nh_final/lib/python3.11/pathlib.py:1044: FileNotFoundError
_ ERROR at setup of test_classification_reports_both_protocols_for_every_basin _

tmp_path_factory = TempPathFactory(_given_basetemp=None, _trace=<pluggy._tracing.TagTracerSub object at 0x2b3fbd367ed0>, _basetemp=PosixPath('/tmp/pytest-of-sunyiq/pytest-0'), _retention_count=3, _retention_policy='all')

    @pytest.fixture(scope="module")
    def packages(tmp_path_factory) -> Path:
        root = tmp_path_factory.mktemp("eligibility")
        camels_root = write_camels_tree(root / "camels_us", frozen_64_basins())
        source_root = root / "development_source"
        package_root = root / "packages"
>       build_source(source_root, camels_root)

../../../src/unified_autoresearch/tests/test_basin_eligibility.py:33: 
_ _ _ _ _ _ _ _ _ _ _ _ _ _ _ _ _ _ _ _ _ _ _ _ _ _ _ _ _ _ _ _ _ _ _ _ _ _ _ _ 
../../../src/unified_autoresearch/tests/test_scaleup_64_data_base.py:85: in build_source
    return build_development_source_root(
src/unified_autoresearch/data/real_source.py:145: in build_development_source_root
    static_attributes = _frozen_static_attributes(static_table_path, basins, selection["static_sha256"])
                        ^^^^^^^^^^^^^^^^^^^^^^^^^^^^^^^^^^^^^^^^^^^^^^^^^^^^^^^^^^^^^^^^^^^^^^^^^^^^^^^^
src/unified_autoresearch/data/real_source.py:104: in _frozen_static_attributes
    if _sha256(static_table_path) != expected_static_sha256:
       ^^^^^^^^^^^^^^^^^^^^^^^^^^
src/unified_autoresearch/data/real_source.py:41: in _sha256
    with path.open("rb") as stream:
         ^^^^^^^^^^^^^^^
_ _ _ _ _ _ _ _ _ _ _ _ _ _ _ _ _ _ _ _ _ _ _ _ _ _ _ _ _ _ _ _ _ _ _ _ _ _ _ _ 

self = PosixPath('/data1/home/sunyiq/autoresearch64/runs/unified_autoresearch/dlopen_timezone_fix_validation_20260809_seq24/src/fair_benchmark/frozen/bundle/track0_statics.csv')
mode = 'rb', buffering = -1, encoding = None, errors = None, newline = None

    def open(self, mode='r', buffering=-1, encoding=None,
             errors=None, newline=None):
        """
        Open the file pointed by this path and return a file object, as
        the built-in open() function does.
        """
        if "b" not in mode:
            encoding = io.text_encoding(encoding)
>       return io.open(self, mode, buffering, encoding, errors, newline)
               ^^^^^^^^^^^^^^^^^^^^^^^^^^^^^^^^^^^^^^^^^^^^^^^^^^^^^^^^^
E       FileNotFoundError: [Errno 2] No such file or directory: '/data1/home/sunyiq/autoresearch64/runs/unified_autoresearch/dlopen_timezone_fix_validation_20260809_seq24/src/fair_benchmark/frozen/bundle/track0_statics.csv'

../../../../miniconda3/envs/nh_final/lib/python3.11/pathlib.py:1044: FileNotFoundError
_ ERROR at setup of test_classification_is_written_once_and_refuses_to_overwrite _

tmp_path_factory = TempPathFactory(_given_basetemp=None, _trace=<pluggy._tracing.TagTracerSub object at 0x2b3fbd367ed0>, _basetemp=PosixPath('/tmp/pytest-of-sunyiq/pytest-0'), _retention_count=3, _retention_policy='all')

    @pytest.fixture(scope="module")
    def packages(tmp_path_factory) -> Path:
        root = tmp_path_factory.mktemp("eligibility")
        camels_root = write_camels_tree(root / "camels_us", frozen_64_basins())
        source_root = root / "development_source"
        package_root = root / "packages"
>       build_source(source_root, camels_root)

../../../src/unified_autoresearch/tests/test_basin_eligibility.py:33: 
_ _ _ _ _ _ _ _ _ _ _ _ _ _ _ _ _ _ _ _ _ _ _ _ _ _ _ _ _ _ _ _ _ _ _ _ _ _ _ _ 
../../../src/unified_autoresearch/tests/test_scaleup_64_data_base.py:85: in build_source
    return build_development_source_root(
src/unified_autoresearch/data/real_source.py:145: in build_development_source_root
    static_attributes = _frozen_static_attributes(static_table_path, basins, selection["static_sha256"])
                        ^^^^^^^^^^^^^^^^^^^^^^^^^^^^^^^^^^^^^^^^^^^^^^^^^^^^^^^^^^^^^^^^^^^^^^^^^^^^^^^^
src/unified_autoresearch/data/real_source.py:104: in _frozen_static_attributes
    if _sha256(static_table_path) != expected_static_sha256:
       ^^^^^^^^^^^^^^^^^^^^^^^^^^
src/unified_autoresearch/data/real_source.py:41: in _sha256
    with path.open("rb") as stream:
         ^^^^^^^^^^^^^^^
_ _ _ _ _ _ _ _ _ _ _ _ _ _ _ _ _ _ _ _ _ _ _ _ _ _ _ _ _ _ _ _ _ _ _ _ _ _ _ _ 

self = PosixPath('/data1/home/sunyiq/autoresearch64/runs/unified_autoresearch/dlopen_timezone_fix_validation_20260809_seq24/src/fair_benchmark/frozen/bundle/track0_statics.csv')
mode = 'rb', buffering = -1, encoding = None, errors = None, newline = None

    def open(self, mode='r', buffering=-1, encoding=None,
             errors=None, newline=None):
        """
        Open the file pointed by this path and return a file object, as
        the built-in open() function does.
        """
        if "b" not in mode:
            encoding = io.text_encoding(encoding)
>       return io.open(self, mode, buffering, encoding, errors, newline)
               ^^^^^^^^^^^^^^^^^^^^^^^^^^^^^^^^^^^^^^^^^^^^^^^^^^^^^^^^^
E       FileNotFoundError: [Errno 2] No such file or directory: '/data1/home/sunyiq/autoresearch64/runs/unified_autoresearch/dlopen_timezone_fix_validation_20260809_seq24/src/fair_benchmark/frozen/bundle/track0_statics.csv'

../../../../miniconda3/envs/nh_final/lib/python3.11/pathlib.py:1044: FileNotFoundError
_____ ERROR at setup of test_classification_is_deterministic_byte_for_byte _____

tmp_path_factory = TempPathFactory(_given_basetemp=None, _trace=<pluggy._tracing.TagTracerSub object at 0x2b3fbd367ed0>, _basetemp=PosixPath('/tmp/pytest-of-sunyiq/pytest-0'), _retention_count=3, _retention_policy='all')

    @pytest.fixture(scope="module")
    def packages(tmp_path_factory) -> Path:
        root = tmp_path_factory.mktemp("eligibility")
        camels_root = write_camels_tree(root / "camels_us", frozen_64_basins())
        source_root = root / "development_source"
        package_root = root / "packages"
>       build_source(source_root, camels_root)

../../../src/unified_autoresearch/tests/test_basin_eligibility.py:33: 
_ _ _ _ _ _ _ _ _ _ _ _ _ _ _ _ _ _ _ _ _ _ _ _ _ _ _ _ _ _ _ _ _ _ _ _ _ _ _ _ 
../../../src/unified_autoresearch/tests/test_scaleup_64_data_base.py:85: in build_source
    return build_development_source_root(
src/unified_autoresearch/data/real_source.py:145: in build_development_source_root
    static_attributes = _frozen_static_attributes(static_table_path, basins, selection["static_sha256"])
                        ^^^^^^^^^^^^^^^^^^^^^^^^^^^^^^^^^^^^^^^^^^^^^^^^^^^^^^^^^^^^^^^^^^^^^^^^^^^^^^^^
src/unified_autoresearch/data/real_source.py:104: in _frozen_static_attributes
    if _sha256(static_table_path) != expected_static_sha256:
       ^^^^^^^^^^^^^^^^^^^^^^^^^^
src/unified_autoresearch/data/real_source.py:41: in _sha256
    with path.open("rb") as stream:
         ^^^^^^^^^^^^^^^
_ _ _ _ _ _ _ _ _ _ _ _ _ _ _ _ _ _ _ _ _ _ _ _ _ _ _ _ _ _ _ _ _ _ _ _ _ _ _ _ 

self = PosixPath('/data1/home/sunyiq/autoresearch64/runs/unified_autoresearch/dlopen_timezone_fix_validation_20260809_seq24/src/fair_benchmark/frozen/bundle/track0_statics.csv')
mode = 'rb', buffering = -1, encoding = None, errors = None, newline = None

    def open(self, mode='r', buffering=-1, encoding=None,
             errors=None, newline=None):
        """
        Open the file pointed by this path and return a file object, as
        the built-in open() function does.
        """
        if "b" not in mode:
            encoding = io.text_encoding(encoding)
>       return io.open(self, mode, buffering, encoding, errors, newline)
               ^^^^^^^^^^^^^^^^^^^^^^^^^^^^^^^^^^^^^^^^^^^^^^^^^^^^^^^^^
E       FileNotFoundError: [Errno 2] No such file or directory: '/data1/home/sunyiq/autoresearch64/runs/unified_autoresearch/dlopen_timezone_fix_validation_20260809_seq24/src/fair_benchmark/frozen/bundle/track0_statics.csv'

../../../../miniconda3/envs/nh_final/lib/python3.11/pathlib.py:1044: FileNotFoundError
_ ERROR at setup of test_a_basin_that_is_dry_most_of_the_validation_window_is_unstable _

tmp_path_factory = TempPathFactory(_given_basetemp=None, _trace=<pluggy._tracing.TagTracerSub object at 0x2b3fbd367ed0>, _basetemp=PosixPath('/tmp/pytest-of-sunyiq/pytest-0'), _retention_count=3, _retention_policy='all')

    @pytest.fixture(scope="module")
    def packages(tmp_path_factory) -> Path:
        root = tmp_path_factory.mktemp("eligibility")
        camels_root = write_camels_tree(root / "camels_us", frozen_64_basins())
        source_root = root / "development_source"
        package_root = root / "packages"
>       build_source(source_root, camels_root)

../../../src/unified_autoresearch/tests/test_basin_eligibility.py:33: 
_ _ _ _ _ _ _ _ _ _ _ _ _ _ _ _ _ _ _ _ _ _ _ _ _ _ _ _ _ _ _ _ _ _ _ _ _ _ _ _ 
../../../src/unified_autoresearch/tests/test_scaleup_64_data_base.py:85: in build_source
    return build_development_source_root(
src/unified_autoresearch/data/real_source.py:145: in build_development_source_root
    static_attributes = _frozen_static_attributes(static_table_path, basins, selection["static_sha256"])
                        ^^^^^^^^^^^^^^^^^^^^^^^^^^^^^^^^^^^^^^^^^^^^^^^^^^^^^^^^^^^^^^^^^^^^^^^^^^^^^^^^
src/unified_autoresearch/data/real_source.py:104: in _frozen_static_attributes
    if _sha256(static_table_path) != expected_static_sha256:
       ^^^^^^^^^^^^^^^^^^^^^^^^^^
src/unified_autoresearch/data/real_source.py:41: in _sha256
    with path.open("rb") as stream:
         ^^^^^^^^^^^^^^^
_ _ _ _ _ _ _ _ _ _ _ _ _ _ _ _ _ _ _ _ _ _ _ _ _ _ _ _ _ _ _ _ _ _ _ _ _ _ _ _ 

self = PosixPath('/data1/home/sunyiq/autoresearch64/runs/unified_autoresearch/dlopen_timezone_fix_validation_20260809_seq24/src/fair_benchmark/frozen/bundle/track0_statics.csv')
mode = 'rb', buffering = -1, encoding = None, errors = None, newline = None

    def open(self, mode='r', buffering=-1, encoding=None,
             errors=None, newline=None):
        """
        Open the file pointed by this path and return a file object, as
        the built-in open() function does.
        """
        if "b" not in mode:
            encoding = io.text_encoding(encoding)
>       return io.open(self, mode, buffering, encoding, errors, newline)
               ^^^^^^^^^^^^^^^^^^^^^^^^^^^^^^^^^^^^^^^^^^^^^^^^^^^^^^^^^
E       FileNotFoundError: [Errno 2] No such file or directory: '/data1/home/sunyiq/autoresearch64/runs/unified_autoresearch/dlopen_timezone_fix_validation_20260809_seq24/src/fair_benchmark/frozen/bundle/track0_statics.csv'

../../../../miniconda3/envs/nh_final/lib/python3.11/pathlib.py:1044: FileNotFoundError
___ ERROR at setup of test_a_basin_whose_score_hangs_on_one_day_is_unstable ____

tmp_path_factory = TempPathFactory(_given_basetemp=None, _trace=<pluggy._tracing.TagTracerSub object at 0x2b3fbd367ed0>, _basetemp=PosixPath('/tmp/pytest-of-sunyiq/pytest-0'), _retention_count=3, _retention_policy='all')

    @pytest.fixture(scope="module")
    def packages(tmp_path_factory) -> Path:
        root = tmp_path_factory.mktemp("eligibility")
        camels_root = write_camels_tree(root / "camels_us", frozen_64_basins())
        source_root = root / "development_source"
        package_root = root / "packages"
>       build_source(source_root, camels_root)

../../../src/unified_autoresearch/tests/test_basin_eligibility.py:33: 
_ _ _ _ _ _ _ _ _ _ _ _ _ _ _ _ _ _ _ _ _ _ _ _ _ _ _ _ _ _ _ _ _ _ _ _ _ _ _ _ 
../../../src/unified_autoresearch/tests/test_scaleup_64_data_base.py:85: in build_source
    return build_development_source_root(
src/unified_autoresearch/data/real_source.py:145: in build_development_source_root
    static_attributes = _frozen_static_attributes(static_table_path, basins, selection["static_sha256"])
                        ^^^^^^^^^^^^^^^^^^^^^^^^^^^^^^^^^^^^^^^^^^^^^^^^^^^^^^^^^^^^^^^^^^^^^^^^^^^^^^^^
src/unified_autoresearch/data/real_source.py:104: in _frozen_static_attributes
    if _sha256(static_table_path) != expected_static_sha256:
       ^^^^^^^^^^^^^^^^^^^^^^^^^^
src/unified_autoresearch/data/real_source.py:41: in _sha256
    with path.open("rb") as stream:
         ^^^^^^^^^^^^^^^
_ _ _ _ _ _ _ _ _ _ _ _ _ _ _ _ _ _ _ _ _ _ _ _ _ _ _ _ _ _ _ _ _ _ _ _ _ _ _ _ 

self = PosixPath('/data1/home/sunyiq/autoresearch64/runs/unified_autoresearch/dlopen_timezone_fix_validation_20260809_seq24/src/fair_benchmark/frozen/bundle/track0_statics.csv')
mode = 'rb', buffering = -1, encoding = None, errors = None, newline = None

    def open(self, mode='r', buffering=-1, encoding=None,
             errors=None, newline=None):
        """
        Open the file pointed by this path and return a file object, as
        the built-in open() function does.
        """
        if "b" not in mode:
            encoding = io.text_encoding(encoding)
>       return io.open(self, mode, buffering, encoding, errors, newline)
               ^^^^^^^^^^^^^^^^^^^^^^^^^^^^^^^^^^^^^^^^^^^^^^^^^^^^^^^^^
E       FileNotFoundError: [Errno 2] No such file or directory: '/data1/home/sunyiq/autoresearch64/runs/unified_autoresearch/dlopen_timezone_fix_validation_20260809_seq24/src/fair_benchmark/frozen/bundle/track0_statics.csv'

../../../../miniconda3/envs/nh_final/lib/python3.11/pathlib.py:1044: FileNotFoundError
_ ERROR at setup of test_a_basin_with_no_variance_is_unstable_rather_than_an_exception _

tmp_path_factory = TempPathFactory(_given_basetemp=None, _trace=<pluggy._tracing.TagTracerSub object at 0x2b3fbd367ed0>, _basetemp=PosixPath('/tmp/pytest-of-sunyiq/pytest-0'), _retention_count=3, _retention_policy='all')

    @pytest.fixture(scope="module")
    def packages(tmp_path_factory) -> Path:
        root = tmp_path_factory.mktemp("eligibility")
        camels_root = write_camels_tree(root / "camels_us", frozen_64_basins())
        source_root = root / "development_source"
        package_root = root / "packages"
>       build_source(source_root, camels_root)

../../../src/unified_autoresearch/tests/test_basin_eligibility.py:33: 
_ _ _ _ _ _ _ _ _ _ _ _ _ _ _ _ _ _ _ _ _ _ _ _ _ _ _ _ _ _ _ _ _ _ _ _ _ _ _ _ 
../../../src/unified_autoresearch/tests/test_scaleup_64_data_base.py:85: in build_source
    return build_development_source_root(
src/unified_autoresearch/data/real_source.py:145: in build_development_source_root
    static_attributes = _frozen_static_attributes(static_table_path, basins, selection["static_sha256"])
                        ^^^^^^^^^^^^^^^^^^^^^^^^^^^^^^^^^^^^^^^^^^^^^^^^^^^^^^^^^^^^^^^^^^^^^^^^^^^^^^^^
src/unified_autoresearch/data/real_source.py:104: in _frozen_static_attributes
    if _sha256(static_table_path) != expected_static_sha256:
       ^^^^^^^^^^^^^^^^^^^^^^^^^^
src/unified_autoresearch/data/real_source.py:41: in _sha256
    with path.open("rb") as stream:
         ^^^^^^^^^^^^^^^
_ _ _ _ _ _ _ _ _ _ _ _ _ _ _ _ _ _ _ _ _ _ _ _ _ _ _ _ _ _ _ _ _ _ _ _ _ _ _ _ 

self = PosixPath('/data1/home/sunyiq/autoresearch64/runs/unified_autoresearch/dlopen_timezone_fix_validation_20260809_seq24/src/fair_benchmark/frozen/bundle/track0_statics.csv')
mode = 'rb', buffering = -1, encoding = None, errors = None, newline = None

    def open(self, mode='r', buffering=-1, encoding=None,
             errors=None, newline=None):
        """
        Open the file pointed by this path and return a file object, as
        the built-in open() function does.
        """
        if "b" not in mode:
            encoding = io.text_encoding(encoding)
>       return io.open(self, mode, buffering, encoding, errors, newline)
               ^^^^^^^^^^^^^^^^^^^^^^^^^^^^^^^^^^^^^^^^^^^^^^^^^^^^^^^^^
E       FileNotFoundError: [Errno 2] No such file or directory: '/data1/home/sunyiq/autoresearch64/runs/unified_autoresearch/dlopen_timezone_fix_validation_20260809_seq24/src/fair_benchmark/frozen/bundle/track0_statics.csv'

../../../../miniconda3/envs/nh_final/lib/python3.11/pathlib.py:1044: FileNotFoundError
_ ERROR at setup of test_classification_rejects_a_package_whose_manifest_digest_does_not_match _

tmp_path_factory = TempPathFactory(_given_basetemp=None, _trace=<pluggy._tracing.TagTracerSub object at 0x2b3fbd367ed0>, _basetemp=PosixPath('/tmp/pytest-of-sunyiq/pytest-0'), _retention_count=3, _retention_policy='all')

    @pytest.fixture(scope="module")
    def packages(tmp_path_factory) -> Path:
        root = tmp_path_factory.mktemp("eligibility")
        camels_root = write_camels_tree(root / "camels_us", frozen_64_basins())
        source_root = root / "development_source"
        package_root = root / "packages"
>       build_source(source_root, camels_root)

../../../src/unified_autoresearch/tests/test_basin_eligibility.py:33: 
_ _ _ _ _ _ _ _ _ _ _ _ _ _ _ _ _ _ _ _ _ _ _ _ _ _ _ _ _ _ _ _ _ _ _ _ _ _ _ _ 
../../../src/unified_autoresearch/tests/test_scaleup_64_data_base.py:85: in build_source
    return build_development_source_root(
src/unified_autoresearch/data/real_source.py:145: in build_development_source_root
    static_attributes = _frozen_static_attributes(static_table_path, basins, selection["static_sha256"])
                        ^^^^^^^^^^^^^^^^^^^^^^^^^^^^^^^^^^^^^^^^^^^^^^^^^^^^^^^^^^^^^^^^^^^^^^^^^^^^^^^^
src/unified_autoresearch/data/real_source.py:104: in _frozen_static_attributes
    if _sha256(static_table_path) != expected_static_sha256:
       ^^^^^^^^^^^^^^^^^^^^^^^^^^
src/unified_autoresearch/data/real_source.py:41: in _sha256
    with path.open("rb") as stream:
         ^^^^^^^^^^^^^^^
_ _ _ _ _ _ _ _ _ _ _ _ _ _ _ _ _ _ _ _ _ _ _ _ _ _ _ _ _ _ _ _ _ _ _ _ _ _ _ _ 

self = PosixPath('/data1/home/sunyiq/autoresearch64/runs/unified_autoresearch/dlopen_timezone_fix_validation_20260809_seq24/src/fair_benchmark/frozen/bundle/track0_statics.csv')
mode = 'rb', buffering = -1, encoding = None, errors = None, newline = None

    def open(self, mode='r', buffering=-1, encoding=None,
             errors=None, newline=None):
        """
        Open the file pointed by this path and return a file object, as
        the built-in open() function does.
        """
        if "b" not in mode:
            encoding = io.text_encoding(encoding)
>       return io.open(self, mode, buffering, encoding, errors, newline)
               ^^^^^^^^^^^^^^^^^^^^^^^^^^^^^^^^^^^^^^^^^^^^^^^^^^^^^^^^^
E       FileNotFoundError: [Errno 2] No such file or directory: '/data1/home/sunyiq/autoresearch64/runs/unified_autoresearch/dlopen_timezone_fix_validation_20260809_seq24/src/fair_benchmark/frozen/bundle/track0_statics.csv'

../../../../miniconda3/envs/nh_final/lib/python3.11/pathlib.py:1044: FileNotFoundError
_ ERROR at setup of test_partitioning_a_candidate_summary_never_silently_drops_a_basin _

tmp_path_factory = TempPathFactory(_given_basetemp=None, _trace=<pluggy._tracing.TagTracerSub object at 0x2b3fbd367ed0>, _basetemp=PosixPath('/tmp/pytest-of-sunyiq/pytest-0'), _retention_count=3, _retention_policy='all')

    @pytest.fixture(scope="module")
    def packages(tmp_path_factory) -> Path:
        root = tmp_path_factory.mktemp("eligibility")
        camels_root = write_camels_tree(root / "camels_us", frozen_64_basins())
        source_root = root / "development_source"
        package_root = root / "packages"
>       build_source(source_root, camels_root)

../../../src/unified_autoresearch/tests/test_basin_eligibility.py:33: 
_ _ _ _ _ _ _ _ _ _ _ _ _ _ _ _ _ _ _ _ _ _ _ _ _ _ _ _ _ _ _ _ _ _ _ _ _ _ _ _ 
../../../src/unified_autoresearch/tests/test_scaleup_64_data_base.py:85: in build_source
    return build_development_source_root(
src/unified_autoresearch/data/real_source.py:145: in build_development_source_root
    static_attributes = _frozen_static_attributes(static_table_path, basins, selection["static_sha256"])
                        ^^^^^^^^^^^^^^^^^^^^^^^^^^^^^^^^^^^^^^^^^^^^^^^^^^^^^^^^^^^^^^^^^^^^^^^^^^^^^^^^
src/unified_autoresearch/data/real_source.py:104: in _frozen_static_attributes
    if _sha256(static_table_path) != expected_static_sha256:
       ^^^^^^^^^^^^^^^^^^^^^^^^^^
src/unified_autoresearch/data/real_source.py:41: in _sha256
    with path.open("rb") as stream:
         ^^^^^^^^^^^^^^^
_ _ _ _ _ _ _ _ _ _ _ _ _ _ _ _ _ _ _ _ _ _ _ _ _ _ _ _ _ _ _ _ _ _ _ _ _ _ _ _ 

self = PosixPath('/data1/home/sunyiq/autoresearch64/runs/unified_autoresearch/dlopen_timezone_fix_validation_20260809_seq24/src/fair_benchmark/frozen/bundle/track0_statics.csv')
mode = 'rb', buffering = -1, encoding = None, errors = None, newline = None

    def open(self, mode='r', buffering=-1, encoding=None,
             errors=None, newline=None):
        """
        Open the file pointed by this path and return a file object, as
        the built-in open() function does.
        """
        if "b" not in mode:
            encoding = io.text_encoding(encoding)
>       return io.open(self, mode, buffering, encoding, errors, newline)
               ^^^^^^^^^^^^^^^^^^^^^^^^^^^^^^^^^^^^^^^^^^^^^^^^^^^^^^^^^
E       FileNotFoundError: [Errno 2] No such file or directory: '/data1/home/sunyiq/autoresearch64/runs/unified_autoresearch/dlopen_timezone_fix_validation_20260809_seq24/src/fair_benchmark/frozen/bundle/track0_statics.csv'

../../../../miniconda3/envs/nh_final/lib/python3.11/pathlib.py:1044: FileNotFoundError
_ ERROR at setup of test_partitioning_refuses_a_summary_that_does_not_cover_the_classified_basins _

tmp_path_factory = TempPathFactory(_given_basetemp=None, _trace=<pluggy._tracing.TagTracerSub object at 0x2b3fbd367ed0>, _basetemp=PosixPath('/tmp/pytest-of-sunyiq/pytest-0'), _retention_count=3, _retention_policy='all')

    @pytest.fixture(scope="module")
    def packages(tmp_path_factory) -> Path:
        root = tmp_path_factory.mktemp("eligibility")
        camels_root = write_camels_tree(root / "camels_us", frozen_64_basins())
        source_root = root / "development_source"
        package_root = root / "packages"
>       build_source(source_root, camels_root)

../../../src/unified_autoresearch/tests/test_basin_eligibility.py:33: 
_ _ _ _ _ _ _ _ _ _ _ _ _ _ _ _ _ _ _ _ _ _ _ _ _ _ _ _ _ _ _ _ _ _ _ _ _ _ _ _ 
../../../src/unified_autoresearch/tests/test_scaleup_64_data_base.py:85: in build_source
    return build_development_source_root(
src/unified_autoresearch/data/real_source.py:145: in build_development_source_root
    static_attributes = _frozen_static_attributes(static_table_path, basins, selection["static_sha256"])
                        ^^^^^^^^^^^^^^^^^^^^^^^^^^^^^^^^^^^^^^^^^^^^^^^^^^^^^^^^^^^^^^^^^^^^^^^^^^^^^^^^
src/unified_autoresearch/data/real_source.py:104: in _frozen_static_attributes
    if _sha256(static_table_path) != expected_static_sha256:
       ^^^^^^^^^^^^^^^^^^^^^^^^^^
src/unified_autoresearch/data/real_source.py:41: in _sha256
    with path.open("rb") as stream:
         ^^^^^^^^^^^^^^^
_ _ _ _ _ _ _ _ _ _ _ _ _ _ _ _ _ _ _ _ _ _ _ _ _ _ _ _ _ _ _ _ _ _ _ _ _ _ _ _ 

self = PosixPath('/data1/home/sunyiq/autoresearch64/runs/unified_autoresearch/dlopen_timezone_fix_validation_20260809_seq24/src/fair_benchmark/frozen/bundle/track0_statics.csv')
mode = 'rb', buffering = -1, encoding = None, errors = None, newline = None

    def open(self, mode='r', buffering=-1, encoding=None,
             errors=None, newline=None):
        """
        Open the file pointed by this path and return a file object, as
        the built-in open() function does.
        """
        if "b" not in mode:
            encoding = io.text_encoding(encoding)
>       return io.open(self, mode, buffering, encoding, errors, newline)
               ^^^^^^^^^^^^^^^^^^^^^^^^^^^^^^^^^^^^^^^^^^^^^^^^^^^^^^^^^
E       FileNotFoundError: [Errno 2] No such file or directory: '/data1/home/sunyiq/autoresearch64/runs/unified_autoresearch/dlopen_timezone_fix_validation_20260809_seq24/src/fair_benchmark/frozen/bundle/track0_statics.csv'

../../../../miniconda3/envs/nh_final/lib/python3.11/pathlib.py:1044: FileNotFoundError
___ ERROR at setup of test_verification_of_a_clean_build_passes_every_basin ____

tmp_path_factory = TempPathFactory(_given_basetemp=None, _trace=<pluggy._tracing.TagTracerSub object at 0x2b3fbd367ed0>, _basetemp=PosixPath('/tmp/pytest-of-sunyiq/pytest-0'), _retention_count=3, _retention_policy='all')

    @pytest.fixture(scope="module")
    def built(tmp_path_factory) -> dict:
        root = tmp_path_factory.mktemp("artifacts")
        camels_root = write_camels_tree(root / "camels_us", frozen_64_basins())
        source_root = root / "development_source"
        package_root = root / "packages"
>       build_source(source_root, camels_root)

../../../src/unified_autoresearch/tests/test_development_artifact_verification.py:35: 
_ _ _ _ _ _ _ _ _ _ _ _ _ _ _ _ _ _ _ _ _ _ _ _ _ _ _ _ _ _ _ _ _ _ _ _ _ _ _ _ 
../../../src/unified_autoresearch/tests/test_scaleup_64_data_base.py:85: in build_source
    return build_development_source_root(
src/unified_autoresearch/data/real_source.py:145: in build_development_source_root
    static_attributes = _frozen_static_attributes(static_table_path, basins, selection["static_sha256"])
                        ^^^^^^^^^^^^^^^^^^^^^^^^^^^^^^^^^^^^^^^^^^^^^^^^^^^^^^^^^^^^^^^^^^^^^^^^^^^^^^^^
src/unified_autoresearch/data/real_source.py:104: in _frozen_static_attributes
    if _sha256(static_table_path) != expected_static_sha256:
       ^^^^^^^^^^^^^^^^^^^^^^^^^^
src/unified_autoresearch/data/real_source.py:41: in _sha256
    with path.open("rb") as stream:
         ^^^^^^^^^^^^^^^
_ _ _ _ _ _ _ _ _ _ _ _ _ _ _ _ _ _ _ _ _ _ _ _ _ _ _ _ _ _ _ _ _ _ _ _ _ _ _ _ 

self = PosixPath('/data1/home/sunyiq/autoresearch64/runs/unified_autoresearch/dlopen_timezone_fix_validation_20260809_seq24/src/fair_benchmark/frozen/bundle/track0_statics.csv')
mode = 'rb', buffering = -1, encoding = None, errors = None, newline = None

    def open(self, mode='r', buffering=-1, encoding=None,
             errors=None, newline=None):
        """
        Open the file pointed by this path and return a file object, as
        the built-in open() function does.
        """
        if "b" not in mode:
            encoding = io.text_encoding(encoding)
>       return io.open(self, mode, buffering, encoding, errors, newline)
               ^^^^^^^^^^^^^^^^^^^^^^^^^^^^^^^^^^^^^^^^^^^^^^^^^^^^^^^^^
E       FileNotFoundError: [Errno 2] No such file or directory: '/data1/home/sunyiq/autoresearch64/runs/unified_autoresearch/dlopen_timezone_fix_validation_20260809_seq24/src/fair_benchmark/frozen/bundle/track0_statics.csv'

../../../../miniconda3/envs/nh_final/lib/python3.11/pathlib.py:1044: FileNotFoundError
_ ERROR at setup of test_verification_reports_zero_sealed_interval_rows_in_every_artifact _

tmp_path_factory = TempPathFactory(_given_basetemp=None, _trace=<pluggy._tracing.TagTracerSub object at 0x2b3fbd367ed0>, _basetemp=PosixPath('/tmp/pytest-of-sunyiq/pytest-0'), _retention_count=3, _retention_policy='all')

    @pytest.fixture(scope="module")
    def built(tmp_path_factory) -> dict:
        root = tmp_path_factory.mktemp("artifacts")
        camels_root = write_camels_tree(root / "camels_us", frozen_64_basins())
        source_root = root / "development_source"
        package_root = root / "packages"
>       build_source(source_root, camels_root)

../../../src/unified_autoresearch/tests/test_development_artifact_verification.py:35: 
_ _ _ _ _ _ _ _ _ _ _ _ _ _ _ _ _ _ _ _ _ _ _ _ _ _ _ _ _ _ _ _ _ _ _ _ _ _ _ _ 
../../../src/unified_autoresearch/tests/test_scaleup_64_data_base.py:85: in build_source
    return build_development_source_root(
src/unified_autoresearch/data/real_source.py:145: in build_development_source_root
    static_attributes = _frozen_static_attributes(static_table_path, basins, selection["static_sha256"])
                        ^^^^^^^^^^^^^^^^^^^^^^^^^^^^^^^^^^^^^^^^^^^^^^^^^^^^^^^^^^^^^^^^^^^^^^^^^^^^^^^^
src/unified_autoresearch/data/real_source.py:104: in _frozen_static_attributes
    if _sha256(static_table_path) != expected_static_sha256:
       ^^^^^^^^^^^^^^^^^^^^^^^^^^
src/unified_autoresearch/data/real_source.py:41: in _sha256
    with path.open("rb") as stream:
         ^^^^^^^^^^^^^^^
_ _ _ _ _ _ _ _ _ _ _ _ _ _ _ _ _ _ _ _ _ _ _ _ _ _ _ _ _ _ _ _ _ _ _ _ _ _ _ _ 

self = PosixPath('/data1/home/sunyiq/autoresearch64/runs/unified_autoresearch/dlopen_timezone_fix_validation_20260809_seq24/src/fair_benchmark/frozen/bundle/track0_statics.csv')
mode = 'rb', buffering = -1, encoding = None, errors = None, newline = None

    def open(self, mode='r', buffering=-1, encoding=None,
             errors=None, newline=None):
        """
        Open the file pointed by this path and return a file object, as
        the built-in open() function does.
        """
        if "b" not in mode:
            encoding = io.text_encoding(encoding)
>       return io.open(self, mode, buffering, encoding, errors, newline)
               ^^^^^^^^^^^^^^^^^^^^^^^^^^^^^^^^^^^^^^^^^^^^^^^^^^^^^^^^^
E       FileNotFoundError: [Errno 2] No such file or directory: '/data1/home/sunyiq/autoresearch64/runs/unified_autoresearch/dlopen_timezone_fix_validation_20260809_seq24/src/fair_benchmark/frozen/bundle/track0_statics.csv'

../../../../miniconda3/envs/nh_final/lib/python3.11/pathlib.py:1044: FileNotFoundError
_ ERROR at setup of test_verification_confirms_the_unit_conversion_against_the_raw_archive_exactly _

tmp_path_factory = TempPathFactory(_given_basetemp=None, _trace=<pluggy._tracing.TagTracerSub object at 0x2b3fbd367ed0>, _basetemp=PosixPath('/tmp/pytest-of-sunyiq/pytest-0'), _retention_count=3, _retention_policy='all')

    @pytest.fixture(scope="module")
    def built(tmp_path_factory) -> dict:
        root = tmp_path_factory.mktemp("artifacts")
        camels_root = write_camels_tree(root / "camels_us", frozen_64_basins())
        source_root = root / "development_source"
        package_root = root / "packages"
>       build_source(source_root, camels_root)

../../../src/unified_autoresearch/tests/test_development_artifact_verification.py:35: 
_ _ _ _ _ _ _ _ _ _ _ _ _ _ _ _ _ _ _ _ _ _ _ _ _ _ _ _ _ _ _ _ _ _ _ _ _ _ _ _ 
../../../src/unified_autoresearch/tests/test_scaleup_64_data_base.py:85: in build_source
    return build_development_source_root(
src/unified_autoresearch/data/real_source.py:145: in build_development_source_root
    static_attributes = _frozen_static_attributes(static_table_path, basins, selection["static_sha256"])
                        ^^^^^^^^^^^^^^^^^^^^^^^^^^^^^^^^^^^^^^^^^^^^^^^^^^^^^^^^^^^^^^^^^^^^^^^^^^^^^^^^
src/unified_autoresearch/data/real_source.py:104: in _frozen_static_attributes
    if _sha256(static_table_path) != expected_static_sha256:
       ^^^^^^^^^^^^^^^^^^^^^^^^^^
src/unified_autoresearch/data/real_source.py:41: in _sha256
    with path.open("rb") as stream:
         ^^^^^^^^^^^^^^^
_ _ _ _ _ _ _ _ _ _ _ _ _ _ _ _ _ _ _ _ _ _ _ _ _ _ _ _ _ _ _ _ _ _ _ _ _ _ _ _ 

self = PosixPath('/data1/home/sunyiq/autoresearch64/runs/unified_autoresearch/dlopen_timezone_fix_validation_20260809_seq24/src/fair_benchmark/frozen/bundle/track0_statics.csv')
mode = 'rb', buffering = -1, encoding = None, errors = None, newline = None

    def open(self, mode='r', buffering=-1, encoding=None,
             errors=None, newline=None):
        """
        Open the file pointed by this path and return a file object, as
        the built-in open() function does.
        """
        if "b" not in mode:
            encoding = io.text_encoding(encoding)
>       return io.open(self, mode, buffering, encoding, errors, newline)
               ^^^^^^^^^^^^^^^^^^^^^^^^^^^^^^^^^^^^^^^^^^^^^^^^^^^^^^^^^
E       FileNotFoundError: [Errno 2] No such file or directory: '/data1/home/sunyiq/autoresearch64/runs/unified_autoresearch/dlopen_timezone_fix_validation_20260809_seq24/src/fair_benchmark/frozen/bundle/track0_statics.csv'

../../../../miniconda3/envs/nh_final/lib/python3.11/pathlib.py:1044: FileNotFoundError
_ ERROR at setup of test_verification_confirms_the_date_boundaries_and_complete_daily_record _

tmp_path_factory = TempPathFactory(_given_basetemp=None, _trace=<pluggy._tracing.TagTracerSub object at 0x2b3fbd367ed0>, _basetemp=PosixPath('/tmp/pytest-of-sunyiq/pytest-0'), _retention_count=3, _retention_policy='all')

    @pytest.fixture(scope="module")
    def built(tmp_path_factory) -> dict:
        root = tmp_path_factory.mktemp("artifacts")
        camels_root = write_camels_tree(root / "camels_us", frozen_64_basins())
        source_root = root / "development_source"
        package_root = root / "packages"
>       build_source(source_root, camels_root)

../../../src/unified_autoresearch/tests/test_development_artifact_verification.py:35: 
_ _ _ _ _ _ _ _ _ _ _ _ _ _ _ _ _ _ _ _ _ _ _ _ _ _ _ _ _ _ _ _ _ _ _ _ _ _ _ _ 
../../../src/unified_autoresearch/tests/test_scaleup_64_data_base.py:85: in build_source
    return build_development_source_root(
src/unified_autoresearch/data/real_source.py:145: in build_development_source_root
    static_attributes = _frozen_static_attributes(static_table_path, basins, selection["static_sha256"])
                        ^^^^^^^^^^^^^^^^^^^^^^^^^^^^^^^^^^^^^^^^^^^^^^^^^^^^^^^^^^^^^^^^^^^^^^^^^^^^^^^^
src/unified_autoresearch/data/real_source.py:104: in _frozen_static_attributes
    if _sha256(static_table_path) != expected_static_sha256:
       ^^^^^^^^^^^^^^^^^^^^^^^^^^
src/unified_autoresearch/data/real_source.py:41: in _sha256
    with path.open("rb") as stream:
         ^^^^^^^^^^^^^^^
_ _ _ _ _ _ _ _ _ _ _ _ _ _ _ _ _ _ _ _ _ _ _ _ _ _ _ _ _ _ _ _ _ _ _ _ _ _ _ _ 

self = PosixPath('/data1/home/sunyiq/autoresearch64/runs/unified_autoresearch/dlopen_timezone_fix_validation_20260809_seq24/src/fair_benchmark/frozen/bundle/track0_statics.csv')
mode = 'rb', buffering = -1, encoding = None, errors = None, newline = None

    def open(self, mode='r', buffering=-1, encoding=None,
             errors=None, newline=None):
        """
        Open the file pointed by this path and return a file object, as
        the built-in open() function does.
        """
        if "b" not in mode:
            encoding = io.text_encoding(encoding)
>       return io.open(self, mode, buffering, encoding, errors, newline)
               ^^^^^^^^^^^^^^^^^^^^^^^^^^^^^^^^^^^^^^^^^^^^^^^^^^^^^^^^^
E       FileNotFoundError: [Errno 2] No such file or directory: '/data1/home/sunyiq/autoresearch64/runs/unified_autoresearch/dlopen_timezone_fix_validation_20260809_seq24/src/fair_benchmark/frozen/bundle/track0_statics.csv'

../../../../miniconda3/envs/nh_final/lib/python3.11/pathlib.py:1044: FileNotFoundError
_ ERROR at setup of test_verification_confirms_no_observed_discharge_reaches_any_prediction_package _

tmp_path_factory = TempPathFactory(_given_basetemp=None, _trace=<pluggy._tracing.TagTracerSub object at 0x2b3fbd367ed0>, _basetemp=PosixPath('/tmp/pytest-of-sunyiq/pytest-0'), _retention_count=3, _retention_policy='all')

    @pytest.fixture(scope="module")
    def built(tmp_path_factory) -> dict:
        root = tmp_path_factory.mktemp("artifacts")
        camels_root = write_camels_tree(root / "camels_us", frozen_64_basins())
        source_root = root / "development_source"
        package_root = root / "packages"
>       build_source(source_root, camels_root)

../../../src/unified_autoresearch/tests/test_development_artifact_verification.py:35: 
_ _ _ _ _ _ _ _ _ _ _ _ _ _ _ _ _ _ _ _ _ _ _ _ _ _ _ _ _ _ _ _ _ _ _ _ _ _ _ _ 
../../../src/unified_autoresearch/tests/test_scaleup_64_data_base.py:85: in build_source
    return build_development_source_root(
src/unified_autoresearch/data/real_source.py:145: in build_development_source_root
    static_attributes = _frozen_static_attributes(static_table_path, basins, selection["static_sha256"])
                        ^^^^^^^^^^^^^^^^^^^^^^^^^^^^^^^^^^^^^^^^^^^^^^^^^^^^^^^^^^^^^^^^^^^^^^^^^^^^^^^^
src/unified_autoresearch/data/real_source.py:104: in _frozen_static_attributes
    if _sha256(static_table_path) != expected_static_sha256:
       ^^^^^^^^^^^^^^^^^^^^^^^^^^
src/unified_autoresearch/data/real_source.py:41: in _sha256
    with path.open("rb") as stream:
         ^^^^^^^^^^^^^^^
_ _ _ _ _ _ _ _ _ _ _ _ _ _ _ _ _ _ _ _ _ _ _ _ _ _ _ _ _ _ _ _ _ _ _ _ _ _ _ _ 

self = PosixPath('/data1/home/sunyiq/autoresearch64/runs/unified_autoresearch/dlopen_timezone_fix_validation_20260809_seq24/src/fair_benchmark/frozen/bundle/track0_statics.csv')
mode = 'rb', buffering = -1, encoding = None, errors = None, newline = None

    def open(self, mode='r', buffering=-1, encoding=None,
             errors=None, newline=None):
        """
        Open the file pointed by this path and return a file object, as
        the built-in open() function does.
        """
        if "b" not in mode:
            encoding = io.text_encoding(encoding)
>       return io.open(self, mode, buffering, encoding, errors, newline)
               ^^^^^^^^^^^^^^^^^^^^^^^^^^^^^^^^^^^^^^^^^^^^^^^^^^^^^^^^^
E       FileNotFoundError: [Errno 2] No such file or directory: '/data1/home/sunyiq/autoresearch64/runs/unified_autoresearch/dlopen_timezone_fix_validation_20260809_seq24/src/fair_benchmark/frozen/bundle/track0_statics.csv'

../../../../miniconda3/envs/nh_final/lib/python3.11/pathlib.py:1044: FileNotFoundError
_ ERROR at setup of test_verification_confirms_twenty_seven_static_attributes_per_basin _

tmp_path_factory = TempPathFactory(_given_basetemp=None, _trace=<pluggy._tracing.TagTracerSub object at 0x2b3fbd367ed0>, _basetemp=PosixPath('/tmp/pytest-of-sunyiq/pytest-0'), _retention_count=3, _retention_policy='all')

    @pytest.fixture(scope="module")
    def built(tmp_path_factory) -> dict:
        root = tmp_path_factory.mktemp("artifacts")
        camels_root = write_camels_tree(root / "camels_us", frozen_64_basins())
        source_root = root / "development_source"
        package_root = root / "packages"
>       build_source(source_root, camels_root)

../../../src/unified_autoresearch/tests/test_development_artifact_verification.py:35: 
_ _ _ _ _ _ _ _ _ _ _ _ _ _ _ _ _ _ _ _ _ _ _ _ _ _ _ _ _ _ _ _ _ _ _ _ _ _ _ _ 
../../../src/unified_autoresearch/tests/test_scaleup_64_data_base.py:85: in build_source
    return build_development_source_root(
src/unified_autoresearch/data/real_source.py:145: in build_development_source_root
    static_attributes = _frozen_static_attributes(static_table_path, basins, selection["static_sha256"])
                        ^^^^^^^^^^^^^^^^^^^^^^^^^^^^^^^^^^^^^^^^^^^^^^^^^^^^^^^^^^^^^^^^^^^^^^^^^^^^^^^^
src/unified_autoresearch/data/real_source.py:104: in _frozen_static_attributes
    if _sha256(static_table_path) != expected_static_sha256:
       ^^^^^^^^^^^^^^^^^^^^^^^^^^
src/unified_autoresearch/data/real_source.py:41: in _sha256
    with path.open("rb") as stream:
         ^^^^^^^^^^^^^^^
_ _ _ _ _ _ _ _ _ _ _ _ _ _ _ _ _ _ _ _ _ _ _ _ _ _ _ _ _ _ _ _ _ _ _ _ _ _ _ _ 

self = PosixPath('/data1/home/sunyiq/autoresearch64/runs/unified_autoresearch/dlopen_timezone_fix_validation_20260809_seq24/src/fair_benchmark/frozen/bundle/track0_statics.csv')
mode = 'rb', buffering = -1, encoding = None, errors = None, newline = None

    def open(self, mode='r', buffering=-1, encoding=None,
             errors=None, newline=None):
        """
        Open the file pointed by this path and return a file object, as
        the built-in open() function does.
        """
        if "b" not in mode:
            encoding = io.text_encoding(encoding)
>       return io.open(self, mode, buffering, encoding, errors, newline)
               ^^^^^^^^^^^^^^^^^^^^^^^^^^^^^^^^^^^^^^^^^^^^^^^^^^^^^^^^^
E       FileNotFoundError: [Errno 2] No such file or directory: '/data1/home/sunyiq/autoresearch64/runs/unified_autoresearch/dlopen_timezone_fix_validation_20260809_seq24/src/fair_benchmark/frozen/bundle/track0_statics.csv'

../../../../miniconda3/envs/nh_final/lib/python3.11/pathlib.py:1044: FileNotFoundError
_ ERROR at setup of test_verification_records_diagnostics_for_the_two_sensitive_basins _

tmp_path_factory = TempPathFactory(_given_basetemp=None, _trace=<pluggy._tracing.TagTracerSub object at 0x2b3fbd367ed0>, _basetemp=PosixPath('/tmp/pytest-of-sunyiq/pytest-0'), _retention_count=3, _retention_policy='all')

    @pytest.fixture(scope="module")
    def built(tmp_path_factory) -> dict:
        root = tmp_path_factory.mktemp("artifacts")
        camels_root = write_camels_tree(root / "camels_us", frozen_64_basins())
        source_root = root / "development_source"
        package_root = root / "packages"
>       build_source(source_root, camels_root)

../../../src/unified_autoresearch/tests/test_development_artifact_verification.py:35: 
_ _ _ _ _ _ _ _ _ _ _ _ _ _ _ _ _ _ _ _ _ _ _ _ _ _ _ _ _ _ _ _ _ _ _ _ _ _ _ _ 
../../../src/unified_autoresearch/tests/test_scaleup_64_data_base.py:85: in build_source
    return build_development_source_root(
src/unified_autoresearch/data/real_source.py:145: in build_development_source_root
    static_attributes = _frozen_static_attributes(static_table_path, basins, selection["static_sha256"])
                        ^^^^^^^^^^^^^^^^^^^^^^^^^^^^^^^^^^^^^^^^^^^^^^^^^^^^^^^^^^^^^^^^^^^^^^^^^^^^^^^^
src/unified_autoresearch/data/real_source.py:104: in _frozen_static_attributes
    if _sha256(static_table_path) != expected_static_sha256:
       ^^^^^^^^^^^^^^^^^^^^^^^^^^
src/unified_autoresearch/data/real_source.py:41: in _sha256
    with path.open("rb") as stream:
         ^^^^^^^^^^^^^^^
_ _ _ _ _ _ _ _ _ _ _ _ _ _ _ _ _ _ _ _ _ _ _ _ _ _ _ _ _ _ _ _ _ _ _ _ _ _ _ _ 

self = PosixPath('/data1/home/sunyiq/autoresearch64/runs/unified_autoresearch/dlopen_timezone_fix_validation_20260809_seq24/src/fair_benchmark/frozen/bundle/track0_statics.csv')
mode = 'rb', buffering = -1, encoding = None, errors = None, newline = None

    def open(self, mode='r', buffering=-1, encoding=None,
             errors=None, newline=None):
        """
        Open the file pointed by this path and return a file object, as
        the built-in open() function does.
        """
        if "b" not in mode:
            encoding = io.text_encoding(encoding)
>       return io.open(self, mode, buffering, encoding, errors, newline)
               ^^^^^^^^^^^^^^^^^^^^^^^^^^^^^^^^^^^^^^^^^^^^^^^^^^^^^^^^^
E       FileNotFoundError: [Errno 2] No such file or directory: '/data1/home/sunyiq/autoresearch64/runs/unified_autoresearch/dlopen_timezone_fix_validation_20260809_seq24/src/fair_benchmark/frozen/bundle/track0_statics.csv'

../../../../miniconda3/envs/nh_final/lib/python3.11/pathlib.py:1044: FileNotFoundError
_ ERROR at setup of test_verification_ranks_the_diagnostic_extremes_instead_of_trusting_a_fixed_watchlist _

tmp_path_factory = TempPathFactory(_given_basetemp=None, _trace=<pluggy._tracing.TagTracerSub object at 0x2b3fbd367ed0>, _basetemp=PosixPath('/tmp/pytest-of-sunyiq/pytest-0'), _retention_count=3, _retention_policy='all')

    @pytest.fixture(scope="module")
    def built(tmp_path_factory) -> dict:
        root = tmp_path_factory.mktemp("artifacts")
        camels_root = write_camels_tree(root / "camels_us", frozen_64_basins())
        source_root = root / "development_source"
        package_root = root / "packages"
>       build_source(source_root, camels_root)

../../../src/unified_autoresearch/tests/test_development_artifact_verification.py:35: 
_ _ _ _ _ _ _ _ _ _ _ _ _ _ _ _ _ _ _ _ _ _ _ _ _ _ _ _ _ _ _ _ _ _ _ _ _ _ _ _ 
../../../src/unified_autoresearch/tests/test_scaleup_64_data_base.py:85: in build_source
    return build_development_source_root(
src/unified_autoresearch/data/real_source.py:145: in build_development_source_root
    static_attributes = _frozen_static_attributes(static_table_path, basins, selection["static_sha256"])
                        ^^^^^^^^^^^^^^^^^^^^^^^^^^^^^^^^^^^^^^^^^^^^^^^^^^^^^^^^^^^^^^^^^^^^^^^^^^^^^^^^
src/unified_autoresearch/data/real_source.py:104: in _frozen_static_attributes
    if _sha256(static_table_path) != expected_static_sha256:
       ^^^^^^^^^^^^^^^^^^^^^^^^^^
src/unified_autoresearch/data/real_source.py:41: in _sha256
    with path.open("rb") as stream:
         ^^^^^^^^^^^^^^^
_ _ _ _ _ _ _ _ _ _ _ _ _ _ _ _ _ _ _ _ _ _ _ _ _ _ _ _ _ _ _ _ _ _ _ _ _ _ _ _ 

self = PosixPath('/data1/home/sunyiq/autoresearch64/runs/unified_autoresearch/dlopen_timezone_fix_validation_20260809_seq24/src/fair_benchmark/frozen/bundle/track0_statics.csv')
mode = 'rb', buffering = -1, encoding = None, errors = None, newline = None

    def open(self, mode='r', buffering=-1, encoding=None,
             errors=None, newline=None):
        """
        Open the file pointed by this path and return a file object, as
        the built-in open() function does.
        """
        if "b" not in mode:
            encoding = io.text_encoding(encoding)
>       return io.open(self, mode, buffering, encoding, errors, newline)
               ^^^^^^^^^^^^^^^^^^^^^^^^^^^^^^^^^^^^^^^^^^^^^^^^^^^^^^^^^
E       FileNotFoundError: [Errno 2] No such file or directory: '/data1/home/sunyiq/autoresearch64/runs/unified_autoresearch/dlopen_timezone_fix_validation_20260809_seq24/src/fair_benchmark/frozen/bundle/track0_statics.csv'

../../../../miniconda3/envs/nh_final/lib/python3.11/pathlib.py:1044: FileNotFoundError
_____ ERROR at setup of test_verification_pins_every_artifact_file_by_hash _____

tmp_path_factory = TempPathFactory(_given_basetemp=None, _trace=<pluggy._tracing.TagTracerSub object at 0x2b3fbd367ed0>, _basetemp=PosixPath('/tmp/pytest-of-sunyiq/pytest-0'), _retention_count=3, _retention_policy='all')

    @pytest.fixture(scope="module")
    def built(tmp_path_factory) -> dict:
        root = tmp_path_factory.mktemp("artifacts")
        camels_root = write_camels_tree(root / "camels_us", frozen_64_basins())
        source_root = root / "development_source"
        package_root = root / "packages"
>       build_source(source_root, camels_root)

../../../src/unified_autoresearch/tests/test_development_artifact_verification.py:35: 
_ _ _ _ _ _ _ _ _ _ _ _ _ _ _ _ _ _ _ _ _ _ _ _ _ _ _ _ _ _ _ _ _ _ _ _ _ _ _ _ 
../../../src/unified_autoresearch/tests/test_scaleup_64_data_base.py:85: in build_source
    return build_development_source_root(
src/unified_autoresearch/data/real_source.py:145: in build_development_source_root
    static_attributes = _frozen_static_attributes(static_table_path, basins, selection["static_sha256"])
                        ^^^^^^^^^^^^^^^^^^^^^^^^^^^^^^^^^^^^^^^^^^^^^^^^^^^^^^^^^^^^^^^^^^^^^^^^^^^^^^^^
src/unified_autoresearch/data/real_source.py:104: in _frozen_static_attributes
    if _sha256(static_table_path) != expected_static_sha256:
       ^^^^^^^^^^^^^^^^^^^^^^^^^^
src/unified_autoresearch/data/real_source.py:41: in _sha256
    with path.open("rb") as stream:
         ^^^^^^^^^^^^^^^
_ _ _ _ _ _ _ _ _ _ _ _ _ _ _ _ _ _ _ _ _ _ _ _ _ _ _ _ _ _ _ _ _ _ _ _ _ _ _ _ 

self = PosixPath('/data1/home/sunyiq/autoresearch64/runs/unified_autoresearch/dlopen_timezone_fix_validation_20260809_seq24/src/fair_benchmark/frozen/bundle/track0_statics.csv')
mode = 'rb', buffering = -1, encoding = None, errors = None, newline = None

    def open(self, mode='r', buffering=-1, encoding=None,
             errors=None, newline=None):
        """
        Open the file pointed by this path and return a file object, as
        the built-in open() function does.
        """
        if "b" not in mode:
            encoding = io.text_encoding(encoding)
>       return io.open(self, mode, buffering, encoding, errors, newline)
               ^^^^^^^^^^^^^^^^^^^^^^^^^^^^^^^^^^^^^^^^^^^^^^^^^^^^^^^^^
E       FileNotFoundError: [Errno 2] No such file or directory: '/data1/home/sunyiq/autoresearch64/runs/unified_autoresearch/dlopen_timezone_fix_validation_20260809_seq24/src/fair_benchmark/frozen/bundle/track0_statics.csv'

../../../../miniconda3/envs/nh_final/lib/python3.11/pathlib.py:1044: FileNotFoundError
_ ERROR at setup of test_verification_fails_when_a_sealed_interval_row_is_injected _

tmp_path_factory = TempPathFactory(_given_basetemp=None, _trace=<pluggy._tracing.TagTracerSub object at 0x2b3fbd367ed0>, _basetemp=PosixPath('/tmp/pytest-of-sunyiq/pytest-0'), _retention_count=3, _retention_policy='all')

    @pytest.fixture(scope="module")
    def built(tmp_path_factory) -> dict:
        root = tmp_path_factory.mktemp("artifacts")
        camels_root = write_camels_tree(root / "camels_us", frozen_64_basins())
        source_root = root / "development_source"
        package_root = root / "packages"
>       build_source(source_root, camels_root)

../../../src/unified_autoresearch/tests/test_development_artifact_verification.py:35: 
_ _ _ _ _ _ _ _ _ _ _ _ _ _ _ _ _ _ _ _ _ _ _ _ _ _ _ _ _ _ _ _ _ _ _ _ _ _ _ _ 
../../../src/unified_autoresearch/tests/test_scaleup_64_data_base.py:85: in build_source
    return build_development_source_root(
src/unified_autoresearch/data/real_source.py:145: in build_development_source_root
    static_attributes = _frozen_static_attributes(static_table_path, basins, selection["static_sha256"])
                        ^^^^^^^^^^^^^^^^^^^^^^^^^^^^^^^^^^^^^^^^^^^^^^^^^^^^^^^^^^^^^^^^^^^^^^^^^^^^^^^^
src/unified_autoresearch/data/real_source.py:104: in _frozen_static_attributes
    if _sha256(static_table_path) != expected_static_sha256:
       ^^^^^^^^^^^^^^^^^^^^^^^^^^
src/unified_autoresearch/data/real_source.py:41: in _sha256
    with path.open("rb") as stream:
         ^^^^^^^^^^^^^^^
_ _ _ _ _ _ _ _ _ _ _ _ _ _ _ _ _ _ _ _ _ _ _ _ _ _ _ _ _ _ _ _ _ _ _ _ _ _ _ _ 

self = PosixPath('/data1/home/sunyiq/autoresearch64/runs/unified_autoresearch/dlopen_timezone_fix_validation_20260809_seq24/src/fair_benchmark/frozen/bundle/track0_statics.csv')
mode = 'rb', buffering = -1, encoding = None, errors = None, newline = None

    def open(self, mode='r', buffering=-1, encoding=None,
             errors=None, newline=None):
        """
        Open the file pointed by this path and return a file object, as
        the built-in open() function does.
        """
        if "b" not in mode:
            encoding = io.text_encoding(encoding)
>       return io.open(self, mode, buffering, encoding, errors, newline)
               ^^^^^^^^^^^^^^^^^^^^^^^^^^^^^^^^^^^^^^^^^^^^^^^^^^^^^^^^^
E       FileNotFoundError: [Errno 2] No such file or directory: '/data1/home/sunyiq/autoresearch64/runs/unified_autoresearch/dlopen_timezone_fix_validation_20260809_seq24/src/fair_benchmark/frozen/bundle/track0_statics.csv'

../../../../miniconda3/envs/nh_final/lib/python3.11/pathlib.py:1044: FileNotFoundError
_ ERROR at setup of test_verification_fails_when_the_discharge_unit_conversion_is_wrong _

tmp_path_factory = TempPathFactory(_given_basetemp=None, _trace=<pluggy._tracing.TagTracerSub object at 0x2b3fbd367ed0>, _basetemp=PosixPath('/tmp/pytest-of-sunyiq/pytest-0'), _retention_count=3, _retention_policy='all')

    @pytest.fixture(scope="module")
    def built(tmp_path_factory) -> dict:
        root = tmp_path_factory.mktemp("artifacts")
        camels_root = write_camels_tree(root / "camels_us", frozen_64_basins())
        source_root = root / "development_source"
        package_root = root / "packages"
>       build_source(source_root, camels_root)

../../../src/unified_autoresearch/tests/test_development_artifact_verification.py:35: 
_ _ _ _ _ _ _ _ _ _ _ _ _ _ _ _ _ _ _ _ _ _ _ _ _ _ _ _ _ _ _ _ _ _ _ _ _ _ _ _ 
../../../src/unified_autoresearch/tests/test_scaleup_64_data_base.py:85: in build_source
    return build_development_source_root(
src/unified_autoresearch/data/real_source.py:145: in build_development_source_root
    static_attributes = _frozen_static_attributes(static_table_path, basins, selection["static_sha256"])
                        ^^^^^^^^^^^^^^^^^^^^^^^^^^^^^^^^^^^^^^^^^^^^^^^^^^^^^^^^^^^^^^^^^^^^^^^^^^^^^^^^
src/unified_autoresearch/data/real_source.py:104: in _frozen_static_attributes
    if _sha256(static_table_path) != expected_static_sha256:
       ^^^^^^^^^^^^^^^^^^^^^^^^^^
src/unified_autoresearch/data/real_source.py:41: in _sha256
    with path.open("rb") as stream:
         ^^^^^^^^^^^^^^^
_ _ _ _ _ _ _ _ _ _ _ _ _ _ _ _ _ _ _ _ _ _ _ _ _ _ _ _ _ _ _ _ _ _ _ _ _ _ _ _ 

self = PosixPath('/data1/home/sunyiq/autoresearch64/runs/unified_autoresearch/dlopen_timezone_fix_validation_20260809_seq24/src/fair_benchmark/frozen/bundle/track0_statics.csv')
mode = 'rb', buffering = -1, encoding = None, errors = None, newline = None

    def open(self, mode='r', buffering=-1, encoding=None,
             errors=None, newline=None):
        """
        Open the file pointed by this path and return a file object, as
        the built-in open() function does.
        """
        if "b" not in mode:
            encoding = io.text_encoding(encoding)
>       return io.open(self, mode, buffering, encoding, errors, newline)
               ^^^^^^^^^^^^^^^^^^^^^^^^^^^^^^^^^^^^^^^^^^^^^^^^^^^^^^^^^
E       FileNotFoundError: [Errno 2] No such file or directory: '/data1/home/sunyiq/autoresearch64/runs/unified_autoresearch/dlopen_timezone_fix_validation_20260809_seq24/src/fair_benchmark/frozen/bundle/track0_statics.csv'

../../../../miniconda3/envs/nh_final/lib/python3.11/pathlib.py:1044: FileNotFoundError
_ ERROR at setup of test_verification_fails_when_observed_discharge_leaks_into_a_prediction_package _

tmp_path_factory = TempPathFactory(_given_basetemp=None, _trace=<pluggy._tracing.TagTracerSub object at 0x2b3fbd367ed0>, _basetemp=PosixPath('/tmp/pytest-of-sunyiq/pytest-0'), _retention_count=3, _retention_policy='all')

    @pytest.fixture(scope="module")
    def built(tmp_path_factory) -> dict:
        root = tmp_path_factory.mktemp("artifacts")
        camels_root = write_camels_tree(root / "camels_us", frozen_64_basins())
        source_root = root / "development_source"
        package_root = root / "packages"
>       build_source(source_root, camels_root)

../../../src/unified_autoresearch/tests/test_development_artifact_verification.py:35: 
_ _ _ _ _ _ _ _ _ _ _ _ _ _ _ _ _ _ _ _ _ _ _ _ _ _ _ _ _ _ _ _ _ _ _ _ _ _ _ _ 
../../../src/unified_autoresearch/tests/test_scaleup_64_data_base.py:85: in build_source
    return build_development_source_root(
src/unified_autoresearch/data/real_source.py:145: in build_development_source_root
    static_attributes = _frozen_static_attributes(static_table_path, basins, selection["static_sha256"])
                        ^^^^^^^^^^^^^^^^^^^^^^^^^^^^^^^^^^^^^^^^^^^^^^^^^^^^^^^^^^^^^^^^^^^^^^^^^^^^^^^^
src/unified_autoresearch/data/real_source.py:104: in _frozen_static_attributes
    if _sha256(static_table_path) != expected_static_sha256:
       ^^^^^^^^^^^^^^^^^^^^^^^^^^
src/unified_autoresearch/data/real_source.py:41: in _sha256
    with path.open("rb") as stream:
         ^^^^^^^^^^^^^^^
_ _ _ _ _ _ _ _ _ _ _ _ _ _ _ _ _ _ _ _ _ _ _ _ _ _ _ _ _ _ _ _ _ _ _ _ _ _ _ _ 

self = PosixPath('/data1/home/sunyiq/autoresearch64/runs/unified_autoresearch/dlopen_timezone_fix_validation_20260809_seq24/src/fair_benchmark/frozen/bundle/track0_statics.csv')
mode = 'rb', buffering = -1, encoding = None, errors = None, newline = None

    def open(self, mode='r', buffering=-1, encoding=None,
             errors=None, newline=None):
        """
        Open the file pointed by this path and return a file object, as
        the built-in open() function does.
        """
        if "b" not in mode:
            encoding = io.text_encoding(encoding)
>       return io.open(self, mode, buffering, encoding, errors, newline)
               ^^^^^^^^^^^^^^^^^^^^^^^^^^^^^^^^^^^^^^^^^^^^^^^^^^^^^^^^^
E       FileNotFoundError: [Errno 2] No such file or directory: '/data1/home/sunyiq/autoresearch64/runs/unified_autoresearch/dlopen_timezone_fix_validation_20260809_seq24/src/fair_benchmark/frozen/bundle/track0_statics.csv'

../../../../miniconda3/envs/nh_final/lib/python3.11/pathlib.py:1044: FileNotFoundError
_ ERROR at setup of test_verification_fails_when_a_static_attribute_is_dropped _

tmp_path_factory = TempPathFactory(_given_basetemp=None, _trace=<pluggy._tracing.TagTracerSub object at 0x2b3fbd367ed0>, _basetemp=PosixPath('/tmp/pytest-of-sunyiq/pytest-0'), _retention_count=3, _retention_policy='all')

    @pytest.fixture(scope="module")
    def built(tmp_path_factory) -> dict:
        root = tmp_path_factory.mktemp("artifacts")
        camels_root = write_camels_tree(root / "camels_us", frozen_64_basins())
        source_root = root / "development_source"
        package_root = root / "packages"
>       build_source(source_root, camels_root)

../../../src/unified_autoresearch/tests/test_development_artifact_verification.py:35: 
_ _ _ _ _ _ _ _ _ _ _ _ _ _ _ _ _ _ _ _ _ _ _ _ _ _ _ _ _ _ _ _ _ _ _ _ _ _ _ _ 
../../../src/unified_autoresearch/tests/test_scaleup_64_data_base.py:85: in build_source
    return build_development_source_root(
src/unified_autoresearch/data/real_source.py:145: in build_development_source_root
    static_attributes = _frozen_static_attributes(static_table_path, basins, selection["static_sha256"])
                        ^^^^^^^^^^^^^^^^^^^^^^^^^^^^^^^^^^^^^^^^^^^^^^^^^^^^^^^^^^^^^^^^^^^^^^^^^^^^^^^^
src/unified_autoresearch/data/real_source.py:104: in _frozen_static_attributes
    if _sha256(static_table_path) != expected_static_sha256:
       ^^^^^^^^^^^^^^^^^^^^^^^^^^
src/unified_autoresearch/data/real_source.py:41: in _sha256
    with path.open("rb") as stream:
         ^^^^^^^^^^^^^^^
_ _ _ _ _ _ _ _ _ _ _ _ _ _ _ _ _ _ _ _ _ _ _ _ _ _ _ _ _ _ _ _ _ _ _ _ _ _ _ _ 

self = PosixPath('/data1/home/sunyiq/autoresearch64/runs/unified_autoresearch/dlopen_timezone_fix_validation_20260809_seq24/src/fair_benchmark/frozen/bundle/track0_statics.csv')
mode = 'rb', buffering = -1, encoding = None, errors = None, newline = None

    def open(self, mode='r', buffering=-1, encoding=None,
             errors=None, newline=None):
        """
        Open the file pointed by this path and return a file object, as
        the built-in open() function does.
        """
        if "b" not in mode:
            encoding = io.text_encoding(encoding)
>       return io.open(self, mode, buffering, encoding, errors, newline)
               ^^^^^^^^^^^^^^^^^^^^^^^^^^^^^^^^^^^^^^^^^^^^^^^^^^^^^^^^^
E       FileNotFoundError: [Errno 2] No such file or directory: '/data1/home/sunyiq/autoresearch64/runs/unified_autoresearch/dlopen_timezone_fix_validation_20260809_seq24/src/fair_benchmark/frozen/bundle/track0_statics.csv'

../../../../miniconda3/envs/nh_final/lib/python3.11/pathlib.py:1044: FileNotFoundError
_ ERROR at setup of test_verification_fails_when_a_development_day_is_removed __

tmp_path_factory = TempPathFactory(_given_basetemp=None, _trace=<pluggy._tracing.TagTracerSub object at 0x2b3fbd367ed0>, _basetemp=PosixPath('/tmp/pytest-of-sunyiq/pytest-0'), _retention_count=3, _retention_policy='all')

    @pytest.fixture(scope="module")
    def built(tmp_path_factory) -> dict:
        root = tmp_path_factory.mktemp("artifacts")
        camels_root = write_camels_tree(root / "camels_us", frozen_64_basins())
        source_root = root / "development_source"
        package_root = root / "packages"
>       build_source(source_root, camels_root)

../../../src/unified_autoresearch/tests/test_development_artifact_verification.py:35: 
_ _ _ _ _ _ _ _ _ _ _ _ _ _ _ _ _ _ _ _ _ _ _ _ _ _ _ _ _ _ _ _ _ _ _ _ _ _ _ _ 
../../../src/unified_autoresearch/tests/test_scaleup_64_data_base.py:85: in build_source
    return build_development_source_root(
src/unified_autoresearch/data/real_source.py:145: in build_development_source_root
    static_attributes = _frozen_static_attributes(static_table_path, basins, selection["static_sha256"])
                        ^^^^^^^^^^^^^^^^^^^^^^^^^^^^^^^^^^^^^^^^^^^^^^^^^^^^^^^^^^^^^^^^^^^^^^^^^^^^^^^^
src/unified_autoresearch/data/real_source.py:104: in _frozen_static_attributes
    if _sha256(static_table_path) != expected_static_sha256:
       ^^^^^^^^^^^^^^^^^^^^^^^^^^
src/unified_autoresearch/data/real_source.py:41: in _sha256
    with path.open("rb") as stream:
         ^^^^^^^^^^^^^^^
_ _ _ _ _ _ _ _ _ _ _ _ _ _ _ _ _ _ _ _ _ _ _ _ _ _ _ _ _ _ _ _ _ _ _ _ _ _ _ _ 

self = PosixPath('/data1/home/sunyiq/autoresearch64/runs/unified_autoresearch/dlopen_timezone_fix_validation_20260809_seq24/src/fair_benchmark/frozen/bundle/track0_statics.csv')
mode = 'rb', buffering = -1, encoding = None, errors = None, newline = None

    def open(self, mode='r', buffering=-1, encoding=None,
             errors=None, newline=None):
        """
        Open the file pointed by this path and return a file object, as
        the built-in open() function does.
        """
        if "b" not in mode:
            encoding = io.text_encoding(encoding)
>       return io.open(self, mode, buffering, encoding, errors, newline)
               ^^^^^^^^^^^^^^^^^^^^^^^^^^^^^^^^^^^^^^^^^^^^^^^^^^^^^^^^^
E       FileNotFoundError: [Errno 2] No such file or directory: '/data1/home/sunyiq/autoresearch64/runs/unified_autoresearch/dlopen_timezone_fix_validation_20260809_seq24/src/fair_benchmark/frozen/bundle/track0_statics.csv'

../../../../miniconda3/envs/nh_final/lib/python3.11/pathlib.py:1044: FileNotFoundError
_ ERROR at setup of test_verification_fails_when_an_artifact_no_longer_matches_its_manifest_hash _

tmp_path_factory = TempPathFactory(_given_basetemp=None, _trace=<pluggy._tracing.TagTracerSub object at 0x2b3fbd367ed0>, _basetemp=PosixPath('/tmp/pytest-of-sunyiq/pytest-0'), _retention_count=3, _retention_policy='all')

    @pytest.fixture(scope="module")
    def built(tmp_path_factory) -> dict:
        root = tmp_path_factory.mktemp("artifacts")
        camels_root = write_camels_tree(root / "camels_us", frozen_64_basins())
        source_root = root / "development_source"
        package_root = root / "packages"
>       build_source(source_root, camels_root)

../../../src/unified_autoresearch/tests/test_development_artifact_verification.py:35: 
_ _ _ _ _ _ _ _ _ _ _ _ _ _ _ _ _ _ _ _ _ _ _ _ _ _ _ _ _ _ _ _ _ _ _ _ _ _ _ _ 
../../../src/unified_autoresearch/tests/test_scaleup_64_data_base.py:85: in build_source
    return build_development_source_root(
src/unified_autoresearch/data/real_source.py:145: in build_development_source_root
    static_attributes = _frozen_static_attributes(static_table_path, basins, selection["static_sha256"])
                        ^^^^^^^^^^^^^^^^^^^^^^^^^^^^^^^^^^^^^^^^^^^^^^^^^^^^^^^^^^^^^^^^^^^^^^^^^^^^^^^^
src/unified_autoresearch/data/real_source.py:104: in _frozen_static_attributes
    if _sha256(static_table_path) != expected_static_sha256:
       ^^^^^^^^^^^^^^^^^^^^^^^^^^
src/unified_autoresearch/data/real_source.py:41: in _sha256
    with path.open("rb") as stream:
         ^^^^^^^^^^^^^^^
_ _ _ _ _ _ _ _ _ _ _ _ _ _ _ _ _ _ _ _ _ _ _ _ _ _ _ _ _ _ _ _ _ _ _ _ _ _ _ _ 

self = PosixPath('/data1/home/sunyiq/autoresearch64/runs/unified_autoresearch/dlopen_timezone_fix_validation_20260809_seq24/src/fair_benchmark/frozen/bundle/track0_statics.csv')
mode = 'rb', buffering = -1, encoding = None, errors = None, newline = None

    def open(self, mode='r', buffering=-1, encoding=None,
             errors=None, newline=None):
        """
        Open the file pointed by this path and return a file object, as
        the built-in open() function does.
        """
        if "b" not in mode:
            encoding = io.text_encoding(encoding)
>       return io.open(self, mode, buffering, encoding, errors, newline)
               ^^^^^^^^^^^^^^^^^^^^^^^^^^^^^^^^^^^^^^^^^^^^^^^^^^^^^^^^^
E       FileNotFoundError: [Errno 2] No such file or directory: '/data1/home/sunyiq/autoresearch64/runs/unified_autoresearch/dlopen_timezone_fix_validation_20260809_seq24/src/fair_benchmark/frozen/bundle/track0_statics.csv'

../../../../miniconda3/envs/nh_final/lib/python3.11/pathlib.py:1044: FileNotFoundError
_ ERROR at setup of test_scoring_refuses_truth_that_covers_fewer_basins_than_the_manifest_declares _

tmp_path_factory = TempPathFactory(_given_basetemp=None, _trace=<pluggy._tracing.TagTracerSub object at 0x2b3fbd367ed0>, _basetemp=PosixPath('/tmp/pytest-of-sunyiq/pytest-0'), _retention_count=3, _retention_policy='all')

    @pytest.fixture(scope="module")
    def packages(tmp_path_factory) -> Path:
        root = tmp_path_factory.mktemp("hardening")
        camels_root = write_camels_tree(root / "camels_us", frozen_64_basins())
>       build_source(root / "development_source", camels_root)

../../../src/unified_autoresearch/tests/test_review_hardening_20260807.py:36: 
_ _ _ _ _ _ _ _ _ _ _ _ _ _ _ _ _ _ _ _ _ _ _ _ _ _ _ _ _ _ _ _ _ _ _ _ _ _ _ _ 
../../../src/unified_autoresearch/tests/test_scaleup_64_data_base.py:85: in build_source
    return build_development_source_root(
src/unified_autoresearch/data/real_source.py:145: in build_development_source_root
    static_attributes = _frozen_static_attributes(static_table_path, basins, selection["static_sha256"])
                        ^^^^^^^^^^^^^^^^^^^^^^^^^^^^^^^^^^^^^^^^^^^^^^^^^^^^^^^^^^^^^^^^^^^^^^^^^^^^^^^^
src/unified_autoresearch/data/real_source.py:104: in _frozen_static_attributes
    if _sha256(static_table_path) != expected_static_sha256:
       ^^^^^^^^^^^^^^^^^^^^^^^^^^
src/unified_autoresearch/data/real_source.py:41: in _sha256
    with path.open("rb") as stream:
         ^^^^^^^^^^^^^^^
_ _ _ _ _ _ _ _ _ _ _ _ _ _ _ _ _ _ _ _ _ _ _ _ _ _ _ _ _ _ _ _ _ _ _ _ _ _ _ _ 

self = PosixPath('/data1/home/sunyiq/autoresearch64/runs/unified_autoresearch/dlopen_timezone_fix_validation_20260809_seq24/src/fair_benchmark/frozen/bundle/track0_statics.csv')
mode = 'rb', buffering = -1, encoding = None, errors = None, newline = None

    def open(self, mode='r', buffering=-1, encoding=None,
             errors=None, newline=None):
        """
        Open the file pointed by this path and return a file object, as
        the built-in open() function does.
        """
        if "b" not in mode:
            encoding = io.text_encoding(encoding)
>       return io.open(self, mode, buffering, encoding, errors, newline)
               ^^^^^^^^^^^^^^^^^^^^^^^^^^^^^^^^^^^^^^^^^^^^^^^^^^^^^^^^^
E       FileNotFoundError: [Errno 2] No such file or directory: '/data1/home/sunyiq/autoresearch64/runs/unified_autoresearch/dlopen_timezone_fix_validation_20260809_seq24/src/fair_benchmark/frozen/bundle/track0_statics.csv'

../../../../miniconda3/envs/nh_final/lib/python3.11/pathlib.py:1044: FileNotFoundError
_ ERROR at setup of test_the_single_day_variance_threshold_is_pinned_from_both_sides[below] _

tmp_path_factory = TempPathFactory(_given_basetemp=None, _trace=<pluggy._tracing.TagTracerSub object at 0x2b3fbd367ed0>, _basetemp=PosixPath('/tmp/pytest-of-sunyiq/pytest-0'), _retention_count=3, _retention_policy='all')

    @pytest.fixture(scope="module")
    def packages(tmp_path_factory) -> Path:
        root = tmp_path_factory.mktemp("hardening")
        camels_root = write_camels_tree(root / "camels_us", frozen_64_basins())
>       build_source(root / "development_source", camels_root)

../../../src/unified_autoresearch/tests/test_review_hardening_20260807.py:36: 
_ _ _ _ _ _ _ _ _ _ _ _ _ _ _ _ _ _ _ _ _ _ _ _ _ _ _ _ _ _ _ _ _ _ _ _ _ _ _ _ 
../../../src/unified_autoresearch/tests/test_scaleup_64_data_base.py:85: in build_source
    return build_development_source_root(
src/unified_autoresearch/data/real_source.py:145: in build_development_source_root
    static_attributes = _frozen_static_attributes(static_table_path, basins, selection["static_sha256"])
                        ^^^^^^^^^^^^^^^^^^^^^^^^^^^^^^^^^^^^^^^^^^^^^^^^^^^^^^^^^^^^^^^^^^^^^^^^^^^^^^^^
src/unified_autoresearch/data/real_source.py:104: in _frozen_static_attributes
    if _sha256(static_table_path) != expected_static_sha256:
       ^^^^^^^^^^^^^^^^^^^^^^^^^^
src/unified_autoresearch/data/real_source.py:41: in _sha256
    with path.open("rb") as stream:
         ^^^^^^^^^^^^^^^
_ _ _ _ _ _ _ _ _ _ _ _ _ _ _ _ _ _ _ _ _ _ _ _ _ _ _ _ _ _ _ _ _ _ _ _ _ _ _ _ 

self = PosixPath('/data1/home/sunyiq/autoresearch64/runs/unified_autoresearch/dlopen_timezone_fix_validation_20260809_seq24/src/fair_benchmark/frozen/bundle/track0_statics.csv')
mode = 'rb', buffering = -1, encoding = None, errors = None, newline = None

    def open(self, mode='r', buffering=-1, encoding=None,
             errors=None, newline=None):
        """
        Open the file pointed by this path and return a file object, as
        the built-in open() function does.
        """
        if "b" not in mode:
            encoding = io.text_encoding(encoding)
>       return io.open(self, mode, buffering, encoding, errors, newline)
               ^^^^^^^^^^^^^^^^^^^^^^^^^^^^^^^^^^^^^^^^^^^^^^^^^^^^^^^^^
E       FileNotFoundError: [Errno 2] No such file or directory: '/data1/home/sunyiq/autoresearch64/runs/unified_autoresearch/dlopen_timezone_fix_validation_20260809_seq24/src/fair_benchmark/frozen/bundle/track0_statics.csv'

../../../../miniconda3/envs/nh_final/lib/python3.11/pathlib.py:1044: FileNotFoundError
_ ERROR at setup of test_the_single_day_variance_threshold_is_pinned_from_both_sides[above] _

tmp_path_factory = TempPathFactory(_given_basetemp=None, _trace=<pluggy._tracing.TagTracerSub object at 0x2b3fbd367ed0>, _basetemp=PosixPath('/tmp/pytest-of-sunyiq/pytest-0'), _retention_count=3, _retention_policy='all')

    @pytest.fixture(scope="module")
    def packages(tmp_path_factory) -> Path:
        root = tmp_path_factory.mktemp("hardening")
        camels_root = write_camels_tree(root / "camels_us", frozen_64_basins())
>       build_source(root / "development_source", camels_root)

../../../src/unified_autoresearch/tests/test_review_hardening_20260807.py:36: 
_ _ _ _ _ _ _ _ _ _ _ _ _ _ _ _ _ _ _ _ _ _ _ _ _ _ _ _ _ _ _ _ _ _ _ _ _ _ _ _ 
../../../src/unified_autoresearch/tests/test_scaleup_64_data_base.py:85: in build_source
    return build_development_source_root(
src/unified_autoresearch/data/real_source.py:145: in build_development_source_root
    static_attributes = _frozen_static_attributes(static_table_path, basins, selection["static_sha256"])
                        ^^^^^^^^^^^^^^^^^^^^^^^^^^^^^^^^^^^^^^^^^^^^^^^^^^^^^^^^^^^^^^^^^^^^^^^^^^^^^^^^
src/unified_autoresearch/data/real_source.py:104: in _frozen_static_attributes
    if _sha256(static_table_path) != expected_static_sha256:
       ^^^^^^^^^^^^^^^^^^^^^^^^^^
src/unified_autoresearch/data/real_source.py:41: in _sha256
    with path.open("rb") as stream:
         ^^^^^^^^^^^^^^^
_ _ _ _ _ _ _ _ _ _ _ _ _ _ _ _ _ _ _ _ _ _ _ _ _ _ _ _ _ _ _ _ _ _ _ _ _ _ _ _ 

self = PosixPath('/data1/home/sunyiq/autoresearch64/runs/unified_autoresearch/dlopen_timezone_fix_validation_20260809_seq24/src/fair_benchmark/frozen/bundle/track0_statics.csv')
mode = 'rb', buffering = -1, encoding = None, errors = None, newline = None

    def open(self, mode='r', buffering=-1, encoding=None,
             errors=None, newline=None):
        """
        Open the file pointed by this path and return a file object, as
        the built-in open() function does.
        """
        if "b" not in mode:
            encoding = io.text_encoding(encoding)
>       return io.open(self, mode, buffering, encoding, errors, newline)
               ^^^^^^^^^^^^^^^^^^^^^^^^^^^^^^^^^^^^^^^^^^^^^^^^^^^^^^^^^
E       FileNotFoundError: [Errno 2] No such file or directory: '/data1/home/sunyiq/autoresearch64/runs/unified_autoresearch/dlopen_timezone_fix_validation_20260809_seq24/src/fair_benchmark/frozen/bundle/track0_statics.csv'

../../../../miniconda3/envs/nh_final/lib/python3.11/pathlib.py:1044: FileNotFoundError
_ ERROR at setup of test_the_zero_flow_threshold_is_pinned_from_both_sides[below] _

tmp_path_factory = TempPathFactory(_given_basetemp=None, _trace=<pluggy._tracing.TagTracerSub object at 0x2b3fbd367ed0>, _basetemp=PosixPath('/tmp/pytest-of-sunyiq/pytest-0'), _retention_count=3, _retention_policy='all')

    @pytest.fixture(scope="module")
    def packages(tmp_path_factory) -> Path:
        root = tmp_path_factory.mktemp("hardening")
        camels_root = write_camels_tree(root / "camels_us", frozen_64_basins())
>       build_source(root / "development_source", camels_root)

../../../src/unified_autoresearch/tests/test_review_hardening_20260807.py:36: 
_ _ _ _ _ _ _ _ _ _ _ _ _ _ _ _ _ _ _ _ _ _ _ _ _ _ _ _ _ _ _ _ _ _ _ _ _ _ _ _ 
../../../src/unified_autoresearch/tests/test_scaleup_64_data_base.py:85: in build_source
    return build_development_source_root(
src/unified_autoresearch/data/real_source.py:145: in build_development_source_root
    static_attributes = _frozen_static_attributes(static_table_path, basins, selection["static_sha256"])
                        ^^^^^^^^^^^^^^^^^^^^^^^^^^^^^^^^^^^^^^^^^^^^^^^^^^^^^^^^^^^^^^^^^^^^^^^^^^^^^^^^
src/unified_autoresearch/data/real_source.py:104: in _frozen_static_attributes
    if _sha256(static_table_path) != expected_static_sha256:
       ^^^^^^^^^^^^^^^^^^^^^^^^^^
src/unified_autoresearch/data/real_source.py:41: in _sha256
    with path.open("rb") as stream:
         ^^^^^^^^^^^^^^^
_ _ _ _ _ _ _ _ _ _ _ _ _ _ _ _ _ _ _ _ _ _ _ _ _ _ _ _ _ _ _ _ _ _ _ _ _ _ _ _ 

self = PosixPath('/data1/home/sunyiq/autoresearch64/runs/unified_autoresearch/dlopen_timezone_fix_validation_20260809_seq24/src/fair_benchmark/frozen/bundle/track0_statics.csv')
mode = 'rb', buffering = -1, encoding = None, errors = None, newline = None

    def open(self, mode='r', buffering=-1, encoding=None,
             errors=None, newline=None):
        """
        Open the file pointed by this path and return a file object, as
        the built-in open() function does.
        """
        if "b" not in mode:
            encoding = io.text_encoding(encoding)
>       return io.open(self, mode, buffering, encoding, errors, newline)
               ^^^^^^^^^^^^^^^^^^^^^^^^^^^^^^^^^^^^^^^^^^^^^^^^^^^^^^^^^
E       FileNotFoundError: [Errno 2] No such file or directory: '/data1/home/sunyiq/autoresearch64/runs/unified_autoresearch/dlopen_timezone_fix_validation_20260809_seq24/src/fair_benchmark/frozen/bundle/track0_statics.csv'

../../../../miniconda3/envs/nh_final/lib/python3.11/pathlib.py:1044: FileNotFoundError
_ ERROR at setup of test_the_zero_flow_threshold_is_pinned_from_both_sides[above] _

tmp_path_factory = TempPathFactory(_given_basetemp=None, _trace=<pluggy._tracing.TagTracerSub object at 0x2b3fbd367ed0>, _basetemp=PosixPath('/tmp/pytest-of-sunyiq/pytest-0'), _retention_count=3, _retention_policy='all')

    @pytest.fixture(scope="module")
    def packages(tmp_path_factory) -> Path:
        root = tmp_path_factory.mktemp("hardening")
        camels_root = write_camels_tree(root / "camels_us", frozen_64_basins())
>       build_source(root / "development_source", camels_root)

../../../src/unified_autoresearch/tests/test_review_hardening_20260807.py:36: 
_ _ _ _ _ _ _ _ _ _ _ _ _ _ _ _ _ _ _ _ _ _ _ _ _ _ _ _ _ _ _ _ _ _ _ _ _ _ _ _ 
../../../src/unified_autoresearch/tests/test_scaleup_64_data_base.py:85: in build_source
    return build_development_source_root(
src/unified_autoresearch/data/real_source.py:145: in build_development_source_root
    static_attributes = _frozen_static_attributes(static_table_path, basins, selection["static_sha256"])
                        ^^^^^^^^^^^^^^^^^^^^^^^^^^^^^^^^^^^^^^^^^^^^^^^^^^^^^^^^^^^^^^^^^^^^^^^^^^^^^^^^
src/unified_autoresearch/data/real_source.py:104: in _frozen_static_attributes
    if _sha256(static_table_path) != expected_static_sha256:
       ^^^^^^^^^^^^^^^^^^^^^^^^^^
src/unified_autoresearch/data/real_source.py:41: in _sha256
    with path.open("rb") as stream:
         ^^^^^^^^^^^^^^^
_ _ _ _ _ _ _ _ _ _ _ _ _ _ _ _ _ _ _ _ _ _ _ _ _ _ _ _ _ _ _ _ _ _ _ _ _ _ _ _ 

self = PosixPath('/data1/home/sunyiq/autoresearch64/runs/unified_autoresearch/dlopen_timezone_fix_validation_20260809_seq24/src/fair_benchmark/frozen/bundle/track0_statics.csv')
mode = 'rb', buffering = -1, encoding = None, errors = None, newline = None

    def open(self, mode='r', buffering=-1, encoding=None,
             errors=None, newline=None):
        """
        Open the file pointed by this path and return a file object, as
        the built-in open() function does.
        """
        if "b" not in mode:
            encoding = io.text_encoding(encoding)
>       return io.open(self, mode, buffering, encoding, errors, newline)
               ^^^^^^^^^^^^^^^^^^^^^^^^^^^^^^^^^^^^^^^^^^^^^^^^^^^^^^^^^
E       FileNotFoundError: [Errno 2] No such file or directory: '/data1/home/sunyiq/autoresearch64/runs/unified_autoresearch/dlopen_timezone_fix_validation_20260809_seq24/src/fair_benchmark/frozen/bundle/track0_statics.csv'

../../../../miniconda3/envs/nh_final/lib/python3.11/pathlib.py:1044: FileNotFoundError
_ ERROR at setup of test_classification_refuses_a_package_whose_basin_set_was_never_frozen _

tmp_path_factory = TempPathFactory(_given_basetemp=None, _trace=<pluggy._tracing.TagTracerSub object at 0x2b3fbd367ed0>, _basetemp=PosixPath('/tmp/pytest-of-sunyiq/pytest-0'), _retention_count=3, _retention_policy='all')

    @pytest.fixture(scope="module")
    def packages(tmp_path_factory) -> Path:
        root = tmp_path_factory.mktemp("hardening")
        camels_root = write_camels_tree(root / "camels_us", frozen_64_basins())
>       build_source(root / "development_source", camels_root)

../../../src/unified_autoresearch/tests/test_review_hardening_20260807.py:36: 
_ _ _ _ _ _ _ _ _ _ _ _ _ _ _ _ _ _ _ _ _ _ _ _ _ _ _ _ _ _ _ _ _ _ _ _ _ _ _ _ 
../../../src/unified_autoresearch/tests/test_scaleup_64_data_base.py:85: in build_source
    return build_development_source_root(
src/unified_autoresearch/data/real_source.py:145: in build_development_source_root
    static_attributes = _frozen_static_attributes(static_table_path, basins, selection["static_sha256"])
                        ^^^^^^^^^^^^^^^^^^^^^^^^^^^^^^^^^^^^^^^^^^^^^^^^^^^^^^^^^^^^^^^^^^^^^^^^^^^^^^^^
src/unified_autoresearch/data/real_source.py:104: in _frozen_static_attributes
    if _sha256(static_table_path) != expected_static_sha256:
       ^^^^^^^^^^^^^^^^^^^^^^^^^^
src/unified_autoresearch/data/real_source.py:41: in _sha256
    with path.open("rb") as stream:
         ^^^^^^^^^^^^^^^
_ _ _ _ _ _ _ _ _ _ _ _ _ _ _ _ _ _ _ _ _ _ _ _ _ _ _ _ _ _ _ _ _ _ _ _ _ _ _ _ 

self = PosixPath('/data1/home/sunyiq/autoresearch64/runs/unified_autoresearch/dlopen_timezone_fix_validation_20260809_seq24/src/fair_benchmark/frozen/bundle/track0_statics.csv')
mode = 'rb', buffering = -1, encoding = None, errors = None, newline = None

    def open(self, mode='r', buffering=-1, encoding=None,
             errors=None, newline=None):
        """
        Open the file pointed by this path and return a file object, as
        the built-in open() function does.
        """
        if "b" not in mode:
            encoding = io.text_encoding(encoding)
>       return io.open(self, mode, buffering, encoding, errors, newline)
               ^^^^^^^^^^^^^^^^^^^^^^^^^^^^^^^^^^^^^^^^^^^^^^^^^^^^^^^^^
E       FileNotFoundError: [Errno 2] No such file or directory: '/data1/home/sunyiq/autoresearch64/runs/unified_autoresearch/dlopen_timezone_fix_validation_20260809_seq24/src/fair_benchmark/frozen/bundle/track0_statics.csv'

../../../../miniconda3/envs/nh_final/lib/python3.11/pathlib.py:1044: FileNotFoundError
_ ERROR at setup of test_scoring_accepts_a_sixty_four_basin_package_and_reports_every_basin _

tmp_path_factory = TempPathFactory(_given_basetemp=None, _trace=<pluggy._tracing.TagTracerSub object at 0x2b3fbd367ed0>, _basetemp=PosixPath('/tmp/pytest-of-sunyiq/pytest-0'), _retention_count=3, _retention_policy='all')

    @pytest.fixture(scope="module")
    def packages(tmp_path_factory) -> Path:
        root = tmp_path_factory.mktemp("scoring64")
        camels_root = write_camels_tree(root / "camels_us", frozen_64_basins())
>       build_source(root / "development_source", camels_root)

../../../src/unified_autoresearch/tests/test_scoring_sixty_four_basins.py:29: 
_ _ _ _ _ _ _ _ _ _ _ _ _ _ _ _ _ _ _ _ _ _ _ _ _ _ _ _ _ _ _ _ _ _ _ _ _ _ _ _ 
../../../src/unified_autoresearch/tests/test_scaleup_64_data_base.py:85: in build_source
    return build_development_source_root(
src/unified_autoresearch/data/real_source.py:145: in build_development_source_root
    static_attributes = _frozen_static_attributes(static_table_path, basins, selection["static_sha256"])
                        ^^^^^^^^^^^^^^^^^^^^^^^^^^^^^^^^^^^^^^^^^^^^^^^^^^^^^^^^^^^^^^^^^^^^^^^^^^^^^^^^
src/unified_autoresearch/data/real_source.py:104: in _frozen_static_attributes
    if _sha256(static_table_path) != expected_static_sha256:
       ^^^^^^^^^^^^^^^^^^^^^^^^^^
src/unified_autoresearch/data/real_source.py:41: in _sha256
    with path.open("rb") as stream:
         ^^^^^^^^^^^^^^^
_ _ _ _ _ _ _ _ _ _ _ _ _ _ _ _ _ _ _ _ _ _ _ _ _ _ _ _ _ _ _ _ _ _ _ _ _ _ _ _ 

self = PosixPath('/data1/home/sunyiq/autoresearch64/runs/unified_autoresearch/dlopen_timezone_fix_validation_20260809_seq24/src/fair_benchmark/frozen/bundle/track0_statics.csv')
mode = 'rb', buffering = -1, encoding = None, errors = None, newline = None

    def open(self, mode='r', buffering=-1, encoding=None,
             errors=None, newline=None):
        """
        Open the file pointed by this path and return a file object, as
        the built-in open() function does.
        """
        if "b" not in mode:
            encoding = io.text_encoding(encoding)
>       return io.open(self, mode, buffering, encoding, errors, newline)
               ^^^^^^^^^^^^^^^^^^^^^^^^^^^^^^^^^^^^^^^^^^^^^^^^^^^^^^^^^
E       FileNotFoundError: [Errno 2] No such file or directory: '/data1/home/sunyiq/autoresearch64/runs/unified_autoresearch/dlopen_timezone_fix_validation_20260809_seq24/src/fair_benchmark/frozen/bundle/track0_statics.csv'

../../../../miniconda3/envs/nh_final/lib/python3.11/pathlib.py:1044: FileNotFoundError
_ ERROR at setup of test_summarising_two_protocols_produces_one_cell_per_frozen_basin _

tmp_path_factory = TempPathFactory(_given_basetemp=None, _trace=<pluggy._tracing.TagTracerSub object at 0x2b3fbd367ed0>, _basetemp=PosixPath('/tmp/pytest-of-sunyiq/pytest-0'), _retention_count=3, _retention_policy='all')

    @pytest.fixture(scope="module")
    def packages(tmp_path_factory) -> Path:
        root = tmp_path_factory.mktemp("scoring64")
        camels_root = write_camels_tree(root / "camels_us", frozen_64_basins())
>       build_source(root / "development_source", camels_root)

../../../src/unified_autoresearch/tests/test_scoring_sixty_four_basins.py:29: 
_ _ _ _ _ _ _ _ _ _ _ _ _ _ _ _ _ _ _ _ _ _ _ _ _ _ _ _ _ _ _ _ _ _ _ _ _ _ _ _ 
../../../src/unified_autoresearch/tests/test_scaleup_64_data_base.py:85: in build_source
    return build_development_source_root(
src/unified_autoresearch/data/real_source.py:145: in build_development_source_root
    static_attributes = _frozen_static_attributes(static_table_path, basins, selection["static_sha256"])
                        ^^^^^^^^^^^^^^^^^^^^^^^^^^^^^^^^^^^^^^^^^^^^^^^^^^^^^^^^^^^^^^^^^^^^^^^^^^^^^^^^
src/unified_autoresearch/data/real_source.py:104: in _frozen_static_attributes
    if _sha256(static_table_path) != expected_static_sha256:
       ^^^^^^^^^^^^^^^^^^^^^^^^^^
src/unified_autoresearch/data/real_source.py:41: in _sha256
    with path.open("rb") as stream:
         ^^^^^^^^^^^^^^^
_ _ _ _ _ _ _ _ _ _ _ _ _ _ _ _ _ _ _ _ _ _ _ _ _ _ _ _ _ _ _ _ _ _ _ _ _ _ _ _ 

self = PosixPath('/data1/home/sunyiq/autoresearch64/runs/unified_autoresearch/dlopen_timezone_fix_validation_20260809_seq24/src/fair_benchmark/frozen/bundle/track0_statics.csv')
mode = 'rb', buffering = -1, encoding = None, errors = None, newline = None

    def open(self, mode='r', buffering=-1, encoding=None,
             errors=None, newline=None):
        """
        Open the file pointed by this path and return a file object, as
        the built-in open() function does.
        """
        if "b" not in mode:
            encoding = io.text_encoding(encoding)
>       return io.open(self, mode, buffering, encoding, errors, newline)
               ^^^^^^^^^^^^^^^^^^^^^^^^^^^^^^^^^^^^^^^^^^^^^^^^^^^^^^^^^
E       FileNotFoundError: [Errno 2] No such file or directory: '/data1/home/sunyiq/autoresearch64/runs/unified_autoresearch/dlopen_timezone_fix_validation_20260809_seq24/src/fair_benchmark/frozen/bundle/track0_statics.csv'

../../../../miniconda3/envs/nh_final/lib/python3.11/pathlib.py:1044: FileNotFoundError
_ ERROR at setup of test_scoring_refuses_a_package_whose_basin_list_is_not_a_frozen_set _

tmp_path_factory = TempPathFactory(_given_basetemp=None, _trace=<pluggy._tracing.TagTracerSub object at 0x2b3fbd367ed0>, _basetemp=PosixPath('/tmp/pytest-of-sunyiq/pytest-0'), _retention_count=3, _retention_policy='all')

    @pytest.fixture(scope="module")
    def packages(tmp_path_factory) -> Path:
        root = tmp_path_factory.mktemp("scoring64")
        camels_root = write_camels_tree(root / "camels_us", frozen_64_basins())
>       build_source(root / "development_source", camels_root)

../../../src/unified_autoresearch/tests/test_scoring_sixty_four_basins.py:29: 
_ _ _ _ _ _ _ _ _ _ _ _ _ _ _ _ _ _ _ _ _ _ _ _ _ _ _ _ _ _ _ _ _ _ _ _ _ _ _ _ 
../../../src/unified_autoresearch/tests/test_scaleup_64_data_base.py:85: in build_source
    return build_development_source_root(
src/unified_autoresearch/data/real_source.py:145: in build_development_source_root
    static_attributes = _frozen_static_attributes(static_table_path, basins, selection["static_sha256"])
                        ^^^^^^^^^^^^^^^^^^^^^^^^^^^^^^^^^^^^^^^^^^^^^^^^^^^^^^^^^^^^^^^^^^^^^^^^^^^^^^^^
src/unified_autoresearch/data/real_source.py:104: in _frozen_static_attributes
    if _sha256(static_table_path) != expected_static_sha256:
       ^^^^^^^^^^^^^^^^^^^^^^^^^^
src/unified_autoresearch/data/real_source.py:41: in _sha256
    with path.open("rb") as stream:
         ^^^^^^^^^^^^^^^
_ _ _ _ _ _ _ _ _ _ _ _ _ _ _ _ _ _ _ _ _ _ _ _ _ _ _ _ _ _ _ _ _ _ _ _ _ _ _ _ 

self = PosixPath('/data1/home/sunyiq/autoresearch64/runs/unified_autoresearch/dlopen_timezone_fix_validation_20260809_seq24/src/fair_benchmark/frozen/bundle/track0_statics.csv')
mode = 'rb', buffering = -1, encoding = None, errors = None, newline = None

    def open(self, mode='r', buffering=-1, encoding=None,
             errors=None, newline=None):
        """
        Open the file pointed by this path and return a file object, as
        the built-in open() function does.
        """
        if "b" not in mode:
            encoding = io.text_encoding(encoding)
>       return io.open(self, mode, buffering, encoding, errors, newline)
               ^^^^^^^^^^^^^^^^^^^^^^^^^^^^^^^^^^^^^^^^^^^^^^^^^^^^^^^^^
E       FileNotFoundError: [Errno 2] No such file or directory: '/data1/home/sunyiq/autoresearch64/runs/unified_autoresearch/dlopen_timezone_fix_validation_20260809_seq24/src/fair_benchmark/frozen/bundle/track0_statics.csv'

../../../../miniconda3/envs/nh_final/lib/python3.11/pathlib.py:1044: FileNotFoundError
_ ERROR at setup of test_summary_partitions_cleanly_against_the_basin_eligibility_record _

tmp_path_factory = TempPathFactory(_given_basetemp=None, _trace=<pluggy._tracing.TagTracerSub object at 0x2b3fbd367ed0>, _basetemp=PosixPath('/tmp/pytest-of-sunyiq/pytest-0'), _retention_count=3, _retention_policy='all')

    @pytest.fixture(scope="module")
    def packages(tmp_path_factory) -> Path:
        root = tmp_path_factory.mktemp("scoring64")
        camels_root = write_camels_tree(root / "camels_us", frozen_64_basins())
>       build_source(root / "development_source", camels_root)

../../../src/unified_autoresearch/tests/test_scoring_sixty_four_basins.py:29: 
_ _ _ _ _ _ _ _ _ _ _ _ _ _ _ _ _ _ _ _ _ _ _ _ _ _ _ _ _ _ _ _ _ _ _ _ _ _ _ _ 
../../../src/unified_autoresearch/tests/test_scaleup_64_data_base.py:85: in build_source
    return build_development_source_root(
src/unified_autoresearch/data/real_source.py:145: in build_development_source_root
    static_attributes = _frozen_static_attributes(static_table_path, basins, selection["static_sha256"])
                        ^^^^^^^^^^^^^^^^^^^^^^^^^^^^^^^^^^^^^^^^^^^^^^^^^^^^^^^^^^^^^^^^^^^^^^^^^^^^^^^^
src/unified_autoresearch/data/real_source.py:104: in _frozen_static_attributes
    if _sha256(static_table_path) != expected_static_sha256:
       ^^^^^^^^^^^^^^^^^^^^^^^^^^
src/unified_autoresearch/data/real_source.py:41: in _sha256
    with path.open("rb") as stream:
         ^^^^^^^^^^^^^^^
_ _ _ _ _ _ _ _ _ _ _ _ _ _ _ _ _ _ _ _ _ _ _ _ _ _ _ _ _ _ _ _ _ _ _ _ _ _ _ _ 

self = PosixPath('/data1/home/sunyiq/autoresearch64/runs/unified_autoresearch/dlopen_timezone_fix_validation_20260809_seq24/src/fair_benchmark/frozen/bundle/track0_statics.csv')
mode = 'rb', buffering = -1, encoding = None, errors = None, newline = None

    def open(self, mode='r', buffering=-1, encoding=None,
             errors=None, newline=None):
        """
        Open the file pointed by this path and return a file object, as
        the built-in open() function does.
        """
        if "b" not in mode:
            encoding = io.text_encoding(encoding)
>       return io.open(self, mode, buffering, encoding, errors, newline)
               ^^^^^^^^^^^^^^^^^^^^^^^^^^^^^^^^^^^^^^^^^^^^^^^^^^^^^^^^^
E       FileNotFoundError: [Errno 2] No such file or directory: '/data1/home/sunyiq/autoresearch64/runs/unified_autoresearch/dlopen_timezone_fix_validation_20260809_seq24/src/fair_benchmark/frozen/bundle/track0_statics.csv'

../../../../miniconda3/envs/nh_final/lib/python3.11/pathlib.py:1044: FileNotFoundError
_ ERROR at setup of test_a_single_reference_candidate_produces_one_cell_per_frozen_basin _

tmp_path_factory = TempPathFactory(_given_basetemp=None, _trace=<pluggy._tracing.TagTracerSub object at 0x2b3fbd367ed0>, _basetemp=PosixPath('/tmp/pytest-of-sunyiq/pytest-0'), _retention_count=3, _retention_policy='all')

    @pytest.fixture(scope="module")
    def real_packages(tmp_path_factory) -> Path:
        """The runner requires inputs inside the repository, so the fixture builds them there."""
        scratch = REPO_ROOT / "runs" / "unified_autoresearch" / "pytest_single_candidate_packages"
        if scratch.exists():
            _remove_tree(scratch)
        scratch.mkdir(parents=True)
        camels_root = write_camels_tree(tmp_path_factory.mktemp("camels") / "camels_us", frozen_64_basins())
>       build_source(scratch / "development_source", camels_root)

../../../src/unified_autoresearch/tests/test_single_candidate_development.py:59: 
_ _ _ _ _ _ _ _ _ _ _ _ _ _ _ _ _ _ _ _ _ _ _ _ _ _ _ _ _ _ _ _ _ _ _ _ _ _ _ _ 
../../../src/unified_autoresearch/tests/test_scaleup_64_data_base.py:85: in build_source
    return build_development_source_root(
src/unified_autoresearch/data/real_source.py:145: in build_development_source_root
    static_attributes = _frozen_static_attributes(static_table_path, basins, selection["static_sha256"])
                        ^^^^^^^^^^^^^^^^^^^^^^^^^^^^^^^^^^^^^^^^^^^^^^^^^^^^^^^^^^^^^^^^^^^^^^^^^^^^^^^^
src/unified_autoresearch/data/real_source.py:104: in _frozen_static_attributes
    if _sha256(static_table_path) != expected_static_sha256:
       ^^^^^^^^^^^^^^^^^^^^^^^^^^
src/unified_autoresearch/data/real_source.py:41: in _sha256
    with path.open("rb") as stream:
         ^^^^^^^^^^^^^^^
_ _ _ _ _ _ _ _ _ _ _ _ _ _ _ _ _ _ _ _ _ _ _ _ _ _ _ _ _ _ _ _ _ _ _ _ _ _ _ _ 

self = PosixPath('/data1/home/sunyiq/autoresearch64/runs/unified_autoresearch/dlopen_timezone_fix_validation_20260809_seq24/src/fair_benchmark/frozen/bundle/track0_statics.csv')
mode = 'rb', buffering = -1, encoding = None, errors = None, newline = None

    def open(self, mode='r', buffering=-1, encoding=None,
             errors=None, newline=None):
        """
        Open the file pointed by this path and return a file object, as
        the built-in open() function does.
        """
        if "b" not in mode:
            encoding = io.text_encoding(encoding)
>       return io.open(self, mode, buffering, encoding, errors, newline)
               ^^^^^^^^^^^^^^^^^^^^^^^^^^^^^^^^^^^^^^^^^^^^^^^^^^^^^^^^^
E       FileNotFoundError: [Errno 2] No such file or directory: '/data1/home/sunyiq/autoresearch64/runs/unified_autoresearch/dlopen_timezone_fix_validation_20260809_seq24/src/fair_benchmark/frozen/bundle/track0_statics.csv'

../../../../miniconda3/envs/nh_final/lib/python3.11/pathlib.py:1044: FileNotFoundError
_ ERROR at setup of test_the_declared_candidate_identity_is_carried_into_every_cell _

tmp_path_factory = TempPathFactory(_given_basetemp=None, _trace=<pluggy._tracing.TagTracerSub object at 0x2b3fbd367ed0>, _basetemp=PosixPath('/tmp/pytest-of-sunyiq/pytest-0'), _retention_count=3, _retention_policy='all')

    @pytest.fixture(scope="module")
    def real_packages(tmp_path_factory) -> Path:
        """The runner requires inputs inside the repository, so the fixture builds them there."""
        scratch = REPO_ROOT / "runs" / "unified_autoresearch" / "pytest_single_candidate_packages"
        if scratch.exists():
            _remove_tree(scratch)
        scratch.mkdir(parents=True)
        camels_root = write_camels_tree(tmp_path_factory.mktemp("camels") / "camels_us", frozen_64_basins())
>       build_source(scratch / "development_source", camels_root)

../../../src/unified_autoresearch/tests/test_single_candidate_development.py:59: 
_ _ _ _ _ _ _ _ _ _ _ _ _ _ _ _ _ _ _ _ _ _ _ _ _ _ _ _ _ _ _ _ _ _ _ _ _ _ _ _ 
../../../src/unified_autoresearch/tests/test_scaleup_64_data_base.py:85: in build_source
    return build_development_source_root(
src/unified_autoresearch/data/real_source.py:145: in build_development_source_root
    static_attributes = _frozen_static_attributes(static_table_path, basins, selection["static_sha256"])
                        ^^^^^^^^^^^^^^^^^^^^^^^^^^^^^^^^^^^^^^^^^^^^^^^^^^^^^^^^^^^^^^^^^^^^^^^^^^^^^^^^
src/unified_autoresearch/data/real_source.py:104: in _frozen_static_attributes
    if _sha256(static_table_path) != expected_static_sha256:
       ^^^^^^^^^^^^^^^^^^^^^^^^^^
src/unified_autoresearch/data/real_source.py:41: in _sha256
    with path.open("rb") as stream:
         ^^^^^^^^^^^^^^^
_ _ _ _ _ _ _ _ _ _ _ _ _ _ _ _ _ _ _ _ _ _ _ _ _ _ _ _ _ _ _ _ _ _ _ _ _ _ _ _ 

self = PosixPath('/data1/home/sunyiq/autoresearch64/runs/unified_autoresearch/dlopen_timezone_fix_validation_20260809_seq24/src/fair_benchmark/frozen/bundle/track0_statics.csv')
mode = 'rb', buffering = -1, encoding = None, errors = None, newline = None

    def open(self, mode='r', buffering=-1, encoding=None,
             errors=None, newline=None):
        """
        Open the file pointed by this path and return a file object, as
        the built-in open() function does.
        """
        if "b" not in mode:
            encoding = io.text_encoding(encoding)
>       return io.open(self, mode, buffering, encoding, errors, newline)
               ^^^^^^^^^^^^^^^^^^^^^^^^^^^^^^^^^^^^^^^^^^^^^^^^^^^^^^^^^
E       FileNotFoundError: [Errno 2] No such file or directory: '/data1/home/sunyiq/autoresearch64/runs/unified_autoresearch/dlopen_timezone_fix_validation_20260809_seq24/src/fair_benchmark/frozen/bundle/track0_statics.csv'

../../../../miniconda3/envs/nh_final/lib/python3.11/pathlib.py:1044: FileNotFoundError
_ ERROR at setup of test_the_runner_refuses_to_overwrite_an_existing_output_root _

tmp_path_factory = TempPathFactory(_given_basetemp=None, _trace=<pluggy._tracing.TagTracerSub object at 0x2b3fbd367ed0>, _basetemp=PosixPath('/tmp/pytest-of-sunyiq/pytest-0'), _retention_count=3, _retention_policy='all')

    @pytest.fixture(scope="module")
    def real_packages(tmp_path_factory) -> Path:
        """The runner requires inputs inside the repository, so the fixture builds them there."""
        scratch = REPO_ROOT / "runs" / "unified_autoresearch" / "pytest_single_candidate_packages"
        if scratch.exists():
            _remove_tree(scratch)
        scratch.mkdir(parents=True)
        camels_root = write_camels_tree(tmp_path_factory.mktemp("camels") / "camels_us", frozen_64_basins())
>       build_source(scratch / "development_source", camels_root)

../../../src/unified_autoresearch/tests/test_single_candidate_development.py:59: 
_ _ _ _ _ _ _ _ _ _ _ _ _ _ _ _ _ _ _ _ _ _ _ _ _ _ _ _ _ _ _ _ _ _ _ _ _ _ _ _ 
../../../src/unified_autoresearch/tests/test_scaleup_64_data_base.py:85: in build_source
    return build_development_source_root(
src/unified_autoresearch/data/real_source.py:145: in build_development_source_root
    static_attributes = _frozen_static_attributes(static_table_path, basins, selection["static_sha256"])
                        ^^^^^^^^^^^^^^^^^^^^^^^^^^^^^^^^^^^^^^^^^^^^^^^^^^^^^^^^^^^^^^^^^^^^^^^^^^^^^^^^
src/unified_autoresearch/data/real_source.py:104: in _frozen_static_attributes
    if _sha256(static_table_path) != expected_static_sha256:
       ^^^^^^^^^^^^^^^^^^^^^^^^^^
src/unified_autoresearch/data/real_source.py:41: in _sha256
    with path.open("rb") as stream:
         ^^^^^^^^^^^^^^^
_ _ _ _ _ _ _ _ _ _ _ _ _ _ _ _ _ _ _ _ _ _ _ _ _ _ _ _ _ _ _ _ _ _ _ _ _ _ _ _ 

self = PosixPath('/data1/home/sunyiq/autoresearch64/runs/unified_autoresearch/dlopen_timezone_fix_validation_20260809_seq24/src/fair_benchmark/frozen/bundle/track0_statics.csv')
mode = 'rb', buffering = -1, encoding = None, errors = None, newline = None

    def open(self, mode='r', buffering=-1, encoding=None,
             errors=None, newline=None):
        """
        Open the file pointed by this path and return a file object, as
        the built-in open() function does.
        """
        if "b" not in mode:
            encoding = io.text_encoding(encoding)
>       return io.open(self, mode, buffering, encoding, errors, newline)
               ^^^^^^^^^^^^^^^^^^^^^^^^^^^^^^^^^^^^^^^^^^^^^^^^^^^^^^^^^
E       FileNotFoundError: [Errno 2] No such file or directory: '/data1/home/sunyiq/autoresearch64/runs/unified_autoresearch/dlopen_timezone_fix_validation_20260809_seq24/src/fair_benchmark/frozen/bundle/track0_statics.csv'

../../../../miniconda3/envs/nh_final/lib/python3.11/pathlib.py:1044: FileNotFoundError
=================================== FAILURES ===================================
_____ test_registered_recovery_matches_a_clean_deterministic_training_run ______

tmp_path = PosixPath('/tmp/pytest-of-sunyiq/pytest-0/test_registered_recovery_match0')

    def test_registered_recovery_matches_a_clean_deterministic_training_run(tmp_path):
        from unified_autoresearch.registry.store import Registry
        from unified_autoresearch.runtime.checkpoints import verify_checkpoint
        from unified_autoresearch.runtime.resources import ResourceSnapshot
        from unified_autoresearch.workflow.recovery import run_recovery_reproducibility_cycle
    
        repo = tmp_path / "repo"
        _initialize_repo(repo)
        package_root = _build_synthetic_development_packages(repo)
        subprocess.run(["git", "add", "."], cwd=repo, check=True)
        subprocess.run(["git", "commit", "-q", "-m", "synthetic development package"], cwd=repo, check=True)
        output_root = repo / "runs" / "recovery-cycle"
        snapshot = ResourceSnapshot(
            available_cpu_cores=4,
            available_gpu_count=0,
            available_memory_gb=4.0,
            free_disk_gb=10.0,
        )
    
>       result = run_recovery_reproducibility_cycle(
            repo_root=repo,
            package_root=package_root,
            expected_package_manifest_sha256=_sha256(package_root / "PACKAGE_MANIFEST.json"),
            category="custom_python",
            output_root=output_root,
            resource_snapshot=snapshot,
        )

../../../src/unified_autoresearch/tests/test_development_recovery.py:124: 
_ _ _ _ _ _ _ _ _ _ _ _ _ _ _ _ _ _ _ _ _ _ _ _ _ _ _ _ _ _ _ _ _ _ _ _ _ _ _ _ 
src/unified_autoresearch/workflow/recovery.py:155: in run_recovery_reproducibility_cycle
    interrupted = run_registered_candidate(
src/unified_autoresearch/runtime/orchestrator.py:193: in run_registered_candidate
    runtime_result = run_candidate(
_ _ _ _ _ _ _ _ _ _ _ _ _ _ _ _ _ _ _ _ _ _ _ _ _ _ _ _ _ _ _ _ _ _ _ _ _ _ _ _ 

descriptor = CandidateDescriptor(schema_version='candidate_descriptor_v1', candidate_id='reference-custom-python-v1', category='cus...load'}, checkpoint={'keep': 'all', 'staging_dir': 'checkpoint_staging', 'supported': True}, resume={'supported': True})
layout = RunLayout(root=PosixPath('/tmp/pytest-of-sunyiq/pytest-0/test_registered_recovery_match0/repo/runs/recovery-cycle/runs.../tmp/pytest-of-sunyiq/pytest-0/test_registered_recovery_match0/repo/runs/recovery-cycle/runs/forward-checkpoint/logs'))
mode = 'train', resume_checkpoint = None
resource_snapshot = ResourceSnapshot(available_cpu_cores=4, available_gpu_count=0, available_memory_gb=4.0, free_disk_gb=10.0)
monitor_sample_interval_seconds = None

    def run_candidate(
        *,
        descriptor: CandidateDescriptor,
        layout: RunLayout,
        mode: str,
        resume_checkpoint: str | Path | None = None,
        resource_snapshot: ResourceSnapshot | None = None,
        monitor_sample_interval_seconds: float | None = None,
    ) -> RuntimeResult:
        """Run a candidate once and standardize contract and runtime failures."""
        if mode not in {"train", "predict"}:
            raise ValueError(f"unsupported candidate mode: {mode!r}")
        resume_record: CheckpointRecord | None = None
        if resume_checkpoint is not None:
            if descriptor.resume.get("supported") is not True:
                raise ValueError("candidate does not support checkpoint resume")
            resume_record = mount_verified_checkpoint(
                layout.root,
                resume_checkpoint,
                expected_candidate_id=descriptor.candidate_id,
            )
        policy_path = layout.log_root / "runtime-policy.json"
        dependency_preflight_path = layout.log_root / "dependency-preflight.json"
        resource_preflight_path = layout.log_root / "resource-preflight.json"
        access_log_path = layout.log_root / "access.jsonl"
        stdout_path = layout.log_root / "stdout.txt"
        stderr_path = layout.log_root / "stderr.txt"
        result_path = layout.log_root / "runtime-result.json"
        dependency_assessment = assess_dependency_environment(descriptor.dependencies)
        _write_json_exclusive(dependency_preflight_path, dependency_assessment.as_dict())
        if dependency_assessment.decision != "launch":
>           raise DependencyEnvironmentError(dependency_assessment)
E           unified_autoresearch.runtime.dependencies.DependencyEnvironmentError: declared dependency environment does not match

src/unified_autoresearch/runtime/runner.py:200: DependencyEnvironmentError
____ test_full_development_loop_produces_exactly_32_finite_registered_cells ____

tmp_path = PosixPath('/tmp/pytest-of-sunyiq/pytest-0/test_full_development_loop_pro0')

    def test_full_development_loop_produces_exactly_32_finite_registered_cells(tmp_path):
        from unified_autoresearch.candidates.catalog import REFERENCE_CATEGORIES
        from unified_autoresearch.registry.store import Registry
        from unified_autoresearch.runtime.resources import ResourceSnapshot
        from unified_autoresearch.workflow.development_loop import run_full_development_loop
    
        repo = tmp_path / "repo"
        _initialize_repo(repo)
        package_root = _build_synthetic_development_packages(repo)
        subprocess.run(["git", "add", "."], cwd=repo, check=True)
        subprocess.run(["git", "commit", "-q", "-m", "synthetic development package"], cwd=repo, check=True)
        output_root = repo / "runs" / "full-development-loop"
    
>       result = run_full_development_loop(
            repo_root=repo,
            package_root=package_root,
            expected_package_manifest_sha256=_sha256(package_root / "PACKAGE_MANIFEST.json"),
            output_root=output_root,
            resource_snapshot=ResourceSnapshot(
                available_cpu_cores=4,
                available_gpu_count=0,
                available_memory_gb=4.0,
                free_disk_gb=10.0,
            ),
        )

../../../src/unified_autoresearch/tests/test_development_recovery.py:212: 
_ _ _ _ _ _ _ _ _ _ _ _ _ _ _ _ _ _ _ _ _ _ _ _ _ _ _ _ _ _ _ _ _ _ _ _ _ _ _ _ 
src/unified_autoresearch/workflow/development_loop.py:222: in run_full_development_loop
    train_result = run_registered_candidate(
src/unified_autoresearch/runtime/orchestrator.py:193: in run_registered_candidate
    runtime_result = run_candidate(
_ _ _ _ _ _ _ _ _ _ _ _ _ _ _ _ _ _ _ _ _ _ _ _ _ _ _ _ _ _ _ _ _ _ _ _ _ _ _ _ 

descriptor = CandidateDescriptor(schema_version='candidate_descriptor_v1', candidate_id='reference-deep-learning-v1', category='dee...load'}, checkpoint={'keep': 'all', 'staging_dir': 'checkpoint_staging', 'supported': True}, resume={'supported': True})
layout = RunLayout(root=PosixPath('/tmp/pytest-of-sunyiq/pytest-0/test_full_development_loop_pro0/repo/runs/full-development-lo...unyiq/pytest-0/test_full_development_loop_pro0/repo/runs/full-development-loop/runs/deep_learning/forward/train/logs'))
mode = 'train', resume_checkpoint = None
resource_snapshot = ResourceSnapshot(available_cpu_cores=4, available_gpu_count=0, available_memory_gb=4.0, free_disk_gb=10.0)
monitor_sample_interval_seconds = None

    def run_candidate(
        *,
        descriptor: CandidateDescriptor,
        layout: RunLayout,
        mode: str,
        resume_checkpoint: str | Path | None = None,
        resource_snapshot: ResourceSnapshot | None = None,
        monitor_sample_interval_seconds: float | None = None,
    ) -> RuntimeResult:
        """Run a candidate once and standardize contract and runtime failures."""
        if mode not in {"train", "predict"}:
            raise ValueError(f"unsupported candidate mode: {mode!r}")
        resume_record: CheckpointRecord | None = None
        if resume_checkpoint is not None:
            if descriptor.resume.get("supported") is not True:
                raise ValueError("candidate does not support checkpoint resume")
            resume_record = mount_verified_checkpoint(
                layout.root,
                resume_checkpoint,
                expected_candidate_id=descriptor.candidate_id,
            )
        policy_path = layout.log_root / "runtime-policy.json"
        dependency_preflight_path = layout.log_root / "dependency-preflight.json"
        resource_preflight_path = layout.log_root / "resource-preflight.json"
        access_log_path = layout.log_root / "access.jsonl"
        stdout_path = layout.log_root / "stdout.txt"
        stderr_path = layout.log_root / "stderr.txt"
        result_path = layout.log_root / "runtime-result.json"
        dependency_assessment = assess_dependency_environment(descriptor.dependencies)
        _write_json_exclusive(dependency_preflight_path, dependency_assessment.as_dict())
        if dependency_assessment.decision != "launch":
>           raise DependencyEnvironmentError(dependency_assessment)
E           unified_autoresearch.runtime.dependencies.DependencyEnvironmentError: declared dependency environment does not match

src/unified_autoresearch/runtime/runner.py:200: DependencyEnvironmentError
___ test_full_development_loop_supervises_every_registered_run_when_declared ___

tmp_path = PosixPath('/tmp/pytest-of-sunyiq/pytest-0/test_full_development_loop_sup0')

    def test_full_development_loop_supervises_every_registered_run_when_declared(tmp_path):
        from unified_autoresearch.runtime.resources import ResourceSnapshot
        from unified_autoresearch.workflow.development_loop import run_full_development_loop
    
        repo = tmp_path / "repo"
        _initialize_repo(repo)
        package_root = _build_synthetic_development_packages(repo)
        subprocess.run(["git", "add", "."], cwd=repo, check=True)
        subprocess.run(["git", "commit", "-q", "-m", "synthetic development package"], cwd=repo, check=True)
        output_root = repo / "runs" / "supervised-development-loop"
    
>       result = run_full_development_loop(
            repo_root=repo,
            package_root=package_root,
            expected_package_manifest_sha256=_sha256(package_root / "PACKAGE_MANIFEST.json"),
            output_root=output_root,
            resource_snapshot=ResourceSnapshot(
                available_cpu_cores=4,
                available_gpu_count=0,
                available_memory_gb=4.0,
                free_disk_gb=10.0,
            ),
            monitor_sample_interval_seconds=0.05,
            monitor_reason="synthetic supervised full-loop verification",
        )

../../../src/unified_autoresearch/tests/test_development_recovery.py:283: 
_ _ _ _ _ _ _ _ _ _ _ _ _ _ _ _ _ _ _ _ _ _ _ _ _ _ _ _ _ _ _ _ _ _ _ _ _ _ _ _ 
src/unified_autoresearch/workflow/development_loop.py:222: in run_full_development_loop
    train_result = run_registered_candidate(
src/unified_autoresearch/runtime/orchestrator.py:193: in run_registered_candidate
    runtime_result = run_candidate(
_ _ _ _ _ _ _ _ _ _ _ _ _ _ _ _ _ _ _ _ _ _ _ _ _ _ _ _ _ _ _ _ _ _ _ _ _ _ _ _ 

descriptor = CandidateDescriptor(schema_version='candidate_descriptor_v1', candidate_id='reference-deep-learning-v1', category='dee...tion'}, checkpoint={'keep': 'all', 'staging_dir': 'checkpoint_staging', 'supported': True}, resume={'supported': True})
layout = RunLayout(root=PosixPath('/tmp/pytest-of-sunyiq/pytest-0/test_full_development_loop_sup0/repo/runs/supervised-developm...pytest-0/test_full_development_loop_sup0/repo/runs/supervised-development-loop/runs/deep_learning/forward/train/logs'))
mode = 'train', resume_checkpoint = None
resource_snapshot = ResourceSnapshot(available_cpu_cores=4, available_gpu_count=0, available_memory_gb=4.0, free_disk_gb=10.0)
monitor_sample_interval_seconds = 0.05

    def run_candidate(
        *,
        descriptor: CandidateDescriptor,
        layout: RunLayout,
        mode: str,
        resume_checkpoint: str | Path | None = None,
        resource_snapshot: ResourceSnapshot | None = None,
        monitor_sample_interval_seconds: float | None = None,
    ) -> RuntimeResult:
        """Run a candidate once and standardize contract and runtime failures."""
        if mode not in {"train", "predict"}:
            raise ValueError(f"unsupported candidate mode: {mode!r}")
        resume_record: CheckpointRecord | None = None
        if resume_checkpoint is not None:
            if descriptor.resume.get("supported") is not True:
                raise ValueError("candidate does not support checkpoint resume")
            resume_record = mount_verified_checkpoint(
                layout.root,
                resume_checkpoint,
                expected_candidate_id=descriptor.candidate_id,
            )
        policy_path = layout.log_root / "runtime-policy.json"
        dependency_preflight_path = layout.log_root / "dependency-preflight.json"
        resource_preflight_path = layout.log_root / "resource-preflight.json"
        access_log_path = layout.log_root / "access.jsonl"
        stdout_path = layout.log_root / "stdout.txt"
        stderr_path = layout.log_root / "stderr.txt"
        result_path = layout.log_root / "runtime-result.json"
        dependency_assessment = assess_dependency_environment(descriptor.dependencies)
        _write_json_exclusive(dependency_preflight_path, dependency_assessment.as_dict())
        if dependency_assessment.decision != "launch":
>           raise DependencyEnvironmentError(dependency_assessment)
E           unified_autoresearch.runtime.dependencies.DependencyEnvironmentError: declared dependency environment does not match

src/unified_autoresearch/runtime/runner.py:200: DependencyEnvironmentError
_ test_real_source_builder_emits_only_the_development_window_and_drops_sealed_dates _

tmp_path = PosixPath('/tmp/pytest-of-sunyiq/pytest-0/test_real_source_builder_emits0')

    def test_real_source_builder_emits_only_the_development_window_and_drops_sealed_dates(tmp_path):
        camels_root = _write_camels_tree(tmp_path / "camels_us")
        output_root = tmp_path / "development_source"
    
>       manifest = _build(tmp_path, camels_root)
                   ^^^^^^^^^^^^^^^^^^^^^^^^^^^^^

../../../src/unified_autoresearch/tests/test_real_source_root.py:101: 
_ _ _ _ _ _ _ _ _ _ _ _ _ _ _ _ _ _ _ _ _ _ _ _ _ _ _ _ _ _ _ _ _ _ _ _ _ _ _ _ 
../../../src/unified_autoresearch/tests/test_real_source_root.py:94: in _build
    return build_development_source_root(**parameters)
           ^^^^^^^^^^^^^^^^^^^^^^^^^^^^^^^^^^^^^^^^^^^
src/unified_autoresearch/data/real_source.py:145: in build_development_source_root
    static_attributes = _frozen_static_attributes(static_table_path, basins, selection["static_sha256"])
                        ^^^^^^^^^^^^^^^^^^^^^^^^^^^^^^^^^^^^^^^^^^^^^^^^^^^^^^^^^^^^^^^^^^^^^^^^^^^^^^^^
src/unified_autoresearch/data/real_source.py:104: in _frozen_static_attributes
    if _sha256(static_table_path) != expected_static_sha256:
       ^^^^^^^^^^^^^^^^^^^^^^^^^^
src/unified_autoresearch/data/real_source.py:41: in _sha256
    with path.open("rb") as stream:
         ^^^^^^^^^^^^^^^
_ _ _ _ _ _ _ _ _ _ _ _ _ _ _ _ _ _ _ _ _ _ _ _ _ _ _ _ _ _ _ _ _ _ _ _ _ _ _ _ 

self = PosixPath('/data1/home/sunyiq/autoresearch64/runs/unified_autoresearch/dlopen_timezone_fix_validation_20260809_seq24/src/fair_benchmark/frozen/bundle/track0_statics.csv')
mode = 'rb', buffering = -1, encoding = None, errors = None, newline = None

    def open(self, mode='r', buffering=-1, encoding=None,
             errors=None, newline=None):
        """
        Open the file pointed by this path and return a file object, as
        the built-in open() function does.
        """
        if "b" not in mode:
            encoding = io.text_encoding(encoding)
>       return io.open(self, mode, buffering, encoding, errors, newline)
               ^^^^^^^^^^^^^^^^^^^^^^^^^^^^^^^^^^^^^^^^^^^^^^^^^^^^^^^^^
E       FileNotFoundError: [Errno 2] No such file or directory: '/data1/home/sunyiq/autoresearch64/runs/unified_autoresearch/dlopen_timezone_fix_validation_20260809_seq24/src/fair_benchmark/frozen/bundle/track0_statics.csv'

../../../../miniconda3/envs/nh_final/lib/python3.11/pathlib.py:1044: FileNotFoundError
_____ test_real_source_root_is_accepted_by_the_development_package_builder _____

tmp_path = PosixPath('/tmp/pytest-of-sunyiq/pytest-0/test_real_source_root_is_accep0')

    def test_real_source_root_is_accepted_by_the_development_package_builder(tmp_path):
        from unified_autoresearch.data.packages import build_development_packages
    
        camels_root = _write_camels_tree(tmp_path / "camels_us")
        output_root = tmp_path / "development_source"
>       _build(tmp_path, camels_root)

../../../src/unified_autoresearch/tests/test_real_source_root.py:128: 
_ _ _ _ _ _ _ _ _ _ _ _ _ _ _ _ _ _ _ _ _ _ _ _ _ _ _ _ _ _ _ _ _ _ _ _ _ _ _ _ 
../../../src/unified_autoresearch/tests/test_real_source_root.py:94: in _build
    return build_development_source_root(**parameters)
           ^^^^^^^^^^^^^^^^^^^^^^^^^^^^^^^^^^^^^^^^^^^
src/unified_autoresearch/data/real_source.py:145: in build_development_source_root
    static_attributes = _frozen_static_attributes(static_table_path, basins, selection["static_sha256"])
                        ^^^^^^^^^^^^^^^^^^^^^^^^^^^^^^^^^^^^^^^^^^^^^^^^^^^^^^^^^^^^^^^^^^^^^^^^^^^^^^^^
src/unified_autoresearch/data/real_source.py:104: in _frozen_static_attributes
    if _sha256(static_table_path) != expected_static_sha256:
       ^^^^^^^^^^^^^^^^^^^^^^^^^^
src/unified_autoresearch/data/real_source.py:41: in _sha256
    with path.open("rb") as stream:
         ^^^^^^^^^^^^^^^
_ _ _ _ _ _ _ _ _ _ _ _ _ _ _ _ _ _ _ _ _ _ _ _ _ _ _ _ _ _ _ _ _ _ _ _ _ _ _ _ 

self = PosixPath('/data1/home/sunyiq/autoresearch64/runs/unified_autoresearch/dlopen_timezone_fix_validation_20260809_seq24/src/fair_benchmark/frozen/bundle/track0_statics.csv')
mode = 'rb', buffering = -1, encoding = None, errors = None, newline = None

    def open(self, mode='r', buffering=-1, encoding=None,
             errors=None, newline=None):
        """
        Open the file pointed by this path and return a file object, as
        the built-in open() function does.
        """
        if "b" not in mode:
            encoding = io.text_encoding(encoding)
>       return io.open(self, mode, buffering, encoding, errors, newline)
               ^^^^^^^^^^^^^^^^^^^^^^^^^^^^^^^^^^^^^^^^^^^^^^^^^^^^^^^^^
E       FileNotFoundError: [Errno 2] No such file or directory: '/data1/home/sunyiq/autoresearch64/runs/unified_autoresearch/dlopen_timezone_fix_validation_20260809_seq24/src/fair_benchmark/frozen/bundle/track0_statics.csv'

../../../../miniconda3/envs/nh_final/lib/python3.11/pathlib.py:1044: FileNotFoundError
_ test_real_source_builder_rejects_a_static_table_that_is_not_the_frozen_table _

tmp_path = PosixPath('/tmp/pytest-of-sunyiq/pytest-0/test_real_source_builder_rejec1')

    def test_real_source_builder_rejects_a_static_table_that_is_not_the_frozen_table(tmp_path):
        camels_root = _write_camels_tree(tmp_path / "camels_us")
        tampered = tmp_path / "statics_tampered.csv"
>       frame = pd.read_csv(FROZEN_STATIC_TABLE, dtype={"gauge_id": str})
                ^^^^^^^^^^^^^^^^^^^^^^^^^^^^^^^^^^^^^^^^^^^^^^^^^^^^^^^^^

../../../src/unified_autoresearch/tests/test_real_source_root.py:165: 
_ _ _ _ _ _ _ _ _ _ _ _ _ _ _ _ _ _ _ _ _ _ _ _ _ _ _ _ _ _ _ _ _ _ _ _ _ _ _ _ 
../../../.venv/lib/python3.11/site-packages/pandas/io/parsers/readers.py:1026: in read_csv
    return _read(filepath_or_buffer, kwds)
           ^^^^^^^^^^^^^^^^^^^^^^^^^^^^^^^
../../../.venv/lib/python3.11/site-packages/pandas/io/parsers/readers.py:620: in _read
    parser = TextFileReader(filepath_or_buffer, **kwds)
             ^^^^^^^^^^^^^^^^^^^^^^^^^^^^^^^^^^^^^^^^^^
../../../.venv/lib/python3.11/site-packages/pandas/io/parsers/readers.py:1620: in __init__
    self._engine = self._make_engine(f, self.engine)
                   ^^^^^^^^^^^^^^^^^^^^^^^^^^^^^^^^^
../../../.venv/lib/python3.11/site-packages/pandas/io/parsers/readers.py:1880: in _make_engine
    self.handles = get_handle(
_ _ _ _ _ _ _ _ _ _ _ _ _ _ _ _ _ _ _ _ _ _ _ _ _ _ _ _ _ _ _ _ _ _ _ _ _ _ _ _ 

path_or_buf = PosixPath('/data1/home/sunyiq/autoresearch64/runs/unified_autoresearch/dlopen_timezone_fix_validation_20260809_seq24/src/fair_benchmark/frozen/bundle/track0_statics.csv')
mode = 'r', encoding = 'utf-8', compression = None, memory_map = False
is_text = True, errors = 'strict', storage_options = None

    @doc(compression_options=_shared_docs["compression_options"] % "path_or_buf")
    def get_handle(
        path_or_buf: FilePath | BaseBuffer,
        mode: str,
        *,
        encoding: str | None = None,
        compression: CompressionOptions | None = None,
        memory_map: bool = False,
        is_text: bool = True,
        errors: str | None = None,
        storage_options: StorageOptions | None = None,
    ) -> IOHandles[str] | IOHandles[bytes]:
        """
        Get file handle for given path/buffer and mode.
    
        Parameters
        ----------
        path_or_buf : str or file handle
            File path or object.
        mode : str
            Mode to open path_or_buf with.
        encoding : str or None
            Encoding to use.
        {compression_options}
    
               May be a dict with key 'method' as compression mode
               and other keys as compression options if compression
               mode is 'zip'.
    
               Passing compression options as keys in dict is
               supported for compression modes 'gzip', 'bz2', 'zstd' and 'zip'.
    
            .. versionchanged:: 1.4.0 Zstandard support.
    
        memory_map : bool, default False
            See parsers._parser_params for more information. Only used by read_csv.
        is_text : bool, default True
            Whether the type of the content passed to the file/buffer is string or
            bytes. This is not the same as `"b" not in mode`. If a string content is
            passed to a binary file/buffer, a wrapper is inserted.
        errors : str, default 'strict'
            Specifies how encoding and decoding errors are to be handled.
            See the errors argument for :func:`open` for a full list
            of options.
        storage_options: StorageOptions = None
            Passed to _get_filepath_or_buffer
    
        Returns the dataclass IOHandles
        """
        # Windows does not default to utf-8. Set to utf-8 for a consistent behavior
        encoding = encoding or "utf-8"
    
        errors = errors or "strict"
    
        # read_csv does not know whether the buffer is opened in binary/text mode
        if _is_binary_mode(path_or_buf, mode) and "b" not in mode:
            mode += "b"
    
        # validate encoding and errors
        codecs.lookup(encoding)
        if isinstance(errors, str):
            codecs.lookup_error(errors)
    
        # open URLs
        ioargs = _get_filepath_or_buffer(
            path_or_buf,
            encoding=encoding,
            compression=compression,
            mode=mode,
            storage_options=storage_options,
        )
    
        handle = ioargs.filepath_or_buffer
        handles: list[BaseBuffer]
    
        # memory mapping needs to be the first step
        # only used for read_csv
        handle, memory_map, handles = _maybe_memory_map(handle, memory_map)
    
        is_path = isinstance(handle, str)
        compression_args = dict(ioargs.compression)
        compression = compression_args.pop("method")
    
        # Only for write methods
        if "r" not in mode and is_path:
            check_parent_directory(str(handle))
    
        if compression:
            if compression != "zstd":
                # compression libraries do not like an explicit text-mode
                ioargs.mode = ioargs.mode.replace("t", "")
            elif compression == "zstd" and "b" not in ioargs.mode:
                # python-zstandard defaults to text mode, but we always expect
                # compression libraries to use binary mode.
                ioargs.mode += "b"
    
            # GZ Compression
            if compression == "gzip":
                if isinstance(handle, str):
                    # error: Incompatible types in assignment (expression has type
                    # "GzipFile", variable has type "Union[str, BaseBuffer]")
                    handle = gzip.GzipFile(  # type: ignore[assignment]
                        filename=handle,
                        mode=ioargs.mode,
                        **compression_args,
                    )
                else:
                    handle = gzip.GzipFile(
                        # No overload variant of "GzipFile" matches argument types
                        # "Union[str, BaseBuffer]", "str", "Dict[str, Any]"
                        fileobj=handle,  # type: ignore[call-overload]
                        mode=ioargs.mode,
                        **compression_args,
                    )
    
            # BZ Compression
            elif compression == "bz2":
                # Overload of "BZ2File" to handle pickle protocol 5
                # "Union[str, BaseBuffer]", "str", "Dict[str, Any]"
                handle = get_bz2_file()(  # type: ignore[call-overload]
                    handle,
                    mode=ioargs.mode,
                    **compression_args,
                )
    
            # ZIP Compression
            elif compression == "zip":
                # error: Argument 1 to "_BytesZipFile" has incompatible type
                # "Union[str, BaseBuffer]"; expected "Union[Union[str, PathLike[str]],
                # ReadBuffer[bytes], WriteBuffer[bytes]]"
                handle = _BytesZipFile(
                    handle, ioargs.mode, **compression_args  # type: ignore[arg-type]
                )
                if handle.buffer.mode == "r":
                    handles.append(handle)
                    zip_names = handle.buffer.namelist()
                    if len(zip_names) == 1:
                        handle = handle.buffer.open(zip_names.pop())
                    elif not zip_names:
                        raise ValueError(f"Zero files found in ZIP file {path_or_buf}")
                    else:
                        raise ValueError(
                            "Multiple files found in ZIP file. "
                            f"Only one file per ZIP: {zip_names}"
                        )
    
            # TAR Encoding
            elif compression == "tar":
                compression_args.setdefault("mode", ioargs.mode)
                if isinstance(handle, str):
                    handle = _BytesTarFile(name=handle, **compression_args)
                else:
                    # error: Argument "fileobj" to "_BytesTarFile" has incompatible
                    # type "BaseBuffer"; expected "Union[ReadBuffer[bytes],
                    # WriteBuffer[bytes], None]"
                    handle = _BytesTarFile(
                        fileobj=handle, **compression_args  # type: ignore[arg-type]
                    )
                assert isinstance(handle, _BytesTarFile)
                if "r" in handle.buffer.mode:
                    handles.append(handle)
                    files = handle.buffer.getnames()
                    if len(files) == 1:
                        file = handle.buffer.extractfile(files[0])
                        assert file is not None
                        handle = file
                    elif not files:
                        raise ValueError(f"Zero files found in TAR archive {path_or_buf}")
                    else:
                        raise ValueError(
                            "Multiple files found in TAR archive. "
                            f"Only one file per TAR archive: {files}"
                        )
    
            # XZ Compression
            elif compression == "xz":
                # error: Argument 1 to "LZMAFile" has incompatible type "Union[str,
                # BaseBuffer]"; expected "Optional[Union[Union[str, bytes, PathLike[str],
                # PathLike[bytes]], IO[bytes]], None]"
                handle = get_lzma_file()(
                    handle, ioargs.mode, **compression_args  # type: ignore[arg-type]
                )
    
            # Zstd Compression
            elif compression == "zstd":
                zstd = import_optional_dependency("zstandard")
                if "r" in ioargs.mode:
                    open_args = {"dctx": zstd.ZstdDecompressor(**compression_args)}
                else:
                    open_args = {"cctx": zstd.ZstdCompressor(**compression_args)}
                handle = zstd.open(
                    handle,
                    mode=ioargs.mode,
                    **open_args,
                )
    
            # Unrecognized Compression
            else:
                msg = f"Unrecognized compression type: {compression}"
                raise ValueError(msg)
    
            assert not isinstance(handle, str)
            handles.append(handle)
    
        elif isinstance(handle, str):
            # Check whether the filename is to be opened in binary mode.
            # Binary mode does not support 'encoding' and 'newline'.
            if ioargs.encoding and "b" not in ioargs.mode:
                # Encoding
>               handle = open(
                    handle,
                    ioargs.mode,
                    encoding=ioargs.encoding,
                    errors=errors,
                    newline="",
                )
E               FileNotFoundError: [Errno 2] No such file or directory: '/data1/home/sunyiq/autoresearch64/runs/unified_autoresearch/dlopen_timezone_fix_validation_20260809_seq24/src/fair_benchmark/frozen/bundle/track0_statics.csv'

../../../.venv/lib/python3.11/site-packages/pandas/io/common.py:873: FileNotFoundError
_ test_real_source_builder_rejects_a_missing_day_inside_the_development_window _

tmp_path = PosixPath('/tmp/pytest-of-sunyiq/pytest-0/test_real_source_builder_rejec2')

    def test_real_source_builder_rejects_a_missing_day_inside_the_development_window(tmp_path):
        camels_root = _write_camels_tree(tmp_path / "camels_us")
        basin = _frozen_basins()[0]
        path = next(camels_root.rglob(f"{basin}_lump_maurer_forcing_leap.txt"))
        lines = path.read_text(encoding="utf-8").splitlines()
        header, body = lines[:4], lines[4:]
        kept = [line for line in body if line.split()[:3] != ["2003", "5", "4"]]
        assert len(kept) == len(body) - 1
        path.write_text("\n".join(header + kept) + "\n", encoding="utf-8")
    
        with pytest.raises(ValueError, match="development window requires a complete daily record"):
>           _build(tmp_path, camels_root)

../../../src/unified_autoresearch/tests/test_real_source_root.py:185: 
_ _ _ _ _ _ _ _ _ _ _ _ _ _ _ _ _ _ _ _ _ _ _ _ _ _ _ _ _ _ _ _ _ _ _ _ _ _ _ _ 
../../../src/unified_autoresearch/tests/test_real_source_root.py:94: in _build
    return build_development_source_root(**parameters)
           ^^^^^^^^^^^^^^^^^^^^^^^^^^^^^^^^^^^^^^^^^^^
src/unified_autoresearch/data/real_source.py:145: in build_development_source_root
    static_attributes = _frozen_static_attributes(static_table_path, basins, selection["static_sha256"])
                        ^^^^^^^^^^^^^^^^^^^^^^^^^^^^^^^^^^^^^^^^^^^^^^^^^^^^^^^^^^^^^^^^^^^^^^^^^^^^^^^^
src/unified_autoresearch/data/real_source.py:104: in _frozen_static_attributes
    if _sha256(static_table_path) != expected_static_sha256:
       ^^^^^^^^^^^^^^^^^^^^^^^^^^
src/unified_autoresearch/data/real_source.py:41: in _sha256
    with path.open("rb") as stream:
         ^^^^^^^^^^^^^^^
_ _ _ _ _ _ _ _ _ _ _ _ _ _ _ _ _ _ _ _ _ _ _ _ _ _ _ _ _ _ _ _ _ _ _ _ _ _ _ _ 

self = PosixPath('/data1/home/sunyiq/autoresearch64/runs/unified_autoresearch/dlopen_timezone_fix_validation_20260809_seq24/src/fair_benchmark/frozen/bundle/track0_statics.csv')
mode = 'rb', buffering = -1, encoding = None, errors = None, newline = None

    def open(self, mode='r', buffering=-1, encoding=None,
             errors=None, newline=None):
        """
        Open the file pointed by this path and return a file object, as
        the built-in open() function does.
        """
        if "b" not in mode:
            encoding = io.text_encoding(encoding)
>       return io.open(self, mode, buffering, encoding, errors, newline)
               ^^^^^^^^^^^^^^^^^^^^^^^^^^^^^^^^^^^^^^^^^^^^^^^^^^^^^^^^^
E       FileNotFoundError: [Errno 2] No such file or directory: '/data1/home/sunyiq/autoresearch64/runs/unified_autoresearch/dlopen_timezone_fix_validation_20260809_seq24/src/fair_benchmark/frozen/bundle/track0_statics.csv'

../../../../miniconda3/envs/nh_final/lib/python3.11/pathlib.py:1044: FileNotFoundError
_ test_real_source_builder_rejects_missing_discharge_inside_the_development_window _

tmp_path = PosixPath('/tmp/pytest-of-sunyiq/pytest-0/test_real_source_builder_rejec3')

    def test_real_source_builder_rejects_missing_discharge_inside_the_development_window(tmp_path):
        camels_root = _write_camels_tree(tmp_path / "camels_us")
        basin = _frozen_basins()[0]
        path = next(camels_root.rglob(f"{basin}_streamflow_qc.txt"))
        frame = pd.read_csv(path, sep=r"\s+", header=None, names=["basin", "Year", "Mnth", "Day", "QObs", "flag"])
        mask = (frame["Year"] == 2003) & (frame["Mnth"] == 5) & (frame["Day"] == 4)
        frame.loc[mask, "QObs"] = -999.0
        frame.to_csv(path, sep=" ", index=False, header=False, lineterminator="\n")
    
        with pytest.raises(ValueError, match="development window requires finite observed discharge"):
>           _build(tmp_path, camels_root)

../../../src/unified_autoresearch/tests/test_real_source_root.py:199: 
_ _ _ _ _ _ _ _ _ _ _ _ _ _ _ _ _ _ _ _ _ _ _ _ _ _ _ _ _ _ _ _ _ _ _ _ _ _ _ _ 
../../../src/unified_autoresearch/tests/test_real_source_root.py:94: in _build
    return build_development_source_root(**parameters)
           ^^^^^^^^^^^^^^^^^^^^^^^^^^^^^^^^^^^^^^^^^^^
src/unified_autoresearch/data/real_source.py:145: in build_development_source_root
    static_attributes = _frozen_static_attributes(static_table_path, basins, selection["static_sha256"])
                        ^^^^^^^^^^^^^^^^^^^^^^^^^^^^^^^^^^^^^^^^^^^^^^^^^^^^^^^^^^^^^^^^^^^^^^^^^^^^^^^^
src/unified_autoresearch/data/real_source.py:104: in _frozen_static_attributes
    if _sha256(static_table_path) != expected_static_sha256:
       ^^^^^^^^^^^^^^^^^^^^^^^^^^
src/unified_autoresearch/data/real_source.py:41: in _sha256
    with path.open("rb") as stream:
         ^^^^^^^^^^^^^^^
_ _ _ _ _ _ _ _ _ _ _ _ _ _ _ _ _ _ _ _ _ _ _ _ _ _ _ _ _ _ _ _ _ _ _ _ _ _ _ _ 

self = PosixPath('/data1/home/sunyiq/autoresearch64/runs/unified_autoresearch/dlopen_timezone_fix_validation_20260809_seq24/src/fair_benchmark/frozen/bundle/track0_statics.csv')
mode = 'rb', buffering = -1, encoding = None, errors = None, newline = None

    def open(self, mode='r', buffering=-1, encoding=None,
             errors=None, newline=None):
        """
        Open the file pointed by this path and return a file object, as
        the built-in open() function does.
        """
        if "b" not in mode:
            encoding = io.text_encoding(encoding)
>       return io.open(self, mode, buffering, encoding, errors, newline)
               ^^^^^^^^^^^^^^^^^^^^^^^^^^^^^^^^^^^^^^^^^^^^^^^^^^^^^^^^^
E       FileNotFoundError: [Errno 2] No such file or directory: '/data1/home/sunyiq/autoresearch64/runs/unified_autoresearch/dlopen_timezone_fix_validation_20260809_seq24/src/fair_benchmark/frozen/bundle/track0_statics.csv'

../../../../miniconda3/envs/nh_final/lib/python3.11/pathlib.py:1044: FileNotFoundError
_ test_real_source_builder_converts_discharge_to_millimetres_per_day_with_header_area _

tmp_path = PosixPath('/tmp/pytest-of-sunyiq/pytest-0/test_real_source_builder_conve0')

    def test_real_source_builder_converts_discharge_to_millimetres_per_day_with_header_area(tmp_path):
        camels_root = _write_camels_tree(tmp_path / "camels_us")
        output_root = tmp_path / "development_source"
>       _build(tmp_path, camels_root)

../../../src/unified_autoresearch/tests/test_real_source_root.py:206: 
_ _ _ _ _ _ _ _ _ _ _ _ _ _ _ _ _ _ _ _ _ _ _ _ _ _ _ _ _ _ _ _ _ _ _ _ _ _ _ _ 
../../../src/unified_autoresearch/tests/test_real_source_root.py:94: in _build
    return build_development_source_root(**parameters)
           ^^^^^^^^^^^^^^^^^^^^^^^^^^^^^^^^^^^^^^^^^^^
src/unified_autoresearch/data/real_source.py:145: in build_development_source_root
    static_attributes = _frozen_static_attributes(static_table_path, basins, selection["static_sha256"])
                        ^^^^^^^^^^^^^^^^^^^^^^^^^^^^^^^^^^^^^^^^^^^^^^^^^^^^^^^^^^^^^^^^^^^^^^^^^^^^^^^^
src/unified_autoresearch/data/real_source.py:104: in _frozen_static_attributes
    if _sha256(static_table_path) != expected_static_sha256:
       ^^^^^^^^^^^^^^^^^^^^^^^^^^
src/unified_autoresearch/data/real_source.py:41: in _sha256
    with path.open("rb") as stream:
         ^^^^^^^^^^^^^^^
_ _ _ _ _ _ _ _ _ _ _ _ _ _ _ _ _ _ _ _ _ _ _ _ _ _ _ _ _ _ _ _ _ _ _ _ _ _ _ _ 

self = PosixPath('/data1/home/sunyiq/autoresearch64/runs/unified_autoresearch/dlopen_timezone_fix_validation_20260809_seq24/src/fair_benchmark/frozen/bundle/track0_statics.csv')
mode = 'rb', buffering = -1, encoding = None, errors = None, newline = None

    def open(self, mode='r', buffering=-1, encoding=None,
             errors=None, newline=None):
        """
        Open the file pointed by this path and return a file object, as
        the built-in open() function does.
        """
        if "b" not in mode:
            encoding = io.text_encoding(encoding)
>       return io.open(self, mode, buffering, encoding, errors, newline)
               ^^^^^^^^^^^^^^^^^^^^^^^^^^^^^^^^^^^^^^^^^^^^^^^^^^^^^^^^^
E       FileNotFoundError: [Errno 2] No such file or directory: '/data1/home/sunyiq/autoresearch64/runs/unified_autoresearch/dlopen_timezone_fix_validation_20260809_seq24/src/fair_benchmark/frozen/bundle/track0_statics.csv'

../../../../miniconda3/envs/nh_final/lib/python3.11/pathlib.py:1044: FileNotFoundError
__ test_real_source_builder_writes_the_twenty_seven_frozen_static_attributes ___

tmp_path = PosixPath('/tmp/pytest-of-sunyiq/pytest-0/test_real_source_builder_write0')

    def test_real_source_builder_writes_the_twenty_seven_frozen_static_attributes(tmp_path):
        from unified_autoresearch.selection.basins import APPROVED_STATIC_ATTRIBUTES
    
        camels_root = _write_camels_tree(tmp_path / "camels_us")
        output_root = tmp_path / "development_source"
>       _build(tmp_path, camels_root)

../../../src/unified_autoresearch/tests/test_real_source_root.py:232: 
_ _ _ _ _ _ _ _ _ _ _ _ _ _ _ _ _ _ _ _ _ _ _ _ _ _ _ _ _ _ _ _ _ _ _ _ _ _ _ _ 
../../../src/unified_autoresearch/tests/test_real_source_root.py:94: in _build
    return build_development_source_root(**parameters)
           ^^^^^^^^^^^^^^^^^^^^^^^^^^^^^^^^^^^^^^^^^^^
src/unified_autoresearch/data/real_source.py:145: in build_development_source_root
    static_attributes = _frozen_static_attributes(static_table_path, basins, selection["static_sha256"])
                        ^^^^^^^^^^^^^^^^^^^^^^^^^^^^^^^^^^^^^^^^^^^^^^^^^^^^^^^^^^^^^^^^^^^^^^^^^^^^^^^^
src/unified_autoresearch/data/real_source.py:104: in _frozen_static_attributes
    if _sha256(static_table_path) != expected_static_sha256:
       ^^^^^^^^^^^^^^^^^^^^^^^^^^
src/unified_autoresearch/data/real_source.py:41: in _sha256
    with path.open("rb") as stream:
         ^^^^^^^^^^^^^^^
_ _ _ _ _ _ _ _ _ _ _ _ _ _ _ _ _ _ _ _ _ _ _ _ _ _ _ _ _ _ _ _ _ _ _ _ _ _ _ _ 

self = PosixPath('/data1/home/sunyiq/autoresearch64/runs/unified_autoresearch/dlopen_timezone_fix_validation_20260809_seq24/src/fair_benchmark/frozen/bundle/track0_statics.csv')
mode = 'rb', buffering = -1, encoding = None, errors = None, newline = None

    def open(self, mode='r', buffering=-1, encoding=None,
             errors=None, newline=None):
        """
        Open the file pointed by this path and return a file object, as
        the built-in open() function does.
        """
        if "b" not in mode:
            encoding = io.text_encoding(encoding)
>       return io.open(self, mode, buffering, encoding, errors, newline)
               ^^^^^^^^^^^^^^^^^^^^^^^^^^^^^^^^^^^^^^^^^^^^^^^^^^^^^^^^^
E       FileNotFoundError: [Errno 2] No such file or directory: '/data1/home/sunyiq/autoresearch64/runs/unified_autoresearch/dlopen_timezone_fix_validation_20260809_seq24/src/fair_benchmark/frozen/bundle/track0_statics.csv'

../../../../miniconda3/envs/nh_final/lib/python3.11/pathlib.py:1044: FileNotFoundError
_ test_each_reference_candidate_trains_and_predicts_through_registered_runtime[conceptual_rainfall_runoff] _

category = 'conceptual_rainfall_runoff'
tmp_path = PosixPath('/tmp/pytest-of-sunyiq/pytest-0/test_each_reference_candidate_0')

    @pytest.mark.parametrize("category", sorted(EXPECTED_FAMILIES))
    def test_each_reference_candidate_trains_and_predicts_through_registered_runtime(category, tmp_path):
        from unified_autoresearch.candidates.catalog import materialize_reference_candidate
        from unified_autoresearch.registry.store import Registry
        from unified_autoresearch.runtime.layout import create_run_layout
        from unified_autoresearch.runtime.orchestrator import run_registered_candidate
        from unified_autoresearch.runtime.resources import ResourceSnapshot
    
        repo = tmp_path / "repo"
        _initialize_repo(repo)
        materialized = materialize_reference_candidate(
            category=category,
            output_root=repo / "candidate-source",
        )
        inputs = repo / "synthetic-development-inputs"
        _write_candidate_inputs(inputs)
        (repo / "requirements.txt").write_text(
            "\n".join(materialized.descriptor.dependencies) + "\n", encoding="utf-8"
        )
        subprocess.run(["git", "add", "."], cwd=repo, check=True)
        subprocess.run(["git", "commit", "-q", "-m", "synthetic candidate fixture"], cwd=repo, check=True)
    
        snapshot = ResourceSnapshot(
            available_cpu_cores=4,
            available_gpu_count=0,
            available_memory_gb=4.0,
            free_disk_gb=10.0,
        )
        train_run_id = f"{category}-train"
        train_layout = create_run_layout(
            repo / "runs" / train_run_id,
            descriptor=materialized.descriptor,
            candidate_source_root=materialized.source_root,
            mode="train",
            input_sources={
                "train_features.parquet": inputs / "train_features.parquet",
                "train_targets.parquet": inputs / "train_targets.parquet",
                "static_attributes.json": inputs / "static_attributes.json",
            },
        )
>       train_result = run_registered_candidate(
            repo_root=repo,
            descriptor=materialized.descriptor,
            layout=train_layout,
            mode="train",
            run_id=train_run_id,
            code_paths=[materialized.source_root],
            configuration_paths=[repo / "configuration.json", materialized.descriptor_path],
            dependency_paths=[repo / "requirements.txt"],
            data_manifest_paths=[repo / "data-manifest.json"],
            resource_snapshot=snapshot,
        )

../../../src/unified_autoresearch/tests/test_reference_candidates.py:166: 
_ _ _ _ _ _ _ _ _ _ _ _ _ _ _ _ _ _ _ _ _ _ _ _ _ _ _ _ _ _ _ _ _ _ _ _ _ _ _ _ 
src/unified_autoresearch/runtime/orchestrator.py:193: in run_registered_candidate
    runtime_result = run_candidate(
_ _ _ _ _ _ _ _ _ _ _ _ _ _ _ _ _ _ _ _ _ _ _ _ _ _ _ _ _ _ _ _ _ _ _ _ _ _ _ _ 

descriptor = CandidateDescriptor(schema_version='candidate_descriptor_v1', candidate_id='reference-conceptual-rainfall-runoff-v1', ...load'}, checkpoint={'keep': 'all', 'staging_dir': 'checkpoint_staging', 'supported': True}, resume={'supported': True})
layout = RunLayout(root=PosixPath('/tmp/pytest-of-sunyiq/pytest-0/test_each_reference_candidate_0/repo/runs/conceptual_rainfall...Path('/tmp/pytest-of-sunyiq/pytest-0/test_each_reference_candidate_0/repo/runs/conceptual_rainfall_runoff-train/logs'))
mode = 'train', resume_checkpoint = None
resource_snapshot = ResourceSnapshot(available_cpu_cores=4, available_gpu_count=0, available_memory_gb=4.0, free_disk_gb=10.0)
monitor_sample_interval_seconds = None

    def run_candidate(
        *,
        descriptor: CandidateDescriptor,
        layout: RunLayout,
        mode: str,
        resume_checkpoint: str | Path | None = None,
        resource_snapshot: ResourceSnapshot | None = None,
        monitor_sample_interval_seconds: float | None = None,
    ) -> RuntimeResult:
        """Run a candidate once and standardize contract and runtime failures."""
        if mode not in {"train", "predict"}:
            raise ValueError(f"unsupported candidate mode: {mode!r}")
        resume_record: CheckpointRecord | None = None
        if resume_checkpoint is not None:
            if descriptor.resume.get("supported") is not True:
                raise ValueError("candidate does not support checkpoint resume")
            resume_record = mount_verified_checkpoint(
                layout.root,
                resume_checkpoint,
                expected_candidate_id=descriptor.candidate_id,
            )
        policy_path = layout.log_root / "runtime-policy.json"
        dependency_preflight_path = layout.log_root / "dependency-preflight.json"
        resource_preflight_path = layout.log_root / "resource-preflight.json"
        access_log_path = layout.log_root / "access.jsonl"
        stdout_path = layout.log_root / "stdout.txt"
        stderr_path = layout.log_root / "stderr.txt"
        result_path = layout.log_root / "runtime-result.json"
        dependency_assessment = assess_dependency_environment(descriptor.dependencies)
        _write_json_exclusive(dependency_preflight_path, dependency_assessment.as_dict())
        if dependency_assessment.decision != "launch":
>           raise DependencyEnvironmentError(dependency_assessment)
E           unified_autoresearch.runtime.dependencies.DependencyEnvironmentError: declared dependency environment does not match

src/unified_autoresearch/runtime/runner.py:200: DependencyEnvironmentError
_ test_each_reference_candidate_trains_and_predicts_through_registered_runtime[custom_python] _

category = 'custom_python'
tmp_path = PosixPath('/tmp/pytest-of-sunyiq/pytest-0/test_each_reference_candidate_1')

    @pytest.mark.parametrize("category", sorted(EXPECTED_FAMILIES))
    def test_each_reference_candidate_trains_and_predicts_through_registered_runtime(category, tmp_path):
        from unified_autoresearch.candidates.catalog import materialize_reference_candidate
        from unified_autoresearch.registry.store import Registry
        from unified_autoresearch.runtime.layout import create_run_layout
        from unified_autoresearch.runtime.orchestrator import run_registered_candidate
        from unified_autoresearch.runtime.resources import ResourceSnapshot
    
        repo = tmp_path / "repo"
        _initialize_repo(repo)
        materialized = materialize_reference_candidate(
            category=category,
            output_root=repo / "candidate-source",
        )
        inputs = repo / "synthetic-development-inputs"
        _write_candidate_inputs(inputs)
        (repo / "requirements.txt").write_text(
            "\n".join(materialized.descriptor.dependencies) + "\n", encoding="utf-8"
        )
        subprocess.run(["git", "add", "."], cwd=repo, check=True)
        subprocess.run(["git", "commit", "-q", "-m", "synthetic candidate fixture"], cwd=repo, check=True)
    
        snapshot = ResourceSnapshot(
            available_cpu_cores=4,
            available_gpu_count=0,
            available_memory_gb=4.0,
            free_disk_gb=10.0,
        )
        train_run_id = f"{category}-train"
        train_layout = create_run_layout(
            repo / "runs" / train_run_id,
            descriptor=materialized.descriptor,
            candidate_source_root=materialized.source_root,
            mode="train",
            input_sources={
                "train_features.parquet": inputs / "train_features.parquet",
                "train_targets.parquet": inputs / "train_targets.parquet",
                "static_attributes.json": inputs / "static_attributes.json",
            },
        )
>       train_result = run_registered_candidate(
            repo_root=repo,
            descriptor=materialized.descriptor,
            layout=train_layout,
            mode="train",
            run_id=train_run_id,
            code_paths=[materialized.source_root],
            configuration_paths=[repo / "configuration.json", materialized.descriptor_path],
            dependency_paths=[repo / "requirements.txt"],
            data_manifest_paths=[repo / "data-manifest.json"],
            resource_snapshot=snapshot,
        )

../../../src/unified_autoresearch/tests/test_reference_candidates.py:166: 
_ _ _ _ _ _ _ _ _ _ _ _ _ _ _ _ _ _ _ _ _ _ _ _ _ _ _ _ _ _ _ _ _ _ _ _ _ _ _ _ 
src/unified_autoresearch/runtime/orchestrator.py:193: in run_registered_candidate
    runtime_result = run_candidate(
_ _ _ _ _ _ _ _ _ _ _ _ _ _ _ _ _ _ _ _ _ _ _ _ _ _ _ _ _ _ _ _ _ _ _ _ _ _ _ _ 

descriptor = CandidateDescriptor(schema_version='candidate_descriptor_v1', candidate_id='reference-custom-python-v1', category='cus...load'}, checkpoint={'keep': 'all', 'staging_dir': 'checkpoint_staging', 'supported': True}, resume={'supported': True})
layout = RunLayout(root=PosixPath('/tmp/pytest-of-sunyiq/pytest-0/test_each_reference_candidate_1/repo/runs/custom_python-train...og_root=PosixPath('/tmp/pytest-of-sunyiq/pytest-0/test_each_reference_candidate_1/repo/runs/custom_python-train/logs'))
mode = 'train', resume_checkpoint = None
resource_snapshot = ResourceSnapshot(available_cpu_cores=4, available_gpu_count=0, available_memory_gb=4.0, free_disk_gb=10.0)
monitor_sample_interval_seconds = None

    def run_candidate(
        *,
        descriptor: CandidateDescriptor,
        layout: RunLayout,
        mode: str,
        resume_checkpoint: str | Path | None = None,
        resource_snapshot: ResourceSnapshot | None = None,
        monitor_sample_interval_seconds: float | None = None,
    ) -> RuntimeResult:
        """Run a candidate once and standardize contract and runtime failures."""
        if mode not in {"train", "predict"}:
            raise ValueError(f"unsupported candidate mode: {mode!r}")
        resume_record: CheckpointRecord | None = None
        if resume_checkpoint is not None:
            if descriptor.resume.get("supported") is not True:
                raise ValueError("candidate does not support checkpoint resume")
            resume_record = mount_verified_checkpoint(
                layout.root,
                resume_checkpoint,
                expected_candidate_id=descriptor.candidate_id,
            )
        policy_path = layout.log_root / "runtime-policy.json"
        dependency_preflight_path = layout.log_root / "dependency-preflight.json"
        resource_preflight_path = layout.log_root / "resource-preflight.json"
        access_log_path = layout.log_root / "access.jsonl"
        stdout_path = layout.log_root / "stdout.txt"
        stderr_path = layout.log_root / "stderr.txt"
        result_path = layout.log_root / "runtime-result.json"
        dependency_assessment = assess_dependency_environment(descriptor.dependencies)
        _write_json_exclusive(dependency_preflight_path, dependency_assessment.as_dict())
        if dependency_assessment.decision != "launch":
>           raise DependencyEnvironmentError(dependency_assessment)
E           unified_autoresearch.runtime.dependencies.DependencyEnvironmentError: declared dependency environment does not match

src/unified_autoresearch/runtime/runner.py:200: DependencyEnvironmentError
_ test_each_reference_candidate_trains_and_predicts_through_registered_runtime[deep_learning] _

category = 'deep_learning'
tmp_path = PosixPath('/tmp/pytest-of-sunyiq/pytest-0/test_each_reference_candidate_2')

    @pytest.mark.parametrize("category", sorted(EXPECTED_FAMILIES))
    def test_each_reference_candidate_trains_and_predicts_through_registered_runtime(category, tmp_path):
        from unified_autoresearch.candidates.catalog import materialize_reference_candidate
        from unified_autoresearch.registry.store import Registry
        from unified_autoresearch.runtime.layout import create_run_layout
        from unified_autoresearch.runtime.orchestrator import run_registered_candidate
        from unified_autoresearch.runtime.resources import ResourceSnapshot
    
        repo = tmp_path / "repo"
        _initialize_repo(repo)
        materialized = materialize_reference_candidate(
            category=category,
            output_root=repo / "candidate-source",
        )
        inputs = repo / "synthetic-development-inputs"
        _write_candidate_inputs(inputs)
        (repo / "requirements.txt").write_text(
            "\n".join(materialized.descriptor.dependencies) + "\n", encoding="utf-8"
        )
        subprocess.run(["git", "add", "."], cwd=repo, check=True)
        subprocess.run(["git", "commit", "-q", "-m", "synthetic candidate fixture"], cwd=repo, check=True)
    
        snapshot = ResourceSnapshot(
            available_cpu_cores=4,
            available_gpu_count=0,
            available_memory_gb=4.0,
            free_disk_gb=10.0,
        )
        train_run_id = f"{category}-train"
        train_layout = create_run_layout(
            repo / "runs" / train_run_id,
            descriptor=materialized.descriptor,
            candidate_source_root=materialized.source_root,
            mode="train",
            input_sources={
                "train_features.parquet": inputs / "train_features.parquet",
                "train_targets.parquet": inputs / "train_targets.parquet",
                "static_attributes.json": inputs / "static_attributes.json",
            },
        )
>       train_result = run_registered_candidate(
            repo_root=repo,
            descriptor=materialized.descriptor,
            layout=train_layout,
            mode="train",
            run_id=train_run_id,
            code_paths=[materialized.source_root],
            configuration_paths=[repo / "configuration.json", materialized.descriptor_path],
            dependency_paths=[repo / "requirements.txt"],
            data_manifest_paths=[repo / "data-manifest.json"],
            resource_snapshot=snapshot,
        )

../../../src/unified_autoresearch/tests/test_reference_candidates.py:166: 
_ _ _ _ _ _ _ _ _ _ _ _ _ _ _ _ _ _ _ _ _ _ _ _ _ _ _ _ _ _ _ _ _ _ _ _ _ _ _ _ 
src/unified_autoresearch/runtime/orchestrator.py:193: in run_registered_candidate
    runtime_result = run_candidate(
_ _ _ _ _ _ _ _ _ _ _ _ _ _ _ _ _ _ _ _ _ _ _ _ _ _ _ _ _ _ _ _ _ _ _ _ _ _ _ _ 

descriptor = CandidateDescriptor(schema_version='candidate_descriptor_v1', candidate_id='reference-deep-learning-v1', category='dee...load'}, checkpoint={'keep': 'all', 'staging_dir': 'checkpoint_staging', 'supported': True}, resume={'supported': True})
layout = RunLayout(root=PosixPath('/tmp/pytest-of-sunyiq/pytest-0/test_each_reference_candidate_2/repo/runs/deep_learning-train...og_root=PosixPath('/tmp/pytest-of-sunyiq/pytest-0/test_each_reference_candidate_2/repo/runs/deep_learning-train/logs'))
mode = 'train', resume_checkpoint = None
resource_snapshot = ResourceSnapshot(available_cpu_cores=4, available_gpu_count=0, available_memory_gb=4.0, free_disk_gb=10.0)
monitor_sample_interval_seconds = None

    def run_candidate(
        *,
        descriptor: CandidateDescriptor,
        layout: RunLayout,
        mode: str,
        resume_checkpoint: str | Path | None = None,
        resource_snapshot: ResourceSnapshot | None = None,
        monitor_sample_interval_seconds: float | None = None,
    ) -> RuntimeResult:
        """Run a candidate once and standardize contract and runtime failures."""
        if mode not in {"train", "predict"}:
            raise ValueError(f"unsupported candidate mode: {mode!r}")
        resume_record: CheckpointRecord | None = None
        if resume_checkpoint is not None:
            if descriptor.resume.get("supported") is not True:
                raise ValueError("candidate does not support checkpoint resume")
            resume_record = mount_verified_checkpoint(
                layout.root,
                resume_checkpoint,
                expected_candidate_id=descriptor.candidate_id,
            )
        policy_path = layout.log_root / "runtime-policy.json"
        dependency_preflight_path = layout.log_root / "dependency-preflight.json"
        resource_preflight_path = layout.log_root / "resource-preflight.json"
        access_log_path = layout.log_root / "access.jsonl"
        stdout_path = layout.log_root / "stdout.txt"
        stderr_path = layout.log_root / "stderr.txt"
        result_path = layout.log_root / "runtime-result.json"
        dependency_assessment = assess_dependency_environment(descriptor.dependencies)
        _write_json_exclusive(dependency_preflight_path, dependency_assessment.as_dict())
        if dependency_assessment.decision != "launch":
>           raise DependencyEnvironmentError(dependency_assessment)
E           unified_autoresearch.runtime.dependencies.DependencyEnvironmentError: declared dependency environment does not match

src/unified_autoresearch/runtime/runner.py:200: DependencyEnvironmentError
_ test_each_reference_candidate_trains_and_predicts_through_registered_runtime[fusion] _

category = 'fusion'
tmp_path = PosixPath('/tmp/pytest-of-sunyiq/pytest-0/test_each_reference_candidate_3')

    @pytest.mark.parametrize("category", sorted(EXPECTED_FAMILIES))
    def test_each_reference_candidate_trains_and_predicts_through_registered_runtime(category, tmp_path):
        from unified_autoresearch.candidates.catalog import materialize_reference_candidate
        from unified_autoresearch.registry.store import Registry
        from unified_autoresearch.runtime.layout import create_run_layout
        from unified_autoresearch.runtime.orchestrator import run_registered_candidate
        from unified_autoresearch.runtime.resources import ResourceSnapshot
    
        repo = tmp_path / "repo"
        _initialize_repo(repo)
        materialized = materialize_reference_candidate(
            category=category,
            output_root=repo / "candidate-source",
        )
        inputs = repo / "synthetic-development-inputs"
        _write_candidate_inputs(inputs)
        (repo / "requirements.txt").write_text(
            "\n".join(materialized.descriptor.dependencies) + "\n", encoding="utf-8"
        )
        subprocess.run(["git", "add", "."], cwd=repo, check=True)
        subprocess.run(["git", "commit", "-q", "-m", "synthetic candidate fixture"], cwd=repo, check=True)
    
        snapshot = ResourceSnapshot(
            available_cpu_cores=4,
            available_gpu_count=0,
            available_memory_gb=4.0,
            free_disk_gb=10.0,
        )
        train_run_id = f"{category}-train"
        train_layout = create_run_layout(
            repo / "runs" / train_run_id,
            descriptor=materialized.descriptor,
            candidate_source_root=materialized.source_root,
            mode="train",
            input_sources={
                "train_features.parquet": inputs / "train_features.parquet",
                "train_targets.parquet": inputs / "train_targets.parquet",
                "static_attributes.json": inputs / "static_attributes.json",
            },
        )
>       train_result = run_registered_candidate(
            repo_root=repo,
            descriptor=materialized.descriptor,
            layout=train_layout,
            mode="train",
            run_id=train_run_id,
            code_paths=[materialized.source_root],
            configuration_paths=[repo / "configuration.json", materialized.descriptor_path],
            dependency_paths=[repo / "requirements.txt"],
            data_manifest_paths=[repo / "data-manifest.json"],
            resource_snapshot=snapshot,
        )

../../../src/unified_autoresearch/tests/test_reference_candidates.py:166: 
_ _ _ _ _ _ _ _ _ _ _ _ _ _ _ _ _ _ _ _ _ _ _ _ _ _ _ _ _ _ _ _ _ _ _ _ _ _ _ _ 
src/unified_autoresearch/runtime/orchestrator.py:193: in run_registered_candidate
    runtime_result = run_candidate(
_ _ _ _ _ _ _ _ _ _ _ _ _ _ _ _ _ _ _ _ _ _ _ _ _ _ _ _ _ _ _ _ _ _ _ _ _ _ _ _ 

descriptor = CandidateDescriptor(schema_version='candidate_descriptor_v1', candidate_id='reference-fusion-v1', category='fusion', e...load'}, checkpoint={'keep': 'all', 'staging_dir': 'checkpoint_staging', 'supported': True}, resume={'supported': True})
layout = RunLayout(root=PosixPath('/tmp/pytest-of-sunyiq/pytest-0/test_each_reference_candidate_3/repo/runs/fusion-train'), des...ol'), log_root=PosixPath('/tmp/pytest-of-sunyiq/pytest-0/test_each_reference_candidate_3/repo/runs/fusion-train/logs'))
mode = 'train', resume_checkpoint = None
resource_snapshot = ResourceSnapshot(available_cpu_cores=4, available_gpu_count=0, available_memory_gb=4.0, free_disk_gb=10.0)
monitor_sample_interval_seconds = None

    def run_candidate(
        *,
        descriptor: CandidateDescriptor,
        layout: RunLayout,
        mode: str,
        resume_checkpoint: str | Path | None = None,
        resource_snapshot: ResourceSnapshot | None = None,
        monitor_sample_interval_seconds: float | None = None,
    ) -> RuntimeResult:
        """Run a candidate once and standardize contract and runtime failures."""
        if mode not in {"train", "predict"}:
            raise ValueError(f"unsupported candidate mode: {mode!r}")
        resume_record: CheckpointRecord | None = None
        if resume_checkpoint is not None:
            if descriptor.resume.get("supported") is not True:
                raise ValueError("candidate does not support checkpoint resume")
            resume_record = mount_verified_checkpoint(
                layout.root,
                resume_checkpoint,
                expected_candidate_id=descriptor.candidate_id,
            )
        policy_path = layout.log_root / "runtime-policy.json"
        dependency_preflight_path = layout.log_root / "dependency-preflight.json"
        resource_preflight_path = layout.log_root / "resource-preflight.json"
        access_log_path = layout.log_root / "access.jsonl"
        stdout_path = layout.log_root / "stdout.txt"
        stderr_path = layout.log_root / "stderr.txt"
        result_path = layout.log_root / "runtime-result.json"
        dependency_assessment = assess_dependency_environment(descriptor.dependencies)
        _write_json_exclusive(dependency_preflight_path, dependency_assessment.as_dict())
        if dependency_assessment.decision != "launch":
>           raise DependencyEnvironmentError(dependency_assessment)
E           unified_autoresearch.runtime.dependencies.DependencyEnvironmentError: declared dependency environment does not match

src/unified_autoresearch/runtime/runner.py:200: DependencyEnvironmentError
___ test_candidate_cannot_redirect_path_checks_by_replacing_os_path_helpers ____

tmp_path = PosixPath('/tmp/pytest-of-sunyiq/pytest-0/test_candidate_cannot_redirect0')

    def test_candidate_cannot_redirect_path_checks_by_replacing_os_path_helpers(tmp_path):
        from unified_autoresearch.runtime.runner import run_candidate
    
        forbidden = tmp_path / "path-helper-forbidden.txt"
        forbidden.write_text("path-helper-secret", encoding="utf-8")
        descriptor, layout = _prepare_prediction_run(
            tmp_path,
            f'''import os
    from pathlib import Path
    allowed = os.environ["UNIFIED_INPUT_ROOT"]
    forbidden = {str(forbidden)!r}
    original_abspath = os.path.abspath
    original_realpath = os.path.realpath
    os.path.abspath = lambda path: allowed if os.fspath(path) == forbidden else original_abspath(path)
    os.path.realpath = lambda path: allowed if os.fspath(path) == forbidden else original_realpath(path)
    payload = Path({str(forbidden)!r}).read_text(encoding="utf-8")
    (Path(os.environ["UNIFIED_OUTPUT_ROOT"]) / "predictions.parquet").write_text(payload, encoding="utf-8")
    ''',
        )
    
        result = run_candidate(descriptor=descriptor, layout=layout, mode="predict")
    
        assert result.exit_code == 2
        assert result.status == "contract_failure"
>       assert result.denied_event_count >= 1
E       AssertionError: assert 0 >= 1
E        +  where 0 = RuntimeResult(exit_code=2, process_exit_code=0, status='contract_failure', denied_event_count=0, output_contract_valid...ight_path=PosixPath('/tmp/pytest-of-sunyiq/pytest-0/test_candidate_cannot_redirect0/run/logs/resource-preflight.json')).denied_event_count

../../../src/unified_autoresearch/tests/test_restricted_runtime.py:475: AssertionError
______ test_source_builder_accepts_the_frozen_sixty_four_basin_selection _______

tmp_path = PosixPath('/tmp/pytest-of-sunyiq/pytest-0/test_source_builder_accepts_th0')

    def test_source_builder_accepts_the_frozen_sixty_four_basin_selection(tmp_path):
        basins = frozen_64_basins()
        camels_root = write_camels_tree(tmp_path / "camels_us", basins)
        source_root = tmp_path / "development_source"
    
>       manifest = build_source(source_root, camels_root)
                   ^^^^^^^^^^^^^^^^^^^^^^^^^^^^^^^^^^^^^^

../../../src/unified_autoresearch/tests/test_scaleup_64_data_base.py:111: 
_ _ _ _ _ _ _ _ _ _ _ _ _ _ _ _ _ _ _ _ _ _ _ _ _ _ _ _ _ _ _ _ _ _ _ _ _ _ _ _ 
../../../src/unified_autoresearch/tests/test_scaleup_64_data_base.py:85: in build_source
    return build_development_source_root(
src/unified_autoresearch/data/real_source.py:145: in build_development_source_root
    static_attributes = _frozen_static_attributes(static_table_path, basins, selection["static_sha256"])
                        ^^^^^^^^^^^^^^^^^^^^^^^^^^^^^^^^^^^^^^^^^^^^^^^^^^^^^^^^^^^^^^^^^^^^^^^^^^^^^^^^
src/unified_autoresearch/data/real_source.py:104: in _frozen_static_attributes
    if _sha256(static_table_path) != expected_static_sha256:
       ^^^^^^^^^^^^^^^^^^^^^^^^^^
src/unified_autoresearch/data/real_source.py:41: in _sha256
    with path.open("rb") as stream:
         ^^^^^^^^^^^^^^^
_ _ _ _ _ _ _ _ _ _ _ _ _ _ _ _ _ _ _ _ _ _ _ _ _ _ _ _ _ _ _ _ _ _ _ _ _ _ _ _ 

self = PosixPath('/data1/home/sunyiq/autoresearch64/runs/unified_autoresearch/dlopen_timezone_fix_validation_20260809_seq24/src/fair_benchmark/frozen/bundle/track0_statics.csv')
mode = 'rb', buffering = -1, encoding = None, errors = None, newline = None

    def open(self, mode='r', buffering=-1, encoding=None,
             errors=None, newline=None):
        """
        Open the file pointed by this path and return a file object, as
        the built-in open() function does.
        """
        if "b" not in mode:
            encoding = io.text_encoding(encoding)
>       return io.open(self, mode, buffering, encoding, errors, newline)
               ^^^^^^^^^^^^^^^^^^^^^^^^^^^^^^^^^^^^^^^^^^^^^^^^^^^^^^^^^
E       FileNotFoundError: [Errno 2] No such file or directory: '/data1/home/sunyiq/autoresearch64/runs/unified_autoresearch/dlopen_timezone_fix_validation_20260809_seq24/src/fair_benchmark/frozen/bundle/track0_statics.csv'

../../../../miniconda3/envs/nh_final/lib/python3.11/pathlib.py:1044: FileNotFoundError
______ test_package_builder_accepts_the_frozen_sixty_four_basin_selection ______

tmp_path = PosixPath('/tmp/pytest-of-sunyiq/pytest-0/test_package_builder_accepts_t0')

    def test_package_builder_accepts_the_frozen_sixty_four_basin_selection(tmp_path):
        basins = frozen_64_basins()
        camels_root = write_camels_tree(tmp_path / "camels_us", basins)
        source_root = tmp_path / "development_source"
>       build_source(source_root, camels_root)

../../../src/unified_autoresearch/tests/test_scaleup_64_data_base.py:128: 
_ _ _ _ _ _ _ _ _ _ _ _ _ _ _ _ _ _ _ _ _ _ _ _ _ _ _ _ _ _ _ _ _ _ _ _ _ _ _ _ 
../../../src/unified_autoresearch/tests/test_scaleup_64_data_base.py:85: in build_source
    return build_development_source_root(
src/unified_autoresearch/data/real_source.py:145: in build_development_source_root
    static_attributes = _frozen_static_attributes(static_table_path, basins, selection["static_sha256"])
                        ^^^^^^^^^^^^^^^^^^^^^^^^^^^^^^^^^^^^^^^^^^^^^^^^^^^^^^^^^^^^^^^^^^^^^^^^^^^^^^^^
src/unified_autoresearch/data/real_source.py:104: in _frozen_static_attributes
    if _sha256(static_table_path) != expected_static_sha256:
       ^^^^^^^^^^^^^^^^^^^^^^^^^^
src/unified_autoresearch/data/real_source.py:41: in _sha256
    with path.open("rb") as stream:
         ^^^^^^^^^^^^^^^
_ _ _ _ _ _ _ _ _ _ _ _ _ _ _ _ _ _ _ _ _ _ _ _ _ _ _ _ _ _ _ _ _ _ _ _ _ _ _ _ 

self = PosixPath('/data1/home/sunyiq/autoresearch64/runs/unified_autoresearch/dlopen_timezone_fix_validation_20260809_seq24/src/fair_benchmark/frozen/bundle/track0_statics.csv')
mode = 'rb', buffering = -1, encoding = None, errors = None, newline = None

    def open(self, mode='r', buffering=-1, encoding=None,
             errors=None, newline=None):
        """
        Open the file pointed by this path and return a file object, as
        the built-in open() function does.
        """
        if "b" not in mode:
            encoding = io.text_encoding(encoding)
>       return io.open(self, mode, buffering, encoding, errors, newline)
               ^^^^^^^^^^^^^^^^^^^^^^^^^^^^^^^^^^^^^^^^^^^^^^^^^^^^^^^^^
E       FileNotFoundError: [Errno 2] No such file or directory: '/data1/home/sunyiq/autoresearch64/runs/unified_autoresearch/dlopen_timezone_fix_validation_20260809_seq24/src/fair_benchmark/frozen/bundle/track0_statics.csv'

../../../../miniconda3/envs/nh_final/lib/python3.11/pathlib.py:1044: FileNotFoundError
_____ test_builders_reject_a_reproducible_but_never_frozen_selection_size ______

tmp_path = PosixPath('/tmp/pytest-of-sunyiq/pytest-0/test_builders_reject_a_reprodu0')

    def test_builders_reject_a_reproducible_but_never_frozen_selection_size(tmp_path):
        """Sixteen basins recompute deterministically, yet were never frozen, so they stay refused."""
        from unified_autoresearch.selection.basins import freeze_selection
    
        unfrozen = tmp_path / "development_basins_16.json"
>       freeze_selection(FROZEN_STATIC_TABLE, ELIGIBLE_BASIN_LIST, unfrozen, count=16)

../../../src/unified_autoresearch/tests/test_scaleup_64_data_base.py:154: 
_ _ _ _ _ _ _ _ _ _ _ _ _ _ _ _ _ _ _ _ _ _ _ _ _ _ _ _ _ _ _ _ _ _ _ _ _ _ _ _ 
src/unified_autoresearch/selection/basins.py:134: in freeze_selection
    "static_sha256": _sha256(static_path),
                     ^^^^^^^^^^^^^^^^^^^^
src/unified_autoresearch/selection/basins.py:49: in _sha256
    with path.open("rb") as stream:
         ^^^^^^^^^^^^^^^
_ _ _ _ _ _ _ _ _ _ _ _ _ _ _ _ _ _ _ _ _ _ _ _ _ _ _ _ _ _ _ _ _ _ _ _ _ _ _ _ 

self = PosixPath('/data1/home/sunyiq/autoresearch64/runs/unified_autoresearch/dlopen_timezone_fix_validation_20260809_seq24/src/fair_benchmark/frozen/bundle/track0_statics.csv')
mode = 'rb', buffering = -1, encoding = None, errors = None, newline = None

    def open(self, mode='r', buffering=-1, encoding=None,
             errors=None, newline=None):
        """
        Open the file pointed by this path and return a file object, as
        the built-in open() function does.
        """
        if "b" not in mode:
            encoding = io.text_encoding(encoding)
>       return io.open(self, mode, buffering, encoding, errors, newline)
               ^^^^^^^^^^^^^^^^^^^^^^^^^^^^^^^^^^^^^^^^^^^^^^^^^^^^^^^^^
E       FileNotFoundError: [Errno 2] No such file or directory: '/data1/home/sunyiq/autoresearch64/runs/unified_autoresearch/dlopen_timezone_fix_validation_20260809_seq24/src/fair_benchmark/frozen/bundle/track0_statics.csv'

../../../../miniconda3/envs/nh_final/lib/python3.11/pathlib.py:1044: FileNotFoundError
_ test_source_builder_still_rejects_a_static_table_that_is_not_the_declared_one _

tmp_path = PosixPath('/tmp/pytest-of-sunyiq/pytest-0/test_source_builder_still_reje0')

    def test_source_builder_still_rejects_a_static_table_that_is_not_the_declared_one(tmp_path):
        from unified_autoresearch.data.real_source import build_development_source_root
    
        basins = frozen_64_basins()
        camels_root = write_camels_tree(tmp_path / "camels_us", basins)
        tampered = tmp_path / "statics_tampered.csv"
>       frame = pd.read_csv(FROZEN_STATIC_TABLE, dtype={"gauge_id": str})
                ^^^^^^^^^^^^^^^^^^^^^^^^^^^^^^^^^^^^^^^^^^^^^^^^^^^^^^^^^

../../../src/unified_autoresearch/tests/test_scaleup_64_data_base.py:169: 
_ _ _ _ _ _ _ _ _ _ _ _ _ _ _ _ _ _ _ _ _ _ _ _ _ _ _ _ _ _ _ _ _ _ _ _ _ _ _ _ 
../../../.venv/lib/python3.11/site-packages/pandas/io/parsers/readers.py:1026: in read_csv
    return _read(filepath_or_buffer, kwds)
           ^^^^^^^^^^^^^^^^^^^^^^^^^^^^^^^
../../../.venv/lib/python3.11/site-packages/pandas/io/parsers/readers.py:620: in _read
    parser = TextFileReader(filepath_or_buffer, **kwds)
             ^^^^^^^^^^^^^^^^^^^^^^^^^^^^^^^^^^^^^^^^^^
../../../.venv/lib/python3.11/site-packages/pandas/io/parsers/readers.py:1620: in __init__
    self._engine = self._make_engine(f, self.engine)
                   ^^^^^^^^^^^^^^^^^^^^^^^^^^^^^^^^^
../../../.venv/lib/python3.11/site-packages/pandas/io/parsers/readers.py:1880: in _make_engine
    self.handles = get_handle(
_ _ _ _ _ _ _ _ _ _ _ _ _ _ _ _ _ _ _ _ _ _ _ _ _ _ _ _ _ _ _ _ _ _ _ _ _ _ _ _ 

path_or_buf = PosixPath('/data1/home/sunyiq/autoresearch64/runs/unified_autoresearch/dlopen_timezone_fix_validation_20260809_seq24/src/fair_benchmark/frozen/bundle/track0_statics.csv')
mode = 'r', encoding = 'utf-8', compression = None, memory_map = False
is_text = True, errors = 'strict', storage_options = None

    @doc(compression_options=_shared_docs["compression_options"] % "path_or_buf")
    def get_handle(
        path_or_buf: FilePath | BaseBuffer,
        mode: str,
        *,
        encoding: str | None = None,
        compression: CompressionOptions | None = None,
        memory_map: bool = False,
        is_text: bool = True,
        errors: str | None = None,
        storage_options: StorageOptions | None = None,
    ) -> IOHandles[str] | IOHandles[bytes]:
        """
        Get file handle for given path/buffer and mode.
    
        Parameters
        ----------
        path_or_buf : str or file handle
            File path or object.
        mode : str
            Mode to open path_or_buf with.
        encoding : str or None
            Encoding to use.
        {compression_options}
    
               May be a dict with key 'method' as compression mode
               and other keys as compression options if compression
               mode is 'zip'.
    
               Passing compression options as keys in dict is
               supported for compression modes 'gzip', 'bz2', 'zstd' and 'zip'.
    
            .. versionchanged:: 1.4.0 Zstandard support.
    
        memory_map : bool, default False
            See parsers._parser_params for more information. Only used by read_csv.
        is_text : bool, default True
            Whether the type of the content passed to the file/buffer is string or
            bytes. This is not the same as `"b" not in mode`. If a string content is
            passed to a binary file/buffer, a wrapper is inserted.
        errors : str, default 'strict'
            Specifies how encoding and decoding errors are to be handled.
            See the errors argument for :func:`open` for a full list
            of options.
        storage_options: StorageOptions = None
            Passed to _get_filepath_or_buffer
    
        Returns the dataclass IOHandles
        """
        # Windows does not default to utf-8. Set to utf-8 for a consistent behavior
        encoding = encoding or "utf-8"
    
        errors = errors or "strict"
    
        # read_csv does not know whether the buffer is opened in binary/text mode
        if _is_binary_mode(path_or_buf, mode) and "b" not in mode:
            mode += "b"
    
        # validate encoding and errors
        codecs.lookup(encoding)
        if isinstance(errors, str):
            codecs.lookup_error(errors)
    
        # open URLs
        ioargs = _get_filepath_or_buffer(
            path_or_buf,
            encoding=encoding,
            compression=compression,
            mode=mode,
            storage_options=storage_options,
        )
    
        handle = ioargs.filepath_or_buffer
        handles: list[BaseBuffer]
    
        # memory mapping needs to be the first step
        # only used for read_csv
        handle, memory_map, handles = _maybe_memory_map(handle, memory_map)
    
        is_path = isinstance(handle, str)
        compression_args = dict(ioargs.compression)
        compression = compression_args.pop("method")
    
        # Only for write methods
        if "r" not in mode and is_path:
            check_parent_directory(str(handle))
    
        if compression:
            if compression != "zstd":
                # compression libraries do not like an explicit text-mode
                ioargs.mode = ioargs.mode.replace("t", "")
            elif compression == "zstd" and "b" not in ioargs.mode:
                # python-zstandard defaults to text mode, but we always expect
                # compression libraries to use binary mode.
                ioargs.mode += "b"
    
            # GZ Compression
            if compression == "gzip":
                if isinstance(handle, str):
                    # error: Incompatible types in assignment (expression has type
                    # "GzipFile", variable has type "Union[str, BaseBuffer]")
                    handle = gzip.GzipFile(  # type: ignore[assignment]
                        filename=handle,
                        mode=ioargs.mode,
                        **compression_args,
                    )
                else:
                    handle = gzip.GzipFile(
                        # No overload variant of "GzipFile" matches argument types
                        # "Union[str, BaseBuffer]", "str", "Dict[str, Any]"
                        fileobj=handle,  # type: ignore[call-overload]
                        mode=ioargs.mode,
                        **compression_args,
                    )
    
            # BZ Compression
            elif compression == "bz2":
                # Overload of "BZ2File" to handle pickle protocol 5
                # "Union[str, BaseBuffer]", "str", "Dict[str, Any]"
                handle = get_bz2_file()(  # type: ignore[call-overload]
                    handle,
                    mode=ioargs.mode,
                    **compression_args,
                )
    
            # ZIP Compression
            elif compression == "zip":
                # error: Argument 1 to "_BytesZipFile" has incompatible type
                # "Union[str, BaseBuffer]"; expected "Union[Union[str, PathLike[str]],
                # ReadBuffer[bytes], WriteBuffer[bytes]]"
                handle = _BytesZipFile(
                    handle, ioargs.mode, **compression_args  # type: ignore[arg-type]
                )
                if handle.buffer.mode == "r":
                    handles.append(handle)
                    zip_names = handle.buffer.namelist()
                    if len(zip_names) == 1:
                        handle = handle.buffer.open(zip_names.pop())
                    elif not zip_names:
                        raise ValueError(f"Zero files found in ZIP file {path_or_buf}")
                    else:
                        raise ValueError(
                            "Multiple files found in ZIP file. "
                            f"Only one file per ZIP: {zip_names}"
                        )
    
            # TAR Encoding
            elif compression == "tar":
                compression_args.setdefault("mode", ioargs.mode)
                if isinstance(handle, str):
                    handle = _BytesTarFile(name=handle, **compression_args)
                else:
                    # error: Argument "fileobj" to "_BytesTarFile" has incompatible
                    # type "BaseBuffer"; expected "Union[ReadBuffer[bytes],
                    # WriteBuffer[bytes], None]"
                    handle = _BytesTarFile(
                        fileobj=handle, **compression_args  # type: ignore[arg-type]
                    )
                assert isinstance(handle, _BytesTarFile)
                if "r" in handle.buffer.mode:
                    handles.append(handle)
                    files = handle.buffer.getnames()
                    if len(files) == 1:
                        file = handle.buffer.extractfile(files[0])
                        assert file is not None
                        handle = file
                    elif not files:
                        raise ValueError(f"Zero files found in TAR archive {path_or_buf}")
                    else:
                        raise ValueError(
                            "Multiple files found in TAR archive. "
                            f"Only one file per TAR archive: {files}"
                        )
    
            # XZ Compression
            elif compression == "xz":
                # error: Argument 1 to "LZMAFile" has incompatible type "Union[str,
                # BaseBuffer]"; expected "Optional[Union[Union[str, bytes, PathLike[str],
                # PathLike[bytes]], IO[bytes]], None]"
                handle = get_lzma_file()(
                    handle, ioargs.mode, **compression_args  # type: ignore[arg-type]
                )
    
            # Zstd Compression
            elif compression == "zstd":
                zstd = import_optional_dependency("zstandard")
                if "r" in ioargs.mode:
                    open_args = {"dctx": zstd.ZstdDecompressor(**compression_args)}
                else:
                    open_args = {"cctx": zstd.ZstdCompressor(**compression_args)}
                handle = zstd.open(
                    handle,
                    mode=ioargs.mode,
                    **open_args,
                )
    
            # Unrecognized Compression
            else:
                msg = f"Unrecognized compression type: {compression}"
                raise ValueError(msg)
    
            assert not isinstance(handle, str)
            handles.append(handle)
    
        elif isinstance(handle, str):
            # Check whether the filename is to be opened in binary mode.
            # Binary mode does not support 'encoding' and 'newline'.
            if ioargs.encoding and "b" not in ioargs.mode:
                # Encoding
>               handle = open(
                    handle,
                    ioargs.mode,
                    encoding=ioargs.encoding,
                    errors=errors,
                    newline="",
                )
E               FileNotFoundError: [Errno 2] No such file or directory: '/data1/home/sunyiq/autoresearch64/runs/unified_autoresearch/dlopen_timezone_fix_validation_20260809_seq24/src/fair_benchmark/frozen/bundle/track0_statics.csv'

../../../.venv/lib/python3.11/site-packages/pandas/io/common.py:873: FileNotFoundError
____ test_frozen_sixty_four_record_declares_the_two_frozen_selection_inputs ____

    def test_frozen_sixty_four_record_declares_the_two_frozen_selection_inputs():
        record = _record(FROZEN_SIXTY_FOUR_PATH)
    
        assert record["schema_version"] == 1
        assert record["selection_method"] == SELECTION_METHOD
        assert record["selection_inputs"] == "static attributes only; no discharge or model results"
>       assert record["static_sha256"] == _sha256(FROZEN_STATIC_TABLE)
                                          ^^^^^^^^^^^^^^^^^^^^^^^^^^^^

../../../src/unified_autoresearch/tests/test_scaleup_64_selection.py:38: 
_ _ _ _ _ _ _ _ _ _ _ _ _ _ _ _ _ _ _ _ _ _ _ _ _ _ _ _ _ _ _ _ _ _ _ _ _ _ _ _ 
../../../src/unified_autoresearch/tests/test_scaleup_64_selection.py:25: in _sha256
    return hashlib.sha256(path.read_bytes()).hexdigest()
                          ^^^^^^^^^^^^^^^^^
../../../../miniconda3/envs/nh_final/lib/python3.11/pathlib.py:1050: in read_bytes
    with self.open(mode='rb') as f:
         ^^^^^^^^^^^^^^^^^^^^
_ _ _ _ _ _ _ _ _ _ _ _ _ _ _ _ _ _ _ _ _ _ _ _ _ _ _ _ _ _ _ _ _ _ _ _ _ _ _ _ 

self = PosixPath('/data1/home/sunyiq/autoresearch64/runs/unified_autoresearch/dlopen_timezone_fix_validation_20260809_seq24/src/fair_benchmark/frozen/bundle/track0_statics.csv')
mode = 'rb', buffering = -1, encoding = None, errors = None, newline = None

    def open(self, mode='r', buffering=-1, encoding=None,
             errors=None, newline=None):
        """
        Open the file pointed by this path and return a file object, as
        the built-in open() function does.
        """
        if "b" not in mode:
            encoding = io.text_encoding(encoding)
>       return io.open(self, mode, buffering, encoding, errors, newline)
               ^^^^^^^^^^^^^^^^^^^^^^^^^^^^^^^^^^^^^^^^^^^^^^^^^^^^^^^^^
E       FileNotFoundError: [Errno 2] No such file or directory: '/data1/home/sunyiq/autoresearch64/runs/unified_autoresearch/dlopen_timezone_fix_validation_20260809_seq24/src/fair_benchmark/frozen/bundle/track0_statics.csv'

../../../../miniconda3/envs/nh_final/lib/python3.11/pathlib.py:1044: FileNotFoundError
___ test_frozen_sixty_four_basins_recompute_exactly_from_the_declared_inputs ___

    def test_frozen_sixty_four_basins_recompute_exactly_from_the_declared_inputs():
        record = _record(FROZEN_SIXTY_FOUR_PATH)
    
>       recomputed = select_development_basins(FROZEN_STATIC_TABLE, ELIGIBLE_BASIN_LIST, count=64)
                     ^^^^^^^^^^^^^^^^^^^^^^^^^^^^^^^^^^^^^^^^^^^^^^^^^^^^^^^^^^^^^^^^^^^^^^^^^^^^^

../../../src/unified_autoresearch/tests/test_scaleup_64_selection.py:45: 
_ _ _ _ _ _ _ _ _ _ _ _ _ _ _ _ _ _ _ _ _ _ _ _ _ _ _ _ _ _ _ _ _ _ _ _ _ _ _ _ 
src/unified_autoresearch/selection/basins.py:99: in select_development_basins
    basins, matrix = _load_static_matrix(static_path, basin_path)
                     ^^^^^^^^^^^^^^^^^^^^^^^^^^^^^^^^^^^^^^^^^^^^
src/unified_autoresearch/selection/basins.py:63: in _load_static_matrix
    frame = pd.read_csv(static_path, dtype={"gauge_id": str})
            ^^^^^^^^^^^^^^^^^^^^^^^^^^^^^^^^^^^^^^^^^^^^^^^^^
../../../.venv/lib/python3.11/site-packages/pandas/io/parsers/readers.py:1026: in read_csv
    return _read(filepath_or_buffer, kwds)
           ^^^^^^^^^^^^^^^^^^^^^^^^^^^^^^^
../../../.venv/lib/python3.11/site-packages/pandas/io/parsers/readers.py:620: in _read
    parser = TextFileReader(filepath_or_buffer, **kwds)
             ^^^^^^^^^^^^^^^^^^^^^^^^^^^^^^^^^^^^^^^^^^
../../../.venv/lib/python3.11/site-packages/pandas/io/parsers/readers.py:1620: in __init__
    self._engine = self._make_engine(f, self.engine)
                   ^^^^^^^^^^^^^^^^^^^^^^^^^^^^^^^^^
../../../.venv/lib/python3.11/site-packages/pandas/io/parsers/readers.py:1880: in _make_engine
    self.handles = get_handle(
_ _ _ _ _ _ _ _ _ _ _ _ _ _ _ _ _ _ _ _ _ _ _ _ _ _ _ _ _ _ _ _ _ _ _ _ _ _ _ _ 

path_or_buf = PosixPath('/data1/home/sunyiq/autoresearch64/runs/unified_autoresearch/dlopen_timezone_fix_validation_20260809_seq24/src/fair_benchmark/frozen/bundle/track0_statics.csv')
mode = 'r', encoding = 'utf-8', compression = None, memory_map = False
is_text = True, errors = 'strict', storage_options = None

    @doc(compression_options=_shared_docs["compression_options"] % "path_or_buf")
    def get_handle(
        path_or_buf: FilePath | BaseBuffer,
        mode: str,
        *,
        encoding: str | None = None,
        compression: CompressionOptions | None = None,
        memory_map: bool = False,
        is_text: bool = True,
        errors: str | None = None,
        storage_options: StorageOptions | None = None,
    ) -> IOHandles[str] | IOHandles[bytes]:
        """
        Get file handle for given path/buffer and mode.
    
        Parameters
        ----------
        path_or_buf : str or file handle
            File path or object.
        mode : str
            Mode to open path_or_buf with.
        encoding : str or None
            Encoding to use.
        {compression_options}
    
               May be a dict with key 'method' as compression mode
               and other keys as compression options if compression
               mode is 'zip'.
    
               Passing compression options as keys in dict is
               supported for compression modes 'gzip', 'bz2', 'zstd' and 'zip'.
    
            .. versionchanged:: 1.4.0 Zstandard support.
    
        memory_map : bool, default False
            See parsers._parser_params for more information. Only used by read_csv.
        is_text : bool, default True
            Whether the type of the content passed to the file/buffer is string or
            bytes. This is not the same as `"b" not in mode`. If a string content is
            passed to a binary file/buffer, a wrapper is inserted.
        errors : str, default 'strict'
            Specifies how encoding and decoding errors are to be handled.
            See the errors argument for :func:`open` for a full list
            of options.
        storage_options: StorageOptions = None
            Passed to _get_filepath_or_buffer
    
        Returns the dataclass IOHandles
        """
        # Windows does not default to utf-8. Set to utf-8 for a consistent behavior
        encoding = encoding or "utf-8"
    
        errors = errors or "strict"
    
        # read_csv does not know whether the buffer is opened in binary/text mode
        if _is_binary_mode(path_or_buf, mode) and "b" not in mode:
            mode += "b"
    
        # validate encoding and errors
        codecs.lookup(encoding)
        if isinstance(errors, str):
            codecs.lookup_error(errors)
    
        # open URLs
        ioargs = _get_filepath_or_buffer(
            path_or_buf,
            encoding=encoding,
            compression=compression,
            mode=mode,
            storage_options=storage_options,
        )
    
        handle = ioargs.filepath_or_buffer
        handles: list[BaseBuffer]
    
        # memory mapping needs to be the first step
        # only used for read_csv
        handle, memory_map, handles = _maybe_memory_map(handle, memory_map)
    
        is_path = isinstance(handle, str)
        compression_args = dict(ioargs.compression)
        compression = compression_args.pop("method")
    
        # Only for write methods
        if "r" not in mode and is_path:
            check_parent_directory(str(handle))
    
        if compression:
            if compression != "zstd":
                # compression libraries do not like an explicit text-mode
                ioargs.mode = ioargs.mode.replace("t", "")
            elif compression == "zstd" and "b" not in ioargs.mode:
                # python-zstandard defaults to text mode, but we always expect
                # compression libraries to use binary mode.
                ioargs.mode += "b"
    
            # GZ Compression
            if compression == "gzip":
                if isinstance(handle, str):
                    # error: Incompatible types in assignment (expression has type
                    # "GzipFile", variable has type "Union[str, BaseBuffer]")
                    handle = gzip.GzipFile(  # type: ignore[assignment]
                        filename=handle,
                        mode=ioargs.mode,
                        **compression_args,
                    )
                else:
                    handle = gzip.GzipFile(
                        # No overload variant of "GzipFile" matches argument types
                        # "Union[str, BaseBuffer]", "str", "Dict[str, Any]"
                        fileobj=handle,  # type: ignore[call-overload]
                        mode=ioargs.mode,
                        **compression_args,
                    )
    
            # BZ Compression
            elif compression == "bz2":
                # Overload of "BZ2File" to handle pickle protocol 5
                # "Union[str, BaseBuffer]", "str", "Dict[str, Any]"
                handle = get_bz2_file()(  # type: ignore[call-overload]
                    handle,
                    mode=ioargs.mode,
                    **compression_args,
                )
    
            # ZIP Compression
            elif compression == "zip":
                # error: Argument 1 to "_BytesZipFile" has incompatible type
                # "Union[str, BaseBuffer]"; expected "Union[Union[str, PathLike[str]],
                # ReadBuffer[bytes], WriteBuffer[bytes]]"
                handle = _BytesZipFile(
                    handle, ioargs.mode, **compression_args  # type: ignore[arg-type]
                )
                if handle.buffer.mode == "r":
                    handles.append(handle)
                    zip_names = handle.buffer.namelist()
                    if len(zip_names) == 1:
                        handle = handle.buffer.open(zip_names.pop())
                    elif not zip_names:
                        raise ValueError(f"Zero files found in ZIP file {path_or_buf}")
                    else:
                        raise ValueError(
                            "Multiple files found in ZIP file. "
                            f"Only one file per ZIP: {zip_names}"
                        )
    
            # TAR Encoding
            elif compression == "tar":
                compression_args.setdefault("mode", ioargs.mode)
                if isinstance(handle, str):
                    handle = _BytesTarFile(name=handle, **compression_args)
                else:
                    # error: Argument "fileobj" to "_BytesTarFile" has incompatible
                    # type "BaseBuffer"; expected "Union[ReadBuffer[bytes],
                    # WriteBuffer[bytes], None]"
                    handle = _BytesTarFile(
                        fileobj=handle, **compression_args  # type: ignore[arg-type]
                    )
                assert isinstance(handle, _BytesTarFile)
                if "r" in handle.buffer.mode:
                    handles.append(handle)
                    files = handle.buffer.getnames()
                    if len(files) == 1:
                        file = handle.buffer.extractfile(files[0])
                        assert file is not None
                        handle = file
                    elif not files:
                        raise ValueError(f"Zero files found in TAR archive {path_or_buf}")
                    else:
                        raise ValueError(
                            "Multiple files found in TAR archive. "
                            f"Only one file per TAR archive: {files}"
                        )
    
            # XZ Compression
            elif compression == "xz":
                # error: Argument 1 to "LZMAFile" has incompatible type "Union[str,
                # BaseBuffer]"; expected "Optional[Union[Union[str, bytes, PathLike[str],
                # PathLike[bytes]], IO[bytes]], None]"
                handle = get_lzma_file()(
                    handle, ioargs.mode, **compression_args  # type: ignore[arg-type]
                )
    
            # Zstd Compression
            elif compression == "zstd":
                zstd = import_optional_dependency("zstandard")
                if "r" in ioargs.mode:
                    open_args = {"dctx": zstd.ZstdDecompressor(**compression_args)}
                else:
                    open_args = {"cctx": zstd.ZstdCompressor(**compression_args)}
                handle = zstd.open(
                    handle,
                    mode=ioargs.mode,
                    **open_args,
                )
    
            # Unrecognized Compression
            else:
                msg = f"Unrecognized compression type: {compression}"
                raise ValueError(msg)
    
            assert not isinstance(handle, str)
            handles.append(handle)
    
        elif isinstance(handle, str):
            # Check whether the filename is to be opened in binary mode.
            # Binary mode does not support 'encoding' and 'newline'.
            if ioargs.encoding and "b" not in ioargs.mode:
                # Encoding
>               handle = open(
                    handle,
                    ioargs.mode,
                    encoding=ioargs.encoding,
                    errors=errors,
                    newline="",
                )
E               FileNotFoundError: [Errno 2] No such file or directory: '/data1/home/sunyiq/autoresearch64/runs/unified_autoresearch/dlopen_timezone_fix_validation_20260809_seq24/src/fair_benchmark/frozen/bundle/track0_statics.csv'

../../../.venv/lib/python3.11/site-packages/pandas/io/common.py:873: FileNotFoundError
_ test_frozen_sixty_four_basins_are_all_drawn_from_the_eligible_five_hundred_and_thirty_one _

    def test_frozen_sixty_four_basins_are_all_drawn_from_the_eligible_five_hundred_and_thirty_one():
>       eligible = {line.strip().zfill(8) for line in ELIGIBLE_BASIN_LIST.read_text(encoding="utf-8").splitlines() if line.strip()}
                                                      ^^^^^^^^^^^^^^^^^^^^^^^^^^^^^^^^^^^^^^^^^^^^^^^

../../../src/unified_autoresearch/tests/test_scaleup_64_selection.py:64: 
_ _ _ _ _ _ _ _ _ _ _ _ _ _ _ _ _ _ _ _ _ _ _ _ _ _ _ _ _ _ _ _ _ _ _ _ _ _ _ _ 
../../../../miniconda3/envs/nh_final/lib/python3.11/pathlib.py:1058: in read_text
    with self.open(mode='r', encoding=encoding, errors=errors) as f:
         ^^^^^^^^^^^^^^^^^^^^^^^^^^^^^^^^^^^^^^^^^^^^^^^^^^^^^
_ _ _ _ _ _ _ _ _ _ _ _ _ _ _ _ _ _ _ _ _ _ _ _ _ _ _ _ _ _ _ _ _ _ _ _ _ _ _ _ 

self = PosixPath('/data1/home/sunyiq/autoresearch64/runs/unified_autoresearch/dlopen_timezone_fix_validation_20260809_seq24/examples/06-Finetuning/531_basin_list.txt')
mode = 'r', buffering = -1, encoding = 'utf-8', errors = None, newline = None

    def open(self, mode='r', buffering=-1, encoding=None,
             errors=None, newline=None):
        """
        Open the file pointed by this path and return a file object, as
        the built-in open() function does.
        """
        if "b" not in mode:
            encoding = io.text_encoding(encoding)
>       return io.open(self, mode, buffering, encoding, errors, newline)
               ^^^^^^^^^^^^^^^^^^^^^^^^^^^^^^^^^^^^^^^^^^^^^^^^^^^^^^^^^
E       FileNotFoundError: [Errno 2] No such file or directory: '/data1/home/sunyiq/autoresearch64/runs/unified_autoresearch/dlopen_timezone_fix_validation_20260809_seq24/examples/06-Finetuning/531_basin_list.txt'

../../../../miniconda3/envs/nh_final/lib/python3.11/pathlib.py:1044: FileNotFoundError
_ test_refreezing_into_a_scratch_path_reproduces_the_committed_record_byte_for_byte _

tmp_path = PosixPath('/tmp/pytest-of-sunyiq/pytest-0/test_refreezing_into_a_scratch0')

    def test_refreezing_into_a_scratch_path_reproduces_the_committed_record_byte_for_byte(tmp_path):
        """Freeze into scratch, never into the source tree, so the committed record stays untouched."""
        scratch = tmp_path / "development_basins_64_v1.json"
    
>       freeze_selection(FROZEN_STATIC_TABLE, ELIGIBLE_BASIN_LIST, scratch, count=64)

../../../src/unified_autoresearch/tests/test_scaleup_64_selection.py:75: 
_ _ _ _ _ _ _ _ _ _ _ _ _ _ _ _ _ _ _ _ _ _ _ _ _ _ _ _ _ _ _ _ _ _ _ _ _ _ _ _ 
src/unified_autoresearch/selection/basins.py:134: in freeze_selection
    "static_sha256": _sha256(static_path),
                     ^^^^^^^^^^^^^^^^^^^^
src/unified_autoresearch/selection/basins.py:49: in _sha256
    with path.open("rb") as stream:
         ^^^^^^^^^^^^^^^
_ _ _ _ _ _ _ _ _ _ _ _ _ _ _ _ _ _ _ _ _ _ _ _ _ _ _ _ _ _ _ _ _ _ _ _ _ _ _ _ 

self = PosixPath('/data1/home/sunyiq/autoresearch64/runs/unified_autoresearch/dlopen_timezone_fix_validation_20260809_seq24/src/fair_benchmark/frozen/bundle/track0_statics.csv')
mode = 'rb', buffering = -1, encoding = None, errors = None, newline = None

    def open(self, mode='r', buffering=-1, encoding=None,
             errors=None, newline=None):
        """
        Open the file pointed by this path and return a file object, as
        the built-in open() function does.
        """
        if "b" not in mode:
            encoding = io.text_encoding(encoding)
>       return io.open(self, mode, buffering, encoding, errors, newline)
               ^^^^^^^^^^^^^^^^^^^^^^^^^^^^^^^^^^^^^^^^^^^^^^^^^^^^^^^^^
E       FileNotFoundError: [Errno 2] No such file or directory: '/data1/home/sunyiq/autoresearch64/runs/unified_autoresearch/dlopen_timezone_fix_validation_20260809_seq24/src/fair_benchmark/frozen/bundle/track0_statics.csv'

../../../../miniconda3/envs/nh_final/lib/python3.11/pathlib.py:1044: FileNotFoundError
=========================== short test summary info ============================
FAILED src/unified_autoresearch/tests/test_development_recovery.py::test_registered_recovery_matches_a_clean_deterministic_training_run
FAILED src/unified_autoresearch/tests/test_development_recovery.py::test_full_development_loop_produces_exactly_32_finite_registered_cells
FAILED src/unified_autoresearch/tests/test_development_recovery.py::test_full_development_loop_supervises_every_registered_run_when_declared
FAILED src/unified_autoresearch/tests/test_real_source_root.py::test_real_source_builder_emits_only_the_development_window_and_drops_sealed_dates
FAILED src/unified_autoresearch/tests/test_real_source_root.py::test_real_source_root_is_accepted_by_the_development_package_builder
FAILED src/unified_autoresearch/tests/test_real_source_root.py::test_real_source_builder_rejects_a_static_table_that_is_not_the_frozen_table
FAILED src/unified_autoresearch/tests/test_real_source_root.py::test_real_source_builder_rejects_a_missing_day_inside_the_development_window
FAILED src/unified_autoresearch/tests/test_real_source_root.py::test_real_source_builder_rejects_missing_discharge_inside_the_development_window
FAILED src/unified_autoresearch/tests/test_real_source_root.py::test_real_source_builder_converts_discharge_to_millimetres_per_day_with_header_area
FAILED src/unified_autoresearch/tests/test_real_source_root.py::test_real_source_builder_writes_the_twenty_seven_frozen_static_attributes
FAILED src/unified_autoresearch/tests/test_reference_candidates.py::test_each_reference_candidate_trains_and_predicts_through_registered_runtime[conceptual_rainfall_runoff]
FAILED src/unified_autoresearch/tests/test_reference_candidates.py::test_each_reference_candidate_trains_and_predicts_through_registered_runtime[custom_python]
FAILED src/unified_autoresearch/tests/test_reference_candidates.py::test_each_reference_candidate_trains_and_predicts_through_registered_runtime[deep_learning]
FAILED src/unified_autoresearch/tests/test_reference_candidates.py::test_each_reference_candidate_trains_and_predicts_through_registered_runtime[fusion]
FAILED src/unified_autoresearch/tests/test_restricted_runtime.py::test_candidate_cannot_redirect_path_checks_by_replacing_os_path_helpers
FAILED src/unified_autoresearch/tests/test_scaleup_64_data_base.py::test_source_builder_accepts_the_frozen_sixty_four_basin_selection
FAILED src/unified_autoresearch/tests/test_scaleup_64_data_base.py::test_package_builder_accepts_the_frozen_sixty_four_basin_selection
FAILED src/unified_autoresearch/tests/test_scaleup_64_data_base.py::test_builders_reject_a_reproducible_but_never_frozen_selection_size
FAILED src/unified_autoresearch/tests/test_scaleup_64_data_base.py::test_source_builder_still_rejects_a_static_table_that_is_not_the_declared_one
FAILED src/unified_autoresearch/tests/test_scaleup_64_selection.py::test_frozen_sixty_four_record_declares_the_two_frozen_selection_inputs
FAILED src/unified_autoresearch/tests/test_scaleup_64_selection.py::test_frozen_sixty_four_basins_recompute_exactly_from_the_declared_inputs
FAILED src/unified_autoresearch/tests/test_scaleup_64_selection.py::test_frozen_sixty_four_basins_are_all_drawn_from_the_eligible_five_hundred_and_thirty_one
FAILED src/unified_autoresearch/tests/test_scaleup_64_selection.py::test_refreezing_into_a_scratch_path_reproduces_the_committed_record_byte_for_byte
ERROR src/unified_autoresearch/tests/test_basin_eligibility.py::test_classification_declares_thresholds_and_covers_every_basin
ERROR src/unified_autoresearch/tests/test_basin_eligibility.py::test_classification_reports_both_protocols_for_every_basin
ERROR src/unified_autoresearch/tests/test_basin_eligibility.py::test_classification_is_written_once_and_refuses_to_overwrite
ERROR src/unified_autoresearch/tests/test_basin_eligibility.py::test_classification_is_deterministic_byte_for_byte
ERROR src/unified_autoresearch/tests/test_basin_eligibility.py::test_a_basin_that_is_dry_most_of_the_validation_window_is_unstable
ERROR src/unified_autoresearch/tests/test_basin_eligibility.py::test_a_basin_whose_score_hangs_on_one_day_is_unstable
ERROR src/unified_autoresearch/tests/test_basin_eligibility.py::test_a_basin_with_no_variance_is_unstable_rather_than_an_exception
ERROR src/unified_autoresearch/tests/test_basin_eligibility.py::test_classification_rejects_a_package_whose_manifest_digest_does_not_match
ERROR src/unified_autoresearch/tests/test_basin_eligibility.py::test_partitioning_a_candidate_summary_never_silently_drops_a_basin
ERROR src/unified_autoresearch/tests/test_basin_eligibility.py::test_partitioning_refuses_a_summary_that_does_not_cover_the_classified_basins
ERROR src/unified_autoresearch/tests/test_development_artifact_verification.py::test_verification_of_a_clean_build_passes_every_basin
ERROR src/unified_autoresearch/tests/test_development_artifact_verification.py::test_verification_reports_zero_sealed_interval_rows_in_every_artifact
ERROR src/unified_autoresearch/tests/test_development_artifact_verification.py::test_verification_confirms_the_unit_conversion_against_the_raw_archive_exactly
ERROR src/unified_autoresearch/tests/test_development_artifact_verification.py::test_verification_confirms_the_date_boundaries_and_complete_daily_record
ERROR src/unified_autoresearch/tests/test_development_artifact_verification.py::test_verification_confirms_no_observed_discharge_reaches_any_prediction_package
ERROR src/unified_autoresearch/tests/test_development_artifact_verification.py::test_verification_confirms_twenty_seven_static_attributes_per_basin
ERROR src/unified_autoresearch/tests/test_development_artifact_verification.py::test_verification_records_diagnostics_for_the_two_sensitive_basins
ERROR src/unified_autoresearch/tests/test_development_artifact_verification.py::test_verification_ranks_the_diagnostic_extremes_instead_of_trusting_a_fixed_watchlist
ERROR src/unified_autoresearch/tests/test_development_artifact_verification.py::test_verification_pins_every_artifact_file_by_hash
ERROR src/unified_autoresearch/tests/test_development_artifact_verification.py::test_verification_fails_when_a_sealed_interval_row_is_injected
ERROR src/unified_autoresearch/tests/test_development_artifact_verification.py::test_verification_fails_when_the_discharge_unit_conversion_is_wrong
ERROR src/unified_autoresearch/tests/test_development_artifact_verification.py::test_verification_fails_when_observed_discharge_leaks_into_a_prediction_package
ERROR src/unified_autoresearch/tests/test_development_artifact_verification.py::test_verification_fails_when_a_static_attribute_is_dropped
ERROR src/unified_autoresearch/tests/test_development_artifact_verification.py::test_verification_fails_when_a_development_day_is_removed
ERROR src/unified_autoresearch/tests/test_development_artifact_verification.py::test_verification_fails_when_an_artifact_no_longer_matches_its_manifest_hash
ERROR src/unified_autoresearch/tests/test_review_hardening_20260807.py::test_scoring_refuses_truth_that_covers_fewer_basins_than_the_manifest_declares
ERROR src/unified_autoresearch/tests/test_review_hardening_20260807.py::test_the_single_day_variance_threshold_is_pinned_from_both_sides[below]
ERROR src/unified_autoresearch/tests/test_review_hardening_20260807.py::test_the_single_day_variance_threshold_is_pinned_from_both_sides[above]
ERROR src/unified_autoresearch/tests/test_review_hardening_20260807.py::test_the_zero_flow_threshold_is_pinned_from_both_sides[below]
ERROR src/unified_autoresearch/tests/test_review_hardening_20260807.py::test_the_zero_flow_threshold_is_pinned_from_both_sides[above]
ERROR src/unified_autoresearch/tests/test_review_hardening_20260807.py::test_classification_refuses_a_package_whose_basin_set_was_never_frozen
ERROR src/unified_autoresearch/tests/test_scoring_sixty_four_basins.py::test_scoring_accepts_a_sixty_four_basin_package_and_reports_every_basin
ERROR src/unified_autoresearch/tests/test_scoring_sixty_four_basins.py::test_summarising_two_protocols_produces_one_cell_per_frozen_basin
ERROR src/unified_autoresearch/tests/test_scoring_sixty_four_basins.py::test_scoring_refuses_a_package_whose_basin_list_is_not_a_frozen_set
ERROR src/unified_autoresearch/tests/test_scoring_sixty_four_basins.py::test_summary_partitions_cleanly_against_the_basin_eligibility_record
ERROR src/unified_autoresearch/tests/test_single_candidate_development.py::test_a_single_reference_candidate_produces_one_cell_per_frozen_basin
ERROR src/unified_autoresearch/tests/test_single_candidate_development.py::test_the_declared_candidate_identity_is_carried_into_every_cell
ERROR src/unified_autoresearch/tests/test_single_candidate_development.py::test_the_runner_refuses_to_overwrite_an_existing_output_root
23 failed, 209 passed, 8 skipped, 38 errors in 70.37s (0:01:10)
{"candidate_launch_allowed": false, "errors": 38, "failures": 23, "passed": 209, "process_exit_code": 1, "schema_version": "unified_autoresearch_linux_test_gate_v1", "skipped": 8, "tests": 278}
